day,timestamp,product,bid_price_1,bid_volume_1,bid_price_2,bid_volume_2,bid_price_3,bid_volume_3,ask_price_1,ask_volume_1,ask_price_2,ask_volume_2,ask_price_3,ask_volume_3,mid_price,profit_and_loss
0,0,JAMS,6631.0,210.0,0.0,0.0,0.0,0.0,6633,210,0.0,0.0,0.0,0.0,6632.0,0.0
0,100,JAMS,6631.0,95.0,6630.0,170.0,0.0,0.0,6632,95,6633.0,170.0,0.0,0.0,6631.5,0.0
0,200,JAMS,6631.0,282.0,0.0,0.0,0.0,0.0,6633,282,0.0,0.0,0.0,0.0,6632.0,0.0
0,300,JAMS,6631.0,218.0,0.0,0.0,0.0,0.0,6633,218,0.0,0.0,0.0,0.0,6632.0,0.0
0,400,JAMS,6631.0,269.0,0.0,0.0,0.0,0.0,6633,269,0.0,0.0,0.0,0.0,6632.0,0.0
0,500,JAMS,6631.0,163.0,0.0,0.0,0.0,0.0,6633,163,0.0,0.0,0.0,0.0,6632.0,0.0
0,600,JAMS,6632.0,69.0,6631.0,163.0,0.0,0.0,6633,69,6634.0,163.0,0.0,0.0,6632.5,0.0
0,700,JAMS,6631.0,260.0,0.0,0.0,0.0,0.0,6633,260,0.0,0.0,0.0,0.0,6632.0,0.0
0,800,JAMS,6631.0,195.0,0.0,0.0,0.0,0.0,6633,195,0.0,0.0,0.0,0.0,6632.0,0.0
0,900,JAMS,6631.0,168.0,0.0,0.0,0.0,0.0,6633,168,0.0,0.0,0.0,0.0,6632.0,0.0
0,1000,JAMS,6631.0,242.0,0.0,0.0,0.0,0.0,6632,67,6633.0,175.0,0.0,0.0,6631.5,0.0
0,1100,JAMS,6631.0,99.0,6630.0,116.0,0.0,0.0,6632,99,6633.0,116.0,0.0,0.0,6631.5,0.0
0,1200,JAMS,6631.0,73.0,6630.0,185.0,0.0,0.0,6632,73,6633.0,185.0,0.0,0.0,6631.5,0.0
0,1300,JAMS,6631.0,63.0,6630.0,114.0,0.0,0.0,6632,63,6633.0,114.0,0.0,0.0,6631.5,0.0
0,1400,JAMS,6631.0,99.0,6630.0,128.0,0.0,0.0,6632,99,6633.0,128.0,0.0,0.0,6631.5,0.0
0,1500,JAMS,6631.0,90.0,6630.0,105.0,0.0,0.0,6632,90,6633.0,105.0,0.0,0.0,6631.5,0.0
0,1600,JAMS,6631.0,89.0,6630.0,199.0,0.0,0.0,6632,89,6633.0,199.0,0.0,0.0,6631.5,0.0
0,1700,JAMS,6631.0,59.0,6630.0,137.0,0.0,0.0,6632,59,6633.0,137.0,0.0,0.0,6631.5,0.0
0,1800,JAMS,6631.0,78.0,6630.0,172.0,0.0,0.0,6632,78,6633.0,172.0,0.0,0.0,6631.5,0.0
0,1900,JAMS,6631.0,199.0,0.0,0.0,0.0,0.0,6633,199,0.0,0.0,0.0,0.0,6632.0,0.0
0,2000,JAMS,6631.0,172.0,0.0,0.0,0.0,0.0,6633,172,0.0,0.0,0.0,0.0,6632.0,0.0
0,2100,JAMS,6631.0,279.0,0.0,0.0,0.0,0.0,6633,279,0.0,0.0,0.0,0.0,6632.0,0.0
0,2200,JAMS,6631.0,192.0,0.0,0.0,0.0,0.0,6633,192,0.0,0.0,0.0,0.0,6632.0,0.0
0,2300,JAMS,6631.0,251.0,0.0,0.0,0.0,0.0,6633,251,0.0,0.0,0.0,0.0,6632.0,0.0
0,2400,JAMS,6631.0,221.0,0.0,0.0,0.0,0.0,6633,221,0.0,0.0,0.0,0.0,6632.0,0.0
0,2500,JAMS,6631.0,189.0,0.0,0.0,0.0,0.0,6633,189,0.0,0.0,0.0,0.0,6632.0,0.0
0,2600,JAMS,6632.0,67.0,6631.0,172.0,0.0,0.0,6633,67,6634.0,172.0,0.0,0.0,6632.5,0.0
0,2700,JAMS,6632.0,83.0,6631.0,187.0,0.0,0.0,6633,83,6634.0,187.0,0.0,0.0,6632.5,0.0
0,2800,JAMS,6632.0,86.0,6631.0,140.0,0.0,0.0,6633,86,6634.0,140.0,0.0,0.0,6632.5,0.0
0,2900,JAMS,6632.0,57.0,6631.0,137.0,0.0,0.0,6633,57,6634.0,137.0,0.0,0.0,6632.5,0.0
0,3000,JAMS,6632.0,59.0,6631.0,134.0,0.0,0.0,6633,59,6634.0,134.0,0.0,0.0,6632.5,0.0
0,3100,JAMS,6632.0,81.0,6631.0,141.0,0.0,0.0,6633,81,6634.0,141.0,0.0,0.0,6632.5,0.0
0,3200,JAMS,6632.0,78.0,6631.0,158.0,0.0,0.0,6633,78,6634.0,158.0,0.0,0.0,6632.5,0.0
0,3300,JAMS,6632.0,74.0,6631.0,175.0,0.0,0.0,6633,74,6634.0,175.0,0.0,0.0,6632.5,0.0
0,3400,JAMS,6632.0,83.0,6631.0,195.0,0.0,0.0,6633,83,6634.0,195.0,0.0,0.0,6632.5,0.0
0,3500,JAMS,6632.0,169.0,0.0,0.0,0.0,0.0,6634,176,0.0,0.0,0.0,0.0,6633.0,0.0
0,3600,JAMS,6632.0,102.0,6631.0,136.0,0.0,0.0,6633,94,6634.0,136.0,0.0,0.0,6632.5,0.0
0,3700,JAMS,6632.0,180.0,0.0,0.0,0.0,0.0,6634,180,0.0,0.0,0.0,0.0,6633.0,0.0
0,3800,JAMS,6632.0,168.0,0.0,0.0,0.0,0.0,6634,168,0.0,0.0,0.0,0.0,6633.0,0.0
0,3900,JAMS,6633.0,95.0,6632.0,120.0,0.0,0.0,6634,95,6635.0,120.0,0.0,0.0,6633.5,0.0
0,4000,JAMS,6633.0,78.0,6632.0,160.0,0.0,0.0,6634,78,6635.0,160.0,0.0,0.0,6633.5,0.0
0,4100,JAMS,6633.0,223.0,0.0,0.0,0.0,0.0,6635,223,0.0,0.0,0.0,0.0,6634.0,0.0
0,4200,JAMS,6633.0,200.0,0.0,0.0,0.0,0.0,6635,200,0.0,0.0,0.0,0.0,6634.0,0.0
0,4300,JAMS,6633.0,170.0,0.0,0.0,0.0,0.0,6635,170,0.0,0.0,0.0,0.0,6634.0,0.0
0,4400,JAMS,6633.0,257.0,0.0,0.0,0.0,0.0,6635,257,0.0,0.0,0.0,0.0,6634.0,0.0
0,4500,JAMS,6634.0,61.0,6633.0,113.0,0.0,0.0,6635,61,6636.0,113.0,0.0,0.0,6634.5,0.0
0,4600,JAMS,6634.0,77.0,6633.0,157.0,0.0,0.0,6635,77,6636.0,157.0,0.0,0.0,6634.5,0.0
0,4700,JAMS,6634.0,83.0,6633.0,187.0,0.0,0.0,6635,83,6636.0,187.0,0.0,0.0,6634.5,0.0
0,4800,JAMS,6634.0,12.0,6633.0,252.0,0.0,0.0,6635,252,0.0,0.0,0.0,0.0,6634.5,0.0
0,4900,JAMS,6633.0,192.0,0.0,0.0,0.0,0.0,6635,192,0.0,0.0,0.0,0.0,6634.0,0.0
0,5000,JAMS,6633.0,264.0,0.0,0.0,0.0,0.0,6635,264,0.0,0.0,0.0,0.0,6634.0,0.0
0,5100,JAMS,6633.0,203.0,0.0,0.0,0.0,0.0,6635,203,0.0,0.0,0.0,0.0,6634.0,0.0
0,5200,JAMS,6633.0,276.0,0.0,0.0,0.0,0.0,6635,276,0.0,0.0,0.0,0.0,6634.0,0.0
0,5300,JAMS,6634.0,6.0,6633.0,244.0,0.0,0.0,6635,244,0.0,0.0,0.0,0.0,6634.5,0.0
0,5400,JAMS,6633.0,207.0,0.0,0.0,0.0,0.0,6635,207,0.0,0.0,0.0,0.0,6634.0,0.0
0,5500,JAMS,6633.0,265.0,0.0,0.0,0.0,0.0,6635,265,0.0,0.0,0.0,0.0,6634.0,0.0
0,5600,JAMS,6633.0,268.0,0.0,0.0,0.0,0.0,6634,8,6635.0,268.0,0.0,0.0,6633.5,0.0
0,5700,JAMS,6633.0,230.0,0.0,0.0,0.0,0.0,6635,230,0.0,0.0,0.0,0.0,6634.0,0.0
0,5800,JAMS,6633.0,196.0,0.0,0.0,0.0,0.0,6635,196,0.0,0.0,0.0,0.0,6634.0,0.0
0,5900,JAMS,6633.0,267.0,0.0,0.0,0.0,0.0,6635,267,0.0,0.0,0.0,0.0,6634.0,0.0
0,6000,JAMS,6633.0,215.0,0.0,0.0,0.0,0.0,6635,215,0.0,0.0,0.0,0.0,6634.0,0.0
0,6100,JAMS,6633.0,229.0,0.0,0.0,0.0,0.0,6635,229,0.0,0.0,0.0,0.0,6634.0,0.0
0,6200,JAMS,6633.0,277.0,0.0,0.0,0.0,0.0,6635,277,0.0,0.0,0.0,0.0,6634.0,0.0
0,6300,JAMS,6633.0,211.0,0.0,0.0,0.0,0.0,6635,211,0.0,0.0,0.0,0.0,6634.0,0.0
0,6400,JAMS,6633.0,261.0,0.0,0.0,0.0,0.0,6635,256,0.0,0.0,0.0,0.0,6634.0,0.0
0,6500,JAMS,6633.0,232.0,0.0,0.0,0.0,0.0,6635,232,0.0,0.0,0.0,0.0,6634.0,0.0
0,6600,JAMS,6633.0,162.0,0.0,0.0,0.0,0.0,6635,162,0.0,0.0,0.0,0.0,6634.0,0.0
0,6700,JAMS,6633.0,156.0,0.0,0.0,0.0,0.0,6635,156,0.0,0.0,0.0,0.0,6634.0,0.0
0,6800,JAMS,6633.0,94.0,6632.0,196.0,0.0,0.0,6634,94,6635.0,196.0,0.0,0.0,6633.5,0.0
0,6900,JAMS,6633.0,76.0,6632.0,136.0,0.0,0.0,6634,76,6635.0,136.0,0.0,0.0,6633.5,0.0
0,7000,JAMS,6633.0,82.0,6632.0,163.0,0.0,0.0,6634,82,6635.0,163.0,0.0,0.0,6633.5,0.0
0,7100,JAMS,6632.0,187.0,0.0,0.0,0.0,0.0,6634,187,0.0,0.0,0.0,0.0,6633.0,0.0
0,7200,JAMS,6632.0,234.0,0.0,0.0,0.0,0.0,6634,234,0.0,0.0,0.0,0.0,6633.0,0.0
0,7300,JAMS,6632.0,242.0,0.0,0.0,0.0,0.0,6634,242,0.0,0.0,0.0,0.0,6633.0,0.0
0,7400,JAMS,6632.0,82.0,6631.0,189.0,0.0,0.0,6633,82,6634.0,189.0,0.0,0.0,6632.5,0.0
0,7500,JAMS,6632.0,81.0,6631.0,195.0,0.0,0.0,6633,81,6634.0,195.0,0.0,0.0,6632.5,0.0
0,7600,JAMS,6632.0,92.0,6631.0,115.0,0.0,0.0,6633,92,6634.0,115.0,0.0,0.0,6632.5,0.0
0,7700,JAMS,6632.0,277.0,0.0,0.0,0.0,0.0,6634,266,0.0,0.0,0.0,0.0,6633.0,0.0
0,7800,JAMS,6632.0,185.0,0.0,0.0,0.0,0.0,6634,185,0.0,0.0,0.0,0.0,6633.0,0.0
0,7900,JAMS,6632.0,284.0,0.0,0.0,0.0,0.0,6634,276,0.0,0.0,0.0,0.0,6633.0,0.0
0,8000,JAMS,6632.0,216.0,0.0,0.0,0.0,0.0,6634,216,0.0,0.0,0.0,0.0,6633.0,0.0
0,8100,JAMS,6633.0,64.0,6632.0,113.0,0.0,0.0,6634,177,0.0,0.0,0.0,0.0,6633.5,0.0
0,8200,JAMS,6632.0,177.0,0.0,0.0,0.0,0.0,6634,177,0.0,0.0,0.0,0.0,6633.0,0.0
0,8300,JAMS,6632.0,174.0,0.0,0.0,0.0,0.0,6634,174,0.0,0.0,0.0,0.0,6633.0,0.0
0,8400,JAMS,6632.0,224.0,0.0,0.0,0.0,0.0,6634,224,0.0,0.0,0.0,0.0,6633.0,0.0
0,8500,JAMS,6633.0,66.0,6632.0,151.0,0.0,0.0,6634,66,6635.0,151.0,0.0,0.0,6633.5,0.0
0,8600,JAMS,6632.0,266.0,0.0,0.0,0.0,0.0,6634,266,0.0,0.0,0.0,0.0,6633.0,0.0
0,8700,JAMS,6632.0,55.0,6631.0,148.0,0.0,0.0,6633,55,6634.0,148.0,0.0,0.0,6632.5,0.0
0,8800,JAMS,6631.0,274.0,0.0,0.0,0.0,0.0,6633,274,0.0,0.0,0.0,0.0,6632.0,0.0
0,8900,JAMS,6631.0,226.0,0.0,0.0,0.0,0.0,6633,226,0.0,0.0,0.0,0.0,6632.0,0.0
0,9000,JAMS,6631.0,174.0,0.0,0.0,0.0,0.0,6633,174,0.0,0.0,0.0,0.0,6632.0,0.0
0,9100,JAMS,6631.0,91.0,6630.0,151.0,0.0,0.0,6632,91,6633.0,151.0,0.0,0.0,6631.5,0.0
0,9200,JAMS,6631.0,89.0,6630.0,150.0,0.0,0.0,6632,89,6633.0,150.0,0.0,0.0,6631.5,0.0
0,9300,JAMS,6631.0,69.0,6630.0,126.0,0.0,0.0,6632,69,6633.0,126.0,0.0,0.0,6631.5,0.0
0,9400,JAMS,6631.0,93.0,6630.0,133.0,0.0,0.0,6632,93,6633.0,133.0,0.0,0.0,6631.5,0.0
0,9500,JAMS,6631.0,80.0,6630.0,187.0,0.0,0.0,6632,80,6633.0,187.0,0.0,0.0,6631.5,0.0
0,9600,JAMS,6631.0,85.0,6630.0,114.0,0.0,0.0,6632,85,6633.0,114.0,0.0,0.0,6631.5,0.0
0,9700,JAMS,6631.0,234.0,0.0,0.0,0.0,0.0,6633,234,0.0,0.0,0.0,0.0,6632.0,0.0
0,9800,JAMS,6631.0,232.0,0.0,0.0,0.0,0.0,6633,232,0.0,0.0,0.0,0.0,6632.0,0.0
0,9900,JAMS,6631.0,221.0,0.0,0.0,0.0,0.0,6633,221,0.0,0.0,0.0,0.0,6632.0,0.0
0,10000,JAMS,6631.0,209.0,0.0,0.0,0.0,0.0,6633,209,0.0,0.0,0.0,0.0,6632.0,0.0
0,10100,JAMS,6631.0,277.0,0.0,0.0,0.0,0.0,6633,277,0.0,0.0,0.0,0.0,6632.0,0.0
0,10200,JAMS,6631.0,52.0,6630.0,155.0,0.0,0.0,6632,52,6633.0,155.0,0.0,0.0,6631.5,0.0
0,10300,JAMS,6631.0,202.0,0.0,0.0,0.0,0.0,6633,202,0.0,0.0,0.0,0.0,6632.0,0.0
0,10400,JAMS,6631.0,254.0,0.0,0.0,0.0,0.0,6633,254,0.0,0.0,0.0,0.0,6632.0,0.0
0,10500,JAMS,6631.0,198.0,0.0,0.0,0.0,0.0,6633,198,0.0,0.0,0.0,0.0,6632.0,0.0
0,10600,JAMS,6631.0,249.0,0.0,0.0,0.0,0.0,6633,249,0.0,0.0,0.0,0.0,6632.0,0.0
0,10700,JAMS,6631.0,227.0,0.0,0.0,0.0,0.0,6633,227,0.0,0.0,0.0,0.0,6632.0,0.0
0,10800,JAMS,6631.0,248.0,0.0,0.0,0.0,0.0,6633,248,0.0,0.0,0.0,0.0,6632.0,0.0
0,10900,JAMS,6631.0,269.0,0.0,0.0,0.0,0.0,6633,269,0.0,0.0,0.0,0.0,6632.0,0.0
0,11000,JAMS,6631.0,216.0,0.0,0.0,0.0,0.0,6633,216,0.0,0.0,0.0,0.0,6632.0,0.0
0,11100,JAMS,6632.0,81.0,6631.0,189.0,0.0,0.0,6633,81,6634.0,189.0,0.0,0.0,6632.5,0.0
0,11200,JAMS,6632.0,89.0,6631.0,151.0,0.0,0.0,6633,81,6634.0,151.0,0.0,0.0,6632.5,0.0
0,11300,JAMS,6632.0,254.0,0.0,0.0,0.0,0.0,6634,254,0.0,0.0,0.0,0.0,6633.0,0.0
0,11400,JAMS,6632.0,216.0,0.0,0.0,0.0,0.0,6634,216,0.0,0.0,0.0,0.0,6633.0,0.0
0,11500,JAMS,6632.0,267.0,0.0,0.0,0.0,0.0,6634,267,0.0,0.0,0.0,0.0,6633.0,0.0
0,11600,JAMS,6632.0,229.0,0.0,0.0,0.0,0.0,6634,229,0.0,0.0,0.0,0.0,6633.0,0.0
0,11700,JAMS,6633.0,91.0,6632.0,163.0,0.0,0.0,6634,91,6635.0,163.0,0.0,0.0,6633.5,0.0
0,11800,JAMS,6632.0,216.0,0.0,0.0,0.0,0.0,6634,216,0.0,0.0,0.0,0.0,6633.0,0.0
0,11900,JAMS,6632.0,77.0,6631.0,129.0,0.0,0.0,6633,77,6634.0,129.0,0.0,0.0,6632.5,0.0
0,12000,JAMS,6632.0,58.0,6631.0,195.0,0.0,0.0,6633,58,6634.0,195.0,0.0,0.0,6632.5,0.0
0,12100,JAMS,6632.0,51.0,6631.0,144.0,0.0,0.0,6633,51,6634.0,144.0,0.0,0.0,6632.5,0.0
0,12200,JAMS,6632.0,69.0,6631.0,149.0,0.0,0.0,6633,74,6634.0,149.0,0.0,0.0,6632.5,0.0
0,12300,JAMS,6632.0,255.0,0.0,0.0,0.0,0.0,6634,255,0.0,0.0,0.0,0.0,6633.0,0.0
0,12400,JAMS,6632.0,236.0,0.0,0.0,0.0,0.0,6633,9,6634.0,236.0,0.0,0.0,6632.5,0.0
0,12500,JAMS,6632.0,251.0,0.0,0.0,0.0,0.0,6634,251,0.0,0.0,0.0,0.0,6633.0,0.0
0,12600,JAMS,6632.0,219.0,0.0,0.0,0.0,0.0,6634,219,0.0,0.0,0.0,0.0,6633.0,0.0
0,12700,JAMS,6632.0,230.0,0.0,0.0,0.0,0.0,6634,230,0.0,0.0,0.0,0.0,6633.0,0.0
0,12800,JAMS,6632.0,100.0,6631.0,108.0,0.0,0.0,6633,100,6634.0,108.0,0.0,0.0,6632.5,0.0
0,12900,JAMS,6632.0,83.0,6631.0,186.0,0.0,0.0,6633,83,6634.0,186.0,0.0,0.0,6632.5,0.0
0,13000,JAMS,6631.0,237.0,0.0,0.0,0.0,0.0,6633,237,0.0,0.0,0.0,0.0,6632.0,0.0
0,13100,JAMS,6631.0,197.0,0.0,0.0,0.0,0.0,6633,197,0.0,0.0,0.0,0.0,6632.0,0.0
0,13200,JAMS,6631.0,207.0,0.0,0.0,0.0,0.0,6633,207,0.0,0.0,0.0,0.0,6632.0,0.0
0,13300,JAMS,6631.0,184.0,0.0,0.0,0.0,0.0,6633,181,0.0,0.0,0.0,0.0,6632.0,0.0
0,13400,JAMS,6631.0,239.0,0.0,0.0,0.0,0.0,6633,239,0.0,0.0,0.0,0.0,6632.0,0.0
0,13500,JAMS,6632.0,53.0,6631.0,136.0,0.0,0.0,6633,53,6634.0,136.0,0.0,0.0,6632.5,0.0
0,13600,JAMS,6632.0,66.0,6631.0,181.0,0.0,0.0,6633,66,6634.0,181.0,0.0,0.0,6632.5,0.0
0,13700,JAMS,6632.0,83.0,6631.0,195.0,0.0,0.0,6633,83,6634.0,195.0,0.0,0.0,6632.5,0.0
0,13800,JAMS,6632.0,255.0,0.0,0.0,0.0,0.0,6634,255,0.0,0.0,0.0,0.0,6633.0,0.0
0,13900,JAMS,6632.0,248.0,0.0,0.0,0.0,0.0,6634,236,0.0,0.0,0.0,0.0,6633.0,0.0
0,14000,JAMS,6632.0,80.0,6631.0,180.0,0.0,0.0,6633,80,6634.0,180.0,0.0,0.0,6632.5,0.0
0,14100,JAMS,6632.0,99.0,6631.0,185.0,0.0,0.0,6633,99,6634.0,185.0,0.0,0.0,6632.5,0.0
0,14200,JAMS,6632.0,73.0,6631.0,189.0,0.0,0.0,6633,73,6634.0,189.0,0.0,0.0,6632.5,0.0
0,14300,JAMS,6631.0,259.0,0.0,0.0,0.0,0.0,6633,259,0.0,0.0,0.0,0.0,6632.0,0.0
0,14400,JAMS,6631.0,205.0,0.0,0.0,0.0,0.0,6633,205,0.0,0.0,0.0,0.0,6632.0,0.0
0,14500,JAMS,6631.0,69.0,6630.0,197.0,0.0,0.0,6632,69,6633.0,197.0,0.0,0.0,6631.5,0.0
0,14600,JAMS,6631.0,188.0,0.0,0.0,0.0,0.0,6633,188,0.0,0.0,0.0,0.0,6632.0,0.0
0,14700,JAMS,6631.0,204.0,0.0,0.0,0.0,0.0,6632,88,6633.0,116.0,0.0,0.0,6631.5,0.0
0,14800,JAMS,6631.0,196.0,0.0,0.0,0.0,0.0,6633,196,0.0,0.0,0.0,0.0,6632.0,0.0
0,14900,JAMS,6631.0,202.0,0.0,0.0,0.0,0.0,6633,202,0.0,0.0,0.0,0.0,6632.0,0.0
0,15000,JAMS,6631.0,165.0,0.0,0.0,0.0,0.0,6633,170,0.0,0.0,0.0,0.0,6632.0,0.0
0,15100,JAMS,6631.0,187.0,0.0,0.0,0.0,0.0,6633,187,0.0,0.0,0.0,0.0,6632.0,0.0
0,15200,JAMS,6631.0,224.0,0.0,0.0,0.0,0.0,6633,224,0.0,0.0,0.0,0.0,6632.0,0.0
0,15300,JAMS,6631.0,234.0,0.0,0.0,0.0,0.0,6633,244,0.0,0.0,0.0,0.0,6632.0,0.0
0,15400,JAMS,6631.0,249.0,0.0,0.0,0.0,0.0,6633,249,0.0,0.0,0.0,0.0,6632.0,0.0
0,15500,JAMS,6631.0,54.0,6630.0,146.0,0.0,0.0,6632,54,6633.0,146.0,0.0,0.0,6631.5,0.0
0,15600,JAMS,6630.0,264.0,0.0,0.0,0.0,0.0,6632,264,0.0,0.0,0.0,0.0,6631.0,0.0
0,15700,JAMS,6631.0,67.0,6630.0,170.0,0.0,0.0,6632,67,6633.0,170.0,0.0,0.0,6631.5,0.0
0,15800,JAMS,6631.0,49.0,6630.0,112.0,0.0,0.0,6632,54,6633.0,112.0,0.0,0.0,6631.5,0.0
0,15900,JAMS,6631.0,60.0,6630.0,112.0,0.0,0.0,6632,60,6633.0,112.0,0.0,0.0,6631.5,0.0
0,16000,JAMS,6631.0,87.0,6630.0,147.0,0.0,0.0,6632,87,6633.0,147.0,0.0,0.0,6631.5,0.0
0,16100,JAMS,6631.0,219.0,0.0,0.0,0.0,0.0,6633,219,0.0,0.0,0.0,0.0,6632.0,0.0
0,16200,JAMS,6631.0,235.0,0.0,0.0,0.0,0.0,6633,235,0.0,0.0,0.0,0.0,6632.0,0.0
0,16300,JAMS,6631.0,288.0,0.0,0.0,0.0,0.0,6633,288,0.0,0.0,0.0,0.0,6632.0,0.0
0,16400,JAMS,6632.0,68.0,6631.0,142.0,0.0,0.0,6633,68,6634.0,142.0,0.0,0.0,6632.5,0.0
0,16500,JAMS,6632.0,63.0,6631.0,192.0,0.0,0.0,6633,63,6634.0,192.0,0.0,0.0,6632.5,0.0
0,16600,JAMS,6632.0,75.0,6631.0,181.0,0.0,0.0,6633,75,6634.0,181.0,0.0,0.0,6632.5,0.0
0,16700,JAMS,6632.0,100.0,6631.0,150.0,0.0,0.0,6633,100,6634.0,150.0,0.0,0.0,6632.5,0.0
0,16800,JAMS,6632.0,66.0,6631.0,103.0,0.0,0.0,6633,66,6634.0,103.0,0.0,0.0,6632.5,0.0
0,16900,JAMS,6632.0,265.0,0.0,0.0,0.0,0.0,6633,77,6634.0,188.0,0.0,0.0,6632.5,0.0
0,17000,JAMS,6632.0,206.0,0.0,0.0,0.0,0.0,6633,56,6634.0,150.0,0.0,0.0,6632.5,0.0
0,17100,JAMS,6632.0,204.0,0.0,0.0,0.0,0.0,6634,204,0.0,0.0,0.0,0.0,6633.0,0.0
0,17200,JAMS,6632.0,235.0,0.0,0.0,0.0,0.0,6634,235,0.0,0.0,0.0,0.0,6633.0,0.0
0,17300,JAMS,6633.0,62.0,6632.0,197.0,0.0,0.0,6634,62,6635.0,197.0,0.0,0.0,6633.5,0.0
0,17400,JAMS,6633.0,87.0,6632.0,121.0,0.0,0.0,6634,87,6635.0,121.0,0.0,0.0,6633.5,0.0
0,17500,JAMS,6633.0,161.0,0.0,0.0,0.0,0.0,6635,167,0.0,0.0,0.0,0.0,6634.0,0.0
0,17600,JAMS,6633.0,265.0,0.0,0.0,0.0,0.0,6635,265,0.0,0.0,0.0,0.0,6634.0,0.0
0,17700,JAMS,6633.0,281.0,0.0,0.0,0.0,0.0,6635,281,0.0,0.0,0.0,0.0,6634.0,0.0
0,17800,JAMS,6633.0,180.0,0.0,0.0,0.0,0.0,6635,180,0.0,0.0,0.0,0.0,6634.0,0.0
0,17900,JAMS,6633.0,53.0,6632.0,104.0,0.0,0.0,6634,53,6635.0,104.0,0.0,0.0,6633.5,0.0
0,18000,JAMS,6633.0,100.0,6632.0,115.0,0.0,0.0,6634,100,6635.0,115.0,0.0,0.0,6633.5,0.0
0,18100,JAMS,6633.0,237.0,0.0,0.0,0.0,0.0,6635,225,0.0,0.0,0.0,0.0,6634.0,0.0
0,18200,JAMS,6633.0,159.0,0.0,0.0,0.0,0.0,6635,159,0.0,0.0,0.0,0.0,6634.0,0.0
0,18300,JAMS,6633.0,243.0,0.0,0.0,0.0,0.0,6635,236,0.0,0.0,0.0,0.0,6634.0,0.0
0,18400,JAMS,6633.0,245.0,0.0,0.0,0.0,0.0,6635,245,0.0,0.0,0.0,0.0,6634.0,0.0
0,18500,JAMS,6633.0,195.0,0.0,0.0,0.0,0.0,6635,195,0.0,0.0,0.0,0.0,6634.0,0.0
0,18600,JAMS,6633.0,216.0,0.0,0.0,0.0,0.0,6635,216,0.0,0.0,0.0,0.0,6634.0,0.0
0,18700,JAMS,6633.0,259.0,0.0,0.0,0.0,0.0,6635,259,0.0,0.0,0.0,0.0,6634.0,0.0
0,18800,JAMS,6633.0,232.0,0.0,0.0,0.0,0.0,6635,232,0.0,0.0,0.0,0.0,6634.0,0.0
0,18900,JAMS,6633.0,178.0,0.0,0.0,0.0,0.0,6635,178,0.0,0.0,0.0,0.0,6634.0,0.0
0,19000,JAMS,6633.0,204.0,0.0,0.0,0.0,0.0,6635,204,0.0,0.0,0.0,0.0,6634.0,0.0
0,19100,JAMS,6633.0,267.0,0.0,0.0,0.0,0.0,6635,267,0.0,0.0,0.0,0.0,6634.0,0.0
0,19200,JAMS,6633.0,206.0,0.0,0.0,0.0,0.0,6635,206,0.0,0.0,0.0,0.0,6634.0,0.0
0,19300,JAMS,6633.0,214.0,0.0,0.0,0.0,0.0,6635,214,0.0,0.0,0.0,0.0,6634.0,0.0
0,19400,JAMS,6633.0,201.0,0.0,0.0,0.0,0.0,6635,201,0.0,0.0,0.0,0.0,6634.0,0.0
0,19500,JAMS,6633.0,63.0,6632.0,188.0,0.0,0.0,6634,63,6635.0,188.0,0.0,0.0,6633.5,0.0
0,19600,JAMS,6633.0,228.0,0.0,0.0,0.0,0.0,6635,228,0.0,0.0,0.0,0.0,6634.0,0.0
0,19700,JAMS,6633.0,99.0,6632.0,191.0,0.0,0.0,6634,99,6635.0,191.0,0.0,0.0,6633.5,0.0
0,19800,JAMS,6633.0,69.0,6632.0,160.0,0.0,0.0,6634,69,6635.0,160.0,0.0,0.0,6633.5,0.0
0,19900,JAMS,6633.0,12.0,6632.0,256.0,0.0,0.0,6634,256,0.0,0.0,0.0,0.0,6633.5,0.0
0,20000,JAMS,6632.0,211.0,0.0,0.0,0.0,0.0,6634,211,0.0,0.0,0.0,0.0,6633.0,0.0
0,20100,JAMS,6633.0,61.0,6632.0,191.0,0.0,0.0,6634,61,6635.0,191.0,0.0,0.0,6633.5,0.0
0,20200,JAMS,6633.0,58.0,6632.0,161.0,0.0,0.0,6634,58,6635.0,161.0,0.0,0.0,6633.5,0.0
0,20300,JAMS,6633.0,79.0,6632.0,101.0,0.0,0.0,6634,79,6635.0,101.0,0.0,0.0,6633.5,0.0
0,20400,JAMS,6633.0,285.0,0.0,0.0,0.0,0.0,6635,285,0.0,0.0,0.0,0.0,6634.0,0.0
0,20500,JAMS,6633.0,234.0,0.0,0.0,0.0,0.0,6635,234,0.0,0.0,0.0,0.0,6634.0,0.0
0,20600,JAMS,6633.0,190.0,0.0,0.0,0.0,0.0,6635,190,0.0,0.0,0.0,0.0,6634.0,0.0
0,20700,JAMS,6633.0,192.0,0.0,0.0,0.0,0.0,6635,192,0.0,0.0,0.0,0.0,6634.0,0.0
0,20800,JAMS,6633.0,81.0,6632.0,147.0,0.0,0.0,6634,81,6635.0,147.0,0.0,0.0,6633.5,0.0
0,20900,JAMS,6633.0,65.0,6632.0,146.0,0.0,0.0,6634,65,6635.0,146.0,0.0,0.0,6633.5,0.0
0,21000,JAMS,6633.0,81.0,6632.0,133.0,0.0,0.0,6634,81,6635.0,133.0,0.0,0.0,6633.5,0.0
0,21100,JAMS,6633.0,68.0,6632.0,106.0,0.0,0.0,6634,68,6635.0,106.0,0.0,0.0,6633.5,0.0
0,21200,JAMS,6633.0,87.0,6632.0,146.0,0.0,0.0,6634,233,0.0,0.0,0.0,0.0,6633.5,0.0
0,21300,JAMS,6633.0,64.0,6632.0,123.0,0.0,0.0,6634,64,6635.0,123.0,0.0,0.0,6633.5,0.0
0,21400,JAMS,6632.0,203.0,0.0,0.0,0.0,0.0,6634,203,0.0,0.0,0.0,0.0,6633.0,0.0
0,21500,JAMS,6633.0,168.0,0.0,0.0,0.0,0.0,6635,168,0.0,0.0,0.0,0.0,6634.0,0.0
0,21600,JAMS,6633.0,287.0,0.0,0.0,0.0,0.0,6635,287,0.0,0.0,0.0,0.0,6634.0,0.0
0,21700,JAMS,6633.0,249.0,0.0,0.0,0.0,0.0,6635,249,0.0,0.0,0.0,0.0,6634.0,0.0
0,21800,JAMS,6633.0,170.0,0.0,0.0,0.0,0.0,6635,170,0.0,0.0,0.0,0.0,6634.0,0.0
0,21900,JAMS,6632.0,229.0,0.0,0.0,0.0,0.0,6634,229,0.0,0.0,0.0,0.0,6633.0,0.0
0,22000,JAMS,6633.0,78.0,6632.0,124.0,0.0,0.0,6634,78,6635.0,124.0,0.0,0.0,6633.5,0.0
0,22100,JAMS,6633.0,175.0,0.0,0.0,0.0,0.0,6635,175,0.0,0.0,0.0,0.0,6634.0,0.0
0,22200,JAMS,6633.0,262.0,0.0,0.0,0.0,0.0,6635,262,0.0,0.0,0.0,0.0,6634.0,0.0
0,22300,JAMS,6633.0,64.0,6632.0,106.0,0.0,0.0,6634,64,6635.0,106.0,0.0,0.0,6633.5,0.0
0,22400,JAMS,6633.0,77.0,6632.0,133.0,0.0,0.0,6634,83,6635.0,133.0,0.0,0.0,6633.5,0.0
0,22500,JAMS,6633.0,232.0,0.0,0.0,0.0,0.0,6635,232,0.0,0.0,0.0,0.0,6634.0,0.0
0,22600,JAMS,6633.0,233.0,0.0,0.0,0.0,0.0,6635,233,0.0,0.0,0.0,0.0,6634.0,0.0
0,22700,JAMS,6634.0,84.0,6633.0,152.0,0.0,0.0,6635,84,6636.0,152.0,0.0,0.0,6634.5,0.0
0,22800,JAMS,6634.0,64.0,6633.0,154.0,0.0,0.0,6635,64,6636.0,154.0,0.0,0.0,6634.5,0.0
0,22900,JAMS,6634.0,93.0,6633.0,170.0,0.0,0.0,6635,93,6636.0,170.0,0.0,0.0,6634.5,0.0
0,23000,JAMS,6633.0,219.0,0.0,0.0,0.0,0.0,6635,219,0.0,0.0,0.0,0.0,6634.0,0.0
0,23100,JAMS,6633.0,223.0,0.0,0.0,0.0,0.0,6635,223,0.0,0.0,0.0,0.0,6634.0,0.0
0,23200,JAMS,6633.0,241.0,0.0,0.0,0.0,0.0,6635,241,0.0,0.0,0.0,0.0,6634.0,0.0
0,23300,JAMS,6634.0,74.0,6633.0,169.0,0.0,0.0,6635,74,6636.0,169.0,0.0,0.0,6634.5,0.0
0,23400,JAMS,6633.0,244.0,0.0,0.0,0.0,0.0,6635,244,0.0,0.0,0.0,0.0,6634.0,0.0
0,23500,JAMS,6634.0,60.0,6633.0,161.0,0.0,0.0,6635,60,6636.0,161.0,0.0,0.0,6634.5,0.0
0,23600,JAMS,6633.0,204.0,0.0,0.0,0.0,0.0,6635,204,0.0,0.0,0.0,0.0,6634.0,0.0
0,23700,JAMS,6633.0,260.0,0.0,0.0,0.0,0.0,6635,260,0.0,0.0,0.0,0.0,6634.0,0.0
0,23800,JAMS,6633.0,207.0,0.0,0.0,0.0,0.0,6635,207,0.0,0.0,0.0,0.0,6634.0,0.0
0,23900,JAMS,6633.0,251.0,0.0,0.0,0.0,0.0,6635,251,0.0,0.0,0.0,0.0,6634.0,0.0
0,24000,JAMS,6634.0,96.0,6633.0,152.0,0.0,0.0,6635,96,6636.0,152.0,0.0,0.0,6634.5,0.0
0,24100,JAMS,6634.0,102.0,6633.0,176.0,0.0,0.0,6635,94,6636.0,176.0,0.0,0.0,6634.5,0.0
0,24200,JAMS,6634.0,242.0,0.0,0.0,0.0,0.0,6636,242,0.0,0.0,0.0,0.0,6635.0,0.0
0,24300,JAMS,6635.0,91.0,6634.0,157.0,0.0,0.0,6636,91,6637.0,157.0,0.0,0.0,6635.5,0.0
0,24400,JAMS,6635.0,54.0,6634.0,154.0,0.0,0.0,6636,54,6637.0,154.0,0.0,0.0,6635.5,0.0
0,24500,JAMS,6635.0,76.0,6634.0,187.0,0.0,0.0,6636,76,6637.0,187.0,0.0,0.0,6635.5,0.0
0,24600,JAMS,6634.0,229.0,0.0,0.0,0.0,0.0,6636,229,0.0,0.0,0.0,0.0,6635.0,0.0
0,24700,JAMS,6634.0,262.0,0.0,0.0,0.0,0.0,6636,262,0.0,0.0,0.0,0.0,6635.0,0.0
0,24800,JAMS,6634.0,174.0,0.0,0.0,0.0,0.0,6636,174,0.0,0.0,0.0,0.0,6635.0,0.0
0,24900,JAMS,6635.0,58.0,6634.0,159.0,0.0,0.0,6636,58,6637.0,159.0,0.0,0.0,6635.5,0.0
0,25000,JAMS,6635.0,74.0,6634.0,178.0,0.0,0.0,6636,74,6637.0,178.0,0.0,0.0,6635.5,0.0
0,25100,JAMS,6634.0,241.0,0.0,0.0,0.0,0.0,6636,241,0.0,0.0,0.0,0.0,6635.0,0.0
0,25200,JAMS,6634.0,243.0,0.0,0.0,0.0,0.0,6636,243,0.0,0.0,0.0,0.0,6635.0,0.0
0,25300,JAMS,6634.0,179.0,0.0,0.0,0.0,0.0,6636,179,0.0,0.0,0.0,0.0,6635.0,0.0
0,25400,JAMS,6634.0,51.0,6633.0,125.0,0.0,0.0,6635,51,6636.0,125.0,0.0,0.0,6634.5,0.0
0,25500,JAMS,6633.0,217.0,0.0,0.0,0.0,0.0,6635,217,0.0,0.0,0.0,0.0,6634.0,0.0
0,25600,JAMS,6634.0,7.0,6633.0,198.0,0.0,0.0,6635,198,0.0,0.0,0.0,0.0,6634.5,0.0
0,25700,JAMS,6633.0,179.0,0.0,0.0,0.0,0.0,6635,179,0.0,0.0,0.0,0.0,6634.0,0.0
0,25800,JAMS,6634.0,93.0,6633.0,134.0,0.0,0.0,6635,93,6636.0,134.0,0.0,0.0,6634.5,0.0
0,25900,JAMS,6634.0,76.0,6633.0,150.0,0.0,0.0,6635,76,6636.0,150.0,0.0,0.0,6634.5,0.0
0,26000,JAMS,6634.0,86.0,6633.0,117.0,0.0,0.0,6635,86,6636.0,117.0,0.0,0.0,6634.5,0.0
0,26100,JAMS,6634.0,93.0,6633.0,115.0,0.0,0.0,6635,93,6636.0,115.0,0.0,0.0,6634.5,0.0
0,26200,JAMS,6634.0,80.0,6633.0,104.0,0.0,0.0,6635,80,6636.0,104.0,0.0,0.0,6634.5,0.0
0,26300,JAMS,6634.0,63.0,6633.0,193.0,0.0,0.0,6635,63,6636.0,193.0,0.0,0.0,6634.5,0.0
0,26400,JAMS,6634.0,82.0,6633.0,198.0,0.0,0.0,6635,82,6636.0,198.0,0.0,0.0,6634.5,0.0
0,26500,JAMS,6634.0,87.0,6633.0,159.0,0.0,0.0,6635,87,6636.0,159.0,0.0,0.0,6634.5,0.0
0,26600,JAMS,6634.0,55.0,6633.0,112.0,0.0,0.0,6635,55,6636.0,112.0,0.0,0.0,6634.5,0.0
0,26700,JAMS,6633.0,196.0,0.0,0.0,0.0,0.0,6635,196,0.0,0.0,0.0,0.0,6634.0,0.0
0,26800,JAMS,6633.0,270.0,0.0,0.0,0.0,0.0,6635,270,0.0,0.0,0.0,0.0,6634.0,0.0
0,26900,JAMS,6633.0,265.0,0.0,0.0,0.0,0.0,6635,265,0.0,0.0,0.0,0.0,6634.0,0.0
0,27000,JAMS,6633.0,241.0,0.0,0.0,0.0,0.0,6635,241,0.0,0.0,0.0,0.0,6634.0,0.0
0,27100,JAMS,6633.0,232.0,0.0,0.0,0.0,0.0,6635,232,0.0,0.0,0.0,0.0,6634.0,0.0
0,27200,JAMS,6634.0,103.0,6633.0,129.0,0.0,0.0,6635,100,6636.0,129.0,0.0,0.0,6634.5,0.0
0,27300,JAMS,6634.0,90.0,6633.0,194.0,0.0,0.0,6635,90,6636.0,194.0,0.0,0.0,6634.5,0.0
0,27400,JAMS,6634.0,208.0,0.0,0.0,0.0,0.0,6636,208,0.0,0.0,0.0,0.0,6635.0,0.0
0,27500,JAMS,6633.0,251.0,0.0,0.0,0.0,0.0,6635,251,0.0,0.0,0.0,0.0,6634.0,0.0
0,27600,JAMS,6633.0,197.0,0.0,0.0,0.0,0.0,6635,197,0.0,0.0,0.0,0.0,6634.0,0.0
0,27700,JAMS,6633.0,192.0,0.0,0.0,0.0,0.0,6635,192,0.0,0.0,0.0,0.0,6634.0,0.0
0,27800,JAMS,6634.0,71.0,6633.0,114.0,0.0,0.0,6635,63,6636.0,114.0,0.0,0.0,6634.5,0.0
0,27900,JAMS,6633.0,226.0,0.0,0.0,0.0,0.0,6635,226,0.0,0.0,0.0,0.0,6634.0,0.0
0,28000,JAMS,6633.0,244.0,0.0,0.0,0.0,0.0,6635,244,0.0,0.0,0.0,0.0,6634.0,0.0
0,28100,JAMS,6633.0,209.0,0.0,0.0,0.0,0.0,6635,209,0.0,0.0,0.0,0.0,6634.0,0.0
0,28200,JAMS,6634.0,81.0,6633.0,157.0,0.0,0.0,6635,81,6636.0,157.0,0.0,0.0,6634.5,0.0
0,28300,JAMS,6632.0,90.0,6631.0,123.0,0.0,0.0,6633,90,6634.0,123.0,0.0,0.0,6632.5,0.0
0,28400,JAMS,6632.0,81.0,6631.0,133.0,0.0,0.0,6633,81,6634.0,133.0,0.0,0.0,6632.5,0.0
0,28500,JAMS,6632.0,93.0,6631.0,110.0,0.0,0.0,6633,93,6634.0,110.0,0.0,0.0,6632.5,0.0
0,28600,JAMS,6631.0,203.0,0.0,0.0,0.0,0.0,6633,203,0.0,0.0,0.0,0.0,6632.0,0.0
0,28700,JAMS,6631.0,242.0,0.0,0.0,0.0,0.0,6633,242,0.0,0.0,0.0,0.0,6632.0,0.0
0,28800,JAMS,6631.0,215.0,0.0,0.0,0.0,0.0,6633,215,0.0,0.0,0.0,0.0,6632.0,0.0
0,28900,JAMS,6631.0,287.0,0.0,0.0,0.0,0.0,6633,287,0.0,0.0,0.0,0.0,6632.0,0.0
0,29000,JAMS,6631.0,217.0,0.0,0.0,0.0,0.0,6633,217,0.0,0.0,0.0,0.0,6632.0,0.0
0,29100,JAMS,6631.0,234.0,0.0,0.0,0.0,0.0,6633,234,0.0,0.0,0.0,0.0,6632.0,0.0
0,29200,JAMS,6631.0,228.0,0.0,0.0,0.0,0.0,6633,228,0.0,0.0,0.0,0.0,6632.0,0.0
0,29300,JAMS,6631.0,262.0,0.0,0.0,0.0,0.0,6633,262,0.0,0.0,0.0,0.0,6632.0,0.0
0,29400,JAMS,6631.0,218.0,0.0,0.0,0.0,0.0,6633,218,0.0,0.0,0.0,0.0,6632.0,0.0
0,29500,JAMS,6631.0,184.0,0.0,0.0,0.0,0.0,6633,184,0.0,0.0,0.0,0.0,6632.0,0.0
0,29600,JAMS,6631.0,248.0,0.0,0.0,0.0,0.0,6632,7,6633.0,248.0,0.0,0.0,6631.5,0.0
0,29700,JAMS,6631.0,245.0,0.0,0.0,0.0,0.0,6633,245,0.0,0.0,0.0,0.0,6632.0,0.0
0,29800,JAMS,6631.0,250.0,0.0,0.0,0.0,0.0,6633,250,0.0,0.0,0.0,0.0,6632.0,0.0
0,29900,JAMS,6631.0,210.0,0.0,0.0,0.0,0.0,6633,210,0.0,0.0,0.0,0.0,6632.0,0.0
0,30000,JAMS,6631.0,79.0,6630.0,100.0,0.0,0.0,6632,79,6633.0,100.0,0.0,0.0,6631.5,0.0
0,30100,JAMS,6631.0,84.0,6630.0,158.0,0.0,0.0,6632,84,6633.0,158.0,0.0,0.0,6631.5,0.0
0,30200,JAMS,6631.0,264.0,0.0,0.0,0.0,0.0,6633,264,0.0,0.0,0.0,0.0,6632.0,0.0
0,30300,JAMS,6631.0,201.0,0.0,0.0,0.0,0.0,6633,195,0.0,0.0,0.0,0.0,6632.0,0.0
0,30400,JAMS,6631.0,272.0,0.0,0.0,0.0,0.0,6633,272,0.0,0.0,0.0,0.0,6632.0,0.0
0,30500,JAMS,6631.0,204.0,0.0,0.0,0.0,0.0,6633,204,0.0,0.0,0.0,0.0,6632.0,0.0
0,30600,JAMS,6631.0,65.0,6630.0,129.0,0.0,0.0,6632,65,6633.0,129.0,0.0,0.0,6631.5,0.0
0,30700,JAMS,6631.0,66.0,6630.0,182.0,0.0,0.0,6632,66,6633.0,182.0,0.0,0.0,6631.5,0.0
0,30800,JAMS,6631.0,89.0,6630.0,150.0,0.0,0.0,6632,89,6633.0,150.0,0.0,0.0,6631.5,0.0
0,30900,JAMS,6631.0,50.0,6630.0,152.0,0.0,0.0,6632,50,6633.0,152.0,0.0,0.0,6631.5,0.0
0,31000,JAMS,6631.0,97.0,6630.0,127.0,0.0,0.0,6632,97,6633.0,127.0,0.0,0.0,6631.5,0.0
0,31100,JAMS,6631.0,81.0,6630.0,126.0,0.0,0.0,6632,81,6633.0,126.0,0.0,0.0,6631.5,0.0
0,31200,JAMS,6631.0,95.0,6630.0,133.0,0.0,0.0,6632,89,6633.0,133.0,0.0,0.0,6631.5,0.0
0,31300,JAMS,6631.0,50.0,6630.0,110.0,0.0,0.0,6632,50,6633.0,110.0,0.0,0.0,6631.5,0.0
0,31400,JAMS,6631.0,232.0,0.0,0.0,0.0,0.0,6633,232,0.0,0.0,0.0,0.0,6632.0,0.0
0,31500,JAMS,6631.0,250.0,0.0,0.0,0.0,0.0,6633,250,0.0,0.0,0.0,0.0,6632.0,0.0
0,31600,JAMS,6631.0,175.0,0.0,0.0,0.0,0.0,6633,168,0.0,0.0,0.0,0.0,6632.0,0.0
0,31700,JAMS,6631.0,246.0,0.0,0.0,0.0,0.0,6633,246,0.0,0.0,0.0,0.0,6632.0,0.0
0,31800,JAMS,6631.0,192.0,0.0,0.0,0.0,0.0,6633,192,0.0,0.0,0.0,0.0,6632.0,0.0
0,31900,JAMS,6631.0,189.0,0.0,0.0,0.0,0.0,6633,189,0.0,0.0,0.0,0.0,6632.0,0.0
0,32000,JAMS,6631.0,234.0,0.0,0.0,0.0,0.0,6633,234,0.0,0.0,0.0,0.0,6632.0,0.0
0,32100,JAMS,6631.0,286.0,0.0,0.0,0.0,0.0,6633,286,0.0,0.0,0.0,0.0,6632.0,0.0
0,32200,JAMS,6631.0,260.0,0.0,0.0,0.0,0.0,6633,260,0.0,0.0,0.0,0.0,6632.0,0.0
0,32300,JAMS,6632.0,63.0,6631.0,108.0,0.0,0.0,6633,63,6634.0,108.0,0.0,0.0,6632.5,0.0
0,32400,JAMS,6631.0,58.0,6630.0,135.0,0.0,0.0,6632,58,6633.0,135.0,0.0,0.0,6631.5,0.0
0,32500,JAMS,6631.0,182.0,0.0,0.0,0.0,0.0,6633,182,0.0,0.0,0.0,0.0,6632.0,0.0
0,32600,JAMS,6631.0,178.0,0.0,0.0,0.0,0.0,6633,178,0.0,0.0,0.0,0.0,6632.0,0.0
0,32700,JAMS,6631.0,206.0,0.0,0.0,0.0,0.0,6633,206,0.0,0.0,0.0,0.0,6632.0,0.0
0,32800,JAMS,6631.0,210.0,0.0,0.0,0.0,0.0,6633,210,0.0,0.0,0.0,0.0,6632.0,0.0
0,32900,JAMS,6631.0,229.0,0.0,0.0,0.0,0.0,6633,229,0.0,0.0,0.0,0.0,6632.0,0.0
0,33000,JAMS,6631.0,243.0,0.0,0.0,0.0,0.0,6633,243,0.0,0.0,0.0,0.0,6632.0,0.0
0,33100,JAMS,6631.0,190.0,0.0,0.0,0.0,0.0,6633,190,0.0,0.0,0.0,0.0,6632.0,0.0
0,33200,JAMS,6631.0,189.0,0.0,0.0,0.0,0.0,6633,189,0.0,0.0,0.0,0.0,6632.0,0.0
0,33300,JAMS,6631.0,245.0,0.0,0.0,0.0,0.0,6633,245,0.0,0.0,0.0,0.0,6632.0,0.0
0,33400,JAMS,6631.0,220.0,0.0,0.0,0.0,0.0,6633,220,0.0,0.0,0.0,0.0,6632.0,0.0
0,33500,JAMS,6630.0,283.0,0.0,0.0,0.0,0.0,6632,283,0.0,0.0,0.0,0.0,6631.0,0.0
0,33600,JAMS,6629.0,184.0,0.0,0.0,0.0,0.0,6631,184,0.0,0.0,0.0,0.0,6630.0,0.0
0,33700,JAMS,6628.0,89.0,6627.0,200.0,0.0,0.0,6629,89,6630.0,200.0,0.0,0.0,6628.5,0.0
0,33800,JAMS,6627.0,77.0,6626.0,183.0,0.0,0.0,6628,77,6629.0,183.0,0.0,0.0,6627.5,0.0
0,33900,JAMS,6626.0,45.0,6625.0,105.0,0.0,0.0,6627,50,6628.0,105.0,0.0,0.0,6626.5,0.0
0,34000,JAMS,6626.0,168.0,0.0,0.0,0.0,0.0,6628,168,0.0,0.0,0.0,0.0,6627.0,0.0
0,34100,JAMS,6626.0,210.0,0.0,0.0,0.0,0.0,6628,210,0.0,0.0,0.0,0.0,6627.0,0.0
0,34200,JAMS,6626.0,255.0,0.0,0.0,0.0,0.0,6628,255,0.0,0.0,0.0,0.0,6627.0,0.0
0,34300,JAMS,6626.0,255.0,0.0,0.0,0.0,0.0,6628,255,0.0,0.0,0.0,0.0,6627.0,0.0
0,34400,JAMS,6626.0,215.0,0.0,0.0,0.0,0.0,6628,215,0.0,0.0,0.0,0.0,6627.0,0.0
0,34500,JAMS,6626.0,58.0,6625.0,101.0,0.0,0.0,6627,58,6628.0,101.0,0.0,0.0,6626.5,0.0
0,34600,JAMS,6626.0,71.0,6625.0,189.0,0.0,0.0,6627,71,6628.0,189.0,0.0,0.0,6626.5,0.0
0,34700,JAMS,6626.0,85.0,6625.0,173.0,0.0,0.0,6627,85,6628.0,173.0,0.0,0.0,6626.5,0.0
0,34800,JAMS,6626.0,99.0,6625.0,117.0,0.0,0.0,6627,99,6628.0,117.0,0.0,0.0,6626.5,0.0
0,34900,JAMS,6626.0,197.0,0.0,0.0,0.0,0.0,6628,197,0.0,0.0,0.0,0.0,6627.0,0.0
0,35000,JAMS,6626.0,188.0,0.0,0.0,0.0,0.0,6628,188,0.0,0.0,0.0,0.0,6627.0,0.0
0,35100,JAMS,6627.0,78.0,6626.0,190.0,0.0,0.0,6628,78,6629.0,190.0,0.0,0.0,6627.5,0.0
0,35200,JAMS,6627.0,85.0,6626.0,147.0,0.0,0.0,6628,80,6629.0,147.0,0.0,0.0,6627.5,0.0
0,35300,JAMS,6627.0,61.0,6626.0,186.0,0.0,0.0,6628,61,6629.0,186.0,0.0,0.0,6627.5,0.0
0,35400,JAMS,6627.0,231.0,0.0,0.0,0.0,0.0,6629,231,0.0,0.0,0.0,0.0,6628.0,0.0
0,35500,JAMS,6627.0,205.0,0.0,0.0,0.0,0.0,6629,205,0.0,0.0,0.0,0.0,6628.0,0.0
0,35600,JAMS,6627.0,168.0,0.0,0.0,0.0,0.0,6629,179,0.0,0.0,0.0,0.0,6628.0,0.0
0,35700,JAMS,6628.0,251.0,0.0,0.0,0.0,0.0,6630,251,0.0,0.0,0.0,0.0,6629.0,0.0
0,35800,JAMS,6628.0,255.0,0.0,0.0,0.0,0.0,6630,255,0.0,0.0,0.0,0.0,6629.0,0.0
0,35900,JAMS,6628.0,268.0,0.0,0.0,0.0,0.0,6630,268,0.0,0.0,0.0,0.0,6629.0,0.0
0,36000,JAMS,6628.0,237.0,0.0,0.0,0.0,0.0,6630,237,0.0,0.0,0.0,0.0,6629.0,0.0
0,36100,JAMS,6628.0,51.0,6627.0,175.0,0.0,0.0,6629,51,6630.0,175.0,0.0,0.0,6628.5,0.0
0,36200,JAMS,6628.0,206.0,0.0,0.0,0.0,0.0,6630,206,0.0,0.0,0.0,0.0,6629.0,0.0
0,36300,JAMS,6628.0,190.0,0.0,0.0,0.0,0.0,6630,190,0.0,0.0,0.0,0.0,6629.0,0.0
0,36400,JAMS,6628.0,73.0,6627.0,171.0,0.0,0.0,6629,73,6630.0,171.0,0.0,0.0,6628.5,0.0
0,36500,JAMS,6629.0,83.0,6628.0,186.0,0.0,0.0,6630,83,6631.0,186.0,0.0,0.0,6629.5,0.0
0,36600,JAMS,6631.0,192.0,0.0,0.0,0.0,0.0,6633,192,0.0,0.0,0.0,0.0,6632.0,0.0
0,36700,JAMS,6631.0,255.0,0.0,0.0,0.0,0.0,6633,255,0.0,0.0,0.0,0.0,6632.0,0.0
0,36800,JAMS,6631.0,181.0,0.0,0.0,0.0,0.0,6633,181,0.0,0.0,0.0,0.0,6632.0,0.0
0,36900,JAMS,6631.0,161.0,0.0,0.0,0.0,0.0,6633,161,0.0,0.0,0.0,0.0,6632.0,0.0
0,37000,JAMS,6631.0,176.0,0.0,0.0,0.0,0.0,6633,176,0.0,0.0,0.0,0.0,6632.0,0.0
0,37100,JAMS,6632.0,70.0,6631.0,100.0,0.0,0.0,6633,70,6634.0,100.0,0.0,0.0,6632.5,0.0
0,37200,JAMS,6632.0,87.0,6631.0,178.0,0.0,0.0,6633,87,6634.0,178.0,0.0,0.0,6632.5,0.0
0,37300,JAMS,6632.0,96.0,6631.0,148.0,0.0,0.0,6633,96,6634.0,148.0,0.0,0.0,6632.5,0.0
0,37400,JAMS,6632.0,83.0,6631.0,193.0,0.0,0.0,6633,83,6634.0,193.0,0.0,0.0,6632.5,0.0
0,37500,JAMS,6630.0,252.0,0.0,0.0,0.0,0.0,6632,252,0.0,0.0,0.0,0.0,6631.0,0.0
0,37600,JAMS,6630.0,168.0,0.0,0.0,0.0,0.0,6632,168,0.0,0.0,0.0,0.0,6631.0,0.0
0,37700,JAMS,6630.0,183.0,0.0,0.0,0.0,0.0,6632,183,0.0,0.0,0.0,0.0,6631.0,0.0
0,37800,JAMS,6631.0,226.0,0.0,0.0,0.0,0.0,6633,226,0.0,0.0,0.0,0.0,6632.0,0.0
0,37900,JAMS,6631.0,233.0,0.0,0.0,0.0,0.0,6633,233,0.0,0.0,0.0,0.0,6632.0,0.0
0,38000,JAMS,6630.0,227.0,0.0,0.0,0.0,0.0,6632,227,0.0,0.0,0.0,0.0,6631.0,0.0
0,38100,JAMS,6630.0,189.0,0.0,0.0,0.0,0.0,6632,189,0.0,0.0,0.0,0.0,6631.0,0.0
0,38200,JAMS,6630.0,231.0,0.0,0.0,0.0,0.0,6632,231,0.0,0.0,0.0,0.0,6631.0,0.0
0,38300,JAMS,6630.0,197.0,0.0,0.0,0.0,0.0,6632,197,0.0,0.0,0.0,0.0,6631.0,0.0
0,38400,JAMS,6631.0,89.0,6630.0,164.0,0.0,0.0,6632,89,6633.0,164.0,0.0,0.0,6631.5,0.0
0,38500,JAMS,6630.0,267.0,0.0,0.0,0.0,0.0,6632,267,0.0,0.0,0.0,0.0,6631.0,0.0
0,38600,JAMS,6631.0,204.0,0.0,0.0,0.0,0.0,6633,204,0.0,0.0,0.0,0.0,6632.0,0.0
0,38700,JAMS,6631.0,88.0,6630.0,111.0,0.0,0.0,6632,88,6633.0,111.0,0.0,0.0,6631.5,0.0
0,38800,JAMS,6631.0,61.0,6630.0,172.0,0.0,0.0,6632,61,6633.0,172.0,0.0,0.0,6631.5,0.0
0,38900,JAMS,6631.0,51.0,6630.0,134.0,0.0,0.0,6632,51,6633.0,134.0,0.0,0.0,6631.5,0.0
0,39000,JAMS,6631.0,263.0,0.0,0.0,0.0,0.0,6633,263,0.0,0.0,0.0,0.0,6632.0,0.0
0,39100,JAMS,6631.0,240.0,0.0,0.0,0.0,0.0,6633,240,0.0,0.0,0.0,0.0,6632.0,0.0
0,39200,JAMS,6631.0,199.0,0.0,0.0,0.0,0.0,6633,199,0.0,0.0,0.0,0.0,6632.0,0.0
0,39300,JAMS,6631.0,245.0,0.0,0.0,0.0,0.0,6633,245,0.0,0.0,0.0,0.0,6632.0,0.0
0,39400,JAMS,6631.0,258.0,0.0,0.0,0.0,0.0,6633,258,0.0,0.0,0.0,0.0,6632.0,0.0
0,39500,JAMS,6631.0,286.0,0.0,0.0,0.0,0.0,6633,286,0.0,0.0,0.0,0.0,6632.0,0.0
0,39600,JAMS,6632.0,8.0,6631.0,250.0,0.0,0.0,6633,250,0.0,0.0,0.0,0.0,6632.5,0.0
0,39700,JAMS,6631.0,241.0,0.0,0.0,0.0,0.0,6633,241,0.0,0.0,0.0,0.0,6632.0,0.0
0,39800,JAMS,6632.0,55.0,6631.0,103.0,0.0,0.0,6633,55,6634.0,103.0,0.0,0.0,6632.5,0.0
0,39900,JAMS,6632.0,69.0,6631.0,154.0,0.0,0.0,6633,69,6634.0,154.0,0.0,0.0,6632.5,0.0
0,40000,JAMS,6633.0,94.0,6632.0,160.0,0.0,0.0,6634,94,6635.0,160.0,0.0,0.0,6633.5,0.0
0,40100,JAMS,6633.0,57.0,6632.0,168.0,0.0,0.0,6634,57,6635.0,168.0,0.0,0.0,6633.5,0.0
0,40200,JAMS,6633.0,41.0,6632.0,174.0,0.0,0.0,6634,52,6635.0,174.0,0.0,0.0,6633.5,0.0
0,40300,JAMS,6633.0,86.0,6632.0,109.0,0.0,0.0,6634,86,6635.0,109.0,0.0,0.0,6633.5,0.0
0,40400,JAMS,6632.0,188.0,0.0,0.0,0.0,0.0,6634,188,0.0,0.0,0.0,0.0,6633.0,0.0
0,40500,JAMS,6633.0,76.0,6632.0,113.0,0.0,0.0,6634,76,6635.0,113.0,0.0,0.0,6633.5,0.0
0,40600,JAMS,6633.0,65.0,6632.0,135.0,0.0,0.0,6634,65,6635.0,135.0,0.0,0.0,6633.5,0.0
0,40700,JAMS,6633.0,81.0,6632.0,157.0,0.0,0.0,6634,81,6635.0,157.0,0.0,0.0,6633.5,0.0
0,40800,JAMS,6632.0,261.0,0.0,0.0,0.0,0.0,6634,261,0.0,0.0,0.0,0.0,6633.0,0.0
0,40900,JAMS,6633.0,70.0,6632.0,146.0,0.0,0.0,6634,70,6635.0,146.0,0.0,0.0,6633.5,0.0
0,41000,JAMS,6633.0,66.0,6632.0,187.0,0.0,0.0,6634,66,6635.0,187.0,0.0,0.0,6633.5,0.0
0,41100,JAMS,6633.0,53.0,6632.0,145.0,0.0,0.0,6634,53,6635.0,145.0,0.0,0.0,6633.5,0.0
0,41200,JAMS,6633.0,69.0,6632.0,200.0,0.0,0.0,6634,69,6635.0,200.0,0.0,0.0,6633.5,0.0
0,41300,JAMS,6632.0,243.0,0.0,0.0,0.0,0.0,6634,243,0.0,0.0,0.0,0.0,6633.0,0.0
0,41400,JAMS,6633.0,66.0,6632.0,112.0,0.0,0.0,6634,66,6635.0,112.0,0.0,0.0,6633.5,0.0
0,41500,JAMS,6632.0,191.0,0.0,0.0,0.0,0.0,6634,191,0.0,0.0,0.0,0.0,6633.0,0.0
0,41600,JAMS,6632.0,54.0,6631.0,111.0,0.0,0.0,6633,54,6634.0,111.0,0.0,0.0,6632.5,0.0
0,41700,JAMS,6631.0,197.0,0.0,0.0,0.0,0.0,6632,4,6633.0,197.0,0.0,0.0,6631.5,0.0
0,41800,JAMS,6631.0,199.0,0.0,0.0,0.0,0.0,6633,206,0.0,0.0,0.0,0.0,6632.0,0.0
0,41900,JAMS,6631.0,270.0,0.0,0.0,0.0,0.0,6633,270,0.0,0.0,0.0,0.0,6632.0,0.0
0,42000,JAMS,6632.0,57.0,6631.0,189.0,0.0,0.0,6633,57,6634.0,189.0,0.0,0.0,6632.5,0.0
0,42100,JAMS,6631.0,177.0,0.0,0.0,0.0,0.0,6633,177,0.0,0.0,0.0,0.0,6632.0,0.0
0,42200,JAMS,6631.0,250.0,0.0,0.0,0.0,0.0,6633,250,0.0,0.0,0.0,0.0,6632.0,0.0
0,42300,JAMS,6631.0,242.0,0.0,0.0,0.0,0.0,6633,242,0.0,0.0,0.0,0.0,6632.0,0.0
0,42400,JAMS,6631.0,87.0,6630.0,178.0,0.0,0.0,6632,87,6633.0,178.0,0.0,0.0,6631.5,0.0
0,42500,JAMS,6631.0,100.0,6630.0,172.0,0.0,0.0,6632,100,6633.0,172.0,0.0,0.0,6631.5,0.0
0,42600,JAMS,6631.0,198.0,0.0,0.0,0.0,0.0,6633,198,0.0,0.0,0.0,0.0,6632.0,0.0
0,42700,JAMS,6631.0,247.0,0.0,0.0,0.0,0.0,6633,247,0.0,0.0,0.0,0.0,6632.0,0.0
0,42800,JAMS,6632.0,96.0,6631.0,112.0,0.0,0.0,6633,96,6634.0,112.0,0.0,0.0,6632.5,0.0
0,42900,JAMS,6631.0,206.0,0.0,0.0,0.0,0.0,6633,206,0.0,0.0,0.0,0.0,6632.0,0.0
0,43000,JAMS,6632.0,3.0,6631.0,240.0,0.0,0.0,6633,240,0.0,0.0,0.0,0.0,6632.5,0.0
0,43100,JAMS,6631.0,258.0,0.0,0.0,0.0,0.0,6633,258,0.0,0.0,0.0,0.0,6632.0,0.0
0,43200,JAMS,6631.0,161.0,0.0,0.0,0.0,0.0,6633,161,0.0,0.0,0.0,0.0,6632.0,0.0
0,43300,JAMS,6631.0,66.0,6630.0,190.0,0.0,0.0,6632,66,6633.0,190.0,0.0,0.0,6631.5,0.0
0,43400,JAMS,6631.0,182.0,0.0,0.0,0.0,0.0,6633,182,0.0,0.0,0.0,0.0,6632.0,0.0
0,43500,JAMS,6631.0,201.0,0.0,0.0,0.0,0.0,6633,201,0.0,0.0,0.0,0.0,6632.0,0.0
0,43600,JAMS,6631.0,194.0,0.0,0.0,0.0,0.0,6633,194,0.0,0.0,0.0,0.0,6632.0,0.0
0,43700,JAMS,6631.0,246.0,0.0,0.0,0.0,0.0,6633,246,0.0,0.0,0.0,0.0,6632.0,0.0
0,43800,JAMS,6631.0,207.0,0.0,0.0,0.0,0.0,6633,207,0.0,0.0,0.0,0.0,6632.0,0.0
0,43900,JAMS,6632.0,10.0,6631.0,183.0,0.0,0.0,6633,183,0.0,0.0,0.0,0.0,6632.5,0.0
0,44000,JAMS,6631.0,253.0,0.0,0.0,0.0,0.0,6633,253,0.0,0.0,0.0,0.0,6632.0,0.0
0,44100,JAMS,6631.0,222.0,0.0,0.0,0.0,0.0,6633,222,0.0,0.0,0.0,0.0,6632.0,0.0
0,44200,JAMS,6631.0,243.0,0.0,0.0,0.0,0.0,6633,243,0.0,0.0,0.0,0.0,6632.0,0.0
0,44300,JAMS,6631.0,214.0,0.0,0.0,0.0,0.0,6633,214,0.0,0.0,0.0,0.0,6632.0,0.0
0,44400,JAMS,6631.0,212.0,0.0,0.0,0.0,0.0,6633,212,0.0,0.0,0.0,0.0,6632.0,0.0
0,44500,JAMS,6631.0,179.0,0.0,0.0,0.0,0.0,6633,179,0.0,0.0,0.0,0.0,6632.0,0.0
0,44600,JAMS,6631.0,238.0,0.0,0.0,0.0,0.0,6633,238,0.0,0.0,0.0,0.0,6632.0,0.0
0,44700,JAMS,6631.0,192.0,0.0,0.0,0.0,0.0,6633,192,0.0,0.0,0.0,0.0,6632.0,0.0
0,44800,JAMS,6631.0,287.0,0.0,0.0,0.0,0.0,6633,287,0.0,0.0,0.0,0.0,6632.0,0.0
0,44900,JAMS,6630.0,284.0,0.0,0.0,0.0,0.0,6632,284,0.0,0.0,0.0,0.0,6631.0,0.0
0,45000,JAMS,6631.0,230.0,0.0,0.0,0.0,0.0,6633,230,0.0,0.0,0.0,0.0,6632.0,0.0
0,45100,JAMS,6631.0,184.0,0.0,0.0,0.0,0.0,6633,184,0.0,0.0,0.0,0.0,6632.0,0.0
0,45200,JAMS,6631.0,244.0,0.0,0.0,0.0,0.0,6633,244,0.0,0.0,0.0,0.0,6632.0,0.0
0,45300,JAMS,6631.0,217.0,0.0,0.0,0.0,0.0,6633,225,0.0,0.0,0.0,0.0,6632.0,0.0
0,45400,JAMS,6631.0,94.0,6630.0,138.0,0.0,0.0,6632,94,6633.0,138.0,0.0,0.0,6631.5,0.0
0,45500,JAMS,6631.0,168.0,0.0,0.0,0.0,0.0,6633,168,0.0,0.0,0.0,0.0,6632.0,0.0
0,45600,JAMS,6631.0,92.0,6630.0,154.0,0.0,0.0,6632,92,6633.0,154.0,0.0,0.0,6631.5,0.0
0,45700,JAMS,6631.0,231.0,0.0,0.0,0.0,0.0,6633,231,0.0,0.0,0.0,0.0,6632.0,0.0
0,45800,JAMS,6631.0,56.0,6630.0,129.0,0.0,0.0,6632,56,6633.0,129.0,0.0,0.0,6631.5,0.0
0,45900,JAMS,6630.0,251.0,0.0,0.0,0.0,0.0,6632,251,0.0,0.0,0.0,0.0,6631.0,0.0
0,46000,JAMS,6631.0,77.0,6630.0,139.0,0.0,0.0,6632,77,6633.0,139.0,0.0,0.0,6631.5,0.0
0,46100,JAMS,6631.0,88.0,6630.0,186.0,0.0,0.0,6632,88,6633.0,186.0,0.0,0.0,6631.5,0.0
0,46200,JAMS,6631.0,41.0,6630.0,128.0,0.0,0.0,6632,50,6633.0,128.0,0.0,0.0,6631.5,0.0
0,46300,JAMS,6631.0,64.0,6630.0,123.0,0.0,0.0,6632,64,6633.0,123.0,0.0,0.0,6631.5,0.0
0,46400,JAMS,6631.0,79.0,6630.0,188.0,0.0,0.0,6632,79,6633.0,188.0,0.0,0.0,6631.5,0.0
0,46500,JAMS,6630.0,250.0,0.0,0.0,0.0,0.0,6632,250,0.0,0.0,0.0,0.0,6631.0,0.0
0,46600,JAMS,6631.0,99.0,6630.0,190.0,0.0,0.0,6632,99,6633.0,190.0,0.0,0.0,6631.5,0.0
0,46700,JAMS,6631.0,220.0,0.0,0.0,0.0,0.0,6633,220,0.0,0.0,0.0,0.0,6632.0,0.0
0,46800,JAMS,6630.0,210.0,0.0,0.0,0.0,0.0,6632,210,0.0,0.0,0.0,0.0,6631.0,0.0
0,46900,JAMS,6631.0,94.0,6630.0,157.0,0.0,0.0,6632,94,6633.0,157.0,0.0,0.0,6631.5,0.0
0,47000,JAMS,6631.0,68.0,6630.0,132.0,0.0,0.0,6632,68,6633.0,132.0,0.0,0.0,6631.5,0.0
0,47100,JAMS,6631.0,73.0,6630.0,188.0,0.0,0.0,6632,73,6633.0,188.0,0.0,0.0,6631.5,0.0
0,47200,JAMS,6631.0,60.0,6630.0,162.0,0.0,0.0,6632,60,6633.0,162.0,0.0,0.0,6631.5,0.0
0,47300,JAMS,6631.0,224.0,0.0,0.0,0.0,0.0,6633,224,0.0,0.0,0.0,0.0,6632.0,0.0
0,47400,JAMS,6631.0,63.0,6630.0,161.0,0.0,0.0,6632,63,6633.0,161.0,0.0,0.0,6631.5,0.0
0,47500,JAMS,6631.0,76.0,6630.0,176.0,0.0,0.0,6632,76,6633.0,176.0,0.0,0.0,6631.5,0.0
0,47600,JAMS,6631.0,76.0,6630.0,134.0,0.0,0.0,6632,76,6633.0,134.0,0.0,0.0,6631.5,0.0
0,47700,JAMS,6631.0,69.0,6630.0,176.0,0.0,0.0,6632,69,6633.0,176.0,0.0,0.0,6631.5,0.0
0,47800,JAMS,6631.0,58.0,6630.0,173.0,0.0,0.0,6632,58,6633.0,173.0,0.0,0.0,6631.5,0.0
0,47900,JAMS,6631.0,64.0,6630.0,159.0,0.0,0.0,6632,64,6633.0,159.0,0.0,0.0,6631.5,0.0
0,48000,JAMS,6631.0,78.0,6630.0,111.0,0.0,0.0,6632,78,6633.0,111.0,0.0,0.0,6631.5,0.0
0,48100,JAMS,6631.0,58.0,6630.0,149.0,0.0,0.0,6632,58,6633.0,149.0,0.0,0.0,6631.5,0.0
0,48200,JAMS,6630.0,253.0,0.0,0.0,0.0,0.0,6632,253,0.0,0.0,0.0,0.0,6631.0,0.0
0,48300,JAMS,6631.0,97.0,6630.0,187.0,0.0,0.0,6632,97,6633.0,187.0,0.0,0.0,6631.5,0.0
0,48400,JAMS,6631.0,213.0,0.0,0.0,0.0,0.0,6633,213,0.0,0.0,0.0,0.0,6632.0,0.0
0,48500,JAMS,6631.0,198.0,0.0,0.0,0.0,0.0,6633,198,0.0,0.0,0.0,0.0,6632.0,0.0
0,48600,JAMS,6631.0,287.0,0.0,0.0,0.0,0.0,6633,287,0.0,0.0,0.0,0.0,6632.0,0.0
0,48700,JAMS,6631.0,253.0,0.0,0.0,0.0,0.0,6633,247,0.0,0.0,0.0,0.0,6632.0,0.0
0,48800,JAMS,6631.0,190.0,0.0,0.0,0.0,0.0,6633,190,0.0,0.0,0.0,0.0,6632.0,0.0
0,48900,JAMS,6631.0,220.0,0.0,0.0,0.0,0.0,6633,220,0.0,0.0,0.0,0.0,6632.0,0.0
0,49000,JAMS,6632.0,89.0,6631.0,190.0,0.0,0.0,6633,89,6634.0,190.0,0.0,0.0,6632.5,0.0
0,49100,JAMS,6632.0,86.0,6631.0,185.0,0.0,0.0,6633,86,6634.0,185.0,0.0,0.0,6632.5,0.0
0,49200,JAMS,6632.0,205.0,0.0,0.0,0.0,0.0,6634,205,0.0,0.0,0.0,0.0,6633.0,0.0
0,49300,JAMS,6632.0,57.0,6631.0,170.0,0.0,0.0,6633,57,6634.0,170.0,0.0,0.0,6632.5,0.0
0,49400,JAMS,6632.0,60.0,6631.0,126.0,0.0,0.0,6633,60,6634.0,126.0,0.0,0.0,6632.5,0.0
0,49500,JAMS,6631.0,230.0,0.0,0.0,0.0,0.0,6633,230,0.0,0.0,0.0,0.0,6632.0,0.0
0,49600,JAMS,6632.0,207.0,0.0,0.0,0.0,0.0,6634,207,0.0,0.0,0.0,0.0,6633.0,0.0
0,49700,JAMS,6633.0,64.0,6632.0,159.0,0.0,0.0,6634,223,0.0,0.0,0.0,0.0,6633.5,0.0
0,49800,JAMS,6633.0,87.0,6632.0,175.0,0.0,0.0,6634,87,6635.0,175.0,0.0,0.0,6633.5,0.0
0,49900,JAMS,6633.0,232.0,0.0,0.0,0.0,0.0,6635,232,0.0,0.0,0.0,0.0,6634.0,0.0
0,50000,JAMS,6633.0,259.0,0.0,0.0,0.0,0.0,6635,259,0.0,0.0,0.0,0.0,6634.0,0.0
0,50100,JAMS,6633.0,68.0,6632.0,170.0,0.0,0.0,6634,68,6635.0,170.0,0.0,0.0,6633.5,0.0
0,50200,JAMS,6633.0,206.0,0.0,0.0,0.0,0.0,6635,216,0.0,0.0,0.0,0.0,6634.0,0.0
0,50300,JAMS,6633.0,287.0,0.0,0.0,0.0,0.0,6635,287,0.0,0.0,0.0,0.0,6634.0,0.0
0,50400,JAMS,6632.0,248.0,0.0,0.0,0.0,0.0,6634,248,0.0,0.0,0.0,0.0,6633.0,0.0
0,50500,JAMS,6633.0,80.0,6632.0,132.0,0.0,0.0,6634,80,6635.0,132.0,0.0,0.0,6633.5,0.0
0,50600,JAMS,6633.0,252.0,0.0,0.0,0.0,0.0,6635,252,0.0,0.0,0.0,0.0,6634.0,0.0
0,50700,JAMS,6633.0,251.0,0.0,0.0,0.0,0.0,6635,251,0.0,0.0,0.0,0.0,6634.0,0.0
0,50800,JAMS,6634.0,62.0,6633.0,107.0,0.0,0.0,6635,62,6636.0,107.0,0.0,0.0,6634.5,0.0
0,50900,JAMS,6634.0,70.0,6633.0,158.0,0.0,0.0,6635,58,6636.0,158.0,0.0,0.0,6634.5,0.0
0,51000,JAMS,6634.0,229.0,0.0,0.0,0.0,0.0,6636,229,0.0,0.0,0.0,0.0,6635.0,0.0
0,51100,JAMS,6634.0,244.0,0.0,0.0,0.0,0.0,6636,244,0.0,0.0,0.0,0.0,6635.0,0.0
0,51200,JAMS,6634.0,187.0,0.0,0.0,0.0,0.0,6636,187,0.0,0.0,0.0,0.0,6635.0,0.0
0,51300,JAMS,6634.0,52.0,6633.0,191.0,0.0,0.0,6635,52,6636.0,191.0,0.0,0.0,6634.5,0.0
0,51400,JAMS,6634.0,205.0,0.0,0.0,0.0,0.0,6636,205,0.0,0.0,0.0,0.0,6635.0,0.0
0,51500,JAMS,6634.0,173.0,0.0,0.0,0.0,0.0,6636,173,0.0,0.0,0.0,0.0,6635.0,0.0
0,51600,JAMS,6634.0,251.0,0.0,0.0,0.0,0.0,6636,251,0.0,0.0,0.0,0.0,6635.0,0.0
0,51700,JAMS,6635.0,100.0,6634.0,199.0,0.0,0.0,6636,100,6637.0,199.0,0.0,0.0,6635.5,0.0
0,51800,JAMS,6634.0,226.0,0.0,0.0,0.0,0.0,6636,226,0.0,0.0,0.0,0.0,6635.0,0.0
0,51900,JAMS,6634.0,240.0,0.0,0.0,0.0,0.0,6636,240,0.0,0.0,0.0,0.0,6635.0,0.0
0,52000,JAMS,6635.0,100.0,6634.0,113.0,0.0,0.0,6636,100,6637.0,113.0,0.0,0.0,6635.5,0.0
0,52100,JAMS,6635.0,283.0,0.0,0.0,0.0,0.0,6637,283,0.0,0.0,0.0,0.0,6636.0,0.0
0,52200,JAMS,6635.0,218.0,0.0,0.0,0.0,0.0,6637,218,0.0,0.0,0.0,0.0,6636.0,0.0
0,52300,JAMS,6635.0,254.0,0.0,0.0,0.0,0.0,6637,254,0.0,0.0,0.0,0.0,6636.0,0.0
0,52400,JAMS,6635.0,91.0,6634.0,170.0,0.0,0.0,6636,91,6637.0,170.0,0.0,0.0,6635.5,0.0
0,52500,JAMS,6635.0,239.0,0.0,0.0,0.0,0.0,6637,239,0.0,0.0,0.0,0.0,6636.0,0.0
0,52600,JAMS,6635.0,213.0,0.0,0.0,0.0,0.0,6637,213,0.0,0.0,0.0,0.0,6636.0,0.0
0,52700,JAMS,6636.0,9.0,6635.0,220.0,0.0,0.0,6637,220,0.0,0.0,0.0,0.0,6636.5,0.0
0,52800,JAMS,6635.0,283.0,0.0,0.0,0.0,0.0,6637,283,0.0,0.0,0.0,0.0,6636.0,0.0
0,52900,JAMS,6635.0,198.0,0.0,0.0,0.0,0.0,6637,198,0.0,0.0,0.0,0.0,6636.0,0.0
0,53000,JAMS,6635.0,244.0,0.0,0.0,0.0,0.0,6637,244,0.0,0.0,0.0,0.0,6636.0,0.0
0,53100,JAMS,6635.0,181.0,0.0,0.0,0.0,0.0,6637,181,0.0,0.0,0.0,0.0,6636.0,0.0
0,53200,JAMS,6636.0,79.0,6635.0,184.0,0.0,0.0,6637,79,6638.0,184.0,0.0,0.0,6636.5,0.0
0,53300,JAMS,6635.0,250.0,0.0,0.0,0.0,0.0,6637,250,0.0,0.0,0.0,0.0,6636.0,0.0
0,53400,JAMS,6635.0,241.0,0.0,0.0,0.0,0.0,6636,11,6637.0,241.0,0.0,0.0,6635.5,0.0
0,53500,JAMS,6635.0,206.0,0.0,0.0,0.0,0.0,6637,206,0.0,0.0,0.0,0.0,6636.0,0.0
0,53600,JAMS,6635.0,245.0,0.0,0.0,0.0,0.0,6637,245,0.0,0.0,0.0,0.0,6636.0,0.0
0,53700,JAMS,6636.0,254.0,0.0,0.0,0.0,0.0,6638,254,0.0,0.0,0.0,0.0,6637.0,0.0
0,53800,JAMS,6636.0,203.0,0.0,0.0,0.0,0.0,6638,195,0.0,0.0,0.0,0.0,6637.0,0.0
0,53900,JAMS,6636.0,216.0,0.0,0.0,0.0,0.0,6638,216,0.0,0.0,0.0,0.0,6637.0,0.0
0,54000,JAMS,6636.0,77.0,6635.0,185.0,0.0,0.0,6637,77,6638.0,185.0,0.0,0.0,6636.5,0.0
0,54100,JAMS,6636.0,78.0,6635.0,135.0,0.0,0.0,6637,78,6638.0,135.0,0.0,0.0,6636.5,0.0
0,54200,JAMS,6635.0,211.0,0.0,0.0,0.0,0.0,6637,211,0.0,0.0,0.0,0.0,6636.0,0.0
0,54300,JAMS,6635.0,87.0,6634.0,155.0,0.0,0.0,6636,242,0.0,0.0,0.0,0.0,6635.5,0.0
0,54400,JAMS,6635.0,56.0,6634.0,199.0,0.0,0.0,6636,56,6637.0,199.0,0.0,0.0,6635.5,0.0
0,54500,JAMS,6635.0,53.0,6634.0,198.0,0.0,0.0,6636,53,6637.0,198.0,0.0,0.0,6635.5,0.0
0,54600,JAMS,6635.0,259.0,0.0,0.0,0.0,0.0,6637,259,0.0,0.0,0.0,0.0,6636.0,0.0
0,54700,JAMS,6634.0,171.0,0.0,0.0,0.0,0.0,6636,171,0.0,0.0,0.0,0.0,6635.0,0.0
0,54800,JAMS,6634.0,252.0,0.0,0.0,0.0,0.0,6636,252,0.0,0.0,0.0,0.0,6635.0,0.0
0,54900,JAMS,6633.0,278.0,0.0,0.0,0.0,0.0,6635,278,0.0,0.0,0.0,0.0,6634.0,0.0
0,55000,JAMS,6634.0,78.0,6633.0,186.0,0.0,0.0,6635,78,6636.0,186.0,0.0,0.0,6634.5,0.0
0,55100,JAMS,6634.0,60.0,6633.0,108.0,0.0,0.0,6635,60,6636.0,108.0,0.0,0.0,6634.5,0.0
0,55200,JAMS,6633.0,261.0,0.0,0.0,0.0,0.0,6635,261,0.0,0.0,0.0,0.0,6634.0,0.0
0,55300,JAMS,6633.0,247.0,0.0,0.0,0.0,0.0,6635,247,0.0,0.0,0.0,0.0,6634.0,0.0
0,55400,JAMS,6634.0,78.0,6633.0,160.0,0.0,0.0,6635,78,6636.0,160.0,0.0,0.0,6634.5,0.0
0,55500,JAMS,6633.0,163.0,0.0,0.0,0.0,0.0,6635,163,0.0,0.0,0.0,0.0,6634.0,0.0
0,55600,JAMS,6633.0,281.0,0.0,0.0,0.0,0.0,6635,281,0.0,0.0,0.0,0.0,6634.0,0.0
0,55700,JAMS,6633.0,189.0,0.0,0.0,0.0,0.0,6635,189,0.0,0.0,0.0,0.0,6634.0,0.0
0,55800,JAMS,6633.0,180.0,0.0,0.0,0.0,0.0,6635,180,0.0,0.0,0.0,0.0,6634.0,0.0
0,55900,JAMS,6633.0,215.0,0.0,0.0,0.0,0.0,6635,215,0.0,0.0,0.0,0.0,6634.0,0.0
0,56000,JAMS,6633.0,195.0,0.0,0.0,0.0,0.0,6635,195,0.0,0.0,0.0,0.0,6634.0,0.0
0,56100,JAMS,6633.0,231.0,0.0,0.0,0.0,0.0,6635,224,0.0,0.0,0.0,0.0,6634.0,0.0
0,56200,JAMS,6633.0,248.0,0.0,0.0,0.0,0.0,6635,248,0.0,0.0,0.0,0.0,6634.0,0.0
0,56300,JAMS,6632.0,199.0,0.0,0.0,0.0,0.0,6634,199,0.0,0.0,0.0,0.0,6633.0,0.0
0,56400,JAMS,6632.0,224.0,0.0,0.0,0.0,0.0,6634,224,0.0,0.0,0.0,0.0,6633.0,0.0
0,56500,JAMS,6633.0,86.0,6632.0,181.0,0.0,0.0,6634,86,6635.0,181.0,0.0,0.0,6633.5,0.0
0,56600,JAMS,6632.0,211.0,0.0,0.0,0.0,0.0,6634,211,0.0,0.0,0.0,0.0,6633.0,0.0
0,56700,JAMS,6632.0,254.0,0.0,0.0,0.0,0.0,6634,254,0.0,0.0,0.0,0.0,6633.0,0.0
0,56800,JAMS,6632.0,245.0,0.0,0.0,0.0,0.0,6634,245,0.0,0.0,0.0,0.0,6633.0,0.0
0,56900,JAMS,6632.0,194.0,0.0,0.0,0.0,0.0,6634,194,0.0,0.0,0.0,0.0,6633.0,0.0
0,57000,JAMS,6632.0,203.0,0.0,0.0,0.0,0.0,6634,203,0.0,0.0,0.0,0.0,6633.0,0.0
0,57100,JAMS,6632.0,88.0,6631.0,122.0,0.0,0.0,6633,88,6634.0,122.0,0.0,0.0,6632.5,0.0
0,57200,JAMS,6631.0,194.0,0.0,0.0,0.0,0.0,6633,194,0.0,0.0,0.0,0.0,6632.0,0.0
0,57300,JAMS,6631.0,242.0,0.0,0.0,0.0,0.0,6633,242,0.0,0.0,0.0,0.0,6632.0,0.0
0,57400,JAMS,6631.0,220.0,0.0,0.0,0.0,0.0,6632,8,6633.0,220.0,0.0,0.0,6631.5,0.0
0,57500,JAMS,6631.0,193.0,0.0,0.0,0.0,0.0,6633,193,0.0,0.0,0.0,0.0,6632.0,0.0
0,57600,JAMS,6630.0,251.0,0.0,0.0,0.0,0.0,6632,251,0.0,0.0,0.0,0.0,6631.0,0.0
0,57700,JAMS,6630.0,220.0,0.0,0.0,0.0,0.0,6632,220,0.0,0.0,0.0,0.0,6631.0,0.0
0,57800,JAMS,6630.0,197.0,0.0,0.0,0.0,0.0,6632,186,0.0,0.0,0.0,0.0,6631.0,0.0
0,57900,JAMS,6630.0,255.0,0.0,0.0,0.0,0.0,6632,255,0.0,0.0,0.0,0.0,6631.0,0.0
0,58000,JAMS,6630.0,80.0,6629.0,133.0,0.0,0.0,6631,80,6632.0,133.0,0.0,0.0,6630.5,0.0
0,58100,JAMS,6629.0,229.0,0.0,0.0,0.0,0.0,6631,229,0.0,0.0,0.0,0.0,6630.0,0.0
0,58200,JAMS,6629.0,175.0,0.0,0.0,0.0,0.0,6631,175,0.0,0.0,0.0,0.0,6630.0,0.0
0,58300,JAMS,6629.0,230.0,0.0,0.0,0.0,0.0,6631,230,0.0,0.0,0.0,0.0,6630.0,0.0
0,58400,JAMS,6630.0,96.0,6629.0,139.0,0.0,0.0,6631,96,6632.0,139.0,0.0,0.0,6630.5,0.0
0,58500,JAMS,6629.0,255.0,0.0,0.0,0.0,0.0,6631,255,0.0,0.0,0.0,0.0,6630.0,0.0
0,58600,JAMS,6629.0,208.0,0.0,0.0,0.0,0.0,6631,208,0.0,0.0,0.0,0.0,6630.0,0.0
0,58700,JAMS,6629.0,225.0,0.0,0.0,0.0,0.0,6631,225,0.0,0.0,0.0,0.0,6630.0,0.0
0,58800,JAMS,6630.0,53.0,6629.0,173.0,0.0,0.0,6631,53,6632.0,173.0,0.0,0.0,6630.5,0.0
0,58900,JAMS,6629.0,210.0,0.0,0.0,0.0,0.0,6630,9,6631.0,210.0,0.0,0.0,6629.5,0.0
0,59000,JAMS,6630.0,228.0,0.0,0.0,0.0,0.0,6632,228,0.0,0.0,0.0,0.0,6631.0,0.0
0,59100,JAMS,6629.0,232.0,0.0,0.0,0.0,0.0,6631,232,0.0,0.0,0.0,0.0,6630.0,0.0
0,59200,JAMS,6630.0,98.0,6629.0,175.0,0.0,0.0,6631,98,6632.0,175.0,0.0,0.0,6630.5,0.0
0,59300,JAMS,6630.0,57.0,6629.0,184.0,0.0,0.0,6631,57,6632.0,184.0,0.0,0.0,6630.5,0.0
0,59400,JAMS,6629.0,224.0,0.0,0.0,0.0,0.0,6631,224,0.0,0.0,0.0,0.0,6630.0,0.0
0,59500,JAMS,6629.0,265.0,0.0,0.0,0.0,0.0,6631,265,0.0,0.0,0.0,0.0,6630.0,0.0
0,59600,JAMS,6630.0,87.0,6629.0,168.0,0.0,0.0,6631,87,6632.0,168.0,0.0,0.0,6630.5,0.0
0,59700,JAMS,6629.0,265.0,0.0,0.0,0.0,0.0,6631,265,0.0,0.0,0.0,0.0,6630.0,0.0
0,59800,JAMS,6629.0,219.0,0.0,0.0,0.0,0.0,6631,219,0.0,0.0,0.0,0.0,6630.0,0.0
0,59900,JAMS,6629.0,192.0,0.0,0.0,0.0,0.0,6631,192,0.0,0.0,0.0,0.0,6630.0,0.0
0,60000,JAMS,6629.0,234.0,0.0,0.0,0.0,0.0,6631,234,0.0,0.0,0.0,0.0,6630.0,0.0
0,60100,JAMS,6629.0,218.0,0.0,0.0,0.0,0.0,6631,218,0.0,0.0,0.0,0.0,6630.0,0.0
0,60200,JAMS,6629.0,232.0,0.0,0.0,0.0,0.0,6631,232,0.0,0.0,0.0,0.0,6630.0,0.0
0,60300,JAMS,6629.0,248.0,0.0,0.0,0.0,0.0,6631,248,0.0,0.0,0.0,0.0,6630.0,0.0
0,60400,JAMS,6629.0,67.0,6628.0,109.0,0.0,0.0,6630,67,6631.0,109.0,0.0,0.0,6629.5,0.0
0,60500,JAMS,6629.0,99.0,6628.0,194.0,0.0,0.0,6630,99,6631.0,194.0,0.0,0.0,6629.5,0.0
0,60600,JAMS,6629.0,98.0,6628.0,141.0,0.0,0.0,6630,98,6631.0,141.0,0.0,0.0,6629.5,0.0
0,60700,JAMS,6629.0,83.0,6628.0,194.0,0.0,0.0,6630,83,6631.0,194.0,0.0,0.0,6629.5,0.0
0,60800,JAMS,6629.0,98.0,6628.0,104.0,0.0,0.0,6630,98,6631.0,104.0,0.0,0.0,6629.5,0.0
0,60900,JAMS,6628.0,268.0,0.0,0.0,0.0,0.0,6630,268,0.0,0.0,0.0,0.0,6629.0,0.0
0,61000,JAMS,6628.0,228.0,0.0,0.0,0.0,0.0,6630,228,0.0,0.0,0.0,0.0,6629.0,0.0
0,61100,JAMS,6628.0,64.0,6627.0,157.0,0.0,0.0,6629,64,6630.0,157.0,0.0,0.0,6628.5,0.0
0,61200,JAMS,6628.0,63.0,6627.0,156.0,0.0,0.0,6629,63,6630.0,156.0,0.0,0.0,6628.5,0.0
0,61300,JAMS,6628.0,80.0,6627.0,124.0,0.0,0.0,6629,80,6630.0,124.0,0.0,0.0,6628.5,0.0
0,61400,JAMS,6628.0,59.0,6627.0,172.0,0.0,0.0,6629,59,6630.0,172.0,0.0,0.0,6628.5,0.0
0,61500,JAMS,6628.0,197.0,0.0,0.0,0.0,0.0,6630,197,0.0,0.0,0.0,0.0,6629.0,0.0
0,61600,JAMS,6628.0,225.0,0.0,0.0,0.0,0.0,6630,225,0.0,0.0,0.0,0.0,6629.0,0.0
0,61700,JAMS,6627.0,247.0,0.0,0.0,0.0,0.0,6629,247,0.0,0.0,0.0,0.0,6628.0,0.0
0,61800,JAMS,6628.0,197.0,0.0,0.0,0.0,0.0,6630,197,0.0,0.0,0.0,0.0,6629.0,0.0
0,61900,JAMS,6629.0,89.0,6628.0,183.0,0.0,0.0,6630,89,6631.0,183.0,0.0,0.0,6629.5,0.0
0,62000,JAMS,6629.0,93.0,6628.0,161.0,0.0,0.0,6630,93,6631.0,161.0,0.0,0.0,6629.5,0.0
0,62100,JAMS,6628.0,276.0,0.0,0.0,0.0,0.0,6629,10,6630.0,276.0,0.0,0.0,6628.5,0.0
0,62200,JAMS,6628.0,257.0,0.0,0.0,0.0,0.0,6630,257,0.0,0.0,0.0,0.0,6629.0,0.0
0,62300,JAMS,6629.0,228.0,0.0,0.0,0.0,0.0,6631,228,0.0,0.0,0.0,0.0,6630.0,0.0
0,62400,JAMS,6629.0,60.0,6628.0,183.0,0.0,0.0,6630,60,6631.0,183.0,0.0,0.0,6629.5,0.0
0,62500,JAMS,6628.0,259.0,0.0,0.0,0.0,0.0,6630,259,0.0,0.0,0.0,0.0,6629.0,0.0
0,62600,JAMS,6629.0,229.0,0.0,0.0,0.0,0.0,6631,229,0.0,0.0,0.0,0.0,6630.0,0.0
0,62700,JAMS,6630.0,262.0,0.0,0.0,0.0,0.0,6632,262,0.0,0.0,0.0,0.0,6631.0,0.0
0,62800,JAMS,6631.0,165.0,0.0,0.0,0.0,0.0,6633,169,0.0,0.0,0.0,0.0,6632.0,0.0
0,62900,JAMS,6631.0,59.0,6630.0,173.0,0.0,0.0,6632,59,6633.0,173.0,0.0,0.0,6631.5,0.0
0,63000,JAMS,6632.0,82.0,6631.0,193.0,0.0,0.0,6633,82,6634.0,193.0,0.0,0.0,6632.5,0.0
0,63100,JAMS,6630.0,194.0,0.0,0.0,0.0,0.0,6632,194,0.0,0.0,0.0,0.0,6631.0,0.0
0,63200,JAMS,6631.0,88.0,6630.0,174.0,0.0,0.0,6632,88,6633.0,174.0,0.0,0.0,6631.5,0.0
0,63300,JAMS,6631.0,276.0,0.0,0.0,0.0,0.0,6633,276,0.0,0.0,0.0,0.0,6632.0,0.0
0,63400,JAMS,6631.0,252.0,0.0,0.0,0.0,0.0,6633,252,0.0,0.0,0.0,0.0,6632.0,0.0
0,63500,JAMS,6631.0,243.0,0.0,0.0,0.0,0.0,6633,243,0.0,0.0,0.0,0.0,6632.0,0.0
0,63600,JAMS,6631.0,80.0,6630.0,120.0,0.0,0.0,6632,80,6633.0,120.0,0.0,0.0,6631.5,0.0
0,63700,JAMS,6631.0,203.0,0.0,0.0,0.0,0.0,6633,203,0.0,0.0,0.0,0.0,6632.0,0.0
0,63800,JAMS,6631.0,55.0,6630.0,116.0,0.0,0.0,6632,55,6633.0,116.0,0.0,0.0,6631.5,0.0
0,63900,JAMS,6631.0,250.0,0.0,0.0,0.0,0.0,6633,250,0.0,0.0,0.0,0.0,6632.0,0.0
0,64000,JAMS,6631.0,201.0,0.0,0.0,0.0,0.0,6633,201,0.0,0.0,0.0,0.0,6632.0,0.0
0,64100,JAMS,6631.0,192.0,0.0,0.0,0.0,0.0,6633,192,0.0,0.0,0.0,0.0,6632.0,0.0
0,64200,JAMS,6631.0,273.0,0.0,0.0,0.0,0.0,6633,273,0.0,0.0,0.0,0.0,6632.0,0.0
0,64300,JAMS,6632.0,52.0,6631.0,111.0,0.0,0.0,6633,52,6634.0,111.0,0.0,0.0,6632.5,0.0
0,64400,JAMS,6632.0,252.0,0.0,0.0,0.0,0.0,6634,252,0.0,0.0,0.0,0.0,6633.0,0.0
0,64500,JAMS,6632.0,91.0,6631.0,188.0,0.0,0.0,6633,91,6634.0,188.0,0.0,0.0,6632.5,0.0
0,64600,JAMS,6632.0,174.0,0.0,0.0,0.0,0.0,6634,174,0.0,0.0,0.0,0.0,6633.0,0.0
0,64700,JAMS,6632.0,244.0,0.0,0.0,0.0,0.0,6634,244,0.0,0.0,0.0,0.0,6633.0,0.0
0,64800,JAMS,6632.0,73.0,6631.0,163.0,0.0,0.0,6633,73,6634.0,163.0,0.0,0.0,6632.5,0.0
0,64900,JAMS,6631.0,260.0,0.0,0.0,0.0,0.0,6633,260,0.0,0.0,0.0,0.0,6632.0,0.0
0,65000,JAMS,6631.0,194.0,0.0,0.0,0.0,0.0,6633,194,0.0,0.0,0.0,0.0,6632.0,0.0
0,65100,JAMS,6631.0,166.0,0.0,0.0,0.0,0.0,6633,166,0.0,0.0,0.0,0.0,6632.0,0.0
0,65200,JAMS,6632.0,5.0,6631.0,184.0,0.0,0.0,6633,184,0.0,0.0,0.0,0.0,6632.5,0.0
0,65300,JAMS,6632.0,51.0,6631.0,189.0,0.0,0.0,6633,51,6634.0,189.0,0.0,0.0,6632.5,0.0
0,65400,JAMS,6632.0,261.0,0.0,0.0,0.0,0.0,6634,261,0.0,0.0,0.0,0.0,6633.0,0.0
0,65500,JAMS,6632.0,208.0,0.0,0.0,0.0,0.0,6634,208,0.0,0.0,0.0,0.0,6633.0,0.0
0,65600,JAMS,6632.0,244.0,0.0,0.0,0.0,0.0,6634,244,0.0,0.0,0.0,0.0,6633.0,0.0
0,65700,JAMS,6632.0,210.0,0.0,0.0,0.0,0.0,6634,210,0.0,0.0,0.0,0.0,6633.0,0.0
0,65800,JAMS,6632.0,267.0,0.0,0.0,0.0,0.0,6634,267,0.0,0.0,0.0,0.0,6633.0,0.0
0,65900,JAMS,6632.0,157.0,0.0,0.0,0.0,0.0,6634,157,0.0,0.0,0.0,0.0,6633.0,0.0
0,66000,JAMS,6632.0,213.0,0.0,0.0,0.0,0.0,6634,213,0.0,0.0,0.0,0.0,6633.0,0.0
0,66100,JAMS,6632.0,181.0,0.0,0.0,0.0,0.0,6634,181,0.0,0.0,0.0,0.0,6633.0,0.0
0,66200,JAMS,6631.0,176.0,0.0,0.0,0.0,0.0,6633,176,0.0,0.0,0.0,0.0,6632.0,0.0
0,66300,JAMS,6631.0,209.0,0.0,0.0,0.0,0.0,6633,209,0.0,0.0,0.0,0.0,6632.0,0.0
0,66400,JAMS,6632.0,69.0,6631.0,164.0,0.0,0.0,6633,69,6634.0,164.0,0.0,0.0,6632.5,0.0
0,66500,JAMS,6632.0,92.0,6631.0,181.0,0.0,0.0,6633,92,6634.0,181.0,0.0,0.0,6632.5,0.0
0,66600,JAMS,6632.0,53.0,6631.0,163.0,0.0,0.0,6633,62,6634.0,163.0,0.0,0.0,6632.5,0.0
0,66700,JAMS,6632.0,83.0,6631.0,118.0,0.0,0.0,6633,83,6634.0,118.0,0.0,0.0,6632.5,0.0
0,66800,JAMS,6632.0,283.0,0.0,0.0,0.0,0.0,6634,283,0.0,0.0,0.0,0.0,6633.0,0.0
0,66900,JAMS,6633.0,70.0,6632.0,149.0,0.0,0.0,6634,70,6635.0,149.0,0.0,0.0,6633.5,0.0
0,67000,JAMS,6633.0,110.0,6632.0,175.0,0.0,0.0,6634,99,6635.0,175.0,0.0,0.0,6633.5,0.0
0,67100,JAMS,6633.0,9.0,6632.0,255.0,0.0,0.0,6634,255,0.0,0.0,0.0,0.0,6633.5,0.0
0,67200,JAMS,6632.0,244.0,0.0,0.0,0.0,0.0,6634,244,0.0,0.0,0.0,0.0,6633.0,0.0
0,67300,JAMS,6632.0,289.0,0.0,0.0,0.0,0.0,6634,289,0.0,0.0,0.0,0.0,6633.0,0.0
0,67400,JAMS,6633.0,9.0,6632.0,211.0,0.0,0.0,6634,211,0.0,0.0,0.0,0.0,6633.5,0.0
0,67500,JAMS,6632.0,156.0,0.0,0.0,0.0,0.0,6634,156,0.0,0.0,0.0,0.0,6633.0,0.0
0,67600,JAMS,6632.0,228.0,0.0,0.0,0.0,0.0,6634,228,0.0,0.0,0.0,0.0,6633.0,0.0
0,67700,JAMS,6632.0,241.0,0.0,0.0,0.0,0.0,6634,241,0.0,0.0,0.0,0.0,6633.0,0.0
0,67800,JAMS,6632.0,177.0,0.0,0.0,0.0,0.0,6634,177,0.0,0.0,0.0,0.0,6633.0,0.0
0,67900,JAMS,6631.0,241.0,0.0,0.0,0.0,0.0,6633,241,0.0,0.0,0.0,0.0,6632.0,0.0
0,68000,JAMS,6632.0,95.0,6631.0,116.0,0.0,0.0,6633,95,6634.0,116.0,0.0,0.0,6632.5,0.0
0,68100,JAMS,6632.0,95.0,6631.0,159.0,0.0,0.0,6633,95,6634.0,159.0,0.0,0.0,6632.5,0.0
0,68200,JAMS,6632.0,66.0,6631.0,115.0,0.0,0.0,6633,66,6634.0,115.0,0.0,0.0,6632.5,0.0
0,68300,JAMS,6632.0,86.0,6631.0,196.0,0.0,0.0,6633,86,6634.0,196.0,0.0,0.0,6632.5,0.0
0,68400,JAMS,6632.0,62.0,6631.0,124.0,0.0,0.0,6633,62,6634.0,124.0,0.0,0.0,6632.5,0.0
0,68500,JAMS,6632.0,51.0,6631.0,198.0,0.0,0.0,6633,57,6634.0,198.0,0.0,0.0,6632.5,0.0
0,68600,JAMS,6632.0,72.0,6631.0,151.0,0.0,0.0,6633,72,6634.0,151.0,0.0,0.0,6632.5,0.0
0,68700,JAMS,6632.0,94.0,6631.0,163.0,0.0,0.0,6633,94,6634.0,163.0,0.0,0.0,6632.5,0.0
0,68800,JAMS,6632.0,82.0,6631.0,195.0,0.0,0.0,6633,82,6634.0,195.0,0.0,0.0,6632.5,0.0
0,68900,JAMS,6630.0,206.0,0.0,0.0,0.0,0.0,6632,206,0.0,0.0,0.0,0.0,6631.0,0.0
0,69000,JAMS,6631.0,85.0,6630.0,111.0,0.0,0.0,6632,85,6633.0,111.0,0.0,0.0,6631.5,0.0
0,69100,JAMS,6631.0,256.0,0.0,0.0,0.0,0.0,6633,256,0.0,0.0,0.0,0.0,6632.0,0.0
0,69200,JAMS,6631.0,82.0,6630.0,157.0,0.0,0.0,6632,82,6633.0,157.0,0.0,0.0,6631.5,0.0
0,69300,JAMS,6631.0,88.0,6630.0,179.0,0.0,0.0,6632,88,6633.0,179.0,0.0,0.0,6631.5,0.0
0,69400,JAMS,6631.0,275.0,0.0,0.0,0.0,0.0,6633,275,0.0,0.0,0.0,0.0,6632.0,0.0
0,69500,JAMS,6631.0,240.0,0.0,0.0,0.0,0.0,6633,240,0.0,0.0,0.0,0.0,6632.0,0.0
0,69600,JAMS,6630.0,187.0,0.0,0.0,0.0,0.0,6632,187,0.0,0.0,0.0,0.0,6631.0,0.0
0,69700,JAMS,6630.0,206.0,0.0,0.0,0.0,0.0,6631,11,6632.0,206.0,0.0,0.0,6630.5,0.0
0,69800,JAMS,6630.0,205.0,0.0,0.0,0.0,0.0,6632,205,0.0,0.0,0.0,0.0,6631.0,0.0
0,69900,JAMS,6629.0,265.0,0.0,0.0,0.0,0.0,6630,5,6631.0,265.0,0.0,0.0,6629.5,0.0
0,70000,JAMS,6629.0,240.0,0.0,0.0,0.0,0.0,6631,240,0.0,0.0,0.0,0.0,6630.0,0.0
0,70100,JAMS,6630.0,70.0,6629.0,140.0,0.0,0.0,6631,70,6632.0,140.0,0.0,0.0,6630.5,0.0
0,70200,JAMS,6630.0,99.0,6629.0,126.0,0.0,0.0,6631,99,6632.0,126.0,0.0,0.0,6630.5,0.0
0,70300,JAMS,6629.0,206.0,0.0,0.0,0.0,0.0,6631,206,0.0,0.0,0.0,0.0,6630.0,0.0
0,70400,JAMS,6629.0,231.0,0.0,0.0,0.0,0.0,6631,231,0.0,0.0,0.0,0.0,6630.0,0.0
0,70500,JAMS,6629.0,217.0,0.0,0.0,0.0,0.0,6631,217,0.0,0.0,0.0,0.0,6630.0,0.0
0,70600,JAMS,6629.0,255.0,0.0,0.0,0.0,0.0,6631,255,0.0,0.0,0.0,0.0,6630.0,0.0
0,70700,JAMS,6629.0,164.0,0.0,0.0,0.0,0.0,6631,164,0.0,0.0,0.0,0.0,6630.0,0.0
0,70800,JAMS,6629.0,204.0,0.0,0.0,0.0,0.0,6631,204,0.0,0.0,0.0,0.0,6630.0,0.0
0,70900,JAMS,6629.0,205.0,0.0,0.0,0.0,0.0,6631,205,0.0,0.0,0.0,0.0,6630.0,0.0
0,71000,JAMS,6630.0,69.0,6629.0,166.0,0.0,0.0,6631,77,6632.0,166.0,0.0,0.0,6630.5,0.0
0,71100,JAMS,6630.0,71.0,6629.0,140.0,0.0,0.0,6631,71,6632.0,140.0,0.0,0.0,6630.5,0.0
0,71200,JAMS,6630.0,67.0,6629.0,172.0,0.0,0.0,6631,67,6632.0,172.0,0.0,0.0,6630.5,0.0
0,71300,JAMS,6630.0,86.0,6629.0,101.0,0.0,0.0,6631,86,6632.0,101.0,0.0,0.0,6630.5,0.0
0,71400,JAMS,6630.0,58.0,6629.0,199.0,0.0,0.0,6631,58,6632.0,199.0,0.0,0.0,6630.5,0.0
0,71500,JAMS,6630.0,51.0,6629.0,190.0,0.0,0.0,6631,51,6632.0,190.0,0.0,0.0,6630.5,0.0
0,71600,JAMS,6630.0,86.0,6629.0,143.0,0.0,0.0,6631,86,6632.0,143.0,0.0,0.0,6630.5,0.0
0,71700,JAMS,6631.0,172.0,0.0,0.0,0.0,0.0,6633,168,0.0,0.0,0.0,0.0,6632.0,0.0
0,71800,JAMS,6631.0,215.0,0.0,0.0,0.0,0.0,6633,215,0.0,0.0,0.0,0.0,6632.0,0.0
0,71900,JAMS,6631.0,263.0,0.0,0.0,0.0,0.0,6633,263,0.0,0.0,0.0,0.0,6632.0,0.0
0,72000,JAMS,6631.0,171.0,0.0,0.0,0.0,0.0,6633,171,0.0,0.0,0.0,0.0,6632.0,0.0
0,72100,JAMS,6631.0,192.0,0.0,0.0,0.0,0.0,6633,192,0.0,0.0,0.0,0.0,6632.0,0.0
0,72200,JAMS,6631.0,176.0,0.0,0.0,0.0,0.0,6633,176,0.0,0.0,0.0,0.0,6632.0,0.0
0,72300,JAMS,6631.0,178.0,0.0,0.0,0.0,0.0,6633,178,0.0,0.0,0.0,0.0,6632.0,0.0
0,72400,JAMS,6631.0,71.0,6630.0,122.0,0.0,0.0,6632,71,6633.0,122.0,0.0,0.0,6631.5,0.0
0,72500,JAMS,6631.0,96.0,6630.0,128.0,0.0,0.0,6632,96,6633.0,128.0,0.0,0.0,6631.5,0.0
0,72600,JAMS,6631.0,86.0,6630.0,146.0,0.0,0.0,6632,86,6633.0,146.0,0.0,0.0,6631.5,0.0
0,72700,JAMS,6631.0,188.0,0.0,0.0,0.0,0.0,6633,188,0.0,0.0,0.0,0.0,6632.0,0.0
0,72800,JAMS,6631.0,251.0,0.0,0.0,0.0,0.0,6633,251,0.0,0.0,0.0,0.0,6632.0,0.0
0,72900,JAMS,6631.0,213.0,0.0,0.0,0.0,0.0,6633,213,0.0,0.0,0.0,0.0,6632.0,0.0
0,73000,JAMS,6631.0,193.0,0.0,0.0,0.0,0.0,6633,189,0.0,0.0,0.0,0.0,6632.0,0.0
0,73100,JAMS,6631.0,229.0,0.0,0.0,0.0,0.0,6633,229,0.0,0.0,0.0,0.0,6632.0,0.0
0,73200,JAMS,6632.0,85.0,6631.0,164.0,0.0,0.0,6633,85,6634.0,164.0,0.0,0.0,6632.5,0.0
0,73300,JAMS,6631.0,253.0,0.0,0.0,0.0,0.0,6633,253,0.0,0.0,0.0,0.0,6632.0,0.0
0,73400,JAMS,6631.0,87.0,6630.0,185.0,0.0,0.0,6632,87,6633.0,185.0,0.0,0.0,6631.5,0.0
0,73500,JAMS,6631.0,94.0,6630.0,148.0,0.0,0.0,6632,94,6633.0,148.0,0.0,0.0,6631.5,0.0
0,73600,JAMS,6630.0,259.0,0.0,0.0,0.0,0.0,6632,259,0.0,0.0,0.0,0.0,6631.0,0.0
0,73700,JAMS,6630.0,242.0,0.0,0.0,0.0,0.0,6632,242,0.0,0.0,0.0,0.0,6631.0,0.0
0,73800,JAMS,6630.0,97.0,6629.0,159.0,0.0,0.0,6631,97,6632.0,159.0,0.0,0.0,6630.5,0.0
0,73900,JAMS,6630.0,198.0,0.0,0.0,0.0,0.0,6632,198,0.0,0.0,0.0,0.0,6631.0,0.0
0,74000,JAMS,6630.0,210.0,0.0,0.0,0.0,0.0,6632,210,0.0,0.0,0.0,0.0,6631.0,0.0
0,74100,JAMS,6630.0,205.0,0.0,0.0,0.0,0.0,6632,214,0.0,0.0,0.0,0.0,6631.0,0.0
0,74200,JAMS,6630.0,255.0,0.0,0.0,0.0,0.0,6632,255,0.0,0.0,0.0,0.0,6631.0,0.0
0,74300,JAMS,6630.0,212.0,0.0,0.0,0.0,0.0,6632,212,0.0,0.0,0.0,0.0,6631.0,0.0
0,74400,JAMS,6630.0,238.0,0.0,0.0,0.0,0.0,6632,238,0.0,0.0,0.0,0.0,6631.0,0.0
0,74500,JAMS,6630.0,185.0,0.0,0.0,0.0,0.0,6632,185,0.0,0.0,0.0,0.0,6631.0,0.0
0,74600,JAMS,6630.0,228.0,0.0,0.0,0.0,0.0,6632,228,0.0,0.0,0.0,0.0,6631.0,0.0
0,74700,JAMS,6631.0,11.0,6630.0,201.0,0.0,0.0,6632,201,0.0,0.0,0.0,0.0,6631.5,0.0
0,74800,JAMS,6630.0,247.0,0.0,0.0,0.0,0.0,6632,242,0.0,0.0,0.0,0.0,6631.0,0.0
0,74900,JAMS,6630.0,229.0,0.0,0.0,0.0,0.0,6632,229,0.0,0.0,0.0,0.0,6631.0,0.0
0,75000,JAMS,6630.0,184.0,0.0,0.0,0.0,0.0,6631,51,6632.0,133.0,0.0,0.0,6630.5,0.0
0,75100,JAMS,6631.0,227.0,0.0,0.0,0.0,0.0,6633,227,0.0,0.0,0.0,0.0,6632.0,0.0
0,75200,JAMS,6631.0,188.0,0.0,0.0,0.0,0.0,6633,188,0.0,0.0,0.0,0.0,6632.0,0.0
0,75300,JAMS,6631.0,230.0,0.0,0.0,0.0,0.0,6633,230,0.0,0.0,0.0,0.0,6632.0,0.0
0,75400,JAMS,6631.0,234.0,0.0,0.0,0.0,0.0,6633,234,0.0,0.0,0.0,0.0,6632.0,0.0
0,75500,JAMS,6631.0,213.0,0.0,0.0,0.0,0.0,6633,213,0.0,0.0,0.0,0.0,6632.0,0.0
0,75600,JAMS,6631.0,229.0,0.0,0.0,0.0,0.0,6633,229,0.0,0.0,0.0,0.0,6632.0,0.0
0,75700,JAMS,6631.0,172.0,0.0,0.0,0.0,0.0,6633,172,0.0,0.0,0.0,0.0,6632.0,0.0
0,75800,JAMS,6631.0,63.0,6630.0,189.0,0.0,0.0,6632,63,6633.0,189.0,0.0,0.0,6631.5,0.0
0,75900,JAMS,6631.0,70.0,6630.0,184.0,0.0,0.0,6632,70,6633.0,184.0,0.0,0.0,6631.5,0.0
0,76000,JAMS,6630.0,228.0,0.0,0.0,0.0,0.0,6631,10,6632.0,228.0,0.0,0.0,6630.5,0.0
0,76100,JAMS,6630.0,246.0,0.0,0.0,0.0,0.0,6632,246,0.0,0.0,0.0,0.0,6631.0,0.0
0,76200,JAMS,6630.0,11.0,6629.0,291.0,0.0,0.0,6631,291,0.0,0.0,0.0,0.0,6630.5,0.0
0,76300,JAMS,6629.0,258.0,0.0,0.0,0.0,0.0,6631,258,0.0,0.0,0.0,0.0,6630.0,0.0
0,76400,JAMS,6629.0,218.0,0.0,0.0,0.0,0.0,6631,218,0.0,0.0,0.0,0.0,6630.0,0.0
0,76500,JAMS,6629.0,232.0,0.0,0.0,0.0,0.0,6631,232,0.0,0.0,0.0,0.0,6630.0,0.0
0,76600,JAMS,6629.0,294.0,0.0,0.0,0.0,0.0,6631,294,0.0,0.0,0.0,0.0,6630.0,0.0
0,76700,JAMS,6629.0,178.0,0.0,0.0,0.0,0.0,6631,178,0.0,0.0,0.0,0.0,6630.0,0.0
0,76800,JAMS,6629.0,222.0,0.0,0.0,0.0,0.0,6631,222,0.0,0.0,0.0,0.0,6630.0,0.0
0,76900,JAMS,6629.0,173.0,0.0,0.0,0.0,0.0,6631,173,0.0,0.0,0.0,0.0,6630.0,0.0
0,77000,JAMS,6629.0,223.0,0.0,0.0,0.0,0.0,6631,223,0.0,0.0,0.0,0.0,6630.0,0.0
0,77100,JAMS,6629.0,260.0,0.0,0.0,0.0,0.0,6631,260,0.0,0.0,0.0,0.0,6630.0,0.0
0,77200,JAMS,6629.0,176.0,0.0,0.0,0.0,0.0,6631,176,0.0,0.0,0.0,0.0,6630.0,0.0
0,77300,JAMS,6629.0,244.0,0.0,0.0,0.0,0.0,6631,244,0.0,0.0,0.0,0.0,6630.0,0.0
0,77400,JAMS,6628.0,270.0,0.0,0.0,0.0,0.0,6630,270,0.0,0.0,0.0,0.0,6629.0,0.0
0,77500,JAMS,6628.0,56.0,6627.0,153.0,0.0,0.0,6629,56,6630.0,153.0,0.0,0.0,6628.5,0.0
0,77600,JAMS,6627.0,241.0,0.0,0.0,0.0,0.0,6629,241,0.0,0.0,0.0,0.0,6628.0,0.0
0,77700,JAMS,6627.0,226.0,0.0,0.0,0.0,0.0,6629,226,0.0,0.0,0.0,0.0,6628.0,0.0
0,77800,JAMS,6628.0,85.0,6627.0,183.0,0.0,0.0,6629,85,6630.0,183.0,0.0,0.0,6628.5,0.0
0,77900,JAMS,6628.0,98.0,6627.0,166.0,0.0,0.0,6629,98,6630.0,166.0,0.0,0.0,6628.5,0.0
0,78000,JAMS,6628.0,84.0,6627.0,158.0,0.0,0.0,6629,84,6630.0,158.0,0.0,0.0,6628.5,0.0
0,78100,JAMS,6628.0,61.0,6627.0,199.0,0.0,0.0,6629,61,6630.0,199.0,0.0,0.0,6628.5,0.0
0,78200,JAMS,6628.0,73.0,6627.0,191.0,0.0,0.0,6629,73,6630.0,191.0,0.0,0.0,6628.5,0.0
0,78300,JAMS,6628.0,59.0,6627.0,121.0,0.0,0.0,6629,59,6630.0,121.0,0.0,0.0,6628.5,0.0
0,78400,JAMS,6628.0,60.0,6627.0,125.0,0.0,0.0,6629,60,6630.0,125.0,0.0,0.0,6628.5,0.0
0,78500,JAMS,6628.0,78.0,6627.0,179.0,0.0,0.0,6629,78,6630.0,179.0,0.0,0.0,6628.5,0.0
0,78600,JAMS,6628.0,56.0,6627.0,191.0,0.0,0.0,6629,56,6630.0,191.0,0.0,0.0,6628.5,0.0
0,78700,JAMS,6627.0,80.0,6626.0,188.0,0.0,0.0,6628,71,6629.0,188.0,0.0,0.0,6627.5,0.0
0,78800,JAMS,6626.0,263.0,0.0,0.0,0.0,0.0,6628,263,0.0,0.0,0.0,0.0,6627.0,0.0
0,78900,JAMS,6626.0,54.0,6625.0,155.0,0.0,0.0,6627,64,6628.0,155.0,0.0,0.0,6626.5,0.0
0,79000,JAMS,6626.0,85.0,6625.0,129.0,0.0,0.0,6627,85,6628.0,129.0,0.0,0.0,6626.5,0.0
0,79100,JAMS,6626.0,96.0,6625.0,192.0,0.0,0.0,6627,96,6628.0,192.0,0.0,0.0,6626.5,0.0
0,79200,JAMS,6626.0,186.0,0.0,0.0,0.0,0.0,6628,186,0.0,0.0,0.0,0.0,6627.0,0.0
0,79300,JAMS,6626.0,184.0,0.0,0.0,0.0,0.0,6628,184,0.0,0.0,0.0,0.0,6627.0,0.0
0,79400,JAMS,6626.0,212.0,0.0,0.0,0.0,0.0,6628,212,0.0,0.0,0.0,0.0,6627.0,0.0
0,79500,JAMS,6626.0,273.0,0.0,0.0,0.0,0.0,6628,273,0.0,0.0,0.0,0.0,6627.0,0.0
0,79600,JAMS,6626.0,254.0,0.0,0.0,0.0,0.0,6628,254,0.0,0.0,0.0,0.0,6627.0,0.0
0,79700,JAMS,6626.0,235.0,0.0,0.0,0.0,0.0,6627,81,6628.0,154.0,0.0,0.0,6626.5,0.0
0,79800,JAMS,6626.0,70.0,6625.0,154.0,0.0,0.0,6627,70,6628.0,154.0,0.0,0.0,6626.5,0.0
0,79900,JAMS,6626.0,44.0,6625.0,197.0,0.0,0.0,6627,50,6628.0,197.0,0.0,0.0,6626.5,0.0
0,80000,JAMS,6626.0,237.0,0.0,0.0,0.0,0.0,6628,237,0.0,0.0,0.0,0.0,6627.0,0.0
0,80100,JAMS,6626.0,92.0,6625.0,166.0,0.0,0.0,6627,92,6628.0,166.0,0.0,0.0,6626.5,0.0
0,80200,JAMS,6626.0,97.0,6625.0,186.0,0.0,0.0,6627,97,6628.0,186.0,0.0,0.0,6626.5,0.0
0,80300,JAMS,6626.0,68.0,6625.0,196.0,0.0,0.0,6627,68,6628.0,196.0,0.0,0.0,6626.5,0.0
0,80400,JAMS,6625.0,170.0,0.0,0.0,0.0,0.0,6627,170,0.0,0.0,0.0,0.0,6626.0,0.0
0,80500,JAMS,6626.0,46.0,6625.0,129.0,0.0,0.0,6627,50,6628.0,129.0,0.0,0.0,6626.5,0.0
0,80600,JAMS,6626.0,242.0,0.0,0.0,0.0,0.0,6628,242,0.0,0.0,0.0,0.0,6627.0,0.0
0,80700,JAMS,6626.0,261.0,0.0,0.0,0.0,0.0,6628,261,0.0,0.0,0.0,0.0,6627.0,0.0
0,80800,JAMS,6626.0,259.0,0.0,0.0,0.0,0.0,6628,259,0.0,0.0,0.0,0.0,6627.0,0.0
0,80900,JAMS,6626.0,243.0,0.0,0.0,0.0,0.0,6628,243,0.0,0.0,0.0,0.0,6627.0,0.0
0,81000,JAMS,6626.0,276.0,0.0,0.0,0.0,0.0,6628,276,0.0,0.0,0.0,0.0,6627.0,0.0
0,81100,JAMS,6626.0,66.0,6625.0,100.0,0.0,0.0,6627,66,6628.0,100.0,0.0,0.0,6626.5,0.0
0,81200,JAMS,6626.0,71.0,6625.0,135.0,0.0,0.0,6627,71,6628.0,135.0,0.0,0.0,6626.5,0.0
0,81300,JAMS,6622.0,224.0,0.0,0.0,0.0,0.0,6624,224,0.0,0.0,0.0,0.0,6623.0,0.0
0,81400,JAMS,6622.0,182.0,0.0,0.0,0.0,0.0,6624,182,0.0,0.0,0.0,0.0,6623.0,0.0
0,81500,JAMS,6622.0,159.0,0.0,0.0,0.0,0.0,6624,159,0.0,0.0,0.0,0.0,6623.0,0.0
0,81600,JAMS,6623.0,202.0,0.0,0.0,0.0,0.0,6625,202,0.0,0.0,0.0,0.0,6624.0,0.0
0,81700,JAMS,6623.0,222.0,0.0,0.0,0.0,0.0,6625,222,0.0,0.0,0.0,0.0,6624.0,0.0
0,81800,JAMS,6624.0,87.0,6623.0,140.0,0.0,0.0,6625,87,6626.0,140.0,0.0,0.0,6624.5,0.0
0,81900,JAMS,6624.0,204.0,0.0,0.0,0.0,0.0,6625,57,6626.0,158.0,0.0,0.0,6624.5,0.0
0,82000,JAMS,6624.0,90.0,6623.0,115.0,0.0,0.0,6625,90,6626.0,115.0,0.0,0.0,6624.5,0.0
0,82100,JAMS,6624.0,60.0,6623.0,153.0,0.0,0.0,6625,60,6626.0,153.0,0.0,0.0,6624.5,0.0
0,82200,JAMS,6624.0,99.0,6623.0,118.0,0.0,0.0,6625,99,6626.0,118.0,0.0,0.0,6624.5,0.0
0,82300,JAMS,6624.0,72.0,6623.0,182.0,0.0,0.0,6625,72,6626.0,182.0,0.0,0.0,6624.5,0.0
0,82400,JAMS,6623.0,281.0,0.0,0.0,0.0,0.0,6624,11,6625.0,281.0,0.0,0.0,6623.5,0.0
0,82500,JAMS,6623.0,191.0,0.0,0.0,0.0,0.0,6625,191,0.0,0.0,0.0,0.0,6624.0,0.0
0,82600,JAMS,6623.0,249.0,0.0,0.0,0.0,0.0,6625,249,0.0,0.0,0.0,0.0,6624.0,0.0
0,82700,JAMS,6623.0,252.0,0.0,0.0,0.0,0.0,6625,252,0.0,0.0,0.0,0.0,6624.0,0.0
0,82800,JAMS,6623.0,263.0,0.0,0.0,0.0,0.0,6625,263,0.0,0.0,0.0,0.0,6624.0,0.0
0,82900,JAMS,6623.0,258.0,0.0,0.0,0.0,0.0,6625,258,0.0,0.0,0.0,0.0,6624.0,0.0
0,83000,JAMS,6624.0,9.0,6623.0,214.0,0.0,0.0,6625,214,0.0,0.0,0.0,0.0,6624.5,0.0
0,83100,JAMS,6623.0,180.0,0.0,0.0,0.0,0.0,6625,180,0.0,0.0,0.0,0.0,6624.0,0.0
0,83200,JAMS,6623.0,179.0,0.0,0.0,0.0,0.0,6625,179,0.0,0.0,0.0,0.0,6624.0,0.0
0,83300,JAMS,6624.0,52.0,6623.0,134.0,0.0,0.0,6625,52,6626.0,134.0,0.0,0.0,6624.5,0.0
0,83400,JAMS,6623.0,177.0,0.0,0.0,0.0,0.0,6625,177,0.0,0.0,0.0,0.0,6624.0,0.0
0,83500,JAMS,6624.0,57.0,6623.0,163.0,0.0,0.0,6625,60,6626.0,163.0,0.0,0.0,6624.5,0.0
0,83600,JAMS,6624.0,79.0,6623.0,130.0,0.0,0.0,6625,79,6626.0,130.0,0.0,0.0,6624.5,0.0
0,83700,JAMS,6624.0,56.0,6623.0,195.0,0.0,0.0,6625,56,6626.0,195.0,0.0,0.0,6624.5,0.0
0,83800,JAMS,6624.0,10.0,6623.0,212.0,0.0,0.0,6625,212,0.0,0.0,0.0,0.0,6624.5,0.0
0,83900,JAMS,6623.0,225.0,0.0,0.0,0.0,0.0,6625,225,0.0,0.0,0.0,0.0,6624.0,0.0
0,84000,JAMS,6623.0,239.0,0.0,0.0,0.0,0.0,6625,239,0.0,0.0,0.0,0.0,6624.0,0.0
0,84100,JAMS,6623.0,255.0,0.0,0.0,0.0,0.0,6625,255,0.0,0.0,0.0,0.0,6624.0,0.0
0,84200,JAMS,6623.0,263.0,0.0,0.0,0.0,0.0,6625,263,0.0,0.0,0.0,0.0,6624.0,0.0
0,84300,JAMS,6623.0,274.0,0.0,0.0,0.0,0.0,6625,274,0.0,0.0,0.0,0.0,6624.0,0.0
0,84400,JAMS,6623.0,223.0,0.0,0.0,0.0,0.0,6625,223,0.0,0.0,0.0,0.0,6624.0,0.0
0,84500,JAMS,6623.0,186.0,0.0,0.0,0.0,0.0,6625,186,0.0,0.0,0.0,0.0,6624.0,0.0
0,84600,JAMS,6623.0,246.0,0.0,0.0,0.0,0.0,6625,246,0.0,0.0,0.0,0.0,6624.0,0.0
0,84700,JAMS,6623.0,186.0,0.0,0.0,0.0,0.0,6625,186,0.0,0.0,0.0,0.0,6624.0,0.0
0,84800,JAMS,6623.0,213.0,0.0,0.0,0.0,0.0,6625,213,0.0,0.0,0.0,0.0,6624.0,0.0
0,84900,JAMS,6624.0,50.0,6623.0,186.0,0.0,0.0,6625,50,6626.0,186.0,0.0,0.0,6624.5,0.0
0,85000,JAMS,6623.0,260.0,0.0,0.0,0.0,0.0,6625,260,0.0,0.0,0.0,0.0,6624.0,0.0
0,85100,JAMS,6623.0,231.0,0.0,0.0,0.0,0.0,6625,220,0.0,0.0,0.0,0.0,6624.0,0.0
0,85200,JAMS,6623.0,286.0,0.0,0.0,0.0,0.0,6625,286,0.0,0.0,0.0,0.0,6624.0,0.0
0,85300,JAMS,6623.0,263.0,0.0,0.0,0.0,0.0,6625,263,0.0,0.0,0.0,0.0,6624.0,0.0
0,85400,JAMS,6623.0,213.0,0.0,0.0,0.0,0.0,6625,213,0.0,0.0,0.0,0.0,6624.0,0.0
0,85500,JAMS,6623.0,242.0,0.0,0.0,0.0,0.0,6625,242,0.0,0.0,0.0,0.0,6624.0,0.0
0,85600,JAMS,6623.0,263.0,0.0,0.0,0.0,0.0,6625,263,0.0,0.0,0.0,0.0,6624.0,0.0
0,85700,JAMS,6623.0,157.0,0.0,0.0,0.0,0.0,6625,157,0.0,0.0,0.0,0.0,6624.0,0.0
0,85800,JAMS,6622.0,70.0,6621.0,142.0,0.0,0.0,6623,70,6624.0,142.0,0.0,0.0,6622.5,0.0
0,85900,JAMS,6622.0,85.0,6621.0,148.0,0.0,0.0,6623,85,6624.0,148.0,0.0,0.0,6622.5,0.0
0,86000,JAMS,6622.0,69.0,6621.0,136.0,0.0,0.0,6623,69,6624.0,136.0,0.0,0.0,6622.5,0.0
0,86100,JAMS,6622.0,60.0,6621.0,126.0,0.0,0.0,6623,60,6624.0,126.0,0.0,0.0,6622.5,0.0
0,86200,JAMS,6622.0,91.0,6621.0,193.0,0.0,0.0,6623,91,6624.0,193.0,0.0,0.0,6622.5,0.0
0,86300,JAMS,6622.0,75.0,6621.0,183.0,0.0,0.0,6623,75,6624.0,183.0,0.0,0.0,6622.5,0.0
0,86400,JAMS,6622.0,51.0,6621.0,171.0,0.0,0.0,6623,51,6624.0,171.0,0.0,0.0,6622.5,0.0
0,86500,JAMS,6622.0,50.0,6621.0,135.0,0.0,0.0,6623,50,6624.0,135.0,0.0,0.0,6622.5,0.0
0,86600,JAMS,6622.0,178.0,0.0,0.0,0.0,0.0,6624,178,0.0,0.0,0.0,0.0,6623.0,0.0
0,86700,JAMS,6622.0,100.0,6621.0,126.0,0.0,0.0,6623,100,6624.0,126.0,0.0,0.0,6622.5,0.0
0,86800,JAMS,6622.0,266.0,0.0,0.0,0.0,0.0,6623,76,6624.0,190.0,0.0,0.0,6622.5,0.0
0,86900,JAMS,6622.0,216.0,0.0,0.0,0.0,0.0,6624,213,0.0,0.0,0.0,0.0,6623.0,0.0
0,87000,JAMS,6622.0,202.0,0.0,0.0,0.0,0.0,6624,202,0.0,0.0,0.0,0.0,6623.0,0.0
0,87100,JAMS,6622.0,246.0,0.0,0.0,0.0,0.0,6624,243,0.0,0.0,0.0,0.0,6623.0,0.0
0,87200,JAMS,6622.0,245.0,0.0,0.0,0.0,0.0,6623,65,6624.0,180.0,0.0,0.0,6622.5,0.0
0,87300,JAMS,6622.0,95.0,6621.0,102.0,0.0,0.0,6623,98,6624.0,102.0,0.0,0.0,6622.5,0.0
0,87400,JAMS,6621.0,220.0,0.0,0.0,0.0,0.0,6623,220,0.0,0.0,0.0,0.0,6622.0,0.0
0,87500,JAMS,6621.0,289.0,0.0,0.0,0.0,0.0,6623,289,0.0,0.0,0.0,0.0,6622.0,0.0
0,87600,JAMS,6621.0,214.0,0.0,0.0,0.0,0.0,6623,224,0.0,0.0,0.0,0.0,6622.0,0.0
0,87700,JAMS,6621.0,94.0,6620.0,175.0,0.0,0.0,6622,85,6623.0,175.0,0.0,0.0,6621.5,0.0
0,87800,JAMS,6621.0,78.0,6620.0,103.0,0.0,0.0,6622,78,6623.0,103.0,0.0,0.0,6621.5,0.0
0,87900,JAMS,6620.0,242.0,0.0,0.0,0.0,0.0,6622,242,0.0,0.0,0.0,0.0,6621.0,0.0
0,88000,JAMS,6620.0,198.0,0.0,0.0,0.0,0.0,6622,198,0.0,0.0,0.0,0.0,6621.0,0.0
0,88100,JAMS,6619.0,171.0,0.0,0.0,0.0,0.0,6621,171,0.0,0.0,0.0,0.0,6620.0,0.0
0,88200,JAMS,6620.0,75.0,6619.0,135.0,0.0,0.0,6621,75,6622.0,135.0,0.0,0.0,6620.5,0.0
0,88300,JAMS,6619.0,171.0,0.0,0.0,0.0,0.0,6621,171,0.0,0.0,0.0,0.0,6620.0,0.0
0,88400,JAMS,6620.0,50.0,6619.0,174.0,0.0,0.0,6621,50,6622.0,174.0,0.0,0.0,6620.5,0.0
0,88500,JAMS,6619.0,236.0,0.0,0.0,0.0,0.0,6621,236,0.0,0.0,0.0,0.0,6620.0,0.0
0,88600,JAMS,6619.0,175.0,0.0,0.0,0.0,0.0,6621,172,0.0,0.0,0.0,0.0,6620.0,0.0
0,88700,JAMS,6619.0,216.0,0.0,0.0,0.0,0.0,6621,216,0.0,0.0,0.0,0.0,6620.0,0.0
0,88800,JAMS,6620.0,51.0,6619.0,196.0,0.0,0.0,6621,51,6622.0,196.0,0.0,0.0,6620.5,0.0
0,88900,JAMS,6620.0,72.0,6619.0,103.0,0.0,0.0,6621,72,6622.0,103.0,0.0,0.0,6620.5,0.0
0,89000,JAMS,6620.0,212.0,0.0,0.0,0.0,0.0,6621,57,6622.0,155.0,0.0,0.0,6620.5,0.0
0,89100,JAMS,6620.0,97.0,6619.0,184.0,0.0,0.0,6621,97,6622.0,184.0,0.0,0.0,6620.5,0.0
0,89200,JAMS,6619.0,219.0,0.0,0.0,0.0,0.0,6621,219,0.0,0.0,0.0,0.0,6620.0,0.0
0,89300,JAMS,6619.0,169.0,0.0,0.0,0.0,0.0,6621,169,0.0,0.0,0.0,0.0,6620.0,0.0
0,89400,JAMS,6620.0,70.0,6619.0,152.0,0.0,0.0,6621,70,6622.0,152.0,0.0,0.0,6620.5,0.0
0,89500,JAMS,6620.0,64.0,6619.0,183.0,0.0,0.0,6621,56,6622.0,183.0,0.0,0.0,6620.5,0.0
0,89600,JAMS,6619.0,206.0,0.0,0.0,0.0,0.0,6621,206,0.0,0.0,0.0,0.0,6620.0,0.0
0,89700,JAMS,6619.0,202.0,0.0,0.0,0.0,0.0,6621,202,0.0,0.0,0.0,0.0,6620.0,0.0
0,89800,JAMS,6619.0,219.0,0.0,0.0,0.0,0.0,6621,219,0.0,0.0,0.0,0.0,6620.0,0.0
0,89900,JAMS,6619.0,246.0,0.0,0.0,0.0,0.0,6621,246,0.0,0.0,0.0,0.0,6620.0,0.0
0,90000,JAMS,6619.0,280.0,0.0,0.0,0.0,0.0,6621,280,0.0,0.0,0.0,0.0,6620.0,0.0
0,90100,JAMS,6619.0,222.0,0.0,0.0,0.0,0.0,6621,222,0.0,0.0,0.0,0.0,6620.0,0.0
0,90200,JAMS,6619.0,178.0,0.0,0.0,0.0,0.0,6621,178,0.0,0.0,0.0,0.0,6620.0,0.0
0,90300,JAMS,6619.0,182.0,0.0,0.0,0.0,0.0,6621,182,0.0,0.0,0.0,0.0,6620.0,0.0
0,90400,JAMS,6619.0,271.0,0.0,0.0,0.0,0.0,6621,271,0.0,0.0,0.0,0.0,6620.0,0.0
0,90500,JAMS,6619.0,178.0,0.0,0.0,0.0,0.0,6621,178,0.0,0.0,0.0,0.0,6620.0,0.0
0,90600,JAMS,6619.0,235.0,0.0,0.0,0.0,0.0,6621,235,0.0,0.0,0.0,0.0,6620.0,0.0
0,90700,JAMS,6619.0,177.0,0.0,0.0,0.0,0.0,6621,177,0.0,0.0,0.0,0.0,6620.0,0.0
0,90800,JAMS,6619.0,271.0,0.0,0.0,0.0,0.0,6621,271,0.0,0.0,0.0,0.0,6620.0,0.0
0,90900,JAMS,6619.0,275.0,0.0,0.0,0.0,0.0,6621,275,0.0,0.0,0.0,0.0,6620.0,0.0
0,91000,JAMS,6619.0,298.0,0.0,0.0,0.0,0.0,6621,298,0.0,0.0,0.0,0.0,6620.0,0.0
0,91100,JAMS,6619.0,247.0,0.0,0.0,0.0,0.0,6621,242,0.0,0.0,0.0,0.0,6620.0,0.0
0,91200,JAMS,6619.0,236.0,0.0,0.0,0.0,0.0,6621,236,0.0,0.0,0.0,0.0,6620.0,0.0
0,91300,JAMS,6618.0,170.0,0.0,0.0,0.0,0.0,6620,170,0.0,0.0,0.0,0.0,6619.0,0.0
0,91400,JAMS,6618.0,251.0,0.0,0.0,0.0,0.0,6620,251,0.0,0.0,0.0,0.0,6619.0,0.0
0,91500,JAMS,6618.0,211.0,0.0,0.0,0.0,0.0,6620,206,0.0,0.0,0.0,0.0,6619.0,0.0
0,91600,JAMS,6618.0,240.0,0.0,0.0,0.0,0.0,6620,240,0.0,0.0,0.0,0.0,6619.0,0.0
0,91700,JAMS,6618.0,276.0,0.0,0.0,0.0,0.0,6620,276,0.0,0.0,0.0,0.0,6619.0,0.0
0,91800,JAMS,6618.0,220.0,0.0,0.0,0.0,0.0,6620,220,0.0,0.0,0.0,0.0,6619.0,0.0
0,91900,JAMS,6618.0,198.0,0.0,0.0,0.0,0.0,6620,198,0.0,0.0,0.0,0.0,6619.0,0.0
0,92000,JAMS,6619.0,95.0,6618.0,116.0,0.0,0.0,6620,95,6621.0,116.0,0.0,0.0,6619.5,0.0
0,92100,JAMS,6619.0,78.0,6618.0,141.0,0.0,0.0,6620,78,6621.0,141.0,0.0,0.0,6619.5,0.0
0,92200,JAMS,6619.0,235.0,0.0,0.0,0.0,0.0,6621,235,0.0,0.0,0.0,0.0,6620.0,0.0
0,92300,JAMS,6619.0,175.0,0.0,0.0,0.0,0.0,6621,175,0.0,0.0,0.0,0.0,6620.0,0.0
0,92400,JAMS,6619.0,252.0,0.0,0.0,0.0,0.0,6621,252,0.0,0.0,0.0,0.0,6620.0,0.0
0,92500,JAMS,6619.0,192.0,0.0,0.0,0.0,0.0,6621,192,0.0,0.0,0.0,0.0,6620.0,0.0
0,92600,JAMS,6619.0,70.0,6618.0,157.0,0.0,0.0,6620,70,6621.0,157.0,0.0,0.0,6619.5,0.0
0,92700,JAMS,6619.0,64.0,6618.0,125.0,0.0,0.0,6620,64,6621.0,125.0,0.0,0.0,6619.5,0.0
0,92800,JAMS,6619.0,96.0,6618.0,114.0,0.0,0.0,6620,96,6621.0,114.0,0.0,0.0,6619.5,0.0
0,92900,JAMS,6619.0,70.0,6618.0,158.0,0.0,0.0,6620,70,6621.0,158.0,0.0,0.0,6619.5,0.0
0,93000,JAMS,6619.0,74.0,6618.0,156.0,0.0,0.0,6620,74,6621.0,156.0,0.0,0.0,6619.5,0.0
0,93100,JAMS,6619.0,59.0,6618.0,185.0,0.0,0.0,6620,59,6621.0,185.0,0.0,0.0,6619.5,0.0
0,93200,JAMS,6619.0,70.0,6618.0,175.0,0.0,0.0,6620,70,6621.0,175.0,0.0,0.0,6619.5,0.0
0,93300,JAMS,6619.0,85.0,6618.0,107.0,0.0,0.0,6620,85,6621.0,107.0,0.0,0.0,6619.5,0.0
0,93400,JAMS,6619.0,166.0,0.0,0.0,0.0,0.0,6621,166,0.0,0.0,0.0,0.0,6620.0,0.0
0,93500,JAMS,6619.0,71.0,6618.0,174.0,0.0,0.0,6620,71,6621.0,174.0,0.0,0.0,6619.5,0.0
0,93600,JAMS,6619.0,211.0,0.0,0.0,0.0,0.0,6621,211,0.0,0.0,0.0,0.0,6620.0,0.0
0,93700,JAMS,6619.0,187.0,0.0,0.0,0.0,0.0,6621,187,0.0,0.0,0.0,0.0,6620.0,0.0
0,93800,JAMS,6619.0,57.0,6618.0,170.0,0.0,0.0,6620,57,6621.0,170.0,0.0,0.0,6619.5,0.0
0,93900,JAMS,6619.0,259.0,0.0,0.0,0.0,0.0,6621,259,0.0,0.0,0.0,0.0,6620.0,0.0
0,94000,JAMS,6619.0,262.0,0.0,0.0,0.0,0.0,6621,262,0.0,0.0,0.0,0.0,6620.0,0.0
0,94100,JAMS,6619.0,252.0,0.0,0.0,0.0,0.0,6621,252,0.0,0.0,0.0,0.0,6620.0,0.0
0,94200,JAMS,6619.0,202.0,0.0,0.0,0.0,0.0,6621,202,0.0,0.0,0.0,0.0,6620.0,0.0
0,94300,JAMS,6619.0,98.0,6618.0,155.0,0.0,0.0,6620,98,6621.0,155.0,0.0,0.0,6619.5,0.0
0,94400,JAMS,6619.0,194.0,0.0,0.0,0.0,0.0,6621,194,0.0,0.0,0.0,0.0,6620.0,0.0
0,94500,JAMS,6619.0,58.0,6618.0,177.0,0.0,0.0,6620,58,6621.0,177.0,0.0,0.0,6619.5,0.0
0,94600,JAMS,6619.0,65.0,6618.0,103.0,0.0,0.0,6620,72,6621.0,103.0,0.0,0.0,6619.5,0.0
0,94700,JAMS,6619.0,96.0,6618.0,178.0,0.0,0.0,6620,96,6621.0,178.0,0.0,0.0,6619.5,0.0
0,94800,JAMS,6619.0,85.0,6618.0,111.0,0.0,0.0,6620,85,6621.0,111.0,0.0,0.0,6619.5,0.0
0,94900,JAMS,6618.0,223.0,0.0,0.0,0.0,0.0,6620,223,0.0,0.0,0.0,0.0,6619.0,0.0
0,95000,JAMS,6618.0,181.0,0.0,0.0,0.0,0.0,6620,181,0.0,0.0,0.0,0.0,6619.0,0.0
0,95100,JAMS,6619.0,64.0,6618.0,100.0,0.0,0.0,6620,76,6621.0,100.0,0.0,0.0,6619.5,0.0
0,95200,JAMS,6618.0,262.0,0.0,0.0,0.0,0.0,6620,262,0.0,0.0,0.0,0.0,6619.0,0.0
0,95300,JAMS,6618.0,185.0,0.0,0.0,0.0,0.0,6620,185,0.0,0.0,0.0,0.0,6619.0,0.0
0,95400,JAMS,6617.0,171.0,0.0,0.0,0.0,0.0,6619,171,0.0,0.0,0.0,0.0,6618.0,0.0
0,95500,JAMS,6618.0,82.0,6617.0,130.0,0.0,0.0,6619,82,6620.0,130.0,0.0,0.0,6618.5,0.0
0,95600,JAMS,6618.0,4.0,6617.0,201.0,0.0,0.0,6619,201,0.0,0.0,0.0,0.0,6618.5,0.0
0,95700,JAMS,6617.0,275.0,0.0,0.0,0.0,0.0,6619,275,0.0,0.0,0.0,0.0,6618.0,0.0
0,95800,JAMS,6617.0,239.0,0.0,0.0,0.0,0.0,6619,239,0.0,0.0,0.0,0.0,6618.0,0.0
0,95900,JAMS,6617.0,198.0,0.0,0.0,0.0,0.0,6619,198,0.0,0.0,0.0,0.0,6618.0,0.0
0,96000,JAMS,6617.0,200.0,0.0,0.0,0.0,0.0,6619,200,0.0,0.0,0.0,0.0,6618.0,0.0
0,96100,JAMS,6617.0,168.0,0.0,0.0,0.0,0.0,6619,168,0.0,0.0,0.0,0.0,6618.0,0.0
0,96200,JAMS,6617.0,217.0,0.0,0.0,0.0,0.0,6619,217,0.0,0.0,0.0,0.0,6618.0,0.0
0,96300,JAMS,6617.0,208.0,0.0,0.0,0.0,0.0,6619,208,0.0,0.0,0.0,0.0,6618.0,0.0
0,96400,JAMS,6617.0,193.0,0.0,0.0,0.0,0.0,6619,193,0.0,0.0,0.0,0.0,6618.0,0.0
0,96500,JAMS,6617.0,68.0,6616.0,136.0,0.0,0.0,6618,68,6619.0,136.0,0.0,0.0,6617.5,0.0
0,96600,JAMS,6617.0,79.0,6616.0,132.0,0.0,0.0,6618,79,6619.0,132.0,0.0,0.0,6617.5,0.0
0,96700,JAMS,6617.0,89.0,6616.0,169.0,0.0,0.0,6618,89,6619.0,169.0,0.0,0.0,6617.5,0.0
0,96800,JAMS,6616.0,246.0,0.0,0.0,0.0,0.0,6618,246,0.0,0.0,0.0,0.0,6617.0,0.0
0,96900,JAMS,6616.0,247.0,0.0,0.0,0.0,0.0,6618,247,0.0,0.0,0.0,0.0,6617.0,0.0
0,97000,JAMS,6616.0,203.0,0.0,0.0,0.0,0.0,6618,203,0.0,0.0,0.0,0.0,6617.0,0.0
0,97100,JAMS,6616.0,211.0,0.0,0.0,0.0,0.0,6618,211,0.0,0.0,0.0,0.0,6617.0,0.0
0,97200,JAMS,6617.0,5.0,6616.0,277.0,0.0,0.0,6618,277,0.0,0.0,0.0,0.0,6617.5,0.0
0,97300,JAMS,6616.0,176.0,0.0,0.0,0.0,0.0,6617,11,6618.0,176.0,0.0,0.0,6616.5,0.0
0,97400,JAMS,6616.0,220.0,0.0,0.0,0.0,0.0,6617,7,6618.0,220.0,0.0,0.0,6616.5,0.0
0,97500,JAMS,6616.0,240.0,0.0,0.0,0.0,0.0,6618,240,0.0,0.0,0.0,0.0,6617.0,0.0
0,97600,JAMS,6616.0,225.0,0.0,0.0,0.0,0.0,6618,225,0.0,0.0,0.0,0.0,6617.0,0.0
0,97700,JAMS,6616.0,259.0,0.0,0.0,0.0,0.0,6618,259,0.0,0.0,0.0,0.0,6617.0,0.0
0,97800,JAMS,6616.0,202.0,0.0,0.0,0.0,0.0,6618,202,0.0,0.0,0.0,0.0,6617.0,0.0
0,97900,JAMS,6616.0,209.0,0.0,0.0,0.0,0.0,6618,209,0.0,0.0,0.0,0.0,6617.0,0.0
0,98000,JAMS,6616.0,221.0,0.0,0.0,0.0,0.0,6618,221,0.0,0.0,0.0,0.0,6617.0,0.0
0,98100,JAMS,6616.0,201.0,0.0,0.0,0.0,0.0,6618,201,0.0,0.0,0.0,0.0,6617.0,0.0
0,98200,JAMS,6616.0,204.0,0.0,0.0,0.0,0.0,6618,204,0.0,0.0,0.0,0.0,6617.0,0.0
0,98300,JAMS,6617.0,78.0,6616.0,112.0,0.0,0.0,6618,78,6619.0,112.0,0.0,0.0,6617.5,0.0
0,98400,JAMS,6617.0,79.0,6616.0,163.0,0.0,0.0,6618,79,6619.0,163.0,0.0,0.0,6617.5,0.0
0,98500,JAMS,6616.0,152.0,0.0,0.0,0.0,0.0,6618,152,0.0,0.0,0.0,0.0,6617.0,0.0
0,98600,JAMS,6616.0,273.0,0.0,0.0,0.0,0.0,6618,273,0.0,0.0,0.0,0.0,6617.0,0.0
0,98700,JAMS,6616.0,241.0,0.0,0.0,0.0,0.0,6618,241,0.0,0.0,0.0,0.0,6617.0,0.0
0,98800,JAMS,6615.0,200.0,0.0,0.0,0.0,0.0,6617,200,0.0,0.0,0.0,0.0,6616.0,0.0
0,98900,JAMS,6615.0,189.0,0.0,0.0,0.0,0.0,6617,189,0.0,0.0,0.0,0.0,6616.0,0.0
0,99000,JAMS,6615.0,254.0,0.0,0.0,0.0,0.0,6617,254,0.0,0.0,0.0,0.0,6616.0,0.0
0,99100,JAMS,6615.0,229.0,0.0,0.0,0.0,0.0,6617,229,0.0,0.0,0.0,0.0,6616.0,0.0
0,99200,JAMS,6616.0,60.0,6615.0,141.0,0.0,0.0,6617,60,6618.0,141.0,0.0,0.0,6616.5,0.0
0,99300,JAMS,6616.0,55.0,6615.0,144.0,0.0,0.0,6617,55,6618.0,144.0,0.0,0.0,6616.5,0.0
0,99400,JAMS,6616.0,59.0,6615.0,115.0,0.0,0.0,6617,59,6618.0,115.0,0.0,0.0,6616.5,0.0
0,99500,JAMS,6616.0,210.0,0.0,0.0,0.0,0.0,6618,210,0.0,0.0,0.0,0.0,6617.0,0.0
0,99600,JAMS,6616.0,215.0,0.0,0.0,0.0,0.0,6618,215,0.0,0.0,0.0,0.0,6617.0,0.0
0,99700,JAMS,6616.0,50.0,6615.0,147.0,0.0,0.0,6617,50,6618.0,147.0,0.0,0.0,6616.5,0.0
0,99800,JAMS,6615.0,226.0,0.0,0.0,0.0,0.0,6617,226,0.0,0.0,0.0,0.0,6616.0,0.0
0,99900,JAMS,6616.0,98.0,6615.0,175.0,0.0,0.0,6617,98,6618.0,175.0,0.0,0.0,6616.5,0.0
0,100000,JAMS,6615.0,177.0,0.0,0.0,0.0,0.0,6617,177,0.0,0.0,0.0,0.0,6616.0,0.0
0,100100,JAMS,6615.0,238.0,0.0,0.0,0.0,0.0,6617,238,0.0,0.0,0.0,0.0,6616.0,0.0
0,100200,JAMS,6615.0,250.0,0.0,0.0,0.0,0.0,6617,250,0.0,0.0,0.0,0.0,6616.0,0.0
0,100300,JAMS,6615.0,253.0,0.0,0.0,0.0,0.0,6617,253,0.0,0.0,0.0,0.0,6616.0,0.0
0,100400,JAMS,6616.0,88.0,6615.0,191.0,0.0,0.0,6617,88,6618.0,191.0,0.0,0.0,6616.5,0.0
0,100500,JAMS,6616.0,229.0,0.0,0.0,0.0,0.0,6618,229,0.0,0.0,0.0,0.0,6617.0,0.0
0,100600,JAMS,6616.0,259.0,0.0,0.0,0.0,0.0,6618,259,0.0,0.0,0.0,0.0,6617.0,0.0
0,100700,JAMS,6616.0,197.0,0.0,0.0,0.0,0.0,6618,197,0.0,0.0,0.0,0.0,6617.0,0.0
0,100800,JAMS,6616.0,56.0,6615.0,114.0,0.0,0.0,6617,56,6618.0,114.0,0.0,0.0,6616.5,0.0
0,100900,JAMS,6616.0,97.0,6615.0,112.0,0.0,0.0,6617,97,6618.0,112.0,0.0,0.0,6616.5,0.0
0,101000,JAMS,6616.0,66.0,6615.0,108.0,0.0,0.0,6617,66,6618.0,108.0,0.0,0.0,6616.5,0.0
0,101100,JAMS,6616.0,106.0,6615.0,137.0,0.0,0.0,6617,95,6618.0,137.0,0.0,0.0,6616.5,0.0
0,101200,JAMS,6616.0,85.0,6615.0,112.0,0.0,0.0,6617,85,6618.0,112.0,0.0,0.0,6616.5,0.0
0,101300,JAMS,6616.0,91.0,6615.0,197.0,0.0,0.0,6617,91,6618.0,197.0,0.0,0.0,6616.5,0.0
0,101400,JAMS,6616.0,86.0,6615.0,178.0,0.0,0.0,6617,86,6618.0,178.0,0.0,0.0,6616.5,0.0
0,101500,JAMS,6616.0,85.0,6615.0,184.0,0.0,0.0,6617,94,6618.0,184.0,0.0,0.0,6616.5,0.0
0,101600,JAMS,6616.0,85.0,6615.0,141.0,0.0,0.0,6617,85,6618.0,141.0,0.0,0.0,6616.5,0.0
0,101700,JAMS,6616.0,54.0,6615.0,130.0,0.0,0.0,6617,54,6618.0,130.0,0.0,0.0,6616.5,0.0
0,101800,JAMS,6615.0,246.0,0.0,0.0,0.0,0.0,6617,246,0.0,0.0,0.0,0.0,6616.0,0.0
0,101900,JAMS,6615.0,197.0,0.0,0.0,0.0,0.0,6617,197,0.0,0.0,0.0,0.0,6616.0,0.0
0,102000,JAMS,6615.0,245.0,0.0,0.0,0.0,0.0,6617,245,0.0,0.0,0.0,0.0,6616.0,0.0
0,102100,JAMS,6615.0,159.0,0.0,0.0,0.0,0.0,6617,159,0.0,0.0,0.0,0.0,6616.0,0.0
0,102200,JAMS,6615.0,270.0,0.0,0.0,0.0,0.0,6617,270,0.0,0.0,0.0,0.0,6616.0,0.0
0,102300,JAMS,6615.0,190.0,0.0,0.0,0.0,0.0,6617,190,0.0,0.0,0.0,0.0,6616.0,0.0
0,102400,JAMS,6615.0,250.0,0.0,0.0,0.0,0.0,6617,250,0.0,0.0,0.0,0.0,6616.0,0.0
0,102500,JAMS,6615.0,187.0,0.0,0.0,0.0,0.0,6617,187,0.0,0.0,0.0,0.0,6616.0,0.0
0,102600,JAMS,6615.0,270.0,0.0,0.0,0.0,0.0,6617,270,0.0,0.0,0.0,0.0,6616.0,0.0
0,102700,JAMS,6615.0,73.0,6614.0,153.0,0.0,0.0,6616,73,6617.0,153.0,0.0,0.0,6615.5,0.0
0,102800,JAMS,6615.0,97.0,6614.0,153.0,0.0,0.0,6616,97,6617.0,153.0,0.0,0.0,6615.5,0.0
0,102900,JAMS,6615.0,99.0,6614.0,187.0,0.0,0.0,6616,99,6617.0,187.0,0.0,0.0,6615.5,0.0
0,103000,JAMS,6614.0,178.0,0.0,0.0,0.0,0.0,6616,178,0.0,0.0,0.0,0.0,6615.0,0.0
0,103100,JAMS,6614.0,245.0,0.0,0.0,0.0,0.0,6616,245,0.0,0.0,0.0,0.0,6615.0,0.0
0,103200,JAMS,6614.0,187.0,0.0,0.0,0.0,0.0,6615,9,6616.0,187.0,0.0,0.0,6614.5,0.0
0,103300,JAMS,6615.0,81.0,6614.0,154.0,0.0,0.0,6616,81,6617.0,154.0,0.0,0.0,6615.5,0.0
0,103400,JAMS,6615.0,59.0,6614.0,177.0,0.0,0.0,6616,59,6617.0,177.0,0.0,0.0,6615.5,0.0
0,103500,JAMS,6615.0,87.0,6614.0,140.0,0.0,0.0,6616,87,6617.0,140.0,0.0,0.0,6615.5,0.0
0,103600,JAMS,6614.0,238.0,0.0,0.0,0.0,0.0,6616,238,0.0,0.0,0.0,0.0,6615.0,0.0
0,103700,JAMS,6614.0,223.0,0.0,0.0,0.0,0.0,6616,223,0.0,0.0,0.0,0.0,6615.0,0.0
0,103800,JAMS,6614.0,253.0,0.0,0.0,0.0,0.0,6616,253,0.0,0.0,0.0,0.0,6615.0,0.0
0,103900,JAMS,6615.0,3.0,6614.0,152.0,0.0,0.0,6616,152,0.0,0.0,0.0,0.0,6615.5,0.0
0,104000,JAMS,6614.0,221.0,0.0,0.0,0.0,0.0,6616,221,0.0,0.0,0.0,0.0,6615.0,0.0
0,104100,JAMS,6614.0,201.0,0.0,0.0,0.0,0.0,6616,201,0.0,0.0,0.0,0.0,6615.0,0.0
0,104200,JAMS,6615.0,4.0,6614.0,177.0,0.0,0.0,6616,177,0.0,0.0,0.0,0.0,6615.5,0.0
0,104300,JAMS,6614.0,177.0,0.0,0.0,0.0,0.0,6616,177,0.0,0.0,0.0,0.0,6615.0,0.0
0,104400,JAMS,6614.0,172.0,0.0,0.0,0.0,0.0,6616,180,0.0,0.0,0.0,0.0,6615.0,0.0
0,104500,JAMS,6614.0,227.0,0.0,0.0,0.0,0.0,6616,227,0.0,0.0,0.0,0.0,6615.0,0.0
0,104600,JAMS,6614.0,275.0,0.0,0.0,0.0,0.0,6616,275,0.0,0.0,0.0,0.0,6615.0,0.0
0,104700,JAMS,6614.0,236.0,0.0,0.0,0.0,0.0,6616,236,0.0,0.0,0.0,0.0,6615.0,0.0
0,104800,JAMS,6614.0,215.0,0.0,0.0,0.0,0.0,6616,215,0.0,0.0,0.0,0.0,6615.0,0.0
0,104900,JAMS,6614.0,172.0,0.0,0.0,0.0,0.0,6616,172,0.0,0.0,0.0,0.0,6615.0,0.0
0,105000,JAMS,6615.0,83.0,6614.0,114.0,0.0,0.0,6616,83,6617.0,114.0,0.0,0.0,6615.5,0.0
0,105100,JAMS,6614.0,221.0,0.0,0.0,0.0,0.0,6616,221,0.0,0.0,0.0,0.0,6615.0,0.0
0,105200,JAMS,6615.0,94.0,6614.0,142.0,0.0,0.0,6616,94,6617.0,142.0,0.0,0.0,6615.5,0.0
0,105300,JAMS,6615.0,76.0,6614.0,189.0,0.0,0.0,6616,76,6617.0,189.0,0.0,0.0,6615.5,0.0
0,105400,JAMS,6614.0,264.0,0.0,0.0,0.0,0.0,6616,264,0.0,0.0,0.0,0.0,6615.0,0.0
0,105500,JAMS,6614.0,165.0,0.0,0.0,0.0,0.0,6616,165,0.0,0.0,0.0,0.0,6615.0,0.0
0,105600,JAMS,6614.0,175.0,0.0,0.0,0.0,0.0,6616,175,0.0,0.0,0.0,0.0,6615.0,0.0
0,105700,JAMS,6614.0,188.0,0.0,0.0,0.0,0.0,6616,188,0.0,0.0,0.0,0.0,6615.0,0.0
0,105800,JAMS,6615.0,57.0,6614.0,110.0,0.0,0.0,6616,57,6617.0,110.0,0.0,0.0,6615.5,0.0
0,105900,JAMS,6615.0,213.0,0.0,0.0,0.0,0.0,6617,213,0.0,0.0,0.0,0.0,6616.0,0.0
0,106000,JAMS,6615.0,183.0,0.0,0.0,0.0,0.0,6617,183,0.0,0.0,0.0,0.0,6616.0,0.0
0,106100,JAMS,6615.0,70.0,6614.0,186.0,0.0,0.0,6616,70,6617.0,186.0,0.0,0.0,6615.5,0.0
0,106200,JAMS,6615.0,194.0,0.0,0.0,0.0,0.0,6617,194,0.0,0.0,0.0,0.0,6616.0,0.0
0,106300,JAMS,6616.0,79.0,6615.0,177.0,0.0,0.0,6617,85,6618.0,177.0,0.0,0.0,6616.5,0.0
0,106400,JAMS,6616.0,211.0,0.0,0.0,0.0,0.0,6618,211,0.0,0.0,0.0,0.0,6617.0,0.0
0,106500,JAMS,6616.0,247.0,0.0,0.0,0.0,0.0,6618,247,0.0,0.0,0.0,0.0,6617.0,0.0
0,106600,JAMS,6616.0,257.0,0.0,0.0,0.0,0.0,6618,257,0.0,0.0,0.0,0.0,6617.0,0.0
0,106700,JAMS,6615.0,261.0,0.0,0.0,0.0,0.0,6617,261,0.0,0.0,0.0,0.0,6616.0,0.0
0,106800,JAMS,6615.0,168.0,0.0,0.0,0.0,0.0,6616,65,6617.0,103.0,0.0,0.0,6615.5,0.0
0,106900,JAMS,6615.0,199.0,0.0,0.0,0.0,0.0,6617,199,0.0,0.0,0.0,0.0,6616.0,0.0
0,107000,JAMS,6615.0,194.0,0.0,0.0,0.0,0.0,6617,194,0.0,0.0,0.0,0.0,6616.0,0.0
0,107100,JAMS,6615.0,73.0,6614.0,111.0,0.0,0.0,6616,66,6617.0,111.0,0.0,0.0,6615.5,0.0
0,107200,JAMS,6615.0,58.0,6614.0,188.0,0.0,0.0,6616,58,6617.0,188.0,0.0,0.0,6615.5,0.0
0,107300,JAMS,6616.0,8.0,6615.0,230.0,0.0,0.0,6617,230,0.0,0.0,0.0,0.0,6616.5,0.0
0,107400,JAMS,6616.0,10.0,6615.0,208.0,0.0,0.0,6617,208,0.0,0.0,0.0,0.0,6616.5,0.0
0,107500,JAMS,6616.0,7.0,6615.0,175.0,0.0,0.0,6617,175,0.0,0.0,0.0,0.0,6616.5,0.0
0,107600,JAMS,6615.0,180.0,0.0,0.0,0.0,0.0,6617,180,0.0,0.0,0.0,0.0,6616.0,0.0
0,107700,JAMS,6615.0,249.0,0.0,0.0,0.0,0.0,6617,249,0.0,0.0,0.0,0.0,6616.0,0.0
0,107800,JAMS,6615.0,52.0,6614.0,152.0,0.0,0.0,6616,52,6617.0,152.0,0.0,0.0,6615.5,0.0
0,107900,JAMS,6615.0,183.0,0.0,0.0,0.0,0.0,6617,171,0.0,0.0,0.0,0.0,6616.0,0.0
0,108000,JAMS,6615.0,94.0,6614.0,186.0,0.0,0.0,6616,94,6617.0,186.0,0.0,0.0,6615.5,0.0
0,108100,JAMS,6615.0,77.0,6614.0,139.0,0.0,0.0,6616,77,6617.0,139.0,0.0,0.0,6615.5,0.0
0,108200,JAMS,6615.0,210.0,0.0,0.0,0.0,0.0,6617,210,0.0,0.0,0.0,0.0,6616.0,0.0
0,108300,JAMS,6615.0,245.0,0.0,0.0,0.0,0.0,6616,12,6617.0,245.0,0.0,0.0,6615.5,0.0
0,108400,JAMS,6615.0,209.0,0.0,0.0,0.0,0.0,6617,218,0.0,0.0,0.0,0.0,6616.0,0.0
0,108500,JAMS,6615.0,172.0,0.0,0.0,0.0,0.0,6617,172,0.0,0.0,0.0,0.0,6616.0,0.0
0,108600,JAMS,6615.0,278.0,0.0,0.0,0.0,0.0,6617,278,0.0,0.0,0.0,0.0,6616.0,0.0
0,108700,JAMS,6615.0,276.0,0.0,0.0,0.0,0.0,6617,276,0.0,0.0,0.0,0.0,6616.0,0.0
0,108800,JAMS,6615.0,249.0,0.0,0.0,0.0,0.0,6617,249,0.0,0.0,0.0,0.0,6616.0,0.0
0,108900,JAMS,6615.0,273.0,0.0,0.0,0.0,0.0,6617,273,0.0,0.0,0.0,0.0,6616.0,0.0
0,109000,JAMS,6615.0,237.0,0.0,0.0,0.0,0.0,6617,237,0.0,0.0,0.0,0.0,6616.0,0.0
0,109100,JAMS,6615.0,226.0,0.0,0.0,0.0,0.0,6617,226,0.0,0.0,0.0,0.0,6616.0,0.0
0,109200,JAMS,6615.0,94.0,6614.0,132.0,0.0,0.0,6616,94,6617.0,132.0,0.0,0.0,6615.5,0.0
0,109300,JAMS,6615.0,176.0,0.0,0.0,0.0,0.0,6617,176,0.0,0.0,0.0,0.0,6616.0,0.0
0,109400,JAMS,6615.0,197.0,0.0,0.0,0.0,0.0,6617,197,0.0,0.0,0.0,0.0,6616.0,0.0
0,109500,JAMS,6616.0,7.0,6615.0,184.0,0.0,0.0,6617,184,0.0,0.0,0.0,0.0,6616.5,0.0
0,109600,JAMS,6615.0,186.0,0.0,0.0,0.0,0.0,6617,186,0.0,0.0,0.0,0.0,6616.0,0.0
0,109700,JAMS,6616.0,6.0,6615.0,221.0,0.0,0.0,6617,221,0.0,0.0,0.0,0.0,6616.5,0.0
0,109800,JAMS,6615.0,216.0,0.0,0.0,0.0,0.0,6617,216,0.0,0.0,0.0,0.0,6616.0,0.0
0,109900,JAMS,6616.0,72.0,6615.0,117.0,0.0,0.0,6617,72,6618.0,117.0,0.0,0.0,6616.5,0.0
0,110000,JAMS,6616.0,242.0,0.0,0.0,0.0,0.0,6618,242,0.0,0.0,0.0,0.0,6617.0,0.0
0,110100,JAMS,6615.0,245.0,0.0,0.0,0.0,0.0,6617,245,0.0,0.0,0.0,0.0,6616.0,0.0
0,110200,JAMS,6616.0,57.0,6615.0,137.0,0.0,0.0,6617,68,6618.0,137.0,0.0,0.0,6616.5,0.0
0,110300,JAMS,6615.0,183.0,0.0,0.0,0.0,0.0,6617,183,0.0,0.0,0.0,0.0,6616.0,0.0
0,110400,JAMS,6615.0,202.0,0.0,0.0,0.0,0.0,6617,202,0.0,0.0,0.0,0.0,6616.0,0.0
0,110500,JAMS,6615.0,226.0,0.0,0.0,0.0,0.0,6617,226,0.0,0.0,0.0,0.0,6616.0,0.0
0,110600,JAMS,6615.0,161.0,0.0,0.0,0.0,0.0,6617,161,0.0,0.0,0.0,0.0,6616.0,0.0
0,110700,JAMS,6615.0,256.0,0.0,0.0,0.0,0.0,6617,256,0.0,0.0,0.0,0.0,6616.0,0.0
0,110800,JAMS,6615.0,79.0,6614.0,163.0,0.0,0.0,6616,79,6617.0,163.0,0.0,0.0,6615.5,0.0
0,110900,JAMS,6614.0,199.0,0.0,0.0,0.0,0.0,6616,199,0.0,0.0,0.0,0.0,6615.0,0.0
0,111000,JAMS,6614.0,210.0,0.0,0.0,0.0,0.0,6616,210,0.0,0.0,0.0,0.0,6615.0,0.0
0,111100,JAMS,6614.0,188.0,0.0,0.0,0.0,0.0,6616,188,0.0,0.0,0.0,0.0,6615.0,0.0
0,111200,JAMS,6614.0,246.0,0.0,0.0,0.0,0.0,6616,246,0.0,0.0,0.0,0.0,6615.0,0.0
0,111300,JAMS,6614.0,166.0,0.0,0.0,0.0,0.0,6616,166,0.0,0.0,0.0,0.0,6615.0,0.0
0,111400,JAMS,6614.0,254.0,0.0,0.0,0.0,0.0,6616,254,0.0,0.0,0.0,0.0,6615.0,0.0
0,111500,JAMS,6612.0,221.0,0.0,0.0,0.0,0.0,6614,221,0.0,0.0,0.0,0.0,6613.0,0.0
0,111600,JAMS,6612.0,259.0,0.0,0.0,0.0,0.0,6614,259,0.0,0.0,0.0,0.0,6613.0,0.0
0,111700,JAMS,6613.0,73.0,6612.0,130.0,0.0,0.0,6614,73,6615.0,130.0,0.0,0.0,6613.5,0.0
0,111800,JAMS,6612.0,163.0,0.0,0.0,0.0,0.0,6614,163,0.0,0.0,0.0,0.0,6613.0,0.0
0,111900,JAMS,6613.0,61.0,6612.0,113.0,0.0,0.0,6614,61,6615.0,113.0,0.0,0.0,6613.5,0.0
0,112000,JAMS,6612.0,242.0,0.0,0.0,0.0,0.0,6614,242,0.0,0.0,0.0,0.0,6613.0,0.0
0,112100,JAMS,6612.0,62.0,6611.0,185.0,0.0,0.0,6613,62,6614.0,185.0,0.0,0.0,6612.5,0.0
0,112200,JAMS,6611.0,239.0,0.0,0.0,0.0,0.0,6613,239,0.0,0.0,0.0,0.0,6612.0,0.0
0,112300,JAMS,6611.0,297.0,0.0,0.0,0.0,0.0,6613,297,0.0,0.0,0.0,0.0,6612.0,0.0
0,112400,JAMS,6611.0,54.0,6610.0,138.0,0.0,0.0,6612,54,6613.0,138.0,0.0,0.0,6611.5,0.0
0,112500,JAMS,6611.0,97.0,6610.0,160.0,0.0,0.0,6612,97,6613.0,160.0,0.0,0.0,6611.5,0.0
0,112600,JAMS,6611.0,89.0,6610.0,101.0,0.0,0.0,6612,89,6613.0,101.0,0.0,0.0,6611.5,0.0
0,112700,JAMS,6611.0,54.0,6610.0,131.0,0.0,0.0,6612,54,6613.0,131.0,0.0,0.0,6611.5,0.0
0,112800,JAMS,6610.0,68.0,6609.0,188.0,0.0,0.0,6611,68,6612.0,188.0,0.0,0.0,6610.5,0.0
0,112900,JAMS,6609.0,225.0,0.0,0.0,0.0,0.0,6611,225,0.0,0.0,0.0,0.0,6610.0,0.0
0,113000,JAMS,6609.0,213.0,0.0,0.0,0.0,0.0,6611,213,0.0,0.0,0.0,0.0,6610.0,0.0
0,113100,JAMS,6608.0,253.0,0.0,0.0,0.0,0.0,6610,253,0.0,0.0,0.0,0.0,6609.0,0.0
0,113200,JAMS,6608.0,186.0,0.0,0.0,0.0,0.0,6610,186,0.0,0.0,0.0,0.0,6609.0,0.0
0,113300,JAMS,6608.0,179.0,0.0,0.0,0.0,0.0,6610,179,0.0,0.0,0.0,0.0,6609.0,0.0
0,113400,JAMS,6608.0,261.0,0.0,0.0,0.0,0.0,6610,261,0.0,0.0,0.0,0.0,6609.0,0.0
0,113500,JAMS,6608.0,78.0,6607.0,133.0,0.0,0.0,6609,78,6610.0,133.0,0.0,0.0,6608.5,0.0
0,113600,JAMS,6608.0,58.0,6607.0,176.0,0.0,0.0,6609,58,6610.0,176.0,0.0,0.0,6608.5,0.0
0,113700,JAMS,6608.0,85.0,6607.0,175.0,0.0,0.0,6609,85,6610.0,175.0,0.0,0.0,6608.5,0.0
0,113800,JAMS,6608.0,200.0,0.0,0.0,0.0,0.0,6610,200,0.0,0.0,0.0,0.0,6609.0,0.0
0,113900,JAMS,6608.0,162.0,0.0,0.0,0.0,0.0,6610,162,0.0,0.0,0.0,0.0,6609.0,0.0
0,114000,JAMS,6608.0,57.0,6607.0,172.0,0.0,0.0,6609,57,6610.0,172.0,0.0,0.0,6608.5,0.0
0,114100,JAMS,6608.0,199.0,0.0,0.0,0.0,0.0,6610,203,0.0,0.0,0.0,0.0,6609.0,0.0
0,114200,JAMS,6608.0,222.0,0.0,0.0,0.0,0.0,6610,222,0.0,0.0,0.0,0.0,6609.0,0.0
0,114300,JAMS,6608.0,199.0,0.0,0.0,0.0,0.0,6610,199,0.0,0.0,0.0,0.0,6609.0,0.0
0,114400,JAMS,6608.0,270.0,0.0,0.0,0.0,0.0,6610,270,0.0,0.0,0.0,0.0,6609.0,0.0
0,114500,JAMS,6608.0,235.0,0.0,0.0,0.0,0.0,6610,235,0.0,0.0,0.0,0.0,6609.0,0.0
0,114600,JAMS,6608.0,89.0,6607.0,115.0,0.0,0.0,6609,89,6610.0,115.0,0.0,0.0,6608.5,0.0
0,114700,JAMS,6608.0,194.0,0.0,0.0,0.0,0.0,6610,194,0.0,0.0,0.0,0.0,6609.0,0.0
0,114800,JAMS,6608.0,65.0,6607.0,192.0,0.0,0.0,6609,65,6610.0,192.0,0.0,0.0,6608.5,0.0
0,114900,JAMS,6608.0,284.0,0.0,0.0,0.0,0.0,6610,284,0.0,0.0,0.0,0.0,6609.0,0.0
0,115000,JAMS,6608.0,237.0,0.0,0.0,0.0,0.0,6610,237,0.0,0.0,0.0,0.0,6609.0,0.0
0,115100,JAMS,6609.0,269.0,0.0,0.0,0.0,0.0,6611,269,0.0,0.0,0.0,0.0,6610.0,0.0
0,115200,JAMS,6611.0,161.0,0.0,0.0,0.0,0.0,6613,161,0.0,0.0,0.0,0.0,6612.0,0.0
0,115300,JAMS,6612.0,184.0,0.0,0.0,0.0,0.0,6614,184,0.0,0.0,0.0,0.0,6613.0,0.0
0,115400,JAMS,6613.0,263.0,0.0,0.0,0.0,0.0,6615,263,0.0,0.0,0.0,0.0,6614.0,0.0
0,115500,JAMS,6613.0,53.0,6612.0,103.0,0.0,0.0,6614,53,6615.0,103.0,0.0,0.0,6613.5,0.0
0,115600,JAMS,6612.0,274.0,0.0,0.0,0.0,0.0,6614,274,0.0,0.0,0.0,0.0,6613.0,0.0
0,115700,JAMS,6612.0,185.0,0.0,0.0,0.0,0.0,6614,185,0.0,0.0,0.0,0.0,6613.0,0.0
0,115800,JAMS,6612.0,87.0,6611.0,103.0,0.0,0.0,6613,78,6614.0,103.0,0.0,0.0,6612.5,0.0
0,115900,JAMS,6611.0,180.0,0.0,0.0,0.0,0.0,6613,180,0.0,0.0,0.0,0.0,6612.0,0.0
0,116000,JAMS,6611.0,162.0,0.0,0.0,0.0,0.0,6613,162,0.0,0.0,0.0,0.0,6612.0,0.0
0,116100,JAMS,6610.0,258.0,0.0,0.0,0.0,0.0,6612,258,0.0,0.0,0.0,0.0,6611.0,0.0
0,116200,JAMS,6610.0,200.0,0.0,0.0,0.0,0.0,6612,200,0.0,0.0,0.0,0.0,6611.0,0.0
0,116300,JAMS,6610.0,85.0,6609.0,116.0,0.0,0.0,6611,85,6612.0,116.0,0.0,0.0,6610.5,0.0
0,116400,JAMS,6609.0,172.0,0.0,0.0,0.0,0.0,6611,172,0.0,0.0,0.0,0.0,6610.0,0.0
0,116500,JAMS,6609.0,256.0,0.0,0.0,0.0,0.0,6611,256,0.0,0.0,0.0,0.0,6610.0,0.0
0,116600,JAMS,6609.0,67.0,6608.0,103.0,0.0,0.0,6610,67,6611.0,103.0,0.0,0.0,6609.5,0.0
0,116700,JAMS,6608.0,197.0,0.0,0.0,0.0,0.0,6610,197,0.0,0.0,0.0,0.0,6609.0,0.0
0,116800,JAMS,6607.0,184.0,0.0,0.0,0.0,0.0,6608,11,6609.0,184.0,0.0,0.0,6607.5,0.0
0,116900,JAMS,6607.0,256.0,0.0,0.0,0.0,0.0,6609,256,0.0,0.0,0.0,0.0,6608.0,0.0
0,117000,JAMS,6606.0,214.0,0.0,0.0,0.0,0.0,6608,214,0.0,0.0,0.0,0.0,6607.0,0.0
0,117100,JAMS,6606.0,250.0,0.0,0.0,0.0,0.0,6608,250,0.0,0.0,0.0,0.0,6607.0,0.0
0,117200,JAMS,6605.0,92.0,6604.0,121.0,0.0,0.0,6606,92,6607.0,121.0,0.0,0.0,6605.5,0.0
0,117300,JAMS,6604.0,244.0,0.0,0.0,0.0,0.0,6606,244,0.0,0.0,0.0,0.0,6605.0,0.0
0,117400,JAMS,6605.0,97.0,6604.0,119.0,0.0,0.0,6606,97,6607.0,119.0,0.0,0.0,6605.5,0.0
0,117500,JAMS,6606.0,99.0,6605.0,134.0,0.0,0.0,6607,99,6608.0,134.0,0.0,0.0,6606.5,0.0
0,117600,JAMS,6606.0,67.0,6605.0,198.0,0.0,0.0,6607,67,6608.0,198.0,0.0,0.0,6606.5,0.0
0,117700,JAMS,6605.0,277.0,0.0,0.0,0.0,0.0,6607,277,0.0,0.0,0.0,0.0,6606.0,0.0
0,117800,JAMS,6606.0,90.0,6605.0,126.0,0.0,0.0,6607,90,6608.0,126.0,0.0,0.0,6606.5,0.0
0,117900,JAMS,6606.0,86.0,6605.0,126.0,0.0,0.0,6607,86,6608.0,126.0,0.0,0.0,6606.5,0.0
0,118000,JAMS,6605.0,56.0,6604.0,118.0,0.0,0.0,6606,56,6607.0,118.0,0.0,0.0,6605.5,0.0
0,118100,JAMS,6604.0,221.0,0.0,0.0,0.0,0.0,6606,221,0.0,0.0,0.0,0.0,6605.0,0.0
0,118200,JAMS,6604.0,166.0,0.0,0.0,0.0,0.0,6606,166,0.0,0.0,0.0,0.0,6605.0,0.0
0,118300,JAMS,6605.0,74.0,6604.0,168.0,0.0,0.0,6606,74,6607.0,168.0,0.0,0.0,6605.5,0.0
0,118400,JAMS,6605.0,97.0,6604.0,100.0,0.0,0.0,6606,97,6607.0,100.0,0.0,0.0,6605.5,0.0
0,118500,JAMS,6606.0,70.0,6605.0,105.0,0.0,0.0,6607,70,6608.0,105.0,0.0,0.0,6606.5,0.0
0,118600,JAMS,6606.0,187.0,0.0,0.0,0.0,0.0,6608,187,0.0,0.0,0.0,0.0,6607.0,0.0
0,118700,JAMS,6606.0,60.0,6605.0,196.0,0.0,0.0,6607,60,6608.0,196.0,0.0,0.0,6606.5,0.0
0,118800,JAMS,6606.0,63.0,6605.0,132.0,0.0,0.0,6607,63,6608.0,132.0,0.0,0.0,6606.5,0.0
0,118900,JAMS,6606.0,75.0,6605.0,105.0,0.0,0.0,6607,68,6608.0,105.0,0.0,0.0,6606.5,0.0
0,119000,JAMS,6606.0,56.0,6605.0,117.0,0.0,0.0,6607,56,6608.0,117.0,0.0,0.0,6606.5,0.0
0,119100,JAMS,6606.0,79.0,6605.0,187.0,0.0,0.0,6607,74,6608.0,187.0,0.0,0.0,6606.5,0.0
0,119200,JAMS,6606.0,96.0,6605.0,108.0,0.0,0.0,6607,96,6608.0,108.0,0.0,0.0,6606.5,0.0
0,119300,JAMS,6607.0,65.0,6606.0,176.0,0.0,0.0,6608,65,6609.0,176.0,0.0,0.0,6607.5,0.0
0,119400,JAMS,6606.0,91.0,6605.0,191.0,0.0,0.0,6607,91,6608.0,191.0,0.0,0.0,6606.5,0.0
0,119500,JAMS,6605.0,212.0,0.0,0.0,0.0,0.0,6607,212,0.0,0.0,0.0,0.0,6606.0,0.0
0,119600,JAMS,6605.0,183.0,0.0,0.0,0.0,0.0,6607,183,0.0,0.0,0.0,0.0,6606.0,0.0
0,119700,JAMS,6606.0,195.0,0.0,0.0,0.0,0.0,6608,195,0.0,0.0,0.0,0.0,6607.0,0.0
0,119800,JAMS,6606.0,237.0,0.0,0.0,0.0,0.0,6608,237,0.0,0.0,0.0,0.0,6607.0,0.0
0,119900,JAMS,6607.0,203.0,0.0,0.0,0.0,0.0,6609,203,0.0,0.0,0.0,0.0,6608.0,0.0
0,120000,JAMS,6608.0,236.0,0.0,0.0,0.0,0.0,6610,236,0.0,0.0,0.0,0.0,6609.0,0.0
0,120100,JAMS,6608.0,189.0,0.0,0.0,0.0,0.0,6610,189,0.0,0.0,0.0,0.0,6609.0,0.0
0,120200,JAMS,6608.0,165.0,0.0,0.0,0.0,0.0,6610,165,0.0,0.0,0.0,0.0,6609.0,0.0
0,120300,JAMS,6608.0,177.0,0.0,0.0,0.0,0.0,6610,177,0.0,0.0,0.0,0.0,6609.0,0.0
0,120400,JAMS,6608.0,214.0,0.0,0.0,0.0,0.0,6610,214,0.0,0.0,0.0,0.0,6609.0,0.0
0,120500,JAMS,6608.0,152.0,0.0,0.0,0.0,0.0,6610,152,0.0,0.0,0.0,0.0,6609.0,0.0
0,120600,JAMS,6608.0,229.0,0.0,0.0,0.0,0.0,6610,229,0.0,0.0,0.0,0.0,6609.0,0.0
0,120700,JAMS,6608.0,165.0,0.0,0.0,0.0,0.0,6610,165,0.0,0.0,0.0,0.0,6609.0,0.0
0,120800,JAMS,6608.0,63.0,6607.0,146.0,0.0,0.0,6609,63,6610.0,146.0,0.0,0.0,6608.5,0.0
0,120900,JAMS,6607.0,231.0,0.0,0.0,0.0,0.0,6609,231,0.0,0.0,0.0,0.0,6608.0,0.0
0,121000,JAMS,6608.0,87.0,6607.0,142.0,0.0,0.0,6609,87,6610.0,142.0,0.0,0.0,6608.5,0.0
0,121100,JAMS,6606.0,281.0,0.0,0.0,0.0,0.0,6608,281,0.0,0.0,0.0,0.0,6607.0,0.0
0,121200,JAMS,6607.0,55.0,6606.0,102.0,0.0,0.0,6608,55,6609.0,102.0,0.0,0.0,6607.5,0.0
0,121300,JAMS,6607.0,90.0,6606.0,100.0,0.0,0.0,6608,90,6609.0,100.0,0.0,0.0,6607.5,0.0
0,121400,JAMS,6606.0,210.0,0.0,0.0,0.0,0.0,6608,210,0.0,0.0,0.0,0.0,6607.0,0.0
0,121500,JAMS,6607.0,82.0,6606.0,118.0,0.0,0.0,6608,82,6609.0,118.0,0.0,0.0,6607.5,0.0
0,121600,JAMS,6607.0,70.0,6606.0,145.0,0.0,0.0,6608,70,6609.0,145.0,0.0,0.0,6607.5,0.0
0,121700,JAMS,6607.0,64.0,6606.0,116.0,0.0,0.0,6608,64,6609.0,116.0,0.0,0.0,6607.5,0.0
0,121800,JAMS,6607.0,272.0,0.0,0.0,0.0,0.0,6609,272,0.0,0.0,0.0,0.0,6608.0,0.0
0,121900,JAMS,6607.0,199.0,0.0,0.0,0.0,0.0,6609,199,0.0,0.0,0.0,0.0,6608.0,0.0
0,122000,JAMS,6607.0,280.0,0.0,0.0,0.0,0.0,6609,280,0.0,0.0,0.0,0.0,6608.0,0.0
0,122100,JAMS,6607.0,242.0,0.0,0.0,0.0,0.0,6609,242,0.0,0.0,0.0,0.0,6608.0,0.0
0,122200,JAMS,6607.0,224.0,0.0,0.0,0.0,0.0,6609,224,0.0,0.0,0.0,0.0,6608.0,0.0
0,122300,JAMS,6607.0,176.0,0.0,0.0,0.0,0.0,6609,176,0.0,0.0,0.0,0.0,6608.0,0.0
0,122400,JAMS,6607.0,219.0,0.0,0.0,0.0,0.0,6609,219,0.0,0.0,0.0,0.0,6608.0,0.0
0,122500,JAMS,6607.0,190.0,0.0,0.0,0.0,0.0,6608,87,6609.0,103.0,0.0,0.0,6607.5,0.0
0,122600,JAMS,6607.0,242.0,0.0,0.0,0.0,0.0,6609,242,0.0,0.0,0.0,0.0,6608.0,0.0
0,122700,JAMS,6608.0,58.0,6607.0,165.0,0.0,0.0,6609,58,6610.0,165.0,0.0,0.0,6608.5,0.0
0,122800,JAMS,6608.0,229.0,0.0,0.0,0.0,0.0,6610,229,0.0,0.0,0.0,0.0,6609.0,0.0
0,122900,JAMS,6608.0,224.0,0.0,0.0,0.0,0.0,6610,224,0.0,0.0,0.0,0.0,6609.0,0.0
0,123000,JAMS,6609.0,59.0,6608.0,138.0,0.0,0.0,6610,59,6611.0,138.0,0.0,0.0,6609.5,0.0
0,123100,JAMS,6608.0,209.0,0.0,0.0,0.0,0.0,6610,209,0.0,0.0,0.0,0.0,6609.0,0.0
0,123200,JAMS,6609.0,244.0,0.0,0.0,0.0,0.0,6611,244,0.0,0.0,0.0,0.0,6610.0,0.0
0,123300,JAMS,6609.0,205.0,0.0,0.0,0.0,0.0,6611,205,0.0,0.0,0.0,0.0,6610.0,0.0
0,123400,JAMS,6608.0,258.0,0.0,0.0,0.0,0.0,6610,258,0.0,0.0,0.0,0.0,6609.0,0.0
0,123500,JAMS,6608.0,239.0,0.0,0.0,0.0,0.0,6610,239,0.0,0.0,0.0,0.0,6609.0,0.0
0,123600,JAMS,6608.0,54.0,6607.0,189.0,0.0,0.0,6609,54,6610.0,189.0,0.0,0.0,6608.5,0.0
0,123700,JAMS,6608.0,75.0,6607.0,151.0,0.0,0.0,6609,75,6610.0,151.0,0.0,0.0,6608.5,0.0
0,123800,JAMS,6607.0,168.0,0.0,0.0,0.0,0.0,6609,168,0.0,0.0,0.0,0.0,6608.0,0.0
0,123900,JAMS,6607.0,74.0,6606.0,122.0,0.0,0.0,6608,74,6609.0,122.0,0.0,0.0,6607.5,0.0
0,124000,JAMS,6607.0,51.0,6606.0,182.0,0.0,0.0,6608,51,6609.0,182.0,0.0,0.0,6607.5,0.0
0,124100,JAMS,6607.0,195.0,0.0,0.0,0.0,0.0,6609,195,0.0,0.0,0.0,0.0,6608.0,0.0
0,124200,JAMS,6608.0,94.0,6607.0,134.0,0.0,0.0,6609,94,6610.0,134.0,0.0,0.0,6608.5,0.0
0,124300,JAMS,6608.0,72.0,6607.0,112.0,0.0,0.0,6609,72,6610.0,112.0,0.0,0.0,6608.5,0.0
0,124400,JAMS,6608.0,87.0,6607.0,158.0,0.0,0.0,6609,87,6610.0,158.0,0.0,0.0,6608.5,0.0
0,124500,JAMS,6607.0,183.0,0.0,0.0,0.0,0.0,6609,177,0.0,0.0,0.0,0.0,6608.0,0.0
0,124600,JAMS,6607.0,268.0,0.0,0.0,0.0,0.0,6609,268,0.0,0.0,0.0,0.0,6608.0,0.0
0,124700,JAMS,6607.0,93.0,6606.0,156.0,0.0,0.0,6608,93,6609.0,156.0,0.0,0.0,6607.5,0.0
0,124800,JAMS,6606.0,238.0,0.0,0.0,0.0,0.0,6608,238,0.0,0.0,0.0,0.0,6607.0,0.0
0,124900,JAMS,6606.0,171.0,0.0,0.0,0.0,0.0,6608,171,0.0,0.0,0.0,0.0,6607.0,0.0
0,125000,JAMS,6606.0,239.0,0.0,0.0,0.0,0.0,6608,239,0.0,0.0,0.0,0.0,6607.0,0.0
0,125100,JAMS,6606.0,67.0,6605.0,126.0,0.0,0.0,6607,67,6608.0,126.0,0.0,0.0,6606.5,0.0
0,125200,JAMS,6606.0,96.0,6605.0,144.0,0.0,0.0,6607,96,6608.0,144.0,0.0,0.0,6606.5,0.0
0,125300,JAMS,6606.0,240.0,0.0,0.0,0.0,0.0,6608,240,0.0,0.0,0.0,0.0,6607.0,0.0
0,125400,JAMS,6606.0,223.0,0.0,0.0,0.0,0.0,6608,223,0.0,0.0,0.0,0.0,6607.0,0.0
0,125500,JAMS,6606.0,299.0,0.0,0.0,0.0,0.0,6608,299,0.0,0.0,0.0,0.0,6607.0,0.0
0,125600,JAMS,6606.0,68.0,6605.0,105.0,0.0,0.0,6607,68,6608.0,105.0,0.0,0.0,6606.5,0.0
0,125700,JAMS,6606.0,50.0,6605.0,126.0,0.0,0.0,6607,50,6608.0,126.0,0.0,0.0,6606.5,0.0
0,125800,JAMS,6605.0,204.0,0.0,0.0,0.0,0.0,6607,204,0.0,0.0,0.0,0.0,6606.0,0.0
0,125900,JAMS,6606.0,46.0,6605.0,154.0,0.0,0.0,6607,57,6608.0,154.0,0.0,0.0,6606.5,0.0
0,126000,JAMS,6606.0,60.0,6605.0,176.0,0.0,0.0,6607,60,6608.0,176.0,0.0,0.0,6606.5,0.0
0,126100,JAMS,6606.0,65.0,6605.0,159.0,0.0,0.0,6607,65,6608.0,159.0,0.0,0.0,6606.5,0.0
0,126200,JAMS,6606.0,249.0,0.0,0.0,0.0,0.0,6608,255,0.0,0.0,0.0,0.0,6607.0,0.0
0,126300,JAMS,6606.0,79.0,6605.0,143.0,0.0,0.0,6607,79,6608.0,143.0,0.0,0.0,6606.5,0.0
0,126400,JAMS,6606.0,259.0,0.0,0.0,0.0,0.0,6608,259,0.0,0.0,0.0,0.0,6607.0,0.0
0,126500,JAMS,6606.0,92.0,6605.0,151.0,0.0,0.0,6607,92,6608.0,151.0,0.0,0.0,6606.5,0.0
0,126600,JAMS,6606.0,52.0,6605.0,197.0,0.0,0.0,6607,52,6608.0,197.0,0.0,0.0,6606.5,0.0
0,126700,JAMS,6606.0,239.0,0.0,0.0,0.0,0.0,6608,239,0.0,0.0,0.0,0.0,6607.0,0.0
0,126800,JAMS,6606.0,272.0,0.0,0.0,0.0,0.0,6608,272,0.0,0.0,0.0,0.0,6607.0,0.0
0,126900,JAMS,6607.0,297.0,0.0,0.0,0.0,0.0,6609,289,0.0,0.0,0.0,0.0,6608.0,0.0
0,127000,JAMS,6607.0,242.0,0.0,0.0,0.0,0.0,6609,242,0.0,0.0,0.0,0.0,6608.0,0.0
0,127100,JAMS,6607.0,273.0,0.0,0.0,0.0,0.0,6609,273,0.0,0.0,0.0,0.0,6608.0,0.0
0,127200,JAMS,6607.0,257.0,0.0,0.0,0.0,0.0,6609,257,0.0,0.0,0.0,0.0,6608.0,0.0
0,127300,JAMS,6607.0,215.0,0.0,0.0,0.0,0.0,6609,215,0.0,0.0,0.0,0.0,6608.0,0.0
0,127400,JAMS,6607.0,204.0,0.0,0.0,0.0,0.0,6609,204,0.0,0.0,0.0,0.0,6608.0,0.0
0,127500,JAMS,6607.0,285.0,0.0,0.0,0.0,0.0,6609,285,0.0,0.0,0.0,0.0,6608.0,0.0
0,127600,JAMS,6607.0,224.0,0.0,0.0,0.0,0.0,6609,224,0.0,0.0,0.0,0.0,6608.0,0.0
0,127700,JAMS,6607.0,59.0,6606.0,121.0,0.0,0.0,6608,59,6609.0,121.0,0.0,0.0,6607.5,0.0
0,127800,JAMS,6607.0,95.0,6606.0,107.0,0.0,0.0,6608,95,6609.0,107.0,0.0,0.0,6607.5,0.0
0,127900,JAMS,6607.0,242.0,0.0,0.0,0.0,0.0,6609,242,0.0,0.0,0.0,0.0,6608.0,0.0
0,128000,JAMS,6607.0,258.0,0.0,0.0,0.0,0.0,6609,258,0.0,0.0,0.0,0.0,6608.0,0.0
0,128100,JAMS,6607.0,248.0,0.0,0.0,0.0,0.0,6609,248,0.0,0.0,0.0,0.0,6608.0,0.0
0,128200,JAMS,6607.0,220.0,0.0,0.0,0.0,0.0,6609,220,0.0,0.0,0.0,0.0,6608.0,0.0
0,128300,JAMS,6607.0,178.0,0.0,0.0,0.0,0.0,6609,178,0.0,0.0,0.0,0.0,6608.0,0.0
0,128400,JAMS,6607.0,258.0,0.0,0.0,0.0,0.0,6609,258,0.0,0.0,0.0,0.0,6608.0,0.0
0,128500,JAMS,6607.0,263.0,0.0,0.0,0.0,0.0,6609,263,0.0,0.0,0.0,0.0,6608.0,0.0
0,128600,JAMS,6607.0,169.0,0.0,0.0,0.0,0.0,6609,169,0.0,0.0,0.0,0.0,6608.0,0.0
0,128700,JAMS,6607.0,93.0,6606.0,145.0,0.0,0.0,6608,93,6609.0,145.0,0.0,0.0,6607.5,0.0
0,128800,JAMS,6607.0,81.0,6606.0,161.0,0.0,0.0,6608,81,6609.0,161.0,0.0,0.0,6607.5,0.0
0,128900,JAMS,6606.0,215.0,0.0,0.0,0.0,0.0,6608,215,0.0,0.0,0.0,0.0,6607.0,0.0
0,129000,JAMS,6606.0,157.0,0.0,0.0,0.0,0.0,6608,157,0.0,0.0,0.0,0.0,6607.0,0.0
0,129100,JAMS,6606.0,240.0,0.0,0.0,0.0,0.0,6608,247,0.0,0.0,0.0,0.0,6607.0,0.0
0,129200,JAMS,6606.0,208.0,0.0,0.0,0.0,0.0,6608,208,0.0,0.0,0.0,0.0,6607.0,0.0
0,129300,JAMS,6606.0,232.0,0.0,0.0,0.0,0.0,6608,232,0.0,0.0,0.0,0.0,6607.0,0.0
0,129400,JAMS,6606.0,231.0,0.0,0.0,0.0,0.0,6608,231,0.0,0.0,0.0,0.0,6607.0,0.0
0,129500,JAMS,6606.0,219.0,0.0,0.0,0.0,0.0,6608,219,0.0,0.0,0.0,0.0,6607.0,0.0
0,129600,JAMS,6606.0,86.0,6605.0,172.0,0.0,0.0,6607,86,6608.0,172.0,0.0,0.0,6606.5,0.0
0,129700,JAMS,6606.0,79.0,6605.0,140.0,0.0,0.0,6607,79,6608.0,140.0,0.0,0.0,6606.5,0.0
0,129800,JAMS,6606.0,51.0,6605.0,186.0,0.0,0.0,6607,51,6608.0,186.0,0.0,0.0,6606.5,0.0
0,129900,JAMS,6606.0,58.0,6605.0,114.0,0.0,0.0,6607,58,6608.0,114.0,0.0,0.0,6606.5,0.0
0,130000,JAMS,6606.0,66.0,6605.0,136.0,0.0,0.0,6607,66,6608.0,136.0,0.0,0.0,6606.5,0.0
0,130100,JAMS,6607.0,74.0,6606.0,185.0,0.0,0.0,6608,74,6609.0,185.0,0.0,0.0,6607.5,0.0
0,130200,JAMS,6607.0,82.0,6606.0,190.0,0.0,0.0,6608,82,6609.0,190.0,0.0,0.0,6607.5,0.0
0,130300,JAMS,6607.0,90.0,6606.0,129.0,0.0,0.0,6608,90,6609.0,129.0,0.0,0.0,6607.5,0.0
0,130400,JAMS,6606.0,241.0,0.0,0.0,0.0,0.0,6608,241,0.0,0.0,0.0,0.0,6607.0,0.0
0,130500,JAMS,6606.0,241.0,0.0,0.0,0.0,0.0,6608,241,0.0,0.0,0.0,0.0,6607.0,0.0
0,130600,JAMS,6607.0,70.0,6606.0,110.0,0.0,0.0,6608,70,6609.0,110.0,0.0,0.0,6607.5,0.0
0,130700,JAMS,6607.0,79.0,6606.0,114.0,0.0,0.0,6608,79,6609.0,114.0,0.0,0.0,6607.5,0.0
0,130800,JAMS,6607.0,50.0,6606.0,111.0,0.0,0.0,6608,50,6609.0,111.0,0.0,0.0,6607.5,0.0
0,130900,JAMS,6606.0,239.0,0.0,0.0,0.0,0.0,6608,239,0.0,0.0,0.0,0.0,6607.0,0.0
0,131000,JAMS,6607.0,68.0,6606.0,132.0,0.0,0.0,6608,68,6609.0,132.0,0.0,0.0,6607.5,0.0
0,131100,JAMS,6607.0,57.0,6606.0,191.0,0.0,0.0,6608,57,6609.0,191.0,0.0,0.0,6607.5,0.0
0,131200,JAMS,6607.0,237.0,0.0,0.0,0.0,0.0,6609,237,0.0,0.0,0.0,0.0,6608.0,0.0
0,131300,JAMS,6607.0,269.0,0.0,0.0,0.0,0.0,6609,269,0.0,0.0,0.0,0.0,6608.0,0.0
0,131400,JAMS,6607.0,227.0,0.0,0.0,0.0,0.0,6609,227,0.0,0.0,0.0,0.0,6608.0,0.0
0,131500,JAMS,6607.0,241.0,0.0,0.0,0.0,0.0,6609,241,0.0,0.0,0.0,0.0,6608.0,0.0
0,131600,JAMS,6608.0,192.0,0.0,0.0,0.0,0.0,6610,192,0.0,0.0,0.0,0.0,6609.0,0.0
0,131700,JAMS,6609.0,82.0,6608.0,184.0,0.0,0.0,6610,82,6611.0,184.0,0.0,0.0,6609.5,0.0
0,131800,JAMS,6609.0,57.0,6608.0,101.0,0.0,0.0,6610,60,6611.0,101.0,0.0,0.0,6609.5,0.0
0,131900,JAMS,6609.0,95.0,6608.0,171.0,0.0,0.0,6610,95,6611.0,171.0,0.0,0.0,6609.5,0.0
0,132000,JAMS,6609.0,42.0,6608.0,171.0,0.0,0.0,6610,54,6611.0,171.0,0.0,0.0,6609.5,0.0
0,132100,JAMS,6609.0,166.0,0.0,0.0,0.0,0.0,6611,166,0.0,0.0,0.0,0.0,6610.0,0.0
0,132200,JAMS,6609.0,235.0,0.0,0.0,0.0,0.0,6611,235,0.0,0.0,0.0,0.0,6610.0,0.0
0,132300,JAMS,6609.0,168.0,0.0,0.0,0.0,0.0,6611,168,0.0,0.0,0.0,0.0,6610.0,0.0
0,132400,JAMS,6609.0,185.0,0.0,0.0,0.0,0.0,6611,185,0.0,0.0,0.0,0.0,6610.0,0.0
0,132500,JAMS,6610.0,87.0,6609.0,115.0,0.0,0.0,6611,87,6612.0,115.0,0.0,0.0,6610.5,0.0
0,132600,JAMS,6610.0,223.0,0.0,0.0,0.0,0.0,6612,223,0.0,0.0,0.0,0.0,6611.0,0.0
0,132700,JAMS,6610.0,62.0,6609.0,123.0,0.0,0.0,6611,62,6612.0,123.0,0.0,0.0,6610.5,0.0
0,132800,JAMS,6610.0,84.0,6609.0,126.0,0.0,0.0,6611,84,6612.0,126.0,0.0,0.0,6610.5,0.0
0,132900,JAMS,6610.0,164.0,0.0,0.0,0.0,0.0,6612,164,0.0,0.0,0.0,0.0,6611.0,0.0
0,133000,JAMS,6610.0,89.0,6609.0,124.0,0.0,0.0,6611,80,6612.0,124.0,0.0,0.0,6610.5,0.0
0,133100,JAMS,6610.0,62.0,6609.0,185.0,0.0,0.0,6611,62,6612.0,185.0,0.0,0.0,6610.5,0.0
0,133200,JAMS,6609.0,254.0,0.0,0.0,0.0,0.0,6611,254,0.0,0.0,0.0,0.0,6610.0,0.0
0,133300,JAMS,6609.0,86.0,6608.0,163.0,0.0,0.0,6610,86,6611.0,163.0,0.0,0.0,6609.5,0.0
0,133400,JAMS,6609.0,91.0,6608.0,166.0,0.0,0.0,6610,94,6611.0,166.0,0.0,0.0,6609.5,0.0
0,133500,JAMS,6609.0,169.0,0.0,0.0,0.0,0.0,6611,165,0.0,0.0,0.0,0.0,6610.0,0.0
0,133600,JAMS,6609.0,184.0,0.0,0.0,0.0,0.0,6611,184,0.0,0.0,0.0,0.0,6610.0,0.0
0,133700,JAMS,6609.0,185.0,0.0,0.0,0.0,0.0,6611,185,0.0,0.0,0.0,0.0,6610.0,0.0
0,133800,JAMS,6610.0,5.0,6609.0,273.0,0.0,0.0,6611,273,0.0,0.0,0.0,0.0,6610.5,0.0
0,133900,JAMS,6609.0,222.0,0.0,0.0,0.0,0.0,6611,222,0.0,0.0,0.0,0.0,6610.0,0.0
0,134000,JAMS,6609.0,72.0,6608.0,115.0,0.0,0.0,6610,72,6611.0,115.0,0.0,0.0,6609.5,0.0
0,134100,JAMS,6609.0,79.0,6608.0,142.0,0.0,0.0,6610,221,0.0,0.0,0.0,0.0,6609.5,0.0
0,134200,JAMS,6609.0,88.0,6608.0,189.0,0.0,0.0,6610,88,6611.0,189.0,0.0,0.0,6609.5,0.0
0,134300,JAMS,6607.0,246.0,0.0,0.0,0.0,0.0,6609,246,0.0,0.0,0.0,0.0,6608.0,0.0
0,134400,JAMS,6607.0,191.0,0.0,0.0,0.0,0.0,6609,191,0.0,0.0,0.0,0.0,6608.0,0.0
0,134500,JAMS,6607.0,91.0,6606.0,159.0,0.0,0.0,6608,91,6609.0,159.0,0.0,0.0,6607.5,0.0
0,134600,JAMS,6607.0,85.0,6606.0,105.0,0.0,0.0,6608,85,6609.0,105.0,0.0,0.0,6607.5,0.0
0,134700,JAMS,6607.0,97.0,6606.0,122.0,0.0,0.0,6608,97,6609.0,122.0,0.0,0.0,6607.5,0.0
0,134800,JAMS,6606.0,271.0,0.0,0.0,0.0,0.0,6608,271,0.0,0.0,0.0,0.0,6607.0,0.0
0,134900,JAMS,6606.0,237.0,0.0,0.0,0.0,0.0,6608,237,0.0,0.0,0.0,0.0,6607.0,0.0
0,135000,JAMS,6606.0,237.0,0.0,0.0,0.0,0.0,6608,237,0.0,0.0,0.0,0.0,6607.0,0.0
0,135100,JAMS,6606.0,257.0,0.0,0.0,0.0,0.0,6608,257,0.0,0.0,0.0,0.0,6607.0,0.0
0,135200,JAMS,6606.0,64.0,6605.0,153.0,0.0,0.0,6607,64,6608.0,153.0,0.0,0.0,6606.5,0.0
0,135300,JAMS,6606.0,58.0,6605.0,191.0,0.0,0.0,6607,58,6608.0,191.0,0.0,0.0,6606.5,0.0
0,135400,JAMS,6605.0,231.0,0.0,0.0,0.0,0.0,6607,231,0.0,0.0,0.0,0.0,6606.0,0.0
0,135500,JAMS,6605.0,213.0,0.0,0.0,0.0,0.0,6607,213,0.0,0.0,0.0,0.0,6606.0,0.0
0,135600,JAMS,6605.0,252.0,0.0,0.0,0.0,0.0,6607,252,0.0,0.0,0.0,0.0,6606.0,0.0
0,135700,JAMS,6605.0,191.0,0.0,0.0,0.0,0.0,6607,191,0.0,0.0,0.0,0.0,6606.0,0.0
0,135800,JAMS,6605.0,235.0,0.0,0.0,0.0,0.0,6607,235,0.0,0.0,0.0,0.0,6606.0,0.0
0,135900,JAMS,6605.0,189.0,0.0,0.0,0.0,0.0,6607,189,0.0,0.0,0.0,0.0,6606.0,0.0
0,136000,JAMS,6605.0,224.0,0.0,0.0,0.0,0.0,6607,224,0.0,0.0,0.0,0.0,6606.0,0.0
0,136100,JAMS,6605.0,164.0,0.0,0.0,0.0,0.0,6607,164,0.0,0.0,0.0,0.0,6606.0,0.0
0,136200,JAMS,6606.0,83.0,6605.0,134.0,0.0,0.0,6607,83,6608.0,134.0,0.0,0.0,6606.5,0.0
0,136300,JAMS,6605.0,230.0,0.0,0.0,0.0,0.0,6606,4,6607.0,230.0,0.0,0.0,6605.5,0.0
0,136400,JAMS,6605.0,224.0,0.0,0.0,0.0,0.0,6607,224,0.0,0.0,0.0,0.0,6606.0,0.0
0,136500,JAMS,6605.0,233.0,0.0,0.0,0.0,0.0,6607,233,0.0,0.0,0.0,0.0,6606.0,0.0
0,136600,JAMS,6606.0,78.0,6605.0,105.0,0.0,0.0,6607,78,6608.0,105.0,0.0,0.0,6606.5,0.0
0,136700,JAMS,6606.0,95.0,6605.0,152.0,0.0,0.0,6607,95,6608.0,152.0,0.0,0.0,6606.5,0.0
0,136800,JAMS,6606.0,62.0,6605.0,117.0,0.0,0.0,6607,62,6608.0,117.0,0.0,0.0,6606.5,0.0
0,136900,JAMS,6605.0,246.0,0.0,0.0,0.0,0.0,6607,246,0.0,0.0,0.0,0.0,6606.0,0.0
0,137000,JAMS,6606.0,73.0,6605.0,138.0,0.0,0.0,6607,73,6608.0,138.0,0.0,0.0,6606.5,0.0
0,137100,JAMS,6606.0,99.0,6605.0,186.0,0.0,0.0,6607,99,6608.0,186.0,0.0,0.0,6606.5,0.0
0,137200,JAMS,6605.0,235.0,0.0,0.0,0.0,0.0,6607,235,0.0,0.0,0.0,0.0,6606.0,0.0
0,137300,JAMS,6605.0,298.0,0.0,0.0,0.0,0.0,6607,298,0.0,0.0,0.0,0.0,6606.0,0.0
0,137400,JAMS,6605.0,271.0,0.0,0.0,0.0,0.0,6607,271,0.0,0.0,0.0,0.0,6606.0,0.0
0,137500,JAMS,6605.0,283.0,0.0,0.0,0.0,0.0,6607,283,0.0,0.0,0.0,0.0,6606.0,0.0
0,137600,JAMS,6605.0,197.0,0.0,0.0,0.0,0.0,6607,197,0.0,0.0,0.0,0.0,6606.0,0.0
0,137700,JAMS,6605.0,233.0,0.0,0.0,0.0,0.0,6607,233,0.0,0.0,0.0,0.0,6606.0,0.0
0,137800,JAMS,6605.0,269.0,0.0,0.0,0.0,0.0,6607,269,0.0,0.0,0.0,0.0,6606.0,0.0
0,137900,JAMS,6605.0,260.0,0.0,0.0,0.0,0.0,6607,260,0.0,0.0,0.0,0.0,6606.0,0.0
0,138000,JAMS,6605.0,72.0,6604.0,164.0,0.0,0.0,6606,72,6607.0,164.0,0.0,0.0,6605.5,0.0
0,138100,JAMS,6604.0,202.0,0.0,0.0,0.0,0.0,6606,202,0.0,0.0,0.0,0.0,6605.0,0.0
0,138200,JAMS,6604.0,256.0,0.0,0.0,0.0,0.0,6606,256,0.0,0.0,0.0,0.0,6605.0,0.0
0,138300,JAMS,6604.0,257.0,0.0,0.0,0.0,0.0,6606,257,0.0,0.0,0.0,0.0,6605.0,0.0
0,138400,JAMS,6604.0,249.0,0.0,0.0,0.0,0.0,6606,249,0.0,0.0,0.0,0.0,6605.0,0.0
0,138500,JAMS,6604.0,237.0,0.0,0.0,0.0,0.0,6605,60,6606.0,177.0,0.0,0.0,6604.5,0.0
0,138600,JAMS,6604.0,265.0,0.0,0.0,0.0,0.0,6606,260,0.0,0.0,0.0,0.0,6605.0,0.0
0,138700,JAMS,6604.0,62.0,6603.0,138.0,0.0,0.0,6605,62,6606.0,138.0,0.0,0.0,6604.5,0.0
0,138800,JAMS,6604.0,66.0,6603.0,156.0,0.0,0.0,6605,66,6606.0,156.0,0.0,0.0,6604.5,0.0
0,138900,JAMS,6603.0,263.0,0.0,0.0,0.0,0.0,6605,263,0.0,0.0,0.0,0.0,6604.0,0.0
0,139000,JAMS,6603.0,195.0,0.0,0.0,0.0,0.0,6605,195,0.0,0.0,0.0,0.0,6604.0,0.0
0,139100,JAMS,6603.0,211.0,0.0,0.0,0.0,0.0,6605,211,0.0,0.0,0.0,0.0,6604.0,0.0
0,139200,JAMS,6603.0,54.0,6602.0,164.0,0.0,0.0,6604,54,6605.0,164.0,0.0,0.0,6603.5,0.0
0,139300,JAMS,6603.0,250.0,0.0,0.0,0.0,0.0,6605,250,0.0,0.0,0.0,0.0,6604.0,0.0
0,139400,JAMS,6603.0,72.0,6602.0,158.0,0.0,0.0,6604,72,6605.0,158.0,0.0,0.0,6603.5,0.0
0,139500,JAMS,6603.0,51.0,6602.0,134.0,0.0,0.0,6604,51,6605.0,134.0,0.0,0.0,6603.5,0.0
0,139600,JAMS,6603.0,58.0,6602.0,199.0,0.0,0.0,6604,58,6605.0,199.0,0.0,0.0,6603.5,0.0
0,139700,JAMS,6603.0,83.0,6602.0,134.0,0.0,0.0,6604,91,6605.0,134.0,0.0,0.0,6603.5,0.0
0,139800,JAMS,6603.0,88.0,6602.0,158.0,0.0,0.0,6604,88,6605.0,158.0,0.0,0.0,6603.5,0.0
0,139900,JAMS,6603.0,100.0,6602.0,148.0,0.0,0.0,6604,248,0.0,0.0,0.0,0.0,6603.5,0.0
0,140000,JAMS,6602.0,195.0,0.0,0.0,0.0,0.0,6604,195,0.0,0.0,0.0,0.0,6603.0,0.0
0,140100,JAMS,6602.0,243.0,0.0,0.0,0.0,0.0,6604,243,0.0,0.0,0.0,0.0,6603.0,0.0
0,140200,JAMS,6602.0,57.0,6601.0,147.0,0.0,0.0,6603,57,6604.0,147.0,0.0,0.0,6602.5,0.0
0,140300,JAMS,6602.0,59.0,6601.0,140.0,0.0,0.0,6603,59,6604.0,140.0,0.0,0.0,6602.5,0.0
0,140400,JAMS,6601.0,214.0,0.0,0.0,0.0,0.0,6603,214,0.0,0.0,0.0,0.0,6602.0,0.0
0,140500,JAMS,6601.0,238.0,0.0,0.0,0.0,0.0,6602,74,6603.0,164.0,0.0,0.0,6601.5,0.0
0,140600,JAMS,6601.0,243.0,0.0,0.0,0.0,0.0,6603,243,0.0,0.0,0.0,0.0,6602.0,0.0
0,140700,JAMS,6601.0,63.0,6600.0,119.0,0.0,0.0,6602,63,6603.0,119.0,0.0,0.0,6601.5,0.0
0,140800,JAMS,6600.0,283.0,0.0,0.0,0.0,0.0,6602,283,0.0,0.0,0.0,0.0,6601.0,0.0
0,140900,JAMS,6601.0,71.0,6600.0,167.0,0.0,0.0,6602,71,6603.0,167.0,0.0,0.0,6601.5,0.0
0,141000,JAMS,6601.0,79.0,6600.0,183.0,0.0,0.0,6602,73,6603.0,183.0,0.0,0.0,6601.5,0.0
0,141100,JAMS,6601.0,94.0,6600.0,184.0,0.0,0.0,6602,94,6603.0,184.0,0.0,0.0,6601.5,0.0
0,141200,JAMS,6601.0,72.0,6600.0,133.0,0.0,0.0,6602,72,6603.0,133.0,0.0,0.0,6601.5,0.0
0,141300,JAMS,6601.0,99.0,6600.0,165.0,0.0,0.0,6602,99,6603.0,165.0,0.0,0.0,6601.5,0.0
0,141400,JAMS,6601.0,74.0,6600.0,150.0,0.0,0.0,6602,74,6603.0,150.0,0.0,0.0,6601.5,0.0
0,141500,JAMS,6601.0,207.0,0.0,0.0,0.0,0.0,6603,207,0.0,0.0,0.0,0.0,6602.0,0.0
0,141600,JAMS,6601.0,248.0,0.0,0.0,0.0,0.0,6603,240,0.0,0.0,0.0,0.0,6602.0,0.0
0,141700,JAMS,6601.0,179.0,0.0,0.0,0.0,0.0,6603,189,0.0,0.0,0.0,0.0,6602.0,0.0
0,141800,JAMS,6602.0,256.0,0.0,0.0,0.0,0.0,6604,256,0.0,0.0,0.0,0.0,6603.0,0.0
0,141900,JAMS,6603.0,245.0,0.0,0.0,0.0,0.0,6605,245,0.0,0.0,0.0,0.0,6604.0,0.0
0,142000,JAMS,6604.0,237.0,0.0,0.0,0.0,0.0,6606,237,0.0,0.0,0.0,0.0,6605.0,0.0
0,142100,JAMS,6604.0,256.0,0.0,0.0,0.0,0.0,6606,256,0.0,0.0,0.0,0.0,6605.0,0.0
0,142200,JAMS,6604.0,184.0,0.0,0.0,0.0,0.0,6606,184,0.0,0.0,0.0,0.0,6605.0,0.0
0,142300,JAMS,6604.0,195.0,0.0,0.0,0.0,0.0,6606,195,0.0,0.0,0.0,0.0,6605.0,0.0
0,142400,JAMS,6604.0,243.0,0.0,0.0,0.0,0.0,6605,74,6606.0,169.0,0.0,0.0,6604.5,0.0
0,142500,JAMS,6604.0,88.0,6603.0,194.0,0.0,0.0,6605,88,6606.0,194.0,0.0,0.0,6604.5,0.0
0,142600,JAMS,6604.0,93.0,6603.0,188.0,0.0,0.0,6605,93,6606.0,188.0,0.0,0.0,6604.5,0.0
0,142700,JAMS,6604.0,263.0,0.0,0.0,0.0,0.0,6606,263,0.0,0.0,0.0,0.0,6605.0,0.0
0,142800,JAMS,6603.0,195.0,0.0,0.0,0.0,0.0,6605,195,0.0,0.0,0.0,0.0,6604.0,0.0
0,142900,JAMS,6603.0,209.0,0.0,0.0,0.0,0.0,6605,209,0.0,0.0,0.0,0.0,6604.0,0.0
0,143000,JAMS,6603.0,223.0,0.0,0.0,0.0,0.0,6605,223,0.0,0.0,0.0,0.0,6604.0,0.0
0,143100,JAMS,6603.0,56.0,6602.0,188.0,0.0,0.0,6604,56,6605.0,188.0,0.0,0.0,6603.5,0.0
0,143200,JAMS,6602.0,197.0,0.0,0.0,0.0,0.0,6603,73,6604.0,129.0,0.0,0.0,6602.5,0.0
0,143300,JAMS,6602.0,58.0,6601.0,182.0,0.0,0.0,6603,58,6604.0,182.0,0.0,0.0,6602.5,0.0
0,143400,JAMS,6602.0,88.0,6601.0,170.0,0.0,0.0,6603,88,6604.0,170.0,0.0,0.0,6602.5,0.0
0,143500,JAMS,6603.0,176.0,0.0,0.0,0.0,0.0,6605,176,0.0,0.0,0.0,0.0,6604.0,0.0
0,143600,JAMS,6603.0,213.0,0.0,0.0,0.0,0.0,6605,213,0.0,0.0,0.0,0.0,6604.0,0.0
0,143700,JAMS,6603.0,203.0,0.0,0.0,0.0,0.0,6605,203,0.0,0.0,0.0,0.0,6604.0,0.0
0,143800,JAMS,6603.0,188.0,0.0,0.0,0.0,0.0,6605,188,0.0,0.0,0.0,0.0,6604.0,0.0
0,143900,JAMS,6602.0,248.0,0.0,0.0,0.0,0.0,6604,248,0.0,0.0,0.0,0.0,6603.0,0.0
0,144000,JAMS,6602.0,243.0,0.0,0.0,0.0,0.0,6604,243,0.0,0.0,0.0,0.0,6603.0,0.0
0,144100,JAMS,6602.0,239.0,0.0,0.0,0.0,0.0,6604,239,0.0,0.0,0.0,0.0,6603.0,0.0
0,144200,JAMS,6602.0,232.0,0.0,0.0,0.0,0.0,6604,232,0.0,0.0,0.0,0.0,6603.0,0.0
0,144300,JAMS,6602.0,252.0,0.0,0.0,0.0,0.0,6604,252,0.0,0.0,0.0,0.0,6603.0,0.0
0,144400,JAMS,6602.0,196.0,0.0,0.0,0.0,0.0,6604,196,0.0,0.0,0.0,0.0,6603.0,0.0
0,144500,JAMS,6602.0,198.0,0.0,0.0,0.0,0.0,6604,198,0.0,0.0,0.0,0.0,6603.0,0.0
0,144600,JAMS,6602.0,235.0,0.0,0.0,0.0,0.0,6604,235,0.0,0.0,0.0,0.0,6603.0,0.0
0,144700,JAMS,6602.0,194.0,0.0,0.0,0.0,0.0,6604,194,0.0,0.0,0.0,0.0,6603.0,0.0
0,144800,JAMS,6602.0,203.0,0.0,0.0,0.0,0.0,6604,203,0.0,0.0,0.0,0.0,6603.0,0.0
0,144900,JAMS,6602.0,207.0,0.0,0.0,0.0,0.0,6604,207,0.0,0.0,0.0,0.0,6603.0,0.0
0,145000,JAMS,6602.0,206.0,0.0,0.0,0.0,0.0,6604,206,0.0,0.0,0.0,0.0,6603.0,0.0
0,145100,JAMS,6603.0,245.0,0.0,0.0,0.0,0.0,6605,245,0.0,0.0,0.0,0.0,6604.0,0.0
0,145200,JAMS,6603.0,195.0,0.0,0.0,0.0,0.0,6605,195,0.0,0.0,0.0,0.0,6604.0,0.0
0,145300,JAMS,6603.0,259.0,0.0,0.0,0.0,0.0,6605,259,0.0,0.0,0.0,0.0,6604.0,0.0
0,145400,JAMS,6604.0,199.0,0.0,0.0,0.0,0.0,6606,199,0.0,0.0,0.0,0.0,6605.0,0.0
0,145500,JAMS,6604.0,236.0,0.0,0.0,0.0,0.0,6606,236,0.0,0.0,0.0,0.0,6605.0,0.0
0,145600,JAMS,6604.0,254.0,0.0,0.0,0.0,0.0,6606,254,0.0,0.0,0.0,0.0,6605.0,0.0
0,145700,JAMS,6604.0,91.0,6603.0,171.0,0.0,0.0,6605,91,6606.0,171.0,0.0,0.0,6604.5,0.0
0,145800,JAMS,6604.0,97.0,6603.0,160.0,0.0,0.0,6605,97,6606.0,160.0,0.0,0.0,6604.5,0.0
0,145900,JAMS,6604.0,95.0,6603.0,137.0,0.0,0.0,6605,232,0.0,0.0,0.0,0.0,6604.5,0.0
0,146000,JAMS,6604.0,57.0,6603.0,174.0,0.0,0.0,6605,57,6606.0,174.0,0.0,0.0,6604.5,0.0
0,146100,JAMS,6604.0,76.0,6603.0,104.0,0.0,0.0,6605,76,6606.0,104.0,0.0,0.0,6604.5,0.0
0,146200,JAMS,6604.0,66.0,6603.0,124.0,0.0,0.0,6605,66,6606.0,124.0,0.0,0.0,6604.5,0.0
0,146300,JAMS,6604.0,204.0,0.0,0.0,0.0,0.0,6606,204,0.0,0.0,0.0,0.0,6605.0,0.0
0,146400,JAMS,6604.0,183.0,0.0,0.0,0.0,0.0,6606,183,0.0,0.0,0.0,0.0,6605.0,0.0
0,146500,JAMS,6604.0,230.0,0.0,0.0,0.0,0.0,6606,230,0.0,0.0,0.0,0.0,6605.0,0.0
0,146600,JAMS,6604.0,207.0,0.0,0.0,0.0,0.0,6606,207,0.0,0.0,0.0,0.0,6605.0,0.0
0,146700,JAMS,6604.0,61.0,6603.0,100.0,0.0,0.0,6605,65,6606.0,100.0,0.0,0.0,6604.5,0.0
0,146800,JAMS,6604.0,91.0,6603.0,151.0,0.0,0.0,6605,91,6606.0,151.0,0.0,0.0,6604.5,0.0
0,146900,JAMS,6604.0,79.0,6603.0,189.0,0.0,0.0,6605,79,6606.0,189.0,0.0,0.0,6604.5,0.0
0,147000,JAMS,6604.0,55.0,6603.0,168.0,0.0,0.0,6605,55,6606.0,168.0,0.0,0.0,6604.5,0.0
0,147100,JAMS,6604.0,166.0,0.0,0.0,0.0,0.0,6606,166,0.0,0.0,0.0,0.0,6605.0,0.0
0,147200,JAMS,6604.0,252.0,0.0,0.0,0.0,0.0,6606,252,0.0,0.0,0.0,0.0,6605.0,0.0
0,147300,JAMS,6604.0,94.0,6603.0,189.0,0.0,0.0,6605,94,6606.0,189.0,0.0,0.0,6604.5,0.0
0,147400,JAMS,6604.0,172.0,0.0,0.0,0.0,0.0,6606,172,0.0,0.0,0.0,0.0,6605.0,0.0
0,147500,JAMS,6604.0,184.0,0.0,0.0,0.0,0.0,6606,184,0.0,0.0,0.0,0.0,6605.0,0.0
0,147600,JAMS,6605.0,10.0,6604.0,248.0,0.0,0.0,6606,248,0.0,0.0,0.0,0.0,6605.5,0.0
0,147700,JAMS,6604.0,158.0,0.0,0.0,0.0,0.0,6606,158,0.0,0.0,0.0,0.0,6605.0,0.0
0,147800,JAMS,6605.0,72.0,6604.0,194.0,0.0,0.0,6606,72,6607.0,194.0,0.0,0.0,6605.5,0.0
0,147900,JAMS,6604.0,217.0,0.0,0.0,0.0,0.0,6606,217,0.0,0.0,0.0,0.0,6605.0,0.0
0,148000,JAMS,6604.0,197.0,0.0,0.0,0.0,0.0,6606,197,0.0,0.0,0.0,0.0,6605.0,0.0
0,148100,JAMS,6605.0,3.0,6604.0,239.0,0.0,0.0,6606,239,0.0,0.0,0.0,0.0,6605.5,0.0
0,148200,JAMS,6605.0,67.0,6604.0,155.0,0.0,0.0,6606,67,6607.0,155.0,0.0,0.0,6605.5,0.0
0,148300,JAMS,6604.0,248.0,0.0,0.0,0.0,0.0,6606,248,0.0,0.0,0.0,0.0,6605.0,0.0
0,148400,JAMS,6604.0,214.0,0.0,0.0,0.0,0.0,6606,214,0.0,0.0,0.0,0.0,6605.0,0.0
0,148500,JAMS,6604.0,258.0,0.0,0.0,0.0,0.0,6606,258,0.0,0.0,0.0,0.0,6605.0,0.0
0,148600,JAMS,6604.0,242.0,0.0,0.0,0.0,0.0,6606,242,0.0,0.0,0.0,0.0,6605.0,0.0
0,148700,JAMS,6604.0,286.0,0.0,0.0,0.0,0.0,6606,286,0.0,0.0,0.0,0.0,6605.0,0.0
0,148800,JAMS,6604.0,92.0,6603.0,152.0,0.0,0.0,6605,92,6606.0,152.0,0.0,0.0,6604.5,0.0
0,148900,JAMS,6604.0,217.0,0.0,0.0,0.0,0.0,6606,217,0.0,0.0,0.0,0.0,6605.0,0.0
0,149000,JAMS,6604.0,56.0,6603.0,102.0,0.0,0.0,6605,56,6606.0,102.0,0.0,0.0,6604.5,0.0
0,149100,JAMS,6604.0,232.0,0.0,0.0,0.0,0.0,6606,224,0.0,0.0,0.0,0.0,6605.0,0.0
0,149200,JAMS,6604.0,199.0,0.0,0.0,0.0,0.0,6606,199,0.0,0.0,0.0,0.0,6605.0,0.0
0,149300,JAMS,6605.0,232.0,0.0,0.0,0.0,0.0,6607,232,0.0,0.0,0.0,0.0,6606.0,0.0
0,149400,JAMS,6605.0,242.0,0.0,0.0,0.0,0.0,6607,242,0.0,0.0,0.0,0.0,6606.0,0.0
0,149500,JAMS,6606.0,50.0,6605.0,137.0,0.0,0.0,6607,50,6608.0,137.0,0.0,0.0,6606.5,0.0
0,149600,JAMS,6606.0,190.0,0.0,0.0,0.0,0.0,6607,67,6608.0,123.0,0.0,0.0,6606.5,0.0
0,149700,JAMS,6606.0,224.0,0.0,0.0,0.0,0.0,6608,224,0.0,0.0,0.0,0.0,6607.0,0.0
0,149800,JAMS,6606.0,73.0,6605.0,171.0,0.0,0.0,6607,73,6608.0,171.0,0.0,0.0,6606.5,0.0
0,149900,JAMS,6605.0,218.0,0.0,0.0,0.0,0.0,6607,218,0.0,0.0,0.0,0.0,6606.0,0.0
0,150000,JAMS,6605.0,209.0,0.0,0.0,0.0,0.0,6607,209,0.0,0.0,0.0,0.0,6606.0,0.0
0,150100,JAMS,6606.0,75.0,6605.0,187.0,0.0,0.0,6607,75,6608.0,187.0,0.0,0.0,6606.5,0.0
0,150200,JAMS,6605.0,199.0,0.0,0.0,0.0,0.0,6607,199,0.0,0.0,0.0,0.0,6606.0,0.0
0,150300,JAMS,6605.0,241.0,0.0,0.0,0.0,0.0,6607,241,0.0,0.0,0.0,0.0,6606.0,0.0
0,150400,JAMS,6605.0,201.0,0.0,0.0,0.0,0.0,6607,201,0.0,0.0,0.0,0.0,6606.0,0.0
0,150500,JAMS,6605.0,180.0,0.0,0.0,0.0,0.0,6607,180,0.0,0.0,0.0,0.0,6606.0,0.0
0,150600,JAMS,6606.0,57.0,6605.0,197.0,0.0,0.0,6607,57,6608.0,197.0,0.0,0.0,6606.5,0.0
0,150700,JAMS,6606.0,74.0,6605.0,195.0,0.0,0.0,6607,74,6608.0,195.0,0.0,0.0,6606.5,0.0
0,150800,JAMS,6606.0,80.0,6605.0,133.0,0.0,0.0,6607,80,6608.0,133.0,0.0,0.0,6606.5,0.0
0,150900,JAMS,6606.0,258.0,0.0,0.0,0.0,0.0,6608,258,0.0,0.0,0.0,0.0,6607.0,0.0
0,151000,JAMS,6606.0,193.0,0.0,0.0,0.0,0.0,6608,193,0.0,0.0,0.0,0.0,6607.0,0.0
0,151100,JAMS,6606.0,232.0,0.0,0.0,0.0,0.0,6608,232,0.0,0.0,0.0,0.0,6607.0,0.0
0,151200,JAMS,6606.0,184.0,0.0,0.0,0.0,0.0,6608,184,0.0,0.0,0.0,0.0,6607.0,0.0
0,151300,JAMS,6606.0,181.0,0.0,0.0,0.0,0.0,6608,181,0.0,0.0,0.0,0.0,6607.0,0.0
0,151400,JAMS,6606.0,286.0,0.0,0.0,0.0,0.0,6608,286,0.0,0.0,0.0,0.0,6607.0,0.0
0,151500,JAMS,6606.0,231.0,0.0,0.0,0.0,0.0,6608,231,0.0,0.0,0.0,0.0,6607.0,0.0
0,151600,JAMS,6606.0,276.0,0.0,0.0,0.0,0.0,6608,276,0.0,0.0,0.0,0.0,6607.0,0.0
0,151700,JAMS,6606.0,203.0,0.0,0.0,0.0,0.0,6608,203,0.0,0.0,0.0,0.0,6607.0,0.0
0,151800,JAMS,6606.0,241.0,0.0,0.0,0.0,0.0,6608,241,0.0,0.0,0.0,0.0,6607.0,0.0
0,151900,JAMS,6607.0,86.0,6606.0,119.0,0.0,0.0,6608,86,6609.0,119.0,0.0,0.0,6607.5,0.0
0,152000,JAMS,6607.0,73.0,6606.0,161.0,0.0,0.0,6608,62,6609.0,161.0,0.0,0.0,6607.5,0.0
0,152100,JAMS,6608.0,172.0,0.0,0.0,0.0,0.0,6610,172,0.0,0.0,0.0,0.0,6609.0,0.0
0,152200,JAMS,6608.0,279.0,0.0,0.0,0.0,0.0,6610,269,0.0,0.0,0.0,0.0,6609.0,0.0
0,152300,JAMS,6608.0,296.0,0.0,0.0,0.0,0.0,6610,296,0.0,0.0,0.0,0.0,6609.0,0.0
0,152400,JAMS,6608.0,274.0,0.0,0.0,0.0,0.0,6610,274,0.0,0.0,0.0,0.0,6609.0,0.0
0,152500,JAMS,6608.0,241.0,0.0,0.0,0.0,0.0,6610,241,0.0,0.0,0.0,0.0,6609.0,0.0
0,152600,JAMS,6608.0,253.0,0.0,0.0,0.0,0.0,6610,253,0.0,0.0,0.0,0.0,6609.0,0.0
0,152700,JAMS,6608.0,209.0,0.0,0.0,0.0,0.0,6610,209,0.0,0.0,0.0,0.0,6609.0,0.0
0,152800,JAMS,6608.0,265.0,0.0,0.0,0.0,0.0,6610,265,0.0,0.0,0.0,0.0,6609.0,0.0
0,152900,JAMS,6609.0,9.0,6608.0,235.0,0.0,0.0,6610,235,0.0,0.0,0.0,0.0,6609.5,0.0
0,153000,JAMS,6608.0,207.0,0.0,0.0,0.0,0.0,6610,207,0.0,0.0,0.0,0.0,6609.0,0.0
0,153100,JAMS,6609.0,66.0,6608.0,135.0,0.0,0.0,6610,66,6611.0,135.0,0.0,0.0,6609.5,0.0
0,153200,JAMS,6609.0,55.0,6608.0,154.0,0.0,0.0,6610,55,6611.0,154.0,0.0,0.0,6609.5,0.0
0,153300,JAMS,6610.0,91.0,6609.0,195.0,0.0,0.0,6611,91,6612.0,195.0,0.0,0.0,6610.5,0.0
0,153400,JAMS,6610.0,50.0,6609.0,172.0,0.0,0.0,6611,50,6612.0,172.0,0.0,0.0,6610.5,0.0
0,153500,JAMS,6610.0,283.0,0.0,0.0,0.0,0.0,6612,283,0.0,0.0,0.0,0.0,6611.0,0.0
0,153600,JAMS,6610.0,216.0,0.0,0.0,0.0,0.0,6612,216,0.0,0.0,0.0,0.0,6611.0,0.0
0,153700,JAMS,6610.0,262.0,0.0,0.0,0.0,0.0,6612,262,0.0,0.0,0.0,0.0,6611.0,0.0
0,153800,JAMS,6610.0,233.0,0.0,0.0,0.0,0.0,6611,57,6612.0,176.0,0.0,0.0,6610.5,0.0
0,153900,JAMS,6610.0,216.0,0.0,0.0,0.0,0.0,6612,216,0.0,0.0,0.0,0.0,6611.0,0.0
0,154000,JAMS,6610.0,278.0,0.0,0.0,0.0,0.0,6612,278,0.0,0.0,0.0,0.0,6611.0,0.0
0,154100,JAMS,6610.0,232.0,0.0,0.0,0.0,0.0,6612,232,0.0,0.0,0.0,0.0,6611.0,0.0
0,154200,JAMS,6610.0,221.0,0.0,0.0,0.0,0.0,6612,221,0.0,0.0,0.0,0.0,6611.0,0.0
0,154300,JAMS,6610.0,222.0,0.0,0.0,0.0,0.0,6612,222,0.0,0.0,0.0,0.0,6611.0,0.0
0,154400,JAMS,6610.0,219.0,0.0,0.0,0.0,0.0,6612,219,0.0,0.0,0.0,0.0,6611.0,0.0
0,154500,JAMS,6610.0,193.0,0.0,0.0,0.0,0.0,6612,193,0.0,0.0,0.0,0.0,6611.0,0.0
0,154600,JAMS,6610.0,241.0,0.0,0.0,0.0,0.0,6612,241,0.0,0.0,0.0,0.0,6611.0,0.0
0,154700,JAMS,6611.0,79.0,6610.0,200.0,0.0,0.0,6612,76,6613.0,200.0,0.0,0.0,6611.5,0.0
0,154800,JAMS,6611.0,95.0,6610.0,166.0,0.0,0.0,6612,95,6613.0,166.0,0.0,0.0,6611.5,0.0
0,154900,JAMS,6611.0,67.0,6610.0,188.0,0.0,0.0,6612,67,6613.0,188.0,0.0,0.0,6611.5,0.0
0,155000,JAMS,6612.0,78.0,6611.0,100.0,0.0,0.0,6613,88,6614.0,100.0,0.0,0.0,6612.5,0.0
0,155100,JAMS,6612.0,246.0,0.0,0.0,0.0,0.0,6614,246,0.0,0.0,0.0,0.0,6613.0,0.0
0,155200,JAMS,6612.0,190.0,0.0,0.0,0.0,0.0,6614,190,0.0,0.0,0.0,0.0,6613.0,0.0
0,155300,JAMS,6613.0,3.0,6612.0,201.0,0.0,0.0,6614,201,0.0,0.0,0.0,0.0,6613.5,0.0
0,155400,JAMS,6612.0,217.0,0.0,0.0,0.0,0.0,6614,217,0.0,0.0,0.0,0.0,6613.0,0.0
0,155500,JAMS,6612.0,258.0,0.0,0.0,0.0,0.0,6613,11,6614.0,258.0,0.0,0.0,6612.5,0.0
0,155600,JAMS,6612.0,203.0,0.0,0.0,0.0,0.0,6614,203,0.0,0.0,0.0,0.0,6613.0,0.0
0,155700,JAMS,6613.0,59.0,6612.0,168.0,0.0,0.0,6614,227,0.0,0.0,0.0,0.0,6613.5,0.0
0,155800,JAMS,6613.0,59.0,6612.0,177.0,0.0,0.0,6614,59,6615.0,177.0,0.0,0.0,6613.5,0.0
0,155900,JAMS,6613.0,76.0,6612.0,151.0,0.0,0.0,6614,76,6615.0,151.0,0.0,0.0,6613.5,0.0
0,156000,JAMS,6613.0,63.0,6612.0,145.0,0.0,0.0,6614,63,6615.0,145.0,0.0,0.0,6613.5,0.0
0,156100,JAMS,6613.0,77.0,6612.0,137.0,0.0,0.0,6614,77,6615.0,137.0,0.0,0.0,6613.5,0.0
0,156200,JAMS,6613.0,62.0,6612.0,150.0,0.0,0.0,6614,62,6615.0,150.0,0.0,0.0,6613.5,0.0
0,156300,JAMS,6613.0,271.0,0.0,0.0,0.0,0.0,6615,271,0.0,0.0,0.0,0.0,6614.0,0.0
0,156400,JAMS,6613.0,281.0,0.0,0.0,0.0,0.0,6615,281,0.0,0.0,0.0,0.0,6614.0,0.0
0,156500,JAMS,6613.0,192.0,0.0,0.0,0.0,0.0,6615,192,0.0,0.0,0.0,0.0,6614.0,0.0
0,156600,JAMS,6614.0,81.0,6613.0,120.0,0.0,0.0,6615,81,6616.0,120.0,0.0,0.0,6614.5,0.0
0,156700,JAMS,6614.0,67.0,6613.0,135.0,0.0,0.0,6615,67,6616.0,135.0,0.0,0.0,6614.5,0.0
0,156800,JAMS,6614.0,84.0,6613.0,127.0,0.0,0.0,6615,84,6616.0,127.0,0.0,0.0,6614.5,0.0
0,156900,JAMS,6614.0,55.0,6613.0,168.0,0.0,0.0,6615,55,6616.0,168.0,0.0,0.0,6614.5,0.0
0,157000,JAMS,6614.0,88.0,6613.0,189.0,0.0,0.0,6615,88,6616.0,189.0,0.0,0.0,6614.5,0.0
0,157100,JAMS,6614.0,84.0,6613.0,139.0,0.0,0.0,6615,84,6616.0,139.0,0.0,0.0,6614.5,0.0
0,157200,JAMS,6614.0,57.0,6613.0,165.0,0.0,0.0,6615,57,6616.0,165.0,0.0,0.0,6614.5,0.0
0,157300,JAMS,6614.0,81.0,6613.0,123.0,0.0,0.0,6615,81,6616.0,123.0,0.0,0.0,6614.5,0.0
0,157400,JAMS,6613.0,204.0,0.0,0.0,0.0,0.0,6615,204,0.0,0.0,0.0,0.0,6614.0,0.0
0,157500,JAMS,6613.0,215.0,0.0,0.0,0.0,0.0,6615,215,0.0,0.0,0.0,0.0,6614.0,0.0
0,157600,JAMS,6613.0,225.0,0.0,0.0,0.0,0.0,6615,225,0.0,0.0,0.0,0.0,6614.0,0.0
0,157700,JAMS,6614.0,93.0,6613.0,112.0,0.0,0.0,6615,93,6616.0,112.0,0.0,0.0,6614.5,0.0
0,157800,JAMS,6614.0,264.0,0.0,0.0,0.0,0.0,6616,264,0.0,0.0,0.0,0.0,6615.0,0.0
0,157900,JAMS,6615.0,75.0,6614.0,110.0,0.0,0.0,6616,75,6617.0,110.0,0.0,0.0,6615.5,0.0
0,158000,JAMS,6615.0,79.0,6614.0,167.0,0.0,0.0,6616,79,6617.0,167.0,0.0,0.0,6615.5,0.0
0,158100,JAMS,6615.0,218.0,0.0,0.0,0.0,0.0,6617,218,0.0,0.0,0.0,0.0,6616.0,0.0
0,158200,JAMS,6615.0,274.0,0.0,0.0,0.0,0.0,6617,274,0.0,0.0,0.0,0.0,6616.0,0.0
0,158300,JAMS,6615.0,203.0,0.0,0.0,0.0,0.0,6617,203,0.0,0.0,0.0,0.0,6616.0,0.0
0,158400,JAMS,6616.0,85.0,6615.0,119.0,0.0,0.0,6617,85,6618.0,119.0,0.0,0.0,6616.5,0.0
0,158500,JAMS,6615.0,230.0,0.0,0.0,0.0,0.0,6616,11,6617.0,230.0,0.0,0.0,6615.5,0.0
0,158600,JAMS,6616.0,98.0,6615.0,152.0,0.0,0.0,6617,98,6618.0,152.0,0.0,0.0,6616.5,0.0
0,158700,JAMS,6615.0,181.0,0.0,0.0,0.0,0.0,6617,181,0.0,0.0,0.0,0.0,6616.0,0.0
0,158800,JAMS,6615.0,213.0,0.0,0.0,0.0,0.0,6617,213,0.0,0.0,0.0,0.0,6616.0,0.0
0,158900,JAMS,6616.0,185.0,0.0,0.0,0.0,0.0,6618,185,0.0,0.0,0.0,0.0,6617.0,0.0
0,159000,JAMS,6616.0,52.0,6615.0,104.0,0.0,0.0,6617,52,6618.0,104.0,0.0,0.0,6616.5,0.0
0,159100,JAMS,6616.0,58.0,6615.0,188.0,0.0,0.0,6617,58,6618.0,188.0,0.0,0.0,6616.5,0.0
0,159200,JAMS,6615.0,233.0,0.0,0.0,0.0,0.0,6617,233,0.0,0.0,0.0,0.0,6616.0,0.0
0,159300,JAMS,6615.0,263.0,0.0,0.0,0.0,0.0,6617,263,0.0,0.0,0.0,0.0,6616.0,0.0
0,159400,JAMS,6615.0,241.0,0.0,0.0,0.0,0.0,6617,241,0.0,0.0,0.0,0.0,6616.0,0.0
0,159500,JAMS,6617.0,77.0,6616.0,133.0,0.0,0.0,6618,77,6619.0,133.0,0.0,0.0,6617.5,0.0
0,159600,JAMS,6617.0,78.0,6616.0,108.0,0.0,0.0,6618,78,6619.0,108.0,0.0,0.0,6617.5,0.0
0,159700,JAMS,6617.0,67.0,6616.0,101.0,0.0,0.0,6618,67,6619.0,101.0,0.0,0.0,6617.5,0.0
0,159800,JAMS,6617.0,252.0,0.0,0.0,0.0,0.0,6619,252,0.0,0.0,0.0,0.0,6618.0,0.0
0,159900,JAMS,6617.0,189.0,0.0,0.0,0.0,0.0,6619,189,0.0,0.0,0.0,0.0,6618.0,0.0
0,160000,JAMS,6617.0,229.0,0.0,0.0,0.0,0.0,6619,229,0.0,0.0,0.0,0.0,6618.0,0.0
0,160100,JAMS,6617.0,208.0,0.0,0.0,0.0,0.0,6619,208,0.0,0.0,0.0,0.0,6618.0,0.0
0,160200,JAMS,6618.0,267.0,0.0,0.0,0.0,0.0,6620,267,0.0,0.0,0.0,0.0,6619.0,0.0
0,160300,JAMS,6618.0,223.0,0.0,0.0,0.0,0.0,6619,12,6620.0,223.0,0.0,0.0,6618.5,0.0
0,160400,JAMS,6618.0,279.0,0.0,0.0,0.0,0.0,6620,279,0.0,0.0,0.0,0.0,6619.0,0.0
0,160500,JAMS,6619.0,6.0,6618.0,283.0,0.0,0.0,6620,283,0.0,0.0,0.0,0.0,6619.5,0.0
0,160600,JAMS,6618.0,239.0,0.0,0.0,0.0,0.0,6620,239,0.0,0.0,0.0,0.0,6619.0,0.0
0,160700,JAMS,6617.0,227.0,0.0,0.0,0.0,0.0,6618,11,6619.0,227.0,0.0,0.0,6617.5,0.0
0,160800,JAMS,6618.0,94.0,6617.0,194.0,0.0,0.0,6619,94,6620.0,194.0,0.0,0.0,6618.5,0.0
0,160900,JAMS,6618.0,57.0,6617.0,116.0,0.0,0.0,6619,57,6620.0,116.0,0.0,0.0,6618.5,0.0
0,161000,JAMS,6618.0,87.0,6617.0,126.0,0.0,0.0,6619,87,6620.0,126.0,0.0,0.0,6618.5,0.0
0,161100,JAMS,6618.0,96.0,6617.0,129.0,0.0,0.0,6619,96,6620.0,129.0,0.0,0.0,6618.5,0.0
0,161200,JAMS,6618.0,224.0,0.0,0.0,0.0,0.0,6620,224,0.0,0.0,0.0,0.0,6619.0,0.0
0,161300,JAMS,6618.0,197.0,0.0,0.0,0.0,0.0,6620,197,0.0,0.0,0.0,0.0,6619.0,0.0
0,161400,JAMS,6618.0,226.0,0.0,0.0,0.0,0.0,6620,226,0.0,0.0,0.0,0.0,6619.0,0.0
0,161500,JAMS,6619.0,181.0,0.0,0.0,0.0,0.0,6621,181,0.0,0.0,0.0,0.0,6620.0,0.0
0,161600,JAMS,6619.0,260.0,0.0,0.0,0.0,0.0,6621,260,0.0,0.0,0.0,0.0,6620.0,0.0
0,161700,JAMS,6619.0,84.0,6618.0,149.0,0.0,0.0,6620,84,6621.0,149.0,0.0,0.0,6619.5,0.0
0,161800,JAMS,6618.0,229.0,0.0,0.0,0.0,0.0,6620,229,0.0,0.0,0.0,0.0,6619.0,0.0
0,161900,JAMS,6618.0,251.0,0.0,0.0,0.0,0.0,6620,251,0.0,0.0,0.0,0.0,6619.0,0.0
0,162000,JAMS,6618.0,220.0,0.0,0.0,0.0,0.0,6620,220,0.0,0.0,0.0,0.0,6619.0,0.0
0,162100,JAMS,6619.0,68.0,6618.0,126.0,0.0,0.0,6620,72,6621.0,126.0,0.0,0.0,6619.5,0.0
0,162200,JAMS,6619.0,50.0,6618.0,149.0,0.0,0.0,6620,50,6621.0,149.0,0.0,0.0,6619.5,0.0
0,162300,JAMS,6619.0,244.0,0.0,0.0,0.0,0.0,6620,88,6621.0,156.0,0.0,0.0,6619.5,0.0
0,162400,JAMS,6619.0,213.0,0.0,0.0,0.0,0.0,6621,213,0.0,0.0,0.0,0.0,6620.0,0.0
0,162500,JAMS,6619.0,243.0,0.0,0.0,0.0,0.0,6621,250,0.0,0.0,0.0,0.0,6620.0,0.0
0,162600,JAMS,6619.0,223.0,0.0,0.0,0.0,0.0,6621,223,0.0,0.0,0.0,0.0,6620.0,0.0
0,162700,JAMS,6619.0,244.0,0.0,0.0,0.0,0.0,6621,244,0.0,0.0,0.0,0.0,6620.0,0.0
0,162800,JAMS,6619.0,57.0,6618.0,146.0,0.0,0.0,6620,57,6621.0,146.0,0.0,0.0,6619.5,0.0
0,162900,JAMS,6619.0,226.0,0.0,0.0,0.0,0.0,6621,233,0.0,0.0,0.0,0.0,6620.0,0.0
0,163000,JAMS,6619.0,207.0,0.0,0.0,0.0,0.0,6621,211,0.0,0.0,0.0,0.0,6620.0,0.0
0,163100,JAMS,6619.0,262.0,0.0,0.0,0.0,0.0,6621,262,0.0,0.0,0.0,0.0,6620.0,0.0
0,163200,JAMS,6619.0,214.0,0.0,0.0,0.0,0.0,6621,214,0.0,0.0,0.0,0.0,6620.0,0.0
0,163300,JAMS,6619.0,242.0,0.0,0.0,0.0,0.0,6621,242,0.0,0.0,0.0,0.0,6620.0,0.0
0,163400,JAMS,6619.0,180.0,0.0,0.0,0.0,0.0,6621,188,0.0,0.0,0.0,0.0,6620.0,0.0
0,163500,JAMS,6619.0,66.0,6618.0,114.0,0.0,0.0,6620,66,6621.0,114.0,0.0,0.0,6619.5,0.0
0,163600,JAMS,6619.0,61.0,6618.0,176.0,0.0,0.0,6620,61,6621.0,176.0,0.0,0.0,6619.5,0.0
0,163700,JAMS,6619.0,234.0,0.0,0.0,0.0,0.0,6621,234,0.0,0.0,0.0,0.0,6620.0,0.0
0,163800,JAMS,6619.0,257.0,0.0,0.0,0.0,0.0,6621,257,0.0,0.0,0.0,0.0,6620.0,0.0
0,163900,JAMS,6619.0,262.0,0.0,0.0,0.0,0.0,6620,3,6621.0,262.0,0.0,0.0,6619.5,0.0
0,164000,JAMS,6619.0,198.0,0.0,0.0,0.0,0.0,6621,198,0.0,0.0,0.0,0.0,6620.0,0.0
0,164100,JAMS,6619.0,224.0,0.0,0.0,0.0,0.0,6621,224,0.0,0.0,0.0,0.0,6620.0,0.0
0,164200,JAMS,6619.0,265.0,0.0,0.0,0.0,0.0,6621,265,0.0,0.0,0.0,0.0,6620.0,0.0
0,164300,JAMS,6619.0,205.0,0.0,0.0,0.0,0.0,6621,205,0.0,0.0,0.0,0.0,6620.0,0.0
0,164400,JAMS,6619.0,203.0,0.0,0.0,0.0,0.0,6621,203,0.0,0.0,0.0,0.0,6620.0,0.0
0,164500,JAMS,6619.0,55.0,6618.0,164.0,0.0,0.0,6620,55,6621.0,164.0,0.0,0.0,6619.5,0.0
0,164600,JAMS,6618.0,181.0,0.0,0.0,0.0,0.0,6620,181,0.0,0.0,0.0,0.0,6619.0,0.0
0,164700,JAMS,6618.0,189.0,0.0,0.0,0.0,0.0,6620,189,0.0,0.0,0.0,0.0,6619.0,0.0
0,164800,JAMS,6618.0,279.0,0.0,0.0,0.0,0.0,6620,279,0.0,0.0,0.0,0.0,6619.0,0.0
0,164900,JAMS,6618.0,277.0,0.0,0.0,0.0,0.0,6620,277,0.0,0.0,0.0,0.0,6619.0,0.0
0,165000,JAMS,6618.0,219.0,0.0,0.0,0.0,0.0,6620,219,0.0,0.0,0.0,0.0,6619.0,0.0
0,165100,JAMS,6618.0,204.0,0.0,0.0,0.0,0.0,6620,204,0.0,0.0,0.0,0.0,6619.0,0.0
0,165200,JAMS,6618.0,209.0,0.0,0.0,0.0,0.0,6620,209,0.0,0.0,0.0,0.0,6619.0,0.0
0,165300,JAMS,6618.0,225.0,0.0,0.0,0.0,0.0,6620,225,0.0,0.0,0.0,0.0,6619.0,0.0
0,165400,JAMS,6618.0,191.0,0.0,0.0,0.0,0.0,6620,197,0.0,0.0,0.0,0.0,6619.0,0.0
0,165500,JAMS,6617.0,235.0,0.0,0.0,0.0,0.0,6619,235,0.0,0.0,0.0,0.0,6618.0,0.0
0,165600,JAMS,6617.0,90.0,6616.0,175.0,0.0,0.0,6618,90,6619.0,175.0,0.0,0.0,6617.5,0.0
0,165700,JAMS,6617.0,55.0,6616.0,158.0,0.0,0.0,6618,55,6619.0,158.0,0.0,0.0,6617.5,0.0
0,165800,JAMS,6617.0,94.0,6616.0,104.0,0.0,0.0,6618,94,6619.0,104.0,0.0,0.0,6617.5,0.0
0,165900,JAMS,6617.0,262.0,0.0,0.0,0.0,0.0,6619,262,0.0,0.0,0.0,0.0,6618.0,0.0
0,166000,JAMS,6617.0,175.0,0.0,0.0,0.0,0.0,6619,175,0.0,0.0,0.0,0.0,6618.0,0.0
0,166100,JAMS,6617.0,199.0,0.0,0.0,0.0,0.0,6619,199,0.0,0.0,0.0,0.0,6618.0,0.0
0,166200,JAMS,6618.0,227.0,0.0,0.0,0.0,0.0,6620,218,0.0,0.0,0.0,0.0,6619.0,0.0
0,166300,JAMS,6618.0,264.0,0.0,0.0,0.0,0.0,6620,264,0.0,0.0,0.0,0.0,6619.0,0.0
0,166400,JAMS,6618.0,279.0,0.0,0.0,0.0,0.0,6620,279,0.0,0.0,0.0,0.0,6619.0,0.0
0,166500,JAMS,6618.0,231.0,0.0,0.0,0.0,0.0,6620,231,0.0,0.0,0.0,0.0,6619.0,0.0
0,166600,JAMS,6618.0,230.0,0.0,0.0,0.0,0.0,6620,230,0.0,0.0,0.0,0.0,6619.0,0.0
0,166700,JAMS,6618.0,236.0,0.0,0.0,0.0,0.0,6620,247,0.0,0.0,0.0,0.0,6619.0,0.0
0,166800,JAMS,6618.0,189.0,0.0,0.0,0.0,0.0,6620,189,0.0,0.0,0.0,0.0,6619.0,0.0
0,166900,JAMS,6619.0,71.0,6618.0,189.0,0.0,0.0,6620,71,6621.0,189.0,0.0,0.0,6619.5,0.0
0,167000,JAMS,6619.0,209.0,0.0,0.0,0.0,0.0,6621,209,0.0,0.0,0.0,0.0,6620.0,0.0
0,167100,JAMS,6618.0,264.0,0.0,0.0,0.0,0.0,6620,264,0.0,0.0,0.0,0.0,6619.0,0.0
0,167200,JAMS,6618.0,231.0,0.0,0.0,0.0,0.0,6620,231,0.0,0.0,0.0,0.0,6619.0,0.0
0,167300,JAMS,6619.0,77.0,6618.0,110.0,0.0,0.0,6620,77,6621.0,110.0,0.0,0.0,6619.5,0.0
0,167400,JAMS,6618.0,159.0,0.0,0.0,0.0,0.0,6619,11,6620.0,159.0,0.0,0.0,6618.5,0.0
0,167500,JAMS,6619.0,88.0,6618.0,145.0,0.0,0.0,6620,88,6621.0,145.0,0.0,0.0,6619.5,0.0
0,167600,JAMS,6618.0,269.0,0.0,0.0,0.0,0.0,6620,269,0.0,0.0,0.0,0.0,6619.0,0.0
0,167700,JAMS,6618.0,233.0,0.0,0.0,0.0,0.0,6620,233,0.0,0.0,0.0,0.0,6619.0,0.0
0,167800,JAMS,6618.0,279.0,0.0,0.0,0.0,0.0,6620,279,0.0,0.0,0.0,0.0,6619.0,0.0
0,167900,JAMS,6618.0,272.0,0.0,0.0,0.0,0.0,6620,272,0.0,0.0,0.0,0.0,6619.0,0.0
0,168000,JAMS,6618.0,210.0,0.0,0.0,0.0,0.0,6620,210,0.0,0.0,0.0,0.0,6619.0,0.0
0,168100,JAMS,6618.0,251.0,0.0,0.0,0.0,0.0,6620,251,0.0,0.0,0.0,0.0,6619.0,0.0
0,168200,JAMS,6617.0,267.0,0.0,0.0,0.0,0.0,6619,267,0.0,0.0,0.0,0.0,6618.0,0.0
0,168300,JAMS,6618.0,95.0,6617.0,123.0,0.0,0.0,6619,95,6620.0,123.0,0.0,0.0,6618.5,0.0
0,168400,JAMS,6617.0,287.0,0.0,0.0,0.0,0.0,6619,287,0.0,0.0,0.0,0.0,6618.0,0.0
0,168500,JAMS,6617.0,270.0,0.0,0.0,0.0,0.0,6619,270,0.0,0.0,0.0,0.0,6618.0,0.0
0,168600,JAMS,6617.0,205.0,0.0,0.0,0.0,0.0,6619,205,0.0,0.0,0.0,0.0,6618.0,0.0
0,168700,JAMS,6617.0,98.0,6616.0,173.0,0.0,0.0,6618,98,6619.0,173.0,0.0,0.0,6617.5,0.0
0,168800,JAMS,6617.0,253.0,0.0,0.0,0.0,0.0,6619,253,0.0,0.0,0.0,0.0,6618.0,0.0
0,168900,JAMS,6617.0,279.0,0.0,0.0,0.0,0.0,6619,279,0.0,0.0,0.0,0.0,6618.0,0.0
0,169000,JAMS,6617.0,235.0,0.0,0.0,0.0,0.0,6619,235,0.0,0.0,0.0,0.0,6618.0,0.0
0,169100,JAMS,6617.0,225.0,0.0,0.0,0.0,0.0,6619,225,0.0,0.0,0.0,0.0,6618.0,0.0
0,169200,JAMS,6617.0,261.0,0.0,0.0,0.0,0.0,6619,261,0.0,0.0,0.0,0.0,6618.0,0.0
0,169300,JAMS,6617.0,226.0,0.0,0.0,0.0,0.0,6619,226,0.0,0.0,0.0,0.0,6618.0,0.0
0,169400,JAMS,6617.0,250.0,0.0,0.0,0.0,0.0,6619,250,0.0,0.0,0.0,0.0,6618.0,0.0
0,169500,JAMS,6618.0,62.0,6617.0,166.0,0.0,0.0,6619,62,6620.0,166.0,0.0,0.0,6618.5,0.0
0,169600,JAMS,6618.0,92.0,6617.0,182.0,0.0,0.0,6619,92,6620.0,182.0,0.0,0.0,6618.5,0.0
0,169700,JAMS,6617.0,216.0,0.0,0.0,0.0,0.0,6619,216,0.0,0.0,0.0,0.0,6618.0,0.0
0,169800,JAMS,6618.0,99.0,6617.0,166.0,0.0,0.0,6619,99,6620.0,166.0,0.0,0.0,6618.5,0.0
0,169900,JAMS,6618.0,249.0,0.0,0.0,0.0,0.0,6620,249,0.0,0.0,0.0,0.0,6619.0,0.0
0,170000,JAMS,6618.0,218.0,0.0,0.0,0.0,0.0,6620,218,0.0,0.0,0.0,0.0,6619.0,0.0
0,170100,JAMS,6618.0,205.0,0.0,0.0,0.0,0.0,6620,205,0.0,0.0,0.0,0.0,6619.0,0.0
0,170200,JAMS,6618.0,215.0,0.0,0.0,0.0,0.0,6620,215,0.0,0.0,0.0,0.0,6619.0,0.0
0,170300,JAMS,6618.0,255.0,0.0,0.0,0.0,0.0,6620,255,0.0,0.0,0.0,0.0,6619.0,0.0
0,170400,JAMS,6618.0,155.0,0.0,0.0,0.0,0.0,6620,155,0.0,0.0,0.0,0.0,6619.0,0.0
0,170500,JAMS,6618.0,180.0,0.0,0.0,0.0,0.0,6620,185,0.0,0.0,0.0,0.0,6619.0,0.0
0,170600,JAMS,6618.0,228.0,0.0,0.0,0.0,0.0,6620,228,0.0,0.0,0.0,0.0,6619.0,0.0
0,170700,JAMS,6618.0,221.0,0.0,0.0,0.0,0.0,6620,221,0.0,0.0,0.0,0.0,6619.0,0.0
0,170800,JAMS,6618.0,212.0,0.0,0.0,0.0,0.0,6620,212,0.0,0.0,0.0,0.0,6619.0,0.0
0,170900,JAMS,6618.0,275.0,0.0,0.0,0.0,0.0,6620,275,0.0,0.0,0.0,0.0,6619.0,0.0
0,171000,JAMS,6618.0,78.0,6617.0,155.0,0.0,0.0,6619,78,6620.0,155.0,0.0,0.0,6618.5,0.0
0,171100,JAMS,6618.0,243.0,0.0,0.0,0.0,0.0,6620,243,0.0,0.0,0.0,0.0,6619.0,0.0
0,171200,JAMS,6618.0,93.0,6617.0,145.0,0.0,0.0,6619,93,6620.0,145.0,0.0,0.0,6618.5,0.0
0,171300,JAMS,6618.0,91.0,6617.0,164.0,0.0,0.0,6619,91,6620.0,164.0,0.0,0.0,6618.5,0.0
0,171400,JAMS,6618.0,84.0,6617.0,141.0,0.0,0.0,6619,84,6620.0,141.0,0.0,0.0,6618.5,0.0
0,171500,JAMS,6618.0,257.0,0.0,0.0,0.0,0.0,6620,257,0.0,0.0,0.0,0.0,6619.0,0.0
0,171600,JAMS,6618.0,94.0,6617.0,187.0,0.0,0.0,6619,94,6620.0,187.0,0.0,0.0,6618.5,0.0
0,171700,JAMS,6618.0,64.0,6617.0,140.0,0.0,0.0,6619,64,6620.0,140.0,0.0,0.0,6618.5,0.0
0,171800,JAMS,6618.0,63.0,6617.0,148.0,0.0,0.0,6619,63,6620.0,148.0,0.0,0.0,6618.5,0.0
0,171900,JAMS,6618.0,59.0,6617.0,110.0,0.0,0.0,6619,59,6620.0,110.0,0.0,0.0,6618.5,0.0
0,172000,JAMS,6618.0,48.0,6617.0,109.0,0.0,0.0,6619,58,6620.0,109.0,0.0,0.0,6618.5,0.0
0,172100,JAMS,6618.0,99.0,6617.0,137.0,0.0,0.0,6619,99,6620.0,137.0,0.0,0.0,6618.5,0.0
0,172200,JAMS,6618.0,163.0,0.0,0.0,0.0,0.0,6620,163,0.0,0.0,0.0,0.0,6619.0,0.0
0,172300,JAMS,6618.0,52.0,6617.0,128.0,0.0,0.0,6619,52,6620.0,128.0,0.0,0.0,6618.5,0.0
0,172400,JAMS,6618.0,186.0,0.0,0.0,0.0,0.0,6620,186,0.0,0.0,0.0,0.0,6619.0,0.0
0,172500,JAMS,6618.0,79.0,6617.0,113.0,0.0,0.0,6619,79,6620.0,113.0,0.0,0.0,6618.5,0.0
0,172600,JAMS,6618.0,296.0,0.0,0.0,0.0,0.0,6620,296,0.0,0.0,0.0,0.0,6619.0,0.0
0,172700,JAMS,6618.0,191.0,0.0,0.0,0.0,0.0,6620,191,0.0,0.0,0.0,0.0,6619.0,0.0
0,172800,JAMS,6618.0,230.0,0.0,0.0,0.0,0.0,6620,230,0.0,0.0,0.0,0.0,6619.0,0.0
0,172900,JAMS,6618.0,199.0,0.0,0.0,0.0,0.0,6620,199,0.0,0.0,0.0,0.0,6619.0,0.0
0,173000,JAMS,6618.0,201.0,0.0,0.0,0.0,0.0,6620,201,0.0,0.0,0.0,0.0,6619.0,0.0
0,173100,JAMS,6618.0,251.0,0.0,0.0,0.0,0.0,6620,251,0.0,0.0,0.0,0.0,6619.0,0.0
0,173200,JAMS,6618.0,251.0,0.0,0.0,0.0,0.0,6620,251,0.0,0.0,0.0,0.0,6619.0,0.0
0,173300,JAMS,6618.0,250.0,0.0,0.0,0.0,0.0,6620,250,0.0,0.0,0.0,0.0,6619.0,0.0
0,173400,JAMS,6618.0,169.0,0.0,0.0,0.0,0.0,6620,169,0.0,0.0,0.0,0.0,6619.0,0.0
0,173500,JAMS,6618.0,274.0,0.0,0.0,0.0,0.0,6620,274,0.0,0.0,0.0,0.0,6619.0,0.0
0,173600,JAMS,6618.0,255.0,0.0,0.0,0.0,0.0,6620,255,0.0,0.0,0.0,0.0,6619.0,0.0
0,173700,JAMS,6618.0,282.0,0.0,0.0,0.0,0.0,6620,282,0.0,0.0,0.0,0.0,6619.0,0.0
0,173800,JAMS,6618.0,283.0,0.0,0.0,0.0,0.0,6620,283,0.0,0.0,0.0,0.0,6619.0,0.0
0,173900,JAMS,6617.0,91.0,6616.0,157.0,0.0,0.0,6618,97,6619.0,157.0,0.0,0.0,6617.5,0.0
0,174000,JAMS,6616.0,286.0,0.0,0.0,0.0,0.0,6618,286,0.0,0.0,0.0,0.0,6617.0,0.0
0,174100,JAMS,6616.0,281.0,0.0,0.0,0.0,0.0,6618,281,0.0,0.0,0.0,0.0,6617.0,0.0
0,174200,JAMS,6616.0,69.0,6615.0,133.0,0.0,0.0,6617,69,6618.0,133.0,0.0,0.0,6616.5,0.0
0,174300,JAMS,6615.0,233.0,0.0,0.0,0.0,0.0,6617,233,0.0,0.0,0.0,0.0,6616.0,0.0
0,174400,JAMS,6615.0,218.0,0.0,0.0,0.0,0.0,6617,218,0.0,0.0,0.0,0.0,6616.0,0.0
0,174500,JAMS,6615.0,265.0,0.0,0.0,0.0,0.0,6617,265,0.0,0.0,0.0,0.0,6616.0,0.0
0,174600,JAMS,6616.0,69.0,6615.0,155.0,0.0,0.0,6617,69,6618.0,155.0,0.0,0.0,6616.5,0.0
0,174700,JAMS,6615.0,83.0,6614.0,116.0,0.0,0.0,6616,83,6617.0,116.0,0.0,0.0,6615.5,0.0
0,174800,JAMS,6615.0,97.0,6614.0,160.0,0.0,0.0,6616,97,6617.0,160.0,0.0,0.0,6615.5,0.0
0,174900,JAMS,6615.0,59.0,6614.0,124.0,0.0,0.0,6616,59,6617.0,124.0,0.0,0.0,6615.5,0.0
0,175000,JAMS,6615.0,62.0,6614.0,130.0,0.0,0.0,6616,62,6617.0,130.0,0.0,0.0,6615.5,0.0
0,175100,JAMS,6615.0,199.0,0.0,0.0,0.0,0.0,6617,199,0.0,0.0,0.0,0.0,6616.0,0.0
0,175200,JAMS,6615.0,56.0,6614.0,140.0,0.0,0.0,6616,56,6617.0,140.0,0.0,0.0,6615.5,0.0
0,175300,JAMS,6614.0,157.0,0.0,0.0,0.0,0.0,6616,157,0.0,0.0,0.0,0.0,6615.0,0.0
0,175400,JAMS,6614.0,174.0,0.0,0.0,0.0,0.0,6616,174,0.0,0.0,0.0,0.0,6615.0,0.0
0,175500,JAMS,6615.0,56.0,6614.0,179.0,0.0,0.0,6616,56,6617.0,179.0,0.0,0.0,6615.5,0.0
0,175600,JAMS,6614.0,172.0,0.0,0.0,0.0,0.0,6616,172,0.0,0.0,0.0,0.0,6615.0,0.0
0,175700,JAMS,6614.0,238.0,0.0,0.0,0.0,0.0,6616,238,0.0,0.0,0.0,0.0,6615.0,0.0
0,175800,JAMS,6614.0,69.0,6613.0,134.0,0.0,0.0,6615,69,6616.0,134.0,0.0,0.0,6614.5,0.0
0,175900,JAMS,6614.0,71.0,6613.0,127.0,0.0,0.0,6615,71,6616.0,127.0,0.0,0.0,6614.5,0.0
0,176000,JAMS,6613.0,215.0,0.0,0.0,0.0,0.0,6615,225,0.0,0.0,0.0,0.0,6614.0,0.0
0,176100,JAMS,6613.0,201.0,0.0,0.0,0.0,0.0,6615,201,0.0,0.0,0.0,0.0,6614.0,0.0
0,176200,JAMS,6613.0,219.0,0.0,0.0,0.0,0.0,6615,219,0.0,0.0,0.0,0.0,6614.0,0.0
0,176300,JAMS,6613.0,231.0,0.0,0.0,0.0,0.0,6615,231,0.0,0.0,0.0,0.0,6614.0,0.0
0,176400,JAMS,6613.0,239.0,0.0,0.0,0.0,0.0,6615,239,0.0,0.0,0.0,0.0,6614.0,0.0
0,176500,JAMS,6613.0,203.0,0.0,0.0,0.0,0.0,6615,203,0.0,0.0,0.0,0.0,6614.0,0.0
0,176600,JAMS,6613.0,162.0,0.0,0.0,0.0,0.0,6615,162,0.0,0.0,0.0,0.0,6614.0,0.0
0,176700,JAMS,6613.0,250.0,0.0,0.0,0.0,0.0,6615,250,0.0,0.0,0.0,0.0,6614.0,0.0
0,176800,JAMS,6613.0,197.0,0.0,0.0,0.0,0.0,6615,197,0.0,0.0,0.0,0.0,6614.0,0.0
0,176900,JAMS,6613.0,188.0,0.0,0.0,0.0,0.0,6615,188,0.0,0.0,0.0,0.0,6614.0,0.0
0,177000,JAMS,6614.0,241.0,0.0,0.0,0.0,0.0,6616,241,0.0,0.0,0.0,0.0,6615.0,0.0
0,177100,JAMS,6615.0,173.0,0.0,0.0,0.0,0.0,6617,173,0.0,0.0,0.0,0.0,6616.0,0.0
0,177200,JAMS,6615.0,71.0,6614.0,182.0,0.0,0.0,6616,71,6617.0,182.0,0.0,0.0,6615.5,0.0
0,177300,JAMS,6615.0,211.0,0.0,0.0,0.0,0.0,6617,211,0.0,0.0,0.0,0.0,6616.0,0.0
0,177400,JAMS,6615.0,210.0,0.0,0.0,0.0,0.0,6617,210,0.0,0.0,0.0,0.0,6616.0,0.0
0,177500,JAMS,6615.0,178.0,0.0,0.0,0.0,0.0,6617,178,0.0,0.0,0.0,0.0,6616.0,0.0
0,177600,JAMS,6615.0,160.0,0.0,0.0,0.0,0.0,6617,169,0.0,0.0,0.0,0.0,6616.0,0.0
0,177700,JAMS,6615.0,176.0,0.0,0.0,0.0,0.0,6617,176,0.0,0.0,0.0,0.0,6616.0,0.0
0,177800,JAMS,6615.0,253.0,0.0,0.0,0.0,0.0,6617,253,0.0,0.0,0.0,0.0,6616.0,0.0
0,177900,JAMS,6615.0,162.0,0.0,0.0,0.0,0.0,6617,162,0.0,0.0,0.0,0.0,6616.0,0.0
0,178000,JAMS,6616.0,7.0,6615.0,257.0,0.0,0.0,6617,257,0.0,0.0,0.0,0.0,6616.5,0.0
0,178100,JAMS,6615.0,191.0,0.0,0.0,0.0,0.0,6617,191,0.0,0.0,0.0,0.0,6616.0,0.0
0,178200,JAMS,6616.0,70.0,6615.0,177.0,0.0,0.0,6617,70,6618.0,177.0,0.0,0.0,6616.5,0.0
0,178300,JAMS,6616.0,61.0,6615.0,118.0,0.0,0.0,6617,61,6618.0,118.0,0.0,0.0,6616.5,0.0
0,178400,JAMS,6616.0,218.0,0.0,0.0,0.0,0.0,6618,218,0.0,0.0,0.0,0.0,6617.0,0.0
0,178500,JAMS,6616.0,264.0,0.0,0.0,0.0,0.0,6618,264,0.0,0.0,0.0,0.0,6617.0,0.0
0,178600,JAMS,6616.0,239.0,0.0,0.0,0.0,0.0,6618,239,0.0,0.0,0.0,0.0,6617.0,0.0
0,178700,JAMS,6616.0,161.0,0.0,0.0,0.0,0.0,6618,161,0.0,0.0,0.0,0.0,6617.0,0.0
0,178800,JAMS,6616.0,264.0,0.0,0.0,0.0,0.0,6618,264,0.0,0.0,0.0,0.0,6617.0,0.0
0,178900,JAMS,6616.0,280.0,0.0,0.0,0.0,0.0,6617,6,6618.0,280.0,0.0,0.0,6616.5,0.0
0,179000,JAMS,6616.0,203.0,0.0,0.0,0.0,0.0,6618,203,0.0,0.0,0.0,0.0,6617.0,0.0
0,179100,JAMS,6616.0,236.0,0.0,0.0,0.0,0.0,6618,236,0.0,0.0,0.0,0.0,6617.0,0.0
0,179200,JAMS,6616.0,172.0,0.0,0.0,0.0,0.0,6618,172,0.0,0.0,0.0,0.0,6617.0,0.0
0,179300,JAMS,6616.0,253.0,0.0,0.0,0.0,0.0,6618,253,0.0,0.0,0.0,0.0,6617.0,0.0
0,179400,JAMS,6616.0,92.0,6615.0,146.0,0.0,0.0,6617,92,6618.0,146.0,0.0,0.0,6616.5,0.0
0,179500,JAMS,6616.0,62.0,6615.0,165.0,0.0,0.0,6617,62,6618.0,165.0,0.0,0.0,6616.5,0.0
0,179600,JAMS,6616.0,72.0,6615.0,199.0,0.0,0.0,6617,60,6618.0,199.0,0.0,0.0,6616.5,0.0
0,179700,JAMS,6616.0,50.0,6615.0,134.0,0.0,0.0,6617,50,6618.0,134.0,0.0,0.0,6616.5,0.0
0,179800,JAMS,6616.0,235.0,0.0,0.0,0.0,0.0,6618,235,0.0,0.0,0.0,0.0,6617.0,0.0
0,179900,JAMS,6616.0,58.0,6615.0,127.0,0.0,0.0,6617,58,6618.0,127.0,0.0,0.0,6616.5,0.0
0,180000,JAMS,6616.0,60.0,6615.0,169.0,0.0,0.0,6617,60,6618.0,169.0,0.0,0.0,6616.5,0.0
0,180100,JAMS,6616.0,61.0,6615.0,185.0,0.0,0.0,6617,61,6618.0,185.0,0.0,0.0,6616.5,0.0
0,180200,JAMS,6616.0,63.0,6615.0,117.0,0.0,0.0,6617,63,6618.0,117.0,0.0,0.0,6616.5,0.0
0,180300,JAMS,6616.0,231.0,0.0,0.0,0.0,0.0,6618,231,0.0,0.0,0.0,0.0,6617.0,0.0
0,180400,JAMS,6616.0,237.0,0.0,0.0,0.0,0.0,6618,237,0.0,0.0,0.0,0.0,6617.0,0.0
0,180500,JAMS,6616.0,203.0,0.0,0.0,0.0,0.0,6618,203,0.0,0.0,0.0,0.0,6617.0,0.0
0,180600,JAMS,6616.0,242.0,0.0,0.0,0.0,0.0,6618,242,0.0,0.0,0.0,0.0,6617.0,0.0
0,180700,JAMS,6617.0,50.0,6616.0,143.0,0.0,0.0,6618,57,6619.0,143.0,0.0,0.0,6617.5,0.0
0,180800,JAMS,6617.0,66.0,6616.0,187.0,0.0,0.0,6618,66,6619.0,187.0,0.0,0.0,6617.5,0.0
0,180900,JAMS,6617.0,91.0,6616.0,109.0,0.0,0.0,6618,91,6619.0,109.0,0.0,0.0,6617.5,0.0
0,181000,JAMS,6617.0,242.0,0.0,0.0,0.0,0.0,6619,242,0.0,0.0,0.0,0.0,6618.0,0.0
0,181100,JAMS,6617.0,68.0,6616.0,137.0,0.0,0.0,6618,68,6619.0,137.0,0.0,0.0,6617.5,0.0
0,181200,JAMS,6617.0,201.0,0.0,0.0,0.0,0.0,6619,201,0.0,0.0,0.0,0.0,6618.0,0.0
0,181300,JAMS,6618.0,160.0,0.0,0.0,0.0,0.0,6620,160,0.0,0.0,0.0,0.0,6619.0,0.0
0,181400,JAMS,6618.0,199.0,0.0,0.0,0.0,0.0,6619,11,6620.0,199.0,0.0,0.0,6618.5,0.0
0,181500,JAMS,6618.0,237.0,0.0,0.0,0.0,0.0,6620,237,0.0,0.0,0.0,0.0,6619.0,0.0
0,181600,JAMS,6618.0,178.0,0.0,0.0,0.0,0.0,6620,178,0.0,0.0,0.0,0.0,6619.0,0.0
0,181700,JAMS,6618.0,80.0,6617.0,190.0,0.0,0.0,6619,80,6620.0,190.0,0.0,0.0,6618.5,0.0
0,181800,JAMS,6618.0,66.0,6617.0,194.0,0.0,0.0,6619,66,6620.0,194.0,0.0,0.0,6618.5,0.0
0,181900,JAMS,6617.0,258.0,0.0,0.0,0.0,0.0,6619,258,0.0,0.0,0.0,0.0,6618.0,0.0
0,182000,JAMS,6618.0,86.0,6617.0,187.0,0.0,0.0,6619,76,6620.0,187.0,0.0,0.0,6618.5,0.0
0,182100,JAMS,6617.0,246.0,0.0,0.0,0.0,0.0,6619,246,0.0,0.0,0.0,0.0,6618.0,0.0
0,182200,JAMS,6617.0,205.0,0.0,0.0,0.0,0.0,6619,205,0.0,0.0,0.0,0.0,6618.0,0.0
0,182300,JAMS,6617.0,254.0,0.0,0.0,0.0,0.0,6619,254,0.0,0.0,0.0,0.0,6618.0,0.0
0,182400,JAMS,6617.0,198.0,0.0,0.0,0.0,0.0,6619,198,0.0,0.0,0.0,0.0,6618.0,0.0
0,182500,JAMS,6617.0,284.0,0.0,0.0,0.0,0.0,6619,284,0.0,0.0,0.0,0.0,6618.0,0.0
0,182600,JAMS,6617.0,91.0,6616.0,171.0,0.0,0.0,6618,91,6619.0,171.0,0.0,0.0,6617.5,0.0
0,182700,JAMS,6616.0,249.0,0.0,0.0,0.0,0.0,6618,249,0.0,0.0,0.0,0.0,6617.0,0.0
0,182800,JAMS,6616.0,272.0,0.0,0.0,0.0,0.0,6618,272,0.0,0.0,0.0,0.0,6617.0,0.0
0,182900,JAMS,6616.0,266.0,0.0,0.0,0.0,0.0,6618,266,0.0,0.0,0.0,0.0,6617.0,0.0
0,183000,JAMS,6617.0,98.0,6616.0,114.0,0.0,0.0,6618,98,6619.0,114.0,0.0,0.0,6617.5,0.0
0,183100,JAMS,6617.0,63.0,6616.0,131.0,0.0,0.0,6618,63,6619.0,131.0,0.0,0.0,6617.5,0.0
0,183200,JAMS,6617.0,66.0,6616.0,186.0,0.0,0.0,6618,252,0.0,0.0,0.0,0.0,6617.5,0.0
0,183300,JAMS,6616.0,215.0,0.0,0.0,0.0,0.0,6618,215,0.0,0.0,0.0,0.0,6617.0,0.0
0,183400,JAMS,6616.0,164.0,0.0,0.0,0.0,0.0,6618,164,0.0,0.0,0.0,0.0,6617.0,0.0
0,183500,JAMS,6617.0,85.0,6616.0,129.0,0.0,0.0,6618,85,6619.0,129.0,0.0,0.0,6617.5,0.0
0,183600,JAMS,6615.0,186.0,0.0,0.0,0.0,0.0,6617,186,0.0,0.0,0.0,0.0,6616.0,0.0
0,183700,JAMS,6615.0,293.0,0.0,0.0,0.0,0.0,6617,293,0.0,0.0,0.0,0.0,6616.0,0.0
0,183800,JAMS,6615.0,262.0,0.0,0.0,0.0,0.0,6617,262,0.0,0.0,0.0,0.0,6616.0,0.0
0,183900,JAMS,6615.0,198.0,0.0,0.0,0.0,0.0,6617,198,0.0,0.0,0.0,0.0,6616.0,0.0
0,184000,JAMS,6615.0,250.0,0.0,0.0,0.0,0.0,6617,250,0.0,0.0,0.0,0.0,6616.0,0.0
0,184100,JAMS,6615.0,204.0,0.0,0.0,0.0,0.0,6617,204,0.0,0.0,0.0,0.0,6616.0,0.0
0,184200,JAMS,6615.0,289.0,0.0,0.0,0.0,0.0,6617,279,0.0,0.0,0.0,0.0,6616.0,0.0
0,184300,JAMS,6615.0,224.0,0.0,0.0,0.0,0.0,6617,224,0.0,0.0,0.0,0.0,6616.0,0.0
0,184400,JAMS,6615.0,256.0,0.0,0.0,0.0,0.0,6617,256,0.0,0.0,0.0,0.0,6616.0,0.0
0,184500,JAMS,6615.0,280.0,0.0,0.0,0.0,0.0,6617,280,0.0,0.0,0.0,0.0,6616.0,0.0
0,184600,JAMS,6615.0,213.0,0.0,0.0,0.0,0.0,6617,213,0.0,0.0,0.0,0.0,6616.0,0.0
0,184700,JAMS,6615.0,268.0,0.0,0.0,0.0,0.0,6617,268,0.0,0.0,0.0,0.0,6616.0,0.0
0,184800,JAMS,6615.0,96.0,6614.0,104.0,0.0,0.0,6616,96,6617.0,104.0,0.0,0.0,6615.5,0.0
0,184900,JAMS,6614.0,264.0,0.0,0.0,0.0,0.0,6616,264,0.0,0.0,0.0,0.0,6615.0,0.0
0,185000,JAMS,6614.0,251.0,0.0,0.0,0.0,0.0,6616,251,0.0,0.0,0.0,0.0,6615.0,0.0
0,185100,JAMS,6615.0,239.0,0.0,0.0,0.0,0.0,6617,239,0.0,0.0,0.0,0.0,6616.0,0.0
0,185200,JAMS,6615.0,208.0,0.0,0.0,0.0,0.0,6617,208,0.0,0.0,0.0,0.0,6616.0,0.0
0,185300,JAMS,6615.0,220.0,0.0,0.0,0.0,0.0,6617,220,0.0,0.0,0.0,0.0,6616.0,0.0
0,185400,JAMS,6615.0,245.0,0.0,0.0,0.0,0.0,6617,245,0.0,0.0,0.0,0.0,6616.0,0.0
0,185500,JAMS,6615.0,265.0,0.0,0.0,0.0,0.0,6617,265,0.0,0.0,0.0,0.0,6616.0,0.0
0,185600,JAMS,6615.0,58.0,6614.0,184.0,0.0,0.0,6616,58,6617.0,184.0,0.0,0.0,6615.5,0.0
0,185700,JAMS,6615.0,179.0,0.0,0.0,0.0,0.0,6617,179,0.0,0.0,0.0,0.0,6616.0,0.0
0,185800,JAMS,6615.0,67.0,6614.0,136.0,0.0,0.0,6616,67,6617.0,136.0,0.0,0.0,6615.5,0.0
0,185900,JAMS,6614.0,187.0,0.0,0.0,0.0,0.0,6616,187,0.0,0.0,0.0,0.0,6615.0,0.0
0,186000,JAMS,6615.0,88.0,6614.0,121.0,0.0,0.0,6616,88,6617.0,121.0,0.0,0.0,6615.5,0.0
0,186100,JAMS,6615.0,62.0,6614.0,157.0,0.0,0.0,6616,62,6617.0,157.0,0.0,0.0,6615.5,0.0
0,186200,JAMS,6615.0,205.0,0.0,0.0,0.0,0.0,6617,205,0.0,0.0,0.0,0.0,6616.0,0.0
0,186300,JAMS,6614.0,239.0,0.0,0.0,0.0,0.0,6615,6,6616.0,239.0,0.0,0.0,6614.5,0.0
0,186400,JAMS,6615.0,99.0,6614.0,155.0,0.0,0.0,6616,99,6617.0,155.0,0.0,0.0,6615.5,0.0
0,186500,JAMS,6615.0,96.0,6614.0,193.0,0.0,0.0,6616,96,6617.0,193.0,0.0,0.0,6615.5,0.0
0,186600,JAMS,6615.0,63.0,6614.0,154.0,0.0,0.0,6616,63,6617.0,154.0,0.0,0.0,6615.5,0.0
0,186700,JAMS,6615.0,62.0,6614.0,101.0,0.0,0.0,6616,62,6617.0,101.0,0.0,0.0,6615.5,0.0
0,186800,JAMS,6615.0,216.0,0.0,0.0,0.0,0.0,6617,216,0.0,0.0,0.0,0.0,6616.0,0.0
0,186900,JAMS,6614.0,193.0,0.0,0.0,0.0,0.0,6616,193,0.0,0.0,0.0,0.0,6615.0,0.0
0,187000,JAMS,6614.0,247.0,0.0,0.0,0.0,0.0,6616,247,0.0,0.0,0.0,0.0,6615.0,0.0
0,187100,JAMS,6614.0,184.0,0.0,0.0,0.0,0.0,6616,184,0.0,0.0,0.0,0.0,6615.0,0.0
0,187200,JAMS,6614.0,273.0,0.0,0.0,0.0,0.0,6615,75,6616.0,198.0,0.0,0.0,6614.5,0.0
0,187300,JAMS,6614.0,90.0,6613.0,136.0,0.0,0.0,6615,90,6616.0,136.0,0.0,0.0,6614.5,0.0
0,187400,JAMS,6614.0,259.0,0.0,0.0,0.0,0.0,6616,259,0.0,0.0,0.0,0.0,6615.0,0.0
0,187500,JAMS,6614.0,266.0,0.0,0.0,0.0,0.0,6616,266,0.0,0.0,0.0,0.0,6615.0,0.0
0,187600,JAMS,6614.0,224.0,0.0,0.0,0.0,0.0,6616,224,0.0,0.0,0.0,0.0,6615.0,0.0
0,187700,JAMS,6614.0,210.0,0.0,0.0,0.0,0.0,6616,210,0.0,0.0,0.0,0.0,6615.0,0.0
0,187800,JAMS,6614.0,234.0,0.0,0.0,0.0,0.0,6616,234,0.0,0.0,0.0,0.0,6615.0,0.0
0,187900,JAMS,6614.0,89.0,6613.0,176.0,0.0,0.0,6615,89,6616.0,176.0,0.0,0.0,6614.5,0.0
0,188000,JAMS,6614.0,96.0,6613.0,163.0,0.0,0.0,6615,91,6616.0,163.0,0.0,0.0,6614.5,0.0
0,188100,JAMS,6613.0,269.0,0.0,0.0,0.0,0.0,6615,269,0.0,0.0,0.0,0.0,6614.0,0.0
0,188200,JAMS,6614.0,79.0,6613.0,186.0,0.0,0.0,6615,79,6616.0,186.0,0.0,0.0,6614.5,0.0
0,188300,JAMS,6614.0,224.0,0.0,0.0,0.0,0.0,6616,224,0.0,0.0,0.0,0.0,6615.0,0.0
0,188400,JAMS,6614.0,192.0,0.0,0.0,0.0,0.0,6616,192,0.0,0.0,0.0,0.0,6615.0,0.0
0,188500,JAMS,6615.0,68.0,6614.0,155.0,0.0,0.0,6616,59,6617.0,155.0,0.0,0.0,6615.5,0.0
0,188600,JAMS,6614.0,257.0,0.0,0.0,0.0,0.0,6616,257,0.0,0.0,0.0,0.0,6615.0,0.0
0,188700,JAMS,6615.0,63.0,6614.0,144.0,0.0,0.0,6616,207,0.0,0.0,0.0,0.0,6615.5,0.0
0,188800,JAMS,6615.0,86.0,6614.0,146.0,0.0,0.0,6616,86,6617.0,146.0,0.0,0.0,6615.5,0.0
0,188900,JAMS,6614.0,248.0,0.0,0.0,0.0,0.0,6616,248,0.0,0.0,0.0,0.0,6615.0,0.0
0,189000,JAMS,6614.0,227.0,0.0,0.0,0.0,0.0,6616,227,0.0,0.0,0.0,0.0,6615.0,0.0
0,189100,JAMS,6614.0,197.0,0.0,0.0,0.0,0.0,6616,197,0.0,0.0,0.0,0.0,6615.0,0.0
0,189200,JAMS,6614.0,69.0,6613.0,194.0,0.0,0.0,6615,69,6616.0,194.0,0.0,0.0,6614.5,0.0
0,189300,JAMS,6614.0,92.0,6613.0,101.0,0.0,0.0,6615,92,6616.0,101.0,0.0,0.0,6614.5,0.0
0,189400,JAMS,6614.0,99.0,6613.0,168.0,0.0,0.0,6615,267,0.0,0.0,0.0,0.0,6614.5,0.0
0,189500,JAMS,6613.0,249.0,0.0,0.0,0.0,0.0,6615,249,0.0,0.0,0.0,0.0,6614.0,0.0
0,189600,JAMS,6613.0,58.0,6612.0,170.0,0.0,0.0,6614,58,6615.0,170.0,0.0,0.0,6613.5,0.0
0,189700,JAMS,6613.0,50.0,6612.0,114.0,0.0,0.0,6614,50,6615.0,114.0,0.0,0.0,6613.5,0.0
0,189800,JAMS,6613.0,73.0,6612.0,179.0,0.0,0.0,6614,73,6615.0,179.0,0.0,0.0,6613.5,0.0
0,189900,JAMS,6613.0,95.0,6612.0,166.0,0.0,0.0,6614,95,6615.0,166.0,0.0,0.0,6613.5,0.0
0,190000,JAMS,6613.0,239.0,0.0,0.0,0.0,0.0,6615,239,0.0,0.0,0.0,0.0,6614.0,0.0
0,190100,JAMS,6613.0,79.0,6612.0,197.0,0.0,0.0,6614,79,6615.0,197.0,0.0,0.0,6613.5,0.0
0,190200,JAMS,6613.0,208.0,0.0,0.0,0.0,0.0,6615,208,0.0,0.0,0.0,0.0,6614.0,0.0
0,190300,JAMS,6613.0,245.0,0.0,0.0,0.0,0.0,6615,245,0.0,0.0,0.0,0.0,6614.0,0.0
0,190400,JAMS,6613.0,257.0,0.0,0.0,0.0,0.0,6615,257,0.0,0.0,0.0,0.0,6614.0,0.0
0,190500,JAMS,6613.0,252.0,0.0,0.0,0.0,0.0,6615,252,0.0,0.0,0.0,0.0,6614.0,0.0
0,190600,JAMS,6613.0,77.0,6612.0,164.0,0.0,0.0,6614,77,6615.0,164.0,0.0,0.0,6613.5,0.0
0,190700,JAMS,6613.0,70.0,6612.0,192.0,0.0,0.0,6614,70,6615.0,192.0,0.0,0.0,6613.5,0.0
0,190800,JAMS,6613.0,98.0,6612.0,106.0,0.0,0.0,6614,98,6615.0,106.0,0.0,0.0,6613.5,0.0
0,190900,JAMS,6612.0,238.0,0.0,0.0,0.0,0.0,6614,238,0.0,0.0,0.0,0.0,6613.0,0.0
0,191000,JAMS,6612.0,259.0,0.0,0.0,0.0,0.0,6614,259,0.0,0.0,0.0,0.0,6613.0,0.0
0,191100,JAMS,6612.0,257.0,0.0,0.0,0.0,0.0,6614,257,0.0,0.0,0.0,0.0,6613.0,0.0
0,191200,JAMS,6612.0,192.0,0.0,0.0,0.0,0.0,6614,192,0.0,0.0,0.0,0.0,6613.0,0.0
0,191300,JAMS,6612.0,95.0,6611.0,101.0,0.0,0.0,6613,95,6614.0,101.0,0.0,0.0,6612.5,0.0
0,191400,JAMS,6612.0,208.0,0.0,0.0,0.0,0.0,6614,208,0.0,0.0,0.0,0.0,6613.0,0.0
0,191500,JAMS,6612.0,74.0,6611.0,148.0,0.0,0.0,6613,74,6614.0,148.0,0.0,0.0,6612.5,0.0
0,191600,JAMS,6612.0,77.0,6611.0,197.0,0.0,0.0,6613,77,6614.0,197.0,0.0,0.0,6612.5,0.0
0,191700,JAMS,6611.0,93.0,6610.0,119.0,0.0,0.0,6612,93,6613.0,119.0,0.0,0.0,6611.5,0.0
0,191800,JAMS,6612.0,71.0,6611.0,178.0,0.0,0.0,6613,71,6614.0,178.0,0.0,0.0,6612.5,0.0
0,191900,JAMS,6611.0,227.0,0.0,0.0,0.0,0.0,6612,9,6613.0,227.0,0.0,0.0,6611.5,0.0
0,192000,JAMS,6611.0,268.0,0.0,0.0,0.0,0.0,6613,268,0.0,0.0,0.0,0.0,6612.0,0.0
0,192100,JAMS,6611.0,210.0,0.0,0.0,0.0,0.0,6613,210,0.0,0.0,0.0,0.0,6612.0,0.0
0,192200,JAMS,6611.0,216.0,0.0,0.0,0.0,0.0,6613,216,0.0,0.0,0.0,0.0,6612.0,0.0
0,192300,JAMS,6611.0,66.0,6610.0,128.0,0.0,0.0,6612,66,6613.0,128.0,0.0,0.0,6611.5,0.0
0,192400,JAMS,6610.0,76.0,6609.0,168.0,0.0,0.0,6611,76,6612.0,168.0,0.0,0.0,6610.5,0.0
0,192500,JAMS,6610.0,77.0,6609.0,190.0,0.0,0.0,6611,77,6612.0,190.0,0.0,0.0,6610.5,0.0
0,192600,JAMS,6610.0,282.0,0.0,0.0,0.0,0.0,6612,282,0.0,0.0,0.0,0.0,6611.0,0.0
0,192700,JAMS,6609.0,196.0,0.0,0.0,0.0,0.0,6611,196,0.0,0.0,0.0,0.0,6610.0,0.0
0,192800,JAMS,6610.0,83.0,6609.0,195.0,0.0,0.0,6611,83,6612.0,195.0,0.0,0.0,6610.5,0.0
0,192900,JAMS,6609.0,188.0,0.0,0.0,0.0,0.0,6611,188,0.0,0.0,0.0,0.0,6610.0,0.0
0,193000,JAMS,6608.0,188.0,0.0,0.0,0.0,0.0,6610,188,0.0,0.0,0.0,0.0,6609.0,0.0
0,193100,JAMS,6607.0,220.0,0.0,0.0,0.0,0.0,6609,220,0.0,0.0,0.0,0.0,6608.0,0.0
0,193200,JAMS,6607.0,222.0,0.0,0.0,0.0,0.0,6609,222,0.0,0.0,0.0,0.0,6608.0,0.0
0,193300,JAMS,6607.0,55.0,6606.0,152.0,0.0,0.0,6608,65,6609.0,152.0,0.0,0.0,6607.5,0.0
0,193400,JAMS,6607.0,69.0,6606.0,164.0,0.0,0.0,6608,69,6609.0,164.0,0.0,0.0,6607.5,0.0
0,193500,JAMS,6606.0,206.0,0.0,0.0,0.0,0.0,6608,206,0.0,0.0,0.0,0.0,6607.0,0.0
0,193600,JAMS,6607.0,229.0,0.0,0.0,0.0,0.0,6609,229,0.0,0.0,0.0,0.0,6608.0,0.0
0,193700,JAMS,6607.0,246.0,0.0,0.0,0.0,0.0,6609,246,0.0,0.0,0.0,0.0,6608.0,0.0
0,193800,JAMS,6607.0,72.0,6606.0,119.0,0.0,0.0,6608,72,6609.0,119.0,0.0,0.0,6607.5,0.0
0,193900,JAMS,6607.0,154.0,0.0,0.0,0.0,0.0,6609,163,0.0,0.0,0.0,0.0,6608.0,0.0
0,194000,JAMS,6607.0,255.0,0.0,0.0,0.0,0.0,6609,255,0.0,0.0,0.0,0.0,6608.0,0.0
0,194100,JAMS,6607.0,282.0,0.0,0.0,0.0,0.0,6609,282,0.0,0.0,0.0,0.0,6608.0,0.0
0,194200,JAMS,6608.0,276.0,0.0,0.0,0.0,0.0,6610,276,0.0,0.0,0.0,0.0,6609.0,0.0
0,194300,JAMS,6608.0,55.0,6607.0,190.0,0.0,0.0,6609,55,6610.0,190.0,0.0,0.0,6608.5,0.0
0,194400,JAMS,6608.0,59.0,6607.0,163.0,0.0,0.0,6609,59,6610.0,163.0,0.0,0.0,6608.5,0.0
0,194500,JAMS,6608.0,59.0,6607.0,145.0,0.0,0.0,6609,59,6610.0,145.0,0.0,0.0,6608.5,0.0
0,194600,JAMS,6608.0,77.0,6607.0,109.0,0.0,0.0,6609,77,6610.0,109.0,0.0,0.0,6608.5,0.0
0,194700,JAMS,6608.0,275.0,0.0,0.0,0.0,0.0,6610,275,0.0,0.0,0.0,0.0,6609.0,0.0
0,194800,JAMS,6608.0,248.0,0.0,0.0,0.0,0.0,6610,248,0.0,0.0,0.0,0.0,6609.0,0.0
0,194900,JAMS,6608.0,175.0,0.0,0.0,0.0,0.0,6610,175,0.0,0.0,0.0,0.0,6609.0,0.0
0,195000,JAMS,6608.0,276.0,0.0,0.0,0.0,0.0,6610,276,0.0,0.0,0.0,0.0,6609.0,0.0
0,195100,JAMS,6610.0,75.0,6609.0,115.0,0.0,0.0,6611,72,6612.0,115.0,0.0,0.0,6610.5,0.0
0,195200,JAMS,6610.0,50.0,6609.0,176.0,0.0,0.0,6611,50,6612.0,176.0,0.0,0.0,6610.5,0.0
0,195300,JAMS,6609.0,269.0,0.0,0.0,0.0,0.0,6611,269,0.0,0.0,0.0,0.0,6610.0,0.0
0,195400,JAMS,6609.0,210.0,0.0,0.0,0.0,0.0,6611,210,0.0,0.0,0.0,0.0,6610.0,0.0
0,195500,JAMS,6610.0,268.0,0.0,0.0,0.0,0.0,6612,268,0.0,0.0,0.0,0.0,6611.0,0.0
0,195600,JAMS,6610.0,76.0,6609.0,146.0,0.0,0.0,6611,76,6612.0,146.0,0.0,0.0,6610.5,0.0
0,195700,JAMS,6610.0,223.0,0.0,0.0,0.0,0.0,6612,223,0.0,0.0,0.0,0.0,6611.0,0.0
0,195800,JAMS,6610.0,87.0,6609.0,134.0,0.0,0.0,6611,87,6612.0,134.0,0.0,0.0,6610.5,0.0
0,195900,JAMS,6611.0,49.0,6610.0,119.0,0.0,0.0,6612,55,6613.0,119.0,0.0,0.0,6611.5,0.0
0,196000,JAMS,6611.0,231.0,0.0,0.0,0.0,0.0,6613,231,0.0,0.0,0.0,0.0,6612.0,0.0
0,196100,JAMS,6612.0,98.0,6611.0,187.0,0.0,0.0,6613,98,6614.0,187.0,0.0,0.0,6612.5,0.0
0,196200,JAMS,6612.0,66.0,6611.0,132.0,0.0,0.0,6613,66,6614.0,132.0,0.0,0.0,6612.5,0.0
0,196300,JAMS,6612.0,274.0,0.0,0.0,0.0,0.0,6614,274,0.0,0.0,0.0,0.0,6613.0,0.0
0,196400,JAMS,6612.0,100.0,6611.0,101.0,0.0,0.0,6613,100,6614.0,101.0,0.0,0.0,6612.5,0.0
0,196500,JAMS,6612.0,57.0,6611.0,184.0,0.0,0.0,6613,57,6614.0,184.0,0.0,0.0,6612.5,0.0
0,196600,JAMS,6612.0,203.0,0.0,0.0,0.0,0.0,6614,203,0.0,0.0,0.0,0.0,6613.0,0.0
0,196700,JAMS,6612.0,78.0,6611.0,133.0,0.0,0.0,6613,86,6614.0,133.0,0.0,0.0,6612.5,0.0
0,196800,JAMS,6612.0,176.0,0.0,0.0,0.0,0.0,6614,176,0.0,0.0,0.0,0.0,6613.0,0.0
0,196900,JAMS,6612.0,281.0,0.0,0.0,0.0,0.0,6614,281,0.0,0.0,0.0,0.0,6613.0,0.0
0,197000,JAMS,6611.0,203.0,0.0,0.0,0.0,0.0,6613,203,0.0,0.0,0.0,0.0,6612.0,0.0
0,197100,JAMS,6611.0,266.0,0.0,0.0,0.0,0.0,6613,266,0.0,0.0,0.0,0.0,6612.0,0.0
0,197200,JAMS,6612.0,52.0,6611.0,158.0,0.0,0.0,6613,52,6614.0,158.0,0.0,0.0,6612.5,0.0
0,197300,JAMS,6612.0,80.0,6611.0,116.0,0.0,0.0,6613,80,6614.0,116.0,0.0,0.0,6612.5,0.0
0,197400,JAMS,6612.0,76.0,6611.0,146.0,0.0,0.0,6613,76,6614.0,146.0,0.0,0.0,6612.5,0.0
0,197500,JAMS,6612.0,242.0,0.0,0.0,0.0,0.0,6614,242,0.0,0.0,0.0,0.0,6613.0,0.0
0,197600,JAMS,6612.0,268.0,0.0,0.0,0.0,0.0,6614,268,0.0,0.0,0.0,0.0,6613.0,0.0
0,197700,JAMS,6612.0,243.0,0.0,0.0,0.0,0.0,6614,243,0.0,0.0,0.0,0.0,6613.0,0.0
0,197800,JAMS,6612.0,182.0,0.0,0.0,0.0,0.0,6614,182,0.0,0.0,0.0,0.0,6613.0,0.0
0,197900,JAMS,6613.0,8.0,6612.0,245.0,0.0,0.0,6614,245,0.0,0.0,0.0,0.0,6613.5,0.0
0,198000,JAMS,6612.0,190.0,0.0,0.0,0.0,0.0,6614,190,0.0,0.0,0.0,0.0,6613.0,0.0
0,198100,JAMS,6612.0,261.0,0.0,0.0,0.0,0.0,6614,261,0.0,0.0,0.0,0.0,6613.0,0.0
0,198200,JAMS,6613.0,9.0,6612.0,243.0,0.0,0.0,6614,243,0.0,0.0,0.0,0.0,6613.5,0.0
0,198300,JAMS,6612.0,218.0,0.0,0.0,0.0,0.0,6614,218,0.0,0.0,0.0,0.0,6613.0,0.0
0,198400,JAMS,6612.0,250.0,0.0,0.0,0.0,0.0,6614,250,0.0,0.0,0.0,0.0,6613.0,0.0
0,198500,JAMS,6612.0,233.0,0.0,0.0,0.0,0.0,6614,233,0.0,0.0,0.0,0.0,6613.0,0.0
0,198600,JAMS,6612.0,70.0,6611.0,196.0,0.0,0.0,6613,70,6614.0,196.0,0.0,0.0,6612.5,0.0
0,198700,JAMS,6611.0,217.0,0.0,0.0,0.0,0.0,6613,217,0.0,0.0,0.0,0.0,6612.0,0.0
0,198800,JAMS,6611.0,293.0,0.0,0.0,0.0,0.0,6613,293,0.0,0.0,0.0,0.0,6612.0,0.0
0,198900,JAMS,6611.0,242.0,0.0,0.0,0.0,0.0,6613,242,0.0,0.0,0.0,0.0,6612.0,0.0
0,199000,JAMS,6612.0,100.0,6611.0,179.0,0.0,0.0,6613,100,6614.0,179.0,0.0,0.0,6612.5,0.0
0,199100,JAMS,6612.0,63.0,6611.0,118.0,0.0,0.0,6613,63,6614.0,118.0,0.0,0.0,6612.5,0.0
0,199200,JAMS,6612.0,57.0,6611.0,133.0,0.0,0.0,6613,57,6614.0,133.0,0.0,0.0,6612.5,0.0
0,199300,JAMS,6612.0,102.0,6611.0,180.0,0.0,0.0,6613,92,6614.0,180.0,0.0,0.0,6612.5,0.0
0,199400,JAMS,6612.0,261.0,0.0,0.0,0.0,0.0,6614,261,0.0,0.0,0.0,0.0,6613.0,0.0
0,199500,JAMS,6612.0,65.0,6611.0,113.0,0.0,0.0,6613,54,6614.0,113.0,0.0,0.0,6612.5,0.0
0,199600,JAMS,6612.0,158.0,0.0,0.0,0.0,0.0,6614,158,0.0,0.0,0.0,0.0,6613.0,0.0
0,199700,JAMS,6612.0,193.0,0.0,0.0,0.0,0.0,6614,193,0.0,0.0,0.0,0.0,6613.0,0.0
0,199800,JAMS,6612.0,203.0,0.0,0.0,0.0,0.0,6614,203,0.0,0.0,0.0,0.0,6613.0,0.0
0,199900,JAMS,6613.0,193.0,0.0,0.0,0.0,0.0,6615,193,0.0,0.0,0.0,0.0,6614.0,0.0
0,200000,JAMS,6613.0,255.0,0.0,0.0,0.0,0.0,6615,255,0.0,0.0,0.0,0.0,6614.0,0.0
0,200100,JAMS,6613.0,217.0,0.0,0.0,0.0,0.0,6615,217,0.0,0.0,0.0,0.0,6614.0,0.0
0,200200,JAMS,6613.0,196.0,0.0,0.0,0.0,0.0,6615,196,0.0,0.0,0.0,0.0,6614.0,0.0
0,200300,JAMS,6613.0,261.0,0.0,0.0,0.0,0.0,6615,261,0.0,0.0,0.0,0.0,6614.0,0.0
0,200400,JAMS,6613.0,190.0,0.0,0.0,0.0,0.0,6615,190,0.0,0.0,0.0,0.0,6614.0,0.0
0,200500,JAMS,6614.0,65.0,6613.0,131.0,0.0,0.0,6615,65,6616.0,131.0,0.0,0.0,6614.5,0.0
0,200600,JAMS,6614.0,179.0,0.0,0.0,0.0,0.0,6616,179,0.0,0.0,0.0,0.0,6615.0,0.0
0,200700,JAMS,6613.0,190.0,0.0,0.0,0.0,0.0,6615,190,0.0,0.0,0.0,0.0,6614.0,0.0
0,200800,JAMS,6613.0,229.0,0.0,0.0,0.0,0.0,6615,229,0.0,0.0,0.0,0.0,6614.0,0.0
0,200900,JAMS,6614.0,76.0,6613.0,195.0,0.0,0.0,6615,76,6616.0,195.0,0.0,0.0,6614.5,0.0
0,201000,JAMS,6614.0,218.0,0.0,0.0,0.0,0.0,6616,218,0.0,0.0,0.0,0.0,6615.0,0.0
0,201100,JAMS,6614.0,74.0,6613.0,172.0,0.0,0.0,6615,74,6616.0,172.0,0.0,0.0,6614.5,0.0
0,201200,JAMS,6614.0,228.0,0.0,0.0,0.0,0.0,6616,228,0.0,0.0,0.0,0.0,6615.0,0.0
0,201300,JAMS,6614.0,193.0,0.0,0.0,0.0,0.0,6616,193,0.0,0.0,0.0,0.0,6615.0,0.0
0,201400,JAMS,6614.0,263.0,0.0,0.0,0.0,0.0,6616,263,0.0,0.0,0.0,0.0,6615.0,0.0
0,201500,JAMS,6614.0,194.0,0.0,0.0,0.0,0.0,6616,194,0.0,0.0,0.0,0.0,6615.0,0.0
0,201600,JAMS,6615.0,3.0,6614.0,205.0,0.0,0.0,6616,205,0.0,0.0,0.0,0.0,6615.5,0.0
0,201700,JAMS,6614.0,241.0,0.0,0.0,0.0,0.0,6616,241,0.0,0.0,0.0,0.0,6615.0,0.0
0,201800,JAMS,6614.0,269.0,0.0,0.0,0.0,0.0,6616,269,0.0,0.0,0.0,0.0,6615.0,0.0
0,201900,JAMS,6614.0,220.0,0.0,0.0,0.0,0.0,6616,220,0.0,0.0,0.0,0.0,6615.0,0.0
0,202000,JAMS,6614.0,271.0,0.0,0.0,0.0,0.0,6616,271,0.0,0.0,0.0,0.0,6615.0,0.0
0,202100,JAMS,6613.0,206.0,0.0,0.0,0.0,0.0,6614,11,6615.0,206.0,0.0,0.0,6613.5,0.0
0,202200,JAMS,6614.0,236.0,0.0,0.0,0.0,0.0,6616,236,0.0,0.0,0.0,0.0,6615.0,0.0
0,202300,JAMS,6614.0,52.0,6613.0,140.0,0.0,0.0,6615,52,6616.0,140.0,0.0,0.0,6614.5,0.0
0,202400,JAMS,6614.0,211.0,0.0,0.0,0.0,0.0,6616,211,0.0,0.0,0.0,0.0,6615.0,0.0
0,202500,JAMS,6614.0,213.0,0.0,0.0,0.0,0.0,6616,213,0.0,0.0,0.0,0.0,6615.0,0.0
0,202600,JAMS,6614.0,256.0,0.0,0.0,0.0,0.0,6616,256,0.0,0.0,0.0,0.0,6615.0,0.0
0,202700,JAMS,6614.0,162.0,0.0,0.0,0.0,0.0,6616,162,0.0,0.0,0.0,0.0,6615.0,0.0
0,202800,JAMS,6614.0,57.0,6613.0,187.0,0.0,0.0,6615,57,6616.0,187.0,0.0,0.0,6614.5,0.0
0,202900,JAMS,6614.0,98.0,6613.0,191.0,0.0,0.0,6615,98,6616.0,191.0,0.0,0.0,6614.5,0.0
0,203000,JAMS,6614.0,233.0,0.0,0.0,0.0,0.0,6616,233,0.0,0.0,0.0,0.0,6615.0,0.0
0,203100,JAMS,6614.0,188.0,0.0,0.0,0.0,0.0,6616,195,0.0,0.0,0.0,0.0,6615.0,0.0
0,203200,JAMS,6614.0,278.0,0.0,0.0,0.0,0.0,6616,278,0.0,0.0,0.0,0.0,6615.0,0.0
0,203300,JAMS,6615.0,80.0,6614.0,123.0,0.0,0.0,6616,80,6617.0,123.0,0.0,0.0,6615.5,0.0
0,203400,JAMS,6614.0,180.0,0.0,0.0,0.0,0.0,6616,180,0.0,0.0,0.0,0.0,6615.0,0.0
0,203500,JAMS,6615.0,58.0,6614.0,129.0,0.0,0.0,6616,58,6617.0,129.0,0.0,0.0,6615.5,0.0
0,203600,JAMS,6615.0,98.0,6614.0,148.0,0.0,0.0,6616,98,6617.0,148.0,0.0,0.0,6615.5,0.0
0,203700,JAMS,6615.0,261.0,0.0,0.0,0.0,0.0,6617,250,0.0,0.0,0.0,0.0,6616.0,0.0
0,203800,JAMS,6615.0,259.0,0.0,0.0,0.0,0.0,6617,266,0.0,0.0,0.0,0.0,6616.0,0.0
0,203900,JAMS,6614.0,243.0,0.0,0.0,0.0,0.0,6616,243,0.0,0.0,0.0,0.0,6615.0,0.0
0,204000,JAMS,6615.0,96.0,6614.0,158.0,0.0,0.0,6616,96,6617.0,158.0,0.0,0.0,6615.5,0.0
0,204100,JAMS,6615.0,254.0,0.0,0.0,0.0,0.0,6617,254,0.0,0.0,0.0,0.0,6616.0,0.0
0,204200,JAMS,6615.0,56.0,6614.0,106.0,0.0,0.0,6616,56,6617.0,106.0,0.0,0.0,6615.5,0.0
0,204300,JAMS,6615.0,62.0,6614.0,135.0,0.0,0.0,6616,62,6617.0,135.0,0.0,0.0,6615.5,0.0
0,204400,JAMS,6615.0,67.0,6614.0,139.0,0.0,0.0,6616,71,6617.0,139.0,0.0,0.0,6615.5,0.0
0,204500,JAMS,6615.0,87.0,6614.0,116.0,0.0,0.0,6616,87,6617.0,116.0,0.0,0.0,6615.5,0.0
0,204600,JAMS,6614.0,186.0,0.0,0.0,0.0,0.0,6616,186,0.0,0.0,0.0,0.0,6615.0,0.0
0,204700,JAMS,6614.0,245.0,0.0,0.0,0.0,0.0,6616,245,0.0,0.0,0.0,0.0,6615.0,0.0
0,204800,JAMS,6613.0,174.0,0.0,0.0,0.0,0.0,6615,174,0.0,0.0,0.0,0.0,6614.0,0.0
0,204900,JAMS,6614.0,67.0,6613.0,125.0,0.0,0.0,6615,63,6616.0,125.0,0.0,0.0,6614.5,0.0
0,205000,JAMS,6614.0,60.0,6613.0,135.0,0.0,0.0,6615,60,6616.0,135.0,0.0,0.0,6614.5,0.0
0,205100,JAMS,6614.0,240.0,0.0,0.0,0.0,0.0,6616,240,0.0,0.0,0.0,0.0,6615.0,0.0
0,205200,JAMS,6614.0,57.0,6613.0,154.0,0.0,0.0,6615,57,6616.0,154.0,0.0,0.0,6614.5,0.0
0,205300,JAMS,6614.0,233.0,0.0,0.0,0.0,0.0,6616,233,0.0,0.0,0.0,0.0,6615.0,0.0
0,205400,JAMS,6614.0,177.0,0.0,0.0,0.0,0.0,6616,177,0.0,0.0,0.0,0.0,6615.0,0.0
0,205500,JAMS,6614.0,186.0,0.0,0.0,0.0,0.0,6616,186,0.0,0.0,0.0,0.0,6615.0,0.0
0,205600,JAMS,6614.0,198.0,0.0,0.0,0.0,0.0,6616,198,0.0,0.0,0.0,0.0,6615.0,0.0
0,205700,JAMS,6615.0,83.0,6614.0,118.0,0.0,0.0,6616,91,6617.0,118.0,0.0,0.0,6615.5,0.0
0,205800,JAMS,6615.0,58.0,6614.0,186.0,0.0,0.0,6616,58,6617.0,186.0,0.0,0.0,6615.5,0.0
0,205900,JAMS,6616.0,12.0,6615.0,242.0,0.0,0.0,6617,242,0.0,0.0,0.0,0.0,6616.5,0.0
0,206000,JAMS,6615.0,269.0,0.0,0.0,0.0,0.0,6617,269,0.0,0.0,0.0,0.0,6616.0,0.0
0,206100,JAMS,6615.0,199.0,0.0,0.0,0.0,0.0,6617,199,0.0,0.0,0.0,0.0,6616.0,0.0
0,206200,JAMS,6615.0,215.0,0.0,0.0,0.0,0.0,6617,215,0.0,0.0,0.0,0.0,6616.0,0.0
0,206300,JAMS,6615.0,184.0,0.0,0.0,0.0,0.0,6617,184,0.0,0.0,0.0,0.0,6616.0,0.0
0,206400,JAMS,6615.0,274.0,0.0,0.0,0.0,0.0,6617,274,0.0,0.0,0.0,0.0,6616.0,0.0
0,206500,JAMS,6615.0,210.0,0.0,0.0,0.0,0.0,6617,210,0.0,0.0,0.0,0.0,6616.0,0.0
0,206600,JAMS,6615.0,225.0,0.0,0.0,0.0,0.0,6617,225,0.0,0.0,0.0,0.0,6616.0,0.0
0,206700,JAMS,6615.0,253.0,0.0,0.0,0.0,0.0,6617,253,0.0,0.0,0.0,0.0,6616.0,0.0
0,206800,JAMS,6616.0,250.0,0.0,0.0,0.0,0.0,6618,250,0.0,0.0,0.0,0.0,6617.0,0.0
0,206900,JAMS,6616.0,223.0,0.0,0.0,0.0,0.0,6618,223,0.0,0.0,0.0,0.0,6617.0,0.0
0,207000,JAMS,6615.0,192.0,0.0,0.0,0.0,0.0,6617,192,0.0,0.0,0.0,0.0,6616.0,0.0
0,207100,JAMS,6615.0,285.0,0.0,0.0,0.0,0.0,6617,285,0.0,0.0,0.0,0.0,6616.0,0.0
0,207200,JAMS,6615.0,236.0,0.0,0.0,0.0,0.0,6617,236,0.0,0.0,0.0,0.0,6616.0,0.0
0,207300,JAMS,6616.0,58.0,6615.0,102.0,0.0,0.0,6617,58,6618.0,102.0,0.0,0.0,6616.5,0.0
0,207400,JAMS,6615.0,213.0,0.0,0.0,0.0,0.0,6617,213,0.0,0.0,0.0,0.0,6616.0,0.0
0,207500,JAMS,6616.0,77.0,6615.0,125.0,0.0,0.0,6617,77,6618.0,125.0,0.0,0.0,6616.5,0.0
0,207600,JAMS,6615.0,237.0,0.0,0.0,0.0,0.0,6617,237,0.0,0.0,0.0,0.0,6616.0,0.0
0,207700,JAMS,6615.0,203.0,0.0,0.0,0.0,0.0,6617,203,0.0,0.0,0.0,0.0,6616.0,0.0
0,207800,JAMS,6615.0,287.0,0.0,0.0,0.0,0.0,6617,287,0.0,0.0,0.0,0.0,6616.0,0.0
0,207900,JAMS,6615.0,274.0,0.0,0.0,0.0,0.0,6617,274,0.0,0.0,0.0,0.0,6616.0,0.0
0,208000,JAMS,6615.0,235.0,0.0,0.0,0.0,0.0,6617,223,0.0,0.0,0.0,0.0,6616.0,0.0
0,208100,JAMS,6615.0,237.0,0.0,0.0,0.0,0.0,6617,237,0.0,0.0,0.0,0.0,6616.0,0.0
0,208200,JAMS,6615.0,213.0,0.0,0.0,0.0,0.0,6617,213,0.0,0.0,0.0,0.0,6616.0,0.0
0,208300,JAMS,6615.0,267.0,0.0,0.0,0.0,0.0,6617,267,0.0,0.0,0.0,0.0,6616.0,0.0
0,208400,JAMS,6616.0,51.0,6615.0,178.0,0.0,0.0,6617,51,6618.0,178.0,0.0,0.0,6616.5,0.0
0,208500,JAMS,6616.0,168.0,0.0,0.0,0.0,0.0,6618,168,0.0,0.0,0.0,0.0,6617.0,0.0
0,208600,JAMS,6616.0,274.0,0.0,0.0,0.0,0.0,6618,274,0.0,0.0,0.0,0.0,6617.0,0.0
0,208700,JAMS,6617.0,83.0,6616.0,194.0,0.0,0.0,6618,83,6619.0,194.0,0.0,0.0,6617.5,0.0
0,208800,JAMS,6617.0,85.0,6616.0,148.0,0.0,0.0,6618,85,6619.0,148.0,0.0,0.0,6617.5,0.0
0,208900,JAMS,6616.0,212.0,0.0,0.0,0.0,0.0,6617,9,6618.0,212.0,0.0,0.0,6616.5,0.0
0,209000,JAMS,6616.0,157.0,0.0,0.0,0.0,0.0,6618,157,0.0,0.0,0.0,0.0,6617.0,0.0
0,209100,JAMS,6617.0,8.0,6616.0,219.0,0.0,0.0,6618,219,0.0,0.0,0.0,0.0,6617.5,0.0
0,209200,JAMS,6617.0,82.0,6616.0,139.0,0.0,0.0,6618,94,6619.0,139.0,0.0,0.0,6617.5,0.0
0,209300,JAMS,6617.0,223.0,0.0,0.0,0.0,0.0,6619,223,0.0,0.0,0.0,0.0,6618.0,0.0
0,209400,JAMS,6617.0,283.0,0.0,0.0,0.0,0.0,6619,283,0.0,0.0,0.0,0.0,6618.0,0.0
0,209500,JAMS,6618.0,209.0,0.0,0.0,0.0,0.0,6620,209,0.0,0.0,0.0,0.0,6619.0,0.0
0,209600,JAMS,6618.0,173.0,0.0,0.0,0.0,0.0,6620,173,0.0,0.0,0.0,0.0,6619.0,0.0
0,209700,JAMS,6619.0,191.0,0.0,0.0,0.0,0.0,6621,191,0.0,0.0,0.0,0.0,6620.0,0.0
0,209800,JAMS,6619.0,222.0,0.0,0.0,0.0,0.0,6621,222,0.0,0.0,0.0,0.0,6620.0,0.0
0,209900,JAMS,6619.0,79.0,6618.0,114.0,0.0,0.0,6620,79,6621.0,114.0,0.0,0.0,6619.5,0.0
0,210000,JAMS,6619.0,75.0,6618.0,173.0,0.0,0.0,6620,75,6621.0,173.0,0.0,0.0,6619.5,0.0
0,210100,JAMS,6619.0,70.0,6618.0,179.0,0.0,0.0,6620,70,6621.0,179.0,0.0,0.0,6619.5,0.0
0,210200,JAMS,6619.0,250.0,0.0,0.0,0.0,0.0,6621,250,0.0,0.0,0.0,0.0,6620.0,0.0
0,210300,JAMS,6619.0,189.0,0.0,0.0,0.0,0.0,6621,189,0.0,0.0,0.0,0.0,6620.0,0.0
0,210400,JAMS,6619.0,261.0,0.0,0.0,0.0,0.0,6621,261,0.0,0.0,0.0,0.0,6620.0,0.0
0,210500,JAMS,6619.0,268.0,0.0,0.0,0.0,0.0,6621,268,0.0,0.0,0.0,0.0,6620.0,0.0
0,210600,JAMS,6619.0,184.0,0.0,0.0,0.0,0.0,6621,184,0.0,0.0,0.0,0.0,6620.0,0.0
0,210700,JAMS,6619.0,232.0,0.0,0.0,0.0,0.0,6621,232,0.0,0.0,0.0,0.0,6620.0,0.0
0,210800,JAMS,6619.0,72.0,6618.0,174.0,0.0,0.0,6620,72,6621.0,174.0,0.0,0.0,6619.5,0.0
0,210900,JAMS,6619.0,72.0,6618.0,172.0,0.0,0.0,6620,72,6621.0,172.0,0.0,0.0,6619.5,0.0
0,211000,JAMS,6619.0,91.0,6618.0,124.0,0.0,0.0,6620,91,6621.0,124.0,0.0,0.0,6619.5,0.0
0,211100,JAMS,6619.0,175.0,0.0,0.0,0.0,0.0,6621,175,0.0,0.0,0.0,0.0,6620.0,0.0
0,211200,JAMS,6619.0,239.0,0.0,0.0,0.0,0.0,6621,239,0.0,0.0,0.0,0.0,6620.0,0.0
0,211300,JAMS,6619.0,85.0,6618.0,184.0,0.0,0.0,6620,85,6621.0,184.0,0.0,0.0,6619.5,0.0
0,211400,JAMS,6619.0,265.0,0.0,0.0,0.0,0.0,6621,265,0.0,0.0,0.0,0.0,6620.0,0.0
0,211500,JAMS,6619.0,209.0,0.0,0.0,0.0,0.0,6621,209,0.0,0.0,0.0,0.0,6620.0,0.0
0,211600,JAMS,6619.0,234.0,0.0,0.0,0.0,0.0,6621,234,0.0,0.0,0.0,0.0,6620.0,0.0
0,211700,JAMS,6619.0,204.0,0.0,0.0,0.0,0.0,6621,204,0.0,0.0,0.0,0.0,6620.0,0.0
0,211800,JAMS,6619.0,231.0,0.0,0.0,0.0,0.0,6621,231,0.0,0.0,0.0,0.0,6620.0,0.0
0,211900,JAMS,6619.0,252.0,0.0,0.0,0.0,0.0,6621,252,0.0,0.0,0.0,0.0,6620.0,0.0
0,212000,JAMS,6619.0,188.0,0.0,0.0,0.0,0.0,6621,188,0.0,0.0,0.0,0.0,6620.0,0.0
0,212100,JAMS,6619.0,93.0,6618.0,164.0,0.0,0.0,6620,93,6621.0,164.0,0.0,0.0,6619.5,0.0
0,212200,JAMS,6619.0,250.0,0.0,0.0,0.0,0.0,6621,250,0.0,0.0,0.0,0.0,6620.0,0.0
0,212300,JAMS,6619.0,189.0,0.0,0.0,0.0,0.0,6621,189,0.0,0.0,0.0,0.0,6620.0,0.0
0,212400,JAMS,6619.0,234.0,0.0,0.0,0.0,0.0,6621,234,0.0,0.0,0.0,0.0,6620.0,0.0
0,212500,JAMS,6619.0,216.0,0.0,0.0,0.0,0.0,6621,216,0.0,0.0,0.0,0.0,6620.0,0.0
0,212600,JAMS,6619.0,205.0,0.0,0.0,0.0,0.0,6621,205,0.0,0.0,0.0,0.0,6620.0,0.0
0,212700,JAMS,6619.0,75.0,6618.0,121.0,0.0,0.0,6620,75,6621.0,121.0,0.0,0.0,6619.5,0.0
0,212800,JAMS,6619.0,98.0,6618.0,190.0,0.0,0.0,6620,98,6621.0,190.0,0.0,0.0,6619.5,0.0
0,212900,JAMS,6619.0,77.0,6618.0,106.0,0.0,0.0,6620,77,6621.0,106.0,0.0,0.0,6619.5,0.0
0,213000,JAMS,6619.0,60.0,6618.0,103.0,0.0,0.0,6620,60,6621.0,103.0,0.0,0.0,6619.5,0.0
0,213100,JAMS,6618.0,187.0,0.0,0.0,0.0,0.0,6620,187,0.0,0.0,0.0,0.0,6619.0,0.0
0,213200,JAMS,6618.0,288.0,0.0,0.0,0.0,0.0,6620,288,0.0,0.0,0.0,0.0,6619.0,0.0
0,213300,JAMS,6618.0,232.0,0.0,0.0,0.0,0.0,6620,232,0.0,0.0,0.0,0.0,6619.0,0.0
0,213400,JAMS,6618.0,233.0,0.0,0.0,0.0,0.0,6620,233,0.0,0.0,0.0,0.0,6619.0,0.0
0,213500,JAMS,6618.0,265.0,0.0,0.0,0.0,0.0,6620,265,0.0,0.0,0.0,0.0,6619.0,0.0
0,213600,JAMS,6618.0,188.0,0.0,0.0,0.0,0.0,6620,188,0.0,0.0,0.0,0.0,6619.0,0.0
0,213700,JAMS,6618.0,237.0,0.0,0.0,0.0,0.0,6620,237,0.0,0.0,0.0,0.0,6619.0,0.0
0,213800,JAMS,6618.0,284.0,0.0,0.0,0.0,0.0,6620,284,0.0,0.0,0.0,0.0,6619.0,0.0
0,213900,JAMS,6618.0,185.0,0.0,0.0,0.0,0.0,6620,185,0.0,0.0,0.0,0.0,6619.0,0.0
0,214000,JAMS,6618.0,232.0,0.0,0.0,0.0,0.0,6620,232,0.0,0.0,0.0,0.0,6619.0,0.0
0,214100,JAMS,6618.0,259.0,0.0,0.0,0.0,0.0,6620,259,0.0,0.0,0.0,0.0,6619.0,0.0
0,214200,JAMS,6618.0,93.0,6617.0,125.0,0.0,0.0,6619,93,6620.0,125.0,0.0,0.0,6618.5,0.0
0,214300,JAMS,6618.0,250.0,0.0,0.0,0.0,0.0,6620,250,0.0,0.0,0.0,0.0,6619.0,0.0
0,214400,JAMS,6618.0,244.0,0.0,0.0,0.0,0.0,6620,244,0.0,0.0,0.0,0.0,6619.0,0.0
0,214500,JAMS,6618.0,196.0,0.0,0.0,0.0,0.0,6620,196,0.0,0.0,0.0,0.0,6619.0,0.0
0,214600,JAMS,6618.0,221.0,0.0,0.0,0.0,0.0,6620,221,0.0,0.0,0.0,0.0,6619.0,0.0
0,214700,JAMS,6618.0,227.0,0.0,0.0,0.0,0.0,6620,227,0.0,0.0,0.0,0.0,6619.0,0.0
0,214800,JAMS,6618.0,204.0,0.0,0.0,0.0,0.0,6620,204,0.0,0.0,0.0,0.0,6619.0,0.0
0,214900,JAMS,6618.0,234.0,0.0,0.0,0.0,0.0,6620,234,0.0,0.0,0.0,0.0,6619.0,0.0
0,215000,JAMS,6619.0,80.0,6618.0,157.0,0.0,0.0,6620,80,6621.0,157.0,0.0,0.0,6619.5,0.0
0,215100,JAMS,6618.0,248.0,0.0,0.0,0.0,0.0,6620,248,0.0,0.0,0.0,0.0,6619.0,0.0
0,215200,JAMS,6618.0,177.0,0.0,0.0,0.0,0.0,6620,177,0.0,0.0,0.0,0.0,6619.0,0.0
0,215300,JAMS,6618.0,243.0,0.0,0.0,0.0,0.0,6620,243,0.0,0.0,0.0,0.0,6619.0,0.0
0,215400,JAMS,6618.0,218.0,0.0,0.0,0.0,0.0,6620,218,0.0,0.0,0.0,0.0,6619.0,0.0
0,215500,JAMS,6619.0,91.0,6618.0,145.0,0.0,0.0,6620,91,6621.0,145.0,0.0,0.0,6619.5,0.0
0,215600,JAMS,6619.0,69.0,6618.0,173.0,0.0,0.0,6620,69,6621.0,173.0,0.0,0.0,6619.5,0.0
0,215700,JAMS,6619.0,191.0,0.0,0.0,0.0,0.0,6621,191,0.0,0.0,0.0,0.0,6620.0,0.0
0,215800,JAMS,6619.0,231.0,0.0,0.0,0.0,0.0,6621,231,0.0,0.0,0.0,0.0,6620.0,0.0
0,215900,JAMS,6619.0,263.0,0.0,0.0,0.0,0.0,6621,263,0.0,0.0,0.0,0.0,6620.0,0.0
0,216000,JAMS,6619.0,230.0,0.0,0.0,0.0,0.0,6621,230,0.0,0.0,0.0,0.0,6620.0,0.0
0,216100,JAMS,6619.0,238.0,0.0,0.0,0.0,0.0,6621,238,0.0,0.0,0.0,0.0,6620.0,0.0
0,216200,JAMS,6619.0,264.0,0.0,0.0,0.0,0.0,6621,264,0.0,0.0,0.0,0.0,6620.0,0.0
0,216300,JAMS,6619.0,60.0,6618.0,116.0,0.0,0.0,6620,60,6621.0,116.0,0.0,0.0,6619.5,0.0
0,216400,JAMS,6619.0,246.0,0.0,0.0,0.0,0.0,6621,246,0.0,0.0,0.0,0.0,6620.0,0.0
0,216500,JAMS,6619.0,184.0,0.0,0.0,0.0,0.0,6621,192,0.0,0.0,0.0,0.0,6620.0,0.0
0,216600,JAMS,6619.0,201.0,0.0,0.0,0.0,0.0,6621,201,0.0,0.0,0.0,0.0,6620.0,0.0
0,216700,JAMS,6619.0,187.0,0.0,0.0,0.0,0.0,6621,187,0.0,0.0,0.0,0.0,6620.0,0.0
0,216800,JAMS,6619.0,241.0,0.0,0.0,0.0,0.0,6620,79,6621.0,162.0,0.0,0.0,6619.5,0.0
0,216900,JAMS,6619.0,284.0,0.0,0.0,0.0,0.0,6621,284,0.0,0.0,0.0,0.0,6620.0,0.0
0,217000,JAMS,6619.0,253.0,0.0,0.0,0.0,0.0,6620,57,6621.0,196.0,0.0,0.0,6619.5,0.0
0,217100,JAMS,6619.0,62.0,6618.0,167.0,0.0,0.0,6620,74,6621.0,167.0,0.0,0.0,6619.5,0.0
0,217200,JAMS,6619.0,82.0,6618.0,139.0,0.0,0.0,6620,82,6621.0,139.0,0.0,0.0,6619.5,0.0
0,217300,JAMS,6619.0,77.0,6618.0,198.0,0.0,0.0,6620,77,6621.0,198.0,0.0,0.0,6619.5,0.0
0,217400,JAMS,6619.0,69.0,6618.0,128.0,0.0,0.0,6620,69,6621.0,128.0,0.0,0.0,6619.5,0.0
0,217500,JAMS,6619.0,225.0,0.0,0.0,0.0,0.0,6621,225,0.0,0.0,0.0,0.0,6620.0,0.0
0,217600,JAMS,6619.0,208.0,0.0,0.0,0.0,0.0,6621,208,0.0,0.0,0.0,0.0,6620.0,0.0
0,217700,JAMS,6619.0,254.0,0.0,0.0,0.0,0.0,6621,248,0.0,0.0,0.0,0.0,6620.0,0.0
0,217800,JAMS,6619.0,248.0,0.0,0.0,0.0,0.0,6621,248,0.0,0.0,0.0,0.0,6620.0,0.0
0,217900,JAMS,6620.0,96.0,6619.0,141.0,0.0,0.0,6621,96,6622.0,141.0,0.0,0.0,6620.5,0.0
0,218000,JAMS,6620.0,247.0,0.0,0.0,0.0,0.0,6621,63,6622.0,184.0,0.0,0.0,6620.5,0.0
0,218100,JAMS,6620.0,246.0,0.0,0.0,0.0,0.0,6622,246,0.0,0.0,0.0,0.0,6621.0,0.0
0,218200,JAMS,6620.0,257.0,0.0,0.0,0.0,0.0,6622,257,0.0,0.0,0.0,0.0,6621.0,0.0
0,218300,JAMS,6620.0,277.0,0.0,0.0,0.0,0.0,6622,277,0.0,0.0,0.0,0.0,6621.0,0.0
0,218400,JAMS,6621.0,69.0,6620.0,163.0,0.0,0.0,6622,61,6623.0,163.0,0.0,0.0,6621.5,0.0
0,218500,JAMS,6620.0,218.0,0.0,0.0,0.0,0.0,6622,218,0.0,0.0,0.0,0.0,6621.0,0.0
0,218600,JAMS,6620.0,253.0,0.0,0.0,0.0,0.0,6622,253,0.0,0.0,0.0,0.0,6621.0,0.0
0,218700,JAMS,6621.0,51.0,6620.0,101.0,0.0,0.0,6622,51,6623.0,101.0,0.0,0.0,6621.5,0.0
0,218800,JAMS,6621.0,88.0,6620.0,122.0,0.0,0.0,6622,88,6623.0,122.0,0.0,0.0,6621.5,0.0
0,218900,JAMS,6621.0,76.0,6620.0,185.0,0.0,0.0,6622,87,6623.0,185.0,0.0,0.0,6621.5,0.0
0,219000,JAMS,6621.0,251.0,0.0,0.0,0.0,0.0,6623,251,0.0,0.0,0.0,0.0,6622.0,0.0
0,219100,JAMS,6621.0,205.0,0.0,0.0,0.0,0.0,6623,205,0.0,0.0,0.0,0.0,6622.0,0.0
0,219200,JAMS,6621.0,90.0,6620.0,178.0,0.0,0.0,6622,90,6623.0,178.0,0.0,0.0,6621.5,0.0
0,219300,JAMS,6620.0,184.0,0.0,0.0,0.0,0.0,6622,184,0.0,0.0,0.0,0.0,6621.0,0.0
0,219400,JAMS,6620.0,173.0,0.0,0.0,0.0,0.0,6622,173,0.0,0.0,0.0,0.0,6621.0,0.0
0,219500,JAMS,6620.0,193.0,0.0,0.0,0.0,0.0,6622,193,0.0,0.0,0.0,0.0,6621.0,0.0
0,219600,JAMS,6620.0,71.0,6619.0,171.0,0.0,0.0,6621,71,6622.0,171.0,0.0,0.0,6620.5,0.0
0,219700,JAMS,6620.0,88.0,6619.0,142.0,0.0,0.0,6621,88,6622.0,142.0,0.0,0.0,6620.5,0.0
0,219800,JAMS,6619.0,261.0,0.0,0.0,0.0,0.0,6621,261,0.0,0.0,0.0,0.0,6620.0,0.0
0,219900,JAMS,6619.0,84.0,6618.0,158.0,0.0,0.0,6620,84,6621.0,158.0,0.0,0.0,6619.5,0.0
0,220000,JAMS,6619.0,187.0,0.0,0.0,0.0,0.0,6621,187,0.0,0.0,0.0,0.0,6620.0,0.0
0,220100,JAMS,6620.0,96.0,6619.0,167.0,0.0,0.0,6621,96,6622.0,167.0,0.0,0.0,6620.5,0.0
0,220200,JAMS,6620.0,265.0,0.0,0.0,0.0,0.0,6622,265,0.0,0.0,0.0,0.0,6621.0,0.0
0,220300,JAMS,6620.0,69.0,6619.0,194.0,0.0,0.0,6621,69,6622.0,194.0,0.0,0.0,6620.5,0.0
0,220400,JAMS,6619.0,244.0,0.0,0.0,0.0,0.0,6621,244,0.0,0.0,0.0,0.0,6620.0,0.0
0,220500,JAMS,6620.0,93.0,6619.0,144.0,0.0,0.0,6621,93,6622.0,144.0,0.0,0.0,6620.5,0.0
0,220600,JAMS,6620.0,89.0,6619.0,123.0,0.0,0.0,6621,89,6622.0,123.0,0.0,0.0,6620.5,0.0
0,220700,JAMS,6619.0,238.0,0.0,0.0,0.0,0.0,6621,238,0.0,0.0,0.0,0.0,6620.0,0.0
0,220800,JAMS,6619.0,245.0,0.0,0.0,0.0,0.0,6621,245,0.0,0.0,0.0,0.0,6620.0,0.0
0,220900,JAMS,6620.0,50.0,6619.0,185.0,0.0,0.0,6621,56,6622.0,185.0,0.0,0.0,6620.5,0.0
0,221000,JAMS,6620.0,95.0,6619.0,184.0,0.0,0.0,6621,95,6622.0,184.0,0.0,0.0,6620.5,0.0
0,221100,JAMS,6620.0,99.0,6619.0,110.0,0.0,0.0,6621,99,6622.0,110.0,0.0,0.0,6620.5,0.0
0,221200,JAMS,6619.0,196.0,0.0,0.0,0.0,0.0,6621,196,0.0,0.0,0.0,0.0,6620.0,0.0
0,221300,JAMS,6620.0,67.0,6619.0,185.0,0.0,0.0,6621,67,6622.0,185.0,0.0,0.0,6620.5,0.0
0,221400,JAMS,6619.0,202.0,0.0,0.0,0.0,0.0,6621,193,0.0,0.0,0.0,0.0,6620.0,0.0
0,221500,JAMS,6619.0,186.0,0.0,0.0,0.0,0.0,6621,186,0.0,0.0,0.0,0.0,6620.0,0.0
0,221600,JAMS,6619.0,202.0,0.0,0.0,0.0,0.0,6620,6,6621.0,202.0,0.0,0.0,6619.5,0.0
0,221700,JAMS,6619.0,173.0,0.0,0.0,0.0,0.0,6621,173,0.0,0.0,0.0,0.0,6620.0,0.0
0,221800,JAMS,6619.0,217.0,0.0,0.0,0.0,0.0,6621,217,0.0,0.0,0.0,0.0,6620.0,0.0
0,221900,JAMS,6619.0,217.0,0.0,0.0,0.0,0.0,6621,217,0.0,0.0,0.0,0.0,6620.0,0.0
0,222000,JAMS,6619.0,153.0,0.0,0.0,0.0,0.0,6621,153,0.0,0.0,0.0,0.0,6620.0,0.0
0,222100,JAMS,6619.0,203.0,0.0,0.0,0.0,0.0,6621,203,0.0,0.0,0.0,0.0,6620.0,0.0
0,222200,JAMS,6619.0,280.0,0.0,0.0,0.0,0.0,6621,280,0.0,0.0,0.0,0.0,6620.0,0.0
0,222300,JAMS,6619.0,222.0,0.0,0.0,0.0,0.0,6621,222,0.0,0.0,0.0,0.0,6620.0,0.0
0,222400,JAMS,6619.0,251.0,0.0,0.0,0.0,0.0,6621,251,0.0,0.0,0.0,0.0,6620.0,0.0
0,222500,JAMS,6619.0,227.0,0.0,0.0,0.0,0.0,6621,227,0.0,0.0,0.0,0.0,6620.0,0.0
0,222600,JAMS,6619.0,157.0,0.0,0.0,0.0,0.0,6621,157,0.0,0.0,0.0,0.0,6620.0,0.0
0,222700,JAMS,6619.0,203.0,0.0,0.0,0.0,0.0,6621,203,0.0,0.0,0.0,0.0,6620.0,0.0
0,222800,JAMS,6619.0,241.0,0.0,0.0,0.0,0.0,6621,241,0.0,0.0,0.0,0.0,6620.0,0.0
0,222900,JAMS,6619.0,81.0,6618.0,156.0,0.0,0.0,6620,81,6621.0,156.0,0.0,0.0,6619.5,0.0
0,223000,JAMS,6619.0,52.0,6618.0,169.0,0.0,0.0,6620,52,6621.0,169.0,0.0,0.0,6619.5,0.0
0,223100,JAMS,6619.0,78.0,6618.0,158.0,0.0,0.0,6620,78,6621.0,158.0,0.0,0.0,6619.5,0.0
0,223200,JAMS,6619.0,3.0,6618.0,180.0,0.0,0.0,6620,180,0.0,0.0,0.0,0.0,6619.5,0.0
0,223300,JAMS,6618.0,253.0,0.0,0.0,0.0,0.0,6619,12,6620.0,253.0,0.0,0.0,6618.5,0.0
0,223400,JAMS,6618.0,236.0,0.0,0.0,0.0,0.0,6620,236,0.0,0.0,0.0,0.0,6619.0,0.0
0,223500,JAMS,6618.0,245.0,0.0,0.0,0.0,0.0,6620,245,0.0,0.0,0.0,0.0,6619.0,0.0
0,223600,JAMS,6618.0,206.0,0.0,0.0,0.0,0.0,6620,206,0.0,0.0,0.0,0.0,6619.0,0.0
0,223700,JAMS,6618.0,176.0,0.0,0.0,0.0,0.0,6620,176,0.0,0.0,0.0,0.0,6619.0,0.0
0,223800,JAMS,6618.0,237.0,0.0,0.0,0.0,0.0,6620,237,0.0,0.0,0.0,0.0,6619.0,0.0
0,223900,JAMS,6618.0,271.0,0.0,0.0,0.0,0.0,6620,271,0.0,0.0,0.0,0.0,6619.0,0.0
0,224000,JAMS,6618.0,210.0,0.0,0.0,0.0,0.0,6619,6,6620.0,210.0,0.0,0.0,6618.5,0.0
0,224100,JAMS,6618.0,253.0,0.0,0.0,0.0,0.0,6620,253,0.0,0.0,0.0,0.0,6619.0,0.0
0,224200,JAMS,6618.0,256.0,0.0,0.0,0.0,0.0,6620,256,0.0,0.0,0.0,0.0,6619.0,0.0
0,224300,JAMS,6618.0,179.0,0.0,0.0,0.0,0.0,6620,185,0.0,0.0,0.0,0.0,6619.0,0.0
0,224400,JAMS,6618.0,227.0,0.0,0.0,0.0,0.0,6620,227,0.0,0.0,0.0,0.0,6619.0,0.0
0,224500,JAMS,6618.0,230.0,0.0,0.0,0.0,0.0,6620,230,0.0,0.0,0.0,0.0,6619.0,0.0
0,224600,JAMS,6618.0,276.0,0.0,0.0,0.0,0.0,6620,276,0.0,0.0,0.0,0.0,6619.0,0.0
0,224700,JAMS,6618.0,219.0,0.0,0.0,0.0,0.0,6620,219,0.0,0.0,0.0,0.0,6619.0,0.0
0,224800,JAMS,6618.0,236.0,0.0,0.0,0.0,0.0,6620,236,0.0,0.0,0.0,0.0,6619.0,0.0
0,224900,JAMS,6618.0,225.0,0.0,0.0,0.0,0.0,6620,225,0.0,0.0,0.0,0.0,6619.0,0.0
0,225000,JAMS,6618.0,256.0,0.0,0.0,0.0,0.0,6620,256,0.0,0.0,0.0,0.0,6619.0,0.0
0,225100,JAMS,6618.0,237.0,0.0,0.0,0.0,0.0,6620,237,0.0,0.0,0.0,0.0,6619.0,0.0
0,225200,JAMS,6618.0,174.0,0.0,0.0,0.0,0.0,6620,174,0.0,0.0,0.0,0.0,6619.0,0.0
0,225300,JAMS,6618.0,69.0,6617.0,121.0,0.0,0.0,6619,69,6620.0,121.0,0.0,0.0,6618.5,0.0
0,225400,JAMS,6618.0,174.0,0.0,0.0,0.0,0.0,6620,174,0.0,0.0,0.0,0.0,6619.0,0.0
0,225500,JAMS,6618.0,216.0,0.0,0.0,0.0,0.0,6620,216,0.0,0.0,0.0,0.0,6619.0,0.0
0,225600,JAMS,6618.0,198.0,0.0,0.0,0.0,0.0,6620,198,0.0,0.0,0.0,0.0,6619.0,0.0
0,225700,JAMS,6618.0,217.0,0.0,0.0,0.0,0.0,6620,217,0.0,0.0,0.0,0.0,6619.0,0.0
0,225800,JAMS,6620.0,66.0,6619.0,180.0,0.0,0.0,6621,66,6622.0,180.0,0.0,0.0,6620.5,0.0
0,225900,JAMS,6620.0,75.0,6619.0,131.0,0.0,0.0,6621,75,6622.0,131.0,0.0,0.0,6620.5,0.0
0,226000,JAMS,6620.0,104.0,6619.0,190.0,0.0,0.0,6621,100,6622.0,190.0,0.0,0.0,6620.5,0.0
0,226100,JAMS,6620.0,63.0,6619.0,182.0,0.0,0.0,6621,63,6622.0,182.0,0.0,0.0,6620.5,0.0
0,226200,JAMS,6619.0,227.0,0.0,0.0,0.0,0.0,6621,227,0.0,0.0,0.0,0.0,6620.0,0.0
0,226300,JAMS,6619.0,264.0,0.0,0.0,0.0,0.0,6621,264,0.0,0.0,0.0,0.0,6620.0,0.0
0,226400,JAMS,6619.0,224.0,0.0,0.0,0.0,0.0,6621,224,0.0,0.0,0.0,0.0,6620.0,0.0
0,226500,JAMS,6619.0,267.0,0.0,0.0,0.0,0.0,6621,267,0.0,0.0,0.0,0.0,6620.0,0.0
0,226600,JAMS,6620.0,82.0,6619.0,175.0,0.0,0.0,6621,82,6622.0,175.0,0.0,0.0,6620.5,0.0
0,226700,JAMS,6620.0,56.0,6619.0,166.0,0.0,0.0,6621,56,6622.0,166.0,0.0,0.0,6620.5,0.0
0,226800,JAMS,6620.0,62.0,6619.0,119.0,0.0,0.0,6621,62,6622.0,119.0,0.0,0.0,6620.5,0.0
0,226900,JAMS,6619.0,248.0,0.0,0.0,0.0,0.0,6621,248,0.0,0.0,0.0,0.0,6620.0,0.0
0,227000,JAMS,6620.0,55.0,6619.0,183.0,0.0,0.0,6621,55,6622.0,183.0,0.0,0.0,6620.5,0.0
0,227100,JAMS,6619.0,226.0,0.0,0.0,0.0,0.0,6621,226,0.0,0.0,0.0,0.0,6620.0,0.0
0,227200,JAMS,6619.0,190.0,0.0,0.0,0.0,0.0,6621,190,0.0,0.0,0.0,0.0,6620.0,0.0
0,227300,JAMS,6619.0,221.0,0.0,0.0,0.0,0.0,6621,215,0.0,0.0,0.0,0.0,6620.0,0.0
0,227400,JAMS,6619.0,260.0,0.0,0.0,0.0,0.0,6621,260,0.0,0.0,0.0,0.0,6620.0,0.0
0,227500,JAMS,6619.0,250.0,0.0,0.0,0.0,0.0,6621,250,0.0,0.0,0.0,0.0,6620.0,0.0
0,227600,JAMS,6619.0,219.0,0.0,0.0,0.0,0.0,6621,219,0.0,0.0,0.0,0.0,6620.0,0.0
0,227700,JAMS,6620.0,60.0,6619.0,197.0,0.0,0.0,6621,60,6622.0,197.0,0.0,0.0,6620.5,0.0
0,227800,JAMS,6620.0,73.0,6619.0,189.0,0.0,0.0,6621,67,6622.0,189.0,0.0,0.0,6620.5,0.0
0,227900,JAMS,6620.0,52.0,6619.0,151.0,0.0,0.0,6621,52,6622.0,151.0,0.0,0.0,6620.5,0.0
0,228000,JAMS,6620.0,195.0,0.0,0.0,0.0,0.0,6622,195,0.0,0.0,0.0,0.0,6621.0,0.0
0,228100,JAMS,6620.0,84.0,6619.0,142.0,0.0,0.0,6621,88,6622.0,142.0,0.0,0.0,6620.5,0.0
0,228200,JAMS,6620.0,55.0,6619.0,126.0,0.0,0.0,6621,55,6622.0,126.0,0.0,0.0,6620.5,0.0
0,228300,JAMS,6620.0,253.0,0.0,0.0,0.0,0.0,6622,253,0.0,0.0,0.0,0.0,6621.0,0.0
0,228400,JAMS,6620.0,232.0,0.0,0.0,0.0,0.0,6622,232,0.0,0.0,0.0,0.0,6621.0,0.0
0,228500,JAMS,6620.0,177.0,0.0,0.0,0.0,0.0,6622,177,0.0,0.0,0.0,0.0,6621.0,0.0
0,228600,JAMS,6621.0,57.0,6620.0,111.0,0.0,0.0,6622,57,6623.0,111.0,0.0,0.0,6621.5,0.0
0,228700,JAMS,6621.0,58.0,6620.0,106.0,0.0,0.0,6622,58,6623.0,106.0,0.0,0.0,6621.5,0.0
0,228800,JAMS,6621.0,159.0,0.0,0.0,0.0,0.0,6623,159,0.0,0.0,0.0,0.0,6622.0,0.0
0,228900,JAMS,6621.0,233.0,0.0,0.0,0.0,0.0,6623,233,0.0,0.0,0.0,0.0,6622.0,0.0
0,229000,JAMS,6621.0,222.0,0.0,0.0,0.0,0.0,6623,222,0.0,0.0,0.0,0.0,6622.0,0.0
0,229100,JAMS,6621.0,224.0,0.0,0.0,0.0,0.0,6623,224,0.0,0.0,0.0,0.0,6622.0,0.0
0,229200,JAMS,6621.0,202.0,0.0,0.0,0.0,0.0,6623,202,0.0,0.0,0.0,0.0,6622.0,0.0
0,229300,JAMS,6621.0,238.0,0.0,0.0,0.0,0.0,6623,238,0.0,0.0,0.0,0.0,6622.0,0.0
0,229400,JAMS,6621.0,261.0,0.0,0.0,0.0,0.0,6623,261,0.0,0.0,0.0,0.0,6622.0,0.0
0,229500,JAMS,6621.0,252.0,0.0,0.0,0.0,0.0,6623,252,0.0,0.0,0.0,0.0,6622.0,0.0
0,229600,JAMS,6621.0,282.0,0.0,0.0,0.0,0.0,6623,282,0.0,0.0,0.0,0.0,6622.0,0.0
0,229700,JAMS,6621.0,244.0,0.0,0.0,0.0,0.0,6623,244,0.0,0.0,0.0,0.0,6622.0,0.0
0,229800,JAMS,6621.0,209.0,0.0,0.0,0.0,0.0,6623,209,0.0,0.0,0.0,0.0,6622.0,0.0
0,229900,JAMS,6621.0,201.0,0.0,0.0,0.0,0.0,6623,201,0.0,0.0,0.0,0.0,6622.0,0.0
0,230000,JAMS,6621.0,200.0,0.0,0.0,0.0,0.0,6623,200,0.0,0.0,0.0,0.0,6622.0,0.0
0,230100,JAMS,6621.0,249.0,0.0,0.0,0.0,0.0,6623,249,0.0,0.0,0.0,0.0,6622.0,0.0
0,230200,JAMS,6621.0,173.0,0.0,0.0,0.0,0.0,6623,173,0.0,0.0,0.0,0.0,6622.0,0.0
0,230300,JAMS,6621.0,229.0,0.0,0.0,0.0,0.0,6623,229,0.0,0.0,0.0,0.0,6622.0,0.0
0,230400,JAMS,6621.0,167.0,0.0,0.0,0.0,0.0,6623,167,0.0,0.0,0.0,0.0,6622.0,0.0
0,230500,JAMS,6621.0,267.0,0.0,0.0,0.0,0.0,6623,267,0.0,0.0,0.0,0.0,6622.0,0.0
0,230600,JAMS,6621.0,204.0,0.0,0.0,0.0,0.0,6623,204,0.0,0.0,0.0,0.0,6622.0,0.0
0,230700,JAMS,6621.0,269.0,0.0,0.0,0.0,0.0,6623,269,0.0,0.0,0.0,0.0,6622.0,0.0
0,230800,JAMS,6621.0,256.0,0.0,0.0,0.0,0.0,6623,256,0.0,0.0,0.0,0.0,6622.0,0.0
0,230900,JAMS,6621.0,269.0,0.0,0.0,0.0,0.0,6622,10,6623.0,269.0,0.0,0.0,6621.5,0.0
0,231000,JAMS,6621.0,229.0,0.0,0.0,0.0,0.0,6623,229,0.0,0.0,0.0,0.0,6622.0,0.0
0,231100,JAMS,6621.0,192.0,0.0,0.0,0.0,0.0,6623,192,0.0,0.0,0.0,0.0,6622.0,0.0
0,231200,JAMS,6621.0,235.0,0.0,0.0,0.0,0.0,6623,235,0.0,0.0,0.0,0.0,6622.0,0.0
0,231300,JAMS,6621.0,262.0,0.0,0.0,0.0,0.0,6623,262,0.0,0.0,0.0,0.0,6622.0,0.0
0,231400,JAMS,6621.0,233.0,0.0,0.0,0.0,0.0,6623,233,0.0,0.0,0.0,0.0,6622.0,0.0
0,231500,JAMS,6621.0,201.0,0.0,0.0,0.0,0.0,6623,201,0.0,0.0,0.0,0.0,6622.0,0.0
0,231600,JAMS,6621.0,248.0,0.0,0.0,0.0,0.0,6623,248,0.0,0.0,0.0,0.0,6622.0,0.0
0,231700,JAMS,6621.0,184.0,0.0,0.0,0.0,0.0,6623,176,0.0,0.0,0.0,0.0,6622.0,0.0
0,231800,JAMS,6622.0,12.0,6621.0,195.0,0.0,0.0,6623,195,0.0,0.0,0.0,0.0,6622.5,0.0
0,231900,JAMS,6621.0,185.0,0.0,0.0,0.0,0.0,6623,185,0.0,0.0,0.0,0.0,6622.0,0.0
0,232000,JAMS,6622.0,4.0,6621.0,225.0,0.0,0.0,6623,225,0.0,0.0,0.0,0.0,6622.5,0.0
0,232100,JAMS,6621.0,256.0,0.0,0.0,0.0,0.0,6623,256,0.0,0.0,0.0,0.0,6622.0,0.0
0,232200,JAMS,6622.0,63.0,6621.0,185.0,0.0,0.0,6623,63,6624.0,185.0,0.0,0.0,6622.5,0.0
0,232300,JAMS,6622.0,230.0,0.0,0.0,0.0,0.0,6624,236,0.0,0.0,0.0,0.0,6623.0,0.0
0,232400,JAMS,6623.0,235.0,0.0,0.0,0.0,0.0,6625,235,0.0,0.0,0.0,0.0,6624.0,0.0
0,232500,JAMS,6625.0,73.0,6624.0,121.0,0.0,0.0,6626,194,0.0,0.0,0.0,0.0,6625.5,0.0
0,232600,JAMS,6624.0,193.0,0.0,0.0,0.0,0.0,6626,193,0.0,0.0,0.0,0.0,6625.0,0.0
0,232700,JAMS,6624.0,72.0,6623.0,133.0,0.0,0.0,6625,72,6626.0,133.0,0.0,0.0,6624.5,0.0
0,232800,JAMS,6624.0,85.0,6623.0,107.0,0.0,0.0,6625,85,6626.0,107.0,0.0,0.0,6624.5,0.0
0,232900,JAMS,6624.0,79.0,6623.0,112.0,0.0,0.0,6625,79,6626.0,112.0,0.0,0.0,6624.5,0.0
0,233000,JAMS,6623.0,209.0,0.0,0.0,0.0,0.0,6625,200,0.0,0.0,0.0,0.0,6624.0,0.0
0,233100,JAMS,6623.0,261.0,0.0,0.0,0.0,0.0,6625,261,0.0,0.0,0.0,0.0,6624.0,0.0
0,233200,JAMS,6623.0,167.0,0.0,0.0,0.0,0.0,6625,167,0.0,0.0,0.0,0.0,6624.0,0.0
0,233300,JAMS,6623.0,222.0,0.0,0.0,0.0,0.0,6625,222,0.0,0.0,0.0,0.0,6624.0,0.0
0,233400,JAMS,6623.0,203.0,0.0,0.0,0.0,0.0,6624,66,6625.0,137.0,0.0,0.0,6623.5,0.0
0,233500,JAMS,6624.0,10.0,6623.0,229.0,0.0,0.0,6625,229,0.0,0.0,0.0,0.0,6624.5,0.0
0,233600,JAMS,6624.0,66.0,6623.0,179.0,0.0,0.0,6625,66,6626.0,179.0,0.0,0.0,6624.5,0.0
0,233700,JAMS,6624.0,68.0,6623.0,156.0,0.0,0.0,6625,68,6626.0,156.0,0.0,0.0,6624.5,0.0
0,233800,JAMS,6624.0,88.0,6623.0,150.0,0.0,0.0,6625,88,6626.0,150.0,0.0,0.0,6624.5,0.0
0,233900,JAMS,6624.0,82.0,6623.0,132.0,0.0,0.0,6625,82,6626.0,132.0,0.0,0.0,6624.5,0.0
0,234000,JAMS,6624.0,68.0,6623.0,168.0,0.0,0.0,6625,68,6626.0,168.0,0.0,0.0,6624.5,0.0
0,234100,JAMS,6624.0,61.0,6623.0,133.0,0.0,0.0,6625,61,6626.0,133.0,0.0,0.0,6624.5,0.0
0,234200,JAMS,6624.0,100.0,6623.0,121.0,0.0,0.0,6625,100,6626.0,121.0,0.0,0.0,6624.5,0.0
0,234300,JAMS,6623.0,288.0,0.0,0.0,0.0,0.0,6625,288,0.0,0.0,0.0,0.0,6624.0,0.0
0,234400,JAMS,6623.0,272.0,0.0,0.0,0.0,0.0,6625,272,0.0,0.0,0.0,0.0,6624.0,0.0
0,234500,JAMS,6624.0,84.0,6623.0,142.0,0.0,0.0,6625,84,6626.0,142.0,0.0,0.0,6624.5,0.0
0,234600,JAMS,6624.0,69.0,6623.0,181.0,0.0,0.0,6625,69,6626.0,181.0,0.0,0.0,6624.5,0.0
0,234700,JAMS,6623.0,256.0,0.0,0.0,0.0,0.0,6625,256,0.0,0.0,0.0,0.0,6624.0,0.0
0,234800,JAMS,6623.0,238.0,0.0,0.0,0.0,0.0,6625,238,0.0,0.0,0.0,0.0,6624.0,0.0
0,234900,JAMS,6623.0,194.0,0.0,0.0,0.0,0.0,6625,194,0.0,0.0,0.0,0.0,6624.0,0.0
0,235000,JAMS,6624.0,80.0,6623.0,153.0,0.0,0.0,6625,80,6626.0,153.0,0.0,0.0,6624.5,0.0
0,235100,JAMS,6624.0,81.0,6623.0,146.0,0.0,0.0,6625,81,6626.0,146.0,0.0,0.0,6624.5,0.0
0,235200,JAMS,6624.0,245.0,0.0,0.0,0.0,0.0,6626,245,0.0,0.0,0.0,0.0,6625.0,0.0
0,235300,JAMS,6624.0,96.0,6623.0,172.0,0.0,0.0,6625,96,6626.0,172.0,0.0,0.0,6624.5,0.0
0,235400,JAMS,6624.0,53.0,6623.0,189.0,0.0,0.0,6625,53,6626.0,189.0,0.0,0.0,6624.5,0.0
0,235500,JAMS,6624.0,85.0,6623.0,127.0,0.0,0.0,6625,82,6626.0,127.0,0.0,0.0,6624.5,0.0
0,235600,JAMS,6624.0,62.0,6623.0,108.0,0.0,0.0,6625,62,6626.0,108.0,0.0,0.0,6624.5,0.0
0,235700,JAMS,6624.0,78.0,6623.0,134.0,0.0,0.0,6625,78,6626.0,134.0,0.0,0.0,6624.5,0.0
0,235800,JAMS,6623.0,263.0,0.0,0.0,0.0,0.0,6625,263,0.0,0.0,0.0,0.0,6624.0,0.0
0,235900,JAMS,6623.0,251.0,0.0,0.0,0.0,0.0,6625,251,0.0,0.0,0.0,0.0,6624.0,0.0
0,236000,JAMS,6624.0,69.0,6623.0,184.0,0.0,0.0,6625,69,6626.0,184.0,0.0,0.0,6624.5,0.0
0,236100,JAMS,6623.0,213.0,0.0,0.0,0.0,0.0,6625,213,0.0,0.0,0.0,0.0,6624.0,0.0
0,236200,JAMS,6623.0,186.0,0.0,0.0,0.0,0.0,6625,186,0.0,0.0,0.0,0.0,6624.0,0.0
0,236300,JAMS,6623.0,173.0,0.0,0.0,0.0,0.0,6625,173,0.0,0.0,0.0,0.0,6624.0,0.0
0,236400,JAMS,6623.0,74.0,6622.0,134.0,0.0,0.0,6624,74,6625.0,134.0,0.0,0.0,6623.5,0.0
0,236500,JAMS,6622.0,73.0,6621.0,200.0,0.0,0.0,6623,73,6624.0,200.0,0.0,0.0,6622.5,0.0
0,236600,JAMS,6622.0,173.0,0.0,0.0,0.0,0.0,6624,173,0.0,0.0,0.0,0.0,6623.0,0.0
0,236700,JAMS,6621.0,273.0,0.0,0.0,0.0,0.0,6623,273,0.0,0.0,0.0,0.0,6622.0,0.0
0,236800,JAMS,6622.0,185.0,0.0,0.0,0.0,0.0,6623,62,6624.0,123.0,0.0,0.0,6622.5,0.0
0,236900,JAMS,6622.0,66.0,6621.0,148.0,0.0,0.0,6623,66,6624.0,148.0,0.0,0.0,6622.5,0.0
0,237000,JAMS,6621.0,263.0,0.0,0.0,0.0,0.0,6623,263,0.0,0.0,0.0,0.0,6622.0,0.0
0,237100,JAMS,6621.0,258.0,0.0,0.0,0.0,0.0,6623,258,0.0,0.0,0.0,0.0,6622.0,0.0
0,237200,JAMS,6621.0,222.0,0.0,0.0,0.0,0.0,6623,222,0.0,0.0,0.0,0.0,6622.0,0.0
0,237300,JAMS,6621.0,215.0,0.0,0.0,0.0,0.0,6623,215,0.0,0.0,0.0,0.0,6622.0,0.0
0,237400,JAMS,6621.0,275.0,0.0,0.0,0.0,0.0,6623,275,0.0,0.0,0.0,0.0,6622.0,0.0
0,237500,JAMS,6621.0,271.0,0.0,0.0,0.0,0.0,6623,271,0.0,0.0,0.0,0.0,6622.0,0.0
0,237600,JAMS,6621.0,200.0,0.0,0.0,0.0,0.0,6623,200,0.0,0.0,0.0,0.0,6622.0,0.0
0,237700,JAMS,6621.0,205.0,0.0,0.0,0.0,0.0,6623,205,0.0,0.0,0.0,0.0,6622.0,0.0
0,237800,JAMS,6621.0,233.0,0.0,0.0,0.0,0.0,6623,233,0.0,0.0,0.0,0.0,6622.0,0.0
0,237900,JAMS,6621.0,245.0,0.0,0.0,0.0,0.0,6623,245,0.0,0.0,0.0,0.0,6622.0,0.0
0,238000,JAMS,6621.0,86.0,6620.0,163.0,0.0,0.0,6622,86,6623.0,163.0,0.0,0.0,6621.5,0.0
0,238100,JAMS,6621.0,58.0,6620.0,188.0,0.0,0.0,6622,58,6623.0,188.0,0.0,0.0,6621.5,0.0
0,238200,JAMS,6620.0,202.0,0.0,0.0,0.0,0.0,6622,202,0.0,0.0,0.0,0.0,6621.0,0.0
0,238300,JAMS,6620.0,174.0,0.0,0.0,0.0,0.0,6622,174,0.0,0.0,0.0,0.0,6621.0,0.0
0,238400,JAMS,6622.0,96.0,6621.0,195.0,0.0,0.0,6623,96,6624.0,195.0,0.0,0.0,6622.5,0.0
0,238500,JAMS,6622.0,52.0,6621.0,142.0,0.0,0.0,6623,52,6624.0,142.0,0.0,0.0,6622.5,0.0
0,238600,JAMS,6621.0,259.0,0.0,0.0,0.0,0.0,6623,259,0.0,0.0,0.0,0.0,6622.0,0.0
0,238700,JAMS,6621.0,168.0,0.0,0.0,0.0,0.0,6623,168,0.0,0.0,0.0,0.0,6622.0,0.0
0,238800,JAMS,6621.0,45.0,6620.0,155.0,0.0,0.0,6622,57,6623.0,155.0,0.0,0.0,6621.5,0.0
0,238900,JAMS,6621.0,75.0,6620.0,110.0,0.0,0.0,6622,75,6623.0,110.0,0.0,0.0,6621.5,0.0
0,239000,JAMS,6621.0,84.0,6620.0,166.0,0.0,0.0,6622,84,6623.0,166.0,0.0,0.0,6621.5,0.0
0,239100,JAMS,6621.0,80.0,6620.0,138.0,0.0,0.0,6622,84,6623.0,138.0,0.0,0.0,6621.5,0.0
0,239200,JAMS,6622.0,210.0,0.0,0.0,0.0,0.0,6624,210,0.0,0.0,0.0,0.0,6623.0,0.0
0,239300,JAMS,6622.0,248.0,0.0,0.0,0.0,0.0,6624,248,0.0,0.0,0.0,0.0,6623.0,0.0
0,239400,JAMS,6622.0,238.0,0.0,0.0,0.0,0.0,6624,238,0.0,0.0,0.0,0.0,6623.0,0.0
0,239500,JAMS,6622.0,228.0,0.0,0.0,0.0,0.0,6624,228,0.0,0.0,0.0,0.0,6623.0,0.0
0,239600,JAMS,6623.0,62.0,6622.0,170.0,0.0,0.0,6624,62,6625.0,170.0,0.0,0.0,6623.5,0.0
0,239700,JAMS,6623.0,212.0,0.0,0.0,0.0,0.0,6625,212,0.0,0.0,0.0,0.0,6624.0,0.0
0,239800,JAMS,6623.0,260.0,0.0,0.0,0.0,0.0,6625,260,0.0,0.0,0.0,0.0,6624.0,0.0
0,239900,JAMS,6623.0,62.0,6622.0,193.0,0.0,0.0,6624,62,6625.0,193.0,0.0,0.0,6623.5,0.0
0,240000,JAMS,6623.0,88.0,6622.0,164.0,0.0,0.0,6624,88,6625.0,164.0,0.0,0.0,6623.5,0.0
0,240100,JAMS,6623.0,214.0,0.0,0.0,0.0,0.0,6625,214,0.0,0.0,0.0,0.0,6624.0,0.0
0,240200,JAMS,6623.0,65.0,6622.0,154.0,0.0,0.0,6624,65,6625.0,154.0,0.0,0.0,6623.5,0.0
0,240300,JAMS,6623.0,268.0,0.0,0.0,0.0,0.0,6625,277,0.0,0.0,0.0,0.0,6624.0,0.0
0,240400,JAMS,6623.0,256.0,0.0,0.0,0.0,0.0,6625,256,0.0,0.0,0.0,0.0,6624.0,0.0
0,240500,JAMS,6623.0,226.0,0.0,0.0,0.0,0.0,6625,226,0.0,0.0,0.0,0.0,6624.0,0.0
0,240600,JAMS,6624.0,78.0,6623.0,179.0,0.0,0.0,6625,81,6626.0,179.0,0.0,0.0,6624.5,0.0
0,240700,JAMS,6624.0,92.0,6623.0,199.0,0.0,0.0,6625,97,6626.0,199.0,0.0,0.0,6624.5,0.0
0,240800,JAMS,6624.0,226.0,0.0,0.0,0.0,0.0,6626,226,0.0,0.0,0.0,0.0,6625.0,0.0
0,240900,JAMS,6623.0,222.0,0.0,0.0,0.0,0.0,6624,11,6625.0,222.0,0.0,0.0,6623.5,0.0
0,241000,JAMS,6623.0,223.0,0.0,0.0,0.0,0.0,6625,223,0.0,0.0,0.0,0.0,6624.0,0.0
0,241100,JAMS,6623.0,194.0,0.0,0.0,0.0,0.0,6625,194,0.0,0.0,0.0,0.0,6624.0,0.0
0,241200,JAMS,6623.0,243.0,0.0,0.0,0.0,0.0,6625,243,0.0,0.0,0.0,0.0,6624.0,0.0
0,241300,JAMS,6623.0,87.0,6622.0,148.0,0.0,0.0,6624,87,6625.0,148.0,0.0,0.0,6623.5,0.0
0,241400,JAMS,6623.0,71.0,6622.0,185.0,0.0,0.0,6624,65,6625.0,185.0,0.0,0.0,6623.5,0.0
0,241500,JAMS,6624.0,83.0,6623.0,179.0,0.0,0.0,6625,83,6626.0,179.0,0.0,0.0,6624.5,0.0
0,241600,JAMS,6623.0,242.0,0.0,0.0,0.0,0.0,6625,242,0.0,0.0,0.0,0.0,6624.0,0.0
0,241700,JAMS,6624.0,84.0,6623.0,114.0,0.0,0.0,6625,84,6626.0,114.0,0.0,0.0,6624.5,0.0
0,241800,JAMS,6623.0,253.0,0.0,0.0,0.0,0.0,6625,253,0.0,0.0,0.0,0.0,6624.0,0.0
0,241900,JAMS,6623.0,176.0,0.0,0.0,0.0,0.0,6625,176,0.0,0.0,0.0,0.0,6624.0,0.0
0,242000,JAMS,6624.0,77.0,6623.0,154.0,0.0,0.0,6625,77,6626.0,154.0,0.0,0.0,6624.5,0.0
0,242100,JAMS,6624.0,184.0,0.0,0.0,0.0,0.0,6626,184,0.0,0.0,0.0,0.0,6625.0,0.0
0,242200,JAMS,6624.0,70.0,6623.0,116.0,0.0,0.0,6625,74,6626.0,116.0,0.0,0.0,6624.5,0.0
0,242300,JAMS,6624.0,55.0,6623.0,118.0,0.0,0.0,6625,55,6626.0,118.0,0.0,0.0,6624.5,0.0
0,242400,JAMS,6623.0,222.0,0.0,0.0,0.0,0.0,6625,222,0.0,0.0,0.0,0.0,6624.0,0.0
0,242500,JAMS,6623.0,236.0,0.0,0.0,0.0,0.0,6625,236,0.0,0.0,0.0,0.0,6624.0,0.0
0,242600,JAMS,6624.0,58.0,6623.0,194.0,0.0,0.0,6625,58,6626.0,194.0,0.0,0.0,6624.5,0.0
0,242700,JAMS,6623.0,190.0,0.0,0.0,0.0,0.0,6625,190,0.0,0.0,0.0,0.0,6624.0,0.0
0,242800,JAMS,6623.0,220.0,0.0,0.0,0.0,0.0,6625,220,0.0,0.0,0.0,0.0,6624.0,0.0
0,242900,JAMS,6624.0,76.0,6623.0,159.0,0.0,0.0,6625,76,6626.0,159.0,0.0,0.0,6624.5,0.0
0,243000,JAMS,6624.0,78.0,6623.0,165.0,0.0,0.0,6625,78,6626.0,165.0,0.0,0.0,6624.5,0.0
0,243100,JAMS,6624.0,265.0,0.0,0.0,0.0,0.0,6626,265,0.0,0.0,0.0,0.0,6625.0,0.0
0,243200,JAMS,6624.0,186.0,0.0,0.0,0.0,0.0,6626,186,0.0,0.0,0.0,0.0,6625.0,0.0
0,243300,JAMS,6624.0,224.0,0.0,0.0,0.0,0.0,6626,224,0.0,0.0,0.0,0.0,6625.0,0.0
0,243400,JAMS,6624.0,207.0,0.0,0.0,0.0,0.0,6626,207,0.0,0.0,0.0,0.0,6625.0,0.0
0,243500,JAMS,6624.0,81.0,6623.0,173.0,0.0,0.0,6625,81,6626.0,173.0,0.0,0.0,6624.5,0.0
0,243600,JAMS,6623.0,231.0,0.0,0.0,0.0,0.0,6625,231,0.0,0.0,0.0,0.0,6624.0,0.0
0,243700,JAMS,6623.0,242.0,0.0,0.0,0.0,0.0,6625,242,0.0,0.0,0.0,0.0,6624.0,0.0
0,243800,JAMS,6623.0,246.0,0.0,0.0,0.0,0.0,6625,246,0.0,0.0,0.0,0.0,6624.0,0.0
0,243900,JAMS,6623.0,203.0,0.0,0.0,0.0,0.0,6625,203,0.0,0.0,0.0,0.0,6624.0,0.0
0,244000,JAMS,6623.0,170.0,0.0,0.0,0.0,0.0,6625,170,0.0,0.0,0.0,0.0,6624.0,0.0
0,244100,JAMS,6623.0,181.0,0.0,0.0,0.0,0.0,6625,181,0.0,0.0,0.0,0.0,6624.0,0.0
0,244200,JAMS,6623.0,275.0,0.0,0.0,0.0,0.0,6625,275,0.0,0.0,0.0,0.0,6624.0,0.0
0,244300,JAMS,6623.0,251.0,0.0,0.0,0.0,0.0,6625,251,0.0,0.0,0.0,0.0,6624.0,0.0
0,244400,JAMS,6623.0,219.0,0.0,0.0,0.0,0.0,6625,219,0.0,0.0,0.0,0.0,6624.0,0.0
0,244500,JAMS,6623.0,232.0,0.0,0.0,0.0,0.0,6625,232,0.0,0.0,0.0,0.0,6624.0,0.0
0,244600,JAMS,6623.0,250.0,0.0,0.0,0.0,0.0,6625,250,0.0,0.0,0.0,0.0,6624.0,0.0
0,244700,JAMS,6623.0,176.0,0.0,0.0,0.0,0.0,6625,167,0.0,0.0,0.0,0.0,6624.0,0.0
0,244800,JAMS,6623.0,57.0,6622.0,178.0,0.0,0.0,6624,57,6625.0,178.0,0.0,0.0,6623.5,0.0
0,244900,JAMS,6622.0,99.0,6621.0,153.0,0.0,0.0,6623,99,6624.0,153.0,0.0,0.0,6622.5,0.0
0,245000,JAMS,6622.0,186.0,0.0,0.0,0.0,0.0,6624,186,0.0,0.0,0.0,0.0,6623.0,0.0
0,245100,JAMS,6622.0,187.0,0.0,0.0,0.0,0.0,6624,187,0.0,0.0,0.0,0.0,6623.0,0.0
0,245200,JAMS,6622.0,270.0,0.0,0.0,0.0,0.0,6624,270,0.0,0.0,0.0,0.0,6623.0,0.0
0,245300,JAMS,6622.0,205.0,0.0,0.0,0.0,0.0,6624,205,0.0,0.0,0.0,0.0,6623.0,0.0
0,245400,JAMS,6622.0,67.0,6621.0,200.0,0.0,0.0,6623,67,6624.0,200.0,0.0,0.0,6622.5,0.0
0,245500,JAMS,6622.0,212.0,0.0,0.0,0.0,0.0,6624,212,0.0,0.0,0.0,0.0,6623.0,0.0
0,245600,JAMS,6622.0,221.0,0.0,0.0,0.0,0.0,6623,5,6624.0,221.0,0.0,0.0,6622.5,0.0
0,245700,JAMS,6622.0,191.0,0.0,0.0,0.0,0.0,6624,191,0.0,0.0,0.0,0.0,6623.0,0.0
0,245800,JAMS,6622.0,180.0,0.0,0.0,0.0,0.0,6624,180,0.0,0.0,0.0,0.0,6623.0,0.0
0,245900,JAMS,6622.0,97.0,6621.0,157.0,0.0,0.0,6623,97,6624.0,157.0,0.0,0.0,6622.5,0.0
0,246000,JAMS,6622.0,77.0,6621.0,193.0,0.0,0.0,6623,77,6624.0,193.0,0.0,0.0,6622.5,0.0
0,246100,JAMS,6621.0,234.0,0.0,0.0,0.0,0.0,6623,234,0.0,0.0,0.0,0.0,6622.0,0.0
0,246200,JAMS,6621.0,221.0,0.0,0.0,0.0,0.0,6623,221,0.0,0.0,0.0,0.0,6622.0,0.0
0,246300,JAMS,6621.0,153.0,0.0,0.0,0.0,0.0,6623,153,0.0,0.0,0.0,0.0,6622.0,0.0
0,246400,JAMS,6621.0,185.0,0.0,0.0,0.0,0.0,6623,185,0.0,0.0,0.0,0.0,6622.0,0.0
0,246500,JAMS,6622.0,51.0,6621.0,130.0,0.0,0.0,6623,51,6624.0,130.0,0.0,0.0,6622.5,0.0
0,246600,JAMS,6622.0,58.0,6621.0,168.0,0.0,0.0,6623,58,6624.0,168.0,0.0,0.0,6622.5,0.0
0,246700,JAMS,6622.0,188.0,0.0,0.0,0.0,0.0,6624,188,0.0,0.0,0.0,0.0,6623.0,0.0
0,246800,JAMS,6622.0,168.0,0.0,0.0,0.0,0.0,6624,168,0.0,0.0,0.0,0.0,6623.0,0.0
0,246900,JAMS,6622.0,226.0,0.0,0.0,0.0,0.0,6624,226,0.0,0.0,0.0,0.0,6623.0,0.0
0,247000,JAMS,6622.0,56.0,6621.0,135.0,0.0,0.0,6623,56,6624.0,135.0,0.0,0.0,6622.5,0.0
0,247100,JAMS,6621.0,266.0,0.0,0.0,0.0,0.0,6623,266,0.0,0.0,0.0,0.0,6622.0,0.0
0,247200,JAMS,6621.0,242.0,0.0,0.0,0.0,0.0,6622,51,6623.0,191.0,0.0,0.0,6621.5,0.0
0,247300,JAMS,6620.0,242.0,0.0,0.0,0.0,0.0,6622,235,0.0,0.0,0.0,0.0,6621.0,0.0
0,247400,JAMS,6621.0,98.0,6620.0,103.0,0.0,0.0,6622,98,6623.0,103.0,0.0,0.0,6621.5,0.0
0,247500,JAMS,6620.0,249.0,0.0,0.0,0.0,0.0,6622,249,0.0,0.0,0.0,0.0,6621.0,0.0
0,247600,JAMS,6620.0,187.0,0.0,0.0,0.0,0.0,6622,187,0.0,0.0,0.0,0.0,6621.0,0.0
0,247700,JAMS,6620.0,216.0,0.0,0.0,0.0,0.0,6622,216,0.0,0.0,0.0,0.0,6621.0,0.0
0,247800,JAMS,6620.0,240.0,0.0,0.0,0.0,0.0,6622,240,0.0,0.0,0.0,0.0,6621.0,0.0
0,247900,JAMS,6620.0,265.0,0.0,0.0,0.0,0.0,6622,265,0.0,0.0,0.0,0.0,6621.0,0.0
0,248000,JAMS,6620.0,256.0,0.0,0.0,0.0,0.0,6622,256,0.0,0.0,0.0,0.0,6621.0,0.0
0,248100,JAMS,6620.0,227.0,0.0,0.0,0.0,0.0,6622,227,0.0,0.0,0.0,0.0,6621.0,0.0
0,248200,JAMS,6620.0,189.0,0.0,0.0,0.0,0.0,6622,189,0.0,0.0,0.0,0.0,6621.0,0.0
0,248300,JAMS,6620.0,218.0,0.0,0.0,0.0,0.0,6622,218,0.0,0.0,0.0,0.0,6621.0,0.0
0,248400,JAMS,6620.0,168.0,0.0,0.0,0.0,0.0,6622,168,0.0,0.0,0.0,0.0,6621.0,0.0
0,248500,JAMS,6620.0,192.0,0.0,0.0,0.0,0.0,6622,192,0.0,0.0,0.0,0.0,6621.0,0.0
0,248600,JAMS,6620.0,211.0,0.0,0.0,0.0,0.0,6622,211,0.0,0.0,0.0,0.0,6621.0,0.0
0,248700,JAMS,6619.0,237.0,0.0,0.0,0.0,0.0,6621,237,0.0,0.0,0.0,0.0,6620.0,0.0
0,248800,JAMS,6619.0,180.0,0.0,0.0,0.0,0.0,6621,180,0.0,0.0,0.0,0.0,6620.0,0.0
0,248900,JAMS,6620.0,64.0,6619.0,195.0,0.0,0.0,6621,64,6622.0,195.0,0.0,0.0,6620.5,0.0
0,249000,JAMS,6620.0,99.0,6619.0,162.0,0.0,0.0,6621,99,6622.0,162.0,0.0,0.0,6620.5,0.0
0,249100,JAMS,6620.0,62.0,6619.0,191.0,0.0,0.0,6621,62,6622.0,191.0,0.0,0.0,6620.5,0.0
0,249200,JAMS,6620.0,60.0,6619.0,162.0,0.0,0.0,6621,60,6622.0,162.0,0.0,0.0,6620.5,0.0
0,249300,JAMS,6619.0,282.0,0.0,0.0,0.0,0.0,6620,5,6621.0,282.0,0.0,0.0,6619.5,0.0
0,249400,JAMS,6620.0,86.0,6619.0,112.0,0.0,0.0,6621,86,6622.0,112.0,0.0,0.0,6620.5,0.0
0,249500,JAMS,6620.0,82.0,6619.0,162.0,0.0,0.0,6621,82,6622.0,162.0,0.0,0.0,6620.5,0.0
0,249600,JAMS,6620.0,257.0,0.0,0.0,0.0,0.0,6622,266,0.0,0.0,0.0,0.0,6621.0,0.0
0,249700,JAMS,6620.0,286.0,0.0,0.0,0.0,0.0,6622,286,0.0,0.0,0.0,0.0,6621.0,0.0
0,249800,JAMS,6620.0,70.0,6619.0,176.0,0.0,0.0,6621,70,6622.0,176.0,0.0,0.0,6620.5,0.0
0,249900,JAMS,6620.0,95.0,6619.0,194.0,0.0,0.0,6621,95,6622.0,194.0,0.0,0.0,6620.5,0.0
0,250000,JAMS,6620.0,66.0,6619.0,197.0,0.0,0.0,6621,55,6622.0,197.0,0.0,0.0,6620.5,0.0
0,250100,JAMS,6619.0,255.0,0.0,0.0,0.0,0.0,6621,255,0.0,0.0,0.0,0.0,6620.0,0.0
0,250200,JAMS,6619.0,169.0,0.0,0.0,0.0,0.0,6621,169,0.0,0.0,0.0,0.0,6620.0,0.0
0,250300,JAMS,6619.0,172.0,0.0,0.0,0.0,0.0,6621,172,0.0,0.0,0.0,0.0,6620.0,0.0
0,250400,JAMS,6620.0,57.0,6619.0,177.0,0.0,0.0,6621,57,6622.0,177.0,0.0,0.0,6620.5,0.0
0,250500,JAMS,6620.0,189.0,0.0,0.0,0.0,0.0,6622,189,0.0,0.0,0.0,0.0,6621.0,0.0
0,250600,JAMS,6620.0,218.0,0.0,0.0,0.0,0.0,6622,213,0.0,0.0,0.0,0.0,6621.0,0.0
0,250700,JAMS,6620.0,68.0,6619.0,155.0,0.0,0.0,6621,68,6622.0,155.0,0.0,0.0,6620.5,0.0
0,250800,JAMS,6620.0,54.0,6619.0,172.0,0.0,0.0,6621,54,6622.0,172.0,0.0,0.0,6620.5,0.0
0,250900,JAMS,6620.0,228.0,0.0,0.0,0.0,0.0,6622,228,0.0,0.0,0.0,0.0,6621.0,0.0
0,251000,JAMS,6620.0,213.0,0.0,0.0,0.0,0.0,6622,213,0.0,0.0,0.0,0.0,6621.0,0.0
0,251100,JAMS,6621.0,10.0,6620.0,167.0,0.0,0.0,6622,167,0.0,0.0,0.0,0.0,6621.5,0.0
0,251200,JAMS,6620.0,229.0,0.0,0.0,0.0,0.0,6622,229,0.0,0.0,0.0,0.0,6621.0,0.0
0,251300,JAMS,6620.0,268.0,0.0,0.0,0.0,0.0,6622,268,0.0,0.0,0.0,0.0,6621.0,0.0
0,251400,JAMS,6620.0,192.0,0.0,0.0,0.0,0.0,6622,201,0.0,0.0,0.0,0.0,6621.0,0.0
0,251500,JAMS,6620.0,253.0,0.0,0.0,0.0,0.0,6622,253,0.0,0.0,0.0,0.0,6621.0,0.0
0,251600,JAMS,6620.0,185.0,0.0,0.0,0.0,0.0,6622,185,0.0,0.0,0.0,0.0,6621.0,0.0
0,251700,JAMS,6621.0,228.0,0.0,0.0,0.0,0.0,6623,228,0.0,0.0,0.0,0.0,6622.0,0.0
0,251800,JAMS,6621.0,257.0,0.0,0.0,0.0,0.0,6623,257,0.0,0.0,0.0,0.0,6622.0,0.0
0,251900,JAMS,6621.0,191.0,0.0,0.0,0.0,0.0,6623,191,0.0,0.0,0.0,0.0,6622.0,0.0
0,252000,JAMS,6621.0,170.0,0.0,0.0,0.0,0.0,6623,170,0.0,0.0,0.0,0.0,6622.0,0.0
0,252100,JAMS,6621.0,186.0,0.0,0.0,0.0,0.0,6623,186,0.0,0.0,0.0,0.0,6622.0,0.0
0,252200,JAMS,6621.0,198.0,0.0,0.0,0.0,0.0,6623,198,0.0,0.0,0.0,0.0,6622.0,0.0
0,252300,JAMS,6621.0,215.0,0.0,0.0,0.0,0.0,6623,215,0.0,0.0,0.0,0.0,6622.0,0.0
0,252400,JAMS,6622.0,67.0,6621.0,160.0,0.0,0.0,6623,67,6624.0,160.0,0.0,0.0,6622.5,0.0
0,252500,JAMS,6622.0,209.0,0.0,0.0,0.0,0.0,6624,209,0.0,0.0,0.0,0.0,6623.0,0.0
0,252600,JAMS,6622.0,216.0,0.0,0.0,0.0,0.0,6624,216,0.0,0.0,0.0,0.0,6623.0,0.0
0,252700,JAMS,6622.0,186.0,0.0,0.0,0.0,0.0,6624,186,0.0,0.0,0.0,0.0,6623.0,0.0
0,252800,JAMS,6622.0,149.0,0.0,0.0,0.0,0.0,6624,155,0.0,0.0,0.0,0.0,6623.0,0.0
0,252900,JAMS,6622.0,207.0,0.0,0.0,0.0,0.0,6624,207,0.0,0.0,0.0,0.0,6623.0,0.0
0,253000,JAMS,6622.0,246.0,0.0,0.0,0.0,0.0,6624,246,0.0,0.0,0.0,0.0,6623.0,0.0
0,253100,JAMS,6622.0,276.0,0.0,0.0,0.0,0.0,6624,282,0.0,0.0,0.0,0.0,6623.0,0.0
0,253200,JAMS,6622.0,198.0,0.0,0.0,0.0,0.0,6624,198,0.0,0.0,0.0,0.0,6623.0,0.0
0,253300,JAMS,6622.0,181.0,0.0,0.0,0.0,0.0,6624,181,0.0,0.0,0.0,0.0,6623.0,0.0
0,253400,JAMS,6622.0,195.0,0.0,0.0,0.0,0.0,6624,195,0.0,0.0,0.0,0.0,6623.0,0.0
0,253500,JAMS,6622.0,230.0,0.0,0.0,0.0,0.0,6624,230,0.0,0.0,0.0,0.0,6623.0,0.0
0,253600,JAMS,6622.0,197.0,0.0,0.0,0.0,0.0,6624,197,0.0,0.0,0.0,0.0,6623.0,0.0
0,253700,JAMS,6622.0,184.0,0.0,0.0,0.0,0.0,6624,184,0.0,0.0,0.0,0.0,6623.0,0.0
0,253800,JAMS,6622.0,205.0,0.0,0.0,0.0,0.0,6624,205,0.0,0.0,0.0,0.0,6623.0,0.0
0,253900,JAMS,6622.0,161.0,0.0,0.0,0.0,0.0,6624,161,0.0,0.0,0.0,0.0,6623.0,0.0
0,254000,JAMS,6622.0,211.0,0.0,0.0,0.0,0.0,6624,211,0.0,0.0,0.0,0.0,6623.0,0.0
0,254100,JAMS,6622.0,220.0,0.0,0.0,0.0,0.0,6624,220,0.0,0.0,0.0,0.0,6623.0,0.0
0,254200,JAMS,6622.0,67.0,6621.0,101.0,0.0,0.0,6623,61,6624.0,101.0,0.0,0.0,6622.5,0.0
0,254300,JAMS,6622.0,59.0,6621.0,195.0,0.0,0.0,6623,59,6624.0,195.0,0.0,0.0,6622.5,0.0
0,254400,JAMS,6621.0,195.0,0.0,0.0,0.0,0.0,6623,195,0.0,0.0,0.0,0.0,6622.0,0.0
0,254500,JAMS,6621.0,260.0,0.0,0.0,0.0,0.0,6623,260,0.0,0.0,0.0,0.0,6622.0,0.0
0,254600,JAMS,6621.0,263.0,0.0,0.0,0.0,0.0,6623,263,0.0,0.0,0.0,0.0,6622.0,0.0
0,254700,JAMS,6621.0,253.0,0.0,0.0,0.0,0.0,6623,253,0.0,0.0,0.0,0.0,6622.0,0.0
0,254800,JAMS,6621.0,259.0,0.0,0.0,0.0,0.0,6623,259,0.0,0.0,0.0,0.0,6622.0,0.0
0,254900,JAMS,6621.0,248.0,0.0,0.0,0.0,0.0,6623,248,0.0,0.0,0.0,0.0,6622.0,0.0
0,255000,JAMS,6622.0,58.0,6621.0,174.0,0.0,0.0,6623,58,6624.0,174.0,0.0,0.0,6622.5,0.0
0,255100,JAMS,6622.0,192.0,0.0,0.0,0.0,0.0,6624,201,0.0,0.0,0.0,0.0,6623.0,0.0
0,255200,JAMS,6622.0,209.0,0.0,0.0,0.0,0.0,6624,209,0.0,0.0,0.0,0.0,6623.0,0.0
0,255300,JAMS,6622.0,240.0,0.0,0.0,0.0,0.0,6624,240,0.0,0.0,0.0,0.0,6623.0,0.0
0,255400,JAMS,6622.0,208.0,0.0,0.0,0.0,0.0,6624,208,0.0,0.0,0.0,0.0,6623.0,0.0
0,255500,JAMS,6622.0,154.0,0.0,0.0,0.0,0.0,6624,154,0.0,0.0,0.0,0.0,6623.0,0.0
0,255600,JAMS,6622.0,194.0,0.0,0.0,0.0,0.0,6624,194,0.0,0.0,0.0,0.0,6623.0,0.0
0,255700,JAMS,6622.0,225.0,0.0,0.0,0.0,0.0,6624,225,0.0,0.0,0.0,0.0,6623.0,0.0
0,255800,JAMS,6622.0,171.0,0.0,0.0,0.0,0.0,6624,171,0.0,0.0,0.0,0.0,6623.0,0.0
0,255900,JAMS,6622.0,65.0,6621.0,143.0,0.0,0.0,6623,65,6624.0,143.0,0.0,0.0,6622.5,0.0
0,256000,JAMS,6621.0,216.0,0.0,0.0,0.0,0.0,6623,216,0.0,0.0,0.0,0.0,6622.0,0.0
0,256100,JAMS,6621.0,222.0,0.0,0.0,0.0,0.0,6623,222,0.0,0.0,0.0,0.0,6622.0,0.0
0,256200,JAMS,6621.0,95.0,6620.0,167.0,0.0,0.0,6622,95,6623.0,167.0,0.0,0.0,6621.5,0.0
0,256300,JAMS,6621.0,59.0,6620.0,118.0,0.0,0.0,6622,59,6623.0,118.0,0.0,0.0,6621.5,0.0
0,256400,JAMS,6621.0,191.0,0.0,0.0,0.0,0.0,6623,191,0.0,0.0,0.0,0.0,6622.0,0.0
0,256500,JAMS,6622.0,56.0,6621.0,156.0,0.0,0.0,6623,56,6624.0,156.0,0.0,0.0,6622.5,0.0
0,256600,JAMS,6621.0,268.0,0.0,0.0,0.0,0.0,6623,268,0.0,0.0,0.0,0.0,6622.0,0.0
0,256700,JAMS,6622.0,63.0,6621.0,134.0,0.0,0.0,6623,63,6624.0,134.0,0.0,0.0,6622.5,0.0
0,256800,JAMS,6622.0,63.0,6621.0,189.0,0.0,0.0,6623,63,6624.0,189.0,0.0,0.0,6622.5,0.0
0,256900,JAMS,6622.0,63.0,6621.0,163.0,0.0,0.0,6623,63,6624.0,163.0,0.0,0.0,6622.5,0.0
0,257000,JAMS,6622.0,66.0,6621.0,126.0,0.0,0.0,6623,66,6624.0,126.0,0.0,0.0,6622.5,0.0
0,257100,JAMS,6622.0,60.0,6621.0,171.0,0.0,0.0,6623,60,6624.0,171.0,0.0,0.0,6622.5,0.0
0,257200,JAMS,6622.0,78.0,6621.0,108.0,0.0,0.0,6623,78,6624.0,108.0,0.0,0.0,6622.5,0.0
0,257300,JAMS,6622.0,64.0,6621.0,176.0,0.0,0.0,6623,64,6624.0,176.0,0.0,0.0,6622.5,0.0
0,257400,JAMS,6622.0,71.0,6621.0,194.0,0.0,0.0,6623,71,6624.0,194.0,0.0,0.0,6622.5,0.0
0,257500,JAMS,6622.0,51.0,6621.0,147.0,0.0,0.0,6623,51,6624.0,147.0,0.0,0.0,6622.5,0.0
0,257600,JAMS,6622.0,58.0,6621.0,181.0,0.0,0.0,6623,58,6624.0,181.0,0.0,0.0,6622.5,0.0
0,257700,JAMS,6621.0,289.0,0.0,0.0,0.0,0.0,6623,289,0.0,0.0,0.0,0.0,6622.0,0.0
0,257800,JAMS,6621.0,198.0,0.0,0.0,0.0,0.0,6623,198,0.0,0.0,0.0,0.0,6622.0,0.0
0,257900,JAMS,6621.0,207.0,0.0,0.0,0.0,0.0,6623,207,0.0,0.0,0.0,0.0,6622.0,0.0
0,258000,JAMS,6622.0,6.0,6621.0,268.0,0.0,0.0,6623,268,0.0,0.0,0.0,0.0,6622.5,0.0
0,258100,JAMS,6621.0,264.0,0.0,0.0,0.0,0.0,6623,264,0.0,0.0,0.0,0.0,6622.0,0.0
0,258200,JAMS,6621.0,147.0,0.0,0.0,0.0,0.0,6623,157,0.0,0.0,0.0,0.0,6622.0,0.0
0,258300,JAMS,6621.0,98.0,6620.0,123.0,0.0,0.0,6622,98,6623.0,123.0,0.0,0.0,6621.5,0.0
0,258400,JAMS,6620.0,190.0,0.0,0.0,0.0,0.0,6622,190,0.0,0.0,0.0,0.0,6621.0,0.0
0,258500,JAMS,6620.0,230.0,0.0,0.0,0.0,0.0,6622,230,0.0,0.0,0.0,0.0,6621.0,0.0
0,258600,JAMS,6620.0,165.0,0.0,0.0,0.0,0.0,6622,165,0.0,0.0,0.0,0.0,6621.0,0.0
0,258700,JAMS,6620.0,268.0,0.0,0.0,0.0,0.0,6622,268,0.0,0.0,0.0,0.0,6621.0,0.0
0,258800,JAMS,6620.0,199.0,0.0,0.0,0.0,0.0,6622,199,0.0,0.0,0.0,0.0,6621.0,0.0
0,258900,JAMS,6620.0,229.0,0.0,0.0,0.0,0.0,6621,11,6622.0,229.0,0.0,0.0,6620.5,0.0
0,259000,JAMS,6621.0,80.0,6620.0,128.0,0.0,0.0,6622,80,6623.0,128.0,0.0,0.0,6621.5,0.0
0,259100,JAMS,6621.0,172.0,0.0,0.0,0.0,0.0,6623,172,0.0,0.0,0.0,0.0,6622.0,0.0
0,259200,JAMS,6621.0,264.0,0.0,0.0,0.0,0.0,6623,264,0.0,0.0,0.0,0.0,6622.0,0.0
0,259300,JAMS,6621.0,194.0,0.0,0.0,0.0,0.0,6623,194,0.0,0.0,0.0,0.0,6622.0,0.0
0,259400,JAMS,6621.0,179.0,0.0,0.0,0.0,0.0,6623,179,0.0,0.0,0.0,0.0,6622.0,0.0
0,259500,JAMS,6621.0,212.0,0.0,0.0,0.0,0.0,6623,212,0.0,0.0,0.0,0.0,6622.0,0.0
0,259600,JAMS,6621.0,244.0,0.0,0.0,0.0,0.0,6623,244,0.0,0.0,0.0,0.0,6622.0,0.0
0,259700,JAMS,6621.0,234.0,0.0,0.0,0.0,0.0,6623,234,0.0,0.0,0.0,0.0,6622.0,0.0
0,259800,JAMS,6621.0,84.0,6620.0,135.0,0.0,0.0,6622,84,6623.0,135.0,0.0,0.0,6621.5,0.0
0,259900,JAMS,6620.0,206.0,0.0,0.0,0.0,0.0,6622,197,0.0,0.0,0.0,0.0,6621.0,0.0
0,260000,JAMS,6620.0,212.0,0.0,0.0,0.0,0.0,6622,212,0.0,0.0,0.0,0.0,6621.0,0.0
0,260100,JAMS,6620.0,214.0,0.0,0.0,0.0,0.0,6622,214,0.0,0.0,0.0,0.0,6621.0,0.0
0,260200,JAMS,6620.0,213.0,0.0,0.0,0.0,0.0,6622,213,0.0,0.0,0.0,0.0,6621.0,0.0
0,260300,JAMS,6620.0,272.0,0.0,0.0,0.0,0.0,6622,272,0.0,0.0,0.0,0.0,6621.0,0.0
0,260400,JAMS,6621.0,64.0,6620.0,193.0,0.0,0.0,6622,58,6623.0,193.0,0.0,0.0,6621.5,0.0
0,260500,JAMS,6620.0,233.0,0.0,0.0,0.0,0.0,6622,233,0.0,0.0,0.0,0.0,6621.0,0.0
0,260600,JAMS,6620.0,278.0,0.0,0.0,0.0,0.0,6622,278,0.0,0.0,0.0,0.0,6621.0,0.0
0,260700,JAMS,6620.0,243.0,0.0,0.0,0.0,0.0,6622,243,0.0,0.0,0.0,0.0,6621.0,0.0
0,260800,JAMS,6620.0,83.0,6619.0,164.0,0.0,0.0,6621,83,6622.0,164.0,0.0,0.0,6620.5,0.0
0,260900,JAMS,6620.0,100.0,6619.0,158.0,0.0,0.0,6621,100,6622.0,158.0,0.0,0.0,6620.5,0.0
0,261000,JAMS,6619.0,233.0,0.0,0.0,0.0,0.0,6621,233,0.0,0.0,0.0,0.0,6620.0,0.0
0,261100,JAMS,6619.0,58.0,6618.0,108.0,0.0,0.0,6620,58,6621.0,108.0,0.0,0.0,6619.5,0.0
0,261200,JAMS,6619.0,74.0,6618.0,189.0,0.0,0.0,6620,85,6621.0,189.0,0.0,0.0,6619.5,0.0
0,261300,JAMS,6618.0,171.0,0.0,0.0,0.0,0.0,6620,171,0.0,0.0,0.0,0.0,6619.0,0.0
0,261400,JAMS,6618.0,97.0,6617.0,114.0,0.0,0.0,6619,97,6620.0,114.0,0.0,0.0,6618.5,0.0
0,261500,JAMS,6618.0,50.0,6617.0,102.0,0.0,0.0,6619,50,6620.0,102.0,0.0,0.0,6618.5,0.0
0,261600,JAMS,6618.0,69.0,6617.0,193.0,0.0,0.0,6619,69,6620.0,193.0,0.0,0.0,6618.5,0.0
0,261700,JAMS,6618.0,75.0,6617.0,189.0,0.0,0.0,6619,75,6620.0,189.0,0.0,0.0,6618.5,0.0
0,261800,JAMS,6618.0,93.0,6617.0,130.0,0.0,0.0,6619,93,6620.0,130.0,0.0,0.0,6618.5,0.0
0,261900,JAMS,6618.0,90.0,6617.0,122.0,0.0,0.0,6619,90,6620.0,122.0,0.0,0.0,6618.5,0.0
0,262000,JAMS,6618.0,99.0,6617.0,173.0,0.0,0.0,6619,99,6620.0,173.0,0.0,0.0,6618.5,0.0
0,262100,JAMS,6618.0,79.0,6617.0,198.0,0.0,0.0,6619,79,6620.0,198.0,0.0,0.0,6618.5,0.0
0,262200,JAMS,6618.0,74.0,6617.0,175.0,0.0,0.0,6619,74,6620.0,175.0,0.0,0.0,6618.5,0.0
0,262300,JAMS,6618.0,79.0,6617.0,190.0,0.0,0.0,6619,79,6620.0,190.0,0.0,0.0,6618.5,0.0
0,262400,JAMS,6618.0,85.0,6617.0,140.0,0.0,0.0,6619,85,6620.0,140.0,0.0,0.0,6618.5,0.0
0,262500,JAMS,6618.0,51.0,6617.0,104.0,0.0,0.0,6619,51,6620.0,104.0,0.0,0.0,6618.5,0.0
0,262600,JAMS,6618.0,75.0,6617.0,199.0,0.0,0.0,6619,75,6620.0,199.0,0.0,0.0,6618.5,0.0
0,262700,JAMS,6618.0,87.0,6617.0,106.0,0.0,0.0,6619,87,6620.0,106.0,0.0,0.0,6618.5,0.0
0,262800,JAMS,6618.0,92.0,6617.0,113.0,0.0,0.0,6619,92,6620.0,113.0,0.0,0.0,6618.5,0.0
0,262900,JAMS,6617.0,198.0,0.0,0.0,0.0,0.0,6619,198,0.0,0.0,0.0,0.0,6618.0,0.0
0,263000,JAMS,6617.0,178.0,0.0,0.0,0.0,0.0,6619,178,0.0,0.0,0.0,0.0,6618.0,0.0
0,263100,JAMS,6617.0,189.0,0.0,0.0,0.0,0.0,6619,189,0.0,0.0,0.0,0.0,6618.0,0.0
0,263200,JAMS,6617.0,83.0,6616.0,111.0,0.0,0.0,6618,83,6619.0,111.0,0.0,0.0,6617.5,0.0
0,263300,JAMS,6617.0,204.0,0.0,0.0,0.0,0.0,6619,204,0.0,0.0,0.0,0.0,6618.0,0.0
0,263400,JAMS,6617.0,229.0,0.0,0.0,0.0,0.0,6619,229,0.0,0.0,0.0,0.0,6618.0,0.0
0,263500,JAMS,6617.0,74.0,6616.0,178.0,0.0,0.0,6618,74,6619.0,178.0,0.0,0.0,6617.5,0.0
0,263600,JAMS,6617.0,74.0,6616.0,111.0,0.0,0.0,6618,74,6619.0,111.0,0.0,0.0,6617.5,0.0
0,263700,JAMS,6617.0,267.0,0.0,0.0,0.0,0.0,6619,259,0.0,0.0,0.0,0.0,6618.0,0.0
0,263800,JAMS,6617.0,90.0,6616.0,129.0,0.0,0.0,6618,90,6619.0,129.0,0.0,0.0,6617.5,0.0
0,263900,JAMS,6617.0,207.0,0.0,0.0,0.0,0.0,6619,207,0.0,0.0,0.0,0.0,6618.0,0.0
0,264000,JAMS,6617.0,62.0,6616.0,149.0,0.0,0.0,6618,62,6619.0,149.0,0.0,0.0,6617.5,0.0
0,264100,JAMS,6617.0,64.0,6616.0,164.0,0.0,0.0,6618,64,6619.0,164.0,0.0,0.0,6617.5,0.0
0,264200,JAMS,6617.0,88.0,6616.0,181.0,0.0,0.0,6618,88,6619.0,181.0,0.0,0.0,6617.5,0.0
0,264300,JAMS,6616.0,164.0,0.0,0.0,0.0,0.0,6618,164,0.0,0.0,0.0,0.0,6617.0,0.0
0,264400,JAMS,6617.0,92.0,6616.0,110.0,0.0,0.0,6618,92,6619.0,110.0,0.0,0.0,6617.5,0.0
0,264500,JAMS,6617.0,96.0,6616.0,187.0,0.0,0.0,6618,96,6619.0,187.0,0.0,0.0,6617.5,0.0
0,264600,JAMS,6617.0,92.0,6616.0,107.0,0.0,0.0,6618,92,6619.0,107.0,0.0,0.0,6617.5,0.0
0,264700,JAMS,6617.0,83.0,6616.0,148.0,0.0,0.0,6618,83,6619.0,148.0,0.0,0.0,6617.5,0.0
0,264800,JAMS,6617.0,79.0,6616.0,122.0,0.0,0.0,6618,79,6619.0,122.0,0.0,0.0,6617.5,0.0
0,264900,JAMS,6617.0,82.0,6616.0,172.0,0.0,0.0,6618,70,6619.0,172.0,0.0,0.0,6617.5,0.0
0,265000,JAMS,6617.0,208.0,0.0,0.0,0.0,0.0,6619,208,0.0,0.0,0.0,0.0,6618.0,0.0
0,265100,JAMS,6617.0,224.0,0.0,0.0,0.0,0.0,6619,224,0.0,0.0,0.0,0.0,6618.0,0.0
0,265200,JAMS,6618.0,275.0,0.0,0.0,0.0,0.0,6620,275,0.0,0.0,0.0,0.0,6619.0,0.0
0,265300,JAMS,6618.0,255.0,0.0,0.0,0.0,0.0,6620,255,0.0,0.0,0.0,0.0,6619.0,0.0
0,265400,JAMS,6618.0,179.0,0.0,0.0,0.0,0.0,6620,179,0.0,0.0,0.0,0.0,6619.0,0.0
0,265500,JAMS,6618.0,224.0,0.0,0.0,0.0,0.0,6620,224,0.0,0.0,0.0,0.0,6619.0,0.0
0,265600,JAMS,6618.0,235.0,0.0,0.0,0.0,0.0,6620,235,0.0,0.0,0.0,0.0,6619.0,0.0
0,265700,JAMS,6618.0,282.0,0.0,0.0,0.0,0.0,6620,282,0.0,0.0,0.0,0.0,6619.0,0.0
0,265800,JAMS,6619.0,57.0,6618.0,175.0,0.0,0.0,6620,57,6621.0,175.0,0.0,0.0,6619.5,0.0
0,265900,JAMS,6619.0,250.0,0.0,0.0,0.0,0.0,6621,250,0.0,0.0,0.0,0.0,6620.0,0.0
0,266000,JAMS,6619.0,250.0,0.0,0.0,0.0,0.0,6621,250,0.0,0.0,0.0,0.0,6620.0,0.0
0,266100,JAMS,6619.0,236.0,0.0,0.0,0.0,0.0,6621,236,0.0,0.0,0.0,0.0,6620.0,0.0
0,266200,JAMS,6620.0,75.0,6619.0,107.0,0.0,0.0,6621,75,6622.0,107.0,0.0,0.0,6620.5,0.0
0,266300,JAMS,6620.0,91.0,6619.0,102.0,0.0,0.0,6621,91,6622.0,102.0,0.0,0.0,6620.5,0.0
0,266400,JAMS,6620.0,98.0,6619.0,146.0,0.0,0.0,6621,98,6622.0,146.0,0.0,0.0,6620.5,0.0
0,266500,JAMS,6620.0,83.0,6619.0,130.0,0.0,0.0,6621,87,6622.0,130.0,0.0,0.0,6620.5,0.0
0,266600,JAMS,6619.0,274.0,0.0,0.0,0.0,0.0,6621,274,0.0,0.0,0.0,0.0,6620.0,0.0
0,266700,JAMS,6619.0,216.0,0.0,0.0,0.0,0.0,6621,216,0.0,0.0,0.0,0.0,6620.0,0.0
0,266800,JAMS,6619.0,188.0,0.0,0.0,0.0,0.0,6621,188,0.0,0.0,0.0,0.0,6620.0,0.0
0,266900,JAMS,6620.0,80.0,6619.0,117.0,0.0,0.0,6621,80,6622.0,117.0,0.0,0.0,6620.5,0.0
0,267000,JAMS,6619.0,228.0,0.0,0.0,0.0,0.0,6621,228,0.0,0.0,0.0,0.0,6620.0,0.0
0,267100,JAMS,6619.0,242.0,0.0,0.0,0.0,0.0,6621,242,0.0,0.0,0.0,0.0,6620.0,0.0
0,267200,JAMS,6619.0,167.0,0.0,0.0,0.0,0.0,6621,167,0.0,0.0,0.0,0.0,6620.0,0.0
0,267300,JAMS,6619.0,221.0,0.0,0.0,0.0,0.0,6621,221,0.0,0.0,0.0,0.0,6620.0,0.0
0,267400,JAMS,6620.0,81.0,6619.0,196.0,0.0,0.0,6621,81,6622.0,196.0,0.0,0.0,6620.5,0.0
0,267500,JAMS,6619.0,230.0,0.0,0.0,0.0,0.0,6621,230,0.0,0.0,0.0,0.0,6620.0,0.0
0,267600,JAMS,6620.0,68.0,6619.0,105.0,0.0,0.0,6621,68,6622.0,105.0,0.0,0.0,6620.5,0.0
0,267700,JAMS,6619.0,248.0,0.0,0.0,0.0,0.0,6621,248,0.0,0.0,0.0,0.0,6620.0,0.0
0,267800,JAMS,6620.0,57.0,6619.0,107.0,0.0,0.0,6621,65,6622.0,107.0,0.0,0.0,6620.5,0.0
0,267900,JAMS,6619.0,284.0,0.0,0.0,0.0,0.0,6621,284,0.0,0.0,0.0,0.0,6620.0,0.0
0,268000,JAMS,6620.0,89.0,6619.0,160.0,0.0,0.0,6621,89,6622.0,160.0,0.0,0.0,6620.5,0.0
0,268100,JAMS,6620.0,60.0,6619.0,102.0,0.0,0.0,6621,72,6622.0,102.0,0.0,0.0,6620.5,0.0
0,268200,JAMS,6619.0,225.0,0.0,0.0,0.0,0.0,6621,225,0.0,0.0,0.0,0.0,6620.0,0.0
0,268300,JAMS,6620.0,193.0,0.0,0.0,0.0,0.0,6622,193,0.0,0.0,0.0,0.0,6621.0,0.0
0,268400,JAMS,6619.0,180.0,0.0,0.0,0.0,0.0,6621,180,0.0,0.0,0.0,0.0,6620.0,0.0
0,268500,JAMS,6619.0,286.0,0.0,0.0,0.0,0.0,6621,286,0.0,0.0,0.0,0.0,6620.0,0.0
0,268600,JAMS,6619.0,221.0,0.0,0.0,0.0,0.0,6621,221,0.0,0.0,0.0,0.0,6620.0,0.0
0,268700,JAMS,6619.0,216.0,0.0,0.0,0.0,0.0,6621,213,0.0,0.0,0.0,0.0,6620.0,0.0
0,268800,JAMS,6620.0,188.0,0.0,0.0,0.0,0.0,6622,188,0.0,0.0,0.0,0.0,6621.0,0.0
0,268900,JAMS,6620.0,287.0,0.0,0.0,0.0,0.0,6622,287,0.0,0.0,0.0,0.0,6621.0,0.0
0,269000,JAMS,6620.0,234.0,0.0,0.0,0.0,0.0,6622,234,0.0,0.0,0.0,0.0,6621.0,0.0
0,269100,JAMS,6620.0,263.0,0.0,0.0,0.0,0.0,6622,263,0.0,0.0,0.0,0.0,6621.0,0.0
0,269200,JAMS,6619.0,190.0,0.0,0.0,0.0,0.0,6621,190,0.0,0.0,0.0,0.0,6620.0,0.0
0,269300,JAMS,6619.0,213.0,0.0,0.0,0.0,0.0,6621,213,0.0,0.0,0.0,0.0,6620.0,0.0
0,269400,JAMS,6619.0,255.0,0.0,0.0,0.0,0.0,6621,255,0.0,0.0,0.0,0.0,6620.0,0.0
0,269500,JAMS,6619.0,226.0,0.0,0.0,0.0,0.0,6621,226,0.0,0.0,0.0,0.0,6620.0,0.0
0,269600,JAMS,6619.0,175.0,0.0,0.0,0.0,0.0,6621,175,0.0,0.0,0.0,0.0,6620.0,0.0
0,269700,JAMS,6619.0,272.0,0.0,0.0,0.0,0.0,6621,272,0.0,0.0,0.0,0.0,6620.0,0.0
0,269800,JAMS,6619.0,285.0,0.0,0.0,0.0,0.0,6621,285,0.0,0.0,0.0,0.0,6620.0,0.0
0,269900,JAMS,6619.0,261.0,0.0,0.0,0.0,0.0,6621,261,0.0,0.0,0.0,0.0,6620.0,0.0
0,270000,JAMS,6619.0,187.0,0.0,0.0,0.0,0.0,6621,187,0.0,0.0,0.0,0.0,6620.0,0.0
0,270100,JAMS,6619.0,227.0,0.0,0.0,0.0,0.0,6621,227,0.0,0.0,0.0,0.0,6620.0,0.0
0,270200,JAMS,6620.0,76.0,6619.0,117.0,0.0,0.0,6621,76,6622.0,117.0,0.0,0.0,6620.5,0.0
0,270300,JAMS,6620.0,99.0,6619.0,176.0,0.0,0.0,6621,99,6622.0,176.0,0.0,0.0,6620.5,0.0
0,270400,JAMS,6619.0,277.0,0.0,0.0,0.0,0.0,6621,277,0.0,0.0,0.0,0.0,6620.0,0.0
0,270500,JAMS,6620.0,62.0,6619.0,194.0,0.0,0.0,6621,62,6622.0,194.0,0.0,0.0,6620.5,0.0
0,270600,JAMS,6619.0,268.0,0.0,0.0,0.0,0.0,6621,268,0.0,0.0,0.0,0.0,6620.0,0.0
0,270700,JAMS,6620.0,70.0,6619.0,100.0,0.0,0.0,6621,70,6622.0,100.0,0.0,0.0,6620.5,0.0
0,270800,JAMS,6619.0,168.0,0.0,0.0,0.0,0.0,6621,168,0.0,0.0,0.0,0.0,6620.0,0.0
0,270900,JAMS,6619.0,244.0,0.0,0.0,0.0,0.0,6621,244,0.0,0.0,0.0,0.0,6620.0,0.0
0,271000,JAMS,6619.0,195.0,0.0,0.0,0.0,0.0,6621,195,0.0,0.0,0.0,0.0,6620.0,0.0
0,271100,JAMS,6619.0,272.0,0.0,0.0,0.0,0.0,6621,272,0.0,0.0,0.0,0.0,6620.0,0.0
0,271200,JAMS,6619.0,291.0,0.0,0.0,0.0,0.0,6621,291,0.0,0.0,0.0,0.0,6620.0,0.0
0,271300,JAMS,6620.0,95.0,6619.0,128.0,0.0,0.0,6621,95,6622.0,128.0,0.0,0.0,6620.5,0.0
0,271400,JAMS,6620.0,215.0,0.0,0.0,0.0,0.0,6622,215,0.0,0.0,0.0,0.0,6621.0,0.0
0,271500,JAMS,6620.0,283.0,0.0,0.0,0.0,0.0,6622,279,0.0,0.0,0.0,0.0,6621.0,0.0
0,271600,JAMS,6620.0,217.0,0.0,0.0,0.0,0.0,6622,217,0.0,0.0,0.0,0.0,6621.0,0.0
0,271700,JAMS,6621.0,102.0,6620.0,129.0,0.0,0.0,6622,95,6623.0,129.0,0.0,0.0,6621.5,0.0
0,271800,JAMS,6621.0,85.0,6620.0,109.0,0.0,0.0,6622,85,6623.0,109.0,0.0,0.0,6621.5,0.0
0,271900,JAMS,6621.0,96.0,6620.0,154.0,0.0,0.0,6622,96,6623.0,154.0,0.0,0.0,6621.5,0.0
0,272000,JAMS,6621.0,53.0,6620.0,137.0,0.0,0.0,6622,53,6623.0,137.0,0.0,0.0,6621.5,0.0
0,272100,JAMS,6620.0,278.0,0.0,0.0,0.0,0.0,6622,278,0.0,0.0,0.0,0.0,6621.0,0.0
0,272200,JAMS,6621.0,67.0,6620.0,180.0,0.0,0.0,6622,67,6623.0,180.0,0.0,0.0,6621.5,0.0
0,272300,JAMS,6621.0,99.0,6620.0,134.0,0.0,0.0,6622,99,6623.0,134.0,0.0,0.0,6621.5,0.0
0,272400,JAMS,6621.0,65.0,6620.0,141.0,0.0,0.0,6622,65,6623.0,141.0,0.0,0.0,6621.5,0.0
0,272500,JAMS,6620.0,263.0,0.0,0.0,0.0,0.0,6622,263,0.0,0.0,0.0,0.0,6621.0,0.0
0,272600,JAMS,6621.0,57.0,6620.0,157.0,0.0,0.0,6622,57,6623.0,157.0,0.0,0.0,6621.5,0.0
0,272700,JAMS,6621.0,63.0,6620.0,182.0,0.0,0.0,6622,63,6623.0,182.0,0.0,0.0,6621.5,0.0
0,272800,JAMS,6621.0,219.0,0.0,0.0,0.0,0.0,6623,219,0.0,0.0,0.0,0.0,6622.0,0.0
0,272900,JAMS,6621.0,239.0,0.0,0.0,0.0,0.0,6623,239,0.0,0.0,0.0,0.0,6622.0,0.0
0,273000,JAMS,6621.0,192.0,0.0,0.0,0.0,0.0,6623,192,0.0,0.0,0.0,0.0,6622.0,0.0
0,273100,JAMS,6623.0,72.0,6622.0,116.0,0.0,0.0,6624,72,6625.0,116.0,0.0,0.0,6623.5,0.0
0,273200,JAMS,6623.0,89.0,6622.0,102.0,0.0,0.0,6624,89,6625.0,102.0,0.0,0.0,6623.5,0.0
0,273300,JAMS,6623.0,68.0,6622.0,183.0,0.0,0.0,6624,68,6625.0,183.0,0.0,0.0,6623.5,0.0
0,273400,JAMS,6623.0,96.0,6622.0,177.0,0.0,0.0,6624,96,6625.0,177.0,0.0,0.0,6623.5,0.0
0,273500,JAMS,6623.0,270.0,0.0,0.0,0.0,0.0,6625,270,0.0,0.0,0.0,0.0,6624.0,0.0
0,273600,JAMS,6623.0,232.0,0.0,0.0,0.0,0.0,6625,232,0.0,0.0,0.0,0.0,6624.0,0.0
0,273700,JAMS,6623.0,233.0,0.0,0.0,0.0,0.0,6625,233,0.0,0.0,0.0,0.0,6624.0,0.0
0,273800,JAMS,6624.0,75.0,6623.0,188.0,0.0,0.0,6625,75,6626.0,188.0,0.0,0.0,6624.5,0.0
0,273900,JAMS,6623.0,213.0,0.0,0.0,0.0,0.0,6625,213,0.0,0.0,0.0,0.0,6624.0,0.0
0,274000,JAMS,6623.0,192.0,0.0,0.0,0.0,0.0,6625,192,0.0,0.0,0.0,0.0,6624.0,0.0
0,274100,JAMS,6623.0,204.0,0.0,0.0,0.0,0.0,6625,204,0.0,0.0,0.0,0.0,6624.0,0.0
0,274200,JAMS,6624.0,95.0,6623.0,100.0,0.0,0.0,6625,95,6626.0,100.0,0.0,0.0,6624.5,0.0
0,274300,JAMS,6624.0,274.0,0.0,0.0,0.0,0.0,6626,274,0.0,0.0,0.0,0.0,6625.0,0.0
0,274400,JAMS,6624.0,240.0,0.0,0.0,0.0,0.0,6626,240,0.0,0.0,0.0,0.0,6625.0,0.0
0,274500,JAMS,6624.0,80.0,6623.0,149.0,0.0,0.0,6625,80,6626.0,149.0,0.0,0.0,6624.5,0.0
0,274600,JAMS,6623.0,222.0,0.0,0.0,0.0,0.0,6625,222,0.0,0.0,0.0,0.0,6624.0,0.0
0,274700,JAMS,6623.0,269.0,0.0,0.0,0.0,0.0,6625,269,0.0,0.0,0.0,0.0,6624.0,0.0
0,274800,JAMS,6624.0,78.0,6623.0,139.0,0.0,0.0,6625,78,6626.0,139.0,0.0,0.0,6624.5,0.0
0,274900,JAMS,6624.0,225.0,0.0,0.0,0.0,0.0,6626,225,0.0,0.0,0.0,0.0,6625.0,0.0
0,275000,JAMS,6624.0,222.0,0.0,0.0,0.0,0.0,6626,213,0.0,0.0,0.0,0.0,6625.0,0.0
0,275100,JAMS,6625.0,50.0,6624.0,186.0,0.0,0.0,6626,50,6627.0,186.0,0.0,0.0,6625.5,0.0
0,275200,JAMS,6624.0,238.0,0.0,0.0,0.0,0.0,6626,238,0.0,0.0,0.0,0.0,6625.0,0.0
0,275300,JAMS,6625.0,47.0,6624.0,139.0,0.0,0.0,6626,56,6627.0,139.0,0.0,0.0,6625.5,0.0
0,275400,JAMS,6625.0,82.0,6624.0,123.0,0.0,0.0,6626,76,6627.0,123.0,0.0,0.0,6625.5,0.0
0,275500,JAMS,6625.0,91.0,6624.0,132.0,0.0,0.0,6626,91,6627.0,132.0,0.0,0.0,6625.5,0.0
0,275600,JAMS,6625.0,77.0,6624.0,154.0,0.0,0.0,6626,69,6627.0,154.0,0.0,0.0,6625.5,0.0
0,275700,JAMS,6625.0,260.0,0.0,0.0,0.0,0.0,6627,260,0.0,0.0,0.0,0.0,6626.0,0.0
0,275800,JAMS,6625.0,212.0,0.0,0.0,0.0,0.0,6627,212,0.0,0.0,0.0,0.0,6626.0,0.0
0,275900,JAMS,6626.0,88.0,6625.0,191.0,0.0,0.0,6627,92,6628.0,191.0,0.0,0.0,6626.5,0.0
0,276000,JAMS,6626.0,75.0,6625.0,169.0,0.0,0.0,6627,75,6628.0,169.0,0.0,0.0,6626.5,0.0
0,276100,JAMS,6626.0,65.0,6625.0,180.0,0.0,0.0,6627,65,6628.0,180.0,0.0,0.0,6626.5,0.0
0,276200,JAMS,6625.0,269.0,0.0,0.0,0.0,0.0,6627,269,0.0,0.0,0.0,0.0,6626.0,0.0
0,276300,JAMS,6625.0,214.0,0.0,0.0,0.0,0.0,6627,214,0.0,0.0,0.0,0.0,6626.0,0.0
0,276400,JAMS,6626.0,75.0,6625.0,175.0,0.0,0.0,6627,75,6628.0,175.0,0.0,0.0,6626.5,0.0
0,276500,JAMS,6626.0,111.0,6625.0,195.0,0.0,0.0,6627,99,6628.0,195.0,0.0,0.0,6626.5,0.0
0,276600,JAMS,6626.0,81.0,6625.0,175.0,0.0,0.0,6627,81,6628.0,175.0,0.0,0.0,6626.5,0.0
0,276700,JAMS,6625.0,181.0,0.0,0.0,0.0,0.0,6627,181,0.0,0.0,0.0,0.0,6626.0,0.0
0,276800,JAMS,6626.0,54.0,6625.0,148.0,0.0,0.0,6627,54,6628.0,148.0,0.0,0.0,6626.5,0.0
0,276900,JAMS,6626.0,12.0,6625.0,286.0,0.0,0.0,6627,286,0.0,0.0,0.0,0.0,6626.5,0.0
0,277000,JAMS,6625.0,267.0,0.0,0.0,0.0,0.0,6627,267,0.0,0.0,0.0,0.0,6626.0,0.0
0,277100,JAMS,6624.0,242.0,0.0,0.0,0.0,0.0,6626,242,0.0,0.0,0.0,0.0,6625.0,0.0
0,277200,JAMS,6625.0,64.0,6624.0,199.0,0.0,0.0,6626,64,6627.0,199.0,0.0,0.0,6625.5,0.0
0,277300,JAMS,6625.0,243.0,0.0,0.0,0.0,0.0,6627,243,0.0,0.0,0.0,0.0,6626.0,0.0
0,277400,JAMS,6625.0,184.0,0.0,0.0,0.0,0.0,6627,184,0.0,0.0,0.0,0.0,6626.0,0.0
0,277500,JAMS,6626.0,247.0,0.0,0.0,0.0,0.0,6628,247,0.0,0.0,0.0,0.0,6627.0,0.0
0,277600,JAMS,6626.0,261.0,0.0,0.0,0.0,0.0,6628,261,0.0,0.0,0.0,0.0,6627.0,0.0
0,277700,JAMS,6626.0,256.0,0.0,0.0,0.0,0.0,6628,256,0.0,0.0,0.0,0.0,6627.0,0.0
0,277800,JAMS,6626.0,278.0,0.0,0.0,0.0,0.0,6628,278,0.0,0.0,0.0,0.0,6627.0,0.0
0,277900,JAMS,6626.0,253.0,0.0,0.0,0.0,0.0,6628,253,0.0,0.0,0.0,0.0,6627.0,0.0
0,278000,JAMS,6626.0,240.0,0.0,0.0,0.0,0.0,6628,240,0.0,0.0,0.0,0.0,6627.0,0.0
0,278100,JAMS,6626.0,264.0,0.0,0.0,0.0,0.0,6628,264,0.0,0.0,0.0,0.0,6627.0,0.0
0,278200,JAMS,6627.0,89.0,6626.0,108.0,0.0,0.0,6628,89,6629.0,108.0,0.0,0.0,6627.5,0.0
0,278300,JAMS,6626.0,172.0,0.0,0.0,0.0,0.0,6628,172,0.0,0.0,0.0,0.0,6627.0,0.0
0,278400,JAMS,6627.0,272.0,0.0,0.0,0.0,0.0,6629,272,0.0,0.0,0.0,0.0,6628.0,0.0
0,278500,JAMS,6627.0,242.0,0.0,0.0,0.0,0.0,6629,242,0.0,0.0,0.0,0.0,6628.0,0.0
0,278600,JAMS,6626.0,171.0,0.0,0.0,0.0,0.0,6628,171,0.0,0.0,0.0,0.0,6627.0,0.0
0,278700,JAMS,6626.0,73.0,6625.0,107.0,0.0,0.0,6627,73,6628.0,107.0,0.0,0.0,6626.5,0.0
0,278800,JAMS,6625.0,248.0,0.0,0.0,0.0,0.0,6627,248,0.0,0.0,0.0,0.0,6626.0,0.0
0,278900,JAMS,6627.0,225.0,0.0,0.0,0.0,0.0,6629,225,0.0,0.0,0.0,0.0,6628.0,0.0
0,279000,JAMS,6627.0,254.0,0.0,0.0,0.0,0.0,6629,254,0.0,0.0,0.0,0.0,6628.0,0.0
0,279100,JAMS,6627.0,273.0,0.0,0.0,0.0,0.0,6629,273,0.0,0.0,0.0,0.0,6628.0,0.0
0,279200,JAMS,6627.0,260.0,0.0,0.0,0.0,0.0,6628,4,6629.0,260.0,0.0,0.0,6627.5,0.0
0,279300,JAMS,6627.0,198.0,0.0,0.0,0.0,0.0,6629,198,0.0,0.0,0.0,0.0,6628.0,0.0
0,279400,JAMS,6627.0,213.0,0.0,0.0,0.0,0.0,6629,213,0.0,0.0,0.0,0.0,6628.0,0.0
0,279500,JAMS,6627.0,248.0,0.0,0.0,0.0,0.0,6629,248,0.0,0.0,0.0,0.0,6628.0,0.0
0,279600,JAMS,6627.0,168.0,0.0,0.0,0.0,0.0,6629,168,0.0,0.0,0.0,0.0,6628.0,0.0
0,279700,JAMS,6629.0,259.0,0.0,0.0,0.0,0.0,6631,259,0.0,0.0,0.0,0.0,6630.0,0.0
0,279800,JAMS,6629.0,57.0,6628.0,193.0,0.0,0.0,6630,57,6631.0,193.0,0.0,0.0,6629.5,0.0
0,279900,JAMS,6628.0,217.0,0.0,0.0,0.0,0.0,6630,217,0.0,0.0,0.0,0.0,6629.0,0.0
0,280000,JAMS,6628.0,242.0,0.0,0.0,0.0,0.0,6630,242,0.0,0.0,0.0,0.0,6629.0,0.0
0,280100,JAMS,6628.0,205.0,0.0,0.0,0.0,0.0,6630,205,0.0,0.0,0.0,0.0,6629.0,0.0
0,280200,JAMS,6628.0,174.0,0.0,0.0,0.0,0.0,6630,174,0.0,0.0,0.0,0.0,6629.0,0.0
0,280300,JAMS,6629.0,98.0,6628.0,185.0,0.0,0.0,6630,98,6631.0,185.0,0.0,0.0,6629.5,0.0
0,280400,JAMS,6628.0,210.0,0.0,0.0,0.0,0.0,6630,210,0.0,0.0,0.0,0.0,6629.0,0.0
0,280500,JAMS,6628.0,227.0,0.0,0.0,0.0,0.0,6630,227,0.0,0.0,0.0,0.0,6629.0,0.0
0,280600,JAMS,6628.0,256.0,0.0,0.0,0.0,0.0,6630,256,0.0,0.0,0.0,0.0,6629.0,0.0
0,280700,JAMS,6630.0,183.0,0.0,0.0,0.0,0.0,6632,183,0.0,0.0,0.0,0.0,6631.0,0.0
0,280800,JAMS,6630.0,255.0,0.0,0.0,0.0,0.0,6632,255,0.0,0.0,0.0,0.0,6631.0,0.0
0,280900,JAMS,6631.0,209.0,0.0,0.0,0.0,0.0,6633,209,0.0,0.0,0.0,0.0,6632.0,0.0
0,281000,JAMS,6631.0,250.0,0.0,0.0,0.0,0.0,6633,250,0.0,0.0,0.0,0.0,6632.0,0.0
0,281100,JAMS,6631.0,196.0,0.0,0.0,0.0,0.0,6633,196,0.0,0.0,0.0,0.0,6632.0,0.0
0,281200,JAMS,6631.0,246.0,0.0,0.0,0.0,0.0,6633,257,0.0,0.0,0.0,0.0,6632.0,0.0
0,281300,JAMS,6631.0,282.0,0.0,0.0,0.0,0.0,6633,282,0.0,0.0,0.0,0.0,6632.0,0.0
0,281400,JAMS,6630.0,83.0,6629.0,174.0,0.0,0.0,6631,83,6632.0,174.0,0.0,0.0,6630.5,0.0
0,281500,JAMS,6629.0,224.0,0.0,0.0,0.0,0.0,6631,224,0.0,0.0,0.0,0.0,6630.0,0.0
0,281600,JAMS,6629.0,233.0,0.0,0.0,0.0,0.0,6631,233,0.0,0.0,0.0,0.0,6630.0,0.0
0,281700,JAMS,6629.0,71.0,6628.0,102.0,0.0,0.0,6630,71,6631.0,102.0,0.0,0.0,6629.5,0.0
0,281800,JAMS,6628.0,285.0,0.0,0.0,0.0,0.0,6630,285,0.0,0.0,0.0,0.0,6629.0,0.0
0,281900,JAMS,6628.0,257.0,0.0,0.0,0.0,0.0,6630,257,0.0,0.0,0.0,0.0,6629.0,0.0
0,282000,JAMS,6628.0,197.0,0.0,0.0,0.0,0.0,6630,197,0.0,0.0,0.0,0.0,6629.0,0.0
0,282100,JAMS,6628.0,220.0,0.0,0.0,0.0,0.0,6630,220,0.0,0.0,0.0,0.0,6629.0,0.0
0,282200,JAMS,6629.0,50.0,6628.0,151.0,0.0,0.0,6630,50,6631.0,151.0,0.0,0.0,6629.5,0.0
0,282300,JAMS,6628.0,254.0,0.0,0.0,0.0,0.0,6630,254,0.0,0.0,0.0,0.0,6629.0,0.0
0,282400,JAMS,6628.0,289.0,0.0,0.0,0.0,0.0,6630,289,0.0,0.0,0.0,0.0,6629.0,0.0
0,282500,JAMS,6628.0,248.0,0.0,0.0,0.0,0.0,6630,248,0.0,0.0,0.0,0.0,6629.0,0.0
0,282600,JAMS,6628.0,182.0,0.0,0.0,0.0,0.0,6630,182,0.0,0.0,0.0,0.0,6629.0,0.0
0,282700,JAMS,6628.0,264.0,0.0,0.0,0.0,0.0,6630,264,0.0,0.0,0.0,0.0,6629.0,0.0
0,282800,JAMS,6627.0,209.0,0.0,0.0,0.0,0.0,6629,209,0.0,0.0,0.0,0.0,6628.0,0.0
0,282900,JAMS,6626.0,262.0,0.0,0.0,0.0,0.0,6628,262,0.0,0.0,0.0,0.0,6627.0,0.0
0,283000,JAMS,6626.0,251.0,0.0,0.0,0.0,0.0,6628,251,0.0,0.0,0.0,0.0,6627.0,0.0
0,283100,JAMS,6626.0,185.0,0.0,0.0,0.0,0.0,6628,185,0.0,0.0,0.0,0.0,6627.0,0.0
0,283200,JAMS,6626.0,59.0,6625.0,181.0,0.0,0.0,6627,59,6628.0,181.0,0.0,0.0,6626.5,0.0
0,283300,JAMS,6625.0,214.0,0.0,0.0,0.0,0.0,6627,214,0.0,0.0,0.0,0.0,6626.0,0.0
0,283400,JAMS,6625.0,226.0,0.0,0.0,0.0,0.0,6627,226,0.0,0.0,0.0,0.0,6626.0,0.0
0,283500,JAMS,6625.0,174.0,0.0,0.0,0.0,0.0,6627,174,0.0,0.0,0.0,0.0,6626.0,0.0
0,283600,JAMS,6625.0,227.0,0.0,0.0,0.0,0.0,6627,227,0.0,0.0,0.0,0.0,6626.0,0.0
0,283700,JAMS,6626.0,205.0,0.0,0.0,0.0,0.0,6628,205,0.0,0.0,0.0,0.0,6627.0,0.0
0,283800,JAMS,6626.0,51.0,6625.0,170.0,0.0,0.0,6627,51,6628.0,170.0,0.0,0.0,6626.5,0.0
0,283900,JAMS,6626.0,91.0,6625.0,144.0,0.0,0.0,6627,83,6628.0,144.0,0.0,0.0,6626.5,0.0
0,284000,JAMS,6625.0,231.0,0.0,0.0,0.0,0.0,6627,231,0.0,0.0,0.0,0.0,6626.0,0.0
0,284100,JAMS,6626.0,51.0,6625.0,133.0,0.0,0.0,6627,51,6628.0,133.0,0.0,0.0,6626.5,0.0
0,284200,JAMS,6625.0,255.0,0.0,0.0,0.0,0.0,6627,255,0.0,0.0,0.0,0.0,6626.0,0.0
0,284300,JAMS,6625.0,196.0,0.0,0.0,0.0,0.0,6627,196,0.0,0.0,0.0,0.0,6626.0,0.0
0,284400,JAMS,6625.0,242.0,0.0,0.0,0.0,0.0,6627,242,0.0,0.0,0.0,0.0,6626.0,0.0
0,284500,JAMS,6625.0,60.0,6624.0,184.0,0.0,0.0,6626,60,6627.0,184.0,0.0,0.0,6625.5,0.0
0,284600,JAMS,6624.0,182.0,0.0,0.0,0.0,0.0,6626,182,0.0,0.0,0.0,0.0,6625.0,0.0
0,284700,JAMS,6624.0,201.0,0.0,0.0,0.0,0.0,6626,201,0.0,0.0,0.0,0.0,6625.0,0.0
0,284800,JAMS,6624.0,217.0,0.0,0.0,0.0,0.0,6626,217,0.0,0.0,0.0,0.0,6625.0,0.0
0,284900,JAMS,6624.0,78.0,6623.0,194.0,0.0,0.0,6625,78,6626.0,194.0,0.0,0.0,6624.5,0.0
0,285000,JAMS,6623.0,266.0,0.0,0.0,0.0,0.0,6625,266,0.0,0.0,0.0,0.0,6624.0,0.0
0,285100,JAMS,6623.0,90.0,6622.0,151.0,0.0,0.0,6624,90,6625.0,151.0,0.0,0.0,6623.5,0.0
0,285200,JAMS,6623.0,57.0,6622.0,122.0,0.0,0.0,6624,68,6625.0,122.0,0.0,0.0,6623.5,0.0
0,285300,JAMS,6623.0,77.0,6622.0,116.0,0.0,0.0,6624,77,6625.0,116.0,0.0,0.0,6623.5,0.0
0,285400,JAMS,6623.0,12.0,6622.0,237.0,0.0,0.0,6624,237,0.0,0.0,0.0,0.0,6623.5,0.0
0,285500,JAMS,6622.0,251.0,0.0,0.0,0.0,0.0,6624,251,0.0,0.0,0.0,0.0,6623.0,0.0
0,285600,JAMS,6622.0,229.0,0.0,0.0,0.0,0.0,6624,229,0.0,0.0,0.0,0.0,6623.0,0.0
0,285700,JAMS,6623.0,75.0,6622.0,114.0,0.0,0.0,6624,75,6625.0,114.0,0.0,0.0,6623.5,0.0
0,285800,JAMS,6623.0,84.0,6622.0,167.0,0.0,0.0,6624,84,6625.0,167.0,0.0,0.0,6623.5,0.0
0,285900,JAMS,6623.0,74.0,6622.0,199.0,0.0,0.0,6624,74,6625.0,199.0,0.0,0.0,6623.5,0.0
0,286000,JAMS,6622.0,243.0,0.0,0.0,0.0,0.0,6624,243,0.0,0.0,0.0,0.0,6623.0,0.0
0,286100,JAMS,6622.0,200.0,0.0,0.0,0.0,0.0,6624,200,0.0,0.0,0.0,0.0,6623.0,0.0
0,286200,JAMS,6623.0,5.0,6622.0,242.0,0.0,0.0,6624,242,0.0,0.0,0.0,0.0,6623.5,0.0
0,286300,JAMS,6622.0,249.0,0.0,0.0,0.0,0.0,6624,237,0.0,0.0,0.0,0.0,6623.0,0.0
0,286400,JAMS,6621.0,165.0,0.0,0.0,0.0,0.0,6623,165,0.0,0.0,0.0,0.0,6622.0,0.0
0,286500,JAMS,6622.0,11.0,6621.0,165.0,0.0,0.0,6623,165,0.0,0.0,0.0,0.0,6622.5,0.0
0,286600,JAMS,6621.0,211.0,0.0,0.0,0.0,0.0,6623,211,0.0,0.0,0.0,0.0,6622.0,0.0
0,286700,JAMS,6622.0,58.0,6621.0,186.0,0.0,0.0,6623,58,6624.0,186.0,0.0,0.0,6622.5,0.0
0,286800,JAMS,6622.0,51.0,6621.0,174.0,0.0,0.0,6623,51,6624.0,174.0,0.0,0.0,6622.5,0.0
0,286900,JAMS,6622.0,98.0,6621.0,114.0,0.0,0.0,6623,98,6624.0,114.0,0.0,0.0,6622.5,0.0
0,287000,JAMS,6622.0,272.0,0.0,0.0,0.0,0.0,6623,98,6624.0,174.0,0.0,0.0,6622.5,0.0
0,287100,JAMS,6622.0,62.0,6621.0,187.0,0.0,0.0,6623,249,0.0,0.0,0.0,0.0,6622.5,0.0
0,287200,JAMS,6622.0,71.0,6621.0,130.0,0.0,0.0,6623,201,0.0,0.0,0.0,0.0,6622.5,0.0
0,287300,JAMS,6622.0,74.0,6621.0,116.0,0.0,0.0,6623,74,6624.0,116.0,0.0,0.0,6622.5,0.0
0,287400,JAMS,6622.0,95.0,6621.0,163.0,0.0,0.0,6623,95,6624.0,163.0,0.0,0.0,6622.5,0.0
0,287500,JAMS,6622.0,84.0,6621.0,146.0,0.0,0.0,6623,84,6624.0,146.0,0.0,0.0,6622.5,0.0
0,287600,JAMS,6621.0,228.0,0.0,0.0,0.0,0.0,6623,228,0.0,0.0,0.0,0.0,6622.0,0.0
0,287700,JAMS,6621.0,258.0,0.0,0.0,0.0,0.0,6623,258,0.0,0.0,0.0,0.0,6622.0,0.0
0,287800,JAMS,6622.0,76.0,6621.0,127.0,0.0,0.0,6623,76,6624.0,127.0,0.0,0.0,6622.5,0.0
0,287900,JAMS,6622.0,57.0,6621.0,109.0,0.0,0.0,6623,57,6624.0,109.0,0.0,0.0,6622.5,0.0
0,288000,JAMS,6621.0,201.0,0.0,0.0,0.0,0.0,6623,201,0.0,0.0,0.0,0.0,6622.0,0.0
0,288100,JAMS,6622.0,86.0,6621.0,120.0,0.0,0.0,6623,86,6624.0,120.0,0.0,0.0,6622.5,0.0
0,288200,JAMS,6622.0,192.0,0.0,0.0,0.0,0.0,6624,192,0.0,0.0,0.0,0.0,6623.0,0.0
0,288300,JAMS,6622.0,248.0,0.0,0.0,0.0,0.0,6624,248,0.0,0.0,0.0,0.0,6623.0,0.0
0,288400,JAMS,6622.0,202.0,0.0,0.0,0.0,0.0,6624,202,0.0,0.0,0.0,0.0,6623.0,0.0
0,288500,JAMS,6622.0,272.0,0.0,0.0,0.0,0.0,6624,272,0.0,0.0,0.0,0.0,6623.0,0.0
0,288600,JAMS,6622.0,211.0,0.0,0.0,0.0,0.0,6624,211,0.0,0.0,0.0,0.0,6623.0,0.0
0,288700,JAMS,6622.0,280.0,0.0,0.0,0.0,0.0,6624,280,0.0,0.0,0.0,0.0,6623.0,0.0
0,288800,JAMS,6622.0,271.0,0.0,0.0,0.0,0.0,6624,271,0.0,0.0,0.0,0.0,6623.0,0.0
0,288900,JAMS,6622.0,201.0,0.0,0.0,0.0,0.0,6624,201,0.0,0.0,0.0,0.0,6623.0,0.0
0,289000,JAMS,6622.0,234.0,0.0,0.0,0.0,0.0,6624,234,0.0,0.0,0.0,0.0,6623.0,0.0
0,289100,JAMS,6622.0,225.0,0.0,0.0,0.0,0.0,6624,225,0.0,0.0,0.0,0.0,6623.0,0.0
0,289200,JAMS,6622.0,259.0,0.0,0.0,0.0,0.0,6624,259,0.0,0.0,0.0,0.0,6623.0,0.0
0,289300,JAMS,6622.0,68.0,6621.0,132.0,0.0,0.0,6623,68,6624.0,132.0,0.0,0.0,6622.5,0.0
0,289400,JAMS,6621.0,235.0,0.0,0.0,0.0,0.0,6623,235,0.0,0.0,0.0,0.0,6622.0,0.0
0,289500,JAMS,6621.0,206.0,0.0,0.0,0.0,0.0,6623,206,0.0,0.0,0.0,0.0,6622.0,0.0
0,289600,JAMS,6621.0,223.0,0.0,0.0,0.0,0.0,6623,223,0.0,0.0,0.0,0.0,6622.0,0.0
0,289700,JAMS,6621.0,94.0,6620.0,161.0,0.0,0.0,6622,94,6623.0,161.0,0.0,0.0,6621.5,0.0
0,289800,JAMS,6620.0,53.0,6619.0,104.0,0.0,0.0,6621,53,6622.0,104.0,0.0,0.0,6620.5,0.0
0,289900,JAMS,6620.0,166.0,0.0,0.0,0.0,0.0,6622,166,0.0,0.0,0.0,0.0,6621.0,0.0
0,290000,JAMS,6620.0,228.0,0.0,0.0,0.0,0.0,6622,228,0.0,0.0,0.0,0.0,6621.0,0.0
0,290100,JAMS,6620.0,212.0,0.0,0.0,0.0,0.0,6622,212,0.0,0.0,0.0,0.0,6621.0,0.0
0,290200,JAMS,6620.0,75.0,6619.0,136.0,0.0,0.0,6621,75,6622.0,136.0,0.0,0.0,6620.5,0.0
0,290300,JAMS,6620.0,97.0,6619.0,142.0,0.0,0.0,6621,97,6622.0,142.0,0.0,0.0,6620.5,0.0
0,290400,JAMS,6620.0,93.0,6619.0,149.0,0.0,0.0,6621,93,6622.0,149.0,0.0,0.0,6620.5,0.0
0,290500,JAMS,6620.0,77.0,6619.0,101.0,0.0,0.0,6621,77,6622.0,101.0,0.0,0.0,6620.5,0.0
0,290600,JAMS,6620.0,99.0,6619.0,134.0,0.0,0.0,6621,99,6622.0,134.0,0.0,0.0,6620.5,0.0
0,290700,JAMS,6620.0,222.0,0.0,0.0,0.0,0.0,6622,222,0.0,0.0,0.0,0.0,6621.0,0.0
0,290800,JAMS,6620.0,169.0,0.0,0.0,0.0,0.0,6622,169,0.0,0.0,0.0,0.0,6621.0,0.0
0,290900,JAMS,6620.0,242.0,0.0,0.0,0.0,0.0,6622,242,0.0,0.0,0.0,0.0,6621.0,0.0
0,291000,JAMS,6620.0,210.0,0.0,0.0,0.0,0.0,6621,95,6622.0,115.0,0.0,0.0,6620.5,0.0
0,291100,JAMS,6620.0,52.0,6619.0,149.0,0.0,0.0,6621,52,6622.0,149.0,0.0,0.0,6620.5,0.0
0,291200,JAMS,6619.0,236.0,0.0,0.0,0.0,0.0,6620,12,6621.0,236.0,0.0,0.0,6619.5,0.0
0,291300,JAMS,6620.0,67.0,6619.0,113.0,0.0,0.0,6621,67,6622.0,113.0,0.0,0.0,6620.5,0.0
0,291400,JAMS,6620.0,187.0,0.0,0.0,0.0,0.0,6622,187,0.0,0.0,0.0,0.0,6621.0,0.0
0,291500,JAMS,6622.0,98.0,6621.0,179.0,0.0,0.0,6623,98,6624.0,179.0,0.0,0.0,6622.5,0.0
0,291600,JAMS,6621.0,176.0,0.0,0.0,0.0,0.0,6623,176,0.0,0.0,0.0,0.0,6622.0,0.0
0,291700,JAMS,6621.0,87.0,6620.0,167.0,0.0,0.0,6622,99,6623.0,167.0,0.0,0.0,6621.5,0.0
0,291800,JAMS,6620.0,223.0,0.0,0.0,0.0,0.0,6622,217,0.0,0.0,0.0,0.0,6621.0,0.0
0,291900,JAMS,6620.0,197.0,0.0,0.0,0.0,0.0,6622,197,0.0,0.0,0.0,0.0,6621.0,0.0
0,292000,JAMS,6620.0,185.0,0.0,0.0,0.0,0.0,6622,185,0.0,0.0,0.0,0.0,6621.0,0.0
0,292100,JAMS,6620.0,91.0,6619.0,104.0,0.0,0.0,6621,91,6622.0,104.0,0.0,0.0,6620.5,0.0
0,292200,JAMS,6619.0,206.0,0.0,0.0,0.0,0.0,6620,7,6621.0,206.0,0.0,0.0,6619.5,0.0
0,292300,JAMS,6620.0,84.0,6619.0,134.0,0.0,0.0,6621,84,6622.0,134.0,0.0,0.0,6620.5,0.0
0,292400,JAMS,6619.0,199.0,0.0,0.0,0.0,0.0,6621,199,0.0,0.0,0.0,0.0,6620.0,0.0
0,292500,JAMS,6620.0,95.0,6619.0,105.0,0.0,0.0,6621,95,6622.0,105.0,0.0,0.0,6620.5,0.0
0,292600,JAMS,6620.0,70.0,6619.0,177.0,0.0,0.0,6621,70,6622.0,177.0,0.0,0.0,6620.5,0.0
0,292700,JAMS,6620.0,58.0,6619.0,190.0,0.0,0.0,6621,58,6622.0,190.0,0.0,0.0,6620.5,0.0
0,292800,JAMS,6620.0,89.0,6619.0,196.0,0.0,0.0,6621,89,6622.0,196.0,0.0,0.0,6620.5,0.0
0,292900,JAMS,6619.0,253.0,0.0,0.0,0.0,0.0,6621,253,0.0,0.0,0.0,0.0,6620.0,0.0
0,293000,JAMS,6619.0,182.0,0.0,0.0,0.0,0.0,6621,182,0.0,0.0,0.0,0.0,6620.0,0.0
0,293100,JAMS,6619.0,193.0,0.0,0.0,0.0,0.0,6621,193,0.0,0.0,0.0,0.0,6620.0,0.0
0,293200,JAMS,6619.0,250.0,0.0,0.0,0.0,0.0,6621,250,0.0,0.0,0.0,0.0,6620.0,0.0
0,293300,JAMS,6619.0,187.0,0.0,0.0,0.0,0.0,6621,187,0.0,0.0,0.0,0.0,6620.0,0.0
0,293400,JAMS,6619.0,173.0,0.0,0.0,0.0,0.0,6621,173,0.0,0.0,0.0,0.0,6620.0,0.0
0,293500,JAMS,6619.0,258.0,0.0,0.0,0.0,0.0,6621,258,0.0,0.0,0.0,0.0,6620.0,0.0
0,293600,JAMS,6620.0,50.0,6619.0,156.0,0.0,0.0,6621,50,6622.0,156.0,0.0,0.0,6620.5,0.0
0,293700,JAMS,6620.0,78.0,6619.0,109.0,0.0,0.0,6621,78,6622.0,109.0,0.0,0.0,6620.5,0.0
0,293800,JAMS,6619.0,261.0,0.0,0.0,0.0,0.0,6621,261,0.0,0.0,0.0,0.0,6620.0,0.0
0,293900,JAMS,6619.0,209.0,0.0,0.0,0.0,0.0,6621,209,0.0,0.0,0.0,0.0,6620.0,0.0
0,294000,JAMS,6619.0,185.0,0.0,0.0,0.0,0.0,6621,185,0.0,0.0,0.0,0.0,6620.0,0.0
0,294100,JAMS,6619.0,264.0,0.0,0.0,0.0,0.0,6621,264,0.0,0.0,0.0,0.0,6620.0,0.0
0,294200,JAMS,6619.0,267.0,0.0,0.0,0.0,0.0,6621,267,0.0,0.0,0.0,0.0,6620.0,0.0
0,294300,JAMS,6619.0,171.0,0.0,0.0,0.0,0.0,6621,171,0.0,0.0,0.0,0.0,6620.0,0.0
0,294400,JAMS,6619.0,261.0,0.0,0.0,0.0,0.0,6621,261,0.0,0.0,0.0,0.0,6620.0,0.0
0,294500,JAMS,6620.0,80.0,6619.0,197.0,0.0,0.0,6621,80,6622.0,197.0,0.0,0.0,6620.5,0.0
0,294600,JAMS,6620.0,219.0,0.0,0.0,0.0,0.0,6622,219,0.0,0.0,0.0,0.0,6621.0,0.0
0,294700,JAMS,6620.0,260.0,0.0,0.0,0.0,0.0,6622,260,0.0,0.0,0.0,0.0,6621.0,0.0
0,294800,JAMS,6620.0,203.0,0.0,0.0,0.0,0.0,6622,203,0.0,0.0,0.0,0.0,6621.0,0.0
0,294900,JAMS,6620.0,271.0,0.0,0.0,0.0,0.0,6622,271,0.0,0.0,0.0,0.0,6621.0,0.0
0,295000,JAMS,6620.0,215.0,0.0,0.0,0.0,0.0,6621,3,6622.0,215.0,0.0,0.0,6620.5,0.0
0,295100,JAMS,6620.0,214.0,0.0,0.0,0.0,0.0,6622,214,0.0,0.0,0.0,0.0,6621.0,0.0
0,295200,JAMS,6620.0,95.0,6619.0,178.0,0.0,0.0,6621,95,6622.0,178.0,0.0,0.0,6620.5,0.0
0,295300,JAMS,6620.0,79.0,6619.0,103.0,0.0,0.0,6621,79,6622.0,103.0,0.0,0.0,6620.5,0.0
0,295400,JAMS,6619.0,247.0,0.0,0.0,0.0,0.0,6621,247,0.0,0.0,0.0,0.0,6620.0,0.0
0,295500,JAMS,6619.0,226.0,0.0,0.0,0.0,0.0,6621,226,0.0,0.0,0.0,0.0,6620.0,0.0
0,295600,JAMS,6619.0,232.0,0.0,0.0,0.0,0.0,6621,232,0.0,0.0,0.0,0.0,6620.0,0.0
0,295700,JAMS,6619.0,215.0,0.0,0.0,0.0,0.0,6621,215,0.0,0.0,0.0,0.0,6620.0,0.0
0,295800,JAMS,6619.0,189.0,0.0,0.0,0.0,0.0,6621,189,0.0,0.0,0.0,0.0,6620.0,0.0
0,295900,JAMS,6619.0,279.0,0.0,0.0,0.0,0.0,6621,279,0.0,0.0,0.0,0.0,6620.0,0.0
0,296000,JAMS,6619.0,224.0,0.0,0.0,0.0,0.0,6620,12,6621.0,224.0,0.0,0.0,6619.5,0.0
0,296100,JAMS,6619.0,279.0,0.0,0.0,0.0,0.0,6621,279,0.0,0.0,0.0,0.0,6620.0,0.0
0,296200,JAMS,6619.0,259.0,0.0,0.0,0.0,0.0,6621,259,0.0,0.0,0.0,0.0,6620.0,0.0
0,296300,JAMS,6619.0,171.0,0.0,0.0,0.0,0.0,6621,171,0.0,0.0,0.0,0.0,6620.0,0.0
0,296400,JAMS,6619.0,263.0,0.0,0.0,0.0,0.0,6621,263,0.0,0.0,0.0,0.0,6620.0,0.0
0,296500,JAMS,6620.0,75.0,6619.0,162.0,0.0,0.0,6621,75,6622.0,162.0,0.0,0.0,6620.5,0.0
0,296600,JAMS,6620.0,94.0,6619.0,146.0,0.0,0.0,6621,94,6622.0,146.0,0.0,0.0,6620.5,0.0
0,296700,JAMS,6620.0,98.0,6619.0,185.0,0.0,0.0,6621,98,6622.0,185.0,0.0,0.0,6620.5,0.0
0,296800,JAMS,6620.0,217.0,0.0,0.0,0.0,0.0,6622,217,0.0,0.0,0.0,0.0,6621.0,0.0
0,296900,JAMS,6620.0,76.0,6619.0,184.0,0.0,0.0,6621,76,6622.0,184.0,0.0,0.0,6620.5,0.0
0,297000,JAMS,6620.0,76.0,6619.0,174.0,0.0,0.0,6621,76,6622.0,174.0,0.0,0.0,6620.5,0.0
0,297100,JAMS,6620.0,218.0,0.0,0.0,0.0,0.0,6622,218,0.0,0.0,0.0,0.0,6621.0,0.0
0,297200,JAMS,6620.0,76.0,6619.0,175.0,0.0,0.0,6621,76,6622.0,175.0,0.0,0.0,6620.5,0.0
0,297300,JAMS,6620.0,87.0,6619.0,198.0,0.0,0.0,6621,87,6622.0,198.0,0.0,0.0,6620.5,0.0
0,297400,JAMS,6620.0,79.0,6619.0,169.0,0.0,0.0,6621,79,6622.0,169.0,0.0,0.0,6620.5,0.0
0,297500,JAMS,6619.0,266.0,0.0,0.0,0.0,0.0,6621,266,0.0,0.0,0.0,0.0,6620.0,0.0
0,297600,JAMS,6619.0,221.0,0.0,0.0,0.0,0.0,6620,4,6621.0,221.0,0.0,0.0,6619.5,0.0
0,297700,JAMS,6619.0,211.0,0.0,0.0,0.0,0.0,6621,211,0.0,0.0,0.0,0.0,6620.0,0.0
0,297800,JAMS,6619.0,195.0,0.0,0.0,0.0,0.0,6621,195,0.0,0.0,0.0,0.0,6620.0,0.0
0,297900,JAMS,6619.0,91.0,6618.0,194.0,0.0,0.0,6620,91,6621.0,194.0,0.0,0.0,6619.5,0.0
0,298000,JAMS,6619.0,54.0,6618.0,175.0,0.0,0.0,6620,54,6621.0,175.0,0.0,0.0,6619.5,0.0
0,298100,JAMS,6619.0,71.0,6618.0,175.0,0.0,0.0,6620,71,6621.0,175.0,0.0,0.0,6619.5,0.0
0,298200,JAMS,6618.0,188.0,0.0,0.0,0.0,0.0,6620,188,0.0,0.0,0.0,0.0,6619.0,0.0
0,298300,JAMS,6618.0,184.0,0.0,0.0,0.0,0.0,6620,184,0.0,0.0,0.0,0.0,6619.0,0.0
0,298400,JAMS,6618.0,245.0,0.0,0.0,0.0,0.0,6620,245,0.0,0.0,0.0,0.0,6619.0,0.0
0,298500,JAMS,6618.0,198.0,0.0,0.0,0.0,0.0,6620,198,0.0,0.0,0.0,0.0,6619.0,0.0
0,298600,JAMS,6619.0,193.0,0.0,0.0,0.0,0.0,6621,193,0.0,0.0,0.0,0.0,6620.0,0.0
0,298700,JAMS,6619.0,208.0,0.0,0.0,0.0,0.0,6621,208,0.0,0.0,0.0,0.0,6620.0,0.0
0,298800,JAMS,6619.0,209.0,0.0,0.0,0.0,0.0,6621,209,0.0,0.0,0.0,0.0,6620.0,0.0
0,298900,JAMS,6620.0,68.0,6619.0,167.0,0.0,0.0,6621,68,6622.0,167.0,0.0,0.0,6620.5,0.0
0,299000,JAMS,6620.0,72.0,6619.0,173.0,0.0,0.0,6621,72,6622.0,173.0,0.0,0.0,6620.5,0.0
0,299100,JAMS,6619.0,209.0,0.0,0.0,0.0,0.0,6621,209,0.0,0.0,0.0,0.0,6620.0,0.0
0,299200,JAMS,6620.0,56.0,6619.0,162.0,0.0,0.0,6621,56,6622.0,162.0,0.0,0.0,6620.5,0.0
0,299300,JAMS,6620.0,82.0,6619.0,163.0,0.0,0.0,6621,82,6622.0,163.0,0.0,0.0,6620.5,0.0
0,299400,JAMS,6620.0,274.0,0.0,0.0,0.0,0.0,6622,274,0.0,0.0,0.0,0.0,6621.0,0.0
0,299500,JAMS,6620.0,97.0,6619.0,174.0,0.0,0.0,6621,97,6622.0,174.0,0.0,0.0,6620.5,0.0
0,299600,JAMS,6620.0,51.0,6619.0,175.0,0.0,0.0,6621,51,6622.0,175.0,0.0,0.0,6620.5,0.0
0,299700,JAMS,6619.0,214.0,0.0,0.0,0.0,0.0,6621,214,0.0,0.0,0.0,0.0,6620.0,0.0
0,299800,JAMS,6619.0,189.0,0.0,0.0,0.0,0.0,6621,189,0.0,0.0,0.0,0.0,6620.0,0.0
0,299900,JAMS,6619.0,259.0,0.0,0.0,0.0,0.0,6621,259,0.0,0.0,0.0,0.0,6620.0,0.0
0,300000,JAMS,6619.0,281.0,0.0,0.0,0.0,0.0,6621,281,0.0,0.0,0.0,0.0,6620.0,0.0
0,300100,JAMS,6619.0,213.0,0.0,0.0,0.0,0.0,6621,213,0.0,0.0,0.0,0.0,6620.0,0.0
0,300200,JAMS,6619.0,257.0,0.0,0.0,0.0,0.0,6621,257,0.0,0.0,0.0,0.0,6620.0,0.0
0,300300,JAMS,6619.0,275.0,0.0,0.0,0.0,0.0,6621,275,0.0,0.0,0.0,0.0,6620.0,0.0
0,300400,JAMS,6619.0,229.0,0.0,0.0,0.0,0.0,6621,229,0.0,0.0,0.0,0.0,6620.0,0.0
0,300500,JAMS,6619.0,209.0,0.0,0.0,0.0,0.0,6621,209,0.0,0.0,0.0,0.0,6620.0,0.0
0,300600,JAMS,6620.0,53.0,6619.0,145.0,0.0,0.0,6621,53,6622.0,145.0,0.0,0.0,6620.5,0.0
0,300700,JAMS,6620.0,73.0,6619.0,125.0,0.0,0.0,6621,73,6622.0,125.0,0.0,0.0,6620.5,0.0
0,300800,JAMS,6620.0,69.0,6619.0,156.0,0.0,0.0,6621,69,6622.0,156.0,0.0,0.0,6620.5,0.0
0,300900,JAMS,6619.0,258.0,0.0,0.0,0.0,0.0,6621,258,0.0,0.0,0.0,0.0,6620.0,0.0
0,301000,JAMS,6619.0,239.0,0.0,0.0,0.0,0.0,6621,239,0.0,0.0,0.0,0.0,6620.0,0.0
0,301100,JAMS,6620.0,61.0,6619.0,173.0,0.0,0.0,6621,61,6622.0,173.0,0.0,0.0,6620.5,0.0
0,301200,JAMS,6619.0,241.0,0.0,0.0,0.0,0.0,6621,241,0.0,0.0,0.0,0.0,6620.0,0.0
0,301300,JAMS,6620.0,85.0,6619.0,151.0,0.0,0.0,6621,85,6622.0,151.0,0.0,0.0,6620.5,0.0
0,301400,JAMS,6620.0,232.0,0.0,0.0,0.0,0.0,6622,224,0.0,0.0,0.0,0.0,6621.0,0.0
0,301500,JAMS,6620.0,224.0,0.0,0.0,0.0,0.0,6622,224,0.0,0.0,0.0,0.0,6621.0,0.0
0,301600,JAMS,6621.0,265.0,0.0,0.0,0.0,0.0,6623,265,0.0,0.0,0.0,0.0,6622.0,0.0
0,301700,JAMS,6622.0,73.0,6621.0,100.0,0.0,0.0,6623,73,6624.0,100.0,0.0,0.0,6622.5,0.0
0,301800,JAMS,6622.0,75.0,6621.0,153.0,0.0,0.0,6623,75,6624.0,153.0,0.0,0.0,6622.5,0.0
0,301900,JAMS,6622.0,99.0,6621.0,163.0,0.0,0.0,6623,99,6624.0,163.0,0.0,0.0,6622.5,0.0
0,302000,JAMS,6622.0,96.0,6621.0,136.0,0.0,0.0,6623,96,6624.0,136.0,0.0,0.0,6622.5,0.0
0,302100,JAMS,6623.0,6.0,6622.0,180.0,0.0,0.0,6624,180,0.0,0.0,0.0,0.0,6623.5,0.0
0,302200,JAMS,6622.0,86.0,6621.0,122.0,0.0,0.0,6623,86,6624.0,122.0,0.0,0.0,6622.5,0.0
0,302300,JAMS,6622.0,202.0,0.0,0.0,0.0,0.0,6624,208,0.0,0.0,0.0,0.0,6623.0,0.0
0,302400,JAMS,6622.0,208.0,0.0,0.0,0.0,0.0,6624,208,0.0,0.0,0.0,0.0,6623.0,0.0
0,302500,JAMS,6623.0,74.0,6622.0,152.0,0.0,0.0,6624,65,6625.0,152.0,0.0,0.0,6623.5,0.0
0,302600,JAMS,6623.0,49.0,6622.0,149.0,0.0,0.0,6624,59,6625.0,149.0,0.0,0.0,6623.5,0.0
0,302700,JAMS,6623.0,10.0,6622.0,202.0,0.0,0.0,6624,202,0.0,0.0,0.0,0.0,6623.5,0.0
0,302800,JAMS,6622.0,241.0,0.0,0.0,0.0,0.0,6624,241,0.0,0.0,0.0,0.0,6623.0,0.0
0,302900,JAMS,6623.0,83.0,6622.0,100.0,0.0,0.0,6624,83,6625.0,100.0,0.0,0.0,6623.5,0.0
0,303000,JAMS,6624.0,58.0,6623.0,184.0,0.0,0.0,6625,67,6626.0,184.0,0.0,0.0,6624.5,0.0
0,303100,JAMS,6624.0,96.0,6623.0,156.0,0.0,0.0,6625,96,6626.0,156.0,0.0,0.0,6624.5,0.0
0,303200,JAMS,6623.0,185.0,0.0,0.0,0.0,0.0,6625,185,0.0,0.0,0.0,0.0,6624.0,0.0
0,303300,JAMS,6623.0,291.0,0.0,0.0,0.0,0.0,6625,291,0.0,0.0,0.0,0.0,6624.0,0.0
0,303400,JAMS,6623.0,230.0,0.0,0.0,0.0,0.0,6625,230,0.0,0.0,0.0,0.0,6624.0,0.0
0,303500,JAMS,6623.0,192.0,0.0,0.0,0.0,0.0,6625,192,0.0,0.0,0.0,0.0,6624.0,0.0
0,303600,JAMS,6623.0,264.0,0.0,0.0,0.0,0.0,6625,264,0.0,0.0,0.0,0.0,6624.0,0.0
0,303700,JAMS,6623.0,210.0,0.0,0.0,0.0,0.0,6625,210,0.0,0.0,0.0,0.0,6624.0,0.0
0,303800,JAMS,6623.0,227.0,0.0,0.0,0.0,0.0,6625,227,0.0,0.0,0.0,0.0,6624.0,0.0
0,303900,JAMS,6623.0,250.0,0.0,0.0,0.0,0.0,6625,250,0.0,0.0,0.0,0.0,6624.0,0.0
0,304000,JAMS,6623.0,277.0,0.0,0.0,0.0,0.0,6625,277,0.0,0.0,0.0,0.0,6624.0,0.0
0,304100,JAMS,6624.0,8.0,6623.0,254.0,0.0,0.0,6625,254,0.0,0.0,0.0,0.0,6624.5,0.0
0,304200,JAMS,6623.0,216.0,0.0,0.0,0.0,0.0,6625,216,0.0,0.0,0.0,0.0,6624.0,0.0
0,304300,JAMS,6623.0,247.0,0.0,0.0,0.0,0.0,6625,247,0.0,0.0,0.0,0.0,6624.0,0.0
0,304400,JAMS,6622.0,176.0,0.0,0.0,0.0,0.0,6624,176,0.0,0.0,0.0,0.0,6623.0,0.0
0,304500,JAMS,6622.0,224.0,0.0,0.0,0.0,0.0,6624,224,0.0,0.0,0.0,0.0,6623.0,0.0
0,304600,JAMS,6622.0,247.0,0.0,0.0,0.0,0.0,6624,247,0.0,0.0,0.0,0.0,6623.0,0.0
0,304700,JAMS,6622.0,189.0,0.0,0.0,0.0,0.0,6624,189,0.0,0.0,0.0,0.0,6623.0,0.0
0,304800,JAMS,6622.0,278.0,0.0,0.0,0.0,0.0,6624,278,0.0,0.0,0.0,0.0,6623.0,0.0
0,304900,JAMS,6622.0,91.0,6621.0,127.0,0.0,0.0,6623,91,6624.0,127.0,0.0,0.0,6622.5,0.0
0,305000,JAMS,6622.0,92.0,6621.0,130.0,0.0,0.0,6623,100,6624.0,130.0,0.0,0.0,6622.5,0.0
0,305100,JAMS,6622.0,90.0,6621.0,108.0,0.0,0.0,6623,90,6624.0,108.0,0.0,0.0,6622.5,0.0
0,305200,JAMS,6622.0,6.0,6621.0,188.0,0.0,0.0,6623,188,0.0,0.0,0.0,0.0,6622.5,0.0
0,305300,JAMS,6622.0,208.0,0.0,0.0,0.0,0.0,6624,208,0.0,0.0,0.0,0.0,6623.0,0.0
0,305400,JAMS,6622.0,187.0,0.0,0.0,0.0,0.0,6624,187,0.0,0.0,0.0,0.0,6623.0,0.0
0,305500,JAMS,6622.0,249.0,0.0,0.0,0.0,0.0,6624,249,0.0,0.0,0.0,0.0,6623.0,0.0
0,305600,JAMS,6622.0,68.0,6621.0,173.0,0.0,0.0,6623,68,6624.0,173.0,0.0,0.0,6622.5,0.0
0,305700,JAMS,6622.0,272.0,0.0,0.0,0.0,0.0,6624,272,0.0,0.0,0.0,0.0,6623.0,0.0
0,305800,JAMS,6622.0,267.0,0.0,0.0,0.0,0.0,6624,267,0.0,0.0,0.0,0.0,6623.0,0.0
0,305900,JAMS,6622.0,218.0,0.0,0.0,0.0,0.0,6624,218,0.0,0.0,0.0,0.0,6623.0,0.0
0,306000,JAMS,6621.0,198.0,0.0,0.0,0.0,0.0,6623,198,0.0,0.0,0.0,0.0,6622.0,0.0
0,306100,JAMS,6622.0,100.0,6621.0,137.0,0.0,0.0,6623,100,6624.0,137.0,0.0,0.0,6622.5,0.0
0,306200,JAMS,6622.0,99.0,6621.0,196.0,0.0,0.0,6623,99,6624.0,196.0,0.0,0.0,6622.5,0.0
0,306300,JAMS,6621.0,237.0,0.0,0.0,0.0,0.0,6623,237,0.0,0.0,0.0,0.0,6622.0,0.0
0,306400,JAMS,6622.0,4.0,6621.0,201.0,0.0,0.0,6623,201,0.0,0.0,0.0,0.0,6622.5,0.0
0,306500,JAMS,6621.0,252.0,0.0,0.0,0.0,0.0,6623,252,0.0,0.0,0.0,0.0,6622.0,0.0
0,306600,JAMS,6621.0,231.0,0.0,0.0,0.0,0.0,6623,231,0.0,0.0,0.0,0.0,6622.0,0.0
0,306700,JAMS,6621.0,174.0,0.0,0.0,0.0,0.0,6623,174,0.0,0.0,0.0,0.0,6622.0,0.0
0,306800,JAMS,6621.0,228.0,0.0,0.0,0.0,0.0,6623,228,0.0,0.0,0.0,0.0,6622.0,0.0
0,306900,JAMS,6621.0,231.0,0.0,0.0,0.0,0.0,6623,231,0.0,0.0,0.0,0.0,6622.0,0.0
0,307000,JAMS,6621.0,248.0,0.0,0.0,0.0,0.0,6623,248,0.0,0.0,0.0,0.0,6622.0,0.0
0,307100,JAMS,6621.0,266.0,0.0,0.0,0.0,0.0,6623,266,0.0,0.0,0.0,0.0,6622.0,0.0
0,307200,JAMS,6622.0,91.0,6621.0,105.0,0.0,0.0,6623,91,6624.0,105.0,0.0,0.0,6622.5,0.0
0,307300,JAMS,6622.0,91.0,6621.0,141.0,0.0,0.0,6623,91,6624.0,141.0,0.0,0.0,6622.5,0.0
0,307400,JAMS,6622.0,62.0,6621.0,172.0,0.0,0.0,6623,62,6624.0,172.0,0.0,0.0,6622.5,0.0
0,307500,JAMS,6621.0,170.0,0.0,0.0,0.0,0.0,6623,170,0.0,0.0,0.0,0.0,6622.0,0.0
0,307600,JAMS,6621.0,259.0,0.0,0.0,0.0,0.0,6623,259,0.0,0.0,0.0,0.0,6622.0,0.0
0,307700,JAMS,6621.0,222.0,0.0,0.0,0.0,0.0,6623,222,0.0,0.0,0.0,0.0,6622.0,0.0
0,307800,JAMS,6622.0,9.0,6621.0,230.0,0.0,0.0,6623,230,0.0,0.0,0.0,0.0,6622.5,0.0
0,307900,JAMS,6622.0,81.0,6621.0,120.0,0.0,0.0,6623,81,6624.0,120.0,0.0,0.0,6622.5,0.0
0,308000,JAMS,6623.0,7.0,6622.0,228.0,0.0,0.0,6624,228,0.0,0.0,0.0,0.0,6623.5,0.0
0,308100,JAMS,6622.0,269.0,0.0,0.0,0.0,0.0,6624,269,0.0,0.0,0.0,0.0,6623.0,0.0
0,308200,JAMS,6622.0,178.0,0.0,0.0,0.0,0.0,6624,178,0.0,0.0,0.0,0.0,6623.0,0.0
0,308300,JAMS,6622.0,258.0,0.0,0.0,0.0,0.0,6624,258,0.0,0.0,0.0,0.0,6623.0,0.0
0,308400,JAMS,6622.0,204.0,0.0,0.0,0.0,0.0,6624,204,0.0,0.0,0.0,0.0,6623.0,0.0
0,308500,JAMS,6622.0,269.0,0.0,0.0,0.0,0.0,6624,269,0.0,0.0,0.0,0.0,6623.0,0.0
0,308600,JAMS,6622.0,190.0,0.0,0.0,0.0,0.0,6624,190,0.0,0.0,0.0,0.0,6623.0,0.0
0,308700,JAMS,6622.0,182.0,0.0,0.0,0.0,0.0,6624,182,0.0,0.0,0.0,0.0,6623.0,0.0
0,308800,JAMS,6621.0,187.0,0.0,0.0,0.0,0.0,6623,187,0.0,0.0,0.0,0.0,6622.0,0.0
0,308900,JAMS,6622.0,7.0,6621.0,223.0,0.0,0.0,6623,223,0.0,0.0,0.0,0.0,6622.5,0.0
0,309000,JAMS,6621.0,253.0,0.0,0.0,0.0,0.0,6623,253,0.0,0.0,0.0,0.0,6622.0,0.0
0,309100,JAMS,6621.0,215.0,0.0,0.0,0.0,0.0,6623,208,0.0,0.0,0.0,0.0,6622.0,0.0
0,309200,JAMS,6621.0,182.0,0.0,0.0,0.0,0.0,6623,182,0.0,0.0,0.0,0.0,6622.0,0.0
0,309300,JAMS,6621.0,213.0,0.0,0.0,0.0,0.0,6623,224,0.0,0.0,0.0,0.0,6622.0,0.0
0,309400,JAMS,6621.0,169.0,0.0,0.0,0.0,0.0,6623,169,0.0,0.0,0.0,0.0,6622.0,0.0
0,309500,JAMS,6621.0,248.0,0.0,0.0,0.0,0.0,6623,248,0.0,0.0,0.0,0.0,6622.0,0.0
0,309600,JAMS,6621.0,208.0,0.0,0.0,0.0,0.0,6623,215,0.0,0.0,0.0,0.0,6622.0,0.0
0,309700,JAMS,6621.0,249.0,0.0,0.0,0.0,0.0,6623,249,0.0,0.0,0.0,0.0,6622.0,0.0
0,309800,JAMS,6621.0,272.0,0.0,0.0,0.0,0.0,6623,272,0.0,0.0,0.0,0.0,6622.0,0.0
0,309900,JAMS,6620.0,270.0,0.0,0.0,0.0,0.0,6622,270,0.0,0.0,0.0,0.0,6621.0,0.0
0,310000,JAMS,6620.0,227.0,0.0,0.0,0.0,0.0,6622,227,0.0,0.0,0.0,0.0,6621.0,0.0
0,310100,JAMS,6620.0,201.0,0.0,0.0,0.0,0.0,6622,201,0.0,0.0,0.0,0.0,6621.0,0.0
0,310200,JAMS,6621.0,78.0,6620.0,156.0,0.0,0.0,6622,234,0.0,0.0,0.0,0.0,6621.5,0.0
0,310300,JAMS,6621.0,54.0,6620.0,145.0,0.0,0.0,6622,54,6623.0,145.0,0.0,0.0,6621.5,0.0
0,310400,JAMS,6621.0,60.0,6620.0,101.0,0.0,0.0,6622,60,6623.0,101.0,0.0,0.0,6621.5,0.0
0,310500,JAMS,6621.0,51.0,6620.0,109.0,0.0,0.0,6622,51,6623.0,109.0,0.0,0.0,6621.5,0.0
0,310600,JAMS,6621.0,232.0,0.0,0.0,0.0,0.0,6623,242,0.0,0.0,0.0,0.0,6622.0,0.0
0,310700,JAMS,6621.0,231.0,0.0,0.0,0.0,0.0,6623,231,0.0,0.0,0.0,0.0,6622.0,0.0
0,310800,JAMS,6621.0,216.0,0.0,0.0,0.0,0.0,6623,216,0.0,0.0,0.0,0.0,6622.0,0.0
0,310900,JAMS,6621.0,182.0,0.0,0.0,0.0,0.0,6623,182,0.0,0.0,0.0,0.0,6622.0,0.0
0,311000,JAMS,6621.0,180.0,0.0,0.0,0.0,0.0,6623,180,0.0,0.0,0.0,0.0,6622.0,0.0
0,311100,JAMS,6621.0,204.0,0.0,0.0,0.0,0.0,6623,204,0.0,0.0,0.0,0.0,6622.0,0.0
0,311200,JAMS,6621.0,234.0,0.0,0.0,0.0,0.0,6623,234,0.0,0.0,0.0,0.0,6622.0,0.0
0,311300,JAMS,6621.0,242.0,0.0,0.0,0.0,0.0,6623,242,0.0,0.0,0.0,0.0,6622.0,0.0
0,311400,JAMS,6621.0,91.0,6620.0,200.0,0.0,0.0,6622,91,6623.0,200.0,0.0,0.0,6621.5,0.0
0,311500,JAMS,6621.0,61.0,6620.0,198.0,0.0,0.0,6622,61,6623.0,198.0,0.0,0.0,6621.5,0.0
0,311600,JAMS,6621.0,56.0,6620.0,182.0,0.0,0.0,6622,56,6623.0,182.0,0.0,0.0,6621.5,0.0
0,311700,JAMS,6620.0,220.0,0.0,0.0,0.0,0.0,6622,220,0.0,0.0,0.0,0.0,6621.0,0.0
0,311800,JAMS,6620.0,239.0,0.0,0.0,0.0,0.0,6622,239,0.0,0.0,0.0,0.0,6621.0,0.0
0,311900,JAMS,6620.0,243.0,0.0,0.0,0.0,0.0,6622,243,0.0,0.0,0.0,0.0,6621.0,0.0
0,312000,JAMS,6620.0,89.0,6619.0,127.0,0.0,0.0,6621,89,6622.0,127.0,0.0,0.0,6620.5,0.0
0,312100,JAMS,6620.0,63.0,6619.0,107.0,0.0,0.0,6621,63,6622.0,107.0,0.0,0.0,6620.5,0.0
0,312200,JAMS,6620.0,188.0,0.0,0.0,0.0,0.0,6622,188,0.0,0.0,0.0,0.0,6621.0,0.0
0,312300,JAMS,6620.0,55.0,6619.0,190.0,0.0,0.0,6621,55,6622.0,190.0,0.0,0.0,6620.5,0.0
0,312400,JAMS,6620.0,50.0,6619.0,199.0,0.0,0.0,6621,50,6622.0,199.0,0.0,0.0,6620.5,0.0
0,312500,JAMS,6619.0,260.0,0.0,0.0,0.0,0.0,6621,260,0.0,0.0,0.0,0.0,6620.0,0.0
0,312600,JAMS,6619.0,241.0,0.0,0.0,0.0,0.0,6621,241,0.0,0.0,0.0,0.0,6620.0,0.0
0,312700,JAMS,6620.0,58.0,6619.0,173.0,0.0,0.0,6621,58,6622.0,173.0,0.0,0.0,6620.5,0.0
0,312800,JAMS,6619.0,223.0,0.0,0.0,0.0,0.0,6621,223,0.0,0.0,0.0,0.0,6620.0,0.0
0,312900,JAMS,6619.0,228.0,0.0,0.0,0.0,0.0,6621,228,0.0,0.0,0.0,0.0,6620.0,0.0
0,313000,JAMS,6620.0,67.0,6619.0,132.0,0.0,0.0,6621,67,6622.0,132.0,0.0,0.0,6620.5,0.0
0,313100,JAMS,6619.0,226.0,0.0,0.0,0.0,0.0,6621,226,0.0,0.0,0.0,0.0,6620.0,0.0
0,313200,JAMS,6619.0,215.0,0.0,0.0,0.0,0.0,6621,215,0.0,0.0,0.0,0.0,6620.0,0.0
0,313300,JAMS,6619.0,266.0,0.0,0.0,0.0,0.0,6621,266,0.0,0.0,0.0,0.0,6620.0,0.0
0,313400,JAMS,6619.0,175.0,0.0,0.0,0.0,0.0,6621,175,0.0,0.0,0.0,0.0,6620.0,0.0
0,313500,JAMS,6619.0,260.0,0.0,0.0,0.0,0.0,6621,267,0.0,0.0,0.0,0.0,6620.0,0.0
0,313600,JAMS,6619.0,199.0,0.0,0.0,0.0,0.0,6621,199,0.0,0.0,0.0,0.0,6620.0,0.0
0,313700,JAMS,6619.0,228.0,0.0,0.0,0.0,0.0,6621,228,0.0,0.0,0.0,0.0,6620.0,0.0
0,313800,JAMS,6620.0,11.0,6619.0,203.0,0.0,0.0,6621,203,0.0,0.0,0.0,0.0,6620.5,0.0
0,313900,JAMS,6619.0,254.0,0.0,0.0,0.0,0.0,6621,254,0.0,0.0,0.0,0.0,6620.0,0.0
0,314000,JAMS,6619.0,242.0,0.0,0.0,0.0,0.0,6621,242,0.0,0.0,0.0,0.0,6620.0,0.0
0,314100,JAMS,6619.0,240.0,0.0,0.0,0.0,0.0,6621,240,0.0,0.0,0.0,0.0,6620.0,0.0
0,314200,JAMS,6619.0,239.0,0.0,0.0,0.0,0.0,6621,239,0.0,0.0,0.0,0.0,6620.0,0.0
0,314300,JAMS,6619.0,195.0,0.0,0.0,0.0,0.0,6621,195,0.0,0.0,0.0,0.0,6620.0,0.0
0,314400,JAMS,6619.0,286.0,0.0,0.0,0.0,0.0,6621,286,0.0,0.0,0.0,0.0,6620.0,0.0
0,314500,JAMS,6619.0,250.0,0.0,0.0,0.0,0.0,6621,250,0.0,0.0,0.0,0.0,6620.0,0.0
0,314600,JAMS,6619.0,210.0,0.0,0.0,0.0,0.0,6621,210,0.0,0.0,0.0,0.0,6620.0,0.0
0,314700,JAMS,6620.0,54.0,6619.0,112.0,0.0,0.0,6621,54,6622.0,112.0,0.0,0.0,6620.5,0.0
0,314800,JAMS,6619.0,266.0,0.0,0.0,0.0,0.0,6621,266,0.0,0.0,0.0,0.0,6620.0,0.0
0,314900,JAMS,6620.0,6.0,6619.0,212.0,0.0,0.0,6621,212,0.0,0.0,0.0,0.0,6620.5,0.0
0,315000,JAMS,6619.0,248.0,0.0,0.0,0.0,0.0,6621,248,0.0,0.0,0.0,0.0,6620.0,0.0
0,315100,JAMS,6619.0,185.0,0.0,0.0,0.0,0.0,6621,175,0.0,0.0,0.0,0.0,6620.0,0.0
0,315200,JAMS,6619.0,221.0,0.0,0.0,0.0,0.0,6621,221,0.0,0.0,0.0,0.0,6620.0,0.0
0,315300,JAMS,6619.0,220.0,0.0,0.0,0.0,0.0,6621,220,0.0,0.0,0.0,0.0,6620.0,0.0
0,315400,JAMS,6619.0,256.0,0.0,0.0,0.0,0.0,6621,256,0.0,0.0,0.0,0.0,6620.0,0.0
0,315500,JAMS,6619.0,253.0,0.0,0.0,0.0,0.0,6621,253,0.0,0.0,0.0,0.0,6620.0,0.0
0,315600,JAMS,6619.0,230.0,0.0,0.0,0.0,0.0,6621,230,0.0,0.0,0.0,0.0,6620.0,0.0
0,315700,JAMS,6619.0,179.0,0.0,0.0,0.0,0.0,6621,179,0.0,0.0,0.0,0.0,6620.0,0.0
0,315800,JAMS,6619.0,238.0,0.0,0.0,0.0,0.0,6621,238,0.0,0.0,0.0,0.0,6620.0,0.0
0,315900,JAMS,6619.0,241.0,0.0,0.0,0.0,0.0,6621,241,0.0,0.0,0.0,0.0,6620.0,0.0
0,316000,JAMS,6619.0,235.0,0.0,0.0,0.0,0.0,6621,235,0.0,0.0,0.0,0.0,6620.0,0.0
0,316100,JAMS,6619.0,225.0,0.0,0.0,0.0,0.0,6621,225,0.0,0.0,0.0,0.0,6620.0,0.0
0,316200,JAMS,6620.0,73.0,6619.0,103.0,0.0,0.0,6621,81,6622.0,103.0,0.0,0.0,6620.5,0.0
0,316300,JAMS,6620.0,58.0,6619.0,172.0,0.0,0.0,6621,58,6622.0,172.0,0.0,0.0,6620.5,0.0
0,316400,JAMS,6620.0,73.0,6619.0,126.0,0.0,0.0,6621,65,6622.0,126.0,0.0,0.0,6620.5,0.0
0,316500,JAMS,6619.0,184.0,0.0,0.0,0.0,0.0,6621,184,0.0,0.0,0.0,0.0,6620.0,0.0
0,316600,JAMS,6619.0,211.0,0.0,0.0,0.0,0.0,6621,211,0.0,0.0,0.0,0.0,6620.0,0.0
0,316700,JAMS,6619.0,198.0,0.0,0.0,0.0,0.0,6621,198,0.0,0.0,0.0,0.0,6620.0,0.0
0,316800,JAMS,6619.0,171.0,0.0,0.0,0.0,0.0,6621,171,0.0,0.0,0.0,0.0,6620.0,0.0
0,316900,JAMS,6620.0,61.0,6619.0,140.0,0.0,0.0,6621,61,6622.0,140.0,0.0,0.0,6620.5,0.0
0,317000,JAMS,6620.0,198.0,0.0,0.0,0.0,0.0,6622,198,0.0,0.0,0.0,0.0,6621.0,0.0
0,317100,JAMS,6620.0,176.0,0.0,0.0,0.0,0.0,6622,176,0.0,0.0,0.0,0.0,6621.0,0.0
0,317200,JAMS,6620.0,175.0,0.0,0.0,0.0,0.0,6622,175,0.0,0.0,0.0,0.0,6621.0,0.0
0,317300,JAMS,6620.0,208.0,0.0,0.0,0.0,0.0,6622,208,0.0,0.0,0.0,0.0,6621.0,0.0
0,317400,JAMS,6621.0,264.0,0.0,0.0,0.0,0.0,6623,264,0.0,0.0,0.0,0.0,6622.0,0.0
0,317500,JAMS,6621.0,58.0,6620.0,105.0,0.0,0.0,6622,58,6623.0,105.0,0.0,0.0,6621.5,0.0
0,317600,JAMS,6620.0,211.0,0.0,0.0,0.0,0.0,6622,211,0.0,0.0,0.0,0.0,6621.0,0.0
0,317700,JAMS,6620.0,183.0,0.0,0.0,0.0,0.0,6622,183,0.0,0.0,0.0,0.0,6621.0,0.0
0,317800,JAMS,6620.0,257.0,0.0,0.0,0.0,0.0,6622,257,0.0,0.0,0.0,0.0,6621.0,0.0
0,317900,JAMS,6620.0,206.0,0.0,0.0,0.0,0.0,6622,206,0.0,0.0,0.0,0.0,6621.0,0.0
0,318000,JAMS,6619.0,225.0,0.0,0.0,0.0,0.0,6621,225,0.0,0.0,0.0,0.0,6620.0,0.0
0,318100,JAMS,6620.0,65.0,6619.0,100.0,0.0,0.0,6621,65,6622.0,100.0,0.0,0.0,6620.5,0.0
0,318200,JAMS,6620.0,217.0,0.0,0.0,0.0,0.0,6621,63,6622.0,154.0,0.0,0.0,6620.5,0.0
0,318300,JAMS,6620.0,271.0,0.0,0.0,0.0,0.0,6622,271,0.0,0.0,0.0,0.0,6621.0,0.0
0,318400,JAMS,6620.0,179.0,0.0,0.0,0.0,0.0,6622,184,0.0,0.0,0.0,0.0,6621.0,0.0
0,318500,JAMS,6620.0,86.0,6619.0,192.0,0.0,0.0,6621,86,6622.0,192.0,0.0,0.0,6620.5,0.0
0,318600,JAMS,6620.0,216.0,0.0,0.0,0.0,0.0,6622,216,0.0,0.0,0.0,0.0,6621.0,0.0
0,318700,JAMS,6620.0,227.0,0.0,0.0,0.0,0.0,6622,227,0.0,0.0,0.0,0.0,6621.0,0.0
0,318800,JAMS,6620.0,245.0,0.0,0.0,0.0,0.0,6622,235,0.0,0.0,0.0,0.0,6621.0,0.0
0,318900,JAMS,6620.0,249.0,0.0,0.0,0.0,0.0,6622,249,0.0,0.0,0.0,0.0,6621.0,0.0
0,319000,JAMS,6620.0,205.0,0.0,0.0,0.0,0.0,6622,205,0.0,0.0,0.0,0.0,6621.0,0.0
0,319100,JAMS,6620.0,255.0,0.0,0.0,0.0,0.0,6622,255,0.0,0.0,0.0,0.0,6621.0,0.0
0,319200,JAMS,6620.0,206.0,0.0,0.0,0.0,0.0,6622,206,0.0,0.0,0.0,0.0,6621.0,0.0
0,319300,JAMS,6620.0,201.0,0.0,0.0,0.0,0.0,6622,201,0.0,0.0,0.0,0.0,6621.0,0.0
0,319400,JAMS,6619.0,258.0,0.0,0.0,0.0,0.0,6621,258,0.0,0.0,0.0,0.0,6620.0,0.0
0,319500,JAMS,6619.0,249.0,0.0,0.0,0.0,0.0,6621,249,0.0,0.0,0.0,0.0,6620.0,0.0
0,319600,JAMS,6619.0,251.0,0.0,0.0,0.0,0.0,6621,248,0.0,0.0,0.0,0.0,6620.0,0.0
0,319700,JAMS,6619.0,252.0,0.0,0.0,0.0,0.0,6621,252,0.0,0.0,0.0,0.0,6620.0,0.0
0,319800,JAMS,6619.0,204.0,0.0,0.0,0.0,0.0,6621,204,0.0,0.0,0.0,0.0,6620.0,0.0
0,319900,JAMS,6619.0,244.0,0.0,0.0,0.0,0.0,6621,244,0.0,0.0,0.0,0.0,6620.0,0.0
0,320000,JAMS,6619.0,61.0,6618.0,138.0,0.0,0.0,6620,56,6621.0,138.0,0.0,0.0,6619.5,0.0
0,320100,JAMS,6618.0,234.0,0.0,0.0,0.0,0.0,6620,234,0.0,0.0,0.0,0.0,6619.0,0.0
0,320200,JAMS,6618.0,283.0,0.0,0.0,0.0,0.0,6620,283,0.0,0.0,0.0,0.0,6619.0,0.0
0,320300,JAMS,6619.0,71.0,6618.0,158.0,0.0,0.0,6620,71,6621.0,158.0,0.0,0.0,6619.5,0.0
0,320400,JAMS,6618.0,245.0,0.0,0.0,0.0,0.0,6620,245,0.0,0.0,0.0,0.0,6619.0,0.0
0,320500,JAMS,6618.0,250.0,0.0,0.0,0.0,0.0,6620,250,0.0,0.0,0.0,0.0,6619.0,0.0
0,320600,JAMS,6618.0,202.0,0.0,0.0,0.0,0.0,6620,202,0.0,0.0,0.0,0.0,6619.0,0.0
0,320700,JAMS,6619.0,60.0,6618.0,124.0,0.0,0.0,6620,60,6621.0,124.0,0.0,0.0,6619.5,0.0
0,320800,JAMS,6619.0,50.0,6618.0,169.0,0.0,0.0,6620,50,6621.0,169.0,0.0,0.0,6619.5,0.0
0,320900,JAMS,6618.0,265.0,0.0,0.0,0.0,0.0,6620,265,0.0,0.0,0.0,0.0,6619.0,0.0
0,321000,JAMS,6618.0,198.0,0.0,0.0,0.0,0.0,6620,198,0.0,0.0,0.0,0.0,6619.0,0.0
0,321100,JAMS,6618.0,237.0,0.0,0.0,0.0,0.0,6620,237,0.0,0.0,0.0,0.0,6619.0,0.0
0,321200,JAMS,6618.0,189.0,0.0,0.0,0.0,0.0,6620,189,0.0,0.0,0.0,0.0,6619.0,0.0
0,321300,JAMS,6618.0,237.0,0.0,0.0,0.0,0.0,6620,237,0.0,0.0,0.0,0.0,6619.0,0.0
0,321400,JAMS,6618.0,195.0,0.0,0.0,0.0,0.0,6620,195,0.0,0.0,0.0,0.0,6619.0,0.0
0,321500,JAMS,6618.0,211.0,0.0,0.0,0.0,0.0,6620,211,0.0,0.0,0.0,0.0,6619.0,0.0
0,321600,JAMS,6618.0,267.0,0.0,0.0,0.0,0.0,6620,267,0.0,0.0,0.0,0.0,6619.0,0.0
0,321700,JAMS,6618.0,196.0,0.0,0.0,0.0,0.0,6620,201,0.0,0.0,0.0,0.0,6619.0,0.0
0,321800,JAMS,6618.0,229.0,0.0,0.0,0.0,0.0,6620,229,0.0,0.0,0.0,0.0,6619.0,0.0
0,321900,JAMS,6618.0,167.0,0.0,0.0,0.0,0.0,6620,167,0.0,0.0,0.0,0.0,6619.0,0.0
0,322000,JAMS,6618.0,94.0,6617.0,116.0,0.0,0.0,6619,94,6620.0,116.0,0.0,0.0,6618.5,0.0
0,322100,JAMS,6618.0,77.0,6617.0,155.0,0.0,0.0,6619,77,6620.0,155.0,0.0,0.0,6618.5,0.0
0,322200,JAMS,6618.0,79.0,6617.0,136.0,0.0,0.0,6619,79,6620.0,136.0,0.0,0.0,6618.5,0.0
0,322300,JAMS,6618.0,56.0,6617.0,189.0,0.0,0.0,6619,56,6620.0,189.0,0.0,0.0,6618.5,0.0
0,322400,JAMS,6618.0,90.0,6617.0,135.0,0.0,0.0,6619,90,6620.0,135.0,0.0,0.0,6618.5,0.0
0,322500,JAMS,6618.0,64.0,6617.0,172.0,0.0,0.0,6619,64,6620.0,172.0,0.0,0.0,6618.5,0.0
0,322600,JAMS,6618.0,99.0,6617.0,161.0,0.0,0.0,6619,99,6620.0,161.0,0.0,0.0,6618.5,0.0
0,322700,JAMS,6618.0,91.0,6617.0,119.0,0.0,0.0,6619,210,0.0,0.0,0.0,0.0,6618.5,0.0
0,322800,JAMS,6617.0,87.0,6616.0,181.0,0.0,0.0,6618,87,6619.0,181.0,0.0,0.0,6617.5,0.0
0,322900,JAMS,6617.0,211.0,0.0,0.0,0.0,0.0,6618,88,6619.0,123.0,0.0,0.0,6617.5,0.0
0,323000,JAMS,6617.0,96.0,6616.0,106.0,0.0,0.0,6618,96,6619.0,106.0,0.0,0.0,6617.5,0.0
0,323100,JAMS,6617.0,92.0,6616.0,165.0,0.0,0.0,6618,92,6619.0,165.0,0.0,0.0,6617.5,0.0
0,323200,JAMS,6617.0,81.0,6616.0,135.0,0.0,0.0,6618,81,6619.0,135.0,0.0,0.0,6617.5,0.0
0,323300,JAMS,6615.0,206.0,0.0,0.0,0.0,0.0,6617,206,0.0,0.0,0.0,0.0,6616.0,0.0
0,323400,JAMS,6615.0,246.0,0.0,0.0,0.0,0.0,6617,246,0.0,0.0,0.0,0.0,6616.0,0.0
0,323500,JAMS,6615.0,170.0,0.0,0.0,0.0,0.0,6617,170,0.0,0.0,0.0,0.0,6616.0,0.0
0,323600,JAMS,6615.0,208.0,0.0,0.0,0.0,0.0,6617,208,0.0,0.0,0.0,0.0,6616.0,0.0
0,323700,JAMS,6615.0,241.0,0.0,0.0,0.0,0.0,6617,241,0.0,0.0,0.0,0.0,6616.0,0.0
0,323800,JAMS,6616.0,57.0,6615.0,153.0,0.0,0.0,6617,57,6618.0,153.0,0.0,0.0,6616.5,0.0
0,323900,JAMS,6616.0,253.0,0.0,0.0,0.0,0.0,6618,253,0.0,0.0,0.0,0.0,6617.0,0.0
0,324000,JAMS,6616.0,263.0,0.0,0.0,0.0,0.0,6618,263,0.0,0.0,0.0,0.0,6617.0,0.0
0,324100,JAMS,6616.0,225.0,0.0,0.0,0.0,0.0,6618,225,0.0,0.0,0.0,0.0,6617.0,0.0
0,324200,JAMS,6616.0,245.0,0.0,0.0,0.0,0.0,6618,245,0.0,0.0,0.0,0.0,6617.0,0.0
0,324300,JAMS,6616.0,70.0,6615.0,199.0,0.0,0.0,6617,70,6618.0,199.0,0.0,0.0,6616.5,0.0
0,324400,JAMS,6616.0,63.0,6615.0,117.0,0.0,0.0,6617,63,6618.0,117.0,0.0,0.0,6616.5,0.0
0,324500,JAMS,6615.0,164.0,0.0,0.0,0.0,0.0,6617,164,0.0,0.0,0.0,0.0,6616.0,0.0
0,324600,JAMS,6615.0,199.0,0.0,0.0,0.0,0.0,6616,7,6617.0,199.0,0.0,0.0,6615.5,0.0
0,324700,JAMS,6615.0,266.0,0.0,0.0,0.0,0.0,6617,266,0.0,0.0,0.0,0.0,6616.0,0.0
0,324800,JAMS,6615.0,224.0,0.0,0.0,0.0,0.0,6617,224,0.0,0.0,0.0,0.0,6616.0,0.0
0,324900,JAMS,6615.0,229.0,0.0,0.0,0.0,0.0,6617,229,0.0,0.0,0.0,0.0,6616.0,0.0
0,325000,JAMS,6615.0,239.0,0.0,0.0,0.0,0.0,6617,239,0.0,0.0,0.0,0.0,6616.0,0.0
0,325100,JAMS,6615.0,220.0,0.0,0.0,0.0,0.0,6617,220,0.0,0.0,0.0,0.0,6616.0,0.0
0,325200,JAMS,6615.0,259.0,0.0,0.0,0.0,0.0,6617,259,0.0,0.0,0.0,0.0,6616.0,0.0
0,325300,JAMS,6615.0,206.0,0.0,0.0,0.0,0.0,6617,206,0.0,0.0,0.0,0.0,6616.0,0.0
0,325400,JAMS,6615.0,244.0,0.0,0.0,0.0,0.0,6617,244,0.0,0.0,0.0,0.0,6616.0,0.0
0,325500,JAMS,6615.0,228.0,0.0,0.0,0.0,0.0,6617,228,0.0,0.0,0.0,0.0,6616.0,0.0
0,325600,JAMS,6616.0,263.0,0.0,0.0,0.0,0.0,6618,263,0.0,0.0,0.0,0.0,6617.0,0.0
0,325700,JAMS,6617.0,81.0,6616.0,139.0,0.0,0.0,6618,90,6619.0,139.0,0.0,0.0,6617.5,0.0
0,325800,JAMS,6616.0,216.0,0.0,0.0,0.0,0.0,6618,216,0.0,0.0,0.0,0.0,6617.0,0.0
0,325900,JAMS,6616.0,213.0,0.0,0.0,0.0,0.0,6618,213,0.0,0.0,0.0,0.0,6617.0,0.0
0,326000,JAMS,6616.0,238.0,0.0,0.0,0.0,0.0,6618,238,0.0,0.0,0.0,0.0,6617.0,0.0
0,326100,JAMS,6616.0,195.0,0.0,0.0,0.0,0.0,6618,195,0.0,0.0,0.0,0.0,6617.0,0.0
0,326200,JAMS,6616.0,55.0,6615.0,137.0,0.0,0.0,6617,55,6618.0,137.0,0.0,0.0,6616.5,0.0
0,326300,JAMS,6616.0,86.0,6615.0,183.0,0.0,0.0,6617,86,6618.0,183.0,0.0,0.0,6616.5,0.0
0,326400,JAMS,6615.0,243.0,0.0,0.0,0.0,0.0,6617,243,0.0,0.0,0.0,0.0,6616.0,0.0
0,326500,JAMS,6616.0,65.0,6615.0,120.0,0.0,0.0,6617,65,6618.0,120.0,0.0,0.0,6616.5,0.0
0,326600,JAMS,6616.0,98.0,6615.0,127.0,0.0,0.0,6617,98,6618.0,127.0,0.0,0.0,6616.5,0.0
0,326700,JAMS,6616.0,95.0,6615.0,165.0,0.0,0.0,6617,95,6618.0,165.0,0.0,0.0,6616.5,0.0
0,326800,JAMS,6615.0,227.0,0.0,0.0,0.0,0.0,6617,227,0.0,0.0,0.0,0.0,6616.0,0.0
0,326900,JAMS,6615.0,189.0,0.0,0.0,0.0,0.0,6617,189,0.0,0.0,0.0,0.0,6616.0,0.0
0,327000,JAMS,6615.0,201.0,0.0,0.0,0.0,0.0,6616,11,6617.0,201.0,0.0,0.0,6615.5,0.0
0,327100,JAMS,6615.0,215.0,0.0,0.0,0.0,0.0,6617,215,0.0,0.0,0.0,0.0,6616.0,0.0
0,327200,JAMS,6616.0,9.0,6615.0,195.0,0.0,0.0,6617,195,0.0,0.0,0.0,0.0,6616.5,0.0
0,327300,JAMS,6616.0,234.0,0.0,0.0,0.0,0.0,6618,234,0.0,0.0,0.0,0.0,6617.0,0.0
0,327400,JAMS,6616.0,86.0,6615.0,129.0,0.0,0.0,6617,90,6618.0,129.0,0.0,0.0,6616.5,0.0
0,327500,JAMS,6616.0,100.0,6615.0,179.0,0.0,0.0,6617,100,6618.0,179.0,0.0,0.0,6616.5,0.0
0,327600,JAMS,6616.0,155.0,0.0,0.0,0.0,0.0,6618,155,0.0,0.0,0.0,0.0,6617.0,0.0
0,327700,JAMS,6616.0,226.0,0.0,0.0,0.0,0.0,6618,226,0.0,0.0,0.0,0.0,6617.0,0.0
0,327800,JAMS,6616.0,215.0,0.0,0.0,0.0,0.0,6618,215,0.0,0.0,0.0,0.0,6617.0,0.0
0,327900,JAMS,6616.0,93.0,6615.0,114.0,0.0,0.0,6617,93,6618.0,114.0,0.0,0.0,6616.5,0.0
0,328000,JAMS,6615.0,271.0,0.0,0.0,0.0,0.0,6617,271,0.0,0.0,0.0,0.0,6616.0,0.0
0,328100,JAMS,6615.0,52.0,6614.0,140.0,0.0,0.0,6616,52,6617.0,140.0,0.0,0.0,6615.5,0.0
0,328200,JAMS,6615.0,225.0,0.0,0.0,0.0,0.0,6617,225,0.0,0.0,0.0,0.0,6616.0,0.0
0,328300,JAMS,6615.0,225.0,0.0,0.0,0.0,0.0,6617,225,0.0,0.0,0.0,0.0,6616.0,0.0
0,328400,JAMS,6615.0,192.0,0.0,0.0,0.0,0.0,6617,192,0.0,0.0,0.0,0.0,6616.0,0.0
0,328500,JAMS,6615.0,262.0,0.0,0.0,0.0,0.0,6617,262,0.0,0.0,0.0,0.0,6616.0,0.0
0,328600,JAMS,6615.0,251.0,0.0,0.0,0.0,0.0,6617,251,0.0,0.0,0.0,0.0,6616.0,0.0
0,328700,JAMS,6615.0,73.0,6614.0,197.0,0.0,0.0,6616,73,6617.0,197.0,0.0,0.0,6615.5,0.0
0,328800,JAMS,6615.0,248.0,0.0,0.0,0.0,0.0,6617,248,0.0,0.0,0.0,0.0,6616.0,0.0
0,328900,JAMS,6615.0,85.0,6614.0,136.0,0.0,0.0,6616,85,6617.0,136.0,0.0,0.0,6615.5,0.0
0,329000,JAMS,6615.0,67.0,6614.0,108.0,0.0,0.0,6616,67,6617.0,108.0,0.0,0.0,6615.5,0.0
0,329100,JAMS,6615.0,60.0,6614.0,173.0,0.0,0.0,6616,60,6617.0,173.0,0.0,0.0,6615.5,0.0
0,329200,JAMS,6615.0,69.0,6614.0,137.0,0.0,0.0,6616,75,6617.0,137.0,0.0,0.0,6615.5,0.0
0,329300,JAMS,6615.0,178.0,0.0,0.0,0.0,0.0,6617,178,0.0,0.0,0.0,0.0,6616.0,0.0
0,329400,JAMS,6615.0,93.0,6614.0,181.0,0.0,0.0,6616,93,6617.0,181.0,0.0,0.0,6615.5,0.0
0,329500,JAMS,6615.0,93.0,6614.0,141.0,0.0,0.0,6616,93,6617.0,141.0,0.0,0.0,6615.5,0.0
0,329600,JAMS,6614.0,187.0,0.0,0.0,0.0,0.0,6616,187,0.0,0.0,0.0,0.0,6615.0,0.0
0,329700,JAMS,6614.0,209.0,0.0,0.0,0.0,0.0,6616,209,0.0,0.0,0.0,0.0,6615.0,0.0
0,329800,JAMS,6614.0,263.0,0.0,0.0,0.0,0.0,6616,263,0.0,0.0,0.0,0.0,6615.0,0.0
0,329900,JAMS,6614.0,190.0,0.0,0.0,0.0,0.0,6616,190,0.0,0.0,0.0,0.0,6615.0,0.0
0,330000,JAMS,6614.0,200.0,0.0,0.0,0.0,0.0,6616,200,0.0,0.0,0.0,0.0,6615.0,0.0
0,330100,JAMS,6614.0,256.0,0.0,0.0,0.0,0.0,6616,256,0.0,0.0,0.0,0.0,6615.0,0.0
0,330200,JAMS,6614.0,168.0,0.0,0.0,0.0,0.0,6616,168,0.0,0.0,0.0,0.0,6615.0,0.0
0,330300,JAMS,6614.0,244.0,0.0,0.0,0.0,0.0,6616,244,0.0,0.0,0.0,0.0,6615.0,0.0
0,330400,JAMS,6614.0,208.0,0.0,0.0,0.0,0.0,6616,208,0.0,0.0,0.0,0.0,6615.0,0.0
0,330500,JAMS,6614.0,245.0,0.0,0.0,0.0,0.0,6616,245,0.0,0.0,0.0,0.0,6615.0,0.0
0,330600,JAMS,6615.0,193.0,0.0,0.0,0.0,0.0,6617,193,0.0,0.0,0.0,0.0,6616.0,0.0
0,330700,JAMS,6615.0,199.0,0.0,0.0,0.0,0.0,6617,189,0.0,0.0,0.0,0.0,6616.0,0.0
0,330800,JAMS,6615.0,183.0,0.0,0.0,0.0,0.0,6617,183,0.0,0.0,0.0,0.0,6616.0,0.0
0,330900,JAMS,6616.0,186.0,0.0,0.0,0.0,0.0,6618,186,0.0,0.0,0.0,0.0,6617.0,0.0
0,331000,JAMS,6616.0,81.0,6615.0,179.0,0.0,0.0,6617,76,6618.0,179.0,0.0,0.0,6616.5,0.0
0,331100,JAMS,6616.0,67.0,6615.0,129.0,0.0,0.0,6617,67,6618.0,129.0,0.0,0.0,6616.5,0.0
0,331200,JAMS,6616.0,73.0,6615.0,143.0,0.0,0.0,6617,73,6618.0,143.0,0.0,0.0,6616.5,0.0
0,331300,JAMS,6616.0,80.0,6615.0,132.0,0.0,0.0,6617,80,6618.0,132.0,0.0,0.0,6616.5,0.0
0,331400,JAMS,6616.0,194.0,0.0,0.0,0.0,0.0,6618,194,0.0,0.0,0.0,0.0,6617.0,0.0
0,331500,JAMS,6616.0,272.0,0.0,0.0,0.0,0.0,6618,272,0.0,0.0,0.0,0.0,6617.0,0.0
0,331600,JAMS,6616.0,208.0,0.0,0.0,0.0,0.0,6618,208,0.0,0.0,0.0,0.0,6617.0,0.0
0,331700,JAMS,6616.0,265.0,0.0,0.0,0.0,0.0,6618,257,0.0,0.0,0.0,0.0,6617.0,0.0
0,331800,JAMS,6616.0,187.0,0.0,0.0,0.0,0.0,6618,187,0.0,0.0,0.0,0.0,6617.0,0.0
0,331900,JAMS,6616.0,99.0,6615.0,120.0,0.0,0.0,6617,99,6618.0,120.0,0.0,0.0,6616.5,0.0
0,332000,JAMS,6616.0,230.0,0.0,0.0,0.0,0.0,6618,230,0.0,0.0,0.0,0.0,6617.0,0.0
0,332100,JAMS,6616.0,71.0,6615.0,181.0,0.0,0.0,6617,65,6618.0,181.0,0.0,0.0,6616.5,0.0
0,332200,JAMS,6616.0,213.0,0.0,0.0,0.0,0.0,6618,213,0.0,0.0,0.0,0.0,6617.0,0.0
0,332300,JAMS,6616.0,73.0,6615.0,160.0,0.0,0.0,6617,85,6618.0,160.0,0.0,0.0,6616.5,0.0
0,332400,JAMS,6616.0,277.0,0.0,0.0,0.0,0.0,6618,277,0.0,0.0,0.0,0.0,6617.0,0.0
0,332500,JAMS,6616.0,225.0,0.0,0.0,0.0,0.0,6618,225,0.0,0.0,0.0,0.0,6617.0,0.0
0,332600,JAMS,6616.0,254.0,0.0,0.0,0.0,0.0,6618,254,0.0,0.0,0.0,0.0,6617.0,0.0
0,332700,JAMS,6616.0,251.0,0.0,0.0,0.0,0.0,6618,251,0.0,0.0,0.0,0.0,6617.0,0.0
0,332800,JAMS,6616.0,57.0,6615.0,125.0,0.0,0.0,6617,57,6618.0,125.0,0.0,0.0,6616.5,0.0
0,332900,JAMS,6616.0,188.0,0.0,0.0,0.0,0.0,6618,188,0.0,0.0,0.0,0.0,6617.0,0.0
0,333000,JAMS,6616.0,44.0,6615.0,167.0,0.0,0.0,6617,53,6618.0,167.0,0.0,0.0,6616.5,0.0
0,333100,JAMS,6616.0,218.0,0.0,0.0,0.0,0.0,6618,218,0.0,0.0,0.0,0.0,6617.0,0.0
0,333200,JAMS,6616.0,228.0,0.0,0.0,0.0,0.0,6618,228,0.0,0.0,0.0,0.0,6617.0,0.0
0,333300,JAMS,6616.0,191.0,0.0,0.0,0.0,0.0,6618,191,0.0,0.0,0.0,0.0,6617.0,0.0
0,333400,JAMS,6616.0,230.0,0.0,0.0,0.0,0.0,6618,230,0.0,0.0,0.0,0.0,6617.0,0.0
0,333500,JAMS,6616.0,212.0,0.0,0.0,0.0,0.0,6618,212,0.0,0.0,0.0,0.0,6617.0,0.0
0,333600,JAMS,6616.0,280.0,0.0,0.0,0.0,0.0,6618,280,0.0,0.0,0.0,0.0,6617.0,0.0
0,333700,JAMS,6616.0,229.0,0.0,0.0,0.0,0.0,6618,229,0.0,0.0,0.0,0.0,6617.0,0.0
0,333800,JAMS,6616.0,245.0,0.0,0.0,0.0,0.0,6618,245,0.0,0.0,0.0,0.0,6617.0,0.0
0,333900,JAMS,6616.0,228.0,0.0,0.0,0.0,0.0,6618,228,0.0,0.0,0.0,0.0,6617.0,0.0
0,334000,JAMS,6616.0,65.0,6615.0,189.0,0.0,0.0,6617,65,6618.0,189.0,0.0,0.0,6616.5,0.0
0,334100,JAMS,6616.0,89.0,6615.0,152.0,0.0,0.0,6617,89,6618.0,152.0,0.0,0.0,6616.5,0.0
0,334200,JAMS,6616.0,103.0,6615.0,141.0,0.0,0.0,6617,96,6618.0,141.0,0.0,0.0,6616.5,0.0
0,334300,JAMS,6616.0,193.0,0.0,0.0,0.0,0.0,6618,193,0.0,0.0,0.0,0.0,6617.0,0.0
0,334400,JAMS,6616.0,100.0,6615.0,146.0,0.0,0.0,6617,100,6618.0,146.0,0.0,0.0,6616.5,0.0
0,334500,JAMS,6616.0,58.0,6615.0,167.0,0.0,0.0,6617,58,6618.0,167.0,0.0,0.0,6616.5,0.0
0,334600,JAMS,6616.0,278.0,0.0,0.0,0.0,0.0,6618,278,0.0,0.0,0.0,0.0,6617.0,0.0
0,334700,JAMS,6616.0,218.0,0.0,0.0,0.0,0.0,6618,218,0.0,0.0,0.0,0.0,6617.0,0.0
0,334800,JAMS,6616.0,179.0,0.0,0.0,0.0,0.0,6618,179,0.0,0.0,0.0,0.0,6617.0,0.0
0,334900,JAMS,6616.0,238.0,0.0,0.0,0.0,0.0,6618,238,0.0,0.0,0.0,0.0,6617.0,0.0
0,335000,JAMS,6616.0,254.0,0.0,0.0,0.0,0.0,6618,254,0.0,0.0,0.0,0.0,6617.0,0.0
0,335100,JAMS,6616.0,260.0,0.0,0.0,0.0,0.0,6618,260,0.0,0.0,0.0,0.0,6617.0,0.0
0,335200,JAMS,6616.0,95.0,6615.0,125.0,0.0,0.0,6617,84,6618.0,125.0,0.0,0.0,6616.5,0.0
0,335300,JAMS,6616.0,80.0,6615.0,166.0,0.0,0.0,6617,80,6618.0,166.0,0.0,0.0,6616.5,0.0
0,335400,JAMS,6616.0,92.0,6615.0,188.0,0.0,0.0,6617,92,6618.0,188.0,0.0,0.0,6616.5,0.0
0,335500,JAMS,6616.0,271.0,0.0,0.0,0.0,0.0,6618,271,0.0,0.0,0.0,0.0,6617.0,0.0
0,335600,JAMS,6615.0,216.0,0.0,0.0,0.0,0.0,6617,216,0.0,0.0,0.0,0.0,6616.0,0.0
0,335700,JAMS,6614.0,216.0,0.0,0.0,0.0,0.0,6616,216,0.0,0.0,0.0,0.0,6615.0,0.0
0,335800,JAMS,6615.0,62.0,6614.0,199.0,0.0,0.0,6616,62,6617.0,199.0,0.0,0.0,6615.5,0.0
0,335900,JAMS,6615.0,62.0,6614.0,171.0,0.0,0.0,6616,62,6617.0,171.0,0.0,0.0,6615.5,0.0
0,336000,JAMS,6615.0,90.0,6614.0,150.0,0.0,0.0,6616,79,6617.0,150.0,0.0,0.0,6615.5,0.0
0,336100,JAMS,6615.0,220.0,0.0,0.0,0.0,0.0,6617,216,0.0,0.0,0.0,0.0,6616.0,0.0
0,336200,JAMS,6616.0,54.0,6615.0,184.0,0.0,0.0,6617,54,6618.0,184.0,0.0,0.0,6616.5,0.0
0,336300,JAMS,6616.0,255.0,0.0,0.0,0.0,0.0,6618,255,0.0,0.0,0.0,0.0,6617.0,0.0
0,336400,JAMS,6616.0,217.0,0.0,0.0,0.0,0.0,6618,217,0.0,0.0,0.0,0.0,6617.0,0.0
0,336500,JAMS,6616.0,217.0,0.0,0.0,0.0,0.0,6618,217,0.0,0.0,0.0,0.0,6617.0,0.0
0,336600,JAMS,6616.0,248.0,0.0,0.0,0.0,0.0,6618,248,0.0,0.0,0.0,0.0,6617.0,0.0
0,336700,JAMS,6616.0,260.0,0.0,0.0,0.0,0.0,6618,260,0.0,0.0,0.0,0.0,6617.0,0.0
0,336800,JAMS,6617.0,81.0,6616.0,107.0,0.0,0.0,6618,81,6619.0,107.0,0.0,0.0,6617.5,0.0
0,336900,JAMS,6617.0,91.0,6616.0,168.0,0.0,0.0,6618,91,6619.0,168.0,0.0,0.0,6617.5,0.0
0,337000,JAMS,6617.0,55.0,6616.0,116.0,0.0,0.0,6618,55,6619.0,116.0,0.0,0.0,6617.5,0.0
0,337100,JAMS,6617.0,65.0,6616.0,171.0,0.0,0.0,6618,65,6619.0,171.0,0.0,0.0,6617.5,0.0
0,337200,JAMS,6617.0,50.0,6616.0,163.0,0.0,0.0,6618,50,6619.0,163.0,0.0,0.0,6617.5,0.0
0,337300,JAMS,6617.0,224.0,0.0,0.0,0.0,0.0,6619,224,0.0,0.0,0.0,0.0,6618.0,0.0
0,337400,JAMS,6617.0,257.0,0.0,0.0,0.0,0.0,6619,257,0.0,0.0,0.0,0.0,6618.0,0.0
0,337500,JAMS,6617.0,190.0,0.0,0.0,0.0,0.0,6619,190,0.0,0.0,0.0,0.0,6618.0,0.0
0,337600,JAMS,6618.0,99.0,6617.0,180.0,0.0,0.0,6619,99,6620.0,180.0,0.0,0.0,6618.5,0.0
0,337700,JAMS,6617.0,229.0,0.0,0.0,0.0,0.0,6619,229,0.0,0.0,0.0,0.0,6618.0,0.0
0,337800,JAMS,6618.0,82.0,6617.0,166.0,0.0,0.0,6619,82,6620.0,166.0,0.0,0.0,6618.5,0.0
0,337900,JAMS,6618.0,98.0,6617.0,152.0,0.0,0.0,6619,98,6620.0,152.0,0.0,0.0,6618.5,0.0
0,338000,JAMS,6617.0,182.0,0.0,0.0,0.0,0.0,6619,182,0.0,0.0,0.0,0.0,6618.0,0.0
0,338100,JAMS,6618.0,87.0,6617.0,111.0,0.0,0.0,6619,87,6620.0,111.0,0.0,0.0,6618.5,0.0
0,338200,JAMS,6618.0,8.0,6617.0,233.0,0.0,0.0,6619,233,0.0,0.0,0.0,0.0,6618.5,0.0
0,338300,JAMS,6617.0,214.0,0.0,0.0,0.0,0.0,6619,214,0.0,0.0,0.0,0.0,6618.0,0.0
0,338400,JAMS,6617.0,173.0,0.0,0.0,0.0,0.0,6619,173,0.0,0.0,0.0,0.0,6618.0,0.0
0,338500,JAMS,6617.0,266.0,0.0,0.0,0.0,0.0,6619,266,0.0,0.0,0.0,0.0,6618.0,0.0
0,338600,JAMS,6617.0,246.0,0.0,0.0,0.0,0.0,6619,246,0.0,0.0,0.0,0.0,6618.0,0.0
0,338700,JAMS,6617.0,207.0,0.0,0.0,0.0,0.0,6619,207,0.0,0.0,0.0,0.0,6618.0,0.0
0,338800,JAMS,6617.0,154.0,0.0,0.0,0.0,0.0,6619,154,0.0,0.0,0.0,0.0,6618.0,0.0
0,338900,JAMS,6617.0,213.0,0.0,0.0,0.0,0.0,6619,213,0.0,0.0,0.0,0.0,6618.0,0.0
0,339000,JAMS,6617.0,222.0,0.0,0.0,0.0,0.0,6619,222,0.0,0.0,0.0,0.0,6618.0,0.0
0,339100,JAMS,6618.0,59.0,6617.0,119.0,0.0,0.0,6619,59,6620.0,119.0,0.0,0.0,6618.5,0.0
0,339200,JAMS,6618.0,87.0,6617.0,143.0,0.0,0.0,6619,87,6620.0,143.0,0.0,0.0,6618.5,0.0
0,339300,JAMS,6617.0,263.0,0.0,0.0,0.0,0.0,6619,263,0.0,0.0,0.0,0.0,6618.0,0.0
0,339400,JAMS,6618.0,51.0,6617.0,166.0,0.0,0.0,6619,51,6620.0,166.0,0.0,0.0,6618.5,0.0
0,339500,JAMS,6618.0,86.0,6617.0,131.0,0.0,0.0,6619,86,6620.0,131.0,0.0,0.0,6618.5,0.0
0,339600,JAMS,6618.0,86.0,6617.0,197.0,0.0,0.0,6619,86,6620.0,197.0,0.0,0.0,6618.5,0.0
0,339700,JAMS,6618.0,80.0,6617.0,104.0,0.0,0.0,6619,89,6620.0,104.0,0.0,0.0,6618.5,0.0
0,339800,JAMS,6617.0,213.0,0.0,0.0,0.0,0.0,6619,213,0.0,0.0,0.0,0.0,6618.0,0.0
0,339900,JAMS,6617.0,227.0,0.0,0.0,0.0,0.0,6619,227,0.0,0.0,0.0,0.0,6618.0,0.0
0,340000,JAMS,6617.0,233.0,0.0,0.0,0.0,0.0,6619,233,0.0,0.0,0.0,0.0,6618.0,0.0
0,340100,JAMS,6618.0,68.0,6617.0,135.0,0.0,0.0,6619,68,6620.0,135.0,0.0,0.0,6618.5,0.0
0,340200,JAMS,6618.0,235.0,0.0,0.0,0.0,0.0,6620,235,0.0,0.0,0.0,0.0,6619.0,0.0
0,340300,JAMS,6618.0,222.0,0.0,0.0,0.0,0.0,6620,222,0.0,0.0,0.0,0.0,6619.0,0.0
0,340400,JAMS,6619.0,95.0,6618.0,171.0,0.0,0.0,6620,95,6621.0,171.0,0.0,0.0,6619.5,0.0
0,340500,JAMS,6619.0,63.0,6618.0,113.0,0.0,0.0,6620,63,6621.0,113.0,0.0,0.0,6619.5,0.0
0,340600,JAMS,6619.0,238.0,0.0,0.0,0.0,0.0,6621,238,0.0,0.0,0.0,0.0,6620.0,0.0
0,340700,JAMS,6619.0,235.0,0.0,0.0,0.0,0.0,6621,235,0.0,0.0,0.0,0.0,6620.0,0.0
0,340800,JAMS,6618.0,232.0,0.0,0.0,0.0,0.0,6620,232,0.0,0.0,0.0,0.0,6619.0,0.0
0,340900,JAMS,6618.0,165.0,0.0,0.0,0.0,0.0,6620,165,0.0,0.0,0.0,0.0,6619.0,0.0
0,341000,JAMS,6618.0,186.0,0.0,0.0,0.0,0.0,6620,186,0.0,0.0,0.0,0.0,6619.0,0.0
0,341100,JAMS,6618.0,233.0,0.0,0.0,0.0,0.0,6620,233,0.0,0.0,0.0,0.0,6619.0,0.0
0,341200,JAMS,6618.0,204.0,0.0,0.0,0.0,0.0,6620,204,0.0,0.0,0.0,0.0,6619.0,0.0
0,341300,JAMS,6618.0,262.0,0.0,0.0,0.0,0.0,6620,254,0.0,0.0,0.0,0.0,6619.0,0.0
0,341400,JAMS,6618.0,270.0,0.0,0.0,0.0,0.0,6620,270,0.0,0.0,0.0,0.0,6619.0,0.0
0,341500,JAMS,6618.0,91.0,6617.0,107.0,0.0,0.0,6619,91,6620.0,107.0,0.0,0.0,6618.5,0.0
0,341600,JAMS,6617.0,230.0,0.0,0.0,0.0,0.0,6619,230,0.0,0.0,0.0,0.0,6618.0,0.0
0,341700,JAMS,6617.0,264.0,0.0,0.0,0.0,0.0,6619,264,0.0,0.0,0.0,0.0,6618.0,0.0
0,341800,JAMS,6617.0,220.0,0.0,0.0,0.0,0.0,6619,220,0.0,0.0,0.0,0.0,6618.0,0.0
0,341900,JAMS,6617.0,223.0,0.0,0.0,0.0,0.0,6619,223,0.0,0.0,0.0,0.0,6618.0,0.0
0,342000,JAMS,6617.0,262.0,0.0,0.0,0.0,0.0,6619,262,0.0,0.0,0.0,0.0,6618.0,0.0
0,342100,JAMS,6618.0,79.0,6617.0,126.0,0.0,0.0,6619,79,6620.0,126.0,0.0,0.0,6618.5,0.0
0,342200,JAMS,6618.0,5.0,6617.0,237.0,0.0,0.0,6619,237,0.0,0.0,0.0,0.0,6618.5,0.0
0,342300,JAMS,6617.0,178.0,0.0,0.0,0.0,0.0,6618,6,6619.0,178.0,0.0,0.0,6617.5,0.0
0,342400,JAMS,6617.0,164.0,0.0,0.0,0.0,0.0,6619,164,0.0,0.0,0.0,0.0,6618.0,0.0
0,342500,JAMS,6618.0,88.0,6617.0,184.0,0.0,0.0,6619,88,6620.0,184.0,0.0,0.0,6618.5,0.0
0,342600,JAMS,6618.0,91.0,6617.0,111.0,0.0,0.0,6619,91,6620.0,111.0,0.0,0.0,6618.5,0.0
0,342700,JAMS,6618.0,57.0,6617.0,118.0,0.0,0.0,6619,57,6620.0,118.0,0.0,0.0,6618.5,0.0
0,342800,JAMS,6618.0,243.0,0.0,0.0,0.0,0.0,6620,243,0.0,0.0,0.0,0.0,6619.0,0.0
0,342900,JAMS,6618.0,220.0,0.0,0.0,0.0,0.0,6620,220,0.0,0.0,0.0,0.0,6619.0,0.0
0,343000,JAMS,6618.0,219.0,0.0,0.0,0.0,0.0,6620,219,0.0,0.0,0.0,0.0,6619.0,0.0
0,343100,JAMS,6618.0,208.0,0.0,0.0,0.0,0.0,6620,208,0.0,0.0,0.0,0.0,6619.0,0.0
0,343200,JAMS,6618.0,57.0,6617.0,199.0,0.0,0.0,6619,57,6620.0,199.0,0.0,0.0,6618.5,0.0
0,343300,JAMS,6617.0,237.0,0.0,0.0,0.0,0.0,6619,237,0.0,0.0,0.0,0.0,6618.0,0.0
0,343400,JAMS,6617.0,205.0,0.0,0.0,0.0,0.0,6619,205,0.0,0.0,0.0,0.0,6618.0,0.0
0,343500,JAMS,6617.0,248.0,0.0,0.0,0.0,0.0,6619,248,0.0,0.0,0.0,0.0,6618.0,0.0
0,343600,JAMS,6617.0,253.0,0.0,0.0,0.0,0.0,6619,253,0.0,0.0,0.0,0.0,6618.0,0.0
0,343700,JAMS,6617.0,187.0,0.0,0.0,0.0,0.0,6619,187,0.0,0.0,0.0,0.0,6618.0,0.0
0,343800,JAMS,6617.0,191.0,0.0,0.0,0.0,0.0,6619,191,0.0,0.0,0.0,0.0,6618.0,0.0
0,343900,JAMS,6617.0,190.0,0.0,0.0,0.0,0.0,6619,190,0.0,0.0,0.0,0.0,6618.0,0.0
0,344000,JAMS,6617.0,203.0,0.0,0.0,0.0,0.0,6619,203,0.0,0.0,0.0,0.0,6618.0,0.0
0,344100,JAMS,6617.0,236.0,0.0,0.0,0.0,0.0,6619,236,0.0,0.0,0.0,0.0,6618.0,0.0
0,344200,JAMS,6618.0,189.0,0.0,0.0,0.0,0.0,6620,189,0.0,0.0,0.0,0.0,6619.0,0.0
0,344300,JAMS,6618.0,242.0,0.0,0.0,0.0,0.0,6620,242,0.0,0.0,0.0,0.0,6619.0,0.0
0,344400,JAMS,6618.0,240.0,0.0,0.0,0.0,0.0,6620,240,0.0,0.0,0.0,0.0,6619.0,0.0
0,344500,JAMS,6618.0,213.0,0.0,0.0,0.0,0.0,6620,210,0.0,0.0,0.0,0.0,6619.0,0.0
0,344600,JAMS,6618.0,187.0,0.0,0.0,0.0,0.0,6620,187,0.0,0.0,0.0,0.0,6619.0,0.0
0,344700,JAMS,6618.0,256.0,0.0,0.0,0.0,0.0,6620,256,0.0,0.0,0.0,0.0,6619.0,0.0
0,344800,JAMS,6619.0,3.0,6618.0,296.0,0.0,0.0,6620,296,0.0,0.0,0.0,0.0,6619.5,0.0
0,344900,JAMS,6618.0,266.0,0.0,0.0,0.0,0.0,6620,263,0.0,0.0,0.0,0.0,6619.0,0.0
0,345000,JAMS,6618.0,242.0,0.0,0.0,0.0,0.0,6620,242,0.0,0.0,0.0,0.0,6619.0,0.0
0,345100,JAMS,6618.0,260.0,0.0,0.0,0.0,0.0,6620,260,0.0,0.0,0.0,0.0,6619.0,0.0
0,345200,JAMS,6618.0,280.0,0.0,0.0,0.0,0.0,6620,280,0.0,0.0,0.0,0.0,6619.0,0.0
0,345300,JAMS,6618.0,218.0,0.0,0.0,0.0,0.0,6620,218,0.0,0.0,0.0,0.0,6619.0,0.0
0,345400,JAMS,6618.0,191.0,0.0,0.0,0.0,0.0,6620,191,0.0,0.0,0.0,0.0,6619.0,0.0
0,345500,JAMS,6619.0,93.0,6618.0,176.0,0.0,0.0,6620,93,6621.0,176.0,0.0,0.0,6619.5,0.0
0,345600,JAMS,6619.0,53.0,6618.0,159.0,0.0,0.0,6620,53,6621.0,159.0,0.0,0.0,6619.5,0.0
0,345700,JAMS,6619.0,165.0,0.0,0.0,0.0,0.0,6621,165,0.0,0.0,0.0,0.0,6620.0,0.0
0,345800,JAMS,6619.0,258.0,0.0,0.0,0.0,0.0,6621,258,0.0,0.0,0.0,0.0,6620.0,0.0
0,345900,JAMS,6619.0,189.0,0.0,0.0,0.0,0.0,6621,189,0.0,0.0,0.0,0.0,6620.0,0.0
0,346000,JAMS,6619.0,208.0,0.0,0.0,0.0,0.0,6621,208,0.0,0.0,0.0,0.0,6620.0,0.0
0,346100,JAMS,6619.0,191.0,0.0,0.0,0.0,0.0,6621,191,0.0,0.0,0.0,0.0,6620.0,0.0
0,346200,JAMS,6619.0,210.0,0.0,0.0,0.0,0.0,6621,210,0.0,0.0,0.0,0.0,6620.0,0.0
0,346300,JAMS,6620.0,268.0,0.0,0.0,0.0,0.0,6622,268,0.0,0.0,0.0,0.0,6621.0,0.0
0,346400,JAMS,6620.0,230.0,0.0,0.0,0.0,0.0,6622,230,0.0,0.0,0.0,0.0,6621.0,0.0
0,346500,JAMS,6621.0,9.0,6620.0,271.0,0.0,0.0,6622,271,0.0,0.0,0.0,0.0,6621.5,0.0
0,346600,JAMS,6620.0,182.0,0.0,0.0,0.0,0.0,6622,182,0.0,0.0,0.0,0.0,6621.0,0.0
0,346700,JAMS,6620.0,238.0,0.0,0.0,0.0,0.0,6622,238,0.0,0.0,0.0,0.0,6621.0,0.0
0,346800,JAMS,6621.0,78.0,6620.0,129.0,0.0,0.0,6622,83,6623.0,129.0,0.0,0.0,6621.5,0.0
0,346900,JAMS,6621.0,77.0,6620.0,159.0,0.0,0.0,6622,77,6623.0,159.0,0.0,0.0,6621.5,0.0
0,347000,JAMS,6620.0,254.0,0.0,0.0,0.0,0.0,6622,254,0.0,0.0,0.0,0.0,6621.0,0.0
0,347100,JAMS,6620.0,155.0,0.0,0.0,0.0,0.0,6622,155,0.0,0.0,0.0,0.0,6621.0,0.0
0,347200,JAMS,6620.0,223.0,0.0,0.0,0.0,0.0,6622,223,0.0,0.0,0.0,0.0,6621.0,0.0
0,347300,JAMS,6620.0,204.0,0.0,0.0,0.0,0.0,6622,204,0.0,0.0,0.0,0.0,6621.0,0.0
0,347400,JAMS,6620.0,242.0,0.0,0.0,0.0,0.0,6622,242,0.0,0.0,0.0,0.0,6621.0,0.0
0,347500,JAMS,6620.0,223.0,0.0,0.0,0.0,0.0,6622,223,0.0,0.0,0.0,0.0,6621.0,0.0
0,347600,JAMS,6620.0,253.0,0.0,0.0,0.0,0.0,6622,257,0.0,0.0,0.0,0.0,6621.0,0.0
0,347700,JAMS,6621.0,12.0,6620.0,202.0,0.0,0.0,6622,202,0.0,0.0,0.0,0.0,6621.5,0.0
0,347800,JAMS,6620.0,276.0,0.0,0.0,0.0,0.0,6622,276,0.0,0.0,0.0,0.0,6621.0,0.0
0,347900,JAMS,6620.0,190.0,0.0,0.0,0.0,0.0,6622,190,0.0,0.0,0.0,0.0,6621.0,0.0
0,348000,JAMS,6621.0,66.0,6620.0,164.0,0.0,0.0,6622,66,6623.0,164.0,0.0,0.0,6621.5,0.0
0,348100,JAMS,6621.0,78.0,6620.0,188.0,0.0,0.0,6622,78,6623.0,188.0,0.0,0.0,6621.5,0.0
0,348200,JAMS,6621.0,296.0,0.0,0.0,0.0,0.0,6623,296,0.0,0.0,0.0,0.0,6622.0,0.0
0,348300,JAMS,6621.0,193.0,0.0,0.0,0.0,0.0,6623,193,0.0,0.0,0.0,0.0,6622.0,0.0
0,348400,JAMS,6621.0,73.0,6620.0,193.0,0.0,0.0,6622,73,6623.0,193.0,0.0,0.0,6621.5,0.0
0,348500,JAMS,6621.0,90.0,6620.0,183.0,0.0,0.0,6622,90,6623.0,183.0,0.0,0.0,6621.5,0.0
0,348600,JAMS,6621.0,96.0,6620.0,123.0,0.0,0.0,6622,96,6623.0,123.0,0.0,0.0,6621.5,0.0
0,348700,JAMS,6620.0,211.0,0.0,0.0,0.0,0.0,6622,211,0.0,0.0,0.0,0.0,6621.0,0.0
0,348800,JAMS,6620.0,257.0,0.0,0.0,0.0,0.0,6622,257,0.0,0.0,0.0,0.0,6621.0,0.0
0,348900,JAMS,6620.0,229.0,0.0,0.0,0.0,0.0,6622,229,0.0,0.0,0.0,0.0,6621.0,0.0
0,349000,JAMS,6621.0,60.0,6620.0,142.0,0.0,0.0,6622,60,6623.0,142.0,0.0,0.0,6621.5,0.0
0,349100,JAMS,6621.0,88.0,6620.0,122.0,0.0,0.0,6622,88,6623.0,122.0,0.0,0.0,6621.5,0.0
0,349200,JAMS,6621.0,72.0,6620.0,173.0,0.0,0.0,6622,72,6623.0,173.0,0.0,0.0,6621.5,0.0
0,349300,JAMS,6621.0,91.0,6620.0,185.0,0.0,0.0,6622,91,6623.0,185.0,0.0,0.0,6621.5,0.0
0,349400,JAMS,6621.0,256.0,0.0,0.0,0.0,0.0,6623,256,0.0,0.0,0.0,0.0,6622.0,0.0
0,349500,JAMS,6621.0,217.0,0.0,0.0,0.0,0.0,6623,217,0.0,0.0,0.0,0.0,6622.0,0.0
0,349600,JAMS,6621.0,176.0,0.0,0.0,0.0,0.0,6623,176,0.0,0.0,0.0,0.0,6622.0,0.0
0,349700,JAMS,6621.0,295.0,0.0,0.0,0.0,0.0,6623,295,0.0,0.0,0.0,0.0,6622.0,0.0
0,349800,JAMS,6622.0,11.0,6621.0,218.0,0.0,0.0,6623,218,0.0,0.0,0.0,0.0,6622.5,0.0
0,349900,JAMS,6622.0,55.0,6621.0,157.0,0.0,0.0,6623,55,6624.0,157.0,0.0,0.0,6622.5,0.0
0,350000,JAMS,6622.0,60.0,6621.0,110.0,0.0,0.0,6623,60,6624.0,110.0,0.0,0.0,6622.5,0.0
0,350100,JAMS,6622.0,207.0,0.0,0.0,0.0,0.0,6624,207,0.0,0.0,0.0,0.0,6623.0,0.0
0,350200,JAMS,6622.0,95.0,6621.0,122.0,0.0,0.0,6623,95,6624.0,122.0,0.0,0.0,6622.5,0.0
0,350300,JAMS,6622.0,226.0,0.0,0.0,0.0,0.0,6624,226,0.0,0.0,0.0,0.0,6623.0,0.0
0,350400,JAMS,6622.0,266.0,0.0,0.0,0.0,0.0,6624,263,0.0,0.0,0.0,0.0,6623.0,0.0
0,350500,JAMS,6622.0,230.0,0.0,0.0,0.0,0.0,6624,230,0.0,0.0,0.0,0.0,6623.0,0.0
0,350600,JAMS,6622.0,202.0,0.0,0.0,0.0,0.0,6624,202,0.0,0.0,0.0,0.0,6623.0,0.0
0,350700,JAMS,6622.0,80.0,6621.0,112.0,0.0,0.0,6623,192,0.0,0.0,0.0,0.0,6622.5,0.0
0,350800,JAMS,6622.0,10.0,6621.0,193.0,0.0,0.0,6623,193,0.0,0.0,0.0,0.0,6622.5,0.0
0,350900,JAMS,6622.0,59.0,6621.0,127.0,0.0,0.0,6623,59,6624.0,127.0,0.0,0.0,6622.5,0.0
0,351000,JAMS,6622.0,75.0,6621.0,161.0,0.0,0.0,6623,75,6624.0,161.0,0.0,0.0,6622.5,0.0
0,351100,JAMS,6622.0,59.0,6621.0,152.0,0.0,0.0,6623,59,6624.0,152.0,0.0,0.0,6622.5,0.0
0,351200,JAMS,6622.0,179.0,0.0,0.0,0.0,0.0,6623,71,6624.0,108.0,0.0,0.0,6622.5,0.0
0,351300,JAMS,6622.0,268.0,0.0,0.0,0.0,0.0,6624,268,0.0,0.0,0.0,0.0,6623.0,0.0
0,351400,JAMS,6622.0,53.0,6621.0,167.0,0.0,0.0,6623,53,6624.0,167.0,0.0,0.0,6622.5,0.0
0,351500,JAMS,6622.0,85.0,6621.0,114.0,0.0,0.0,6623,85,6624.0,114.0,0.0,0.0,6622.5,0.0
0,351600,JAMS,6622.0,249.0,0.0,0.0,0.0,0.0,6624,239,0.0,0.0,0.0,0.0,6623.0,0.0
0,351700,JAMS,6622.0,264.0,0.0,0.0,0.0,0.0,6624,264,0.0,0.0,0.0,0.0,6623.0,0.0
0,351800,JAMS,6622.0,205.0,0.0,0.0,0.0,0.0,6624,205,0.0,0.0,0.0,0.0,6623.0,0.0
0,351900,JAMS,6622.0,250.0,0.0,0.0,0.0,0.0,6624,250,0.0,0.0,0.0,0.0,6623.0,0.0
0,352000,JAMS,6622.0,50.0,6621.0,199.0,0.0,0.0,6623,50,6624.0,199.0,0.0,0.0,6622.5,0.0
0,352100,JAMS,6622.0,67.0,6621.0,114.0,0.0,0.0,6623,67,6624.0,114.0,0.0,0.0,6622.5,0.0
0,352200,JAMS,6622.0,65.0,6621.0,158.0,0.0,0.0,6623,65,6624.0,158.0,0.0,0.0,6622.5,0.0
0,352300,JAMS,6622.0,11.0,6621.0,216.0,0.0,0.0,6623,216,0.0,0.0,0.0,0.0,6622.5,0.0
0,352400,JAMS,6621.0,210.0,0.0,0.0,0.0,0.0,6623,210,0.0,0.0,0.0,0.0,6622.0,0.0
0,352500,JAMS,6621.0,175.0,0.0,0.0,0.0,0.0,6623,175,0.0,0.0,0.0,0.0,6622.0,0.0
0,352600,JAMS,6621.0,173.0,0.0,0.0,0.0,0.0,6623,173,0.0,0.0,0.0,0.0,6622.0,0.0
0,352700,JAMS,6622.0,89.0,6621.0,139.0,0.0,0.0,6623,89,6624.0,139.0,0.0,0.0,6622.5,0.0
0,352800,JAMS,6622.0,273.0,0.0,0.0,0.0,0.0,6623,98,6624.0,175.0,0.0,0.0,6622.5,0.0
0,352900,JAMS,6622.0,51.0,6621.0,178.0,0.0,0.0,6623,61,6624.0,178.0,0.0,0.0,6622.5,0.0
0,353000,JAMS,6622.0,207.0,0.0,0.0,0.0,0.0,6624,207,0.0,0.0,0.0,0.0,6623.0,0.0
0,353100,JAMS,6622.0,255.0,0.0,0.0,0.0,0.0,6624,255,0.0,0.0,0.0,0.0,6623.0,0.0
0,353200,JAMS,6622.0,227.0,0.0,0.0,0.0,0.0,6624,227,0.0,0.0,0.0,0.0,6623.0,0.0
0,353300,JAMS,6622.0,190.0,0.0,0.0,0.0,0.0,6624,190,0.0,0.0,0.0,0.0,6623.0,0.0
0,353400,JAMS,6622.0,196.0,0.0,0.0,0.0,0.0,6624,196,0.0,0.0,0.0,0.0,6623.0,0.0
0,353500,JAMS,6622.0,238.0,0.0,0.0,0.0,0.0,6624,229,0.0,0.0,0.0,0.0,6623.0,0.0
0,353600,JAMS,6622.0,231.0,0.0,0.0,0.0,0.0,6624,231,0.0,0.0,0.0,0.0,6623.0,0.0
0,353700,JAMS,6622.0,240.0,0.0,0.0,0.0,0.0,6624,240,0.0,0.0,0.0,0.0,6623.0,0.0
0,353800,JAMS,6622.0,212.0,0.0,0.0,0.0,0.0,6624,212,0.0,0.0,0.0,0.0,6623.0,0.0
0,353900,JAMS,6622.0,267.0,0.0,0.0,0.0,0.0,6624,267,0.0,0.0,0.0,0.0,6623.0,0.0
0,354000,JAMS,6622.0,286.0,0.0,0.0,0.0,0.0,6624,286,0.0,0.0,0.0,0.0,6623.0,0.0
0,354100,JAMS,6623.0,202.0,0.0,0.0,0.0,0.0,6625,202,0.0,0.0,0.0,0.0,6624.0,0.0
0,354200,JAMS,6624.0,97.0,6623.0,147.0,0.0,0.0,6625,97,6626.0,147.0,0.0,0.0,6624.5,0.0
0,354300,JAMS,6624.0,68.0,6623.0,141.0,0.0,0.0,6625,68,6626.0,141.0,0.0,0.0,6624.5,0.0
0,354400,JAMS,6624.0,70.0,6623.0,165.0,0.0,0.0,6625,70,6626.0,165.0,0.0,0.0,6624.5,0.0
0,354500,JAMS,6624.0,88.0,6623.0,186.0,0.0,0.0,6625,88,6626.0,186.0,0.0,0.0,6624.5,0.0
0,354600,JAMS,6623.0,224.0,0.0,0.0,0.0,0.0,6625,224,0.0,0.0,0.0,0.0,6624.0,0.0
0,354700,JAMS,6623.0,209.0,0.0,0.0,0.0,0.0,6625,209,0.0,0.0,0.0,0.0,6624.0,0.0
0,354800,JAMS,6624.0,71.0,6623.0,199.0,0.0,0.0,6625,71,6626.0,199.0,0.0,0.0,6624.5,0.0
0,354900,JAMS,6623.0,244.0,0.0,0.0,0.0,0.0,6624,11,6625.0,244.0,0.0,0.0,6623.5,0.0
0,355000,JAMS,6623.0,180.0,0.0,0.0,0.0,0.0,6625,180,0.0,0.0,0.0,0.0,6624.0,0.0
0,355100,JAMS,6624.0,78.0,6623.0,144.0,0.0,0.0,6625,78,6626.0,144.0,0.0,0.0,6624.5,0.0
0,355200,JAMS,6624.0,90.0,6623.0,108.0,0.0,0.0,6625,90,6626.0,108.0,0.0,0.0,6624.5,0.0
0,355300,JAMS,6624.0,262.0,0.0,0.0,0.0,0.0,6626,259,0.0,0.0,0.0,0.0,6625.0,0.0
0,355400,JAMS,6624.0,218.0,0.0,0.0,0.0,0.0,6626,223,0.0,0.0,0.0,0.0,6625.0,0.0
0,355500,JAMS,6624.0,202.0,0.0,0.0,0.0,0.0,6626,202,0.0,0.0,0.0,0.0,6625.0,0.0
0,355600,JAMS,6624.0,197.0,0.0,0.0,0.0,0.0,6626,197,0.0,0.0,0.0,0.0,6625.0,0.0
0,355700,JAMS,6624.0,203.0,0.0,0.0,0.0,0.0,6626,203,0.0,0.0,0.0,0.0,6625.0,0.0
0,355800,JAMS,6624.0,206.0,0.0,0.0,0.0,0.0,6626,206,0.0,0.0,0.0,0.0,6625.0,0.0
0,355900,JAMS,6624.0,265.0,0.0,0.0,0.0,0.0,6626,265,0.0,0.0,0.0,0.0,6625.0,0.0
0,356000,JAMS,6624.0,178.0,0.0,0.0,0.0,0.0,6626,178,0.0,0.0,0.0,0.0,6625.0,0.0
0,356100,JAMS,6625.0,83.0,6624.0,198.0,0.0,0.0,6626,93,6627.0,198.0,0.0,0.0,6625.5,0.0
0,356200,JAMS,6625.0,82.0,6624.0,158.0,0.0,0.0,6626,82,6627.0,158.0,0.0,0.0,6625.5,0.0
0,356300,JAMS,6625.0,66.0,6624.0,187.0,0.0,0.0,6626,66,6627.0,187.0,0.0,0.0,6625.5,0.0
0,356400,JAMS,6625.0,100.0,6624.0,124.0,0.0,0.0,6626,100,6627.0,124.0,0.0,0.0,6625.5,0.0
0,356500,JAMS,6625.0,82.0,6624.0,135.0,0.0,0.0,6626,82,6627.0,135.0,0.0,0.0,6625.5,0.0
0,356600,JAMS,6625.0,74.0,6624.0,137.0,0.0,0.0,6626,74,6627.0,137.0,0.0,0.0,6625.5,0.0
0,356700,JAMS,6625.0,58.0,6624.0,104.0,0.0,0.0,6626,58,6627.0,104.0,0.0,0.0,6625.5,0.0
0,356800,JAMS,6624.0,186.0,0.0,0.0,0.0,0.0,6626,186,0.0,0.0,0.0,0.0,6625.0,0.0
0,356900,JAMS,6625.0,79.0,6624.0,148.0,0.0,0.0,6626,79,6627.0,148.0,0.0,0.0,6625.5,0.0
0,357000,JAMS,6625.0,100.0,6624.0,174.0,0.0,0.0,6626,100,6627.0,174.0,0.0,0.0,6625.5,0.0
0,357100,JAMS,6625.0,50.0,6624.0,100.0,0.0,0.0,6626,50,6627.0,100.0,0.0,0.0,6625.5,0.0
0,357200,JAMS,6625.0,98.0,6624.0,124.0,0.0,0.0,6626,98,6627.0,124.0,0.0,0.0,6625.5,0.0
0,357300,JAMS,6625.0,87.0,6624.0,172.0,0.0,0.0,6626,87,6627.0,172.0,0.0,0.0,6625.5,0.0
0,357400,JAMS,6625.0,73.0,6624.0,118.0,0.0,0.0,6626,73,6627.0,118.0,0.0,0.0,6625.5,0.0
0,357500,JAMS,6625.0,92.0,6624.0,103.0,0.0,0.0,6626,92,6627.0,103.0,0.0,0.0,6625.5,0.0
0,357600,JAMS,6625.0,67.0,6624.0,107.0,0.0,0.0,6626,67,6627.0,107.0,0.0,0.0,6625.5,0.0
0,357700,JAMS,6625.0,205.0,0.0,0.0,0.0,0.0,6626,84,6627.0,121.0,0.0,0.0,6625.5,0.0
0,357800,JAMS,6625.0,94.0,6624.0,130.0,0.0,0.0,6626,94,6627.0,130.0,0.0,0.0,6625.5,0.0
0,357900,JAMS,6625.0,84.0,6624.0,103.0,0.0,0.0,6626,79,6627.0,103.0,0.0,0.0,6625.5,0.0
0,358000,JAMS,6625.0,194.0,0.0,0.0,0.0,0.0,6627,194,0.0,0.0,0.0,0.0,6626.0,0.0
0,358100,JAMS,6625.0,69.0,6624.0,113.0,0.0,0.0,6626,69,6627.0,113.0,0.0,0.0,6625.5,0.0
0,358200,JAMS,6625.0,260.0,0.0,0.0,0.0,0.0,6627,250,0.0,0.0,0.0,0.0,6626.0,0.0
0,358300,JAMS,6625.0,59.0,6624.0,114.0,0.0,0.0,6626,59,6627.0,114.0,0.0,0.0,6625.5,0.0
0,358400,JAMS,6625.0,71.0,6624.0,102.0,0.0,0.0,6626,71,6627.0,102.0,0.0,0.0,6625.5,0.0
0,358500,JAMS,6624.0,174.0,0.0,0.0,0.0,0.0,6626,174,0.0,0.0,0.0,0.0,6625.0,0.0
0,358600,JAMS,6624.0,212.0,0.0,0.0,0.0,0.0,6626,216,0.0,0.0,0.0,0.0,6625.0,0.0
0,358700,JAMS,6624.0,182.0,0.0,0.0,0.0,0.0,6626,182,0.0,0.0,0.0,0.0,6625.0,0.0
0,358800,JAMS,6624.0,239.0,0.0,0.0,0.0,0.0,6626,239,0.0,0.0,0.0,0.0,6625.0,0.0
0,358900,JAMS,6624.0,239.0,0.0,0.0,0.0,0.0,6626,239,0.0,0.0,0.0,0.0,6625.0,0.0
0,359000,JAMS,6625.0,91.0,6624.0,170.0,0.0,0.0,6626,97,6627.0,170.0,0.0,0.0,6625.5,0.0
0,359100,JAMS,6625.0,220.0,0.0,0.0,0.0,0.0,6627,220,0.0,0.0,0.0,0.0,6626.0,0.0
0,359200,JAMS,6625.0,241.0,0.0,0.0,0.0,0.0,6627,241,0.0,0.0,0.0,0.0,6626.0,0.0
0,359300,JAMS,6625.0,79.0,6624.0,176.0,0.0,0.0,6626,79,6627.0,176.0,0.0,0.0,6625.5,0.0
0,359400,JAMS,6625.0,62.0,6624.0,170.0,0.0,0.0,6626,62,6627.0,170.0,0.0,0.0,6625.5,0.0
0,359500,JAMS,6624.0,191.0,0.0,0.0,0.0,0.0,6626,191,0.0,0.0,0.0,0.0,6625.0,0.0
0,359600,JAMS,6625.0,61.0,6624.0,157.0,0.0,0.0,6626,61,6627.0,157.0,0.0,0.0,6625.5,0.0
0,359700,JAMS,6625.0,243.0,0.0,0.0,0.0,0.0,6627,243,0.0,0.0,0.0,0.0,6626.0,0.0
0,359800,JAMS,6625.0,198.0,0.0,0.0,0.0,0.0,6627,198,0.0,0.0,0.0,0.0,6626.0,0.0
0,359900,JAMS,6625.0,52.0,6624.0,175.0,0.0,0.0,6626,52,6627.0,175.0,0.0,0.0,6625.5,0.0
0,360000,JAMS,6625.0,244.0,0.0,0.0,0.0,0.0,6627,244,0.0,0.0,0.0,0.0,6626.0,0.0
0,360100,JAMS,6625.0,243.0,0.0,0.0,0.0,0.0,6627,243,0.0,0.0,0.0,0.0,6626.0,0.0
0,360200,JAMS,6625.0,95.0,6624.0,197.0,0.0,0.0,6626,95,6627.0,197.0,0.0,0.0,6625.5,0.0
0,360300,JAMS,6625.0,58.0,6624.0,198.0,0.0,0.0,6626,58,6627.0,198.0,0.0,0.0,6625.5,0.0
0,360400,JAMS,6625.0,97.0,6624.0,130.0,0.0,0.0,6626,94,6627.0,130.0,0.0,0.0,6625.5,0.0
0,360500,JAMS,6625.0,64.0,6624.0,149.0,0.0,0.0,6626,64,6627.0,149.0,0.0,0.0,6625.5,0.0
0,360600,JAMS,6625.0,78.0,6624.0,182.0,0.0,0.0,6626,78,6627.0,182.0,0.0,0.0,6625.5,0.0
0,360700,JAMS,6625.0,55.0,6624.0,179.0,0.0,0.0,6626,55,6627.0,179.0,0.0,0.0,6625.5,0.0
0,360800,JAMS,6625.0,258.0,0.0,0.0,0.0,0.0,6627,258,0.0,0.0,0.0,0.0,6626.0,0.0
0,360900,JAMS,6625.0,61.0,6624.0,153.0,0.0,0.0,6626,61,6627.0,153.0,0.0,0.0,6625.5,0.0
0,361000,JAMS,6625.0,64.0,6624.0,138.0,0.0,0.0,6626,64,6627.0,138.0,0.0,0.0,6625.5,0.0
0,361100,JAMS,6625.0,56.0,6624.0,189.0,0.0,0.0,6626,56,6627.0,189.0,0.0,0.0,6625.5,0.0
0,361200,JAMS,6625.0,77.0,6624.0,184.0,0.0,0.0,6626,77,6627.0,184.0,0.0,0.0,6625.5,0.0
0,361300,JAMS,6624.0,225.0,0.0,0.0,0.0,0.0,6626,225,0.0,0.0,0.0,0.0,6625.0,0.0
0,361400,JAMS,6624.0,226.0,0.0,0.0,0.0,0.0,6626,226,0.0,0.0,0.0,0.0,6625.0,0.0
0,361500,JAMS,6624.0,249.0,0.0,0.0,0.0,0.0,6626,249,0.0,0.0,0.0,0.0,6625.0,0.0
0,361600,JAMS,6624.0,243.0,0.0,0.0,0.0,0.0,6626,243,0.0,0.0,0.0,0.0,6625.0,0.0
0,361700,JAMS,6625.0,67.0,6624.0,136.0,0.0,0.0,6626,67,6627.0,136.0,0.0,0.0,6625.5,0.0
0,361800,JAMS,6625.0,97.0,6624.0,184.0,0.0,0.0,6626,97,6627.0,184.0,0.0,0.0,6625.5,0.0
0,361900,JAMS,6625.0,86.0,6624.0,127.0,0.0,0.0,6626,86,6627.0,127.0,0.0,0.0,6625.5,0.0
0,362000,JAMS,6625.0,97.0,6624.0,107.0,0.0,0.0,6626,97,6627.0,107.0,0.0,0.0,6625.5,0.0
0,362100,JAMS,6625.0,188.0,0.0,0.0,0.0,0.0,6627,188,0.0,0.0,0.0,0.0,6626.0,0.0
0,362200,JAMS,6625.0,50.0,6624.0,125.0,0.0,0.0,6626,61,6627.0,125.0,0.0,0.0,6625.5,0.0
0,362300,JAMS,6625.0,80.0,6624.0,168.0,0.0,0.0,6626,80,6627.0,168.0,0.0,0.0,6625.5,0.0
0,362400,JAMS,6624.0,215.0,0.0,0.0,0.0,0.0,6626,215,0.0,0.0,0.0,0.0,6625.0,0.0
0,362500,JAMS,6625.0,51.0,6624.0,199.0,0.0,0.0,6626,51,6627.0,199.0,0.0,0.0,6625.5,0.0
0,362600,JAMS,6624.0,193.0,0.0,0.0,0.0,0.0,6626,193,0.0,0.0,0.0,0.0,6625.0,0.0
0,362700,JAMS,6625.0,55.0,6624.0,117.0,0.0,0.0,6626,55,6627.0,117.0,0.0,0.0,6625.5,0.0
0,362800,JAMS,6624.0,203.0,0.0,0.0,0.0,0.0,6626,203,0.0,0.0,0.0,0.0,6625.0,0.0
0,362900,JAMS,6624.0,266.0,0.0,0.0,0.0,0.0,6626,266,0.0,0.0,0.0,0.0,6625.0,0.0
0,363000,JAMS,6624.0,244.0,0.0,0.0,0.0,0.0,6626,244,0.0,0.0,0.0,0.0,6625.0,0.0
0,363100,JAMS,6624.0,214.0,0.0,0.0,0.0,0.0,6626,214,0.0,0.0,0.0,0.0,6625.0,0.0
0,363200,JAMS,6624.0,239.0,0.0,0.0,0.0,0.0,6626,239,0.0,0.0,0.0,0.0,6625.0,0.0
0,363300,JAMS,6624.0,266.0,0.0,0.0,0.0,0.0,6626,266,0.0,0.0,0.0,0.0,6625.0,0.0
0,363400,JAMS,6624.0,229.0,0.0,0.0,0.0,0.0,6626,229,0.0,0.0,0.0,0.0,6625.0,0.0
0,363500,JAMS,6624.0,227.0,0.0,0.0,0.0,0.0,6626,227,0.0,0.0,0.0,0.0,6625.0,0.0
0,363600,JAMS,6624.0,210.0,0.0,0.0,0.0,0.0,6626,210,0.0,0.0,0.0,0.0,6625.0,0.0
0,363700,JAMS,6624.0,235.0,0.0,0.0,0.0,0.0,6626,235,0.0,0.0,0.0,0.0,6625.0,0.0
0,363800,JAMS,6625.0,54.0,6624.0,187.0,0.0,0.0,6626,54,6627.0,187.0,0.0,0.0,6625.5,0.0
0,363900,JAMS,6625.0,263.0,0.0,0.0,0.0,0.0,6627,263,0.0,0.0,0.0,0.0,6626.0,0.0
0,364000,JAMS,6625.0,187.0,0.0,0.0,0.0,0.0,6627,187,0.0,0.0,0.0,0.0,6626.0,0.0
0,364100,JAMS,6625.0,202.0,0.0,0.0,0.0,0.0,6627,202,0.0,0.0,0.0,0.0,6626.0,0.0
0,364200,JAMS,6625.0,225.0,0.0,0.0,0.0,0.0,6627,225,0.0,0.0,0.0,0.0,6626.0,0.0
0,364300,JAMS,6625.0,190.0,0.0,0.0,0.0,0.0,6627,190,0.0,0.0,0.0,0.0,6626.0,0.0
0,364400,JAMS,6625.0,229.0,0.0,0.0,0.0,0.0,6627,229,0.0,0.0,0.0,0.0,6626.0,0.0
0,364500,JAMS,6625.0,177.0,0.0,0.0,0.0,0.0,6627,177,0.0,0.0,0.0,0.0,6626.0,0.0
0,364600,JAMS,6625.0,251.0,0.0,0.0,0.0,0.0,6627,251,0.0,0.0,0.0,0.0,6626.0,0.0
0,364700,JAMS,6625.0,207.0,0.0,0.0,0.0,0.0,6627,207,0.0,0.0,0.0,0.0,6626.0,0.0
0,364800,JAMS,6625.0,248.0,0.0,0.0,0.0,0.0,6626,5,6627.0,248.0,0.0,0.0,6625.5,0.0
0,364900,JAMS,6625.0,263.0,0.0,0.0,0.0,0.0,6627,263,0.0,0.0,0.0,0.0,6626.0,0.0
0,365000,JAMS,6626.0,85.0,6625.0,165.0,0.0,0.0,6627,85,6628.0,165.0,0.0,0.0,6626.5,0.0
0,365100,JAMS,6626.0,63.0,6625.0,168.0,0.0,0.0,6627,63,6628.0,168.0,0.0,0.0,6626.5,0.0
0,365200,JAMS,6626.0,68.0,6625.0,132.0,0.0,0.0,6627,68,6628.0,132.0,0.0,0.0,6626.5,0.0
0,365300,JAMS,6626.0,270.0,0.0,0.0,0.0,0.0,6628,259,0.0,0.0,0.0,0.0,6627.0,0.0
0,365400,JAMS,6626.0,166.0,0.0,0.0,0.0,0.0,6628,166,0.0,0.0,0.0,0.0,6627.0,0.0
0,365500,JAMS,6626.0,272.0,0.0,0.0,0.0,0.0,6628,272,0.0,0.0,0.0,0.0,6627.0,0.0
0,365600,JAMS,6626.0,201.0,0.0,0.0,0.0,0.0,6628,201,0.0,0.0,0.0,0.0,6627.0,0.0
0,365700,JAMS,6626.0,236.0,0.0,0.0,0.0,0.0,6628,236,0.0,0.0,0.0,0.0,6627.0,0.0
0,365800,JAMS,6627.0,55.0,6626.0,121.0,0.0,0.0,6628,55,6629.0,121.0,0.0,0.0,6627.5,0.0
0,365900,JAMS,6627.0,60.0,6626.0,134.0,0.0,0.0,6628,60,6629.0,134.0,0.0,0.0,6627.5,0.0
0,366000,JAMS,6626.0,243.0,0.0,0.0,0.0,0.0,6628,243,0.0,0.0,0.0,0.0,6627.0,0.0
0,366100,JAMS,6626.0,256.0,0.0,0.0,0.0,0.0,6628,256,0.0,0.0,0.0,0.0,6627.0,0.0
0,366200,JAMS,6626.0,210.0,0.0,0.0,0.0,0.0,6628,210,0.0,0.0,0.0,0.0,6627.0,0.0
0,366300,JAMS,6626.0,234.0,0.0,0.0,0.0,0.0,6628,234,0.0,0.0,0.0,0.0,6627.0,0.0
0,366400,JAMS,6626.0,212.0,0.0,0.0,0.0,0.0,6628,212,0.0,0.0,0.0,0.0,6627.0,0.0
0,366500,JAMS,6626.0,262.0,0.0,0.0,0.0,0.0,6628,262,0.0,0.0,0.0,0.0,6627.0,0.0
0,366600,JAMS,6626.0,163.0,0.0,0.0,0.0,0.0,6628,172,0.0,0.0,0.0,0.0,6627.0,0.0
0,366700,JAMS,6626.0,274.0,0.0,0.0,0.0,0.0,6628,274,0.0,0.0,0.0,0.0,6627.0,0.0
0,366800,JAMS,6626.0,211.0,0.0,0.0,0.0,0.0,6628,211,0.0,0.0,0.0,0.0,6627.0,0.0
0,366900,JAMS,6626.0,243.0,0.0,0.0,0.0,0.0,6628,243,0.0,0.0,0.0,0.0,6627.0,0.0
0,367000,JAMS,6626.0,220.0,0.0,0.0,0.0,0.0,6628,220,0.0,0.0,0.0,0.0,6627.0,0.0
0,367100,JAMS,6626.0,268.0,0.0,0.0,0.0,0.0,6628,268,0.0,0.0,0.0,0.0,6627.0,0.0
0,367200,JAMS,6626.0,200.0,0.0,0.0,0.0,0.0,6628,200,0.0,0.0,0.0,0.0,6627.0,0.0
0,367300,JAMS,6626.0,284.0,0.0,0.0,0.0,0.0,6628,284,0.0,0.0,0.0,0.0,6627.0,0.0
0,367400,JAMS,6626.0,251.0,0.0,0.0,0.0,0.0,6627,12,6628.0,251.0,0.0,0.0,6626.5,0.0
0,367500,JAMS,6626.0,196.0,0.0,0.0,0.0,0.0,6628,196,0.0,0.0,0.0,0.0,6627.0,0.0
0,367600,JAMS,6626.0,228.0,0.0,0.0,0.0,0.0,6628,228,0.0,0.0,0.0,0.0,6627.0,0.0
0,367700,JAMS,6626.0,252.0,0.0,0.0,0.0,0.0,6628,252,0.0,0.0,0.0,0.0,6627.0,0.0
0,367800,JAMS,6626.0,230.0,0.0,0.0,0.0,0.0,6628,230,0.0,0.0,0.0,0.0,6627.0,0.0
0,367900,JAMS,6626.0,232.0,0.0,0.0,0.0,0.0,6628,232,0.0,0.0,0.0,0.0,6627.0,0.0
0,368000,JAMS,6626.0,246.0,0.0,0.0,0.0,0.0,6628,246,0.0,0.0,0.0,0.0,6627.0,0.0
0,368100,JAMS,6626.0,246.0,0.0,0.0,0.0,0.0,6628,246,0.0,0.0,0.0,0.0,6627.0,0.0
0,368200,JAMS,6627.0,68.0,6626.0,136.0,0.0,0.0,6628,68,6629.0,136.0,0.0,0.0,6627.5,0.0
0,368300,JAMS,6626.0,238.0,0.0,0.0,0.0,0.0,6628,238,0.0,0.0,0.0,0.0,6627.0,0.0
0,368400,JAMS,6626.0,242.0,0.0,0.0,0.0,0.0,6628,242,0.0,0.0,0.0,0.0,6627.0,0.0
0,368500,JAMS,6626.0,267.0,0.0,0.0,0.0,0.0,6628,267,0.0,0.0,0.0,0.0,6627.0,0.0
0,368600,JAMS,6626.0,163.0,0.0,0.0,0.0,0.0,6628,163,0.0,0.0,0.0,0.0,6627.0,0.0
0,368700,JAMS,6627.0,92.0,6626.0,110.0,0.0,0.0,6628,92,6629.0,110.0,0.0,0.0,6627.5,0.0
0,368800,JAMS,6626.0,264.0,0.0,0.0,0.0,0.0,6628,264,0.0,0.0,0.0,0.0,6627.0,0.0
0,368900,JAMS,6626.0,236.0,0.0,0.0,0.0,0.0,6628,236,0.0,0.0,0.0,0.0,6627.0,0.0
0,369000,JAMS,6626.0,65.0,6625.0,126.0,0.0,0.0,6627,65,6628.0,126.0,0.0,0.0,6626.5,0.0
0,369100,JAMS,6626.0,229.0,0.0,0.0,0.0,0.0,6628,229,0.0,0.0,0.0,0.0,6627.0,0.0
0,369200,JAMS,6626.0,202.0,0.0,0.0,0.0,0.0,6628,202,0.0,0.0,0.0,0.0,6627.0,0.0
0,369300,JAMS,6626.0,250.0,0.0,0.0,0.0,0.0,6628,250,0.0,0.0,0.0,0.0,6627.0,0.0
0,369400,JAMS,6626.0,82.0,6625.0,149.0,0.0,0.0,6627,82,6628.0,149.0,0.0,0.0,6626.5,0.0
0,369500,JAMS,6626.0,194.0,0.0,0.0,0.0,0.0,6628,194,0.0,0.0,0.0,0.0,6627.0,0.0
0,369600,JAMS,6626.0,200.0,0.0,0.0,0.0,0.0,6628,200,0.0,0.0,0.0,0.0,6627.0,0.0
0,369700,JAMS,6626.0,196.0,0.0,0.0,0.0,0.0,6628,196,0.0,0.0,0.0,0.0,6627.0,0.0
0,369800,JAMS,6626.0,224.0,0.0,0.0,0.0,0.0,6628,232,0.0,0.0,0.0,0.0,6627.0,0.0
0,369900,JAMS,6626.0,182.0,0.0,0.0,0.0,0.0,6628,182,0.0,0.0,0.0,0.0,6627.0,0.0
0,370000,JAMS,6626.0,209.0,0.0,0.0,0.0,0.0,6628,209,0.0,0.0,0.0,0.0,6627.0,0.0
0,370100,JAMS,6626.0,244.0,0.0,0.0,0.0,0.0,6628,244,0.0,0.0,0.0,0.0,6627.0,0.0
0,370200,JAMS,6626.0,282.0,0.0,0.0,0.0,0.0,6628,282,0.0,0.0,0.0,0.0,6627.0,0.0
0,370300,JAMS,6626.0,232.0,0.0,0.0,0.0,0.0,6628,232,0.0,0.0,0.0,0.0,6627.0,0.0
0,370400,JAMS,6626.0,225.0,0.0,0.0,0.0,0.0,6628,225,0.0,0.0,0.0,0.0,6627.0,0.0
0,370500,JAMS,6626.0,193.0,0.0,0.0,0.0,0.0,6628,193,0.0,0.0,0.0,0.0,6627.0,0.0
0,370600,JAMS,6626.0,176.0,0.0,0.0,0.0,0.0,6628,176,0.0,0.0,0.0,0.0,6627.0,0.0
0,370700,JAMS,6626.0,253.0,0.0,0.0,0.0,0.0,6628,253,0.0,0.0,0.0,0.0,6627.0,0.0
0,370800,JAMS,6626.0,240.0,0.0,0.0,0.0,0.0,6628,240,0.0,0.0,0.0,0.0,6627.0,0.0
0,370900,JAMS,6626.0,89.0,6625.0,140.0,0.0,0.0,6627,89,6628.0,140.0,0.0,0.0,6626.5,0.0
0,371000,JAMS,6626.0,67.0,6625.0,136.0,0.0,0.0,6627,67,6628.0,136.0,0.0,0.0,6626.5,0.0
0,371100,JAMS,6626.0,72.0,6625.0,142.0,0.0,0.0,6627,84,6628.0,142.0,0.0,0.0,6626.5,0.0
0,371200,JAMS,6626.0,91.0,6625.0,176.0,0.0,0.0,6627,91,6628.0,176.0,0.0,0.0,6626.5,0.0
0,371300,JAMS,6625.0,257.0,0.0,0.0,0.0,0.0,6627,257,0.0,0.0,0.0,0.0,6626.0,0.0
0,371400,JAMS,6625.0,225.0,0.0,0.0,0.0,0.0,6627,225,0.0,0.0,0.0,0.0,6626.0,0.0
0,371500,JAMS,6625.0,222.0,0.0,0.0,0.0,0.0,6627,222,0.0,0.0,0.0,0.0,6626.0,0.0
0,371600,JAMS,6625.0,249.0,0.0,0.0,0.0,0.0,6627,241,0.0,0.0,0.0,0.0,6626.0,0.0
0,371700,JAMS,6626.0,3.0,6625.0,257.0,0.0,0.0,6627,257,0.0,0.0,0.0,0.0,6626.5,0.0
0,371800,JAMS,6625.0,234.0,0.0,0.0,0.0,0.0,6627,234,0.0,0.0,0.0,0.0,6626.0,0.0
0,371900,JAMS,6626.0,57.0,6625.0,126.0,0.0,0.0,6627,57,6628.0,126.0,0.0,0.0,6626.5,0.0
0,372000,JAMS,6626.0,85.0,6625.0,187.0,0.0,0.0,6627,85,6628.0,187.0,0.0,0.0,6626.5,0.0
0,372100,JAMS,6626.0,51.0,6625.0,100.0,0.0,0.0,6627,56,6628.0,100.0,0.0,0.0,6626.5,0.0
0,372200,JAMS,6626.0,276.0,0.0,0.0,0.0,0.0,6628,276,0.0,0.0,0.0,0.0,6627.0,0.0
0,372300,JAMS,6626.0,251.0,0.0,0.0,0.0,0.0,6628,251,0.0,0.0,0.0,0.0,6627.0,0.0
0,372400,JAMS,6626.0,175.0,0.0,0.0,0.0,0.0,6628,175,0.0,0.0,0.0,0.0,6627.0,0.0
0,372500,JAMS,6626.0,188.0,0.0,0.0,0.0,0.0,6628,188,0.0,0.0,0.0,0.0,6627.0,0.0
0,372600,JAMS,6626.0,88.0,6625.0,144.0,0.0,0.0,6627,88,6628.0,144.0,0.0,0.0,6626.5,0.0
0,372700,JAMS,6626.0,68.0,6625.0,143.0,0.0,0.0,6627,68,6628.0,143.0,0.0,0.0,6626.5,0.0
0,372800,JAMS,6626.0,54.0,6625.0,173.0,0.0,0.0,6627,54,6628.0,173.0,0.0,0.0,6626.5,0.0
0,372900,JAMS,6624.0,197.0,0.0,0.0,0.0,0.0,6626,197,0.0,0.0,0.0,0.0,6625.0,0.0
0,373000,JAMS,6624.0,222.0,0.0,0.0,0.0,0.0,6626,222,0.0,0.0,0.0,0.0,6625.0,0.0
0,373100,JAMS,6624.0,176.0,0.0,0.0,0.0,0.0,6626,176,0.0,0.0,0.0,0.0,6625.0,0.0
0,373200,JAMS,6624.0,282.0,0.0,0.0,0.0,0.0,6626,282,0.0,0.0,0.0,0.0,6625.0,0.0
0,373300,JAMS,6624.0,230.0,0.0,0.0,0.0,0.0,6626,230,0.0,0.0,0.0,0.0,6625.0,0.0
0,373400,JAMS,6624.0,278.0,0.0,0.0,0.0,0.0,6626,278,0.0,0.0,0.0,0.0,6625.0,0.0
0,373500,JAMS,6624.0,54.0,6623.0,186.0,0.0,0.0,6625,54,6626.0,186.0,0.0,0.0,6624.5,0.0
0,373600,JAMS,6624.0,230.0,0.0,0.0,0.0,0.0,6626,230,0.0,0.0,0.0,0.0,6625.0,0.0
0,373700,JAMS,6624.0,264.0,0.0,0.0,0.0,0.0,6626,264,0.0,0.0,0.0,0.0,6625.0,0.0
0,373800,JAMS,6624.0,244.0,0.0,0.0,0.0,0.0,6626,253,0.0,0.0,0.0,0.0,6625.0,0.0
0,373900,JAMS,6624.0,270.0,0.0,0.0,0.0,0.0,6626,270,0.0,0.0,0.0,0.0,6625.0,0.0
0,374000,JAMS,6624.0,230.0,0.0,0.0,0.0,0.0,6626,230,0.0,0.0,0.0,0.0,6625.0,0.0
0,374100,JAMS,6624.0,173.0,0.0,0.0,0.0,0.0,6626,173,0.0,0.0,0.0,0.0,6625.0,0.0
0,374200,JAMS,6625.0,99.0,6624.0,151.0,0.0,0.0,6626,99,6627.0,151.0,0.0,0.0,6625.5,0.0
0,374300,JAMS,6626.0,60.0,6625.0,156.0,0.0,0.0,6627,60,6628.0,156.0,0.0,0.0,6626.5,0.0
0,374400,JAMS,6625.0,174.0,0.0,0.0,0.0,0.0,6626,3,6627.0,174.0,0.0,0.0,6625.5,0.0
0,374500,JAMS,6626.0,54.0,6625.0,125.0,0.0,0.0,6627,54,6628.0,125.0,0.0,0.0,6626.5,0.0
0,374600,JAMS,6626.0,217.0,0.0,0.0,0.0,0.0,6628,217,0.0,0.0,0.0,0.0,6627.0,0.0
0,374700,JAMS,6626.0,81.0,6625.0,124.0,0.0,0.0,6627,86,6628.0,124.0,0.0,0.0,6626.5,0.0
0,374800,JAMS,6626.0,66.0,6625.0,174.0,0.0,0.0,6627,66,6628.0,174.0,0.0,0.0,6626.5,0.0
0,374900,JAMS,6626.0,72.0,6625.0,159.0,0.0,0.0,6627,72,6628.0,159.0,0.0,0.0,6626.5,0.0
0,375000,JAMS,6626.0,63.0,6625.0,191.0,0.0,0.0,6627,264,0.0,0.0,0.0,0.0,6626.5,0.0
0,375100,JAMS,6625.0,243.0,0.0,0.0,0.0,0.0,6627,243,0.0,0.0,0.0,0.0,6626.0,0.0
0,375200,JAMS,6625.0,223.0,0.0,0.0,0.0,0.0,6627,223,0.0,0.0,0.0,0.0,6626.0,0.0
0,375300,JAMS,6625.0,165.0,0.0,0.0,0.0,0.0,6627,165,0.0,0.0,0.0,0.0,6626.0,0.0
0,375400,JAMS,6625.0,217.0,0.0,0.0,0.0,0.0,6627,225,0.0,0.0,0.0,0.0,6626.0,0.0
0,375500,JAMS,6625.0,200.0,0.0,0.0,0.0,0.0,6627,200,0.0,0.0,0.0,0.0,6626.0,0.0
0,375600,JAMS,6625.0,267.0,0.0,0.0,0.0,0.0,6627,267,0.0,0.0,0.0,0.0,6626.0,0.0
0,375700,JAMS,6625.0,231.0,0.0,0.0,0.0,0.0,6627,231,0.0,0.0,0.0,0.0,6626.0,0.0
0,375800,JAMS,6626.0,218.0,0.0,0.0,0.0,0.0,6628,218,0.0,0.0,0.0,0.0,6627.0,0.0
0,375900,JAMS,6626.0,217.0,0.0,0.0,0.0,0.0,6628,217,0.0,0.0,0.0,0.0,6627.0,0.0
0,376000,JAMS,6626.0,271.0,0.0,0.0,0.0,0.0,6628,271,0.0,0.0,0.0,0.0,6627.0,0.0
0,376100,JAMS,6626.0,68.0,6625.0,174.0,0.0,0.0,6627,68,6628.0,174.0,0.0,0.0,6626.5,0.0
0,376200,JAMS,6626.0,258.0,0.0,0.0,0.0,0.0,6628,258,0.0,0.0,0.0,0.0,6627.0,0.0
0,376300,JAMS,6625.0,227.0,0.0,0.0,0.0,0.0,6627,227,0.0,0.0,0.0,0.0,6626.0,0.0
0,376400,JAMS,6625.0,168.0,0.0,0.0,0.0,0.0,6627,168,0.0,0.0,0.0,0.0,6626.0,0.0
0,376500,JAMS,6625.0,174.0,0.0,0.0,0.0,0.0,6627,174,0.0,0.0,0.0,0.0,6626.0,0.0
0,376600,JAMS,6625.0,230.0,0.0,0.0,0.0,0.0,6627,230,0.0,0.0,0.0,0.0,6626.0,0.0
0,376700,JAMS,6625.0,293.0,0.0,0.0,0.0,0.0,6627,293,0.0,0.0,0.0,0.0,6626.0,0.0
0,376800,JAMS,6625.0,266.0,0.0,0.0,0.0,0.0,6627,266,0.0,0.0,0.0,0.0,6626.0,0.0
0,376900,JAMS,6625.0,278.0,0.0,0.0,0.0,0.0,6626,4,6627.0,278.0,0.0,0.0,6625.5,0.0
0,377000,JAMS,6625.0,241.0,0.0,0.0,0.0,0.0,6627,241,0.0,0.0,0.0,0.0,6626.0,0.0
0,377100,JAMS,6625.0,174.0,0.0,0.0,0.0,0.0,6627,174,0.0,0.0,0.0,0.0,6626.0,0.0
0,377200,JAMS,6625.0,222.0,0.0,0.0,0.0,0.0,6627,222,0.0,0.0,0.0,0.0,6626.0,0.0
0,377300,JAMS,6625.0,225.0,0.0,0.0,0.0,0.0,6627,225,0.0,0.0,0.0,0.0,6626.0,0.0
0,377400,JAMS,6625.0,169.0,0.0,0.0,0.0,0.0,6627,169,0.0,0.0,0.0,0.0,6626.0,0.0
0,377500,JAMS,6625.0,254.0,0.0,0.0,0.0,0.0,6627,254,0.0,0.0,0.0,0.0,6626.0,0.0
0,377600,JAMS,6625.0,248.0,0.0,0.0,0.0,0.0,6627,248,0.0,0.0,0.0,0.0,6626.0,0.0
0,377700,JAMS,6625.0,96.0,6624.0,185.0,0.0,0.0,6626,96,6627.0,185.0,0.0,0.0,6625.5,0.0
0,377800,JAMS,6625.0,233.0,0.0,0.0,0.0,0.0,6627,233,0.0,0.0,0.0,0.0,6626.0,0.0
0,377900,JAMS,6625.0,87.0,6624.0,140.0,0.0,0.0,6626,87,6627.0,140.0,0.0,0.0,6625.5,0.0
0,378000,JAMS,6625.0,213.0,0.0,0.0,0.0,0.0,6627,213,0.0,0.0,0.0,0.0,6626.0,0.0
0,378100,JAMS,6625.0,191.0,0.0,0.0,0.0,0.0,6627,191,0.0,0.0,0.0,0.0,6626.0,0.0
0,378200,JAMS,6625.0,249.0,0.0,0.0,0.0,0.0,6627,249,0.0,0.0,0.0,0.0,6626.0,0.0
0,378300,JAMS,6625.0,72.0,6624.0,130.0,0.0,0.0,6626,72,6627.0,130.0,0.0,0.0,6625.5,0.0
0,378400,JAMS,6625.0,73.0,6624.0,105.0,0.0,0.0,6626,73,6627.0,105.0,0.0,0.0,6625.5,0.0
0,378500,JAMS,6624.0,191.0,0.0,0.0,0.0,0.0,6626,191,0.0,0.0,0.0,0.0,6625.0,0.0
0,378600,JAMS,6624.0,199.0,0.0,0.0,0.0,0.0,6626,199,0.0,0.0,0.0,0.0,6625.0,0.0
0,378700,JAMS,6624.0,51.0,6623.0,151.0,0.0,0.0,6625,51,6626.0,151.0,0.0,0.0,6624.5,0.0
0,378800,JAMS,6624.0,76.0,6623.0,174.0,0.0,0.0,6625,76,6626.0,174.0,0.0,0.0,6624.5,0.0
0,378900,JAMS,6624.0,86.0,6623.0,184.0,0.0,0.0,6625,86,6626.0,184.0,0.0,0.0,6624.5,0.0
0,379000,JAMS,6624.0,218.0,0.0,0.0,0.0,0.0,6626,218,0.0,0.0,0.0,0.0,6625.0,0.0
0,379100,JAMS,6624.0,202.0,0.0,0.0,0.0,0.0,6626,202,0.0,0.0,0.0,0.0,6625.0,0.0
0,379200,JAMS,6624.0,260.0,0.0,0.0,0.0,0.0,6626,260,0.0,0.0,0.0,0.0,6625.0,0.0
0,379300,JAMS,6624.0,232.0,0.0,0.0,0.0,0.0,6626,232,0.0,0.0,0.0,0.0,6625.0,0.0
0,379400,JAMS,6624.0,172.0,0.0,0.0,0.0,0.0,6626,172,0.0,0.0,0.0,0.0,6625.0,0.0
0,379500,JAMS,6623.0,203.0,0.0,0.0,0.0,0.0,6625,203,0.0,0.0,0.0,0.0,6624.0,0.0
0,379600,JAMS,6623.0,161.0,0.0,0.0,0.0,0.0,6625,161,0.0,0.0,0.0,0.0,6624.0,0.0
0,379700,JAMS,6623.0,257.0,0.0,0.0,0.0,0.0,6625,257,0.0,0.0,0.0,0.0,6624.0,0.0
0,379800,JAMS,6623.0,210.0,0.0,0.0,0.0,0.0,6625,210,0.0,0.0,0.0,0.0,6624.0,0.0
0,379900,JAMS,6624.0,68.0,6623.0,122.0,0.0,0.0,6625,68,6626.0,122.0,0.0,0.0,6624.5,0.0
0,380000,JAMS,6624.0,88.0,6623.0,141.0,0.0,0.0,6625,88,6626.0,141.0,0.0,0.0,6624.5,0.0
0,380100,JAMS,6624.0,93.0,6623.0,126.0,0.0,0.0,6625,93,6626.0,126.0,0.0,0.0,6624.5,0.0
0,380200,JAMS,6624.0,53.0,6623.0,149.0,0.0,0.0,6625,53,6626.0,149.0,0.0,0.0,6624.5,0.0
0,380300,JAMS,6624.0,64.0,6623.0,176.0,0.0,0.0,6625,64,6626.0,176.0,0.0,0.0,6624.5,0.0
0,380400,JAMS,6624.0,284.0,0.0,0.0,0.0,0.0,6626,284,0.0,0.0,0.0,0.0,6625.0,0.0
0,380500,JAMS,6624.0,182.0,0.0,0.0,0.0,0.0,6626,178,0.0,0.0,0.0,0.0,6625.0,0.0
0,380600,JAMS,6624.0,98.0,6623.0,150.0,0.0,0.0,6625,98,6626.0,150.0,0.0,0.0,6624.5,0.0
0,380700,JAMS,6624.0,73.0,6623.0,147.0,0.0,0.0,6625,73,6626.0,147.0,0.0,0.0,6624.5,0.0
0,380800,JAMS,6624.0,215.0,0.0,0.0,0.0,0.0,6626,215,0.0,0.0,0.0,0.0,6625.0,0.0
0,380900,JAMS,6624.0,88.0,6623.0,199.0,0.0,0.0,6625,88,6626.0,199.0,0.0,0.0,6624.5,0.0
0,381000,JAMS,6624.0,65.0,6623.0,190.0,0.0,0.0,6625,65,6626.0,190.0,0.0,0.0,6624.5,0.0
0,381100,JAMS,6624.0,90.0,6623.0,174.0,0.0,0.0,6625,90,6626.0,174.0,0.0,0.0,6624.5,0.0
0,381200,JAMS,6624.0,86.0,6623.0,200.0,0.0,0.0,6625,86,6626.0,200.0,0.0,0.0,6624.5,0.0
0,381300,JAMS,6624.0,87.0,6623.0,108.0,0.0,0.0,6625,87,6626.0,108.0,0.0,0.0,6624.5,0.0
0,381400,JAMS,6624.0,9.0,6623.0,179.0,0.0,0.0,6625,179,0.0,0.0,0.0,0.0,6624.5,0.0
0,381500,JAMS,6623.0,199.0,0.0,0.0,0.0,0.0,6624,4,6625.0,199.0,0.0,0.0,6623.5,0.0
0,381600,JAMS,6623.0,254.0,0.0,0.0,0.0,0.0,6625,254,0.0,0.0,0.0,0.0,6624.0,0.0
0,381700,JAMS,6623.0,233.0,0.0,0.0,0.0,0.0,6625,233,0.0,0.0,0.0,0.0,6624.0,0.0
0,381800,JAMS,6624.0,82.0,6623.0,160.0,0.0,0.0,6625,82,6626.0,160.0,0.0,0.0,6624.5,0.0
0,381900,JAMS,6624.0,100.0,6623.0,151.0,0.0,0.0,6625,100,6626.0,151.0,0.0,0.0,6624.5,0.0
0,382000,JAMS,6624.0,83.0,6623.0,138.0,0.0,0.0,6625,83,6626.0,138.0,0.0,0.0,6624.5,0.0
0,382100,JAMS,6624.0,91.0,6623.0,179.0,0.0,0.0,6625,91,6626.0,179.0,0.0,0.0,6624.5,0.0
0,382200,JAMS,6624.0,94.0,6623.0,191.0,0.0,0.0,6625,94,6626.0,191.0,0.0,0.0,6624.5,0.0
0,382300,JAMS,6624.0,75.0,6623.0,174.0,0.0,0.0,6625,75,6626.0,174.0,0.0,0.0,6624.5,0.0
0,382400,JAMS,6624.0,76.0,6623.0,167.0,0.0,0.0,6625,76,6626.0,167.0,0.0,0.0,6624.5,0.0
0,382500,JAMS,6625.0,70.0,6624.0,151.0,0.0,0.0,6626,70,6627.0,151.0,0.0,0.0,6625.5,0.0
0,382600,JAMS,6624.0,193.0,0.0,0.0,0.0,0.0,6626,193,0.0,0.0,0.0,0.0,6625.0,0.0
0,382700,JAMS,6624.0,210.0,0.0,0.0,0.0,0.0,6626,210,0.0,0.0,0.0,0.0,6625.0,0.0
0,382800,JAMS,6625.0,80.0,6624.0,184.0,0.0,0.0,6626,80,6627.0,184.0,0.0,0.0,6625.5,0.0
0,382900,JAMS,6624.0,266.0,0.0,0.0,0.0,0.0,6626,266,0.0,0.0,0.0,0.0,6625.0,0.0
0,383000,JAMS,6624.0,263.0,0.0,0.0,0.0,0.0,6626,263,0.0,0.0,0.0,0.0,6625.0,0.0
0,383100,JAMS,6625.0,56.0,6624.0,159.0,0.0,0.0,6626,56,6627.0,159.0,0.0,0.0,6625.5,0.0
0,383200,JAMS,6625.0,53.0,6624.0,171.0,0.0,0.0,6626,53,6627.0,171.0,0.0,0.0,6625.5,0.0
0,383300,JAMS,6625.0,64.0,6624.0,121.0,0.0,0.0,6626,53,6627.0,121.0,0.0,0.0,6625.5,0.0
0,383400,JAMS,6624.0,230.0,0.0,0.0,0.0,0.0,6626,230,0.0,0.0,0.0,0.0,6625.0,0.0
0,383500,JAMS,6625.0,295.0,0.0,0.0,0.0,0.0,6627,295,0.0,0.0,0.0,0.0,6626.0,0.0
0,383600,JAMS,6626.0,77.0,6625.0,152.0,0.0,0.0,6627,89,6628.0,152.0,0.0,0.0,6626.5,0.0
0,383700,JAMS,6625.0,235.0,0.0,0.0,0.0,0.0,6627,235,0.0,0.0,0.0,0.0,6626.0,0.0
0,383800,JAMS,6625.0,68.0,6624.0,175.0,0.0,0.0,6626,68,6627.0,175.0,0.0,0.0,6625.5,0.0
0,383900,JAMS,6625.0,51.0,6624.0,121.0,0.0,0.0,6626,51,6627.0,121.0,0.0,0.0,6625.5,0.0
0,384000,JAMS,6625.0,93.0,6624.0,199.0,0.0,0.0,6626,87,6627.0,199.0,0.0,0.0,6625.5,0.0
0,384100,JAMS,6624.0,242.0,0.0,0.0,0.0,0.0,6626,242,0.0,0.0,0.0,0.0,6625.0,0.0
0,384200,JAMS,6624.0,259.0,0.0,0.0,0.0,0.0,6626,259,0.0,0.0,0.0,0.0,6625.0,0.0
0,384300,JAMS,6624.0,203.0,0.0,0.0,0.0,0.0,6626,203,0.0,0.0,0.0,0.0,6625.0,0.0
0,384400,JAMS,6625.0,100.0,6624.0,133.0,0.0,0.0,6626,100,6627.0,133.0,0.0,0.0,6625.5,0.0
0,384500,JAMS,6625.0,3.0,6624.0,288.0,0.0,0.0,6626,288,0.0,0.0,0.0,0.0,6625.5,0.0
0,384600,JAMS,6624.0,218.0,0.0,0.0,0.0,0.0,6626,218,0.0,0.0,0.0,0.0,6625.0,0.0
0,384700,JAMS,6625.0,92.0,6624.0,175.0,0.0,0.0,6626,92,6627.0,175.0,0.0,0.0,6625.5,0.0
0,384800,JAMS,6625.0,80.0,6624.0,106.0,0.0,0.0,6626,80,6627.0,106.0,0.0,0.0,6625.5,0.0
0,384900,JAMS,6624.0,188.0,0.0,0.0,0.0,0.0,6626,188,0.0,0.0,0.0,0.0,6625.0,0.0
0,385000,JAMS,6625.0,93.0,6624.0,200.0,0.0,0.0,6626,93,6627.0,200.0,0.0,0.0,6625.5,0.0
0,385100,JAMS,6625.0,65.0,6624.0,136.0,0.0,0.0,6626,68,6627.0,136.0,0.0,0.0,6625.5,0.0
0,385200,JAMS,6625.0,86.0,6624.0,114.0,0.0,0.0,6626,90,6627.0,114.0,0.0,0.0,6625.5,0.0
0,385300,JAMS,6625.0,195.0,0.0,0.0,0.0,0.0,6627,195,0.0,0.0,0.0,0.0,6626.0,0.0
0,385400,JAMS,6625.0,191.0,0.0,0.0,0.0,0.0,6627,191,0.0,0.0,0.0,0.0,6626.0,0.0
0,385500,JAMS,6626.0,55.0,6625.0,139.0,0.0,0.0,6627,55,6628.0,139.0,0.0,0.0,6626.5,0.0
0,385600,JAMS,6626.0,178.0,0.0,0.0,0.0,0.0,6628,178,0.0,0.0,0.0,0.0,6627.0,0.0
0,385700,JAMS,6626.0,215.0,0.0,0.0,0.0,0.0,6628,215,0.0,0.0,0.0,0.0,6627.0,0.0
0,385800,JAMS,6626.0,200.0,0.0,0.0,0.0,0.0,6628,192,0.0,0.0,0.0,0.0,6627.0,0.0
0,385900,JAMS,6626.0,236.0,0.0,0.0,0.0,0.0,6628,248,0.0,0.0,0.0,0.0,6627.0,0.0
0,386000,JAMS,6626.0,254.0,0.0,0.0,0.0,0.0,6628,254,0.0,0.0,0.0,0.0,6627.0,0.0
0,386100,JAMS,6626.0,226.0,0.0,0.0,0.0,0.0,6628,226,0.0,0.0,0.0,0.0,6627.0,0.0
0,386200,JAMS,6626.0,286.0,0.0,0.0,0.0,0.0,6628,286,0.0,0.0,0.0,0.0,6627.0,0.0
0,386300,JAMS,6626.0,241.0,0.0,0.0,0.0,0.0,6628,241,0.0,0.0,0.0,0.0,6627.0,0.0
0,386400,JAMS,6626.0,249.0,0.0,0.0,0.0,0.0,6628,249,0.0,0.0,0.0,0.0,6627.0,0.0
0,386500,JAMS,6627.0,60.0,6626.0,118.0,0.0,0.0,6628,60,6629.0,118.0,0.0,0.0,6627.5,0.0
0,386600,JAMS,6626.0,227.0,0.0,0.0,0.0,0.0,6628,227,0.0,0.0,0.0,0.0,6627.0,0.0
0,386700,JAMS,6627.0,67.0,6626.0,140.0,0.0,0.0,6628,67,6629.0,140.0,0.0,0.0,6627.5,0.0
0,386800,JAMS,6627.0,66.0,6626.0,122.0,0.0,0.0,6628,66,6629.0,122.0,0.0,0.0,6627.5,0.0
0,386900,JAMS,6627.0,71.0,6626.0,138.0,0.0,0.0,6628,71,6629.0,138.0,0.0,0.0,6627.5,0.0
0,387000,JAMS,6627.0,75.0,6626.0,141.0,0.0,0.0,6628,75,6629.0,141.0,0.0,0.0,6627.5,0.0
0,387100,JAMS,6627.0,75.0,6626.0,176.0,0.0,0.0,6628,75,6629.0,176.0,0.0,0.0,6627.5,0.0
0,387200,JAMS,6627.0,236.0,0.0,0.0,0.0,0.0,6629,236,0.0,0.0,0.0,0.0,6628.0,0.0
0,387300,JAMS,6627.0,217.0,0.0,0.0,0.0,0.0,6629,217,0.0,0.0,0.0,0.0,6628.0,0.0
0,387400,JAMS,6627.0,188.0,0.0,0.0,0.0,0.0,6629,188,0.0,0.0,0.0,0.0,6628.0,0.0
0,387500,JAMS,6627.0,295.0,0.0,0.0,0.0,0.0,6629,295,0.0,0.0,0.0,0.0,6628.0,0.0
0,387600,JAMS,6627.0,248.0,0.0,0.0,0.0,0.0,6629,248,0.0,0.0,0.0,0.0,6628.0,0.0
0,387700,JAMS,6627.0,184.0,0.0,0.0,0.0,0.0,6629,184,0.0,0.0,0.0,0.0,6628.0,0.0
0,387800,JAMS,6627.0,229.0,0.0,0.0,0.0,0.0,6629,229,0.0,0.0,0.0,0.0,6628.0,0.0
0,387900,JAMS,6627.0,206.0,0.0,0.0,0.0,0.0,6629,206,0.0,0.0,0.0,0.0,6628.0,0.0
0,388000,JAMS,6627.0,253.0,0.0,0.0,0.0,0.0,6629,253,0.0,0.0,0.0,0.0,6628.0,0.0
0,388100,JAMS,6628.0,83.0,6627.0,125.0,0.0,0.0,6629,83,6630.0,125.0,0.0,0.0,6628.5,0.0
0,388200,JAMS,6628.0,91.0,6627.0,163.0,0.0,0.0,6629,91,6630.0,163.0,0.0,0.0,6628.5,0.0
0,388300,JAMS,6629.0,41.0,6628.0,115.0,0.0,0.0,6630,51,6631.0,115.0,0.0,0.0,6629.5,0.0
0,388400,JAMS,6629.0,78.0,6628.0,181.0,0.0,0.0,6630,78,6631.0,181.0,0.0,0.0,6629.5,0.0
0,388500,JAMS,6629.0,59.0,6628.0,194.0,0.0,0.0,6630,59,6631.0,194.0,0.0,0.0,6629.5,0.0
0,388600,JAMS,6629.0,84.0,6628.0,163.0,0.0,0.0,6630,84,6631.0,163.0,0.0,0.0,6629.5,0.0
0,388700,JAMS,6629.0,74.0,6628.0,163.0,0.0,0.0,6630,74,6631.0,163.0,0.0,0.0,6629.5,0.0
0,388800,JAMS,6629.0,86.0,6628.0,148.0,0.0,0.0,6630,86,6631.0,148.0,0.0,0.0,6629.5,0.0
0,388900,JAMS,6630.0,292.0,0.0,0.0,0.0,0.0,6632,292,0.0,0.0,0.0,0.0,6631.0,0.0
0,389000,JAMS,6631.0,53.0,6630.0,180.0,0.0,0.0,6632,53,6633.0,180.0,0.0,0.0,6631.5,0.0
0,389100,JAMS,6630.0,191.0,0.0,0.0,0.0,0.0,6632,191,0.0,0.0,0.0,0.0,6631.0,0.0
0,389200,JAMS,6630.0,58.0,6629.0,135.0,0.0,0.0,6631,58,6632.0,135.0,0.0,0.0,6630.5,0.0
0,389300,JAMS,6630.0,239.0,0.0,0.0,0.0,0.0,6632,239,0.0,0.0,0.0,0.0,6631.0,0.0
0,389400,JAMS,6631.0,85.0,6630.0,151.0,0.0,0.0,6632,85,6633.0,151.0,0.0,0.0,6631.5,0.0
0,389500,JAMS,6631.0,50.0,6630.0,189.0,0.0,0.0,6632,50,6633.0,189.0,0.0,0.0,6631.5,0.0
0,389600,JAMS,6631.0,203.0,0.0,0.0,0.0,0.0,6633,203,0.0,0.0,0.0,0.0,6632.0,0.0
0,389700,JAMS,6631.0,183.0,0.0,0.0,0.0,0.0,6633,183,0.0,0.0,0.0,0.0,6632.0,0.0
0,389800,JAMS,6630.0,202.0,0.0,0.0,0.0,0.0,6632,202,0.0,0.0,0.0,0.0,6631.0,0.0
0,389900,JAMS,6630.0,190.0,0.0,0.0,0.0,0.0,6632,190,0.0,0.0,0.0,0.0,6631.0,0.0
0,390000,JAMS,6630.0,259.0,0.0,0.0,0.0,0.0,6632,259,0.0,0.0,0.0,0.0,6631.0,0.0
0,390100,JAMS,6629.0,249.0,0.0,0.0,0.0,0.0,6631,249,0.0,0.0,0.0,0.0,6630.0,0.0
0,390200,JAMS,6629.0,246.0,0.0,0.0,0.0,0.0,6631,246,0.0,0.0,0.0,0.0,6630.0,0.0
0,390300,JAMS,6629.0,179.0,0.0,0.0,0.0,0.0,6631,179,0.0,0.0,0.0,0.0,6630.0,0.0
0,390400,JAMS,6629.0,89.0,6628.0,171.0,0.0,0.0,6630,89,6631.0,171.0,0.0,0.0,6629.5,0.0
0,390500,JAMS,6629.0,176.0,0.0,0.0,0.0,0.0,6631,176,0.0,0.0,0.0,0.0,6630.0,0.0
0,390600,JAMS,6629.0,270.0,0.0,0.0,0.0,0.0,6630,12,6631.0,270.0,0.0,0.0,6629.5,0.0
0,390700,JAMS,6630.0,86.0,6629.0,154.0,0.0,0.0,6631,86,6632.0,154.0,0.0,0.0,6630.5,0.0
0,390800,JAMS,6629.0,210.0,0.0,0.0,0.0,0.0,6631,210,0.0,0.0,0.0,0.0,6630.0,0.0
0,390900,JAMS,6629.0,217.0,0.0,0.0,0.0,0.0,6631,217,0.0,0.0,0.0,0.0,6630.0,0.0
0,391000,JAMS,6629.0,191.0,0.0,0.0,0.0,0.0,6631,191,0.0,0.0,0.0,0.0,6630.0,0.0
0,391100,JAMS,6629.0,169.0,0.0,0.0,0.0,0.0,6631,169,0.0,0.0,0.0,0.0,6630.0,0.0
0,391200,JAMS,6630.0,69.0,6629.0,141.0,0.0,0.0,6631,69,6632.0,141.0,0.0,0.0,6630.5,0.0
0,391300,JAMS,6630.0,73.0,6629.0,143.0,0.0,0.0,6631,76,6632.0,143.0,0.0,0.0,6630.5,0.0
0,391400,JAMS,6630.0,73.0,6629.0,143.0,0.0,0.0,6631,73,6632.0,143.0,0.0,0.0,6630.5,0.0
0,391500,JAMS,6630.0,12.0,6629.0,252.0,0.0,0.0,6631,252,0.0,0.0,0.0,0.0,6630.5,0.0
0,391600,JAMS,6629.0,157.0,0.0,0.0,0.0,0.0,6631,157,0.0,0.0,0.0,0.0,6630.0,0.0
0,391700,JAMS,6630.0,8.0,6629.0,228.0,0.0,0.0,6631,228,0.0,0.0,0.0,0.0,6630.5,0.0
0,391800,JAMS,6629.0,176.0,0.0,0.0,0.0,0.0,6631,176,0.0,0.0,0.0,0.0,6630.0,0.0
0,391900,JAMS,6629.0,157.0,0.0,0.0,0.0,0.0,6631,157,0.0,0.0,0.0,0.0,6630.0,0.0
0,392000,JAMS,6630.0,77.0,6629.0,188.0,0.0,0.0,6631,265,0.0,0.0,0.0,0.0,6630.5,0.0
0,392100,JAMS,6629.0,200.0,0.0,0.0,0.0,0.0,6631,200,0.0,0.0,0.0,0.0,6630.0,0.0
0,392200,JAMS,6629.0,264.0,0.0,0.0,0.0,0.0,6631,264,0.0,0.0,0.0,0.0,6630.0,0.0
0,392300,JAMS,6629.0,227.0,0.0,0.0,0.0,0.0,6631,227,0.0,0.0,0.0,0.0,6630.0,0.0
0,392400,JAMS,6629.0,259.0,0.0,0.0,0.0,0.0,6630,3,6631.0,259.0,0.0,0.0,6629.5,0.0
0,392500,JAMS,6629.0,225.0,0.0,0.0,0.0,0.0,6631,225,0.0,0.0,0.0,0.0,6630.0,0.0
0,392600,JAMS,6629.0,179.0,0.0,0.0,0.0,0.0,6631,179,0.0,0.0,0.0,0.0,6630.0,0.0
0,392700,JAMS,6629.0,210.0,0.0,0.0,0.0,0.0,6631,210,0.0,0.0,0.0,0.0,6630.0,0.0
0,392800,JAMS,6629.0,233.0,0.0,0.0,0.0,0.0,6631,233,0.0,0.0,0.0,0.0,6630.0,0.0
0,392900,JAMS,6629.0,180.0,0.0,0.0,0.0,0.0,6631,180,0.0,0.0,0.0,0.0,6630.0,0.0
0,393000,JAMS,6629.0,225.0,0.0,0.0,0.0,0.0,6631,225,0.0,0.0,0.0,0.0,6630.0,0.0
0,393100,JAMS,6629.0,197.0,0.0,0.0,0.0,0.0,6630,63,6631.0,134.0,0.0,0.0,6629.5,0.0
0,393200,JAMS,6629.0,254.0,0.0,0.0,0.0,0.0,6631,254,0.0,0.0,0.0,0.0,6630.0,0.0
0,393300,JAMS,6629.0,197.0,0.0,0.0,0.0,0.0,6631,197,0.0,0.0,0.0,0.0,6630.0,0.0
0,393400,JAMS,6629.0,196.0,0.0,0.0,0.0,0.0,6631,196,0.0,0.0,0.0,0.0,6630.0,0.0
0,393500,JAMS,6628.0,189.0,0.0,0.0,0.0,0.0,6630,189,0.0,0.0,0.0,0.0,6629.0,0.0
0,393600,JAMS,6628.0,234.0,0.0,0.0,0.0,0.0,6630,234,0.0,0.0,0.0,0.0,6629.0,0.0
0,393700,JAMS,6628.0,243.0,0.0,0.0,0.0,0.0,6630,243,0.0,0.0,0.0,0.0,6629.0,0.0
0,393800,JAMS,6628.0,198.0,0.0,0.0,0.0,0.0,6630,198,0.0,0.0,0.0,0.0,6629.0,0.0
0,393900,JAMS,6628.0,224.0,0.0,0.0,0.0,0.0,6630,224,0.0,0.0,0.0,0.0,6629.0,0.0
0,394000,JAMS,6629.0,98.0,6628.0,123.0,0.0,0.0,6630,98,6631.0,123.0,0.0,0.0,6629.5,0.0
0,394100,JAMS,6629.0,200.0,0.0,0.0,0.0,0.0,6631,200,0.0,0.0,0.0,0.0,6630.0,0.0
0,394200,JAMS,6629.0,172.0,0.0,0.0,0.0,0.0,6631,172,0.0,0.0,0.0,0.0,6630.0,0.0
0,394300,JAMS,6629.0,210.0,0.0,0.0,0.0,0.0,6631,210,0.0,0.0,0.0,0.0,6630.0,0.0
0,394400,JAMS,6629.0,241.0,0.0,0.0,0.0,0.0,6631,241,0.0,0.0,0.0,0.0,6630.0,0.0
0,394500,JAMS,6629.0,243.0,0.0,0.0,0.0,0.0,6630,8,6631.0,243.0,0.0,0.0,6629.5,0.0
0,394600,JAMS,6629.0,211.0,0.0,0.0,0.0,0.0,6631,211,0.0,0.0,0.0,0.0,6630.0,0.0
0,394700,JAMS,6629.0,195.0,0.0,0.0,0.0,0.0,6631,195,0.0,0.0,0.0,0.0,6630.0,0.0
0,394800,JAMS,6629.0,195.0,0.0,0.0,0.0,0.0,6631,195,0.0,0.0,0.0,0.0,6630.0,0.0
0,394900,JAMS,6629.0,211.0,0.0,0.0,0.0,0.0,6631,211,0.0,0.0,0.0,0.0,6630.0,0.0
0,395000,JAMS,6629.0,92.0,6628.0,200.0,0.0,0.0,6630,92,6631.0,200.0,0.0,0.0,6629.5,0.0
0,395100,JAMS,6628.0,177.0,0.0,0.0,0.0,0.0,6630,177,0.0,0.0,0.0,0.0,6629.0,0.0
0,395200,JAMS,6628.0,227.0,0.0,0.0,0.0,0.0,6630,227,0.0,0.0,0.0,0.0,6629.0,0.0
0,395300,JAMS,6628.0,198.0,0.0,0.0,0.0,0.0,6630,195,0.0,0.0,0.0,0.0,6629.0,0.0
0,395400,JAMS,6628.0,237.0,0.0,0.0,0.0,0.0,6630,237,0.0,0.0,0.0,0.0,6629.0,0.0
0,395500,JAMS,6628.0,236.0,0.0,0.0,0.0,0.0,6630,236,0.0,0.0,0.0,0.0,6629.0,0.0
0,395600,JAMS,6628.0,215.0,0.0,0.0,0.0,0.0,6630,215,0.0,0.0,0.0,0.0,6629.0,0.0
0,395700,JAMS,6628.0,205.0,0.0,0.0,0.0,0.0,6630,205,0.0,0.0,0.0,0.0,6629.0,0.0
0,395800,JAMS,6628.0,250.0,0.0,0.0,0.0,0.0,6630,250,0.0,0.0,0.0,0.0,6629.0,0.0
0,395900,JAMS,6628.0,217.0,0.0,0.0,0.0,0.0,6630,217,0.0,0.0,0.0,0.0,6629.0,0.0
0,396000,JAMS,6628.0,187.0,0.0,0.0,0.0,0.0,6630,187,0.0,0.0,0.0,0.0,6629.0,0.0
0,396100,JAMS,6628.0,253.0,0.0,0.0,0.0,0.0,6630,253,0.0,0.0,0.0,0.0,6629.0,0.0
0,396200,JAMS,6628.0,262.0,0.0,0.0,0.0,0.0,6630,262,0.0,0.0,0.0,0.0,6629.0,0.0
0,396300,JAMS,6629.0,7.0,6628.0,252.0,0.0,0.0,6630,252,0.0,0.0,0.0,0.0,6629.5,0.0
0,396400,JAMS,6628.0,228.0,0.0,0.0,0.0,0.0,6630,228,0.0,0.0,0.0,0.0,6629.0,0.0
0,396500,JAMS,6628.0,235.0,0.0,0.0,0.0,0.0,6630,235,0.0,0.0,0.0,0.0,6629.0,0.0
0,396600,JAMS,6628.0,250.0,0.0,0.0,0.0,0.0,6630,250,0.0,0.0,0.0,0.0,6629.0,0.0
0,396700,JAMS,6628.0,224.0,0.0,0.0,0.0,0.0,6630,224,0.0,0.0,0.0,0.0,6629.0,0.0
0,396800,JAMS,6628.0,211.0,0.0,0.0,0.0,0.0,6630,211,0.0,0.0,0.0,0.0,6629.0,0.0
0,396900,JAMS,6628.0,205.0,0.0,0.0,0.0,0.0,6629,59,6630.0,157.0,0.0,0.0,6628.5,0.0
0,397000,JAMS,6627.0,232.0,0.0,0.0,0.0,0.0,6629,232,0.0,0.0,0.0,0.0,6628.0,0.0
0,397100,JAMS,6627.0,66.0,6626.0,172.0,0.0,0.0,6628,66,6629.0,172.0,0.0,0.0,6627.5,0.0
0,397200,JAMS,6626.0,192.0,0.0,0.0,0.0,0.0,6628,192,0.0,0.0,0.0,0.0,6627.0,0.0
0,397300,JAMS,6626.0,205.0,0.0,0.0,0.0,0.0,6628,205,0.0,0.0,0.0,0.0,6627.0,0.0
0,397400,JAMS,6626.0,214.0,0.0,0.0,0.0,0.0,6628,214,0.0,0.0,0.0,0.0,6627.0,0.0
0,397500,JAMS,6626.0,190.0,0.0,0.0,0.0,0.0,6628,190,0.0,0.0,0.0,0.0,6627.0,0.0
0,397600,JAMS,6626.0,226.0,0.0,0.0,0.0,0.0,6628,226,0.0,0.0,0.0,0.0,6627.0,0.0
0,397700,JAMS,6627.0,80.0,6626.0,197.0,0.0,0.0,6628,80,6629.0,197.0,0.0,0.0,6627.5,0.0
0,397800,JAMS,6627.0,99.0,6626.0,161.0,0.0,0.0,6628,99,6629.0,161.0,0.0,0.0,6627.5,0.0
0,397900,JAMS,6626.0,275.0,0.0,0.0,0.0,0.0,6628,275,0.0,0.0,0.0,0.0,6627.0,0.0
0,398000,JAMS,6626.0,240.0,0.0,0.0,0.0,0.0,6628,240,0.0,0.0,0.0,0.0,6627.0,0.0
0,398100,JAMS,6626.0,251.0,0.0,0.0,0.0,0.0,6628,251,0.0,0.0,0.0,0.0,6627.0,0.0
0,398200,JAMS,6626.0,248.0,0.0,0.0,0.0,0.0,6628,248,0.0,0.0,0.0,0.0,6627.0,0.0
0,398300,JAMS,6626.0,245.0,0.0,0.0,0.0,0.0,6628,245,0.0,0.0,0.0,0.0,6627.0,0.0
0,398400,JAMS,6626.0,211.0,0.0,0.0,0.0,0.0,6628,211,0.0,0.0,0.0,0.0,6627.0,0.0
0,398500,JAMS,6626.0,87.0,6625.0,171.0,0.0,0.0,6627,87,6628.0,171.0,0.0,0.0,6626.5,0.0
0,398600,JAMS,6626.0,91.0,6625.0,172.0,0.0,0.0,6627,91,6628.0,172.0,0.0,0.0,6626.5,0.0
0,398700,JAMS,6625.0,212.0,0.0,0.0,0.0,0.0,6627,212,0.0,0.0,0.0,0.0,6626.0,0.0
0,398800,JAMS,6625.0,204.0,0.0,0.0,0.0,0.0,6627,204,0.0,0.0,0.0,0.0,6626.0,0.0
0,398900,JAMS,6625.0,62.0,6624.0,180.0,0.0,0.0,6626,62,6627.0,180.0,0.0,0.0,6625.5,0.0
0,399000,JAMS,6625.0,87.0,6624.0,189.0,0.0,0.0,6626,87,6627.0,189.0,0.0,0.0,6625.5,0.0
0,399100,JAMS,6625.0,65.0,6624.0,199.0,0.0,0.0,6626,65,6627.0,199.0,0.0,0.0,6625.5,0.0
0,399200,JAMS,6625.0,71.0,6624.0,189.0,0.0,0.0,6626,71,6627.0,189.0,0.0,0.0,6625.5,0.0
0,399300,JAMS,6625.0,72.0,6624.0,134.0,0.0,0.0,6626,72,6627.0,134.0,0.0,0.0,6625.5,0.0
0,399400,JAMS,6624.0,246.0,0.0,0.0,0.0,0.0,6626,246,0.0,0.0,0.0,0.0,6625.0,0.0
0,399500,JAMS,6624.0,203.0,0.0,0.0,0.0,0.0,6626,203,0.0,0.0,0.0,0.0,6625.0,0.0
0,399600,JAMS,6625.0,51.0,6624.0,150.0,0.0,0.0,6626,51,6627.0,150.0,0.0,0.0,6625.5,0.0
0,399700,JAMS,6624.0,230.0,0.0,0.0,0.0,0.0,6626,230,0.0,0.0,0.0,0.0,6625.0,0.0
0,399800,JAMS,6624.0,203.0,0.0,0.0,0.0,0.0,6626,203,0.0,0.0,0.0,0.0,6625.0,0.0
0,399900,JAMS,6624.0,218.0,0.0,0.0,0.0,0.0,6626,218,0.0,0.0,0.0,0.0,6625.0,0.0
0,400000,JAMS,6624.0,276.0,0.0,0.0,0.0,0.0,6626,276,0.0,0.0,0.0,0.0,6625.0,0.0
0,400100,JAMS,6624.0,201.0,0.0,0.0,0.0,0.0,6626,198,0.0,0.0,0.0,0.0,6625.0,0.0
0,400200,JAMS,6624.0,219.0,0.0,0.0,0.0,0.0,6626,219,0.0,0.0,0.0,0.0,6625.0,0.0
0,400300,JAMS,6624.0,220.0,0.0,0.0,0.0,0.0,6626,220,0.0,0.0,0.0,0.0,6625.0,0.0
0,400400,JAMS,6624.0,254.0,0.0,0.0,0.0,0.0,6626,254,0.0,0.0,0.0,0.0,6625.0,0.0
0,400500,JAMS,6624.0,269.0,0.0,0.0,0.0,0.0,6626,269,0.0,0.0,0.0,0.0,6625.0,0.0
0,400600,JAMS,6624.0,186.0,0.0,0.0,0.0,0.0,6626,186,0.0,0.0,0.0,0.0,6625.0,0.0
0,400700,JAMS,6624.0,270.0,0.0,0.0,0.0,0.0,6626,270,0.0,0.0,0.0,0.0,6625.0,0.0
0,400800,JAMS,6624.0,243.0,0.0,0.0,0.0,0.0,6626,243,0.0,0.0,0.0,0.0,6625.0,0.0
0,400900,JAMS,6624.0,239.0,0.0,0.0,0.0,0.0,6626,239,0.0,0.0,0.0,0.0,6625.0,0.0
0,401000,JAMS,6625.0,259.0,0.0,0.0,0.0,0.0,6627,259,0.0,0.0,0.0,0.0,6626.0,0.0
0,401100,JAMS,6625.0,59.0,6624.0,139.0,0.0,0.0,6626,59,6627.0,139.0,0.0,0.0,6625.5,0.0
0,401200,JAMS,6625.0,171.0,0.0,0.0,0.0,0.0,6627,171,0.0,0.0,0.0,0.0,6626.0,0.0
0,401300,JAMS,6625.0,205.0,0.0,0.0,0.0,0.0,6627,205,0.0,0.0,0.0,0.0,6626.0,0.0
0,401400,JAMS,6626.0,50.0,6625.0,157.0,0.0,0.0,6627,50,6628.0,157.0,0.0,0.0,6626.5,0.0
0,401500,JAMS,6626.0,93.0,6625.0,164.0,0.0,0.0,6627,93,6628.0,164.0,0.0,0.0,6626.5,0.0
0,401600,JAMS,6626.0,72.0,6625.0,176.0,0.0,0.0,6627,72,6628.0,176.0,0.0,0.0,6626.5,0.0
0,401700,JAMS,6626.0,69.0,6625.0,107.0,0.0,0.0,6627,73,6628.0,107.0,0.0,0.0,6626.5,0.0
0,401800,JAMS,6625.0,245.0,0.0,0.0,0.0,0.0,6627,245,0.0,0.0,0.0,0.0,6626.0,0.0
0,401900,JAMS,6626.0,60.0,6625.0,181.0,0.0,0.0,6627,60,6628.0,181.0,0.0,0.0,6626.5,0.0
0,402000,JAMS,6625.0,238.0,0.0,0.0,0.0,0.0,6627,238,0.0,0.0,0.0,0.0,6626.0,0.0
0,402100,JAMS,6625.0,205.0,0.0,0.0,0.0,0.0,6627,205,0.0,0.0,0.0,0.0,6626.0,0.0
0,402200,JAMS,6625.0,156.0,0.0,0.0,0.0,0.0,6627,156,0.0,0.0,0.0,0.0,6626.0,0.0
0,402300,JAMS,6625.0,252.0,0.0,0.0,0.0,0.0,6627,252,0.0,0.0,0.0,0.0,6626.0,0.0
0,402400,JAMS,6625.0,170.0,0.0,0.0,0.0,0.0,6627,170,0.0,0.0,0.0,0.0,6626.0,0.0
0,402500,JAMS,6625.0,274.0,0.0,0.0,0.0,0.0,6627,274,0.0,0.0,0.0,0.0,6626.0,0.0
0,402600,JAMS,6625.0,265.0,0.0,0.0,0.0,0.0,6627,265,0.0,0.0,0.0,0.0,6626.0,0.0
0,402700,JAMS,6625.0,196.0,0.0,0.0,0.0,0.0,6627,196,0.0,0.0,0.0,0.0,6626.0,0.0
0,402800,JAMS,6625.0,198.0,0.0,0.0,0.0,0.0,6627,198,0.0,0.0,0.0,0.0,6626.0,0.0
0,402900,JAMS,6625.0,215.0,0.0,0.0,0.0,0.0,6627,215,0.0,0.0,0.0,0.0,6626.0,0.0
0,403000,JAMS,6625.0,205.0,0.0,0.0,0.0,0.0,6627,205,0.0,0.0,0.0,0.0,6626.0,0.0
0,403100,JAMS,6626.0,96.0,6625.0,117.0,0.0,0.0,6627,96,6628.0,117.0,0.0,0.0,6626.5,0.0
0,403200,JAMS,6626.0,74.0,6625.0,152.0,0.0,0.0,6627,74,6628.0,152.0,0.0,0.0,6626.5,0.0
0,403300,JAMS,6626.0,225.0,0.0,0.0,0.0,0.0,6628,225,0.0,0.0,0.0,0.0,6627.0,0.0
0,403400,JAMS,6626.0,220.0,0.0,0.0,0.0,0.0,6628,220,0.0,0.0,0.0,0.0,6627.0,0.0
0,403500,JAMS,6626.0,251.0,0.0,0.0,0.0,0.0,6628,251,0.0,0.0,0.0,0.0,6627.0,0.0
0,403600,JAMS,6626.0,245.0,0.0,0.0,0.0,0.0,6628,245,0.0,0.0,0.0,0.0,6627.0,0.0
0,403700,JAMS,6626.0,197.0,0.0,0.0,0.0,0.0,6628,197,0.0,0.0,0.0,0.0,6627.0,0.0
0,403800,JAMS,6625.0,243.0,0.0,0.0,0.0,0.0,6627,243,0.0,0.0,0.0,0.0,6626.0,0.0
0,403900,JAMS,6626.0,98.0,6625.0,133.0,0.0,0.0,6627,87,6628.0,133.0,0.0,0.0,6626.5,0.0
0,404000,JAMS,6626.0,55.0,6625.0,159.0,0.0,0.0,6627,55,6628.0,159.0,0.0,0.0,6626.5,0.0
0,404100,JAMS,6626.0,68.0,6625.0,128.0,0.0,0.0,6627,68,6628.0,128.0,0.0,0.0,6626.5,0.0
0,404200,JAMS,6626.0,54.0,6625.0,122.0,0.0,0.0,6627,54,6628.0,122.0,0.0,0.0,6626.5,0.0
0,404300,JAMS,6626.0,56.0,6625.0,185.0,0.0,0.0,6627,56,6628.0,185.0,0.0,0.0,6626.5,0.0
0,404400,JAMS,6626.0,198.0,0.0,0.0,0.0,0.0,6628,198,0.0,0.0,0.0,0.0,6627.0,0.0
0,404500,JAMS,6626.0,220.0,0.0,0.0,0.0,0.0,6628,220,0.0,0.0,0.0,0.0,6627.0,0.0
0,404600,JAMS,6626.0,217.0,0.0,0.0,0.0,0.0,6628,217,0.0,0.0,0.0,0.0,6627.0,0.0
0,404700,JAMS,6626.0,220.0,0.0,0.0,0.0,0.0,6628,220,0.0,0.0,0.0,0.0,6627.0,0.0
0,404800,JAMS,6626.0,257.0,0.0,0.0,0.0,0.0,6628,257,0.0,0.0,0.0,0.0,6627.0,0.0
0,404900,JAMS,6626.0,210.0,0.0,0.0,0.0,0.0,6628,210,0.0,0.0,0.0,0.0,6627.0,0.0
0,405000,JAMS,6626.0,217.0,0.0,0.0,0.0,0.0,6628,217,0.0,0.0,0.0,0.0,6627.0,0.0
0,405100,JAMS,6626.0,253.0,0.0,0.0,0.0,0.0,6628,253,0.0,0.0,0.0,0.0,6627.0,0.0
0,405200,JAMS,6626.0,269.0,0.0,0.0,0.0,0.0,6628,269,0.0,0.0,0.0,0.0,6627.0,0.0
0,405300,JAMS,6626.0,245.0,0.0,0.0,0.0,0.0,6628,245,0.0,0.0,0.0,0.0,6627.0,0.0
0,405400,JAMS,6627.0,91.0,6626.0,154.0,0.0,0.0,6628,91,6629.0,154.0,0.0,0.0,6627.5,0.0
0,405500,JAMS,6627.0,58.0,6626.0,188.0,0.0,0.0,6628,58,6629.0,188.0,0.0,0.0,6627.5,0.0
0,405600,JAMS,6627.0,78.0,6626.0,167.0,0.0,0.0,6628,78,6629.0,167.0,0.0,0.0,6627.5,0.0
0,405700,JAMS,6626.0,275.0,0.0,0.0,0.0,0.0,6628,275,0.0,0.0,0.0,0.0,6627.0,0.0
0,405800,JAMS,6626.0,235.0,0.0,0.0,0.0,0.0,6628,235,0.0,0.0,0.0,0.0,6627.0,0.0
0,405900,JAMS,6626.0,271.0,0.0,0.0,0.0,0.0,6628,271,0.0,0.0,0.0,0.0,6627.0,0.0
0,406000,JAMS,6626.0,164.0,0.0,0.0,0.0,0.0,6628,164,0.0,0.0,0.0,0.0,6627.0,0.0
0,406100,JAMS,6626.0,188.0,0.0,0.0,0.0,0.0,6628,188,0.0,0.0,0.0,0.0,6627.0,0.0
0,406200,JAMS,6627.0,59.0,6626.0,182.0,0.0,0.0,6628,59,6629.0,182.0,0.0,0.0,6627.5,0.0
0,406300,JAMS,6627.0,89.0,6626.0,200.0,0.0,0.0,6628,89,6629.0,200.0,0.0,0.0,6627.5,0.0
0,406400,JAMS,6627.0,98.0,6626.0,198.0,0.0,0.0,6628,98,6629.0,198.0,0.0,0.0,6627.5,0.0
0,406500,JAMS,6627.0,67.0,6626.0,135.0,0.0,0.0,6628,67,6629.0,135.0,0.0,0.0,6627.5,0.0
0,406600,JAMS,6627.0,168.0,0.0,0.0,0.0,0.0,6629,168,0.0,0.0,0.0,0.0,6628.0,0.0
0,406700,JAMS,6627.0,295.0,0.0,0.0,0.0,0.0,6629,295,0.0,0.0,0.0,0.0,6628.0,0.0
0,406800,JAMS,6627.0,176.0,0.0,0.0,0.0,0.0,6629,176,0.0,0.0,0.0,0.0,6628.0,0.0
0,406900,JAMS,6627.0,161.0,0.0,0.0,0.0,0.0,6629,161,0.0,0.0,0.0,0.0,6628.0,0.0
0,407000,JAMS,6627.0,270.0,0.0,0.0,0.0,0.0,6629,270,0.0,0.0,0.0,0.0,6628.0,0.0
0,407100,JAMS,6627.0,160.0,0.0,0.0,0.0,0.0,6629,160,0.0,0.0,0.0,0.0,6628.0,0.0
0,407200,JAMS,6627.0,242.0,0.0,0.0,0.0,0.0,6629,242,0.0,0.0,0.0,0.0,6628.0,0.0
0,407300,JAMS,6628.0,88.0,6627.0,141.0,0.0,0.0,6629,88,6630.0,141.0,0.0,0.0,6628.5,0.0
0,407400,JAMS,6627.0,280.0,0.0,0.0,0.0,0.0,6629,280,0.0,0.0,0.0,0.0,6628.0,0.0
0,407500,JAMS,6628.0,79.0,6627.0,179.0,0.0,0.0,6629,79,6630.0,179.0,0.0,0.0,6628.5,0.0
0,407600,JAMS,6628.0,97.0,6627.0,152.0,0.0,0.0,6629,97,6630.0,152.0,0.0,0.0,6628.5,0.0
0,407700,JAMS,6628.0,59.0,6627.0,196.0,0.0,0.0,6629,59,6630.0,196.0,0.0,0.0,6628.5,0.0
0,407800,JAMS,6628.0,73.0,6627.0,120.0,0.0,0.0,6629,73,6630.0,120.0,0.0,0.0,6628.5,0.0
0,407900,JAMS,6628.0,75.0,6627.0,132.0,0.0,0.0,6629,75,6630.0,132.0,0.0,0.0,6628.5,0.0
0,408000,JAMS,6628.0,88.0,6627.0,199.0,0.0,0.0,6629,88,6630.0,199.0,0.0,0.0,6628.5,0.0
0,408100,JAMS,6628.0,92.0,6627.0,145.0,0.0,0.0,6629,92,6630.0,145.0,0.0,0.0,6628.5,0.0
0,408200,JAMS,6627.0,238.0,0.0,0.0,0.0,0.0,6629,238,0.0,0.0,0.0,0.0,6628.0,0.0
0,408300,JAMS,6627.0,218.0,0.0,0.0,0.0,0.0,6629,218,0.0,0.0,0.0,0.0,6628.0,0.0
0,408400,JAMS,6627.0,192.0,0.0,0.0,0.0,0.0,6628,8,6629.0,192.0,0.0,0.0,6627.5,0.0
0,408500,JAMS,6627.0,243.0,0.0,0.0,0.0,0.0,6629,243,0.0,0.0,0.0,0.0,6628.0,0.0
0,408600,JAMS,6627.0,50.0,6626.0,141.0,0.0,0.0,6628,50,6629.0,141.0,0.0,0.0,6627.5,0.0
0,408700,JAMS,6626.0,253.0,0.0,0.0,0.0,0.0,6628,253,0.0,0.0,0.0,0.0,6627.0,0.0
0,408800,JAMS,6627.0,95.0,6626.0,161.0,0.0,0.0,6628,95,6629.0,161.0,0.0,0.0,6627.5,0.0
0,408900,JAMS,6626.0,205.0,0.0,0.0,0.0,0.0,6628,205,0.0,0.0,0.0,0.0,6627.0,0.0
0,409000,JAMS,6626.0,206.0,0.0,0.0,0.0,0.0,6628,206,0.0,0.0,0.0,0.0,6627.0,0.0
0,409100,JAMS,6626.0,216.0,0.0,0.0,0.0,0.0,6628,216,0.0,0.0,0.0,0.0,6627.0,0.0
0,409200,JAMS,6626.0,180.0,0.0,0.0,0.0,0.0,6628,180,0.0,0.0,0.0,0.0,6627.0,0.0
0,409300,JAMS,6626.0,261.0,0.0,0.0,0.0,0.0,6628,261,0.0,0.0,0.0,0.0,6627.0,0.0
0,409400,JAMS,6626.0,180.0,0.0,0.0,0.0,0.0,6628,180,0.0,0.0,0.0,0.0,6627.0,0.0
0,409500,JAMS,6626.0,228.0,0.0,0.0,0.0,0.0,6628,236,0.0,0.0,0.0,0.0,6627.0,0.0
0,409600,JAMS,6626.0,203.0,0.0,0.0,0.0,0.0,6628,203,0.0,0.0,0.0,0.0,6627.0,0.0
0,409700,JAMS,6626.0,251.0,0.0,0.0,0.0,0.0,6628,245,0.0,0.0,0.0,0.0,6627.0,0.0
0,409800,JAMS,6626.0,174.0,0.0,0.0,0.0,0.0,6628,174,0.0,0.0,0.0,0.0,6627.0,0.0
0,409900,JAMS,6626.0,259.0,0.0,0.0,0.0,0.0,6628,259,0.0,0.0,0.0,0.0,6627.0,0.0
0,410000,JAMS,6626.0,69.0,6625.0,146.0,0.0,0.0,6627,69,6628.0,146.0,0.0,0.0,6626.5,0.0
0,410100,JAMS,6625.0,275.0,0.0,0.0,0.0,0.0,6627,275,0.0,0.0,0.0,0.0,6626.0,0.0
0,410200,JAMS,6626.0,95.0,6625.0,141.0,0.0,0.0,6627,95,6628.0,141.0,0.0,0.0,6626.5,0.0
0,410300,JAMS,6626.0,56.0,6625.0,133.0,0.0,0.0,6627,53,6628.0,133.0,0.0,0.0,6626.5,0.0
0,410400,JAMS,6626.0,93.0,6625.0,105.0,0.0,0.0,6627,93,6628.0,105.0,0.0,0.0,6626.5,0.0
0,410500,JAMS,6626.0,98.0,6625.0,163.0,0.0,0.0,6627,98,6628.0,163.0,0.0,0.0,6626.5,0.0
0,410600,JAMS,6626.0,92.0,6625.0,182.0,0.0,0.0,6627,92,6628.0,182.0,0.0,0.0,6626.5,0.0
0,410700,JAMS,6626.0,102.0,6625.0,105.0,0.0,0.0,6627,96,6628.0,105.0,0.0,0.0,6626.5,0.0
0,410800,JAMS,6626.0,205.0,0.0,0.0,0.0,0.0,6628,205,0.0,0.0,0.0,0.0,6627.0,0.0
0,410900,JAMS,6626.0,193.0,0.0,0.0,0.0,0.0,6628,193,0.0,0.0,0.0,0.0,6627.0,0.0
0,411000,JAMS,6626.0,184.0,0.0,0.0,0.0,0.0,6628,184,0.0,0.0,0.0,0.0,6627.0,0.0
0,411100,JAMS,6626.0,213.0,0.0,0.0,0.0,0.0,6628,213,0.0,0.0,0.0,0.0,6627.0,0.0
0,411200,JAMS,6626.0,221.0,0.0,0.0,0.0,0.0,6628,221,0.0,0.0,0.0,0.0,6627.0,0.0
0,411300,JAMS,6626.0,230.0,0.0,0.0,0.0,0.0,6628,230,0.0,0.0,0.0,0.0,6627.0,0.0
0,411400,JAMS,6627.0,74.0,6626.0,103.0,0.0,0.0,6628,74,6629.0,103.0,0.0,0.0,6627.5,0.0
0,411500,JAMS,6627.0,160.0,0.0,0.0,0.0,0.0,6629,160,0.0,0.0,0.0,0.0,6628.0,0.0
0,411600,JAMS,6627.0,217.0,0.0,0.0,0.0,0.0,6629,207,0.0,0.0,0.0,0.0,6628.0,0.0
0,411700,JAMS,6627.0,220.0,0.0,0.0,0.0,0.0,6629,220,0.0,0.0,0.0,0.0,6628.0,0.0
0,411800,JAMS,6627.0,204.0,0.0,0.0,0.0,0.0,6629,204,0.0,0.0,0.0,0.0,6628.0,0.0
0,411900,JAMS,6627.0,96.0,6626.0,155.0,0.0,0.0,6628,96,6629.0,155.0,0.0,0.0,6627.5,0.0
0,412000,JAMS,6627.0,64.0,6626.0,146.0,0.0,0.0,6628,64,6629.0,146.0,0.0,0.0,6627.5,0.0
0,412100,JAMS,6626.0,288.0,0.0,0.0,0.0,0.0,6628,288,0.0,0.0,0.0,0.0,6627.0,0.0
0,412200,JAMS,6626.0,172.0,0.0,0.0,0.0,0.0,6628,172,0.0,0.0,0.0,0.0,6627.0,0.0
0,412300,JAMS,6626.0,214.0,0.0,0.0,0.0,0.0,6628,214,0.0,0.0,0.0,0.0,6627.0,0.0
0,412400,JAMS,6626.0,194.0,0.0,0.0,0.0,0.0,6628,194,0.0,0.0,0.0,0.0,6627.0,0.0
0,412500,JAMS,6626.0,271.0,0.0,0.0,0.0,0.0,6628,271,0.0,0.0,0.0,0.0,6627.0,0.0
0,412600,JAMS,6626.0,200.0,0.0,0.0,0.0,0.0,6628,200,0.0,0.0,0.0,0.0,6627.0,0.0
0,412700,JAMS,6626.0,255.0,0.0,0.0,0.0,0.0,6628,255,0.0,0.0,0.0,0.0,6627.0,0.0
0,412800,JAMS,6626.0,224.0,0.0,0.0,0.0,0.0,6628,224,0.0,0.0,0.0,0.0,6627.0,0.0
0,412900,JAMS,6626.0,261.0,0.0,0.0,0.0,0.0,6628,261,0.0,0.0,0.0,0.0,6627.0,0.0
0,413000,JAMS,6627.0,3.0,6626.0,187.0,0.0,0.0,6628,187,0.0,0.0,0.0,0.0,6627.5,0.0
0,413100,JAMS,6626.0,243.0,0.0,0.0,0.0,0.0,6628,243,0.0,0.0,0.0,0.0,6627.0,0.0
0,413200,JAMS,6626.0,185.0,0.0,0.0,0.0,0.0,6628,185,0.0,0.0,0.0,0.0,6627.0,0.0
0,413300,JAMS,6626.0,269.0,0.0,0.0,0.0,0.0,6628,269,0.0,0.0,0.0,0.0,6627.0,0.0
0,413400,JAMS,6627.0,6.0,6626.0,224.0,0.0,0.0,6628,224,0.0,0.0,0.0,0.0,6627.5,0.0
0,413500,JAMS,6626.0,233.0,0.0,0.0,0.0,0.0,6628,233,0.0,0.0,0.0,0.0,6627.0,0.0
0,413600,JAMS,6626.0,226.0,0.0,0.0,0.0,0.0,6628,226,0.0,0.0,0.0,0.0,6627.0,0.0
0,413700,JAMS,6626.0,237.0,0.0,0.0,0.0,0.0,6628,237,0.0,0.0,0.0,0.0,6627.0,0.0
0,413800,JAMS,6626.0,164.0,0.0,0.0,0.0,0.0,6628,164,0.0,0.0,0.0,0.0,6627.0,0.0
0,413900,JAMS,6625.0,288.0,0.0,0.0,0.0,0.0,6627,288,0.0,0.0,0.0,0.0,6626.0,0.0
0,414000,JAMS,6625.0,228.0,0.0,0.0,0.0,0.0,6627,228,0.0,0.0,0.0,0.0,6626.0,0.0
0,414100,JAMS,6625.0,170.0,0.0,0.0,0.0,0.0,6627,170,0.0,0.0,0.0,0.0,6626.0,0.0
0,414200,JAMS,6625.0,197.0,0.0,0.0,0.0,0.0,6627,197,0.0,0.0,0.0,0.0,6626.0,0.0
0,414300,JAMS,6625.0,266.0,0.0,0.0,0.0,0.0,6627,266,0.0,0.0,0.0,0.0,6626.0,0.0
0,414400,JAMS,6625.0,190.0,0.0,0.0,0.0,0.0,6627,190,0.0,0.0,0.0,0.0,6626.0,0.0
0,414500,JAMS,6625.0,222.0,0.0,0.0,0.0,0.0,6627,226,0.0,0.0,0.0,0.0,6626.0,0.0
0,414600,JAMS,6625.0,240.0,0.0,0.0,0.0,0.0,6627,240,0.0,0.0,0.0,0.0,6626.0,0.0
0,414700,JAMS,6625.0,282.0,0.0,0.0,0.0,0.0,6627,282,0.0,0.0,0.0,0.0,6626.0,0.0
0,414800,JAMS,6625.0,219.0,0.0,0.0,0.0,0.0,6627,219,0.0,0.0,0.0,0.0,6626.0,0.0
0,414900,JAMS,6625.0,232.0,0.0,0.0,0.0,0.0,6627,232,0.0,0.0,0.0,0.0,6626.0,0.0
0,415000,JAMS,6625.0,240.0,0.0,0.0,0.0,0.0,6627,240,0.0,0.0,0.0,0.0,6626.0,0.0
0,415100,JAMS,6626.0,77.0,6625.0,141.0,0.0,0.0,6627,77,6628.0,141.0,0.0,0.0,6626.5,0.0
0,415200,JAMS,6626.0,59.0,6625.0,197.0,0.0,0.0,6627,59,6628.0,197.0,0.0,0.0,6626.5,0.0
0,415300,JAMS,6626.0,60.0,6625.0,174.0,0.0,0.0,6627,60,6628.0,174.0,0.0,0.0,6626.5,0.0
0,415400,JAMS,6626.0,59.0,6625.0,113.0,0.0,0.0,6627,59,6628.0,113.0,0.0,0.0,6626.5,0.0
0,415500,JAMS,6626.0,68.0,6625.0,105.0,0.0,0.0,6627,68,6628.0,105.0,0.0,0.0,6626.5,0.0
0,415600,JAMS,6626.0,74.0,6625.0,186.0,0.0,0.0,6627,74,6628.0,186.0,0.0,0.0,6626.5,0.0
0,415700,JAMS,6625.0,283.0,0.0,0.0,0.0,0.0,6627,283,0.0,0.0,0.0,0.0,6626.0,0.0
0,415800,JAMS,6626.0,62.0,6625.0,112.0,0.0,0.0,6627,62,6628.0,112.0,0.0,0.0,6626.5,0.0
0,415900,JAMS,6626.0,77.0,6625.0,140.0,0.0,0.0,6627,217,0.0,0.0,0.0,0.0,6626.5,0.0
0,416000,JAMS,6625.0,176.0,0.0,0.0,0.0,0.0,6627,176,0.0,0.0,0.0,0.0,6626.0,0.0
0,416100,JAMS,6625.0,250.0,0.0,0.0,0.0,0.0,6627,250,0.0,0.0,0.0,0.0,6626.0,0.0
0,416200,JAMS,6626.0,97.0,6625.0,110.0,0.0,0.0,6627,97,6628.0,110.0,0.0,0.0,6626.5,0.0
0,416300,JAMS,6625.0,226.0,0.0,0.0,0.0,0.0,6627,226,0.0,0.0,0.0,0.0,6626.0,0.0
0,416400,JAMS,6625.0,216.0,0.0,0.0,0.0,0.0,6627,216,0.0,0.0,0.0,0.0,6626.0,0.0
0,416500,JAMS,6625.0,276.0,0.0,0.0,0.0,0.0,6627,276,0.0,0.0,0.0,0.0,6626.0,0.0
0,416600,JAMS,6626.0,58.0,6625.0,188.0,0.0,0.0,6627,58,6628.0,188.0,0.0,0.0,6626.5,0.0
0,416700,JAMS,6626.0,72.0,6625.0,133.0,0.0,0.0,6627,72,6628.0,133.0,0.0,0.0,6626.5,0.0
0,416800,JAMS,6626.0,97.0,6625.0,133.0,0.0,0.0,6627,97,6628.0,133.0,0.0,0.0,6626.5,0.0
0,416900,JAMS,6626.0,65.0,6625.0,116.0,0.0,0.0,6627,65,6628.0,116.0,0.0,0.0,6626.5,0.0
0,417000,JAMS,6627.0,66.0,6626.0,117.0,0.0,0.0,6628,66,6629.0,117.0,0.0,0.0,6627.5,0.0
0,417100,JAMS,6626.0,186.0,0.0,0.0,0.0,0.0,6628,186,0.0,0.0,0.0,0.0,6627.0,0.0
0,417200,JAMS,6627.0,86.0,6626.0,180.0,0.0,0.0,6628,86,6629.0,180.0,0.0,0.0,6627.5,0.0
0,417300,JAMS,6627.0,61.0,6626.0,175.0,0.0,0.0,6628,61,6629.0,175.0,0.0,0.0,6627.5,0.0
0,417400,JAMS,6627.0,100.0,6626.0,162.0,0.0,0.0,6628,100,6629.0,162.0,0.0,0.0,6627.5,0.0
0,417500,JAMS,6627.0,196.0,0.0,0.0,0.0,0.0,6629,196,0.0,0.0,0.0,0.0,6628.0,0.0
0,417600,JAMS,6627.0,255.0,0.0,0.0,0.0,0.0,6629,255,0.0,0.0,0.0,0.0,6628.0,0.0
0,417700,JAMS,6627.0,221.0,0.0,0.0,0.0,0.0,6629,221,0.0,0.0,0.0,0.0,6628.0,0.0
0,417800,JAMS,6627.0,194.0,0.0,0.0,0.0,0.0,6629,194,0.0,0.0,0.0,0.0,6628.0,0.0
0,417900,JAMS,6627.0,69.0,6626.0,131.0,0.0,0.0,6628,69,6629.0,131.0,0.0,0.0,6627.5,0.0
0,418000,JAMS,6627.0,62.0,6626.0,192.0,0.0,0.0,6628,62,6629.0,192.0,0.0,0.0,6627.5,0.0
0,418100,JAMS,6627.0,97.0,6626.0,138.0,0.0,0.0,6628,97,6629.0,138.0,0.0,0.0,6627.5,0.0
0,418200,JAMS,6627.0,109.0,6626.0,130.0,0.0,0.0,6628,98,6629.0,130.0,0.0,0.0,6627.5,0.0
0,418300,JAMS,6627.0,66.0,6626.0,181.0,0.0,0.0,6628,66,6629.0,181.0,0.0,0.0,6627.5,0.0
0,418400,JAMS,6627.0,78.0,6626.0,151.0,0.0,0.0,6628,78,6629.0,151.0,0.0,0.0,6627.5,0.0
0,418500,JAMS,6627.0,258.0,0.0,0.0,0.0,0.0,6628,67,6629.0,191.0,0.0,0.0,6627.5,0.0
0,418600,JAMS,6626.0,219.0,0.0,0.0,0.0,0.0,6628,219,0.0,0.0,0.0,0.0,6627.0,0.0
0,418700,JAMS,6626.0,206.0,0.0,0.0,0.0,0.0,6628,206,0.0,0.0,0.0,0.0,6627.0,0.0
0,418800,JAMS,6627.0,98.0,6626.0,160.0,0.0,0.0,6628,98,6629.0,160.0,0.0,0.0,6627.5,0.0
0,418900,JAMS,6627.0,81.0,6626.0,151.0,0.0,0.0,6628,81,6629.0,151.0,0.0,0.0,6627.5,0.0
0,419000,JAMS,6627.0,220.0,0.0,0.0,0.0,0.0,6629,220,0.0,0.0,0.0,0.0,6628.0,0.0
0,419100,JAMS,6626.0,280.0,0.0,0.0,0.0,0.0,6628,280,0.0,0.0,0.0,0.0,6627.0,0.0
0,419200,JAMS,6626.0,189.0,0.0,0.0,0.0,0.0,6628,189,0.0,0.0,0.0,0.0,6627.0,0.0
0,419300,JAMS,6626.0,63.0,6625.0,191.0,0.0,0.0,6627,63,6628.0,191.0,0.0,0.0,6626.5,0.0
0,419400,JAMS,6626.0,61.0,6625.0,184.0,0.0,0.0,6627,61,6628.0,184.0,0.0,0.0,6626.5,0.0
0,419500,JAMS,6626.0,72.0,6625.0,139.0,0.0,0.0,6627,72,6628.0,139.0,0.0,0.0,6626.5,0.0
0,419600,JAMS,6626.0,220.0,0.0,0.0,0.0,0.0,6628,220,0.0,0.0,0.0,0.0,6627.0,0.0
0,419700,JAMS,6626.0,99.0,6625.0,185.0,0.0,0.0,6627,99,6628.0,185.0,0.0,0.0,6626.5,0.0
0,419800,JAMS,6626.0,295.0,0.0,0.0,0.0,0.0,6628,295,0.0,0.0,0.0,0.0,6627.0,0.0
0,419900,JAMS,6626.0,243.0,0.0,0.0,0.0,0.0,6628,243,0.0,0.0,0.0,0.0,6627.0,0.0
0,420000,JAMS,6626.0,230.0,0.0,0.0,0.0,0.0,6628,230,0.0,0.0,0.0,0.0,6627.0,0.0
0,420100,JAMS,6626.0,67.0,6625.0,189.0,0.0,0.0,6627,67,6628.0,189.0,0.0,0.0,6626.5,0.0
0,420200,JAMS,6626.0,94.0,6625.0,114.0,0.0,0.0,6627,94,6628.0,114.0,0.0,0.0,6626.5,0.0
0,420300,JAMS,6625.0,208.0,0.0,0.0,0.0,0.0,6626,8,6627.0,208.0,0.0,0.0,6625.5,0.0
0,420400,JAMS,6625.0,100.0,6624.0,110.0,0.0,0.0,6626,100,6627.0,110.0,0.0,0.0,6625.5,0.0
0,420500,JAMS,6625.0,264.0,0.0,0.0,0.0,0.0,6627,264,0.0,0.0,0.0,0.0,6626.0,0.0
0,420600,JAMS,6625.0,272.0,0.0,0.0,0.0,0.0,6627,272,0.0,0.0,0.0,0.0,6626.0,0.0
0,420700,JAMS,6625.0,246.0,0.0,0.0,0.0,0.0,6627,246,0.0,0.0,0.0,0.0,6626.0,0.0
0,420800,JAMS,6625.0,251.0,0.0,0.0,0.0,0.0,6626,6,6627.0,251.0,0.0,0.0,6625.5,0.0
0,420900,JAMS,6625.0,175.0,0.0,0.0,0.0,0.0,6627,175,0.0,0.0,0.0,0.0,6626.0,0.0
0,421000,JAMS,6625.0,184.0,0.0,0.0,0.0,0.0,6627,184,0.0,0.0,0.0,0.0,6626.0,0.0
0,421100,JAMS,6625.0,183.0,0.0,0.0,0.0,0.0,6627,183,0.0,0.0,0.0,0.0,6626.0,0.0
0,421200,JAMS,6625.0,230.0,0.0,0.0,0.0,0.0,6627,230,0.0,0.0,0.0,0.0,6626.0,0.0
0,421300,JAMS,6625.0,204.0,0.0,0.0,0.0,0.0,6627,204,0.0,0.0,0.0,0.0,6626.0,0.0
0,421400,JAMS,6625.0,203.0,0.0,0.0,0.0,0.0,6627,203,0.0,0.0,0.0,0.0,6626.0,0.0
0,421500,JAMS,6625.0,204.0,0.0,0.0,0.0,0.0,6627,204,0.0,0.0,0.0,0.0,6626.0,0.0
0,421600,JAMS,6625.0,244.0,0.0,0.0,0.0,0.0,6627,244,0.0,0.0,0.0,0.0,6626.0,0.0
0,421700,JAMS,6625.0,247.0,0.0,0.0,0.0,0.0,6627,247,0.0,0.0,0.0,0.0,6626.0,0.0
0,421800,JAMS,6625.0,69.0,6624.0,128.0,0.0,0.0,6626,69,6627.0,128.0,0.0,0.0,6625.5,0.0
0,421900,JAMS,6625.0,273.0,0.0,0.0,0.0,0.0,6627,273,0.0,0.0,0.0,0.0,6626.0,0.0
0,422000,JAMS,6625.0,81.0,6624.0,136.0,0.0,0.0,6626,81,6627.0,136.0,0.0,0.0,6625.5,0.0
0,422100,JAMS,6625.0,248.0,0.0,0.0,0.0,0.0,6627,248,0.0,0.0,0.0,0.0,6626.0,0.0
0,422200,JAMS,6625.0,241.0,0.0,0.0,0.0,0.0,6627,241,0.0,0.0,0.0,0.0,6626.0,0.0
0,422300,JAMS,6625.0,269.0,0.0,0.0,0.0,0.0,6627,274,0.0,0.0,0.0,0.0,6626.0,0.0
0,422400,JAMS,6625.0,182.0,0.0,0.0,0.0,0.0,6627,182,0.0,0.0,0.0,0.0,6626.0,0.0
0,422500,JAMS,6625.0,262.0,0.0,0.0,0.0,0.0,6627,262,0.0,0.0,0.0,0.0,6626.0,0.0
0,422600,JAMS,6626.0,4.0,6625.0,253.0,0.0,0.0,6627,253,0.0,0.0,0.0,0.0,6626.5,0.0
0,422700,JAMS,6625.0,187.0,0.0,0.0,0.0,0.0,6627,187,0.0,0.0,0.0,0.0,6626.0,0.0
0,422800,JAMS,6625.0,165.0,0.0,0.0,0.0,0.0,6626,9,6627.0,165.0,0.0,0.0,6625.5,0.0
0,422900,JAMS,6625.0,183.0,0.0,0.0,0.0,0.0,6627,183,0.0,0.0,0.0,0.0,6626.0,0.0
0,423000,JAMS,6625.0,217.0,0.0,0.0,0.0,0.0,6627,217,0.0,0.0,0.0,0.0,6626.0,0.0
0,423100,JAMS,6625.0,254.0,0.0,0.0,0.0,0.0,6627,254,0.0,0.0,0.0,0.0,6626.0,0.0
0,423200,JAMS,6625.0,178.0,0.0,0.0,0.0,0.0,6627,178,0.0,0.0,0.0,0.0,6626.0,0.0
0,423300,JAMS,6625.0,99.0,6624.0,156.0,0.0,0.0,6626,99,6627.0,156.0,0.0,0.0,6625.5,0.0
0,423400,JAMS,6624.0,276.0,0.0,0.0,0.0,0.0,6626,276,0.0,0.0,0.0,0.0,6625.0,0.0
0,423500,JAMS,6624.0,226.0,0.0,0.0,0.0,0.0,6626,226,0.0,0.0,0.0,0.0,6625.0,0.0
0,423600,JAMS,6624.0,240.0,0.0,0.0,0.0,0.0,6626,240,0.0,0.0,0.0,0.0,6625.0,0.0
0,423700,JAMS,6624.0,186.0,0.0,0.0,0.0,0.0,6626,186,0.0,0.0,0.0,0.0,6625.0,0.0
0,423800,JAMS,6624.0,47.0,6623.0,161.0,0.0,0.0,6625,50,6626.0,161.0,0.0,0.0,6624.5,0.0
0,423900,JAMS,6624.0,209.0,0.0,0.0,0.0,0.0,6626,209,0.0,0.0,0.0,0.0,6625.0,0.0
0,424000,JAMS,6624.0,233.0,0.0,0.0,0.0,0.0,6626,233,0.0,0.0,0.0,0.0,6625.0,0.0
0,424100,JAMS,6624.0,221.0,0.0,0.0,0.0,0.0,6626,221,0.0,0.0,0.0,0.0,6625.0,0.0
0,424200,JAMS,6624.0,245.0,0.0,0.0,0.0,0.0,6626,245,0.0,0.0,0.0,0.0,6625.0,0.0
0,424300,JAMS,6624.0,252.0,0.0,0.0,0.0,0.0,6626,252,0.0,0.0,0.0,0.0,6625.0,0.0
0,424400,JAMS,6624.0,254.0,0.0,0.0,0.0,0.0,6626,254,0.0,0.0,0.0,0.0,6625.0,0.0
0,424500,JAMS,6624.0,229.0,0.0,0.0,0.0,0.0,6626,229,0.0,0.0,0.0,0.0,6625.0,0.0
0,424600,JAMS,6625.0,67.0,6624.0,161.0,0.0,0.0,6626,67,6627.0,161.0,0.0,0.0,6625.5,0.0
0,424700,JAMS,6625.0,64.0,6624.0,165.0,0.0,0.0,6626,64,6627.0,165.0,0.0,0.0,6625.5,0.0
0,424800,JAMS,6625.0,66.0,6624.0,114.0,0.0,0.0,6626,66,6627.0,114.0,0.0,0.0,6625.5,0.0
0,424900,JAMS,6624.0,216.0,0.0,0.0,0.0,0.0,6626,216,0.0,0.0,0.0,0.0,6625.0,0.0
0,425000,JAMS,6624.0,248.0,0.0,0.0,0.0,0.0,6626,248,0.0,0.0,0.0,0.0,6625.0,0.0
0,425100,JAMS,6624.0,240.0,0.0,0.0,0.0,0.0,6626,240,0.0,0.0,0.0,0.0,6625.0,0.0
0,425200,JAMS,6624.0,291.0,0.0,0.0,0.0,0.0,6626,291,0.0,0.0,0.0,0.0,6625.0,0.0
0,425300,JAMS,6624.0,263.0,0.0,0.0,0.0,0.0,6626,263,0.0,0.0,0.0,0.0,6625.0,0.0
0,425400,JAMS,6625.0,60.0,6624.0,129.0,0.0,0.0,6626,60,6627.0,129.0,0.0,0.0,6625.5,0.0
0,425500,JAMS,6625.0,62.0,6624.0,169.0,0.0,0.0,6626,62,6627.0,169.0,0.0,0.0,6625.5,0.0
0,425600,JAMS,6625.0,63.0,6624.0,172.0,0.0,0.0,6626,63,6627.0,172.0,0.0,0.0,6625.5,0.0
0,425700,JAMS,6625.0,197.0,0.0,0.0,0.0,0.0,6627,197,0.0,0.0,0.0,0.0,6626.0,0.0
0,425800,JAMS,6625.0,186.0,0.0,0.0,0.0,0.0,6627,186,0.0,0.0,0.0,0.0,6626.0,0.0
0,425900,JAMS,6625.0,199.0,0.0,0.0,0.0,0.0,6627,199,0.0,0.0,0.0,0.0,6626.0,0.0
0,426000,JAMS,6625.0,173.0,0.0,0.0,0.0,0.0,6627,173,0.0,0.0,0.0,0.0,6626.0,0.0
0,426100,JAMS,6625.0,231.0,0.0,0.0,0.0,0.0,6627,231,0.0,0.0,0.0,0.0,6626.0,0.0
0,426200,JAMS,6625.0,214.0,0.0,0.0,0.0,0.0,6627,214,0.0,0.0,0.0,0.0,6626.0,0.0
0,426300,JAMS,6626.0,50.0,6625.0,139.0,0.0,0.0,6627,50,6628.0,139.0,0.0,0.0,6626.5,0.0
0,426400,JAMS,6626.0,192.0,0.0,0.0,0.0,0.0,6628,192,0.0,0.0,0.0,0.0,6627.0,0.0
0,426500,JAMS,6626.0,248.0,0.0,0.0,0.0,0.0,6628,248,0.0,0.0,0.0,0.0,6627.0,0.0
0,426600,JAMS,6626.0,189.0,0.0,0.0,0.0,0.0,6628,189,0.0,0.0,0.0,0.0,6627.0,0.0
0,426700,JAMS,6626.0,197.0,0.0,0.0,0.0,0.0,6628,197,0.0,0.0,0.0,0.0,6627.0,0.0
0,426800,JAMS,6626.0,190.0,0.0,0.0,0.0,0.0,6628,184,0.0,0.0,0.0,0.0,6627.0,0.0
0,426900,JAMS,6626.0,250.0,0.0,0.0,0.0,0.0,6628,254,0.0,0.0,0.0,0.0,6627.0,0.0
0,427000,JAMS,6626.0,166.0,0.0,0.0,0.0,0.0,6628,166,0.0,0.0,0.0,0.0,6627.0,0.0
0,427100,JAMS,6626.0,230.0,0.0,0.0,0.0,0.0,6628,230,0.0,0.0,0.0,0.0,6627.0,0.0
0,427200,JAMS,6626.0,219.0,0.0,0.0,0.0,0.0,6628,219,0.0,0.0,0.0,0.0,6627.0,0.0
0,427300,JAMS,6626.0,228.0,0.0,0.0,0.0,0.0,6628,228,0.0,0.0,0.0,0.0,6627.0,0.0
0,427400,JAMS,6626.0,187.0,0.0,0.0,0.0,0.0,6628,187,0.0,0.0,0.0,0.0,6627.0,0.0
0,427500,JAMS,6626.0,195.0,0.0,0.0,0.0,0.0,6628,195,0.0,0.0,0.0,0.0,6627.0,0.0
0,427600,JAMS,6626.0,76.0,6625.0,100.0,0.0,0.0,6627,76,6628.0,100.0,0.0,0.0,6626.5,0.0
0,427700,JAMS,6625.0,215.0,0.0,0.0,0.0,0.0,6627,215,0.0,0.0,0.0,0.0,6626.0,0.0
0,427800,JAMS,6624.0,220.0,0.0,0.0,0.0,0.0,6626,220,0.0,0.0,0.0,0.0,6625.0,0.0
0,427900,JAMS,6624.0,207.0,0.0,0.0,0.0,0.0,6626,207,0.0,0.0,0.0,0.0,6625.0,0.0
0,428000,JAMS,6623.0,250.0,0.0,0.0,0.0,0.0,6625,250,0.0,0.0,0.0,0.0,6624.0,0.0
0,428100,JAMS,6623.0,263.0,0.0,0.0,0.0,0.0,6625,263,0.0,0.0,0.0,0.0,6624.0,0.0
0,428200,JAMS,6623.0,255.0,0.0,0.0,0.0,0.0,6625,255,0.0,0.0,0.0,0.0,6624.0,0.0
0,428300,JAMS,6623.0,232.0,0.0,0.0,0.0,0.0,6625,232,0.0,0.0,0.0,0.0,6624.0,0.0
0,428400,JAMS,6623.0,199.0,0.0,0.0,0.0,0.0,6625,199,0.0,0.0,0.0,0.0,6624.0,0.0
0,428500,JAMS,6623.0,173.0,0.0,0.0,0.0,0.0,6625,173,0.0,0.0,0.0,0.0,6624.0,0.0
0,428600,JAMS,6624.0,59.0,6623.0,120.0,0.0,0.0,6625,59,6626.0,120.0,0.0,0.0,6624.5,0.0
0,428700,JAMS,6623.0,199.0,0.0,0.0,0.0,0.0,6625,199,0.0,0.0,0.0,0.0,6624.0,0.0
0,428800,JAMS,6623.0,190.0,0.0,0.0,0.0,0.0,6625,190,0.0,0.0,0.0,0.0,6624.0,0.0
0,428900,JAMS,6623.0,172.0,0.0,0.0,0.0,0.0,6625,172,0.0,0.0,0.0,0.0,6624.0,0.0
0,429000,JAMS,6623.0,241.0,0.0,0.0,0.0,0.0,6625,241,0.0,0.0,0.0,0.0,6624.0,0.0
0,429100,JAMS,6623.0,197.0,0.0,0.0,0.0,0.0,6625,197,0.0,0.0,0.0,0.0,6624.0,0.0
0,429200,JAMS,6623.0,199.0,0.0,0.0,0.0,0.0,6625,199,0.0,0.0,0.0,0.0,6624.0,0.0
0,429300,JAMS,6623.0,83.0,6622.0,184.0,0.0,0.0,6624,83,6625.0,184.0,0.0,0.0,6623.5,0.0
0,429400,JAMS,6623.0,74.0,6622.0,163.0,0.0,0.0,6624,74,6625.0,163.0,0.0,0.0,6623.5,0.0
0,429500,JAMS,6623.0,64.0,6622.0,178.0,0.0,0.0,6624,64,6625.0,178.0,0.0,0.0,6623.5,0.0
0,429600,JAMS,6623.0,97.0,6622.0,143.0,0.0,0.0,6624,97,6625.0,143.0,0.0,0.0,6623.5,0.0
0,429700,JAMS,6623.0,53.0,6622.0,185.0,0.0,0.0,6624,53,6625.0,185.0,0.0,0.0,6623.5,0.0
0,429800,JAMS,6623.0,93.0,6622.0,181.0,0.0,0.0,6624,93,6625.0,181.0,0.0,0.0,6623.5,0.0
0,429900,JAMS,6623.0,6.0,6622.0,243.0,0.0,0.0,6624,243,0.0,0.0,0.0,0.0,6623.5,0.0
0,430000,JAMS,6622.0,170.0,0.0,0.0,0.0,0.0,6624,170,0.0,0.0,0.0,0.0,6623.0,0.0
0,430100,JAMS,6622.0,247.0,0.0,0.0,0.0,0.0,6624,247,0.0,0.0,0.0,0.0,6623.0,0.0
0,430200,JAMS,6622.0,232.0,0.0,0.0,0.0,0.0,6624,232,0.0,0.0,0.0,0.0,6623.0,0.0
0,430300,JAMS,6622.0,252.0,0.0,0.0,0.0,0.0,6624,252,0.0,0.0,0.0,0.0,6623.0,0.0
0,430400,JAMS,6622.0,57.0,6621.0,120.0,0.0,0.0,6623,57,6624.0,120.0,0.0,0.0,6622.5,0.0
0,430500,JAMS,6622.0,172.0,0.0,0.0,0.0,0.0,6624,172,0.0,0.0,0.0,0.0,6623.0,0.0
0,430600,JAMS,6622.0,204.0,0.0,0.0,0.0,0.0,6624,204,0.0,0.0,0.0,0.0,6623.0,0.0
0,430700,JAMS,6622.0,174.0,0.0,0.0,0.0,0.0,6624,174,0.0,0.0,0.0,0.0,6623.0,0.0
0,430800,JAMS,6622.0,206.0,0.0,0.0,0.0,0.0,6624,206,0.0,0.0,0.0,0.0,6623.0,0.0
0,430900,JAMS,6622.0,207.0,0.0,0.0,0.0,0.0,6624,207,0.0,0.0,0.0,0.0,6623.0,0.0
0,431000,JAMS,6622.0,216.0,0.0,0.0,0.0,0.0,6624,216,0.0,0.0,0.0,0.0,6623.0,0.0
0,431100,JAMS,6622.0,173.0,0.0,0.0,0.0,0.0,6624,173,0.0,0.0,0.0,0.0,6623.0,0.0
0,431200,JAMS,6622.0,184.0,0.0,0.0,0.0,0.0,6623,5,6624.0,184.0,0.0,0.0,6622.5,0.0
0,431300,JAMS,6622.0,279.0,0.0,0.0,0.0,0.0,6624,279,0.0,0.0,0.0,0.0,6623.0,0.0
0,431400,JAMS,6622.0,200.0,0.0,0.0,0.0,0.0,6624,200,0.0,0.0,0.0,0.0,6623.0,0.0
0,431500,JAMS,6622.0,253.0,0.0,0.0,0.0,0.0,6624,253,0.0,0.0,0.0,0.0,6623.0,0.0
0,431600,JAMS,6623.0,11.0,6622.0,279.0,0.0,0.0,6624,279,0.0,0.0,0.0,0.0,6623.5,0.0
0,431700,JAMS,6622.0,260.0,0.0,0.0,0.0,0.0,6624,260,0.0,0.0,0.0,0.0,6623.0,0.0
0,431800,JAMS,6622.0,200.0,0.0,0.0,0.0,0.0,6624,200,0.0,0.0,0.0,0.0,6623.0,0.0
0,431900,JAMS,6622.0,178.0,0.0,0.0,0.0,0.0,6624,178,0.0,0.0,0.0,0.0,6623.0,0.0
0,432000,JAMS,6622.0,287.0,0.0,0.0,0.0,0.0,6624,283,0.0,0.0,0.0,0.0,6623.0,0.0
0,432100,JAMS,6622.0,259.0,0.0,0.0,0.0,0.0,6624,259,0.0,0.0,0.0,0.0,6623.0,0.0
0,432200,JAMS,6622.0,209.0,0.0,0.0,0.0,0.0,6624,209,0.0,0.0,0.0,0.0,6623.0,0.0
0,432300,JAMS,6622.0,262.0,0.0,0.0,0.0,0.0,6624,262,0.0,0.0,0.0,0.0,6623.0,0.0
0,432400,JAMS,6622.0,51.0,6621.0,137.0,0.0,0.0,6623,51,6624.0,137.0,0.0,0.0,6622.5,0.0
0,432500,JAMS,6622.0,80.0,6621.0,167.0,0.0,0.0,6623,80,6624.0,167.0,0.0,0.0,6622.5,0.0
0,432600,JAMS,6622.0,95.0,6621.0,141.0,0.0,0.0,6623,95,6624.0,141.0,0.0,0.0,6622.5,0.0
0,432700,JAMS,6621.0,252.0,0.0,0.0,0.0,0.0,6623,252,0.0,0.0,0.0,0.0,6622.0,0.0
0,432800,JAMS,6621.0,231.0,0.0,0.0,0.0,0.0,6623,231,0.0,0.0,0.0,0.0,6622.0,0.0
0,432900,JAMS,6621.0,223.0,0.0,0.0,0.0,0.0,6623,223,0.0,0.0,0.0,0.0,6622.0,0.0
0,433000,JAMS,6621.0,185.0,0.0,0.0,0.0,0.0,6623,185,0.0,0.0,0.0,0.0,6622.0,0.0
0,433100,JAMS,6621.0,181.0,0.0,0.0,0.0,0.0,6623,181,0.0,0.0,0.0,0.0,6622.0,0.0
0,433200,JAMS,6622.0,58.0,6621.0,197.0,0.0,0.0,6623,255,0.0,0.0,0.0,0.0,6622.5,0.0
0,433300,JAMS,6621.0,217.0,0.0,0.0,0.0,0.0,6623,217,0.0,0.0,0.0,0.0,6622.0,0.0
0,433400,JAMS,6621.0,209.0,0.0,0.0,0.0,0.0,6623,209,0.0,0.0,0.0,0.0,6622.0,0.0
0,433500,JAMS,6623.0,78.0,6622.0,178.0,0.0,0.0,6624,78,6625.0,178.0,0.0,0.0,6623.5,0.0
0,433600,JAMS,6623.0,190.0,0.0,0.0,0.0,0.0,6625,190,0.0,0.0,0.0,0.0,6624.0,0.0
0,433700,JAMS,6623.0,174.0,0.0,0.0,0.0,0.0,6625,174,0.0,0.0,0.0,0.0,6624.0,0.0
0,433800,JAMS,6623.0,211.0,0.0,0.0,0.0,0.0,6625,211,0.0,0.0,0.0,0.0,6624.0,0.0
0,433900,JAMS,6623.0,280.0,0.0,0.0,0.0,0.0,6625,280,0.0,0.0,0.0,0.0,6624.0,0.0
0,434000,JAMS,6623.0,210.0,0.0,0.0,0.0,0.0,6625,210,0.0,0.0,0.0,0.0,6624.0,0.0
0,434100,JAMS,6624.0,259.0,0.0,0.0,0.0,0.0,6626,262,0.0,0.0,0.0,0.0,6625.0,0.0
0,434200,JAMS,6624.0,252.0,0.0,0.0,0.0,0.0,6626,252,0.0,0.0,0.0,0.0,6625.0,0.0
0,434300,JAMS,6624.0,235.0,0.0,0.0,0.0,0.0,6626,235,0.0,0.0,0.0,0.0,6625.0,0.0
0,434400,JAMS,6624.0,184.0,0.0,0.0,0.0,0.0,6626,184,0.0,0.0,0.0,0.0,6625.0,0.0
0,434500,JAMS,6625.0,67.0,6624.0,165.0,0.0,0.0,6626,67,6627.0,165.0,0.0,0.0,6625.5,0.0
0,434600,JAMS,6625.0,98.0,6624.0,152.0,0.0,0.0,6626,98,6627.0,152.0,0.0,0.0,6625.5,0.0
0,434700,JAMS,6625.0,83.0,6624.0,156.0,0.0,0.0,6626,83,6627.0,156.0,0.0,0.0,6625.5,0.0
0,434800,JAMS,6625.0,214.0,0.0,0.0,0.0,0.0,6627,214,0.0,0.0,0.0,0.0,6626.0,0.0
0,434900,JAMS,6625.0,189.0,0.0,0.0,0.0,0.0,6627,189,0.0,0.0,0.0,0.0,6626.0,0.0
0,435000,JAMS,6625.0,235.0,0.0,0.0,0.0,0.0,6627,235,0.0,0.0,0.0,0.0,6626.0,0.0
0,435100,JAMS,6625.0,256.0,0.0,0.0,0.0,0.0,6627,256,0.0,0.0,0.0,0.0,6626.0,0.0
0,435200,JAMS,6625.0,209.0,0.0,0.0,0.0,0.0,6627,209,0.0,0.0,0.0,0.0,6626.0,0.0
0,435300,JAMS,6625.0,197.0,0.0,0.0,0.0,0.0,6627,197,0.0,0.0,0.0,0.0,6626.0,0.0
0,435400,JAMS,6625.0,170.0,0.0,0.0,0.0,0.0,6627,170,0.0,0.0,0.0,0.0,6626.0,0.0
0,435500,JAMS,6625.0,212.0,0.0,0.0,0.0,0.0,6627,212,0.0,0.0,0.0,0.0,6626.0,0.0
0,435600,JAMS,6625.0,217.0,0.0,0.0,0.0,0.0,6627,217,0.0,0.0,0.0,0.0,6626.0,0.0
0,435700,JAMS,6625.0,264.0,0.0,0.0,0.0,0.0,6627,264,0.0,0.0,0.0,0.0,6626.0,0.0
0,435800,JAMS,6625.0,254.0,0.0,0.0,0.0,0.0,6627,254,0.0,0.0,0.0,0.0,6626.0,0.0
0,435900,JAMS,6625.0,208.0,0.0,0.0,0.0,0.0,6627,208,0.0,0.0,0.0,0.0,6626.0,0.0
0,436000,JAMS,6625.0,170.0,0.0,0.0,0.0,0.0,6627,170,0.0,0.0,0.0,0.0,6626.0,0.0
0,436100,JAMS,6625.0,196.0,0.0,0.0,0.0,0.0,6627,196,0.0,0.0,0.0,0.0,6626.0,0.0
0,436200,JAMS,6624.0,217.0,0.0,0.0,0.0,0.0,6626,217,0.0,0.0,0.0,0.0,6625.0,0.0
0,436300,JAMS,6624.0,183.0,0.0,0.0,0.0,0.0,6626,183,0.0,0.0,0.0,0.0,6625.0,0.0
0,436400,JAMS,6625.0,74.0,6624.0,128.0,0.0,0.0,6626,74,6627.0,128.0,0.0,0.0,6625.5,0.0
0,436500,JAMS,6625.0,72.0,6624.0,138.0,0.0,0.0,6626,72,6627.0,138.0,0.0,0.0,6625.5,0.0
0,436600,JAMS,6625.0,253.0,0.0,0.0,0.0,0.0,6627,253,0.0,0.0,0.0,0.0,6626.0,0.0
0,436700,JAMS,6625.0,247.0,0.0,0.0,0.0,0.0,6627,247,0.0,0.0,0.0,0.0,6626.0,0.0
0,436800,JAMS,6625.0,236.0,0.0,0.0,0.0,0.0,6627,236,0.0,0.0,0.0,0.0,6626.0,0.0
0,436900,JAMS,6625.0,67.0,6624.0,133.0,0.0,0.0,6626,67,6627.0,133.0,0.0,0.0,6625.5,0.0
0,437000,JAMS,6625.0,234.0,0.0,0.0,0.0,0.0,6627,234,0.0,0.0,0.0,0.0,6626.0,0.0
0,437100,JAMS,6625.0,223.0,0.0,0.0,0.0,0.0,6627,223,0.0,0.0,0.0,0.0,6626.0,0.0
0,437200,JAMS,6625.0,247.0,0.0,0.0,0.0,0.0,6627,247,0.0,0.0,0.0,0.0,6626.0,0.0
0,437300,JAMS,6626.0,79.0,6625.0,107.0,0.0,0.0,6627,79,6628.0,107.0,0.0,0.0,6626.5,0.0
0,437400,JAMS,6626.0,85.0,6625.0,117.0,0.0,0.0,6627,85,6628.0,117.0,0.0,0.0,6626.5,0.0
0,437500,JAMS,6626.0,220.0,0.0,0.0,0.0,0.0,6628,220,0.0,0.0,0.0,0.0,6627.0,0.0
0,437600,JAMS,6627.0,97.0,6626.0,127.0,0.0,0.0,6628,97,6629.0,127.0,0.0,0.0,6627.5,0.0
0,437700,JAMS,6627.0,78.0,6626.0,128.0,0.0,0.0,6628,78,6629.0,128.0,0.0,0.0,6627.5,0.0
0,437800,JAMS,6627.0,268.0,0.0,0.0,0.0,0.0,6629,268,0.0,0.0,0.0,0.0,6628.0,0.0
0,437900,JAMS,6627.0,195.0,0.0,0.0,0.0,0.0,6629,206,0.0,0.0,0.0,0.0,6628.0,0.0
0,438000,JAMS,6627.0,220.0,0.0,0.0,0.0,0.0,6629,220,0.0,0.0,0.0,0.0,6628.0,0.0
0,438100,JAMS,6627.0,73.0,6626.0,143.0,0.0,0.0,6628,73,6629.0,143.0,0.0,0.0,6627.5,0.0
0,438200,JAMS,6627.0,60.0,6626.0,116.0,0.0,0.0,6628,60,6629.0,116.0,0.0,0.0,6627.5,0.0
0,438300,JAMS,6626.0,226.0,0.0,0.0,0.0,0.0,6628,226,0.0,0.0,0.0,0.0,6627.0,0.0
0,438400,JAMS,6626.0,234.0,0.0,0.0,0.0,0.0,6628,234,0.0,0.0,0.0,0.0,6627.0,0.0
0,438500,JAMS,6626.0,191.0,0.0,0.0,0.0,0.0,6628,191,0.0,0.0,0.0,0.0,6627.0,0.0
0,438600,JAMS,6626.0,218.0,0.0,0.0,0.0,0.0,6628,218,0.0,0.0,0.0,0.0,6627.0,0.0
0,438700,JAMS,6626.0,218.0,0.0,0.0,0.0,0.0,6628,218,0.0,0.0,0.0,0.0,6627.0,0.0
0,438800,JAMS,6626.0,215.0,0.0,0.0,0.0,0.0,6628,215,0.0,0.0,0.0,0.0,6627.0,0.0
0,438900,JAMS,6626.0,203.0,0.0,0.0,0.0,0.0,6628,203,0.0,0.0,0.0,0.0,6627.0,0.0
0,439000,JAMS,6626.0,64.0,6625.0,143.0,0.0,0.0,6627,64,6628.0,143.0,0.0,0.0,6626.5,0.0
0,439100,JAMS,6626.0,75.0,6625.0,149.0,0.0,0.0,6627,75,6628.0,149.0,0.0,0.0,6626.5,0.0
0,439200,JAMS,6626.0,96.0,6625.0,157.0,0.0,0.0,6627,96,6628.0,157.0,0.0,0.0,6626.5,0.0
0,439300,JAMS,6626.0,64.0,6625.0,104.0,0.0,0.0,6627,64,6628.0,104.0,0.0,0.0,6626.5,0.0
0,439400,JAMS,6626.0,177.0,0.0,0.0,0.0,0.0,6628,183,0.0,0.0,0.0,0.0,6627.0,0.0
0,439500,JAMS,6626.0,262.0,0.0,0.0,0.0,0.0,6628,262,0.0,0.0,0.0,0.0,6627.0,0.0
0,439600,JAMS,6626.0,245.0,0.0,0.0,0.0,0.0,6628,245,0.0,0.0,0.0,0.0,6627.0,0.0
0,439700,JAMS,6626.0,197.0,0.0,0.0,0.0,0.0,6628,197,0.0,0.0,0.0,0.0,6627.0,0.0
0,439800,JAMS,6626.0,215.0,0.0,0.0,0.0,0.0,6628,215,0.0,0.0,0.0,0.0,6627.0,0.0
0,439900,JAMS,6626.0,192.0,0.0,0.0,0.0,0.0,6628,192,0.0,0.0,0.0,0.0,6627.0,0.0
0,440000,JAMS,6626.0,195.0,0.0,0.0,0.0,0.0,6628,195,0.0,0.0,0.0,0.0,6627.0,0.0
0,440100,JAMS,6626.0,225.0,0.0,0.0,0.0,0.0,6628,225,0.0,0.0,0.0,0.0,6627.0,0.0
0,440200,JAMS,6629.0,227.0,0.0,0.0,0.0,0.0,6631,227,0.0,0.0,0.0,0.0,6630.0,0.0
0,440300,JAMS,6629.0,89.0,6628.0,162.0,0.0,0.0,6630,89,6631.0,162.0,0.0,0.0,6629.5,0.0
0,440400,JAMS,6628.0,294.0,0.0,0.0,0.0,0.0,6630,294,0.0,0.0,0.0,0.0,6629.0,0.0
0,440500,JAMS,6628.0,181.0,0.0,0.0,0.0,0.0,6630,181,0.0,0.0,0.0,0.0,6629.0,0.0
0,440600,JAMS,6629.0,209.0,0.0,0.0,0.0,0.0,6631,209,0.0,0.0,0.0,0.0,6630.0,0.0
0,440700,JAMS,6629.0,237.0,0.0,0.0,0.0,0.0,6631,237,0.0,0.0,0.0,0.0,6630.0,0.0
0,440800,JAMS,6628.0,169.0,0.0,0.0,0.0,0.0,6630,169,0.0,0.0,0.0,0.0,6629.0,0.0
0,440900,JAMS,6628.0,207.0,0.0,0.0,0.0,0.0,6630,207,0.0,0.0,0.0,0.0,6629.0,0.0
0,441000,JAMS,6630.0,86.0,6629.0,126.0,0.0,0.0,6631,86,6632.0,126.0,0.0,0.0,6630.5,0.0
0,441100,JAMS,6629.0,196.0,0.0,0.0,0.0,0.0,6631,196,0.0,0.0,0.0,0.0,6630.0,0.0
0,441200,JAMS,6630.0,226.0,0.0,0.0,0.0,0.0,6632,236,0.0,0.0,0.0,0.0,6631.0,0.0
0,441300,JAMS,6630.0,162.0,0.0,0.0,0.0,0.0,6632,162,0.0,0.0,0.0,0.0,6631.0,0.0
0,441400,JAMS,6633.0,99.0,6632.0,116.0,0.0,0.0,6634,99,6635.0,116.0,0.0,0.0,6633.5,0.0
0,441500,JAMS,6633.0,60.0,6632.0,194.0,0.0,0.0,6634,60,6635.0,194.0,0.0,0.0,6633.5,0.0
0,441600,JAMS,6635.0,9.0,6634.0,209.0,0.0,0.0,6636,209,0.0,0.0,0.0,0.0,6635.5,0.0
0,441700,JAMS,6634.0,270.0,0.0,0.0,0.0,0.0,6636,270,0.0,0.0,0.0,0.0,6635.0,0.0
0,441800,JAMS,6634.0,211.0,0.0,0.0,0.0,0.0,6636,211,0.0,0.0,0.0,0.0,6635.0,0.0
0,441900,JAMS,6634.0,290.0,0.0,0.0,0.0,0.0,6636,290,0.0,0.0,0.0,0.0,6635.0,0.0
0,442000,JAMS,6634.0,253.0,0.0,0.0,0.0,0.0,6636,253,0.0,0.0,0.0,0.0,6635.0,0.0
0,442100,JAMS,6635.0,72.0,6634.0,149.0,0.0,0.0,6636,72,6637.0,149.0,0.0,0.0,6635.5,0.0
0,442200,JAMS,6635.0,70.0,6634.0,192.0,0.0,0.0,6636,70,6637.0,192.0,0.0,0.0,6635.5,0.0
0,442300,JAMS,6634.0,158.0,0.0,0.0,0.0,0.0,6636,158,0.0,0.0,0.0,0.0,6635.0,0.0
0,442400,JAMS,6633.0,181.0,0.0,0.0,0.0,0.0,6634,10,6635.0,181.0,0.0,0.0,6633.5,0.0
0,442500,JAMS,6634.0,55.0,6633.0,194.0,0.0,0.0,6635,55,6636.0,194.0,0.0,0.0,6634.5,0.0
0,442600,JAMS,6633.0,213.0,0.0,0.0,0.0,0.0,6635,213,0.0,0.0,0.0,0.0,6634.0,0.0
0,442700,JAMS,6633.0,194.0,0.0,0.0,0.0,0.0,6635,194,0.0,0.0,0.0,0.0,6634.0,0.0
0,442800,JAMS,6634.0,222.0,0.0,0.0,0.0,0.0,6636,222,0.0,0.0,0.0,0.0,6635.0,0.0
0,442900,JAMS,6634.0,185.0,0.0,0.0,0.0,0.0,6636,185,0.0,0.0,0.0,0.0,6635.0,0.0
0,443000,JAMS,6636.0,70.0,6635.0,107.0,0.0,0.0,6637,70,6638.0,107.0,0.0,0.0,6636.5,0.0
0,443100,JAMS,6635.0,189.0,0.0,0.0,0.0,0.0,6637,189,0.0,0.0,0.0,0.0,6636.0,0.0
0,443200,JAMS,6635.0,178.0,0.0,0.0,0.0,0.0,6637,178,0.0,0.0,0.0,0.0,6636.0,0.0
0,443300,JAMS,6634.0,99.0,6633.0,155.0,0.0,0.0,6635,99,6636.0,155.0,0.0,0.0,6634.5,0.0
0,443400,JAMS,6634.0,158.0,0.0,0.0,0.0,0.0,6636,158,0.0,0.0,0.0,0.0,6635.0,0.0
0,443500,JAMS,6634.0,268.0,0.0,0.0,0.0,0.0,6636,268,0.0,0.0,0.0,0.0,6635.0,0.0
0,443600,JAMS,6634.0,237.0,0.0,0.0,0.0,0.0,6636,237,0.0,0.0,0.0,0.0,6635.0,0.0
0,443700,JAMS,6634.0,192.0,0.0,0.0,0.0,0.0,6636,192,0.0,0.0,0.0,0.0,6635.0,0.0
0,443800,JAMS,6635.0,247.0,0.0,0.0,0.0,0.0,6637,247,0.0,0.0,0.0,0.0,6636.0,0.0
0,443900,JAMS,6634.0,167.0,0.0,0.0,0.0,0.0,6636,167,0.0,0.0,0.0,0.0,6635.0,0.0
0,444000,JAMS,6634.0,222.0,0.0,0.0,0.0,0.0,6636,222,0.0,0.0,0.0,0.0,6635.0,0.0
0,444100,JAMS,6634.0,215.0,0.0,0.0,0.0,0.0,6635,8,6636.0,215.0,0.0,0.0,6634.5,0.0
0,444200,JAMS,6632.0,212.0,0.0,0.0,0.0,0.0,6634,223,0.0,0.0,0.0,0.0,6633.0,0.0
0,444300,JAMS,6632.0,188.0,0.0,0.0,0.0,0.0,6634,188,0.0,0.0,0.0,0.0,6633.0,0.0
0,444400,JAMS,6632.0,236.0,0.0,0.0,0.0,0.0,6634,244,0.0,0.0,0.0,0.0,6633.0,0.0
0,444500,JAMS,6632.0,243.0,0.0,0.0,0.0,0.0,6634,243,0.0,0.0,0.0,0.0,6633.0,0.0
0,444600,JAMS,6632.0,215.0,0.0,0.0,0.0,0.0,6634,208,0.0,0.0,0.0,0.0,6633.0,0.0
0,444700,JAMS,6632.0,235.0,0.0,0.0,0.0,0.0,6634,235,0.0,0.0,0.0,0.0,6633.0,0.0
0,444800,JAMS,6633.0,221.0,0.0,0.0,0.0,0.0,6635,221,0.0,0.0,0.0,0.0,6634.0,0.0
0,444900,JAMS,6633.0,179.0,0.0,0.0,0.0,0.0,6635,179,0.0,0.0,0.0,0.0,6634.0,0.0
0,445000,JAMS,6633.0,258.0,0.0,0.0,0.0,0.0,6635,253,0.0,0.0,0.0,0.0,6634.0,0.0
0,445100,JAMS,6634.0,247.0,0.0,0.0,0.0,0.0,6636,247,0.0,0.0,0.0,0.0,6635.0,0.0
0,445200,JAMS,6634.0,274.0,0.0,0.0,0.0,0.0,6636,274,0.0,0.0,0.0,0.0,6635.0,0.0
0,445300,JAMS,6634.0,288.0,0.0,0.0,0.0,0.0,6636,288,0.0,0.0,0.0,0.0,6635.0,0.0
0,445400,JAMS,6634.0,207.0,0.0,0.0,0.0,0.0,6636,207,0.0,0.0,0.0,0.0,6635.0,0.0
0,445500,JAMS,6634.0,79.0,6633.0,183.0,0.0,0.0,6635,79,6636.0,183.0,0.0,0.0,6634.5,0.0
0,445600,JAMS,6633.0,220.0,0.0,0.0,0.0,0.0,6635,220,0.0,0.0,0.0,0.0,6634.0,0.0
0,445700,JAMS,6633.0,222.0,0.0,0.0,0.0,0.0,6635,222,0.0,0.0,0.0,0.0,6634.0,0.0
0,445800,JAMS,6633.0,231.0,0.0,0.0,0.0,0.0,6635,231,0.0,0.0,0.0,0.0,6634.0,0.0
0,445900,JAMS,6633.0,234.0,0.0,0.0,0.0,0.0,6635,234,0.0,0.0,0.0,0.0,6634.0,0.0
0,446000,JAMS,6633.0,245.0,0.0,0.0,0.0,0.0,6635,245,0.0,0.0,0.0,0.0,6634.0,0.0
0,446100,JAMS,6633.0,283.0,0.0,0.0,0.0,0.0,6635,283,0.0,0.0,0.0,0.0,6634.0,0.0
0,446200,JAMS,6632.0,247.0,0.0,0.0,0.0,0.0,6633,5,6634.0,247.0,0.0,0.0,6632.5,0.0
0,446300,JAMS,6633.0,10.0,6632.0,250.0,0.0,0.0,6634,250,0.0,0.0,0.0,0.0,6633.5,0.0
0,446400,JAMS,6632.0,188.0,0.0,0.0,0.0,0.0,6634,188,0.0,0.0,0.0,0.0,6633.0,0.0
0,446500,JAMS,6633.0,209.0,0.0,0.0,0.0,0.0,6635,209,0.0,0.0,0.0,0.0,6634.0,0.0
0,446600,JAMS,6634.0,76.0,6633.0,144.0,0.0,0.0,6635,220,0.0,0.0,0.0,0.0,6634.5,0.0
0,446700,JAMS,6634.0,246.0,0.0,0.0,0.0,0.0,6636,246,0.0,0.0,0.0,0.0,6635.0,0.0
0,446800,JAMS,6636.0,72.0,6635.0,193.0,0.0,0.0,6637,78,6638.0,193.0,0.0,0.0,6636.5,0.0
0,446900,JAMS,6637.0,233.0,0.0,0.0,0.0,0.0,6639,233,0.0,0.0,0.0,0.0,6638.0,0.0
0,447000,JAMS,6637.0,98.0,6636.0,184.0,0.0,0.0,6638,98,6639.0,184.0,0.0,0.0,6637.5,0.0
0,447100,JAMS,6636.0,246.0,0.0,0.0,0.0,0.0,6638,246,0.0,0.0,0.0,0.0,6637.0,0.0
0,447200,JAMS,6637.0,9.0,6636.0,203.0,0.0,0.0,6638,203,0.0,0.0,0.0,0.0,6637.5,0.0
0,447300,JAMS,6636.0,183.0,0.0,0.0,0.0,0.0,6638,183,0.0,0.0,0.0,0.0,6637.0,0.0
0,447400,JAMS,6637.0,79.0,6636.0,126.0,0.0,0.0,6638,79,6639.0,126.0,0.0,0.0,6637.5,0.0
0,447500,JAMS,6636.0,226.0,0.0,0.0,0.0,0.0,6638,226,0.0,0.0,0.0,0.0,6637.0,0.0
0,447600,JAMS,6636.0,192.0,0.0,0.0,0.0,0.0,6638,192,0.0,0.0,0.0,0.0,6637.0,0.0
0,447700,JAMS,6635.0,271.0,0.0,0.0,0.0,0.0,6637,271,0.0,0.0,0.0,0.0,6636.0,0.0
0,447800,JAMS,6634.0,275.0,0.0,0.0,0.0,0.0,6635,12,6636.0,275.0,0.0,0.0,6634.5,0.0
0,447900,JAMS,6634.0,226.0,0.0,0.0,0.0,0.0,6636,226,0.0,0.0,0.0,0.0,6635.0,0.0
0,448000,JAMS,6635.0,66.0,6634.0,162.0,0.0,0.0,6636,66,6637.0,162.0,0.0,0.0,6635.5,0.0
0,448100,JAMS,6636.0,197.0,0.0,0.0,0.0,0.0,6638,197,0.0,0.0,0.0,0.0,6637.0,0.0
0,448200,JAMS,6637.0,84.0,6636.0,195.0,0.0,0.0,6638,75,6639.0,195.0,0.0,0.0,6637.5,0.0
0,448300,JAMS,6637.0,199.0,0.0,0.0,0.0,0.0,6639,199,0.0,0.0,0.0,0.0,6638.0,0.0
0,448400,JAMS,6637.0,258.0,0.0,0.0,0.0,0.0,6639,258,0.0,0.0,0.0,0.0,6638.0,0.0
0,448500,JAMS,6637.0,213.0,0.0,0.0,0.0,0.0,6639,213,0.0,0.0,0.0,0.0,6638.0,0.0
0,448600,JAMS,6637.0,209.0,0.0,0.0,0.0,0.0,6639,209,0.0,0.0,0.0,0.0,6638.0,0.0
0,448700,JAMS,6637.0,183.0,0.0,0.0,0.0,0.0,6639,183,0.0,0.0,0.0,0.0,6638.0,0.0
0,448800,JAMS,6639.0,5.0,6638.0,272.0,0.0,0.0,6640,272,0.0,0.0,0.0,0.0,6639.5,0.0
0,448900,JAMS,6638.0,239.0,0.0,0.0,0.0,0.0,6640,239,0.0,0.0,0.0,0.0,6639.0,0.0
0,449000,JAMS,6638.0,221.0,0.0,0.0,0.0,0.0,6640,221,0.0,0.0,0.0,0.0,6639.0,0.0
0,449100,JAMS,6638.0,208.0,0.0,0.0,0.0,0.0,6640,208,0.0,0.0,0.0,0.0,6639.0,0.0
0,449200,JAMS,6639.0,7.0,6638.0,232.0,0.0,0.0,6640,232,0.0,0.0,0.0,0.0,6639.5,0.0
0,449300,JAMS,6638.0,228.0,0.0,0.0,0.0,0.0,6640,228,0.0,0.0,0.0,0.0,6639.0,0.0
0,449400,JAMS,6638.0,232.0,0.0,0.0,0.0,0.0,6640,242,0.0,0.0,0.0,0.0,6639.0,0.0
0,449500,JAMS,6638.0,197.0,0.0,0.0,0.0,0.0,6640,197,0.0,0.0,0.0,0.0,6639.0,0.0
0,449600,JAMS,6638.0,190.0,0.0,0.0,0.0,0.0,6640,190,0.0,0.0,0.0,0.0,6639.0,0.0
0,449700,JAMS,6638.0,193.0,0.0,0.0,0.0,0.0,6640,193,0.0,0.0,0.0,0.0,6639.0,0.0
0,449800,JAMS,6638.0,239.0,0.0,0.0,0.0,0.0,6640,239,0.0,0.0,0.0,0.0,6639.0,0.0
0,449900,JAMS,6638.0,86.0,6637.0,148.0,0.0,0.0,6639,79,6640.0,148.0,0.0,0.0,6638.5,0.0
0,450000,JAMS,6638.0,75.0,6637.0,102.0,0.0,0.0,6639,75,6640.0,102.0,0.0,0.0,6638.5,0.0
0,450100,JAMS,6638.0,71.0,6637.0,140.0,0.0,0.0,6639,71,6640.0,140.0,0.0,0.0,6638.5,0.0
0,450200,JAMS,6638.0,207.0,0.0,0.0,0.0,0.0,6640,207,0.0,0.0,0.0,0.0,6639.0,0.0
0,450300,JAMS,6638.0,248.0,0.0,0.0,0.0,0.0,6640,248,0.0,0.0,0.0,0.0,6639.0,0.0
0,450400,JAMS,6639.0,75.0,6638.0,155.0,0.0,0.0,6640,75,6641.0,155.0,0.0,0.0,6639.5,0.0
0,450500,JAMS,6639.0,94.0,6638.0,177.0,0.0,0.0,6640,94,6641.0,177.0,0.0,0.0,6639.5,0.0
0,450600,JAMS,6639.0,42.0,6638.0,120.0,0.0,0.0,6640,54,6641.0,120.0,0.0,0.0,6639.5,0.0
0,450700,JAMS,6639.0,76.0,6638.0,147.0,0.0,0.0,6640,76,6641.0,147.0,0.0,0.0,6639.5,0.0
0,450800,JAMS,6639.0,76.0,6638.0,199.0,0.0,0.0,6640,76,6641.0,199.0,0.0,0.0,6639.5,0.0
0,450900,JAMS,6639.0,62.0,6638.0,180.0,0.0,0.0,6640,70,6641.0,180.0,0.0,0.0,6639.5,0.0
0,451000,JAMS,6639.0,93.0,6638.0,146.0,0.0,0.0,6640,93,6641.0,146.0,0.0,0.0,6639.5,0.0
0,451100,JAMS,6639.0,57.0,6638.0,170.0,0.0,0.0,6640,57,6641.0,170.0,0.0,0.0,6639.5,0.0
0,451200,JAMS,6639.0,293.0,0.0,0.0,0.0,0.0,6641,293,0.0,0.0,0.0,0.0,6640.0,0.0
0,451300,JAMS,6639.0,202.0,0.0,0.0,0.0,0.0,6641,202,0.0,0.0,0.0,0.0,6640.0,0.0
0,451400,JAMS,6639.0,268.0,0.0,0.0,0.0,0.0,6641,259,0.0,0.0,0.0,0.0,6640.0,0.0
0,451500,JAMS,6639.0,216.0,0.0,0.0,0.0,0.0,6641,220,0.0,0.0,0.0,0.0,6640.0,0.0
0,451600,JAMS,6639.0,209.0,0.0,0.0,0.0,0.0,6641,209,0.0,0.0,0.0,0.0,6640.0,0.0
0,451700,JAMS,6639.0,268.0,0.0,0.0,0.0,0.0,6641,268,0.0,0.0,0.0,0.0,6640.0,0.0
0,451800,JAMS,6639.0,255.0,0.0,0.0,0.0,0.0,6641,255,0.0,0.0,0.0,0.0,6640.0,0.0
0,451900,JAMS,6639.0,255.0,0.0,0.0,0.0,0.0,6641,255,0.0,0.0,0.0,0.0,6640.0,0.0
0,452000,JAMS,6639.0,253.0,0.0,0.0,0.0,0.0,6641,257,0.0,0.0,0.0,0.0,6640.0,0.0
0,452100,JAMS,6639.0,193.0,0.0,0.0,0.0,0.0,6641,193,0.0,0.0,0.0,0.0,6640.0,0.0
0,452200,JAMS,6639.0,241.0,0.0,0.0,0.0,0.0,6641,241,0.0,0.0,0.0,0.0,6640.0,0.0
0,452300,JAMS,6639.0,255.0,0.0,0.0,0.0,0.0,6641,255,0.0,0.0,0.0,0.0,6640.0,0.0
0,452400,JAMS,6639.0,176.0,0.0,0.0,0.0,0.0,6641,176,0.0,0.0,0.0,0.0,6640.0,0.0
0,452500,JAMS,6639.0,79.0,6638.0,100.0,0.0,0.0,6640,79,6641.0,100.0,0.0,0.0,6639.5,0.0
0,452600,JAMS,6639.0,262.0,0.0,0.0,0.0,0.0,6641,262,0.0,0.0,0.0,0.0,6640.0,0.0
0,452700,JAMS,6639.0,241.0,0.0,0.0,0.0,0.0,6641,241,0.0,0.0,0.0,0.0,6640.0,0.0
0,452800,JAMS,6639.0,172.0,0.0,0.0,0.0,0.0,6641,172,0.0,0.0,0.0,0.0,6640.0,0.0
0,452900,JAMS,6639.0,78.0,6638.0,153.0,0.0,0.0,6640,83,6641.0,153.0,0.0,0.0,6639.5,0.0
0,453000,JAMS,6639.0,237.0,0.0,0.0,0.0,0.0,6641,237,0.0,0.0,0.0,0.0,6640.0,0.0
0,453100,JAMS,6640.0,85.0,6639.0,200.0,0.0,0.0,6641,85,6642.0,200.0,0.0,0.0,6640.5,0.0
0,453200,JAMS,6640.0,71.0,6639.0,152.0,0.0,0.0,6641,71,6642.0,152.0,0.0,0.0,6640.5,0.0
0,453300,JAMS,6640.0,62.0,6639.0,118.0,0.0,0.0,6641,62,6642.0,118.0,0.0,0.0,6640.5,0.0
0,453400,JAMS,6640.0,68.0,6639.0,113.0,0.0,0.0,6641,68,6642.0,113.0,0.0,0.0,6640.5,0.0
0,453500,JAMS,6640.0,78.0,6639.0,106.0,0.0,0.0,6641,78,6642.0,106.0,0.0,0.0,6640.5,0.0
0,453600,JAMS,6640.0,56.0,6639.0,166.0,0.0,0.0,6641,56,6642.0,166.0,0.0,0.0,6640.5,0.0
0,453700,JAMS,6640.0,66.0,6639.0,158.0,0.0,0.0,6641,66,6642.0,158.0,0.0,0.0,6640.5,0.0
0,453800,JAMS,6640.0,244.0,0.0,0.0,0.0,0.0,6642,244,0.0,0.0,0.0,0.0,6641.0,0.0
0,453900,JAMS,6640.0,229.0,0.0,0.0,0.0,0.0,6642,229,0.0,0.0,0.0,0.0,6641.0,0.0
0,454000,JAMS,6640.0,51.0,6639.0,134.0,0.0,0.0,6641,60,6642.0,134.0,0.0,0.0,6640.5,0.0
0,454100,JAMS,6639.0,228.0,0.0,0.0,0.0,0.0,6641,228,0.0,0.0,0.0,0.0,6640.0,0.0
0,454200,JAMS,6637.0,250.0,0.0,0.0,0.0,0.0,6639,250,0.0,0.0,0.0,0.0,6638.0,0.0
0,454300,JAMS,6637.0,290.0,0.0,0.0,0.0,0.0,6639,286,0.0,0.0,0.0,0.0,6638.0,0.0
0,454400,JAMS,6638.0,72.0,6637.0,181.0,0.0,0.0,6639,72,6640.0,181.0,0.0,0.0,6638.5,0.0
0,454500,JAMS,6637.0,278.0,0.0,0.0,0.0,0.0,6639,278,0.0,0.0,0.0,0.0,6638.0,0.0
0,454600,JAMS,6636.0,240.0,0.0,0.0,0.0,0.0,6638,240,0.0,0.0,0.0,0.0,6637.0,0.0
0,454700,JAMS,6635.0,238.0,0.0,0.0,0.0,0.0,6637,238,0.0,0.0,0.0,0.0,6636.0,0.0
0,454800,JAMS,6634.0,173.0,0.0,0.0,0.0,0.0,6636,173,0.0,0.0,0.0,0.0,6635.0,0.0
0,454900,JAMS,6635.0,83.0,6634.0,174.0,0.0,0.0,6636,83,6637.0,174.0,0.0,0.0,6635.5,0.0
0,455000,JAMS,6634.0,188.0,0.0,0.0,0.0,0.0,6636,188,0.0,0.0,0.0,0.0,6635.0,0.0
0,455100,JAMS,6634.0,190.0,0.0,0.0,0.0,0.0,6636,190,0.0,0.0,0.0,0.0,6635.0,0.0
0,455200,JAMS,6633.0,173.0,0.0,0.0,0.0,0.0,6635,173,0.0,0.0,0.0,0.0,6634.0,0.0
0,455300,JAMS,6634.0,58.0,6633.0,168.0,0.0,0.0,6635,58,6636.0,168.0,0.0,0.0,6634.5,0.0
0,455400,JAMS,6634.0,294.0,0.0,0.0,0.0,0.0,6636,294,0.0,0.0,0.0,0.0,6635.0,0.0
0,455500,JAMS,6635.0,266.0,0.0,0.0,0.0,0.0,6637,266,0.0,0.0,0.0,0.0,6636.0,0.0
0,455600,JAMS,6635.0,238.0,0.0,0.0,0.0,0.0,6637,238,0.0,0.0,0.0,0.0,6636.0,0.0
0,455700,JAMS,6636.0,78.0,6635.0,136.0,0.0,0.0,6637,78,6638.0,136.0,0.0,0.0,6636.5,0.0
0,455800,JAMS,6636.0,76.0,6635.0,159.0,0.0,0.0,6637,76,6638.0,159.0,0.0,0.0,6636.5,0.0
0,455900,JAMS,6635.0,234.0,0.0,0.0,0.0,0.0,6637,234,0.0,0.0,0.0,0.0,6636.0,0.0
0,456000,JAMS,6636.0,60.0,6635.0,182.0,0.0,0.0,6637,60,6638.0,182.0,0.0,0.0,6636.5,0.0
0,456100,JAMS,6635.0,218.0,0.0,0.0,0.0,0.0,6637,218,0.0,0.0,0.0,0.0,6636.0,0.0
0,456200,JAMS,6636.0,87.0,6635.0,133.0,0.0,0.0,6637,87,6638.0,133.0,0.0,0.0,6636.5,0.0
0,456300,JAMS,6637.0,51.0,6636.0,137.0,0.0,0.0,6638,51,6639.0,137.0,0.0,0.0,6637.5,0.0
0,456400,JAMS,6636.0,172.0,0.0,0.0,0.0,0.0,6638,172,0.0,0.0,0.0,0.0,6637.0,0.0
0,456500,JAMS,6636.0,179.0,0.0,0.0,0.0,0.0,6638,179,0.0,0.0,0.0,0.0,6637.0,0.0
0,456600,JAMS,6636.0,12.0,6635.0,173.0,0.0,0.0,6637,173,0.0,0.0,0.0,0.0,6636.5,0.0
0,456700,JAMS,6635.0,214.0,0.0,0.0,0.0,0.0,6637,214,0.0,0.0,0.0,0.0,6636.0,0.0
0,456800,JAMS,6636.0,101.0,6635.0,144.0,0.0,0.0,6637,97,6638.0,144.0,0.0,0.0,6636.5,0.0
0,456900,JAMS,6636.0,246.0,0.0,0.0,0.0,0.0,6638,246,0.0,0.0,0.0,0.0,6637.0,0.0
0,457000,JAMS,6636.0,213.0,0.0,0.0,0.0,0.0,6637,79,6638.0,134.0,0.0,0.0,6636.5,0.0
0,457100,JAMS,6636.0,81.0,6635.0,109.0,0.0,0.0,6637,81,6638.0,109.0,0.0,0.0,6636.5,0.0
0,457200,JAMS,6635.0,70.0,6634.0,115.0,0.0,0.0,6636,70,6637.0,115.0,0.0,0.0,6635.5,0.0
0,457300,JAMS,6635.0,95.0,6634.0,194.0,0.0,0.0,6636,95,6637.0,194.0,0.0,0.0,6635.5,0.0
0,457400,JAMS,6635.0,205.0,0.0,0.0,0.0,0.0,6637,205,0.0,0.0,0.0,0.0,6636.0,0.0
0,457500,JAMS,6635.0,247.0,0.0,0.0,0.0,0.0,6637,247,0.0,0.0,0.0,0.0,6636.0,0.0
0,457600,JAMS,6635.0,172.0,0.0,0.0,0.0,0.0,6637,172,0.0,0.0,0.0,0.0,6636.0,0.0
0,457700,JAMS,6636.0,197.0,0.0,0.0,0.0,0.0,6638,197,0.0,0.0,0.0,0.0,6637.0,0.0
0,457800,JAMS,6636.0,173.0,0.0,0.0,0.0,0.0,6638,173,0.0,0.0,0.0,0.0,6637.0,0.0
0,457900,JAMS,6637.0,231.0,0.0,0.0,0.0,0.0,6639,231,0.0,0.0,0.0,0.0,6638.0,0.0
0,458000,JAMS,6638.0,217.0,0.0,0.0,0.0,0.0,6640,217,0.0,0.0,0.0,0.0,6639.0,0.0
0,458100,JAMS,6639.0,236.0,0.0,0.0,0.0,0.0,6641,240,0.0,0.0,0.0,0.0,6640.0,0.0
0,458200,JAMS,6639.0,243.0,0.0,0.0,0.0,0.0,6641,243,0.0,0.0,0.0,0.0,6640.0,0.0
0,458300,JAMS,6639.0,227.0,0.0,0.0,0.0,0.0,6641,227,0.0,0.0,0.0,0.0,6640.0,0.0
0,458400,JAMS,6639.0,264.0,0.0,0.0,0.0,0.0,6641,253,0.0,0.0,0.0,0.0,6640.0,0.0
0,458500,JAMS,6638.0,283.0,0.0,0.0,0.0,0.0,6640,283,0.0,0.0,0.0,0.0,6639.0,0.0
0,458600,JAMS,6638.0,86.0,6637.0,106.0,0.0,0.0,6639,86,6640.0,106.0,0.0,0.0,6638.5,0.0
0,458700,JAMS,6638.0,100.0,6637.0,167.0,0.0,0.0,6639,100,6640.0,167.0,0.0,0.0,6638.5,0.0
0,458800,JAMS,6638.0,3.0,6637.0,204.0,0.0,0.0,6639,204,0.0,0.0,0.0,0.0,6638.5,0.0
0,458900,JAMS,6638.0,51.0,6637.0,110.0,0.0,0.0,6639,51,6640.0,110.0,0.0,0.0,6638.5,0.0
0,459000,JAMS,6638.0,52.0,6637.0,153.0,0.0,0.0,6639,52,6640.0,153.0,0.0,0.0,6638.5,0.0
0,459100,JAMS,6638.0,74.0,6637.0,112.0,0.0,0.0,6639,74,6640.0,112.0,0.0,0.0,6638.5,0.0
0,459200,JAMS,6638.0,163.0,0.0,0.0,0.0,0.0,6640,174,0.0,0.0,0.0,0.0,6639.0,0.0
0,459300,JAMS,6638.0,179.0,0.0,0.0,0.0,0.0,6640,179,0.0,0.0,0.0,0.0,6639.0,0.0
0,459400,JAMS,6638.0,276.0,0.0,0.0,0.0,0.0,6640,265,0.0,0.0,0.0,0.0,6639.0,0.0
0,459500,JAMS,6638.0,80.0,6637.0,112.0,0.0,0.0,6639,80,6640.0,112.0,0.0,0.0,6638.5,0.0
0,459600,JAMS,6637.0,238.0,0.0,0.0,0.0,0.0,6639,238,0.0,0.0,0.0,0.0,6638.0,0.0
0,459700,JAMS,6636.0,174.0,0.0,0.0,0.0,0.0,6638,174,0.0,0.0,0.0,0.0,6637.0,0.0
0,459800,JAMS,6637.0,226.0,0.0,0.0,0.0,0.0,6639,226,0.0,0.0,0.0,0.0,6638.0,0.0
0,459900,JAMS,6637.0,240.0,0.0,0.0,0.0,0.0,6639,240,0.0,0.0,0.0,0.0,6638.0,0.0
0,460000,JAMS,6640.0,72.0,6639.0,194.0,0.0,0.0,6641,64,6642.0,194.0,0.0,0.0,6640.5,0.0
0,460100,JAMS,6640.0,86.0,6639.0,111.0,0.0,0.0,6641,76,6642.0,111.0,0.0,0.0,6640.5,0.0
0,460200,JAMS,6640.0,97.0,6639.0,119.0,0.0,0.0,6641,97,6642.0,119.0,0.0,0.0,6640.5,0.0
0,460300,JAMS,6640.0,250.0,0.0,0.0,0.0,0.0,6642,250,0.0,0.0,0.0,0.0,6641.0,0.0
0,460400,JAMS,6641.0,66.0,6640.0,105.0,0.0,0.0,6642,66,6643.0,105.0,0.0,0.0,6641.5,0.0
0,460500,JAMS,6641.0,55.0,6640.0,116.0,0.0,0.0,6642,55,6643.0,116.0,0.0,0.0,6641.5,0.0
0,460600,JAMS,6641.0,67.0,6640.0,150.0,0.0,0.0,6642,67,6643.0,150.0,0.0,0.0,6641.5,0.0
0,460700,JAMS,6640.0,188.0,0.0,0.0,0.0,0.0,6642,188,0.0,0.0,0.0,0.0,6641.0,0.0
0,460800,JAMS,6640.0,198.0,0.0,0.0,0.0,0.0,6642,198,0.0,0.0,0.0,0.0,6641.0,0.0
0,460900,JAMS,6641.0,89.0,6640.0,192.0,0.0,0.0,6642,89,6643.0,192.0,0.0,0.0,6641.5,0.0
0,461000,JAMS,6640.0,234.0,0.0,0.0,0.0,0.0,6642,234,0.0,0.0,0.0,0.0,6641.0,0.0
0,461100,JAMS,6640.0,244.0,0.0,0.0,0.0,0.0,6642,244,0.0,0.0,0.0,0.0,6641.0,0.0
0,461200,JAMS,6640.0,251.0,0.0,0.0,0.0,0.0,6642,251,0.0,0.0,0.0,0.0,6641.0,0.0
0,461300,JAMS,6640.0,188.0,0.0,0.0,0.0,0.0,6641,6,6642.0,188.0,0.0,0.0,6640.5,0.0
0,461400,JAMS,6640.0,67.0,6639.0,116.0,0.0,0.0,6641,67,6642.0,116.0,0.0,0.0,6640.5,0.0
0,461500,JAMS,6639.0,254.0,0.0,0.0,0.0,0.0,6641,254,0.0,0.0,0.0,0.0,6640.0,0.0
0,461600,JAMS,6639.0,187.0,0.0,0.0,0.0,0.0,6641,187,0.0,0.0,0.0,0.0,6640.0,0.0
0,461700,JAMS,6640.0,84.0,6639.0,109.0,0.0,0.0,6641,84,6642.0,109.0,0.0,0.0,6640.5,0.0
0,461800,JAMS,6640.0,243.0,0.0,0.0,0.0,0.0,6642,243,0.0,0.0,0.0,0.0,6641.0,0.0
0,461900,JAMS,6640.0,240.0,0.0,0.0,0.0,0.0,6642,240,0.0,0.0,0.0,0.0,6641.0,0.0
0,462000,JAMS,6640.0,243.0,0.0,0.0,0.0,0.0,6642,239,0.0,0.0,0.0,0.0,6641.0,0.0
0,462100,JAMS,6639.0,239.0,0.0,0.0,0.0,0.0,6641,251,0.0,0.0,0.0,0.0,6640.0,0.0
0,462200,JAMS,6639.0,223.0,0.0,0.0,0.0,0.0,6641,223,0.0,0.0,0.0,0.0,6640.0,0.0
0,462300,JAMS,6639.0,240.0,0.0,0.0,0.0,0.0,6641,240,0.0,0.0,0.0,0.0,6640.0,0.0
0,462400,JAMS,6639.0,194.0,0.0,0.0,0.0,0.0,6641,194,0.0,0.0,0.0,0.0,6640.0,0.0
0,462500,JAMS,6639.0,251.0,0.0,0.0,0.0,0.0,6641,251,0.0,0.0,0.0,0.0,6640.0,0.0
0,462600,JAMS,6639.0,208.0,0.0,0.0,0.0,0.0,6641,208,0.0,0.0,0.0,0.0,6640.0,0.0
0,462700,JAMS,6639.0,194.0,0.0,0.0,0.0,0.0,6641,194,0.0,0.0,0.0,0.0,6640.0,0.0
0,462800,JAMS,6639.0,262.0,0.0,0.0,0.0,0.0,6641,262,0.0,0.0,0.0,0.0,6640.0,0.0
0,462900,JAMS,6639.0,216.0,0.0,0.0,0.0,0.0,6641,216,0.0,0.0,0.0,0.0,6640.0,0.0
0,463000,JAMS,6639.0,191.0,0.0,0.0,0.0,0.0,6641,191,0.0,0.0,0.0,0.0,6640.0,0.0
0,463100,JAMS,6639.0,206.0,0.0,0.0,0.0,0.0,6641,206,0.0,0.0,0.0,0.0,6640.0,0.0
0,463200,JAMS,6639.0,57.0,6638.0,148.0,0.0,0.0,6640,57,6641.0,148.0,0.0,0.0,6639.5,0.0
0,463300,JAMS,6639.0,60.0,6638.0,187.0,0.0,0.0,6640,71,6641.0,187.0,0.0,0.0,6639.5,0.0
0,463400,JAMS,6637.0,93.0,6636.0,160.0,0.0,0.0,6638,99,6639.0,160.0,0.0,0.0,6637.5,0.0
0,463500,JAMS,6637.0,70.0,6636.0,135.0,0.0,0.0,6638,70,6639.0,135.0,0.0,0.0,6637.5,0.0
0,463600,JAMS,6636.0,229.0,0.0,0.0,0.0,0.0,6638,229,0.0,0.0,0.0,0.0,6637.0,0.0
0,463700,JAMS,6636.0,190.0,0.0,0.0,0.0,0.0,6638,178,0.0,0.0,0.0,0.0,6637.0,0.0
0,463800,JAMS,6636.0,275.0,0.0,0.0,0.0,0.0,6638,275,0.0,0.0,0.0,0.0,6637.0,0.0
0,463900,JAMS,6636.0,198.0,0.0,0.0,0.0,0.0,6638,198,0.0,0.0,0.0,0.0,6637.0,0.0
0,464000,JAMS,6636.0,164.0,0.0,0.0,0.0,0.0,6638,164,0.0,0.0,0.0,0.0,6637.0,0.0
0,464100,JAMS,6637.0,79.0,6636.0,146.0,0.0,0.0,6638,79,6639.0,146.0,0.0,0.0,6637.5,0.0
0,464200,JAMS,6636.0,211.0,0.0,0.0,0.0,0.0,6638,211,0.0,0.0,0.0,0.0,6637.0,0.0
0,464300,JAMS,6636.0,263.0,0.0,0.0,0.0,0.0,6638,263,0.0,0.0,0.0,0.0,6637.0,0.0
0,464400,JAMS,6636.0,213.0,0.0,0.0,0.0,0.0,6637,9,6638.0,213.0,0.0,0.0,6636.5,0.0
0,464500,JAMS,6636.0,98.0,6635.0,120.0,0.0,0.0,6637,98,6638.0,120.0,0.0,0.0,6636.5,0.0
0,464600,JAMS,6635.0,190.0,0.0,0.0,0.0,0.0,6637,190,0.0,0.0,0.0,0.0,6636.0,0.0
0,464700,JAMS,6635.0,236.0,0.0,0.0,0.0,0.0,6637,236,0.0,0.0,0.0,0.0,6636.0,0.0
0,464800,JAMS,6635.0,276.0,0.0,0.0,0.0,0.0,6637,276,0.0,0.0,0.0,0.0,6636.0,0.0
0,464900,JAMS,6635.0,88.0,6634.0,168.0,0.0,0.0,6636,88,6637.0,168.0,0.0,0.0,6635.5,0.0
0,465000,JAMS,6634.0,253.0,0.0,0.0,0.0,0.0,6636,253,0.0,0.0,0.0,0.0,6635.0,0.0
0,465100,JAMS,6634.0,214.0,0.0,0.0,0.0,0.0,6636,214,0.0,0.0,0.0,0.0,6635.0,0.0
0,465200,JAMS,6634.0,226.0,0.0,0.0,0.0,0.0,6636,226,0.0,0.0,0.0,0.0,6635.0,0.0
0,465300,JAMS,6634.0,78.0,6633.0,166.0,0.0,0.0,6635,78,6636.0,166.0,0.0,0.0,6634.5,0.0
0,465400,JAMS,6633.0,58.0,6632.0,185.0,0.0,0.0,6634,58,6635.0,185.0,0.0,0.0,6633.5,0.0
0,465500,JAMS,6631.0,188.0,0.0,0.0,0.0,0.0,6633,188,0.0,0.0,0.0,0.0,6632.0,0.0
0,465600,JAMS,6631.0,229.0,0.0,0.0,0.0,0.0,6633,229,0.0,0.0,0.0,0.0,6632.0,0.0
0,465700,JAMS,6630.0,203.0,0.0,0.0,0.0,0.0,6632,203,0.0,0.0,0.0,0.0,6631.0,0.0
0,465800,JAMS,6630.0,230.0,0.0,0.0,0.0,0.0,6632,230,0.0,0.0,0.0,0.0,6631.0,0.0
0,465900,JAMS,6631.0,238.0,0.0,0.0,0.0,0.0,6633,238,0.0,0.0,0.0,0.0,6632.0,0.0
0,466000,JAMS,6631.0,91.0,6630.0,113.0,0.0,0.0,6632,91,6633.0,113.0,0.0,0.0,6631.5,0.0
0,466100,JAMS,6632.0,97.0,6631.0,115.0,0.0,0.0,6633,97,6634.0,115.0,0.0,0.0,6632.5,0.0
0,466200,JAMS,6631.0,248.0,0.0,0.0,0.0,0.0,6633,248,0.0,0.0,0.0,0.0,6632.0,0.0
0,466300,JAMS,6631.0,254.0,0.0,0.0,0.0,0.0,6632,10,6633.0,254.0,0.0,0.0,6631.5,0.0
0,466400,JAMS,6632.0,251.0,0.0,0.0,0.0,0.0,6634,251,0.0,0.0,0.0,0.0,6633.0,0.0
0,466500,JAMS,6632.0,234.0,0.0,0.0,0.0,0.0,6634,234,0.0,0.0,0.0,0.0,6633.0,0.0
0,466600,JAMS,6632.0,209.0,0.0,0.0,0.0,0.0,6634,209,0.0,0.0,0.0,0.0,6633.0,0.0
0,466700,JAMS,6632.0,185.0,0.0,0.0,0.0,0.0,6634,185,0.0,0.0,0.0,0.0,6633.0,0.0
0,466800,JAMS,6632.0,253.0,0.0,0.0,0.0,0.0,6634,253,0.0,0.0,0.0,0.0,6633.0,0.0
0,466900,JAMS,6632.0,249.0,0.0,0.0,0.0,0.0,6634,249,0.0,0.0,0.0,0.0,6633.0,0.0
0,467000,JAMS,6631.0,288.0,0.0,0.0,0.0,0.0,6633,288,0.0,0.0,0.0,0.0,6632.0,0.0
0,467100,JAMS,6631.0,258.0,0.0,0.0,0.0,0.0,6633,258,0.0,0.0,0.0,0.0,6632.0,0.0
0,467200,JAMS,6631.0,183.0,0.0,0.0,0.0,0.0,6633,183,0.0,0.0,0.0,0.0,6632.0,0.0
0,467300,JAMS,6631.0,84.0,6630.0,184.0,0.0,0.0,6632,84,6633.0,184.0,0.0,0.0,6631.5,0.0
0,467400,JAMS,6631.0,223.0,0.0,0.0,0.0,0.0,6633,223,0.0,0.0,0.0,0.0,6632.0,0.0
0,467500,JAMS,6631.0,284.0,0.0,0.0,0.0,0.0,6633,284,0.0,0.0,0.0,0.0,6632.0,0.0
0,467600,JAMS,6633.0,65.0,6632.0,185.0,0.0,0.0,6634,65,6635.0,185.0,0.0,0.0,6633.5,0.0
0,467700,JAMS,6632.0,255.0,0.0,0.0,0.0,0.0,6634,255,0.0,0.0,0.0,0.0,6633.0,0.0
0,467800,JAMS,6632.0,257.0,0.0,0.0,0.0,0.0,6634,257,0.0,0.0,0.0,0.0,6633.0,0.0
0,467900,JAMS,6632.0,239.0,0.0,0.0,0.0,0.0,6634,233,0.0,0.0,0.0,0.0,6633.0,0.0
0,468000,JAMS,6632.0,172.0,0.0,0.0,0.0,0.0,6634,172,0.0,0.0,0.0,0.0,6633.0,0.0
0,468100,JAMS,6632.0,243.0,0.0,0.0,0.0,0.0,6634,243,0.0,0.0,0.0,0.0,6633.0,0.0
0,468200,JAMS,6632.0,242.0,0.0,0.0,0.0,0.0,6634,242,0.0,0.0,0.0,0.0,6633.0,0.0
0,468300,JAMS,6632.0,88.0,6631.0,187.0,0.0,0.0,6633,88,6634.0,187.0,0.0,0.0,6632.5,0.0
0,468400,JAMS,6631.0,245.0,0.0,0.0,0.0,0.0,6633,245,0.0,0.0,0.0,0.0,6632.0,0.0
0,468500,JAMS,6631.0,226.0,0.0,0.0,0.0,0.0,6633,226,0.0,0.0,0.0,0.0,6632.0,0.0
0,468600,JAMS,6631.0,82.0,6630.0,161.0,0.0,0.0,6632,82,6633.0,161.0,0.0,0.0,6631.5,0.0
0,468700,JAMS,6627.0,212.0,0.0,0.0,0.0,0.0,6629,212,0.0,0.0,0.0,0.0,6628.0,0.0
0,468800,JAMS,6627.0,231.0,0.0,0.0,0.0,0.0,6629,231,0.0,0.0,0.0,0.0,6628.0,0.0
0,468900,JAMS,6628.0,176.0,0.0,0.0,0.0,0.0,6630,176,0.0,0.0,0.0,0.0,6629.0,0.0
0,469000,JAMS,6630.0,74.0,6629.0,108.0,0.0,0.0,6631,74,6632.0,108.0,0.0,0.0,6630.5,0.0
0,469100,JAMS,6630.0,98.0,6629.0,157.0,0.0,0.0,6631,98,6632.0,157.0,0.0,0.0,6630.5,0.0
0,469200,JAMS,6630.0,62.0,6629.0,112.0,0.0,0.0,6631,62,6632.0,112.0,0.0,0.0,6630.5,0.0
0,469300,JAMS,6629.0,236.0,0.0,0.0,0.0,0.0,6631,236,0.0,0.0,0.0,0.0,6630.0,0.0
0,469400,JAMS,6629.0,92.0,6628.0,141.0,0.0,0.0,6630,92,6631.0,141.0,0.0,0.0,6629.5,0.0
0,469500,JAMS,6628.0,59.0,6627.0,142.0,0.0,0.0,6629,59,6630.0,142.0,0.0,0.0,6628.5,0.0
0,469600,JAMS,6627.0,242.0,0.0,0.0,0.0,0.0,6629,242,0.0,0.0,0.0,0.0,6628.0,0.0
0,469700,JAMS,6628.0,52.0,6627.0,187.0,0.0,0.0,6629,239,0.0,0.0,0.0,0.0,6628.5,0.0
0,469800,JAMS,6628.0,244.0,0.0,0.0,0.0,0.0,6630,244,0.0,0.0,0.0,0.0,6629.0,0.0
0,469900,JAMS,6627.0,240.0,0.0,0.0,0.0,0.0,6629,240,0.0,0.0,0.0,0.0,6628.0,0.0
0,470000,JAMS,6626.0,238.0,0.0,0.0,0.0,0.0,6628,238,0.0,0.0,0.0,0.0,6627.0,0.0
0,470100,JAMS,6627.0,225.0,0.0,0.0,0.0,0.0,6629,225,0.0,0.0,0.0,0.0,6628.0,0.0
0,470200,JAMS,6627.0,98.0,6626.0,104.0,0.0,0.0,6628,98,6629.0,104.0,0.0,0.0,6627.5,0.0
0,470300,JAMS,6627.0,61.0,6626.0,112.0,0.0,0.0,6628,61,6629.0,112.0,0.0,0.0,6627.5,0.0
0,470400,JAMS,6627.0,152.0,0.0,0.0,0.0,0.0,6628,5,6629.0,152.0,0.0,0.0,6627.5,0.0
0,470500,JAMS,6628.0,263.0,0.0,0.0,0.0,0.0,6630,263,0.0,0.0,0.0,0.0,6629.0,0.0
0,470600,JAMS,6628.0,6.0,6627.0,245.0,0.0,0.0,6629,245,0.0,0.0,0.0,0.0,6628.5,0.0
0,470700,JAMS,6628.0,83.0,6627.0,149.0,0.0,0.0,6629,79,6630.0,149.0,0.0,0.0,6628.5,0.0
0,470800,JAMS,6628.0,246.0,0.0,0.0,0.0,0.0,6630,246,0.0,0.0,0.0,0.0,6629.0,0.0
0,470900,JAMS,6627.0,254.0,0.0,0.0,0.0,0.0,6629,254,0.0,0.0,0.0,0.0,6628.0,0.0
0,471000,JAMS,6627.0,55.0,6626.0,172.0,0.0,0.0,6628,55,6629.0,172.0,0.0,0.0,6627.5,0.0
0,471100,JAMS,6627.0,83.0,6626.0,199.0,0.0,0.0,6628,83,6629.0,199.0,0.0,0.0,6627.5,0.0
0,471200,JAMS,6627.0,218.0,0.0,0.0,0.0,0.0,6629,218,0.0,0.0,0.0,0.0,6628.0,0.0
0,471300,JAMS,6627.0,183.0,0.0,0.0,0.0,0.0,6629,183,0.0,0.0,0.0,0.0,6628.0,0.0
0,471400,JAMS,6627.0,199.0,0.0,0.0,0.0,0.0,6629,199,0.0,0.0,0.0,0.0,6628.0,0.0
0,471500,JAMS,6627.0,227.0,0.0,0.0,0.0,0.0,6629,227,0.0,0.0,0.0,0.0,6628.0,0.0
0,471600,JAMS,6628.0,73.0,6627.0,171.0,0.0,0.0,6629,73,6630.0,171.0,0.0,0.0,6628.5,0.0
0,471700,JAMS,6628.0,94.0,6627.0,115.0,0.0,0.0,6629,94,6630.0,115.0,0.0,0.0,6628.5,0.0
0,471800,JAMS,6628.0,61.0,6627.0,157.0,0.0,0.0,6629,61,6630.0,157.0,0.0,0.0,6628.5,0.0
0,471900,JAMS,6628.0,221.0,0.0,0.0,0.0,0.0,6630,221,0.0,0.0,0.0,0.0,6629.0,0.0
0,472000,JAMS,6628.0,208.0,0.0,0.0,0.0,0.0,6630,208,0.0,0.0,0.0,0.0,6629.0,0.0
0,472100,JAMS,6628.0,281.0,0.0,0.0,0.0,0.0,6630,281,0.0,0.0,0.0,0.0,6629.0,0.0
0,472200,JAMS,6629.0,78.0,6628.0,194.0,0.0,0.0,6630,78,6631.0,194.0,0.0,0.0,6629.5,0.0
0,472300,JAMS,6629.0,256.0,0.0,0.0,0.0,0.0,6631,256,0.0,0.0,0.0,0.0,6630.0,0.0
0,472400,JAMS,6629.0,83.0,6628.0,198.0,0.0,0.0,6630,83,6631.0,198.0,0.0,0.0,6629.5,0.0
0,472500,JAMS,6629.0,81.0,6628.0,181.0,0.0,0.0,6630,81,6631.0,181.0,0.0,0.0,6629.5,0.0
0,472600,JAMS,6629.0,69.0,6628.0,193.0,0.0,0.0,6630,69,6631.0,193.0,0.0,0.0,6629.5,0.0
0,472700,JAMS,6629.0,58.0,6628.0,121.0,0.0,0.0,6630,58,6631.0,121.0,0.0,0.0,6629.5,0.0
0,472800,JAMS,6631.0,197.0,0.0,0.0,0.0,0.0,6633,197,0.0,0.0,0.0,0.0,6632.0,0.0
0,472900,JAMS,6632.0,89.0,6631.0,139.0,0.0,0.0,6633,89,6634.0,139.0,0.0,0.0,6632.5,0.0
0,473000,JAMS,6632.0,72.0,6631.0,160.0,0.0,0.0,6633,66,6634.0,160.0,0.0,0.0,6632.5,0.0
0,473100,JAMS,6632.0,232.0,0.0,0.0,0.0,0.0,6634,232,0.0,0.0,0.0,0.0,6633.0,0.0
0,473200,JAMS,6632.0,199.0,0.0,0.0,0.0,0.0,6634,199,0.0,0.0,0.0,0.0,6633.0,0.0
0,473300,JAMS,6632.0,263.0,0.0,0.0,0.0,0.0,6634,263,0.0,0.0,0.0,0.0,6633.0,0.0
0,473400,JAMS,6631.0,275.0,0.0,0.0,0.0,0.0,6633,275,0.0,0.0,0.0,0.0,6632.0,0.0
0,473500,JAMS,6632.0,247.0,0.0,0.0,0.0,0.0,6634,247,0.0,0.0,0.0,0.0,6633.0,0.0
0,473600,JAMS,6632.0,205.0,0.0,0.0,0.0,0.0,6634,205,0.0,0.0,0.0,0.0,6633.0,0.0
0,473700,JAMS,6632.0,223.0,0.0,0.0,0.0,0.0,6634,223,0.0,0.0,0.0,0.0,6633.0,0.0
0,473800,JAMS,6632.0,177.0,0.0,0.0,0.0,0.0,6634,177,0.0,0.0,0.0,0.0,6633.0,0.0
0,473900,JAMS,6632.0,95.0,6631.0,129.0,0.0,0.0,6633,95,6634.0,129.0,0.0,0.0,6632.5,0.0
0,474000,JAMS,6632.0,211.0,0.0,0.0,0.0,0.0,6634,211,0.0,0.0,0.0,0.0,6633.0,0.0
0,474100,JAMS,6631.0,208.0,0.0,0.0,0.0,0.0,6633,208,0.0,0.0,0.0,0.0,6632.0,0.0
0,474200,JAMS,6631.0,209.0,0.0,0.0,0.0,0.0,6633,209,0.0,0.0,0.0,0.0,6632.0,0.0
0,474300,JAMS,6631.0,265.0,0.0,0.0,0.0,0.0,6633,265,0.0,0.0,0.0,0.0,6632.0,0.0
0,474400,JAMS,6631.0,200.0,0.0,0.0,0.0,0.0,6633,200,0.0,0.0,0.0,0.0,6632.0,0.0
0,474500,JAMS,6631.0,221.0,0.0,0.0,0.0,0.0,6633,221,0.0,0.0,0.0,0.0,6632.0,0.0
0,474600,JAMS,6630.0,192.0,0.0,0.0,0.0,0.0,6632,192,0.0,0.0,0.0,0.0,6631.0,0.0
0,474700,JAMS,6629.0,7.0,6628.0,188.0,0.0,0.0,6630,188,0.0,0.0,0.0,0.0,6629.5,0.0
0,474800,JAMS,6629.0,70.0,6628.0,122.0,0.0,0.0,6630,70,6631.0,122.0,0.0,0.0,6629.5,0.0
0,474900,JAMS,6629.0,58.0,6628.0,120.0,0.0,0.0,6630,58,6631.0,120.0,0.0,0.0,6629.5,0.0
0,475000,JAMS,6628.0,257.0,0.0,0.0,0.0,0.0,6630,257,0.0,0.0,0.0,0.0,6629.0,0.0
0,475100,JAMS,6628.0,60.0,6627.0,183.0,0.0,0.0,6629,50,6630.0,183.0,0.0,0.0,6628.5,0.0
0,475200,JAMS,6627.0,231.0,0.0,0.0,0.0,0.0,6629,231,0.0,0.0,0.0,0.0,6628.0,0.0
0,475300,JAMS,6627.0,248.0,0.0,0.0,0.0,0.0,6629,248,0.0,0.0,0.0,0.0,6628.0,0.0
0,475400,JAMS,6627.0,220.0,0.0,0.0,0.0,0.0,6629,220,0.0,0.0,0.0,0.0,6628.0,0.0
0,475500,JAMS,6628.0,202.0,0.0,0.0,0.0,0.0,6630,202,0.0,0.0,0.0,0.0,6629.0,0.0
0,475600,JAMS,6629.0,80.0,6628.0,124.0,0.0,0.0,6630,80,6631.0,124.0,0.0,0.0,6629.5,0.0
0,475700,JAMS,6628.0,187.0,0.0,0.0,0.0,0.0,6630,187,0.0,0.0,0.0,0.0,6629.0,0.0
0,475800,JAMS,6628.0,268.0,0.0,0.0,0.0,0.0,6630,268,0.0,0.0,0.0,0.0,6629.0,0.0
0,475900,JAMS,6628.0,230.0,0.0,0.0,0.0,0.0,6630,230,0.0,0.0,0.0,0.0,6629.0,0.0
0,476000,JAMS,6628.0,98.0,6627.0,185.0,0.0,0.0,6629,98,6630.0,185.0,0.0,0.0,6628.5,0.0
0,476100,JAMS,6627.0,296.0,0.0,0.0,0.0,0.0,6629,296,0.0,0.0,0.0,0.0,6628.0,0.0
0,476200,JAMS,6627.0,81.0,6626.0,124.0,0.0,0.0,6628,81,6629.0,124.0,0.0,0.0,6627.5,0.0
0,476300,JAMS,6627.0,82.0,6626.0,166.0,0.0,0.0,6628,82,6629.0,166.0,0.0,0.0,6627.5,0.0
0,476400,JAMS,6627.0,69.0,6626.0,133.0,0.0,0.0,6628,77,6629.0,133.0,0.0,0.0,6627.5,0.0
0,476500,JAMS,6627.0,7.0,6626.0,232.0,0.0,0.0,6628,232,0.0,0.0,0.0,0.0,6627.5,0.0
0,476600,JAMS,6626.0,183.0,0.0,0.0,0.0,0.0,6628,183,0.0,0.0,0.0,0.0,6627.0,0.0
0,476700,JAMS,6626.0,215.0,0.0,0.0,0.0,0.0,6628,215,0.0,0.0,0.0,0.0,6627.0,0.0
0,476800,JAMS,6626.0,190.0,0.0,0.0,0.0,0.0,6628,190,0.0,0.0,0.0,0.0,6627.0,0.0
0,476900,JAMS,6625.0,284.0,0.0,0.0,0.0,0.0,6627,284,0.0,0.0,0.0,0.0,6626.0,0.0
0,477000,JAMS,6624.0,247.0,0.0,0.0,0.0,0.0,6626,247,0.0,0.0,0.0,0.0,6625.0,0.0
0,477100,JAMS,6625.0,238.0,0.0,0.0,0.0,0.0,6627,238,0.0,0.0,0.0,0.0,6626.0,0.0
0,477200,JAMS,6626.0,75.0,6625.0,124.0,0.0,0.0,6627,66,6628.0,124.0,0.0,0.0,6626.5,0.0
0,477300,JAMS,6626.0,78.0,6625.0,119.0,0.0,0.0,6627,78,6628.0,119.0,0.0,0.0,6626.5,0.0
0,477400,JAMS,6625.0,213.0,0.0,0.0,0.0,0.0,6627,213,0.0,0.0,0.0,0.0,6626.0,0.0
0,477500,JAMS,6627.0,62.0,6626.0,197.0,0.0,0.0,6628,56,6629.0,197.0,0.0,0.0,6627.5,0.0
0,477600,JAMS,6627.0,283.0,0.0,0.0,0.0,0.0,6629,283,0.0,0.0,0.0,0.0,6628.0,0.0
0,477700,JAMS,6627.0,66.0,6626.0,153.0,0.0,0.0,6628,219,0.0,0.0,0.0,0.0,6627.5,0.0
0,477800,JAMS,6626.0,197.0,0.0,0.0,0.0,0.0,6628,197,0.0,0.0,0.0,0.0,6627.0,0.0
0,477900,JAMS,6627.0,244.0,0.0,0.0,0.0,0.0,6629,244,0.0,0.0,0.0,0.0,6628.0,0.0
0,478000,JAMS,6627.0,190.0,0.0,0.0,0.0,0.0,6629,190,0.0,0.0,0.0,0.0,6628.0,0.0
0,478100,JAMS,6629.0,263.0,0.0,0.0,0.0,0.0,6631,263,0.0,0.0,0.0,0.0,6630.0,0.0
0,478200,JAMS,6630.0,183.0,0.0,0.0,0.0,0.0,6632,183,0.0,0.0,0.0,0.0,6631.0,0.0
0,478300,JAMS,6630.0,247.0,0.0,0.0,0.0,0.0,6632,247,0.0,0.0,0.0,0.0,6631.0,0.0
0,478400,JAMS,6629.0,167.0,0.0,0.0,0.0,0.0,6631,167,0.0,0.0,0.0,0.0,6630.0,0.0
0,478500,JAMS,6629.0,95.0,6628.0,110.0,0.0,0.0,6630,95,6631.0,110.0,0.0,0.0,6629.5,0.0
0,478600,JAMS,6628.0,246.0,0.0,0.0,0.0,0.0,6630,246,0.0,0.0,0.0,0.0,6629.0,0.0
0,478700,JAMS,6627.0,179.0,0.0,0.0,0.0,0.0,6629,179,0.0,0.0,0.0,0.0,6628.0,0.0
0,478800,JAMS,6627.0,250.0,0.0,0.0,0.0,0.0,6629,250,0.0,0.0,0.0,0.0,6628.0,0.0
0,478900,JAMS,6627.0,202.0,0.0,0.0,0.0,0.0,6629,202,0.0,0.0,0.0,0.0,6628.0,0.0
0,479000,JAMS,6627.0,195.0,0.0,0.0,0.0,0.0,6628,65,6629.0,140.0,0.0,0.0,6627.5,0.0
0,479100,JAMS,6627.0,77.0,6626.0,154.0,0.0,0.0,6628,77,6629.0,154.0,0.0,0.0,6627.5,0.0
0,479200,JAMS,6627.0,245.0,0.0,0.0,0.0,0.0,6629,245,0.0,0.0,0.0,0.0,6628.0,0.0
0,479300,JAMS,6627.0,215.0,0.0,0.0,0.0,0.0,6629,215,0.0,0.0,0.0,0.0,6628.0,0.0
0,479400,JAMS,6627.0,82.0,6626.0,189.0,0.0,0.0,6628,82,6629.0,189.0,0.0,0.0,6627.5,0.0
0,479500,JAMS,6627.0,163.0,0.0,0.0,0.0,0.0,6629,163,0.0,0.0,0.0,0.0,6628.0,0.0
0,479600,JAMS,6627.0,173.0,0.0,0.0,0.0,0.0,6629,173,0.0,0.0,0.0,0.0,6628.0,0.0
0,479700,JAMS,6627.0,274.0,0.0,0.0,0.0,0.0,6629,274,0.0,0.0,0.0,0.0,6628.0,0.0
0,479800,JAMS,6627.0,184.0,0.0,0.0,0.0,0.0,6629,184,0.0,0.0,0.0,0.0,6628.0,0.0
0,479900,JAMS,6627.0,233.0,0.0,0.0,0.0,0.0,6629,233,0.0,0.0,0.0,0.0,6628.0,0.0
0,480000,JAMS,6627.0,87.0,6626.0,120.0,0.0,0.0,6628,87,6629.0,120.0,0.0,0.0,6627.5,0.0
0,480100,JAMS,6626.0,230.0,0.0,0.0,0.0,0.0,6628,230,0.0,0.0,0.0,0.0,6627.0,0.0
0,480200,JAMS,6626.0,251.0,0.0,0.0,0.0,0.0,6628,251,0.0,0.0,0.0,0.0,6627.0,0.0
0,480300,JAMS,6626.0,258.0,0.0,0.0,0.0,0.0,6628,258,0.0,0.0,0.0,0.0,6627.0,0.0
0,480400,JAMS,6626.0,222.0,0.0,0.0,0.0,0.0,6628,222,0.0,0.0,0.0,0.0,6627.0,0.0
0,480500,JAMS,6626.0,245.0,0.0,0.0,0.0,0.0,6628,245,0.0,0.0,0.0,0.0,6627.0,0.0
0,480600,JAMS,6626.0,204.0,0.0,0.0,0.0,0.0,6628,204,0.0,0.0,0.0,0.0,6627.0,0.0
0,480700,JAMS,6626.0,262.0,0.0,0.0,0.0,0.0,6628,262,0.0,0.0,0.0,0.0,6627.0,0.0
0,480800,JAMS,6626.0,226.0,0.0,0.0,0.0,0.0,6628,226,0.0,0.0,0.0,0.0,6627.0,0.0
0,480900,JAMS,6626.0,279.0,0.0,0.0,0.0,0.0,6628,279,0.0,0.0,0.0,0.0,6627.0,0.0
0,481000,JAMS,6628.0,79.0,6627.0,161.0,0.0,0.0,6629,79,6630.0,161.0,0.0,0.0,6628.5,0.0
0,481100,JAMS,6628.0,87.0,6627.0,193.0,0.0,0.0,6629,87,6630.0,193.0,0.0,0.0,6628.5,0.0
0,481200,JAMS,6628.0,12.0,6627.0,295.0,0.0,0.0,6629,295,0.0,0.0,0.0,0.0,6628.5,0.0
0,481300,JAMS,6627.0,172.0,0.0,0.0,0.0,0.0,6629,172,0.0,0.0,0.0,0.0,6628.0,0.0
0,481400,JAMS,6628.0,78.0,6627.0,144.0,0.0,0.0,6629,78,6630.0,144.0,0.0,0.0,6628.5,0.0
0,481500,JAMS,6628.0,44.0,6627.0,167.0,0.0,0.0,6629,52,6630.0,167.0,0.0,0.0,6628.5,0.0
0,481600,JAMS,6629.0,163.0,0.0,0.0,0.0,0.0,6631,163,0.0,0.0,0.0,0.0,6630.0,0.0
0,481700,JAMS,6631.0,65.0,6630.0,166.0,0.0,0.0,6632,65,6633.0,166.0,0.0,0.0,6631.5,0.0
0,481800,JAMS,6632.0,89.0,6631.0,157.0,0.0,0.0,6633,89,6634.0,157.0,0.0,0.0,6632.5,0.0
0,481900,JAMS,6633.0,81.0,6632.0,162.0,0.0,0.0,6634,81,6635.0,162.0,0.0,0.0,6633.5,0.0
0,482000,JAMS,6634.0,87.0,6633.0,105.0,0.0,0.0,6635,87,6636.0,105.0,0.0,0.0,6634.5,0.0
0,482100,JAMS,6633.0,249.0,0.0,0.0,0.0,0.0,6635,249,0.0,0.0,0.0,0.0,6634.0,0.0
0,482200,JAMS,6633.0,224.0,0.0,0.0,0.0,0.0,6635,224,0.0,0.0,0.0,0.0,6634.0,0.0
0,482300,JAMS,6632.0,89.0,6631.0,174.0,0.0,0.0,6633,89,6634.0,174.0,0.0,0.0,6632.5,0.0
0,482400,JAMS,6630.0,247.0,0.0,0.0,0.0,0.0,6632,247,0.0,0.0,0.0,0.0,6631.0,0.0
0,482500,JAMS,6629.0,196.0,0.0,0.0,0.0,0.0,6631,196,0.0,0.0,0.0,0.0,6630.0,0.0
0,482600,JAMS,6631.0,267.0,0.0,0.0,0.0,0.0,6633,267,0.0,0.0,0.0,0.0,6632.0,0.0
0,482700,JAMS,6632.0,239.0,0.0,0.0,0.0,0.0,6634,239,0.0,0.0,0.0,0.0,6633.0,0.0
0,482800,JAMS,6633.0,83.0,6632.0,121.0,0.0,0.0,6634,83,6635.0,121.0,0.0,0.0,6633.5,0.0
0,482900,JAMS,6633.0,66.0,6632.0,190.0,0.0,0.0,6634,63,6635.0,190.0,0.0,0.0,6633.5,0.0
0,483000,JAMS,6632.0,179.0,0.0,0.0,0.0,0.0,6633,5,6634.0,179.0,0.0,0.0,6632.5,0.0
0,483100,JAMS,6632.0,237.0,0.0,0.0,0.0,0.0,6634,237,0.0,0.0,0.0,0.0,6633.0,0.0
0,483200,JAMS,6632.0,189.0,0.0,0.0,0.0,0.0,6634,189,0.0,0.0,0.0,0.0,6633.0,0.0
0,483300,JAMS,6632.0,271.0,0.0,0.0,0.0,0.0,6634,271,0.0,0.0,0.0,0.0,6633.0,0.0
0,483400,JAMS,6632.0,187.0,0.0,0.0,0.0,0.0,6634,187,0.0,0.0,0.0,0.0,6633.0,0.0
0,483500,JAMS,6632.0,270.0,0.0,0.0,0.0,0.0,6634,270,0.0,0.0,0.0,0.0,6633.0,0.0
0,483600,JAMS,6633.0,192.0,0.0,0.0,0.0,0.0,6635,192,0.0,0.0,0.0,0.0,6634.0,0.0
0,483700,JAMS,6633.0,190.0,0.0,0.0,0.0,0.0,6635,190,0.0,0.0,0.0,0.0,6634.0,0.0
0,483800,JAMS,6633.0,261.0,0.0,0.0,0.0,0.0,6635,261,0.0,0.0,0.0,0.0,6634.0,0.0
0,483900,JAMS,6633.0,212.0,0.0,0.0,0.0,0.0,6635,212,0.0,0.0,0.0,0.0,6634.0,0.0
0,484000,JAMS,6633.0,194.0,0.0,0.0,0.0,0.0,6635,194,0.0,0.0,0.0,0.0,6634.0,0.0
0,484100,JAMS,6634.0,92.0,6633.0,154.0,0.0,0.0,6635,100,6636.0,154.0,0.0,0.0,6634.5,0.0
0,484200,JAMS,6633.0,256.0,0.0,0.0,0.0,0.0,6635,256,0.0,0.0,0.0,0.0,6634.0,0.0
0,484300,JAMS,6634.0,99.0,6633.0,166.0,0.0,0.0,6635,99,6636.0,166.0,0.0,0.0,6634.5,0.0
0,484400,JAMS,6633.0,236.0,0.0,0.0,0.0,0.0,6635,236,0.0,0.0,0.0,0.0,6634.0,0.0
0,484500,JAMS,6633.0,232.0,0.0,0.0,0.0,0.0,6635,232,0.0,0.0,0.0,0.0,6634.0,0.0
0,484600,JAMS,6633.0,196.0,0.0,0.0,0.0,0.0,6635,199,0.0,0.0,0.0,0.0,6634.0,0.0
0,484700,JAMS,6633.0,231.0,0.0,0.0,0.0,0.0,6635,231,0.0,0.0,0.0,0.0,6634.0,0.0
0,484800,JAMS,6633.0,261.0,0.0,0.0,0.0,0.0,6635,261,0.0,0.0,0.0,0.0,6634.0,0.0
0,484900,JAMS,6633.0,227.0,0.0,0.0,0.0,0.0,6635,227,0.0,0.0,0.0,0.0,6634.0,0.0
0,485000,JAMS,6633.0,98.0,6632.0,152.0,0.0,0.0,6634,98,6635.0,152.0,0.0,0.0,6633.5,0.0
0,485100,JAMS,6633.0,6.0,6632.0,246.0,0.0,0.0,6634,246,0.0,0.0,0.0,0.0,6633.5,0.0
0,485200,JAMS,6632.0,52.0,6631.0,117.0,0.0,0.0,6633,52,6634.0,117.0,0.0,0.0,6632.5,0.0
0,485300,JAMS,6631.0,278.0,0.0,0.0,0.0,0.0,6633,278,0.0,0.0,0.0,0.0,6632.0,0.0
0,485400,JAMS,6632.0,196.0,0.0,0.0,0.0,0.0,6634,196,0.0,0.0,0.0,0.0,6633.0,0.0
0,485500,JAMS,6633.0,74.0,6632.0,122.0,0.0,0.0,6634,74,6635.0,122.0,0.0,0.0,6633.5,0.0
0,485600,JAMS,6633.0,92.0,6632.0,108.0,0.0,0.0,6634,92,6635.0,108.0,0.0,0.0,6633.5,0.0
0,485700,JAMS,6633.0,227.0,0.0,0.0,0.0,0.0,6635,227,0.0,0.0,0.0,0.0,6634.0,0.0
0,485800,JAMS,6633.0,216.0,0.0,0.0,0.0,0.0,6634,5,6635.0,216.0,0.0,0.0,6633.5,0.0
0,485900,JAMS,6633.0,174.0,0.0,0.0,0.0,0.0,6635,174,0.0,0.0,0.0,0.0,6634.0,0.0
0,486000,JAMS,6633.0,87.0,6632.0,155.0,0.0,0.0,6634,87,6635.0,155.0,0.0,0.0,6633.5,0.0
0,486100,JAMS,6633.0,170.0,0.0,0.0,0.0,0.0,6635,170,0.0,0.0,0.0,0.0,6634.0,0.0
0,486200,JAMS,6633.0,173.0,0.0,0.0,0.0,0.0,6635,173,0.0,0.0,0.0,0.0,6634.0,0.0
0,486300,JAMS,6633.0,247.0,0.0,0.0,0.0,0.0,6635,247,0.0,0.0,0.0,0.0,6634.0,0.0
0,486400,JAMS,6633.0,162.0,0.0,0.0,0.0,0.0,6635,162,0.0,0.0,0.0,0.0,6634.0,0.0
0,486500,JAMS,6633.0,223.0,0.0,0.0,0.0,0.0,6635,223,0.0,0.0,0.0,0.0,6634.0,0.0
0,486600,JAMS,6633.0,249.0,0.0,0.0,0.0,0.0,6635,249,0.0,0.0,0.0,0.0,6634.0,0.0
0,486700,JAMS,6633.0,201.0,0.0,0.0,0.0,0.0,6635,201,0.0,0.0,0.0,0.0,6634.0,0.0
0,486800,JAMS,6633.0,219.0,0.0,0.0,0.0,0.0,6635,219,0.0,0.0,0.0,0.0,6634.0,0.0
0,486900,JAMS,6633.0,201.0,0.0,0.0,0.0,0.0,6635,201,0.0,0.0,0.0,0.0,6634.0,0.0
0,487000,JAMS,6633.0,223.0,0.0,0.0,0.0,0.0,6635,223,0.0,0.0,0.0,0.0,6634.0,0.0
0,487100,JAMS,6633.0,255.0,0.0,0.0,0.0,0.0,6635,255,0.0,0.0,0.0,0.0,6634.0,0.0
0,487200,JAMS,6633.0,237.0,0.0,0.0,0.0,0.0,6635,237,0.0,0.0,0.0,0.0,6634.0,0.0
0,487300,JAMS,6632.0,182.0,0.0,0.0,0.0,0.0,6634,182,0.0,0.0,0.0,0.0,6633.0,0.0
0,487400,JAMS,6632.0,257.0,0.0,0.0,0.0,0.0,6634,257,0.0,0.0,0.0,0.0,6633.0,0.0
0,487500,JAMS,6632.0,198.0,0.0,0.0,0.0,0.0,6634,198,0.0,0.0,0.0,0.0,6633.0,0.0
0,487600,JAMS,6632.0,251.0,0.0,0.0,0.0,0.0,6634,251,0.0,0.0,0.0,0.0,6633.0,0.0
0,487700,JAMS,6633.0,83.0,6632.0,180.0,0.0,0.0,6634,83,6635.0,180.0,0.0,0.0,6633.5,0.0
0,487800,JAMS,6632.0,64.0,6631.0,149.0,0.0,0.0,6633,64,6634.0,149.0,0.0,0.0,6632.5,0.0
0,487900,JAMS,6630.0,233.0,0.0,0.0,0.0,0.0,6632,233,0.0,0.0,0.0,0.0,6631.0,0.0
0,488000,JAMS,6631.0,85.0,6630.0,120.0,0.0,0.0,6632,85,6633.0,120.0,0.0,0.0,6631.5,0.0
0,488100,JAMS,6631.0,232.0,0.0,0.0,0.0,0.0,6633,232,0.0,0.0,0.0,0.0,6632.0,0.0
0,488200,JAMS,6631.0,277.0,0.0,0.0,0.0,0.0,6633,277,0.0,0.0,0.0,0.0,6632.0,0.0
0,488300,JAMS,6630.0,166.0,0.0,0.0,0.0,0.0,6632,166,0.0,0.0,0.0,0.0,6631.0,0.0
0,488400,JAMS,6631.0,79.0,6630.0,164.0,0.0,0.0,6632,79,6633.0,164.0,0.0,0.0,6631.5,0.0
0,488500,JAMS,6630.0,284.0,0.0,0.0,0.0,0.0,6632,284,0.0,0.0,0.0,0.0,6631.0,0.0
0,488600,JAMS,6630.0,251.0,0.0,0.0,0.0,0.0,6632,251,0.0,0.0,0.0,0.0,6631.0,0.0
0,488700,JAMS,6630.0,189.0,0.0,0.0,0.0,0.0,6632,189,0.0,0.0,0.0,0.0,6631.0,0.0
0,488800,JAMS,6629.0,194.0,0.0,0.0,0.0,0.0,6631,194,0.0,0.0,0.0,0.0,6630.0,0.0
0,488900,JAMS,6629.0,211.0,0.0,0.0,0.0,0.0,6631,211,0.0,0.0,0.0,0.0,6630.0,0.0
0,489000,JAMS,6629.0,216.0,0.0,0.0,0.0,0.0,6631,216,0.0,0.0,0.0,0.0,6630.0,0.0
0,489100,JAMS,6629.0,267.0,0.0,0.0,0.0,0.0,6631,267,0.0,0.0,0.0,0.0,6630.0,0.0
0,489200,JAMS,6630.0,77.0,6629.0,195.0,0.0,0.0,6631,77,6632.0,195.0,0.0,0.0,6630.5,0.0
0,489300,JAMS,6629.0,263.0,0.0,0.0,0.0,0.0,6631,263,0.0,0.0,0.0,0.0,6630.0,0.0
0,489400,JAMS,6628.0,223.0,0.0,0.0,0.0,0.0,6630,223,0.0,0.0,0.0,0.0,6629.0,0.0
0,489500,JAMS,6628.0,236.0,0.0,0.0,0.0,0.0,6630,236,0.0,0.0,0.0,0.0,6629.0,0.0
0,489600,JAMS,6627.0,252.0,0.0,0.0,0.0,0.0,6629,252,0.0,0.0,0.0,0.0,6628.0,0.0
0,489700,JAMS,6627.0,241.0,0.0,0.0,0.0,0.0,6629,241,0.0,0.0,0.0,0.0,6628.0,0.0
0,489800,JAMS,6627.0,234.0,0.0,0.0,0.0,0.0,6629,234,0.0,0.0,0.0,0.0,6628.0,0.0
0,489900,JAMS,6627.0,197.0,0.0,0.0,0.0,0.0,6629,197,0.0,0.0,0.0,0.0,6628.0,0.0
0,490000,JAMS,6628.0,77.0,6627.0,146.0,0.0,0.0,6629,77,6630.0,146.0,0.0,0.0,6628.5,0.0
0,490100,JAMS,6628.0,98.0,6627.0,133.0,0.0,0.0,6629,98,6630.0,133.0,0.0,0.0,6628.5,0.0
0,490200,JAMS,6627.0,272.0,0.0,0.0,0.0,0.0,6629,272,0.0,0.0,0.0,0.0,6628.0,0.0
0,490300,JAMS,6627.0,62.0,6626.0,120.0,0.0,0.0,6628,62,6629.0,120.0,0.0,0.0,6627.5,0.0
0,490400,JAMS,6627.0,54.0,6626.0,141.0,0.0,0.0,6628,54,6629.0,141.0,0.0,0.0,6627.5,0.0
0,490500,JAMS,6627.0,95.0,6626.0,183.0,0.0,0.0,6628,85,6629.0,183.0,0.0,0.0,6627.5,0.0
0,490600,JAMS,6627.0,58.0,6626.0,101.0,0.0,0.0,6628,58,6629.0,101.0,0.0,0.0,6627.5,0.0
0,490700,JAMS,6627.0,62.0,6626.0,178.0,0.0,0.0,6628,62,6629.0,178.0,0.0,0.0,6627.5,0.0
0,490800,JAMS,6627.0,91.0,6626.0,194.0,0.0,0.0,6628,91,6629.0,194.0,0.0,0.0,6627.5,0.0
0,490900,JAMS,6627.0,58.0,6626.0,130.0,0.0,0.0,6628,58,6629.0,130.0,0.0,0.0,6627.5,0.0
0,491000,JAMS,6627.0,66.0,6626.0,178.0,0.0,0.0,6628,66,6629.0,178.0,0.0,0.0,6627.5,0.0
0,491100,JAMS,6627.0,263.0,0.0,0.0,0.0,0.0,6629,263,0.0,0.0,0.0,0.0,6628.0,0.0
0,491200,JAMS,6626.0,254.0,0.0,0.0,0.0,0.0,6628,254,0.0,0.0,0.0,0.0,6627.0,0.0
0,491300,JAMS,6626.0,204.0,0.0,0.0,0.0,0.0,6628,204,0.0,0.0,0.0,0.0,6627.0,0.0
0,491400,JAMS,6627.0,196.0,0.0,0.0,0.0,0.0,6629,196,0.0,0.0,0.0,0.0,6628.0,0.0
0,491500,JAMS,6628.0,55.0,6627.0,113.0,0.0,0.0,6629,55,6630.0,113.0,0.0,0.0,6628.5,0.0
0,491600,JAMS,6628.0,88.0,6627.0,149.0,0.0,0.0,6629,88,6630.0,149.0,0.0,0.0,6628.5,0.0
0,491700,JAMS,6628.0,226.0,0.0,0.0,0.0,0.0,6630,226,0.0,0.0,0.0,0.0,6629.0,0.0
0,491800,JAMS,6628.0,71.0,6627.0,121.0,0.0,0.0,6629,71,6630.0,121.0,0.0,0.0,6628.5,0.0
0,491900,JAMS,6627.0,210.0,0.0,0.0,0.0,0.0,6629,210,0.0,0.0,0.0,0.0,6628.0,0.0
0,492000,JAMS,6627.0,174.0,0.0,0.0,0.0,0.0,6629,174,0.0,0.0,0.0,0.0,6628.0,0.0
0,492100,JAMS,6626.0,216.0,0.0,0.0,0.0,0.0,6628,216,0.0,0.0,0.0,0.0,6627.0,0.0
0,492200,JAMS,6627.0,72.0,6626.0,170.0,0.0,0.0,6628,79,6629.0,170.0,0.0,0.0,6627.5,0.0
0,492300,JAMS,6626.0,98.0,6625.0,174.0,0.0,0.0,6627,98,6628.0,174.0,0.0,0.0,6626.5,0.0
0,492400,JAMS,6626.0,184.0,0.0,0.0,0.0,0.0,6628,184,0.0,0.0,0.0,0.0,6627.0,0.0
0,492500,JAMS,6626.0,178.0,0.0,0.0,0.0,0.0,6628,178,0.0,0.0,0.0,0.0,6627.0,0.0
0,492600,JAMS,6627.0,245.0,0.0,0.0,0.0,0.0,6629,245,0.0,0.0,0.0,0.0,6628.0,0.0
0,492700,JAMS,6627.0,66.0,6626.0,116.0,0.0,0.0,6628,66,6629.0,116.0,0.0,0.0,6627.5,0.0
0,492800,JAMS,6627.0,76.0,6626.0,129.0,0.0,0.0,6628,76,6629.0,129.0,0.0,0.0,6627.5,0.0
0,492900,JAMS,6626.0,205.0,0.0,0.0,0.0,0.0,6627,8,6628.0,205.0,0.0,0.0,6626.5,0.0
0,493000,JAMS,6627.0,94.0,6626.0,178.0,0.0,0.0,6628,94,6629.0,178.0,0.0,0.0,6627.5,0.0
0,493100,JAMS,6627.0,205.0,0.0,0.0,0.0,0.0,6629,205,0.0,0.0,0.0,0.0,6628.0,0.0
0,493200,JAMS,6627.0,62.0,6626.0,153.0,0.0,0.0,6628,65,6629.0,153.0,0.0,0.0,6627.5,0.0
0,493300,JAMS,6627.0,81.0,6626.0,187.0,0.0,0.0,6628,81,6629.0,187.0,0.0,0.0,6627.5,0.0
0,493400,JAMS,6627.0,69.0,6626.0,126.0,0.0,0.0,6628,69,6629.0,126.0,0.0,0.0,6627.5,0.0
0,493500,JAMS,6627.0,255.0,0.0,0.0,0.0,0.0,6629,255,0.0,0.0,0.0,0.0,6628.0,0.0
0,493600,JAMS,6627.0,87.0,6626.0,169.0,0.0,0.0,6628,87,6629.0,169.0,0.0,0.0,6627.5,0.0
0,493700,JAMS,6627.0,88.0,6626.0,174.0,0.0,0.0,6628,88,6629.0,174.0,0.0,0.0,6627.5,0.0
0,493800,JAMS,6627.0,82.0,6626.0,110.0,0.0,0.0,6628,82,6629.0,110.0,0.0,0.0,6627.5,0.0
0,493900,JAMS,6626.0,192.0,0.0,0.0,0.0,0.0,6628,192,0.0,0.0,0.0,0.0,6627.0,0.0
0,494000,JAMS,6626.0,69.0,6625.0,173.0,0.0,0.0,6627,69,6628.0,173.0,0.0,0.0,6626.5,0.0
0,494100,JAMS,6626.0,76.0,6625.0,177.0,0.0,0.0,6627,76,6628.0,177.0,0.0,0.0,6626.5,0.0
0,494200,JAMS,6626.0,65.0,6625.0,200.0,0.0,0.0,6627,65,6628.0,200.0,0.0,0.0,6626.5,0.0
0,494300,JAMS,6626.0,96.0,6625.0,171.0,0.0,0.0,6627,96,6628.0,171.0,0.0,0.0,6626.5,0.0
0,494400,JAMS,6626.0,220.0,0.0,0.0,0.0,0.0,6628,220,0.0,0.0,0.0,0.0,6627.0,0.0
0,494500,JAMS,6626.0,66.0,6625.0,146.0,0.0,0.0,6627,66,6628.0,146.0,0.0,0.0,6626.5,0.0
0,494600,JAMS,6626.0,79.0,6625.0,100.0,0.0,0.0,6627,69,6628.0,100.0,0.0,0.0,6626.5,0.0
0,494700,JAMS,6626.0,86.0,6625.0,169.0,0.0,0.0,6627,86,6628.0,169.0,0.0,0.0,6626.5,0.0
0,494800,JAMS,6626.0,58.0,6625.0,190.0,0.0,0.0,6627,58,6628.0,190.0,0.0,0.0,6626.5,0.0
0,494900,JAMS,6626.0,92.0,6625.0,199.0,0.0,0.0,6627,92,6628.0,199.0,0.0,0.0,6626.5,0.0
0,495000,JAMS,6626.0,85.0,6625.0,114.0,0.0,0.0,6627,85,6628.0,114.0,0.0,0.0,6626.5,0.0
0,495100,JAMS,6626.0,62.0,6625.0,174.0,0.0,0.0,6627,62,6628.0,174.0,0.0,0.0,6626.5,0.0
0,495200,JAMS,6626.0,232.0,0.0,0.0,0.0,0.0,6628,232,0.0,0.0,0.0,0.0,6627.0,0.0
0,495300,JAMS,6629.0,215.0,0.0,0.0,0.0,0.0,6631,223,0.0,0.0,0.0,0.0,6630.0,0.0
0,495400,JAMS,6626.0,173.0,0.0,0.0,0.0,0.0,6628,173,0.0,0.0,0.0,0.0,6627.0,0.0
0,495500,JAMS,6626.0,231.0,0.0,0.0,0.0,0.0,6628,231,0.0,0.0,0.0,0.0,6627.0,0.0
0,495600,JAMS,6625.0,232.0,0.0,0.0,0.0,0.0,6627,232,0.0,0.0,0.0,0.0,6626.0,0.0
0,495700,JAMS,6624.0,72.0,6623.0,135.0,0.0,0.0,6625,72,6626.0,135.0,0.0,0.0,6624.5,0.0
0,495800,JAMS,6624.0,262.0,0.0,0.0,0.0,0.0,6626,257,0.0,0.0,0.0,0.0,6625.0,0.0
0,495900,JAMS,6624.0,253.0,0.0,0.0,0.0,0.0,6626,253,0.0,0.0,0.0,0.0,6625.0,0.0
0,496000,JAMS,6624.0,222.0,0.0,0.0,0.0,0.0,6626,222,0.0,0.0,0.0,0.0,6625.0,0.0
0,496100,JAMS,6623.0,172.0,0.0,0.0,0.0,0.0,6625,172,0.0,0.0,0.0,0.0,6624.0,0.0
0,496200,JAMS,6622.0,191.0,0.0,0.0,0.0,0.0,6624,191,0.0,0.0,0.0,0.0,6623.0,0.0
0,496300,JAMS,6622.0,246.0,0.0,0.0,0.0,0.0,6623,5,6624.0,246.0,0.0,0.0,6622.5,0.0
0,496400,JAMS,6622.0,175.0,0.0,0.0,0.0,0.0,6624,175,0.0,0.0,0.0,0.0,6623.0,0.0
0,496500,JAMS,6620.0,219.0,0.0,0.0,0.0,0.0,6622,219,0.0,0.0,0.0,0.0,6621.0,0.0
0,496600,JAMS,6622.0,224.0,0.0,0.0,0.0,0.0,6624,224,0.0,0.0,0.0,0.0,6623.0,0.0
0,496700,JAMS,6622.0,61.0,6621.0,126.0,0.0,0.0,6623,71,6624.0,126.0,0.0,0.0,6622.5,0.0
0,496800,JAMS,6622.0,81.0,6621.0,148.0,0.0,0.0,6623,81,6624.0,148.0,0.0,0.0,6622.5,0.0
0,496900,JAMS,6622.0,73.0,6621.0,146.0,0.0,0.0,6623,77,6624.0,146.0,0.0,0.0,6622.5,0.0
0,497000,JAMS,6622.0,234.0,0.0,0.0,0.0,0.0,6624,234,0.0,0.0,0.0,0.0,6623.0,0.0
0,497100,JAMS,6623.0,11.0,6622.0,231.0,0.0,0.0,6624,231,0.0,0.0,0.0,0.0,6623.5,0.0
0,497200,JAMS,6622.0,209.0,0.0,0.0,0.0,0.0,6624,209,0.0,0.0,0.0,0.0,6623.0,0.0
0,497300,JAMS,6622.0,209.0,0.0,0.0,0.0,0.0,6624,209,0.0,0.0,0.0,0.0,6623.0,0.0
0,497400,JAMS,6621.0,200.0,0.0,0.0,0.0,0.0,6623,200,0.0,0.0,0.0,0.0,6622.0,0.0
0,497500,JAMS,6621.0,81.0,6620.0,188.0,0.0,0.0,6622,81,6623.0,188.0,0.0,0.0,6621.5,0.0
0,497600,JAMS,6621.0,237.0,0.0,0.0,0.0,0.0,6623,237,0.0,0.0,0.0,0.0,6622.0,0.0
0,497700,JAMS,6621.0,284.0,0.0,0.0,0.0,0.0,6623,284,0.0,0.0,0.0,0.0,6622.0,0.0
0,497800,JAMS,6621.0,226.0,0.0,0.0,0.0,0.0,6623,226,0.0,0.0,0.0,0.0,6622.0,0.0
0,497900,JAMS,6622.0,65.0,6621.0,147.0,0.0,0.0,6623,65,6624.0,147.0,0.0,0.0,6622.5,0.0
0,498000,JAMS,6621.0,178.0,0.0,0.0,0.0,0.0,6623,178,0.0,0.0,0.0,0.0,6622.0,0.0
0,498100,JAMS,6621.0,212.0,0.0,0.0,0.0,0.0,6623,212,0.0,0.0,0.0,0.0,6622.0,0.0
0,498200,JAMS,6621.0,267.0,0.0,0.0,0.0,0.0,6623,267,0.0,0.0,0.0,0.0,6622.0,0.0
0,498300,JAMS,6621.0,272.0,0.0,0.0,0.0,0.0,6623,272,0.0,0.0,0.0,0.0,6622.0,0.0
0,498400,JAMS,6621.0,217.0,0.0,0.0,0.0,0.0,6623,217,0.0,0.0,0.0,0.0,6622.0,0.0
0,498500,JAMS,6621.0,180.0,0.0,0.0,0.0,0.0,6623,180,0.0,0.0,0.0,0.0,6622.0,0.0
0,498600,JAMS,6621.0,203.0,0.0,0.0,0.0,0.0,6623,203,0.0,0.0,0.0,0.0,6622.0,0.0
0,498700,JAMS,6621.0,195.0,0.0,0.0,0.0,0.0,6623,195,0.0,0.0,0.0,0.0,6622.0,0.0
0,498800,JAMS,6621.0,245.0,0.0,0.0,0.0,0.0,6623,245,0.0,0.0,0.0,0.0,6622.0,0.0
0,498900,JAMS,6621.0,69.0,6620.0,180.0,0.0,0.0,6622,69,6623.0,180.0,0.0,0.0,6621.5,0.0
0,499000,JAMS,6621.0,97.0,6620.0,108.0,0.0,0.0,6622,97,6623.0,108.0,0.0,0.0,6621.5,0.0
0,499100,JAMS,6621.0,206.0,0.0,0.0,0.0,0.0,6623,206,0.0,0.0,0.0,0.0,6622.0,0.0
0,499200,JAMS,6621.0,69.0,6620.0,179.0,0.0,0.0,6622,69,6623.0,179.0,0.0,0.0,6621.5,0.0
0,499300,JAMS,6621.0,60.0,6620.0,147.0,0.0,0.0,6622,53,6623.0,147.0,0.0,0.0,6621.5,0.0
0,499400,JAMS,6621.0,195.0,0.0,0.0,0.0,0.0,6623,195,0.0,0.0,0.0,0.0,6622.0,0.0
0,499500,JAMS,6622.0,92.0,6621.0,172.0,0.0,0.0,6623,92,6624.0,172.0,0.0,0.0,6622.5,0.0
0,499600,JAMS,6621.0,203.0,0.0,0.0,0.0,0.0,6623,203,0.0,0.0,0.0,0.0,6622.0,0.0
0,499700,JAMS,6622.0,194.0,0.0,0.0,0.0,0.0,6624,194,0.0,0.0,0.0,0.0,6623.0,0.0
0,499800,JAMS,6622.0,248.0,0.0,0.0,0.0,0.0,6624,251,0.0,0.0,0.0,0.0,6623.0,0.0
0,499900,JAMS,6621.0,260.0,0.0,0.0,0.0,0.0,6623,260,0.0,0.0,0.0,0.0,6622.0,0.0
0,500000,JAMS,6621.0,211.0,0.0,0.0,0.0,0.0,6623,211,0.0,0.0,0.0,0.0,6622.0,0.0
0,500100,JAMS,6621.0,252.0,0.0,0.0,0.0,0.0,6623,252,0.0,0.0,0.0,0.0,6622.0,0.0
0,500200,JAMS,6622.0,241.0,0.0,0.0,0.0,0.0,6623,4,6624.0,241.0,0.0,0.0,6622.5,0.0
0,500300,JAMS,6623.0,79.0,6622.0,147.0,0.0,0.0,6624,79,6625.0,147.0,0.0,0.0,6623.5,0.0
0,500400,JAMS,6623.0,84.0,6622.0,112.0,0.0,0.0,6624,84,6625.0,112.0,0.0,0.0,6623.5,0.0
0,500500,JAMS,6623.0,78.0,6622.0,125.0,0.0,0.0,6624,78,6625.0,125.0,0.0,0.0,6623.5,0.0
0,500600,JAMS,6622.0,229.0,0.0,0.0,0.0,0.0,6624,229,0.0,0.0,0.0,0.0,6623.0,0.0
0,500700,JAMS,6622.0,235.0,0.0,0.0,0.0,0.0,6624,235,0.0,0.0,0.0,0.0,6623.0,0.0
0,500800,JAMS,6621.0,247.0,0.0,0.0,0.0,0.0,6623,247,0.0,0.0,0.0,0.0,6622.0,0.0
0,500900,JAMS,6621.0,223.0,0.0,0.0,0.0,0.0,6623,223,0.0,0.0,0.0,0.0,6622.0,0.0
0,501000,JAMS,6621.0,236.0,0.0,0.0,0.0,0.0,6623,236,0.0,0.0,0.0,0.0,6622.0,0.0
0,501100,JAMS,6621.0,52.0,6620.0,124.0,0.0,0.0,6622,52,6623.0,124.0,0.0,0.0,6621.5,0.0
0,501200,JAMS,6621.0,86.0,6620.0,172.0,0.0,0.0,6622,86,6623.0,172.0,0.0,0.0,6621.5,0.0
0,501300,JAMS,6621.0,95.0,6620.0,128.0,0.0,0.0,6622,95,6623.0,128.0,0.0,0.0,6621.5,0.0
0,501400,JAMS,6620.0,255.0,0.0,0.0,0.0,0.0,6622,255,0.0,0.0,0.0,0.0,6621.0,0.0
0,501500,JAMS,6620.0,76.0,6619.0,132.0,0.0,0.0,6621,76,6622.0,132.0,0.0,0.0,6620.5,0.0
0,501600,JAMS,6620.0,51.0,6619.0,172.0,0.0,0.0,6621,51,6622.0,172.0,0.0,0.0,6620.5,0.0
0,501700,JAMS,6620.0,95.0,6619.0,196.0,0.0,0.0,6621,95,6622.0,196.0,0.0,0.0,6620.5,0.0
0,501800,JAMS,6620.0,57.0,6619.0,185.0,0.0,0.0,6621,57,6622.0,185.0,0.0,0.0,6620.5,0.0
0,501900,JAMS,6620.0,52.0,6619.0,157.0,0.0,0.0,6621,52,6622.0,157.0,0.0,0.0,6620.5,0.0
0,502000,JAMS,6620.0,71.0,6619.0,145.0,0.0,0.0,6621,71,6622.0,145.0,0.0,0.0,6620.5,0.0
0,502100,JAMS,6619.0,184.0,0.0,0.0,0.0,0.0,6621,184,0.0,0.0,0.0,0.0,6620.0,0.0
0,502200,JAMS,6620.0,75.0,6619.0,176.0,0.0,0.0,6621,75,6622.0,176.0,0.0,0.0,6620.5,0.0
0,502300,JAMS,6619.0,201.0,0.0,0.0,0.0,0.0,6621,201,0.0,0.0,0.0,0.0,6620.0,0.0
0,502400,JAMS,6619.0,178.0,0.0,0.0,0.0,0.0,6621,178,0.0,0.0,0.0,0.0,6620.0,0.0
0,502500,JAMS,6617.0,279.0,0.0,0.0,0.0,0.0,6619,279,0.0,0.0,0.0,0.0,6618.0,0.0
0,502600,JAMS,6618.0,94.0,6617.0,103.0,0.0,0.0,6619,94,6620.0,103.0,0.0,0.0,6618.5,0.0
0,502700,JAMS,6618.0,195.0,0.0,0.0,0.0,0.0,6620,195,0.0,0.0,0.0,0.0,6619.0,0.0
0,502800,JAMS,6618.0,232.0,0.0,0.0,0.0,0.0,6620,232,0.0,0.0,0.0,0.0,6619.0,0.0
0,502900,JAMS,6619.0,221.0,0.0,0.0,0.0,0.0,6621,221,0.0,0.0,0.0,0.0,6620.0,0.0
0,503000,JAMS,6619.0,206.0,0.0,0.0,0.0,0.0,6620,10,6621.0,206.0,0.0,0.0,6619.5,0.0
0,503100,JAMS,6620.0,210.0,0.0,0.0,0.0,0.0,6622,210,0.0,0.0,0.0,0.0,6621.0,0.0
0,503200,JAMS,6620.0,81.0,6619.0,190.0,0.0,0.0,6621,81,6622.0,190.0,0.0,0.0,6620.5,0.0
0,503300,JAMS,6619.0,265.0,0.0,0.0,0.0,0.0,6621,265,0.0,0.0,0.0,0.0,6620.0,0.0
0,503400,JAMS,6619.0,192.0,0.0,0.0,0.0,0.0,6621,192,0.0,0.0,0.0,0.0,6620.0,0.0
0,503500,JAMS,6619.0,219.0,0.0,0.0,0.0,0.0,6621,219,0.0,0.0,0.0,0.0,6620.0,0.0
0,503600,JAMS,6619.0,261.0,0.0,0.0,0.0,0.0,6621,261,0.0,0.0,0.0,0.0,6620.0,0.0
0,503700,JAMS,6619.0,95.0,6618.0,142.0,0.0,0.0,6620,95,6621.0,142.0,0.0,0.0,6619.5,0.0
0,503800,JAMS,6619.0,64.0,6618.0,192.0,0.0,0.0,6620,64,6621.0,192.0,0.0,0.0,6619.5,0.0
0,503900,JAMS,6619.0,273.0,0.0,0.0,0.0,0.0,6621,273,0.0,0.0,0.0,0.0,6620.0,0.0
0,504000,JAMS,6619.0,175.0,0.0,0.0,0.0,0.0,6621,175,0.0,0.0,0.0,0.0,6620.0,0.0
0,504100,JAMS,6617.0,193.0,0.0,0.0,0.0,0.0,6619,193,0.0,0.0,0.0,0.0,6618.0,0.0
0,504200,JAMS,6618.0,91.0,6617.0,171.0,0.0,0.0,6619,91,6620.0,171.0,0.0,0.0,6618.5,0.0
0,504300,JAMS,6617.0,214.0,0.0,0.0,0.0,0.0,6619,214,0.0,0.0,0.0,0.0,6618.0,0.0
0,504400,JAMS,6617.0,192.0,0.0,0.0,0.0,0.0,6619,192,0.0,0.0,0.0,0.0,6618.0,0.0
0,504500,JAMS,6617.0,209.0,0.0,0.0,0.0,0.0,6619,219,0.0,0.0,0.0,0.0,6618.0,0.0
0,504600,JAMS,6616.0,268.0,0.0,0.0,0.0,0.0,6618,268,0.0,0.0,0.0,0.0,6617.0,0.0
0,504700,JAMS,6617.0,84.0,6616.0,196.0,0.0,0.0,6618,84,6619.0,196.0,0.0,0.0,6617.5,0.0
0,504800,JAMS,6616.0,235.0,0.0,0.0,0.0,0.0,6618,235,0.0,0.0,0.0,0.0,6617.0,0.0
0,504900,JAMS,6616.0,214.0,0.0,0.0,0.0,0.0,6618,214,0.0,0.0,0.0,0.0,6617.0,0.0
0,505000,JAMS,6615.0,242.0,0.0,0.0,0.0,0.0,6617,242,0.0,0.0,0.0,0.0,6616.0,0.0
0,505100,JAMS,6615.0,201.0,0.0,0.0,0.0,0.0,6617,201,0.0,0.0,0.0,0.0,6616.0,0.0
0,505200,JAMS,6615.0,80.0,6614.0,138.0,0.0,0.0,6616,80,6617.0,138.0,0.0,0.0,6615.5,0.0
0,505300,JAMS,6615.0,171.0,0.0,0.0,0.0,0.0,6617,171,0.0,0.0,0.0,0.0,6616.0,0.0
0,505400,JAMS,6615.0,218.0,0.0,0.0,0.0,0.0,6617,218,0.0,0.0,0.0,0.0,6616.0,0.0
0,505500,JAMS,6615.0,50.0,6614.0,171.0,0.0,0.0,6616,50,6617.0,171.0,0.0,0.0,6615.5,0.0
0,505600,JAMS,6615.0,60.0,6614.0,198.0,0.0,0.0,6616,60,6617.0,198.0,0.0,0.0,6615.5,0.0
0,505700,JAMS,6615.0,292.0,0.0,0.0,0.0,0.0,6617,282,0.0,0.0,0.0,0.0,6616.0,0.0
0,505800,JAMS,6615.0,174.0,0.0,0.0,0.0,0.0,6617,174,0.0,0.0,0.0,0.0,6616.0,0.0
0,505900,JAMS,6615.0,254.0,0.0,0.0,0.0,0.0,6617,254,0.0,0.0,0.0,0.0,6616.0,0.0
0,506000,JAMS,6615.0,276.0,0.0,0.0,0.0,0.0,6617,276,0.0,0.0,0.0,0.0,6616.0,0.0
0,506100,JAMS,6617.0,61.0,6616.0,187.0,0.0,0.0,6618,61,6619.0,187.0,0.0,0.0,6617.5,0.0
0,506200,JAMS,6617.0,97.0,6616.0,141.0,0.0,0.0,6618,97,6619.0,141.0,0.0,0.0,6617.5,0.0
0,506300,JAMS,6616.0,188.0,0.0,0.0,0.0,0.0,6618,188,0.0,0.0,0.0,0.0,6617.0,0.0
0,506400,JAMS,6616.0,249.0,0.0,0.0,0.0,0.0,6617,4,6618.0,249.0,0.0,0.0,6616.5,0.0
0,506500,JAMS,6616.0,226.0,0.0,0.0,0.0,0.0,6618,226,0.0,0.0,0.0,0.0,6617.0,0.0
0,506600,JAMS,6619.0,57.0,6618.0,123.0,0.0,0.0,6620,57,6621.0,123.0,0.0,0.0,6619.5,0.0
0,506700,JAMS,6619.0,84.0,6618.0,180.0,0.0,0.0,6620,84,6621.0,180.0,0.0,0.0,6619.5,0.0
0,506800,JAMS,6619.0,66.0,6618.0,171.0,0.0,0.0,6620,66,6621.0,171.0,0.0,0.0,6619.5,0.0
0,506900,JAMS,6619.0,57.0,6618.0,105.0,0.0,0.0,6620,57,6621.0,105.0,0.0,0.0,6619.5,0.0
0,507000,JAMS,6619.0,189.0,0.0,0.0,0.0,0.0,6621,189,0.0,0.0,0.0,0.0,6620.0,0.0
0,507100,JAMS,6619.0,280.0,0.0,0.0,0.0,0.0,6621,280,0.0,0.0,0.0,0.0,6620.0,0.0
0,507200,JAMS,6618.0,183.0,0.0,0.0,0.0,0.0,6620,183,0.0,0.0,0.0,0.0,6619.0,0.0
0,507300,JAMS,6619.0,213.0,0.0,0.0,0.0,0.0,6621,213,0.0,0.0,0.0,0.0,6620.0,0.0
0,507400,JAMS,6619.0,107.0,6618.0,187.0,0.0,0.0,6620,100,6621.0,187.0,0.0,0.0,6619.5,0.0
0,507500,JAMS,6619.0,183.0,0.0,0.0,0.0,0.0,6621,183,0.0,0.0,0.0,0.0,6620.0,0.0
0,507600,JAMS,6616.0,194.0,0.0,0.0,0.0,0.0,6618,194,0.0,0.0,0.0,0.0,6617.0,0.0
0,507700,JAMS,6617.0,70.0,6616.0,175.0,0.0,0.0,6618,70,6619.0,175.0,0.0,0.0,6617.5,0.0
0,507800,JAMS,6617.0,82.0,6616.0,164.0,0.0,0.0,6618,82,6619.0,164.0,0.0,0.0,6617.5,0.0
0,507900,JAMS,6617.0,61.0,6616.0,171.0,0.0,0.0,6618,61,6619.0,171.0,0.0,0.0,6617.5,0.0
0,508000,JAMS,6617.0,267.0,0.0,0.0,0.0,0.0,6619,267,0.0,0.0,0.0,0.0,6618.0,0.0
0,508100,JAMS,6617.0,236.0,0.0,0.0,0.0,0.0,6619,236,0.0,0.0,0.0,0.0,6618.0,0.0
0,508200,JAMS,6616.0,66.0,6615.0,153.0,0.0,0.0,6617,66,6618.0,153.0,0.0,0.0,6616.5,0.0
0,508300,JAMS,6615.0,264.0,0.0,0.0,0.0,0.0,6617,264,0.0,0.0,0.0,0.0,6616.0,0.0
0,508400,JAMS,6615.0,59.0,6614.0,166.0,0.0,0.0,6616,59,6617.0,166.0,0.0,0.0,6615.5,0.0
0,508500,JAMS,6615.0,73.0,6614.0,136.0,0.0,0.0,6616,73,6617.0,136.0,0.0,0.0,6615.5,0.0
0,508600,JAMS,6614.0,198.0,0.0,0.0,0.0,0.0,6616,198,0.0,0.0,0.0,0.0,6615.0,0.0
0,508700,JAMS,6614.0,251.0,0.0,0.0,0.0,0.0,6616,251,0.0,0.0,0.0,0.0,6615.0,0.0
0,508800,JAMS,6614.0,193.0,0.0,0.0,0.0,0.0,6616,193,0.0,0.0,0.0,0.0,6615.0,0.0
0,508900,JAMS,6614.0,204.0,0.0,0.0,0.0,0.0,6616,204,0.0,0.0,0.0,0.0,6615.0,0.0
0,509000,JAMS,6615.0,53.0,6614.0,136.0,0.0,0.0,6616,53,6617.0,136.0,0.0,0.0,6615.5,0.0
0,509100,JAMS,6615.0,256.0,0.0,0.0,0.0,0.0,6617,256,0.0,0.0,0.0,0.0,6616.0,0.0
0,509200,JAMS,6616.0,80.0,6615.0,191.0,0.0,0.0,6617,271,0.0,0.0,0.0,0.0,6616.5,0.0
0,509300,JAMS,6616.0,72.0,6615.0,154.0,0.0,0.0,6617,72,6618.0,154.0,0.0,0.0,6616.5,0.0
0,509400,JAMS,6616.0,94.0,6615.0,168.0,0.0,0.0,6617,94,6618.0,168.0,0.0,0.0,6616.5,0.0
0,509500,JAMS,6616.0,53.0,6615.0,194.0,0.0,0.0,6617,53,6618.0,194.0,0.0,0.0,6616.5,0.0
0,509600,JAMS,6616.0,87.0,6615.0,123.0,0.0,0.0,6617,87,6618.0,123.0,0.0,0.0,6616.5,0.0
0,509700,JAMS,6616.0,242.0,0.0,0.0,0.0,0.0,6618,242,0.0,0.0,0.0,0.0,6617.0,0.0
0,509800,JAMS,6616.0,198.0,0.0,0.0,0.0,0.0,6617,7,6618.0,198.0,0.0,0.0,6616.5,0.0
0,509900,JAMS,6616.0,160.0,0.0,0.0,0.0,0.0,6618,160,0.0,0.0,0.0,0.0,6617.0,0.0
0,510000,JAMS,6616.0,233.0,0.0,0.0,0.0,0.0,6618,233,0.0,0.0,0.0,0.0,6617.0,0.0
0,510100,JAMS,6616.0,274.0,0.0,0.0,0.0,0.0,6618,274,0.0,0.0,0.0,0.0,6617.0,0.0
0,510200,JAMS,6617.0,72.0,6616.0,126.0,0.0,0.0,6618,72,6619.0,126.0,0.0,0.0,6617.5,0.0
0,510300,JAMS,6616.0,234.0,0.0,0.0,0.0,0.0,6618,234,0.0,0.0,0.0,0.0,6617.0,0.0
0,510400,JAMS,6617.0,77.0,6616.0,160.0,0.0,0.0,6618,74,6619.0,160.0,0.0,0.0,6617.5,0.0
0,510500,JAMS,6616.0,207.0,0.0,0.0,0.0,0.0,6618,217,0.0,0.0,0.0,0.0,6617.0,0.0
0,510600,JAMS,6616.0,297.0,0.0,0.0,0.0,0.0,6617,12,6618.0,297.0,0.0,0.0,6616.5,0.0
0,510700,JAMS,6616.0,197.0,0.0,0.0,0.0,0.0,6618,197,0.0,0.0,0.0,0.0,6617.0,0.0
0,510800,JAMS,6616.0,240.0,0.0,0.0,0.0,0.0,6618,240,0.0,0.0,0.0,0.0,6617.0,0.0
0,510900,JAMS,6616.0,255.0,0.0,0.0,0.0,0.0,6618,255,0.0,0.0,0.0,0.0,6617.0,0.0
0,511000,JAMS,6616.0,195.0,0.0,0.0,0.0,0.0,6618,195,0.0,0.0,0.0,0.0,6617.0,0.0
0,511100,JAMS,6616.0,185.0,0.0,0.0,0.0,0.0,6618,185,0.0,0.0,0.0,0.0,6617.0,0.0
0,511200,JAMS,6616.0,202.0,0.0,0.0,0.0,0.0,6618,202,0.0,0.0,0.0,0.0,6617.0,0.0
0,511300,JAMS,6616.0,266.0,0.0,0.0,0.0,0.0,6618,266,0.0,0.0,0.0,0.0,6617.0,0.0
0,511400,JAMS,6616.0,73.0,6615.0,154.0,0.0,0.0,6617,73,6618.0,154.0,0.0,0.0,6616.5,0.0
0,511500,JAMS,6616.0,236.0,0.0,0.0,0.0,0.0,6618,236,0.0,0.0,0.0,0.0,6617.0,0.0
0,511600,JAMS,6616.0,240.0,0.0,0.0,0.0,0.0,6618,240,0.0,0.0,0.0,0.0,6617.0,0.0
0,511700,JAMS,6616.0,236.0,0.0,0.0,0.0,0.0,6618,236,0.0,0.0,0.0,0.0,6617.0,0.0
0,511800,JAMS,6616.0,247.0,0.0,0.0,0.0,0.0,6617,7,6618.0,247.0,0.0,0.0,6616.5,0.0
0,511900,JAMS,6616.0,52.0,6615.0,122.0,0.0,0.0,6617,52,6618.0,122.0,0.0,0.0,6616.5,0.0
0,512000,JAMS,6616.0,54.0,6615.0,145.0,0.0,0.0,6617,54,6618.0,145.0,0.0,0.0,6616.5,0.0
0,512100,JAMS,6616.0,60.0,6615.0,124.0,0.0,0.0,6617,60,6618.0,124.0,0.0,0.0,6616.5,0.0
0,512200,JAMS,6616.0,233.0,0.0,0.0,0.0,0.0,6618,233,0.0,0.0,0.0,0.0,6617.0,0.0
0,512300,JAMS,6618.0,87.0,6617.0,169.0,0.0,0.0,6619,87,6620.0,169.0,0.0,0.0,6618.5,0.0
0,512400,JAMS,6619.0,223.0,0.0,0.0,0.0,0.0,6621,223,0.0,0.0,0.0,0.0,6620.0,0.0
0,512500,JAMS,6619.0,288.0,0.0,0.0,0.0,0.0,6621,288,0.0,0.0,0.0,0.0,6620.0,0.0
0,512600,JAMS,6618.0,206.0,0.0,0.0,0.0,0.0,6620,200,0.0,0.0,0.0,0.0,6619.0,0.0
0,512700,JAMS,6618.0,201.0,0.0,0.0,0.0,0.0,6620,201,0.0,0.0,0.0,0.0,6619.0,0.0
0,512800,JAMS,6618.0,272.0,0.0,0.0,0.0,0.0,6620,272,0.0,0.0,0.0,0.0,6619.0,0.0
0,512900,JAMS,6618.0,270.0,0.0,0.0,0.0,0.0,6620,280,0.0,0.0,0.0,0.0,6619.0,0.0
0,513000,JAMS,6618.0,219.0,0.0,0.0,0.0,0.0,6620,219,0.0,0.0,0.0,0.0,6619.0,0.0
0,513100,JAMS,6618.0,216.0,0.0,0.0,0.0,0.0,6620,216,0.0,0.0,0.0,0.0,6619.0,0.0
0,513200,JAMS,6618.0,261.0,0.0,0.0,0.0,0.0,6620,249,0.0,0.0,0.0,0.0,6619.0,0.0
0,513300,JAMS,6618.0,50.0,6617.0,152.0,0.0,0.0,6619,50,6620.0,152.0,0.0,0.0,6618.5,0.0
0,513400,JAMS,6617.0,177.0,0.0,0.0,0.0,0.0,6619,177,0.0,0.0,0.0,0.0,6618.0,0.0
0,513500,JAMS,6617.0,274.0,0.0,0.0,0.0,0.0,6619,274,0.0,0.0,0.0,0.0,6618.0,0.0
0,513600,JAMS,6617.0,288.0,0.0,0.0,0.0,0.0,6619,288,0.0,0.0,0.0,0.0,6618.0,0.0
0,513700,JAMS,6617.0,73.0,6616.0,188.0,0.0,0.0,6618,73,6619.0,188.0,0.0,0.0,6617.5,0.0
0,513800,JAMS,6616.0,212.0,0.0,0.0,0.0,0.0,6618,212,0.0,0.0,0.0,0.0,6617.0,0.0
0,513900,JAMS,6616.0,275.0,0.0,0.0,0.0,0.0,6618,275,0.0,0.0,0.0,0.0,6617.0,0.0
0,514000,JAMS,6616.0,263.0,0.0,0.0,0.0,0.0,6618,263,0.0,0.0,0.0,0.0,6617.0,0.0
0,514100,JAMS,6617.0,85.0,6616.0,150.0,0.0,0.0,6618,85,6619.0,150.0,0.0,0.0,6617.5,0.0
0,514200,JAMS,6617.0,89.0,6616.0,190.0,0.0,0.0,6618,89,6619.0,190.0,0.0,0.0,6617.5,0.0
0,514300,JAMS,6617.0,212.0,0.0,0.0,0.0,0.0,6619,212,0.0,0.0,0.0,0.0,6618.0,0.0
0,514400,JAMS,6617.0,92.0,6616.0,114.0,0.0,0.0,6618,92,6619.0,114.0,0.0,0.0,6617.5,0.0
0,514500,JAMS,6617.0,225.0,0.0,0.0,0.0,0.0,6619,225,0.0,0.0,0.0,0.0,6618.0,0.0
0,514600,JAMS,6617.0,97.0,6616.0,178.0,0.0,0.0,6618,97,6619.0,178.0,0.0,0.0,6617.5,0.0
0,514700,JAMS,6617.0,266.0,0.0,0.0,0.0,0.0,6619,266,0.0,0.0,0.0,0.0,6618.0,0.0
0,514800,JAMS,6617.0,248.0,0.0,0.0,0.0,0.0,6619,248,0.0,0.0,0.0,0.0,6618.0,0.0
0,514900,JAMS,6618.0,99.0,6617.0,191.0,0.0,0.0,6619,99,6620.0,191.0,0.0,0.0,6618.5,0.0
0,515000,JAMS,6617.0,222.0,0.0,0.0,0.0,0.0,6619,222,0.0,0.0,0.0,0.0,6618.0,0.0
0,515100,JAMS,6617.0,181.0,0.0,0.0,0.0,0.0,6619,181,0.0,0.0,0.0,0.0,6618.0,0.0
0,515200,JAMS,6617.0,230.0,0.0,0.0,0.0,0.0,6619,230,0.0,0.0,0.0,0.0,6618.0,0.0
0,515300,JAMS,6617.0,285.0,0.0,0.0,0.0,0.0,6619,285,0.0,0.0,0.0,0.0,6618.0,0.0
0,515400,JAMS,6616.0,181.0,0.0,0.0,0.0,0.0,6618,181,0.0,0.0,0.0,0.0,6617.0,0.0
0,515500,JAMS,6616.0,201.0,0.0,0.0,0.0,0.0,6618,201,0.0,0.0,0.0,0.0,6617.0,0.0
0,515600,JAMS,6616.0,97.0,6615.0,182.0,0.0,0.0,6617,85,6618.0,182.0,0.0,0.0,6616.5,0.0
0,515700,JAMS,6615.0,242.0,0.0,0.0,0.0,0.0,6617,242,0.0,0.0,0.0,0.0,6616.0,0.0
0,515800,JAMS,6615.0,62.0,6614.0,111.0,0.0,0.0,6616,62,6617.0,111.0,0.0,0.0,6615.5,0.0
0,515900,JAMS,6615.0,99.0,6614.0,181.0,0.0,0.0,6616,99,6617.0,181.0,0.0,0.0,6615.5,0.0
0,516000,JAMS,6615.0,204.0,0.0,0.0,0.0,0.0,6617,204,0.0,0.0,0.0,0.0,6616.0,0.0
0,516100,JAMS,6615.0,91.0,6614.0,148.0,0.0,0.0,6616,91,6617.0,148.0,0.0,0.0,6615.5,0.0
0,516200,JAMS,6615.0,83.0,6614.0,123.0,0.0,0.0,6616,83,6617.0,123.0,0.0,0.0,6615.5,0.0
0,516300,JAMS,6615.0,56.0,6614.0,130.0,0.0,0.0,6616,56,6617.0,130.0,0.0,0.0,6615.5,0.0
0,516400,JAMS,6615.0,55.0,6614.0,109.0,0.0,0.0,6616,55,6617.0,109.0,0.0,0.0,6615.5,0.0
0,516500,JAMS,6614.0,234.0,0.0,0.0,0.0,0.0,6616,234,0.0,0.0,0.0,0.0,6615.0,0.0
0,516600,JAMS,6615.0,50.0,6614.0,136.0,0.0,0.0,6616,50,6617.0,136.0,0.0,0.0,6615.5,0.0
0,516700,JAMS,6615.0,164.0,0.0,0.0,0.0,0.0,6617,164,0.0,0.0,0.0,0.0,6616.0,0.0
0,516800,JAMS,6615.0,59.0,6614.0,184.0,0.0,0.0,6616,59,6617.0,184.0,0.0,0.0,6615.5,0.0
0,516900,JAMS,6615.0,69.0,6614.0,153.0,0.0,0.0,6616,69,6617.0,153.0,0.0,0.0,6615.5,0.0
0,517000,JAMS,6614.0,233.0,0.0,0.0,0.0,0.0,6616,233,0.0,0.0,0.0,0.0,6615.0,0.0
0,517100,JAMS,6614.0,263.0,0.0,0.0,0.0,0.0,6616,263,0.0,0.0,0.0,0.0,6615.0,0.0
0,517200,JAMS,6615.0,86.0,6614.0,127.0,0.0,0.0,6616,86,6617.0,127.0,0.0,0.0,6615.5,0.0
0,517300,JAMS,6615.0,40.0,6614.0,124.0,0.0,0.0,6616,51,6617.0,124.0,0.0,0.0,6615.5,0.0
0,517400,JAMS,6615.0,175.0,0.0,0.0,0.0,0.0,6617,175,0.0,0.0,0.0,0.0,6616.0,0.0
0,517500,JAMS,6615.0,268.0,0.0,0.0,0.0,0.0,6617,268,0.0,0.0,0.0,0.0,6616.0,0.0
0,517600,JAMS,6616.0,83.0,6615.0,193.0,0.0,0.0,6617,83,6618.0,193.0,0.0,0.0,6616.5,0.0
0,517700,JAMS,6616.0,66.0,6615.0,160.0,0.0,0.0,6617,66,6618.0,160.0,0.0,0.0,6616.5,0.0
0,517800,JAMS,6615.0,253.0,0.0,0.0,0.0,0.0,6617,253,0.0,0.0,0.0,0.0,6616.0,0.0
0,517900,JAMS,6615.0,168.0,0.0,0.0,0.0,0.0,6617,168,0.0,0.0,0.0,0.0,6616.0,0.0
0,518000,JAMS,6615.0,243.0,0.0,0.0,0.0,0.0,6617,243,0.0,0.0,0.0,0.0,6616.0,0.0
0,518100,JAMS,6615.0,220.0,0.0,0.0,0.0,0.0,6617,220,0.0,0.0,0.0,0.0,6616.0,0.0
0,518200,JAMS,6615.0,194.0,0.0,0.0,0.0,0.0,6617,194,0.0,0.0,0.0,0.0,6616.0,0.0
0,518300,JAMS,6613.0,253.0,0.0,0.0,0.0,0.0,6615,253,0.0,0.0,0.0,0.0,6614.0,0.0
0,518400,JAMS,6613.0,62.0,6612.0,112.0,0.0,0.0,6614,62,6615.0,112.0,0.0,0.0,6613.5,0.0
0,518500,JAMS,6613.0,78.0,6612.0,184.0,0.0,0.0,6614,78,6615.0,184.0,0.0,0.0,6613.5,0.0
0,518600,JAMS,6613.0,222.0,0.0,0.0,0.0,0.0,6615,222,0.0,0.0,0.0,0.0,6614.0,0.0
0,518700,JAMS,6614.0,186.0,0.0,0.0,0.0,0.0,6616,186,0.0,0.0,0.0,0.0,6615.0,0.0
0,518800,JAMS,6614.0,223.0,0.0,0.0,0.0,0.0,6616,223,0.0,0.0,0.0,0.0,6615.0,0.0
0,518900,JAMS,6614.0,232.0,0.0,0.0,0.0,0.0,6616,232,0.0,0.0,0.0,0.0,6615.0,0.0
0,519000,JAMS,6614.0,175.0,0.0,0.0,0.0,0.0,6616,175,0.0,0.0,0.0,0.0,6615.0,0.0
0,519100,JAMS,6614.0,224.0,0.0,0.0,0.0,0.0,6616,224,0.0,0.0,0.0,0.0,6615.0,0.0
0,519200,JAMS,6614.0,202.0,0.0,0.0,0.0,0.0,6616,202,0.0,0.0,0.0,0.0,6615.0,0.0
0,519300,JAMS,6613.0,255.0,0.0,0.0,0.0,0.0,6615,255,0.0,0.0,0.0,0.0,6614.0,0.0
0,519400,JAMS,6613.0,185.0,0.0,0.0,0.0,0.0,6615,197,0.0,0.0,0.0,0.0,6614.0,0.0
0,519500,JAMS,6613.0,268.0,0.0,0.0,0.0,0.0,6615,268,0.0,0.0,0.0,0.0,6614.0,0.0
0,519600,JAMS,6613.0,91.0,6612.0,194.0,0.0,0.0,6614,91,6615.0,194.0,0.0,0.0,6613.5,0.0
0,519700,JAMS,6613.0,93.0,6612.0,173.0,0.0,0.0,6614,93,6615.0,173.0,0.0,0.0,6613.5,0.0
0,519800,JAMS,6612.0,44.0,6611.0,197.0,0.0,0.0,6613,50,6614.0,197.0,0.0,0.0,6612.5,0.0
0,519900,JAMS,6612.0,205.0,0.0,0.0,0.0,0.0,6614,205,0.0,0.0,0.0,0.0,6613.0,0.0
0,520000,JAMS,6612.0,282.0,0.0,0.0,0.0,0.0,6614,282,0.0,0.0,0.0,0.0,6613.0,0.0
0,520100,JAMS,6612.0,212.0,0.0,0.0,0.0,0.0,6614,212,0.0,0.0,0.0,0.0,6613.0,0.0
0,520200,JAMS,6612.0,250.0,0.0,0.0,0.0,0.0,6613,9,6614.0,250.0,0.0,0.0,6612.5,0.0
0,520300,JAMS,6612.0,225.0,0.0,0.0,0.0,0.0,6614,225,0.0,0.0,0.0,0.0,6613.0,0.0
0,520400,JAMS,6612.0,197.0,0.0,0.0,0.0,0.0,6614,197,0.0,0.0,0.0,0.0,6613.0,0.0
0,520500,JAMS,6612.0,210.0,0.0,0.0,0.0,0.0,6614,210,0.0,0.0,0.0,0.0,6613.0,0.0
0,520600,JAMS,6612.0,193.0,0.0,0.0,0.0,0.0,6614,193,0.0,0.0,0.0,0.0,6613.0,0.0
0,520700,JAMS,6612.0,236.0,0.0,0.0,0.0,0.0,6614,236,0.0,0.0,0.0,0.0,6613.0,0.0
0,520800,JAMS,6612.0,252.0,0.0,0.0,0.0,0.0,6614,252,0.0,0.0,0.0,0.0,6613.0,0.0
0,520900,JAMS,6612.0,275.0,0.0,0.0,0.0,0.0,6614,275,0.0,0.0,0.0,0.0,6613.0,0.0
0,521000,JAMS,6612.0,211.0,0.0,0.0,0.0,0.0,6614,211,0.0,0.0,0.0,0.0,6613.0,0.0
0,521100,JAMS,6612.0,66.0,6611.0,131.0,0.0,0.0,6613,66,6614.0,131.0,0.0,0.0,6612.5,0.0
0,521200,JAMS,6611.0,193.0,0.0,0.0,0.0,0.0,6613,193,0.0,0.0,0.0,0.0,6612.0,0.0
0,521300,JAMS,6612.0,62.0,6611.0,130.0,0.0,0.0,6613,62,6614.0,130.0,0.0,0.0,6612.5,0.0
0,521400,JAMS,6612.0,77.0,6611.0,105.0,0.0,0.0,6613,77,6614.0,105.0,0.0,0.0,6612.5,0.0
0,521500,JAMS,6611.0,246.0,0.0,0.0,0.0,0.0,6613,246,0.0,0.0,0.0,0.0,6612.0,0.0
0,521600,JAMS,6611.0,192.0,0.0,0.0,0.0,0.0,6613,192,0.0,0.0,0.0,0.0,6612.0,0.0
0,521700,JAMS,6611.0,161.0,0.0,0.0,0.0,0.0,6613,173,0.0,0.0,0.0,0.0,6612.0,0.0
0,521800,JAMS,6611.0,223.0,0.0,0.0,0.0,0.0,6613,223,0.0,0.0,0.0,0.0,6612.0,0.0
0,521900,JAMS,6611.0,191.0,0.0,0.0,0.0,0.0,6613,191,0.0,0.0,0.0,0.0,6612.0,0.0
0,522000,JAMS,6611.0,188.0,0.0,0.0,0.0,0.0,6613,188,0.0,0.0,0.0,0.0,6612.0,0.0
0,522100,JAMS,6611.0,212.0,0.0,0.0,0.0,0.0,6613,212,0.0,0.0,0.0,0.0,6612.0,0.0
0,522200,JAMS,6611.0,207.0,0.0,0.0,0.0,0.0,6613,207,0.0,0.0,0.0,0.0,6612.0,0.0
0,522300,JAMS,6611.0,88.0,6610.0,105.0,0.0,0.0,6612,88,6613.0,105.0,0.0,0.0,6611.5,0.0
0,522400,JAMS,6611.0,59.0,6610.0,189.0,0.0,0.0,6612,59,6613.0,189.0,0.0,0.0,6611.5,0.0
0,522500,JAMS,6610.0,53.0,6609.0,188.0,0.0,0.0,6611,53,6612.0,188.0,0.0,0.0,6610.5,0.0
0,522600,JAMS,6609.0,196.0,0.0,0.0,0.0,0.0,6611,196,0.0,0.0,0.0,0.0,6610.0,0.0
0,522700,JAMS,6610.0,96.0,6609.0,183.0,0.0,0.0,6611,96,6612.0,183.0,0.0,0.0,6610.5,0.0
0,522800,JAMS,6610.0,250.0,0.0,0.0,0.0,0.0,6612,245,0.0,0.0,0.0,0.0,6611.0,0.0
0,522900,JAMS,6610.0,56.0,6609.0,145.0,0.0,0.0,6611,56,6612.0,145.0,0.0,0.0,6610.5,0.0
0,523000,JAMS,6610.0,203.0,0.0,0.0,0.0,0.0,6612,203,0.0,0.0,0.0,0.0,6611.0,0.0
0,523100,JAMS,6610.0,91.0,6609.0,187.0,0.0,0.0,6611,91,6612.0,187.0,0.0,0.0,6610.5,0.0
0,523200,JAMS,6609.0,251.0,0.0,0.0,0.0,0.0,6611,251,0.0,0.0,0.0,0.0,6610.0,0.0
0,523300,JAMS,6609.0,278.0,0.0,0.0,0.0,0.0,6611,285,0.0,0.0,0.0,0.0,6610.0,0.0
0,523400,JAMS,6609.0,193.0,0.0,0.0,0.0,0.0,6611,193,0.0,0.0,0.0,0.0,6610.0,0.0
0,523500,JAMS,6610.0,98.0,6609.0,104.0,0.0,0.0,6611,98,6612.0,104.0,0.0,0.0,6610.5,0.0
0,523600,JAMS,6610.0,242.0,0.0,0.0,0.0,0.0,6612,242,0.0,0.0,0.0,0.0,6611.0,0.0
0,523700,JAMS,6610.0,277.0,0.0,0.0,0.0,0.0,6612,277,0.0,0.0,0.0,0.0,6611.0,0.0
0,523800,JAMS,6610.0,269.0,0.0,0.0,0.0,0.0,6612,269,0.0,0.0,0.0,0.0,6611.0,0.0
0,523900,JAMS,6610.0,240.0,0.0,0.0,0.0,0.0,6612,240,0.0,0.0,0.0,0.0,6611.0,0.0
0,524000,JAMS,6609.0,155.0,0.0,0.0,0.0,0.0,6611,155,0.0,0.0,0.0,0.0,6610.0,0.0
0,524100,JAMS,6609.0,248.0,0.0,0.0,0.0,0.0,6611,248,0.0,0.0,0.0,0.0,6610.0,0.0
0,524200,JAMS,6609.0,241.0,0.0,0.0,0.0,0.0,6611,241,0.0,0.0,0.0,0.0,6610.0,0.0
0,524300,JAMS,6609.0,212.0,0.0,0.0,0.0,0.0,6611,212,0.0,0.0,0.0,0.0,6610.0,0.0
0,524400,JAMS,6609.0,209.0,0.0,0.0,0.0,0.0,6611,209,0.0,0.0,0.0,0.0,6610.0,0.0
0,524500,JAMS,6609.0,239.0,0.0,0.0,0.0,0.0,6611,239,0.0,0.0,0.0,0.0,6610.0,0.0
0,524600,JAMS,6609.0,85.0,6608.0,186.0,0.0,0.0,6610,85,6611.0,186.0,0.0,0.0,6609.5,0.0
0,524700,JAMS,6609.0,203.0,0.0,0.0,0.0,0.0,6611,214,0.0,0.0,0.0,0.0,6610.0,0.0
0,524800,JAMS,6610.0,59.0,6609.0,143.0,0.0,0.0,6611,59,6612.0,143.0,0.0,0.0,6610.5,0.0
0,524900,JAMS,6610.0,176.0,0.0,0.0,0.0,0.0,6612,176,0.0,0.0,0.0,0.0,6611.0,0.0
0,525000,JAMS,6609.0,194.0,0.0,0.0,0.0,0.0,6611,194,0.0,0.0,0.0,0.0,6610.0,0.0
0,525100,JAMS,6610.0,232.0,0.0,0.0,0.0,0.0,6612,232,0.0,0.0,0.0,0.0,6611.0,0.0
0,525200,JAMS,6611.0,92.0,6610.0,140.0,0.0,0.0,6612,92,6613.0,140.0,0.0,0.0,6611.5,0.0
0,525300,JAMS,6610.0,228.0,0.0,0.0,0.0,0.0,6612,228,0.0,0.0,0.0,0.0,6611.0,0.0
0,525400,JAMS,6611.0,69.0,6610.0,116.0,0.0,0.0,6612,69,6613.0,116.0,0.0,0.0,6611.5,0.0
0,525500,JAMS,6610.0,189.0,0.0,0.0,0.0,0.0,6612,189,0.0,0.0,0.0,0.0,6611.0,0.0
0,525600,JAMS,6610.0,274.0,0.0,0.0,0.0,0.0,6612,274,0.0,0.0,0.0,0.0,6611.0,0.0
0,525700,JAMS,6610.0,56.0,6609.0,187.0,0.0,0.0,6611,56,6612.0,187.0,0.0,0.0,6610.5,0.0
0,525800,JAMS,6610.0,82.0,6609.0,106.0,0.0,0.0,6611,82,6612.0,106.0,0.0,0.0,6610.5,0.0
0,525900,JAMS,6610.0,92.0,6609.0,114.0,0.0,0.0,6611,92,6612.0,114.0,0.0,0.0,6610.5,0.0
0,526000,JAMS,6610.0,223.0,0.0,0.0,0.0,0.0,6612,223,0.0,0.0,0.0,0.0,6611.0,0.0
0,526100,JAMS,6610.0,81.0,6609.0,190.0,0.0,0.0,6611,81,6612.0,190.0,0.0,0.0,6610.5,0.0
0,526200,JAMS,6610.0,95.0,6609.0,176.0,0.0,0.0,6611,95,6612.0,176.0,0.0,0.0,6610.5,0.0
0,526300,JAMS,6609.0,246.0,0.0,0.0,0.0,0.0,6611,246,0.0,0.0,0.0,0.0,6610.0,0.0
0,526400,JAMS,6609.0,237.0,0.0,0.0,0.0,0.0,6611,237,0.0,0.0,0.0,0.0,6610.0,0.0
0,526500,JAMS,6610.0,89.0,6609.0,133.0,0.0,0.0,6611,89,6612.0,133.0,0.0,0.0,6610.5,0.0
0,526600,JAMS,6610.0,100.0,6609.0,192.0,0.0,0.0,6611,100,6612.0,192.0,0.0,0.0,6610.5,0.0
0,526700,JAMS,6610.0,94.0,6609.0,146.0,0.0,0.0,6611,94,6612.0,146.0,0.0,0.0,6610.5,0.0
0,526800,JAMS,6611.0,217.0,0.0,0.0,0.0,0.0,6613,217,0.0,0.0,0.0,0.0,6612.0,0.0
0,526900,JAMS,6611.0,218.0,0.0,0.0,0.0,0.0,6613,218,0.0,0.0,0.0,0.0,6612.0,0.0
0,527000,JAMS,6612.0,5.0,6611.0,179.0,0.0,0.0,6613,179,0.0,0.0,0.0,0.0,6612.5,0.0
0,527100,JAMS,6611.0,235.0,0.0,0.0,0.0,0.0,6613,235,0.0,0.0,0.0,0.0,6612.0,0.0
0,527200,JAMS,6612.0,232.0,0.0,0.0,0.0,0.0,6614,240,0.0,0.0,0.0,0.0,6613.0,0.0
0,527300,JAMS,6612.0,210.0,0.0,0.0,0.0,0.0,6614,210,0.0,0.0,0.0,0.0,6613.0,0.0
0,527400,JAMS,6612.0,173.0,0.0,0.0,0.0,0.0,6614,173,0.0,0.0,0.0,0.0,6613.0,0.0
0,527500,JAMS,6612.0,87.0,6611.0,163.0,0.0,0.0,6613,87,6614.0,163.0,0.0,0.0,6612.5,0.0
0,527600,JAMS,6611.0,175.0,0.0,0.0,0.0,0.0,6613,175,0.0,0.0,0.0,0.0,6612.0,0.0
0,527700,JAMS,6611.0,196.0,0.0,0.0,0.0,0.0,6613,196,0.0,0.0,0.0,0.0,6612.0,0.0
0,527800,JAMS,6611.0,294.0,0.0,0.0,0.0,0.0,6613,286,0.0,0.0,0.0,0.0,6612.0,0.0
0,527900,JAMS,6611.0,69.0,6610.0,192.0,0.0,0.0,6612,69,6613.0,192.0,0.0,0.0,6611.5,0.0
0,528000,JAMS,6611.0,252.0,0.0,0.0,0.0,0.0,6613,252,0.0,0.0,0.0,0.0,6612.0,0.0
0,528100,JAMS,6611.0,228.0,0.0,0.0,0.0,0.0,6613,228,0.0,0.0,0.0,0.0,6612.0,0.0
0,528200,JAMS,6611.0,227.0,0.0,0.0,0.0,0.0,6613,227,0.0,0.0,0.0,0.0,6612.0,0.0
0,528300,JAMS,6611.0,97.0,6610.0,147.0,0.0,0.0,6612,97,6613.0,147.0,0.0,0.0,6611.5,0.0
0,528400,JAMS,6611.0,81.0,6610.0,120.0,0.0,0.0,6612,81,6613.0,120.0,0.0,0.0,6611.5,0.0
0,528500,JAMS,6611.0,192.0,0.0,0.0,0.0,0.0,6613,183,0.0,0.0,0.0,0.0,6612.0,0.0
0,528600,JAMS,6611.0,262.0,0.0,0.0,0.0,0.0,6613,262,0.0,0.0,0.0,0.0,6612.0,0.0
0,528700,JAMS,6611.0,156.0,0.0,0.0,0.0,0.0,6613,156,0.0,0.0,0.0,0.0,6612.0,0.0
0,528800,JAMS,6611.0,268.0,0.0,0.0,0.0,0.0,6613,268,0.0,0.0,0.0,0.0,6612.0,0.0
0,528900,JAMS,6611.0,57.0,6610.0,151.0,0.0,0.0,6612,57,6613.0,151.0,0.0,0.0,6611.5,0.0
0,529000,JAMS,6611.0,289.0,0.0,0.0,0.0,0.0,6613,289,0.0,0.0,0.0,0.0,6612.0,0.0
0,529100,JAMS,6611.0,166.0,0.0,0.0,0.0,0.0,6613,166,0.0,0.0,0.0,0.0,6612.0,0.0
0,529200,JAMS,6612.0,273.0,0.0,0.0,0.0,0.0,6614,273,0.0,0.0,0.0,0.0,6613.0,0.0
0,529300,JAMS,6614.0,183.0,0.0,0.0,0.0,0.0,6616,183,0.0,0.0,0.0,0.0,6615.0,0.0
0,529400,JAMS,6615.0,207.0,0.0,0.0,0.0,0.0,6617,207,0.0,0.0,0.0,0.0,6616.0,0.0
0,529500,JAMS,6615.0,288.0,0.0,0.0,0.0,0.0,6616,5,6617.0,288.0,0.0,0.0,6615.5,0.0
0,529600,JAMS,6615.0,166.0,0.0,0.0,0.0,0.0,6617,166,0.0,0.0,0.0,0.0,6616.0,0.0
0,529700,JAMS,6614.0,69.0,6613.0,169.0,0.0,0.0,6615,69,6616.0,169.0,0.0,0.0,6614.5,0.0
0,529800,JAMS,6613.0,248.0,0.0,0.0,0.0,0.0,6615,248,0.0,0.0,0.0,0.0,6614.0,0.0
0,529900,JAMS,6614.0,203.0,0.0,0.0,0.0,0.0,6616,203,0.0,0.0,0.0,0.0,6615.0,0.0
0,530000,JAMS,6614.0,57.0,6613.0,160.0,0.0,0.0,6615,57,6616.0,160.0,0.0,0.0,6614.5,0.0
0,530100,JAMS,6613.0,183.0,0.0,0.0,0.0,0.0,6615,183,0.0,0.0,0.0,0.0,6614.0,0.0
0,530200,JAMS,6613.0,220.0,0.0,0.0,0.0,0.0,6615,220,0.0,0.0,0.0,0.0,6614.0,0.0
0,530300,JAMS,6613.0,284.0,0.0,0.0,0.0,0.0,6615,284,0.0,0.0,0.0,0.0,6614.0,0.0
0,530400,JAMS,6613.0,241.0,0.0,0.0,0.0,0.0,6615,241,0.0,0.0,0.0,0.0,6614.0,0.0
0,530500,JAMS,6613.0,192.0,0.0,0.0,0.0,0.0,6615,192,0.0,0.0,0.0,0.0,6614.0,0.0
0,530600,JAMS,6613.0,224.0,0.0,0.0,0.0,0.0,6615,224,0.0,0.0,0.0,0.0,6614.0,0.0
0,530700,JAMS,6613.0,164.0,0.0,0.0,0.0,0.0,6615,164,0.0,0.0,0.0,0.0,6614.0,0.0
0,530800,JAMS,6614.0,223.0,0.0,0.0,0.0,0.0,6615,8,6616.0,223.0,0.0,0.0,6614.5,0.0
0,530900,JAMS,6614.0,171.0,0.0,0.0,0.0,0.0,6616,171,0.0,0.0,0.0,0.0,6615.0,0.0
0,531000,JAMS,6614.0,297.0,0.0,0.0,0.0,0.0,6616,297,0.0,0.0,0.0,0.0,6615.0,0.0
0,531100,JAMS,6614.0,197.0,0.0,0.0,0.0,0.0,6616,197,0.0,0.0,0.0,0.0,6615.0,0.0
0,531200,JAMS,6614.0,71.0,6613.0,194.0,0.0,0.0,6615,71,6616.0,194.0,0.0,0.0,6614.5,0.0
0,531300,JAMS,6614.0,207.0,0.0,0.0,0.0,0.0,6616,207,0.0,0.0,0.0,0.0,6615.0,0.0
0,531400,JAMS,6614.0,227.0,0.0,0.0,0.0,0.0,6616,227,0.0,0.0,0.0,0.0,6615.0,0.0
0,531500,JAMS,6614.0,210.0,0.0,0.0,0.0,0.0,6616,210,0.0,0.0,0.0,0.0,6615.0,0.0
0,531600,JAMS,6614.0,215.0,0.0,0.0,0.0,0.0,6616,215,0.0,0.0,0.0,0.0,6615.0,0.0
0,531700,JAMS,6614.0,155.0,0.0,0.0,0.0,0.0,6616,155,0.0,0.0,0.0,0.0,6615.0,0.0
0,531800,JAMS,6614.0,241.0,0.0,0.0,0.0,0.0,6616,241,0.0,0.0,0.0,0.0,6615.0,0.0
0,531900,JAMS,6614.0,259.0,0.0,0.0,0.0,0.0,6616,259,0.0,0.0,0.0,0.0,6615.0,0.0
0,532000,JAMS,6614.0,96.0,6613.0,156.0,0.0,0.0,6615,96,6616.0,156.0,0.0,0.0,6614.5,0.0
0,532100,JAMS,6614.0,85.0,6613.0,148.0,0.0,0.0,6615,85,6616.0,148.0,0.0,0.0,6614.5,0.0
0,532200,JAMS,6614.0,233.0,0.0,0.0,0.0,0.0,6616,233,0.0,0.0,0.0,0.0,6615.0,0.0
0,532300,JAMS,6614.0,62.0,6613.0,127.0,0.0,0.0,6615,62,6616.0,127.0,0.0,0.0,6614.5,0.0
0,532400,JAMS,6614.0,71.0,6613.0,194.0,0.0,0.0,6615,71,6616.0,194.0,0.0,0.0,6614.5,0.0
0,532500,JAMS,6614.0,65.0,6613.0,173.0,0.0,0.0,6615,65,6616.0,173.0,0.0,0.0,6614.5,0.0
0,532600,JAMS,6612.0,184.0,0.0,0.0,0.0,0.0,6614,184,0.0,0.0,0.0,0.0,6613.0,0.0
0,532700,JAMS,6612.0,226.0,0.0,0.0,0.0,0.0,6614,226,0.0,0.0,0.0,0.0,6613.0,0.0
0,532800,JAMS,6612.0,56.0,6611.0,144.0,0.0,0.0,6613,56,6614.0,144.0,0.0,0.0,6612.5,0.0
0,532900,JAMS,6612.0,57.0,6611.0,134.0,0.0,0.0,6613,57,6614.0,134.0,0.0,0.0,6612.5,0.0
0,533000,JAMS,6612.0,59.0,6611.0,161.0,0.0,0.0,6613,59,6614.0,161.0,0.0,0.0,6612.5,0.0
0,533100,JAMS,6612.0,97.0,6611.0,150.0,0.0,0.0,6613,97,6614.0,150.0,0.0,0.0,6612.5,0.0
0,533200,JAMS,6612.0,85.0,6611.0,196.0,0.0,0.0,6613,82,6614.0,196.0,0.0,0.0,6612.5,0.0
0,533300,JAMS,6612.0,264.0,0.0,0.0,0.0,0.0,6614,264,0.0,0.0,0.0,0.0,6613.0,0.0
0,533400,JAMS,6612.0,100.0,6611.0,153.0,0.0,0.0,6613,100,6614.0,153.0,0.0,0.0,6612.5,0.0
0,533500,JAMS,6611.0,266.0,0.0,0.0,0.0,0.0,6613,266,0.0,0.0,0.0,0.0,6612.0,0.0
0,533600,JAMS,6611.0,258.0,0.0,0.0,0.0,0.0,6613,258,0.0,0.0,0.0,0.0,6612.0,0.0
0,533700,JAMS,6611.0,83.0,6610.0,153.0,0.0,0.0,6612,83,6613.0,153.0,0.0,0.0,6611.5,0.0
0,533800,JAMS,6610.0,227.0,0.0,0.0,0.0,0.0,6612,227,0.0,0.0,0.0,0.0,6611.0,0.0
0,533900,JAMS,6611.0,54.0,6610.0,120.0,0.0,0.0,6612,54,6613.0,120.0,0.0,0.0,6611.5,0.0
0,534000,JAMS,6610.0,178.0,0.0,0.0,0.0,0.0,6612,178,0.0,0.0,0.0,0.0,6611.0,0.0
0,534100,JAMS,6611.0,7.0,6610.0,193.0,0.0,0.0,6612,193,0.0,0.0,0.0,0.0,6611.5,0.0
0,534200,JAMS,6610.0,224.0,0.0,0.0,0.0,0.0,6612,224,0.0,0.0,0.0,0.0,6611.0,0.0
0,534300,JAMS,6610.0,186.0,0.0,0.0,0.0,0.0,6612,186,0.0,0.0,0.0,0.0,6611.0,0.0
0,534400,JAMS,6610.0,229.0,0.0,0.0,0.0,0.0,6612,229,0.0,0.0,0.0,0.0,6611.0,0.0
0,534500,JAMS,6611.0,263.0,0.0,0.0,0.0,0.0,6613,263,0.0,0.0,0.0,0.0,6612.0,0.0
0,534600,JAMS,6611.0,265.0,0.0,0.0,0.0,0.0,6613,265,0.0,0.0,0.0,0.0,6612.0,0.0
0,534700,JAMS,6611.0,229.0,0.0,0.0,0.0,0.0,6613,229,0.0,0.0,0.0,0.0,6612.0,0.0
0,534800,JAMS,6611.0,199.0,0.0,0.0,0.0,0.0,6613,199,0.0,0.0,0.0,0.0,6612.0,0.0
0,534900,JAMS,6612.0,53.0,6611.0,131.0,0.0,0.0,6613,53,6614.0,131.0,0.0,0.0,6612.5,0.0
0,535000,JAMS,6611.0,207.0,0.0,0.0,0.0,0.0,6613,207,0.0,0.0,0.0,0.0,6612.0,0.0
0,535100,JAMS,6611.0,262.0,0.0,0.0,0.0,0.0,6613,262,0.0,0.0,0.0,0.0,6612.0,0.0
0,535200,JAMS,6611.0,168.0,0.0,0.0,0.0,0.0,6613,168,0.0,0.0,0.0,0.0,6612.0,0.0
0,535300,JAMS,6611.0,233.0,0.0,0.0,0.0,0.0,6613,233,0.0,0.0,0.0,0.0,6612.0,0.0
0,535400,JAMS,6611.0,179.0,0.0,0.0,0.0,0.0,6613,179,0.0,0.0,0.0,0.0,6612.0,0.0
0,535500,JAMS,6611.0,262.0,0.0,0.0,0.0,0.0,6613,262,0.0,0.0,0.0,0.0,6612.0,0.0
0,535600,JAMS,6610.0,246.0,0.0,0.0,0.0,0.0,6612,246,0.0,0.0,0.0,0.0,6611.0,0.0
0,535700,JAMS,6610.0,255.0,0.0,0.0,0.0,0.0,6612,255,0.0,0.0,0.0,0.0,6611.0,0.0
0,535800,JAMS,6610.0,54.0,6609.0,170.0,0.0,0.0,6611,54,6612.0,170.0,0.0,0.0,6610.5,0.0
0,535900,JAMS,6610.0,50.0,6609.0,104.0,0.0,0.0,6611,50,6612.0,104.0,0.0,0.0,6610.5,0.0
0,536000,JAMS,6609.0,184.0,0.0,0.0,0.0,0.0,6611,184,0.0,0.0,0.0,0.0,6610.0,0.0
0,536100,JAMS,6609.0,251.0,0.0,0.0,0.0,0.0,6611,251,0.0,0.0,0.0,0.0,6610.0,0.0
0,536200,JAMS,6609.0,237.0,0.0,0.0,0.0,0.0,6611,237,0.0,0.0,0.0,0.0,6610.0,0.0
0,536300,JAMS,6609.0,256.0,0.0,0.0,0.0,0.0,6611,256,0.0,0.0,0.0,0.0,6610.0,0.0
0,536400,JAMS,6609.0,84.0,6608.0,144.0,0.0,0.0,6610,84,6611.0,144.0,0.0,0.0,6609.5,0.0
0,536500,JAMS,6608.0,189.0,0.0,0.0,0.0,0.0,6610,189,0.0,0.0,0.0,0.0,6609.0,0.0
0,536600,JAMS,6609.0,260.0,0.0,0.0,0.0,0.0,6611,260,0.0,0.0,0.0,0.0,6610.0,0.0
0,536700,JAMS,6609.0,227.0,0.0,0.0,0.0,0.0,6610,94,6611.0,133.0,0.0,0.0,6609.5,0.0
0,536800,JAMS,6609.0,64.0,6608.0,117.0,0.0,0.0,6610,64,6611.0,117.0,0.0,0.0,6609.5,0.0
0,536900,JAMS,6608.0,174.0,0.0,0.0,0.0,0.0,6610,174,0.0,0.0,0.0,0.0,6609.0,0.0
0,537000,JAMS,6609.0,92.0,6608.0,192.0,0.0,0.0,6610,92,6611.0,192.0,0.0,0.0,6609.5,0.0
0,537100,JAMS,6608.0,97.0,6607.0,129.0,0.0,0.0,6609,97,6610.0,129.0,0.0,0.0,6608.5,0.0
0,537200,JAMS,6608.0,82.0,6607.0,163.0,0.0,0.0,6609,82,6610.0,163.0,0.0,0.0,6608.5,0.0
0,537300,JAMS,6608.0,211.0,0.0,0.0,0.0,0.0,6610,211,0.0,0.0,0.0,0.0,6609.0,0.0
0,537400,JAMS,6608.0,231.0,0.0,0.0,0.0,0.0,6610,231,0.0,0.0,0.0,0.0,6609.0,0.0
0,537500,JAMS,6608.0,201.0,0.0,0.0,0.0,0.0,6610,196,0.0,0.0,0.0,0.0,6609.0,0.0
0,537600,JAMS,6608.0,96.0,6607.0,110.0,0.0,0.0,6609,96,6610.0,110.0,0.0,0.0,6608.5,0.0
0,537700,JAMS,6608.0,76.0,6607.0,136.0,0.0,0.0,6609,76,6610.0,136.0,0.0,0.0,6608.5,0.0
0,537800,JAMS,6608.0,88.0,6607.0,175.0,0.0,0.0,6609,88,6610.0,175.0,0.0,0.0,6608.5,0.0
0,537900,JAMS,6608.0,57.0,6607.0,161.0,0.0,0.0,6609,57,6610.0,161.0,0.0,0.0,6608.5,0.0
0,538000,JAMS,6608.0,222.0,0.0,0.0,0.0,0.0,6610,222,0.0,0.0,0.0,0.0,6609.0,0.0
0,538100,JAMS,6608.0,93.0,6607.0,179.0,0.0,0.0,6609,99,6610.0,179.0,0.0,0.0,6608.5,0.0
0,538200,JAMS,6608.0,55.0,6607.0,157.0,0.0,0.0,6609,55,6610.0,157.0,0.0,0.0,6608.5,0.0
0,538300,JAMS,6608.0,52.0,6607.0,200.0,0.0,0.0,6609,52,6610.0,200.0,0.0,0.0,6608.5,0.0
0,538400,JAMS,6608.0,237.0,0.0,0.0,0.0,0.0,6609,100,6610.0,137.0,0.0,0.0,6608.5,0.0
0,538500,JAMS,6608.0,79.0,6607.0,146.0,0.0,0.0,6609,79,6610.0,146.0,0.0,0.0,6608.5,0.0
0,538600,JAMS,6605.0,200.0,0.0,0.0,0.0,0.0,6607,200,0.0,0.0,0.0,0.0,6606.0,0.0
0,538700,JAMS,6605.0,239.0,0.0,0.0,0.0,0.0,6607,239,0.0,0.0,0.0,0.0,6606.0,0.0
0,538800,JAMS,6605.0,218.0,0.0,0.0,0.0,0.0,6607,218,0.0,0.0,0.0,0.0,6606.0,0.0
0,538900,JAMS,6605.0,174.0,0.0,0.0,0.0,0.0,6607,174,0.0,0.0,0.0,0.0,6606.0,0.0
0,539000,JAMS,6605.0,201.0,0.0,0.0,0.0,0.0,6607,201,0.0,0.0,0.0,0.0,6606.0,0.0
0,539100,JAMS,6605.0,220.0,0.0,0.0,0.0,0.0,6607,220,0.0,0.0,0.0,0.0,6606.0,0.0
0,539200,JAMS,6606.0,218.0,0.0,0.0,0.0,0.0,6608,218,0.0,0.0,0.0,0.0,6607.0,0.0
0,539300,JAMS,6606.0,95.0,6605.0,191.0,0.0,0.0,6607,95,6608.0,191.0,0.0,0.0,6606.5,0.0
0,539400,JAMS,6606.0,247.0,0.0,0.0,0.0,0.0,6608,243,0.0,0.0,0.0,0.0,6607.0,0.0
0,539500,JAMS,6606.0,66.0,6605.0,186.0,0.0,0.0,6607,66,6608.0,186.0,0.0,0.0,6606.5,0.0
0,539600,JAMS,6606.0,78.0,6605.0,134.0,0.0,0.0,6607,78,6608.0,134.0,0.0,0.0,6606.5,0.0
0,539700,JAMS,6606.0,277.0,0.0,0.0,0.0,0.0,6608,277,0.0,0.0,0.0,0.0,6607.0,0.0
0,539800,JAMS,6606.0,92.0,6605.0,179.0,0.0,0.0,6607,92,6608.0,179.0,0.0,0.0,6606.5,0.0
0,539900,JAMS,6605.0,241.0,0.0,0.0,0.0,0.0,6607,241,0.0,0.0,0.0,0.0,6606.0,0.0
0,540000,JAMS,6606.0,78.0,6605.0,104.0,0.0,0.0,6607,78,6608.0,104.0,0.0,0.0,6606.5,0.0
0,540100,JAMS,6606.0,74.0,6605.0,170.0,0.0,0.0,6607,74,6608.0,170.0,0.0,0.0,6606.5,0.0
0,540200,JAMS,6606.0,90.0,6605.0,167.0,0.0,0.0,6607,90,6608.0,167.0,0.0,0.0,6606.5,0.0
0,540300,JAMS,6606.0,186.0,0.0,0.0,0.0,0.0,6608,186,0.0,0.0,0.0,0.0,6607.0,0.0
0,540400,JAMS,6606.0,201.0,0.0,0.0,0.0,0.0,6608,201,0.0,0.0,0.0,0.0,6607.0,0.0
0,540500,JAMS,6606.0,251.0,0.0,0.0,0.0,0.0,6608,251,0.0,0.0,0.0,0.0,6607.0,0.0
0,540600,JAMS,6606.0,222.0,0.0,0.0,0.0,0.0,6608,222,0.0,0.0,0.0,0.0,6607.0,0.0
0,540700,JAMS,6606.0,195.0,0.0,0.0,0.0,0.0,6608,195,0.0,0.0,0.0,0.0,6607.0,0.0
0,540800,JAMS,6606.0,68.0,6605.0,116.0,0.0,0.0,6607,68,6608.0,116.0,0.0,0.0,6606.5,0.0
0,540900,JAMS,6605.0,197.0,0.0,0.0,0.0,0.0,6607,197,0.0,0.0,0.0,0.0,6606.0,0.0
0,541000,JAMS,6605.0,198.0,0.0,0.0,0.0,0.0,6607,198,0.0,0.0,0.0,0.0,6606.0,0.0
0,541100,JAMS,6605.0,243.0,0.0,0.0,0.0,0.0,6607,243,0.0,0.0,0.0,0.0,6606.0,0.0
0,541200,JAMS,6605.0,189.0,0.0,0.0,0.0,0.0,6607,189,0.0,0.0,0.0,0.0,6606.0,0.0
0,541300,JAMS,6605.0,196.0,0.0,0.0,0.0,0.0,6607,196,0.0,0.0,0.0,0.0,6606.0,0.0
0,541400,JAMS,6606.0,84.0,6605.0,157.0,0.0,0.0,6607,84,6608.0,157.0,0.0,0.0,6606.5,0.0
0,541500,JAMS,6605.0,65.0,6604.0,185.0,0.0,0.0,6606,65,6607.0,185.0,0.0,0.0,6605.5,0.0
0,541600,JAMS,6605.0,80.0,6604.0,199.0,0.0,0.0,6606,80,6607.0,199.0,0.0,0.0,6605.5,0.0
0,541700,JAMS,6604.0,255.0,0.0,0.0,0.0,0.0,6606,255,0.0,0.0,0.0,0.0,6605.0,0.0
0,541800,JAMS,6604.0,234.0,0.0,0.0,0.0,0.0,6606,234,0.0,0.0,0.0,0.0,6605.0,0.0
0,541900,JAMS,6604.0,210.0,0.0,0.0,0.0,0.0,6606,210,0.0,0.0,0.0,0.0,6605.0,0.0
0,542000,JAMS,6604.0,59.0,6603.0,146.0,0.0,0.0,6605,59,6606.0,146.0,0.0,0.0,6604.5,0.0
0,542100,JAMS,6604.0,93.0,6603.0,156.0,0.0,0.0,6605,93,6606.0,156.0,0.0,0.0,6604.5,0.0
0,542200,JAMS,6604.0,87.0,6603.0,200.0,0.0,0.0,6605,87,6606.0,200.0,0.0,0.0,6604.5,0.0
0,542300,JAMS,6604.0,75.0,6603.0,176.0,0.0,0.0,6605,75,6606.0,176.0,0.0,0.0,6604.5,0.0
0,542400,JAMS,6603.0,217.0,0.0,0.0,0.0,0.0,6605,217,0.0,0.0,0.0,0.0,6604.0,0.0
0,542500,JAMS,6603.0,203.0,0.0,0.0,0.0,0.0,6605,203,0.0,0.0,0.0,0.0,6604.0,0.0
0,542600,JAMS,6604.0,85.0,6603.0,127.0,0.0,0.0,6605,96,6606.0,127.0,0.0,0.0,6604.5,0.0
0,542700,JAMS,6603.0,216.0,0.0,0.0,0.0,0.0,6605,216,0.0,0.0,0.0,0.0,6604.0,0.0
0,542800,JAMS,6604.0,59.0,6603.0,143.0,0.0,0.0,6605,59,6606.0,143.0,0.0,0.0,6604.5,0.0
0,542900,JAMS,6603.0,256.0,0.0,0.0,0.0,0.0,6605,256,0.0,0.0,0.0,0.0,6604.0,0.0
0,543000,JAMS,6603.0,247.0,0.0,0.0,0.0,0.0,6605,247,0.0,0.0,0.0,0.0,6604.0,0.0
0,543100,JAMS,6603.0,234.0,0.0,0.0,0.0,0.0,6605,234,0.0,0.0,0.0,0.0,6604.0,0.0
0,543200,JAMS,6603.0,57.0,6602.0,151.0,0.0,0.0,6604,57,6605.0,151.0,0.0,0.0,6603.5,0.0
0,543300,JAMS,6602.0,239.0,0.0,0.0,0.0,0.0,6604,239,0.0,0.0,0.0,0.0,6603.0,0.0
0,543400,JAMS,6602.0,253.0,0.0,0.0,0.0,0.0,6604,253,0.0,0.0,0.0,0.0,6603.0,0.0
0,543500,JAMS,6603.0,239.0,0.0,0.0,0.0,0.0,6605,239,0.0,0.0,0.0,0.0,6604.0,0.0
0,543600,JAMS,6604.0,76.0,6603.0,195.0,0.0,0.0,6605,76,6606.0,195.0,0.0,0.0,6604.5,0.0
0,543700,JAMS,6604.0,73.0,6603.0,150.0,0.0,0.0,6605,73,6606.0,150.0,0.0,0.0,6604.5,0.0
0,543800,JAMS,6604.0,73.0,6603.0,187.0,0.0,0.0,6605,73,6606.0,187.0,0.0,0.0,6604.5,0.0
0,543900,JAMS,6603.0,244.0,0.0,0.0,0.0,0.0,6605,244,0.0,0.0,0.0,0.0,6604.0,0.0
0,544000,JAMS,6603.0,249.0,0.0,0.0,0.0,0.0,6605,249,0.0,0.0,0.0,0.0,6604.0,0.0
0,544100,JAMS,6603.0,202.0,0.0,0.0,0.0,0.0,6605,202,0.0,0.0,0.0,0.0,6604.0,0.0
0,544200,JAMS,6603.0,203.0,0.0,0.0,0.0,0.0,6605,209,0.0,0.0,0.0,0.0,6604.0,0.0
0,544300,JAMS,6603.0,240.0,0.0,0.0,0.0,0.0,6605,240,0.0,0.0,0.0,0.0,6604.0,0.0
0,544400,JAMS,6603.0,56.0,6602.0,121.0,0.0,0.0,6604,56,6605.0,121.0,0.0,0.0,6603.5,0.0
0,544500,JAMS,6602.0,180.0,0.0,0.0,0.0,0.0,6604,180,0.0,0.0,0.0,0.0,6603.0,0.0
0,544600,JAMS,6602.0,248.0,0.0,0.0,0.0,0.0,6604,248,0.0,0.0,0.0,0.0,6603.0,0.0
0,544700,JAMS,6602.0,270.0,0.0,0.0,0.0,0.0,6604,270,0.0,0.0,0.0,0.0,6603.0,0.0
0,544800,JAMS,6603.0,60.0,6602.0,116.0,0.0,0.0,6604,60,6605.0,116.0,0.0,0.0,6603.5,0.0
0,544900,JAMS,6602.0,289.0,0.0,0.0,0.0,0.0,6604,289,0.0,0.0,0.0,0.0,6603.0,0.0
0,545000,JAMS,6602.0,232.0,0.0,0.0,0.0,0.0,6604,232,0.0,0.0,0.0,0.0,6603.0,0.0
0,545100,JAMS,6602.0,256.0,0.0,0.0,0.0,0.0,6604,256,0.0,0.0,0.0,0.0,6603.0,0.0
0,545200,JAMS,6603.0,6.0,6602.0,191.0,0.0,0.0,6604,191,0.0,0.0,0.0,0.0,6603.5,0.0
0,545300,JAMS,6602.0,174.0,0.0,0.0,0.0,0.0,6604,174,0.0,0.0,0.0,0.0,6603.0,0.0
0,545400,JAMS,6602.0,208.0,0.0,0.0,0.0,0.0,6604,208,0.0,0.0,0.0,0.0,6603.0,0.0
0,545500,JAMS,6602.0,235.0,0.0,0.0,0.0,0.0,6604,235,0.0,0.0,0.0,0.0,6603.0,0.0
0,545600,JAMS,6603.0,82.0,6602.0,119.0,0.0,0.0,6604,71,6605.0,119.0,0.0,0.0,6603.5,0.0
0,545700,JAMS,6603.0,52.0,6602.0,156.0,0.0,0.0,6604,59,6605.0,156.0,0.0,0.0,6603.5,0.0
0,545800,JAMS,6602.0,230.0,0.0,0.0,0.0,0.0,6604,230,0.0,0.0,0.0,0.0,6603.0,0.0
0,545900,JAMS,6602.0,188.0,0.0,0.0,0.0,0.0,6604,188,0.0,0.0,0.0,0.0,6603.0,0.0
0,546000,JAMS,6602.0,220.0,0.0,0.0,0.0,0.0,6604,220,0.0,0.0,0.0,0.0,6603.0,0.0
0,546100,JAMS,6603.0,53.0,6602.0,172.0,0.0,0.0,6604,53,6605.0,172.0,0.0,0.0,6603.5,0.0
0,546200,JAMS,6603.0,84.0,6602.0,184.0,0.0,0.0,6604,84,6605.0,184.0,0.0,0.0,6603.5,0.0
0,546300,JAMS,6603.0,266.0,0.0,0.0,0.0,0.0,6605,266,0.0,0.0,0.0,0.0,6604.0,0.0
0,546400,JAMS,6603.0,100.0,6602.0,174.0,0.0,0.0,6604,100,6605.0,174.0,0.0,0.0,6603.5,0.0
0,546500,JAMS,6603.0,262.0,0.0,0.0,0.0,0.0,6605,262,0.0,0.0,0.0,0.0,6604.0,0.0
0,546600,JAMS,6602.0,229.0,0.0,0.0,0.0,0.0,6604,229,0.0,0.0,0.0,0.0,6603.0,0.0
0,546700,JAMS,6602.0,287.0,0.0,0.0,0.0,0.0,6604,291,0.0,0.0,0.0,0.0,6603.0,0.0
0,546800,JAMS,6602.0,246.0,0.0,0.0,0.0,0.0,6604,246,0.0,0.0,0.0,0.0,6603.0,0.0
0,546900,JAMS,6603.0,46.0,6602.0,146.0,0.0,0.0,6604,55,6605.0,146.0,0.0,0.0,6603.5,0.0
0,547000,JAMS,6603.0,227.0,0.0,0.0,0.0,0.0,6605,227,0.0,0.0,0.0,0.0,6604.0,0.0
0,547100,JAMS,6604.0,93.0,6603.0,153.0,0.0,0.0,6605,93,6606.0,153.0,0.0,0.0,6604.5,0.0
0,547200,JAMS,6603.0,231.0,0.0,0.0,0.0,0.0,6605,231,0.0,0.0,0.0,0.0,6604.0,0.0
0,547300,JAMS,6603.0,220.0,0.0,0.0,0.0,0.0,6605,220,0.0,0.0,0.0,0.0,6604.0,0.0
0,547400,JAMS,6603.0,195.0,0.0,0.0,0.0,0.0,6605,195,0.0,0.0,0.0,0.0,6604.0,0.0
0,547500,JAMS,6603.0,183.0,0.0,0.0,0.0,0.0,6605,183,0.0,0.0,0.0,0.0,6604.0,0.0
0,547600,JAMS,6603.0,214.0,0.0,0.0,0.0,0.0,6605,214,0.0,0.0,0.0,0.0,6604.0,0.0
0,547700,JAMS,6603.0,88.0,6602.0,142.0,0.0,0.0,6604,88,6605.0,142.0,0.0,0.0,6603.5,0.0
0,547800,JAMS,6603.0,100.0,6602.0,108.0,0.0,0.0,6604,208,0.0,0.0,0.0,0.0,6603.5,0.0
0,547900,JAMS,6602.0,218.0,0.0,0.0,0.0,0.0,6603,12,6604.0,218.0,0.0,0.0,6602.5,0.0
0,548000,JAMS,6602.0,180.0,0.0,0.0,0.0,0.0,6604,180,0.0,0.0,0.0,0.0,6603.0,0.0
0,548100,JAMS,6602.0,238.0,0.0,0.0,0.0,0.0,6604,238,0.0,0.0,0.0,0.0,6603.0,0.0
0,548200,JAMS,6602.0,210.0,0.0,0.0,0.0,0.0,6604,210,0.0,0.0,0.0,0.0,6603.0,0.0
0,548300,JAMS,6603.0,76.0,6602.0,125.0,0.0,0.0,6604,65,6605.0,125.0,0.0,0.0,6603.5,0.0
0,548400,JAMS,6603.0,96.0,6602.0,181.0,0.0,0.0,6604,277,0.0,0.0,0.0,0.0,6603.5,0.0
0,548500,JAMS,6602.0,184.0,0.0,0.0,0.0,0.0,6604,184,0.0,0.0,0.0,0.0,6603.0,0.0
0,548600,JAMS,6602.0,221.0,0.0,0.0,0.0,0.0,6604,221,0.0,0.0,0.0,0.0,6603.0,0.0
0,548700,JAMS,6603.0,96.0,6602.0,122.0,0.0,0.0,6604,96,6605.0,122.0,0.0,0.0,6603.5,0.0
0,548800,JAMS,6603.0,249.0,0.0,0.0,0.0,0.0,6605,249,0.0,0.0,0.0,0.0,6604.0,0.0
0,548900,JAMS,6603.0,203.0,0.0,0.0,0.0,0.0,6604,83,6605.0,120.0,0.0,0.0,6603.5,0.0
0,549000,JAMS,6603.0,68.0,6602.0,126.0,0.0,0.0,6604,68,6605.0,126.0,0.0,0.0,6603.5,0.0
0,549100,JAMS,6606.0,72.0,6605.0,168.0,0.0,0.0,6607,72,6608.0,168.0,0.0,0.0,6606.5,0.0
0,549200,JAMS,6606.0,92.0,6605.0,136.0,0.0,0.0,6607,92,6608.0,136.0,0.0,0.0,6606.5,0.0
0,549300,JAMS,6605.0,250.0,0.0,0.0,0.0,0.0,6607,250,0.0,0.0,0.0,0.0,6606.0,0.0
0,549400,JAMS,6605.0,221.0,0.0,0.0,0.0,0.0,6607,221,0.0,0.0,0.0,0.0,6606.0,0.0
0,549500,JAMS,6605.0,270.0,0.0,0.0,0.0,0.0,6607,270,0.0,0.0,0.0,0.0,6606.0,0.0
0,549600,JAMS,6605.0,189.0,0.0,0.0,0.0,0.0,6607,189,0.0,0.0,0.0,0.0,6606.0,0.0
0,549700,JAMS,6605.0,222.0,0.0,0.0,0.0,0.0,6607,213,0.0,0.0,0.0,0.0,6606.0,0.0
0,549800,JAMS,6605.0,229.0,0.0,0.0,0.0,0.0,6607,229,0.0,0.0,0.0,0.0,6606.0,0.0
0,549900,JAMS,6605.0,71.0,6604.0,127.0,0.0,0.0,6606,71,6607.0,127.0,0.0,0.0,6605.5,0.0
0,550000,JAMS,6605.0,58.0,6604.0,181.0,0.0,0.0,6606,58,6607.0,181.0,0.0,0.0,6605.5,0.0
0,550100,JAMS,6604.0,241.0,0.0,0.0,0.0,0.0,6606,241,0.0,0.0,0.0,0.0,6605.0,0.0
0,550200,JAMS,6605.0,242.0,0.0,0.0,0.0,0.0,6607,242,0.0,0.0,0.0,0.0,6606.0,0.0
0,550300,JAMS,6605.0,270.0,0.0,0.0,0.0,0.0,6607,270,0.0,0.0,0.0,0.0,6606.0,0.0
0,550400,JAMS,6604.0,201.0,0.0,0.0,0.0,0.0,6606,201,0.0,0.0,0.0,0.0,6605.0,0.0
0,550500,JAMS,6604.0,57.0,6603.0,132.0,0.0,0.0,6605,57,6606.0,132.0,0.0,0.0,6604.5,0.0
0,550600,JAMS,6604.0,81.0,6603.0,116.0,0.0,0.0,6605,73,6606.0,116.0,0.0,0.0,6604.5,0.0
0,550700,JAMS,6603.0,248.0,0.0,0.0,0.0,0.0,6605,248,0.0,0.0,0.0,0.0,6604.0,0.0
0,550800,JAMS,6603.0,190.0,0.0,0.0,0.0,0.0,6605,190,0.0,0.0,0.0,0.0,6604.0,0.0
0,550900,JAMS,6603.0,246.0,0.0,0.0,0.0,0.0,6605,246,0.0,0.0,0.0,0.0,6604.0,0.0
0,551000,JAMS,6603.0,228.0,0.0,0.0,0.0,0.0,6605,228,0.0,0.0,0.0,0.0,6604.0,0.0
0,551100,JAMS,6603.0,152.0,0.0,0.0,0.0,0.0,6605,152,0.0,0.0,0.0,0.0,6604.0,0.0
0,551200,JAMS,6603.0,234.0,0.0,0.0,0.0,0.0,6605,234,0.0,0.0,0.0,0.0,6604.0,0.0
0,551300,JAMS,6603.0,266.0,0.0,0.0,0.0,0.0,6605,263,0.0,0.0,0.0,0.0,6604.0,0.0
0,551400,JAMS,6603.0,235.0,0.0,0.0,0.0,0.0,6605,241,0.0,0.0,0.0,0.0,6604.0,0.0
0,551500,JAMS,6603.0,223.0,0.0,0.0,0.0,0.0,6605,223,0.0,0.0,0.0,0.0,6604.0,0.0
0,551600,JAMS,6603.0,224.0,0.0,0.0,0.0,0.0,6604,9,6605.0,224.0,0.0,0.0,6603.5,0.0
0,551700,JAMS,6604.0,206.0,0.0,0.0,0.0,0.0,6606,206,0.0,0.0,0.0,0.0,6605.0,0.0
0,551800,JAMS,6605.0,88.0,6604.0,112.0,0.0,0.0,6606,88,6607.0,112.0,0.0,0.0,6605.5,0.0
0,551900,JAMS,6605.0,182.0,0.0,0.0,0.0,0.0,6607,186,0.0,0.0,0.0,0.0,6606.0,0.0
0,552000,JAMS,6605.0,58.0,6604.0,133.0,0.0,0.0,6606,65,6607.0,133.0,0.0,0.0,6605.5,0.0
0,552100,JAMS,6605.0,184.0,0.0,0.0,0.0,0.0,6607,181,0.0,0.0,0.0,0.0,6606.0,0.0
0,552200,JAMS,6605.0,220.0,0.0,0.0,0.0,0.0,6607,220,0.0,0.0,0.0,0.0,6606.0,0.0
0,552300,JAMS,6605.0,231.0,0.0,0.0,0.0,0.0,6607,231,0.0,0.0,0.0,0.0,6606.0,0.0
0,552400,JAMS,6605.0,165.0,0.0,0.0,0.0,0.0,6607,165,0.0,0.0,0.0,0.0,6606.0,0.0
0,552500,JAMS,6605.0,201.0,0.0,0.0,0.0,0.0,6607,201,0.0,0.0,0.0,0.0,6606.0,0.0
0,552600,JAMS,6605.0,236.0,0.0,0.0,0.0,0.0,6607,236,0.0,0.0,0.0,0.0,6606.0,0.0
0,552700,JAMS,6604.0,210.0,0.0,0.0,0.0,0.0,6606,210,0.0,0.0,0.0,0.0,6605.0,0.0
0,552800,JAMS,6603.0,188.0,0.0,0.0,0.0,0.0,6605,188,0.0,0.0,0.0,0.0,6604.0,0.0
0,552900,JAMS,6602.0,230.0,0.0,0.0,0.0,0.0,6604,230,0.0,0.0,0.0,0.0,6603.0,0.0
0,553000,JAMS,6602.0,74.0,6601.0,189.0,0.0,0.0,6603,69,6604.0,189.0,0.0,0.0,6602.5,0.0
0,553100,JAMS,6602.0,68.0,6601.0,112.0,0.0,0.0,6603,68,6604.0,112.0,0.0,0.0,6602.5,0.0
0,553200,JAMS,6601.0,180.0,0.0,0.0,0.0,0.0,6603,180,0.0,0.0,0.0,0.0,6602.0,0.0
0,553300,JAMS,6601.0,273.0,0.0,0.0,0.0,0.0,6603,273,0.0,0.0,0.0,0.0,6602.0,0.0
0,553400,JAMS,6601.0,232.0,0.0,0.0,0.0,0.0,6603,232,0.0,0.0,0.0,0.0,6602.0,0.0
0,553500,JAMS,6600.0,243.0,0.0,0.0,0.0,0.0,6602,250,0.0,0.0,0.0,0.0,6601.0,0.0
0,553600,JAMS,6600.0,249.0,0.0,0.0,0.0,0.0,6602,249,0.0,0.0,0.0,0.0,6601.0,0.0
0,553700,JAMS,6600.0,91.0,6599.0,126.0,0.0,0.0,6601,91,6602.0,126.0,0.0,0.0,6600.5,0.0
0,553800,JAMS,6600.0,64.0,6599.0,132.0,0.0,0.0,6601,64,6602.0,132.0,0.0,0.0,6600.5,0.0
0,553900,JAMS,6600.0,187.0,0.0,0.0,0.0,0.0,6602,187,0.0,0.0,0.0,0.0,6601.0,0.0
0,554000,JAMS,6600.0,197.0,0.0,0.0,0.0,0.0,6602,197,0.0,0.0,0.0,0.0,6601.0,0.0
0,554100,JAMS,6599.0,277.0,0.0,0.0,0.0,0.0,6601,277,0.0,0.0,0.0,0.0,6600.0,0.0
0,554200,JAMS,6599.0,278.0,0.0,0.0,0.0,0.0,6601,278,0.0,0.0,0.0,0.0,6600.0,0.0
0,554300,JAMS,6599.0,55.0,6598.0,109.0,0.0,0.0,6600,62,6601.0,109.0,0.0,0.0,6599.5,0.0
0,554400,JAMS,6598.0,194.0,0.0,0.0,0.0,0.0,6600,194,0.0,0.0,0.0,0.0,6599.0,0.0
0,554500,JAMS,6598.0,189.0,0.0,0.0,0.0,0.0,6600,189,0.0,0.0,0.0,0.0,6599.0,0.0
0,554600,JAMS,6599.0,10.0,6598.0,276.0,0.0,0.0,6600,276,0.0,0.0,0.0,0.0,6599.5,0.0
0,554700,JAMS,6598.0,209.0,0.0,0.0,0.0,0.0,6600,209,0.0,0.0,0.0,0.0,6599.0,0.0
0,554800,JAMS,6598.0,245.0,0.0,0.0,0.0,0.0,6600,245,0.0,0.0,0.0,0.0,6599.0,0.0
0,554900,JAMS,6599.0,82.0,6598.0,149.0,0.0,0.0,6600,82,6601.0,149.0,0.0,0.0,6599.5,0.0
0,555000,JAMS,6598.0,224.0,0.0,0.0,0.0,0.0,6600,224,0.0,0.0,0.0,0.0,6599.0,0.0
0,555100,JAMS,6598.0,258.0,0.0,0.0,0.0,0.0,6600,258,0.0,0.0,0.0,0.0,6599.0,0.0
0,555200,JAMS,6598.0,205.0,0.0,0.0,0.0,0.0,6600,205,0.0,0.0,0.0,0.0,6599.0,0.0
0,555300,JAMS,6598.0,234.0,0.0,0.0,0.0,0.0,6600,234,0.0,0.0,0.0,0.0,6599.0,0.0
0,555400,JAMS,6598.0,157.0,0.0,0.0,0.0,0.0,6600,157,0.0,0.0,0.0,0.0,6599.0,0.0
0,555500,JAMS,6598.0,218.0,0.0,0.0,0.0,0.0,6600,218,0.0,0.0,0.0,0.0,6599.0,0.0
0,555600,JAMS,6598.0,230.0,0.0,0.0,0.0,0.0,6600,230,0.0,0.0,0.0,0.0,6599.0,0.0
0,555700,JAMS,6598.0,183.0,0.0,0.0,0.0,0.0,6600,183,0.0,0.0,0.0,0.0,6599.0,0.0
0,555800,JAMS,6598.0,94.0,6597.0,125.0,0.0,0.0,6599,94,6600.0,125.0,0.0,0.0,6598.5,0.0
0,555900,JAMS,6598.0,67.0,6597.0,191.0,0.0,0.0,6599,67,6600.0,191.0,0.0,0.0,6598.5,0.0
0,556000,JAMS,6598.0,246.0,0.0,0.0,0.0,0.0,6600,249,0.0,0.0,0.0,0.0,6599.0,0.0
0,556100,JAMS,6598.0,263.0,0.0,0.0,0.0,0.0,6600,263,0.0,0.0,0.0,0.0,6599.0,0.0
0,556200,JAMS,6599.0,64.0,6598.0,139.0,0.0,0.0,6600,64,6601.0,139.0,0.0,0.0,6599.5,0.0
0,556300,JAMS,6598.0,175.0,0.0,0.0,0.0,0.0,6599,11,6600.0,175.0,0.0,0.0,6598.5,0.0
0,556400,JAMS,6598.0,185.0,0.0,0.0,0.0,0.0,6599,11,6600.0,185.0,0.0,0.0,6598.5,0.0
0,556500,JAMS,6598.0,238.0,0.0,0.0,0.0,0.0,6600,238,0.0,0.0,0.0,0.0,6599.0,0.0
0,556600,JAMS,6598.0,205.0,0.0,0.0,0.0,0.0,6600,205,0.0,0.0,0.0,0.0,6599.0,0.0
0,556700,JAMS,6599.0,8.0,6598.0,214.0,0.0,0.0,6600,214,0.0,0.0,0.0,0.0,6599.5,0.0
0,556800,JAMS,6598.0,193.0,0.0,0.0,0.0,0.0,6600,193,0.0,0.0,0.0,0.0,6599.0,0.0
0,556900,JAMS,6598.0,71.0,6597.0,152.0,0.0,0.0,6599,74,6600.0,152.0,0.0,0.0,6598.5,0.0
0,557000,JAMS,6597.0,275.0,0.0,0.0,0.0,0.0,6599,275,0.0,0.0,0.0,0.0,6598.0,0.0
0,557100,JAMS,6599.0,94.0,6598.0,200.0,0.0,0.0,6600,94,6601.0,200.0,0.0,0.0,6599.5,0.0
0,557200,JAMS,6600.0,275.0,0.0,0.0,0.0,0.0,6602,275,0.0,0.0,0.0,0.0,6601.0,0.0
0,557300,JAMS,6602.0,225.0,0.0,0.0,0.0,0.0,6604,225,0.0,0.0,0.0,0.0,6603.0,0.0
0,557400,JAMS,6602.0,208.0,0.0,0.0,0.0,0.0,6604,208,0.0,0.0,0.0,0.0,6603.0,0.0
0,557500,JAMS,6602.0,266.0,0.0,0.0,0.0,0.0,6604,266,0.0,0.0,0.0,0.0,6603.0,0.0
0,557600,JAMS,6602.0,202.0,0.0,0.0,0.0,0.0,6604,202,0.0,0.0,0.0,0.0,6603.0,0.0
0,557700,JAMS,6602.0,62.0,6601.0,152.0,0.0,0.0,6603,62,6604.0,152.0,0.0,0.0,6602.5,0.0
0,557800,JAMS,6602.0,59.0,6601.0,167.0,0.0,0.0,6603,65,6604.0,167.0,0.0,0.0,6602.5,0.0
0,557900,JAMS,6602.0,69.0,6601.0,191.0,0.0,0.0,6603,69,6604.0,191.0,0.0,0.0,6602.5,0.0
0,558000,JAMS,6601.0,260.0,0.0,0.0,0.0,0.0,6603,260,0.0,0.0,0.0,0.0,6602.0,0.0
0,558100,JAMS,6602.0,74.0,6601.0,168.0,0.0,0.0,6603,74,6604.0,168.0,0.0,0.0,6602.5,0.0
0,558200,JAMS,6601.0,167.0,0.0,0.0,0.0,0.0,6603,167,0.0,0.0,0.0,0.0,6602.0,0.0
0,558300,JAMS,6602.0,5.0,6601.0,189.0,0.0,0.0,6603,189,0.0,0.0,0.0,0.0,6602.5,0.0
0,558400,JAMS,6601.0,230.0,0.0,0.0,0.0,0.0,6603,230,0.0,0.0,0.0,0.0,6602.0,0.0
0,558500,JAMS,6601.0,175.0,0.0,0.0,0.0,0.0,6603,175,0.0,0.0,0.0,0.0,6602.0,0.0
0,558600,JAMS,6600.0,196.0,0.0,0.0,0.0,0.0,6602,196,0.0,0.0,0.0,0.0,6601.0,0.0
0,558700,JAMS,6600.0,252.0,0.0,0.0,0.0,0.0,6602,252,0.0,0.0,0.0,0.0,6601.0,0.0
0,558800,JAMS,6600.0,265.0,0.0,0.0,0.0,0.0,6602,265,0.0,0.0,0.0,0.0,6601.0,0.0
0,558900,JAMS,6600.0,198.0,0.0,0.0,0.0,0.0,6602,198,0.0,0.0,0.0,0.0,6601.0,0.0
0,559000,JAMS,6600.0,92.0,6599.0,174.0,0.0,0.0,6601,92,6602.0,174.0,0.0,0.0,6600.5,0.0
0,559100,JAMS,6600.0,54.0,6599.0,117.0,0.0,0.0,6601,54,6602.0,117.0,0.0,0.0,6600.5,0.0
0,559200,JAMS,6601.0,71.0,6600.0,194.0,0.0,0.0,6602,71,6603.0,194.0,0.0,0.0,6601.5,0.0
0,559300,JAMS,6600.0,206.0,0.0,0.0,0.0,0.0,6602,206,0.0,0.0,0.0,0.0,6601.0,0.0
0,559400,JAMS,6600.0,216.0,0.0,0.0,0.0,0.0,6602,216,0.0,0.0,0.0,0.0,6601.0,0.0
0,559500,JAMS,6600.0,199.0,0.0,0.0,0.0,0.0,6602,199,0.0,0.0,0.0,0.0,6601.0,0.0
0,559600,JAMS,6601.0,56.0,6600.0,163.0,0.0,0.0,6602,56,6603.0,163.0,0.0,0.0,6601.5,0.0
0,559700,JAMS,6600.0,189.0,0.0,0.0,0.0,0.0,6602,189,0.0,0.0,0.0,0.0,6601.0,0.0
0,559800,JAMS,6600.0,256.0,0.0,0.0,0.0,0.0,6602,256,0.0,0.0,0.0,0.0,6601.0,0.0
0,559900,JAMS,6600.0,227.0,0.0,0.0,0.0,0.0,6602,227,0.0,0.0,0.0,0.0,6601.0,0.0
0,560000,JAMS,6600.0,237.0,0.0,0.0,0.0,0.0,6602,237,0.0,0.0,0.0,0.0,6601.0,0.0
0,560100,JAMS,6600.0,247.0,0.0,0.0,0.0,0.0,6602,247,0.0,0.0,0.0,0.0,6601.0,0.0
0,560200,JAMS,6600.0,215.0,0.0,0.0,0.0,0.0,6602,215,0.0,0.0,0.0,0.0,6601.0,0.0
0,560300,JAMS,6601.0,60.0,6600.0,183.0,0.0,0.0,6602,60,6603.0,183.0,0.0,0.0,6601.5,0.0
0,560400,JAMS,6600.0,258.0,0.0,0.0,0.0,0.0,6602,258,0.0,0.0,0.0,0.0,6601.0,0.0
0,560500,JAMS,6600.0,99.0,6599.0,142.0,0.0,0.0,6601,99,6602.0,142.0,0.0,0.0,6600.5,0.0
0,560600,JAMS,6599.0,170.0,0.0,0.0,0.0,0.0,6601,170,0.0,0.0,0.0,0.0,6600.0,0.0
0,560700,JAMS,6599.0,58.0,6598.0,175.0,0.0,0.0,6600,58,6601.0,175.0,0.0,0.0,6599.5,0.0
0,560800,JAMS,6599.0,95.0,6598.0,162.0,0.0,0.0,6600,95,6601.0,162.0,0.0,0.0,6599.5,0.0
0,560900,JAMS,6599.0,246.0,0.0,0.0,0.0,0.0,6601,246,0.0,0.0,0.0,0.0,6600.0,0.0
0,561000,JAMS,6599.0,232.0,0.0,0.0,0.0,0.0,6601,240,0.0,0.0,0.0,0.0,6600.0,0.0
0,561100,JAMS,6599.0,232.0,0.0,0.0,0.0,0.0,6601,232,0.0,0.0,0.0,0.0,6600.0,0.0
0,561200,JAMS,6599.0,96.0,6598.0,104.0,0.0,0.0,6600,96,6601.0,104.0,0.0,0.0,6599.5,0.0
0,561300,JAMS,6599.0,100.0,6598.0,129.0,0.0,0.0,6600,100,6601.0,129.0,0.0,0.0,6599.5,0.0
0,561400,JAMS,6599.0,51.0,6598.0,143.0,0.0,0.0,6600,51,6601.0,143.0,0.0,0.0,6599.5,0.0
0,561500,JAMS,6599.0,51.0,6598.0,170.0,0.0,0.0,6600,51,6601.0,170.0,0.0,0.0,6599.5,0.0
0,561600,JAMS,6599.0,102.0,6598.0,129.0,0.0,0.0,6600,94,6601.0,129.0,0.0,0.0,6599.5,0.0
0,561700,JAMS,6599.0,185.0,0.0,0.0,0.0,0.0,6601,185,0.0,0.0,0.0,0.0,6600.0,0.0
0,561800,JAMS,6599.0,210.0,0.0,0.0,0.0,0.0,6600,75,6601.0,124.0,0.0,0.0,6599.5,0.0
0,561900,JAMS,6599.0,186.0,0.0,0.0,0.0,0.0,6601,186,0.0,0.0,0.0,0.0,6600.0,0.0
0,562000,JAMS,6599.0,203.0,0.0,0.0,0.0,0.0,6601,203,0.0,0.0,0.0,0.0,6600.0,0.0
0,562100,JAMS,6600.0,50.0,6599.0,148.0,0.0,0.0,6601,50,6602.0,148.0,0.0,0.0,6600.5,0.0
0,562200,JAMS,6600.0,95.0,6599.0,199.0,0.0,0.0,6601,95,6602.0,199.0,0.0,0.0,6600.5,0.0
0,562300,JAMS,6601.0,3.0,6600.0,178.0,0.0,0.0,6602,178,0.0,0.0,0.0,0.0,6601.5,0.0
0,562400,JAMS,6600.0,252.0,0.0,0.0,0.0,0.0,6602,252,0.0,0.0,0.0,0.0,6601.0,0.0
0,562500,JAMS,6600.0,203.0,0.0,0.0,0.0,0.0,6602,203,0.0,0.0,0.0,0.0,6601.0,0.0
0,562600,JAMS,6600.0,65.0,6599.0,194.0,0.0,0.0,6601,259,0.0,0.0,0.0,0.0,6600.5,0.0
0,562700,JAMS,6600.0,59.0,6599.0,195.0,0.0,0.0,6601,59,6602.0,195.0,0.0,0.0,6600.5,0.0
0,562800,JAMS,6600.0,217.0,0.0,0.0,0.0,0.0,6602,217,0.0,0.0,0.0,0.0,6601.0,0.0
0,562900,JAMS,6601.0,51.0,6600.0,193.0,0.0,0.0,6602,51,6603.0,193.0,0.0,0.0,6601.5,0.0
0,563000,JAMS,6601.0,191.0,0.0,0.0,0.0,0.0,6603,191,0.0,0.0,0.0,0.0,6602.0,0.0
0,563100,JAMS,6601.0,277.0,0.0,0.0,0.0,0.0,6603,277,0.0,0.0,0.0,0.0,6602.0,0.0
0,563200,JAMS,6601.0,60.0,6600.0,164.0,0.0,0.0,6602,60,6603.0,164.0,0.0,0.0,6601.5,0.0
0,563300,JAMS,6601.0,98.0,6600.0,166.0,0.0,0.0,6602,98,6603.0,166.0,0.0,0.0,6601.5,0.0
0,563400,JAMS,6601.0,86.0,6600.0,113.0,0.0,0.0,6602,86,6603.0,113.0,0.0,0.0,6601.5,0.0
0,563500,JAMS,6601.0,228.0,0.0,0.0,0.0,0.0,6603,240,0.0,0.0,0.0,0.0,6602.0,0.0
0,563600,JAMS,6601.0,80.0,6600.0,135.0,0.0,0.0,6602,80,6603.0,135.0,0.0,0.0,6601.5,0.0
0,563700,JAMS,6601.0,191.0,0.0,0.0,0.0,0.0,6603,191,0.0,0.0,0.0,0.0,6602.0,0.0
0,563800,JAMS,6602.0,216.0,0.0,0.0,0.0,0.0,6604,216,0.0,0.0,0.0,0.0,6603.0,0.0
0,563900,JAMS,6603.0,76.0,6602.0,125.0,0.0,0.0,6604,76,6605.0,125.0,0.0,0.0,6603.5,0.0
0,564000,JAMS,6603.0,248.0,0.0,0.0,0.0,0.0,6605,248,0.0,0.0,0.0,0.0,6604.0,0.0
0,564100,JAMS,6603.0,55.0,6602.0,131.0,0.0,0.0,6604,55,6605.0,131.0,0.0,0.0,6603.5,0.0
0,564200,JAMS,6603.0,214.0,0.0,0.0,0.0,0.0,6605,214,0.0,0.0,0.0,0.0,6604.0,0.0
0,564300,JAMS,6604.0,63.0,6603.0,141.0,0.0,0.0,6605,204,0.0,0.0,0.0,0.0,6604.5,0.0
0,564400,JAMS,6604.0,69.0,6603.0,148.0,0.0,0.0,6605,69,6606.0,148.0,0.0,0.0,6604.5,0.0
0,564500,JAMS,6603.0,186.0,0.0,0.0,0.0,0.0,6605,186,0.0,0.0,0.0,0.0,6604.0,0.0
0,564600,JAMS,6603.0,197.0,0.0,0.0,0.0,0.0,6605,197,0.0,0.0,0.0,0.0,6604.0,0.0
0,564700,JAMS,6604.0,79.0,6603.0,119.0,0.0,0.0,6605,79,6606.0,119.0,0.0,0.0,6604.5,0.0
0,564800,JAMS,6603.0,252.0,0.0,0.0,0.0,0.0,6605,252,0.0,0.0,0.0,0.0,6604.0,0.0
0,564900,JAMS,6603.0,284.0,0.0,0.0,0.0,0.0,6605,284,0.0,0.0,0.0,0.0,6604.0,0.0
0,565000,JAMS,6603.0,216.0,0.0,0.0,0.0,0.0,6605,216,0.0,0.0,0.0,0.0,6604.0,0.0
0,565100,JAMS,6603.0,70.0,6602.0,164.0,0.0,0.0,6604,63,6605.0,164.0,0.0,0.0,6603.5,0.0
0,565200,JAMS,6603.0,252.0,0.0,0.0,0.0,0.0,6605,249,0.0,0.0,0.0,0.0,6604.0,0.0
0,565300,JAMS,6604.0,221.0,0.0,0.0,0.0,0.0,6606,221,0.0,0.0,0.0,0.0,6605.0,0.0
0,565400,JAMS,6603.0,95.0,6602.0,117.0,0.0,0.0,6604,95,6605.0,117.0,0.0,0.0,6603.5,0.0
0,565500,JAMS,6602.0,193.0,0.0,0.0,0.0,0.0,6604,193,0.0,0.0,0.0,0.0,6603.0,0.0
0,565600,JAMS,6602.0,253.0,0.0,0.0,0.0,0.0,6604,253,0.0,0.0,0.0,0.0,6603.0,0.0
0,565700,JAMS,6602.0,284.0,0.0,0.0,0.0,0.0,6604,284,0.0,0.0,0.0,0.0,6603.0,0.0
0,565800,JAMS,6602.0,211.0,0.0,0.0,0.0,0.0,6604,211,0.0,0.0,0.0,0.0,6603.0,0.0
0,565900,JAMS,6603.0,84.0,6602.0,112.0,0.0,0.0,6604,196,0.0,0.0,0.0,0.0,6603.5,0.0
0,566000,JAMS,6603.0,64.0,6602.0,138.0,0.0,0.0,6604,202,0.0,0.0,0.0,0.0,6603.5,0.0
0,566100,JAMS,6603.0,73.0,6602.0,142.0,0.0,0.0,6604,73,6605.0,142.0,0.0,0.0,6603.5,0.0
0,566200,JAMS,6604.0,100.0,6603.0,119.0,0.0,0.0,6605,100,6606.0,119.0,0.0,0.0,6604.5,0.0
0,566300,JAMS,6604.0,204.0,0.0,0.0,0.0,0.0,6606,204,0.0,0.0,0.0,0.0,6605.0,0.0
0,566400,JAMS,6604.0,102.0,6603.0,199.0,0.0,0.0,6605,97,6606.0,199.0,0.0,0.0,6604.5,0.0
0,566500,JAMS,6604.0,81.0,6603.0,192.0,0.0,0.0,6605,81,6606.0,192.0,0.0,0.0,6604.5,0.0
0,566600,JAMS,6604.0,233.0,0.0,0.0,0.0,0.0,6606,233,0.0,0.0,0.0,0.0,6605.0,0.0
0,566700,JAMS,6604.0,231.0,0.0,0.0,0.0,0.0,6606,231,0.0,0.0,0.0,0.0,6605.0,0.0
0,566800,JAMS,6604.0,245.0,0.0,0.0,0.0,0.0,6606,236,0.0,0.0,0.0,0.0,6605.0,0.0
0,566900,JAMS,6604.0,247.0,0.0,0.0,0.0,0.0,6606,247,0.0,0.0,0.0,0.0,6605.0,0.0
0,567000,JAMS,6604.0,238.0,0.0,0.0,0.0,0.0,6606,238,0.0,0.0,0.0,0.0,6605.0,0.0
0,567100,JAMS,6604.0,269.0,0.0,0.0,0.0,0.0,6606,269,0.0,0.0,0.0,0.0,6605.0,0.0
0,567200,JAMS,6604.0,220.0,0.0,0.0,0.0,0.0,6606,220,0.0,0.0,0.0,0.0,6605.0,0.0
0,567300,JAMS,6604.0,189.0,0.0,0.0,0.0,0.0,6606,189,0.0,0.0,0.0,0.0,6605.0,0.0
0,567400,JAMS,6604.0,191.0,0.0,0.0,0.0,0.0,6606,191,0.0,0.0,0.0,0.0,6605.0,0.0
0,567500,JAMS,6604.0,244.0,0.0,0.0,0.0,0.0,6606,244,0.0,0.0,0.0,0.0,6605.0,0.0
0,567600,JAMS,6604.0,248.0,0.0,0.0,0.0,0.0,6606,248,0.0,0.0,0.0,0.0,6605.0,0.0
0,567700,JAMS,6604.0,220.0,0.0,0.0,0.0,0.0,6606,220,0.0,0.0,0.0,0.0,6605.0,0.0
0,567800,JAMS,6604.0,240.0,0.0,0.0,0.0,0.0,6606,240,0.0,0.0,0.0,0.0,6605.0,0.0
0,567900,JAMS,6604.0,281.0,0.0,0.0,0.0,0.0,6606,281,0.0,0.0,0.0,0.0,6605.0,0.0
0,568000,JAMS,6603.0,246.0,0.0,0.0,0.0,0.0,6605,246,0.0,0.0,0.0,0.0,6604.0,0.0
0,568100,JAMS,6603.0,176.0,0.0,0.0,0.0,0.0,6605,176,0.0,0.0,0.0,0.0,6604.0,0.0
0,568200,JAMS,6604.0,68.0,6603.0,153.0,0.0,0.0,6605,68,6606.0,153.0,0.0,0.0,6604.5,0.0
0,568300,JAMS,6604.0,92.0,6603.0,192.0,0.0,0.0,6605,92,6606.0,192.0,0.0,0.0,6604.5,0.0
0,568400,JAMS,6604.0,161.0,0.0,0.0,0.0,0.0,6606,161,0.0,0.0,0.0,0.0,6605.0,0.0
0,568500,JAMS,6604.0,239.0,0.0,0.0,0.0,0.0,6606,239,0.0,0.0,0.0,0.0,6605.0,0.0
0,568600,JAMS,6604.0,186.0,0.0,0.0,0.0,0.0,6606,186,0.0,0.0,0.0,0.0,6605.0,0.0
0,568700,JAMS,6605.0,58.0,6604.0,107.0,0.0,0.0,6606,58,6607.0,107.0,0.0,0.0,6605.5,0.0
0,568800,JAMS,6605.0,267.0,0.0,0.0,0.0,0.0,6607,267,0.0,0.0,0.0,0.0,6606.0,0.0
0,568900,JAMS,6605.0,269.0,0.0,0.0,0.0,0.0,6607,269,0.0,0.0,0.0,0.0,6606.0,0.0
0,569000,JAMS,6605.0,219.0,0.0,0.0,0.0,0.0,6607,219,0.0,0.0,0.0,0.0,6606.0,0.0
0,569100,JAMS,6605.0,278.0,0.0,0.0,0.0,0.0,6607,278,0.0,0.0,0.0,0.0,6606.0,0.0
0,569200,JAMS,6605.0,187.0,0.0,0.0,0.0,0.0,6607,187,0.0,0.0,0.0,0.0,6606.0,0.0
0,569300,JAMS,6605.0,250.0,0.0,0.0,0.0,0.0,6607,250,0.0,0.0,0.0,0.0,6606.0,0.0
0,569400,JAMS,6605.0,222.0,0.0,0.0,0.0,0.0,6607,222,0.0,0.0,0.0,0.0,6606.0,0.0
0,569500,JAMS,6605.0,213.0,0.0,0.0,0.0,0.0,6607,213,0.0,0.0,0.0,0.0,6606.0,0.0
0,569600,JAMS,6605.0,247.0,0.0,0.0,0.0,0.0,6607,247,0.0,0.0,0.0,0.0,6606.0,0.0
0,569700,JAMS,6605.0,246.0,0.0,0.0,0.0,0.0,6607,246,0.0,0.0,0.0,0.0,6606.0,0.0
0,569800,JAMS,6606.0,57.0,6605.0,158.0,0.0,0.0,6607,57,6608.0,158.0,0.0,0.0,6606.5,0.0
0,569900,JAMS,6606.0,86.0,6605.0,100.0,0.0,0.0,6607,86,6608.0,100.0,0.0,0.0,6606.5,0.0
0,570000,JAMS,6605.0,190.0,0.0,0.0,0.0,0.0,6607,190,0.0,0.0,0.0,0.0,6606.0,0.0
0,570100,JAMS,6605.0,86.0,6604.0,173.0,0.0,0.0,6606,86,6607.0,173.0,0.0,0.0,6605.5,0.0
0,570200,JAMS,6604.0,268.0,0.0,0.0,0.0,0.0,6606,268,0.0,0.0,0.0,0.0,6605.0,0.0
0,570300,JAMS,6604.0,229.0,0.0,0.0,0.0,0.0,6606,229,0.0,0.0,0.0,0.0,6605.0,0.0
0,570400,JAMS,6604.0,228.0,0.0,0.0,0.0,0.0,6606,228,0.0,0.0,0.0,0.0,6605.0,0.0
0,570500,JAMS,6605.0,79.0,6604.0,140.0,0.0,0.0,6606,79,6607.0,140.0,0.0,0.0,6605.5,0.0
0,570600,JAMS,6604.0,199.0,0.0,0.0,0.0,0.0,6606,199,0.0,0.0,0.0,0.0,6605.0,0.0
0,570700,JAMS,6605.0,280.0,0.0,0.0,0.0,0.0,6607,280,0.0,0.0,0.0,0.0,6606.0,0.0
0,570800,JAMS,6605.0,213.0,0.0,0.0,0.0,0.0,6607,213,0.0,0.0,0.0,0.0,6606.0,0.0
0,570900,JAMS,6606.0,73.0,6605.0,121.0,0.0,0.0,6607,73,6608.0,121.0,0.0,0.0,6606.5,0.0
0,571000,JAMS,6606.0,100.0,6605.0,174.0,0.0,0.0,6607,100,6608.0,174.0,0.0,0.0,6606.5,0.0
0,571100,JAMS,6606.0,61.0,6605.0,143.0,0.0,0.0,6607,61,6608.0,143.0,0.0,0.0,6606.5,0.0
0,571200,JAMS,6606.0,60.0,6605.0,151.0,0.0,0.0,6607,60,6608.0,151.0,0.0,0.0,6606.5,0.0
0,571300,JAMS,6606.0,66.0,6605.0,163.0,0.0,0.0,6607,66,6608.0,163.0,0.0,0.0,6606.5,0.0
0,571400,JAMS,6606.0,68.0,6605.0,127.0,0.0,0.0,6607,60,6608.0,127.0,0.0,0.0,6606.5,0.0
0,571500,JAMS,6606.0,59.0,6605.0,195.0,0.0,0.0,6607,59,6608.0,195.0,0.0,0.0,6606.5,0.0
0,571600,JAMS,6606.0,187.0,0.0,0.0,0.0,0.0,6607,3,6608.0,187.0,0.0,0.0,6606.5,0.0
0,571700,JAMS,6607.0,73.0,6606.0,136.0,0.0,0.0,6608,73,6609.0,136.0,0.0,0.0,6607.5,0.0
0,571800,JAMS,6607.0,175.0,0.0,0.0,0.0,0.0,6609,175,0.0,0.0,0.0,0.0,6608.0,0.0
0,571900,JAMS,6607.0,159.0,0.0,0.0,0.0,0.0,6609,159,0.0,0.0,0.0,0.0,6608.0,0.0
0,572000,JAMS,6606.0,209.0,0.0,0.0,0.0,0.0,6608,209,0.0,0.0,0.0,0.0,6607.0,0.0
0,572100,JAMS,6607.0,63.0,6606.0,178.0,0.0,0.0,6608,63,6609.0,178.0,0.0,0.0,6607.5,0.0
0,572200,JAMS,6607.0,198.0,0.0,0.0,0.0,0.0,6609,198,0.0,0.0,0.0,0.0,6608.0,0.0
0,572300,JAMS,6608.0,10.0,6607.0,183.0,0.0,0.0,6609,183,0.0,0.0,0.0,0.0,6608.5,0.0
0,572400,JAMS,6607.0,242.0,0.0,0.0,0.0,0.0,6609,242,0.0,0.0,0.0,0.0,6608.0,0.0
0,572500,JAMS,6607.0,248.0,0.0,0.0,0.0,0.0,6609,248,0.0,0.0,0.0,0.0,6608.0,0.0
0,572600,JAMS,6608.0,183.0,0.0,0.0,0.0,0.0,6610,183,0.0,0.0,0.0,0.0,6609.0,0.0
0,572700,JAMS,6608.0,186.0,0.0,0.0,0.0,0.0,6610,198,0.0,0.0,0.0,0.0,6609.0,0.0
0,572800,JAMS,6608.0,85.0,6607.0,171.0,0.0,0.0,6609,85,6610.0,171.0,0.0,0.0,6608.5,0.0
0,572900,JAMS,6608.0,271.0,0.0,0.0,0.0,0.0,6610,262,0.0,0.0,0.0,0.0,6609.0,0.0
0,573000,JAMS,6608.0,244.0,0.0,0.0,0.0,0.0,6610,244,0.0,0.0,0.0,0.0,6609.0,0.0
0,573100,JAMS,6608.0,242.0,0.0,0.0,0.0,0.0,6610,242,0.0,0.0,0.0,0.0,6609.0,0.0
0,573200,JAMS,6608.0,166.0,0.0,0.0,0.0,0.0,6610,166,0.0,0.0,0.0,0.0,6609.0,0.0
0,573300,JAMS,6608.0,199.0,0.0,0.0,0.0,0.0,6610,199,0.0,0.0,0.0,0.0,6609.0,0.0
0,573400,JAMS,6608.0,174.0,0.0,0.0,0.0,0.0,6610,174,0.0,0.0,0.0,0.0,6609.0,0.0
0,573500,JAMS,6608.0,183.0,0.0,0.0,0.0,0.0,6610,183,0.0,0.0,0.0,0.0,6609.0,0.0
0,573600,JAMS,6608.0,285.0,0.0,0.0,0.0,0.0,6610,285,0.0,0.0,0.0,0.0,6609.0,0.0
0,573700,JAMS,6608.0,241.0,0.0,0.0,0.0,0.0,6610,241,0.0,0.0,0.0,0.0,6609.0,0.0
0,573800,JAMS,6608.0,188.0,0.0,0.0,0.0,0.0,6610,188,0.0,0.0,0.0,0.0,6609.0,0.0
0,573900,JAMS,6609.0,58.0,6608.0,156.0,0.0,0.0,6610,62,6611.0,156.0,0.0,0.0,6609.5,0.0
0,574000,JAMS,6608.0,236.0,0.0,0.0,0.0,0.0,6610,236,0.0,0.0,0.0,0.0,6609.0,0.0
0,574100,JAMS,6608.0,224.0,0.0,0.0,0.0,0.0,6610,224,0.0,0.0,0.0,0.0,6609.0,0.0
0,574200,JAMS,6609.0,78.0,6608.0,155.0,0.0,0.0,6610,78,6611.0,155.0,0.0,0.0,6609.5,0.0
0,574300,JAMS,6609.0,70.0,6608.0,153.0,0.0,0.0,6610,70,6611.0,153.0,0.0,0.0,6609.5,0.0
0,574400,JAMS,6609.0,87.0,6608.0,172.0,0.0,0.0,6610,87,6611.0,172.0,0.0,0.0,6609.5,0.0
0,574500,JAMS,6609.0,53.0,6608.0,180.0,0.0,0.0,6610,53,6611.0,180.0,0.0,0.0,6609.5,0.0
0,574600,JAMS,6609.0,59.0,6608.0,182.0,0.0,0.0,6610,59,6611.0,182.0,0.0,0.0,6609.5,0.0
0,574700,JAMS,6608.0,188.0,0.0,0.0,0.0,0.0,6609,9,6610.0,188.0,0.0,0.0,6608.5,0.0
0,574800,JAMS,6608.0,199.0,0.0,0.0,0.0,0.0,6610,199,0.0,0.0,0.0,0.0,6609.0,0.0
0,574900,JAMS,6608.0,249.0,0.0,0.0,0.0,0.0,6610,249,0.0,0.0,0.0,0.0,6609.0,0.0
0,575000,JAMS,6608.0,232.0,0.0,0.0,0.0,0.0,6610,232,0.0,0.0,0.0,0.0,6609.0,0.0
0,575100,JAMS,6608.0,223.0,0.0,0.0,0.0,0.0,6610,223,0.0,0.0,0.0,0.0,6609.0,0.0
0,575200,JAMS,6609.0,89.0,6608.0,183.0,0.0,0.0,6610,89,6611.0,183.0,0.0,0.0,6609.5,0.0
0,575300,JAMS,6609.0,267.0,0.0,0.0,0.0,0.0,6611,277,0.0,0.0,0.0,0.0,6610.0,0.0
0,575400,JAMS,6609.0,262.0,0.0,0.0,0.0,0.0,6611,262,0.0,0.0,0.0,0.0,6610.0,0.0
0,575500,JAMS,6609.0,274.0,0.0,0.0,0.0,0.0,6611,274,0.0,0.0,0.0,0.0,6610.0,0.0
0,575600,JAMS,6609.0,78.0,6608.0,133.0,0.0,0.0,6610,78,6611.0,133.0,0.0,0.0,6609.5,0.0
0,575700,JAMS,6609.0,209.0,0.0,0.0,0.0,0.0,6611,201,0.0,0.0,0.0,0.0,6610.0,0.0
0,575800,JAMS,6609.0,254.0,0.0,0.0,0.0,0.0,6611,254,0.0,0.0,0.0,0.0,6610.0,0.0
0,575900,JAMS,6609.0,100.0,6608.0,162.0,0.0,0.0,6610,100,6611.0,162.0,0.0,0.0,6609.5,0.0
0,576000,JAMS,6609.0,86.0,6608.0,115.0,0.0,0.0,6610,86,6611.0,115.0,0.0,0.0,6609.5,0.0
0,576100,JAMS,6608.0,210.0,0.0,0.0,0.0,0.0,6610,210,0.0,0.0,0.0,0.0,6609.0,0.0
0,576200,JAMS,6608.0,188.0,0.0,0.0,0.0,0.0,6610,188,0.0,0.0,0.0,0.0,6609.0,0.0
0,576300,JAMS,6608.0,174.0,0.0,0.0,0.0,0.0,6610,174,0.0,0.0,0.0,0.0,6609.0,0.0
0,576400,JAMS,6608.0,215.0,0.0,0.0,0.0,0.0,6610,215,0.0,0.0,0.0,0.0,6609.0,0.0
0,576500,JAMS,6607.0,216.0,0.0,0.0,0.0,0.0,6609,216,0.0,0.0,0.0,0.0,6608.0,0.0
0,576600,JAMS,6607.0,225.0,0.0,0.0,0.0,0.0,6609,225,0.0,0.0,0.0,0.0,6608.0,0.0
0,576700,JAMS,6606.0,223.0,0.0,0.0,0.0,0.0,6608,215,0.0,0.0,0.0,0.0,6607.0,0.0
0,576800,JAMS,6605.0,185.0,0.0,0.0,0.0,0.0,6607,185,0.0,0.0,0.0,0.0,6606.0,0.0
0,576900,JAMS,6605.0,66.0,6604.0,134.0,0.0,0.0,6606,66,6607.0,134.0,0.0,0.0,6605.5,0.0
0,577000,JAMS,6604.0,258.0,0.0,0.0,0.0,0.0,6606,258,0.0,0.0,0.0,0.0,6605.0,0.0
0,577100,JAMS,6605.0,60.0,6604.0,152.0,0.0,0.0,6606,60,6607.0,152.0,0.0,0.0,6605.5,0.0
0,577200,JAMS,6604.0,186.0,0.0,0.0,0.0,0.0,6606,186,0.0,0.0,0.0,0.0,6605.0,0.0
0,577300,JAMS,6604.0,193.0,0.0,0.0,0.0,0.0,6606,193,0.0,0.0,0.0,0.0,6605.0,0.0
0,577400,JAMS,6604.0,184.0,0.0,0.0,0.0,0.0,6606,184,0.0,0.0,0.0,0.0,6605.0,0.0
0,577500,JAMS,6604.0,261.0,0.0,0.0,0.0,0.0,6606,261,0.0,0.0,0.0,0.0,6605.0,0.0
0,577600,JAMS,6603.0,176.0,0.0,0.0,0.0,0.0,6605,184,0.0,0.0,0.0,0.0,6604.0,0.0
0,577700,JAMS,6603.0,202.0,0.0,0.0,0.0,0.0,6605,202,0.0,0.0,0.0,0.0,6604.0,0.0
0,577800,JAMS,6603.0,217.0,0.0,0.0,0.0,0.0,6605,217,0.0,0.0,0.0,0.0,6604.0,0.0
0,577900,JAMS,6603.0,61.0,6602.0,161.0,0.0,0.0,6604,61,6605.0,161.0,0.0,0.0,6603.5,0.0
0,578000,JAMS,6603.0,239.0,0.0,0.0,0.0,0.0,6605,239,0.0,0.0,0.0,0.0,6604.0,0.0
0,578100,JAMS,6604.0,204.0,0.0,0.0,0.0,0.0,6606,204,0.0,0.0,0.0,0.0,6605.0,0.0
0,578200,JAMS,6604.0,210.0,0.0,0.0,0.0,0.0,6606,210,0.0,0.0,0.0,0.0,6605.0,0.0
0,578300,JAMS,6604.0,231.0,0.0,0.0,0.0,0.0,6606,231,0.0,0.0,0.0,0.0,6605.0,0.0
0,578400,JAMS,6604.0,228.0,0.0,0.0,0.0,0.0,6606,224,0.0,0.0,0.0,0.0,6605.0,0.0
0,578500,JAMS,6603.0,229.0,0.0,0.0,0.0,0.0,6605,229,0.0,0.0,0.0,0.0,6604.0,0.0
0,578600,JAMS,6603.0,220.0,0.0,0.0,0.0,0.0,6605,220,0.0,0.0,0.0,0.0,6604.0,0.0
0,578700,JAMS,6604.0,8.0,6603.0,212.0,0.0,0.0,6605,212,0.0,0.0,0.0,0.0,6604.5,0.0
0,578800,JAMS,6604.0,187.0,0.0,0.0,0.0,0.0,6606,187,0.0,0.0,0.0,0.0,6605.0,0.0
0,578900,JAMS,6604.0,62.0,6603.0,167.0,0.0,0.0,6605,62,6606.0,167.0,0.0,0.0,6604.5,0.0
0,579000,JAMS,6604.0,53.0,6603.0,181.0,0.0,0.0,6605,53,6606.0,181.0,0.0,0.0,6604.5,0.0
0,579100,JAMS,6603.0,73.0,6602.0,183.0,0.0,0.0,6604,73,6605.0,183.0,0.0,0.0,6603.5,0.0
0,579200,JAMS,6603.0,88.0,6602.0,190.0,0.0,0.0,6604,88,6605.0,190.0,0.0,0.0,6603.5,0.0
0,579300,JAMS,6603.0,283.0,0.0,0.0,0.0,0.0,6605,283,0.0,0.0,0.0,0.0,6604.0,0.0
0,579400,JAMS,6603.0,214.0,0.0,0.0,0.0,0.0,6605,214,0.0,0.0,0.0,0.0,6604.0,0.0
0,579500,JAMS,6604.0,8.0,6603.0,201.0,0.0,0.0,6605,201,0.0,0.0,0.0,0.0,6604.5,0.0
0,579600,JAMS,6604.0,253.0,0.0,0.0,0.0,0.0,6606,253,0.0,0.0,0.0,0.0,6605.0,0.0
0,579700,JAMS,6604.0,258.0,0.0,0.0,0.0,0.0,6606,258,0.0,0.0,0.0,0.0,6605.0,0.0
0,579800,JAMS,6604.0,219.0,0.0,0.0,0.0,0.0,6606,215,0.0,0.0,0.0,0.0,6605.0,0.0
0,579900,JAMS,6604.0,217.0,0.0,0.0,0.0,0.0,6606,217,0.0,0.0,0.0,0.0,6605.0,0.0
0,580000,JAMS,6604.0,201.0,0.0,0.0,0.0,0.0,6606,201,0.0,0.0,0.0,0.0,6605.0,0.0
0,580100,JAMS,6604.0,221.0,0.0,0.0,0.0,0.0,6606,221,0.0,0.0,0.0,0.0,6605.0,0.0
0,580200,JAMS,6604.0,184.0,0.0,0.0,0.0,0.0,6606,184,0.0,0.0,0.0,0.0,6605.0,0.0
0,580300,JAMS,6604.0,215.0,0.0,0.0,0.0,0.0,6606,215,0.0,0.0,0.0,0.0,6605.0,0.0
0,580400,JAMS,6607.0,278.0,0.0,0.0,0.0,0.0,6609,278,0.0,0.0,0.0,0.0,6608.0,0.0
0,580500,JAMS,6608.0,193.0,0.0,0.0,0.0,0.0,6610,193,0.0,0.0,0.0,0.0,6609.0,0.0
0,580600,JAMS,6609.0,190.0,0.0,0.0,0.0,0.0,6611,190,0.0,0.0,0.0,0.0,6610.0,0.0
0,580700,JAMS,6609.0,93.0,6608.0,182.0,0.0,0.0,6610,93,6611.0,182.0,0.0,0.0,6609.5,0.0
0,580800,JAMS,6609.0,90.0,6608.0,130.0,0.0,0.0,6610,90,6611.0,130.0,0.0,0.0,6609.5,0.0
0,580900,JAMS,6608.0,212.0,0.0,0.0,0.0,0.0,6610,212,0.0,0.0,0.0,0.0,6609.0,0.0
0,581000,JAMS,6608.0,213.0,0.0,0.0,0.0,0.0,6610,225,0.0,0.0,0.0,0.0,6609.0,0.0
0,581100,JAMS,6608.0,175.0,0.0,0.0,0.0,0.0,6610,175,0.0,0.0,0.0,0.0,6609.0,0.0
0,581200,JAMS,6608.0,198.0,0.0,0.0,0.0,0.0,6610,198,0.0,0.0,0.0,0.0,6609.0,0.0
0,581300,JAMS,6609.0,50.0,6608.0,168.0,0.0,0.0,6610,50,6611.0,168.0,0.0,0.0,6609.5,0.0
0,581400,JAMS,6609.0,246.0,0.0,0.0,0.0,0.0,6611,246,0.0,0.0,0.0,0.0,6610.0,0.0
0,581500,JAMS,6609.0,190.0,0.0,0.0,0.0,0.0,6611,190,0.0,0.0,0.0,0.0,6610.0,0.0
0,581600,JAMS,6609.0,255.0,0.0,0.0,0.0,0.0,6611,255,0.0,0.0,0.0,0.0,6610.0,0.0
0,581700,JAMS,6609.0,59.0,6608.0,107.0,0.0,0.0,6610,59,6611.0,107.0,0.0,0.0,6609.5,0.0
0,581800,JAMS,6609.0,243.0,0.0,0.0,0.0,0.0,6611,243,0.0,0.0,0.0,0.0,6610.0,0.0
0,581900,JAMS,6609.0,220.0,0.0,0.0,0.0,0.0,6611,220,0.0,0.0,0.0,0.0,6610.0,0.0
0,582000,JAMS,6609.0,262.0,0.0,0.0,0.0,0.0,6611,262,0.0,0.0,0.0,0.0,6610.0,0.0
0,582100,JAMS,6609.0,188.0,0.0,0.0,0.0,0.0,6611,188,0.0,0.0,0.0,0.0,6610.0,0.0
0,582200,JAMS,6609.0,194.0,0.0,0.0,0.0,0.0,6611,194,0.0,0.0,0.0,0.0,6610.0,0.0
0,582300,JAMS,6609.0,214.0,0.0,0.0,0.0,0.0,6611,214,0.0,0.0,0.0,0.0,6610.0,0.0
0,582400,JAMS,6609.0,199.0,0.0,0.0,0.0,0.0,6611,199,0.0,0.0,0.0,0.0,6610.0,0.0
0,582500,JAMS,6610.0,92.0,6609.0,143.0,0.0,0.0,6611,92,6612.0,143.0,0.0,0.0,6610.5,0.0
0,582600,JAMS,6610.0,229.0,0.0,0.0,0.0,0.0,6612,229,0.0,0.0,0.0,0.0,6611.0,0.0
0,582700,JAMS,6610.0,246.0,0.0,0.0,0.0,0.0,6612,246,0.0,0.0,0.0,0.0,6611.0,0.0
0,582800,JAMS,6610.0,280.0,0.0,0.0,0.0,0.0,6612,280,0.0,0.0,0.0,0.0,6611.0,0.0
0,582900,JAMS,6610.0,239.0,0.0,0.0,0.0,0.0,6612,239,0.0,0.0,0.0,0.0,6611.0,0.0
0,583000,JAMS,6610.0,221.0,0.0,0.0,0.0,0.0,6612,221,0.0,0.0,0.0,0.0,6611.0,0.0
0,583100,JAMS,6610.0,218.0,0.0,0.0,0.0,0.0,6612,208,0.0,0.0,0.0,0.0,6611.0,0.0
0,583200,JAMS,6610.0,231.0,0.0,0.0,0.0,0.0,6612,231,0.0,0.0,0.0,0.0,6611.0,0.0
0,583300,JAMS,6610.0,249.0,0.0,0.0,0.0,0.0,6612,249,0.0,0.0,0.0,0.0,6611.0,0.0
0,583400,JAMS,6611.0,104.0,6610.0,185.0,0.0,0.0,6612,94,6613.0,185.0,0.0,0.0,6611.5,0.0
0,583500,JAMS,6612.0,79.0,6611.0,149.0,0.0,0.0,6613,88,6614.0,149.0,0.0,0.0,6612.5,0.0
0,583600,JAMS,6612.0,183.0,0.0,0.0,0.0,0.0,6614,183,0.0,0.0,0.0,0.0,6613.0,0.0
0,583700,JAMS,6611.0,73.0,6610.0,126.0,0.0,0.0,6612,73,6613.0,126.0,0.0,0.0,6611.5,0.0
0,583800,JAMS,6610.0,298.0,0.0,0.0,0.0,0.0,6612,298,0.0,0.0,0.0,0.0,6611.0,0.0
0,583900,JAMS,6610.0,216.0,0.0,0.0,0.0,0.0,6612,216,0.0,0.0,0.0,0.0,6611.0,0.0
0,584000,JAMS,6610.0,92.0,6609.0,176.0,0.0,0.0,6611,82,6612.0,176.0,0.0,0.0,6610.5,0.0
0,584100,JAMS,6609.0,45.0,6608.0,179.0,0.0,0.0,6610,52,6611.0,179.0,0.0,0.0,6609.5,0.0
0,584200,JAMS,6609.0,50.0,6608.0,107.0,0.0,0.0,6610,50,6611.0,107.0,0.0,0.0,6609.5,0.0
0,584300,JAMS,6609.0,229.0,0.0,0.0,0.0,0.0,6611,229,0.0,0.0,0.0,0.0,6610.0,0.0
0,584400,JAMS,6609.0,225.0,0.0,0.0,0.0,0.0,6611,225,0.0,0.0,0.0,0.0,6610.0,0.0
0,584500,JAMS,6610.0,86.0,6609.0,195.0,0.0,0.0,6611,86,6612.0,195.0,0.0,0.0,6610.5,0.0
0,584600,JAMS,6610.0,69.0,6609.0,113.0,0.0,0.0,6611,69,6612.0,113.0,0.0,0.0,6610.5,0.0
0,584700,JAMS,6609.0,227.0,0.0,0.0,0.0,0.0,6610,95,6611.0,132.0,0.0,0.0,6609.5,0.0
0,584800,JAMS,6609.0,207.0,0.0,0.0,0.0,0.0,6611,207,0.0,0.0,0.0,0.0,6610.0,0.0
0,584900,JAMS,6609.0,254.0,0.0,0.0,0.0,0.0,6611,254,0.0,0.0,0.0,0.0,6610.0,0.0
0,585000,JAMS,6609.0,240.0,0.0,0.0,0.0,0.0,6611,240,0.0,0.0,0.0,0.0,6610.0,0.0
0,585100,JAMS,6609.0,242.0,0.0,0.0,0.0,0.0,6611,242,0.0,0.0,0.0,0.0,6610.0,0.0
0,585200,JAMS,6609.0,253.0,0.0,0.0,0.0,0.0,6611,253,0.0,0.0,0.0,0.0,6610.0,0.0
0,585300,JAMS,6609.0,182.0,0.0,0.0,0.0,0.0,6611,182,0.0,0.0,0.0,0.0,6610.0,0.0
0,585400,JAMS,6609.0,259.0,0.0,0.0,0.0,0.0,6611,259,0.0,0.0,0.0,0.0,6610.0,0.0
0,585500,JAMS,6609.0,75.0,6608.0,134.0,0.0,0.0,6610,75,6611.0,134.0,0.0,0.0,6609.5,0.0
0,585600,JAMS,6609.0,250.0,0.0,0.0,0.0,0.0,6611,250,0.0,0.0,0.0,0.0,6610.0,0.0
0,585700,JAMS,6609.0,175.0,0.0,0.0,0.0,0.0,6611,175,0.0,0.0,0.0,0.0,6610.0,0.0
0,585800,JAMS,6609.0,165.0,0.0,0.0,0.0,0.0,6611,165,0.0,0.0,0.0,0.0,6610.0,0.0
0,585900,JAMS,6609.0,257.0,0.0,0.0,0.0,0.0,6611,257,0.0,0.0,0.0,0.0,6610.0,0.0
0,586000,JAMS,6609.0,168.0,0.0,0.0,0.0,0.0,6611,168,0.0,0.0,0.0,0.0,6610.0,0.0
0,586100,JAMS,6609.0,257.0,0.0,0.0,0.0,0.0,6611,257,0.0,0.0,0.0,0.0,6610.0,0.0
0,586200,JAMS,6609.0,280.0,0.0,0.0,0.0,0.0,6610,6,6611.0,280.0,0.0,0.0,6609.5,0.0
0,586300,JAMS,6609.0,212.0,0.0,0.0,0.0,0.0,6611,212,0.0,0.0,0.0,0.0,6610.0,0.0
0,586400,JAMS,6609.0,282.0,0.0,0.0,0.0,0.0,6611,282,0.0,0.0,0.0,0.0,6610.0,0.0
0,586500,JAMS,6609.0,81.0,6608.0,119.0,0.0,0.0,6610,81,6611.0,119.0,0.0,0.0,6609.5,0.0
0,586600,JAMS,6609.0,232.0,0.0,0.0,0.0,0.0,6611,232,0.0,0.0,0.0,0.0,6610.0,0.0
0,586700,JAMS,6609.0,228.0,0.0,0.0,0.0,0.0,6611,228,0.0,0.0,0.0,0.0,6610.0,0.0
0,586800,JAMS,6609.0,247.0,0.0,0.0,0.0,0.0,6611,247,0.0,0.0,0.0,0.0,6610.0,0.0
0,586900,JAMS,6610.0,53.0,6609.0,103.0,0.0,0.0,6611,53,6612.0,103.0,0.0,0.0,6610.5,0.0
0,587000,JAMS,6610.0,85.0,6609.0,143.0,0.0,0.0,6611,85,6612.0,143.0,0.0,0.0,6610.5,0.0
0,587100,JAMS,6610.0,100.0,6609.0,199.0,0.0,0.0,6611,100,6612.0,199.0,0.0,0.0,6610.5,0.0
0,587200,JAMS,6610.0,94.0,6609.0,144.0,0.0,0.0,6611,94,6612.0,144.0,0.0,0.0,6610.5,0.0
0,587300,JAMS,6609.0,199.0,0.0,0.0,0.0,0.0,6611,199,0.0,0.0,0.0,0.0,6610.0,0.0
0,587400,JAMS,6609.0,280.0,0.0,0.0,0.0,0.0,6611,280,0.0,0.0,0.0,0.0,6610.0,0.0
0,587500,JAMS,6609.0,261.0,0.0,0.0,0.0,0.0,6611,261,0.0,0.0,0.0,0.0,6610.0,0.0
0,587600,JAMS,6610.0,60.0,6609.0,155.0,0.0,0.0,6611,60,6612.0,155.0,0.0,0.0,6610.5,0.0
0,587700,JAMS,6609.0,205.0,0.0,0.0,0.0,0.0,6611,205,0.0,0.0,0.0,0.0,6610.0,0.0
0,587800,JAMS,6608.0,277.0,0.0,0.0,0.0,0.0,6610,277,0.0,0.0,0.0,0.0,6609.0,0.0
0,587900,JAMS,6608.0,239.0,0.0,0.0,0.0,0.0,6610,239,0.0,0.0,0.0,0.0,6609.0,0.0
0,588000,JAMS,6608.0,227.0,0.0,0.0,0.0,0.0,6610,227,0.0,0.0,0.0,0.0,6609.0,0.0
0,588100,JAMS,6608.0,279.0,0.0,0.0,0.0,0.0,6610,275,0.0,0.0,0.0,0.0,6609.0,0.0
0,588200,JAMS,6608.0,88.0,6607.0,129.0,0.0,0.0,6609,88,6610.0,129.0,0.0,0.0,6608.5,0.0
0,588300,JAMS,6607.0,164.0,0.0,0.0,0.0,0.0,6609,164,0.0,0.0,0.0,0.0,6608.0,0.0
0,588400,JAMS,6607.0,247.0,0.0,0.0,0.0,0.0,6609,247,0.0,0.0,0.0,0.0,6608.0,0.0
0,588500,JAMS,6606.0,222.0,0.0,0.0,0.0,0.0,6608,222,0.0,0.0,0.0,0.0,6607.0,0.0
0,588600,JAMS,6606.0,201.0,0.0,0.0,0.0,0.0,6608,201,0.0,0.0,0.0,0.0,6607.0,0.0
0,588700,JAMS,6606.0,99.0,6605.0,183.0,0.0,0.0,6607,99,6608.0,183.0,0.0,0.0,6606.5,0.0
0,588800,JAMS,6606.0,80.0,6605.0,158.0,0.0,0.0,6607,86,6608.0,158.0,0.0,0.0,6606.5,0.0
0,588900,JAMS,6606.0,95.0,6605.0,140.0,0.0,0.0,6607,100,6608.0,140.0,0.0,0.0,6606.5,0.0
0,589000,JAMS,6606.0,76.0,6605.0,116.0,0.0,0.0,6607,76,6608.0,116.0,0.0,0.0,6606.5,0.0
0,589100,JAMS,6606.0,191.0,0.0,0.0,0.0,0.0,6608,191,0.0,0.0,0.0,0.0,6607.0,0.0
0,589200,JAMS,6606.0,208.0,0.0,0.0,0.0,0.0,6607,75,6608.0,133.0,0.0,0.0,6606.5,0.0
0,589300,JAMS,6606.0,57.0,6605.0,112.0,0.0,0.0,6607,57,6608.0,112.0,0.0,0.0,6606.5,0.0
0,589400,JAMS,6606.0,235.0,0.0,0.0,0.0,0.0,6608,235,0.0,0.0,0.0,0.0,6607.0,0.0
0,589500,JAMS,6606.0,200.0,0.0,0.0,0.0,0.0,6608,200,0.0,0.0,0.0,0.0,6607.0,0.0
0,589600,JAMS,6606.0,203.0,0.0,0.0,0.0,0.0,6608,203,0.0,0.0,0.0,0.0,6607.0,0.0
0,589700,JAMS,6606.0,248.0,0.0,0.0,0.0,0.0,6607,7,6608.0,248.0,0.0,0.0,6606.5,0.0
0,589800,JAMS,6606.0,80.0,6605.0,150.0,0.0,0.0,6607,80,6608.0,150.0,0.0,0.0,6606.5,0.0
0,589900,JAMS,6606.0,75.0,6605.0,200.0,0.0,0.0,6607,75,6608.0,200.0,0.0,0.0,6606.5,0.0
0,590000,JAMS,6605.0,216.0,0.0,0.0,0.0,0.0,6607,216,0.0,0.0,0.0,0.0,6606.0,0.0
0,590100,JAMS,6605.0,221.0,0.0,0.0,0.0,0.0,6607,221,0.0,0.0,0.0,0.0,6606.0,0.0
0,590200,JAMS,6606.0,62.0,6605.0,140.0,0.0,0.0,6607,62,6608.0,140.0,0.0,0.0,6606.5,0.0
0,590300,JAMS,6606.0,90.0,6605.0,171.0,0.0,0.0,6607,81,6608.0,171.0,0.0,0.0,6606.5,0.0
0,590400,JAMS,6606.0,76.0,6605.0,172.0,0.0,0.0,6607,76,6608.0,172.0,0.0,0.0,6606.5,0.0
0,590500,JAMS,6605.0,278.0,0.0,0.0,0.0,0.0,6607,278,0.0,0.0,0.0,0.0,6606.0,0.0
0,590600,JAMS,6606.0,67.0,6605.0,179.0,0.0,0.0,6607,67,6608.0,179.0,0.0,0.0,6606.5,0.0
0,590700,JAMS,6605.0,181.0,0.0,0.0,0.0,0.0,6607,181,0.0,0.0,0.0,0.0,6606.0,0.0
0,590800,JAMS,6605.0,211.0,0.0,0.0,0.0,0.0,6606,5,6607.0,211.0,0.0,0.0,6605.5,0.0
0,590900,JAMS,6605.0,241.0,0.0,0.0,0.0,0.0,6607,241,0.0,0.0,0.0,0.0,6606.0,0.0
0,591000,JAMS,6606.0,85.0,6605.0,170.0,0.0,0.0,6607,85,6608.0,170.0,0.0,0.0,6606.5,0.0
0,591100,JAMS,6605.0,215.0,0.0,0.0,0.0,0.0,6607,215,0.0,0.0,0.0,0.0,6606.0,0.0
0,591200,JAMS,6605.0,73.0,6604.0,193.0,0.0,0.0,6606,73,6607.0,193.0,0.0,0.0,6605.5,0.0
0,591300,JAMS,6605.0,61.0,6604.0,186.0,0.0,0.0,6606,61,6607.0,186.0,0.0,0.0,6605.5,0.0
0,591400,JAMS,6604.0,191.0,0.0,0.0,0.0,0.0,6606,191,0.0,0.0,0.0,0.0,6605.0,0.0
0,591500,JAMS,6605.0,66.0,6604.0,148.0,0.0,0.0,6606,66,6607.0,148.0,0.0,0.0,6605.5,0.0
0,591600,JAMS,6605.0,51.0,6604.0,119.0,0.0,0.0,6606,51,6607.0,119.0,0.0,0.0,6605.5,0.0
0,591700,JAMS,6605.0,237.0,0.0,0.0,0.0,0.0,6607,237,0.0,0.0,0.0,0.0,6606.0,0.0
0,591800,JAMS,6606.0,84.0,6605.0,107.0,0.0,0.0,6607,76,6608.0,107.0,0.0,0.0,6606.5,0.0
0,591900,JAMS,6606.0,83.0,6605.0,108.0,0.0,0.0,6607,83,6608.0,108.0,0.0,0.0,6606.5,0.0
0,592000,JAMS,6606.0,68.0,6605.0,185.0,0.0,0.0,6607,68,6608.0,185.0,0.0,0.0,6606.5,0.0
0,592100,JAMS,6606.0,50.0,6605.0,164.0,0.0,0.0,6607,50,6608.0,164.0,0.0,0.0,6606.5,0.0
0,592200,JAMS,6605.0,213.0,0.0,0.0,0.0,0.0,6607,213,0.0,0.0,0.0,0.0,6606.0,0.0
0,592300,JAMS,6605.0,219.0,0.0,0.0,0.0,0.0,6606,9,6607.0,219.0,0.0,0.0,6605.5,0.0
0,592400,JAMS,6605.0,188.0,0.0,0.0,0.0,0.0,6607,188,0.0,0.0,0.0,0.0,6606.0,0.0
0,592500,JAMS,6605.0,85.0,6604.0,115.0,0.0,0.0,6606,85,6607.0,115.0,0.0,0.0,6605.5,0.0
0,592600,JAMS,6605.0,71.0,6604.0,148.0,0.0,0.0,6606,71,6607.0,148.0,0.0,0.0,6605.5,0.0
0,592700,JAMS,6605.0,157.0,0.0,0.0,0.0,0.0,6607,157,0.0,0.0,0.0,0.0,6606.0,0.0
0,592800,JAMS,6606.0,7.0,6605.0,244.0,0.0,0.0,6607,244,0.0,0.0,0.0,0.0,6606.5,0.0
0,592900,JAMS,6605.0,198.0,0.0,0.0,0.0,0.0,6607,198,0.0,0.0,0.0,0.0,6606.0,0.0
0,593000,JAMS,6605.0,258.0,0.0,0.0,0.0,0.0,6607,258,0.0,0.0,0.0,0.0,6606.0,0.0
0,593100,JAMS,6605.0,193.0,0.0,0.0,0.0,0.0,6607,193,0.0,0.0,0.0,0.0,6606.0,0.0
0,593200,JAMS,6605.0,89.0,6604.0,119.0,0.0,0.0,6606,89,6607.0,119.0,0.0,0.0,6605.5,0.0
0,593300,JAMS,6605.0,7.0,6604.0,247.0,0.0,0.0,6606,247,0.0,0.0,0.0,0.0,6605.5,0.0
0,593400,JAMS,6605.0,77.0,6604.0,153.0,0.0,0.0,6606,77,6607.0,153.0,0.0,0.0,6605.5,0.0
0,593500,JAMS,6604.0,242.0,0.0,0.0,0.0,0.0,6606,242,0.0,0.0,0.0,0.0,6605.0,0.0
0,593600,JAMS,6604.0,221.0,0.0,0.0,0.0,0.0,6606,221,0.0,0.0,0.0,0.0,6605.0,0.0
0,593700,JAMS,6604.0,252.0,0.0,0.0,0.0,0.0,6606,252,0.0,0.0,0.0,0.0,6605.0,0.0
0,593800,JAMS,6604.0,204.0,0.0,0.0,0.0,0.0,6606,204,0.0,0.0,0.0,0.0,6605.0,0.0
0,593900,JAMS,6604.0,257.0,0.0,0.0,0.0,0.0,6606,257,0.0,0.0,0.0,0.0,6605.0,0.0
0,594000,JAMS,6604.0,213.0,0.0,0.0,0.0,0.0,6606,213,0.0,0.0,0.0,0.0,6605.0,0.0
0,594100,JAMS,6604.0,304.0,0.0,0.0,0.0,0.0,6606,292,0.0,0.0,0.0,0.0,6605.0,0.0
0,594200,JAMS,6604.0,231.0,0.0,0.0,0.0,0.0,6606,231,0.0,0.0,0.0,0.0,6605.0,0.0
0,594300,JAMS,6604.0,202.0,0.0,0.0,0.0,0.0,6606,202,0.0,0.0,0.0,0.0,6605.0,0.0
0,594400,JAMS,6604.0,225.0,0.0,0.0,0.0,0.0,6606,225,0.0,0.0,0.0,0.0,6605.0,0.0
0,594500,JAMS,6604.0,271.0,0.0,0.0,0.0,0.0,6606,271,0.0,0.0,0.0,0.0,6605.0,0.0
0,594600,JAMS,6603.0,235.0,0.0,0.0,0.0,0.0,6605,235,0.0,0.0,0.0,0.0,6604.0,0.0
0,594700,JAMS,6602.0,208.0,0.0,0.0,0.0,0.0,6604,208,0.0,0.0,0.0,0.0,6603.0,0.0
0,594800,JAMS,6602.0,271.0,0.0,0.0,0.0,0.0,6604,271,0.0,0.0,0.0,0.0,6603.0,0.0
0,594900,JAMS,6602.0,255.0,0.0,0.0,0.0,0.0,6604,255,0.0,0.0,0.0,0.0,6603.0,0.0
0,595000,JAMS,6601.0,293.0,0.0,0.0,0.0,0.0,6603,293,0.0,0.0,0.0,0.0,6602.0,0.0
0,595100,JAMS,6600.0,204.0,0.0,0.0,0.0,0.0,6602,204,0.0,0.0,0.0,0.0,6601.0,0.0
0,595200,JAMS,6600.0,201.0,0.0,0.0,0.0,0.0,6602,201,0.0,0.0,0.0,0.0,6601.0,0.0
0,595300,JAMS,6600.0,179.0,0.0,0.0,0.0,0.0,6602,179,0.0,0.0,0.0,0.0,6601.0,0.0
0,595400,JAMS,6600.0,200.0,0.0,0.0,0.0,0.0,6602,200,0.0,0.0,0.0,0.0,6601.0,0.0
0,595500,JAMS,6600.0,223.0,0.0,0.0,0.0,0.0,6602,223,0.0,0.0,0.0,0.0,6601.0,0.0
0,595600,JAMS,6600.0,260.0,0.0,0.0,0.0,0.0,6602,260,0.0,0.0,0.0,0.0,6601.0,0.0
0,595700,JAMS,6600.0,78.0,6599.0,143.0,0.0,0.0,6601,78,6602.0,143.0,0.0,0.0,6600.5,0.0
0,595800,JAMS,6600.0,56.0,6599.0,143.0,0.0,0.0,6601,56,6602.0,143.0,0.0,0.0,6600.5,0.0
0,595900,JAMS,6599.0,272.0,0.0,0.0,0.0,0.0,6601,272,0.0,0.0,0.0,0.0,6600.0,0.0
0,596000,JAMS,6599.0,230.0,0.0,0.0,0.0,0.0,6601,224,0.0,0.0,0.0,0.0,6600.0,0.0
0,596100,JAMS,6599.0,206.0,0.0,0.0,0.0,0.0,6601,206,0.0,0.0,0.0,0.0,6600.0,0.0
0,596200,JAMS,6600.0,93.0,6599.0,174.0,0.0,0.0,6601,93,6602.0,174.0,0.0,0.0,6600.5,0.0
0,596300,JAMS,6600.0,51.0,6599.0,163.0,0.0,0.0,6601,51,6602.0,163.0,0.0,0.0,6600.5,0.0
0,596400,JAMS,6600.0,264.0,0.0,0.0,0.0,0.0,6602,264,0.0,0.0,0.0,0.0,6601.0,0.0
0,596500,JAMS,6600.0,201.0,0.0,0.0,0.0,0.0,6602,201,0.0,0.0,0.0,0.0,6601.0,0.0
0,596600,JAMS,6600.0,210.0,0.0,0.0,0.0,0.0,6602,210,0.0,0.0,0.0,0.0,6601.0,0.0
0,596700,JAMS,6600.0,172.0,0.0,0.0,0.0,0.0,6602,172,0.0,0.0,0.0,0.0,6601.0,0.0
0,596800,JAMS,6600.0,213.0,0.0,0.0,0.0,0.0,6602,213,0.0,0.0,0.0,0.0,6601.0,0.0
0,596900,JAMS,6600.0,98.0,6599.0,193.0,0.0,0.0,6601,98,6602.0,193.0,0.0,0.0,6600.5,0.0
0,597000,JAMS,6599.0,251.0,0.0,0.0,0.0,0.0,6601,251,0.0,0.0,0.0,0.0,6600.0,0.0
0,597100,JAMS,6599.0,258.0,0.0,0.0,0.0,0.0,6601,258,0.0,0.0,0.0,0.0,6600.0,0.0
0,597200,JAMS,6600.0,56.0,6599.0,178.0,0.0,0.0,6601,60,6602.0,178.0,0.0,0.0,6600.5,0.0
0,597300,JAMS,6600.0,241.0,0.0,0.0,0.0,0.0,6602,241,0.0,0.0,0.0,0.0,6601.0,0.0
0,597400,JAMS,6601.0,95.0,6600.0,136.0,0.0,0.0,6602,95,6603.0,136.0,0.0,0.0,6601.5,0.0
0,597500,JAMS,6600.0,214.0,0.0,0.0,0.0,0.0,6602,214,0.0,0.0,0.0,0.0,6601.0,0.0
0,597600,JAMS,6601.0,93.0,6600.0,176.0,0.0,0.0,6602,93,6603.0,176.0,0.0,0.0,6601.5,0.0
0,597700,JAMS,6600.0,188.0,0.0,0.0,0.0,0.0,6602,188,0.0,0.0,0.0,0.0,6601.0,0.0
0,597800,JAMS,6602.0,89.0,6601.0,112.0,0.0,0.0,6603,89,6604.0,112.0,0.0,0.0,6602.5,0.0
0,597900,JAMS,6602.0,197.0,0.0,0.0,0.0,0.0,6604,197,0.0,0.0,0.0,0.0,6603.0,0.0
0,598000,JAMS,6602.0,285.0,0.0,0.0,0.0,0.0,6604,285,0.0,0.0,0.0,0.0,6603.0,0.0
0,598100,JAMS,6602.0,192.0,0.0,0.0,0.0,0.0,6604,195,0.0,0.0,0.0,0.0,6603.0,0.0
0,598200,JAMS,6604.0,79.0,6603.0,121.0,0.0,0.0,6605,68,6606.0,121.0,0.0,0.0,6604.5,0.0
0,598300,JAMS,6605.0,255.0,0.0,0.0,0.0,0.0,6607,255,0.0,0.0,0.0,0.0,6606.0,0.0
0,598400,JAMS,6606.0,231.0,0.0,0.0,0.0,0.0,6608,231,0.0,0.0,0.0,0.0,6607.0,0.0
0,598500,JAMS,6607.0,81.0,6606.0,189.0,0.0,0.0,6608,81,6609.0,189.0,0.0,0.0,6607.5,0.0
0,598600,JAMS,6607.0,93.0,6606.0,158.0,0.0,0.0,6608,93,6609.0,158.0,0.0,0.0,6607.5,0.0
0,598700,JAMS,6607.0,92.0,6606.0,152.0,0.0,0.0,6608,88,6609.0,152.0,0.0,0.0,6607.5,0.0
0,598800,JAMS,6605.0,245.0,0.0,0.0,0.0,0.0,6607,245,0.0,0.0,0.0,0.0,6606.0,0.0
0,598900,JAMS,6606.0,50.0,6605.0,163.0,0.0,0.0,6607,50,6608.0,163.0,0.0,0.0,6606.5,0.0
0,599000,JAMS,6606.0,83.0,6605.0,141.0,0.0,0.0,6607,83,6608.0,141.0,0.0,0.0,6606.5,0.0
0,599100,JAMS,6606.0,235.0,0.0,0.0,0.0,0.0,6608,235,0.0,0.0,0.0,0.0,6607.0,0.0
0,599200,JAMS,6606.0,180.0,0.0,0.0,0.0,0.0,6608,180,0.0,0.0,0.0,0.0,6607.0,0.0
0,599300,JAMS,6606.0,212.0,0.0,0.0,0.0,0.0,6608,212,0.0,0.0,0.0,0.0,6607.0,0.0
0,599400,JAMS,6606.0,207.0,0.0,0.0,0.0,0.0,6608,207,0.0,0.0,0.0,0.0,6607.0,0.0
0,599500,JAMS,6606.0,153.0,0.0,0.0,0.0,0.0,6608,153,0.0,0.0,0.0,0.0,6607.0,0.0
0,599600,JAMS,6606.0,294.0,0.0,0.0,0.0,0.0,6608,284,0.0,0.0,0.0,0.0,6607.0,0.0
0,599700,JAMS,6606.0,245.0,0.0,0.0,0.0,0.0,6608,245,0.0,0.0,0.0,0.0,6607.0,0.0
0,599800,JAMS,6606.0,185.0,0.0,0.0,0.0,0.0,6608,185,0.0,0.0,0.0,0.0,6607.0,0.0
0,599900,JAMS,6606.0,247.0,0.0,0.0,0.0,0.0,6608,247,0.0,0.0,0.0,0.0,6607.0,0.0
0,600000,JAMS,6606.0,283.0,0.0,0.0,0.0,0.0,6608,283,0.0,0.0,0.0,0.0,6607.0,0.0
0,600100,JAMS,6606.0,265.0,0.0,0.0,0.0,0.0,6608,265,0.0,0.0,0.0,0.0,6607.0,0.0
0,600200,JAMS,6607.0,55.0,6606.0,197.0,0.0,0.0,6608,55,6609.0,197.0,0.0,0.0,6607.5,0.0
0,600300,JAMS,6607.0,60.0,6606.0,188.0,0.0,0.0,6608,70,6609.0,188.0,0.0,0.0,6607.5,0.0
0,600400,JAMS,6607.0,97.0,6606.0,177.0,0.0,0.0,6608,97,6609.0,177.0,0.0,0.0,6607.5,0.0
0,600500,JAMS,6606.0,291.0,0.0,0.0,0.0,0.0,6608,291,0.0,0.0,0.0,0.0,6607.0,0.0
0,600600,JAMS,6605.0,230.0,0.0,0.0,0.0,0.0,6607,230,0.0,0.0,0.0,0.0,6606.0,0.0
0,600700,JAMS,6605.0,214.0,0.0,0.0,0.0,0.0,6607,214,0.0,0.0,0.0,0.0,6606.0,0.0
0,600800,JAMS,6606.0,76.0,6605.0,169.0,0.0,0.0,6607,76,6608.0,169.0,0.0,0.0,6606.5,0.0
0,600900,JAMS,6605.0,188.0,0.0,0.0,0.0,0.0,6607,188,0.0,0.0,0.0,0.0,6606.0,0.0
0,601000,JAMS,6605.0,217.0,0.0,0.0,0.0,0.0,6607,217,0.0,0.0,0.0,0.0,6606.0,0.0
0,601100,JAMS,6605.0,206.0,0.0,0.0,0.0,0.0,6607,206,0.0,0.0,0.0,0.0,6606.0,0.0
0,601200,JAMS,6605.0,208.0,0.0,0.0,0.0,0.0,6607,208,0.0,0.0,0.0,0.0,6606.0,0.0
0,601300,JAMS,6605.0,95.0,6604.0,143.0,0.0,0.0,6606,95,6607.0,143.0,0.0,0.0,6605.5,0.0
0,601400,JAMS,6605.0,93.0,6604.0,133.0,0.0,0.0,6606,93,6607.0,133.0,0.0,0.0,6605.5,0.0
0,601500,JAMS,6605.0,97.0,6604.0,127.0,0.0,0.0,6606,97,6607.0,127.0,0.0,0.0,6605.5,0.0
0,601600,JAMS,6605.0,46.0,6604.0,119.0,0.0,0.0,6606,176,0.0,0.0,0.0,0.0,6605.5,0.0
0,601700,JAMS,6605.0,76.0,6604.0,125.0,0.0,0.0,6606,76,6607.0,125.0,0.0,0.0,6605.5,0.0
0,601800,JAMS,6605.0,89.0,6604.0,162.0,0.0,0.0,6606,89,6607.0,162.0,0.0,0.0,6605.5,0.0
0,601900,JAMS,6605.0,96.0,6604.0,128.0,0.0,0.0,6606,224,0.0,0.0,0.0,0.0,6605.5,0.0
0,602000,JAMS,6604.0,247.0,0.0,0.0,0.0,0.0,6606,247,0.0,0.0,0.0,0.0,6605.0,0.0
0,602100,JAMS,6605.0,84.0,6604.0,126.0,0.0,0.0,6606,84,6607.0,126.0,0.0,0.0,6605.5,0.0
0,602200,JAMS,6605.0,252.0,0.0,0.0,0.0,0.0,6607,252,0.0,0.0,0.0,0.0,6606.0,0.0
0,602300,JAMS,6605.0,178.0,0.0,0.0,0.0,0.0,6607,178,0.0,0.0,0.0,0.0,6606.0,0.0
0,602400,JAMS,6605.0,292.0,0.0,0.0,0.0,0.0,6606,95,6607.0,197.0,0.0,0.0,6605.5,0.0
0,602500,JAMS,6605.0,176.0,0.0,0.0,0.0,0.0,6607,176,0.0,0.0,0.0,0.0,6606.0,0.0
0,602600,JAMS,6605.0,213.0,0.0,0.0,0.0,0.0,6607,213,0.0,0.0,0.0,0.0,6606.0,0.0
0,602700,JAMS,6606.0,67.0,6605.0,123.0,0.0,0.0,6607,67,6608.0,123.0,0.0,0.0,6606.5,0.0
0,602800,JAMS,6606.0,87.0,6605.0,176.0,0.0,0.0,6607,76,6608.0,176.0,0.0,0.0,6606.5,0.0
0,602900,JAMS,6606.0,83.0,6605.0,177.0,0.0,0.0,6607,260,0.0,0.0,0.0,0.0,6606.5,0.0
0,603000,JAMS,6605.0,194.0,0.0,0.0,0.0,0.0,6607,194,0.0,0.0,0.0,0.0,6606.0,0.0
0,603100,JAMS,6606.0,96.0,6605.0,104.0,0.0,0.0,6607,96,6608.0,104.0,0.0,0.0,6606.5,0.0
0,603200,JAMS,6605.0,270.0,0.0,0.0,0.0,0.0,6607,270,0.0,0.0,0.0,0.0,6606.0,0.0
0,603300,JAMS,6605.0,82.0,6604.0,105.0,0.0,0.0,6606,78,6607.0,105.0,0.0,0.0,6605.5,0.0
0,603400,JAMS,6604.0,264.0,0.0,0.0,0.0,0.0,6605,8,6606.0,264.0,0.0,0.0,6604.5,0.0
0,603500,JAMS,6605.0,71.0,6604.0,108.0,0.0,0.0,6606,71,6607.0,108.0,0.0,0.0,6605.5,0.0
0,603600,JAMS,6605.0,65.0,6604.0,182.0,0.0,0.0,6606,65,6607.0,182.0,0.0,0.0,6605.5,0.0
0,603700,JAMS,6604.0,215.0,0.0,0.0,0.0,0.0,6606,215,0.0,0.0,0.0,0.0,6605.0,0.0
0,603800,JAMS,6604.0,203.0,0.0,0.0,0.0,0.0,6606,203,0.0,0.0,0.0,0.0,6605.0,0.0
0,603900,JAMS,6605.0,100.0,6604.0,108.0,0.0,0.0,6606,100,6607.0,108.0,0.0,0.0,6605.5,0.0
0,604000,JAMS,6604.0,250.0,0.0,0.0,0.0,0.0,6606,250,0.0,0.0,0.0,0.0,6605.0,0.0
0,604100,JAMS,6604.0,237.0,0.0,0.0,0.0,0.0,6606,237,0.0,0.0,0.0,0.0,6605.0,0.0
0,604200,JAMS,6604.0,263.0,0.0,0.0,0.0,0.0,6606,263,0.0,0.0,0.0,0.0,6605.0,0.0
0,604300,JAMS,6603.0,244.0,0.0,0.0,0.0,0.0,6605,244,0.0,0.0,0.0,0.0,6604.0,0.0
0,604400,JAMS,6603.0,61.0,6602.0,105.0,0.0,0.0,6604,61,6605.0,105.0,0.0,0.0,6603.5,0.0
0,604500,JAMS,6603.0,64.0,6602.0,119.0,0.0,0.0,6604,76,6605.0,119.0,0.0,0.0,6603.5,0.0
0,604600,JAMS,6603.0,84.0,6602.0,157.0,0.0,0.0,6604,84,6605.0,157.0,0.0,0.0,6603.5,0.0
0,604700,JAMS,6602.0,187.0,0.0,0.0,0.0,0.0,6604,187,0.0,0.0,0.0,0.0,6603.0,0.0
0,604800,JAMS,6602.0,208.0,0.0,0.0,0.0,0.0,6604,208,0.0,0.0,0.0,0.0,6603.0,0.0
0,604900,JAMS,6602.0,205.0,0.0,0.0,0.0,0.0,6604,205,0.0,0.0,0.0,0.0,6603.0,0.0
0,605000,JAMS,6602.0,93.0,6601.0,149.0,0.0,0.0,6603,89,6604.0,149.0,0.0,0.0,6602.5,0.0
0,605100,JAMS,6602.0,243.0,0.0,0.0,0.0,0.0,6604,243,0.0,0.0,0.0,0.0,6603.0,0.0
0,605200,JAMS,6602.0,50.0,6601.0,137.0,0.0,0.0,6603,50,6604.0,137.0,0.0,0.0,6602.5,0.0
0,605300,JAMS,6602.0,250.0,0.0,0.0,0.0,0.0,6604,250,0.0,0.0,0.0,0.0,6603.0,0.0
0,605400,JAMS,6602.0,270.0,0.0,0.0,0.0,0.0,6604,270,0.0,0.0,0.0,0.0,6603.0,0.0
0,605500,JAMS,6602.0,56.0,6601.0,173.0,0.0,0.0,6603,56,6604.0,173.0,0.0,0.0,6602.5,0.0
0,605600,JAMS,6602.0,269.0,0.0,0.0,0.0,0.0,6604,269,0.0,0.0,0.0,0.0,6603.0,0.0
0,605700,JAMS,6602.0,58.0,6601.0,172.0,0.0,0.0,6603,61,6604.0,172.0,0.0,0.0,6602.5,0.0
0,605800,JAMS,6602.0,66.0,6601.0,126.0,0.0,0.0,6603,66,6604.0,126.0,0.0,0.0,6602.5,0.0
0,605900,JAMS,6602.0,192.0,0.0,0.0,0.0,0.0,6604,192,0.0,0.0,0.0,0.0,6603.0,0.0
0,606000,JAMS,6602.0,222.0,0.0,0.0,0.0,0.0,6604,222,0.0,0.0,0.0,0.0,6603.0,0.0
0,606100,JAMS,6603.0,264.0,0.0,0.0,0.0,0.0,6605,268,0.0,0.0,0.0,0.0,6604.0,0.0
0,606200,JAMS,6603.0,73.0,6602.0,133.0,0.0,0.0,6604,73,6605.0,133.0,0.0,0.0,6603.5,0.0
0,606300,JAMS,6603.0,9.0,6602.0,191.0,0.0,0.0,6604,191,0.0,0.0,0.0,0.0,6603.5,0.0
0,606400,JAMS,6602.0,217.0,0.0,0.0,0.0,0.0,6604,217,0.0,0.0,0.0,0.0,6603.0,0.0
0,606500,JAMS,6601.0,212.0,0.0,0.0,0.0,0.0,6603,212,0.0,0.0,0.0,0.0,6602.0,0.0
0,606600,JAMS,6601.0,250.0,0.0,0.0,0.0,0.0,6603,250,0.0,0.0,0.0,0.0,6602.0,0.0
0,606700,JAMS,6601.0,266.0,0.0,0.0,0.0,0.0,6603,266,0.0,0.0,0.0,0.0,6602.0,0.0
0,606800,JAMS,6600.0,200.0,0.0,0.0,0.0,0.0,6602,200,0.0,0.0,0.0,0.0,6601.0,0.0
0,606900,JAMS,6600.0,74.0,6599.0,188.0,0.0,0.0,6601,74,6602.0,188.0,0.0,0.0,6600.5,0.0
0,607000,JAMS,6599.0,194.0,0.0,0.0,0.0,0.0,6601,194,0.0,0.0,0.0,0.0,6600.0,0.0
0,607100,JAMS,6600.0,52.0,6599.0,121.0,0.0,0.0,6601,52,6602.0,121.0,0.0,0.0,6600.5,0.0
0,607200,JAMS,6599.0,204.0,0.0,0.0,0.0,0.0,6601,204,0.0,0.0,0.0,0.0,6600.0,0.0
0,607300,JAMS,6599.0,235.0,0.0,0.0,0.0,0.0,6601,235,0.0,0.0,0.0,0.0,6600.0,0.0
0,607400,JAMS,6599.0,182.0,0.0,0.0,0.0,0.0,6601,182,0.0,0.0,0.0,0.0,6600.0,0.0
0,607500,JAMS,6599.0,197.0,0.0,0.0,0.0,0.0,6601,197,0.0,0.0,0.0,0.0,6600.0,0.0
0,607600,JAMS,6598.0,189.0,0.0,0.0,0.0,0.0,6600,189,0.0,0.0,0.0,0.0,6599.0,0.0
0,607700,JAMS,6597.0,192.0,0.0,0.0,0.0,0.0,6598,8,6599.0,192.0,0.0,0.0,6597.5,0.0
0,607800,JAMS,6598.0,54.0,6597.0,111.0,0.0,0.0,6599,54,6600.0,111.0,0.0,0.0,6598.5,0.0
0,607900,JAMS,6597.0,237.0,0.0,0.0,0.0,0.0,6599,237,0.0,0.0,0.0,0.0,6598.0,0.0
0,608000,JAMS,6597.0,206.0,0.0,0.0,0.0,0.0,6599,206,0.0,0.0,0.0,0.0,6598.0,0.0
0,608100,JAMS,6597.0,272.0,0.0,0.0,0.0,0.0,6599,272,0.0,0.0,0.0,0.0,6598.0,0.0
0,608200,JAMS,6597.0,158.0,0.0,0.0,0.0,0.0,6599,158,0.0,0.0,0.0,0.0,6598.0,0.0
0,608300,JAMS,6598.0,190.0,0.0,0.0,0.0,0.0,6600,190,0.0,0.0,0.0,0.0,6599.0,0.0
0,608400,JAMS,6599.0,185.0,0.0,0.0,0.0,0.0,6600,64,6601.0,121.0,0.0,0.0,6599.5,0.0
0,608500,JAMS,6600.0,67.0,6599.0,183.0,0.0,0.0,6601,67,6602.0,183.0,0.0,0.0,6600.5,0.0
0,608600,JAMS,6599.0,250.0,0.0,0.0,0.0,0.0,6601,250,0.0,0.0,0.0,0.0,6600.0,0.0
0,608700,JAMS,6599.0,80.0,6598.0,114.0,0.0,0.0,6600,80,6601.0,114.0,0.0,0.0,6599.5,0.0
0,608800,JAMS,6599.0,53.0,6598.0,103.0,0.0,0.0,6600,53,6601.0,103.0,0.0,0.0,6599.5,0.0
0,608900,JAMS,6599.0,197.0,0.0,0.0,0.0,0.0,6601,197,0.0,0.0,0.0,0.0,6600.0,0.0
0,609000,JAMS,6599.0,62.0,6598.0,107.0,0.0,0.0,6600,62,6601.0,107.0,0.0,0.0,6599.5,0.0
0,609100,JAMS,6599.0,66.0,6598.0,107.0,0.0,0.0,6600,66,6601.0,107.0,0.0,0.0,6599.5,0.0
0,609200,JAMS,6599.0,71.0,6598.0,195.0,0.0,0.0,6600,71,6601.0,195.0,0.0,0.0,6599.5,0.0
0,609300,JAMS,6599.0,63.0,6598.0,181.0,0.0,0.0,6600,63,6601.0,181.0,0.0,0.0,6599.5,0.0
0,609400,JAMS,6599.0,54.0,6598.0,135.0,0.0,0.0,6600,54,6601.0,135.0,0.0,0.0,6599.5,0.0
0,609500,JAMS,6599.0,59.0,6598.0,152.0,0.0,0.0,6600,59,6601.0,152.0,0.0,0.0,6599.5,0.0
0,609600,JAMS,6599.0,185.0,0.0,0.0,0.0,0.0,6600,71,6601.0,114.0,0.0,0.0,6599.5,0.0
0,609700,JAMS,6599.0,55.0,6598.0,135.0,0.0,0.0,6600,55,6601.0,135.0,0.0,0.0,6599.5,0.0
0,609800,JAMS,6599.0,68.0,6598.0,170.0,0.0,0.0,6600,68,6601.0,170.0,0.0,0.0,6599.5,0.0
0,609900,JAMS,6599.0,96.0,6598.0,147.0,0.0,0.0,6600,96,6601.0,147.0,0.0,0.0,6599.5,0.0
0,610000,JAMS,6599.0,99.0,6598.0,126.0,0.0,0.0,6600,99,6601.0,126.0,0.0,0.0,6599.5,0.0
0,610100,JAMS,6599.0,64.0,6598.0,191.0,0.0,0.0,6600,64,6601.0,191.0,0.0,0.0,6599.5,0.0
0,610200,JAMS,6598.0,243.0,0.0,0.0,0.0,0.0,6600,243,0.0,0.0,0.0,0.0,6599.0,0.0
0,610300,JAMS,6598.0,195.0,0.0,0.0,0.0,0.0,6600,195,0.0,0.0,0.0,0.0,6599.0,0.0
0,610400,JAMS,6598.0,249.0,0.0,0.0,0.0,0.0,6600,249,0.0,0.0,0.0,0.0,6599.0,0.0
0,610500,JAMS,6598.0,180.0,0.0,0.0,0.0,0.0,6600,180,0.0,0.0,0.0,0.0,6599.0,0.0
0,610600,JAMS,6598.0,200.0,0.0,0.0,0.0,0.0,6600,200,0.0,0.0,0.0,0.0,6599.0,0.0
0,610700,JAMS,6598.0,190.0,0.0,0.0,0.0,0.0,6600,190,0.0,0.0,0.0,0.0,6599.0,0.0
0,610800,JAMS,6598.0,71.0,6597.0,190.0,0.0,0.0,6599,71,6600.0,190.0,0.0,0.0,6598.5,0.0
0,610900,JAMS,6598.0,250.0,0.0,0.0,0.0,0.0,6600,257,0.0,0.0,0.0,0.0,6599.0,0.0
0,611000,JAMS,6598.0,238.0,0.0,0.0,0.0,0.0,6600,238,0.0,0.0,0.0,0.0,6599.0,0.0
0,611100,JAMS,6598.0,195.0,0.0,0.0,0.0,0.0,6600,195,0.0,0.0,0.0,0.0,6599.0,0.0
0,611200,JAMS,6598.0,273.0,0.0,0.0,0.0,0.0,6600,273,0.0,0.0,0.0,0.0,6599.0,0.0
0,611300,JAMS,6598.0,270.0,0.0,0.0,0.0,0.0,6600,261,0.0,0.0,0.0,0.0,6599.0,0.0
0,611400,JAMS,6599.0,82.0,6598.0,125.0,0.0,0.0,6600,82,6601.0,125.0,0.0,0.0,6599.5,0.0
0,611500,JAMS,6599.0,79.0,6598.0,124.0,0.0,0.0,6600,79,6601.0,124.0,0.0,0.0,6599.5,0.0
0,611600,JAMS,6599.0,220.0,0.0,0.0,0.0,0.0,6601,220,0.0,0.0,0.0,0.0,6600.0,0.0
0,611700,JAMS,6599.0,79.0,6598.0,178.0,0.0,0.0,6600,79,6601.0,178.0,0.0,0.0,6599.5,0.0
0,611800,JAMS,6599.0,97.0,6598.0,100.0,0.0,0.0,6600,97,6601.0,100.0,0.0,0.0,6599.5,0.0
0,611900,JAMS,6599.0,90.0,6598.0,141.0,0.0,0.0,6600,90,6601.0,141.0,0.0,0.0,6599.5,0.0
0,612000,JAMS,6599.0,247.0,0.0,0.0,0.0,0.0,6600,6,6601.0,247.0,0.0,0.0,6599.5,0.0
0,612100,JAMS,6602.0,45.0,6601.0,140.0,0.0,0.0,6603,54,6604.0,140.0,0.0,0.0,6602.5,0.0
0,612200,JAMS,6601.0,211.0,0.0,0.0,0.0,0.0,6603,211,0.0,0.0,0.0,0.0,6602.0,0.0
0,612300,JAMS,6602.0,79.0,6601.0,138.0,0.0,0.0,6603,79,6604.0,138.0,0.0,0.0,6602.5,0.0
0,612400,JAMS,6602.0,76.0,6601.0,110.0,0.0,0.0,6603,76,6604.0,110.0,0.0,0.0,6602.5,0.0
0,612500,JAMS,6602.0,50.0,6601.0,148.0,0.0,0.0,6603,61,6604.0,148.0,0.0,0.0,6602.5,0.0
0,612600,JAMS,6601.0,221.0,0.0,0.0,0.0,0.0,6603,221,0.0,0.0,0.0,0.0,6602.0,0.0
0,612700,JAMS,6601.0,278.0,0.0,0.0,0.0,0.0,6603,278,0.0,0.0,0.0,0.0,6602.0,0.0
0,612800,JAMS,6601.0,86.0,6600.0,172.0,0.0,0.0,6602,86,6603.0,172.0,0.0,0.0,6601.5,0.0
0,612900,JAMS,6601.0,99.0,6600.0,164.0,0.0,0.0,6602,99,6603.0,164.0,0.0,0.0,6601.5,0.0
0,613000,JAMS,6601.0,54.0,6600.0,112.0,0.0,0.0,6602,54,6603.0,112.0,0.0,0.0,6601.5,0.0
0,613100,JAMS,6600.0,239.0,0.0,0.0,0.0,0.0,6602,239,0.0,0.0,0.0,0.0,6601.0,0.0
0,613200,JAMS,6600.0,238.0,0.0,0.0,0.0,0.0,6602,238,0.0,0.0,0.0,0.0,6601.0,0.0
0,613300,JAMS,6601.0,154.0,0.0,0.0,0.0,0.0,6603,154,0.0,0.0,0.0,0.0,6602.0,0.0
0,613400,JAMS,6601.0,99.0,6600.0,198.0,0.0,0.0,6602,99,6603.0,198.0,0.0,0.0,6601.5,0.0
0,613500,JAMS,6601.0,55.0,6600.0,173.0,0.0,0.0,6602,228,0.0,0.0,0.0,0.0,6601.5,0.0
0,613600,JAMS,6601.0,62.0,6600.0,144.0,0.0,0.0,6602,62,6603.0,144.0,0.0,0.0,6601.5,0.0
0,613700,JAMS,6602.0,269.0,0.0,0.0,0.0,0.0,6604,269,0.0,0.0,0.0,0.0,6603.0,0.0
0,613800,JAMS,6602.0,231.0,0.0,0.0,0.0,0.0,6604,231,0.0,0.0,0.0,0.0,6603.0,0.0
0,613900,JAMS,6602.0,232.0,0.0,0.0,0.0,0.0,6604,232,0.0,0.0,0.0,0.0,6603.0,0.0
0,614000,JAMS,6603.0,62.0,6602.0,156.0,0.0,0.0,6604,62,6605.0,156.0,0.0,0.0,6603.5,0.0
0,614100,JAMS,6602.0,265.0,0.0,0.0,0.0,0.0,6604,265,0.0,0.0,0.0,0.0,6603.0,0.0
0,614200,JAMS,6601.0,236.0,0.0,0.0,0.0,0.0,6603,236,0.0,0.0,0.0,0.0,6602.0,0.0
0,614300,JAMS,6601.0,289.0,0.0,0.0,0.0,0.0,6603,280,0.0,0.0,0.0,0.0,6602.0,0.0
0,614400,JAMS,6600.0,263.0,0.0,0.0,0.0,0.0,6602,263,0.0,0.0,0.0,0.0,6601.0,0.0
0,614500,JAMS,6600.0,76.0,6599.0,133.0,0.0,0.0,6601,76,6602.0,133.0,0.0,0.0,6600.5,0.0
0,614600,JAMS,6599.0,227.0,0.0,0.0,0.0,0.0,6601,227,0.0,0.0,0.0,0.0,6600.0,0.0
0,614700,JAMS,6599.0,209.0,0.0,0.0,0.0,0.0,6601,209,0.0,0.0,0.0,0.0,6600.0,0.0
0,614800,JAMS,6598.0,183.0,0.0,0.0,0.0,0.0,6600,183,0.0,0.0,0.0,0.0,6599.0,0.0
0,614900,JAMS,6599.0,93.0,6598.0,162.0,0.0,0.0,6600,93,6601.0,162.0,0.0,0.0,6599.5,0.0
0,615000,JAMS,6599.0,207.0,0.0,0.0,0.0,0.0,6601,207,0.0,0.0,0.0,0.0,6600.0,0.0
0,615100,JAMS,6599.0,232.0,0.0,0.0,0.0,0.0,6601,232,0.0,0.0,0.0,0.0,6600.0,0.0
0,615200,JAMS,6599.0,158.0,0.0,0.0,0.0,0.0,6601,158,0.0,0.0,0.0,0.0,6600.0,0.0
0,615300,JAMS,6599.0,213.0,0.0,0.0,0.0,0.0,6601,213,0.0,0.0,0.0,0.0,6600.0,0.0
0,615400,JAMS,6599.0,89.0,6598.0,196.0,0.0,0.0,6600,285,0.0,0.0,0.0,0.0,6599.5,0.0
0,615500,JAMS,6598.0,244.0,0.0,0.0,0.0,0.0,6600,244,0.0,0.0,0.0,0.0,6599.0,0.0
0,615600,JAMS,6598.0,204.0,0.0,0.0,0.0,0.0,6600,204,0.0,0.0,0.0,0.0,6599.0,0.0
0,615700,JAMS,6598.0,189.0,0.0,0.0,0.0,0.0,6600,189,0.0,0.0,0.0,0.0,6599.0,0.0
0,615800,JAMS,6598.0,213.0,0.0,0.0,0.0,0.0,6600,213,0.0,0.0,0.0,0.0,6599.0,0.0
0,615900,JAMS,6598.0,215.0,0.0,0.0,0.0,0.0,6600,215,0.0,0.0,0.0,0.0,6599.0,0.0
0,616000,JAMS,6598.0,255.0,0.0,0.0,0.0,0.0,6600,255,0.0,0.0,0.0,0.0,6599.0,0.0
0,616100,JAMS,6598.0,250.0,0.0,0.0,0.0,0.0,6600,250,0.0,0.0,0.0,0.0,6599.0,0.0
0,616200,JAMS,6598.0,220.0,0.0,0.0,0.0,0.0,6600,220,0.0,0.0,0.0,0.0,6599.0,0.0
0,616300,JAMS,6598.0,210.0,0.0,0.0,0.0,0.0,6600,210,0.0,0.0,0.0,0.0,6599.0,0.0
0,616400,JAMS,6598.0,235.0,0.0,0.0,0.0,0.0,6600,235,0.0,0.0,0.0,0.0,6599.0,0.0
0,616500,JAMS,6598.0,252.0,0.0,0.0,0.0,0.0,6600,252,0.0,0.0,0.0,0.0,6599.0,0.0
0,616600,JAMS,6598.0,83.0,6597.0,177.0,0.0,0.0,6599,83,6600.0,177.0,0.0,0.0,6598.5,0.0
0,616700,JAMS,6597.0,242.0,0.0,0.0,0.0,0.0,6599,242,0.0,0.0,0.0,0.0,6598.0,0.0
0,616800,JAMS,6597.0,251.0,0.0,0.0,0.0,0.0,6599,251,0.0,0.0,0.0,0.0,6598.0,0.0
0,616900,JAMS,6598.0,10.0,6597.0,169.0,0.0,0.0,6599,169,0.0,0.0,0.0,0.0,6598.5,0.0
0,617000,JAMS,6597.0,177.0,0.0,0.0,0.0,0.0,6599,177,0.0,0.0,0.0,0.0,6598.0,0.0
0,617100,JAMS,6597.0,203.0,0.0,0.0,0.0,0.0,6598,10,6599.0,203.0,0.0,0.0,6597.5,0.0
0,617200,JAMS,6598.0,75.0,6597.0,119.0,0.0,0.0,6599,75,6600.0,119.0,0.0,0.0,6598.5,0.0
0,617300,JAMS,6597.0,94.0,6596.0,155.0,0.0,0.0,6598,94,6599.0,155.0,0.0,0.0,6597.5,0.0
0,617400,JAMS,6597.0,92.0,6596.0,149.0,0.0,0.0,6598,92,6599.0,149.0,0.0,0.0,6597.5,0.0
0,617500,JAMS,6597.0,65.0,6596.0,122.0,0.0,0.0,6598,65,6599.0,122.0,0.0,0.0,6597.5,0.0
0,617600,JAMS,6597.0,90.0,6596.0,176.0,0.0,0.0,6598,90,6599.0,176.0,0.0,0.0,6597.5,0.0
0,617700,JAMS,6597.0,62.0,6596.0,166.0,0.0,0.0,6598,62,6599.0,166.0,0.0,0.0,6597.5,0.0
0,617800,JAMS,6597.0,240.0,0.0,0.0,0.0,0.0,6598,90,6599.0,150.0,0.0,0.0,6597.5,0.0
0,617900,JAMS,6597.0,77.0,6596.0,162.0,0.0,0.0,6598,77,6599.0,162.0,0.0,0.0,6597.5,0.0
0,618000,JAMS,6597.0,89.0,6596.0,156.0,0.0,0.0,6598,89,6599.0,156.0,0.0,0.0,6597.5,0.0
0,618100,JAMS,6597.0,201.0,0.0,0.0,0.0,0.0,6599,201,0.0,0.0,0.0,0.0,6598.0,0.0
0,618200,JAMS,6597.0,292.0,0.0,0.0,0.0,0.0,6599,292,0.0,0.0,0.0,0.0,6598.0,0.0
0,618300,JAMS,6597.0,86.0,6596.0,142.0,0.0,0.0,6598,86,6599.0,142.0,0.0,0.0,6597.5,0.0
0,618400,JAMS,6597.0,100.0,6596.0,200.0,0.0,0.0,6598,100,6599.0,200.0,0.0,0.0,6597.5,0.0
0,618500,JAMS,6597.0,55.0,6596.0,142.0,0.0,0.0,6598,55,6599.0,142.0,0.0,0.0,6597.5,0.0
0,618600,JAMS,6597.0,52.0,6596.0,199.0,0.0,0.0,6598,52,6599.0,199.0,0.0,0.0,6597.5,0.0
0,618700,JAMS,6597.0,78.0,6596.0,106.0,0.0,0.0,6598,78,6599.0,106.0,0.0,0.0,6597.5,0.0
0,618800,JAMS,6597.0,91.0,6596.0,136.0,0.0,0.0,6598,91,6599.0,136.0,0.0,0.0,6597.5,0.0
0,618900,JAMS,6597.0,77.0,6596.0,188.0,0.0,0.0,6598,77,6599.0,188.0,0.0,0.0,6597.5,0.0
0,619000,JAMS,6597.0,177.0,0.0,0.0,0.0,0.0,6599,177,0.0,0.0,0.0,0.0,6598.0,0.0
0,619100,JAMS,6597.0,279.0,0.0,0.0,0.0,0.0,6599,279,0.0,0.0,0.0,0.0,6598.0,0.0
0,619200,JAMS,6597.0,54.0,6596.0,163.0,0.0,0.0,6598,54,6599.0,163.0,0.0,0.0,6597.5,0.0
0,619300,JAMS,6596.0,214.0,0.0,0.0,0.0,0.0,6598,214,0.0,0.0,0.0,0.0,6597.0,0.0
0,619400,JAMS,6596.0,249.0,0.0,0.0,0.0,0.0,6598,249,0.0,0.0,0.0,0.0,6597.0,0.0
0,619500,JAMS,6596.0,203.0,0.0,0.0,0.0,0.0,6598,203,0.0,0.0,0.0,0.0,6597.0,0.0
0,619600,JAMS,6596.0,237.0,0.0,0.0,0.0,0.0,6598,237,0.0,0.0,0.0,0.0,6597.0,0.0
0,619700,JAMS,6597.0,93.0,6596.0,178.0,0.0,0.0,6598,93,6599.0,178.0,0.0,0.0,6597.5,0.0
0,619800,JAMS,6597.0,99.0,6596.0,150.0,0.0,0.0,6598,99,6599.0,150.0,0.0,0.0,6597.5,0.0
0,619900,JAMS,6596.0,237.0,0.0,0.0,0.0,0.0,6598,237,0.0,0.0,0.0,0.0,6597.0,0.0
0,620000,JAMS,6596.0,224.0,0.0,0.0,0.0,0.0,6598,224,0.0,0.0,0.0,0.0,6597.0,0.0
0,620100,JAMS,6596.0,200.0,0.0,0.0,0.0,0.0,6598,200,0.0,0.0,0.0,0.0,6597.0,0.0
0,620200,JAMS,6596.0,281.0,0.0,0.0,0.0,0.0,6598,281,0.0,0.0,0.0,0.0,6597.0,0.0
0,620300,JAMS,6597.0,98.0,6596.0,130.0,0.0,0.0,6598,98,6599.0,130.0,0.0,0.0,6597.5,0.0
0,620400,JAMS,6597.0,65.0,6596.0,167.0,0.0,0.0,6598,55,6599.0,167.0,0.0,0.0,6597.5,0.0
0,620500,JAMS,6598.0,262.0,0.0,0.0,0.0,0.0,6600,262,0.0,0.0,0.0,0.0,6599.0,0.0
0,620600,JAMS,6598.0,69.0,6597.0,168.0,0.0,0.0,6599,69,6600.0,168.0,0.0,0.0,6598.5,0.0
0,620700,JAMS,6597.0,181.0,0.0,0.0,0.0,0.0,6599,181,0.0,0.0,0.0,0.0,6598.0,0.0
0,620800,JAMS,6598.0,71.0,6597.0,149.0,0.0,0.0,6599,71,6600.0,149.0,0.0,0.0,6598.5,0.0
0,620900,JAMS,6597.0,184.0,0.0,0.0,0.0,0.0,6599,184,0.0,0.0,0.0,0.0,6598.0,0.0
0,621000,JAMS,6597.0,291.0,0.0,0.0,0.0,0.0,6599,291,0.0,0.0,0.0,0.0,6598.0,0.0
0,621100,JAMS,6597.0,237.0,0.0,0.0,0.0,0.0,6599,237,0.0,0.0,0.0,0.0,6598.0,0.0
0,621200,JAMS,6597.0,78.0,6596.0,191.0,0.0,0.0,6598,78,6599.0,191.0,0.0,0.0,6597.5,0.0
0,621300,JAMS,6597.0,230.0,0.0,0.0,0.0,0.0,6599,230,0.0,0.0,0.0,0.0,6598.0,0.0
0,621400,JAMS,6597.0,243.0,0.0,0.0,0.0,0.0,6599,243,0.0,0.0,0.0,0.0,6598.0,0.0
0,621500,JAMS,6598.0,64.0,6597.0,187.0,0.0,0.0,6599,64,6600.0,187.0,0.0,0.0,6598.5,0.0
0,621600,JAMS,6598.0,90.0,6597.0,152.0,0.0,0.0,6599,90,6600.0,152.0,0.0,0.0,6598.5,0.0
0,621700,JAMS,6597.0,250.0,0.0,0.0,0.0,0.0,6599,250,0.0,0.0,0.0,0.0,6598.0,0.0
0,621800,JAMS,6599.0,72.0,6598.0,149.0,0.0,0.0,6600,72,6601.0,149.0,0.0,0.0,6599.5,0.0
0,621900,JAMS,6599.0,69.0,6598.0,192.0,0.0,0.0,6600,64,6601.0,192.0,0.0,0.0,6599.5,0.0
0,622000,JAMS,6599.0,110.0,6598.0,173.0,0.0,0.0,6600,99,6601.0,173.0,0.0,0.0,6599.5,0.0
0,622100,JAMS,6599.0,204.0,0.0,0.0,0.0,0.0,6601,204,0.0,0.0,0.0,0.0,6600.0,0.0
0,622200,JAMS,6600.0,229.0,0.0,0.0,0.0,0.0,6602,229,0.0,0.0,0.0,0.0,6601.0,0.0
0,622300,JAMS,6600.0,245.0,0.0,0.0,0.0,0.0,6602,242,0.0,0.0,0.0,0.0,6601.0,0.0
0,622400,JAMS,6600.0,222.0,0.0,0.0,0.0,0.0,6602,222,0.0,0.0,0.0,0.0,6601.0,0.0
0,622500,JAMS,6599.0,266.0,0.0,0.0,0.0,0.0,6601,266,0.0,0.0,0.0,0.0,6600.0,0.0
0,622600,JAMS,6599.0,259.0,0.0,0.0,0.0,0.0,6601,259,0.0,0.0,0.0,0.0,6600.0,0.0
0,622700,JAMS,6599.0,237.0,0.0,0.0,0.0,0.0,6601,237,0.0,0.0,0.0,0.0,6600.0,0.0
0,622800,JAMS,6599.0,230.0,0.0,0.0,0.0,0.0,6601,230,0.0,0.0,0.0,0.0,6600.0,0.0
0,622900,JAMS,6599.0,211.0,0.0,0.0,0.0,0.0,6601,211,0.0,0.0,0.0,0.0,6600.0,0.0
0,623000,JAMS,6599.0,194.0,0.0,0.0,0.0,0.0,6601,194,0.0,0.0,0.0,0.0,6600.0,0.0
0,623100,JAMS,6599.0,187.0,0.0,0.0,0.0,0.0,6601,187,0.0,0.0,0.0,0.0,6600.0,0.0
0,623200,JAMS,6599.0,235.0,0.0,0.0,0.0,0.0,6601,235,0.0,0.0,0.0,0.0,6600.0,0.0
0,623300,JAMS,6599.0,224.0,0.0,0.0,0.0,0.0,6601,224,0.0,0.0,0.0,0.0,6600.0,0.0
0,623400,JAMS,6599.0,202.0,0.0,0.0,0.0,0.0,6601,202,0.0,0.0,0.0,0.0,6600.0,0.0
0,623500,JAMS,6600.0,98.0,6599.0,179.0,0.0,0.0,6601,98,6602.0,179.0,0.0,0.0,6600.5,0.0
0,623600,JAMS,6600.0,65.0,6599.0,125.0,0.0,0.0,6601,65,6602.0,125.0,0.0,0.0,6600.5,0.0
0,623700,JAMS,6600.0,188.0,0.0,0.0,0.0,0.0,6602,188,0.0,0.0,0.0,0.0,6601.0,0.0
0,623800,JAMS,6600.0,238.0,0.0,0.0,0.0,0.0,6602,238,0.0,0.0,0.0,0.0,6601.0,0.0
0,623900,JAMS,6599.0,161.0,0.0,0.0,0.0,0.0,6601,161,0.0,0.0,0.0,0.0,6600.0,0.0
0,624000,JAMS,6599.0,264.0,0.0,0.0,0.0,0.0,6601,264,0.0,0.0,0.0,0.0,6600.0,0.0
0,624100,JAMS,6599.0,214.0,0.0,0.0,0.0,0.0,6601,218,0.0,0.0,0.0,0.0,6600.0,0.0
0,624200,JAMS,6599.0,204.0,0.0,0.0,0.0,0.0,6601,204,0.0,0.0,0.0,0.0,6600.0,0.0
0,624300,JAMS,6598.0,182.0,0.0,0.0,0.0,0.0,6600,182,0.0,0.0,0.0,0.0,6599.0,0.0
0,624400,JAMS,6598.0,188.0,0.0,0.0,0.0,0.0,6600,188,0.0,0.0,0.0,0.0,6599.0,0.0
0,624500,JAMS,6598.0,228.0,0.0,0.0,0.0,0.0,6600,228,0.0,0.0,0.0,0.0,6599.0,0.0
0,624600,JAMS,6598.0,206.0,0.0,0.0,0.0,0.0,6600,206,0.0,0.0,0.0,0.0,6599.0,0.0
0,624700,JAMS,6598.0,166.0,0.0,0.0,0.0,0.0,6600,166,0.0,0.0,0.0,0.0,6599.0,0.0
0,624800,JAMS,6598.0,278.0,0.0,0.0,0.0,0.0,6600,278,0.0,0.0,0.0,0.0,6599.0,0.0
0,624900,JAMS,6598.0,59.0,6597.0,200.0,0.0,0.0,6599,59,6600.0,200.0,0.0,0.0,6598.5,0.0
0,625000,JAMS,6598.0,74.0,6597.0,118.0,0.0,0.0,6599,74,6600.0,118.0,0.0,0.0,6598.5,0.0
0,625100,JAMS,6598.0,69.0,6597.0,138.0,0.0,0.0,6599,69,6600.0,138.0,0.0,0.0,6598.5,0.0
0,625200,JAMS,6597.0,219.0,0.0,0.0,0.0,0.0,6599,219,0.0,0.0,0.0,0.0,6598.0,0.0
0,625300,JAMS,6598.0,12.0,6597.0,205.0,0.0,0.0,6599,205,0.0,0.0,0.0,0.0,6598.5,0.0
0,625400,JAMS,6597.0,99.0,6596.0,113.0,0.0,0.0,6598,99,6599.0,113.0,0.0,0.0,6597.5,0.0
0,625500,JAMS,6597.0,61.0,6596.0,136.0,0.0,0.0,6598,61,6599.0,136.0,0.0,0.0,6597.5,0.0
0,625600,JAMS,6597.0,63.0,6596.0,129.0,0.0,0.0,6598,63,6599.0,129.0,0.0,0.0,6597.5,0.0
0,625700,JAMS,6597.0,10.0,6596.0,243.0,0.0,0.0,6598,243,0.0,0.0,0.0,0.0,6597.5,0.0
0,625800,JAMS,6597.0,87.0,6596.0,110.0,0.0,0.0,6598,87,6599.0,110.0,0.0,0.0,6597.5,0.0
0,625900,JAMS,6597.0,93.0,6596.0,121.0,0.0,0.0,6598,93,6599.0,121.0,0.0,0.0,6597.5,0.0
0,626000,JAMS,6596.0,284.0,0.0,0.0,0.0,0.0,6598,284,0.0,0.0,0.0,0.0,6597.0,0.0
0,626100,JAMS,6596.0,263.0,0.0,0.0,0.0,0.0,6598,263,0.0,0.0,0.0,0.0,6597.0,0.0
0,626200,JAMS,6596.0,206.0,0.0,0.0,0.0,0.0,6598,206,0.0,0.0,0.0,0.0,6597.0,0.0
0,626300,JAMS,6596.0,210.0,0.0,0.0,0.0,0.0,6598,210,0.0,0.0,0.0,0.0,6597.0,0.0
0,626400,JAMS,6596.0,213.0,0.0,0.0,0.0,0.0,6598,213,0.0,0.0,0.0,0.0,6597.0,0.0
0,626500,JAMS,6596.0,221.0,0.0,0.0,0.0,0.0,6598,221,0.0,0.0,0.0,0.0,6597.0,0.0
0,626600,JAMS,6596.0,272.0,0.0,0.0,0.0,0.0,6598,272,0.0,0.0,0.0,0.0,6597.0,0.0
0,626700,JAMS,6596.0,249.0,0.0,0.0,0.0,0.0,6598,249,0.0,0.0,0.0,0.0,6597.0,0.0
0,626800,JAMS,6596.0,188.0,0.0,0.0,0.0,0.0,6598,188,0.0,0.0,0.0,0.0,6597.0,0.0
0,626900,JAMS,6597.0,97.0,6596.0,116.0,0.0,0.0,6598,97,6599.0,116.0,0.0,0.0,6597.5,0.0
0,627000,JAMS,6597.0,66.0,6596.0,132.0,0.0,0.0,6598,66,6599.0,132.0,0.0,0.0,6597.5,0.0
0,627100,JAMS,6596.0,249.0,0.0,0.0,0.0,0.0,6598,249,0.0,0.0,0.0,0.0,6597.0,0.0
0,627200,JAMS,6596.0,253.0,0.0,0.0,0.0,0.0,6598,253,0.0,0.0,0.0,0.0,6597.0,0.0
0,627300,JAMS,6596.0,171.0,0.0,0.0,0.0,0.0,6598,171,0.0,0.0,0.0,0.0,6597.0,0.0
0,627400,JAMS,6596.0,242.0,0.0,0.0,0.0,0.0,6598,242,0.0,0.0,0.0,0.0,6597.0,0.0
0,627500,JAMS,6597.0,61.0,6596.0,141.0,0.0,0.0,6598,61,6599.0,141.0,0.0,0.0,6597.5,0.0
0,627600,JAMS,6597.0,56.0,6596.0,121.0,0.0,0.0,6598,56,6599.0,121.0,0.0,0.0,6597.5,0.0
0,627700,JAMS,6596.0,86.0,6595.0,170.0,0.0,0.0,6597,86,6598.0,170.0,0.0,0.0,6596.5,0.0
0,627800,JAMS,6595.0,263.0,0.0,0.0,0.0,0.0,6596,10,6597.0,263.0,0.0,0.0,6595.5,0.0
0,627900,JAMS,6595.0,270.0,0.0,0.0,0.0,0.0,6596,5,6597.0,270.0,0.0,0.0,6595.5,0.0
0,628000,JAMS,6596.0,7.0,6595.0,243.0,0.0,0.0,6597,243,0.0,0.0,0.0,0.0,6596.5,0.0
0,628100,JAMS,6595.0,282.0,0.0,0.0,0.0,0.0,6597,282,0.0,0.0,0.0,0.0,6596.0,0.0
0,628200,JAMS,6595.0,210.0,0.0,0.0,0.0,0.0,6597,210,0.0,0.0,0.0,0.0,6596.0,0.0
0,628300,JAMS,6595.0,197.0,0.0,0.0,0.0,0.0,6597,197,0.0,0.0,0.0,0.0,6596.0,0.0
0,628400,JAMS,6595.0,291.0,0.0,0.0,0.0,0.0,6597,291,0.0,0.0,0.0,0.0,6596.0,0.0
0,628500,JAMS,6595.0,232.0,0.0,0.0,0.0,0.0,6597,232,0.0,0.0,0.0,0.0,6596.0,0.0
0,628600,JAMS,6595.0,167.0,0.0,0.0,0.0,0.0,6597,167,0.0,0.0,0.0,0.0,6596.0,0.0
0,628700,JAMS,6595.0,235.0,0.0,0.0,0.0,0.0,6597,235,0.0,0.0,0.0,0.0,6596.0,0.0
0,628800,JAMS,6595.0,194.0,0.0,0.0,0.0,0.0,6597,194,0.0,0.0,0.0,0.0,6596.0,0.0
0,628900,JAMS,6595.0,65.0,6594.0,134.0,0.0,0.0,6596,65,6597.0,134.0,0.0,0.0,6595.5,0.0
0,629000,JAMS,6595.0,54.0,6594.0,136.0,0.0,0.0,6596,54,6597.0,136.0,0.0,0.0,6595.5,0.0
0,629100,JAMS,6594.0,217.0,0.0,0.0,0.0,0.0,6596,217,0.0,0.0,0.0,0.0,6595.0,0.0
0,629200,JAMS,6594.0,228.0,0.0,0.0,0.0,0.0,6596,228,0.0,0.0,0.0,0.0,6595.0,0.0
0,629300,JAMS,6594.0,222.0,0.0,0.0,0.0,0.0,6596,222,0.0,0.0,0.0,0.0,6595.0,0.0
0,629400,JAMS,6594.0,170.0,0.0,0.0,0.0,0.0,6596,170,0.0,0.0,0.0,0.0,6595.0,0.0
0,629500,JAMS,6594.0,187.0,0.0,0.0,0.0,0.0,6596,187,0.0,0.0,0.0,0.0,6595.0,0.0
0,629600,JAMS,6594.0,206.0,0.0,0.0,0.0,0.0,6596,206,0.0,0.0,0.0,0.0,6595.0,0.0
0,629700,JAMS,6594.0,154.0,0.0,0.0,0.0,0.0,6596,154,0.0,0.0,0.0,0.0,6595.0,0.0
0,629800,JAMS,6594.0,239.0,0.0,0.0,0.0,0.0,6596,239,0.0,0.0,0.0,0.0,6595.0,0.0
0,629900,JAMS,6595.0,70.0,6594.0,151.0,0.0,0.0,6596,70,6597.0,151.0,0.0,0.0,6595.5,0.0
0,630000,JAMS,6595.0,4.0,6594.0,236.0,0.0,0.0,6596,236,0.0,0.0,0.0,0.0,6595.5,0.0
0,630100,JAMS,6595.0,96.0,6594.0,171.0,0.0,0.0,6596,96,6597.0,171.0,0.0,0.0,6595.5,0.0
0,630200,JAMS,6595.0,93.0,6594.0,181.0,0.0,0.0,6596,93,6597.0,181.0,0.0,0.0,6595.5,0.0
0,630300,JAMS,6594.0,254.0,0.0,0.0,0.0,0.0,6596,254,0.0,0.0,0.0,0.0,6595.0,0.0
0,630400,JAMS,6594.0,201.0,0.0,0.0,0.0,0.0,6596,201,0.0,0.0,0.0,0.0,6595.0,0.0
0,630500,JAMS,6595.0,54.0,6594.0,156.0,0.0,0.0,6596,54,6597.0,156.0,0.0,0.0,6595.5,0.0
0,630600,JAMS,6596.0,280.0,0.0,0.0,0.0,0.0,6598,280,0.0,0.0,0.0,0.0,6597.0,0.0
0,630700,JAMS,6596.0,75.0,6595.0,157.0,0.0,0.0,6597,75,6598.0,157.0,0.0,0.0,6596.5,0.0
0,630800,JAMS,6594.0,211.0,0.0,0.0,0.0,0.0,6596,211,0.0,0.0,0.0,0.0,6595.0,0.0
0,630900,JAMS,6594.0,151.0,0.0,0.0,0.0,0.0,6596,151,0.0,0.0,0.0,0.0,6595.0,0.0
0,631000,JAMS,6595.0,61.0,6594.0,184.0,0.0,0.0,6596,61,6597.0,184.0,0.0,0.0,6595.5,0.0
0,631100,JAMS,6595.0,61.0,6594.0,172.0,0.0,0.0,6596,61,6597.0,172.0,0.0,0.0,6595.5,0.0
0,631200,JAMS,6595.0,90.0,6594.0,158.0,0.0,0.0,6596,90,6597.0,158.0,0.0,0.0,6595.5,0.0
0,631300,JAMS,6594.0,220.0,0.0,0.0,0.0,0.0,6596,220,0.0,0.0,0.0,0.0,6595.0,0.0
0,631400,JAMS,6594.0,235.0,0.0,0.0,0.0,0.0,6596,235,0.0,0.0,0.0,0.0,6595.0,0.0
0,631500,JAMS,6593.0,187.0,0.0,0.0,0.0,0.0,6595,187,0.0,0.0,0.0,0.0,6594.0,0.0
0,631600,JAMS,6593.0,253.0,0.0,0.0,0.0,0.0,6595,242,0.0,0.0,0.0,0.0,6594.0,0.0
0,631700,JAMS,6593.0,219.0,0.0,0.0,0.0,0.0,6595,219,0.0,0.0,0.0,0.0,6594.0,0.0
0,631800,JAMS,6593.0,213.0,0.0,0.0,0.0,0.0,6595,213,0.0,0.0,0.0,0.0,6594.0,0.0
0,631900,JAMS,6593.0,237.0,0.0,0.0,0.0,0.0,6595,237,0.0,0.0,0.0,0.0,6594.0,0.0
0,632000,JAMS,6594.0,9.0,6593.0,198.0,0.0,0.0,6595,198,0.0,0.0,0.0,0.0,6594.5,0.0
0,632100,JAMS,6593.0,197.0,0.0,0.0,0.0,0.0,6595,197,0.0,0.0,0.0,0.0,6594.0,0.0
0,632200,JAMS,6594.0,84.0,6593.0,166.0,0.0,0.0,6595,84,6596.0,166.0,0.0,0.0,6594.5,0.0
0,632300,JAMS,6594.0,51.0,6593.0,154.0,0.0,0.0,6595,51,6596.0,154.0,0.0,0.0,6594.5,0.0
0,632400,JAMS,6594.0,51.0,6593.0,125.0,0.0,0.0,6595,51,6596.0,125.0,0.0,0.0,6594.5,0.0
0,632500,JAMS,6594.0,93.0,6593.0,189.0,0.0,0.0,6595,93,6596.0,189.0,0.0,0.0,6594.5,0.0
0,632600,JAMS,6594.0,177.0,0.0,0.0,0.0,0.0,6596,177,0.0,0.0,0.0,0.0,6595.0,0.0
0,632700,JAMS,6594.0,215.0,0.0,0.0,0.0,0.0,6595,9,6596.0,215.0,0.0,0.0,6594.5,0.0
0,632800,JAMS,6594.0,206.0,0.0,0.0,0.0,0.0,6596,203,0.0,0.0,0.0,0.0,6595.0,0.0
0,632900,JAMS,6594.0,92.0,6593.0,192.0,0.0,0.0,6595,92,6596.0,192.0,0.0,0.0,6594.5,0.0
0,633000,JAMS,6594.0,91.0,6593.0,162.0,0.0,0.0,6595,91,6596.0,162.0,0.0,0.0,6594.5,0.0
0,633100,JAMS,6593.0,238.0,0.0,0.0,0.0,0.0,6595,238,0.0,0.0,0.0,0.0,6594.0,0.0
0,633200,JAMS,6593.0,201.0,0.0,0.0,0.0,0.0,6594,8,6595.0,201.0,0.0,0.0,6593.5,0.0
0,633300,JAMS,6593.0,277.0,0.0,0.0,0.0,0.0,6595,277,0.0,0.0,0.0,0.0,6594.0,0.0
0,633400,JAMS,6593.0,231.0,0.0,0.0,0.0,0.0,6595,231,0.0,0.0,0.0,0.0,6594.0,0.0
0,633500,JAMS,6593.0,273.0,0.0,0.0,0.0,0.0,6595,273,0.0,0.0,0.0,0.0,6594.0,0.0
0,633600,JAMS,6593.0,281.0,0.0,0.0,0.0,0.0,6595,281,0.0,0.0,0.0,0.0,6594.0,0.0
0,633700,JAMS,6593.0,198.0,0.0,0.0,0.0,0.0,6595,198,0.0,0.0,0.0,0.0,6594.0,0.0
0,633800,JAMS,6593.0,224.0,0.0,0.0,0.0,0.0,6595,224,0.0,0.0,0.0,0.0,6594.0,0.0
0,633900,JAMS,6593.0,235.0,0.0,0.0,0.0,0.0,6595,235,0.0,0.0,0.0,0.0,6594.0,0.0
0,634000,JAMS,6593.0,216.0,0.0,0.0,0.0,0.0,6595,216,0.0,0.0,0.0,0.0,6594.0,0.0
0,634100,JAMS,6593.0,255.0,0.0,0.0,0.0,0.0,6595,255,0.0,0.0,0.0,0.0,6594.0,0.0
0,634200,JAMS,6593.0,218.0,0.0,0.0,0.0,0.0,6595,218,0.0,0.0,0.0,0.0,6594.0,0.0
0,634300,JAMS,6594.0,78.0,6593.0,139.0,0.0,0.0,6595,78,6596.0,139.0,0.0,0.0,6594.5,0.0
0,634400,JAMS,6593.0,291.0,0.0,0.0,0.0,0.0,6595,291,0.0,0.0,0.0,0.0,6594.0,0.0
0,634500,JAMS,6594.0,94.0,6593.0,186.0,0.0,0.0,6595,94,6596.0,186.0,0.0,0.0,6594.5,0.0
0,634600,JAMS,6594.0,75.0,6593.0,126.0,0.0,0.0,6595,75,6596.0,126.0,0.0,0.0,6594.5,0.0
0,634700,JAMS,6594.0,262.0,0.0,0.0,0.0,0.0,6596,262,0.0,0.0,0.0,0.0,6595.0,0.0
0,634800,JAMS,6596.0,65.0,6595.0,124.0,0.0,0.0,6597,65,6598.0,124.0,0.0,0.0,6596.5,0.0
0,634900,JAMS,6596.0,56.0,6595.0,153.0,0.0,0.0,6597,56,6598.0,153.0,0.0,0.0,6596.5,0.0
0,635000,JAMS,6597.0,76.0,6596.0,115.0,0.0,0.0,6598,76,6599.0,115.0,0.0,0.0,6597.5,0.0
0,635100,JAMS,6596.0,241.0,0.0,0.0,0.0,0.0,6598,241,0.0,0.0,0.0,0.0,6597.0,0.0
0,635200,JAMS,6596.0,223.0,0.0,0.0,0.0,0.0,6598,223,0.0,0.0,0.0,0.0,6597.0,0.0
0,635300,JAMS,6596.0,96.0,6595.0,168.0,0.0,0.0,6597,96,6598.0,168.0,0.0,0.0,6596.5,0.0
0,635400,JAMS,6595.0,177.0,0.0,0.0,0.0,0.0,6597,177,0.0,0.0,0.0,0.0,6596.0,0.0
0,635500,JAMS,6595.0,217.0,0.0,0.0,0.0,0.0,6597,217,0.0,0.0,0.0,0.0,6596.0,0.0
0,635600,JAMS,6595.0,251.0,0.0,0.0,0.0,0.0,6597,251,0.0,0.0,0.0,0.0,6596.0,0.0
0,635700,JAMS,6595.0,223.0,0.0,0.0,0.0,0.0,6596,9,6597.0,223.0,0.0,0.0,6595.5,0.0
0,635800,JAMS,6598.0,78.0,6597.0,147.0,0.0,0.0,6599,78,6600.0,147.0,0.0,0.0,6598.5,0.0
0,635900,JAMS,6598.0,185.0,0.0,0.0,0.0,0.0,6600,189,0.0,0.0,0.0,0.0,6599.0,0.0
0,636000,JAMS,6598.0,70.0,6597.0,127.0,0.0,0.0,6599,70,6600.0,127.0,0.0,0.0,6598.5,0.0
0,636100,JAMS,6598.0,192.0,0.0,0.0,0.0,0.0,6600,192,0.0,0.0,0.0,0.0,6599.0,0.0
0,636200,JAMS,6598.0,168.0,0.0,0.0,0.0,0.0,6600,168,0.0,0.0,0.0,0.0,6599.0,0.0
0,636300,JAMS,6598.0,197.0,0.0,0.0,0.0,0.0,6600,197,0.0,0.0,0.0,0.0,6599.0,0.0
0,636400,JAMS,6598.0,258.0,0.0,0.0,0.0,0.0,6600,258,0.0,0.0,0.0,0.0,6599.0,0.0
0,636500,JAMS,6598.0,207.0,0.0,0.0,0.0,0.0,6600,207,0.0,0.0,0.0,0.0,6599.0,0.0
0,636600,JAMS,6598.0,169.0,0.0,0.0,0.0,0.0,6600,169,0.0,0.0,0.0,0.0,6599.0,0.0
0,636700,JAMS,6598.0,202.0,0.0,0.0,0.0,0.0,6600,202,0.0,0.0,0.0,0.0,6599.0,0.0
0,636800,JAMS,6598.0,176.0,0.0,0.0,0.0,0.0,6600,176,0.0,0.0,0.0,0.0,6599.0,0.0
0,636900,JAMS,6599.0,68.0,6598.0,147.0,0.0,0.0,6600,68,6601.0,147.0,0.0,0.0,6599.5,0.0
0,637000,JAMS,6598.0,235.0,0.0,0.0,0.0,0.0,6600,235,0.0,0.0,0.0,0.0,6599.0,0.0
0,637100,JAMS,6598.0,243.0,0.0,0.0,0.0,0.0,6600,243,0.0,0.0,0.0,0.0,6599.0,0.0
0,637200,JAMS,6599.0,53.0,6598.0,147.0,0.0,0.0,6600,53,6601.0,147.0,0.0,0.0,6599.5,0.0
0,637300,JAMS,6599.0,97.0,6598.0,180.0,0.0,0.0,6600,97,6601.0,180.0,0.0,0.0,6599.5,0.0
0,637400,JAMS,6599.0,52.0,6598.0,188.0,0.0,0.0,6600,240,0.0,0.0,0.0,0.0,6599.5,0.0
0,637500,JAMS,6598.0,239.0,0.0,0.0,0.0,0.0,6600,239,0.0,0.0,0.0,0.0,6599.0,0.0
0,637600,JAMS,6598.0,79.0,6597.0,119.0,0.0,0.0,6599,71,6600.0,119.0,0.0,0.0,6598.5,0.0
0,637700,JAMS,6598.0,54.0,6597.0,134.0,0.0,0.0,6599,54,6600.0,134.0,0.0,0.0,6598.5,0.0
0,637800,JAMS,6598.0,61.0,6597.0,101.0,0.0,0.0,6599,61,6600.0,101.0,0.0,0.0,6598.5,0.0
0,637900,JAMS,6598.0,100.0,6597.0,110.0,0.0,0.0,6599,100,6600.0,110.0,0.0,0.0,6598.5,0.0
0,638000,JAMS,6598.0,71.0,6597.0,130.0,0.0,0.0,6599,68,6600.0,130.0,0.0,0.0,6598.5,0.0
0,638100,JAMS,6597.0,185.0,0.0,0.0,0.0,0.0,6599,185,0.0,0.0,0.0,0.0,6598.0,0.0
0,638200,JAMS,6597.0,192.0,0.0,0.0,0.0,0.0,6599,192,0.0,0.0,0.0,0.0,6598.0,0.0
0,638300,JAMS,6597.0,264.0,0.0,0.0,0.0,0.0,6599,258,0.0,0.0,0.0,0.0,6598.0,0.0
0,638400,JAMS,6597.0,170.0,0.0,0.0,0.0,0.0,6599,170,0.0,0.0,0.0,0.0,6598.0,0.0
0,638500,JAMS,6597.0,71.0,6596.0,132.0,0.0,0.0,6598,71,6599.0,132.0,0.0,0.0,6597.5,0.0
0,638600,JAMS,6597.0,216.0,0.0,0.0,0.0,0.0,6598,57,6599.0,159.0,0.0,0.0,6597.5,0.0
0,638700,JAMS,6597.0,183.0,0.0,0.0,0.0,0.0,6599,183,0.0,0.0,0.0,0.0,6598.0,0.0
0,638800,JAMS,6597.0,197.0,0.0,0.0,0.0,0.0,6599,197,0.0,0.0,0.0,0.0,6598.0,0.0
0,638900,JAMS,6597.0,246.0,0.0,0.0,0.0,0.0,6599,246,0.0,0.0,0.0,0.0,6598.0,0.0
0,639000,JAMS,6597.0,209.0,0.0,0.0,0.0,0.0,6599,209,0.0,0.0,0.0,0.0,6598.0,0.0
0,639100,JAMS,6597.0,248.0,0.0,0.0,0.0,0.0,6599,248,0.0,0.0,0.0,0.0,6598.0,0.0
0,639200,JAMS,6597.0,213.0,0.0,0.0,0.0,0.0,6599,213,0.0,0.0,0.0,0.0,6598.0,0.0
0,639300,JAMS,6597.0,161.0,0.0,0.0,0.0,0.0,6599,161,0.0,0.0,0.0,0.0,6598.0,0.0
0,639400,JAMS,6597.0,186.0,0.0,0.0,0.0,0.0,6599,186,0.0,0.0,0.0,0.0,6598.0,0.0
0,639500,JAMS,6597.0,78.0,6596.0,107.0,0.0,0.0,6598,78,6599.0,107.0,0.0,0.0,6597.5,0.0
0,639600,JAMS,6597.0,98.0,6596.0,177.0,0.0,0.0,6598,98,6599.0,177.0,0.0,0.0,6597.5,0.0
0,639700,JAMS,6597.0,81.0,6596.0,150.0,0.0,0.0,6598,81,6599.0,150.0,0.0,0.0,6597.5,0.0
0,639800,JAMS,6596.0,67.0,6595.0,154.0,0.0,0.0,6597,60,6598.0,154.0,0.0,0.0,6596.5,0.0
0,639900,JAMS,6596.0,251.0,0.0,0.0,0.0,0.0,6598,251,0.0,0.0,0.0,0.0,6597.0,0.0
0,640000,JAMS,6596.0,248.0,0.0,0.0,0.0,0.0,6598,248,0.0,0.0,0.0,0.0,6597.0,0.0
0,640100,JAMS,6597.0,83.0,6596.0,137.0,0.0,0.0,6598,83,6599.0,137.0,0.0,0.0,6597.5,0.0
0,640200,JAMS,6597.0,68.0,6596.0,149.0,0.0,0.0,6598,68,6599.0,149.0,0.0,0.0,6597.5,0.0
0,640300,JAMS,6597.0,72.0,6596.0,177.0,0.0,0.0,6598,72,6599.0,177.0,0.0,0.0,6597.5,0.0
0,640400,JAMS,6597.0,59.0,6596.0,129.0,0.0,0.0,6598,70,6599.0,129.0,0.0,0.0,6597.5,0.0
0,640500,JAMS,6597.0,91.0,6596.0,178.0,0.0,0.0,6598,91,6599.0,178.0,0.0,0.0,6597.5,0.0
0,640600,JAMS,6597.0,61.0,6596.0,178.0,0.0,0.0,6598,61,6599.0,178.0,0.0,0.0,6597.5,0.0
0,640700,JAMS,6597.0,240.0,0.0,0.0,0.0,0.0,6599,240,0.0,0.0,0.0,0.0,6598.0,0.0
0,640800,JAMS,6597.0,190.0,0.0,0.0,0.0,0.0,6599,190,0.0,0.0,0.0,0.0,6598.0,0.0
0,640900,JAMS,6597.0,227.0,0.0,0.0,0.0,0.0,6599,227,0.0,0.0,0.0,0.0,6598.0,0.0
0,641000,JAMS,6597.0,96.0,6596.0,155.0,0.0,0.0,6598,96,6599.0,155.0,0.0,0.0,6597.5,0.0
0,641100,JAMS,6597.0,203.0,0.0,0.0,0.0,0.0,6599,203,0.0,0.0,0.0,0.0,6598.0,0.0
0,641200,JAMS,6597.0,226.0,0.0,0.0,0.0,0.0,6599,226,0.0,0.0,0.0,0.0,6598.0,0.0
0,641300,JAMS,6597.0,208.0,0.0,0.0,0.0,0.0,6599,208,0.0,0.0,0.0,0.0,6598.0,0.0
0,641400,JAMS,6598.0,71.0,6597.0,139.0,0.0,0.0,6599,71,6600.0,139.0,0.0,0.0,6598.5,0.0
0,641500,JAMS,6598.0,221.0,0.0,0.0,0.0,0.0,6600,221,0.0,0.0,0.0,0.0,6599.0,0.0
0,641600,JAMS,6598.0,238.0,0.0,0.0,0.0,0.0,6600,238,0.0,0.0,0.0,0.0,6599.0,0.0
0,641700,JAMS,6598.0,285.0,0.0,0.0,0.0,0.0,6600,273,0.0,0.0,0.0,0.0,6599.0,0.0
0,641800,JAMS,6598.0,200.0,0.0,0.0,0.0,0.0,6600,200,0.0,0.0,0.0,0.0,6599.0,0.0
0,641900,JAMS,6598.0,288.0,0.0,0.0,0.0,0.0,6600,288,0.0,0.0,0.0,0.0,6599.0,0.0
0,642000,JAMS,6599.0,193.0,0.0,0.0,0.0,0.0,6601,193,0.0,0.0,0.0,0.0,6600.0,0.0
0,642100,JAMS,6598.0,243.0,0.0,0.0,0.0,0.0,6600,243,0.0,0.0,0.0,0.0,6599.0,0.0
0,642200,JAMS,6598.0,211.0,0.0,0.0,0.0,0.0,6600,211,0.0,0.0,0.0,0.0,6599.0,0.0
0,642300,JAMS,6599.0,88.0,6598.0,191.0,0.0,0.0,6600,88,6601.0,191.0,0.0,0.0,6599.5,0.0
0,642400,JAMS,6599.0,72.0,6598.0,105.0,0.0,0.0,6600,172,0.0,0.0,0.0,0.0,6599.5,0.0
0,642500,JAMS,6599.0,75.0,6598.0,157.0,0.0,0.0,6600,75,6601.0,157.0,0.0,0.0,6599.5,0.0
0,642600,JAMS,6599.0,236.0,0.0,0.0,0.0,0.0,6601,236,0.0,0.0,0.0,0.0,6600.0,0.0
0,642700,JAMS,6599.0,200.0,0.0,0.0,0.0,0.0,6601,200,0.0,0.0,0.0,0.0,6600.0,0.0
0,642800,JAMS,6599.0,291.0,0.0,0.0,0.0,0.0,6601,291,0.0,0.0,0.0,0.0,6600.0,0.0
0,642900,JAMS,6599.0,261.0,0.0,0.0,0.0,0.0,6601,261,0.0,0.0,0.0,0.0,6600.0,0.0
0,643000,JAMS,6599.0,240.0,0.0,0.0,0.0,0.0,6601,240,0.0,0.0,0.0,0.0,6600.0,0.0
0,643100,JAMS,6599.0,259.0,0.0,0.0,0.0,0.0,6601,259,0.0,0.0,0.0,0.0,6600.0,0.0
0,643200,JAMS,6599.0,225.0,0.0,0.0,0.0,0.0,6601,225,0.0,0.0,0.0,0.0,6600.0,0.0
0,643300,JAMS,6599.0,265.0,0.0,0.0,0.0,0.0,6601,265,0.0,0.0,0.0,0.0,6600.0,0.0
0,643400,JAMS,6599.0,177.0,0.0,0.0,0.0,0.0,6601,177,0.0,0.0,0.0,0.0,6600.0,0.0
0,643500,JAMS,6599.0,201.0,0.0,0.0,0.0,0.0,6600,12,6601.0,201.0,0.0,0.0,6599.5,0.0
0,643600,JAMS,6599.0,242.0,0.0,0.0,0.0,0.0,6601,242,0.0,0.0,0.0,0.0,6600.0,0.0
0,643700,JAMS,6599.0,243.0,0.0,0.0,0.0,0.0,6601,243,0.0,0.0,0.0,0.0,6600.0,0.0
0,643800,JAMS,6599.0,193.0,0.0,0.0,0.0,0.0,6601,193,0.0,0.0,0.0,0.0,6600.0,0.0
0,643900,JAMS,6599.0,199.0,0.0,0.0,0.0,0.0,6601,199,0.0,0.0,0.0,0.0,6600.0,0.0
0,644000,JAMS,6599.0,216.0,0.0,0.0,0.0,0.0,6601,216,0.0,0.0,0.0,0.0,6600.0,0.0
0,644100,JAMS,6599.0,101.0,6598.0,106.0,0.0,0.0,6600,90,6601.0,106.0,0.0,0.0,6599.5,0.0
0,644200,JAMS,6599.0,272.0,0.0,0.0,0.0,0.0,6600,81,6601.0,191.0,0.0,0.0,6599.5,0.0
0,644300,JAMS,6599.0,98.0,6598.0,119.0,0.0,0.0,6600,98,6601.0,119.0,0.0,0.0,6599.5,0.0
0,644400,JAMS,6599.0,64.0,6598.0,171.0,0.0,0.0,6600,64,6601.0,171.0,0.0,0.0,6599.5,0.0
0,644500,JAMS,6599.0,67.0,6598.0,168.0,0.0,0.0,6600,67,6601.0,168.0,0.0,0.0,6599.5,0.0
0,644600,JAMS,6599.0,196.0,0.0,0.0,0.0,0.0,6601,196,0.0,0.0,0.0,0.0,6600.0,0.0
0,644700,JAMS,6599.0,214.0,0.0,0.0,0.0,0.0,6601,214,0.0,0.0,0.0,0.0,6600.0,0.0
0,644800,JAMS,6599.0,257.0,0.0,0.0,0.0,0.0,6601,257,0.0,0.0,0.0,0.0,6600.0,0.0
0,644900,JAMS,6599.0,173.0,0.0,0.0,0.0,0.0,6601,173,0.0,0.0,0.0,0.0,6600.0,0.0
0,645000,JAMS,6599.0,177.0,0.0,0.0,0.0,0.0,6601,177,0.0,0.0,0.0,0.0,6600.0,0.0
0,645100,JAMS,6599.0,94.0,6598.0,106.0,0.0,0.0,6600,94,6601.0,106.0,0.0,0.0,6599.5,0.0
0,645200,JAMS,6598.0,176.0,0.0,0.0,0.0,0.0,6600,176,0.0,0.0,0.0,0.0,6599.0,0.0
0,645300,JAMS,6598.0,193.0,0.0,0.0,0.0,0.0,6600,193,0.0,0.0,0.0,0.0,6599.0,0.0
0,645400,JAMS,6598.0,181.0,0.0,0.0,0.0,0.0,6600,181,0.0,0.0,0.0,0.0,6599.0,0.0
0,645500,JAMS,6598.0,71.0,6597.0,162.0,0.0,0.0,6599,71,6600.0,162.0,0.0,0.0,6598.5,0.0
0,645600,JAMS,6598.0,177.0,0.0,0.0,0.0,0.0,6600,177,0.0,0.0,0.0,0.0,6599.0,0.0
0,645700,JAMS,6598.0,240.0,0.0,0.0,0.0,0.0,6600,240,0.0,0.0,0.0,0.0,6599.0,0.0
0,645800,JAMS,6598.0,199.0,0.0,0.0,0.0,0.0,6600,199,0.0,0.0,0.0,0.0,6599.0,0.0
0,645900,JAMS,6599.0,54.0,6598.0,107.0,0.0,0.0,6600,54,6601.0,107.0,0.0,0.0,6599.5,0.0
0,646000,JAMS,6599.0,7.0,6598.0,226.0,0.0,0.0,6600,226,0.0,0.0,0.0,0.0,6599.5,0.0
0,646100,JAMS,6598.0,165.0,0.0,0.0,0.0,0.0,6600,165,0.0,0.0,0.0,0.0,6599.0,0.0
0,646200,JAMS,6598.0,210.0,0.0,0.0,0.0,0.0,6600,210,0.0,0.0,0.0,0.0,6599.0,0.0
0,646300,JAMS,6598.0,84.0,6597.0,167.0,0.0,0.0,6599,84,6600.0,167.0,0.0,0.0,6598.5,0.0
0,646400,JAMS,6598.0,53.0,6597.0,113.0,0.0,0.0,6599,53,6600.0,113.0,0.0,0.0,6598.5,0.0
0,646500,JAMS,6598.0,196.0,0.0,0.0,0.0,0.0,6600,196,0.0,0.0,0.0,0.0,6599.0,0.0
0,646600,JAMS,6598.0,86.0,6597.0,146.0,0.0,0.0,6599,86,6600.0,146.0,0.0,0.0,6598.5,0.0
0,646700,JAMS,6598.0,255.0,0.0,0.0,0.0,0.0,6600,255,0.0,0.0,0.0,0.0,6599.0,0.0
0,646800,JAMS,6598.0,169.0,0.0,0.0,0.0,0.0,6600,169,0.0,0.0,0.0,0.0,6599.0,0.0
0,646900,JAMS,6598.0,188.0,0.0,0.0,0.0,0.0,6600,188,0.0,0.0,0.0,0.0,6599.0,0.0
0,647000,JAMS,6598.0,193.0,0.0,0.0,0.0,0.0,6600,193,0.0,0.0,0.0,0.0,6599.0,0.0
0,647100,JAMS,6598.0,208.0,0.0,0.0,0.0,0.0,6600,208,0.0,0.0,0.0,0.0,6599.0,0.0
0,647200,JAMS,6599.0,82.0,6598.0,104.0,0.0,0.0,6600,82,6601.0,104.0,0.0,0.0,6599.5,0.0
0,647300,JAMS,6599.0,63.0,6598.0,127.0,0.0,0.0,6600,63,6601.0,127.0,0.0,0.0,6599.5,0.0
0,647400,JAMS,6599.0,3.0,6598.0,237.0,0.0,0.0,6600,237,0.0,0.0,0.0,0.0,6599.5,0.0
0,647500,JAMS,6598.0,252.0,0.0,0.0,0.0,0.0,6600,252,0.0,0.0,0.0,0.0,6599.0,0.0
0,647600,JAMS,6598.0,238.0,0.0,0.0,0.0,0.0,6600,238,0.0,0.0,0.0,0.0,6599.0,0.0
0,647700,JAMS,6598.0,216.0,0.0,0.0,0.0,0.0,6600,216,0.0,0.0,0.0,0.0,6599.0,0.0
0,647800,JAMS,6598.0,238.0,0.0,0.0,0.0,0.0,6600,238,0.0,0.0,0.0,0.0,6599.0,0.0
0,647900,JAMS,6598.0,55.0,6597.0,137.0,0.0,0.0,6599,55,6600.0,137.0,0.0,0.0,6598.5,0.0
0,648000,JAMS,6597.0,216.0,0.0,0.0,0.0,0.0,6599,216,0.0,0.0,0.0,0.0,6598.0,0.0
0,648100,JAMS,6597.0,190.0,0.0,0.0,0.0,0.0,6599,190,0.0,0.0,0.0,0.0,6598.0,0.0
0,648200,JAMS,6597.0,247.0,0.0,0.0,0.0,0.0,6599,247,0.0,0.0,0.0,0.0,6598.0,0.0
0,648300,JAMS,6597.0,176.0,0.0,0.0,0.0,0.0,6599,176,0.0,0.0,0.0,0.0,6598.0,0.0
0,648400,JAMS,6597.0,61.0,6596.0,144.0,0.0,0.0,6598,61,6599.0,144.0,0.0,0.0,6597.5,0.0
0,648500,JAMS,6596.0,51.0,6595.0,131.0,0.0,0.0,6597,51,6598.0,131.0,0.0,0.0,6596.5,0.0
0,648600,JAMS,6596.0,241.0,0.0,0.0,0.0,0.0,6598,238,0.0,0.0,0.0,0.0,6597.0,0.0
0,648700,JAMS,6596.0,177.0,0.0,0.0,0.0,0.0,6598,177,0.0,0.0,0.0,0.0,6597.0,0.0
0,648800,JAMS,6596.0,254.0,0.0,0.0,0.0,0.0,6598,254,0.0,0.0,0.0,0.0,6597.0,0.0
0,648900,JAMS,6596.0,201.0,0.0,0.0,0.0,0.0,6598,201,0.0,0.0,0.0,0.0,6597.0,0.0
0,649000,JAMS,6596.0,255.0,0.0,0.0,0.0,0.0,6598,255,0.0,0.0,0.0,0.0,6597.0,0.0
0,649100,JAMS,6596.0,66.0,6595.0,124.0,0.0,0.0,6597,66,6598.0,124.0,0.0,0.0,6596.5,0.0
0,649200,JAMS,6596.0,256.0,0.0,0.0,0.0,0.0,6598,256,0.0,0.0,0.0,0.0,6597.0,0.0
0,649300,JAMS,6596.0,262.0,0.0,0.0,0.0,0.0,6598,262,0.0,0.0,0.0,0.0,6597.0,0.0
0,649400,JAMS,6596.0,205.0,0.0,0.0,0.0,0.0,6598,205,0.0,0.0,0.0,0.0,6597.0,0.0
0,649500,JAMS,6596.0,280.0,0.0,0.0,0.0,0.0,6598,280,0.0,0.0,0.0,0.0,6597.0,0.0
0,649600,JAMS,6596.0,233.0,0.0,0.0,0.0,0.0,6598,233,0.0,0.0,0.0,0.0,6597.0,0.0
0,649700,JAMS,6596.0,213.0,0.0,0.0,0.0,0.0,6598,213,0.0,0.0,0.0,0.0,6597.0,0.0
0,649800,JAMS,6597.0,68.0,6596.0,145.0,0.0,0.0,6598,68,6599.0,145.0,0.0,0.0,6597.5,0.0
0,649900,JAMS,6597.0,70.0,6596.0,116.0,0.0,0.0,6598,70,6599.0,116.0,0.0,0.0,6597.5,0.0
0,650000,JAMS,6597.0,85.0,6596.0,134.0,0.0,0.0,6598,85,6599.0,134.0,0.0,0.0,6597.5,0.0
0,650100,JAMS,6596.0,242.0,0.0,0.0,0.0,0.0,6598,242,0.0,0.0,0.0,0.0,6597.0,0.0
0,650200,JAMS,6597.0,85.0,6596.0,199.0,0.0,0.0,6598,85,6599.0,199.0,0.0,0.0,6597.5,0.0
0,650300,JAMS,6597.0,80.0,6596.0,114.0,0.0,0.0,6598,80,6599.0,114.0,0.0,0.0,6597.5,0.0
0,650400,JAMS,6597.0,51.0,6596.0,132.0,0.0,0.0,6598,51,6599.0,132.0,0.0,0.0,6597.5,0.0
0,650500,JAMS,6598.0,86.0,6597.0,195.0,0.0,0.0,6599,281,0.0,0.0,0.0,0.0,6598.5,0.0
0,650600,JAMS,6598.0,67.0,6597.0,177.0,0.0,0.0,6599,67,6600.0,177.0,0.0,0.0,6598.5,0.0
0,650700,JAMS,6598.0,66.0,6597.0,164.0,0.0,0.0,6599,66,6600.0,164.0,0.0,0.0,6598.5,0.0
0,650800,JAMS,6598.0,246.0,0.0,0.0,0.0,0.0,6600,246,0.0,0.0,0.0,0.0,6599.0,0.0
0,650900,JAMS,6598.0,253.0,0.0,0.0,0.0,0.0,6600,253,0.0,0.0,0.0,0.0,6599.0,0.0
0,651000,JAMS,6598.0,211.0,0.0,0.0,0.0,0.0,6600,211,0.0,0.0,0.0,0.0,6599.0,0.0
0,651100,JAMS,6598.0,233.0,0.0,0.0,0.0,0.0,6600,233,0.0,0.0,0.0,0.0,6599.0,0.0
0,651200,JAMS,6598.0,208.0,0.0,0.0,0.0,0.0,6600,208,0.0,0.0,0.0,0.0,6599.0,0.0
0,651300,JAMS,6598.0,165.0,0.0,0.0,0.0,0.0,6600,165,0.0,0.0,0.0,0.0,6599.0,0.0
0,651400,JAMS,6599.0,245.0,0.0,0.0,0.0,0.0,6601,245,0.0,0.0,0.0,0.0,6600.0,0.0
0,651500,JAMS,6601.0,70.0,6600.0,147.0,0.0,0.0,6602,79,6603.0,147.0,0.0,0.0,6601.5,0.0
0,651600,JAMS,6601.0,84.0,6600.0,200.0,0.0,0.0,6602,84,6603.0,200.0,0.0,0.0,6601.5,0.0
0,651700,JAMS,6601.0,173.0,0.0,0.0,0.0,0.0,6602,60,6603.0,113.0,0.0,0.0,6601.5,0.0
0,651800,JAMS,6601.0,215.0,0.0,0.0,0.0,0.0,6603,215,0.0,0.0,0.0,0.0,6602.0,0.0
0,651900,JAMS,6602.0,230.0,0.0,0.0,0.0,0.0,6604,230,0.0,0.0,0.0,0.0,6603.0,0.0
0,652000,JAMS,6603.0,72.0,6602.0,142.0,0.0,0.0,6604,72,6605.0,142.0,0.0,0.0,6603.5,0.0
0,652100,JAMS,6602.0,180.0,0.0,0.0,0.0,0.0,6604,180,0.0,0.0,0.0,0.0,6603.0,0.0
0,652200,JAMS,6602.0,180.0,0.0,0.0,0.0,0.0,6604,180,0.0,0.0,0.0,0.0,6603.0,0.0
0,652300,JAMS,6603.0,8.0,6602.0,243.0,0.0,0.0,6604,243,0.0,0.0,0.0,0.0,6603.5,0.0
0,652400,JAMS,6603.0,66.0,6602.0,147.0,0.0,0.0,6604,66,6605.0,147.0,0.0,0.0,6603.5,0.0
0,652500,JAMS,6602.0,241.0,0.0,0.0,0.0,0.0,6604,241,0.0,0.0,0.0,0.0,6603.0,0.0
0,652600,JAMS,6602.0,173.0,0.0,0.0,0.0,0.0,6604,173,0.0,0.0,0.0,0.0,6603.0,0.0
0,652700,JAMS,6602.0,260.0,0.0,0.0,0.0,0.0,6604,260,0.0,0.0,0.0,0.0,6603.0,0.0
0,652800,JAMS,6603.0,255.0,0.0,0.0,0.0,0.0,6605,255,0.0,0.0,0.0,0.0,6604.0,0.0
0,652900,JAMS,6603.0,94.0,6602.0,192.0,0.0,0.0,6604,94,6605.0,192.0,0.0,0.0,6603.5,0.0
0,653000,JAMS,6603.0,59.0,6602.0,161.0,0.0,0.0,6604,59,6605.0,161.0,0.0,0.0,6603.5,0.0
0,653100,JAMS,6603.0,93.0,6602.0,104.0,0.0,0.0,6604,93,6605.0,104.0,0.0,0.0,6603.5,0.0
0,653200,JAMS,6602.0,263.0,0.0,0.0,0.0,0.0,6604,263,0.0,0.0,0.0,0.0,6603.0,0.0
0,653300,JAMS,6602.0,196.0,0.0,0.0,0.0,0.0,6604,196,0.0,0.0,0.0,0.0,6603.0,0.0
0,653400,JAMS,6600.0,98.0,6599.0,157.0,0.0,0.0,6601,98,6602.0,157.0,0.0,0.0,6600.5,0.0
0,653500,JAMS,6600.0,265.0,0.0,0.0,0.0,0.0,6602,265,0.0,0.0,0.0,0.0,6601.0,0.0
0,653600,JAMS,6600.0,200.0,0.0,0.0,0.0,0.0,6602,200,0.0,0.0,0.0,0.0,6601.0,0.0
0,653700,JAMS,6600.0,263.0,0.0,0.0,0.0,0.0,6602,263,0.0,0.0,0.0,0.0,6601.0,0.0
0,653800,JAMS,6600.0,253.0,0.0,0.0,0.0,0.0,6602,253,0.0,0.0,0.0,0.0,6601.0,0.0
0,653900,JAMS,6600.0,248.0,0.0,0.0,0.0,0.0,6602,248,0.0,0.0,0.0,0.0,6601.0,0.0
0,654000,JAMS,6600.0,60.0,6599.0,124.0,0.0,0.0,6601,60,6602.0,124.0,0.0,0.0,6600.5,0.0
0,654100,JAMS,6599.0,287.0,0.0,0.0,0.0,0.0,6601,287,0.0,0.0,0.0,0.0,6600.0,0.0
0,654200,JAMS,6599.0,180.0,0.0,0.0,0.0,0.0,6601,180,0.0,0.0,0.0,0.0,6600.0,0.0
0,654300,JAMS,6599.0,265.0,0.0,0.0,0.0,0.0,6601,265,0.0,0.0,0.0,0.0,6600.0,0.0
0,654400,JAMS,6599.0,52.0,6598.0,126.0,0.0,0.0,6600,52,6601.0,126.0,0.0,0.0,6599.5,0.0
0,654500,JAMS,6598.0,203.0,0.0,0.0,0.0,0.0,6600,203,0.0,0.0,0.0,0.0,6599.0,0.0
0,654600,JAMS,6598.0,233.0,0.0,0.0,0.0,0.0,6600,233,0.0,0.0,0.0,0.0,6599.0,0.0
0,654700,JAMS,6599.0,4.0,6598.0,240.0,0.0,0.0,6600,240,0.0,0.0,0.0,0.0,6599.5,0.0
0,654800,JAMS,6598.0,242.0,0.0,0.0,0.0,0.0,6600,242,0.0,0.0,0.0,0.0,6599.0,0.0
0,654900,JAMS,6598.0,199.0,0.0,0.0,0.0,0.0,6600,199,0.0,0.0,0.0,0.0,6599.0,0.0
0,655000,JAMS,6598.0,191.0,0.0,0.0,0.0,0.0,6600,191,0.0,0.0,0.0,0.0,6599.0,0.0
0,655100,JAMS,6598.0,99.0,6597.0,134.0,0.0,0.0,6599,99,6600.0,134.0,0.0,0.0,6598.5,0.0
0,655200,JAMS,6598.0,243.0,0.0,0.0,0.0,0.0,6600,236,0.0,0.0,0.0,0.0,6599.0,0.0
0,655300,JAMS,6598.0,216.0,0.0,0.0,0.0,0.0,6600,216,0.0,0.0,0.0,0.0,6599.0,0.0
0,655400,JAMS,6598.0,222.0,0.0,0.0,0.0,0.0,6599,6,6600.0,222.0,0.0,0.0,6598.5,0.0
0,655500,JAMS,6598.0,242.0,0.0,0.0,0.0,0.0,6600,242,0.0,0.0,0.0,0.0,6599.0,0.0
0,655600,JAMS,6598.0,283.0,0.0,0.0,0.0,0.0,6600,283,0.0,0.0,0.0,0.0,6599.0,0.0
0,655700,JAMS,6598.0,209.0,0.0,0.0,0.0,0.0,6600,209,0.0,0.0,0.0,0.0,6599.0,0.0
0,655800,JAMS,6599.0,80.0,6598.0,156.0,0.0,0.0,6600,80,6601.0,156.0,0.0,0.0,6599.5,0.0
0,655900,JAMS,6602.0,226.0,0.0,0.0,0.0,0.0,6604,216,0.0,0.0,0.0,0.0,6603.0,0.0
0,656000,JAMS,6601.0,88.0,6600.0,148.0,0.0,0.0,6602,88,6603.0,148.0,0.0,0.0,6601.5,0.0
0,656100,JAMS,6601.0,89.0,6600.0,145.0,0.0,0.0,6602,89,6603.0,145.0,0.0,0.0,6601.5,0.0
0,656200,JAMS,6601.0,95.0,6600.0,155.0,0.0,0.0,6602,250,0.0,0.0,0.0,0.0,6601.5,0.0
0,656300,JAMS,6600.0,209.0,0.0,0.0,0.0,0.0,6602,209,0.0,0.0,0.0,0.0,6601.0,0.0
0,656400,JAMS,6600.0,256.0,0.0,0.0,0.0,0.0,6602,256,0.0,0.0,0.0,0.0,6601.0,0.0
0,656500,JAMS,6600.0,88.0,6599.0,121.0,0.0,0.0,6601,88,6602.0,121.0,0.0,0.0,6600.5,0.0
0,656600,JAMS,6600.0,172.0,0.0,0.0,0.0,0.0,6602,161,0.0,0.0,0.0,0.0,6601.0,0.0
0,656700,JAMS,6600.0,180.0,0.0,0.0,0.0,0.0,6602,180,0.0,0.0,0.0,0.0,6601.0,0.0
0,656800,JAMS,6600.0,281.0,0.0,0.0,0.0,0.0,6602,281,0.0,0.0,0.0,0.0,6601.0,0.0
0,656900,JAMS,6600.0,198.0,0.0,0.0,0.0,0.0,6602,198,0.0,0.0,0.0,0.0,6601.0,0.0
0,657000,JAMS,6598.0,260.0,0.0,0.0,0.0,0.0,6600,260,0.0,0.0,0.0,0.0,6599.0,0.0
0,657100,JAMS,6598.0,206.0,0.0,0.0,0.0,0.0,6599,4,6600.0,206.0,0.0,0.0,6598.5,0.0
0,657200,JAMS,6598.0,284.0,0.0,0.0,0.0,0.0,6600,284,0.0,0.0,0.0,0.0,6599.0,0.0
0,657300,JAMS,6598.0,236.0,0.0,0.0,0.0,0.0,6600,236,0.0,0.0,0.0,0.0,6599.0,0.0
0,657400,JAMS,6598.0,71.0,6597.0,139.0,0.0,0.0,6599,71,6600.0,139.0,0.0,0.0,6598.5,0.0
0,657500,JAMS,6598.0,67.0,6597.0,103.0,0.0,0.0,6599,67,6600.0,103.0,0.0,0.0,6598.5,0.0
0,657600,JAMS,6597.0,241.0,0.0,0.0,0.0,0.0,6599,241,0.0,0.0,0.0,0.0,6598.0,0.0
0,657700,JAMS,6598.0,96.0,6597.0,131.0,0.0,0.0,6599,96,6600.0,131.0,0.0,0.0,6598.5,0.0
0,657800,JAMS,6597.0,163.0,0.0,0.0,0.0,0.0,6599,163,0.0,0.0,0.0,0.0,6598.0,0.0
0,657900,JAMS,6598.0,11.0,6597.0,235.0,0.0,0.0,6599,235,0.0,0.0,0.0,0.0,6598.5,0.0
0,658000,JAMS,6597.0,239.0,0.0,0.0,0.0,0.0,6598,10,6599.0,239.0,0.0,0.0,6597.5,0.0
0,658100,JAMS,6597.0,198.0,0.0,0.0,0.0,0.0,6599,198,0.0,0.0,0.0,0.0,6598.0,0.0
0,658200,JAMS,6597.0,259.0,0.0,0.0,0.0,0.0,6599,259,0.0,0.0,0.0,0.0,6598.0,0.0
0,658300,JAMS,6597.0,260.0,0.0,0.0,0.0,0.0,6599,260,0.0,0.0,0.0,0.0,6598.0,0.0
0,658400,JAMS,6597.0,176.0,0.0,0.0,0.0,0.0,6598,79,6599.0,107.0,0.0,0.0,6597.5,0.0
0,658500,JAMS,6597.0,84.0,6596.0,155.0,0.0,0.0,6598,95,6599.0,155.0,0.0,0.0,6597.5,0.0
0,658600,JAMS,6597.0,251.0,0.0,0.0,0.0,0.0,6599,245,0.0,0.0,0.0,0.0,6598.0,0.0
0,658700,JAMS,6597.0,65.0,6596.0,177.0,0.0,0.0,6598,65,6599.0,177.0,0.0,0.0,6597.5,0.0
0,658800,JAMS,6597.0,98.0,6596.0,118.0,0.0,0.0,6598,98,6599.0,118.0,0.0,0.0,6597.5,0.0
0,658900,JAMS,6597.0,213.0,0.0,0.0,0.0,0.0,6599,213,0.0,0.0,0.0,0.0,6598.0,0.0
0,659000,JAMS,6597.0,161.0,0.0,0.0,0.0,0.0,6599,161,0.0,0.0,0.0,0.0,6598.0,0.0
0,659100,JAMS,6597.0,253.0,0.0,0.0,0.0,0.0,6599,242,0.0,0.0,0.0,0.0,6598.0,0.0
0,659200,JAMS,6597.0,194.0,0.0,0.0,0.0,0.0,6599,194,0.0,0.0,0.0,0.0,6598.0,0.0
0,659300,JAMS,6597.0,228.0,0.0,0.0,0.0,0.0,6599,228,0.0,0.0,0.0,0.0,6598.0,0.0
0,659400,JAMS,6597.0,74.0,6596.0,159.0,0.0,0.0,6598,74,6599.0,159.0,0.0,0.0,6597.5,0.0
0,659500,JAMS,6596.0,271.0,0.0,0.0,0.0,0.0,6598,271,0.0,0.0,0.0,0.0,6597.0,0.0
0,659600,JAMS,6596.0,219.0,0.0,0.0,0.0,0.0,6598,219,0.0,0.0,0.0,0.0,6597.0,0.0
0,659700,JAMS,6595.0,239.0,0.0,0.0,0.0,0.0,6597,239,0.0,0.0,0.0,0.0,6596.0,0.0
0,659800,JAMS,6595.0,221.0,0.0,0.0,0.0,0.0,6597,221,0.0,0.0,0.0,0.0,6596.0,0.0
0,659900,JAMS,6596.0,68.0,6595.0,172.0,0.0,0.0,6597,68,6598.0,172.0,0.0,0.0,6596.5,0.0
0,660000,JAMS,6596.0,192.0,0.0,0.0,0.0,0.0,6598,192,0.0,0.0,0.0,0.0,6597.0,0.0
0,660100,JAMS,6596.0,288.0,0.0,0.0,0.0,0.0,6598,288,0.0,0.0,0.0,0.0,6597.0,0.0
0,660200,JAMS,6596.0,278.0,0.0,0.0,0.0,0.0,6598,278,0.0,0.0,0.0,0.0,6597.0,0.0
0,660300,JAMS,6597.0,68.0,6596.0,100.0,0.0,0.0,6598,68,6599.0,100.0,0.0,0.0,6597.5,0.0
0,660400,JAMS,6596.0,278.0,0.0,0.0,0.0,0.0,6598,278,0.0,0.0,0.0,0.0,6597.0,0.0
0,660500,JAMS,6597.0,54.0,6596.0,192.0,0.0,0.0,6598,54,6599.0,192.0,0.0,0.0,6597.5,0.0
0,660600,JAMS,6596.0,166.0,0.0,0.0,0.0,0.0,6598,166,0.0,0.0,0.0,0.0,6597.0,0.0
0,660700,JAMS,6596.0,243.0,0.0,0.0,0.0,0.0,6598,243,0.0,0.0,0.0,0.0,6597.0,0.0
0,660800,JAMS,6596.0,285.0,0.0,0.0,0.0,0.0,6598,285,0.0,0.0,0.0,0.0,6597.0,0.0
0,660900,JAMS,6596.0,278.0,0.0,0.0,0.0,0.0,6598,278,0.0,0.0,0.0,0.0,6597.0,0.0
0,661000,JAMS,6596.0,266.0,0.0,0.0,0.0,0.0,6598,266,0.0,0.0,0.0,0.0,6597.0,0.0
0,661100,JAMS,6599.0,217.0,0.0,0.0,0.0,0.0,6600,65,6601.0,152.0,0.0,0.0,6599.5,0.0
0,661200,JAMS,6599.0,280.0,0.0,0.0,0.0,0.0,6601,280,0.0,0.0,0.0,0.0,6600.0,0.0
0,661300,JAMS,6599.0,268.0,0.0,0.0,0.0,0.0,6601,268,0.0,0.0,0.0,0.0,6600.0,0.0
0,661400,JAMS,6599.0,255.0,0.0,0.0,0.0,0.0,6601,255,0.0,0.0,0.0,0.0,6600.0,0.0
0,661500,JAMS,6599.0,258.0,0.0,0.0,0.0,0.0,6601,258,0.0,0.0,0.0,0.0,6600.0,0.0
0,661600,JAMS,6600.0,162.0,0.0,0.0,0.0,0.0,6602,169,0.0,0.0,0.0,0.0,6601.0,0.0
0,661700,JAMS,6601.0,62.0,6600.0,177.0,0.0,0.0,6602,62,6603.0,177.0,0.0,0.0,6601.5,0.0
0,661800,JAMS,6601.0,69.0,6600.0,199.0,0.0,0.0,6602,69,6603.0,199.0,0.0,0.0,6601.5,0.0
0,661900,JAMS,6602.0,66.0,6601.0,138.0,0.0,0.0,6603,66,6604.0,138.0,0.0,0.0,6602.5,0.0
0,662000,JAMS,6602.0,52.0,6601.0,185.0,0.0,0.0,6603,52,6604.0,185.0,0.0,0.0,6602.5,0.0
0,662100,JAMS,6602.0,88.0,6601.0,117.0,0.0,0.0,6603,88,6604.0,117.0,0.0,0.0,6602.5,0.0
0,662200,JAMS,6602.0,183.0,0.0,0.0,0.0,0.0,6604,183,0.0,0.0,0.0,0.0,6603.0,0.0
0,662300,JAMS,6602.0,201.0,0.0,0.0,0.0,0.0,6603,50,6604.0,151.0,0.0,0.0,6602.5,0.0
0,662400,JAMS,6602.0,220.0,0.0,0.0,0.0,0.0,6604,220,0.0,0.0,0.0,0.0,6603.0,0.0
0,662500,JAMS,6602.0,217.0,0.0,0.0,0.0,0.0,6604,217,0.0,0.0,0.0,0.0,6603.0,0.0
0,662600,JAMS,6602.0,203.0,0.0,0.0,0.0,0.0,6604,203,0.0,0.0,0.0,0.0,6603.0,0.0
0,662700,JAMS,6603.0,77.0,6602.0,100.0,0.0,0.0,6604,77,6605.0,100.0,0.0,0.0,6603.5,0.0
0,662800,JAMS,6603.0,69.0,6602.0,160.0,0.0,0.0,6604,69,6605.0,160.0,0.0,0.0,6603.5,0.0
0,662900,JAMS,6603.0,92.0,6602.0,199.0,0.0,0.0,6604,92,6605.0,199.0,0.0,0.0,6603.5,0.0
0,663000,JAMS,6603.0,98.0,6602.0,129.0,0.0,0.0,6604,98,6605.0,129.0,0.0,0.0,6603.5,0.0
0,663100,JAMS,6603.0,262.0,0.0,0.0,0.0,0.0,6605,262,0.0,0.0,0.0,0.0,6604.0,0.0
0,663200,JAMS,6603.0,239.0,0.0,0.0,0.0,0.0,6605,239,0.0,0.0,0.0,0.0,6604.0,0.0
0,663300,JAMS,6602.0,251.0,0.0,0.0,0.0,0.0,6604,251,0.0,0.0,0.0,0.0,6603.0,0.0
0,663400,JAMS,6602.0,288.0,0.0,0.0,0.0,0.0,6604,288,0.0,0.0,0.0,0.0,6603.0,0.0
0,663500,JAMS,6602.0,216.0,0.0,0.0,0.0,0.0,6604,216,0.0,0.0,0.0,0.0,6603.0,0.0
0,663600,JAMS,6602.0,69.0,6601.0,175.0,0.0,0.0,6603,69,6604.0,175.0,0.0,0.0,6602.5,0.0
0,663700,JAMS,6602.0,100.0,6601.0,149.0,0.0,0.0,6603,100,6604.0,149.0,0.0,0.0,6602.5,0.0
0,663800,JAMS,6602.0,59.0,6601.0,125.0,0.0,0.0,6603,59,6604.0,125.0,0.0,0.0,6602.5,0.0
0,663900,JAMS,6602.0,69.0,6601.0,191.0,0.0,0.0,6603,69,6604.0,191.0,0.0,0.0,6602.5,0.0
0,664000,JAMS,6600.0,261.0,0.0,0.0,0.0,0.0,6602,261,0.0,0.0,0.0,0.0,6601.0,0.0
0,664100,JAMS,6601.0,100.0,6600.0,194.0,0.0,0.0,6602,100,6603.0,194.0,0.0,0.0,6601.5,0.0
0,664200,JAMS,6602.0,72.0,6601.0,180.0,0.0,0.0,6603,252,0.0,0.0,0.0,0.0,6602.5,0.0
0,664300,JAMS,6601.0,224.0,0.0,0.0,0.0,0.0,6603,224,0.0,0.0,0.0,0.0,6602.0,0.0
0,664400,JAMS,6601.0,54.0,6600.0,140.0,0.0,0.0,6602,54,6603.0,140.0,0.0,0.0,6601.5,0.0
0,664500,JAMS,6601.0,187.0,0.0,0.0,0.0,0.0,6603,196,0.0,0.0,0.0,0.0,6602.0,0.0
0,664600,JAMS,6601.0,57.0,6600.0,155.0,0.0,0.0,6602,57,6603.0,155.0,0.0,0.0,6601.5,0.0
0,664700,JAMS,6601.0,223.0,0.0,0.0,0.0,0.0,6603,223,0.0,0.0,0.0,0.0,6602.0,0.0
0,664800,JAMS,6601.0,204.0,0.0,0.0,0.0,0.0,6603,204,0.0,0.0,0.0,0.0,6602.0,0.0
0,664900,JAMS,6601.0,233.0,0.0,0.0,0.0,0.0,6603,233,0.0,0.0,0.0,0.0,6602.0,0.0
0,665000,JAMS,6600.0,217.0,0.0,0.0,0.0,0.0,6602,217,0.0,0.0,0.0,0.0,6601.0,0.0
0,665100,JAMS,6600.0,235.0,0.0,0.0,0.0,0.0,6602,235,0.0,0.0,0.0,0.0,6601.0,0.0
0,665200,JAMS,6600.0,86.0,6599.0,142.0,0.0,0.0,6601,86,6602.0,142.0,0.0,0.0,6600.5,0.0
0,665300,JAMS,6600.0,69.0,6599.0,182.0,0.0,0.0,6601,69,6602.0,182.0,0.0,0.0,6600.5,0.0
0,665400,JAMS,6600.0,52.0,6599.0,133.0,0.0,0.0,6601,52,6602.0,133.0,0.0,0.0,6600.5,0.0
0,665500,JAMS,6600.0,91.0,6599.0,185.0,0.0,0.0,6601,91,6602.0,185.0,0.0,0.0,6600.5,0.0
0,665600,JAMS,6600.0,76.0,6599.0,188.0,0.0,0.0,6601,76,6602.0,188.0,0.0,0.0,6600.5,0.0
0,665700,JAMS,6600.0,99.0,6599.0,122.0,0.0,0.0,6601,221,0.0,0.0,0.0,0.0,6600.5,0.0
0,665800,JAMS,6600.0,85.0,6599.0,199.0,0.0,0.0,6601,85,6602.0,199.0,0.0,0.0,6600.5,0.0
0,665900,JAMS,6600.0,91.0,6599.0,106.0,0.0,0.0,6601,91,6602.0,106.0,0.0,0.0,6600.5,0.0
0,666000,JAMS,6599.0,168.0,0.0,0.0,0.0,0.0,6601,168,0.0,0.0,0.0,0.0,6600.0,0.0
0,666100,JAMS,6600.0,46.0,6599.0,132.0,0.0,0.0,6601,57,6602.0,132.0,0.0,0.0,6600.5,0.0
0,666200,JAMS,6600.0,95.0,6599.0,123.0,0.0,0.0,6601,95,6602.0,123.0,0.0,0.0,6600.5,0.0
0,666300,JAMS,6600.0,75.0,6599.0,186.0,0.0,0.0,6601,75,6602.0,186.0,0.0,0.0,6600.5,0.0
0,666400,JAMS,6600.0,11.0,6599.0,252.0,0.0,0.0,6601,252,0.0,0.0,0.0,0.0,6600.5,0.0
0,666500,JAMS,6599.0,202.0,0.0,0.0,0.0,0.0,6601,202,0.0,0.0,0.0,0.0,6600.0,0.0
0,666600,JAMS,6599.0,241.0,0.0,0.0,0.0,0.0,6601,241,0.0,0.0,0.0,0.0,6600.0,0.0
0,666700,JAMS,6599.0,248.0,0.0,0.0,0.0,0.0,6601,248,0.0,0.0,0.0,0.0,6600.0,0.0
0,666800,JAMS,6599.0,195.0,0.0,0.0,0.0,0.0,6601,195,0.0,0.0,0.0,0.0,6600.0,0.0
0,666900,JAMS,6600.0,55.0,6599.0,149.0,0.0,0.0,6601,55,6602.0,149.0,0.0,0.0,6600.5,0.0
0,667000,JAMS,6600.0,51.0,6599.0,158.0,0.0,0.0,6601,51,6602.0,158.0,0.0,0.0,6600.5,0.0
0,667100,JAMS,6599.0,255.0,0.0,0.0,0.0,0.0,6601,255,0.0,0.0,0.0,0.0,6600.0,0.0
0,667200,JAMS,6599.0,273.0,0.0,0.0,0.0,0.0,6601,273,0.0,0.0,0.0,0.0,6600.0,0.0
0,667300,JAMS,6599.0,62.0,6598.0,138.0,0.0,0.0,6600,62,6601.0,138.0,0.0,0.0,6599.5,0.0
0,667400,JAMS,6599.0,7.0,6598.0,255.0,0.0,0.0,6600,255,0.0,0.0,0.0,0.0,6599.5,0.0
0,667500,JAMS,6597.0,189.0,0.0,0.0,0.0,0.0,6599,189,0.0,0.0,0.0,0.0,6598.0,0.0
0,667600,JAMS,6597.0,262.0,0.0,0.0,0.0,0.0,6599,262,0.0,0.0,0.0,0.0,6598.0,0.0
0,667700,JAMS,6598.0,67.0,6597.0,162.0,0.0,0.0,6599,71,6600.0,162.0,0.0,0.0,6598.5,0.0
0,667800,JAMS,6598.0,93.0,6597.0,158.0,0.0,0.0,6599,93,6600.0,158.0,0.0,0.0,6598.5,0.0
0,667900,JAMS,6598.0,269.0,0.0,0.0,0.0,0.0,6600,269,0.0,0.0,0.0,0.0,6599.0,0.0
0,668000,JAMS,6599.0,97.0,6598.0,197.0,0.0,0.0,6600,97,6601.0,197.0,0.0,0.0,6599.5,0.0
0,668100,JAMS,6599.0,57.0,6598.0,112.0,0.0,0.0,6600,57,6601.0,112.0,0.0,0.0,6599.5,0.0
0,668200,JAMS,6600.0,176.0,0.0,0.0,0.0,0.0,6602,176,0.0,0.0,0.0,0.0,6601.0,0.0
0,668300,JAMS,6600.0,234.0,0.0,0.0,0.0,0.0,6602,234,0.0,0.0,0.0,0.0,6601.0,0.0
0,668400,JAMS,6600.0,215.0,0.0,0.0,0.0,0.0,6602,215,0.0,0.0,0.0,0.0,6601.0,0.0
0,668500,JAMS,6600.0,183.0,0.0,0.0,0.0,0.0,6602,191,0.0,0.0,0.0,0.0,6601.0,0.0
0,668600,JAMS,6600.0,253.0,0.0,0.0,0.0,0.0,6602,253,0.0,0.0,0.0,0.0,6601.0,0.0
0,668700,JAMS,6600.0,254.0,0.0,0.0,0.0,0.0,6602,254,0.0,0.0,0.0,0.0,6601.0,0.0
0,668800,JAMS,6600.0,197.0,0.0,0.0,0.0,0.0,6602,197,0.0,0.0,0.0,0.0,6601.0,0.0
0,668900,JAMS,6600.0,192.0,0.0,0.0,0.0,0.0,6602,192,0.0,0.0,0.0,0.0,6601.0,0.0
0,669000,JAMS,6600.0,264.0,0.0,0.0,0.0,0.0,6602,264,0.0,0.0,0.0,0.0,6601.0,0.0
0,669100,JAMS,6600.0,194.0,0.0,0.0,0.0,0.0,6602,194,0.0,0.0,0.0,0.0,6601.0,0.0
0,669200,JAMS,6600.0,236.0,0.0,0.0,0.0,0.0,6602,245,0.0,0.0,0.0,0.0,6601.0,0.0
0,669300,JAMS,6600.0,68.0,6599.0,164.0,0.0,0.0,6601,68,6602.0,164.0,0.0,0.0,6600.5,0.0
0,669400,JAMS,6600.0,80.0,6599.0,101.0,0.0,0.0,6601,169,0.0,0.0,0.0,0.0,6600.5,0.0
0,669500,JAMS,6600.0,93.0,6599.0,118.0,0.0,0.0,6601,93,6602.0,118.0,0.0,0.0,6600.5,0.0
0,669600,JAMS,6600.0,58.0,6599.0,128.0,0.0,0.0,6601,58,6602.0,128.0,0.0,0.0,6600.5,0.0
0,669700,JAMS,6599.0,71.0,6598.0,186.0,0.0,0.0,6600,71,6601.0,186.0,0.0,0.0,6599.5,0.0
0,669800,JAMS,6599.0,76.0,6598.0,105.0,0.0,0.0,6600,76,6601.0,105.0,0.0,0.0,6599.5,0.0
0,669900,JAMS,6598.0,266.0,0.0,0.0,0.0,0.0,6600,266,0.0,0.0,0.0,0.0,6599.0,0.0
0,670000,JAMS,6599.0,88.0,6598.0,160.0,0.0,0.0,6600,88,6601.0,160.0,0.0,0.0,6599.5,0.0
0,670100,JAMS,6599.0,78.0,6598.0,134.0,0.0,0.0,6600,78,6601.0,134.0,0.0,0.0,6599.5,0.0
0,670200,JAMS,6599.0,5.0,6598.0,158.0,0.0,0.0,6600,158,0.0,0.0,0.0,0.0,6599.5,0.0
0,670300,JAMS,6598.0,213.0,0.0,0.0,0.0,0.0,6600,213,0.0,0.0,0.0,0.0,6599.0,0.0
0,670400,JAMS,6598.0,282.0,0.0,0.0,0.0,0.0,6600,282,0.0,0.0,0.0,0.0,6599.0,0.0
0,670500,JAMS,6598.0,262.0,0.0,0.0,0.0,0.0,6600,262,0.0,0.0,0.0,0.0,6599.0,0.0
0,670600,JAMS,6598.0,63.0,6597.0,174.0,0.0,0.0,6599,63,6600.0,174.0,0.0,0.0,6598.5,0.0
0,670700,JAMS,6597.0,234.0,0.0,0.0,0.0,0.0,6599,234,0.0,0.0,0.0,0.0,6598.0,0.0
0,670800,JAMS,6597.0,271.0,0.0,0.0,0.0,0.0,6599,271,0.0,0.0,0.0,0.0,6598.0,0.0
0,670900,JAMS,6597.0,185.0,0.0,0.0,0.0,0.0,6599,185,0.0,0.0,0.0,0.0,6598.0,0.0
0,671000,JAMS,6596.0,168.0,0.0,0.0,0.0,0.0,6597,4,6598.0,168.0,0.0,0.0,6596.5,0.0
0,671100,JAMS,6596.0,210.0,0.0,0.0,0.0,0.0,6598,210,0.0,0.0,0.0,0.0,6597.0,0.0
0,671200,JAMS,6596.0,85.0,6595.0,200.0,0.0,0.0,6597,85,6598.0,200.0,0.0,0.0,6596.5,0.0
0,671300,JAMS,6595.0,207.0,0.0,0.0,0.0,0.0,6597,207,0.0,0.0,0.0,0.0,6596.0,0.0
0,671400,JAMS,6595.0,214.0,0.0,0.0,0.0,0.0,6597,214,0.0,0.0,0.0,0.0,6596.0,0.0
0,671500,JAMS,6595.0,246.0,0.0,0.0,0.0,0.0,6597,246,0.0,0.0,0.0,0.0,6596.0,0.0
0,671600,JAMS,6595.0,190.0,0.0,0.0,0.0,0.0,6597,190,0.0,0.0,0.0,0.0,6596.0,0.0
0,671700,JAMS,6595.0,85.0,6594.0,119.0,0.0,0.0,6596,93,6597.0,119.0,0.0,0.0,6595.5,0.0
0,671800,JAMS,6595.0,100.0,6594.0,182.0,0.0,0.0,6596,100,6597.0,182.0,0.0,0.0,6595.5,0.0
0,671900,JAMS,6594.0,51.0,6593.0,169.0,0.0,0.0,6595,51,6596.0,169.0,0.0,0.0,6594.5,0.0
0,672000,JAMS,6594.0,66.0,6593.0,168.0,0.0,0.0,6595,66,6596.0,168.0,0.0,0.0,6594.5,0.0
0,672100,JAMS,6594.0,71.0,6593.0,172.0,0.0,0.0,6595,71,6596.0,172.0,0.0,0.0,6594.5,0.0
0,672200,JAMS,6594.0,86.0,6593.0,154.0,0.0,0.0,6595,86,6596.0,154.0,0.0,0.0,6594.5,0.0
0,672300,JAMS,6593.0,254.0,0.0,0.0,0.0,0.0,6595,254,0.0,0.0,0.0,0.0,6594.0,0.0
0,672400,JAMS,6593.0,239.0,0.0,0.0,0.0,0.0,6595,239,0.0,0.0,0.0,0.0,6594.0,0.0
0,672500,JAMS,6593.0,255.0,0.0,0.0,0.0,0.0,6595,255,0.0,0.0,0.0,0.0,6594.0,0.0
0,672600,JAMS,6593.0,66.0,6592.0,158.0,0.0,0.0,6594,66,6595.0,158.0,0.0,0.0,6593.5,0.0
0,672700,JAMS,6593.0,89.0,6592.0,118.0,0.0,0.0,6594,89,6595.0,118.0,0.0,0.0,6593.5,0.0
0,672800,JAMS,6593.0,63.0,6592.0,101.0,0.0,0.0,6594,63,6595.0,101.0,0.0,0.0,6593.5,0.0
0,672900,JAMS,6593.0,92.0,6592.0,155.0,0.0,0.0,6594,92,6595.0,155.0,0.0,0.0,6593.5,0.0
0,673000,JAMS,6593.0,9.0,6592.0,264.0,0.0,0.0,6594,264,0.0,0.0,0.0,0.0,6593.5,0.0
0,673100,JAMS,6592.0,251.0,0.0,0.0,0.0,0.0,6594,251,0.0,0.0,0.0,0.0,6593.0,0.0
0,673200,JAMS,6592.0,250.0,0.0,0.0,0.0,0.0,6594,250,0.0,0.0,0.0,0.0,6593.0,0.0
0,673300,JAMS,6591.0,85.0,6590.0,108.0,0.0,0.0,6592,85,6593.0,108.0,0.0,0.0,6591.5,0.0
0,673400,JAMS,6591.0,70.0,6590.0,107.0,0.0,0.0,6592,70,6593.0,107.0,0.0,0.0,6591.5,0.0
0,673500,JAMS,6591.0,72.0,6590.0,116.0,0.0,0.0,6592,72,6593.0,116.0,0.0,0.0,6591.5,0.0
0,673600,JAMS,6590.0,231.0,0.0,0.0,0.0,0.0,6592,231,0.0,0.0,0.0,0.0,6591.0,0.0
0,673700,JAMS,6588.0,210.0,0.0,0.0,0.0,0.0,6590,210,0.0,0.0,0.0,0.0,6589.0,0.0
0,673800,JAMS,6587.0,179.0,0.0,0.0,0.0,0.0,6589,179,0.0,0.0,0.0,0.0,6588.0,0.0
0,673900,JAMS,6586.0,248.0,0.0,0.0,0.0,0.0,6588,248,0.0,0.0,0.0,0.0,6587.0,0.0
0,674000,JAMS,6588.0,92.0,6587.0,157.0,0.0,0.0,6589,97,6590.0,157.0,0.0,0.0,6588.5,0.0
0,674100,JAMS,6587.0,263.0,0.0,0.0,0.0,0.0,6589,263,0.0,0.0,0.0,0.0,6588.0,0.0
0,674200,JAMS,6587.0,242.0,0.0,0.0,0.0,0.0,6589,242,0.0,0.0,0.0,0.0,6588.0,0.0
0,674300,JAMS,6586.0,203.0,0.0,0.0,0.0,0.0,6588,203,0.0,0.0,0.0,0.0,6587.0,0.0
0,674400,JAMS,6587.0,80.0,6586.0,149.0,0.0,0.0,6588,80,6589.0,149.0,0.0,0.0,6587.5,0.0
0,674500,JAMS,6587.0,234.0,0.0,0.0,0.0,0.0,6589,234,0.0,0.0,0.0,0.0,6588.0,0.0
0,674600,JAMS,6587.0,73.0,6586.0,133.0,0.0,0.0,6588,73,6589.0,133.0,0.0,0.0,6587.5,0.0
0,674700,JAMS,6587.0,99.0,6586.0,153.0,0.0,0.0,6588,99,6589.0,153.0,0.0,0.0,6587.5,0.0
0,674800,JAMS,6587.0,71.0,6586.0,109.0,0.0,0.0,6588,180,0.0,0.0,0.0,0.0,6587.5,0.0
0,674900,JAMS,6587.0,64.0,6586.0,127.0,0.0,0.0,6588,64,6589.0,127.0,0.0,0.0,6587.5,0.0
0,675000,JAMS,6586.0,237.0,0.0,0.0,0.0,0.0,6588,237,0.0,0.0,0.0,0.0,6587.0,0.0
0,675100,JAMS,6587.0,53.0,6586.0,149.0,0.0,0.0,6588,53,6589.0,149.0,0.0,0.0,6587.5,0.0
0,675200,JAMS,6586.0,206.0,0.0,0.0,0.0,0.0,6588,206,0.0,0.0,0.0,0.0,6587.0,0.0
0,675300,JAMS,6586.0,230.0,0.0,0.0,0.0,0.0,6588,230,0.0,0.0,0.0,0.0,6587.0,0.0
0,675400,JAMS,6586.0,181.0,0.0,0.0,0.0,0.0,6588,181,0.0,0.0,0.0,0.0,6587.0,0.0
0,675500,JAMS,6586.0,186.0,0.0,0.0,0.0,0.0,6588,186,0.0,0.0,0.0,0.0,6587.0,0.0
0,675600,JAMS,6586.0,276.0,0.0,0.0,0.0,0.0,6588,276,0.0,0.0,0.0,0.0,6587.0,0.0
0,675700,JAMS,6586.0,220.0,0.0,0.0,0.0,0.0,6588,220,0.0,0.0,0.0,0.0,6587.0,0.0
0,675800,JAMS,6587.0,55.0,6586.0,144.0,0.0,0.0,6588,55,6589.0,144.0,0.0,0.0,6587.5,0.0
0,675900,JAMS,6588.0,91.0,6587.0,105.0,0.0,0.0,6589,91,6590.0,105.0,0.0,0.0,6588.5,0.0
0,676000,JAMS,6588.0,60.0,6587.0,165.0,0.0,0.0,6589,60,6590.0,165.0,0.0,0.0,6588.5,0.0
0,676100,JAMS,6588.0,59.0,6587.0,122.0,0.0,0.0,6589,59,6590.0,122.0,0.0,0.0,6588.5,0.0
0,676200,JAMS,6587.0,185.0,0.0,0.0,0.0,0.0,6589,185,0.0,0.0,0.0,0.0,6588.0,0.0
0,676300,JAMS,6587.0,288.0,0.0,0.0,0.0,0.0,6589,288,0.0,0.0,0.0,0.0,6588.0,0.0
0,676400,JAMS,6587.0,223.0,0.0,0.0,0.0,0.0,6589,223,0.0,0.0,0.0,0.0,6588.0,0.0
0,676500,JAMS,6587.0,89.0,6586.0,173.0,0.0,0.0,6588,89,6589.0,173.0,0.0,0.0,6587.5,0.0
0,676600,JAMS,6586.0,222.0,0.0,0.0,0.0,0.0,6588,222,0.0,0.0,0.0,0.0,6587.0,0.0
0,676700,JAMS,6586.0,205.0,0.0,0.0,0.0,0.0,6588,205,0.0,0.0,0.0,0.0,6587.0,0.0
0,676800,JAMS,6586.0,171.0,0.0,0.0,0.0,0.0,6588,171,0.0,0.0,0.0,0.0,6587.0,0.0
0,676900,JAMS,6587.0,219.0,0.0,0.0,0.0,0.0,6589,219,0.0,0.0,0.0,0.0,6588.0,0.0
0,677000,JAMS,6587.0,181.0,0.0,0.0,0.0,0.0,6589,181,0.0,0.0,0.0,0.0,6588.0,0.0
0,677100,JAMS,6587.0,202.0,0.0,0.0,0.0,0.0,6589,202,0.0,0.0,0.0,0.0,6588.0,0.0
0,677200,JAMS,6588.0,76.0,6587.0,116.0,0.0,0.0,6589,76,6590.0,116.0,0.0,0.0,6588.5,0.0
0,677300,JAMS,6587.0,275.0,0.0,0.0,0.0,0.0,6589,275,0.0,0.0,0.0,0.0,6588.0,0.0
0,677400,JAMS,6587.0,225.0,0.0,0.0,0.0,0.0,6589,225,0.0,0.0,0.0,0.0,6588.0,0.0
0,677500,JAMS,6587.0,208.0,0.0,0.0,0.0,0.0,6589,208,0.0,0.0,0.0,0.0,6588.0,0.0
0,677600,JAMS,6587.0,178.0,0.0,0.0,0.0,0.0,6589,178,0.0,0.0,0.0,0.0,6588.0,0.0
0,677700,JAMS,6587.0,228.0,0.0,0.0,0.0,0.0,6589,228,0.0,0.0,0.0,0.0,6588.0,0.0
0,677800,JAMS,6587.0,211.0,0.0,0.0,0.0,0.0,6589,203,0.0,0.0,0.0,0.0,6588.0,0.0
0,677900,JAMS,6587.0,257.0,0.0,0.0,0.0,0.0,6589,257,0.0,0.0,0.0,0.0,6588.0,0.0
0,678000,JAMS,6587.0,167.0,0.0,0.0,0.0,0.0,6589,167,0.0,0.0,0.0,0.0,6588.0,0.0
0,678100,JAMS,6587.0,259.0,0.0,0.0,0.0,0.0,6589,259,0.0,0.0,0.0,0.0,6588.0,0.0
0,678200,JAMS,6587.0,239.0,0.0,0.0,0.0,0.0,6589,239,0.0,0.0,0.0,0.0,6588.0,0.0
0,678300,JAMS,6587.0,291.0,0.0,0.0,0.0,0.0,6589,291,0.0,0.0,0.0,0.0,6588.0,0.0
0,678400,JAMS,6587.0,184.0,0.0,0.0,0.0,0.0,6589,184,0.0,0.0,0.0,0.0,6588.0,0.0
0,678500,JAMS,6587.0,206.0,0.0,0.0,0.0,0.0,6589,206,0.0,0.0,0.0,0.0,6588.0,0.0
0,678600,JAMS,6587.0,50.0,6586.0,135.0,0.0,0.0,6588,50,6589.0,135.0,0.0,0.0,6587.5,0.0
0,678700,JAMS,6587.0,72.0,6586.0,193.0,0.0,0.0,6588,72,6589.0,193.0,0.0,0.0,6587.5,0.0
0,678800,JAMS,6587.0,88.0,6586.0,188.0,0.0,0.0,6588,88,6589.0,188.0,0.0,0.0,6587.5,0.0
0,678900,JAMS,6586.0,251.0,0.0,0.0,0.0,0.0,6588,251,0.0,0.0,0.0,0.0,6587.0,0.0
0,679000,JAMS,6587.0,58.0,6586.0,156.0,0.0,0.0,6588,58,6589.0,156.0,0.0,0.0,6587.5,0.0
0,679100,JAMS,6586.0,180.0,0.0,0.0,0.0,0.0,6588,180,0.0,0.0,0.0,0.0,6587.0,0.0
0,679200,JAMS,6586.0,233.0,0.0,0.0,0.0,0.0,6588,233,0.0,0.0,0.0,0.0,6587.0,0.0
0,679300,JAMS,6586.0,158.0,0.0,0.0,0.0,0.0,6588,163,0.0,0.0,0.0,0.0,6587.0,0.0
0,679400,JAMS,6586.0,297.0,0.0,0.0,0.0,0.0,6588,297,0.0,0.0,0.0,0.0,6587.0,0.0
0,679500,JAMS,6586.0,226.0,0.0,0.0,0.0,0.0,6588,226,0.0,0.0,0.0,0.0,6587.0,0.0
0,679600,JAMS,6585.0,194.0,0.0,0.0,0.0,0.0,6587,194,0.0,0.0,0.0,0.0,6586.0,0.0
0,679700,JAMS,6585.0,89.0,6584.0,135.0,0.0,0.0,6586,89,6587.0,135.0,0.0,0.0,6585.5,0.0
0,679800,JAMS,6585.0,87.0,6584.0,185.0,0.0,0.0,6586,87,6587.0,185.0,0.0,0.0,6585.5,0.0
0,679900,JAMS,6585.0,241.0,0.0,0.0,0.0,0.0,6587,241,0.0,0.0,0.0,0.0,6586.0,0.0
0,680000,JAMS,6586.0,204.0,0.0,0.0,0.0,0.0,6588,204,0.0,0.0,0.0,0.0,6587.0,0.0
0,680100,JAMS,6585.0,244.0,0.0,0.0,0.0,0.0,6587,244,0.0,0.0,0.0,0.0,6586.0,0.0
0,680200,JAMS,6585.0,226.0,0.0,0.0,0.0,0.0,6587,226,0.0,0.0,0.0,0.0,6586.0,0.0
0,680300,JAMS,6585.0,212.0,0.0,0.0,0.0,0.0,6587,212,0.0,0.0,0.0,0.0,6586.0,0.0
0,680400,JAMS,6586.0,169.0,0.0,0.0,0.0,0.0,6588,169,0.0,0.0,0.0,0.0,6587.0,0.0
0,680500,JAMS,6586.0,52.0,6585.0,168.0,0.0,0.0,6587,52,6588.0,168.0,0.0,0.0,6586.5,0.0
0,680600,JAMS,6586.0,203.0,0.0,0.0,0.0,0.0,6588,203,0.0,0.0,0.0,0.0,6587.0,0.0
0,680700,JAMS,6586.0,225.0,0.0,0.0,0.0,0.0,6588,225,0.0,0.0,0.0,0.0,6587.0,0.0
0,680800,JAMS,6586.0,228.0,0.0,0.0,0.0,0.0,6588,228,0.0,0.0,0.0,0.0,6587.0,0.0
0,680900,JAMS,6587.0,55.0,6586.0,109.0,0.0,0.0,6588,55,6589.0,109.0,0.0,0.0,6587.5,0.0
0,681000,JAMS,6586.0,210.0,0.0,0.0,0.0,0.0,6588,210,0.0,0.0,0.0,0.0,6587.0,0.0
0,681100,JAMS,6586.0,232.0,0.0,0.0,0.0,0.0,6588,232,0.0,0.0,0.0,0.0,6587.0,0.0
0,681200,JAMS,6586.0,77.0,6585.0,109.0,0.0,0.0,6587,77,6588.0,109.0,0.0,0.0,6586.5,0.0
0,681300,JAMS,6586.0,218.0,0.0,0.0,0.0,0.0,6588,218,0.0,0.0,0.0,0.0,6587.0,0.0
0,681400,JAMS,6586.0,170.0,0.0,0.0,0.0,0.0,6588,170,0.0,0.0,0.0,0.0,6587.0,0.0
0,681500,JAMS,6586.0,279.0,0.0,0.0,0.0,0.0,6588,288,0.0,0.0,0.0,0.0,6587.0,0.0
0,681600,JAMS,6586.0,265.0,0.0,0.0,0.0,0.0,6588,265,0.0,0.0,0.0,0.0,6587.0,0.0
0,681700,JAMS,6586.0,205.0,0.0,0.0,0.0,0.0,6587,10,6588.0,205.0,0.0,0.0,6586.5,0.0
0,681800,JAMS,6587.0,67.0,6586.0,118.0,0.0,0.0,6588,72,6589.0,118.0,0.0,0.0,6587.5,0.0
0,681900,JAMS,6586.0,259.0,0.0,0.0,0.0,0.0,6588,259,0.0,0.0,0.0,0.0,6587.0,0.0
0,682000,JAMS,6587.0,74.0,6586.0,152.0,0.0,0.0,6588,74,6589.0,152.0,0.0,0.0,6587.5,0.0
0,682100,JAMS,6586.0,230.0,0.0,0.0,0.0,0.0,6588,230,0.0,0.0,0.0,0.0,6587.0,0.0
0,682200,JAMS,6587.0,95.0,6586.0,164.0,0.0,0.0,6588,95,6589.0,164.0,0.0,0.0,6587.5,0.0
0,682300,JAMS,6587.0,96.0,6586.0,192.0,0.0,0.0,6588,96,6589.0,192.0,0.0,0.0,6587.5,0.0
0,682400,JAMS,6586.0,214.0,0.0,0.0,0.0,0.0,6588,214,0.0,0.0,0.0,0.0,6587.0,0.0
0,682500,JAMS,6586.0,227.0,0.0,0.0,0.0,0.0,6588,227,0.0,0.0,0.0,0.0,6587.0,0.0
0,682600,JAMS,6586.0,230.0,0.0,0.0,0.0,0.0,6588,230,0.0,0.0,0.0,0.0,6587.0,0.0
0,682700,JAMS,6586.0,247.0,0.0,0.0,0.0,0.0,6588,247,0.0,0.0,0.0,0.0,6587.0,0.0
0,682800,JAMS,6585.0,275.0,0.0,0.0,0.0,0.0,6587,275,0.0,0.0,0.0,0.0,6586.0,0.0
0,682900,JAMS,6584.0,242.0,0.0,0.0,0.0,0.0,6586,242,0.0,0.0,0.0,0.0,6585.0,0.0
0,683000,JAMS,6582.0,106.0,6581.0,180.0,0.0,0.0,6583,95,6584.0,180.0,0.0,0.0,6582.5,0.0
0,683100,JAMS,6579.0,195.0,0.0,0.0,0.0,0.0,6581,195,0.0,0.0,0.0,0.0,6580.0,0.0
0,683200,JAMS,6580.0,61.0,6579.0,112.0,0.0,0.0,6581,61,6582.0,112.0,0.0,0.0,6580.5,0.0
0,683300,JAMS,6580.0,189.0,0.0,0.0,0.0,0.0,6582,189,0.0,0.0,0.0,0.0,6581.0,0.0
0,683400,JAMS,6581.0,75.0,6580.0,148.0,0.0,0.0,6582,75,6583.0,148.0,0.0,0.0,6581.5,0.0
0,683500,JAMS,6581.0,74.0,6580.0,189.0,0.0,0.0,6582,74,6583.0,189.0,0.0,0.0,6581.5,0.0
0,683600,JAMS,6580.0,183.0,0.0,0.0,0.0,0.0,6582,183,0.0,0.0,0.0,0.0,6581.0,0.0
0,683700,JAMS,6580.0,65.0,6579.0,197.0,0.0,0.0,6581,65,6582.0,197.0,0.0,0.0,6580.5,0.0
0,683800,JAMS,6579.0,187.0,0.0,0.0,0.0,0.0,6581,187,0.0,0.0,0.0,0.0,6580.0,0.0
0,683900,JAMS,6579.0,247.0,0.0,0.0,0.0,0.0,6581,247,0.0,0.0,0.0,0.0,6580.0,0.0
0,684000,JAMS,6579.0,56.0,6578.0,122.0,0.0,0.0,6580,56,6581.0,122.0,0.0,0.0,6579.5,0.0
0,684100,JAMS,6578.0,267.0,0.0,0.0,0.0,0.0,6580,267,0.0,0.0,0.0,0.0,6579.0,0.0
0,684200,JAMS,6578.0,100.0,6577.0,167.0,0.0,0.0,6579,100,6580.0,167.0,0.0,0.0,6578.5,0.0
0,684300,JAMS,6577.0,248.0,0.0,0.0,0.0,0.0,6579,248,0.0,0.0,0.0,0.0,6578.0,0.0
0,684400,JAMS,6577.0,211.0,0.0,0.0,0.0,0.0,6579,211,0.0,0.0,0.0,0.0,6578.0,0.0
0,684500,JAMS,6578.0,81.0,6577.0,152.0,0.0,0.0,6579,81,6580.0,152.0,0.0,0.0,6578.5,0.0
0,684600,JAMS,6577.0,237.0,0.0,0.0,0.0,0.0,6579,237,0.0,0.0,0.0,0.0,6578.0,0.0
0,684700,JAMS,6577.0,276.0,0.0,0.0,0.0,0.0,6579,276,0.0,0.0,0.0,0.0,6578.0,0.0
0,684800,JAMS,6576.0,81.0,6575.0,179.0,0.0,0.0,6577,81,6578.0,179.0,0.0,0.0,6576.5,0.0
0,684900,JAMS,6575.0,209.0,0.0,0.0,0.0,0.0,6577,209,0.0,0.0,0.0,0.0,6576.0,0.0
0,685000,JAMS,6575.0,254.0,0.0,0.0,0.0,0.0,6577,254,0.0,0.0,0.0,0.0,6576.0,0.0
0,685100,JAMS,6576.0,99.0,6575.0,102.0,0.0,0.0,6577,99,6578.0,102.0,0.0,0.0,6576.5,0.0
0,685200,JAMS,6576.0,236.0,0.0,0.0,0.0,0.0,6578,236,0.0,0.0,0.0,0.0,6577.0,0.0
0,685300,JAMS,6576.0,79.0,6575.0,184.0,0.0,0.0,6577,79,6578.0,184.0,0.0,0.0,6576.5,0.0
0,685400,JAMS,6576.0,88.0,6575.0,153.0,0.0,0.0,6577,88,6578.0,153.0,0.0,0.0,6576.5,0.0
0,685500,JAMS,6575.0,184.0,0.0,0.0,0.0,0.0,6577,184,0.0,0.0,0.0,0.0,6576.0,0.0
0,685600,JAMS,6575.0,251.0,0.0,0.0,0.0,0.0,6577,251,0.0,0.0,0.0,0.0,6576.0,0.0
0,685700,JAMS,6574.0,211.0,0.0,0.0,0.0,0.0,6576,211,0.0,0.0,0.0,0.0,6575.0,0.0
0,685800,JAMS,6573.0,92.0,6572.0,101.0,0.0,0.0,6574,92,6575.0,101.0,0.0,0.0,6573.5,0.0
0,685900,JAMS,6572.0,258.0,0.0,0.0,0.0,0.0,6573,11,6574.0,258.0,0.0,0.0,6572.5,0.0
0,686000,JAMS,6574.0,239.0,0.0,0.0,0.0,0.0,6576,239,0.0,0.0,0.0,0.0,6575.0,0.0
0,686100,JAMS,6574.0,94.0,6573.0,141.0,0.0,0.0,6575,94,6576.0,141.0,0.0,0.0,6574.5,0.0
0,686200,JAMS,6573.0,178.0,0.0,0.0,0.0,0.0,6574,53,6575.0,125.0,0.0,0.0,6573.5,0.0
0,686300,JAMS,6573.0,86.0,6572.0,171.0,0.0,0.0,6574,86,6575.0,171.0,0.0,0.0,6573.5,0.0
0,686400,JAMS,6573.0,97.0,6572.0,179.0,0.0,0.0,6574,97,6575.0,179.0,0.0,0.0,6573.5,0.0
0,686500,JAMS,6573.0,202.0,0.0,0.0,0.0,0.0,6575,202,0.0,0.0,0.0,0.0,6574.0,0.0
0,686600,JAMS,6574.0,66.0,6573.0,128.0,0.0,0.0,6575,66,6576.0,128.0,0.0,0.0,6574.5,0.0
0,686700,JAMS,6574.0,98.0,6573.0,129.0,0.0,0.0,6575,98,6576.0,129.0,0.0,0.0,6574.5,0.0
0,686800,JAMS,6573.0,99.0,6572.0,152.0,0.0,0.0,6574,92,6575.0,152.0,0.0,0.0,6573.5,0.0
0,686900,JAMS,6573.0,256.0,0.0,0.0,0.0,0.0,6575,256,0.0,0.0,0.0,0.0,6574.0,0.0
0,687000,JAMS,6572.0,211.0,0.0,0.0,0.0,0.0,6574,211,0.0,0.0,0.0,0.0,6573.0,0.0
0,687100,JAMS,6573.0,96.0,6572.0,131.0,0.0,0.0,6574,96,6575.0,131.0,0.0,0.0,6573.5,0.0
0,687200,JAMS,6574.0,151.0,0.0,0.0,0.0,0.0,6576,151,0.0,0.0,0.0,0.0,6575.0,0.0
0,687300,JAMS,6574.0,193.0,0.0,0.0,0.0,0.0,6576,193,0.0,0.0,0.0,0.0,6575.0,0.0
0,687400,JAMS,6575.0,287.0,0.0,0.0,0.0,0.0,6577,287,0.0,0.0,0.0,0.0,6576.0,0.0
0,687500,JAMS,6577.0,64.0,6576.0,115.0,0.0,0.0,6578,64,6579.0,115.0,0.0,0.0,6577.5,0.0
0,687600,JAMS,6576.0,195.0,0.0,0.0,0.0,0.0,6578,195,0.0,0.0,0.0,0.0,6577.0,0.0
0,687700,JAMS,6576.0,67.0,6575.0,141.0,0.0,0.0,6577,67,6578.0,141.0,0.0,0.0,6576.5,0.0
0,687800,JAMS,6575.0,185.0,0.0,0.0,0.0,0.0,6577,185,0.0,0.0,0.0,0.0,6576.0,0.0
0,687900,JAMS,6575.0,202.0,0.0,0.0,0.0,0.0,6577,211,0.0,0.0,0.0,0.0,6576.0,0.0
0,688000,JAMS,6575.0,94.0,6574.0,130.0,0.0,0.0,6576,94,6577.0,130.0,0.0,0.0,6575.5,0.0
0,688100,JAMS,6574.0,229.0,0.0,0.0,0.0,0.0,6576,229,0.0,0.0,0.0,0.0,6575.0,0.0
0,688200,JAMS,6574.0,231.0,0.0,0.0,0.0,0.0,6576,231,0.0,0.0,0.0,0.0,6575.0,0.0
0,688300,JAMS,6573.0,257.0,0.0,0.0,0.0,0.0,6575,257,0.0,0.0,0.0,0.0,6574.0,0.0
0,688400,JAMS,6573.0,153.0,0.0,0.0,0.0,0.0,6575,153,0.0,0.0,0.0,0.0,6574.0,0.0
0,688500,JAMS,6573.0,76.0,6572.0,172.0,0.0,0.0,6574,76,6575.0,172.0,0.0,0.0,6573.5,0.0
0,688600,JAMS,6573.0,220.0,0.0,0.0,0.0,0.0,6575,220,0.0,0.0,0.0,0.0,6574.0,0.0
0,688700,JAMS,6573.0,171.0,0.0,0.0,0.0,0.0,6575,171,0.0,0.0,0.0,0.0,6574.0,0.0
0,688800,JAMS,6573.0,267.0,0.0,0.0,0.0,0.0,6575,271,0.0,0.0,0.0,0.0,6574.0,0.0
0,688900,JAMS,6573.0,100.0,6572.0,193.0,0.0,0.0,6574,100,6575.0,193.0,0.0,0.0,6573.5,0.0
0,689000,JAMS,6572.0,72.0,6571.0,107.0,0.0,0.0,6573,72,6574.0,107.0,0.0,0.0,6572.5,0.0
0,689100,JAMS,6572.0,206.0,0.0,0.0,0.0,0.0,6574,206,0.0,0.0,0.0,0.0,6573.0,0.0
0,689200,JAMS,6572.0,70.0,6571.0,147.0,0.0,0.0,6573,70,6574.0,147.0,0.0,0.0,6572.5,0.0
0,689300,JAMS,6572.0,223.0,0.0,0.0,0.0,0.0,6574,223,0.0,0.0,0.0,0.0,6573.0,0.0
0,689400,JAMS,6572.0,287.0,0.0,0.0,0.0,0.0,6574,287,0.0,0.0,0.0,0.0,6573.0,0.0
0,689500,JAMS,6574.0,236.0,0.0,0.0,0.0,0.0,6576,236,0.0,0.0,0.0,0.0,6575.0,0.0
0,689600,JAMS,6575.0,63.0,6574.0,147.0,0.0,0.0,6576,63,6577.0,147.0,0.0,0.0,6575.5,0.0
0,689700,JAMS,6574.0,192.0,0.0,0.0,0.0,0.0,6576,192,0.0,0.0,0.0,0.0,6575.0,0.0
0,689800,JAMS,6574.0,10.0,6573.0,218.0,0.0,0.0,6575,218,0.0,0.0,0.0,0.0,6574.5,0.0
0,689900,JAMS,6574.0,283.0,0.0,0.0,0.0,0.0,6576,283,0.0,0.0,0.0,0.0,6575.0,0.0
0,690000,JAMS,6574.0,52.0,6573.0,105.0,0.0,0.0,6575,52,6576.0,105.0,0.0,0.0,6574.5,0.0
0,690100,JAMS,6573.0,259.0,0.0,0.0,0.0,0.0,6575,259,0.0,0.0,0.0,0.0,6574.0,0.0
0,690200,JAMS,6573.0,261.0,0.0,0.0,0.0,0.0,6574,7,6575.0,261.0,0.0,0.0,6573.5,0.0
0,690300,JAMS,6573.0,226.0,0.0,0.0,0.0,0.0,6575,226,0.0,0.0,0.0,0.0,6574.0,0.0
0,690400,JAMS,6574.0,5.0,6573.0,197.0,0.0,0.0,6575,197,0.0,0.0,0.0,0.0,6574.5,0.0
0,690500,JAMS,6574.0,55.0,6573.0,136.0,0.0,0.0,6575,55,6576.0,136.0,0.0,0.0,6574.5,0.0
0,690600,JAMS,6573.0,260.0,0.0,0.0,0.0,0.0,6575,260,0.0,0.0,0.0,0.0,6574.0,0.0
0,690700,JAMS,6573.0,289.0,0.0,0.0,0.0,0.0,6575,289,0.0,0.0,0.0,0.0,6574.0,0.0
0,690800,JAMS,6573.0,159.0,0.0,0.0,0.0,0.0,6575,159,0.0,0.0,0.0,0.0,6574.0,0.0
0,690900,JAMS,6573.0,206.0,0.0,0.0,0.0,0.0,6575,206,0.0,0.0,0.0,0.0,6574.0,0.0
0,691000,JAMS,6574.0,259.0,0.0,0.0,0.0,0.0,6576,259,0.0,0.0,0.0,0.0,6575.0,0.0
0,691100,JAMS,6573.0,193.0,0.0,0.0,0.0,0.0,6575,193,0.0,0.0,0.0,0.0,6574.0,0.0
0,691200,JAMS,6574.0,77.0,6573.0,131.0,0.0,0.0,6575,77,6576.0,131.0,0.0,0.0,6574.5,0.0
0,691300,JAMS,6574.0,267.0,0.0,0.0,0.0,0.0,6576,267,0.0,0.0,0.0,0.0,6575.0,0.0
0,691400,JAMS,6574.0,99.0,6573.0,118.0,0.0,0.0,6575,99,6576.0,118.0,0.0,0.0,6574.5,0.0
0,691500,JAMS,6573.0,72.0,6572.0,145.0,0.0,0.0,6574,72,6575.0,145.0,0.0,0.0,6573.5,0.0
0,691600,JAMS,6571.0,253.0,0.0,0.0,0.0,0.0,6573,253,0.0,0.0,0.0,0.0,6572.0,0.0
0,691700,JAMS,6572.0,63.0,6571.0,200.0,0.0,0.0,6573,63,6574.0,200.0,0.0,0.0,6572.5,0.0
0,691800,JAMS,6573.0,92.0,6572.0,137.0,0.0,0.0,6574,92,6575.0,137.0,0.0,0.0,6573.5,0.0
0,691900,JAMS,6572.0,59.0,6571.0,156.0,0.0,0.0,6573,59,6574.0,156.0,0.0,0.0,6572.5,0.0
0,692000,JAMS,6571.0,248.0,0.0,0.0,0.0,0.0,6573,248,0.0,0.0,0.0,0.0,6572.0,0.0
0,692100,JAMS,6571.0,203.0,0.0,0.0,0.0,0.0,6573,203,0.0,0.0,0.0,0.0,6572.0,0.0
0,692200,JAMS,6571.0,192.0,0.0,0.0,0.0,0.0,6573,192,0.0,0.0,0.0,0.0,6572.0,0.0
0,692300,JAMS,6571.0,261.0,0.0,0.0,0.0,0.0,6573,261,0.0,0.0,0.0,0.0,6572.0,0.0
0,692400,JAMS,6571.0,240.0,0.0,0.0,0.0,0.0,6573,240,0.0,0.0,0.0,0.0,6572.0,0.0
0,692500,JAMS,6572.0,6.0,6571.0,231.0,0.0,0.0,6573,231,0.0,0.0,0.0,0.0,6572.5,0.0
0,692600,JAMS,6571.0,69.0,6570.0,119.0,0.0,0.0,6572,69,6573.0,119.0,0.0,0.0,6571.5,0.0
0,692700,JAMS,6571.0,215.0,0.0,0.0,0.0,0.0,6573,215,0.0,0.0,0.0,0.0,6572.0,0.0
0,692800,JAMS,6571.0,262.0,0.0,0.0,0.0,0.0,6573,262,0.0,0.0,0.0,0.0,6572.0,0.0
0,692900,JAMS,6571.0,250.0,0.0,0.0,0.0,0.0,6573,250,0.0,0.0,0.0,0.0,6572.0,0.0
0,693000,JAMS,6573.0,69.0,6572.0,142.0,0.0,0.0,6574,69,6575.0,142.0,0.0,0.0,6573.5,0.0
0,693100,JAMS,6573.0,77.0,6572.0,122.0,0.0,0.0,6574,77,6575.0,122.0,0.0,0.0,6573.5,0.0
0,693200,JAMS,6573.0,97.0,6572.0,161.0,0.0,0.0,6574,97,6575.0,161.0,0.0,0.0,6573.5,0.0
0,693300,JAMS,6572.0,228.0,0.0,0.0,0.0,0.0,6574,228,0.0,0.0,0.0,0.0,6573.0,0.0
0,693400,JAMS,6572.0,198.0,0.0,0.0,0.0,0.0,6574,202,0.0,0.0,0.0,0.0,6573.0,0.0
0,693500,JAMS,6572.0,80.0,6571.0,199.0,0.0,0.0,6573,80,6574.0,199.0,0.0,0.0,6572.5,0.0
0,693600,JAMS,6572.0,67.0,6571.0,128.0,0.0,0.0,6573,195,0.0,0.0,0.0,0.0,6572.5,0.0
0,693700,JAMS,6572.0,66.0,6571.0,198.0,0.0,0.0,6573,264,0.0,0.0,0.0,0.0,6572.5,0.0
0,693800,JAMS,6571.0,236.0,0.0,0.0,0.0,0.0,6573,236,0.0,0.0,0.0,0.0,6572.0,0.0
0,693900,JAMS,6572.0,8.0,6571.0,173.0,0.0,0.0,6573,173,0.0,0.0,0.0,0.0,6572.5,0.0
0,694000,JAMS,6571.0,53.0,6570.0,199.0,0.0,0.0,6572,53,6573.0,199.0,0.0,0.0,6571.5,0.0
0,694100,JAMS,6570.0,155.0,0.0,0.0,0.0,0.0,6572,155,0.0,0.0,0.0,0.0,6571.0,0.0
0,694200,JAMS,6570.0,252.0,0.0,0.0,0.0,0.0,6572,252,0.0,0.0,0.0,0.0,6571.0,0.0
0,694300,JAMS,6570.0,227.0,0.0,0.0,0.0,0.0,6572,227,0.0,0.0,0.0,0.0,6571.0,0.0
0,694400,JAMS,6570.0,277.0,0.0,0.0,0.0,0.0,6572,277,0.0,0.0,0.0,0.0,6571.0,0.0
0,694500,JAMS,6571.0,6.0,6570.0,233.0,0.0,0.0,6572,233,0.0,0.0,0.0,0.0,6571.5,0.0
0,694600,JAMS,6571.0,206.0,0.0,0.0,0.0,0.0,6573,206,0.0,0.0,0.0,0.0,6572.0,0.0
0,694700,JAMS,6571.0,53.0,6570.0,192.0,0.0,0.0,6572,53,6573.0,192.0,0.0,0.0,6571.5,0.0
0,694800,JAMS,6571.0,64.0,6570.0,130.0,0.0,0.0,6572,76,6573.0,130.0,0.0,0.0,6571.5,0.0
0,694900,JAMS,6570.0,230.0,0.0,0.0,0.0,0.0,6572,230,0.0,0.0,0.0,0.0,6571.0,0.0
0,695000,JAMS,6571.0,10.0,6570.0,184.0,0.0,0.0,6572,184,0.0,0.0,0.0,0.0,6571.5,0.0
0,695100,JAMS,6570.0,185.0,0.0,0.0,0.0,0.0,6572,185,0.0,0.0,0.0,0.0,6571.0,0.0
0,695200,JAMS,6570.0,287.0,0.0,0.0,0.0,0.0,6572,287,0.0,0.0,0.0,0.0,6571.0,0.0
0,695300,JAMS,6570.0,271.0,0.0,0.0,0.0,0.0,6572,271,0.0,0.0,0.0,0.0,6571.0,0.0
0,695400,JAMS,6570.0,200.0,0.0,0.0,0.0,0.0,6572,200,0.0,0.0,0.0,0.0,6571.0,0.0
0,695500,JAMS,6570.0,233.0,0.0,0.0,0.0,0.0,6572,233,0.0,0.0,0.0,0.0,6571.0,0.0
0,695600,JAMS,6570.0,166.0,0.0,0.0,0.0,0.0,6572,166,0.0,0.0,0.0,0.0,6571.0,0.0
0,695700,JAMS,6570.0,229.0,0.0,0.0,0.0,0.0,6572,229,0.0,0.0,0.0,0.0,6571.0,0.0
0,695800,JAMS,6571.0,68.0,6570.0,176.0,0.0,0.0,6572,58,6573.0,176.0,0.0,0.0,6571.5,0.0
0,695900,JAMS,6571.0,228.0,0.0,0.0,0.0,0.0,6573,228,0.0,0.0,0.0,0.0,6572.0,0.0
0,696000,JAMS,6571.0,255.0,0.0,0.0,0.0,0.0,6573,260,0.0,0.0,0.0,0.0,6572.0,0.0
0,696100,JAMS,6571.0,192.0,0.0,0.0,0.0,0.0,6573,192,0.0,0.0,0.0,0.0,6572.0,0.0
0,696200,JAMS,6571.0,58.0,6570.0,179.0,0.0,0.0,6572,58,6573.0,179.0,0.0,0.0,6571.5,0.0
0,696300,JAMS,6570.0,247.0,0.0,0.0,0.0,0.0,6572,247,0.0,0.0,0.0,0.0,6571.0,0.0
0,696400,JAMS,6570.0,244.0,0.0,0.0,0.0,0.0,6572,244,0.0,0.0,0.0,0.0,6571.0,0.0
0,696500,JAMS,6570.0,219.0,0.0,0.0,0.0,0.0,6572,219,0.0,0.0,0.0,0.0,6571.0,0.0
0,696600,JAMS,6570.0,93.0,6569.0,173.0,0.0,0.0,6571,93,6572.0,173.0,0.0,0.0,6570.5,0.0
0,696700,JAMS,6570.0,80.0,6569.0,100.0,0.0,0.0,6571,80,6572.0,100.0,0.0,0.0,6570.5,0.0
0,696800,JAMS,6569.0,230.0,0.0,0.0,0.0,0.0,6571,230,0.0,0.0,0.0,0.0,6570.0,0.0
0,696900,JAMS,6569.0,72.0,6568.0,136.0,0.0,0.0,6570,72,6571.0,136.0,0.0,0.0,6569.5,0.0
0,697000,JAMS,6568.0,271.0,0.0,0.0,0.0,0.0,6570,271,0.0,0.0,0.0,0.0,6569.0,0.0
0,697100,JAMS,6568.0,241.0,0.0,0.0,0.0,0.0,6569,10,6570.0,241.0,0.0,0.0,6568.5,0.0
0,697200,JAMS,6569.0,177.0,0.0,0.0,0.0,0.0,6571,177,0.0,0.0,0.0,0.0,6570.0,0.0
0,697300,JAMS,6570.0,93.0,6569.0,183.0,0.0,0.0,6571,93,6572.0,183.0,0.0,0.0,6570.5,0.0
0,697400,JAMS,6569.0,205.0,0.0,0.0,0.0,0.0,6571,205,0.0,0.0,0.0,0.0,6570.0,0.0
0,697500,JAMS,6569.0,91.0,6568.0,113.0,0.0,0.0,6570,91,6571.0,113.0,0.0,0.0,6569.5,0.0
0,697600,JAMS,6569.0,89.0,6568.0,120.0,0.0,0.0,6570,79,6571.0,120.0,0.0,0.0,6569.5,0.0
0,697700,JAMS,6569.0,89.0,6568.0,143.0,0.0,0.0,6570,232,0.0,0.0,0.0,0.0,6569.5,0.0
0,697800,JAMS,6568.0,226.0,0.0,0.0,0.0,0.0,6569,11,6570.0,226.0,0.0,0.0,6568.5,0.0
0,697900,JAMS,6568.0,282.0,0.0,0.0,0.0,0.0,6570,282,0.0,0.0,0.0,0.0,6569.0,0.0
0,698000,JAMS,6568.0,248.0,0.0,0.0,0.0,0.0,6570,248,0.0,0.0,0.0,0.0,6569.0,0.0
0,698100,JAMS,6568.0,69.0,6567.0,103.0,0.0,0.0,6569,69,6570.0,103.0,0.0,0.0,6568.5,0.0
0,698200,JAMS,6568.0,74.0,6567.0,150.0,0.0,0.0,6569,74,6570.0,150.0,0.0,0.0,6568.5,0.0
0,698300,JAMS,6567.0,227.0,0.0,0.0,0.0,0.0,6569,227,0.0,0.0,0.0,0.0,6568.0,0.0
0,698400,JAMS,6567.0,240.0,0.0,0.0,0.0,0.0,6568,9,6569.0,240.0,0.0,0.0,6567.5,0.0
0,698500,JAMS,6568.0,163.0,0.0,0.0,0.0,0.0,6570,163,0.0,0.0,0.0,0.0,6569.0,0.0
0,698600,JAMS,6568.0,185.0,0.0,0.0,0.0,0.0,6570,185,0.0,0.0,0.0,0.0,6569.0,0.0
0,698700,JAMS,6569.0,11.0,6568.0,204.0,0.0,0.0,6570,204,0.0,0.0,0.0,0.0,6569.5,0.0
0,698800,JAMS,6571.0,233.0,0.0,0.0,0.0,0.0,6573,233,0.0,0.0,0.0,0.0,6572.0,0.0
0,698900,JAMS,6572.0,66.0,6571.0,146.0,0.0,0.0,6573,66,6574.0,146.0,0.0,0.0,6572.5,0.0
0,699000,JAMS,6570.0,193.0,0.0,0.0,0.0,0.0,6572,193,0.0,0.0,0.0,0.0,6571.0,0.0
0,699100,JAMS,6570.0,61.0,6569.0,184.0,0.0,0.0,6571,61,6572.0,184.0,0.0,0.0,6570.5,0.0
0,699200,JAMS,6570.0,50.0,6569.0,122.0,0.0,0.0,6571,50,6572.0,122.0,0.0,0.0,6570.5,0.0
0,699300,JAMS,6569.0,255.0,0.0,0.0,0.0,0.0,6571,255,0.0,0.0,0.0,0.0,6570.0,0.0
0,699400,JAMS,6569.0,80.0,6568.0,118.0,0.0,0.0,6570,80,6571.0,118.0,0.0,0.0,6569.5,0.0
0,699500,JAMS,6569.0,248.0,0.0,0.0,0.0,0.0,6571,248,0.0,0.0,0.0,0.0,6570.0,0.0
0,699600,JAMS,6569.0,208.0,0.0,0.0,0.0,0.0,6571,205,0.0,0.0,0.0,0.0,6570.0,0.0
0,699700,JAMS,6569.0,242.0,0.0,0.0,0.0,0.0,6571,242,0.0,0.0,0.0,0.0,6570.0,0.0
0,699800,JAMS,6571.0,93.0,6570.0,150.0,0.0,0.0,6572,246,0.0,0.0,0.0,0.0,6571.5,0.0
0,699900,JAMS,6571.0,200.0,0.0,0.0,0.0,0.0,6573,200,0.0,0.0,0.0,0.0,6572.0,0.0
0,700000,JAMS,6572.0,227.0,0.0,0.0,0.0,0.0,6574,227,0.0,0.0,0.0,0.0,6573.0,0.0
0,700100,JAMS,6573.0,69.0,6572.0,126.0,0.0,0.0,6574,69,6575.0,126.0,0.0,0.0,6573.5,0.0
0,700200,JAMS,6574.0,252.0,0.0,0.0,0.0,0.0,6576,252,0.0,0.0,0.0,0.0,6575.0,0.0
0,700300,JAMS,6576.0,216.0,0.0,0.0,0.0,0.0,6578,216,0.0,0.0,0.0,0.0,6577.0,0.0
0,700400,JAMS,6575.0,246.0,0.0,0.0,0.0,0.0,6577,246,0.0,0.0,0.0,0.0,6576.0,0.0
0,700500,JAMS,6576.0,71.0,6575.0,195.0,0.0,0.0,6577,71,6578.0,195.0,0.0,0.0,6576.5,0.0
0,700600,JAMS,6574.0,233.0,0.0,0.0,0.0,0.0,6576,233,0.0,0.0,0.0,0.0,6575.0,0.0
0,700700,JAMS,6573.0,252.0,0.0,0.0,0.0,0.0,6575,252,0.0,0.0,0.0,0.0,6574.0,0.0
0,700800,JAMS,6573.0,177.0,0.0,0.0,0.0,0.0,6575,177,0.0,0.0,0.0,0.0,6574.0,0.0
0,700900,JAMS,6573.0,215.0,0.0,0.0,0.0,0.0,6575,215,0.0,0.0,0.0,0.0,6574.0,0.0
0,701000,JAMS,6572.0,216.0,0.0,0.0,0.0,0.0,6574,216,0.0,0.0,0.0,0.0,6573.0,0.0
0,701100,JAMS,6572.0,192.0,0.0,0.0,0.0,0.0,6574,192,0.0,0.0,0.0,0.0,6573.0,0.0
0,701200,JAMS,6571.0,185.0,0.0,0.0,0.0,0.0,6573,185,0.0,0.0,0.0,0.0,6572.0,0.0
0,701300,JAMS,6571.0,227.0,0.0,0.0,0.0,0.0,6573,227,0.0,0.0,0.0,0.0,6572.0,0.0
0,701400,JAMS,6570.0,229.0,0.0,0.0,0.0,0.0,6572,229,0.0,0.0,0.0,0.0,6571.0,0.0
0,701500,JAMS,6572.0,76.0,6571.0,155.0,0.0,0.0,6573,76,6574.0,155.0,0.0,0.0,6572.5,0.0
0,701600,JAMS,6572.0,215.0,0.0,0.0,0.0,0.0,6574,215,0.0,0.0,0.0,0.0,6573.0,0.0
0,701700,JAMS,6573.0,3.0,6572.0,197.0,0.0,0.0,6574,197,0.0,0.0,0.0,0.0,6573.5,0.0
0,701800,JAMS,6572.0,269.0,0.0,0.0,0.0,0.0,6574,269,0.0,0.0,0.0,0.0,6573.0,0.0
0,701900,JAMS,6572.0,224.0,0.0,0.0,0.0,0.0,6574,224,0.0,0.0,0.0,0.0,6573.0,0.0
0,702000,JAMS,6572.0,246.0,0.0,0.0,0.0,0.0,6574,246,0.0,0.0,0.0,0.0,6573.0,0.0
0,702100,JAMS,6572.0,164.0,0.0,0.0,0.0,0.0,6574,164,0.0,0.0,0.0,0.0,6573.0,0.0
0,702200,JAMS,6572.0,269.0,0.0,0.0,0.0,0.0,6574,269,0.0,0.0,0.0,0.0,6573.0,0.0
0,702300,JAMS,6571.0,211.0,0.0,0.0,0.0,0.0,6573,211,0.0,0.0,0.0,0.0,6572.0,0.0
0,702400,JAMS,6572.0,58.0,6571.0,135.0,0.0,0.0,6573,58,6574.0,135.0,0.0,0.0,6572.5,0.0
0,702500,JAMS,6571.0,257.0,0.0,0.0,0.0,0.0,6573,257,0.0,0.0,0.0,0.0,6572.0,0.0
0,702600,JAMS,6571.0,240.0,0.0,0.0,0.0,0.0,6573,235,0.0,0.0,0.0,0.0,6572.0,0.0
0,702700,JAMS,6570.0,231.0,0.0,0.0,0.0,0.0,6572,231,0.0,0.0,0.0,0.0,6571.0,0.0
0,702800,JAMS,6570.0,188.0,0.0,0.0,0.0,0.0,6572,191,0.0,0.0,0.0,0.0,6571.0,0.0
0,702900,JAMS,6570.0,188.0,0.0,0.0,0.0,0.0,6572,188,0.0,0.0,0.0,0.0,6571.0,0.0
0,703000,JAMS,6570.0,256.0,0.0,0.0,0.0,0.0,6572,265,0.0,0.0,0.0,0.0,6571.0,0.0
0,703100,JAMS,6570.0,58.0,6569.0,101.0,0.0,0.0,6571,58,6572.0,101.0,0.0,0.0,6570.5,0.0
0,703200,JAMS,6570.0,170.0,0.0,0.0,0.0,0.0,6572,170,0.0,0.0,0.0,0.0,6571.0,0.0
0,703300,JAMS,6570.0,219.0,0.0,0.0,0.0,0.0,6572,209,0.0,0.0,0.0,0.0,6571.0,0.0
0,703400,JAMS,6570.0,86.0,6569.0,190.0,0.0,0.0,6571,86,6572.0,190.0,0.0,0.0,6570.5,0.0
0,703500,JAMS,6570.0,255.0,0.0,0.0,0.0,0.0,6572,255,0.0,0.0,0.0,0.0,6571.0,0.0
0,703600,JAMS,6571.0,237.0,0.0,0.0,0.0,0.0,6573,237,0.0,0.0,0.0,0.0,6572.0,0.0
0,703700,JAMS,6571.0,213.0,0.0,0.0,0.0,0.0,6573,213,0.0,0.0,0.0,0.0,6572.0,0.0
0,703800,JAMS,6571.0,63.0,6570.0,123.0,0.0,0.0,6572,63,6573.0,123.0,0.0,0.0,6571.5,0.0
0,703900,JAMS,6571.0,91.0,6570.0,181.0,0.0,0.0,6572,91,6573.0,181.0,0.0,0.0,6571.5,0.0
0,704000,JAMS,6571.0,63.0,6570.0,194.0,0.0,0.0,6572,63,6573.0,194.0,0.0,0.0,6571.5,0.0
0,704100,JAMS,6571.0,94.0,6570.0,177.0,0.0,0.0,6572,94,6573.0,177.0,0.0,0.0,6571.5,0.0
0,704200,JAMS,6571.0,72.0,6570.0,144.0,0.0,0.0,6572,72,6573.0,144.0,0.0,0.0,6571.5,0.0
0,704300,JAMS,6570.0,256.0,0.0,0.0,0.0,0.0,6572,256,0.0,0.0,0.0,0.0,6571.0,0.0
0,704400,JAMS,6570.0,73.0,6569.0,123.0,0.0,0.0,6571,69,6572.0,123.0,0.0,0.0,6570.5,0.0
0,704500,JAMS,6571.0,207.0,0.0,0.0,0.0,0.0,6573,207,0.0,0.0,0.0,0.0,6572.0,0.0
0,704600,JAMS,6571.0,211.0,0.0,0.0,0.0,0.0,6573,211,0.0,0.0,0.0,0.0,6572.0,0.0
0,704700,JAMS,6570.0,84.0,6569.0,178.0,0.0,0.0,6571,84,6572.0,178.0,0.0,0.0,6570.5,0.0
0,704800,JAMS,6569.0,206.0,0.0,0.0,0.0,0.0,6571,206,0.0,0.0,0.0,0.0,6570.0,0.0
0,704900,JAMS,6570.0,83.0,6569.0,185.0,0.0,0.0,6571,83,6572.0,185.0,0.0,0.0,6570.5,0.0
0,705000,JAMS,6569.0,232.0,0.0,0.0,0.0,0.0,6571,232,0.0,0.0,0.0,0.0,6570.0,0.0
0,705100,JAMS,6570.0,219.0,0.0,0.0,0.0,0.0,6572,219,0.0,0.0,0.0,0.0,6571.0,0.0
0,705200,JAMS,6570.0,260.0,0.0,0.0,0.0,0.0,6572,260,0.0,0.0,0.0,0.0,6571.0,0.0
0,705300,JAMS,6570.0,250.0,0.0,0.0,0.0,0.0,6572,250,0.0,0.0,0.0,0.0,6571.0,0.0
0,705400,JAMS,6570.0,284.0,0.0,0.0,0.0,0.0,6572,284,0.0,0.0,0.0,0.0,6571.0,0.0
0,705500,JAMS,6570.0,190.0,0.0,0.0,0.0,0.0,6572,190,0.0,0.0,0.0,0.0,6571.0,0.0
0,705600,JAMS,6570.0,240.0,0.0,0.0,0.0,0.0,6572,240,0.0,0.0,0.0,0.0,6571.0,0.0
0,705700,JAMS,6570.0,282.0,0.0,0.0,0.0,0.0,6572,282,0.0,0.0,0.0,0.0,6571.0,0.0
0,705800,JAMS,6570.0,215.0,0.0,0.0,0.0,0.0,6572,215,0.0,0.0,0.0,0.0,6571.0,0.0
0,705900,JAMS,6570.0,251.0,0.0,0.0,0.0,0.0,6572,251,0.0,0.0,0.0,0.0,6571.0,0.0
0,706000,JAMS,6570.0,271.0,0.0,0.0,0.0,0.0,6572,271,0.0,0.0,0.0,0.0,6571.0,0.0
0,706100,JAMS,6570.0,228.0,0.0,0.0,0.0,0.0,6572,228,0.0,0.0,0.0,0.0,6571.0,0.0
0,706200,JAMS,6570.0,54.0,6569.0,175.0,0.0,0.0,6571,54,6572.0,175.0,0.0,0.0,6570.5,0.0
0,706300,JAMS,6570.0,58.0,6569.0,176.0,0.0,0.0,6571,63,6572.0,176.0,0.0,0.0,6570.5,0.0
0,706400,JAMS,6570.0,55.0,6569.0,164.0,0.0,0.0,6571,64,6572.0,164.0,0.0,0.0,6570.5,0.0
0,706500,JAMS,6570.0,70.0,6569.0,118.0,0.0,0.0,6571,70,6572.0,118.0,0.0,0.0,6570.5,0.0
0,706600,JAMS,6570.0,50.0,6569.0,129.0,0.0,0.0,6571,59,6572.0,129.0,0.0,0.0,6570.5,0.0
0,706700,JAMS,6570.0,192.0,0.0,0.0,0.0,0.0,6572,192,0.0,0.0,0.0,0.0,6571.0,0.0
0,706800,JAMS,6570.0,215.0,0.0,0.0,0.0,0.0,6572,215,0.0,0.0,0.0,0.0,6571.0,0.0
0,706900,JAMS,6570.0,50.0,6569.0,137.0,0.0,0.0,6571,50,6572.0,137.0,0.0,0.0,6570.5,0.0
0,707000,JAMS,6569.0,219.0,0.0,0.0,0.0,0.0,6571,219,0.0,0.0,0.0,0.0,6570.0,0.0
0,707100,JAMS,6569.0,185.0,0.0,0.0,0.0,0.0,6571,185,0.0,0.0,0.0,0.0,6570.0,0.0
0,707200,JAMS,6569.0,235.0,0.0,0.0,0.0,0.0,6571,226,0.0,0.0,0.0,0.0,6570.0,0.0
0,707300,JAMS,6569.0,231.0,0.0,0.0,0.0,0.0,6571,231,0.0,0.0,0.0,0.0,6570.0,0.0
0,707400,JAMS,6569.0,46.0,6568.0,127.0,0.0,0.0,6570,55,6571.0,127.0,0.0,0.0,6569.5,0.0
0,707500,JAMS,6568.0,204.0,0.0,0.0,0.0,0.0,6570,204,0.0,0.0,0.0,0.0,6569.0,0.0
0,707600,JAMS,6568.0,228.0,0.0,0.0,0.0,0.0,6570,228,0.0,0.0,0.0,0.0,6569.0,0.0
0,707700,JAMS,6568.0,270.0,0.0,0.0,0.0,0.0,6570,270,0.0,0.0,0.0,0.0,6569.0,0.0
0,707800,JAMS,6568.0,190.0,0.0,0.0,0.0,0.0,6570,190,0.0,0.0,0.0,0.0,6569.0,0.0
0,707900,JAMS,6568.0,182.0,0.0,0.0,0.0,0.0,6570,182,0.0,0.0,0.0,0.0,6569.0,0.0
0,708000,JAMS,6568.0,210.0,0.0,0.0,0.0,0.0,6570,218,0.0,0.0,0.0,0.0,6569.0,0.0
0,708100,JAMS,6569.0,62.0,6568.0,103.0,0.0,0.0,6570,62,6571.0,103.0,0.0,0.0,6569.5,0.0
0,708200,JAMS,6568.0,241.0,0.0,0.0,0.0,0.0,6570,241,0.0,0.0,0.0,0.0,6569.0,0.0
0,708300,JAMS,6568.0,235.0,0.0,0.0,0.0,0.0,6570,235,0.0,0.0,0.0,0.0,6569.0,0.0
0,708400,JAMS,6567.0,201.0,0.0,0.0,0.0,0.0,6569,201,0.0,0.0,0.0,0.0,6568.0,0.0
0,708500,JAMS,6567.0,259.0,0.0,0.0,0.0,0.0,6569,259,0.0,0.0,0.0,0.0,6568.0,0.0
0,708600,JAMS,6567.0,234.0,0.0,0.0,0.0,0.0,6569,234,0.0,0.0,0.0,0.0,6568.0,0.0
0,708700,JAMS,6567.0,247.0,0.0,0.0,0.0,0.0,6569,247,0.0,0.0,0.0,0.0,6568.0,0.0
0,708800,JAMS,6567.0,282.0,0.0,0.0,0.0,0.0,6569,282,0.0,0.0,0.0,0.0,6568.0,0.0
0,708900,JAMS,6567.0,157.0,0.0,0.0,0.0,0.0,6569,157,0.0,0.0,0.0,0.0,6568.0,0.0
0,709000,JAMS,6568.0,93.0,6567.0,160.0,0.0,0.0,6569,93,6570.0,160.0,0.0,0.0,6568.5,0.0
0,709100,JAMS,6568.0,66.0,6567.0,180.0,0.0,0.0,6569,66,6570.0,180.0,0.0,0.0,6568.5,0.0
0,709200,JAMS,6568.0,262.0,0.0,0.0,0.0,0.0,6570,262,0.0,0.0,0.0,0.0,6569.0,0.0
0,709300,JAMS,6569.0,52.0,6568.0,119.0,0.0,0.0,6570,52,6571.0,119.0,0.0,0.0,6569.5,0.0
0,709400,JAMS,6570.0,98.0,6569.0,155.0,0.0,0.0,6571,253,0.0,0.0,0.0,0.0,6570.5,0.0
0,709500,JAMS,6570.0,6.0,6569.0,204.0,0.0,0.0,6571,204,0.0,0.0,0.0,0.0,6570.5,0.0
0,709600,JAMS,6570.0,50.0,6569.0,112.0,0.0,0.0,6571,50,6572.0,112.0,0.0,0.0,6570.5,0.0
0,709700,JAMS,6570.0,61.0,6569.0,182.0,0.0,0.0,6571,243,0.0,0.0,0.0,0.0,6570.5,0.0
0,709800,JAMS,6569.0,276.0,0.0,0.0,0.0,0.0,6571,276,0.0,0.0,0.0,0.0,6570.0,0.0
0,709900,JAMS,6570.0,205.0,0.0,0.0,0.0,0.0,6572,205,0.0,0.0,0.0,0.0,6571.0,0.0
0,710000,JAMS,6570.0,195.0,0.0,0.0,0.0,0.0,6572,195,0.0,0.0,0.0,0.0,6571.0,0.0
0,710100,JAMS,6570.0,185.0,0.0,0.0,0.0,0.0,6572,185,0.0,0.0,0.0,0.0,6571.0,0.0
0,710200,JAMS,6570.0,223.0,0.0,0.0,0.0,0.0,6572,223,0.0,0.0,0.0,0.0,6571.0,0.0
0,710300,JAMS,6570.0,195.0,0.0,0.0,0.0,0.0,6572,195,0.0,0.0,0.0,0.0,6571.0,0.0
0,710400,JAMS,6571.0,80.0,6570.0,184.0,0.0,0.0,6572,80,6573.0,184.0,0.0,0.0,6571.5,0.0
0,710500,JAMS,6570.0,209.0,0.0,0.0,0.0,0.0,6572,209,0.0,0.0,0.0,0.0,6571.0,0.0
0,710600,JAMS,6570.0,215.0,0.0,0.0,0.0,0.0,6572,215,0.0,0.0,0.0,0.0,6571.0,0.0
0,710700,JAMS,6570.0,161.0,0.0,0.0,0.0,0.0,6572,161,0.0,0.0,0.0,0.0,6571.0,0.0
0,710800,JAMS,6570.0,259.0,0.0,0.0,0.0,0.0,6572,259,0.0,0.0,0.0,0.0,6571.0,0.0
0,710900,JAMS,6570.0,194.0,0.0,0.0,0.0,0.0,6572,194,0.0,0.0,0.0,0.0,6571.0,0.0
0,711000,JAMS,6570.0,210.0,0.0,0.0,0.0,0.0,6572,210,0.0,0.0,0.0,0.0,6571.0,0.0
0,711100,JAMS,6570.0,267.0,0.0,0.0,0.0,0.0,6572,267,0.0,0.0,0.0,0.0,6571.0,0.0
0,711200,JAMS,6571.0,252.0,0.0,0.0,0.0,0.0,6573,252,0.0,0.0,0.0,0.0,6572.0,0.0
0,711300,JAMS,6571.0,212.0,0.0,0.0,0.0,0.0,6573,212,0.0,0.0,0.0,0.0,6572.0,0.0
0,711400,JAMS,6571.0,202.0,0.0,0.0,0.0,0.0,6573,202,0.0,0.0,0.0,0.0,6572.0,0.0
0,711500,JAMS,6571.0,192.0,0.0,0.0,0.0,0.0,6573,192,0.0,0.0,0.0,0.0,6572.0,0.0
0,711600,JAMS,6571.0,275.0,0.0,0.0,0.0,0.0,6573,275,0.0,0.0,0.0,0.0,6572.0,0.0
0,711700,JAMS,6571.0,242.0,0.0,0.0,0.0,0.0,6573,242,0.0,0.0,0.0,0.0,6572.0,0.0
0,711800,JAMS,6571.0,266.0,0.0,0.0,0.0,0.0,6573,266,0.0,0.0,0.0,0.0,6572.0,0.0
0,711900,JAMS,6571.0,268.0,0.0,0.0,0.0,0.0,6573,276,0.0,0.0,0.0,0.0,6572.0,0.0
0,712000,JAMS,6571.0,53.0,6570.0,165.0,0.0,0.0,6572,53,6573.0,165.0,0.0,0.0,6571.5,0.0
0,712100,JAMS,6571.0,214.0,0.0,0.0,0.0,0.0,6573,214,0.0,0.0,0.0,0.0,6572.0,0.0
0,712200,JAMS,6570.0,227.0,0.0,0.0,0.0,0.0,6572,227,0.0,0.0,0.0,0.0,6571.0,0.0
0,712300,JAMS,6570.0,63.0,6569.0,159.0,0.0,0.0,6571,63,6572.0,159.0,0.0,0.0,6570.5,0.0
0,712400,JAMS,6570.0,271.0,0.0,0.0,0.0,0.0,6572,271,0.0,0.0,0.0,0.0,6571.0,0.0
0,712500,JAMS,6570.0,190.0,0.0,0.0,0.0,0.0,6572,190,0.0,0.0,0.0,0.0,6571.0,0.0
0,712600,JAMS,6570.0,189.0,0.0,0.0,0.0,0.0,6572,189,0.0,0.0,0.0,0.0,6571.0,0.0
0,712700,JAMS,6571.0,181.0,0.0,0.0,0.0,0.0,6573,181,0.0,0.0,0.0,0.0,6572.0,0.0
0,712800,JAMS,6570.0,197.0,0.0,0.0,0.0,0.0,6571,63,6572.0,134.0,0.0,0.0,6570.5,0.0
0,712900,JAMS,6569.0,198.0,0.0,0.0,0.0,0.0,6571,198,0.0,0.0,0.0,0.0,6570.0,0.0
0,713000,JAMS,6569.0,263.0,0.0,0.0,0.0,0.0,6571,263,0.0,0.0,0.0,0.0,6570.0,0.0
0,713100,JAMS,6570.0,12.0,6569.0,239.0,0.0,0.0,6571,239,0.0,0.0,0.0,0.0,6570.5,0.0
0,713200,JAMS,6569.0,190.0,0.0,0.0,0.0,0.0,6571,190,0.0,0.0,0.0,0.0,6570.0,0.0
0,713300,JAMS,6569.0,257.0,0.0,0.0,0.0,0.0,6571,257,0.0,0.0,0.0,0.0,6570.0,0.0
0,713400,JAMS,6569.0,217.0,0.0,0.0,0.0,0.0,6571,217,0.0,0.0,0.0,0.0,6570.0,0.0
0,713500,JAMS,6569.0,249.0,0.0,0.0,0.0,0.0,6571,249,0.0,0.0,0.0,0.0,6570.0,0.0
0,713600,JAMS,6569.0,208.0,0.0,0.0,0.0,0.0,6571,208,0.0,0.0,0.0,0.0,6570.0,0.0
0,713700,JAMS,6568.0,229.0,0.0,0.0,0.0,0.0,6570,229,0.0,0.0,0.0,0.0,6569.0,0.0
0,713800,JAMS,6569.0,216.0,0.0,0.0,0.0,0.0,6571,216,0.0,0.0,0.0,0.0,6570.0,0.0
0,713900,JAMS,6570.0,286.0,0.0,0.0,0.0,0.0,6572,286,0.0,0.0,0.0,0.0,6571.0,0.0
0,714000,JAMS,6571.0,52.0,6570.0,135.0,0.0,0.0,6572,52,6573.0,135.0,0.0,0.0,6571.5,0.0
0,714100,JAMS,6571.0,277.0,0.0,0.0,0.0,0.0,6573,271,0.0,0.0,0.0,0.0,6572.0,0.0
0,714200,JAMS,6572.0,255.0,0.0,0.0,0.0,0.0,6574,255,0.0,0.0,0.0,0.0,6573.0,0.0
0,714300,JAMS,6572.0,93.0,6571.0,138.0,0.0,0.0,6573,93,6574.0,138.0,0.0,0.0,6572.5,0.0
0,714400,JAMS,6572.0,57.0,6571.0,170.0,0.0,0.0,6573,57,6574.0,170.0,0.0,0.0,6572.5,0.0
0,714500,JAMS,6571.0,257.0,0.0,0.0,0.0,0.0,6573,257,0.0,0.0,0.0,0.0,6572.0,0.0
0,714600,JAMS,6572.0,57.0,6571.0,194.0,0.0,0.0,6573,251,0.0,0.0,0.0,0.0,6572.5,0.0
0,714700,JAMS,6572.0,74.0,6571.0,179.0,0.0,0.0,6573,74,6574.0,179.0,0.0,0.0,6572.5,0.0
0,714800,JAMS,6572.0,277.0,0.0,0.0,0.0,0.0,6574,265,0.0,0.0,0.0,0.0,6573.0,0.0
0,714900,JAMS,6572.0,223.0,0.0,0.0,0.0,0.0,6574,223,0.0,0.0,0.0,0.0,6573.0,0.0
0,715000,JAMS,6572.0,254.0,0.0,0.0,0.0,0.0,6574,254,0.0,0.0,0.0,0.0,6573.0,0.0
0,715100,JAMS,6573.0,75.0,6572.0,188.0,0.0,0.0,6574,75,6575.0,188.0,0.0,0.0,6573.5,0.0
0,715200,JAMS,6573.0,59.0,6572.0,111.0,0.0,0.0,6574,59,6575.0,111.0,0.0,0.0,6573.5,0.0
0,715300,JAMS,6573.0,262.0,0.0,0.0,0.0,0.0,6575,262,0.0,0.0,0.0,0.0,6574.0,0.0
0,715400,JAMS,6573.0,267.0,0.0,0.0,0.0,0.0,6575,267,0.0,0.0,0.0,0.0,6574.0,0.0
0,715500,JAMS,6574.0,100.0,6573.0,116.0,0.0,0.0,6575,100,6576.0,116.0,0.0,0.0,6574.5,0.0
0,715600,JAMS,6572.0,176.0,0.0,0.0,0.0,0.0,6574,176,0.0,0.0,0.0,0.0,6573.0,0.0
0,715700,JAMS,6572.0,260.0,0.0,0.0,0.0,0.0,6574,260,0.0,0.0,0.0,0.0,6573.0,0.0
0,715800,JAMS,6573.0,203.0,0.0,0.0,0.0,0.0,6575,203,0.0,0.0,0.0,0.0,6574.0,0.0
0,715900,JAMS,6572.0,225.0,0.0,0.0,0.0,0.0,6574,225,0.0,0.0,0.0,0.0,6573.0,0.0
0,716000,JAMS,6573.0,63.0,6572.0,123.0,0.0,0.0,6574,63,6575.0,123.0,0.0,0.0,6573.5,0.0
0,716100,JAMS,6573.0,62.0,6572.0,133.0,0.0,0.0,6574,62,6575.0,133.0,0.0,0.0,6573.5,0.0
0,716200,JAMS,6573.0,83.0,6572.0,118.0,0.0,0.0,6574,83,6575.0,118.0,0.0,0.0,6573.5,0.0
0,716300,JAMS,6573.0,84.0,6572.0,147.0,0.0,0.0,6574,84,6575.0,147.0,0.0,0.0,6573.5,0.0
0,716400,JAMS,6573.0,11.0,6572.0,273.0,0.0,0.0,6574,273,0.0,0.0,0.0,0.0,6573.5,0.0
0,716500,JAMS,6572.0,77.0,6571.0,130.0,0.0,0.0,6573,77,6574.0,130.0,0.0,0.0,6572.5,0.0
0,716600,JAMS,6571.0,221.0,0.0,0.0,0.0,0.0,6573,221,0.0,0.0,0.0,0.0,6572.0,0.0
0,716700,JAMS,6570.0,229.0,0.0,0.0,0.0,0.0,6572,229,0.0,0.0,0.0,0.0,6571.0,0.0
0,716800,JAMS,6570.0,250.0,0.0,0.0,0.0,0.0,6572,250,0.0,0.0,0.0,0.0,6571.0,0.0
0,716900,JAMS,6568.0,230.0,0.0,0.0,0.0,0.0,6570,230,0.0,0.0,0.0,0.0,6569.0,0.0
0,717000,JAMS,6568.0,250.0,0.0,0.0,0.0,0.0,6570,250,0.0,0.0,0.0,0.0,6569.0,0.0
0,717100,JAMS,6569.0,82.0,6568.0,102.0,0.0,0.0,6570,82,6571.0,102.0,0.0,0.0,6569.5,0.0
0,717200,JAMS,6569.0,241.0,0.0,0.0,0.0,0.0,6571,241,0.0,0.0,0.0,0.0,6570.0,0.0
0,717300,JAMS,6569.0,274.0,0.0,0.0,0.0,0.0,6571,274,0.0,0.0,0.0,0.0,6570.0,0.0
0,717400,JAMS,6569.0,236.0,0.0,0.0,0.0,0.0,6571,236,0.0,0.0,0.0,0.0,6570.0,0.0
0,717500,JAMS,6569.0,235.0,0.0,0.0,0.0,0.0,6571,235,0.0,0.0,0.0,0.0,6570.0,0.0
0,717600,JAMS,6569.0,57.0,6568.0,183.0,0.0,0.0,6570,51,6571.0,183.0,0.0,0.0,6569.5,0.0
0,717700,JAMS,6570.0,53.0,6569.0,100.0,0.0,0.0,6571,53,6572.0,100.0,0.0,0.0,6570.5,0.0
0,717800,JAMS,6569.0,177.0,0.0,0.0,0.0,0.0,6571,177,0.0,0.0,0.0,0.0,6570.0,0.0
0,717900,JAMS,6570.0,67.0,6569.0,171.0,0.0,0.0,6571,67,6572.0,171.0,0.0,0.0,6570.5,0.0
0,718000,JAMS,6569.0,279.0,0.0,0.0,0.0,0.0,6571,279,0.0,0.0,0.0,0.0,6570.0,0.0
0,718100,JAMS,6570.0,63.0,6569.0,142.0,0.0,0.0,6571,63,6572.0,142.0,0.0,0.0,6570.5,0.0
0,718200,JAMS,6570.0,53.0,6569.0,147.0,0.0,0.0,6571,53,6572.0,147.0,0.0,0.0,6570.5,0.0
0,718300,JAMS,6570.0,59.0,6569.0,192.0,0.0,0.0,6571,59,6572.0,192.0,0.0,0.0,6570.5,0.0
0,718400,JAMS,6571.0,63.0,6570.0,162.0,0.0,0.0,6572,63,6573.0,162.0,0.0,0.0,6571.5,0.0
0,718500,JAMS,6571.0,78.0,6570.0,163.0,0.0,0.0,6572,78,6573.0,163.0,0.0,0.0,6571.5,0.0
0,718600,JAMS,6570.0,270.0,0.0,0.0,0.0,0.0,6572,270,0.0,0.0,0.0,0.0,6571.0,0.0
0,718700,JAMS,6571.0,83.0,6570.0,195.0,0.0,0.0,6572,83,6573.0,195.0,0.0,0.0,6571.5,0.0
0,718800,JAMS,6572.0,250.0,0.0,0.0,0.0,0.0,6574,250,0.0,0.0,0.0,0.0,6573.0,0.0
0,718900,JAMS,6572.0,64.0,6571.0,158.0,0.0,0.0,6573,64,6574.0,158.0,0.0,0.0,6572.5,0.0
0,719000,JAMS,6571.0,206.0,0.0,0.0,0.0,0.0,6573,206,0.0,0.0,0.0,0.0,6572.0,0.0
0,719100,JAMS,6571.0,237.0,0.0,0.0,0.0,0.0,6573,237,0.0,0.0,0.0,0.0,6572.0,0.0
0,719200,JAMS,6571.0,263.0,0.0,0.0,0.0,0.0,6573,263,0.0,0.0,0.0,0.0,6572.0,0.0
0,719300,JAMS,6572.0,90.0,6571.0,114.0,0.0,0.0,6573,83,6574.0,114.0,0.0,0.0,6572.5,0.0
0,719400,JAMS,6572.0,178.0,0.0,0.0,0.0,0.0,6574,178,0.0,0.0,0.0,0.0,6573.0,0.0
0,719500,JAMS,6572.0,72.0,6571.0,170.0,0.0,0.0,6573,72,6574.0,170.0,0.0,0.0,6572.5,0.0
0,719600,JAMS,6572.0,209.0,0.0,0.0,0.0,0.0,6574,209,0.0,0.0,0.0,0.0,6573.0,0.0
0,719700,JAMS,6571.0,180.0,0.0,0.0,0.0,0.0,6572,11,6573.0,180.0,0.0,0.0,6571.5,0.0
0,719800,JAMS,6571.0,185.0,0.0,0.0,0.0,0.0,6573,185,0.0,0.0,0.0,0.0,6572.0,0.0
0,719900,JAMS,6572.0,8.0,6571.0,249.0,0.0,0.0,6573,249,0.0,0.0,0.0,0.0,6572.5,0.0
0,720000,JAMS,6571.0,221.0,0.0,0.0,0.0,0.0,6573,221,0.0,0.0,0.0,0.0,6572.0,0.0
0,720100,JAMS,6571.0,243.0,0.0,0.0,0.0,0.0,6573,243,0.0,0.0,0.0,0.0,6572.0,0.0
0,720200,JAMS,6570.0,240.0,0.0,0.0,0.0,0.0,6572,240,0.0,0.0,0.0,0.0,6571.0,0.0
0,720300,JAMS,6570.0,291.0,0.0,0.0,0.0,0.0,6572,291,0.0,0.0,0.0,0.0,6571.0,0.0
0,720400,JAMS,6571.0,57.0,6570.0,172.0,0.0,0.0,6572,57,6573.0,172.0,0.0,0.0,6571.5,0.0
0,720500,JAMS,6571.0,90.0,6570.0,105.0,0.0,0.0,6572,90,6573.0,105.0,0.0,0.0,6571.5,0.0
0,720600,JAMS,6571.0,76.0,6570.0,107.0,0.0,0.0,6572,76,6573.0,107.0,0.0,0.0,6571.5,0.0
0,720700,JAMS,6571.0,173.0,0.0,0.0,0.0,0.0,6573,173,0.0,0.0,0.0,0.0,6572.0,0.0
0,720800,JAMS,6571.0,66.0,6570.0,142.0,0.0,0.0,6572,66,6573.0,142.0,0.0,0.0,6571.5,0.0
0,720900,JAMS,6571.0,50.0,6570.0,173.0,0.0,0.0,6572,50,6573.0,173.0,0.0,0.0,6571.5,0.0
0,721000,JAMS,6571.0,85.0,6570.0,147.0,0.0,0.0,6572,85,6573.0,147.0,0.0,0.0,6571.5,0.0
0,721100,JAMS,6571.0,63.0,6570.0,165.0,0.0,0.0,6572,63,6573.0,165.0,0.0,0.0,6571.5,0.0
0,721200,JAMS,6570.0,213.0,0.0,0.0,0.0,0.0,6572,213,0.0,0.0,0.0,0.0,6571.0,0.0
0,721300,JAMS,6570.0,273.0,0.0,0.0,0.0,0.0,6572,273,0.0,0.0,0.0,0.0,6571.0,0.0
0,721400,JAMS,6571.0,252.0,0.0,0.0,0.0,0.0,6573,252,0.0,0.0,0.0,0.0,6572.0,0.0
0,721500,JAMS,6571.0,73.0,6570.0,100.0,0.0,0.0,6572,73,6573.0,100.0,0.0,0.0,6571.5,0.0
0,721600,JAMS,6571.0,239.0,0.0,0.0,0.0,0.0,6573,239,0.0,0.0,0.0,0.0,6572.0,0.0
0,721700,JAMS,6571.0,74.0,6570.0,177.0,0.0,0.0,6572,74,6573.0,177.0,0.0,0.0,6571.5,0.0
0,721800,JAMS,6569.0,62.0,6568.0,132.0,0.0,0.0,6570,62,6571.0,132.0,0.0,0.0,6569.5,0.0
0,721900,JAMS,6568.0,217.0,0.0,0.0,0.0,0.0,6570,217,0.0,0.0,0.0,0.0,6569.0,0.0
0,722000,JAMS,6567.0,193.0,0.0,0.0,0.0,0.0,6569,193,0.0,0.0,0.0,0.0,6568.0,0.0
0,722100,JAMS,6567.0,231.0,0.0,0.0,0.0,0.0,6569,231,0.0,0.0,0.0,0.0,6568.0,0.0
0,722200,JAMS,6567.0,249.0,0.0,0.0,0.0,0.0,6569,249,0.0,0.0,0.0,0.0,6568.0,0.0
0,722300,JAMS,6567.0,79.0,6566.0,128.0,0.0,0.0,6568,88,6569.0,128.0,0.0,0.0,6567.5,0.0
0,722400,JAMS,6566.0,179.0,0.0,0.0,0.0,0.0,6568,179,0.0,0.0,0.0,0.0,6567.0,0.0
0,722500,JAMS,6566.0,221.0,0.0,0.0,0.0,0.0,6568,221,0.0,0.0,0.0,0.0,6567.0,0.0
0,722600,JAMS,6566.0,276.0,0.0,0.0,0.0,0.0,6568,276,0.0,0.0,0.0,0.0,6567.0,0.0
0,722700,JAMS,6566.0,198.0,0.0,0.0,0.0,0.0,6568,198,0.0,0.0,0.0,0.0,6567.0,0.0
0,722800,JAMS,6566.0,172.0,0.0,0.0,0.0,0.0,6568,172,0.0,0.0,0.0,0.0,6567.0,0.0
0,722900,JAMS,6566.0,71.0,6565.0,148.0,0.0,0.0,6567,71,6568.0,148.0,0.0,0.0,6566.5,0.0
0,723000,JAMS,6566.0,247.0,0.0,0.0,0.0,0.0,6568,247,0.0,0.0,0.0,0.0,6567.0,0.0
0,723100,JAMS,6566.0,241.0,0.0,0.0,0.0,0.0,6568,241,0.0,0.0,0.0,0.0,6567.0,0.0
0,723200,JAMS,6566.0,65.0,6565.0,197.0,0.0,0.0,6567,74,6568.0,197.0,0.0,0.0,6566.5,0.0
0,723300,JAMS,6565.0,256.0,0.0,0.0,0.0,0.0,6567,256,0.0,0.0,0.0,0.0,6566.0,0.0
0,723400,JAMS,6565.0,264.0,0.0,0.0,0.0,0.0,6567,264,0.0,0.0,0.0,0.0,6566.0,0.0
0,723500,JAMS,6565.0,191.0,0.0,0.0,0.0,0.0,6567,191,0.0,0.0,0.0,0.0,6566.0,0.0
0,723600,JAMS,6566.0,51.0,6565.0,120.0,0.0,0.0,6567,51,6568.0,120.0,0.0,0.0,6566.5,0.0
0,723700,JAMS,6566.0,94.0,6565.0,111.0,0.0,0.0,6567,94,6568.0,111.0,0.0,0.0,6566.5,0.0
0,723800,JAMS,6566.0,83.0,6565.0,182.0,0.0,0.0,6567,83,6568.0,182.0,0.0,0.0,6566.5,0.0
0,723900,JAMS,6566.0,89.0,6565.0,148.0,0.0,0.0,6567,89,6568.0,148.0,0.0,0.0,6566.5,0.0
0,724000,JAMS,6566.0,73.0,6565.0,199.0,0.0,0.0,6567,73,6568.0,199.0,0.0,0.0,6566.5,0.0
0,724100,JAMS,6565.0,264.0,0.0,0.0,0.0,0.0,6567,264,0.0,0.0,0.0,0.0,6566.0,0.0
0,724200,JAMS,6566.0,84.0,6565.0,109.0,0.0,0.0,6567,84,6568.0,109.0,0.0,0.0,6566.5,0.0
0,724300,JAMS,6567.0,50.0,6566.0,183.0,0.0,0.0,6568,50,6569.0,183.0,0.0,0.0,6567.5,0.0
0,724400,JAMS,6567.0,267.0,0.0,0.0,0.0,0.0,6569,259,0.0,0.0,0.0,0.0,6568.0,0.0
0,724500,JAMS,6567.0,198.0,0.0,0.0,0.0,0.0,6569,198,0.0,0.0,0.0,0.0,6568.0,0.0
0,724600,JAMS,6569.0,59.0,6568.0,176.0,0.0,0.0,6570,59,6571.0,176.0,0.0,0.0,6569.5,0.0
0,724700,JAMS,6569.0,198.0,0.0,0.0,0.0,0.0,6571,198,0.0,0.0,0.0,0.0,6570.0,0.0
0,724800,JAMS,6569.0,244.0,0.0,0.0,0.0,0.0,6571,244,0.0,0.0,0.0,0.0,6570.0,0.0
0,724900,JAMS,6569.0,218.0,0.0,0.0,0.0,0.0,6570,62,6571.0,156.0,0.0,0.0,6569.5,0.0
0,725000,JAMS,6569.0,169.0,0.0,0.0,0.0,0.0,6571,169,0.0,0.0,0.0,0.0,6570.0,0.0
0,725100,JAMS,6569.0,195.0,0.0,0.0,0.0,0.0,6571,195,0.0,0.0,0.0,0.0,6570.0,0.0
0,725200,JAMS,6569.0,212.0,0.0,0.0,0.0,0.0,6571,212,0.0,0.0,0.0,0.0,6570.0,0.0
0,725300,JAMS,6569.0,52.0,6568.0,141.0,0.0,0.0,6570,52,6571.0,141.0,0.0,0.0,6569.5,0.0
0,725400,JAMS,6569.0,63.0,6568.0,162.0,0.0,0.0,6570,63,6571.0,162.0,0.0,0.0,6569.5,0.0
0,725500,JAMS,6569.0,57.0,6568.0,158.0,0.0,0.0,6570,57,6571.0,158.0,0.0,0.0,6569.5,0.0
0,725600,JAMS,6569.0,76.0,6568.0,178.0,0.0,0.0,6570,76,6571.0,178.0,0.0,0.0,6569.5,0.0
0,725700,JAMS,6568.0,165.0,0.0,0.0,0.0,0.0,6570,165,0.0,0.0,0.0,0.0,6569.0,0.0
0,725800,JAMS,6569.0,75.0,6568.0,114.0,0.0,0.0,6570,75,6571.0,114.0,0.0,0.0,6569.5,0.0
0,725900,JAMS,6569.0,99.0,6568.0,148.0,0.0,0.0,6570,99,6571.0,148.0,0.0,0.0,6569.5,0.0
0,726000,JAMS,6569.0,171.0,0.0,0.0,0.0,0.0,6571,171,0.0,0.0,0.0,0.0,6570.0,0.0
0,726100,JAMS,6570.0,192.0,0.0,0.0,0.0,0.0,6572,192,0.0,0.0,0.0,0.0,6571.0,0.0
0,726200,JAMS,6571.0,221.0,0.0,0.0,0.0,0.0,6572,52,6573.0,169.0,0.0,0.0,6571.5,0.0
0,726300,JAMS,6571.0,70.0,6570.0,132.0,0.0,0.0,6572,70,6573.0,132.0,0.0,0.0,6571.5,0.0
0,726400,JAMS,6569.0,203.0,0.0,0.0,0.0,0.0,6571,203,0.0,0.0,0.0,0.0,6570.0,0.0
0,726500,JAMS,6569.0,96.0,6568.0,132.0,0.0,0.0,6570,96,6571.0,132.0,0.0,0.0,6569.5,0.0
0,726600,JAMS,6569.0,73.0,6568.0,193.0,0.0,0.0,6570,73,6571.0,193.0,0.0,0.0,6569.5,0.0
0,726700,JAMS,6570.0,6.0,6569.0,193.0,0.0,0.0,6571,193,0.0,0.0,0.0,0.0,6570.5,0.0
0,726800,JAMS,6569.0,252.0,0.0,0.0,0.0,0.0,6571,252,0.0,0.0,0.0,0.0,6570.0,0.0
0,726900,JAMS,6570.0,198.0,0.0,0.0,0.0,0.0,6572,198,0.0,0.0,0.0,0.0,6571.0,0.0
0,727000,JAMS,6571.0,66.0,6570.0,127.0,0.0,0.0,6572,66,6573.0,127.0,0.0,0.0,6571.5,0.0
0,727100,JAMS,6571.0,10.0,6570.0,173.0,0.0,0.0,6572,173,0.0,0.0,0.0,0.0,6571.5,0.0
0,727200,JAMS,6570.0,84.0,6569.0,168.0,0.0,0.0,6571,84,6572.0,168.0,0.0,0.0,6570.5,0.0
0,727300,JAMS,6569.0,261.0,0.0,0.0,0.0,0.0,6571,261,0.0,0.0,0.0,0.0,6570.0,0.0
0,727400,JAMS,6570.0,90.0,6569.0,151.0,0.0,0.0,6571,90,6572.0,151.0,0.0,0.0,6570.5,0.0
0,727500,JAMS,6570.0,71.0,6569.0,162.0,0.0,0.0,6571,71,6572.0,162.0,0.0,0.0,6570.5,0.0
0,727600,JAMS,6570.0,61.0,6569.0,163.0,0.0,0.0,6571,61,6572.0,163.0,0.0,0.0,6570.5,0.0
0,727700,JAMS,6570.0,184.0,0.0,0.0,0.0,0.0,6572,184,0.0,0.0,0.0,0.0,6571.0,0.0
0,727800,JAMS,6570.0,69.0,6569.0,193.0,0.0,0.0,6571,69,6572.0,193.0,0.0,0.0,6570.5,0.0
0,727900,JAMS,6570.0,255.0,0.0,0.0,0.0,0.0,6572,255,0.0,0.0,0.0,0.0,6571.0,0.0
0,728000,JAMS,6570.0,230.0,0.0,0.0,0.0,0.0,6572,230,0.0,0.0,0.0,0.0,6571.0,0.0
0,728100,JAMS,6570.0,217.0,0.0,0.0,0.0,0.0,6572,217,0.0,0.0,0.0,0.0,6571.0,0.0
0,728200,JAMS,6570.0,253.0,0.0,0.0,0.0,0.0,6572,257,0.0,0.0,0.0,0.0,6571.0,0.0
0,728300,JAMS,6570.0,240.0,0.0,0.0,0.0,0.0,6572,240,0.0,0.0,0.0,0.0,6571.0,0.0
0,728400,JAMS,6570.0,203.0,0.0,0.0,0.0,0.0,6572,203,0.0,0.0,0.0,0.0,6571.0,0.0
0,728500,JAMS,6570.0,216.0,0.0,0.0,0.0,0.0,6572,216,0.0,0.0,0.0,0.0,6571.0,0.0
0,728600,JAMS,6570.0,184.0,0.0,0.0,0.0,0.0,6571,8,6572.0,184.0,0.0,0.0,6570.5,0.0
0,728700,JAMS,6569.0,284.0,0.0,0.0,0.0,0.0,6571,284,0.0,0.0,0.0,0.0,6570.0,0.0
0,728800,JAMS,6568.0,240.0,0.0,0.0,0.0,0.0,6570,240,0.0,0.0,0.0,0.0,6569.0,0.0
0,728900,JAMS,6568.0,216.0,0.0,0.0,0.0,0.0,6570,207,0.0,0.0,0.0,0.0,6569.0,0.0
0,729000,JAMS,6568.0,253.0,0.0,0.0,0.0,0.0,6570,253,0.0,0.0,0.0,0.0,6569.0,0.0
0,729100,JAMS,6569.0,78.0,6568.0,132.0,0.0,0.0,6570,78,6571.0,132.0,0.0,0.0,6569.5,0.0
0,729200,JAMS,6569.0,61.0,6568.0,115.0,0.0,0.0,6570,61,6571.0,115.0,0.0,0.0,6569.5,0.0
0,729300,JAMS,6569.0,88.0,6568.0,194.0,0.0,0.0,6570,88,6571.0,194.0,0.0,0.0,6569.5,0.0
0,729400,JAMS,6568.0,201.0,0.0,0.0,0.0,0.0,6569,3,6570.0,201.0,0.0,0.0,6568.5,0.0
0,729500,JAMS,6569.0,71.0,6568.0,146.0,0.0,0.0,6570,71,6571.0,146.0,0.0,0.0,6569.5,0.0
0,729600,JAMS,6568.0,184.0,0.0,0.0,0.0,0.0,6570,184,0.0,0.0,0.0,0.0,6569.0,0.0
0,729700,JAMS,6568.0,245.0,0.0,0.0,0.0,0.0,6570,245,0.0,0.0,0.0,0.0,6569.0,0.0
0,729800,JAMS,6569.0,67.0,6568.0,149.0,0.0,0.0,6570,67,6571.0,149.0,0.0,0.0,6569.5,0.0
0,729900,JAMS,6569.0,69.0,6568.0,187.0,0.0,0.0,6570,256,0.0,0.0,0.0,0.0,6569.5,0.0
0,730000,JAMS,6569.0,89.0,6568.0,198.0,0.0,0.0,6570,89,6571.0,198.0,0.0,0.0,6569.5,0.0
0,730100,JAMS,6569.0,70.0,6568.0,151.0,0.0,0.0,6570,70,6571.0,151.0,0.0,0.0,6569.5,0.0
0,730200,JAMS,6569.0,208.0,0.0,0.0,0.0,0.0,6571,208,0.0,0.0,0.0,0.0,6570.0,0.0
0,730300,JAMS,6568.0,200.0,0.0,0.0,0.0,0.0,6570,200,0.0,0.0,0.0,0.0,6569.0,0.0
0,730400,JAMS,6568.0,254.0,0.0,0.0,0.0,0.0,6570,254,0.0,0.0,0.0,0.0,6569.0,0.0
0,730500,JAMS,6568.0,168.0,0.0,0.0,0.0,0.0,6570,168,0.0,0.0,0.0,0.0,6569.0,0.0
0,730600,JAMS,6568.0,219.0,0.0,0.0,0.0,0.0,6570,219,0.0,0.0,0.0,0.0,6569.0,0.0
0,730700,JAMS,6569.0,73.0,6568.0,129.0,0.0,0.0,6570,73,6571.0,129.0,0.0,0.0,6569.5,0.0
0,730800,JAMS,6568.0,200.0,0.0,0.0,0.0,0.0,6570,200,0.0,0.0,0.0,0.0,6569.0,0.0
0,730900,JAMS,6568.0,52.0,6567.0,128.0,0.0,0.0,6569,52,6570.0,128.0,0.0,0.0,6568.5,0.0
0,731000,JAMS,6568.0,52.0,6567.0,119.0,0.0,0.0,6569,52,6570.0,119.0,0.0,0.0,6568.5,0.0
0,731100,JAMS,6567.0,255.0,0.0,0.0,0.0,0.0,6569,255,0.0,0.0,0.0,0.0,6568.0,0.0
0,731200,JAMS,6567.0,240.0,0.0,0.0,0.0,0.0,6569,240,0.0,0.0,0.0,0.0,6568.0,0.0
0,731300,JAMS,6567.0,250.0,0.0,0.0,0.0,0.0,6569,250,0.0,0.0,0.0,0.0,6568.0,0.0
0,731400,JAMS,6567.0,194.0,0.0,0.0,0.0,0.0,6569,194,0.0,0.0,0.0,0.0,6568.0,0.0
0,731500,JAMS,6567.0,208.0,0.0,0.0,0.0,0.0,6569,208,0.0,0.0,0.0,0.0,6568.0,0.0
0,731600,JAMS,6567.0,210.0,0.0,0.0,0.0,0.0,6569,217,0.0,0.0,0.0,0.0,6568.0,0.0
0,731700,JAMS,6568.0,73.0,6567.0,171.0,0.0,0.0,6569,73,6570.0,171.0,0.0,0.0,6568.5,0.0
0,731800,JAMS,6568.0,265.0,0.0,0.0,0.0,0.0,6570,265,0.0,0.0,0.0,0.0,6569.0,0.0
0,731900,JAMS,6568.0,257.0,0.0,0.0,0.0,0.0,6570,257,0.0,0.0,0.0,0.0,6569.0,0.0
0,732000,JAMS,6569.0,81.0,6568.0,188.0,0.0,0.0,6570,84,6571.0,188.0,0.0,0.0,6569.5,0.0
0,732100,JAMS,6569.0,223.0,0.0,0.0,0.0,0.0,6571,223,0.0,0.0,0.0,0.0,6570.0,0.0
0,732200,JAMS,6569.0,60.0,6568.0,150.0,0.0,0.0,6570,60,6571.0,150.0,0.0,0.0,6569.5,0.0
0,732300,JAMS,6569.0,85.0,6568.0,170.0,0.0,0.0,6570,85,6571.0,170.0,0.0,0.0,6569.5,0.0
0,732400,JAMS,6568.0,279.0,0.0,0.0,0.0,0.0,6570,279,0.0,0.0,0.0,0.0,6569.0,0.0
0,732500,JAMS,6569.0,12.0,6568.0,240.0,0.0,0.0,6570,240,0.0,0.0,0.0,0.0,6569.5,0.0
0,732600,JAMS,6568.0,194.0,0.0,0.0,0.0,0.0,6570,194,0.0,0.0,0.0,0.0,6569.0,0.0
0,732700,JAMS,6569.0,66.0,6568.0,194.0,0.0,0.0,6570,66,6571.0,194.0,0.0,0.0,6569.5,0.0
0,732800,JAMS,6569.0,266.0,0.0,0.0,0.0,0.0,6571,266,0.0,0.0,0.0,0.0,6570.0,0.0
0,732900,JAMS,6569.0,230.0,0.0,0.0,0.0,0.0,6571,230,0.0,0.0,0.0,0.0,6570.0,0.0
0,733000,JAMS,6569.0,253.0,0.0,0.0,0.0,0.0,6571,253,0.0,0.0,0.0,0.0,6570.0,0.0
0,733100,JAMS,6569.0,249.0,0.0,0.0,0.0,0.0,6571,249,0.0,0.0,0.0,0.0,6570.0,0.0
0,733200,JAMS,6570.0,250.0,0.0,0.0,0.0,0.0,6572,250,0.0,0.0,0.0,0.0,6571.0,0.0
0,733300,JAMS,6571.0,271.0,0.0,0.0,0.0,0.0,6573,271,0.0,0.0,0.0,0.0,6572.0,0.0
0,733400,JAMS,6571.0,293.0,0.0,0.0,0.0,0.0,6573,293,0.0,0.0,0.0,0.0,6572.0,0.0
0,733500,JAMS,6571.0,248.0,0.0,0.0,0.0,0.0,6573,248,0.0,0.0,0.0,0.0,6572.0,0.0
0,733600,JAMS,6572.0,76.0,6571.0,199.0,0.0,0.0,6573,76,6574.0,199.0,0.0,0.0,6572.5,0.0
0,733700,JAMS,6572.0,10.0,6571.0,273.0,0.0,0.0,6573,273,0.0,0.0,0.0,0.0,6572.5,0.0
0,733800,JAMS,6572.0,90.0,6571.0,101.0,0.0,0.0,6573,90,6574.0,101.0,0.0,0.0,6572.5,0.0
0,733900,JAMS,6572.0,97.0,6571.0,188.0,0.0,0.0,6573,97,6574.0,188.0,0.0,0.0,6572.5,0.0
0,734000,JAMS,6571.0,204.0,0.0,0.0,0.0,0.0,6573,204,0.0,0.0,0.0,0.0,6572.0,0.0
0,734100,JAMS,6571.0,203.0,0.0,0.0,0.0,0.0,6573,203,0.0,0.0,0.0,0.0,6572.0,0.0
0,734200,JAMS,6571.0,249.0,0.0,0.0,0.0,0.0,6572,12,6573.0,249.0,0.0,0.0,6571.5,0.0
0,734300,JAMS,6572.0,6.0,6571.0,177.0,0.0,0.0,6573,177,0.0,0.0,0.0,0.0,6572.5,0.0
0,734400,JAMS,6570.0,251.0,0.0,0.0,0.0,0.0,6572,251,0.0,0.0,0.0,0.0,6571.0,0.0
0,734500,JAMS,6570.0,79.0,6569.0,104.0,0.0,0.0,6571,79,6572.0,104.0,0.0,0.0,6570.5,0.0
0,734600,JAMS,6569.0,204.0,0.0,0.0,0.0,0.0,6571,204,0.0,0.0,0.0,0.0,6570.0,0.0
0,734700,JAMS,6570.0,179.0,0.0,0.0,0.0,0.0,6572,179,0.0,0.0,0.0,0.0,6571.0,0.0
0,734800,JAMS,6571.0,210.0,0.0,0.0,0.0,0.0,6573,203,0.0,0.0,0.0,0.0,6572.0,0.0
0,734900,JAMS,6571.0,95.0,6570.0,119.0,0.0,0.0,6572,95,6573.0,119.0,0.0,0.0,6571.5,0.0
0,735000,JAMS,6571.0,89.0,6570.0,101.0,0.0,0.0,6572,89,6573.0,101.0,0.0,0.0,6571.5,0.0
0,735100,JAMS,6569.0,222.0,0.0,0.0,0.0,0.0,6571,222,0.0,0.0,0.0,0.0,6570.0,0.0
0,735200,JAMS,6570.0,205.0,0.0,0.0,0.0,0.0,6572,205,0.0,0.0,0.0,0.0,6571.0,0.0
0,735300,JAMS,6570.0,80.0,6569.0,116.0,0.0,0.0,6571,80,6572.0,116.0,0.0,0.0,6570.5,0.0
0,735400,JAMS,6570.0,64.0,6569.0,134.0,0.0,0.0,6571,198,0.0,0.0,0.0,0.0,6570.5,0.0
0,735500,JAMS,6570.0,102.0,6569.0,168.0,0.0,0.0,6571,92,6572.0,168.0,0.0,0.0,6570.5,0.0
0,735600,JAMS,6569.0,205.0,0.0,0.0,0.0,0.0,6571,205,0.0,0.0,0.0,0.0,6570.0,0.0
0,735700,JAMS,6569.0,274.0,0.0,0.0,0.0,0.0,6571,274,0.0,0.0,0.0,0.0,6570.0,0.0
0,735800,JAMS,6569.0,175.0,0.0,0.0,0.0,0.0,6571,175,0.0,0.0,0.0,0.0,6570.0,0.0
0,735900,JAMS,6569.0,265.0,0.0,0.0,0.0,0.0,6571,265,0.0,0.0,0.0,0.0,6570.0,0.0
0,736000,JAMS,6569.0,228.0,0.0,0.0,0.0,0.0,6571,228,0.0,0.0,0.0,0.0,6570.0,0.0
0,736100,JAMS,6569.0,94.0,6568.0,122.0,0.0,0.0,6570,94,6571.0,122.0,0.0,0.0,6569.5,0.0
0,736200,JAMS,6569.0,288.0,0.0,0.0,0.0,0.0,6571,288,0.0,0.0,0.0,0.0,6570.0,0.0
0,736300,JAMS,6569.0,206.0,0.0,0.0,0.0,0.0,6571,206,0.0,0.0,0.0,0.0,6570.0,0.0
0,736400,JAMS,6569.0,264.0,0.0,0.0,0.0,0.0,6571,264,0.0,0.0,0.0,0.0,6570.0,0.0
0,736500,JAMS,6569.0,253.0,0.0,0.0,0.0,0.0,6571,253,0.0,0.0,0.0,0.0,6570.0,0.0
0,736600,JAMS,6570.0,93.0,6569.0,188.0,0.0,0.0,6571,93,6572.0,188.0,0.0,0.0,6570.5,0.0
0,736700,JAMS,6570.0,246.0,0.0,0.0,0.0,0.0,6571,62,6572.0,184.0,0.0,0.0,6570.5,0.0
0,736800,JAMS,6570.0,268.0,0.0,0.0,0.0,0.0,6572,268,0.0,0.0,0.0,0.0,6571.0,0.0
0,736900,JAMS,6571.0,12.0,6570.0,226.0,0.0,0.0,6572,226,0.0,0.0,0.0,0.0,6571.5,0.0
0,737000,JAMS,6571.0,58.0,6570.0,163.0,0.0,0.0,6572,58,6573.0,163.0,0.0,0.0,6571.5,0.0
0,737100,JAMS,6571.0,52.0,6570.0,170.0,0.0,0.0,6572,52,6573.0,170.0,0.0,0.0,6571.5,0.0
0,737200,JAMS,6571.0,77.0,6570.0,110.0,0.0,0.0,6572,71,6573.0,110.0,0.0,0.0,6571.5,0.0
0,737300,JAMS,6571.0,80.0,6570.0,135.0,0.0,0.0,6572,80,6573.0,135.0,0.0,0.0,6571.5,0.0
0,737400,JAMS,6570.0,256.0,0.0,0.0,0.0,0.0,6572,256,0.0,0.0,0.0,0.0,6571.0,0.0
0,737500,JAMS,6570.0,220.0,0.0,0.0,0.0,0.0,6572,220,0.0,0.0,0.0,0.0,6571.0,0.0
0,737600,JAMS,6570.0,177.0,0.0,0.0,0.0,0.0,6572,177,0.0,0.0,0.0,0.0,6571.0,0.0
0,737700,JAMS,6570.0,251.0,0.0,0.0,0.0,0.0,6572,251,0.0,0.0,0.0,0.0,6571.0,0.0
0,737800,JAMS,6570.0,54.0,6569.0,197.0,0.0,0.0,6571,54,6572.0,197.0,0.0,0.0,6570.5,0.0
0,737900,JAMS,6570.0,65.0,6569.0,118.0,0.0,0.0,6571,65,6572.0,118.0,0.0,0.0,6570.5,0.0
0,738000,JAMS,6570.0,96.0,6569.0,131.0,0.0,0.0,6571,96,6572.0,131.0,0.0,0.0,6570.5,0.0
0,738100,JAMS,6569.0,229.0,0.0,0.0,0.0,0.0,6571,229,0.0,0.0,0.0,0.0,6570.0,0.0
0,738200,JAMS,6570.0,78.0,6569.0,152.0,0.0,0.0,6571,78,6572.0,152.0,0.0,0.0,6570.5,0.0
0,738300,JAMS,6569.0,232.0,0.0,0.0,0.0,0.0,6571,232,0.0,0.0,0.0,0.0,6570.0,0.0
0,738400,JAMS,6570.0,83.0,6569.0,150.0,0.0,0.0,6571,72,6572.0,150.0,0.0,0.0,6570.5,0.0
0,738500,JAMS,6570.0,173.0,0.0,0.0,0.0,0.0,6572,173,0.0,0.0,0.0,0.0,6571.0,0.0
0,738600,JAMS,6570.0,69.0,6569.0,184.0,0.0,0.0,6571,69,6572.0,184.0,0.0,0.0,6570.5,0.0
0,738700,JAMS,6569.0,219.0,0.0,0.0,0.0,0.0,6571,219,0.0,0.0,0.0,0.0,6570.0,0.0
0,738800,JAMS,6569.0,267.0,0.0,0.0,0.0,0.0,6571,267,0.0,0.0,0.0,0.0,6570.0,0.0
0,738900,JAMS,6569.0,273.0,0.0,0.0,0.0,0.0,6571,269,0.0,0.0,0.0,0.0,6570.0,0.0
0,739000,JAMS,6568.0,211.0,0.0,0.0,0.0,0.0,6570,211,0.0,0.0,0.0,0.0,6569.0,0.0
0,739100,JAMS,6568.0,250.0,0.0,0.0,0.0,0.0,6570,250,0.0,0.0,0.0,0.0,6569.0,0.0
0,739200,JAMS,6569.0,87.0,6568.0,127.0,0.0,0.0,6570,87,6571.0,127.0,0.0,0.0,6569.5,0.0
0,739300,JAMS,6568.0,256.0,0.0,0.0,0.0,0.0,6570,256,0.0,0.0,0.0,0.0,6569.0,0.0
0,739400,JAMS,6568.0,199.0,0.0,0.0,0.0,0.0,6570,199,0.0,0.0,0.0,0.0,6569.0,0.0
0,739500,JAMS,6568.0,164.0,0.0,0.0,0.0,0.0,6570,164,0.0,0.0,0.0,0.0,6569.0,0.0
0,739600,JAMS,6568.0,209.0,0.0,0.0,0.0,0.0,6570,209,0.0,0.0,0.0,0.0,6569.0,0.0
0,739700,JAMS,6568.0,230.0,0.0,0.0,0.0,0.0,6570,230,0.0,0.0,0.0,0.0,6569.0,0.0
0,739800,JAMS,6568.0,257.0,0.0,0.0,0.0,0.0,6570,257,0.0,0.0,0.0,0.0,6569.0,0.0
0,739900,JAMS,6568.0,195.0,0.0,0.0,0.0,0.0,6570,195,0.0,0.0,0.0,0.0,6569.0,0.0
0,740000,JAMS,6568.0,211.0,0.0,0.0,0.0,0.0,6570,211,0.0,0.0,0.0,0.0,6569.0,0.0
0,740100,JAMS,6568.0,86.0,6567.0,190.0,0.0,0.0,6569,86,6570.0,190.0,0.0,0.0,6568.5,0.0
0,740200,JAMS,6568.0,71.0,6567.0,180.0,0.0,0.0,6569,71,6570.0,180.0,0.0,0.0,6568.5,0.0
0,740300,JAMS,6568.0,91.0,6567.0,171.0,0.0,0.0,6569,91,6570.0,171.0,0.0,0.0,6568.5,0.0
0,740400,JAMS,6567.0,284.0,0.0,0.0,0.0,0.0,6569,284,0.0,0.0,0.0,0.0,6568.0,0.0
0,740500,JAMS,6568.0,78.0,6567.0,134.0,0.0,0.0,6569,78,6570.0,134.0,0.0,0.0,6568.5,0.0
0,740600,JAMS,6567.0,276.0,0.0,0.0,0.0,0.0,6569,276,0.0,0.0,0.0,0.0,6568.0,0.0
0,740700,JAMS,6567.0,244.0,0.0,0.0,0.0,0.0,6569,236,0.0,0.0,0.0,0.0,6568.0,0.0
0,740800,JAMS,6567.0,223.0,0.0,0.0,0.0,0.0,6569,223,0.0,0.0,0.0,0.0,6568.0,0.0
0,740900,JAMS,6567.0,180.0,0.0,0.0,0.0,0.0,6569,180,0.0,0.0,0.0,0.0,6568.0,0.0
0,741000,JAMS,6567.0,185.0,0.0,0.0,0.0,0.0,6569,189,0.0,0.0,0.0,0.0,6568.0,0.0
0,741100,JAMS,6567.0,191.0,0.0,0.0,0.0,0.0,6569,191,0.0,0.0,0.0,0.0,6568.0,0.0
0,741200,JAMS,6566.0,198.0,0.0,0.0,0.0,0.0,6568,198,0.0,0.0,0.0,0.0,6567.0,0.0
0,741300,JAMS,6566.0,248.0,0.0,0.0,0.0,0.0,6568,248,0.0,0.0,0.0,0.0,6567.0,0.0
0,741400,JAMS,6566.0,202.0,0.0,0.0,0.0,0.0,6568,202,0.0,0.0,0.0,0.0,6567.0,0.0
0,741500,JAMS,6567.0,196.0,0.0,0.0,0.0,0.0,6569,196,0.0,0.0,0.0,0.0,6568.0,0.0
0,741600,JAMS,6567.0,75.0,6566.0,104.0,0.0,0.0,6568,179,0.0,0.0,0.0,0.0,6567.5,0.0
0,741700,JAMS,6566.0,198.0,0.0,0.0,0.0,0.0,6568,198,0.0,0.0,0.0,0.0,6567.0,0.0
0,741800,JAMS,6567.0,81.0,6566.0,188.0,0.0,0.0,6568,81,6569.0,188.0,0.0,0.0,6567.5,0.0
0,741900,JAMS,6567.0,81.0,6566.0,173.0,0.0,0.0,6568,81,6569.0,173.0,0.0,0.0,6567.5,0.0
0,742000,JAMS,6566.0,268.0,0.0,0.0,0.0,0.0,6568,268,0.0,0.0,0.0,0.0,6567.0,0.0
0,742100,JAMS,6566.0,166.0,0.0,0.0,0.0,0.0,6568,166,0.0,0.0,0.0,0.0,6567.0,0.0
0,742200,JAMS,6566.0,240.0,0.0,0.0,0.0,0.0,6568,240,0.0,0.0,0.0,0.0,6567.0,0.0
0,742300,JAMS,6566.0,277.0,0.0,0.0,0.0,0.0,6568,277,0.0,0.0,0.0,0.0,6567.0,0.0
0,742400,JAMS,6566.0,206.0,0.0,0.0,0.0,0.0,6568,206,0.0,0.0,0.0,0.0,6567.0,0.0
0,742500,JAMS,6566.0,250.0,0.0,0.0,0.0,0.0,6568,250,0.0,0.0,0.0,0.0,6567.0,0.0
0,742600,JAMS,6566.0,236.0,0.0,0.0,0.0,0.0,6568,236,0.0,0.0,0.0,0.0,6567.0,0.0
0,742700,JAMS,6566.0,55.0,6565.0,179.0,0.0,0.0,6567,55,6568.0,179.0,0.0,0.0,6566.5,0.0
0,742800,JAMS,6566.0,59.0,6565.0,183.0,0.0,0.0,6567,59,6568.0,183.0,0.0,0.0,6566.5,0.0
0,742900,JAMS,6566.0,236.0,0.0,0.0,0.0,0.0,6568,236,0.0,0.0,0.0,0.0,6567.0,0.0
0,743000,JAMS,6566.0,236.0,0.0,0.0,0.0,0.0,6568,236,0.0,0.0,0.0,0.0,6567.0,0.0
0,743100,JAMS,6566.0,209.0,0.0,0.0,0.0,0.0,6568,209,0.0,0.0,0.0,0.0,6567.0,0.0
0,743200,JAMS,6566.0,215.0,0.0,0.0,0.0,0.0,6568,215,0.0,0.0,0.0,0.0,6567.0,0.0
0,743300,JAMS,6566.0,81.0,6565.0,155.0,0.0,0.0,6567,81,6568.0,155.0,0.0,0.0,6566.5,0.0
0,743400,JAMS,6566.0,83.0,6565.0,148.0,0.0,0.0,6567,77,6568.0,148.0,0.0,0.0,6566.5,0.0
0,743500,JAMS,6565.0,273.0,0.0,0.0,0.0,0.0,6567,273,0.0,0.0,0.0,0.0,6566.0,0.0
0,743600,JAMS,6565.0,75.0,6564.0,113.0,0.0,0.0,6566,75,6567.0,113.0,0.0,0.0,6565.5,0.0
0,743700,JAMS,6564.0,60.0,6563.0,152.0,0.0,0.0,6565,60,6566.0,152.0,0.0,0.0,6564.5,0.0
0,743800,JAMS,6564.0,50.0,6563.0,167.0,0.0,0.0,6565,50,6566.0,167.0,0.0,0.0,6564.5,0.0
0,743900,JAMS,6564.0,88.0,6563.0,178.0,0.0,0.0,6565,76,6566.0,178.0,0.0,0.0,6564.5,0.0
0,744000,JAMS,6564.0,245.0,0.0,0.0,0.0,0.0,6566,245,0.0,0.0,0.0,0.0,6565.0,0.0
0,744100,JAMS,6564.0,245.0,0.0,0.0,0.0,0.0,6566,245,0.0,0.0,0.0,0.0,6565.0,0.0
0,744200,JAMS,6563.0,175.0,0.0,0.0,0.0,0.0,6565,175,0.0,0.0,0.0,0.0,6564.0,0.0
0,744300,JAMS,6563.0,198.0,0.0,0.0,0.0,0.0,6565,198,0.0,0.0,0.0,0.0,6564.0,0.0
0,744400,JAMS,6563.0,171.0,0.0,0.0,0.0,0.0,6565,171,0.0,0.0,0.0,0.0,6564.0,0.0
0,744500,JAMS,6563.0,207.0,0.0,0.0,0.0,0.0,6565,207,0.0,0.0,0.0,0.0,6564.0,0.0
0,744600,JAMS,6563.0,85.0,6562.0,183.0,0.0,0.0,6564,85,6565.0,183.0,0.0,0.0,6563.5,0.0
0,744700,JAMS,6562.0,83.0,6561.0,190.0,0.0,0.0,6563,273,0.0,0.0,0.0,0.0,6562.5,0.0
0,744800,JAMS,6562.0,228.0,0.0,0.0,0.0,0.0,6564,228,0.0,0.0,0.0,0.0,6563.0,0.0
0,744900,JAMS,6561.0,182.0,0.0,0.0,0.0,0.0,6563,182,0.0,0.0,0.0,0.0,6562.0,0.0
0,745000,JAMS,6562.0,221.0,0.0,0.0,0.0,0.0,6563,83,6564.0,142.0,0.0,0.0,6562.5,0.0
0,745100,JAMS,6562.0,203.0,0.0,0.0,0.0,0.0,6564,203,0.0,0.0,0.0,0.0,6563.0,0.0
0,745200,JAMS,6563.0,241.0,0.0,0.0,0.0,0.0,6565,241,0.0,0.0,0.0,0.0,6564.0,0.0
0,745300,JAMS,6562.0,209.0,0.0,0.0,0.0,0.0,6564,209,0.0,0.0,0.0,0.0,6563.0,0.0
0,745400,JAMS,6563.0,51.0,6562.0,102.0,0.0,0.0,6564,51,6565.0,102.0,0.0,0.0,6563.5,0.0
0,745500,JAMS,6562.0,225.0,0.0,0.0,0.0,0.0,6564,225,0.0,0.0,0.0,0.0,6563.0,0.0
0,745600,JAMS,6562.0,71.0,6561.0,104.0,0.0,0.0,6563,79,6564.0,104.0,0.0,0.0,6562.5,0.0
0,745700,JAMS,6562.0,243.0,0.0,0.0,0.0,0.0,6564,243,0.0,0.0,0.0,0.0,6563.0,0.0
0,745800,JAMS,6563.0,95.0,6562.0,118.0,0.0,0.0,6564,95,6565.0,118.0,0.0,0.0,6563.5,0.0
0,745900,JAMS,6563.0,230.0,0.0,0.0,0.0,0.0,6565,230,0.0,0.0,0.0,0.0,6564.0,0.0
0,746000,JAMS,6564.0,4.0,6563.0,268.0,0.0,0.0,6565,268,0.0,0.0,0.0,0.0,6564.5,0.0
0,746100,JAMS,6563.0,221.0,0.0,0.0,0.0,0.0,6564,6,6565.0,221.0,0.0,0.0,6563.5,0.0
0,746200,JAMS,6564.0,66.0,6563.0,125.0,0.0,0.0,6565,66,6566.0,125.0,0.0,0.0,6564.5,0.0
0,746300,JAMS,6564.0,157.0,0.0,0.0,0.0,0.0,6566,157,0.0,0.0,0.0,0.0,6565.0,0.0
0,746400,JAMS,6564.0,80.0,6563.0,193.0,0.0,0.0,6565,80,6566.0,193.0,0.0,0.0,6564.5,0.0
0,746500,JAMS,6564.0,259.0,0.0,0.0,0.0,0.0,6566,259,0.0,0.0,0.0,0.0,6565.0,0.0
0,746600,JAMS,6565.0,90.0,6564.0,145.0,0.0,0.0,6566,85,6567.0,145.0,0.0,0.0,6565.5,0.0
0,746700,JAMS,6565.0,203.0,0.0,0.0,0.0,0.0,6567,203,0.0,0.0,0.0,0.0,6566.0,0.0
0,746800,JAMS,6565.0,98.0,6564.0,161.0,0.0,0.0,6566,98,6567.0,161.0,0.0,0.0,6565.5,0.0
0,746900,JAMS,6564.0,215.0,0.0,0.0,0.0,0.0,6566,215,0.0,0.0,0.0,0.0,6565.0,0.0
0,747000,JAMS,6563.0,173.0,0.0,0.0,0.0,0.0,6565,173,0.0,0.0,0.0,0.0,6564.0,0.0
0,747100,JAMS,6563.0,240.0,0.0,0.0,0.0,0.0,6565,240,0.0,0.0,0.0,0.0,6564.0,0.0
0,747200,JAMS,6563.0,97.0,6562.0,163.0,0.0,0.0,6564,97,6565.0,163.0,0.0,0.0,6563.5,0.0
0,747300,JAMS,6562.0,172.0,0.0,0.0,0.0,0.0,6564,172,0.0,0.0,0.0,0.0,6563.0,0.0
0,747400,JAMS,6562.0,224.0,0.0,0.0,0.0,0.0,6564,224,0.0,0.0,0.0,0.0,6563.0,0.0
0,747500,JAMS,6562.0,200.0,0.0,0.0,0.0,0.0,6564,200,0.0,0.0,0.0,0.0,6563.0,0.0
0,747600,JAMS,6563.0,267.0,0.0,0.0,0.0,0.0,6565,267,0.0,0.0,0.0,0.0,6564.0,0.0
0,747700,JAMS,6563.0,187.0,0.0,0.0,0.0,0.0,6565,187,0.0,0.0,0.0,0.0,6564.0,0.0
0,747800,JAMS,6563.0,99.0,6562.0,197.0,0.0,0.0,6564,99,6565.0,197.0,0.0,0.0,6563.5,0.0
0,747900,JAMS,6563.0,50.0,6562.0,115.0,0.0,0.0,6564,50,6565.0,115.0,0.0,0.0,6563.5,0.0
0,748000,JAMS,6562.0,257.0,0.0,0.0,0.0,0.0,6564,257,0.0,0.0,0.0,0.0,6563.0,0.0
0,748100,JAMS,6562.0,189.0,0.0,0.0,0.0,0.0,6564,189,0.0,0.0,0.0,0.0,6563.0,0.0
0,748200,JAMS,6563.0,8.0,6562.0,283.0,0.0,0.0,6564,283,0.0,0.0,0.0,0.0,6563.5,0.0
0,748300,JAMS,6562.0,211.0,0.0,0.0,0.0,0.0,6564,211,0.0,0.0,0.0,0.0,6563.0,0.0
0,748400,JAMS,6564.0,88.0,6563.0,150.0,0.0,0.0,6565,238,0.0,0.0,0.0,0.0,6564.5,0.0
0,748500,JAMS,6562.0,220.0,0.0,0.0,0.0,0.0,6564,220,0.0,0.0,0.0,0.0,6563.0,0.0
0,748600,JAMS,6562.0,51.0,6561.0,111.0,0.0,0.0,6563,51,6564.0,111.0,0.0,0.0,6562.5,0.0
0,748700,JAMS,6561.0,168.0,0.0,0.0,0.0,0.0,6563,168,0.0,0.0,0.0,0.0,6562.0,0.0
0,748800,JAMS,6561.0,100.0,6560.0,135.0,0.0,0.0,6562,100,6563.0,135.0,0.0,0.0,6561.5,0.0
0,748900,JAMS,6561.0,98.0,6560.0,129.0,0.0,0.0,6562,98,6563.0,129.0,0.0,0.0,6561.5,0.0
0,749000,JAMS,6560.0,210.0,0.0,0.0,0.0,0.0,6562,210,0.0,0.0,0.0,0.0,6561.0,0.0
0,749100,JAMS,6561.0,86.0,6560.0,143.0,0.0,0.0,6562,224,0.0,0.0,0.0,0.0,6561.5,0.0
0,749200,JAMS,6560.0,219.0,0.0,0.0,0.0,0.0,6562,219,0.0,0.0,0.0,0.0,6561.0,0.0
0,749300,JAMS,6560.0,214.0,0.0,0.0,0.0,0.0,6562,214,0.0,0.0,0.0,0.0,6561.0,0.0
0,749400,JAMS,6561.0,75.0,6560.0,143.0,0.0,0.0,6562,218,0.0,0.0,0.0,0.0,6561.5,0.0
0,749500,JAMS,6560.0,218.0,0.0,0.0,0.0,0.0,6562,218,0.0,0.0,0.0,0.0,6561.0,0.0
0,749600,JAMS,6560.0,54.0,6559.0,174.0,0.0,0.0,6561,54,6562.0,174.0,0.0,0.0,6560.5,0.0
0,749700,JAMS,6559.0,253.0,0.0,0.0,0.0,0.0,6561,253,0.0,0.0,0.0,0.0,6560.0,0.0
0,749800,JAMS,6560.0,64.0,6559.0,108.0,0.0,0.0,6561,64,6562.0,108.0,0.0,0.0,6560.5,0.0
0,749900,JAMS,6560.0,3.0,6559.0,220.0,0.0,0.0,6561,220,0.0,0.0,0.0,0.0,6560.5,0.0
0,750000,JAMS,6559.0,205.0,0.0,0.0,0.0,0.0,6561,205,0.0,0.0,0.0,0.0,6560.0,0.0
0,750100,JAMS,6560.0,217.0,0.0,0.0,0.0,0.0,6562,217,0.0,0.0,0.0,0.0,6561.0,0.0
0,750200,JAMS,6560.0,258.0,0.0,0.0,0.0,0.0,6562,258,0.0,0.0,0.0,0.0,6561.0,0.0
0,750300,JAMS,6560.0,260.0,0.0,0.0,0.0,0.0,6562,260,0.0,0.0,0.0,0.0,6561.0,0.0
0,750400,JAMS,6560.0,246.0,0.0,0.0,0.0,0.0,6562,246,0.0,0.0,0.0,0.0,6561.0,0.0
0,750500,JAMS,6560.0,284.0,0.0,0.0,0.0,0.0,6562,284,0.0,0.0,0.0,0.0,6561.0,0.0
0,750600,JAMS,6560.0,275.0,0.0,0.0,0.0,0.0,6562,275,0.0,0.0,0.0,0.0,6561.0,0.0
0,750700,JAMS,6562.0,7.0,6561.0,209.0,0.0,0.0,6563,209,0.0,0.0,0.0,0.0,6562.5,0.0
0,750800,JAMS,6561.0,234.0,0.0,0.0,0.0,0.0,6563,234,0.0,0.0,0.0,0.0,6562.0,0.0
0,750900,JAMS,6561.0,232.0,0.0,0.0,0.0,0.0,6563,232,0.0,0.0,0.0,0.0,6562.0,0.0
0,751000,JAMS,6561.0,276.0,0.0,0.0,0.0,0.0,6563,276,0.0,0.0,0.0,0.0,6562.0,0.0
0,751100,JAMS,6561.0,210.0,0.0,0.0,0.0,0.0,6563,210,0.0,0.0,0.0,0.0,6562.0,0.0
0,751200,JAMS,6561.0,216.0,0.0,0.0,0.0,0.0,6562,90,6563.0,115.0,0.0,0.0,6561.5,0.0
0,751300,JAMS,6561.0,267.0,0.0,0.0,0.0,0.0,6563,267,0.0,0.0,0.0,0.0,6562.0,0.0
0,751400,JAMS,6562.0,4.0,6561.0,183.0,0.0,0.0,6563,183,0.0,0.0,0.0,0.0,6562.5,0.0
0,751500,JAMS,6562.0,194.0,0.0,0.0,0.0,0.0,6564,194,0.0,0.0,0.0,0.0,6563.0,0.0
0,751600,JAMS,6561.0,91.0,6560.0,156.0,0.0,0.0,6562,91,6563.0,156.0,0.0,0.0,6561.5,0.0
0,751700,JAMS,6562.0,83.0,6561.0,101.0,0.0,0.0,6563,83,6564.0,101.0,0.0,0.0,6562.5,0.0
0,751800,JAMS,6562.0,80.0,6561.0,168.0,0.0,0.0,6563,80,6564.0,168.0,0.0,0.0,6562.5,0.0
0,751900,JAMS,6562.0,298.0,0.0,0.0,0.0,0.0,6564,298,0.0,0.0,0.0,0.0,6563.0,0.0
0,752000,JAMS,6562.0,232.0,0.0,0.0,0.0,0.0,6564,232,0.0,0.0,0.0,0.0,6563.0,0.0
0,752100,JAMS,6562.0,233.0,0.0,0.0,0.0,0.0,6564,233,0.0,0.0,0.0,0.0,6563.0,0.0
0,752200,JAMS,6562.0,249.0,0.0,0.0,0.0,0.0,6564,249,0.0,0.0,0.0,0.0,6563.0,0.0
0,752300,JAMS,6562.0,244.0,0.0,0.0,0.0,0.0,6563,97,6564.0,147.0,0.0,0.0,6562.5,0.0
0,752400,JAMS,6562.0,58.0,6561.0,108.0,0.0,0.0,6563,58,6564.0,108.0,0.0,0.0,6562.5,0.0
0,752500,JAMS,6561.0,218.0,0.0,0.0,0.0,0.0,6563,218,0.0,0.0,0.0,0.0,6562.0,0.0
0,752600,JAMS,6562.0,202.0,0.0,0.0,0.0,0.0,6564,202,0.0,0.0,0.0,0.0,6563.0,0.0
0,752700,JAMS,6562.0,269.0,0.0,0.0,0.0,0.0,6563,81,6564.0,188.0,0.0,0.0,6562.5,0.0
0,752800,JAMS,6562.0,68.0,6561.0,164.0,0.0,0.0,6563,68,6564.0,164.0,0.0,0.0,6562.5,0.0
0,752900,JAMS,6562.0,80.0,6561.0,199.0,0.0,0.0,6563,80,6564.0,199.0,0.0,0.0,6562.5,0.0
0,753000,JAMS,6561.0,286.0,0.0,0.0,0.0,0.0,6563,286,0.0,0.0,0.0,0.0,6562.0,0.0
0,753100,JAMS,6561.0,278.0,0.0,0.0,0.0,0.0,6563,278,0.0,0.0,0.0,0.0,6562.0,0.0
0,753200,JAMS,6561.0,181.0,0.0,0.0,0.0,0.0,6563,181,0.0,0.0,0.0,0.0,6562.0,0.0
0,753300,JAMS,6561.0,263.0,0.0,0.0,0.0,0.0,6563,263,0.0,0.0,0.0,0.0,6562.0,0.0
0,753400,JAMS,6561.0,228.0,0.0,0.0,0.0,0.0,6562,51,6563.0,177.0,0.0,0.0,6561.5,0.0
0,753500,JAMS,6561.0,50.0,6560.0,107.0,0.0,0.0,6562,50,6563.0,107.0,0.0,0.0,6561.5,0.0
0,753600,JAMS,6561.0,99.0,6560.0,126.0,0.0,0.0,6562,99,6563.0,126.0,0.0,0.0,6561.5,0.0
0,753700,JAMS,6560.0,237.0,0.0,0.0,0.0,0.0,6562,237,0.0,0.0,0.0,0.0,6561.0,0.0
0,753800,JAMS,6560.0,259.0,0.0,0.0,0.0,0.0,6562,259,0.0,0.0,0.0,0.0,6561.0,0.0
0,753900,JAMS,6560.0,270.0,0.0,0.0,0.0,0.0,6562,270,0.0,0.0,0.0,0.0,6561.0,0.0
0,754000,JAMS,6562.0,68.0,6561.0,140.0,0.0,0.0,6563,61,6564.0,140.0,0.0,0.0,6562.5,0.0
0,754100,JAMS,6562.0,11.0,6561.0,267.0,0.0,0.0,6563,267,0.0,0.0,0.0,0.0,6562.5,0.0
0,754200,JAMS,6562.0,96.0,6561.0,105.0,0.0,0.0,6563,96,6564.0,105.0,0.0,0.0,6562.5,0.0
0,754300,JAMS,6561.0,263.0,0.0,0.0,0.0,0.0,6563,263,0.0,0.0,0.0,0.0,6562.0,0.0
0,754400,JAMS,6562.0,76.0,6561.0,190.0,0.0,0.0,6563,76,6564.0,190.0,0.0,0.0,6562.5,0.0
0,754500,JAMS,6562.0,102.0,6561.0,114.0,0.0,0.0,6563,93,6564.0,114.0,0.0,0.0,6562.5,0.0
0,754600,JAMS,6562.0,218.0,0.0,0.0,0.0,0.0,6564,218,0.0,0.0,0.0,0.0,6563.0,0.0
0,754700,JAMS,6562.0,289.0,0.0,0.0,0.0,0.0,6564,289,0.0,0.0,0.0,0.0,6563.0,0.0
0,754800,JAMS,6562.0,259.0,0.0,0.0,0.0,0.0,6564,259,0.0,0.0,0.0,0.0,6563.0,0.0
0,754900,JAMS,6562.0,215.0,0.0,0.0,0.0,0.0,6564,215,0.0,0.0,0.0,0.0,6563.0,0.0
0,755000,JAMS,6562.0,63.0,6561.0,152.0,0.0,0.0,6563,63,6564.0,152.0,0.0,0.0,6562.5,0.0
0,755100,JAMS,6561.0,274.0,0.0,0.0,0.0,0.0,6563,274,0.0,0.0,0.0,0.0,6562.0,0.0
0,755200,JAMS,6561.0,224.0,0.0,0.0,0.0,0.0,6563,235,0.0,0.0,0.0,0.0,6562.0,0.0
0,755300,JAMS,6561.0,261.0,0.0,0.0,0.0,0.0,6563,261,0.0,0.0,0.0,0.0,6562.0,0.0
0,755400,JAMS,6561.0,265.0,0.0,0.0,0.0,0.0,6563,265,0.0,0.0,0.0,0.0,6562.0,0.0
0,755500,JAMS,6561.0,276.0,0.0,0.0,0.0,0.0,6563,276,0.0,0.0,0.0,0.0,6562.0,0.0
0,755600,JAMS,6562.0,223.0,0.0,0.0,0.0,0.0,6564,223,0.0,0.0,0.0,0.0,6563.0,0.0
0,755700,JAMS,6562.0,77.0,6561.0,173.0,0.0,0.0,6563,77,6564.0,173.0,0.0,0.0,6562.5,0.0
0,755800,JAMS,6561.0,255.0,0.0,0.0,0.0,0.0,6563,255,0.0,0.0,0.0,0.0,6562.0,0.0
0,755900,JAMS,6560.0,189.0,0.0,0.0,0.0,0.0,6562,189,0.0,0.0,0.0,0.0,6561.0,0.0
0,756000,JAMS,6560.0,217.0,0.0,0.0,0.0,0.0,6562,217,0.0,0.0,0.0,0.0,6561.0,0.0
0,756100,JAMS,6560.0,178.0,0.0,0.0,0.0,0.0,6562,178,0.0,0.0,0.0,0.0,6561.0,0.0
0,756200,JAMS,6560.0,191.0,0.0,0.0,0.0,0.0,6562,191,0.0,0.0,0.0,0.0,6561.0,0.0
0,756300,JAMS,6560.0,234.0,0.0,0.0,0.0,0.0,6562,234,0.0,0.0,0.0,0.0,6561.0,0.0
0,756400,JAMS,6560.0,202.0,0.0,0.0,0.0,0.0,6562,202,0.0,0.0,0.0,0.0,6561.0,0.0
0,756500,JAMS,6560.0,92.0,6559.0,106.0,0.0,0.0,6561,97,6562.0,106.0,0.0,0.0,6560.5,0.0
0,756600,JAMS,6560.0,86.0,6559.0,115.0,0.0,0.0,6561,83,6562.0,115.0,0.0,0.0,6560.5,0.0
0,756700,JAMS,6559.0,249.0,0.0,0.0,0.0,0.0,6561,249,0.0,0.0,0.0,0.0,6560.0,0.0
0,756800,JAMS,6559.0,245.0,0.0,0.0,0.0,0.0,6561,245,0.0,0.0,0.0,0.0,6560.0,0.0
0,756900,JAMS,6559.0,242.0,0.0,0.0,0.0,0.0,6561,242,0.0,0.0,0.0,0.0,6560.0,0.0
0,757000,JAMS,6559.0,276.0,0.0,0.0,0.0,0.0,6561,276,0.0,0.0,0.0,0.0,6560.0,0.0
0,757100,JAMS,6559.0,275.0,0.0,0.0,0.0,0.0,6561,275,0.0,0.0,0.0,0.0,6560.0,0.0
0,757200,JAMS,6559.0,213.0,0.0,0.0,0.0,0.0,6561,213,0.0,0.0,0.0,0.0,6560.0,0.0
0,757300,JAMS,6559.0,68.0,6558.0,187.0,0.0,0.0,6560,68,6561.0,187.0,0.0,0.0,6559.5,0.0
0,757400,JAMS,6558.0,243.0,0.0,0.0,0.0,0.0,6560,243,0.0,0.0,0.0,0.0,6559.0,0.0
0,757500,JAMS,6558.0,197.0,0.0,0.0,0.0,0.0,6560,197,0.0,0.0,0.0,0.0,6559.0,0.0
0,757600,JAMS,6558.0,280.0,0.0,0.0,0.0,0.0,6560,280,0.0,0.0,0.0,0.0,6559.0,0.0
0,757700,JAMS,6558.0,263.0,0.0,0.0,0.0,0.0,6560,263,0.0,0.0,0.0,0.0,6559.0,0.0
0,757800,JAMS,6558.0,276.0,0.0,0.0,0.0,0.0,6560,276,0.0,0.0,0.0,0.0,6559.0,0.0
0,757900,JAMS,6557.0,210.0,0.0,0.0,0.0,0.0,6559,210,0.0,0.0,0.0,0.0,6558.0,0.0
0,758000,JAMS,6558.0,255.0,0.0,0.0,0.0,0.0,6560,255,0.0,0.0,0.0,0.0,6559.0,0.0
0,758100,JAMS,6558.0,280.0,0.0,0.0,0.0,0.0,6560,280,0.0,0.0,0.0,0.0,6559.0,0.0
0,758200,JAMS,6559.0,182.0,0.0,0.0,0.0,0.0,6561,182,0.0,0.0,0.0,0.0,6560.0,0.0
0,758300,JAMS,6559.0,253.0,0.0,0.0,0.0,0.0,6561,253,0.0,0.0,0.0,0.0,6560.0,0.0
0,758400,JAMS,6559.0,248.0,0.0,0.0,0.0,0.0,6561,248,0.0,0.0,0.0,0.0,6560.0,0.0
0,758500,JAMS,6559.0,196.0,0.0,0.0,0.0,0.0,6561,196,0.0,0.0,0.0,0.0,6560.0,0.0
0,758600,JAMS,6560.0,82.0,6559.0,145.0,0.0,0.0,6561,82,6562.0,145.0,0.0,0.0,6560.5,0.0
0,758700,JAMS,6559.0,191.0,0.0,0.0,0.0,0.0,6561,191,0.0,0.0,0.0,0.0,6560.0,0.0
0,758800,JAMS,6561.0,80.0,6560.0,196.0,0.0,0.0,6562,80,6563.0,196.0,0.0,0.0,6561.5,0.0
0,758900,JAMS,6561.0,251.0,0.0,0.0,0.0,0.0,6563,251,0.0,0.0,0.0,0.0,6562.0,0.0
0,759000,JAMS,6561.0,261.0,0.0,0.0,0.0,0.0,6563,261,0.0,0.0,0.0,0.0,6562.0,0.0
0,759100,JAMS,6560.0,207.0,0.0,0.0,0.0,0.0,6562,207,0.0,0.0,0.0,0.0,6561.0,0.0
0,759200,JAMS,6560.0,58.0,6559.0,156.0,0.0,0.0,6561,58,6562.0,156.0,0.0,0.0,6560.5,0.0
0,759300,JAMS,6560.0,67.0,6559.0,121.0,0.0,0.0,6561,76,6562.0,121.0,0.0,0.0,6560.5,0.0
0,759400,JAMS,6560.0,88.0,6559.0,157.0,0.0,0.0,6561,88,6562.0,157.0,0.0,0.0,6560.5,0.0
0,759500,JAMS,6560.0,76.0,6559.0,105.0,0.0,0.0,6561,76,6562.0,105.0,0.0,0.0,6560.5,0.0
0,759600,JAMS,6561.0,216.0,0.0,0.0,0.0,0.0,6562,74,6563.0,142.0,0.0,0.0,6561.5,0.0
0,759700,JAMS,6561.0,70.0,6560.0,104.0,0.0,0.0,6562,70,6563.0,104.0,0.0,0.0,6561.5,0.0
0,759800,JAMS,6560.0,231.0,0.0,0.0,0.0,0.0,6562,231,0.0,0.0,0.0,0.0,6561.0,0.0
0,759900,JAMS,6560.0,218.0,0.0,0.0,0.0,0.0,6562,218,0.0,0.0,0.0,0.0,6561.0,0.0
0,760000,JAMS,6560.0,163.0,0.0,0.0,0.0,0.0,6562,171,0.0,0.0,0.0,0.0,6561.0,0.0
0,760100,JAMS,6560.0,85.0,6559.0,166.0,0.0,0.0,6561,85,6562.0,166.0,0.0,0.0,6560.5,0.0
0,760200,JAMS,6560.0,69.0,6559.0,130.0,0.0,0.0,6561,69,6562.0,130.0,0.0,0.0,6560.5,0.0
0,760300,JAMS,6560.0,95.0,6559.0,141.0,0.0,0.0,6561,95,6562.0,141.0,0.0,0.0,6560.5,0.0
0,760400,JAMS,6560.0,94.0,6559.0,183.0,0.0,0.0,6561,94,6562.0,183.0,0.0,0.0,6560.5,0.0
0,760500,JAMS,6560.0,87.0,6559.0,120.0,0.0,0.0,6561,87,6562.0,120.0,0.0,0.0,6560.5,0.0
0,760600,JAMS,6559.0,251.0,0.0,0.0,0.0,0.0,6561,251,0.0,0.0,0.0,0.0,6560.0,0.0
0,760700,JAMS,6559.0,259.0,0.0,0.0,0.0,0.0,6561,259,0.0,0.0,0.0,0.0,6560.0,0.0
0,760800,JAMS,6558.0,194.0,0.0,0.0,0.0,0.0,6560,194,0.0,0.0,0.0,0.0,6559.0,0.0
0,760900,JAMS,6558.0,216.0,0.0,0.0,0.0,0.0,6560,216,0.0,0.0,0.0,0.0,6559.0,0.0
0,761000,JAMS,6559.0,92.0,6558.0,111.0,0.0,0.0,6560,92,6561.0,111.0,0.0,0.0,6559.5,0.0
0,761100,JAMS,6559.0,204.0,0.0,0.0,0.0,0.0,6560,56,6561.0,148.0,0.0,0.0,6559.5,0.0
0,761200,JAMS,6561.0,199.0,0.0,0.0,0.0,0.0,6563,199,0.0,0.0,0.0,0.0,6562.0,0.0
0,761300,JAMS,6561.0,279.0,0.0,0.0,0.0,0.0,6563,279,0.0,0.0,0.0,0.0,6562.0,0.0
0,761400,JAMS,6561.0,264.0,0.0,0.0,0.0,0.0,6563,264,0.0,0.0,0.0,0.0,6562.0,0.0
0,761500,JAMS,6561.0,243.0,0.0,0.0,0.0,0.0,6562,97,6563.0,146.0,0.0,0.0,6561.5,0.0
0,761600,JAMS,6561.0,69.0,6560.0,101.0,0.0,0.0,6562,58,6563.0,101.0,0.0,0.0,6561.5,0.0
0,761700,JAMS,6561.0,71.0,6560.0,113.0,0.0,0.0,6562,71,6563.0,113.0,0.0,0.0,6561.5,0.0
0,761800,JAMS,6561.0,63.0,6560.0,109.0,0.0,0.0,6562,172,0.0,0.0,0.0,0.0,6561.5,0.0
0,761900,JAMS,6560.0,267.0,0.0,0.0,0.0,0.0,6562,267,0.0,0.0,0.0,0.0,6561.0,0.0
0,762000,JAMS,6560.0,185.0,0.0,0.0,0.0,0.0,6562,185,0.0,0.0,0.0,0.0,6561.0,0.0
0,762100,JAMS,6560.0,209.0,0.0,0.0,0.0,0.0,6562,209,0.0,0.0,0.0,0.0,6561.0,0.0
0,762200,JAMS,6558.0,234.0,0.0,0.0,0.0,0.0,6560,234,0.0,0.0,0.0,0.0,6559.0,0.0
0,762300,JAMS,6558.0,204.0,0.0,0.0,0.0,0.0,6559,5,6560.0,204.0,0.0,0.0,6558.5,0.0
0,762400,JAMS,6558.0,183.0,0.0,0.0,0.0,0.0,6560,183,0.0,0.0,0.0,0.0,6559.0,0.0
0,762500,JAMS,6558.0,261.0,0.0,0.0,0.0,0.0,6560,261,0.0,0.0,0.0,0.0,6559.0,0.0
0,762600,JAMS,6557.0,216.0,0.0,0.0,0.0,0.0,6559,216,0.0,0.0,0.0,0.0,6558.0,0.0
0,762700,JAMS,6557.0,233.0,0.0,0.0,0.0,0.0,6559,233,0.0,0.0,0.0,0.0,6558.0,0.0
0,762800,JAMS,6557.0,100.0,6556.0,102.0,0.0,0.0,6558,100,6559.0,102.0,0.0,0.0,6557.5,0.0
0,762900,JAMS,6556.0,218.0,0.0,0.0,0.0,0.0,6558,218,0.0,0.0,0.0,0.0,6557.0,0.0
0,763000,JAMS,6556.0,212.0,0.0,0.0,0.0,0.0,6558,212,0.0,0.0,0.0,0.0,6557.0,0.0
0,763100,JAMS,6555.0,284.0,0.0,0.0,0.0,0.0,6557,284,0.0,0.0,0.0,0.0,6556.0,0.0
0,763200,JAMS,6556.0,271.0,0.0,0.0,0.0,0.0,6558,271,0.0,0.0,0.0,0.0,6557.0,0.0
0,763300,JAMS,6557.0,253.0,0.0,0.0,0.0,0.0,6559,253,0.0,0.0,0.0,0.0,6558.0,0.0
0,763400,JAMS,6558.0,82.0,6557.0,100.0,0.0,0.0,6559,82,6560.0,100.0,0.0,0.0,6558.5,0.0
0,763500,JAMS,6559.0,243.0,0.0,0.0,0.0,0.0,6560,71,6561.0,172.0,0.0,0.0,6559.5,0.0
0,763600,JAMS,6559.0,58.0,6558.0,195.0,0.0,0.0,6560,58,6561.0,195.0,0.0,0.0,6559.5,0.0
0,763700,JAMS,6559.0,79.0,6558.0,102.0,0.0,0.0,6560,79,6561.0,102.0,0.0,0.0,6559.5,0.0
0,763800,JAMS,6559.0,232.0,0.0,0.0,0.0,0.0,6561,232,0.0,0.0,0.0,0.0,6560.0,0.0
0,763900,JAMS,6559.0,239.0,0.0,0.0,0.0,0.0,6561,235,0.0,0.0,0.0,0.0,6560.0,0.0
0,764000,JAMS,6559.0,233.0,0.0,0.0,0.0,0.0,6561,233,0.0,0.0,0.0,0.0,6560.0,0.0
0,764100,JAMS,6561.0,174.0,0.0,0.0,0.0,0.0,6562,68,6563.0,106.0,0.0,0.0,6561.5,0.0
0,764200,JAMS,6561.0,51.0,6560.0,114.0,0.0,0.0,6562,51,6563.0,114.0,0.0,0.0,6561.5,0.0
0,764300,JAMS,6560.0,198.0,0.0,0.0,0.0,0.0,6561,8,6562.0,198.0,0.0,0.0,6560.5,0.0
0,764400,JAMS,6560.0,216.0,0.0,0.0,0.0,0.0,6562,216,0.0,0.0,0.0,0.0,6561.0,0.0
0,764500,JAMS,6560.0,59.0,6559.0,108.0,0.0,0.0,6561,59,6562.0,108.0,0.0,0.0,6560.5,0.0
0,764600,JAMS,6559.0,196.0,0.0,0.0,0.0,0.0,6561,196,0.0,0.0,0.0,0.0,6560.0,0.0
0,764700,JAMS,6559.0,178.0,0.0,0.0,0.0,0.0,6560,9,6561.0,178.0,0.0,0.0,6559.5,0.0
0,764800,JAMS,6559.0,245.0,0.0,0.0,0.0,0.0,6561,245,0.0,0.0,0.0,0.0,6560.0,0.0
0,764900,JAMS,6560.0,92.0,6559.0,197.0,0.0,0.0,6561,289,0.0,0.0,0.0,0.0,6560.5,0.0
0,765000,JAMS,6559.0,161.0,0.0,0.0,0.0,0.0,6561,161,0.0,0.0,0.0,0.0,6560.0,0.0
0,765100,JAMS,6559.0,192.0,0.0,0.0,0.0,0.0,6561,192,0.0,0.0,0.0,0.0,6560.0,0.0
0,765200,JAMS,6559.0,262.0,0.0,0.0,0.0,0.0,6561,262,0.0,0.0,0.0,0.0,6560.0,0.0
0,765300,JAMS,6560.0,208.0,0.0,0.0,0.0,0.0,6562,208,0.0,0.0,0.0,0.0,6561.0,0.0
0,765400,JAMS,6561.0,233.0,0.0,0.0,0.0,0.0,6563,233,0.0,0.0,0.0,0.0,6562.0,0.0
0,765500,JAMS,6561.0,219.0,0.0,0.0,0.0,0.0,6563,213,0.0,0.0,0.0,0.0,6562.0,0.0
0,765600,JAMS,6561.0,262.0,0.0,0.0,0.0,0.0,6563,262,0.0,0.0,0.0,0.0,6562.0,0.0
0,765700,JAMS,6561.0,192.0,0.0,0.0,0.0,0.0,6563,192,0.0,0.0,0.0,0.0,6562.0,0.0
0,765800,JAMS,6561.0,66.0,6560.0,149.0,0.0,0.0,6562,66,6563.0,149.0,0.0,0.0,6561.5,0.0
0,765900,JAMS,6561.0,66.0,6560.0,159.0,0.0,0.0,6562,66,6563.0,159.0,0.0,0.0,6561.5,0.0
0,766000,JAMS,6558.0,202.0,0.0,0.0,0.0,0.0,6560,202,0.0,0.0,0.0,0.0,6559.0,0.0
0,766100,JAMS,6558.0,261.0,0.0,0.0,0.0,0.0,6560,261,0.0,0.0,0.0,0.0,6559.0,0.0
0,766200,JAMS,6558.0,180.0,0.0,0.0,0.0,0.0,6560,177,0.0,0.0,0.0,0.0,6559.0,0.0
0,766300,JAMS,6558.0,87.0,6557.0,109.0,0.0,0.0,6559,87,6560.0,109.0,0.0,0.0,6558.5,0.0
0,766400,JAMS,6558.0,52.0,6557.0,183.0,0.0,0.0,6559,52,6560.0,183.0,0.0,0.0,6558.5,0.0
0,766500,JAMS,6557.0,157.0,0.0,0.0,0.0,0.0,6559,157,0.0,0.0,0.0,0.0,6558.0,0.0
0,766600,JAMS,6558.0,62.0,6557.0,150.0,0.0,0.0,6559,62,6560.0,150.0,0.0,0.0,6558.5,0.0
0,766700,JAMS,6558.0,183.0,0.0,0.0,0.0,0.0,6559,73,6560.0,110.0,0.0,0.0,6558.5,0.0
0,766800,JAMS,6558.0,100.0,6557.0,179.0,0.0,0.0,6559,100,6560.0,179.0,0.0,0.0,6558.5,0.0
0,766900,JAMS,6558.0,249.0,0.0,0.0,0.0,0.0,6560,249,0.0,0.0,0.0,0.0,6559.0,0.0
0,767000,JAMS,6559.0,262.0,0.0,0.0,0.0,0.0,6561,262,0.0,0.0,0.0,0.0,6560.0,0.0
0,767100,JAMS,6559.0,231.0,0.0,0.0,0.0,0.0,6561,231,0.0,0.0,0.0,0.0,6560.0,0.0
0,767200,JAMS,6560.0,72.0,6559.0,167.0,0.0,0.0,6561,239,0.0,0.0,0.0,0.0,6560.5,0.0
0,767300,JAMS,6559.0,219.0,0.0,0.0,0.0,0.0,6561,219,0.0,0.0,0.0,0.0,6560.0,0.0
0,767400,JAMS,6559.0,9.0,6558.0,220.0,0.0,0.0,6560,220,0.0,0.0,0.0,0.0,6559.5,0.0
0,767500,JAMS,6559.0,236.0,0.0,0.0,0.0,0.0,6561,236,0.0,0.0,0.0,0.0,6560.0,0.0
0,767600,JAMS,6559.0,233.0,0.0,0.0,0.0,0.0,6561,233,0.0,0.0,0.0,0.0,6560.0,0.0
0,767700,JAMS,6559.0,75.0,6558.0,148.0,0.0,0.0,6560,75,6561.0,148.0,0.0,0.0,6559.5,0.0
0,767800,JAMS,6558.0,202.0,0.0,0.0,0.0,0.0,6560,214,0.0,0.0,0.0,0.0,6559.0,0.0
0,767900,JAMS,6557.0,172.0,0.0,0.0,0.0,0.0,6559,172,0.0,0.0,0.0,0.0,6558.0,0.0
0,768000,JAMS,6558.0,195.0,0.0,0.0,0.0,0.0,6560,195,0.0,0.0,0.0,0.0,6559.0,0.0
0,768100,JAMS,6558.0,220.0,0.0,0.0,0.0,0.0,6560,220,0.0,0.0,0.0,0.0,6559.0,0.0
0,768200,JAMS,6558.0,200.0,0.0,0.0,0.0,0.0,6560,200,0.0,0.0,0.0,0.0,6559.0,0.0
0,768300,JAMS,6558.0,234.0,0.0,0.0,0.0,0.0,6560,234,0.0,0.0,0.0,0.0,6559.0,0.0
0,768400,JAMS,6558.0,254.0,0.0,0.0,0.0,0.0,6560,254,0.0,0.0,0.0,0.0,6559.0,0.0
0,768500,JAMS,6557.0,207.0,0.0,0.0,0.0,0.0,6559,207,0.0,0.0,0.0,0.0,6558.0,0.0
0,768600,JAMS,6558.0,172.0,0.0,0.0,0.0,0.0,6560,172,0.0,0.0,0.0,0.0,6559.0,0.0
0,768700,JAMS,6558.0,55.0,6557.0,124.0,0.0,0.0,6559,55,6560.0,124.0,0.0,0.0,6558.5,0.0
0,768800,JAMS,6557.0,194.0,0.0,0.0,0.0,0.0,6559,194,0.0,0.0,0.0,0.0,6558.0,0.0
0,768900,JAMS,6558.0,84.0,6557.0,107.0,0.0,0.0,6559,84,6560.0,107.0,0.0,0.0,6558.5,0.0
0,769000,JAMS,6557.0,225.0,0.0,0.0,0.0,0.0,6559,225,0.0,0.0,0.0,0.0,6558.0,0.0
0,769100,JAMS,6557.0,190.0,0.0,0.0,0.0,0.0,6559,190,0.0,0.0,0.0,0.0,6558.0,0.0
0,769200,JAMS,6557.0,224.0,0.0,0.0,0.0,0.0,6559,224,0.0,0.0,0.0,0.0,6558.0,0.0
0,769300,JAMS,6557.0,258.0,0.0,0.0,0.0,0.0,6559,258,0.0,0.0,0.0,0.0,6558.0,0.0
0,769400,JAMS,6557.0,180.0,0.0,0.0,0.0,0.0,6559,180,0.0,0.0,0.0,0.0,6558.0,0.0
0,769500,JAMS,6557.0,258.0,0.0,0.0,0.0,0.0,6559,258,0.0,0.0,0.0,0.0,6558.0,0.0
0,769600,JAMS,6558.0,3.0,6557.0,184.0,0.0,0.0,6559,184,0.0,0.0,0.0,0.0,6558.5,0.0
0,769700,JAMS,6557.0,190.0,0.0,0.0,0.0,0.0,6559,190,0.0,0.0,0.0,0.0,6558.0,0.0
0,769800,JAMS,6557.0,240.0,0.0,0.0,0.0,0.0,6559,247,0.0,0.0,0.0,0.0,6558.0,0.0
0,769900,JAMS,6557.0,256.0,0.0,0.0,0.0,0.0,6559,256,0.0,0.0,0.0,0.0,6558.0,0.0
0,770000,JAMS,6557.0,284.0,0.0,0.0,0.0,0.0,6559,284,0.0,0.0,0.0,0.0,6558.0,0.0
0,770100,JAMS,6557.0,203.0,0.0,0.0,0.0,0.0,6559,203,0.0,0.0,0.0,0.0,6558.0,0.0
0,770200,JAMS,6557.0,288.0,0.0,0.0,0.0,0.0,6559,288,0.0,0.0,0.0,0.0,6558.0,0.0
0,770300,JAMS,6558.0,230.0,0.0,0.0,0.0,0.0,6560,230,0.0,0.0,0.0,0.0,6559.0,0.0
0,770400,JAMS,6559.0,65.0,6558.0,169.0,0.0,0.0,6560,65,6561.0,169.0,0.0,0.0,6559.5,0.0
0,770500,JAMS,6559.0,203.0,0.0,0.0,0.0,0.0,6561,203,0.0,0.0,0.0,0.0,6560.0,0.0
0,770600,JAMS,6559.0,200.0,0.0,0.0,0.0,0.0,6561,200,0.0,0.0,0.0,0.0,6560.0,0.0
0,770700,JAMS,6559.0,222.0,0.0,0.0,0.0,0.0,6561,222,0.0,0.0,0.0,0.0,6560.0,0.0
0,770800,JAMS,6559.0,53.0,6558.0,123.0,0.0,0.0,6560,53,6561.0,123.0,0.0,0.0,6559.5,0.0
0,770900,JAMS,6559.0,51.0,6558.0,128.0,0.0,0.0,6560,51,6561.0,128.0,0.0,0.0,6559.5,0.0
0,771000,JAMS,6558.0,63.0,6557.0,157.0,0.0,0.0,6559,220,0.0,0.0,0.0,0.0,6558.5,0.0
0,771100,JAMS,6557.0,95.0,6556.0,184.0,0.0,0.0,6558,95,6559.0,184.0,0.0,0.0,6557.5,0.0
0,771200,JAMS,6557.0,300.0,0.0,0.0,0.0,0.0,6559,300,0.0,0.0,0.0,0.0,6558.0,0.0
0,771300,JAMS,6556.0,182.0,0.0,0.0,0.0,0.0,6558,182,0.0,0.0,0.0,0.0,6557.0,0.0
0,771400,JAMS,6556.0,275.0,0.0,0.0,0.0,0.0,6558,275,0.0,0.0,0.0,0.0,6557.0,0.0
0,771500,JAMS,6556.0,68.0,6555.0,125.0,0.0,0.0,6557,68,6558.0,125.0,0.0,0.0,6556.5,0.0
0,771600,JAMS,6555.0,62.0,6554.0,109.0,0.0,0.0,6556,68,6557.0,109.0,0.0,0.0,6555.5,0.0
0,771700,JAMS,6555.0,245.0,0.0,0.0,0.0,0.0,6557,245,0.0,0.0,0.0,0.0,6556.0,0.0
0,771800,JAMS,6555.0,255.0,0.0,0.0,0.0,0.0,6557,255,0.0,0.0,0.0,0.0,6556.0,0.0
0,771900,JAMS,6555.0,98.0,6554.0,163.0,0.0,0.0,6556,98,6557.0,163.0,0.0,0.0,6555.5,0.0
0,772000,JAMS,6555.0,71.0,6554.0,126.0,0.0,0.0,6556,75,6557.0,126.0,0.0,0.0,6555.5,0.0
0,772100,JAMS,6555.0,218.0,0.0,0.0,0.0,0.0,6557,218,0.0,0.0,0.0,0.0,6556.0,0.0
0,772200,JAMS,6555.0,234.0,0.0,0.0,0.0,0.0,6557,234,0.0,0.0,0.0,0.0,6556.0,0.0
0,772300,JAMS,6556.0,91.0,6555.0,155.0,0.0,0.0,6557,91,6558.0,155.0,0.0,0.0,6556.5,0.0
0,772400,JAMS,6555.0,57.0,6554.0,167.0,0.0,0.0,6556,65,6557.0,167.0,0.0,0.0,6555.5,0.0
0,772500,JAMS,6555.0,52.0,6554.0,188.0,0.0,0.0,6556,52,6557.0,188.0,0.0,0.0,6555.5,0.0
0,772600,JAMS,6555.0,85.0,6554.0,108.0,0.0,0.0,6556,85,6557.0,108.0,0.0,0.0,6555.5,0.0
0,772700,JAMS,6555.0,98.0,6554.0,181.0,0.0,0.0,6556,98,6557.0,181.0,0.0,0.0,6555.5,0.0
0,772800,JAMS,6554.0,219.0,0.0,0.0,0.0,0.0,6556,219,0.0,0.0,0.0,0.0,6555.0,0.0
0,772900,JAMS,6551.0,269.0,0.0,0.0,0.0,0.0,6553,269,0.0,0.0,0.0,0.0,6552.0,0.0
0,773000,JAMS,6550.0,221.0,0.0,0.0,0.0,0.0,6552,221,0.0,0.0,0.0,0.0,6551.0,0.0
0,773100,JAMS,6551.0,186.0,0.0,0.0,0.0,0.0,6553,186,0.0,0.0,0.0,0.0,6552.0,0.0
0,773200,JAMS,6552.0,70.0,6551.0,147.0,0.0,0.0,6553,70,6554.0,147.0,0.0,0.0,6552.5,0.0
0,773300,JAMS,6552.0,261.0,0.0,0.0,0.0,0.0,6554,261,0.0,0.0,0.0,0.0,6553.0,0.0
0,773400,JAMS,6552.0,89.0,6551.0,140.0,0.0,0.0,6553,89,6554.0,140.0,0.0,0.0,6552.5,0.0
0,773500,JAMS,6552.0,97.0,6551.0,175.0,0.0,0.0,6553,97,6554.0,175.0,0.0,0.0,6552.5,0.0
0,773600,JAMS,6553.0,240.0,0.0,0.0,0.0,0.0,6555,240,0.0,0.0,0.0,0.0,6554.0,0.0
0,773700,JAMS,6554.0,230.0,0.0,0.0,0.0,0.0,6556,230,0.0,0.0,0.0,0.0,6555.0,0.0
0,773800,JAMS,6554.0,185.0,0.0,0.0,0.0,0.0,6556,185,0.0,0.0,0.0,0.0,6555.0,0.0
0,773900,JAMS,6554.0,165.0,0.0,0.0,0.0,0.0,6556,165,0.0,0.0,0.0,0.0,6555.0,0.0
0,774000,JAMS,6554.0,207.0,0.0,0.0,0.0,0.0,6556,207,0.0,0.0,0.0,0.0,6555.0,0.0
0,774100,JAMS,6554.0,205.0,0.0,0.0,0.0,0.0,6556,205,0.0,0.0,0.0,0.0,6555.0,0.0
0,774200,JAMS,6554.0,227.0,0.0,0.0,0.0,0.0,6556,227,0.0,0.0,0.0,0.0,6555.0,0.0
0,774300,JAMS,6554.0,226.0,0.0,0.0,0.0,0.0,6556,226,0.0,0.0,0.0,0.0,6555.0,0.0
0,774400,JAMS,6554.0,60.0,6553.0,124.0,0.0,0.0,6555,64,6556.0,124.0,0.0,0.0,6554.5,0.0
0,774500,JAMS,6554.0,97.0,6553.0,170.0,0.0,0.0,6555,97,6556.0,170.0,0.0,0.0,6554.5,0.0
0,774600,JAMS,6553.0,250.0,0.0,0.0,0.0,0.0,6555,250,0.0,0.0,0.0,0.0,6554.0,0.0
0,774700,JAMS,6553.0,65.0,6552.0,104.0,0.0,0.0,6554,65,6555.0,104.0,0.0,0.0,6553.5,0.0
0,774800,JAMS,6553.0,286.0,0.0,0.0,0.0,0.0,6555,286,0.0,0.0,0.0,0.0,6554.0,0.0
0,774900,JAMS,6553.0,177.0,0.0,0.0,0.0,0.0,6555,177,0.0,0.0,0.0,0.0,6554.0,0.0
0,775000,JAMS,6554.0,65.0,6553.0,183.0,0.0,0.0,6555,65,6556.0,183.0,0.0,0.0,6554.5,0.0
0,775100,JAMS,6554.0,202.0,0.0,0.0,0.0,0.0,6556,202,0.0,0.0,0.0,0.0,6555.0,0.0
0,775200,JAMS,6555.0,60.0,6554.0,181.0,0.0,0.0,6556,60,6557.0,181.0,0.0,0.0,6555.5,0.0
0,775300,JAMS,6555.0,67.0,6554.0,137.0,0.0,0.0,6556,67,6557.0,137.0,0.0,0.0,6555.5,0.0
0,775400,JAMS,6554.0,247.0,0.0,0.0,0.0,0.0,6556,247,0.0,0.0,0.0,0.0,6555.0,0.0
0,775500,JAMS,6554.0,227.0,0.0,0.0,0.0,0.0,6556,221,0.0,0.0,0.0,0.0,6555.0,0.0
0,775600,JAMS,6554.0,215.0,0.0,0.0,0.0,0.0,6556,215,0.0,0.0,0.0,0.0,6555.0,0.0
0,775700,JAMS,6554.0,234.0,0.0,0.0,0.0,0.0,6556,234,0.0,0.0,0.0,0.0,6555.0,0.0
0,775800,JAMS,6554.0,91.0,6553.0,108.0,0.0,0.0,6555,91,6556.0,108.0,0.0,0.0,6554.5,0.0
0,775900,JAMS,6553.0,70.0,6552.0,122.0,0.0,0.0,6554,70,6555.0,122.0,0.0,0.0,6553.5,0.0
0,776000,JAMS,6553.0,176.0,0.0,0.0,0.0,0.0,6555,176,0.0,0.0,0.0,0.0,6554.0,0.0
0,776100,JAMS,6553.0,71.0,6552.0,165.0,0.0,0.0,6554,64,6555.0,165.0,0.0,0.0,6553.5,0.0
0,776200,JAMS,6553.0,66.0,6552.0,102.0,0.0,0.0,6554,66,6555.0,102.0,0.0,0.0,6553.5,0.0
0,776300,JAMS,6553.0,54.0,6552.0,147.0,0.0,0.0,6554,54,6555.0,147.0,0.0,0.0,6553.5,0.0
0,776400,JAMS,6553.0,221.0,0.0,0.0,0.0,0.0,6555,221,0.0,0.0,0.0,0.0,6554.0,0.0
0,776500,JAMS,6553.0,206.0,0.0,0.0,0.0,0.0,6555,206,0.0,0.0,0.0,0.0,6554.0,0.0
0,776600,JAMS,6553.0,229.0,0.0,0.0,0.0,0.0,6555,229,0.0,0.0,0.0,0.0,6554.0,0.0
0,776700,JAMS,6552.0,67.0,6551.0,137.0,0.0,0.0,6553,67,6554.0,137.0,0.0,0.0,6552.5,0.0
0,776800,JAMS,6551.0,215.0,0.0,0.0,0.0,0.0,6553,215,0.0,0.0,0.0,0.0,6552.0,0.0
0,776900,JAMS,6551.0,220.0,0.0,0.0,0.0,0.0,6553,220,0.0,0.0,0.0,0.0,6552.0,0.0
0,777000,JAMS,6551.0,193.0,0.0,0.0,0.0,0.0,6553,193,0.0,0.0,0.0,0.0,6552.0,0.0
0,777100,JAMS,6551.0,185.0,0.0,0.0,0.0,0.0,6553,185,0.0,0.0,0.0,0.0,6552.0,0.0
0,777200,JAMS,6551.0,221.0,0.0,0.0,0.0,0.0,6553,221,0.0,0.0,0.0,0.0,6552.0,0.0
0,777300,JAMS,6552.0,48.0,6551.0,169.0,0.0,0.0,6553,59,6554.0,169.0,0.0,0.0,6552.5,0.0
0,777400,JAMS,6551.0,187.0,0.0,0.0,0.0,0.0,6553,187,0.0,0.0,0.0,0.0,6552.0,0.0
0,777500,JAMS,6551.0,235.0,0.0,0.0,0.0,0.0,6553,235,0.0,0.0,0.0,0.0,6552.0,0.0
0,777600,JAMS,6551.0,258.0,0.0,0.0,0.0,0.0,6553,258,0.0,0.0,0.0,0.0,6552.0,0.0
0,777700,JAMS,6552.0,93.0,6551.0,198.0,0.0,0.0,6553,291,0.0,0.0,0.0,0.0,6552.5,0.0
0,777800,JAMS,6551.0,181.0,0.0,0.0,0.0,0.0,6553,181,0.0,0.0,0.0,0.0,6552.0,0.0
0,777900,JAMS,6550.0,260.0,0.0,0.0,0.0,0.0,6552,260,0.0,0.0,0.0,0.0,6551.0,0.0
0,778000,JAMS,6551.0,70.0,6550.0,133.0,0.0,0.0,6552,203,0.0,0.0,0.0,0.0,6551.5,0.0
0,778100,JAMS,6551.0,81.0,6550.0,131.0,0.0,0.0,6552,212,0.0,0.0,0.0,0.0,6551.5,0.0
0,778200,JAMS,6551.0,88.0,6550.0,104.0,0.0,0.0,6552,88,6553.0,104.0,0.0,0.0,6551.5,0.0
0,778300,JAMS,6550.0,213.0,0.0,0.0,0.0,0.0,6552,213,0.0,0.0,0.0,0.0,6551.0,0.0
0,778400,JAMS,6551.0,219.0,0.0,0.0,0.0,0.0,6553,219,0.0,0.0,0.0,0.0,6552.0,0.0
0,778500,JAMS,6551.0,265.0,0.0,0.0,0.0,0.0,6553,265,0.0,0.0,0.0,0.0,6552.0,0.0
0,778600,JAMS,6551.0,225.0,0.0,0.0,0.0,0.0,6553,225,0.0,0.0,0.0,0.0,6552.0,0.0
0,778700,JAMS,6550.0,211.0,0.0,0.0,0.0,0.0,6552,211,0.0,0.0,0.0,0.0,6551.0,0.0
0,778800,JAMS,6549.0,196.0,0.0,0.0,0.0,0.0,6551,196,0.0,0.0,0.0,0.0,6550.0,0.0
0,778900,JAMS,6549.0,180.0,0.0,0.0,0.0,0.0,6551,180,0.0,0.0,0.0,0.0,6550.0,0.0
0,779000,JAMS,6549.0,256.0,0.0,0.0,0.0,0.0,6551,256,0.0,0.0,0.0,0.0,6550.0,0.0
0,779100,JAMS,6550.0,85.0,6549.0,200.0,0.0,0.0,6551,85,6552.0,200.0,0.0,0.0,6550.5,0.0
0,779200,JAMS,6550.0,230.0,0.0,0.0,0.0,0.0,6552,230,0.0,0.0,0.0,0.0,6551.0,0.0
0,779300,JAMS,6550.0,159.0,0.0,0.0,0.0,0.0,6552,159,0.0,0.0,0.0,0.0,6551.0,0.0
0,779400,JAMS,6550.0,183.0,0.0,0.0,0.0,0.0,6552,183,0.0,0.0,0.0,0.0,6551.0,0.0
0,779500,JAMS,6550.0,85.0,6549.0,189.0,0.0,0.0,6551,85,6552.0,189.0,0.0,0.0,6550.5,0.0
0,779600,JAMS,6550.0,76.0,6549.0,100.0,0.0,0.0,6551,64,6552.0,100.0,0.0,0.0,6550.5,0.0
0,779700,JAMS,6550.0,80.0,6549.0,102.0,0.0,0.0,6551,80,6552.0,102.0,0.0,0.0,6550.5,0.0
0,779800,JAMS,6550.0,52.0,6549.0,143.0,0.0,0.0,6551,52,6552.0,143.0,0.0,0.0,6550.5,0.0
0,779900,JAMS,6550.0,64.0,6549.0,104.0,0.0,0.0,6551,64,6552.0,104.0,0.0,0.0,6550.5,0.0
0,780000,JAMS,6549.0,225.0,0.0,0.0,0.0,0.0,6550,9,6551.0,225.0,0.0,0.0,6549.5,0.0
0,780100,JAMS,6549.0,249.0,0.0,0.0,0.0,0.0,6551,249,0.0,0.0,0.0,0.0,6550.0,0.0
0,780200,JAMS,6549.0,208.0,0.0,0.0,0.0,0.0,6551,208,0.0,0.0,0.0,0.0,6550.0,0.0
0,780300,JAMS,6548.0,222.0,0.0,0.0,0.0,0.0,6550,222,0.0,0.0,0.0,0.0,6549.0,0.0
0,780400,JAMS,6548.0,60.0,6547.0,192.0,0.0,0.0,6549,60,6550.0,192.0,0.0,0.0,6548.5,0.0
0,780500,JAMS,6548.0,99.0,6547.0,129.0,0.0,0.0,6549,99,6550.0,129.0,0.0,0.0,6548.5,0.0
0,780600,JAMS,6548.0,52.0,6547.0,109.0,0.0,0.0,6549,52,6550.0,109.0,0.0,0.0,6548.5,0.0
0,780700,JAMS,6548.0,69.0,6547.0,131.0,0.0,0.0,6549,69,6550.0,131.0,0.0,0.0,6548.5,0.0
0,780800,JAMS,6547.0,282.0,0.0,0.0,0.0,0.0,6549,282,0.0,0.0,0.0,0.0,6548.0,0.0
0,780900,JAMS,6547.0,273.0,0.0,0.0,0.0,0.0,6549,273,0.0,0.0,0.0,0.0,6548.0,0.0
0,781000,JAMS,6547.0,211.0,0.0,0.0,0.0,0.0,6549,211,0.0,0.0,0.0,0.0,6548.0,0.0
0,781100,JAMS,6547.0,254.0,0.0,0.0,0.0,0.0,6549,254,0.0,0.0,0.0,0.0,6548.0,0.0
0,781200,JAMS,6547.0,254.0,0.0,0.0,0.0,0.0,6549,254,0.0,0.0,0.0,0.0,6548.0,0.0
0,781300,JAMS,6547.0,191.0,0.0,0.0,0.0,0.0,6549,191,0.0,0.0,0.0,0.0,6548.0,0.0
0,781400,JAMS,6547.0,233.0,0.0,0.0,0.0,0.0,6549,233,0.0,0.0,0.0,0.0,6548.0,0.0
0,781500,JAMS,6547.0,206.0,0.0,0.0,0.0,0.0,6549,206,0.0,0.0,0.0,0.0,6548.0,0.0
0,781600,JAMS,6547.0,256.0,0.0,0.0,0.0,0.0,6549,256,0.0,0.0,0.0,0.0,6548.0,0.0
0,781700,JAMS,6547.0,167.0,0.0,0.0,0.0,0.0,6549,167,0.0,0.0,0.0,0.0,6548.0,0.0
0,781800,JAMS,6547.0,279.0,0.0,0.0,0.0,0.0,6549,279,0.0,0.0,0.0,0.0,6548.0,0.0
0,781900,JAMS,6547.0,204.0,0.0,0.0,0.0,0.0,6549,204,0.0,0.0,0.0,0.0,6548.0,0.0
0,782000,JAMS,6547.0,168.0,0.0,0.0,0.0,0.0,6549,168,0.0,0.0,0.0,0.0,6548.0,0.0
0,782100,JAMS,6547.0,228.0,0.0,0.0,0.0,0.0,6549,228,0.0,0.0,0.0,0.0,6548.0,0.0
0,782200,JAMS,6547.0,196.0,0.0,0.0,0.0,0.0,6549,196,0.0,0.0,0.0,0.0,6548.0,0.0
0,782300,JAMS,6547.0,167.0,0.0,0.0,0.0,0.0,6548,51,6549.0,116.0,0.0,0.0,6547.5,0.0
0,782400,JAMS,6547.0,78.0,6546.0,104.0,0.0,0.0,6548,78,6549.0,104.0,0.0,0.0,6547.5,0.0
0,782500,JAMS,6547.0,79.0,6546.0,185.0,0.0,0.0,6548,79,6549.0,185.0,0.0,0.0,6547.5,0.0
0,782600,JAMS,6547.0,58.0,6546.0,180.0,0.0,0.0,6548,58,6549.0,180.0,0.0,0.0,6547.5,0.0
0,782700,JAMS,6546.0,170.0,0.0,0.0,0.0,0.0,6548,170,0.0,0.0,0.0,0.0,6547.0,0.0
0,782800,JAMS,6546.0,225.0,0.0,0.0,0.0,0.0,6548,225,0.0,0.0,0.0,0.0,6547.0,0.0
0,782900,JAMS,6547.0,50.0,6546.0,126.0,0.0,0.0,6548,50,6549.0,126.0,0.0,0.0,6547.5,0.0
0,783000,JAMS,6546.0,191.0,0.0,0.0,0.0,0.0,6548,191,0.0,0.0,0.0,0.0,6547.0,0.0
0,783100,JAMS,6546.0,208.0,0.0,0.0,0.0,0.0,6548,208,0.0,0.0,0.0,0.0,6547.0,0.0
0,783200,JAMS,6546.0,100.0,6545.0,185.0,0.0,0.0,6547,100,6548.0,185.0,0.0,0.0,6546.5,0.0
0,783300,JAMS,6546.0,200.0,0.0,0.0,0.0,0.0,6548,200,0.0,0.0,0.0,0.0,6547.0,0.0
0,783400,JAMS,6546.0,228.0,0.0,0.0,0.0,0.0,6548,228,0.0,0.0,0.0,0.0,6547.0,0.0
0,783500,JAMS,6547.0,73.0,6546.0,186.0,0.0,0.0,6548,73,6549.0,186.0,0.0,0.0,6547.5,0.0
0,783600,JAMS,6546.0,211.0,0.0,0.0,0.0,0.0,6548,211,0.0,0.0,0.0,0.0,6547.0,0.0
0,783700,JAMS,6546.0,283.0,0.0,0.0,0.0,0.0,6548,283,0.0,0.0,0.0,0.0,6547.0,0.0
0,783800,JAMS,6547.0,211.0,0.0,0.0,0.0,0.0,6549,211,0.0,0.0,0.0,0.0,6548.0,0.0
0,783900,JAMS,6547.0,256.0,0.0,0.0,0.0,0.0,6549,256,0.0,0.0,0.0,0.0,6548.0,0.0
0,784000,JAMS,6548.0,170.0,0.0,0.0,0.0,0.0,6550,170,0.0,0.0,0.0,0.0,6549.0,0.0
0,784100,JAMS,6548.0,91.0,6547.0,162.0,0.0,0.0,6549,91,6550.0,162.0,0.0,0.0,6548.5,0.0
0,784200,JAMS,6547.0,65.0,6546.0,124.0,0.0,0.0,6548,65,6549.0,124.0,0.0,0.0,6547.5,0.0
0,784300,JAMS,6547.0,93.0,6546.0,137.0,0.0,0.0,6548,93,6549.0,137.0,0.0,0.0,6547.5,0.0
0,784400,JAMS,6546.0,269.0,0.0,0.0,0.0,0.0,6548,269,0.0,0.0,0.0,0.0,6547.0,0.0
0,784500,JAMS,6546.0,240.0,0.0,0.0,0.0,0.0,6548,240,0.0,0.0,0.0,0.0,6547.0,0.0
0,784600,JAMS,6546.0,56.0,6545.0,141.0,0.0,0.0,6547,56,6548.0,141.0,0.0,0.0,6546.5,0.0
0,784700,JAMS,6545.0,192.0,0.0,0.0,0.0,0.0,6547,192,0.0,0.0,0.0,0.0,6546.0,0.0
0,784800,JAMS,6545.0,194.0,0.0,0.0,0.0,0.0,6547,194,0.0,0.0,0.0,0.0,6546.0,0.0
0,784900,JAMS,6546.0,66.0,6545.0,100.0,0.0,0.0,6547,66,6548.0,100.0,0.0,0.0,6546.5,0.0
0,785000,JAMS,6545.0,208.0,0.0,0.0,0.0,0.0,6547,208,0.0,0.0,0.0,0.0,6546.0,0.0
0,785100,JAMS,6544.0,68.0,6543.0,198.0,0.0,0.0,6545,68,6546.0,198.0,0.0,0.0,6544.5,0.0
0,785200,JAMS,6545.0,63.0,6544.0,196.0,0.0,0.0,6546,63,6547.0,196.0,0.0,0.0,6545.5,0.0
0,785300,JAMS,6544.0,255.0,0.0,0.0,0.0,0.0,6546,255,0.0,0.0,0.0,0.0,6545.0,0.0
0,785400,JAMS,6544.0,254.0,0.0,0.0,0.0,0.0,6546,254,0.0,0.0,0.0,0.0,6545.0,0.0
0,785500,JAMS,6544.0,260.0,0.0,0.0,0.0,0.0,6546,260,0.0,0.0,0.0,0.0,6545.0,0.0
0,785600,JAMS,6546.0,239.0,0.0,0.0,0.0,0.0,6548,239,0.0,0.0,0.0,0.0,6547.0,0.0
0,785700,JAMS,6545.0,273.0,0.0,0.0,0.0,0.0,6547,273,0.0,0.0,0.0,0.0,6546.0,0.0
0,785800,JAMS,6546.0,55.0,6545.0,154.0,0.0,0.0,6547,55,6548.0,154.0,0.0,0.0,6546.5,0.0
0,785900,JAMS,6546.0,89.0,6545.0,162.0,0.0,0.0,6547,89,6548.0,162.0,0.0,0.0,6546.5,0.0
0,786000,JAMS,6546.0,247.0,0.0,0.0,0.0,0.0,6548,247,0.0,0.0,0.0,0.0,6547.0,0.0
0,786100,JAMS,6546.0,276.0,0.0,0.0,0.0,0.0,6548,276,0.0,0.0,0.0,0.0,6547.0,0.0
0,786200,JAMS,6547.0,84.0,6546.0,117.0,0.0,0.0,6548,84,6549.0,117.0,0.0,0.0,6547.5,0.0
0,786300,JAMS,6546.0,173.0,0.0,0.0,0.0,0.0,6548,173,0.0,0.0,0.0,0.0,6547.0,0.0
0,786400,JAMS,6546.0,275.0,0.0,0.0,0.0,0.0,6548,275,0.0,0.0,0.0,0.0,6547.0,0.0
0,786500,JAMS,6546.0,237.0,0.0,0.0,0.0,0.0,6548,227,0.0,0.0,0.0,0.0,6547.0,0.0
0,786600,JAMS,6546.0,57.0,6545.0,101.0,0.0,0.0,6547,57,6548.0,101.0,0.0,0.0,6546.5,0.0
0,786700,JAMS,6546.0,210.0,0.0,0.0,0.0,0.0,6548,210,0.0,0.0,0.0,0.0,6547.0,0.0
0,786800,JAMS,6546.0,61.0,6545.0,144.0,0.0,0.0,6547,61,6548.0,144.0,0.0,0.0,6546.5,0.0
0,786900,JAMS,6546.0,243.0,0.0,0.0,0.0,0.0,6548,248,0.0,0.0,0.0,0.0,6547.0,0.0
0,787000,JAMS,6546.0,77.0,6545.0,126.0,0.0,0.0,6547,77,6548.0,126.0,0.0,0.0,6546.5,0.0
0,787100,JAMS,6546.0,52.0,6545.0,185.0,0.0,0.0,6547,52,6548.0,185.0,0.0,0.0,6546.5,0.0
0,787200,JAMS,6546.0,65.0,6545.0,183.0,0.0,0.0,6547,65,6548.0,183.0,0.0,0.0,6546.5,0.0
0,787300,JAMS,6546.0,211.0,0.0,0.0,0.0,0.0,6548,211,0.0,0.0,0.0,0.0,6547.0,0.0
0,787400,JAMS,6547.0,11.0,6546.0,222.0,0.0,0.0,6548,222,0.0,0.0,0.0,0.0,6547.5,0.0
0,787500,JAMS,6546.0,70.0,6545.0,146.0,0.0,0.0,6547,70,6548.0,146.0,0.0,0.0,6546.5,0.0
0,787600,JAMS,6546.0,68.0,6545.0,101.0,0.0,0.0,6547,68,6548.0,101.0,0.0,0.0,6546.5,0.0
0,787700,JAMS,6545.0,272.0,0.0,0.0,0.0,0.0,6547,272,0.0,0.0,0.0,0.0,6546.0,0.0
0,787800,JAMS,6546.0,95.0,6545.0,141.0,0.0,0.0,6547,95,6548.0,141.0,0.0,0.0,6546.5,0.0
0,787900,JAMS,6545.0,56.0,6544.0,112.0,0.0,0.0,6546,56,6547.0,112.0,0.0,0.0,6545.5,0.0
0,788000,JAMS,6544.0,256.0,0.0,0.0,0.0,0.0,6546,256,0.0,0.0,0.0,0.0,6545.0,0.0
0,788100,JAMS,6544.0,268.0,0.0,0.0,0.0,0.0,6546,268,0.0,0.0,0.0,0.0,6545.0,0.0
0,788200,JAMS,6543.0,260.0,0.0,0.0,0.0,0.0,6545,260,0.0,0.0,0.0,0.0,6544.0,0.0
0,788300,JAMS,6543.0,230.0,0.0,0.0,0.0,0.0,6545,230,0.0,0.0,0.0,0.0,6544.0,0.0
0,788400,JAMS,6542.0,266.0,0.0,0.0,0.0,0.0,6544,266,0.0,0.0,0.0,0.0,6543.0,0.0
0,788500,JAMS,6542.0,247.0,0.0,0.0,0.0,0.0,6544,247,0.0,0.0,0.0,0.0,6543.0,0.0
0,788600,JAMS,6542.0,251.0,0.0,0.0,0.0,0.0,6544,251,0.0,0.0,0.0,0.0,6543.0,0.0
0,788700,JAMS,6543.0,234.0,0.0,0.0,0.0,0.0,6545,234,0.0,0.0,0.0,0.0,6544.0,0.0
0,788800,JAMS,6543.0,213.0,0.0,0.0,0.0,0.0,6544,11,6545.0,213.0,0.0,0.0,6543.5,0.0
0,788900,JAMS,6544.0,206.0,0.0,0.0,0.0,0.0,6546,206,0.0,0.0,0.0,0.0,6545.0,0.0
0,789000,JAMS,6544.0,169.0,0.0,0.0,0.0,0.0,6545,12,6546.0,169.0,0.0,0.0,6544.5,0.0
0,789100,JAMS,6544.0,68.0,6543.0,163.0,0.0,0.0,6545,63,6546.0,163.0,0.0,0.0,6544.5,0.0
0,789200,JAMS,6543.0,207.0,0.0,0.0,0.0,0.0,6545,207,0.0,0.0,0.0,0.0,6544.0,0.0
0,789300,JAMS,6543.0,239.0,0.0,0.0,0.0,0.0,6545,239,0.0,0.0,0.0,0.0,6544.0,0.0
0,789400,JAMS,6543.0,71.0,6542.0,174.0,0.0,0.0,6544,71,6545.0,174.0,0.0,0.0,6543.5,0.0
0,789500,JAMS,6543.0,83.0,6542.0,163.0,0.0,0.0,6544,83,6545.0,163.0,0.0,0.0,6543.5,0.0
0,789600,JAMS,6543.0,265.0,0.0,0.0,0.0,0.0,6545,265,0.0,0.0,0.0,0.0,6544.0,0.0
0,789700,JAMS,6543.0,243.0,0.0,0.0,0.0,0.0,6545,243,0.0,0.0,0.0,0.0,6544.0,0.0
0,789800,JAMS,6543.0,88.0,6542.0,150.0,0.0,0.0,6544,85,6545.0,150.0,0.0,0.0,6543.5,0.0
0,789900,JAMS,6543.0,100.0,6542.0,166.0,0.0,0.0,6544,100,6545.0,166.0,0.0,0.0,6543.5,0.0
0,790000,JAMS,6543.0,89.0,6542.0,122.0,0.0,0.0,6544,89,6545.0,122.0,0.0,0.0,6543.5,0.0
0,790100,JAMS,6548.0,256.0,0.0,0.0,0.0,0.0,6550,256,0.0,0.0,0.0,0.0,6549.0,0.0
0,790200,JAMS,6549.0,214.0,0.0,0.0,0.0,0.0,6551,214,0.0,0.0,0.0,0.0,6550.0,0.0
0,790300,JAMS,6549.0,267.0,0.0,0.0,0.0,0.0,6551,257,0.0,0.0,0.0,0.0,6550.0,0.0
0,790400,JAMS,6549.0,195.0,0.0,0.0,0.0,0.0,6551,195,0.0,0.0,0.0,0.0,6550.0,0.0
0,790500,JAMS,6549.0,100.0,6548.0,184.0,0.0,0.0,6550,100,6551.0,184.0,0.0,0.0,6549.5,0.0
0,790600,JAMS,6549.0,171.0,0.0,0.0,0.0,0.0,6551,171,0.0,0.0,0.0,0.0,6550.0,0.0
0,790700,JAMS,6549.0,96.0,6548.0,120.0,0.0,0.0,6550,96,6551.0,120.0,0.0,0.0,6549.5,0.0
0,790800,JAMS,6547.0,202.0,0.0,0.0,0.0,0.0,6549,202,0.0,0.0,0.0,0.0,6548.0,0.0
0,790900,JAMS,6547.0,245.0,0.0,0.0,0.0,0.0,6549,248,0.0,0.0,0.0,0.0,6548.0,0.0
0,791000,JAMS,6547.0,73.0,6546.0,119.0,0.0,0.0,6548,73,6549.0,119.0,0.0,0.0,6547.5,0.0
0,791100,JAMS,6546.0,63.0,6545.0,170.0,0.0,0.0,6547,63,6548.0,170.0,0.0,0.0,6546.5,0.0
0,791200,JAMS,6546.0,213.0,0.0,0.0,0.0,0.0,6548,213,0.0,0.0,0.0,0.0,6547.0,0.0
0,791300,JAMS,6548.0,203.0,0.0,0.0,0.0,0.0,6550,203,0.0,0.0,0.0,0.0,6549.0,0.0
0,791400,JAMS,6547.0,246.0,0.0,0.0,0.0,0.0,6549,246,0.0,0.0,0.0,0.0,6548.0,0.0
0,791500,JAMS,6548.0,244.0,0.0,0.0,0.0,0.0,6550,233,0.0,0.0,0.0,0.0,6549.0,0.0
0,791600,JAMS,6548.0,95.0,6547.0,200.0,0.0,0.0,6549,95,6550.0,200.0,0.0,0.0,6548.5,0.0
0,791700,JAMS,6548.0,92.0,6547.0,145.0,0.0,0.0,6549,92,6550.0,145.0,0.0,0.0,6548.5,0.0
0,791800,JAMS,6547.0,238.0,0.0,0.0,0.0,0.0,6549,238,0.0,0.0,0.0,0.0,6548.0,0.0
0,791900,JAMS,6543.0,90.0,6542.0,136.0,0.0,0.0,6544,90,6545.0,136.0,0.0,0.0,6543.5,0.0
0,792000,JAMS,6542.0,188.0,0.0,0.0,0.0,0.0,6544,188,0.0,0.0,0.0,0.0,6543.0,0.0
0,792100,JAMS,6541.0,179.0,0.0,0.0,0.0,0.0,6543,179,0.0,0.0,0.0,0.0,6542.0,0.0
0,792200,JAMS,6542.0,89.0,6541.0,166.0,0.0,0.0,6543,89,6544.0,166.0,0.0,0.0,6542.5,0.0
0,792300,JAMS,6541.0,175.0,0.0,0.0,0.0,0.0,6543,185,0.0,0.0,0.0,0.0,6542.0,0.0
0,792400,JAMS,6542.0,221.0,0.0,0.0,0.0,0.0,6544,221,0.0,0.0,0.0,0.0,6543.0,0.0
0,792500,JAMS,6543.0,91.0,6542.0,162.0,0.0,0.0,6544,91,6545.0,162.0,0.0,0.0,6543.5,0.0
0,792600,JAMS,6541.0,206.0,0.0,0.0,0.0,0.0,6543,206,0.0,0.0,0.0,0.0,6542.0,0.0
0,792700,JAMS,6540.0,250.0,0.0,0.0,0.0,0.0,6542,250,0.0,0.0,0.0,0.0,6541.0,0.0
0,792800,JAMS,6540.0,211.0,0.0,0.0,0.0,0.0,6542,215,0.0,0.0,0.0,0.0,6541.0,0.0
0,792900,JAMS,6540.0,69.0,6539.0,123.0,0.0,0.0,6541,69,6542.0,123.0,0.0,0.0,6540.5,0.0
0,793000,JAMS,6540.0,179.0,0.0,0.0,0.0,0.0,6541,4,6542.0,179.0,0.0,0.0,6540.5,0.0
0,793100,JAMS,6540.0,57.0,6539.0,154.0,0.0,0.0,6541,57,6542.0,154.0,0.0,0.0,6540.5,0.0
0,793200,JAMS,6540.0,250.0,0.0,0.0,0.0,0.0,6542,250,0.0,0.0,0.0,0.0,6541.0,0.0
0,793300,JAMS,6541.0,262.0,0.0,0.0,0.0,0.0,6543,262,0.0,0.0,0.0,0.0,6542.0,0.0
0,793400,JAMS,6541.0,237.0,0.0,0.0,0.0,0.0,6543,237,0.0,0.0,0.0,0.0,6542.0,0.0
0,793500,JAMS,6541.0,59.0,6540.0,169.0,0.0,0.0,6542,62,6543.0,169.0,0.0,0.0,6541.5,0.0
0,793600,JAMS,6540.0,214.0,0.0,0.0,0.0,0.0,6542,214,0.0,0.0,0.0,0.0,6541.0,0.0
0,793700,JAMS,6540.0,270.0,0.0,0.0,0.0,0.0,6542,270,0.0,0.0,0.0,0.0,6541.0,0.0
0,793800,JAMS,6540.0,274.0,0.0,0.0,0.0,0.0,6542,274,0.0,0.0,0.0,0.0,6541.0,0.0
0,793900,JAMS,6540.0,220.0,0.0,0.0,0.0,0.0,6542,220,0.0,0.0,0.0,0.0,6541.0,0.0
0,794000,JAMS,6540.0,180.0,0.0,0.0,0.0,0.0,6542,180,0.0,0.0,0.0,0.0,6541.0,0.0
0,794100,JAMS,6540.0,293.0,0.0,0.0,0.0,0.0,6542,293,0.0,0.0,0.0,0.0,6541.0,0.0
0,794200,JAMS,6540.0,214.0,0.0,0.0,0.0,0.0,6542,214,0.0,0.0,0.0,0.0,6541.0,0.0
0,794300,JAMS,6540.0,250.0,0.0,0.0,0.0,0.0,6542,250,0.0,0.0,0.0,0.0,6541.0,0.0
0,794400,JAMS,6541.0,286.0,0.0,0.0,0.0,0.0,6543,286,0.0,0.0,0.0,0.0,6542.0,0.0
0,794500,JAMS,6541.0,260.0,0.0,0.0,0.0,0.0,6543,256,0.0,0.0,0.0,0.0,6542.0,0.0
0,794600,JAMS,6540.0,232.0,0.0,0.0,0.0,0.0,6541,10,6542.0,232.0,0.0,0.0,6540.5,0.0
0,794700,JAMS,6540.0,180.0,0.0,0.0,0.0,0.0,6542,180,0.0,0.0,0.0,0.0,6541.0,0.0
0,794800,JAMS,6540.0,177.0,0.0,0.0,0.0,0.0,6542,184,0.0,0.0,0.0,0.0,6541.0,0.0
0,794900,JAMS,6540.0,231.0,0.0,0.0,0.0,0.0,6542,231,0.0,0.0,0.0,0.0,6541.0,0.0
0,795000,JAMS,6540.0,206.0,0.0,0.0,0.0,0.0,6542,206,0.0,0.0,0.0,0.0,6541.0,0.0
0,795100,JAMS,6538.0,192.0,0.0,0.0,0.0,0.0,6540,192,0.0,0.0,0.0,0.0,6539.0,0.0
0,795200,JAMS,6539.0,272.0,0.0,0.0,0.0,0.0,6541,272,0.0,0.0,0.0,0.0,6540.0,0.0
0,795300,JAMS,6539.0,239.0,0.0,0.0,0.0,0.0,6540,3,6541.0,239.0,0.0,0.0,6539.5,0.0
0,795400,JAMS,6540.0,169.0,0.0,0.0,0.0,0.0,6542,169,0.0,0.0,0.0,0.0,6541.0,0.0
0,795500,JAMS,6539.0,264.0,0.0,0.0,0.0,0.0,6541,264,0.0,0.0,0.0,0.0,6540.0,0.0
0,795600,JAMS,6540.0,203.0,0.0,0.0,0.0,0.0,6542,203,0.0,0.0,0.0,0.0,6541.0,0.0
0,795700,JAMS,6540.0,229.0,0.0,0.0,0.0,0.0,6542,229,0.0,0.0,0.0,0.0,6541.0,0.0
0,795800,JAMS,6541.0,80.0,6540.0,161.0,0.0,0.0,6542,71,6543.0,161.0,0.0,0.0,6541.5,0.0
0,795900,JAMS,6541.0,295.0,0.0,0.0,0.0,0.0,6543,283,0.0,0.0,0.0,0.0,6542.0,0.0
0,796000,JAMS,6541.0,202.0,0.0,0.0,0.0,0.0,6543,202,0.0,0.0,0.0,0.0,6542.0,0.0
0,796100,JAMS,6541.0,60.0,6540.0,177.0,0.0,0.0,6542,60,6543.0,177.0,0.0,0.0,6541.5,0.0
0,796200,JAMS,6540.0,233.0,0.0,0.0,0.0,0.0,6542,233,0.0,0.0,0.0,0.0,6541.0,0.0
0,796300,JAMS,6541.0,74.0,6540.0,158.0,0.0,0.0,6542,74,6543.0,158.0,0.0,0.0,6541.5,0.0
0,796400,JAMS,6540.0,246.0,0.0,0.0,0.0,0.0,6542,246,0.0,0.0,0.0,0.0,6541.0,0.0
0,796500,JAMS,6540.0,250.0,0.0,0.0,0.0,0.0,6542,250,0.0,0.0,0.0,0.0,6541.0,0.0
0,796600,JAMS,6540.0,77.0,6539.0,178.0,0.0,0.0,6541,77,6542.0,178.0,0.0,0.0,6540.5,0.0
0,796700,JAMS,6539.0,242.0,0.0,0.0,0.0,0.0,6541,242,0.0,0.0,0.0,0.0,6540.0,0.0
0,796800,JAMS,6540.0,256.0,0.0,0.0,0.0,0.0,6542,256,0.0,0.0,0.0,0.0,6541.0,0.0
0,796900,JAMS,6540.0,163.0,0.0,0.0,0.0,0.0,6542,163,0.0,0.0,0.0,0.0,6541.0,0.0
0,797000,JAMS,6540.0,271.0,0.0,0.0,0.0,0.0,6542,271,0.0,0.0,0.0,0.0,6541.0,0.0
0,797100,JAMS,6540.0,229.0,0.0,0.0,0.0,0.0,6542,229,0.0,0.0,0.0,0.0,6541.0,0.0
0,797200,JAMS,6540.0,252.0,0.0,0.0,0.0,0.0,6542,252,0.0,0.0,0.0,0.0,6541.0,0.0
0,797300,JAMS,6540.0,281.0,0.0,0.0,0.0,0.0,6542,281,0.0,0.0,0.0,0.0,6541.0,0.0
0,797400,JAMS,6540.0,285.0,0.0,0.0,0.0,0.0,6542,285,0.0,0.0,0.0,0.0,6541.0,0.0
0,797500,JAMS,6542.0,196.0,0.0,0.0,0.0,0.0,6544,196,0.0,0.0,0.0,0.0,6543.0,0.0
0,797600,JAMS,6542.0,222.0,0.0,0.0,0.0,0.0,6544,222,0.0,0.0,0.0,0.0,6543.0,0.0
0,797700,JAMS,6542.0,205.0,0.0,0.0,0.0,0.0,6544,205,0.0,0.0,0.0,0.0,6543.0,0.0
0,797800,JAMS,6542.0,272.0,0.0,0.0,0.0,0.0,6544,272,0.0,0.0,0.0,0.0,6543.0,0.0
0,797900,JAMS,6543.0,241.0,0.0,0.0,0.0,0.0,6545,241,0.0,0.0,0.0,0.0,6544.0,0.0
0,798000,JAMS,6543.0,244.0,0.0,0.0,0.0,0.0,6545,244,0.0,0.0,0.0,0.0,6544.0,0.0
0,798100,JAMS,6543.0,248.0,0.0,0.0,0.0,0.0,6545,248,0.0,0.0,0.0,0.0,6544.0,0.0
0,798200,JAMS,6543.0,214.0,0.0,0.0,0.0,0.0,6545,214,0.0,0.0,0.0,0.0,6544.0,0.0
0,798300,JAMS,6543.0,57.0,6542.0,189.0,0.0,0.0,6544,57,6545.0,189.0,0.0,0.0,6543.5,0.0
0,798400,JAMS,6542.0,173.0,0.0,0.0,0.0,0.0,6544,173,0.0,0.0,0.0,0.0,6543.0,0.0
0,798500,JAMS,6542.0,220.0,0.0,0.0,0.0,0.0,6544,220,0.0,0.0,0.0,0.0,6543.0,0.0
0,798600,JAMS,6545.0,73.0,6544.0,114.0,0.0,0.0,6546,73,6547.0,114.0,0.0,0.0,6545.5,0.0
0,798700,JAMS,6544.0,231.0,0.0,0.0,0.0,0.0,6546,231,0.0,0.0,0.0,0.0,6545.0,0.0
0,798800,JAMS,6544.0,174.0,0.0,0.0,0.0,0.0,6546,174,0.0,0.0,0.0,0.0,6545.0,0.0
0,798900,JAMS,6543.0,232.0,0.0,0.0,0.0,0.0,6545,232,0.0,0.0,0.0,0.0,6544.0,0.0
0,799000,JAMS,6545.0,82.0,6544.0,165.0,0.0,0.0,6546,82,6547.0,165.0,0.0,0.0,6545.5,0.0
0,799100,JAMS,6545.0,85.0,6544.0,154.0,0.0,0.0,6546,85,6547.0,154.0,0.0,0.0,6545.5,0.0
0,799200,JAMS,6545.0,245.0,0.0,0.0,0.0,0.0,6547,245,0.0,0.0,0.0,0.0,6546.0,0.0
0,799300,JAMS,6544.0,12.0,6543.0,257.0,0.0,0.0,6545,257,0.0,0.0,0.0,0.0,6544.5,0.0
0,799400,JAMS,6544.0,62.0,6543.0,110.0,0.0,0.0,6545,62,6546.0,110.0,0.0,0.0,6544.5,0.0
0,799500,JAMS,6544.0,82.0,6543.0,167.0,0.0,0.0,6545,82,6546.0,167.0,0.0,0.0,6544.5,0.0
0,799600,JAMS,6543.0,187.0,0.0,0.0,0.0,0.0,6545,187,0.0,0.0,0.0,0.0,6544.0,0.0
0,799700,JAMS,6543.0,219.0,0.0,0.0,0.0,0.0,6545,219,0.0,0.0,0.0,0.0,6544.0,0.0
0,799800,JAMS,6543.0,233.0,0.0,0.0,0.0,0.0,6545,233,0.0,0.0,0.0,0.0,6544.0,0.0
0,799900,JAMS,6543.0,242.0,0.0,0.0,0.0,0.0,6545,242,0.0,0.0,0.0,0.0,6544.0,0.0
0,800000,JAMS,6544.0,224.0,0.0,0.0,0.0,0.0,6545,92,6546.0,132.0,0.0,0.0,6544.5,0.0
0,800100,JAMS,6543.0,227.0,0.0,0.0,0.0,0.0,6545,227,0.0,0.0,0.0,0.0,6544.0,0.0
0,800200,JAMS,6543.0,195.0,0.0,0.0,0.0,0.0,6545,195,0.0,0.0,0.0,0.0,6544.0,0.0
0,800300,JAMS,6543.0,199.0,0.0,0.0,0.0,0.0,6545,199,0.0,0.0,0.0,0.0,6544.0,0.0
0,800400,JAMS,6543.0,168.0,0.0,0.0,0.0,0.0,6545,168,0.0,0.0,0.0,0.0,6544.0,0.0
0,800500,JAMS,6543.0,82.0,6542.0,154.0,0.0,0.0,6544,82,6545.0,154.0,0.0,0.0,6543.5,0.0
0,800600,JAMS,6543.0,274.0,0.0,0.0,0.0,0.0,6545,274,0.0,0.0,0.0,0.0,6544.0,0.0
0,800700,JAMS,6543.0,186.0,0.0,0.0,0.0,0.0,6545,186,0.0,0.0,0.0,0.0,6544.0,0.0
0,800800,JAMS,6544.0,82.0,6543.0,165.0,0.0,0.0,6545,82,6546.0,165.0,0.0,0.0,6544.5,0.0
0,800900,JAMS,6543.0,207.0,0.0,0.0,0.0,0.0,6545,207,0.0,0.0,0.0,0.0,6544.0,0.0
0,801000,JAMS,6543.0,206.0,0.0,0.0,0.0,0.0,6545,206,0.0,0.0,0.0,0.0,6544.0,0.0
0,801100,JAMS,6543.0,257.0,0.0,0.0,0.0,0.0,6545,257,0.0,0.0,0.0,0.0,6544.0,0.0
0,801200,JAMS,6543.0,253.0,0.0,0.0,0.0,0.0,6545,253,0.0,0.0,0.0,0.0,6544.0,0.0
0,801300,JAMS,6543.0,255.0,0.0,0.0,0.0,0.0,6545,267,0.0,0.0,0.0,0.0,6544.0,0.0
0,801400,JAMS,6543.0,206.0,0.0,0.0,0.0,0.0,6545,206,0.0,0.0,0.0,0.0,6544.0,0.0
0,801500,JAMS,6544.0,76.0,6543.0,177.0,0.0,0.0,6545,76,6546.0,177.0,0.0,0.0,6544.5,0.0
0,801600,JAMS,6545.0,212.0,0.0,0.0,0.0,0.0,6547,212,0.0,0.0,0.0,0.0,6546.0,0.0
0,801700,JAMS,6544.0,165.0,0.0,0.0,0.0,0.0,6546,165,0.0,0.0,0.0,0.0,6545.0,0.0
0,801800,JAMS,6544.0,54.0,6543.0,196.0,0.0,0.0,6545,54,6546.0,196.0,0.0,0.0,6544.5,0.0
0,801900,JAMS,6544.0,57.0,6543.0,120.0,0.0,0.0,6545,57,6546.0,120.0,0.0,0.0,6544.5,0.0
0,802000,JAMS,6544.0,73.0,6543.0,137.0,0.0,0.0,6545,73,6546.0,137.0,0.0,0.0,6544.5,0.0
0,802100,JAMS,6543.0,197.0,0.0,0.0,0.0,0.0,6545,197,0.0,0.0,0.0,0.0,6544.0,0.0
0,802200,JAMS,6544.0,54.0,6543.0,172.0,0.0,0.0,6545,54,6546.0,172.0,0.0,0.0,6544.5,0.0
0,802300,JAMS,6545.0,70.0,6544.0,114.0,0.0,0.0,6546,63,6547.0,114.0,0.0,0.0,6545.5,0.0
0,802400,JAMS,6545.0,64.0,6544.0,147.0,0.0,0.0,6546,53,6547.0,147.0,0.0,0.0,6545.5,0.0
0,802500,JAMS,6545.0,180.0,0.0,0.0,0.0,0.0,6547,180,0.0,0.0,0.0,0.0,6546.0,0.0
0,802600,JAMS,6545.0,269.0,0.0,0.0,0.0,0.0,6547,269,0.0,0.0,0.0,0.0,6546.0,0.0
0,802700,JAMS,6544.0,225.0,0.0,0.0,0.0,0.0,6546,225,0.0,0.0,0.0,0.0,6545.0,0.0
0,802800,JAMS,6545.0,155.0,0.0,0.0,0.0,0.0,6547,155,0.0,0.0,0.0,0.0,6546.0,0.0
0,802900,JAMS,6545.0,63.0,6544.0,200.0,0.0,0.0,6546,63,6547.0,200.0,0.0,0.0,6545.5,0.0
0,803000,JAMS,6545.0,224.0,0.0,0.0,0.0,0.0,6547,224,0.0,0.0,0.0,0.0,6546.0,0.0
0,803100,JAMS,6545.0,230.0,0.0,0.0,0.0,0.0,6547,230,0.0,0.0,0.0,0.0,6546.0,0.0
0,803200,JAMS,6544.0,185.0,0.0,0.0,0.0,0.0,6546,185,0.0,0.0,0.0,0.0,6545.0,0.0
0,803300,JAMS,6543.0,222.0,0.0,0.0,0.0,0.0,6545,222,0.0,0.0,0.0,0.0,6544.0,0.0
0,803400,JAMS,6543.0,61.0,6542.0,177.0,0.0,0.0,6544,61,6545.0,177.0,0.0,0.0,6543.5,0.0
0,803500,JAMS,6542.0,256.0,0.0,0.0,0.0,0.0,6544,256,0.0,0.0,0.0,0.0,6543.0,0.0
0,803600,JAMS,6542.0,223.0,0.0,0.0,0.0,0.0,6544,223,0.0,0.0,0.0,0.0,6543.0,0.0
0,803700,JAMS,6544.0,82.0,6543.0,145.0,0.0,0.0,6545,82,6546.0,145.0,0.0,0.0,6544.5,0.0
0,803800,JAMS,6543.0,265.0,0.0,0.0,0.0,0.0,6545,265,0.0,0.0,0.0,0.0,6544.0,0.0
0,803900,JAMS,6545.0,74.0,6544.0,139.0,0.0,0.0,6546,74,6547.0,139.0,0.0,0.0,6545.5,0.0
0,804000,JAMS,6544.0,70.0,6543.0,113.0,0.0,0.0,6545,78,6546.0,113.0,0.0,0.0,6544.5,0.0
0,804100,JAMS,6544.0,68.0,6543.0,128.0,0.0,0.0,6545,196,0.0,0.0,0.0,0.0,6544.5,0.0
0,804200,JAMS,6543.0,196.0,0.0,0.0,0.0,0.0,6545,196,0.0,0.0,0.0,0.0,6544.0,0.0
0,804300,JAMS,6543.0,284.0,0.0,0.0,0.0,0.0,6545,284,0.0,0.0,0.0,0.0,6544.0,0.0
0,804400,JAMS,6542.0,209.0,0.0,0.0,0.0,0.0,6544,209,0.0,0.0,0.0,0.0,6543.0,0.0
0,804500,JAMS,6541.0,245.0,0.0,0.0,0.0,0.0,6543,245,0.0,0.0,0.0,0.0,6542.0,0.0
0,804600,JAMS,6542.0,3.0,6541.0,251.0,0.0,0.0,6543,251,0.0,0.0,0.0,0.0,6542.5,0.0
0,804700,JAMS,6542.0,86.0,6541.0,115.0,0.0,0.0,6543,86,6544.0,115.0,0.0,0.0,6542.5,0.0
0,804800,JAMS,6542.0,201.0,0.0,0.0,0.0,0.0,6544,201,0.0,0.0,0.0,0.0,6543.0,0.0
0,804900,JAMS,6543.0,205.0,0.0,0.0,0.0,0.0,6545,205,0.0,0.0,0.0,0.0,6544.0,0.0
0,805000,JAMS,6543.0,276.0,0.0,0.0,0.0,0.0,6545,276,0.0,0.0,0.0,0.0,6544.0,0.0
0,805100,JAMS,6543.0,229.0,0.0,0.0,0.0,0.0,6545,229,0.0,0.0,0.0,0.0,6544.0,0.0
0,805200,JAMS,6542.0,159.0,0.0,0.0,0.0,0.0,6544,159,0.0,0.0,0.0,0.0,6543.0,0.0
0,805300,JAMS,6543.0,78.0,6542.0,134.0,0.0,0.0,6544,212,0.0,0.0,0.0,0.0,6543.5,0.0
0,805400,JAMS,6544.0,69.0,6543.0,193.0,0.0,0.0,6545,69,6546.0,193.0,0.0,0.0,6544.5,0.0
0,805500,JAMS,6544.0,56.0,6543.0,173.0,0.0,0.0,6545,56,6546.0,173.0,0.0,0.0,6544.5,0.0
0,805600,JAMS,6545.0,242.0,0.0,0.0,0.0,0.0,6547,242,0.0,0.0,0.0,0.0,6546.0,0.0
0,805700,JAMS,6546.0,206.0,0.0,0.0,0.0,0.0,6548,206,0.0,0.0,0.0,0.0,6547.0,0.0
0,805800,JAMS,6548.0,196.0,0.0,0.0,0.0,0.0,6550,196,0.0,0.0,0.0,0.0,6549.0,0.0
0,805900,JAMS,6548.0,279.0,0.0,0.0,0.0,0.0,6550,279,0.0,0.0,0.0,0.0,6549.0,0.0
0,806000,JAMS,6550.0,233.0,0.0,0.0,0.0,0.0,6552,233,0.0,0.0,0.0,0.0,6551.0,0.0
0,806100,JAMS,6547.0,167.0,0.0,0.0,0.0,0.0,6548,12,6549.0,167.0,0.0,0.0,6547.5,0.0
0,806200,JAMS,6547.0,253.0,0.0,0.0,0.0,0.0,6549,253,0.0,0.0,0.0,0.0,6548.0,0.0
0,806300,JAMS,6548.0,89.0,6547.0,156.0,0.0,0.0,6549,89,6550.0,156.0,0.0,0.0,6548.5,0.0
0,806400,JAMS,6549.0,228.0,0.0,0.0,0.0,0.0,6551,228,0.0,0.0,0.0,0.0,6550.0,0.0
0,806500,JAMS,6550.0,232.0,0.0,0.0,0.0,0.0,6552,232,0.0,0.0,0.0,0.0,6551.0,0.0
0,806600,JAMS,6551.0,79.0,6550.0,149.0,0.0,0.0,6552,89,6553.0,149.0,0.0,0.0,6551.5,0.0
0,806700,JAMS,6551.0,259.0,0.0,0.0,0.0,0.0,6553,259,0.0,0.0,0.0,0.0,6552.0,0.0
0,806800,JAMS,6551.0,78.0,6550.0,149.0,0.0,0.0,6552,78,6553.0,149.0,0.0,0.0,6551.5,0.0
0,806900,JAMS,6552.0,74.0,6551.0,147.0,0.0,0.0,6553,74,6554.0,147.0,0.0,0.0,6552.5,0.0
0,807000,JAMS,6551.0,289.0,0.0,0.0,0.0,0.0,6553,289,0.0,0.0,0.0,0.0,6552.0,0.0
0,807100,JAMS,6551.0,252.0,0.0,0.0,0.0,0.0,6553,252,0.0,0.0,0.0,0.0,6552.0,0.0
0,807200,JAMS,6551.0,198.0,0.0,0.0,0.0,0.0,6553,198,0.0,0.0,0.0,0.0,6552.0,0.0
0,807300,JAMS,6551.0,215.0,0.0,0.0,0.0,0.0,6553,215,0.0,0.0,0.0,0.0,6552.0,0.0
0,807400,JAMS,6552.0,236.0,0.0,0.0,0.0,0.0,6554,236,0.0,0.0,0.0,0.0,6553.0,0.0
0,807500,JAMS,6552.0,197.0,0.0,0.0,0.0,0.0,6554,197,0.0,0.0,0.0,0.0,6553.0,0.0
0,807600,JAMS,6552.0,160.0,0.0,0.0,0.0,0.0,6554,160,0.0,0.0,0.0,0.0,6553.0,0.0
0,807700,JAMS,6551.0,250.0,0.0,0.0,0.0,0.0,6553,250,0.0,0.0,0.0,0.0,6552.0,0.0
0,807800,JAMS,6551.0,155.0,0.0,0.0,0.0,0.0,6553,167,0.0,0.0,0.0,0.0,6552.0,0.0
0,807900,JAMS,6552.0,268.0,0.0,0.0,0.0,0.0,6554,268,0.0,0.0,0.0,0.0,6553.0,0.0
0,808000,JAMS,6553.0,250.0,0.0,0.0,0.0,0.0,6555,250,0.0,0.0,0.0,0.0,6554.0,0.0
0,808100,JAMS,6552.0,265.0,0.0,0.0,0.0,0.0,6554,265,0.0,0.0,0.0,0.0,6553.0,0.0
0,808200,JAMS,6553.0,82.0,6552.0,121.0,0.0,0.0,6554,82,6555.0,121.0,0.0,0.0,6553.5,0.0
0,808300,JAMS,6552.0,239.0,0.0,0.0,0.0,0.0,6554,239,0.0,0.0,0.0,0.0,6553.0,0.0
0,808400,JAMS,6552.0,287.0,0.0,0.0,0.0,0.0,6554,287,0.0,0.0,0.0,0.0,6553.0,0.0
0,808500,JAMS,6552.0,181.0,0.0,0.0,0.0,0.0,6554,181,0.0,0.0,0.0,0.0,6553.0,0.0
0,808600,JAMS,6552.0,89.0,6551.0,131.0,0.0,0.0,6553,89,6554.0,131.0,0.0,0.0,6552.5,0.0
0,808700,JAMS,6552.0,78.0,6551.0,175.0,0.0,0.0,6553,78,6554.0,175.0,0.0,0.0,6552.5,0.0
0,808800,JAMS,6551.0,92.0,6550.0,194.0,0.0,0.0,6552,92,6553.0,194.0,0.0,0.0,6551.5,0.0
0,808900,JAMS,6551.0,76.0,6550.0,107.0,0.0,0.0,6552,76,6553.0,107.0,0.0,0.0,6551.5,0.0
0,809000,JAMS,6551.0,53.0,6550.0,103.0,0.0,0.0,6552,53,6553.0,103.0,0.0,0.0,6551.5,0.0
0,809100,JAMS,6550.0,197.0,0.0,0.0,0.0,0.0,6552,197,0.0,0.0,0.0,0.0,6551.0,0.0
0,809200,JAMS,6550.0,251.0,0.0,0.0,0.0,0.0,6552,251,0.0,0.0,0.0,0.0,6551.0,0.0
0,809300,JAMS,6550.0,204.0,0.0,0.0,0.0,0.0,6552,204,0.0,0.0,0.0,0.0,6551.0,0.0
0,809400,JAMS,6549.0,264.0,0.0,0.0,0.0,0.0,6551,264,0.0,0.0,0.0,0.0,6550.0,0.0
0,809500,JAMS,6549.0,257.0,0.0,0.0,0.0,0.0,6551,257,0.0,0.0,0.0,0.0,6550.0,0.0
0,809600,JAMS,6549.0,204.0,0.0,0.0,0.0,0.0,6551,204,0.0,0.0,0.0,0.0,6550.0,0.0
0,809700,JAMS,6547.0,199.0,0.0,0.0,0.0,0.0,6549,199,0.0,0.0,0.0,0.0,6548.0,0.0
0,809800,JAMS,6547.0,278.0,0.0,0.0,0.0,0.0,6549,278,0.0,0.0,0.0,0.0,6548.0,0.0
0,809900,JAMS,6545.0,273.0,0.0,0.0,0.0,0.0,6547,273,0.0,0.0,0.0,0.0,6546.0,0.0
0,810000,JAMS,6545.0,264.0,0.0,0.0,0.0,0.0,6547,264,0.0,0.0,0.0,0.0,6546.0,0.0
0,810100,JAMS,6546.0,85.0,6545.0,112.0,0.0,0.0,6547,85,6548.0,112.0,0.0,0.0,6546.5,0.0
0,810200,JAMS,6544.0,202.0,0.0,0.0,0.0,0.0,6546,202,0.0,0.0,0.0,0.0,6545.0,0.0
0,810300,JAMS,6544.0,74.0,6543.0,152.0,0.0,0.0,6545,74,6546.0,152.0,0.0,0.0,6544.5,0.0
0,810400,JAMS,6544.0,52.0,6543.0,102.0,0.0,0.0,6545,57,6546.0,102.0,0.0,0.0,6544.5,0.0
0,810500,JAMS,6543.0,221.0,0.0,0.0,0.0,0.0,6545,221,0.0,0.0,0.0,0.0,6544.0,0.0
0,810600,JAMS,6544.0,63.0,6543.0,116.0,0.0,0.0,6545,63,6546.0,116.0,0.0,0.0,6544.5,0.0
0,810700,JAMS,6544.0,248.0,0.0,0.0,0.0,0.0,6546,248,0.0,0.0,0.0,0.0,6545.0,0.0
0,810800,JAMS,6544.0,205.0,0.0,0.0,0.0,0.0,6546,205,0.0,0.0,0.0,0.0,6545.0,0.0
0,810900,JAMS,6544.0,68.0,6543.0,150.0,0.0,0.0,6545,68,6546.0,150.0,0.0,0.0,6544.5,0.0
0,811000,JAMS,6544.0,98.0,6543.0,200.0,0.0,0.0,6545,98,6546.0,200.0,0.0,0.0,6544.5,0.0
0,811100,JAMS,6543.0,207.0,0.0,0.0,0.0,0.0,6545,207,0.0,0.0,0.0,0.0,6544.0,0.0
0,811200,JAMS,6543.0,295.0,0.0,0.0,0.0,0.0,6545,295,0.0,0.0,0.0,0.0,6544.0,0.0
0,811300,JAMS,6543.0,203.0,0.0,0.0,0.0,0.0,6545,203,0.0,0.0,0.0,0.0,6544.0,0.0
0,811400,JAMS,6543.0,217.0,0.0,0.0,0.0,0.0,6545,217,0.0,0.0,0.0,0.0,6544.0,0.0
0,811500,JAMS,6543.0,225.0,0.0,0.0,0.0,0.0,6545,225,0.0,0.0,0.0,0.0,6544.0,0.0
0,811600,JAMS,6545.0,69.0,6544.0,123.0,0.0,0.0,6546,69,6547.0,123.0,0.0,0.0,6545.5,0.0
0,811700,JAMS,6546.0,203.0,0.0,0.0,0.0,0.0,6548,203,0.0,0.0,0.0,0.0,6547.0,0.0
0,811800,JAMS,6546.0,73.0,6545.0,131.0,0.0,0.0,6547,73,6548.0,131.0,0.0,0.0,6546.5,0.0
0,811900,JAMS,6545.0,188.0,0.0,0.0,0.0,0.0,6547,188,0.0,0.0,0.0,0.0,6546.0,0.0
0,812000,JAMS,6545.0,189.0,0.0,0.0,0.0,0.0,6547,189,0.0,0.0,0.0,0.0,6546.0,0.0
0,812100,JAMS,6548.0,218.0,0.0,0.0,0.0,0.0,6550,218,0.0,0.0,0.0,0.0,6549.0,0.0
0,812200,JAMS,6547.0,243.0,0.0,0.0,0.0,0.0,6549,243,0.0,0.0,0.0,0.0,6548.0,0.0
0,812300,JAMS,6547.0,261.0,0.0,0.0,0.0,0.0,6549,261,0.0,0.0,0.0,0.0,6548.0,0.0
0,812400,JAMS,6546.0,66.0,6545.0,146.0,0.0,0.0,6547,63,6548.0,146.0,0.0,0.0,6546.5,0.0
0,812500,JAMS,6547.0,12.0,6546.0,253.0,0.0,0.0,6548,253,0.0,0.0,0.0,0.0,6547.5,0.0
0,812600,JAMS,6545.0,248.0,0.0,0.0,0.0,0.0,6547,248,0.0,0.0,0.0,0.0,6546.0,0.0
0,812700,JAMS,6545.0,197.0,0.0,0.0,0.0,0.0,6547,197,0.0,0.0,0.0,0.0,6546.0,0.0
0,812800,JAMS,6545.0,271.0,0.0,0.0,0.0,0.0,6547,271,0.0,0.0,0.0,0.0,6546.0,0.0
0,812900,JAMS,6545.0,60.0,6544.0,168.0,0.0,0.0,6546,60,6547.0,168.0,0.0,0.0,6545.5,0.0
0,813000,JAMS,6544.0,170.0,0.0,0.0,0.0,0.0,6546,170,0.0,0.0,0.0,0.0,6545.0,0.0
0,813100,JAMS,6544.0,269.0,0.0,0.0,0.0,0.0,6546,269,0.0,0.0,0.0,0.0,6545.0,0.0
0,813200,JAMS,6544.0,219.0,0.0,0.0,0.0,0.0,6546,219,0.0,0.0,0.0,0.0,6545.0,0.0
0,813300,JAMS,6543.0,246.0,0.0,0.0,0.0,0.0,6545,246,0.0,0.0,0.0,0.0,6544.0,0.0
0,813400,JAMS,6544.0,238.0,0.0,0.0,0.0,0.0,6546,238,0.0,0.0,0.0,0.0,6545.0,0.0
0,813500,JAMS,6544.0,191.0,0.0,0.0,0.0,0.0,6546,191,0.0,0.0,0.0,0.0,6545.0,0.0
0,813600,JAMS,6543.0,238.0,0.0,0.0,0.0,0.0,6545,238,0.0,0.0,0.0,0.0,6544.0,0.0
0,813700,JAMS,6544.0,244.0,0.0,0.0,0.0,0.0,6546,244,0.0,0.0,0.0,0.0,6545.0,0.0
0,813800,JAMS,6544.0,54.0,6543.0,198.0,0.0,0.0,6545,54,6546.0,198.0,0.0,0.0,6544.5,0.0
0,813900,JAMS,6543.0,209.0,0.0,0.0,0.0,0.0,6545,209,0.0,0.0,0.0,0.0,6544.0,0.0
0,814000,JAMS,6543.0,182.0,0.0,0.0,0.0,0.0,6545,182,0.0,0.0,0.0,0.0,6544.0,0.0
0,814100,JAMS,6543.0,210.0,0.0,0.0,0.0,0.0,6545,210,0.0,0.0,0.0,0.0,6544.0,0.0
0,814200,JAMS,6543.0,233.0,0.0,0.0,0.0,0.0,6545,233,0.0,0.0,0.0,0.0,6544.0,0.0
0,814300,JAMS,6543.0,269.0,0.0,0.0,0.0,0.0,6545,269,0.0,0.0,0.0,0.0,6544.0,0.0
0,814400,JAMS,6543.0,252.0,0.0,0.0,0.0,0.0,6545,252,0.0,0.0,0.0,0.0,6544.0,0.0
0,814500,JAMS,6543.0,286.0,0.0,0.0,0.0,0.0,6545,286,0.0,0.0,0.0,0.0,6544.0,0.0
0,814600,JAMS,6543.0,271.0,0.0,0.0,0.0,0.0,6545,271,0.0,0.0,0.0,0.0,6544.0,0.0
0,814700,JAMS,6543.0,248.0,0.0,0.0,0.0,0.0,6545,248,0.0,0.0,0.0,0.0,6544.0,0.0
0,814800,JAMS,6543.0,208.0,0.0,0.0,0.0,0.0,6545,208,0.0,0.0,0.0,0.0,6544.0,0.0
0,814900,JAMS,6544.0,251.0,0.0,0.0,0.0,0.0,6546,261,0.0,0.0,0.0,0.0,6545.0,0.0
0,815000,JAMS,6547.0,66.0,6546.0,171.0,0.0,0.0,6548,66,6549.0,171.0,0.0,0.0,6547.5,0.0
0,815100,JAMS,6547.0,239.0,0.0,0.0,0.0,0.0,6549,239,0.0,0.0,0.0,0.0,6548.0,0.0
0,815200,JAMS,6548.0,195.0,0.0,0.0,0.0,0.0,6550,195,0.0,0.0,0.0,0.0,6549.0,0.0
0,815300,JAMS,6548.0,271.0,0.0,0.0,0.0,0.0,6550,271,0.0,0.0,0.0,0.0,6549.0,0.0
0,815400,JAMS,6548.0,245.0,0.0,0.0,0.0,0.0,6550,245,0.0,0.0,0.0,0.0,6549.0,0.0
0,815500,JAMS,6548.0,222.0,0.0,0.0,0.0,0.0,6550,222,0.0,0.0,0.0,0.0,6549.0,0.0
0,815600,JAMS,6547.0,267.0,0.0,0.0,0.0,0.0,6549,267,0.0,0.0,0.0,0.0,6548.0,0.0
0,815700,JAMS,6546.0,198.0,0.0,0.0,0.0,0.0,6548,198,0.0,0.0,0.0,0.0,6547.0,0.0
0,815800,JAMS,6546.0,188.0,0.0,0.0,0.0,0.0,6548,188,0.0,0.0,0.0,0.0,6547.0,0.0
0,815900,JAMS,6546.0,239.0,0.0,0.0,0.0,0.0,6548,246,0.0,0.0,0.0,0.0,6547.0,0.0
0,816000,JAMS,6546.0,223.0,0.0,0.0,0.0,0.0,6547,97,6548.0,126.0,0.0,0.0,6546.5,0.0
0,816100,JAMS,6546.0,184.0,0.0,0.0,0.0,0.0,6548,184,0.0,0.0,0.0,0.0,6547.0,0.0
0,816200,JAMS,6546.0,232.0,0.0,0.0,0.0,0.0,6548,232,0.0,0.0,0.0,0.0,6547.0,0.0
0,816300,JAMS,6546.0,244.0,0.0,0.0,0.0,0.0,6548,237,0.0,0.0,0.0,0.0,6547.0,0.0
0,816400,JAMS,6547.0,241.0,0.0,0.0,0.0,0.0,6549,241,0.0,0.0,0.0,0.0,6548.0,0.0
0,816500,JAMS,6547.0,237.0,0.0,0.0,0.0,0.0,6549,237,0.0,0.0,0.0,0.0,6548.0,0.0
0,816600,JAMS,6548.0,55.0,6547.0,173.0,0.0,0.0,6549,55,6550.0,173.0,0.0,0.0,6548.5,0.0
0,816700,JAMS,6549.0,171.0,0.0,0.0,0.0,0.0,6551,171,0.0,0.0,0.0,0.0,6550.0,0.0
0,816800,JAMS,6549.0,55.0,6548.0,147.0,0.0,0.0,6550,55,6551.0,147.0,0.0,0.0,6549.5,0.0
0,816900,JAMS,6548.0,191.0,0.0,0.0,0.0,0.0,6550,191,0.0,0.0,0.0,0.0,6549.0,0.0
0,817000,JAMS,6547.0,217.0,0.0,0.0,0.0,0.0,6549,217,0.0,0.0,0.0,0.0,6548.0,0.0
0,817100,JAMS,6548.0,281.0,0.0,0.0,0.0,0.0,6550,281,0.0,0.0,0.0,0.0,6549.0,0.0
0,817200,JAMS,6549.0,167.0,0.0,0.0,0.0,0.0,6551,167,0.0,0.0,0.0,0.0,6550.0,0.0
0,817300,JAMS,6549.0,210.0,0.0,0.0,0.0,0.0,6551,210,0.0,0.0,0.0,0.0,6550.0,0.0
0,817400,JAMS,6549.0,218.0,0.0,0.0,0.0,0.0,6551,218,0.0,0.0,0.0,0.0,6550.0,0.0
0,817500,JAMS,6549.0,214.0,0.0,0.0,0.0,0.0,6551,214,0.0,0.0,0.0,0.0,6550.0,0.0
0,817600,JAMS,6549.0,210.0,0.0,0.0,0.0,0.0,6551,210,0.0,0.0,0.0,0.0,6550.0,0.0
0,817700,JAMS,6549.0,214.0,0.0,0.0,0.0,0.0,6551,214,0.0,0.0,0.0,0.0,6550.0,0.0
0,817800,JAMS,6550.0,223.0,0.0,0.0,0.0,0.0,6552,223,0.0,0.0,0.0,0.0,6551.0,0.0
0,817900,JAMS,6550.0,240.0,0.0,0.0,0.0,0.0,6552,240,0.0,0.0,0.0,0.0,6551.0,0.0
0,818000,JAMS,6550.0,284.0,0.0,0.0,0.0,0.0,6552,284,0.0,0.0,0.0,0.0,6551.0,0.0
0,818100,JAMS,6550.0,93.0,6549.0,161.0,0.0,0.0,6551,93,6552.0,161.0,0.0,0.0,6550.5,0.0
0,818200,JAMS,6549.0,199.0,0.0,0.0,0.0,0.0,6551,199,0.0,0.0,0.0,0.0,6550.0,0.0
0,818300,JAMS,6549.0,212.0,0.0,0.0,0.0,0.0,6551,222,0.0,0.0,0.0,0.0,6550.0,0.0
0,818400,JAMS,6548.0,52.0,6547.0,147.0,0.0,0.0,6549,199,0.0,0.0,0.0,0.0,6548.5,0.0
0,818500,JAMS,6547.0,237.0,0.0,0.0,0.0,0.0,6549,237,0.0,0.0,0.0,0.0,6548.0,0.0
0,818600,JAMS,6547.0,288.0,0.0,0.0,0.0,0.0,6549,288,0.0,0.0,0.0,0.0,6548.0,0.0
0,818700,JAMS,6547.0,60.0,6546.0,109.0,0.0,0.0,6548,60,6549.0,109.0,0.0,0.0,6547.5,0.0
0,818800,JAMS,6546.0,204.0,0.0,0.0,0.0,0.0,6548,204,0.0,0.0,0.0,0.0,6547.0,0.0
0,818900,JAMS,6546.0,224.0,0.0,0.0,0.0,0.0,6548,224,0.0,0.0,0.0,0.0,6547.0,0.0
0,819000,JAMS,6546.0,245.0,0.0,0.0,0.0,0.0,6548,245,0.0,0.0,0.0,0.0,6547.0,0.0
0,819100,JAMS,6546.0,233.0,0.0,0.0,0.0,0.0,6548,233,0.0,0.0,0.0,0.0,6547.0,0.0
0,819200,JAMS,6546.0,177.0,0.0,0.0,0.0,0.0,6548,177,0.0,0.0,0.0,0.0,6547.0,0.0
0,819300,JAMS,6546.0,166.0,0.0,0.0,0.0,0.0,6548,166,0.0,0.0,0.0,0.0,6547.0,0.0
0,819400,JAMS,6546.0,261.0,0.0,0.0,0.0,0.0,6548,261,0.0,0.0,0.0,0.0,6547.0,0.0
0,819500,JAMS,6546.0,222.0,0.0,0.0,0.0,0.0,6548,222,0.0,0.0,0.0,0.0,6547.0,0.0
0,819600,JAMS,6546.0,243.0,0.0,0.0,0.0,0.0,6548,243,0.0,0.0,0.0,0.0,6547.0,0.0
0,819700,JAMS,6546.0,98.0,6545.0,137.0,0.0,0.0,6547,98,6548.0,137.0,0.0,0.0,6546.5,0.0
0,819800,JAMS,6545.0,190.0,0.0,0.0,0.0,0.0,6547,190,0.0,0.0,0.0,0.0,6546.0,0.0
0,819900,JAMS,6546.0,70.0,6545.0,168.0,0.0,0.0,6547,238,0.0,0.0,0.0,0.0,6546.5,0.0
0,820000,JAMS,6545.0,245.0,0.0,0.0,0.0,0.0,6547,245,0.0,0.0,0.0,0.0,6546.0,0.0
0,820100,JAMS,6546.0,172.0,0.0,0.0,0.0,0.0,6548,172,0.0,0.0,0.0,0.0,6547.0,0.0
0,820200,JAMS,6546.0,293.0,0.0,0.0,0.0,0.0,6548,293,0.0,0.0,0.0,0.0,6547.0,0.0
0,820300,JAMS,6546.0,85.0,6545.0,169.0,0.0,0.0,6547,74,6548.0,169.0,0.0,0.0,6546.5,0.0
0,820400,JAMS,6547.0,59.0,6546.0,138.0,0.0,0.0,6548,59,6549.0,138.0,0.0,0.0,6547.5,0.0
0,820500,JAMS,6547.0,68.0,6546.0,195.0,0.0,0.0,6548,68,6549.0,195.0,0.0,0.0,6547.5,0.0
0,820600,JAMS,6546.0,239.0,0.0,0.0,0.0,0.0,6548,239,0.0,0.0,0.0,0.0,6547.0,0.0
0,820700,JAMS,6546.0,252.0,0.0,0.0,0.0,0.0,6548,252,0.0,0.0,0.0,0.0,6547.0,0.0
0,820800,JAMS,6546.0,92.0,6545.0,133.0,0.0,0.0,6547,92,6548.0,133.0,0.0,0.0,6546.5,0.0
0,820900,JAMS,6545.0,245.0,0.0,0.0,0.0,0.0,6547,245,0.0,0.0,0.0,0.0,6546.0,0.0
0,821000,JAMS,6545.0,200.0,0.0,0.0,0.0,0.0,6547,200,0.0,0.0,0.0,0.0,6546.0,0.0
0,821100,JAMS,6545.0,225.0,0.0,0.0,0.0,0.0,6547,225,0.0,0.0,0.0,0.0,6546.0,0.0
0,821200,JAMS,6545.0,252.0,0.0,0.0,0.0,0.0,6547,252,0.0,0.0,0.0,0.0,6546.0,0.0
0,821300,JAMS,6545.0,222.0,0.0,0.0,0.0,0.0,6547,222,0.0,0.0,0.0,0.0,6546.0,0.0
0,821400,JAMS,6545.0,190.0,0.0,0.0,0.0,0.0,6547,190,0.0,0.0,0.0,0.0,6546.0,0.0
0,821500,JAMS,6545.0,50.0,6544.0,174.0,0.0,0.0,6546,50,6547.0,174.0,0.0,0.0,6545.5,0.0
0,821600,JAMS,6544.0,153.0,0.0,0.0,0.0,0.0,6546,153,0.0,0.0,0.0,0.0,6545.0,0.0
0,821700,JAMS,6544.0,288.0,0.0,0.0,0.0,0.0,6546,288,0.0,0.0,0.0,0.0,6545.0,0.0
0,821800,JAMS,6544.0,278.0,0.0,0.0,0.0,0.0,6546,278,0.0,0.0,0.0,0.0,6545.0,0.0
0,821900,JAMS,6544.0,84.0,6543.0,108.0,0.0,0.0,6545,84,6546.0,108.0,0.0,0.0,6544.5,0.0
0,822000,JAMS,6542.0,176.0,0.0,0.0,0.0,0.0,6544,176,0.0,0.0,0.0,0.0,6543.0,0.0
0,822100,JAMS,6542.0,60.0,6541.0,151.0,0.0,0.0,6543,71,6544.0,151.0,0.0,0.0,6542.5,0.0
0,822200,JAMS,6541.0,269.0,0.0,0.0,0.0,0.0,6543,269,0.0,0.0,0.0,0.0,6542.0,0.0
0,822300,JAMS,6540.0,221.0,0.0,0.0,0.0,0.0,6541,72,6542.0,149.0,0.0,0.0,6540.5,0.0
0,822400,JAMS,6540.0,210.0,0.0,0.0,0.0,0.0,6542,210,0.0,0.0,0.0,0.0,6541.0,0.0
0,822500,JAMS,6540.0,92.0,6539.0,105.0,0.0,0.0,6541,92,6542.0,105.0,0.0,0.0,6540.5,0.0
0,822600,JAMS,6539.0,203.0,0.0,0.0,0.0,0.0,6541,203,0.0,0.0,0.0,0.0,6540.0,0.0
0,822700,JAMS,6539.0,217.0,0.0,0.0,0.0,0.0,6541,211,0.0,0.0,0.0,0.0,6540.0,0.0
0,822800,JAMS,6539.0,235.0,0.0,0.0,0.0,0.0,6541,235,0.0,0.0,0.0,0.0,6540.0,0.0
0,822900,JAMS,6539.0,258.0,0.0,0.0,0.0,0.0,6540,80,6541.0,178.0,0.0,0.0,6539.5,0.0
0,823000,JAMS,6539.0,86.0,6538.0,140.0,0.0,0.0,6540,86,6541.0,140.0,0.0,0.0,6539.5,0.0
0,823100,JAMS,6539.0,66.0,6538.0,179.0,0.0,0.0,6540,66,6541.0,179.0,0.0,0.0,6539.5,0.0
0,823200,JAMS,6539.0,63.0,6538.0,191.0,0.0,0.0,6540,254,0.0,0.0,0.0,0.0,6539.5,0.0
0,823300,JAMS,6538.0,254.0,0.0,0.0,0.0,0.0,6540,254,0.0,0.0,0.0,0.0,6539.0,0.0
0,823400,JAMS,6540.0,55.0,6539.0,136.0,0.0,0.0,6541,55,6542.0,136.0,0.0,0.0,6540.5,0.0
0,823500,JAMS,6539.0,242.0,0.0,0.0,0.0,0.0,6541,242,0.0,0.0,0.0,0.0,6540.0,0.0
0,823600,JAMS,6539.0,175.0,0.0,0.0,0.0,0.0,6541,175,0.0,0.0,0.0,0.0,6540.0,0.0
0,823700,JAMS,6539.0,58.0,6538.0,108.0,0.0,0.0,6540,58,6541.0,108.0,0.0,0.0,6539.5,0.0
0,823800,JAMS,6539.0,84.0,6538.0,109.0,0.0,0.0,6540,84,6541.0,109.0,0.0,0.0,6539.5,0.0
0,823900,JAMS,6539.0,96.0,6538.0,119.0,0.0,0.0,6540,91,6541.0,119.0,0.0,0.0,6539.5,0.0
0,824000,JAMS,6537.0,242.0,0.0,0.0,0.0,0.0,6539,242,0.0,0.0,0.0,0.0,6538.0,0.0
0,824100,JAMS,6536.0,93.0,6535.0,109.0,0.0,0.0,6537,93,6538.0,109.0,0.0,0.0,6536.5,0.0
0,824200,JAMS,6534.0,264.0,0.0,0.0,0.0,0.0,6536,264,0.0,0.0,0.0,0.0,6535.0,0.0
0,824300,JAMS,6534.0,199.0,0.0,0.0,0.0,0.0,6536,199,0.0,0.0,0.0,0.0,6535.0,0.0
0,824400,JAMS,6534.0,192.0,0.0,0.0,0.0,0.0,6536,192,0.0,0.0,0.0,0.0,6535.0,0.0
0,824500,JAMS,6534.0,172.0,0.0,0.0,0.0,0.0,6536,172,0.0,0.0,0.0,0.0,6535.0,0.0
0,824600,JAMS,6534.0,254.0,0.0,0.0,0.0,0.0,6535,67,6536.0,187.0,0.0,0.0,6534.5,0.0
0,824700,JAMS,6535.0,249.0,0.0,0.0,0.0,0.0,6537,259,0.0,0.0,0.0,0.0,6536.0,0.0
0,824800,JAMS,6535.0,267.0,0.0,0.0,0.0,0.0,6537,267,0.0,0.0,0.0,0.0,6536.0,0.0
0,824900,JAMS,6535.0,193.0,0.0,0.0,0.0,0.0,6537,193,0.0,0.0,0.0,0.0,6536.0,0.0
0,825000,JAMS,6535.0,281.0,0.0,0.0,0.0,0.0,6537,272,0.0,0.0,0.0,0.0,6536.0,0.0
0,825100,JAMS,6535.0,168.0,0.0,0.0,0.0,0.0,6537,168,0.0,0.0,0.0,0.0,6536.0,0.0
0,825200,JAMS,6538.0,203.0,0.0,0.0,0.0,0.0,6540,203,0.0,0.0,0.0,0.0,6539.0,0.0
0,825300,JAMS,6540.0,273.0,0.0,0.0,0.0,0.0,6541,79,6542.0,194.0,0.0,0.0,6540.5,0.0
0,825400,JAMS,6541.0,76.0,6540.0,139.0,0.0,0.0,6542,76,6543.0,139.0,0.0,0.0,6541.5,0.0
0,825500,JAMS,6540.0,97.0,6539.0,104.0,0.0,0.0,6541,97,6542.0,104.0,0.0,0.0,6540.5,0.0
0,825600,JAMS,6539.0,275.0,0.0,0.0,0.0,0.0,6541,275,0.0,0.0,0.0,0.0,6540.0,0.0
0,825700,JAMS,6539.0,55.0,6538.0,173.0,0.0,0.0,6540,55,6541.0,173.0,0.0,0.0,6539.5,0.0
0,825800,JAMS,6539.0,86.0,6538.0,160.0,0.0,0.0,6540,86,6541.0,160.0,0.0,0.0,6539.5,0.0
0,825900,JAMS,6539.0,65.0,6538.0,177.0,0.0,0.0,6540,65,6541.0,177.0,0.0,0.0,6539.5,0.0
0,826000,JAMS,6538.0,177.0,0.0,0.0,0.0,0.0,6540,177,0.0,0.0,0.0,0.0,6539.0,0.0
0,826100,JAMS,6539.0,52.0,6538.0,172.0,0.0,0.0,6540,52,6541.0,172.0,0.0,0.0,6539.5,0.0
0,826200,JAMS,6539.0,175.0,0.0,0.0,0.0,0.0,6541,175,0.0,0.0,0.0,0.0,6540.0,0.0
0,826300,JAMS,6539.0,270.0,0.0,0.0,0.0,0.0,6541,270,0.0,0.0,0.0,0.0,6540.0,0.0
0,826400,JAMS,6539.0,187.0,0.0,0.0,0.0,0.0,6541,187,0.0,0.0,0.0,0.0,6540.0,0.0
0,826500,JAMS,6539.0,75.0,6538.0,179.0,0.0,0.0,6540,75,6541.0,179.0,0.0,0.0,6539.5,0.0
0,826600,JAMS,6539.0,91.0,6538.0,141.0,0.0,0.0,6540,91,6541.0,141.0,0.0,0.0,6539.5,0.0
0,826700,JAMS,6539.0,52.0,6538.0,144.0,0.0,0.0,6540,52,6541.0,144.0,0.0,0.0,6539.5,0.0
0,826800,JAMS,6539.0,241.0,0.0,0.0,0.0,0.0,6541,241,0.0,0.0,0.0,0.0,6540.0,0.0
0,826900,JAMS,6539.0,240.0,0.0,0.0,0.0,0.0,6541,243,0.0,0.0,0.0,0.0,6540.0,0.0
0,827000,JAMS,6539.0,178.0,0.0,0.0,0.0,0.0,6541,178,0.0,0.0,0.0,0.0,6540.0,0.0
0,827100,JAMS,6540.0,241.0,0.0,0.0,0.0,0.0,6542,241,0.0,0.0,0.0,0.0,6541.0,0.0
0,827200,JAMS,6540.0,270.0,0.0,0.0,0.0,0.0,6542,270,0.0,0.0,0.0,0.0,6541.0,0.0
0,827300,JAMS,6540.0,214.0,0.0,0.0,0.0,0.0,6542,214,0.0,0.0,0.0,0.0,6541.0,0.0
0,827400,JAMS,6543.0,51.0,6542.0,173.0,0.0,0.0,6544,51,6545.0,173.0,0.0,0.0,6543.5,0.0
0,827500,JAMS,6542.0,249.0,0.0,0.0,0.0,0.0,6544,249,0.0,0.0,0.0,0.0,6543.0,0.0
0,827600,JAMS,6541.0,210.0,0.0,0.0,0.0,0.0,6543,210,0.0,0.0,0.0,0.0,6542.0,0.0
0,827700,JAMS,6541.0,193.0,0.0,0.0,0.0,0.0,6543,193,0.0,0.0,0.0,0.0,6542.0,0.0
0,827800,JAMS,6542.0,100.0,6541.0,140.0,0.0,0.0,6543,100,6544.0,140.0,0.0,0.0,6542.5,0.0
0,827900,JAMS,6540.0,184.0,0.0,0.0,0.0,0.0,6542,184,0.0,0.0,0.0,0.0,6541.0,0.0
0,828000,JAMS,6541.0,240.0,0.0,0.0,0.0,0.0,6543,240,0.0,0.0,0.0,0.0,6542.0,0.0
0,828100,JAMS,6541.0,237.0,0.0,0.0,0.0,0.0,6543,237,0.0,0.0,0.0,0.0,6542.0,0.0
0,828200,JAMS,6541.0,52.0,6540.0,127.0,0.0,0.0,6542,52,6543.0,127.0,0.0,0.0,6541.5,0.0
0,828300,JAMS,6541.0,191.0,0.0,0.0,0.0,0.0,6543,191,0.0,0.0,0.0,0.0,6542.0,0.0
0,828400,JAMS,6540.0,271.0,0.0,0.0,0.0,0.0,6542,271,0.0,0.0,0.0,0.0,6541.0,0.0
0,828500,JAMS,6541.0,100.0,6540.0,156.0,0.0,0.0,6542,100,6543.0,156.0,0.0,0.0,6541.5,0.0
0,828600,JAMS,6541.0,156.0,0.0,0.0,0.0,0.0,6543,156,0.0,0.0,0.0,0.0,6542.0,0.0
0,828700,JAMS,6541.0,55.0,6540.0,172.0,0.0,0.0,6542,55,6543.0,172.0,0.0,0.0,6541.5,0.0
0,828800,JAMS,6540.0,274.0,0.0,0.0,0.0,0.0,6542,274,0.0,0.0,0.0,0.0,6541.0,0.0
0,828900,JAMS,6541.0,93.0,6540.0,189.0,0.0,0.0,6542,93,6543.0,189.0,0.0,0.0,6541.5,0.0
0,829000,JAMS,6542.0,61.0,6541.0,123.0,0.0,0.0,6543,61,6544.0,123.0,0.0,0.0,6542.5,0.0
0,829100,JAMS,6543.0,220.0,0.0,0.0,0.0,0.0,6545,220,0.0,0.0,0.0,0.0,6544.0,0.0
0,829200,JAMS,6542.0,224.0,0.0,0.0,0.0,0.0,6544,224,0.0,0.0,0.0,0.0,6543.0,0.0
0,829300,JAMS,6542.0,233.0,0.0,0.0,0.0,0.0,6544,233,0.0,0.0,0.0,0.0,6543.0,0.0
0,829400,JAMS,6542.0,208.0,0.0,0.0,0.0,0.0,6544,208,0.0,0.0,0.0,0.0,6543.0,0.0
0,829500,JAMS,6542.0,216.0,0.0,0.0,0.0,0.0,6544,216,0.0,0.0,0.0,0.0,6543.0,0.0
0,829600,JAMS,6542.0,57.0,6541.0,161.0,0.0,0.0,6543,57,6544.0,161.0,0.0,0.0,6542.5,0.0
0,829700,JAMS,6541.0,189.0,0.0,0.0,0.0,0.0,6543,189,0.0,0.0,0.0,0.0,6542.0,0.0
0,829800,JAMS,6541.0,197.0,0.0,0.0,0.0,0.0,6543,197,0.0,0.0,0.0,0.0,6542.0,0.0
0,829900,JAMS,6541.0,192.0,0.0,0.0,0.0,0.0,6543,192,0.0,0.0,0.0,0.0,6542.0,0.0
0,830000,JAMS,6540.0,198.0,0.0,0.0,0.0,0.0,6542,198,0.0,0.0,0.0,0.0,6541.0,0.0
0,830100,JAMS,6539.0,160.0,0.0,0.0,0.0,0.0,6540,52,6541.0,108.0,0.0,0.0,6539.5,0.0
0,830200,JAMS,6538.0,279.0,0.0,0.0,0.0,0.0,6539,3,6540.0,279.0,0.0,0.0,6538.5,0.0
0,830300,JAMS,6540.0,74.0,6539.0,189.0,0.0,0.0,6541,74,6542.0,189.0,0.0,0.0,6540.5,0.0
0,830400,JAMS,6539.0,258.0,0.0,0.0,0.0,0.0,6540,88,6541.0,170.0,0.0,0.0,6539.5,0.0
0,830500,JAMS,6538.0,244.0,0.0,0.0,0.0,0.0,6540,244,0.0,0.0,0.0,0.0,6539.0,0.0
0,830600,JAMS,6539.0,69.0,6538.0,107.0,0.0,0.0,6540,69,6541.0,107.0,0.0,0.0,6539.5,0.0
0,830700,JAMS,6539.0,231.0,0.0,0.0,0.0,0.0,6541,231,0.0,0.0,0.0,0.0,6540.0,0.0
0,830800,JAMS,6539.0,70.0,6538.0,103.0,0.0,0.0,6540,70,6541.0,103.0,0.0,0.0,6539.5,0.0
0,830900,JAMS,6538.0,194.0,0.0,0.0,0.0,0.0,6540,194,0.0,0.0,0.0,0.0,6539.0,0.0
0,831000,JAMS,6538.0,75.0,6537.0,164.0,0.0,0.0,6539,75,6540.0,164.0,0.0,0.0,6538.5,0.0
0,831100,JAMS,6537.0,268.0,0.0,0.0,0.0,0.0,6539,268,0.0,0.0,0.0,0.0,6538.0,0.0
0,831200,JAMS,6538.0,88.0,6537.0,122.0,0.0,0.0,6539,88,6540.0,122.0,0.0,0.0,6538.5,0.0
0,831300,JAMS,6538.0,190.0,0.0,0.0,0.0,0.0,6540,190,0.0,0.0,0.0,0.0,6539.0,0.0
0,831400,JAMS,6537.0,213.0,0.0,0.0,0.0,0.0,6539,213,0.0,0.0,0.0,0.0,6538.0,0.0
0,831500,JAMS,6537.0,250.0,0.0,0.0,0.0,0.0,6539,250,0.0,0.0,0.0,0.0,6538.0,0.0
0,831600,JAMS,6538.0,208.0,0.0,0.0,0.0,0.0,6540,208,0.0,0.0,0.0,0.0,6539.0,0.0
0,831700,JAMS,6538.0,236.0,0.0,0.0,0.0,0.0,6540,236,0.0,0.0,0.0,0.0,6539.0,0.0
0,831800,JAMS,6538.0,188.0,0.0,0.0,0.0,0.0,6540,188,0.0,0.0,0.0,0.0,6539.0,0.0
0,831900,JAMS,6538.0,73.0,6537.0,108.0,0.0,0.0,6539,73,6540.0,108.0,0.0,0.0,6538.5,0.0
0,832000,JAMS,6538.0,54.0,6537.0,148.0,0.0,0.0,6539,54,6540.0,148.0,0.0,0.0,6538.5,0.0
0,832100,JAMS,6538.0,222.0,0.0,0.0,0.0,0.0,6540,222,0.0,0.0,0.0,0.0,6539.0,0.0
0,832200,JAMS,6538.0,248.0,0.0,0.0,0.0,0.0,6540,248,0.0,0.0,0.0,0.0,6539.0,0.0
0,832300,JAMS,6538.0,247.0,0.0,0.0,0.0,0.0,6540,247,0.0,0.0,0.0,0.0,6539.0,0.0
0,832400,JAMS,6538.0,66.0,6537.0,134.0,0.0,0.0,6539,66,6540.0,134.0,0.0,0.0,6538.5,0.0
0,832500,JAMS,6537.0,269.0,0.0,0.0,0.0,0.0,6539,269,0.0,0.0,0.0,0.0,6538.0,0.0
0,832600,JAMS,6537.0,220.0,0.0,0.0,0.0,0.0,6539,223,0.0,0.0,0.0,0.0,6538.0,0.0
0,832700,JAMS,6537.0,166.0,0.0,0.0,0.0,0.0,6539,166,0.0,0.0,0.0,0.0,6538.0,0.0
0,832800,JAMS,6539.0,245.0,0.0,0.0,0.0,0.0,6541,245,0.0,0.0,0.0,0.0,6540.0,0.0
0,832900,JAMS,6539.0,205.0,0.0,0.0,0.0,0.0,6541,205,0.0,0.0,0.0,0.0,6540.0,0.0
0,833000,JAMS,6539.0,277.0,0.0,0.0,0.0,0.0,6541,277,0.0,0.0,0.0,0.0,6540.0,0.0
0,833100,JAMS,6540.0,78.0,6539.0,176.0,0.0,0.0,6541,78,6542.0,176.0,0.0,0.0,6540.5,0.0
0,833200,JAMS,6540.0,230.0,0.0,0.0,0.0,0.0,6542,230,0.0,0.0,0.0,0.0,6541.0,0.0
0,833300,JAMS,6540.0,221.0,0.0,0.0,0.0,0.0,6542,221,0.0,0.0,0.0,0.0,6541.0,0.0
0,833400,JAMS,6540.0,190.0,0.0,0.0,0.0,0.0,6542,190,0.0,0.0,0.0,0.0,6541.0,0.0
0,833500,JAMS,6541.0,98.0,6540.0,200.0,0.0,0.0,6542,98,6543.0,200.0,0.0,0.0,6541.5,0.0
0,833600,JAMS,6541.0,196.0,0.0,0.0,0.0,0.0,6543,196,0.0,0.0,0.0,0.0,6542.0,0.0
0,833700,JAMS,6541.0,181.0,0.0,0.0,0.0,0.0,6543,181,0.0,0.0,0.0,0.0,6542.0,0.0
0,833800,JAMS,6542.0,91.0,6541.0,182.0,0.0,0.0,6543,91,6544.0,182.0,0.0,0.0,6542.5,0.0
0,833900,JAMS,6542.0,94.0,6541.0,139.0,0.0,0.0,6543,94,6544.0,139.0,0.0,0.0,6542.5,0.0
0,834000,JAMS,6541.0,191.0,0.0,0.0,0.0,0.0,6543,191,0.0,0.0,0.0,0.0,6542.0,0.0
0,834100,JAMS,6540.0,193.0,0.0,0.0,0.0,0.0,6542,193,0.0,0.0,0.0,0.0,6541.0,0.0
0,834200,JAMS,6540.0,241.0,0.0,0.0,0.0,0.0,6542,241,0.0,0.0,0.0,0.0,6541.0,0.0
0,834300,JAMS,6541.0,92.0,6540.0,199.0,0.0,0.0,6542,291,0.0,0.0,0.0,0.0,6541.5,0.0
0,834400,JAMS,6540.0,264.0,0.0,0.0,0.0,0.0,6542,264,0.0,0.0,0.0,0.0,6541.0,0.0
0,834500,JAMS,6540.0,246.0,0.0,0.0,0.0,0.0,6542,246,0.0,0.0,0.0,0.0,6541.0,0.0
0,834600,JAMS,6540.0,215.0,0.0,0.0,0.0,0.0,6542,205,0.0,0.0,0.0,0.0,6541.0,0.0
0,834700,JAMS,6540.0,252.0,0.0,0.0,0.0,0.0,6542,252,0.0,0.0,0.0,0.0,6541.0,0.0
0,834800,JAMS,6540.0,252.0,0.0,0.0,0.0,0.0,6542,252,0.0,0.0,0.0,0.0,6541.0,0.0
0,834900,JAMS,6540.0,186.0,0.0,0.0,0.0,0.0,6542,186,0.0,0.0,0.0,0.0,6541.0,0.0
0,835000,JAMS,6540.0,226.0,0.0,0.0,0.0,0.0,6541,11,6542.0,226.0,0.0,0.0,6540.5,0.0
0,835100,JAMS,6541.0,97.0,6540.0,101.0,0.0,0.0,6542,97,6543.0,101.0,0.0,0.0,6541.5,0.0
0,835200,JAMS,6541.0,190.0,0.0,0.0,0.0,0.0,6543,190,0.0,0.0,0.0,0.0,6542.0,0.0
0,835300,JAMS,6540.0,236.0,0.0,0.0,0.0,0.0,6542,236,0.0,0.0,0.0,0.0,6541.0,0.0
0,835400,JAMS,6540.0,198.0,0.0,0.0,0.0,0.0,6542,198,0.0,0.0,0.0,0.0,6541.0,0.0
0,835500,JAMS,6540.0,58.0,6539.0,109.0,0.0,0.0,6541,58,6542.0,109.0,0.0,0.0,6540.5,0.0
0,835600,JAMS,6539.0,235.0,0.0,0.0,0.0,0.0,6541,235,0.0,0.0,0.0,0.0,6540.0,0.0
0,835700,JAMS,6540.0,253.0,0.0,0.0,0.0,0.0,6542,253,0.0,0.0,0.0,0.0,6541.0,0.0
0,835800,JAMS,6540.0,176.0,0.0,0.0,0.0,0.0,6542,176,0.0,0.0,0.0,0.0,6541.0,0.0
0,835900,JAMS,6540.0,266.0,0.0,0.0,0.0,0.0,6542,266,0.0,0.0,0.0,0.0,6541.0,0.0
0,836000,JAMS,6541.0,111.0,6540.0,137.0,0.0,0.0,6542,99,6543.0,137.0,0.0,0.0,6541.5,0.0
0,836100,JAMS,6543.0,174.0,0.0,0.0,0.0,0.0,6545,174,0.0,0.0,0.0,0.0,6544.0,0.0
0,836200,JAMS,6543.0,219.0,0.0,0.0,0.0,0.0,6545,219,0.0,0.0,0.0,0.0,6544.0,0.0
0,836300,JAMS,6544.0,99.0,6543.0,190.0,0.0,0.0,6545,99,6546.0,190.0,0.0,0.0,6544.5,0.0
0,836400,JAMS,6544.0,93.0,6543.0,103.0,0.0,0.0,6545,196,0.0,0.0,0.0,0.0,6544.5,0.0
0,836500,JAMS,6545.0,154.0,0.0,0.0,0.0,0.0,6547,154,0.0,0.0,0.0,0.0,6546.0,0.0
0,836600,JAMS,6544.0,240.0,0.0,0.0,0.0,0.0,6546,240,0.0,0.0,0.0,0.0,6545.0,0.0
0,836700,JAMS,6545.0,102.0,6544.0,145.0,0.0,0.0,6546,99,6547.0,145.0,0.0,0.0,6545.5,0.0
0,836800,JAMS,6545.0,56.0,6544.0,110.0,0.0,0.0,6546,56,6547.0,110.0,0.0,0.0,6545.5,0.0
0,836900,JAMS,6545.0,252.0,0.0,0.0,0.0,0.0,6547,252,0.0,0.0,0.0,0.0,6546.0,0.0
0,837000,JAMS,6545.0,193.0,0.0,0.0,0.0,0.0,6547,193,0.0,0.0,0.0,0.0,6546.0,0.0
0,837100,JAMS,6545.0,286.0,0.0,0.0,0.0,0.0,6547,286,0.0,0.0,0.0,0.0,6546.0,0.0
0,837200,JAMS,6545.0,210.0,0.0,0.0,0.0,0.0,6547,210,0.0,0.0,0.0,0.0,6546.0,0.0
0,837300,JAMS,6545.0,183.0,0.0,0.0,0.0,0.0,6547,183,0.0,0.0,0.0,0.0,6546.0,0.0
0,837400,JAMS,6545.0,100.0,6544.0,142.0,0.0,0.0,6546,100,6547.0,142.0,0.0,0.0,6545.5,0.0
0,837500,JAMS,6545.0,71.0,6544.0,168.0,0.0,0.0,6546,71,6547.0,168.0,0.0,0.0,6545.5,0.0
0,837600,JAMS,6545.0,75.0,6544.0,168.0,0.0,0.0,6546,75,6547.0,168.0,0.0,0.0,6545.5,0.0
0,837700,JAMS,6545.0,86.0,6544.0,153.0,0.0,0.0,6546,86,6547.0,153.0,0.0,0.0,6545.5,0.0
0,837800,JAMS,6544.0,251.0,0.0,0.0,0.0,0.0,6545,7,6546.0,251.0,0.0,0.0,6544.5,0.0
0,837900,JAMS,6544.0,202.0,0.0,0.0,0.0,0.0,6546,202,0.0,0.0,0.0,0.0,6545.0,0.0
0,838000,JAMS,6544.0,90.0,6543.0,114.0,0.0,0.0,6545,90,6546.0,114.0,0.0,0.0,6544.5,0.0
0,838100,JAMS,6543.0,183.0,0.0,0.0,0.0,0.0,6545,183,0.0,0.0,0.0,0.0,6544.0,0.0
0,838200,JAMS,6543.0,199.0,0.0,0.0,0.0,0.0,6545,199,0.0,0.0,0.0,0.0,6544.0,0.0
0,838300,JAMS,6543.0,220.0,0.0,0.0,0.0,0.0,6545,220,0.0,0.0,0.0,0.0,6544.0,0.0
0,838400,JAMS,6543.0,197.0,0.0,0.0,0.0,0.0,6545,197,0.0,0.0,0.0,0.0,6544.0,0.0
0,838500,JAMS,6544.0,263.0,0.0,0.0,0.0,0.0,6546,263,0.0,0.0,0.0,0.0,6545.0,0.0
0,838600,JAMS,6544.0,185.0,0.0,0.0,0.0,0.0,6546,185,0.0,0.0,0.0,0.0,6545.0,0.0
0,838700,JAMS,6544.0,259.0,0.0,0.0,0.0,0.0,6546,259,0.0,0.0,0.0,0.0,6545.0,0.0
0,838800,JAMS,6544.0,188.0,0.0,0.0,0.0,0.0,6546,188,0.0,0.0,0.0,0.0,6545.0,0.0
0,838900,JAMS,6544.0,236.0,0.0,0.0,0.0,0.0,6546,236,0.0,0.0,0.0,0.0,6545.0,0.0
0,839000,JAMS,6543.0,269.0,0.0,0.0,0.0,0.0,6545,269,0.0,0.0,0.0,0.0,6544.0,0.0
0,839100,JAMS,6544.0,94.0,6543.0,113.0,0.0,0.0,6545,207,0.0,0.0,0.0,0.0,6544.5,0.0
0,839200,JAMS,6543.0,277.0,0.0,0.0,0.0,0.0,6545,277,0.0,0.0,0.0,0.0,6544.0,0.0
0,839300,JAMS,6543.0,233.0,0.0,0.0,0.0,0.0,6545,239,0.0,0.0,0.0,0.0,6544.0,0.0
0,839400,JAMS,6543.0,230.0,0.0,0.0,0.0,0.0,6545,230,0.0,0.0,0.0,0.0,6544.0,0.0
0,839500,JAMS,6543.0,183.0,0.0,0.0,0.0,0.0,6545,183,0.0,0.0,0.0,0.0,6544.0,0.0
0,839600,JAMS,6543.0,74.0,6542.0,145.0,0.0,0.0,6544,74,6545.0,145.0,0.0,0.0,6543.5,0.0
0,839700,JAMS,6542.0,175.0,0.0,0.0,0.0,0.0,6544,175,0.0,0.0,0.0,0.0,6543.0,0.0
0,839800,JAMS,6543.0,86.0,6542.0,105.0,0.0,0.0,6544,86,6545.0,105.0,0.0,0.0,6543.5,0.0
0,839900,JAMS,6543.0,85.0,6542.0,197.0,0.0,0.0,6544,85,6545.0,197.0,0.0,0.0,6543.5,0.0
0,840000,JAMS,6543.0,245.0,0.0,0.0,0.0,0.0,6544,79,6545.0,166.0,0.0,0.0,6543.5,0.0
0,840100,JAMS,6543.0,6.0,6542.0,239.0,0.0,0.0,6544,239,0.0,0.0,0.0,0.0,6543.5,0.0
0,840200,JAMS,6543.0,233.0,0.0,0.0,0.0,0.0,6545,233,0.0,0.0,0.0,0.0,6544.0,0.0
0,840300,JAMS,6544.0,268.0,0.0,0.0,0.0,0.0,6546,268,0.0,0.0,0.0,0.0,6545.0,0.0
0,840400,JAMS,6544.0,53.0,6543.0,157.0,0.0,0.0,6545,53,6546.0,157.0,0.0,0.0,6544.5,0.0
0,840500,JAMS,6543.0,198.0,0.0,0.0,0.0,0.0,6545,198,0.0,0.0,0.0,0.0,6544.0,0.0
0,840600,JAMS,6543.0,221.0,0.0,0.0,0.0,0.0,6545,221,0.0,0.0,0.0,0.0,6544.0,0.0
0,840700,JAMS,6543.0,216.0,0.0,0.0,0.0,0.0,6545,216,0.0,0.0,0.0,0.0,6544.0,0.0
0,840800,JAMS,6543.0,179.0,0.0,0.0,0.0,0.0,6545,179,0.0,0.0,0.0,0.0,6544.0,0.0
0,840900,JAMS,6543.0,199.0,0.0,0.0,0.0,0.0,6545,199,0.0,0.0,0.0,0.0,6544.0,0.0
0,841000,JAMS,6543.0,192.0,0.0,0.0,0.0,0.0,6545,192,0.0,0.0,0.0,0.0,6544.0,0.0
0,841100,JAMS,6543.0,93.0,6542.0,107.0,0.0,0.0,6544,93,6545.0,107.0,0.0,0.0,6543.5,0.0
0,841200,JAMS,6543.0,56.0,6542.0,117.0,0.0,0.0,6544,56,6545.0,117.0,0.0,0.0,6543.5,0.0
0,841300,JAMS,6543.0,216.0,0.0,0.0,0.0,0.0,6545,216,0.0,0.0,0.0,0.0,6544.0,0.0
0,841400,JAMS,6543.0,235.0,0.0,0.0,0.0,0.0,6545,235,0.0,0.0,0.0,0.0,6544.0,0.0
0,841500,JAMS,6543.0,284.0,0.0,0.0,0.0,0.0,6545,284,0.0,0.0,0.0,0.0,6544.0,0.0
0,841600,JAMS,6545.0,89.0,6544.0,141.0,0.0,0.0,6546,89,6547.0,141.0,0.0,0.0,6545.5,0.0
0,841700,JAMS,6544.0,177.0,0.0,0.0,0.0,0.0,6546,167,0.0,0.0,0.0,0.0,6545.0,0.0
0,841800,JAMS,6544.0,177.0,0.0,0.0,0.0,0.0,6546,166,0.0,0.0,0.0,0.0,6545.0,0.0
0,841900,JAMS,6544.0,74.0,6543.0,148.0,0.0,0.0,6545,74,6546.0,148.0,0.0,0.0,6544.5,0.0
0,842000,JAMS,6544.0,53.0,6543.0,171.0,0.0,0.0,6545,53,6546.0,171.0,0.0,0.0,6544.5,0.0
0,842100,JAMS,6544.0,84.0,6543.0,163.0,0.0,0.0,6545,84,6546.0,163.0,0.0,0.0,6544.5,0.0
0,842200,JAMS,6544.0,229.0,0.0,0.0,0.0,0.0,6545,97,6546.0,132.0,0.0,0.0,6544.5,0.0
0,842300,JAMS,6544.0,215.0,0.0,0.0,0.0,0.0,6546,215,0.0,0.0,0.0,0.0,6545.0,0.0
0,842400,JAMS,6544.0,230.0,0.0,0.0,0.0,0.0,6546,230,0.0,0.0,0.0,0.0,6545.0,0.0
0,842500,JAMS,6545.0,231.0,0.0,0.0,0.0,0.0,6547,231,0.0,0.0,0.0,0.0,6546.0,0.0
0,842600,JAMS,6544.0,241.0,0.0,0.0,0.0,0.0,6546,241,0.0,0.0,0.0,0.0,6545.0,0.0
0,842700,JAMS,6544.0,160.0,0.0,0.0,0.0,0.0,6546,160,0.0,0.0,0.0,0.0,6545.0,0.0
0,842800,JAMS,6544.0,238.0,0.0,0.0,0.0,0.0,6546,238,0.0,0.0,0.0,0.0,6545.0,0.0
0,842900,JAMS,6545.0,237.0,0.0,0.0,0.0,0.0,6547,237,0.0,0.0,0.0,0.0,6546.0,0.0
0,843000,JAMS,6545.0,273.0,0.0,0.0,0.0,0.0,6547,273,0.0,0.0,0.0,0.0,6546.0,0.0
0,843100,JAMS,6544.0,247.0,0.0,0.0,0.0,0.0,6546,247,0.0,0.0,0.0,0.0,6545.0,0.0
0,843200,JAMS,6544.0,212.0,0.0,0.0,0.0,0.0,6546,212,0.0,0.0,0.0,0.0,6545.0,0.0
0,843300,JAMS,6544.0,287.0,0.0,0.0,0.0,0.0,6546,287,0.0,0.0,0.0,0.0,6545.0,0.0
0,843400,JAMS,6544.0,238.0,0.0,0.0,0.0,0.0,6546,238,0.0,0.0,0.0,0.0,6545.0,0.0
0,843500,JAMS,6544.0,253.0,0.0,0.0,0.0,0.0,6546,253,0.0,0.0,0.0,0.0,6545.0,0.0
0,843600,JAMS,6544.0,205.0,0.0,0.0,0.0,0.0,6546,205,0.0,0.0,0.0,0.0,6545.0,0.0
0,843700,JAMS,6544.0,83.0,6543.0,115.0,0.0,0.0,6545,83,6546.0,115.0,0.0,0.0,6544.5,0.0
0,843800,JAMS,6544.0,227.0,0.0,0.0,0.0,0.0,6546,227,0.0,0.0,0.0,0.0,6545.0,0.0
0,843900,JAMS,6544.0,235.0,0.0,0.0,0.0,0.0,6546,239,0.0,0.0,0.0,0.0,6545.0,0.0
0,844000,JAMS,6544.0,82.0,6543.0,176.0,0.0,0.0,6545,76,6546.0,176.0,0.0,0.0,6544.5,0.0
0,844100,JAMS,6543.0,191.0,0.0,0.0,0.0,0.0,6545,191,0.0,0.0,0.0,0.0,6544.0,0.0
0,844200,JAMS,6543.0,205.0,0.0,0.0,0.0,0.0,6545,205,0.0,0.0,0.0,0.0,6544.0,0.0
0,844300,JAMS,6543.0,230.0,0.0,0.0,0.0,0.0,6545,230,0.0,0.0,0.0,0.0,6544.0,0.0
0,844400,JAMS,6543.0,214.0,0.0,0.0,0.0,0.0,6545,214,0.0,0.0,0.0,0.0,6544.0,0.0
0,844500,JAMS,6543.0,206.0,0.0,0.0,0.0,0.0,6545,206,0.0,0.0,0.0,0.0,6544.0,0.0
0,844600,JAMS,6543.0,78.0,6542.0,102.0,0.0,0.0,6544,78,6545.0,102.0,0.0,0.0,6543.5,0.0
0,844700,JAMS,6542.0,169.0,0.0,0.0,0.0,0.0,6544,169,0.0,0.0,0.0,0.0,6543.0,0.0
0,844800,JAMS,6542.0,277.0,0.0,0.0,0.0,0.0,6544,277,0.0,0.0,0.0,0.0,6543.0,0.0
0,844900,JAMS,6542.0,195.0,0.0,0.0,0.0,0.0,6544,195,0.0,0.0,0.0,0.0,6543.0,0.0
0,845000,JAMS,6542.0,220.0,0.0,0.0,0.0,0.0,6544,220,0.0,0.0,0.0,0.0,6543.0,0.0
0,845100,JAMS,6542.0,251.0,0.0,0.0,0.0,0.0,6544,251,0.0,0.0,0.0,0.0,6543.0,0.0
0,845200,JAMS,6541.0,261.0,0.0,0.0,0.0,0.0,6543,261,0.0,0.0,0.0,0.0,6542.0,0.0
0,845300,JAMS,6541.0,270.0,0.0,0.0,0.0,0.0,6543,270,0.0,0.0,0.0,0.0,6542.0,0.0
0,845400,JAMS,6541.0,257.0,0.0,0.0,0.0,0.0,6543,257,0.0,0.0,0.0,0.0,6542.0,0.0
0,845500,JAMS,6541.0,275.0,0.0,0.0,0.0,0.0,6543,275,0.0,0.0,0.0,0.0,6542.0,0.0
0,845600,JAMS,6542.0,181.0,0.0,0.0,0.0,0.0,6544,181,0.0,0.0,0.0,0.0,6543.0,0.0
0,845700,JAMS,6543.0,230.0,0.0,0.0,0.0,0.0,6544,67,6545.0,163.0,0.0,0.0,6543.5,0.0
0,845800,JAMS,6543.0,86.0,6542.0,186.0,0.0,0.0,6544,86,6545.0,186.0,0.0,0.0,6543.5,0.0
0,845900,JAMS,6544.0,7.0,6543.0,226.0,0.0,0.0,6545,226,0.0,0.0,0.0,0.0,6544.5,0.0
0,846000,JAMS,6544.0,255.0,0.0,0.0,0.0,0.0,6546,255,0.0,0.0,0.0,0.0,6545.0,0.0
0,846100,JAMS,6543.0,282.0,0.0,0.0,0.0,0.0,6545,282,0.0,0.0,0.0,0.0,6544.0,0.0
0,846200,JAMS,6544.0,68.0,6543.0,101.0,0.0,0.0,6545,68,6546.0,101.0,0.0,0.0,6544.5,0.0
0,846300,JAMS,6543.0,196.0,0.0,0.0,0.0,0.0,6544,12,6545.0,196.0,0.0,0.0,6543.5,0.0
0,846400,JAMS,6543.0,189.0,0.0,0.0,0.0,0.0,6545,189,0.0,0.0,0.0,0.0,6544.0,0.0
0,846500,JAMS,6543.0,92.0,6542.0,160.0,0.0,0.0,6544,92,6545.0,160.0,0.0,0.0,6543.5,0.0
0,846600,JAMS,6543.0,80.0,6542.0,116.0,0.0,0.0,6544,80,6545.0,116.0,0.0,0.0,6543.5,0.0
0,846700,JAMS,6543.0,51.0,6542.0,179.0,0.0,0.0,6544,51,6545.0,179.0,0.0,0.0,6543.5,0.0
0,846800,JAMS,6542.0,232.0,0.0,0.0,0.0,0.0,6544,232,0.0,0.0,0.0,0.0,6543.0,0.0
0,846900,JAMS,6542.0,68.0,6541.0,177.0,0.0,0.0,6543,68,6544.0,177.0,0.0,0.0,6542.5,0.0
0,847000,JAMS,6541.0,191.0,0.0,0.0,0.0,0.0,6543,191,0.0,0.0,0.0,0.0,6542.0,0.0
0,847100,JAMS,6542.0,74.0,6541.0,106.0,0.0,0.0,6543,74,6544.0,106.0,0.0,0.0,6542.5,0.0
0,847200,JAMS,6541.0,171.0,0.0,0.0,0.0,0.0,6543,171,0.0,0.0,0.0,0.0,6542.0,0.0
0,847300,JAMS,6542.0,50.0,6541.0,186.0,0.0,0.0,6543,50,6544.0,186.0,0.0,0.0,6542.5,0.0
0,847400,JAMS,6542.0,85.0,6541.0,141.0,0.0,0.0,6543,85,6544.0,141.0,0.0,0.0,6542.5,0.0
0,847500,JAMS,6541.0,254.0,0.0,0.0,0.0,0.0,6543,254,0.0,0.0,0.0,0.0,6542.0,0.0
0,847600,JAMS,6542.0,84.0,6541.0,154.0,0.0,0.0,6543,84,6544.0,154.0,0.0,0.0,6542.5,0.0
0,847700,JAMS,6541.0,225.0,0.0,0.0,0.0,0.0,6542,9,6543.0,225.0,0.0,0.0,6541.5,0.0
0,847800,JAMS,6541.0,98.0,6540.0,129.0,0.0,0.0,6542,98,6543.0,129.0,0.0,0.0,6541.5,0.0
0,847900,JAMS,6540.0,251.0,0.0,0.0,0.0,0.0,6542,251,0.0,0.0,0.0,0.0,6541.0,0.0
0,848000,JAMS,6540.0,165.0,0.0,0.0,0.0,0.0,6542,165,0.0,0.0,0.0,0.0,6541.0,0.0
0,848100,JAMS,6540.0,57.0,6539.0,141.0,0.0,0.0,6541,57,6542.0,141.0,0.0,0.0,6540.5,0.0
0,848200,JAMS,6539.0,155.0,0.0,0.0,0.0,0.0,6541,155,0.0,0.0,0.0,0.0,6540.0,0.0
0,848300,JAMS,6539.0,199.0,0.0,0.0,0.0,0.0,6541,199,0.0,0.0,0.0,0.0,6540.0,0.0
0,848400,JAMS,6541.0,231.0,0.0,0.0,0.0,0.0,6543,231,0.0,0.0,0.0,0.0,6542.0,0.0
0,848500,JAMS,6541.0,67.0,6540.0,101.0,0.0,0.0,6542,67,6543.0,101.0,0.0,0.0,6541.5,0.0
0,848600,JAMS,6541.0,201.0,0.0,0.0,0.0,0.0,6543,201,0.0,0.0,0.0,0.0,6542.0,0.0
0,848700,JAMS,6542.0,55.0,6541.0,193.0,0.0,0.0,6543,55,6544.0,193.0,0.0,0.0,6542.5,0.0
0,848800,JAMS,6543.0,96.0,6542.0,105.0,0.0,0.0,6544,96,6545.0,105.0,0.0,0.0,6543.5,0.0
0,848900,JAMS,6542.0,191.0,0.0,0.0,0.0,0.0,6544,191,0.0,0.0,0.0,0.0,6543.0,0.0
0,849000,JAMS,6542.0,284.0,0.0,0.0,0.0,0.0,6544,284,0.0,0.0,0.0,0.0,6543.0,0.0
0,849100,JAMS,6542.0,239.0,0.0,0.0,0.0,0.0,6544,239,0.0,0.0,0.0,0.0,6543.0,0.0
0,849200,JAMS,6542.0,178.0,0.0,0.0,0.0,0.0,6544,178,0.0,0.0,0.0,0.0,6543.0,0.0
0,849300,JAMS,6542.0,198.0,0.0,0.0,0.0,0.0,6544,201,0.0,0.0,0.0,0.0,6543.0,0.0
0,849400,JAMS,6542.0,166.0,0.0,0.0,0.0,0.0,6544,166,0.0,0.0,0.0,0.0,6543.0,0.0
0,849500,JAMS,6542.0,211.0,0.0,0.0,0.0,0.0,6544,211,0.0,0.0,0.0,0.0,6543.0,0.0
0,849600,JAMS,6543.0,282.0,0.0,0.0,0.0,0.0,6545,282,0.0,0.0,0.0,0.0,6544.0,0.0
0,849700,JAMS,6543.0,165.0,0.0,0.0,0.0,0.0,6545,165,0.0,0.0,0.0,0.0,6544.0,0.0
0,849800,JAMS,6543.0,241.0,0.0,0.0,0.0,0.0,6545,241,0.0,0.0,0.0,0.0,6544.0,0.0
0,849900,JAMS,6543.0,52.0,6542.0,179.0,0.0,0.0,6544,52,6545.0,179.0,0.0,0.0,6543.5,0.0
0,850000,JAMS,6543.0,95.0,6542.0,144.0,0.0,0.0,6544,95,6545.0,144.0,0.0,0.0,6543.5,0.0
0,850100,JAMS,6542.0,234.0,0.0,0.0,0.0,0.0,6543,6,6544.0,234.0,0.0,0.0,6542.5,0.0
0,850200,JAMS,6542.0,252.0,0.0,0.0,0.0,0.0,6544,252,0.0,0.0,0.0,0.0,6543.0,0.0
0,850300,JAMS,6542.0,57.0,6541.0,111.0,0.0,0.0,6543,57,6544.0,111.0,0.0,0.0,6542.5,0.0
0,850400,JAMS,6542.0,63.0,6541.0,174.0,0.0,0.0,6543,63,6544.0,174.0,0.0,0.0,6542.5,0.0
0,850500,JAMS,6541.0,192.0,0.0,0.0,0.0,0.0,6543,192,0.0,0.0,0.0,0.0,6542.0,0.0
0,850600,JAMS,6541.0,206.0,0.0,0.0,0.0,0.0,6543,206,0.0,0.0,0.0,0.0,6542.0,0.0
0,850700,JAMS,6541.0,287.0,0.0,0.0,0.0,0.0,6543,287,0.0,0.0,0.0,0.0,6542.0,0.0
0,850800,JAMS,6541.0,56.0,6540.0,129.0,0.0,0.0,6542,56,6543.0,129.0,0.0,0.0,6541.5,0.0
0,850900,JAMS,6541.0,217.0,0.0,0.0,0.0,0.0,6543,217,0.0,0.0,0.0,0.0,6542.0,0.0
0,851000,JAMS,6541.0,218.0,0.0,0.0,0.0,0.0,6543,218,0.0,0.0,0.0,0.0,6542.0,0.0
0,851100,JAMS,6541.0,89.0,6540.0,180.0,0.0,0.0,6542,89,6543.0,180.0,0.0,0.0,6541.5,0.0
0,851200,JAMS,6540.0,230.0,0.0,0.0,0.0,0.0,6542,230,0.0,0.0,0.0,0.0,6541.0,0.0
0,851300,JAMS,6540.0,190.0,0.0,0.0,0.0,0.0,6542,190,0.0,0.0,0.0,0.0,6541.0,0.0
0,851400,JAMS,6540.0,264.0,0.0,0.0,0.0,0.0,6542,264,0.0,0.0,0.0,0.0,6541.0,0.0
0,851500,JAMS,6540.0,74.0,6539.0,172.0,0.0,0.0,6541,74,6542.0,172.0,0.0,0.0,6540.5,0.0
0,851600,JAMS,6539.0,209.0,0.0,0.0,0.0,0.0,6541,209,0.0,0.0,0.0,0.0,6540.0,0.0
0,851700,JAMS,6539.0,182.0,0.0,0.0,0.0,0.0,6541,182,0.0,0.0,0.0,0.0,6540.0,0.0
0,851800,JAMS,6539.0,216.0,0.0,0.0,0.0,0.0,6541,216,0.0,0.0,0.0,0.0,6540.0,0.0
0,851900,JAMS,6539.0,185.0,0.0,0.0,0.0,0.0,6541,185,0.0,0.0,0.0,0.0,6540.0,0.0
0,852000,JAMS,6539.0,236.0,0.0,0.0,0.0,0.0,6541,236,0.0,0.0,0.0,0.0,6540.0,0.0
0,852100,JAMS,6539.0,267.0,0.0,0.0,0.0,0.0,6541,267,0.0,0.0,0.0,0.0,6540.0,0.0
0,852200,JAMS,6539.0,267.0,0.0,0.0,0.0,0.0,6540,71,6541.0,196.0,0.0,0.0,6539.5,0.0
0,852300,JAMS,6538.0,227.0,0.0,0.0,0.0,0.0,6540,227,0.0,0.0,0.0,0.0,6539.0,0.0
0,852400,JAMS,6538.0,220.0,0.0,0.0,0.0,0.0,6540,220,0.0,0.0,0.0,0.0,6539.0,0.0
0,852500,JAMS,6538.0,289.0,0.0,0.0,0.0,0.0,6540,289,0.0,0.0,0.0,0.0,6539.0,0.0
0,852600,JAMS,6538.0,228.0,0.0,0.0,0.0,0.0,6539,7,6540.0,228.0,0.0,0.0,6538.5,0.0
0,852700,JAMS,6538.0,218.0,0.0,0.0,0.0,0.0,6540,218,0.0,0.0,0.0,0.0,6539.0,0.0
0,852800,JAMS,6538.0,277.0,0.0,0.0,0.0,0.0,6540,277,0.0,0.0,0.0,0.0,6539.0,0.0
0,852900,JAMS,6538.0,194.0,0.0,0.0,0.0,0.0,6540,194,0.0,0.0,0.0,0.0,6539.0,0.0
0,853000,JAMS,6538.0,217.0,0.0,0.0,0.0,0.0,6540,217,0.0,0.0,0.0,0.0,6539.0,0.0
0,853100,JAMS,6538.0,281.0,0.0,0.0,0.0,0.0,6540,281,0.0,0.0,0.0,0.0,6539.0,0.0
0,853200,JAMS,6538.0,271.0,0.0,0.0,0.0,0.0,6540,271,0.0,0.0,0.0,0.0,6539.0,0.0
0,853300,JAMS,6538.0,53.0,6537.0,110.0,0.0,0.0,6539,53,6540.0,110.0,0.0,0.0,6538.5,0.0
0,853400,JAMS,6538.0,199.0,0.0,0.0,0.0,0.0,6540,199,0.0,0.0,0.0,0.0,6539.0,0.0
0,853500,JAMS,6539.0,256.0,0.0,0.0,0.0,0.0,6541,246,0.0,0.0,0.0,0.0,6540.0,0.0
0,853600,JAMS,6540.0,70.0,6539.0,108.0,0.0,0.0,6541,70,6542.0,108.0,0.0,0.0,6540.5,0.0
0,853700,JAMS,6540.0,63.0,6539.0,113.0,0.0,0.0,6541,63,6542.0,113.0,0.0,0.0,6540.5,0.0
0,853800,JAMS,6539.0,168.0,0.0,0.0,0.0,0.0,6541,168,0.0,0.0,0.0,0.0,6540.0,0.0
0,853900,JAMS,6540.0,261.0,0.0,0.0,0.0,0.0,6542,261,0.0,0.0,0.0,0.0,6541.0,0.0
0,854000,JAMS,6540.0,271.0,0.0,0.0,0.0,0.0,6542,271,0.0,0.0,0.0,0.0,6541.0,0.0
0,854100,JAMS,6540.0,247.0,0.0,0.0,0.0,0.0,6542,247,0.0,0.0,0.0,0.0,6541.0,0.0
0,854200,JAMS,6539.0,269.0,0.0,0.0,0.0,0.0,6541,269,0.0,0.0,0.0,0.0,6540.0,0.0
0,854300,JAMS,6540.0,88.0,6539.0,108.0,0.0,0.0,6541,88,6542.0,108.0,0.0,0.0,6540.5,0.0
0,854400,JAMS,6539.0,205.0,0.0,0.0,0.0,0.0,6541,205,0.0,0.0,0.0,0.0,6540.0,0.0
0,854500,JAMS,6541.0,60.0,6540.0,193.0,0.0,0.0,6542,56,6543.0,193.0,0.0,0.0,6541.5,0.0
0,854600,JAMS,6541.0,60.0,6540.0,124.0,0.0,0.0,6542,60,6543.0,124.0,0.0,0.0,6541.5,0.0
0,854700,JAMS,6540.0,220.0,0.0,0.0,0.0,0.0,6542,220,0.0,0.0,0.0,0.0,6541.0,0.0
0,854800,JAMS,6540.0,218.0,0.0,0.0,0.0,0.0,6542,218,0.0,0.0,0.0,0.0,6541.0,0.0
0,854900,JAMS,6540.0,197.0,0.0,0.0,0.0,0.0,6542,197,0.0,0.0,0.0,0.0,6541.0,0.0
0,855000,JAMS,6540.0,197.0,0.0,0.0,0.0,0.0,6541,91,6542.0,106.0,0.0,0.0,6540.5,0.0
0,855100,JAMS,6540.0,205.0,0.0,0.0,0.0,0.0,6542,205,0.0,0.0,0.0,0.0,6541.0,0.0
0,855200,JAMS,6540.0,228.0,0.0,0.0,0.0,0.0,6542,228,0.0,0.0,0.0,0.0,6541.0,0.0
0,855300,JAMS,6540.0,83.0,6539.0,143.0,0.0,0.0,6541,83,6542.0,143.0,0.0,0.0,6540.5,0.0
0,855400,JAMS,6540.0,50.0,6539.0,194.0,0.0,0.0,6541,50,6542.0,194.0,0.0,0.0,6540.5,0.0
0,855500,JAMS,6540.0,84.0,6539.0,147.0,0.0,0.0,6541,84,6542.0,147.0,0.0,0.0,6540.5,0.0
0,855600,JAMS,6539.0,229.0,0.0,0.0,0.0,0.0,6541,229,0.0,0.0,0.0,0.0,6540.0,0.0
0,855700,JAMS,6539.0,270.0,0.0,0.0,0.0,0.0,6541,270,0.0,0.0,0.0,0.0,6540.0,0.0
0,855800,JAMS,6539.0,240.0,0.0,0.0,0.0,0.0,6541,240,0.0,0.0,0.0,0.0,6540.0,0.0
0,855900,JAMS,6540.0,179.0,0.0,0.0,0.0,0.0,6542,179,0.0,0.0,0.0,0.0,6541.0,0.0
0,856000,JAMS,6543.0,44.0,6542.0,156.0,0.0,0.0,6544,51,6545.0,156.0,0.0,0.0,6543.5,0.0
0,856100,JAMS,6541.0,263.0,0.0,0.0,0.0,0.0,6543,263,0.0,0.0,0.0,0.0,6542.0,0.0
0,856200,JAMS,6541.0,248.0,0.0,0.0,0.0,0.0,6543,248,0.0,0.0,0.0,0.0,6542.0,0.0
0,856300,JAMS,6541.0,200.0,0.0,0.0,0.0,0.0,6543,200,0.0,0.0,0.0,0.0,6542.0,0.0
0,856400,JAMS,6541.0,196.0,0.0,0.0,0.0,0.0,6543,196,0.0,0.0,0.0,0.0,6542.0,0.0
0,856500,JAMS,6540.0,264.0,0.0,0.0,0.0,0.0,6542,264,0.0,0.0,0.0,0.0,6541.0,0.0
0,856600,JAMS,6541.0,12.0,6540.0,264.0,0.0,0.0,6542,264,0.0,0.0,0.0,0.0,6541.5,0.0
0,856700,JAMS,6541.0,60.0,6540.0,148.0,0.0,0.0,6542,60,6543.0,148.0,0.0,0.0,6541.5,0.0
0,856800,JAMS,6540.0,241.0,0.0,0.0,0.0,0.0,6542,241,0.0,0.0,0.0,0.0,6541.0,0.0
0,856900,JAMS,6540.0,249.0,0.0,0.0,0.0,0.0,6542,249,0.0,0.0,0.0,0.0,6541.0,0.0
0,857000,JAMS,6540.0,281.0,0.0,0.0,0.0,0.0,6541,3,6542.0,281.0,0.0,0.0,6540.5,0.0
0,857100,JAMS,6540.0,82.0,6539.0,199.0,0.0,0.0,6541,82,6542.0,199.0,0.0,0.0,6540.5,0.0
0,857200,JAMS,6540.0,80.0,6539.0,170.0,0.0,0.0,6541,80,6542.0,170.0,0.0,0.0,6540.5,0.0
0,857300,JAMS,6539.0,241.0,0.0,0.0,0.0,0.0,6541,241,0.0,0.0,0.0,0.0,6540.0,0.0
0,857400,JAMS,6539.0,159.0,0.0,0.0,0.0,0.0,6541,159,0.0,0.0,0.0,0.0,6540.0,0.0
0,857500,JAMS,6539.0,182.0,0.0,0.0,0.0,0.0,6541,182,0.0,0.0,0.0,0.0,6540.0,0.0
0,857600,JAMS,6539.0,218.0,0.0,0.0,0.0,0.0,6541,218,0.0,0.0,0.0,0.0,6540.0,0.0
0,857700,JAMS,6539.0,183.0,0.0,0.0,0.0,0.0,6541,183,0.0,0.0,0.0,0.0,6540.0,0.0
0,857800,JAMS,6540.0,54.0,6539.0,128.0,0.0,0.0,6541,54,6542.0,128.0,0.0,0.0,6540.5,0.0
0,857900,JAMS,6541.0,204.0,0.0,0.0,0.0,0.0,6543,204,0.0,0.0,0.0,0.0,6542.0,0.0
0,858000,JAMS,6541.0,280.0,0.0,0.0,0.0,0.0,6543,286,0.0,0.0,0.0,0.0,6542.0,0.0
0,858100,JAMS,6541.0,275.0,0.0,0.0,0.0,0.0,6543,275,0.0,0.0,0.0,0.0,6542.0,0.0
0,858200,JAMS,6540.0,220.0,0.0,0.0,0.0,0.0,6542,220,0.0,0.0,0.0,0.0,6541.0,0.0
0,858300,JAMS,6540.0,239.0,0.0,0.0,0.0,0.0,6542,239,0.0,0.0,0.0,0.0,6541.0,0.0
0,858400,JAMS,6541.0,75.0,6540.0,118.0,0.0,0.0,6542,75,6543.0,118.0,0.0,0.0,6541.5,0.0
0,858500,JAMS,6541.0,275.0,0.0,0.0,0.0,0.0,6543,275,0.0,0.0,0.0,0.0,6542.0,0.0
0,858600,JAMS,6540.0,260.0,0.0,0.0,0.0,0.0,6542,260,0.0,0.0,0.0,0.0,6541.0,0.0
0,858700,JAMS,6541.0,200.0,0.0,0.0,0.0,0.0,6543,200,0.0,0.0,0.0,0.0,6542.0,0.0
0,858800,JAMS,6540.0,178.0,0.0,0.0,0.0,0.0,6542,178,0.0,0.0,0.0,0.0,6541.0,0.0
0,858900,JAMS,6540.0,199.0,0.0,0.0,0.0,0.0,6542,199,0.0,0.0,0.0,0.0,6541.0,0.0
0,859000,JAMS,6540.0,215.0,0.0,0.0,0.0,0.0,6542,215,0.0,0.0,0.0,0.0,6541.0,0.0
0,859100,JAMS,6542.0,259.0,0.0,0.0,0.0,0.0,6543,97,6544.0,162.0,0.0,0.0,6542.5,0.0
0,859200,JAMS,6542.0,202.0,0.0,0.0,0.0,0.0,6544,202,0.0,0.0,0.0,0.0,6543.0,0.0
0,859300,JAMS,6542.0,218.0,0.0,0.0,0.0,0.0,6543,77,6544.0,141.0,0.0,0.0,6542.5,0.0
0,859400,JAMS,6542.0,64.0,6541.0,155.0,0.0,0.0,6543,64,6544.0,155.0,0.0,0.0,6542.5,0.0
0,859500,JAMS,6542.0,67.0,6541.0,148.0,0.0,0.0,6543,67,6544.0,148.0,0.0,0.0,6542.5,0.0
0,859600,JAMS,6541.0,233.0,0.0,0.0,0.0,0.0,6543,233,0.0,0.0,0.0,0.0,6542.0,0.0
0,859700,JAMS,6541.0,208.0,0.0,0.0,0.0,0.0,6543,202,0.0,0.0,0.0,0.0,6542.0,0.0
0,859800,JAMS,6541.0,84.0,6540.0,115.0,0.0,0.0,6542,84,6543.0,115.0,0.0,0.0,6541.5,0.0
0,859900,JAMS,6540.0,218.0,0.0,0.0,0.0,0.0,6542,218,0.0,0.0,0.0,0.0,6541.0,0.0
0,860000,JAMS,6540.0,257.0,0.0,0.0,0.0,0.0,6542,257,0.0,0.0,0.0,0.0,6541.0,0.0
0,860100,JAMS,6541.0,105.0,6540.0,125.0,0.0,0.0,6542,98,6543.0,125.0,0.0,0.0,6541.5,0.0
0,860200,JAMS,6541.0,68.0,6540.0,149.0,0.0,0.0,6542,68,6543.0,149.0,0.0,0.0,6541.5,0.0
0,860300,JAMS,6540.0,180.0,0.0,0.0,0.0,0.0,6541,80,6542.0,111.0,0.0,0.0,6540.5,0.0
0,860400,JAMS,6539.0,284.0,0.0,0.0,0.0,0.0,6541,284,0.0,0.0,0.0,0.0,6540.0,0.0
0,860500,JAMS,6540.0,89.0,6539.0,110.0,0.0,0.0,6541,89,6542.0,110.0,0.0,0.0,6540.5,0.0
0,860600,JAMS,6540.0,91.0,6539.0,155.0,0.0,0.0,6541,246,0.0,0.0,0.0,0.0,6540.5,0.0
0,860700,JAMS,6540.0,90.0,6539.0,102.0,0.0,0.0,6541,90,6542.0,102.0,0.0,0.0,6540.5,0.0
0,860800,JAMS,6540.0,71.0,6539.0,124.0,0.0,0.0,6541,71,6542.0,124.0,0.0,0.0,6540.5,0.0
0,860900,JAMS,6540.0,90.0,6539.0,130.0,0.0,0.0,6541,90,6542.0,130.0,0.0,0.0,6540.5,0.0
0,861000,JAMS,6540.0,80.0,6539.0,167.0,0.0,0.0,6541,80,6542.0,167.0,0.0,0.0,6540.5,0.0
0,861100,JAMS,6540.0,246.0,0.0,0.0,0.0,0.0,6542,246,0.0,0.0,0.0,0.0,6541.0,0.0
0,861200,JAMS,6540.0,71.0,6539.0,160.0,0.0,0.0,6541,71,6542.0,160.0,0.0,0.0,6540.5,0.0
0,861300,JAMS,6539.0,233.0,0.0,0.0,0.0,0.0,6541,233,0.0,0.0,0.0,0.0,6540.0,0.0
0,861400,JAMS,6538.0,208.0,0.0,0.0,0.0,0.0,6540,208,0.0,0.0,0.0,0.0,6539.0,0.0
0,861500,JAMS,6538.0,89.0,6537.0,179.0,0.0,0.0,6539,100,6540.0,179.0,0.0,0.0,6538.5,0.0
0,861600,JAMS,6538.0,91.0,6537.0,112.0,0.0,0.0,6539,91,6540.0,112.0,0.0,0.0,6538.5,0.0
0,861700,JAMS,6537.0,220.0,0.0,0.0,0.0,0.0,6539,220,0.0,0.0,0.0,0.0,6538.0,0.0
0,861800,JAMS,6537.0,258.0,0.0,0.0,0.0,0.0,6539,258,0.0,0.0,0.0,0.0,6538.0,0.0
0,861900,JAMS,6537.0,256.0,0.0,0.0,0.0,0.0,6539,256,0.0,0.0,0.0,0.0,6538.0,0.0
0,862000,JAMS,6537.0,74.0,6536.0,111.0,0.0,0.0,6538,74,6539.0,111.0,0.0,0.0,6537.5,0.0
0,862100,JAMS,6537.0,78.0,6536.0,188.0,0.0,0.0,6538,78,6539.0,188.0,0.0,0.0,6537.5,0.0
0,862200,JAMS,6536.0,236.0,0.0,0.0,0.0,0.0,6538,236,0.0,0.0,0.0,0.0,6537.0,0.0
0,862300,JAMS,6536.0,234.0,0.0,0.0,0.0,0.0,6538,234,0.0,0.0,0.0,0.0,6537.0,0.0
0,862400,JAMS,6537.0,247.0,0.0,0.0,0.0,0.0,6539,247,0.0,0.0,0.0,0.0,6538.0,0.0
0,862500,JAMS,6537.0,77.0,6536.0,158.0,0.0,0.0,6538,77,6539.0,158.0,0.0,0.0,6537.5,0.0
0,862600,JAMS,6536.0,256.0,0.0,0.0,0.0,0.0,6538,256,0.0,0.0,0.0,0.0,6537.0,0.0
0,862700,JAMS,6536.0,71.0,6535.0,160.0,0.0,0.0,6537,71,6538.0,160.0,0.0,0.0,6536.5,0.0
0,862800,JAMS,6536.0,51.0,6535.0,158.0,0.0,0.0,6537,51,6538.0,158.0,0.0,0.0,6536.5,0.0
0,862900,JAMS,6535.0,222.0,0.0,0.0,0.0,0.0,6537,222,0.0,0.0,0.0,0.0,6536.0,0.0
0,863000,JAMS,6535.0,254.0,0.0,0.0,0.0,0.0,6537,254,0.0,0.0,0.0,0.0,6536.0,0.0
0,863100,JAMS,6535.0,207.0,0.0,0.0,0.0,0.0,6537,207,0.0,0.0,0.0,0.0,6536.0,0.0
0,863200,JAMS,6535.0,258.0,0.0,0.0,0.0,0.0,6537,258,0.0,0.0,0.0,0.0,6536.0,0.0
0,863300,JAMS,6535.0,261.0,0.0,0.0,0.0,0.0,6536,5,6537.0,261.0,0.0,0.0,6535.5,0.0
0,863400,JAMS,6536.0,3.0,6535.0,203.0,0.0,0.0,6537,203,0.0,0.0,0.0,0.0,6536.5,0.0
0,863500,JAMS,6535.0,275.0,0.0,0.0,0.0,0.0,6537,275,0.0,0.0,0.0,0.0,6536.0,0.0
0,863600,JAMS,6535.0,277.0,0.0,0.0,0.0,0.0,6537,277,0.0,0.0,0.0,0.0,6536.0,0.0
0,863700,JAMS,6535.0,232.0,0.0,0.0,0.0,0.0,6537,232,0.0,0.0,0.0,0.0,6536.0,0.0
0,863800,JAMS,6534.0,240.0,0.0,0.0,0.0,0.0,6536,240,0.0,0.0,0.0,0.0,6535.0,0.0
0,863900,JAMS,6534.0,195.0,0.0,0.0,0.0,0.0,6536,195,0.0,0.0,0.0,0.0,6535.0,0.0
0,864000,JAMS,6534.0,174.0,0.0,0.0,0.0,0.0,6536,174,0.0,0.0,0.0,0.0,6535.0,0.0
0,864100,JAMS,6534.0,247.0,0.0,0.0,0.0,0.0,6536,247,0.0,0.0,0.0,0.0,6535.0,0.0
0,864200,JAMS,6533.0,274.0,0.0,0.0,0.0,0.0,6535,274,0.0,0.0,0.0,0.0,6534.0,0.0
0,864300,JAMS,6533.0,100.0,6532.0,149.0,0.0,0.0,6534,100,6535.0,149.0,0.0,0.0,6533.5,0.0
0,864400,JAMS,6533.0,210.0,0.0,0.0,0.0,0.0,6535,218,0.0,0.0,0.0,0.0,6534.0,0.0
0,864500,JAMS,6533.0,5.0,6532.0,256.0,0.0,0.0,6534,256,0.0,0.0,0.0,0.0,6533.5,0.0
0,864600,JAMS,6532.0,206.0,0.0,0.0,0.0,0.0,6534,206,0.0,0.0,0.0,0.0,6533.0,0.0
0,864700,JAMS,6532.0,209.0,0.0,0.0,0.0,0.0,6534,209,0.0,0.0,0.0,0.0,6533.0,0.0
0,864800,JAMS,6532.0,79.0,6531.0,191.0,0.0,0.0,6533,68,6534.0,191.0,0.0,0.0,6532.5,0.0
0,864900,JAMS,6532.0,94.0,6531.0,105.0,0.0,0.0,6533,94,6534.0,105.0,0.0,0.0,6532.5,0.0
0,865000,JAMS,6532.0,89.0,6531.0,135.0,0.0,0.0,6533,89,6534.0,135.0,0.0,0.0,6532.5,0.0
0,865100,JAMS,6531.0,176.0,0.0,0.0,0.0,0.0,6533,176,0.0,0.0,0.0,0.0,6532.0,0.0
0,865200,JAMS,6530.0,215.0,0.0,0.0,0.0,0.0,6532,215,0.0,0.0,0.0,0.0,6531.0,0.0
0,865300,JAMS,6531.0,265.0,0.0,0.0,0.0,0.0,6532,72,6533.0,193.0,0.0,0.0,6531.5,0.0
0,865400,JAMS,6531.0,280.0,0.0,0.0,0.0,0.0,6533,280,0.0,0.0,0.0,0.0,6532.0,0.0
0,865500,JAMS,6531.0,84.0,6530.0,104.0,0.0,0.0,6532,79,6533.0,104.0,0.0,0.0,6531.5,0.0
0,865600,JAMS,6530.0,214.0,0.0,0.0,0.0,0.0,6532,214,0.0,0.0,0.0,0.0,6531.0,0.0
0,865700,JAMS,6530.0,217.0,0.0,0.0,0.0,0.0,6532,217,0.0,0.0,0.0,0.0,6531.0,0.0
0,865800,JAMS,6530.0,254.0,0.0,0.0,0.0,0.0,6532,254,0.0,0.0,0.0,0.0,6531.0,0.0
0,865900,JAMS,6531.0,100.0,6530.0,154.0,0.0,0.0,6532,100,6533.0,154.0,0.0,0.0,6531.5,0.0
0,866000,JAMS,6531.0,85.0,6530.0,192.0,0.0,0.0,6532,85,6533.0,192.0,0.0,0.0,6531.5,0.0
0,866100,JAMS,6531.0,83.0,6530.0,184.0,0.0,0.0,6532,76,6533.0,184.0,0.0,0.0,6531.5,0.0
0,866200,JAMS,6530.0,218.0,0.0,0.0,0.0,0.0,6532,218,0.0,0.0,0.0,0.0,6531.0,0.0
0,866300,JAMS,6531.0,67.0,6530.0,121.0,0.0,0.0,6532,67,6533.0,121.0,0.0,0.0,6531.5,0.0
0,866400,JAMS,6530.0,241.0,0.0,0.0,0.0,0.0,6532,241,0.0,0.0,0.0,0.0,6531.0,0.0
0,866500,JAMS,6530.0,233.0,0.0,0.0,0.0,0.0,6532,233,0.0,0.0,0.0,0.0,6531.0,0.0
0,866600,JAMS,6530.0,55.0,6529.0,155.0,0.0,0.0,6531,55,6532.0,155.0,0.0,0.0,6530.5,0.0
0,866700,JAMS,6530.0,93.0,6529.0,108.0,0.0,0.0,6531,87,6532.0,108.0,0.0,0.0,6530.5,0.0
0,866800,JAMS,6530.0,83.0,6529.0,152.0,0.0,0.0,6531,83,6532.0,152.0,0.0,0.0,6530.5,0.0
0,866900,JAMS,6530.0,225.0,0.0,0.0,0.0,0.0,6532,225,0.0,0.0,0.0,0.0,6531.0,0.0
0,867000,JAMS,6530.0,94.0,6529.0,140.0,0.0,0.0,6531,94,6532.0,140.0,0.0,0.0,6530.5,0.0
0,867100,JAMS,6530.0,227.0,0.0,0.0,0.0,0.0,6532,227,0.0,0.0,0.0,0.0,6531.0,0.0
0,867200,JAMS,6530.0,202.0,0.0,0.0,0.0,0.0,6532,202,0.0,0.0,0.0,0.0,6531.0,0.0
0,867300,JAMS,6530.0,296.0,0.0,0.0,0.0,0.0,6532,296,0.0,0.0,0.0,0.0,6531.0,0.0
0,867400,JAMS,6530.0,217.0,0.0,0.0,0.0,0.0,6532,217,0.0,0.0,0.0,0.0,6531.0,0.0
0,867500,JAMS,6531.0,88.0,6530.0,120.0,0.0,0.0,6532,88,6533.0,120.0,0.0,0.0,6531.5,0.0
0,867600,JAMS,6531.0,82.0,6530.0,179.0,0.0,0.0,6532,82,6533.0,179.0,0.0,0.0,6531.5,0.0
0,867700,JAMS,6531.0,54.0,6530.0,174.0,0.0,0.0,6532,54,6533.0,174.0,0.0,0.0,6531.5,0.0
0,867800,JAMS,6531.0,95.0,6530.0,120.0,0.0,0.0,6532,95,6533.0,120.0,0.0,0.0,6531.5,0.0
0,867900,JAMS,6531.0,75.0,6530.0,191.0,0.0,0.0,6532,75,6533.0,191.0,0.0,0.0,6531.5,0.0
0,868000,JAMS,6531.0,188.0,0.0,0.0,0.0,0.0,6533,188,0.0,0.0,0.0,0.0,6532.0,0.0
0,868100,JAMS,6532.0,63.0,6531.0,169.0,0.0,0.0,6533,63,6534.0,169.0,0.0,0.0,6532.5,0.0
0,868200,JAMS,6532.0,76.0,6531.0,132.0,0.0,0.0,6533,76,6534.0,132.0,0.0,0.0,6532.5,0.0
0,868300,JAMS,6531.0,221.0,0.0,0.0,0.0,0.0,6533,221,0.0,0.0,0.0,0.0,6532.0,0.0
0,868400,JAMS,6531.0,203.0,0.0,0.0,0.0,0.0,6533,203,0.0,0.0,0.0,0.0,6532.0,0.0
0,868500,JAMS,6531.0,171.0,0.0,0.0,0.0,0.0,6533,171,0.0,0.0,0.0,0.0,6532.0,0.0
0,868600,JAMS,6531.0,282.0,0.0,0.0,0.0,0.0,6533,276,0.0,0.0,0.0,0.0,6532.0,0.0
0,868700,JAMS,6531.0,256.0,0.0,0.0,0.0,0.0,6533,256,0.0,0.0,0.0,0.0,6532.0,0.0
0,868800,JAMS,6531.0,248.0,0.0,0.0,0.0,0.0,6533,248,0.0,0.0,0.0,0.0,6532.0,0.0
0,868900,JAMS,6531.0,251.0,0.0,0.0,0.0,0.0,6533,251,0.0,0.0,0.0,0.0,6532.0,0.0
0,869000,JAMS,6531.0,239.0,0.0,0.0,0.0,0.0,6533,239,0.0,0.0,0.0,0.0,6532.0,0.0
0,869100,JAMS,6531.0,243.0,0.0,0.0,0.0,0.0,6533,243,0.0,0.0,0.0,0.0,6532.0,0.0
0,869200,JAMS,6531.0,196.0,0.0,0.0,0.0,0.0,6533,196,0.0,0.0,0.0,0.0,6532.0,0.0
0,869300,JAMS,6531.0,199.0,0.0,0.0,0.0,0.0,6533,199,0.0,0.0,0.0,0.0,6532.0,0.0
0,869400,JAMS,6531.0,193.0,0.0,0.0,0.0,0.0,6533,193,0.0,0.0,0.0,0.0,6532.0,0.0
0,869500,JAMS,6530.0,274.0,0.0,0.0,0.0,0.0,6532,274,0.0,0.0,0.0,0.0,6531.0,0.0
0,869600,JAMS,6531.0,9.0,6530.0,231.0,0.0,0.0,6532,231,0.0,0.0,0.0,0.0,6531.5,0.0
0,869700,JAMS,6530.0,247.0,0.0,0.0,0.0,0.0,6532,247,0.0,0.0,0.0,0.0,6531.0,0.0
0,869800,JAMS,6530.0,253.0,0.0,0.0,0.0,0.0,6532,253,0.0,0.0,0.0,0.0,6531.0,0.0
0,869900,JAMS,6530.0,240.0,0.0,0.0,0.0,0.0,6532,240,0.0,0.0,0.0,0.0,6531.0,0.0
0,870000,JAMS,6531.0,66.0,6530.0,169.0,0.0,0.0,6532,66,6533.0,169.0,0.0,0.0,6531.5,0.0
0,870100,JAMS,6531.0,93.0,6530.0,114.0,0.0,0.0,6532,93,6533.0,114.0,0.0,0.0,6531.5,0.0
0,870200,JAMS,6531.0,70.0,6530.0,125.0,0.0,0.0,6532,70,6533.0,125.0,0.0,0.0,6531.5,0.0
0,870300,JAMS,6530.0,286.0,0.0,0.0,0.0,0.0,6532,286,0.0,0.0,0.0,0.0,6531.0,0.0
0,870400,JAMS,6530.0,162.0,0.0,0.0,0.0,0.0,6532,162,0.0,0.0,0.0,0.0,6531.0,0.0
0,870500,JAMS,6530.0,290.0,0.0,0.0,0.0,0.0,6532,290,0.0,0.0,0.0,0.0,6531.0,0.0
0,870600,JAMS,6531.0,88.0,6530.0,121.0,0.0,0.0,6532,88,6533.0,121.0,0.0,0.0,6531.5,0.0
0,870700,JAMS,6531.0,201.0,0.0,0.0,0.0,0.0,6533,201,0.0,0.0,0.0,0.0,6532.0,0.0
0,870800,JAMS,6531.0,109.0,6530.0,154.0,0.0,0.0,6532,98,6533.0,154.0,0.0,0.0,6531.5,0.0
0,870900,JAMS,6531.0,74.0,6530.0,140.0,0.0,0.0,6532,74,6533.0,140.0,0.0,0.0,6531.5,0.0
0,871000,JAMS,6530.0,238.0,0.0,0.0,0.0,0.0,6532,238,0.0,0.0,0.0,0.0,6531.0,0.0
0,871100,JAMS,6530.0,188.0,0.0,0.0,0.0,0.0,6532,188,0.0,0.0,0.0,0.0,6531.0,0.0
0,871200,JAMS,6530.0,234.0,0.0,0.0,0.0,0.0,6532,234,0.0,0.0,0.0,0.0,6531.0,0.0
0,871300,JAMS,6530.0,241.0,0.0,0.0,0.0,0.0,6532,241,0.0,0.0,0.0,0.0,6531.0,0.0
0,871400,JAMS,6530.0,174.0,0.0,0.0,0.0,0.0,6532,174,0.0,0.0,0.0,0.0,6531.0,0.0
0,871500,JAMS,6530.0,262.0,0.0,0.0,0.0,0.0,6532,262,0.0,0.0,0.0,0.0,6531.0,0.0
0,871600,JAMS,6530.0,249.0,0.0,0.0,0.0,0.0,6532,249,0.0,0.0,0.0,0.0,6531.0,0.0
0,871700,JAMS,6530.0,179.0,0.0,0.0,0.0,0.0,6532,179,0.0,0.0,0.0,0.0,6531.0,0.0
0,871800,JAMS,6530.0,269.0,0.0,0.0,0.0,0.0,6532,269,0.0,0.0,0.0,0.0,6531.0,0.0
0,871900,JAMS,6530.0,201.0,0.0,0.0,0.0,0.0,6532,201,0.0,0.0,0.0,0.0,6531.0,0.0
0,872000,JAMS,6530.0,198.0,0.0,0.0,0.0,0.0,6532,198,0.0,0.0,0.0,0.0,6531.0,0.0
0,872100,JAMS,6531.0,52.0,6530.0,168.0,0.0,0.0,6532,52,6533.0,168.0,0.0,0.0,6531.5,0.0
0,872200,JAMS,6530.0,210.0,0.0,0.0,0.0,0.0,6532,210,0.0,0.0,0.0,0.0,6531.0,0.0
0,872300,JAMS,6531.0,10.0,6530.0,291.0,0.0,0.0,6532,291,0.0,0.0,0.0,0.0,6531.5,0.0
0,872400,JAMS,6530.0,237.0,0.0,0.0,0.0,0.0,6532,237,0.0,0.0,0.0,0.0,6531.0,0.0
0,872500,JAMS,6530.0,250.0,0.0,0.0,0.0,0.0,6532,250,0.0,0.0,0.0,0.0,6531.0,0.0
0,872600,JAMS,6530.0,63.0,6529.0,167.0,0.0,0.0,6531,63,6532.0,167.0,0.0,0.0,6530.5,0.0
0,872700,JAMS,6529.0,224.0,0.0,0.0,0.0,0.0,6531,224,0.0,0.0,0.0,0.0,6530.0,0.0
0,872800,JAMS,6529.0,221.0,0.0,0.0,0.0,0.0,6531,221,0.0,0.0,0.0,0.0,6530.0,0.0
0,872900,JAMS,6529.0,90.0,6528.0,180.0,0.0,0.0,6530,90,6531.0,180.0,0.0,0.0,6529.5,0.0
0,873000,JAMS,6529.0,96.0,6528.0,160.0,0.0,0.0,6530,96,6531.0,160.0,0.0,0.0,6529.5,0.0
0,873100,JAMS,6529.0,237.0,0.0,0.0,0.0,0.0,6531,237,0.0,0.0,0.0,0.0,6530.0,0.0
0,873200,JAMS,6528.0,210.0,0.0,0.0,0.0,0.0,6530,210,0.0,0.0,0.0,0.0,6529.0,0.0
0,873300,JAMS,6528.0,182.0,0.0,0.0,0.0,0.0,6530,182,0.0,0.0,0.0,0.0,6529.0,0.0
0,873400,JAMS,6529.0,69.0,6528.0,173.0,0.0,0.0,6530,69,6531.0,173.0,0.0,0.0,6529.5,0.0
0,873500,JAMS,6528.0,160.0,0.0,0.0,0.0,0.0,6530,160,0.0,0.0,0.0,0.0,6529.0,0.0
0,873600,JAMS,6529.0,92.0,6528.0,151.0,0.0,0.0,6530,92,6531.0,151.0,0.0,0.0,6529.5,0.0
0,873700,JAMS,6529.0,211.0,0.0,0.0,0.0,0.0,6531,211,0.0,0.0,0.0,0.0,6530.0,0.0
0,873800,JAMS,6529.0,211.0,0.0,0.0,0.0,0.0,6531,211,0.0,0.0,0.0,0.0,6530.0,0.0
0,873900,JAMS,6531.0,173.0,0.0,0.0,0.0,0.0,6533,166,0.0,0.0,0.0,0.0,6532.0,0.0
0,874000,JAMS,6531.0,84.0,6530.0,101.0,0.0,0.0,6532,84,6533.0,101.0,0.0,0.0,6531.5,0.0
0,874100,JAMS,6531.0,277.0,0.0,0.0,0.0,0.0,6532,94,6533.0,183.0,0.0,0.0,6531.5,0.0
0,874200,JAMS,6531.0,93.0,6530.0,152.0,0.0,0.0,6532,93,6533.0,152.0,0.0,0.0,6531.5,0.0
0,874300,JAMS,6532.0,200.0,0.0,0.0,0.0,0.0,6534,200,0.0,0.0,0.0,0.0,6533.0,0.0
0,874400,JAMS,6531.0,202.0,0.0,0.0,0.0,0.0,6533,202,0.0,0.0,0.0,0.0,6532.0,0.0
0,874500,JAMS,6531.0,192.0,0.0,0.0,0.0,0.0,6533,192,0.0,0.0,0.0,0.0,6532.0,0.0
0,874600,JAMS,6531.0,221.0,0.0,0.0,0.0,0.0,6533,221,0.0,0.0,0.0,0.0,6532.0,0.0
0,874700,JAMS,6532.0,76.0,6531.0,176.0,0.0,0.0,6533,76,6534.0,176.0,0.0,0.0,6532.5,0.0
0,874800,JAMS,6533.0,266.0,0.0,0.0,0.0,0.0,6535,266,0.0,0.0,0.0,0.0,6534.0,0.0
0,874900,JAMS,6533.0,209.0,0.0,0.0,0.0,0.0,6535,209,0.0,0.0,0.0,0.0,6534.0,0.0
0,875000,JAMS,6534.0,81.0,6533.0,123.0,0.0,0.0,6535,81,6536.0,123.0,0.0,0.0,6534.5,0.0
0,875100,JAMS,6534.0,86.0,6533.0,113.0,0.0,0.0,6535,199,0.0,0.0,0.0,0.0,6534.5,0.0
0,875200,JAMS,6534.0,192.0,0.0,0.0,0.0,0.0,6536,192,0.0,0.0,0.0,0.0,6535.0,0.0
0,875300,JAMS,6535.0,80.0,6534.0,150.0,0.0,0.0,6536,80,6537.0,150.0,0.0,0.0,6535.5,0.0
0,875400,JAMS,6535.0,58.0,6534.0,152.0,0.0,0.0,6536,58,6537.0,152.0,0.0,0.0,6535.5,0.0
0,875500,JAMS,6535.0,10.0,6534.0,217.0,0.0,0.0,6536,217,0.0,0.0,0.0,0.0,6535.5,0.0
0,875600,JAMS,6534.0,231.0,0.0,0.0,0.0,0.0,6536,231,0.0,0.0,0.0,0.0,6535.0,0.0
0,875700,JAMS,6534.0,205.0,0.0,0.0,0.0,0.0,6536,205,0.0,0.0,0.0,0.0,6535.0,0.0
0,875800,JAMS,6534.0,181.0,0.0,0.0,0.0,0.0,6535,83,6536.0,108.0,0.0,0.0,6534.5,0.0
0,875900,JAMS,6534.0,227.0,0.0,0.0,0.0,0.0,6536,227,0.0,0.0,0.0,0.0,6535.0,0.0
0,876000,JAMS,6535.0,87.0,6534.0,101.0,0.0,0.0,6536,87,6537.0,101.0,0.0,0.0,6535.5,0.0
0,876100,JAMS,6534.0,244.0,0.0,0.0,0.0,0.0,6536,244,0.0,0.0,0.0,0.0,6535.0,0.0
0,876200,JAMS,6534.0,170.0,0.0,0.0,0.0,0.0,6536,170,0.0,0.0,0.0,0.0,6535.0,0.0
0,876300,JAMS,6535.0,98.0,6534.0,107.0,0.0,0.0,6536,98,6537.0,107.0,0.0,0.0,6535.5,0.0
0,876400,JAMS,6534.0,286.0,0.0,0.0,0.0,0.0,6536,286,0.0,0.0,0.0,0.0,6535.0,0.0
0,876500,JAMS,6534.0,274.0,0.0,0.0,0.0,0.0,6536,274,0.0,0.0,0.0,0.0,6535.0,0.0
0,876600,JAMS,6534.0,239.0,0.0,0.0,0.0,0.0,6536,239,0.0,0.0,0.0,0.0,6535.0,0.0
0,876700,JAMS,6534.0,238.0,0.0,0.0,0.0,0.0,6536,238,0.0,0.0,0.0,0.0,6535.0,0.0
0,876800,JAMS,6535.0,90.0,6534.0,172.0,0.0,0.0,6536,90,6537.0,172.0,0.0,0.0,6535.5,0.0
0,876900,JAMS,6534.0,218.0,0.0,0.0,0.0,0.0,6536,218,0.0,0.0,0.0,0.0,6535.0,0.0
0,877000,JAMS,6535.0,11.0,6534.0,228.0,0.0,0.0,6536,228,0.0,0.0,0.0,0.0,6535.5,0.0
0,877100,JAMS,6535.0,63.0,6534.0,160.0,0.0,0.0,6536,63,6537.0,160.0,0.0,0.0,6535.5,0.0
0,877200,JAMS,6535.0,69.0,6534.0,182.0,0.0,0.0,6536,69,6537.0,182.0,0.0,0.0,6535.5,0.0
0,877300,JAMS,6535.0,67.0,6534.0,100.0,0.0,0.0,6536,67,6537.0,100.0,0.0,0.0,6535.5,0.0
0,877400,JAMS,6535.0,54.0,6534.0,103.0,0.0,0.0,6536,157,0.0,0.0,0.0,0.0,6535.5,0.0
0,877500,JAMS,6534.0,233.0,0.0,0.0,0.0,0.0,6536,233,0.0,0.0,0.0,0.0,6535.0,0.0
0,877600,JAMS,6534.0,53.0,6533.0,192.0,0.0,0.0,6535,53,6536.0,192.0,0.0,0.0,6534.5,0.0
0,877700,JAMS,6534.0,212.0,0.0,0.0,0.0,0.0,6535,88,6536.0,124.0,0.0,0.0,6534.5,0.0
0,877800,JAMS,6534.0,234.0,0.0,0.0,0.0,0.0,6536,234,0.0,0.0,0.0,0.0,6535.0,0.0
0,877900,JAMS,6534.0,238.0,0.0,0.0,0.0,0.0,6536,245,0.0,0.0,0.0,0.0,6535.0,0.0
0,878000,JAMS,6534.0,195.0,0.0,0.0,0.0,0.0,6536,207,0.0,0.0,0.0,0.0,6535.0,0.0
0,878100,JAMS,6534.0,264.0,0.0,0.0,0.0,0.0,6536,264,0.0,0.0,0.0,0.0,6535.0,0.0
0,878200,JAMS,6534.0,67.0,6533.0,183.0,0.0,0.0,6535,67,6536.0,183.0,0.0,0.0,6534.5,0.0
0,878300,JAMS,6533.0,255.0,0.0,0.0,0.0,0.0,6535,255,0.0,0.0,0.0,0.0,6534.0,0.0
0,878400,JAMS,6534.0,54.0,6533.0,156.0,0.0,0.0,6535,54,6536.0,156.0,0.0,0.0,6534.5,0.0
0,878500,JAMS,6534.0,205.0,0.0,0.0,0.0,0.0,6536,205,0.0,0.0,0.0,0.0,6535.0,0.0
0,878600,JAMS,6534.0,281.0,0.0,0.0,0.0,0.0,6536,281,0.0,0.0,0.0,0.0,6535.0,0.0
0,878700,JAMS,6535.0,83.0,6534.0,197.0,0.0,0.0,6536,83,6537.0,197.0,0.0,0.0,6535.5,0.0
0,878800,JAMS,6534.0,249.0,0.0,0.0,0.0,0.0,6536,249,0.0,0.0,0.0,0.0,6535.0,0.0
0,878900,JAMS,6537.0,252.0,0.0,0.0,0.0,0.0,6538,76,6539.0,176.0,0.0,0.0,6537.5,0.0
0,879000,JAMS,6537.0,76.0,6536.0,179.0,0.0,0.0,6538,76,6539.0,179.0,0.0,0.0,6537.5,0.0
0,879100,JAMS,6537.0,84.0,6536.0,149.0,0.0,0.0,6538,84,6539.0,149.0,0.0,0.0,6537.5,0.0
0,879200,JAMS,6537.0,173.0,0.0,0.0,0.0,0.0,6539,173,0.0,0.0,0.0,0.0,6538.0,0.0
0,879300,JAMS,6537.0,219.0,0.0,0.0,0.0,0.0,6539,219,0.0,0.0,0.0,0.0,6538.0,0.0
0,879400,JAMS,6537.0,181.0,0.0,0.0,0.0,0.0,6539,181,0.0,0.0,0.0,0.0,6538.0,0.0
0,879500,JAMS,6537.0,204.0,0.0,0.0,0.0,0.0,6539,204,0.0,0.0,0.0,0.0,6538.0,0.0
0,879600,JAMS,6538.0,280.0,0.0,0.0,0.0,0.0,6540,280,0.0,0.0,0.0,0.0,6539.0,0.0
0,879700,JAMS,6538.0,251.0,0.0,0.0,0.0,0.0,6540,251,0.0,0.0,0.0,0.0,6539.0,0.0
0,879800,JAMS,6538.0,176.0,0.0,0.0,0.0,0.0,6540,176,0.0,0.0,0.0,0.0,6539.0,0.0
0,879900,JAMS,6538.0,239.0,0.0,0.0,0.0,0.0,6540,239,0.0,0.0,0.0,0.0,6539.0,0.0
0,880000,JAMS,6538.0,279.0,0.0,0.0,0.0,0.0,6540,279,0.0,0.0,0.0,0.0,6539.0,0.0
0,880100,JAMS,6538.0,220.0,0.0,0.0,0.0,0.0,6540,220,0.0,0.0,0.0,0.0,6539.0,0.0
0,880200,JAMS,6538.0,246.0,0.0,0.0,0.0,0.0,6539,50,6540.0,196.0,0.0,0.0,6538.5,0.0
0,880300,JAMS,6538.0,98.0,6537.0,157.0,0.0,0.0,6539,255,0.0,0.0,0.0,0.0,6538.5,0.0
0,880400,JAMS,6538.0,294.0,0.0,0.0,0.0,0.0,6540,294,0.0,0.0,0.0,0.0,6539.0,0.0
0,880500,JAMS,6538.0,272.0,0.0,0.0,0.0,0.0,6540,272,0.0,0.0,0.0,0.0,6539.0,0.0
0,880600,JAMS,6539.0,74.0,6538.0,103.0,0.0,0.0,6540,74,6541.0,103.0,0.0,0.0,6539.5,0.0
0,880700,JAMS,6539.0,164.0,0.0,0.0,0.0,0.0,6541,164,0.0,0.0,0.0,0.0,6540.0,0.0
0,880800,JAMS,6539.0,87.0,6538.0,107.0,0.0,0.0,6540,87,6541.0,107.0,0.0,0.0,6539.5,0.0
0,880900,JAMS,6538.0,219.0,0.0,0.0,0.0,0.0,6540,219,0.0,0.0,0.0,0.0,6539.0,0.0
0,881000,JAMS,6538.0,223.0,0.0,0.0,0.0,0.0,6540,223,0.0,0.0,0.0,0.0,6539.0,0.0
0,881100,JAMS,6538.0,201.0,0.0,0.0,0.0,0.0,6540,201,0.0,0.0,0.0,0.0,6539.0,0.0
0,881200,JAMS,6538.0,276.0,0.0,0.0,0.0,0.0,6540,276,0.0,0.0,0.0,0.0,6539.0,0.0
0,881300,JAMS,6539.0,252.0,0.0,0.0,0.0,0.0,6541,252,0.0,0.0,0.0,0.0,6540.0,0.0
0,881400,JAMS,6540.0,9.0,6539.0,228.0,0.0,0.0,6541,228,0.0,0.0,0.0,0.0,6540.5,0.0
0,881500,JAMS,6540.0,87.0,6539.0,176.0,0.0,0.0,6541,87,6542.0,176.0,0.0,0.0,6540.5,0.0
0,881600,JAMS,6540.0,176.0,0.0,0.0,0.0,0.0,6542,176,0.0,0.0,0.0,0.0,6541.0,0.0
0,881700,JAMS,6539.0,216.0,0.0,0.0,0.0,0.0,6541,216,0.0,0.0,0.0,0.0,6540.0,0.0
0,881800,JAMS,6539.0,209.0,0.0,0.0,0.0,0.0,6541,209,0.0,0.0,0.0,0.0,6540.0,0.0
0,881900,JAMS,6539.0,228.0,0.0,0.0,0.0,0.0,6541,228,0.0,0.0,0.0,0.0,6540.0,0.0
0,882000,JAMS,6541.0,77.0,6540.0,148.0,0.0,0.0,6542,77,6543.0,148.0,0.0,0.0,6541.5,0.0
0,882100,JAMS,6541.0,277.0,0.0,0.0,0.0,0.0,6543,277,0.0,0.0,0.0,0.0,6542.0,0.0
0,882200,JAMS,6542.0,62.0,6541.0,171.0,0.0,0.0,6543,62,6544.0,171.0,0.0,0.0,6542.5,0.0
0,882300,JAMS,6542.0,204.0,0.0,0.0,0.0,0.0,6544,204,0.0,0.0,0.0,0.0,6543.0,0.0
0,882400,JAMS,6542.0,192.0,0.0,0.0,0.0,0.0,6544,192,0.0,0.0,0.0,0.0,6543.0,0.0
0,882500,JAMS,6543.0,87.0,6542.0,164.0,0.0,0.0,6544,87,6545.0,164.0,0.0,0.0,6543.5,0.0
0,882600,JAMS,6543.0,184.0,0.0,0.0,0.0,0.0,6545,184,0.0,0.0,0.0,0.0,6544.0,0.0
0,882700,JAMS,6545.0,253.0,0.0,0.0,0.0,0.0,6547,253,0.0,0.0,0.0,0.0,6546.0,0.0
0,882800,JAMS,6546.0,243.0,0.0,0.0,0.0,0.0,6548,243,0.0,0.0,0.0,0.0,6547.0,0.0
0,882900,JAMS,6546.0,285.0,0.0,0.0,0.0,0.0,6548,285,0.0,0.0,0.0,0.0,6547.0,0.0
0,883000,JAMS,6547.0,174.0,0.0,0.0,0.0,0.0,6549,174,0.0,0.0,0.0,0.0,6548.0,0.0
0,883100,JAMS,6549.0,209.0,0.0,0.0,0.0,0.0,6551,209,0.0,0.0,0.0,0.0,6550.0,0.0
0,883200,JAMS,6550.0,82.0,6549.0,126.0,0.0,0.0,6551,82,6552.0,126.0,0.0,0.0,6550.5,0.0
0,883300,JAMS,6549.0,168.0,0.0,0.0,0.0,0.0,6551,168,0.0,0.0,0.0,0.0,6550.0,0.0
0,883400,JAMS,6549.0,99.0,6548.0,108.0,0.0,0.0,6550,99,6551.0,108.0,0.0,0.0,6549.5,0.0
0,883500,JAMS,6549.0,53.0,6548.0,179.0,0.0,0.0,6550,53,6551.0,179.0,0.0,0.0,6549.5,0.0
0,883600,JAMS,6549.0,263.0,0.0,0.0,0.0,0.0,6551,263,0.0,0.0,0.0,0.0,6550.0,0.0
0,883700,JAMS,6549.0,67.0,6548.0,145.0,0.0,0.0,6550,67,6551.0,145.0,0.0,0.0,6549.5,0.0
0,883800,JAMS,6548.0,267.0,0.0,0.0,0.0,0.0,6550,267,0.0,0.0,0.0,0.0,6549.0,0.0
0,883900,JAMS,6548.0,191.0,0.0,0.0,0.0,0.0,6550,191,0.0,0.0,0.0,0.0,6549.0,0.0
0,884000,JAMS,6548.0,291.0,0.0,0.0,0.0,0.0,6550,291,0.0,0.0,0.0,0.0,6549.0,0.0
0,884100,JAMS,6547.0,287.0,0.0,0.0,0.0,0.0,6549,293,0.0,0.0,0.0,0.0,6548.0,0.0
0,884200,JAMS,6547.0,213.0,0.0,0.0,0.0,0.0,6549,213,0.0,0.0,0.0,0.0,6548.0,0.0
0,884300,JAMS,6547.0,72.0,6546.0,120.0,0.0,0.0,6548,72,6549.0,120.0,0.0,0.0,6547.5,0.0
0,884400,JAMS,6546.0,182.0,0.0,0.0,0.0,0.0,6548,182,0.0,0.0,0.0,0.0,6547.0,0.0
0,884500,JAMS,6546.0,5.0,6545.0,182.0,0.0,0.0,6547,182,0.0,0.0,0.0,0.0,6546.5,0.0
0,884600,JAMS,6546.0,90.0,6545.0,122.0,0.0,0.0,6547,90,6548.0,122.0,0.0,0.0,6546.5,0.0
0,884700,JAMS,6546.0,283.0,0.0,0.0,0.0,0.0,6548,283,0.0,0.0,0.0,0.0,6547.0,0.0
0,884800,JAMS,6546.0,212.0,0.0,0.0,0.0,0.0,6548,212,0.0,0.0,0.0,0.0,6547.0,0.0
0,884900,JAMS,6546.0,209.0,0.0,0.0,0.0,0.0,6548,209,0.0,0.0,0.0,0.0,6547.0,0.0
0,885000,JAMS,6546.0,68.0,6545.0,179.0,0.0,0.0,6547,68,6548.0,179.0,0.0,0.0,6546.5,0.0
0,885100,JAMS,6546.0,217.0,0.0,0.0,0.0,0.0,6548,217,0.0,0.0,0.0,0.0,6547.0,0.0
0,885200,JAMS,6546.0,204.0,0.0,0.0,0.0,0.0,6548,204,0.0,0.0,0.0,0.0,6547.0,0.0
0,885300,JAMS,6546.0,168.0,0.0,0.0,0.0,0.0,6548,168,0.0,0.0,0.0,0.0,6547.0,0.0
0,885400,JAMS,6546.0,81.0,6545.0,128.0,0.0,0.0,6547,81,6548.0,128.0,0.0,0.0,6546.5,0.0
0,885500,JAMS,6545.0,222.0,0.0,0.0,0.0,0.0,6547,222,0.0,0.0,0.0,0.0,6546.0,0.0
0,885600,JAMS,6545.0,247.0,0.0,0.0,0.0,0.0,6547,247,0.0,0.0,0.0,0.0,6546.0,0.0
0,885700,JAMS,6545.0,246.0,0.0,0.0,0.0,0.0,6547,246,0.0,0.0,0.0,0.0,6546.0,0.0
0,885800,JAMS,6545.0,231.0,0.0,0.0,0.0,0.0,6547,231,0.0,0.0,0.0,0.0,6546.0,0.0
0,885900,JAMS,6545.0,258.0,0.0,0.0,0.0,0.0,6547,258,0.0,0.0,0.0,0.0,6546.0,0.0
0,886000,JAMS,6546.0,53.0,6545.0,175.0,0.0,0.0,6547,53,6548.0,175.0,0.0,0.0,6546.5,0.0
0,886100,JAMS,6545.0,247.0,0.0,0.0,0.0,0.0,6547,247,0.0,0.0,0.0,0.0,6546.0,0.0
0,886200,JAMS,6545.0,281.0,0.0,0.0,0.0,0.0,6547,281,0.0,0.0,0.0,0.0,6546.0,0.0
0,886300,JAMS,6545.0,215.0,0.0,0.0,0.0,0.0,6547,215,0.0,0.0,0.0,0.0,6546.0,0.0
0,886400,JAMS,6545.0,233.0,0.0,0.0,0.0,0.0,6547,225,0.0,0.0,0.0,0.0,6546.0,0.0
0,886500,JAMS,6545.0,61.0,6544.0,103.0,0.0,0.0,6546,61,6547.0,103.0,0.0,0.0,6545.5,0.0
0,886600,JAMS,6543.0,229.0,0.0,0.0,0.0,0.0,6545,229,0.0,0.0,0.0,0.0,6544.0,0.0
0,886700,JAMS,6544.0,277.0,0.0,0.0,0.0,0.0,6546,277,0.0,0.0,0.0,0.0,6545.0,0.0
0,886800,JAMS,6544.0,257.0,0.0,0.0,0.0,0.0,6546,257,0.0,0.0,0.0,0.0,6545.0,0.0
0,886900,JAMS,6544.0,59.0,6543.0,156.0,0.0,0.0,6545,59,6546.0,156.0,0.0,0.0,6544.5,0.0
0,887000,JAMS,6543.0,157.0,0.0,0.0,0.0,0.0,6545,157,0.0,0.0,0.0,0.0,6544.0,0.0
0,887100,JAMS,6543.0,255.0,0.0,0.0,0.0,0.0,6545,255,0.0,0.0,0.0,0.0,6544.0,0.0
0,887200,JAMS,6543.0,64.0,6542.0,184.0,0.0,0.0,6544,64,6545.0,184.0,0.0,0.0,6543.5,0.0
0,887300,JAMS,6543.0,56.0,6542.0,170.0,0.0,0.0,6544,61,6545.0,170.0,0.0,0.0,6543.5,0.0
0,887400,JAMS,6543.0,77.0,6542.0,185.0,0.0,0.0,6544,77,6545.0,185.0,0.0,0.0,6543.5,0.0
0,887500,JAMS,6543.0,99.0,6542.0,127.0,0.0,0.0,6544,99,6545.0,127.0,0.0,0.0,6543.5,0.0
0,887600,JAMS,6544.0,215.0,0.0,0.0,0.0,0.0,6546,215,0.0,0.0,0.0,0.0,6545.0,0.0
0,887700,JAMS,6543.0,236.0,0.0,0.0,0.0,0.0,6544,94,6545.0,142.0,0.0,0.0,6543.5,0.0
0,887800,JAMS,6543.0,208.0,0.0,0.0,0.0,0.0,6545,208,0.0,0.0,0.0,0.0,6544.0,0.0
0,887900,JAMS,6544.0,69.0,6543.0,110.0,0.0,0.0,6545,69,6546.0,110.0,0.0,0.0,6544.5,0.0
0,888000,JAMS,6543.0,210.0,0.0,0.0,0.0,0.0,6545,210,0.0,0.0,0.0,0.0,6544.0,0.0
0,888100,JAMS,6543.0,174.0,0.0,0.0,0.0,0.0,6545,174,0.0,0.0,0.0,0.0,6544.0,0.0
0,888200,JAMS,6543.0,210.0,0.0,0.0,0.0,0.0,6545,210,0.0,0.0,0.0,0.0,6544.0,0.0
0,888300,JAMS,6544.0,68.0,6543.0,101.0,0.0,0.0,6545,68,6546.0,101.0,0.0,0.0,6544.5,0.0
0,888400,JAMS,6545.0,77.0,6544.0,145.0,0.0,0.0,6546,77,6547.0,145.0,0.0,0.0,6545.5,0.0
0,888500,JAMS,6545.0,68.0,6544.0,103.0,0.0,0.0,6546,68,6547.0,103.0,0.0,0.0,6545.5,0.0
0,888600,JAMS,6544.0,78.0,6543.0,150.0,0.0,0.0,6545,78,6546.0,150.0,0.0,0.0,6544.5,0.0
0,888700,JAMS,6543.0,181.0,0.0,0.0,0.0,0.0,6545,181,0.0,0.0,0.0,0.0,6544.0,0.0
0,888800,JAMS,6545.0,10.0,6544.0,256.0,0.0,0.0,6546,256,0.0,0.0,0.0,0.0,6545.5,0.0
0,888900,JAMS,6544.0,163.0,0.0,0.0,0.0,0.0,6546,163,0.0,0.0,0.0,0.0,6545.0,0.0
0,889000,JAMS,6544.0,267.0,0.0,0.0,0.0,0.0,6546,256,0.0,0.0,0.0,0.0,6545.0,0.0
0,889100,JAMS,6547.0,272.0,0.0,0.0,0.0,0.0,6549,272,0.0,0.0,0.0,0.0,6548.0,0.0
0,889200,JAMS,6547.0,185.0,0.0,0.0,0.0,0.0,6549,185,0.0,0.0,0.0,0.0,6548.0,0.0
0,889300,JAMS,6547.0,197.0,0.0,0.0,0.0,0.0,6549,197,0.0,0.0,0.0,0.0,6548.0,0.0
0,889400,JAMS,6547.0,247.0,0.0,0.0,0.0,0.0,6549,247,0.0,0.0,0.0,0.0,6548.0,0.0
0,889500,JAMS,6547.0,229.0,0.0,0.0,0.0,0.0,6549,229,0.0,0.0,0.0,0.0,6548.0,0.0
0,889600,JAMS,6547.0,263.0,0.0,0.0,0.0,0.0,6548,69,6549.0,194.0,0.0,0.0,6547.5,0.0
0,889700,JAMS,6547.0,79.0,6546.0,191.0,0.0,0.0,6548,79,6549.0,191.0,0.0,0.0,6547.5,0.0
0,889800,JAMS,6546.0,208.0,0.0,0.0,0.0,0.0,6548,208,0.0,0.0,0.0,0.0,6547.0,0.0
0,889900,JAMS,6546.0,221.0,0.0,0.0,0.0,0.0,6548,221,0.0,0.0,0.0,0.0,6547.0,0.0
0,890000,JAMS,6546.0,211.0,0.0,0.0,0.0,0.0,6548,211,0.0,0.0,0.0,0.0,6547.0,0.0
0,890100,JAMS,6547.0,65.0,6546.0,185.0,0.0,0.0,6548,65,6549.0,185.0,0.0,0.0,6547.5,0.0
0,890200,JAMS,6548.0,263.0,0.0,0.0,0.0,0.0,6550,263,0.0,0.0,0.0,0.0,6549.0,0.0
0,890300,JAMS,6548.0,247.0,0.0,0.0,0.0,0.0,6550,247,0.0,0.0,0.0,0.0,6549.0,0.0
0,890400,JAMS,6547.0,199.0,0.0,0.0,0.0,0.0,6549,199,0.0,0.0,0.0,0.0,6548.0,0.0
0,890500,JAMS,6547.0,61.0,6546.0,151.0,0.0,0.0,6548,61,6549.0,151.0,0.0,0.0,6547.5,0.0
0,890600,JAMS,6547.0,82.0,6546.0,119.0,0.0,0.0,6548,82,6549.0,119.0,0.0,0.0,6547.5,0.0
0,890700,JAMS,6548.0,85.0,6547.0,196.0,0.0,0.0,6549,85,6550.0,196.0,0.0,0.0,6548.5,0.0
0,890800,JAMS,6548.0,60.0,6547.0,111.0,0.0,0.0,6549,60,6550.0,111.0,0.0,0.0,6548.5,0.0
0,890900,JAMS,6548.0,88.0,6547.0,162.0,0.0,0.0,6549,88,6550.0,162.0,0.0,0.0,6548.5,0.0
0,891000,JAMS,6548.0,100.0,6547.0,120.0,0.0,0.0,6549,100,6550.0,120.0,0.0,0.0,6548.5,0.0
0,891100,JAMS,6548.0,60.0,6547.0,168.0,0.0,0.0,6549,64,6550.0,168.0,0.0,0.0,6548.5,0.0
0,891200,JAMS,6548.0,80.0,6547.0,124.0,0.0,0.0,6549,80,6550.0,124.0,0.0,0.0,6548.5,0.0
0,891300,JAMS,6548.0,97.0,6547.0,164.0,0.0,0.0,6549,97,6550.0,164.0,0.0,0.0,6548.5,0.0
0,891400,JAMS,6547.0,183.0,0.0,0.0,0.0,0.0,6549,183,0.0,0.0,0.0,0.0,6548.0,0.0
0,891500,JAMS,6547.0,239.0,0.0,0.0,0.0,0.0,6549,227,0.0,0.0,0.0,0.0,6548.0,0.0
0,891600,JAMS,6547.0,66.0,6546.0,180.0,0.0,0.0,6548,57,6549.0,180.0,0.0,0.0,6547.5,0.0
0,891700,JAMS,6547.0,204.0,0.0,0.0,0.0,0.0,6549,204,0.0,0.0,0.0,0.0,6548.0,0.0
0,891800,JAMS,6547.0,207.0,0.0,0.0,0.0,0.0,6549,207,0.0,0.0,0.0,0.0,6548.0,0.0
0,891900,JAMS,6547.0,192.0,0.0,0.0,0.0,0.0,6549,192,0.0,0.0,0.0,0.0,6548.0,0.0
0,892000,JAMS,6547.0,204.0,0.0,0.0,0.0,0.0,6549,204,0.0,0.0,0.0,0.0,6548.0,0.0
0,892100,JAMS,6548.0,87.0,6547.0,115.0,0.0,0.0,6549,87,6550.0,115.0,0.0,0.0,6548.5,0.0
0,892200,JAMS,6548.0,57.0,6547.0,189.0,0.0,0.0,6549,57,6550.0,189.0,0.0,0.0,6548.5,0.0
0,892300,JAMS,6548.0,68.0,6547.0,145.0,0.0,0.0,6549,68,6550.0,145.0,0.0,0.0,6548.5,0.0
0,892400,JAMS,6547.0,177.0,0.0,0.0,0.0,0.0,6549,177,0.0,0.0,0.0,0.0,6548.0,0.0
0,892500,JAMS,6546.0,272.0,0.0,0.0,0.0,0.0,6548,272,0.0,0.0,0.0,0.0,6547.0,0.0
0,892600,JAMS,6547.0,226.0,0.0,0.0,0.0,0.0,6549,226,0.0,0.0,0.0,0.0,6548.0,0.0
0,892700,JAMS,6547.0,218.0,0.0,0.0,0.0,0.0,6549,218,0.0,0.0,0.0,0.0,6548.0,0.0
0,892800,JAMS,6548.0,53.0,6547.0,161.0,0.0,0.0,6549,53,6550.0,161.0,0.0,0.0,6548.5,0.0
0,892900,JAMS,6548.0,206.0,0.0,0.0,0.0,0.0,6550,206,0.0,0.0,0.0,0.0,6549.0,0.0
0,893000,JAMS,6548.0,203.0,0.0,0.0,0.0,0.0,6550,203,0.0,0.0,0.0,0.0,6549.0,0.0
0,893100,JAMS,6548.0,242.0,0.0,0.0,0.0,0.0,6550,242,0.0,0.0,0.0,0.0,6549.0,0.0
0,893200,JAMS,6548.0,173.0,0.0,0.0,0.0,0.0,6550,173,0.0,0.0,0.0,0.0,6549.0,0.0
0,893300,JAMS,6548.0,189.0,0.0,0.0,0.0,0.0,6550,189,0.0,0.0,0.0,0.0,6549.0,0.0
0,893400,JAMS,6549.0,168.0,0.0,0.0,0.0,0.0,6551,168,0.0,0.0,0.0,0.0,6550.0,0.0
0,893500,JAMS,6549.0,215.0,0.0,0.0,0.0,0.0,6550,52,6551.0,163.0,0.0,0.0,6549.5,0.0
0,893600,JAMS,6548.0,218.0,0.0,0.0,0.0,0.0,6550,218,0.0,0.0,0.0,0.0,6549.0,0.0
0,893700,JAMS,6548.0,73.0,6547.0,168.0,0.0,0.0,6549,73,6550.0,168.0,0.0,0.0,6548.5,0.0
0,893800,JAMS,6548.0,277.0,0.0,0.0,0.0,0.0,6550,277,0.0,0.0,0.0,0.0,6549.0,0.0
0,893900,JAMS,6548.0,200.0,0.0,0.0,0.0,0.0,6550,200,0.0,0.0,0.0,0.0,6549.0,0.0
0,894000,JAMS,6548.0,239.0,0.0,0.0,0.0,0.0,6550,239,0.0,0.0,0.0,0.0,6549.0,0.0
0,894100,JAMS,6548.0,53.0,6547.0,142.0,0.0,0.0,6549,53,6550.0,142.0,0.0,0.0,6548.5,0.0
0,894200,JAMS,6547.0,261.0,0.0,0.0,0.0,0.0,6549,261,0.0,0.0,0.0,0.0,6548.0,0.0
0,894300,JAMS,6547.0,218.0,0.0,0.0,0.0,0.0,6549,218,0.0,0.0,0.0,0.0,6548.0,0.0
0,894400,JAMS,6547.0,204.0,0.0,0.0,0.0,0.0,6549,204,0.0,0.0,0.0,0.0,6548.0,0.0
0,894500,JAMS,6547.0,255.0,0.0,0.0,0.0,0.0,6549,255,0.0,0.0,0.0,0.0,6548.0,0.0
0,894600,JAMS,6547.0,63.0,6546.0,180.0,0.0,0.0,6548,75,6549.0,180.0,0.0,0.0,6547.5,0.0
0,894700,JAMS,6548.0,209.0,0.0,0.0,0.0,0.0,6550,209,0.0,0.0,0.0,0.0,6549.0,0.0
0,894800,JAMS,6550.0,60.0,6549.0,148.0,0.0,0.0,6551,60,6552.0,148.0,0.0,0.0,6550.5,0.0
0,894900,JAMS,6551.0,197.0,0.0,0.0,0.0,0.0,6553,197,0.0,0.0,0.0,0.0,6552.0,0.0
0,895000,JAMS,6550.0,227.0,0.0,0.0,0.0,0.0,6552,227,0.0,0.0,0.0,0.0,6551.0,0.0
0,895100,JAMS,6550.0,213.0,0.0,0.0,0.0,0.0,6552,213,0.0,0.0,0.0,0.0,6551.0,0.0
0,895200,JAMS,6550.0,198.0,0.0,0.0,0.0,0.0,6552,198,0.0,0.0,0.0,0.0,6551.0,0.0
0,895300,JAMS,6550.0,224.0,0.0,0.0,0.0,0.0,6552,224,0.0,0.0,0.0,0.0,6551.0,0.0
0,895400,JAMS,6551.0,94.0,6550.0,122.0,0.0,0.0,6552,94,6553.0,122.0,0.0,0.0,6551.5,0.0
0,895500,JAMS,6551.0,212.0,0.0,0.0,0.0,0.0,6553,212,0.0,0.0,0.0,0.0,6552.0,0.0
0,895600,JAMS,6552.0,53.0,6551.0,188.0,0.0,0.0,6553,53,6554.0,188.0,0.0,0.0,6552.5,0.0
0,895700,JAMS,6551.0,176.0,0.0,0.0,0.0,0.0,6553,176,0.0,0.0,0.0,0.0,6552.0,0.0
0,895800,JAMS,6550.0,245.0,0.0,0.0,0.0,0.0,6552,245,0.0,0.0,0.0,0.0,6551.0,0.0
0,895900,JAMS,6550.0,173.0,0.0,0.0,0.0,0.0,6552,173,0.0,0.0,0.0,0.0,6551.0,0.0
0,896000,JAMS,6550.0,243.0,0.0,0.0,0.0,0.0,6552,243,0.0,0.0,0.0,0.0,6551.0,0.0
0,896100,JAMS,6550.0,209.0,0.0,0.0,0.0,0.0,6552,209,0.0,0.0,0.0,0.0,6551.0,0.0
0,896200,JAMS,6550.0,189.0,0.0,0.0,0.0,0.0,6552,189,0.0,0.0,0.0,0.0,6551.0,0.0
0,896300,JAMS,6550.0,223.0,0.0,0.0,0.0,0.0,6552,223,0.0,0.0,0.0,0.0,6551.0,0.0
0,896400,JAMS,6551.0,5.0,6550.0,206.0,0.0,0.0,6552,206,0.0,0.0,0.0,0.0,6551.5,0.0
0,896500,JAMS,6550.0,80.0,6549.0,151.0,0.0,0.0,6551,80,6552.0,151.0,0.0,0.0,6550.5,0.0
0,896600,JAMS,6550.0,57.0,6549.0,136.0,0.0,0.0,6551,57,6552.0,136.0,0.0,0.0,6550.5,0.0
0,896700,JAMS,6549.0,196.0,0.0,0.0,0.0,0.0,6551,196,0.0,0.0,0.0,0.0,6550.0,0.0
0,896800,JAMS,6549.0,256.0,0.0,0.0,0.0,0.0,6551,256,0.0,0.0,0.0,0.0,6550.0,0.0
0,896900,JAMS,6549.0,184.0,0.0,0.0,0.0,0.0,6551,184,0.0,0.0,0.0,0.0,6550.0,0.0
0,897000,JAMS,6549.0,220.0,0.0,0.0,0.0,0.0,6551,232,0.0,0.0,0.0,0.0,6550.0,0.0
0,897100,JAMS,6549.0,59.0,6548.0,122.0,0.0,0.0,6550,59,6551.0,122.0,0.0,0.0,6549.5,0.0
0,897200,JAMS,6549.0,94.0,6548.0,118.0,0.0,0.0,6550,94,6551.0,118.0,0.0,0.0,6549.5,0.0
0,897300,JAMS,6549.0,78.0,6548.0,117.0,0.0,0.0,6550,78,6551.0,117.0,0.0,0.0,6549.5,0.0
0,897400,JAMS,6549.0,263.0,0.0,0.0,0.0,0.0,6551,263,0.0,0.0,0.0,0.0,6550.0,0.0
0,897500,JAMS,6549.0,264.0,0.0,0.0,0.0,0.0,6551,264,0.0,0.0,0.0,0.0,6550.0,0.0
0,897600,JAMS,6549.0,247.0,0.0,0.0,0.0,0.0,6551,247,0.0,0.0,0.0,0.0,6550.0,0.0
0,897700,JAMS,6549.0,167.0,0.0,0.0,0.0,0.0,6551,167,0.0,0.0,0.0,0.0,6550.0,0.0
0,897800,JAMS,6549.0,60.0,6548.0,116.0,0.0,0.0,6550,60,6551.0,116.0,0.0,0.0,6549.5,0.0
0,897900,JAMS,6548.0,227.0,0.0,0.0,0.0,0.0,6550,227,0.0,0.0,0.0,0.0,6549.0,0.0
0,898000,JAMS,6548.0,236.0,0.0,0.0,0.0,0.0,6550,236,0.0,0.0,0.0,0.0,6549.0,0.0
0,898100,JAMS,6548.0,237.0,0.0,0.0,0.0,0.0,6550,237,0.0,0.0,0.0,0.0,6549.0,0.0
0,898200,JAMS,6548.0,179.0,0.0,0.0,0.0,0.0,6550,179,0.0,0.0,0.0,0.0,6549.0,0.0
0,898300,JAMS,6548.0,92.0,6547.0,164.0,0.0,0.0,6549,92,6550.0,164.0,0.0,0.0,6548.5,0.0
0,898400,JAMS,6548.0,72.0,6547.0,178.0,0.0,0.0,6549,72,6550.0,178.0,0.0,0.0,6548.5,0.0
0,898500,JAMS,6548.0,227.0,0.0,0.0,0.0,0.0,6550,227,0.0,0.0,0.0,0.0,6549.0,0.0
0,898600,JAMS,6548.0,280.0,0.0,0.0,0.0,0.0,6550,280,0.0,0.0,0.0,0.0,6549.0,0.0
0,898700,JAMS,6549.0,81.0,6548.0,155.0,0.0,0.0,6550,84,6551.0,155.0,0.0,0.0,6549.5,0.0
0,898800,JAMS,6548.0,265.0,0.0,0.0,0.0,0.0,6550,265,0.0,0.0,0.0,0.0,6549.0,0.0
0,898900,JAMS,6548.0,213.0,0.0,0.0,0.0,0.0,6550,213,0.0,0.0,0.0,0.0,6549.0,0.0
0,899000,JAMS,6549.0,100.0,6548.0,145.0,0.0,0.0,6550,100,6551.0,145.0,0.0,0.0,6549.5,0.0
0,899100,JAMS,6549.0,240.0,0.0,0.0,0.0,0.0,6551,240,0.0,0.0,0.0,0.0,6550.0,0.0
0,899200,JAMS,6549.0,246.0,0.0,0.0,0.0,0.0,6551,246,0.0,0.0,0.0,0.0,6550.0,0.0
0,899300,JAMS,6549.0,261.0,0.0,0.0,0.0,0.0,6551,261,0.0,0.0,0.0,0.0,6550.0,0.0
0,899400,JAMS,6549.0,195.0,0.0,0.0,0.0,0.0,6551,195,0.0,0.0,0.0,0.0,6550.0,0.0
0,899500,JAMS,6549.0,277.0,0.0,0.0,0.0,0.0,6551,277,0.0,0.0,0.0,0.0,6550.0,0.0
0,899600,JAMS,6549.0,242.0,0.0,0.0,0.0,0.0,6551,242,0.0,0.0,0.0,0.0,6550.0,0.0
0,899700,JAMS,6552.0,74.0,6551.0,131.0,0.0,0.0,6553,74,6554.0,131.0,0.0,0.0,6552.5,0.0
0,899800,JAMS,6551.0,184.0,0.0,0.0,0.0,0.0,6553,184,0.0,0.0,0.0,0.0,6552.0,0.0
0,899900,JAMS,6551.0,248.0,0.0,0.0,0.0,0.0,6553,248,0.0,0.0,0.0,0.0,6552.0,0.0
0,900000,JAMS,6551.0,60.0,6550.0,128.0,0.0,0.0,6552,60,6553.0,128.0,0.0,0.0,6551.5,0.0
0,900100,JAMS,6551.0,72.0,6550.0,186.0,0.0,0.0,6552,253,0.0,0.0,0.0,0.0,6551.5,0.0
0,900200,JAMS,6551.0,210.0,0.0,0.0,0.0,0.0,6553,210,0.0,0.0,0.0,0.0,6552.0,0.0
0,900300,JAMS,6551.0,185.0,0.0,0.0,0.0,0.0,6553,185,0.0,0.0,0.0,0.0,6552.0,0.0
0,900400,JAMS,6550.0,199.0,0.0,0.0,0.0,0.0,6552,199,0.0,0.0,0.0,0.0,6551.0,0.0
0,900500,JAMS,6550.0,199.0,0.0,0.0,0.0,0.0,6552,199,0.0,0.0,0.0,0.0,6551.0,0.0
0,900600,JAMS,6550.0,236.0,0.0,0.0,0.0,0.0,6552,236,0.0,0.0,0.0,0.0,6551.0,0.0
0,900700,JAMS,6550.0,167.0,0.0,0.0,0.0,0.0,6552,167,0.0,0.0,0.0,0.0,6551.0,0.0
0,900800,JAMS,6550.0,85.0,6549.0,149.0,0.0,0.0,6551,85,6552.0,149.0,0.0,0.0,6550.5,0.0
0,900900,JAMS,6549.0,199.0,0.0,0.0,0.0,0.0,6551,199,0.0,0.0,0.0,0.0,6550.0,0.0
0,901000,JAMS,6549.0,84.0,6548.0,127.0,0.0,0.0,6550,84,6551.0,127.0,0.0,0.0,6549.5,0.0
0,901100,JAMS,6549.0,239.0,0.0,0.0,0.0,0.0,6550,64,6551.0,175.0,0.0,0.0,6549.5,0.0
0,901200,JAMS,6549.0,66.0,6548.0,158.0,0.0,0.0,6550,66,6551.0,158.0,0.0,0.0,6549.5,0.0
0,901300,JAMS,6549.0,58.0,6548.0,171.0,0.0,0.0,6550,58,6551.0,171.0,0.0,0.0,6549.5,0.0
0,901400,JAMS,6548.0,254.0,0.0,0.0,0.0,0.0,6550,254,0.0,0.0,0.0,0.0,6549.0,0.0
0,901500,JAMS,6548.0,233.0,0.0,0.0,0.0,0.0,6550,233,0.0,0.0,0.0,0.0,6549.0,0.0
0,901600,JAMS,6549.0,64.0,6548.0,126.0,0.0,0.0,6550,64,6551.0,126.0,0.0,0.0,6549.5,0.0
0,901700,JAMS,6550.0,265.0,0.0,0.0,0.0,0.0,6552,265,0.0,0.0,0.0,0.0,6551.0,0.0
0,901800,JAMS,6549.0,240.0,0.0,0.0,0.0,0.0,6551,240,0.0,0.0,0.0,0.0,6550.0,0.0
0,901900,JAMS,6549.0,251.0,0.0,0.0,0.0,0.0,6551,251,0.0,0.0,0.0,0.0,6550.0,0.0
0,902000,JAMS,6549.0,81.0,6548.0,186.0,0.0,0.0,6550,81,6551.0,186.0,0.0,0.0,6549.5,0.0
0,902100,JAMS,6549.0,59.0,6548.0,153.0,0.0,0.0,6550,59,6551.0,153.0,0.0,0.0,6549.5,0.0
0,902200,JAMS,6549.0,66.0,6548.0,113.0,0.0,0.0,6550,66,6551.0,113.0,0.0,0.0,6549.5,0.0
0,902300,JAMS,6549.0,63.0,6548.0,105.0,0.0,0.0,6550,63,6551.0,105.0,0.0,0.0,6549.5,0.0
0,902400,JAMS,6549.0,71.0,6548.0,195.0,0.0,0.0,6550,71,6551.0,195.0,0.0,0.0,6549.5,0.0
0,902500,JAMS,6549.0,60.0,6548.0,185.0,0.0,0.0,6550,60,6551.0,185.0,0.0,0.0,6549.5,0.0
0,902600,JAMS,6548.0,245.0,0.0,0.0,0.0,0.0,6550,245,0.0,0.0,0.0,0.0,6549.0,0.0
0,902700,JAMS,6548.0,185.0,0.0,0.0,0.0,0.0,6550,185,0.0,0.0,0.0,0.0,6549.0,0.0
0,902800,JAMS,6549.0,51.0,6548.0,158.0,0.0,0.0,6550,51,6551.0,158.0,0.0,0.0,6549.5,0.0
0,902900,JAMS,6549.0,227.0,0.0,0.0,0.0,0.0,6551,227,0.0,0.0,0.0,0.0,6550.0,0.0
0,903000,JAMS,6549.0,204.0,0.0,0.0,0.0,0.0,6551,204,0.0,0.0,0.0,0.0,6550.0,0.0
0,903100,JAMS,6549.0,205.0,0.0,0.0,0.0,0.0,6551,205,0.0,0.0,0.0,0.0,6550.0,0.0
0,903200,JAMS,6547.0,196.0,0.0,0.0,0.0,0.0,6549,196,0.0,0.0,0.0,0.0,6548.0,0.0
0,903300,JAMS,6547.0,223.0,0.0,0.0,0.0,0.0,6549,223,0.0,0.0,0.0,0.0,6548.0,0.0
0,903400,JAMS,6548.0,86.0,6547.0,154.0,0.0,0.0,6549,86,6550.0,154.0,0.0,0.0,6548.5,0.0
0,903500,JAMS,6548.0,64.0,6547.0,106.0,0.0,0.0,6549,64,6550.0,106.0,0.0,0.0,6548.5,0.0
0,903600,JAMS,6547.0,231.0,0.0,0.0,0.0,0.0,6549,231,0.0,0.0,0.0,0.0,6548.0,0.0
0,903700,JAMS,6547.0,220.0,0.0,0.0,0.0,0.0,6549,220,0.0,0.0,0.0,0.0,6548.0,0.0
0,903800,JAMS,6547.0,234.0,0.0,0.0,0.0,0.0,6549,234,0.0,0.0,0.0,0.0,6548.0,0.0
0,903900,JAMS,6547.0,205.0,0.0,0.0,0.0,0.0,6549,205,0.0,0.0,0.0,0.0,6548.0,0.0
0,904000,JAMS,6547.0,243.0,0.0,0.0,0.0,0.0,6549,243,0.0,0.0,0.0,0.0,6548.0,0.0
0,904100,JAMS,6547.0,174.0,0.0,0.0,0.0,0.0,6548,53,6549.0,121.0,0.0,0.0,6547.5,0.0
0,904200,JAMS,6547.0,99.0,6546.0,167.0,0.0,0.0,6548,99,6549.0,167.0,0.0,0.0,6547.5,0.0
0,904300,JAMS,6547.0,52.0,6546.0,103.0,0.0,0.0,6548,52,6549.0,103.0,0.0,0.0,6547.5,0.0
0,904400,JAMS,6547.0,206.0,0.0,0.0,0.0,0.0,6549,206,0.0,0.0,0.0,0.0,6548.0,0.0
0,904500,JAMS,6547.0,199.0,0.0,0.0,0.0,0.0,6549,199,0.0,0.0,0.0,0.0,6548.0,0.0
0,904600,JAMS,6547.0,216.0,0.0,0.0,0.0,0.0,6549,216,0.0,0.0,0.0,0.0,6548.0,0.0
0,904700,JAMS,6547.0,251.0,0.0,0.0,0.0,0.0,6549,251,0.0,0.0,0.0,0.0,6548.0,0.0
0,904800,JAMS,6547.0,213.0,0.0,0.0,0.0,0.0,6549,225,0.0,0.0,0.0,0.0,6548.0,0.0
0,904900,JAMS,6547.0,169.0,0.0,0.0,0.0,0.0,6549,169,0.0,0.0,0.0,0.0,6548.0,0.0
0,905000,JAMS,6547.0,243.0,0.0,0.0,0.0,0.0,6549,243,0.0,0.0,0.0,0.0,6548.0,0.0
0,905100,JAMS,6547.0,248.0,0.0,0.0,0.0,0.0,6549,248,0.0,0.0,0.0,0.0,6548.0,0.0
0,905200,JAMS,6547.0,222.0,0.0,0.0,0.0,0.0,6549,222,0.0,0.0,0.0,0.0,6548.0,0.0
0,905300,JAMS,6547.0,253.0,0.0,0.0,0.0,0.0,6549,253,0.0,0.0,0.0,0.0,6548.0,0.0
0,905400,JAMS,6548.0,90.0,6547.0,180.0,0.0,0.0,6549,90,6550.0,180.0,0.0,0.0,6548.5,0.0
0,905500,JAMS,6548.0,246.0,0.0,0.0,0.0,0.0,6550,246,0.0,0.0,0.0,0.0,6549.0,0.0
0,905600,JAMS,6548.0,205.0,0.0,0.0,0.0,0.0,6550,205,0.0,0.0,0.0,0.0,6549.0,0.0
0,905700,JAMS,6548.0,294.0,0.0,0.0,0.0,0.0,6550,294,0.0,0.0,0.0,0.0,6549.0,0.0
0,905800,JAMS,6547.0,227.0,0.0,0.0,0.0,0.0,6549,227,0.0,0.0,0.0,0.0,6548.0,0.0
0,905900,JAMS,6547.0,211.0,0.0,0.0,0.0,0.0,6549,211,0.0,0.0,0.0,0.0,6548.0,0.0
0,906000,JAMS,6547.0,218.0,0.0,0.0,0.0,0.0,6549,218,0.0,0.0,0.0,0.0,6548.0,0.0
0,906100,JAMS,6547.0,177.0,0.0,0.0,0.0,0.0,6549,177,0.0,0.0,0.0,0.0,6548.0,0.0
0,906200,JAMS,6547.0,93.0,6546.0,128.0,0.0,0.0,6548,93,6549.0,128.0,0.0,0.0,6547.5,0.0
0,906300,JAMS,6547.0,95.0,6546.0,151.0,0.0,0.0,6548,95,6549.0,151.0,0.0,0.0,6547.5,0.0
0,906400,JAMS,6546.0,185.0,0.0,0.0,0.0,0.0,6548,185,0.0,0.0,0.0,0.0,6547.0,0.0
0,906500,JAMS,6546.0,254.0,0.0,0.0,0.0,0.0,6548,262,0.0,0.0,0.0,0.0,6547.0,0.0
0,906600,JAMS,6546.0,212.0,0.0,0.0,0.0,0.0,6548,205,0.0,0.0,0.0,0.0,6547.0,0.0
0,906700,JAMS,6546.0,87.0,6545.0,170.0,0.0,0.0,6547,94,6548.0,170.0,0.0,0.0,6546.5,0.0
0,906800,JAMS,6545.0,205.0,0.0,0.0,0.0,0.0,6547,205,0.0,0.0,0.0,0.0,6546.0,0.0
0,906900,JAMS,6545.0,185.0,0.0,0.0,0.0,0.0,6547,179,0.0,0.0,0.0,0.0,6546.0,0.0
0,907000,JAMS,6544.0,259.0,0.0,0.0,0.0,0.0,6546,259,0.0,0.0,0.0,0.0,6545.0,0.0
0,907100,JAMS,6545.0,89.0,6544.0,161.0,0.0,0.0,6546,89,6547.0,161.0,0.0,0.0,6545.5,0.0
0,907200,JAMS,6544.0,257.0,0.0,0.0,0.0,0.0,6546,257,0.0,0.0,0.0,0.0,6545.0,0.0
0,907300,JAMS,6544.0,222.0,0.0,0.0,0.0,0.0,6546,222,0.0,0.0,0.0,0.0,6545.0,0.0
0,907400,JAMS,6544.0,176.0,0.0,0.0,0.0,0.0,6546,176,0.0,0.0,0.0,0.0,6545.0,0.0
0,907500,JAMS,6544.0,272.0,0.0,0.0,0.0,0.0,6546,272,0.0,0.0,0.0,0.0,6545.0,0.0
0,907600,JAMS,6544.0,159.0,0.0,0.0,0.0,0.0,6545,9,6546.0,159.0,0.0,0.0,6544.5,0.0
0,907700,JAMS,6544.0,222.0,0.0,0.0,0.0,0.0,6546,222,0.0,0.0,0.0,0.0,6545.0,0.0
0,907800,JAMS,6545.0,269.0,0.0,0.0,0.0,0.0,6547,269,0.0,0.0,0.0,0.0,6546.0,0.0
0,907900,JAMS,6546.0,218.0,0.0,0.0,0.0,0.0,6548,218,0.0,0.0,0.0,0.0,6547.0,0.0
0,908000,JAMS,6547.0,62.0,6546.0,167.0,0.0,0.0,6548,62,6549.0,167.0,0.0,0.0,6547.5,0.0
0,908100,JAMS,6547.0,63.0,6546.0,189.0,0.0,0.0,6548,63,6549.0,189.0,0.0,0.0,6547.5,0.0
0,908200,JAMS,6546.0,279.0,0.0,0.0,0.0,0.0,6548,279,0.0,0.0,0.0,0.0,6547.0,0.0
0,908300,JAMS,6546.0,214.0,0.0,0.0,0.0,0.0,6548,214,0.0,0.0,0.0,0.0,6547.0,0.0
0,908400,JAMS,6546.0,249.0,0.0,0.0,0.0,0.0,6548,249,0.0,0.0,0.0,0.0,6547.0,0.0
0,908500,JAMS,6546.0,209.0,0.0,0.0,0.0,0.0,6548,209,0.0,0.0,0.0,0.0,6547.0,0.0
0,908600,JAMS,6546.0,54.0,6545.0,134.0,0.0,0.0,6547,54,6548.0,134.0,0.0,0.0,6546.5,0.0
0,908700,JAMS,6545.0,205.0,0.0,0.0,0.0,0.0,6547,205,0.0,0.0,0.0,0.0,6546.0,0.0
0,908800,JAMS,6545.0,192.0,0.0,0.0,0.0,0.0,6547,188,0.0,0.0,0.0,0.0,6546.0,0.0
0,908900,JAMS,6544.0,223.0,0.0,0.0,0.0,0.0,6546,223,0.0,0.0,0.0,0.0,6545.0,0.0
0,909000,JAMS,6544.0,62.0,6543.0,171.0,0.0,0.0,6545,62,6546.0,171.0,0.0,0.0,6544.5,0.0
0,909100,JAMS,6544.0,198.0,0.0,0.0,0.0,0.0,6546,198,0.0,0.0,0.0,0.0,6545.0,0.0
0,909200,JAMS,6544.0,249.0,0.0,0.0,0.0,0.0,6546,249,0.0,0.0,0.0,0.0,6545.0,0.0
0,909300,JAMS,6544.0,245.0,0.0,0.0,0.0,0.0,6546,245,0.0,0.0,0.0,0.0,6545.0,0.0
0,909400,JAMS,6544.0,202.0,0.0,0.0,0.0,0.0,6546,202,0.0,0.0,0.0,0.0,6545.0,0.0
0,909500,JAMS,6544.0,210.0,0.0,0.0,0.0,0.0,6546,210,0.0,0.0,0.0,0.0,6545.0,0.0
0,909600,JAMS,6544.0,266.0,0.0,0.0,0.0,0.0,6546,266,0.0,0.0,0.0,0.0,6545.0,0.0
0,909700,JAMS,6545.0,48.0,6544.0,128.0,0.0,0.0,6546,55,6547.0,128.0,0.0,0.0,6545.5,0.0
0,909800,JAMS,6545.0,160.0,0.0,0.0,0.0,0.0,6547,160,0.0,0.0,0.0,0.0,6546.0,0.0
0,909900,JAMS,6545.0,207.0,0.0,0.0,0.0,0.0,6547,207,0.0,0.0,0.0,0.0,6546.0,0.0
0,910000,JAMS,6546.0,70.0,6545.0,104.0,0.0,0.0,6547,63,6548.0,104.0,0.0,0.0,6546.5,0.0
0,910100,JAMS,6547.0,64.0,6546.0,199.0,0.0,0.0,6548,263,0.0,0.0,0.0,0.0,6547.5,0.0
0,910200,JAMS,6547.0,68.0,6546.0,110.0,0.0,0.0,6548,68,6549.0,110.0,0.0,0.0,6547.5,0.0
0,910300,JAMS,6547.0,239.0,0.0,0.0,0.0,0.0,6549,239,0.0,0.0,0.0,0.0,6548.0,0.0
0,910400,JAMS,6552.0,196.0,0.0,0.0,0.0,0.0,6553,93,6554.0,103.0,0.0,0.0,6552.5,0.0
0,910500,JAMS,6557.0,230.0,0.0,0.0,0.0,0.0,6559,230,0.0,0.0,0.0,0.0,6558.0,0.0
0,910600,JAMS,6556.0,178.0,0.0,0.0,0.0,0.0,6558,178,0.0,0.0,0.0,0.0,6557.0,0.0
0,910700,JAMS,6555.0,169.0,0.0,0.0,0.0,0.0,6557,169,0.0,0.0,0.0,0.0,6556.0,0.0
0,910800,JAMS,6556.0,83.0,6555.0,135.0,0.0,0.0,6557,83,6558.0,135.0,0.0,0.0,6556.5,0.0
0,910900,JAMS,6556.0,214.0,0.0,0.0,0.0,0.0,6558,214,0.0,0.0,0.0,0.0,6557.0,0.0
0,911000,JAMS,6556.0,181.0,0.0,0.0,0.0,0.0,6558,181,0.0,0.0,0.0,0.0,6557.0,0.0
0,911100,JAMS,6556.0,252.0,0.0,0.0,0.0,0.0,6558,252,0.0,0.0,0.0,0.0,6557.0,0.0
0,911200,JAMS,6556.0,57.0,6555.0,191.0,0.0,0.0,6557,57,6558.0,191.0,0.0,0.0,6556.5,0.0
0,911300,JAMS,6556.0,286.0,0.0,0.0,0.0,0.0,6558,286,0.0,0.0,0.0,0.0,6557.0,0.0
0,911400,JAMS,6555.0,185.0,0.0,0.0,0.0,0.0,6557,185,0.0,0.0,0.0,0.0,6556.0,0.0
0,911500,JAMS,6555.0,291.0,0.0,0.0,0.0,0.0,6557,291,0.0,0.0,0.0,0.0,6556.0,0.0
0,911600,JAMS,6558.0,252.0,0.0,0.0,0.0,0.0,6560,252,0.0,0.0,0.0,0.0,6559.0,0.0
0,911700,JAMS,6558.0,159.0,0.0,0.0,0.0,0.0,6559,54,6560.0,115.0,0.0,0.0,6558.5,0.0
0,911800,JAMS,6558.0,77.0,6557.0,190.0,0.0,0.0,6559,77,6560.0,190.0,0.0,0.0,6558.5,0.0
0,911900,JAMS,6558.0,74.0,6557.0,108.0,0.0,0.0,6559,74,6560.0,108.0,0.0,0.0,6558.5,0.0
0,912000,JAMS,6558.0,98.0,6557.0,100.0,0.0,0.0,6559,98,6560.0,100.0,0.0,0.0,6558.5,0.0
0,912100,JAMS,6558.0,188.0,0.0,0.0,0.0,0.0,6560,188,0.0,0.0,0.0,0.0,6559.0,0.0
0,912200,JAMS,6558.0,287.0,0.0,0.0,0.0,0.0,6560,287,0.0,0.0,0.0,0.0,6559.0,0.0
0,912300,JAMS,6559.0,9.0,6558.0,277.0,0.0,0.0,6560,277,0.0,0.0,0.0,0.0,6559.5,0.0
0,912400,JAMS,6558.0,230.0,0.0,0.0,0.0,0.0,6560,230,0.0,0.0,0.0,0.0,6559.0,0.0
0,912500,JAMS,6558.0,264.0,0.0,0.0,0.0,0.0,6560,264,0.0,0.0,0.0,0.0,6559.0,0.0
0,912600,JAMS,6558.0,75.0,6557.0,146.0,0.0,0.0,6559,221,0.0,0.0,0.0,0.0,6558.5,0.0
0,912700,JAMS,6559.0,80.0,6558.0,166.0,0.0,0.0,6560,80,6561.0,166.0,0.0,0.0,6559.5,0.0
0,912800,JAMS,6558.0,219.0,0.0,0.0,0.0,0.0,6560,219,0.0,0.0,0.0,0.0,6559.0,0.0
0,912900,JAMS,6558.0,254.0,0.0,0.0,0.0,0.0,6560,254,0.0,0.0,0.0,0.0,6559.0,0.0
0,913000,JAMS,6558.0,224.0,0.0,0.0,0.0,0.0,6560,224,0.0,0.0,0.0,0.0,6559.0,0.0
0,913100,JAMS,6558.0,206.0,0.0,0.0,0.0,0.0,6560,206,0.0,0.0,0.0,0.0,6559.0,0.0
0,913200,JAMS,6558.0,282.0,0.0,0.0,0.0,0.0,6560,282,0.0,0.0,0.0,0.0,6559.0,0.0
0,913300,JAMS,6558.0,77.0,6557.0,103.0,0.0,0.0,6559,77,6560.0,103.0,0.0,0.0,6558.5,0.0
0,913400,JAMS,6557.0,222.0,0.0,0.0,0.0,0.0,6559,222,0.0,0.0,0.0,0.0,6558.0,0.0
0,913500,JAMS,6557.0,260.0,0.0,0.0,0.0,0.0,6559,260,0.0,0.0,0.0,0.0,6558.0,0.0
0,913600,JAMS,6557.0,233.0,0.0,0.0,0.0,0.0,6559,233,0.0,0.0,0.0,0.0,6558.0,0.0
0,913700,JAMS,6557.0,196.0,0.0,0.0,0.0,0.0,6559,196,0.0,0.0,0.0,0.0,6558.0,0.0
0,913800,JAMS,6558.0,79.0,6557.0,145.0,0.0,0.0,6559,79,6560.0,145.0,0.0,0.0,6558.5,0.0
0,913900,JAMS,6557.0,239.0,0.0,0.0,0.0,0.0,6559,239,0.0,0.0,0.0,0.0,6558.0,0.0
0,914000,JAMS,6558.0,90.0,6557.0,162.0,0.0,0.0,6559,90,6560.0,162.0,0.0,0.0,6558.5,0.0
0,914100,JAMS,6558.0,64.0,6557.0,192.0,0.0,0.0,6559,61,6560.0,192.0,0.0,0.0,6558.5,0.0
0,914200,JAMS,6558.0,210.0,0.0,0.0,0.0,0.0,6560,210,0.0,0.0,0.0,0.0,6559.0,0.0
0,914300,JAMS,6558.0,178.0,0.0,0.0,0.0,0.0,6560,178,0.0,0.0,0.0,0.0,6559.0,0.0
0,914400,JAMS,6558.0,188.0,0.0,0.0,0.0,0.0,6560,188,0.0,0.0,0.0,0.0,6559.0,0.0
0,914500,JAMS,6559.0,210.0,0.0,0.0,0.0,0.0,6561,210,0.0,0.0,0.0,0.0,6560.0,0.0
0,914600,JAMS,6559.0,212.0,0.0,0.0,0.0,0.0,6561,212,0.0,0.0,0.0,0.0,6560.0,0.0
0,914700,JAMS,6560.0,66.0,6559.0,122.0,0.0,0.0,6561,188,0.0,0.0,0.0,0.0,6560.5,0.0
0,914800,JAMS,6560.0,96.0,6559.0,139.0,0.0,0.0,6561,96,6562.0,139.0,0.0,0.0,6560.5,0.0
0,914900,JAMS,6561.0,96.0,6560.0,170.0,0.0,0.0,6562,96,6563.0,170.0,0.0,0.0,6561.5,0.0
0,915000,JAMS,6560.0,220.0,0.0,0.0,0.0,0.0,6561,57,6562.0,163.0,0.0,0.0,6560.5,0.0
0,915100,JAMS,6561.0,86.0,6560.0,149.0,0.0,0.0,6562,86,6563.0,149.0,0.0,0.0,6561.5,0.0
0,915200,JAMS,6561.0,73.0,6560.0,191.0,0.0,0.0,6562,73,6563.0,191.0,0.0,0.0,6561.5,0.0
0,915300,JAMS,6561.0,81.0,6560.0,178.0,0.0,0.0,6562,259,0.0,0.0,0.0,0.0,6561.5,0.0
0,915400,JAMS,6562.0,95.0,6561.0,138.0,0.0,0.0,6563,95,6564.0,138.0,0.0,0.0,6562.5,0.0
0,915500,JAMS,6562.0,67.0,6561.0,159.0,0.0,0.0,6563,55,6564.0,159.0,0.0,0.0,6562.5,0.0
0,915600,JAMS,6561.0,179.0,0.0,0.0,0.0,0.0,6563,179,0.0,0.0,0.0,0.0,6562.0,0.0
0,915700,JAMS,6561.0,51.0,6560.0,143.0,0.0,0.0,6562,51,6563.0,143.0,0.0,0.0,6561.5,0.0
0,915800,JAMS,6561.0,90.0,6560.0,139.0,0.0,0.0,6562,90,6563.0,139.0,0.0,0.0,6561.5,0.0
0,915900,JAMS,6561.0,186.0,0.0,0.0,0.0,0.0,6563,186,0.0,0.0,0.0,0.0,6562.0,0.0
0,916000,JAMS,6561.0,238.0,0.0,0.0,0.0,0.0,6563,238,0.0,0.0,0.0,0.0,6562.0,0.0
0,916100,JAMS,6561.0,272.0,0.0,0.0,0.0,0.0,6563,272,0.0,0.0,0.0,0.0,6562.0,0.0
0,916200,JAMS,6561.0,220.0,0.0,0.0,0.0,0.0,6563,220,0.0,0.0,0.0,0.0,6562.0,0.0
0,916300,JAMS,6561.0,215.0,0.0,0.0,0.0,0.0,6563,215,0.0,0.0,0.0,0.0,6562.0,0.0
0,916400,JAMS,6562.0,63.0,6561.0,135.0,0.0,0.0,6563,63,6564.0,135.0,0.0,0.0,6562.5,0.0
0,916500,JAMS,6562.0,50.0,6561.0,171.0,0.0,0.0,6563,50,6564.0,171.0,0.0,0.0,6562.5,0.0
0,916600,JAMS,6561.0,252.0,0.0,0.0,0.0,0.0,6562,12,6563.0,252.0,0.0,0.0,6561.5,0.0
0,916700,JAMS,6561.0,238.0,0.0,0.0,0.0,0.0,6563,238,0.0,0.0,0.0,0.0,6562.0,0.0
0,916800,JAMS,6562.0,215.0,0.0,0.0,0.0,0.0,6564,215,0.0,0.0,0.0,0.0,6563.0,0.0
0,916900,JAMS,6562.0,255.0,0.0,0.0,0.0,0.0,6564,255,0.0,0.0,0.0,0.0,6563.0,0.0
0,917000,JAMS,6562.0,56.0,6561.0,101.0,0.0,0.0,6563,56,6564.0,101.0,0.0,0.0,6562.5,0.0
0,917100,JAMS,6562.0,64.0,6561.0,154.0,0.0,0.0,6563,64,6564.0,154.0,0.0,0.0,6562.5,0.0
0,917200,JAMS,6562.0,63.0,6561.0,120.0,0.0,0.0,6563,63,6564.0,120.0,0.0,0.0,6562.5,0.0
0,917300,JAMS,6562.0,197.0,0.0,0.0,0.0,0.0,6564,197,0.0,0.0,0.0,0.0,6563.0,0.0
0,917400,JAMS,6562.0,195.0,0.0,0.0,0.0,0.0,6564,195,0.0,0.0,0.0,0.0,6563.0,0.0
0,917500,JAMS,6562.0,235.0,0.0,0.0,0.0,0.0,6564,235,0.0,0.0,0.0,0.0,6563.0,0.0
0,917600,JAMS,6562.0,255.0,0.0,0.0,0.0,0.0,6564,255,0.0,0.0,0.0,0.0,6563.0,0.0
0,917700,JAMS,6562.0,190.0,0.0,0.0,0.0,0.0,6564,190,0.0,0.0,0.0,0.0,6563.0,0.0
0,917800,JAMS,6562.0,65.0,6561.0,145.0,0.0,0.0,6563,65,6564.0,145.0,0.0,0.0,6562.5,0.0
0,917900,JAMS,6562.0,78.0,6561.0,162.0,0.0,0.0,6563,78,6564.0,162.0,0.0,0.0,6562.5,0.0
0,918000,JAMS,6562.0,80.0,6561.0,178.0,0.0,0.0,6563,80,6564.0,178.0,0.0,0.0,6562.5,0.0
0,918100,JAMS,6562.0,87.0,6561.0,200.0,0.0,0.0,6563,87,6564.0,200.0,0.0,0.0,6562.5,0.0
0,918200,JAMS,6562.0,211.0,0.0,0.0,0.0,0.0,6564,211,0.0,0.0,0.0,0.0,6563.0,0.0
0,918300,JAMS,6561.0,262.0,0.0,0.0,0.0,0.0,6563,262,0.0,0.0,0.0,0.0,6562.0,0.0
0,918400,JAMS,6560.0,231.0,0.0,0.0,0.0,0.0,6561,66,6562.0,165.0,0.0,0.0,6560.5,0.0
0,918500,JAMS,6560.0,77.0,6559.0,173.0,0.0,0.0,6561,77,6562.0,173.0,0.0,0.0,6560.5,0.0
0,918600,JAMS,6560.0,75.0,6559.0,120.0,0.0,0.0,6561,75,6562.0,120.0,0.0,0.0,6560.5,0.0
0,918700,JAMS,6559.0,254.0,0.0,0.0,0.0,0.0,6561,254,0.0,0.0,0.0,0.0,6560.0,0.0
0,918800,JAMS,6559.0,204.0,0.0,0.0,0.0,0.0,6561,204,0.0,0.0,0.0,0.0,6560.0,0.0
0,918900,JAMS,6559.0,238.0,0.0,0.0,0.0,0.0,6561,238,0.0,0.0,0.0,0.0,6560.0,0.0
0,919000,JAMS,6559.0,249.0,0.0,0.0,0.0,0.0,6561,249,0.0,0.0,0.0,0.0,6560.0,0.0
0,919100,JAMS,6559.0,196.0,0.0,0.0,0.0,0.0,6561,196,0.0,0.0,0.0,0.0,6560.0,0.0
0,919200,JAMS,6559.0,195.0,0.0,0.0,0.0,0.0,6561,195,0.0,0.0,0.0,0.0,6560.0,0.0
0,919300,JAMS,6559.0,77.0,6558.0,197.0,0.0,0.0,6560,77,6561.0,197.0,0.0,0.0,6559.5,0.0
0,919400,JAMS,6558.0,221.0,0.0,0.0,0.0,0.0,6560,224,0.0,0.0,0.0,0.0,6559.0,0.0
0,919500,JAMS,6558.0,280.0,0.0,0.0,0.0,0.0,6560,280,0.0,0.0,0.0,0.0,6559.0,0.0
0,919600,JAMS,6558.0,230.0,0.0,0.0,0.0,0.0,6560,230,0.0,0.0,0.0,0.0,6559.0,0.0
0,919700,JAMS,6558.0,60.0,6557.0,185.0,0.0,0.0,6559,60,6560.0,185.0,0.0,0.0,6558.5,0.0
0,919800,JAMS,6558.0,207.0,0.0,0.0,0.0,0.0,6560,203,0.0,0.0,0.0,0.0,6559.0,0.0
0,919900,JAMS,6558.0,201.0,0.0,0.0,0.0,0.0,6560,201,0.0,0.0,0.0,0.0,6559.0,0.0
0,920000,JAMS,6558.0,184.0,0.0,0.0,0.0,0.0,6560,184,0.0,0.0,0.0,0.0,6559.0,0.0
0,920100,JAMS,6559.0,96.0,6558.0,181.0,0.0,0.0,6560,96,6561.0,181.0,0.0,0.0,6559.5,0.0
0,920200,JAMS,6561.0,215.0,0.0,0.0,0.0,0.0,6562,4,6563.0,215.0,0.0,0.0,6561.5,0.0
0,920300,JAMS,6561.0,196.0,0.0,0.0,0.0,0.0,6563,196,0.0,0.0,0.0,0.0,6562.0,0.0
0,920400,JAMS,6561.0,53.0,6560.0,167.0,0.0,0.0,6562,220,0.0,0.0,0.0,0.0,6561.5,0.0
0,920500,JAMS,6560.0,228.0,0.0,0.0,0.0,0.0,6562,228,0.0,0.0,0.0,0.0,6561.0,0.0
0,920600,JAMS,6560.0,257.0,0.0,0.0,0.0,0.0,6562,257,0.0,0.0,0.0,0.0,6561.0,0.0
0,920700,JAMS,6560.0,286.0,0.0,0.0,0.0,0.0,6562,286,0.0,0.0,0.0,0.0,6561.0,0.0
0,920800,JAMS,6560.0,212.0,0.0,0.0,0.0,0.0,6562,212,0.0,0.0,0.0,0.0,6561.0,0.0
0,920900,JAMS,6560.0,219.0,0.0,0.0,0.0,0.0,6562,219,0.0,0.0,0.0,0.0,6561.0,0.0
0,921000,JAMS,6560.0,295.0,0.0,0.0,0.0,0.0,6562,295,0.0,0.0,0.0,0.0,6561.0,0.0
0,921100,JAMS,6560.0,272.0,0.0,0.0,0.0,0.0,6562,272,0.0,0.0,0.0,0.0,6561.0,0.0
0,921200,JAMS,6560.0,200.0,0.0,0.0,0.0,0.0,6562,200,0.0,0.0,0.0,0.0,6561.0,0.0
0,921300,JAMS,6560.0,237.0,0.0,0.0,0.0,0.0,6562,230,0.0,0.0,0.0,0.0,6561.0,0.0
0,921400,JAMS,6560.0,213.0,0.0,0.0,0.0,0.0,6562,213,0.0,0.0,0.0,0.0,6561.0,0.0
0,921500,JAMS,6560.0,97.0,6559.0,179.0,0.0,0.0,6561,97,6562.0,179.0,0.0,0.0,6560.5,0.0
0,921600,JAMS,6560.0,167.0,0.0,0.0,0.0,0.0,6562,167,0.0,0.0,0.0,0.0,6561.0,0.0
0,921700,JAMS,6560.0,259.0,0.0,0.0,0.0,0.0,6562,259,0.0,0.0,0.0,0.0,6561.0,0.0
0,921800,JAMS,6560.0,212.0,0.0,0.0,0.0,0.0,6562,212,0.0,0.0,0.0,0.0,6561.0,0.0
0,921900,JAMS,6561.0,99.0,6560.0,126.0,0.0,0.0,6562,225,0.0,0.0,0.0,0.0,6561.5,0.0
0,922000,JAMS,6560.0,242.0,0.0,0.0,0.0,0.0,6562,242,0.0,0.0,0.0,0.0,6561.0,0.0
0,922100,JAMS,6559.0,256.0,0.0,0.0,0.0,0.0,6561,252,0.0,0.0,0.0,0.0,6560.0,0.0
0,922200,JAMS,6559.0,200.0,0.0,0.0,0.0,0.0,6561,200,0.0,0.0,0.0,0.0,6560.0,0.0
0,922300,JAMS,6559.0,238.0,0.0,0.0,0.0,0.0,6560,63,6561.0,175.0,0.0,0.0,6559.5,0.0
0,922400,JAMS,6559.0,69.0,6558.0,119.0,0.0,0.0,6560,69,6561.0,119.0,0.0,0.0,6559.5,0.0
0,922500,JAMS,6559.0,97.0,6558.0,189.0,0.0,0.0,6560,97,6561.0,189.0,0.0,0.0,6559.5,0.0
0,922600,JAMS,6559.0,69.0,6558.0,114.0,0.0,0.0,6560,69,6561.0,114.0,0.0,0.0,6559.5,0.0
0,922700,JAMS,6559.0,53.0,6558.0,166.0,0.0,0.0,6560,63,6561.0,166.0,0.0,0.0,6559.5,0.0
0,922800,JAMS,6558.0,196.0,0.0,0.0,0.0,0.0,6560,196,0.0,0.0,0.0,0.0,6559.0,0.0
0,922900,JAMS,6559.0,81.0,6558.0,169.0,0.0,0.0,6560,81,6561.0,169.0,0.0,0.0,6559.5,0.0
0,923000,JAMS,6559.0,180.0,0.0,0.0,0.0,0.0,6561,180,0.0,0.0,0.0,0.0,6560.0,0.0
0,923100,JAMS,6560.0,98.0,6559.0,117.0,0.0,0.0,6561,98,6562.0,117.0,0.0,0.0,6560.5,0.0
0,923200,JAMS,6560.0,238.0,0.0,0.0,0.0,0.0,6562,238,0.0,0.0,0.0,0.0,6561.0,0.0
0,923300,JAMS,6560.0,202.0,0.0,0.0,0.0,0.0,6562,202,0.0,0.0,0.0,0.0,6561.0,0.0
0,923400,JAMS,6560.0,84.0,6559.0,194.0,0.0,0.0,6561,84,6562.0,194.0,0.0,0.0,6560.5,0.0
0,923500,JAMS,6560.0,87.0,6559.0,130.0,0.0,0.0,6561,87,6562.0,130.0,0.0,0.0,6560.5,0.0
0,923600,JAMS,6560.0,235.0,0.0,0.0,0.0,0.0,6561,10,6562.0,235.0,0.0,0.0,6560.5,0.0
0,923700,JAMS,6562.0,192.0,0.0,0.0,0.0,0.0,6564,192,0.0,0.0,0.0,0.0,6563.0,0.0
0,923800,JAMS,6562.0,201.0,0.0,0.0,0.0,0.0,6564,201,0.0,0.0,0.0,0.0,6563.0,0.0
0,923900,JAMS,6559.0,200.0,0.0,0.0,0.0,0.0,6561,200,0.0,0.0,0.0,0.0,6560.0,0.0
0,924000,JAMS,6559.0,257.0,0.0,0.0,0.0,0.0,6561,264,0.0,0.0,0.0,0.0,6560.0,0.0
0,924100,JAMS,6559.0,245.0,0.0,0.0,0.0,0.0,6561,252,0.0,0.0,0.0,0.0,6560.0,0.0
0,924200,JAMS,6559.0,58.0,6558.0,120.0,0.0,0.0,6560,58,6561.0,120.0,0.0,0.0,6559.5,0.0
0,924300,JAMS,6559.0,90.0,6558.0,140.0,0.0,0.0,6560,90,6561.0,140.0,0.0,0.0,6559.5,0.0
0,924400,JAMS,6559.0,241.0,0.0,0.0,0.0,0.0,6561,241,0.0,0.0,0.0,0.0,6560.0,0.0
0,924500,JAMS,6559.0,93.0,6558.0,115.0,0.0,0.0,6560,93,6561.0,115.0,0.0,0.0,6559.5,0.0
0,924600,JAMS,6559.0,70.0,6558.0,114.0,0.0,0.0,6560,70,6561.0,114.0,0.0,0.0,6559.5,0.0
0,924700,JAMS,6558.0,279.0,0.0,0.0,0.0,0.0,6560,279,0.0,0.0,0.0,0.0,6559.0,0.0
0,924800,JAMS,6559.0,8.0,6558.0,206.0,0.0,0.0,6560,206,0.0,0.0,0.0,0.0,6559.5,0.0
0,924900,JAMS,6559.0,238.0,0.0,0.0,0.0,0.0,6561,238,0.0,0.0,0.0,0.0,6560.0,0.0
0,925000,JAMS,6559.0,56.0,6558.0,163.0,0.0,0.0,6560,56,6561.0,163.0,0.0,0.0,6559.5,0.0
0,925100,JAMS,6558.0,290.0,0.0,0.0,0.0,0.0,6559,9,6560.0,290.0,0.0,0.0,6558.5,0.0
0,925200,JAMS,6558.0,201.0,0.0,0.0,0.0,0.0,6560,201,0.0,0.0,0.0,0.0,6559.0,0.0
0,925300,JAMS,6558.0,181.0,0.0,0.0,0.0,0.0,6560,181,0.0,0.0,0.0,0.0,6559.0,0.0
0,925400,JAMS,6558.0,171.0,0.0,0.0,0.0,0.0,6560,171,0.0,0.0,0.0,0.0,6559.0,0.0
0,925500,JAMS,6558.0,185.0,0.0,0.0,0.0,0.0,6560,185,0.0,0.0,0.0,0.0,6559.0,0.0
0,925600,JAMS,6559.0,54.0,6558.0,139.0,0.0,0.0,6560,54,6561.0,139.0,0.0,0.0,6559.5,0.0
0,925700,JAMS,6558.0,213.0,0.0,0.0,0.0,0.0,6560,213,0.0,0.0,0.0,0.0,6559.0,0.0
0,925800,JAMS,6559.0,12.0,6558.0,227.0,0.0,0.0,6560,227,0.0,0.0,0.0,0.0,6559.5,0.0
0,925900,JAMS,6558.0,266.0,0.0,0.0,0.0,0.0,6560,266,0.0,0.0,0.0,0.0,6559.0,0.0
0,926000,JAMS,6558.0,208.0,0.0,0.0,0.0,0.0,6559,4,6560.0,208.0,0.0,0.0,6558.5,0.0
0,926100,JAMS,6559.0,55.0,6558.0,108.0,0.0,0.0,6560,55,6561.0,108.0,0.0,0.0,6559.5,0.0
0,926200,JAMS,6558.0,82.0,6557.0,164.0,0.0,0.0,6559,82,6560.0,164.0,0.0,0.0,6558.5,0.0
0,926300,JAMS,6558.0,76.0,6557.0,130.0,0.0,0.0,6559,76,6560.0,130.0,0.0,0.0,6558.5,0.0
0,926400,JAMS,6558.0,63.0,6557.0,173.0,0.0,0.0,6559,63,6560.0,173.0,0.0,0.0,6558.5,0.0
0,926500,JAMS,6557.0,281.0,0.0,0.0,0.0,0.0,6559,281,0.0,0.0,0.0,0.0,6558.0,0.0
0,926600,JAMS,6557.0,249.0,0.0,0.0,0.0,0.0,6559,249,0.0,0.0,0.0,0.0,6558.0,0.0
0,926700,JAMS,6557.0,214.0,0.0,0.0,0.0,0.0,6559,214,0.0,0.0,0.0,0.0,6558.0,0.0
0,926800,JAMS,6557.0,281.0,0.0,0.0,0.0,0.0,6559,281,0.0,0.0,0.0,0.0,6558.0,0.0
0,926900,JAMS,6557.0,241.0,0.0,0.0,0.0,0.0,6559,241,0.0,0.0,0.0,0.0,6558.0,0.0
0,927000,JAMS,6557.0,82.0,6556.0,196.0,0.0,0.0,6558,82,6559.0,196.0,0.0,0.0,6557.5,0.0
0,927100,JAMS,6557.0,162.0,0.0,0.0,0.0,0.0,6559,162,0.0,0.0,0.0,0.0,6558.0,0.0
0,927200,JAMS,6557.0,259.0,0.0,0.0,0.0,0.0,6559,259,0.0,0.0,0.0,0.0,6558.0,0.0
0,927300,JAMS,6557.0,237.0,0.0,0.0,0.0,0.0,6559,237,0.0,0.0,0.0,0.0,6558.0,0.0
0,927400,JAMS,6556.0,253.0,0.0,0.0,0.0,0.0,6558,253,0.0,0.0,0.0,0.0,6557.0,0.0
0,927500,JAMS,6556.0,165.0,0.0,0.0,0.0,0.0,6558,165,0.0,0.0,0.0,0.0,6557.0,0.0
0,927600,JAMS,6555.0,230.0,0.0,0.0,0.0,0.0,6556,11,6557.0,230.0,0.0,0.0,6555.5,0.0
0,927700,JAMS,6555.0,198.0,0.0,0.0,0.0,0.0,6557,198,0.0,0.0,0.0,0.0,6556.0,0.0
0,927800,JAMS,6556.0,12.0,6555.0,232.0,0.0,0.0,6557,232,0.0,0.0,0.0,0.0,6556.5,0.0
0,927900,JAMS,6556.0,84.0,6555.0,162.0,0.0,0.0,6557,84,6558.0,162.0,0.0,0.0,6556.5,0.0
0,928000,JAMS,6555.0,175.0,0.0,0.0,0.0,0.0,6557,175,0.0,0.0,0.0,0.0,6556.0,0.0
0,928100,JAMS,6555.0,244.0,0.0,0.0,0.0,0.0,6557,244,0.0,0.0,0.0,0.0,6556.0,0.0
0,928200,JAMS,6555.0,198.0,0.0,0.0,0.0,0.0,6557,198,0.0,0.0,0.0,0.0,6556.0,0.0
0,928300,JAMS,6556.0,53.0,6555.0,116.0,0.0,0.0,6557,56,6558.0,116.0,0.0,0.0,6556.5,0.0
0,928400,JAMS,6556.0,224.0,0.0,0.0,0.0,0.0,6558,224,0.0,0.0,0.0,0.0,6557.0,0.0
0,928500,JAMS,6556.0,225.0,0.0,0.0,0.0,0.0,6558,225,0.0,0.0,0.0,0.0,6557.0,0.0
0,928600,JAMS,6556.0,207.0,0.0,0.0,0.0,0.0,6558,207,0.0,0.0,0.0,0.0,6557.0,0.0
0,928700,JAMS,6556.0,222.0,0.0,0.0,0.0,0.0,6558,222,0.0,0.0,0.0,0.0,6557.0,0.0
0,928800,JAMS,6556.0,208.0,0.0,0.0,0.0,0.0,6558,208,0.0,0.0,0.0,0.0,6557.0,0.0
0,928900,JAMS,6556.0,54.0,6555.0,138.0,0.0,0.0,6557,54,6558.0,138.0,0.0,0.0,6556.5,0.0
0,929000,JAMS,6556.0,172.0,0.0,0.0,0.0,0.0,6558,172,0.0,0.0,0.0,0.0,6557.0,0.0
0,929100,JAMS,6557.0,54.0,6556.0,193.0,0.0,0.0,6558,60,6559.0,193.0,0.0,0.0,6557.5,0.0
0,929200,JAMS,6557.0,53.0,6556.0,141.0,0.0,0.0,6558,53,6559.0,141.0,0.0,0.0,6557.5,0.0
0,929300,JAMS,6557.0,198.0,0.0,0.0,0.0,0.0,6559,198,0.0,0.0,0.0,0.0,6558.0,0.0
0,929400,JAMS,6558.0,251.0,0.0,0.0,0.0,0.0,6560,251,0.0,0.0,0.0,0.0,6559.0,0.0
0,929500,JAMS,6558.0,178.0,0.0,0.0,0.0,0.0,6560,178,0.0,0.0,0.0,0.0,6559.0,0.0
0,929600,JAMS,6558.0,169.0,0.0,0.0,0.0,0.0,6560,169,0.0,0.0,0.0,0.0,6559.0,0.0
0,929700,JAMS,6558.0,229.0,0.0,0.0,0.0,0.0,6560,229,0.0,0.0,0.0,0.0,6559.0,0.0
0,929800,JAMS,6558.0,208.0,0.0,0.0,0.0,0.0,6560,208,0.0,0.0,0.0,0.0,6559.0,0.0
0,929900,JAMS,6558.0,75.0,6557.0,200.0,0.0,0.0,6559,75,6560.0,200.0,0.0,0.0,6558.5,0.0
0,930000,JAMS,6558.0,86.0,6557.0,160.0,0.0,0.0,6559,86,6560.0,160.0,0.0,0.0,6558.5,0.0
0,930100,JAMS,6558.0,78.0,6557.0,134.0,0.0,0.0,6559,78,6560.0,134.0,0.0,0.0,6558.5,0.0
0,930200,JAMS,6558.0,169.0,0.0,0.0,0.0,0.0,6560,169,0.0,0.0,0.0,0.0,6559.0,0.0
0,930300,JAMS,6558.0,260.0,0.0,0.0,0.0,0.0,6560,260,0.0,0.0,0.0,0.0,6559.0,0.0
0,930400,JAMS,6559.0,82.0,6558.0,137.0,0.0,0.0,6560,82,6561.0,137.0,0.0,0.0,6559.5,0.0
0,930500,JAMS,6560.0,93.0,6559.0,132.0,0.0,0.0,6561,93,6562.0,132.0,0.0,0.0,6560.5,0.0
0,930600,JAMS,6560.0,287.0,0.0,0.0,0.0,0.0,6562,287,0.0,0.0,0.0,0.0,6561.0,0.0
0,930700,JAMS,6561.0,230.0,0.0,0.0,0.0,0.0,6563,230,0.0,0.0,0.0,0.0,6562.0,0.0
0,930800,JAMS,6561.0,204.0,0.0,0.0,0.0,0.0,6563,204,0.0,0.0,0.0,0.0,6562.0,0.0
0,930900,JAMS,6562.0,262.0,0.0,0.0,0.0,0.0,6564,262,0.0,0.0,0.0,0.0,6563.0,0.0
0,931000,JAMS,6563.0,216.0,0.0,0.0,0.0,0.0,6565,216,0.0,0.0,0.0,0.0,6564.0,0.0
0,931100,JAMS,6564.0,222.0,0.0,0.0,0.0,0.0,6566,222,0.0,0.0,0.0,0.0,6565.0,0.0
0,931200,JAMS,6564.0,222.0,0.0,0.0,0.0,0.0,6566,222,0.0,0.0,0.0,0.0,6565.0,0.0
0,931300,JAMS,6565.0,60.0,6564.0,170.0,0.0,0.0,6566,60,6567.0,170.0,0.0,0.0,6565.5,0.0
0,931400,JAMS,6565.0,96.0,6564.0,169.0,0.0,0.0,6566,96,6567.0,169.0,0.0,0.0,6565.5,0.0
0,931500,JAMS,6564.0,89.0,6563.0,177.0,0.0,0.0,6565,89,6566.0,177.0,0.0,0.0,6564.5,0.0
0,931600,JAMS,6563.0,76.0,6562.0,157.0,0.0,0.0,6564,76,6565.0,157.0,0.0,0.0,6563.5,0.0
0,931700,JAMS,6563.0,199.0,0.0,0.0,0.0,0.0,6565,194,0.0,0.0,0.0,0.0,6564.0,0.0
0,931800,JAMS,6561.0,64.0,6560.0,113.0,0.0,0.0,6562,64,6563.0,113.0,0.0,0.0,6561.5,0.0
0,931900,JAMS,6561.0,282.0,0.0,0.0,0.0,0.0,6563,282,0.0,0.0,0.0,0.0,6562.0,0.0
0,932000,JAMS,6561.0,67.0,6560.0,100.0,0.0,0.0,6562,67,6563.0,100.0,0.0,0.0,6561.5,0.0
0,932100,JAMS,6561.0,222.0,0.0,0.0,0.0,0.0,6563,222,0.0,0.0,0.0,0.0,6562.0,0.0
0,932200,JAMS,6562.0,233.0,0.0,0.0,0.0,0.0,6564,233,0.0,0.0,0.0,0.0,6563.0,0.0
0,932300,JAMS,6563.0,221.0,0.0,0.0,0.0,0.0,6565,221,0.0,0.0,0.0,0.0,6564.0,0.0
0,932400,JAMS,6564.0,207.0,0.0,0.0,0.0,0.0,6566,207,0.0,0.0,0.0,0.0,6565.0,0.0
0,932500,JAMS,6564.0,192.0,0.0,0.0,0.0,0.0,6566,192,0.0,0.0,0.0,0.0,6565.0,0.0
0,932600,JAMS,6564.0,71.0,6563.0,169.0,0.0,0.0,6565,71,6566.0,169.0,0.0,0.0,6564.5,0.0
0,932700,JAMS,6564.0,197.0,0.0,0.0,0.0,0.0,6566,206,0.0,0.0,0.0,0.0,6565.0,0.0
0,932800,JAMS,6564.0,274.0,0.0,0.0,0.0,0.0,6566,274,0.0,0.0,0.0,0.0,6565.0,0.0
0,932900,JAMS,6563.0,166.0,0.0,0.0,0.0,0.0,6564,8,6565.0,166.0,0.0,0.0,6563.5,0.0
0,933000,JAMS,6563.0,245.0,0.0,0.0,0.0,0.0,6565,245,0.0,0.0,0.0,0.0,6564.0,0.0
0,933100,JAMS,6563.0,219.0,0.0,0.0,0.0,0.0,6565,219,0.0,0.0,0.0,0.0,6564.0,0.0
0,933200,JAMS,6563.0,201.0,0.0,0.0,0.0,0.0,6565,201,0.0,0.0,0.0,0.0,6564.0,0.0
0,933300,JAMS,6564.0,88.0,6563.0,124.0,0.0,0.0,6565,88,6566.0,124.0,0.0,0.0,6564.5,0.0
0,933400,JAMS,6563.0,244.0,0.0,0.0,0.0,0.0,6564,11,6565.0,244.0,0.0,0.0,6563.5,0.0
0,933500,JAMS,6562.0,203.0,0.0,0.0,0.0,0.0,6564,203,0.0,0.0,0.0,0.0,6563.0,0.0
0,933600,JAMS,6563.0,86.0,6562.0,177.0,0.0,0.0,6564,86,6565.0,177.0,0.0,0.0,6563.5,0.0
0,933700,JAMS,6563.0,93.0,6562.0,191.0,0.0,0.0,6564,93,6565.0,191.0,0.0,0.0,6563.5,0.0
0,933800,JAMS,6562.0,205.0,0.0,0.0,0.0,0.0,6564,205,0.0,0.0,0.0,0.0,6563.0,0.0
0,933900,JAMS,6563.0,9.0,6562.0,217.0,0.0,0.0,6564,217,0.0,0.0,0.0,0.0,6563.5,0.0
0,934000,JAMS,6562.0,189.0,0.0,0.0,0.0,0.0,6564,189,0.0,0.0,0.0,0.0,6563.0,0.0
0,934100,JAMS,6562.0,210.0,0.0,0.0,0.0,0.0,6564,210,0.0,0.0,0.0,0.0,6563.0,0.0
0,934200,JAMS,6562.0,215.0,0.0,0.0,0.0,0.0,6564,215,0.0,0.0,0.0,0.0,6563.0,0.0
0,934300,JAMS,6562.0,62.0,6561.0,156.0,0.0,0.0,6563,218,0.0,0.0,0.0,0.0,6562.5,0.0
0,934400,JAMS,6562.0,76.0,6561.0,124.0,0.0,0.0,6563,76,6564.0,124.0,0.0,0.0,6562.5,0.0
0,934500,JAMS,6562.0,100.0,6561.0,197.0,0.0,0.0,6563,100,6564.0,197.0,0.0,0.0,6562.5,0.0
0,934600,JAMS,6562.0,99.0,6561.0,180.0,0.0,0.0,6563,99,6564.0,180.0,0.0,0.0,6562.5,0.0
0,934700,JAMS,6562.0,82.0,6561.0,189.0,0.0,0.0,6563,82,6564.0,189.0,0.0,0.0,6562.5,0.0
0,934800,JAMS,6562.0,190.0,0.0,0.0,0.0,0.0,6564,190,0.0,0.0,0.0,0.0,6563.0,0.0
0,934900,JAMS,6562.0,85.0,6561.0,135.0,0.0,0.0,6563,85,6564.0,135.0,0.0,0.0,6562.5,0.0
0,935000,JAMS,6562.0,250.0,0.0,0.0,0.0,0.0,6564,250,0.0,0.0,0.0,0.0,6563.0,0.0
0,935100,JAMS,6562.0,74.0,6561.0,164.0,0.0,0.0,6563,74,6564.0,164.0,0.0,0.0,6562.5,0.0
0,935200,JAMS,6562.0,93.0,6561.0,191.0,0.0,0.0,6563,93,6564.0,191.0,0.0,0.0,6562.5,0.0
0,935300,JAMS,6561.0,192.0,0.0,0.0,0.0,0.0,6563,192,0.0,0.0,0.0,0.0,6562.0,0.0
0,935400,JAMS,6562.0,59.0,6561.0,120.0,0.0,0.0,6563,50,6564.0,120.0,0.0,0.0,6562.5,0.0
0,935500,JAMS,6561.0,203.0,0.0,0.0,0.0,0.0,6563,203,0.0,0.0,0.0,0.0,6562.0,0.0
0,935600,JAMS,6561.0,234.0,0.0,0.0,0.0,0.0,6563,234,0.0,0.0,0.0,0.0,6562.0,0.0
0,935700,JAMS,6561.0,233.0,0.0,0.0,0.0,0.0,6563,233,0.0,0.0,0.0,0.0,6562.0,0.0
0,935800,JAMS,6561.0,83.0,6560.0,135.0,0.0,0.0,6562,83,6563.0,135.0,0.0,0.0,6561.5,0.0
0,935900,JAMS,6561.0,214.0,0.0,0.0,0.0,0.0,6563,214,0.0,0.0,0.0,0.0,6562.0,0.0
0,936000,JAMS,6561.0,210.0,0.0,0.0,0.0,0.0,6563,210,0.0,0.0,0.0,0.0,6562.0,0.0
0,936100,JAMS,6561.0,51.0,6560.0,113.0,0.0,0.0,6562,51,6563.0,113.0,0.0,0.0,6561.5,0.0
0,936200,JAMS,6561.0,93.0,6560.0,150.0,0.0,0.0,6562,93,6563.0,150.0,0.0,0.0,6561.5,0.0
0,936300,JAMS,6561.0,219.0,0.0,0.0,0.0,0.0,6563,219,0.0,0.0,0.0,0.0,6562.0,0.0
0,936400,JAMS,6561.0,233.0,0.0,0.0,0.0,0.0,6563,233,0.0,0.0,0.0,0.0,6562.0,0.0
0,936500,JAMS,6561.0,201.0,0.0,0.0,0.0,0.0,6563,201,0.0,0.0,0.0,0.0,6562.0,0.0
0,936600,JAMS,6562.0,56.0,6561.0,150.0,0.0,0.0,6563,56,6564.0,150.0,0.0,0.0,6562.5,0.0
0,936700,JAMS,6562.0,85.0,6561.0,152.0,0.0,0.0,6563,85,6564.0,152.0,0.0,0.0,6562.5,0.0
0,936800,JAMS,6562.0,92.0,6561.0,138.0,0.0,0.0,6563,92,6564.0,138.0,0.0,0.0,6562.5,0.0
0,936900,JAMS,6562.0,88.0,6561.0,187.0,0.0,0.0,6563,88,6564.0,187.0,0.0,0.0,6562.5,0.0
0,937000,JAMS,6562.0,178.0,0.0,0.0,0.0,0.0,6563,65,6564.0,107.0,0.0,0.0,6562.5,0.0
0,937100,JAMS,6561.0,209.0,0.0,0.0,0.0,0.0,6563,209,0.0,0.0,0.0,0.0,6562.0,0.0
0,937200,JAMS,6561.0,217.0,0.0,0.0,0.0,0.0,6563,217,0.0,0.0,0.0,0.0,6562.0,0.0
0,937300,JAMS,6562.0,99.0,6561.0,128.0,0.0,0.0,6563,99,6564.0,128.0,0.0,0.0,6562.5,0.0
0,937400,JAMS,6561.0,239.0,0.0,0.0,0.0,0.0,6563,239,0.0,0.0,0.0,0.0,6562.0,0.0
0,937500,JAMS,6562.0,95.0,6561.0,119.0,0.0,0.0,6563,95,6564.0,119.0,0.0,0.0,6562.5,0.0
0,937600,JAMS,6561.0,254.0,0.0,0.0,0.0,0.0,6563,254,0.0,0.0,0.0,0.0,6562.0,0.0
0,937700,JAMS,6561.0,236.0,0.0,0.0,0.0,0.0,6563,236,0.0,0.0,0.0,0.0,6562.0,0.0
0,937800,JAMS,6560.0,182.0,0.0,0.0,0.0,0.0,6562,182,0.0,0.0,0.0,0.0,6561.0,0.0
0,937900,JAMS,6561.0,99.0,6560.0,148.0,0.0,0.0,6562,99,6563.0,148.0,0.0,0.0,6561.5,0.0
0,938000,JAMS,6562.0,291.0,0.0,0.0,0.0,0.0,6564,291,0.0,0.0,0.0,0.0,6563.0,0.0
0,938100,JAMS,6562.0,204.0,0.0,0.0,0.0,0.0,6564,204,0.0,0.0,0.0,0.0,6563.0,0.0
0,938200,JAMS,6562.0,280.0,0.0,0.0,0.0,0.0,6564,280,0.0,0.0,0.0,0.0,6563.0,0.0
0,938300,JAMS,6563.0,86.0,6562.0,130.0,0.0,0.0,6564,86,6565.0,130.0,0.0,0.0,6563.5,0.0
0,938400,JAMS,6563.0,76.0,6562.0,157.0,0.0,0.0,6564,76,6565.0,157.0,0.0,0.0,6563.5,0.0
0,938500,JAMS,6562.0,268.0,0.0,0.0,0.0,0.0,6564,268,0.0,0.0,0.0,0.0,6563.0,0.0
0,938600,JAMS,6563.0,77.0,6562.0,148.0,0.0,0.0,6564,77,6565.0,148.0,0.0,0.0,6563.5,0.0
0,938700,JAMS,6563.0,81.0,6562.0,149.0,0.0,0.0,6564,81,6565.0,149.0,0.0,0.0,6563.5,0.0
0,938800,JAMS,6563.0,60.0,6562.0,179.0,0.0,0.0,6564,60,6565.0,179.0,0.0,0.0,6563.5,0.0
0,938900,JAMS,6562.0,195.0,0.0,0.0,0.0,0.0,6564,203,0.0,0.0,0.0,0.0,6563.0,0.0
0,939000,JAMS,6562.0,207.0,0.0,0.0,0.0,0.0,6564,207,0.0,0.0,0.0,0.0,6563.0,0.0
0,939100,JAMS,6562.0,226.0,0.0,0.0,0.0,0.0,6564,226,0.0,0.0,0.0,0.0,6563.0,0.0
0,939200,JAMS,6562.0,247.0,0.0,0.0,0.0,0.0,6564,247,0.0,0.0,0.0,0.0,6563.0,0.0
0,939300,JAMS,6562.0,201.0,0.0,0.0,0.0,0.0,6564,201,0.0,0.0,0.0,0.0,6563.0,0.0
0,939400,JAMS,6562.0,265.0,0.0,0.0,0.0,0.0,6564,265,0.0,0.0,0.0,0.0,6563.0,0.0
0,939500,JAMS,6562.0,82.0,6561.0,112.0,0.0,0.0,6563,82,6564.0,112.0,0.0,0.0,6562.5,0.0
0,939600,JAMS,6562.0,207.0,0.0,0.0,0.0,0.0,6564,207,0.0,0.0,0.0,0.0,6563.0,0.0
0,939700,JAMS,6562.0,176.0,0.0,0.0,0.0,0.0,6564,182,0.0,0.0,0.0,0.0,6563.0,0.0
0,939800,JAMS,6562.0,233.0,0.0,0.0,0.0,0.0,6564,233,0.0,0.0,0.0,0.0,6563.0,0.0
0,939900,JAMS,6562.0,273.0,0.0,0.0,0.0,0.0,6564,273,0.0,0.0,0.0,0.0,6563.0,0.0
0,940000,JAMS,6562.0,198.0,0.0,0.0,0.0,0.0,6564,198,0.0,0.0,0.0,0.0,6563.0,0.0
0,940100,JAMS,6562.0,187.0,0.0,0.0,0.0,0.0,6564,187,0.0,0.0,0.0,0.0,6563.0,0.0
0,940200,JAMS,6562.0,189.0,0.0,0.0,0.0,0.0,6564,189,0.0,0.0,0.0,0.0,6563.0,0.0
0,940300,JAMS,6562.0,178.0,0.0,0.0,0.0,0.0,6564,178,0.0,0.0,0.0,0.0,6563.0,0.0
0,940400,JAMS,6563.0,251.0,0.0,0.0,0.0,0.0,6565,251,0.0,0.0,0.0,0.0,6564.0,0.0
0,940500,JAMS,6563.0,204.0,0.0,0.0,0.0,0.0,6565,207,0.0,0.0,0.0,0.0,6564.0,0.0
0,940600,JAMS,6564.0,5.0,6563.0,259.0,0.0,0.0,6565,259,0.0,0.0,0.0,0.0,6564.5,0.0
0,940700,JAMS,6563.0,182.0,0.0,0.0,0.0,0.0,6565,182,0.0,0.0,0.0,0.0,6564.0,0.0
0,940800,JAMS,6563.0,197.0,0.0,0.0,0.0,0.0,6565,197,0.0,0.0,0.0,0.0,6564.0,0.0
0,940900,JAMS,6563.0,84.0,6562.0,142.0,0.0,0.0,6564,84,6565.0,142.0,0.0,0.0,6563.5,0.0
0,941000,JAMS,6563.0,60.0,6562.0,181.0,0.0,0.0,6564,60,6565.0,181.0,0.0,0.0,6563.5,0.0
0,941100,JAMS,6563.0,97.0,6562.0,138.0,0.0,0.0,6564,97,6565.0,138.0,0.0,0.0,6563.5,0.0
0,941200,JAMS,6563.0,258.0,0.0,0.0,0.0,0.0,6565,252,0.0,0.0,0.0,0.0,6564.0,0.0
0,941300,JAMS,6564.0,233.0,0.0,0.0,0.0,0.0,6566,233,0.0,0.0,0.0,0.0,6565.0,0.0
0,941400,JAMS,6565.0,87.0,6564.0,133.0,0.0,0.0,6566,87,6567.0,133.0,0.0,0.0,6565.5,0.0
0,941500,JAMS,6565.0,194.0,0.0,0.0,0.0,0.0,6567,194,0.0,0.0,0.0,0.0,6566.0,0.0
0,941600,JAMS,6565.0,221.0,0.0,0.0,0.0,0.0,6567,221,0.0,0.0,0.0,0.0,6566.0,0.0
0,941700,JAMS,6566.0,79.0,6565.0,185.0,0.0,0.0,6567,88,6568.0,185.0,0.0,0.0,6566.5,0.0
0,941800,JAMS,6566.0,79.0,6565.0,122.0,0.0,0.0,6567,71,6568.0,122.0,0.0,0.0,6566.5,0.0
0,941900,JAMS,6566.0,72.0,6565.0,166.0,0.0,0.0,6567,72,6568.0,166.0,0.0,0.0,6566.5,0.0
0,942000,JAMS,6565.0,218.0,0.0,0.0,0.0,0.0,6567,218,0.0,0.0,0.0,0.0,6566.0,0.0
0,942100,JAMS,6565.0,250.0,0.0,0.0,0.0,0.0,6567,250,0.0,0.0,0.0,0.0,6566.0,0.0
0,942200,JAMS,6565.0,196.0,0.0,0.0,0.0,0.0,6567,196,0.0,0.0,0.0,0.0,6566.0,0.0
0,942300,JAMS,6565.0,206.0,0.0,0.0,0.0,0.0,6567,206,0.0,0.0,0.0,0.0,6566.0,0.0
0,942400,JAMS,6565.0,260.0,0.0,0.0,0.0,0.0,6567,260,0.0,0.0,0.0,0.0,6566.0,0.0
0,942500,JAMS,6565.0,252.0,0.0,0.0,0.0,0.0,6567,252,0.0,0.0,0.0,0.0,6566.0,0.0
0,942600,JAMS,6565.0,275.0,0.0,0.0,0.0,0.0,6567,275,0.0,0.0,0.0,0.0,6566.0,0.0
0,942700,JAMS,6566.0,91.0,6565.0,119.0,0.0,0.0,6567,91,6568.0,119.0,0.0,0.0,6566.5,0.0
0,942800,JAMS,6565.0,232.0,0.0,0.0,0.0,0.0,6567,232,0.0,0.0,0.0,0.0,6566.0,0.0
0,942900,JAMS,6565.0,242.0,0.0,0.0,0.0,0.0,6567,242,0.0,0.0,0.0,0.0,6566.0,0.0
0,943000,JAMS,6566.0,3.0,6565.0,217.0,0.0,0.0,6567,217,0.0,0.0,0.0,0.0,6566.5,0.0
0,943100,JAMS,6565.0,231.0,0.0,0.0,0.0,0.0,6567,231,0.0,0.0,0.0,0.0,6566.0,0.0
0,943200,JAMS,6565.0,262.0,0.0,0.0,0.0,0.0,6567,262,0.0,0.0,0.0,0.0,6566.0,0.0
0,943300,JAMS,6565.0,276.0,0.0,0.0,0.0,0.0,6567,276,0.0,0.0,0.0,0.0,6566.0,0.0
0,943400,JAMS,6565.0,193.0,0.0,0.0,0.0,0.0,6567,193,0.0,0.0,0.0,0.0,6566.0,0.0
0,943500,JAMS,6565.0,161.0,0.0,0.0,0.0,0.0,6567,161,0.0,0.0,0.0,0.0,6566.0,0.0
0,943600,JAMS,6565.0,284.0,0.0,0.0,0.0,0.0,6567,284,0.0,0.0,0.0,0.0,6566.0,0.0
0,943700,JAMS,6566.0,11.0,6565.0,288.0,0.0,0.0,6567,288,0.0,0.0,0.0,0.0,6566.5,0.0
0,943800,JAMS,6565.0,245.0,0.0,0.0,0.0,0.0,6567,245,0.0,0.0,0.0,0.0,6566.0,0.0
0,943900,JAMS,6566.0,79.0,6565.0,195.0,0.0,0.0,6567,79,6568.0,195.0,0.0,0.0,6566.5,0.0
0,944000,JAMS,6565.0,267.0,0.0,0.0,0.0,0.0,6567,267,0.0,0.0,0.0,0.0,6566.0,0.0
0,944100,JAMS,6566.0,65.0,6565.0,192.0,0.0,0.0,6567,257,0.0,0.0,0.0,0.0,6566.5,0.0
0,944200,JAMS,6566.0,228.0,0.0,0.0,0.0,0.0,6568,228,0.0,0.0,0.0,0.0,6567.0,0.0
0,944300,JAMS,6566.0,241.0,0.0,0.0,0.0,0.0,6568,241,0.0,0.0,0.0,0.0,6567.0,0.0
0,944400,JAMS,6566.0,242.0,0.0,0.0,0.0,0.0,6568,242,0.0,0.0,0.0,0.0,6567.0,0.0
0,944500,JAMS,6566.0,201.0,0.0,0.0,0.0,0.0,6568,201,0.0,0.0,0.0,0.0,6567.0,0.0
0,944600,JAMS,6566.0,173.0,0.0,0.0,0.0,0.0,6568,173,0.0,0.0,0.0,0.0,6567.0,0.0
0,944700,JAMS,6565.0,224.0,0.0,0.0,0.0,0.0,6567,224,0.0,0.0,0.0,0.0,6566.0,0.0
0,944800,JAMS,6566.0,97.0,6565.0,195.0,0.0,0.0,6567,97,6568.0,195.0,0.0,0.0,6566.5,0.0
0,944900,JAMS,6565.0,229.0,0.0,0.0,0.0,0.0,6567,229,0.0,0.0,0.0,0.0,6566.0,0.0
0,945000,JAMS,6566.0,96.0,6565.0,178.0,0.0,0.0,6567,96,6568.0,178.0,0.0,0.0,6566.5,0.0
0,945100,JAMS,6566.0,232.0,0.0,0.0,0.0,0.0,6568,232,0.0,0.0,0.0,0.0,6567.0,0.0
0,945200,JAMS,6566.0,211.0,0.0,0.0,0.0,0.0,6568,211,0.0,0.0,0.0,0.0,6567.0,0.0
0,945300,JAMS,6566.0,227.0,0.0,0.0,0.0,0.0,6568,227,0.0,0.0,0.0,0.0,6567.0,0.0
0,945400,JAMS,6567.0,86.0,6566.0,146.0,0.0,0.0,6568,79,6569.0,146.0,0.0,0.0,6567.5,0.0
0,945500,JAMS,6567.0,288.0,0.0,0.0,0.0,0.0,6569,288,0.0,0.0,0.0,0.0,6568.0,0.0
0,945600,JAMS,6567.0,237.0,0.0,0.0,0.0,0.0,6569,237,0.0,0.0,0.0,0.0,6568.0,0.0
0,945700,JAMS,6568.0,83.0,6567.0,106.0,0.0,0.0,6569,83,6570.0,106.0,0.0,0.0,6568.5,0.0
0,945800,JAMS,6568.0,90.0,6567.0,176.0,0.0,0.0,6569,90,6570.0,176.0,0.0,0.0,6568.5,0.0
0,945900,JAMS,6567.0,240.0,0.0,0.0,0.0,0.0,6569,240,0.0,0.0,0.0,0.0,6568.0,0.0
0,946000,JAMS,6567.0,226.0,0.0,0.0,0.0,0.0,6569,226,0.0,0.0,0.0,0.0,6568.0,0.0
0,946100,JAMS,6567.0,241.0,0.0,0.0,0.0,0.0,6569,241,0.0,0.0,0.0,0.0,6568.0,0.0
0,946200,JAMS,6567.0,55.0,6566.0,159.0,0.0,0.0,6568,55,6569.0,159.0,0.0,0.0,6567.5,0.0
0,946300,JAMS,6567.0,78.0,6566.0,108.0,0.0,0.0,6568,78,6569.0,108.0,0.0,0.0,6567.5,0.0
0,946400,JAMS,6566.0,97.0,6565.0,140.0,0.0,0.0,6567,97,6568.0,140.0,0.0,0.0,6566.5,0.0
0,946500,JAMS,6567.0,63.0,6566.0,178.0,0.0,0.0,6568,63,6569.0,178.0,0.0,0.0,6567.5,0.0
0,946600,JAMS,6567.0,254.0,0.0,0.0,0.0,0.0,6568,95,6569.0,159.0,0.0,0.0,6567.5,0.0
0,946700,JAMS,6567.0,223.0,0.0,0.0,0.0,0.0,6569,223,0.0,0.0,0.0,0.0,6568.0,0.0
0,946800,JAMS,6566.0,156.0,0.0,0.0,0.0,0.0,6568,156,0.0,0.0,0.0,0.0,6567.0,0.0
0,946900,JAMS,6566.0,211.0,0.0,0.0,0.0,0.0,6568,211,0.0,0.0,0.0,0.0,6567.0,0.0
0,947000,JAMS,6567.0,194.0,0.0,0.0,0.0,0.0,6569,194,0.0,0.0,0.0,0.0,6568.0,0.0
0,947100,JAMS,6567.0,76.0,6566.0,125.0,0.0,0.0,6568,76,6569.0,125.0,0.0,0.0,6567.5,0.0
0,947200,JAMS,6567.0,195.0,0.0,0.0,0.0,0.0,6569,195,0.0,0.0,0.0,0.0,6568.0,0.0
0,947300,JAMS,6567.0,264.0,0.0,0.0,0.0,0.0,6568,11,6569.0,264.0,0.0,0.0,6567.5,0.0
0,947400,JAMS,6567.0,243.0,0.0,0.0,0.0,0.0,6569,243,0.0,0.0,0.0,0.0,6568.0,0.0
0,947500,JAMS,6569.0,91.0,6568.0,157.0,0.0,0.0,6570,84,6571.0,157.0,0.0,0.0,6569.5,0.0
0,947600,JAMS,6572.0,64.0,6571.0,166.0,0.0,0.0,6573,64,6574.0,166.0,0.0,0.0,6572.5,0.0
0,947700,JAMS,6570.0,187.0,0.0,0.0,0.0,0.0,6571,5,6572.0,187.0,0.0,0.0,6570.5,0.0
0,947800,JAMS,6570.0,232.0,0.0,0.0,0.0,0.0,6572,232,0.0,0.0,0.0,0.0,6571.0,0.0
0,947900,JAMS,6570.0,254.0,0.0,0.0,0.0,0.0,6571,83,6572.0,177.0,0.0,0.0,6570.5,0.0
0,948000,JAMS,6570.0,237.0,0.0,0.0,0.0,0.0,6572,237,0.0,0.0,0.0,0.0,6571.0,0.0
0,948100,JAMS,6570.0,233.0,0.0,0.0,0.0,0.0,6572,233,0.0,0.0,0.0,0.0,6571.0,0.0
0,948200,JAMS,6570.0,73.0,6569.0,139.0,0.0,0.0,6571,73,6572.0,139.0,0.0,0.0,6570.5,0.0
0,948300,JAMS,6570.0,193.0,0.0,0.0,0.0,0.0,6572,193,0.0,0.0,0.0,0.0,6571.0,0.0
0,948400,JAMS,6570.0,273.0,0.0,0.0,0.0,0.0,6572,273,0.0,0.0,0.0,0.0,6571.0,0.0
0,948500,JAMS,6570.0,57.0,6569.0,180.0,0.0,0.0,6571,57,6572.0,180.0,0.0,0.0,6570.5,0.0
0,948600,JAMS,6569.0,157.0,0.0,0.0,0.0,0.0,6571,157,0.0,0.0,0.0,0.0,6570.0,0.0
0,948700,JAMS,6569.0,250.0,0.0,0.0,0.0,0.0,6571,250,0.0,0.0,0.0,0.0,6570.0,0.0
0,948800,JAMS,6569.0,244.0,0.0,0.0,0.0,0.0,6571,244,0.0,0.0,0.0,0.0,6570.0,0.0
0,948900,JAMS,6570.0,236.0,0.0,0.0,0.0,0.0,6572,236,0.0,0.0,0.0,0.0,6571.0,0.0
0,949000,JAMS,6570.0,219.0,0.0,0.0,0.0,0.0,6572,219,0.0,0.0,0.0,0.0,6571.0,0.0
0,949100,JAMS,6570.0,184.0,0.0,0.0,0.0,0.0,6572,184,0.0,0.0,0.0,0.0,6571.0,0.0
0,949200,JAMS,6570.0,237.0,0.0,0.0,0.0,0.0,6572,237,0.0,0.0,0.0,0.0,6571.0,0.0
0,949300,JAMS,6571.0,63.0,6570.0,129.0,0.0,0.0,6572,63,6573.0,129.0,0.0,0.0,6571.5,0.0
0,949400,JAMS,6571.0,82.0,6570.0,122.0,0.0,0.0,6572,82,6573.0,122.0,0.0,0.0,6571.5,0.0
0,949500,JAMS,6570.0,193.0,0.0,0.0,0.0,0.0,6572,193,0.0,0.0,0.0,0.0,6571.0,0.0
0,949600,JAMS,6570.0,66.0,6569.0,188.0,0.0,0.0,6571,66,6572.0,188.0,0.0,0.0,6570.5,0.0
0,949700,JAMS,6568.0,186.0,0.0,0.0,0.0,0.0,6570,186,0.0,0.0,0.0,0.0,6569.0,0.0
0,949800,JAMS,6567.0,171.0,0.0,0.0,0.0,0.0,6569,171,0.0,0.0,0.0,0.0,6568.0,0.0
0,949900,JAMS,6567.0,197.0,0.0,0.0,0.0,0.0,6569,197,0.0,0.0,0.0,0.0,6568.0,0.0
0,950000,JAMS,6567.0,170.0,0.0,0.0,0.0,0.0,6569,170,0.0,0.0,0.0,0.0,6568.0,0.0
0,950100,JAMS,6567.0,178.0,0.0,0.0,0.0,0.0,6569,178,0.0,0.0,0.0,0.0,6568.0,0.0
0,950200,JAMS,6567.0,212.0,0.0,0.0,0.0,0.0,6569,212,0.0,0.0,0.0,0.0,6568.0,0.0
0,950300,JAMS,6567.0,97.0,6566.0,158.0,0.0,0.0,6568,97,6569.0,158.0,0.0,0.0,6567.5,0.0
0,950400,JAMS,6567.0,67.0,6566.0,161.0,0.0,0.0,6568,67,6569.0,161.0,0.0,0.0,6567.5,0.0
0,950500,JAMS,6567.0,255.0,0.0,0.0,0.0,0.0,6569,255,0.0,0.0,0.0,0.0,6568.0,0.0
0,950600,JAMS,6567.0,61.0,6566.0,118.0,0.0,0.0,6568,61,6569.0,118.0,0.0,0.0,6567.5,0.0
0,950700,JAMS,6567.0,83.0,6566.0,156.0,0.0,0.0,6568,83,6569.0,156.0,0.0,0.0,6567.5,0.0
0,950800,JAMS,6567.0,74.0,6566.0,193.0,0.0,0.0,6568,74,6569.0,193.0,0.0,0.0,6567.5,0.0
0,950900,JAMS,6566.0,236.0,0.0,0.0,0.0,0.0,6568,236,0.0,0.0,0.0,0.0,6567.0,0.0
0,951000,JAMS,6566.0,238.0,0.0,0.0,0.0,0.0,6568,238,0.0,0.0,0.0,0.0,6567.0,0.0
0,951100,JAMS,6566.0,282.0,0.0,0.0,0.0,0.0,6568,282,0.0,0.0,0.0,0.0,6567.0,0.0
0,951200,JAMS,6566.0,252.0,0.0,0.0,0.0,0.0,6568,252,0.0,0.0,0.0,0.0,6567.0,0.0
0,951300,JAMS,6566.0,96.0,6565.0,115.0,0.0,0.0,6567,96,6568.0,115.0,0.0,0.0,6566.5,0.0
0,951400,JAMS,6566.0,64.0,6565.0,198.0,0.0,0.0,6567,64,6568.0,198.0,0.0,0.0,6566.5,0.0
0,951500,JAMS,6566.0,65.0,6565.0,112.0,0.0,0.0,6567,65,6568.0,112.0,0.0,0.0,6566.5,0.0
0,951600,JAMS,6565.0,175.0,0.0,0.0,0.0,0.0,6567,175,0.0,0.0,0.0,0.0,6566.0,0.0
0,951700,JAMS,6565.0,195.0,0.0,0.0,0.0,0.0,6567,195,0.0,0.0,0.0,0.0,6566.0,0.0
0,951800,JAMS,6565.0,201.0,0.0,0.0,0.0,0.0,6567,201,0.0,0.0,0.0,0.0,6566.0,0.0
0,951900,JAMS,6565.0,225.0,0.0,0.0,0.0,0.0,6567,225,0.0,0.0,0.0,0.0,6566.0,0.0
0,952000,JAMS,6566.0,50.0,6565.0,189.0,0.0,0.0,6567,50,6568.0,189.0,0.0,0.0,6566.5,0.0
0,952100,JAMS,6566.0,192.0,0.0,0.0,0.0,0.0,6568,192,0.0,0.0,0.0,0.0,6567.0,0.0
0,952200,JAMS,6566.0,97.0,6565.0,191.0,0.0,0.0,6567,97,6568.0,191.0,0.0,0.0,6566.5,0.0
0,952300,JAMS,6566.0,3.0,6565.0,224.0,0.0,0.0,6567,224,0.0,0.0,0.0,0.0,6566.5,0.0
0,952400,JAMS,6565.0,202.0,0.0,0.0,0.0,0.0,6567,213,0.0,0.0,0.0,0.0,6566.0,0.0
0,952500,JAMS,6564.0,196.0,0.0,0.0,0.0,0.0,6566,196,0.0,0.0,0.0,0.0,6565.0,0.0
0,952600,JAMS,6564.0,216.0,0.0,0.0,0.0,0.0,6566,216,0.0,0.0,0.0,0.0,6565.0,0.0
0,952700,JAMS,6564.0,231.0,0.0,0.0,0.0,0.0,6566,228,0.0,0.0,0.0,0.0,6565.0,0.0
0,952800,JAMS,6564.0,276.0,0.0,0.0,0.0,0.0,6565,92,6566.0,175.0,0.0,0.0,6564.5,0.0
0,952900,JAMS,6564.0,183.0,0.0,0.0,0.0,0.0,6566,183,0.0,0.0,0.0,0.0,6565.0,0.0
0,953000,JAMS,6564.0,57.0,6563.0,161.0,0.0,0.0,6565,57,6566.0,161.0,0.0,0.0,6564.5,0.0
0,953100,JAMS,6564.0,82.0,6563.0,143.0,0.0,0.0,6565,82,6566.0,143.0,0.0,0.0,6564.5,0.0
0,953200,JAMS,6564.0,282.0,0.0,0.0,0.0,0.0,6566,282,0.0,0.0,0.0,0.0,6565.0,0.0
0,953300,JAMS,6564.0,272.0,0.0,0.0,0.0,0.0,6566,272,0.0,0.0,0.0,0.0,6565.0,0.0
0,953400,JAMS,6564.0,252.0,0.0,0.0,0.0,0.0,6566,252,0.0,0.0,0.0,0.0,6565.0,0.0
0,953500,JAMS,6564.0,256.0,0.0,0.0,0.0,0.0,6566,256,0.0,0.0,0.0,0.0,6565.0,0.0
0,953600,JAMS,6564.0,186.0,0.0,0.0,0.0,0.0,6565,59,6566.0,127.0,0.0,0.0,6564.5,0.0
0,953700,JAMS,6563.0,199.0,0.0,0.0,0.0,0.0,6565,199,0.0,0.0,0.0,0.0,6564.0,0.0
0,953800,JAMS,6563.0,261.0,0.0,0.0,0.0,0.0,6565,261,0.0,0.0,0.0,0.0,6564.0,0.0
0,953900,JAMS,6563.0,66.0,6562.0,115.0,0.0,0.0,6564,63,6565.0,115.0,0.0,0.0,6563.5,0.0
0,954000,JAMS,6562.0,270.0,0.0,0.0,0.0,0.0,6564,270,0.0,0.0,0.0,0.0,6563.0,0.0
0,954100,JAMS,6562.0,239.0,0.0,0.0,0.0,0.0,6564,239,0.0,0.0,0.0,0.0,6563.0,0.0
0,954200,JAMS,6562.0,247.0,0.0,0.0,0.0,0.0,6564,247,0.0,0.0,0.0,0.0,6563.0,0.0
0,954300,JAMS,6562.0,232.0,0.0,0.0,0.0,0.0,6564,232,0.0,0.0,0.0,0.0,6563.0,0.0
0,954400,JAMS,6562.0,220.0,0.0,0.0,0.0,0.0,6564,220,0.0,0.0,0.0,0.0,6563.0,0.0
0,954500,JAMS,6562.0,252.0,0.0,0.0,0.0,0.0,6564,252,0.0,0.0,0.0,0.0,6563.0,0.0
0,954600,JAMS,6562.0,230.0,0.0,0.0,0.0,0.0,6564,230,0.0,0.0,0.0,0.0,6563.0,0.0
0,954700,JAMS,6562.0,241.0,0.0,0.0,0.0,0.0,6564,241,0.0,0.0,0.0,0.0,6563.0,0.0
0,954800,JAMS,6562.0,163.0,0.0,0.0,0.0,0.0,6564,163,0.0,0.0,0.0,0.0,6563.0,0.0
0,954900,JAMS,6562.0,248.0,0.0,0.0,0.0,0.0,6564,248,0.0,0.0,0.0,0.0,6563.0,0.0
0,955000,JAMS,6562.0,271.0,0.0,0.0,0.0,0.0,6564,271,0.0,0.0,0.0,0.0,6563.0,0.0
0,955100,JAMS,6562.0,173.0,0.0,0.0,0.0,0.0,6563,57,6564.0,116.0,0.0,0.0,6562.5,0.0
0,955200,JAMS,6561.0,190.0,0.0,0.0,0.0,0.0,6563,190,0.0,0.0,0.0,0.0,6562.0,0.0
0,955300,JAMS,6561.0,215.0,0.0,0.0,0.0,0.0,6563,215,0.0,0.0,0.0,0.0,6562.0,0.0
0,955400,JAMS,6562.0,203.0,0.0,0.0,0.0,0.0,6564,203,0.0,0.0,0.0,0.0,6563.0,0.0
0,955500,JAMS,6562.0,154.0,0.0,0.0,0.0,0.0,6564,154,0.0,0.0,0.0,0.0,6563.0,0.0
0,955600,JAMS,6562.0,85.0,6561.0,121.0,0.0,0.0,6563,85,6564.0,121.0,0.0,0.0,6562.5,0.0
0,955700,JAMS,6561.0,240.0,0.0,0.0,0.0,0.0,6563,240,0.0,0.0,0.0,0.0,6562.0,0.0
0,955800,JAMS,6561.0,204.0,0.0,0.0,0.0,0.0,6563,204,0.0,0.0,0.0,0.0,6562.0,0.0
0,955900,JAMS,6561.0,75.0,6560.0,111.0,0.0,0.0,6562,65,6563.0,111.0,0.0,0.0,6561.5,0.0
0,956000,JAMS,6560.0,215.0,0.0,0.0,0.0,0.0,6562,215,0.0,0.0,0.0,0.0,6561.0,0.0
0,956100,JAMS,6560.0,220.0,0.0,0.0,0.0,0.0,6562,220,0.0,0.0,0.0,0.0,6561.0,0.0
0,956200,JAMS,6560.0,213.0,0.0,0.0,0.0,0.0,6562,213,0.0,0.0,0.0,0.0,6561.0,0.0
0,956300,JAMS,6559.0,196.0,0.0,0.0,0.0,0.0,6561,196,0.0,0.0,0.0,0.0,6560.0,0.0
0,956400,JAMS,6559.0,235.0,0.0,0.0,0.0,0.0,6561,235,0.0,0.0,0.0,0.0,6560.0,0.0
0,956500,JAMS,6558.0,223.0,0.0,0.0,0.0,0.0,6560,223,0.0,0.0,0.0,0.0,6559.0,0.0
0,956600,JAMS,6559.0,266.0,0.0,0.0,0.0,0.0,6561,266,0.0,0.0,0.0,0.0,6560.0,0.0
0,956700,JAMS,6558.0,266.0,0.0,0.0,0.0,0.0,6560,266,0.0,0.0,0.0,0.0,6559.0,0.0
0,956800,JAMS,6559.0,239.0,0.0,0.0,0.0,0.0,6561,239,0.0,0.0,0.0,0.0,6560.0,0.0
0,956900,JAMS,6559.0,64.0,6558.0,191.0,0.0,0.0,6560,64,6561.0,191.0,0.0,0.0,6559.5,0.0
0,957000,JAMS,6558.0,223.0,0.0,0.0,0.0,0.0,6560,223,0.0,0.0,0.0,0.0,6559.0,0.0
0,957100,JAMS,6558.0,107.0,6557.0,154.0,0.0,0.0,6559,97,6560.0,154.0,0.0,0.0,6558.5,0.0
0,957200,JAMS,6557.0,230.0,0.0,0.0,0.0,0.0,6559,230,0.0,0.0,0.0,0.0,6558.0,0.0
0,957300,JAMS,6558.0,72.0,6557.0,143.0,0.0,0.0,6559,72,6560.0,143.0,0.0,0.0,6558.5,0.0
0,957400,JAMS,6558.0,78.0,6557.0,131.0,0.0,0.0,6559,78,6560.0,131.0,0.0,0.0,6558.5,0.0
0,957500,JAMS,6557.0,247.0,0.0,0.0,0.0,0.0,6559,247,0.0,0.0,0.0,0.0,6558.0,0.0
0,957600,JAMS,6557.0,181.0,0.0,0.0,0.0,0.0,6559,181,0.0,0.0,0.0,0.0,6558.0,0.0
0,957700,JAMS,6557.0,243.0,0.0,0.0,0.0,0.0,6558,90,6559.0,141.0,0.0,0.0,6557.5,0.0
0,957800,JAMS,6557.0,53.0,6556.0,108.0,0.0,0.0,6558,53,6559.0,108.0,0.0,0.0,6557.5,0.0
0,957900,JAMS,6557.0,77.0,6556.0,171.0,0.0,0.0,6558,77,6559.0,171.0,0.0,0.0,6557.5,0.0
0,958000,JAMS,6559.0,84.0,6558.0,177.0,0.0,0.0,6560,84,6561.0,177.0,0.0,0.0,6559.5,0.0
0,958100,JAMS,6559.0,272.0,0.0,0.0,0.0,0.0,6561,272,0.0,0.0,0.0,0.0,6560.0,0.0
0,958200,JAMS,6559.0,286.0,0.0,0.0,0.0,0.0,6561,286,0.0,0.0,0.0,0.0,6560.0,0.0
0,958300,JAMS,6559.0,63.0,6558.0,162.0,0.0,0.0,6560,63,6561.0,162.0,0.0,0.0,6559.5,0.0
0,958400,JAMS,6558.0,211.0,0.0,0.0,0.0,0.0,6560,211,0.0,0.0,0.0,0.0,6559.0,0.0
0,958500,JAMS,6558.0,267.0,0.0,0.0,0.0,0.0,6560,267,0.0,0.0,0.0,0.0,6559.0,0.0
0,958600,JAMS,6558.0,214.0,0.0,0.0,0.0,0.0,6560,214,0.0,0.0,0.0,0.0,6559.0,0.0
0,958700,JAMS,6558.0,274.0,0.0,0.0,0.0,0.0,6560,274,0.0,0.0,0.0,0.0,6559.0,0.0
0,958800,JAMS,6557.0,227.0,0.0,0.0,0.0,0.0,6558,10,6559.0,227.0,0.0,0.0,6557.5,0.0
0,958900,JAMS,6557.0,269.0,0.0,0.0,0.0,0.0,6559,269,0.0,0.0,0.0,0.0,6558.0,0.0
0,959000,JAMS,6557.0,69.0,6556.0,141.0,0.0,0.0,6558,69,6559.0,141.0,0.0,0.0,6557.5,0.0
0,959100,JAMS,6557.0,84.0,6556.0,100.0,0.0,0.0,6558,84,6559.0,100.0,0.0,0.0,6557.5,0.0
0,959200,JAMS,6557.0,86.0,6556.0,146.0,0.0,0.0,6558,86,6559.0,146.0,0.0,0.0,6557.5,0.0
0,959300,JAMS,6557.0,68.0,6556.0,189.0,0.0,0.0,6558,68,6559.0,189.0,0.0,0.0,6557.5,0.0
0,959400,JAMS,6557.0,56.0,6556.0,180.0,0.0,0.0,6558,56,6559.0,180.0,0.0,0.0,6557.5,0.0
0,959500,JAMS,6557.0,56.0,6556.0,102.0,0.0,0.0,6558,56,6559.0,102.0,0.0,0.0,6557.5,0.0
0,959600,JAMS,6557.0,206.0,0.0,0.0,0.0,0.0,6559,206,0.0,0.0,0.0,0.0,6558.0,0.0
0,959700,JAMS,6557.0,257.0,0.0,0.0,0.0,0.0,6559,257,0.0,0.0,0.0,0.0,6558.0,0.0
0,959800,JAMS,6557.0,209.0,0.0,0.0,0.0,0.0,6558,10,6559.0,209.0,0.0,0.0,6557.5,0.0
0,959900,JAMS,6557.0,211.0,0.0,0.0,0.0,0.0,6558,9,6559.0,211.0,0.0,0.0,6557.5,0.0
0,960000,JAMS,6558.0,101.0,6557.0,126.0,0.0,0.0,6559,98,6560.0,126.0,0.0,0.0,6558.5,0.0
0,960100,JAMS,6558.0,189.0,0.0,0.0,0.0,0.0,6560,189,0.0,0.0,0.0,0.0,6559.0,0.0
0,960200,JAMS,6560.0,200.0,0.0,0.0,0.0,0.0,6562,200,0.0,0.0,0.0,0.0,6561.0,0.0
0,960300,JAMS,6561.0,93.0,6560.0,142.0,0.0,0.0,6562,235,0.0,0.0,0.0,0.0,6561.5,0.0
0,960400,JAMS,6561.0,226.0,0.0,0.0,0.0,0.0,6563,226,0.0,0.0,0.0,0.0,6562.0,0.0
0,960500,JAMS,6562.0,211.0,0.0,0.0,0.0,0.0,6564,211,0.0,0.0,0.0,0.0,6563.0,0.0
0,960600,JAMS,6562.0,77.0,6561.0,100.0,0.0,0.0,6563,77,6564.0,100.0,0.0,0.0,6562.5,0.0
0,960700,JAMS,6562.0,59.0,6561.0,134.0,0.0,0.0,6563,59,6564.0,134.0,0.0,0.0,6562.5,0.0
0,960800,JAMS,6562.0,187.0,0.0,0.0,0.0,0.0,6564,187,0.0,0.0,0.0,0.0,6563.0,0.0
0,960900,JAMS,6561.0,229.0,0.0,0.0,0.0,0.0,6563,229,0.0,0.0,0.0,0.0,6562.0,0.0
0,961000,JAMS,6562.0,80.0,6561.0,181.0,0.0,0.0,6563,90,6564.0,181.0,0.0,0.0,6562.5,0.0
0,961100,JAMS,6562.0,59.0,6561.0,122.0,0.0,0.0,6563,59,6564.0,122.0,0.0,0.0,6562.5,0.0
0,961200,JAMS,6561.0,224.0,0.0,0.0,0.0,0.0,6563,224,0.0,0.0,0.0,0.0,6562.0,0.0
0,961300,JAMS,6561.0,256.0,0.0,0.0,0.0,0.0,6563,256,0.0,0.0,0.0,0.0,6562.0,0.0
0,961400,JAMS,6562.0,90.0,6561.0,170.0,0.0,0.0,6563,90,6564.0,170.0,0.0,0.0,6562.5,0.0
0,961500,JAMS,6562.0,86.0,6561.0,123.0,0.0,0.0,6563,89,6564.0,123.0,0.0,0.0,6562.5,0.0
0,961600,JAMS,6562.0,50.0,6561.0,182.0,0.0,0.0,6563,50,6564.0,182.0,0.0,0.0,6562.5,0.0
0,961700,JAMS,6562.0,68.0,6561.0,151.0,0.0,0.0,6563,68,6564.0,151.0,0.0,0.0,6562.5,0.0
0,961800,JAMS,6561.0,61.0,6560.0,125.0,0.0,0.0,6562,61,6563.0,125.0,0.0,0.0,6561.5,0.0
0,961900,JAMS,6561.0,82.0,6560.0,115.0,0.0,0.0,6562,89,6563.0,115.0,0.0,0.0,6561.5,0.0
0,962000,JAMS,6560.0,215.0,0.0,0.0,0.0,0.0,6562,215,0.0,0.0,0.0,0.0,6561.0,0.0
0,962100,JAMS,6560.0,264.0,0.0,0.0,0.0,0.0,6562,264,0.0,0.0,0.0,0.0,6561.0,0.0
0,962200,JAMS,6560.0,54.0,6559.0,178.0,0.0,0.0,6561,54,6562.0,178.0,0.0,0.0,6560.5,0.0
0,962300,JAMS,6560.0,74.0,6559.0,186.0,0.0,0.0,6561,74,6562.0,186.0,0.0,0.0,6560.5,0.0
0,962400,JAMS,6560.0,3.0,6559.0,233.0,0.0,0.0,6561,233,0.0,0.0,0.0,0.0,6560.5,0.0
0,962500,JAMS,6560.0,68.0,6559.0,191.0,0.0,0.0,6561,68,6562.0,191.0,0.0,0.0,6560.5,0.0
0,962600,JAMS,6560.0,79.0,6559.0,174.0,0.0,0.0,6561,79,6562.0,174.0,0.0,0.0,6560.5,0.0
0,962700,JAMS,6560.0,100.0,6559.0,162.0,0.0,0.0,6561,100,6562.0,162.0,0.0,0.0,6560.5,0.0
0,962800,JAMS,6560.0,195.0,0.0,0.0,0.0,0.0,6562,195,0.0,0.0,0.0,0.0,6561.0,0.0
0,962900,JAMS,6560.0,63.0,6559.0,161.0,0.0,0.0,6561,63,6562.0,161.0,0.0,0.0,6560.5,0.0
0,963000,JAMS,6559.0,98.0,6558.0,122.0,0.0,0.0,6560,98,6561.0,122.0,0.0,0.0,6559.5,0.0
0,963100,JAMS,6559.0,80.0,6558.0,169.0,0.0,0.0,6560,80,6561.0,169.0,0.0,0.0,6559.5,0.0
0,963200,JAMS,6559.0,279.0,0.0,0.0,0.0,0.0,6561,279,0.0,0.0,0.0,0.0,6560.0,0.0
0,963300,JAMS,6560.0,55.0,6559.0,113.0,0.0,0.0,6561,55,6562.0,113.0,0.0,0.0,6560.5,0.0
0,963400,JAMS,6560.0,50.0,6559.0,147.0,0.0,0.0,6561,50,6562.0,147.0,0.0,0.0,6560.5,0.0
0,963500,JAMS,6561.0,62.0,6560.0,187.0,0.0,0.0,6562,62,6563.0,187.0,0.0,0.0,6561.5,0.0
0,963600,JAMS,6561.0,56.0,6560.0,180.0,0.0,0.0,6562,56,6563.0,180.0,0.0,0.0,6561.5,0.0
0,963700,JAMS,6560.0,192.0,0.0,0.0,0.0,0.0,6562,192,0.0,0.0,0.0,0.0,6561.0,0.0
0,963800,JAMS,6560.0,245.0,0.0,0.0,0.0,0.0,6562,245,0.0,0.0,0.0,0.0,6561.0,0.0
0,963900,JAMS,6560.0,235.0,0.0,0.0,0.0,0.0,6562,235,0.0,0.0,0.0,0.0,6561.0,0.0
0,964000,JAMS,6561.0,204.0,0.0,0.0,0.0,0.0,6563,204,0.0,0.0,0.0,0.0,6562.0,0.0
0,964100,JAMS,6561.0,194.0,0.0,0.0,0.0,0.0,6563,194,0.0,0.0,0.0,0.0,6562.0,0.0
0,964200,JAMS,6561.0,260.0,0.0,0.0,0.0,0.0,6563,260,0.0,0.0,0.0,0.0,6562.0,0.0
0,964300,JAMS,6561.0,200.0,0.0,0.0,0.0,0.0,6563,194,0.0,0.0,0.0,0.0,6562.0,0.0
0,964400,JAMS,6561.0,196.0,0.0,0.0,0.0,0.0,6563,196,0.0,0.0,0.0,0.0,6562.0,0.0
0,964500,JAMS,6560.0,192.0,0.0,0.0,0.0,0.0,6562,192,0.0,0.0,0.0,0.0,6561.0,0.0
0,964600,JAMS,6560.0,267.0,0.0,0.0,0.0,0.0,6562,267,0.0,0.0,0.0,0.0,6561.0,0.0
0,964700,JAMS,6560.0,225.0,0.0,0.0,0.0,0.0,6562,225,0.0,0.0,0.0,0.0,6561.0,0.0
0,964800,JAMS,6562.0,186.0,0.0,0.0,0.0,0.0,6564,186,0.0,0.0,0.0,0.0,6563.0,0.0
0,964900,JAMS,6561.0,213.0,0.0,0.0,0.0,0.0,6563,213,0.0,0.0,0.0,0.0,6562.0,0.0
0,965000,JAMS,6562.0,87.0,6561.0,189.0,0.0,0.0,6563,87,6564.0,189.0,0.0,0.0,6562.5,0.0
0,965100,JAMS,6561.0,257.0,0.0,0.0,0.0,0.0,6563,257,0.0,0.0,0.0,0.0,6562.0,0.0
0,965200,JAMS,6561.0,55.0,6560.0,108.0,0.0,0.0,6562,55,6563.0,108.0,0.0,0.0,6561.5,0.0
0,965300,JAMS,6560.0,200.0,0.0,0.0,0.0,0.0,6562,200,0.0,0.0,0.0,0.0,6561.0,0.0
0,965400,JAMS,6560.0,273.0,0.0,0.0,0.0,0.0,6562,273,0.0,0.0,0.0,0.0,6561.0,0.0
0,965500,JAMS,6560.0,193.0,0.0,0.0,0.0,0.0,6562,193,0.0,0.0,0.0,0.0,6561.0,0.0
0,965600,JAMS,6560.0,201.0,0.0,0.0,0.0,0.0,6562,204,0.0,0.0,0.0,0.0,6561.0,0.0
0,965700,JAMS,6560.0,266.0,0.0,0.0,0.0,0.0,6562,259,0.0,0.0,0.0,0.0,6561.0,0.0
0,965800,JAMS,6560.0,57.0,6559.0,193.0,0.0,0.0,6561,57,6562.0,193.0,0.0,0.0,6560.5,0.0
0,965900,JAMS,6560.0,174.0,0.0,0.0,0.0,0.0,6561,12,6562.0,174.0,0.0,0.0,6560.5,0.0
0,966000,JAMS,6561.0,77.0,6560.0,134.0,0.0,0.0,6562,77,6563.0,134.0,0.0,0.0,6561.5,0.0
0,966100,JAMS,6561.0,287.0,0.0,0.0,0.0,0.0,6563,287,0.0,0.0,0.0,0.0,6562.0,0.0
0,966200,JAMS,6562.0,63.0,6561.0,126.0,0.0,0.0,6563,63,6564.0,126.0,0.0,0.0,6562.5,0.0
0,966300,JAMS,6562.0,53.0,6561.0,117.0,0.0,0.0,6563,53,6564.0,117.0,0.0,0.0,6562.5,0.0
0,966400,JAMS,6562.0,196.0,0.0,0.0,0.0,0.0,6564,196,0.0,0.0,0.0,0.0,6563.0,0.0
0,966500,JAMS,6562.0,90.0,6561.0,108.0,0.0,0.0,6563,90,6564.0,108.0,0.0,0.0,6562.5,0.0
0,966600,JAMS,6561.0,260.0,0.0,0.0,0.0,0.0,6563,260,0.0,0.0,0.0,0.0,6562.0,0.0
0,966700,JAMS,6561.0,278.0,0.0,0.0,0.0,0.0,6563,278,0.0,0.0,0.0,0.0,6562.0,0.0
0,966800,JAMS,6561.0,248.0,0.0,0.0,0.0,0.0,6562,58,6563.0,190.0,0.0,0.0,6561.5,0.0
0,966900,JAMS,6561.0,224.0,0.0,0.0,0.0,0.0,6562,99,6563.0,125.0,0.0,0.0,6561.5,0.0
0,967000,JAMS,6561.0,51.0,6560.0,182.0,0.0,0.0,6562,51,6563.0,182.0,0.0,0.0,6561.5,0.0
0,967100,JAMS,6561.0,100.0,6560.0,151.0,0.0,0.0,6562,100,6563.0,151.0,0.0,0.0,6561.5,0.0
0,967200,JAMS,6561.0,237.0,0.0,0.0,0.0,0.0,6563,237,0.0,0.0,0.0,0.0,6562.0,0.0
0,967300,JAMS,6561.0,215.0,0.0,0.0,0.0,0.0,6563,215,0.0,0.0,0.0,0.0,6562.0,0.0
0,967400,JAMS,6561.0,271.0,0.0,0.0,0.0,0.0,6563,271,0.0,0.0,0.0,0.0,6562.0,0.0
0,967500,JAMS,6561.0,281.0,0.0,0.0,0.0,0.0,6563,281,0.0,0.0,0.0,0.0,6562.0,0.0
0,967600,JAMS,6561.0,209.0,0.0,0.0,0.0,0.0,6563,209,0.0,0.0,0.0,0.0,6562.0,0.0
0,967700,JAMS,6561.0,182.0,0.0,0.0,0.0,0.0,6563,182,0.0,0.0,0.0,0.0,6562.0,0.0
0,967800,JAMS,6561.0,68.0,6560.0,181.0,0.0,0.0,6562,68,6563.0,181.0,0.0,0.0,6561.5,0.0
0,967900,JAMS,6561.0,62.0,6560.0,167.0,0.0,0.0,6562,62,6563.0,167.0,0.0,0.0,6561.5,0.0
0,968000,JAMS,6561.0,89.0,6560.0,166.0,0.0,0.0,6562,99,6563.0,166.0,0.0,0.0,6561.5,0.0
0,968100,JAMS,6560.0,220.0,0.0,0.0,0.0,0.0,6562,220,0.0,0.0,0.0,0.0,6561.0,0.0
0,968200,JAMS,6560.0,230.0,0.0,0.0,0.0,0.0,6562,230,0.0,0.0,0.0,0.0,6561.0,0.0
0,968300,JAMS,6559.0,276.0,0.0,0.0,0.0,0.0,6561,264,0.0,0.0,0.0,0.0,6560.0,0.0
0,968400,JAMS,6559.0,207.0,0.0,0.0,0.0,0.0,6561,207,0.0,0.0,0.0,0.0,6560.0,0.0
0,968500,JAMS,6559.0,194.0,0.0,0.0,0.0,0.0,6561,194,0.0,0.0,0.0,0.0,6560.0,0.0
0,968600,JAMS,6559.0,249.0,0.0,0.0,0.0,0.0,6561,249,0.0,0.0,0.0,0.0,6560.0,0.0
0,968700,JAMS,6559.0,239.0,0.0,0.0,0.0,0.0,6561,239,0.0,0.0,0.0,0.0,6560.0,0.0
0,968800,JAMS,6559.0,50.0,6558.0,107.0,0.0,0.0,6560,50,6561.0,107.0,0.0,0.0,6559.5,0.0
0,968900,JAMS,6559.0,53.0,6558.0,151.0,0.0,0.0,6560,53,6561.0,151.0,0.0,0.0,6559.5,0.0
0,969000,JAMS,6558.0,191.0,0.0,0.0,0.0,0.0,6560,191,0.0,0.0,0.0,0.0,6559.0,0.0
0,969100,JAMS,6558.0,177.0,0.0,0.0,0.0,0.0,6560,177,0.0,0.0,0.0,0.0,6559.0,0.0
0,969200,JAMS,6558.0,272.0,0.0,0.0,0.0,0.0,6560,272,0.0,0.0,0.0,0.0,6559.0,0.0
0,969300,JAMS,6558.0,83.0,6557.0,114.0,0.0,0.0,6559,83,6560.0,114.0,0.0,0.0,6558.5,0.0
0,969400,JAMS,6557.0,239.0,0.0,0.0,0.0,0.0,6558,92,6559.0,151.0,0.0,0.0,6557.5,0.0
0,969500,JAMS,6557.0,56.0,6556.0,197.0,0.0,0.0,6558,56,6559.0,197.0,0.0,0.0,6557.5,0.0
0,969600,JAMS,6555.0,56.0,6554.0,127.0,0.0,0.0,6556,56,6557.0,127.0,0.0,0.0,6555.5,0.0
0,969700,JAMS,6552.0,67.0,6551.0,116.0,0.0,0.0,6553,67,6554.0,116.0,0.0,0.0,6552.5,0.0
0,969800,JAMS,6551.0,68.0,6550.0,110.0,0.0,0.0,6552,68,6553.0,110.0,0.0,0.0,6551.5,0.0
0,969900,JAMS,6551.0,215.0,0.0,0.0,0.0,0.0,6553,215,0.0,0.0,0.0,0.0,6552.0,0.0
0,970000,JAMS,6550.0,185.0,0.0,0.0,0.0,0.0,6552,185,0.0,0.0,0.0,0.0,6551.0,0.0
0,970100,JAMS,6550.0,156.0,0.0,0.0,0.0,0.0,6552,156,0.0,0.0,0.0,0.0,6551.0,0.0
0,970200,JAMS,6551.0,254.0,0.0,0.0,0.0,0.0,6553,254,0.0,0.0,0.0,0.0,6552.0,0.0
0,970300,JAMS,6551.0,283.0,0.0,0.0,0.0,0.0,6553,283,0.0,0.0,0.0,0.0,6552.0,0.0
0,970400,JAMS,6551.0,67.0,6550.0,128.0,0.0,0.0,6552,67,6553.0,128.0,0.0,0.0,6551.5,0.0
0,970500,JAMS,6551.0,63.0,6550.0,171.0,0.0,0.0,6552,63,6553.0,171.0,0.0,0.0,6551.5,0.0
0,970600,JAMS,6551.0,87.0,6550.0,198.0,0.0,0.0,6552,87,6553.0,198.0,0.0,0.0,6551.5,0.0
0,970700,JAMS,6550.0,269.0,0.0,0.0,0.0,0.0,6552,269,0.0,0.0,0.0,0.0,6551.0,0.0
0,970800,JAMS,6550.0,174.0,0.0,0.0,0.0,0.0,6552,174,0.0,0.0,0.0,0.0,6551.0,0.0
0,970900,JAMS,6552.0,202.0,0.0,0.0,0.0,0.0,6554,202,0.0,0.0,0.0,0.0,6553.0,0.0
0,971000,JAMS,6552.0,227.0,0.0,0.0,0.0,0.0,6554,227,0.0,0.0,0.0,0.0,6553.0,0.0
0,971100,JAMS,6552.0,198.0,0.0,0.0,0.0,0.0,6554,198,0.0,0.0,0.0,0.0,6553.0,0.0
0,971200,JAMS,6552.0,192.0,0.0,0.0,0.0,0.0,6554,192,0.0,0.0,0.0,0.0,6553.0,0.0
0,971300,JAMS,6553.0,80.0,6552.0,158.0,0.0,0.0,6554,80,6555.0,158.0,0.0,0.0,6553.5,0.0
0,971400,JAMS,6552.0,205.0,0.0,0.0,0.0,0.0,6554,205,0.0,0.0,0.0,0.0,6553.0,0.0
0,971500,JAMS,6552.0,271.0,0.0,0.0,0.0,0.0,6554,271,0.0,0.0,0.0,0.0,6553.0,0.0
0,971600,JAMS,6552.0,211.0,0.0,0.0,0.0,0.0,6554,211,0.0,0.0,0.0,0.0,6553.0,0.0
0,971700,JAMS,6552.0,81.0,6551.0,162.0,0.0,0.0,6553,81,6554.0,162.0,0.0,0.0,6552.5,0.0
0,971800,JAMS,6551.0,226.0,0.0,0.0,0.0,0.0,6553,226,0.0,0.0,0.0,0.0,6552.0,0.0
0,971900,JAMS,6551.0,215.0,0.0,0.0,0.0,0.0,6553,215,0.0,0.0,0.0,0.0,6552.0,0.0
0,972000,JAMS,6551.0,208.0,0.0,0.0,0.0,0.0,6553,208,0.0,0.0,0.0,0.0,6552.0,0.0
0,972100,JAMS,6551.0,195.0,0.0,0.0,0.0,0.0,6553,195,0.0,0.0,0.0,0.0,6552.0,0.0
0,972200,JAMS,6551.0,241.0,0.0,0.0,0.0,0.0,6553,241,0.0,0.0,0.0,0.0,6552.0,0.0
0,972300,JAMS,6551.0,178.0,0.0,0.0,0.0,0.0,6552,10,6553.0,178.0,0.0,0.0,6551.5,0.0
0,972400,JAMS,6551.0,166.0,0.0,0.0,0.0,0.0,6553,166,0.0,0.0,0.0,0.0,6552.0,0.0
0,972500,JAMS,6551.0,178.0,0.0,0.0,0.0,0.0,6553,178,0.0,0.0,0.0,0.0,6552.0,0.0
0,972600,JAMS,6551.0,208.0,0.0,0.0,0.0,0.0,6553,214,0.0,0.0,0.0,0.0,6552.0,0.0
0,972700,JAMS,6551.0,212.0,0.0,0.0,0.0,0.0,6553,212,0.0,0.0,0.0,0.0,6552.0,0.0
0,972800,JAMS,6551.0,188.0,0.0,0.0,0.0,0.0,6552,9,6553.0,188.0,0.0,0.0,6551.5,0.0
0,972900,JAMS,6551.0,212.0,0.0,0.0,0.0,0.0,6553,212,0.0,0.0,0.0,0.0,6552.0,0.0
0,973000,JAMS,6553.0,228.0,0.0,0.0,0.0,0.0,6554,61,6555.0,167.0,0.0,0.0,6553.5,0.0
0,973100,JAMS,6553.0,88.0,6552.0,120.0,0.0,0.0,6554,88,6555.0,120.0,0.0,0.0,6553.5,0.0
0,973200,JAMS,6551.0,192.0,0.0,0.0,0.0,0.0,6553,192,0.0,0.0,0.0,0.0,6552.0,0.0
0,973300,JAMS,6551.0,180.0,0.0,0.0,0.0,0.0,6553,180,0.0,0.0,0.0,0.0,6552.0,0.0
0,973400,JAMS,6550.0,269.0,0.0,0.0,0.0,0.0,6552,269,0.0,0.0,0.0,0.0,6551.0,0.0
0,973500,JAMS,6550.0,195.0,0.0,0.0,0.0,0.0,6552,195,0.0,0.0,0.0,0.0,6551.0,0.0
0,973600,JAMS,6550.0,203.0,0.0,0.0,0.0,0.0,6552,203,0.0,0.0,0.0,0.0,6551.0,0.0
0,973700,JAMS,6550.0,196.0,0.0,0.0,0.0,0.0,6552,196,0.0,0.0,0.0,0.0,6551.0,0.0
0,973800,JAMS,6550.0,254.0,0.0,0.0,0.0,0.0,6551,100,6552.0,154.0,0.0,0.0,6550.5,0.0
0,973900,JAMS,6550.0,243.0,0.0,0.0,0.0,0.0,6552,243,0.0,0.0,0.0,0.0,6551.0,0.0
0,974000,JAMS,6550.0,267.0,0.0,0.0,0.0,0.0,6552,267,0.0,0.0,0.0,0.0,6551.0,0.0
0,974100,JAMS,6550.0,79.0,6549.0,184.0,0.0,0.0,6551,79,6552.0,184.0,0.0,0.0,6550.5,0.0
0,974200,JAMS,6549.0,204.0,0.0,0.0,0.0,0.0,6551,200,0.0,0.0,0.0,0.0,6550.0,0.0
0,974300,JAMS,6549.0,229.0,0.0,0.0,0.0,0.0,6551,236,0.0,0.0,0.0,0.0,6550.0,0.0
0,974400,JAMS,6549.0,239.0,0.0,0.0,0.0,0.0,6551,239,0.0,0.0,0.0,0.0,6550.0,0.0
0,974500,JAMS,6549.0,234.0,0.0,0.0,0.0,0.0,6551,234,0.0,0.0,0.0,0.0,6550.0,0.0
0,974600,JAMS,6550.0,75.0,6549.0,181.0,0.0,0.0,6551,75,6552.0,181.0,0.0,0.0,6550.5,0.0
0,974700,JAMS,6550.0,67.0,6549.0,106.0,0.0,0.0,6551,67,6552.0,106.0,0.0,0.0,6550.5,0.0
0,974800,JAMS,6549.0,247.0,0.0,0.0,0.0,0.0,6551,247,0.0,0.0,0.0,0.0,6550.0,0.0
0,974900,JAMS,6549.0,83.0,6548.0,195.0,0.0,0.0,6550,83,6551.0,195.0,0.0,0.0,6549.5,0.0
0,975000,JAMS,6549.0,76.0,6548.0,136.0,0.0,0.0,6550,76,6551.0,136.0,0.0,0.0,6549.5,0.0
0,975100,JAMS,6549.0,83.0,6548.0,138.0,0.0,0.0,6550,83,6551.0,138.0,0.0,0.0,6549.5,0.0
0,975200,JAMS,6549.0,197.0,0.0,0.0,0.0,0.0,6551,197,0.0,0.0,0.0,0.0,6550.0,0.0
0,975300,JAMS,6549.0,188.0,0.0,0.0,0.0,0.0,6551,188,0.0,0.0,0.0,0.0,6550.0,0.0
0,975400,JAMS,6549.0,239.0,0.0,0.0,0.0,0.0,6551,239,0.0,0.0,0.0,0.0,6550.0,0.0
0,975500,JAMS,6549.0,75.0,6548.0,136.0,0.0,0.0,6550,75,6551.0,136.0,0.0,0.0,6549.5,0.0
0,975600,JAMS,6549.0,79.0,6548.0,168.0,0.0,0.0,6550,79,6551.0,168.0,0.0,0.0,6549.5,0.0
0,975700,JAMS,6549.0,245.0,0.0,0.0,0.0,0.0,6551,245,0.0,0.0,0.0,0.0,6550.0,0.0
0,975800,JAMS,6549.0,241.0,0.0,0.0,0.0,0.0,6551,249,0.0,0.0,0.0,0.0,6550.0,0.0
0,975900,JAMS,6549.0,56.0,6548.0,153.0,0.0,0.0,6550,56,6551.0,153.0,0.0,0.0,6549.5,0.0
0,976000,JAMS,6549.0,59.0,6548.0,194.0,0.0,0.0,6550,59,6551.0,194.0,0.0,0.0,6549.5,0.0
0,976100,JAMS,6549.0,209.0,0.0,0.0,0.0,0.0,6551,209,0.0,0.0,0.0,0.0,6550.0,0.0
0,976200,JAMS,6549.0,219.0,0.0,0.0,0.0,0.0,6551,219,0.0,0.0,0.0,0.0,6550.0,0.0
0,976300,JAMS,6549.0,274.0,0.0,0.0,0.0,0.0,6551,274,0.0,0.0,0.0,0.0,6550.0,0.0
0,976400,JAMS,6549.0,70.0,6548.0,181.0,0.0,0.0,6550,70,6551.0,181.0,0.0,0.0,6549.5,0.0
0,976500,JAMS,6548.0,71.0,6547.0,190.0,0.0,0.0,6549,71,6550.0,190.0,0.0,0.0,6548.5,0.0
0,976600,JAMS,6547.0,297.0,0.0,0.0,0.0,0.0,6549,297,0.0,0.0,0.0,0.0,6548.0,0.0
0,976700,JAMS,6547.0,216.0,0.0,0.0,0.0,0.0,6549,216,0.0,0.0,0.0,0.0,6548.0,0.0
0,976800,JAMS,6547.0,220.0,0.0,0.0,0.0,0.0,6549,220,0.0,0.0,0.0,0.0,6548.0,0.0
0,976900,JAMS,6547.0,263.0,0.0,0.0,0.0,0.0,6549,263,0.0,0.0,0.0,0.0,6548.0,0.0
0,977000,JAMS,6547.0,223.0,0.0,0.0,0.0,0.0,6549,223,0.0,0.0,0.0,0.0,6548.0,0.0
0,977100,JAMS,6546.0,282.0,0.0,0.0,0.0,0.0,6548,282,0.0,0.0,0.0,0.0,6547.0,0.0
0,977200,JAMS,6546.0,244.0,0.0,0.0,0.0,0.0,6548,244,0.0,0.0,0.0,0.0,6547.0,0.0
0,977300,JAMS,6546.0,288.0,0.0,0.0,0.0,0.0,6548,288,0.0,0.0,0.0,0.0,6547.0,0.0
0,977400,JAMS,6546.0,249.0,0.0,0.0,0.0,0.0,6548,249,0.0,0.0,0.0,0.0,6547.0,0.0
0,977500,JAMS,6546.0,64.0,6545.0,132.0,0.0,0.0,6547,64,6548.0,132.0,0.0,0.0,6546.5,0.0
0,977600,JAMS,6546.0,88.0,6545.0,180.0,0.0,0.0,6547,88,6548.0,180.0,0.0,0.0,6546.5,0.0
0,977700,JAMS,6546.0,267.0,0.0,0.0,0.0,0.0,6548,267,0.0,0.0,0.0,0.0,6547.0,0.0
0,977800,JAMS,6547.0,60.0,6546.0,117.0,0.0,0.0,6548,60,6549.0,117.0,0.0,0.0,6547.5,0.0
0,977900,JAMS,6546.0,209.0,0.0,0.0,0.0,0.0,6548,209,0.0,0.0,0.0,0.0,6547.0,0.0
0,978000,JAMS,6546.0,249.0,0.0,0.0,0.0,0.0,6548,249,0.0,0.0,0.0,0.0,6547.0,0.0
0,978100,JAMS,6546.0,255.0,0.0,0.0,0.0,0.0,6548,255,0.0,0.0,0.0,0.0,6547.0,0.0
0,978200,JAMS,6546.0,162.0,0.0,0.0,0.0,0.0,6548,162,0.0,0.0,0.0,0.0,6547.0,0.0
0,978300,JAMS,6546.0,212.0,0.0,0.0,0.0,0.0,6548,212,0.0,0.0,0.0,0.0,6547.0,0.0
0,978400,JAMS,6546.0,210.0,0.0,0.0,0.0,0.0,6548,210,0.0,0.0,0.0,0.0,6547.0,0.0
0,978500,JAMS,6546.0,221.0,0.0,0.0,0.0,0.0,6548,221,0.0,0.0,0.0,0.0,6547.0,0.0
0,978600,JAMS,6546.0,287.0,0.0,0.0,0.0,0.0,6548,287,0.0,0.0,0.0,0.0,6547.0,0.0
0,978700,JAMS,6546.0,198.0,0.0,0.0,0.0,0.0,6548,198,0.0,0.0,0.0,0.0,6547.0,0.0
0,978800,JAMS,6546.0,79.0,6545.0,187.0,0.0,0.0,6547,79,6548.0,187.0,0.0,0.0,6546.5,0.0
0,978900,JAMS,6546.0,72.0,6545.0,196.0,0.0,0.0,6547,72,6548.0,196.0,0.0,0.0,6546.5,0.0
0,979000,JAMS,6546.0,198.0,0.0,0.0,0.0,0.0,6548,198,0.0,0.0,0.0,0.0,6547.0,0.0
0,979100,JAMS,6546.0,215.0,0.0,0.0,0.0,0.0,6548,215,0.0,0.0,0.0,0.0,6547.0,0.0
0,979200,JAMS,6547.0,60.0,6546.0,106.0,0.0,0.0,6548,166,0.0,0.0,0.0,0.0,6547.5,0.0
0,979300,JAMS,6547.0,81.0,6546.0,115.0,0.0,0.0,6548,81,6549.0,115.0,0.0,0.0,6547.5,0.0
0,979400,JAMS,6547.0,94.0,6546.0,189.0,0.0,0.0,6548,94,6549.0,189.0,0.0,0.0,6547.5,0.0
0,979500,JAMS,6547.0,80.0,6546.0,100.0,0.0,0.0,6548,180,0.0,0.0,0.0,0.0,6547.5,0.0
0,979600,JAMS,6546.0,253.0,0.0,0.0,0.0,0.0,6548,253,0.0,0.0,0.0,0.0,6547.0,0.0
0,979700,JAMS,6546.0,273.0,0.0,0.0,0.0,0.0,6548,273,0.0,0.0,0.0,0.0,6547.0,0.0
0,979800,JAMS,6546.0,79.0,6545.0,180.0,0.0,0.0,6547,79,6548.0,180.0,0.0,0.0,6546.5,0.0
0,979900,JAMS,6545.0,216.0,0.0,0.0,0.0,0.0,6547,216,0.0,0.0,0.0,0.0,6546.0,0.0
0,980000,JAMS,6545.0,212.0,0.0,0.0,0.0,0.0,6547,212,0.0,0.0,0.0,0.0,6546.0,0.0
0,980100,JAMS,6545.0,213.0,0.0,0.0,0.0,0.0,6547,213,0.0,0.0,0.0,0.0,6546.0,0.0
0,980200,JAMS,6545.0,193.0,0.0,0.0,0.0,0.0,6547,193,0.0,0.0,0.0,0.0,6546.0,0.0
0,980300,JAMS,6545.0,226.0,0.0,0.0,0.0,0.0,6547,226,0.0,0.0,0.0,0.0,6546.0,0.0
0,980400,JAMS,6545.0,205.0,0.0,0.0,0.0,0.0,6547,205,0.0,0.0,0.0,0.0,6546.0,0.0
0,980500,JAMS,6545.0,264.0,0.0,0.0,0.0,0.0,6547,264,0.0,0.0,0.0,0.0,6546.0,0.0
0,980600,JAMS,6545.0,252.0,0.0,0.0,0.0,0.0,6547,252,0.0,0.0,0.0,0.0,6546.0,0.0
0,980700,JAMS,6545.0,272.0,0.0,0.0,0.0,0.0,6547,272,0.0,0.0,0.0,0.0,6546.0,0.0
0,980800,JAMS,6545.0,72.0,6544.0,139.0,0.0,0.0,6546,72,6547.0,139.0,0.0,0.0,6545.5,0.0
0,980900,JAMS,6545.0,177.0,0.0,0.0,0.0,0.0,6547,177,0.0,0.0,0.0,0.0,6546.0,0.0
0,981000,JAMS,6544.0,214.0,0.0,0.0,0.0,0.0,6546,214,0.0,0.0,0.0,0.0,6545.0,0.0
0,981100,JAMS,6544.0,166.0,0.0,0.0,0.0,0.0,6546,166,0.0,0.0,0.0,0.0,6545.0,0.0
0,981200,JAMS,6545.0,74.0,6544.0,166.0,0.0,0.0,6546,74,6547.0,166.0,0.0,0.0,6545.5,0.0
0,981300,JAMS,6546.0,6.0,6545.0,275.0,0.0,0.0,6547,275,0.0,0.0,0.0,0.0,6546.5,0.0
0,981400,JAMS,6545.0,67.0,6544.0,103.0,0.0,0.0,6546,67,6547.0,103.0,0.0,0.0,6545.5,0.0
0,981500,JAMS,6545.0,62.0,6544.0,142.0,0.0,0.0,6546,62,6547.0,142.0,0.0,0.0,6545.5,0.0
0,981600,JAMS,6545.0,55.0,6544.0,199.0,0.0,0.0,6546,55,6547.0,199.0,0.0,0.0,6545.5,0.0
0,981700,JAMS,6544.0,217.0,0.0,0.0,0.0,0.0,6546,217,0.0,0.0,0.0,0.0,6545.0,0.0
0,981800,JAMS,6543.0,242.0,0.0,0.0,0.0,0.0,6545,242,0.0,0.0,0.0,0.0,6544.0,0.0
0,981900,JAMS,6542.0,197.0,0.0,0.0,0.0,0.0,6544,197,0.0,0.0,0.0,0.0,6543.0,0.0
0,982000,JAMS,6542.0,55.0,6541.0,167.0,0.0,0.0,6543,62,6544.0,167.0,0.0,0.0,6542.5,0.0
0,982100,JAMS,6541.0,205.0,0.0,0.0,0.0,0.0,6543,205,0.0,0.0,0.0,0.0,6542.0,0.0
0,982200,JAMS,6541.0,225.0,0.0,0.0,0.0,0.0,6543,225,0.0,0.0,0.0,0.0,6542.0,0.0
0,982300,JAMS,6541.0,180.0,0.0,0.0,0.0,0.0,6543,180,0.0,0.0,0.0,0.0,6542.0,0.0
0,982400,JAMS,6541.0,232.0,0.0,0.0,0.0,0.0,6543,232,0.0,0.0,0.0,0.0,6542.0,0.0
0,982500,JAMS,6541.0,238.0,0.0,0.0,0.0,0.0,6543,238,0.0,0.0,0.0,0.0,6542.0,0.0
0,982600,JAMS,6543.0,87.0,6542.0,176.0,0.0,0.0,6544,87,6545.0,176.0,0.0,0.0,6543.5,0.0
0,982700,JAMS,6544.0,252.0,0.0,0.0,0.0,0.0,6545,71,6546.0,181.0,0.0,0.0,6544.5,0.0
0,982800,JAMS,6543.0,206.0,0.0,0.0,0.0,0.0,6545,206,0.0,0.0,0.0,0.0,6544.0,0.0
0,982900,JAMS,6544.0,53.0,6543.0,138.0,0.0,0.0,6545,53,6546.0,138.0,0.0,0.0,6544.5,0.0
0,983000,JAMS,6543.0,291.0,0.0,0.0,0.0,0.0,6545,291,0.0,0.0,0.0,0.0,6544.0,0.0
0,983100,JAMS,6543.0,190.0,0.0,0.0,0.0,0.0,6545,190,0.0,0.0,0.0,0.0,6544.0,0.0
0,983200,JAMS,6543.0,207.0,0.0,0.0,0.0,0.0,6545,207,0.0,0.0,0.0,0.0,6544.0,0.0
0,983300,JAMS,6543.0,226.0,0.0,0.0,0.0,0.0,6545,226,0.0,0.0,0.0,0.0,6544.0,0.0
0,983400,JAMS,6543.0,168.0,0.0,0.0,0.0,0.0,6545,168,0.0,0.0,0.0,0.0,6544.0,0.0
0,983500,JAMS,6545.0,64.0,6544.0,117.0,0.0,0.0,6546,64,6547.0,117.0,0.0,0.0,6545.5,0.0
0,983600,JAMS,6545.0,170.0,0.0,0.0,0.0,0.0,6547,170,0.0,0.0,0.0,0.0,6546.0,0.0
0,983700,JAMS,6546.0,70.0,6545.0,195.0,0.0,0.0,6547,70,6548.0,195.0,0.0,0.0,6546.5,0.0
0,983800,JAMS,6546.0,269.0,0.0,0.0,0.0,0.0,6548,265,0.0,0.0,0.0,0.0,6547.0,0.0
0,983900,JAMS,6546.0,251.0,0.0,0.0,0.0,0.0,6548,251,0.0,0.0,0.0,0.0,6547.0,0.0
0,984000,JAMS,6546.0,244.0,0.0,0.0,0.0,0.0,6548,244,0.0,0.0,0.0,0.0,6547.0,0.0
0,984100,JAMS,6546.0,240.0,0.0,0.0,0.0,0.0,6548,240,0.0,0.0,0.0,0.0,6547.0,0.0
0,984200,JAMS,6546.0,219.0,0.0,0.0,0.0,0.0,6548,219,0.0,0.0,0.0,0.0,6547.0,0.0
0,984300,JAMS,6548.0,63.0,6547.0,195.0,0.0,0.0,6549,63,6550.0,195.0,0.0,0.0,6548.5,0.0
0,984400,JAMS,6547.0,233.0,0.0,0.0,0.0,0.0,6549,233,0.0,0.0,0.0,0.0,6548.0,0.0
0,984500,JAMS,6547.0,284.0,0.0,0.0,0.0,0.0,6549,284,0.0,0.0,0.0,0.0,6548.0,0.0
0,984600,JAMS,6547.0,222.0,0.0,0.0,0.0,0.0,6548,56,6549.0,166.0,0.0,0.0,6547.5,0.0
0,984700,JAMS,6548.0,8.0,6547.0,272.0,0.0,0.0,6549,272,0.0,0.0,0.0,0.0,6548.5,0.0
0,984800,JAMS,6547.0,259.0,0.0,0.0,0.0,0.0,6549,259,0.0,0.0,0.0,0.0,6548.0,0.0
0,984900,JAMS,6547.0,236.0,0.0,0.0,0.0,0.0,6549,236,0.0,0.0,0.0,0.0,6548.0,0.0
0,985000,JAMS,6548.0,272.0,0.0,0.0,0.0,0.0,6549,9,6550.0,272.0,0.0,0.0,6548.5,0.0
0,985100,JAMS,6549.0,98.0,6548.0,137.0,0.0,0.0,6550,98,6551.0,137.0,0.0,0.0,6549.5,0.0
0,985200,JAMS,6549.0,3.0,6548.0,268.0,0.0,0.0,6550,268,0.0,0.0,0.0,0.0,6549.5,0.0
0,985300,JAMS,6548.0,232.0,0.0,0.0,0.0,0.0,6550,232,0.0,0.0,0.0,0.0,6549.0,0.0
0,985400,JAMS,6548.0,254.0,0.0,0.0,0.0,0.0,6549,4,6550.0,254.0,0.0,0.0,6548.5,0.0
0,985500,JAMS,6547.0,293.0,0.0,0.0,0.0,0.0,6549,293,0.0,0.0,0.0,0.0,6548.0,0.0
0,985600,JAMS,6547.0,288.0,0.0,0.0,0.0,0.0,6549,288,0.0,0.0,0.0,0.0,6548.0,0.0
0,985700,JAMS,6548.0,63.0,6547.0,113.0,0.0,0.0,6549,63,6550.0,113.0,0.0,0.0,6548.5,0.0
0,985800,JAMS,6548.0,176.0,0.0,0.0,0.0,0.0,6550,176,0.0,0.0,0.0,0.0,6549.0,0.0
0,985900,JAMS,6548.0,229.0,0.0,0.0,0.0,0.0,6550,229,0.0,0.0,0.0,0.0,6549.0,0.0
0,986000,JAMS,6549.0,224.0,0.0,0.0,0.0,0.0,6551,224,0.0,0.0,0.0,0.0,6550.0,0.0
0,986100,JAMS,6549.0,84.0,6548.0,171.0,0.0,0.0,6550,84,6551.0,171.0,0.0,0.0,6549.5,0.0
0,986200,JAMS,6549.0,91.0,6548.0,138.0,0.0,0.0,6550,91,6551.0,138.0,0.0,0.0,6549.5,0.0
0,986300,JAMS,6549.0,73.0,6548.0,194.0,0.0,0.0,6550,73,6551.0,194.0,0.0,0.0,6549.5,0.0
0,986400,JAMS,6549.0,83.0,6548.0,168.0,0.0,0.0,6550,83,6551.0,168.0,0.0,0.0,6549.5,0.0
0,986500,JAMS,6548.0,267.0,0.0,0.0,0.0,0.0,6550,267,0.0,0.0,0.0,0.0,6549.0,0.0
0,986600,JAMS,6547.0,232.0,0.0,0.0,0.0,0.0,6549,232,0.0,0.0,0.0,0.0,6548.0,0.0
0,986700,JAMS,6547.0,219.0,0.0,0.0,0.0,0.0,6549,219,0.0,0.0,0.0,0.0,6548.0,0.0
0,986800,JAMS,6546.0,236.0,0.0,0.0,0.0,0.0,6548,236,0.0,0.0,0.0,0.0,6547.0,0.0
0,986900,JAMS,6546.0,261.0,0.0,0.0,0.0,0.0,6548,261,0.0,0.0,0.0,0.0,6547.0,0.0
0,987000,JAMS,6547.0,50.0,6546.0,144.0,0.0,0.0,6548,50,6549.0,144.0,0.0,0.0,6547.5,0.0
0,987100,JAMS,6547.0,99.0,6546.0,115.0,0.0,0.0,6548,99,6549.0,115.0,0.0,0.0,6547.5,0.0
0,987200,JAMS,6547.0,56.0,6546.0,178.0,0.0,0.0,6548,56,6549.0,178.0,0.0,0.0,6547.5,0.0
0,987300,JAMS,6547.0,52.0,6546.0,179.0,0.0,0.0,6548,52,6549.0,179.0,0.0,0.0,6547.5,0.0
0,987400,JAMS,6546.0,232.0,0.0,0.0,0.0,0.0,6548,232,0.0,0.0,0.0,0.0,6547.0,0.0
0,987500,JAMS,6546.0,220.0,0.0,0.0,0.0,0.0,6548,220,0.0,0.0,0.0,0.0,6547.0,0.0
0,987600,JAMS,6546.0,289.0,0.0,0.0,0.0,0.0,6548,289,0.0,0.0,0.0,0.0,6547.0,0.0
0,987700,JAMS,6546.0,255.0,0.0,0.0,0.0,0.0,6548,255,0.0,0.0,0.0,0.0,6547.0,0.0
0,987800,JAMS,6546.0,259.0,0.0,0.0,0.0,0.0,6548,259,0.0,0.0,0.0,0.0,6547.0,0.0
0,987900,JAMS,6546.0,261.0,0.0,0.0,0.0,0.0,6548,261,0.0,0.0,0.0,0.0,6547.0,0.0
0,988000,JAMS,6546.0,175.0,0.0,0.0,0.0,0.0,6548,175,0.0,0.0,0.0,0.0,6547.0,0.0
0,988100,JAMS,6546.0,242.0,0.0,0.0,0.0,0.0,6548,242,0.0,0.0,0.0,0.0,6547.0,0.0
0,988200,JAMS,6547.0,75.0,6546.0,159.0,0.0,0.0,6548,75,6549.0,159.0,0.0,0.0,6547.5,0.0
0,988300,JAMS,6546.0,237.0,0.0,0.0,0.0,0.0,6548,237,0.0,0.0,0.0,0.0,6547.0,0.0
0,988400,JAMS,6546.0,220.0,0.0,0.0,0.0,0.0,6548,220,0.0,0.0,0.0,0.0,6547.0,0.0
0,988500,JAMS,6546.0,89.0,6545.0,102.0,0.0,0.0,6547,89,6548.0,102.0,0.0,0.0,6546.5,0.0
0,988600,JAMS,6546.0,98.0,6545.0,129.0,0.0,0.0,6547,98,6548.0,129.0,0.0,0.0,6546.5,0.0
0,988700,JAMS,6546.0,226.0,0.0,0.0,0.0,0.0,6548,226,0.0,0.0,0.0,0.0,6547.0,0.0
0,988800,JAMS,6546.0,221.0,0.0,0.0,0.0,0.0,6548,221,0.0,0.0,0.0,0.0,6547.0,0.0
0,988900,JAMS,6546.0,256.0,0.0,0.0,0.0,0.0,6548,256,0.0,0.0,0.0,0.0,6547.0,0.0
0,989000,JAMS,6546.0,184.0,0.0,0.0,0.0,0.0,6548,184,0.0,0.0,0.0,0.0,6547.0,0.0
0,989100,JAMS,6546.0,222.0,0.0,0.0,0.0,0.0,6548,222,0.0,0.0,0.0,0.0,6547.0,0.0
0,989200,JAMS,6546.0,92.0,6545.0,103.0,0.0,0.0,6547,92,6548.0,103.0,0.0,0.0,6546.5,0.0
0,989300,JAMS,6545.0,161.0,0.0,0.0,0.0,0.0,6547,161,0.0,0.0,0.0,0.0,6546.0,0.0
0,989400,JAMS,6545.0,258.0,0.0,0.0,0.0,0.0,6547,267,0.0,0.0,0.0,0.0,6546.0,0.0
0,989500,JAMS,6545.0,177.0,0.0,0.0,0.0,0.0,6547,177,0.0,0.0,0.0,0.0,6546.0,0.0
0,989600,JAMS,6545.0,212.0,0.0,0.0,0.0,0.0,6547,212,0.0,0.0,0.0,0.0,6546.0,0.0
0,989700,JAMS,6545.0,194.0,0.0,0.0,0.0,0.0,6547,194,0.0,0.0,0.0,0.0,6546.0,0.0
0,989800,JAMS,6545.0,203.0,0.0,0.0,0.0,0.0,6547,203,0.0,0.0,0.0,0.0,6546.0,0.0
0,989900,JAMS,6545.0,196.0,0.0,0.0,0.0,0.0,6547,196,0.0,0.0,0.0,0.0,6546.0,0.0
0,990000,JAMS,6546.0,156.0,0.0,0.0,0.0,0.0,6548,156,0.0,0.0,0.0,0.0,6547.0,0.0
0,990100,JAMS,6546.0,192.0,0.0,0.0,0.0,0.0,6548,201,0.0,0.0,0.0,0.0,6547.0,0.0
0,990200,JAMS,6546.0,234.0,0.0,0.0,0.0,0.0,6548,234,0.0,0.0,0.0,0.0,6547.0,0.0
0,990300,JAMS,6546.0,258.0,0.0,0.0,0.0,0.0,6548,258,0.0,0.0,0.0,0.0,6547.0,0.0
0,990400,JAMS,6546.0,220.0,0.0,0.0,0.0,0.0,6548,216,0.0,0.0,0.0,0.0,6547.0,0.0
0,990500,JAMS,6546.0,277.0,0.0,0.0,0.0,0.0,6548,277,0.0,0.0,0.0,0.0,6547.0,0.0
0,990600,JAMS,6546.0,238.0,0.0,0.0,0.0,0.0,6548,238,0.0,0.0,0.0,0.0,6547.0,0.0
0,990700,JAMS,6546.0,210.0,0.0,0.0,0.0,0.0,6548,210,0.0,0.0,0.0,0.0,6547.0,0.0
0,990800,JAMS,6546.0,80.0,6545.0,115.0,0.0,0.0,6547,80,6548.0,115.0,0.0,0.0,6546.5,0.0
0,990900,JAMS,6546.0,71.0,6545.0,124.0,0.0,0.0,6547,71,6548.0,124.0,0.0,0.0,6546.5,0.0
0,991000,JAMS,6545.0,165.0,0.0,0.0,0.0,0.0,6547,165,0.0,0.0,0.0,0.0,6546.0,0.0
0,991100,JAMS,6545.0,233.0,0.0,0.0,0.0,0.0,6547,233,0.0,0.0,0.0,0.0,6546.0,0.0
0,991200,JAMS,6545.0,236.0,0.0,0.0,0.0,0.0,6547,236,0.0,0.0,0.0,0.0,6546.0,0.0
0,991300,JAMS,6545.0,182.0,0.0,0.0,0.0,0.0,6547,182,0.0,0.0,0.0,0.0,6546.0,0.0
0,991400,JAMS,6545.0,61.0,6544.0,194.0,0.0,0.0,6546,61,6547.0,194.0,0.0,0.0,6545.5,0.0
0,991500,JAMS,6545.0,259.0,0.0,0.0,0.0,0.0,6547,259,0.0,0.0,0.0,0.0,6546.0,0.0
0,991600,JAMS,6545.0,66.0,6544.0,138.0,0.0,0.0,6546,66,6547.0,138.0,0.0,0.0,6545.5,0.0
0,991700,JAMS,6545.0,68.0,6544.0,150.0,0.0,0.0,6546,68,6547.0,150.0,0.0,0.0,6545.5,0.0
0,991800,JAMS,6545.0,80.0,6544.0,173.0,0.0,0.0,6546,80,6547.0,173.0,0.0,0.0,6545.5,0.0
0,991900,JAMS,6545.0,67.0,6544.0,152.0,0.0,0.0,6546,67,6547.0,152.0,0.0,0.0,6545.5,0.0
0,992000,JAMS,6545.0,91.0,6544.0,194.0,0.0,0.0,6546,91,6547.0,194.0,0.0,0.0,6545.5,0.0
0,992100,JAMS,6545.0,58.0,6544.0,155.0,0.0,0.0,6546,58,6547.0,155.0,0.0,0.0,6545.5,0.0
0,992200,JAMS,6545.0,83.0,6544.0,148.0,0.0,0.0,6546,83,6547.0,148.0,0.0,0.0,6545.5,0.0
0,992300,JAMS,6544.0,203.0,0.0,0.0,0.0,0.0,6546,203,0.0,0.0,0.0,0.0,6545.0,0.0
0,992400,JAMS,6544.0,251.0,0.0,0.0,0.0,0.0,6546,251,0.0,0.0,0.0,0.0,6545.0,0.0
0,992500,JAMS,6544.0,274.0,0.0,0.0,0.0,0.0,6546,274,0.0,0.0,0.0,0.0,6545.0,0.0
0,992600,JAMS,6544.0,99.0,6543.0,132.0,0.0,0.0,6545,99,6546.0,132.0,0.0,0.0,6544.5,0.0
0,992700,JAMS,6544.0,58.0,6543.0,127.0,0.0,0.0,6545,58,6546.0,127.0,0.0,0.0,6544.5,0.0
0,992800,JAMS,6544.0,82.0,6543.0,134.0,0.0,0.0,6545,82,6546.0,134.0,0.0,0.0,6544.5,0.0
0,992900,JAMS,6544.0,70.0,6543.0,193.0,0.0,0.0,6545,64,6546.0,193.0,0.0,0.0,6544.5,0.0
0,993000,JAMS,6544.0,248.0,0.0,0.0,0.0,0.0,6546,248,0.0,0.0,0.0,0.0,6545.0,0.0
0,993100,JAMS,6544.0,243.0,0.0,0.0,0.0,0.0,6546,243,0.0,0.0,0.0,0.0,6545.0,0.0
0,993200,JAMS,6544.0,51.0,6543.0,122.0,0.0,0.0,6545,51,6546.0,122.0,0.0,0.0,6544.5,0.0
0,993300,JAMS,6544.0,69.0,6543.0,113.0,0.0,0.0,6545,182,0.0,0.0,0.0,0.0,6544.5,0.0
0,993400,JAMS,6543.0,192.0,0.0,0.0,0.0,0.0,6545,192,0.0,0.0,0.0,0.0,6544.0,0.0
0,993500,JAMS,6543.0,90.0,6542.0,136.0,0.0,0.0,6544,90,6545.0,136.0,0.0,0.0,6543.5,0.0
0,993600,JAMS,6542.0,237.0,0.0,0.0,0.0,0.0,6544,237,0.0,0.0,0.0,0.0,6543.0,0.0
0,993700,JAMS,6542.0,239.0,0.0,0.0,0.0,0.0,6544,239,0.0,0.0,0.0,0.0,6543.0,0.0
0,993800,JAMS,6542.0,248.0,0.0,0.0,0.0,0.0,6544,248,0.0,0.0,0.0,0.0,6543.0,0.0
0,993900,JAMS,6542.0,241.0,0.0,0.0,0.0,0.0,6544,241,0.0,0.0,0.0,0.0,6543.0,0.0
0,994000,JAMS,6542.0,202.0,0.0,0.0,0.0,0.0,6544,202,0.0,0.0,0.0,0.0,6543.0,0.0
0,994100,JAMS,6543.0,57.0,6542.0,181.0,0.0,0.0,6544,57,6545.0,181.0,0.0,0.0,6543.5,0.0
0,994200,JAMS,6542.0,201.0,0.0,0.0,0.0,0.0,6544,201,0.0,0.0,0.0,0.0,6543.0,0.0
0,994300,JAMS,6543.0,95.0,6542.0,148.0,0.0,0.0,6544,243,0.0,0.0,0.0,0.0,6543.5,0.0
0,994400,JAMS,6543.0,79.0,6542.0,195.0,0.0,0.0,6544,274,0.0,0.0,0.0,0.0,6543.5,0.0
0,994500,JAMS,6542.0,201.0,0.0,0.0,0.0,0.0,6544,201,0.0,0.0,0.0,0.0,6543.0,0.0
0,994600,JAMS,6542.0,170.0,0.0,0.0,0.0,0.0,6544,170,0.0,0.0,0.0,0.0,6543.0,0.0
0,994700,JAMS,6542.0,218.0,0.0,0.0,0.0,0.0,6544,218,0.0,0.0,0.0,0.0,6543.0,0.0
0,994800,JAMS,6542.0,54.0,6541.0,126.0,0.0,0.0,6543,180,0.0,0.0,0.0,0.0,6542.5,0.0
0,994900,JAMS,6542.0,52.0,6541.0,180.0,0.0,0.0,6543,52,6544.0,180.0,0.0,0.0,6542.5,0.0
0,995000,JAMS,6542.0,77.0,6541.0,152.0,0.0,0.0,6543,77,6544.0,152.0,0.0,0.0,6542.5,0.0
0,995100,JAMS,6541.0,179.0,0.0,0.0,0.0,0.0,6543,179,0.0,0.0,0.0,0.0,6542.0,0.0
0,995200,JAMS,6541.0,225.0,0.0,0.0,0.0,0.0,6543,225,0.0,0.0,0.0,0.0,6542.0,0.0
0,995300,JAMS,6541.0,271.0,0.0,0.0,0.0,0.0,6543,271,0.0,0.0,0.0,0.0,6542.0,0.0
0,995400,JAMS,6541.0,225.0,0.0,0.0,0.0,0.0,6543,225,0.0,0.0,0.0,0.0,6542.0,0.0
0,995500,JAMS,6541.0,277.0,0.0,0.0,0.0,0.0,6543,277,0.0,0.0,0.0,0.0,6542.0,0.0
0,995600,JAMS,6541.0,233.0,0.0,0.0,0.0,0.0,6543,233,0.0,0.0,0.0,0.0,6542.0,0.0
0,995700,JAMS,6541.0,235.0,0.0,0.0,0.0,0.0,6543,238,0.0,0.0,0.0,0.0,6542.0,0.0
0,995800,JAMS,6541.0,62.0,6540.0,158.0,0.0,0.0,6542,62,6543.0,158.0,0.0,0.0,6541.5,0.0
0,995900,JAMS,6541.0,58.0,6540.0,158.0,0.0,0.0,6542,58,6543.0,158.0,0.0,0.0,6541.5,0.0
0,996000,JAMS,6541.0,73.0,6540.0,138.0,0.0,0.0,6542,73,6543.0,138.0,0.0,0.0,6541.5,0.0
0,996100,JAMS,6540.0,89.0,6539.0,147.0,0.0,0.0,6541,236,0.0,0.0,0.0,0.0,6540.5,0.0
0,996200,JAMS,6539.0,248.0,0.0,0.0,0.0,0.0,6541,248,0.0,0.0,0.0,0.0,6540.0,0.0
0,996300,JAMS,6539.0,215.0,0.0,0.0,0.0,0.0,6541,215,0.0,0.0,0.0,0.0,6540.0,0.0
0,996400,JAMS,6539.0,242.0,0.0,0.0,0.0,0.0,6541,242,0.0,0.0,0.0,0.0,6540.0,0.0
0,996500,JAMS,6540.0,260.0,0.0,0.0,0.0,0.0,6542,260,0.0,0.0,0.0,0.0,6541.0,0.0
0,996600,JAMS,6539.0,246.0,0.0,0.0,0.0,0.0,6541,246,0.0,0.0,0.0,0.0,6540.0,0.0
0,996700,JAMS,6541.0,83.0,6540.0,163.0,0.0,0.0,6542,83,6543.0,163.0,0.0,0.0,6541.5,0.0
0,996800,JAMS,6541.0,218.0,0.0,0.0,0.0,0.0,6543,218,0.0,0.0,0.0,0.0,6542.0,0.0
0,996900,JAMS,6540.0,209.0,0.0,0.0,0.0,0.0,6542,209,0.0,0.0,0.0,0.0,6541.0,0.0
0,997000,JAMS,6540.0,85.0,6539.0,191.0,0.0,0.0,6541,276,0.0,0.0,0.0,0.0,6540.5,0.0
0,997100,JAMS,6540.0,166.0,0.0,0.0,0.0,0.0,6542,166,0.0,0.0,0.0,0.0,6541.0,0.0
0,997200,JAMS,6540.0,53.0,6539.0,185.0,0.0,0.0,6541,53,6542.0,185.0,0.0,0.0,6540.5,0.0
0,997300,JAMS,6540.0,72.0,6539.0,166.0,0.0,0.0,6541,72,6542.0,166.0,0.0,0.0,6540.5,0.0
0,997400,JAMS,6540.0,61.0,6539.0,190.0,0.0,0.0,6541,61,6542.0,190.0,0.0,0.0,6540.5,0.0
0,997500,JAMS,6539.0,182.0,0.0,0.0,0.0,0.0,6541,182,0.0,0.0,0.0,0.0,6540.0,0.0
0,997600,JAMS,6540.0,74.0,6539.0,177.0,0.0,0.0,6541,74,6542.0,177.0,0.0,0.0,6540.5,0.0
0,997700,JAMS,6539.0,193.0,0.0,0.0,0.0,0.0,6541,193,0.0,0.0,0.0,0.0,6540.0,0.0
0,997800,JAMS,6539.0,78.0,6538.0,192.0,0.0,0.0,6540,78,6541.0,192.0,0.0,0.0,6539.5,0.0
0,997900,JAMS,6540.0,86.0,6539.0,156.0,0.0,0.0,6541,86,6542.0,156.0,0.0,0.0,6540.5,0.0
0,998000,JAMS,6540.0,53.0,6539.0,168.0,0.0,0.0,6541,221,0.0,0.0,0.0,0.0,6540.5,0.0
0,998100,JAMS,6539.0,194.0,0.0,0.0,0.0,0.0,6541,194,0.0,0.0,0.0,0.0,6540.0,0.0
0,998200,JAMS,6539.0,245.0,0.0,0.0,0.0,0.0,6541,245,0.0,0.0,0.0,0.0,6540.0,0.0
0,998300,JAMS,6539.0,284.0,0.0,0.0,0.0,0.0,6541,284,0.0,0.0,0.0,0.0,6540.0,0.0
0,998400,JAMS,6539.0,83.0,6538.0,142.0,0.0,0.0,6540,83,6541.0,142.0,0.0,0.0,6539.5,0.0
0,998500,JAMS,6539.0,258.0,0.0,0.0,0.0,0.0,6541,258,0.0,0.0,0.0,0.0,6540.0,0.0
0,998600,JAMS,6539.0,84.0,6538.0,166.0,0.0,0.0,6540,84,6541.0,166.0,0.0,0.0,6539.5,0.0
0,998700,JAMS,6539.0,91.0,6538.0,185.0,0.0,0.0,6540,91,6541.0,185.0,0.0,0.0,6539.5,0.0
0,998800,JAMS,6539.0,199.0,0.0,0.0,0.0,0.0,6541,199,0.0,0.0,0.0,0.0,6540.0,0.0
0,998900,JAMS,6539.0,215.0,0.0,0.0,0.0,0.0,6541,215,0.0,0.0,0.0,0.0,6540.0,0.0
0,999000,JAMS,6540.0,67.0,6539.0,120.0,0.0,0.0,6541,67,6542.0,120.0,0.0,0.0,6540.5,0.0
0,999100,JAMS,6540.0,225.0,0.0,0.0,0.0,0.0,6542,225,0.0,0.0,0.0,0.0,6541.0,0.0
0,999200,JAMS,6541.0,55.0,6540.0,186.0,0.0,0.0,6542,241,0.0,0.0,0.0,0.0,6541.5,0.0
0,999300,JAMS,6540.0,192.0,0.0,0.0,0.0,0.0,6542,192,0.0,0.0,0.0,0.0,6541.0,0.0
0,999400,JAMS,6540.0,243.0,0.0,0.0,0.0,0.0,6542,243,0.0,0.0,0.0,0.0,6541.0,0.0
0,999500,JAMS,6540.0,216.0,0.0,0.0,0.0,0.0,6542,216,0.0,0.0,0.0,0.0,6541.0,0.0
0,999600,JAMS,6540.0,250.0,0.0,0.0,0.0,0.0,6542,250,0.0,0.0,0.0,0.0,6541.0,0.0
0,999700,JAMS,6540.0,247.0,0.0,0.0,0.0,0.0,6542,247,0.0,0.0,0.0,0.0,6541.0,0.0
0,999800,JAMS,6541.0,81.0,6540.0,113.0,0.0,0.0,6542,81,6543.0,113.0,0.0,0.0,6541.5,0.0
0,999900,JAMS,6541.0,183.0,0.0,0.0,0.0,0.0,6543,183,0.0,0.0,0.0,0.0,6542.0,0.0
