day,timestamp,product,bid_price_1,bid_volume_1,bid_price_2,bid_volume_2,bid_price_3,bid_volume_3,ask_price_1,ask_volume_1,ask_price_2,ask_volume_2,ask_price_3,ask_volume_3,mid_price,profit_and_loss
0,0,KELP,2028.0,30.0,0.0,0.0,0.0,0.0,2032,30,0.0,0.0,0.0,0.0,2030.0,0.0
0,100,KELP,2030.0,4.0,2028.0,31.0,0.0,0.0,2032,31,0.0,0.0,0.0,0.0,2031.0,0.0
0,200,KELP,2029.0,1.0,2028.0,21.0,0.0,0.0,2032,22,0.0,0.0,0.0,0.0,2030.5,0.0
0,300,KELP,2029.0,25.0,0.0,0.0,0.0,0.0,2032,25,0.0,0.0,0.0,0.0,2030.5,0.0
0,400,KELP,2029.0,2.0,2028.0,23.0,0.0,0.0,2030,6,2032.0,25.0,0.0,0.0,2029.5,0.0
0,500,KELP,2028.0,24.0,0.0,0.0,0.0,0.0,2031,24,0.0,0.0,0.0,0.0,2029.5,0.0
0,600,KELP,2028.0,26.0,0.0,0.0,0.0,0.0,2031,26,0.0,0.0,0.0,0.0,2029.5,0.0
0,700,KELP,2029.0,5.0,2028.0,27.0,0.0,0.0,2032,27,0.0,0.0,0.0,0.0,2030.5,0.0
0,800,KELP,2028.0,26.0,0.0,0.0,0.0,0.0,2032,26,0.0,0.0,0.0,0.0,2030.0,0.0
0,900,KELP,2029.0,29.0,0.0,0.0,0.0,0.0,2032,29,0.0,0.0,0.0,0.0,2030.5,0.0
0,1000,KELP,2029.0,28.0,0.0,0.0,0.0,0.0,2032,28,0.0,0.0,0.0,0.0,2030.5,0.0
0,1100,KELP,2029.0,31.0,0.0,0.0,0.0,0.0,2032,25,0.0,0.0,0.0,0.0,2030.5,0.0
0,1200,KELP,2030.0,8.0,2029.0,30.0,0.0,0.0,2033,30,0.0,0.0,0.0,0.0,2031.5,0.0
0,1300,KELP,2029.0,28.0,0.0,0.0,0.0,0.0,2030,5,2033.0,28.0,0.0,0.0,2029.5,0.0
0,1400,KELP,2029.0,25.0,0.0,0.0,0.0,0.0,2033,26,0.0,0.0,0.0,0.0,2031.0,0.0
0,1500,KELP,2032.0,1.0,2029.0,22.0,0.0,0.0,2033,22,0.0,0.0,0.0,0.0,2032.5,0.0
0,1600,KELP,2029.0,23.0,0.0,0.0,0.0,0.0,2033,23,0.0,0.0,0.0,0.0,2031.0,0.0
0,1700,KELP,2029.0,27.0,0.0,0.0,0.0,0.0,2031,8,2033.0,27.0,0.0,0.0,2030.0,0.0
0,1800,KELP,2030.0,8.0,2029.0,27.0,0.0,0.0,2033,27,0.0,0.0,0.0,0.0,2031.5,0.0
0,1900,KELP,2030.0,31.0,0.0,0.0,0.0,0.0,2033,31,0.0,0.0,0.0,0.0,2031.5,0.0
0,2000,KELP,2030.0,19.0,0.0,0.0,0.0,0.0,2033,26,0.0,0.0,0.0,0.0,2031.5,0.0
0,2100,KELP,2030.0,23.0,0.0,0.0,0.0,0.0,2034,23,0.0,0.0,0.0,0.0,2032.0,0.0
0,2200,KELP,2030.0,32.0,0.0,0.0,0.0,0.0,2034,32,0.0,0.0,0.0,0.0,2032.0,0.0
0,2300,KELP,2030.0,24.0,0.0,0.0,0.0,0.0,2033,24,0.0,0.0,0.0,0.0,2031.5,0.0
0,2400,KELP,2032.0,10.0,2030.0,25.0,0.0,0.0,2033,25,0.0,0.0,0.0,0.0,2032.5,0.0
0,2500,KELP,2030.0,21.0,0.0,0.0,0.0,0.0,2033,1,2034.0,20.0,0.0,0.0,2031.5,0.0
0,2600,KELP,2030.0,25.0,0.0,0.0,0.0,0.0,2034,25,0.0,0.0,0.0,0.0,2032.0,0.0
0,2700,KELP,2030.0,25.0,0.0,0.0,0.0,0.0,2032,3,2033.0,1.0,2034.0,24.0,2031.0,0.0
0,2800,KELP,2033.0,1.0,2030.0,29.0,0.0,0.0,2034,29,0.0,0.0,0.0,0.0,2033.5,0.0
0,2900,KELP,2030.0,25.0,0.0,0.0,0.0,0.0,2034,25,0.0,0.0,0.0,0.0,2032.0,0.0
0,3000,KELP,2030.0,31.0,0.0,0.0,0.0,0.0,2034,31,0.0,0.0,0.0,0.0,2032.0,0.0
0,3100,KELP,2031.0,27.0,0.0,0.0,0.0,0.0,2034,28,0.0,0.0,0.0,0.0,2032.5,0.0
0,3200,KELP,2031.0,2.0,2030.0,30.0,0.0,0.0,2034,32,0.0,0.0,0.0,0.0,2032.5,0.0
0,3300,KELP,2031.0,28.0,0.0,0.0,0.0,0.0,2034,28,0.0,0.0,0.0,0.0,2032.5,0.0
0,3400,KELP,2030.0,29.0,0.0,0.0,0.0,0.0,2034,29,0.0,0.0,0.0,0.0,2032.0,0.0
0,3500,KELP,2031.0,30.0,0.0,0.0,0.0,0.0,2034,30,0.0,0.0,0.0,0.0,2032.5,0.0
0,3600,KELP,2031.0,23.0,0.0,0.0,0.0,0.0,2034,21,0.0,0.0,0.0,0.0,2032.5,0.0
0,3700,KELP,2031.0,2.0,2030.0,29.0,0.0,0.0,2032,4,2034.0,31.0,0.0,0.0,2031.5,0.0
0,3800,KELP,2030.0,30.0,0.0,0.0,0.0,0.0,2032,2,2033.0,30.0,0.0,0.0,2031.0,0.0
0,3900,KELP,2030.0,25.0,0.0,0.0,0.0,0.0,2033,25,0.0,0.0,0.0,0.0,2031.5,0.0
0,4000,KELP,2030.0,34.0,0.0,0.0,0.0,0.0,2033,29,0.0,0.0,0.0,0.0,2031.5,0.0
0,4100,KELP,2030.0,31.0,0.0,0.0,0.0,0.0,2033,24,0.0,0.0,0.0,0.0,2031.5,0.0
0,4200,KELP,2030.0,31.0,0.0,0.0,0.0,0.0,2033,28,0.0,0.0,0.0,0.0,2031.5,0.0
0,4300,KELP,2030.0,31.0,0.0,0.0,0.0,0.0,2033,31,0.0,0.0,0.0,0.0,2031.5,0.0
0,4400,KELP,2030.0,34.0,0.0,0.0,0.0,0.0,2033,27,0.0,0.0,0.0,0.0,2031.5,0.0
0,4500,KELP,2030.0,5.0,2029.0,27.0,0.0,0.0,2033,27,0.0,0.0,0.0,0.0,2031.5,0.0
0,4600,KELP,2029.0,22.0,0.0,0.0,0.0,0.0,2032,1,2033.0,21.0,0.0,0.0,2030.5,0.0
0,4700,KELP,2029.0,27.0,0.0,0.0,0.0,0.0,2031,1,2032.0,27.0,0.0,0.0,2030.0,0.0
0,4800,KELP,2029.0,25.0,0.0,0.0,0.0,0.0,2031,3,2032.0,25.0,0.0,0.0,2030.0,0.0
0,4900,KELP,2029.0,22.0,0.0,0.0,0.0,0.0,2032,22,0.0,0.0,0.0,0.0,2030.5,0.0
0,5000,KELP,2029.0,1.0,2028.0,22.0,0.0,0.0,2030,1,2032.0,23.0,0.0,0.0,2029.5,0.0
0,5100,KELP,2031.0,1.0,2028.0,25.0,0.0,0.0,2032,25,0.0,0.0,0.0,0.0,2031.5,0.0
0,5200,KELP,2029.0,2.0,2028.0,22.0,0.0,0.0,2032,24,0.0,0.0,0.0,0.0,2030.5,0.0
0,5300,KELP,2029.0,25.0,0.0,0.0,0.0,0.0,2032,25,0.0,0.0,0.0,0.0,2030.5,0.0
0,5400,KELP,2029.0,27.0,0.0,0.0,0.0,0.0,2030,6,2032.0,27.0,0.0,0.0,2029.5,0.0
0,5500,KELP,2029.0,36.0,0.0,0.0,0.0,0.0,2032,30,0.0,0.0,0.0,0.0,2030.5,0.0
0,5600,KELP,2031.0,2.0,2029.0,27.0,0.0,0.0,2032,1,2033.0,26.0,0.0,0.0,2031.5,0.0
0,5700,KELP,2029.0,25.0,0.0,0.0,0.0,0.0,2031,5,2033.0,25.0,0.0,0.0,2030.0,0.0
0,5800,KELP,2031.0,1.0,2029.0,24.0,0.0,0.0,2033,24,0.0,0.0,0.0,0.0,2032.0,0.0
0,5900,KELP,2030.0,9.0,2029.0,21.0,0.0,0.0,2033,21,0.0,0.0,0.0,0.0,2031.5,0.0
0,6000,KELP,2029.0,24.0,0.0,0.0,0.0,0.0,2032,2,2033.0,22.0,0.0,0.0,2030.5,0.0
0,6100,KELP,2029.0,25.0,0.0,0.0,0.0,0.0,2030,5,2033.0,25.0,0.0,0.0,2029.5,0.0
0,6200,KELP,2029.0,30.0,0.0,0.0,0.0,0.0,2033,30,0.0,0.0,0.0,0.0,2031.0,0.0
0,6300,KELP,2029.0,24.0,0.0,0.0,0.0,0.0,2033,25,0.0,0.0,0.0,0.0,2031.0,0.0
0,6400,KELP,2030.0,4.0,2029.0,23.0,0.0,0.0,2032,23,0.0,0.0,0.0,0.0,2031.0,0.0
0,6500,KELP,2031.0,3.0,2029.0,20.0,0.0,0.0,2032,20,0.0,0.0,0.0,0.0,2031.5,0.0
0,6600,KELP,2029.0,27.0,0.0,0.0,0.0,0.0,2032,27,0.0,0.0,0.0,0.0,2030.5,0.0
0,6700,KELP,2029.0,33.0,0.0,0.0,0.0,0.0,2032,28,0.0,0.0,0.0,0.0,2030.5,0.0
0,6800,KELP,2029.0,24.0,0.0,0.0,0.0,0.0,2033,24,0.0,0.0,0.0,0.0,2031.0,0.0
0,6900,KELP,2030.0,28.0,0.0,0.0,0.0,0.0,2032,4,2033.0,28.0,0.0,0.0,2031.0,0.0
0,7000,KELP,2031.0,6.0,2030.0,29.0,0.0,0.0,2033,29,0.0,0.0,0.0,0.0,2032.0,0.0
0,7100,KELP,2030.0,30.0,0.0,0.0,0.0,0.0,2033,30,0.0,0.0,0.0,0.0,2031.5,0.0
0,7200,KELP,2030.0,23.0,0.0,0.0,0.0,0.0,2033,23,0.0,0.0,0.0,0.0,2031.5,0.0
0,7300,KELP,2030.0,25.0,0.0,0.0,0.0,0.0,2033,25,0.0,0.0,0.0,0.0,2031.5,0.0
0,7400,KELP,2030.0,30.0,0.0,0.0,0.0,0.0,2032,6,2033.0,30.0,0.0,0.0,2031.0,0.0
0,7500,KELP,2030.0,29.0,0.0,0.0,0.0,0.0,2033,29,0.0,0.0,0.0,0.0,2031.5,0.0
0,7600,KELP,2030.0,26.0,0.0,0.0,0.0,0.0,2033,26,0.0,0.0,0.0,0.0,2031.5,0.0
0,7700,KELP,2030.0,28.0,0.0,0.0,0.0,0.0,2032,5,2033.0,28.0,0.0,0.0,2031.0,0.0
0,7800,KELP,2032.0,1.0,2030.0,23.0,0.0,0.0,2033,23,0.0,0.0,0.0,0.0,2032.5,0.0
0,7900,KELP,2032.0,1.0,2030.0,26.0,0.0,0.0,2033,26,0.0,0.0,0.0,0.0,2032.5,0.0
0,8000,KELP,2030.0,6.0,2029.0,22.0,0.0,0.0,2033,23,0.0,0.0,0.0,0.0,2031.5,0.0
0,8100,KELP,2030.0,5.0,2029.0,22.0,0.0,0.0,2033,22,0.0,0.0,0.0,0.0,2031.5,0.0
0,8200,KELP,2030.0,20.0,0.0,0.0,0.0,0.0,2032,8,2033.0,20.0,0.0,0.0,2031.0,0.0
0,8300,KELP,2030.0,27.0,0.0,0.0,0.0,0.0,2033,27,0.0,0.0,0.0,0.0,2031.5,0.0
0,8400,KELP,2030.0,34.0,0.0,0.0,0.0,0.0,2033,26,0.0,0.0,0.0,0.0,2031.5,0.0
0,8500,KELP,2030.0,30.0,0.0,0.0,0.0,0.0,2033,30,0.0,0.0,0.0,0.0,2031.5,0.0
0,8600,KELP,2030.0,23.0,0.0,0.0,0.0,0.0,2032,4,2033.0,23.0,0.0,0.0,2031.0,0.0
0,8700,KELP,2030.0,30.0,0.0,0.0,0.0,0.0,2032,6,2033.0,30.0,0.0,0.0,2031.0,0.0
0,8800,KELP,2030.0,24.0,0.0,0.0,0.0,0.0,2033,23,0.0,0.0,0.0,0.0,2031.5,0.0
0,8900,KELP,2030.0,27.0,0.0,0.0,0.0,0.0,2033,27,0.0,0.0,0.0,0.0,2031.5,0.0
0,9000,KELP,2030.0,23.0,0.0,0.0,0.0,0.0,2033,23,0.0,0.0,0.0,0.0,2031.5,0.0
0,9100,KELP,2030.0,31.0,0.0,0.0,0.0,0.0,2033,31,0.0,0.0,0.0,0.0,2031.5,0.0
0,9200,KELP,2030.0,24.0,0.0,0.0,0.0,0.0,2032,7,2033.0,24.0,0.0,0.0,2031.0,0.0
0,9300,KELP,2032.0,4.0,2030.0,28.0,0.0,0.0,2033,23,0.0,0.0,0.0,0.0,2032.5,0.0
0,9400,KELP,2030.0,24.0,0.0,0.0,0.0,0.0,2033,24,0.0,0.0,0.0,0.0,2031.5,0.0
0,9500,KELP,2030.0,29.0,0.0,0.0,0.0,0.0,2032,4,2033.0,29.0,0.0,0.0,2031.0,0.0
0,9600,KELP,2030.0,14.0,0.0,0.0,0.0,0.0,2033,20,0.0,0.0,0.0,0.0,2031.5,0.0
0,9700,KELP,2029.0,25.0,0.0,0.0,0.0,0.0,2033,25,0.0,0.0,0.0,0.0,2031.0,0.0
0,9800,KELP,2030.0,21.0,0.0,0.0,0.0,0.0,2033,21,0.0,0.0,0.0,0.0,2031.5,0.0
0,9900,KELP,2030.0,22.0,0.0,0.0,0.0,0.0,2033,22,0.0,0.0,0.0,0.0,2031.5,0.0
0,10000,KELP,2030.0,31.0,0.0,0.0,0.0,0.0,2033,31,0.0,0.0,0.0,0.0,2031.5,0.0
0,10100,KELP,2032.0,4.0,2030.0,22.0,0.0,0.0,2033,22,0.0,0.0,0.0,0.0,2032.5,0.0
0,10200,KELP,2030.0,25.0,0.0,0.0,0.0,0.0,2033,25,0.0,0.0,0.0,0.0,2031.5,0.0
0,10300,KELP,2030.0,22.0,0.0,0.0,0.0,0.0,2033,22,0.0,0.0,0.0,0.0,2031.5,0.0
0,10400,KELP,2030.0,30.0,0.0,0.0,0.0,0.0,2032,5,2033.0,30.0,0.0,0.0,2031.0,0.0
0,10500,KELP,2030.0,28.0,0.0,0.0,0.0,0.0,2033,28,0.0,0.0,0.0,0.0,2031.5,0.0
0,10600,KELP,2030.0,23.0,0.0,0.0,0.0,0.0,2032,3,2033.0,23.0,0.0,0.0,2031.0,0.0
0,10700,KELP,2029.0,23.0,0.0,0.0,0.0,0.0,2033,23,0.0,0.0,0.0,0.0,2031.0,0.0
0,10800,KELP,2029.0,22.0,0.0,0.0,0.0,0.0,2033,23,0.0,0.0,0.0,0.0,2031.0,0.0
0,10900,KELP,2029.0,30.0,0.0,0.0,0.0,0.0,2033,30,0.0,0.0,0.0,0.0,2031.0,0.0
0,11000,KELP,2029.0,30.0,0.0,0.0,0.0,0.0,2032,1,2033.0,29.0,0.0,0.0,2030.5,0.0
0,11100,KELP,2029.0,31.0,0.0,0.0,0.0,0.0,2033,31,0.0,0.0,0.0,0.0,2031.0,0.0
0,11200,KELP,2029.0,29.0,0.0,0.0,0.0,0.0,2032,1,2033.0,28.0,0.0,0.0,2030.5,0.0
0,11300,KELP,2029.0,27.0,0.0,0.0,0.0,0.0,2033,27,0.0,0.0,0.0,0.0,2031.0,0.0
0,11400,KELP,2029.0,24.0,0.0,0.0,0.0,0.0,2033,24,0.0,0.0,0.0,0.0,2031.0,0.0
0,11500,KELP,2030.0,7.0,2029.0,29.0,0.0,0.0,2033,29,0.0,0.0,0.0,0.0,2031.5,0.0
0,11600,KELP,2029.0,26.0,0.0,0.0,0.0,0.0,2031,6,2033.0,26.0,0.0,0.0,2030.0,0.0
0,11700,KELP,2029.0,22.0,0.0,0.0,0.0,0.0,2033,22,0.0,0.0,0.0,0.0,2031.0,0.0
0,11800,KELP,2029.0,21.0,0.0,0.0,0.0,0.0,2033,21,0.0,0.0,0.0,0.0,2031.0,0.0
0,11900,KELP,2029.0,25.0,0.0,0.0,0.0,0.0,2033,25,0.0,0.0,0.0,0.0,2031.0,0.0
0,12000,KELP,2030.0,25.0,0.0,0.0,0.0,0.0,2033,25,0.0,0.0,0.0,0.0,2031.5,0.0
0,12100,KELP,2030.0,2.0,2029.0,20.0,0.0,0.0,2033,22,0.0,0.0,0.0,0.0,2031.5,0.0
0,12200,KELP,2029.0,28.0,0.0,0.0,0.0,0.0,2033,28,0.0,0.0,0.0,0.0,2031.0,0.0
0,12300,KELP,2030.0,28.0,0.0,0.0,0.0,0.0,2031,6,2033.0,24.0,0.0,0.0,2030.5,0.0
0,12400,KELP,2030.0,30.0,0.0,0.0,0.0,0.0,2033,30,0.0,0.0,0.0,0.0,2031.5,0.0
0,12500,KELP,2030.0,31.0,0.0,0.0,0.0,0.0,2032,8,2033.0,31.0,0.0,0.0,2031.0,0.0
0,12600,KELP,2030.0,31.0,0.0,0.0,0.0,0.0,2033,31,0.0,0.0,0.0,0.0,2031.5,0.0
0,12700,KELP,2030.0,31.0,0.0,0.0,0.0,0.0,2033,31,0.0,0.0,0.0,0.0,2031.5,0.0
0,12800,KELP,2030.0,31.0,0.0,0.0,0.0,0.0,2032,3,2033.0,31.0,0.0,0.0,2031.0,0.0
0,12900,KELP,2030.0,24.0,0.0,0.0,0.0,0.0,2032,4,2033.0,24.0,0.0,0.0,2031.0,0.0
0,13000,KELP,2029.0,27.0,0.0,0.0,0.0,0.0,2033,27,0.0,0.0,0.0,0.0,2031.0,0.0
0,13100,KELP,2031.0,2.0,2030.0,7.0,2029.0,30.0,2032,2,2033.0,28.0,0.0,0.0,2031.5,0.0
0,13200,KELP,2030.0,28.0,0.0,0.0,0.0,0.0,2032,3,2033.0,28.0,0.0,0.0,2031.0,0.0
0,13300,KELP,2030.0,28.0,0.0,0.0,0.0,0.0,2032,6,2033.0,28.0,0.0,0.0,2031.0,0.0
0,13400,KELP,2030.0,34.0,0.0,0.0,0.0,0.0,2033,26,0.0,0.0,0.0,0.0,2031.5,0.0
0,13500,KELP,2030.0,35.0,0.0,0.0,0.0,0.0,2033,30,0.0,0.0,0.0,0.0,2031.5,0.0
0,13600,KELP,2032.0,5.0,2030.0,25.0,0.0,0.0,2033,25,0.0,0.0,0.0,0.0,2032.5,0.0
0,13700,KELP,2031.0,3.0,2030.0,30.0,0.0,0.0,2034,30,0.0,0.0,0.0,0.0,2032.5,0.0
0,13800,KELP,2030.0,25.0,0.0,0.0,0.0,0.0,2034,25,0.0,0.0,0.0,0.0,2032.0,0.0
0,13900,KELP,2030.0,20.0,0.0,0.0,0.0,0.0,2034,20,0.0,0.0,0.0,0.0,2032.0,0.0
0,14000,KELP,2033.0,1.0,2030.0,27.0,0.0,0.0,2034,27,0.0,0.0,0.0,0.0,2033.5,0.0
0,14100,KELP,2032.0,3.0,2030.0,24.0,0.0,0.0,2034,24,0.0,0.0,0.0,0.0,2033.0,0.0
0,14200,KELP,2030.0,24.0,0.0,0.0,0.0,0.0,2034,24,0.0,0.0,0.0,0.0,2032.0,0.0
0,14300,KELP,2030.0,30.0,0.0,0.0,0.0,0.0,2031,1,2034.0,30.0,0.0,0.0,2030.5,0.0
0,14400,KELP,2030.0,23.0,0.0,0.0,0.0,0.0,2032,4,2034.0,23.0,0.0,0.0,2031.0,0.0
0,14500,KELP,2030.0,22.0,0.0,0.0,0.0,0.0,2031,2,2032.0,1.0,2034.0,23.0,2030.5,0.0
0,14600,KELP,2030.0,21.0,0.0,0.0,0.0,0.0,2034,21,0.0,0.0,0.0,0.0,2032.0,0.0
0,14700,KELP,2030.0,26.0,0.0,0.0,0.0,0.0,2034,26,0.0,0.0,0.0,0.0,2032.0,0.0
0,14800,KELP,2030.0,22.0,0.0,0.0,0.0,0.0,2032,5,2034.0,23.0,0.0,0.0,2031.0,0.0
0,14900,KELP,2030.0,30.0,0.0,0.0,0.0,0.0,2034,30,0.0,0.0,0.0,0.0,2032.0,0.0
0,15000,KELP,2030.0,22.0,0.0,0.0,0.0,0.0,2034,23,0.0,0.0,0.0,0.0,2032.0,0.0
0,15100,KELP,2033.0,1.0,2030.0,26.0,0.0,0.0,2034,26,0.0,0.0,0.0,0.0,2033.5,0.0
0,15200,KELP,2030.0,25.0,0.0,0.0,0.0,0.0,2031,3,2034.0,25.0,0.0,0.0,2030.5,0.0
0,15300,KELP,2031.0,4.0,2030.0,24.0,0.0,0.0,2034,24,0.0,0.0,0.0,0.0,2032.5,0.0
0,15400,KELP,2030.0,26.0,0.0,0.0,0.0,0.0,2032,3,2034.0,26.0,0.0,0.0,2031.0,0.0
0,15500,KELP,2030.0,20.0,0.0,0.0,0.0,0.0,2032,5,2033.0,20.0,0.0,0.0,2031.0,0.0
0,15600,KELP,2031.0,8.0,2030.0,24.0,0.0,0.0,2033,1,2034.0,23.0,0.0,0.0,2032.0,0.0
0,15700,KELP,2030.0,22.0,0.0,0.0,0.0,0.0,2033,22,0.0,0.0,0.0,0.0,2031.5,0.0
0,15800,KELP,2030.0,26.0,0.0,0.0,0.0,0.0,2032,3,2033.0,26.0,0.0,0.0,2031.0,0.0
0,15900,KELP,2030.0,27.0,0.0,0.0,0.0,0.0,2033,27,0.0,0.0,0.0,0.0,2031.5,0.0
0,16000,KELP,2030.0,35.0,0.0,0.0,0.0,0.0,2033,27,0.0,0.0,0.0,0.0,2031.5,0.0
0,16100,KELP,2030.0,29.0,0.0,0.0,0.0,0.0,2033,29,0.0,0.0,0.0,0.0,2031.5,0.0
0,16200,KELP,2032.0,1.0,2030.0,21.0,0.0,0.0,2033,21,0.0,0.0,0.0,0.0,2032.5,0.0
0,16300,KELP,2030.0,31.0,0.0,0.0,0.0,0.0,2032,2,2033.0,31.0,0.0,0.0,2031.0,0.0
0,16400,KELP,2030.0,20.0,0.0,0.0,0.0,0.0,2033,24,0.0,0.0,0.0,0.0,2031.5,0.0
0,16500,KELP,2030.0,27.0,0.0,0.0,0.0,0.0,2032,6,2033.0,27.0,0.0,0.0,2031.0,0.0
0,16600,KELP,2030.0,25.0,0.0,0.0,0.0,0.0,2033,25,0.0,0.0,0.0,0.0,2031.5,0.0
0,16700,KELP,2030.0,23.0,0.0,0.0,0.0,0.0,2033,24,0.0,0.0,0.0,0.0,2031.5,0.0
0,16800,KELP,2030.0,32.0,0.0,0.0,0.0,0.0,2033,32,0.0,0.0,0.0,0.0,2031.5,0.0
0,16900,KELP,2030.0,30.0,0.0,0.0,0.0,0.0,2033,24,0.0,0.0,0.0,0.0,2031.5,0.0
0,17000,KELP,2030.0,23.0,0.0,0.0,0.0,0.0,2033,23,0.0,0.0,0.0,0.0,2031.5,0.0
0,17100,KELP,2030.0,30.0,0.0,0.0,0.0,0.0,2033,31,0.0,0.0,0.0,0.0,2031.5,0.0
0,17200,KELP,2030.0,26.0,0.0,0.0,0.0,0.0,2033,26,0.0,0.0,0.0,0.0,2031.5,0.0
0,17300,KELP,2030.0,28.0,0.0,0.0,0.0,0.0,2032,2,2033.0,28.0,0.0,0.0,2031.0,0.0
0,17400,KELP,2030.0,29.0,0.0,0.0,0.0,0.0,2033,25,0.0,0.0,0.0,0.0,2031.5,0.0
0,17500,KELP,2030.0,24.0,0.0,0.0,0.0,0.0,2033,24,0.0,0.0,0.0,0.0,2031.5,0.0
0,17600,KELP,2030.0,27.0,0.0,0.0,0.0,0.0,2033,27,0.0,0.0,0.0,0.0,2031.5,0.0
0,17700,KELP,2030.0,24.0,0.0,0.0,0.0,0.0,2033,24,0.0,0.0,0.0,0.0,2031.5,0.0
0,17800,KELP,2030.0,23.0,0.0,0.0,0.0,0.0,2033,23,0.0,0.0,0.0,0.0,2031.5,0.0
0,17900,KELP,2030.0,30.0,0.0,0.0,0.0,0.0,2033,30,0.0,0.0,0.0,0.0,2031.5,0.0
0,18000,KELP,2032.0,5.0,2030.0,28.0,0.0,0.0,2033,28,0.0,0.0,0.0,0.0,2032.5,0.0
0,18100,KELP,2030.0,21.0,0.0,0.0,0.0,0.0,2033,21,0.0,0.0,0.0,0.0,2031.5,0.0
0,18200,KELP,2032.0,1.0,2030.0,2.0,2029.0,23.0,2033,24,0.0,0.0,0.0,0.0,2032.5,0.0
0,18300,KELP,2030.0,2.0,2029.0,29.0,0.0,0.0,2033,29,0.0,0.0,0.0,0.0,2031.5,0.0
0,18400,KELP,2029.0,30.0,0.0,0.0,0.0,0.0,2031,3,2033.0,30.0,0.0,0.0,2030.0,0.0
0,18500,KELP,2029.0,32.0,0.0,0.0,0.0,0.0,2033,32,0.0,0.0,0.0,0.0,2031.0,0.0
0,18600,KELP,2029.0,31.0,0.0,0.0,0.0,0.0,2031,7,2033.0,31.0,0.0,0.0,2030.0,0.0
0,18700,KELP,2029.0,27.0,0.0,0.0,0.0,0.0,2031,3,2033.0,27.0,0.0,0.0,2030.0,0.0
0,18800,KELP,2029.0,24.0,0.0,0.0,0.0,0.0,2031,8,2033.0,24.0,0.0,0.0,2030.0,0.0
0,18900,KELP,2030.0,4.0,2029.0,28.0,0.0,0.0,2033,28,0.0,0.0,0.0,0.0,2031.5,0.0
0,19000,KELP,2031.0,5.0,2029.0,25.0,0.0,0.0,2033,25,0.0,0.0,0.0,0.0,2032.0,0.0
0,19100,KELP,2030.0,1.0,2029.0,28.0,0.0,0.0,2031,12,2033.0,29.0,0.0,0.0,2030.5,0.0
0,19200,KELP,2030.0,1.0,2029.0,28.0,0.0,0.0,2033,29,0.0,0.0,0.0,0.0,2031.5,0.0
0,19300,KELP,2030.0,5.0,2029.0,30.0,0.0,0.0,2033,32,0.0,0.0,0.0,0.0,2031.5,0.0
0,19400,KELP,2030.0,5.0,2029.0,20.0,0.0,0.0,2033,21,0.0,0.0,0.0,0.0,2031.5,0.0
0,19500,KELP,2030.0,23.0,0.0,0.0,0.0,0.0,2033,22,0.0,0.0,0.0,0.0,2031.5,0.0
0,19600,KELP,2030.0,31.0,0.0,0.0,0.0,0.0,2033,31,0.0,0.0,0.0,0.0,2031.5,0.0
0,19700,KELP,2030.0,25.0,0.0,0.0,0.0,0.0,2033,25,0.0,0.0,0.0,0.0,2031.5,0.0
0,19800,KELP,2030.0,20.0,0.0,0.0,0.0,0.0,2033,20,0.0,0.0,0.0,0.0,2031.5,0.0
0,19900,KELP,2030.0,28.0,0.0,0.0,0.0,0.0,2033,28,0.0,0.0,0.0,0.0,2031.5,0.0
0,20000,KELP,2030.0,29.0,0.0,0.0,0.0,0.0,2033,29,0.0,0.0,0.0,0.0,2031.5,0.0
0,20100,KELP,2030.0,31.0,0.0,0.0,0.0,0.0,2033,31,0.0,0.0,0.0,0.0,2031.5,0.0
0,20200,KELP,2030.0,29.0,0.0,0.0,0.0,0.0,2033,29,0.0,0.0,0.0,0.0,2031.5,0.0
0,20300,KELP,2030.0,23.0,0.0,0.0,0.0,0.0,2033,23,0.0,0.0,0.0,0.0,2031.5,0.0
0,20400,KELP,2030.0,24.0,0.0,0.0,0.0,0.0,2033,24,0.0,0.0,0.0,0.0,2031.5,0.0
0,20500,KELP,2032.0,10.0,2030.0,30.0,0.0,0.0,2033,30,0.0,0.0,0.0,0.0,2032.5,0.0
0,20600,KELP,2030.0,23.0,0.0,0.0,0.0,0.0,2033,23,0.0,0.0,0.0,0.0,2031.5,0.0
0,20700,KELP,2030.0,31.0,0.0,0.0,0.0,0.0,2033,31,0.0,0.0,0.0,0.0,2031.5,0.0
0,20800,KELP,2032.0,1.0,2030.0,25.0,0.0,0.0,2033,25,0.0,0.0,0.0,0.0,2032.5,0.0
0,20900,KELP,2030.0,24.0,0.0,0.0,0.0,0.0,2033,24,0.0,0.0,0.0,0.0,2031.5,0.0
0,21000,KELP,2030.0,27.0,0.0,0.0,0.0,0.0,2033,27,0.0,0.0,0.0,0.0,2031.5,0.0
0,21100,KELP,2030.0,30.0,0.0,0.0,0.0,0.0,2033,30,0.0,0.0,0.0,0.0,2031.5,0.0
0,21200,KELP,2030.0,23.0,0.0,0.0,0.0,0.0,2033,23,0.0,0.0,0.0,0.0,2031.5,0.0
0,21300,KELP,2030.0,28.0,0.0,0.0,0.0,0.0,2032,5,2034.0,29.0,0.0,0.0,2031.0,0.0
0,21400,KELP,2030.0,30.0,0.0,0.0,0.0,0.0,2034,30,0.0,0.0,0.0,0.0,2032.0,0.0
0,21500,KELP,2030.0,24.0,0.0,0.0,0.0,0.0,2032,5,2034.0,24.0,0.0,0.0,2031.0,0.0
0,21600,KELP,2030.0,28.0,0.0,0.0,0.0,0.0,2034,29,0.0,0.0,0.0,0.0,2032.0,0.0
0,21700,KELP,2030.0,31.0,0.0,0.0,0.0,0.0,2034,31,0.0,0.0,0.0,0.0,2032.0,0.0
0,21800,KELP,2030.0,28.0,0.0,0.0,0.0,0.0,2034,29,0.0,0.0,0.0,0.0,2032.0,0.0
0,21900,KELP,2031.0,1.0,2030.0,30.0,0.0,0.0,2034,30,0.0,0.0,0.0,0.0,2032.5,0.0
0,22000,KELP,2031.0,4.0,2030.0,24.0,0.0,0.0,2032,2,2034.0,24.0,0.0,0.0,2031.5,0.0
0,22100,KELP,2031.0,24.0,0.0,0.0,0.0,0.0,2034,25,0.0,0.0,0.0,0.0,2032.5,0.0
0,22200,KELP,2031.0,28.0,0.0,0.0,0.0,0.0,2033,6,2034.0,28.0,0.0,0.0,2032.0,0.0
0,22300,KELP,2031.0,30.0,0.0,0.0,0.0,0.0,2034,30,0.0,0.0,0.0,0.0,2032.5,0.0
0,22400,KELP,2031.0,26.0,0.0,0.0,0.0,0.0,2034,26,0.0,0.0,0.0,0.0,2032.5,0.0
0,22500,KELP,2031.0,27.0,0.0,0.0,0.0,0.0,2034,27,0.0,0.0,0.0,0.0,2032.5,0.0
0,22600,KELP,2031.0,27.0,0.0,0.0,0.0,0.0,2034,27,0.0,0.0,0.0,0.0,2032.5,0.0
0,22700,KELP,2031.0,28.0,0.0,0.0,0.0,0.0,2034,28,0.0,0.0,0.0,0.0,2032.5,0.0
0,22800,KELP,2031.0,30.0,0.0,0.0,0.0,0.0,2034,30,0.0,0.0,0.0,0.0,2032.5,0.0
0,22900,KELP,2031.0,26.0,0.0,0.0,0.0,0.0,2034,26,0.0,0.0,0.0,0.0,2032.5,0.0
0,23000,KELP,2031.0,26.0,0.0,0.0,0.0,0.0,2034,26,0.0,0.0,0.0,0.0,2032.5,0.0
0,23100,KELP,2031.0,1.0,2030.0,23.0,0.0,0.0,2034,24,0.0,0.0,0.0,0.0,2032.5,0.0
0,23200,KELP,2030.0,26.0,0.0,0.0,0.0,0.0,2034,26,0.0,0.0,0.0,0.0,2032.0,0.0
0,23300,KELP,2032.0,2.0,2031.0,22.0,0.0,0.0,2033,3,2034.0,22.0,0.0,0.0,2032.5,0.0
0,23400,KELP,2030.0,21.0,0.0,0.0,0.0,0.0,2034,21,0.0,0.0,0.0,0.0,2032.0,0.0
0,23500,KELP,2031.0,28.0,0.0,0.0,0.0,0.0,2034,28,0.0,0.0,0.0,0.0,2032.5,0.0
0,23600,KELP,2031.0,21.0,0.0,0.0,0.0,0.0,2033,2,2034.0,21.0,0.0,0.0,2032.0,0.0
0,23700,KELP,2031.0,24.0,0.0,0.0,0.0,0.0,2034,24,0.0,0.0,0.0,0.0,2032.5,0.0
0,23800,KELP,2031.0,23.0,0.0,0.0,0.0,0.0,2034,23,0.0,0.0,0.0,0.0,2032.5,0.0
0,23900,KELP,2033.0,1.0,2031.0,20.0,0.0,0.0,2034,20,0.0,0.0,0.0,0.0,2033.5,0.0
0,24000,KELP,2031.0,1.0,2030.0,22.0,0.0,0.0,2034,23,0.0,0.0,0.0,0.0,2032.5,0.0
0,24100,KELP,2030.0,26.0,0.0,0.0,0.0,0.0,2032,5,2034.0,26.0,0.0,0.0,2031.0,0.0
0,24200,KELP,2032.0,1.0,2030.0,27.0,0.0,0.0,2034,27,0.0,0.0,0.0,0.0,2033.0,0.0
0,24300,KELP,2030.0,23.0,0.0,0.0,0.0,0.0,2034,23,0.0,0.0,0.0,0.0,2032.0,0.0
0,24400,KELP,2030.0,25.0,0.0,0.0,0.0,0.0,2034,25,0.0,0.0,0.0,0.0,2032.0,0.0
0,24500,KELP,2031.0,2.0,2030.0,21.0,0.0,0.0,2034,21,0.0,0.0,0.0,0.0,2032.5,0.0
0,24600,KELP,2030.0,27.0,0.0,0.0,0.0,0.0,2034,27,0.0,0.0,0.0,0.0,2032.0,0.0
0,24700,KELP,2030.0,22.0,0.0,0.0,0.0,0.0,2034,22,0.0,0.0,0.0,0.0,2032.0,0.0
0,24800,KELP,2030.0,28.0,0.0,0.0,0.0,0.0,2034,28,0.0,0.0,0.0,0.0,2032.0,0.0
0,24900,KELP,2030.0,30.0,0.0,0.0,0.0,0.0,2032,1,2034.0,30.0,0.0,0.0,2031.0,0.0
0,25000,KELP,2031.0,8.0,2030.0,27.0,0.0,0.0,2034,27,0.0,0.0,0.0,0.0,2032.5,0.0
0,25100,KELP,2030.0,23.0,0.0,0.0,0.0,0.0,2034,23,0.0,0.0,0.0,0.0,2032.0,0.0
0,25200,KELP,2031.0,1.0,2030.0,24.0,0.0,0.0,2034,26,0.0,0.0,0.0,0.0,2032.5,0.0
0,25300,KELP,2031.0,2.0,2030.0,24.0,0.0,0.0,2034,26,0.0,0.0,0.0,0.0,2032.5,0.0
0,25400,KELP,2030.0,32.0,0.0,0.0,0.0,0.0,2034,32,0.0,0.0,0.0,0.0,2032.0,0.0
0,25500,KELP,2030.0,25.0,0.0,0.0,0.0,0.0,2032,1,2034.0,25.0,0.0,0.0,2031.0,0.0
0,25600,KELP,2033.0,1.0,2030.0,31.0,0.0,0.0,2034,31,0.0,0.0,0.0,0.0,2033.5,0.0
0,25700,KELP,2031.0,1.0,2030.0,22.0,0.0,0.0,2032,4,2034.0,23.0,0.0,0.0,2031.5,0.0
0,25800,KELP,2032.0,2.0,2031.0,28.0,0.0,0.0,2034,28,0.0,0.0,0.0,0.0,2033.0,0.0
0,25900,KELP,2030.0,28.0,0.0,0.0,0.0,0.0,2033,3,2034.0,28.0,0.0,0.0,2031.5,0.0
0,26000,KELP,2031.0,24.0,0.0,0.0,0.0,0.0,2034,24,0.0,0.0,0.0,0.0,2032.5,0.0
0,26100,KELP,2031.0,25.0,0.0,0.0,0.0,0.0,2034,25,0.0,0.0,0.0,0.0,2032.5,0.0
0,26200,KELP,2031.0,26.0,0.0,0.0,0.0,0.0,2034,26,0.0,0.0,0.0,0.0,2032.5,0.0
0,26300,KELP,2031.0,26.0,0.0,0.0,0.0,0.0,2034,24,0.0,0.0,0.0,0.0,2032.5,0.0
0,26400,KELP,2031.0,28.0,0.0,0.0,0.0,0.0,2034,29,0.0,0.0,0.0,0.0,2032.5,0.0
0,26500,KELP,2033.0,1.0,2031.0,26.0,0.0,0.0,2034,24,0.0,0.0,0.0,0.0,2033.5,0.0
0,26600,KELP,2031.0,22.0,0.0,0.0,0.0,0.0,2034,22,0.0,0.0,0.0,0.0,2032.5,0.0
0,26700,KELP,2031.0,24.0,0.0,0.0,0.0,0.0,2032,4,2034.0,24.0,0.0,0.0,2031.5,0.0
0,26800,KELP,2031.0,24.0,0.0,0.0,0.0,0.0,2034,24,0.0,0.0,0.0,0.0,2032.5,0.0
0,26900,KELP,2031.0,27.0,0.0,0.0,0.0,0.0,2034,27,0.0,0.0,0.0,0.0,2032.5,0.0
0,27000,KELP,2031.0,31.0,0.0,0.0,0.0,0.0,2034,31,0.0,0.0,0.0,0.0,2032.5,0.0
0,27100,KELP,2031.0,24.0,0.0,0.0,0.0,0.0,2034,24,0.0,0.0,0.0,0.0,2032.5,0.0
0,27200,KELP,2031.0,31.0,0.0,0.0,0.0,0.0,2034,31,0.0,0.0,0.0,0.0,2032.5,0.0
0,27300,KELP,2032.0,5.0,2031.0,33.0,0.0,0.0,2034,27,0.0,0.0,0.0,0.0,2033.0,0.0
0,27400,KELP,2031.0,22.0,0.0,0.0,0.0,0.0,2034,25,0.0,0.0,0.0,0.0,2032.5,0.0
0,27500,KELP,2031.0,26.0,0.0,0.0,0.0,0.0,2034,26,0.0,0.0,0.0,0.0,2032.5,0.0
0,27600,KELP,2031.0,23.0,0.0,0.0,0.0,0.0,2034,23,0.0,0.0,0.0,0.0,2032.5,0.0
0,27700,KELP,2033.0,3.0,2031.0,26.0,0.0,0.0,2034,26,0.0,0.0,0.0,0.0,2033.5,0.0
0,27800,KELP,2031.0,28.0,0.0,0.0,0.0,0.0,2034,28,0.0,0.0,0.0,0.0,2032.5,0.0
0,27900,KELP,2031.0,33.0,0.0,0.0,0.0,0.0,2034,26,0.0,0.0,0.0,0.0,2032.5,0.0
0,28000,KELP,2031.0,24.0,0.0,0.0,0.0,0.0,2034,24,0.0,0.0,0.0,0.0,2032.5,0.0
0,28100,KELP,2031.0,20.0,0.0,0.0,0.0,0.0,2034,22,0.0,0.0,0.0,0.0,2032.5,0.0
0,28200,KELP,2031.0,30.0,0.0,0.0,0.0,0.0,2034,30,0.0,0.0,0.0,0.0,2032.5,0.0
0,28300,KELP,2031.0,24.0,0.0,0.0,0.0,0.0,2033,7,2034.0,24.0,0.0,0.0,2032.0,0.0
0,28400,KELP,2031.0,21.0,0.0,0.0,0.0,0.0,2034,21,0.0,0.0,0.0,0.0,2032.5,0.0
0,28500,KELP,2033.0,1.0,2031.0,31.0,0.0,0.0,2034,31,0.0,0.0,0.0,0.0,2033.5,0.0
0,28600,KELP,2031.0,30.0,0.0,0.0,0.0,0.0,2033,7,2034.0,31.0,0.0,0.0,2032.0,0.0
0,28700,KELP,2031.0,33.0,0.0,0.0,0.0,0.0,2034,25,0.0,0.0,0.0,0.0,2032.5,0.0
0,28800,KELP,2031.0,22.0,0.0,0.0,0.0,0.0,2034,22,0.0,0.0,0.0,0.0,2032.5,0.0
0,28900,KELP,2031.0,25.0,0.0,0.0,0.0,0.0,2034,22,0.0,0.0,0.0,0.0,2032.5,0.0
0,29000,KELP,2031.0,24.0,0.0,0.0,0.0,0.0,2034,24,0.0,0.0,0.0,0.0,2032.5,0.0
0,29100,KELP,2030.0,31.0,0.0,0.0,0.0,0.0,2032,6,2034.0,31.0,0.0,0.0,2031.0,0.0
0,29200,KELP,2030.0,20.0,0.0,0.0,0.0,0.0,2032,2,2034.0,20.0,0.0,0.0,2031.0,0.0
0,29300,KELP,2030.0,25.0,0.0,0.0,0.0,0.0,2031,1,2034.0,25.0,0.0,0.0,2030.5,0.0
0,29400,KELP,2030.0,24.0,0.0,0.0,0.0,0.0,2033,1,2034.0,23.0,0.0,0.0,2031.5,0.0
0,29500,KELP,2030.0,29.0,0.0,0.0,0.0,0.0,2033,24,0.0,0.0,0.0,0.0,2031.5,0.0
0,29600,KELP,2030.0,20.0,0.0,0.0,0.0,0.0,2034,20,0.0,0.0,0.0,0.0,2032.0,0.0
0,29700,KELP,2030.0,27.0,0.0,0.0,0.0,0.0,2033,1,2034.0,26.0,0.0,0.0,2031.5,0.0
0,29800,KELP,2030.0,30.0,0.0,0.0,0.0,0.0,2033,1,2034.0,29.0,0.0,0.0,2031.5,0.0
0,29900,KELP,2030.0,27.0,0.0,0.0,0.0,0.0,2031,6,2034.0,27.0,0.0,0.0,2030.5,0.0
0,30000,KELP,2032.0,1.0,2030.0,21.0,0.0,0.0,2034,21,0.0,0.0,0.0,0.0,2033.0,0.0
0,30100,KELP,2030.0,22.0,0.0,0.0,0.0,0.0,2032,1,2034.0,22.0,0.0,0.0,2031.0,0.0
0,30200,KELP,2030.0,24.0,0.0,0.0,0.0,0.0,2033,2,2034.0,22.0,0.0,0.0,2031.5,0.0
0,30300,KELP,2030.0,30.0,0.0,0.0,0.0,0.0,2032,2,2033.0,30.0,0.0,0.0,2031.0,0.0
0,30400,KELP,2030.0,23.0,0.0,0.0,0.0,0.0,2033,23,0.0,0.0,0.0,0.0,2031.5,0.0
0,30500,KELP,2030.0,29.0,0.0,0.0,0.0,0.0,2032,7,2033.0,29.0,0.0,0.0,2031.0,0.0
0,30600,KELP,2030.0,30.0,0.0,0.0,0.0,0.0,2032,8,2033.0,30.0,0.0,0.0,2031.0,0.0
0,30700,KELP,2030.0,22.0,0.0,0.0,0.0,0.0,2033,23,0.0,0.0,0.0,0.0,2031.5,0.0
0,30800,KELP,2030.0,32.0,0.0,0.0,0.0,0.0,2033,29,0.0,0.0,0.0,0.0,2031.5,0.0
0,30900,KELP,2030.0,29.0,0.0,0.0,0.0,0.0,2033,23,0.0,0.0,0.0,0.0,2031.5,0.0
0,31000,KELP,2030.0,20.0,0.0,0.0,0.0,0.0,2033,20,0.0,0.0,0.0,0.0,2031.5,0.0
0,31100,KELP,2030.0,22.0,0.0,0.0,0.0,0.0,2033,22,0.0,0.0,0.0,0.0,2031.5,0.0
0,31200,KELP,2030.0,28.0,0.0,0.0,0.0,0.0,2033,29,0.0,0.0,0.0,0.0,2031.5,0.0
0,31300,KELP,2030.0,30.0,0.0,0.0,0.0,0.0,2032,7,2033.0,30.0,0.0,0.0,2031.0,0.0
0,31400,KELP,2030.0,37.0,0.0,0.0,0.0,0.0,2033,32,0.0,0.0,0.0,0.0,2031.5,0.0
0,31500,KELP,2030.0,22.0,0.0,0.0,0.0,0.0,2032,1,2033.0,23.0,0.0,0.0,2031.0,0.0
0,31600,KELP,2030.0,32.0,0.0,0.0,0.0,0.0,2033,32,0.0,0.0,0.0,0.0,2031.5,0.0
0,31700,KELP,2030.0,29.0,0.0,0.0,0.0,0.0,2033,29,0.0,0.0,0.0,0.0,2031.5,0.0
0,31800,KELP,2030.0,21.0,0.0,0.0,0.0,0.0,2033,21,0.0,0.0,0.0,0.0,2031.5,0.0
0,31900,KELP,2030.0,29.0,0.0,0.0,0.0,0.0,2033,29,0.0,0.0,0.0,0.0,2031.5,0.0
0,32000,KELP,2030.0,30.0,0.0,0.0,0.0,0.0,2031,4,2032.0,8.0,2033.0,30.0,2030.5,0.0
0,32100,KELP,2030.0,31.0,0.0,0.0,0.0,0.0,2032,6,2033.0,31.0,0.0,0.0,2031.0,0.0
0,32200,KELP,2032.0,1.0,2030.0,26.0,0.0,0.0,2033,26,0.0,0.0,0.0,0.0,2032.5,0.0
0,32300,KELP,2030.0,26.0,0.0,0.0,0.0,0.0,2033,26,0.0,0.0,0.0,0.0,2031.5,0.0
0,32400,KELP,2029.0,29.0,0.0,0.0,0.0,0.0,2030,1,2033.0,29.0,0.0,0.0,2029.5,0.0
0,32500,KELP,2032.0,1.0,2029.0,25.0,0.0,0.0,2033,25,0.0,0.0,0.0,0.0,2032.5,0.0
0,32600,KELP,2029.0,30.0,0.0,0.0,0.0,0.0,2031,8,2033.0,30.0,0.0,0.0,2030.0,0.0
0,32700,KELP,2029.0,27.0,0.0,0.0,0.0,0.0,2032,27,0.0,0.0,0.0,0.0,2030.5,0.0
0,32800,KELP,2029.0,23.0,0.0,0.0,0.0,0.0,2030,5,2031.0,3.0,2033.0,23.0,2029.5,0.0
0,32900,KELP,2030.0,24.0,0.0,0.0,0.0,0.0,2032,6,2033.0,24.0,0.0,0.0,2031.0,0.0
0,33000,KELP,2030.0,28.0,0.0,0.0,0.0,0.0,2032,6,2033.0,28.0,0.0,0.0,2031.0,0.0
0,33100,KELP,2030.0,24.0,0.0,0.0,0.0,0.0,2032,2,2033.0,24.0,0.0,0.0,2031.0,0.0
0,33200,KELP,2030.0,31.0,0.0,0.0,0.0,0.0,2033,25,0.0,0.0,0.0,0.0,2031.5,0.0
0,33300,KELP,2030.0,26.0,0.0,0.0,0.0,0.0,2033,26,0.0,0.0,0.0,0.0,2031.5,0.0
0,33400,KELP,2030.0,27.0,0.0,0.0,0.0,0.0,2032,6,2033.0,27.0,0.0,0.0,2031.0,0.0
0,33500,KELP,2030.0,25.0,0.0,0.0,0.0,0.0,2032,8,2033.0,25.0,0.0,0.0,2031.0,0.0
0,33600,KELP,2030.0,26.0,0.0,0.0,0.0,0.0,2033,27,0.0,0.0,0.0,0.0,2031.5,0.0
0,33700,KELP,2030.0,28.0,0.0,0.0,0.0,0.0,2033,23,0.0,0.0,0.0,0.0,2031.5,0.0
0,33800,KELP,2029.0,26.0,0.0,0.0,0.0,0.0,2033,26,0.0,0.0,0.0,0.0,2031.0,0.0
0,33900,KELP,2030.0,8.0,2029.0,24.0,0.0,0.0,2033,24,0.0,0.0,0.0,0.0,2031.5,0.0
0,34000,KELP,2030.0,6.0,2029.0,25.0,0.0,0.0,2033,25,0.0,0.0,0.0,0.0,2031.5,0.0
0,34100,KELP,2029.0,27.0,0.0,0.0,0.0,0.0,2033,27,0.0,0.0,0.0,0.0,2031.0,0.0
0,34200,KELP,2030.0,1.0,2029.0,27.0,0.0,0.0,2033,27,0.0,0.0,0.0,0.0,2031.5,0.0
0,34300,KELP,2030.0,1.0,2029.0,20.0,0.0,0.0,2033,22,0.0,0.0,0.0,0.0,2031.5,0.0
0,34400,KELP,2030.0,24.0,0.0,0.0,0.0,0.0,2033,25,0.0,0.0,0.0,0.0,2031.5,0.0
0,34500,KELP,2030.0,25.0,0.0,0.0,0.0,0.0,2032,6,2033.0,25.0,0.0,0.0,2031.0,0.0
0,34600,KELP,2030.0,22.0,0.0,0.0,0.0,0.0,2032,2,2033.0,22.0,0.0,0.0,2031.0,0.0
0,34700,KELP,2029.0,29.0,0.0,0.0,0.0,0.0,2033,29,0.0,0.0,0.0,0.0,2031.0,0.0
0,34800,KELP,2031.0,2.0,2029.0,24.0,0.0,0.0,2033,24,0.0,0.0,0.0,0.0,2032.0,0.0
0,34900,KELP,2029.0,24.0,0.0,0.0,0.0,0.0,2030,1,2033.0,24.0,0.0,0.0,2029.5,0.0
0,35000,KELP,2030.0,3.0,2029.0,22.0,0.0,0.0,2033,22,0.0,0.0,0.0,0.0,2031.5,0.0
0,35100,KELP,2030.0,27.0,0.0,0.0,0.0,0.0,2033,26,0.0,0.0,0.0,0.0,2031.5,0.0
0,35200,KELP,2030.0,23.0,0.0,0.0,0.0,0.0,2032,5,2033.0,24.0,0.0,0.0,2031.0,0.0
0,35300,KELP,2030.0,24.0,0.0,0.0,0.0,0.0,2034,24,0.0,0.0,0.0,0.0,2032.0,0.0
0,35400,KELP,2030.0,22.0,0.0,0.0,0.0,0.0,2032,7,2033.0,22.0,0.0,0.0,2031.0,0.0
0,35500,KELP,2030.0,24.0,0.0,0.0,0.0,0.0,2034,25,0.0,0.0,0.0,0.0,2032.0,0.0
0,35600,KELP,2030.0,26.0,0.0,0.0,0.0,0.0,2033,1,2034.0,26.0,0.0,0.0,2031.5,0.0
0,35700,KELP,2030.0,27.0,0.0,0.0,0.0,0.0,2033,1,2034.0,26.0,0.0,0.0,2031.5,0.0
0,35800,KELP,2030.0,30.0,0.0,0.0,0.0,0.0,2033,2,2034.0,28.0,0.0,0.0,2031.5,0.0
0,35900,KELP,2030.0,30.0,0.0,0.0,0.0,0.0,2032,6,2034.0,30.0,0.0,0.0,2031.0,0.0
0,36000,KELP,2030.0,28.0,0.0,0.0,0.0,0.0,2034,28,0.0,0.0,0.0,0.0,2032.0,0.0
0,36100,KELP,2030.0,26.0,0.0,0.0,0.0,0.0,2033,26,0.0,0.0,0.0,0.0,2031.5,0.0
0,36200,KELP,2030.0,31.0,0.0,0.0,0.0,0.0,2033,30,0.0,0.0,0.0,0.0,2031.5,0.0
0,36300,KELP,2030.0,21.0,0.0,0.0,0.0,0.0,2033,22,0.0,0.0,0.0,0.0,2031.5,0.0
0,36400,KELP,2030.0,28.0,0.0,0.0,0.0,0.0,2032,1,2033.0,28.0,0.0,0.0,2031.0,0.0
0,36500,KELP,2029.0,27.0,0.0,0.0,0.0,0.0,2033,27,0.0,0.0,0.0,0.0,2031.0,0.0
0,36600,KELP,2029.0,21.0,0.0,0.0,0.0,0.0,2033,21,0.0,0.0,0.0,0.0,2031.0,0.0
0,36700,KELP,2030.0,29.0,0.0,0.0,0.0,0.0,2033,30,0.0,0.0,0.0,0.0,2031.5,0.0
0,36800,KELP,2031.0,3.0,2030.0,27.0,0.0,0.0,2033,27,0.0,0.0,0.0,0.0,2032.0,0.0
0,36900,KELP,2029.0,31.0,0.0,0.0,0.0,0.0,2033,31,0.0,0.0,0.0,0.0,2031.0,0.0
0,37000,KELP,2030.0,3.0,2029.0,23.0,0.0,0.0,2033,23,0.0,0.0,0.0,0.0,2031.5,0.0
0,37100,KELP,2032.0,1.0,2029.0,24.0,0.0,0.0,2033,24,0.0,0.0,0.0,0.0,2032.5,0.0
0,37200,KELP,2029.0,22.0,0.0,0.0,0.0,0.0,2033,22,0.0,0.0,0.0,0.0,2031.0,0.0
0,37300,KELP,2029.0,27.0,0.0,0.0,0.0,0.0,2033,27,0.0,0.0,0.0,0.0,2031.0,0.0
0,37400,KELP,2029.0,23.0,0.0,0.0,0.0,0.0,2033,23,0.0,0.0,0.0,0.0,2031.0,0.0
0,37500,KELP,2032.0,1.0,2030.0,37.0,0.0,0.0,2033,29,0.0,0.0,0.0,0.0,2032.5,0.0
0,37600,KELP,2029.0,26.0,0.0,0.0,0.0,0.0,2033,26,0.0,0.0,0.0,0.0,2031.0,0.0
0,37700,KELP,2032.0,1.0,2030.0,1.0,2029.0,28.0,2033,29,0.0,0.0,0.0,0.0,2032.5,0.0
0,37800,KELP,2030.0,8.0,2029.0,27.0,0.0,0.0,2033,29,0.0,0.0,0.0,0.0,2031.5,0.0
0,37900,KELP,2030.0,20.0,0.0,0.0,0.0,0.0,2031,3,2033.0,29.0,0.0,0.0,2030.5,0.0
0,38000,KELP,2030.0,29.0,0.0,0.0,0.0,0.0,2033,25,0.0,0.0,0.0,0.0,2031.5,0.0
0,38100,KELP,2030.0,27.0,0.0,0.0,0.0,0.0,2033,28,0.0,0.0,0.0,0.0,2031.5,0.0
0,38200,KELP,2030.0,23.0,0.0,0.0,0.0,0.0,2033,23,0.0,0.0,0.0,0.0,2031.5,0.0
0,38300,KELP,2030.0,27.0,0.0,0.0,0.0,0.0,2033,27,0.0,0.0,0.0,0.0,2031.5,0.0
0,38400,KELP,2030.0,20.0,0.0,0.0,0.0,0.0,2033,21,0.0,0.0,0.0,0.0,2031.5,0.0
0,38500,KELP,2032.0,1.0,2030.0,29.0,0.0,0.0,2033,25,0.0,0.0,0.0,0.0,2032.5,0.0
0,38600,KELP,2030.0,27.0,0.0,0.0,0.0,0.0,2033,27,0.0,0.0,0.0,0.0,2031.5,0.0
0,38700,KELP,2032.0,4.0,2030.0,30.0,0.0,0.0,2033,30,0.0,0.0,0.0,0.0,2032.5,0.0
0,38800,KELP,2032.0,4.0,2030.0,27.0,0.0,0.0,2033,27,0.0,0.0,0.0,0.0,2032.5,0.0
0,38900,KELP,2030.0,26.0,0.0,0.0,0.0,0.0,2032,7,2033.0,26.0,0.0,0.0,2031.0,0.0
0,39000,KELP,2030.0,29.0,0.0,0.0,0.0,0.0,2033,29,0.0,0.0,0.0,0.0,2031.5,0.0
0,39100,KELP,2030.0,30.0,0.0,0.0,0.0,0.0,2032,6,2033.0,30.0,0.0,0.0,2031.0,0.0
0,39200,KELP,2032.0,1.0,2030.0,24.0,0.0,0.0,2033,24,0.0,0.0,0.0,0.0,2032.5,0.0
0,39300,KELP,2030.0,27.0,0.0,0.0,0.0,0.0,2033,27,0.0,0.0,0.0,0.0,2031.5,0.0
0,39400,KELP,2029.0,29.0,0.0,0.0,0.0,0.0,2032,2,2033.0,27.0,0.0,0.0,2030.5,0.0
0,39500,KELP,2029.0,22.0,0.0,0.0,0.0,0.0,2033,22,0.0,0.0,0.0,0.0,2031.0,0.0
0,39600,KELP,2029.0,22.0,0.0,0.0,0.0,0.0,2033,22,0.0,0.0,0.0,0.0,2031.0,0.0
0,39700,KELP,2029.0,20.0,0.0,0.0,0.0,0.0,2033,20,0.0,0.0,0.0,0.0,2031.0,0.0
0,39800,KELP,2029.0,31.0,0.0,0.0,0.0,0.0,2032,31,0.0,0.0,0.0,0.0,2030.5,0.0
0,39900,KELP,2029.0,2.0,2028.0,30.0,0.0,0.0,2032,32,0.0,0.0,0.0,0.0,2030.5,0.0
0,40000,KELP,2029.0,1.0,2028.0,30.0,0.0,0.0,2032,31,0.0,0.0,0.0,0.0,2030.5,0.0
0,40100,KELP,2028.0,27.0,0.0,0.0,0.0,0.0,2032,27,0.0,0.0,0.0,0.0,2030.0,0.0
0,40200,KELP,2029.0,1.0,2028.0,22.0,0.0,0.0,2032,23,0.0,0.0,0.0,0.0,2030.5,0.0
0,40300,KELP,2028.0,25.0,0.0,0.0,0.0,0.0,2029,2,2032.0,25.0,0.0,0.0,2028.5,0.0
0,40400,KELP,2029.0,1.0,2028.0,20.0,0.0,0.0,2032,21,0.0,0.0,0.0,0.0,2030.5,0.0
0,40500,KELP,2029.0,24.0,0.0,0.0,0.0,0.0,2032,24,0.0,0.0,0.0,0.0,2030.5,0.0
0,40600,KELP,2029.0,26.0,0.0,0.0,0.0,0.0,2032,26,0.0,0.0,0.0,0.0,2030.5,0.0
0,40700,KELP,2029.0,26.0,0.0,0.0,0.0,0.0,2032,26,0.0,0.0,0.0,0.0,2030.5,0.0
0,40800,KELP,2029.0,29.0,0.0,0.0,0.0,0.0,2032,29,0.0,0.0,0.0,0.0,2030.5,0.0
0,40900,KELP,2028.0,22.0,0.0,0.0,0.0,0.0,2032,22,0.0,0.0,0.0,0.0,2030.0,0.0
0,41000,KELP,2029.0,22.0,0.0,0.0,0.0,0.0,2032,22,0.0,0.0,0.0,0.0,2030.5,0.0
0,41100,KELP,2029.0,23.0,0.0,0.0,0.0,0.0,2032,23,0.0,0.0,0.0,0.0,2030.5,0.0
0,41200,KELP,2031.0,3.0,2029.0,26.0,0.0,0.0,2032,26,0.0,0.0,0.0,0.0,2031.5,0.0
0,41300,KELP,2029.0,21.0,0.0,0.0,0.0,0.0,2030,6,2032.0,1.0,2033.0,20.0,2029.5,0.0
0,41400,KELP,2029.0,22.0,0.0,0.0,0.0,0.0,2033,23,0.0,0.0,0.0,0.0,2031.0,0.0
0,41500,KELP,2029.0,30.0,0.0,0.0,0.0,0.0,2030,2,2033.0,30.0,0.0,0.0,2029.5,0.0
0,41600,KELP,2029.0,28.0,0.0,0.0,0.0,0.0,2032,28,0.0,0.0,0.0,0.0,2030.5,0.0
0,41700,KELP,2029.0,20.0,0.0,0.0,0.0,0.0,2032,20,0.0,0.0,0.0,0.0,2030.5,0.0
0,41800,KELP,2029.0,35.0,0.0,0.0,0.0,0.0,2032,30,0.0,0.0,0.0,0.0,2030.5,0.0
0,41900,KELP,2028.0,30.0,0.0,0.0,0.0,0.0,2029,2,2030.0,7.0,2032.0,30.0,2028.5,0.0
0,42000,KELP,2029.0,2.0,2028.0,28.0,0.0,0.0,2032,30,0.0,0.0,0.0,0.0,2030.5,0.0
0,42100,KELP,2029.0,24.0,0.0,0.0,0.0,0.0,2031,3,2032.0,24.0,0.0,0.0,2030.0,0.0
0,42200,KELP,2029.0,29.0,0.0,0.0,0.0,0.0,2032,26,0.0,0.0,0.0,0.0,2030.5,0.0
0,42300,KELP,2029.0,4.0,2028.0,24.0,0.0,0.0,2030,6,2032.0,24.0,0.0,0.0,2029.5,0.0
0,42400,KELP,2030.0,7.0,2028.0,25.0,0.0,0.0,2031,25,0.0,0.0,0.0,0.0,2030.5,0.0
0,42500,KELP,2028.0,23.0,0.0,0.0,0.0,0.0,2030,8,2031.0,24.0,0.0,0.0,2029.0,0.0
0,42600,KELP,2028.0,25.0,0.0,0.0,0.0,0.0,2030,2,2031.0,25.0,0.0,0.0,2029.0,0.0
0,42700,KELP,2028.0,21.0,0.0,0.0,0.0,0.0,2031,22,0.0,0.0,0.0,0.0,2029.5,0.0
0,42800,KELP,2028.0,23.0,0.0,0.0,0.0,0.0,2031,23,0.0,0.0,0.0,0.0,2029.5,0.0
0,42900,KELP,2028.0,22.0,0.0,0.0,0.0,0.0,2030,7,2031.0,22.0,0.0,0.0,2029.0,0.0
0,43000,KELP,2028.0,25.0,0.0,0.0,0.0,0.0,2031,25,0.0,0.0,0.0,0.0,2029.5,0.0
0,43100,KELP,2028.0,2.0,2027.0,23.0,0.0,0.0,2031,25,0.0,0.0,0.0,0.0,2029.5,0.0
0,43200,KELP,2028.0,28.0,0.0,0.0,0.0,0.0,2029,2,2031.0,28.0,0.0,0.0,2028.5,0.0
0,43300,KELP,2028.0,20.0,0.0,0.0,0.0,0.0,2031,20,0.0,0.0,0.0,0.0,2029.5,0.0
0,43400,KELP,2028.0,29.0,0.0,0.0,0.0,0.0,2029,1,2032.0,29.0,0.0,0.0,2028.5,0.0
0,43500,KELP,2028.0,24.0,0.0,0.0,0.0,0.0,2031,1,2032.0,23.0,0.0,0.0,2029.5,0.0
0,43600,KELP,2028.0,21.0,0.0,0.0,0.0,0.0,2030,8,2032.0,21.0,0.0,0.0,2029.0,0.0
0,43700,KELP,2028.0,36.0,0.0,0.0,0.0,0.0,2031,28,0.0,0.0,0.0,0.0,2029.5,0.0
0,43800,KELP,2027.0,25.0,0.0,0.0,0.0,0.0,2031,25,0.0,0.0,0.0,0.0,2029.0,0.0
0,43900,KELP,2028.0,34.0,0.0,0.0,0.0,0.0,2031,28,0.0,0.0,0.0,0.0,2029.5,0.0
0,44000,KELP,2028.0,26.0,0.0,0.0,0.0,0.0,2031,26,0.0,0.0,0.0,0.0,2029.5,0.0
0,44100,KELP,2028.0,29.0,0.0,0.0,0.0,0.0,2031,30,0.0,0.0,0.0,0.0,2029.5,0.0
0,44200,KELP,2028.0,22.0,0.0,0.0,0.0,0.0,2031,22,0.0,0.0,0.0,0.0,2029.5,0.0
0,44300,KELP,2028.0,32.0,0.0,0.0,0.0,0.0,2031,25,0.0,0.0,0.0,0.0,2029.5,0.0
0,44400,KELP,2028.0,31.0,0.0,0.0,0.0,0.0,2031,30,0.0,0.0,0.0,0.0,2029.5,0.0
0,44500,KELP,2028.0,27.0,0.0,0.0,0.0,0.0,2031,27,0.0,0.0,0.0,0.0,2029.5,0.0
0,44600,KELP,2028.0,23.0,0.0,0.0,0.0,0.0,2031,23,0.0,0.0,0.0,0.0,2029.5,0.0
0,44700,KELP,2028.0,31.0,0.0,0.0,0.0,0.0,2031,24,0.0,0.0,0.0,0.0,2029.5,0.0
0,44800,KELP,2028.0,24.0,0.0,0.0,0.0,0.0,2031,24,0.0,0.0,0.0,0.0,2029.5,0.0
0,44900,KELP,2030.0,9.0,2028.0,26.0,0.0,0.0,2032,26,0.0,0.0,0.0,0.0,2031.0,0.0
0,45000,KELP,2029.0,1.0,2028.0,26.0,0.0,0.0,2032,27,0.0,0.0,0.0,0.0,2030.5,0.0
0,45100,KELP,2029.0,27.0,0.0,0.0,0.0,0.0,2032,27,0.0,0.0,0.0,0.0,2030.5,0.0
0,45200,KELP,2029.0,27.0,0.0,0.0,0.0,0.0,2032,27,0.0,0.0,0.0,0.0,2030.5,0.0
0,45300,KELP,2029.0,28.0,0.0,0.0,0.0,0.0,2032,29,0.0,0.0,0.0,0.0,2030.5,0.0
0,45400,KELP,2029.0,28.0,0.0,0.0,0.0,0.0,2032,28,0.0,0.0,0.0,0.0,2030.5,0.0
0,45500,KELP,2029.0,24.0,0.0,0.0,0.0,0.0,2032,24,0.0,0.0,0.0,0.0,2030.5,0.0
0,45600,KELP,2029.0,25.0,0.0,0.0,0.0,0.0,2031,2,2032.0,25.0,0.0,0.0,2030.0,0.0
0,45700,KELP,2029.0,30.0,0.0,0.0,0.0,0.0,2032,30,0.0,0.0,0.0,0.0,2030.5,0.0
0,45800,KELP,2029.0,26.0,0.0,0.0,0.0,0.0,2032,26,0.0,0.0,0.0,0.0,2030.5,0.0
0,45900,KELP,2029.0,22.0,0.0,0.0,0.0,0.0,2031,8,2032.0,22.0,0.0,0.0,2030.0,0.0
0,46000,KELP,2029.0,27.0,0.0,0.0,0.0,0.0,2032,27,0.0,0.0,0.0,0.0,2030.5,0.0
0,46100,KELP,2029.0,26.0,0.0,0.0,0.0,0.0,2032,2,2033.0,25.0,0.0,0.0,2030.5,0.0
0,46200,KELP,2031.0,10.0,2029.0,30.0,0.0,0.0,2033,28,0.0,0.0,0.0,0.0,2032.0,0.0
0,46300,KELP,2029.0,23.0,0.0,0.0,0.0,0.0,2031,4,2033.0,23.0,0.0,0.0,2030.0,0.0
0,46400,KELP,2031.0,10.0,2029.0,26.0,0.0,0.0,2033,26,0.0,0.0,0.0,0.0,2032.0,0.0
0,46500,KELP,2030.0,24.0,0.0,0.0,0.0,0.0,2033,25,0.0,0.0,0.0,0.0,2031.5,0.0
0,46600,KELP,2030.0,2.0,2029.0,21.0,0.0,0.0,2033,23,0.0,0.0,0.0,0.0,2031.5,0.0
0,46700,KELP,2030.0,26.0,0.0,0.0,0.0,0.0,2033,23,0.0,0.0,0.0,0.0,2031.5,0.0
0,46800,KELP,2030.0,18.0,0.0,0.0,0.0,0.0,2033,23,0.0,0.0,0.0,0.0,2031.5,0.0
0,46900,KELP,2032.0,1.0,2030.0,2.0,2029.0,26.0,2033,28,0.0,0.0,0.0,0.0,2032.5,0.0
0,47000,KELP,2029.0,20.0,0.0,0.0,0.0,0.0,2033,20,0.0,0.0,0.0,0.0,2031.0,0.0
0,47100,KELP,2029.0,24.0,0.0,0.0,0.0,0.0,2030,1,2032.0,7.0,2033.0,24.0,2029.5,0.0
0,47200,KELP,2031.0,4.0,2029.0,29.0,0.0,0.0,2033,29,0.0,0.0,0.0,0.0,2032.0,0.0
0,47300,KELP,2030.0,24.0,0.0,0.0,0.0,0.0,2033,24,0.0,0.0,0.0,0.0,2031.5,0.0
0,47400,KELP,2030.0,26.0,0.0,0.0,0.0,0.0,2032,2,2033.0,26.0,0.0,0.0,2031.0,0.0
0,47500,KELP,2030.0,28.0,0.0,0.0,0.0,0.0,2033,28,0.0,0.0,0.0,0.0,2031.5,0.0
0,47600,KELP,2030.0,21.0,0.0,0.0,0.0,0.0,2033,21,0.0,0.0,0.0,0.0,2031.5,0.0
0,47700,KELP,2030.0,1.0,2029.0,23.0,0.0,0.0,2032,3,2033.0,24.0,0.0,0.0,2031.0,0.0
0,47800,KELP,2029.0,22.0,0.0,0.0,0.0,0.0,2033,22,0.0,0.0,0.0,0.0,2031.0,0.0
0,47900,KELP,2029.0,21.0,0.0,0.0,0.0,0.0,2033,21,0.0,0.0,0.0,0.0,2031.0,0.0
0,48000,KELP,2029.0,29.0,0.0,0.0,0.0,0.0,2033,29,0.0,0.0,0.0,0.0,2031.0,0.0
0,48100,KELP,2029.0,29.0,0.0,0.0,0.0,0.0,2033,29,0.0,0.0,0.0,0.0,2031.0,0.0
0,48200,KELP,2030.0,8.0,2029.0,26.0,0.0,0.0,2033,26,0.0,0.0,0.0,0.0,2031.5,0.0
0,48300,KELP,2031.0,1.0,2029.0,29.0,0.0,0.0,2032,29,0.0,0.0,0.0,0.0,2031.5,0.0
0,48400,KELP,2031.0,1.0,2029.0,22.0,0.0,0.0,2032,22,0.0,0.0,0.0,0.0,2031.5,0.0
0,48500,KELP,2029.0,25.0,0.0,0.0,0.0,0.0,2032,25,0.0,0.0,0.0,0.0,2030.5,0.0
0,48600,KELP,2029.0,24.0,0.0,0.0,0.0,0.0,2032,22,0.0,0.0,0.0,0.0,2030.5,0.0
0,48700,KELP,2029.0,21.0,0.0,0.0,0.0,0.0,2032,21,0.0,0.0,0.0,0.0,2030.5,0.0
0,48800,KELP,2029.0,33.0,0.0,0.0,0.0,0.0,2032,31,0.0,0.0,0.0,0.0,2030.5,0.0
0,48900,KELP,2029.0,24.0,0.0,0.0,0.0,0.0,2032,1,2033.0,24.0,0.0,0.0,2030.5,0.0
0,49000,KELP,2029.0,29.0,0.0,0.0,0.0,0.0,2032,29,0.0,0.0,0.0,0.0,2030.5,0.0
0,49100,KELP,2029.0,26.0,0.0,0.0,0.0,0.0,2032,26,0.0,0.0,0.0,0.0,2030.5,0.0
0,49200,KELP,2029.0,31.0,0.0,0.0,0.0,0.0,2032,25,0.0,0.0,0.0,0.0,2030.5,0.0
0,49300,KELP,2031.0,1.0,2029.0,33.0,0.0,0.0,2032,29,0.0,0.0,0.0,0.0,2031.5,0.0
0,49400,KELP,2031.0,1.0,2029.0,22.0,0.0,0.0,2032,22,0.0,0.0,0.0,0.0,2031.5,0.0
0,49500,KELP,2029.0,23.0,0.0,0.0,0.0,0.0,2032,23,0.0,0.0,0.0,0.0,2030.5,0.0
0,49600,KELP,2029.0,22.0,0.0,0.0,0.0,0.0,2031,4,2032.0,22.0,0.0,0.0,2030.0,0.0
0,49700,KELP,2029.0,24.0,0.0,0.0,0.0,0.0,2032,24,0.0,0.0,0.0,0.0,2030.5,0.0
0,49800,KELP,2029.0,22.0,0.0,0.0,0.0,0.0,2032,1,2033.0,21.0,0.0,0.0,2030.5,0.0
0,49900,KELP,2029.0,22.0,0.0,0.0,0.0,0.0,2033,22,0.0,0.0,0.0,0.0,2031.0,0.0
0,50000,KELP,2029.0,30.0,0.0,0.0,0.0,0.0,2032,30,0.0,0.0,0.0,0.0,2030.5,0.0
0,50100,KELP,2031.0,10.0,2029.0,32.0,0.0,0.0,2032,32,0.0,0.0,0.0,0.0,2031.5,0.0
0,50200,KELP,2029.0,2.0,2028.0,23.0,0.0,0.0,2032,25,0.0,0.0,0.0,0.0,2030.5,0.0
0,50300,KELP,2031.0,2.0,2029.0,26.0,0.0,0.0,2032,26,0.0,0.0,0.0,0.0,2031.5,0.0
0,50400,KELP,2029.0,30.0,0.0,0.0,0.0,0.0,2032,30,0.0,0.0,0.0,0.0,2030.5,0.0
0,50500,KELP,2029.0,30.0,0.0,0.0,0.0,0.0,2032,29,0.0,0.0,0.0,0.0,2030.5,0.0
0,50600,KELP,2031.0,1.0,2029.0,24.0,0.0,0.0,2032,24,0.0,0.0,0.0,0.0,2031.5,0.0
0,50700,KELP,2029.0,25.0,0.0,0.0,0.0,0.0,2032,25,0.0,0.0,0.0,0.0,2030.5,0.0
0,50800,KELP,2029.0,31.0,0.0,0.0,0.0,0.0,2032,24,0.0,0.0,0.0,0.0,2030.5,0.0
0,50900,KELP,2029.0,27.0,0.0,0.0,0.0,0.0,2031,5,2032.0,27.0,0.0,0.0,2030.0,0.0
0,51000,KELP,2029.0,24.0,0.0,0.0,0.0,0.0,2031,4,2032.0,24.0,0.0,0.0,2030.0,0.0
0,51100,KELP,2029.0,27.0,0.0,0.0,0.0,0.0,2031,1,2032.0,27.0,0.0,0.0,2030.0,0.0
0,51200,KELP,2029.0,35.0,0.0,0.0,0.0,0.0,2032,32,0.0,0.0,0.0,0.0,2030.5,0.0
0,51300,KELP,2029.0,25.0,0.0,0.0,0.0,0.0,2032,25,0.0,0.0,0.0,0.0,2030.5,0.0
0,51400,KELP,2029.0,23.0,0.0,0.0,0.0,0.0,2033,23,0.0,0.0,0.0,0.0,2031.0,0.0
0,51500,KELP,2029.0,22.0,0.0,0.0,0.0,0.0,2032,22,0.0,0.0,0.0,0.0,2030.5,0.0
0,51600,KELP,2029.0,31.0,0.0,0.0,0.0,0.0,2031,5,2032.0,31.0,0.0,0.0,2030.0,0.0
0,51700,KELP,2029.0,37.0,0.0,0.0,0.0,0.0,2032,32,0.0,0.0,0.0,0.0,2030.5,0.0
0,51800,KELP,2029.0,26.0,0.0,0.0,0.0,0.0,2032,26,0.0,0.0,0.0,0.0,2030.5,0.0
0,51900,KELP,2029.0,27.0,0.0,0.0,0.0,0.0,2031,7,2032.0,27.0,0.0,0.0,2030.0,0.0
0,52000,KELP,2029.0,17.0,0.0,0.0,0.0,0.0,2032,24,0.0,0.0,0.0,0.0,2030.5,0.0
0,52100,KELP,2029.0,30.0,0.0,0.0,0.0,0.0,2032,30,0.0,0.0,0.0,0.0,2030.5,0.0
0,52200,KELP,2029.0,28.0,0.0,0.0,0.0,0.0,2031,2,2032.0,28.0,0.0,0.0,2030.0,0.0
0,52300,KELP,2029.0,19.0,0.0,0.0,0.0,0.0,2032,21,0.0,0.0,0.0,0.0,2030.5,0.0
0,52400,KELP,2030.0,6.0,2029.0,24.0,0.0,0.0,2032,24,0.0,0.0,0.0,0.0,2031.0,0.0
0,52500,KELP,2029.0,31.0,0.0,0.0,0.0,0.0,2033,31,0.0,0.0,0.0,0.0,2031.0,0.0
0,52600,KELP,2029.0,24.0,0.0,0.0,0.0,0.0,2033,24,0.0,0.0,0.0,0.0,2031.0,0.0
0,52700,KELP,2029.0,29.0,0.0,0.0,0.0,0.0,2033,29,0.0,0.0,0.0,0.0,2031.0,0.0
0,52800,KELP,2029.0,24.0,0.0,0.0,0.0,0.0,2033,24,0.0,0.0,0.0,0.0,2031.0,0.0
0,52900,KELP,2029.0,31.0,0.0,0.0,0.0,0.0,2033,31,0.0,0.0,0.0,0.0,2031.0,0.0
0,53000,KELP,2030.0,4.0,2029.0,28.0,0.0,0.0,2033,28,0.0,0.0,0.0,0.0,2031.5,0.0
0,53100,KELP,2029.0,31.0,0.0,0.0,0.0,0.0,2033,31,0.0,0.0,0.0,0.0,2031.0,0.0
0,53200,KELP,2029.0,31.0,0.0,0.0,0.0,0.0,2033,31,0.0,0.0,0.0,0.0,2031.0,0.0
0,53300,KELP,2030.0,1.0,2029.0,23.0,0.0,0.0,2031,7,2033.0,24.0,0.0,0.0,2030.5,0.0
0,53400,KELP,2029.0,23.0,0.0,0.0,0.0,0.0,2030,1,2033.0,23.0,0.0,0.0,2029.5,0.0
0,53500,KELP,2029.0,26.0,0.0,0.0,0.0,0.0,2031,1,2033.0,26.0,0.0,0.0,2030.0,0.0
0,53600,KELP,2029.0,26.0,0.0,0.0,0.0,0.0,2033,23,0.0,0.0,0.0,0.0,2031.0,0.0
0,53700,KELP,2029.0,27.0,0.0,0.0,0.0,0.0,2032,2,2033.0,25.0,0.0,0.0,2030.5,0.0
0,53800,KELP,2029.0,25.0,0.0,0.0,0.0,0.0,2030,4,2032.0,25.0,0.0,0.0,2029.5,0.0
0,53900,KELP,2029.0,28.0,0.0,0.0,0.0,0.0,2031,7,2033.0,28.0,0.0,0.0,2030.0,0.0
0,54000,KELP,2029.0,24.0,0.0,0.0,0.0,0.0,2032,22,0.0,0.0,0.0,0.0,2030.5,0.0
0,54100,KELP,2029.0,4.0,2028.0,23.0,0.0,0.0,2032,23,0.0,0.0,0.0,0.0,2030.5,0.0
0,54200,KELP,2028.0,21.0,0.0,0.0,0.0,0.0,2032,21,0.0,0.0,0.0,0.0,2030.0,0.0
0,54300,KELP,2028.0,25.0,0.0,0.0,0.0,0.0,2032,25,0.0,0.0,0.0,0.0,2030.0,0.0
0,54400,KELP,2028.0,24.0,0.0,0.0,0.0,0.0,2029,1,2032.0,24.0,0.0,0.0,2028.5,0.0
0,54500,KELP,2028.0,29.0,0.0,0.0,0.0,0.0,2029,1,2032.0,29.0,0.0,0.0,2028.5,0.0
0,54600,KELP,2029.0,2.0,2028.0,26.0,0.0,0.0,2032,28,0.0,0.0,0.0,0.0,2030.5,0.0
0,54700,KELP,2029.0,21.0,0.0,0.0,0.0,0.0,2032,21,0.0,0.0,0.0,0.0,2030.5,0.0
0,54800,KELP,2029.0,24.0,0.0,0.0,0.0,0.0,2031,6,2032.0,24.0,0.0,0.0,2030.0,0.0
0,54900,KELP,2029.0,29.0,0.0,0.0,0.0,0.0,2031,3,2032.0,29.0,0.0,0.0,2030.0,0.0
0,55000,KELP,2029.0,28.0,0.0,0.0,0.0,0.0,2032,27,0.0,0.0,0.0,0.0,2030.5,0.0
0,55100,KELP,2029.0,31.0,0.0,0.0,0.0,0.0,2032,31,0.0,0.0,0.0,0.0,2030.5,0.0
0,55200,KELP,2029.0,25.0,0.0,0.0,0.0,0.0,2032,25,0.0,0.0,0.0,0.0,2030.5,0.0
0,55300,KELP,2029.0,25.0,0.0,0.0,0.0,0.0,2032,25,0.0,0.0,0.0,0.0,2030.5,0.0
0,55400,KELP,2029.0,23.0,0.0,0.0,0.0,0.0,2032,23,0.0,0.0,0.0,0.0,2030.5,0.0
0,55500,KELP,2029.0,26.0,0.0,0.0,0.0,0.0,2032,26,0.0,0.0,0.0,0.0,2030.5,0.0
0,55600,KELP,2029.0,28.0,0.0,0.0,0.0,0.0,2032,28,0.0,0.0,0.0,0.0,2030.5,0.0
0,55700,KELP,2029.0,21.0,0.0,0.0,0.0,0.0,2032,21,0.0,0.0,0.0,0.0,2030.5,0.0
0,55800,KELP,2029.0,23.0,0.0,0.0,0.0,0.0,2032,2,2033.0,21.0,0.0,0.0,2030.5,0.0
0,55900,KELP,2029.0,24.0,0.0,0.0,0.0,0.0,2033,24,0.0,0.0,0.0,0.0,2031.0,0.0
0,56000,KELP,2029.0,22.0,0.0,0.0,0.0,0.0,2032,22,0.0,0.0,0.0,0.0,2030.5,0.0
0,56100,KELP,2029.0,30.0,0.0,0.0,0.0,0.0,2032,30,0.0,0.0,0.0,0.0,2030.5,0.0
0,56200,KELP,2029.0,28.0,0.0,0.0,0.0,0.0,2032,28,0.0,0.0,0.0,0.0,2030.5,0.0
0,56300,KELP,2029.0,23.0,0.0,0.0,0.0,0.0,2031,8,2032.0,23.0,0.0,0.0,2030.0,0.0
0,56400,KELP,2029.0,23.0,0.0,0.0,0.0,0.0,2032,23,0.0,0.0,0.0,0.0,2030.5,0.0
0,56500,KELP,2029.0,33.0,0.0,0.0,0.0,0.0,2032,25,0.0,0.0,0.0,0.0,2030.5,0.0
0,56600,KELP,2029.0,27.0,0.0,0.0,0.0,0.0,2032,27,0.0,0.0,0.0,0.0,2030.5,0.0
0,56700,KELP,2029.0,24.0,0.0,0.0,0.0,0.0,2032,25,0.0,0.0,0.0,0.0,2030.5,0.0
0,56800,KELP,2029.0,30.0,0.0,0.0,0.0,0.0,2032,24,0.0,0.0,0.0,0.0,2030.5,0.0
0,56900,KELP,2029.0,20.0,0.0,0.0,0.0,0.0,2032,20,0.0,0.0,0.0,0.0,2030.5,0.0
0,57000,KELP,2029.0,25.0,0.0,0.0,0.0,0.0,2032,25,0.0,0.0,0.0,0.0,2030.5,0.0
0,57100,KELP,2029.0,27.0,0.0,0.0,0.0,0.0,2032,27,0.0,0.0,0.0,0.0,2030.5,0.0
0,57200,KELP,2029.0,26.0,0.0,0.0,0.0,0.0,2032,26,0.0,0.0,0.0,0.0,2030.5,0.0
0,57300,KELP,2029.0,25.0,0.0,0.0,0.0,0.0,2032,25,0.0,0.0,0.0,0.0,2030.5,0.0
0,57400,KELP,2029.0,27.0,0.0,0.0,0.0,0.0,2031,4,2033.0,28.0,0.0,0.0,2030.0,0.0
0,57500,KELP,2029.0,31.0,0.0,0.0,0.0,0.0,2033,31,0.0,0.0,0.0,0.0,2031.0,0.0
0,57600,KELP,2029.0,29.0,0.0,0.0,0.0,0.0,2033,29,0.0,0.0,0.0,0.0,2031.0,0.0
0,57700,KELP,2029.0,30.0,0.0,0.0,0.0,0.0,2033,30,0.0,0.0,0.0,0.0,2031.0,0.0
0,57800,KELP,2030.0,28.0,0.0,0.0,0.0,0.0,2033,28,0.0,0.0,0.0,0.0,2031.5,0.0
0,57900,KELP,2030.0,32.0,0.0,0.0,0.0,0.0,2033,32,0.0,0.0,0.0,0.0,2031.5,0.0
0,58000,KELP,2032.0,4.0,2030.0,23.0,0.0,0.0,2033,23,0.0,0.0,0.0,0.0,2032.5,0.0
0,58100,KELP,2030.0,31.0,0.0,0.0,0.0,0.0,2033,24,0.0,0.0,0.0,0.0,2031.5,0.0
0,58200,KELP,2030.0,32.0,0.0,0.0,0.0,0.0,2033,26,0.0,0.0,0.0,0.0,2031.5,0.0
0,58300,KELP,2030.0,2.0,2029.0,21.0,0.0,0.0,2033,23,0.0,0.0,0.0,0.0,2031.5,0.0
0,58400,KELP,2029.0,21.0,0.0,0.0,0.0,0.0,2030,4,2032.0,21.0,0.0,0.0,2029.5,0.0
0,58500,KELP,2029.0,32.0,0.0,0.0,0.0,0.0,2032,1,2033.0,29.0,0.0,0.0,2030.5,0.0
0,58600,KELP,2029.0,29.0,0.0,0.0,0.0,0.0,2031,3,2032.0,2.0,2033.0,27.0,2030.0,0.0
0,58700,KELP,2031.0,10.0,2029.0,25.0,0.0,0.0,2032,1,2033.0,24.0,0.0,0.0,2031.5,0.0
0,58800,KELP,2029.0,24.0,0.0,0.0,0.0,0.0,2031,8,2032.0,2.0,2033.0,22.0,2030.0,0.0
0,58900,KELP,2029.0,22.0,0.0,0.0,0.0,0.0,2032,22,0.0,0.0,0.0,0.0,2030.5,0.0
0,59000,KELP,2029.0,26.0,0.0,0.0,0.0,0.0,2032,26,0.0,0.0,0.0,0.0,2030.5,0.0
0,59100,KELP,2029.0,30.0,0.0,0.0,0.0,0.0,2032,30,0.0,0.0,0.0,0.0,2030.5,0.0
0,59200,KELP,2030.0,3.0,2029.0,31.0,0.0,0.0,2032,31,0.0,0.0,0.0,0.0,2031.0,0.0
0,59300,KELP,2030.0,2.0,2029.0,30.0,0.0,0.0,2032,30,0.0,0.0,0.0,0.0,2031.0,0.0
0,59400,KELP,2029.0,28.0,0.0,0.0,0.0,0.0,2032,28,0.0,0.0,0.0,0.0,2030.5,0.0
0,59500,KELP,2029.0,29.0,0.0,0.0,0.0,0.0,2032,29,0.0,0.0,0.0,0.0,2030.5,0.0
0,59600,KELP,2029.0,29.0,0.0,0.0,0.0,0.0,2032,25,0.0,0.0,0.0,0.0,2030.5,0.0
0,59700,KELP,2029.0,28.0,0.0,0.0,0.0,0.0,2031,8,2032.0,28.0,0.0,0.0,2030.0,0.0
0,59800,KELP,2029.0,20.0,0.0,0.0,0.0,0.0,2030,5,2033.0,20.0,0.0,0.0,2029.5,0.0
0,59900,KELP,2029.0,24.0,0.0,0.0,0.0,0.0,2032,24,0.0,0.0,0.0,0.0,2030.5,0.0
0,60000,KELP,2029.0,31.0,0.0,0.0,0.0,0.0,2032,31,0.0,0.0,0.0,0.0,2030.5,0.0
0,60100,KELP,2029.0,16.0,0.0,0.0,0.0,0.0,2032,25,0.0,0.0,0.0,0.0,2030.5,0.0
0,60200,KELP,2030.0,4.0,2029.0,22.0,0.0,0.0,2032,22,0.0,0.0,0.0,0.0,2031.0,0.0
0,60300,KELP,2029.0,24.0,0.0,0.0,0.0,0.0,2032,24,0.0,0.0,0.0,0.0,2030.5,0.0
0,60400,KELP,2030.0,6.0,2029.0,25.0,0.0,0.0,2032,25,0.0,0.0,0.0,0.0,2031.0,0.0
0,60500,KELP,2029.0,22.0,0.0,0.0,0.0,0.0,2032,22,0.0,0.0,0.0,0.0,2030.5,0.0
0,60600,KELP,2029.0,27.0,0.0,0.0,0.0,0.0,2032,27,0.0,0.0,0.0,0.0,2030.5,0.0
0,60700,KELP,2029.0,31.0,0.0,0.0,0.0,0.0,2032,31,0.0,0.0,0.0,0.0,2030.5,0.0
0,60800,KELP,2029.0,25.0,0.0,0.0,0.0,0.0,2031,8,2032.0,25.0,0.0,0.0,2030.0,0.0
0,60900,KELP,2029.0,25.0,0.0,0.0,0.0,0.0,2032,25,0.0,0.0,0.0,0.0,2030.5,0.0
0,61000,KELP,2029.0,23.0,0.0,0.0,0.0,0.0,2032,31,0.0,0.0,0.0,0.0,2030.5,0.0
0,61100,KELP,2029.0,32.0,0.0,0.0,0.0,0.0,2032,32,0.0,0.0,0.0,0.0,2030.5,0.0
0,61200,KELP,2029.0,30.0,0.0,0.0,0.0,0.0,2031,7,2032.0,30.0,0.0,0.0,2030.0,0.0
0,61300,KELP,2028.0,31.0,0.0,0.0,0.0,0.0,2032,31,0.0,0.0,0.0,0.0,2030.0,0.0
0,61400,KELP,2028.0,28.0,0.0,0.0,0.0,0.0,2031,2,2032.0,26.0,0.0,0.0,2029.5,0.0
0,61500,KELP,2028.0,29.0,0.0,0.0,0.0,0.0,2032,29,0.0,0.0,0.0,0.0,2030.0,0.0
0,61600,KELP,2028.0,26.0,0.0,0.0,0.0,0.0,2030,4,2032.0,26.0,0.0,0.0,2029.0,0.0
0,61700,KELP,2031.0,1.0,2029.0,1.0,2028.0,22.0,2032,23,0.0,0.0,0.0,0.0,2031.5,0.0
0,61800,KELP,2029.0,2.0,2028.0,29.0,0.0,0.0,2032,29,0.0,0.0,0.0,0.0,2030.5,0.0
0,61900,KELP,2029.0,2.0,2028.0,23.0,0.0,0.0,2032,25,0.0,0.0,0.0,0.0,2030.5,0.0
0,62000,KELP,2029.0,23.0,0.0,0.0,0.0,0.0,2032,23,0.0,0.0,0.0,0.0,2030.5,0.0
0,62100,KELP,2029.0,25.0,0.0,0.0,0.0,0.0,2032,25,0.0,0.0,0.0,0.0,2030.5,0.0
0,62200,KELP,2028.0,26.0,0.0,0.0,0.0,0.0,2029,1,2032.0,26.0,0.0,0.0,2028.5,0.0
0,62300,KELP,2029.0,22.0,0.0,0.0,0.0,0.0,2032,22,0.0,0.0,0.0,0.0,2030.5,0.0
0,62400,KELP,2029.0,26.0,0.0,0.0,0.0,0.0,2032,26,0.0,0.0,0.0,0.0,2030.5,0.0
0,62500,KELP,2029.0,29.0,0.0,0.0,0.0,0.0,2031,3,2032.0,29.0,0.0,0.0,2030.0,0.0
0,62600,KELP,2029.0,31.0,0.0,0.0,0.0,0.0,2031,4,2032.0,31.0,0.0,0.0,2030.0,0.0
0,62700,KELP,2029.0,25.0,0.0,0.0,0.0,0.0,2032,25,0.0,0.0,0.0,0.0,2030.5,0.0
0,62800,KELP,2029.0,28.0,0.0,0.0,0.0,0.0,2032,28,0.0,0.0,0.0,0.0,2030.5,0.0
0,62900,KELP,2029.0,22.0,0.0,0.0,0.0,0.0,2031,7,2032.0,22.0,0.0,0.0,2030.0,0.0
0,63000,KELP,2029.0,22.0,0.0,0.0,0.0,0.0,2032,27,0.0,0.0,0.0,0.0,2030.5,0.0
0,63100,KELP,2029.0,20.0,0.0,0.0,0.0,0.0,2032,20,0.0,0.0,0.0,0.0,2030.5,0.0
0,63200,KELP,2030.0,4.0,2029.0,24.0,0.0,0.0,2033,24,0.0,0.0,0.0,0.0,2031.5,0.0
0,63300,KELP,2029.0,28.0,0.0,0.0,0.0,0.0,2032,2,2033.0,26.0,0.0,0.0,2030.5,0.0
0,63400,KELP,2029.0,31.0,0.0,0.0,0.0,0.0,2031,6,2033.0,31.0,0.0,0.0,2030.0,0.0
0,63500,KELP,2029.0,32.0,0.0,0.0,0.0,0.0,2033,32,0.0,0.0,0.0,0.0,2031.0,0.0
0,63600,KELP,2029.0,31.0,0.0,0.0,0.0,0.0,2032,1,2033.0,30.0,0.0,0.0,2030.5,0.0
0,63700,KELP,2029.0,24.0,0.0,0.0,0.0,0.0,2033,24,0.0,0.0,0.0,0.0,2031.0,0.0
0,63800,KELP,2029.0,28.0,0.0,0.0,0.0,0.0,2030,1,2033.0,28.0,0.0,0.0,2029.5,0.0
0,63900,KELP,2030.0,2.0,2029.0,25.0,0.0,0.0,2033,25,0.0,0.0,0.0,0.0,2031.5,0.0
0,64000,KELP,2030.0,6.0,2029.0,31.0,0.0,0.0,2033,31,0.0,0.0,0.0,0.0,2031.5,0.0
0,64100,KELP,2030.0,4.0,2029.0,29.0,0.0,0.0,2033,29,0.0,0.0,0.0,0.0,2031.5,0.0
0,64200,KELP,2029.0,24.0,0.0,0.0,0.0,0.0,2033,24,0.0,0.0,0.0,0.0,2031.0,0.0
0,64300,KELP,2030.0,8.0,2029.0,29.0,0.0,0.0,2033,29,0.0,0.0,0.0,0.0,2031.5,0.0
0,64400,KELP,2029.0,25.0,0.0,0.0,0.0,0.0,2031,2,2033.0,26.0,0.0,0.0,2030.0,0.0
0,64500,KELP,2029.0,31.0,0.0,0.0,0.0,0.0,2031,2,2032.0,1.0,2033.0,30.0,2030.0,0.0
0,64600,KELP,2029.0,23.0,0.0,0.0,0.0,0.0,2032,1,2033.0,23.0,0.0,0.0,2030.5,0.0
0,64700,KELP,2030.0,8.0,2029.0,30.0,0.0,0.0,2032,2,2033.0,28.0,0.0,0.0,2031.0,0.0
0,64800,KELP,2029.0,28.0,0.0,0.0,0.0,0.0,2033,28,0.0,0.0,0.0,0.0,2031.0,0.0
0,64900,KELP,2029.0,32.0,0.0,0.0,0.0,0.0,2032,30,0.0,0.0,0.0,0.0,2030.5,0.0
0,65000,KELP,2029.0,22.0,0.0,0.0,0.0,0.0,2032,22,0.0,0.0,0.0,0.0,2030.5,0.0
0,65100,KELP,2029.0,31.0,0.0,0.0,0.0,0.0,2031,8,2032.0,31.0,0.0,0.0,2030.0,0.0
0,65200,KELP,2029.0,25.0,0.0,0.0,0.0,0.0,2032,25,0.0,0.0,0.0,0.0,2030.5,0.0
0,65300,KELP,2031.0,6.0,2029.0,31.0,0.0,0.0,2032,31,0.0,0.0,0.0,0.0,2031.5,0.0
0,65400,KELP,2029.0,25.0,0.0,0.0,0.0,0.0,2032,25,0.0,0.0,0.0,0.0,2030.5,0.0
0,65500,KELP,2029.0,27.0,0.0,0.0,0.0,0.0,2032,2,2033.0,25.0,0.0,0.0,2030.5,0.0
0,65600,KELP,2029.0,28.0,0.0,0.0,0.0,0.0,2033,28,0.0,0.0,0.0,0.0,2031.0,0.0
0,65700,KELP,2029.0,21.0,0.0,0.0,0.0,0.0,2032,21,0.0,0.0,0.0,0.0,2030.5,0.0
0,65800,KELP,2029.0,29.0,0.0,0.0,0.0,0.0,2032,29,0.0,0.0,0.0,0.0,2030.5,0.0
0,65900,KELP,2029.0,27.0,0.0,0.0,0.0,0.0,2033,27,0.0,0.0,0.0,0.0,2031.0,0.0
0,66000,KELP,2030.0,7.0,2029.0,21.0,0.0,0.0,2033,21,0.0,0.0,0.0,0.0,2031.5,0.0
0,66100,KELP,2029.0,22.0,0.0,0.0,0.0,0.0,2033,22,0.0,0.0,0.0,0.0,2031.0,0.0
0,66200,KELP,2029.0,28.0,0.0,0.0,0.0,0.0,2033,28,0.0,0.0,0.0,0.0,2031.0,0.0
0,66300,KELP,2030.0,6.0,2029.0,25.0,0.0,0.0,2033,25,0.0,0.0,0.0,0.0,2031.5,0.0
0,66400,KELP,2029.0,29.0,0.0,0.0,0.0,0.0,2031,6,2033.0,29.0,0.0,0.0,2030.0,0.0
0,66500,KELP,2030.0,4.0,2029.0,24.0,0.0,0.0,2033,24,0.0,0.0,0.0,0.0,2031.5,0.0
0,66600,KELP,2030.0,1.0,2029.0,25.0,0.0,0.0,2033,25,0.0,0.0,0.0,0.0,2031.5,0.0
0,66700,KELP,2029.0,30.0,0.0,0.0,0.0,0.0,2033,30,0.0,0.0,0.0,0.0,2031.0,0.0
0,66800,KELP,2029.0,24.0,0.0,0.0,0.0,0.0,2033,24,0.0,0.0,0.0,0.0,2031.0,0.0
0,66900,KELP,2029.0,29.0,0.0,0.0,0.0,0.0,2030,2,2033.0,29.0,0.0,0.0,2029.5,0.0
0,67000,KELP,2030.0,32.0,0.0,0.0,0.0,0.0,2033,32,0.0,0.0,0.0,0.0,2031.5,0.0
0,67100,KELP,2030.0,21.0,0.0,0.0,0.0,0.0,2032,6,2033.0,22.0,0.0,0.0,2031.0,0.0
0,67200,KELP,2029.0,30.0,0.0,0.0,0.0,0.0,2031,8,2033.0,30.0,0.0,0.0,2030.0,0.0
0,67300,KELP,2030.0,1.0,2029.0,25.0,0.0,0.0,2033,26,0.0,0.0,0.0,0.0,2031.5,0.0
0,67400,KELP,2030.0,1.0,2029.0,29.0,0.0,0.0,2033,30,0.0,0.0,0.0,0.0,2031.5,0.0
0,67500,KELP,2029.0,29.0,0.0,0.0,0.0,0.0,2031,7,2033.0,29.0,0.0,0.0,2030.0,0.0
0,67600,KELP,2029.0,31.0,0.0,0.0,0.0,0.0,2033,31,0.0,0.0,0.0,0.0,2031.0,0.0
0,67700,KELP,2030.0,21.0,0.0,0.0,0.0,0.0,2033,21,0.0,0.0,0.0,0.0,2031.5,0.0
0,67800,KELP,2029.0,23.0,0.0,0.0,0.0,0.0,2033,23,0.0,0.0,0.0,0.0,2031.0,0.0
0,67900,KELP,2031.0,9.0,2030.0,6.0,2029.0,22.0,2033,22,0.0,0.0,0.0,0.0,2032.0,0.0
0,68000,KELP,2029.0,30.0,0.0,0.0,0.0,0.0,2033,30,0.0,0.0,0.0,0.0,2031.0,0.0
0,68100,KELP,2029.0,26.0,0.0,0.0,0.0,0.0,2031,1,2033.0,26.0,0.0,0.0,2030.0,0.0
0,68200,KELP,2030.0,5.0,2029.0,26.0,0.0,0.0,2033,26,0.0,0.0,0.0,0.0,2031.5,0.0
0,68300,KELP,2029.0,27.0,0.0,0.0,0.0,0.0,2033,27,0.0,0.0,0.0,0.0,2031.0,0.0
0,68400,KELP,2029.0,28.0,0.0,0.0,0.0,0.0,2033,28,0.0,0.0,0.0,0.0,2031.0,0.0
0,68500,KELP,2029.0,24.0,0.0,0.0,0.0,0.0,2032,1,2033.0,23.0,0.0,0.0,2030.5,0.0
0,68600,KELP,2029.0,31.0,0.0,0.0,0.0,0.0,2032,1,2033.0,30.0,0.0,0.0,2030.5,0.0
0,68700,KELP,2029.0,29.0,0.0,0.0,0.0,0.0,2033,29,0.0,0.0,0.0,0.0,2031.0,0.0
0,68800,KELP,2029.0,23.0,0.0,0.0,0.0,0.0,2031,8,2033.0,23.0,0.0,0.0,2030.0,0.0
0,68900,KELP,2029.0,21.0,0.0,0.0,0.0,0.0,2033,21,0.0,0.0,0.0,0.0,2031.0,0.0
0,69000,KELP,2029.0,21.0,0.0,0.0,0.0,0.0,2033,21,0.0,0.0,0.0,0.0,2031.0,0.0
0,69100,KELP,2029.0,21.0,0.0,0.0,0.0,0.0,2033,21,0.0,0.0,0.0,0.0,2031.0,0.0
0,69200,KELP,2029.0,26.0,0.0,0.0,0.0,0.0,2030,6,2033.0,27.0,0.0,0.0,2029.5,0.0
0,69300,KELP,2029.0,24.0,0.0,0.0,0.0,0.0,2033,24,0.0,0.0,0.0,0.0,2031.0,0.0
0,69400,KELP,2030.0,4.0,2029.0,28.0,0.0,0.0,2033,28,0.0,0.0,0.0,0.0,2031.5,0.0
0,69500,KELP,2029.0,27.0,0.0,0.0,0.0,0.0,2031,2,2033.0,27.0,0.0,0.0,2030.0,0.0
0,69600,KELP,2030.0,1.0,2029.0,24.0,0.0,0.0,2033,25,0.0,0.0,0.0,0.0,2031.5,0.0
0,69700,KELP,2030.0,29.0,0.0,0.0,0.0,0.0,2033,29,0.0,0.0,0.0,0.0,2031.5,0.0
0,69800,KELP,2030.0,1.0,2029.0,26.0,0.0,0.0,2033,28,0.0,0.0,0.0,0.0,2031.5,0.0
0,69900,KELP,2030.0,4.0,2029.0,26.0,0.0,0.0,2033,26,0.0,0.0,0.0,0.0,2031.5,0.0
0,70000,KELP,2030.0,37.0,0.0,0.0,0.0,0.0,2033,29,0.0,0.0,0.0,0.0,2031.5,0.0
0,70100,KELP,2029.0,27.0,0.0,0.0,0.0,0.0,2031,7,2033.0,27.0,0.0,0.0,2030.0,0.0
0,70200,KELP,2030.0,1.0,2029.0,25.0,0.0,0.0,2031,5,2033.0,26.0,0.0,0.0,2030.5,0.0
0,70300,KELP,2030.0,25.0,0.0,0.0,0.0,0.0,2033,25,0.0,0.0,0.0,0.0,2031.5,0.0
0,70400,KELP,2030.0,31.0,0.0,0.0,0.0,0.0,2032,6,2033.0,31.0,0.0,0.0,2031.0,0.0
0,70500,KELP,2030.0,24.0,0.0,0.0,0.0,0.0,2033,24,0.0,0.0,0.0,0.0,2031.5,0.0
0,70600,KELP,2032.0,1.0,2030.0,29.0,0.0,0.0,2033,29,0.0,0.0,0.0,0.0,2032.5,0.0
0,70700,KELP,2030.0,24.0,0.0,0.0,0.0,0.0,2033,24,0.0,0.0,0.0,0.0,2031.5,0.0
0,70800,KELP,2030.0,31.0,0.0,0.0,0.0,0.0,2033,32,0.0,0.0,0.0,0.0,2031.5,0.0
0,70900,KELP,2030.0,29.0,0.0,0.0,0.0,0.0,2033,29,0.0,0.0,0.0,0.0,2031.5,0.0
0,71000,KELP,2032.0,1.0,2029.0,31.0,0.0,0.0,2033,31,0.0,0.0,0.0,0.0,2032.5,0.0
0,71100,KELP,2030.0,8.0,2029.0,22.0,0.0,0.0,2033,22,0.0,0.0,0.0,0.0,2031.5,0.0
0,71200,KELP,2031.0,2.0,2029.0,26.0,0.0,0.0,2033,26,0.0,0.0,0.0,0.0,2032.0,0.0
0,71300,KELP,2029.0,20.0,0.0,0.0,0.0,0.0,2033,20,0.0,0.0,0.0,0.0,2031.0,0.0
0,71400,KELP,2029.0,30.0,0.0,0.0,0.0,0.0,2031,2,2032.0,30.0,0.0,0.0,2030.0,0.0
0,71500,KELP,2029.0,38.0,0.0,0.0,0.0,0.0,2032,31,0.0,0.0,0.0,0.0,2030.5,0.0
0,71600,KELP,2029.0,22.0,0.0,0.0,0.0,0.0,2032,22,0.0,0.0,0.0,0.0,2030.5,0.0
0,71700,KELP,2029.0,28.0,0.0,0.0,0.0,0.0,2032,28,0.0,0.0,0.0,0.0,2030.5,0.0
0,71800,KELP,2029.0,28.0,0.0,0.0,0.0,0.0,2032,22,0.0,0.0,0.0,0.0,2030.5,0.0
0,71900,KELP,2029.0,22.0,0.0,0.0,0.0,0.0,2032,22,0.0,0.0,0.0,0.0,2030.5,0.0
0,72000,KELP,2029.0,29.0,0.0,0.0,0.0,0.0,2032,29,0.0,0.0,0.0,0.0,2030.5,0.0
0,72100,KELP,2029.0,29.0,0.0,0.0,0.0,0.0,2032,28,0.0,0.0,0.0,0.0,2030.5,0.0
0,72200,KELP,2029.0,21.0,0.0,0.0,0.0,0.0,2031,4,2032.0,21.0,0.0,0.0,2030.0,0.0
0,72300,KELP,2029.0,30.0,0.0,0.0,0.0,0.0,2032,30,0.0,0.0,0.0,0.0,2030.5,0.0
0,72400,KELP,2028.0,24.0,0.0,0.0,0.0,0.0,2030,4,2032.0,24.0,0.0,0.0,2029.0,0.0
0,72500,KELP,2029.0,2.0,2028.0,28.0,0.0,0.0,2032,30,0.0,0.0,0.0,0.0,2030.5,0.0
0,72600,KELP,2028.0,24.0,0.0,0.0,0.0,0.0,2032,24,0.0,0.0,0.0,0.0,2030.0,0.0
0,72700,KELP,2028.0,29.0,0.0,0.0,0.0,0.0,2032,29,0.0,0.0,0.0,0.0,2030.0,0.0
0,72800,KELP,2028.0,30.0,0.0,0.0,0.0,0.0,2032,30,0.0,0.0,0.0,0.0,2030.0,0.0
0,72900,KELP,2029.0,1.0,2028.0,23.0,0.0,0.0,2032,24,0.0,0.0,0.0,0.0,2030.5,0.0
0,73000,KELP,2029.0,2.0,2028.0,24.0,0.0,0.0,2032,26,0.0,0.0,0.0,0.0,2030.5,0.0
0,73100,KELP,2029.0,2.0,2028.0,24.0,0.0,0.0,2032,26,0.0,0.0,0.0,0.0,2030.5,0.0
0,73200,KELP,2029.0,2.0,2028.0,30.0,0.0,0.0,2032,31,0.0,0.0,0.0,0.0,2030.5,0.0
0,73300,KELP,2029.0,2.0,2028.0,22.0,0.0,0.0,2032,24,0.0,0.0,0.0,0.0,2030.5,0.0
0,73400,KELP,2029.0,3.0,2028.0,30.0,0.0,0.0,2032,30,0.0,0.0,0.0,0.0,2030.5,0.0
0,73500,KELP,2029.0,21.0,0.0,0.0,0.0,0.0,2032,21,0.0,0.0,0.0,0.0,2030.5,0.0
0,73600,KELP,2029.0,21.0,0.0,0.0,0.0,0.0,2032,21,0.0,0.0,0.0,0.0,2030.5,0.0
0,73700,KELP,2031.0,1.0,2029.0,20.0,0.0,0.0,2032,20,0.0,0.0,0.0,0.0,2031.5,0.0
0,73800,KELP,2030.0,5.0,2029.0,27.0,0.0,0.0,2032,27,0.0,0.0,0.0,0.0,2031.0,0.0
0,73900,KELP,2029.0,2.0,2028.0,22.0,0.0,0.0,2032,24,0.0,0.0,0.0,0.0,2030.5,0.0
0,74000,KELP,2029.0,21.0,0.0,0.0,0.0,0.0,2032,21,0.0,0.0,0.0,0.0,2030.5,0.0
0,74100,KELP,2029.0,26.0,0.0,0.0,0.0,0.0,2032,26,0.0,0.0,0.0,0.0,2030.5,0.0
0,74200,KELP,2029.0,29.0,0.0,0.0,0.0,0.0,2031,2,2032.0,29.0,0.0,0.0,2030.0,0.0
0,74300,KELP,2031.0,1.0,2029.0,24.0,0.0,0.0,2032,24,0.0,0.0,0.0,0.0,2031.5,0.0
0,74400,KELP,2031.0,2.0,2029.0,21.0,0.0,0.0,2032,21,0.0,0.0,0.0,0.0,2031.5,0.0
0,74500,KELP,2029.0,27.0,0.0,0.0,0.0,0.0,2032,27,0.0,0.0,0.0,0.0,2030.5,0.0
0,74600,KELP,2029.0,28.0,0.0,0.0,0.0,0.0,2032,29,0.0,0.0,0.0,0.0,2030.5,0.0
0,74700,KELP,2029.0,22.0,0.0,0.0,0.0,0.0,2031,5,2032.0,22.0,0.0,0.0,2030.0,0.0
0,74800,KELP,2030.0,2.0,2029.0,22.0,0.0,0.0,2033,24,0.0,0.0,0.0,0.0,2031.5,0.0
0,74900,KELP,2030.0,22.0,0.0,0.0,0.0,0.0,2033,22,0.0,0.0,0.0,0.0,2031.5,0.0
0,75000,KELP,2030.0,2.0,2029.0,23.0,0.0,0.0,2033,25,0.0,0.0,0.0,0.0,2031.5,0.0
0,75100,KELP,2031.0,4.0,2029.0,23.0,0.0,0.0,2033,23,0.0,0.0,0.0,0.0,2032.0,0.0
0,75200,KELP,2029.0,29.0,0.0,0.0,0.0,0.0,2033,29,0.0,0.0,0.0,0.0,2031.0,0.0
0,75300,KELP,2029.0,27.0,0.0,0.0,0.0,0.0,2030,1,2031.0,6.0,2033.0,27.0,2029.5,0.0
0,75400,KELP,2030.0,28.0,0.0,0.0,0.0,0.0,2033,28,0.0,0.0,0.0,0.0,2031.5,0.0
0,75500,KELP,2029.0,24.0,0.0,0.0,0.0,0.0,2033,24,0.0,0.0,0.0,0.0,2031.0,0.0
0,75600,KELP,2031.0,4.0,2030.0,8.0,2029.0,30.0,2033,30,0.0,0.0,0.0,0.0,2032.0,0.0
0,75700,KELP,2029.0,20.0,0.0,0.0,0.0,0.0,2033,20,0.0,0.0,0.0,0.0,2031.0,0.0
0,75800,KELP,2030.0,8.0,2029.0,31.0,0.0,0.0,2033,31,0.0,0.0,0.0,0.0,2031.5,0.0
0,75900,KELP,2029.0,21.0,0.0,0.0,0.0,0.0,2033,21,0.0,0.0,0.0,0.0,2031.0,0.0
0,76000,KELP,2030.0,4.0,2029.0,21.0,0.0,0.0,2031,5,2033.0,21.0,0.0,0.0,2030.5,0.0
0,76100,KELP,2029.0,26.0,0.0,0.0,0.0,0.0,2031,5,2033.0,26.0,0.0,0.0,2030.0,0.0
0,76200,KELP,2030.0,2.0,2029.0,20.0,0.0,0.0,2033,20,0.0,0.0,0.0,0.0,2031.5,0.0
0,76300,KELP,2029.0,21.0,0.0,0.0,0.0,0.0,2031,1,2033.0,22.0,0.0,0.0,2030.0,0.0
0,76400,KELP,2029.0,28.0,0.0,0.0,0.0,0.0,2030,3,2033.0,28.0,0.0,0.0,2029.5,0.0
0,76500,KELP,2029.0,21.0,0.0,0.0,0.0,0.0,2033,21,0.0,0.0,0.0,0.0,2031.0,0.0
0,76600,KELP,2031.0,1.0,2029.0,38.0,0.0,0.0,2032,30,0.0,0.0,0.0,0.0,2031.5,0.0
0,76700,KELP,2029.0,27.0,0.0,0.0,0.0,0.0,2032,26,0.0,0.0,0.0,0.0,2030.5,0.0
0,76800,KELP,2029.0,26.0,0.0,0.0,0.0,0.0,2032,27,0.0,0.0,0.0,0.0,2030.5,0.0
0,76900,KELP,2029.0,27.0,0.0,0.0,0.0,0.0,2032,23,0.0,0.0,0.0,0.0,2030.5,0.0
0,77000,KELP,2029.0,32.0,0.0,0.0,0.0,0.0,2031,4,2032.0,32.0,0.0,0.0,2030.0,0.0
0,77100,KELP,2029.0,35.0,0.0,0.0,0.0,0.0,2032,30,0.0,0.0,0.0,0.0,2030.5,0.0
0,77200,KELP,2029.0,30.0,0.0,0.0,0.0,0.0,2032,30,0.0,0.0,0.0,0.0,2030.5,0.0
0,77300,KELP,2028.0,24.0,0.0,0.0,0.0,0.0,2031,24,0.0,0.0,0.0,0.0,2029.5,0.0
0,77400,KELP,2028.0,25.0,0.0,0.0,0.0,0.0,2031,22,0.0,0.0,0.0,0.0,2029.5,0.0
0,77500,KELP,2028.0,36.0,0.0,0.0,0.0,0.0,2031,28,0.0,0.0,0.0,0.0,2029.5,0.0
0,77600,KELP,2029.0,3.0,2028.0,31.0,0.0,0.0,2031,31,0.0,0.0,0.0,0.0,2030.0,0.0
0,77700,KELP,2027.0,36.0,0.0,0.0,0.0,0.0,2030,28,0.0,0.0,0.0,0.0,2028.5,0.0
0,77800,KELP,2026.0,29.0,0.0,0.0,0.0,0.0,2030,29,0.0,0.0,0.0,0.0,2028.0,0.0
0,77900,KELP,2026.0,26.0,0.0,0.0,0.0,0.0,2030,26,0.0,0.0,0.0,0.0,2028.0,0.0
0,78000,KELP,2027.0,27.0,0.0,0.0,0.0,0.0,2030,28,0.0,0.0,0.0,0.0,2028.5,0.0
0,78100,KELP,2026.0,31.0,0.0,0.0,0.0,0.0,2030,31,0.0,0.0,0.0,0.0,2028.0,0.0
0,78200,KELP,2026.0,28.0,0.0,0.0,0.0,0.0,2030,28,0.0,0.0,0.0,0.0,2028.0,0.0
0,78300,KELP,2026.0,28.0,0.0,0.0,0.0,0.0,2030,28,0.0,0.0,0.0,0.0,2028.0,0.0
0,78400,KELP,2026.0,29.0,0.0,0.0,0.0,0.0,2029,28,0.0,0.0,0.0,0.0,2027.5,0.0
0,78500,KELP,2026.0,21.0,0.0,0.0,0.0,0.0,2029,21,0.0,0.0,0.0,0.0,2027.5,0.0
0,78600,KELP,2026.0,32.0,0.0,0.0,0.0,0.0,2028,1,2029.0,32.0,0.0,0.0,2027.0,0.0
0,78700,KELP,2026.0,21.0,0.0,0.0,0.0,0.0,2029,21,0.0,0.0,0.0,0.0,2027.5,0.0
0,78800,KELP,2028.0,1.0,2026.0,29.0,0.0,0.0,2029,29,0.0,0.0,0.0,0.0,2028.5,0.0
0,78900,KELP,2026.0,1.0,2025.0,29.0,0.0,0.0,2029,30,0.0,0.0,0.0,0.0,2027.5,0.0
0,79000,KELP,2025.0,24.0,0.0,0.0,0.0,0.0,2028,1,2029.0,23.0,0.0,0.0,2026.5,0.0
0,79100,KELP,2027.0,3.0,2025.0,24.0,0.0,0.0,2029,24,0.0,0.0,0.0,0.0,2028.0,0.0
0,79200,KELP,2025.0,26.0,0.0,0.0,0.0,0.0,2027,6,2028.0,1.0,2029.0,25.0,2026.0,0.0
0,79300,KELP,2025.0,23.0,0.0,0.0,0.0,0.0,2028,1,2029.0,22.0,0.0,0.0,2026.5,0.0
0,79400,KELP,2025.0,22.0,0.0,0.0,0.0,0.0,2028,22,0.0,0.0,0.0,0.0,2026.5,0.0
0,79500,KELP,2025.0,28.0,0.0,0.0,0.0,0.0,2028,2,2029.0,26.0,0.0,0.0,2026.5,0.0
0,79600,KELP,2025.0,24.0,0.0,0.0,0.0,0.0,2028,24,0.0,0.0,0.0,0.0,2026.5,0.0
0,79700,KELP,2025.0,31.0,0.0,0.0,0.0,0.0,2028,31,0.0,0.0,0.0,0.0,2026.5,0.0
0,79800,KELP,2027.0,1.0,2025.0,26.0,0.0,0.0,2028,26,0.0,0.0,0.0,0.0,2027.5,0.0
0,79900,KELP,2026.0,7.0,2025.0,22.0,0.0,0.0,2029,22,0.0,0.0,0.0,0.0,2027.5,0.0
0,80000,KELP,2026.0,6.0,2025.0,25.0,0.0,0.0,2029,25,0.0,0.0,0.0,0.0,2027.5,0.0
0,80100,KELP,2025.0,23.0,0.0,0.0,0.0,0.0,2027,4,2029.0,23.0,0.0,0.0,2026.0,0.0
0,80200,KELP,2025.0,22.0,0.0,0.0,0.0,0.0,2028,22,0.0,0.0,0.0,0.0,2026.5,0.0
0,80300,KELP,2024.0,23.0,0.0,0.0,0.0,0.0,2028,23,0.0,0.0,0.0,0.0,2026.0,0.0
0,80400,KELP,2024.0,21.0,0.0,0.0,0.0,0.0,2025,1,2028.0,22.0,0.0,0.0,2024.5,0.0
0,80500,KELP,2025.0,27.0,0.0,0.0,0.0,0.0,2027,4,2028.0,27.0,0.0,0.0,2026.0,0.0
0,80600,KELP,2025.0,5.0,2024.0,21.0,0.0,0.0,2028,21,0.0,0.0,0.0,0.0,2026.5,0.0
0,80700,KELP,2024.0,31.0,0.0,0.0,0.0,0.0,2027,1,2028.0,30.0,0.0,0.0,2025.5,0.0
0,80800,KELP,2025.0,30.0,0.0,0.0,0.0,0.0,2027,2,2028.0,30.0,0.0,0.0,2026.0,0.0
0,80900,KELP,2025.0,26.0,0.0,0.0,0.0,0.0,2028,2,2029.0,24.0,0.0,0.0,2026.5,0.0
0,81000,KELP,2025.0,22.0,0.0,0.0,0.0,0.0,2029,22,0.0,0.0,0.0,0.0,2027.0,0.0
0,81100,KELP,2026.0,2.0,2025.0,24.0,0.0,0.0,2027,4,2029.0,26.0,0.0,0.0,2026.5,0.0
0,81200,KELP,2026.0,23.0,0.0,0.0,0.0,0.0,2028,1,2029.0,23.0,0.0,0.0,2027.0,0.0
0,81300,KELP,2026.0,29.0,0.0,0.0,0.0,0.0,2028,4,2029.0,29.0,0.0,0.0,2027.0,0.0
0,81400,KELP,2026.0,31.0,0.0,0.0,0.0,0.0,2029,31,0.0,0.0,0.0,0.0,2027.5,0.0
0,81500,KELP,2026.0,4.0,2025.0,28.0,0.0,0.0,2029,30,0.0,0.0,0.0,0.0,2027.5,0.0
0,81600,KELP,2026.0,29.0,0.0,0.0,0.0,0.0,2029,25,0.0,0.0,0.0,0.0,2027.5,0.0
0,81700,KELP,2026.0,25.0,0.0,0.0,0.0,0.0,2028,1,2029.0,26.0,0.0,0.0,2027.0,0.0
0,81800,KELP,2028.0,1.0,2027.0,1.0,2026.0,28.0,2029,2,2030.0,26.0,0.0,0.0,2028.5,0.0
0,81900,KELP,2026.0,20.0,0.0,0.0,0.0,0.0,2029,24,0.0,0.0,0.0,0.0,2027.5,0.0
0,82000,KELP,2026.0,23.0,0.0,0.0,0.0,0.0,2029,24,0.0,0.0,0.0,0.0,2027.5,0.0
0,82100,KELP,2026.0,24.0,0.0,0.0,0.0,0.0,2029,2,2030.0,22.0,0.0,0.0,2027.5,0.0
0,82200,KELP,2026.0,24.0,0.0,0.0,0.0,0.0,2029,24,0.0,0.0,0.0,0.0,2027.5,0.0
0,82300,KELP,2026.0,30.0,0.0,0.0,0.0,0.0,2030,30,0.0,0.0,0.0,0.0,2028.0,0.0
0,82400,KELP,2026.0,25.0,0.0,0.0,0.0,0.0,2029,25,0.0,0.0,0.0,0.0,2027.5,0.0
0,82500,KELP,2028.0,1.0,2026.0,26.0,0.0,0.0,2029,26,0.0,0.0,0.0,0.0,2028.5,0.0
0,82600,KELP,2026.0,28.0,0.0,0.0,0.0,0.0,2029,26,0.0,0.0,0.0,0.0,2027.5,0.0
0,82700,KELP,2026.0,27.0,0.0,0.0,0.0,0.0,2029,28,0.0,0.0,0.0,0.0,2027.5,0.0
0,82800,KELP,2026.0,23.0,0.0,0.0,0.0,0.0,2029,23,0.0,0.0,0.0,0.0,2027.5,0.0
0,82900,KELP,2026.0,22.0,0.0,0.0,0.0,0.0,2028,6,2029.0,22.0,0.0,0.0,2027.0,0.0
0,83000,KELP,2025.0,23.0,0.0,0.0,0.0,0.0,2029,23,0.0,0.0,0.0,0.0,2027.0,0.0
0,83100,KELP,2025.0,28.0,0.0,0.0,0.0,0.0,2029,28,0.0,0.0,0.0,0.0,2027.0,0.0
0,83200,KELP,2025.0,30.0,0.0,0.0,0.0,0.0,2029,30,0.0,0.0,0.0,0.0,2027.0,0.0
0,83300,KELP,2025.0,30.0,0.0,0.0,0.0,0.0,2028,30,0.0,0.0,0.0,0.0,2026.5,0.0
0,83400,KELP,2025.0,20.0,0.0,0.0,0.0,0.0,2028,1,2029.0,26.0,0.0,0.0,2026.5,0.0
0,83500,KELP,2025.0,24.0,0.0,0.0,0.0,0.0,2027,1,2028.0,24.0,0.0,0.0,2026.0,0.0
0,83600,KELP,2026.0,27.0,0.0,0.0,0.0,0.0,2029,27,0.0,0.0,0.0,0.0,2027.5,0.0
0,83700,KELP,2026.0,29.0,0.0,0.0,0.0,0.0,2029,29,0.0,0.0,0.0,0.0,2027.5,0.0
0,83800,KELP,2026.0,24.0,0.0,0.0,0.0,0.0,2029,24,0.0,0.0,0.0,0.0,2027.5,0.0
0,83900,KELP,2026.0,25.0,0.0,0.0,0.0,0.0,2029,25,0.0,0.0,0.0,0.0,2027.5,0.0
0,84000,KELP,2026.0,22.0,0.0,0.0,0.0,0.0,2029,22,0.0,0.0,0.0,0.0,2027.5,0.0
0,84100,KELP,2028.0,1.0,2026.0,24.0,0.0,0.0,2029,24,0.0,0.0,0.0,0.0,2028.5,0.0
0,84200,KELP,2026.0,30.0,0.0,0.0,0.0,0.0,2028,5,2029.0,30.0,0.0,0.0,2027.0,0.0
0,84300,KELP,2026.0,26.0,0.0,0.0,0.0,0.0,2030,26,0.0,0.0,0.0,0.0,2028.0,0.0
0,84400,KELP,2026.0,24.0,0.0,0.0,0.0,0.0,2028,5,2030.0,24.0,0.0,0.0,2027.0,0.0
0,84500,KELP,2027.0,1.0,2026.0,27.0,0.0,0.0,2029,4,2030.0,28.0,0.0,0.0,2028.0,0.0
0,84600,KELP,2026.0,21.0,0.0,0.0,0.0,0.0,2030,21,0.0,0.0,0.0,0.0,2028.0,0.0
0,84700,KELP,2026.0,32.0,0.0,0.0,0.0,0.0,2030,32,0.0,0.0,0.0,0.0,2028.0,0.0
0,84800,KELP,2029.0,1.0,2027.0,23.0,0.0,0.0,2030,23,0.0,0.0,0.0,0.0,2029.5,0.0
0,84900,KELP,2027.0,29.0,0.0,0.0,0.0,0.0,2030,29,0.0,0.0,0.0,0.0,2028.5,0.0
0,85000,KELP,2027.0,29.0,0.0,0.0,0.0,0.0,2030,29,0.0,0.0,0.0,0.0,2028.5,0.0
0,85100,KELP,2027.0,22.0,0.0,0.0,0.0,0.0,2029,3,2030.0,22.0,0.0,0.0,2028.0,0.0
0,85200,KELP,2027.0,27.0,0.0,0.0,0.0,0.0,2029,2,2030.0,27.0,0.0,0.0,2028.0,0.0
0,85300,KELP,2027.0,22.0,0.0,0.0,0.0,0.0,2029,8,2030.0,22.0,0.0,0.0,2028.0,0.0
0,85400,KELP,2029.0,1.0,2027.0,34.0,0.0,0.0,2030,29,0.0,0.0,0.0,0.0,2029.5,0.0
0,85500,KELP,2027.0,2.0,2026.0,30.0,0.0,0.0,2030,32,0.0,0.0,0.0,0.0,2028.5,0.0
0,85600,KELP,2027.0,27.0,0.0,0.0,0.0,0.0,2030,27,0.0,0.0,0.0,0.0,2028.5,0.0
0,85700,KELP,2027.0,22.0,0.0,0.0,0.0,0.0,2030,22,0.0,0.0,0.0,0.0,2028.5,0.0
0,85800,KELP,2027.0,1.0,2026.0,22.0,0.0,0.0,2030,22,0.0,0.0,0.0,0.0,2028.5,0.0
0,85900,KELP,2027.0,8.0,2026.0,20.0,0.0,0.0,2030,21,0.0,0.0,0.0,0.0,2028.5,0.0
0,86000,KELP,2026.0,21.0,0.0,0.0,0.0,0.0,2028,1,2029.0,21.0,0.0,0.0,2027.0,0.0
0,86100,KELP,2026.0,27.0,0.0,0.0,0.0,0.0,2029,22,0.0,0.0,0.0,0.0,2027.5,0.0
0,86200,KELP,2026.0,22.0,0.0,0.0,0.0,0.0,2029,22,0.0,0.0,0.0,0.0,2027.5,0.0
0,86300,KELP,2026.0,23.0,0.0,0.0,0.0,0.0,2029,23,0.0,0.0,0.0,0.0,2027.5,0.0
0,86400,KELP,2026.0,23.0,0.0,0.0,0.0,0.0,2029,23,0.0,0.0,0.0,0.0,2027.5,0.0
0,86500,KELP,2026.0,30.0,0.0,0.0,0.0,0.0,2029,30,0.0,0.0,0.0,0.0,2027.5,0.0
0,86600,KELP,2026.0,27.0,0.0,0.0,0.0,0.0,2028,1,2029.0,27.0,0.0,0.0,2027.0,0.0
0,86700,KELP,2026.0,26.0,0.0,0.0,0.0,0.0,2030,26,0.0,0.0,0.0,0.0,2028.0,0.0
0,86800,KELP,2027.0,1.0,2026.0,20.0,0.0,0.0,2029,6,2030.0,21.0,0.0,0.0,2028.0,0.0
0,86900,KELP,2026.0,32.0,0.0,0.0,0.0,0.0,2028,7,2030.0,32.0,0.0,0.0,2027.0,0.0
0,87000,KELP,2027.0,2.0,2026.0,26.0,0.0,0.0,2028,5,2030.0,28.0,0.0,0.0,2027.5,0.0
0,87100,KELP,2027.0,32.0,0.0,0.0,0.0,0.0,2028,5,2030.0,32.0,0.0,0.0,2027.5,0.0
0,87200,KELP,2027.0,34.0,0.0,0.0,0.0,0.0,2030,27,0.0,0.0,0.0,0.0,2028.5,0.0
0,87300,KELP,2027.0,31.0,0.0,0.0,0.0,0.0,2029,5,2030.0,2.0,2031.0,29.0,2028.0,0.0
0,87400,KELP,2027.0,30.0,0.0,0.0,0.0,0.0,2031,30,0.0,0.0,0.0,0.0,2029.0,0.0
0,87500,KELP,2027.0,22.0,0.0,0.0,0.0,0.0,2029,1,2030.0,22.0,0.0,0.0,2028.0,0.0
0,87600,KELP,2027.0,26.0,0.0,0.0,0.0,0.0,2030,26,0.0,0.0,0.0,0.0,2028.5,0.0
0,87700,KELP,2027.0,23.0,0.0,0.0,0.0,0.0,2029,4,2031.0,23.0,0.0,0.0,2028.0,0.0
0,87800,KELP,2027.0,27.0,0.0,0.0,0.0,0.0,2030,2,2031.0,25.0,0.0,0.0,2028.5,0.0
0,87900,KELP,2029.0,1.0,2027.0,22.0,0.0,0.0,2031,22,0.0,0.0,0.0,0.0,2030.0,0.0
0,88000,KELP,2027.0,28.0,0.0,0.0,0.0,0.0,2030,28,0.0,0.0,0.0,0.0,2028.5,0.0
0,88100,KELP,2028.0,31.0,0.0,0.0,0.0,0.0,2031,31,0.0,0.0,0.0,0.0,2029.5,0.0
0,88200,KELP,2027.0,24.0,0.0,0.0,0.0,0.0,2030,24,0.0,0.0,0.0,0.0,2028.5,0.0
0,88300,KELP,2028.0,1.0,2027.0,29.0,0.0,0.0,2031,29,0.0,0.0,0.0,0.0,2029.5,0.0
0,88400,KELP,2029.0,9.0,2027.0,22.0,0.0,0.0,2031,22,0.0,0.0,0.0,0.0,2030.0,0.0
0,88500,KELP,2027.0,24.0,0.0,0.0,0.0,0.0,2031,24,0.0,0.0,0.0,0.0,2029.0,0.0
0,88600,KELP,2027.0,22.0,0.0,0.0,0.0,0.0,2030,1,2031.0,21.0,0.0,0.0,2028.5,0.0
0,88700,KELP,2027.0,28.0,0.0,0.0,0.0,0.0,2031,28,0.0,0.0,0.0,0.0,2029.0,0.0
0,88800,KELP,2028.0,2.0,2027.0,30.0,0.0,0.0,2031,30,0.0,0.0,0.0,0.0,2029.5,0.0
0,88900,KELP,2028.0,2.0,2027.0,29.0,0.0,0.0,2030,5,2031.0,31.0,0.0,0.0,2029.0,0.0
0,89000,KELP,2028.0,28.0,0.0,0.0,0.0,0.0,2031,28,0.0,0.0,0.0,0.0,2029.5,0.0
0,89100,KELP,2030.0,1.0,2028.0,24.0,0.0,0.0,2031,24,0.0,0.0,0.0,0.0,2030.5,0.0
0,89200,KELP,2030.0,1.0,2028.0,25.0,0.0,0.0,2031,25,0.0,0.0,0.0,0.0,2030.5,0.0
0,89300,KELP,2028.0,28.0,0.0,0.0,0.0,0.0,2031,28,0.0,0.0,0.0,0.0,2029.5,0.0
0,89400,KELP,2028.0,23.0,0.0,0.0,0.0,0.0,2031,23,0.0,0.0,0.0,0.0,2029.5,0.0
0,89500,KELP,2030.0,1.0,2028.0,28.0,0.0,0.0,2031,28,0.0,0.0,0.0,0.0,2030.5,0.0
0,89600,KELP,2028.0,1.0,2027.0,25.0,0.0,0.0,2030,4,2031.0,26.0,0.0,0.0,2029.0,0.0
0,89700,KELP,2027.0,21.0,0.0,0.0,0.0,0.0,2031,21,0.0,0.0,0.0,0.0,2029.0,0.0
0,89800,KELP,2029.0,6.0,2028.0,31.0,0.0,0.0,2031,31,0.0,0.0,0.0,0.0,2030.0,0.0
0,89900,KELP,2028.0,30.0,0.0,0.0,0.0,0.0,2031,22,0.0,0.0,0.0,0.0,2029.5,0.0
0,90000,KELP,2028.0,29.0,0.0,0.0,0.0,0.0,2031,29,0.0,0.0,0.0,0.0,2029.5,0.0
0,90100,KELP,2028.0,1.0,2027.0,21.0,0.0,0.0,2031,22,0.0,0.0,0.0,0.0,2029.5,0.0
0,90200,KELP,2028.0,24.0,0.0,0.0,0.0,0.0,2031,24,0.0,0.0,0.0,0.0,2029.5,0.0
0,90300,KELP,2028.0,36.0,0.0,0.0,0.0,0.0,2031,28,0.0,0.0,0.0,0.0,2029.5,0.0
0,90400,KELP,2028.0,26.0,0.0,0.0,0.0,0.0,2030,1,2031.0,26.0,0.0,0.0,2029.0,0.0
0,90500,KELP,2028.0,27.0,0.0,0.0,0.0,0.0,2031,27,0.0,0.0,0.0,0.0,2029.5,0.0
0,90600,KELP,2028.0,28.0,0.0,0.0,0.0,0.0,2031,24,0.0,0.0,0.0,0.0,2029.5,0.0
0,90700,KELP,2028.0,23.0,0.0,0.0,0.0,0.0,2030,8,2031.0,23.0,0.0,0.0,2029.0,0.0
0,90800,KELP,2027.0,25.0,0.0,0.0,0.0,0.0,2028,3,2031.0,27.0,0.0,0.0,2027.5,0.0
0,90900,KELP,2027.0,23.0,0.0,0.0,0.0,0.0,2031,23,0.0,0.0,0.0,0.0,2029.0,0.0
0,91000,KELP,2027.0,29.0,0.0,0.0,0.0,0.0,2031,29,0.0,0.0,0.0,0.0,2029.0,0.0
0,91100,KELP,2028.0,29.0,0.0,0.0,0.0,0.0,2031,29,0.0,0.0,0.0,0.0,2029.5,0.0
0,91200,KELP,2028.0,24.0,0.0,0.0,0.0,0.0,2029,2,2031.0,24.0,0.0,0.0,2028.5,0.0
0,91300,KELP,2028.0,2.0,2027.0,28.0,0.0,0.0,2031,30,0.0,0.0,0.0,0.0,2029.5,0.0
0,91400,KELP,2027.0,27.0,0.0,0.0,0.0,0.0,2028,1,2031.0,27.0,0.0,0.0,2027.5,0.0
0,91500,KELP,2028.0,30.0,0.0,0.0,0.0,0.0,2031,30,0.0,0.0,0.0,0.0,2029.5,0.0
0,91600,KELP,2028.0,21.0,0.0,0.0,0.0,0.0,2030,2,2031.0,22.0,0.0,0.0,2029.0,0.0
0,91700,KELP,2028.0,31.0,0.0,0.0,0.0,0.0,2031,31,0.0,0.0,0.0,0.0,2029.5,0.0
0,91800,KELP,2028.0,30.0,0.0,0.0,0.0,0.0,2031,30,0.0,0.0,0.0,0.0,2029.5,0.0
0,91900,KELP,2030.0,1.0,2028.0,24.0,0.0,0.0,2031,24,0.0,0.0,0.0,0.0,2030.5,0.0
0,92000,KELP,2028.0,1.0,2027.0,25.0,0.0,0.0,2031,26,0.0,0.0,0.0,0.0,2029.5,0.0
0,92100,KELP,2027.0,23.0,0.0,0.0,0.0,0.0,2031,23,0.0,0.0,0.0,0.0,2029.0,0.0
0,92200,KELP,2027.0,26.0,0.0,0.0,0.0,0.0,2030,26,0.0,0.0,0.0,0.0,2028.5,0.0
0,92300,KELP,2027.0,27.0,0.0,0.0,0.0,0.0,2029,7,2030.0,27.0,0.0,0.0,2028.0,0.0
0,92400,KELP,2029.0,1.0,2027.0,22.0,0.0,0.0,2030,22,0.0,0.0,0.0,0.0,2029.5,0.0
0,92500,KELP,2027.0,22.0,0.0,0.0,0.0,0.0,2030,22,0.0,0.0,0.0,0.0,2028.5,0.0
0,92600,KELP,2026.0,26.0,0.0,0.0,0.0,0.0,2030,26,0.0,0.0,0.0,0.0,2028.0,0.0
0,92700,KELP,2027.0,21.0,0.0,0.0,0.0,0.0,2030,21,0.0,0.0,0.0,0.0,2028.5,0.0
0,92800,KELP,2027.0,20.0,0.0,0.0,0.0,0.0,2030,20,0.0,0.0,0.0,0.0,2028.5,0.0
0,92900,KELP,2026.0,25.0,0.0,0.0,0.0,0.0,2030,25,0.0,0.0,0.0,0.0,2028.0,0.0
0,93000,KELP,2027.0,25.0,0.0,0.0,0.0,0.0,2030,25,0.0,0.0,0.0,0.0,2028.5,0.0
0,93100,KELP,2027.0,28.0,0.0,0.0,0.0,0.0,2030,28,0.0,0.0,0.0,0.0,2028.5,0.0
0,93200,KELP,2027.0,30.0,0.0,0.0,0.0,0.0,2030,30,0.0,0.0,0.0,0.0,2028.5,0.0
0,93300,KELP,2027.0,34.0,0.0,0.0,0.0,0.0,2030,30,0.0,0.0,0.0,0.0,2028.5,0.0
0,93400,KELP,2027.0,30.0,0.0,0.0,0.0,0.0,2030,30,0.0,0.0,0.0,0.0,2028.5,0.0
0,93500,KELP,2027.0,20.0,0.0,0.0,0.0,0.0,2030,20,0.0,0.0,0.0,0.0,2028.5,0.0
0,93600,KELP,2027.0,21.0,0.0,0.0,0.0,0.0,2028,2,2029.0,7.0,2030.0,21.0,2027.5,0.0
0,93700,KELP,2027.0,25.0,0.0,0.0,0.0,0.0,2029,3,2030.0,25.0,0.0,0.0,2028.0,0.0
0,93800,KELP,2027.0,1.0,2026.0,25.0,0.0,0.0,2030,26,0.0,0.0,0.0,0.0,2028.5,0.0
0,93900,KELP,2027.0,28.0,0.0,0.0,0.0,0.0,2030,28,0.0,0.0,0.0,0.0,2028.5,0.0
0,94000,KELP,2029.0,1.0,2027.0,21.0,0.0,0.0,2030,21,0.0,0.0,0.0,0.0,2029.5,0.0
0,94100,KELP,2027.0,27.0,0.0,0.0,0.0,0.0,2029,6,2030.0,27.0,0.0,0.0,2028.0,0.0
0,94200,KELP,2027.0,23.0,0.0,0.0,0.0,0.0,2030,23,0.0,0.0,0.0,0.0,2028.5,0.0
0,94300,KELP,2027.0,26.0,0.0,0.0,0.0,0.0,2030,26,0.0,0.0,0.0,0.0,2028.5,0.0
0,94400,KELP,2027.0,20.0,0.0,0.0,0.0,0.0,2030,29,0.0,0.0,0.0,0.0,2028.5,0.0
0,94500,KELP,2027.0,20.0,0.0,0.0,0.0,0.0,2030,20,0.0,0.0,0.0,0.0,2028.5,0.0
0,94600,KELP,2027.0,25.0,0.0,0.0,0.0,0.0,2030,25,0.0,0.0,0.0,0.0,2028.5,0.0
0,94700,KELP,2027.0,20.0,0.0,0.0,0.0,0.0,2030,20,0.0,0.0,0.0,0.0,2028.5,0.0
0,94800,KELP,2027.0,24.0,0.0,0.0,0.0,0.0,2029,8,2030.0,24.0,0.0,0.0,2028.0,0.0
0,94900,KELP,2027.0,30.0,0.0,0.0,0.0,0.0,2030,2,2031.0,28.0,0.0,0.0,2028.5,0.0
0,95000,KELP,2027.0,28.0,0.0,0.0,0.0,0.0,2031,28,0.0,0.0,0.0,0.0,2029.0,0.0
0,95100,KELP,2027.0,21.0,0.0,0.0,0.0,0.0,2031,21,0.0,0.0,0.0,0.0,2029.0,0.0
0,95200,KELP,2027.0,22.0,0.0,0.0,0.0,0.0,2031,22,0.0,0.0,0.0,0.0,2029.0,0.0
0,95300,KELP,2027.0,23.0,0.0,0.0,0.0,0.0,2031,23,0.0,0.0,0.0,0.0,2029.0,0.0
0,95400,KELP,2028.0,31.0,0.0,0.0,0.0,0.0,2031,31,0.0,0.0,0.0,0.0,2029.5,0.0
0,95500,KELP,2028.0,28.0,0.0,0.0,0.0,0.0,2030,7,2031.0,28.0,0.0,0.0,2029.0,0.0
0,95600,KELP,2030.0,3.0,2028.0,23.0,0.0,0.0,2031,23,0.0,0.0,0.0,0.0,2030.5,0.0
0,95700,KELP,2028.0,26.0,0.0,0.0,0.0,0.0,2031,26,0.0,0.0,0.0,0.0,2029.5,0.0
0,95800,KELP,2028.0,28.0,0.0,0.0,0.0,0.0,2031,28,0.0,0.0,0.0,0.0,2029.5,0.0
0,95900,KELP,2027.0,25.0,0.0,0.0,0.0,0.0,2030,1,2031.0,25.0,0.0,0.0,2028.5,0.0
0,96000,KELP,2028.0,31.0,0.0,0.0,0.0,0.0,2031,30,0.0,0.0,0.0,0.0,2029.5,0.0
0,96100,KELP,2028.0,22.0,0.0,0.0,0.0,0.0,2031,22,0.0,0.0,0.0,0.0,2029.5,0.0
0,96200,KELP,2028.0,22.0,0.0,0.0,0.0,0.0,2030,4,2031.0,22.0,0.0,0.0,2029.0,0.0
0,96300,KELP,2030.0,1.0,2028.0,22.0,0.0,0.0,2031,22,0.0,0.0,0.0,0.0,2030.5,0.0
0,96400,KELP,2028.0,33.0,0.0,0.0,0.0,0.0,2031,32,0.0,0.0,0.0,0.0,2029.5,0.0
0,96500,KELP,2028.0,30.0,0.0,0.0,0.0,0.0,2031,30,0.0,0.0,0.0,0.0,2029.5,0.0
0,96600,KELP,2028.0,22.0,0.0,0.0,0.0,0.0,2031,20,0.0,0.0,0.0,0.0,2029.5,0.0
0,96700,KELP,2028.0,24.0,0.0,0.0,0.0,0.0,2030,8,2031.0,24.0,0.0,0.0,2029.0,0.0
0,96800,KELP,2028.0,26.0,0.0,0.0,0.0,0.0,2031,26,0.0,0.0,0.0,0.0,2029.5,0.0
0,96900,KELP,2030.0,1.0,2028.0,31.0,0.0,0.0,2031,28,0.0,0.0,0.0,0.0,2030.5,0.0
0,97000,KELP,2028.0,22.0,0.0,0.0,0.0,0.0,2031,22,0.0,0.0,0.0,0.0,2029.5,0.0
0,97100,KELP,2028.0,32.0,0.0,0.0,0.0,0.0,2030,4,2031.0,32.0,0.0,0.0,2029.0,0.0
0,97200,KELP,2028.0,22.0,0.0,0.0,0.0,0.0,2031,22,0.0,0.0,0.0,0.0,2029.5,0.0
0,97300,KELP,2028.0,28.0,0.0,0.0,0.0,0.0,2031,28,0.0,0.0,0.0,0.0,2029.5,0.0
0,97400,KELP,2028.0,29.0,0.0,0.0,0.0,0.0,2031,23,0.0,0.0,0.0,0.0,2029.5,0.0
0,97500,KELP,2028.0,25.0,0.0,0.0,0.0,0.0,2031,24,0.0,0.0,0.0,0.0,2029.5,0.0
0,97600,KELP,2028.0,26.0,0.0,0.0,0.0,0.0,2031,26,0.0,0.0,0.0,0.0,2029.5,0.0
0,97700,KELP,2028.0,27.0,0.0,0.0,0.0,0.0,2030,5,2031.0,27.0,0.0,0.0,2029.0,0.0
0,97800,KELP,2028.0,24.0,0.0,0.0,0.0,0.0,2031,24,0.0,0.0,0.0,0.0,2029.5,0.0
0,97900,KELP,2028.0,28.0,0.0,0.0,0.0,0.0,2031,28,0.0,0.0,0.0,0.0,2029.5,0.0
0,98000,KELP,2028.0,22.0,0.0,0.0,0.0,0.0,2031,22,0.0,0.0,0.0,0.0,2029.5,0.0
0,98100,KELP,2028.0,30.0,0.0,0.0,0.0,0.0,2031,30,0.0,0.0,0.0,0.0,2029.5,0.0
0,98200,KELP,2028.0,21.0,0.0,0.0,0.0,0.0,2031,21,0.0,0.0,0.0,0.0,2029.5,0.0
0,98300,KELP,2028.0,28.0,0.0,0.0,0.0,0.0,2031,28,0.0,0.0,0.0,0.0,2029.5,0.0
0,98400,KELP,2028.0,23.0,0.0,0.0,0.0,0.0,2031,23,0.0,0.0,0.0,0.0,2029.5,0.0
0,98500,KELP,2028.0,27.0,0.0,0.0,0.0,0.0,2031,27,0.0,0.0,0.0,0.0,2029.5,0.0
0,98600,KELP,2028.0,31.0,0.0,0.0,0.0,0.0,2030,8,2031.0,31.0,0.0,0.0,2029.0,0.0
0,98700,KELP,2028.0,27.0,0.0,0.0,0.0,0.0,2030,5,2031.0,27.0,0.0,0.0,2029.0,0.0
0,98800,KELP,2028.0,21.0,0.0,0.0,0.0,0.0,2031,21,0.0,0.0,0.0,0.0,2029.5,0.0
0,98900,KELP,2029.0,4.0,2028.0,25.0,0.0,0.0,2031,25,0.0,0.0,0.0,0.0,2030.0,0.0
0,99000,KELP,2028.0,24.0,0.0,0.0,0.0,0.0,2031,24,0.0,0.0,0.0,0.0,2029.5,0.0
0,99100,KELP,2028.0,28.0,0.0,0.0,0.0,0.0,2031,28,0.0,0.0,0.0,0.0,2029.5,0.0
0,99200,KELP,2030.0,3.0,2028.0,24.0,0.0,0.0,2031,24,0.0,0.0,0.0,0.0,2030.5,0.0
0,99300,KELP,2028.0,24.0,0.0,0.0,0.0,0.0,2031,27,0.0,0.0,0.0,0.0,2029.5,0.0
0,99400,KELP,2028.0,27.0,0.0,0.0,0.0,0.0,2030,3,2031.0,27.0,0.0,0.0,2029.0,0.0
0,99500,KELP,2028.0,23.0,0.0,0.0,0.0,0.0,2031,23,0.0,0.0,0.0,0.0,2029.5,0.0
0,99600,KELP,2028.0,28.0,0.0,0.0,0.0,0.0,2031,28,0.0,0.0,0.0,0.0,2029.5,0.0
0,99700,KELP,2028.0,29.0,0.0,0.0,0.0,0.0,2031,29,0.0,0.0,0.0,0.0,2029.5,0.0
0,99800,KELP,2028.0,22.0,0.0,0.0,0.0,0.0,2031,26,0.0,0.0,0.0,0.0,2029.5,0.0
0,99900,KELP,2028.0,29.0,0.0,0.0,0.0,0.0,2031,26,0.0,0.0,0.0,0.0,2029.5,0.0
0,100000,KELP,2028.0,22.0,0.0,0.0,0.0,0.0,2031,22,0.0,0.0,0.0,0.0,2029.5,0.0
0,100100,KELP,2028.0,25.0,0.0,0.0,0.0,0.0,2031,1,2032.0,25.0,0.0,0.0,2029.5,0.0
0,100200,KELP,2028.0,30.0,0.0,0.0,0.0,0.0,2032,30,0.0,0.0,0.0,0.0,2030.0,0.0
0,100300,KELP,2028.0,28.0,0.0,0.0,0.0,0.0,2031,28,0.0,0.0,0.0,0.0,2029.5,0.0
0,100400,KELP,2028.0,29.0,0.0,0.0,0.0,0.0,2031,25,0.0,0.0,0.0,0.0,2029.5,0.0
0,100500,KELP,2028.0,28.0,0.0,0.0,0.0,0.0,2031,27,0.0,0.0,0.0,0.0,2029.5,0.0
0,100600,KELP,2030.0,1.0,2028.0,25.0,0.0,0.0,2031,23,0.0,0.0,0.0,0.0,2030.5,0.0
0,100700,KELP,2029.0,6.0,2028.0,30.0,0.0,0.0,2032,30,0.0,0.0,0.0,0.0,2030.5,0.0
0,100800,KELP,2028.0,23.0,0.0,0.0,0.0,0.0,2030,7,2031.0,1.0,2032.0,22.0,2029.0,0.0
0,100900,KELP,2028.0,24.0,0.0,0.0,0.0,0.0,2032,24,0.0,0.0,0.0,0.0,2030.0,0.0
0,101000,KELP,2028.0,27.0,0.0,0.0,0.0,0.0,2031,22,0.0,0.0,0.0,0.0,2029.5,0.0
0,101100,KELP,2030.0,11.0,2028.0,27.0,0.0,0.0,2031,27,0.0,0.0,0.0,0.0,2030.5,0.0
0,101200,KELP,2028.0,28.0,0.0,0.0,0.0,0.0,2031,28,0.0,0.0,0.0,0.0,2029.5,0.0
0,101300,KELP,2028.0,20.0,0.0,0.0,0.0,0.0,2031,20,0.0,0.0,0.0,0.0,2029.5,0.0
0,101400,KELP,2028.0,21.0,0.0,0.0,0.0,0.0,2032,21,0.0,0.0,0.0,0.0,2030.0,0.0
0,101500,KELP,2029.0,21.0,0.0,0.0,0.0,0.0,2031,1,2032.0,21.0,0.0,0.0,2030.0,0.0
0,101600,KELP,2029.0,24.0,0.0,0.0,0.0,0.0,2032,24,0.0,0.0,0.0,0.0,2030.5,0.0
0,101700,KELP,2029.0,31.0,0.0,0.0,0.0,0.0,2032,27,0.0,0.0,0.0,0.0,2030.5,0.0
0,101800,KELP,2029.0,31.0,0.0,0.0,0.0,0.0,2031,1,2032.0,31.0,0.0,0.0,2030.0,0.0
0,101900,KELP,2029.0,17.0,0.0,0.0,0.0,0.0,2032,25,0.0,0.0,0.0,0.0,2030.5,0.0
0,102000,KELP,2029.0,28.0,0.0,0.0,0.0,0.0,2032,28,0.0,0.0,0.0,0.0,2030.5,0.0
0,102100,KELP,2029.0,37.0,0.0,0.0,0.0,0.0,2030,4,2032.0,29.0,0.0,0.0,2029.5,0.0
0,102200,KELP,2029.0,26.0,0.0,0.0,0.0,0.0,2032,26,0.0,0.0,0.0,0.0,2030.5,0.0
0,102300,KELP,2029.0,27.0,0.0,0.0,0.0,0.0,2031,6,2032.0,28.0,0.0,0.0,2030.0,0.0
0,102400,KELP,2029.0,23.0,0.0,0.0,0.0,0.0,2032,28,0.0,0.0,0.0,0.0,2030.5,0.0
0,102500,KELP,2029.0,27.0,0.0,0.0,0.0,0.0,2032,27,0.0,0.0,0.0,0.0,2030.5,0.0
0,102600,KELP,2029.0,28.0,0.0,0.0,0.0,0.0,2032,28,0.0,0.0,0.0,0.0,2030.5,0.0
0,102700,KELP,2029.0,21.0,0.0,0.0,0.0,0.0,2032,21,0.0,0.0,0.0,0.0,2030.5,0.0
0,102800,KELP,2029.0,27.0,0.0,0.0,0.0,0.0,2033,27,0.0,0.0,0.0,0.0,2031.0,0.0
0,102900,KELP,2031.0,1.0,2029.0,25.0,0.0,0.0,2032,25,0.0,0.0,0.0,0.0,2031.5,0.0
0,103000,KELP,2029.0,27.0,0.0,0.0,0.0,0.0,2033,27,0.0,0.0,0.0,0.0,2031.0,0.0
0,103100,KELP,2029.0,22.0,0.0,0.0,0.0,0.0,2030,6,2032.0,22.0,0.0,0.0,2029.5,0.0
0,103200,KELP,2029.0,30.0,0.0,0.0,0.0,0.0,2033,30,0.0,0.0,0.0,0.0,2031.0,0.0
0,103300,KELP,2029.0,23.0,0.0,0.0,0.0,0.0,2032,22,0.0,0.0,0.0,0.0,2030.5,0.0
0,103400,KELP,2029.0,27.0,0.0,0.0,0.0,0.0,2033,27,0.0,0.0,0.0,0.0,2031.0,0.0
0,103500,KELP,2030.0,27.0,0.0,0.0,0.0,0.0,2033,27,0.0,0.0,0.0,0.0,2031.5,0.0
0,103600,KELP,2029.0,27.0,0.0,0.0,0.0,0.0,2033,27,0.0,0.0,0.0,0.0,2031.0,0.0
0,103700,KELP,2029.0,30.0,0.0,0.0,0.0,0.0,2033,30,0.0,0.0,0.0,0.0,2031.0,0.0
0,103800,KELP,2030.0,2.0,2029.0,30.0,0.0,0.0,2032,2,2033.0,32.0,0.0,0.0,2031.0,0.0
0,103900,KELP,2030.0,1.0,2029.0,27.0,0.0,0.0,2033,28,0.0,0.0,0.0,0.0,2031.5,0.0
0,104000,KELP,2029.0,22.0,0.0,0.0,0.0,0.0,2033,22,0.0,0.0,0.0,0.0,2031.0,0.0
0,104100,KELP,2030.0,1.0,2029.0,30.0,0.0,0.0,2033,31,0.0,0.0,0.0,0.0,2031.5,0.0
0,104200,KELP,2030.0,31.0,0.0,0.0,0.0,0.0,2032,8,2033.0,31.0,0.0,0.0,2031.0,0.0
0,104300,KELP,2030.0,21.0,0.0,0.0,0.0,0.0,2032,3,2033.0,21.0,0.0,0.0,2031.0,0.0
0,104400,KELP,2030.0,24.0,0.0,0.0,0.0,0.0,2031,6,2033.0,24.0,0.0,0.0,2030.5,0.0
0,104500,KELP,2030.0,31.0,0.0,0.0,0.0,0.0,2033,31,0.0,0.0,0.0,0.0,2031.5,0.0
0,104600,KELP,2030.0,26.0,0.0,0.0,0.0,0.0,2033,26,0.0,0.0,0.0,0.0,2031.5,0.0
0,104700,KELP,2029.0,30.0,0.0,0.0,0.0,0.0,2031,5,2033.0,30.0,0.0,0.0,2030.0,0.0
0,104800,KELP,2029.0,21.0,0.0,0.0,0.0,0.0,2033,21,0.0,0.0,0.0,0.0,2031.0,0.0
0,104900,KELP,2029.0,24.0,0.0,0.0,0.0,0.0,2031,3,2032.0,1.0,2033.0,23.0,2030.0,0.0
0,105000,KELP,2029.0,21.0,0.0,0.0,0.0,0.0,2033,21,0.0,0.0,0.0,0.0,2031.0,0.0
0,105100,KELP,2029.0,22.0,0.0,0.0,0.0,0.0,2033,22,0.0,0.0,0.0,0.0,2031.0,0.0
0,105200,KELP,2029.0,30.0,0.0,0.0,0.0,0.0,2032,30,0.0,0.0,0.0,0.0,2030.5,0.0
0,105300,KELP,2029.0,31.0,0.0,0.0,0.0,0.0,2031,8,2032.0,31.0,0.0,0.0,2030.0,0.0
0,105400,KELP,2029.0,23.0,0.0,0.0,0.0,0.0,2032,23,0.0,0.0,0.0,0.0,2030.5,0.0
0,105500,KELP,2029.0,28.0,0.0,0.0,0.0,0.0,2031,6,2032.0,29.0,0.0,0.0,2030.0,0.0
0,105600,KELP,2029.0,28.0,0.0,0.0,0.0,0.0,2032,28,0.0,0.0,0.0,0.0,2030.5,0.0
0,105700,KELP,2030.0,3.0,2029.0,29.0,0.0,0.0,2032,29,0.0,0.0,0.0,0.0,2031.0,0.0
0,105800,KELP,2029.0,38.0,0.0,0.0,0.0,0.0,2030,5,2032.0,2.0,2033.0,30.0,2029.5,0.0
0,105900,KELP,2029.0,23.0,0.0,0.0,0.0,0.0,2031,6,2032.0,23.0,0.0,0.0,2030.0,0.0
0,106000,KELP,2031.0,1.0,2029.0,33.0,0.0,0.0,2032,28,0.0,0.0,0.0,0.0,2031.5,0.0
0,106100,KELP,2029.0,25.0,0.0,0.0,0.0,0.0,2032,25,0.0,0.0,0.0,0.0,2030.5,0.0
0,106200,KELP,2029.0,29.0,0.0,0.0,0.0,0.0,2031,7,2032.0,29.0,0.0,0.0,2030.0,0.0
0,106300,KELP,2029.0,24.0,0.0,0.0,0.0,0.0,2032,25,0.0,0.0,0.0,0.0,2030.5,0.0
0,106400,KELP,2029.0,26.0,0.0,0.0,0.0,0.0,2032,27,0.0,0.0,0.0,0.0,2030.5,0.0
0,106500,KELP,2029.0,33.0,0.0,0.0,0.0,0.0,2032,25,0.0,0.0,0.0,0.0,2030.5,0.0
0,106600,KELP,2029.0,30.0,0.0,0.0,0.0,0.0,2032,30,0.0,0.0,0.0,0.0,2030.5,0.0
0,106700,KELP,2029.0,31.0,0.0,0.0,0.0,0.0,2031,3,2032.0,31.0,0.0,0.0,2030.0,0.0
0,106800,KELP,2028.0,27.0,0.0,0.0,0.0,0.0,2032,27,0.0,0.0,0.0,0.0,2030.0,0.0
0,106900,KELP,2028.0,23.0,0.0,0.0,0.0,0.0,2032,23,0.0,0.0,0.0,0.0,2030.0,0.0
0,107000,KELP,2028.0,29.0,0.0,0.0,0.0,0.0,2031,1,2032.0,30.0,0.0,0.0,2029.5,0.0
0,107100,KELP,2029.0,1.0,2028.0,26.0,0.0,0.0,2032,27,0.0,0.0,0.0,0.0,2030.5,0.0
0,107200,KELP,2029.0,2.0,2028.0,21.0,0.0,0.0,2032,23,0.0,0.0,0.0,0.0,2030.5,0.0
0,107300,KELP,2029.0,1.0,2028.0,22.0,0.0,0.0,2032,23,0.0,0.0,0.0,0.0,2030.5,0.0
0,107400,KELP,2028.0,29.0,0.0,0.0,0.0,0.0,2032,29,0.0,0.0,0.0,0.0,2030.0,0.0
0,107500,KELP,2029.0,27.0,0.0,0.0,0.0,0.0,2031,5,2032.0,27.0,0.0,0.0,2030.0,0.0
0,107600,KELP,2029.0,24.0,0.0,0.0,0.0,0.0,2032,25,0.0,0.0,0.0,0.0,2030.5,0.0
0,107700,KELP,2029.0,21.0,0.0,0.0,0.0,0.0,2032,21,0.0,0.0,0.0,0.0,2030.5,0.0
0,107800,KELP,2029.0,31.0,0.0,0.0,0.0,0.0,2031,2,2032.0,31.0,0.0,0.0,2030.0,0.0
0,107900,KELP,2031.0,1.0,2029.0,30.0,0.0,0.0,2032,25,0.0,0.0,0.0,0.0,2031.5,0.0
0,108000,KELP,2029.0,9.0,2028.0,21.0,0.0,0.0,2032,23,0.0,0.0,0.0,0.0,2030.5,0.0
0,108100,KELP,2028.0,30.0,0.0,0.0,0.0,0.0,2032,30,0.0,0.0,0.0,0.0,2030.0,0.0
0,108200,KELP,2028.0,25.0,0.0,0.0,0.0,0.0,2032,25,0.0,0.0,0.0,0.0,2030.0,0.0
0,108300,KELP,2029.0,26.0,0.0,0.0,0.0,0.0,2031,4,2032.0,27.0,0.0,0.0,2030.0,0.0
0,108400,KELP,2029.0,20.0,0.0,0.0,0.0,0.0,2032,20,0.0,0.0,0.0,0.0,2030.5,0.0
0,108500,KELP,2028.0,30.0,0.0,0.0,0.0,0.0,2029,5,2032.0,30.0,0.0,0.0,2028.5,0.0
0,108600,KELP,2030.0,4.0,2029.0,2.0,2028.0,31.0,2032,31,0.0,0.0,0.0,0.0,2031.0,0.0
0,108700,KELP,2028.0,27.0,0.0,0.0,0.0,0.0,2032,27,0.0,0.0,0.0,0.0,2030.0,0.0
0,108800,KELP,2031.0,1.0,2028.0,26.0,0.0,0.0,2032,26,0.0,0.0,0.0,0.0,2031.5,0.0
0,108900,KELP,2028.0,23.0,0.0,0.0,0.0,0.0,2032,23,0.0,0.0,0.0,0.0,2030.0,0.0
0,109000,KELP,2029.0,1.0,2028.0,23.0,0.0,0.0,2032,24,0.0,0.0,0.0,0.0,2030.5,0.0
0,109100,KELP,2028.0,22.0,0.0,0.0,0.0,0.0,2030,2,2032.0,22.0,0.0,0.0,2029.0,0.0
0,109200,KELP,2030.0,9.0,2028.0,25.0,0.0,0.0,2032,25,0.0,0.0,0.0,0.0,2031.0,0.0
0,109300,KELP,2029.0,1.0,2028.0,24.0,0.0,0.0,2032,25,0.0,0.0,0.0,0.0,2030.5,0.0
0,109400,KELP,2028.0,25.0,0.0,0.0,0.0,0.0,2029,1,2032.0,25.0,0.0,0.0,2028.5,0.0
0,109500,KELP,2028.0,30.0,0.0,0.0,0.0,0.0,2030,2,2032.0,30.0,0.0,0.0,2029.0,0.0
0,109600,KELP,2028.0,20.0,0.0,0.0,0.0,0.0,2030,8,2032.0,21.0,0.0,0.0,2029.0,0.0
0,109700,KELP,2029.0,4.0,2028.0,28.0,0.0,0.0,2031,2,2032.0,26.0,0.0,0.0,2030.0,0.0
0,109800,KELP,2028.0,27.0,0.0,0.0,0.0,0.0,2030,6,2031.0,2.0,2032.0,25.0,2029.0,0.0
0,109900,KELP,2028.0,29.0,0.0,0.0,0.0,0.0,2032,29,0.0,0.0,0.0,0.0,2030.0,0.0
0,110000,KELP,2028.0,25.0,0.0,0.0,0.0,0.0,2030,2,2032.0,25.0,0.0,0.0,2029.0,0.0
0,110100,KELP,2030.0,1.0,2028.0,25.0,0.0,0.0,2032,25,0.0,0.0,0.0,0.0,2031.0,0.0
0,110200,KELP,2028.0,27.0,0.0,0.0,0.0,0.0,2032,28,0.0,0.0,0.0,0.0,2030.0,0.0
0,110300,KELP,2028.0,27.0,0.0,0.0,0.0,0.0,2032,27,0.0,0.0,0.0,0.0,2030.0,0.0
0,110400,KELP,2028.0,26.0,0.0,0.0,0.0,0.0,2032,26,0.0,0.0,0.0,0.0,2030.0,0.0
0,110500,KELP,2028.0,21.0,0.0,0.0,0.0,0.0,2030,5,2031.0,21.0,0.0,0.0,2029.0,0.0
0,110600,KELP,2028.0,1.0,2027.0,26.0,0.0,0.0,2031,27,0.0,0.0,0.0,0.0,2029.5,0.0
0,110700,KELP,2028.0,25.0,0.0,0.0,0.0,0.0,2031,25,0.0,0.0,0.0,0.0,2029.5,0.0
0,110800,KELP,2028.0,24.0,0.0,0.0,0.0,0.0,2031,24,0.0,0.0,0.0,0.0,2029.5,0.0
0,110900,KELP,2027.0,26.0,0.0,0.0,0.0,0.0,2030,26,0.0,0.0,0.0,0.0,2028.5,0.0
0,111000,KELP,2029.0,7.0,2027.0,29.0,0.0,0.0,2030,26,0.0,0.0,0.0,0.0,2029.5,0.0
0,111100,KELP,2027.0,21.0,0.0,0.0,0.0,0.0,2030,21,0.0,0.0,0.0,0.0,2028.5,0.0
0,111200,KELP,2027.0,21.0,0.0,0.0,0.0,0.0,2028,2,2031.0,21.0,0.0,0.0,2027.5,0.0
0,111300,KELP,2027.0,29.0,0.0,0.0,0.0,0.0,2031,30,0.0,0.0,0.0,0.0,2029.0,0.0
0,111400,KELP,2027.0,21.0,0.0,0.0,0.0,0.0,2031,21,0.0,0.0,0.0,0.0,2029.0,0.0
0,111500,KELP,2027.0,24.0,0.0,0.0,0.0,0.0,2029,4,2031.0,24.0,0.0,0.0,2028.0,0.0
0,111600,KELP,2027.0,25.0,0.0,0.0,0.0,0.0,2031,25,0.0,0.0,0.0,0.0,2029.0,0.0
0,111700,KELP,2027.0,20.0,0.0,0.0,0.0,0.0,2031,20,0.0,0.0,0.0,0.0,2029.0,0.0
0,111800,KELP,2027.0,25.0,0.0,0.0,0.0,0.0,2031,25,0.0,0.0,0.0,0.0,2029.0,0.0
0,111900,KELP,2027.0,24.0,0.0,0.0,0.0,0.0,2031,24,0.0,0.0,0.0,0.0,2029.0,0.0
0,112000,KELP,2027.0,24.0,0.0,0.0,0.0,0.0,2029,5,2031.0,24.0,0.0,0.0,2028.0,0.0
0,112100,KELP,2027.0,25.0,0.0,0.0,0.0,0.0,2031,25,0.0,0.0,0.0,0.0,2029.0,0.0
0,112200,KELP,2027.0,20.0,0.0,0.0,0.0,0.0,2029,4,2030.0,20.0,0.0,0.0,2028.0,0.0
0,112300,KELP,2028.0,5.0,2027.0,25.0,0.0,0.0,2031,27,0.0,0.0,0.0,0.0,2029.5,0.0
0,112400,KELP,2027.0,28.0,0.0,0.0,0.0,0.0,2029,8,2031.0,28.0,0.0,0.0,2028.0,0.0
0,112500,KELP,2027.0,25.0,0.0,0.0,0.0,0.0,2031,25,0.0,0.0,0.0,0.0,2029.0,0.0
0,112600,KELP,2027.0,29.0,0.0,0.0,0.0,0.0,2031,29,0.0,0.0,0.0,0.0,2029.0,0.0
0,112700,KELP,2028.0,1.0,2027.0,21.0,0.0,0.0,2031,22,0.0,0.0,0.0,0.0,2029.5,0.0
0,112800,KELP,2029.0,4.0,2027.0,27.0,0.0,0.0,2031,27,0.0,0.0,0.0,0.0,2030.0,0.0
0,112900,KELP,2028.0,25.0,0.0,0.0,0.0,0.0,2031,25,0.0,0.0,0.0,0.0,2029.5,0.0
0,113000,KELP,2028.0,34.0,0.0,0.0,0.0,0.0,2031,30,0.0,0.0,0.0,0.0,2029.5,0.0
0,113100,KELP,2028.0,22.0,0.0,0.0,0.0,0.0,2031,22,0.0,0.0,0.0,0.0,2029.5,0.0
0,113200,KELP,2028.0,32.0,0.0,0.0,0.0,0.0,2031,25,0.0,0.0,0.0,0.0,2029.5,0.0
0,113300,KELP,2028.0,22.0,0.0,0.0,0.0,0.0,2031,22,0.0,0.0,0.0,0.0,2029.5,0.0
0,113400,KELP,2028.0,29.0,0.0,0.0,0.0,0.0,2031,29,0.0,0.0,0.0,0.0,2029.5,0.0
0,113500,KELP,2030.0,1.0,2028.0,29.0,0.0,0.0,2031,29,0.0,0.0,0.0,0.0,2030.5,0.0
0,113600,KELP,2028.0,24.0,0.0,0.0,0.0,0.0,2031,24,0.0,0.0,0.0,0.0,2029.5,0.0
0,113700,KELP,2028.0,27.0,0.0,0.0,0.0,0.0,2031,27,0.0,0.0,0.0,0.0,2029.5,0.0
0,113800,KELP,2028.0,25.0,0.0,0.0,0.0,0.0,2031,25,0.0,0.0,0.0,0.0,2029.5,0.0
0,113900,KELP,2028.0,21.0,0.0,0.0,0.0,0.0,2031,21,0.0,0.0,0.0,0.0,2029.5,0.0
0,114000,KELP,2028.0,27.0,0.0,0.0,0.0,0.0,2031,2,2032.0,25.0,0.0,0.0,2029.5,0.0
0,114100,KELP,2030.0,1.0,2028.0,30.0,0.0,0.0,2032,30,0.0,0.0,0.0,0.0,2031.0,0.0
0,114200,KELP,2029.0,1.0,2028.0,30.0,0.0,0.0,2032,31,0.0,0.0,0.0,0.0,2030.5,0.0
0,114300,KELP,2028.0,21.0,0.0,0.0,0.0,0.0,2030,2,2032.0,21.0,0.0,0.0,2029.0,0.0
0,114400,KELP,2028.0,31.0,0.0,0.0,0.0,0.0,2031,27,0.0,0.0,0.0,0.0,2029.5,0.0
0,114500,KELP,2028.0,26.0,0.0,0.0,0.0,0.0,2031,27,0.0,0.0,0.0,0.0,2029.5,0.0
0,114600,KELP,2028.0,28.0,0.0,0.0,0.0,0.0,2032,28,0.0,0.0,0.0,0.0,2030.0,0.0
0,114700,KELP,2028.0,30.0,0.0,0.0,0.0,0.0,2031,2,2032.0,28.0,0.0,0.0,2029.5,0.0
0,114800,KELP,2028.0,21.0,0.0,0.0,0.0,0.0,2032,21,0.0,0.0,0.0,0.0,2030.0,0.0
0,114900,KELP,2028.0,27.0,0.0,0.0,0.0,0.0,2031,2,2032.0,25.0,0.0,0.0,2029.5,0.0
0,115000,KELP,2028.0,30.0,0.0,0.0,0.0,0.0,2031,2,2032.0,28.0,0.0,0.0,2029.5,0.0
0,115100,KELP,2030.0,7.0,2028.0,27.0,0.0,0.0,2032,27,0.0,0.0,0.0,0.0,2031.0,0.0
0,115200,KELP,2028.0,28.0,0.0,0.0,0.0,0.0,2032,28,0.0,0.0,0.0,0.0,2030.0,0.0
0,115300,KELP,2028.0,30.0,0.0,0.0,0.0,0.0,2030,4,2032.0,30.0,0.0,0.0,2029.0,0.0
0,115400,KELP,2028.0,29.0,0.0,0.0,0.0,0.0,2032,29,0.0,0.0,0.0,0.0,2030.0,0.0
0,115500,KELP,2029.0,2.0,2028.0,23.0,0.0,0.0,2032,25,0.0,0.0,0.0,0.0,2030.5,0.0
0,115600,KELP,2029.0,34.0,0.0,0.0,0.0,0.0,2032,31,0.0,0.0,0.0,0.0,2030.5,0.0
0,115700,KELP,2029.0,35.0,0.0,0.0,0.0,0.0,2032,31,0.0,0.0,0.0,0.0,2030.5,0.0
0,115800,KELP,2029.0,30.0,0.0,0.0,0.0,0.0,2032,30,0.0,0.0,0.0,0.0,2030.5,0.0
0,115900,KELP,2029.0,28.0,0.0,0.0,0.0,0.0,2032,28,0.0,0.0,0.0,0.0,2030.5,0.0
0,116000,KELP,2029.0,38.0,0.0,0.0,0.0,0.0,2032,30,0.0,0.0,0.0,0.0,2030.5,0.0
0,116100,KELP,2029.0,28.0,0.0,0.0,0.0,0.0,2031,6,2032.0,28.0,0.0,0.0,2030.0,0.0
0,116200,KELP,2028.0,26.0,0.0,0.0,0.0,0.0,2032,26,0.0,0.0,0.0,0.0,2030.0,0.0
0,116300,KELP,2029.0,2.0,2028.0,24.0,0.0,0.0,2032,26,0.0,0.0,0.0,0.0,2030.5,0.0
0,116400,KELP,2029.0,2.0,2028.0,29.0,0.0,0.0,2032,31,0.0,0.0,0.0,0.0,2030.5,0.0
0,116500,KELP,2031.0,1.0,2029.0,2.0,2028.0,27.0,2032,29,0.0,0.0,0.0,0.0,2031.5,0.0
0,116600,KELP,2028.0,30.0,0.0,0.0,0.0,0.0,2029,8,2032.0,30.0,0.0,0.0,2028.5,0.0
0,116700,KELP,2029.0,1.0,2028.0,23.0,0.0,0.0,2032,23,0.0,0.0,0.0,0.0,2030.5,0.0
0,116800,KELP,2028.0,30.0,0.0,0.0,0.0,0.0,2032,30,0.0,0.0,0.0,0.0,2030.0,0.0
0,116900,KELP,2029.0,2.0,2028.0,29.0,0.0,0.0,2031,1,2032.0,28.0,0.0,0.0,2030.0,0.0
0,117000,KELP,2028.0,28.0,0.0,0.0,0.0,0.0,2031,21,0.0,0.0,0.0,0.0,2029.5,0.0
0,117100,KELP,2028.0,26.0,0.0,0.0,0.0,0.0,2030,4,2031.0,26.0,0.0,0.0,2029.0,0.0
0,117200,KELP,2028.0,23.0,0.0,0.0,0.0,0.0,2030,2,2031.0,1.0,2032.0,22.0,2029.0,0.0
0,117300,KELP,2028.0,21.0,0.0,0.0,0.0,0.0,2032,29,0.0,0.0,0.0,0.0,2030.0,0.0
0,117400,KELP,2030.0,1.0,2028.0,32.0,0.0,0.0,2031,32,0.0,0.0,0.0,0.0,2030.5,0.0
0,117500,KELP,2028.0,23.0,0.0,0.0,0.0,0.0,2030,6,2031.0,1.0,2032.0,22.0,2029.0,0.0
0,117600,KELP,2028.0,30.0,0.0,0.0,0.0,0.0,2031,23,0.0,0.0,0.0,0.0,2029.5,0.0
0,117700,KELP,2028.0,24.0,0.0,0.0,0.0,0.0,2030,7,2031.0,24.0,0.0,0.0,2029.0,0.0
0,117800,KELP,2028.0,23.0,0.0,0.0,0.0,0.0,2031,26,0.0,0.0,0.0,0.0,2029.5,0.0
0,117900,KELP,2028.0,36.0,0.0,0.0,0.0,0.0,2031,31,0.0,0.0,0.0,0.0,2029.5,0.0
0,118000,KELP,2030.0,1.0,2028.0,30.0,0.0,0.0,2031,30,0.0,0.0,0.0,0.0,2030.5,0.0
0,118100,KELP,2028.0,20.0,0.0,0.0,0.0,0.0,2030,1,2031.0,20.0,0.0,0.0,2029.0,0.0
0,118200,KELP,2029.0,4.0,2027.0,26.0,0.0,0.0,2031,26,0.0,0.0,0.0,0.0,2030.0,0.0
0,118300,KELP,2027.0,23.0,0.0,0.0,0.0,0.0,2028,1,2031.0,23.0,0.0,0.0,2027.5,0.0
0,118400,KELP,2028.0,1.0,2027.0,27.0,0.0,0.0,2031,28,0.0,0.0,0.0,0.0,2029.5,0.0
0,118500,KELP,2028.0,1.0,2027.0,28.0,0.0,0.0,2031,28,0.0,0.0,0.0,0.0,2029.5,0.0
0,118600,KELP,2028.0,2.0,2027.0,28.0,0.0,0.0,2029,7,2031.0,30.0,0.0,0.0,2028.5,0.0
0,118700,KELP,2028.0,29.0,0.0,0.0,0.0,0.0,2031,29,0.0,0.0,0.0,0.0,2029.5,0.0
0,118800,KELP,2028.0,24.0,0.0,0.0,0.0,0.0,2031,24,0.0,0.0,0.0,0.0,2029.5,0.0
0,118900,KELP,2028.0,28.0,0.0,0.0,0.0,0.0,2031,28,0.0,0.0,0.0,0.0,2029.5,0.0
0,119000,KELP,2028.0,27.0,0.0,0.0,0.0,0.0,2031,27,0.0,0.0,0.0,0.0,2029.5,0.0
0,119100,KELP,2028.0,25.0,0.0,0.0,0.0,0.0,2031,25,0.0,0.0,0.0,0.0,2029.5,0.0
0,119200,KELP,2028.0,29.0,0.0,0.0,0.0,0.0,2031,29,0.0,0.0,0.0,0.0,2029.5,0.0
0,119300,KELP,2028.0,23.0,0.0,0.0,0.0,0.0,2030,5,2031.0,23.0,0.0,0.0,2029.0,0.0
0,119400,KELP,2028.0,27.0,0.0,0.0,0.0,0.0,2031,27,0.0,0.0,0.0,0.0,2029.5,0.0
0,119500,KELP,2028.0,32.0,0.0,0.0,0.0,0.0,2031,27,0.0,0.0,0.0,0.0,2029.5,0.0
0,119600,KELP,2028.0,25.0,0.0,0.0,0.0,0.0,2031,25,0.0,0.0,0.0,0.0,2029.5,0.0
0,119700,KELP,2028.0,25.0,0.0,0.0,0.0,0.0,2031,25,0.0,0.0,0.0,0.0,2029.5,0.0
0,119800,KELP,2028.0,7.0,2027.0,26.0,0.0,0.0,2031,26,0.0,0.0,0.0,0.0,2029.5,0.0
0,119900,KELP,2028.0,25.0,0.0,0.0,0.0,0.0,2030,3,2031.0,25.0,0.0,0.0,2029.0,0.0
0,120000,KELP,2028.0,9.0,2027.0,27.0,0.0,0.0,2031,28,0.0,0.0,0.0,0.0,2029.5,0.0
0,120100,KELP,2029.0,6.0,2028.0,2.0,2027.0,20.0,2031,22,0.0,0.0,0.0,0.0,2030.0,0.0
0,120200,KELP,2028.0,22.0,0.0,0.0,0.0,0.0,2030,3,2031.0,23.0,0.0,0.0,2029.0,0.0
0,120300,KELP,2028.0,28.0,0.0,0.0,0.0,0.0,2031,28,0.0,0.0,0.0,0.0,2029.5,0.0
0,120400,KELP,2028.0,28.0,0.0,0.0,0.0,0.0,2031,28,0.0,0.0,0.0,0.0,2029.5,0.0
0,120500,KELP,2028.0,29.0,0.0,0.0,0.0,0.0,2030,8,2031.0,29.0,0.0,0.0,2029.0,0.0
0,120600,KELP,2028.0,27.0,0.0,0.0,0.0,0.0,2031,27,0.0,0.0,0.0,0.0,2029.5,0.0
0,120700,KELP,2028.0,21.0,0.0,0.0,0.0,0.0,2031,21,0.0,0.0,0.0,0.0,2029.5,0.0
0,120800,KELP,2029.0,2.0,2028.0,35.0,0.0,0.0,2031,28,0.0,0.0,0.0,0.0,2030.0,0.0
0,120900,KELP,2028.0,15.0,0.0,0.0,0.0,0.0,2031,24,0.0,0.0,0.0,0.0,2029.5,0.0
0,121000,KELP,2028.0,26.0,0.0,0.0,0.0,0.0,2031,26,0.0,0.0,0.0,0.0,2029.5,0.0
0,121100,KELP,2027.0,21.0,0.0,0.0,0.0,0.0,2031,21,0.0,0.0,0.0,0.0,2029.0,0.0
0,121200,KELP,2028.0,27.0,0.0,0.0,0.0,0.0,2031,27,0.0,0.0,0.0,0.0,2029.5,0.0
0,121300,KELP,2027.0,26.0,0.0,0.0,0.0,0.0,2031,27,0.0,0.0,0.0,0.0,2029.0,0.0
0,121400,KELP,2028.0,20.0,0.0,0.0,0.0,0.0,2031,20,0.0,0.0,0.0,0.0,2029.5,0.0
0,121500,KELP,2028.0,27.0,0.0,0.0,0.0,0.0,2031,27,0.0,0.0,0.0,0.0,2029.5,0.0
0,121600,KELP,2030.0,1.0,2028.0,2.0,2027.0,29.0,2031,31,0.0,0.0,0.0,0.0,2030.5,0.0
0,121700,KELP,2030.0,1.0,2028.0,26.0,0.0,0.0,2031,26,0.0,0.0,0.0,0.0,2030.5,0.0
0,121800,KELP,2028.0,27.0,0.0,0.0,0.0,0.0,2031,27,0.0,0.0,0.0,0.0,2029.5,0.0
0,121900,KELP,2028.0,22.0,0.0,0.0,0.0,0.0,2031,22,0.0,0.0,0.0,0.0,2029.5,0.0
0,122000,KELP,2028.0,31.0,0.0,0.0,0.0,0.0,2031,31,0.0,0.0,0.0,0.0,2029.5,0.0
0,122100,KELP,2028.0,25.0,0.0,0.0,0.0,0.0,2031,23,0.0,0.0,0.0,0.0,2029.5,0.0
0,122200,KELP,2028.0,28.0,0.0,0.0,0.0,0.0,2031,28,0.0,0.0,0.0,0.0,2029.5,0.0
0,122300,KELP,2028.0,29.0,0.0,0.0,0.0,0.0,2031,24,0.0,0.0,0.0,0.0,2029.5,0.0
0,122400,KELP,2028.0,22.0,0.0,0.0,0.0,0.0,2031,22,0.0,0.0,0.0,0.0,2029.5,0.0
0,122500,KELP,2028.0,24.0,0.0,0.0,0.0,0.0,2031,23,0.0,0.0,0.0,0.0,2029.5,0.0
0,122600,KELP,2030.0,1.0,2028.0,24.0,0.0,0.0,2031,24,0.0,0.0,0.0,0.0,2030.5,0.0
0,122700,KELP,2028.0,21.0,0.0,0.0,0.0,0.0,2030,8,2031.0,21.0,0.0,0.0,2029.0,0.0
0,122800,KELP,2028.0,31.0,0.0,0.0,0.0,0.0,2031,32,0.0,0.0,0.0,0.0,2029.5,0.0
0,122900,KELP,2028.0,23.0,0.0,0.0,0.0,0.0,2031,23,0.0,0.0,0.0,0.0,2029.5,0.0
0,123000,KELP,2028.0,27.0,0.0,0.0,0.0,0.0,2031,27,0.0,0.0,0.0,0.0,2029.5,0.0
0,123100,KELP,2029.0,3.0,2028.0,21.0,0.0,0.0,2031,21,0.0,0.0,0.0,0.0,2030.0,0.0
0,123200,KELP,2028.0,26.0,0.0,0.0,0.0,0.0,2030,3,2031.0,26.0,0.0,0.0,2029.0,0.0
0,123300,KELP,2028.0,21.0,0.0,0.0,0.0,0.0,2031,1,2032.0,20.0,0.0,0.0,2029.5,0.0
0,123400,KELP,2028.0,24.0,0.0,0.0,0.0,0.0,2031,1,2032.0,23.0,0.0,0.0,2029.5,0.0
0,123500,KELP,2028.0,30.0,0.0,0.0,0.0,0.0,2031,23,0.0,0.0,0.0,0.0,2029.5,0.0
0,123600,KELP,2028.0,30.0,0.0,0.0,0.0,0.0,2030,4,2031.0,30.0,0.0,0.0,2029.0,0.0
0,123700,KELP,2028.0,28.0,0.0,0.0,0.0,0.0,2031,28,0.0,0.0,0.0,0.0,2029.5,0.0
0,123800,KELP,2028.0,31.0,0.0,0.0,0.0,0.0,2031,31,0.0,0.0,0.0,0.0,2029.5,0.0
0,123900,KELP,2027.0,27.0,0.0,0.0,0.0,0.0,2028,1,2031.0,27.0,0.0,0.0,2027.5,0.0
0,124000,KELP,2028.0,25.0,0.0,0.0,0.0,0.0,2031,25,0.0,0.0,0.0,0.0,2029.5,0.0
0,124100,KELP,2028.0,3.0,2027.0,28.0,0.0,0.0,2031,28,0.0,0.0,0.0,0.0,2029.5,0.0
0,124200,KELP,2029.0,4.0,2028.0,2.0,2027.0,30.0,2031,32,0.0,0.0,0.0,0.0,2030.0,0.0
0,124300,KELP,2030.0,1.0,2028.0,23.0,0.0,0.0,2031,23,0.0,0.0,0.0,0.0,2030.5,0.0
0,124400,KELP,2028.0,24.0,0.0,0.0,0.0,0.0,2031,24,0.0,0.0,0.0,0.0,2029.5,0.0
0,124500,KELP,2028.0,23.0,0.0,0.0,0.0,0.0,2031,23,0.0,0.0,0.0,0.0,2029.5,0.0
0,124600,KELP,2028.0,30.0,0.0,0.0,0.0,0.0,2031,30,0.0,0.0,0.0,0.0,2029.5,0.0
0,124700,KELP,2028.0,32.0,0.0,0.0,0.0,0.0,2030,2,2031.0,32.0,0.0,0.0,2029.0,0.0
0,124800,KELP,2028.0,29.0,0.0,0.0,0.0,0.0,2031,28,0.0,0.0,0.0,0.0,2029.5,0.0
0,124900,KELP,2028.0,23.0,0.0,0.0,0.0,0.0,2030,7,2031.0,23.0,0.0,0.0,2029.0,0.0
0,125000,KELP,2028.0,27.0,0.0,0.0,0.0,0.0,2031,27,0.0,0.0,0.0,0.0,2029.5,0.0
0,125100,KELP,2030.0,1.0,2028.0,26.0,0.0,0.0,2031,26,0.0,0.0,0.0,0.0,2030.5,0.0
0,125200,KELP,2030.0,1.0,2028.0,24.0,0.0,0.0,2031,24,0.0,0.0,0.0,0.0,2030.5,0.0
0,125300,KELP,2028.0,25.0,0.0,0.0,0.0,0.0,2031,25,0.0,0.0,0.0,0.0,2029.5,0.0
0,125400,KELP,2028.0,26.0,0.0,0.0,0.0,0.0,2031,26,0.0,0.0,0.0,0.0,2029.5,0.0
0,125500,KELP,2028.0,26.0,0.0,0.0,0.0,0.0,2031,26,0.0,0.0,0.0,0.0,2029.5,0.0
0,125600,KELP,2028.0,31.0,0.0,0.0,0.0,0.0,2031,31,0.0,0.0,0.0,0.0,2029.5,0.0
0,125700,KELP,2028.0,26.0,0.0,0.0,0.0,0.0,2031,26,0.0,0.0,0.0,0.0,2029.5,0.0
0,125800,KELP,2028.0,25.0,0.0,0.0,0.0,0.0,2030,8,2031.0,25.0,0.0,0.0,2029.0,0.0
0,125900,KELP,2029.0,2.0,2028.0,26.0,0.0,0.0,2031,22,0.0,0.0,0.0,0.0,2030.0,0.0
0,126000,KELP,2028.0,22.0,0.0,0.0,0.0,0.0,2031,22,0.0,0.0,0.0,0.0,2029.5,0.0
0,126100,KELP,2028.0,31.0,0.0,0.0,0.0,0.0,2030,7,2031.0,31.0,0.0,0.0,2029.0,0.0
0,126200,KELP,2028.0,28.0,0.0,0.0,0.0,0.0,2030,1,2031.0,29.0,0.0,0.0,2029.0,0.0
0,126300,KELP,2028.0,23.0,0.0,0.0,0.0,0.0,2031,23,0.0,0.0,0.0,0.0,2029.5,0.0
0,126400,KELP,2028.0,31.0,0.0,0.0,0.0,0.0,2031,31,0.0,0.0,0.0,0.0,2029.5,0.0
0,126500,KELP,2028.0,31.0,0.0,0.0,0.0,0.0,2031,27,0.0,0.0,0.0,0.0,2029.5,0.0
0,126600,KELP,2028.0,30.0,0.0,0.0,0.0,0.0,2031,31,0.0,0.0,0.0,0.0,2029.5,0.0
0,126700,KELP,2028.0,23.0,0.0,0.0,0.0,0.0,2030,2,2031.0,23.0,0.0,0.0,2029.0,0.0
0,126800,KELP,2028.0,25.0,0.0,0.0,0.0,0.0,2030,6,2031.0,25.0,0.0,0.0,2029.0,0.0
0,126900,KELP,2028.0,21.0,0.0,0.0,0.0,0.0,2031,21,0.0,0.0,0.0,0.0,2029.5,0.0
0,127000,KELP,2028.0,28.0,0.0,0.0,0.0,0.0,2031,28,0.0,0.0,0.0,0.0,2029.5,0.0
0,127100,KELP,2028.0,28.0,0.0,0.0,0.0,0.0,2031,28,0.0,0.0,0.0,0.0,2029.5,0.0
0,127200,KELP,2028.0,20.0,0.0,0.0,0.0,0.0,2030,4,2031.0,20.0,0.0,0.0,2029.0,0.0
0,127300,KELP,2028.0,27.0,0.0,0.0,0.0,0.0,2031,27,0.0,0.0,0.0,0.0,2029.5,0.0
0,127400,KELP,2028.0,25.0,0.0,0.0,0.0,0.0,2031,25,0.0,0.0,0.0,0.0,2029.5,0.0
0,127500,KELP,2028.0,27.0,0.0,0.0,0.0,0.0,2031,27,0.0,0.0,0.0,0.0,2029.5,0.0
0,127600,KELP,2028.0,24.0,0.0,0.0,0.0,0.0,2031,26,0.0,0.0,0.0,0.0,2029.5,0.0
0,127700,KELP,2028.0,25.0,0.0,0.0,0.0,0.0,2031,25,0.0,0.0,0.0,0.0,2029.5,0.0
0,127800,KELP,2028.0,28.0,0.0,0.0,0.0,0.0,2029,5,2031.0,28.0,0.0,0.0,2028.5,0.0
0,127900,KELP,2028.0,30.0,0.0,0.0,0.0,0.0,2030,4,2031.0,30.0,0.0,0.0,2029.0,0.0
0,128000,KELP,2028.0,22.0,0.0,0.0,0.0,0.0,2031,22,0.0,0.0,0.0,0.0,2029.5,0.0
0,128100,KELP,2028.0,25.0,0.0,0.0,0.0,0.0,2029,2,2031.0,25.0,0.0,0.0,2028.5,0.0
0,128200,KELP,2028.0,32.0,0.0,0.0,0.0,0.0,2031,32,0.0,0.0,0.0,0.0,2029.5,0.0
0,128300,KELP,2028.0,26.0,0.0,0.0,0.0,0.0,2032,26,0.0,0.0,0.0,0.0,2030.0,0.0
0,128400,KELP,2029.0,32.0,0.0,0.0,0.0,0.0,2032,24,0.0,0.0,0.0,0.0,2030.5,0.0
0,128500,KELP,2028.0,30.0,0.0,0.0,0.0,0.0,2030,7,2032.0,30.0,0.0,0.0,2029.0,0.0
0,128600,KELP,2028.0,26.0,0.0,0.0,0.0,0.0,2030,3,2032.0,26.0,0.0,0.0,2029.0,0.0
0,128700,KELP,2028.0,23.0,0.0,0.0,0.0,0.0,2032,23,0.0,0.0,0.0,0.0,2030.0,0.0
0,128800,KELP,2028.0,29.0,0.0,0.0,0.0,0.0,2032,29,0.0,0.0,0.0,0.0,2030.0,0.0
0,128900,KELP,2028.0,29.0,0.0,0.0,0.0,0.0,2032,29,0.0,0.0,0.0,0.0,2030.0,0.0
0,129000,KELP,2029.0,1.0,2028.0,32.0,0.0,0.0,2031,2,2032.0,30.0,0.0,0.0,2030.0,0.0
0,129100,KELP,2028.0,21.0,0.0,0.0,0.0,0.0,2032,21,0.0,0.0,0.0,0.0,2030.0,0.0
0,129200,KELP,2028.0,24.0,0.0,0.0,0.0,0.0,2032,25,0.0,0.0,0.0,0.0,2030.0,0.0
0,129300,KELP,2028.0,20.0,0.0,0.0,0.0,0.0,2032,20,0.0,0.0,0.0,0.0,2030.0,0.0
0,129400,KELP,2028.0,20.0,0.0,0.0,0.0,0.0,2032,20,0.0,0.0,0.0,0.0,2030.0,0.0
0,129500,KELP,2029.0,1.0,2028.0,29.0,0.0,0.0,2032,29,0.0,0.0,0.0,0.0,2030.5,0.0
0,129600,KELP,2028.0,31.0,0.0,0.0,0.0,0.0,2032,31,0.0,0.0,0.0,0.0,2030.0,0.0
0,129700,KELP,2028.0,27.0,0.0,0.0,0.0,0.0,2030,2,2032.0,27.0,0.0,0.0,2029.0,0.0
0,129800,KELP,2028.0,26.0,0.0,0.0,0.0,0.0,2032,26,0.0,0.0,0.0,0.0,2030.0,0.0
0,129900,KELP,2028.0,21.0,0.0,0.0,0.0,0.0,2032,21,0.0,0.0,0.0,0.0,2030.0,0.0
0,130000,KELP,2028.0,32.0,0.0,0.0,0.0,0.0,2032,32,0.0,0.0,0.0,0.0,2030.0,0.0
0,130100,KELP,2031.0,1.0,2029.0,2.0,2028.0,22.0,2032,24,0.0,0.0,0.0,0.0,2031.5,0.0
0,130200,KELP,2029.0,26.0,0.0,0.0,0.0,0.0,2032,24,0.0,0.0,0.0,0.0,2030.5,0.0
0,130300,KELP,2029.0,29.0,0.0,0.0,0.0,0.0,2032,29,0.0,0.0,0.0,0.0,2030.5,0.0
0,130400,KELP,2030.0,2.0,2029.0,2.0,2028.0,28.0,2032,30,0.0,0.0,0.0,0.0,2031.0,0.0
0,130500,KELP,2029.0,25.0,0.0,0.0,0.0,0.0,2032,25,0.0,0.0,0.0,0.0,2030.5,0.0
0,130600,KELP,2029.0,23.0,0.0,0.0,0.0,0.0,2032,23,0.0,0.0,0.0,0.0,2030.5,0.0
0,130700,KELP,2029.0,27.0,0.0,0.0,0.0,0.0,2032,24,0.0,0.0,0.0,0.0,2030.5,0.0
0,130800,KELP,2029.0,27.0,0.0,0.0,0.0,0.0,2032,27,0.0,0.0,0.0,0.0,2030.5,0.0
0,130900,KELP,2029.0,24.0,0.0,0.0,0.0,0.0,2032,25,0.0,0.0,0.0,0.0,2030.5,0.0
0,131000,KELP,2029.0,24.0,0.0,0.0,0.0,0.0,2032,24,0.0,0.0,0.0,0.0,2030.5,0.0
0,131100,KELP,2028.0,27.0,0.0,0.0,0.0,0.0,2029,2,2032.0,29.0,0.0,0.0,2028.5,0.0
0,131200,KELP,2028.0,21.0,0.0,0.0,0.0,0.0,2032,22,0.0,0.0,0.0,0.0,2030.0,0.0
0,131300,KELP,2029.0,23.0,0.0,0.0,0.0,0.0,2032,22,0.0,0.0,0.0,0.0,2030.5,0.0
0,131400,KELP,2028.0,23.0,0.0,0.0,0.0,0.0,2032,23,0.0,0.0,0.0,0.0,2030.0,0.0
0,131500,KELP,2029.0,21.0,0.0,0.0,0.0,0.0,2032,21,0.0,0.0,0.0,0.0,2030.5,0.0
0,131600,KELP,2030.0,6.0,2029.0,36.0,0.0,0.0,2032,30,0.0,0.0,0.0,0.0,2031.0,0.0
0,131700,KELP,2029.0,23.0,0.0,0.0,0.0,0.0,2031,4,2032.0,23.0,0.0,0.0,2030.0,0.0
0,131800,KELP,2029.0,28.0,0.0,0.0,0.0,0.0,2032,28,0.0,0.0,0.0,0.0,2030.5,0.0
0,131900,KELP,2029.0,31.0,0.0,0.0,0.0,0.0,2032,25,0.0,0.0,0.0,0.0,2030.5,0.0
0,132000,KELP,2029.0,2.0,2028.0,22.0,0.0,0.0,2032,24,0.0,0.0,0.0,0.0,2030.5,0.0
0,132100,KELP,2029.0,1.0,2028.0,21.0,0.0,0.0,2032,21,0.0,0.0,0.0,0.0,2030.5,0.0
0,132200,KELP,2029.0,27.0,0.0,0.0,0.0,0.0,2032,26,0.0,0.0,0.0,0.0,2030.5,0.0
0,132300,KELP,2030.0,3.0,2029.0,25.0,0.0,0.0,2032,25,0.0,0.0,0.0,0.0,2031.0,0.0
0,132400,KELP,2029.0,23.0,0.0,0.0,0.0,0.0,2031,1,2032.0,23.0,0.0,0.0,2030.0,0.0
0,132500,KELP,2031.0,1.0,2029.0,24.0,0.0,0.0,2032,24,0.0,0.0,0.0,0.0,2031.5,0.0
0,132600,KELP,2029.0,24.0,0.0,0.0,0.0,0.0,2032,24,0.0,0.0,0.0,0.0,2030.5,0.0
0,132700,KELP,2029.0,31.0,0.0,0.0,0.0,0.0,2032,31,0.0,0.0,0.0,0.0,2030.5,0.0
0,132800,KELP,2029.0,35.0,0.0,0.0,0.0,0.0,2032,30,0.0,0.0,0.0,0.0,2030.5,0.0
0,132900,KELP,2029.0,21.0,0.0,0.0,0.0,0.0,2031,1,2032.0,21.0,0.0,0.0,2030.0,0.0
0,133000,KELP,2029.0,32.0,0.0,0.0,0.0,0.0,2032,32,0.0,0.0,0.0,0.0,2030.5,0.0
0,133100,KELP,2029.0,30.0,0.0,0.0,0.0,0.0,2032,30,0.0,0.0,0.0,0.0,2030.5,0.0
0,133200,KELP,2031.0,1.0,2029.0,30.0,0.0,0.0,2032,30,0.0,0.0,0.0,0.0,2031.5,0.0
0,133300,KELP,2031.0,1.0,2029.0,29.0,0.0,0.0,2032,29,0.0,0.0,0.0,0.0,2031.5,0.0
0,133400,KELP,2030.0,5.0,2029.0,23.0,0.0,0.0,2032,1,2033.0,22.0,0.0,0.0,2031.0,0.0
0,133500,KELP,2029.0,22.0,0.0,0.0,0.0,0.0,2032,22,0.0,0.0,0.0,0.0,2030.5,0.0
0,133600,KELP,2029.0,21.0,0.0,0.0,0.0,0.0,2032,22,0.0,0.0,0.0,0.0,2030.5,0.0
0,133700,KELP,2029.0,26.0,0.0,0.0,0.0,0.0,2032,26,0.0,0.0,0.0,0.0,2030.5,0.0
0,133800,KELP,2029.0,28.0,0.0,0.0,0.0,0.0,2032,2,2033.0,26.0,0.0,0.0,2030.5,0.0
0,133900,KELP,2029.0,20.0,0.0,0.0,0.0,0.0,2031,5,2032.0,20.0,0.0,0.0,2030.0,0.0
0,134000,KELP,2029.0,30.0,0.0,0.0,0.0,0.0,2032,31,0.0,0.0,0.0,0.0,2030.5,0.0
0,134100,KELP,2029.0,25.0,0.0,0.0,0.0,0.0,2032,25,0.0,0.0,0.0,0.0,2030.5,0.0
0,134200,KELP,2029.0,23.0,0.0,0.0,0.0,0.0,2032,23,0.0,0.0,0.0,0.0,2030.5,0.0
0,134300,KELP,2029.0,21.0,0.0,0.0,0.0,0.0,2032,21,0.0,0.0,0.0,0.0,2030.5,0.0
0,134400,KELP,2029.0,28.0,0.0,0.0,0.0,0.0,2032,25,0.0,0.0,0.0,0.0,2030.5,0.0
0,134500,KELP,2031.0,1.0,2029.0,27.0,0.0,0.0,2032,25,0.0,0.0,0.0,0.0,2031.5,0.0
0,134600,KELP,2029.0,21.0,0.0,0.0,0.0,0.0,2032,21,0.0,0.0,0.0,0.0,2030.5,0.0
0,134700,KELP,2029.0,23.0,0.0,0.0,0.0,0.0,2032,23,0.0,0.0,0.0,0.0,2030.5,0.0
0,134800,KELP,2029.0,26.0,0.0,0.0,0.0,0.0,2032,2,2033.0,24.0,0.0,0.0,2030.5,0.0
0,134900,KELP,2029.0,23.0,0.0,0.0,0.0,0.0,2031,2,2032.0,23.0,0.0,0.0,2030.0,0.0
0,135000,KELP,2029.0,24.0,0.0,0.0,0.0,0.0,2032,24,0.0,0.0,0.0,0.0,2030.5,0.0
0,135100,KELP,2029.0,26.0,0.0,0.0,0.0,0.0,2031,7,2032.0,2.0,2033.0,24.0,2030.0,0.0
0,135200,KELP,2029.0,31.0,0.0,0.0,0.0,0.0,2033,31,0.0,0.0,0.0,0.0,2031.0,0.0
0,135300,KELP,2029.0,30.0,0.0,0.0,0.0,0.0,2032,2,2033.0,28.0,0.0,0.0,2030.5,0.0
0,135400,KELP,2029.0,28.0,0.0,0.0,0.0,0.0,2031,1,2032.0,1.0,2033.0,27.0,2030.0,0.0
0,135500,KELP,2029.0,29.0,0.0,0.0,0.0,0.0,2032,2,2033.0,27.0,0.0,0.0,2030.5,0.0
0,135600,KELP,2029.0,24.0,0.0,0.0,0.0,0.0,2033,24,0.0,0.0,0.0,0.0,2031.0,0.0
0,135700,KELP,2029.0,29.0,0.0,0.0,0.0,0.0,2032,24,0.0,0.0,0.0,0.0,2030.5,0.0
0,135800,KELP,2029.0,23.0,0.0,0.0,0.0,0.0,2031,2,2032.0,23.0,0.0,0.0,2030.0,0.0
0,135900,KELP,2029.0,24.0,0.0,0.0,0.0,0.0,2032,24,0.0,0.0,0.0,0.0,2030.5,0.0
0,136000,KELP,2029.0,23.0,0.0,0.0,0.0,0.0,2032,23,0.0,0.0,0.0,0.0,2030.5,0.0
0,136100,KELP,2029.0,28.0,0.0,0.0,0.0,0.0,2031,6,2032.0,29.0,0.0,0.0,2030.0,0.0
0,136200,KELP,2029.0,22.0,0.0,0.0,0.0,0.0,2032,21,0.0,0.0,0.0,0.0,2030.5,0.0
0,136300,KELP,2029.0,21.0,0.0,0.0,0.0,0.0,2032,21,0.0,0.0,0.0,0.0,2030.5,0.0
0,136400,KELP,2031.0,1.0,2029.0,28.0,0.0,0.0,2033,28,0.0,0.0,0.0,0.0,2032.0,0.0
0,136500,KELP,2029.0,27.0,0.0,0.0,0.0,0.0,2032,1,2033.0,27.0,0.0,0.0,2030.5,0.0
0,136600,KELP,2029.0,27.0,0.0,0.0,0.0,0.0,2033,27,0.0,0.0,0.0,0.0,2031.0,0.0
0,136700,KELP,2029.0,30.0,0.0,0.0,0.0,0.0,2033,30,0.0,0.0,0.0,0.0,2031.0,0.0
0,136800,KELP,2029.0,25.0,0.0,0.0,0.0,0.0,2033,25,0.0,0.0,0.0,0.0,2031.0,0.0
0,136900,KELP,2029.0,20.0,0.0,0.0,0.0,0.0,2033,20,0.0,0.0,0.0,0.0,2031.0,0.0
0,137000,KELP,2029.0,24.0,0.0,0.0,0.0,0.0,2033,24,0.0,0.0,0.0,0.0,2031.0,0.0
0,137100,KELP,2029.0,26.0,0.0,0.0,0.0,0.0,2032,2,2033.0,25.0,0.0,0.0,2030.5,0.0
0,137200,KELP,2029.0,22.0,0.0,0.0,0.0,0.0,2030,5,2033.0,22.0,0.0,0.0,2029.5,0.0
0,137300,KELP,2029.0,28.0,0.0,0.0,0.0,0.0,2032,1,2033.0,27.0,0.0,0.0,2030.5,0.0
0,137400,KELP,2029.0,22.0,0.0,0.0,0.0,0.0,2031,5,2033.0,22.0,0.0,0.0,2030.0,0.0
0,137500,KELP,2029.0,23.0,0.0,0.0,0.0,0.0,2031,4,2032.0,1.0,2033.0,22.0,2030.0,0.0
0,137600,KELP,2029.0,29.0,0.0,0.0,0.0,0.0,2032,26,0.0,0.0,0.0,0.0,2030.5,0.0
0,137700,KELP,2030.0,3.0,2029.0,24.0,0.0,0.0,2033,24,0.0,0.0,0.0,0.0,2031.5,0.0
0,137800,KELP,2029.0,25.0,0.0,0.0,0.0,0.0,2033,25,0.0,0.0,0.0,0.0,2031.0,0.0
0,137900,KELP,2030.0,6.0,2029.0,26.0,0.0,0.0,2033,26,0.0,0.0,0.0,0.0,2031.5,0.0
0,138000,KELP,2029.0,22.0,0.0,0.0,0.0,0.0,2033,22,0.0,0.0,0.0,0.0,2031.0,0.0
0,138100,KELP,2031.0,5.0,2030.0,22.0,0.0,0.0,2034,22,0.0,0.0,0.0,0.0,2032.5,0.0
0,138200,KELP,2032.0,1.0,2030.0,23.0,0.0,0.0,2033,1,2034.0,22.0,0.0,0.0,2032.5,0.0
0,138300,KELP,2030.0,22.0,0.0,0.0,0.0,0.0,2033,23,0.0,0.0,0.0,0.0,2031.5,0.0
0,138400,KELP,2030.0,30.0,0.0,0.0,0.0,0.0,2033,30,0.0,0.0,0.0,0.0,2031.5,0.0
0,138500,KELP,2030.0,29.0,0.0,0.0,0.0,0.0,2033,1,2034.0,28.0,0.0,0.0,2031.5,0.0
0,138600,KELP,2030.0,25.0,0.0,0.0,0.0,0.0,2033,1,2034.0,25.0,0.0,0.0,2031.5,0.0
0,138700,KELP,2032.0,1.0,2030.0,28.0,0.0,0.0,2033,28,0.0,0.0,0.0,0.0,2032.5,0.0
0,138800,KELP,2030.0,21.0,0.0,0.0,0.0,0.0,2033,21,0.0,0.0,0.0,0.0,2031.5,0.0
0,138900,KELP,2030.0,31.0,0.0,0.0,0.0,0.0,2033,26,0.0,0.0,0.0,0.0,2031.5,0.0
0,139000,KELP,2030.0,31.0,0.0,0.0,0.0,0.0,2033,31,0.0,0.0,0.0,0.0,2031.5,0.0
0,139100,KELP,2031.0,6.0,2030.0,30.0,0.0,0.0,2033,30,0.0,0.0,0.0,0.0,2032.0,0.0
0,139200,KELP,2030.0,22.0,0.0,0.0,0.0,0.0,2034,22,0.0,0.0,0.0,0.0,2032.0,0.0
0,139300,KELP,2033.0,1.0,2030.0,28.0,0.0,0.0,2034,28,0.0,0.0,0.0,0.0,2033.5,0.0
0,139400,KELP,2032.0,1.0,2030.0,22.0,0.0,0.0,2033,1,2034.0,21.0,0.0,0.0,2032.5,0.0
0,139500,KELP,2030.0,23.0,0.0,0.0,0.0,0.0,2033,1,2034.0,22.0,0.0,0.0,2031.5,0.0
0,139600,KELP,2030.0,26.0,0.0,0.0,0.0,0.0,2033,26,0.0,0.0,0.0,0.0,2031.5,0.0
0,139700,KELP,2030.0,30.0,0.0,0.0,0.0,0.0,2034,30,0.0,0.0,0.0,0.0,2032.0,0.0
0,139800,KELP,2030.0,30.0,0.0,0.0,0.0,0.0,2033,2,2034.0,28.0,0.0,0.0,2031.5,0.0
0,139900,KELP,2031.0,32.0,0.0,0.0,0.0,0.0,2034,32,0.0,0.0,0.0,0.0,2032.5,0.0
0,140000,KELP,2031.0,1.0,2030.0,25.0,0.0,0.0,2034,25,0.0,0.0,0.0,0.0,2032.5,0.0
0,140100,KELP,2030.0,25.0,0.0,0.0,0.0,0.0,2033,25,0.0,0.0,0.0,0.0,2031.5,0.0
0,140200,KELP,2030.0,31.0,0.0,0.0,0.0,0.0,2032,1,2033.0,31.0,0.0,0.0,2031.0,0.0
0,140300,KELP,2030.0,21.0,0.0,0.0,0.0,0.0,2033,21,0.0,0.0,0.0,0.0,2031.5,0.0
0,140400,KELP,2030.0,21.0,0.0,0.0,0.0,0.0,2033,21,0.0,0.0,0.0,0.0,2031.5,0.0
0,140500,KELP,2030.0,21.0,0.0,0.0,0.0,0.0,2032,3,2033.0,21.0,0.0,0.0,2031.0,0.0
0,140600,KELP,2030.0,21.0,0.0,0.0,0.0,0.0,2033,22,0.0,0.0,0.0,0.0,2031.5,0.0
0,140700,KELP,2030.0,27.0,0.0,0.0,0.0,0.0,2033,22,0.0,0.0,0.0,0.0,2031.5,0.0
0,140800,KELP,2030.0,23.0,0.0,0.0,0.0,0.0,2033,23,0.0,0.0,0.0,0.0,2031.5,0.0
0,140900,KELP,2030.0,23.0,0.0,0.0,0.0,0.0,2032,4,2033.0,23.0,0.0,0.0,2031.0,0.0
0,141000,KELP,2030.0,21.0,0.0,0.0,0.0,0.0,2033,21,0.0,0.0,0.0,0.0,2031.5,0.0
0,141100,KELP,2030.0,28.0,0.0,0.0,0.0,0.0,2033,28,0.0,0.0,0.0,0.0,2031.5,0.0
0,141200,KELP,2030.0,29.0,0.0,0.0,0.0,0.0,2033,22,0.0,0.0,0.0,0.0,2031.5,0.0
0,141300,KELP,2031.0,3.0,2030.0,21.0,0.0,0.0,2033,21,0.0,0.0,0.0,0.0,2032.0,0.0
0,141400,KELP,2030.0,26.0,0.0,0.0,0.0,0.0,2033,26,0.0,0.0,0.0,0.0,2031.5,0.0
0,141500,KELP,2030.0,25.0,0.0,0.0,0.0,0.0,2033,26,0.0,0.0,0.0,0.0,2031.5,0.0
0,141600,KELP,2032.0,4.0,2030.0,24.0,0.0,0.0,2033,24,0.0,0.0,0.0,0.0,2032.5,0.0
0,141700,KELP,2030.0,20.0,0.0,0.0,0.0,0.0,2033,20,0.0,0.0,0.0,0.0,2031.5,0.0
0,141800,KELP,2030.0,21.0,0.0,0.0,0.0,0.0,2033,21,0.0,0.0,0.0,0.0,2031.5,0.0
0,141900,KELP,2030.0,31.0,0.0,0.0,0.0,0.0,2033,31,0.0,0.0,0.0,0.0,2031.5,0.0
0,142000,KELP,2030.0,29.0,0.0,0.0,0.0,0.0,2032,6,2033.0,29.0,0.0,0.0,2031.0,0.0
0,142100,KELP,2032.0,1.0,2030.0,27.0,0.0,0.0,2034,27,0.0,0.0,0.0,0.0,2033.0,0.0
0,142200,KELP,2030.0,20.0,0.0,0.0,0.0,0.0,2033,21,0.0,0.0,0.0,0.0,2031.5,0.0
0,142300,KELP,2030.0,25.0,0.0,0.0,0.0,0.0,2034,25,0.0,0.0,0.0,0.0,2032.0,0.0
0,142400,KELP,2030.0,23.0,0.0,0.0,0.0,0.0,2034,23,0.0,0.0,0.0,0.0,2032.0,0.0
0,142500,KELP,2030.0,24.0,0.0,0.0,0.0,0.0,2034,24,0.0,0.0,0.0,0.0,2032.0,0.0
0,142600,KELP,2032.0,1.0,2030.0,29.0,0.0,0.0,2033,29,0.0,0.0,0.0,0.0,2032.5,0.0
0,142700,KELP,2030.0,22.0,0.0,0.0,0.0,0.0,2033,22,0.0,0.0,0.0,0.0,2031.5,0.0
0,142800,KELP,2030.0,29.0,0.0,0.0,0.0,0.0,2033,29,0.0,0.0,0.0,0.0,2031.5,0.0
0,142900,KELP,2030.0,39.0,0.0,0.0,0.0,0.0,2033,32,0.0,0.0,0.0,0.0,2031.5,0.0
0,143000,KELP,2030.0,29.0,0.0,0.0,0.0,0.0,2033,29,0.0,0.0,0.0,0.0,2031.5,0.0
0,143100,KELP,2030.0,27.0,0.0,0.0,0.0,0.0,2032,1,2033.0,27.0,0.0,0.0,2031.0,0.0
0,143200,KELP,2030.0,24.0,0.0,0.0,0.0,0.0,2033,24,0.0,0.0,0.0,0.0,2031.5,0.0
0,143300,KELP,2030.0,27.0,0.0,0.0,0.0,0.0,2033,27,0.0,0.0,0.0,0.0,2031.5,0.0
0,143400,KELP,2030.0,27.0,0.0,0.0,0.0,0.0,2033,27,0.0,0.0,0.0,0.0,2031.5,0.0
0,143500,KELP,2030.0,26.0,0.0,0.0,0.0,0.0,2033,26,0.0,0.0,0.0,0.0,2031.5,0.0
0,143600,KELP,2030.0,21.0,0.0,0.0,0.0,0.0,2032,2,2033.0,24.0,0.0,0.0,2031.0,0.0
0,143700,KELP,2030.0,25.0,0.0,0.0,0.0,0.0,2032,5,2033.0,25.0,0.0,0.0,2031.0,0.0
0,143800,KELP,2030.0,27.0,0.0,0.0,0.0,0.0,2033,22,0.0,0.0,0.0,0.0,2031.5,0.0
0,143900,KELP,2031.0,4.0,2030.0,29.0,0.0,0.0,2033,29,0.0,0.0,0.0,0.0,2032.0,0.0
0,144000,KELP,2030.0,23.0,0.0,0.0,0.0,0.0,2033,23,0.0,0.0,0.0,0.0,2031.5,0.0
0,144100,KELP,2032.0,1.0,2030.0,25.0,0.0,0.0,2033,25,0.0,0.0,0.0,0.0,2032.5,0.0
0,144200,KELP,2030.0,24.0,0.0,0.0,0.0,0.0,2033,24,0.0,0.0,0.0,0.0,2031.5,0.0
0,144300,KELP,2030.0,30.0,0.0,0.0,0.0,0.0,2032,3,2033.0,30.0,0.0,0.0,2031.0,0.0
0,144400,KELP,2030.0,31.0,0.0,0.0,0.0,0.0,2033,28,0.0,0.0,0.0,0.0,2031.5,0.0
0,144500,KELP,2030.0,31.0,0.0,0.0,0.0,0.0,2033,31,0.0,0.0,0.0,0.0,2031.5,0.0
0,144600,KELP,2030.0,32.0,0.0,0.0,0.0,0.0,2033,25,0.0,0.0,0.0,0.0,2031.5,0.0
0,144700,KELP,2030.0,33.0,0.0,0.0,0.0,0.0,2033,29,0.0,0.0,0.0,0.0,2031.5,0.0
0,144800,KELP,2030.0,27.0,0.0,0.0,0.0,0.0,2033,27,0.0,0.0,0.0,0.0,2031.5,0.0
0,144900,KELP,2030.0,23.0,0.0,0.0,0.0,0.0,2033,2,2034.0,21.0,0.0,0.0,2031.5,0.0
0,145000,KELP,2030.0,29.0,0.0,0.0,0.0,0.0,2033,24,0.0,0.0,0.0,0.0,2031.5,0.0
0,145100,KELP,2030.0,20.0,0.0,0.0,0.0,0.0,2033,20,0.0,0.0,0.0,0.0,2031.5,0.0
0,145200,KELP,2030.0,28.0,0.0,0.0,0.0,0.0,2033,29,0.0,0.0,0.0,0.0,2031.5,0.0
0,145300,KELP,2030.0,32.0,0.0,0.0,0.0,0.0,2033,26,0.0,0.0,0.0,0.0,2031.5,0.0
0,145400,KELP,2030.0,1.0,2029.0,21.0,0.0,0.0,2033,22,0.0,0.0,0.0,0.0,2031.5,0.0
0,145500,KELP,2029.0,24.0,0.0,0.0,0.0,0.0,2031,1,2033.0,24.0,0.0,0.0,2030.0,0.0
0,145600,KELP,2029.0,30.0,0.0,0.0,0.0,0.0,2031,7,2033.0,30.0,0.0,0.0,2030.0,0.0
0,145700,KELP,2029.0,24.0,0.0,0.0,0.0,0.0,2031,1,2033.0,24.0,0.0,0.0,2030.0,0.0
0,145800,KELP,2029.0,21.0,0.0,0.0,0.0,0.0,2031,1,2033.0,21.0,0.0,0.0,2030.0,0.0
0,145900,KELP,2030.0,6.0,2029.0,23.0,0.0,0.0,2033,23,0.0,0.0,0.0,0.0,2031.5,0.0
0,146000,KELP,2030.0,6.0,2029.0,24.0,0.0,0.0,2033,24,0.0,0.0,0.0,0.0,2031.5,0.0
0,146100,KELP,2029.0,27.0,0.0,0.0,0.0,0.0,2033,27,0.0,0.0,0.0,0.0,2031.0,0.0
0,146200,KELP,2030.0,2.0,2029.0,22.0,0.0,0.0,2033,24,0.0,0.0,0.0,0.0,2031.5,0.0
0,146300,KELP,2029.0,21.0,0.0,0.0,0.0,0.0,2033,21,0.0,0.0,0.0,0.0,2031.0,0.0
0,146400,KELP,2029.0,31.0,0.0,0.0,0.0,0.0,2030,1,2033.0,31.0,0.0,0.0,2029.5,0.0
0,146500,KELP,2029.0,31.0,0.0,0.0,0.0,0.0,2033,31,0.0,0.0,0.0,0.0,2031.0,0.0
0,146600,KELP,2030.0,2.0,2029.0,30.0,0.0,0.0,2033,32,0.0,0.0,0.0,0.0,2031.5,0.0
0,146700,KELP,2030.0,2.0,2029.0,29.0,0.0,0.0,2033,31,0.0,0.0,0.0,0.0,2031.5,0.0
0,146800,KELP,2029.0,24.0,0.0,0.0,0.0,0.0,2033,24,0.0,0.0,0.0,0.0,2031.0,0.0
0,146900,KELP,2030.0,28.0,0.0,0.0,0.0,0.0,2033,28,0.0,0.0,0.0,0.0,2031.5,0.0
0,147000,KELP,2032.0,1.0,2030.0,30.0,0.0,0.0,2033,28,0.0,0.0,0.0,0.0,2032.5,0.0
0,147100,KELP,2030.0,25.0,0.0,0.0,0.0,0.0,2033,25,0.0,0.0,0.0,0.0,2031.5,0.0
0,147200,KELP,2032.0,1.0,2030.0,23.0,0.0,0.0,2033,23,0.0,0.0,0.0,0.0,2032.5,0.0
0,147300,KELP,2030.0,29.0,0.0,0.0,0.0,0.0,2033,29,0.0,0.0,0.0,0.0,2031.5,0.0
0,147400,KELP,2030.0,22.0,0.0,0.0,0.0,0.0,2032,2,2033.0,23.0,0.0,0.0,2031.0,0.0
0,147500,KELP,2030.0,24.0,0.0,0.0,0.0,0.0,2032,6,2033.0,24.0,0.0,0.0,2031.0,0.0
0,147600,KELP,2030.0,1.0,2029.0,28.0,0.0,0.0,2033,29,0.0,0.0,0.0,0.0,2031.5,0.0
0,147700,KELP,2030.0,26.0,0.0,0.0,0.0,0.0,2033,26,0.0,0.0,0.0,0.0,2031.5,0.0
0,147800,KELP,2030.0,30.0,0.0,0.0,0.0,0.0,2033,30,0.0,0.0,0.0,0.0,2031.5,0.0
0,147900,KELP,2030.0,2.0,2029.0,25.0,0.0,0.0,2033,27,0.0,0.0,0.0,0.0,2031.5,0.0
0,148000,KELP,2031.0,3.0,2030.0,6.0,2029.0,27.0,2033,27,0.0,0.0,0.0,0.0,2032.0,0.0
0,148100,KELP,2029.0,24.0,0.0,0.0,0.0,0.0,2030,1,2033.0,24.0,0.0,0.0,2029.5,0.0
0,148200,KELP,2032.0,1.0,2030.0,2.0,2029.0,25.0,2033,27,0.0,0.0,0.0,0.0,2032.5,0.0
0,148300,KELP,2032.0,1.0,2030.0,1.0,2029.0,20.0,2033,21,0.0,0.0,0.0,0.0,2032.5,0.0
0,148400,KELP,2031.0,5.0,2029.0,21.0,0.0,0.0,2033,21,0.0,0.0,0.0,0.0,2032.0,0.0
0,148500,KELP,2030.0,7.0,2029.0,25.0,0.0,0.0,2033,25,0.0,0.0,0.0,0.0,2031.5,0.0
0,148600,KELP,2029.0,24.0,0.0,0.0,0.0,0.0,2033,24,0.0,0.0,0.0,0.0,2031.0,0.0
0,148700,KELP,2032.0,1.0,2029.0,25.0,0.0,0.0,2033,25,0.0,0.0,0.0,0.0,2032.5,0.0
0,148800,KELP,2029.0,36.0,0.0,0.0,0.0,0.0,2032,2,2033.0,29.0,0.0,0.0,2030.5,0.0
0,148900,KELP,2031.0,3.0,2029.0,28.0,0.0,0.0,2032,28,0.0,0.0,0.0,0.0,2031.5,0.0
0,149000,KELP,2029.0,21.0,0.0,0.0,0.0,0.0,2031,3,2032.0,22.0,0.0,0.0,2030.0,0.0
0,149100,KELP,2029.0,21.0,0.0,0.0,0.0,0.0,2032,22,0.0,0.0,0.0,0.0,2030.5,0.0
0,149200,KELP,2029.0,30.0,0.0,0.0,0.0,0.0,2032,30,0.0,0.0,0.0,0.0,2030.5,0.0
0,149300,KELP,2029.0,35.0,0.0,0.0,0.0,0.0,2032,31,0.0,0.0,0.0,0.0,2030.5,0.0
0,149400,KELP,2029.0,20.0,0.0,0.0,0.0,0.0,2031,4,2032.0,24.0,0.0,0.0,2030.0,0.0
0,149500,KELP,2029.0,20.0,0.0,0.0,0.0,0.0,2032,21,0.0,0.0,0.0,0.0,2030.5,0.0
0,149600,KELP,2029.0,21.0,0.0,0.0,0.0,0.0,2032,21,0.0,0.0,0.0,0.0,2030.5,0.0
0,149700,KELP,2029.0,29.0,0.0,0.0,0.0,0.0,2032,29,0.0,0.0,0.0,0.0,2030.5,0.0
0,149800,KELP,2029.0,29.0,0.0,0.0,0.0,0.0,2032,22,0.0,0.0,0.0,0.0,2030.5,0.0
0,149900,KELP,2029.0,29.0,0.0,0.0,0.0,0.0,2032,29,0.0,0.0,0.0,0.0,2030.5,0.0
0,150000,KELP,2029.0,20.0,0.0,0.0,0.0,0.0,2032,20,0.0,0.0,0.0,0.0,2030.5,0.0
0,150100,KELP,2029.0,32.0,0.0,0.0,0.0,0.0,2032,32,0.0,0.0,0.0,0.0,2030.5,0.0
0,150200,KELP,2029.0,30.0,0.0,0.0,0.0,0.0,2032,23,0.0,0.0,0.0,0.0,2030.5,0.0
0,150300,KELP,2029.0,26.0,0.0,0.0,0.0,0.0,2032,26,0.0,0.0,0.0,0.0,2030.5,0.0
0,150400,KELP,2029.0,22.0,0.0,0.0,0.0,0.0,2032,22,0.0,0.0,0.0,0.0,2030.5,0.0
0,150500,KELP,2029.0,21.0,0.0,0.0,0.0,0.0,2032,21,0.0,0.0,0.0,0.0,2030.5,0.0
0,150600,KELP,2029.0,25.0,0.0,0.0,0.0,0.0,2032,25,0.0,0.0,0.0,0.0,2030.5,0.0
0,150700,KELP,2029.0,31.0,0.0,0.0,0.0,0.0,2031,2,2032.0,31.0,0.0,0.0,2030.0,0.0
0,150800,KELP,2029.0,22.0,0.0,0.0,0.0,0.0,2032,22,0.0,0.0,0.0,0.0,2030.5,0.0
0,150900,KELP,2029.0,38.0,0.0,0.0,0.0,0.0,2032,30,0.0,0.0,0.0,0.0,2030.5,0.0
0,151000,KELP,2029.0,22.0,0.0,0.0,0.0,0.0,2032,22,0.0,0.0,0.0,0.0,2030.5,0.0
0,151100,KELP,2029.0,21.0,0.0,0.0,0.0,0.0,2031,1,2032.0,21.0,0.0,0.0,2030.0,0.0
0,151200,KELP,2029.0,24.0,0.0,0.0,0.0,0.0,2033,24,0.0,0.0,0.0,0.0,2031.0,0.0
0,151300,KELP,2029.0,24.0,0.0,0.0,0.0,0.0,2031,3,2033.0,24.0,0.0,0.0,2030.0,0.0
0,151400,KELP,2030.0,7.0,2029.0,32.0,0.0,0.0,2032,2,2033.0,30.0,0.0,0.0,2031.0,0.0
0,151500,KELP,2029.0,30.0,0.0,0.0,0.0,0.0,2033,30,0.0,0.0,0.0,0.0,2031.0,0.0
0,151600,KELP,2031.0,2.0,2030.0,31.0,0.0,0.0,2033,24,0.0,0.0,0.0,0.0,2032.0,0.0
0,151700,KELP,2029.0,22.0,0.0,0.0,0.0,0.0,2030,1,2033.0,22.0,0.0,0.0,2029.5,0.0
0,151800,KELP,2029.0,26.0,0.0,0.0,0.0,0.0,2032,3,2033.0,26.0,0.0,0.0,2030.5,0.0
0,151900,KELP,2030.0,24.0,0.0,0.0,0.0,0.0,2033,24,0.0,0.0,0.0,0.0,2031.5,0.0
0,152000,KELP,2031.0,5.0,2030.0,29.0,0.0,0.0,2032,3,2033.0,29.0,0.0,0.0,2031.5,0.0
0,152100,KELP,2032.0,1.0,2030.0,23.0,0.0,0.0,2033,23,0.0,0.0,0.0,0.0,2032.5,0.0
0,152200,KELP,2029.0,22.0,0.0,0.0,0.0,0.0,2032,1,2033.0,21.0,0.0,0.0,2030.5,0.0
0,152300,KELP,2029.0,27.0,0.0,0.0,0.0,0.0,2033,27,0.0,0.0,0.0,0.0,2031.0,0.0
0,152400,KELP,2030.0,1.0,2029.0,22.0,0.0,0.0,2033,23,0.0,0.0,0.0,0.0,2031.5,0.0
0,152500,KELP,2029.0,27.0,0.0,0.0,0.0,0.0,2033,27,0.0,0.0,0.0,0.0,2031.0,0.0
0,152600,KELP,2029.0,27.0,0.0,0.0,0.0,0.0,2031,2,2033.0,27.0,0.0,0.0,2030.0,0.0
0,152700,KELP,2031.0,2.0,2029.0,27.0,0.0,0.0,2033,27,0.0,0.0,0.0,0.0,2032.0,0.0
0,152800,KELP,2029.0,21.0,0.0,0.0,0.0,0.0,2031,3,2033.0,21.0,0.0,0.0,2030.0,0.0
0,152900,KELP,2029.0,22.0,0.0,0.0,0.0,0.0,2033,22,0.0,0.0,0.0,0.0,2031.0,0.0
0,153000,KELP,2029.0,24.0,0.0,0.0,0.0,0.0,2033,24,0.0,0.0,0.0,0.0,2031.0,0.0
0,153100,KELP,2029.0,25.0,0.0,0.0,0.0,0.0,2031,2,2033.0,25.0,0.0,0.0,2030.0,0.0
0,153200,KELP,2029.0,20.0,0.0,0.0,0.0,0.0,2031,4,2033.0,20.0,0.0,0.0,2030.0,0.0
0,153300,KELP,2030.0,2.0,2029.0,21.0,0.0,0.0,2033,23,0.0,0.0,0.0,0.0,2031.5,0.0
0,153400,KELP,2029.0,20.0,0.0,0.0,0.0,0.0,2030,3,2033.0,20.0,0.0,0.0,2029.5,0.0
0,153500,KELP,2029.0,20.0,0.0,0.0,0.0,0.0,2030,1,2032.0,5.0,2033.0,20.0,2029.5,0.0
0,153600,KELP,2029.0,31.0,0.0,0.0,0.0,0.0,2030,1,2033.0,31.0,0.0,0.0,2029.5,0.0
0,153700,KELP,2029.0,26.0,0.0,0.0,0.0,0.0,2033,26,0.0,0.0,0.0,0.0,2031.0,0.0
0,153800,KELP,2030.0,2.0,2029.0,21.0,0.0,0.0,2033,23,0.0,0.0,0.0,0.0,2031.5,0.0
0,153900,KELP,2030.0,30.0,0.0,0.0,0.0,0.0,2033,28,0.0,0.0,0.0,0.0,2031.5,0.0
0,154000,KELP,2032.0,1.0,2029.0,27.0,0.0,0.0,2033,27,0.0,0.0,0.0,0.0,2032.5,0.0
0,154100,KELP,2030.0,30.0,0.0,0.0,0.0,0.0,2033,27,0.0,0.0,0.0,0.0,2031.5,0.0
0,154200,KELP,2030.0,23.0,0.0,0.0,0.0,0.0,2033,23,0.0,0.0,0.0,0.0,2031.5,0.0
0,154300,KELP,2030.0,28.0,0.0,0.0,0.0,0.0,2033,23,0.0,0.0,0.0,0.0,2031.5,0.0
0,154400,KELP,2029.0,26.0,0.0,0.0,0.0,0.0,2033,26,0.0,0.0,0.0,0.0,2031.0,0.0
0,154500,KELP,2030.0,28.0,0.0,0.0,0.0,0.0,2033,27,0.0,0.0,0.0,0.0,2031.5,0.0
0,154600,KELP,2030.0,21.0,0.0,0.0,0.0,0.0,2033,21,0.0,0.0,0.0,0.0,2031.5,0.0
0,154700,KELP,2030.0,28.0,0.0,0.0,0.0,0.0,2033,28,0.0,0.0,0.0,0.0,2031.5,0.0
0,154800,KELP,2030.0,29.0,0.0,0.0,0.0,0.0,2033,29,0.0,0.0,0.0,0.0,2031.5,0.0
0,154900,KELP,2032.0,3.0,2030.0,23.0,0.0,0.0,2033,23,0.0,0.0,0.0,0.0,2032.5,0.0
0,155000,KELP,2030.0,22.0,0.0,0.0,0.0,0.0,2032,3,2033.0,22.0,0.0,0.0,2031.0,0.0
0,155100,KELP,2030.0,23.0,0.0,0.0,0.0,0.0,2033,21,0.0,0.0,0.0,0.0,2031.5,0.0
0,155200,KELP,2030.0,34.0,0.0,0.0,0.0,0.0,2033,27,0.0,0.0,0.0,0.0,2031.5,0.0
0,155300,KELP,2030.0,29.0,0.0,0.0,0.0,0.0,2033,29,0.0,0.0,0.0,0.0,2031.5,0.0
0,155400,KELP,2030.0,30.0,0.0,0.0,0.0,0.0,2033,30,0.0,0.0,0.0,0.0,2031.5,0.0
0,155500,KELP,2030.0,23.0,0.0,0.0,0.0,0.0,2033,23,0.0,0.0,0.0,0.0,2031.5,0.0
0,155600,KELP,2030.0,28.0,0.0,0.0,0.0,0.0,2033,29,0.0,0.0,0.0,0.0,2031.5,0.0
0,155700,KELP,2030.0,27.0,0.0,0.0,0.0,0.0,2033,27,0.0,0.0,0.0,0.0,2031.5,0.0
0,155800,KELP,2030.0,33.0,0.0,0.0,0.0,0.0,2033,28,0.0,0.0,0.0,0.0,2031.5,0.0
0,155900,KELP,2030.0,29.0,0.0,0.0,0.0,0.0,2032,5,2033.0,29.0,0.0,0.0,2031.0,0.0
0,156000,KELP,2030.0,26.0,0.0,0.0,0.0,0.0,2033,26,0.0,0.0,0.0,0.0,2031.5,0.0
0,156100,KELP,2030.0,28.0,0.0,0.0,0.0,0.0,2033,28,0.0,0.0,0.0,0.0,2031.5,0.0
0,156200,KELP,2030.0,23.0,0.0,0.0,0.0,0.0,2033,23,0.0,0.0,0.0,0.0,2031.5,0.0
0,156300,KELP,2030.0,26.0,0.0,0.0,0.0,0.0,2033,26,0.0,0.0,0.0,0.0,2031.5,0.0
0,156400,KELP,2032.0,5.0,2030.0,26.0,0.0,0.0,2033,26,0.0,0.0,0.0,0.0,2032.5,0.0
0,156500,KELP,2030.0,26.0,0.0,0.0,0.0,0.0,2032,3,2033.0,26.0,0.0,0.0,2031.0,0.0
0,156600,KELP,2030.0,28.0,0.0,0.0,0.0,0.0,2033,28,0.0,0.0,0.0,0.0,2031.5,0.0
0,156700,KELP,2030.0,31.0,0.0,0.0,0.0,0.0,2033,31,0.0,0.0,0.0,0.0,2031.5,0.0
0,156800,KELP,2032.0,7.0,2030.0,25.0,0.0,0.0,2033,25,0.0,0.0,0.0,0.0,2032.5,0.0
0,156900,KELP,2030.0,30.0,0.0,0.0,0.0,0.0,2033,26,0.0,0.0,0.0,0.0,2031.5,0.0
0,157000,KELP,2031.0,3.0,2030.0,22.0,0.0,0.0,2033,22,0.0,0.0,0.0,0.0,2032.0,0.0
0,157100,KELP,2030.0,1.0,2029.0,26.0,0.0,0.0,2033,27,0.0,0.0,0.0,0.0,2031.5,0.0
0,157200,KELP,2030.0,30.0,0.0,0.0,0.0,0.0,2033,29,0.0,0.0,0.0,0.0,2031.5,0.0
0,157300,KELP,2030.0,32.0,0.0,0.0,0.0,0.0,2033,32,0.0,0.0,0.0,0.0,2031.5,0.0
0,157400,KELP,2030.0,1.0,2029.0,20.0,0.0,0.0,2033,22,0.0,0.0,0.0,0.0,2031.5,0.0
0,157500,KELP,2030.0,6.0,2029.0,23.0,0.0,0.0,2033,25,0.0,0.0,0.0,0.0,2031.5,0.0
0,157600,KELP,2031.0,9.0,2030.0,2.0,2029.0,21.0,2033,23,0.0,0.0,0.0,0.0,2032.0,0.0
0,157700,KELP,2029.0,25.0,0.0,0.0,0.0,0.0,2033,25,0.0,0.0,0.0,0.0,2031.0,0.0
0,157800,KELP,2029.0,26.0,0.0,0.0,0.0,0.0,2033,26,0.0,0.0,0.0,0.0,2031.0,0.0
0,157900,KELP,2030.0,6.0,2029.0,24.0,0.0,0.0,2033,26,0.0,0.0,0.0,0.0,2031.5,0.0
0,158000,KELP,2030.0,29.0,0.0,0.0,0.0,0.0,2033,29,0.0,0.0,0.0,0.0,2031.5,0.0
0,158100,KELP,2030.0,31.0,0.0,0.0,0.0,0.0,2033,31,0.0,0.0,0.0,0.0,2031.5,0.0
0,158200,KELP,2030.0,3.0,2029.0,25.0,0.0,0.0,2033,27,0.0,0.0,0.0,0.0,2031.5,0.0
0,158300,KELP,2030.0,23.0,0.0,0.0,0.0,0.0,2033,23,0.0,0.0,0.0,0.0,2031.5,0.0
0,158400,KELP,2030.0,29.0,0.0,0.0,0.0,0.0,2033,29,0.0,0.0,0.0,0.0,2031.5,0.0
0,158500,KELP,2032.0,1.0,2029.0,29.0,0.0,0.0,2033,29,0.0,0.0,0.0,0.0,2032.5,0.0
0,158600,KELP,2030.0,5.0,2029.0,23.0,0.0,0.0,2033,23,0.0,0.0,0.0,0.0,2031.5,0.0
0,158700,KELP,2029.0,29.0,0.0,0.0,0.0,0.0,2031,3,2033.0,29.0,0.0,0.0,2030.0,0.0
0,158800,KELP,2030.0,1.0,2029.0,25.0,0.0,0.0,2032,3,2033.0,26.0,0.0,0.0,2031.0,0.0
0,158900,KELP,2030.0,20.0,0.0,0.0,0.0,0.0,2033,20,0.0,0.0,0.0,0.0,2031.5,0.0
0,159000,KELP,2030.0,22.0,0.0,0.0,0.0,0.0,2032,1,2033.0,22.0,0.0,0.0,2031.0,0.0
0,159100,KELP,2030.0,25.0,0.0,0.0,0.0,0.0,2033,25,0.0,0.0,0.0,0.0,2031.5,0.0
0,159200,KELP,2030.0,23.0,0.0,0.0,0.0,0.0,2033,20,0.0,0.0,0.0,0.0,2031.5,0.0
0,159300,KELP,2030.0,29.0,0.0,0.0,0.0,0.0,2033,30,0.0,0.0,0.0,0.0,2031.5,0.0
0,159400,KELP,2030.0,21.0,0.0,0.0,0.0,0.0,2032,2,2033.0,21.0,0.0,0.0,2031.0,0.0
0,159500,KELP,2032.0,1.0,2030.0,31.0,0.0,0.0,2033,25,0.0,0.0,0.0,0.0,2032.5,0.0
0,159600,KELP,2030.0,32.0,0.0,0.0,0.0,0.0,2033,2,2034.0,30.0,0.0,0.0,2031.5,0.0
0,159700,KELP,2031.0,5.0,2030.0,31.0,0.0,0.0,2033,1,2034.0,30.0,0.0,0.0,2032.0,0.0
0,159800,KELP,2030.0,29.0,0.0,0.0,0.0,0.0,2033,29,0.0,0.0,0.0,0.0,2031.5,0.0
0,159900,KELP,2030.0,20.0,0.0,0.0,0.0,0.0,2032,3,2033.0,20.0,0.0,0.0,2031.0,0.0
0,160000,KELP,2031.0,6.0,2030.0,23.0,0.0,0.0,2033,23,0.0,0.0,0.0,0.0,2032.0,0.0
0,160100,KELP,2031.0,3.0,2030.0,32.0,0.0,0.0,2033,2,2034.0,30.0,0.0,0.0,2032.0,0.0
0,160200,KELP,2030.0,32.0,0.0,0.0,0.0,0.0,2032,8,2033.0,32.0,0.0,0.0,2031.0,0.0
0,160300,KELP,2031.0,1.0,2030.0,22.0,0.0,0.0,2032,2,2034.0,23.0,0.0,0.0,2031.5,0.0
0,160400,KELP,2030.0,28.0,0.0,0.0,0.0,0.0,2034,28,0.0,0.0,0.0,0.0,2032.0,0.0
0,160500,KELP,2030.0,28.0,0.0,0.0,0.0,0.0,2034,28,0.0,0.0,0.0,0.0,2032.0,0.0
0,160600,KELP,2032.0,2.0,2030.0,23.0,0.0,0.0,2034,23,0.0,0.0,0.0,0.0,2033.0,0.0
0,160700,KELP,2030.0,28.0,0.0,0.0,0.0,0.0,2031,2,2034.0,30.0,0.0,0.0,2030.5,0.0
0,160800,KELP,2031.0,1.0,2030.0,28.0,0.0,0.0,2034,29,0.0,0.0,0.0,0.0,2032.5,0.0
0,160900,KELP,2031.0,2.0,2030.0,23.0,0.0,0.0,2033,6,2034.0,25.0,0.0,0.0,2032.0,0.0
0,161000,KELP,2031.0,5.0,2030.0,24.0,0.0,0.0,2034,26,0.0,0.0,0.0,0.0,2032.5,0.0
0,161100,KELP,2031.0,23.0,0.0,0.0,0.0,0.0,2033,1,2034.0,23.0,0.0,0.0,2032.0,0.0
0,161200,KELP,2031.0,24.0,0.0,0.0,0.0,0.0,2034,24,0.0,0.0,0.0,0.0,2032.5,0.0
0,161300,KELP,2031.0,27.0,0.0,0.0,0.0,0.0,2035,27,0.0,0.0,0.0,0.0,2033.0,0.0
0,161400,KELP,2033.0,1.0,2031.0,29.0,0.0,0.0,2034,29,0.0,0.0,0.0,0.0,2033.5,0.0
0,161500,KELP,2031.0,23.0,0.0,0.0,0.0,0.0,2033,1,2035.0,23.0,0.0,0.0,2032.0,0.0
0,161600,KELP,2031.0,31.0,0.0,0.0,0.0,0.0,2034,30,0.0,0.0,0.0,0.0,2032.5,0.0
0,161700,KELP,2031.0,30.0,0.0,0.0,0.0,0.0,2034,30,0.0,0.0,0.0,0.0,2032.5,0.0
0,161800,KELP,2031.0,28.0,0.0,0.0,0.0,0.0,2033,1,2034.0,28.0,0.0,0.0,2032.0,0.0
0,161900,KELP,2031.0,28.0,0.0,0.0,0.0,0.0,2033,7,2035.0,28.0,0.0,0.0,2032.0,0.0
0,162000,KELP,2031.0,31.0,0.0,0.0,0.0,0.0,2034,1,2035.0,30.0,0.0,0.0,2032.5,0.0
0,162100,KELP,2031.0,32.0,0.0,0.0,0.0,0.0,2034,2,2035.0,30.0,0.0,0.0,2032.5,0.0
0,162200,KELP,2031.0,27.0,0.0,0.0,0.0,0.0,2035,27,0.0,0.0,0.0,0.0,2033.0,0.0
0,162300,KELP,2031.0,28.0,0.0,0.0,0.0,0.0,2034,2,2035.0,26.0,0.0,0.0,2032.5,0.0
0,162400,KELP,2031.0,29.0,0.0,0.0,0.0,0.0,2034,2,2035.0,27.0,0.0,0.0,2032.5,0.0
0,162500,KELP,2031.0,29.0,0.0,0.0,0.0,0.0,2034,29,0.0,0.0,0.0,0.0,2032.5,0.0
0,162600,KELP,2031.0,27.0,0.0,0.0,0.0,0.0,2034,27,0.0,0.0,0.0,0.0,2032.5,0.0
0,162700,KELP,2031.0,28.0,0.0,0.0,0.0,0.0,2034,28,0.0,0.0,0.0,0.0,2032.5,0.0
0,162800,KELP,2031.0,20.0,0.0,0.0,0.0,0.0,2034,20,0.0,0.0,0.0,0.0,2032.5,0.0
0,162900,KELP,2031.0,32.0,0.0,0.0,0.0,0.0,2033,7,2034.0,32.0,0.0,0.0,2032.0,0.0
0,163000,KELP,2030.0,27.0,0.0,0.0,0.0,0.0,2032,6,2034.0,27.0,0.0,0.0,2031.0,0.0
0,163100,KELP,2030.0,22.0,0.0,0.0,0.0,0.0,2032,6,2034.0,23.0,0.0,0.0,2031.0,0.0
0,163200,KELP,2030.0,30.0,0.0,0.0,0.0,0.0,2034,30,0.0,0.0,0.0,0.0,2032.0,0.0
0,163300,KELP,2030.0,26.0,0.0,0.0,0.0,0.0,2034,26,0.0,0.0,0.0,0.0,2032.0,0.0
0,163400,KELP,2032.0,4.0,2030.0,29.0,0.0,0.0,2033,1,2034.0,28.0,0.0,0.0,2032.5,0.0
0,163500,KELP,2030.0,27.0,0.0,0.0,0.0,0.0,2034,27,0.0,0.0,0.0,0.0,2032.0,0.0
0,163600,KELP,2030.0,30.0,0.0,0.0,0.0,0.0,2031,3,2032.0,8.0,2034.0,30.0,2030.5,0.0
0,163700,KELP,2031.0,2.0,2030.0,20.0,0.0,0.0,2034,20,0.0,0.0,0.0,0.0,2032.5,0.0
0,163800,KELP,2030.0,25.0,0.0,0.0,0.0,0.0,2032,5,2034.0,25.0,0.0,0.0,2031.0,0.0
0,163900,KELP,2031.0,5.0,2030.0,22.0,0.0,0.0,2034,22,0.0,0.0,0.0,0.0,2032.5,0.0
0,164000,KELP,2032.0,2.0,2030.0,22.0,0.0,0.0,2034,22,0.0,0.0,0.0,0.0,2033.0,0.0
0,164100,KELP,2033.0,1.0,2030.0,29.0,0.0,0.0,2034,29,0.0,0.0,0.0,0.0,2033.5,0.0
0,164200,KELP,2030.0,23.0,0.0,0.0,0.0,0.0,2034,23,0.0,0.0,0.0,0.0,2032.0,0.0
0,164300,KELP,2031.0,2.0,2030.0,25.0,0.0,0.0,2034,27,0.0,0.0,0.0,0.0,2032.5,0.0
0,164400,KELP,2031.0,1.0,2030.0,26.0,0.0,0.0,2033,6,2034.0,27.0,0.0,0.0,2032.0,0.0
0,164500,KELP,2031.0,1.0,2030.0,24.0,0.0,0.0,2032,5,2034.0,25.0,0.0,0.0,2031.5,0.0
0,164600,KELP,2031.0,9.0,2030.0,30.0,0.0,0.0,2034,32,0.0,0.0,0.0,0.0,2032.5,0.0
0,164700,KELP,2031.0,27.0,0.0,0.0,0.0,0.0,2034,27,0.0,0.0,0.0,0.0,2032.5,0.0
0,164800,KELP,2031.0,24.0,0.0,0.0,0.0,0.0,2034,24,0.0,0.0,0.0,0.0,2032.5,0.0
0,164900,KELP,2031.0,24.0,0.0,0.0,0.0,0.0,2034,24,0.0,0.0,0.0,0.0,2032.5,0.0
0,165000,KELP,2031.0,26.0,0.0,0.0,0.0,0.0,2034,26,0.0,0.0,0.0,0.0,2032.5,0.0
0,165100,KELP,2031.0,28.0,0.0,0.0,0.0,0.0,2034,28,0.0,0.0,0.0,0.0,2032.5,0.0
0,165200,KELP,2031.0,30.0,0.0,0.0,0.0,0.0,2034,30,0.0,0.0,0.0,0.0,2032.5,0.0
0,165300,KELP,2033.0,1.0,2031.0,27.0,0.0,0.0,2034,27,0.0,0.0,0.0,0.0,2033.5,0.0
0,165400,KELP,2031.0,30.0,0.0,0.0,0.0,0.0,2034,30,0.0,0.0,0.0,0.0,2032.5,0.0
0,165500,KELP,2031.0,21.0,0.0,0.0,0.0,0.0,2034,21,0.0,0.0,0.0,0.0,2032.5,0.0
0,165600,KELP,2031.0,28.0,0.0,0.0,0.0,0.0,2032,3,2034.0,28.0,0.0,0.0,2031.5,0.0
0,165700,KELP,2033.0,1.0,2031.0,29.0,0.0,0.0,2034,29,0.0,0.0,0.0,0.0,2033.5,0.0
0,165800,KELP,2030.0,24.0,0.0,0.0,0.0,0.0,2031,1,2034.0,24.0,0.0,0.0,2030.5,0.0
0,165900,KELP,2030.0,28.0,0.0,0.0,0.0,0.0,2032,6,2034.0,28.0,0.0,0.0,2031.0,0.0
0,166000,KELP,2032.0,4.0,2031.0,1.0,2030.0,23.0,2034,24,0.0,0.0,0.0,0.0,2033.0,0.0
0,166100,KELP,2031.0,22.0,0.0,0.0,0.0,0.0,2033,4,2034.0,22.0,0.0,0.0,2032.0,0.0
0,166200,KELP,2030.0,22.0,0.0,0.0,0.0,0.0,2034,22,0.0,0.0,0.0,0.0,2032.0,0.0
0,166300,KELP,2031.0,30.0,0.0,0.0,0.0,0.0,2034,30,0.0,0.0,0.0,0.0,2032.5,0.0
0,166400,KELP,2031.0,2.0,2030.0,21.0,0.0,0.0,2034,23,0.0,0.0,0.0,0.0,2032.5,0.0
0,166500,KELP,2030.0,29.0,0.0,0.0,0.0,0.0,2031,1,2034.0,29.0,0.0,0.0,2030.5,0.0
0,166600,KELP,2031.0,28.0,0.0,0.0,0.0,0.0,2034,28,0.0,0.0,0.0,0.0,2032.5,0.0
0,166700,KELP,2030.0,21.0,0.0,0.0,0.0,0.0,2034,21,0.0,0.0,0.0,0.0,2032.0,0.0
0,166800,KELP,2031.0,27.0,0.0,0.0,0.0,0.0,2034,24,0.0,0.0,0.0,0.0,2032.5,0.0
0,166900,KELP,2031.0,24.0,0.0,0.0,0.0,0.0,2034,24,0.0,0.0,0.0,0.0,2032.5,0.0
0,167000,KELP,2031.0,22.0,0.0,0.0,0.0,0.0,2034,22,0.0,0.0,0.0,0.0,2032.5,0.0
0,167100,KELP,2031.0,31.0,0.0,0.0,0.0,0.0,2034,27,0.0,0.0,0.0,0.0,2032.5,0.0
0,167200,KELP,2031.0,23.0,0.0,0.0,0.0,0.0,2033,8,2034.0,23.0,0.0,0.0,2032.0,0.0
0,167300,KELP,2031.0,26.0,0.0,0.0,0.0,0.0,2034,26,0.0,0.0,0.0,0.0,2032.5,0.0
0,167400,KELP,2031.0,29.0,0.0,0.0,0.0,0.0,2033,6,2034.0,29.0,0.0,0.0,2032.0,0.0
0,167500,KELP,2031.0,27.0,0.0,0.0,0.0,0.0,2034,27,0.0,0.0,0.0,0.0,2032.5,0.0
0,167600,KELP,2031.0,25.0,0.0,0.0,0.0,0.0,2034,25,0.0,0.0,0.0,0.0,2032.5,0.0
0,167700,KELP,2031.0,24.0,0.0,0.0,0.0,0.0,2033,6,2034.0,24.0,0.0,0.0,2032.0,0.0
0,167800,KELP,2031.0,32.0,0.0,0.0,0.0,0.0,2034,32,0.0,0.0,0.0,0.0,2032.5,0.0
0,167900,KELP,2031.0,29.0,0.0,0.0,0.0,0.0,2034,29,0.0,0.0,0.0,0.0,2032.5,0.0
0,168000,KELP,2031.0,29.0,0.0,0.0,0.0,0.0,2034,29,0.0,0.0,0.0,0.0,2032.5,0.0
0,168100,KELP,2031.0,23.0,0.0,0.0,0.0,0.0,2034,23,0.0,0.0,0.0,0.0,2032.5,0.0
0,168200,KELP,2031.0,25.0,0.0,0.0,0.0,0.0,2033,3,2034.0,25.0,0.0,0.0,2032.0,0.0
0,168300,KELP,2031.0,23.0,0.0,0.0,0.0,0.0,2034,20,0.0,0.0,0.0,0.0,2032.5,0.0
0,168400,KELP,2031.0,30.0,0.0,0.0,0.0,0.0,2033,6,2034.0,30.0,0.0,0.0,2032.0,0.0
0,168500,KELP,2031.0,26.0,0.0,0.0,0.0,0.0,2034,26,0.0,0.0,0.0,0.0,2032.5,0.0
0,168600,KELP,2031.0,22.0,0.0,0.0,0.0,0.0,2034,21,0.0,0.0,0.0,0.0,2032.5,0.0
0,168700,KELP,2031.0,25.0,0.0,0.0,0.0,0.0,2034,20,0.0,0.0,0.0,0.0,2032.5,0.0
0,168800,KELP,2030.0,27.0,0.0,0.0,0.0,0.0,2034,27,0.0,0.0,0.0,0.0,2032.0,0.0
0,168900,KELP,2030.0,23.0,0.0,0.0,0.0,0.0,2034,23,0.0,0.0,0.0,0.0,2032.0,0.0
0,169000,KELP,2030.0,28.0,0.0,0.0,0.0,0.0,2031,10,2032.0,4.0,2034.0,28.0,2030.5,0.0
0,169100,KELP,2030.0,29.0,0.0,0.0,0.0,0.0,2033,29,0.0,0.0,0.0,0.0,2031.5,0.0
0,169200,KELP,2030.0,29.0,0.0,0.0,0.0,0.0,2033,29,0.0,0.0,0.0,0.0,2031.5,0.0
0,169300,KELP,2030.0,30.0,0.0,0.0,0.0,0.0,2031,4,2033.0,1.0,2034.0,29.0,2030.5,0.0
0,169400,KELP,2030.0,24.0,0.0,0.0,0.0,0.0,2032,6,2033.0,2.0,2034.0,22.0,2031.0,0.0
0,169500,KELP,2031.0,7.0,2030.0,30.0,0.0,0.0,2034,30,0.0,0.0,0.0,0.0,2032.5,0.0
0,169600,KELP,2031.0,22.0,0.0,0.0,0.0,0.0,2034,22,0.0,0.0,0.0,0.0,2032.5,0.0
0,169700,KELP,2031.0,28.0,0.0,0.0,0.0,0.0,2034,24,0.0,0.0,0.0,0.0,2032.5,0.0
0,169800,KELP,2031.0,28.0,0.0,0.0,0.0,0.0,2034,28,0.0,0.0,0.0,0.0,2032.5,0.0
0,169900,KELP,2031.0,23.0,0.0,0.0,0.0,0.0,2034,23,0.0,0.0,0.0,0.0,2032.5,0.0
0,170000,KELP,2030.0,20.0,0.0,0.0,0.0,0.0,2032,5,2034.0,20.0,0.0,0.0,2031.0,0.0
0,170100,KELP,2031.0,1.0,2030.0,24.0,0.0,0.0,2034,26,0.0,0.0,0.0,0.0,2032.5,0.0
0,170200,KELP,2030.0,31.0,0.0,0.0,0.0,0.0,2034,31,0.0,0.0,0.0,0.0,2032.0,0.0
0,170300,KELP,2030.0,25.0,0.0,0.0,0.0,0.0,2032,2,2034.0,25.0,0.0,0.0,2031.0,0.0
0,170400,KELP,2030.0,26.0,0.0,0.0,0.0,0.0,2034,26,0.0,0.0,0.0,0.0,2032.0,0.0
0,170500,KELP,2030.0,26.0,0.0,0.0,0.0,0.0,2032,6,2034.0,26.0,0.0,0.0,2031.0,0.0
0,170600,KELP,2030.0,32.0,0.0,0.0,0.0,0.0,2034,32,0.0,0.0,0.0,0.0,2032.0,0.0
0,170700,KELP,2031.0,24.0,0.0,0.0,0.0,0.0,2034,24,0.0,0.0,0.0,0.0,2032.5,0.0
0,170800,KELP,2031.0,29.0,0.0,0.0,0.0,0.0,2034,23,0.0,0.0,0.0,0.0,2032.5,0.0
0,170900,KELP,2031.0,1.0,2030.0,28.0,0.0,0.0,2034,29,0.0,0.0,0.0,0.0,2032.5,0.0
0,171000,KELP,2031.0,6.0,2030.0,32.0,0.0,0.0,2034,32,0.0,0.0,0.0,0.0,2032.5,0.0
0,171100,KELP,2030.0,30.0,0.0,0.0,0.0,0.0,2034,30,0.0,0.0,0.0,0.0,2032.0,0.0
0,171200,KELP,2030.0,31.0,0.0,0.0,0.0,0.0,2034,31,0.0,0.0,0.0,0.0,2032.0,0.0
0,171300,KELP,2030.0,29.0,0.0,0.0,0.0,0.0,2031,1,2032.0,6.0,2034.0,29.0,2030.5,0.0
0,171400,KELP,2030.0,22.0,0.0,0.0,0.0,0.0,2034,22,0.0,0.0,0.0,0.0,2032.0,0.0
0,171500,KELP,2030.0,31.0,0.0,0.0,0.0,0.0,2032,8,2034.0,31.0,0.0,0.0,2031.0,0.0
0,171600,KELP,2033.0,1.0,2030.0,27.0,0.0,0.0,2034,27,0.0,0.0,0.0,0.0,2033.5,0.0
0,171700,KELP,2030.0,27.0,0.0,0.0,0.0,0.0,2034,27,0.0,0.0,0.0,0.0,2032.0,0.0
0,171800,KELP,2033.0,1.0,2030.0,22.0,0.0,0.0,2034,22,0.0,0.0,0.0,0.0,2033.5,0.0
0,171900,KELP,2032.0,6.0,2030.0,26.0,0.0,0.0,2034,26,0.0,0.0,0.0,0.0,2033.0,0.0
0,172000,KELP,2030.0,30.0,0.0,0.0,0.0,0.0,2034,30,0.0,0.0,0.0,0.0,2032.0,0.0
0,172100,KELP,2031.0,2.0,2030.0,22.0,0.0,0.0,2032,4,2034.0,24.0,0.0,0.0,2031.5,0.0
0,172200,KELP,2030.0,24.0,0.0,0.0,0.0,0.0,2034,24,0.0,0.0,0.0,0.0,2032.0,0.0
0,172300,KELP,2031.0,28.0,0.0,0.0,0.0,0.0,2033,7,2034.0,28.0,0.0,0.0,2032.0,0.0
0,172400,KELP,2033.0,1.0,2030.0,23.0,0.0,0.0,2034,23,0.0,0.0,0.0,0.0,2033.5,0.0
0,172500,KELP,2030.0,25.0,0.0,0.0,0.0,0.0,2034,25,0.0,0.0,0.0,0.0,2032.0,0.0
0,172600,KELP,2030.0,24.0,0.0,0.0,0.0,0.0,2034,24,0.0,0.0,0.0,0.0,2032.0,0.0
0,172700,KELP,2030.0,32.0,0.0,0.0,0.0,0.0,2033,2,2034.0,30.0,0.0,0.0,2031.5,0.0
0,172800,KELP,2030.0,29.0,0.0,0.0,0.0,0.0,2032,1,2033.0,30.0,0.0,0.0,2031.0,0.0
0,172900,KELP,2030.0,20.0,0.0,0.0,0.0,0.0,2033,20,0.0,0.0,0.0,0.0,2031.5,0.0
0,173000,KELP,2030.0,22.0,0.0,0.0,0.0,0.0,2033,22,0.0,0.0,0.0,0.0,2031.5,0.0
0,173100,KELP,2030.0,29.0,0.0,0.0,0.0,0.0,2033,30,0.0,0.0,0.0,0.0,2031.5,0.0
0,173200,KELP,2031.0,5.0,2030.0,32.0,0.0,0.0,2033,2,2034.0,30.0,0.0,0.0,2032.0,0.0
0,173300,KELP,2030.0,21.0,0.0,0.0,0.0,0.0,2033,1,2034.0,20.0,0.0,0.0,2031.5,0.0
0,173400,KELP,2030.0,27.0,0.0,0.0,0.0,0.0,2033,2,2034.0,22.0,0.0,0.0,2031.5,0.0
0,173500,KELP,2030.0,26.0,0.0,0.0,0.0,0.0,2033,26,0.0,0.0,0.0,0.0,2031.5,0.0
0,173600,KELP,2032.0,6.0,2030.0,24.0,0.0,0.0,2033,1,2034.0,23.0,0.0,0.0,2032.5,0.0
0,173700,KELP,2030.0,20.0,0.0,0.0,0.0,0.0,2033,20,0.0,0.0,0.0,0.0,2031.5,0.0
0,173800,KELP,2030.0,35.0,0.0,0.0,0.0,0.0,2033,29,0.0,0.0,0.0,0.0,2031.5,0.0
0,173900,KELP,2030.0,31.0,0.0,0.0,0.0,0.0,2032,6,2033.0,1.0,2034.0,30.0,2031.0,0.0
0,174000,KELP,2030.0,29.0,0.0,0.0,0.0,0.0,2034,29,0.0,0.0,0.0,0.0,2032.0,0.0
0,174100,KELP,2030.0,20.0,0.0,0.0,0.0,0.0,2032,4,2034.0,20.0,0.0,0.0,2031.0,0.0
0,174200,KELP,2030.0,31.0,0.0,0.0,0.0,0.0,2034,31,0.0,0.0,0.0,0.0,2032.0,0.0
0,174300,KELP,2030.0,25.0,0.0,0.0,0.0,0.0,2033,1,2034.0,24.0,0.0,0.0,2031.5,0.0
0,174400,KELP,2030.0,29.0,0.0,0.0,0.0,0.0,2031,3,2033.0,29.0,0.0,0.0,2030.5,0.0
0,174500,KELP,2030.0,23.0,0.0,0.0,0.0,0.0,2032,1,2033.0,23.0,0.0,0.0,2031.0,0.0
0,174600,KELP,2030.0,33.0,0.0,0.0,0.0,0.0,2033,28,0.0,0.0,0.0,0.0,2031.5,0.0
0,174700,KELP,2030.0,25.0,0.0,0.0,0.0,0.0,2033,25,0.0,0.0,0.0,0.0,2031.5,0.0
0,174800,KELP,2030.0,30.0,0.0,0.0,0.0,0.0,2032,3,2033.0,31.0,0.0,0.0,2031.0,0.0
0,174900,KELP,2030.0,25.0,0.0,0.0,0.0,0.0,2032,3,2033.0,25.0,0.0,0.0,2031.0,0.0
0,175000,KELP,2030.0,2.0,2029.0,21.0,0.0,0.0,2033,21,0.0,0.0,0.0,0.0,2031.5,0.0
0,175100,KELP,2029.0,23.0,0.0,0.0,0.0,0.0,2033,23,0.0,0.0,0.0,0.0,2031.0,0.0
0,175200,KELP,2029.0,26.0,0.0,0.0,0.0,0.0,2033,26,0.0,0.0,0.0,0.0,2031.0,0.0
0,175300,KELP,2029.0,22.0,0.0,0.0,0.0,0.0,2033,22,0.0,0.0,0.0,0.0,2031.0,0.0
0,175400,KELP,2029.0,27.0,0.0,0.0,0.0,0.0,2033,27,0.0,0.0,0.0,0.0,2031.0,0.0
0,175500,KELP,2029.0,24.0,0.0,0.0,0.0,0.0,2032,1,2033.0,23.0,0.0,0.0,2030.5,0.0
0,175600,KELP,2029.0,31.0,0.0,0.0,0.0,0.0,2032,1,2033.0,30.0,0.0,0.0,2030.5,0.0
0,175700,KELP,2030.0,2.0,2029.0,20.0,0.0,0.0,2033,22,0.0,0.0,0.0,0.0,2031.5,0.0
0,175800,KELP,2029.0,26.0,0.0,0.0,0.0,0.0,2033,26,0.0,0.0,0.0,0.0,2031.0,0.0
0,175900,KELP,2030.0,20.0,0.0,0.0,0.0,0.0,2033,20,0.0,0.0,0.0,0.0,2031.5,0.0
0,176000,KELP,2030.0,30.0,0.0,0.0,0.0,0.0,2033,30,0.0,0.0,0.0,0.0,2031.5,0.0
0,176100,KELP,2030.0,29.0,0.0,0.0,0.0,0.0,2032,3,2033.0,29.0,0.0,0.0,2031.0,0.0
0,176200,KELP,2029.0,21.0,0.0,0.0,0.0,0.0,2033,21,0.0,0.0,0.0,0.0,2031.0,0.0
0,176300,KELP,2030.0,20.0,0.0,0.0,0.0,0.0,2033,20,0.0,0.0,0.0,0.0,2031.5,0.0
0,176400,KELP,2030.0,26.0,0.0,0.0,0.0,0.0,2032,8,2033.0,26.0,0.0,0.0,2031.0,0.0
0,176500,KELP,2030.0,24.0,0.0,0.0,0.0,0.0,2033,24,0.0,0.0,0.0,0.0,2031.5,0.0
0,176600,KELP,2030.0,23.0,0.0,0.0,0.0,0.0,2032,6,2033.0,23.0,0.0,0.0,2031.0,0.0
0,176700,KELP,2030.0,30.0,0.0,0.0,0.0,0.0,2033,30,0.0,0.0,0.0,0.0,2031.5,0.0
0,176800,KELP,2030.0,26.0,0.0,0.0,0.0,0.0,2033,26,0.0,0.0,0.0,0.0,2031.5,0.0
0,176900,KELP,2030.0,29.0,0.0,0.0,0.0,0.0,2033,2,2034.0,27.0,0.0,0.0,2031.5,0.0
0,177000,KELP,2030.0,29.0,0.0,0.0,0.0,0.0,2033,1,2034.0,29.0,0.0,0.0,2031.5,0.0
0,177100,KELP,2030.0,30.0,0.0,0.0,0.0,0.0,2032,5,2033.0,30.0,0.0,0.0,2031.0,0.0
0,177200,KELP,2030.0,27.0,0.0,0.0,0.0,0.0,2033,27,0.0,0.0,0.0,0.0,2031.5,0.0
0,177300,KELP,2030.0,30.0,0.0,0.0,0.0,0.0,2033,30,0.0,0.0,0.0,0.0,2031.5,0.0
0,177400,KELP,2030.0,31.0,0.0,0.0,0.0,0.0,2033,31,0.0,0.0,0.0,0.0,2031.5,0.0
0,177500,KELP,2030.0,23.0,0.0,0.0,0.0,0.0,2032,2,2033.0,23.0,0.0,0.0,2031.0,0.0
0,177600,KELP,2030.0,29.0,0.0,0.0,0.0,0.0,2033,29,0.0,0.0,0.0,0.0,2031.5,0.0
0,177700,KELP,2030.0,24.0,0.0,0.0,0.0,0.0,2032,4,2033.0,24.0,0.0,0.0,2031.0,0.0
0,177800,KELP,2030.0,34.0,0.0,0.0,0.0,0.0,2033,2,2034.0,27.0,0.0,0.0,2031.5,0.0
0,177900,KELP,2030.0,31.0,0.0,0.0,0.0,0.0,2033,29,0.0,0.0,0.0,0.0,2031.5,0.0
0,178000,KELP,2030.0,23.0,0.0,0.0,0.0,0.0,2033,23,0.0,0.0,0.0,0.0,2031.5,0.0
0,178100,KELP,2032.0,4.0,2030.0,24.0,0.0,0.0,2033,24,0.0,0.0,0.0,0.0,2032.5,0.0
0,178200,KELP,2030.0,21.0,0.0,0.0,0.0,0.0,2034,21,0.0,0.0,0.0,0.0,2032.0,0.0
0,178300,KELP,2030.0,27.0,0.0,0.0,0.0,0.0,2033,2,2034.0,25.0,0.0,0.0,2031.5,0.0
0,178400,KELP,2030.0,23.0,0.0,0.0,0.0,0.0,2033,23,0.0,0.0,0.0,0.0,2031.5,0.0
0,178500,KELP,2030.0,25.0,0.0,0.0,0.0,0.0,2033,25,0.0,0.0,0.0,0.0,2031.5,0.0
0,178600,KELP,2030.0,22.0,0.0,0.0,0.0,0.0,2033,22,0.0,0.0,0.0,0.0,2031.5,0.0
0,178700,KELP,2030.0,21.0,0.0,0.0,0.0,0.0,2033,21,0.0,0.0,0.0,0.0,2031.5,0.0
0,178800,KELP,2030.0,25.0,0.0,0.0,0.0,0.0,2032,8,2033.0,26.0,0.0,0.0,2031.0,0.0
0,178900,KELP,2030.0,28.0,0.0,0.0,0.0,0.0,2033,28,0.0,0.0,0.0,0.0,2031.5,0.0
0,179000,KELP,2030.0,31.0,0.0,0.0,0.0,0.0,2033,31,0.0,0.0,0.0,0.0,2031.5,0.0
0,179100,KELP,2030.0,25.0,0.0,0.0,0.0,0.0,2033,25,0.0,0.0,0.0,0.0,2031.5,0.0
0,179200,KELP,2030.0,28.0,0.0,0.0,0.0,0.0,2033,28,0.0,0.0,0.0,0.0,2031.5,0.0
0,179300,KELP,2030.0,26.0,0.0,0.0,0.0,0.0,2032,7,2033.0,26.0,0.0,0.0,2031.0,0.0
0,179400,KELP,2031.0,5.0,2030.0,26.0,0.0,0.0,2033,26,0.0,0.0,0.0,0.0,2032.0,0.0
0,179500,KELP,2030.0,31.0,0.0,0.0,0.0,0.0,2034,31,0.0,0.0,0.0,0.0,2032.0,0.0
0,179600,KELP,2032.0,1.0,2031.0,3.0,2030.0,29.0,2034,29,0.0,0.0,0.0,0.0,2033.0,0.0
0,179700,KELP,2031.0,8.0,2030.0,22.0,0.0,0.0,2033,2,2034.0,20.0,0.0,0.0,2032.0,0.0
0,179800,KELP,2030.0,28.0,0.0,0.0,0.0,0.0,2034,28,0.0,0.0,0.0,0.0,2032.0,0.0
0,179900,KELP,2031.0,4.0,2030.0,23.0,0.0,0.0,2034,23,0.0,0.0,0.0,0.0,2032.5,0.0
0,180000,KELP,2030.0,28.0,0.0,0.0,0.0,0.0,2034,28,0.0,0.0,0.0,0.0,2032.0,0.0
0,180100,KELP,2031.0,2.0,2030.0,21.0,0.0,0.0,2034,21,0.0,0.0,0.0,0.0,2032.5,0.0
0,180200,KELP,2032.0,1.0,2030.0,23.0,0.0,0.0,2033,23,0.0,0.0,0.0,0.0,2032.5,0.0
0,180300,KELP,2030.0,19.0,0.0,0.0,0.0,0.0,2032,6,2034.0,20.0,0.0,0.0,2031.0,0.0
0,180400,KELP,2032.0,1.0,2030.0,27.0,0.0,0.0,2034,27,0.0,0.0,0.0,0.0,2033.0,0.0
0,180500,KELP,2030.0,26.0,0.0,0.0,0.0,0.0,2032,7,2034.0,26.0,0.0,0.0,2031.0,0.0
0,180600,KELP,2030.0,28.0,0.0,0.0,0.0,0.0,2034,28,0.0,0.0,0.0,0.0,2032.0,0.0
0,180700,KELP,2030.0,27.0,0.0,0.0,0.0,0.0,2034,27,0.0,0.0,0.0,0.0,2032.0,0.0
0,180800,KELP,2030.0,21.0,0.0,0.0,0.0,0.0,2033,1,2034.0,20.0,0.0,0.0,2031.5,0.0
0,180900,KELP,2031.0,7.0,2030.0,29.0,0.0,0.0,2034,29,0.0,0.0,0.0,0.0,2032.5,0.0
0,181000,KELP,2030.0,22.0,0.0,0.0,0.0,0.0,2032,7,2034.0,22.0,0.0,0.0,2031.0,0.0
0,181100,KELP,2030.0,23.0,0.0,0.0,0.0,0.0,2034,23,0.0,0.0,0.0,0.0,2032.0,0.0
0,181200,KELP,2030.0,29.0,0.0,0.0,0.0,0.0,2033,2,2034.0,27.0,0.0,0.0,2031.5,0.0
0,181300,KELP,2030.0,29.0,0.0,0.0,0.0,0.0,2032,3,2033.0,29.0,0.0,0.0,2031.0,0.0
0,181400,KELP,2031.0,1.0,2030.0,26.0,0.0,0.0,2034,27,0.0,0.0,0.0,0.0,2032.5,0.0
0,181500,KELP,2031.0,2.0,2030.0,23.0,0.0,0.0,2033,7,2034.0,25.0,0.0,0.0,2032.0,0.0
0,181600,KELP,2030.0,31.0,0.0,0.0,0.0,0.0,2034,31,0.0,0.0,0.0,0.0,2032.0,0.0
0,181700,KELP,2031.0,5.0,2030.0,20.0,0.0,0.0,2034,21,0.0,0.0,0.0,0.0,2032.5,0.0
0,181800,KELP,2031.0,1.0,2030.0,20.0,0.0,0.0,2034,21,0.0,0.0,0.0,0.0,2032.5,0.0
0,181900,KELP,2030.0,27.0,0.0,0.0,0.0,0.0,2034,27,0.0,0.0,0.0,0.0,2032.0,0.0
0,182000,KELP,2031.0,34.0,0.0,0.0,0.0,0.0,2034,26,0.0,0.0,0.0,0.0,2032.5,0.0
0,182100,KELP,2030.0,22.0,0.0,0.0,0.0,0.0,2034,22,0.0,0.0,0.0,0.0,2032.0,0.0
0,182200,KELP,2030.0,29.0,0.0,0.0,0.0,0.0,2032,4,2034.0,29.0,0.0,0.0,2031.0,0.0
0,182300,KELP,2031.0,2.0,2030.0,23.0,0.0,0.0,2032,2,2034.0,23.0,0.0,0.0,2031.5,0.0
0,182400,KELP,2031.0,1.0,2030.0,27.0,0.0,0.0,2032,1,2034.0,28.0,0.0,0.0,2031.5,0.0
0,182500,KELP,2033.0,1.0,2031.0,1.0,2030.0,28.0,2034,29,0.0,0.0,0.0,0.0,2033.5,0.0
0,182600,KELP,2031.0,2.0,2030.0,20.0,0.0,0.0,2034,22,0.0,0.0,0.0,0.0,2032.5,0.0
0,182700,KELP,2031.0,2.0,2030.0,29.0,0.0,0.0,2034,31,0.0,0.0,0.0,0.0,2032.5,0.0
0,182800,KELP,2031.0,32.0,0.0,0.0,0.0,0.0,2032,6,2034.0,32.0,0.0,0.0,2031.5,0.0
0,182900,KELP,2031.0,27.0,0.0,0.0,0.0,0.0,2034,20,0.0,0.0,0.0,0.0,2032.5,0.0
0,183000,KELP,2031.0,26.0,0.0,0.0,0.0,0.0,2034,23,0.0,0.0,0.0,0.0,2032.5,0.0
0,183100,KELP,2031.0,27.0,0.0,0.0,0.0,0.0,2034,27,0.0,0.0,0.0,0.0,2032.5,0.0
0,183200,KELP,2031.0,29.0,0.0,0.0,0.0,0.0,2033,6,2034.0,29.0,0.0,0.0,2032.0,0.0
0,183300,KELP,2031.0,28.0,0.0,0.0,0.0,0.0,2034,29,0.0,0.0,0.0,0.0,2032.5,0.0
0,183400,KELP,2031.0,22.0,0.0,0.0,0.0,0.0,2033,1,2034.0,22.0,0.0,0.0,2032.0,0.0
0,183500,KELP,2031.0,25.0,0.0,0.0,0.0,0.0,2034,24,0.0,0.0,0.0,0.0,2032.5,0.0
0,183600,KELP,2033.0,7.0,2031.0,26.0,0.0,0.0,2034,26,0.0,0.0,0.0,0.0,2033.5,0.0
0,183700,KELP,2033.0,1.0,2031.0,23.0,0.0,0.0,2034,23,0.0,0.0,0.0,0.0,2033.5,0.0
0,183800,KELP,2031.0,23.0,0.0,0.0,0.0,0.0,2034,24,0.0,0.0,0.0,0.0,2032.5,0.0
0,183900,KELP,2031.0,30.0,0.0,0.0,0.0,0.0,2034,30,0.0,0.0,0.0,0.0,2032.5,0.0
0,184000,KELP,2031.0,24.0,0.0,0.0,0.0,0.0,2035,24,0.0,0.0,0.0,0.0,2033.0,0.0
0,184100,KELP,2031.0,33.0,0.0,0.0,0.0,0.0,2034,26,0.0,0.0,0.0,0.0,2032.5,0.0
0,184200,KELP,2031.0,26.0,0.0,0.0,0.0,0.0,2033,5,2034.0,26.0,0.0,0.0,2032.0,0.0
0,184300,KELP,2031.0,32.0,0.0,0.0,0.0,0.0,2034,32,0.0,0.0,0.0,0.0,2032.5,0.0
0,184400,KELP,2031.0,29.0,0.0,0.0,0.0,0.0,2033,2,2034.0,29.0,0.0,0.0,2032.0,0.0
0,184500,KELP,2031.0,21.0,0.0,0.0,0.0,0.0,2034,21,0.0,0.0,0.0,0.0,2032.5,0.0
0,184600,KELP,2031.0,22.0,0.0,0.0,0.0,0.0,2034,2,2035.0,20.0,0.0,0.0,2032.5,0.0
0,184700,KELP,2031.0,22.0,0.0,0.0,0.0,0.0,2034,1,2035.0,21.0,0.0,0.0,2032.5,0.0
0,184800,KELP,2033.0,5.0,2031.0,28.0,0.0,0.0,2035,28,0.0,0.0,0.0,0.0,2034.0,0.0
0,184900,KELP,2034.0,1.0,2032.0,27.0,0.0,0.0,2035,27,0.0,0.0,0.0,0.0,2034.5,0.0
0,185000,KELP,2031.0,31.0,0.0,0.0,0.0,0.0,2033,5,2034.0,31.0,0.0,0.0,2032.0,0.0
0,185100,KELP,2031.0,28.0,0.0,0.0,0.0,0.0,2033,5,2034.0,28.0,0.0,0.0,2032.0,0.0
0,185200,KELP,2031.0,22.0,0.0,0.0,0.0,0.0,2034,22,0.0,0.0,0.0,0.0,2032.5,0.0
0,185300,KELP,2033.0,1.0,2031.0,22.0,0.0,0.0,2034,22,0.0,0.0,0.0,0.0,2033.5,0.0
0,185400,KELP,2031.0,33.0,0.0,0.0,0.0,0.0,2034,29,0.0,0.0,0.0,0.0,2032.5,0.0
0,185500,KELP,2031.0,32.0,0.0,0.0,0.0,0.0,2034,32,0.0,0.0,0.0,0.0,2032.5,0.0
0,185600,KELP,2031.0,32.0,0.0,0.0,0.0,0.0,2034,32,0.0,0.0,0.0,0.0,2032.5,0.0
0,185700,KELP,2031.0,21.0,0.0,0.0,0.0,0.0,2034,21,0.0,0.0,0.0,0.0,2032.5,0.0
0,185800,KELP,2033.0,1.0,2031.0,23.0,0.0,0.0,2034,23,0.0,0.0,0.0,0.0,2033.5,0.0
0,185900,KELP,2031.0,24.0,0.0,0.0,0.0,0.0,2035,24,0.0,0.0,0.0,0.0,2033.0,0.0
0,186000,KELP,2031.0,24.0,0.0,0.0,0.0,0.0,2033,7,2035.0,24.0,0.0,0.0,2032.0,0.0
0,186100,KELP,2031.0,32.0,0.0,0.0,0.0,0.0,2035,32,0.0,0.0,0.0,0.0,2033.0,0.0
0,186200,KELP,2031.0,22.0,0.0,0.0,0.0,0.0,2035,22,0.0,0.0,0.0,0.0,2033.0,0.0
0,186300,KELP,2031.0,27.0,0.0,0.0,0.0,0.0,2035,27,0.0,0.0,0.0,0.0,2033.0,0.0
0,186400,KELP,2031.0,22.0,0.0,0.0,0.0,0.0,2035,22,0.0,0.0,0.0,0.0,2033.0,0.0
0,186500,KELP,2031.0,26.0,0.0,0.0,0.0,0.0,2035,26,0.0,0.0,0.0,0.0,2033.0,0.0
0,186600,KELP,2031.0,28.0,0.0,0.0,0.0,0.0,2035,28,0.0,0.0,0.0,0.0,2033.0,0.0
0,186700,KELP,2031.0,26.0,0.0,0.0,0.0,0.0,2035,26,0.0,0.0,0.0,0.0,2033.0,0.0
0,186800,KELP,2031.0,23.0,0.0,0.0,0.0,0.0,2035,23,0.0,0.0,0.0,0.0,2033.0,0.0
0,186900,KELP,2032.0,30.0,0.0,0.0,0.0,0.0,2035,29,0.0,0.0,0.0,0.0,2033.5,0.0
0,187000,KELP,2031.0,30.0,0.0,0.0,0.0,0.0,2032,1,2034.0,2.0,2035.0,30.0,2031.5,0.0
0,187100,KELP,2032.0,30.0,0.0,0.0,0.0,0.0,2035,23,0.0,0.0,0.0,0.0,2033.5,0.0
0,187200,KELP,2033.0,3.0,2032.0,23.0,0.0,0.0,2035,23,0.0,0.0,0.0,0.0,2034.0,0.0
0,187300,KELP,2032.0,23.0,0.0,0.0,0.0,0.0,2034,6,2035.0,23.0,0.0,0.0,2033.0,0.0
0,187400,KELP,2032.0,28.0,0.0,0.0,0.0,0.0,2035,27,0.0,0.0,0.0,0.0,2033.5,0.0
0,187500,KELP,2032.0,30.0,0.0,0.0,0.0,0.0,2035,30,0.0,0.0,0.0,0.0,2033.5,0.0
0,187600,KELP,2032.0,25.0,0.0,0.0,0.0,0.0,2035,26,0.0,0.0,0.0,0.0,2033.5,0.0
0,187700,KELP,2032.0,26.0,0.0,0.0,0.0,0.0,2035,2,2036.0,24.0,0.0,0.0,2033.5,0.0
0,187800,KELP,2032.0,21.0,0.0,0.0,0.0,0.0,2036,21,0.0,0.0,0.0,0.0,2034.0,0.0
0,187900,KELP,2032.0,27.0,0.0,0.0,0.0,0.0,2033,9,2036.0,27.0,0.0,0.0,2032.5,0.0
0,188000,KELP,2032.0,27.0,0.0,0.0,0.0,0.0,2036,27,0.0,0.0,0.0,0.0,2034.0,0.0
0,188100,KELP,2034.0,1.0,2032.0,28.0,0.0,0.0,2036,28,0.0,0.0,0.0,0.0,2035.0,0.0
0,188200,KELP,2032.0,31.0,0.0,0.0,0.0,0.0,2033,3,2035.0,1.0,2036.0,30.0,2032.5,0.0
0,188300,KELP,2032.0,27.0,0.0,0.0,0.0,0.0,2036,27,0.0,0.0,0.0,0.0,2034.0,0.0
0,188400,KELP,2033.0,4.0,2032.0,26.0,0.0,0.0,2036,26,0.0,0.0,0.0,0.0,2034.5,0.0
0,188500,KELP,2032.0,29.0,0.0,0.0,0.0,0.0,2036,29,0.0,0.0,0.0,0.0,2034.0,0.0
0,188600,KELP,2032.0,24.0,0.0,0.0,0.0,0.0,2034,6,2036.0,24.0,0.0,0.0,2033.0,0.0
0,188700,KELP,2032.0,24.0,0.0,0.0,0.0,0.0,2035,2,2036.0,22.0,0.0,0.0,2033.5,0.0
0,188800,KELP,2032.0,22.0,0.0,0.0,0.0,0.0,2034,3,2036.0,22.0,0.0,0.0,2033.0,0.0
0,188900,KELP,2032.0,25.0,0.0,0.0,0.0,0.0,2036,25,0.0,0.0,0.0,0.0,2034.0,0.0
0,189000,KELP,2033.0,25.0,0.0,0.0,0.0,0.0,2036,23,0.0,0.0,0.0,0.0,2034.5,0.0
0,189100,KELP,2032.0,25.0,0.0,0.0,0.0,0.0,2036,25,0.0,0.0,0.0,0.0,2034.0,0.0
0,189200,KELP,2032.0,28.0,0.0,0.0,0.0,0.0,2036,28,0.0,0.0,0.0,0.0,2034.0,0.0
0,189300,KELP,2032.0,22.0,0.0,0.0,0.0,0.0,2036,22,0.0,0.0,0.0,0.0,2034.0,0.0
0,189400,KELP,2032.0,31.0,0.0,0.0,0.0,0.0,2036,31,0.0,0.0,0.0,0.0,2034.0,0.0
0,189500,KELP,2033.0,24.0,0.0,0.0,0.0,0.0,2036,24,0.0,0.0,0.0,0.0,2034.5,0.0
0,189600,KELP,2033.0,23.0,0.0,0.0,0.0,0.0,2034,2,2036.0,23.0,0.0,0.0,2033.5,0.0
0,189700,KELP,2033.0,26.0,0.0,0.0,0.0,0.0,2036,26,0.0,0.0,0.0,0.0,2034.5,0.0
0,189800,KELP,2033.0,23.0,0.0,0.0,0.0,0.0,2037,23,0.0,0.0,0.0,0.0,2035.0,0.0
0,189900,KELP,2033.0,32.0,0.0,0.0,0.0,0.0,2036,30,0.0,0.0,0.0,0.0,2034.5,0.0
0,190000,KELP,2033.0,23.0,0.0,0.0,0.0,0.0,2036,23,0.0,0.0,0.0,0.0,2034.5,0.0
0,190100,KELP,2033.0,26.0,0.0,0.0,0.0,0.0,2036,26,0.0,0.0,0.0,0.0,2034.5,0.0
0,190200,KELP,2033.0,29.0,0.0,0.0,0.0,0.0,2035,5,2036.0,30.0,0.0,0.0,2034.0,0.0
0,190300,KELP,2033.0,28.0,0.0,0.0,0.0,0.0,2036,28,0.0,0.0,0.0,0.0,2034.5,0.0
0,190400,KELP,2033.0,23.0,0.0,0.0,0.0,0.0,2035,7,2036.0,23.0,0.0,0.0,2034.0,0.0
0,190500,KELP,2033.0,32.0,0.0,0.0,0.0,0.0,2036,2,2037.0,30.0,0.0,0.0,2034.5,0.0
0,190600,KELP,2033.0,24.0,0.0,0.0,0.0,0.0,2037,24,0.0,0.0,0.0,0.0,2035.0,0.0
0,190700,KELP,2035.0,1.0,2033.0,35.0,0.0,0.0,2036,29,0.0,0.0,0.0,0.0,2035.5,0.0
0,190800,KELP,2035.0,4.0,2033.0,33.0,0.0,0.0,2036,30,0.0,0.0,0.0,0.0,2035.5,0.0
0,190900,KELP,2033.0,26.0,0.0,0.0,0.0,0.0,2036,26,0.0,0.0,0.0,0.0,2034.5,0.0
0,191000,KELP,2033.0,25.0,0.0,0.0,0.0,0.0,2036,25,0.0,0.0,0.0,0.0,2034.5,0.0
0,191100,KELP,2033.0,33.0,0.0,0.0,0.0,0.0,2036,29,0.0,0.0,0.0,0.0,2034.5,0.0
0,191200,KELP,2033.0,22.0,0.0,0.0,0.0,0.0,2036,22,0.0,0.0,0.0,0.0,2034.5,0.0
0,191300,KELP,2033.0,29.0,0.0,0.0,0.0,0.0,2036,26,0.0,0.0,0.0,0.0,2034.5,0.0
0,191400,KELP,2033.0,34.0,0.0,0.0,0.0,0.0,2036,29,0.0,0.0,0.0,0.0,2034.5,0.0
0,191500,KELP,2033.0,29.0,0.0,0.0,0.0,0.0,2036,29,0.0,0.0,0.0,0.0,2034.5,0.0
0,191600,KELP,2033.0,28.0,0.0,0.0,0.0,0.0,2036,28,0.0,0.0,0.0,0.0,2034.5,0.0
0,191700,KELP,2033.0,28.0,0.0,0.0,0.0,0.0,2036,28,0.0,0.0,0.0,0.0,2034.5,0.0
0,191800,KELP,2033.0,3.0,2032.0,28.0,0.0,0.0,2036,28,0.0,0.0,0.0,0.0,2034.5,0.0
0,191900,KELP,2033.0,2.0,2032.0,23.0,0.0,0.0,2036,25,0.0,0.0,0.0,0.0,2034.5,0.0
0,192000,KELP,2032.0,29.0,0.0,0.0,0.0,0.0,2035,29,0.0,0.0,0.0,0.0,2033.5,0.0
0,192100,KELP,2034.0,1.0,2033.0,2.0,2032.0,25.0,2035,2,2036.0,23.0,0.0,0.0,2034.5,0.0
0,192200,KELP,2035.0,1.0,2033.0,3.0,2032.0,27.0,2036,27,0.0,0.0,0.0,0.0,2035.5,0.0
0,192300,KELP,2035.0,1.0,2033.0,30.0,0.0,0.0,2036,26,0.0,0.0,0.0,0.0,2035.5,0.0
0,192400,KELP,2032.0,27.0,0.0,0.0,0.0,0.0,2036,27,0.0,0.0,0.0,0.0,2034.0,0.0
0,192500,KELP,2035.0,1.0,2033.0,2.0,2032.0,25.0,2036,25,0.0,0.0,0.0,0.0,2035.5,0.0
0,192600,KELP,2032.0,29.0,0.0,0.0,0.0,0.0,2036,29,0.0,0.0,0.0,0.0,2034.0,0.0
0,192700,KELP,2032.0,25.0,0.0,0.0,0.0,0.0,2036,25,0.0,0.0,0.0,0.0,2034.0,0.0
0,192800,KELP,2033.0,5.0,2032.0,20.0,0.0,0.0,2036,20,0.0,0.0,0.0,0.0,2034.5,0.0
0,192900,KELP,2033.0,1.0,2032.0,26.0,0.0,0.0,2036,26,0.0,0.0,0.0,0.0,2034.5,0.0
0,193000,KELP,2032.0,27.0,0.0,0.0,0.0,0.0,2033,3,2036.0,28.0,0.0,0.0,2032.5,0.0
0,193100,KELP,2032.0,34.0,0.0,0.0,0.0,0.0,2035,1,2036.0,26.0,0.0,0.0,2033.5,0.0
0,193200,KELP,2034.0,1.0,2032.0,24.0,0.0,0.0,2035,22,0.0,0.0,0.0,0.0,2034.5,0.0
0,193300,KELP,2032.0,26.0,0.0,0.0,0.0,0.0,2035,26,0.0,0.0,0.0,0.0,2033.5,0.0
0,193400,KELP,2032.0,27.0,0.0,0.0,0.0,0.0,2035,24,0.0,0.0,0.0,0.0,2033.5,0.0
0,193500,KELP,2032.0,24.0,0.0,0.0,0.0,0.0,2035,24,0.0,0.0,0.0,0.0,2033.5,0.0
0,193600,KELP,2032.0,25.0,0.0,0.0,0.0,0.0,2035,25,0.0,0.0,0.0,0.0,2033.5,0.0
0,193700,KELP,2032.0,21.0,0.0,0.0,0.0,0.0,2035,21,0.0,0.0,0.0,0.0,2033.5,0.0
0,193800,KELP,2032.0,23.0,0.0,0.0,0.0,0.0,2035,23,0.0,0.0,0.0,0.0,2033.5,0.0
0,193900,KELP,2032.0,31.0,0.0,0.0,0.0,0.0,2034,6,2035.0,31.0,0.0,0.0,2033.0,0.0
0,194000,KELP,2032.0,28.0,0.0,0.0,0.0,0.0,2034,4,2035.0,28.0,0.0,0.0,2033.0,0.0
0,194100,KELP,2032.0,31.0,0.0,0.0,0.0,0.0,2035,31,0.0,0.0,0.0,0.0,2033.5,0.0
0,194200,KELP,2032.0,31.0,0.0,0.0,0.0,0.0,2035,26,0.0,0.0,0.0,0.0,2033.5,0.0
0,194300,KELP,2031.0,26.0,0.0,0.0,0.0,0.0,2032,1,2035.0,26.0,0.0,0.0,2031.5,0.0
0,194400,KELP,2031.0,31.0,0.0,0.0,0.0,0.0,2035,31,0.0,0.0,0.0,0.0,2033.0,0.0
0,194500,KELP,2031.0,21.0,0.0,0.0,0.0,0.0,2034,21,0.0,0.0,0.0,0.0,2032.5,0.0
0,194600,KELP,2031.0,30.0,0.0,0.0,0.0,0.0,2033,7,2034.0,30.0,0.0,0.0,2032.0,0.0
0,194700,KELP,2031.0,36.0,0.0,0.0,0.0,0.0,2034,28,0.0,0.0,0.0,0.0,2032.5,0.0
0,194800,KELP,2031.0,30.0,0.0,0.0,0.0,0.0,2033,5,2034.0,30.0,0.0,0.0,2032.0,0.0
0,194900,KELP,2031.0,25.0,0.0,0.0,0.0,0.0,2033,7,2034.0,25.0,0.0,0.0,2032.0,0.0
0,195000,KELP,2031.0,27.0,0.0,0.0,0.0,0.0,2034,27,0.0,0.0,0.0,0.0,2032.5,0.0
0,195100,KELP,2031.0,29.0,0.0,0.0,0.0,0.0,2033,6,2034.0,1.0,2035.0,28.0,2032.0,0.0
0,195200,KELP,2031.0,21.0,0.0,0.0,0.0,0.0,2035,21,0.0,0.0,0.0,0.0,2033.0,0.0
0,195300,KELP,2033.0,3.0,2032.0,5.0,2031.0,30.0,2035,30,0.0,0.0,0.0,0.0,2034.0,0.0
0,195400,KELP,2031.0,25.0,0.0,0.0,0.0,0.0,2035,25,0.0,0.0,0.0,0.0,2033.0,0.0
0,195500,KELP,2031.0,21.0,0.0,0.0,0.0,0.0,2032,1,2035.0,21.0,0.0,0.0,2031.5,0.0
0,195600,KELP,2031.0,25.0,0.0,0.0,0.0,0.0,2032,2,2034.0,22.0,0.0,0.0,2031.5,0.0
0,195700,KELP,2033.0,5.0,2031.0,29.0,0.0,0.0,2034,29,0.0,0.0,0.0,0.0,2033.5,0.0
0,195800,KELP,2031.0,30.0,0.0,0.0,0.0,0.0,2034,1,2035.0,29.0,0.0,0.0,2032.5,0.0
0,195900,KELP,2031.0,24.0,0.0,0.0,0.0,0.0,2033,7,2035.0,24.0,0.0,0.0,2032.0,0.0
0,196000,KELP,2031.0,30.0,0.0,0.0,0.0,0.0,2033,1,2035.0,30.0,0.0,0.0,2032.0,0.0
0,196100,KELP,2031.0,28.0,0.0,0.0,0.0,0.0,2033,6,2035.0,28.0,0.0,0.0,2032.0,0.0
0,196200,KELP,2032.0,2.0,2031.0,23.0,0.0,0.0,2033,8,2035.0,25.0,0.0,0.0,2032.5,0.0
0,196300,KELP,2032.0,2.0,2031.0,24.0,0.0,0.0,2035,26,0.0,0.0,0.0,0.0,2033.5,0.0
0,196400,KELP,2031.0,22.0,0.0,0.0,0.0,0.0,2033,6,2035.0,22.0,0.0,0.0,2032.0,0.0
0,196500,KELP,2031.0,20.0,0.0,0.0,0.0,0.0,2035,20,0.0,0.0,0.0,0.0,2033.0,0.0
0,196600,KELP,2032.0,29.0,0.0,0.0,0.0,0.0,2035,24,0.0,0.0,0.0,0.0,2033.5,0.0
0,196700,KELP,2034.0,1.0,2032.0,10.0,2031.0,21.0,2035,23,0.0,0.0,0.0,0.0,2034.5,0.0
0,196800,KELP,2033.0,6.0,2031.0,28.0,0.0,0.0,2035,28,0.0,0.0,0.0,0.0,2034.0,0.0
0,196900,KELP,2031.0,26.0,0.0,0.0,0.0,0.0,2035,26,0.0,0.0,0.0,0.0,2033.0,0.0
0,197000,KELP,2032.0,1.0,2031.0,20.0,0.0,0.0,2035,21,0.0,0.0,0.0,0.0,2033.5,0.0
0,197100,KELP,2032.0,1.0,2031.0,23.0,0.0,0.0,2035,24,0.0,0.0,0.0,0.0,2033.5,0.0
0,197200,KELP,2032.0,26.0,0.0,0.0,0.0,0.0,2035,26,0.0,0.0,0.0,0.0,2033.5,0.0
0,197300,KELP,2032.0,28.0,0.0,0.0,0.0,0.0,2035,28,0.0,0.0,0.0,0.0,2033.5,0.0
0,197400,KELP,2032.0,21.0,0.0,0.0,0.0,0.0,2035,21,0.0,0.0,0.0,0.0,2033.5,0.0
0,197500,KELP,2032.0,29.0,0.0,0.0,0.0,0.0,2035,25,0.0,0.0,0.0,0.0,2033.5,0.0
0,197600,KELP,2032.0,26.0,0.0,0.0,0.0,0.0,2035,26,0.0,0.0,0.0,0.0,2033.5,0.0
0,197700,KELP,2032.0,22.0,0.0,0.0,0.0,0.0,2036,23,0.0,0.0,0.0,0.0,2034.0,0.0
0,197800,KELP,2032.0,22.0,0.0,0.0,0.0,0.0,2036,22,0.0,0.0,0.0,0.0,2034.0,0.0
0,197900,KELP,2035.0,1.0,2032.0,26.0,0.0,0.0,2036,26,0.0,0.0,0.0,0.0,2035.5,0.0
0,198000,KELP,2032.0,29.0,0.0,0.0,0.0,0.0,2035,28,0.0,0.0,0.0,0.0,2033.5,0.0
0,198100,KELP,2032.0,23.0,0.0,0.0,0.0,0.0,2035,23,0.0,0.0,0.0,0.0,2033.5,0.0
0,198200,KELP,2032.0,31.0,0.0,0.0,0.0,0.0,2036,31,0.0,0.0,0.0,0.0,2034.0,0.0
0,198300,KELP,2032.0,24.0,0.0,0.0,0.0,0.0,2036,24,0.0,0.0,0.0,0.0,2034.0,0.0
0,198400,KELP,2032.0,30.0,0.0,0.0,0.0,0.0,2033,2,2036.0,30.0,0.0,0.0,2032.5,0.0
0,198500,KELP,2032.0,32.0,0.0,0.0,0.0,0.0,2036,32,0.0,0.0,0.0,0.0,2034.0,0.0
0,198600,KELP,2033.0,1.0,2032.0,24.0,0.0,0.0,2036,25,0.0,0.0,0.0,0.0,2034.5,0.0
0,198700,KELP,2032.0,22.0,0.0,0.0,0.0,0.0,2036,22,0.0,0.0,0.0,0.0,2034.0,0.0
0,198800,KELP,2032.0,28.0,0.0,0.0,0.0,0.0,2036,28,0.0,0.0,0.0,0.0,2034.0,0.0
0,198900,KELP,2034.0,1.0,2033.0,1.0,2032.0,23.0,2036,23,0.0,0.0,0.0,0.0,2035.0,0.0
0,199000,KELP,2033.0,31.0,0.0,0.0,0.0,0.0,2036,32,0.0,0.0,0.0,0.0,2034.5,0.0
0,199100,KELP,2033.0,5.0,2032.0,23.0,0.0,0.0,2036,23,0.0,0.0,0.0,0.0,2034.5,0.0
0,199200,KELP,2033.0,2.0,2032.0,29.0,0.0,0.0,2036,31,0.0,0.0,0.0,0.0,2034.5,0.0
0,199300,KELP,2035.0,1.0,2033.0,1.0,2032.0,29.0,2036,30,0.0,0.0,0.0,0.0,2035.5,0.0
0,199400,KELP,2032.0,25.0,0.0,0.0,0.0,0.0,2034,8,2036.0,25.0,0.0,0.0,2033.0,0.0
0,199500,KELP,2033.0,1.0,2032.0,21.0,0.0,0.0,2036,22,0.0,0.0,0.0,0.0,2034.5,0.0
0,199600,KELP,2032.0,28.0,0.0,0.0,0.0,0.0,2035,6,2036.0,28.0,0.0,0.0,2033.5,0.0
0,199700,KELP,2032.0,30.0,0.0,0.0,0.0,0.0,2036,30,0.0,0.0,0.0,0.0,2034.0,0.0
0,199800,KELP,2033.0,1.0,2032.0,27.0,0.0,0.0,2036,28,0.0,0.0,0.0,0.0,2034.5,0.0
0,199900,KELP,2032.0,25.0,0.0,0.0,0.0,0.0,2036,25,0.0,0.0,0.0,0.0,2034.0,0.0
0,200000,KELP,2034.0,9.0,2032.0,24.0,0.0,0.0,2036,24,0.0,0.0,0.0,0.0,2035.0,0.0
0,200100,KELP,2033.0,30.0,0.0,0.0,0.0,0.0,2035,3,2036.0,32.0,0.0,0.0,2034.0,0.0
0,200200,KELP,2033.0,29.0,0.0,0.0,0.0,0.0,2036,29,0.0,0.0,0.0,0.0,2034.5,0.0
0,200300,KELP,2032.0,26.0,0.0,0.0,0.0,0.0,2033,1,2036.0,26.0,0.0,0.0,2032.5,0.0
0,200400,KELP,2033.0,6.0,2032.0,31.0,0.0,0.0,2036,31,0.0,0.0,0.0,0.0,2034.5,0.0
0,200500,KELP,2032.0,29.0,0.0,0.0,0.0,0.0,2036,29,0.0,0.0,0.0,0.0,2034.0,0.0
0,200600,KELP,2032.0,22.0,0.0,0.0,0.0,0.0,2034,10,2036.0,22.0,0.0,0.0,2033.0,0.0
0,200700,KELP,2032.0,29.0,0.0,0.0,0.0,0.0,2036,29,0.0,0.0,0.0,0.0,2034.0,0.0
0,200800,KELP,2032.0,25.0,0.0,0.0,0.0,0.0,2036,24,0.0,0.0,0.0,0.0,2034.0,0.0
0,200900,KELP,2032.0,29.0,0.0,0.0,0.0,0.0,2033,1,2036.0,29.0,0.0,0.0,2032.5,0.0
0,201000,KELP,2033.0,2.0,2032.0,27.0,0.0,0.0,2036,27,0.0,0.0,0.0,0.0,2034.5,0.0
0,201100,KELP,2032.0,25.0,0.0,0.0,0.0,0.0,2036,25,0.0,0.0,0.0,0.0,2034.0,0.0
0,201200,KELP,2032.0,28.0,0.0,0.0,0.0,0.0,2034,7,2036.0,28.0,0.0,0.0,2033.0,0.0
0,201300,KELP,2032.0,22.0,0.0,0.0,0.0,0.0,2036,22,0.0,0.0,0.0,0.0,2034.0,0.0
0,201400,KELP,2032.0,31.0,0.0,0.0,0.0,0.0,2036,31,0.0,0.0,0.0,0.0,2034.0,0.0
0,201500,KELP,2032.0,20.0,0.0,0.0,0.0,0.0,2036,20,0.0,0.0,0.0,0.0,2034.0,0.0
0,201600,KELP,2032.0,21.0,0.0,0.0,0.0,0.0,2036,21,0.0,0.0,0.0,0.0,2034.0,0.0
0,201700,KELP,2033.0,29.0,0.0,0.0,0.0,0.0,2036,29,0.0,0.0,0.0,0.0,2034.5,0.0
0,201800,KELP,2033.0,1.0,2032.0,21.0,0.0,0.0,2034,2,2036.0,22.0,0.0,0.0,2033.5,0.0
0,201900,KELP,2033.0,31.0,0.0,0.0,0.0,0.0,2036,31,0.0,0.0,0.0,0.0,2034.5,0.0
0,202000,KELP,2032.0,28.0,0.0,0.0,0.0,0.0,2036,28,0.0,0.0,0.0,0.0,2034.0,0.0
0,202100,KELP,2032.0,23.0,0.0,0.0,0.0,0.0,2035,24,0.0,0.0,0.0,0.0,2033.5,0.0
0,202200,KELP,2033.0,5.0,2032.0,21.0,0.0,0.0,2035,21,0.0,0.0,0.0,0.0,2034.0,0.0
0,202300,KELP,2032.0,34.0,0.0,0.0,0.0,0.0,2035,30,0.0,0.0,0.0,0.0,2033.5,0.0
0,202400,KELP,2034.0,1.0,2032.0,29.0,0.0,0.0,2035,28,0.0,0.0,0.0,0.0,2034.5,0.0
0,202500,KELP,2033.0,3.0,2032.0,23.0,0.0,0.0,2035,2,2036.0,21.0,0.0,0.0,2034.0,0.0
0,202600,KELP,2032.0,29.0,0.0,0.0,0.0,0.0,2035,1,2036.0,28.0,0.0,0.0,2033.5,0.0
0,202700,KELP,2032.0,22.0,0.0,0.0,0.0,0.0,2036,22,0.0,0.0,0.0,0.0,2034.0,0.0
0,202800,KELP,2032.0,22.0,0.0,0.0,0.0,0.0,2035,22,0.0,0.0,0.0,0.0,2033.5,0.0
0,202900,KELP,2032.0,28.0,0.0,0.0,0.0,0.0,2036,28,0.0,0.0,0.0,0.0,2034.0,0.0
0,203000,KELP,2034.0,1.0,2032.0,25.0,0.0,0.0,2035,24,0.0,0.0,0.0,0.0,2034.5,0.0
0,203100,KELP,2032.0,24.0,0.0,0.0,0.0,0.0,2035,24,0.0,0.0,0.0,0.0,2033.5,0.0
0,203200,KELP,2032.0,30.0,0.0,0.0,0.0,0.0,2035,25,0.0,0.0,0.0,0.0,2033.5,0.0
0,203300,KELP,2032.0,31.0,0.0,0.0,0.0,0.0,2033,2,2035.0,25.0,0.0,0.0,2032.5,0.0
0,203400,KELP,2032.0,30.0,0.0,0.0,0.0,0.0,2035,30,0.0,0.0,0.0,0.0,2033.5,0.0
0,203500,KELP,2032.0,29.0,0.0,0.0,0.0,0.0,2035,29,0.0,0.0,0.0,0.0,2033.5,0.0
0,203600,KELP,2032.0,26.0,0.0,0.0,0.0,0.0,2035,26,0.0,0.0,0.0,0.0,2033.5,0.0
0,203700,KELP,2034.0,1.0,2032.0,23.0,0.0,0.0,2035,23,0.0,0.0,0.0,0.0,2034.5,0.0
0,203800,KELP,2033.0,6.0,2032.0,21.0,0.0,0.0,2035,21,0.0,0.0,0.0,0.0,2034.0,0.0
0,203900,KELP,2032.0,27.0,0.0,0.0,0.0,0.0,2034,7,2035.0,27.0,0.0,0.0,2033.0,0.0
0,204000,KELP,2034.0,2.0,2032.0,30.0,0.0,0.0,2035,30,0.0,0.0,0.0,0.0,2034.5,0.0
0,204100,KELP,2032.0,21.0,0.0,0.0,0.0,0.0,2034,4,2035.0,21.0,0.0,0.0,2033.0,0.0
0,204200,KELP,2032.0,25.0,0.0,0.0,0.0,0.0,2035,25,0.0,0.0,0.0,0.0,2033.5,0.0
0,204300,KELP,2032.0,21.0,0.0,0.0,0.0,0.0,2035,21,0.0,0.0,0.0,0.0,2033.5,0.0
0,204400,KELP,2032.0,30.0,0.0,0.0,0.0,0.0,2034,1,2035.0,1.0,2036.0,29.0,2033.0,0.0
0,204500,KELP,2032.0,21.0,0.0,0.0,0.0,0.0,2034,2,2035.0,1.0,2036.0,20.0,2033.0,0.0
0,204600,KELP,2032.0,31.0,0.0,0.0,0.0,0.0,2034,3,2035.0,31.0,0.0,0.0,2033.0,0.0
0,204700,KELP,2032.0,24.0,0.0,0.0,0.0,0.0,2036,24,0.0,0.0,0.0,0.0,2034.0,0.0
0,204800,KELP,2032.0,27.0,0.0,0.0,0.0,0.0,2034,2,2036.0,27.0,0.0,0.0,2033.0,0.0
0,204900,KELP,2032.0,28.0,0.0,0.0,0.0,0.0,2034,4,2036.0,28.0,0.0,0.0,2033.0,0.0
0,205000,KELP,2032.0,27.0,0.0,0.0,0.0,0.0,2035,28,0.0,0.0,0.0,0.0,2033.5,0.0
0,205100,KELP,2034.0,2.0,2032.0,22.0,0.0,0.0,2036,22,0.0,0.0,0.0,0.0,2035.0,0.0
0,205200,KELP,2033.0,28.0,0.0,0.0,0.0,0.0,2036,28,0.0,0.0,0.0,0.0,2034.5,0.0
0,205300,KELP,2033.0,22.0,0.0,0.0,0.0,0.0,2036,22,0.0,0.0,0.0,0.0,2034.5,0.0
0,205400,KELP,2035.0,1.0,2033.0,23.0,0.0,0.0,2036,23,0.0,0.0,0.0,0.0,2035.5,0.0
0,205500,KELP,2033.0,29.0,0.0,0.0,0.0,0.0,2036,29,0.0,0.0,0.0,0.0,2034.5,0.0
0,205600,KELP,2033.0,24.0,0.0,0.0,0.0,0.0,2036,24,0.0,0.0,0.0,0.0,2034.5,0.0
0,205700,KELP,2033.0,30.0,0.0,0.0,0.0,0.0,2035,4,2036.0,30.0,0.0,0.0,2034.0,0.0
0,205800,KELP,2033.0,33.0,0.0,0.0,0.0,0.0,2036,29,0.0,0.0,0.0,0.0,2034.5,0.0
0,205900,KELP,2033.0,34.0,0.0,0.0,0.0,0.0,2036,28,0.0,0.0,0.0,0.0,2034.5,0.0
0,206000,KELP,2033.0,28.0,0.0,0.0,0.0,0.0,2036,28,0.0,0.0,0.0,0.0,2034.5,0.0
0,206100,KELP,2033.0,28.0,0.0,0.0,0.0,0.0,2036,28,0.0,0.0,0.0,0.0,2034.5,0.0
0,206200,KELP,2033.0,25.0,0.0,0.0,0.0,0.0,2036,25,0.0,0.0,0.0,0.0,2034.5,0.0
0,206300,KELP,2033.0,28.0,0.0,0.0,0.0,0.0,2036,28,0.0,0.0,0.0,0.0,2034.5,0.0
0,206400,KELP,2033.0,25.0,0.0,0.0,0.0,0.0,2036,25,0.0,0.0,0.0,0.0,2034.5,0.0
0,206500,KELP,2033.0,30.0,0.0,0.0,0.0,0.0,2036,30,0.0,0.0,0.0,0.0,2034.5,0.0
0,206600,KELP,2033.0,27.0,0.0,0.0,0.0,0.0,2036,27,0.0,0.0,0.0,0.0,2034.5,0.0
0,206700,KELP,2032.0,25.0,0.0,0.0,0.0,0.0,2033,3,2036.0,27.0,0.0,0.0,2032.5,0.0
0,206800,KELP,2033.0,1.0,2032.0,23.0,0.0,0.0,2035,2,2036.0,21.0,0.0,0.0,2034.0,0.0
0,206900,KELP,2032.0,28.0,0.0,0.0,0.0,0.0,2036,28,0.0,0.0,0.0,0.0,2034.0,0.0
0,207000,KELP,2032.0,22.0,0.0,0.0,0.0,0.0,2036,23,0.0,0.0,0.0,0.0,2034.0,0.0
0,207100,KELP,2032.0,32.0,0.0,0.0,0.0,0.0,2035,2,2036.0,24.0,0.0,0.0,2033.5,0.0
0,207200,KELP,2033.0,2.0,2032.0,27.0,0.0,0.0,2036,27,0.0,0.0,0.0,0.0,2034.5,0.0
0,207300,KELP,2033.0,5.0,2032.0,27.0,0.0,0.0,2035,1,2036.0,26.0,0.0,0.0,2034.0,0.0
0,207400,KELP,2032.0,30.0,0.0,0.0,0.0,0.0,2036,30,0.0,0.0,0.0,0.0,2034.0,0.0
0,207500,KELP,2032.0,23.0,0.0,0.0,0.0,0.0,2035,23,0.0,0.0,0.0,0.0,2033.5,0.0
0,207600,KELP,2034.0,8.0,2032.0,36.0,0.0,0.0,2035,30,0.0,0.0,0.0,0.0,2034.5,0.0
0,207700,KELP,2032.0,1.0,2031.0,30.0,0.0,0.0,2035,31,0.0,0.0,0.0,0.0,2033.5,0.0
0,207800,KELP,2034.0,1.0,2032.0,24.0,0.0,0.0,2035,24,0.0,0.0,0.0,0.0,2034.5,0.0
0,207900,KELP,2032.0,19.0,0.0,0.0,0.0,0.0,2035,20,0.0,0.0,0.0,0.0,2033.5,0.0
0,208000,KELP,2032.0,28.0,0.0,0.0,0.0,0.0,2035,25,0.0,0.0,0.0,0.0,2033.5,0.0
0,208100,KELP,2032.0,34.0,0.0,0.0,0.0,0.0,2035,31,0.0,0.0,0.0,0.0,2033.5,0.0
0,208200,KELP,2032.0,28.0,0.0,0.0,0.0,0.0,2035,28,0.0,0.0,0.0,0.0,2033.5,0.0
0,208300,KELP,2032.0,22.0,0.0,0.0,0.0,0.0,2035,23,0.0,0.0,0.0,0.0,2033.5,0.0
0,208400,KELP,2032.0,24.0,0.0,0.0,0.0,0.0,2035,24,0.0,0.0,0.0,0.0,2033.5,0.0
0,208500,KELP,2032.0,20.0,0.0,0.0,0.0,0.0,2035,20,0.0,0.0,0.0,0.0,2033.5,0.0
0,208600,KELP,2032.0,1.0,2031.0,28.0,0.0,0.0,2035,29,0.0,0.0,0.0,0.0,2033.5,0.0
0,208700,KELP,2032.0,33.0,0.0,0.0,0.0,0.0,2035,26,0.0,0.0,0.0,0.0,2033.5,0.0
0,208800,KELP,2032.0,26.0,0.0,0.0,0.0,0.0,2035,26,0.0,0.0,0.0,0.0,2033.5,0.0
0,208900,KELP,2032.0,26.0,0.0,0.0,0.0,0.0,2033,2,2035.0,27.0,0.0,0.0,2032.5,0.0
0,209000,KELP,2034.0,1.0,2032.0,2.0,2031.0,24.0,2035,26,0.0,0.0,0.0,0.0,2034.5,0.0
0,209100,KELP,2031.0,27.0,0.0,0.0,0.0,0.0,2034,2,2035.0,25.0,0.0,0.0,2032.5,0.0
0,209200,KELP,2031.0,26.0,0.0,0.0,0.0,0.0,2034,26,0.0,0.0,0.0,0.0,2032.5,0.0
0,209300,KELP,2031.0,32.0,0.0,0.0,0.0,0.0,2033,3,2034.0,32.0,0.0,0.0,2032.0,0.0
0,209400,KELP,2031.0,32.0,0.0,0.0,0.0,0.0,2034,32,0.0,0.0,0.0,0.0,2032.5,0.0
0,209500,KELP,2031.0,24.0,0.0,0.0,0.0,0.0,2034,24,0.0,0.0,0.0,0.0,2032.5,0.0
0,209600,KELP,2031.0,26.0,0.0,0.0,0.0,0.0,2034,26,0.0,0.0,0.0,0.0,2032.5,0.0
0,209700,KELP,2031.0,28.0,0.0,0.0,0.0,0.0,2033,3,2034.0,29.0,0.0,0.0,2032.0,0.0
0,209800,KELP,2033.0,3.0,2031.0,24.0,0.0,0.0,2034,24,0.0,0.0,0.0,0.0,2033.5,0.0
0,209900,KELP,2031.0,29.0,0.0,0.0,0.0,0.0,2033,1,2034.0,29.0,0.0,0.0,2032.0,0.0
0,210000,KELP,2031.0,24.0,0.0,0.0,0.0,0.0,2033,8,2034.0,27.0,0.0,0.0,2032.0,0.0
0,210100,KELP,2031.0,23.0,0.0,0.0,0.0,0.0,2033,6,2034.0,24.0,0.0,0.0,2032.0,0.0
0,210200,KELP,2030.0,29.0,0.0,0.0,0.0,0.0,2034,29,0.0,0.0,0.0,0.0,2032.0,0.0
0,210300,KELP,2030.0,31.0,0.0,0.0,0.0,0.0,2034,32,0.0,0.0,0.0,0.0,2032.0,0.0
0,210400,KELP,2030.0,26.0,0.0,0.0,0.0,0.0,2033,1,2034.0,26.0,0.0,0.0,2031.5,0.0
0,210500,KELP,2032.0,5.0,2031.0,7.0,2030.0,22.0,2033,2,2034.0,20.0,0.0,0.0,2032.5,0.0
0,210600,KELP,2030.0,24.0,0.0,0.0,0.0,0.0,2034,24,0.0,0.0,0.0,0.0,2032.0,0.0
0,210700,KELP,2030.0,30.0,0.0,0.0,0.0,0.0,2034,30,0.0,0.0,0.0,0.0,2032.0,0.0
0,210800,KELP,2031.0,2.0,2030.0,25.0,0.0,0.0,2034,26,0.0,0.0,0.0,0.0,2032.5,0.0
0,210900,KELP,2031.0,2.0,2030.0,24.0,0.0,0.0,2034,26,0.0,0.0,0.0,0.0,2032.5,0.0
0,211000,KELP,2031.0,22.0,0.0,0.0,0.0,0.0,2034,22,0.0,0.0,0.0,0.0,2032.5,0.0
0,211100,KELP,2031.0,24.0,0.0,0.0,0.0,0.0,2034,24,0.0,0.0,0.0,0.0,2032.5,0.0
0,211200,KELP,2031.0,28.0,0.0,0.0,0.0,0.0,2034,28,0.0,0.0,0.0,0.0,2032.5,0.0
0,211300,KELP,2031.0,27.0,0.0,0.0,0.0,0.0,2034,27,0.0,0.0,0.0,0.0,2032.5,0.0
0,211400,KELP,2031.0,27.0,0.0,0.0,0.0,0.0,2034,2,2035.0,21.0,0.0,0.0,2032.5,0.0
0,211500,KELP,2032.0,6.0,2031.0,30.0,0.0,0.0,2035,30,0.0,0.0,0.0,0.0,2033.5,0.0
0,211600,KELP,2032.0,6.0,2031.0,30.0,0.0,0.0,2035,30,0.0,0.0,0.0,0.0,2033.5,0.0
0,211700,KELP,2032.0,32.0,0.0,0.0,0.0,0.0,2034,7,2035.0,32.0,0.0,0.0,2033.0,0.0
0,211800,KELP,2032.0,21.0,0.0,0.0,0.0,0.0,2035,22,0.0,0.0,0.0,0.0,2033.5,0.0
0,211900,KELP,2032.0,24.0,0.0,0.0,0.0,0.0,2035,24,0.0,0.0,0.0,0.0,2033.5,0.0
0,212000,KELP,2032.0,24.0,0.0,0.0,0.0,0.0,2035,24,0.0,0.0,0.0,0.0,2033.5,0.0
0,212100,KELP,2034.0,5.0,2032.0,20.0,0.0,0.0,2036,20,0.0,0.0,0.0,0.0,2035.0,0.0
0,212200,KELP,2033.0,1.0,2032.0,24.0,0.0,0.0,2035,1,2036.0,23.0,0.0,0.0,2034.0,0.0
0,212300,KELP,2034.0,4.0,2032.0,23.0,0.0,0.0,2036,23,0.0,0.0,0.0,0.0,2035.0,0.0
0,212400,KELP,2032.0,22.0,0.0,0.0,0.0,0.0,2036,22,0.0,0.0,0.0,0.0,2034.0,0.0
0,212500,KELP,2032.0,25.0,0.0,0.0,0.0,0.0,2034,6,2036.0,25.0,0.0,0.0,2033.0,0.0
0,212600,KELP,2033.0,29.0,0.0,0.0,0.0,0.0,2036,29,0.0,0.0,0.0,0.0,2034.5,0.0
0,212700,KELP,2033.0,21.0,0.0,0.0,0.0,0.0,2036,21,0.0,0.0,0.0,0.0,2034.5,0.0
0,212800,KELP,2033.0,19.0,0.0,0.0,0.0,0.0,2036,20,0.0,0.0,0.0,0.0,2034.5,0.0
0,212900,KELP,2033.0,26.0,0.0,0.0,0.0,0.0,2036,26,0.0,0.0,0.0,0.0,2034.5,0.0
0,213000,KELP,2033.0,30.0,0.0,0.0,0.0,0.0,2036,30,0.0,0.0,0.0,0.0,2034.5,0.0
0,213100,KELP,2033.0,31.0,0.0,0.0,0.0,0.0,2036,26,0.0,0.0,0.0,0.0,2034.5,0.0
0,213200,KELP,2033.0,26.0,0.0,0.0,0.0,0.0,2036,20,0.0,0.0,0.0,0.0,2034.5,0.0
0,213300,KELP,2033.0,25.0,0.0,0.0,0.0,0.0,2036,25,0.0,0.0,0.0,0.0,2034.5,0.0
0,213400,KELP,2033.0,40.0,0.0,0.0,0.0,0.0,2036,32,0.0,0.0,0.0,0.0,2034.5,0.0
0,213500,KELP,2033.0,23.0,0.0,0.0,0.0,0.0,2035,7,2036.0,23.0,0.0,0.0,2034.0,0.0
0,213600,KELP,2033.0,21.0,0.0,0.0,0.0,0.0,2036,21,0.0,0.0,0.0,0.0,2034.5,0.0
0,213700,KELP,2033.0,29.0,0.0,0.0,0.0,0.0,2037,29,0.0,0.0,0.0,0.0,2035.0,0.0
0,213800,KELP,2034.0,2.0,2033.0,29.0,0.0,0.0,2035,4,2037.0,31.0,0.0,0.0,2034.5,0.0
0,213900,KELP,2034.0,1.0,2033.0,20.0,0.0,0.0,2037,22,0.0,0.0,0.0,0.0,2035.5,0.0
0,214000,KELP,2033.0,24.0,0.0,0.0,0.0,0.0,2037,24,0.0,0.0,0.0,0.0,2035.0,0.0
0,214100,KELP,2033.0,23.0,0.0,0.0,0.0,0.0,2036,23,0.0,0.0,0.0,0.0,2034.5,0.0
0,214200,KELP,2033.0,31.0,0.0,0.0,0.0,0.0,2036,29,0.0,0.0,0.0,0.0,2034.5,0.0
0,214300,KELP,2033.0,25.0,0.0,0.0,0.0,0.0,2035,6,2036.0,25.0,0.0,0.0,2034.0,0.0
0,214400,KELP,2033.0,1.0,2032.0,20.0,0.0,0.0,2036,21,0.0,0.0,0.0,0.0,2034.5,0.0
0,214500,KELP,2033.0,1.0,2032.0,23.0,0.0,0.0,2036,24,0.0,0.0,0.0,0.0,2034.5,0.0
0,214600,KELP,2033.0,1.0,2032.0,26.0,0.0,0.0,2036,26,0.0,0.0,0.0,0.0,2034.5,0.0
0,214700,KELP,2032.0,28.0,0.0,0.0,0.0,0.0,2036,28,0.0,0.0,0.0,0.0,2034.0,0.0
0,214800,KELP,2032.0,28.0,0.0,0.0,0.0,0.0,2033,3,2035.0,2.0,2036.0,26.0,2032.5,0.0
0,214900,KELP,2032.0,22.0,0.0,0.0,0.0,0.0,2035,22,0.0,0.0,0.0,0.0,2033.5,0.0
0,215000,KELP,2032.0,27.0,0.0,0.0,0.0,0.0,2035,27,0.0,0.0,0.0,0.0,2033.5,0.0
0,215100,KELP,2032.0,26.0,0.0,0.0,0.0,0.0,2035,26,0.0,0.0,0.0,0.0,2033.5,0.0
0,215200,KELP,2031.0,20.0,0.0,0.0,0.0,0.0,2032,4,2035.0,20.0,0.0,0.0,2031.5,0.0
0,215300,KELP,2032.0,2.0,2031.0,25.0,0.0,0.0,2035,25,0.0,0.0,0.0,0.0,2033.5,0.0
0,215400,KELP,2031.0,30.0,0.0,0.0,0.0,0.0,2032,5,2033.0,5.0,2035.0,30.0,2031.5,0.0
0,215500,KELP,2032.0,1.0,2031.0,26.0,0.0,0.0,2033,1,2035.0,27.0,0.0,0.0,2032.5,0.0
0,215600,KELP,2032.0,1.0,2031.0,28.0,0.0,0.0,2035,29,0.0,0.0,0.0,0.0,2033.5,0.0
0,215700,KELP,2032.0,1.0,2031.0,21.0,0.0,0.0,2035,21,0.0,0.0,0.0,0.0,2033.5,0.0
0,215800,KELP,2031.0,28.0,0.0,0.0,0.0,0.0,2032,1,2035.0,28.0,0.0,0.0,2031.5,0.0
0,215900,KELP,2032.0,27.0,0.0,0.0,0.0,0.0,2035,27,0.0,0.0,0.0,0.0,2033.5,0.0
0,216000,KELP,2034.0,8.0,2032.0,28.0,0.0,0.0,2035,28,0.0,0.0,0.0,0.0,2034.5,0.0
0,216100,KELP,2034.0,1.0,2031.0,31.0,0.0,0.0,2035,31,0.0,0.0,0.0,0.0,2034.5,0.0
0,216200,KELP,2032.0,23.0,0.0,0.0,0.0,0.0,2035,23,0.0,0.0,0.0,0.0,2033.5,0.0
0,216300,KELP,2032.0,22.0,0.0,0.0,0.0,0.0,2035,22,0.0,0.0,0.0,0.0,2033.5,0.0
0,216400,KELP,2031.0,25.0,0.0,0.0,0.0,0.0,2032,3,2035.0,25.0,0.0,0.0,2031.5,0.0
0,216500,KELP,2031.0,23.0,0.0,0.0,0.0,0.0,2032,2,2033.0,2.0,2035.0,24.0,2031.5,0.0
0,216600,KELP,2031.0,25.0,0.0,0.0,0.0,0.0,2033,5,2034.0,25.0,0.0,0.0,2032.0,0.0
0,216700,KELP,2031.0,24.0,0.0,0.0,0.0,0.0,2034,24,0.0,0.0,0.0,0.0,2032.5,0.0
0,216800,KELP,2031.0,28.0,0.0,0.0,0.0,0.0,2035,28,0.0,0.0,0.0,0.0,2033.0,0.0
0,216900,KELP,2031.0,15.0,0.0,0.0,0.0,0.0,2034,22,0.0,0.0,0.0,0.0,2032.5,0.0
0,217000,KELP,2031.0,22.0,0.0,0.0,0.0,0.0,2033,2,2034.0,1.0,2035.0,21.0,2032.0,0.0
0,217100,KELP,2032.0,1.0,2031.0,23.0,0.0,0.0,2035,23,0.0,0.0,0.0,0.0,2033.5,0.0
0,217200,KELP,2031.0,27.0,0.0,0.0,0.0,0.0,2035,27,0.0,0.0,0.0,0.0,2033.0,0.0
0,217300,KELP,2032.0,2.0,2031.0,24.0,0.0,0.0,2035,26,0.0,0.0,0.0,0.0,2033.5,0.0
0,217400,KELP,2032.0,4.0,2031.0,22.0,0.0,0.0,2035,22,0.0,0.0,0.0,0.0,2033.5,0.0
0,217500,KELP,2032.0,1.0,2031.0,22.0,0.0,0.0,2035,23,0.0,0.0,0.0,0.0,2033.5,0.0
0,217600,KELP,2032.0,24.0,0.0,0.0,0.0,0.0,2035,24,0.0,0.0,0.0,0.0,2033.5,0.0
0,217700,KELP,2034.0,1.0,2032.0,28.0,0.0,0.0,2035,28,0.0,0.0,0.0,0.0,2034.5,0.0
0,217800,KELP,2032.0,5.0,2031.0,29.0,0.0,0.0,2035,30,0.0,0.0,0.0,0.0,2033.5,0.0
0,217900,KELP,2032.0,26.0,0.0,0.0,0.0,0.0,2035,26,0.0,0.0,0.0,0.0,2033.5,0.0
0,218000,KELP,2032.0,24.0,0.0,0.0,0.0,0.0,2035,24,0.0,0.0,0.0,0.0,2033.5,0.0
0,218100,KELP,2032.0,30.0,0.0,0.0,0.0,0.0,2035,30,0.0,0.0,0.0,0.0,2033.5,0.0
0,218200,KELP,2032.0,26.0,0.0,0.0,0.0,0.0,2035,27,0.0,0.0,0.0,0.0,2033.5,0.0
0,218300,KELP,2032.0,25.0,0.0,0.0,0.0,0.0,2035,25,0.0,0.0,0.0,0.0,2033.5,0.0
0,218400,KELP,2032.0,34.0,0.0,0.0,0.0,0.0,2035,27,0.0,0.0,0.0,0.0,2033.5,0.0
0,218500,KELP,2032.0,2.0,2031.0,23.0,0.0,0.0,2035,25,0.0,0.0,0.0,0.0,2033.5,0.0
0,218600,KELP,2032.0,31.0,0.0,0.0,0.0,0.0,2035,31,0.0,0.0,0.0,0.0,2033.5,0.0
0,218700,KELP,2032.0,27.0,0.0,0.0,0.0,0.0,2034,6,2035.0,27.0,0.0,0.0,2033.0,0.0
0,218800,KELP,2032.0,30.0,0.0,0.0,0.0,0.0,2035,22,0.0,0.0,0.0,0.0,2033.5,0.0
0,218900,KELP,2032.0,31.0,0.0,0.0,0.0,0.0,2034,6,2035.0,1.0,2036.0,30.0,2033.0,0.0
0,219000,KELP,2032.0,25.0,0.0,0.0,0.0,0.0,2035,2,2036.0,23.0,0.0,0.0,2033.5,0.0
0,219100,KELP,2032.0,26.0,0.0,0.0,0.0,0.0,2035,1,2036.0,25.0,0.0,0.0,2033.5,0.0
0,219200,KELP,2032.0,23.0,0.0,0.0,0.0,0.0,2034,2,2035.0,23.0,0.0,0.0,2033.0,0.0
0,219300,KELP,2032.0,22.0,0.0,0.0,0.0,0.0,2035,22,0.0,0.0,0.0,0.0,2033.5,0.0
0,219400,KELP,2032.0,23.0,0.0,0.0,0.0,0.0,2034,4,2035.0,23.0,0.0,0.0,2033.0,0.0
0,219500,KELP,2032.0,28.0,0.0,0.0,0.0,0.0,2035,1,2036.0,27.0,0.0,0.0,2033.5,0.0
0,219600,KELP,2032.0,20.0,0.0,0.0,0.0,0.0,2034,4,2036.0,20.0,0.0,0.0,2033.0,0.0
0,219700,KELP,2032.0,28.0,0.0,0.0,0.0,0.0,2036,28,0.0,0.0,0.0,0.0,2034.0,0.0
0,219800,KELP,2032.0,26.0,0.0,0.0,0.0,0.0,2036,26,0.0,0.0,0.0,0.0,2034.0,0.0
0,219900,KELP,2032.0,26.0,0.0,0.0,0.0,0.0,2034,3,2036.0,26.0,0.0,0.0,2033.0,0.0
0,220000,KELP,2043.0,26.0,0.0,0.0,0.0,0.0,2046,26,0.0,0.0,0.0,0.0,2044.5,0.0
0,220100,KELP,2039.0,30.0,0.0,0.0,0.0,0.0,2042,30,0.0,0.0,0.0,0.0,2040.5,0.0
0,220200,KELP,2038.0,24.0,0.0,0.0,0.0,0.0,2041,24,0.0,0.0,0.0,0.0,2039.5,0.0
0,220300,KELP,2037.0,32.0,0.0,0.0,0.0,0.0,2041,32,0.0,0.0,0.0,0.0,2039.0,0.0
0,220400,KELP,2037.0,30.0,0.0,0.0,0.0,0.0,2040,30,0.0,0.0,0.0,0.0,2038.5,0.0
0,220500,KELP,2037.0,1.0,2036.0,21.0,0.0,0.0,2040,22,0.0,0.0,0.0,0.0,2038.5,0.0
0,220600,KELP,2037.0,23.0,0.0,0.0,0.0,0.0,2039,1,2041.0,23.0,0.0,0.0,2038.0,0.0
0,220700,KELP,2039.0,2.0,2038.0,21.0,0.0,0.0,2042,21,0.0,0.0,0.0,0.0,2040.5,0.0
0,220800,KELP,2039.0,29.0,0.0,0.0,0.0,0.0,2042,22,0.0,0.0,0.0,0.0,2040.5,0.0
0,220900,KELP,2038.0,27.0,0.0,0.0,0.0,0.0,2040,4,2041.0,27.0,0.0,0.0,2039.0,0.0
0,221000,KELP,2038.0,3.0,2037.0,30.0,0.0,0.0,2041,30,0.0,0.0,0.0,0.0,2039.5,0.0
0,221100,KELP,2037.0,30.0,0.0,0.0,0.0,0.0,2040,30,0.0,0.0,0.0,0.0,2038.5,0.0
0,221200,KELP,2037.0,7.0,2036.0,21.0,0.0,0.0,2040,21,0.0,0.0,0.0,0.0,2038.5,0.0
0,221300,KELP,2036.0,30.0,0.0,0.0,0.0,0.0,2039,30,0.0,0.0,0.0,0.0,2037.5,0.0
0,221400,KELP,2036.0,26.0,0.0,0.0,0.0,0.0,2039,26,0.0,0.0,0.0,0.0,2037.5,0.0
0,221500,KELP,2037.0,29.0,0.0,0.0,0.0,0.0,2040,29,0.0,0.0,0.0,0.0,2038.5,0.0
0,221600,KELP,2038.0,1.0,2037.0,26.0,0.0,0.0,2041,27,0.0,0.0,0.0,0.0,2039.5,0.0
0,221700,KELP,2038.0,24.0,0.0,0.0,0.0,0.0,2041,24,0.0,0.0,0.0,0.0,2039.5,0.0
0,221800,KELP,2038.0,2.0,2037.0,24.0,0.0,0.0,2041,24,0.0,0.0,0.0,0.0,2039.5,0.0
0,221900,KELP,2036.0,24.0,0.0,0.0,0.0,0.0,2040,24,0.0,0.0,0.0,0.0,2038.0,0.0
0,222000,KELP,2036.0,32.0,0.0,0.0,0.0,0.0,2039,26,0.0,0.0,0.0,0.0,2037.5,0.0
0,222100,KELP,2036.0,22.0,0.0,0.0,0.0,0.0,2038,5,2039.0,22.0,0.0,0.0,2037.0,0.0
0,222200,KELP,2036.0,23.0,0.0,0.0,0.0,0.0,2040,23,0.0,0.0,0.0,0.0,2038.0,0.0
0,222300,KELP,2037.0,20.0,0.0,0.0,0.0,0.0,2040,20,0.0,0.0,0.0,0.0,2038.5,0.0
0,222400,KELP,2036.0,28.0,0.0,0.0,0.0,0.0,2037,3,2040.0,30.0,0.0,0.0,2036.5,0.0
0,222500,KELP,2038.0,1.0,2037.0,29.0,0.0,0.0,2041,30,0.0,0.0,0.0,0.0,2039.5,0.0
0,222600,KELP,2037.0,31.0,0.0,0.0,0.0,0.0,2040,2,2041.0,29.0,0.0,0.0,2038.5,0.0
0,222700,KELP,2039.0,4.0,2037.0,22.0,0.0,0.0,2040,22,0.0,0.0,0.0,0.0,2039.5,0.0
0,222800,KELP,2037.0,22.0,0.0,0.0,0.0,0.0,2039,7,2040.0,22.0,0.0,0.0,2038.0,0.0
0,222900,KELP,2037.0,32.0,0.0,0.0,0.0,0.0,2040,32,0.0,0.0,0.0,0.0,2038.5,0.0
0,223000,KELP,2037.0,22.0,0.0,0.0,0.0,0.0,2040,23,0.0,0.0,0.0,0.0,2038.5,0.0
0,223100,KELP,2038.0,4.0,2037.0,26.0,0.0,0.0,2039,8,2040.0,26.0,0.0,0.0,2038.5,0.0
0,223200,KELP,2037.0,25.0,0.0,0.0,0.0,0.0,2040,25,0.0,0.0,0.0,0.0,2038.5,0.0
0,223300,KELP,2039.0,1.0,2037.0,25.0,0.0,0.0,2040,25,0.0,0.0,0.0,0.0,2039.5,0.0
0,223400,KELP,2037.0,34.0,0.0,0.0,0.0,0.0,2040,29,0.0,0.0,0.0,0.0,2038.5,0.0
0,223500,KELP,2037.0,23.0,0.0,0.0,0.0,0.0,2039,7,2040.0,23.0,0.0,0.0,2038.0,0.0
0,223600,KELP,2037.0,6.0,2036.0,21.0,0.0,0.0,2040,22,0.0,0.0,0.0,0.0,2038.5,0.0
0,223700,KELP,2037.0,26.0,0.0,0.0,0.0,0.0,2040,26,0.0,0.0,0.0,0.0,2038.5,0.0
0,223800,KELP,2037.0,25.0,0.0,0.0,0.0,0.0,2040,26,0.0,0.0,0.0,0.0,2038.5,0.0
0,223900,KELP,2037.0,30.0,0.0,0.0,0.0,0.0,2040,30,0.0,0.0,0.0,0.0,2038.5,0.0
0,224000,KELP,2037.0,23.0,0.0,0.0,0.0,0.0,2039,6,2040.0,23.0,0.0,0.0,2038.0,0.0
0,224100,KELP,2037.0,26.0,0.0,0.0,0.0,0.0,2041,26,0.0,0.0,0.0,0.0,2039.0,0.0
0,224200,KELP,2038.0,8.0,2037.0,24.0,0.0,0.0,2041,24,0.0,0.0,0.0,0.0,2039.5,0.0
0,224300,KELP,2038.0,23.0,0.0,0.0,0.0,0.0,2041,23,0.0,0.0,0.0,0.0,2039.5,0.0
0,224400,KELP,2038.0,30.0,0.0,0.0,0.0,0.0,2040,5,2041.0,30.0,0.0,0.0,2039.0,0.0
0,224500,KELP,2040.0,4.0,2038.0,26.0,0.0,0.0,2041,26,0.0,0.0,0.0,0.0,2040.5,0.0
0,224600,KELP,2038.0,21.0,0.0,0.0,0.0,0.0,2041,21,0.0,0.0,0.0,0.0,2039.5,0.0
0,224700,KELP,2038.0,30.0,0.0,0.0,0.0,0.0,2041,26,0.0,0.0,0.0,0.0,2039.5,0.0
0,224800,KELP,2038.0,21.0,0.0,0.0,0.0,0.0,2042,21,0.0,0.0,0.0,0.0,2040.0,0.0
0,224900,KELP,2039.0,1.0,2038.0,20.0,0.0,0.0,2041,1,2042.0,21.0,0.0,0.0,2040.0,0.0
0,225000,KELP,2038.0,25.0,0.0,0.0,0.0,0.0,2041,1,2042.0,24.0,0.0,0.0,2039.5,0.0
0,225100,KELP,2038.0,26.0,0.0,0.0,0.0,0.0,2041,26,0.0,0.0,0.0,0.0,2039.5,0.0
0,225200,KELP,2038.0,31.0,0.0,0.0,0.0,0.0,2041,31,0.0,0.0,0.0,0.0,2039.5,0.0
0,225300,KELP,2038.0,20.0,0.0,0.0,0.0,0.0,2041,20,0.0,0.0,0.0,0.0,2039.5,0.0
0,225400,KELP,2038.0,22.0,0.0,0.0,0.0,0.0,2041,2,2042.0,20.0,0.0,0.0,2039.5,0.0
0,225500,KELP,2038.0,32.0,0.0,0.0,0.0,0.0,2039,3,2041.0,26.0,0.0,0.0,2038.5,0.0
0,225600,KELP,2038.0,29.0,0.0,0.0,0.0,0.0,2041,2,2042.0,25.0,0.0,0.0,2039.5,0.0
0,225700,KELP,2038.0,24.0,0.0,0.0,0.0,0.0,2041,25,0.0,0.0,0.0,0.0,2039.5,0.0
0,225800,KELP,2037.0,22.0,0.0,0.0,0.0,0.0,2041,22,0.0,0.0,0.0,0.0,2039.0,0.0
0,225900,KELP,2040.0,1.0,2037.0,26.0,0.0,0.0,2041,26,0.0,0.0,0.0,0.0,2040.5,0.0
0,226000,KELP,2037.0,21.0,0.0,0.0,0.0,0.0,2041,21,0.0,0.0,0.0,0.0,2039.0,0.0
0,226100,KELP,2037.0,21.0,0.0,0.0,0.0,0.0,2040,21,0.0,0.0,0.0,0.0,2038.5,0.0
0,226200,KELP,2037.0,7.0,2036.0,22.0,0.0,0.0,2040,22,0.0,0.0,0.0,0.0,2038.5,0.0
0,226300,KELP,2037.0,29.0,0.0,0.0,0.0,0.0,2039,5,2040.0,29.0,0.0,0.0,2038.0,0.0
0,226400,KELP,2037.0,23.0,0.0,0.0,0.0,0.0,2041,23,0.0,0.0,0.0,0.0,2039.0,0.0
0,226500,KELP,2038.0,1.0,2037.0,32.0,0.0,0.0,2041,32,0.0,0.0,0.0,0.0,2039.5,0.0
0,226600,KELP,2037.0,28.0,0.0,0.0,0.0,0.0,2040,28,0.0,0.0,0.0,0.0,2038.5,0.0
0,226700,KELP,2037.0,31.0,0.0,0.0,0.0,0.0,2039,6,2040.0,2.0,2041.0,29.0,2038.0,0.0
0,226800,KELP,2037.0,28.0,0.0,0.0,0.0,0.0,2038,5,2040.0,28.0,0.0,0.0,2037.5,0.0
0,226900,KELP,2037.0,30.0,0.0,0.0,0.0,0.0,2040,30,0.0,0.0,0.0,0.0,2038.5,0.0
0,227000,KELP,2037.0,26.0,0.0,0.0,0.0,0.0,2040,26,0.0,0.0,0.0,0.0,2038.5,0.0
0,227100,KELP,2037.0,24.0,0.0,0.0,0.0,0.0,2039,4,2040.0,25.0,0.0,0.0,2038.0,0.0
0,227200,KELP,2037.0,31.0,0.0,0.0,0.0,0.0,2039,2,2041.0,31.0,0.0,0.0,2038.0,0.0
0,227300,KELP,2037.0,30.0,0.0,0.0,0.0,0.0,2039,6,2041.0,30.0,0.0,0.0,2038.0,0.0
0,227400,KELP,2037.0,31.0,0.0,0.0,0.0,0.0,2040,29,0.0,0.0,0.0,0.0,2038.5,0.0
0,227500,KELP,2037.0,25.0,0.0,0.0,0.0,0.0,2041,25,0.0,0.0,0.0,0.0,2039.0,0.0
0,227600,KELP,2038.0,4.0,2037.0,26.0,0.0,0.0,2041,26,0.0,0.0,0.0,0.0,2039.5,0.0
0,227700,KELP,2038.0,2.0,2037.0,22.0,0.0,0.0,2040,2,2041.0,20.0,0.0,0.0,2039.0,0.0
0,227800,KELP,2037.0,21.0,0.0,0.0,0.0,0.0,2041,21,0.0,0.0,0.0,0.0,2039.0,0.0
0,227900,KELP,2037.0,27.0,0.0,0.0,0.0,0.0,2040,1,2041.0,26.0,0.0,0.0,2038.5,0.0
0,228000,KELP,2038.0,4.0,2037.0,24.0,0.0,0.0,2041,24,0.0,0.0,0.0,0.0,2039.5,0.0
0,228100,KELP,2037.0,32.0,0.0,0.0,0.0,0.0,2039,6,2040.0,2.0,2041.0,30.0,2038.0,0.0
0,228200,KELP,2038.0,5.0,2037.0,27.0,0.0,0.0,2041,27,0.0,0.0,0.0,0.0,2039.5,0.0
0,228300,KELP,2038.0,6.0,2037.0,28.0,0.0,0.0,2041,28,0.0,0.0,0.0,0.0,2039.5,0.0
0,228400,KELP,2037.0,26.0,0.0,0.0,0.0,0.0,2040,1,2041.0,22.0,0.0,0.0,2038.5,0.0
0,228500,KELP,2037.0,29.0,0.0,0.0,0.0,0.0,2040,29,0.0,0.0,0.0,0.0,2038.5,0.0
0,228600,KELP,2037.0,22.0,0.0,0.0,0.0,0.0,2040,2,2041.0,20.0,0.0,0.0,2038.5,0.0
0,228700,KELP,2038.0,6.0,2037.0,31.0,0.0,0.0,2041,31,0.0,0.0,0.0,0.0,2039.5,0.0
0,228800,KELP,2037.0,24.0,0.0,0.0,0.0,0.0,2041,24,0.0,0.0,0.0,0.0,2039.0,0.0
0,228900,KELP,2038.0,7.0,2037.0,29.0,0.0,0.0,2041,31,0.0,0.0,0.0,0.0,2039.5,0.0
0,229000,KELP,2037.0,25.0,0.0,0.0,0.0,0.0,2039,5,2040.0,25.0,0.0,0.0,2038.0,0.0
0,229100,KELP,2037.0,22.0,0.0,0.0,0.0,0.0,2040,22,0.0,0.0,0.0,0.0,2038.5,0.0
0,229200,KELP,2037.0,24.0,0.0,0.0,0.0,0.0,2040,24,0.0,0.0,0.0,0.0,2038.5,0.0
0,229300,KELP,2037.0,31.0,0.0,0.0,0.0,0.0,2041,31,0.0,0.0,0.0,0.0,2039.0,0.0
0,229400,KELP,2037.0,24.0,0.0,0.0,0.0,0.0,2041,24,0.0,0.0,0.0,0.0,2039.0,0.0
0,229500,KELP,2037.0,29.0,0.0,0.0,0.0,0.0,2041,29,0.0,0.0,0.0,0.0,2039.0,0.0
0,229600,KELP,2038.0,3.0,2037.0,26.0,0.0,0.0,2039,8,2041.0,26.0,0.0,0.0,2038.5,0.0
0,229700,KELP,2039.0,1.0,2037.0,27.0,0.0,0.0,2041,27,0.0,0.0,0.0,0.0,2040.0,0.0
0,229800,KELP,2038.0,4.0,2037.0,30.0,0.0,0.0,2041,30,0.0,0.0,0.0,0.0,2039.5,0.0
0,229900,KELP,2037.0,28.0,0.0,0.0,0.0,0.0,2041,28,0.0,0.0,0.0,0.0,2039.0,0.0
0,230000,KELP,2037.0,31.0,0.0,0.0,0.0,0.0,2038,1,2041.0,31.0,0.0,0.0,2037.5,0.0
0,230100,KELP,2037.0,30.0,0.0,0.0,0.0,0.0,2038,10,2041.0,31.0,0.0,0.0,2037.5,0.0
0,230200,KELP,2037.0,24.0,0.0,0.0,0.0,0.0,2040,1,2041.0,23.0,0.0,0.0,2038.5,0.0
0,230300,KELP,2037.0,22.0,0.0,0.0,0.0,0.0,2040,1,2041.0,21.0,0.0,0.0,2038.5,0.0
0,230400,KELP,2037.0,24.0,0.0,0.0,0.0,0.0,2041,24,0.0,0.0,0.0,0.0,2039.0,0.0
0,230500,KELP,2038.0,2.0,2037.0,22.0,0.0,0.0,2041,22,0.0,0.0,0.0,0.0,2039.5,0.0
0,230600,KELP,2037.0,21.0,0.0,0.0,0.0,0.0,2041,21,0.0,0.0,0.0,0.0,2039.0,0.0
0,230700,KELP,2037.0,27.0,0.0,0.0,0.0,0.0,2039,3,2041.0,27.0,0.0,0.0,2038.0,0.0
0,230800,KELP,2037.0,29.0,0.0,0.0,0.0,0.0,2041,29,0.0,0.0,0.0,0.0,2039.0,0.0
0,230900,KELP,2037.0,30.0,0.0,0.0,0.0,0.0,2041,30,0.0,0.0,0.0,0.0,2039.0,0.0
0,231000,KELP,2037.0,25.0,0.0,0.0,0.0,0.0,2041,25,0.0,0.0,0.0,0.0,2039.0,0.0
0,231100,KELP,2037.0,22.0,0.0,0.0,0.0,0.0,2038,5,2040.0,2.0,2041.0,20.0,2037.5,0.0
0,231200,KELP,2037.0,28.0,0.0,0.0,0.0,0.0,2041,28,0.0,0.0,0.0,0.0,2039.0,0.0
0,231300,KELP,2037.0,26.0,0.0,0.0,0.0,0.0,2041,26,0.0,0.0,0.0,0.0,2039.0,0.0
0,231400,KELP,2039.0,2.0,2037.0,28.0,0.0,0.0,2041,28,0.0,0.0,0.0,0.0,2040.0,0.0
0,231500,KELP,2037.0,30.0,0.0,0.0,0.0,0.0,2041,30,0.0,0.0,0.0,0.0,2039.0,0.0
0,231600,KELP,2037.0,29.0,0.0,0.0,0.0,0.0,2038,1,2041.0,29.0,0.0,0.0,2037.5,0.0
0,231700,KELP,2037.0,31.0,0.0,0.0,0.0,0.0,2038,4,2041.0,32.0,0.0,0.0,2037.5,0.0
0,231800,KELP,2037.0,29.0,0.0,0.0,0.0,0.0,2040,29,0.0,0.0,0.0,0.0,2038.5,0.0
0,231900,KELP,2037.0,29.0,0.0,0.0,0.0,0.0,2040,1,2041.0,28.0,0.0,0.0,2038.5,0.0
0,232000,KELP,2039.0,9.0,2037.0,28.0,0.0,0.0,2040,2,2041.0,26.0,0.0,0.0,2039.5,0.0
0,232100,KELP,2037.0,26.0,0.0,0.0,0.0,0.0,2040,26,0.0,0.0,0.0,0.0,2038.5,0.0
0,232200,KELP,2037.0,25.0,0.0,0.0,0.0,0.0,2040,25,0.0,0.0,0.0,0.0,2038.5,0.0
0,232300,KELP,2037.0,29.0,0.0,0.0,0.0,0.0,2040,28,0.0,0.0,0.0,0.0,2038.5,0.0
0,232400,KELP,2037.0,35.0,0.0,0.0,0.0,0.0,2040,28,0.0,0.0,0.0,0.0,2038.5,0.0
0,232500,KELP,2037.0,30.0,0.0,0.0,0.0,0.0,2040,30,0.0,0.0,0.0,0.0,2038.5,0.0
0,232600,KELP,2037.0,23.0,0.0,0.0,0.0,0.0,2040,23,0.0,0.0,0.0,0.0,2038.5,0.0
0,232700,KELP,2037.0,27.0,0.0,0.0,0.0,0.0,2040,27,0.0,0.0,0.0,0.0,2038.5,0.0
0,232800,KELP,2037.0,24.0,0.0,0.0,0.0,0.0,2040,24,0.0,0.0,0.0,0.0,2038.5,0.0
0,232900,KELP,2037.0,26.0,0.0,0.0,0.0,0.0,2041,26,0.0,0.0,0.0,0.0,2039.0,0.0
0,233000,KELP,2037.0,20.0,0.0,0.0,0.0,0.0,2041,20,0.0,0.0,0.0,0.0,2039.0,0.0
0,233100,KELP,2037.0,26.0,0.0,0.0,0.0,0.0,2039,7,2040.0,26.0,0.0,0.0,2038.0,0.0
0,233200,KELP,2037.0,31.0,0.0,0.0,0.0,0.0,2039,6,2040.0,31.0,0.0,0.0,2038.0,0.0
0,233300,KELP,2037.0,22.0,0.0,0.0,0.0,0.0,2040,22,0.0,0.0,0.0,0.0,2038.5,0.0
0,233400,KELP,2037.0,28.0,0.0,0.0,0.0,0.0,2041,28,0.0,0.0,0.0,0.0,2039.0,0.0
0,233500,KELP,2037.0,20.0,0.0,0.0,0.0,0.0,2039,2,2041.0,20.0,0.0,0.0,2038.0,0.0
0,233600,KELP,2037.0,26.0,0.0,0.0,0.0,0.0,2040,26,0.0,0.0,0.0,0.0,2038.5,0.0
0,233700,KELP,2037.0,31.0,0.0,0.0,0.0,0.0,2040,31,0.0,0.0,0.0,0.0,2038.5,0.0
0,233800,KELP,2037.0,25.0,0.0,0.0,0.0,0.0,2040,25,0.0,0.0,0.0,0.0,2038.5,0.0
0,233900,KELP,2039.0,1.0,2038.0,6.0,2037.0,25.0,2041,25,0.0,0.0,0.0,0.0,2040.0,0.0
0,234000,KELP,2037.0,31.0,0.0,0.0,0.0,0.0,2040,2,2041.0,29.0,0.0,0.0,2038.5,0.0
0,234100,KELP,2037.0,30.0,0.0,0.0,0.0,0.0,2040,2,2041.0,28.0,0.0,0.0,2038.5,0.0
0,234200,KELP,2037.0,26.0,0.0,0.0,0.0,0.0,2038,1,2041.0,26.0,0.0,0.0,2037.5,0.0
0,234300,KELP,2037.0,28.0,0.0,0.0,0.0,0.0,2041,28,0.0,0.0,0.0,0.0,2039.0,0.0
0,234400,KELP,2037.0,28.0,0.0,0.0,0.0,0.0,2041,28,0.0,0.0,0.0,0.0,2039.0,0.0
0,234500,KELP,2038.0,29.0,0.0,0.0,0.0,0.0,2041,25,0.0,0.0,0.0,0.0,2039.5,0.0
0,234600,KELP,2038.0,29.0,0.0,0.0,0.0,0.0,2041,29,0.0,0.0,0.0,0.0,2039.5,0.0
0,234700,KELP,2039.0,4.0,2037.0,22.0,0.0,0.0,2041,22,0.0,0.0,0.0,0.0,2040.0,0.0
0,234800,KELP,2037.0,29.0,0.0,0.0,0.0,0.0,2040,1,2041.0,28.0,0.0,0.0,2038.5,0.0
0,234900,KELP,2038.0,3.0,2037.0,24.0,0.0,0.0,2041,24,0.0,0.0,0.0,0.0,2039.5,0.0
0,235000,KELP,2037.0,25.0,0.0,0.0,0.0,0.0,2041,25,0.0,0.0,0.0,0.0,2039.0,0.0
0,235100,KELP,2037.0,25.0,0.0,0.0,0.0,0.0,2041,25,0.0,0.0,0.0,0.0,2039.0,0.0
0,235200,KELP,2037.0,35.0,0.0,0.0,0.0,0.0,2041,27,0.0,0.0,0.0,0.0,2039.0,0.0
0,235300,KELP,2037.0,24.0,0.0,0.0,0.0,0.0,2040,24,0.0,0.0,0.0,0.0,2038.5,0.0
0,235400,KELP,2037.0,23.0,0.0,0.0,0.0,0.0,2040,23,0.0,0.0,0.0,0.0,2038.5,0.0
0,235500,KELP,2037.0,28.0,0.0,0.0,0.0,0.0,2040,29,0.0,0.0,0.0,0.0,2038.5,0.0
0,235600,KELP,2037.0,25.0,0.0,0.0,0.0,0.0,2040,25,0.0,0.0,0.0,0.0,2038.5,0.0
0,235700,KELP,2037.0,22.0,0.0,0.0,0.0,0.0,2040,22,0.0,0.0,0.0,0.0,2038.5,0.0
0,235800,KELP,2037.0,30.0,0.0,0.0,0.0,0.0,2040,22,0.0,0.0,0.0,0.0,2038.5,0.0
0,235900,KELP,2037.0,21.0,0.0,0.0,0.0,0.0,2039,8,2040.0,24.0,0.0,0.0,2038.0,0.0
0,236000,KELP,2037.0,30.0,0.0,0.0,0.0,0.0,2040,30,0.0,0.0,0.0,0.0,2038.5,0.0
0,236100,KELP,2037.0,32.0,0.0,0.0,0.0,0.0,2040,32,0.0,0.0,0.0,0.0,2038.5,0.0
0,236200,KELP,2037.0,30.0,0.0,0.0,0.0,0.0,2040,30,0.0,0.0,0.0,0.0,2038.5,0.0
0,236300,KELP,2037.0,25.0,0.0,0.0,0.0,0.0,2040,25,0.0,0.0,0.0,0.0,2038.5,0.0
0,236400,KELP,2037.0,27.0,0.0,0.0,0.0,0.0,2039,7,2040.0,27.0,0.0,0.0,2038.0,0.0
0,236500,KELP,2037.0,29.0,0.0,0.0,0.0,0.0,2040,29,0.0,0.0,0.0,0.0,2038.5,0.0
0,236600,KELP,2039.0,4.0,2037.0,29.0,0.0,0.0,2040,29,0.0,0.0,0.0,0.0,2039.5,0.0
0,236700,KELP,2037.0,21.0,0.0,0.0,0.0,0.0,2039,6,2040.0,21.0,0.0,0.0,2038.0,0.0
0,236800,KELP,2037.0,23.0,0.0,0.0,0.0,0.0,2039,5,2040.0,23.0,0.0,0.0,2038.0,0.0
0,236900,KELP,2036.0,24.0,0.0,0.0,0.0,0.0,2037,3,2040.0,25.0,0.0,0.0,2036.5,0.0
0,237000,KELP,2037.0,26.0,0.0,0.0,0.0,0.0,2040,26,0.0,0.0,0.0,0.0,2038.5,0.0
0,237100,KELP,2036.0,28.0,0.0,0.0,0.0,0.0,2040,28,0.0,0.0,0.0,0.0,2038.0,0.0
0,237200,KELP,2037.0,1.0,2036.0,24.0,0.0,0.0,2040,24,0.0,0.0,0.0,0.0,2038.5,0.0
0,237300,KELP,2036.0,24.0,0.0,0.0,0.0,0.0,2039,2,2040.0,23.0,0.0,0.0,2037.5,0.0
0,237400,KELP,2036.0,29.0,0.0,0.0,0.0,0.0,2038,1,2040.0,30.0,0.0,0.0,2037.0,0.0
0,237500,KELP,2038.0,6.0,2036.0,26.0,0.0,0.0,2040,26,0.0,0.0,0.0,0.0,2039.0,0.0
0,237600,KELP,2036.0,22.0,0.0,0.0,0.0,0.0,2040,22,0.0,0.0,0.0,0.0,2038.0,0.0
0,237700,KELP,2037.0,5.0,2036.0,28.0,0.0,0.0,2040,28,0.0,0.0,0.0,0.0,2038.5,0.0
0,237800,KELP,2037.0,4.0,2036.0,32.0,0.0,0.0,2040,32,0.0,0.0,0.0,0.0,2038.5,0.0
0,237900,KELP,2036.0,23.0,0.0,0.0,0.0,0.0,2040,23,0.0,0.0,0.0,0.0,2038.0,0.0
0,238000,KELP,2036.0,26.0,0.0,0.0,0.0,0.0,2037,1,2040.0,26.0,0.0,0.0,2036.5,0.0
0,238100,KELP,2036.0,26.0,0.0,0.0,0.0,0.0,2038,3,2040.0,26.0,0.0,0.0,2037.0,0.0
0,238200,KELP,2036.0,24.0,0.0,0.0,0.0,0.0,2038,5,2040.0,24.0,0.0,0.0,2037.0,0.0
0,238300,KELP,2036.0,22.0,0.0,0.0,0.0,0.0,2038,1,2040.0,22.0,0.0,0.0,2037.0,0.0
0,238400,KELP,2036.0,23.0,0.0,0.0,0.0,0.0,2039,5,2040.0,23.0,0.0,0.0,2037.5,0.0
0,238500,KELP,2036.0,24.0,0.0,0.0,0.0,0.0,2038,4,2039.0,2.0,2040.0,22.0,2037.0,0.0
0,238600,KELP,2036.0,23.0,0.0,0.0,0.0,0.0,2040,23,0.0,0.0,0.0,0.0,2038.0,0.0
0,238700,KELP,2037.0,28.0,0.0,0.0,0.0,0.0,2040,29,0.0,0.0,0.0,0.0,2038.5,0.0
0,238800,KELP,2038.0,4.0,2037.0,25.0,0.0,0.0,2040,25,0.0,0.0,0.0,0.0,2039.0,0.0
0,238900,KELP,2036.0,21.0,0.0,0.0,0.0,0.0,2040,21,0.0,0.0,0.0,0.0,2038.0,0.0
0,239000,KELP,2036.0,24.0,0.0,0.0,0.0,0.0,2040,24,0.0,0.0,0.0,0.0,2038.0,0.0
0,239100,KELP,2036.0,26.0,0.0,0.0,0.0,0.0,2038,7,2040.0,26.0,0.0,0.0,2037.0,0.0
0,239200,KELP,2036.0,24.0,0.0,0.0,0.0,0.0,2040,24,0.0,0.0,0.0,0.0,2038.0,0.0
0,239300,KELP,2036.0,26.0,0.0,0.0,0.0,0.0,2038,3,2040.0,26.0,0.0,0.0,2037.0,0.0
0,239400,KELP,2036.0,23.0,0.0,0.0,0.0,0.0,2040,23,0.0,0.0,0.0,0.0,2038.0,0.0
0,239500,KELP,2036.0,30.0,0.0,0.0,0.0,0.0,2040,30,0.0,0.0,0.0,0.0,2038.0,0.0
0,239600,KELP,2037.0,2.0,2036.0,21.0,0.0,0.0,2040,23,0.0,0.0,0.0,0.0,2038.5,0.0
0,239700,KELP,2037.0,2.0,2036.0,23.0,0.0,0.0,2038,8,2040.0,25.0,0.0,0.0,2037.5,0.0
0,239800,KELP,2037.0,5.0,2036.0,27.0,0.0,0.0,2040,29,0.0,0.0,0.0,0.0,2038.5,0.0
0,239900,KELP,2036.0,29.0,0.0,0.0,0.0,0.0,2040,29,0.0,0.0,0.0,0.0,2038.0,0.0
0,240000,KELP,2037.0,31.0,0.0,0.0,0.0,0.0,2040,28,0.0,0.0,0.0,0.0,2038.5,0.0
0,240100,KELP,2038.0,3.0,2037.0,30.0,0.0,0.0,2039,4,2040.0,30.0,0.0,0.0,2038.5,0.0
0,240200,KELP,2037.0,31.0,0.0,0.0,0.0,0.0,2038,2,2040.0,31.0,0.0,0.0,2037.5,0.0
0,240300,KELP,2037.0,35.0,0.0,0.0,0.0,0.0,2040,28,0.0,0.0,0.0,0.0,2038.5,0.0
0,240400,KELP,2037.0,22.0,0.0,0.0,0.0,0.0,2040,22,0.0,0.0,0.0,0.0,2038.5,0.0
0,240500,KELP,2037.0,28.0,0.0,0.0,0.0,0.0,2039,8,2040.0,28.0,0.0,0.0,2038.0,0.0
0,240600,KELP,2037.0,30.0,0.0,0.0,0.0,0.0,2040,30,0.0,0.0,0.0,0.0,2038.5,0.0
0,240700,KELP,2039.0,1.0,2038.0,5.0,2037.0,25.0,2040,23,0.0,0.0,0.0,0.0,2039.5,0.0
0,240800,KELP,2039.0,1.0,2037.0,2.0,2036.0,26.0,2040,28,0.0,0.0,0.0,0.0,2039.5,0.0
0,240900,KELP,2037.0,25.0,0.0,0.0,0.0,0.0,2040,25,0.0,0.0,0.0,0.0,2038.5,0.0
0,241000,KELP,2037.0,22.0,0.0,0.0,0.0,0.0,2040,22,0.0,0.0,0.0,0.0,2038.5,0.0
0,241100,KELP,2036.0,32.0,0.0,0.0,0.0,0.0,2040,32,0.0,0.0,0.0,0.0,2038.0,0.0
0,241200,KELP,2036.0,27.0,0.0,0.0,0.0,0.0,2040,27,0.0,0.0,0.0,0.0,2038.0,0.0
0,241300,KELP,2036.0,26.0,0.0,0.0,0.0,0.0,2037,4,2039.0,2.0,2040.0,24.0,2036.5,0.0
0,241400,KELP,2036.0,28.0,0.0,0.0,0.0,0.0,2039,1,2040.0,27.0,0.0,0.0,2037.5,0.0
0,241500,KELP,2036.0,30.0,0.0,0.0,0.0,0.0,2040,30,0.0,0.0,0.0,0.0,2038.0,0.0
0,241600,KELP,2036.0,23.0,0.0,0.0,0.0,0.0,2037,4,2038.0,1.0,2039.0,1.0,2036.5,0.0
0,241700,KELP,2036.0,29.0,0.0,0.0,0.0,0.0,2038,3,2039.0,1.0,2040.0,28.0,2037.0,0.0
0,241800,KELP,2036.0,35.0,0.0,0.0,0.0,0.0,2039,2,2040.0,28.0,0.0,0.0,2037.5,0.0
0,241900,KELP,2036.0,24.0,0.0,0.0,0.0,0.0,2039,24,0.0,0.0,0.0,0.0,2037.5,0.0
0,242000,KELP,2035.0,30.0,0.0,0.0,0.0,0.0,2037,8,2039.0,30.0,0.0,0.0,2036.0,0.0
0,242100,KELP,2036.0,6.0,2035.0,32.0,0.0,0.0,2039,32,0.0,0.0,0.0,0.0,2037.5,0.0
0,242200,KELP,2035.0,21.0,0.0,0.0,0.0,0.0,2039,21,0.0,0.0,0.0,0.0,2037.0,0.0
0,242300,KELP,2036.0,2.0,2035.0,26.0,0.0,0.0,2037,3,2039.0,28.0,0.0,0.0,2036.5,0.0
0,242400,KELP,2036.0,29.0,0.0,0.0,0.0,0.0,2039,29,0.0,0.0,0.0,0.0,2037.5,0.0
0,242500,KELP,2035.0,23.0,0.0,0.0,0.0,0.0,2039,23,0.0,0.0,0.0,0.0,2037.0,0.0
0,242600,KELP,2035.0,31.0,0.0,0.0,0.0,0.0,2037,4,2039.0,31.0,0.0,0.0,2036.0,0.0
0,242700,KELP,2036.0,32.0,0.0,0.0,0.0,0.0,2039,32,0.0,0.0,0.0,0.0,2037.5,0.0
0,242800,KELP,2036.0,27.0,0.0,0.0,0.0,0.0,2039,27,0.0,0.0,0.0,0.0,2037.5,0.0
0,242900,KELP,2036.0,22.0,0.0,0.0,0.0,0.0,2039,22,0.0,0.0,0.0,0.0,2037.5,0.0
0,243000,KELP,2036.0,21.0,0.0,0.0,0.0,0.0,2039,22,0.0,0.0,0.0,0.0,2037.5,0.0
0,243100,KELP,2038.0,3.0,2036.0,21.0,0.0,0.0,2039,1,2040.0,20.0,0.0,0.0,2038.5,0.0
0,243200,KELP,2036.0,30.0,0.0,0.0,0.0,0.0,2039,30,0.0,0.0,0.0,0.0,2037.5,0.0
0,243300,KELP,2037.0,6.0,2036.0,32.0,0.0,0.0,2039,2,2040.0,30.0,0.0,0.0,2038.0,0.0
0,243400,KELP,2036.0,21.0,0.0,0.0,0.0,0.0,2039,21,0.0,0.0,0.0,0.0,2037.5,0.0
0,243500,KELP,2036.0,24.0,0.0,0.0,0.0,0.0,2040,24,0.0,0.0,0.0,0.0,2038.0,0.0
0,243600,KELP,2036.0,32.0,0.0,0.0,0.0,0.0,2040,32,0.0,0.0,0.0,0.0,2038.0,0.0
0,243700,KELP,2039.0,1.0,2036.0,30.0,0.0,0.0,2040,30,0.0,0.0,0.0,0.0,2039.5,0.0
0,243800,KELP,2036.0,30.0,0.0,0.0,0.0,0.0,2040,30,0.0,0.0,0.0,0.0,2038.0,0.0
0,243900,KELP,2036.0,26.0,0.0,0.0,0.0,0.0,2040,26,0.0,0.0,0.0,0.0,2038.0,0.0
0,244000,KELP,2037.0,8.0,2036.0,31.0,0.0,0.0,2040,31,0.0,0.0,0.0,0.0,2038.5,0.0
0,244100,KELP,2036.0,28.0,0.0,0.0,0.0,0.0,2039,1,2040.0,28.0,0.0,0.0,2037.5,0.0
0,244200,KELP,2036.0,29.0,0.0,0.0,0.0,0.0,2039,29,0.0,0.0,0.0,0.0,2037.5,0.0
0,244300,KELP,2036.0,39.0,0.0,0.0,0.0,0.0,2037,6,2039.0,32.0,0.0,0.0,2036.5,0.0
0,244400,KELP,2036.0,21.0,0.0,0.0,0.0,0.0,2039,21,0.0,0.0,0.0,0.0,2037.5,0.0
0,244500,KELP,2036.0,21.0,0.0,0.0,0.0,0.0,2039,21,0.0,0.0,0.0,0.0,2037.5,0.0
0,244600,KELP,2036.0,21.0,0.0,0.0,0.0,0.0,2038,4,2039.0,21.0,0.0,0.0,2037.0,0.0
0,244700,KELP,2036.0,22.0,0.0,0.0,0.0,0.0,2039,2,2040.0,20.0,0.0,0.0,2037.5,0.0
0,244800,KELP,2036.0,29.0,0.0,0.0,0.0,0.0,2038,1,2039.0,29.0,0.0,0.0,2037.0,0.0
0,244900,KELP,2036.0,21.0,0.0,0.0,0.0,0.0,2037,2,2039.0,1.0,2040.0,20.0,2036.5,0.0
0,245000,KELP,2036.0,28.0,0.0,0.0,0.0,0.0,2038,8,2039.0,28.0,0.0,0.0,2037.0,0.0
0,245100,KELP,2036.0,1.0,2035.0,20.0,0.0,0.0,2039,21,0.0,0.0,0.0,0.0,2037.5,0.0
0,245200,KELP,2036.0,31.0,0.0,0.0,0.0,0.0,2038,6,2039.0,32.0,0.0,0.0,2037.0,0.0
0,245300,KELP,2036.0,29.0,0.0,0.0,0.0,0.0,2039,29,0.0,0.0,0.0,0.0,2037.5,0.0
0,245400,KELP,2036.0,30.0,0.0,0.0,0.0,0.0,2039,30,0.0,0.0,0.0,0.0,2037.5,0.0
0,245500,KELP,2036.0,29.0,0.0,0.0,0.0,0.0,2039,29,0.0,0.0,0.0,0.0,2037.5,0.0
0,245600,KELP,2036.0,20.0,0.0,0.0,0.0,0.0,2039,20,0.0,0.0,0.0,0.0,2037.5,0.0
0,245700,KELP,2036.0,20.0,0.0,0.0,0.0,0.0,2039,20,0.0,0.0,0.0,0.0,2037.5,0.0
0,245800,KELP,2036.0,31.0,0.0,0.0,0.0,0.0,2039,29,0.0,0.0,0.0,0.0,2037.5,0.0
0,245900,KELP,2036.0,29.0,0.0,0.0,0.0,0.0,2039,29,0.0,0.0,0.0,0.0,2037.5,0.0
0,246000,KELP,2038.0,1.0,2036.0,31.0,0.0,0.0,2039,31,0.0,0.0,0.0,0.0,2038.5,0.0
0,246100,KELP,2036.0,24.0,0.0,0.0,0.0,0.0,2039,24,0.0,0.0,0.0,0.0,2037.5,0.0
0,246200,KELP,2036.0,24.0,0.0,0.0,0.0,0.0,2039,24,0.0,0.0,0.0,0.0,2037.5,0.0
0,246300,KELP,2036.0,28.0,0.0,0.0,0.0,0.0,2039,28,0.0,0.0,0.0,0.0,2037.5,0.0
0,246400,KELP,2036.0,38.0,0.0,0.0,0.0,0.0,2039,31,0.0,0.0,0.0,0.0,2037.5,0.0
0,246500,KELP,2036.0,31.0,0.0,0.0,0.0,0.0,2039,25,0.0,0.0,0.0,0.0,2037.5,0.0
0,246600,KELP,2036.0,27.0,0.0,0.0,0.0,0.0,2039,27,0.0,0.0,0.0,0.0,2037.5,0.0
0,246700,KELP,2036.0,30.0,0.0,0.0,0.0,0.0,2039,30,0.0,0.0,0.0,0.0,2037.5,0.0
0,246800,KELP,2036.0,29.0,0.0,0.0,0.0,0.0,2037,1,2039.0,2.0,2040.0,27.0,2036.5,0.0
0,246900,KELP,2036.0,30.0,0.0,0.0,0.0,0.0,2039,27,0.0,0.0,0.0,0.0,2037.5,0.0
0,247000,KELP,2036.0,26.0,0.0,0.0,0.0,0.0,2039,27,0.0,0.0,0.0,0.0,2037.5,0.0
0,247100,KELP,2036.0,30.0,0.0,0.0,0.0,0.0,2038,2,2040.0,30.0,0.0,0.0,2037.0,0.0
0,247200,KELP,2038.0,1.0,2037.0,2.0,2036.0,26.0,2039,1,2040.0,25.0,0.0,0.0,2038.5,0.0
0,247300,KELP,2036.0,25.0,0.0,0.0,0.0,0.0,2040,25,0.0,0.0,0.0,0.0,2038.0,0.0
0,247400,KELP,2036.0,30.0,0.0,0.0,0.0,0.0,2040,30,0.0,0.0,0.0,0.0,2038.0,0.0
0,247500,KELP,2036.0,27.0,0.0,0.0,0.0,0.0,2038,6,2039.0,27.0,0.0,0.0,2037.0,0.0
0,247600,KELP,2036.0,25.0,0.0,0.0,0.0,0.0,2039,23,0.0,0.0,0.0,0.0,2037.5,0.0
0,247700,KELP,2037.0,3.0,2036.0,32.0,0.0,0.0,2039,2,2040.0,30.0,0.0,0.0,2038.0,0.0
0,247800,KELP,2037.0,3.0,2036.0,23.0,0.0,0.0,2039,2,2040.0,21.0,0.0,0.0,2038.0,0.0
0,247900,KELP,2036.0,27.0,0.0,0.0,0.0,0.0,2040,27,0.0,0.0,0.0,0.0,2038.0,0.0
0,248000,KELP,2036.0,25.0,0.0,0.0,0.0,0.0,2039,2,2040.0,23.0,0.0,0.0,2037.5,0.0
0,248100,KELP,2036.0,26.0,0.0,0.0,0.0,0.0,2039,26,0.0,0.0,0.0,0.0,2037.5,0.0
0,248200,KELP,2036.0,27.0,0.0,0.0,0.0,0.0,2039,2,2040.0,21.0,0.0,0.0,2037.5,0.0
0,248300,KELP,2038.0,8.0,2036.0,25.0,0.0,0.0,2040,25,0.0,0.0,0.0,0.0,2039.0,0.0
0,248400,KELP,2036.0,22.0,0.0,0.0,0.0,0.0,2040,22,0.0,0.0,0.0,0.0,2038.0,0.0
0,248500,KELP,2036.0,23.0,0.0,0.0,0.0,0.0,2040,23,0.0,0.0,0.0,0.0,2038.0,0.0
0,248600,KELP,2038.0,5.0,2036.0,28.0,0.0,0.0,2040,28,0.0,0.0,0.0,0.0,2039.0,0.0
0,248700,KELP,2036.0,20.0,0.0,0.0,0.0,0.0,2040,20,0.0,0.0,0.0,0.0,2038.0,0.0
0,248800,KELP,2036.0,23.0,0.0,0.0,0.0,0.0,2039,24,0.0,0.0,0.0,0.0,2037.5,0.0
0,248900,KELP,2036.0,25.0,0.0,0.0,0.0,0.0,2039,26,0.0,0.0,0.0,0.0,2037.5,0.0
0,249000,KELP,2038.0,1.0,2036.0,22.0,0.0,0.0,2039,22,0.0,0.0,0.0,0.0,2038.5,0.0
0,249100,KELP,2036.0,22.0,0.0,0.0,0.0,0.0,2039,22,0.0,0.0,0.0,0.0,2037.5,0.0
0,249200,KELP,2038.0,3.0,2036.0,24.0,0.0,0.0,2039,2,2040.0,22.0,0.0,0.0,2038.5,0.0
0,249300,KELP,2036.0,30.0,0.0,0.0,0.0,0.0,2040,30,0.0,0.0,0.0,0.0,2038.0,0.0
0,249400,KELP,2036.0,35.0,0.0,0.0,0.0,0.0,2039,30,0.0,0.0,0.0,0.0,2037.5,0.0
0,249500,KELP,2036.0,25.0,0.0,0.0,0.0,0.0,2039,1,2040.0,24.0,0.0,0.0,2037.5,0.0
0,249600,KELP,2036.0,26.0,0.0,0.0,0.0,0.0,2039,26,0.0,0.0,0.0,0.0,2037.5,0.0
0,249700,KELP,2036.0,24.0,0.0,0.0,0.0,0.0,2039,1,2040.0,23.0,0.0,0.0,2037.5,0.0
0,249800,KELP,2036.0,22.0,0.0,0.0,0.0,0.0,2039,22,0.0,0.0,0.0,0.0,2037.5,0.0
0,249900,KELP,2036.0,30.0,0.0,0.0,0.0,0.0,2040,30,0.0,0.0,0.0,0.0,2038.0,0.0
0,250000,KELP,2036.0,29.0,0.0,0.0,0.0,0.0,2039,29,0.0,0.0,0.0,0.0,2037.5,0.0
0,250100,KELP,2036.0,28.0,0.0,0.0,0.0,0.0,2039,28,0.0,0.0,0.0,0.0,2037.5,0.0
0,250200,KELP,2036.0,24.0,0.0,0.0,0.0,0.0,2039,24,0.0,0.0,0.0,0.0,2037.5,0.0
0,250300,KELP,2036.0,29.0,0.0,0.0,0.0,0.0,2039,29,0.0,0.0,0.0,0.0,2037.5,0.0
0,250400,KELP,2036.0,21.0,0.0,0.0,0.0,0.0,2039,21,0.0,0.0,0.0,0.0,2037.5,0.0
0,250500,KELP,2036.0,22.0,0.0,0.0,0.0,0.0,2039,22,0.0,0.0,0.0,0.0,2037.5,0.0
0,250600,KELP,2036.0,23.0,0.0,0.0,0.0,0.0,2039,23,0.0,0.0,0.0,0.0,2037.5,0.0
0,250700,KELP,2038.0,4.0,2036.0,28.0,0.0,0.0,2039,23,0.0,0.0,0.0,0.0,2038.5,0.0
0,250800,KELP,2036.0,29.0,0.0,0.0,0.0,0.0,2039,27,0.0,0.0,0.0,0.0,2037.5,0.0
0,250900,KELP,2036.0,26.0,0.0,0.0,0.0,0.0,2039,26,0.0,0.0,0.0,0.0,2037.5,0.0
0,251000,KELP,2038.0,1.0,2036.0,28.0,0.0,0.0,2039,24,0.0,0.0,0.0,0.0,2038.5,0.0
0,251100,KELP,2036.0,21.0,0.0,0.0,0.0,0.0,2039,21,0.0,0.0,0.0,0.0,2037.5,0.0
0,251200,KELP,2036.0,28.0,0.0,0.0,0.0,0.0,2039,28,0.0,0.0,0.0,0.0,2037.5,0.0
0,251300,KELP,2036.0,27.0,0.0,0.0,0.0,0.0,2039,27,0.0,0.0,0.0,0.0,2037.5,0.0
0,251400,KELP,2036.0,24.0,0.0,0.0,0.0,0.0,2037,4,2039.0,24.0,0.0,0.0,2036.5,0.0
0,251500,KELP,2036.0,27.0,0.0,0.0,0.0,0.0,2039,27,0.0,0.0,0.0,0.0,2037.5,0.0
0,251600,KELP,2036.0,31.0,0.0,0.0,0.0,0.0,2038,6,2039.0,31.0,0.0,0.0,2037.0,0.0
0,251700,KELP,2038.0,1.0,2036.0,27.0,0.0,0.0,2039,27,0.0,0.0,0.0,0.0,2038.5,0.0
0,251800,KELP,2036.0,21.0,0.0,0.0,0.0,0.0,2039,21,0.0,0.0,0.0,0.0,2037.5,0.0
0,251900,KELP,2036.0,27.0,0.0,0.0,0.0,0.0,2039,27,0.0,0.0,0.0,0.0,2037.5,0.0
0,252000,KELP,2036.0,28.0,0.0,0.0,0.0,0.0,2039,29,0.0,0.0,0.0,0.0,2037.5,0.0
0,252100,KELP,2036.0,33.0,0.0,0.0,0.0,0.0,2039,32,0.0,0.0,0.0,0.0,2037.5,0.0
0,252200,KELP,2036.0,26.0,0.0,0.0,0.0,0.0,2039,23,0.0,0.0,0.0,0.0,2037.5,0.0
0,252300,KELP,2035.0,22.0,0.0,0.0,0.0,0.0,2037,4,2039.0,22.0,0.0,0.0,2036.0,0.0
0,252400,KELP,2035.0,30.0,0.0,0.0,0.0,0.0,2036,5,2039.0,30.0,0.0,0.0,2035.5,0.0
0,252500,KELP,2036.0,22.0,0.0,0.0,0.0,0.0,2039,22,0.0,0.0,0.0,0.0,2037.5,0.0
0,252600,KELP,2036.0,30.0,0.0,0.0,0.0,0.0,2039,30,0.0,0.0,0.0,0.0,2037.5,0.0
0,252700,KELP,2036.0,2.0,2035.0,23.0,0.0,0.0,2038,6,2039.0,25.0,0.0,0.0,2037.0,0.0
0,252800,KELP,2036.0,25.0,0.0,0.0,0.0,0.0,2039,25,0.0,0.0,0.0,0.0,2037.5,0.0
0,252900,KELP,2036.0,2.0,2035.0,24.0,0.0,0.0,2039,24,0.0,0.0,0.0,0.0,2037.5,0.0
0,253000,KELP,2036.0,1.0,2035.0,20.0,0.0,0.0,2039,21,0.0,0.0,0.0,0.0,2037.5,0.0
0,253100,KELP,2035.0,27.0,0.0,0.0,0.0,0.0,2039,27,0.0,0.0,0.0,0.0,2037.0,0.0
0,253200,KELP,2035.0,28.0,0.0,0.0,0.0,0.0,2039,28,0.0,0.0,0.0,0.0,2037.0,0.0
0,253300,KELP,2035.0,30.0,0.0,0.0,0.0,0.0,2039,30,0.0,0.0,0.0,0.0,2037.0,0.0
0,253400,KELP,2035.0,24.0,0.0,0.0,0.0,0.0,2036,1,2039.0,24.0,0.0,0.0,2035.5,0.0
0,253500,KELP,2035.0,22.0,0.0,0.0,0.0,0.0,2038,2,2039.0,20.0,0.0,0.0,2036.5,0.0
0,253600,KELP,2038.0,1.0,2035.0,30.0,0.0,0.0,2039,30,0.0,0.0,0.0,0.0,2038.5,0.0
0,253700,KELP,2035.0,25.0,0.0,0.0,0.0,0.0,2037,2,2039.0,25.0,0.0,0.0,2036.0,0.0
0,253800,KELP,2035.0,28.0,0.0,0.0,0.0,0.0,2037,8,2039.0,28.0,0.0,0.0,2036.0,0.0
0,253900,KELP,2035.0,28.0,0.0,0.0,0.0,0.0,2039,28,0.0,0.0,0.0,0.0,2037.0,0.0
0,254000,KELP,2035.0,31.0,0.0,0.0,0.0,0.0,2039,32,0.0,0.0,0.0,0.0,2037.0,0.0
0,254100,KELP,2035.0,26.0,0.0,0.0,0.0,0.0,2039,26,0.0,0.0,0.0,0.0,2037.0,0.0
0,254200,KELP,2035.0,24.0,0.0,0.0,0.0,0.0,2039,24,0.0,0.0,0.0,0.0,2037.0,0.0
0,254300,KELP,2035.0,26.0,0.0,0.0,0.0,0.0,2037,1,2039.0,26.0,0.0,0.0,2036.0,0.0
0,254400,KELP,2036.0,19.0,0.0,0.0,0.0,0.0,2039,24,0.0,0.0,0.0,0.0,2037.5,0.0
0,254500,KELP,2036.0,34.0,0.0,0.0,0.0,0.0,2039,28,0.0,0.0,0.0,0.0,2037.5,0.0
0,254600,KELP,2036.0,25.0,0.0,0.0,0.0,0.0,2038,8,2039.0,25.0,0.0,0.0,2037.0,0.0
0,254700,KELP,2036.0,23.0,0.0,0.0,0.0,0.0,2039,23,0.0,0.0,0.0,0.0,2037.5,0.0
0,254800,KELP,2036.0,32.0,0.0,0.0,0.0,0.0,2039,32,0.0,0.0,0.0,0.0,2037.5,0.0
0,254900,KELP,2037.0,2.0,2036.0,27.0,0.0,0.0,2038,4,2039.0,27.0,0.0,0.0,2037.5,0.0
0,255000,KELP,2036.0,31.0,0.0,0.0,0.0,0.0,2039,31,0.0,0.0,0.0,0.0,2037.5,0.0
0,255100,KELP,2038.0,1.0,2037.0,6.0,2036.0,21.0,2039,21,0.0,0.0,0.0,0.0,2038.5,0.0
0,255200,KELP,2036.0,25.0,0.0,0.0,0.0,0.0,2039,25,0.0,0.0,0.0,0.0,2037.5,0.0
0,255300,KELP,2036.0,26.0,0.0,0.0,0.0,0.0,2039,26,0.0,0.0,0.0,0.0,2037.5,0.0
0,255400,KELP,2036.0,31.0,0.0,0.0,0.0,0.0,2039,31,0.0,0.0,0.0,0.0,2037.5,0.0
0,255500,KELP,2036.0,29.0,0.0,0.0,0.0,0.0,2039,30,0.0,0.0,0.0,0.0,2037.5,0.0
0,255600,KELP,2037.0,2.0,2036.0,38.0,0.0,0.0,2039,32,0.0,0.0,0.0,0.0,2038.0,0.0
0,255700,KELP,2036.0,22.0,0.0,0.0,0.0,0.0,2039,22,0.0,0.0,0.0,0.0,2037.5,0.0
0,255800,KELP,2036.0,20.0,0.0,0.0,0.0,0.0,2039,25,0.0,0.0,0.0,0.0,2037.5,0.0
0,255900,KELP,2037.0,5.0,2036.0,33.0,0.0,0.0,2039,28,0.0,0.0,0.0,0.0,2038.0,0.0
0,256000,KELP,2038.0,1.0,2036.0,22.0,0.0,0.0,2039,22,0.0,0.0,0.0,0.0,2038.5,0.0
0,256100,KELP,2036.0,28.0,0.0,0.0,0.0,0.0,2039,29,0.0,0.0,0.0,0.0,2037.5,0.0
0,256200,KELP,2036.0,28.0,0.0,0.0,0.0,0.0,2038,5,2039.0,28.0,0.0,0.0,2037.0,0.0
0,256300,KELP,2036.0,22.0,0.0,0.0,0.0,0.0,2039,2,2040.0,20.0,0.0,0.0,2037.5,0.0
0,256400,KELP,2037.0,1.0,2036.0,26.0,0.0,0.0,2039,1,2040.0,25.0,0.0,0.0,2038.0,0.0
0,256500,KELP,2037.0,7.0,2036.0,26.0,0.0,0.0,2040,26,0.0,0.0,0.0,0.0,2038.5,0.0
0,256600,KELP,2036.0,23.0,0.0,0.0,0.0,0.0,2040,23,0.0,0.0,0.0,0.0,2038.0,0.0
0,256700,KELP,2036.0,22.0,0.0,0.0,0.0,0.0,2040,22,0.0,0.0,0.0,0.0,2038.0,0.0
0,256800,KELP,2036.0,22.0,0.0,0.0,0.0,0.0,2038,2,2040.0,22.0,0.0,0.0,2037.0,0.0
0,256900,KELP,2036.0,27.0,0.0,0.0,0.0,0.0,2039,2,2040.0,25.0,0.0,0.0,2037.5,0.0
0,257000,KELP,2036.0,30.0,0.0,0.0,0.0,0.0,2038,4,2040.0,30.0,0.0,0.0,2037.0,0.0
0,257100,KELP,2036.0,26.0,0.0,0.0,0.0,0.0,2040,26,0.0,0.0,0.0,0.0,2038.0,0.0
0,257200,KELP,2036.0,24.0,0.0,0.0,0.0,0.0,2040,25,0.0,0.0,0.0,0.0,2038.0,0.0
0,257300,KELP,2037.0,4.0,2036.0,28.0,0.0,0.0,2039,1,2040.0,27.0,0.0,0.0,2038.0,0.0
0,257400,KELP,2036.0,27.0,0.0,0.0,0.0,0.0,2038,7,2040.0,27.0,0.0,0.0,2037.0,0.0
0,257500,KELP,2036.0,21.0,0.0,0.0,0.0,0.0,2038,6,2039.0,1.0,2040.0,20.0,2037.0,0.0
0,257600,KELP,2036.0,22.0,0.0,0.0,0.0,0.0,2040,22,0.0,0.0,0.0,0.0,2038.0,0.0
0,257700,KELP,2036.0,30.0,0.0,0.0,0.0,0.0,2038,1,2039.0,2.0,2040.0,28.0,2037.0,0.0
0,257800,KELP,2036.0,29.0,0.0,0.0,0.0,0.0,2040,29,0.0,0.0,0.0,0.0,2038.0,0.0
0,257900,KELP,2038.0,1.0,2036.0,23.0,0.0,0.0,2040,23,0.0,0.0,0.0,0.0,2039.0,0.0
0,258000,KELP,2036.0,25.0,0.0,0.0,0.0,0.0,2039,25,0.0,0.0,0.0,0.0,2037.5,0.0
0,258100,KELP,2036.0,32.0,0.0,0.0,0.0,0.0,2039,2,2040.0,30.0,0.0,0.0,2037.5,0.0
0,258200,KELP,2036.0,28.0,0.0,0.0,0.0,0.0,2039,1,2040.0,27.0,0.0,0.0,2037.5,0.0
0,258300,KELP,2036.0,26.0,0.0,0.0,0.0,0.0,2039,26,0.0,0.0,0.0,0.0,2037.5,0.0
0,258400,KELP,2036.0,23.0,0.0,0.0,0.0,0.0,2039,23,0.0,0.0,0.0,0.0,2037.5,0.0
0,258500,KELP,2036.0,26.0,0.0,0.0,0.0,0.0,2039,26,0.0,0.0,0.0,0.0,2037.5,0.0
0,258600,KELP,2036.0,21.0,0.0,0.0,0.0,0.0,2039,21,0.0,0.0,0.0,0.0,2037.5,0.0
0,258700,KELP,2036.0,27.0,0.0,0.0,0.0,0.0,2039,27,0.0,0.0,0.0,0.0,2037.5,0.0
0,258800,KELP,2036.0,22.0,0.0,0.0,0.0,0.0,2039,22,0.0,0.0,0.0,0.0,2037.5,0.0
0,258900,KELP,2036.0,21.0,0.0,0.0,0.0,0.0,2039,22,0.0,0.0,0.0,0.0,2037.5,0.0
0,259000,KELP,2036.0,32.0,0.0,0.0,0.0,0.0,2039,32,0.0,0.0,0.0,0.0,2037.5,0.0
0,259100,KELP,2036.0,29.0,0.0,0.0,0.0,0.0,2039,27,0.0,0.0,0.0,0.0,2037.5,0.0
0,259200,KELP,2036.0,28.0,0.0,0.0,0.0,0.0,2039,21,0.0,0.0,0.0,0.0,2037.5,0.0
0,259300,KELP,2036.0,32.0,0.0,0.0,0.0,0.0,2039,30,0.0,0.0,0.0,0.0,2037.5,0.0
0,259400,KELP,2036.0,31.0,0.0,0.0,0.0,0.0,2039,32,0.0,0.0,0.0,0.0,2037.5,0.0
0,259500,KELP,2036.0,24.0,0.0,0.0,0.0,0.0,2038,1,2039.0,24.0,0.0,0.0,2037.0,0.0
0,259600,KELP,2036.0,24.0,0.0,0.0,0.0,0.0,2038,7,2039.0,24.0,0.0,0.0,2037.0,0.0
0,259700,KELP,2036.0,1.0,2035.0,24.0,0.0,0.0,2039,26,0.0,0.0,0.0,0.0,2037.5,0.0
0,259800,KELP,2035.0,34.0,0.0,0.0,0.0,0.0,2038,28,0.0,0.0,0.0,0.0,2036.5,0.0
0,259900,KELP,2035.0,28.0,0.0,0.0,0.0,0.0,2038,2,2039.0,26.0,0.0,0.0,2036.5,0.0
0,260000,KELP,2035.0,24.0,0.0,0.0,0.0,0.0,2037,8,2038.0,24.0,0.0,0.0,2036.0,0.0
0,260100,KELP,2035.0,25.0,0.0,0.0,0.0,0.0,2038,25,0.0,0.0,0.0,0.0,2036.5,0.0
0,260200,KELP,2035.0,28.0,0.0,0.0,0.0,0.0,2038,28,0.0,0.0,0.0,0.0,2036.5,0.0
0,260300,KELP,2035.0,31.0,0.0,0.0,0.0,0.0,2038,31,0.0,0.0,0.0,0.0,2036.5,0.0
0,260400,KELP,2035.0,20.0,0.0,0.0,0.0,0.0,2037,7,2039.0,20.0,0.0,0.0,2036.0,0.0
0,260500,KELP,2035.0,23.0,0.0,0.0,0.0,0.0,2036,5,2039.0,23.0,0.0,0.0,2035.5,0.0
0,260600,KELP,2035.0,23.0,0.0,0.0,0.0,0.0,2039,23,0.0,0.0,0.0,0.0,2037.0,0.0
0,260700,KELP,2036.0,18.0,0.0,0.0,0.0,0.0,2039,22,0.0,0.0,0.0,0.0,2037.5,0.0
0,260800,KELP,2037.0,1.0,2035.0,30.0,0.0,0.0,2039,30,0.0,0.0,0.0,0.0,2038.0,0.0
0,260900,KELP,2035.0,20.0,0.0,0.0,0.0,0.0,2037,4,2039.0,20.0,0.0,0.0,2036.0,0.0
0,261000,KELP,2035.0,29.0,0.0,0.0,0.0,0.0,2036,5,2039.0,29.0,0.0,0.0,2035.5,0.0
0,261100,KELP,2035.0,25.0,0.0,0.0,0.0,0.0,2039,25,0.0,0.0,0.0,0.0,2037.0,0.0
0,261200,KELP,2035.0,30.0,0.0,0.0,0.0,0.0,2036,5,2037.0,3.0,2039.0,30.0,2035.5,0.0
0,261300,KELP,2038.0,1.0,2036.0,7.0,2035.0,24.0,2039,24,0.0,0.0,0.0,0.0,2038.5,0.0
0,261400,KELP,2035.0,20.0,0.0,0.0,0.0,0.0,2037,3,2039.0,21.0,0.0,0.0,2036.0,0.0
0,261500,KELP,2036.0,2.0,2035.0,29.0,0.0,0.0,2039,29,0.0,0.0,0.0,0.0,2037.5,0.0
0,261600,KELP,2036.0,4.0,2035.0,25.0,0.0,0.0,2039,25,0.0,0.0,0.0,0.0,2037.5,0.0
0,261700,KELP,2035.0,29.0,0.0,0.0,0.0,0.0,2039,29,0.0,0.0,0.0,0.0,2037.0,0.0
0,261800,KELP,2035.0,25.0,0.0,0.0,0.0,0.0,2037,6,2039.0,25.0,0.0,0.0,2036.0,0.0
0,261900,KELP,2035.0,30.0,0.0,0.0,0.0,0.0,2039,30,0.0,0.0,0.0,0.0,2037.0,0.0
0,262000,KELP,2036.0,6.0,2035.0,26.0,0.0,0.0,2039,27,0.0,0.0,0.0,0.0,2037.5,0.0
0,262100,KELP,2035.0,30.0,0.0,0.0,0.0,0.0,2036,1,2039.0,30.0,0.0,0.0,2035.5,0.0
0,262200,KELP,2036.0,9.0,2035.0,26.0,0.0,0.0,2039,28,0.0,0.0,0.0,0.0,2037.5,0.0
0,262300,KELP,2036.0,1.0,2035.0,25.0,0.0,0.0,2039,26,0.0,0.0,0.0,0.0,2037.5,0.0
0,262400,KELP,2036.0,2.0,2035.0,25.0,0.0,0.0,2037,8,2039.0,27.0,0.0,0.0,2036.5,0.0
0,262500,KELP,2036.0,2.0,2035.0,28.0,0.0,0.0,2039,30,0.0,0.0,0.0,0.0,2037.5,0.0
0,262600,KELP,2036.0,2.0,2035.0,23.0,0.0,0.0,2039,25,0.0,0.0,0.0,0.0,2037.5,0.0
0,262700,KELP,2035.0,24.0,0.0,0.0,0.0,0.0,2039,25,0.0,0.0,0.0,0.0,2037.0,0.0
0,262800,KELP,2036.0,2.0,2035.0,22.0,0.0,0.0,2039,24,0.0,0.0,0.0,0.0,2037.5,0.0
0,262900,KELP,2036.0,7.0,2035.0,31.0,0.0,0.0,2039,31,0.0,0.0,0.0,0.0,2037.5,0.0
0,263000,KELP,2036.0,22.0,0.0,0.0,0.0,0.0,2039,22,0.0,0.0,0.0,0.0,2037.5,0.0
0,263100,KELP,2036.0,1.0,2035.0,22.0,0.0,0.0,2039,23,0.0,0.0,0.0,0.0,2037.5,0.0
0,263200,KELP,2037.0,3.0,2036.0,1.0,2035.0,27.0,2039,27,0.0,0.0,0.0,0.0,2038.0,0.0
0,263300,KELP,2036.0,2.0,2035.0,21.0,0.0,0.0,2039,21,0.0,0.0,0.0,0.0,2037.5,0.0
0,263400,KELP,2035.0,20.0,0.0,0.0,0.0,0.0,2039,20,0.0,0.0,0.0,0.0,2037.0,0.0
0,263500,KELP,2035.0,32.0,0.0,0.0,0.0,0.0,2039,32,0.0,0.0,0.0,0.0,2037.0,0.0
0,263600,KELP,2035.0,29.0,0.0,0.0,0.0,0.0,2038,2,2039.0,22.0,0.0,0.0,2036.5,0.0
0,263700,KELP,2035.0,21.0,0.0,0.0,0.0,0.0,2037,5,2038.0,1.0,2039.0,20.0,2036.0,0.0
0,263800,KELP,2035.0,25.0,0.0,0.0,0.0,0.0,2037,1,2039.0,25.0,0.0,0.0,2036.0,0.0
0,263900,KELP,2035.0,24.0,0.0,0.0,0.0,0.0,2039,24,0.0,0.0,0.0,0.0,2037.0,0.0
0,264000,KELP,2036.0,7.0,2035.0,21.0,0.0,0.0,2039,21,0.0,0.0,0.0,0.0,2037.5,0.0
0,264100,KELP,2035.0,26.0,0.0,0.0,0.0,0.0,2038,26,0.0,0.0,0.0,0.0,2036.5,0.0
0,264200,KELP,2035.0,5.0,2034.0,26.0,0.0,0.0,2038,27,0.0,0.0,0.0,0.0,2036.5,0.0
0,264300,KELP,2035.0,18.0,0.0,0.0,0.0,0.0,2038,22,0.0,0.0,0.0,0.0,2036.5,0.0
0,264400,KELP,2035.0,28.0,0.0,0.0,0.0,0.0,2038,28,0.0,0.0,0.0,0.0,2036.5,0.0
0,264500,KELP,2035.0,30.0,0.0,0.0,0.0,0.0,2038,30,0.0,0.0,0.0,0.0,2036.5,0.0
0,264600,KELP,2035.0,26.0,0.0,0.0,0.0,0.0,2038,26,0.0,0.0,0.0,0.0,2036.5,0.0
0,264700,KELP,2035.0,30.0,0.0,0.0,0.0,0.0,2037,3,2038.0,30.0,0.0,0.0,2036.0,0.0
0,264800,KELP,2035.0,27.0,0.0,0.0,0.0,0.0,2038,27,0.0,0.0,0.0,0.0,2036.5,0.0
0,264900,KELP,2035.0,8.0,2034.0,26.0,0.0,0.0,2038,28,0.0,0.0,0.0,0.0,2036.5,0.0
0,265000,KELP,2035.0,2.0,2034.0,20.0,0.0,0.0,2036,7,2038.0,22.0,0.0,0.0,2035.5,0.0
0,265100,KELP,2035.0,2.0,2034.0,30.0,0.0,0.0,2038,32,0.0,0.0,0.0,0.0,2036.5,0.0
0,265200,KELP,2034.0,25.0,0.0,0.0,0.0,0.0,2036,3,2038.0,25.0,0.0,0.0,2035.0,0.0
0,265300,KELP,2035.0,32.0,0.0,0.0,0.0,0.0,2038,32,0.0,0.0,0.0,0.0,2036.5,0.0
0,265400,KELP,2034.0,25.0,0.0,0.0,0.0,0.0,2038,25,0.0,0.0,0.0,0.0,2036.0,0.0
0,265500,KELP,2035.0,29.0,0.0,0.0,0.0,0.0,2038,29,0.0,0.0,0.0,0.0,2036.5,0.0
0,265600,KELP,2035.0,23.0,0.0,0.0,0.0,0.0,2038,23,0.0,0.0,0.0,0.0,2036.5,0.0
0,265700,KELP,2034.0,25.0,0.0,0.0,0.0,0.0,2038,25,0.0,0.0,0.0,0.0,2036.0,0.0
0,265800,KELP,2035.0,1.0,2034.0,29.0,0.0,0.0,2038,30,0.0,0.0,0.0,0.0,2036.5,0.0
0,265900,KELP,2036.0,5.0,2035.0,20.0,0.0,0.0,2037,3,2038.0,20.0,0.0,0.0,2036.5,0.0
0,266000,KELP,2035.0,6.0,2034.0,26.0,0.0,0.0,2038,27,0.0,0.0,0.0,0.0,2036.5,0.0
0,266100,KELP,2035.0,27.0,0.0,0.0,0.0,0.0,2037,1,2038.0,27.0,0.0,0.0,2036.0,0.0
0,266200,KELP,2035.0,31.0,0.0,0.0,0.0,0.0,2038,31,0.0,0.0,0.0,0.0,2036.5,0.0
0,266300,KELP,2035.0,22.0,0.0,0.0,0.0,0.0,2038,22,0.0,0.0,0.0,0.0,2036.5,0.0
0,266400,KELP,2035.0,28.0,0.0,0.0,0.0,0.0,2038,28,0.0,0.0,0.0,0.0,2036.5,0.0
0,266500,KELP,2035.0,27.0,0.0,0.0,0.0,0.0,2038,27,0.0,0.0,0.0,0.0,2036.5,0.0
0,266600,KELP,2037.0,1.0,2035.0,30.0,0.0,0.0,2038,30,0.0,0.0,0.0,0.0,2037.5,0.0
0,266700,KELP,2035.0,27.0,0.0,0.0,0.0,0.0,2038,27,0.0,0.0,0.0,0.0,2036.5,0.0
0,266800,KELP,2035.0,27.0,0.0,0.0,0.0,0.0,2038,27,0.0,0.0,0.0,0.0,2036.5,0.0
0,266900,KELP,2035.0,26.0,0.0,0.0,0.0,0.0,2038,26,0.0,0.0,0.0,0.0,2036.5,0.0
0,267000,KELP,2035.0,26.0,0.0,0.0,0.0,0.0,2038,26,0.0,0.0,0.0,0.0,2036.5,0.0
0,267100,KELP,2035.0,31.0,0.0,0.0,0.0,0.0,2038,31,0.0,0.0,0.0,0.0,2036.5,0.0
0,267200,KELP,2037.0,3.0,2035.0,30.0,0.0,0.0,2038,30,0.0,0.0,0.0,0.0,2037.5,0.0
0,267300,KELP,2035.0,28.0,0.0,0.0,0.0,0.0,2038,2,2039.0,21.0,0.0,0.0,2036.5,0.0
0,267400,KELP,2035.0,21.0,0.0,0.0,0.0,0.0,2039,21,0.0,0.0,0.0,0.0,2037.0,0.0
0,267500,KELP,2035.0,28.0,0.0,0.0,0.0,0.0,2038,2,2039.0,26.0,0.0,0.0,2036.5,0.0
0,267600,KELP,2035.0,24.0,0.0,0.0,0.0,0.0,2039,24,0.0,0.0,0.0,0.0,2037.0,0.0
0,267700,KELP,2037.0,4.0,2035.0,28.0,0.0,0.0,2039,28,0.0,0.0,0.0,0.0,2038.0,0.0
0,267800,KELP,2038.0,1.0,2036.0,5.0,2035.0,27.0,2039,27,0.0,0.0,0.0,0.0,2038.5,0.0
0,267900,KELP,2036.0,1.0,2035.0,30.0,0.0,0.0,2038,2,2039.0,31.0,0.0,0.0,2037.0,0.0
0,268000,KELP,2036.0,21.0,0.0,0.0,0.0,0.0,2039,21,0.0,0.0,0.0,0.0,2037.5,0.0
0,268100,KELP,2035.0,31.0,0.0,0.0,0.0,0.0,2037,4,2039.0,31.0,0.0,0.0,2036.0,0.0
0,268200,KELP,2036.0,1.0,2035.0,28.0,0.0,0.0,2039,28,0.0,0.0,0.0,0.0,2037.5,0.0
0,268300,KELP,2035.0,21.0,0.0,0.0,0.0,0.0,2039,21,0.0,0.0,0.0,0.0,2037.0,0.0
0,268400,KELP,2038.0,1.0,2036.0,2.0,2035.0,29.0,2039,29,0.0,0.0,0.0,0.0,2038.5,0.0
0,268500,KELP,2035.0,25.0,0.0,0.0,0.0,0.0,2037,2,2039.0,26.0,0.0,0.0,2036.0,0.0
0,268600,KELP,2035.0,26.0,0.0,0.0,0.0,0.0,2039,26,0.0,0.0,0.0,0.0,2037.0,0.0
0,268700,KELP,2035.0,21.0,0.0,0.0,0.0,0.0,2039,21,0.0,0.0,0.0,0.0,2037.0,0.0
0,268800,KELP,2036.0,1.0,2035.0,21.0,0.0,0.0,2039,22,0.0,0.0,0.0,0.0,2037.5,0.0
0,268900,KELP,2035.0,28.0,0.0,0.0,0.0,0.0,2039,28,0.0,0.0,0.0,0.0,2037.0,0.0
0,269000,KELP,2035.0,23.0,0.0,0.0,0.0,0.0,2039,23,0.0,0.0,0.0,0.0,2037.0,0.0
0,269100,KELP,2036.0,1.0,2035.0,24.0,0.0,0.0,2039,24,0.0,0.0,0.0,0.0,2037.5,0.0
0,269200,KELP,2036.0,1.0,2035.0,30.0,0.0,0.0,2038,6,2039.0,31.0,0.0,0.0,2037.0,0.0
0,269300,KELP,2036.0,24.0,0.0,0.0,0.0,0.0,2039,24,0.0,0.0,0.0,0.0,2037.5,0.0
0,269400,KELP,2035.0,20.0,0.0,0.0,0.0,0.0,2039,21,0.0,0.0,0.0,0.0,2037.0,0.0
0,269500,KELP,2036.0,2.0,2035.0,30.0,0.0,0.0,2037,3,2039.0,32.0,0.0,0.0,2036.5,0.0
0,269600,KELP,2035.0,23.0,0.0,0.0,0.0,0.0,2039,23,0.0,0.0,0.0,0.0,2037.0,0.0
0,269700,KELP,2038.0,1.0,2035.0,27.0,0.0,0.0,2039,27,0.0,0.0,0.0,0.0,2038.5,0.0
0,269800,KELP,2035.0,27.0,0.0,0.0,0.0,0.0,2039,27,0.0,0.0,0.0,0.0,2037.0,0.0
0,269900,KELP,2035.0,26.0,0.0,0.0,0.0,0.0,2039,26,0.0,0.0,0.0,0.0,2037.0,0.0
0,270000,KELP,2035.0,22.0,0.0,0.0,0.0,0.0,2037,3,2038.0,1.0,2039.0,21.0,2036.0,0.0
0,270100,KELP,2036.0,7.0,2035.0,31.0,0.0,0.0,2038,2,2039.0,29.0,0.0,0.0,2037.0,0.0
0,270200,KELP,2036.0,5.0,2035.0,21.0,0.0,0.0,2039,21,0.0,0.0,0.0,0.0,2037.5,0.0
0,270300,KELP,2036.0,7.0,2035.0,25.0,0.0,0.0,2039,25,0.0,0.0,0.0,0.0,2037.5,0.0
0,270400,KELP,2035.0,26.0,0.0,0.0,0.0,0.0,2039,26,0.0,0.0,0.0,0.0,2037.0,0.0
0,270500,KELP,2035.0,22.0,0.0,0.0,0.0,0.0,2037,5,2039.0,22.0,0.0,0.0,2036.0,0.0
0,270600,KELP,2035.0,25.0,0.0,0.0,0.0,0.0,2039,25,0.0,0.0,0.0,0.0,2037.0,0.0
0,270700,KELP,2037.0,1.0,2035.0,27.0,0.0,0.0,2039,27,0.0,0.0,0.0,0.0,2038.0,0.0
0,270800,KELP,2035.0,31.0,0.0,0.0,0.0,0.0,2037,7,2038.0,31.0,0.0,0.0,2036.0,0.0
0,270900,KELP,2035.0,29.0,0.0,0.0,0.0,0.0,2038,29,0.0,0.0,0.0,0.0,2036.5,0.0
0,271000,KELP,2035.0,31.0,0.0,0.0,0.0,0.0,2038,25,0.0,0.0,0.0,0.0,2036.5,0.0
0,271100,KELP,2035.0,32.0,0.0,0.0,0.0,0.0,2038,32,0.0,0.0,0.0,0.0,2036.5,0.0
0,271200,KELP,2034.0,27.0,0.0,0.0,0.0,0.0,2036,4,2038.0,27.0,0.0,0.0,2035.0,0.0
0,271300,KELP,2034.0,21.0,0.0,0.0,0.0,0.0,2038,21,0.0,0.0,0.0,0.0,2036.0,0.0
0,271400,KELP,2034.0,24.0,0.0,0.0,0.0,0.0,2038,24,0.0,0.0,0.0,0.0,2036.0,0.0
0,271500,KELP,2034.0,21.0,0.0,0.0,0.0,0.0,2038,21,0.0,0.0,0.0,0.0,2036.0,0.0
0,271600,KELP,2035.0,5.0,2034.0,25.0,0.0,0.0,2038,25,0.0,0.0,0.0,0.0,2036.5,0.0
0,271700,KELP,2034.0,21.0,0.0,0.0,0.0,0.0,2038,21,0.0,0.0,0.0,0.0,2036.0,0.0
0,271800,KELP,2034.0,34.0,0.0,0.0,0.0,0.0,2037,2,2038.0,27.0,0.0,0.0,2035.5,0.0
0,271900,KELP,2034.0,25.0,0.0,0.0,0.0,0.0,2035,5,2037.0,25.0,0.0,0.0,2034.5,0.0
0,272000,KELP,2034.0,26.0,0.0,0.0,0.0,0.0,2038,26,0.0,0.0,0.0,0.0,2036.0,0.0
0,272100,KELP,2035.0,5.0,2034.0,29.0,0.0,0.0,2038,29,0.0,0.0,0.0,0.0,2036.5,0.0
0,272200,KELP,2035.0,5.0,2034.0,32.0,0.0,0.0,2036,8,2038.0,32.0,0.0,0.0,2035.5,0.0
0,272300,KELP,2034.0,27.0,0.0,0.0,0.0,0.0,2038,28,0.0,0.0,0.0,0.0,2036.0,0.0
0,272400,KELP,2034.0,25.0,0.0,0.0,0.0,0.0,2037,2,2038.0,23.0,0.0,0.0,2035.5,0.0
0,272500,KELP,2034.0,22.0,0.0,0.0,0.0,0.0,2036,5,2038.0,22.0,0.0,0.0,2035.0,0.0
0,272600,KELP,2034.0,25.0,0.0,0.0,0.0,0.0,2036,2,2038.0,25.0,0.0,0.0,2035.0,0.0
0,272700,KELP,2034.0,26.0,0.0,0.0,0.0,0.0,2038,26,0.0,0.0,0.0,0.0,2036.0,0.0
0,272800,KELP,2034.0,27.0,0.0,0.0,0.0,0.0,2038,27,0.0,0.0,0.0,0.0,2036.0,0.0
0,272900,KELP,2035.0,7.0,2034.0,31.0,0.0,0.0,2038,31,0.0,0.0,0.0,0.0,2036.5,0.0
0,273000,KELP,2034.0,30.0,0.0,0.0,0.0,0.0,2038,30,0.0,0.0,0.0,0.0,2036.0,0.0
0,273100,KELP,2034.0,27.0,0.0,0.0,0.0,0.0,2038,27,0.0,0.0,0.0,0.0,2036.0,0.0
0,273200,KELP,2034.0,21.0,0.0,0.0,0.0,0.0,2036,1,2038.0,21.0,0.0,0.0,2035.0,0.0
0,273300,KELP,2034.0,25.0,0.0,0.0,0.0,0.0,2037,23,0.0,0.0,0.0,0.0,2035.5,0.0
0,273400,KELP,2034.0,27.0,0.0,0.0,0.0,0.0,2037,1,2038.0,26.0,0.0,0.0,2035.5,0.0
0,273500,KELP,2034.0,30.0,0.0,0.0,0.0,0.0,2036,8,2038.0,30.0,0.0,0.0,2035.0,0.0
0,273600,KELP,2035.0,8.0,2034.0,22.0,0.0,0.0,2037,2,2038.0,20.0,0.0,0.0,2036.0,0.0
0,273700,KELP,2035.0,1.0,2034.0,21.0,0.0,0.0,2038,22,0.0,0.0,0.0,0.0,2036.5,0.0
0,273800,KELP,2035.0,2.0,2034.0,23.0,0.0,0.0,2038,25,0.0,0.0,0.0,0.0,2036.5,0.0
0,273900,KELP,2035.0,5.0,2034.0,21.0,0.0,0.0,2038,21,0.0,0.0,0.0,0.0,2036.5,0.0
0,274000,KELP,2035.0,26.0,0.0,0.0,0.0,0.0,2037,7,2038.0,26.0,0.0,0.0,2036.0,0.0
0,274100,KELP,2035.0,29.0,0.0,0.0,0.0,0.0,2037,2,2038.0,29.0,0.0,0.0,2036.0,0.0
0,274200,KELP,2035.0,31.0,0.0,0.0,0.0,0.0,2038,24,0.0,0.0,0.0,0.0,2036.5,0.0
0,274300,KELP,2035.0,31.0,0.0,0.0,0.0,0.0,2038,25,0.0,0.0,0.0,0.0,2036.5,0.0
0,274400,KELP,2037.0,1.0,2035.0,26.0,0.0,0.0,2038,26,0.0,0.0,0.0,0.0,2037.5,0.0
0,274500,KELP,2035.0,29.0,0.0,0.0,0.0,0.0,2038,29,0.0,0.0,0.0,0.0,2036.5,0.0
0,274600,KELP,2035.0,23.0,0.0,0.0,0.0,0.0,2038,23,0.0,0.0,0.0,0.0,2036.5,0.0
0,274700,KELP,2035.0,23.0,0.0,0.0,0.0,0.0,2037,1,2038.0,23.0,0.0,0.0,2036.0,0.0
0,274800,KELP,2035.0,25.0,0.0,0.0,0.0,0.0,2038,25,0.0,0.0,0.0,0.0,2036.5,0.0
0,274900,KELP,2035.0,31.0,0.0,0.0,0.0,0.0,2038,31,0.0,0.0,0.0,0.0,2036.5,0.0
0,275000,KELP,2035.0,30.0,0.0,0.0,0.0,0.0,2038,30,0.0,0.0,0.0,0.0,2036.5,0.0
0,275100,KELP,2035.0,23.0,0.0,0.0,0.0,0.0,2037,7,2038.0,23.0,0.0,0.0,2036.0,0.0
0,275200,KELP,2035.0,20.0,0.0,0.0,0.0,0.0,2039,20,0.0,0.0,0.0,0.0,2037.0,0.0
0,275300,KELP,2035.0,22.0,0.0,0.0,0.0,0.0,2037,2,2038.0,22.0,0.0,0.0,2036.0,0.0
0,275400,KELP,2037.0,5.0,2035.0,21.0,0.0,0.0,2038,21,0.0,0.0,0.0,0.0,2037.5,0.0
0,275500,KELP,2035.0,31.0,0.0,0.0,0.0,0.0,2038,31,0.0,0.0,0.0,0.0,2036.5,0.0
0,275600,KELP,2035.0,31.0,0.0,0.0,0.0,0.0,2038,1,2039.0,30.0,0.0,0.0,2036.5,0.0
0,275700,KELP,2035.0,30.0,0.0,0.0,0.0,0.0,2038,30,0.0,0.0,0.0,0.0,2036.5,0.0
0,275800,KELP,2035.0,23.0,0.0,0.0,0.0,0.0,2038,23,0.0,0.0,0.0,0.0,2036.5,0.0
0,275900,KELP,2037.0,1.0,2035.0,22.0,0.0,0.0,2038,1,2039.0,21.0,0.0,0.0,2037.5,0.0
0,276000,KELP,2035.0,22.0,0.0,0.0,0.0,0.0,2037,5,2038.0,22.0,0.0,0.0,2036.0,0.0
0,276100,KELP,2035.0,26.0,0.0,0.0,0.0,0.0,2039,26,0.0,0.0,0.0,0.0,2037.0,0.0
0,276200,KELP,2036.0,6.0,2035.0,31.0,0.0,0.0,2039,31,0.0,0.0,0.0,0.0,2037.5,0.0
0,276300,KELP,2037.0,2.0,2036.0,2.0,2035.0,26.0,2039,28,0.0,0.0,0.0,0.0,2038.0,0.0
0,276400,KELP,2035.0,23.0,0.0,0.0,0.0,0.0,2039,23,0.0,0.0,0.0,0.0,2037.0,0.0
0,276500,KELP,2036.0,24.0,0.0,0.0,0.0,0.0,2039,24,0.0,0.0,0.0,0.0,2037.5,0.0
0,276600,KELP,2036.0,31.0,0.0,0.0,0.0,0.0,2039,31,0.0,0.0,0.0,0.0,2037.5,0.0
0,276700,KELP,2036.0,32.0,0.0,0.0,0.0,0.0,2039,28,0.0,0.0,0.0,0.0,2037.5,0.0
0,276800,KELP,2036.0,24.0,0.0,0.0,0.0,0.0,2040,24,0.0,0.0,0.0,0.0,2038.0,0.0
0,276900,KELP,2036.0,31.0,0.0,0.0,0.0,0.0,2039,1,2040.0,30.0,0.0,0.0,2037.5,0.0
0,277000,KELP,2036.0,29.0,0.0,0.0,0.0,0.0,2039,29,0.0,0.0,0.0,0.0,2037.5,0.0
0,277100,KELP,2036.0,31.0,0.0,0.0,0.0,0.0,2038,5,2039.0,31.0,0.0,0.0,2037.0,0.0
0,277200,KELP,2036.0,25.0,0.0,0.0,0.0,0.0,2038,4,2039.0,25.0,0.0,0.0,2037.0,0.0
0,277300,KELP,2036.0,30.0,0.0,0.0,0.0,0.0,2040,30,0.0,0.0,0.0,0.0,2038.0,0.0
0,277400,KELP,2037.0,30.0,0.0,0.0,0.0,0.0,2040,30,0.0,0.0,0.0,0.0,2038.5,0.0
0,277500,KELP,2038.0,1.0,2037.0,2.0,2036.0,28.0,2040,28,0.0,0.0,0.0,0.0,2039.0,0.0
0,277600,KELP,2037.0,5.0,2036.0,25.0,0.0,0.0,2040,25,0.0,0.0,0.0,0.0,2038.5,0.0
0,277700,KELP,2037.0,2.0,2036.0,22.0,0.0,0.0,2040,24,0.0,0.0,0.0,0.0,2038.5,0.0
0,277800,KELP,2036.0,28.0,0.0,0.0,0.0,0.0,2040,28,0.0,0.0,0.0,0.0,2038.0,0.0
0,277900,KELP,2036.0,27.0,0.0,0.0,0.0,0.0,2038,2,2040.0,27.0,0.0,0.0,2037.0,0.0
0,278000,KELP,2037.0,6.0,2036.0,25.0,0.0,0.0,2040,25,0.0,0.0,0.0,0.0,2038.5,0.0
0,278100,KELP,2037.0,7.0,2036.0,30.0,0.0,0.0,2040,32,0.0,0.0,0.0,0.0,2038.5,0.0
0,278200,KELP,2037.0,1.0,2036.0,21.0,0.0,0.0,2040,22,0.0,0.0,0.0,0.0,2038.5,0.0
0,278300,KELP,2036.0,22.0,0.0,0.0,0.0,0.0,2040,22,0.0,0.0,0.0,0.0,2038.0,0.0
0,278400,KELP,2038.0,2.0,2037.0,28.0,0.0,0.0,2039,1,2040.0,28.0,0.0,0.0,2038.5,0.0
0,278500,KELP,2036.0,22.0,0.0,0.0,0.0,0.0,2038,7,2040.0,22.0,0.0,0.0,2037.0,0.0
0,278600,KELP,2036.0,30.0,0.0,0.0,0.0,0.0,2038,1,2040.0,30.0,0.0,0.0,2037.0,0.0
0,278700,KELP,2038.0,3.0,2036.0,31.0,0.0,0.0,2040,31,0.0,0.0,0.0,0.0,2039.0,0.0
0,278800,KELP,2036.0,29.0,0.0,0.0,0.0,0.0,2040,29,0.0,0.0,0.0,0.0,2038.0,0.0
0,278900,KELP,2037.0,3.0,2036.0,20.0,0.0,0.0,2040,21,0.0,0.0,0.0,0.0,2038.5,0.0
0,279000,KELP,2037.0,30.0,0.0,0.0,0.0,0.0,2039,1,2040.0,30.0,0.0,0.0,2038.0,0.0
0,279100,KELP,2036.0,25.0,0.0,0.0,0.0,0.0,2040,25,0.0,0.0,0.0,0.0,2038.0,0.0
0,279200,KELP,2037.0,33.0,0.0,0.0,0.0,0.0,2040,26,0.0,0.0,0.0,0.0,2038.5,0.0
0,279300,KELP,2037.0,26.0,0.0,0.0,0.0,0.0,2040,27,0.0,0.0,0.0,0.0,2038.5,0.0
0,279400,KELP,2037.0,24.0,0.0,0.0,0.0,0.0,2039,6,2040.0,24.0,0.0,0.0,2038.0,0.0
0,279500,KELP,2036.0,29.0,0.0,0.0,0.0,0.0,2040,29,0.0,0.0,0.0,0.0,2038.0,0.0
0,279600,KELP,2036.0,20.0,0.0,0.0,0.0,0.0,2040,21,0.0,0.0,0.0,0.0,2038.0,0.0
0,279700,KELP,2036.0,27.0,0.0,0.0,0.0,0.0,2040,27,0.0,0.0,0.0,0.0,2038.0,0.0
0,279800,KELP,2036.0,30.0,0.0,0.0,0.0,0.0,2039,22,0.0,0.0,0.0,0.0,2037.5,0.0
0,279900,KELP,2036.0,21.0,0.0,0.0,0.0,0.0,2039,21,0.0,0.0,0.0,0.0,2037.5,0.0
0,280000,KELP,2036.0,25.0,0.0,0.0,0.0,0.0,2040,25,0.0,0.0,0.0,0.0,2038.0,0.0
0,280100,KELP,2036.0,24.0,0.0,0.0,0.0,0.0,2039,2,2040.0,22.0,0.0,0.0,2037.5,0.0
0,280200,KELP,2039.0,1.0,2036.0,20.0,0.0,0.0,2040,20,0.0,0.0,0.0,0.0,2039.5,0.0
0,280300,KELP,2037.0,22.0,0.0,0.0,0.0,0.0,2040,22,0.0,0.0,0.0,0.0,2038.5,0.0
0,280400,KELP,2037.0,26.0,0.0,0.0,0.0,0.0,2040,26,0.0,0.0,0.0,0.0,2038.5,0.0
0,280500,KELP,2036.0,25.0,0.0,0.0,0.0,0.0,2040,26,0.0,0.0,0.0,0.0,2038.0,0.0
0,280600,KELP,2037.0,26.0,0.0,0.0,0.0,0.0,2040,26,0.0,0.0,0.0,0.0,2038.5,0.0
0,280700,KELP,2039.0,1.0,2036.0,28.0,0.0,0.0,2040,28,0.0,0.0,0.0,0.0,2039.5,0.0
0,280800,KELP,2036.0,29.0,0.0,0.0,0.0,0.0,2040,29,0.0,0.0,0.0,0.0,2038.0,0.0
0,280900,KELP,2038.0,5.0,2037.0,8.0,2036.0,30.0,2040,30,0.0,0.0,0.0,0.0,2039.0,0.0
0,281000,KELP,2037.0,2.0,2036.0,28.0,0.0,0.0,2040,30,0.0,0.0,0.0,0.0,2038.5,0.0
0,281100,KELP,2039.0,1.0,2036.0,29.0,0.0,0.0,2040,29,0.0,0.0,0.0,0.0,2039.5,0.0
0,281200,KELP,2036.0,24.0,0.0,0.0,0.0,0.0,2040,24,0.0,0.0,0.0,0.0,2038.0,0.0
0,281300,KELP,2038.0,1.0,2036.0,24.0,0.0,0.0,2040,24,0.0,0.0,0.0,0.0,2039.0,0.0
0,281400,KELP,2037.0,5.0,2036.0,26.0,0.0,0.0,2040,26,0.0,0.0,0.0,0.0,2038.5,0.0
0,281500,KELP,2036.0,25.0,0.0,0.0,0.0,0.0,2039,25,0.0,0.0,0.0,0.0,2037.5,0.0
0,281600,KELP,2036.0,26.0,0.0,0.0,0.0,0.0,2039,21,0.0,0.0,0.0,0.0,2037.5,0.0
0,281700,KELP,2036.0,29.0,0.0,0.0,0.0,0.0,2039,29,0.0,0.0,0.0,0.0,2037.5,0.0
0,281800,KELP,2036.0,22.0,0.0,0.0,0.0,0.0,2039,22,0.0,0.0,0.0,0.0,2037.5,0.0
0,281900,KELP,2036.0,26.0,0.0,0.0,0.0,0.0,2039,26,0.0,0.0,0.0,0.0,2037.5,0.0
0,282000,KELP,2036.0,21.0,0.0,0.0,0.0,0.0,2039,21,0.0,0.0,0.0,0.0,2037.5,0.0
0,282100,KELP,2036.0,25.0,0.0,0.0,0.0,0.0,2039,26,0.0,0.0,0.0,0.0,2037.5,0.0
0,282200,KELP,2036.0,23.0,0.0,0.0,0.0,0.0,2039,22,0.0,0.0,0.0,0.0,2037.5,0.0
0,282300,KELP,2036.0,2.0,2035.0,29.0,0.0,0.0,2039,31,0.0,0.0,0.0,0.0,2037.5,0.0
0,282400,KELP,2035.0,23.0,0.0,0.0,0.0,0.0,2037,1,2039.0,23.0,0.0,0.0,2036.0,0.0
0,282500,KELP,2035.0,24.0,0.0,0.0,0.0,0.0,2039,24,0.0,0.0,0.0,0.0,2037.0,0.0
0,282600,KELP,2036.0,3.0,2035.0,27.0,0.0,0.0,2039,27,0.0,0.0,0.0,0.0,2037.5,0.0
0,282700,KELP,2037.0,3.0,2035.0,22.0,0.0,0.0,2039,22,0.0,0.0,0.0,0.0,2038.0,0.0
0,282800,KELP,2035.0,30.0,0.0,0.0,0.0,0.0,2039,30,0.0,0.0,0.0,0.0,2037.0,0.0
0,282900,KELP,2038.0,1.0,2036.0,27.0,0.0,0.0,2039,27,0.0,0.0,0.0,0.0,2038.5,0.0
0,283000,KELP,2036.0,27.0,0.0,0.0,0.0,0.0,2039,27,0.0,0.0,0.0,0.0,2037.5,0.0
0,283100,KELP,2036.0,27.0,0.0,0.0,0.0,0.0,2039,27,0.0,0.0,0.0,0.0,2037.5,0.0
0,283200,KELP,2036.0,26.0,0.0,0.0,0.0,0.0,2039,23,0.0,0.0,0.0,0.0,2037.5,0.0
0,283300,KELP,2036.0,22.0,0.0,0.0,0.0,0.0,2039,22,0.0,0.0,0.0,0.0,2037.5,0.0
0,283400,KELP,2036.0,23.0,0.0,0.0,0.0,0.0,2039,24,0.0,0.0,0.0,0.0,2037.5,0.0
0,283500,KELP,2036.0,27.0,0.0,0.0,0.0,0.0,2039,28,0.0,0.0,0.0,0.0,2037.5,0.0
0,283600,KELP,2036.0,32.0,0.0,0.0,0.0,0.0,2039,28,0.0,0.0,0.0,0.0,2037.5,0.0
0,283700,KELP,2036.0,30.0,0.0,0.0,0.0,0.0,2038,5,2039.0,30.0,0.0,0.0,2037.0,0.0
0,283800,KELP,2036.0,28.0,0.0,0.0,0.0,0.0,2037,5,2039.0,1.0,2040.0,21.0,2036.5,0.0
0,283900,KELP,2036.0,30.0,0.0,0.0,0.0,0.0,2039,28,0.0,0.0,0.0,0.0,2037.5,0.0
0,284000,KELP,2036.0,24.0,0.0,0.0,0.0,0.0,2039,24,0.0,0.0,0.0,0.0,2037.5,0.0
0,284100,KELP,2036.0,23.0,0.0,0.0,0.0,0.0,2039,23,0.0,0.0,0.0,0.0,2037.5,0.0
0,284200,KELP,2036.0,27.0,0.0,0.0,0.0,0.0,2039,27,0.0,0.0,0.0,0.0,2037.5,0.0
0,284300,KELP,2036.0,28.0,0.0,0.0,0.0,0.0,2039,20,0.0,0.0,0.0,0.0,2037.5,0.0
0,284400,KELP,2036.0,31.0,0.0,0.0,0.0,0.0,2039,31,0.0,0.0,0.0,0.0,2037.5,0.0
0,284500,KELP,2036.0,24.0,0.0,0.0,0.0,0.0,2038,5,2039.0,24.0,0.0,0.0,2037.0,0.0
0,284600,KELP,2036.0,23.0,0.0,0.0,0.0,0.0,2039,23,0.0,0.0,0.0,0.0,2037.5,0.0
0,284700,KELP,2036.0,32.0,0.0,0.0,0.0,0.0,2039,32,0.0,0.0,0.0,0.0,2037.5,0.0
0,284800,KELP,2036.0,29.0,0.0,0.0,0.0,0.0,2039,30,0.0,0.0,0.0,0.0,2037.5,0.0
0,284900,KELP,2038.0,1.0,2036.0,26.0,0.0,0.0,2039,26,0.0,0.0,0.0,0.0,2038.5,0.0
0,285000,KELP,2036.0,37.0,0.0,0.0,0.0,0.0,2039,31,0.0,0.0,0.0,0.0,2037.5,0.0
0,285100,KELP,2036.0,30.0,0.0,0.0,0.0,0.0,2039,30,0.0,0.0,0.0,0.0,2037.5,0.0
0,285200,KELP,2036.0,26.0,0.0,0.0,0.0,0.0,2039,22,0.0,0.0,0.0,0.0,2037.5,0.0
0,285300,KELP,2036.0,24.0,0.0,0.0,0.0,0.0,2039,1,2040.0,23.0,0.0,0.0,2037.5,0.0
0,285400,KELP,2036.0,24.0,0.0,0.0,0.0,0.0,2039,24,0.0,0.0,0.0,0.0,2037.5,0.0
0,285500,KELP,2037.0,1.0,2036.0,28.0,0.0,0.0,2039,28,0.0,0.0,0.0,0.0,2038.0,0.0
0,285600,KELP,2037.0,5.0,2036.0,26.0,0.0,0.0,2039,26,0.0,0.0,0.0,0.0,2038.0,0.0
0,285700,KELP,2036.0,27.0,0.0,0.0,0.0,0.0,2038,3,2039.0,28.0,0.0,0.0,2037.0,0.0
0,285800,KELP,2036.0,29.0,0.0,0.0,0.0,0.0,2039,29,0.0,0.0,0.0,0.0,2037.5,0.0
0,285900,KELP,2036.0,22.0,0.0,0.0,0.0,0.0,2039,22,0.0,0.0,0.0,0.0,2037.5,0.0
0,286000,KELP,2036.0,23.0,0.0,0.0,0.0,0.0,2037,4,2039.0,23.0,0.0,0.0,2036.5,0.0
0,286100,KELP,2036.0,29.0,0.0,0.0,0.0,0.0,2039,27,0.0,0.0,0.0,0.0,2037.5,0.0
0,286200,KELP,2036.0,23.0,0.0,0.0,0.0,0.0,2039,23,0.0,0.0,0.0,0.0,2037.5,0.0
0,286300,KELP,2036.0,28.0,0.0,0.0,0.0,0.0,2039,28,0.0,0.0,0.0,0.0,2037.5,0.0
0,286400,KELP,2036.0,22.0,0.0,0.0,0.0,0.0,2039,22,0.0,0.0,0.0,0.0,2037.5,0.0
0,286500,KELP,2036.0,24.0,0.0,0.0,0.0,0.0,2038,6,2040.0,24.0,0.0,0.0,2037.0,0.0
0,286600,KELP,2037.0,4.0,2036.0,30.0,0.0,0.0,2039,1,2040.0,29.0,0.0,0.0,2038.0,0.0
0,286700,KELP,2036.0,30.0,0.0,0.0,0.0,0.0,2040,30,0.0,0.0,0.0,0.0,2038.0,0.0
0,286800,KELP,2036.0,24.0,0.0,0.0,0.0,0.0,2040,24,0.0,0.0,0.0,0.0,2038.0,0.0
0,286900,KELP,2036.0,22.0,0.0,0.0,0.0,0.0,2038,5,2040.0,22.0,0.0,0.0,2037.0,0.0
0,287000,KELP,2038.0,1.0,2036.0,25.0,0.0,0.0,2040,25,0.0,0.0,0.0,0.0,2039.0,0.0
0,287100,KELP,2036.0,26.0,0.0,0.0,0.0,0.0,2039,26,0.0,0.0,0.0,0.0,2037.5,0.0
0,287200,KELP,2036.0,1.0,2035.0,27.0,0.0,0.0,2039,28,0.0,0.0,0.0,0.0,2037.5,0.0
0,287300,KELP,2036.0,27.0,0.0,0.0,0.0,0.0,2039,28,0.0,0.0,0.0,0.0,2037.5,0.0
0,287400,KELP,2036.0,23.0,0.0,0.0,0.0,0.0,2038,3,2039.0,23.0,0.0,0.0,2037.0,0.0
0,287500,KELP,2038.0,1.0,2036.0,22.0,0.0,0.0,2039,22,0.0,0.0,0.0,0.0,2038.5,0.0
0,287600,KELP,2036.0,25.0,0.0,0.0,0.0,0.0,2039,24,0.0,0.0,0.0,0.0,2037.5,0.0
0,287700,KELP,2036.0,26.0,0.0,0.0,0.0,0.0,2038,2,2039.0,26.0,0.0,0.0,2037.0,0.0
0,287800,KELP,2036.0,1.0,2035.0,27.0,0.0,0.0,2038,1,2039.0,28.0,0.0,0.0,2037.0,0.0
0,287900,KELP,2036.0,2.0,2035.0,29.0,0.0,0.0,2039,31,0.0,0.0,0.0,0.0,2037.5,0.0
0,288000,KELP,2036.0,29.0,0.0,0.0,0.0,0.0,2039,29,0.0,0.0,0.0,0.0,2037.5,0.0
0,288100,KELP,2036.0,29.0,0.0,0.0,0.0,0.0,2039,29,0.0,0.0,0.0,0.0,2037.5,0.0
0,288200,KELP,2036.0,31.0,0.0,0.0,0.0,0.0,2039,31,0.0,0.0,0.0,0.0,2037.5,0.0
0,288300,KELP,2035.0,30.0,0.0,0.0,0.0,0.0,2039,30,0.0,0.0,0.0,0.0,2037.0,0.0
0,288400,KELP,2035.0,22.0,0.0,0.0,0.0,0.0,2039,22,0.0,0.0,0.0,0.0,2037.0,0.0
0,288500,KELP,2035.0,25.0,0.0,0.0,0.0,0.0,2039,25,0.0,0.0,0.0,0.0,2037.0,0.0
0,288600,KELP,2035.0,24.0,0.0,0.0,0.0,0.0,2039,24,0.0,0.0,0.0,0.0,2037.0,0.0
0,288700,KELP,2036.0,4.0,2035.0,28.0,0.0,0.0,2039,28,0.0,0.0,0.0,0.0,2037.5,0.0
0,288800,KELP,2035.0,25.0,0.0,0.0,0.0,0.0,2039,25,0.0,0.0,0.0,0.0,2037.0,0.0
0,288900,KELP,2035.0,31.0,0.0,0.0,0.0,0.0,2039,31,0.0,0.0,0.0,0.0,2037.0,0.0
0,289000,KELP,2035.0,31.0,0.0,0.0,0.0,0.0,2038,25,0.0,0.0,0.0,0.0,2036.5,0.0
0,289100,KELP,2037.0,1.0,2035.0,29.0,0.0,0.0,2038,29,0.0,0.0,0.0,0.0,2037.5,0.0
0,289200,KELP,2035.0,27.0,0.0,0.0,0.0,0.0,2038,23,0.0,0.0,0.0,0.0,2036.5,0.0
0,289300,KELP,2037.0,2.0,2035.0,29.0,0.0,0.0,2038,29,0.0,0.0,0.0,0.0,2037.5,0.0
0,289400,KELP,2035.0,27.0,0.0,0.0,0.0,0.0,2037,8,2039.0,27.0,0.0,0.0,2036.0,0.0
0,289500,KELP,2035.0,21.0,0.0,0.0,0.0,0.0,2038,21,0.0,0.0,0.0,0.0,2036.5,0.0
0,289600,KELP,2035.0,28.0,0.0,0.0,0.0,0.0,2039,28,0.0,0.0,0.0,0.0,2037.0,0.0
0,289700,KELP,2035.0,24.0,0.0,0.0,0.0,0.0,2037,5,2039.0,24.0,0.0,0.0,2036.0,0.0
0,289800,KELP,2035.0,27.0,0.0,0.0,0.0,0.0,2038,2,2039.0,25.0,0.0,0.0,2036.5,0.0
0,289900,KELP,2035.0,22.0,0.0,0.0,0.0,0.0,2037,2,2038.0,22.0,0.0,0.0,2036.0,0.0
0,290000,KELP,2035.0,26.0,0.0,0.0,0.0,0.0,2038,26,0.0,0.0,0.0,0.0,2036.5,0.0
0,290100,KELP,2035.0,25.0,0.0,0.0,0.0,0.0,2038,25,0.0,0.0,0.0,0.0,2036.5,0.0
0,290200,KELP,2035.0,32.0,0.0,0.0,0.0,0.0,2037,2,2038.0,32.0,0.0,0.0,2036.0,0.0
0,290300,KELP,2035.0,26.0,0.0,0.0,0.0,0.0,2039,26,0.0,0.0,0.0,0.0,2037.0,0.0
0,290400,KELP,2035.0,30.0,0.0,0.0,0.0,0.0,2038,30,0.0,0.0,0.0,0.0,2036.5,0.0
0,290500,KELP,2035.0,27.0,0.0,0.0,0.0,0.0,2038,27,0.0,0.0,0.0,0.0,2036.5,0.0
0,290600,KELP,2035.0,20.0,0.0,0.0,0.0,0.0,2037,1,2038.0,20.0,0.0,0.0,2036.0,0.0
0,290700,KELP,2035.0,22.0,0.0,0.0,0.0,0.0,2038,22,0.0,0.0,0.0,0.0,2036.5,0.0
0,290800,KELP,2035.0,23.0,0.0,0.0,0.0,0.0,2038,27,0.0,0.0,0.0,0.0,2036.5,0.0
0,290900,KELP,2035.0,25.0,0.0,0.0,0.0,0.0,2038,25,0.0,0.0,0.0,0.0,2036.5,0.0
0,291000,KELP,2035.0,25.0,0.0,0.0,0.0,0.0,2037,7,2038.0,25.0,0.0,0.0,2036.0,0.0
0,291100,KELP,2035.0,29.0,0.0,0.0,0.0,0.0,2037,6,2038.0,29.0,0.0,0.0,2036.0,0.0
0,291200,KELP,2035.0,28.0,0.0,0.0,0.0,0.0,2037,7,2038.0,28.0,0.0,0.0,2036.0,0.0
0,291300,KELP,2035.0,23.0,0.0,0.0,0.0,0.0,2038,23,0.0,0.0,0.0,0.0,2036.5,0.0
0,291400,KELP,2035.0,27.0,0.0,0.0,0.0,0.0,2038,28,0.0,0.0,0.0,0.0,2036.5,0.0
0,291500,KELP,2034.0,30.0,0.0,0.0,0.0,0.0,2038,30,0.0,0.0,0.0,0.0,2036.0,0.0
0,291600,KELP,2035.0,2.0,2034.0,27.0,0.0,0.0,2038,29,0.0,0.0,0.0,0.0,2036.5,0.0
0,291700,KELP,2035.0,1.0,2034.0,30.0,0.0,0.0,2038,31,0.0,0.0,0.0,0.0,2036.5,0.0
0,291800,KELP,2035.0,2.0,2034.0,29.0,0.0,0.0,2038,31,0.0,0.0,0.0,0.0,2036.5,0.0
0,291900,KELP,2034.0,30.0,0.0,0.0,0.0,0.0,2035,1,2038.0,30.0,0.0,0.0,2034.5,0.0
0,292000,KELP,2034.0,26.0,0.0,0.0,0.0,0.0,2038,26,0.0,0.0,0.0,0.0,2036.0,0.0
0,292100,KELP,2034.0,30.0,0.0,0.0,0.0,0.0,2036,5,2038.0,30.0,0.0,0.0,2035.0,0.0
0,292200,KELP,2036.0,3.0,2034.0,31.0,0.0,0.0,2037,31,0.0,0.0,0.0,0.0,2036.5,0.0
0,292300,KELP,2033.0,28.0,0.0,0.0,0.0,0.0,2037,28,0.0,0.0,0.0,0.0,2035.0,0.0
0,292400,KELP,2034.0,4.0,2033.0,22.0,0.0,0.0,2037,22,0.0,0.0,0.0,0.0,2035.5,0.0
0,292500,KELP,2034.0,26.0,0.0,0.0,0.0,0.0,2036,4,2037.0,26.0,0.0,0.0,2035.0,0.0
0,292600,KELP,2034.0,26.0,0.0,0.0,0.0,0.0,2037,26,0.0,0.0,0.0,0.0,2035.5,0.0
0,292700,KELP,2034.0,28.0,0.0,0.0,0.0,0.0,2037,28,0.0,0.0,0.0,0.0,2035.5,0.0
0,292800,KELP,2036.0,1.0,2033.0,24.0,0.0,0.0,2037,24,0.0,0.0,0.0,0.0,2036.5,0.0
0,292900,KELP,2034.0,2.0,2033.0,29.0,0.0,0.0,2035,8,2037.0,31.0,0.0,0.0,2034.5,0.0
0,293000,KELP,2035.0,10.0,2033.0,22.0,0.0,0.0,2037,22,0.0,0.0,0.0,0.0,2036.0,0.0
0,293100,KELP,2036.0,1.0,2034.0,1.0,2033.0,31.0,2037,31,0.0,0.0,0.0,0.0,2036.5,0.0
0,293200,KELP,2033.0,27.0,0.0,0.0,0.0,0.0,2035,3,2037.0,27.0,0.0,0.0,2034.0,0.0
0,293300,KELP,2035.0,3.0,2033.0,32.0,0.0,0.0,2036,31,0.0,0.0,0.0,0.0,2035.5,0.0
0,293400,KELP,2032.0,27.0,0.0,0.0,0.0,0.0,2035,27,0.0,0.0,0.0,0.0,2033.5,0.0
0,293500,KELP,2033.0,23.0,0.0,0.0,0.0,0.0,2034,4,2036.0,28.0,0.0,0.0,2033.5,0.0
0,293600,KELP,2033.0,2.0,2032.0,24.0,0.0,0.0,2036,26,0.0,0.0,0.0,0.0,2034.5,0.0
0,293700,KELP,2033.0,1.0,2032.0,26.0,0.0,0.0,2036,27,0.0,0.0,0.0,0.0,2034.5,0.0
0,293800,KELP,2032.0,28.0,0.0,0.0,0.0,0.0,2033,1,2036.0,28.0,0.0,0.0,2032.5,0.0
0,293900,KELP,2035.0,1.0,2033.0,2.0,2032.0,23.0,2036,25,0.0,0.0,0.0,0.0,2035.5,0.0
0,294000,KELP,2032.0,27.0,0.0,0.0,0.0,0.0,2036,27,0.0,0.0,0.0,0.0,2034.0,0.0
0,294100,KELP,2033.0,1.0,2032.0,21.0,0.0,0.0,2036,22,0.0,0.0,0.0,0.0,2034.5,0.0
0,294200,KELP,2032.0,29.0,0.0,0.0,0.0,0.0,2033,2,2036.0,29.0,0.0,0.0,2032.5,0.0
0,294300,KELP,2032.0,31.0,0.0,0.0,0.0,0.0,2036,31,0.0,0.0,0.0,0.0,2034.0,0.0
0,294400,KELP,2034.0,1.0,2032.0,29.0,0.0,0.0,2036,29,0.0,0.0,0.0,0.0,2035.0,0.0
0,294500,KELP,2032.0,25.0,0.0,0.0,0.0,0.0,2035,25,0.0,0.0,0.0,0.0,2033.5,0.0
0,294600,KELP,2034.0,1.0,2032.0,22.0,0.0,0.0,2036,22,0.0,0.0,0.0,0.0,2035.0,0.0
0,294700,KELP,2033.0,29.0,0.0,0.0,0.0,0.0,2035,1,2036.0,29.0,0.0,0.0,2034.0,0.0
0,294800,KELP,2033.0,20.0,0.0,0.0,0.0,0.0,2036,20,0.0,0.0,0.0,0.0,2034.5,0.0
0,294900,KELP,2033.0,25.0,0.0,0.0,0.0,0.0,2036,25,0.0,0.0,0.0,0.0,2034.5,0.0
0,295000,KELP,2033.0,15.0,0.0,0.0,0.0,0.0,2036,25,0.0,0.0,0.0,0.0,2034.5,0.0
0,295100,KELP,2033.0,25.0,0.0,0.0,0.0,0.0,2036,25,0.0,0.0,0.0,0.0,2034.5,0.0
0,295200,KELP,2033.0,24.0,0.0,0.0,0.0,0.0,2037,24,0.0,0.0,0.0,0.0,2035.0,0.0
0,295300,KELP,2034.0,7.0,2033.0,32.0,0.0,0.0,2037,32,0.0,0.0,0.0,0.0,2035.5,0.0
0,295400,KELP,2034.0,26.0,0.0,0.0,0.0,0.0,2037,26,0.0,0.0,0.0,0.0,2035.5,0.0
0,295500,KELP,2034.0,24.0,0.0,0.0,0.0,0.0,2037,24,0.0,0.0,0.0,0.0,2035.5,0.0
0,295600,KELP,2034.0,23.0,0.0,0.0,0.0,0.0,2037,20,0.0,0.0,0.0,0.0,2035.5,0.0
0,295700,KELP,2034.0,30.0,0.0,0.0,0.0,0.0,2037,30,0.0,0.0,0.0,0.0,2035.5,0.0
0,295800,KELP,2036.0,1.0,2034.0,31.0,0.0,0.0,2037,31,0.0,0.0,0.0,0.0,2036.5,0.0
0,295900,KELP,2036.0,1.0,2034.0,23.0,0.0,0.0,2037,23,0.0,0.0,0.0,0.0,2036.5,0.0
0,296000,KELP,2036.0,5.0,2034.0,27.0,0.0,0.0,2037,2,2038.0,25.0,0.0,0.0,2036.5,0.0
0,296100,KELP,2034.0,28.0,0.0,0.0,0.0,0.0,2036,6,2038.0,28.0,0.0,0.0,2035.0,0.0
0,296200,KELP,2034.0,27.0,0.0,0.0,0.0,0.0,2036,8,2037.0,27.0,0.0,0.0,2035.0,0.0
0,296300,KELP,2034.0,25.0,0.0,0.0,0.0,0.0,2037,25,0.0,0.0,0.0,0.0,2035.5,0.0
0,296400,KELP,2034.0,35.0,0.0,0.0,0.0,0.0,2037,27,0.0,0.0,0.0,0.0,2035.5,0.0
0,296500,KELP,2034.0,27.0,0.0,0.0,0.0,0.0,2037,27,0.0,0.0,0.0,0.0,2035.5,0.0
0,296600,KELP,2034.0,23.0,0.0,0.0,0.0,0.0,2037,23,0.0,0.0,0.0,0.0,2035.5,0.0
0,296700,KELP,2034.0,23.0,0.0,0.0,0.0,0.0,2037,23,0.0,0.0,0.0,0.0,2035.5,0.0
0,296800,KELP,2034.0,23.0,0.0,0.0,0.0,0.0,2037,23,0.0,0.0,0.0,0.0,2035.5,0.0
0,296900,KELP,2034.0,27.0,0.0,0.0,0.0,0.0,2037,27,0.0,0.0,0.0,0.0,2035.5,0.0
0,297000,KELP,2034.0,21.0,0.0,0.0,0.0,0.0,2037,21,0.0,0.0,0.0,0.0,2035.5,0.0
0,297100,KELP,2034.0,26.0,0.0,0.0,0.0,0.0,2037,26,0.0,0.0,0.0,0.0,2035.5,0.0
0,297200,KELP,2034.0,26.0,0.0,0.0,0.0,0.0,2037,26,0.0,0.0,0.0,0.0,2035.5,0.0
0,297300,KELP,2034.0,25.0,0.0,0.0,0.0,0.0,2037,25,0.0,0.0,0.0,0.0,2035.5,0.0
0,297400,KELP,2034.0,23.0,0.0,0.0,0.0,0.0,2037,23,0.0,0.0,0.0,0.0,2035.5,0.0
0,297500,KELP,2034.0,32.0,0.0,0.0,0.0,0.0,2037,24,0.0,0.0,0.0,0.0,2035.5,0.0
0,297600,KELP,2033.0,20.0,0.0,0.0,0.0,0.0,2037,20,0.0,0.0,0.0,0.0,2035.0,0.0
0,297700,KELP,2033.0,22.0,0.0,0.0,0.0,0.0,2035,7,2037.0,22.0,0.0,0.0,2034.0,0.0
0,297800,KELP,2033.0,24.0,0.0,0.0,0.0,0.0,2037,24,0.0,0.0,0.0,0.0,2035.0,0.0
0,297900,KELP,2033.0,26.0,0.0,0.0,0.0,0.0,2035,5,2037.0,26.0,0.0,0.0,2034.0,0.0
0,298000,KELP,2033.0,27.0,0.0,0.0,0.0,0.0,2037,27,0.0,0.0,0.0,0.0,2035.0,0.0
0,298100,KELP,2034.0,1.0,2033.0,21.0,0.0,0.0,2037,21,0.0,0.0,0.0,0.0,2035.5,0.0
0,298200,KELP,2033.0,32.0,0.0,0.0,0.0,0.0,2035,8,2037.0,32.0,0.0,0.0,2034.0,0.0
0,298300,KELP,2034.0,32.0,0.0,0.0,0.0,0.0,2036,1,2037.0,32.0,0.0,0.0,2035.0,0.0
0,298400,KELP,2033.0,27.0,0.0,0.0,0.0,0.0,2037,27,0.0,0.0,0.0,0.0,2035.0,0.0
0,298500,KELP,2034.0,1.0,2033.0,21.0,0.0,0.0,2037,22,0.0,0.0,0.0,0.0,2035.5,0.0
0,298600,KELP,2033.0,20.0,0.0,0.0,0.0,0.0,2037,20,0.0,0.0,0.0,0.0,2035.0,0.0
0,298700,KELP,2033.0,22.0,0.0,0.0,0.0,0.0,2036,1,2037.0,21.0,0.0,0.0,2034.5,0.0
0,298800,KELP,2033.0,25.0,0.0,0.0,0.0,0.0,2035,1,2036.0,25.0,0.0,0.0,2034.0,0.0
0,298900,KELP,2033.0,26.0,0.0,0.0,0.0,0.0,2035,5,2036.0,26.0,0.0,0.0,2034.0,0.0
0,299000,KELP,2033.0,21.0,0.0,0.0,0.0,0.0,2036,21,0.0,0.0,0.0,0.0,2034.5,0.0
0,299100,KELP,2034.0,8.0,2033.0,25.0,0.0,0.0,2036,1,2037.0,24.0,0.0,0.0,2035.0,0.0
0,299200,KELP,2033.0,28.0,0.0,0.0,0.0,0.0,2036,2,2037.0,26.0,0.0,0.0,2034.5,0.0
0,299300,KELP,2033.0,21.0,0.0,0.0,0.0,0.0,2036,21,0.0,0.0,0.0,0.0,2034.5,0.0
0,299400,KELP,2033.0,26.0,0.0,0.0,0.0,0.0,2035,4,2036.0,27.0,0.0,0.0,2034.0,0.0
0,299500,KELP,2033.0,29.0,0.0,0.0,0.0,0.0,2034,5,2035.0,4.0,2036.0,29.0,2033.5,0.0
0,299600,KELP,2033.0,30.0,0.0,0.0,0.0,0.0,2035,1,2036.0,31.0,0.0,0.0,2034.0,0.0
0,299700,KELP,2033.0,25.0,0.0,0.0,0.0,0.0,2036,27,0.0,0.0,0.0,0.0,2034.5,0.0
0,299800,KELP,2033.0,31.0,0.0,0.0,0.0,0.0,2036,31,0.0,0.0,0.0,0.0,2034.5,0.0
0,299900,KELP,2033.0,24.0,0.0,0.0,0.0,0.0,2035,7,2036.0,24.0,0.0,0.0,2034.0,0.0
0,300000,KELP,2033.0,25.0,0.0,0.0,0.0,0.0,2036,1,2037.0,24.0,0.0,0.0,2034.5,0.0
0,300100,KELP,2033.0,22.0,0.0,0.0,0.0,0.0,2037,22,0.0,0.0,0.0,0.0,2035.0,0.0
0,300200,KELP,2033.0,26.0,0.0,0.0,0.0,0.0,2037,26,0.0,0.0,0.0,0.0,2035.0,0.0
0,300300,KELP,2033.0,21.0,0.0,0.0,0.0,0.0,2036,21,0.0,0.0,0.0,0.0,2034.5,0.0
0,300400,KELP,2033.0,22.0,0.0,0.0,0.0,0.0,2036,23,0.0,0.0,0.0,0.0,2034.5,0.0
0,300500,KELP,2033.0,25.0,0.0,0.0,0.0,0.0,2034,4,2036.0,25.0,0.0,0.0,2033.5,0.0
0,300600,KELP,2033.0,22.0,0.0,0.0,0.0,0.0,2036,22,0.0,0.0,0.0,0.0,2034.5,0.0
0,300700,KELP,2033.0,22.0,0.0,0.0,0.0,0.0,2035,4,2037.0,22.0,0.0,0.0,2034.0,0.0
0,300800,KELP,2033.0,21.0,0.0,0.0,0.0,0.0,2036,2,2037.0,20.0,0.0,0.0,2034.5,0.0
0,300900,KELP,2034.0,3.0,2033.0,21.0,0.0,0.0,2036,1,2037.0,20.0,0.0,0.0,2035.0,0.0
0,301000,KELP,2033.0,32.0,0.0,0.0,0.0,0.0,2035,4,2036.0,2.0,2037.0,30.0,2034.0,0.0
0,301100,KELP,2033.0,30.0,0.0,0.0,0.0,0.0,2037,30,0.0,0.0,0.0,0.0,2035.0,0.0
0,301200,KELP,2035.0,8.0,2033.0,23.0,0.0,0.0,2036,23,0.0,0.0,0.0,0.0,2035.5,0.0
0,301300,KELP,2033.0,34.0,0.0,0.0,0.0,0.0,2036,29,0.0,0.0,0.0,0.0,2034.5,0.0
0,301400,KELP,2033.0,23.0,0.0,0.0,0.0,0.0,2036,23,0.0,0.0,0.0,0.0,2034.5,0.0
0,301500,KELP,2033.0,25.0,0.0,0.0,0.0,0.0,2036,25,0.0,0.0,0.0,0.0,2034.5,0.0
0,301600,KELP,2033.0,24.0,0.0,0.0,0.0,0.0,2036,24,0.0,0.0,0.0,0.0,2034.5,0.0
0,301700,KELP,2033.0,29.0,0.0,0.0,0.0,0.0,2035,3,2036.0,29.0,0.0,0.0,2034.0,0.0
0,301800,KELP,2033.0,27.0,0.0,0.0,0.0,0.0,2036,27,0.0,0.0,0.0,0.0,2034.5,0.0
0,301900,KELP,2033.0,20.0,0.0,0.0,0.0,0.0,2035,3,2036.0,20.0,0.0,0.0,2034.0,0.0
0,302000,KELP,2033.0,31.0,0.0,0.0,0.0,0.0,2036,31,0.0,0.0,0.0,0.0,2034.5,0.0
0,302100,KELP,2033.0,24.0,0.0,0.0,0.0,0.0,2036,24,0.0,0.0,0.0,0.0,2034.5,0.0
0,302200,KELP,2033.0,25.0,0.0,0.0,0.0,0.0,2036,25,0.0,0.0,0.0,0.0,2034.5,0.0
0,302300,KELP,2033.0,31.0,0.0,0.0,0.0,0.0,2037,31,0.0,0.0,0.0,0.0,2035.0,0.0
0,302400,KELP,2034.0,5.0,2033.0,23.0,0.0,0.0,2037,23,0.0,0.0,0.0,0.0,2035.5,0.0
0,302500,KELP,2033.0,20.0,0.0,0.0,0.0,0.0,2037,20,0.0,0.0,0.0,0.0,2035.0,0.0
0,302600,KELP,2034.0,1.0,2033.0,26.0,0.0,0.0,2037,27,0.0,0.0,0.0,0.0,2035.5,0.0
0,302700,KELP,2034.0,24.0,0.0,0.0,0.0,0.0,2037,24,0.0,0.0,0.0,0.0,2035.5,0.0
0,302800,KELP,2034.0,24.0,0.0,0.0,0.0,0.0,2037,24,0.0,0.0,0.0,0.0,2035.5,0.0
0,302900,KELP,2034.0,24.0,0.0,0.0,0.0,0.0,2036,8,2037.0,24.0,0.0,0.0,2035.0,0.0
0,303000,KELP,2034.0,31.0,0.0,0.0,0.0,0.0,2037,26,0.0,0.0,0.0,0.0,2035.5,0.0
0,303100,KELP,2034.0,21.0,0.0,0.0,0.0,0.0,2037,21,0.0,0.0,0.0,0.0,2035.5,0.0
0,303200,KELP,2034.0,26.0,0.0,0.0,0.0,0.0,2037,26,0.0,0.0,0.0,0.0,2035.5,0.0
0,303300,KELP,2034.0,23.0,0.0,0.0,0.0,0.0,2036,8,2037.0,23.0,0.0,0.0,2035.0,0.0
0,303400,KELP,2034.0,24.0,0.0,0.0,0.0,0.0,2037,24,0.0,0.0,0.0,0.0,2035.5,0.0
0,303500,KELP,2036.0,5.0,2034.0,26.0,0.0,0.0,2037,26,0.0,0.0,0.0,0.0,2036.5,0.0
0,303600,KELP,2035.0,6.0,2034.0,23.0,0.0,0.0,2037,2,2038.0,21.0,0.0,0.0,2036.0,0.0
0,303700,KELP,2034.0,22.0,0.0,0.0,0.0,0.0,2037,1,2038.0,21.0,0.0,0.0,2035.5,0.0
0,303800,KELP,2034.0,24.0,0.0,0.0,0.0,0.0,2038,24,0.0,0.0,0.0,0.0,2036.0,0.0
0,303900,KELP,2034.0,32.0,0.0,0.0,0.0,0.0,2038,32,0.0,0.0,0.0,0.0,2036.0,0.0
0,304000,KELP,2034.0,24.0,0.0,0.0,0.0,0.0,2037,24,0.0,0.0,0.0,0.0,2035.5,0.0
0,304100,KELP,2036.0,1.0,2034.0,30.0,0.0,0.0,2037,30,0.0,0.0,0.0,0.0,2036.5,0.0
0,304200,KELP,2034.0,32.0,0.0,0.0,0.0,0.0,2037,32,0.0,0.0,0.0,0.0,2035.5,0.0
0,304300,KELP,2034.0,33.0,0.0,0.0,0.0,0.0,2037,27,0.0,0.0,0.0,0.0,2035.5,0.0
0,304400,KELP,2036.0,1.0,2034.0,31.0,0.0,0.0,2037,31,0.0,0.0,0.0,0.0,2036.5,0.0
0,304500,KELP,2034.0,25.0,0.0,0.0,0.0,0.0,2037,25,0.0,0.0,0.0,0.0,2035.5,0.0
0,304600,KELP,2034.0,22.0,0.0,0.0,0.0,0.0,2035,1,2036.0,1.0,2037.0,22.0,2034.5,0.0
0,304700,KELP,2036.0,1.0,2034.0,29.0,0.0,0.0,2037,29,0.0,0.0,0.0,0.0,2036.5,0.0
0,304800,KELP,2034.0,1.0,2033.0,22.0,0.0,0.0,2037,23,0.0,0.0,0.0,0.0,2035.5,0.0
0,304900,KELP,2034.0,3.0,2033.0,27.0,0.0,0.0,2037,27,0.0,0.0,0.0,0.0,2035.5,0.0
0,305000,KELP,2033.0,20.0,0.0,0.0,0.0,0.0,2037,21,0.0,0.0,0.0,0.0,2035.0,0.0
0,305100,KELP,2033.0,36.0,0.0,0.0,0.0,0.0,2036,2,2037.0,29.0,0.0,0.0,2034.5,0.0
0,305200,KELP,2033.0,28.0,0.0,0.0,0.0,0.0,2036,2,2037.0,26.0,0.0,0.0,2034.5,0.0
0,305300,KELP,2033.0,21.0,0.0,0.0,0.0,0.0,2035,1,2036.0,21.0,0.0,0.0,2034.0,0.0
0,305400,KELP,2033.0,25.0,0.0,0.0,0.0,0.0,2037,25,0.0,0.0,0.0,0.0,2035.0,0.0
0,305500,KELP,2033.0,30.0,0.0,0.0,0.0,0.0,2034,5,2035.0,1.0,2037.0,30.0,2033.5,0.0
0,305600,KELP,2033.0,24.0,0.0,0.0,0.0,0.0,2037,24,0.0,0.0,0.0,0.0,2035.0,0.0
0,305700,KELP,2033.0,31.0,0.0,0.0,0.0,0.0,2034,4,2037.0,32.0,0.0,0.0,2033.5,0.0
0,305800,KELP,2033.0,21.0,0.0,0.0,0.0,0.0,2037,21,0.0,0.0,0.0,0.0,2035.0,0.0
0,305900,KELP,2033.0,27.0,0.0,0.0,0.0,0.0,2035,7,2037.0,27.0,0.0,0.0,2034.0,0.0
0,306000,KELP,2034.0,8.0,2033.0,22.0,0.0,0.0,2037,22,0.0,0.0,0.0,0.0,2035.5,0.0
0,306100,KELP,2033.0,26.0,0.0,0.0,0.0,0.0,2037,26,0.0,0.0,0.0,0.0,2035.0,0.0
0,306200,KELP,2033.0,22.0,0.0,0.0,0.0,0.0,2037,22,0.0,0.0,0.0,0.0,2035.0,0.0
0,306300,KELP,2033.0,24.0,0.0,0.0,0.0,0.0,2037,24,0.0,0.0,0.0,0.0,2035.0,0.0
0,306400,KELP,2034.0,32.0,0.0,0.0,0.0,0.0,2037,32,0.0,0.0,0.0,0.0,2035.5,0.0
0,306500,KELP,2034.0,25.0,0.0,0.0,0.0,0.0,2037,25,0.0,0.0,0.0,0.0,2035.5,0.0
0,306600,KELP,2034.0,28.0,0.0,0.0,0.0,0.0,2036,2,2037.0,28.0,0.0,0.0,2035.0,0.0
0,306700,KELP,2034.0,30.0,0.0,0.0,0.0,0.0,2037,30,0.0,0.0,0.0,0.0,2035.5,0.0
0,306800,KELP,2034.0,25.0,0.0,0.0,0.0,0.0,2036,2,2037.0,25.0,0.0,0.0,2035.0,0.0
0,306900,KELP,2034.0,21.0,0.0,0.0,0.0,0.0,2037,21,0.0,0.0,0.0,0.0,2035.5,0.0
0,307000,KELP,2034.0,28.0,0.0,0.0,0.0,0.0,2037,28,0.0,0.0,0.0,0.0,2035.5,0.0
0,307100,KELP,2034.0,30.0,0.0,0.0,0.0,0.0,2037,31,0.0,0.0,0.0,0.0,2035.5,0.0
0,307200,KELP,2034.0,22.0,0.0,0.0,0.0,0.0,2037,22,0.0,0.0,0.0,0.0,2035.5,0.0
0,307300,KELP,2034.0,25.0,0.0,0.0,0.0,0.0,2035,6,2038.0,25.0,0.0,0.0,2034.5,0.0
0,307400,KELP,2036.0,1.0,2034.0,25.0,0.0,0.0,2037,2,2038.0,23.0,0.0,0.0,2036.5,0.0
0,307500,KELP,2036.0,1.0,2034.0,23.0,0.0,0.0,2038,23,0.0,0.0,0.0,0.0,2037.0,0.0
0,307600,KELP,2036.0,5.0,2034.0,22.0,0.0,0.0,2038,22,0.0,0.0,0.0,0.0,2037.0,0.0
0,307700,KELP,2034.0,23.0,0.0,0.0,0.0,0.0,2038,24,0.0,0.0,0.0,0.0,2036.0,0.0
0,307800,KELP,2034.0,24.0,0.0,0.0,0.0,0.0,2037,2,2038.0,22.0,0.0,0.0,2035.5,0.0
0,307900,KELP,2034.0,24.0,0.0,0.0,0.0,0.0,2038,24,0.0,0.0,0.0,0.0,2036.0,0.0
0,308000,KELP,2034.0,25.0,0.0,0.0,0.0,0.0,2038,25,0.0,0.0,0.0,0.0,2036.0,0.0
0,308100,KELP,2034.0,27.0,0.0,0.0,0.0,0.0,2037,27,0.0,0.0,0.0,0.0,2035.5,0.0
0,308200,KELP,2034.0,23.0,0.0,0.0,0.0,0.0,2037,23,0.0,0.0,0.0,0.0,2035.5,0.0
0,308300,KELP,2034.0,26.0,0.0,0.0,0.0,0.0,2037,26,0.0,0.0,0.0,0.0,2035.5,0.0
0,308400,KELP,2034.0,29.0,0.0,0.0,0.0,0.0,2035,5,2037.0,21.0,0.0,0.0,2034.5,0.0
0,308500,KELP,2036.0,1.0,2034.0,20.0,0.0,0.0,2037,20,0.0,0.0,0.0,0.0,2036.5,0.0
0,308600,KELP,2034.0,19.0,0.0,0.0,0.0,0.0,2037,20,0.0,0.0,0.0,0.0,2035.5,0.0
0,308700,KELP,2034.0,1.0,2033.0,26.0,0.0,0.0,2037,27,0.0,0.0,0.0,0.0,2035.5,0.0
0,308800,KELP,2034.0,1.0,2033.0,22.0,0.0,0.0,2037,23,0.0,0.0,0.0,0.0,2035.5,0.0
0,308900,KELP,2034.0,21.0,0.0,0.0,0.0,0.0,2037,21,0.0,0.0,0.0,0.0,2035.5,0.0
0,309000,KELP,2033.0,30.0,0.0,0.0,0.0,0.0,2034,1,2035.0,2.0,2037.0,30.0,2033.5,0.0
0,309100,KELP,2034.0,2.0,2033.0,30.0,0.0,0.0,2037,32,0.0,0.0,0.0,0.0,2035.5,0.0
0,309200,KELP,2034.0,30.0,0.0,0.0,0.0,0.0,2035,2,2037.0,22.0,0.0,0.0,2034.5,0.0
0,309300,KELP,2034.0,20.0,0.0,0.0,0.0,0.0,2036,8,2037.0,20.0,0.0,0.0,2035.0,0.0
0,309400,KELP,2036.0,1.0,2033.0,22.0,0.0,0.0,2037,22,0.0,0.0,0.0,0.0,2036.5,0.0
0,309500,KELP,2033.0,24.0,0.0,0.0,0.0,0.0,2037,24,0.0,0.0,0.0,0.0,2035.0,0.0
0,309600,KELP,2036.0,1.0,2034.0,1.0,2033.0,26.0,2037,26,0.0,0.0,0.0,0.0,2036.5,0.0
0,309700,KELP,2033.0,32.0,0.0,0.0,0.0,0.0,2037,32,0.0,0.0,0.0,0.0,2035.0,0.0
0,309800,KELP,2033.0,25.0,0.0,0.0,0.0,0.0,2037,25,0.0,0.0,0.0,0.0,2035.0,0.0
0,309900,KELP,2033.0,28.0,0.0,0.0,0.0,0.0,2037,28,0.0,0.0,0.0,0.0,2035.0,0.0
0,310000,KELP,2033.0,25.0,0.0,0.0,0.0,0.0,2037,25,0.0,0.0,0.0,0.0,2035.0,0.0
0,310100,KELP,2033.0,26.0,0.0,0.0,0.0,0.0,2035,2,2037.0,26.0,0.0,0.0,2034.0,0.0
0,310200,KELP,2034.0,6.0,2033.0,27.0,0.0,0.0,2037,28,0.0,0.0,0.0,0.0,2035.5,0.0
0,310300,KELP,2033.0,20.0,0.0,0.0,0.0,0.0,2034,5,2035.0,7.0,2037.0,20.0,2033.5,0.0
0,310400,KELP,2033.0,25.0,0.0,0.0,0.0,0.0,2037,25,0.0,0.0,0.0,0.0,2035.0,0.0
0,310500,KELP,2033.0,30.0,0.0,0.0,0.0,0.0,2037,30,0.0,0.0,0.0,0.0,2035.0,0.0
0,310600,KELP,2034.0,23.0,0.0,0.0,0.0,0.0,2036,7,2037.0,23.0,0.0,0.0,2035.0,0.0
0,310700,KELP,2036.0,3.0,2034.0,25.0,0.0,0.0,2037,25,0.0,0.0,0.0,0.0,2036.5,0.0
0,310800,KELP,2036.0,1.0,2034.0,33.0,0.0,0.0,2037,25,0.0,0.0,0.0,0.0,2036.5,0.0
0,310900,KELP,2034.0,23.0,0.0,0.0,0.0,0.0,2037,24,0.0,0.0,0.0,0.0,2035.5,0.0
0,311000,KELP,2034.0,30.0,0.0,0.0,0.0,0.0,2037,30,0.0,0.0,0.0,0.0,2035.5,0.0
0,311100,KELP,2036.0,1.0,2034.0,32.0,0.0,0.0,2037,32,0.0,0.0,0.0,0.0,2036.5,0.0
0,311200,KELP,2034.0,29.0,0.0,0.0,0.0,0.0,2037,23,0.0,0.0,0.0,0.0,2035.5,0.0
0,311300,KELP,2034.0,23.0,0.0,0.0,0.0,0.0,2037,27,0.0,0.0,0.0,0.0,2035.5,0.0
0,311400,KELP,2034.0,22.0,0.0,0.0,0.0,0.0,2036,3,2037.0,22.0,0.0,0.0,2035.0,0.0
0,311500,KELP,2033.0,24.0,0.0,0.0,0.0,0.0,2037,24,0.0,0.0,0.0,0.0,2035.0,0.0
0,311600,KELP,2033.0,21.0,0.0,0.0,0.0,0.0,2034,1,2035.0,3.0,2037.0,23.0,2033.5,0.0
0,311700,KELP,2033.0,21.0,0.0,0.0,0.0,0.0,2037,22,0.0,0.0,0.0,0.0,2035.0,0.0
0,311800,KELP,2034.0,24.0,0.0,0.0,0.0,0.0,2037,24,0.0,0.0,0.0,0.0,2035.5,0.0
0,311900,KELP,2034.0,2.0,2033.0,28.0,0.0,0.0,2037,30,0.0,0.0,0.0,0.0,2035.5,0.0
0,312000,KELP,2034.0,28.0,0.0,0.0,0.0,0.0,2037,28,0.0,0.0,0.0,0.0,2035.5,0.0
0,312100,KELP,2033.0,29.0,0.0,0.0,0.0,0.0,2035,4,2037.0,30.0,0.0,0.0,2034.0,0.0
0,312200,KELP,2034.0,1.0,2033.0,27.0,0.0,0.0,2037,28,0.0,0.0,0.0,0.0,2035.5,0.0
0,312300,KELP,2034.0,26.0,0.0,0.0,0.0,0.0,2037,26,0.0,0.0,0.0,0.0,2035.5,0.0
0,312400,KELP,2033.0,27.0,0.0,0.0,0.0,0.0,2037,27,0.0,0.0,0.0,0.0,2035.0,0.0
0,312500,KELP,2034.0,24.0,0.0,0.0,0.0,0.0,2036,5,2037.0,25.0,0.0,0.0,2035.0,0.0
0,312600,KELP,2034.0,20.0,0.0,0.0,0.0,0.0,2037,20,0.0,0.0,0.0,0.0,2035.5,0.0
0,312700,KELP,2034.0,28.0,0.0,0.0,0.0,0.0,2037,24,0.0,0.0,0.0,0.0,2035.5,0.0
0,312800,KELP,2034.0,23.0,0.0,0.0,0.0,0.0,2037,23,0.0,0.0,0.0,0.0,2035.5,0.0
0,312900,KELP,2034.0,31.0,0.0,0.0,0.0,0.0,2037,31,0.0,0.0,0.0,0.0,2035.5,0.0
0,313000,KELP,2034.0,23.0,0.0,0.0,0.0,0.0,2037,23,0.0,0.0,0.0,0.0,2035.5,0.0
0,313100,KELP,2034.0,30.0,0.0,0.0,0.0,0.0,2037,30,0.0,0.0,0.0,0.0,2035.5,0.0
0,313200,KELP,2034.0,21.0,0.0,0.0,0.0,0.0,2036,6,2037.0,21.0,0.0,0.0,2035.0,0.0
0,313300,KELP,2034.0,21.0,0.0,0.0,0.0,0.0,2036,8,2037.0,21.0,0.0,0.0,2035.0,0.0
0,313400,KELP,2034.0,28.0,0.0,0.0,0.0,0.0,2037,28,0.0,0.0,0.0,0.0,2035.5,0.0
0,313500,KELP,2034.0,29.0,0.0,0.0,0.0,0.0,2037,29,0.0,0.0,0.0,0.0,2035.5,0.0
0,313600,KELP,2034.0,31.0,0.0,0.0,0.0,0.0,2037,31,0.0,0.0,0.0,0.0,2035.5,0.0
0,313700,KELP,2034.0,29.0,0.0,0.0,0.0,0.0,2037,22,0.0,0.0,0.0,0.0,2035.5,0.0
0,313800,KELP,2034.0,26.0,0.0,0.0,0.0,0.0,2036,7,2037.0,26.0,0.0,0.0,2035.0,0.0
0,313900,KELP,2034.0,26.0,0.0,0.0,0.0,0.0,2037,26,0.0,0.0,0.0,0.0,2035.5,0.0
0,314000,KELP,2034.0,23.0,0.0,0.0,0.0,0.0,2036,3,2037.0,23.0,0.0,0.0,2035.0,0.0
0,314100,KELP,2034.0,27.0,0.0,0.0,0.0,0.0,2036,2,2037.0,27.0,0.0,0.0,2035.0,0.0
0,314200,KELP,2034.0,27.0,0.0,0.0,0.0,0.0,2037,27,0.0,0.0,0.0,0.0,2035.5,0.0
0,314300,KELP,2036.0,1.0,2034.0,35.0,0.0,0.0,2037,2,2038.0,28.0,0.0,0.0,2036.5,0.0
0,314400,KELP,2034.0,22.0,0.0,0.0,0.0,0.0,2037,22,0.0,0.0,0.0,0.0,2035.5,0.0
0,314500,KELP,2034.0,22.0,0.0,0.0,0.0,0.0,2035,4,2036.0,2.0,2037.0,2.0,2034.5,0.0
0,314600,KELP,2034.0,24.0,0.0,0.0,0.0,0.0,2037,2,2038.0,22.0,0.0,0.0,2035.5,0.0
0,314700,KELP,2035.0,4.0,2034.0,31.0,0.0,0.0,2037,31,0.0,0.0,0.0,0.0,2036.0,0.0
0,314800,KELP,2034.0,29.0,0.0,0.0,0.0,0.0,2037,25,0.0,0.0,0.0,0.0,2035.5,0.0
0,314900,KELP,2034.0,22.0,0.0,0.0,0.0,0.0,2037,22,0.0,0.0,0.0,0.0,2035.5,0.0
0,315000,KELP,2034.0,28.0,0.0,0.0,0.0,0.0,2037,28,0.0,0.0,0.0,0.0,2035.5,0.0
0,315100,KELP,2034.0,31.0,0.0,0.0,0.0,0.0,2037,32,0.0,0.0,0.0,0.0,2035.5,0.0
0,315200,KELP,2034.0,29.0,0.0,0.0,0.0,0.0,2037,23,0.0,0.0,0.0,0.0,2035.5,0.0
0,315300,KELP,2034.0,31.0,0.0,0.0,0.0,0.0,2036,3,2037.0,31.0,0.0,0.0,2035.0,0.0
0,315400,KELP,2034.0,28.0,0.0,0.0,0.0,0.0,2037,28,0.0,0.0,0.0,0.0,2035.5,0.0
0,315500,KELP,2034.0,37.0,0.0,0.0,0.0,0.0,2037,29,0.0,0.0,0.0,0.0,2035.5,0.0
0,315600,KELP,2034.0,20.0,0.0,0.0,0.0,0.0,2036,5,2037.0,20.0,0.0,0.0,2035.0,0.0
0,315700,KELP,2036.0,1.0,2034.0,26.0,0.0,0.0,2037,23,0.0,0.0,0.0,0.0,2036.5,0.0
0,315800,KELP,2034.0,28.0,0.0,0.0,0.0,0.0,2037,28,0.0,0.0,0.0,0.0,2035.5,0.0
0,315900,KELP,2034.0,23.0,0.0,0.0,0.0,0.0,2037,23,0.0,0.0,0.0,0.0,2035.5,0.0
0,316000,KELP,2036.0,1.0,2034.0,36.0,0.0,0.0,2037,29,0.0,0.0,0.0,0.0,2036.5,0.0
0,316100,KELP,2034.0,22.0,0.0,0.0,0.0,0.0,2037,22,0.0,0.0,0.0,0.0,2035.5,0.0
0,316200,KELP,2033.0,27.0,0.0,0.0,0.0,0.0,2037,27,0.0,0.0,0.0,0.0,2035.0,0.0
0,316300,KELP,2033.0,20.0,0.0,0.0,0.0,0.0,2034,1,2037.0,20.0,0.0,0.0,2033.5,0.0
0,316400,KELP,2035.0,9.0,2034.0,8.0,2033.0,20.0,2037,22,0.0,0.0,0.0,0.0,2036.0,0.0
0,316500,KELP,2033.0,26.0,0.0,0.0,0.0,0.0,2037,27,0.0,0.0,0.0,0.0,2035.0,0.0
0,316600,KELP,2034.0,29.0,0.0,0.0,0.0,0.0,2037,29,0.0,0.0,0.0,0.0,2035.5,0.0
0,316700,KELP,2034.0,26.0,0.0,0.0,0.0,0.0,2037,26,0.0,0.0,0.0,0.0,2035.5,0.0
0,316800,KELP,2034.0,31.0,0.0,0.0,0.0,0.0,2037,30,0.0,0.0,0.0,0.0,2035.5,0.0
0,316900,KELP,2034.0,32.0,0.0,0.0,0.0,0.0,2037,27,0.0,0.0,0.0,0.0,2035.5,0.0
0,317000,KELP,2034.0,27.0,0.0,0.0,0.0,0.0,2037,23,0.0,0.0,0.0,0.0,2035.5,0.0
0,317100,KELP,2034.0,29.0,0.0,0.0,0.0,0.0,2036,2,2037.0,30.0,0.0,0.0,2035.0,0.0
0,317200,KELP,2034.0,22.0,0.0,0.0,0.0,0.0,2037,23,0.0,0.0,0.0,0.0,2035.5,0.0
0,317300,KELP,2034.0,30.0,0.0,0.0,0.0,0.0,2037,30,0.0,0.0,0.0,0.0,2035.5,0.0
0,317400,KELP,2034.0,28.0,0.0,0.0,0.0,0.0,2035,5,2037.0,29.0,0.0,0.0,2034.5,0.0
0,317500,KELP,2034.0,23.0,0.0,0.0,0.0,0.0,2036,7,2037.0,23.0,0.0,0.0,2035.0,0.0
0,317600,KELP,2034.0,29.0,0.0,0.0,0.0,0.0,2037,29,0.0,0.0,0.0,0.0,2035.5,0.0
0,317700,KELP,2034.0,25.0,0.0,0.0,0.0,0.0,2036,2,2037.0,25.0,0.0,0.0,2035.0,0.0
0,317800,KELP,2034.0,30.0,0.0,0.0,0.0,0.0,2037,30,0.0,0.0,0.0,0.0,2035.5,0.0
0,317900,KELP,2036.0,1.0,2034.0,22.0,0.0,0.0,2037,22,0.0,0.0,0.0,0.0,2036.5,0.0
0,318000,KELP,2034.0,22.0,0.0,0.0,0.0,0.0,2037,22,0.0,0.0,0.0,0.0,2035.5,0.0
0,318100,KELP,2034.0,29.0,0.0,0.0,0.0,0.0,2036,1,2037.0,29.0,0.0,0.0,2035.0,0.0
0,318200,KELP,2034.0,25.0,0.0,0.0,0.0,0.0,2037,25,0.0,0.0,0.0,0.0,2035.5,0.0
0,318300,KELP,2034.0,23.0,0.0,0.0,0.0,0.0,2036,7,2037.0,23.0,0.0,0.0,2035.0,0.0
0,318400,KELP,2034.0,25.0,0.0,0.0,0.0,0.0,2037,25,0.0,0.0,0.0,0.0,2035.5,0.0
0,318500,KELP,2034.0,26.0,0.0,0.0,0.0,0.0,2036,5,2037.0,2.0,2038.0,24.0,2035.0,0.0
0,318600,KELP,2034.0,31.0,0.0,0.0,0.0,0.0,2037,1,2038.0,30.0,0.0,0.0,2035.5,0.0
0,318700,KELP,2034.0,29.0,0.0,0.0,0.0,0.0,2036,4,2037.0,1.0,2038.0,28.0,2035.0,0.0
0,318800,KELP,2035.0,1.0,2034.0,29.0,0.0,0.0,2037,1,2038.0,28.0,0.0,0.0,2036.0,0.0
0,318900,KELP,2034.0,30.0,0.0,0.0,0.0,0.0,2038,30,0.0,0.0,0.0,0.0,2036.0,0.0
0,319000,KELP,2036.0,1.0,2034.0,23.0,0.0,0.0,2038,23,0.0,0.0,0.0,0.0,2037.0,0.0
0,319100,KELP,2034.0,30.0,0.0,0.0,0.0,0.0,2038,30,0.0,0.0,0.0,0.0,2036.0,0.0
0,319200,KELP,2034.0,30.0,0.0,0.0,0.0,0.0,2038,30,0.0,0.0,0.0,0.0,2036.0,0.0
0,319300,KELP,2035.0,1.0,2034.0,31.0,0.0,0.0,2038,31,0.0,0.0,0.0,0.0,2036.5,0.0
0,319400,KELP,2034.0,28.0,0.0,0.0,0.0,0.0,2038,28,0.0,0.0,0.0,0.0,2036.0,0.0
0,319500,KELP,2035.0,2.0,2034.0,20.0,0.0,0.0,2038,22,0.0,0.0,0.0,0.0,2036.5,0.0
0,319600,KELP,2034.0,28.0,0.0,0.0,0.0,0.0,2035,6,2036.0,6.0,2038.0,28.0,2034.5,0.0
0,319700,KELP,2035.0,32.0,0.0,0.0,0.0,0.0,2038,32,0.0,0.0,0.0,0.0,2036.5,0.0
0,319800,KELP,2035.0,22.0,0.0,0.0,0.0,0.0,2037,7,2038.0,26.0,0.0,0.0,2036.0,0.0
0,319900,KELP,2035.0,25.0,0.0,0.0,0.0,0.0,2037,6,2038.0,25.0,0.0,0.0,2036.0,0.0
0,320000,KELP,2035.0,4.0,2034.0,21.0,0.0,0.0,2038,21,0.0,0.0,0.0,0.0,2036.5,0.0
0,320100,KELP,2034.0,30.0,0.0,0.0,0.0,0.0,2038,30,0.0,0.0,0.0,0.0,2036.0,0.0
0,320200,KELP,2034.0,20.0,0.0,0.0,0.0,0.0,2038,20,0.0,0.0,0.0,0.0,2036.0,0.0
0,320300,KELP,2034.0,23.0,0.0,0.0,0.0,0.0,2037,1,2038.0,22.0,0.0,0.0,2035.5,0.0
0,320400,KELP,2034.0,29.0,0.0,0.0,0.0,0.0,2037,2,2038.0,27.0,0.0,0.0,2035.5,0.0
0,320500,KELP,2034.0,27.0,0.0,0.0,0.0,0.0,2037,1,2038.0,26.0,0.0,0.0,2035.5,0.0
0,320600,KELP,2034.0,27.0,0.0,0.0,0.0,0.0,2036,7,2037.0,1.0,2038.0,26.0,2035.0,0.0
0,320700,KELP,2034.0,26.0,0.0,0.0,0.0,0.0,2037,26,0.0,0.0,0.0,0.0,2035.5,0.0
0,320800,KELP,2034.0,28.0,0.0,0.0,0.0,0.0,2037,28,0.0,0.0,0.0,0.0,2035.5,0.0
0,320900,KELP,2034.0,30.0,0.0,0.0,0.0,0.0,2037,29,0.0,0.0,0.0,0.0,2035.5,0.0
0,321000,KELP,2034.0,22.0,0.0,0.0,0.0,0.0,2037,23,0.0,0.0,0.0,0.0,2035.5,0.0
0,321100,KELP,2034.0,25.0,0.0,0.0,0.0,0.0,2037,27,0.0,0.0,0.0,0.0,2035.5,0.0
0,321200,KELP,2034.0,25.0,0.0,0.0,0.0,0.0,2037,25,0.0,0.0,0.0,0.0,2035.5,0.0
0,321300,KELP,2034.0,32.0,0.0,0.0,0.0,0.0,2037,28,0.0,0.0,0.0,0.0,2035.5,0.0
0,321400,KELP,2034.0,28.0,0.0,0.0,0.0,0.0,2037,28,0.0,0.0,0.0,0.0,2035.5,0.0
0,321500,KELP,2034.0,22.0,0.0,0.0,0.0,0.0,2037,22,0.0,0.0,0.0,0.0,2035.5,0.0
0,321600,KELP,2034.0,25.0,0.0,0.0,0.0,0.0,2037,25,0.0,0.0,0.0,0.0,2035.5,0.0
0,321700,KELP,2034.0,29.0,0.0,0.0,0.0,0.0,2037,26,0.0,0.0,0.0,0.0,2035.5,0.0
0,321800,KELP,2034.0,32.0,0.0,0.0,0.0,0.0,2037,32,0.0,0.0,0.0,0.0,2035.5,0.0
0,321900,KELP,2034.0,24.0,0.0,0.0,0.0,0.0,2037,24,0.0,0.0,0.0,0.0,2035.5,0.0
0,322000,KELP,2034.0,29.0,0.0,0.0,0.0,0.0,2036,1,2037.0,29.0,0.0,0.0,2035.0,0.0
0,322100,KELP,2034.0,27.0,0.0,0.0,0.0,0.0,2035,5,2036.0,2.0,2037.0,1.0,2034.5,0.0
0,322200,KELP,2034.0,28.0,0.0,0.0,0.0,0.0,2037,27,0.0,0.0,0.0,0.0,2035.5,0.0
0,322300,KELP,2034.0,27.0,0.0,0.0,0.0,0.0,2036,5,2038.0,27.0,0.0,0.0,2035.0,0.0
0,322400,KELP,2034.0,28.0,0.0,0.0,0.0,0.0,2036,8,2038.0,28.0,0.0,0.0,2035.0,0.0
0,322500,KELP,2034.0,23.0,0.0,0.0,0.0,0.0,2038,23,0.0,0.0,0.0,0.0,2036.0,0.0
0,322600,KELP,2036.0,3.0,2034.0,29.0,0.0,0.0,2038,29,0.0,0.0,0.0,0.0,2037.0,0.0
0,322700,KELP,2034.0,28.0,0.0,0.0,0.0,0.0,2038,28,0.0,0.0,0.0,0.0,2036.0,0.0
0,322800,KELP,2035.0,29.0,0.0,0.0,0.0,0.0,2038,22,0.0,0.0,0.0,0.0,2036.5,0.0
0,322900,KELP,2035.0,29.0,0.0,0.0,0.0,0.0,2037,6,2038.0,29.0,0.0,0.0,2036.0,0.0
0,323000,KELP,2037.0,1.0,2035.0,25.0,0.0,0.0,2038,25,0.0,0.0,0.0,0.0,2037.5,0.0
0,323100,KELP,2036.0,7.0,2035.0,25.0,0.0,0.0,2038,1,2039.0,24.0,0.0,0.0,2037.0,0.0
0,323200,KELP,2035.0,28.0,0.0,0.0,0.0,0.0,2038,27,0.0,0.0,0.0,0.0,2036.5,0.0
0,323300,KELP,2035.0,30.0,0.0,0.0,0.0,0.0,2038,28,0.0,0.0,0.0,0.0,2036.5,0.0
0,323400,KELP,2035.0,28.0,0.0,0.0,0.0,0.0,2039,28,0.0,0.0,0.0,0.0,2037.0,0.0
0,323500,KELP,2035.0,22.0,0.0,0.0,0.0,0.0,2038,22,0.0,0.0,0.0,0.0,2036.5,0.0
0,323600,KELP,2037.0,1.0,2035.0,28.0,0.0,0.0,2038,28,0.0,0.0,0.0,0.0,2037.5,0.0
0,323700,KELP,2035.0,24.0,0.0,0.0,0.0,0.0,2036,4,2038.0,24.0,0.0,0.0,2035.5,0.0
0,323800,KELP,2035.0,22.0,0.0,0.0,0.0,0.0,2037,2,2039.0,22.0,0.0,0.0,2036.0,0.0
0,323900,KELP,2035.0,26.0,0.0,0.0,0.0,0.0,2036,5,2039.0,26.0,0.0,0.0,2035.5,0.0
0,324000,KELP,2035.0,28.0,0.0,0.0,0.0,0.0,2037,2,2039.0,28.0,0.0,0.0,2036.0,0.0
0,324100,KELP,2036.0,7.0,2035.0,31.0,0.0,0.0,2039,31,0.0,0.0,0.0,0.0,2037.5,0.0
0,324200,KELP,2035.0,29.0,0.0,0.0,0.0,0.0,2038,29,0.0,0.0,0.0,0.0,2036.5,0.0
0,324300,KELP,2035.0,28.0,0.0,0.0,0.0,0.0,2038,25,0.0,0.0,0.0,0.0,2036.5,0.0
0,324400,KELP,2035.0,2.0,2034.0,20.0,0.0,0.0,2038,22,0.0,0.0,0.0,0.0,2036.5,0.0
0,324500,KELP,2035.0,1.0,2034.0,21.0,0.0,0.0,2036,5,2038.0,22.0,0.0,0.0,2035.5,0.0
0,324600,KELP,2035.0,2.0,2034.0,23.0,0.0,0.0,2036,3,2038.0,25.0,0.0,0.0,2035.5,0.0
0,324700,KELP,2034.0,27.0,0.0,0.0,0.0,0.0,2038,27,0.0,0.0,0.0,0.0,2036.0,0.0
0,324800,KELP,2034.0,25.0,0.0,0.0,0.0,0.0,2035,6,2038.0,25.0,0.0,0.0,2034.5,0.0
0,324900,KELP,2034.0,30.0,0.0,0.0,0.0,0.0,2038,30,0.0,0.0,0.0,0.0,2036.0,0.0
0,325000,KELP,2036.0,1.0,2034.0,23.0,0.0,0.0,2037,2,2038.0,21.0,0.0,0.0,2036.5,0.0
0,325100,KELP,2034.0,29.0,0.0,0.0,0.0,0.0,2038,29,0.0,0.0,0.0,0.0,2036.0,0.0
0,325200,KELP,2034.0,24.0,0.0,0.0,0.0,0.0,2035,2,2038.0,24.0,0.0,0.0,2034.5,0.0
0,325300,KELP,2035.0,29.0,0.0,0.0,0.0,0.0,2038,29,0.0,0.0,0.0,0.0,2036.5,0.0
0,325400,KELP,2035.0,28.0,0.0,0.0,0.0,0.0,2038,28,0.0,0.0,0.0,0.0,2036.5,0.0
0,325500,KELP,2035.0,2.0,2034.0,28.0,0.0,0.0,2038,30,0.0,0.0,0.0,0.0,2036.5,0.0
0,325600,KELP,2035.0,2.0,2034.0,23.0,0.0,0.0,2038,25,0.0,0.0,0.0,0.0,2036.5,0.0
0,325700,KELP,2034.0,23.0,0.0,0.0,0.0,0.0,2038,23,0.0,0.0,0.0,0.0,2036.0,0.0
0,325800,KELP,2037.0,1.0,2034.0,32.0,0.0,0.0,2038,32,0.0,0.0,0.0,0.0,2037.5,0.0
0,325900,KELP,2034.0,29.0,0.0,0.0,0.0,0.0,2038,29,0.0,0.0,0.0,0.0,2036.0,0.0
0,326000,KELP,2035.0,2.0,2034.0,24.0,0.0,0.0,2036,7,2038.0,26.0,0.0,0.0,2035.5,0.0
0,326100,KELP,2034.0,21.0,0.0,0.0,0.0,0.0,2038,21,0.0,0.0,0.0,0.0,2036.0,0.0
0,326200,KELP,2034.0,25.0,0.0,0.0,0.0,0.0,2038,25,0.0,0.0,0.0,0.0,2036.0,0.0
0,326300,KELP,2034.0,21.0,0.0,0.0,0.0,0.0,2038,21,0.0,0.0,0.0,0.0,2036.0,0.0
0,326400,KELP,2034.0,30.0,0.0,0.0,0.0,0.0,2038,30,0.0,0.0,0.0,0.0,2036.0,0.0
0,326500,KELP,2035.0,1.0,2034.0,22.0,0.0,0.0,2036,6,2038.0,23.0,0.0,0.0,2035.5,0.0
0,326600,KELP,2035.0,26.0,0.0,0.0,0.0,0.0,2038,26,0.0,0.0,0.0,0.0,2036.5,0.0
0,326700,KELP,2035.0,29.0,0.0,0.0,0.0,0.0,2038,29,0.0,0.0,0.0,0.0,2036.5,0.0
0,326800,KELP,2035.0,20.0,0.0,0.0,0.0,0.0,2038,20,0.0,0.0,0.0,0.0,2036.5,0.0
0,326900,KELP,2035.0,29.0,0.0,0.0,0.0,0.0,2037,7,2038.0,30.0,0.0,0.0,2036.0,0.0
0,327000,KELP,2035.0,22.0,0.0,0.0,0.0,0.0,2038,22,0.0,0.0,0.0,0.0,2036.5,0.0
0,327100,KELP,2035.0,24.0,0.0,0.0,0.0,0.0,2038,24,0.0,0.0,0.0,0.0,2036.5,0.0
0,327200,KELP,2035.0,26.0,0.0,0.0,0.0,0.0,2038,26,0.0,0.0,0.0,0.0,2036.5,0.0
0,327300,KELP,2035.0,27.0,0.0,0.0,0.0,0.0,2038,27,0.0,0.0,0.0,0.0,2036.5,0.0
0,327400,KELP,2035.0,30.0,0.0,0.0,0.0,0.0,2038,30,0.0,0.0,0.0,0.0,2036.5,0.0
0,327500,KELP,2035.0,14.0,0.0,0.0,0.0,0.0,2037,8,2038.0,24.0,0.0,0.0,2036.0,0.0
0,327600,KELP,2035.0,23.0,0.0,0.0,0.0,0.0,2038,23,0.0,0.0,0.0,0.0,2036.5,0.0
0,327700,KELP,2035.0,8.0,2034.0,24.0,0.0,0.0,2038,24,0.0,0.0,0.0,0.0,2036.5,0.0
0,327800,KELP,2034.0,23.0,0.0,0.0,0.0,0.0,2035,1,2038.0,23.0,0.0,0.0,2034.5,0.0
0,327900,KELP,2035.0,1.0,2034.0,21.0,0.0,0.0,2038,22,0.0,0.0,0.0,0.0,2036.5,0.0
0,328000,KELP,2035.0,30.0,0.0,0.0,0.0,0.0,2038,30,0.0,0.0,0.0,0.0,2036.5,0.0
0,328100,KELP,2035.0,31.0,0.0,0.0,0.0,0.0,2038,31,0.0,0.0,0.0,0.0,2036.5,0.0
0,328200,KELP,2034.0,27.0,0.0,0.0,0.0,0.0,2038,27,0.0,0.0,0.0,0.0,2036.0,0.0
0,328300,KELP,2035.0,6.0,2034.0,20.0,0.0,0.0,2038,21,0.0,0.0,0.0,0.0,2036.5,0.0
0,328400,KELP,2037.0,1.0,2034.0,23.0,0.0,0.0,2038,23,0.0,0.0,0.0,0.0,2037.5,0.0
0,328500,KELP,2034.0,30.0,0.0,0.0,0.0,0.0,2036,1,2038.0,30.0,0.0,0.0,2035.0,0.0
0,328600,KELP,2034.0,28.0,0.0,0.0,0.0,0.0,2038,28,0.0,0.0,0.0,0.0,2036.0,0.0
0,328700,KELP,2034.0,30.0,0.0,0.0,0.0,0.0,2036,8,2038.0,30.0,0.0,0.0,2035.0,0.0
0,328800,KELP,2035.0,6.0,2034.0,23.0,0.0,0.0,2038,23,0.0,0.0,0.0,0.0,2036.5,0.0
0,328900,KELP,2034.0,28.0,0.0,0.0,0.0,0.0,2037,28,0.0,0.0,0.0,0.0,2035.5,0.0
0,329000,KELP,2034.0,22.0,0.0,0.0,0.0,0.0,2037,2,2038.0,20.0,0.0,0.0,2035.5,0.0
0,329100,KELP,2034.0,23.0,0.0,0.0,0.0,0.0,2037,1,2038.0,22.0,0.0,0.0,2035.5,0.0
0,329200,KELP,2034.0,32.0,0.0,0.0,0.0,0.0,2037,29,0.0,0.0,0.0,0.0,2035.5,0.0
0,329300,KELP,2034.0,28.0,0.0,0.0,0.0,0.0,2037,27,0.0,0.0,0.0,0.0,2035.5,0.0
0,329400,KELP,2034.0,23.0,0.0,0.0,0.0,0.0,2038,23,0.0,0.0,0.0,0.0,2036.0,0.0
0,329500,KELP,2034.0,21.0,0.0,0.0,0.0,0.0,2038,21,0.0,0.0,0.0,0.0,2036.0,0.0
0,329600,KELP,2035.0,4.0,2034.0,37.0,0.0,0.0,2037,30,0.0,0.0,0.0,0.0,2036.0,0.0
0,329700,KELP,2034.0,26.0,0.0,0.0,0.0,0.0,2035,1,2036.0,5.0,2038.0,26.0,2034.5,0.0
0,329800,KELP,2035.0,32.0,0.0,0.0,0.0,0.0,2038,27,0.0,0.0,0.0,0.0,2036.5,0.0
0,329900,KELP,2035.0,2.0,2034.0,24.0,0.0,0.0,2038,26,0.0,0.0,0.0,0.0,2036.5,0.0
0,330000,KELP,2034.0,25.0,0.0,0.0,0.0,0.0,2038,25,0.0,0.0,0.0,0.0,2036.0,0.0
0,330100,KELP,2035.0,26.0,0.0,0.0,0.0,0.0,2038,26,0.0,0.0,0.0,0.0,2036.5,0.0
0,330200,KELP,2037.0,1.0,2035.0,28.0,0.0,0.0,2038,28,0.0,0.0,0.0,0.0,2037.5,0.0
0,330300,KELP,2034.0,20.0,0.0,0.0,0.0,0.0,2036,1,2038.0,20.0,0.0,0.0,2035.0,0.0
0,330400,KELP,2037.0,9.0,2035.0,31.0,0.0,0.0,2038,31,0.0,0.0,0.0,0.0,2037.5,0.0
0,330500,KELP,2035.0,1.0,2034.0,23.0,0.0,0.0,2038,24,0.0,0.0,0.0,0.0,2036.5,0.0
0,330600,KELP,2035.0,29.0,0.0,0.0,0.0,0.0,2038,26,0.0,0.0,0.0,0.0,2036.5,0.0
0,330700,KELP,2035.0,38.0,0.0,0.0,0.0,0.0,2038,31,0.0,0.0,0.0,0.0,2036.5,0.0
0,330800,KELP,2035.0,2.0,2034.0,25.0,0.0,0.0,2038,27,0.0,0.0,0.0,0.0,2036.5,0.0
0,330900,KELP,2037.0,1.0,2035.0,27.0,0.0,0.0,2038,23,0.0,0.0,0.0,0.0,2037.5,0.0
0,331000,KELP,2035.0,26.0,0.0,0.0,0.0,0.0,2036,5,2038.0,26.0,0.0,0.0,2035.5,0.0
0,331100,KELP,2035.0,29.0,0.0,0.0,0.0,0.0,2038,22,0.0,0.0,0.0,0.0,2036.5,0.0
0,331200,KELP,2035.0,27.0,0.0,0.0,0.0,0.0,2038,27,0.0,0.0,0.0,0.0,2036.5,0.0
0,331300,KELP,2034.0,23.0,0.0,0.0,0.0,0.0,2038,23,0.0,0.0,0.0,0.0,2036.0,0.0
0,331400,KELP,2035.0,1.0,2034.0,20.0,0.0,0.0,2038,21,0.0,0.0,0.0,0.0,2036.5,0.0
0,331500,KELP,2035.0,2.0,2034.0,22.0,0.0,0.0,2038,24,0.0,0.0,0.0,0.0,2036.5,0.0
0,331600,KELP,2035.0,2.0,2034.0,25.0,0.0,0.0,2038,27,0.0,0.0,0.0,0.0,2036.5,0.0
0,331700,KELP,2035.0,2.0,2034.0,22.0,0.0,0.0,2036,1,2038.0,24.0,0.0,0.0,2035.5,0.0
0,331800,KELP,2036.0,2.0,2035.0,2.0,2034.0,24.0,2038,26,0.0,0.0,0.0,0.0,2037.0,0.0
0,331900,KELP,2035.0,25.0,0.0,0.0,0.0,0.0,2038,25,0.0,0.0,0.0,0.0,2036.5,0.0
0,332000,KELP,2035.0,1.0,2034.0,26.0,0.0,0.0,2038,27,0.0,0.0,0.0,0.0,2036.5,0.0
0,332100,KELP,2035.0,24.0,0.0,0.0,0.0,0.0,2038,24,0.0,0.0,0.0,0.0,2036.5,0.0
0,332200,KELP,2034.0,22.0,0.0,0.0,0.0,0.0,2036,8,2037.0,1.0,2038.0,21.0,2035.0,0.0
0,332300,KELP,2035.0,6.0,2034.0,27.0,0.0,0.0,2038,27,0.0,0.0,0.0,0.0,2036.5,0.0
0,332400,KELP,2035.0,8.0,2034.0,26.0,0.0,0.0,2038,26,0.0,0.0,0.0,0.0,2036.5,0.0
0,332500,KELP,2035.0,6.0,2034.0,22.0,0.0,0.0,2038,22,0.0,0.0,0.0,0.0,2036.5,0.0
0,332600,KELP,2034.0,32.0,0.0,0.0,0.0,0.0,2035,6,2037.0,2.0,2038.0,30.0,2034.5,0.0
0,332700,KELP,2035.0,2.0,2034.0,28.0,0.0,0.0,2037,2,2038.0,26.0,0.0,0.0,2036.0,0.0
0,332800,KELP,2035.0,8.0,2034.0,27.0,0.0,0.0,2037,2,2038.0,25.0,0.0,0.0,2036.0,0.0
0,332900,KELP,2034.0,21.0,0.0,0.0,0.0,0.0,2038,21,0.0,0.0,0.0,0.0,2036.0,0.0
0,333000,KELP,2034.0,24.0,0.0,0.0,0.0,0.0,2035,5,2038.0,24.0,0.0,0.0,2034.5,0.0
0,333100,KELP,2035.0,5.0,2034.0,29.0,0.0,0.0,2038,29,0.0,0.0,0.0,0.0,2036.5,0.0
0,333200,KELP,2034.0,32.0,0.0,0.0,0.0,0.0,2038,32,0.0,0.0,0.0,0.0,2036.0,0.0
0,333300,KELP,2034.0,29.0,0.0,0.0,0.0,0.0,2038,29,0.0,0.0,0.0,0.0,2036.0,0.0
0,333400,KELP,2034.0,28.0,0.0,0.0,0.0,0.0,2038,28,0.0,0.0,0.0,0.0,2036.0,0.0
0,333500,KELP,2034.0,25.0,0.0,0.0,0.0,0.0,2036,2,2038.0,25.0,0.0,0.0,2035.0,0.0
0,333600,KELP,2034.0,25.0,0.0,0.0,0.0,0.0,2035,3,2037.0,2.0,2038.0,23.0,2034.5,0.0
0,333700,KELP,2034.0,26.0,0.0,0.0,0.0,0.0,2038,26,0.0,0.0,0.0,0.0,2036.0,0.0
0,333800,KELP,2034.0,27.0,0.0,0.0,0.0,0.0,2037,27,0.0,0.0,0.0,0.0,2035.5,0.0
0,333900,KELP,2034.0,25.0,0.0,0.0,0.0,0.0,2037,25,0.0,0.0,0.0,0.0,2035.5,0.0
0,334000,KELP,2034.0,20.0,0.0,0.0,0.0,0.0,2035,5,2037.0,20.0,0.0,0.0,2034.5,0.0
0,334100,KELP,2034.0,28.0,0.0,0.0,0.0,0.0,2038,28,0.0,0.0,0.0,0.0,2036.0,0.0
0,334200,KELP,2034.0,29.0,0.0,0.0,0.0,0.0,2037,29,0.0,0.0,0.0,0.0,2035.5,0.0
0,334300,KELP,2037.0,1.0,2034.0,24.0,0.0,0.0,2038,24,0.0,0.0,0.0,0.0,2037.5,0.0
0,334400,KELP,2036.0,1.0,2034.0,24.0,0.0,0.0,2038,24,0.0,0.0,0.0,0.0,2037.0,0.0
0,334500,KELP,2034.0,23.0,0.0,0.0,0.0,0.0,2036,6,2038.0,23.0,0.0,0.0,2035.0,0.0
0,334600,KELP,2034.0,28.0,0.0,0.0,0.0,0.0,2038,28,0.0,0.0,0.0,0.0,2036.0,0.0
0,334700,KELP,2034.0,27.0,0.0,0.0,0.0,0.0,2036,8,2038.0,27.0,0.0,0.0,2035.0,0.0
0,334800,KELP,2034.0,26.0,0.0,0.0,0.0,0.0,2038,26,0.0,0.0,0.0,0.0,2036.0,0.0
0,334900,KELP,2034.0,21.0,0.0,0.0,0.0,0.0,2037,1,2038.0,20.0,0.0,0.0,2035.5,0.0
0,335000,KELP,2034.0,23.0,0.0,0.0,0.0,0.0,2036,5,2037.0,23.0,0.0,0.0,2035.0,0.0
0,335100,KELP,2034.0,33.0,0.0,0.0,0.0,0.0,2037,30,0.0,0.0,0.0,0.0,2035.5,0.0
0,335200,KELP,2034.0,27.0,0.0,0.0,0.0,0.0,2036,6,2037.0,27.0,0.0,0.0,2035.0,0.0
0,335300,KELP,2034.0,26.0,0.0,0.0,0.0,0.0,2037,1,2038.0,25.0,0.0,0.0,2035.5,0.0
0,335400,KELP,2034.0,26.0,0.0,0.0,0.0,0.0,2036,5,2037.0,26.0,0.0,0.0,2035.0,0.0
0,335500,KELP,2034.0,25.0,0.0,0.0,0.0,0.0,2037,25,0.0,0.0,0.0,0.0,2035.5,0.0
0,335600,KELP,2034.0,16.0,0.0,0.0,0.0,0.0,2037,20,0.0,0.0,0.0,0.0,2035.5,0.0
0,335700,KELP,2034.0,28.0,0.0,0.0,0.0,0.0,2037,28,0.0,0.0,0.0,0.0,2035.5,0.0
0,335800,KELP,2034.0,22.0,0.0,0.0,0.0,0.0,2037,22,0.0,0.0,0.0,0.0,2035.5,0.0
0,335900,KELP,2034.0,27.0,0.0,0.0,0.0,0.0,2037,22,0.0,0.0,0.0,0.0,2035.5,0.0
0,336000,KELP,2034.0,16.0,0.0,0.0,0.0,0.0,2037,20,0.0,0.0,0.0,0.0,2035.5,0.0
0,336100,KELP,2034.0,29.0,0.0,0.0,0.0,0.0,2037,30,0.0,0.0,0.0,0.0,2035.5,0.0
0,336200,KELP,2033.0,26.0,0.0,0.0,0.0,0.0,2035,1,2037.0,26.0,0.0,0.0,2034.0,0.0
0,336300,KELP,2033.0,28.0,0.0,0.0,0.0,0.0,2035,7,2037.0,28.0,0.0,0.0,2034.0,0.0
0,336400,KELP,2034.0,3.0,2033.0,31.0,0.0,0.0,2037,31,0.0,0.0,0.0,0.0,2035.5,0.0
0,336500,KELP,2033.0,32.0,0.0,0.0,0.0,0.0,2036,2,2037.0,22.0,0.0,0.0,2034.5,0.0
0,336600,KELP,2033.0,31.0,0.0,0.0,0.0,0.0,2036,31,0.0,0.0,0.0,0.0,2034.5,0.0
0,336700,KELP,2033.0,21.0,0.0,0.0,0.0,0.0,2035,8,2036.0,21.0,0.0,0.0,2034.0,0.0
0,336800,KELP,2032.0,27.0,0.0,0.0,0.0,0.0,2035,1,2036.0,26.0,0.0,0.0,2033.5,0.0
0,336900,KELP,2033.0,26.0,0.0,0.0,0.0,0.0,2034,4,2036.0,26.0,0.0,0.0,2033.5,0.0
0,337000,KELP,2033.0,32.0,0.0,0.0,0.0,0.0,2036,32,0.0,0.0,0.0,0.0,2034.5,0.0
0,337100,KELP,2033.0,24.0,0.0,0.0,0.0,0.0,2036,24,0.0,0.0,0.0,0.0,2034.5,0.0
0,337200,KELP,2033.0,26.0,0.0,0.0,0.0,0.0,2036,20,0.0,0.0,0.0,0.0,2034.5,0.0
0,337300,KELP,2035.0,4.0,2033.0,25.0,0.0,0.0,2037,25,0.0,0.0,0.0,0.0,2036.0,0.0
0,337400,KELP,2033.0,27.0,0.0,0.0,0.0,0.0,2037,27,0.0,0.0,0.0,0.0,2035.0,0.0
0,337500,KELP,2036.0,1.0,2033.0,23.0,0.0,0.0,2037,23,0.0,0.0,0.0,0.0,2036.5,0.0
0,337600,KELP,2034.0,22.0,0.0,0.0,0.0,0.0,2037,22,0.0,0.0,0.0,0.0,2035.5,0.0
0,337700,KELP,2035.0,2.0,2034.0,23.0,0.0,0.0,2037,23,0.0,0.0,0.0,0.0,2036.0,0.0
0,337800,KELP,2034.0,30.0,0.0,0.0,0.0,0.0,2037,30,0.0,0.0,0.0,0.0,2035.5,0.0
0,337900,KELP,2034.0,24.0,0.0,0.0,0.0,0.0,2036,1,2037.0,24.0,0.0,0.0,2035.0,0.0
0,338000,KELP,2034.0,21.0,0.0,0.0,0.0,0.0,2037,1,2038.0,20.0,0.0,0.0,2035.5,0.0
0,338100,KELP,2034.0,30.0,0.0,0.0,0.0,0.0,2037,30,0.0,0.0,0.0,0.0,2035.5,0.0
0,338200,KELP,2034.0,33.0,0.0,0.0,0.0,0.0,2037,32,0.0,0.0,0.0,0.0,2035.5,0.0
0,338300,KELP,2034.0,29.0,0.0,0.0,0.0,0.0,2037,30,0.0,0.0,0.0,0.0,2035.5,0.0
0,338400,KELP,2034.0,30.0,0.0,0.0,0.0,0.0,2037,30,0.0,0.0,0.0,0.0,2035.5,0.0
0,338500,KELP,2034.0,29.0,0.0,0.0,0.0,0.0,2037,29,0.0,0.0,0.0,0.0,2035.5,0.0
0,338600,KELP,2034.0,25.0,0.0,0.0,0.0,0.0,2037,25,0.0,0.0,0.0,0.0,2035.5,0.0
0,338700,KELP,2034.0,27.0,0.0,0.0,0.0,0.0,2037,27,0.0,0.0,0.0,0.0,2035.5,0.0
0,338800,KELP,2034.0,22.0,0.0,0.0,0.0,0.0,2037,22,0.0,0.0,0.0,0.0,2035.5,0.0
0,338900,KELP,2034.0,22.0,0.0,0.0,0.0,0.0,2037,22,0.0,0.0,0.0,0.0,2035.5,0.0
0,339000,KELP,2034.0,25.0,0.0,0.0,0.0,0.0,2037,25,0.0,0.0,0.0,0.0,2035.5,0.0
0,339100,KELP,2034.0,22.0,0.0,0.0,0.0,0.0,2037,22,0.0,0.0,0.0,0.0,2035.5,0.0
0,339200,KELP,2033.0,21.0,0.0,0.0,0.0,0.0,2037,21,0.0,0.0,0.0,0.0,2035.0,0.0
0,339300,KELP,2034.0,2.0,2033.0,30.0,0.0,0.0,2037,32,0.0,0.0,0.0,0.0,2035.5,0.0
0,339400,KELP,2035.0,6.0,2034.0,1.0,2033.0,29.0,2037,30,0.0,0.0,0.0,0.0,2036.0,0.0
0,339500,KELP,2033.0,24.0,0.0,0.0,0.0,0.0,2037,24,0.0,0.0,0.0,0.0,2035.0,0.0
0,339600,KELP,2033.0,22.0,0.0,0.0,0.0,0.0,2037,22,0.0,0.0,0.0,0.0,2035.0,0.0
0,339700,KELP,2033.0,21.0,0.0,0.0,0.0,0.0,2037,22,0.0,0.0,0.0,0.0,2035.0,0.0
0,339800,KELP,2034.0,5.0,2033.0,29.0,0.0,0.0,2037,29,0.0,0.0,0.0,0.0,2035.5,0.0
0,339900,KELP,2034.0,7.0,2033.0,21.0,0.0,0.0,2036,1,2037.0,20.0,0.0,0.0,2035.0,0.0
0,340000,KELP,2033.0,29.0,0.0,0.0,0.0,0.0,2037,29,0.0,0.0,0.0,0.0,2035.0,0.0
0,340100,KELP,2033.0,24.0,0.0,0.0,0.0,0.0,2036,1,2037.0,23.0,0.0,0.0,2034.5,0.0
0,340200,KELP,2035.0,1.0,2033.0,21.0,0.0,0.0,2036,21,0.0,0.0,0.0,0.0,2035.5,0.0
0,340300,KELP,2033.0,30.0,0.0,0.0,0.0,0.0,2036,26,0.0,0.0,0.0,0.0,2034.5,0.0
0,340400,KELP,2033.0,27.0,0.0,0.0,0.0,0.0,2034,10,2036.0,1.0,2037.0,26.0,2033.5,0.0
0,340500,KELP,2033.0,31.0,0.0,0.0,0.0,0.0,2036,31,0.0,0.0,0.0,0.0,2034.5,0.0
0,340600,KELP,2033.0,26.0,0.0,0.0,0.0,0.0,2036,26,0.0,0.0,0.0,0.0,2034.5,0.0
0,340700,KELP,2033.0,27.0,0.0,0.0,0.0,0.0,2036,27,0.0,0.0,0.0,0.0,2034.5,0.0
0,340800,KELP,2033.0,26.0,0.0,0.0,0.0,0.0,2036,26,0.0,0.0,0.0,0.0,2034.5,0.0
0,340900,KELP,2033.0,29.0,0.0,0.0,0.0,0.0,2035,2,2036.0,29.0,0.0,0.0,2034.0,0.0
0,341000,KELP,2033.0,24.0,0.0,0.0,0.0,0.0,2036,24,0.0,0.0,0.0,0.0,2034.5,0.0
0,341100,KELP,2033.0,27.0,0.0,0.0,0.0,0.0,2035,2,2036.0,27.0,0.0,0.0,2034.0,0.0
0,341200,KELP,2033.0,29.0,0.0,0.0,0.0,0.0,2036,29,0.0,0.0,0.0,0.0,2034.5,0.0
0,341300,KELP,2033.0,23.0,0.0,0.0,0.0,0.0,2036,23,0.0,0.0,0.0,0.0,2034.5,0.0
0,341400,KELP,2035.0,1.0,2033.0,35.0,0.0,0.0,2036,30,0.0,0.0,0.0,0.0,2035.5,0.0
0,341500,KELP,2033.0,25.0,0.0,0.0,0.0,0.0,2036,25,0.0,0.0,0.0,0.0,2034.5,0.0
0,341600,KELP,2033.0,26.0,0.0,0.0,0.0,0.0,2036,26,0.0,0.0,0.0,0.0,2034.5,0.0
0,341700,KELP,2033.0,2.0,2032.0,24.0,0.0,0.0,2036,26,0.0,0.0,0.0,0.0,2034.5,0.0
0,341800,KELP,2033.0,21.0,0.0,0.0,0.0,0.0,2036,21,0.0,0.0,0.0,0.0,2034.5,0.0
0,341900,KELP,2033.0,28.0,0.0,0.0,0.0,0.0,2035,2,2036.0,28.0,0.0,0.0,2034.0,0.0
0,342000,KELP,2033.0,30.0,0.0,0.0,0.0,0.0,2036,30,0.0,0.0,0.0,0.0,2034.5,0.0
0,342100,KELP,2032.0,21.0,0.0,0.0,0.0,0.0,2034,4,2036.0,21.0,0.0,0.0,2033.0,0.0
0,342200,KELP,2032.0,28.0,0.0,0.0,0.0,0.0,2036,28,0.0,0.0,0.0,0.0,2034.0,0.0
0,342300,KELP,2032.0,27.0,0.0,0.0,0.0,0.0,2036,27,0.0,0.0,0.0,0.0,2034.0,0.0
0,342400,KELP,2032.0,31.0,0.0,0.0,0.0,0.0,2035,1,2036.0,30.0,0.0,0.0,2033.5,0.0
0,342500,KELP,2032.0,31.0,0.0,0.0,0.0,0.0,2035,1,2036.0,30.0,0.0,0.0,2033.5,0.0
0,342600,KELP,2032.0,26.0,0.0,0.0,0.0,0.0,2034,2,2035.0,2.0,2036.0,24.0,2033.0,0.0
0,342700,KELP,2034.0,3.0,2032.0,27.0,0.0,0.0,2036,27,0.0,0.0,0.0,0.0,2035.0,0.0
0,342800,KELP,2033.0,25.0,0.0,0.0,0.0,0.0,2036,26,0.0,0.0,0.0,0.0,2034.5,0.0
0,342900,KELP,2032.0,28.0,0.0,0.0,0.0,0.0,2036,29,0.0,0.0,0.0,0.0,2034.0,0.0
0,343000,KELP,2032.0,23.0,0.0,0.0,0.0,0.0,2036,23,0.0,0.0,0.0,0.0,2034.0,0.0
0,343100,KELP,2033.0,29.0,0.0,0.0,0.0,0.0,2036,29,0.0,0.0,0.0,0.0,2034.5,0.0
0,343200,KELP,2033.0,21.0,0.0,0.0,0.0,0.0,2036,21,0.0,0.0,0.0,0.0,2034.5,0.0
0,343300,KELP,2033.0,26.0,0.0,0.0,0.0,0.0,2036,27,0.0,0.0,0.0,0.0,2034.5,0.0
0,343400,KELP,2035.0,11.0,2033.0,22.0,0.0,0.0,2036,22,0.0,0.0,0.0,0.0,2035.5,0.0
0,343500,KELP,2034.0,3.0,2032.0,24.0,0.0,0.0,2036,24,0.0,0.0,0.0,0.0,2035.0,0.0
0,343600,KELP,2032.0,22.0,0.0,0.0,0.0,0.0,2036,22,0.0,0.0,0.0,0.0,2034.0,0.0
0,343700,KELP,2032.0,23.0,0.0,0.0,0.0,0.0,2036,23,0.0,0.0,0.0,0.0,2034.0,0.0
0,343800,KELP,2035.0,1.0,2032.0,24.0,0.0,0.0,2036,24,0.0,0.0,0.0,0.0,2035.5,0.0
0,343900,KELP,2035.0,1.0,2032.0,29.0,0.0,0.0,2036,29,0.0,0.0,0.0,0.0,2035.5,0.0
0,344000,KELP,2033.0,30.0,0.0,0.0,0.0,0.0,2036,30,0.0,0.0,0.0,0.0,2034.5,0.0
0,344100,KELP,2032.0,24.0,0.0,0.0,0.0,0.0,2036,24,0.0,0.0,0.0,0.0,2034.0,0.0
0,344200,KELP,2032.0,29.0,0.0,0.0,0.0,0.0,2036,29,0.0,0.0,0.0,0.0,2034.0,0.0
0,344300,KELP,2032.0,24.0,0.0,0.0,0.0,0.0,2036,24,0.0,0.0,0.0,0.0,2034.0,0.0
0,344400,KELP,2032.0,21.0,0.0,0.0,0.0,0.0,2035,21,0.0,0.0,0.0,0.0,2033.5,0.0
0,344500,KELP,2032.0,22.0,0.0,0.0,0.0,0.0,2035,22,0.0,0.0,0.0,0.0,2033.5,0.0
0,344600,KELP,2032.0,26.0,0.0,0.0,0.0,0.0,2035,26,0.0,0.0,0.0,0.0,2033.5,0.0
0,344700,KELP,2032.0,31.0,0.0,0.0,0.0,0.0,2035,23,0.0,0.0,0.0,0.0,2033.5,0.0
0,344800,KELP,2032.0,22.0,0.0,0.0,0.0,0.0,2035,22,0.0,0.0,0.0,0.0,2033.5,0.0
0,344900,KELP,2032.0,28.0,0.0,0.0,0.0,0.0,2035,28,0.0,0.0,0.0,0.0,2033.5,0.0
0,345000,KELP,2032.0,30.0,0.0,0.0,0.0,0.0,2035,30,0.0,0.0,0.0,0.0,2033.5,0.0
0,345100,KELP,2032.0,30.0,0.0,0.0,0.0,0.0,2035,28,0.0,0.0,0.0,0.0,2033.5,0.0
0,345200,KELP,2032.0,24.0,0.0,0.0,0.0,0.0,2035,24,0.0,0.0,0.0,0.0,2033.5,0.0
0,345300,KELP,2032.0,24.0,0.0,0.0,0.0,0.0,2034,2,2035.0,24.0,0.0,0.0,2033.0,0.0
0,345400,KELP,2033.0,2.0,2032.0,24.0,0.0,0.0,2035,24,0.0,0.0,0.0,0.0,2034.0,0.0
0,345500,KELP,2034.0,1.0,2032.0,2.0,2031.0,27.0,2035,29,0.0,0.0,0.0,0.0,2034.5,0.0
0,345600,KELP,2032.0,2.0,2031.0,22.0,0.0,0.0,2035,24,0.0,0.0,0.0,0.0,2033.5,0.0
0,345700,KELP,2031.0,24.0,0.0,0.0,0.0,0.0,2033,1,2035.0,24.0,0.0,0.0,2032.0,0.0
0,345800,KELP,2031.0,29.0,0.0,0.0,0.0,0.0,2034,29,0.0,0.0,0.0,0.0,2032.5,0.0
0,345900,KELP,2031.0,2.0,2030.0,28.0,0.0,0.0,2034,30,0.0,0.0,0.0,0.0,2032.5,0.0
0,346000,KELP,2031.0,22.0,0.0,0.0,0.0,0.0,2034,22,0.0,0.0,0.0,0.0,2032.5,0.0
0,346100,KELP,2031.0,25.0,0.0,0.0,0.0,0.0,2035,25,0.0,0.0,0.0,0.0,2033.0,0.0
0,346200,KELP,2031.0,24.0,0.0,0.0,0.0,0.0,2034,24,0.0,0.0,0.0,0.0,2032.5,0.0
0,346300,KELP,2031.0,29.0,0.0,0.0,0.0,0.0,2034,29,0.0,0.0,0.0,0.0,2032.5,0.0
0,346400,KELP,2031.0,22.0,0.0,0.0,0.0,0.0,2033,3,2034.0,23.0,0.0,0.0,2032.0,0.0
0,346500,KELP,2031.0,28.0,0.0,0.0,0.0,0.0,2034,28,0.0,0.0,0.0,0.0,2032.5,0.0
0,346600,KELP,2031.0,21.0,0.0,0.0,0.0,0.0,2034,21,0.0,0.0,0.0,0.0,2032.5,0.0
0,346700,KELP,2031.0,29.0,0.0,0.0,0.0,0.0,2034,29,0.0,0.0,0.0,0.0,2032.5,0.0
0,346800,KELP,2031.0,23.0,0.0,0.0,0.0,0.0,2033,3,2035.0,23.0,0.0,0.0,2032.0,0.0
0,346900,KELP,2032.0,8.0,2031.0,20.0,0.0,0.0,2035,20,0.0,0.0,0.0,0.0,2033.5,0.0
0,347000,KELP,2031.0,23.0,0.0,0.0,0.0,0.0,2035,23,0.0,0.0,0.0,0.0,2033.0,0.0
0,347100,KELP,2032.0,1.0,2031.0,29.0,0.0,0.0,2035,30,0.0,0.0,0.0,0.0,2033.5,0.0
0,347200,KELP,2032.0,5.0,2031.0,25.0,0.0,0.0,2035,25,0.0,0.0,0.0,0.0,2033.5,0.0
0,347300,KELP,2032.0,2.0,2031.0,20.0,0.0,0.0,2035,22,0.0,0.0,0.0,0.0,2033.5,0.0
0,347400,KELP,2031.0,27.0,0.0,0.0,0.0,0.0,2035,27,0.0,0.0,0.0,0.0,2033.0,0.0
0,347500,KELP,2032.0,1.0,2031.0,28.0,0.0,0.0,2033,4,2035.0,29.0,0.0,0.0,2032.5,0.0
0,347600,KELP,2032.0,32.0,0.0,0.0,0.0,0.0,2035,32,0.0,0.0,0.0,0.0,2033.5,0.0
0,347700,KELP,2032.0,23.0,0.0,0.0,0.0,0.0,2035,23,0.0,0.0,0.0,0.0,2033.5,0.0
0,347800,KELP,2032.0,1.0,2031.0,20.0,0.0,0.0,2035,21,0.0,0.0,0.0,0.0,2033.5,0.0
0,347900,KELP,2031.0,22.0,0.0,0.0,0.0,0.0,2035,22,0.0,0.0,0.0,0.0,2033.0,0.0
0,348000,KELP,2034.0,1.0,2031.0,25.0,0.0,0.0,2035,25,0.0,0.0,0.0,0.0,2034.5,0.0
0,348100,KELP,2031.0,26.0,0.0,0.0,0.0,0.0,2034,2,2035.0,24.0,0.0,0.0,2032.5,0.0
0,348200,KELP,2031.0,31.0,0.0,0.0,0.0,0.0,2035,29,0.0,0.0,0.0,0.0,2033.0,0.0
0,348300,KELP,2031.0,23.0,0.0,0.0,0.0,0.0,2034,23,0.0,0.0,0.0,0.0,2032.5,0.0
0,348400,KELP,2031.0,29.0,0.0,0.0,0.0,0.0,2035,29,0.0,0.0,0.0,0.0,2033.0,0.0
0,348500,KELP,2031.0,28.0,0.0,0.0,0.0,0.0,2033,6,2034.0,28.0,0.0,0.0,2032.0,0.0
0,348600,KELP,2031.0,27.0,0.0,0.0,0.0,0.0,2035,27,0.0,0.0,0.0,0.0,2033.0,0.0
0,348700,KELP,2032.0,1.0,2031.0,28.0,0.0,0.0,2034,2,2035.0,26.0,0.0,0.0,2033.0,0.0
0,348800,KELP,2031.0,22.0,0.0,0.0,0.0,0.0,2032,4,2035.0,22.0,0.0,0.0,2031.5,0.0
0,348900,KELP,2031.0,21.0,0.0,0.0,0.0,0.0,2034,21,0.0,0.0,0.0,0.0,2032.5,0.0
0,349000,KELP,2031.0,24.0,0.0,0.0,0.0,0.0,2034,24,0.0,0.0,0.0,0.0,2032.5,0.0
0,349100,KELP,2032.0,5.0,2031.0,31.0,0.0,0.0,2034,31,0.0,0.0,0.0,0.0,2033.0,0.0
0,349200,KELP,2031.0,31.0,0.0,0.0,0.0,0.0,2034,31,0.0,0.0,0.0,0.0,2032.5,0.0
0,349300,KELP,2033.0,1.0,2032.0,6.0,2031.0,29.0,2034,1,2035.0,28.0,0.0,0.0,2033.5,0.0
0,349400,KELP,2033.0,1.0,2032.0,6.0,2031.0,23.0,2035,23,0.0,0.0,0.0,0.0,2034.0,0.0
0,349500,KELP,2031.0,23.0,0.0,0.0,0.0,0.0,2035,23,0.0,0.0,0.0,0.0,2033.0,0.0
0,349600,KELP,2031.0,29.0,0.0,0.0,0.0,0.0,2035,29,0.0,0.0,0.0,0.0,2033.0,0.0
0,349700,KELP,2031.0,29.0,0.0,0.0,0.0,0.0,2035,29,0.0,0.0,0.0,0.0,2033.0,0.0
0,349800,KELP,2031.0,26.0,0.0,0.0,0.0,0.0,2034,24,0.0,0.0,0.0,0.0,2032.5,0.0
0,349900,KELP,2031.0,28.0,0.0,0.0,0.0,0.0,2033,6,2034.0,28.0,0.0,0.0,2032.0,0.0
0,350000,KELP,2031.0,30.0,0.0,0.0,0.0,0.0,2033,8,2034.0,30.0,0.0,0.0,2032.0,0.0
0,350100,KELP,2031.0,32.0,0.0,0.0,0.0,0.0,2034,25,0.0,0.0,0.0,0.0,2032.5,0.0
0,350200,KELP,2031.0,28.0,0.0,0.0,0.0,0.0,2033,1,2035.0,28.0,0.0,0.0,2032.0,0.0
0,350300,KELP,2031.0,29.0,0.0,0.0,0.0,0.0,2034,2,2035.0,25.0,0.0,0.0,2032.5,0.0
0,350400,KELP,2031.0,25.0,0.0,0.0,0.0,0.0,2033,1,2034.0,26.0,0.0,0.0,2032.0,0.0
0,350500,KELP,2031.0,20.0,0.0,0.0,0.0,0.0,2033,4,2034.0,20.0,0.0,0.0,2032.0,0.0
0,350600,KELP,2031.0,24.0,0.0,0.0,0.0,0.0,2033,5,2034.0,24.0,0.0,0.0,2032.0,0.0
0,350700,KELP,2031.0,24.0,0.0,0.0,0.0,0.0,2034,24,0.0,0.0,0.0,0.0,2032.5,0.0
0,350800,KELP,2031.0,24.0,0.0,0.0,0.0,0.0,2034,24,0.0,0.0,0.0,0.0,2032.5,0.0
0,350900,KELP,2033.0,1.0,2031.0,31.0,0.0,0.0,2034,31,0.0,0.0,0.0,0.0,2033.5,0.0
0,351000,KELP,2031.0,22.0,0.0,0.0,0.0,0.0,2034,21,0.0,0.0,0.0,0.0,2032.5,0.0
0,351100,KELP,2031.0,27.0,0.0,0.0,0.0,0.0,2034,27,0.0,0.0,0.0,0.0,2032.5,0.0
0,351200,KELP,2030.0,27.0,0.0,0.0,0.0,0.0,2033,28,0.0,0.0,0.0,0.0,2031.5,0.0
0,351300,KELP,2030.0,31.0,0.0,0.0,0.0,0.0,2034,31,0.0,0.0,0.0,0.0,2032.0,0.0
0,351400,KELP,2031.0,2.0,2030.0,22.0,0.0,0.0,2034,24,0.0,0.0,0.0,0.0,2032.5,0.0
0,351500,KELP,2031.0,25.0,0.0,0.0,0.0,0.0,2034,25,0.0,0.0,0.0,0.0,2032.5,0.0
0,351600,KELP,2030.0,24.0,0.0,0.0,0.0,0.0,2032,8,2034.0,24.0,0.0,0.0,2031.0,0.0
0,351700,KELP,2030.0,22.0,0.0,0.0,0.0,0.0,2032,3,2034.0,22.0,0.0,0.0,2031.0,0.0
0,351800,KELP,2030.0,23.0,0.0,0.0,0.0,0.0,2033,23,0.0,0.0,0.0,0.0,2031.5,0.0
0,351900,KELP,2031.0,5.0,2030.0,29.0,0.0,0.0,2034,29,0.0,0.0,0.0,0.0,2032.5,0.0
0,352000,KELP,2030.0,25.0,0.0,0.0,0.0,0.0,2034,25,0.0,0.0,0.0,0.0,2032.0,0.0
0,352100,KELP,2030.0,23.0,0.0,0.0,0.0,0.0,2034,23,0.0,0.0,0.0,0.0,2032.0,0.0
0,352200,KELP,2031.0,3.0,2030.0,23.0,0.0,0.0,2033,21,0.0,0.0,0.0,0.0,2032.0,0.0
0,352300,KELP,2030.0,23.0,0.0,0.0,0.0,0.0,2032,6,2033.0,23.0,0.0,0.0,2031.0,0.0
0,352400,KELP,2030.0,26.0,0.0,0.0,0.0,0.0,2033,26,0.0,0.0,0.0,0.0,2031.5,0.0
0,352500,KELP,2030.0,31.0,0.0,0.0,0.0,0.0,2033,31,0.0,0.0,0.0,0.0,2031.5,0.0
0,352600,KELP,2030.0,34.0,0.0,0.0,0.0,0.0,2033,28,0.0,0.0,0.0,0.0,2031.5,0.0
0,352700,KELP,2030.0,35.0,0.0,0.0,0.0,0.0,2033,29,0.0,0.0,0.0,0.0,2031.5,0.0
0,352800,KELP,2030.0,27.0,0.0,0.0,0.0,0.0,2031,3,2033.0,27.0,0.0,0.0,2030.5,0.0
0,352900,KELP,2030.0,23.0,0.0,0.0,0.0,0.0,2033,1,2034.0,22.0,0.0,0.0,2031.5,0.0
0,353000,KELP,2030.0,24.0,0.0,0.0,0.0,0.0,2034,24,0.0,0.0,0.0,0.0,2032.0,0.0
0,353100,KELP,2030.0,28.0,0.0,0.0,0.0,0.0,2032,2,2034.0,28.0,0.0,0.0,2031.0,0.0
0,353200,KELP,2031.0,24.0,0.0,0.0,0.0,0.0,2033,5,2034.0,24.0,0.0,0.0,2032.0,0.0
0,353300,KELP,2031.0,32.0,0.0,0.0,0.0,0.0,2034,32,0.0,0.0,0.0,0.0,2032.5,0.0
0,353400,KELP,2031.0,20.0,0.0,0.0,0.0,0.0,2034,20,0.0,0.0,0.0,0.0,2032.5,0.0
0,353500,KELP,2031.0,22.0,0.0,0.0,0.0,0.0,2034,22,0.0,0.0,0.0,0.0,2032.5,0.0
0,353600,KELP,2031.0,28.0,0.0,0.0,0.0,0.0,2034,28,0.0,0.0,0.0,0.0,2032.5,0.0
0,353700,KELP,2031.0,29.0,0.0,0.0,0.0,0.0,2034,23,0.0,0.0,0.0,0.0,2032.5,0.0
0,353800,KELP,2031.0,28.0,0.0,0.0,0.0,0.0,2034,28,0.0,0.0,0.0,0.0,2032.5,0.0
0,353900,KELP,2031.0,24.0,0.0,0.0,0.0,0.0,2033,8,2034.0,25.0,0.0,0.0,2032.0,0.0
0,354000,KELP,2031.0,27.0,0.0,0.0,0.0,0.0,2034,27,0.0,0.0,0.0,0.0,2032.5,0.0
0,354100,KELP,2031.0,32.0,0.0,0.0,0.0,0.0,2034,32,0.0,0.0,0.0,0.0,2032.5,0.0
0,354200,KELP,2031.0,28.0,0.0,0.0,0.0,0.0,2033,4,2034.0,30.0,0.0,0.0,2032.0,0.0
0,354300,KELP,2031.0,30.0,0.0,0.0,0.0,0.0,2033,6,2034.0,30.0,0.0,0.0,2032.0,0.0
0,354400,KELP,2031.0,26.0,0.0,0.0,0.0,0.0,2034,26,0.0,0.0,0.0,0.0,2032.5,0.0
0,354500,KELP,2031.0,24.0,0.0,0.0,0.0,0.0,2034,24,0.0,0.0,0.0,0.0,2032.5,0.0
0,354600,KELP,2031.0,30.0,0.0,0.0,0.0,0.0,2032,2,2034.0,31.0,0.0,0.0,2031.5,0.0
0,354700,KELP,2031.0,28.0,0.0,0.0,0.0,0.0,2035,28,0.0,0.0,0.0,0.0,2033.0,0.0
0,354800,KELP,2031.0,20.0,0.0,0.0,0.0,0.0,2035,20,0.0,0.0,0.0,0.0,2033.0,0.0
0,354900,KELP,2031.0,30.0,0.0,0.0,0.0,0.0,2035,30,0.0,0.0,0.0,0.0,2033.0,0.0
0,355000,KELP,2033.0,1.0,2031.0,37.0,0.0,0.0,2034,30,0.0,0.0,0.0,0.0,2033.5,0.0
0,355100,KELP,2031.0,20.0,0.0,0.0,0.0,0.0,2033,8,2035.0,20.0,0.0,0.0,2032.0,0.0
0,355200,KELP,2031.0,25.0,0.0,0.0,0.0,0.0,2034,25,0.0,0.0,0.0,0.0,2032.5,0.0
0,355300,KELP,2031.0,25.0,0.0,0.0,0.0,0.0,2034,25,0.0,0.0,0.0,0.0,2032.5,0.0
0,355400,KELP,2031.0,27.0,0.0,0.0,0.0,0.0,2034,27,0.0,0.0,0.0,0.0,2032.5,0.0
0,355500,KELP,2031.0,25.0,0.0,0.0,0.0,0.0,2034,25,0.0,0.0,0.0,0.0,2032.5,0.0
0,355600,KELP,2031.0,28.0,0.0,0.0,0.0,0.0,2034,27,0.0,0.0,0.0,0.0,2032.5,0.0
0,355700,KELP,2031.0,30.0,0.0,0.0,0.0,0.0,2034,30,0.0,0.0,0.0,0.0,2032.5,0.0
0,355800,KELP,2031.0,29.0,0.0,0.0,0.0,0.0,2034,27,0.0,0.0,0.0,0.0,2032.5,0.0
0,355900,KELP,2031.0,26.0,0.0,0.0,0.0,0.0,2034,26,0.0,0.0,0.0,0.0,2032.5,0.0
0,356000,KELP,2031.0,26.0,0.0,0.0,0.0,0.0,2033,8,2034.0,26.0,0.0,0.0,2032.0,0.0
0,356100,KELP,2031.0,1.0,2030.0,27.0,0.0,0.0,2034,27,0.0,0.0,0.0,0.0,2032.5,0.0
0,356200,KELP,2031.0,5.0,2030.0,23.0,0.0,0.0,2034,25,0.0,0.0,0.0,0.0,2032.5,0.0
0,356300,KELP,2030.0,21.0,0.0,0.0,0.0,0.0,2034,21,0.0,0.0,0.0,0.0,2032.0,0.0
0,356400,KELP,2030.0,30.0,0.0,0.0,0.0,0.0,2034,30,0.0,0.0,0.0,0.0,2032.0,0.0
0,356500,KELP,2030.0,21.0,0.0,0.0,0.0,0.0,2034,21,0.0,0.0,0.0,0.0,2032.0,0.0
0,356600,KELP,2030.0,22.0,0.0,0.0,0.0,0.0,2033,22,0.0,0.0,0.0,0.0,2031.5,0.0
0,356700,KELP,2031.0,5.0,2030.0,24.0,0.0,0.0,2033,24,0.0,0.0,0.0,0.0,2032.0,0.0
0,356800,KELP,2030.0,26.0,0.0,0.0,0.0,0.0,2033,26,0.0,0.0,0.0,0.0,2031.5,0.0
0,356900,KELP,2030.0,32.0,0.0,0.0,0.0,0.0,2033,2,2034.0,27.0,0.0,0.0,2031.5,0.0
0,357000,KELP,2030.0,25.0,0.0,0.0,0.0,0.0,2033,25,0.0,0.0,0.0,0.0,2031.5,0.0
0,357100,KELP,2030.0,29.0,0.0,0.0,0.0,0.0,2033,30,0.0,0.0,0.0,0.0,2031.5,0.0
0,357200,KELP,2030.0,24.0,0.0,0.0,0.0,0.0,2033,24,0.0,0.0,0.0,0.0,2031.5,0.0
0,357300,KELP,2030.0,20.0,0.0,0.0,0.0,0.0,2033,20,0.0,0.0,0.0,0.0,2031.5,0.0
0,357400,KELP,2030.0,22.0,0.0,0.0,0.0,0.0,2033,22,0.0,0.0,0.0,0.0,2031.5,0.0
0,357500,KELP,2029.0,25.0,0.0,0.0,0.0,0.0,2031,6,2033.0,25.0,0.0,0.0,2030.0,0.0
0,357600,KELP,2029.0,22.0,0.0,0.0,0.0,0.0,2033,22,0.0,0.0,0.0,0.0,2031.0,0.0
0,357700,KELP,2030.0,22.0,0.0,0.0,0.0,0.0,2033,22,0.0,0.0,0.0,0.0,2031.5,0.0
0,357800,KELP,2030.0,25.0,0.0,0.0,0.0,0.0,2032,3,2033.0,25.0,0.0,0.0,2031.0,0.0
0,357900,KELP,2030.0,30.0,0.0,0.0,0.0,0.0,2033,30,0.0,0.0,0.0,0.0,2031.5,0.0
0,358000,KELP,2030.0,30.0,0.0,0.0,0.0,0.0,2033,30,0.0,0.0,0.0,0.0,2031.5,0.0
0,358100,KELP,2030.0,39.0,0.0,0.0,0.0,0.0,2033,32,0.0,0.0,0.0,0.0,2031.5,0.0
0,358200,KELP,2030.0,26.0,0.0,0.0,0.0,0.0,2033,26,0.0,0.0,0.0,0.0,2031.5,0.0
0,358300,KELP,2030.0,23.0,0.0,0.0,0.0,0.0,2033,23,0.0,0.0,0.0,0.0,2031.5,0.0
0,358400,KELP,2030.0,24.0,0.0,0.0,0.0,0.0,2032,4,2033.0,24.0,0.0,0.0,2031.0,0.0
0,358500,KELP,2030.0,24.0,0.0,0.0,0.0,0.0,2033,24,0.0,0.0,0.0,0.0,2031.5,0.0
0,358600,KELP,2030.0,25.0,0.0,0.0,0.0,0.0,2033,25,0.0,0.0,0.0,0.0,2031.5,0.0
0,358700,KELP,2030.0,28.0,0.0,0.0,0.0,0.0,2033,28,0.0,0.0,0.0,0.0,2031.5,0.0
0,358800,KELP,2030.0,3.0,2029.0,22.0,0.0,0.0,2033,24,0.0,0.0,0.0,0.0,2031.5,0.0
0,358900,KELP,2031.0,4.0,2030.0,1.0,2029.0,29.0,2033,29,0.0,0.0,0.0,0.0,2032.0,0.0
0,359000,KELP,2030.0,30.0,0.0,0.0,0.0,0.0,2033,24,0.0,0.0,0.0,0.0,2031.5,0.0
0,359100,KELP,2032.0,9.0,2030.0,26.0,0.0,0.0,2033,25,0.0,0.0,0.0,0.0,2032.5,0.0
0,359200,KELP,2030.0,30.0,0.0,0.0,0.0,0.0,2032,4,2033.0,30.0,0.0,0.0,2031.0,0.0
0,359300,KELP,2030.0,23.0,0.0,0.0,0.0,0.0,2032,5,2033.0,23.0,0.0,0.0,2031.0,0.0
0,359400,KELP,2030.0,28.0,0.0,0.0,0.0,0.0,2033,28,0.0,0.0,0.0,0.0,2031.5,0.0
0,359500,KELP,2030.0,29.0,0.0,0.0,0.0,0.0,2031,2,2032.0,7.0,2033.0,29.0,2030.5,0.0
0,359600,KELP,2030.0,21.0,0.0,0.0,0.0,0.0,2033,21,0.0,0.0,0.0,0.0,2031.5,0.0
0,359700,KELP,2030.0,28.0,0.0,0.0,0.0,0.0,2033,28,0.0,0.0,0.0,0.0,2031.5,0.0
0,359800,KELP,2030.0,27.0,0.0,0.0,0.0,0.0,2033,27,0.0,0.0,0.0,0.0,2031.5,0.0
0,359900,KELP,2030.0,18.0,0.0,0.0,0.0,0.0,2033,23,0.0,0.0,0.0,0.0,2031.5,0.0
0,360000,KELP,2030.0,36.0,0.0,0.0,0.0,0.0,2033,28,0.0,0.0,0.0,0.0,2031.5,0.0
0,360100,KELP,2030.0,22.0,0.0,0.0,0.0,0.0,2033,22,0.0,0.0,0.0,0.0,2031.5,0.0
0,360200,KELP,2030.0,29.0,0.0,0.0,0.0,0.0,2033,29,0.0,0.0,0.0,0.0,2031.5,0.0
0,360300,KELP,2030.0,23.0,0.0,0.0,0.0,0.0,2033,23,0.0,0.0,0.0,0.0,2031.5,0.0
0,360400,KELP,2031.0,4.0,2030.0,23.0,0.0,0.0,2033,23,0.0,0.0,0.0,0.0,2032.0,0.0
0,360500,KELP,2030.0,30.0,0.0,0.0,0.0,0.0,2033,30,0.0,0.0,0.0,0.0,2031.5,0.0
0,360600,KELP,2030.0,31.0,0.0,0.0,0.0,0.0,2032,4,2033.0,31.0,0.0,0.0,2031.0,0.0
0,360700,KELP,2030.0,23.0,0.0,0.0,0.0,0.0,2032,2,2033.0,23.0,0.0,0.0,2031.0,0.0
0,360800,KELP,2030.0,31.0,0.0,0.0,0.0,0.0,2033,31,0.0,0.0,0.0,0.0,2031.5,0.0
0,360900,KELP,2030.0,38.0,0.0,0.0,0.0,0.0,2033,31,0.0,0.0,0.0,0.0,2031.5,0.0
0,361000,KELP,2030.0,27.0,0.0,0.0,0.0,0.0,2033,27,0.0,0.0,0.0,0.0,2031.5,0.0
0,361100,KELP,2030.0,28.0,0.0,0.0,0.0,0.0,2031,2,2034.0,30.0,0.0,0.0,2030.5,0.0
0,361200,KELP,2031.0,21.0,0.0,0.0,0.0,0.0,2034,21,0.0,0.0,0.0,0.0,2032.5,0.0
0,361300,KELP,2031.0,26.0,0.0,0.0,0.0,0.0,2034,27,0.0,0.0,0.0,0.0,2032.5,0.0
0,361400,KELP,2031.0,5.0,2030.0,28.0,0.0,0.0,2034,28,0.0,0.0,0.0,0.0,2032.5,0.0
0,361500,KELP,2033.0,1.0,2031.0,26.0,0.0,0.0,2034,26,0.0,0.0,0.0,0.0,2033.5,0.0
0,361600,KELP,2031.0,24.0,0.0,0.0,0.0,0.0,2034,21,0.0,0.0,0.0,0.0,2032.5,0.0
0,361700,KELP,2031.0,22.0,0.0,0.0,0.0,0.0,2034,22,0.0,0.0,0.0,0.0,2032.5,0.0
0,361800,KELP,2032.0,3.0,2031.0,21.0,0.0,0.0,2034,21,0.0,0.0,0.0,0.0,2033.0,0.0
0,361900,KELP,2031.0,2.0,2030.0,28.0,0.0,0.0,2034,30,0.0,0.0,0.0,0.0,2032.5,0.0
0,362000,KELP,2030.0,22.0,0.0,0.0,0.0,0.0,2034,22,0.0,0.0,0.0,0.0,2032.0,0.0
0,362100,KELP,2031.0,1.0,2030.0,21.0,0.0,0.0,2032,4,2033.0,1.0,2034.0,22.0,2031.5,0.0
0,362200,KELP,2031.0,20.0,0.0,0.0,0.0,0.0,2033,3,2034.0,20.0,0.0,0.0,2032.0,0.0
0,362300,KELP,2032.0,3.0,2031.0,28.0,0.0,0.0,2034,28,0.0,0.0,0.0,0.0,2033.0,0.0
0,362400,KELP,2031.0,28.0,0.0,0.0,0.0,0.0,2034,28,0.0,0.0,0.0,0.0,2032.5,0.0
0,362500,KELP,2031.0,24.0,0.0,0.0,0.0,0.0,2033,5,2034.0,24.0,0.0,0.0,2032.0,0.0
0,362600,KELP,2031.0,22.0,0.0,0.0,0.0,0.0,2034,22,0.0,0.0,0.0,0.0,2032.5,0.0
0,362700,KELP,2031.0,27.0,0.0,0.0,0.0,0.0,2034,27,0.0,0.0,0.0,0.0,2032.5,0.0
0,362800,KELP,2031.0,22.0,0.0,0.0,0.0,0.0,2033,6,2034.0,23.0,0.0,0.0,2032.0,0.0
0,362900,KELP,2033.0,1.0,2031.0,37.0,0.0,0.0,2034,29,0.0,0.0,0.0,0.0,2033.5,0.0
0,363000,KELP,2031.0,21.0,0.0,0.0,0.0,0.0,2034,21,0.0,0.0,0.0,0.0,2032.5,0.0
0,363100,KELP,2031.0,26.0,0.0,0.0,0.0,0.0,2034,26,0.0,0.0,0.0,0.0,2032.5,0.0
0,363200,KELP,2031.0,20.0,0.0,0.0,0.0,0.0,2034,20,0.0,0.0,0.0,0.0,2032.5,0.0
0,363300,KELP,2031.0,25.0,0.0,0.0,0.0,0.0,2033,1,2034.0,26.0,0.0,0.0,2032.0,0.0
0,363400,KELP,2031.0,1.0,2030.0,28.0,0.0,0.0,2034,29,0.0,0.0,0.0,0.0,2032.5,0.0
0,363500,KELP,2030.0,24.0,0.0,0.0,0.0,0.0,2034,24,0.0,0.0,0.0,0.0,2032.0,0.0
0,363600,KELP,2030.0,28.0,0.0,0.0,0.0,0.0,2031,4,2033.0,29.0,0.0,0.0,2030.5,0.0
0,363700,KELP,2030.0,26.0,0.0,0.0,0.0,0.0,2033,26,0.0,0.0,0.0,0.0,2031.5,0.0
0,363800,KELP,2032.0,1.0,2030.0,31.0,0.0,0.0,2033,24,0.0,0.0,0.0,0.0,2032.5,0.0
0,363900,KELP,2030.0,29.0,0.0,0.0,0.0,0.0,2033,25,0.0,0.0,0.0,0.0,2031.5,0.0
0,364000,KELP,2030.0,30.0,0.0,0.0,0.0,0.0,2033,30,0.0,0.0,0.0,0.0,2031.5,0.0
0,364100,KELP,2030.0,23.0,0.0,0.0,0.0,0.0,2033,23,0.0,0.0,0.0,0.0,2031.5,0.0
0,364200,KELP,2030.0,23.0,0.0,0.0,0.0,0.0,2032,2,2033.0,23.0,0.0,0.0,2031.0,0.0
0,364300,KELP,2032.0,1.0,2030.0,25.0,0.0,0.0,2033,25,0.0,0.0,0.0,0.0,2032.5,0.0
0,364400,KELP,2030.0,30.0,0.0,0.0,0.0,0.0,2033,30,0.0,0.0,0.0,0.0,2031.5,0.0
0,364500,KELP,2030.0,31.0,0.0,0.0,0.0,0.0,2032,6,2033.0,31.0,0.0,0.0,2031.0,0.0
0,364600,KELP,2030.0,23.0,0.0,0.0,0.0,0.0,2033,23,0.0,0.0,0.0,0.0,2031.5,0.0
0,364700,KELP,2030.0,29.0,0.0,0.0,0.0,0.0,2033,29,0.0,0.0,0.0,0.0,2031.5,0.0
0,364800,KELP,2030.0,26.0,0.0,0.0,0.0,0.0,2033,26,0.0,0.0,0.0,0.0,2031.5,0.0
0,364900,KELP,2030.0,22.0,0.0,0.0,0.0,0.0,2032,6,2033.0,22.0,0.0,0.0,2031.0,0.0
0,365000,KELP,2030.0,22.0,0.0,0.0,0.0,0.0,2033,22,0.0,0.0,0.0,0.0,2031.5,0.0
0,365100,KELP,2030.0,27.0,0.0,0.0,0.0,0.0,2031,5,2032.0,7.0,2033.0,27.0,2030.5,0.0
0,365200,KELP,2030.0,28.0,0.0,0.0,0.0,0.0,2032,6,2033.0,28.0,0.0,0.0,2031.0,0.0
0,365300,KELP,2030.0,30.0,0.0,0.0,0.0,0.0,2033,22,0.0,0.0,0.0,0.0,2031.5,0.0
0,365400,KELP,2030.0,29.0,0.0,0.0,0.0,0.0,2033,30,0.0,0.0,0.0,0.0,2031.5,0.0
0,365500,KELP,2030.0,22.0,0.0,0.0,0.0,0.0,2033,22,0.0,0.0,0.0,0.0,2031.5,0.0
0,365600,KELP,2031.0,2.0,2030.0,23.0,0.0,0.0,2032,3,2033.0,23.0,0.0,0.0,2031.5,0.0
0,365700,KELP,2030.0,27.0,0.0,0.0,0.0,0.0,2034,27,0.0,0.0,0.0,0.0,2032.0,0.0
0,365800,KELP,2030.0,25.0,0.0,0.0,0.0,0.0,2034,25,0.0,0.0,0.0,0.0,2032.0,0.0
0,365900,KELP,2030.0,25.0,0.0,0.0,0.0,0.0,2033,1,2034.0,24.0,0.0,0.0,2031.5,0.0
0,366000,KELP,2030.0,26.0,0.0,0.0,0.0,0.0,2032,3,2033.0,26.0,0.0,0.0,2031.0,0.0
0,366100,KELP,2030.0,25.0,0.0,0.0,0.0,0.0,2033,25,0.0,0.0,0.0,0.0,2031.5,0.0
0,366200,KELP,2030.0,25.0,0.0,0.0,0.0,0.0,2033,25,0.0,0.0,0.0,0.0,2031.5,0.0
0,366300,KELP,2031.0,2.0,2030.0,31.0,0.0,0.0,2033,29,0.0,0.0,0.0,0.0,2032.0,0.0
0,366400,KELP,2030.0,23.0,0.0,0.0,0.0,0.0,2033,23,0.0,0.0,0.0,0.0,2031.5,0.0
0,366500,KELP,2032.0,5.0,2030.0,27.0,0.0,0.0,2033,1,2034.0,26.0,0.0,0.0,2032.5,0.0
0,366600,KELP,2030.0,30.0,0.0,0.0,0.0,0.0,2033,30,0.0,0.0,0.0,0.0,2031.5,0.0
0,366700,KELP,2032.0,1.0,2030.0,22.0,0.0,0.0,2033,22,0.0,0.0,0.0,0.0,2032.5,0.0
0,366800,KELP,2030.0,21.0,0.0,0.0,0.0,0.0,2033,21,0.0,0.0,0.0,0.0,2031.5,0.0
0,366900,KELP,2031.0,5.0,2030.0,27.0,0.0,0.0,2034,27,0.0,0.0,0.0,0.0,2032.5,0.0
0,367000,KELP,2030.0,24.0,0.0,0.0,0.0,0.0,2034,24,0.0,0.0,0.0,0.0,2032.0,0.0
0,367100,KELP,2030.0,29.0,0.0,0.0,0.0,0.0,2034,29,0.0,0.0,0.0,0.0,2032.0,0.0
0,367200,KELP,2030.0,27.0,0.0,0.0,0.0,0.0,2031,6,2034.0,27.0,0.0,0.0,2030.5,0.0
0,367300,KELP,2030.0,29.0,0.0,0.0,0.0,0.0,2034,29,0.0,0.0,0.0,0.0,2032.0,0.0
0,367400,KELP,2031.0,20.0,0.0,0.0,0.0,0.0,2034,20,0.0,0.0,0.0,0.0,2032.5,0.0
0,367500,KELP,2031.0,31.0,0.0,0.0,0.0,0.0,2033,3,2034.0,31.0,0.0,0.0,2032.0,0.0
0,367600,KELP,2031.0,35.0,0.0,0.0,0.0,0.0,2034,27,0.0,0.0,0.0,0.0,2032.5,0.0
0,367700,KELP,2031.0,26.0,0.0,0.0,0.0,0.0,2034,26,0.0,0.0,0.0,0.0,2032.5,0.0
0,367800,KELP,2031.0,25.0,0.0,0.0,0.0,0.0,2034,25,0.0,0.0,0.0,0.0,2032.5,0.0
0,367900,KELP,2031.0,23.0,0.0,0.0,0.0,0.0,2034,23,0.0,0.0,0.0,0.0,2032.5,0.0
0,368000,KELP,2031.0,26.0,0.0,0.0,0.0,0.0,2034,26,0.0,0.0,0.0,0.0,2032.5,0.0
0,368100,KELP,2030.0,22.0,0.0,0.0,0.0,0.0,2032,5,2034.0,22.0,0.0,0.0,2031.0,0.0
0,368200,KELP,2031.0,26.0,0.0,0.0,0.0,0.0,2034,26,0.0,0.0,0.0,0.0,2032.5,0.0
0,368300,KELP,2033.0,5.0,2031.0,21.0,0.0,0.0,2034,21,0.0,0.0,0.0,0.0,2033.5,0.0
0,368400,KELP,2031.0,28.0,0.0,0.0,0.0,0.0,2033,3,2034.0,28.0,0.0,0.0,2032.0,0.0
0,368500,KELP,2031.0,25.0,0.0,0.0,0.0,0.0,2033,1,2034.0,25.0,0.0,0.0,2032.0,0.0
0,368600,KELP,2031.0,33.0,0.0,0.0,0.0,0.0,2034,28,0.0,0.0,0.0,0.0,2032.5,0.0
0,368700,KELP,2031.0,22.0,0.0,0.0,0.0,0.0,2034,27,0.0,0.0,0.0,0.0,2032.5,0.0
0,368800,KELP,2031.0,26.0,0.0,0.0,0.0,0.0,2034,26,0.0,0.0,0.0,0.0,2032.5,0.0
0,368900,KELP,2031.0,29.0,0.0,0.0,0.0,0.0,2034,29,0.0,0.0,0.0,0.0,2032.5,0.0
0,369000,KELP,2031.0,27.0,0.0,0.0,0.0,0.0,2034,28,0.0,0.0,0.0,0.0,2032.5,0.0
0,369100,KELP,2031.0,28.0,0.0,0.0,0.0,0.0,2034,28,0.0,0.0,0.0,0.0,2032.5,0.0
0,369200,KELP,2031.0,31.0,0.0,0.0,0.0,0.0,2034,31,0.0,0.0,0.0,0.0,2032.5,0.0
0,369300,KELP,2031.0,32.0,0.0,0.0,0.0,0.0,2033,2,2034.0,32.0,0.0,0.0,2032.0,0.0
0,369400,KELP,2031.0,23.0,0.0,0.0,0.0,0.0,2034,23,0.0,0.0,0.0,0.0,2032.5,0.0
0,369500,KELP,2031.0,28.0,0.0,0.0,0.0,0.0,2034,28,0.0,0.0,0.0,0.0,2032.5,0.0
0,369600,KELP,2031.0,24.0,0.0,0.0,0.0,0.0,2033,8,2034.0,24.0,0.0,0.0,2032.0,0.0
0,369700,KELP,2031.0,24.0,0.0,0.0,0.0,0.0,2034,24,0.0,0.0,0.0,0.0,2032.5,0.0
0,369800,KELP,2031.0,27.0,0.0,0.0,0.0,0.0,2034,23,0.0,0.0,0.0,0.0,2032.5,0.0
0,369900,KELP,2033.0,2.0,2031.0,21.0,0.0,0.0,2034,21,0.0,0.0,0.0,0.0,2033.5,0.0
0,370000,KELP,2031.0,33.0,0.0,0.0,0.0,0.0,2034,26,0.0,0.0,0.0,0.0,2032.5,0.0
0,370100,KELP,2031.0,29.0,0.0,0.0,0.0,0.0,2034,29,0.0,0.0,0.0,0.0,2032.5,0.0
0,370200,KELP,2031.0,22.0,0.0,0.0,0.0,0.0,2034,22,0.0,0.0,0.0,0.0,2032.5,0.0
0,370300,KELP,2031.0,26.0,0.0,0.0,0.0,0.0,2033,1,2034.0,26.0,0.0,0.0,2032.0,0.0
0,370400,KELP,2031.0,29.0,0.0,0.0,0.0,0.0,2034,29,0.0,0.0,0.0,0.0,2032.5,0.0
0,370500,KELP,2031.0,26.0,0.0,0.0,0.0,0.0,2034,27,0.0,0.0,0.0,0.0,2032.5,0.0
0,370600,KELP,2031.0,25.0,0.0,0.0,0.0,0.0,2034,25,0.0,0.0,0.0,0.0,2032.5,0.0
0,370700,KELP,2031.0,21.0,0.0,0.0,0.0,0.0,2033,3,2034.0,21.0,0.0,0.0,2032.0,0.0
0,370800,KELP,2031.0,5.0,2030.0,21.0,0.0,0.0,2034,22,0.0,0.0,0.0,0.0,2032.5,0.0
0,370900,KELP,2031.0,28.0,0.0,0.0,0.0,0.0,2034,28,0.0,0.0,0.0,0.0,2032.5,0.0
0,371000,KELP,2031.0,26.0,0.0,0.0,0.0,0.0,2034,23,0.0,0.0,0.0,0.0,2032.5,0.0
0,371100,KELP,2033.0,1.0,2031.0,23.0,0.0,0.0,2034,1,2035.0,22.0,0.0,0.0,2033.5,0.0
0,371200,KELP,2031.0,29.0,0.0,0.0,0.0,0.0,2035,29,0.0,0.0,0.0,0.0,2033.0,0.0
0,371300,KELP,2031.0,23.0,0.0,0.0,0.0,0.0,2034,1,2035.0,22.0,0.0,0.0,2032.5,0.0
0,371400,KELP,2033.0,1.0,2031.0,29.0,0.0,0.0,2034,26,0.0,0.0,0.0,0.0,2033.5,0.0
0,371500,KELP,2031.0,26.0,0.0,0.0,0.0,0.0,2034,26,0.0,0.0,0.0,0.0,2032.5,0.0
0,371600,KELP,2031.0,24.0,0.0,0.0,0.0,0.0,2034,25,0.0,0.0,0.0,0.0,2032.5,0.0
0,371700,KELP,2031.0,21.0,0.0,0.0,0.0,0.0,2034,21,0.0,0.0,0.0,0.0,2032.5,0.0
0,371800,KELP,2031.0,22.0,0.0,0.0,0.0,0.0,2034,22,0.0,0.0,0.0,0.0,2032.5,0.0
0,371900,KELP,2031.0,28.0,0.0,0.0,0.0,0.0,2034,28,0.0,0.0,0.0,0.0,2032.5,0.0
0,372000,KELP,2031.0,30.0,0.0,0.0,0.0,0.0,2034,31,0.0,0.0,0.0,0.0,2032.5,0.0
0,372100,KELP,2031.0,27.0,0.0,0.0,0.0,0.0,2034,27,0.0,0.0,0.0,0.0,2032.5,0.0
0,372200,KELP,2031.0,25.0,0.0,0.0,0.0,0.0,2034,25,0.0,0.0,0.0,0.0,2032.5,0.0
0,372300,KELP,2031.0,28.0,0.0,0.0,0.0,0.0,2034,28,0.0,0.0,0.0,0.0,2032.5,0.0
0,372400,KELP,2031.0,25.0,0.0,0.0,0.0,0.0,2034,25,0.0,0.0,0.0,0.0,2032.5,0.0
0,372500,KELP,2031.0,31.0,0.0,0.0,0.0,0.0,2034,31,0.0,0.0,0.0,0.0,2032.5,0.0
0,372600,KELP,2031.0,25.0,0.0,0.0,0.0,0.0,2034,25,0.0,0.0,0.0,0.0,2032.5,0.0
0,372700,KELP,2031.0,29.0,0.0,0.0,0.0,0.0,2034,29,0.0,0.0,0.0,0.0,2032.5,0.0
0,372800,KELP,2031.0,26.0,0.0,0.0,0.0,0.0,2034,27,0.0,0.0,0.0,0.0,2032.5,0.0
0,372900,KELP,2033.0,1.0,2031.0,24.0,0.0,0.0,2034,24,0.0,0.0,0.0,0.0,2033.5,0.0
0,373000,KELP,2031.0,27.0,0.0,0.0,0.0,0.0,2033,8,2034.0,27.0,0.0,0.0,2032.0,0.0
0,373100,KELP,2031.0,28.0,0.0,0.0,0.0,0.0,2034,26,0.0,0.0,0.0,0.0,2032.5,0.0
0,373200,KELP,2033.0,1.0,2031.0,22.0,0.0,0.0,2034,22,0.0,0.0,0.0,0.0,2033.5,0.0
0,373300,KELP,2031.0,26.0,0.0,0.0,0.0,0.0,2033,5,2034.0,26.0,0.0,0.0,2032.0,0.0
0,373400,KELP,2031.0,33.0,0.0,0.0,0.0,0.0,2034,26,0.0,0.0,0.0,0.0,2032.5,0.0
0,373500,KELP,2031.0,23.0,0.0,0.0,0.0,0.0,2034,23,0.0,0.0,0.0,0.0,2032.5,0.0
0,373600,KELP,2031.0,21.0,0.0,0.0,0.0,0.0,2034,22,0.0,0.0,0.0,0.0,2032.5,0.0
0,373700,KELP,2031.0,20.0,0.0,0.0,0.0,0.0,2033,5,2034.0,20.0,0.0,0.0,2032.0,0.0
0,373800,KELP,2031.0,24.0,0.0,0.0,0.0,0.0,2034,26,0.0,0.0,0.0,0.0,2032.5,0.0
0,373900,KELP,2031.0,27.0,0.0,0.0,0.0,0.0,2033,7,2034.0,27.0,0.0,0.0,2032.0,0.0
0,374000,KELP,2031.0,31.0,0.0,0.0,0.0,0.0,2034,31,0.0,0.0,0.0,0.0,2032.5,0.0
0,374100,KELP,2031.0,28.0,0.0,0.0,0.0,0.0,2034,28,0.0,0.0,0.0,0.0,2032.5,0.0
0,374200,KELP,2031.0,25.0,0.0,0.0,0.0,0.0,2034,25,0.0,0.0,0.0,0.0,2032.5,0.0
0,374300,KELP,2031.0,34.0,0.0,0.0,0.0,0.0,2034,29,0.0,0.0,0.0,0.0,2032.5,0.0
0,374400,KELP,2033.0,3.0,2031.0,26.0,0.0,0.0,2034,26,0.0,0.0,0.0,0.0,2033.5,0.0
0,374500,KELP,2031.0,24.0,0.0,0.0,0.0,0.0,2034,24,0.0,0.0,0.0,0.0,2032.5,0.0
0,374600,KELP,2031.0,29.0,0.0,0.0,0.0,0.0,2034,29,0.0,0.0,0.0,0.0,2032.5,0.0
0,374700,KELP,2031.0,29.0,0.0,0.0,0.0,0.0,2034,23,0.0,0.0,0.0,0.0,2032.5,0.0
0,374800,KELP,2031.0,25.0,0.0,0.0,0.0,0.0,2034,25,0.0,0.0,0.0,0.0,2032.5,0.0
0,374900,KELP,2033.0,1.0,2031.0,35.0,0.0,0.0,2034,29,0.0,0.0,0.0,0.0,2033.5,0.0
0,375000,KELP,2031.0,30.0,0.0,0.0,0.0,0.0,2034,30,0.0,0.0,0.0,0.0,2032.5,0.0
0,375100,KELP,2031.0,22.0,0.0,0.0,0.0,0.0,2034,23,0.0,0.0,0.0,0.0,2032.5,0.0
0,375200,KELP,2031.0,24.0,0.0,0.0,0.0,0.0,2033,2,2034.0,2.0,2035.0,22.0,2032.0,0.0
0,375300,KELP,2031.0,26.0,0.0,0.0,0.0,0.0,2034,1,2035.0,25.0,0.0,0.0,2032.5,0.0
0,375400,KELP,2031.0,24.0,0.0,0.0,0.0,0.0,2034,1,2035.0,24.0,0.0,0.0,2032.5,0.0
0,375500,KELP,2032.0,5.0,2031.0,32.0,0.0,0.0,2035,32,0.0,0.0,0.0,0.0,2033.5,0.0
0,375600,KELP,2031.0,32.0,0.0,0.0,0.0,0.0,2033,6,2035.0,32.0,0.0,0.0,2032.0,0.0
0,375700,KELP,2031.0,21.0,0.0,0.0,0.0,0.0,2032,4,2035.0,21.0,0.0,0.0,2031.5,0.0
0,375800,KELP,2032.0,9.0,2031.0,27.0,0.0,0.0,2035,29,0.0,0.0,0.0,0.0,2033.5,0.0
0,375900,KELP,2031.0,27.0,0.0,0.0,0.0,0.0,2033,3,2035.0,27.0,0.0,0.0,2032.0,0.0
0,376000,KELP,2031.0,28.0,0.0,0.0,0.0,0.0,2035,28,0.0,0.0,0.0,0.0,2033.0,0.0
0,376100,KELP,2032.0,1.0,2031.0,26.0,0.0,0.0,2035,27,0.0,0.0,0.0,0.0,2033.5,0.0
0,376200,KELP,2032.0,22.0,0.0,0.0,0.0,0.0,2035,22,0.0,0.0,0.0,0.0,2033.5,0.0
0,376300,KELP,2032.0,33.0,0.0,0.0,0.0,0.0,2035,26,0.0,0.0,0.0,0.0,2033.5,0.0
0,376400,KELP,2033.0,3.0,2032.0,32.0,0.0,0.0,2035,32,0.0,0.0,0.0,0.0,2034.0,0.0
0,376500,KELP,2032.0,22.0,0.0,0.0,0.0,0.0,2035,21,0.0,0.0,0.0,0.0,2033.5,0.0
0,376600,KELP,2032.0,30.0,0.0,0.0,0.0,0.0,2035,30,0.0,0.0,0.0,0.0,2033.5,0.0
0,376700,KELP,2032.0,22.0,0.0,0.0,0.0,0.0,2035,22,0.0,0.0,0.0,0.0,2033.5,0.0
0,376800,KELP,2032.0,32.0,0.0,0.0,0.0,0.0,2035,32,0.0,0.0,0.0,0.0,2033.5,0.0
0,376900,KELP,2032.0,31.0,0.0,0.0,0.0,0.0,2035,31,0.0,0.0,0.0,0.0,2033.5,0.0
0,377000,KELP,2032.0,30.0,0.0,0.0,0.0,0.0,2035,30,0.0,0.0,0.0,0.0,2033.5,0.0
0,377100,KELP,2032.0,27.0,0.0,0.0,0.0,0.0,2035,22,0.0,0.0,0.0,0.0,2033.5,0.0
0,377200,KELP,2032.0,25.0,0.0,0.0,0.0,0.0,2034,3,2035.0,25.0,0.0,0.0,2033.0,0.0
0,377300,KELP,2033.0,5.0,2032.0,27.0,0.0,0.0,2034,1,2035.0,27.0,0.0,0.0,2033.5,0.0
0,377400,KELP,2032.0,25.0,0.0,0.0,0.0,0.0,2035,25,0.0,0.0,0.0,0.0,2033.5,0.0
0,377500,KELP,2032.0,29.0,0.0,0.0,0.0,0.0,2035,29,0.0,0.0,0.0,0.0,2033.5,0.0
0,377600,KELP,2032.0,21.0,0.0,0.0,0.0,0.0,2035,21,0.0,0.0,0.0,0.0,2033.5,0.0
0,377700,KELP,2032.0,27.0,0.0,0.0,0.0,0.0,2035,27,0.0,0.0,0.0,0.0,2033.5,0.0
0,377800,KELP,2032.0,28.0,0.0,0.0,0.0,0.0,2035,28,0.0,0.0,0.0,0.0,2033.5,0.0
0,377900,KELP,2032.0,28.0,0.0,0.0,0.0,0.0,2035,28,0.0,0.0,0.0,0.0,2033.5,0.0
0,378000,KELP,2032.0,29.0,0.0,0.0,0.0,0.0,2035,2,2036.0,27.0,0.0,0.0,2033.5,0.0
0,378100,KELP,2032.0,23.0,0.0,0.0,0.0,0.0,2035,1,2036.0,22.0,0.0,0.0,2033.5,0.0
0,378200,KELP,2032.0,33.0,0.0,0.0,0.0,0.0,2035,28,0.0,0.0,0.0,0.0,2033.5,0.0
0,378300,KELP,2032.0,26.0,0.0,0.0,0.0,0.0,2035,26,0.0,0.0,0.0,0.0,2033.5,0.0
0,378400,KELP,2032.0,24.0,0.0,0.0,0.0,0.0,2033,2,2034.0,6.0,2035.0,24.0,2032.5,0.0
0,378500,KELP,2034.0,1.0,2032.0,22.0,0.0,0.0,2035,22,0.0,0.0,0.0,0.0,2034.5,0.0
0,378600,KELP,2032.0,23.0,0.0,0.0,0.0,0.0,2035,2,2036.0,21.0,0.0,0.0,2033.5,0.0
0,378700,KELP,2032.0,26.0,0.0,0.0,0.0,0.0,2035,2,2036.0,24.0,0.0,0.0,2033.5,0.0
0,378800,KELP,2032.0,23.0,0.0,0.0,0.0,0.0,2036,23,0.0,0.0,0.0,0.0,2034.0,0.0
0,378900,KELP,2032.0,22.0,0.0,0.0,0.0,0.0,2034,3,2036.0,22.0,0.0,0.0,2033.0,0.0
0,379000,KELP,2033.0,3.0,2032.0,26.0,0.0,0.0,2036,26,0.0,0.0,0.0,0.0,2034.5,0.0
0,379100,KELP,2035.0,1.0,2033.0,28.0,0.0,0.0,2036,28,0.0,0.0,0.0,0.0,2035.5,0.0
0,379200,KELP,2033.0,26.0,0.0,0.0,0.0,0.0,2036,25,0.0,0.0,0.0,0.0,2034.5,0.0
0,379300,KELP,2033.0,1.0,2032.0,20.0,0.0,0.0,2036,21,0.0,0.0,0.0,0.0,2034.5,0.0
0,379400,KELP,2032.0,26.0,0.0,0.0,0.0,0.0,2033,2,2036.0,26.0,0.0,0.0,2032.5,0.0
0,379500,KELP,2034.0,1.0,2032.0,32.0,0.0,0.0,2036,32,0.0,0.0,0.0,0.0,2035.0,0.0
0,379600,KELP,2032.0,24.0,0.0,0.0,0.0,0.0,2036,25,0.0,0.0,0.0,0.0,2034.0,0.0
0,379700,KELP,2032.0,28.0,0.0,0.0,0.0,0.0,2035,28,0.0,0.0,0.0,0.0,2033.5,0.0
0,379800,KELP,2032.0,17.0,0.0,0.0,0.0,0.0,2034,3,2035.0,25.0,0.0,0.0,2033.0,0.0
0,379900,KELP,2032.0,33.0,0.0,0.0,0.0,0.0,2035,25,0.0,0.0,0.0,0.0,2033.5,0.0
0,380000,KELP,2032.0,22.0,0.0,0.0,0.0,0.0,2035,22,0.0,0.0,0.0,0.0,2033.5,0.0
0,380100,KELP,2032.0,29.0,0.0,0.0,0.0,0.0,2035,1,2036.0,28.0,0.0,0.0,2033.5,0.0
0,380200,KELP,2035.0,1.0,2033.0,2.0,2032.0,29.0,2036,29,0.0,0.0,0.0,0.0,2035.5,0.0
0,380300,KELP,2032.0,25.0,0.0,0.0,0.0,0.0,2036,25,0.0,0.0,0.0,0.0,2034.0,0.0
0,380400,KELP,2032.0,28.0,0.0,0.0,0.0,0.0,2034,7,2036.0,28.0,0.0,0.0,2033.0,0.0
0,380500,KELP,2032.0,22.0,0.0,0.0,0.0,0.0,2036,22,0.0,0.0,0.0,0.0,2034.0,0.0
0,380600,KELP,2032.0,26.0,0.0,0.0,0.0,0.0,2036,26,0.0,0.0,0.0,0.0,2034.0,0.0
0,380700,KELP,2032.0,29.0,0.0,0.0,0.0,0.0,2036,29,0.0,0.0,0.0,0.0,2034.0,0.0
0,380800,KELP,2032.0,32.0,0.0,0.0,0.0,0.0,2036,32,0.0,0.0,0.0,0.0,2034.0,0.0
0,380900,KELP,2032.0,22.0,0.0,0.0,0.0,0.0,2033,1,2034.0,7.0,2036.0,22.0,2032.5,0.0
0,381000,KELP,2032.0,21.0,0.0,0.0,0.0,0.0,2036,21,0.0,0.0,0.0,0.0,2034.0,0.0
0,381100,KELP,2033.0,24.0,0.0,0.0,0.0,0.0,2036,24,0.0,0.0,0.0,0.0,2034.5,0.0
0,381200,KELP,2033.0,32.0,0.0,0.0,0.0,0.0,2036,30,0.0,0.0,0.0,0.0,2034.5,0.0
0,381300,KELP,2032.0,30.0,0.0,0.0,0.0,0.0,2036,30,0.0,0.0,0.0,0.0,2034.0,0.0
0,381400,KELP,2032.0,23.0,0.0,0.0,0.0,0.0,2036,23,0.0,0.0,0.0,0.0,2034.0,0.0
0,381500,KELP,2035.0,1.0,2032.0,22.0,0.0,0.0,2036,22,0.0,0.0,0.0,0.0,2035.5,0.0
0,381600,KELP,2033.0,2.0,2032.0,29.0,0.0,0.0,2035,5,2036.0,31.0,0.0,0.0,2034.0,0.0
0,381700,KELP,2032.0,21.0,0.0,0.0,0.0,0.0,2036,22,0.0,0.0,0.0,0.0,2034.0,0.0
0,381800,KELP,2032.0,22.0,0.0,0.0,0.0,0.0,2035,5,2036.0,22.0,0.0,0.0,2033.5,0.0
0,381900,KELP,2033.0,2.0,2032.0,24.0,0.0,0.0,2036,26,0.0,0.0,0.0,0.0,2034.5,0.0
0,382000,KELP,2032.0,24.0,0.0,0.0,0.0,0.0,2035,6,2036.0,24.0,0.0,0.0,2033.5,0.0
0,382100,KELP,2033.0,34.0,0.0,0.0,0.0,0.0,2036,26,0.0,0.0,0.0,0.0,2034.5,0.0
0,382200,KELP,2033.0,25.0,0.0,0.0,0.0,0.0,2036,25,0.0,0.0,0.0,0.0,2034.5,0.0
0,382300,KELP,2033.0,28.0,0.0,0.0,0.0,0.0,2036,28,0.0,0.0,0.0,0.0,2034.5,0.0
0,382400,KELP,2034.0,4.0,2033.0,21.0,0.0,0.0,2036,21,0.0,0.0,0.0,0.0,2035.0,0.0
0,382500,KELP,2033.0,21.0,0.0,0.0,0.0,0.0,2036,21,0.0,0.0,0.0,0.0,2034.5,0.0
0,382600,KELP,2033.0,29.0,0.0,0.0,0.0,0.0,2036,29,0.0,0.0,0.0,0.0,2034.5,0.0
0,382700,KELP,2033.0,25.0,0.0,0.0,0.0,0.0,2036,25,0.0,0.0,0.0,0.0,2034.5,0.0
0,382800,KELP,2033.0,31.0,0.0,0.0,0.0,0.0,2036,31,0.0,0.0,0.0,0.0,2034.5,0.0
0,382900,KELP,2033.0,20.0,0.0,0.0,0.0,0.0,2037,20,0.0,0.0,0.0,0.0,2035.0,0.0
0,383000,KELP,2033.0,28.0,0.0,0.0,0.0,0.0,2037,28,0.0,0.0,0.0,0.0,2035.0,0.0
0,383100,KELP,2034.0,34.0,0.0,0.0,0.0,0.0,2037,27,0.0,0.0,0.0,0.0,2035.5,0.0
0,383200,KELP,2034.0,26.0,0.0,0.0,0.0,0.0,2037,26,0.0,0.0,0.0,0.0,2035.5,0.0
0,383300,KELP,2034.0,30.0,0.0,0.0,0.0,0.0,2037,30,0.0,0.0,0.0,0.0,2035.5,0.0
0,383400,KELP,2035.0,3.0,2034.0,29.0,0.0,0.0,2037,29,0.0,0.0,0.0,0.0,2036.0,0.0
0,383500,KELP,2034.0,26.0,0.0,0.0,0.0,0.0,2037,26,0.0,0.0,0.0,0.0,2035.5,0.0
0,383600,KELP,2036.0,1.0,2034.0,30.0,0.0,0.0,2037,30,0.0,0.0,0.0,0.0,2036.5,0.0
0,383700,KELP,2034.0,36.0,0.0,0.0,0.0,0.0,2037,30,0.0,0.0,0.0,0.0,2035.5,0.0
0,383800,KELP,2034.0,21.0,0.0,0.0,0.0,0.0,2036,4,2037.0,21.0,0.0,0.0,2035.0,0.0
0,383900,KELP,2034.0,27.0,0.0,0.0,0.0,0.0,2037,27,0.0,0.0,0.0,0.0,2035.5,0.0
0,384000,KELP,2034.0,28.0,0.0,0.0,0.0,0.0,2037,28,0.0,0.0,0.0,0.0,2035.5,0.0
0,384100,KELP,2034.0,21.0,0.0,0.0,0.0,0.0,2037,21,0.0,0.0,0.0,0.0,2035.5,0.0
0,384200,KELP,2034.0,22.0,0.0,0.0,0.0,0.0,2037,22,0.0,0.0,0.0,0.0,2035.5,0.0
0,384300,KELP,2034.0,20.0,0.0,0.0,0.0,0.0,2037,20,0.0,0.0,0.0,0.0,2035.5,0.0
0,384400,KELP,2033.0,27.0,0.0,0.0,0.0,0.0,2037,27,0.0,0.0,0.0,0.0,2035.0,0.0
0,384500,KELP,2034.0,1.0,2033.0,26.0,0.0,0.0,2037,27,0.0,0.0,0.0,0.0,2035.5,0.0
0,384600,KELP,2034.0,6.0,2033.0,20.0,0.0,0.0,2037,20,0.0,0.0,0.0,0.0,2035.5,0.0
0,384700,KELP,2036.0,1.0,2033.0,28.0,0.0,0.0,2037,28,0.0,0.0,0.0,0.0,2036.5,0.0
0,384800,KELP,2036.0,1.0,2034.0,29.0,0.0,0.0,2037,29,0.0,0.0,0.0,0.0,2036.5,0.0
0,384900,KELP,2034.0,22.0,0.0,0.0,0.0,0.0,2037,22,0.0,0.0,0.0,0.0,2035.5,0.0
0,385000,KELP,2034.0,31.0,0.0,0.0,0.0,0.0,2037,25,0.0,0.0,0.0,0.0,2035.5,0.0
0,385100,KELP,2034.0,21.0,0.0,0.0,0.0,0.0,2037,21,0.0,0.0,0.0,0.0,2035.5,0.0
0,385200,KELP,2034.0,7.0,2033.0,29.0,0.0,0.0,2037,29,0.0,0.0,0.0,0.0,2035.5,0.0
0,385300,KELP,2033.0,26.0,0.0,0.0,0.0,0.0,2037,26,0.0,0.0,0.0,0.0,2035.0,0.0
0,385400,KELP,2033.0,24.0,0.0,0.0,0.0,0.0,2037,24,0.0,0.0,0.0,0.0,2035.0,0.0
0,385500,KELP,2033.0,26.0,0.0,0.0,0.0,0.0,2037,26,0.0,0.0,0.0,0.0,2035.0,0.0
0,385600,KELP,2036.0,1.0,2033.0,29.0,0.0,0.0,2037,29,0.0,0.0,0.0,0.0,2036.5,0.0
0,385700,KELP,2033.0,23.0,0.0,0.0,0.0,0.0,2035,2,2037.0,23.0,0.0,0.0,2034.0,0.0
0,385800,KELP,2036.0,1.0,2034.0,1.0,2033.0,25.0,2037,26,0.0,0.0,0.0,0.0,2036.5,0.0
0,385900,KELP,2034.0,23.0,0.0,0.0,0.0,0.0,2037,23,0.0,0.0,0.0,0.0,2035.5,0.0
0,386000,KELP,2033.0,27.0,0.0,0.0,0.0,0.0,2035,4,2036.0,2.0,2037.0,25.0,2034.0,0.0
0,386100,KELP,2035.0,5.0,2033.0,27.0,0.0,0.0,2037,27,0.0,0.0,0.0,0.0,2036.0,0.0
0,386200,KELP,2033.0,30.0,0.0,0.0,0.0,0.0,2036,2,2037.0,28.0,0.0,0.0,2034.5,0.0
0,386300,KELP,2033.0,27.0,0.0,0.0,0.0,0.0,2037,27,0.0,0.0,0.0,0.0,2035.0,0.0
0,386400,KELP,2033.0,30.0,0.0,0.0,0.0,0.0,2035,3,2036.0,30.0,0.0,0.0,2034.0,0.0
0,386500,KELP,2033.0,27.0,0.0,0.0,0.0,0.0,2036,21,0.0,0.0,0.0,0.0,2034.5,0.0
0,386600,KELP,2033.0,32.0,0.0,0.0,0.0,0.0,2035,1,2036.0,32.0,0.0,0.0,2034.0,0.0
0,386700,KELP,2033.0,31.0,0.0,0.0,0.0,0.0,2036,31,0.0,0.0,0.0,0.0,2034.5,0.0
0,386800,KELP,2033.0,24.0,0.0,0.0,0.0,0.0,2036,24,0.0,0.0,0.0,0.0,2034.5,0.0
0,386900,KELP,2033.0,23.0,0.0,0.0,0.0,0.0,2036,23,0.0,0.0,0.0,0.0,2034.5,0.0
0,387000,KELP,2033.0,27.0,0.0,0.0,0.0,0.0,2036,27,0.0,0.0,0.0,0.0,2034.5,0.0
0,387100,KELP,2033.0,28.0,0.0,0.0,0.0,0.0,2035,3,2036.0,2.0,2037.0,26.0,2034.0,0.0
0,387200,KELP,2033.0,31.0,0.0,0.0,0.0,0.0,2037,31,0.0,0.0,0.0,0.0,2035.0,0.0
0,387300,KELP,2033.0,29.0,0.0,0.0,0.0,0.0,2036,29,0.0,0.0,0.0,0.0,2034.5,0.0
0,387400,KELP,2033.0,26.0,0.0,0.0,0.0,0.0,2036,26,0.0,0.0,0.0,0.0,2034.5,0.0
0,387500,KELP,2033.0,28.0,0.0,0.0,0.0,0.0,2036,28,0.0,0.0,0.0,0.0,2034.5,0.0
0,387600,KELP,2033.0,27.0,0.0,0.0,0.0,0.0,2036,27,0.0,0.0,0.0,0.0,2034.5,0.0
0,387700,KELP,2033.0,27.0,0.0,0.0,0.0,0.0,2035,4,2036.0,27.0,0.0,0.0,2034.0,0.0
0,387800,KELP,2033.0,31.0,0.0,0.0,0.0,0.0,2035,5,2036.0,31.0,0.0,0.0,2034.0,0.0
0,387900,KELP,2035.0,1.0,2033.0,26.0,0.0,0.0,2036,26,0.0,0.0,0.0,0.0,2035.5,0.0
0,388000,KELP,2033.0,31.0,0.0,0.0,0.0,0.0,2035,5,2036.0,31.0,0.0,0.0,2034.0,0.0
0,388100,KELP,2033.0,31.0,0.0,0.0,0.0,0.0,2036,31,0.0,0.0,0.0,0.0,2034.5,0.0
0,388200,KELP,2035.0,8.0,2033.0,26.0,0.0,0.0,2036,26,0.0,0.0,0.0,0.0,2035.5,0.0
0,388300,KELP,2033.0,27.0,0.0,0.0,0.0,0.0,2036,23,0.0,0.0,0.0,0.0,2034.5,0.0
0,388400,KELP,2033.0,26.0,0.0,0.0,0.0,0.0,2035,2,2037.0,26.0,0.0,0.0,2034.0,0.0
0,388500,KELP,2033.0,29.0,0.0,0.0,0.0,0.0,2037,29,0.0,0.0,0.0,0.0,2035.0,0.0
0,388600,KELP,2033.0,32.0,0.0,0.0,0.0,0.0,2035,2,2037.0,32.0,0.0,0.0,2034.0,0.0
0,388700,KELP,2033.0,27.0,0.0,0.0,0.0,0.0,2034,1,2035.0,8.0,2037.0,27.0,2033.5,0.0
0,388800,KELP,2033.0,22.0,0.0,0.0,0.0,0.0,2037,22,0.0,0.0,0.0,0.0,2035.0,0.0
0,388900,KELP,2033.0,28.0,0.0,0.0,0.0,0.0,2037,28,0.0,0.0,0.0,0.0,2035.0,0.0
0,389000,KELP,2033.0,21.0,0.0,0.0,0.0,0.0,2037,21,0.0,0.0,0.0,0.0,2035.0,0.0
0,389100,KELP,2033.0,28.0,0.0,0.0,0.0,0.0,2037,28,0.0,0.0,0.0,0.0,2035.0,0.0
0,389200,KELP,2036.0,1.0,2033.0,25.0,0.0,0.0,2037,25,0.0,0.0,0.0,0.0,2036.5,0.0
0,389300,KELP,2033.0,28.0,0.0,0.0,0.0,0.0,2037,28,0.0,0.0,0.0,0.0,2035.0,0.0
0,389400,KELP,2034.0,1.0,2033.0,21.0,0.0,0.0,2037,21,0.0,0.0,0.0,0.0,2035.5,0.0
0,389500,KELP,2035.0,1.0,2034.0,6.0,2033.0,28.0,2036,2,2037.0,26.0,0.0,0.0,2035.5,0.0
0,389600,KELP,2033.0,24.0,0.0,0.0,0.0,0.0,2036,1,2037.0,23.0,0.0,0.0,2034.5,0.0
0,389700,KELP,2033.0,34.0,0.0,0.0,0.0,0.0,2034,3,2037.0,28.0,0.0,0.0,2033.5,0.0
0,389800,KELP,2033.0,23.0,0.0,0.0,0.0,0.0,2037,24,0.0,0.0,0.0,0.0,2035.0,0.0
0,389900,KELP,2033.0,26.0,0.0,0.0,0.0,0.0,2037,26,0.0,0.0,0.0,0.0,2035.0,0.0
0,390000,KELP,2034.0,23.0,0.0,0.0,0.0,0.0,2037,23,0.0,0.0,0.0,0.0,2035.5,0.0
0,390100,KELP,2033.0,22.0,0.0,0.0,0.0,0.0,2035,3,2037.0,22.0,0.0,0.0,2034.0,0.0
0,390200,KELP,2035.0,5.0,2034.0,8.0,2033.0,22.0,2037,22,0.0,0.0,0.0,0.0,2036.0,0.0
0,390300,KELP,2034.0,9.0,2033.0,25.0,0.0,0.0,2037,27,0.0,0.0,0.0,0.0,2035.5,0.0
0,390400,KELP,2034.0,1.0,2033.0,21.0,0.0,0.0,2035,6,2037.0,22.0,0.0,0.0,2034.5,0.0
0,390500,KELP,2034.0,4.0,2033.0,20.0,0.0,0.0,2037,21,0.0,0.0,0.0,0.0,2035.5,0.0
0,390600,KELP,2034.0,1.0,2033.0,28.0,0.0,0.0,2037,29,0.0,0.0,0.0,0.0,2035.5,0.0
0,390700,KELP,2034.0,2.0,2033.0,21.0,0.0,0.0,2037,23,0.0,0.0,0.0,0.0,2035.5,0.0
0,390800,KELP,2033.0,26.0,0.0,0.0,0.0,0.0,2037,26,0.0,0.0,0.0,0.0,2035.0,0.0
0,390900,KELP,2033.0,24.0,0.0,0.0,0.0,0.0,2037,24,0.0,0.0,0.0,0.0,2035.0,0.0
0,391000,KELP,2034.0,1.0,2033.0,27.0,0.0,0.0,2037,28,0.0,0.0,0.0,0.0,2035.5,0.0
0,391100,KELP,2034.0,1.0,2033.0,26.0,0.0,0.0,2037,27,0.0,0.0,0.0,0.0,2035.5,0.0
0,391200,KELP,2033.0,25.0,0.0,0.0,0.0,0.0,2034,3,2037.0,25.0,0.0,0.0,2033.5,0.0
0,391300,KELP,2034.0,4.0,2033.0,25.0,0.0,0.0,2037,25,0.0,0.0,0.0,0.0,2035.5,0.0
0,391400,KELP,2033.0,25.0,0.0,0.0,0.0,0.0,2037,25,0.0,0.0,0.0,0.0,2035.0,0.0
0,391500,KELP,2033.0,23.0,0.0,0.0,0.0,0.0,2037,24,0.0,0.0,0.0,0.0,2035.0,0.0
0,391600,KELP,2034.0,25.0,0.0,0.0,0.0,0.0,2037,20,0.0,0.0,0.0,0.0,2035.5,0.0
0,391700,KELP,2034.0,2.0,2033.0,24.0,0.0,0.0,2037,26,0.0,0.0,0.0,0.0,2035.5,0.0
0,391800,KELP,2034.0,2.0,2033.0,26.0,0.0,0.0,2037,28,0.0,0.0,0.0,0.0,2035.5,0.0
0,391900,KELP,2033.0,24.0,0.0,0.0,0.0,0.0,2037,24,0.0,0.0,0.0,0.0,2035.0,0.0
0,392000,KELP,2034.0,30.0,0.0,0.0,0.0,0.0,2037,24,0.0,0.0,0.0,0.0,2035.5,0.0
0,392100,KELP,2034.0,24.0,0.0,0.0,0.0,0.0,2036,3,2037.0,24.0,0.0,0.0,2035.0,0.0
0,392200,KELP,2034.0,26.0,0.0,0.0,0.0,0.0,2036,8,2037.0,27.0,0.0,0.0,2035.0,0.0
0,392300,KELP,2036.0,4.0,2034.0,27.0,0.0,0.0,2037,27,0.0,0.0,0.0,0.0,2036.5,0.0
0,392400,KELP,2034.0,24.0,0.0,0.0,0.0,0.0,2037,24,0.0,0.0,0.0,0.0,2035.5,0.0
0,392500,KELP,2034.0,24.0,0.0,0.0,0.0,0.0,2037,24,0.0,0.0,0.0,0.0,2035.5,0.0
0,392600,KELP,2034.0,27.0,0.0,0.0,0.0,0.0,2037,27,0.0,0.0,0.0,0.0,2035.5,0.0
0,392700,KELP,2034.0,36.0,0.0,0.0,0.0,0.0,2037,32,0.0,0.0,0.0,0.0,2035.5,0.0
0,392800,KELP,2034.0,24.0,0.0,0.0,0.0,0.0,2037,24,0.0,0.0,0.0,0.0,2035.5,0.0
0,392900,KELP,2034.0,29.0,0.0,0.0,0.0,0.0,2037,29,0.0,0.0,0.0,0.0,2035.5,0.0
0,393000,KELP,2034.0,27.0,0.0,0.0,0.0,0.0,2037,22,0.0,0.0,0.0,0.0,2035.5,0.0
0,393100,KELP,2034.0,27.0,0.0,0.0,0.0,0.0,2037,27,0.0,0.0,0.0,0.0,2035.5,0.0
0,393200,KELP,2034.0,23.0,0.0,0.0,0.0,0.0,2037,23,0.0,0.0,0.0,0.0,2035.5,0.0
0,393300,KELP,2036.0,1.0,2035.0,3.0,2034.0,25.0,2037,25,0.0,0.0,0.0,0.0,2036.5,0.0
0,393400,KELP,2034.0,22.0,0.0,0.0,0.0,0.0,2037,22,0.0,0.0,0.0,0.0,2035.5,0.0
0,393500,KELP,2034.0,30.0,0.0,0.0,0.0,0.0,2037,30,0.0,0.0,0.0,0.0,2035.5,0.0
0,393600,KELP,2034.0,30.0,0.0,0.0,0.0,0.0,2037,27,0.0,0.0,0.0,0.0,2035.5,0.0
0,393700,KELP,2034.0,27.0,0.0,0.0,0.0,0.0,2037,27,0.0,0.0,0.0,0.0,2035.5,0.0
0,393800,KELP,2034.0,24.0,0.0,0.0,0.0,0.0,2036,4,2037.0,24.0,0.0,0.0,2035.0,0.0
0,393900,KELP,2034.0,30.0,0.0,0.0,0.0,0.0,2037,30,0.0,0.0,0.0,0.0,2035.5,0.0
0,394000,KELP,2034.0,21.0,0.0,0.0,0.0,0.0,2036,7,2037.0,21.0,0.0,0.0,2035.0,0.0
0,394100,KELP,2034.0,1.0,2033.0,26.0,0.0,0.0,2037,27,0.0,0.0,0.0,0.0,2035.5,0.0
0,394200,KELP,2033.0,30.0,0.0,0.0,0.0,0.0,2037,31,0.0,0.0,0.0,0.0,2035.0,0.0
0,394300,KELP,2033.0,31.0,0.0,0.0,0.0,0.0,2037,31,0.0,0.0,0.0,0.0,2035.0,0.0
0,394400,KELP,2033.0,24.0,0.0,0.0,0.0,0.0,2037,24,0.0,0.0,0.0,0.0,2035.0,0.0
0,394500,KELP,2033.0,28.0,0.0,0.0,0.0,0.0,2035,8,2037.0,28.0,0.0,0.0,2034.0,0.0
0,394600,KELP,2033.0,27.0,0.0,0.0,0.0,0.0,2035,4,2037.0,28.0,0.0,0.0,2034.0,0.0
0,394700,KELP,2033.0,24.0,0.0,0.0,0.0,0.0,2036,1,2037.0,23.0,0.0,0.0,2034.5,0.0
0,394800,KELP,2033.0,25.0,0.0,0.0,0.0,0.0,2037,25,0.0,0.0,0.0,0.0,2035.0,0.0
0,394900,KELP,2033.0,24.0,0.0,0.0,0.0,0.0,2037,24,0.0,0.0,0.0,0.0,2035.0,0.0
0,395000,KELP,2033.0,30.0,0.0,0.0,0.0,0.0,2037,30,0.0,0.0,0.0,0.0,2035.0,0.0
0,395100,KELP,2033.0,26.0,0.0,0.0,0.0,0.0,2037,26,0.0,0.0,0.0,0.0,2035.0,0.0
0,395200,KELP,2033.0,28.0,0.0,0.0,0.0,0.0,2036,1,2037.0,27.0,0.0,0.0,2034.5,0.0
0,395300,KELP,2033.0,27.0,0.0,0.0,0.0,0.0,2037,27,0.0,0.0,0.0,0.0,2035.0,0.0
0,395400,KELP,2033.0,28.0,0.0,0.0,0.0,0.0,2037,28,0.0,0.0,0.0,0.0,2035.0,0.0
0,395500,KELP,2033.0,22.0,0.0,0.0,0.0,0.0,2036,22,0.0,0.0,0.0,0.0,2034.5,0.0
0,395600,KELP,2034.0,6.0,2033.0,27.0,0.0,0.0,2037,27,0.0,0.0,0.0,0.0,2035.5,0.0
0,395700,KELP,2033.0,37.0,0.0,0.0,0.0,0.0,2037,29,0.0,0.0,0.0,0.0,2035.0,0.0
0,395800,KELP,2033.0,27.0,0.0,0.0,0.0,0.0,2036,1,2037.0,26.0,0.0,0.0,2034.5,0.0
0,395900,KELP,2033.0,24.0,0.0,0.0,0.0,0.0,2036,24,0.0,0.0,0.0,0.0,2034.5,0.0
0,396000,KELP,2033.0,26.0,0.0,0.0,0.0,0.0,2036,26,0.0,0.0,0.0,0.0,2034.5,0.0
0,396100,KELP,2033.0,23.0,0.0,0.0,0.0,0.0,2036,23,0.0,0.0,0.0,0.0,2034.5,0.0
0,396200,KELP,2033.0,31.0,0.0,0.0,0.0,0.0,2036,25,0.0,0.0,0.0,0.0,2034.5,0.0
0,396300,KELP,2033.0,30.0,0.0,0.0,0.0,0.0,2036,30,0.0,0.0,0.0,0.0,2034.5,0.0
0,396400,KELP,2033.0,30.0,0.0,0.0,0.0,0.0,2036,22,0.0,0.0,0.0,0.0,2034.5,0.0
0,396500,KELP,2033.0,31.0,0.0,0.0,0.0,0.0,2036,31,0.0,0.0,0.0,0.0,2034.5,0.0
0,396600,KELP,2033.0,22.0,0.0,0.0,0.0,0.0,2036,22,0.0,0.0,0.0,0.0,2034.5,0.0
0,396700,KELP,2033.0,25.0,0.0,0.0,0.0,0.0,2036,25,0.0,0.0,0.0,0.0,2034.5,0.0
0,396800,KELP,2033.0,23.0,0.0,0.0,0.0,0.0,2035,4,2036.0,23.0,0.0,0.0,2034.0,0.0
0,396900,KELP,2033.0,20.0,0.0,0.0,0.0,0.0,2036,20,0.0,0.0,0.0,0.0,2034.5,0.0
0,397000,KELP,2033.0,36.0,0.0,0.0,0.0,0.0,2036,31,0.0,0.0,0.0,0.0,2034.5,0.0
0,397100,KELP,2033.0,32.0,0.0,0.0,0.0,0.0,2036,32,0.0,0.0,0.0,0.0,2034.5,0.0
0,397200,KELP,2034.0,5.0,2033.0,29.0,0.0,0.0,2035,3,2037.0,29.0,0.0,0.0,2034.5,0.0
0,397300,KELP,2033.0,23.0,0.0,0.0,0.0,0.0,2036,2,2037.0,21.0,0.0,0.0,2034.5,0.0
0,397400,KELP,2033.0,31.0,0.0,0.0,0.0,0.0,2036,31,0.0,0.0,0.0,0.0,2034.5,0.0
0,397500,KELP,2033.0,29.0,0.0,0.0,0.0,0.0,2036,25,0.0,0.0,0.0,0.0,2034.5,0.0
0,397600,KELP,2033.0,22.0,0.0,0.0,0.0,0.0,2036,22,0.0,0.0,0.0,0.0,2034.5,0.0
0,397700,KELP,2033.0,22.0,0.0,0.0,0.0,0.0,2035,1,2036.0,23.0,0.0,0.0,2034.0,0.0
0,397800,KELP,2033.0,26.0,0.0,0.0,0.0,0.0,2036,26,0.0,0.0,0.0,0.0,2034.5,0.0
0,397900,KELP,2033.0,37.0,0.0,0.0,0.0,0.0,2036,30,0.0,0.0,0.0,0.0,2034.5,0.0
0,398000,KELP,2033.0,32.0,0.0,0.0,0.0,0.0,2036,26,0.0,0.0,0.0,0.0,2034.5,0.0
0,398100,KELP,2033.0,37.0,0.0,0.0,0.0,0.0,2036,30,0.0,0.0,0.0,0.0,2034.5,0.0
0,398200,KELP,2033.0,33.0,0.0,0.0,0.0,0.0,2036,29,0.0,0.0,0.0,0.0,2034.5,0.0
0,398300,KELP,2033.0,21.0,0.0,0.0,0.0,0.0,2035,1,2036.0,21.0,0.0,0.0,2034.0,0.0
0,398400,KELP,2033.0,29.0,0.0,0.0,0.0,0.0,2036,25,0.0,0.0,0.0,0.0,2034.5,0.0
0,398500,KELP,2033.0,31.0,0.0,0.0,0.0,0.0,2036,23,0.0,0.0,0.0,0.0,2034.5,0.0
0,398600,KELP,2033.0,27.0,0.0,0.0,0.0,0.0,2036,23,0.0,0.0,0.0,0.0,2034.5,0.0
0,398700,KELP,2033.0,31.0,0.0,0.0,0.0,0.0,2036,32,0.0,0.0,0.0,0.0,2034.5,0.0
0,398800,KELP,2033.0,38.0,0.0,0.0,0.0,0.0,2036,31,0.0,0.0,0.0,0.0,2034.5,0.0
0,398900,KELP,2033.0,21.0,0.0,0.0,0.0,0.0,2036,21,0.0,0.0,0.0,0.0,2034.5,0.0
0,399000,KELP,2033.0,22.0,0.0,0.0,0.0,0.0,2035,6,2036.0,22.0,0.0,0.0,2034.0,0.0
0,399100,KELP,2033.0,20.0,0.0,0.0,0.0,0.0,2036,21,0.0,0.0,0.0,0.0,2034.5,0.0
0,399200,KELP,2033.0,28.0,0.0,0.0,0.0,0.0,2036,28,0.0,0.0,0.0,0.0,2034.5,0.0
0,399300,KELP,2033.0,23.0,0.0,0.0,0.0,0.0,2037,23,0.0,0.0,0.0,0.0,2035.0,0.0
0,399400,KELP,2033.0,27.0,0.0,0.0,0.0,0.0,2036,2,2037.0,25.0,0.0,0.0,2034.5,0.0
0,399500,KELP,2033.0,31.0,0.0,0.0,0.0,0.0,2037,31,0.0,0.0,0.0,0.0,2035.0,0.0
0,399600,KELP,2033.0,24.0,0.0,0.0,0.0,0.0,2037,24,0.0,0.0,0.0,0.0,2035.0,0.0
0,399700,KELP,2033.0,20.0,0.0,0.0,0.0,0.0,2035,2,2037.0,20.0,0.0,0.0,2034.0,0.0
0,399800,KELP,2033.0,30.0,0.0,0.0,0.0,0.0,2037,30,0.0,0.0,0.0,0.0,2035.0,0.0
0,399900,KELP,2034.0,3.0,2033.0,32.0,0.0,0.0,2036,2,2037.0,30.0,0.0,0.0,2035.0,0.0
0,400000,KELP,2034.0,4.0,2033.0,29.0,0.0,0.0,2037,29,0.0,0.0,0.0,0.0,2035.5,0.0
0,400100,KELP,2033.0,26.0,0.0,0.0,0.0,0.0,2036,26,0.0,0.0,0.0,0.0,2034.5,0.0
0,400200,KELP,2033.0,23.0,0.0,0.0,0.0,0.0,2037,23,0.0,0.0,0.0,0.0,2035.0,0.0
0,400300,KELP,2033.0,24.0,0.0,0.0,0.0,0.0,2037,24,0.0,0.0,0.0,0.0,2035.0,0.0
0,400400,KELP,2033.0,27.0,0.0,0.0,0.0,0.0,2037,27,0.0,0.0,0.0,0.0,2035.0,0.0
0,400500,KELP,2033.0,22.0,0.0,0.0,0.0,0.0,2036,1,2037.0,21.0,0.0,0.0,2034.5,0.0
0,400600,KELP,2033.0,23.0,0.0,0.0,0.0,0.0,2037,23,0.0,0.0,0.0,0.0,2035.0,0.0
0,400700,KELP,2033.0,26.0,0.0,0.0,0.0,0.0,2034,5,2037.0,26.0,0.0,0.0,2033.5,0.0
0,400800,KELP,2035.0,1.0,2033.0,23.0,0.0,0.0,2037,23,0.0,0.0,0.0,0.0,2036.0,0.0
0,400900,KELP,2033.0,30.0,0.0,0.0,0.0,0.0,2037,30,0.0,0.0,0.0,0.0,2035.0,0.0
0,401000,KELP,2033.0,31.0,0.0,0.0,0.0,0.0,2037,31,0.0,0.0,0.0,0.0,2035.0,0.0
0,401100,KELP,2033.0,32.0,0.0,0.0,0.0,0.0,2037,32,0.0,0.0,0.0,0.0,2035.0,0.0
0,401200,KELP,2033.0,26.0,0.0,0.0,0.0,0.0,2037,26,0.0,0.0,0.0,0.0,2035.0,0.0
0,401300,KELP,2033.0,25.0,0.0,0.0,0.0,0.0,2034,1,2035.0,8.0,2037.0,25.0,2033.5,0.0
0,401400,KELP,2033.0,27.0,0.0,0.0,0.0,0.0,2034,1,2037.0,27.0,0.0,0.0,2033.5,0.0
0,401500,KELP,2033.0,30.0,0.0,0.0,0.0,0.0,2037,23,0.0,0.0,0.0,0.0,2035.0,0.0
0,401600,KELP,2035.0,3.0,2034.0,3.0,2033.0,25.0,2036,22,0.0,0.0,0.0,0.0,2035.5,0.0
0,401700,KELP,2033.0,27.0,0.0,0.0,0.0,0.0,2037,27,0.0,0.0,0.0,0.0,2035.0,0.0
0,401800,KELP,2033.0,28.0,0.0,0.0,0.0,0.0,2037,28,0.0,0.0,0.0,0.0,2035.0,0.0
0,401900,KELP,2034.0,8.0,2033.0,30.0,0.0,0.0,2037,30,0.0,0.0,0.0,0.0,2035.5,0.0
0,402000,KELP,2034.0,3.0,2033.0,28.0,0.0,0.0,2036,28,0.0,0.0,0.0,0.0,2035.0,0.0
0,402100,KELP,2033.0,29.0,0.0,0.0,0.0,0.0,2036,2,2037.0,27.0,0.0,0.0,2034.5,0.0
0,402200,KELP,2033.0,23.0,0.0,0.0,0.0,0.0,2035,7,2036.0,23.0,0.0,0.0,2034.0,0.0
0,402300,KELP,2034.0,5.0,2033.0,20.0,0.0,0.0,2037,20,0.0,0.0,0.0,0.0,2035.5,0.0
0,402400,KELP,2033.0,30.0,0.0,0.0,0.0,0.0,2036,30,0.0,0.0,0.0,0.0,2034.5,0.0
0,402500,KELP,2035.0,2.0,2034.0,3.0,2033.0,22.0,2036,22,0.0,0.0,0.0,0.0,2035.5,0.0
0,402600,KELP,2035.0,1.0,2033.0,23.0,0.0,0.0,2036,23,0.0,0.0,0.0,0.0,2035.5,0.0
0,402700,KELP,2033.0,23.0,0.0,0.0,0.0,0.0,2036,23,0.0,0.0,0.0,0.0,2034.5,0.0
0,402800,KELP,2033.0,30.0,0.0,0.0,0.0,0.0,2036,30,0.0,0.0,0.0,0.0,2034.5,0.0
0,402900,KELP,2033.0,38.0,0.0,0.0,0.0,0.0,2036,32,0.0,0.0,0.0,0.0,2034.5,0.0
0,403000,KELP,2033.0,25.0,0.0,0.0,0.0,0.0,2036,25,0.0,0.0,0.0,0.0,2034.5,0.0
0,403100,KELP,2033.0,27.0,0.0,0.0,0.0,0.0,2036,22,0.0,0.0,0.0,0.0,2034.5,0.0
0,403200,KELP,2033.0,30.0,0.0,0.0,0.0,0.0,2035,8,2036.0,30.0,0.0,0.0,2034.0,0.0
0,403300,KELP,2033.0,26.0,0.0,0.0,0.0,0.0,2035,3,2036.0,26.0,0.0,0.0,2034.0,0.0
0,403400,KELP,2033.0,22.0,0.0,0.0,0.0,0.0,2034,3,2035.0,3.0,2036.0,23.0,2033.5,0.0
0,403500,KELP,2033.0,25.0,0.0,0.0,0.0,0.0,2036,25,0.0,0.0,0.0,0.0,2034.5,0.0
0,403600,KELP,2034.0,2.0,2033.0,21.0,0.0,0.0,2036,21,0.0,0.0,0.0,0.0,2035.0,0.0
0,403700,KELP,2033.0,24.0,0.0,0.0,0.0,0.0,2035,1,2036.0,24.0,0.0,0.0,2034.0,0.0
0,403800,KELP,2033.0,22.0,0.0,0.0,0.0,0.0,2036,22,0.0,0.0,0.0,0.0,2034.5,0.0
0,403900,KELP,2033.0,26.0,0.0,0.0,0.0,0.0,2036,26,0.0,0.0,0.0,0.0,2034.5,0.0
0,404000,KELP,2033.0,28.0,0.0,0.0,0.0,0.0,2035,1,2036.0,28.0,0.0,0.0,2034.0,0.0
0,404100,KELP,2033.0,27.0,0.0,0.0,0.0,0.0,2035,5,2036.0,27.0,0.0,0.0,2034.0,0.0
0,404200,KELP,2033.0,22.0,0.0,0.0,0.0,0.0,2035,4,2036.0,22.0,0.0,0.0,2034.0,0.0
0,404300,KELP,2035.0,1.0,2033.0,36.0,0.0,0.0,2037,28,0.0,0.0,0.0,0.0,2036.0,0.0
0,404400,KELP,2033.0,24.0,0.0,0.0,0.0,0.0,2036,25,0.0,0.0,0.0,0.0,2034.5,0.0
0,404500,KELP,2033.0,30.0,0.0,0.0,0.0,0.0,2036,30,0.0,0.0,0.0,0.0,2034.5,0.0
0,404600,KELP,2034.0,3.0,2033.0,27.0,0.0,0.0,2036,2,2037.0,25.0,0.0,0.0,2035.0,0.0
0,404700,KELP,2033.0,26.0,0.0,0.0,0.0,0.0,2036,26,0.0,0.0,0.0,0.0,2034.5,0.0
0,404800,KELP,2033.0,25.0,0.0,0.0,0.0,0.0,2035,4,2036.0,25.0,0.0,0.0,2034.0,0.0
0,404900,KELP,2033.0,30.0,0.0,0.0,0.0,0.0,2036,25,0.0,0.0,0.0,0.0,2034.5,0.0
0,405000,KELP,2033.0,32.0,0.0,0.0,0.0,0.0,2036,26,0.0,0.0,0.0,0.0,2034.5,0.0
0,405100,KELP,2033.0,24.0,0.0,0.0,0.0,0.0,2035,4,2037.0,24.0,0.0,0.0,2034.0,0.0
0,405200,KELP,2033.0,28.0,0.0,0.0,0.0,0.0,2036,2,2037.0,23.0,0.0,0.0,2034.5,0.0
0,405300,KELP,2033.0,22.0,0.0,0.0,0.0,0.0,2037,22,0.0,0.0,0.0,0.0,2035.0,0.0
0,405400,KELP,2033.0,20.0,0.0,0.0,0.0,0.0,2034,5,2035.0,8.0,2037.0,20.0,2033.5,0.0
0,405500,KELP,2033.0,24.0,0.0,0.0,0.0,0.0,2035,1,2037.0,24.0,0.0,0.0,2034.0,0.0
0,405600,KELP,2034.0,5.0,2033.0,32.0,0.0,0.0,2037,32,0.0,0.0,0.0,0.0,2035.5,0.0
0,405700,KELP,2033.0,23.0,0.0,0.0,0.0,0.0,2037,23,0.0,0.0,0.0,0.0,2035.0,0.0
0,405800,KELP,2033.0,25.0,0.0,0.0,0.0,0.0,2035,7,2037.0,25.0,0.0,0.0,2034.0,0.0
0,405900,KELP,2033.0,31.0,0.0,0.0,0.0,0.0,2036,2,2037.0,29.0,0.0,0.0,2034.5,0.0
0,406000,KELP,2033.0,31.0,0.0,0.0,0.0,0.0,2034,9,2036.0,1.0,2037.0,30.0,2033.5,0.0
0,406100,KELP,2033.0,22.0,0.0,0.0,0.0,0.0,2037,22,0.0,0.0,0.0,0.0,2035.0,0.0
0,406200,KELP,2035.0,9.0,2033.0,30.0,0.0,0.0,2036,30,0.0,0.0,0.0,0.0,2035.5,0.0
0,406300,KELP,2033.0,32.0,0.0,0.0,0.0,0.0,2035,6,2036.0,32.0,0.0,0.0,2034.0,0.0
0,406400,KELP,2033.0,28.0,0.0,0.0,0.0,0.0,2036,28,0.0,0.0,0.0,0.0,2034.5,0.0
0,406500,KELP,2033.0,25.0,0.0,0.0,0.0,0.0,2036,25,0.0,0.0,0.0,0.0,2034.5,0.0
0,406600,KELP,2033.0,30.0,0.0,0.0,0.0,0.0,2035,4,2036.0,30.0,0.0,0.0,2034.0,0.0
0,406700,KELP,2033.0,26.0,0.0,0.0,0.0,0.0,2035,1,2036.0,26.0,0.0,0.0,2034.0,0.0
0,406800,KELP,2033.0,31.0,0.0,0.0,0.0,0.0,2036,28,0.0,0.0,0.0,0.0,2034.5,0.0
0,406900,KELP,2033.0,29.0,0.0,0.0,0.0,0.0,2036,29,0.0,0.0,0.0,0.0,2034.5,0.0
0,407000,KELP,2033.0,25.0,0.0,0.0,0.0,0.0,2036,25,0.0,0.0,0.0,0.0,2034.5,0.0
0,407100,KELP,2033.0,28.0,0.0,0.0,0.0,0.0,2035,3,2036.0,28.0,0.0,0.0,2034.0,0.0
0,407200,KELP,2033.0,30.0,0.0,0.0,0.0,0.0,2036,27,0.0,0.0,0.0,0.0,2034.5,0.0
0,407300,KELP,2032.0,21.0,0.0,0.0,0.0,0.0,2036,21,0.0,0.0,0.0,0.0,2034.0,0.0
0,407400,KELP,2033.0,1.0,2032.0,20.0,0.0,0.0,2036,21,0.0,0.0,0.0,0.0,2034.5,0.0
0,407500,KELP,2033.0,2.0,2032.0,30.0,0.0,0.0,2036,32,0.0,0.0,0.0,0.0,2034.5,0.0
0,407600,KELP,2035.0,1.0,2033.0,27.0,0.0,0.0,2036,27,0.0,0.0,0.0,0.0,2035.5,0.0
0,407700,KELP,2033.0,30.0,0.0,0.0,0.0,0.0,2036,30,0.0,0.0,0.0,0.0,2034.5,0.0
0,407800,KELP,2033.0,27.0,0.0,0.0,0.0,0.0,2036,27,0.0,0.0,0.0,0.0,2034.5,0.0
0,407900,KELP,2033.0,29.0,0.0,0.0,0.0,0.0,2036,29,0.0,0.0,0.0,0.0,2034.5,0.0
0,408000,KELP,2033.0,29.0,0.0,0.0,0.0,0.0,2036,29,0.0,0.0,0.0,0.0,2034.5,0.0
0,408100,KELP,2033.0,25.0,0.0,0.0,0.0,0.0,2036,25,0.0,0.0,0.0,0.0,2034.5,0.0
0,408200,KELP,2033.0,1.0,2032.0,27.0,0.0,0.0,2034,5,2036.0,28.0,0.0,0.0,2033.5,0.0
0,408300,KELP,2033.0,30.0,0.0,0.0,0.0,0.0,2036,26,0.0,0.0,0.0,0.0,2034.5,0.0
0,408400,KELP,2033.0,25.0,0.0,0.0,0.0,0.0,2036,25,0.0,0.0,0.0,0.0,2034.5,0.0
0,408500,KELP,2033.0,25.0,0.0,0.0,0.0,0.0,2036,23,0.0,0.0,0.0,0.0,2034.5,0.0
0,408600,KELP,2033.0,21.0,0.0,0.0,0.0,0.0,2036,21,0.0,0.0,0.0,0.0,2034.5,0.0
0,408700,KELP,2033.0,29.0,0.0,0.0,0.0,0.0,2036,29,0.0,0.0,0.0,0.0,2034.5,0.0
0,408800,KELP,2033.0,25.0,0.0,0.0,0.0,0.0,2036,25,0.0,0.0,0.0,0.0,2034.5,0.0
0,408900,KELP,2033.0,22.0,0.0,0.0,0.0,0.0,2036,22,0.0,0.0,0.0,0.0,2034.5,0.0
0,409000,KELP,2033.0,22.0,0.0,0.0,0.0,0.0,2036,22,0.0,0.0,0.0,0.0,2034.5,0.0
0,409100,KELP,2035.0,1.0,2034.0,2.0,2033.0,24.0,2036,24,0.0,0.0,0.0,0.0,2035.5,0.0
0,409200,KELP,2033.0,28.0,0.0,0.0,0.0,0.0,2036,28,0.0,0.0,0.0,0.0,2034.5,0.0
0,409300,KELP,2035.0,1.0,2033.0,30.0,0.0,0.0,2036,30,0.0,0.0,0.0,0.0,2035.5,0.0
0,409400,KELP,2033.0,31.0,0.0,0.0,0.0,0.0,2034,4,2036.0,31.0,0.0,0.0,2033.5,0.0
0,409500,KELP,2033.0,23.0,0.0,0.0,0.0,0.0,2035,8,2036.0,23.0,0.0,0.0,2034.0,0.0
0,409600,KELP,2033.0,30.0,0.0,0.0,0.0,0.0,2036,30,0.0,0.0,0.0,0.0,2034.5,0.0
0,409700,KELP,2033.0,30.0,0.0,0.0,0.0,0.0,2036,25,0.0,0.0,0.0,0.0,2034.5,0.0
0,409800,KELP,2033.0,28.0,0.0,0.0,0.0,0.0,2035,7,2036.0,28.0,0.0,0.0,2034.0,0.0
0,409900,KELP,2033.0,25.0,0.0,0.0,0.0,0.0,2036,25,0.0,0.0,0.0,0.0,2034.5,0.0
0,410000,KELP,2033.0,29.0,0.0,0.0,0.0,0.0,2036,23,0.0,0.0,0.0,0.0,2034.5,0.0
0,410100,KELP,2033.0,32.0,0.0,0.0,0.0,0.0,2036,29,0.0,0.0,0.0,0.0,2034.5,0.0
0,410200,KELP,2033.0,26.0,0.0,0.0,0.0,0.0,2036,26,0.0,0.0,0.0,0.0,2034.5,0.0
0,410300,KELP,2033.0,21.0,0.0,0.0,0.0,0.0,2036,21,0.0,0.0,0.0,0.0,2034.5,0.0
0,410400,KELP,2033.0,22.0,0.0,0.0,0.0,0.0,2036,23,0.0,0.0,0.0,0.0,2034.5,0.0
0,410500,KELP,2033.0,25.0,0.0,0.0,0.0,0.0,2036,25,0.0,0.0,0.0,0.0,2034.5,0.0
0,410600,KELP,2034.0,3.0,2033.0,30.0,0.0,0.0,2036,27,0.0,0.0,0.0,0.0,2035.0,0.0
0,410700,KELP,2033.0,28.0,0.0,0.0,0.0,0.0,2036,28,0.0,0.0,0.0,0.0,2034.5,0.0
0,410800,KELP,2033.0,23.0,0.0,0.0,0.0,0.0,2035,3,2036.0,23.0,0.0,0.0,2034.0,0.0
0,410900,KELP,2033.0,29.0,0.0,0.0,0.0,0.0,2035,8,2036.0,29.0,0.0,0.0,2034.0,0.0
0,411000,KELP,2033.0,29.0,0.0,0.0,0.0,0.0,2034,5,2036.0,29.0,0.0,0.0,2033.5,0.0
0,411100,KELP,2033.0,27.0,0.0,0.0,0.0,0.0,2036,27,0.0,0.0,0.0,0.0,2034.5,0.0
0,411200,KELP,2033.0,25.0,0.0,0.0,0.0,0.0,2036,25,0.0,0.0,0.0,0.0,2034.5,0.0
0,411300,KELP,2033.0,21.0,0.0,0.0,0.0,0.0,2036,21,0.0,0.0,0.0,0.0,2034.5,0.0
0,411400,KELP,2033.0,29.0,0.0,0.0,0.0,0.0,2036,30,0.0,0.0,0.0,0.0,2034.5,0.0
0,411500,KELP,2033.0,24.0,0.0,0.0,0.0,0.0,2036,25,0.0,0.0,0.0,0.0,2034.5,0.0
0,411600,KELP,2033.0,28.0,0.0,0.0,0.0,0.0,2036,28,0.0,0.0,0.0,0.0,2034.5,0.0
0,411700,KELP,2035.0,1.0,2034.0,4.0,2033.0,36.0,2036,31,0.0,0.0,0.0,0.0,2035.5,0.0
0,411800,KELP,2035.0,1.0,2033.0,31.0,0.0,0.0,2036,24,0.0,0.0,0.0,0.0,2035.5,0.0
0,411900,KELP,2033.0,29.0,0.0,0.0,0.0,0.0,2035,5,2036.0,29.0,0.0,0.0,2034.0,0.0
0,412000,KELP,2033.0,25.0,0.0,0.0,0.0,0.0,2036,25,0.0,0.0,0.0,0.0,2034.5,0.0
0,412100,KELP,2033.0,35.0,0.0,0.0,0.0,0.0,2036,30,0.0,0.0,0.0,0.0,2034.5,0.0
0,412200,KELP,2033.0,26.0,0.0,0.0,0.0,0.0,2036,26,0.0,0.0,0.0,0.0,2034.5,0.0
0,412300,KELP,2033.0,37.0,0.0,0.0,0.0,0.0,2036,29,0.0,0.0,0.0,0.0,2034.5,0.0
0,412400,KELP,2033.0,17.0,0.0,0.0,0.0,0.0,2036,27,0.0,0.0,0.0,0.0,2034.5,0.0
0,412500,KELP,2033.0,24.0,0.0,0.0,0.0,0.0,2034,2,2035.0,1.0,2036.0,24.0,2033.5,0.0
0,412600,KELP,2033.0,26.0,0.0,0.0,0.0,0.0,2036,2,2037.0,24.0,0.0,0.0,2034.5,0.0
0,412700,KELP,2034.0,3.0,2033.0,26.0,0.0,0.0,2037,26,0.0,0.0,0.0,0.0,2035.5,0.0
0,412800,KELP,2033.0,27.0,0.0,0.0,0.0,0.0,2037,27,0.0,0.0,0.0,0.0,2035.0,0.0
0,412900,KELP,2034.0,30.0,0.0,0.0,0.0,0.0,2037,30,0.0,0.0,0.0,0.0,2035.5,0.0
0,413000,KELP,2034.0,26.0,0.0,0.0,0.0,0.0,2036,4,2037.0,26.0,0.0,0.0,2035.0,0.0
0,413100,KELP,2033.0,30.0,0.0,0.0,0.0,0.0,2034,1,2035.0,1.0,2037.0,30.0,2033.5,0.0
0,413200,KELP,2034.0,4.0,2033.0,31.0,0.0,0.0,2037,31,0.0,0.0,0.0,0.0,2035.5,0.0
0,413300,KELP,2033.0,27.0,0.0,0.0,0.0,0.0,2035,4,2037.0,27.0,0.0,0.0,2034.0,0.0
0,413400,KELP,2034.0,20.0,0.0,0.0,0.0,0.0,2037,20,0.0,0.0,0.0,0.0,2035.5,0.0
0,413500,KELP,2033.0,32.0,0.0,0.0,0.0,0.0,2037,32,0.0,0.0,0.0,0.0,2035.0,0.0
0,413600,KELP,2034.0,2.0,2033.0,23.0,0.0,0.0,2037,23,0.0,0.0,0.0,0.0,2035.5,0.0
0,413700,KELP,2034.0,1.0,2033.0,27.0,0.0,0.0,2037,28,0.0,0.0,0.0,0.0,2035.5,0.0
0,413800,KELP,2036.0,1.0,2034.0,2.0,2033.0,25.0,2037,27,0.0,0.0,0.0,0.0,2036.5,0.0
0,413900,KELP,2033.0,20.0,0.0,0.0,0.0,0.0,2037,20,0.0,0.0,0.0,0.0,2035.0,0.0
0,414000,KELP,2034.0,9.0,2033.0,30.0,0.0,0.0,2037,32,0.0,0.0,0.0,0.0,2035.5,0.0
0,414100,KELP,2034.0,29.0,0.0,0.0,0.0,0.0,2037,29,0.0,0.0,0.0,0.0,2035.5,0.0
0,414200,KELP,2034.0,31.0,0.0,0.0,0.0,0.0,2037,29,0.0,0.0,0.0,0.0,2035.5,0.0
0,414300,KELP,2034.0,28.0,0.0,0.0,0.0,0.0,2037,28,0.0,0.0,0.0,0.0,2035.5,0.0
0,414400,KELP,2034.0,24.0,0.0,0.0,0.0,0.0,2037,24,0.0,0.0,0.0,0.0,2035.5,0.0
0,414500,KELP,2034.0,26.0,0.0,0.0,0.0,0.0,2037,26,0.0,0.0,0.0,0.0,2035.5,0.0
0,414600,KELP,2034.0,26.0,0.0,0.0,0.0,0.0,2037,26,0.0,0.0,0.0,0.0,2035.5,0.0
0,414700,KELP,2034.0,24.0,0.0,0.0,0.0,0.0,2037,24,0.0,0.0,0.0,0.0,2035.5,0.0
0,414800,KELP,2034.0,26.0,0.0,0.0,0.0,0.0,2037,26,0.0,0.0,0.0,0.0,2035.5,0.0
0,414900,KELP,2034.0,29.0,0.0,0.0,0.0,0.0,2037,29,0.0,0.0,0.0,0.0,2035.5,0.0
0,415000,KELP,2034.0,24.0,0.0,0.0,0.0,0.0,2037,24,0.0,0.0,0.0,0.0,2035.5,0.0
0,415100,KELP,2034.0,26.0,0.0,0.0,0.0,0.0,2036,4,2037.0,26.0,0.0,0.0,2035.0,0.0
0,415200,KELP,2034.0,24.0,0.0,0.0,0.0,0.0,2036,2,2037.0,24.0,0.0,0.0,2035.0,0.0
0,415300,KELP,2034.0,30.0,0.0,0.0,0.0,0.0,2037,27,0.0,0.0,0.0,0.0,2035.5,0.0
0,415400,KELP,2034.0,25.0,0.0,0.0,0.0,0.0,2036,2,2038.0,25.0,0.0,0.0,2035.0,0.0
0,415500,KELP,2035.0,7.0,2034.0,21.0,0.0,0.0,2038,21,0.0,0.0,0.0,0.0,2036.5,0.0
0,415600,KELP,2034.0,24.0,0.0,0.0,0.0,0.0,2038,25,0.0,0.0,0.0,0.0,2036.0,0.0
0,415700,KELP,2034.0,23.0,0.0,0.0,0.0,0.0,2036,6,2038.0,23.0,0.0,0.0,2035.0,0.0
0,415800,KELP,2034.0,28.0,0.0,0.0,0.0,0.0,2037,2,2038.0,26.0,0.0,0.0,2035.5,0.0
0,415900,KELP,2034.0,30.0,0.0,0.0,0.0,0.0,2037,30,0.0,0.0,0.0,0.0,2035.5,0.0
0,416000,KELP,2034.0,25.0,0.0,0.0,0.0,0.0,2038,25,0.0,0.0,0.0,0.0,2036.0,0.0
0,416100,KELP,2036.0,1.0,2034.0,29.0,0.0,0.0,2037,21,0.0,0.0,0.0,0.0,2036.5,0.0
0,416200,KELP,2035.0,32.0,0.0,0.0,0.0,0.0,2038,32,0.0,0.0,0.0,0.0,2036.5,0.0
0,416300,KELP,2035.0,8.0,2034.0,23.0,0.0,0.0,2038,23,0.0,0.0,0.0,0.0,2036.5,0.0
0,416400,KELP,2034.0,22.0,0.0,0.0,0.0,0.0,2038,22,0.0,0.0,0.0,0.0,2036.0,0.0
0,416500,KELP,2035.0,25.0,0.0,0.0,0.0,0.0,2038,25,0.0,0.0,0.0,0.0,2036.5,0.0
0,416600,KELP,2035.0,28.0,0.0,0.0,0.0,0.0,2038,28,0.0,0.0,0.0,0.0,2036.5,0.0
0,416700,KELP,2035.0,27.0,0.0,0.0,0.0,0.0,2037,6,2038.0,27.0,0.0,0.0,2036.0,0.0
0,416800,KELP,2035.0,7.0,2034.0,30.0,0.0,0.0,2038,31,0.0,0.0,0.0,0.0,2036.5,0.0
0,416900,KELP,2035.0,28.0,0.0,0.0,0.0,0.0,2038,28,0.0,0.0,0.0,0.0,2036.5,0.0
0,417000,KELP,2036.0,2.0,2035.0,30.0,0.0,0.0,2038,30,0.0,0.0,0.0,0.0,2037.0,0.0
0,417100,KELP,2035.0,22.0,0.0,0.0,0.0,0.0,2038,22,0.0,0.0,0.0,0.0,2036.5,0.0
0,417200,KELP,2035.0,29.0,0.0,0.0,0.0,0.0,2038,29,0.0,0.0,0.0,0.0,2036.5,0.0
0,417300,KELP,2034.0,27.0,0.0,0.0,0.0,0.0,2036,4,2038.0,27.0,0.0,0.0,2035.0,0.0
0,417400,KELP,2034.0,28.0,0.0,0.0,0.0,0.0,2036,4,2038.0,28.0,0.0,0.0,2035.0,0.0
0,417500,KELP,2035.0,1.0,2034.0,27.0,0.0,0.0,2038,29,0.0,0.0,0.0,0.0,2036.5,0.0
0,417600,KELP,2034.0,21.0,0.0,0.0,0.0,0.0,2035,4,2038.0,21.0,0.0,0.0,2034.5,0.0
0,417700,KELP,2034.0,29.0,0.0,0.0,0.0,0.0,2038,29,0.0,0.0,0.0,0.0,2036.0,0.0
0,417800,KELP,2035.0,3.0,2034.0,28.0,0.0,0.0,2038,28,0.0,0.0,0.0,0.0,2036.5,0.0
0,417900,KELP,2034.0,29.0,0.0,0.0,0.0,0.0,2038,29,0.0,0.0,0.0,0.0,2036.0,0.0
0,418000,KELP,2034.0,30.0,0.0,0.0,0.0,0.0,2038,30,0.0,0.0,0.0,0.0,2036.0,0.0
0,418100,KELP,2034.0,23.0,0.0,0.0,0.0,0.0,2038,23,0.0,0.0,0.0,0.0,2036.0,0.0
0,418200,KELP,2034.0,25.0,0.0,0.0,0.0,0.0,2036,4,2037.0,1.0,2038.0,24.0,2035.0,0.0
0,418300,KELP,2034.0,22.0,0.0,0.0,0.0,0.0,2037,22,0.0,0.0,0.0,0.0,2035.5,0.0
0,418400,KELP,2034.0,31.0,0.0,0.0,0.0,0.0,2037,2,2038.0,29.0,0.0,0.0,2035.5,0.0
0,418500,KELP,2035.0,5.0,2034.0,24.0,0.0,0.0,2038,24,0.0,0.0,0.0,0.0,2036.5,0.0
0,418600,KELP,2034.0,24.0,0.0,0.0,0.0,0.0,2037,2,2038.0,22.0,0.0,0.0,2035.5,0.0
0,418700,KELP,2034.0,23.0,0.0,0.0,0.0,0.0,2038,23,0.0,0.0,0.0,0.0,2036.0,0.0
0,418800,KELP,2037.0,1.0,2034.0,22.0,0.0,0.0,2038,22,0.0,0.0,0.0,0.0,2037.5,0.0
0,418900,KELP,2034.0,20.0,0.0,0.0,0.0,0.0,2038,21,0.0,0.0,0.0,0.0,2036.0,0.0
0,419000,KELP,2035.0,4.0,2034.0,22.0,0.0,0.0,2038,22,0.0,0.0,0.0,0.0,2036.5,0.0
0,419100,KELP,2036.0,1.0,2034.0,31.0,0.0,0.0,2037,2,2038.0,29.0,0.0,0.0,2036.5,0.0
0,419200,KELP,2034.0,24.0,0.0,0.0,0.0,0.0,2038,24,0.0,0.0,0.0,0.0,2036.0,0.0
0,419300,KELP,2034.0,29.0,0.0,0.0,0.0,0.0,2038,29,0.0,0.0,0.0,0.0,2036.0,0.0
0,419400,KELP,2034.0,29.0,0.0,0.0,0.0,0.0,2038,29,0.0,0.0,0.0,0.0,2036.0,0.0
0,419500,KELP,2034.0,22.0,0.0,0.0,0.0,0.0,2037,2,2038.0,20.0,0.0,0.0,2035.5,0.0
0,419600,KELP,2034.0,23.0,0.0,0.0,0.0,0.0,2037,2,2038.0,21.0,0.0,0.0,2035.5,0.0
0,419700,KELP,2034.0,34.0,0.0,0.0,0.0,0.0,2037,28,0.0,0.0,0.0,0.0,2035.5,0.0
0,419800,KELP,2034.0,29.0,0.0,0.0,0.0,0.0,2037,29,0.0,0.0,0.0,0.0,2035.5,0.0
0,419900,KELP,2034.0,36.0,0.0,0.0,0.0,0.0,2037,31,0.0,0.0,0.0,0.0,2035.5,0.0
0,420000,KELP,2036.0,1.0,2034.0,23.0,0.0,0.0,2037,23,0.0,0.0,0.0,0.0,2036.5,0.0
0,420100,KELP,2034.0,25.0,0.0,0.0,0.0,0.0,2036,6,2037.0,25.0,0.0,0.0,2035.0,0.0
0,420200,KELP,2036.0,1.0,2034.0,21.0,0.0,0.0,2037,21,0.0,0.0,0.0,0.0,2036.5,0.0
0,420300,KELP,2034.0,25.0,0.0,0.0,0.0,0.0,2037,25,0.0,0.0,0.0,0.0,2035.5,0.0
0,420400,KELP,2036.0,1.0,2034.0,25.0,0.0,0.0,2037,25,0.0,0.0,0.0,0.0,2036.5,0.0
0,420500,KELP,2034.0,26.0,0.0,0.0,0.0,0.0,2035,3,2036.0,5.0,2037.0,26.0,2034.5,0.0
0,420600,KELP,2035.0,5.0,2034.0,24.0,0.0,0.0,2037,24,0.0,0.0,0.0,0.0,2036.0,0.0
0,420700,KELP,2033.0,30.0,0.0,0.0,0.0,0.0,2037,30,0.0,0.0,0.0,0.0,2035.0,0.0
0,420800,KELP,2035.0,4.0,2034.0,6.0,2033.0,30.0,2037,30,0.0,0.0,0.0,0.0,2036.0,0.0
0,420900,KELP,2033.0,29.0,0.0,0.0,0.0,0.0,2037,29,0.0,0.0,0.0,0.0,2035.0,0.0
0,421000,KELP,2034.0,2.0,2033.0,30.0,0.0,0.0,2035,5,2037.0,32.0,0.0,0.0,2034.5,0.0
0,421100,KELP,2034.0,5.0,2033.0,21.0,0.0,0.0,2037,23,0.0,0.0,0.0,0.0,2035.5,0.0
0,421200,KELP,2033.0,28.0,0.0,0.0,0.0,0.0,2037,28,0.0,0.0,0.0,0.0,2035.0,0.0
0,421300,KELP,2033.0,26.0,0.0,0.0,0.0,0.0,2037,26,0.0,0.0,0.0,0.0,2035.0,0.0
0,421400,KELP,2033.0,26.0,0.0,0.0,0.0,0.0,2037,26,0.0,0.0,0.0,0.0,2035.0,0.0
0,421500,KELP,2033.0,27.0,0.0,0.0,0.0,0.0,2037,27,0.0,0.0,0.0,0.0,2035.0,0.0
0,421600,KELP,2033.0,25.0,0.0,0.0,0.0,0.0,2037,25,0.0,0.0,0.0,0.0,2035.0,0.0
0,421700,KELP,2033.0,26.0,0.0,0.0,0.0,0.0,2035,2,2037.0,26.0,0.0,0.0,2034.0,0.0
0,421800,KELP,2033.0,29.0,0.0,0.0,0.0,0.0,2037,29,0.0,0.0,0.0,0.0,2035.0,0.0
0,421900,KELP,2033.0,29.0,0.0,0.0,0.0,0.0,2037,29,0.0,0.0,0.0,0.0,2035.0,0.0
0,422000,KELP,2034.0,5.0,2033.0,20.0,0.0,0.0,2035,6,2037.0,20.0,0.0,0.0,2034.5,0.0
0,422100,KELP,2033.0,28.0,0.0,0.0,0.0,0.0,2037,28,0.0,0.0,0.0,0.0,2035.0,0.0
0,422200,KELP,2033.0,28.0,0.0,0.0,0.0,0.0,2036,28,0.0,0.0,0.0,0.0,2034.5,0.0
0,422300,KELP,2033.0,28.0,0.0,0.0,0.0,0.0,2036,29,0.0,0.0,0.0,0.0,2034.5,0.0
0,422400,KELP,2034.0,4.0,2033.0,35.0,0.0,0.0,2036,29,0.0,0.0,0.0,0.0,2035.0,0.0
0,422500,KELP,2033.0,34.0,0.0,0.0,0.0,0.0,2036,27,0.0,0.0,0.0,0.0,2034.5,0.0
0,422600,KELP,2033.0,22.0,0.0,0.0,0.0,0.0,2036,22,0.0,0.0,0.0,0.0,2034.5,0.0
0,422700,KELP,2035.0,4.0,2033.0,24.0,0.0,0.0,2036,24,0.0,0.0,0.0,0.0,2035.5,0.0
0,422800,KELP,2033.0,24.0,0.0,0.0,0.0,0.0,2036,24,0.0,0.0,0.0,0.0,2034.5,0.0
0,422900,KELP,2033.0,27.0,0.0,0.0,0.0,0.0,2036,28,0.0,0.0,0.0,0.0,2034.5,0.0
0,423000,KELP,2033.0,27.0,0.0,0.0,0.0,0.0,2036,27,0.0,0.0,0.0,0.0,2034.5,0.0
0,423100,KELP,2033.0,29.0,0.0,0.0,0.0,0.0,2035,7,2036.0,29.0,0.0,0.0,2034.0,0.0
0,423200,KELP,2033.0,32.0,0.0,0.0,0.0,0.0,2036,32,0.0,0.0,0.0,0.0,2034.5,0.0
0,423300,KELP,2033.0,24.0,0.0,0.0,0.0,0.0,2036,24,0.0,0.0,0.0,0.0,2034.5,0.0
0,423400,KELP,2033.0,26.0,0.0,0.0,0.0,0.0,2036,25,0.0,0.0,0.0,0.0,2034.5,0.0
0,423500,KELP,2035.0,7.0,2033.0,28.0,0.0,0.0,2036,28,0.0,0.0,0.0,0.0,2035.5,0.0
0,423600,KELP,2033.0,30.0,0.0,0.0,0.0,0.0,2035,1,2037.0,30.0,0.0,0.0,2034.0,0.0
0,423700,KELP,2033.0,25.0,0.0,0.0,0.0,0.0,2034,8,2037.0,25.0,0.0,0.0,2033.5,0.0
0,423800,KELP,2033.0,29.0,0.0,0.0,0.0,0.0,2037,29,0.0,0.0,0.0,0.0,2035.0,0.0
0,423900,KELP,2033.0,24.0,0.0,0.0,0.0,0.0,2037,24,0.0,0.0,0.0,0.0,2035.0,0.0
0,424000,KELP,2033.0,28.0,0.0,0.0,0.0,0.0,2037,28,0.0,0.0,0.0,0.0,2035.0,0.0
0,424100,KELP,2035.0,1.0,2033.0,21.0,0.0,0.0,2036,1,2037.0,20.0,0.0,0.0,2035.5,0.0
0,424200,KELP,2033.0,30.0,0.0,0.0,0.0,0.0,2036,1,2037.0,29.0,0.0,0.0,2034.5,0.0
0,424300,KELP,2033.0,36.0,0.0,0.0,0.0,0.0,2036,29,0.0,0.0,0.0,0.0,2034.5,0.0
0,424400,KELP,2034.0,6.0,2033.0,23.0,0.0,0.0,2037,23,0.0,0.0,0.0,0.0,2035.5,0.0
0,424500,KELP,2033.0,30.0,0.0,0.0,0.0,0.0,2037,30,0.0,0.0,0.0,0.0,2035.0,0.0
0,424600,KELP,2033.0,25.0,0.0,0.0,0.0,0.0,2037,25,0.0,0.0,0.0,0.0,2035.0,0.0
0,424700,KELP,2034.0,28.0,0.0,0.0,0.0,0.0,2037,28,0.0,0.0,0.0,0.0,2035.5,0.0
0,424800,KELP,2034.0,20.0,0.0,0.0,0.0,0.0,2037,20,0.0,0.0,0.0,0.0,2035.5,0.0
0,424900,KELP,2034.0,27.0,0.0,0.0,0.0,0.0,2037,27,0.0,0.0,0.0,0.0,2035.5,0.0
0,425000,KELP,2034.0,29.0,0.0,0.0,0.0,0.0,2037,29,0.0,0.0,0.0,0.0,2035.5,0.0
0,425100,KELP,2034.0,24.0,0.0,0.0,0.0,0.0,2036,4,2037.0,24.0,0.0,0.0,2035.0,0.0
0,425200,KELP,2034.0,22.0,0.0,0.0,0.0,0.0,2037,2,2038.0,20.0,0.0,0.0,2035.5,0.0
0,425300,KELP,2034.0,28.0,0.0,0.0,0.0,0.0,2037,2,2038.0,26.0,0.0,0.0,2035.5,0.0
0,425400,KELP,2034.0,22.0,0.0,0.0,0.0,0.0,2038,22,0.0,0.0,0.0,0.0,2036.0,0.0
0,425500,KELP,2036.0,1.0,2034.0,27.0,0.0,0.0,2038,27,0.0,0.0,0.0,0.0,2037.0,0.0
0,425600,KELP,2034.0,25.0,0.0,0.0,0.0,0.0,2036,4,2038.0,25.0,0.0,0.0,2035.0,0.0
0,425700,KELP,2034.0,23.0,0.0,0.0,0.0,0.0,2035,1,2036.0,3.0,2038.0,23.0,2034.5,0.0
0,425800,KELP,2036.0,3.0,2034.0,25.0,0.0,0.0,2038,25,0.0,0.0,0.0,0.0,2037.0,0.0
0,425900,KELP,2035.0,1.0,2034.0,28.0,0.0,0.0,2038,28,0.0,0.0,0.0,0.0,2036.5,0.0
0,426000,KELP,2034.0,30.0,0.0,0.0,0.0,0.0,2038,30,0.0,0.0,0.0,0.0,2036.0,0.0
0,426100,KELP,2034.0,28.0,0.0,0.0,0.0,0.0,2038,28,0.0,0.0,0.0,0.0,2036.0,0.0
0,426200,KELP,2034.0,29.0,0.0,0.0,0.0,0.0,2038,29,0.0,0.0,0.0,0.0,2036.0,0.0
0,426300,KELP,2034.0,30.0,0.0,0.0,0.0,0.0,2038,30,0.0,0.0,0.0,0.0,2036.0,0.0
0,426400,KELP,2035.0,23.0,0.0,0.0,0.0,0.0,2039,23,0.0,0.0,0.0,0.0,2037.0,0.0
0,426500,KELP,2038.0,1.0,2036.0,8.0,2035.0,27.0,2039,27,0.0,0.0,0.0,0.0,2038.5,0.0
0,426600,KELP,2035.0,25.0,0.0,0.0,0.0,0.0,2039,25,0.0,0.0,0.0,0.0,2037.0,0.0
0,426700,KELP,2035.0,22.0,0.0,0.0,0.0,0.0,2039,22,0.0,0.0,0.0,0.0,2037.0,0.0
0,426800,KELP,2037.0,1.0,2035.0,20.0,0.0,0.0,2039,20,0.0,0.0,0.0,0.0,2038.0,0.0
0,426900,KELP,2035.0,31.0,0.0,0.0,0.0,0.0,2039,31,0.0,0.0,0.0,0.0,2037.0,0.0
0,427000,KELP,2035.0,32.0,0.0,0.0,0.0,0.0,2038,27,0.0,0.0,0.0,0.0,2036.5,0.0
0,427100,KELP,2037.0,1.0,2036.0,3.0,2035.0,34.0,2038,26,0.0,0.0,0.0,0.0,2037.5,0.0
0,427200,KELP,2035.0,31.0,0.0,0.0,0.0,0.0,2036,4,2038.0,31.0,0.0,0.0,2035.5,0.0
0,427300,KELP,2035.0,27.0,0.0,0.0,0.0,0.0,2038,2,2039.0,25.0,0.0,0.0,2036.5,0.0
0,427400,KELP,2035.0,32.0,0.0,0.0,0.0,0.0,2038,2,2039.0,25.0,0.0,0.0,2036.5,0.0
0,427500,KELP,2035.0,29.0,0.0,0.0,0.0,0.0,2038,29,0.0,0.0,0.0,0.0,2036.5,0.0
0,427600,KELP,2035.0,27.0,0.0,0.0,0.0,0.0,2038,27,0.0,0.0,0.0,0.0,2036.5,0.0
0,427700,KELP,2035.0,30.0,0.0,0.0,0.0,0.0,2038,30,0.0,0.0,0.0,0.0,2036.5,0.0
0,427800,KELP,2035.0,26.0,0.0,0.0,0.0,0.0,2037,5,2038.0,27.0,0.0,0.0,2036.0,0.0
0,427900,KELP,2034.0,32.0,0.0,0.0,0.0,0.0,2038,32,0.0,0.0,0.0,0.0,2036.0,0.0
0,428000,KELP,2035.0,2.0,2034.0,24.0,0.0,0.0,2038,26,0.0,0.0,0.0,0.0,2036.5,0.0
0,428100,KELP,2037.0,1.0,2035.0,2.0,2034.0,23.0,2038,25,0.0,0.0,0.0,0.0,2037.5,0.0
0,428200,KELP,2035.0,22.0,0.0,0.0,0.0,0.0,2038,22,0.0,0.0,0.0,0.0,2036.5,0.0
0,428300,KELP,2035.0,26.0,0.0,0.0,0.0,0.0,2039,27,0.0,0.0,0.0,0.0,2037.0,0.0
0,428400,KELP,2035.0,24.0,0.0,0.0,0.0,0.0,2037,2,2039.0,24.0,0.0,0.0,2036.0,0.0
0,428500,KELP,2035.0,23.0,0.0,0.0,0.0,0.0,2038,23,0.0,0.0,0.0,0.0,2036.5,0.0
0,428600,KELP,2035.0,24.0,0.0,0.0,0.0,0.0,2038,24,0.0,0.0,0.0,0.0,2036.5,0.0
0,428700,KELP,2035.0,28.0,0.0,0.0,0.0,0.0,2038,28,0.0,0.0,0.0,0.0,2036.5,0.0
0,428800,KELP,2035.0,29.0,0.0,0.0,0.0,0.0,2039,29,0.0,0.0,0.0,0.0,2037.0,0.0
0,428900,KELP,2035.0,32.0,0.0,0.0,0.0,0.0,2038,26,0.0,0.0,0.0,0.0,2036.5,0.0
0,429000,KELP,2035.0,31.0,0.0,0.0,0.0,0.0,2038,1,2039.0,26.0,0.0,0.0,2036.5,0.0
0,429100,KELP,2035.0,24.0,0.0,0.0,0.0,0.0,2037,5,2039.0,24.0,0.0,0.0,2036.0,0.0
0,429200,KELP,2035.0,26.0,0.0,0.0,0.0,0.0,2039,21,0.0,0.0,0.0,0.0,2037.0,0.0
0,429300,KELP,2035.0,22.0,0.0,0.0,0.0,0.0,2039,23,0.0,0.0,0.0,0.0,2037.0,0.0
0,429400,KELP,2035.0,21.0,0.0,0.0,0.0,0.0,2038,1,2039.0,20.0,0.0,0.0,2036.5,0.0
0,429500,KELP,2035.0,27.0,0.0,0.0,0.0,0.0,2039,27,0.0,0.0,0.0,0.0,2037.0,0.0
0,429600,KELP,2037.0,1.0,2035.0,30.0,0.0,0.0,2038,24,0.0,0.0,0.0,0.0,2037.5,0.0
0,429700,KELP,2035.0,31.0,0.0,0.0,0.0,0.0,2038,23,0.0,0.0,0.0,0.0,2036.5,0.0
0,429800,KELP,2035.0,29.0,0.0,0.0,0.0,0.0,2037,7,2038.0,30.0,0.0,0.0,2036.0,0.0
0,429900,KELP,2035.0,30.0,0.0,0.0,0.0,0.0,2039,31,0.0,0.0,0.0,0.0,2037.0,0.0
0,430000,KELP,2036.0,2.0,2035.0,30.0,0.0,0.0,2039,30,0.0,0.0,0.0,0.0,2037.5,0.0
0,430100,KELP,2035.0,29.0,0.0,0.0,0.0,0.0,2038,2,2039.0,27.0,0.0,0.0,2036.5,0.0
0,430200,KELP,2035.0,26.0,0.0,0.0,0.0,0.0,2039,26,0.0,0.0,0.0,0.0,2037.0,0.0
0,430300,KELP,2036.0,8.0,2035.0,26.0,0.0,0.0,2039,26,0.0,0.0,0.0,0.0,2037.5,0.0
0,430400,KELP,2036.0,2.0,2035.0,26.0,0.0,0.0,2039,28,0.0,0.0,0.0,0.0,2037.5,0.0
0,430500,KELP,2036.0,30.0,0.0,0.0,0.0,0.0,2039,30,0.0,0.0,0.0,0.0,2037.5,0.0
0,430600,KELP,2036.0,21.0,0.0,0.0,0.0,0.0,2040,21,0.0,0.0,0.0,0.0,2038.0,0.0
0,430700,KELP,2036.0,32.0,0.0,0.0,0.0,0.0,2039,25,0.0,0.0,0.0,0.0,2037.5,0.0
0,430800,KELP,2036.0,31.0,0.0,0.0,0.0,0.0,2039,31,0.0,0.0,0.0,0.0,2037.5,0.0
0,430900,KELP,2036.0,24.0,0.0,0.0,0.0,0.0,2039,24,0.0,0.0,0.0,0.0,2037.5,0.0
0,431000,KELP,2036.0,32.0,0.0,0.0,0.0,0.0,2039,32,0.0,0.0,0.0,0.0,2037.5,0.0
0,431100,KELP,2036.0,26.0,0.0,0.0,0.0,0.0,2039,25,0.0,0.0,0.0,0.0,2037.5,0.0
0,431200,KELP,2038.0,1.0,2036.0,22.0,0.0,0.0,2039,22,0.0,0.0,0.0,0.0,2038.5,0.0
0,431300,KELP,2036.0,28.0,0.0,0.0,0.0,0.0,2039,25,0.0,0.0,0.0,0.0,2037.5,0.0
0,431400,KELP,2038.0,1.0,2036.0,33.0,0.0,0.0,2039,31,0.0,0.0,0.0,0.0,2038.5,0.0
0,431500,KELP,2038.0,9.0,2036.0,28.0,0.0,0.0,2039,28,0.0,0.0,0.0,0.0,2038.5,0.0
0,431600,KELP,2036.0,22.0,0.0,0.0,0.0,0.0,2039,22,0.0,0.0,0.0,0.0,2037.5,0.0
0,431700,KELP,2036.0,22.0,0.0,0.0,0.0,0.0,2038,2,2039.0,22.0,0.0,0.0,2037.0,0.0
0,431800,KELP,2036.0,22.0,0.0,0.0,0.0,0.0,2039,22,0.0,0.0,0.0,0.0,2037.5,0.0
0,431900,KELP,2036.0,29.0,0.0,0.0,0.0,0.0,2039,29,0.0,0.0,0.0,0.0,2037.5,0.0
0,432000,KELP,2036.0,31.0,0.0,0.0,0.0,0.0,2039,31,0.0,0.0,0.0,0.0,2037.5,0.0
0,432100,KELP,2038.0,1.0,2036.0,26.0,0.0,0.0,2039,26,0.0,0.0,0.0,0.0,2038.5,0.0
0,432200,KELP,2036.0,22.0,0.0,0.0,0.0,0.0,2038,8,2040.0,22.0,0.0,0.0,2037.0,0.0
0,432300,KELP,2036.0,28.0,0.0,0.0,0.0,0.0,2038,4,2039.0,28.0,0.0,0.0,2037.0,0.0
0,432400,KELP,2036.0,22.0,0.0,0.0,0.0,0.0,2038,7,2039.0,22.0,0.0,0.0,2037.0,0.0
0,432500,KELP,2036.0,30.0,0.0,0.0,0.0,0.0,2039,30,0.0,0.0,0.0,0.0,2037.5,0.0
0,432600,KELP,2036.0,27.0,0.0,0.0,0.0,0.0,2039,27,0.0,0.0,0.0,0.0,2037.5,0.0
0,432700,KELP,2036.0,23.0,0.0,0.0,0.0,0.0,2039,1,2040.0,22.0,0.0,0.0,2037.5,0.0
0,432800,KELP,2037.0,8.0,2036.0,30.0,0.0,0.0,2040,30,0.0,0.0,0.0,0.0,2038.5,0.0
0,432900,KELP,2036.0,24.0,0.0,0.0,0.0,0.0,2038,1,2039.0,24.0,0.0,0.0,2037.0,0.0
0,433000,KELP,2038.0,1.0,2036.0,34.0,0.0,0.0,2039,26,0.0,0.0,0.0,0.0,2038.5,0.0
0,433100,KELP,2038.0,1.0,2036.0,27.0,0.0,0.0,2039,27,0.0,0.0,0.0,0.0,2038.5,0.0
0,433200,KELP,2036.0,25.0,0.0,0.0,0.0,0.0,2039,25,0.0,0.0,0.0,0.0,2037.5,0.0
0,433300,KELP,2036.0,32.0,0.0,0.0,0.0,0.0,2039,32,0.0,0.0,0.0,0.0,2037.5,0.0
0,433400,KELP,2036.0,27.0,0.0,0.0,0.0,0.0,2038,3,2039.0,27.0,0.0,0.0,2037.0,0.0
0,433500,KELP,2036.0,26.0,0.0,0.0,0.0,0.0,2039,26,0.0,0.0,0.0,0.0,2037.5,0.0
0,433600,KELP,2036.0,1.0,2035.0,26.0,0.0,0.0,2039,27,0.0,0.0,0.0,0.0,2037.5,0.0
0,433700,KELP,2035.0,21.0,0.0,0.0,0.0,0.0,2039,21,0.0,0.0,0.0,0.0,2037.0,0.0
0,433800,KELP,2035.0,22.0,0.0,0.0,0.0,0.0,2039,22,0.0,0.0,0.0,0.0,2037.0,0.0
0,433900,KELP,2035.0,26.0,0.0,0.0,0.0,0.0,2037,8,2039.0,26.0,0.0,0.0,2036.0,0.0
0,434000,KELP,2036.0,8.0,2035.0,23.0,0.0,0.0,2039,23,0.0,0.0,0.0,0.0,2037.5,0.0
0,434100,KELP,2035.0,29.0,0.0,0.0,0.0,0.0,2039,29,0.0,0.0,0.0,0.0,2037.0,0.0
0,434200,KELP,2035.0,27.0,0.0,0.0,0.0,0.0,2039,27,0.0,0.0,0.0,0.0,2037.0,0.0
0,434300,KELP,2036.0,5.0,2035.0,30.0,0.0,0.0,2038,30,0.0,0.0,0.0,0.0,2037.0,0.0
0,434400,KELP,2035.0,24.0,0.0,0.0,0.0,0.0,2038,24,0.0,0.0,0.0,0.0,2036.5,0.0
0,434500,KELP,2035.0,28.0,0.0,0.0,0.0,0.0,2037,1,2038.0,29.0,0.0,0.0,2036.0,0.0
0,434600,KELP,2035.0,26.0,0.0,0.0,0.0,0.0,2037,7,2038.0,26.0,0.0,0.0,2036.0,0.0
0,434700,KELP,2037.0,1.0,2035.0,25.0,0.0,0.0,2038,25,0.0,0.0,0.0,0.0,2037.5,0.0
0,434800,KELP,2035.0,23.0,0.0,0.0,0.0,0.0,2037,3,2038.0,23.0,0.0,0.0,2036.0,0.0
0,434900,KELP,2035.0,32.0,0.0,0.0,0.0,0.0,2038,32,0.0,0.0,0.0,0.0,2036.5,0.0
0,435000,KELP,2035.0,28.0,0.0,0.0,0.0,0.0,2038,28,0.0,0.0,0.0,0.0,2036.5,0.0
0,435100,KELP,2035.0,29.0,0.0,0.0,0.0,0.0,2038,29,0.0,0.0,0.0,0.0,2036.5,0.0
0,435200,KELP,2037.0,1.0,2035.0,23.0,0.0,0.0,2038,23,0.0,0.0,0.0,0.0,2037.5,0.0
0,435300,KELP,2035.0,26.0,0.0,0.0,0.0,0.0,2038,26,0.0,0.0,0.0,0.0,2036.5,0.0
0,435400,KELP,2035.0,25.0,0.0,0.0,0.0,0.0,2038,25,0.0,0.0,0.0,0.0,2036.5,0.0
0,435500,KELP,2037.0,8.0,2035.0,30.0,0.0,0.0,2038,27,0.0,0.0,0.0,0.0,2037.5,0.0
0,435600,KELP,2035.0,27.0,0.0,0.0,0.0,0.0,2039,28,0.0,0.0,0.0,0.0,2037.0,0.0
0,435700,KELP,2036.0,5.0,2035.0,22.0,0.0,0.0,2039,22,0.0,0.0,0.0,0.0,2037.5,0.0
0,435800,KELP,2035.0,20.0,0.0,0.0,0.0,0.0,2039,20,0.0,0.0,0.0,0.0,2037.0,0.0
0,435900,KELP,2035.0,22.0,0.0,0.0,0.0,0.0,2039,22,0.0,0.0,0.0,0.0,2037.0,0.0
0,436000,KELP,2035.0,27.0,0.0,0.0,0.0,0.0,2039,27,0.0,0.0,0.0,0.0,2037.0,0.0
0,436100,KELP,2038.0,1.0,2035.0,30.0,0.0,0.0,2039,30,0.0,0.0,0.0,0.0,2038.5,0.0
0,436200,KELP,2036.0,28.0,0.0,0.0,0.0,0.0,2039,28,0.0,0.0,0.0,0.0,2037.5,0.0
0,436300,KELP,2038.0,3.0,2036.0,31.0,0.0,0.0,2039,31,0.0,0.0,0.0,0.0,2038.5,0.0
0,436400,KELP,2036.0,32.0,0.0,0.0,0.0,0.0,2038,2,2039.0,32.0,0.0,0.0,2037.0,0.0
0,436500,KELP,2036.0,28.0,0.0,0.0,0.0,0.0,2039,28,0.0,0.0,0.0,0.0,2037.5,0.0
0,436600,KELP,2036.0,33.0,0.0,0.0,0.0,0.0,2039,27,0.0,0.0,0.0,0.0,2037.5,0.0
0,436700,KELP,2036.0,25.0,0.0,0.0,0.0,0.0,2039,25,0.0,0.0,0.0,0.0,2037.5,0.0
0,436800,KELP,2036.0,23.0,0.0,0.0,0.0,0.0,2039,23,0.0,0.0,0.0,0.0,2037.5,0.0
0,436900,KELP,2036.0,21.0,0.0,0.0,0.0,0.0,2038,6,2039.0,21.0,0.0,0.0,2037.0,0.0
0,437000,KELP,2036.0,21.0,0.0,0.0,0.0,0.0,2039,21,0.0,0.0,0.0,0.0,2037.5,0.0
0,437100,KELP,2036.0,29.0,0.0,0.0,0.0,0.0,2039,29,0.0,0.0,0.0,0.0,2037.5,0.0
0,437200,KELP,2036.0,23.0,0.0,0.0,0.0,0.0,2039,23,0.0,0.0,0.0,0.0,2037.5,0.0
0,437300,KELP,2038.0,1.0,2036.0,27.0,0.0,0.0,2039,1,2040.0,26.0,0.0,0.0,2038.5,0.0
0,437400,KELP,2036.0,31.0,0.0,0.0,0.0,0.0,2039,27,0.0,0.0,0.0,0.0,2037.5,0.0
0,437500,KELP,2036.0,24.0,0.0,0.0,0.0,0.0,2040,24,0.0,0.0,0.0,0.0,2038.0,0.0
0,437600,KELP,2036.0,27.0,0.0,0.0,0.0,0.0,2039,2,2040.0,25.0,0.0,0.0,2037.5,0.0
0,437700,KELP,2038.0,4.0,2036.0,27.0,0.0,0.0,2039,1,2040.0,26.0,0.0,0.0,2038.5,0.0
0,437800,KELP,2036.0,22.0,0.0,0.0,0.0,0.0,2037,5,2039.0,22.0,0.0,0.0,2036.5,0.0
0,437900,KELP,2038.0,1.0,2036.0,28.0,0.0,0.0,2039,28,0.0,0.0,0.0,0.0,2038.5,0.0
0,438000,KELP,2036.0,21.0,0.0,0.0,0.0,0.0,2039,22,0.0,0.0,0.0,0.0,2037.5,0.0
0,438100,KELP,2036.0,27.0,0.0,0.0,0.0,0.0,2039,27,0.0,0.0,0.0,0.0,2037.5,0.0
0,438200,KELP,2036.0,22.0,0.0,0.0,0.0,0.0,2039,22,0.0,0.0,0.0,0.0,2037.5,0.0
0,438300,KELP,2036.0,31.0,0.0,0.0,0.0,0.0,2039,31,0.0,0.0,0.0,0.0,2037.5,0.0
0,438400,KELP,2038.0,1.0,2036.0,28.0,0.0,0.0,2039,28,0.0,0.0,0.0,0.0,2038.5,0.0
0,438500,KELP,2036.0,31.0,0.0,0.0,0.0,0.0,2039,31,0.0,0.0,0.0,0.0,2037.5,0.0
0,438600,KELP,2036.0,25.0,0.0,0.0,0.0,0.0,2039,24,0.0,0.0,0.0,0.0,2037.5,0.0
0,438700,KELP,2036.0,21.0,0.0,0.0,0.0,0.0,2039,22,0.0,0.0,0.0,0.0,2037.5,0.0
0,438800,KELP,2036.0,27.0,0.0,0.0,0.0,0.0,2038,7,2039.0,28.0,0.0,0.0,2037.0,0.0
0,438900,KELP,2036.0,29.0,0.0,0.0,0.0,0.0,2038,4,2039.0,29.0,0.0,0.0,2037.0,0.0
0,439000,KELP,2036.0,25.0,0.0,0.0,0.0,0.0,2039,26,0.0,0.0,0.0,0.0,2037.5,0.0
0,439100,KELP,2036.0,26.0,0.0,0.0,0.0,0.0,2039,27,0.0,0.0,0.0,0.0,2037.5,0.0
0,439200,KELP,2036.0,31.0,0.0,0.0,0.0,0.0,2039,26,0.0,0.0,0.0,0.0,2037.5,0.0
0,439300,KELP,2036.0,21.0,0.0,0.0,0.0,0.0,2038,7,2039.0,21.0,0.0,0.0,2037.0,0.0
0,439400,KELP,2036.0,26.0,0.0,0.0,0.0,0.0,2039,26,0.0,0.0,0.0,0.0,2037.5,0.0
0,439500,KELP,2036.0,30.0,0.0,0.0,0.0,0.0,2039,30,0.0,0.0,0.0,0.0,2037.5,0.0
0,439600,KELP,2036.0,27.0,0.0,0.0,0.0,0.0,2038,2,2039.0,27.0,0.0,0.0,2037.0,0.0
0,439700,KELP,2036.0,30.0,0.0,0.0,0.0,0.0,2039,30,0.0,0.0,0.0,0.0,2037.5,0.0
0,439800,KELP,2036.0,27.0,0.0,0.0,0.0,0.0,2039,28,0.0,0.0,0.0,0.0,2037.5,0.0
0,439900,KELP,2036.0,22.0,0.0,0.0,0.0,0.0,2039,1,2040.0,21.0,0.0,0.0,2037.5,0.0
0,440000,KELP,2038.0,1.0,2036.0,23.0,0.0,0.0,2040,23,0.0,0.0,0.0,0.0,2039.0,0.0
0,440100,KELP,2036.0,26.0,0.0,0.0,0.0,0.0,2040,26,0.0,0.0,0.0,0.0,2038.0,0.0
0,440200,KELP,2036.0,23.0,0.0,0.0,0.0,0.0,2040,23,0.0,0.0,0.0,0.0,2038.0,0.0
0,440300,KELP,2036.0,23.0,0.0,0.0,0.0,0.0,2040,23,0.0,0.0,0.0,0.0,2038.0,0.0
0,440400,KELP,2037.0,24.0,0.0,0.0,0.0,0.0,2040,24,0.0,0.0,0.0,0.0,2038.5,0.0
0,440500,KELP,2037.0,26.0,0.0,0.0,0.0,0.0,2040,26,0.0,0.0,0.0,0.0,2038.5,0.0
0,440600,KELP,2037.0,2.0,2036.0,20.0,0.0,0.0,2040,22,0.0,0.0,0.0,0.0,2038.5,0.0
0,440700,KELP,2036.0,29.0,0.0,0.0,0.0,0.0,2040,29,0.0,0.0,0.0,0.0,2038.0,0.0
0,440800,KELP,2036.0,21.0,0.0,0.0,0.0,0.0,2038,7,2040.0,21.0,0.0,0.0,2037.0,0.0
0,440900,KELP,2036.0,31.0,0.0,0.0,0.0,0.0,2040,31,0.0,0.0,0.0,0.0,2038.0,0.0
0,441000,KELP,2036.0,28.0,0.0,0.0,0.0,0.0,2039,1,2040.0,27.0,0.0,0.0,2037.5,0.0
0,441100,KELP,2037.0,24.0,0.0,0.0,0.0,0.0,2040,24,0.0,0.0,0.0,0.0,2038.5,0.0
0,441200,KELP,2036.0,26.0,0.0,0.0,0.0,0.0,2037,1,2040.0,26.0,0.0,0.0,2036.5,0.0
0,441300,KELP,2036.0,26.0,0.0,0.0,0.0,0.0,2040,26,0.0,0.0,0.0,0.0,2038.0,0.0
0,441400,KELP,2036.0,21.0,0.0,0.0,0.0,0.0,2038,2,2039.0,1.0,2040.0,20.0,2037.0,0.0
0,441500,KELP,2038.0,8.0,2036.0,26.0,0.0,0.0,2040,26,0.0,0.0,0.0,0.0,2039.0,0.0
0,441600,KELP,2037.0,3.0,2036.0,26.0,0.0,0.0,2039,1,2040.0,25.0,0.0,0.0,2038.0,0.0
0,441700,KELP,2038.0,1.0,2036.0,27.0,0.0,0.0,2040,24,0.0,0.0,0.0,0.0,2039.0,0.0
0,441800,KELP,2036.0,28.0,0.0,0.0,0.0,0.0,2039,28,0.0,0.0,0.0,0.0,2037.5,0.0
0,441900,KELP,2036.0,20.0,0.0,0.0,0.0,0.0,2039,20,0.0,0.0,0.0,0.0,2037.5,0.0
0,442000,KELP,2036.0,22.0,0.0,0.0,0.0,0.0,2039,22,0.0,0.0,0.0,0.0,2037.5,0.0
0,442100,KELP,2037.0,4.0,2035.0,27.0,0.0,0.0,2039,27,0.0,0.0,0.0,0.0,2038.0,0.0
0,442200,KELP,2036.0,28.0,0.0,0.0,0.0,0.0,2039,1,2040.0,27.0,0.0,0.0,2037.5,0.0
0,442300,KELP,2036.0,23.0,0.0,0.0,0.0,0.0,2040,23,0.0,0.0,0.0,0.0,2038.0,0.0
0,442400,KELP,2039.0,1.0,2036.0,26.0,0.0,0.0,2040,26,0.0,0.0,0.0,0.0,2039.5,0.0
0,442500,KELP,2037.0,1.0,2036.0,30.0,0.0,0.0,2040,31,0.0,0.0,0.0,0.0,2038.5,0.0
0,442600,KELP,2036.0,21.0,0.0,0.0,0.0,0.0,2040,21,0.0,0.0,0.0,0.0,2038.0,0.0
0,442700,KELP,2036.0,28.0,0.0,0.0,0.0,0.0,2038,1,2040.0,28.0,0.0,0.0,2037.0,0.0
0,442800,KELP,2036.0,25.0,0.0,0.0,0.0,0.0,2040,25,0.0,0.0,0.0,0.0,2038.0,0.0
0,442900,KELP,2036.0,22.0,0.0,0.0,0.0,0.0,2040,22,0.0,0.0,0.0,0.0,2038.0,0.0
0,443000,KELP,2036.0,26.0,0.0,0.0,0.0,0.0,2040,26,0.0,0.0,0.0,0.0,2038.0,0.0
0,443100,KELP,2036.0,23.0,0.0,0.0,0.0,0.0,2040,23,0.0,0.0,0.0,0.0,2038.0,0.0
0,443200,KELP,2036.0,22.0,0.0,0.0,0.0,0.0,2038,6,2040.0,22.0,0.0,0.0,2037.0,0.0
0,443300,KELP,2036.0,20.0,0.0,0.0,0.0,0.0,2038,3,2040.0,21.0,0.0,0.0,2037.0,0.0
0,443400,KELP,2036.0,26.0,0.0,0.0,0.0,0.0,2040,26,0.0,0.0,0.0,0.0,2038.0,0.0
0,443500,KELP,2036.0,26.0,0.0,0.0,0.0,0.0,2040,26,0.0,0.0,0.0,0.0,2038.0,0.0
0,443600,KELP,2036.0,25.0,0.0,0.0,0.0,0.0,2040,25,0.0,0.0,0.0,0.0,2038.0,0.0
0,443700,KELP,2036.0,30.0,0.0,0.0,0.0,0.0,2039,1,2040.0,29.0,0.0,0.0,2037.5,0.0
0,443800,KELP,2036.0,21.0,0.0,0.0,0.0,0.0,2039,1,2040.0,20.0,0.0,0.0,2037.5,0.0
0,443900,KELP,2036.0,31.0,0.0,0.0,0.0,0.0,2040,31,0.0,0.0,0.0,0.0,2038.0,0.0
0,444000,KELP,2036.0,28.0,0.0,0.0,0.0,0.0,2038,5,2039.0,1.0,2040.0,27.0,2037.0,0.0
0,444100,KELP,2036.0,28.0,0.0,0.0,0.0,0.0,2038,1,2039.0,28.0,0.0,0.0,2037.0,0.0
0,444200,KELP,2037.0,27.0,0.0,0.0,0.0,0.0,2039,2,2040.0,27.0,0.0,0.0,2038.0,0.0
0,444300,KELP,2036.0,26.0,0.0,0.0,0.0,0.0,2039,2,2040.0,23.0,0.0,0.0,2037.5,0.0
0,444400,KELP,2036.0,20.0,0.0,0.0,0.0,0.0,2040,20,0.0,0.0,0.0,0.0,2038.0,0.0
0,444500,KELP,2037.0,5.0,2036.0,31.0,0.0,0.0,2040,31,0.0,0.0,0.0,0.0,2038.5,0.0
0,444600,KELP,2036.0,23.0,0.0,0.0,0.0,0.0,2039,2,2040.0,21.0,0.0,0.0,2037.5,0.0
0,444700,KELP,2036.0,31.0,0.0,0.0,0.0,0.0,2039,29,0.0,0.0,0.0,0.0,2037.5,0.0
0,444800,KELP,2037.0,3.0,2036.0,22.0,0.0,0.0,2039,1,2040.0,21.0,0.0,0.0,2038.0,0.0
0,444900,KELP,2036.0,34.0,0.0,0.0,0.0,0.0,2039,26,0.0,0.0,0.0,0.0,2037.5,0.0
0,445000,KELP,2036.0,29.0,0.0,0.0,0.0,0.0,2039,29,0.0,0.0,0.0,0.0,2037.5,0.0
0,445100,KELP,2038.0,1.0,2036.0,27.0,0.0,0.0,2039,27,0.0,0.0,0.0,0.0,2038.5,0.0
0,445200,KELP,2038.0,1.0,2036.0,24.0,0.0,0.0,2039,24,0.0,0.0,0.0,0.0,2038.5,0.0
0,445300,KELP,2036.0,24.0,0.0,0.0,0.0,0.0,2039,24,0.0,0.0,0.0,0.0,2037.5,0.0
0,445400,KELP,2038.0,3.0,2036.0,32.0,0.0,0.0,2039,32,0.0,0.0,0.0,0.0,2038.5,0.0
0,445500,KELP,2036.0,29.0,0.0,0.0,0.0,0.0,2039,29,0.0,0.0,0.0,0.0,2037.5,0.0
0,445600,KELP,2036.0,30.0,0.0,0.0,0.0,0.0,2039,30,0.0,0.0,0.0,0.0,2037.5,0.0
0,445700,KELP,2036.0,24.0,0.0,0.0,0.0,0.0,2037,5,2039.0,27.0,0.0,0.0,2036.5,0.0
0,445800,KELP,2036.0,30.0,0.0,0.0,0.0,0.0,2039,28,0.0,0.0,0.0,0.0,2037.5,0.0
0,445900,KELP,2036.0,24.0,0.0,0.0,0.0,0.0,2039,24,0.0,0.0,0.0,0.0,2037.5,0.0
0,446000,KELP,2036.0,28.0,0.0,0.0,0.0,0.0,2038,8,2039.0,28.0,0.0,0.0,2037.0,0.0
0,446100,KELP,2036.0,22.0,0.0,0.0,0.0,0.0,2039,23,0.0,0.0,0.0,0.0,2037.5,0.0
0,446200,KELP,2036.0,24.0,0.0,0.0,0.0,0.0,2039,24,0.0,0.0,0.0,0.0,2037.5,0.0
0,446300,KELP,2036.0,30.0,0.0,0.0,0.0,0.0,2039,30,0.0,0.0,0.0,0.0,2037.5,0.0
0,446400,KELP,2036.0,2.0,2035.0,29.0,0.0,0.0,2039,31,0.0,0.0,0.0,0.0,2037.5,0.0
0,446500,KELP,2036.0,29.0,0.0,0.0,0.0,0.0,2039,29,0.0,0.0,0.0,0.0,2037.5,0.0
0,446600,KELP,2036.0,1.0,2035.0,21.0,0.0,0.0,2037,4,2039.0,22.0,0.0,0.0,2036.5,0.0
0,446700,KELP,2036.0,1.0,2035.0,20.0,0.0,0.0,2039,21,0.0,0.0,0.0,0.0,2037.5,0.0
0,446800,KELP,2035.0,22.0,0.0,0.0,0.0,0.0,2037,3,2039.0,22.0,0.0,0.0,2036.0,0.0
0,446900,KELP,2035.0,30.0,0.0,0.0,0.0,0.0,2039,30,0.0,0.0,0.0,0.0,2037.0,0.0
0,447000,KELP,2035.0,30.0,0.0,0.0,0.0,0.0,2039,30,0.0,0.0,0.0,0.0,2037.0,0.0
0,447100,KELP,2038.0,1.0,2036.0,22.0,0.0,0.0,2039,22,0.0,0.0,0.0,0.0,2038.5,0.0
0,447200,KELP,2037.0,11.0,2035.0,22.0,0.0,0.0,2039,22,0.0,0.0,0.0,0.0,2038.0,0.0
0,447300,KELP,2036.0,34.0,0.0,0.0,0.0,0.0,2039,26,0.0,0.0,0.0,0.0,2037.5,0.0
0,447400,KELP,2036.0,27.0,0.0,0.0,0.0,0.0,2039,27,0.0,0.0,0.0,0.0,2037.5,0.0
0,447500,KELP,2036.0,29.0,0.0,0.0,0.0,0.0,2038,8,2039.0,2.0,2040.0,27.0,2037.0,0.0
0,447600,KELP,2036.0,22.0,0.0,0.0,0.0,0.0,2039,2,2040.0,20.0,0.0,0.0,2037.5,0.0
0,447700,KELP,2036.0,25.0,0.0,0.0,0.0,0.0,2038,5,2040.0,25.0,0.0,0.0,2037.0,0.0
0,447800,KELP,2036.0,23.0,0.0,0.0,0.0,0.0,2039,1,2040.0,23.0,0.0,0.0,2037.5,0.0
0,447900,KELP,2038.0,1.0,2036.0,23.0,0.0,0.0,2039,23,0.0,0.0,0.0,0.0,2038.5,0.0
0,448000,KELP,2037.0,5.0,2036.0,26.0,0.0,0.0,2039,1,2040.0,25.0,0.0,0.0,2038.0,0.0
0,448100,KELP,2036.0,29.0,0.0,0.0,0.0,0.0,2040,29,0.0,0.0,0.0,0.0,2038.0,0.0
0,448200,KELP,2036.0,28.0,0.0,0.0,0.0,0.0,2039,2,2040.0,26.0,0.0,0.0,2037.5,0.0
0,448300,KELP,2037.0,4.0,2036.0,29.0,0.0,0.0,2040,29,0.0,0.0,0.0,0.0,2038.5,0.0
0,448400,KELP,2036.0,23.0,0.0,0.0,0.0,0.0,2039,2,2040.0,21.0,0.0,0.0,2037.5,0.0
0,448500,KELP,2036.0,27.0,0.0,0.0,0.0,0.0,2040,27,0.0,0.0,0.0,0.0,2038.0,0.0
0,448600,KELP,2036.0,27.0,0.0,0.0,0.0,0.0,2039,1,2040.0,26.0,0.0,0.0,2037.5,0.0
0,448700,KELP,2036.0,21.0,0.0,0.0,0.0,0.0,2039,22,0.0,0.0,0.0,0.0,2037.5,0.0
0,448800,KELP,2036.0,24.0,0.0,0.0,0.0,0.0,2040,25,0.0,0.0,0.0,0.0,2038.0,0.0
0,448900,KELP,2036.0,23.0,0.0,0.0,0.0,0.0,2038,1,2039.0,23.0,0.0,0.0,2037.0,0.0
0,449000,KELP,2036.0,25.0,0.0,0.0,0.0,0.0,2039,23,0.0,0.0,0.0,0.0,2037.5,0.0
0,449100,KELP,2036.0,25.0,0.0,0.0,0.0,0.0,2038,7,2039.0,25.0,0.0,0.0,2037.0,0.0
0,449200,KELP,2036.0,26.0,0.0,0.0,0.0,0.0,2039,26,0.0,0.0,0.0,0.0,2037.5,0.0
0,449300,KELP,2036.0,31.0,0.0,0.0,0.0,0.0,2039,31,0.0,0.0,0.0,0.0,2037.5,0.0
0,449400,KELP,2036.0,28.0,0.0,0.0,0.0,0.0,2038,6,2039.0,28.0,0.0,0.0,2037.0,0.0
0,449500,KELP,2036.0,23.0,0.0,0.0,0.0,0.0,2039,23,0.0,0.0,0.0,0.0,2037.5,0.0
0,449600,KELP,2036.0,28.0,0.0,0.0,0.0,0.0,2039,28,0.0,0.0,0.0,0.0,2037.5,0.0
0,449700,KELP,2038.0,1.0,2036.0,22.0,0.0,0.0,2039,22,0.0,0.0,0.0,0.0,2038.5,0.0
0,449800,KELP,2036.0,24.0,0.0,0.0,0.0,0.0,2039,24,0.0,0.0,0.0,0.0,2037.5,0.0
0,449900,KELP,2036.0,30.0,0.0,0.0,0.0,0.0,2038,2,2039.0,30.0,0.0,0.0,2037.0,0.0
0,450000,KELP,2037.0,6.0,2036.0,24.0,0.0,0.0,2039,24,0.0,0.0,0.0,0.0,2038.0,0.0
0,450100,KELP,2036.0,27.0,0.0,0.0,0.0,0.0,2038,2,2039.0,27.0,0.0,0.0,2037.0,0.0
0,450200,KELP,2036.0,1.0,2035.0,20.0,0.0,0.0,2039,21,0.0,0.0,0.0,0.0,2037.5,0.0
0,450300,KELP,2038.0,1.0,2036.0,1.0,2035.0,28.0,2039,29,0.0,0.0,0.0,0.0,2038.5,0.0
0,450400,KELP,2036.0,2.0,2035.0,25.0,0.0,0.0,2037,8,2039.0,27.0,0.0,0.0,2036.5,0.0
0,450500,KELP,2036.0,28.0,0.0,0.0,0.0,0.0,2038,8,2039.0,28.0,0.0,0.0,2037.0,0.0
0,450600,KELP,2036.0,28.0,0.0,0.0,0.0,0.0,2039,28,0.0,0.0,0.0,0.0,2037.5,0.0
0,450700,KELP,2037.0,4.0,2036.0,28.0,0.0,0.0,2039,28,0.0,0.0,0.0,0.0,2038.0,0.0
0,450800,KELP,2036.0,24.0,0.0,0.0,0.0,0.0,2039,24,0.0,0.0,0.0,0.0,2037.5,0.0
0,450900,KELP,2036.0,1.0,2035.0,29.0,0.0,0.0,2038,6,2039.0,30.0,0.0,0.0,2037.0,0.0
0,451000,KELP,2036.0,21.0,0.0,0.0,0.0,0.0,2039,21,0.0,0.0,0.0,0.0,2037.5,0.0
0,451100,KELP,2036.0,24.0,0.0,0.0,0.0,0.0,2039,24,0.0,0.0,0.0,0.0,2037.5,0.0
0,451200,KELP,2036.0,27.0,0.0,0.0,0.0,0.0,2038,2,2039.0,27.0,0.0,0.0,2037.0,0.0
0,451300,KELP,2036.0,23.0,0.0,0.0,0.0,0.0,2038,4,2039.0,24.0,0.0,0.0,2037.0,0.0
0,451400,KELP,2036.0,24.0,0.0,0.0,0.0,0.0,2039,28,0.0,0.0,0.0,0.0,2037.5,0.0
0,451500,KELP,2036.0,31.0,0.0,0.0,0.0,0.0,2039,29,0.0,0.0,0.0,0.0,2037.5,0.0
0,451600,KELP,2037.0,2.0,2036.0,1.0,2035.0,21.0,2038,5,2039.0,22.0,0.0,0.0,2037.5,0.0
0,451700,KELP,2036.0,1.0,2035.0,23.0,0.0,0.0,2038,8,2039.0,24.0,0.0,0.0,2037.0,0.0
0,451800,KELP,2036.0,2.0,2035.0,29.0,0.0,0.0,2039,31,0.0,0.0,0.0,0.0,2037.5,0.0
0,451900,KELP,2036.0,1.0,2035.0,28.0,0.0,0.0,2039,29,0.0,0.0,0.0,0.0,2037.5,0.0
0,452000,KELP,2036.0,1.0,2035.0,21.0,0.0,0.0,2039,22,0.0,0.0,0.0,0.0,2037.5,0.0
0,452100,KELP,2035.0,25.0,0.0,0.0,0.0,0.0,2039,25,0.0,0.0,0.0,0.0,2037.0,0.0
0,452200,KELP,2036.0,32.0,0.0,0.0,0.0,0.0,2039,27,0.0,0.0,0.0,0.0,2037.5,0.0
0,452300,KELP,2036.0,25.0,0.0,0.0,0.0,0.0,2038,8,2039.0,30.0,0.0,0.0,2037.0,0.0
0,452400,KELP,2036.0,4.0,2035.0,25.0,0.0,0.0,2039,25,0.0,0.0,0.0,0.0,2037.5,0.0
0,452500,KELP,2036.0,20.0,0.0,0.0,0.0,0.0,2037,4,2039.0,20.0,0.0,0.0,2036.5,0.0
0,452600,KELP,2036.0,23.0,0.0,0.0,0.0,0.0,2039,23,0.0,0.0,0.0,0.0,2037.5,0.0
0,452700,KELP,2036.0,27.0,0.0,0.0,0.0,0.0,2039,27,0.0,0.0,0.0,0.0,2037.5,0.0
0,452800,KELP,2036.0,23.0,0.0,0.0,0.0,0.0,2039,23,0.0,0.0,0.0,0.0,2037.5,0.0
0,452900,KELP,2036.0,31.0,0.0,0.0,0.0,0.0,2039,24,0.0,0.0,0.0,0.0,2037.5,0.0
0,453000,KELP,2037.0,3.0,2036.0,24.0,0.0,0.0,2039,24,0.0,0.0,0.0,0.0,2038.0,0.0
0,453100,KELP,2036.0,25.0,0.0,0.0,0.0,0.0,2039,25,0.0,0.0,0.0,0.0,2037.5,0.0
0,453200,KELP,2036.0,37.0,0.0,0.0,0.0,0.0,2039,31,0.0,0.0,0.0,0.0,2037.5,0.0
0,453300,KELP,2036.0,34.0,0.0,0.0,0.0,0.0,2039,29,0.0,0.0,0.0,0.0,2037.5,0.0
0,453400,KELP,2036.0,24.0,0.0,0.0,0.0,0.0,2038,7,2039.0,24.0,0.0,0.0,2037.0,0.0
0,453500,KELP,2036.0,21.0,0.0,0.0,0.0,0.0,2039,21,0.0,0.0,0.0,0.0,2037.5,0.0
0,453600,KELP,2036.0,35.0,0.0,0.0,0.0,0.0,2039,30,0.0,0.0,0.0,0.0,2037.5,0.0
0,453700,KELP,2036.0,26.0,0.0,0.0,0.0,0.0,2038,6,2039.0,26.0,0.0,0.0,2037.0,0.0
0,453800,KELP,2036.0,30.0,0.0,0.0,0.0,0.0,2039,31,0.0,0.0,0.0,0.0,2037.5,0.0
0,453900,KELP,2036.0,25.0,0.0,0.0,0.0,0.0,2039,26,0.0,0.0,0.0,0.0,2037.5,0.0
0,454000,KELP,2036.0,22.0,0.0,0.0,0.0,0.0,2039,22,0.0,0.0,0.0,0.0,2037.5,0.0
0,454100,KELP,2036.0,24.0,0.0,0.0,0.0,0.0,2039,24,0.0,0.0,0.0,0.0,2037.5,0.0
0,454200,KELP,2036.0,29.0,0.0,0.0,0.0,0.0,2039,29,0.0,0.0,0.0,0.0,2037.5,0.0
0,454300,KELP,2036.0,26.0,0.0,0.0,0.0,0.0,2038,2,2039.0,26.0,0.0,0.0,2037.0,0.0
0,454400,KELP,2035.0,27.0,0.0,0.0,0.0,0.0,2039,27,0.0,0.0,0.0,0.0,2037.0,0.0
0,454500,KELP,2036.0,2.0,2035.0,23.0,0.0,0.0,2037,1,2039.0,25.0,0.0,0.0,2036.5,0.0
0,454600,KELP,2036.0,1.0,2035.0,30.0,0.0,0.0,2039,31,0.0,0.0,0.0,0.0,2037.5,0.0
0,454700,KELP,2036.0,27.0,0.0,0.0,0.0,0.0,2039,27,0.0,0.0,0.0,0.0,2037.5,0.0
0,454800,KELP,2036.0,30.0,0.0,0.0,0.0,0.0,2039,30,0.0,0.0,0.0,0.0,2037.5,0.0
0,454900,KELP,2038.0,1.0,2036.0,22.0,0.0,0.0,2039,22,0.0,0.0,0.0,0.0,2038.5,0.0
0,455000,KELP,2036.0,23.0,0.0,0.0,0.0,0.0,2039,27,0.0,0.0,0.0,0.0,2037.5,0.0
0,455100,KELP,2036.0,28.0,0.0,0.0,0.0,0.0,2038,3,2039.0,28.0,0.0,0.0,2037.0,0.0
0,455200,KELP,2036.0,25.0,0.0,0.0,0.0,0.0,2038,2,2039.0,25.0,0.0,0.0,2037.0,0.0
0,455300,KELP,2036.0,21.0,0.0,0.0,0.0,0.0,2039,21,0.0,0.0,0.0,0.0,2037.5,0.0
0,455400,KELP,2038.0,4.0,2036.0,23.0,0.0,0.0,2039,23,0.0,0.0,0.0,0.0,2038.5,0.0
0,455500,KELP,2038.0,1.0,2036.0,27.0,0.0,0.0,2039,27,0.0,0.0,0.0,0.0,2038.5,0.0
0,455600,KELP,2036.0,25.0,0.0,0.0,0.0,0.0,2039,25,0.0,0.0,0.0,0.0,2037.5,0.0
0,455700,KELP,2036.0,29.0,0.0,0.0,0.0,0.0,2039,1,2040.0,25.0,0.0,0.0,2037.5,0.0
0,455800,KELP,2036.0,28.0,0.0,0.0,0.0,0.0,2039,28,0.0,0.0,0.0,0.0,2037.5,0.0
0,455900,KELP,2036.0,29.0,0.0,0.0,0.0,0.0,2039,1,2040.0,28.0,0.0,0.0,2037.5,0.0
0,456000,KELP,2036.0,29.0,0.0,0.0,0.0,0.0,2040,29,0.0,0.0,0.0,0.0,2038.0,0.0
0,456100,KELP,2036.0,22.0,0.0,0.0,0.0,0.0,2038,7,2040.0,22.0,0.0,0.0,2037.0,0.0
0,456200,KELP,2037.0,24.0,0.0,0.0,0.0,0.0,2040,24,0.0,0.0,0.0,0.0,2038.5,0.0
0,456300,KELP,2037.0,22.0,0.0,0.0,0.0,0.0,2040,22,0.0,0.0,0.0,0.0,2038.5,0.0
0,456400,KELP,2037.0,25.0,0.0,0.0,0.0,0.0,2040,23,0.0,0.0,0.0,0.0,2038.5,0.0
0,456500,KELP,2037.0,21.0,0.0,0.0,0.0,0.0,2039,4,2040.0,21.0,0.0,0.0,2038.0,0.0
0,456600,KELP,2036.0,30.0,0.0,0.0,0.0,0.0,2037,2,2040.0,32.0,0.0,0.0,2036.5,0.0
0,456700,KELP,2036.0,30.0,0.0,0.0,0.0,0.0,2038,4,2040.0,30.0,0.0,0.0,2037.0,0.0
0,456800,KELP,2037.0,31.0,0.0,0.0,0.0,0.0,2040,31,0.0,0.0,0.0,0.0,2038.5,0.0
0,456900,KELP,2037.0,23.0,0.0,0.0,0.0,0.0,2040,23,0.0,0.0,0.0,0.0,2038.5,0.0
0,457000,KELP,2037.0,27.0,0.0,0.0,0.0,0.0,2040,27,0.0,0.0,0.0,0.0,2038.5,0.0
0,457100,KELP,2037.0,25.0,0.0,0.0,0.0,0.0,2040,25,0.0,0.0,0.0,0.0,2038.5,0.0
0,457200,KELP,2037.0,27.0,0.0,0.0,0.0,0.0,2040,27,0.0,0.0,0.0,0.0,2038.5,0.0
0,457300,KELP,2037.0,29.0,0.0,0.0,0.0,0.0,2040,29,0.0,0.0,0.0,0.0,2038.5,0.0
0,457400,KELP,2037.0,23.0,0.0,0.0,0.0,0.0,2038,4,2040.0,26.0,0.0,0.0,2037.5,0.0
0,457500,KELP,2037.0,20.0,0.0,0.0,0.0,0.0,2040,20,0.0,0.0,0.0,0.0,2038.5,0.0
0,457600,KELP,2037.0,22.0,0.0,0.0,0.0,0.0,2040,22,0.0,0.0,0.0,0.0,2038.5,0.0
0,457700,KELP,2037.0,26.0,0.0,0.0,0.0,0.0,2039,1,2040.0,26.0,0.0,0.0,2038.0,0.0
0,457800,KELP,2037.0,28.0,0.0,0.0,0.0,0.0,2040,28,0.0,0.0,0.0,0.0,2038.5,0.0
0,457900,KELP,2037.0,20.0,0.0,0.0,0.0,0.0,2040,21,0.0,0.0,0.0,0.0,2038.5,0.0
0,458000,KELP,2037.0,26.0,0.0,0.0,0.0,0.0,2040,31,0.0,0.0,0.0,0.0,2038.5,0.0
0,458100,KELP,2037.0,27.0,0.0,0.0,0.0,0.0,2040,27,0.0,0.0,0.0,0.0,2038.5,0.0
0,458200,KELP,2037.0,29.0,0.0,0.0,0.0,0.0,2040,29,0.0,0.0,0.0,0.0,2038.5,0.0
0,458300,KELP,2037.0,27.0,0.0,0.0,0.0,0.0,2040,29,0.0,0.0,0.0,0.0,2038.5,0.0
0,458400,KELP,2039.0,1.0,2037.0,1.0,2036.0,28.0,2040,29,0.0,0.0,0.0,0.0,2039.5,0.0
0,458500,KELP,2037.0,24.0,0.0,0.0,0.0,0.0,2040,24,0.0,0.0,0.0,0.0,2038.5,0.0
0,458600,KELP,2036.0,23.0,0.0,0.0,0.0,0.0,2040,23,0.0,0.0,0.0,0.0,2038.0,0.0
0,458700,KELP,2037.0,28.0,0.0,0.0,0.0,0.0,2040,28,0.0,0.0,0.0,0.0,2038.5,0.0
0,458800,KELP,2038.0,3.0,2036.0,32.0,0.0,0.0,2040,32,0.0,0.0,0.0,0.0,2039.0,0.0
0,458900,KELP,2037.0,29.0,0.0,0.0,0.0,0.0,2039,1,2040.0,29.0,0.0,0.0,2038.0,0.0
0,459000,KELP,2037.0,27.0,0.0,0.0,0.0,0.0,2040,27,0.0,0.0,0.0,0.0,2038.5,0.0
0,459100,KELP,2037.0,20.0,0.0,0.0,0.0,0.0,2040,20,0.0,0.0,0.0,0.0,2038.5,0.0
0,459200,KELP,2037.0,29.0,0.0,0.0,0.0,0.0,2040,29,0.0,0.0,0.0,0.0,2038.5,0.0
0,459300,KELP,2037.0,29.0,0.0,0.0,0.0,0.0,2040,29,0.0,0.0,0.0,0.0,2038.5,0.0
0,459400,KELP,2037.0,32.0,0.0,0.0,0.0,0.0,2039,7,2040.0,32.0,0.0,0.0,2038.0,0.0
0,459500,KELP,2037.0,31.0,0.0,0.0,0.0,0.0,2040,31,0.0,0.0,0.0,0.0,2038.5,0.0
0,459600,KELP,2037.0,30.0,0.0,0.0,0.0,0.0,2040,30,0.0,0.0,0.0,0.0,2038.5,0.0
0,459700,KELP,2039.0,1.0,2037.0,21.0,0.0,0.0,2040,21,0.0,0.0,0.0,0.0,2039.5,0.0
0,459800,KELP,2037.0,32.0,0.0,0.0,0.0,0.0,2040,32,0.0,0.0,0.0,0.0,2038.5,0.0
0,459900,KELP,2037.0,2.0,2036.0,26.0,0.0,0.0,2040,28,0.0,0.0,0.0,0.0,2038.5,0.0
0,460000,KELP,2038.0,2.0,2037.0,23.0,0.0,0.0,2040,23,0.0,0.0,0.0,0.0,2039.0,0.0
0,460100,KELP,2039.0,1.0,2037.0,23.0,0.0,0.0,2040,23,0.0,0.0,0.0,0.0,2039.5,0.0
0,460200,KELP,2037.0,22.0,0.0,0.0,0.0,0.0,2039,6,2040.0,22.0,0.0,0.0,2038.0,0.0
0,460300,KELP,2037.0,25.0,0.0,0.0,0.0,0.0,2039,7,2040.0,25.0,0.0,0.0,2038.0,0.0
0,460400,KELP,2036.0,28.0,0.0,0.0,0.0,0.0,2040,28,0.0,0.0,0.0,0.0,2038.0,0.0
0,460500,KELP,2037.0,2.0,2036.0,27.0,0.0,0.0,2040,29,0.0,0.0,0.0,0.0,2038.5,0.0
0,460600,KELP,2037.0,25.0,0.0,0.0,0.0,0.0,2040,25,0.0,0.0,0.0,0.0,2038.5,0.0
0,460700,KELP,2036.0,21.0,0.0,0.0,0.0,0.0,2038,1,2040.0,21.0,0.0,0.0,2037.0,0.0
0,460800,KELP,2037.0,2.0,2036.0,30.0,0.0,0.0,2040,30,0.0,0.0,0.0,0.0,2038.5,0.0
0,460900,KELP,2036.0,28.0,0.0,0.0,0.0,0.0,2038,8,2040.0,29.0,0.0,0.0,2037.0,0.0
0,461000,KELP,2039.0,1.0,2036.0,28.0,0.0,0.0,2040,28,0.0,0.0,0.0,0.0,2039.5,0.0
0,461100,KELP,2036.0,22.0,0.0,0.0,0.0,0.0,2040,22,0.0,0.0,0.0,0.0,2038.0,0.0
0,461200,KELP,2037.0,1.0,2036.0,26.0,0.0,0.0,2040,26,0.0,0.0,0.0,0.0,2038.5,0.0
0,461300,KELP,2036.0,20.0,0.0,0.0,0.0,0.0,2038,1,2040.0,20.0,0.0,0.0,2037.0,0.0
0,461400,KELP,2036.0,28.0,0.0,0.0,0.0,0.0,2037,1,2038.0,4.0,2040.0,28.0,2036.5,0.0
0,461500,KELP,2036.0,25.0,0.0,0.0,0.0,0.0,2038,5,2040.0,25.0,0.0,0.0,2037.0,0.0
0,461600,KELP,2039.0,1.0,2036.0,27.0,0.0,0.0,2040,27,0.0,0.0,0.0,0.0,2039.5,0.0
0,461700,KELP,2036.0,27.0,0.0,0.0,0.0,0.0,2039,27,0.0,0.0,0.0,0.0,2037.5,0.0
0,461800,KELP,2036.0,34.0,0.0,0.0,0.0,0.0,2039,28,0.0,0.0,0.0,0.0,2037.5,0.0
0,461900,KELP,2036.0,32.0,0.0,0.0,0.0,0.0,2039,32,0.0,0.0,0.0,0.0,2037.5,0.0
0,462000,KELP,2037.0,3.0,2036.0,23.0,0.0,0.0,2039,23,0.0,0.0,0.0,0.0,2038.0,0.0
0,462100,KELP,2036.0,31.0,0.0,0.0,0.0,0.0,2039,29,0.0,0.0,0.0,0.0,2037.5,0.0
0,462200,KELP,2036.0,24.0,0.0,0.0,0.0,0.0,2039,24,0.0,0.0,0.0,0.0,2037.5,0.0
0,462300,KELP,2036.0,25.0,0.0,0.0,0.0,0.0,2039,25,0.0,0.0,0.0,0.0,2037.5,0.0
0,462400,KELP,2038.0,1.0,2036.0,21.0,0.0,0.0,2039,21,0.0,0.0,0.0,0.0,2038.5,0.0
0,462500,KELP,2036.0,24.0,0.0,0.0,0.0,0.0,2039,24,0.0,0.0,0.0,0.0,2037.5,0.0
0,462600,KELP,2036.0,25.0,0.0,0.0,0.0,0.0,2039,25,0.0,0.0,0.0,0.0,2037.5,0.0
0,462700,KELP,2036.0,32.0,0.0,0.0,0.0,0.0,2039,31,0.0,0.0,0.0,0.0,2037.5,0.0
0,462800,KELP,2036.0,26.0,0.0,0.0,0.0,0.0,2039,20,0.0,0.0,0.0,0.0,2037.5,0.0
0,462900,KELP,2037.0,3.0,2036.0,30.0,0.0,0.0,2038,7,2039.0,30.0,0.0,0.0,2037.5,0.0
0,463000,KELP,2036.0,36.0,0.0,0.0,0.0,0.0,2039,32,0.0,0.0,0.0,0.0,2037.5,0.0
0,463100,KELP,2036.0,24.0,0.0,0.0,0.0,0.0,2038,6,2039.0,24.0,0.0,0.0,2037.0,0.0
0,463200,KELP,2036.0,23.0,0.0,0.0,0.0,0.0,2039,23,0.0,0.0,0.0,0.0,2037.5,0.0
0,463300,KELP,2036.0,21.0,0.0,0.0,0.0,0.0,2039,22,0.0,0.0,0.0,0.0,2037.5,0.0
0,463400,KELP,2036.0,30.0,0.0,0.0,0.0,0.0,2038,4,2039.0,30.0,0.0,0.0,2037.0,0.0
0,463500,KELP,2035.0,26.0,0.0,0.0,0.0,0.0,2039,26,0.0,0.0,0.0,0.0,2037.0,0.0
0,463600,KELP,2035.0,29.0,0.0,0.0,0.0,0.0,2036,6,2039.0,29.0,0.0,0.0,2035.5,0.0
0,463700,KELP,2035.0,22.0,0.0,0.0,0.0,0.0,2039,22,0.0,0.0,0.0,0.0,2037.0,0.0
0,463800,KELP,2035.0,23.0,0.0,0.0,0.0,0.0,2039,23,0.0,0.0,0.0,0.0,2037.0,0.0
0,463900,KELP,2035.0,30.0,0.0,0.0,0.0,0.0,2039,30,0.0,0.0,0.0,0.0,2037.0,0.0
0,464000,KELP,2036.0,28.0,0.0,0.0,0.0,0.0,2039,22,0.0,0.0,0.0,0.0,2037.5,0.0
0,464100,KELP,2038.0,1.0,2036.0,20.0,0.0,0.0,2039,20,0.0,0.0,0.0,0.0,2038.5,0.0
0,464200,KELP,2038.0,1.0,2036.0,30.0,0.0,0.0,2039,30,0.0,0.0,0.0,0.0,2038.5,0.0
0,464300,KELP,2036.0,30.0,0.0,0.0,0.0,0.0,2038,4,2039.0,31.0,0.0,0.0,2037.0,0.0
0,464400,KELP,2036.0,22.0,0.0,0.0,0.0,0.0,2039,22,0.0,0.0,0.0,0.0,2037.5,0.0
0,464500,KELP,2038.0,12.0,2036.0,36.0,0.0,0.0,2039,28,0.0,0.0,0.0,0.0,2038.5,0.0
0,464600,KELP,2036.0,20.0,0.0,0.0,0.0,0.0,2039,20,0.0,0.0,0.0,0.0,2037.5,0.0
0,464700,KELP,2036.0,27.0,0.0,0.0,0.0,0.0,2038,7,2039.0,27.0,0.0,0.0,2037.0,0.0
0,464800,KELP,2036.0,24.0,0.0,0.0,0.0,0.0,2039,24,0.0,0.0,0.0,0.0,2037.5,0.0
0,464900,KELP,2036.0,29.0,0.0,0.0,0.0,0.0,2039,26,0.0,0.0,0.0,0.0,2037.5,0.0
0,465000,KELP,2036.0,24.0,0.0,0.0,0.0,0.0,2039,24,0.0,0.0,0.0,0.0,2037.5,0.0
0,465100,KELP,2036.0,30.0,0.0,0.0,0.0,0.0,2039,30,0.0,0.0,0.0,0.0,2037.5,0.0
0,465200,KELP,2036.0,21.0,0.0,0.0,0.0,0.0,2039,21,0.0,0.0,0.0,0.0,2037.5,0.0
0,465300,KELP,2036.0,29.0,0.0,0.0,0.0,0.0,2039,21,0.0,0.0,0.0,0.0,2037.5,0.0
0,465400,KELP,2036.0,30.0,0.0,0.0,0.0,0.0,2039,30,0.0,0.0,0.0,0.0,2037.5,0.0
0,465500,KELP,2036.0,24.0,0.0,0.0,0.0,0.0,2039,24,0.0,0.0,0.0,0.0,2037.5,0.0
0,465600,KELP,2036.0,28.0,0.0,0.0,0.0,0.0,2039,28,0.0,0.0,0.0,0.0,2037.5,0.0
0,465700,KELP,2038.0,5.0,2036.0,30.0,0.0,0.0,2039,30,0.0,0.0,0.0,0.0,2038.5,0.0
0,465800,KELP,2036.0,23.0,0.0,0.0,0.0,0.0,2039,23,0.0,0.0,0.0,0.0,2037.5,0.0
0,465900,KELP,2036.0,29.0,0.0,0.0,0.0,0.0,2039,25,0.0,0.0,0.0,0.0,2037.5,0.0
0,466000,KELP,2037.0,4.0,2036.0,25.0,0.0,0.0,2039,25,0.0,0.0,0.0,0.0,2038.0,0.0
0,466100,KELP,2036.0,25.0,0.0,0.0,0.0,0.0,2039,25,0.0,0.0,0.0,0.0,2037.5,0.0
0,466200,KELP,2036.0,30.0,0.0,0.0,0.0,0.0,2039,30,0.0,0.0,0.0,0.0,2037.5,0.0
0,466300,KELP,2036.0,31.0,0.0,0.0,0.0,0.0,2039,31,0.0,0.0,0.0,0.0,2037.5,0.0
0,466400,KELP,2036.0,23.0,0.0,0.0,0.0,0.0,2039,23,0.0,0.0,0.0,0.0,2037.5,0.0
0,466500,KELP,2036.0,29.0,0.0,0.0,0.0,0.0,2039,29,0.0,0.0,0.0,0.0,2037.5,0.0
0,466600,KELP,2038.0,1.0,2036.0,8.0,2035.0,24.0,2039,26,0.0,0.0,0.0,0.0,2038.5,0.0
0,466700,KELP,2036.0,21.0,0.0,0.0,0.0,0.0,2039,21,0.0,0.0,0.0,0.0,2037.5,0.0
0,466800,KELP,2036.0,30.0,0.0,0.0,0.0,0.0,2039,30,0.0,0.0,0.0,0.0,2037.5,0.0
0,466900,KELP,2036.0,22.0,0.0,0.0,0.0,0.0,2038,6,2039.0,23.0,0.0,0.0,2037.0,0.0
0,467000,KELP,2036.0,21.0,0.0,0.0,0.0,0.0,2039,24,0.0,0.0,0.0,0.0,2037.5,0.0
0,467100,KELP,2036.0,32.0,0.0,0.0,0.0,0.0,2039,31,0.0,0.0,0.0,0.0,2037.5,0.0
0,467200,KELP,2036.0,31.0,0.0,0.0,0.0,0.0,2039,31,0.0,0.0,0.0,0.0,2037.5,0.0
0,467300,KELP,2036.0,29.0,0.0,0.0,0.0,0.0,2039,29,0.0,0.0,0.0,0.0,2037.5,0.0
0,467400,KELP,2036.0,29.0,0.0,0.0,0.0,0.0,2039,29,0.0,0.0,0.0,0.0,2037.5,0.0
0,467500,KELP,2036.0,24.0,0.0,0.0,0.0,0.0,2039,24,0.0,0.0,0.0,0.0,2037.5,0.0
0,467600,KELP,2036.0,24.0,0.0,0.0,0.0,0.0,2039,24,0.0,0.0,0.0,0.0,2037.5,0.0
0,467700,KELP,2036.0,2.0,2035.0,24.0,0.0,0.0,2039,26,0.0,0.0,0.0,0.0,2037.5,0.0
0,467800,KELP,2037.0,3.0,2036.0,22.0,0.0,0.0,2039,22,0.0,0.0,0.0,0.0,2038.0,0.0
0,467900,KELP,2035.0,28.0,0.0,0.0,0.0,0.0,2036,1,2039.0,28.0,0.0,0.0,2035.5,0.0
0,468000,KELP,2038.0,1.0,2036.0,36.0,0.0,0.0,2039,28,0.0,0.0,0.0,0.0,2038.5,0.0
0,468100,KELP,2036.0,34.0,0.0,0.0,0.0,0.0,2039,29,0.0,0.0,0.0,0.0,2037.5,0.0
0,468200,KELP,2036.0,25.0,0.0,0.0,0.0,0.0,2039,25,0.0,0.0,0.0,0.0,2037.5,0.0
0,468300,KELP,2036.0,28.0,0.0,0.0,0.0,0.0,2039,28,0.0,0.0,0.0,0.0,2037.5,0.0
0,468400,KELP,2036.0,26.0,0.0,0.0,0.0,0.0,2039,26,0.0,0.0,0.0,0.0,2037.5,0.0
0,468500,KELP,2036.0,1.0,2035.0,20.0,0.0,0.0,2039,21,0.0,0.0,0.0,0.0,2037.5,0.0
0,468600,KELP,2036.0,22.0,0.0,0.0,0.0,0.0,2039,22,0.0,0.0,0.0,0.0,2037.5,0.0
0,468700,KELP,2035.0,24.0,0.0,0.0,0.0,0.0,2039,24,0.0,0.0,0.0,0.0,2037.0,0.0
0,468800,KELP,2036.0,37.0,0.0,0.0,0.0,0.0,2039,31,0.0,0.0,0.0,0.0,2037.5,0.0
0,468900,KELP,2036.0,25.0,0.0,0.0,0.0,0.0,2038,4,2039.0,25.0,0.0,0.0,2037.0,0.0
0,469000,KELP,2035.0,32.0,0.0,0.0,0.0,0.0,2039,32,0.0,0.0,0.0,0.0,2037.0,0.0
0,469100,KELP,2038.0,1.0,2035.0,27.0,0.0,0.0,2039,27,0.0,0.0,0.0,0.0,2038.5,0.0
0,469200,KELP,2035.0,26.0,0.0,0.0,0.0,0.0,2039,26,0.0,0.0,0.0,0.0,2037.0,0.0
0,469300,KELP,2038.0,1.0,2036.0,7.0,2035.0,27.0,2039,27,0.0,0.0,0.0,0.0,2038.5,0.0
0,469400,KELP,2036.0,8.0,2035.0,24.0,0.0,0.0,2039,24,0.0,0.0,0.0,0.0,2037.5,0.0
0,469500,KELP,2035.0,25.0,0.0,0.0,0.0,0.0,2039,25,0.0,0.0,0.0,0.0,2037.0,0.0
0,469600,KELP,2035.0,22.0,0.0,0.0,0.0,0.0,2039,22,0.0,0.0,0.0,0.0,2037.0,0.0
0,469700,KELP,2035.0,27.0,0.0,0.0,0.0,0.0,2039,27,0.0,0.0,0.0,0.0,2037.0,0.0
0,469800,KELP,2035.0,27.0,0.0,0.0,0.0,0.0,2039,27,0.0,0.0,0.0,0.0,2037.0,0.0
0,469900,KELP,2035.0,20.0,0.0,0.0,0.0,0.0,2036,3,2039.0,20.0,0.0,0.0,2035.5,0.0
0,470000,KELP,2037.0,2.0,2035.0,26.0,0.0,0.0,2039,26,0.0,0.0,0.0,0.0,2038.0,0.0
0,470100,KELP,2035.0,22.0,0.0,0.0,0.0,0.0,2039,22,0.0,0.0,0.0,0.0,2037.0,0.0
0,470200,KELP,2035.0,29.0,0.0,0.0,0.0,0.0,2039,29,0.0,0.0,0.0,0.0,2037.0,0.0
0,470300,KELP,2037.0,9.0,2035.0,29.0,0.0,0.0,2039,29,0.0,0.0,0.0,0.0,2038.0,0.0
0,470400,KELP,2035.0,26.0,0.0,0.0,0.0,0.0,2039,27,0.0,0.0,0.0,0.0,2037.0,0.0
0,470500,KELP,2035.0,32.0,0.0,0.0,0.0,0.0,2039,32,0.0,0.0,0.0,0.0,2037.0,0.0
0,470600,KELP,2036.0,5.0,2035.0,29.0,0.0,0.0,2039,29,0.0,0.0,0.0,0.0,2037.5,0.0
0,470700,KELP,2036.0,1.0,2035.0,25.0,0.0,0.0,2039,25,0.0,0.0,0.0,0.0,2037.5,0.0
0,470800,KELP,2035.0,22.0,0.0,0.0,0.0,0.0,2039,22,0.0,0.0,0.0,0.0,2037.0,0.0
0,470900,KELP,2037.0,1.0,2035.0,31.0,0.0,0.0,2038,1,2039.0,30.0,0.0,0.0,2037.5,0.0
0,471000,KELP,2035.0,29.0,0.0,0.0,0.0,0.0,2038,1,2039.0,28.0,0.0,0.0,2036.5,0.0
0,471100,KELP,2035.0,25.0,0.0,0.0,0.0,0.0,2037,1,2038.0,25.0,0.0,0.0,2036.0,0.0
0,471200,KELP,2035.0,25.0,0.0,0.0,0.0,0.0,2038,25,0.0,0.0,0.0,0.0,2036.5,0.0
0,471300,KELP,2035.0,38.0,0.0,0.0,0.0,0.0,2038,30,0.0,0.0,0.0,0.0,2036.5,0.0
0,471400,KELP,2035.0,27.0,0.0,0.0,0.0,0.0,2038,27,0.0,0.0,0.0,0.0,2036.5,0.0
0,471500,KELP,2035.0,32.0,0.0,0.0,0.0,0.0,2037,5,2038.0,32.0,0.0,0.0,2036.0,0.0
0,471600,KELP,2037.0,1.0,2036.0,3.0,2035.0,23.0,2038,23,0.0,0.0,0.0,0.0,2037.5,0.0
0,471700,KELP,2035.0,29.0,0.0,0.0,0.0,0.0,2038,29,0.0,0.0,0.0,0.0,2036.5,0.0
0,471800,KELP,2035.0,27.0,0.0,0.0,0.0,0.0,2038,27,0.0,0.0,0.0,0.0,2036.5,0.0
0,471900,KELP,2035.0,27.0,0.0,0.0,0.0,0.0,2038,27,0.0,0.0,0.0,0.0,2036.5,0.0
0,472000,KELP,2035.0,28.0,0.0,0.0,0.0,0.0,2038,22,0.0,0.0,0.0,0.0,2036.5,0.0
0,472100,KELP,2035.0,32.0,0.0,0.0,0.0,0.0,2038,27,0.0,0.0,0.0,0.0,2036.5,0.0
0,472200,KELP,2036.0,1.0,2035.0,29.0,0.0,0.0,2039,29,0.0,0.0,0.0,0.0,2037.5,0.0
0,472300,KELP,2035.0,26.0,0.0,0.0,0.0,0.0,2036,2,2037.0,4.0,2038.0,27.0,2035.5,0.0
0,472400,KELP,2035.0,21.0,0.0,0.0,0.0,0.0,2037,7,2038.0,21.0,0.0,0.0,2036.0,0.0
0,472500,KELP,2035.0,23.0,0.0,0.0,0.0,0.0,2036,4,2038.0,23.0,0.0,0.0,2035.5,0.0
0,472600,KELP,2035.0,26.0,0.0,0.0,0.0,0.0,2038,1,2039.0,25.0,0.0,0.0,2036.5,0.0
0,472700,KELP,2035.0,26.0,0.0,0.0,0.0,0.0,2038,2,2039.0,24.0,0.0,0.0,2036.5,0.0
0,472800,KELP,2035.0,28.0,0.0,0.0,0.0,0.0,2036,2,2039.0,28.0,0.0,0.0,2035.5,0.0
0,472900,KELP,2035.0,30.0,0.0,0.0,0.0,0.0,2039,30,0.0,0.0,0.0,0.0,2037.0,0.0
0,473000,KELP,2035.0,21.0,0.0,0.0,0.0,0.0,2036,1,2039.0,21.0,0.0,0.0,2035.5,0.0
0,473100,KELP,2035.0,32.0,0.0,0.0,0.0,0.0,2039,32,0.0,0.0,0.0,0.0,2037.0,0.0
0,473200,KELP,2035.0,26.0,0.0,0.0,0.0,0.0,2036,1,2039.0,26.0,0.0,0.0,2035.5,0.0
0,473300,KELP,2035.0,30.0,0.0,0.0,0.0,0.0,2039,30,0.0,0.0,0.0,0.0,2037.0,0.0
0,473400,KELP,2035.0,28.0,0.0,0.0,0.0,0.0,2037,3,2039.0,28.0,0.0,0.0,2036.0,0.0
0,473500,KELP,2036.0,23.0,0.0,0.0,0.0,0.0,2039,23,0.0,0.0,0.0,0.0,2037.5,0.0
0,473600,KELP,2036.0,19.0,0.0,0.0,0.0,0.0,2038,3,2039.0,23.0,0.0,0.0,2037.0,0.0
0,473700,KELP,2036.0,2.0,2035.0,23.0,0.0,0.0,2037,2,2039.0,25.0,0.0,0.0,2036.5,0.0
0,473800,KELP,2036.0,2.0,2035.0,22.0,0.0,0.0,2039,24,0.0,0.0,0.0,0.0,2037.5,0.0
0,473900,KELP,2035.0,23.0,0.0,0.0,0.0,0.0,2036,1,2039.0,23.0,0.0,0.0,2035.5,0.0
0,474000,KELP,2035.0,22.0,0.0,0.0,0.0,0.0,2039,22,0.0,0.0,0.0,0.0,2037.0,0.0
0,474100,KELP,2036.0,7.0,2035.0,30.0,0.0,0.0,2039,30,0.0,0.0,0.0,0.0,2037.5,0.0
0,474200,KELP,2036.0,27.0,0.0,0.0,0.0,0.0,2038,4,2039.0,27.0,0.0,0.0,2037.0,0.0
0,474300,KELP,2036.0,28.0,0.0,0.0,0.0,0.0,2039,28,0.0,0.0,0.0,0.0,2037.5,0.0
0,474400,KELP,2036.0,22.0,0.0,0.0,0.0,0.0,2039,22,0.0,0.0,0.0,0.0,2037.5,0.0
0,474500,KELP,2037.0,5.0,2036.0,24.0,0.0,0.0,2039,24,0.0,0.0,0.0,0.0,2038.0,0.0
0,474600,KELP,2036.0,30.0,0.0,0.0,0.0,0.0,2039,30,0.0,0.0,0.0,0.0,2037.5,0.0
0,474700,KELP,2036.0,20.0,0.0,0.0,0.0,0.0,2039,20,0.0,0.0,0.0,0.0,2037.5,0.0
0,474800,KELP,2036.0,28.0,0.0,0.0,0.0,0.0,2038,4,2039.0,28.0,0.0,0.0,2037.0,0.0
0,474900,KELP,2036.0,22.0,0.0,0.0,0.0,0.0,2039,22,0.0,0.0,0.0,0.0,2037.5,0.0
0,475000,KELP,2036.0,30.0,0.0,0.0,0.0,0.0,2038,8,2039.0,31.0,0.0,0.0,2037.0,0.0
0,475100,KELP,2036.0,26.0,0.0,0.0,0.0,0.0,2039,26,0.0,0.0,0.0,0.0,2037.5,0.0
0,475200,KELP,2036.0,28.0,0.0,0.0,0.0,0.0,2039,28,0.0,0.0,0.0,0.0,2037.5,0.0
0,475300,KELP,2036.0,30.0,0.0,0.0,0.0,0.0,2037,3,2039.0,30.0,0.0,0.0,2036.5,0.0
0,475400,KELP,2038.0,1.0,2036.0,24.0,0.0,0.0,2039,22,0.0,0.0,0.0,0.0,2038.5,0.0
0,475500,KELP,2036.0,30.0,0.0,0.0,0.0,0.0,2039,30,0.0,0.0,0.0,0.0,2037.5,0.0
0,475600,KELP,2036.0,21.0,0.0,0.0,0.0,0.0,2038,1,2039.0,21.0,0.0,0.0,2037.0,0.0
0,475700,KELP,2036.0,22.0,0.0,0.0,0.0,0.0,2039,23,0.0,0.0,0.0,0.0,2037.5,0.0
0,475800,KELP,2038.0,1.0,2036.0,35.0,0.0,0.0,2039,29,0.0,0.0,0.0,0.0,2038.5,0.0
0,475900,KELP,2036.0,24.0,0.0,0.0,0.0,0.0,2039,24,0.0,0.0,0.0,0.0,2037.5,0.0
0,476000,KELP,2036.0,24.0,0.0,0.0,0.0,0.0,2039,23,0.0,0.0,0.0,0.0,2037.5,0.0
0,476100,KELP,2036.0,23.0,0.0,0.0,0.0,0.0,2039,23,0.0,0.0,0.0,0.0,2037.5,0.0
0,476200,KELP,2036.0,3.0,2035.0,25.0,0.0,0.0,2039,27,0.0,0.0,0.0,0.0,2037.5,0.0
0,476300,KELP,2035.0,29.0,0.0,0.0,0.0,0.0,2039,29,0.0,0.0,0.0,0.0,2037.0,0.0
0,476400,KELP,2036.0,33.0,0.0,0.0,0.0,0.0,2039,31,0.0,0.0,0.0,0.0,2037.5,0.0
0,476500,KELP,2036.0,25.0,0.0,0.0,0.0,0.0,2039,24,0.0,0.0,0.0,0.0,2037.5,0.0
0,476600,KELP,2036.0,22.0,0.0,0.0,0.0,0.0,2039,22,0.0,0.0,0.0,0.0,2037.5,0.0
0,476700,KELP,2036.0,27.0,0.0,0.0,0.0,0.0,2038,3,2039.0,27.0,0.0,0.0,2037.0,0.0
0,476800,KELP,2036.0,30.0,0.0,0.0,0.0,0.0,2039,31,0.0,0.0,0.0,0.0,2037.5,0.0
0,476900,KELP,2036.0,29.0,0.0,0.0,0.0,0.0,2039,29,0.0,0.0,0.0,0.0,2037.5,0.0
0,477000,KELP,2038.0,1.0,2036.0,30.0,0.0,0.0,2039,24,0.0,0.0,0.0,0.0,2038.5,0.0
0,477100,KELP,2037.0,3.0,2036.0,23.0,0.0,0.0,2038,6,2039.0,23.0,0.0,0.0,2037.5,0.0
0,477200,KELP,2036.0,25.0,0.0,0.0,0.0,0.0,2039,25,0.0,0.0,0.0,0.0,2037.5,0.0
0,477300,KELP,2036.0,1.0,2035.0,27.0,0.0,0.0,2039,28,0.0,0.0,0.0,0.0,2037.5,0.0
0,477400,KELP,2035.0,29.0,0.0,0.0,0.0,0.0,2039,29,0.0,0.0,0.0,0.0,2037.0,0.0
0,477500,KELP,2036.0,29.0,0.0,0.0,0.0,0.0,2039,29,0.0,0.0,0.0,0.0,2037.5,0.0
0,477600,KELP,2036.0,1.0,2035.0,26.0,0.0,0.0,2037,3,2039.0,28.0,0.0,0.0,2036.5,0.0
0,477700,KELP,2036.0,1.0,2035.0,28.0,0.0,0.0,2039,29,0.0,0.0,0.0,0.0,2037.5,0.0
0,477800,KELP,2035.0,29.0,0.0,0.0,0.0,0.0,2039,29,0.0,0.0,0.0,0.0,2037.0,0.0
0,477900,KELP,2035.0,29.0,0.0,0.0,0.0,0.0,2037,1,2039.0,29.0,0.0,0.0,2036.0,0.0
0,478000,KELP,2036.0,4.0,2035.0,26.0,0.0,0.0,2039,26,0.0,0.0,0.0,0.0,2037.5,0.0
0,478100,KELP,2036.0,7.0,2035.0,20.0,0.0,0.0,2039,20,0.0,0.0,0.0,0.0,2037.5,0.0
0,478200,KELP,2035.0,25.0,0.0,0.0,0.0,0.0,2039,25,0.0,0.0,0.0,0.0,2037.0,0.0
0,478300,KELP,2035.0,23.0,0.0,0.0,0.0,0.0,2039,23,0.0,0.0,0.0,0.0,2037.0,0.0
0,478400,KELP,2036.0,6.0,2035.0,27.0,0.0,0.0,2039,27,0.0,0.0,0.0,0.0,2037.5,0.0
0,478500,KELP,2035.0,25.0,0.0,0.0,0.0,0.0,2039,25,0.0,0.0,0.0,0.0,2037.0,0.0
0,478600,KELP,2036.0,8.0,2035.0,25.0,0.0,0.0,2039,25,0.0,0.0,0.0,0.0,2037.5,0.0
0,478700,KELP,2035.0,22.0,0.0,0.0,0.0,0.0,2039,22,0.0,0.0,0.0,0.0,2037.0,0.0
0,478800,KELP,2035.0,32.0,0.0,0.0,0.0,0.0,2037,2,2039.0,32.0,0.0,0.0,2036.0,0.0
0,478900,KELP,2035.0,24.0,0.0,0.0,0.0,0.0,2039,24,0.0,0.0,0.0,0.0,2037.0,0.0
0,479000,KELP,2035.0,29.0,0.0,0.0,0.0,0.0,2039,29,0.0,0.0,0.0,0.0,2037.0,0.0
0,479100,KELP,2036.0,4.0,2035.0,23.0,0.0,0.0,2039,23,0.0,0.0,0.0,0.0,2037.5,0.0
0,479200,KELP,2035.0,20.0,0.0,0.0,0.0,0.0,2037,7,2039.0,20.0,0.0,0.0,2036.0,0.0
0,479300,KELP,2035.0,23.0,0.0,0.0,0.0,0.0,2039,23,0.0,0.0,0.0,0.0,2037.0,0.0
0,479400,KELP,2036.0,9.0,2035.0,23.0,0.0,0.0,2039,25,0.0,0.0,0.0,0.0,2037.5,0.0
0,479500,KELP,2035.0,28.0,0.0,0.0,0.0,0.0,2037,5,2039.0,28.0,0.0,0.0,2036.0,0.0
0,479600,KELP,2035.0,22.0,0.0,0.0,0.0,0.0,2037,4,2039.0,22.0,0.0,0.0,2036.0,0.0
0,479700,KELP,2036.0,7.0,2035.0,27.0,0.0,0.0,2037,3,2039.0,27.0,0.0,0.0,2036.5,0.0
0,479800,KELP,2035.0,21.0,0.0,0.0,0.0,0.0,2039,21,0.0,0.0,0.0,0.0,2037.0,0.0
0,479900,KELP,2035.0,29.0,0.0,0.0,0.0,0.0,2039,29,0.0,0.0,0.0,0.0,2037.0,0.0
0,480000,KELP,2035.0,24.0,0.0,0.0,0.0,0.0,2039,24,0.0,0.0,0.0,0.0,2037.0,0.0
0,480100,KELP,2035.0,24.0,0.0,0.0,0.0,0.0,2039,24,0.0,0.0,0.0,0.0,2037.0,0.0
0,480200,KELP,2035.0,26.0,0.0,0.0,0.0,0.0,2039,26,0.0,0.0,0.0,0.0,2037.0,0.0
0,480300,KELP,2035.0,30.0,0.0,0.0,0.0,0.0,2039,30,0.0,0.0,0.0,0.0,2037.0,0.0
0,480400,KELP,2035.0,24.0,0.0,0.0,0.0,0.0,2039,24,0.0,0.0,0.0,0.0,2037.0,0.0
0,480500,KELP,2035.0,22.0,0.0,0.0,0.0,0.0,2037,5,2038.0,22.0,0.0,0.0,2036.0,0.0
0,480600,KELP,2035.0,30.0,0.0,0.0,0.0,0.0,2038,30,0.0,0.0,0.0,0.0,2036.5,0.0
0,480700,KELP,2035.0,32.0,0.0,0.0,0.0,0.0,2038,27,0.0,0.0,0.0,0.0,2036.5,0.0
0,480800,KELP,2035.0,30.0,0.0,0.0,0.0,0.0,2038,29,0.0,0.0,0.0,0.0,2036.5,0.0
0,480900,KELP,2035.0,24.0,0.0,0.0,0.0,0.0,2038,24,0.0,0.0,0.0,0.0,2036.5,0.0
0,481000,KELP,2035.0,21.0,0.0,0.0,0.0,0.0,2037,3,2038.0,21.0,0.0,0.0,2036.0,0.0
0,481100,KELP,2035.0,22.0,0.0,0.0,0.0,0.0,2038,22,0.0,0.0,0.0,0.0,2036.5,0.0
0,481200,KELP,2035.0,29.0,0.0,0.0,0.0,0.0,2038,29,0.0,0.0,0.0,0.0,2036.5,0.0
0,481300,KELP,2035.0,32.0,0.0,0.0,0.0,0.0,2036,1,2037.0,4.0,2038.0,32.0,2035.5,0.0
0,481400,KELP,2034.0,28.0,0.0,0.0,0.0,0.0,2035,1,2038.0,28.0,0.0,0.0,2034.5,0.0
0,481500,KELP,2034.0,22.0,0.0,0.0,0.0,0.0,2036,4,2037.0,2.0,2038.0,20.0,2035.0,0.0
0,481600,KELP,2034.0,23.0,0.0,0.0,0.0,0.0,2038,23,0.0,0.0,0.0,0.0,2036.0,0.0
0,481700,KELP,2035.0,7.0,2034.0,32.0,0.0,0.0,2038,32,0.0,0.0,0.0,0.0,2036.5,0.0
0,481800,KELP,2037.0,1.0,2034.0,23.0,0.0,0.0,2038,23,0.0,0.0,0.0,0.0,2037.5,0.0
0,481900,KELP,2034.0,24.0,0.0,0.0,0.0,0.0,2038,24,0.0,0.0,0.0,0.0,2036.0,0.0
0,482000,KELP,2034.0,22.0,0.0,0.0,0.0,0.0,2038,22,0.0,0.0,0.0,0.0,2036.0,0.0
0,482100,KELP,2034.0,29.0,0.0,0.0,0.0,0.0,2038,29,0.0,0.0,0.0,0.0,2036.0,0.0
0,482200,KELP,2034.0,26.0,0.0,0.0,0.0,0.0,2036,3,2037.0,2.0,2038.0,24.0,2035.0,0.0
0,482300,KELP,2034.0,25.0,0.0,0.0,0.0,0.0,2037,25,0.0,0.0,0.0,0.0,2035.5,0.0
0,482400,KELP,2034.0,25.0,0.0,0.0,0.0,0.0,2037,2,2038.0,23.0,0.0,0.0,2035.5,0.0
0,482500,KELP,2034.0,25.0,0.0,0.0,0.0,0.0,2036,4,2037.0,25.0,0.0,0.0,2035.0,0.0
0,482600,KELP,2036.0,1.0,2034.0,1.0,2033.0,26.0,2037,26,0.0,0.0,0.0,0.0,2036.5,0.0
0,482700,KELP,2034.0,32.0,0.0,0.0,0.0,0.0,2037,32,0.0,0.0,0.0,0.0,2035.5,0.0
0,482800,KELP,2034.0,22.0,0.0,0.0,0.0,0.0,2037,22,0.0,0.0,0.0,0.0,2035.5,0.0
0,482900,KELP,2035.0,2.0,2034.0,27.0,0.0,0.0,2037,1,2038.0,26.0,0.0,0.0,2036.0,0.0
0,483000,KELP,2034.0,31.0,0.0,0.0,0.0,0.0,2036,1,2038.0,31.0,0.0,0.0,2035.0,0.0
0,483100,KELP,2034.0,30.0,0.0,0.0,0.0,0.0,2036,3,2038.0,30.0,0.0,0.0,2035.0,0.0
0,483200,KELP,2035.0,28.0,0.0,0.0,0.0,0.0,2038,28,0.0,0.0,0.0,0.0,2036.5,0.0
0,483300,KELP,2034.0,30.0,0.0,0.0,0.0,0.0,2038,31,0.0,0.0,0.0,0.0,2036.0,0.0
0,483400,KELP,2036.0,4.0,2035.0,30.0,0.0,0.0,2038,30,0.0,0.0,0.0,0.0,2037.0,0.0
0,483500,KELP,2035.0,20.0,0.0,0.0,0.0,0.0,2038,20,0.0,0.0,0.0,0.0,2036.5,0.0
0,483600,KELP,2035.0,22.0,0.0,0.0,0.0,0.0,2038,23,0.0,0.0,0.0,0.0,2036.5,0.0
0,483700,KELP,2035.0,31.0,0.0,0.0,0.0,0.0,2038,31,0.0,0.0,0.0,0.0,2036.5,0.0
0,483800,KELP,2035.0,25.0,0.0,0.0,0.0,0.0,2038,25,0.0,0.0,0.0,0.0,2036.5,0.0
0,483900,KELP,2035.0,28.0,0.0,0.0,0.0,0.0,2038,25,0.0,0.0,0.0,0.0,2036.5,0.0
0,484000,KELP,2035.0,22.0,0.0,0.0,0.0,0.0,2037,2,2038.0,23.0,0.0,0.0,2036.0,0.0
0,484100,KELP,2035.0,27.0,0.0,0.0,0.0,0.0,2038,27,0.0,0.0,0.0,0.0,2036.5,0.0
0,484200,KELP,2034.0,24.0,0.0,0.0,0.0,0.0,2038,24,0.0,0.0,0.0,0.0,2036.0,0.0
0,484300,KELP,2036.0,5.0,2035.0,21.0,0.0,0.0,2038,21,0.0,0.0,0.0,0.0,2037.0,0.0
0,484400,KELP,2035.0,30.0,0.0,0.0,0.0,0.0,2038,30,0.0,0.0,0.0,0.0,2036.5,0.0
0,484500,KELP,2035.0,35.0,0.0,0.0,0.0,0.0,2038,30,0.0,0.0,0.0,0.0,2036.5,0.0
0,484600,KELP,2035.0,30.0,0.0,0.0,0.0,0.0,2038,30,0.0,0.0,0.0,0.0,2036.5,0.0
0,484700,KELP,2034.0,29.0,0.0,0.0,0.0,0.0,2036,2,2038.0,29.0,0.0,0.0,2035.0,0.0
0,484800,KELP,2035.0,2.0,2034.0,27.0,0.0,0.0,2038,29,0.0,0.0,0.0,0.0,2036.5,0.0
0,484900,KELP,2035.0,2.0,2034.0,25.0,0.0,0.0,2038,27,0.0,0.0,0.0,0.0,2036.5,0.0
0,485000,KELP,2035.0,2.0,2034.0,24.0,0.0,0.0,2038,26,0.0,0.0,0.0,0.0,2036.5,0.0
0,485100,KELP,2035.0,2.0,2034.0,21.0,0.0,0.0,2038,23,0.0,0.0,0.0,0.0,2036.5,0.0
0,485200,KELP,2035.0,37.0,0.0,0.0,0.0,0.0,2038,32,0.0,0.0,0.0,0.0,2036.5,0.0
0,485300,KELP,2037.0,4.0,2035.0,32.0,0.0,0.0,2038,27,0.0,0.0,0.0,0.0,2037.5,0.0
0,485400,KELP,2035.0,28.0,0.0,0.0,0.0,0.0,2038,28,0.0,0.0,0.0,0.0,2036.5,0.0
0,485500,KELP,2035.0,29.0,0.0,0.0,0.0,0.0,2038,29,0.0,0.0,0.0,0.0,2036.5,0.0
0,485600,KELP,2035.0,25.0,0.0,0.0,0.0,0.0,2038,25,0.0,0.0,0.0,0.0,2036.5,0.0
0,485700,KELP,2035.0,26.0,0.0,0.0,0.0,0.0,2038,27,0.0,0.0,0.0,0.0,2036.5,0.0
0,485800,KELP,2035.0,23.0,0.0,0.0,0.0,0.0,2038,21,0.0,0.0,0.0,0.0,2036.5,0.0
0,485900,KELP,2035.0,21.0,0.0,0.0,0.0,0.0,2038,23,0.0,0.0,0.0,0.0,2036.5,0.0
0,486000,KELP,2035.0,28.0,0.0,0.0,0.0,0.0,2038,28,0.0,0.0,0.0,0.0,2036.5,0.0
0,486100,KELP,2035.0,23.0,0.0,0.0,0.0,0.0,2038,23,0.0,0.0,0.0,0.0,2036.5,0.0
0,486200,KELP,2035.0,23.0,0.0,0.0,0.0,0.0,2037,2,2038.0,23.0,0.0,0.0,2036.0,0.0
0,486300,KELP,2036.0,1.0,2035.0,25.0,0.0,0.0,2039,25,0.0,0.0,0.0,0.0,2037.5,0.0
0,486400,KELP,2035.0,26.0,0.0,0.0,0.0,0.0,2037,1,2039.0,26.0,0.0,0.0,2036.0,0.0
0,486500,KELP,2035.0,22.0,0.0,0.0,0.0,0.0,2039,22,0.0,0.0,0.0,0.0,2037.0,0.0
0,486600,KELP,2037.0,1.0,2035.0,26.0,0.0,0.0,2039,26,0.0,0.0,0.0,0.0,2038.0,0.0
0,486700,KELP,2035.0,30.0,0.0,0.0,0.0,0.0,2037,6,2039.0,30.0,0.0,0.0,2036.0,0.0
0,486800,KELP,2036.0,7.0,2035.0,23.0,0.0,0.0,2039,23,0.0,0.0,0.0,0.0,2037.5,0.0
0,486900,KELP,2035.0,21.0,0.0,0.0,0.0,0.0,2039,21,0.0,0.0,0.0,0.0,2037.0,0.0
0,487000,KELP,2036.0,2.0,2035.0,24.0,0.0,0.0,2039,26,0.0,0.0,0.0,0.0,2037.5,0.0
0,487100,KELP,2035.0,27.0,0.0,0.0,0.0,0.0,2039,27,0.0,0.0,0.0,0.0,2037.0,0.0
0,487200,KELP,2038.0,1.0,2035.0,25.0,0.0,0.0,2039,25,0.0,0.0,0.0,0.0,2038.5,0.0
0,487300,KELP,2035.0,23.0,0.0,0.0,0.0,0.0,2039,23,0.0,0.0,0.0,0.0,2037.0,0.0
0,487400,KELP,2035.0,24.0,0.0,0.0,0.0,0.0,2037,5,2039.0,24.0,0.0,0.0,2036.0,0.0
0,487500,KELP,2035.0,26.0,0.0,0.0,0.0,0.0,2039,26,0.0,0.0,0.0,0.0,2037.0,0.0
0,487600,KELP,2035.0,27.0,0.0,0.0,0.0,0.0,2039,27,0.0,0.0,0.0,0.0,2037.0,0.0
0,487700,KELP,2035.0,29.0,0.0,0.0,0.0,0.0,2037,2,2039.0,29.0,0.0,0.0,2036.0,0.0
0,487800,KELP,2035.0,24.0,0.0,0.0,0.0,0.0,2039,24,0.0,0.0,0.0,0.0,2037.0,0.0
0,487900,KELP,2035.0,31.0,0.0,0.0,0.0,0.0,2038,29,0.0,0.0,0.0,0.0,2036.5,0.0
0,488000,KELP,2035.0,26.0,0.0,0.0,0.0,0.0,2038,26,0.0,0.0,0.0,0.0,2036.5,0.0
0,488100,KELP,2035.0,28.0,0.0,0.0,0.0,0.0,2038,28,0.0,0.0,0.0,0.0,2036.5,0.0
0,488200,KELP,2035.0,28.0,0.0,0.0,0.0,0.0,2038,2,2039.0,23.0,0.0,0.0,2036.5,0.0
0,488300,KELP,2035.0,28.0,0.0,0.0,0.0,0.0,2038,28,0.0,0.0,0.0,0.0,2036.5,0.0
0,488400,KELP,2035.0,27.0,0.0,0.0,0.0,0.0,2038,27,0.0,0.0,0.0,0.0,2036.5,0.0
0,488500,KELP,2035.0,22.0,0.0,0.0,0.0,0.0,2037,2,2039.0,22.0,0.0,0.0,2036.0,0.0
0,488600,KELP,2035.0,22.0,0.0,0.0,0.0,0.0,2039,22,0.0,0.0,0.0,0.0,2037.0,0.0
0,488700,KELP,2035.0,24.0,0.0,0.0,0.0,0.0,2039,24,0.0,0.0,0.0,0.0,2037.0,0.0
0,488800,KELP,2038.0,1.0,2036.0,3.0,2035.0,27.0,2039,27,0.0,0.0,0.0,0.0,2038.5,0.0
0,488900,KELP,2035.0,30.0,0.0,0.0,0.0,0.0,2037,6,2038.0,30.0,0.0,0.0,2036.0,0.0
0,489000,KELP,2035.0,26.0,0.0,0.0,0.0,0.0,2038,23,0.0,0.0,0.0,0.0,2036.5,0.0
0,489100,KELP,2035.0,29.0,0.0,0.0,0.0,0.0,2038,1,2039.0,28.0,0.0,0.0,2036.5,0.0
0,489200,KELP,2035.0,28.0,0.0,0.0,0.0,0.0,2038,28,0.0,0.0,0.0,0.0,2036.5,0.0
0,489300,KELP,2035.0,28.0,0.0,0.0,0.0,0.0,2038,28,0.0,0.0,0.0,0.0,2036.5,0.0
0,489400,KELP,2037.0,1.0,2035.0,30.0,0.0,0.0,2038,30,0.0,0.0,0.0,0.0,2037.5,0.0
0,489500,KELP,2035.0,37.0,0.0,0.0,0.0,0.0,2038,31,0.0,0.0,0.0,0.0,2036.5,0.0
0,489600,KELP,2035.0,30.0,0.0,0.0,0.0,0.0,2038,30,0.0,0.0,0.0,0.0,2036.5,0.0
0,489700,KELP,2035.0,31.0,0.0,0.0,0.0,0.0,2038,31,0.0,0.0,0.0,0.0,2036.5,0.0
0,489800,KELP,2035.0,26.0,0.0,0.0,0.0,0.0,2038,26,0.0,0.0,0.0,0.0,2036.5,0.0
0,489900,KELP,2035.0,24.0,0.0,0.0,0.0,0.0,2038,24,0.0,0.0,0.0,0.0,2036.5,0.0
0,490000,KELP,2035.0,27.0,0.0,0.0,0.0,0.0,2037,5,2038.0,27.0,0.0,0.0,2036.0,0.0
0,490100,KELP,2035.0,29.0,0.0,0.0,0.0,0.0,2038,29,0.0,0.0,0.0,0.0,2036.5,0.0
0,490200,KELP,2035.0,22.0,0.0,0.0,0.0,0.0,2038,22,0.0,0.0,0.0,0.0,2036.5,0.0
0,490300,KELP,2037.0,1.0,2035.0,24.0,0.0,0.0,2038,24,0.0,0.0,0.0,0.0,2037.5,0.0
0,490400,KELP,2035.0,21.0,0.0,0.0,0.0,0.0,2038,21,0.0,0.0,0.0,0.0,2036.5,0.0
0,490500,KELP,2035.0,29.0,0.0,0.0,0.0,0.0,2038,21,0.0,0.0,0.0,0.0,2036.5,0.0
0,490600,KELP,2035.0,22.0,0.0,0.0,0.0,0.0,2038,22,0.0,0.0,0.0,0.0,2036.5,0.0
0,490700,KELP,2035.0,27.0,0.0,0.0,0.0,0.0,2038,24,0.0,0.0,0.0,0.0,2036.5,0.0
0,490800,KELP,2034.0,25.0,0.0,0.0,0.0,0.0,2038,25,0.0,0.0,0.0,0.0,2036.0,0.0
0,490900,KELP,2035.0,34.0,0.0,0.0,0.0,0.0,2038,28,0.0,0.0,0.0,0.0,2036.5,0.0
0,491000,KELP,2036.0,5.0,2035.0,2.0,2034.0,28.0,2037,2,2038.0,30.0,0.0,0.0,2036.5,0.0
0,491100,KELP,2035.0,22.0,0.0,0.0,0.0,0.0,2038,22,0.0,0.0,0.0,0.0,2036.5,0.0
0,491200,KELP,2036.0,6.0,2035.0,30.0,0.0,0.0,2038,30,0.0,0.0,0.0,0.0,2037.0,0.0
0,491300,KELP,2034.0,20.0,0.0,0.0,0.0,0.0,2037,4,2038.0,20.0,0.0,0.0,2035.5,0.0
0,491400,KELP,2035.0,26.0,0.0,0.0,0.0,0.0,2038,28,0.0,0.0,0.0,0.0,2036.5,0.0
0,491500,KELP,2035.0,22.0,0.0,0.0,0.0,0.0,2038,22,0.0,0.0,0.0,0.0,2036.5,0.0
0,491600,KELP,2035.0,1.0,2034.0,25.0,0.0,0.0,2038,26,0.0,0.0,0.0,0.0,2036.5,0.0
0,491700,KELP,2034.0,28.0,0.0,0.0,0.0,0.0,2038,28,0.0,0.0,0.0,0.0,2036.0,0.0
0,491800,KELP,2035.0,8.0,2034.0,31.0,0.0,0.0,2038,31,0.0,0.0,0.0,0.0,2036.5,0.0
0,491900,KELP,2034.0,24.0,0.0,0.0,0.0,0.0,2038,24,0.0,0.0,0.0,0.0,2036.0,0.0
0,492000,KELP,2034.0,21.0,0.0,0.0,0.0,0.0,2036,5,2038.0,21.0,0.0,0.0,2035.0,0.0
0,492100,KELP,2034.0,22.0,0.0,0.0,0.0,0.0,2038,22,0.0,0.0,0.0,0.0,2036.0,0.0
0,492200,KELP,2034.0,29.0,0.0,0.0,0.0,0.0,2038,29,0.0,0.0,0.0,0.0,2036.0,0.0
0,492300,KELP,2037.0,1.0,2034.0,28.0,0.0,0.0,2038,28,0.0,0.0,0.0,0.0,2037.5,0.0
0,492400,KELP,2034.0,31.0,0.0,0.0,0.0,0.0,2035,1,2036.0,6.0,2038.0,31.0,2034.5,0.0
0,492500,KELP,2034.0,28.0,0.0,0.0,0.0,0.0,2038,28,0.0,0.0,0.0,0.0,2036.0,0.0
0,492600,KELP,2034.0,31.0,0.0,0.0,0.0,0.0,2038,31,0.0,0.0,0.0,0.0,2036.0,0.0
0,492700,KELP,2036.0,1.0,2034.0,31.0,0.0,0.0,2038,31,0.0,0.0,0.0,0.0,2037.0,0.0
0,492800,KELP,2036.0,4.0,2034.0,24.0,0.0,0.0,2038,24,0.0,0.0,0.0,0.0,2037.0,0.0
0,492900,KELP,2034.0,28.0,0.0,0.0,0.0,0.0,2038,28,0.0,0.0,0.0,0.0,2036.0,0.0
0,493000,KELP,2035.0,6.0,2034.0,27.0,0.0,0.0,2038,27,0.0,0.0,0.0,0.0,2036.5,0.0
0,493100,KELP,2035.0,3.0,2034.0,26.0,0.0,0.0,2038,26,0.0,0.0,0.0,0.0,2036.5,0.0
0,493200,KELP,2034.0,27.0,0.0,0.0,0.0,0.0,2038,27,0.0,0.0,0.0,0.0,2036.0,0.0
0,493300,KELP,2037.0,1.0,2034.0,30.0,0.0,0.0,2038,30,0.0,0.0,0.0,0.0,2037.5,0.0
0,493400,KELP,2035.0,4.0,2034.0,24.0,0.0,0.0,2038,24,0.0,0.0,0.0,0.0,2036.5,0.0
0,493500,KELP,2035.0,3.0,2034.0,28.0,0.0,0.0,2038,29,0.0,0.0,0.0,0.0,2036.5,0.0
0,493600,KELP,2034.0,27.0,0.0,0.0,0.0,0.0,2038,28,0.0,0.0,0.0,0.0,2036.0,0.0
0,493700,KELP,2034.0,30.0,0.0,0.0,0.0,0.0,2038,30,0.0,0.0,0.0,0.0,2036.0,0.0
0,493800,KELP,2034.0,23.0,0.0,0.0,0.0,0.0,2036,3,2038.0,23.0,0.0,0.0,2035.0,0.0
0,493900,KELP,2035.0,6.0,2034.0,22.0,0.0,0.0,2038,24,0.0,0.0,0.0,0.0,2036.5,0.0
0,494000,KELP,2034.0,27.0,0.0,0.0,0.0,0.0,2038,27,0.0,0.0,0.0,0.0,2036.0,0.0
0,494100,KELP,2034.0,26.0,0.0,0.0,0.0,0.0,2038,26,0.0,0.0,0.0,0.0,2036.0,0.0
0,494200,KELP,2034.0,28.0,0.0,0.0,0.0,0.0,2038,28,0.0,0.0,0.0,0.0,2036.0,0.0
0,494300,KELP,2034.0,22.0,0.0,0.0,0.0,0.0,2038,22,0.0,0.0,0.0,0.0,2036.0,0.0
0,494400,KELP,2034.0,30.0,0.0,0.0,0.0,0.0,2038,30,0.0,0.0,0.0,0.0,2036.0,0.0
0,494500,KELP,2035.0,3.0,2034.0,31.0,0.0,0.0,2038,31,0.0,0.0,0.0,0.0,2036.5,0.0
0,494600,KELP,2034.0,28.0,0.0,0.0,0.0,0.0,2038,28,0.0,0.0,0.0,0.0,2036.0,0.0
0,494700,KELP,2034.0,21.0,0.0,0.0,0.0,0.0,2038,21,0.0,0.0,0.0,0.0,2036.0,0.0
0,494800,KELP,2037.0,1.0,2035.0,1.0,2034.0,24.0,2038,25,0.0,0.0,0.0,0.0,2037.5,0.0
0,494900,KELP,2035.0,1.0,2034.0,25.0,0.0,0.0,2038,26,0.0,0.0,0.0,0.0,2036.5,0.0
0,495000,KELP,2035.0,24.0,0.0,0.0,0.0,0.0,2037,1,2038.0,25.0,0.0,0.0,2036.0,0.0
0,495100,KELP,2035.0,23.0,0.0,0.0,0.0,0.0,2038,23,0.0,0.0,0.0,0.0,2036.5,0.0
0,495200,KELP,2035.0,26.0,0.0,0.0,0.0,0.0,2038,26,0.0,0.0,0.0,0.0,2036.5,0.0
0,495300,KELP,2035.0,32.0,0.0,0.0,0.0,0.0,2038,24,0.0,0.0,0.0,0.0,2036.5,0.0
0,495400,KELP,2035.0,26.0,0.0,0.0,0.0,0.0,2037,2,2038.0,26.0,0.0,0.0,2036.0,0.0
0,495500,KELP,2035.0,25.0,0.0,0.0,0.0,0.0,2037,1,2038.0,26.0,0.0,0.0,2036.0,0.0
0,495600,KELP,2035.0,22.0,0.0,0.0,0.0,0.0,2038,22,0.0,0.0,0.0,0.0,2036.5,0.0
0,495700,KELP,2035.0,24.0,0.0,0.0,0.0,0.0,2037,5,2038.0,24.0,0.0,0.0,2036.0,0.0
0,495800,KELP,2035.0,22.0,0.0,0.0,0.0,0.0,2038,22,0.0,0.0,0.0,0.0,2036.5,0.0
0,495900,KELP,2035.0,28.0,0.0,0.0,0.0,0.0,2037,1,2038.0,28.0,0.0,0.0,2036.0,0.0
0,496000,KELP,2034.0,24.0,0.0,0.0,0.0,0.0,2038,25,0.0,0.0,0.0,0.0,2036.0,0.0
0,496100,KELP,2035.0,31.0,0.0,0.0,0.0,0.0,2038,31,0.0,0.0,0.0,0.0,2036.5,0.0
0,496200,KELP,2035.0,26.0,0.0,0.0,0.0,0.0,2038,27,0.0,0.0,0.0,0.0,2036.5,0.0
0,496300,KELP,2036.0,5.0,2035.0,23.0,0.0,0.0,2038,23,0.0,0.0,0.0,0.0,2037.0,0.0
0,496400,KELP,2037.0,1.0,2034.0,27.0,0.0,0.0,2038,27,0.0,0.0,0.0,0.0,2037.5,0.0
0,496500,KELP,2036.0,4.0,2035.0,32.0,0.0,0.0,2038,32,0.0,0.0,0.0,0.0,2037.0,0.0
0,496600,KELP,2035.0,26.0,0.0,0.0,0.0,0.0,2038,24,0.0,0.0,0.0,0.0,2036.5,0.0
0,496700,KELP,2037.0,1.0,2035.0,36.0,0.0,0.0,2038,30,0.0,0.0,0.0,0.0,2037.5,0.0
0,496800,KELP,2035.0,26.0,0.0,0.0,0.0,0.0,2038,25,0.0,0.0,0.0,0.0,2036.5,0.0
0,496900,KELP,2035.0,24.0,0.0,0.0,0.0,0.0,2038,24,0.0,0.0,0.0,0.0,2036.5,0.0
0,497000,KELP,2035.0,14.0,0.0,0.0,0.0,0.0,2038,23,0.0,0.0,0.0,0.0,2036.5,0.0
0,497100,KELP,2035.0,27.0,0.0,0.0,0.0,0.0,2038,27,0.0,0.0,0.0,0.0,2036.5,0.0
0,497200,KELP,2035.0,32.0,0.0,0.0,0.0,0.0,2038,27,0.0,0.0,0.0,0.0,2036.5,0.0
0,497300,KELP,2035.0,27.0,0.0,0.0,0.0,0.0,2038,27,0.0,0.0,0.0,0.0,2036.5,0.0
0,497400,KELP,2035.0,31.0,0.0,0.0,0.0,0.0,2038,26,0.0,0.0,0.0,0.0,2036.5,0.0
0,497500,KELP,2035.0,21.0,0.0,0.0,0.0,0.0,2038,21,0.0,0.0,0.0,0.0,2036.5,0.0
0,497600,KELP,2035.0,30.0,0.0,0.0,0.0,0.0,2038,30,0.0,0.0,0.0,0.0,2036.5,0.0
0,497700,KELP,2035.0,31.0,0.0,0.0,0.0,0.0,2038,26,0.0,0.0,0.0,0.0,2036.5,0.0
0,497800,KELP,2035.0,31.0,0.0,0.0,0.0,0.0,2038,31,0.0,0.0,0.0,0.0,2036.5,0.0
0,497900,KELP,2035.0,2.0,2034.0,21.0,0.0,0.0,2038,23,0.0,0.0,0.0,0.0,2036.5,0.0
0,498000,KELP,2035.0,21.0,0.0,0.0,0.0,0.0,2037,6,2038.0,21.0,0.0,0.0,2036.0,0.0
0,498100,KELP,2035.0,27.0,0.0,0.0,0.0,0.0,2037,8,2038.0,27.0,0.0,0.0,2036.0,0.0
0,498200,KELP,2035.0,20.0,0.0,0.0,0.0,0.0,2038,22,0.0,0.0,0.0,0.0,2036.5,0.0
0,498300,KELP,2035.0,28.0,0.0,0.0,0.0,0.0,2038,21,0.0,0.0,0.0,0.0,2036.5,0.0
0,498400,KELP,2035.0,6.0,2034.0,25.0,0.0,0.0,2038,25,0.0,0.0,0.0,0.0,2036.5,0.0
0,498500,KELP,2037.0,1.0,2035.0,5.0,2034.0,24.0,2038,25,0.0,0.0,0.0,0.0,2037.5,0.0
0,498600,KELP,2037.0,1.0,2035.0,9.0,2034.0,24.0,2038,25,0.0,0.0,0.0,0.0,2037.5,0.0
0,498700,KELP,2035.0,2.0,2034.0,20.0,0.0,0.0,2038,22,0.0,0.0,0.0,0.0,2036.5,0.0
0,498800,KELP,2034.0,30.0,0.0,0.0,0.0,0.0,2038,30,0.0,0.0,0.0,0.0,2036.0,0.0
0,498900,KELP,2035.0,1.0,2034.0,23.0,0.0,0.0,2038,24,0.0,0.0,0.0,0.0,2036.5,0.0
0,499000,KELP,2034.0,21.0,0.0,0.0,0.0,0.0,2035,1,2036.0,5.0,2038.0,21.0,2034.5,0.0
0,499100,KELP,2034.0,27.0,0.0,0.0,0.0,0.0,2038,27,0.0,0.0,0.0,0.0,2036.0,0.0
0,499200,KELP,2035.0,3.0,2034.0,28.0,0.0,0.0,2038,28,0.0,0.0,0.0,0.0,2036.5,0.0
0,499300,KELP,2034.0,25.0,0.0,0.0,0.0,0.0,2038,25,0.0,0.0,0.0,0.0,2036.0,0.0
0,499400,KELP,2034.0,28.0,0.0,0.0,0.0,0.0,2035,2,2037.0,1.0,2038.0,24.0,2034.5,0.0
0,499500,KELP,2037.0,1.0,2035.0,2.0,2034.0,23.0,2038,25,0.0,0.0,0.0,0.0,2037.5,0.0
0,499600,KELP,2035.0,1.0,2034.0,30.0,0.0,0.0,2037,6,2038.0,31.0,0.0,0.0,2036.0,0.0
0,499700,KELP,2035.0,20.0,0.0,0.0,0.0,0.0,2038,25,0.0,0.0,0.0,0.0,2036.5,0.0
0,499800,KELP,2035.0,2.0,2034.0,22.0,0.0,0.0,2038,24,0.0,0.0,0.0,0.0,2036.5,0.0
0,499900,KELP,2034.0,26.0,0.0,0.0,0.0,0.0,2038,27,0.0,0.0,0.0,0.0,2036.0,0.0
0,500000,KELP,2034.0,29.0,0.0,0.0,0.0,0.0,2035,1,2038.0,29.0,0.0,0.0,2034.5,0.0
0,500100,KELP,2035.0,25.0,0.0,0.0,0.0,0.0,2038,25,0.0,0.0,0.0,0.0,2036.5,0.0
0,500200,KELP,2034.0,23.0,0.0,0.0,0.0,0.0,2038,23,0.0,0.0,0.0,0.0,2036.0,0.0
0,500300,KELP,2035.0,6.0,2034.0,28.0,0.0,0.0,2038,30,0.0,0.0,0.0,0.0,2036.5,0.0
0,500400,KELP,2035.0,32.0,0.0,0.0,0.0,0.0,2038,32,0.0,0.0,0.0,0.0,2036.5,0.0
0,500500,KELP,2036.0,2.0,2035.0,30.0,0.0,0.0,2038,30,0.0,0.0,0.0,0.0,2037.0,0.0
0,500600,KELP,2035.0,2.0,2034.0,29.0,0.0,0.0,2038,31,0.0,0.0,0.0,0.0,2036.5,0.0
0,500700,KELP,2035.0,30.0,0.0,0.0,0.0,0.0,2037,2,2038.0,30.0,0.0,0.0,2036.0,0.0
0,500800,KELP,2035.0,1.0,2034.0,26.0,0.0,0.0,2038,26,0.0,0.0,0.0,0.0,2036.5,0.0
0,500900,KELP,2037.0,1.0,2035.0,1.0,2034.0,20.0,2038,21,0.0,0.0,0.0,0.0,2037.5,0.0
0,501000,KELP,2034.0,27.0,0.0,0.0,0.0,0.0,2038,27,0.0,0.0,0.0,0.0,2036.0,0.0
0,501100,KELP,2035.0,1.0,2034.0,27.0,0.0,0.0,2036,2,2038.0,28.0,0.0,0.0,2035.5,0.0
0,501200,KELP,2035.0,1.0,2034.0,24.0,0.0,0.0,2038,25,0.0,0.0,0.0,0.0,2036.5,0.0
0,501300,KELP,2034.0,29.0,0.0,0.0,0.0,0.0,2038,29,0.0,0.0,0.0,0.0,2036.0,0.0
0,501400,KELP,2035.0,5.0,2034.0,22.0,0.0,0.0,2038,22,0.0,0.0,0.0,0.0,2036.5,0.0
0,501500,KELP,2036.0,1.0,2035.0,1.0,2034.0,30.0,2038,30,0.0,0.0,0.0,0.0,2037.0,0.0
0,501600,KELP,2034.0,21.0,0.0,0.0,0.0,0.0,2038,21,0.0,0.0,0.0,0.0,2036.0,0.0
0,501700,KELP,2034.0,26.0,0.0,0.0,0.0,0.0,2038,26,0.0,0.0,0.0,0.0,2036.0,0.0
0,501800,KELP,2034.0,28.0,0.0,0.0,0.0,0.0,2038,28,0.0,0.0,0.0,0.0,2036.0,0.0
0,501900,KELP,2034.0,22.0,0.0,0.0,0.0,0.0,2036,3,2038.0,22.0,0.0,0.0,2035.0,0.0
0,502000,KELP,2034.0,31.0,0.0,0.0,0.0,0.0,2038,31,0.0,0.0,0.0,0.0,2036.0,0.0
0,502100,KELP,2034.0,32.0,0.0,0.0,0.0,0.0,2036,7,2038.0,32.0,0.0,0.0,2035.0,0.0
0,502200,KELP,2034.0,25.0,0.0,0.0,0.0,0.0,2037,2,2038.0,23.0,0.0,0.0,2035.5,0.0
0,502300,KELP,2036.0,1.0,2034.0,28.0,0.0,0.0,2037,28,0.0,0.0,0.0,0.0,2036.5,0.0
0,502400,KELP,2034.0,29.0,0.0,0.0,0.0,0.0,2037,2,2038.0,27.0,0.0,0.0,2035.5,0.0
0,502500,KELP,2034.0,23.0,0.0,0.0,0.0,0.0,2037,2,2038.0,22.0,0.0,0.0,2035.5,0.0
0,502600,KELP,2034.0,31.0,0.0,0.0,0.0,0.0,2036,1,2037.0,2.0,2038.0,29.0,2035.0,0.0
0,502700,KELP,2035.0,6.0,2034.0,27.0,0.0,0.0,2037,27,0.0,0.0,0.0,0.0,2036.0,0.0
0,502800,KELP,2034.0,27.0,0.0,0.0,0.0,0.0,2037,27,0.0,0.0,0.0,0.0,2035.5,0.0
0,502900,KELP,2034.0,24.0,0.0,0.0,0.0,0.0,2037,24,0.0,0.0,0.0,0.0,2035.5,0.0
0,503000,KELP,2034.0,31.0,0.0,0.0,0.0,0.0,2037,31,0.0,0.0,0.0,0.0,2035.5,0.0
0,503100,KELP,2034.0,23.0,0.0,0.0,0.0,0.0,2036,5,2037.0,23.0,0.0,0.0,2035.0,0.0
0,503200,KELP,2034.0,24.0,0.0,0.0,0.0,0.0,2037,1,2038.0,23.0,0.0,0.0,2035.5,0.0
0,503300,KELP,2036.0,1.0,2034.0,22.0,0.0,0.0,2038,22,0.0,0.0,0.0,0.0,2037.0,0.0
0,503400,KELP,2035.0,1.0,2034.0,25.0,0.0,0.0,2038,25,0.0,0.0,0.0,0.0,2036.5,0.0
0,503500,KELP,2034.0,20.0,0.0,0.0,0.0,0.0,2037,20,0.0,0.0,0.0,0.0,2035.5,0.0
0,503600,KELP,2034.0,23.0,0.0,0.0,0.0,0.0,2037,23,0.0,0.0,0.0,0.0,2035.5,0.0
0,503700,KELP,2034.0,24.0,0.0,0.0,0.0,0.0,2038,24,0.0,0.0,0.0,0.0,2036.0,0.0
0,503800,KELP,2034.0,24.0,0.0,0.0,0.0,0.0,2035,3,2036.0,4.0,2038.0,24.0,2034.5,0.0
0,503900,KELP,2034.0,30.0,0.0,0.0,0.0,0.0,2038,30,0.0,0.0,0.0,0.0,2036.0,0.0
0,504000,KELP,2036.0,2.0,2034.0,21.0,0.0,0.0,2038,21,0.0,0.0,0.0,0.0,2037.0,0.0
0,504100,KELP,2034.0,24.0,0.0,0.0,0.0,0.0,2038,24,0.0,0.0,0.0,0.0,2036.0,0.0
0,504200,KELP,2034.0,27.0,0.0,0.0,0.0,0.0,2038,27,0.0,0.0,0.0,0.0,2036.0,0.0
0,504300,KELP,2035.0,3.0,2034.0,22.0,0.0,0.0,2038,22,0.0,0.0,0.0,0.0,2036.5,0.0
0,504400,KELP,2034.0,31.0,0.0,0.0,0.0,0.0,2038,31,0.0,0.0,0.0,0.0,2036.0,0.0
0,504500,KELP,2035.0,2.0,2034.0,23.0,0.0,0.0,2036,2,2038.0,25.0,0.0,0.0,2035.5,0.0
0,504600,KELP,2035.0,32.0,0.0,0.0,0.0,0.0,2038,32,0.0,0.0,0.0,0.0,2036.5,0.0
0,504700,KELP,2035.0,20.0,0.0,0.0,0.0,0.0,2037,4,2038.0,20.0,0.0,0.0,2036.0,0.0
0,504800,KELP,2035.0,29.0,0.0,0.0,0.0,0.0,2037,2,2038.0,29.0,0.0,0.0,2036.0,0.0
0,504900,KELP,2035.0,28.0,0.0,0.0,0.0,0.0,2038,28,0.0,0.0,0.0,0.0,2036.5,0.0
0,505000,KELP,2035.0,30.0,0.0,0.0,0.0,0.0,2037,7,2038.0,30.0,0.0,0.0,2036.0,0.0
0,505100,KELP,2037.0,1.0,2035.0,23.0,0.0,0.0,2038,23,0.0,0.0,0.0,0.0,2037.5,0.0
0,505200,KELP,2035.0,21.0,0.0,0.0,0.0,0.0,2038,1,2039.0,20.0,0.0,0.0,2036.5,0.0
0,505300,KELP,2035.0,25.0,0.0,0.0,0.0,0.0,2038,26,0.0,0.0,0.0,0.0,2036.5,0.0
0,505400,KELP,2035.0,24.0,0.0,0.0,0.0,0.0,2038,24,0.0,0.0,0.0,0.0,2036.5,0.0
0,505500,KELP,2037.0,1.0,2035.0,22.0,0.0,0.0,2038,22,0.0,0.0,0.0,0.0,2037.5,0.0
0,505600,KELP,2035.0,22.0,0.0,0.0,0.0,0.0,2037,7,2038.0,22.0,0.0,0.0,2036.0,0.0
0,505700,KELP,2037.0,5.0,2035.0,30.0,0.0,0.0,2038,23,0.0,0.0,0.0,0.0,2037.5,0.0
0,505800,KELP,2035.0,22.0,0.0,0.0,0.0,0.0,2039,22,0.0,0.0,0.0,0.0,2037.0,0.0
0,505900,KELP,2037.0,4.0,2036.0,7.0,2035.0,22.0,2039,22,0.0,0.0,0.0,0.0,2038.0,0.0
0,506000,KELP,2035.0,26.0,0.0,0.0,0.0,0.0,2039,26,0.0,0.0,0.0,0.0,2037.0,0.0
0,506100,KELP,2035.0,25.0,0.0,0.0,0.0,0.0,2039,25,0.0,0.0,0.0,0.0,2037.0,0.0
0,506200,KELP,2035.0,23.0,0.0,0.0,0.0,0.0,2037,2,2039.0,23.0,0.0,0.0,2036.0,0.0
0,506300,KELP,2035.0,21.0,0.0,0.0,0.0,0.0,2039,21,0.0,0.0,0.0,0.0,2037.0,0.0
0,506400,KELP,2035.0,21.0,0.0,0.0,0.0,0.0,2039,21,0.0,0.0,0.0,0.0,2037.0,0.0
0,506500,KELP,2035.0,26.0,0.0,0.0,0.0,0.0,2039,26,0.0,0.0,0.0,0.0,2037.0,0.0
0,506600,KELP,2035.0,24.0,0.0,0.0,0.0,0.0,2037,6,2039.0,24.0,0.0,0.0,2036.0,0.0
0,506700,KELP,2035.0,23.0,0.0,0.0,0.0,0.0,2039,23,0.0,0.0,0.0,0.0,2037.0,0.0
0,506800,KELP,2035.0,30.0,0.0,0.0,0.0,0.0,2039,30,0.0,0.0,0.0,0.0,2037.0,0.0
0,506900,KELP,2035.0,24.0,0.0,0.0,0.0,0.0,2039,24,0.0,0.0,0.0,0.0,2037.0,0.0
0,507000,KELP,2036.0,3.0,2035.0,27.0,0.0,0.0,2039,27,0.0,0.0,0.0,0.0,2037.5,0.0
0,507100,KELP,2036.0,1.0,2035.0,29.0,0.0,0.0,2039,30,0.0,0.0,0.0,0.0,2037.5,0.0
0,507200,KELP,2035.0,22.0,0.0,0.0,0.0,0.0,2039,22,0.0,0.0,0.0,0.0,2037.0,0.0
0,507300,KELP,2037.0,7.0,2035.0,21.0,0.0,0.0,2039,21,0.0,0.0,0.0,0.0,2038.0,0.0
0,507400,KELP,2035.0,25.0,0.0,0.0,0.0,0.0,2039,25,0.0,0.0,0.0,0.0,2037.0,0.0
0,507500,KELP,2036.0,6.0,2035.0,25.0,0.0,0.0,2038,1,2039.0,24.0,0.0,0.0,2037.0,0.0
0,507600,KELP,2035.0,29.0,0.0,0.0,0.0,0.0,2036,5,2039.0,30.0,0.0,0.0,2035.5,0.0
0,507700,KELP,2035.0,28.0,0.0,0.0,0.0,0.0,2039,28,0.0,0.0,0.0,0.0,2037.0,0.0
0,507800,KELP,2035.0,29.0,0.0,0.0,0.0,0.0,2039,29,0.0,0.0,0.0,0.0,2037.0,0.0
0,507900,KELP,2035.0,24.0,0.0,0.0,0.0,0.0,2039,24,0.0,0.0,0.0,0.0,2037.0,0.0
0,508000,KELP,2036.0,6.0,2035.0,20.0,0.0,0.0,2039,20,0.0,0.0,0.0,0.0,2037.5,0.0
0,508100,KELP,2035.0,25.0,0.0,0.0,0.0,0.0,2039,25,0.0,0.0,0.0,0.0,2037.0,0.0
0,508200,KELP,2038.0,1.0,2035.0,29.0,0.0,0.0,2039,29,0.0,0.0,0.0,0.0,2038.5,0.0
0,508300,KELP,2035.0,27.0,0.0,0.0,0.0,0.0,2037,8,2039.0,27.0,0.0,0.0,2036.0,0.0
0,508400,KELP,2035.0,27.0,0.0,0.0,0.0,0.0,2039,27,0.0,0.0,0.0,0.0,2037.0,0.0
0,508500,KELP,2035.0,30.0,0.0,0.0,0.0,0.0,2037,2,2039.0,30.0,0.0,0.0,2036.0,0.0
0,508600,KELP,2035.0,24.0,0.0,0.0,0.0,0.0,2037,4,2039.0,24.0,0.0,0.0,2036.0,0.0
0,508700,KELP,2035.0,29.0,0.0,0.0,0.0,0.0,2038,29,0.0,0.0,0.0,0.0,2036.5,0.0
0,508800,KELP,2035.0,28.0,0.0,0.0,0.0,0.0,2037,3,2038.0,28.0,0.0,0.0,2036.0,0.0
0,508900,KELP,2037.0,1.0,2035.0,21.0,0.0,0.0,2038,21,0.0,0.0,0.0,0.0,2037.5,0.0
0,509000,KELP,2035.0,28.0,0.0,0.0,0.0,0.0,2037,2,2038.0,28.0,0.0,0.0,2036.0,0.0
0,509100,KELP,2035.0,31.0,0.0,0.0,0.0,0.0,2038,31,0.0,0.0,0.0,0.0,2036.5,0.0
0,509200,KELP,2035.0,30.0,0.0,0.0,0.0,0.0,2038,2,2039.0,29.0,0.0,0.0,2036.5,0.0
0,509300,KELP,2035.0,24.0,0.0,0.0,0.0,0.0,2036,3,2038.0,2.0,2039.0,22.0,2035.5,0.0
0,509400,KELP,2035.0,22.0,0.0,0.0,0.0,0.0,2037,2,2038.0,22.0,0.0,0.0,2036.0,0.0
0,509500,KELP,2035.0,18.0,0.0,0.0,0.0,0.0,2036,3,2037.0,6.0,2038.0,24.0,2035.5,0.0
0,509600,KELP,2035.0,25.0,0.0,0.0,0.0,0.0,2039,25,0.0,0.0,0.0,0.0,2037.0,0.0
0,509700,KELP,2037.0,1.0,2035.0,28.0,0.0,0.0,2039,28,0.0,0.0,0.0,0.0,2038.0,0.0
0,509800,KELP,2035.0,26.0,0.0,0.0,0.0,0.0,2037,2,2039.0,26.0,0.0,0.0,2036.0,0.0
0,509900,KELP,2035.0,26.0,0.0,0.0,0.0,0.0,2039,26,0.0,0.0,0.0,0.0,2037.0,0.0
0,510000,KELP,2035.0,29.0,0.0,0.0,0.0,0.0,2037,6,2039.0,29.0,0.0,0.0,2036.0,0.0
0,510100,KELP,2035.0,26.0,0.0,0.0,0.0,0.0,2039,26,0.0,0.0,0.0,0.0,2037.0,0.0
0,510200,KELP,2035.0,20.0,0.0,0.0,0.0,0.0,2039,20,0.0,0.0,0.0,0.0,2037.0,0.0
0,510300,KELP,2035.0,22.0,0.0,0.0,0.0,0.0,2039,22,0.0,0.0,0.0,0.0,2037.0,0.0
0,510400,KELP,2036.0,5.0,2035.0,28.0,0.0,0.0,2039,28,0.0,0.0,0.0,0.0,2037.5,0.0
0,510500,KELP,2035.0,23.0,0.0,0.0,0.0,0.0,2039,23,0.0,0.0,0.0,0.0,2037.0,0.0
0,510600,KELP,2035.0,31.0,0.0,0.0,0.0,0.0,2039,31,0.0,0.0,0.0,0.0,2037.0,0.0
0,510700,KELP,2035.0,22.0,0.0,0.0,0.0,0.0,2037,6,2039.0,22.0,0.0,0.0,2036.0,0.0
0,510800,KELP,2036.0,1.0,2035.0,24.0,0.0,0.0,2039,24,0.0,0.0,0.0,0.0,2037.5,0.0
0,510900,KELP,2035.0,26.0,0.0,0.0,0.0,0.0,2037,2,2039.0,26.0,0.0,0.0,2036.0,0.0
0,511000,KELP,2036.0,2.0,2035.0,24.0,0.0,0.0,2039,26,0.0,0.0,0.0,0.0,2037.5,0.0
0,511100,KELP,2036.0,1.0,2035.0,22.0,0.0,0.0,2038,2,2039.0,23.0,0.0,0.0,2037.0,0.0
0,511200,KELP,2036.0,1.0,2035.0,28.0,0.0,0.0,2039,29,0.0,0.0,0.0,0.0,2037.5,0.0
0,511300,KELP,2036.0,23.0,0.0,0.0,0.0,0.0,2039,23,0.0,0.0,0.0,0.0,2037.5,0.0
0,511400,KELP,2036.0,22.0,0.0,0.0,0.0,0.0,2038,1,2039.0,22.0,0.0,0.0,2037.0,0.0
0,511500,KELP,2037.0,4.0,2035.0,25.0,0.0,0.0,2039,25,0.0,0.0,0.0,0.0,2038.0,0.0
0,511600,KELP,2036.0,33.0,0.0,0.0,0.0,0.0,2039,25,0.0,0.0,0.0,0.0,2037.5,0.0
0,511700,KELP,2036.0,27.0,0.0,0.0,0.0,0.0,2039,23,0.0,0.0,0.0,0.0,2037.5,0.0
0,511800,KELP,2036.0,24.0,0.0,0.0,0.0,0.0,2039,24,0.0,0.0,0.0,0.0,2037.5,0.0
0,511900,KELP,2036.0,24.0,0.0,0.0,0.0,0.0,2039,24,0.0,0.0,0.0,0.0,2037.5,0.0
0,512000,KELP,2036.0,31.0,0.0,0.0,0.0,0.0,2039,31,0.0,0.0,0.0,0.0,2037.5,0.0
0,512100,KELP,2038.0,1.0,2035.0,27.0,0.0,0.0,2039,27,0.0,0.0,0.0,0.0,2038.5,0.0
0,512200,KELP,2035.0,27.0,0.0,0.0,0.0,0.0,2038,28,0.0,0.0,0.0,0.0,2036.5,0.0
0,512300,KELP,2035.0,24.0,0.0,0.0,0.0,0.0,2038,24,0.0,0.0,0.0,0.0,2036.5,0.0
0,512400,KELP,2036.0,4.0,2035.0,26.0,0.0,0.0,2039,26,0.0,0.0,0.0,0.0,2037.5,0.0
0,512500,KELP,2035.0,24.0,0.0,0.0,0.0,0.0,2039,24,0.0,0.0,0.0,0.0,2037.0,0.0
0,512600,KELP,2035.0,23.0,0.0,0.0,0.0,0.0,2039,23,0.0,0.0,0.0,0.0,2037.0,0.0
0,512700,KELP,2036.0,8.0,2035.0,31.0,0.0,0.0,2038,1,2039.0,30.0,0.0,0.0,2037.0,0.0
0,512800,KELP,2036.0,2.0,2035.0,22.0,0.0,0.0,2039,22,0.0,0.0,0.0,0.0,2037.5,0.0
0,512900,KELP,2035.0,22.0,0.0,0.0,0.0,0.0,2037,5,2039.0,22.0,0.0,0.0,2036.0,0.0
0,513000,KELP,2035.0,31.0,0.0,0.0,0.0,0.0,2037,1,2038.0,2.0,2039.0,29.0,2036.0,0.0
0,513100,KELP,2035.0,25.0,0.0,0.0,0.0,0.0,2039,25,0.0,0.0,0.0,0.0,2037.0,0.0
0,513200,KELP,2036.0,3.0,2035.0,24.0,0.0,0.0,2039,24,0.0,0.0,0.0,0.0,2037.5,0.0
0,513300,KELP,2035.0,28.0,0.0,0.0,0.0,0.0,2039,28,0.0,0.0,0.0,0.0,2037.0,0.0
0,513400,KELP,2037.0,1.0,2035.0,23.0,0.0,0.0,2038,1,2039.0,22.0,0.0,0.0,2037.5,0.0
0,513500,KELP,2035.0,25.0,0.0,0.0,0.0,0.0,2038,1,2039.0,24.0,0.0,0.0,2036.5,0.0
0,513600,KELP,2035.0,25.0,0.0,0.0,0.0,0.0,2038,2,2039.0,23.0,0.0,0.0,2036.5,0.0
0,513700,KELP,2037.0,1.0,2035.0,26.0,0.0,0.0,2038,1,2039.0,20.0,0.0,0.0,2037.5,0.0
0,513800,KELP,2035.0,27.0,0.0,0.0,0.0,0.0,2039,27,0.0,0.0,0.0,0.0,2037.0,0.0
0,513900,KELP,2035.0,27.0,0.0,0.0,0.0,0.0,2039,27,0.0,0.0,0.0,0.0,2037.0,0.0
0,514000,KELP,2035.0,27.0,0.0,0.0,0.0,0.0,2039,27,0.0,0.0,0.0,0.0,2037.0,0.0
0,514100,KELP,2035.0,26.0,0.0,0.0,0.0,0.0,2039,26,0.0,0.0,0.0,0.0,2037.0,0.0
0,514200,KELP,2036.0,7.0,2035.0,25.0,0.0,0.0,2039,27,0.0,0.0,0.0,0.0,2037.5,0.0
0,514300,KELP,2036.0,1.0,2035.0,23.0,0.0,0.0,2039,24,0.0,0.0,0.0,0.0,2037.5,0.0
0,514400,KELP,2038.0,1.0,2036.0,2.0,2035.0,21.0,2039,23,0.0,0.0,0.0,0.0,2038.5,0.0
0,514500,KELP,2036.0,26.0,0.0,0.0,0.0,0.0,2038,6,2039.0,26.0,0.0,0.0,2037.0,0.0
0,514600,KELP,2036.0,28.0,0.0,0.0,0.0,0.0,2039,28,0.0,0.0,0.0,0.0,2037.5,0.0
0,514700,KELP,2036.0,23.0,0.0,0.0,0.0,0.0,2039,23,0.0,0.0,0.0,0.0,2037.5,0.0
0,514800,KELP,2036.0,29.0,0.0,0.0,0.0,0.0,2039,29,0.0,0.0,0.0,0.0,2037.5,0.0
0,514900,KELP,2036.0,24.0,0.0,0.0,0.0,0.0,2039,24,0.0,0.0,0.0,0.0,2037.5,0.0
0,515000,KELP,2036.0,22.0,0.0,0.0,0.0,0.0,2039,22,0.0,0.0,0.0,0.0,2037.5,0.0
0,515100,KELP,2035.0,25.0,0.0,0.0,0.0,0.0,2039,25,0.0,0.0,0.0,0.0,2037.0,0.0
0,515200,KELP,2036.0,31.0,0.0,0.0,0.0,0.0,2039,23,0.0,0.0,0.0,0.0,2037.5,0.0
0,515300,KELP,2036.0,26.0,0.0,0.0,0.0,0.0,2038,7,2039.0,26.0,0.0,0.0,2037.0,0.0
0,515400,KELP,2036.0,29.0,0.0,0.0,0.0,0.0,2038,1,2039.0,29.0,0.0,0.0,2037.0,0.0
0,515500,KELP,2036.0,25.0,0.0,0.0,0.0,0.0,2039,25,0.0,0.0,0.0,0.0,2037.5,0.0
0,515600,KELP,2038.0,1.0,2036.0,20.0,0.0,0.0,2039,20,0.0,0.0,0.0,0.0,2038.5,0.0
0,515700,KELP,2036.0,26.0,0.0,0.0,0.0,0.0,2039,26,0.0,0.0,0.0,0.0,2037.5,0.0
0,515800,KELP,2038.0,1.0,2036.0,30.0,0.0,0.0,2039,30,0.0,0.0,0.0,0.0,2038.5,0.0
0,515900,KELP,2036.0,23.0,0.0,0.0,0.0,0.0,2038,1,2039.0,23.0,0.0,0.0,2037.0,0.0
0,516000,KELP,2036.0,25.0,0.0,0.0,0.0,0.0,2039,25,0.0,0.0,0.0,0.0,2037.5,0.0
0,516100,KELP,2036.0,34.0,0.0,0.0,0.0,0.0,2037,5,2039.0,27.0,0.0,0.0,2036.5,0.0
0,516200,KELP,2036.0,24.0,0.0,0.0,0.0,0.0,2039,24,0.0,0.0,0.0,0.0,2037.5,0.0
0,516300,KELP,2036.0,22.0,0.0,0.0,0.0,0.0,2039,22,0.0,0.0,0.0,0.0,2037.5,0.0
0,516400,KELP,2036.0,23.0,0.0,0.0,0.0,0.0,2039,23,0.0,0.0,0.0,0.0,2037.5,0.0
0,516500,KELP,2036.0,38.0,0.0,0.0,0.0,0.0,2039,30,0.0,0.0,0.0,0.0,2037.5,0.0
0,516600,KELP,2036.0,27.0,0.0,0.0,0.0,0.0,2038,3,2039.0,27.0,0.0,0.0,2037.0,0.0
0,516700,KELP,2036.0,24.0,0.0,0.0,0.0,0.0,2039,24,0.0,0.0,0.0,0.0,2037.5,0.0
0,516800,KELP,2036.0,4.0,2035.0,29.0,0.0,0.0,2039,29,0.0,0.0,0.0,0.0,2037.5,0.0
0,516900,KELP,2038.0,1.0,2035.0,27.0,0.0,0.0,2039,27,0.0,0.0,0.0,0.0,2038.5,0.0
0,517000,KELP,2036.0,32.0,0.0,0.0,0.0,0.0,2039,32,0.0,0.0,0.0,0.0,2037.5,0.0
0,517100,KELP,2037.0,5.0,2036.0,21.0,0.0,0.0,2039,21,0.0,0.0,0.0,0.0,2038.0,0.0
0,517200,KELP,2036.0,29.0,0.0,0.0,0.0,0.0,2039,29,0.0,0.0,0.0,0.0,2037.5,0.0
0,517300,KELP,2036.0,26.0,0.0,0.0,0.0,0.0,2039,26,0.0,0.0,0.0,0.0,2037.5,0.0
0,517400,KELP,2036.0,30.0,0.0,0.0,0.0,0.0,2038,3,2039.0,30.0,0.0,0.0,2037.0,0.0
0,517500,KELP,2036.0,28.0,0.0,0.0,0.0,0.0,2040,28,0.0,0.0,0.0,0.0,2038.0,0.0
0,517600,KELP,2036.0,30.0,0.0,0.0,0.0,0.0,2040,30,0.0,0.0,0.0,0.0,2038.0,0.0
0,517700,KELP,2036.0,27.0,0.0,0.0,0.0,0.0,2037,10,2040.0,27.0,0.0,0.0,2036.5,0.0
0,517800,KELP,2036.0,28.0,0.0,0.0,0.0,0.0,2038,2,2040.0,28.0,0.0,0.0,2037.0,0.0
0,517900,KELP,2036.0,22.0,0.0,0.0,0.0,0.0,2038,5,2039.0,22.0,0.0,0.0,2037.0,0.0
0,518000,KELP,2036.0,25.0,0.0,0.0,0.0,0.0,2039,2,2040.0,23.0,0.0,0.0,2037.5,0.0
0,518100,KELP,2036.0,21.0,0.0,0.0,0.0,0.0,2040,21,0.0,0.0,0.0,0.0,2038.0,0.0
0,518200,KELP,2036.0,24.0,0.0,0.0,0.0,0.0,2038,5,2040.0,24.0,0.0,0.0,2037.0,0.0
0,518300,KELP,2037.0,4.0,2036.0,23.0,0.0,0.0,2040,25,0.0,0.0,0.0,0.0,2038.5,0.0
0,518400,KELP,2037.0,3.0,2036.0,30.0,0.0,0.0,2040,30,0.0,0.0,0.0,0.0,2038.5,0.0
0,518500,KELP,2037.0,1.0,2036.0,25.0,0.0,0.0,2040,26,0.0,0.0,0.0,0.0,2038.5,0.0
0,518600,KELP,2037.0,1.0,2036.0,30.0,0.0,0.0,2040,31,0.0,0.0,0.0,0.0,2038.5,0.0
0,518700,KELP,2036.0,22.0,0.0,0.0,0.0,0.0,2038,6,2040.0,22.0,0.0,0.0,2037.0,0.0
0,518800,KELP,2039.0,1.0,2036.0,28.0,0.0,0.0,2040,28,0.0,0.0,0.0,0.0,2039.5,0.0
0,518900,KELP,2037.0,3.0,2036.0,31.0,0.0,0.0,2040,31,0.0,0.0,0.0,0.0,2038.5,0.0
0,519000,KELP,2036.0,27.0,0.0,0.0,0.0,0.0,2039,2,2040.0,25.0,0.0,0.0,2037.5,0.0
0,519100,KELP,2036.0,29.0,0.0,0.0,0.0,0.0,2038,6,2040.0,29.0,0.0,0.0,2037.0,0.0
0,519200,KELP,2036.0,28.0,0.0,0.0,0.0,0.0,2040,28,0.0,0.0,0.0,0.0,2038.0,0.0
0,519300,KELP,2036.0,22.0,0.0,0.0,0.0,0.0,2038,6,2040.0,22.0,0.0,0.0,2037.0,0.0
0,519400,KELP,2036.0,24.0,0.0,0.0,0.0,0.0,2040,24,0.0,0.0,0.0,0.0,2038.0,0.0
0,519500,KELP,2036.0,22.0,0.0,0.0,0.0,0.0,2040,22,0.0,0.0,0.0,0.0,2038.0,0.0
0,519600,KELP,2036.0,26.0,0.0,0.0,0.0,0.0,2040,26,0.0,0.0,0.0,0.0,2038.0,0.0
0,519700,KELP,2036.0,27.0,0.0,0.0,0.0,0.0,2040,27,0.0,0.0,0.0,0.0,2038.0,0.0
0,519800,KELP,2036.0,31.0,0.0,0.0,0.0,0.0,2039,2,2040.0,29.0,0.0,0.0,2037.5,0.0
0,519900,KELP,2036.0,31.0,0.0,0.0,0.0,0.0,2040,31,0.0,0.0,0.0,0.0,2038.0,0.0
0,520000,KELP,2036.0,26.0,0.0,0.0,0.0,0.0,2039,26,0.0,0.0,0.0,0.0,2037.5,0.0
0,520100,KELP,2036.0,21.0,0.0,0.0,0.0,0.0,2039,21,0.0,0.0,0.0,0.0,2037.5,0.0
0,520200,KELP,2036.0,24.0,0.0,0.0,0.0,0.0,2038,5,2039.0,24.0,0.0,0.0,2037.0,0.0
0,520300,KELP,2036.0,24.0,0.0,0.0,0.0,0.0,2039,1,2040.0,23.0,0.0,0.0,2037.5,0.0
0,520400,KELP,2036.0,27.0,0.0,0.0,0.0,0.0,2038,2,2040.0,28.0,0.0,0.0,2037.0,0.0
0,520500,KELP,2036.0,22.0,0.0,0.0,0.0,0.0,2039,22,0.0,0.0,0.0,0.0,2037.5,0.0
0,520600,KELP,2036.0,28.0,0.0,0.0,0.0,0.0,2038,4,2039.0,28.0,0.0,0.0,2037.0,0.0
0,520700,KELP,2036.0,21.0,0.0,0.0,0.0,0.0,2040,21,0.0,0.0,0.0,0.0,2038.0,0.0
0,520800,KELP,2036.0,26.0,0.0,0.0,0.0,0.0,2040,26,0.0,0.0,0.0,0.0,2038.0,0.0
0,520900,KELP,2037.0,4.0,2036.0,25.0,0.0,0.0,2040,25,0.0,0.0,0.0,0.0,2038.5,0.0
0,521000,KELP,2036.0,24.0,0.0,0.0,0.0,0.0,2037,8,2040.0,24.0,0.0,0.0,2036.5,0.0
0,521100,KELP,2036.0,26.0,0.0,0.0,0.0,0.0,2040,26,0.0,0.0,0.0,0.0,2038.0,0.0
0,521200,KELP,2036.0,38.0,0.0,0.0,0.0,0.0,2039,32,0.0,0.0,0.0,0.0,2037.5,0.0
0,521300,KELP,2036.0,24.0,0.0,0.0,0.0,0.0,2040,25,0.0,0.0,0.0,0.0,2038.0,0.0
0,521400,KELP,2036.0,25.0,0.0,0.0,0.0,0.0,2039,1,2040.0,24.0,0.0,0.0,2037.5,0.0
0,521500,KELP,2036.0,28.0,0.0,0.0,0.0,0.0,2039,28,0.0,0.0,0.0,0.0,2037.5,0.0
0,521600,KELP,2036.0,25.0,0.0,0.0,0.0,0.0,2038,7,2039.0,25.0,0.0,0.0,2037.0,0.0
0,521700,KELP,2037.0,5.0,2036.0,30.0,0.0,0.0,2038,7,2039.0,30.0,0.0,0.0,2037.5,0.0
0,521800,KELP,2036.0,22.0,0.0,0.0,0.0,0.0,2039,23,0.0,0.0,0.0,0.0,2037.5,0.0
0,521900,KELP,2036.0,24.0,0.0,0.0,0.0,0.0,2039,24,0.0,0.0,0.0,0.0,2037.5,0.0
0,522000,KELP,2036.0,30.0,0.0,0.0,0.0,0.0,2039,30,0.0,0.0,0.0,0.0,2037.5,0.0
0,522100,KELP,2036.0,25.0,0.0,0.0,0.0,0.0,2038,2,2039.0,25.0,0.0,0.0,2037.0,0.0
0,522200,KELP,2036.0,29.0,0.0,0.0,0.0,0.0,2039,29,0.0,0.0,0.0,0.0,2037.5,0.0
0,522300,KELP,2036.0,28.0,0.0,0.0,0.0,0.0,2038,7,2039.0,28.0,0.0,0.0,2037.0,0.0
0,522400,KELP,2036.0,22.0,0.0,0.0,0.0,0.0,2038,4,2039.0,22.0,0.0,0.0,2037.0,0.0
0,522500,KELP,2036.0,30.0,0.0,0.0,0.0,0.0,2038,2,2039.0,30.0,0.0,0.0,2037.0,0.0
0,522600,KELP,2037.0,3.0,2036.0,22.0,0.0,0.0,2038,7,2039.0,22.0,0.0,0.0,2037.5,0.0
0,522700,KELP,2036.0,20.0,0.0,0.0,0.0,0.0,2040,20,0.0,0.0,0.0,0.0,2038.0,0.0
0,522800,KELP,2036.0,36.0,0.0,0.0,0.0,0.0,2039,29,0.0,0.0,0.0,0.0,2037.5,0.0
0,522900,KELP,2036.0,24.0,0.0,0.0,0.0,0.0,2040,24,0.0,0.0,0.0,0.0,2038.0,0.0
0,523000,KELP,2036.0,24.0,0.0,0.0,0.0,0.0,2038,4,2039.0,24.0,0.0,0.0,2037.0,0.0
0,523100,KELP,2036.0,25.0,0.0,0.0,0.0,0.0,2039,1,2040.0,24.0,0.0,0.0,2037.5,0.0
0,523200,KELP,2036.0,24.0,0.0,0.0,0.0,0.0,2038,6,2039.0,24.0,0.0,0.0,2037.0,0.0
0,523300,KELP,2036.0,27.0,0.0,0.0,0.0,0.0,2039,27,0.0,0.0,0.0,0.0,2037.5,0.0
0,523400,KELP,2036.0,25.0,0.0,0.0,0.0,0.0,2039,25,0.0,0.0,0.0,0.0,2037.5,0.0
0,523500,KELP,2036.0,30.0,0.0,0.0,0.0,0.0,2038,7,2039.0,30.0,0.0,0.0,2037.0,0.0
0,523600,KELP,2038.0,1.0,2036.0,28.0,0.0,0.0,2039,28,0.0,0.0,0.0,0.0,2038.5,0.0
0,523700,KELP,2036.0,25.0,0.0,0.0,0.0,0.0,2039,25,0.0,0.0,0.0,0.0,2037.5,0.0
0,523800,KELP,2035.0,29.0,0.0,0.0,0.0,0.0,2039,29,0.0,0.0,0.0,0.0,2037.0,0.0
0,523900,KELP,2036.0,26.0,0.0,0.0,0.0,0.0,2039,26,0.0,0.0,0.0,0.0,2037.5,0.0
0,524000,KELP,2036.0,2.0,2035.0,30.0,0.0,0.0,2039,32,0.0,0.0,0.0,0.0,2037.5,0.0
0,524100,KELP,2035.0,25.0,0.0,0.0,0.0,0.0,2039,25,0.0,0.0,0.0,0.0,2037.0,0.0
0,524200,KELP,2036.0,2.0,2035.0,28.0,0.0,0.0,2039,29,0.0,0.0,0.0,0.0,2037.5,0.0
0,524300,KELP,2038.0,1.0,2036.0,1.0,2035.0,27.0,2039,28,0.0,0.0,0.0,0.0,2038.5,0.0
0,524400,KELP,2036.0,1.0,2035.0,29.0,0.0,0.0,2039,30,0.0,0.0,0.0,0.0,2037.5,0.0
0,524500,KELP,2036.0,3.0,2035.0,25.0,0.0,0.0,2039,25,0.0,0.0,0.0,0.0,2037.5,0.0
0,524600,KELP,2035.0,29.0,0.0,0.0,0.0,0.0,2039,29,0.0,0.0,0.0,0.0,2037.0,0.0
0,524700,KELP,2035.0,28.0,0.0,0.0,0.0,0.0,2039,28,0.0,0.0,0.0,0.0,2037.0,0.0
0,524800,KELP,2035.0,21.0,0.0,0.0,0.0,0.0,2039,21,0.0,0.0,0.0,0.0,2037.0,0.0
0,524900,KELP,2035.0,26.0,0.0,0.0,0.0,0.0,2039,26,0.0,0.0,0.0,0.0,2037.0,0.0
0,525000,KELP,2035.0,30.0,0.0,0.0,0.0,0.0,2037,2,2039.0,30.0,0.0,0.0,2036.0,0.0
0,525100,KELP,2035.0,31.0,0.0,0.0,0.0,0.0,2039,31,0.0,0.0,0.0,0.0,2037.0,0.0
0,525200,KELP,2035.0,30.0,0.0,0.0,0.0,0.0,2039,30,0.0,0.0,0.0,0.0,2037.0,0.0
0,525300,KELP,2038.0,1.0,2035.0,24.0,0.0,0.0,2039,24,0.0,0.0,0.0,0.0,2038.5,0.0
0,525400,KELP,2035.0,29.0,0.0,0.0,0.0,0.0,2039,29,0.0,0.0,0.0,0.0,2037.0,0.0
0,525500,KELP,2035.0,31.0,0.0,0.0,0.0,0.0,2039,31,0.0,0.0,0.0,0.0,2037.0,0.0
0,525600,KELP,2035.0,30.0,0.0,0.0,0.0,0.0,2037,2,2039.0,30.0,0.0,0.0,2036.0,0.0
0,525700,KELP,2035.0,27.0,0.0,0.0,0.0,0.0,2036,5,2039.0,27.0,0.0,0.0,2035.5,0.0
0,525800,KELP,2035.0,24.0,0.0,0.0,0.0,0.0,2039,24,0.0,0.0,0.0,0.0,2037.0,0.0
0,525900,KELP,2035.0,28.0,0.0,0.0,0.0,0.0,2039,28,0.0,0.0,0.0,0.0,2037.0,0.0
0,526000,KELP,2035.0,23.0,0.0,0.0,0.0,0.0,2038,23,0.0,0.0,0.0,0.0,2036.5,0.0
0,526100,KELP,2035.0,30.0,0.0,0.0,0.0,0.0,2038,30,0.0,0.0,0.0,0.0,2036.5,0.0
0,526200,KELP,2035.0,29.0,0.0,0.0,0.0,0.0,2038,27,0.0,0.0,0.0,0.0,2036.5,0.0
0,526300,KELP,2035.0,30.0,0.0,0.0,0.0,0.0,2038,30,0.0,0.0,0.0,0.0,2036.5,0.0
0,526400,KELP,2035.0,27.0,0.0,0.0,0.0,0.0,2038,27,0.0,0.0,0.0,0.0,2036.5,0.0
0,526500,KELP,2035.0,30.0,0.0,0.0,0.0,0.0,2037,3,2038.0,30.0,0.0,0.0,2036.0,0.0
0,526600,KELP,2035.0,25.0,0.0,0.0,0.0,0.0,2037,6,2038.0,25.0,0.0,0.0,2036.0,0.0
0,526700,KELP,2035.0,24.0,0.0,0.0,0.0,0.0,2038,24,0.0,0.0,0.0,0.0,2036.5,0.0
0,526800,KELP,2035.0,32.0,0.0,0.0,0.0,0.0,2038,28,0.0,0.0,0.0,0.0,2036.5,0.0
0,526900,KELP,2035.0,28.0,0.0,0.0,0.0,0.0,2038,28,0.0,0.0,0.0,0.0,2036.5,0.0
0,527000,KELP,2035.0,26.0,0.0,0.0,0.0,0.0,2038,26,0.0,0.0,0.0,0.0,2036.5,0.0
0,527100,KELP,2035.0,27.0,0.0,0.0,0.0,0.0,2037,1,2038.0,27.0,0.0,0.0,2036.0,0.0
0,527200,KELP,2035.0,27.0,0.0,0.0,0.0,0.0,2038,27,0.0,0.0,0.0,0.0,2036.5,0.0
0,527300,KELP,2037.0,1.0,2035.0,35.0,0.0,0.0,2038,29,0.0,0.0,0.0,0.0,2037.5,0.0
0,527400,KELP,2035.0,29.0,0.0,0.0,0.0,0.0,2038,29,0.0,0.0,0.0,0.0,2036.5,0.0
0,527500,KELP,2037.0,9.0,2035.0,33.0,0.0,0.0,2038,25,0.0,0.0,0.0,0.0,2037.5,0.0
0,527600,KELP,2035.0,25.0,0.0,0.0,0.0,0.0,2038,25,0.0,0.0,0.0,0.0,2036.5,0.0
0,527700,KELP,2035.0,26.0,0.0,0.0,0.0,0.0,2038,26,0.0,0.0,0.0,0.0,2036.5,0.0
0,527800,KELP,2035.0,28.0,0.0,0.0,0.0,0.0,2038,28,0.0,0.0,0.0,0.0,2036.5,0.0
0,527900,KELP,2035.0,27.0,0.0,0.0,0.0,0.0,2038,27,0.0,0.0,0.0,0.0,2036.5,0.0
0,528000,KELP,2035.0,20.0,0.0,0.0,0.0,0.0,2038,20,0.0,0.0,0.0,0.0,2036.5,0.0
0,528100,KELP,2037.0,4.0,2035.0,32.0,0.0,0.0,2038,32,0.0,0.0,0.0,0.0,2037.5,0.0
0,528200,KELP,2035.0,22.0,0.0,0.0,0.0,0.0,2039,22,0.0,0.0,0.0,0.0,2037.0,0.0
0,528300,KELP,2036.0,2.0,2035.0,25.0,0.0,0.0,2039,27,0.0,0.0,0.0,0.0,2037.5,0.0
0,528400,KELP,2035.0,23.0,0.0,0.0,0.0,0.0,2038,2,2039.0,21.0,0.0,0.0,2036.5,0.0
0,528500,KELP,2035.0,24.0,0.0,0.0,0.0,0.0,2038,25,0.0,0.0,0.0,0.0,2036.5,0.0
0,528600,KELP,2035.0,29.0,0.0,0.0,0.0,0.0,2039,29,0.0,0.0,0.0,0.0,2037.0,0.0
0,528700,KELP,2036.0,1.0,2035.0,21.0,0.0,0.0,2039,23,0.0,0.0,0.0,0.0,2037.5,0.0
0,528800,KELP,2036.0,4.0,2035.0,24.0,0.0,0.0,2039,24,0.0,0.0,0.0,0.0,2037.5,0.0
0,528900,KELP,2036.0,2.0,2035.0,27.0,0.0,0.0,2039,29,0.0,0.0,0.0,0.0,2037.5,0.0
0,529000,KELP,2035.0,21.0,0.0,0.0,0.0,0.0,2037,6,2039.0,21.0,0.0,0.0,2036.0,0.0
0,529100,KELP,2035.0,27.0,0.0,0.0,0.0,0.0,2039,27,0.0,0.0,0.0,0.0,2037.0,0.0
0,529200,KELP,2036.0,26.0,0.0,0.0,0.0,0.0,2039,24,0.0,0.0,0.0,0.0,2037.5,0.0
0,529300,KELP,2036.0,21.0,0.0,0.0,0.0,0.0,2039,22,0.0,0.0,0.0,0.0,2037.5,0.0
0,529400,KELP,2036.0,26.0,0.0,0.0,0.0,0.0,2039,26,0.0,0.0,0.0,0.0,2037.5,0.0
0,529500,KELP,2036.0,24.0,0.0,0.0,0.0,0.0,2038,6,2039.0,24.0,0.0,0.0,2037.0,0.0
0,529600,KELP,2036.0,24.0,0.0,0.0,0.0,0.0,2039,24,0.0,0.0,0.0,0.0,2037.5,0.0
0,529700,KELP,2036.0,26.0,0.0,0.0,0.0,0.0,2039,26,0.0,0.0,0.0,0.0,2037.5,0.0
0,529800,KELP,2036.0,27.0,0.0,0.0,0.0,0.0,2039,32,0.0,0.0,0.0,0.0,2037.5,0.0
0,529900,KELP,2036.0,26.0,0.0,0.0,0.0,0.0,2039,26,0.0,0.0,0.0,0.0,2037.5,0.0
0,530000,KELP,2036.0,30.0,0.0,0.0,0.0,0.0,2039,30,0.0,0.0,0.0,0.0,2037.5,0.0
0,530100,KELP,2038.0,1.0,2036.0,26.0,0.0,0.0,2039,26,0.0,0.0,0.0,0.0,2038.5,0.0
0,530200,KELP,2036.0,26.0,0.0,0.0,0.0,0.0,2039,26,0.0,0.0,0.0,0.0,2037.5,0.0
0,530300,KELP,2035.0,22.0,0.0,0.0,0.0,0.0,2039,22,0.0,0.0,0.0,0.0,2037.0,0.0
0,530400,KELP,2035.0,26.0,0.0,0.0,0.0,0.0,2039,26,0.0,0.0,0.0,0.0,2037.0,0.0
0,530500,KELP,2035.0,29.0,0.0,0.0,0.0,0.0,2039,29,0.0,0.0,0.0,0.0,2037.0,0.0
0,530600,KELP,2035.0,30.0,0.0,0.0,0.0,0.0,2037,8,2039.0,30.0,0.0,0.0,2036.0,0.0
0,530700,KELP,2035.0,25.0,0.0,0.0,0.0,0.0,2039,25,0.0,0.0,0.0,0.0,2037.0,0.0
0,530800,KELP,2037.0,2.0,2036.0,2.0,2035.0,30.0,2039,32,0.0,0.0,0.0,0.0,2038.0,0.0
0,530900,KELP,2035.0,25.0,0.0,0.0,0.0,0.0,2039,25,0.0,0.0,0.0,0.0,2037.0,0.0
0,531000,KELP,2038.0,1.0,2035.0,26.0,0.0,0.0,2039,26,0.0,0.0,0.0,0.0,2038.5,0.0
0,531100,KELP,2036.0,7.0,2035.0,26.0,0.0,0.0,2039,26,0.0,0.0,0.0,0.0,2037.5,0.0
0,531200,KELP,2035.0,28.0,0.0,0.0,0.0,0.0,2039,28,0.0,0.0,0.0,0.0,2037.0,0.0
0,531300,KELP,2035.0,23.0,0.0,0.0,0.0,0.0,2039,23,0.0,0.0,0.0,0.0,2037.0,0.0
0,531400,KELP,2036.0,5.0,2035.0,31.0,0.0,0.0,2039,31,0.0,0.0,0.0,0.0,2037.5,0.0
0,531500,KELP,2035.0,27.0,0.0,0.0,0.0,0.0,2038,2,2039.0,25.0,0.0,0.0,2036.5,0.0
0,531600,KELP,2035.0,27.0,0.0,0.0,0.0,0.0,2038,2,2039.0,25.0,0.0,0.0,2036.5,0.0
0,531700,KELP,2035.0,31.0,0.0,0.0,0.0,0.0,2038,2,2039.0,29.0,0.0,0.0,2036.5,0.0
0,531800,KELP,2036.0,8.0,2035.0,28.0,0.0,0.0,2039,28,0.0,0.0,0.0,0.0,2037.5,0.0
0,531900,KELP,2035.0,26.0,0.0,0.0,0.0,0.0,2038,2,2039.0,25.0,0.0,0.0,2036.5,0.0
0,532000,KELP,2035.0,27.0,0.0,0.0,0.0,0.0,2037,3,2039.0,27.0,0.0,0.0,2036.0,0.0
0,532100,KELP,2035.0,23.0,0.0,0.0,0.0,0.0,2039,23,0.0,0.0,0.0,0.0,2037.0,0.0
0,532200,KELP,2035.0,23.0,0.0,0.0,0.0,0.0,2037,5,2039.0,23.0,0.0,0.0,2036.0,0.0
0,532300,KELP,2035.0,27.0,0.0,0.0,0.0,0.0,2039,26,0.0,0.0,0.0,0.0,2037.0,0.0
0,532400,KELP,2035.0,22.0,0.0,0.0,0.0,0.0,2036,5,2038.0,22.0,0.0,0.0,2035.5,0.0
0,532500,KELP,2035.0,22.0,0.0,0.0,0.0,0.0,2038,22,0.0,0.0,0.0,0.0,2036.5,0.0
0,532600,KELP,2035.0,28.0,0.0,0.0,0.0,0.0,2038,28,0.0,0.0,0.0,0.0,2036.5,0.0
0,532700,KELP,2035.0,22.0,0.0,0.0,0.0,0.0,2038,22,0.0,0.0,0.0,0.0,2036.5,0.0
0,532800,KELP,2035.0,29.0,0.0,0.0,0.0,0.0,2038,29,0.0,0.0,0.0,0.0,2036.5,0.0
0,532900,KELP,2035.0,30.0,0.0,0.0,0.0,0.0,2038,22,0.0,0.0,0.0,0.0,2036.5,0.0
0,533000,KELP,2035.0,29.0,0.0,0.0,0.0,0.0,2038,29,0.0,0.0,0.0,0.0,2036.5,0.0
0,533100,KELP,2035.0,24.0,0.0,0.0,0.0,0.0,2038,24,0.0,0.0,0.0,0.0,2036.5,0.0
0,533200,KELP,2037.0,1.0,2035.0,23.0,0.0,0.0,2038,23,0.0,0.0,0.0,0.0,2037.5,0.0
0,533300,KELP,2037.0,1.0,2035.0,24.0,0.0,0.0,2038,24,0.0,0.0,0.0,0.0,2037.5,0.0
0,533400,KELP,2035.0,23.0,0.0,0.0,0.0,0.0,2037,4,2038.0,23.0,0.0,0.0,2036.0,0.0
0,533500,KELP,2035.0,26.0,0.0,0.0,0.0,0.0,2038,26,0.0,0.0,0.0,0.0,2036.5,0.0
0,533600,KELP,2035.0,31.0,0.0,0.0,0.0,0.0,2037,4,2038.0,31.0,0.0,0.0,2036.0,0.0
0,533700,KELP,2035.0,23.0,0.0,0.0,0.0,0.0,2037,4,2038.0,23.0,0.0,0.0,2036.0,0.0
0,533800,KELP,2037.0,1.0,2035.0,22.0,0.0,0.0,2038,2,2039.0,20.0,0.0,0.0,2037.5,0.0
0,533900,KELP,2035.0,32.0,0.0,0.0,0.0,0.0,2039,32,0.0,0.0,0.0,0.0,2037.0,0.0
0,534000,KELP,2035.0,24.0,0.0,0.0,0.0,0.0,2039,24,0.0,0.0,0.0,0.0,2037.0,0.0
0,534100,KELP,2035.0,27.0,0.0,0.0,0.0,0.0,2038,27,0.0,0.0,0.0,0.0,2036.5,0.0
0,534200,KELP,2035.0,24.0,0.0,0.0,0.0,0.0,2038,24,0.0,0.0,0.0,0.0,2036.5,0.0
0,534300,KELP,2037.0,1.0,2036.0,5.0,2035.0,27.0,2039,27,0.0,0.0,0.0,0.0,2038.0,0.0
0,534400,KELP,2037.0,1.0,2035.0,25.0,0.0,0.0,2038,1,2039.0,24.0,0.0,0.0,2037.5,0.0
0,534500,KELP,2037.0,1.0,2035.0,22.0,0.0,0.0,2039,22,0.0,0.0,0.0,0.0,2038.0,0.0
0,534600,KELP,2035.0,31.0,0.0,0.0,0.0,0.0,2038,31,0.0,0.0,0.0,0.0,2036.5,0.0
0,534700,KELP,2035.0,26.0,0.0,0.0,0.0,0.0,2038,27,0.0,0.0,0.0,0.0,2036.5,0.0
0,534800,KELP,2035.0,29.0,0.0,0.0,0.0,0.0,2038,30,0.0,0.0,0.0,0.0,2036.5,0.0
0,534900,KELP,2035.0,20.0,0.0,0.0,0.0,0.0,2038,20,0.0,0.0,0.0,0.0,2036.5,0.0
0,535000,KELP,2035.0,21.0,0.0,0.0,0.0,0.0,2038,21,0.0,0.0,0.0,0.0,2036.5,0.0
0,535100,KELP,2035.0,30.0,0.0,0.0,0.0,0.0,2038,30,0.0,0.0,0.0,0.0,2036.5,0.0
0,535200,KELP,2035.0,21.0,0.0,0.0,0.0,0.0,2038,21,0.0,0.0,0.0,0.0,2036.5,0.0
0,535300,KELP,2035.0,26.0,0.0,0.0,0.0,0.0,2038,26,0.0,0.0,0.0,0.0,2036.5,0.0
0,535400,KELP,2035.0,29.0,0.0,0.0,0.0,0.0,2038,26,0.0,0.0,0.0,0.0,2036.5,0.0
0,535500,KELP,2035.0,27.0,0.0,0.0,0.0,0.0,2037,5,2038.0,27.0,0.0,0.0,2036.0,0.0
0,535600,KELP,2037.0,1.0,2035.0,29.0,0.0,0.0,2038,29,0.0,0.0,0.0,0.0,2037.5,0.0
0,535700,KELP,2035.0,24.0,0.0,0.0,0.0,0.0,2038,24,0.0,0.0,0.0,0.0,2036.5,0.0
0,535800,KELP,2035.0,27.0,0.0,0.0,0.0,0.0,2038,28,0.0,0.0,0.0,0.0,2036.5,0.0
0,535900,KELP,2035.0,17.0,0.0,0.0,0.0,0.0,2038,24,0.0,0.0,0.0,0.0,2036.5,0.0
0,536000,KELP,2035.0,24.0,0.0,0.0,0.0,0.0,2038,24,0.0,0.0,0.0,0.0,2036.5,0.0
0,536100,KELP,2035.0,26.0,0.0,0.0,0.0,0.0,2038,25,0.0,0.0,0.0,0.0,2036.5,0.0
0,536200,KELP,2036.0,6.0,2035.0,26.0,0.0,0.0,2038,26,0.0,0.0,0.0,0.0,2037.0,0.0
0,536300,KELP,2035.0,27.0,0.0,0.0,0.0,0.0,2038,1,2039.0,26.0,0.0,0.0,2036.5,0.0
0,536400,KELP,2035.0,25.0,0.0,0.0,0.0,0.0,2038,25,0.0,0.0,0.0,0.0,2036.5,0.0
0,536500,KELP,2037.0,5.0,2035.0,22.0,0.0,0.0,2038,22,0.0,0.0,0.0,0.0,2037.5,0.0
0,536600,KELP,2035.0,32.0,0.0,0.0,0.0,0.0,2038,32,0.0,0.0,0.0,0.0,2036.5,0.0
0,536700,KELP,2035.0,22.0,0.0,0.0,0.0,0.0,2038,22,0.0,0.0,0.0,0.0,2036.5,0.0
0,536800,KELP,2035.0,25.0,0.0,0.0,0.0,0.0,2037,4,2038.0,25.0,0.0,0.0,2036.0,0.0
0,536900,KELP,2035.0,30.0,0.0,0.0,0.0,0.0,2038,22,0.0,0.0,0.0,0.0,2036.5,0.0
0,537000,KELP,2035.0,29.0,0.0,0.0,0.0,0.0,2038,22,0.0,0.0,0.0,0.0,2036.5,0.0
0,537100,KELP,2035.0,23.0,0.0,0.0,0.0,0.0,2038,23,0.0,0.0,0.0,0.0,2036.5,0.0
0,537200,KELP,2035.0,32.0,0.0,0.0,0.0,0.0,2036,3,2038.0,27.0,0.0,0.0,2035.5,0.0
0,537300,KELP,2035.0,24.0,0.0,0.0,0.0,0.0,2038,24,0.0,0.0,0.0,0.0,2036.5,0.0
0,537400,KELP,2035.0,27.0,0.0,0.0,0.0,0.0,2038,27,0.0,0.0,0.0,0.0,2036.5,0.0
0,537500,KELP,2035.0,23.0,0.0,0.0,0.0,0.0,2038,23,0.0,0.0,0.0,0.0,2036.5,0.0
0,537600,KELP,2035.0,20.0,0.0,0.0,0.0,0.0,2038,21,0.0,0.0,0.0,0.0,2036.5,0.0
0,537700,KELP,2035.0,31.0,0.0,0.0,0.0,0.0,2038,25,0.0,0.0,0.0,0.0,2036.5,0.0
0,537800,KELP,2035.0,28.0,0.0,0.0,0.0,0.0,2038,28,0.0,0.0,0.0,0.0,2036.5,0.0
0,537900,KELP,2035.0,24.0,0.0,0.0,0.0,0.0,2038,24,0.0,0.0,0.0,0.0,2036.5,0.0
0,538000,KELP,2036.0,6.0,2035.0,21.0,0.0,0.0,2038,21,0.0,0.0,0.0,0.0,2037.0,0.0
0,538100,KELP,2035.0,37.0,0.0,0.0,0.0,0.0,2038,31,0.0,0.0,0.0,0.0,2036.5,0.0
0,538200,KELP,2035.0,21.0,0.0,0.0,0.0,0.0,2038,21,0.0,0.0,0.0,0.0,2036.5,0.0
0,538300,KELP,2035.0,21.0,0.0,0.0,0.0,0.0,2038,21,0.0,0.0,0.0,0.0,2036.5,0.0
0,538400,KELP,2035.0,25.0,0.0,0.0,0.0,0.0,2037,7,2038.0,25.0,0.0,0.0,2036.0,0.0
0,538500,KELP,2035.0,34.0,0.0,0.0,0.0,0.0,2038,28,0.0,0.0,0.0,0.0,2036.5,0.0
0,538600,KELP,2035.0,26.0,0.0,0.0,0.0,0.0,2037,7,2038.0,26.0,0.0,0.0,2036.0,0.0
0,538700,KELP,2035.0,30.0,0.0,0.0,0.0,0.0,2038,30,0.0,0.0,0.0,0.0,2036.5,0.0
0,538800,KELP,2035.0,26.0,0.0,0.0,0.0,0.0,2038,1,2039.0,25.0,0.0,0.0,2036.5,0.0
0,538900,KELP,2035.0,25.0,0.0,0.0,0.0,0.0,2038,2,2039.0,23.0,0.0,0.0,2036.5,0.0
0,539000,KELP,2035.0,28.0,0.0,0.0,0.0,0.0,2038,2,2039.0,26.0,0.0,0.0,2036.5,0.0
0,539100,KELP,2035.0,22.0,0.0,0.0,0.0,0.0,2038,2,2039.0,20.0,0.0,0.0,2036.5,0.0
0,539200,KELP,2035.0,23.0,0.0,0.0,0.0,0.0,2036,2,2037.0,5.0,2039.0,23.0,2035.5,0.0
0,539300,KELP,2035.0,29.0,0.0,0.0,0.0,0.0,2039,29,0.0,0.0,0.0,0.0,2037.0,0.0
0,539400,KELP,2037.0,1.0,2035.0,28.0,0.0,0.0,2038,1,2039.0,27.0,0.0,0.0,2037.5,0.0
0,539500,KELP,2035.0,21.0,0.0,0.0,0.0,0.0,2037,7,2039.0,21.0,0.0,0.0,2036.0,0.0
0,539600,KELP,2035.0,30.0,0.0,0.0,0.0,0.0,2039,30,0.0,0.0,0.0,0.0,2037.0,0.0
0,539700,KELP,2036.0,3.0,2035.0,27.0,0.0,0.0,2039,27,0.0,0.0,0.0,0.0,2037.5,0.0
0,539800,KELP,2035.0,22.0,0.0,0.0,0.0,0.0,2037,4,2039.0,22.0,0.0,0.0,2036.0,0.0
0,539900,KELP,2035.0,23.0,0.0,0.0,0.0,0.0,2038,2,2039.0,21.0,0.0,0.0,2036.5,0.0
0,540000,KELP,2037.0,1.0,2035.0,20.0,0.0,0.0,2039,20,0.0,0.0,0.0,0.0,2038.0,0.0
0,540100,KELP,2035.0,22.0,0.0,0.0,0.0,0.0,2039,22,0.0,0.0,0.0,0.0,2037.0,0.0
0,540200,KELP,2035.0,30.0,0.0,0.0,0.0,0.0,2038,30,0.0,0.0,0.0,0.0,2036.5,0.0
0,540300,KELP,2035.0,26.0,0.0,0.0,0.0,0.0,2038,1,2039.0,25.0,0.0,0.0,2036.5,0.0
0,540400,KELP,2035.0,27.0,0.0,0.0,0.0,0.0,2039,27,0.0,0.0,0.0,0.0,2037.0,0.0
0,540500,KELP,2035.0,26.0,0.0,0.0,0.0,0.0,2038,1,2039.0,25.0,0.0,0.0,2036.5,0.0
0,540600,KELP,2035.0,22.0,0.0,0.0,0.0,0.0,2038,2,2039.0,20.0,0.0,0.0,2036.5,0.0
0,540700,KELP,2035.0,21.0,0.0,0.0,0.0,0.0,2039,21,0.0,0.0,0.0,0.0,2037.0,0.0
0,540800,KELP,2035.0,30.0,0.0,0.0,0.0,0.0,2037,5,2038.0,2.0,2039.0,28.0,2036.0,0.0
0,540900,KELP,2037.0,1.0,2035.0,30.0,0.0,0.0,2039,30,0.0,0.0,0.0,0.0,2038.0,0.0
0,541000,KELP,2035.0,25.0,0.0,0.0,0.0,0.0,2038,1,2039.0,24.0,0.0,0.0,2036.5,0.0
0,541100,KELP,2035.0,21.0,0.0,0.0,0.0,0.0,2038,21,0.0,0.0,0.0,0.0,2036.5,0.0
0,541200,KELP,2035.0,27.0,0.0,0.0,0.0,0.0,2038,27,0.0,0.0,0.0,0.0,2036.5,0.0
0,541300,KELP,2035.0,27.0,0.0,0.0,0.0,0.0,2039,27,0.0,0.0,0.0,0.0,2037.0,0.0
0,541400,KELP,2035.0,29.0,0.0,0.0,0.0,0.0,2038,1,2039.0,28.0,0.0,0.0,2036.5,0.0
0,541500,KELP,2035.0,29.0,0.0,0.0,0.0,0.0,2039,29,0.0,0.0,0.0,0.0,2037.0,0.0
0,541600,KELP,2035.0,29.0,0.0,0.0,0.0,0.0,2039,29,0.0,0.0,0.0,0.0,2037.0,0.0
0,541700,KELP,2036.0,6.0,2035.0,24.0,0.0,0.0,2039,24,0.0,0.0,0.0,0.0,2037.5,0.0
0,541800,KELP,2035.0,24.0,0.0,0.0,0.0,0.0,2037,6,2039.0,25.0,0.0,0.0,2036.0,0.0
0,541900,KELP,2035.0,28.0,0.0,0.0,0.0,0.0,2039,28,0.0,0.0,0.0,0.0,2037.0,0.0
0,542000,KELP,2035.0,22.0,0.0,0.0,0.0,0.0,2039,22,0.0,0.0,0.0,0.0,2037.0,0.0
0,542100,KELP,2035.0,22.0,0.0,0.0,0.0,0.0,2037,8,2039.0,22.0,0.0,0.0,2036.0,0.0
0,542200,KELP,2035.0,19.0,0.0,0.0,0.0,0.0,2037,8,2039.0,20.0,0.0,0.0,2036.0,0.0
0,542300,KELP,2036.0,1.0,2035.0,29.0,0.0,0.0,2039,29,0.0,0.0,0.0,0.0,2037.5,0.0
0,542400,KELP,2036.0,2.0,2035.0,29.0,0.0,0.0,2038,2,2039.0,31.0,0.0,0.0,2037.0,0.0
0,542500,KELP,2035.0,22.0,0.0,0.0,0.0,0.0,2038,6,2039.0,22.0,0.0,0.0,2036.5,0.0
0,542600,KELP,2036.0,2.0,2035.0,26.0,0.0,0.0,2039,28,0.0,0.0,0.0,0.0,2037.5,0.0
0,542700,KELP,2035.0,29.0,0.0,0.0,0.0,0.0,2038,4,2039.0,29.0,0.0,0.0,2036.5,0.0
0,542800,KELP,2036.0,1.0,2035.0,25.0,0.0,0.0,2039,26,0.0,0.0,0.0,0.0,2037.5,0.0
0,542900,KELP,2035.0,22.0,0.0,0.0,0.0,0.0,2039,22,0.0,0.0,0.0,0.0,2037.0,0.0
0,543000,KELP,2037.0,5.0,2035.0,24.0,0.0,0.0,2039,24,0.0,0.0,0.0,0.0,2038.0,0.0
0,543100,KELP,2035.0,26.0,0.0,0.0,0.0,0.0,2036,5,2039.0,26.0,0.0,0.0,2035.5,0.0
0,543200,KELP,2035.0,25.0,0.0,0.0,0.0,0.0,2039,25,0.0,0.0,0.0,0.0,2037.0,0.0
0,543300,KELP,2035.0,25.0,0.0,0.0,0.0,0.0,2036,8,2039.0,25.0,0.0,0.0,2035.5,0.0
0,543400,KELP,2036.0,8.0,2035.0,22.0,0.0,0.0,2039,22,0.0,0.0,0.0,0.0,2037.5,0.0
0,543500,KELP,2035.0,29.0,0.0,0.0,0.0,0.0,2036,5,2038.0,29.0,0.0,0.0,2035.5,0.0
0,543600,KELP,2035.0,24.0,0.0,0.0,0.0,0.0,2038,2,2039.0,21.0,0.0,0.0,2036.5,0.0
0,543700,KELP,2035.0,25.0,0.0,0.0,0.0,0.0,2036,7,2039.0,25.0,0.0,0.0,2035.5,0.0
0,543800,KELP,2035.0,22.0,0.0,0.0,0.0,0.0,2039,22,0.0,0.0,0.0,0.0,2037.0,0.0
0,543900,KELP,2035.0,27.0,0.0,0.0,0.0,0.0,2037,6,2039.0,27.0,0.0,0.0,2036.0,0.0
0,544000,KELP,2037.0,1.0,2035.0,25.0,0.0,0.0,2039,25,0.0,0.0,0.0,0.0,2038.0,0.0
0,544100,KELP,2036.0,3.0,2035.0,23.0,0.0,0.0,2039,23,0.0,0.0,0.0,0.0,2037.5,0.0
0,544200,KELP,2036.0,1.0,2035.0,23.0,0.0,0.0,2037,7,2039.0,24.0,0.0,0.0,2036.5,0.0
0,544300,KELP,2035.0,25.0,0.0,0.0,0.0,0.0,2039,25,0.0,0.0,0.0,0.0,2037.0,0.0
0,544400,KELP,2035.0,28.0,0.0,0.0,0.0,0.0,2039,28,0.0,0.0,0.0,0.0,2037.0,0.0
0,544500,KELP,2035.0,25.0,0.0,0.0,0.0,0.0,2039,25,0.0,0.0,0.0,0.0,2037.0,0.0
0,544600,KELP,2036.0,2.0,2035.0,26.0,0.0,0.0,2039,26,0.0,0.0,0.0,0.0,2037.5,0.0
0,544700,KELP,2035.0,29.0,0.0,0.0,0.0,0.0,2039,29,0.0,0.0,0.0,0.0,2037.0,0.0
0,544800,KELP,2035.0,28.0,0.0,0.0,0.0,0.0,2039,28,0.0,0.0,0.0,0.0,2037.0,0.0
0,544900,KELP,2035.0,23.0,0.0,0.0,0.0,0.0,2039,23,0.0,0.0,0.0,0.0,2037.0,0.0
0,545000,KELP,2035.0,23.0,0.0,0.0,0.0,0.0,2037,3,2039.0,23.0,0.0,0.0,2036.0,0.0
0,545100,KELP,2035.0,25.0,0.0,0.0,0.0,0.0,2039,25,0.0,0.0,0.0,0.0,2037.0,0.0
0,545200,KELP,2035.0,30.0,0.0,0.0,0.0,0.0,2039,30,0.0,0.0,0.0,0.0,2037.0,0.0
0,545300,KELP,2035.0,26.0,0.0,0.0,0.0,0.0,2039,26,0.0,0.0,0.0,0.0,2037.0,0.0
0,545400,KELP,2035.0,24.0,0.0,0.0,0.0,0.0,2039,24,0.0,0.0,0.0,0.0,2037.0,0.0
0,545500,KELP,2035.0,28.0,0.0,0.0,0.0,0.0,2039,28,0.0,0.0,0.0,0.0,2037.0,0.0
0,545600,KELP,2035.0,26.0,0.0,0.0,0.0,0.0,2037,4,2039.0,26.0,0.0,0.0,2036.0,0.0
0,545700,KELP,2038.0,1.0,2035.0,28.0,0.0,0.0,2039,28,0.0,0.0,0.0,0.0,2038.5,0.0
0,545800,KELP,2036.0,1.0,2035.0,27.0,0.0,0.0,2039,27,0.0,0.0,0.0,0.0,2037.5,0.0
0,545900,KELP,2035.0,21.0,0.0,0.0,0.0,0.0,2039,21,0.0,0.0,0.0,0.0,2037.0,0.0
0,546000,KELP,2035.0,27.0,0.0,0.0,0.0,0.0,2039,27,0.0,0.0,0.0,0.0,2037.0,0.0
0,546100,KELP,2035.0,24.0,0.0,0.0,0.0,0.0,2039,24,0.0,0.0,0.0,0.0,2037.0,0.0
0,546200,KELP,2035.0,32.0,0.0,0.0,0.0,0.0,2037,2,2039.0,32.0,0.0,0.0,2036.0,0.0
0,546300,KELP,2036.0,2.0,2035.0,29.0,0.0,0.0,2039,29,0.0,0.0,0.0,0.0,2037.5,0.0
0,546400,KELP,2035.0,22.0,0.0,0.0,0.0,0.0,2039,22,0.0,0.0,0.0,0.0,2037.0,0.0
0,546500,KELP,2036.0,3.0,2035.0,21.0,0.0,0.0,2039,21,0.0,0.0,0.0,0.0,2037.5,0.0
0,546600,KELP,2035.0,30.0,0.0,0.0,0.0,0.0,2039,30,0.0,0.0,0.0,0.0,2037.0,0.0
0,546700,KELP,2037.0,3.0,2035.0,24.0,0.0,0.0,2039,24,0.0,0.0,0.0,0.0,2038.0,0.0
0,546800,KELP,2036.0,1.0,2035.0,30.0,0.0,0.0,2039,31,0.0,0.0,0.0,0.0,2037.5,0.0
0,546900,KELP,2036.0,1.0,2035.0,24.0,0.0,0.0,2039,25,0.0,0.0,0.0,0.0,2037.5,0.0
0,547000,KELP,2038.0,1.0,2036.0,2.0,2035.0,26.0,2039,28,0.0,0.0,0.0,0.0,2038.5,0.0
0,547100,KELP,2035.0,27.0,0.0,0.0,0.0,0.0,2039,27,0.0,0.0,0.0,0.0,2037.0,0.0
0,547200,KELP,2036.0,1.0,2035.0,21.0,0.0,0.0,2038,4,2039.0,22.0,0.0,0.0,2037.0,0.0
0,547300,KELP,2035.0,20.0,0.0,0.0,0.0,0.0,2036,1,2038.0,8.0,2039.0,20.0,2035.5,0.0
0,547400,KELP,2036.0,2.0,2035.0,29.0,0.0,0.0,2039,30,0.0,0.0,0.0,0.0,2037.5,0.0
0,547500,KELP,2036.0,24.0,0.0,0.0,0.0,0.0,2039,24,0.0,0.0,0.0,0.0,2037.5,0.0
0,547600,KELP,2038.0,1.0,2036.0,2.0,2035.0,28.0,2039,30,0.0,0.0,0.0,0.0,2038.5,0.0
0,547700,KELP,2037.0,5.0,2036.0,1.0,2035.0,21.0,2039,22,0.0,0.0,0.0,0.0,2038.0,0.0
0,547800,KELP,2035.0,24.0,0.0,0.0,0.0,0.0,2039,24,0.0,0.0,0.0,0.0,2037.0,0.0
0,547900,KELP,2035.0,32.0,0.0,0.0,0.0,0.0,2039,32,0.0,0.0,0.0,0.0,2037.0,0.0
0,548000,KELP,2035.0,28.0,0.0,0.0,0.0,0.0,2039,28,0.0,0.0,0.0,0.0,2037.0,0.0
0,548100,KELP,2035.0,26.0,0.0,0.0,0.0,0.0,2039,26,0.0,0.0,0.0,0.0,2037.0,0.0
0,548200,KELP,2035.0,28.0,0.0,0.0,0.0,0.0,2039,28,0.0,0.0,0.0,0.0,2037.0,0.0
0,548300,KELP,2036.0,4.0,2035.0,31.0,0.0,0.0,2039,31,0.0,0.0,0.0,0.0,2037.5,0.0
0,548400,KELP,2035.0,28.0,0.0,0.0,0.0,0.0,2039,28,0.0,0.0,0.0,0.0,2037.0,0.0
0,548500,KELP,2035.0,30.0,0.0,0.0,0.0,0.0,2038,30,0.0,0.0,0.0,0.0,2036.5,0.0
0,548600,KELP,2037.0,1.0,2035.0,30.0,0.0,0.0,2038,30,0.0,0.0,0.0,0.0,2037.5,0.0
0,548700,KELP,2035.0,29.0,0.0,0.0,0.0,0.0,2038,29,0.0,0.0,0.0,0.0,2036.5,0.0
0,548800,KELP,2035.0,20.0,0.0,0.0,0.0,0.0,2038,20,0.0,0.0,0.0,0.0,2036.5,0.0
0,548900,KELP,2035.0,34.0,0.0,0.0,0.0,0.0,2038,28,0.0,0.0,0.0,0.0,2036.5,0.0
0,549000,KELP,2035.0,28.0,0.0,0.0,0.0,0.0,2038,28,0.0,0.0,0.0,0.0,2036.5,0.0
0,549100,KELP,2035.0,26.0,0.0,0.0,0.0,0.0,2038,26,0.0,0.0,0.0,0.0,2036.5,0.0
0,549200,KELP,2035.0,31.0,0.0,0.0,0.0,0.0,2038,31,0.0,0.0,0.0,0.0,2036.5,0.0
0,549300,KELP,2035.0,26.0,0.0,0.0,0.0,0.0,2039,26,0.0,0.0,0.0,0.0,2037.0,0.0
0,549400,KELP,2035.0,23.0,0.0,0.0,0.0,0.0,2038,23,0.0,0.0,0.0,0.0,2036.5,0.0
0,549500,KELP,2035.0,26.0,0.0,0.0,0.0,0.0,2039,26,0.0,0.0,0.0,0.0,2037.0,0.0
0,549600,KELP,2035.0,25.0,0.0,0.0,0.0,0.0,2039,25,0.0,0.0,0.0,0.0,2037.0,0.0
0,549700,KELP,2035.0,31.0,0.0,0.0,0.0,0.0,2039,31,0.0,0.0,0.0,0.0,2037.0,0.0
0,549800,KELP,2037.0,5.0,2035.0,23.0,0.0,0.0,2039,23,0.0,0.0,0.0,0.0,2038.0,0.0
0,549900,KELP,2035.0,28.0,0.0,0.0,0.0,0.0,2037,6,2039.0,28.0,0.0,0.0,2036.0,0.0
0,550000,KELP,2035.0,28.0,0.0,0.0,0.0,0.0,2038,23,0.0,0.0,0.0,0.0,2036.5,0.0
0,550100,KELP,2035.0,30.0,0.0,0.0,0.0,0.0,2038,30,0.0,0.0,0.0,0.0,2036.5,0.0
0,550200,KELP,2035.0,13.0,0.0,0.0,0.0,0.0,2038,23,0.0,0.0,0.0,0.0,2036.5,0.0
0,550300,KELP,2035.0,32.0,0.0,0.0,0.0,0.0,2038,26,0.0,0.0,0.0,0.0,2036.5,0.0
0,550400,KELP,2035.0,23.0,0.0,0.0,0.0,0.0,2038,23,0.0,0.0,0.0,0.0,2036.5,0.0
0,550500,KELP,2035.0,23.0,0.0,0.0,0.0,0.0,2038,23,0.0,0.0,0.0,0.0,2036.5,0.0
0,550600,KELP,2035.0,29.0,0.0,0.0,0.0,0.0,2038,29,0.0,0.0,0.0,0.0,2036.5,0.0
0,550700,KELP,2035.0,18.0,0.0,0.0,0.0,0.0,2038,21,0.0,0.0,0.0,0.0,2036.5,0.0
0,550800,KELP,2035.0,30.0,0.0,0.0,0.0,0.0,2038,30,0.0,0.0,0.0,0.0,2036.5,0.0
0,550900,KELP,2035.0,25.0,0.0,0.0,0.0,0.0,2037,4,2038.0,25.0,0.0,0.0,2036.0,0.0
0,551000,KELP,2035.0,20.0,0.0,0.0,0.0,0.0,2038,20,0.0,0.0,0.0,0.0,2036.5,0.0
0,551100,KELP,2035.0,26.0,0.0,0.0,0.0,0.0,2038,21,0.0,0.0,0.0,0.0,2036.5,0.0
0,551200,KELP,2035.0,33.0,0.0,0.0,0.0,0.0,2038,29,0.0,0.0,0.0,0.0,2036.5,0.0
0,551300,KELP,2035.0,24.0,0.0,0.0,0.0,0.0,2036,5,2038.0,24.0,0.0,0.0,2035.5,0.0
0,551400,KELP,2035.0,27.0,0.0,0.0,0.0,0.0,2038,21,0.0,0.0,0.0,0.0,2036.5,0.0
0,551500,KELP,2035.0,1.0,2034.0,23.0,0.0,0.0,2038,24,0.0,0.0,0.0,0.0,2036.5,0.0
0,551600,KELP,2035.0,2.0,2034.0,21.0,0.0,0.0,2038,23,0.0,0.0,0.0,0.0,2036.5,0.0
0,551700,KELP,2034.0,32.0,0.0,0.0,0.0,0.0,2038,32,0.0,0.0,0.0,0.0,2036.0,0.0
0,551800,KELP,2034.0,26.0,0.0,0.0,0.0,0.0,2038,26,0.0,0.0,0.0,0.0,2036.0,0.0
0,551900,KELP,2036.0,1.0,2034.0,29.0,0.0,0.0,2037,1,2038.0,28.0,0.0,0.0,2036.5,0.0
0,552000,KELP,2035.0,8.0,2034.0,31.0,0.0,0.0,2038,31,0.0,0.0,0.0,0.0,2036.5,0.0
0,552100,KELP,2034.0,23.0,0.0,0.0,0.0,0.0,2038,23,0.0,0.0,0.0,0.0,2036.0,0.0
0,552200,KELP,2034.0,29.0,0.0,0.0,0.0,0.0,2037,29,0.0,0.0,0.0,0.0,2035.5,0.0
0,552300,KELP,2034.0,15.0,0.0,0.0,0.0,0.0,2037,20,0.0,0.0,0.0,0.0,2035.5,0.0
0,552400,KELP,2034.0,26.0,0.0,0.0,0.0,0.0,2037,26,0.0,0.0,0.0,0.0,2035.5,0.0
0,552500,KELP,2034.0,29.0,0.0,0.0,0.0,0.0,2037,29,0.0,0.0,0.0,0.0,2035.5,0.0
0,552600,KELP,2034.0,25.0,0.0,0.0,0.0,0.0,2037,26,0.0,0.0,0.0,0.0,2035.5,0.0
0,552700,KELP,2034.0,26.0,0.0,0.0,0.0,0.0,2037,26,0.0,0.0,0.0,0.0,2035.5,0.0
0,552800,KELP,2036.0,1.0,2034.0,25.0,0.0,0.0,2037,25,0.0,0.0,0.0,0.0,2036.5,0.0
0,552900,KELP,2034.0,30.0,0.0,0.0,0.0,0.0,2037,30,0.0,0.0,0.0,0.0,2035.5,0.0
0,553000,KELP,2034.0,32.0,0.0,0.0,0.0,0.0,2037,28,0.0,0.0,0.0,0.0,2035.5,0.0
0,553100,KELP,2034.0,24.0,0.0,0.0,0.0,0.0,2037,24,0.0,0.0,0.0,0.0,2035.5,0.0
0,553200,KELP,2034.0,27.0,0.0,0.0,0.0,0.0,2037,27,0.0,0.0,0.0,0.0,2035.5,0.0
0,553300,KELP,2034.0,22.0,0.0,0.0,0.0,0.0,2037,22,0.0,0.0,0.0,0.0,2035.5,0.0
0,553400,KELP,2034.0,22.0,0.0,0.0,0.0,0.0,2037,22,0.0,0.0,0.0,0.0,2035.5,0.0
0,553500,KELP,2034.0,28.0,0.0,0.0,0.0,0.0,2037,29,0.0,0.0,0.0,0.0,2035.5,0.0
0,553600,KELP,2034.0,27.0,0.0,0.0,0.0,0.0,2037,27,0.0,0.0,0.0,0.0,2035.5,0.0
0,553700,KELP,2034.0,22.0,0.0,0.0,0.0,0.0,2037,22,0.0,0.0,0.0,0.0,2035.5,0.0
0,553800,KELP,2034.0,24.0,0.0,0.0,0.0,0.0,2037,24,0.0,0.0,0.0,0.0,2035.5,0.0
0,553900,KELP,2034.0,29.0,0.0,0.0,0.0,0.0,2036,2,2037.0,29.0,0.0,0.0,2035.0,0.0
0,554000,KELP,2034.0,30.0,0.0,0.0,0.0,0.0,2036,3,2037.0,30.0,0.0,0.0,2035.0,0.0
0,554100,KELP,2034.0,30.0,0.0,0.0,0.0,0.0,2037,31,0.0,0.0,0.0,0.0,2035.5,0.0
0,554200,KELP,2034.0,7.0,2033.0,24.0,0.0,0.0,2037,26,0.0,0.0,0.0,0.0,2035.5,0.0
0,554300,KELP,2034.0,24.0,0.0,0.0,0.0,0.0,2036,1,2037.0,24.0,0.0,0.0,2035.0,0.0
0,554400,KELP,2034.0,38.0,0.0,0.0,0.0,0.0,2037,31,0.0,0.0,0.0,0.0,2035.5,0.0
0,554500,KELP,2034.0,24.0,0.0,0.0,0.0,0.0,2036,4,2037.0,24.0,0.0,0.0,2035.0,0.0
0,554600,KELP,2034.0,30.0,0.0,0.0,0.0,0.0,2037,30,0.0,0.0,0.0,0.0,2035.5,0.0
0,554700,KELP,2034.0,24.0,0.0,0.0,0.0,0.0,2037,25,0.0,0.0,0.0,0.0,2035.5,0.0
0,554800,KELP,2034.0,27.0,0.0,0.0,0.0,0.0,2037,27,0.0,0.0,0.0,0.0,2035.5,0.0
0,554900,KELP,2036.0,1.0,2035.0,3.0,2034.0,30.0,2037,2,2038.0,28.0,0.0,0.0,2036.5,0.0
0,555000,KELP,2034.0,31.0,0.0,0.0,0.0,0.0,2036,5,2037.0,31.0,0.0,0.0,2035.0,0.0
0,555100,KELP,2034.0,30.0,0.0,0.0,0.0,0.0,2037,30,0.0,0.0,0.0,0.0,2035.5,0.0
0,555200,KELP,2034.0,28.0,0.0,0.0,0.0,0.0,2036,4,2037.0,28.0,0.0,0.0,2035.0,0.0
0,555300,KELP,2034.0,29.0,0.0,0.0,0.0,0.0,2037,29,0.0,0.0,0.0,0.0,2035.5,0.0
0,555400,KELP,2034.0,25.0,0.0,0.0,0.0,0.0,2036,8,2038.0,25.0,0.0,0.0,2035.0,0.0
0,555500,KELP,2034.0,30.0,0.0,0.0,0.0,0.0,2037,30,0.0,0.0,0.0,0.0,2035.5,0.0
0,555600,KELP,2034.0,23.0,0.0,0.0,0.0,0.0,2037,1,2038.0,22.0,0.0,0.0,2035.5,0.0
0,555700,KELP,2035.0,3.0,2034.0,31.0,0.0,0.0,2037,2,2038.0,29.0,0.0,0.0,2036.0,0.0
0,555800,KELP,2034.0,20.0,0.0,0.0,0.0,0.0,2038,20,0.0,0.0,0.0,0.0,2036.0,0.0
0,555900,KELP,2035.0,2.0,2034.0,24.0,0.0,0.0,2038,26,0.0,0.0,0.0,0.0,2036.5,0.0
0,556000,KELP,2035.0,1.0,2034.0,24.0,0.0,0.0,2038,25,0.0,0.0,0.0,0.0,2036.5,0.0
0,556100,KELP,2035.0,5.0,2034.0,30.0,0.0,0.0,2038,32,0.0,0.0,0.0,0.0,2036.5,0.0
0,556200,KELP,2035.0,1.0,2034.0,30.0,0.0,0.0,2038,31,0.0,0.0,0.0,0.0,2036.5,0.0
0,556300,KELP,2034.0,32.0,0.0,0.0,0.0,0.0,2038,32,0.0,0.0,0.0,0.0,2036.0,0.0
0,556400,KELP,2034.0,22.0,0.0,0.0,0.0,0.0,2038,22,0.0,0.0,0.0,0.0,2036.0,0.0
0,556500,KELP,2034.0,23.0,0.0,0.0,0.0,0.0,2036,2,2038.0,23.0,0.0,0.0,2035.0,0.0
0,556600,KELP,2034.0,26.0,0.0,0.0,0.0,0.0,2036,2,2038.0,26.0,0.0,0.0,2035.0,0.0
0,556700,KELP,2035.0,1.0,2034.0,20.0,0.0,0.0,2038,21,0.0,0.0,0.0,0.0,2036.5,0.0
0,556800,KELP,2034.0,27.0,0.0,0.0,0.0,0.0,2036,4,2038.0,27.0,0.0,0.0,2035.0,0.0
0,556900,KELP,2036.0,3.0,2035.0,1.0,2034.0,22.0,2038,23,0.0,0.0,0.0,0.0,2037.0,0.0
0,557000,KELP,2035.0,28.0,0.0,0.0,0.0,0.0,2038,28,0.0,0.0,0.0,0.0,2036.5,0.0
0,557100,KELP,2035.0,30.0,0.0,0.0,0.0,0.0,2038,30,0.0,0.0,0.0,0.0,2036.5,0.0
0,557200,KELP,2035.0,30.0,0.0,0.0,0.0,0.0,2038,30,0.0,0.0,0.0,0.0,2036.5,0.0
0,557300,KELP,2035.0,30.0,0.0,0.0,0.0,0.0,2038,24,0.0,0.0,0.0,0.0,2036.5,0.0
0,557400,KELP,2034.0,23.0,0.0,0.0,0.0,0.0,2038,23,0.0,0.0,0.0,0.0,2036.0,0.0
0,557500,KELP,2035.0,2.0,2034.0,23.0,0.0,0.0,2038,25,0.0,0.0,0.0,0.0,2036.5,0.0
0,557600,KELP,2035.0,1.0,2034.0,24.0,0.0,0.0,2038,25,0.0,0.0,0.0,0.0,2036.5,0.0
0,557700,KELP,2034.0,25.0,0.0,0.0,0.0,0.0,2038,26,0.0,0.0,0.0,0.0,2036.0,0.0
0,557800,KELP,2035.0,1.0,2034.0,30.0,0.0,0.0,2036,3,2038.0,31.0,0.0,0.0,2035.5,0.0
0,557900,KELP,2035.0,8.0,2034.0,29.0,0.0,0.0,2038,29,0.0,0.0,0.0,0.0,2036.5,0.0
0,558000,KELP,2036.0,1.0,2034.0,31.0,0.0,0.0,2038,31,0.0,0.0,0.0,0.0,2037.0,0.0
0,558100,KELP,2034.0,22.0,0.0,0.0,0.0,0.0,2038,22,0.0,0.0,0.0,0.0,2036.0,0.0
0,558200,KELP,2034.0,21.0,0.0,0.0,0.0,0.0,2038,21,0.0,0.0,0.0,0.0,2036.0,0.0
0,558300,KELP,2035.0,6.0,2034.0,30.0,0.0,0.0,2037,1,2038.0,29.0,0.0,0.0,2036.0,0.0
0,558400,KELP,2034.0,31.0,0.0,0.0,0.0,0.0,2038,31,0.0,0.0,0.0,0.0,2036.0,0.0
0,558500,KELP,2035.0,5.0,2034.0,28.0,0.0,0.0,2038,28,0.0,0.0,0.0,0.0,2036.5,0.0
0,558600,KELP,2034.0,26.0,0.0,0.0,0.0,0.0,2038,26,0.0,0.0,0.0,0.0,2036.0,0.0
0,558700,KELP,2034.0,25.0,0.0,0.0,0.0,0.0,2036,4,2038.0,25.0,0.0,0.0,2035.0,0.0
0,558800,KELP,2034.0,30.0,0.0,0.0,0.0,0.0,2037,30,0.0,0.0,0.0,0.0,2035.5,0.0
0,558900,KELP,2034.0,31.0,0.0,0.0,0.0,0.0,2037,24,0.0,0.0,0.0,0.0,2035.5,0.0
0,559000,KELP,2034.0,33.0,0.0,0.0,0.0,0.0,2037,31,0.0,0.0,0.0,0.0,2035.5,0.0
0,559100,KELP,2034.0,22.0,0.0,0.0,0.0,0.0,2036,4,2037.0,22.0,0.0,0.0,2035.0,0.0
0,559200,KELP,2034.0,25.0,0.0,0.0,0.0,0.0,2037,25,0.0,0.0,0.0,0.0,2035.5,0.0
0,559300,KELP,2034.0,20.0,0.0,0.0,0.0,0.0,2037,20,0.0,0.0,0.0,0.0,2035.5,0.0
0,559400,KELP,2034.0,22.0,0.0,0.0,0.0,0.0,2037,22,0.0,0.0,0.0,0.0,2035.5,0.0
0,559500,KELP,2034.0,26.0,0.0,0.0,0.0,0.0,2037,26,0.0,0.0,0.0,0.0,2035.5,0.0
0,559600,KELP,2034.0,27.0,0.0,0.0,0.0,0.0,2037,27,0.0,0.0,0.0,0.0,2035.5,0.0
0,559700,KELP,2034.0,27.0,0.0,0.0,0.0,0.0,2037,27,0.0,0.0,0.0,0.0,2035.5,0.0
0,559800,KELP,2034.0,31.0,0.0,0.0,0.0,0.0,2036,4,2037.0,31.0,0.0,0.0,2035.0,0.0
0,559900,KELP,2034.0,36.0,0.0,0.0,0.0,0.0,2037,28,0.0,0.0,0.0,0.0,2035.5,0.0
0,560000,KELP,2034.0,28.0,0.0,0.0,0.0,0.0,2035,2,2037.0,28.0,0.0,0.0,2034.5,0.0
0,560100,KELP,2034.0,25.0,0.0,0.0,0.0,0.0,2037,25,0.0,0.0,0.0,0.0,2035.5,0.0
0,560200,KELP,2034.0,32.0,0.0,0.0,0.0,0.0,2037,28,0.0,0.0,0.0,0.0,2035.5,0.0
0,560300,KELP,2034.0,26.0,0.0,0.0,0.0,0.0,2037,26,0.0,0.0,0.0,0.0,2035.5,0.0
0,560400,KELP,2033.0,23.0,0.0,0.0,0.0,0.0,2037,23,0.0,0.0,0.0,0.0,2035.0,0.0
0,560500,KELP,2034.0,31.0,0.0,0.0,0.0,0.0,2037,29,0.0,0.0,0.0,0.0,2035.5,0.0
0,560600,KELP,2034.0,20.0,0.0,0.0,0.0,0.0,2037,20,0.0,0.0,0.0,0.0,2035.5,0.0
0,560700,KELP,2034.0,33.0,0.0,0.0,0.0,0.0,2037,28,0.0,0.0,0.0,0.0,2035.5,0.0
0,560800,KELP,2034.0,1.0,2033.0,21.0,0.0,0.0,2037,22,0.0,0.0,0.0,0.0,2035.5,0.0
0,560900,KELP,2034.0,30.0,0.0,0.0,0.0,0.0,2037,30,0.0,0.0,0.0,0.0,2035.5,0.0
0,561000,KELP,2034.0,22.0,0.0,0.0,0.0,0.0,2037,22,0.0,0.0,0.0,0.0,2035.5,0.0
0,561100,KELP,2033.0,29.0,0.0,0.0,0.0,0.0,2035,1,2037.0,29.0,0.0,0.0,2034.0,0.0
0,561200,KELP,2033.0,27.0,0.0,0.0,0.0,0.0,2034,3,2037.0,29.0,0.0,0.0,2033.5,0.0
0,561300,KELP,2034.0,1.0,2033.0,21.0,0.0,0.0,2036,7,2037.0,22.0,0.0,0.0,2035.0,0.0
0,561400,KELP,2034.0,1.0,2033.0,24.0,0.0,0.0,2037,25,0.0,0.0,0.0,0.0,2035.5,0.0
0,561500,KELP,2033.0,20.0,0.0,0.0,0.0,0.0,2037,20,0.0,0.0,0.0,0.0,2035.0,0.0
0,561600,KELP,2033.0,24.0,0.0,0.0,0.0,0.0,2035,3,2036.0,24.0,0.0,0.0,2034.0,0.0
0,561700,KELP,2033.0,22.0,0.0,0.0,0.0,0.0,2036,22,0.0,0.0,0.0,0.0,2034.5,0.0
0,561800,KELP,2033.0,29.0,0.0,0.0,0.0,0.0,2037,29,0.0,0.0,0.0,0.0,2035.0,0.0
0,561900,KELP,2033.0,31.0,0.0,0.0,0.0,0.0,2037,31,0.0,0.0,0.0,0.0,2035.0,0.0
0,562000,KELP,2033.0,29.0,0.0,0.0,0.0,0.0,2037,29,0.0,0.0,0.0,0.0,2035.0,0.0
0,562100,KELP,2033.0,23.0,0.0,0.0,0.0,0.0,2037,23,0.0,0.0,0.0,0.0,2035.0,0.0
0,562200,KELP,2033.0,26.0,0.0,0.0,0.0,0.0,2035,7,2037.0,26.0,0.0,0.0,2034.0,0.0
0,562300,KELP,2033.0,20.0,0.0,0.0,0.0,0.0,2035,2,2037.0,20.0,0.0,0.0,2034.0,0.0
0,562400,KELP,2033.0,24.0,0.0,0.0,0.0,0.0,2035,1,2037.0,24.0,0.0,0.0,2034.0,0.0
0,562500,KELP,2034.0,27.0,0.0,0.0,0.0,0.0,2037,22,0.0,0.0,0.0,0.0,2035.5,0.0
0,562600,KELP,2034.0,31.0,0.0,0.0,0.0,0.0,2037,31,0.0,0.0,0.0,0.0,2035.5,0.0
0,562700,KELP,2034.0,25.0,0.0,0.0,0.0,0.0,2037,22,0.0,0.0,0.0,0.0,2035.5,0.0
0,562800,KELP,2033.0,28.0,0.0,0.0,0.0,0.0,2037,28,0.0,0.0,0.0,0.0,2035.0,0.0
0,562900,KELP,2034.0,26.0,0.0,0.0,0.0,0.0,2037,24,0.0,0.0,0.0,0.0,2035.5,0.0
0,563000,KELP,2034.0,25.0,0.0,0.0,0.0,0.0,2037,25,0.0,0.0,0.0,0.0,2035.5,0.0
0,563100,KELP,2036.0,1.0,2034.0,24.0,0.0,0.0,2037,24,0.0,0.0,0.0,0.0,2036.5,0.0
0,563200,KELP,2036.0,1.0,2034.0,22.0,0.0,0.0,2037,21,0.0,0.0,0.0,0.0,2036.5,0.0
0,563300,KELP,2034.0,21.0,0.0,0.0,0.0,0.0,2036,5,2037.0,21.0,0.0,0.0,2035.0,0.0
0,563400,KELP,2034.0,31.0,0.0,0.0,0.0,0.0,2037,31,0.0,0.0,0.0,0.0,2035.5,0.0
0,563500,KELP,2034.0,24.0,0.0,0.0,0.0,0.0,2037,24,0.0,0.0,0.0,0.0,2035.5,0.0
0,563600,KELP,2034.0,28.0,0.0,0.0,0.0,0.0,2037,28,0.0,0.0,0.0,0.0,2035.5,0.0
0,563700,KELP,2034.0,29.0,0.0,0.0,0.0,0.0,2037,29,0.0,0.0,0.0,0.0,2035.5,0.0
0,563800,KELP,2034.0,28.0,0.0,0.0,0.0,0.0,2037,1,2038.0,27.0,0.0,0.0,2035.5,0.0
0,563900,KELP,2036.0,1.0,2034.0,23.0,0.0,0.0,2037,23,0.0,0.0,0.0,0.0,2036.5,0.0
0,564000,KELP,2034.0,29.0,0.0,0.0,0.0,0.0,2038,29,0.0,0.0,0.0,0.0,2036.0,0.0
0,564100,KELP,2034.0,25.0,0.0,0.0,0.0,0.0,2037,25,0.0,0.0,0.0,0.0,2035.5,0.0
0,564200,KELP,2034.0,24.0,0.0,0.0,0.0,0.0,2037,25,0.0,0.0,0.0,0.0,2035.5,0.0
0,564300,KELP,2034.0,26.0,0.0,0.0,0.0,0.0,2037,26,0.0,0.0,0.0,0.0,2035.5,0.0
0,564400,KELP,2034.0,29.0,0.0,0.0,0.0,0.0,2037,29,0.0,0.0,0.0,0.0,2035.5,0.0
0,564500,KELP,2034.0,26.0,0.0,0.0,0.0,0.0,2036,1,2037.0,26.0,0.0,0.0,2035.0,0.0
0,564600,KELP,2036.0,1.0,2034.0,22.0,0.0,0.0,2037,22,0.0,0.0,0.0,0.0,2036.5,0.0
0,564700,KELP,2034.0,23.0,0.0,0.0,0.0,0.0,2036,6,2037.0,23.0,0.0,0.0,2035.0,0.0
0,564800,KELP,2034.0,33.0,0.0,0.0,0.0,0.0,2037,29,0.0,0.0,0.0,0.0,2035.5,0.0
0,564900,KELP,2034.0,25.0,0.0,0.0,0.0,0.0,2037,25,0.0,0.0,0.0,0.0,2035.5,0.0
0,565000,KELP,2036.0,1.0,2034.0,23.0,0.0,0.0,2037,23,0.0,0.0,0.0,0.0,2036.5,0.0
0,565100,KELP,2034.0,28.0,0.0,0.0,0.0,0.0,2037,28,0.0,0.0,0.0,0.0,2035.5,0.0
0,565200,KELP,2034.0,23.0,0.0,0.0,0.0,0.0,2036,4,2037.0,24.0,0.0,0.0,2035.0,0.0
0,565300,KELP,2035.0,4.0,2034.0,21.0,0.0,0.0,2038,21,0.0,0.0,0.0,0.0,2036.5,0.0
0,565400,KELP,2034.0,27.0,0.0,0.0,0.0,0.0,2038,27,0.0,0.0,0.0,0.0,2036.0,0.0
0,565500,KELP,2035.0,6.0,2034.0,26.0,0.0,0.0,2037,1,2038.0,25.0,0.0,0.0,2036.0,0.0
0,565600,KELP,2034.0,23.0,0.0,0.0,0.0,0.0,2037,23,0.0,0.0,0.0,0.0,2035.5,0.0
0,565700,KELP,2034.0,24.0,0.0,0.0,0.0,0.0,2037,24,0.0,0.0,0.0,0.0,2035.5,0.0
0,565800,KELP,2034.0,28.0,0.0,0.0,0.0,0.0,2038,29,0.0,0.0,0.0,0.0,2036.0,0.0
0,565900,KELP,2034.0,26.0,0.0,0.0,0.0,0.0,2037,2,2038.0,24.0,0.0,0.0,2035.5,0.0
0,566000,KELP,2034.0,28.0,0.0,0.0,0.0,0.0,2037,28,0.0,0.0,0.0,0.0,2035.5,0.0
0,566100,KELP,2034.0,30.0,0.0,0.0,0.0,0.0,2037,26,0.0,0.0,0.0,0.0,2035.5,0.0
0,566200,KELP,2034.0,25.0,0.0,0.0,0.0,0.0,2037,25,0.0,0.0,0.0,0.0,2035.5,0.0
0,566300,KELP,2034.0,24.0,0.0,0.0,0.0,0.0,2037,24,0.0,0.0,0.0,0.0,2035.5,0.0
0,566400,KELP,2034.0,22.0,0.0,0.0,0.0,0.0,2037,22,0.0,0.0,0.0,0.0,2035.5,0.0
0,566500,KELP,2034.0,21.0,0.0,0.0,0.0,0.0,2037,21,0.0,0.0,0.0,0.0,2035.5,0.0
0,566600,KELP,2035.0,6.0,2034.0,27.0,0.0,0.0,2038,27,0.0,0.0,0.0,0.0,2036.5,0.0
0,566700,KELP,2034.0,30.0,0.0,0.0,0.0,0.0,2037,30,0.0,0.0,0.0,0.0,2035.5,0.0
0,566800,KELP,2036.0,5.0,2034.0,34.0,0.0,0.0,2037,31,0.0,0.0,0.0,0.0,2036.5,0.0
0,566900,KELP,2034.0,30.0,0.0,0.0,0.0,0.0,2037,23,0.0,0.0,0.0,0.0,2035.5,0.0
0,567000,KELP,2034.0,32.0,0.0,0.0,0.0,0.0,2037,30,0.0,0.0,0.0,0.0,2035.5,0.0
0,567100,KELP,2036.0,1.0,2034.0,39.0,0.0,0.0,2037,31,0.0,0.0,0.0,0.0,2036.5,0.0
0,567200,KELP,2034.0,25.0,0.0,0.0,0.0,0.0,2037,25,0.0,0.0,0.0,0.0,2035.5,0.0
0,567300,KELP,2034.0,23.0,0.0,0.0,0.0,0.0,2036,6,2037.0,23.0,0.0,0.0,2035.0,0.0
0,567400,KELP,2034.0,30.0,0.0,0.0,0.0,0.0,2037,22,0.0,0.0,0.0,0.0,2035.5,0.0
0,567500,KELP,2034.0,35.0,0.0,0.0,0.0,0.0,2037,28,0.0,0.0,0.0,0.0,2035.5,0.0
0,567600,KELP,2034.0,21.0,0.0,0.0,0.0,0.0,2037,21,0.0,0.0,0.0,0.0,2035.5,0.0
0,567700,KELP,2034.0,23.0,0.0,0.0,0.0,0.0,2037,23,0.0,0.0,0.0,0.0,2035.5,0.0
0,567800,KELP,2036.0,1.0,2034.0,30.0,0.0,0.0,2037,30,0.0,0.0,0.0,0.0,2036.5,0.0
0,567900,KELP,2034.0,32.0,0.0,0.0,0.0,0.0,2037,32,0.0,0.0,0.0,0.0,2035.5,0.0
0,568000,KELP,2034.0,30.0,0.0,0.0,0.0,0.0,2036,1,2037.0,30.0,0.0,0.0,2035.0,0.0
0,568100,KELP,2034.0,27.0,0.0,0.0,0.0,0.0,2037,27,0.0,0.0,0.0,0.0,2035.5,0.0
0,568200,KELP,2034.0,29.0,0.0,0.0,0.0,0.0,2037,29,0.0,0.0,0.0,0.0,2035.5,0.0
0,568300,KELP,2034.0,26.0,0.0,0.0,0.0,0.0,2037,26,0.0,0.0,0.0,0.0,2035.5,0.0
0,568400,KELP,2036.0,1.0,2034.0,22.0,0.0,0.0,2037,22,0.0,0.0,0.0,0.0,2036.5,0.0
0,568500,KELP,2034.0,30.0,0.0,0.0,0.0,0.0,2037,30,0.0,0.0,0.0,0.0,2035.5,0.0
0,568600,KELP,2034.0,22.0,0.0,0.0,0.0,0.0,2035,5,2036.0,4.0,2037.0,22.0,2034.5,0.0
0,568700,KELP,2034.0,21.0,0.0,0.0,0.0,0.0,2038,21,0.0,0.0,0.0,0.0,2036.0,0.0
0,568800,KELP,2034.0,38.0,0.0,0.0,0.0,0.0,2037,1,2038.0,30.0,0.0,0.0,2035.5,0.0
0,568900,KELP,2034.0,25.0,0.0,0.0,0.0,0.0,2036,4,2037.0,2.0,2038.0,23.0,2035.0,0.0
0,569000,KELP,2034.0,28.0,0.0,0.0,0.0,0.0,2036,8,2038.0,28.0,0.0,0.0,2035.0,0.0
0,569100,KELP,2035.0,1.0,2034.0,23.0,0.0,0.0,2038,23,0.0,0.0,0.0,0.0,2036.5,0.0
0,569200,KELP,2034.0,24.0,0.0,0.0,0.0,0.0,2037,1,2038.0,23.0,0.0,0.0,2035.5,0.0
0,569300,KELP,2037.0,1.0,2034.0,24.0,0.0,0.0,2038,24,0.0,0.0,0.0,0.0,2037.5,0.0
0,569400,KELP,2034.0,29.0,0.0,0.0,0.0,0.0,2038,29,0.0,0.0,0.0,0.0,2036.0,0.0
0,569500,KELP,2036.0,2.0,2035.0,8.0,2034.0,22.0,2038,22,0.0,0.0,0.0,0.0,2037.0,0.0
0,569600,KELP,2034.0,25.0,0.0,0.0,0.0,0.0,2038,26,0.0,0.0,0.0,0.0,2036.0,0.0
0,569700,KELP,2035.0,2.0,2034.0,22.0,0.0,0.0,2038,22,0.0,0.0,0.0,0.0,2036.5,0.0
0,569800,KELP,2034.0,22.0,0.0,0.0,0.0,0.0,2038,23,0.0,0.0,0.0,0.0,2036.0,0.0
0,569900,KELP,2034.0,25.0,0.0,0.0,0.0,0.0,2038,25,0.0,0.0,0.0,0.0,2036.0,0.0
0,570000,KELP,2036.0,3.0,2034.0,20.0,0.0,0.0,2038,20,0.0,0.0,0.0,0.0,2037.0,0.0
0,570100,KELP,2034.0,26.0,0.0,0.0,0.0,0.0,2037,26,0.0,0.0,0.0,0.0,2035.5,0.0
0,570200,KELP,2034.0,31.0,0.0,0.0,0.0,0.0,2037,25,0.0,0.0,0.0,0.0,2035.5,0.0
0,570300,KELP,2036.0,1.0,2034.0,33.0,0.0,0.0,2037,26,0.0,0.0,0.0,0.0,2036.5,0.0
0,570400,KELP,2034.0,21.0,0.0,0.0,0.0,0.0,2037,1,2038.0,20.0,0.0,0.0,2035.5,0.0
0,570500,KELP,2034.0,28.0,0.0,0.0,0.0,0.0,2037,28,0.0,0.0,0.0,0.0,2035.5,0.0
0,570600,KELP,2036.0,8.0,2034.0,30.0,0.0,0.0,2037,2,2038.0,28.0,0.0,0.0,2036.5,0.0
0,570700,KELP,2034.0,24.0,0.0,0.0,0.0,0.0,2038,24,0.0,0.0,0.0,0.0,2036.0,0.0
0,570800,KELP,2034.0,35.0,0.0,0.0,0.0,0.0,2037,27,0.0,0.0,0.0,0.0,2035.5,0.0
0,570900,KELP,2036.0,1.0,2035.0,3.0,2034.0,20.0,2038,20,0.0,0.0,0.0,0.0,2037.0,0.0
0,571000,KELP,2034.0,25.0,0.0,0.0,0.0,0.0,2036,8,2037.0,2.0,2038.0,23.0,2035.0,0.0
0,571100,KELP,2034.0,25.0,0.0,0.0,0.0,0.0,2036,2,2037.0,1.0,2038.0,24.0,2035.0,0.0
0,571200,KELP,2035.0,2.0,2034.0,23.0,0.0,0.0,2037,1,2038.0,22.0,0.0,0.0,2036.0,0.0
0,571300,KELP,2034.0,25.0,0.0,0.0,0.0,0.0,2037,25,0.0,0.0,0.0,0.0,2035.5,0.0
0,571400,KELP,2036.0,1.0,2034.0,26.0,0.0,0.0,2037,2,2038.0,24.0,0.0,0.0,2036.5,0.0
0,571500,KELP,2034.0,26.0,0.0,0.0,0.0,0.0,2037,2,2038.0,25.0,0.0,0.0,2035.5,0.0
0,571600,KELP,2035.0,4.0,2034.0,26.0,0.0,0.0,2036,8,2037.0,2.0,2038.0,24.0,2035.5,0.0
0,571700,KELP,2034.0,29.0,0.0,0.0,0.0,0.0,2037,1,2038.0,28.0,0.0,0.0,2035.5,0.0
0,571800,KELP,2034.0,28.0,0.0,0.0,0.0,0.0,2038,28,0.0,0.0,0.0,0.0,2036.0,0.0
0,571900,KELP,2035.0,6.0,2034.0,30.0,0.0,0.0,2036,8,2037.0,30.0,0.0,0.0,2035.5,0.0
0,572000,KELP,2034.0,29.0,0.0,0.0,0.0,0.0,2037,29,0.0,0.0,0.0,0.0,2035.5,0.0
0,572100,KELP,2034.0,29.0,0.0,0.0,0.0,0.0,2037,29,0.0,0.0,0.0,0.0,2035.5,0.0
0,572200,KELP,2034.0,26.0,0.0,0.0,0.0,0.0,2037,26,0.0,0.0,0.0,0.0,2035.5,0.0
0,572300,KELP,2034.0,30.0,0.0,0.0,0.0,0.0,2036,6,2037.0,31.0,0.0,0.0,2035.0,0.0
0,572400,KELP,2034.0,27.0,0.0,0.0,0.0,0.0,2037,23,0.0,0.0,0.0,0.0,2035.5,0.0
0,572500,KELP,2036.0,1.0,2034.0,30.0,0.0,0.0,2037,30,0.0,0.0,0.0,0.0,2036.5,0.0
0,572600,KELP,2034.0,27.0,0.0,0.0,0.0,0.0,2037,27,0.0,0.0,0.0,0.0,2035.5,0.0
0,572700,KELP,2034.0,20.0,0.0,0.0,0.0,0.0,2036,2,2037.0,20.0,0.0,0.0,2035.0,0.0
0,572800,KELP,2034.0,23.0,0.0,0.0,0.0,0.0,2037,23,0.0,0.0,0.0,0.0,2035.5,0.0
0,572900,KELP,2034.0,22.0,0.0,0.0,0.0,0.0,2037,22,0.0,0.0,0.0,0.0,2035.5,0.0
0,573000,KELP,2034.0,24.0,0.0,0.0,0.0,0.0,2037,24,0.0,0.0,0.0,0.0,2035.5,0.0
0,573100,KELP,2034.0,29.0,0.0,0.0,0.0,0.0,2036,6,2037.0,29.0,0.0,0.0,2035.0,0.0
0,573200,KELP,2034.0,27.0,0.0,0.0,0.0,0.0,2037,27,0.0,0.0,0.0,0.0,2035.5,0.0
0,573300,KELP,2036.0,1.0,2034.0,29.0,0.0,0.0,2037,29,0.0,0.0,0.0,0.0,2036.5,0.0
0,573400,KELP,2034.0,25.0,0.0,0.0,0.0,0.0,2036,1,2037.0,25.0,0.0,0.0,2035.0,0.0
0,573500,KELP,2034.0,31.0,0.0,0.0,0.0,0.0,2037,31,0.0,0.0,0.0,0.0,2035.5,0.0
0,573600,KELP,2034.0,26.0,0.0,0.0,0.0,0.0,2036,5,2037.0,26.0,0.0,0.0,2035.0,0.0
0,573700,KELP,2034.0,20.0,0.0,0.0,0.0,0.0,2037,20,0.0,0.0,0.0,0.0,2035.5,0.0
0,573800,KELP,2036.0,1.0,2033.0,21.0,0.0,0.0,2037,21,0.0,0.0,0.0,0.0,2036.5,0.0
0,573900,KELP,2034.0,21.0,0.0,0.0,0.0,0.0,2037,21,0.0,0.0,0.0,0.0,2035.5,0.0
0,574000,KELP,2034.0,32.0,0.0,0.0,0.0,0.0,2036,7,2037.0,32.0,0.0,0.0,2035.0,0.0
0,574100,KELP,2034.0,23.0,0.0,0.0,0.0,0.0,2037,23,0.0,0.0,0.0,0.0,2035.5,0.0
0,574200,KELP,2034.0,22.0,0.0,0.0,0.0,0.0,2036,3,2037.0,22.0,0.0,0.0,2035.0,0.0
0,574300,KELP,2034.0,21.0,0.0,0.0,0.0,0.0,2037,21,0.0,0.0,0.0,0.0,2035.5,0.0
0,574400,KELP,2036.0,1.0,2034.0,29.0,0.0,0.0,2037,29,0.0,0.0,0.0,0.0,2036.5,0.0
0,574500,KELP,2036.0,1.0,2034.0,27.0,0.0,0.0,2037,27,0.0,0.0,0.0,0.0,2036.5,0.0
0,574600,KELP,2034.0,1.0,2033.0,20.0,0.0,0.0,2037,21,0.0,0.0,0.0,0.0,2035.5,0.0
0,574700,KELP,2034.0,1.0,2033.0,30.0,0.0,0.0,2037,31,0.0,0.0,0.0,0.0,2035.5,0.0
0,574800,KELP,2034.0,2.0,2033.0,25.0,0.0,0.0,2037,27,0.0,0.0,0.0,0.0,2035.5,0.0
0,574900,KELP,2034.0,1.0,2033.0,20.0,0.0,0.0,2037,21,0.0,0.0,0.0,0.0,2035.5,0.0
0,575000,KELP,2033.0,27.0,0.0,0.0,0.0,0.0,2037,27,0.0,0.0,0.0,0.0,2035.0,0.0
0,575100,KELP,2033.0,27.0,0.0,0.0,0.0,0.0,2034,5,2037.0,27.0,0.0,0.0,2033.5,0.0
0,575200,KELP,2033.0,31.0,0.0,0.0,0.0,0.0,2037,31,0.0,0.0,0.0,0.0,2035.0,0.0
0,575300,KELP,2033.0,22.0,0.0,0.0,0.0,0.0,2034,1,2037.0,22.0,0.0,0.0,2033.5,0.0
0,575400,KELP,2034.0,26.0,0.0,0.0,0.0,0.0,2037,22,0.0,0.0,0.0,0.0,2035.5,0.0
0,575500,KELP,2034.0,31.0,0.0,0.0,0.0,0.0,2037,31,0.0,0.0,0.0,0.0,2035.5,0.0
0,575600,KELP,2034.0,30.0,0.0,0.0,0.0,0.0,2037,30,0.0,0.0,0.0,0.0,2035.5,0.0
0,575700,KELP,2034.0,22.0,0.0,0.0,0.0,0.0,2037,22,0.0,0.0,0.0,0.0,2035.5,0.0
0,575800,KELP,2034.0,28.0,0.0,0.0,0.0,0.0,2036,2,2037.0,28.0,0.0,0.0,2035.0,0.0
0,575900,KELP,2034.0,24.0,0.0,0.0,0.0,0.0,2037,24,0.0,0.0,0.0,0.0,2035.5,0.0
0,576000,KELP,2034.0,30.0,0.0,0.0,0.0,0.0,2037,24,0.0,0.0,0.0,0.0,2035.5,0.0
0,576100,KELP,2034.0,26.0,0.0,0.0,0.0,0.0,2037,26,0.0,0.0,0.0,0.0,2035.5,0.0
0,576200,KELP,2036.0,1.0,2035.0,5.0,2034.0,29.0,2037,29,0.0,0.0,0.0,0.0,2036.5,0.0
0,576300,KELP,2034.0,24.0,0.0,0.0,0.0,0.0,2037,25,0.0,0.0,0.0,0.0,2035.5,0.0
0,576400,KELP,2034.0,31.0,0.0,0.0,0.0,0.0,2037,31,0.0,0.0,0.0,0.0,2035.5,0.0
0,576500,KELP,2034.0,23.0,0.0,0.0,0.0,0.0,2037,23,0.0,0.0,0.0,0.0,2035.5,0.0
0,576600,KELP,2034.0,24.0,0.0,0.0,0.0,0.0,2037,24,0.0,0.0,0.0,0.0,2035.5,0.0
0,576700,KELP,2035.0,3.0,2034.0,27.0,0.0,0.0,2037,21,0.0,0.0,0.0,0.0,2036.0,0.0
0,576800,KELP,2034.0,23.0,0.0,0.0,0.0,0.0,2036,5,2037.0,2.0,2038.0,21.0,2035.0,0.0
0,576900,KELP,2034.0,22.0,0.0,0.0,0.0,0.0,2036,7,2037.0,2.0,2038.0,21.0,2035.0,0.0
0,577000,KELP,2034.0,29.0,0.0,0.0,0.0,0.0,2038,29,0.0,0.0,0.0,0.0,2036.0,0.0
0,577100,KELP,2034.0,24.0,0.0,0.0,0.0,0.0,2038,24,0.0,0.0,0.0,0.0,2036.0,0.0
0,577200,KELP,2034.0,27.0,0.0,0.0,0.0,0.0,2038,27,0.0,0.0,0.0,0.0,2036.0,0.0
0,577300,KELP,2034.0,24.0,0.0,0.0,0.0,0.0,2038,24,0.0,0.0,0.0,0.0,2036.0,0.0
0,577400,KELP,2034.0,24.0,0.0,0.0,0.0,0.0,2036,7,2038.0,25.0,0.0,0.0,2035.0,0.0
0,577500,KELP,2034.0,22.0,0.0,0.0,0.0,0.0,2036,3,2038.0,22.0,0.0,0.0,2035.0,0.0
0,577600,KELP,2037.0,1.0,2034.0,25.0,0.0,0.0,2038,25,0.0,0.0,0.0,0.0,2037.5,0.0
0,577700,KELP,2034.0,25.0,0.0,0.0,0.0,0.0,2038,25,0.0,0.0,0.0,0.0,2036.0,0.0
0,577800,KELP,2034.0,23.0,0.0,0.0,0.0,0.0,2038,23,0.0,0.0,0.0,0.0,2036.0,0.0
0,577900,KELP,2034.0,28.0,0.0,0.0,0.0,0.0,2038,28,0.0,0.0,0.0,0.0,2036.0,0.0
0,578000,KELP,2035.0,1.0,2034.0,21.0,0.0,0.0,2036,1,2038.0,22.0,0.0,0.0,2035.5,0.0
0,578100,KELP,2034.0,26.0,0.0,0.0,0.0,0.0,2038,26,0.0,0.0,0.0,0.0,2036.0,0.0
0,578200,KELP,2035.0,3.0,2034.0,29.0,0.0,0.0,2038,30,0.0,0.0,0.0,0.0,2036.5,0.0
0,578300,KELP,2035.0,22.0,0.0,0.0,0.0,0.0,2038,23,0.0,0.0,0.0,0.0,2036.5,0.0
0,578400,KELP,2035.0,22.0,0.0,0.0,0.0,0.0,2038,22,0.0,0.0,0.0,0.0,2036.5,0.0
0,578500,KELP,2035.0,30.0,0.0,0.0,0.0,0.0,2037,3,2038.0,30.0,0.0,0.0,2036.0,0.0
0,578600,KELP,2036.0,6.0,2035.0,30.0,0.0,0.0,2038,30,0.0,0.0,0.0,0.0,2037.0,0.0
0,578700,KELP,2035.0,27.0,0.0,0.0,0.0,0.0,2037,8,2038.0,27.0,0.0,0.0,2036.0,0.0
0,578800,KELP,2035.0,37.0,0.0,0.0,0.0,0.0,2038,29,0.0,0.0,0.0,0.0,2036.5,0.0
0,578900,KELP,2035.0,23.0,0.0,0.0,0.0,0.0,2038,23,0.0,0.0,0.0,0.0,2036.5,0.0
0,579000,KELP,2035.0,35.0,0.0,0.0,0.0,0.0,2036,2,2038.0,31.0,0.0,0.0,2035.5,0.0
0,579100,KELP,2035.0,25.0,0.0,0.0,0.0,0.0,2038,25,0.0,0.0,0.0,0.0,2036.5,0.0
0,579200,KELP,2035.0,34.0,0.0,0.0,0.0,0.0,2038,26,0.0,0.0,0.0,0.0,2036.5,0.0
0,579300,KELP,2035.0,28.0,0.0,0.0,0.0,0.0,2038,29,0.0,0.0,0.0,0.0,2036.5,0.0
0,579400,KELP,2035.0,23.0,0.0,0.0,0.0,0.0,2038,23,0.0,0.0,0.0,0.0,2036.5,0.0
0,579500,KELP,2035.0,24.0,0.0,0.0,0.0,0.0,2038,24,0.0,0.0,0.0,0.0,2036.5,0.0
0,579600,KELP,2035.0,21.0,0.0,0.0,0.0,0.0,2038,20,0.0,0.0,0.0,0.0,2036.5,0.0
0,579700,KELP,2035.0,26.0,0.0,0.0,0.0,0.0,2038,26,0.0,0.0,0.0,0.0,2036.5,0.0
0,579800,KELP,2037.0,1.0,2035.0,24.0,0.0,0.0,2038,24,0.0,0.0,0.0,0.0,2037.5,0.0
0,579900,KELP,2035.0,22.0,0.0,0.0,0.0,0.0,2038,22,0.0,0.0,0.0,0.0,2036.5,0.0
0,580000,KELP,2035.0,21.0,0.0,0.0,0.0,0.0,2037,6,2038.0,21.0,0.0,0.0,2036.0,0.0
0,580100,KELP,2035.0,29.0,0.0,0.0,0.0,0.0,2038,29,0.0,0.0,0.0,0.0,2036.5,0.0
0,580200,KELP,2035.0,26.0,0.0,0.0,0.0,0.0,2038,26,0.0,0.0,0.0,0.0,2036.5,0.0
0,580300,KELP,2036.0,4.0,2035.0,22.0,0.0,0.0,2038,22,0.0,0.0,0.0,0.0,2037.0,0.0
0,580400,KELP,2035.0,24.0,0.0,0.0,0.0,0.0,2038,24,0.0,0.0,0.0,0.0,2036.5,0.0
0,580500,KELP,2035.0,22.0,0.0,0.0,0.0,0.0,2038,23,0.0,0.0,0.0,0.0,2036.5,0.0
0,580600,KELP,2035.0,28.0,0.0,0.0,0.0,0.0,2037,1,2038.0,28.0,0.0,0.0,2036.0,0.0
0,580700,KELP,2035.0,19.0,0.0,0.0,0.0,0.0,2038,24,0.0,0.0,0.0,0.0,2036.5,0.0
0,580800,KELP,2037.0,1.0,2035.0,31.0,0.0,0.0,2038,31,0.0,0.0,0.0,0.0,2037.5,0.0
0,580900,KELP,2035.0,27.0,0.0,0.0,0.0,0.0,2038,27,0.0,0.0,0.0,0.0,2036.5,0.0
0,581000,KELP,2035.0,26.0,0.0,0.0,0.0,0.0,2038,26,0.0,0.0,0.0,0.0,2036.5,0.0
0,581100,KELP,2035.0,30.0,0.0,0.0,0.0,0.0,2038,30,0.0,0.0,0.0,0.0,2036.5,0.0
0,581200,KELP,2035.0,26.0,0.0,0.0,0.0,0.0,2038,26,0.0,0.0,0.0,0.0,2036.5,0.0
0,581300,KELP,2035.0,26.0,0.0,0.0,0.0,0.0,2038,26,0.0,0.0,0.0,0.0,2036.5,0.0
0,581400,KELP,2035.0,31.0,0.0,0.0,0.0,0.0,2038,31,0.0,0.0,0.0,0.0,2036.5,0.0
0,581500,KELP,2035.0,21.0,0.0,0.0,0.0,0.0,2037,1,2038.0,21.0,0.0,0.0,2036.0,0.0
0,581600,KELP,2037.0,1.0,2035.0,27.0,0.0,0.0,2038,27,0.0,0.0,0.0,0.0,2037.5,0.0
0,581700,KELP,2035.0,29.0,0.0,0.0,0.0,0.0,2038,23,0.0,0.0,0.0,0.0,2036.5,0.0
0,581800,KELP,2035.0,25.0,0.0,0.0,0.0,0.0,2038,23,0.0,0.0,0.0,0.0,2036.5,0.0
0,581900,KELP,2035.0,21.0,0.0,0.0,0.0,0.0,2038,21,0.0,0.0,0.0,0.0,2036.5,0.0
0,582000,KELP,2035.0,19.0,0.0,0.0,0.0,0.0,2038,20,0.0,0.0,0.0,0.0,2036.5,0.0
0,582100,KELP,2034.0,26.0,0.0,0.0,0.0,0.0,2038,26,0.0,0.0,0.0,0.0,2036.0,0.0
0,582200,KELP,2035.0,26.0,0.0,0.0,0.0,0.0,2038,26,0.0,0.0,0.0,0.0,2036.5,0.0
0,582300,KELP,2034.0,21.0,0.0,0.0,0.0,0.0,2038,21,0.0,0.0,0.0,0.0,2036.0,0.0
0,582400,KELP,2034.0,30.0,0.0,0.0,0.0,0.0,2036,5,2038.0,30.0,0.0,0.0,2035.0,0.0
0,582500,KELP,2035.0,7.0,2034.0,22.0,0.0,0.0,2038,22,0.0,0.0,0.0,0.0,2036.5,0.0
0,582600,KELP,2035.0,2.0,2034.0,23.0,0.0,0.0,2038,25,0.0,0.0,0.0,0.0,2036.5,0.0
0,582700,KELP,2034.0,29.0,0.0,0.0,0.0,0.0,2035,1,2038.0,29.0,0.0,0.0,2034.5,0.0
0,582800,KELP,2035.0,1.0,2034.0,25.0,0.0,0.0,2038,26,0.0,0.0,0.0,0.0,2036.5,0.0
0,582900,KELP,2034.0,22.0,0.0,0.0,0.0,0.0,2036,6,2038.0,22.0,0.0,0.0,2035.0,0.0
0,583000,KELP,2035.0,6.0,2034.0,21.0,0.0,0.0,2038,22,0.0,0.0,0.0,0.0,2036.5,0.0
0,583100,KELP,2034.0,20.0,0.0,0.0,0.0,0.0,2038,20,0.0,0.0,0.0,0.0,2036.0,0.0
0,583200,KELP,2035.0,20.0,0.0,0.0,0.0,0.0,2038,21,0.0,0.0,0.0,0.0,2036.5,0.0
0,583300,KELP,2034.0,21.0,0.0,0.0,0.0,0.0,2038,21,0.0,0.0,0.0,0.0,2036.0,0.0
0,583400,KELP,2035.0,23.0,0.0,0.0,0.0,0.0,2038,23,0.0,0.0,0.0,0.0,2036.5,0.0
0,583500,KELP,2035.0,2.0,2034.0,28.0,0.0,0.0,2038,30,0.0,0.0,0.0,0.0,2036.5,0.0
0,583600,KELP,2035.0,26.0,0.0,0.0,0.0,0.0,2036,2,2037.0,4.0,2038.0,27.0,2035.5,0.0
0,583700,KELP,2035.0,27.0,0.0,0.0,0.0,0.0,2038,27,0.0,0.0,0.0,0.0,2036.5,0.0
0,583800,KELP,2034.0,25.0,0.0,0.0,0.0,0.0,2038,25,0.0,0.0,0.0,0.0,2036.0,0.0
0,583900,KELP,2034.0,20.0,0.0,0.0,0.0,0.0,2038,21,0.0,0.0,0.0,0.0,2036.0,0.0
0,584000,KELP,2035.0,2.0,2034.0,22.0,0.0,0.0,2038,24,0.0,0.0,0.0,0.0,2036.5,0.0
0,584100,KELP,2034.0,23.0,0.0,0.0,0.0,0.0,2038,23,0.0,0.0,0.0,0.0,2036.0,0.0
0,584200,KELP,2034.0,26.0,0.0,0.0,0.0,0.0,2038,26,0.0,0.0,0.0,0.0,2036.0,0.0
0,584300,KELP,2034.0,23.0,0.0,0.0,0.0,0.0,2038,23,0.0,0.0,0.0,0.0,2036.0,0.0
0,584400,KELP,2034.0,23.0,0.0,0.0,0.0,0.0,2038,23,0.0,0.0,0.0,0.0,2036.0,0.0
0,584500,KELP,2034.0,24.0,0.0,0.0,0.0,0.0,2038,24,0.0,0.0,0.0,0.0,2036.0,0.0
0,584600,KELP,2035.0,33.0,0.0,0.0,0.0,0.0,2038,30,0.0,0.0,0.0,0.0,2036.5,0.0
0,584700,KELP,2035.0,3.0,2034.0,30.0,0.0,0.0,2038,30,0.0,0.0,0.0,0.0,2036.5,0.0
0,584800,KELP,2034.0,26.0,0.0,0.0,0.0,0.0,2038,26,0.0,0.0,0.0,0.0,2036.0,0.0
0,584900,KELP,2035.0,5.0,2034.0,24.0,0.0,0.0,2038,24,0.0,0.0,0.0,0.0,2036.5,0.0
0,585000,KELP,2034.0,27.0,0.0,0.0,0.0,0.0,2036,3,2038.0,27.0,0.0,0.0,2035.0,0.0
0,585100,KELP,2034.0,22.0,0.0,0.0,0.0,0.0,2035,1,2038.0,22.0,0.0,0.0,2034.5,0.0
0,585200,KELP,2035.0,8.0,2034.0,21.0,0.0,0.0,2038,21,0.0,0.0,0.0,0.0,2036.5,0.0
0,585300,KELP,2035.0,30.0,0.0,0.0,0.0,0.0,2038,30,0.0,0.0,0.0,0.0,2036.5,0.0
0,585400,KELP,2035.0,1.0,2034.0,21.0,0.0,0.0,2038,22,0.0,0.0,0.0,0.0,2036.5,0.0
0,585500,KELP,2034.0,26.0,0.0,0.0,0.0,0.0,2038,26,0.0,0.0,0.0,0.0,2036.0,0.0
0,585600,KELP,2034.0,29.0,0.0,0.0,0.0,0.0,2036,3,2038.0,29.0,0.0,0.0,2035.0,0.0
0,585700,KELP,2035.0,6.0,2034.0,22.0,0.0,0.0,2038,22,0.0,0.0,0.0,0.0,2036.5,0.0
0,585800,KELP,2034.0,25.0,0.0,0.0,0.0,0.0,2038,25,0.0,0.0,0.0,0.0,2036.0,0.0
0,585900,KELP,2034.0,31.0,0.0,0.0,0.0,0.0,2035,6,2038.0,31.0,0.0,0.0,2034.5,0.0
0,586000,KELP,2036.0,1.0,2034.0,27.0,0.0,0.0,2038,27,0.0,0.0,0.0,0.0,2037.0,0.0
0,586100,KELP,2034.0,32.0,0.0,0.0,0.0,0.0,2037,2,2038.0,30.0,0.0,0.0,2035.5,0.0
0,586200,KELP,2034.0,25.0,0.0,0.0,0.0,0.0,2038,25,0.0,0.0,0.0,0.0,2036.0,0.0
0,586300,KELP,2034.0,22.0,0.0,0.0,0.0,0.0,2037,2,2038.0,20.0,0.0,0.0,2035.5,0.0
0,586400,KELP,2034.0,33.0,0.0,0.0,0.0,0.0,2038,27,0.0,0.0,0.0,0.0,2036.0,0.0
0,586500,KELP,2034.0,24.0,0.0,0.0,0.0,0.0,2037,2,2038.0,22.0,0.0,0.0,2035.5,0.0
0,586600,KELP,2034.0,30.0,0.0,0.0,0.0,0.0,2037,2,2038.0,24.0,0.0,0.0,2035.5,0.0
0,586700,KELP,2034.0,26.0,0.0,0.0,0.0,0.0,2037,2,2038.0,24.0,0.0,0.0,2035.5,0.0
0,586800,KELP,2034.0,27.0,0.0,0.0,0.0,0.0,2036,4,2037.0,2.0,2038.0,25.0,2035.0,0.0
0,586900,KELP,2036.0,1.0,2034.0,32.0,0.0,0.0,2037,2,2038.0,30.0,0.0,0.0,2036.5,0.0
0,587000,KELP,2035.0,2.0,2034.0,26.0,0.0,0.0,2038,26,0.0,0.0,0.0,0.0,2036.5,0.0
0,587100,KELP,2034.0,31.0,0.0,0.0,0.0,0.0,2038,31,0.0,0.0,0.0,0.0,2036.0,0.0
0,587200,KELP,2034.0,30.0,0.0,0.0,0.0,0.0,2038,30,0.0,0.0,0.0,0.0,2036.0,0.0
0,587300,KELP,2036.0,1.0,2034.0,23.0,0.0,0.0,2038,23,0.0,0.0,0.0,0.0,2037.0,0.0
0,587400,KELP,2034.0,24.0,0.0,0.0,0.0,0.0,2038,24,0.0,0.0,0.0,0.0,2036.0,0.0
0,587500,KELP,2034.0,26.0,0.0,0.0,0.0,0.0,2035,3,2037.0,2.0,2038.0,24.0,2034.5,0.0
0,587600,KELP,2034.0,29.0,0.0,0.0,0.0,0.0,2037,29,0.0,0.0,0.0,0.0,2035.5,0.0
0,587700,KELP,2036.0,1.0,2034.0,22.0,0.0,0.0,2037,22,0.0,0.0,0.0,0.0,2036.5,0.0
0,587800,KELP,2034.0,24.0,0.0,0.0,0.0,0.0,2038,24,0.0,0.0,0.0,0.0,2036.0,0.0
0,587900,KELP,2034.0,28.0,0.0,0.0,0.0,0.0,2037,1,2038.0,27.0,0.0,0.0,2035.5,0.0
0,588000,KELP,2034.0,31.0,0.0,0.0,0.0,0.0,2037,31,0.0,0.0,0.0,0.0,2035.5,0.0
0,588100,KELP,2034.0,28.0,0.0,0.0,0.0,0.0,2037,28,0.0,0.0,0.0,0.0,2035.5,0.0
0,588200,KELP,2034.0,22.0,0.0,0.0,0.0,0.0,2036,6,2037.0,22.0,0.0,0.0,2035.0,0.0
0,588300,KELP,2034.0,21.0,0.0,0.0,0.0,0.0,2037,25,0.0,0.0,0.0,0.0,2035.5,0.0
0,588400,KELP,2034.0,22.0,0.0,0.0,0.0,0.0,2037,22,0.0,0.0,0.0,0.0,2035.5,0.0
0,588500,KELP,2034.0,9.0,2033.0,21.0,0.0,0.0,2037,22,0.0,0.0,0.0,0.0,2035.5,0.0
0,588600,KELP,2034.0,1.0,2033.0,24.0,0.0,0.0,2037,25,0.0,0.0,0.0,0.0,2035.5,0.0
0,588700,KELP,2034.0,2.0,2033.0,30.0,0.0,0.0,2037,32,0.0,0.0,0.0,0.0,2035.5,0.0
0,588800,KELP,2034.0,1.0,2033.0,24.0,0.0,0.0,2035,6,2037.0,25.0,0.0,0.0,2034.5,0.0
0,588900,KELP,2034.0,2.0,2033.0,27.0,0.0,0.0,2037,29,0.0,0.0,0.0,0.0,2035.5,0.0
0,589000,KELP,2034.0,1.0,2033.0,31.0,0.0,0.0,2037,31,0.0,0.0,0.0,0.0,2035.5,0.0
0,589100,KELP,2033.0,28.0,0.0,0.0,0.0,0.0,2035,2,2037.0,28.0,0.0,0.0,2034.0,0.0
0,589200,KELP,2033.0,27.0,0.0,0.0,0.0,0.0,2035,5,2036.0,27.0,0.0,0.0,2034.0,0.0
0,589300,KELP,2034.0,36.0,0.0,0.0,0.0,0.0,2037,29,0.0,0.0,0.0,0.0,2035.5,0.0
0,589400,KELP,2034.0,1.0,2033.0,30.0,0.0,0.0,2037,31,0.0,0.0,0.0,0.0,2035.5,0.0
0,589500,KELP,2034.0,8.0,2033.0,24.0,0.0,0.0,2037,24,0.0,0.0,0.0,0.0,2035.5,0.0
0,589600,KELP,2033.0,27.0,0.0,0.0,0.0,0.0,2037,27,0.0,0.0,0.0,0.0,2035.0,0.0
0,589700,KELP,2034.0,29.0,0.0,0.0,0.0,0.0,2037,29,0.0,0.0,0.0,0.0,2035.5,0.0
0,589800,KELP,2034.0,1.0,2033.0,28.0,0.0,0.0,2037,29,0.0,0.0,0.0,0.0,2035.5,0.0
0,589900,KELP,2034.0,26.0,0.0,0.0,0.0,0.0,2037,26,0.0,0.0,0.0,0.0,2035.5,0.0
0,590000,KELP,2034.0,1.0,2033.0,20.0,0.0,0.0,2036,6,2037.0,21.0,0.0,0.0,2035.0,0.0
0,590100,KELP,2034.0,32.0,0.0,0.0,0.0,0.0,2037,32,0.0,0.0,0.0,0.0,2035.5,0.0
0,590200,KELP,2034.0,29.0,0.0,0.0,0.0,0.0,2037,29,0.0,0.0,0.0,0.0,2035.5,0.0
0,590300,KELP,2034.0,29.0,0.0,0.0,0.0,0.0,2037,30,0.0,0.0,0.0,0.0,2035.5,0.0
0,590400,KELP,2034.0,37.0,0.0,0.0,0.0,0.0,2037,30,0.0,0.0,0.0,0.0,2035.5,0.0
0,590500,KELP,2034.0,26.0,0.0,0.0,0.0,0.0,2037,26,0.0,0.0,0.0,0.0,2035.5,0.0
0,590600,KELP,2034.0,34.0,0.0,0.0,0.0,0.0,2037,32,0.0,0.0,0.0,0.0,2035.5,0.0
0,590700,KELP,2036.0,10.0,2034.0,25.0,0.0,0.0,2037,25,0.0,0.0,0.0,0.0,2036.5,0.0
0,590800,KELP,2034.0,33.0,0.0,0.0,0.0,0.0,2037,28,0.0,0.0,0.0,0.0,2035.5,0.0
0,590900,KELP,2034.0,31.0,0.0,0.0,0.0,0.0,2037,27,0.0,0.0,0.0,0.0,2035.5,0.0
0,591000,KELP,2036.0,1.0,2034.0,24.0,0.0,0.0,2037,24,0.0,0.0,0.0,0.0,2036.5,0.0
0,591100,KELP,2034.0,20.0,0.0,0.0,0.0,0.0,2037,20,0.0,0.0,0.0,0.0,2035.5,0.0
0,591200,KELP,2034.0,24.0,0.0,0.0,0.0,0.0,2036,5,2037.0,24.0,0.0,0.0,2035.0,0.0
0,591300,KELP,2034.0,29.0,0.0,0.0,0.0,0.0,2036,5,2037.0,30.0,0.0,0.0,2035.0,0.0
0,591400,KELP,2034.0,32.0,0.0,0.0,0.0,0.0,2037,2,2038.0,30.0,0.0,0.0,2035.5,0.0
0,591500,KELP,2034.0,23.0,0.0,0.0,0.0,0.0,2037,1,2038.0,23.0,0.0,0.0,2035.5,0.0
0,591600,KELP,2036.0,1.0,2034.0,22.0,0.0,0.0,2038,22,0.0,0.0,0.0,0.0,2037.0,0.0
0,591700,KELP,2034.0,27.0,0.0,0.0,0.0,0.0,2037,27,0.0,0.0,0.0,0.0,2035.5,0.0
0,591800,KELP,2034.0,27.0,0.0,0.0,0.0,0.0,2037,27,0.0,0.0,0.0,0.0,2035.5,0.0
0,591900,KELP,2034.0,25.0,0.0,0.0,0.0,0.0,2036,5,2037.0,25.0,0.0,0.0,2035.0,0.0
0,592000,KELP,2034.0,28.0,0.0,0.0,0.0,0.0,2037,29,0.0,0.0,0.0,0.0,2035.5,0.0
0,592100,KELP,2034.0,28.0,0.0,0.0,0.0,0.0,2037,29,0.0,0.0,0.0,0.0,2035.5,0.0
0,592200,KELP,2034.0,26.0,0.0,0.0,0.0,0.0,2037,27,0.0,0.0,0.0,0.0,2035.5,0.0
0,592300,KELP,2034.0,28.0,0.0,0.0,0.0,0.0,2037,28,0.0,0.0,0.0,0.0,2035.5,0.0
0,592400,KELP,2034.0,28.0,0.0,0.0,0.0,0.0,2037,28,0.0,0.0,0.0,0.0,2035.5,0.0
0,592500,KELP,2034.0,24.0,0.0,0.0,0.0,0.0,2037,24,0.0,0.0,0.0,0.0,2035.5,0.0
0,592600,KELP,2034.0,27.0,0.0,0.0,0.0,0.0,2037,27,0.0,0.0,0.0,0.0,2035.5,0.0
0,592700,KELP,2034.0,30.0,0.0,0.0,0.0,0.0,2037,30,0.0,0.0,0.0,0.0,2035.5,0.0
0,592800,KELP,2034.0,26.0,0.0,0.0,0.0,0.0,2037,26,0.0,0.0,0.0,0.0,2035.5,0.0
0,592900,KELP,2034.0,29.0,0.0,0.0,0.0,0.0,2037,29,0.0,0.0,0.0,0.0,2035.5,0.0
0,593000,KELP,2034.0,30.0,0.0,0.0,0.0,0.0,2037,30,0.0,0.0,0.0,0.0,2035.5,0.0
0,593100,KELP,2034.0,23.0,0.0,0.0,0.0,0.0,2035,4,2037.0,21.0,0.0,0.0,2034.5,0.0
0,593200,KELP,2034.0,22.0,0.0,0.0,0.0,0.0,2037,23,0.0,0.0,0.0,0.0,2035.5,0.0
0,593300,KELP,2034.0,24.0,0.0,0.0,0.0,0.0,2037,24,0.0,0.0,0.0,0.0,2035.5,0.0
0,593400,KELP,2034.0,24.0,0.0,0.0,0.0,0.0,2036,2,2037.0,24.0,0.0,0.0,2035.0,0.0
0,593500,KELP,2034.0,30.0,0.0,0.0,0.0,0.0,2037,30,0.0,0.0,0.0,0.0,2035.5,0.0
0,593600,KELP,2034.0,22.0,0.0,0.0,0.0,0.0,2037,22,0.0,0.0,0.0,0.0,2035.5,0.0
0,593700,KELP,2034.0,34.0,0.0,0.0,0.0,0.0,2037,26,0.0,0.0,0.0,0.0,2035.5,0.0
0,593800,KELP,2034.0,30.0,0.0,0.0,0.0,0.0,2037,23,0.0,0.0,0.0,0.0,2035.5,0.0
0,593900,KELP,2034.0,28.0,0.0,0.0,0.0,0.0,2037,28,0.0,0.0,0.0,0.0,2035.5,0.0
0,594000,KELP,2034.0,29.0,0.0,0.0,0.0,0.0,2036,6,2037.0,29.0,0.0,0.0,2035.0,0.0
0,594100,KELP,2034.0,27.0,0.0,0.0,0.0,0.0,2037,27,0.0,0.0,0.0,0.0,2035.5,0.0
0,594200,KELP,2034.0,22.0,0.0,0.0,0.0,0.0,2037,23,0.0,0.0,0.0,0.0,2035.5,0.0
0,594300,KELP,2034.0,25.0,0.0,0.0,0.0,0.0,2037,25,0.0,0.0,0.0,0.0,2035.5,0.0
0,594400,KELP,2034.0,24.0,0.0,0.0,0.0,0.0,2037,24,0.0,0.0,0.0,0.0,2035.5,0.0
0,594500,KELP,2034.0,1.0,2033.0,24.0,0.0,0.0,2037,25,0.0,0.0,0.0,0.0,2035.5,0.0
0,594600,KELP,2034.0,7.0,2033.0,24.0,0.0,0.0,2037,24,0.0,0.0,0.0,0.0,2035.5,0.0
0,594700,KELP,2033.0,30.0,0.0,0.0,0.0,0.0,2037,30,0.0,0.0,0.0,0.0,2035.0,0.0
0,594800,KELP,2033.0,26.0,0.0,0.0,0.0,0.0,2037,26,0.0,0.0,0.0,0.0,2035.0,0.0
0,594900,KELP,2033.0,24.0,0.0,0.0,0.0,0.0,2037,24,0.0,0.0,0.0,0.0,2035.0,0.0
0,595000,KELP,2033.0,24.0,0.0,0.0,0.0,0.0,2037,24,0.0,0.0,0.0,0.0,2035.0,0.0
0,595100,KELP,2034.0,1.0,2033.0,28.0,0.0,0.0,2037,29,0.0,0.0,0.0,0.0,2035.5,0.0
0,595200,KELP,2034.0,1.0,2033.0,29.0,0.0,0.0,2037,31,0.0,0.0,0.0,0.0,2035.5,0.0
0,595300,KELP,2035.0,3.0,2033.0,23.0,0.0,0.0,2037,23,0.0,0.0,0.0,0.0,2036.0,0.0
0,595400,KELP,2033.0,27.0,0.0,0.0,0.0,0.0,2037,27,0.0,0.0,0.0,0.0,2035.0,0.0
0,595500,KELP,2033.0,22.0,0.0,0.0,0.0,0.0,2037,22,0.0,0.0,0.0,0.0,2035.0,0.0
0,595600,KELP,2033.0,29.0,0.0,0.0,0.0,0.0,2037,29,0.0,0.0,0.0,0.0,2035.0,0.0
0,595700,KELP,2033.0,23.0,0.0,0.0,0.0,0.0,2037,23,0.0,0.0,0.0,0.0,2035.0,0.0
0,595800,KELP,2033.0,28.0,0.0,0.0,0.0,0.0,2037,28,0.0,0.0,0.0,0.0,2035.0,0.0
0,595900,KELP,2033.0,26.0,0.0,0.0,0.0,0.0,2037,26,0.0,0.0,0.0,0.0,2035.0,0.0
0,596000,KELP,2034.0,1.0,2033.0,27.0,0.0,0.0,2037,28,0.0,0.0,0.0,0.0,2035.5,0.0
0,596100,KELP,2034.0,3.0,2033.0,24.0,0.0,0.0,2037,25,0.0,0.0,0.0,0.0,2035.5,0.0
0,596200,KELP,2034.0,2.0,2033.0,29.0,0.0,0.0,2037,31,0.0,0.0,0.0,0.0,2035.5,0.0
0,596300,KELP,2035.0,2.0,2034.0,1.0,2033.0,30.0,2037,31,0.0,0.0,0.0,0.0,2036.0,0.0
0,596400,KELP,2033.0,25.0,0.0,0.0,0.0,0.0,2035,2,2037.0,25.0,0.0,0.0,2034.0,0.0
0,596500,KELP,2034.0,1.0,2033.0,20.0,0.0,0.0,2035,4,2037.0,21.0,0.0,0.0,2034.5,0.0
0,596600,KELP,2033.0,25.0,0.0,0.0,0.0,0.0,2037,25,0.0,0.0,0.0,0.0,2035.0,0.0
0,596700,KELP,2033.0,29.0,0.0,0.0,0.0,0.0,2035,6,2037.0,29.0,0.0,0.0,2034.0,0.0
0,596800,KELP,2033.0,25.0,0.0,0.0,0.0,0.0,2037,25,0.0,0.0,0.0,0.0,2035.0,0.0
0,596900,KELP,2034.0,9.0,2033.0,30.0,0.0,0.0,2037,31,0.0,0.0,0.0,0.0,2035.5,0.0
0,597000,KELP,2034.0,27.0,0.0,0.0,0.0,0.0,2036,4,2037.0,27.0,0.0,0.0,2035.0,0.0
0,597100,KELP,2034.0,26.0,0.0,0.0,0.0,0.0,2037,26,0.0,0.0,0.0,0.0,2035.5,0.0
0,597200,KELP,2034.0,25.0,0.0,0.0,0.0,0.0,2037,25,0.0,0.0,0.0,0.0,2035.5,0.0
0,597300,KELP,2034.0,21.0,0.0,0.0,0.0,0.0,2036,3,2037.0,21.0,0.0,0.0,2035.0,0.0
0,597400,KELP,2033.0,30.0,0.0,0.0,0.0,0.0,2037,30,0.0,0.0,0.0,0.0,2035.0,0.0
0,597500,KELP,2034.0,9.0,2033.0,24.0,0.0,0.0,2037,26,0.0,0.0,0.0,0.0,2035.5,0.0
0,597600,KELP,2034.0,1.0,2033.0,21.0,0.0,0.0,2037,22,0.0,0.0,0.0,0.0,2035.5,0.0
0,597700,KELP,2035.0,5.0,2034.0,21.0,0.0,0.0,2037,21,0.0,0.0,0.0,0.0,2036.0,0.0
0,597800,KELP,2034.0,22.0,0.0,0.0,0.0,0.0,2037,22,0.0,0.0,0.0,0.0,2035.5,0.0
0,597900,KELP,2034.0,21.0,0.0,0.0,0.0,0.0,2037,21,0.0,0.0,0.0,0.0,2035.5,0.0
0,598000,KELP,2036.0,1.0,2033.0,21.0,0.0,0.0,2037,21,0.0,0.0,0.0,0.0,2036.5,0.0
0,598100,KELP,2034.0,1.0,2033.0,29.0,0.0,0.0,2037,30,0.0,0.0,0.0,0.0,2035.5,0.0
0,598200,KELP,2033.0,25.0,0.0,0.0,0.0,0.0,2037,25,0.0,0.0,0.0,0.0,2035.0,0.0
0,598300,KELP,2034.0,29.0,0.0,0.0,0.0,0.0,2037,27,0.0,0.0,0.0,0.0,2035.5,0.0
0,598400,KELP,2033.0,21.0,0.0,0.0,0.0,0.0,2037,21,0.0,0.0,0.0,0.0,2035.0,0.0
0,598500,KELP,2034.0,33.0,0.0,0.0,0.0,0.0,2037,27,0.0,0.0,0.0,0.0,2035.5,0.0
0,598600,KELP,2034.0,31.0,0.0,0.0,0.0,0.0,2037,31,0.0,0.0,0.0,0.0,2035.5,0.0
0,598700,KELP,2034.0,27.0,0.0,0.0,0.0,0.0,2036,5,2037.0,27.0,0.0,0.0,2035.0,0.0
0,598800,KELP,2036.0,1.0,2034.0,21.0,0.0,0.0,2037,21,0.0,0.0,0.0,0.0,2036.5,0.0
0,598900,KELP,2034.0,25.0,0.0,0.0,0.0,0.0,2037,25,0.0,0.0,0.0,0.0,2035.5,0.0
0,599000,KELP,2034.0,28.0,0.0,0.0,0.0,0.0,2037,29,0.0,0.0,0.0,0.0,2035.5,0.0
0,599100,KELP,2034.0,22.0,0.0,0.0,0.0,0.0,2037,22,0.0,0.0,0.0,0.0,2035.5,0.0
0,599200,KELP,2034.0,23.0,0.0,0.0,0.0,0.0,2036,8,2037.0,23.0,0.0,0.0,2035.0,0.0
0,599300,KELP,2034.0,34.0,0.0,0.0,0.0,0.0,2037,30,0.0,0.0,0.0,0.0,2035.5,0.0
0,599400,KELP,2034.0,28.0,0.0,0.0,0.0,0.0,2037,28,0.0,0.0,0.0,0.0,2035.5,0.0
0,599500,KELP,2036.0,1.0,2034.0,26.0,0.0,0.0,2037,26,0.0,0.0,0.0,0.0,2036.5,0.0
0,599600,KELP,2034.0,24.0,0.0,0.0,0.0,0.0,2035,3,2037.0,24.0,0.0,0.0,2034.5,0.0
0,599700,KELP,2034.0,23.0,0.0,0.0,0.0,0.0,2037,23,0.0,0.0,0.0,0.0,2035.5,0.0
0,599800,KELP,2034.0,30.0,0.0,0.0,0.0,0.0,2037,30,0.0,0.0,0.0,0.0,2035.5,0.0
0,599900,KELP,2034.0,26.0,0.0,0.0,0.0,0.0,2037,26,0.0,0.0,0.0,0.0,2035.5,0.0
0,600000,KELP,2034.0,25.0,0.0,0.0,0.0,0.0,2037,25,0.0,0.0,0.0,0.0,2035.5,0.0
0,600100,KELP,2036.0,1.0,2034.0,23.0,0.0,0.0,2037,23,0.0,0.0,0.0,0.0,2036.5,0.0
0,600200,KELP,2034.0,22.0,0.0,0.0,0.0,0.0,2036,5,2037.0,22.0,0.0,0.0,2035.0,0.0
0,600300,KELP,2034.0,31.0,0.0,0.0,0.0,0.0,2036,6,2037.0,31.0,0.0,0.0,2035.0,0.0
0,600400,KELP,2034.0,29.0,0.0,0.0,0.0,0.0,2037,29,0.0,0.0,0.0,0.0,2035.5,0.0
0,600500,KELP,2034.0,26.0,0.0,0.0,0.0,0.0,2037,22,0.0,0.0,0.0,0.0,2035.5,0.0
0,600600,KELP,2036.0,1.0,2034.0,29.0,0.0,0.0,2037,22,0.0,0.0,0.0,0.0,2036.5,0.0
0,600700,KELP,2036.0,1.0,2034.0,26.0,0.0,0.0,2037,26,0.0,0.0,0.0,0.0,2036.5,0.0
0,600800,KELP,2034.0,13.0,0.0,0.0,0.0,0.0,2037,22,0.0,0.0,0.0,0.0,2035.5,0.0
0,600900,KELP,2034.0,33.0,0.0,0.0,0.0,0.0,2037,27,0.0,0.0,0.0,0.0,2035.5,0.0
0,601000,KELP,2034.0,36.0,0.0,0.0,0.0,0.0,2037,30,0.0,0.0,0.0,0.0,2035.5,0.0
0,601100,KELP,2034.0,21.0,0.0,0.0,0.0,0.0,2037,21,0.0,0.0,0.0,0.0,2035.5,0.0
0,601200,KELP,2034.0,31.0,0.0,0.0,0.0,0.0,2036,4,2037.0,31.0,0.0,0.0,2035.0,0.0
0,601300,KELP,2034.0,26.0,0.0,0.0,0.0,0.0,2037,26,0.0,0.0,0.0,0.0,2035.5,0.0
0,601400,KELP,2034.0,24.0,0.0,0.0,0.0,0.0,2037,24,0.0,0.0,0.0,0.0,2035.5,0.0
0,601500,KELP,2034.0,27.0,0.0,0.0,0.0,0.0,2035,5,2037.0,27.0,0.0,0.0,2034.5,0.0
0,601600,KELP,2034.0,24.0,0.0,0.0,0.0,0.0,2037,24,0.0,0.0,0.0,0.0,2035.5,0.0
0,601700,KELP,2034.0,28.0,0.0,0.0,0.0,0.0,2037,28,0.0,0.0,0.0,0.0,2035.5,0.0
0,601800,KELP,2034.0,31.0,0.0,0.0,0.0,0.0,2037,31,0.0,0.0,0.0,0.0,2035.5,0.0
0,601900,KELP,2034.0,24.0,0.0,0.0,0.0,0.0,2037,24,0.0,0.0,0.0,0.0,2035.5,0.0
0,602000,KELP,2034.0,1.0,2033.0,26.0,0.0,0.0,2037,27,0.0,0.0,0.0,0.0,2035.5,0.0
0,602100,KELP,2035.0,2.0,2033.0,22.0,0.0,0.0,2037,22,0.0,0.0,0.0,0.0,2036.0,0.0
0,602200,KELP,2033.0,22.0,0.0,0.0,0.0,0.0,2035,2,2037.0,22.0,0.0,0.0,2034.0,0.0
0,602300,KELP,2034.0,28.0,0.0,0.0,0.0,0.0,2037,22,0.0,0.0,0.0,0.0,2035.5,0.0
0,602400,KELP,2034.0,2.0,2033.0,29.0,0.0,0.0,2037,31,0.0,0.0,0.0,0.0,2035.5,0.0
0,602500,KELP,2034.0,7.0,2033.0,23.0,0.0,0.0,2037,23,0.0,0.0,0.0,0.0,2035.5,0.0
0,602600,KELP,2034.0,2.0,2033.0,27.0,0.0,0.0,2037,29,0.0,0.0,0.0,0.0,2035.5,0.0
0,602700,KELP,2035.0,3.0,2033.0,28.0,0.0,0.0,2037,28,0.0,0.0,0.0,0.0,2036.0,0.0
0,602800,KELP,2036.0,1.0,2033.0,30.0,0.0,0.0,2037,30,0.0,0.0,0.0,0.0,2036.5,0.0
0,602900,KELP,2033.0,26.0,0.0,0.0,0.0,0.0,2037,26,0.0,0.0,0.0,0.0,2035.0,0.0
0,603000,KELP,2033.0,25.0,0.0,0.0,0.0,0.0,2037,25,0.0,0.0,0.0,0.0,2035.0,0.0
0,603100,KELP,2033.0,25.0,0.0,0.0,0.0,0.0,2037,25,0.0,0.0,0.0,0.0,2035.0,0.0
0,603200,KELP,2033.0,20.0,0.0,0.0,0.0,0.0,2037,20,0.0,0.0,0.0,0.0,2035.0,0.0
0,603300,KELP,2034.0,1.0,2033.0,21.0,0.0,0.0,2037,21,0.0,0.0,0.0,0.0,2035.5,0.0
0,603400,KELP,2033.0,22.0,0.0,0.0,0.0,0.0,2037,22,0.0,0.0,0.0,0.0,2035.0,0.0
0,603500,KELP,2033.0,21.0,0.0,0.0,0.0,0.0,2037,21,0.0,0.0,0.0,0.0,2035.0,0.0
0,603600,KELP,2033.0,30.0,0.0,0.0,0.0,0.0,2037,30,0.0,0.0,0.0,0.0,2035.0,0.0
0,603700,KELP,2035.0,6.0,2034.0,29.0,0.0,0.0,2036,6,2037.0,29.0,0.0,0.0,2035.5,0.0
0,603800,KELP,2034.0,1.0,2033.0,24.0,0.0,0.0,2037,25,0.0,0.0,0.0,0.0,2035.5,0.0
0,603900,KELP,2034.0,2.0,2033.0,29.0,0.0,0.0,2037,31,0.0,0.0,0.0,0.0,2035.5,0.0
0,604000,KELP,2033.0,30.0,0.0,0.0,0.0,0.0,2034,1,2035.0,7.0,2037.0,30.0,2033.5,0.0
0,604100,KELP,2033.0,32.0,0.0,0.0,0.0,0.0,2037,32,0.0,0.0,0.0,0.0,2035.0,0.0
0,604200,KELP,2034.0,1.0,2033.0,25.0,0.0,0.0,2037,26,0.0,0.0,0.0,0.0,2035.5,0.0
0,604300,KELP,2033.0,28.0,0.0,0.0,0.0,0.0,2037,28,0.0,0.0,0.0,0.0,2035.0,0.0
0,604400,KELP,2033.0,26.0,0.0,0.0,0.0,0.0,2035,5,2037.0,26.0,0.0,0.0,2034.0,0.0
0,604500,KELP,2033.0,25.0,0.0,0.0,0.0,0.0,2037,25,0.0,0.0,0.0,0.0,2035.0,0.0
0,604600,KELP,2033.0,29.0,0.0,0.0,0.0,0.0,2037,29,0.0,0.0,0.0,0.0,2035.0,0.0
0,604700,KELP,2034.0,5.0,2033.0,27.0,0.0,0.0,2035,3,2037.0,27.0,0.0,0.0,2034.5,0.0
0,604800,KELP,2033.0,26.0,0.0,0.0,0.0,0.0,2036,1,2037.0,25.0,0.0,0.0,2034.5,0.0
0,604900,KELP,2033.0,28.0,0.0,0.0,0.0,0.0,2035,5,2036.0,2.0,2037.0,26.0,2034.0,0.0
0,605000,KELP,2033.0,29.0,0.0,0.0,0.0,0.0,2035,6,2037.0,30.0,0.0,0.0,2034.0,0.0
0,605100,KELP,2033.0,30.0,0.0,0.0,0.0,0.0,2037,30,0.0,0.0,0.0,0.0,2035.0,0.0
0,605200,KELP,2033.0,22.0,0.0,0.0,0.0,0.0,2036,1,2037.0,21.0,0.0,0.0,2034.5,0.0
0,605300,KELP,2035.0,1.0,2033.0,26.0,0.0,0.0,2037,26,0.0,0.0,0.0,0.0,2036.0,0.0
0,605400,KELP,2033.0,28.0,0.0,0.0,0.0,0.0,2035,7,2037.0,28.0,0.0,0.0,2034.0,0.0
0,605500,KELP,2033.0,24.0,0.0,0.0,0.0,0.0,2035,7,2037.0,24.0,0.0,0.0,2034.0,0.0
0,605600,KELP,2033.0,31.0,0.0,0.0,0.0,0.0,2037,31,0.0,0.0,0.0,0.0,2035.0,0.0
0,605700,KELP,2035.0,1.0,2033.0,22.0,0.0,0.0,2036,1,2037.0,21.0,0.0,0.0,2035.5,0.0
0,605800,KELP,2033.0,28.0,0.0,0.0,0.0,0.0,2035,2,2036.0,28.0,0.0,0.0,2034.0,0.0
0,605900,KELP,2033.0,26.0,0.0,0.0,0.0,0.0,2034,1,2035.0,3.0,2037.0,26.0,2033.5,0.0
0,606000,KELP,2033.0,27.0,0.0,0.0,0.0,0.0,2037,27,0.0,0.0,0.0,0.0,2035.0,0.0
0,606100,KELP,2033.0,32.0,0.0,0.0,0.0,0.0,2037,32,0.0,0.0,0.0,0.0,2035.0,0.0
0,606200,KELP,2033.0,22.0,0.0,0.0,0.0,0.0,2037,22,0.0,0.0,0.0,0.0,2035.0,0.0
0,606300,KELP,2033.0,22.0,0.0,0.0,0.0,0.0,2037,22,0.0,0.0,0.0,0.0,2035.0,0.0
0,606400,KELP,2034.0,6.0,2033.0,25.0,0.0,0.0,2037,25,0.0,0.0,0.0,0.0,2035.5,0.0
0,606500,KELP,2033.0,28.0,0.0,0.0,0.0,0.0,2037,28,0.0,0.0,0.0,0.0,2035.0,0.0
0,606600,KELP,2034.0,2.0,2033.0,30.0,0.0,0.0,2037,32,0.0,0.0,0.0,0.0,2035.5,0.0
0,606700,KELP,2033.0,27.0,0.0,0.0,0.0,0.0,2037,27,0.0,0.0,0.0,0.0,2035.0,0.0
0,606800,KELP,2033.0,29.0,0.0,0.0,0.0,0.0,2037,30,0.0,0.0,0.0,0.0,2035.0,0.0
0,606900,KELP,2034.0,8.0,2033.0,28.0,0.0,0.0,2037,30,0.0,0.0,0.0,0.0,2035.5,0.0
0,607000,KELP,2034.0,25.0,0.0,0.0,0.0,0.0,2037,25,0.0,0.0,0.0,0.0,2035.5,0.0
0,607100,KELP,2034.0,31.0,0.0,0.0,0.0,0.0,2037,29,0.0,0.0,0.0,0.0,2035.5,0.0
0,607200,KELP,2034.0,37.0,0.0,0.0,0.0,0.0,2037,29,0.0,0.0,0.0,0.0,2035.5,0.0
0,607300,KELP,2034.0,21.0,0.0,0.0,0.0,0.0,2036,6,2037.0,21.0,0.0,0.0,2035.0,0.0
0,607400,KELP,2034.0,22.0,0.0,0.0,0.0,0.0,2037,22,0.0,0.0,0.0,0.0,2035.5,0.0
0,607500,KELP,2034.0,27.0,0.0,0.0,0.0,0.0,2037,27,0.0,0.0,0.0,0.0,2035.5,0.0
0,607600,KELP,2034.0,32.0,0.0,0.0,0.0,0.0,2037,28,0.0,0.0,0.0,0.0,2035.5,0.0
0,607700,KELP,2034.0,27.0,0.0,0.0,0.0,0.0,2035,5,2037.0,27.0,0.0,0.0,2034.5,0.0
0,607800,KELP,2034.0,30.0,0.0,0.0,0.0,0.0,2037,31,0.0,0.0,0.0,0.0,2035.5,0.0
0,607900,KELP,2034.0,24.0,0.0,0.0,0.0,0.0,2037,24,0.0,0.0,0.0,0.0,2035.5,0.0
0,608000,KELP,2034.0,2.0,2033.0,30.0,0.0,0.0,2037,31,0.0,0.0,0.0,0.0,2035.5,0.0
0,608100,KELP,2034.0,3.0,2033.0,22.0,0.0,0.0,2037,23,0.0,0.0,0.0,0.0,2035.5,0.0
0,608200,KELP,2034.0,22.0,0.0,0.0,0.0,0.0,2036,8,2037.0,22.0,0.0,0.0,2035.0,0.0
0,608300,KELP,2034.0,27.0,0.0,0.0,0.0,0.0,2037,27,0.0,0.0,0.0,0.0,2035.5,0.0
0,608400,KELP,2036.0,1.0,2034.0,23.0,0.0,0.0,2037,23,0.0,0.0,0.0,0.0,2036.5,0.0
0,608500,KELP,2034.0,30.0,0.0,0.0,0.0,0.0,2037,25,0.0,0.0,0.0,0.0,2035.5,0.0
0,608600,KELP,2034.0,30.0,0.0,0.0,0.0,0.0,2037,30,0.0,0.0,0.0,0.0,2035.5,0.0
0,608700,KELP,2034.0,28.0,0.0,0.0,0.0,0.0,2037,29,0.0,0.0,0.0,0.0,2035.5,0.0
0,608800,KELP,2036.0,1.0,2034.0,33.0,0.0,0.0,2037,29,0.0,0.0,0.0,0.0,2036.5,0.0
0,608900,KELP,2034.0,21.0,0.0,0.0,0.0,0.0,2037,21,0.0,0.0,0.0,0.0,2035.5,0.0
0,609000,KELP,2034.0,29.0,0.0,0.0,0.0,0.0,2036,2,2037.0,29.0,0.0,0.0,2035.0,0.0
0,609100,KELP,2034.0,1.0,2033.0,30.0,0.0,0.0,2036,2,2037.0,31.0,0.0,0.0,2035.0,0.0
0,609200,KELP,2034.0,33.0,0.0,0.0,0.0,0.0,2037,28,0.0,0.0,0.0,0.0,2035.5,0.0
0,609300,KELP,2034.0,32.0,0.0,0.0,0.0,0.0,2037,32,0.0,0.0,0.0,0.0,2035.5,0.0
0,609400,KELP,2034.0,26.0,0.0,0.0,0.0,0.0,2036,2,2037.0,26.0,0.0,0.0,2035.0,0.0
0,609500,KELP,2034.0,30.0,0.0,0.0,0.0,0.0,2037,30,0.0,0.0,0.0,0.0,2035.5,0.0
0,609600,KELP,2035.0,7.0,2034.0,29.0,0.0,0.0,2038,29,0.0,0.0,0.0,0.0,2036.5,0.0
0,609700,KELP,2034.0,21.0,0.0,0.0,0.0,0.0,2038,21,0.0,0.0,0.0,0.0,2036.0,0.0
0,609800,KELP,2034.0,26.0,0.0,0.0,0.0,0.0,2036,1,2037.0,1.0,2038.0,25.0,2035.0,0.0
0,609900,KELP,2034.0,22.0,0.0,0.0,0.0,0.0,2038,22,0.0,0.0,0.0,0.0,2036.0,0.0
0,610000,KELP,2034.0,22.0,0.0,0.0,0.0,0.0,2038,23,0.0,0.0,0.0,0.0,2036.0,0.0
0,610100,KELP,2034.0,27.0,0.0,0.0,0.0,0.0,2038,28,0.0,0.0,0.0,0.0,2036.0,0.0
0,610200,KELP,2034.0,29.0,0.0,0.0,0.0,0.0,2035,3,2038.0,29.0,0.0,0.0,2034.5,0.0
0,610300,KELP,2034.0,27.0,0.0,0.0,0.0,0.0,2038,27,0.0,0.0,0.0,0.0,2036.0,0.0
0,610400,KELP,2034.0,22.0,0.0,0.0,0.0,0.0,2038,22,0.0,0.0,0.0,0.0,2036.0,0.0
0,610500,KELP,2034.0,29.0,0.0,0.0,0.0,0.0,2038,29,0.0,0.0,0.0,0.0,2036.0,0.0
0,610600,KELP,2034.0,26.0,0.0,0.0,0.0,0.0,2038,26,0.0,0.0,0.0,0.0,2036.0,0.0
0,610700,KELP,2034.0,24.0,0.0,0.0,0.0,0.0,2035,1,2038.0,24.0,0.0,0.0,2034.5,0.0
0,610800,KELP,2034.0,26.0,0.0,0.0,0.0,0.0,2035,6,2036.0,3.0,2038.0,26.0,2034.5,0.0
0,610900,KELP,2034.0,27.0,0.0,0.0,0.0,0.0,2036,7,2038.0,27.0,0.0,0.0,2035.0,0.0
0,611000,KELP,2035.0,24.0,0.0,0.0,0.0,0.0,2038,24,0.0,0.0,0.0,0.0,2036.5,0.0
0,611100,KELP,2035.0,24.0,0.0,0.0,0.0,0.0,2038,24,0.0,0.0,0.0,0.0,2036.5,0.0
0,611200,KELP,2035.0,22.0,0.0,0.0,0.0,0.0,2038,22,0.0,0.0,0.0,0.0,2036.5,0.0
0,611300,KELP,2035.0,19.0,0.0,0.0,0.0,0.0,2038,20,0.0,0.0,0.0,0.0,2036.5,0.0
0,611400,KELP,2036.0,3.0,2035.0,29.0,0.0,0.0,2037,5,2038.0,29.0,0.0,0.0,2036.5,0.0
0,611500,KELP,2035.0,39.0,0.0,0.0,0.0,0.0,2038,31,0.0,0.0,0.0,0.0,2036.5,0.0
0,611600,KELP,2035.0,31.0,0.0,0.0,0.0,0.0,2038,31,0.0,0.0,0.0,0.0,2036.5,0.0
0,611700,KELP,2035.0,30.0,0.0,0.0,0.0,0.0,2038,30,0.0,0.0,0.0,0.0,2036.5,0.0
0,611800,KELP,2035.0,27.0,0.0,0.0,0.0,0.0,2038,27,0.0,0.0,0.0,0.0,2036.5,0.0
0,611900,KELP,2037.0,1.0,2035.0,33.0,0.0,0.0,2038,28,0.0,0.0,0.0,0.0,2037.5,0.0
0,612000,KELP,2035.0,20.0,0.0,0.0,0.0,0.0,2038,20,0.0,0.0,0.0,0.0,2036.5,0.0
0,612100,KELP,2035.0,32.0,0.0,0.0,0.0,0.0,2038,32,0.0,0.0,0.0,0.0,2036.5,0.0
0,612200,KELP,2035.0,27.0,0.0,0.0,0.0,0.0,2039,27,0.0,0.0,0.0,0.0,2037.0,0.0
0,612300,KELP,2035.0,25.0,0.0,0.0,0.0,0.0,2038,24,0.0,0.0,0.0,0.0,2036.5,0.0
0,612400,KELP,2035.0,29.0,0.0,0.0,0.0,0.0,2038,29,0.0,0.0,0.0,0.0,2036.5,0.0
0,612500,KELP,2035.0,29.0,0.0,0.0,0.0,0.0,2037,7,2038.0,29.0,0.0,0.0,2036.0,0.0
0,612600,KELP,2035.0,35.0,0.0,0.0,0.0,0.0,2038,29,0.0,0.0,0.0,0.0,2036.5,0.0
0,612700,KELP,2035.0,32.0,0.0,0.0,0.0,0.0,2036,2,2038.0,32.0,0.0,0.0,2035.5,0.0
0,612800,KELP,2035.0,31.0,0.0,0.0,0.0,0.0,2038,31,0.0,0.0,0.0,0.0,2036.5,0.0
0,612900,KELP,2035.0,29.0,0.0,0.0,0.0,0.0,2038,29,0.0,0.0,0.0,0.0,2036.5,0.0
0,613000,KELP,2035.0,25.0,0.0,0.0,0.0,0.0,2038,25,0.0,0.0,0.0,0.0,2036.5,0.0
0,613100,KELP,2035.0,29.0,0.0,0.0,0.0,0.0,2038,26,0.0,0.0,0.0,0.0,2036.5,0.0
0,613200,KELP,2035.0,23.0,0.0,0.0,0.0,0.0,2038,23,0.0,0.0,0.0,0.0,2036.5,0.0
0,613300,KELP,2035.0,21.0,0.0,0.0,0.0,0.0,2038,21,0.0,0.0,0.0,0.0,2036.5,0.0
0,613400,KELP,2035.0,28.0,0.0,0.0,0.0,0.0,2038,28,0.0,0.0,0.0,0.0,2036.5,0.0
0,613500,KELP,2035.0,25.0,0.0,0.0,0.0,0.0,2038,25,0.0,0.0,0.0,0.0,2036.5,0.0
0,613600,KELP,2035.0,20.0,0.0,0.0,0.0,0.0,2038,20,0.0,0.0,0.0,0.0,2036.5,0.0
0,613700,KELP,2035.0,22.0,0.0,0.0,0.0,0.0,2038,22,0.0,0.0,0.0,0.0,2036.5,0.0
0,613800,KELP,2035.0,26.0,0.0,0.0,0.0,0.0,2037,7,2038.0,27.0,0.0,0.0,2036.0,0.0
0,613900,KELP,2037.0,1.0,2035.0,30.0,0.0,0.0,2038,30,0.0,0.0,0.0,0.0,2037.5,0.0
0,614000,KELP,2035.0,26.0,0.0,0.0,0.0,0.0,2036,5,2038.0,26.0,0.0,0.0,2035.5,0.0
0,614100,KELP,2035.0,30.0,0.0,0.0,0.0,0.0,2038,30,0.0,0.0,0.0,0.0,2036.5,0.0
0,614200,KELP,2037.0,1.0,2035.0,26.0,0.0,0.0,2038,26,0.0,0.0,0.0,0.0,2037.5,0.0
0,614300,KELP,2035.0,34.0,0.0,0.0,0.0,0.0,2038,31,0.0,0.0,0.0,0.0,2036.5,0.0
0,614400,KELP,2035.0,27.0,0.0,0.0,0.0,0.0,2038,27,0.0,0.0,0.0,0.0,2036.5,0.0
0,614500,KELP,2035.0,29.0,0.0,0.0,0.0,0.0,2038,29,0.0,0.0,0.0,0.0,2036.5,0.0
0,614600,KELP,2035.0,26.0,0.0,0.0,0.0,0.0,2039,27,0.0,0.0,0.0,0.0,2037.0,0.0
0,614700,KELP,2035.0,29.0,0.0,0.0,0.0,0.0,2038,1,2039.0,29.0,0.0,0.0,2036.5,0.0
0,614800,KELP,2037.0,1.0,2036.0,23.0,0.0,0.0,2039,23,0.0,0.0,0.0,0.0,2038.0,0.0
0,614900,KELP,2035.0,23.0,0.0,0.0,0.0,0.0,2038,2,2039.0,21.0,0.0,0.0,2036.5,0.0
0,615000,KELP,2036.0,26.0,0.0,0.0,0.0,0.0,2038,5,2039.0,26.0,0.0,0.0,2037.0,0.0
0,615100,KELP,2035.0,23.0,0.0,0.0,0.0,0.0,2038,1,2039.0,22.0,0.0,0.0,2036.5,0.0
0,615200,KELP,2037.0,9.0,2035.0,22.0,0.0,0.0,2039,22,0.0,0.0,0.0,0.0,2038.0,0.0
0,615300,KELP,2035.0,31.0,0.0,0.0,0.0,0.0,2039,31,0.0,0.0,0.0,0.0,2037.0,0.0
0,615400,KELP,2036.0,4.0,2035.0,26.0,0.0,0.0,2039,26,0.0,0.0,0.0,0.0,2037.5,0.0
0,615500,KELP,2035.0,31.0,0.0,0.0,0.0,0.0,2039,31,0.0,0.0,0.0,0.0,2037.0,0.0
0,615600,KELP,2035.0,25.0,0.0,0.0,0.0,0.0,2039,25,0.0,0.0,0.0,0.0,2037.0,0.0
0,615700,KELP,2036.0,1.0,2035.0,22.0,0.0,0.0,2039,23,0.0,0.0,0.0,0.0,2037.5,0.0
0,615800,KELP,2038.0,5.0,2036.0,23.0,0.0,0.0,2039,23,0.0,0.0,0.0,0.0,2038.5,0.0
0,615900,KELP,2036.0,30.0,0.0,0.0,0.0,0.0,2038,8,2039.0,30.0,0.0,0.0,2037.0,0.0
0,616000,KELP,2036.0,22.0,0.0,0.0,0.0,0.0,2039,22,0.0,0.0,0.0,0.0,2037.5,0.0
0,616100,KELP,2035.0,24.0,0.0,0.0,0.0,0.0,2039,25,0.0,0.0,0.0,0.0,2037.0,0.0
0,616200,KELP,2035.0,27.0,0.0,0.0,0.0,0.0,2039,27,0.0,0.0,0.0,0.0,2037.0,0.0
0,616300,KELP,2036.0,31.0,0.0,0.0,0.0,0.0,2038,4,2039.0,31.0,0.0,0.0,2037.0,0.0
0,616400,KELP,2035.0,25.0,0.0,0.0,0.0,0.0,2037,7,2039.0,25.0,0.0,0.0,2036.0,0.0
0,616500,KELP,2035.0,21.0,0.0,0.0,0.0,0.0,2036,1,2039.0,21.0,0.0,0.0,2035.5,0.0
0,616600,KELP,2036.0,1.0,2035.0,26.0,0.0,0.0,2039,27,0.0,0.0,0.0,0.0,2037.5,0.0
0,616700,KELP,2036.0,2.0,2035.0,27.0,0.0,0.0,2039,28,0.0,0.0,0.0,0.0,2037.5,0.0
0,616800,KELP,2035.0,22.0,0.0,0.0,0.0,0.0,2039,22,0.0,0.0,0.0,0.0,2037.0,0.0
0,616900,KELP,2036.0,2.0,2035.0,25.0,0.0,0.0,2039,27,0.0,0.0,0.0,0.0,2037.5,0.0
0,617000,KELP,2038.0,1.0,2036.0,7.0,2035.0,30.0,2039,32,0.0,0.0,0.0,0.0,2038.5,0.0
0,617100,KELP,2036.0,7.0,2035.0,24.0,0.0,0.0,2039,24,0.0,0.0,0.0,0.0,2037.5,0.0
0,617200,KELP,2035.0,29.0,0.0,0.0,0.0,0.0,2039,29,0.0,0.0,0.0,0.0,2037.0,0.0
0,617300,KELP,2036.0,2.0,2035.0,26.0,0.0,0.0,2037,2,2039.0,28.0,0.0,0.0,2036.5,0.0
0,617400,KELP,2036.0,7.0,2035.0,26.0,0.0,0.0,2039,26,0.0,0.0,0.0,0.0,2037.5,0.0
0,617500,KELP,2035.0,25.0,0.0,0.0,0.0,0.0,2039,26,0.0,0.0,0.0,0.0,2037.0,0.0
0,617600,KELP,2035.0,24.0,0.0,0.0,0.0,0.0,2039,24,0.0,0.0,0.0,0.0,2037.0,0.0
0,617700,KELP,2035.0,27.0,0.0,0.0,0.0,0.0,2038,27,0.0,0.0,0.0,0.0,2036.5,0.0
0,617800,KELP,2035.0,26.0,0.0,0.0,0.0,0.0,2037,6,2038.0,26.0,0.0,0.0,2036.0,0.0
0,617900,KELP,2035.0,23.0,0.0,0.0,0.0,0.0,2038,2,2039.0,21.0,0.0,0.0,2036.5,0.0
0,618000,KELP,2035.0,25.0,0.0,0.0,0.0,0.0,2039,26,0.0,0.0,0.0,0.0,2037.0,0.0
0,618100,KELP,2035.0,29.0,0.0,0.0,0.0,0.0,2038,29,0.0,0.0,0.0,0.0,2036.5,0.0
0,618200,KELP,2035.0,23.0,0.0,0.0,0.0,0.0,2038,23,0.0,0.0,0.0,0.0,2036.5,0.0
0,618300,KELP,2037.0,1.0,2035.0,25.0,0.0,0.0,2038,22,0.0,0.0,0.0,0.0,2037.5,0.0
0,618400,KELP,2035.0,24.0,0.0,0.0,0.0,0.0,2037,3,2038.0,25.0,0.0,0.0,2036.0,0.0
0,618500,KELP,2035.0,25.0,0.0,0.0,0.0,0.0,2038,25,0.0,0.0,0.0,0.0,2036.5,0.0
0,618600,KELP,2037.0,5.0,2035.0,30.0,0.0,0.0,2038,24,0.0,0.0,0.0,0.0,2037.5,0.0
0,618700,KELP,2036.0,2.0,2035.0,25.0,0.0,0.0,2038,25,0.0,0.0,0.0,0.0,2037.0,0.0
0,618800,KELP,2035.0,22.0,0.0,0.0,0.0,0.0,2037,3,2038.0,22.0,0.0,0.0,2036.0,0.0
0,618900,KELP,2035.0,28.0,0.0,0.0,0.0,0.0,2038,26,0.0,0.0,0.0,0.0,2036.5,0.0
0,619000,KELP,2035.0,27.0,0.0,0.0,0.0,0.0,2038,26,0.0,0.0,0.0,0.0,2036.5,0.0
0,619100,KELP,2035.0,29.0,0.0,0.0,0.0,0.0,2038,27,0.0,0.0,0.0,0.0,2036.5,0.0
0,619200,KELP,2035.0,29.0,0.0,0.0,0.0,0.0,2038,29,0.0,0.0,0.0,0.0,2036.5,0.0
0,619300,KELP,2035.0,24.0,0.0,0.0,0.0,0.0,2038,24,0.0,0.0,0.0,0.0,2036.5,0.0
0,619400,KELP,2035.0,31.0,0.0,0.0,0.0,0.0,2038,28,0.0,0.0,0.0,0.0,2036.5,0.0
0,619500,KELP,2035.0,22.0,0.0,0.0,0.0,0.0,2037,1,2038.0,22.0,0.0,0.0,2036.0,0.0
0,619600,KELP,2035.0,28.0,0.0,0.0,0.0,0.0,2038,2,2039.0,26.0,0.0,0.0,2036.5,0.0
0,619700,KELP,2035.0,23.0,0.0,0.0,0.0,0.0,2039,23,0.0,0.0,0.0,0.0,2037.0,0.0
0,619800,KELP,2035.0,28.0,0.0,0.0,0.0,0.0,2039,28,0.0,0.0,0.0,0.0,2037.0,0.0
0,619900,KELP,2035.0,30.0,0.0,0.0,0.0,0.0,2038,2,2039.0,28.0,0.0,0.0,2036.5,0.0
0,620000,KELP,2035.0,21.0,0.0,0.0,0.0,0.0,2039,21,0.0,0.0,0.0,0.0,2037.0,0.0
0,620100,KELP,2037.0,1.0,2036.0,3.0,2035.0,30.0,2038,1,2039.0,29.0,0.0,0.0,2037.5,0.0
0,620200,KELP,2036.0,5.0,2035.0,22.0,0.0,0.0,2039,22,0.0,0.0,0.0,0.0,2037.5,0.0
0,620300,KELP,2035.0,22.0,0.0,0.0,0.0,0.0,2036,1,2039.0,22.0,0.0,0.0,2035.5,0.0
0,620400,KELP,2035.0,31.0,0.0,0.0,0.0,0.0,2039,31,0.0,0.0,0.0,0.0,2037.0,0.0
0,620500,KELP,2035.0,28.0,0.0,0.0,0.0,0.0,2039,28,0.0,0.0,0.0,0.0,2037.0,0.0
0,620600,KELP,2035.0,28.0,0.0,0.0,0.0,0.0,2039,28,0.0,0.0,0.0,0.0,2037.0,0.0
0,620700,KELP,2036.0,2.0,2035.0,28.0,0.0,0.0,2039,30,0.0,0.0,0.0,0.0,2037.5,0.0
0,620800,KELP,2036.0,28.0,0.0,0.0,0.0,0.0,2039,29,0.0,0.0,0.0,0.0,2037.5,0.0
0,620900,KELP,2035.0,28.0,0.0,0.0,0.0,0.0,2037,4,2038.0,1.0,2039.0,27.0,2036.0,0.0
0,621000,KELP,2038.0,1.0,2035.0,31.0,0.0,0.0,2039,31,0.0,0.0,0.0,0.0,2038.5,0.0
0,621100,KELP,2035.0,20.0,0.0,0.0,0.0,0.0,2039,20,0.0,0.0,0.0,0.0,2037.0,0.0
0,621200,KELP,2035.0,23.0,0.0,0.0,0.0,0.0,2039,23,0.0,0.0,0.0,0.0,2037.0,0.0
0,621300,KELP,2036.0,3.0,2035.0,22.0,0.0,0.0,2039,22,0.0,0.0,0.0,0.0,2037.5,0.0
0,621400,KELP,2035.0,21.0,0.0,0.0,0.0,0.0,2037,8,2039.0,21.0,0.0,0.0,2036.0,0.0
0,621500,KELP,2035.0,28.0,0.0,0.0,0.0,0.0,2039,28,0.0,0.0,0.0,0.0,2037.0,0.0
0,621600,KELP,2035.0,20.0,0.0,0.0,0.0,0.0,2039,21,0.0,0.0,0.0,0.0,2037.0,0.0
0,621700,KELP,2035.0,29.0,0.0,0.0,0.0,0.0,2039,29,0.0,0.0,0.0,0.0,2037.0,0.0
0,621800,KELP,2035.0,30.0,0.0,0.0,0.0,0.0,2037,7,2039.0,30.0,0.0,0.0,2036.0,0.0
0,621900,KELP,2035.0,31.0,0.0,0.0,0.0,0.0,2039,31,0.0,0.0,0.0,0.0,2037.0,0.0
0,622000,KELP,2035.0,28.0,0.0,0.0,0.0,0.0,2039,28,0.0,0.0,0.0,0.0,2037.0,0.0
0,622100,KELP,2035.0,30.0,0.0,0.0,0.0,0.0,2039,30,0.0,0.0,0.0,0.0,2037.0,0.0
0,622200,KELP,2035.0,29.0,0.0,0.0,0.0,0.0,2037,3,2039.0,29.0,0.0,0.0,2036.0,0.0
0,622300,KELP,2035.0,19.0,0.0,0.0,0.0,0.0,2039,20,0.0,0.0,0.0,0.0,2037.0,0.0
0,622400,KELP,2036.0,2.0,2035.0,24.0,0.0,0.0,2039,24,0.0,0.0,0.0,0.0,2037.5,0.0
0,622500,KELP,2035.0,32.0,0.0,0.0,0.0,0.0,2038,1,2039.0,28.0,0.0,0.0,2036.5,0.0
0,622600,KELP,2035.0,30.0,0.0,0.0,0.0,0.0,2037,2,2038.0,2.0,2039.0,28.0,2036.0,0.0
0,622700,KELP,2035.0,25.0,0.0,0.0,0.0,0.0,2038,1,2039.0,24.0,0.0,0.0,2036.5,0.0
0,622800,KELP,2035.0,25.0,0.0,0.0,0.0,0.0,2037,2,2039.0,25.0,0.0,0.0,2036.0,0.0
0,622900,KELP,2036.0,5.0,2035.0,22.0,0.0,0.0,2037,2,2038.0,2.0,2039.0,20.0,2036.5,0.0
0,623000,KELP,2035.0,23.0,0.0,0.0,0.0,0.0,2039,23,0.0,0.0,0.0,0.0,2037.0,0.0
0,623100,KELP,2035.0,23.0,0.0,0.0,0.0,0.0,2037,2,2039.0,23.0,0.0,0.0,2036.0,0.0
0,623200,KELP,2035.0,22.0,0.0,0.0,0.0,0.0,2039,22,0.0,0.0,0.0,0.0,2037.0,0.0
0,623300,KELP,2035.0,31.0,0.0,0.0,0.0,0.0,2037,4,2039.0,31.0,0.0,0.0,2036.0,0.0
0,623400,KELP,2035.0,29.0,0.0,0.0,0.0,0.0,2039,29,0.0,0.0,0.0,0.0,2037.0,0.0
0,623500,KELP,2035.0,29.0,0.0,0.0,0.0,0.0,2039,29,0.0,0.0,0.0,0.0,2037.0,0.0
0,623600,KELP,2035.0,26.0,0.0,0.0,0.0,0.0,2036,1,2039.0,26.0,0.0,0.0,2035.5,0.0
0,623700,KELP,2035.0,24.0,0.0,0.0,0.0,0.0,2039,24,0.0,0.0,0.0,0.0,2037.0,0.0
0,623800,KELP,2038.0,1.0,2035.0,30.0,0.0,0.0,2039,30,0.0,0.0,0.0,0.0,2038.5,0.0
0,623900,KELP,2037.0,10.0,2036.0,5.0,2035.0,27.0,2039,27,0.0,0.0,0.0,0.0,2038.0,0.0
0,624000,KELP,2035.0,27.0,0.0,0.0,0.0,0.0,2039,27,0.0,0.0,0.0,0.0,2037.0,0.0
0,624100,KELP,2037.0,3.0,2035.0,27.0,0.0,0.0,2039,27,0.0,0.0,0.0,0.0,2038.0,0.0
0,624200,KELP,2036.0,28.0,0.0,0.0,0.0,0.0,2039,28,0.0,0.0,0.0,0.0,2037.5,0.0
0,624300,KELP,2035.0,20.0,0.0,0.0,0.0,0.0,2038,7,2039.0,20.0,0.0,0.0,2036.5,0.0
0,624400,KELP,2036.0,26.0,0.0,0.0,0.0,0.0,2039,26,0.0,0.0,0.0,0.0,2037.5,0.0
0,624500,KELP,2036.0,3.0,2035.0,29.0,0.0,0.0,2039,29,0.0,0.0,0.0,0.0,2037.5,0.0
0,624600,KELP,2036.0,1.0,2035.0,26.0,0.0,0.0,2039,27,0.0,0.0,0.0,0.0,2037.5,0.0
0,624700,KELP,2035.0,24.0,0.0,0.0,0.0,0.0,2039,24,0.0,0.0,0.0,0.0,2037.0,0.0
0,624800,KELP,2036.0,1.0,2035.0,21.0,0.0,0.0,2039,21,0.0,0.0,0.0,0.0,2037.5,0.0
0,624900,KELP,2036.0,20.0,0.0,0.0,0.0,0.0,2039,20,0.0,0.0,0.0,0.0,2037.5,0.0
0,625000,KELP,2036.0,5.0,2035.0,20.0,0.0,0.0,2039,22,0.0,0.0,0.0,0.0,2037.5,0.0
0,625100,KELP,2036.0,2.0,2035.0,27.0,0.0,0.0,2039,27,0.0,0.0,0.0,0.0,2037.5,0.0
0,625200,KELP,2035.0,22.0,0.0,0.0,0.0,0.0,2039,22,0.0,0.0,0.0,0.0,2037.0,0.0
0,625300,KELP,2035.0,21.0,0.0,0.0,0.0,0.0,2039,21,0.0,0.0,0.0,0.0,2037.0,0.0
0,625400,KELP,2035.0,26.0,0.0,0.0,0.0,0.0,2039,26,0.0,0.0,0.0,0.0,2037.0,0.0
0,625500,KELP,2035.0,28.0,0.0,0.0,0.0,0.0,2039,28,0.0,0.0,0.0,0.0,2037.0,0.0
0,625600,KELP,2038.0,1.0,2036.0,5.0,2035.0,23.0,2039,24,0.0,0.0,0.0,0.0,2038.5,0.0
0,625700,KELP,2035.0,30.0,0.0,0.0,0.0,0.0,2037,3,2039.0,30.0,0.0,0.0,2036.0,0.0
0,625800,KELP,2036.0,31.0,0.0,0.0,0.0,0.0,2037,5,2039.0,31.0,0.0,0.0,2036.5,0.0
0,625900,KELP,2036.0,2.0,2035.0,23.0,0.0,0.0,2039,25,0.0,0.0,0.0,0.0,2037.5,0.0
0,626000,KELP,2036.0,3.0,2035.0,20.0,0.0,0.0,2039,22,0.0,0.0,0.0,0.0,2037.5,0.0
0,626100,KELP,2037.0,7.0,2036.0,29.0,0.0,0.0,2039,29,0.0,0.0,0.0,0.0,2038.0,0.0
0,626200,KELP,2035.0,23.0,0.0,0.0,0.0,0.0,2039,23,0.0,0.0,0.0,0.0,2037.0,0.0
0,626300,KELP,2038.0,1.0,2036.0,25.0,0.0,0.0,2039,25,0.0,0.0,0.0,0.0,2038.5,0.0
0,626400,KELP,2036.0,22.0,0.0,0.0,0.0,0.0,2038,5,2039.0,23.0,0.0,0.0,2037.0,0.0
0,626500,KELP,2036.0,28.0,0.0,0.0,0.0,0.0,2039,28,0.0,0.0,0.0,0.0,2037.5,0.0
0,626600,KELP,2035.0,30.0,0.0,0.0,0.0,0.0,2039,30,0.0,0.0,0.0,0.0,2037.0,0.0
0,626700,KELP,2036.0,10.0,2035.0,22.0,0.0,0.0,2039,24,0.0,0.0,0.0,0.0,2037.5,0.0
0,626800,KELP,2036.0,8.0,2035.0,29.0,0.0,0.0,2039,29,0.0,0.0,0.0,0.0,2037.5,0.0
0,626900,KELP,2035.0,31.0,0.0,0.0,0.0,0.0,2037,5,2039.0,31.0,0.0,0.0,2036.0,0.0
0,627000,KELP,2035.0,25.0,0.0,0.0,0.0,0.0,2039,25,0.0,0.0,0.0,0.0,2037.0,0.0
0,627100,KELP,2035.0,29.0,0.0,0.0,0.0,0.0,2038,29,0.0,0.0,0.0,0.0,2036.5,0.0
0,627200,KELP,2035.0,29.0,0.0,0.0,0.0,0.0,2038,29,0.0,0.0,0.0,0.0,2036.5,0.0
0,627300,KELP,2035.0,32.0,0.0,0.0,0.0,0.0,2038,2,2039.0,30.0,0.0,0.0,2036.5,0.0
0,627400,KELP,2035.0,30.0,0.0,0.0,0.0,0.0,2038,30,0.0,0.0,0.0,0.0,2036.5,0.0
0,627500,KELP,2035.0,21.0,0.0,0.0,0.0,0.0,2037,1,2039.0,21.0,0.0,0.0,2036.0,0.0
0,627600,KELP,2035.0,31.0,0.0,0.0,0.0,0.0,2037,5,2038.0,2.0,2039.0,29.0,2036.0,0.0
0,627700,KELP,2037.0,1.0,2036.0,4.0,2035.0,27.0,2038,26,0.0,0.0,0.0,0.0,2037.5,0.0
0,627800,KELP,2035.0,22.0,0.0,0.0,0.0,0.0,2039,23,0.0,0.0,0.0,0.0,2037.0,0.0
0,627900,KELP,2035.0,28.0,0.0,0.0,0.0,0.0,2038,28,0.0,0.0,0.0,0.0,2036.5,0.0
0,628000,KELP,2035.0,31.0,0.0,0.0,0.0,0.0,2038,31,0.0,0.0,0.0,0.0,2036.5,0.0
0,628100,KELP,2035.0,26.0,0.0,0.0,0.0,0.0,2038,26,0.0,0.0,0.0,0.0,2036.5,0.0
0,628200,KELP,2035.0,32.0,0.0,0.0,0.0,0.0,2038,32,0.0,0.0,0.0,0.0,2036.5,0.0
0,628300,KELP,2037.0,1.0,2035.0,22.0,0.0,0.0,2038,22,0.0,0.0,0.0,0.0,2037.5,0.0
0,628400,KELP,2035.0,29.0,0.0,0.0,0.0,0.0,2036,5,2038.0,29.0,0.0,0.0,2035.5,0.0
0,628500,KELP,2035.0,30.0,0.0,0.0,0.0,0.0,2038,25,0.0,0.0,0.0,0.0,2036.5,0.0
0,628600,KELP,2035.0,31.0,0.0,0.0,0.0,0.0,2038,23,0.0,0.0,0.0,0.0,2036.5,0.0
0,628700,KELP,2035.0,25.0,0.0,0.0,0.0,0.0,2038,25,0.0,0.0,0.0,0.0,2036.5,0.0
0,628800,KELP,2035.0,27.0,0.0,0.0,0.0,0.0,2038,27,0.0,0.0,0.0,0.0,2036.5,0.0
0,628900,KELP,2035.0,30.0,0.0,0.0,0.0,0.0,2037,2,2038.0,30.0,0.0,0.0,2036.0,0.0
0,629000,KELP,2035.0,25.0,0.0,0.0,0.0,0.0,2037,8,2038.0,26.0,0.0,0.0,2036.0,0.0
0,629100,KELP,2035.0,25.0,0.0,0.0,0.0,0.0,2036,4,2038.0,24.0,0.0,0.0,2035.5,0.0
0,629200,KELP,2035.0,21.0,0.0,0.0,0.0,0.0,2038,21,0.0,0.0,0.0,0.0,2036.5,0.0
0,629300,KELP,2035.0,27.0,0.0,0.0,0.0,0.0,2038,27,0.0,0.0,0.0,0.0,2036.5,0.0
0,629400,KELP,2035.0,35.0,0.0,0.0,0.0,0.0,2038,27,0.0,0.0,0.0,0.0,2036.5,0.0
0,629500,KELP,2035.0,29.0,0.0,0.0,0.0,0.0,2038,29,0.0,0.0,0.0,0.0,2036.5,0.0
0,629600,KELP,2035.0,22.0,0.0,0.0,0.0,0.0,2039,23,0.0,0.0,0.0,0.0,2037.0,0.0
0,629700,KELP,2036.0,25.0,0.0,0.0,0.0,0.0,2039,20,0.0,0.0,0.0,0.0,2037.5,0.0
0,629800,KELP,2036.0,29.0,0.0,0.0,0.0,0.0,2039,30,0.0,0.0,0.0,0.0,2037.5,0.0
0,629900,KELP,2036.0,9.0,2035.0,25.0,0.0,0.0,2039,27,0.0,0.0,0.0,0.0,2037.5,0.0
0,630000,KELP,2035.0,23.0,0.0,0.0,0.0,0.0,2039,23,0.0,0.0,0.0,0.0,2037.0,0.0
0,630100,KELP,2035.0,25.0,0.0,0.0,0.0,0.0,2039,25,0.0,0.0,0.0,0.0,2037.0,0.0
0,630200,KELP,2036.0,1.0,2035.0,22.0,0.0,0.0,2037,1,2039.0,23.0,0.0,0.0,2036.5,0.0
0,630300,KELP,2036.0,24.0,0.0,0.0,0.0,0.0,2039,24,0.0,0.0,0.0,0.0,2037.5,0.0
0,630400,KELP,2036.0,39.0,0.0,0.0,0.0,0.0,2039,32,0.0,0.0,0.0,0.0,2037.5,0.0
0,630500,KELP,2036.0,28.0,0.0,0.0,0.0,0.0,2038,1,2039.0,28.0,0.0,0.0,2037.0,0.0
0,630600,KELP,2036.0,22.0,0.0,0.0,0.0,0.0,2039,22,0.0,0.0,0.0,0.0,2037.5,0.0
0,630700,KELP,2036.0,26.0,0.0,0.0,0.0,0.0,2039,26,0.0,0.0,0.0,0.0,2037.5,0.0
0,630800,KELP,2036.0,30.0,0.0,0.0,0.0,0.0,2038,8,2039.0,30.0,0.0,0.0,2037.0,0.0
0,630900,KELP,2036.0,22.0,0.0,0.0,0.0,0.0,2039,27,0.0,0.0,0.0,0.0,2037.5,0.0
0,631000,KELP,2036.0,29.0,0.0,0.0,0.0,0.0,2039,29,0.0,0.0,0.0,0.0,2037.5,0.0
0,631100,KELP,2036.0,28.0,0.0,0.0,0.0,0.0,2039,28,0.0,0.0,0.0,0.0,2037.5,0.0
0,631200,KELP,2036.0,24.0,0.0,0.0,0.0,0.0,2039,24,0.0,0.0,0.0,0.0,2037.5,0.0
0,631300,KELP,2036.0,25.0,0.0,0.0,0.0,0.0,2039,27,0.0,0.0,0.0,0.0,2037.5,0.0
0,631400,KELP,2035.0,24.0,0.0,0.0,0.0,0.0,2039,24,0.0,0.0,0.0,0.0,2037.0,0.0
0,631500,KELP,2035.0,21.0,0.0,0.0,0.0,0.0,2039,22,0.0,0.0,0.0,0.0,2037.0,0.0
0,631600,KELP,2037.0,1.0,2036.0,7.0,2035.0,24.0,2038,1,2039.0,23.0,0.0,0.0,2037.5,0.0
0,631700,KELP,2035.0,20.0,0.0,0.0,0.0,0.0,2037,6,2039.0,21.0,0.0,0.0,2036.0,0.0
0,631800,KELP,2035.0,23.0,0.0,0.0,0.0,0.0,2039,23,0.0,0.0,0.0,0.0,2037.0,0.0
0,631900,KELP,2035.0,31.0,0.0,0.0,0.0,0.0,2038,2,2039.0,29.0,0.0,0.0,2036.5,0.0
0,632000,KELP,2035.0,26.0,0.0,0.0,0.0,0.0,2037,7,2038.0,2.0,2039.0,24.0,2036.0,0.0
0,632100,KELP,2035.0,24.0,0.0,0.0,0.0,0.0,2038,1,2039.0,23.0,0.0,0.0,2036.5,0.0
0,632200,KELP,2035.0,27.0,0.0,0.0,0.0,0.0,2038,2,2039.0,25.0,0.0,0.0,2036.5,0.0
0,632300,KELP,2035.0,22.0,0.0,0.0,0.0,0.0,2038,2,2039.0,20.0,0.0,0.0,2036.5,0.0
0,632400,KELP,2035.0,30.0,0.0,0.0,0.0,0.0,2038,2,2039.0,26.0,0.0,0.0,2036.5,0.0
0,632500,KELP,2035.0,23.0,0.0,0.0,0.0,0.0,2038,23,0.0,0.0,0.0,0.0,2036.5,0.0
0,632600,KELP,2035.0,22.0,0.0,0.0,0.0,0.0,2038,22,0.0,0.0,0.0,0.0,2036.5,0.0
0,632700,KELP,2035.0,30.0,0.0,0.0,0.0,0.0,2038,30,0.0,0.0,0.0,0.0,2036.5,0.0
0,632800,KELP,2035.0,29.0,0.0,0.0,0.0,0.0,2038,29,0.0,0.0,0.0,0.0,2036.5,0.0
0,632900,KELP,2035.0,24.0,0.0,0.0,0.0,0.0,2039,24,0.0,0.0,0.0,0.0,2037.0,0.0
0,633000,KELP,2035.0,31.0,0.0,0.0,0.0,0.0,2039,31,0.0,0.0,0.0,0.0,2037.0,0.0
0,633100,KELP,2035.0,21.0,0.0,0.0,0.0,0.0,2036,2,2039.0,21.0,0.0,0.0,2035.5,0.0
0,633200,KELP,2036.0,6.0,2035.0,29.0,0.0,0.0,2039,29,0.0,0.0,0.0,0.0,2037.5,0.0
0,633300,KELP,2037.0,5.0,2036.0,2.0,2035.0,28.0,2039,28,0.0,0.0,0.0,0.0,2038.0,0.0
0,633400,KELP,2037.0,1.0,2036.0,3.0,2035.0,30.0,2039,30,0.0,0.0,0.0,0.0,2038.0,0.0
0,633500,KELP,2035.0,30.0,0.0,0.0,0.0,0.0,2036,1,2039.0,30.0,0.0,0.0,2035.5,0.0
0,633600,KELP,2038.0,1.0,2035.0,29.0,0.0,0.0,2039,29,0.0,0.0,0.0,0.0,2038.5,0.0
0,633700,KELP,2037.0,1.0,2035.0,24.0,0.0,0.0,2039,24,0.0,0.0,0.0,0.0,2038.0,0.0
0,633800,KELP,2037.0,1.0,2035.0,23.0,0.0,0.0,2039,23,0.0,0.0,0.0,0.0,2038.0,0.0
0,633900,KELP,2037.0,7.0,2035.0,26.0,0.0,0.0,2039,26,0.0,0.0,0.0,0.0,2038.0,0.0
0,634000,KELP,2035.0,22.0,0.0,0.0,0.0,0.0,2039,22,0.0,0.0,0.0,0.0,2037.0,0.0
0,634100,KELP,2035.0,29.0,0.0,0.0,0.0,0.0,2039,30,0.0,0.0,0.0,0.0,2037.0,0.0
0,634200,KELP,2036.0,8.0,2035.0,21.0,0.0,0.0,2039,21,0.0,0.0,0.0,0.0,2037.5,0.0
0,634300,KELP,2037.0,10.0,2035.0,23.0,0.0,0.0,2039,23,0.0,0.0,0.0,0.0,2038.0,0.0
0,634400,KELP,2035.0,29.0,0.0,0.0,0.0,0.0,2039,29,0.0,0.0,0.0,0.0,2037.0,0.0
0,634500,KELP,2035.0,21.0,0.0,0.0,0.0,0.0,2037,5,2039.0,21.0,0.0,0.0,2036.0,0.0
0,634600,KELP,2035.0,27.0,0.0,0.0,0.0,0.0,2037,3,2039.0,27.0,0.0,0.0,2036.0,0.0
0,634700,KELP,2035.0,27.0,0.0,0.0,0.0,0.0,2037,3,2039.0,27.0,0.0,0.0,2036.0,0.0
0,634800,KELP,2035.0,25.0,0.0,0.0,0.0,0.0,2037,3,2039.0,25.0,0.0,0.0,2036.0,0.0
0,634900,KELP,2035.0,22.0,0.0,0.0,0.0,0.0,2036,3,2039.0,22.0,0.0,0.0,2035.5,0.0
0,635000,KELP,2036.0,7.0,2035.0,22.0,0.0,0.0,2039,22,0.0,0.0,0.0,0.0,2037.5,0.0
0,635100,KELP,2035.0,25.0,0.0,0.0,0.0,0.0,2037,5,2039.0,25.0,0.0,0.0,2036.0,0.0
0,635200,KELP,2036.0,1.0,2035.0,24.0,0.0,0.0,2037,4,2039.0,25.0,0.0,0.0,2036.5,0.0
0,635300,KELP,2036.0,1.0,2035.0,23.0,0.0,0.0,2039,24,0.0,0.0,0.0,0.0,2037.5,0.0
0,635400,KELP,2035.0,22.0,0.0,0.0,0.0,0.0,2036,5,2039.0,22.0,0.0,0.0,2035.5,0.0
0,635500,KELP,2035.0,31.0,0.0,0.0,0.0,0.0,2039,31,0.0,0.0,0.0,0.0,2037.0,0.0
0,635600,KELP,2036.0,1.0,2035.0,20.0,0.0,0.0,2039,21,0.0,0.0,0.0,0.0,2037.5,0.0
0,635700,KELP,2038.0,1.0,2036.0,2.0,2035.0,30.0,2039,32,0.0,0.0,0.0,0.0,2038.5,0.0
0,635800,KELP,2035.0,26.0,0.0,0.0,0.0,0.0,2039,26,0.0,0.0,0.0,0.0,2037.0,0.0
0,635900,KELP,2035.0,27.0,0.0,0.0,0.0,0.0,2039,27,0.0,0.0,0.0,0.0,2037.0,0.0
0,636000,KELP,2035.0,28.0,0.0,0.0,0.0,0.0,2037,5,2038.0,28.0,0.0,0.0,2036.0,0.0
0,636100,KELP,2035.0,22.0,0.0,0.0,0.0,0.0,2038,22,0.0,0.0,0.0,0.0,2036.5,0.0
0,636200,KELP,2035.0,30.0,0.0,0.0,0.0,0.0,2038,30,0.0,0.0,0.0,0.0,2036.5,0.0
0,636300,KELP,2037.0,1.0,2035.0,29.0,0.0,0.0,2038,29,0.0,0.0,0.0,0.0,2037.5,0.0
0,636400,KELP,2035.0,29.0,0.0,0.0,0.0,0.0,2038,29,0.0,0.0,0.0,0.0,2036.5,0.0
0,636500,KELP,2035.0,27.0,0.0,0.0,0.0,0.0,2038,28,0.0,0.0,0.0,0.0,2036.5,0.0
0,636600,KELP,2035.0,25.0,0.0,0.0,0.0,0.0,2037,6,2038.0,25.0,0.0,0.0,2036.0,0.0
0,636700,KELP,2035.0,29.0,0.0,0.0,0.0,0.0,2038,29,0.0,0.0,0.0,0.0,2036.5,0.0
0,636800,KELP,2037.0,1.0,2035.0,23.0,0.0,0.0,2038,1,2039.0,22.0,0.0,0.0,2037.5,0.0
0,636900,KELP,2035.0,30.0,0.0,0.0,0.0,0.0,2037,3,2038.0,30.0,0.0,0.0,2036.0,0.0
0,637000,KELP,2035.0,31.0,0.0,0.0,0.0,0.0,2038,31,0.0,0.0,0.0,0.0,2036.5,0.0
0,637100,KELP,2035.0,29.0,0.0,0.0,0.0,0.0,2038,24,0.0,0.0,0.0,0.0,2036.5,0.0
0,637200,KELP,2035.0,23.0,0.0,0.0,0.0,0.0,2037,2,2038.0,23.0,0.0,0.0,2036.0,0.0
0,637300,KELP,2035.0,30.0,0.0,0.0,0.0,0.0,2036,5,2038.0,30.0,0.0,0.0,2035.5,0.0
0,637400,KELP,2035.0,24.0,0.0,0.0,0.0,0.0,2038,24,0.0,0.0,0.0,0.0,2036.5,0.0
0,637500,KELP,2035.0,24.0,0.0,0.0,0.0,0.0,2038,24,0.0,0.0,0.0,0.0,2036.5,0.0
0,637600,KELP,2035.0,27.0,0.0,0.0,0.0,0.0,2038,27,0.0,0.0,0.0,0.0,2036.5,0.0
0,637700,KELP,2035.0,30.0,0.0,0.0,0.0,0.0,2038,28,0.0,0.0,0.0,0.0,2036.5,0.0
0,637800,KELP,2035.0,22.0,0.0,0.0,0.0,0.0,2038,22,0.0,0.0,0.0,0.0,2036.5,0.0
0,637900,KELP,2035.0,28.0,0.0,0.0,0.0,0.0,2038,27,0.0,0.0,0.0,0.0,2036.5,0.0
0,638000,KELP,2037.0,1.0,2035.0,26.0,0.0,0.0,2038,26,0.0,0.0,0.0,0.0,2037.5,0.0
0,638100,KELP,2035.0,28.0,0.0,0.0,0.0,0.0,2038,28,0.0,0.0,0.0,0.0,2036.5,0.0
0,638200,KELP,2035.0,31.0,0.0,0.0,0.0,0.0,2038,23,0.0,0.0,0.0,0.0,2036.5,0.0
0,638300,KELP,2035.0,22.0,0.0,0.0,0.0,0.0,2038,22,0.0,0.0,0.0,0.0,2036.5,0.0
0,638400,KELP,2035.0,24.0,0.0,0.0,0.0,0.0,2039,24,0.0,0.0,0.0,0.0,2037.0,0.0
0,638500,KELP,2035.0,29.0,0.0,0.0,0.0,0.0,2038,29,0.0,0.0,0.0,0.0,2036.5,0.0
0,638600,KELP,2035.0,25.0,0.0,0.0,0.0,0.0,2037,4,2038.0,26.0,0.0,0.0,2036.0,0.0
0,638700,KELP,2035.0,32.0,0.0,0.0,0.0,0.0,2038,32,0.0,0.0,0.0,0.0,2036.5,0.0
0,638800,KELP,2035.0,23.0,0.0,0.0,0.0,0.0,2038,23,0.0,0.0,0.0,0.0,2036.5,0.0
0,638900,KELP,2035.0,32.0,0.0,0.0,0.0,0.0,2038,32,0.0,0.0,0.0,0.0,2036.5,0.0
0,639000,KELP,2035.0,28.0,0.0,0.0,0.0,0.0,2038,28,0.0,0.0,0.0,0.0,2036.5,0.0
0,639100,KELP,2037.0,4.0,2035.0,22.0,0.0,0.0,2038,22,0.0,0.0,0.0,0.0,2037.5,0.0
0,639200,KELP,2035.0,21.0,0.0,0.0,0.0,0.0,2038,21,0.0,0.0,0.0,0.0,2036.5,0.0
0,639300,KELP,2035.0,32.0,0.0,0.0,0.0,0.0,2038,32,0.0,0.0,0.0,0.0,2036.5,0.0
0,639400,KELP,2035.0,22.0,0.0,0.0,0.0,0.0,2038,22,0.0,0.0,0.0,0.0,2036.5,0.0
0,639500,KELP,2035.0,26.0,0.0,0.0,0.0,0.0,2037,8,2038.0,26.0,0.0,0.0,2036.0,0.0
0,639600,KELP,2037.0,1.0,2035.0,29.0,0.0,0.0,2038,29,0.0,0.0,0.0,0.0,2037.5,0.0
0,639700,KELP,2035.0,27.0,0.0,0.0,0.0,0.0,2038,27,0.0,0.0,0.0,0.0,2036.5,0.0
0,639800,KELP,2035.0,31.0,0.0,0.0,0.0,0.0,2038,29,0.0,0.0,0.0,0.0,2036.5,0.0
0,639900,KELP,2035.0,30.0,0.0,0.0,0.0,0.0,2036,3,2038.0,27.0,0.0,0.0,2035.5,0.0
0,640000,KELP,2035.0,26.0,0.0,0.0,0.0,0.0,2038,26,0.0,0.0,0.0,0.0,2036.5,0.0
0,640100,KELP,2035.0,38.0,0.0,0.0,0.0,0.0,2038,31,0.0,0.0,0.0,0.0,2036.5,0.0
0,640200,KELP,2034.0,24.0,0.0,0.0,0.0,0.0,2038,24,0.0,0.0,0.0,0.0,2036.0,0.0
0,640300,KELP,2034.0,26.0,0.0,0.0,0.0,0.0,2038,26,0.0,0.0,0.0,0.0,2036.0,0.0
0,640400,KELP,2035.0,27.0,0.0,0.0,0.0,0.0,2038,22,0.0,0.0,0.0,0.0,2036.5,0.0
0,640500,KELP,2035.0,24.0,0.0,0.0,0.0,0.0,2038,23,0.0,0.0,0.0,0.0,2036.5,0.0
0,640600,KELP,2035.0,2.0,2034.0,24.0,0.0,0.0,2038,26,0.0,0.0,0.0,0.0,2036.5,0.0
0,640700,KELP,2035.0,2.0,2034.0,30.0,0.0,0.0,2038,32,0.0,0.0,0.0,0.0,2036.5,0.0
0,640800,KELP,2036.0,6.0,2035.0,2.0,2034.0,26.0,2038,28,0.0,0.0,0.0,0.0,2037.0,0.0
0,640900,KELP,2035.0,29.0,0.0,0.0,0.0,0.0,2036,6,2038.0,29.0,0.0,0.0,2035.5,0.0
0,641000,KELP,2035.0,35.0,0.0,0.0,0.0,0.0,2038,31,0.0,0.0,0.0,0.0,2036.5,0.0
0,641100,KELP,2035.0,29.0,0.0,0.0,0.0,0.0,2037,7,2038.0,29.0,0.0,0.0,2036.0,0.0
0,641200,KELP,2035.0,26.0,0.0,0.0,0.0,0.0,2037,3,2038.0,28.0,0.0,0.0,2036.0,0.0
0,641300,KELP,2035.0,23.0,0.0,0.0,0.0,0.0,2038,23,0.0,0.0,0.0,0.0,2036.5,0.0
0,641400,KELP,2035.0,36.0,0.0,0.0,0.0,0.0,2038,28,0.0,0.0,0.0,0.0,2036.5,0.0
0,641500,KELP,2035.0,1.0,2034.0,26.0,0.0,0.0,2038,26,0.0,0.0,0.0,0.0,2036.5,0.0
0,641600,KELP,2034.0,21.0,0.0,0.0,0.0,0.0,2038,21,0.0,0.0,0.0,0.0,2036.0,0.0
0,641700,KELP,2034.0,28.0,0.0,0.0,0.0,0.0,2036,2,2038.0,28.0,0.0,0.0,2035.0,0.0
0,641800,KELP,2034.0,27.0,0.0,0.0,0.0,0.0,2038,27,0.0,0.0,0.0,0.0,2036.0,0.0
0,641900,KELP,2035.0,2.0,2034.0,24.0,0.0,0.0,2036,6,2038.0,26.0,0.0,0.0,2035.5,0.0
0,642000,KELP,2034.0,20.0,0.0,0.0,0.0,0.0,2035,1,2038.0,20.0,0.0,0.0,2034.5,0.0
0,642100,KELP,2034.0,24.0,0.0,0.0,0.0,0.0,2038,24,0.0,0.0,0.0,0.0,2036.0,0.0
0,642200,KELP,2035.0,2.0,2034.0,23.0,0.0,0.0,2038,23,0.0,0.0,0.0,0.0,2036.5,0.0
0,642300,KELP,2034.0,29.0,0.0,0.0,0.0,0.0,2035,1,2038.0,29.0,0.0,0.0,2034.5,0.0
0,642400,KELP,2034.0,28.0,0.0,0.0,0.0,0.0,2035,1,2038.0,28.0,0.0,0.0,2034.5,0.0
0,642500,KELP,2034.0,29.0,0.0,0.0,0.0,0.0,2036,2,2038.0,29.0,0.0,0.0,2035.0,0.0
0,642600,KELP,2035.0,2.0,2034.0,30.0,0.0,0.0,2038,30,0.0,0.0,0.0,0.0,2036.5,0.0
0,642700,KELP,2034.0,26.0,0.0,0.0,0.0,0.0,2038,26,0.0,0.0,0.0,0.0,2036.0,0.0
0,642800,KELP,2034.0,30.0,0.0,0.0,0.0,0.0,2038,30,0.0,0.0,0.0,0.0,2036.0,0.0
0,642900,KELP,2035.0,8.0,2034.0,26.0,0.0,0.0,2038,26,0.0,0.0,0.0,0.0,2036.5,0.0
0,643000,KELP,2035.0,4.0,2034.0,26.0,0.0,0.0,2038,26,0.0,0.0,0.0,0.0,2036.5,0.0
0,643100,KELP,2034.0,28.0,0.0,0.0,0.0,0.0,2035,5,2038.0,28.0,0.0,0.0,2034.5,0.0
0,643200,KELP,2034.0,25.0,0.0,0.0,0.0,0.0,2037,1,2038.0,24.0,0.0,0.0,2035.5,0.0
0,643300,KELP,2035.0,5.0,2034.0,26.0,0.0,0.0,2038,26,0.0,0.0,0.0,0.0,2036.5,0.0
0,643400,KELP,2034.0,29.0,0.0,0.0,0.0,0.0,2038,30,0.0,0.0,0.0,0.0,2036.0,0.0
0,643500,KELP,2034.0,27.0,0.0,0.0,0.0,0.0,2038,27,0.0,0.0,0.0,0.0,2036.0,0.0
0,643600,KELP,2034.0,29.0,0.0,0.0,0.0,0.0,2038,29,0.0,0.0,0.0,0.0,2036.0,0.0
0,643700,KELP,2034.0,30.0,0.0,0.0,0.0,0.0,2038,30,0.0,0.0,0.0,0.0,2036.0,0.0
0,643800,KELP,2034.0,31.0,0.0,0.0,0.0,0.0,2038,31,0.0,0.0,0.0,0.0,2036.0,0.0
0,643900,KELP,2034.0,24.0,0.0,0.0,0.0,0.0,2038,24,0.0,0.0,0.0,0.0,2036.0,0.0
0,644000,KELP,2035.0,2.0,2034.0,22.0,0.0,0.0,2038,24,0.0,0.0,0.0,0.0,2036.5,0.0
0,644100,KELP,2034.0,23.0,0.0,0.0,0.0,0.0,2038,23,0.0,0.0,0.0,0.0,2036.0,0.0
0,644200,KELP,2034.0,28.0,0.0,0.0,0.0,0.0,2037,1,2038.0,27.0,0.0,0.0,2035.5,0.0
0,644300,KELP,2034.0,28.0,0.0,0.0,0.0,0.0,2038,28,0.0,0.0,0.0,0.0,2036.0,0.0
0,644400,KELP,2034.0,18.0,0.0,0.0,0.0,0.0,2037,2,2038.0,23.0,0.0,0.0,2035.5,0.0
0,644500,KELP,2036.0,1.0,2034.0,28.0,0.0,0.0,2037,23,0.0,0.0,0.0,0.0,2036.5,0.0
0,644600,KELP,2034.0,29.0,0.0,0.0,0.0,0.0,2037,29,0.0,0.0,0.0,0.0,2035.5,0.0
0,644700,KELP,2034.0,29.0,0.0,0.0,0.0,0.0,2037,1,2038.0,28.0,0.0,0.0,2035.5,0.0
0,644800,KELP,2035.0,6.0,2034.0,21.0,0.0,0.0,2038,21,0.0,0.0,0.0,0.0,2036.5,0.0
0,644900,KELP,2034.0,27.0,0.0,0.0,0.0,0.0,2037,2,2038.0,25.0,0.0,0.0,2035.5,0.0
0,645000,KELP,2034.0,32.0,0.0,0.0,0.0,0.0,2037,32,0.0,0.0,0.0,0.0,2035.5,0.0
0,645100,KELP,2034.0,31.0,0.0,0.0,0.0,0.0,2036,5,2037.0,31.0,0.0,0.0,2035.0,0.0
0,645200,KELP,2036.0,1.0,2034.0,28.0,0.0,0.0,2037,22,0.0,0.0,0.0,0.0,2036.5,0.0
0,645300,KELP,2036.0,1.0,2034.0,31.0,0.0,0.0,2037,26,0.0,0.0,0.0,0.0,2036.5,0.0
0,645400,KELP,2034.0,27.0,0.0,0.0,0.0,0.0,2037,27,0.0,0.0,0.0,0.0,2035.5,0.0
0,645500,KELP,2034.0,29.0,0.0,0.0,0.0,0.0,2035,4,2036.0,6.0,2037.0,30.0,2034.5,0.0
0,645600,KELP,2034.0,25.0,0.0,0.0,0.0,0.0,2037,21,0.0,0.0,0.0,0.0,2035.5,0.0
0,645700,KELP,2034.0,23.0,0.0,0.0,0.0,0.0,2037,23,0.0,0.0,0.0,0.0,2035.5,0.0
0,645800,KELP,2034.0,23.0,0.0,0.0,0.0,0.0,2036,1,2037.0,23.0,0.0,0.0,2035.0,0.0
0,645900,KELP,2036.0,1.0,2034.0,37.0,0.0,0.0,2037,30,0.0,0.0,0.0,0.0,2036.5,0.0
0,646000,KELP,2034.0,22.0,0.0,0.0,0.0,0.0,2037,22,0.0,0.0,0.0,0.0,2035.5,0.0
0,646100,KELP,2034.0,27.0,0.0,0.0,0.0,0.0,2037,27,0.0,0.0,0.0,0.0,2035.5,0.0
0,646200,KELP,2034.0,26.0,0.0,0.0,0.0,0.0,2037,26,0.0,0.0,0.0,0.0,2035.5,0.0
0,646300,KELP,2034.0,23.0,0.0,0.0,0.0,0.0,2037,23,0.0,0.0,0.0,0.0,2035.5,0.0
0,646400,KELP,2034.0,27.0,0.0,0.0,0.0,0.0,2037,27,0.0,0.0,0.0,0.0,2035.5,0.0
0,646500,KELP,2034.0,27.0,0.0,0.0,0.0,0.0,2037,21,0.0,0.0,0.0,0.0,2035.5,0.0
0,646600,KELP,2034.0,2.0,2033.0,24.0,0.0,0.0,2037,26,0.0,0.0,0.0,0.0,2035.5,0.0
0,646700,KELP,2034.0,26.0,0.0,0.0,0.0,0.0,2037,26,0.0,0.0,0.0,0.0,2035.5,0.0
0,646800,KELP,2034.0,28.0,0.0,0.0,0.0,0.0,2037,22,0.0,0.0,0.0,0.0,2035.5,0.0
0,646900,KELP,2034.0,28.0,0.0,0.0,0.0,0.0,2037,28,0.0,0.0,0.0,0.0,2035.5,0.0
0,647000,KELP,2036.0,4.0,2034.0,30.0,0.0,0.0,2037,30,0.0,0.0,0.0,0.0,2036.5,0.0
0,647100,KELP,2034.0,25.0,0.0,0.0,0.0,0.0,2037,25,0.0,0.0,0.0,0.0,2035.5,0.0
0,647200,KELP,2034.0,30.0,0.0,0.0,0.0,0.0,2036,4,2037.0,30.0,0.0,0.0,2035.0,0.0
0,647300,KELP,2034.0,22.0,0.0,0.0,0.0,0.0,2036,8,2037.0,22.0,0.0,0.0,2035.0,0.0
0,647400,KELP,2034.0,28.0,0.0,0.0,0.0,0.0,2037,28,0.0,0.0,0.0,0.0,2035.5,0.0
0,647500,KELP,2034.0,23.0,0.0,0.0,0.0,0.0,2036,1,2037.0,23.0,0.0,0.0,2035.0,0.0
0,647600,KELP,2034.0,27.0,0.0,0.0,0.0,0.0,2036,6,2037.0,27.0,0.0,0.0,2035.0,0.0
0,647700,KELP,2034.0,25.0,0.0,0.0,0.0,0.0,2037,25,0.0,0.0,0.0,0.0,2035.5,0.0
0,647800,KELP,2036.0,1.0,2034.0,29.0,0.0,0.0,2037,29,0.0,0.0,0.0,0.0,2036.5,0.0
0,647900,KELP,2036.0,3.0,2034.0,26.0,0.0,0.0,2037,26,0.0,0.0,0.0,0.0,2036.5,0.0
0,648000,KELP,2034.0,25.0,0.0,0.0,0.0,0.0,2037,2,2038.0,23.0,0.0,0.0,2035.5,0.0
0,648100,KELP,2034.0,36.0,0.0,0.0,0.0,0.0,2037,28,0.0,0.0,0.0,0.0,2035.5,0.0
0,648200,KELP,2034.0,27.0,0.0,0.0,0.0,0.0,2037,27,0.0,0.0,0.0,0.0,2035.5,0.0
0,648300,KELP,2035.0,5.0,2034.0,27.0,0.0,0.0,2038,27,0.0,0.0,0.0,0.0,2036.5,0.0
0,648400,KELP,2035.0,1.0,2034.0,32.0,0.0,0.0,2037,2,2038.0,30.0,0.0,0.0,2036.0,0.0
0,648500,KELP,2034.0,26.0,0.0,0.0,0.0,0.0,2037,26,0.0,0.0,0.0,0.0,2035.5,0.0
0,648600,KELP,2035.0,2.0,2034.0,30.0,0.0,0.0,2036,6,2037.0,30.0,0.0,0.0,2035.5,0.0
0,648700,KELP,2034.0,31.0,0.0,0.0,0.0,0.0,2037,31,0.0,0.0,0.0,0.0,2035.5,0.0
0,648800,KELP,2034.0,28.0,0.0,0.0,0.0,0.0,2037,29,0.0,0.0,0.0,0.0,2035.5,0.0
0,648900,KELP,2036.0,1.0,2034.0,26.0,0.0,0.0,2038,23,0.0,0.0,0.0,0.0,2037.0,0.0
0,649000,KELP,2034.0,27.0,0.0,0.0,0.0,0.0,2037,27,0.0,0.0,0.0,0.0,2035.5,0.0
0,649100,KELP,2036.0,1.0,2034.0,30.0,0.0,0.0,2037,30,0.0,0.0,0.0,0.0,2036.5,0.0
0,649200,KELP,2034.0,24.0,0.0,0.0,0.0,0.0,2037,24,0.0,0.0,0.0,0.0,2035.5,0.0
0,649300,KELP,2034.0,23.0,0.0,0.0,0.0,0.0,2037,24,0.0,0.0,0.0,0.0,2035.5,0.0
0,649400,KELP,2034.0,33.0,0.0,0.0,0.0,0.0,2037,25,0.0,0.0,0.0,0.0,2035.5,0.0
0,649500,KELP,2034.0,24.0,0.0,0.0,0.0,0.0,2037,24,0.0,0.0,0.0,0.0,2035.5,0.0
0,649600,KELP,2034.0,22.0,0.0,0.0,0.0,0.0,2035,6,2037.0,22.0,0.0,0.0,2034.5,0.0
0,649700,KELP,2034.0,21.0,0.0,0.0,0.0,0.0,2036,5,2037.0,1.0,2038.0,20.0,2035.0,0.0
0,649800,KELP,2035.0,7.0,2034.0,28.0,0.0,0.0,2037,2,2038.0,26.0,0.0,0.0,2036.0,0.0
0,649900,KELP,2034.0,24.0,0.0,0.0,0.0,0.0,2038,25,0.0,0.0,0.0,0.0,2036.0,0.0
0,650000,KELP,2034.0,22.0,0.0,0.0,0.0,0.0,2038,22,0.0,0.0,0.0,0.0,2036.0,0.0
0,650100,KELP,2034.0,32.0,0.0,0.0,0.0,0.0,2035,4,2038.0,32.0,0.0,0.0,2034.5,0.0
0,650200,KELP,2034.0,25.0,0.0,0.0,0.0,0.0,2038,25,0.0,0.0,0.0,0.0,2036.0,0.0
0,650300,KELP,2034.0,32.0,0.0,0.0,0.0,0.0,2038,32,0.0,0.0,0.0,0.0,2036.0,0.0
0,650400,KELP,2035.0,6.0,2034.0,24.0,0.0,0.0,2038,24,0.0,0.0,0.0,0.0,2036.5,0.0
0,650500,KELP,2034.0,27.0,0.0,0.0,0.0,0.0,2038,27,0.0,0.0,0.0,0.0,2036.0,0.0
0,650600,KELP,2034.0,24.0,0.0,0.0,0.0,0.0,2035,1,2038.0,24.0,0.0,0.0,2034.5,0.0
0,650700,KELP,2035.0,1.0,2034.0,25.0,0.0,0.0,2038,26,0.0,0.0,0.0,0.0,2036.5,0.0
0,650800,KELP,2034.0,23.0,0.0,0.0,0.0,0.0,2038,23,0.0,0.0,0.0,0.0,2036.0,0.0
0,650900,KELP,2034.0,25.0,0.0,0.0,0.0,0.0,2037,1,2038.0,24.0,0.0,0.0,2035.5,0.0
0,651000,KELP,2034.0,22.0,0.0,0.0,0.0,0.0,2038,22,0.0,0.0,0.0,0.0,2036.0,0.0
0,651100,KELP,2034.0,25.0,0.0,0.0,0.0,0.0,2036,2,2038.0,25.0,0.0,0.0,2035.0,0.0
0,651200,KELP,2034.0,27.0,0.0,0.0,0.0,0.0,2037,2,2038.0,21.0,0.0,0.0,2035.5,0.0
0,651300,KELP,2034.0,23.0,0.0,0.0,0.0,0.0,2036,5,2037.0,23.0,0.0,0.0,2035.0,0.0
0,651400,KELP,2034.0,31.0,0.0,0.0,0.0,0.0,2037,31,0.0,0.0,0.0,0.0,2035.5,0.0
0,651500,KELP,2034.0,21.0,0.0,0.0,0.0,0.0,2037,21,0.0,0.0,0.0,0.0,2035.5,0.0
0,651600,KELP,2034.0,23.0,0.0,0.0,0.0,0.0,2037,24,0.0,0.0,0.0,0.0,2035.5,0.0
0,651700,KELP,2034.0,28.0,0.0,0.0,0.0,0.0,2037,28,0.0,0.0,0.0,0.0,2035.5,0.0
0,651800,KELP,2034.0,18.0,0.0,0.0,0.0,0.0,2037,26,0.0,0.0,0.0,0.0,2035.5,0.0
0,651900,KELP,2034.0,31.0,0.0,0.0,0.0,0.0,2037,31,0.0,0.0,0.0,0.0,2035.5,0.0
0,652000,KELP,2034.0,31.0,0.0,0.0,0.0,0.0,2037,31,0.0,0.0,0.0,0.0,2035.5,0.0
0,652100,KELP,2034.0,21.0,0.0,0.0,0.0,0.0,2036,5,2037.0,21.0,0.0,0.0,2035.0,0.0
0,652200,KELP,2034.0,30.0,0.0,0.0,0.0,0.0,2037,30,0.0,0.0,0.0,0.0,2035.5,0.0
0,652300,KELP,2034.0,25.0,0.0,0.0,0.0,0.0,2037,25,0.0,0.0,0.0,0.0,2035.5,0.0
0,652400,KELP,2034.0,30.0,0.0,0.0,0.0,0.0,2037,30,0.0,0.0,0.0,0.0,2035.5,0.0
0,652500,KELP,2034.0,25.0,0.0,0.0,0.0,0.0,2037,25,0.0,0.0,0.0,0.0,2035.5,0.0
0,652600,KELP,2034.0,27.0,0.0,0.0,0.0,0.0,2037,27,0.0,0.0,0.0,0.0,2035.5,0.0
0,652700,KELP,2034.0,23.0,0.0,0.0,0.0,0.0,2037,23,0.0,0.0,0.0,0.0,2035.5,0.0
0,652800,KELP,2034.0,28.0,0.0,0.0,0.0,0.0,2037,28,0.0,0.0,0.0,0.0,2035.5,0.0
0,652900,KELP,2034.0,27.0,0.0,0.0,0.0,0.0,2038,27,0.0,0.0,0.0,0.0,2036.0,0.0
0,653000,KELP,2034.0,22.0,0.0,0.0,0.0,0.0,2036,5,2038.0,22.0,0.0,0.0,2035.0,0.0
0,653100,KELP,2034.0,21.0,0.0,0.0,0.0,0.0,2036,2,2038.0,21.0,0.0,0.0,2035.0,0.0
0,653200,KELP,2035.0,6.0,2034.0,27.0,0.0,0.0,2038,27,0.0,0.0,0.0,0.0,2036.5,0.0
0,653300,KELP,2034.0,24.0,0.0,0.0,0.0,0.0,2038,24,0.0,0.0,0.0,0.0,2036.0,0.0
0,653400,KELP,2034.0,27.0,0.0,0.0,0.0,0.0,2038,27,0.0,0.0,0.0,0.0,2036.0,0.0
0,653500,KELP,2034.0,30.0,0.0,0.0,0.0,0.0,2038,30,0.0,0.0,0.0,0.0,2036.0,0.0
0,653600,KELP,2037.0,1.0,2034.0,29.0,0.0,0.0,2038,29,0.0,0.0,0.0,0.0,2037.5,0.0
0,653700,KELP,2035.0,3.0,2034.0,30.0,0.0,0.0,2038,30,0.0,0.0,0.0,0.0,2036.5,0.0
0,653800,KELP,2034.0,23.0,0.0,0.0,0.0,0.0,2038,23,0.0,0.0,0.0,0.0,2036.0,0.0
0,653900,KELP,2034.0,24.0,0.0,0.0,0.0,0.0,2038,24,0.0,0.0,0.0,0.0,2036.0,0.0
0,654000,KELP,2035.0,22.0,0.0,0.0,0.0,0.0,2038,24,0.0,0.0,0.0,0.0,2036.5,0.0
0,654100,KELP,2035.0,21.0,0.0,0.0,0.0,0.0,2038,22,0.0,0.0,0.0,0.0,2036.5,0.0
0,654200,KELP,2035.0,27.0,0.0,0.0,0.0,0.0,2038,27,0.0,0.0,0.0,0.0,2036.5,0.0
0,654300,KELP,2037.0,1.0,2035.0,2.0,2034.0,29.0,2038,31,0.0,0.0,0.0,0.0,2037.5,0.0
0,654400,KELP,2035.0,27.0,0.0,0.0,0.0,0.0,2038,27,0.0,0.0,0.0,0.0,2036.5,0.0
0,654500,KELP,2035.0,30.0,0.0,0.0,0.0,0.0,2038,30,0.0,0.0,0.0,0.0,2036.5,0.0
0,654600,KELP,2035.0,31.0,0.0,0.0,0.0,0.0,2038,31,0.0,0.0,0.0,0.0,2036.5,0.0
0,654700,KELP,2035.0,22.0,0.0,0.0,0.0,0.0,2038,22,0.0,0.0,0.0,0.0,2036.5,0.0
0,654800,KELP,2035.0,20.0,0.0,0.0,0.0,0.0,2038,20,0.0,0.0,0.0,0.0,2036.5,0.0
0,654900,KELP,2035.0,25.0,0.0,0.0,0.0,0.0,2038,25,0.0,0.0,0.0,0.0,2036.5,0.0
0,655000,KELP,2035.0,27.0,0.0,0.0,0.0,0.0,2038,27,0.0,0.0,0.0,0.0,2036.5,0.0
0,655100,KELP,2035.0,29.0,0.0,0.0,0.0,0.0,2038,29,0.0,0.0,0.0,0.0,2036.5,0.0
0,655200,KELP,2035.0,25.0,0.0,0.0,0.0,0.0,2036,6,2038.0,25.0,0.0,0.0,2035.5,0.0
0,655300,KELP,2035.0,24.0,0.0,0.0,0.0,0.0,2038,24,0.0,0.0,0.0,0.0,2036.5,0.0
0,655400,KELP,2035.0,21.0,0.0,0.0,0.0,0.0,2038,21,0.0,0.0,0.0,0.0,2036.5,0.0
0,655500,KELP,2035.0,25.0,0.0,0.0,0.0,0.0,2037,3,2038.0,25.0,0.0,0.0,2036.0,0.0
0,655600,KELP,2035.0,32.0,0.0,0.0,0.0,0.0,2038,32,0.0,0.0,0.0,0.0,2036.5,0.0
0,655700,KELP,2035.0,28.0,0.0,0.0,0.0,0.0,2038,25,0.0,0.0,0.0,0.0,2036.5,0.0
0,655800,KELP,2035.0,25.0,0.0,0.0,0.0,0.0,2038,25,0.0,0.0,0.0,0.0,2036.5,0.0
0,655900,KELP,2035.0,22.0,0.0,0.0,0.0,0.0,2038,22,0.0,0.0,0.0,0.0,2036.5,0.0
0,656000,KELP,2035.0,20.0,0.0,0.0,0.0,0.0,2038,21,0.0,0.0,0.0,0.0,2036.5,0.0
0,656100,KELP,2036.0,1.0,2035.0,5.0,2034.0,25.0,2037,1,2038.0,24.0,0.0,0.0,2036.5,0.0
0,656200,KELP,2034.0,26.0,0.0,0.0,0.0,0.0,2038,26,0.0,0.0,0.0,0.0,2036.0,0.0
0,656300,KELP,2035.0,5.0,2034.0,22.0,0.0,0.0,2038,22,0.0,0.0,0.0,0.0,2036.5,0.0
0,656400,KELP,2036.0,4.0,2035.0,2.0,2034.0,25.0,2038,27,0.0,0.0,0.0,0.0,2037.0,0.0
0,656500,KELP,2034.0,26.0,0.0,0.0,0.0,0.0,2038,26,0.0,0.0,0.0,0.0,2036.0,0.0
0,656600,KELP,2034.0,27.0,0.0,0.0,0.0,0.0,2036,3,2038.0,27.0,0.0,0.0,2035.0,0.0
0,656700,KELP,2035.0,2.0,2034.0,31.0,0.0,0.0,2038,31,0.0,0.0,0.0,0.0,2036.5,0.0
0,656800,KELP,2034.0,20.0,0.0,0.0,0.0,0.0,2038,20,0.0,0.0,0.0,0.0,2036.0,0.0
0,656900,KELP,2034.0,28.0,0.0,0.0,0.0,0.0,2038,28,0.0,0.0,0.0,0.0,2036.0,0.0
0,657000,KELP,2034.0,27.0,0.0,0.0,0.0,0.0,2038,27,0.0,0.0,0.0,0.0,2036.0,0.0
0,657100,KELP,2037.0,1.0,2034.0,26.0,0.0,0.0,2038,26,0.0,0.0,0.0,0.0,2037.5,0.0
0,657200,KELP,2035.0,2.0,2034.0,26.0,0.0,0.0,2038,28,0.0,0.0,0.0,0.0,2036.5,0.0
0,657300,KELP,2034.0,23.0,0.0,0.0,0.0,0.0,2038,23,0.0,0.0,0.0,0.0,2036.0,0.0
0,657400,KELP,2034.0,29.0,0.0,0.0,0.0,0.0,2036,6,2037.0,1.0,2038.0,28.0,2035.0,0.0
0,657500,KELP,2035.0,1.0,2034.0,31.0,0.0,0.0,2037,2,2038.0,29.0,0.0,0.0,2036.0,0.0
0,657600,KELP,2034.0,23.0,0.0,0.0,0.0,0.0,2038,23,0.0,0.0,0.0,0.0,2036.0,0.0
0,657700,KELP,2034.0,20.0,0.0,0.0,0.0,0.0,2038,20,0.0,0.0,0.0,0.0,2036.0,0.0
0,657800,KELP,2034.0,30.0,0.0,0.0,0.0,0.0,2035,5,2038.0,30.0,0.0,0.0,2034.5,0.0
0,657900,KELP,2034.0,28.0,0.0,0.0,0.0,0.0,2036,1,2038.0,28.0,0.0,0.0,2035.0,0.0
0,658000,KELP,2034.0,32.0,0.0,0.0,0.0,0.0,2038,32,0.0,0.0,0.0,0.0,2036.0,0.0
0,658100,KELP,2035.0,7.0,2034.0,23.0,0.0,0.0,2038,23,0.0,0.0,0.0,0.0,2036.5,0.0
0,658200,KELP,2034.0,22.0,0.0,0.0,0.0,0.0,2038,22,0.0,0.0,0.0,0.0,2036.0,0.0
0,658300,KELP,2035.0,1.0,2034.0,26.0,0.0,0.0,2038,26,0.0,0.0,0.0,0.0,2036.5,0.0
0,658400,KELP,2034.0,21.0,0.0,0.0,0.0,0.0,2038,21,0.0,0.0,0.0,0.0,2036.0,0.0
0,658500,KELP,2034.0,26.0,0.0,0.0,0.0,0.0,2036,4,2038.0,26.0,0.0,0.0,2035.0,0.0
0,658600,KELP,2034.0,25.0,0.0,0.0,0.0,0.0,2038,25,0.0,0.0,0.0,0.0,2036.0,0.0
0,658700,KELP,2036.0,5.0,2034.0,24.0,0.0,0.0,2038,24,0.0,0.0,0.0,0.0,2037.0,0.0
0,658800,KELP,2034.0,24.0,0.0,0.0,0.0,0.0,2038,24,0.0,0.0,0.0,0.0,2036.0,0.0
0,658900,KELP,2036.0,4.0,2034.0,28.0,0.0,0.0,2038,28,0.0,0.0,0.0,0.0,2037.0,0.0
0,659000,KELP,2034.0,26.0,0.0,0.0,0.0,0.0,2037,2,2038.0,24.0,0.0,0.0,2035.5,0.0
0,659100,KELP,2034.0,22.0,0.0,0.0,0.0,0.0,2037,2,2038.0,20.0,0.0,0.0,2035.5,0.0
0,659200,KELP,2035.0,6.0,2034.0,27.0,0.0,0.0,2037,1,2038.0,26.0,0.0,0.0,2036.0,0.0
0,659300,KELP,2035.0,7.0,2034.0,32.0,0.0,0.0,2037,2,2038.0,30.0,0.0,0.0,2036.0,0.0
0,659400,KELP,2034.0,22.0,0.0,0.0,0.0,0.0,2037,1,2038.0,21.0,0.0,0.0,2035.5,0.0
0,659500,KELP,2034.0,28.0,0.0,0.0,0.0,0.0,2037,23,0.0,0.0,0.0,0.0,2035.5,0.0
0,659600,KELP,2034.0,32.0,0.0,0.0,0.0,0.0,2037,2,2038.0,30.0,0.0,0.0,2035.5,0.0
0,659700,KELP,2034.0,23.0,0.0,0.0,0.0,0.0,2037,2,2038.0,21.0,0.0,0.0,2035.5,0.0
0,659800,KELP,2034.0,31.0,0.0,0.0,0.0,0.0,2037,2,2038.0,29.0,0.0,0.0,2035.5,0.0
0,659900,KELP,2034.0,24.0,0.0,0.0,0.0,0.0,2036,1,2037.0,24.0,0.0,0.0,2035.0,0.0
0,660000,KELP,2034.0,31.0,0.0,0.0,0.0,0.0,2035,6,2037.0,31.0,0.0,0.0,2034.5,0.0
0,660100,KELP,2034.0,26.0,0.0,0.0,0.0,0.0,2035,3,2037.0,2.0,2038.0,24.0,2034.5,0.0
0,660200,KELP,2034.0,25.0,0.0,0.0,0.0,0.0,2036,2,2038.0,25.0,0.0,0.0,2035.0,0.0
0,660300,KELP,2034.0,31.0,0.0,0.0,0.0,0.0,2037,1,2038.0,23.0,0.0,0.0,2035.5,0.0
0,660400,KELP,2035.0,1.0,2034.0,30.0,0.0,0.0,2038,30,0.0,0.0,0.0,0.0,2036.5,0.0
0,660500,KELP,2034.0,31.0,0.0,0.0,0.0,0.0,2036,7,2038.0,31.0,0.0,0.0,2035.0,0.0
0,660600,KELP,2034.0,22.0,0.0,0.0,0.0,0.0,2038,22,0.0,0.0,0.0,0.0,2036.0,0.0
0,660700,KELP,2034.0,27.0,0.0,0.0,0.0,0.0,2035,4,2036.0,6.0,2038.0,27.0,2034.5,0.0
0,660800,KELP,2034.0,23.0,0.0,0.0,0.0,0.0,2038,23,0.0,0.0,0.0,0.0,2036.0,0.0
0,660900,KELP,2034.0,31.0,0.0,0.0,0.0,0.0,2036,6,2038.0,31.0,0.0,0.0,2035.0,0.0
0,661000,KELP,2034.0,28.0,0.0,0.0,0.0,0.0,2035,1,2036.0,4.0,2038.0,28.0,2034.5,0.0
0,661100,KELP,2037.0,1.0,2034.0,27.0,0.0,0.0,2038,27,0.0,0.0,0.0,0.0,2037.5,0.0
0,661200,KELP,2034.0,32.0,0.0,0.0,0.0,0.0,2035,9,2038.0,32.0,0.0,0.0,2034.5,0.0
0,661300,KELP,2035.0,7.0,2034.0,28.0,0.0,0.0,2038,28,0.0,0.0,0.0,0.0,2036.5,0.0
0,661400,KELP,2034.0,26.0,0.0,0.0,0.0,0.0,2038,26,0.0,0.0,0.0,0.0,2036.0,0.0
0,661500,KELP,2035.0,3.0,2034.0,24.0,0.0,0.0,2038,24,0.0,0.0,0.0,0.0,2036.5,0.0
0,661600,KELP,2035.0,4.0,2034.0,25.0,0.0,0.0,2038,27,0.0,0.0,0.0,0.0,2036.5,0.0
0,661700,KELP,2037.0,1.0,2034.0,31.0,0.0,0.0,2038,31,0.0,0.0,0.0,0.0,2037.5,0.0
0,661800,KELP,2034.0,21.0,0.0,0.0,0.0,0.0,2038,21,0.0,0.0,0.0,0.0,2036.0,0.0
0,661900,KELP,2035.0,2.0,2034.0,30.0,0.0,0.0,2038,32,0.0,0.0,0.0,0.0,2036.5,0.0
0,662000,KELP,2036.0,3.0,2035.0,1.0,2034.0,24.0,2038,25,0.0,0.0,0.0,0.0,2037.0,0.0
0,662100,KELP,2037.0,1.0,2035.0,1.0,2034.0,26.0,2038,27,0.0,0.0,0.0,0.0,2037.5,0.0
0,662200,KELP,2035.0,30.0,0.0,0.0,0.0,0.0,2038,30,0.0,0.0,0.0,0.0,2036.5,0.0
0,662300,KELP,2035.0,31.0,0.0,0.0,0.0,0.0,2038,29,0.0,0.0,0.0,0.0,2036.5,0.0
0,662400,KELP,2034.0,19.0,0.0,0.0,0.0,0.0,2038,20,0.0,0.0,0.0,0.0,2036.0,0.0
0,662500,KELP,2035.0,33.0,0.0,0.0,0.0,0.0,2038,27,0.0,0.0,0.0,0.0,2036.5,0.0
0,662600,KELP,2035.0,1.0,2034.0,22.0,0.0,0.0,2038,23,0.0,0.0,0.0,0.0,2036.5,0.0
0,662700,KELP,2035.0,2.0,2034.0,24.0,0.0,0.0,2038,26,0.0,0.0,0.0,0.0,2036.5,0.0
0,662800,KELP,2035.0,2.0,2034.0,20.0,0.0,0.0,2038,22,0.0,0.0,0.0,0.0,2036.5,0.0
0,662900,KELP,2035.0,1.0,2034.0,21.0,0.0,0.0,2038,22,0.0,0.0,0.0,0.0,2036.5,0.0
0,663000,KELP,2036.0,8.0,2034.0,22.0,0.0,0.0,2038,22,0.0,0.0,0.0,0.0,2037.0,0.0
0,663100,KELP,2037.0,1.0,2034.0,26.0,0.0,0.0,2038,26,0.0,0.0,0.0,0.0,2037.5,0.0
0,663200,KELP,2034.0,20.0,0.0,0.0,0.0,0.0,2038,20,0.0,0.0,0.0,0.0,2036.0,0.0
0,663300,KELP,2034.0,21.0,0.0,0.0,0.0,0.0,2038,21,0.0,0.0,0.0,0.0,2036.0,0.0
0,663400,KELP,2034.0,21.0,0.0,0.0,0.0,0.0,2038,21,0.0,0.0,0.0,0.0,2036.0,0.0
0,663500,KELP,2036.0,4.0,2034.0,32.0,0.0,0.0,2038,32,0.0,0.0,0.0,0.0,2037.0,0.0
0,663600,KELP,2035.0,2.0,2034.0,24.0,0.0,0.0,2038,24,0.0,0.0,0.0,0.0,2036.5,0.0
0,663700,KELP,2034.0,26.0,0.0,0.0,0.0,0.0,2038,26,0.0,0.0,0.0,0.0,2036.0,0.0
0,663800,KELP,2036.0,1.0,2034.0,30.0,0.0,0.0,2038,30,0.0,0.0,0.0,0.0,2037.0,0.0
0,663900,KELP,2034.0,26.0,0.0,0.0,0.0,0.0,2038,26,0.0,0.0,0.0,0.0,2036.0,0.0
0,664000,KELP,2035.0,21.0,0.0,0.0,0.0,0.0,2038,21,0.0,0.0,0.0,0.0,2036.5,0.0
0,664100,KELP,2035.0,28.0,0.0,0.0,0.0,0.0,2038,28,0.0,0.0,0.0,0.0,2036.5,0.0
0,664200,KELP,2035.0,26.0,0.0,0.0,0.0,0.0,2038,26,0.0,0.0,0.0,0.0,2036.5,0.0
0,664300,KELP,2035.0,28.0,0.0,0.0,0.0,0.0,2038,28,0.0,0.0,0.0,0.0,2036.5,0.0
0,664400,KELP,2035.0,36.0,0.0,0.0,0.0,0.0,2038,31,0.0,0.0,0.0,0.0,2036.5,0.0
0,664500,KELP,2035.0,30.0,0.0,0.0,0.0,0.0,2038,30,0.0,0.0,0.0,0.0,2036.5,0.0
0,664600,KELP,2035.0,22.0,0.0,0.0,0.0,0.0,2038,21,0.0,0.0,0.0,0.0,2036.5,0.0
0,664700,KELP,2035.0,27.0,0.0,0.0,0.0,0.0,2038,27,0.0,0.0,0.0,0.0,2036.5,0.0
0,664800,KELP,2035.0,22.0,0.0,0.0,0.0,0.0,2036,4,2037.0,4.0,2038.0,22.0,2035.5,0.0
0,664900,KELP,2035.0,27.0,0.0,0.0,0.0,0.0,2038,27,0.0,0.0,0.0,0.0,2036.5,0.0
0,665000,KELP,2035.0,22.0,0.0,0.0,0.0,0.0,2037,6,2038.0,22.0,0.0,0.0,2036.0,0.0
0,665100,KELP,2035.0,32.0,0.0,0.0,0.0,0.0,2037,6,2038.0,32.0,0.0,0.0,2036.0,0.0
0,665200,KELP,2035.0,26.0,0.0,0.0,0.0,0.0,2038,26,0.0,0.0,0.0,0.0,2036.5,0.0
0,665300,KELP,2035.0,24.0,0.0,0.0,0.0,0.0,2037,3,2038.0,24.0,0.0,0.0,2036.0,0.0
0,665400,KELP,2037.0,1.0,2035.0,21.0,0.0,0.0,2038,21,0.0,0.0,0.0,0.0,2037.5,0.0
0,665500,KELP,2035.0,30.0,0.0,0.0,0.0,0.0,2037,2,2038.0,30.0,0.0,0.0,2036.0,0.0
0,665600,KELP,2035.0,24.0,0.0,0.0,0.0,0.0,2037,8,2038.0,24.0,0.0,0.0,2036.0,0.0
0,665700,KELP,2036.0,5.0,2035.0,34.0,0.0,0.0,2038,29,0.0,0.0,0.0,0.0,2037.0,0.0
0,665800,KELP,2035.0,27.0,0.0,0.0,0.0,0.0,2038,23,0.0,0.0,0.0,0.0,2036.5,0.0
0,665900,KELP,2035.0,29.0,0.0,0.0,0.0,0.0,2038,29,0.0,0.0,0.0,0.0,2036.5,0.0
0,666000,KELP,2035.0,30.0,0.0,0.0,0.0,0.0,2038,30,0.0,0.0,0.0,0.0,2036.5,0.0
0,666100,KELP,2035.0,23.0,0.0,0.0,0.0,0.0,2038,23,0.0,0.0,0.0,0.0,2036.5,0.0
0,666200,KELP,2035.0,29.0,0.0,0.0,0.0,0.0,2038,29,0.0,0.0,0.0,0.0,2036.5,0.0
0,666300,KELP,2035.0,30.0,0.0,0.0,0.0,0.0,2038,29,0.0,0.0,0.0,0.0,2036.5,0.0
0,666400,KELP,2035.0,20.0,0.0,0.0,0.0,0.0,2037,3,2038.0,22.0,0.0,0.0,2036.0,0.0
0,666500,KELP,2037.0,1.0,2035.0,31.0,0.0,0.0,2038,31,0.0,0.0,0.0,0.0,2037.5,0.0
0,666600,KELP,2037.0,1.0,2035.0,33.0,0.0,0.0,2038,25,0.0,0.0,0.0,0.0,2037.5,0.0
0,666700,KELP,2036.0,6.0,2035.0,27.0,0.0,0.0,2038,27,0.0,0.0,0.0,0.0,2037.0,0.0
0,666800,KELP,2035.0,29.0,0.0,0.0,0.0,0.0,2038,29,0.0,0.0,0.0,0.0,2036.5,0.0
0,666900,KELP,2035.0,24.0,0.0,0.0,0.0,0.0,2038,24,0.0,0.0,0.0,0.0,2036.5,0.0
0,667000,KELP,2035.0,23.0,0.0,0.0,0.0,0.0,2036,3,2038.0,23.0,0.0,0.0,2035.5,0.0
0,667100,KELP,2035.0,31.0,0.0,0.0,0.0,0.0,2038,31,0.0,0.0,0.0,0.0,2036.5,0.0
0,667200,KELP,2035.0,25.0,0.0,0.0,0.0,0.0,2038,25,0.0,0.0,0.0,0.0,2036.5,0.0
0,667300,KELP,2035.0,1.0,2034.0,20.0,0.0,0.0,2038,20,0.0,0.0,0.0,0.0,2036.5,0.0
0,667400,KELP,2034.0,28.0,0.0,0.0,0.0,0.0,2035,2,2038.0,28.0,0.0,0.0,2034.5,0.0
0,667500,KELP,2035.0,1.0,2034.0,29.0,0.0,0.0,2038,29,0.0,0.0,0.0,0.0,2036.5,0.0
0,667600,KELP,2035.0,5.0,2034.0,21.0,0.0,0.0,2038,23,0.0,0.0,0.0,0.0,2036.5,0.0
0,667700,KELP,2035.0,25.0,0.0,0.0,0.0,0.0,2038,25,0.0,0.0,0.0,0.0,2036.5,0.0
0,667800,KELP,2035.0,4.0,2034.0,24.0,0.0,0.0,2038,24,0.0,0.0,0.0,0.0,2036.5,0.0
0,667900,KELP,2034.0,22.0,0.0,0.0,0.0,0.0,2038,22,0.0,0.0,0.0,0.0,2036.0,0.0
0,668000,KELP,2034.0,29.0,0.0,0.0,0.0,0.0,2038,29,0.0,0.0,0.0,0.0,2036.0,0.0
0,668100,KELP,2035.0,5.0,2034.0,22.0,0.0,0.0,2038,23,0.0,0.0,0.0,0.0,2036.5,0.0
0,668200,KELP,2034.0,22.0,0.0,0.0,0.0,0.0,2038,22,0.0,0.0,0.0,0.0,2036.0,0.0
0,668300,KELP,2037.0,1.0,2036.0,2.0,2034.0,20.0,2038,20,0.0,0.0,0.0,0.0,2037.5,0.0
0,668400,KELP,2035.0,23.0,0.0,0.0,0.0,0.0,2038,24,0.0,0.0,0.0,0.0,2036.5,0.0
0,668500,KELP,2035.0,22.0,0.0,0.0,0.0,0.0,2038,22,0.0,0.0,0.0,0.0,2036.5,0.0
0,668600,KELP,2035.0,34.0,0.0,0.0,0.0,0.0,2038,26,0.0,0.0,0.0,0.0,2036.5,0.0
0,668700,KELP,2035.0,23.0,0.0,0.0,0.0,0.0,2038,21,0.0,0.0,0.0,0.0,2036.5,0.0
0,668800,KELP,2035.0,23.0,0.0,0.0,0.0,0.0,2037,4,2038.0,23.0,0.0,0.0,2036.0,0.0
0,668900,KELP,2035.0,30.0,0.0,0.0,0.0,0.0,2037,2,2038.0,30.0,0.0,0.0,2036.0,0.0
0,669000,KELP,2035.0,27.0,0.0,0.0,0.0,0.0,2037,6,2038.0,27.0,0.0,0.0,2036.0,0.0
0,669100,KELP,2035.0,22.0,0.0,0.0,0.0,0.0,2038,22,0.0,0.0,0.0,0.0,2036.5,0.0
0,669200,KELP,2035.0,24.0,0.0,0.0,0.0,0.0,2038,24,0.0,0.0,0.0,0.0,2036.5,0.0
0,669300,KELP,2035.0,29.0,0.0,0.0,0.0,0.0,2037,5,2038.0,29.0,0.0,0.0,2036.0,0.0
0,669400,KELP,2035.0,24.0,0.0,0.0,0.0,0.0,2038,23,0.0,0.0,0.0,0.0,2036.5,0.0
0,669500,KELP,2035.0,27.0,0.0,0.0,0.0,0.0,2038,25,0.0,0.0,0.0,0.0,2036.5,0.0
0,669600,KELP,2035.0,31.0,0.0,0.0,0.0,0.0,2038,23,0.0,0.0,0.0,0.0,2036.5,0.0
0,669700,KELP,2035.0,30.0,0.0,0.0,0.0,0.0,2038,30,0.0,0.0,0.0,0.0,2036.5,0.0
0,669800,KELP,2035.0,22.0,0.0,0.0,0.0,0.0,2038,22,0.0,0.0,0.0,0.0,2036.5,0.0
0,669900,KELP,2037.0,1.0,2036.0,2.0,2035.0,29.0,2038,29,0.0,0.0,0.0,0.0,2037.5,0.0
0,670000,KELP,2035.0,23.0,0.0,0.0,0.0,0.0,2037,1,2038.0,23.0,0.0,0.0,2036.0,0.0
0,670100,KELP,2035.0,29.0,0.0,0.0,0.0,0.0,2038,29,0.0,0.0,0.0,0.0,2036.5,0.0
0,670200,KELP,2035.0,26.0,0.0,0.0,0.0,0.0,2038,26,0.0,0.0,0.0,0.0,2036.5,0.0
0,670300,KELP,2035.0,25.0,0.0,0.0,0.0,0.0,2037,4,2038.0,25.0,0.0,0.0,2036.0,0.0
0,670400,KELP,2035.0,25.0,0.0,0.0,0.0,0.0,2038,25,0.0,0.0,0.0,0.0,2036.5,0.0
0,670500,KELP,2035.0,35.0,0.0,0.0,0.0,0.0,2038,28,0.0,0.0,0.0,0.0,2036.5,0.0
0,670600,KELP,2035.0,20.0,0.0,0.0,0.0,0.0,2038,21,0.0,0.0,0.0,0.0,2036.5,0.0
0,670700,KELP,2035.0,30.0,0.0,0.0,0.0,0.0,2039,30,0.0,0.0,0.0,0.0,2037.0,0.0
0,670800,KELP,2035.0,27.0,0.0,0.0,0.0,0.0,2037,6,2039.0,27.0,0.0,0.0,2036.0,0.0
0,670900,KELP,2035.0,30.0,0.0,0.0,0.0,0.0,2038,30,0.0,0.0,0.0,0.0,2036.5,0.0
0,671000,KELP,2035.0,27.0,0.0,0.0,0.0,0.0,2038,25,0.0,0.0,0.0,0.0,2036.5,0.0
0,671100,KELP,2035.0,27.0,0.0,0.0,0.0,0.0,2037,7,2038.0,28.0,0.0,0.0,2036.0,0.0
0,671200,KELP,2035.0,30.0,0.0,0.0,0.0,0.0,2036,4,2037.0,2.0,2038.0,30.0,2035.5,0.0
0,671300,KELP,2035.0,28.0,0.0,0.0,0.0,0.0,2037,3,2038.0,28.0,0.0,0.0,2036.0,0.0
0,671400,KELP,2035.0,39.0,0.0,0.0,0.0,0.0,2038,32,0.0,0.0,0.0,0.0,2036.5,0.0
0,671500,KELP,2035.0,21.0,0.0,0.0,0.0,0.0,2038,21,0.0,0.0,0.0,0.0,2036.5,0.0
0,671600,KELP,2037.0,1.0,2035.0,30.0,0.0,0.0,2038,30,0.0,0.0,0.0,0.0,2037.5,0.0
0,671700,KELP,2035.0,26.0,0.0,0.0,0.0,0.0,2038,26,0.0,0.0,0.0,0.0,2036.5,0.0
0,671800,KELP,2035.0,29.0,0.0,0.0,0.0,0.0,2038,29,0.0,0.0,0.0,0.0,2036.5,0.0
0,671900,KELP,2035.0,22.0,0.0,0.0,0.0,0.0,2037,6,2038.0,22.0,0.0,0.0,2036.0,0.0
0,672000,KELP,2035.0,26.0,0.0,0.0,0.0,0.0,2038,26,0.0,0.0,0.0,0.0,2036.5,0.0
0,672100,KELP,2035.0,26.0,0.0,0.0,0.0,0.0,2038,26,0.0,0.0,0.0,0.0,2036.5,0.0
0,672200,KELP,2035.0,23.0,0.0,0.0,0.0,0.0,2038,23,0.0,0.0,0.0,0.0,2036.5,0.0
0,672300,KELP,2035.0,31.0,0.0,0.0,0.0,0.0,2038,27,0.0,0.0,0.0,0.0,2036.5,0.0
0,672400,KELP,2035.0,33.0,0.0,0.0,0.0,0.0,2036,3,2038.0,32.0,0.0,0.0,2035.5,0.0
0,672500,KELP,2035.0,27.0,0.0,0.0,0.0,0.0,2038,2,2039.0,25.0,0.0,0.0,2036.5,0.0
0,672600,KELP,2035.0,30.0,0.0,0.0,0.0,0.0,2039,23,0.0,0.0,0.0,0.0,2037.0,0.0
0,672700,KELP,2037.0,6.0,2035.0,31.0,0.0,0.0,2039,28,0.0,0.0,0.0,0.0,2038.0,0.0
0,672800,KELP,2035.0,29.0,0.0,0.0,0.0,0.0,2039,29,0.0,0.0,0.0,0.0,2037.0,0.0
0,672900,KELP,2035.0,33.0,0.0,0.0,0.0,0.0,2038,28,0.0,0.0,0.0,0.0,2036.5,0.0
0,673000,KELP,2035.0,22.0,0.0,0.0,0.0,0.0,2038,1,2039.0,22.0,0.0,0.0,2036.5,0.0
0,673100,KELP,2035.0,27.0,0.0,0.0,0.0,0.0,2038,2,2039.0,26.0,0.0,0.0,2036.5,0.0
0,673200,KELP,2035.0,31.0,0.0,0.0,0.0,0.0,2039,31,0.0,0.0,0.0,0.0,2037.0,0.0
0,673300,KELP,2035.0,28.0,0.0,0.0,0.0,0.0,2037,4,2039.0,28.0,0.0,0.0,2036.0,0.0
0,673400,KELP,2035.0,32.0,0.0,0.0,0.0,0.0,2038,2,2039.0,30.0,0.0,0.0,2036.5,0.0
0,673500,KELP,2035.0,31.0,0.0,0.0,0.0,0.0,2038,2,2039.0,29.0,0.0,0.0,2036.5,0.0
0,673600,KELP,2037.0,1.0,2035.0,23.0,0.0,0.0,2038,2,2039.0,21.0,0.0,0.0,2037.5,0.0
0,673700,KELP,2035.0,31.0,0.0,0.0,0.0,0.0,2038,31,0.0,0.0,0.0,0.0,2036.5,0.0
0,673800,KELP,2035.0,25.0,0.0,0.0,0.0,0.0,2038,26,0.0,0.0,0.0,0.0,2036.5,0.0
0,673900,KELP,2035.0,22.0,0.0,0.0,0.0,0.0,2038,22,0.0,0.0,0.0,0.0,2036.5,0.0
0,674000,KELP,2035.0,1.0,2034.0,21.0,0.0,0.0,2038,22,0.0,0.0,0.0,0.0,2036.5,0.0
0,674100,KELP,2035.0,26.0,0.0,0.0,0.0,0.0,2038,26,0.0,0.0,0.0,0.0,2036.5,0.0
0,674200,KELP,2035.0,29.0,0.0,0.0,0.0,0.0,2038,29,0.0,0.0,0.0,0.0,2036.5,0.0
0,674300,KELP,2035.0,26.0,0.0,0.0,0.0,0.0,2038,26,0.0,0.0,0.0,0.0,2036.5,0.0
0,674400,KELP,2035.0,31.0,0.0,0.0,0.0,0.0,2038,31,0.0,0.0,0.0,0.0,2036.5,0.0
0,674500,KELP,2035.0,30.0,0.0,0.0,0.0,0.0,2037,4,2038.0,30.0,0.0,0.0,2036.0,0.0
0,674600,KELP,2035.0,22.0,0.0,0.0,0.0,0.0,2038,22,0.0,0.0,0.0,0.0,2036.5,0.0
0,674700,KELP,2035.0,33.0,0.0,0.0,0.0,0.0,2038,26,0.0,0.0,0.0,0.0,2036.5,0.0
0,674800,KELP,2035.0,32.0,0.0,0.0,0.0,0.0,2038,24,0.0,0.0,0.0,0.0,2036.5,0.0
0,674900,KELP,2035.0,24.0,0.0,0.0,0.0,0.0,2038,24,0.0,0.0,0.0,0.0,2036.5,0.0
0,675000,KELP,2035.0,25.0,0.0,0.0,0.0,0.0,2038,25,0.0,0.0,0.0,0.0,2036.5,0.0
0,675100,KELP,2035.0,30.0,0.0,0.0,0.0,0.0,2037,4,2038.0,30.0,0.0,0.0,2036.0,0.0
0,675200,KELP,2035.0,21.0,0.0,0.0,0.0,0.0,2038,22,0.0,0.0,0.0,0.0,2036.5,0.0
0,675300,KELP,2035.0,20.0,0.0,0.0,0.0,0.0,2038,20,0.0,0.0,0.0,0.0,2036.5,0.0
0,675400,KELP,2035.0,22.0,0.0,0.0,0.0,0.0,2038,22,0.0,0.0,0.0,0.0,2036.5,0.0
0,675500,KELP,2035.0,25.0,0.0,0.0,0.0,0.0,2038,25,0.0,0.0,0.0,0.0,2036.5,0.0
0,675600,KELP,2034.0,25.0,0.0,0.0,0.0,0.0,2038,25,0.0,0.0,0.0,0.0,2036.0,0.0
0,675700,KELP,2035.0,33.0,0.0,0.0,0.0,0.0,2038,25,0.0,0.0,0.0,0.0,2036.5,0.0
0,675800,KELP,2035.0,21.0,0.0,0.0,0.0,0.0,2037,4,2038.0,21.0,0.0,0.0,2036.0,0.0
0,675900,KELP,2035.0,30.0,0.0,0.0,0.0,0.0,2038,30,0.0,0.0,0.0,0.0,2036.5,0.0
0,676000,KELP,2035.0,25.0,0.0,0.0,0.0,0.0,2038,25,0.0,0.0,0.0,0.0,2036.5,0.0
0,676100,KELP,2035.0,9.0,2034.0,29.0,0.0,0.0,2038,31,0.0,0.0,0.0,0.0,2036.5,0.0
0,676200,KELP,2035.0,31.0,0.0,0.0,0.0,0.0,2037,6,2038.0,31.0,0.0,0.0,2036.0,0.0
0,676300,KELP,2035.0,28.0,0.0,0.0,0.0,0.0,2038,28,0.0,0.0,0.0,0.0,2036.5,0.0
0,676400,KELP,2035.0,30.0,0.0,0.0,0.0,0.0,2038,30,0.0,0.0,0.0,0.0,2036.5,0.0
0,676500,KELP,2035.0,28.0,0.0,0.0,0.0,0.0,2037,4,2038.0,28.0,0.0,0.0,2036.0,0.0
0,676600,KELP,2035.0,27.0,0.0,0.0,0.0,0.0,2038,22,0.0,0.0,0.0,0.0,2036.5,0.0
0,676700,KELP,2035.0,26.0,0.0,0.0,0.0,0.0,2038,26,0.0,0.0,0.0,0.0,2036.5,0.0
0,676800,KELP,2035.0,24.0,0.0,0.0,0.0,0.0,2038,24,0.0,0.0,0.0,0.0,2036.5,0.0
0,676900,KELP,2035.0,24.0,0.0,0.0,0.0,0.0,2037,1,2038.0,24.0,0.0,0.0,2036.0,0.0
0,677000,KELP,2035.0,26.0,0.0,0.0,0.0,0.0,2038,26,0.0,0.0,0.0,0.0,2036.5,0.0
0,677100,KELP,2035.0,32.0,0.0,0.0,0.0,0.0,2038,32,0.0,0.0,0.0,0.0,2036.5,0.0
0,677200,KELP,2035.0,25.0,0.0,0.0,0.0,0.0,2038,26,0.0,0.0,0.0,0.0,2036.5,0.0
0,677300,KELP,2035.0,22.0,0.0,0.0,0.0,0.0,2038,22,0.0,0.0,0.0,0.0,2036.5,0.0
0,677400,KELP,2035.0,21.0,0.0,0.0,0.0,0.0,2038,21,0.0,0.0,0.0,0.0,2036.5,0.0
0,677500,KELP,2035.0,27.0,0.0,0.0,0.0,0.0,2038,27,0.0,0.0,0.0,0.0,2036.5,0.0
0,677600,KELP,2035.0,30.0,0.0,0.0,0.0,0.0,2038,30,0.0,0.0,0.0,0.0,2036.5,0.0
0,677700,KELP,2035.0,31.0,0.0,0.0,0.0,0.0,2038,29,0.0,0.0,0.0,0.0,2036.5,0.0
0,677800,KELP,2035.0,19.0,0.0,0.0,0.0,0.0,2038,27,0.0,0.0,0.0,0.0,2036.5,0.0
0,677900,KELP,2037.0,1.0,2035.0,31.0,0.0,0.0,2038,31,0.0,0.0,0.0,0.0,2037.5,0.0
0,678000,KELP,2035.0,24.0,0.0,0.0,0.0,0.0,2038,24,0.0,0.0,0.0,0.0,2036.5,0.0
0,678100,KELP,2035.0,21.0,0.0,0.0,0.0,0.0,2038,21,0.0,0.0,0.0,0.0,2036.5,0.0
0,678200,KELP,2036.0,2.0,2035.0,26.0,0.0,0.0,2038,26,0.0,0.0,0.0,0.0,2037.0,0.0
0,678300,KELP,2035.0,29.0,0.0,0.0,0.0,0.0,2038,29,0.0,0.0,0.0,0.0,2036.5,0.0
0,678400,KELP,2035.0,29.0,0.0,0.0,0.0,0.0,2038,29,0.0,0.0,0.0,0.0,2036.5,0.0
0,678500,KELP,2035.0,26.0,0.0,0.0,0.0,0.0,2038,26,0.0,0.0,0.0,0.0,2036.5,0.0
0,678600,KELP,2035.0,27.0,0.0,0.0,0.0,0.0,2038,27,0.0,0.0,0.0,0.0,2036.5,0.0
0,678700,KELP,2035.0,24.0,0.0,0.0,0.0,0.0,2038,24,0.0,0.0,0.0,0.0,2036.5,0.0
0,678800,KELP,2035.0,29.0,0.0,0.0,0.0,0.0,2037,5,2038.0,29.0,0.0,0.0,2036.0,0.0
0,678900,KELP,2035.0,29.0,0.0,0.0,0.0,0.0,2038,29,0.0,0.0,0.0,0.0,2036.5,0.0
0,679000,KELP,2035.0,28.0,0.0,0.0,0.0,0.0,2038,28,0.0,0.0,0.0,0.0,2036.5,0.0
0,679100,KELP,2035.0,29.0,0.0,0.0,0.0,0.0,2037,7,2038.0,29.0,0.0,0.0,2036.0,0.0
0,679200,KELP,2035.0,23.0,0.0,0.0,0.0,0.0,2037,1,2038.0,23.0,0.0,0.0,2036.0,0.0
0,679300,KELP,2035.0,23.0,0.0,0.0,0.0,0.0,2038,23,0.0,0.0,0.0,0.0,2036.5,0.0
0,679400,KELP,2036.0,4.0,2035.0,26.0,0.0,0.0,2038,26,0.0,0.0,0.0,0.0,2037.0,0.0
0,679500,KELP,2035.0,27.0,0.0,0.0,0.0,0.0,2036,2,2038.0,31.0,0.0,0.0,2035.5,0.0
0,679600,KELP,2035.0,24.0,0.0,0.0,0.0,0.0,2038,24,0.0,0.0,0.0,0.0,2036.5,0.0
0,679700,KELP,2037.0,1.0,2035.0,23.0,0.0,0.0,2038,20,0.0,0.0,0.0,0.0,2037.5,0.0
0,679800,KELP,2035.0,21.0,0.0,0.0,0.0,0.0,2038,21,0.0,0.0,0.0,0.0,2036.5,0.0
0,679900,KELP,2035.0,20.0,0.0,0.0,0.0,0.0,2038,20,0.0,0.0,0.0,0.0,2036.5,0.0
0,680000,KELP,2035.0,23.0,0.0,0.0,0.0,0.0,2038,20,0.0,0.0,0.0,0.0,2036.5,0.0
0,680100,KELP,2035.0,22.0,0.0,0.0,0.0,0.0,2038,20,0.0,0.0,0.0,0.0,2036.5,0.0
0,680200,KELP,2035.0,30.0,0.0,0.0,0.0,0.0,2037,2,2038.0,30.0,0.0,0.0,2036.0,0.0
0,680300,KELP,2035.0,30.0,0.0,0.0,0.0,0.0,2036,2,2038.0,30.0,0.0,0.0,2035.5,0.0
0,680400,KELP,2035.0,25.0,0.0,0.0,0.0,0.0,2038,25,0.0,0.0,0.0,0.0,2036.5,0.0
0,680500,KELP,2037.0,1.0,2035.0,22.0,0.0,0.0,2038,22,0.0,0.0,0.0,0.0,2037.5,0.0
0,680600,KELP,2035.0,36.0,0.0,0.0,0.0,0.0,2038,30,0.0,0.0,0.0,0.0,2036.5,0.0
0,680700,KELP,2035.0,24.0,0.0,0.0,0.0,0.0,2038,24,0.0,0.0,0.0,0.0,2036.5,0.0
0,680800,KELP,2037.0,1.0,2035.0,26.0,0.0,0.0,2038,26,0.0,0.0,0.0,0.0,2037.5,0.0
0,680900,KELP,2035.0,2.0,2034.0,28.0,0.0,0.0,2037,2,2038.0,30.0,0.0,0.0,2036.0,0.0
0,681000,KELP,2035.0,1.0,2034.0,27.0,0.0,0.0,2038,29,0.0,0.0,0.0,0.0,2036.5,0.0
0,681100,KELP,2035.0,25.0,0.0,0.0,0.0,0.0,2038,25,0.0,0.0,0.0,0.0,2036.5,0.0
0,681200,KELP,2034.0,20.0,0.0,0.0,0.0,0.0,2036,4,2038.0,20.0,0.0,0.0,2035.0,0.0
0,681300,KELP,2034.0,26.0,0.0,0.0,0.0,0.0,2038,26,0.0,0.0,0.0,0.0,2036.0,0.0
0,681400,KELP,2034.0,23.0,0.0,0.0,0.0,0.0,2035,1,2038.0,23.0,0.0,0.0,2034.5,0.0
0,681500,KELP,2034.0,21.0,0.0,0.0,0.0,0.0,2036,2,2038.0,21.0,0.0,0.0,2035.0,0.0
0,681600,KELP,2034.0,29.0,0.0,0.0,0.0,0.0,2038,29,0.0,0.0,0.0,0.0,2036.0,0.0
0,681700,KELP,2034.0,26.0,0.0,0.0,0.0,0.0,2038,26,0.0,0.0,0.0,0.0,2036.0,0.0
0,681800,KELP,2034.0,28.0,0.0,0.0,0.0,0.0,2038,28,0.0,0.0,0.0,0.0,2036.0,0.0
0,681900,KELP,2034.0,28.0,0.0,0.0,0.0,0.0,2037,2,2038.0,26.0,0.0,0.0,2035.5,0.0
0,682000,KELP,2035.0,7.0,2034.0,29.0,0.0,0.0,2038,29,0.0,0.0,0.0,0.0,2036.5,0.0
0,682100,KELP,2034.0,31.0,0.0,0.0,0.0,0.0,2036,6,2038.0,31.0,0.0,0.0,2035.0,0.0
0,682200,KELP,2034.0,24.0,0.0,0.0,0.0,0.0,2037,2,2038.0,22.0,0.0,0.0,2035.5,0.0
0,682300,KELP,2036.0,1.0,2034.0,29.0,0.0,0.0,2037,21,0.0,0.0,0.0,0.0,2036.5,0.0
0,682400,KELP,2034.0,31.0,0.0,0.0,0.0,0.0,2037,31,0.0,0.0,0.0,0.0,2035.5,0.0
0,682500,KELP,2034.0,24.0,0.0,0.0,0.0,0.0,2038,24,0.0,0.0,0.0,0.0,2036.0,0.0
0,682600,KELP,2034.0,29.0,0.0,0.0,0.0,0.0,2036,8,2037.0,1.0,2038.0,28.0,2035.0,0.0
0,682700,KELP,2034.0,24.0,0.0,0.0,0.0,0.0,2036,5,2037.0,24.0,0.0,0.0,2035.0,0.0
0,682800,KELP,2034.0,23.0,0.0,0.0,0.0,0.0,2037,23,0.0,0.0,0.0,0.0,2035.5,0.0
0,682900,KELP,2034.0,21.0,0.0,0.0,0.0,0.0,2037,21,0.0,0.0,0.0,0.0,2035.5,0.0
0,683000,KELP,2034.0,27.0,0.0,0.0,0.0,0.0,2037,26,0.0,0.0,0.0,0.0,2035.5,0.0
0,683100,KELP,2034.0,23.0,0.0,0.0,0.0,0.0,2037,23,0.0,0.0,0.0,0.0,2035.5,0.0
0,683200,KELP,2034.0,28.0,0.0,0.0,0.0,0.0,2037,22,0.0,0.0,0.0,0.0,2035.5,0.0
0,683300,KELP,2034.0,22.0,0.0,0.0,0.0,0.0,2035,5,2037.0,2.0,2038.0,20.0,2034.5,0.0
0,683400,KELP,2034.0,27.0,0.0,0.0,0.0,0.0,2037,27,0.0,0.0,0.0,0.0,2035.5,0.0
0,683500,KELP,2034.0,25.0,0.0,0.0,0.0,0.0,2037,25,0.0,0.0,0.0,0.0,2035.5,0.0
0,683600,KELP,2034.0,31.0,0.0,0.0,0.0,0.0,2037,31,0.0,0.0,0.0,0.0,2035.5,0.0
0,683700,KELP,2036.0,1.0,2034.0,27.0,0.0,0.0,2037,27,0.0,0.0,0.0,0.0,2036.5,0.0
0,683800,KELP,2036.0,5.0,2034.0,30.0,0.0,0.0,2037,30,0.0,0.0,0.0,0.0,2036.5,0.0
0,683900,KELP,2034.0,32.0,0.0,0.0,0.0,0.0,2037,28,0.0,0.0,0.0,0.0,2035.5,0.0
0,684000,KELP,2034.0,21.0,0.0,0.0,0.0,0.0,2037,22,0.0,0.0,0.0,0.0,2035.5,0.0
0,684100,KELP,2034.0,30.0,0.0,0.0,0.0,0.0,2037,30,0.0,0.0,0.0,0.0,2035.5,0.0
0,684200,KELP,2036.0,9.0,2034.0,26.0,0.0,0.0,2037,26,0.0,0.0,0.0,0.0,2036.5,0.0
0,684300,KELP,2034.0,25.0,0.0,0.0,0.0,0.0,2037,25,0.0,0.0,0.0,0.0,2035.5,0.0
0,684400,KELP,2034.0,22.0,0.0,0.0,0.0,0.0,2037,22,0.0,0.0,0.0,0.0,2035.5,0.0
0,684500,KELP,2034.0,27.0,0.0,0.0,0.0,0.0,2036,5,2037.0,27.0,0.0,0.0,2035.0,0.0
0,684600,KELP,2034.0,22.0,0.0,0.0,0.0,0.0,2036,2,2037.0,22.0,0.0,0.0,2035.0,0.0
0,684700,KELP,2034.0,25.0,0.0,0.0,0.0,0.0,2037,26,0.0,0.0,0.0,0.0,2035.5,0.0
0,684800,KELP,2034.0,32.0,0.0,0.0,0.0,0.0,2037,32,0.0,0.0,0.0,0.0,2035.5,0.0
0,684900,KELP,2034.0,25.0,0.0,0.0,0.0,0.0,2037,25,0.0,0.0,0.0,0.0,2035.5,0.0
0,685000,KELP,2034.0,22.0,0.0,0.0,0.0,0.0,2036,3,2037.0,22.0,0.0,0.0,2035.0,0.0
0,685100,KELP,2034.0,31.0,0.0,0.0,0.0,0.0,2037,28,0.0,0.0,0.0,0.0,2035.5,0.0
0,685200,KELP,2036.0,1.0,2034.0,23.0,0.0,0.0,2037,23,0.0,0.0,0.0,0.0,2036.5,0.0
0,685300,KELP,2034.0,36.0,0.0,0.0,0.0,0.0,2037,28,0.0,0.0,0.0,0.0,2035.5,0.0
0,685400,KELP,2034.0,26.0,0.0,0.0,0.0,0.0,2037,26,0.0,0.0,0.0,0.0,2035.5,0.0
0,685500,KELP,2034.0,27.0,0.0,0.0,0.0,0.0,2037,29,0.0,0.0,0.0,0.0,2035.5,0.0
0,685600,KELP,2036.0,1.0,2034.0,30.0,0.0,0.0,2037,30,0.0,0.0,0.0,0.0,2036.5,0.0
0,685700,KELP,2034.0,29.0,0.0,0.0,0.0,0.0,2037,29,0.0,0.0,0.0,0.0,2035.5,0.0
0,685800,KELP,2034.0,25.0,0.0,0.0,0.0,0.0,2037,25,0.0,0.0,0.0,0.0,2035.5,0.0
0,685900,KELP,2034.0,31.0,0.0,0.0,0.0,0.0,2037,31,0.0,0.0,0.0,0.0,2035.5,0.0
0,686000,KELP,2034.0,31.0,0.0,0.0,0.0,0.0,2037,31,0.0,0.0,0.0,0.0,2035.5,0.0
0,686100,KELP,2034.0,29.0,0.0,0.0,0.0,0.0,2037,29,0.0,0.0,0.0,0.0,2035.5,0.0
0,686200,KELP,2034.0,28.0,0.0,0.0,0.0,0.0,2037,28,0.0,0.0,0.0,0.0,2035.5,0.0
0,686300,KELP,2034.0,24.0,0.0,0.0,0.0,0.0,2037,24,0.0,0.0,0.0,0.0,2035.5,0.0
0,686400,KELP,2034.0,24.0,0.0,0.0,0.0,0.0,2035,3,2037.0,24.0,0.0,0.0,2034.5,0.0
0,686500,KELP,2034.0,37.0,0.0,0.0,0.0,0.0,2037,29,0.0,0.0,0.0,0.0,2035.5,0.0
0,686600,KELP,2034.0,22.0,0.0,0.0,0.0,0.0,2037,22,0.0,0.0,0.0,0.0,2035.5,0.0
0,686700,KELP,2034.0,26.0,0.0,0.0,0.0,0.0,2037,27,0.0,0.0,0.0,0.0,2035.5,0.0
0,686800,KELP,2036.0,1.0,2034.0,2.0,2033.0,28.0,2037,30,0.0,0.0,0.0,0.0,2036.5,0.0
0,686900,KELP,2034.0,2.0,2033.0,21.0,0.0,0.0,2037,23,0.0,0.0,0.0,0.0,2035.5,0.0
0,687000,KELP,2034.0,6.0,2033.0,21.0,0.0,0.0,2037,21,0.0,0.0,0.0,0.0,2035.5,0.0
0,687100,KELP,2034.0,26.0,0.0,0.0,0.0,0.0,2036,6,2037.0,26.0,0.0,0.0,2035.0,0.0
0,687200,KELP,2034.0,2.0,2033.0,30.0,0.0,0.0,2035,7,2037.0,32.0,0.0,0.0,2034.5,0.0
0,687300,KELP,2034.0,2.0,2033.0,21.0,0.0,0.0,2035,7,2037.0,23.0,0.0,0.0,2034.5,0.0
0,687400,KELP,2034.0,2.0,2033.0,29.0,0.0,0.0,2037,31,0.0,0.0,0.0,0.0,2035.5,0.0
0,687500,KELP,2033.0,27.0,0.0,0.0,0.0,0.0,2037,27,0.0,0.0,0.0,0.0,2035.0,0.0
0,687600,KELP,2036.0,1.0,2033.0,28.0,0.0,0.0,2037,28,0.0,0.0,0.0,0.0,2036.5,0.0
0,687700,KELP,2036.0,1.0,2033.0,24.0,0.0,0.0,2037,24,0.0,0.0,0.0,0.0,2036.5,0.0
0,687800,KELP,2034.0,7.0,2033.0,24.0,0.0,0.0,2037,24,0.0,0.0,0.0,0.0,2035.5,0.0
0,687900,KELP,2033.0,32.0,0.0,0.0,0.0,0.0,2035,2,2037.0,32.0,0.0,0.0,2034.0,0.0
0,688000,KELP,2036.0,1.0,2033.0,30.0,0.0,0.0,2037,30,0.0,0.0,0.0,0.0,2036.5,0.0
0,688100,KELP,2033.0,26.0,0.0,0.0,0.0,0.0,2037,26,0.0,0.0,0.0,0.0,2035.0,0.0
0,688200,KELP,2033.0,27.0,0.0,0.0,0.0,0.0,2035,6,2037.0,27.0,0.0,0.0,2034.0,0.0
0,688300,KELP,2033.0,30.0,0.0,0.0,0.0,0.0,2035,5,2037.0,30.0,0.0,0.0,2034.0,0.0
0,688400,KELP,2033.0,21.0,0.0,0.0,0.0,0.0,2035,4,2037.0,21.0,0.0,0.0,2034.0,0.0
0,688500,KELP,2034.0,28.0,0.0,0.0,0.0,0.0,2037,28,0.0,0.0,0.0,0.0,2035.5,0.0
0,688600,KELP,2034.0,24.0,0.0,0.0,0.0,0.0,2037,20,0.0,0.0,0.0,0.0,2035.5,0.0
0,688700,KELP,2034.0,29.0,0.0,0.0,0.0,0.0,2036,3,2037.0,29.0,0.0,0.0,2035.0,0.0
0,688800,KELP,2034.0,28.0,0.0,0.0,0.0,0.0,2037,28,0.0,0.0,0.0,0.0,2035.5,0.0
0,688900,KELP,2034.0,27.0,0.0,0.0,0.0,0.0,2036,8,2037.0,27.0,0.0,0.0,2035.0,0.0
0,689000,KELP,2034.0,30.0,0.0,0.0,0.0,0.0,2037,26,0.0,0.0,0.0,0.0,2035.5,0.0
0,689100,KELP,2035.0,6.0,2034.0,29.0,0.0,0.0,2037,29,0.0,0.0,0.0,0.0,2036.0,0.0
0,689200,KELP,2034.0,2.0,2033.0,24.0,0.0,0.0,2037,26,0.0,0.0,0.0,0.0,2035.5,0.0
0,689300,KELP,2034.0,1.0,2033.0,28.0,0.0,0.0,2037,29,0.0,0.0,0.0,0.0,2035.5,0.0
0,689400,KELP,2033.0,27.0,0.0,0.0,0.0,0.0,2037,27,0.0,0.0,0.0,0.0,2035.0,0.0
0,689500,KELP,2035.0,3.0,2033.0,31.0,0.0,0.0,2037,31,0.0,0.0,0.0,0.0,2036.0,0.0
0,689600,KELP,2033.0,29.0,0.0,0.0,0.0,0.0,2034,1,2037.0,29.0,0.0,0.0,2033.5,0.0
0,689700,KELP,2034.0,1.0,2033.0,30.0,0.0,0.0,2037,31,0.0,0.0,0.0,0.0,2035.5,0.0
0,689800,KELP,2033.0,22.0,0.0,0.0,0.0,0.0,2035,6,2037.0,23.0,0.0,0.0,2034.0,0.0
0,689900,KELP,2034.0,1.0,2033.0,28.0,0.0,0.0,2037,29,0.0,0.0,0.0,0.0,2035.5,0.0
0,690000,KELP,2033.0,22.0,0.0,0.0,0.0,0.0,2037,22,0.0,0.0,0.0,0.0,2035.0,0.0
0,690100,KELP,2033.0,29.0,0.0,0.0,0.0,0.0,2037,29,0.0,0.0,0.0,0.0,2035.0,0.0
0,690200,KELP,2034.0,1.0,2033.0,22.0,0.0,0.0,2037,22,0.0,0.0,0.0,0.0,2035.5,0.0
0,690300,KELP,2033.0,23.0,0.0,0.0,0.0,0.0,2037,23,0.0,0.0,0.0,0.0,2035.0,0.0
0,690400,KELP,2036.0,1.0,2034.0,1.0,2033.0,30.0,2037,31,0.0,0.0,0.0,0.0,2036.5,0.0
0,690500,KELP,2034.0,1.0,2033.0,26.0,0.0,0.0,2037,27,0.0,0.0,0.0,0.0,2035.5,0.0
0,690600,KELP,2034.0,26.0,0.0,0.0,0.0,0.0,2037,21,0.0,0.0,0.0,0.0,2035.5,0.0
0,690700,KELP,2033.0,23.0,0.0,0.0,0.0,0.0,2037,23,0.0,0.0,0.0,0.0,2035.0,0.0
0,690800,KELP,2034.0,1.0,2033.0,28.0,0.0,0.0,2037,29,0.0,0.0,0.0,0.0,2035.5,0.0
0,690900,KELP,2034.0,1.0,2033.0,30.0,0.0,0.0,2037,31,0.0,0.0,0.0,0.0,2035.5,0.0
0,691000,KELP,2034.0,2.0,2033.0,24.0,0.0,0.0,2037,26,0.0,0.0,0.0,0.0,2035.5,0.0
0,691100,KELP,2034.0,2.0,2033.0,25.0,0.0,0.0,2037,27,0.0,0.0,0.0,0.0,2035.5,0.0
0,691200,KELP,2033.0,30.0,0.0,0.0,0.0,0.0,2037,30,0.0,0.0,0.0,0.0,2035.0,0.0
0,691300,KELP,2033.0,23.0,0.0,0.0,0.0,0.0,2037,23,0.0,0.0,0.0,0.0,2035.0,0.0
0,691400,KELP,2034.0,7.0,2033.0,27.0,0.0,0.0,2037,27,0.0,0.0,0.0,0.0,2035.5,0.0
0,691500,KELP,2035.0,1.0,2034.0,1.0,2033.0,28.0,2037,28,0.0,0.0,0.0,0.0,2036.0,0.0
0,691600,KELP,2033.0,24.0,0.0,0.0,0.0,0.0,2037,24,0.0,0.0,0.0,0.0,2035.0,0.0
0,691700,KELP,2034.0,6.0,2033.0,24.0,0.0,0.0,2037,24,0.0,0.0,0.0,0.0,2035.5,0.0
0,691800,KELP,2033.0,30.0,0.0,0.0,0.0,0.0,2037,30,0.0,0.0,0.0,0.0,2035.0,0.0
0,691900,KELP,2034.0,7.0,2033.0,24.0,0.0,0.0,2037,24,0.0,0.0,0.0,0.0,2035.5,0.0
0,692000,KELP,2033.0,30.0,0.0,0.0,0.0,0.0,2034,1,2037.0,30.0,0.0,0.0,2033.5,0.0
0,692100,KELP,2033.0,31.0,0.0,0.0,0.0,0.0,2035,7,2037.0,31.0,0.0,0.0,2034.0,0.0
0,692200,KELP,2033.0,24.0,0.0,0.0,0.0,0.0,2035,7,2037.0,24.0,0.0,0.0,2034.0,0.0
0,692300,KELP,2033.0,20.0,0.0,0.0,0.0,0.0,2037,20,0.0,0.0,0.0,0.0,2035.0,0.0
0,692400,KELP,2034.0,2.0,2033.0,28.0,0.0,0.0,2037,28,0.0,0.0,0.0,0.0,2035.5,0.0
0,692500,KELP,2034.0,1.0,2033.0,28.0,0.0,0.0,2037,28,0.0,0.0,0.0,0.0,2035.5,0.0
0,692600,KELP,2033.0,26.0,0.0,0.0,0.0,0.0,2035,3,2037.0,26.0,0.0,0.0,2034.0,0.0
0,692700,KELP,2033.0,27.0,0.0,0.0,0.0,0.0,2037,27,0.0,0.0,0.0,0.0,2035.0,0.0
0,692800,KELP,2033.0,21.0,0.0,0.0,0.0,0.0,2037,21,0.0,0.0,0.0,0.0,2035.0,0.0
0,692900,KELP,2033.0,26.0,0.0,0.0,0.0,0.0,2034,6,2037.0,26.0,0.0,0.0,2033.5,0.0
0,693000,KELP,2033.0,26.0,0.0,0.0,0.0,0.0,2037,26,0.0,0.0,0.0,0.0,2035.0,0.0
0,693100,KELP,2035.0,1.0,2033.0,23.0,0.0,0.0,2037,23,0.0,0.0,0.0,0.0,2036.0,0.0
0,693200,KELP,2034.0,7.0,2033.0,25.0,0.0,0.0,2037,25,0.0,0.0,0.0,0.0,2035.5,0.0
0,693300,KELP,2033.0,27.0,0.0,0.0,0.0,0.0,2037,27,0.0,0.0,0.0,0.0,2035.0,0.0
0,693400,KELP,2034.0,1.0,2033.0,21.0,0.0,0.0,2035,4,2037.0,22.0,0.0,0.0,2034.5,0.0
0,693500,KELP,2033.0,29.0,0.0,0.0,0.0,0.0,2035,7,2037.0,29.0,0.0,0.0,2034.0,0.0
0,693600,KELP,2033.0,27.0,0.0,0.0,0.0,0.0,2037,27,0.0,0.0,0.0,0.0,2035.0,0.0
0,693700,KELP,2033.0,23.0,0.0,0.0,0.0,0.0,2037,23,0.0,0.0,0.0,0.0,2035.0,0.0
0,693800,KELP,2034.0,4.0,2033.0,28.0,0.0,0.0,2037,28,0.0,0.0,0.0,0.0,2035.5,0.0
0,693900,KELP,2033.0,26.0,0.0,0.0,0.0,0.0,2037,26,0.0,0.0,0.0,0.0,2035.0,0.0
0,694000,KELP,2034.0,3.0,2033.0,26.0,0.0,0.0,2037,26,0.0,0.0,0.0,0.0,2035.5,0.0
0,694100,KELP,2033.0,22.0,0.0,0.0,0.0,0.0,2037,22,0.0,0.0,0.0,0.0,2035.0,0.0
0,694200,KELP,2033.0,31.0,0.0,0.0,0.0,0.0,2037,32,0.0,0.0,0.0,0.0,2035.0,0.0
0,694300,KELP,2034.0,8.0,2033.0,32.0,0.0,0.0,2036,2,2037.0,30.0,0.0,0.0,2035.0,0.0
0,694400,KELP,2033.0,31.0,0.0,0.0,0.0,0.0,2036,1,2037.0,23.0,0.0,0.0,2034.5,0.0
0,694500,KELP,2034.0,2.0,2033.0,29.0,0.0,0.0,2037,29,0.0,0.0,0.0,0.0,2035.5,0.0
0,694600,KELP,2033.0,25.0,0.0,0.0,0.0,0.0,2035,3,2037.0,25.0,0.0,0.0,2034.0,0.0
0,694700,KELP,2033.0,25.0,0.0,0.0,0.0,0.0,2037,25,0.0,0.0,0.0,0.0,2035.0,0.0
0,694800,KELP,2033.0,31.0,0.0,0.0,0.0,0.0,2034,1,2036.0,2.0,2037.0,29.0,2033.5,0.0
0,694900,KELP,2033.0,25.0,0.0,0.0,0.0,0.0,2035,7,2036.0,1.0,2037.0,25.0,2034.0,0.0
0,695000,KELP,2034.0,7.0,2033.0,21.0,0.0,0.0,2037,21,0.0,0.0,0.0,0.0,2035.5,0.0
0,695100,KELP,2033.0,27.0,0.0,0.0,0.0,0.0,2037,27,0.0,0.0,0.0,0.0,2035.0,0.0
0,695200,KELP,2033.0,26.0,0.0,0.0,0.0,0.0,2037,26,0.0,0.0,0.0,0.0,2035.0,0.0
0,695300,KELP,2034.0,6.0,2033.0,27.0,0.0,0.0,2037,27,0.0,0.0,0.0,0.0,2035.5,0.0
0,695400,KELP,2034.0,2.0,2033.0,28.0,0.0,0.0,2037,28,0.0,0.0,0.0,0.0,2035.5,0.0
0,695500,KELP,2034.0,2.0,2033.0,29.0,0.0,0.0,2037,29,0.0,0.0,0.0,0.0,2035.5,0.0
0,695600,KELP,2033.0,21.0,0.0,0.0,0.0,0.0,2035,2,2037.0,21.0,0.0,0.0,2034.0,0.0
0,695700,KELP,2033.0,27.0,0.0,0.0,0.0,0.0,2037,28,0.0,0.0,0.0,0.0,2035.0,0.0
0,695800,KELP,2033.0,26.0,0.0,0.0,0.0,0.0,2037,26,0.0,0.0,0.0,0.0,2035.0,0.0
0,695900,KELP,2033.0,23.0,0.0,0.0,0.0,0.0,2037,23,0.0,0.0,0.0,0.0,2035.0,0.0
0,696000,KELP,2036.0,1.0,2034.0,29.0,0.0,0.0,2037,29,0.0,0.0,0.0,0.0,2036.5,0.0
0,696100,KELP,2034.0,4.0,2033.0,23.0,0.0,0.0,2037,23,0.0,0.0,0.0,0.0,2035.5,0.0
0,696200,KELP,2033.0,31.0,0.0,0.0,0.0,0.0,2037,31,0.0,0.0,0.0,0.0,2035.0,0.0
0,696300,KELP,2033.0,29.0,0.0,0.0,0.0,0.0,2037,29,0.0,0.0,0.0,0.0,2035.0,0.0
0,696400,KELP,2033.0,25.0,0.0,0.0,0.0,0.0,2035,6,2037.0,25.0,0.0,0.0,2034.0,0.0
0,696500,KELP,2033.0,23.0,0.0,0.0,0.0,0.0,2037,23,0.0,0.0,0.0,0.0,2035.0,0.0
0,696600,KELP,2033.0,23.0,0.0,0.0,0.0,0.0,2037,23,0.0,0.0,0.0,0.0,2035.0,0.0
0,696700,KELP,2033.0,23.0,0.0,0.0,0.0,0.0,2037,23,0.0,0.0,0.0,0.0,2035.0,0.0
0,696800,KELP,2034.0,3.0,2033.0,28.0,0.0,0.0,2037,28,0.0,0.0,0.0,0.0,2035.5,0.0
0,696900,KELP,2034.0,1.0,2033.0,23.0,0.0,0.0,2037,24,0.0,0.0,0.0,0.0,2035.5,0.0
0,697000,KELP,2034.0,4.0,2033.0,23.0,0.0,0.0,2037,24,0.0,0.0,0.0,0.0,2035.5,0.0
0,697100,KELP,2035.0,2.0,2034.0,1.0,2033.0,30.0,2037,31,0.0,0.0,0.0,0.0,2036.0,0.0
0,697200,KELP,2033.0,29.0,0.0,0.0,0.0,0.0,2034,2,2037.0,30.0,0.0,0.0,2033.5,0.0
0,697300,KELP,2034.0,8.0,2033.0,29.0,0.0,0.0,2037,31,0.0,0.0,0.0,0.0,2035.5,0.0
0,697400,KELP,2034.0,1.0,2033.0,23.0,0.0,0.0,2035,3,2037.0,24.0,0.0,0.0,2034.5,0.0
0,697500,KELP,2034.0,2.0,2033.0,20.0,0.0,0.0,2037,22,0.0,0.0,0.0,0.0,2035.5,0.0
0,697600,KELP,2034.0,12.0,0.0,0.0,0.0,0.0,2037,20,0.0,0.0,0.0,0.0,2035.5,0.0
0,697700,KELP,2034.0,23.0,0.0,0.0,0.0,0.0,2037,23,0.0,0.0,0.0,0.0,2035.5,0.0
0,697800,KELP,2034.0,1.0,2033.0,27.0,0.0,0.0,2037,28,0.0,0.0,0.0,0.0,2035.5,0.0
0,697900,KELP,2034.0,25.0,0.0,0.0,0.0,0.0,2037,25,0.0,0.0,0.0,0.0,2035.5,0.0
0,698000,KELP,2034.0,26.0,0.0,0.0,0.0,0.0,2037,26,0.0,0.0,0.0,0.0,2035.5,0.0
0,698100,KELP,2034.0,29.0,0.0,0.0,0.0,0.0,2037,29,0.0,0.0,0.0,0.0,2035.5,0.0
0,698200,KELP,2034.0,32.0,0.0,0.0,0.0,0.0,2037,32,0.0,0.0,0.0,0.0,2035.5,0.0
0,698300,KELP,2036.0,8.0,2034.0,27.0,0.0,0.0,2037,27,0.0,0.0,0.0,0.0,2036.5,0.0
0,698400,KELP,2034.0,29.0,0.0,0.0,0.0,0.0,2037,30,0.0,0.0,0.0,0.0,2035.5,0.0
0,698500,KELP,2035.0,4.0,2034.0,25.0,0.0,0.0,2037,25,0.0,0.0,0.0,0.0,2036.0,0.0
0,698600,KELP,2034.0,28.0,0.0,0.0,0.0,0.0,2037,26,0.0,0.0,0.0,0.0,2035.5,0.0
0,698700,KELP,2035.0,2.0,2034.0,27.0,0.0,0.0,2037,23,0.0,0.0,0.0,0.0,2036.0,0.0
0,698800,KELP,2034.0,24.0,0.0,0.0,0.0,0.0,2037,24,0.0,0.0,0.0,0.0,2035.5,0.0
0,698900,KELP,2036.0,1.0,2034.0,25.0,0.0,0.0,2037,25,0.0,0.0,0.0,0.0,2036.5,0.0
0,699000,KELP,2034.0,29.0,0.0,0.0,0.0,0.0,2036,1,2037.0,29.0,0.0,0.0,2035.0,0.0
0,699100,KELP,2034.0,24.0,0.0,0.0,0.0,0.0,2037,25,0.0,0.0,0.0,0.0,2035.5,0.0
0,699200,KELP,2034.0,24.0,0.0,0.0,0.0,0.0,2037,24,0.0,0.0,0.0,0.0,2035.5,0.0
0,699300,KELP,2034.0,25.0,0.0,0.0,0.0,0.0,2037,25,0.0,0.0,0.0,0.0,2035.5,0.0
0,699400,KELP,2034.0,36.0,0.0,0.0,0.0,0.0,2037,29,0.0,0.0,0.0,0.0,2035.5,0.0
0,699500,KELP,2034.0,29.0,0.0,0.0,0.0,0.0,2037,29,0.0,0.0,0.0,0.0,2035.5,0.0
0,699600,KELP,2034.0,25.0,0.0,0.0,0.0,0.0,2038,25,0.0,0.0,0.0,0.0,2036.0,0.0
0,699700,KELP,2034.0,22.0,0.0,0.0,0.0,0.0,2037,22,0.0,0.0,0.0,0.0,2035.5,0.0
0,699800,KELP,2036.0,2.0,2035.0,3.0,2034.0,22.0,2037,2,2038.0,20.0,0.0,0.0,2036.5,0.0
0,699900,KELP,2034.0,27.0,0.0,0.0,0.0,0.0,2037,2,2038.0,25.0,0.0,0.0,2035.5,0.0
0,700000,KELP,2035.0,6.0,2034.0,25.0,0.0,0.0,2037,1,2038.0,24.0,0.0,0.0,2036.0,0.0
0,700100,KELP,2034.0,23.0,0.0,0.0,0.0,0.0,2037,23,0.0,0.0,0.0,0.0,2035.5,0.0
0,700200,KELP,2034.0,29.0,0.0,0.0,0.0,0.0,2037,29,0.0,0.0,0.0,0.0,2035.5,0.0
0,700300,KELP,2034.0,32.0,0.0,0.0,0.0,0.0,2037,24,0.0,0.0,0.0,0.0,2035.5,0.0
0,700400,KELP,2034.0,23.0,0.0,0.0,0.0,0.0,2035,4,2037.0,23.0,0.0,0.0,2034.5,0.0
0,700500,KELP,2034.0,23.0,0.0,0.0,0.0,0.0,2036,6,2037.0,23.0,0.0,0.0,2035.0,0.0
0,700600,KELP,2034.0,21.0,0.0,0.0,0.0,0.0,2036,3,2037.0,21.0,0.0,0.0,2035.0,0.0
0,700700,KELP,2034.0,29.0,0.0,0.0,0.0,0.0,2035,2,2037.0,23.0,0.0,0.0,2034.5,0.0
0,700800,KELP,2034.0,27.0,0.0,0.0,0.0,0.0,2037,27,0.0,0.0,0.0,0.0,2035.5,0.0
0,700900,KELP,2036.0,4.0,2034.0,30.0,0.0,0.0,2037,30,0.0,0.0,0.0,0.0,2036.5,0.0
0,701000,KELP,2034.0,28.0,0.0,0.0,0.0,0.0,2037,28,0.0,0.0,0.0,0.0,2035.5,0.0
0,701100,KELP,2034.0,20.0,0.0,0.0,0.0,0.0,2037,20,0.0,0.0,0.0,0.0,2035.5,0.0
0,701200,KELP,2034.0,27.0,0.0,0.0,0.0,0.0,2037,27,0.0,0.0,0.0,0.0,2035.5,0.0
0,701300,KELP,2034.0,20.0,0.0,0.0,0.0,0.0,2037,20,0.0,0.0,0.0,0.0,2035.5,0.0
0,701400,KELP,2034.0,31.0,0.0,0.0,0.0,0.0,2037,31,0.0,0.0,0.0,0.0,2035.5,0.0
0,701500,KELP,2034.0,25.0,0.0,0.0,0.0,0.0,2037,24,0.0,0.0,0.0,0.0,2035.5,0.0
0,701600,KELP,2034.0,24.0,0.0,0.0,0.0,0.0,2037,24,0.0,0.0,0.0,0.0,2035.5,0.0
0,701700,KELP,2034.0,22.0,0.0,0.0,0.0,0.0,2037,23,0.0,0.0,0.0,0.0,2035.5,0.0
0,701800,KELP,2035.0,5.0,2034.0,27.0,0.0,0.0,2037,24,0.0,0.0,0.0,0.0,2036.0,0.0
0,701900,KELP,2034.0,24.0,0.0,0.0,0.0,0.0,2037,21,0.0,0.0,0.0,0.0,2035.5,0.0
0,702000,KELP,2036.0,1.0,2033.0,25.0,0.0,0.0,2037,25,0.0,0.0,0.0,0.0,2036.5,0.0
0,702100,KELP,2033.0,29.0,0.0,0.0,0.0,0.0,2034,1,2037.0,29.0,0.0,0.0,2033.5,0.0
0,702200,KELP,2033.0,25.0,0.0,0.0,0.0,0.0,2037,25,0.0,0.0,0.0,0.0,2035.0,0.0
0,702300,KELP,2033.0,26.0,0.0,0.0,0.0,0.0,2037,26,0.0,0.0,0.0,0.0,2035.0,0.0
0,702400,KELP,2033.0,23.0,0.0,0.0,0.0,0.0,2035,2,2037.0,23.0,0.0,0.0,2034.0,0.0
0,702500,KELP,2033.0,30.0,0.0,0.0,0.0,0.0,2037,30,0.0,0.0,0.0,0.0,2035.0,0.0
0,702600,KELP,2033.0,22.0,0.0,0.0,0.0,0.0,2037,22,0.0,0.0,0.0,0.0,2035.0,0.0
0,702700,KELP,2033.0,21.0,0.0,0.0,0.0,0.0,2037,21,0.0,0.0,0.0,0.0,2035.0,0.0
0,702800,KELP,2036.0,1.0,2033.0,26.0,0.0,0.0,2037,26,0.0,0.0,0.0,0.0,2036.5,0.0
0,702900,KELP,2033.0,24.0,0.0,0.0,0.0,0.0,2037,25,0.0,0.0,0.0,0.0,2035.0,0.0
0,703000,KELP,2035.0,9.0,2033.0,20.0,0.0,0.0,2037,20,0.0,0.0,0.0,0.0,2036.0,0.0
0,703100,KELP,2035.0,1.0,2033.0,24.0,0.0,0.0,2037,24,0.0,0.0,0.0,0.0,2036.0,0.0
0,703200,KELP,2033.0,28.0,0.0,0.0,0.0,0.0,2037,28,0.0,0.0,0.0,0.0,2035.0,0.0
0,703300,KELP,2033.0,25.0,0.0,0.0,0.0,0.0,2036,1,2037.0,24.0,0.0,0.0,2034.5,0.0
0,703400,KELP,2035.0,1.0,2033.0,32.0,0.0,0.0,2036,2,2037.0,30.0,0.0,0.0,2035.5,0.0
0,703500,KELP,2035.0,1.0,2034.0,2.0,2033.0,22.0,2036,22,0.0,0.0,0.0,0.0,2035.5,0.0
0,703600,KELP,2033.0,28.0,0.0,0.0,0.0,0.0,2036,29,0.0,0.0,0.0,0.0,2034.5,0.0
0,703700,KELP,2033.0,28.0,0.0,0.0,0.0,0.0,2036,28,0.0,0.0,0.0,0.0,2034.5,0.0
0,703800,KELP,2033.0,28.0,0.0,0.0,0.0,0.0,2036,25,0.0,0.0,0.0,0.0,2034.5,0.0
0,703900,KELP,2033.0,31.0,0.0,0.0,0.0,0.0,2035,1,2036.0,31.0,0.0,0.0,2034.0,0.0
0,704000,KELP,2033.0,21.0,0.0,0.0,0.0,0.0,2036,21,0.0,0.0,0.0,0.0,2034.5,0.0
0,704100,KELP,2035.0,1.0,2033.0,24.0,0.0,0.0,2036,23,0.0,0.0,0.0,0.0,2035.5,0.0
0,704200,KELP,2033.0,26.0,0.0,0.0,0.0,0.0,2036,26,0.0,0.0,0.0,0.0,2034.5,0.0
0,704300,KELP,2033.0,21.0,0.0,0.0,0.0,0.0,2036,21,0.0,0.0,0.0,0.0,2034.5,0.0
0,704400,KELP,2033.0,31.0,0.0,0.0,0.0,0.0,2036,31,0.0,0.0,0.0,0.0,2034.5,0.0
0,704500,KELP,2033.0,29.0,0.0,0.0,0.0,0.0,2036,30,0.0,0.0,0.0,0.0,2034.5,0.0
0,704600,KELP,2033.0,30.0,0.0,0.0,0.0,0.0,2036,30,0.0,0.0,0.0,0.0,2034.5,0.0
0,704700,KELP,2033.0,22.0,0.0,0.0,0.0,0.0,2036,22,0.0,0.0,0.0,0.0,2034.5,0.0
0,704800,KELP,2033.0,24.0,0.0,0.0,0.0,0.0,2035,6,2036.0,24.0,0.0,0.0,2034.0,0.0
0,704900,KELP,2033.0,27.0,0.0,0.0,0.0,0.0,2036,27,0.0,0.0,0.0,0.0,2034.5,0.0
0,705000,KELP,2033.0,31.0,0.0,0.0,0.0,0.0,2036,29,0.0,0.0,0.0,0.0,2034.5,0.0
0,705100,KELP,2033.0,23.0,0.0,0.0,0.0,0.0,2036,29,0.0,0.0,0.0,0.0,2034.5,0.0
0,705200,KELP,2033.0,27.0,0.0,0.0,0.0,0.0,2036,27,0.0,0.0,0.0,0.0,2034.5,0.0
0,705300,KELP,2033.0,20.0,0.0,0.0,0.0,0.0,2036,20,0.0,0.0,0.0,0.0,2034.5,0.0
0,705400,KELP,2033.0,30.0,0.0,0.0,0.0,0.0,2036,30,0.0,0.0,0.0,0.0,2034.5,0.0
0,705500,KELP,2033.0,24.0,0.0,0.0,0.0,0.0,2036,24,0.0,0.0,0.0,0.0,2034.5,0.0
0,705600,KELP,2033.0,27.0,0.0,0.0,0.0,0.0,2036,1,2037.0,26.0,0.0,0.0,2034.5,0.0
0,705700,KELP,2034.0,4.0,2033.0,23.0,0.0,0.0,2037,23,0.0,0.0,0.0,0.0,2035.5,0.0
0,705800,KELP,2033.0,25.0,0.0,0.0,0.0,0.0,2037,25,0.0,0.0,0.0,0.0,2035.0,0.0
0,705900,KELP,2033.0,27.0,0.0,0.0,0.0,0.0,2037,27,0.0,0.0,0.0,0.0,2035.0,0.0
0,706000,KELP,2033.0,26.0,0.0,0.0,0.0,0.0,2035,6,2037.0,26.0,0.0,0.0,2034.0,0.0
0,706100,KELP,2033.0,30.0,0.0,0.0,0.0,0.0,2037,30,0.0,0.0,0.0,0.0,2035.0,0.0
0,706200,KELP,2035.0,4.0,2033.0,24.0,0.0,0.0,2037,24,0.0,0.0,0.0,0.0,2036.0,0.0
0,706300,KELP,2033.0,32.0,0.0,0.0,0.0,0.0,2036,2,2037.0,25.0,0.0,0.0,2034.5,0.0
0,706400,KELP,2034.0,32.0,0.0,0.0,0.0,0.0,2037,26,0.0,0.0,0.0,0.0,2035.5,0.0
0,706500,KELP,2034.0,26.0,0.0,0.0,0.0,0.0,2037,26,0.0,0.0,0.0,0.0,2035.5,0.0
0,706600,KELP,2034.0,30.0,0.0,0.0,0.0,0.0,2037,30,0.0,0.0,0.0,0.0,2035.5,0.0
0,706700,KELP,2034.0,30.0,0.0,0.0,0.0,0.0,2037,30,0.0,0.0,0.0,0.0,2035.5,0.0
0,706800,KELP,2034.0,26.0,0.0,0.0,0.0,0.0,2036,7,2037.0,26.0,0.0,0.0,2035.0,0.0
0,706900,KELP,2034.0,22.0,0.0,0.0,0.0,0.0,2035,5,2037.0,22.0,0.0,0.0,2034.5,0.0
0,707000,KELP,2034.0,21.0,0.0,0.0,0.0,0.0,2037,21,0.0,0.0,0.0,0.0,2035.5,0.0
0,707100,KELP,2034.0,24.0,0.0,0.0,0.0,0.0,2037,24,0.0,0.0,0.0,0.0,2035.5,0.0
0,707200,KELP,2034.0,31.0,0.0,0.0,0.0,0.0,2036,3,2037.0,31.0,0.0,0.0,2035.0,0.0
0,707300,KELP,2034.0,30.0,0.0,0.0,0.0,0.0,2036,8,2037.0,30.0,0.0,0.0,2035.0,0.0
0,707400,KELP,2035.0,5.0,2034.0,30.0,0.0,0.0,2037,30,0.0,0.0,0.0,0.0,2036.0,0.0
0,707500,KELP,2034.0,24.0,0.0,0.0,0.0,0.0,2037,24,0.0,0.0,0.0,0.0,2035.5,0.0
0,707600,KELP,2034.0,24.0,0.0,0.0,0.0,0.0,2037,24,0.0,0.0,0.0,0.0,2035.5,0.0
0,707700,KELP,2034.0,34.0,0.0,0.0,0.0,0.0,2037,28,0.0,0.0,0.0,0.0,2035.5,0.0
0,707800,KELP,2034.0,31.0,0.0,0.0,0.0,0.0,2037,31,0.0,0.0,0.0,0.0,2035.5,0.0
0,707900,KELP,2034.0,22.0,0.0,0.0,0.0,0.0,2037,22,0.0,0.0,0.0,0.0,2035.5,0.0
0,708000,KELP,2034.0,28.0,0.0,0.0,0.0,0.0,2037,28,0.0,0.0,0.0,0.0,2035.5,0.0
0,708100,KELP,2034.0,23.0,0.0,0.0,0.0,0.0,2037,23,0.0,0.0,0.0,0.0,2035.5,0.0
0,708200,KELP,2034.0,24.0,0.0,0.0,0.0,0.0,2037,24,0.0,0.0,0.0,0.0,2035.5,0.0
0,708300,KELP,2034.0,20.0,0.0,0.0,0.0,0.0,2037,20,0.0,0.0,0.0,0.0,2035.5,0.0
0,708400,KELP,2034.0,19.0,0.0,0.0,0.0,0.0,2036,7,2037.0,20.0,0.0,0.0,2035.0,0.0
0,708500,KELP,2034.0,28.0,0.0,0.0,0.0,0.0,2036,2,2037.0,28.0,0.0,0.0,2035.0,0.0
0,708600,KELP,2034.0,20.0,0.0,0.0,0.0,0.0,2035,6,2037.0,20.0,0.0,0.0,2034.5,0.0
0,708700,KELP,2034.0,32.0,0.0,0.0,0.0,0.0,2037,27,0.0,0.0,0.0,0.0,2035.5,0.0
0,708800,KELP,2036.0,1.0,2034.0,25.0,0.0,0.0,2037,25,0.0,0.0,0.0,0.0,2036.5,0.0
0,708900,KELP,2036.0,6.0,2034.0,29.0,0.0,0.0,2037,29,0.0,0.0,0.0,0.0,2036.5,0.0
0,709000,KELP,2034.0,27.0,0.0,0.0,0.0,0.0,2037,27,0.0,0.0,0.0,0.0,2035.5,0.0
0,709100,KELP,2034.0,31.0,0.0,0.0,0.0,0.0,2037,31,0.0,0.0,0.0,0.0,2035.5,0.0
0,709200,KELP,2034.0,30.0,0.0,0.0,0.0,0.0,2037,22,0.0,0.0,0.0,0.0,2035.5,0.0
0,709300,KELP,2034.0,28.0,0.0,0.0,0.0,0.0,2037,24,0.0,0.0,0.0,0.0,2035.5,0.0
0,709400,KELP,2034.0,29.0,0.0,0.0,0.0,0.0,2037,29,0.0,0.0,0.0,0.0,2035.5,0.0
0,709500,KELP,2034.0,22.0,0.0,0.0,0.0,0.0,2037,22,0.0,0.0,0.0,0.0,2035.5,0.0
0,709600,KELP,2034.0,32.0,0.0,0.0,0.0,0.0,2037,32,0.0,0.0,0.0,0.0,2035.5,0.0
0,709700,KELP,2034.0,27.0,0.0,0.0,0.0,0.0,2037,25,0.0,0.0,0.0,0.0,2035.5,0.0
0,709800,KELP,2034.0,32.0,0.0,0.0,0.0,0.0,2037,27,0.0,0.0,0.0,0.0,2035.5,0.0
0,709900,KELP,2034.0,20.0,0.0,0.0,0.0,0.0,2035,7,2038.0,20.0,0.0,0.0,2034.5,0.0
0,710000,KELP,2034.0,26.0,0.0,0.0,0.0,0.0,2037,26,0.0,0.0,0.0,0.0,2035.5,0.0
0,710100,KELP,2034.0,27.0,0.0,0.0,0.0,0.0,2037,27,0.0,0.0,0.0,0.0,2035.5,0.0
0,710200,KELP,2034.0,27.0,0.0,0.0,0.0,0.0,2037,27,0.0,0.0,0.0,0.0,2035.5,0.0
0,710300,KELP,2034.0,25.0,0.0,0.0,0.0,0.0,2037,25,0.0,0.0,0.0,0.0,2035.5,0.0
0,710400,KELP,2034.0,28.0,0.0,0.0,0.0,0.0,2037,29,0.0,0.0,0.0,0.0,2035.5,0.0
0,710500,KELP,2034.0,31.0,0.0,0.0,0.0,0.0,2037,31,0.0,0.0,0.0,0.0,2035.5,0.0
0,710600,KELP,2034.0,32.0,0.0,0.0,0.0,0.0,2037,32,0.0,0.0,0.0,0.0,2035.5,0.0
0,710700,KELP,2034.0,20.0,0.0,0.0,0.0,0.0,2037,20,0.0,0.0,0.0,0.0,2035.5,0.0
0,710800,KELP,2034.0,27.0,0.0,0.0,0.0,0.0,2037,27,0.0,0.0,0.0,0.0,2035.5,0.0
0,710900,KELP,2034.0,24.0,0.0,0.0,0.0,0.0,2036,7,2037.0,24.0,0.0,0.0,2035.0,0.0
0,711000,KELP,2034.0,29.0,0.0,0.0,0.0,0.0,2037,1,2038.0,28.0,0.0,0.0,2035.5,0.0
0,711100,KELP,2034.0,24.0,0.0,0.0,0.0,0.0,2038,24,0.0,0.0,0.0,0.0,2036.0,0.0
0,711200,KELP,2034.0,25.0,0.0,0.0,0.0,0.0,2036,7,2037.0,1.0,2038.0,24.0,2035.0,0.0
0,711300,KELP,2036.0,9.0,2034.0,29.0,0.0,0.0,2038,29,0.0,0.0,0.0,0.0,2037.0,0.0
0,711400,KELP,2034.0,26.0,0.0,0.0,0.0,0.0,2038,26,0.0,0.0,0.0,0.0,2036.0,0.0
0,711500,KELP,2035.0,8.0,2034.0,29.0,0.0,0.0,2038,29,0.0,0.0,0.0,0.0,2036.5,0.0
0,711600,KELP,2034.0,31.0,0.0,0.0,0.0,0.0,2036,4,2038.0,31.0,0.0,0.0,2035.0,0.0
0,711700,KELP,2034.0,30.0,0.0,0.0,0.0,0.0,2038,30,0.0,0.0,0.0,0.0,2036.0,0.0
0,711800,KELP,2034.0,22.0,0.0,0.0,0.0,0.0,2038,22,0.0,0.0,0.0,0.0,2036.0,0.0
0,711900,KELP,2034.0,27.0,0.0,0.0,0.0,0.0,2035,3,2038.0,27.0,0.0,0.0,2034.5,0.0
0,712000,KELP,2035.0,3.0,2034.0,26.0,0.0,0.0,2038,26,0.0,0.0,0.0,0.0,2036.5,0.0
0,712100,KELP,2036.0,1.0,2034.0,26.0,0.0,0.0,2038,26,0.0,0.0,0.0,0.0,2037.0,0.0
0,712200,KELP,2034.0,27.0,0.0,0.0,0.0,0.0,2038,27,0.0,0.0,0.0,0.0,2036.0,0.0
0,712300,KELP,2034.0,29.0,0.0,0.0,0.0,0.0,2035,1,2038.0,29.0,0.0,0.0,2034.5,0.0
0,712400,KELP,2034.0,31.0,0.0,0.0,0.0,0.0,2036,7,2038.0,31.0,0.0,0.0,2035.0,0.0
0,712500,KELP,2034.0,32.0,0.0,0.0,0.0,0.0,2038,32,0.0,0.0,0.0,0.0,2036.0,0.0
0,712600,KELP,2035.0,2.0,2034.0,25.0,0.0,0.0,2038,25,0.0,0.0,0.0,0.0,2036.5,0.0
0,712700,KELP,2034.0,24.0,0.0,0.0,0.0,0.0,2038,24,0.0,0.0,0.0,0.0,2036.0,0.0
0,712800,KELP,2034.0,26.0,0.0,0.0,0.0,0.0,2038,26,0.0,0.0,0.0,0.0,2036.0,0.0
0,712900,KELP,2034.0,20.0,0.0,0.0,0.0,0.0,2038,20,0.0,0.0,0.0,0.0,2036.0,0.0
0,713000,KELP,2034.0,24.0,0.0,0.0,0.0,0.0,2036,4,2038.0,25.0,0.0,0.0,2035.0,0.0
0,713100,KELP,2034.0,23.0,0.0,0.0,0.0,0.0,2035,4,2038.0,23.0,0.0,0.0,2034.5,0.0
0,713200,KELP,2034.0,22.0,0.0,0.0,0.0,0.0,2038,22,0.0,0.0,0.0,0.0,2036.0,0.0
0,713300,KELP,2035.0,1.0,2034.0,22.0,0.0,0.0,2038,23,0.0,0.0,0.0,0.0,2036.5,0.0
0,713400,KELP,2034.0,25.0,0.0,0.0,0.0,0.0,2038,25,0.0,0.0,0.0,0.0,2036.0,0.0
0,713500,KELP,2034.0,30.0,0.0,0.0,0.0,0.0,2036,3,2038.0,31.0,0.0,0.0,2035.0,0.0
0,713600,KELP,2037.0,1.0,2034.0,31.0,0.0,0.0,2038,31,0.0,0.0,0.0,0.0,2037.5,0.0
0,713700,KELP,2035.0,3.0,2034.0,23.0,0.0,0.0,2038,24,0.0,0.0,0.0,0.0,2036.5,0.0
0,713800,KELP,2034.0,21.0,0.0,0.0,0.0,0.0,2038,21,0.0,0.0,0.0,0.0,2036.0,0.0
0,713900,KELP,2034.0,22.0,0.0,0.0,0.0,0.0,2035,7,2036.0,8.0,2038.0,22.0,2034.5,0.0
0,714000,KELP,2034.0,31.0,0.0,0.0,0.0,0.0,2038,31,0.0,0.0,0.0,0.0,2036.0,0.0
0,714100,KELP,2034.0,24.0,0.0,0.0,0.0,0.0,2038,24,0.0,0.0,0.0,0.0,2036.0,0.0
0,714200,KELP,2034.0,24.0,0.0,0.0,0.0,0.0,2038,24,0.0,0.0,0.0,0.0,2036.0,0.0
0,714300,KELP,2034.0,23.0,0.0,0.0,0.0,0.0,2035,1,2036.0,1.0,2038.0,23.0,2034.5,0.0
0,714400,KELP,2034.0,26.0,0.0,0.0,0.0,0.0,2035,1,2038.0,26.0,0.0,0.0,2034.5,0.0
0,714500,KELP,2034.0,22.0,0.0,0.0,0.0,0.0,2038,22,0.0,0.0,0.0,0.0,2036.0,0.0
0,714600,KELP,2034.0,24.0,0.0,0.0,0.0,0.0,2036,1,2038.0,24.0,0.0,0.0,2035.0,0.0
0,714700,KELP,2034.0,29.0,0.0,0.0,0.0,0.0,2037,29,0.0,0.0,0.0,0.0,2035.5,0.0
0,714800,KELP,2036.0,1.0,2034.0,25.0,0.0,0.0,2037,25,0.0,0.0,0.0,0.0,2036.5,0.0
0,714900,KELP,2034.0,22.0,0.0,0.0,0.0,0.0,2037,1,2038.0,20.0,0.0,0.0,2035.5,0.0
0,715000,KELP,2034.0,24.0,0.0,0.0,0.0,0.0,2036,8,2037.0,2.0,2038.0,22.0,2035.0,0.0
0,715100,KELP,2034.0,22.0,0.0,0.0,0.0,0.0,2038,22,0.0,0.0,0.0,0.0,2036.0,0.0
0,715200,KELP,2036.0,1.0,2034.0,28.0,0.0,0.0,2038,28,0.0,0.0,0.0,0.0,2037.0,0.0
0,715300,KELP,2034.0,22.0,0.0,0.0,0.0,0.0,2035,4,2036.0,5.0,2037.0,2.0,2034.5,0.0
0,715400,KELP,2034.0,34.0,0.0,0.0,0.0,0.0,2037,2,2038.0,26.0,0.0,0.0,2035.5,0.0
0,715500,KELP,2036.0,1.0,2034.0,27.0,0.0,0.0,2037,2,2038.0,25.0,0.0,0.0,2036.5,0.0
0,715600,KELP,2034.0,26.0,0.0,0.0,0.0,0.0,2038,26,0.0,0.0,0.0,0.0,2036.0,0.0
0,715700,KELP,2034.0,23.0,0.0,0.0,0.0,0.0,2037,1,2038.0,22.0,0.0,0.0,2035.5,0.0
0,715800,KELP,2034.0,27.0,0.0,0.0,0.0,0.0,2037,27,0.0,0.0,0.0,0.0,2035.5,0.0
0,715900,KELP,2034.0,25.0,0.0,0.0,0.0,0.0,2037,25,0.0,0.0,0.0,0.0,2035.5,0.0
0,716000,KELP,2034.0,32.0,0.0,0.0,0.0,0.0,2037,30,0.0,0.0,0.0,0.0,2035.5,0.0
0,716100,KELP,2034.0,21.0,0.0,0.0,0.0,0.0,2036,6,2037.0,21.0,0.0,0.0,2035.0,0.0
0,716200,KELP,2034.0,30.0,0.0,0.0,0.0,0.0,2037,30,0.0,0.0,0.0,0.0,2035.5,0.0
0,716300,KELP,2034.0,23.0,0.0,0.0,0.0,0.0,2035,4,2037.0,23.0,0.0,0.0,2034.5,0.0
0,716400,KELP,2034.0,24.0,0.0,0.0,0.0,0.0,2037,24,0.0,0.0,0.0,0.0,2035.5,0.0
0,716500,KELP,2034.0,27.0,0.0,0.0,0.0,0.0,2037,27,0.0,0.0,0.0,0.0,2035.5,0.0
0,716600,KELP,2036.0,10.0,2034.0,27.0,0.0,0.0,2037,27,0.0,0.0,0.0,0.0,2036.5,0.0
0,716700,KELP,2034.0,23.0,0.0,0.0,0.0,0.0,2037,24,0.0,0.0,0.0,0.0,2035.5,0.0
0,716800,KELP,2034.0,31.0,0.0,0.0,0.0,0.0,2037,31,0.0,0.0,0.0,0.0,2035.5,0.0
0,716900,KELP,2034.0,20.0,0.0,0.0,0.0,0.0,2037,20,0.0,0.0,0.0,0.0,2035.5,0.0
0,717000,KELP,2034.0,30.0,0.0,0.0,0.0,0.0,2037,30,0.0,0.0,0.0,0.0,2035.5,0.0
0,717100,KELP,2036.0,1.0,2034.0,35.0,0.0,0.0,2037,30,0.0,0.0,0.0,0.0,2036.5,0.0
0,717200,KELP,2034.0,21.0,0.0,0.0,0.0,0.0,2037,21,0.0,0.0,0.0,0.0,2035.5,0.0
0,717300,KELP,2034.0,35.0,0.0,0.0,0.0,0.0,2037,29,0.0,0.0,0.0,0.0,2035.5,0.0
0,717400,KELP,2034.0,25.0,0.0,0.0,0.0,0.0,2037,25,0.0,0.0,0.0,0.0,2035.5,0.0
0,717500,KELP,2036.0,1.0,2034.0,29.0,0.0,0.0,2037,29,0.0,0.0,0.0,0.0,2036.5,0.0
0,717600,KELP,2036.0,5.0,2034.0,32.0,0.0,0.0,2037,32,0.0,0.0,0.0,0.0,2036.5,0.0
0,717700,KELP,2034.0,26.0,0.0,0.0,0.0,0.0,2037,26,0.0,0.0,0.0,0.0,2035.5,0.0
0,717800,KELP,2034.0,34.0,0.0,0.0,0.0,0.0,2037,27,0.0,0.0,0.0,0.0,2035.5,0.0
0,717900,KELP,2034.0,27.0,0.0,0.0,0.0,0.0,2037,27,0.0,0.0,0.0,0.0,2035.5,0.0
0,718000,KELP,2034.0,28.0,0.0,0.0,0.0,0.0,2037,28,0.0,0.0,0.0,0.0,2035.5,0.0
0,718100,KELP,2034.0,31.0,0.0,0.0,0.0,0.0,2036,4,2037.0,31.0,0.0,0.0,2035.0,0.0
0,718200,KELP,2034.0,31.0,0.0,0.0,0.0,0.0,2037,31,0.0,0.0,0.0,0.0,2035.5,0.0
0,718300,KELP,2034.0,30.0,0.0,0.0,0.0,0.0,2037,30,0.0,0.0,0.0,0.0,2035.5,0.0
0,718400,KELP,2034.0,24.0,0.0,0.0,0.0,0.0,2037,24,0.0,0.0,0.0,0.0,2035.5,0.0
0,718500,KELP,2034.0,31.0,0.0,0.0,0.0,0.0,2037,31,0.0,0.0,0.0,0.0,2035.5,0.0
0,718600,KELP,2034.0,31.0,0.0,0.0,0.0,0.0,2037,31,0.0,0.0,0.0,0.0,2035.5,0.0
0,718700,KELP,2034.0,24.0,0.0,0.0,0.0,0.0,2037,24,0.0,0.0,0.0,0.0,2035.5,0.0
0,718800,KELP,2034.0,28.0,0.0,0.0,0.0,0.0,2036,8,2037.0,28.0,0.0,0.0,2035.0,0.0
0,718900,KELP,2034.0,29.0,0.0,0.0,0.0,0.0,2037,29,0.0,0.0,0.0,0.0,2035.5,0.0
0,719000,KELP,2034.0,25.0,0.0,0.0,0.0,0.0,2036,2,2037.0,26.0,0.0,0.0,2035.0,0.0
0,719100,KELP,2034.0,27.0,0.0,0.0,0.0,0.0,2037,27,0.0,0.0,0.0,0.0,2035.5,0.0
0,719200,KELP,2034.0,33.0,0.0,0.0,0.0,0.0,2037,26,0.0,0.0,0.0,0.0,2035.5,0.0
0,719300,KELP,2034.0,21.0,0.0,0.0,0.0,0.0,2037,21,0.0,0.0,0.0,0.0,2035.5,0.0
0,719400,KELP,2034.0,30.0,0.0,0.0,0.0,0.0,2036,1,2037.0,30.0,0.0,0.0,2035.0,0.0
0,719500,KELP,2034.0,30.0,0.0,0.0,0.0,0.0,2037,24,0.0,0.0,0.0,0.0,2035.5,0.0
0,719600,KELP,2034.0,32.0,0.0,0.0,0.0,0.0,2036,2,2037.0,32.0,0.0,0.0,2035.0,0.0
0,719700,KELP,2034.0,27.0,0.0,0.0,0.0,0.0,2037,28,0.0,0.0,0.0,0.0,2035.5,0.0
0,719800,KELP,2034.0,28.0,0.0,0.0,0.0,0.0,2037,1,2038.0,27.0,0.0,0.0,2035.5,0.0
0,719900,KELP,2034.0,22.0,0.0,0.0,0.0,0.0,2037,22,0.0,0.0,0.0,0.0,2035.5,0.0
0,720000,KELP,2034.0,32.0,0.0,0.0,0.0,0.0,2037,26,0.0,0.0,0.0,0.0,2035.5,0.0
0,720100,KELP,2034.0,25.0,0.0,0.0,0.0,0.0,2037,25,0.0,0.0,0.0,0.0,2035.5,0.0
0,720200,KELP,2034.0,25.0,0.0,0.0,0.0,0.0,2037,25,0.0,0.0,0.0,0.0,2035.5,0.0
0,720300,KELP,2034.0,30.0,0.0,0.0,0.0,0.0,2037,30,0.0,0.0,0.0,0.0,2035.5,0.0
0,720400,KELP,2034.0,31.0,0.0,0.0,0.0,0.0,2037,31,0.0,0.0,0.0,0.0,2035.5,0.0
0,720500,KELP,2034.0,25.0,0.0,0.0,0.0,0.0,2037,25,0.0,0.0,0.0,0.0,2035.5,0.0
0,720600,KELP,2036.0,1.0,2034.0,30.0,0.0,0.0,2037,30,0.0,0.0,0.0,0.0,2036.5,0.0
0,720700,KELP,2034.0,30.0,0.0,0.0,0.0,0.0,2037,30,0.0,0.0,0.0,0.0,2035.5,0.0
0,720800,KELP,2034.0,28.0,0.0,0.0,0.0,0.0,2037,28,0.0,0.0,0.0,0.0,2035.5,0.0
0,720900,KELP,2034.0,33.0,0.0,0.0,0.0,0.0,2037,25,0.0,0.0,0.0,0.0,2035.5,0.0
0,721000,KELP,2036.0,1.0,2034.0,22.0,0.0,0.0,2037,22,0.0,0.0,0.0,0.0,2036.5,0.0
0,721100,KELP,2034.0,27.0,0.0,0.0,0.0,0.0,2037,27,0.0,0.0,0.0,0.0,2035.5,0.0
0,721200,KELP,2034.0,29.0,0.0,0.0,0.0,0.0,2037,29,0.0,0.0,0.0,0.0,2035.5,0.0
0,721300,KELP,2034.0,23.0,0.0,0.0,0.0,0.0,2037,23,0.0,0.0,0.0,0.0,2035.5,0.0
0,721400,KELP,2034.0,28.0,0.0,0.0,0.0,0.0,2037,28,0.0,0.0,0.0,0.0,2035.5,0.0
0,721500,KELP,2034.0,27.0,0.0,0.0,0.0,0.0,2037,22,0.0,0.0,0.0,0.0,2035.5,0.0
0,721600,KELP,2034.0,25.0,0.0,0.0,0.0,0.0,2038,25,0.0,0.0,0.0,0.0,2036.0,0.0
0,721700,KELP,2034.0,22.0,0.0,0.0,0.0,0.0,2038,22,0.0,0.0,0.0,0.0,2036.0,0.0
0,721800,KELP,2034.0,26.0,0.0,0.0,0.0,0.0,2038,26,0.0,0.0,0.0,0.0,2036.0,0.0
0,721900,KELP,2036.0,1.0,2034.0,21.0,0.0,0.0,2037,1,2038.0,20.0,0.0,0.0,2036.5,0.0
0,722000,KELP,2034.0,30.0,0.0,0.0,0.0,0.0,2038,30,0.0,0.0,0.0,0.0,2036.0,0.0
0,722100,KELP,2034.0,23.0,0.0,0.0,0.0,0.0,2037,23,0.0,0.0,0.0,0.0,2035.5,0.0
0,722200,KELP,2034.0,22.0,0.0,0.0,0.0,0.0,2036,7,2037.0,22.0,0.0,0.0,2035.0,0.0
0,722300,KELP,2034.0,29.0,0.0,0.0,0.0,0.0,2036,8,2037.0,29.0,0.0,0.0,2035.0,0.0
0,722400,KELP,2034.0,28.0,0.0,0.0,0.0,0.0,2035,2,2037.0,25.0,0.0,0.0,2034.5,0.0
0,722500,KELP,2034.0,32.0,0.0,0.0,0.0,0.0,2037,32,0.0,0.0,0.0,0.0,2035.5,0.0
0,722600,KELP,2034.0,22.0,0.0,0.0,0.0,0.0,2037,22,0.0,0.0,0.0,0.0,2035.5,0.0
0,722700,KELP,2034.0,31.0,0.0,0.0,0.0,0.0,2036,3,2037.0,2.0,2038.0,29.0,2035.0,0.0
0,722800,KELP,2034.0,28.0,0.0,0.0,0.0,0.0,2035,2,2037.0,28.0,0.0,0.0,2034.5,0.0
0,722900,KELP,2034.0,24.0,0.0,0.0,0.0,0.0,2037,24,0.0,0.0,0.0,0.0,2035.5,0.0
0,723000,KELP,2034.0,21.0,0.0,0.0,0.0,0.0,2037,21,0.0,0.0,0.0,0.0,2035.5,0.0
0,723100,KELP,2034.0,29.0,0.0,0.0,0.0,0.0,2037,29,0.0,0.0,0.0,0.0,2035.5,0.0
0,723200,KELP,2034.0,30.0,0.0,0.0,0.0,0.0,2036,5,2037.0,30.0,0.0,0.0,2035.0,0.0
0,723300,KELP,2034.0,27.0,0.0,0.0,0.0,0.0,2037,27,0.0,0.0,0.0,0.0,2035.5,0.0
0,723400,KELP,2036.0,1.0,2034.0,22.0,0.0,0.0,2037,22,0.0,0.0,0.0,0.0,2036.5,0.0
0,723500,KELP,2034.0,25.0,0.0,0.0,0.0,0.0,2037,26,0.0,0.0,0.0,0.0,2035.5,0.0
0,723600,KELP,2036.0,3.0,2034.0,28.0,0.0,0.0,2037,28,0.0,0.0,0.0,0.0,2036.5,0.0
0,723700,KELP,2034.0,29.0,0.0,0.0,0.0,0.0,2038,29,0.0,0.0,0.0,0.0,2036.0,0.0
0,723800,KELP,2034.0,30.0,0.0,0.0,0.0,0.0,2037,30,0.0,0.0,0.0,0.0,2035.5,0.0
0,723900,KELP,2034.0,33.0,0.0,0.0,0.0,0.0,2037,26,0.0,0.0,0.0,0.0,2035.5,0.0
0,724000,KELP,2034.0,23.0,0.0,0.0,0.0,0.0,2037,23,0.0,0.0,0.0,0.0,2035.5,0.0
0,724100,KELP,2034.0,28.0,0.0,0.0,0.0,0.0,2037,27,0.0,0.0,0.0,0.0,2035.5,0.0
0,724200,KELP,2034.0,24.0,0.0,0.0,0.0,0.0,2038,24,0.0,0.0,0.0,0.0,2036.0,0.0
0,724300,KELP,2035.0,2.0,2034.0,27.0,0.0,0.0,2038,27,0.0,0.0,0.0,0.0,2036.5,0.0
0,724400,KELP,2034.0,30.0,0.0,0.0,0.0,0.0,2036,4,2037.0,30.0,0.0,0.0,2035.0,0.0
0,724500,KELP,2034.0,29.0,0.0,0.0,0.0,0.0,2037,29,0.0,0.0,0.0,0.0,2035.5,0.0
0,724600,KELP,2034.0,29.0,0.0,0.0,0.0,0.0,2037,29,0.0,0.0,0.0,0.0,2035.5,0.0
0,724700,KELP,2034.0,21.0,0.0,0.0,0.0,0.0,2037,22,0.0,0.0,0.0,0.0,2035.5,0.0
0,724800,KELP,2034.0,22.0,0.0,0.0,0.0,0.0,2037,22,0.0,0.0,0.0,0.0,2035.5,0.0
0,724900,KELP,2034.0,26.0,0.0,0.0,0.0,0.0,2037,26,0.0,0.0,0.0,0.0,2035.5,0.0
0,725000,KELP,2034.0,27.0,0.0,0.0,0.0,0.0,2037,27,0.0,0.0,0.0,0.0,2035.5,0.0
0,725100,KELP,2034.0,22.0,0.0,0.0,0.0,0.0,2037,22,0.0,0.0,0.0,0.0,2035.5,0.0
0,725200,KELP,2034.0,21.0,0.0,0.0,0.0,0.0,2037,21,0.0,0.0,0.0,0.0,2035.5,0.0
0,725300,KELP,2034.0,28.0,0.0,0.0,0.0,0.0,2037,28,0.0,0.0,0.0,0.0,2035.5,0.0
0,725400,KELP,2034.0,33.0,0.0,0.0,0.0,0.0,2037,27,0.0,0.0,0.0,0.0,2035.5,0.0
0,725500,KELP,2034.0,28.0,0.0,0.0,0.0,0.0,2037,26,0.0,0.0,0.0,0.0,2035.5,0.0
0,725600,KELP,2034.0,26.0,0.0,0.0,0.0,0.0,2037,26,0.0,0.0,0.0,0.0,2035.5,0.0
0,725700,KELP,2034.0,26.0,0.0,0.0,0.0,0.0,2037,23,0.0,0.0,0.0,0.0,2035.5,0.0
0,725800,KELP,2034.0,26.0,0.0,0.0,0.0,0.0,2037,26,0.0,0.0,0.0,0.0,2035.5,0.0
0,725900,KELP,2034.0,29.0,0.0,0.0,0.0,0.0,2036,4,2037.0,30.0,0.0,0.0,2035.0,0.0
0,726000,KELP,2033.0,30.0,0.0,0.0,0.0,0.0,2036,3,2037.0,30.0,0.0,0.0,2034.5,0.0
0,726100,KELP,2034.0,5.0,2033.0,30.0,0.0,0.0,2037,30,0.0,0.0,0.0,0.0,2035.5,0.0
0,726200,KELP,2034.0,28.0,0.0,0.0,0.0,0.0,2037,28,0.0,0.0,0.0,0.0,2035.5,0.0
0,726300,KELP,2034.0,26.0,0.0,0.0,0.0,0.0,2037,26,0.0,0.0,0.0,0.0,2035.5,0.0
0,726400,KELP,2036.0,1.0,2035.0,2.0,2034.0,25.0,2037,23,0.0,0.0,0.0,0.0,2036.5,0.0
0,726500,KELP,2034.0,24.0,0.0,0.0,0.0,0.0,2037,24,0.0,0.0,0.0,0.0,2035.5,0.0
0,726600,KELP,2033.0,20.0,0.0,0.0,0.0,0.0,2037,20,0.0,0.0,0.0,0.0,2035.0,0.0
0,726700,KELP,2033.0,32.0,0.0,0.0,0.0,0.0,2037,32,0.0,0.0,0.0,0.0,2035.0,0.0
0,726800,KELP,2033.0,30.0,0.0,0.0,0.0,0.0,2037,30,0.0,0.0,0.0,0.0,2035.0,0.0
0,726900,KELP,2033.0,24.0,0.0,0.0,0.0,0.0,2037,24,0.0,0.0,0.0,0.0,2035.0,0.0
0,727000,KELP,2035.0,5.0,2034.0,1.0,2033.0,22.0,2037,23,0.0,0.0,0.0,0.0,2036.0,0.0
0,727100,KELP,2033.0,28.0,0.0,0.0,0.0,0.0,2034,1,2035.0,2.0,2037.0,29.0,2033.5,0.0
0,727200,KELP,2034.0,1.0,2033.0,28.0,0.0,0.0,2037,28,0.0,0.0,0.0,0.0,2035.5,0.0
0,727300,KELP,2035.0,3.0,2033.0,31.0,0.0,0.0,2037,31,0.0,0.0,0.0,0.0,2036.0,0.0
0,727400,KELP,2033.0,23.0,0.0,0.0,0.0,0.0,2037,23,0.0,0.0,0.0,0.0,2035.0,0.0
0,727500,KELP,2036.0,1.0,2034.0,3.0,2033.0,22.0,2037,22,0.0,0.0,0.0,0.0,2036.5,0.0
0,727600,KELP,2033.0,26.0,0.0,0.0,0.0,0.0,2037,26,0.0,0.0,0.0,0.0,2035.0,0.0
0,727700,KELP,2036.0,1.0,2034.0,3.0,2033.0,30.0,2037,30,0.0,0.0,0.0,0.0,2036.5,0.0
0,727800,KELP,2034.0,2.0,2033.0,23.0,0.0,0.0,2037,25,0.0,0.0,0.0,0.0,2035.5,0.0
0,727900,KELP,2035.0,3.0,2033.0,21.0,0.0,0.0,2037,21,0.0,0.0,0.0,0.0,2036.0,0.0
0,728000,KELP,2033.0,29.0,0.0,0.0,0.0,0.0,2035,9,2037.0,29.0,0.0,0.0,2034.0,0.0
0,728100,KELP,2036.0,1.0,2033.0,24.0,0.0,0.0,2037,24,0.0,0.0,0.0,0.0,2036.5,0.0
0,728200,KELP,2034.0,1.0,2033.0,23.0,0.0,0.0,2037,24,0.0,0.0,0.0,0.0,2035.5,0.0
0,728300,KELP,2034.0,1.0,2033.0,22.0,0.0,0.0,2035,2,2037.0,23.0,0.0,0.0,2034.5,0.0
0,728400,KELP,2034.0,29.0,0.0,0.0,0.0,0.0,2036,1,2037.0,29.0,0.0,0.0,2035.0,0.0
0,728500,KELP,2034.0,27.0,0.0,0.0,0.0,0.0,2037,27,0.0,0.0,0.0,0.0,2035.5,0.0
0,728600,KELP,2034.0,26.0,0.0,0.0,0.0,0.0,2037,26,0.0,0.0,0.0,0.0,2035.5,0.0
0,728700,KELP,2034.0,22.0,0.0,0.0,0.0,0.0,2037,26,0.0,0.0,0.0,0.0,2035.5,0.0
0,728800,KELP,2034.0,29.0,0.0,0.0,0.0,0.0,2037,28,0.0,0.0,0.0,0.0,2035.5,0.0
0,728900,KELP,2034.0,29.0,0.0,0.0,0.0,0.0,2037,29,0.0,0.0,0.0,0.0,2035.5,0.0
0,729000,KELP,2034.0,30.0,0.0,0.0,0.0,0.0,2037,30,0.0,0.0,0.0,0.0,2035.5,0.0
0,729100,KELP,2034.0,30.0,0.0,0.0,0.0,0.0,2037,30,0.0,0.0,0.0,0.0,2035.5,0.0
0,729200,KELP,2034.0,29.0,0.0,0.0,0.0,0.0,2037,21,0.0,0.0,0.0,0.0,2035.5,0.0
0,729300,KELP,2034.0,25.0,0.0,0.0,0.0,0.0,2037,23,0.0,0.0,0.0,0.0,2035.5,0.0
0,729400,KELP,2034.0,30.0,0.0,0.0,0.0,0.0,2036,7,2037.0,30.0,0.0,0.0,2035.0,0.0
0,729500,KELP,2034.0,25.0,0.0,0.0,0.0,0.0,2037,25,0.0,0.0,0.0,0.0,2035.5,0.0
0,729600,KELP,2033.0,21.0,0.0,0.0,0.0,0.0,2036,8,2037.0,21.0,0.0,0.0,2034.5,0.0
0,729700,KELP,2034.0,22.0,0.0,0.0,0.0,0.0,2037,23,0.0,0.0,0.0,0.0,2035.5,0.0
0,729800,KELP,2034.0,1.0,2033.0,23.0,0.0,0.0,2037,24,0.0,0.0,0.0,0.0,2035.5,0.0
0,729900,KELP,2034.0,1.0,2033.0,24.0,0.0,0.0,2037,25,0.0,0.0,0.0,0.0,2035.5,0.0
0,730000,KELP,2036.0,1.0,2034.0,1.0,2033.0,30.0,2037,31,0.0,0.0,0.0,0.0,2036.5,0.0
0,730100,KELP,2034.0,1.0,2033.0,29.0,0.0,0.0,2037,30,0.0,0.0,0.0,0.0,2035.5,0.0
0,730200,KELP,2034.0,34.0,0.0,0.0,0.0,0.0,2037,32,0.0,0.0,0.0,0.0,2035.5,0.0
0,730300,KELP,2036.0,1.0,2033.0,27.0,0.0,0.0,2037,27,0.0,0.0,0.0,0.0,2036.5,0.0
0,730400,KELP,2034.0,32.0,0.0,0.0,0.0,0.0,2035,3,2037.0,32.0,0.0,0.0,2034.5,0.0
0,730500,KELP,2034.0,26.0,0.0,0.0,0.0,0.0,2037,26,0.0,0.0,0.0,0.0,2035.5,0.0
0,730600,KELP,2033.0,24.0,0.0,0.0,0.0,0.0,2037,24,0.0,0.0,0.0,0.0,2035.0,0.0
0,730700,KELP,2034.0,25.0,0.0,0.0,0.0,0.0,2037,22,0.0,0.0,0.0,0.0,2035.5,0.0
0,730800,KELP,2036.0,1.0,2034.0,26.0,0.0,0.0,2037,26,0.0,0.0,0.0,0.0,2036.5,0.0
0,730900,KELP,2035.0,6.0,2034.0,25.0,0.0,0.0,2036,6,2037.0,25.0,0.0,0.0,2035.5,0.0
0,731000,KELP,2034.0,22.0,0.0,0.0,0.0,0.0,2037,23,0.0,0.0,0.0,0.0,2035.5,0.0
0,731100,KELP,2034.0,28.0,0.0,0.0,0.0,0.0,2037,25,0.0,0.0,0.0,0.0,2035.5,0.0
0,731200,KELP,2034.0,26.0,0.0,0.0,0.0,0.0,2036,1,2037.0,26.0,0.0,0.0,2035.0,0.0
0,731300,KELP,2034.0,29.0,0.0,0.0,0.0,0.0,2037,29,0.0,0.0,0.0,0.0,2035.5,0.0
0,731400,KELP,2034.0,23.0,0.0,0.0,0.0,0.0,2037,23,0.0,0.0,0.0,0.0,2035.5,0.0
0,731500,KELP,2034.0,31.0,0.0,0.0,0.0,0.0,2037,31,0.0,0.0,0.0,0.0,2035.5,0.0
0,731600,KELP,2034.0,26.0,0.0,0.0,0.0,0.0,2037,26,0.0,0.0,0.0,0.0,2035.5,0.0
0,731700,KELP,2036.0,1.0,2034.0,2.0,2033.0,24.0,2037,24,0.0,0.0,0.0,0.0,2036.5,0.0
0,731800,KELP,2034.0,30.0,0.0,0.0,0.0,0.0,2037,30,0.0,0.0,0.0,0.0,2035.5,0.0
0,731900,KELP,2033.0,22.0,0.0,0.0,0.0,0.0,2037,22,0.0,0.0,0.0,0.0,2035.0,0.0
0,732000,KELP,2034.0,22.0,0.0,0.0,0.0,0.0,2036,4,2037.0,22.0,0.0,0.0,2035.0,0.0
0,732100,KELP,2034.0,2.0,2033.0,27.0,0.0,0.0,2035,4,2037.0,29.0,0.0,0.0,2034.5,0.0
0,732200,KELP,2034.0,20.0,0.0,0.0,0.0,0.0,2037,20,0.0,0.0,0.0,0.0,2035.5,0.0
0,732300,KELP,2034.0,2.0,2033.0,29.0,0.0,0.0,2037,31,0.0,0.0,0.0,0.0,2035.5,0.0
0,732400,KELP,2033.0,25.0,0.0,0.0,0.0,0.0,2035,3,2037.0,25.0,0.0,0.0,2034.0,0.0
0,732500,KELP,2034.0,1.0,2033.0,28.0,0.0,0.0,2037,29,0.0,0.0,0.0,0.0,2035.5,0.0
0,732600,KELP,2033.0,30.0,0.0,0.0,0.0,0.0,2037,30,0.0,0.0,0.0,0.0,2035.0,0.0
0,732700,KELP,2033.0,26.0,0.0,0.0,0.0,0.0,2034,1,2037.0,26.0,0.0,0.0,2033.5,0.0
0,732800,KELP,2033.0,25.0,0.0,0.0,0.0,0.0,2037,25,0.0,0.0,0.0,0.0,2035.0,0.0
0,732900,KELP,2033.0,21.0,0.0,0.0,0.0,0.0,2035,7,2037.0,21.0,0.0,0.0,2034.0,0.0
0,733000,KELP,2036.0,1.0,2033.0,29.0,0.0,0.0,2037,29,0.0,0.0,0.0,0.0,2036.5,0.0
0,733100,KELP,2033.0,29.0,0.0,0.0,0.0,0.0,2035,6,2037.0,29.0,0.0,0.0,2034.0,0.0
0,733200,KELP,2033.0,29.0,0.0,0.0,0.0,0.0,2037,29,0.0,0.0,0.0,0.0,2035.0,0.0
0,733300,KELP,2033.0,20.0,0.0,0.0,0.0,0.0,2037,20,0.0,0.0,0.0,0.0,2035.0,0.0
0,733400,KELP,2035.0,6.0,2034.0,4.0,2033.0,21.0,2037,23,0.0,0.0,0.0,0.0,2036.0,0.0
0,733500,KELP,2033.0,25.0,0.0,0.0,0.0,0.0,2037,25,0.0,0.0,0.0,0.0,2035.0,0.0
0,733600,KELP,2033.0,22.0,0.0,0.0,0.0,0.0,2037,22,0.0,0.0,0.0,0.0,2035.0,0.0
0,733700,KELP,2033.0,26.0,0.0,0.0,0.0,0.0,2035,8,2037.0,26.0,0.0,0.0,2034.0,0.0
0,733800,KELP,2033.0,22.0,0.0,0.0,0.0,0.0,2035,1,2037.0,22.0,0.0,0.0,2034.0,0.0
0,733900,KELP,2033.0,24.0,0.0,0.0,0.0,0.0,2037,24,0.0,0.0,0.0,0.0,2035.0,0.0
0,734000,KELP,2035.0,6.0,2033.0,32.0,0.0,0.0,2037,32,0.0,0.0,0.0,0.0,2036.0,0.0
0,734100,KELP,2033.0,23.0,0.0,0.0,0.0,0.0,2037,23,0.0,0.0,0.0,0.0,2035.0,0.0
0,734200,KELP,2033.0,23.0,0.0,0.0,0.0,0.0,2035,3,2037.0,23.0,0.0,0.0,2034.0,0.0
0,734300,KELP,2033.0,30.0,0.0,0.0,0.0,0.0,2037,30,0.0,0.0,0.0,0.0,2035.0,0.0
0,734400,KELP,2033.0,21.0,0.0,0.0,0.0,0.0,2034,2,2037.0,21.0,0.0,0.0,2033.5,0.0
0,734500,KELP,2033.0,23.0,0.0,0.0,0.0,0.0,2037,23,0.0,0.0,0.0,0.0,2035.0,0.0
0,734600,KELP,2033.0,32.0,0.0,0.0,0.0,0.0,2036,31,0.0,0.0,0.0,0.0,2034.5,0.0
0,734700,KELP,2033.0,25.0,0.0,0.0,0.0,0.0,2035,5,2037.0,25.0,0.0,0.0,2034.0,0.0
0,734800,KELP,2033.0,20.0,0.0,0.0,0.0,0.0,2037,20,0.0,0.0,0.0,0.0,2035.0,0.0
0,734900,KELP,2033.0,27.0,0.0,0.0,0.0,0.0,2035,1,2036.0,27.0,0.0,0.0,2034.0,0.0
0,735000,KELP,2033.0,30.0,0.0,0.0,0.0,0.0,2036,2,2037.0,28.0,0.0,0.0,2034.5,0.0
0,735100,KELP,2033.0,25.0,0.0,0.0,0.0,0.0,2037,25,0.0,0.0,0.0,0.0,2035.0,0.0
0,735200,KELP,2035.0,3.0,2033.0,22.0,0.0,0.0,2036,1,2037.0,21.0,0.0,0.0,2035.5,0.0
0,735300,KELP,2033.0,30.0,0.0,0.0,0.0,0.0,2036,2,2037.0,28.0,0.0,0.0,2034.5,0.0
0,735400,KELP,2033.0,38.0,0.0,0.0,0.0,0.0,2036,32,0.0,0.0,0.0,0.0,2034.5,0.0
0,735500,KELP,2033.0,24.0,0.0,0.0,0.0,0.0,2036,24,0.0,0.0,0.0,0.0,2034.5,0.0
0,735600,KELP,2033.0,36.0,0.0,0.0,0.0,0.0,2036,32,0.0,0.0,0.0,0.0,2034.5,0.0
0,735700,KELP,2033.0,25.0,0.0,0.0,0.0,0.0,2035,2,2036.0,25.0,0.0,0.0,2034.0,0.0
0,735800,KELP,2033.0,24.0,0.0,0.0,0.0,0.0,2036,24,0.0,0.0,0.0,0.0,2034.5,0.0
0,735900,KELP,2035.0,1.0,2033.0,27.0,0.0,0.0,2036,27,0.0,0.0,0.0,0.0,2035.5,0.0
0,736000,KELP,2033.0,28.0,0.0,0.0,0.0,0.0,2036,28,0.0,0.0,0.0,0.0,2034.5,0.0
0,736100,KELP,2033.0,22.0,0.0,0.0,0.0,0.0,2034,6,2036.0,1.0,2037.0,21.0,2033.5,0.0
0,736200,KELP,2033.0,27.0,0.0,0.0,0.0,0.0,2036,27,0.0,0.0,0.0,0.0,2034.5,0.0
0,736300,KELP,2033.0,23.0,0.0,0.0,0.0,0.0,2036,23,0.0,0.0,0.0,0.0,2034.5,0.0
0,736400,KELP,2034.0,6.0,2033.0,23.0,0.0,0.0,2036,23,0.0,0.0,0.0,0.0,2035.0,0.0
0,736500,KELP,2034.0,9.0,2032.0,29.0,0.0,0.0,2036,29,0.0,0.0,0.0,0.0,2035.0,0.0
0,736600,KELP,2032.0,20.0,0.0,0.0,0.0,0.0,2036,20,0.0,0.0,0.0,0.0,2034.0,0.0
0,736700,KELP,2033.0,34.0,0.0,0.0,0.0,0.0,2036,30,0.0,0.0,0.0,0.0,2034.5,0.0
0,736800,KELP,2032.0,29.0,0.0,0.0,0.0,0.0,2036,29,0.0,0.0,0.0,0.0,2034.0,0.0
0,736900,KELP,2032.0,24.0,0.0,0.0,0.0,0.0,2036,24,0.0,0.0,0.0,0.0,2034.0,0.0
0,737000,KELP,2032.0,29.0,0.0,0.0,0.0,0.0,2035,29,0.0,0.0,0.0,0.0,2033.5,0.0
0,737100,KELP,2032.0,26.0,0.0,0.0,0.0,0.0,2035,1,2036.0,25.0,0.0,0.0,2033.5,0.0
0,737200,KELP,2034.0,1.0,2032.0,22.0,0.0,0.0,2035,22,0.0,0.0,0.0,0.0,2034.5,0.0
0,737300,KELP,2032.0,25.0,0.0,0.0,0.0,0.0,2035,2,2036.0,23.0,0.0,0.0,2033.5,0.0
0,737400,KELP,2033.0,8.0,2032.0,21.0,0.0,0.0,2036,21,0.0,0.0,0.0,0.0,2034.5,0.0
0,737500,KELP,2032.0,29.0,0.0,0.0,0.0,0.0,2034,3,2035.0,2.0,2036.0,27.0,2033.0,0.0
0,737600,KELP,2032.0,31.0,0.0,0.0,0.0,0.0,2035,2,2036.0,29.0,0.0,0.0,2033.5,0.0
0,737700,KELP,2032.0,28.0,0.0,0.0,0.0,0.0,2036,28,0.0,0.0,0.0,0.0,2034.0,0.0
0,737800,KELP,2035.0,1.0,2032.0,31.0,0.0,0.0,2036,31,0.0,0.0,0.0,0.0,2035.5,0.0
0,737900,KELP,2033.0,7.0,2032.0,32.0,0.0,0.0,2036,32,0.0,0.0,0.0,0.0,2034.5,0.0
0,738000,KELP,2033.0,28.0,0.0,0.0,0.0,0.0,2036,28,0.0,0.0,0.0,0.0,2034.5,0.0
0,738100,KELP,2033.0,23.0,0.0,0.0,0.0,0.0,2036,23,0.0,0.0,0.0,0.0,2034.5,0.0
0,738200,KELP,2033.0,30.0,0.0,0.0,0.0,0.0,2036,30,0.0,0.0,0.0,0.0,2034.5,0.0
0,738300,KELP,2033.0,22.0,0.0,0.0,0.0,0.0,2035,8,2036.0,23.0,0.0,0.0,2034.0,0.0
0,738400,KELP,2033.0,31.0,0.0,0.0,0.0,0.0,2035,3,2036.0,31.0,0.0,0.0,2034.0,0.0
0,738500,KELP,2033.0,26.0,0.0,0.0,0.0,0.0,2036,26,0.0,0.0,0.0,0.0,2034.5,0.0
0,738600,KELP,2033.0,29.0,0.0,0.0,0.0,0.0,2036,30,0.0,0.0,0.0,0.0,2034.5,0.0
0,738700,KELP,2033.0,25.0,0.0,0.0,0.0,0.0,2036,25,0.0,0.0,0.0,0.0,2034.5,0.0
0,738800,KELP,2033.0,27.0,0.0,0.0,0.0,0.0,2035,1,2036.0,27.0,0.0,0.0,2034.0,0.0
0,738900,KELP,2033.0,24.0,0.0,0.0,0.0,0.0,2037,24,0.0,0.0,0.0,0.0,2035.0,0.0
0,739000,KELP,2033.0,30.0,0.0,0.0,0.0,0.0,2037,30,0.0,0.0,0.0,0.0,2035.0,0.0
0,739100,KELP,2033.0,21.0,0.0,0.0,0.0,0.0,2037,21,0.0,0.0,0.0,0.0,2035.0,0.0
0,739200,KELP,2034.0,30.0,0.0,0.0,0.0,0.0,2036,4,2037.0,30.0,0.0,0.0,2035.0,0.0
0,739300,KELP,2034.0,1.0,2033.0,27.0,0.0,0.0,2037,28,0.0,0.0,0.0,0.0,2035.5,0.0
0,739400,KELP,2034.0,10.0,2033.0,21.0,0.0,0.0,2037,23,0.0,0.0,0.0,0.0,2035.5,0.0
0,739500,KELP,2034.0,2.0,2033.0,25.0,0.0,0.0,2036,7,2037.0,27.0,0.0,0.0,2035.0,0.0
0,739600,KELP,2033.0,23.0,0.0,0.0,0.0,0.0,2037,23,0.0,0.0,0.0,0.0,2035.0,0.0
0,739700,KELP,2033.0,30.0,0.0,0.0,0.0,0.0,2037,30,0.0,0.0,0.0,0.0,2035.0,0.0
0,739800,KELP,2035.0,3.0,2034.0,28.0,0.0,0.0,2036,5,2037.0,28.0,0.0,0.0,2035.5,0.0
0,739900,KELP,2034.0,2.0,2033.0,21.0,0.0,0.0,2037,23,0.0,0.0,0.0,0.0,2035.5,0.0
0,740000,KELP,2036.0,1.0,2034.0,32.0,0.0,0.0,2037,32,0.0,0.0,0.0,0.0,2036.5,0.0
0,740100,KELP,2036.0,1.0,2034.0,32.0,0.0,0.0,2037,32,0.0,0.0,0.0,0.0,2036.5,0.0
0,740200,KELP,2034.0,1.0,2033.0,20.0,0.0,0.0,2037,21,0.0,0.0,0.0,0.0,2035.5,0.0
0,740300,KELP,2036.0,1.0,2033.0,30.0,0.0,0.0,2037,30,0.0,0.0,0.0,0.0,2036.5,0.0
0,740400,KELP,2034.0,2.0,2033.0,25.0,0.0,0.0,2036,2,2037.0,27.0,0.0,0.0,2035.0,0.0
0,740500,KELP,2034.0,29.0,0.0,0.0,0.0,0.0,2037,25,0.0,0.0,0.0,0.0,2035.5,0.0
0,740600,KELP,2034.0,26.0,0.0,0.0,0.0,0.0,2037,27,0.0,0.0,0.0,0.0,2035.5,0.0
0,740700,KELP,2034.0,28.0,0.0,0.0,0.0,0.0,2037,28,0.0,0.0,0.0,0.0,2035.5,0.0
0,740800,KELP,2034.0,18.0,0.0,0.0,0.0,0.0,2037,22,0.0,0.0,0.0,0.0,2035.5,0.0
0,740900,KELP,2034.0,24.0,0.0,0.0,0.0,0.0,2037,24,0.0,0.0,0.0,0.0,2035.5,0.0
0,741000,KELP,2034.0,22.0,0.0,0.0,0.0,0.0,2037,22,0.0,0.0,0.0,0.0,2035.5,0.0
0,741100,KELP,2036.0,1.0,2034.0,22.0,0.0,0.0,2037,22,0.0,0.0,0.0,0.0,2036.5,0.0
0,741200,KELP,2034.0,30.0,0.0,0.0,0.0,0.0,2037,30,0.0,0.0,0.0,0.0,2035.5,0.0
0,741300,KELP,2034.0,22.0,0.0,0.0,0.0,0.0,2036,2,2037.0,22.0,0.0,0.0,2035.0,0.0
0,741400,KELP,2034.0,28.0,0.0,0.0,0.0,0.0,2037,28,0.0,0.0,0.0,0.0,2035.5,0.0
0,741500,KELP,2034.0,30.0,0.0,0.0,0.0,0.0,2036,3,2037.0,30.0,0.0,0.0,2035.0,0.0
0,741600,KELP,2034.0,25.0,0.0,0.0,0.0,0.0,2037,25,0.0,0.0,0.0,0.0,2035.5,0.0
0,741700,KELP,2036.0,1.0,2034.0,23.0,0.0,0.0,2037,23,0.0,0.0,0.0,0.0,2036.5,0.0
0,741800,KELP,2034.0,27.0,0.0,0.0,0.0,0.0,2037,27,0.0,0.0,0.0,0.0,2035.5,0.0
0,741900,KELP,2034.0,5.0,2033.0,29.0,0.0,0.0,2037,31,0.0,0.0,0.0,0.0,2035.5,0.0
0,742000,KELP,2034.0,3.0,2033.0,28.0,0.0,0.0,2037,29,0.0,0.0,0.0,0.0,2035.5,0.0
0,742100,KELP,2033.0,22.0,0.0,0.0,0.0,0.0,2037,22,0.0,0.0,0.0,0.0,2035.0,0.0
0,742200,KELP,2033.0,24.0,0.0,0.0,0.0,0.0,2036,24,0.0,0.0,0.0,0.0,2034.5,0.0
0,742300,KELP,2034.0,4.0,2033.0,27.0,0.0,0.0,2037,27,0.0,0.0,0.0,0.0,2035.5,0.0
0,742400,KELP,2033.0,27.0,0.0,0.0,0.0,0.0,2037,27,0.0,0.0,0.0,0.0,2035.0,0.0
0,742500,KELP,2034.0,4.0,2033.0,26.0,0.0,0.0,2036,2,2037.0,24.0,0.0,0.0,2035.0,0.0
0,742600,KELP,2033.0,22.0,0.0,0.0,0.0,0.0,2036,22,0.0,0.0,0.0,0.0,2034.5,0.0
0,742700,KELP,2033.0,30.0,0.0,0.0,0.0,0.0,2036,24,0.0,0.0,0.0,0.0,2034.5,0.0
0,742800,KELP,2033.0,35.0,0.0,0.0,0.0,0.0,2036,31,0.0,0.0,0.0,0.0,2034.5,0.0
0,742900,KELP,2033.0,28.0,0.0,0.0,0.0,0.0,2036,23,0.0,0.0,0.0,0.0,2034.5,0.0
0,743000,KELP,2033.0,27.0,0.0,0.0,0.0,0.0,2036,27,0.0,0.0,0.0,0.0,2034.5,0.0
0,743100,KELP,2033.0,26.0,0.0,0.0,0.0,0.0,2036,26,0.0,0.0,0.0,0.0,2034.5,0.0
0,743200,KELP,2033.0,27.0,0.0,0.0,0.0,0.0,2036,23,0.0,0.0,0.0,0.0,2034.5,0.0
0,743300,KELP,2035.0,1.0,2033.0,40.0,0.0,0.0,2036,32,0.0,0.0,0.0,0.0,2035.5,0.0
0,743400,KELP,2033.0,25.0,0.0,0.0,0.0,0.0,2034,4,2035.0,6.0,2036.0,25.0,2033.5,0.0
0,743500,KELP,2033.0,28.0,0.0,0.0,0.0,0.0,2036,28,0.0,0.0,0.0,0.0,2034.5,0.0
0,743600,KELP,2033.0,25.0,0.0,0.0,0.0,0.0,2036,22,0.0,0.0,0.0,0.0,2034.5,0.0
0,743700,KELP,2035.0,1.0,2033.0,3.0,2032.0,24.0,2036,25,0.0,0.0,0.0,0.0,2035.5,0.0
0,743800,KELP,2032.0,20.0,0.0,0.0,0.0,0.0,2034,5,2036.0,20.0,0.0,0.0,2033.0,0.0
0,743900,KELP,2033.0,2.0,2032.0,20.0,0.0,0.0,2036,22,0.0,0.0,0.0,0.0,2034.5,0.0
0,744000,KELP,2033.0,2.0,2032.0,21.0,0.0,0.0,2035,4,2036.0,23.0,0.0,0.0,2034.0,0.0
0,744100,KELP,2033.0,1.0,2032.0,26.0,0.0,0.0,2036,27,0.0,0.0,0.0,0.0,2034.5,0.0
0,744200,KELP,2035.0,1.0,2033.0,32.0,0.0,0.0,2036,32,0.0,0.0,0.0,0.0,2035.5,0.0
0,744300,KELP,2033.0,24.0,0.0,0.0,0.0,0.0,2036,24,0.0,0.0,0.0,0.0,2034.5,0.0
0,744400,KELP,2033.0,34.0,0.0,0.0,0.0,0.0,2036,28,0.0,0.0,0.0,0.0,2034.5,0.0
0,744500,KELP,2033.0,22.0,0.0,0.0,0.0,0.0,2036,22,0.0,0.0,0.0,0.0,2034.5,0.0
0,744600,KELP,2033.0,30.0,0.0,0.0,0.0,0.0,2036,30,0.0,0.0,0.0,0.0,2034.5,0.0
0,744700,KELP,2033.0,26.0,0.0,0.0,0.0,0.0,2036,26,0.0,0.0,0.0,0.0,2034.5,0.0
0,744800,KELP,2033.0,27.0,0.0,0.0,0.0,0.0,2036,27,0.0,0.0,0.0,0.0,2034.5,0.0
0,744900,KELP,2033.0,24.0,0.0,0.0,0.0,0.0,2036,23,0.0,0.0,0.0,0.0,2034.5,0.0
0,745000,KELP,2033.0,30.0,0.0,0.0,0.0,0.0,2035,7,2036.0,31.0,0.0,0.0,2034.0,0.0
0,745100,KELP,2034.0,5.0,2033.0,23.0,0.0,0.0,2036,23,0.0,0.0,0.0,0.0,2035.0,0.0
0,745200,KELP,2033.0,32.0,0.0,0.0,0.0,0.0,2036,32,0.0,0.0,0.0,0.0,2034.5,0.0
0,745300,KELP,2032.0,30.0,0.0,0.0,0.0,0.0,2036,30,0.0,0.0,0.0,0.0,2034.0,0.0
0,745400,KELP,2033.0,2.0,2032.0,31.0,0.0,0.0,2036,31,0.0,0.0,0.0,0.0,2034.5,0.0
0,745500,KELP,2033.0,1.0,2032.0,27.0,0.0,0.0,2036,28,0.0,0.0,0.0,0.0,2034.5,0.0
0,745600,KELP,2033.0,2.0,2032.0,20.0,0.0,0.0,2036,22,0.0,0.0,0.0,0.0,2034.5,0.0
0,745700,KELP,2033.0,26.0,0.0,0.0,0.0,0.0,2036,26,0.0,0.0,0.0,0.0,2034.5,0.0
0,745800,KELP,2035.0,2.0,2033.0,34.0,0.0,0.0,2036,29,0.0,0.0,0.0,0.0,2035.5,0.0
0,745900,KELP,2034.0,4.0,2033.0,29.0,0.0,0.0,2036,29,0.0,0.0,0.0,0.0,2035.0,0.0
0,746000,KELP,2033.0,25.0,0.0,0.0,0.0,0.0,2037,25,0.0,0.0,0.0,0.0,2035.0,0.0
0,746100,KELP,2033.0,29.0,0.0,0.0,0.0,0.0,2036,2,2037.0,27.0,0.0,0.0,2034.5,0.0
0,746200,KELP,2033.0,34.0,0.0,0.0,0.0,0.0,2036,30,0.0,0.0,0.0,0.0,2034.5,0.0
0,746300,KELP,2033.0,25.0,0.0,0.0,0.0,0.0,2034,3,2035.0,5.0,2036.0,2.0,2033.5,0.0
0,746400,KELP,2033.0,28.0,0.0,0.0,0.0,0.0,2035,4,2036.0,28.0,0.0,0.0,2034.0,0.0
0,746500,KELP,2033.0,25.0,0.0,0.0,0.0,0.0,2036,2,2037.0,23.0,0.0,0.0,2034.5,0.0
0,746600,KELP,2033.0,28.0,0.0,0.0,0.0,0.0,2037,28,0.0,0.0,0.0,0.0,2035.0,0.0
0,746700,KELP,2033.0,26.0,0.0,0.0,0.0,0.0,2036,26,0.0,0.0,0.0,0.0,2034.5,0.0
0,746800,KELP,2033.0,21.0,0.0,0.0,0.0,0.0,2034,3,2036.0,21.0,0.0,0.0,2033.5,0.0
0,746900,KELP,2033.0,23.0,0.0,0.0,0.0,0.0,2036,23,0.0,0.0,0.0,0.0,2034.5,0.0
0,747000,KELP,2035.0,2.0,2033.0,26.0,0.0,0.0,2036,26,0.0,0.0,0.0,0.0,2035.5,0.0
0,747100,KELP,2033.0,23.0,0.0,0.0,0.0,0.0,2036,1,2037.0,22.0,0.0,0.0,2034.5,0.0
0,747200,KELP,2035.0,1.0,2033.0,24.0,0.0,0.0,2037,24,0.0,0.0,0.0,0.0,2036.0,0.0
0,747300,KELP,2033.0,27.0,0.0,0.0,0.0,0.0,2037,28,0.0,0.0,0.0,0.0,2035.0,0.0
0,747400,KELP,2033.0,31.0,0.0,0.0,0.0,0.0,2034,5,2036.0,1.0,2037.0,30.0,2033.5,0.0
0,747500,KELP,2033.0,30.0,0.0,0.0,0.0,0.0,2035,1,2036.0,30.0,0.0,0.0,2034.0,0.0
0,747600,KELP,2034.0,4.0,2033.0,23.0,0.0,0.0,2035,1,2036.0,23.0,0.0,0.0,2034.5,0.0
0,747700,KELP,2034.0,8.0,2033.0,27.0,0.0,0.0,2036,2,2037.0,25.0,0.0,0.0,2035.0,0.0
0,747800,KELP,2033.0,24.0,0.0,0.0,0.0,0.0,2036,1,2037.0,23.0,0.0,0.0,2034.5,0.0
0,747900,KELP,2033.0,26.0,0.0,0.0,0.0,0.0,2036,26,0.0,0.0,0.0,0.0,2034.5,0.0
0,748000,KELP,2033.0,24.0,0.0,0.0,0.0,0.0,2036,1,2037.0,23.0,0.0,0.0,2034.5,0.0
0,748100,KELP,2033.0,30.0,0.0,0.0,0.0,0.0,2036,2,2037.0,28.0,0.0,0.0,2034.5,0.0
0,748200,KELP,2033.0,28.0,0.0,0.0,0.0,0.0,2037,28,0.0,0.0,0.0,0.0,2035.0,0.0
0,748300,KELP,2033.0,27.0,0.0,0.0,0.0,0.0,2037,27,0.0,0.0,0.0,0.0,2035.0,0.0
0,748400,KELP,2033.0,25.0,0.0,0.0,0.0,0.0,2037,25,0.0,0.0,0.0,0.0,2035.0,0.0
0,748500,KELP,2034.0,2.0,2033.0,27.0,0.0,0.0,2037,27,0.0,0.0,0.0,0.0,2035.5,0.0
0,748600,KELP,2033.0,21.0,0.0,0.0,0.0,0.0,2037,21,0.0,0.0,0.0,0.0,2035.0,0.0
0,748700,KELP,2033.0,24.0,0.0,0.0,0.0,0.0,2036,1,2037.0,23.0,0.0,0.0,2034.5,0.0
0,748800,KELP,2033.0,23.0,0.0,0.0,0.0,0.0,2037,23,0.0,0.0,0.0,0.0,2035.0,0.0
0,748900,KELP,2033.0,21.0,0.0,0.0,0.0,0.0,2037,21,0.0,0.0,0.0,0.0,2035.0,0.0
0,749000,KELP,2033.0,30.0,0.0,0.0,0.0,0.0,2036,1,2037.0,29.0,0.0,0.0,2034.5,0.0
0,749100,KELP,2033.0,28.0,0.0,0.0,0.0,0.0,2037,28,0.0,0.0,0.0,0.0,2035.0,0.0
0,749200,KELP,2033.0,24.0,0.0,0.0,0.0,0.0,2034,3,2037.0,24.0,0.0,0.0,2033.5,0.0
0,749300,KELP,2033.0,26.0,0.0,0.0,0.0,0.0,2037,26,0.0,0.0,0.0,0.0,2035.0,0.0
0,749400,KELP,2033.0,25.0,0.0,0.0,0.0,0.0,2036,1,2037.0,24.0,0.0,0.0,2034.5,0.0
0,749500,KELP,2033.0,26.0,0.0,0.0,0.0,0.0,2035,7,2036.0,26.0,0.0,0.0,2034.0,0.0
0,749600,KELP,2033.0,26.0,0.0,0.0,0.0,0.0,2036,1,2037.0,24.0,0.0,0.0,2034.5,0.0
0,749700,KELP,2033.0,23.0,0.0,0.0,0.0,0.0,2037,23,0.0,0.0,0.0,0.0,2035.0,0.0
0,749800,KELP,2033.0,22.0,0.0,0.0,0.0,0.0,2036,2,2037.0,20.0,0.0,0.0,2034.5,0.0
0,749900,KELP,2033.0,23.0,0.0,0.0,0.0,0.0,2036,23,0.0,0.0,0.0,0.0,2034.5,0.0
0,750000,KELP,2033.0,27.0,0.0,0.0,0.0,0.0,2036,27,0.0,0.0,0.0,0.0,2034.5,0.0
0,750100,KELP,2033.0,23.0,0.0,0.0,0.0,0.0,2036,23,0.0,0.0,0.0,0.0,2034.5,0.0
0,750200,KELP,2033.0,31.0,0.0,0.0,0.0,0.0,2036,31,0.0,0.0,0.0,0.0,2034.5,0.0
0,750300,KELP,2033.0,30.0,0.0,0.0,0.0,0.0,2036,1,2037.0,29.0,0.0,0.0,2034.5,0.0
0,750400,KELP,2035.0,1.0,2033.0,28.0,0.0,0.0,2037,28,0.0,0.0,0.0,0.0,2036.0,0.0
0,750500,KELP,2033.0,30.0,0.0,0.0,0.0,0.0,2036,30,0.0,0.0,0.0,0.0,2034.5,0.0
0,750600,KELP,2033.0,32.0,0.0,0.0,0.0,0.0,2036,31,0.0,0.0,0.0,0.0,2034.5,0.0
0,750700,KELP,2033.0,31.0,0.0,0.0,0.0,0.0,2036,31,0.0,0.0,0.0,0.0,2034.5,0.0
0,750800,KELP,2033.0,32.0,0.0,0.0,0.0,0.0,2036,32,0.0,0.0,0.0,0.0,2034.5,0.0
0,750900,KELP,2033.0,30.0,0.0,0.0,0.0,0.0,2036,30,0.0,0.0,0.0,0.0,2034.5,0.0
0,751000,KELP,2033.0,30.0,0.0,0.0,0.0,0.0,2036,22,0.0,0.0,0.0,0.0,2034.5,0.0
0,751100,KELP,2033.0,23.0,0.0,0.0,0.0,0.0,2036,23,0.0,0.0,0.0,0.0,2034.5,0.0
0,751200,KELP,2033.0,23.0,0.0,0.0,0.0,0.0,2036,22,0.0,0.0,0.0,0.0,2034.5,0.0
0,751300,KELP,2033.0,22.0,0.0,0.0,0.0,0.0,2035,6,2036.0,22.0,0.0,0.0,2034.0,0.0
0,751400,KELP,2033.0,24.0,0.0,0.0,0.0,0.0,2036,25,0.0,0.0,0.0,0.0,2034.5,0.0
0,751500,KELP,2033.0,29.0,0.0,0.0,0.0,0.0,2036,29,0.0,0.0,0.0,0.0,2034.5,0.0
0,751600,KELP,2033.0,37.0,0.0,0.0,0.0,0.0,2036,31,0.0,0.0,0.0,0.0,2034.5,0.0
0,751700,KELP,2033.0,27.0,0.0,0.0,0.0,0.0,2036,27,0.0,0.0,0.0,0.0,2034.5,0.0
0,751800,KELP,2033.0,26.0,0.0,0.0,0.0,0.0,2036,26,0.0,0.0,0.0,0.0,2034.5,0.0
0,751900,KELP,2033.0,22.0,0.0,0.0,0.0,0.0,2035,2,2036.0,22.0,0.0,0.0,2034.0,0.0
0,752000,KELP,2033.0,25.0,0.0,0.0,0.0,0.0,2035,6,2036.0,25.0,0.0,0.0,2034.0,0.0
0,752100,KELP,2033.0,16.0,0.0,0.0,0.0,0.0,2036,25,0.0,0.0,0.0,0.0,2034.5,0.0
0,752200,KELP,2033.0,24.0,0.0,0.0,0.0,0.0,2036,24,0.0,0.0,0.0,0.0,2034.5,0.0
0,752300,KELP,2033.0,28.0,0.0,0.0,0.0,0.0,2036,1,2037.0,27.0,0.0,0.0,2034.5,0.0
0,752400,KELP,2033.0,23.0,0.0,0.0,0.0,0.0,2036,23,0.0,0.0,0.0,0.0,2034.5,0.0
0,752500,KELP,2033.0,24.0,0.0,0.0,0.0,0.0,2036,24,0.0,0.0,0.0,0.0,2034.5,0.0
0,752600,KELP,2033.0,29.0,0.0,0.0,0.0,0.0,2036,2,2037.0,27.0,0.0,0.0,2034.5,0.0
0,752700,KELP,2033.0,25.0,0.0,0.0,0.0,0.0,2034,4,2036.0,2.0,2037.0,23.0,2033.5,0.0
0,752800,KELP,2033.0,27.0,0.0,0.0,0.0,0.0,2037,27,0.0,0.0,0.0,0.0,2035.0,0.0
0,752900,KELP,2033.0,21.0,0.0,0.0,0.0,0.0,2035,8,2036.0,21.0,0.0,0.0,2034.0,0.0
0,753000,KELP,2033.0,35.0,0.0,0.0,0.0,0.0,2036,28,0.0,0.0,0.0,0.0,2034.5,0.0
0,753100,KELP,2033.0,24.0,0.0,0.0,0.0,0.0,2036,24,0.0,0.0,0.0,0.0,2034.5,0.0
0,753200,KELP,2033.0,23.0,0.0,0.0,0.0,0.0,2037,23,0.0,0.0,0.0,0.0,2035.0,0.0
0,753300,KELP,2033.0,20.0,0.0,0.0,0.0,0.0,2036,20,0.0,0.0,0.0,0.0,2034.5,0.0
0,753400,KELP,2033.0,28.0,0.0,0.0,0.0,0.0,2036,28,0.0,0.0,0.0,0.0,2034.5,0.0
0,753500,KELP,2033.0,20.0,0.0,0.0,0.0,0.0,2035,6,2036.0,20.0,0.0,0.0,2034.0,0.0
0,753600,KELP,2033.0,25.0,0.0,0.0,0.0,0.0,2034,4,2036.0,25.0,0.0,0.0,2033.5,0.0
0,753700,KELP,2033.0,28.0,0.0,0.0,0.0,0.0,2036,28,0.0,0.0,0.0,0.0,2034.5,0.0
0,753800,KELP,2033.0,20.0,0.0,0.0,0.0,0.0,2036,20,0.0,0.0,0.0,0.0,2034.5,0.0
0,753900,KELP,2034.0,3.0,2033.0,25.0,0.0,0.0,2036,25,0.0,0.0,0.0,0.0,2035.0,0.0
0,754000,KELP,2033.0,30.0,0.0,0.0,0.0,0.0,2036,26,0.0,0.0,0.0,0.0,2034.5,0.0
0,754100,KELP,2033.0,21.0,0.0,0.0,0.0,0.0,2036,22,0.0,0.0,0.0,0.0,2034.5,0.0
0,754200,KELP,2033.0,6.0,2032.0,31.0,0.0,0.0,2036,31,0.0,0.0,0.0,0.0,2034.5,0.0
0,754300,KELP,2035.0,1.0,2033.0,28.0,0.0,0.0,2036,23,0.0,0.0,0.0,0.0,2035.5,0.0
0,754400,KELP,2033.0,2.0,2032.0,22.0,0.0,0.0,2036,24,0.0,0.0,0.0,0.0,2034.5,0.0
0,754500,KELP,2033.0,23.0,0.0,0.0,0.0,0.0,2035,3,2036.0,23.0,0.0,0.0,2034.0,0.0
0,754600,KELP,2033.0,25.0,0.0,0.0,0.0,0.0,2036,25,0.0,0.0,0.0,0.0,2034.5,0.0
0,754700,KELP,2033.0,22.0,0.0,0.0,0.0,0.0,2036,22,0.0,0.0,0.0,0.0,2034.5,0.0
0,754800,KELP,2033.0,26.0,0.0,0.0,0.0,0.0,2036,26,0.0,0.0,0.0,0.0,2034.5,0.0
0,754900,KELP,2033.0,27.0,0.0,0.0,0.0,0.0,2036,27,0.0,0.0,0.0,0.0,2034.5,0.0
0,755000,KELP,2035.0,1.0,2033.0,39.0,0.0,0.0,2036,31,0.0,0.0,0.0,0.0,2035.5,0.0
0,755100,KELP,2033.0,25.0,0.0,0.0,0.0,0.0,2035,1,2036.0,25.0,0.0,0.0,2034.0,0.0
0,755200,KELP,2033.0,28.0,0.0,0.0,0.0,0.0,2036,28,0.0,0.0,0.0,0.0,2034.5,0.0
0,755300,KELP,2033.0,1.0,2032.0,20.0,0.0,0.0,2036,21,0.0,0.0,0.0,0.0,2034.5,0.0
0,755400,KELP,2033.0,26.0,0.0,0.0,0.0,0.0,2036,26,0.0,0.0,0.0,0.0,2034.5,0.0
0,755500,KELP,2033.0,29.0,0.0,0.0,0.0,0.0,2036,29,0.0,0.0,0.0,0.0,2034.5,0.0
0,755600,KELP,2033.0,29.0,0.0,0.0,0.0,0.0,2036,25,0.0,0.0,0.0,0.0,2034.5,0.0
0,755700,KELP,2033.0,30.0,0.0,0.0,0.0,0.0,2036,30,0.0,0.0,0.0,0.0,2034.5,0.0
0,755800,KELP,2033.0,24.0,0.0,0.0,0.0,0.0,2034,4,2036.0,24.0,0.0,0.0,2033.5,0.0
0,755900,KELP,2033.0,30.0,0.0,0.0,0.0,0.0,2036,30,0.0,0.0,0.0,0.0,2034.5,0.0
0,756000,KELP,2033.0,27.0,0.0,0.0,0.0,0.0,2036,27,0.0,0.0,0.0,0.0,2034.5,0.0
0,756100,KELP,2035.0,1.0,2033.0,25.0,0.0,0.0,2036,25,0.0,0.0,0.0,0.0,2035.5,0.0
0,756200,KELP,2033.0,35.0,0.0,0.0,0.0,0.0,2036,31,0.0,0.0,0.0,0.0,2034.5,0.0
0,756300,KELP,2033.0,29.0,0.0,0.0,0.0,0.0,2036,29,0.0,0.0,0.0,0.0,2034.5,0.0
0,756400,KELP,2033.0,20.0,0.0,0.0,0.0,0.0,2036,20,0.0,0.0,0.0,0.0,2034.5,0.0
0,756500,KELP,2035.0,3.0,2033.0,29.0,0.0,0.0,2036,29,0.0,0.0,0.0,0.0,2035.5,0.0
0,756600,KELP,2033.0,22.0,0.0,0.0,0.0,0.0,2035,1,2036.0,23.0,0.0,0.0,2034.0,0.0
0,756700,KELP,2033.0,23.0,0.0,0.0,0.0,0.0,2036,23,0.0,0.0,0.0,0.0,2034.5,0.0
0,756800,KELP,2033.0,28.0,0.0,0.0,0.0,0.0,2036,28,0.0,0.0,0.0,0.0,2034.5,0.0
0,756900,KELP,2035.0,8.0,2033.0,24.0,0.0,0.0,2036,24,0.0,0.0,0.0,0.0,2035.5,0.0
0,757000,KELP,2034.0,2.0,2033.0,21.0,0.0,0.0,2035,3,2036.0,21.0,0.0,0.0,2034.5,0.0
0,757100,KELP,2035.0,1.0,2033.0,27.0,0.0,0.0,2036,23,0.0,0.0,0.0,0.0,2035.5,0.0
0,757200,KELP,2033.0,25.0,0.0,0.0,0.0,0.0,2036,25,0.0,0.0,0.0,0.0,2034.5,0.0
0,757300,KELP,2035.0,7.0,2033.0,23.0,0.0,0.0,2036,23,0.0,0.0,0.0,0.0,2035.5,0.0
0,757400,KELP,2035.0,1.0,2034.0,6.0,2033.0,28.0,2036,28,0.0,0.0,0.0,0.0,2035.5,0.0
0,757500,KELP,2033.0,23.0,0.0,0.0,0.0,0.0,2034,6,2035.0,5.0,2036.0,23.0,2033.5,0.0
0,757600,KELP,2033.0,23.0,0.0,0.0,0.0,0.0,2036,24,0.0,0.0,0.0,0.0,2034.5,0.0
0,757700,KELP,2033.0,30.0,0.0,0.0,0.0,0.0,2036,30,0.0,0.0,0.0,0.0,2034.5,0.0
0,757800,KELP,2033.0,27.0,0.0,0.0,0.0,0.0,2035,8,2036.0,27.0,0.0,0.0,2034.0,0.0
0,757900,KELP,2033.0,28.0,0.0,0.0,0.0,0.0,2035,2,2036.0,28.0,0.0,0.0,2034.0,0.0
0,758000,KELP,2033.0,21.0,0.0,0.0,0.0,0.0,2036,21,0.0,0.0,0.0,0.0,2034.5,0.0
0,758100,KELP,2033.0,25.0,0.0,0.0,0.0,0.0,2035,6,2036.0,25.0,0.0,0.0,2034.0,0.0
0,758200,KELP,2035.0,1.0,2033.0,31.0,0.0,0.0,2036,31,0.0,0.0,0.0,0.0,2035.5,0.0
0,758300,KELP,2033.0,21.0,0.0,0.0,0.0,0.0,2036,21,0.0,0.0,0.0,0.0,2034.5,0.0
0,758400,KELP,2033.0,24.0,0.0,0.0,0.0,0.0,2036,24,0.0,0.0,0.0,0.0,2034.5,0.0
0,758500,KELP,2033.0,30.0,0.0,0.0,0.0,0.0,2035,7,2036.0,30.0,0.0,0.0,2034.0,0.0
0,758600,KELP,2033.0,32.0,0.0,0.0,0.0,0.0,2036,32,0.0,0.0,0.0,0.0,2034.5,0.0
0,758700,KELP,2033.0,27.0,0.0,0.0,0.0,0.0,2036,27,0.0,0.0,0.0,0.0,2034.5,0.0
0,758800,KELP,2033.0,28.0,0.0,0.0,0.0,0.0,2036,28,0.0,0.0,0.0,0.0,2034.5,0.0
0,758900,KELP,2033.0,23.0,0.0,0.0,0.0,0.0,2036,23,0.0,0.0,0.0,0.0,2034.5,0.0
0,759000,KELP,2033.0,31.0,0.0,0.0,0.0,0.0,2035,6,2036.0,31.0,0.0,0.0,2034.0,0.0
0,759100,KELP,2033.0,26.0,0.0,0.0,0.0,0.0,2035,4,2036.0,32.0,0.0,0.0,2034.0,0.0
0,759200,KELP,2033.0,20.0,0.0,0.0,0.0,0.0,2036,20,0.0,0.0,0.0,0.0,2034.5,0.0
0,759300,KELP,2035.0,1.0,2033.0,23.0,0.0,0.0,2036,23,0.0,0.0,0.0,0.0,2035.5,0.0
0,759400,KELP,2033.0,30.0,0.0,0.0,0.0,0.0,2036,25,0.0,0.0,0.0,0.0,2034.5,0.0
0,759500,KELP,2035.0,3.0,2033.0,26.0,0.0,0.0,2036,26,0.0,0.0,0.0,0.0,2035.5,0.0
0,759600,KELP,2033.0,21.0,0.0,0.0,0.0,0.0,2036,21,0.0,0.0,0.0,0.0,2034.5,0.0
0,759700,KELP,2033.0,31.0,0.0,0.0,0.0,0.0,2036,30,0.0,0.0,0.0,0.0,2034.5,0.0
0,759800,KELP,2033.0,26.0,0.0,0.0,0.0,0.0,2036,26,0.0,0.0,0.0,0.0,2034.5,0.0
0,759900,KELP,2033.0,33.0,0.0,0.0,0.0,0.0,2036,29,0.0,0.0,0.0,0.0,2034.5,0.0
0,760000,KELP,2033.0,21.0,0.0,0.0,0.0,0.0,2036,21,0.0,0.0,0.0,0.0,2034.5,0.0
0,760100,KELP,2033.0,29.0,0.0,0.0,0.0,0.0,2036,29,0.0,0.0,0.0,0.0,2034.5,0.0
0,760200,KELP,2034.0,5.0,2033.0,28.0,0.0,0.0,2036,28,0.0,0.0,0.0,0.0,2035.0,0.0
0,760300,KELP,2033.0,34.0,0.0,0.0,0.0,0.0,2036,27,0.0,0.0,0.0,0.0,2034.5,0.0
0,760400,KELP,2033.0,32.0,0.0,0.0,0.0,0.0,2036,32,0.0,0.0,0.0,0.0,2034.5,0.0
0,760500,KELP,2033.0,30.0,0.0,0.0,0.0,0.0,2036,30,0.0,0.0,0.0,0.0,2034.5,0.0
0,760600,KELP,2033.0,31.0,0.0,0.0,0.0,0.0,2036,31,0.0,0.0,0.0,0.0,2034.5,0.0
0,760700,KELP,2033.0,27.0,0.0,0.0,0.0,0.0,2036,27,0.0,0.0,0.0,0.0,2034.5,0.0
0,760800,KELP,2033.0,23.0,0.0,0.0,0.0,0.0,2036,23,0.0,0.0,0.0,0.0,2034.5,0.0
0,760900,KELP,2033.0,30.0,0.0,0.0,0.0,0.0,2036,30,0.0,0.0,0.0,0.0,2034.5,0.0
0,761000,KELP,2033.0,25.0,0.0,0.0,0.0,0.0,2036,25,0.0,0.0,0.0,0.0,2034.5,0.0
0,761100,KELP,2033.0,30.0,0.0,0.0,0.0,0.0,2036,30,0.0,0.0,0.0,0.0,2034.5,0.0
0,761200,KELP,2033.0,30.0,0.0,0.0,0.0,0.0,2035,5,2036.0,2.0,2037.0,28.0,2034.0,0.0
0,761300,KELP,2034.0,3.0,2033.0,29.0,0.0,0.0,2037,29,0.0,0.0,0.0,0.0,2035.5,0.0
0,761400,KELP,2033.0,28.0,0.0,0.0,0.0,0.0,2037,28,0.0,0.0,0.0,0.0,2035.0,0.0
0,761500,KELP,2033.0,21.0,0.0,0.0,0.0,0.0,2036,26,0.0,0.0,0.0,0.0,2034.5,0.0
0,761600,KELP,2033.0,27.0,0.0,0.0,0.0,0.0,2036,28,0.0,0.0,0.0,0.0,2034.5,0.0
0,761700,KELP,2033.0,22.0,0.0,0.0,0.0,0.0,2036,23,0.0,0.0,0.0,0.0,2034.5,0.0
0,761800,KELP,2033.0,23.0,0.0,0.0,0.0,0.0,2035,1,2036.0,23.0,0.0,0.0,2034.0,0.0
0,761900,KELP,2033.0,27.0,0.0,0.0,0.0,0.0,2036,27,0.0,0.0,0.0,0.0,2034.5,0.0
0,762000,KELP,2033.0,23.0,0.0,0.0,0.0,0.0,2036,23,0.0,0.0,0.0,0.0,2034.5,0.0
0,762100,KELP,2034.0,5.0,2033.0,23.0,0.0,0.0,2036,23,0.0,0.0,0.0,0.0,2035.0,0.0
0,762200,KELP,2033.0,16.0,0.0,0.0,0.0,0.0,2034,6,2036.0,25.0,0.0,0.0,2033.5,0.0
0,762300,KELP,2033.0,27.0,0.0,0.0,0.0,0.0,2036,27,0.0,0.0,0.0,0.0,2034.5,0.0
0,762400,KELP,2033.0,24.0,0.0,0.0,0.0,0.0,2036,30,0.0,0.0,0.0,0.0,2034.5,0.0
0,762500,KELP,2033.0,27.0,0.0,0.0,0.0,0.0,2036,24,0.0,0.0,0.0,0.0,2034.5,0.0
0,762600,KELP,2033.0,29.0,0.0,0.0,0.0,0.0,2036,29,0.0,0.0,0.0,0.0,2034.5,0.0
0,762700,KELP,2033.0,26.0,0.0,0.0,0.0,0.0,2036,24,0.0,0.0,0.0,0.0,2034.5,0.0
0,762800,KELP,2033.0,25.0,0.0,0.0,0.0,0.0,2036,26,0.0,0.0,0.0,0.0,2034.5,0.0
0,762900,KELP,2033.0,28.0,0.0,0.0,0.0,0.0,2036,28,0.0,0.0,0.0,0.0,2034.5,0.0
0,763000,KELP,2033.0,28.0,0.0,0.0,0.0,0.0,2035,4,2036.0,28.0,0.0,0.0,2034.0,0.0
0,763100,KELP,2033.0,27.0,0.0,0.0,0.0,0.0,2035,4,2036.0,27.0,0.0,0.0,2034.0,0.0
0,763200,KELP,2033.0,22.0,0.0,0.0,0.0,0.0,2035,8,2036.0,22.0,0.0,0.0,2034.0,0.0
0,763300,KELP,2033.0,27.0,0.0,0.0,0.0,0.0,2035,1,2036.0,27.0,0.0,0.0,2034.0,0.0
0,763400,KELP,2033.0,27.0,0.0,0.0,0.0,0.0,2036,27,0.0,0.0,0.0,0.0,2034.5,0.0
0,763500,KELP,2033.0,29.0,0.0,0.0,0.0,0.0,2036,26,0.0,0.0,0.0,0.0,2034.5,0.0
0,763600,KELP,2033.0,25.0,0.0,0.0,0.0,0.0,2036,25,0.0,0.0,0.0,0.0,2034.5,0.0
0,763700,KELP,2033.0,20.0,0.0,0.0,0.0,0.0,2036,25,0.0,0.0,0.0,0.0,2034.5,0.0
0,763800,KELP,2033.0,31.0,0.0,0.0,0.0,0.0,2036,31,0.0,0.0,0.0,0.0,2034.5,0.0
0,763900,KELP,2033.0,32.0,0.0,0.0,0.0,0.0,2036,32,0.0,0.0,0.0,0.0,2034.5,0.0
0,764000,KELP,2033.0,27.0,0.0,0.0,0.0,0.0,2036,27,0.0,0.0,0.0,0.0,2034.5,0.0
0,764100,KELP,2033.0,27.0,0.0,0.0,0.0,0.0,2036,27,0.0,0.0,0.0,0.0,2034.5,0.0
0,764200,KELP,2033.0,26.0,0.0,0.0,0.0,0.0,2037,27,0.0,0.0,0.0,0.0,2035.0,0.0
0,764300,KELP,2033.0,29.0,0.0,0.0,0.0,0.0,2035,4,2036.0,1.0,2037.0,28.0,2034.0,0.0
0,764400,KELP,2033.0,22.0,0.0,0.0,0.0,0.0,2037,22,0.0,0.0,0.0,0.0,2035.0,0.0
0,764500,KELP,2033.0,25.0,0.0,0.0,0.0,0.0,2035,6,2036.0,2.0,2037.0,24.0,2034.0,0.0
0,764600,KELP,2033.0,30.0,0.0,0.0,0.0,0.0,2036,2,2037.0,28.0,0.0,0.0,2034.5,0.0
0,764700,KELP,2033.0,23.0,0.0,0.0,0.0,0.0,2036,1,2037.0,22.0,0.0,0.0,2034.5,0.0
0,764800,KELP,2034.0,3.0,2033.0,27.0,0.0,0.0,2036,1,2037.0,26.0,0.0,0.0,2035.0,0.0
0,764900,KELP,2033.0,24.0,0.0,0.0,0.0,0.0,2035,2,2036.0,24.0,0.0,0.0,2034.0,0.0
0,765000,KELP,2033.0,25.0,0.0,0.0,0.0,0.0,2036,1,2037.0,24.0,0.0,0.0,2034.5,0.0
0,765100,KELP,2033.0,28.0,0.0,0.0,0.0,0.0,2036,1,2037.0,27.0,0.0,0.0,2034.5,0.0
0,765200,KELP,2033.0,28.0,0.0,0.0,0.0,0.0,2037,28,0.0,0.0,0.0,0.0,2035.0,0.0
0,765300,KELP,2033.0,29.0,0.0,0.0,0.0,0.0,2036,1,2037.0,28.0,0.0,0.0,2034.5,0.0
0,765400,KELP,2033.0,32.0,0.0,0.0,0.0,0.0,2037,32,0.0,0.0,0.0,0.0,2035.0,0.0
0,765500,KELP,2033.0,25.0,0.0,0.0,0.0,0.0,2036,1,2037.0,24.0,0.0,0.0,2034.5,0.0
0,765600,KELP,2033.0,23.0,0.0,0.0,0.0,0.0,2036,2,2037.0,22.0,0.0,0.0,2034.5,0.0
0,765700,KELP,2033.0,34.0,0.0,0.0,0.0,0.0,2034,2,2036.0,31.0,0.0,0.0,2033.5,0.0
0,765800,KELP,2033.0,30.0,0.0,0.0,0.0,0.0,2035,5,2036.0,30.0,0.0,0.0,2034.0,0.0
0,765900,KELP,2033.0,23.0,0.0,0.0,0.0,0.0,2036,24,0.0,0.0,0.0,0.0,2034.5,0.0
0,766000,KELP,2033.0,22.0,0.0,0.0,0.0,0.0,2035,6,2036.0,22.0,0.0,0.0,2034.0,0.0
0,766100,KELP,2033.0,31.0,0.0,0.0,0.0,0.0,2036,31,0.0,0.0,0.0,0.0,2034.5,0.0
0,766200,KELP,2033.0,31.0,0.0,0.0,0.0,0.0,2036,31,0.0,0.0,0.0,0.0,2034.5,0.0
0,766300,KELP,2033.0,20.0,0.0,0.0,0.0,0.0,2036,20,0.0,0.0,0.0,0.0,2034.5,0.0
0,766400,KELP,2034.0,4.0,2033.0,26.0,0.0,0.0,2035,2,2036.0,26.0,0.0,0.0,2034.5,0.0
0,766500,KELP,2033.0,32.0,0.0,0.0,0.0,0.0,2036,32,0.0,0.0,0.0,0.0,2034.5,0.0
0,766600,KELP,2033.0,26.0,0.0,0.0,0.0,0.0,2036,24,0.0,0.0,0.0,0.0,2034.5,0.0
0,766700,KELP,2033.0,29.0,0.0,0.0,0.0,0.0,2036,29,0.0,0.0,0.0,0.0,2034.5,0.0
0,766800,KELP,2033.0,23.0,0.0,0.0,0.0,0.0,2036,23,0.0,0.0,0.0,0.0,2034.5,0.0
0,766900,KELP,2033.0,23.0,0.0,0.0,0.0,0.0,2036,23,0.0,0.0,0.0,0.0,2034.5,0.0
0,767000,KELP,2033.0,20.0,0.0,0.0,0.0,0.0,2036,20,0.0,0.0,0.0,0.0,2034.5,0.0
0,767100,KELP,2033.0,2.0,2032.0,21.0,0.0,0.0,2035,2,2036.0,23.0,0.0,0.0,2034.0,0.0
0,767200,KELP,2033.0,1.0,2032.0,28.0,0.0,0.0,2036,29,0.0,0.0,0.0,0.0,2034.5,0.0
0,767300,KELP,2032.0,27.0,0.0,0.0,0.0,0.0,2036,28,0.0,0.0,0.0,0.0,2034.0,0.0
0,767400,KELP,2033.0,28.0,0.0,0.0,0.0,0.0,2036,28,0.0,0.0,0.0,0.0,2034.5,0.0
0,767500,KELP,2033.0,24.0,0.0,0.0,0.0,0.0,2036,24,0.0,0.0,0.0,0.0,2034.5,0.0
0,767600,KELP,2033.0,2.0,2032.0,28.0,0.0,0.0,2036,30,0.0,0.0,0.0,0.0,2034.5,0.0
0,767700,KELP,2032.0,26.0,0.0,0.0,0.0,0.0,2036,26,0.0,0.0,0.0,0.0,2034.0,0.0
0,767800,KELP,2033.0,2.0,2032.0,21.0,0.0,0.0,2036,22,0.0,0.0,0.0,0.0,2034.5,0.0
0,767900,KELP,2032.0,31.0,0.0,0.0,0.0,0.0,2036,31,0.0,0.0,0.0,0.0,2034.0,0.0
0,768000,KELP,2032.0,24.0,0.0,0.0,0.0,0.0,2036,24,0.0,0.0,0.0,0.0,2034.0,0.0
0,768100,KELP,2032.0,24.0,0.0,0.0,0.0,0.0,2035,24,0.0,0.0,0.0,0.0,2033.5,0.0
0,768200,KELP,2032.0,27.0,0.0,0.0,0.0,0.0,2035,28,0.0,0.0,0.0,0.0,2033.5,0.0
0,768300,KELP,2032.0,30.0,0.0,0.0,0.0,0.0,2035,30,0.0,0.0,0.0,0.0,2033.5,0.0
0,768400,KELP,2032.0,23.0,0.0,0.0,0.0,0.0,2035,23,0.0,0.0,0.0,0.0,2033.5,0.0
0,768500,KELP,2032.0,29.0,0.0,0.0,0.0,0.0,2035,29,0.0,0.0,0.0,0.0,2033.5,0.0
0,768600,KELP,2032.0,30.0,0.0,0.0,0.0,0.0,2035,1,2036.0,29.0,0.0,0.0,2033.5,0.0
0,768700,KELP,2032.0,30.0,0.0,0.0,0.0,0.0,2034,5,2035.0,1.0,2036.0,29.0,2033.0,0.0
0,768800,KELP,2034.0,1.0,2032.0,24.0,0.0,0.0,2035,24,0.0,0.0,0.0,0.0,2034.5,0.0
0,768900,KELP,2032.0,29.0,0.0,0.0,0.0,0.0,2035,22,0.0,0.0,0.0,0.0,2033.5,0.0
0,769000,KELP,2032.0,27.0,0.0,0.0,0.0,0.0,2036,27,0.0,0.0,0.0,0.0,2034.0,0.0
0,769100,KELP,2032.0,24.0,0.0,0.0,0.0,0.0,2036,24,0.0,0.0,0.0,0.0,2034.0,0.0
0,769200,KELP,2032.0,27.0,0.0,0.0,0.0,0.0,2036,27,0.0,0.0,0.0,0.0,2034.0,0.0
0,769300,KELP,2034.0,1.0,2032.0,28.0,0.0,0.0,2036,28,0.0,0.0,0.0,0.0,2035.0,0.0
0,769400,KELP,2033.0,4.0,2032.0,23.0,0.0,0.0,2036,23,0.0,0.0,0.0,0.0,2034.5,0.0
0,769500,KELP,2032.0,29.0,0.0,0.0,0.0,0.0,2036,29,0.0,0.0,0.0,0.0,2034.0,0.0
0,769600,KELP,2033.0,7.0,2032.0,21.0,0.0,0.0,2036,21,0.0,0.0,0.0,0.0,2034.5,0.0
0,769700,KELP,2034.0,4.0,2032.0,24.0,0.0,0.0,2036,24,0.0,0.0,0.0,0.0,2035.0,0.0
0,769800,KELP,2035.0,1.0,2032.0,24.0,0.0,0.0,2036,24,0.0,0.0,0.0,0.0,2035.5,0.0
0,769900,KELP,2032.0,27.0,0.0,0.0,0.0,0.0,2036,27,0.0,0.0,0.0,0.0,2034.0,0.0
0,770000,KELP,2032.0,23.0,0.0,0.0,0.0,0.0,2036,23,0.0,0.0,0.0,0.0,2034.0,0.0
0,770100,KELP,2032.0,23.0,0.0,0.0,0.0,0.0,2036,23,0.0,0.0,0.0,0.0,2034.0,0.0
0,770200,KELP,2032.0,23.0,0.0,0.0,0.0,0.0,2034,2,2036.0,23.0,0.0,0.0,2033.0,0.0
0,770300,KELP,2032.0,32.0,0.0,0.0,0.0,0.0,2036,32,0.0,0.0,0.0,0.0,2034.0,0.0
0,770400,KELP,2033.0,2.0,2032.0,30.0,0.0,0.0,2036,32,0.0,0.0,0.0,0.0,2034.5,0.0
0,770500,KELP,2033.0,1.0,2032.0,25.0,0.0,0.0,2036,26,0.0,0.0,0.0,0.0,2034.5,0.0
0,770600,KELP,2033.0,2.0,2032.0,20.0,0.0,0.0,2036,22,0.0,0.0,0.0,0.0,2034.5,0.0
0,770700,KELP,2032.0,23.0,0.0,0.0,0.0,0.0,2036,23,0.0,0.0,0.0,0.0,2034.0,0.0
0,770800,KELP,2032.0,27.0,0.0,0.0,0.0,0.0,2034,2,2036.0,27.0,0.0,0.0,2033.0,0.0
0,770900,KELP,2032.0,22.0,0.0,0.0,0.0,0.0,2036,22,0.0,0.0,0.0,0.0,2034.0,0.0
0,771000,KELP,2033.0,1.0,2032.0,21.0,0.0,0.0,2036,23,0.0,0.0,0.0,0.0,2034.5,0.0
0,771100,KELP,2033.0,4.0,2032.0,29.0,0.0,0.0,2036,29,0.0,0.0,0.0,0.0,2034.5,0.0
0,771200,KELP,2033.0,4.0,2032.0,22.0,0.0,0.0,2036,22,0.0,0.0,0.0,0.0,2034.5,0.0
0,771300,KELP,2033.0,6.0,2032.0,27.0,0.0,0.0,2036,27,0.0,0.0,0.0,0.0,2034.5,0.0
0,771400,KELP,2032.0,23.0,0.0,0.0,0.0,0.0,2036,23,0.0,0.0,0.0,0.0,2034.0,0.0
0,771500,KELP,2035.0,1.0,2032.0,28.0,0.0,0.0,2036,28,0.0,0.0,0.0,0.0,2035.5,0.0
0,771600,KELP,2034.0,6.0,2033.0,4.0,2032.0,25.0,2036,25,0.0,0.0,0.0,0.0,2035.0,0.0
0,771700,KELP,2032.0,29.0,0.0,0.0,0.0,0.0,2036,29,0.0,0.0,0.0,0.0,2034.0,0.0
0,771800,KELP,2033.0,6.0,2032.0,25.0,0.0,0.0,2036,25,0.0,0.0,0.0,0.0,2034.5,0.0
0,771900,KELP,2032.0,25.0,0.0,0.0,0.0,0.0,2036,25,0.0,0.0,0.0,0.0,2034.0,0.0
0,772000,KELP,2032.0,24.0,0.0,0.0,0.0,0.0,2034,5,2036.0,24.0,0.0,0.0,2033.0,0.0
0,772100,KELP,2032.0,29.0,0.0,0.0,0.0,0.0,2034,4,2036.0,29.0,0.0,0.0,2033.0,0.0
0,772200,KELP,2033.0,8.0,2032.0,28.0,0.0,0.0,2036,28,0.0,0.0,0.0,0.0,2034.5,0.0
0,772300,KELP,2032.0,24.0,0.0,0.0,0.0,0.0,2036,24,0.0,0.0,0.0,0.0,2034.0,0.0
0,772400,KELP,2032.0,29.0,0.0,0.0,0.0,0.0,2036,29,0.0,0.0,0.0,0.0,2034.0,0.0
0,772500,KELP,2032.0,29.0,0.0,0.0,0.0,0.0,2036,29,0.0,0.0,0.0,0.0,2034.0,0.0
0,772600,KELP,2032.0,30.0,0.0,0.0,0.0,0.0,2034,2,2036.0,30.0,0.0,0.0,2033.0,0.0
0,772700,KELP,2032.0,31.0,0.0,0.0,0.0,0.0,2036,31,0.0,0.0,0.0,0.0,2034.0,0.0
0,772800,KELP,2033.0,8.0,2032.0,20.0,0.0,0.0,2036,20,0.0,0.0,0.0,0.0,2034.5,0.0
0,772900,KELP,2032.0,27.0,0.0,0.0,0.0,0.0,2036,27,0.0,0.0,0.0,0.0,2034.0,0.0
0,773000,KELP,2033.0,26.0,0.0,0.0,0.0,0.0,2036,22,0.0,0.0,0.0,0.0,2034.5,0.0
0,773100,KELP,2035.0,1.0,2033.0,32.0,0.0,0.0,2036,32,0.0,0.0,0.0,0.0,2035.5,0.0
0,773200,KELP,2033.0,19.0,0.0,0.0,0.0,0.0,2036,20,0.0,0.0,0.0,0.0,2034.5,0.0
0,773300,KELP,2033.0,26.0,0.0,0.0,0.0,0.0,2035,3,2036.0,26.0,0.0,0.0,2034.0,0.0
0,773400,KELP,2033.0,26.0,0.0,0.0,0.0,0.0,2036,21,0.0,0.0,0.0,0.0,2034.5,0.0
0,773500,KELP,2035.0,1.0,2033.0,29.0,0.0,0.0,2036,29,0.0,0.0,0.0,0.0,2035.5,0.0
0,773600,KELP,2033.0,24.0,0.0,0.0,0.0,0.0,2036,24,0.0,0.0,0.0,0.0,2034.5,0.0
0,773700,KELP,2033.0,27.0,0.0,0.0,0.0,0.0,2036,27,0.0,0.0,0.0,0.0,2034.5,0.0
0,773800,KELP,2033.0,29.0,0.0,0.0,0.0,0.0,2036,29,0.0,0.0,0.0,0.0,2034.5,0.0
0,773900,KELP,2033.0,27.0,0.0,0.0,0.0,0.0,2036,27,0.0,0.0,0.0,0.0,2034.5,0.0
0,774000,KELP,2033.0,23.0,0.0,0.0,0.0,0.0,2036,23,0.0,0.0,0.0,0.0,2034.5,0.0
0,774100,KELP,2033.0,27.0,0.0,0.0,0.0,0.0,2036,27,0.0,0.0,0.0,0.0,2034.5,0.0
0,774200,KELP,2034.0,2.0,2033.0,21.0,0.0,0.0,2036,21,0.0,0.0,0.0,0.0,2035.0,0.0
0,774300,KELP,2033.0,25.0,0.0,0.0,0.0,0.0,2036,25,0.0,0.0,0.0,0.0,2034.5,0.0
0,774400,KELP,2033.0,21.0,0.0,0.0,0.0,0.0,2036,21,0.0,0.0,0.0,0.0,2034.5,0.0
0,774500,KELP,2032.0,24.0,0.0,0.0,0.0,0.0,2036,24,0.0,0.0,0.0,0.0,2034.0,0.0
0,774600,KELP,2032.0,30.0,0.0,0.0,0.0,0.0,2036,30,0.0,0.0,0.0,0.0,2034.0,0.0
0,774700,KELP,2032.0,24.0,0.0,0.0,0.0,0.0,2036,24,0.0,0.0,0.0,0.0,2034.0,0.0
0,774800,KELP,2032.0,21.0,0.0,0.0,0.0,0.0,2036,21,0.0,0.0,0.0,0.0,2034.0,0.0
0,774900,KELP,2032.0,32.0,0.0,0.0,0.0,0.0,2033,1,2036.0,32.0,0.0,0.0,2032.5,0.0
0,775000,KELP,2032.0,27.0,0.0,0.0,0.0,0.0,2036,27,0.0,0.0,0.0,0.0,2034.0,0.0
0,775100,KELP,2032.0,31.0,0.0,0.0,0.0,0.0,2034,1,2036.0,31.0,0.0,0.0,2033.0,0.0
0,775200,KELP,2032.0,25.0,0.0,0.0,0.0,0.0,2036,25,0.0,0.0,0.0,0.0,2034.0,0.0
0,775300,KELP,2032.0,25.0,0.0,0.0,0.0,0.0,2036,25,0.0,0.0,0.0,0.0,2034.0,0.0
0,775400,KELP,2032.0,26.0,0.0,0.0,0.0,0.0,2036,26,0.0,0.0,0.0,0.0,2034.0,0.0
0,775500,KELP,2033.0,7.0,2032.0,21.0,0.0,0.0,2034,2,2036.0,21.0,0.0,0.0,2033.5,0.0
0,775600,KELP,2032.0,23.0,0.0,0.0,0.0,0.0,2036,23,0.0,0.0,0.0,0.0,2034.0,0.0
0,775700,KELP,2035.0,1.0,2032.0,30.0,0.0,0.0,2036,30,0.0,0.0,0.0,0.0,2035.5,0.0
0,775800,KELP,2033.0,7.0,2032.0,27.0,0.0,0.0,2036,27,0.0,0.0,0.0,0.0,2034.5,0.0
0,775900,KELP,2033.0,2.0,2032.0,20.0,0.0,0.0,2036,22,0.0,0.0,0.0,0.0,2034.5,0.0
0,776000,KELP,2033.0,15.0,0.0,0.0,0.0,0.0,2035,4,2036.0,25.0,0.0,0.0,2034.0,0.0
0,776100,KELP,2032.0,27.0,0.0,0.0,0.0,0.0,2033,10,2036.0,27.0,0.0,0.0,2032.5,0.0
0,776200,KELP,2034.0,1.0,2032.0,21.0,0.0,0.0,2036,21,0.0,0.0,0.0,0.0,2035.0,0.0
0,776300,KELP,2033.0,23.0,0.0,0.0,0.0,0.0,2036,23,0.0,0.0,0.0,0.0,2034.5,0.0
0,776400,KELP,2033.0,3.0,2032.0,20.0,0.0,0.0,2036,20,0.0,0.0,0.0,0.0,2034.5,0.0
0,776500,KELP,2032.0,21.0,0.0,0.0,0.0,0.0,2034,5,2036.0,21.0,0.0,0.0,2033.0,0.0
0,776600,KELP,2033.0,1.0,2032.0,23.0,0.0,0.0,2036,24,0.0,0.0,0.0,0.0,2034.5,0.0
0,776700,KELP,2033.0,1.0,2032.0,26.0,0.0,0.0,2036,27,0.0,0.0,0.0,0.0,2034.5,0.0
0,776800,KELP,2033.0,28.0,0.0,0.0,0.0,0.0,2036,28,0.0,0.0,0.0,0.0,2034.5,0.0
0,776900,KELP,2033.0,25.0,0.0,0.0,0.0,0.0,2036,25,0.0,0.0,0.0,0.0,2034.5,0.0
0,777000,KELP,2033.0,24.0,0.0,0.0,0.0,0.0,2036,24,0.0,0.0,0.0,0.0,2034.5,0.0
0,777100,KELP,2033.0,36.0,0.0,0.0,0.0,0.0,2036,31,0.0,0.0,0.0,0.0,2034.5,0.0
0,777200,KELP,2033.0,31.0,0.0,0.0,0.0,0.0,2036,23,0.0,0.0,0.0,0.0,2034.5,0.0
0,777300,KELP,2033.0,21.0,0.0,0.0,0.0,0.0,2036,21,0.0,0.0,0.0,0.0,2034.5,0.0
0,777400,KELP,2033.0,27.0,0.0,0.0,0.0,0.0,2036,27,0.0,0.0,0.0,0.0,2034.5,0.0
0,777500,KELP,2033.0,22.0,0.0,0.0,0.0,0.0,2036,22,0.0,0.0,0.0,0.0,2034.5,0.0
0,777600,KELP,2033.0,32.0,0.0,0.0,0.0,0.0,2036,32,0.0,0.0,0.0,0.0,2034.5,0.0
0,777700,KELP,2033.0,29.0,0.0,0.0,0.0,0.0,2036,29,0.0,0.0,0.0,0.0,2034.5,0.0
0,777800,KELP,2033.0,24.0,0.0,0.0,0.0,0.0,2036,24,0.0,0.0,0.0,0.0,2034.5,0.0
0,777900,KELP,2035.0,1.0,2033.0,33.0,0.0,0.0,2036,30,0.0,0.0,0.0,0.0,2035.5,0.0
0,778000,KELP,2033.0,22.0,0.0,0.0,0.0,0.0,2036,22,0.0,0.0,0.0,0.0,2034.5,0.0
0,778100,KELP,2033.0,25.0,0.0,0.0,0.0,0.0,2035,8,2036.0,25.0,0.0,0.0,2034.0,0.0
0,778200,KELP,2033.0,30.0,0.0,0.0,0.0,0.0,2036,30,0.0,0.0,0.0,0.0,2034.5,0.0
0,778300,KELP,2033.0,27.0,0.0,0.0,0.0,0.0,2036,27,0.0,0.0,0.0,0.0,2034.5,0.0
0,778400,KELP,2033.0,31.0,0.0,0.0,0.0,0.0,2036,32,0.0,0.0,0.0,0.0,2034.5,0.0
0,778500,KELP,2033.0,30.0,0.0,0.0,0.0,0.0,2036,26,0.0,0.0,0.0,0.0,2034.5,0.0
0,778600,KELP,2033.0,25.0,0.0,0.0,0.0,0.0,2036,25,0.0,0.0,0.0,0.0,2034.5,0.0
0,778700,KELP,2035.0,1.0,2033.0,2.0,2032.0,24.0,2036,24,0.0,0.0,0.0,0.0,2035.5,0.0
0,778800,KELP,2032.0,25.0,0.0,0.0,0.0,0.0,2036,25,0.0,0.0,0.0,0.0,2034.0,0.0
0,778900,KELP,2032.0,28.0,0.0,0.0,0.0,0.0,2036,28,0.0,0.0,0.0,0.0,2034.0,0.0
0,779000,KELP,2032.0,31.0,0.0,0.0,0.0,0.0,2036,31,0.0,0.0,0.0,0.0,2034.0,0.0
0,779100,KELP,2032.0,24.0,0.0,0.0,0.0,0.0,2033,1,2036.0,24.0,0.0,0.0,2032.5,0.0
0,779200,KELP,2032.0,22.0,0.0,0.0,0.0,0.0,2036,22,0.0,0.0,0.0,0.0,2034.0,0.0
0,779300,KELP,2032.0,26.0,0.0,0.0,0.0,0.0,2036,26,0.0,0.0,0.0,0.0,2034.0,0.0
0,779400,KELP,2032.0,20.0,0.0,0.0,0.0,0.0,2036,20,0.0,0.0,0.0,0.0,2034.0,0.0
0,779500,KELP,2032.0,23.0,0.0,0.0,0.0,0.0,2036,23,0.0,0.0,0.0,0.0,2034.0,0.0
0,779600,KELP,2034.0,1.0,2032.0,27.0,0.0,0.0,2036,27,0.0,0.0,0.0,0.0,2035.0,0.0
0,779700,KELP,2035.0,1.0,2032.0,22.0,0.0,0.0,2036,22,0.0,0.0,0.0,0.0,2035.5,0.0
0,779800,KELP,2032.0,27.0,0.0,0.0,0.0,0.0,2036,27,0.0,0.0,0.0,0.0,2034.0,0.0
0,779900,KELP,2033.0,3.0,2032.0,25.0,0.0,0.0,2036,25,0.0,0.0,0.0,0.0,2034.5,0.0
0,780000,KELP,2033.0,1.0,2032.0,25.0,0.0,0.0,2036,25,0.0,0.0,0.0,0.0,2034.5,0.0
0,780100,KELP,2032.0,31.0,0.0,0.0,0.0,0.0,2036,31,0.0,0.0,0.0,0.0,2034.0,0.0
0,780200,KELP,2032.0,28.0,0.0,0.0,0.0,0.0,2036,28,0.0,0.0,0.0,0.0,2034.0,0.0
0,780300,KELP,2032.0,23.0,0.0,0.0,0.0,0.0,2033,5,2036.0,24.0,0.0,0.0,2032.5,0.0
0,780400,KELP,2032.0,27.0,0.0,0.0,0.0,0.0,2036,27,0.0,0.0,0.0,0.0,2034.0,0.0
0,780500,KELP,2032.0,27.0,0.0,0.0,0.0,0.0,2036,27,0.0,0.0,0.0,0.0,2034.0,0.0
0,780600,KELP,2032.0,20.0,0.0,0.0,0.0,0.0,2033,1,2036.0,20.0,0.0,0.0,2032.5,0.0
0,780700,KELP,2035.0,1.0,2033.0,1.0,2032.0,24.0,2036,24,0.0,0.0,0.0,0.0,2035.5,0.0
0,780800,KELP,2033.0,1.0,2032.0,27.0,0.0,0.0,2036,28,0.0,0.0,0.0,0.0,2034.5,0.0
0,780900,KELP,2032.0,28.0,0.0,0.0,0.0,0.0,2036,28,0.0,0.0,0.0,0.0,2034.0,0.0
0,781000,KELP,2032.0,31.0,0.0,0.0,0.0,0.0,2034,6,2036.0,31.0,0.0,0.0,2033.0,0.0
0,781100,KELP,2032.0,29.0,0.0,0.0,0.0,0.0,2036,29,0.0,0.0,0.0,0.0,2034.0,0.0
0,781200,KELP,2032.0,20.0,0.0,0.0,0.0,0.0,2036,20,0.0,0.0,0.0,0.0,2034.0,0.0
0,781300,KELP,2033.0,2.0,2032.0,21.0,0.0,0.0,2036,23,0.0,0.0,0.0,0.0,2034.5,0.0
0,781400,KELP,2033.0,2.0,2032.0,26.0,0.0,0.0,2036,28,0.0,0.0,0.0,0.0,2034.5,0.0
0,781500,KELP,2035.0,1.0,2032.0,22.0,0.0,0.0,2036,22,0.0,0.0,0.0,0.0,2035.5,0.0
0,781600,KELP,2033.0,27.0,0.0,0.0,0.0,0.0,2036,27,0.0,0.0,0.0,0.0,2034.5,0.0
0,781700,KELP,2033.0,19.0,0.0,0.0,0.0,0.0,2036,20,0.0,0.0,0.0,0.0,2034.5,0.0
0,781800,KELP,2033.0,21.0,0.0,0.0,0.0,0.0,2034,2,2036.0,21.0,0.0,0.0,2033.5,0.0
0,781900,KELP,2033.0,2.0,2032.0,30.0,0.0,0.0,2036,32,0.0,0.0,0.0,0.0,2034.5,0.0
0,782000,KELP,2035.0,1.0,2033.0,28.0,0.0,0.0,2036,28,0.0,0.0,0.0,0.0,2035.5,0.0
0,782100,KELP,2033.0,16.0,0.0,0.0,0.0,0.0,2036,24,0.0,0.0,0.0,0.0,2034.5,0.0
0,782200,KELP,2033.0,23.0,0.0,0.0,0.0,0.0,2036,23,0.0,0.0,0.0,0.0,2034.5,0.0
0,782300,KELP,2033.0,31.0,0.0,0.0,0.0,0.0,2036,31,0.0,0.0,0.0,0.0,2034.5,0.0
0,782400,KELP,2033.0,30.0,0.0,0.0,0.0,0.0,2035,4,2036.0,30.0,0.0,0.0,2034.0,0.0
0,782500,KELP,2033.0,24.0,0.0,0.0,0.0,0.0,2036,24,0.0,0.0,0.0,0.0,2034.5,0.0
0,782600,KELP,2033.0,1.0,2032.0,23.0,0.0,0.0,2035,1,2036.0,24.0,0.0,0.0,2034.0,0.0
0,782700,KELP,2033.0,31.0,0.0,0.0,0.0,0.0,2036,28,0.0,0.0,0.0,0.0,2034.5,0.0
0,782800,KELP,2034.0,6.0,2033.0,31.0,0.0,0.0,2036,23,0.0,0.0,0.0,0.0,2035.0,0.0
0,782900,KELP,2032.0,20.0,0.0,0.0,0.0,0.0,2036,20,0.0,0.0,0.0,0.0,2034.0,0.0
0,783000,KELP,2033.0,2.0,2032.0,27.0,0.0,0.0,2035,8,2036.0,29.0,0.0,0.0,2034.0,0.0
0,783100,KELP,2035.0,1.0,2033.0,2.0,2032.0,23.0,2036,25,0.0,0.0,0.0,0.0,2035.5,0.0
0,783200,KELP,2033.0,1.0,2032.0,24.0,0.0,0.0,2036,25,0.0,0.0,0.0,0.0,2034.5,0.0
0,783300,KELP,2034.0,2.0,2033.0,31.0,0.0,0.0,2035,1,2036.0,31.0,0.0,0.0,2034.5,0.0
0,783400,KELP,2033.0,22.0,0.0,0.0,0.0,0.0,2036,22,0.0,0.0,0.0,0.0,2034.5,0.0
0,783500,KELP,2033.0,22.0,0.0,0.0,0.0,0.0,2036,22,0.0,0.0,0.0,0.0,2034.5,0.0
0,783600,KELP,2033.0,3.0,2032.0,28.0,0.0,0.0,2036,28,0.0,0.0,0.0,0.0,2034.5,0.0
0,783700,KELP,2032.0,27.0,0.0,0.0,0.0,0.0,2034,1,2036.0,27.0,0.0,0.0,2033.0,0.0
0,783800,KELP,2032.0,26.0,0.0,0.0,0.0,0.0,2036,26,0.0,0.0,0.0,0.0,2034.0,0.0
0,783900,KELP,2032.0,28.0,0.0,0.0,0.0,0.0,2036,28,0.0,0.0,0.0,0.0,2034.0,0.0
0,784000,KELP,2033.0,4.0,2032.0,26.0,0.0,0.0,2036,26,0.0,0.0,0.0,0.0,2034.5,0.0
0,784100,KELP,2032.0,30.0,0.0,0.0,0.0,0.0,2036,30,0.0,0.0,0.0,0.0,2034.0,0.0
0,784200,KELP,2032.0,21.0,0.0,0.0,0.0,0.0,2036,21,0.0,0.0,0.0,0.0,2034.0,0.0
0,784300,KELP,2032.0,26.0,0.0,0.0,0.0,0.0,2036,26,0.0,0.0,0.0,0.0,2034.0,0.0
0,784400,KELP,2032.0,29.0,0.0,0.0,0.0,0.0,2035,2,2036.0,27.0,0.0,0.0,2033.5,0.0
0,784500,KELP,2034.0,1.0,2033.0,5.0,2032.0,31.0,2035,2,2036.0,29.0,0.0,0.0,2034.5,0.0
0,784600,KELP,2033.0,3.0,2032.0,23.0,0.0,0.0,2035,1,2036.0,22.0,0.0,0.0,2034.0,0.0
0,784700,KELP,2034.0,1.0,2032.0,23.0,0.0,0.0,2036,23,0.0,0.0,0.0,0.0,2035.0,0.0
0,784800,KELP,2032.0,24.0,0.0,0.0,0.0,0.0,2033,5,2034.0,6.0,2035.0,1.0,2032.5,0.0
0,784900,KELP,2032.0,26.0,0.0,0.0,0.0,0.0,2035,1,2036.0,26.0,0.0,0.0,2033.5,0.0
0,785000,KELP,2032.0,30.0,0.0,0.0,0.0,0.0,2034,1,2035.0,30.0,0.0,0.0,2033.0,0.0
0,785100,KELP,2032.0,32.0,0.0,0.0,0.0,0.0,2034,7,2035.0,32.0,0.0,0.0,2033.0,0.0
0,785200,KELP,2031.0,29.0,0.0,0.0,0.0,0.0,2035,30,0.0,0.0,0.0,0.0,2033.0,0.0
0,785300,KELP,2032.0,20.0,0.0,0.0,0.0,0.0,2034,4,2036.0,20.0,0.0,0.0,2033.0,0.0
0,785400,KELP,2032.0,33.0,0.0,0.0,0.0,0.0,2035,31,0.0,0.0,0.0,0.0,2033.5,0.0
0,785500,KELP,2032.0,26.0,0.0,0.0,0.0,0.0,2035,26,0.0,0.0,0.0,0.0,2033.5,0.0
0,785600,KELP,2032.0,30.0,0.0,0.0,0.0,0.0,2035,30,0.0,0.0,0.0,0.0,2033.5,0.0
0,785700,KELP,2032.0,25.0,0.0,0.0,0.0,0.0,2035,25,0.0,0.0,0.0,0.0,2033.5,0.0
0,785800,KELP,2032.0,21.0,0.0,0.0,0.0,0.0,2035,21,0.0,0.0,0.0,0.0,2033.5,0.0
0,785900,KELP,2032.0,26.0,0.0,0.0,0.0,0.0,2033,2,2035.0,26.0,0.0,0.0,2032.5,0.0
0,786000,KELP,2033.0,6.0,2032.0,29.0,0.0,0.0,2034,3,2035.0,29.0,0.0,0.0,2033.5,0.0
0,786100,KELP,2032.0,31.0,0.0,0.0,0.0,0.0,2035,31,0.0,0.0,0.0,0.0,2033.5,0.0
0,786200,KELP,2032.0,25.0,0.0,0.0,0.0,0.0,2035,26,0.0,0.0,0.0,0.0,2033.5,0.0
0,786300,KELP,2032.0,29.0,0.0,0.0,0.0,0.0,2034,2,2035.0,29.0,0.0,0.0,2033.0,0.0
0,786400,KELP,2034.0,9.0,2032.0,27.0,0.0,0.0,2035,27,0.0,0.0,0.0,0.0,2034.5,0.0
0,786500,KELP,2032.0,30.0,0.0,0.0,0.0,0.0,2035,30,0.0,0.0,0.0,0.0,2033.5,0.0
0,786600,KELP,2032.0,21.0,0.0,0.0,0.0,0.0,2035,21,0.0,0.0,0.0,0.0,2033.5,0.0
0,786700,KELP,2032.0,29.0,0.0,0.0,0.0,0.0,2034,6,2035.0,29.0,0.0,0.0,2033.0,0.0
0,786800,KELP,2032.0,27.0,0.0,0.0,0.0,0.0,2034,5,2035.0,27.0,0.0,0.0,2033.0,0.0
0,786900,KELP,2032.0,24.0,0.0,0.0,0.0,0.0,2035,23,0.0,0.0,0.0,0.0,2033.5,0.0
0,787000,KELP,2032.0,20.0,0.0,0.0,0.0,0.0,2035,20,0.0,0.0,0.0,0.0,2033.5,0.0
0,787100,KELP,2032.0,27.0,0.0,0.0,0.0,0.0,2035,27,0.0,0.0,0.0,0.0,2033.5,0.0
0,787200,KELP,2032.0,26.0,0.0,0.0,0.0,0.0,2035,26,0.0,0.0,0.0,0.0,2033.5,0.0
0,787300,KELP,2032.0,20.0,0.0,0.0,0.0,0.0,2035,20,0.0,0.0,0.0,0.0,2033.5,0.0
0,787400,KELP,2032.0,29.0,0.0,0.0,0.0,0.0,2035,29,0.0,0.0,0.0,0.0,2033.5,0.0
0,787500,KELP,2032.0,32.0,0.0,0.0,0.0,0.0,2033,9,2035.0,24.0,0.0,0.0,2032.5,0.0
0,787600,KELP,2032.0,21.0,0.0,0.0,0.0,0.0,2035,21,0.0,0.0,0.0,0.0,2033.5,0.0
0,787700,KELP,2032.0,28.0,0.0,0.0,0.0,0.0,2036,28,0.0,0.0,0.0,0.0,2034.0,0.0
0,787800,KELP,2032.0,28.0,0.0,0.0,0.0,0.0,2035,27,0.0,0.0,0.0,0.0,2033.5,0.0
0,787900,KELP,2034.0,1.0,2033.0,4.0,2032.0,31.0,2035,1,2036.0,30.0,0.0,0.0,2034.5,0.0
0,788000,KELP,2032.0,21.0,0.0,0.0,0.0,0.0,2036,21,0.0,0.0,0.0,0.0,2034.0,0.0
0,788100,KELP,2032.0,21.0,0.0,0.0,0.0,0.0,2036,21,0.0,0.0,0.0,0.0,2034.0,0.0
0,788200,KELP,2032.0,25.0,0.0,0.0,0.0,0.0,2034,2,2035.0,25.0,0.0,0.0,2033.0,0.0
0,788300,KELP,2032.0,26.0,0.0,0.0,0.0,0.0,2035,21,0.0,0.0,0.0,0.0,2033.5,0.0
0,788400,KELP,2032.0,22.0,0.0,0.0,0.0,0.0,2035,22,0.0,0.0,0.0,0.0,2033.5,0.0
0,788500,KELP,2032.0,29.0,0.0,0.0,0.0,0.0,2035,29,0.0,0.0,0.0,0.0,2033.5,0.0
0,788600,KELP,2032.0,29.0,0.0,0.0,0.0,0.0,2035,29,0.0,0.0,0.0,0.0,2033.5,0.0
0,788700,KELP,2032.0,27.0,0.0,0.0,0.0,0.0,2034,2,2035.0,27.0,0.0,0.0,2033.0,0.0
0,788800,KELP,2034.0,5.0,2032.0,25.0,0.0,0.0,2035,25,0.0,0.0,0.0,0.0,2034.5,0.0
0,788900,KELP,2032.0,24.0,0.0,0.0,0.0,0.0,2035,21,0.0,0.0,0.0,0.0,2033.5,0.0
0,789000,KELP,2032.0,22.0,0.0,0.0,0.0,0.0,2035,22,0.0,0.0,0.0,0.0,2033.5,0.0
0,789100,KELP,2032.0,22.0,0.0,0.0,0.0,0.0,2034,4,2035.0,22.0,0.0,0.0,2033.0,0.0
0,789200,KELP,2032.0,23.0,0.0,0.0,0.0,0.0,2035,23,0.0,0.0,0.0,0.0,2033.5,0.0
0,789300,KELP,2032.0,31.0,0.0,0.0,0.0,0.0,2035,31,0.0,0.0,0.0,0.0,2033.5,0.0
0,789400,KELP,2032.0,25.0,0.0,0.0,0.0,0.0,2035,25,0.0,0.0,0.0,0.0,2033.5,0.0
0,789500,KELP,2032.0,23.0,0.0,0.0,0.0,0.0,2035,23,0.0,0.0,0.0,0.0,2033.5,0.0
0,789600,KELP,2032.0,30.0,0.0,0.0,0.0,0.0,2035,30,0.0,0.0,0.0,0.0,2033.5,0.0
0,789700,KELP,2032.0,26.0,0.0,0.0,0.0,0.0,2035,26,0.0,0.0,0.0,0.0,2033.5,0.0
0,789800,KELP,2034.0,1.0,2033.0,5.0,2032.0,35.0,2035,29,0.0,0.0,0.0,0.0,2034.5,0.0
0,789900,KELP,2032.0,31.0,0.0,0.0,0.0,0.0,2035,24,0.0,0.0,0.0,0.0,2033.5,0.0
0,790000,KELP,2032.0,26.0,0.0,0.0,0.0,0.0,2033,4,2035.0,26.0,0.0,0.0,2032.5,0.0
0,790100,KELP,2032.0,39.0,0.0,0.0,0.0,0.0,2035,32,0.0,0.0,0.0,0.0,2033.5,0.0
0,790200,KELP,2032.0,28.0,0.0,0.0,0.0,0.0,2034,7,2035.0,28.0,0.0,0.0,2033.0,0.0
0,790300,KELP,2032.0,24.0,0.0,0.0,0.0,0.0,2035,24,0.0,0.0,0.0,0.0,2033.5,0.0
0,790400,KELP,2032.0,24.0,0.0,0.0,0.0,0.0,2035,24,0.0,0.0,0.0,0.0,2033.5,0.0
0,790500,KELP,2032.0,29.0,0.0,0.0,0.0,0.0,2034,8,2035.0,29.0,0.0,0.0,2033.0,0.0
0,790600,KELP,2032.0,25.0,0.0,0.0,0.0,0.0,2034,1,2035.0,25.0,0.0,0.0,2033.0,0.0
0,790700,KELP,2032.0,6.0,2031.0,24.0,0.0,0.0,2035,26,0.0,0.0,0.0,0.0,2033.5,0.0
0,790800,KELP,2032.0,1.0,2031.0,26.0,0.0,0.0,2035,27,0.0,0.0,0.0,0.0,2033.5,0.0
0,790900,KELP,2031.0,34.0,0.0,0.0,0.0,0.0,2034,29,0.0,0.0,0.0,0.0,2032.5,0.0
0,791000,KELP,2031.0,29.0,0.0,0.0,0.0,0.0,2034,29,0.0,0.0,0.0,0.0,2032.5,0.0
0,791100,KELP,2031.0,25.0,0.0,0.0,0.0,0.0,2034,25,0.0,0.0,0.0,0.0,2032.5,0.0
0,791200,KELP,2031.0,23.0,0.0,0.0,0.0,0.0,2034,23,0.0,0.0,0.0,0.0,2032.5,0.0
0,791300,KELP,2031.0,30.0,0.0,0.0,0.0,0.0,2034,27,0.0,0.0,0.0,0.0,2032.5,0.0
0,791400,KELP,2032.0,5.0,2031.0,26.0,0.0,0.0,2035,26,0.0,0.0,0.0,0.0,2033.5,0.0
0,791500,KELP,2032.0,8.0,2031.0,27.0,0.0,0.0,2035,27,0.0,0.0,0.0,0.0,2033.5,0.0
0,791600,KELP,2031.0,26.0,0.0,0.0,0.0,0.0,2035,26,0.0,0.0,0.0,0.0,2033.0,0.0
0,791700,KELP,2031.0,30.0,0.0,0.0,0.0,0.0,2035,30,0.0,0.0,0.0,0.0,2033.0,0.0
0,791800,KELP,2031.0,25.0,0.0,0.0,0.0,0.0,2033,3,2035.0,25.0,0.0,0.0,2032.0,0.0
0,791900,KELP,2031.0,24.0,0.0,0.0,0.0,0.0,2033,5,2035.0,24.0,0.0,0.0,2032.0,0.0
0,792000,KELP,2031.0,21.0,0.0,0.0,0.0,0.0,2035,21,0.0,0.0,0.0,0.0,2033.0,0.0
0,792100,KELP,2031.0,26.0,0.0,0.0,0.0,0.0,2032,8,2033.0,4.0,2035.0,26.0,2031.5,0.0
0,792200,KELP,2032.0,7.0,2031.0,30.0,0.0,0.0,2034,1,2035.0,29.0,0.0,0.0,2033.0,0.0
0,792300,KELP,2032.0,6.0,2031.0,20.0,0.0,0.0,2035,20,0.0,0.0,0.0,0.0,2033.5,0.0
0,792400,KELP,2032.0,29.0,0.0,0.0,0.0,0.0,2035,29,0.0,0.0,0.0,0.0,2033.5,0.0
0,792500,KELP,2032.0,24.0,0.0,0.0,0.0,0.0,2034,5,2035.0,24.0,0.0,0.0,2033.0,0.0
0,792600,KELP,2032.0,28.0,0.0,0.0,0.0,0.0,2035,25,0.0,0.0,0.0,0.0,2033.5,0.0
0,792700,KELP,2032.0,21.0,0.0,0.0,0.0,0.0,2035,26,0.0,0.0,0.0,0.0,2033.5,0.0
0,792800,KELP,2032.0,24.0,0.0,0.0,0.0,0.0,2035,24,0.0,0.0,0.0,0.0,2033.5,0.0
0,792900,KELP,2032.0,29.0,0.0,0.0,0.0,0.0,2034,2,2035.0,29.0,0.0,0.0,2033.0,0.0
0,793000,KELP,2032.0,31.0,0.0,0.0,0.0,0.0,2035,31,0.0,0.0,0.0,0.0,2033.5,0.0
0,793100,KELP,2033.0,2.0,2032.0,31.0,0.0,0.0,2035,31,0.0,0.0,0.0,0.0,2034.0,0.0
0,793200,KELP,2032.0,21.0,0.0,0.0,0.0,0.0,2035,21,0.0,0.0,0.0,0.0,2033.5,0.0
0,793300,KELP,2032.0,23.0,0.0,0.0,0.0,0.0,2035,23,0.0,0.0,0.0,0.0,2033.5,0.0
0,793400,KELP,2032.0,21.0,0.0,0.0,0.0,0.0,2035,20,0.0,0.0,0.0,0.0,2033.5,0.0
0,793500,KELP,2033.0,4.0,2032.0,21.0,0.0,0.0,2035,21,0.0,0.0,0.0,0.0,2034.0,0.0
0,793600,KELP,2033.0,5.0,2032.0,28.0,0.0,0.0,2035,28,0.0,0.0,0.0,0.0,2034.0,0.0
0,793700,KELP,2032.0,26.0,0.0,0.0,0.0,0.0,2035,21,0.0,0.0,0.0,0.0,2033.5,0.0
0,793800,KELP,2034.0,1.0,2032.0,37.0,0.0,0.0,2035,29,0.0,0.0,0.0,0.0,2034.5,0.0
0,793900,KELP,2032.0,25.0,0.0,0.0,0.0,0.0,2035,25,0.0,0.0,0.0,0.0,2033.5,0.0
0,794000,KELP,2032.0,30.0,0.0,0.0,0.0,0.0,2035,22,0.0,0.0,0.0,0.0,2033.5,0.0
0,794100,KELP,2032.0,24.0,0.0,0.0,0.0,0.0,2036,25,0.0,0.0,0.0,0.0,2034.0,0.0
0,794200,KELP,2033.0,6.0,2032.0,26.0,0.0,0.0,2036,26,0.0,0.0,0.0,0.0,2034.5,0.0
0,794300,KELP,2032.0,22.0,0.0,0.0,0.0,0.0,2036,22,0.0,0.0,0.0,0.0,2034.0,0.0
0,794400,KELP,2032.0,31.0,0.0,0.0,0.0,0.0,2035,2,2036.0,29.0,0.0,0.0,2033.5,0.0
0,794500,KELP,2032.0,22.0,0.0,0.0,0.0,0.0,2035,2,2036.0,20.0,0.0,0.0,2033.5,0.0
0,794600,KELP,2032.0,23.0,0.0,0.0,0.0,0.0,2035,23,0.0,0.0,0.0,0.0,2033.5,0.0
0,794700,KELP,2033.0,5.0,2032.0,22.0,0.0,0.0,2035,2,2036.0,20.0,0.0,0.0,2034.0,0.0
0,794800,KELP,2032.0,32.0,0.0,0.0,0.0,0.0,2035,24,0.0,0.0,0.0,0.0,2033.5,0.0
0,794900,KELP,2032.0,32.0,0.0,0.0,0.0,0.0,2035,25,0.0,0.0,0.0,0.0,2033.5,0.0
0,795000,KELP,2032.0,29.0,0.0,0.0,0.0,0.0,2034,1,2035.0,29.0,0.0,0.0,2033.0,0.0
0,795100,KELP,2032.0,29.0,0.0,0.0,0.0,0.0,2036,23,0.0,0.0,0.0,0.0,2034.0,0.0
0,795200,KELP,2032.0,33.0,0.0,0.0,0.0,0.0,2035,2,2036.0,26.0,0.0,0.0,2033.5,0.0
0,795300,KELP,2032.0,38.0,0.0,0.0,0.0,0.0,2035,31,0.0,0.0,0.0,0.0,2033.5,0.0
0,795400,KELP,2032.0,33.0,0.0,0.0,0.0,0.0,2035,25,0.0,0.0,0.0,0.0,2033.5,0.0
0,795500,KELP,2032.0,32.0,0.0,0.0,0.0,0.0,2035,32,0.0,0.0,0.0,0.0,2033.5,0.0
0,795600,KELP,2032.0,34.0,0.0,0.0,0.0,0.0,2035,29,0.0,0.0,0.0,0.0,2033.5,0.0
0,795700,KELP,2032.0,22.0,0.0,0.0,0.0,0.0,2034,7,2035.0,22.0,0.0,0.0,2033.0,0.0
0,795800,KELP,2032.0,30.0,0.0,0.0,0.0,0.0,2034,5,2035.0,30.0,0.0,0.0,2033.0,0.0
0,795900,KELP,2032.0,26.0,0.0,0.0,0.0,0.0,2035,26,0.0,0.0,0.0,0.0,2033.5,0.0
0,796000,KELP,2032.0,20.0,0.0,0.0,0.0,0.0,2034,2,2035.0,20.0,0.0,0.0,2033.0,0.0
0,796100,KELP,2034.0,3.0,2032.0,24.0,0.0,0.0,2035,24,0.0,0.0,0.0,0.0,2034.5,0.0
0,796200,KELP,2032.0,23.0,0.0,0.0,0.0,0.0,2035,23,0.0,0.0,0.0,0.0,2033.5,0.0
0,796300,KELP,2032.0,29.0,0.0,0.0,0.0,0.0,2035,29,0.0,0.0,0.0,0.0,2033.5,0.0
0,796400,KELP,2032.0,24.0,0.0,0.0,0.0,0.0,2035,24,0.0,0.0,0.0,0.0,2033.5,0.0
0,796500,KELP,2032.0,22.0,0.0,0.0,0.0,0.0,2035,22,0.0,0.0,0.0,0.0,2033.5,0.0
0,796600,KELP,2032.0,30.0,0.0,0.0,0.0,0.0,2035,29,0.0,0.0,0.0,0.0,2033.5,0.0
0,796700,KELP,2032.0,21.0,0.0,0.0,0.0,0.0,2035,21,0.0,0.0,0.0,0.0,2033.5,0.0
0,796800,KELP,2032.0,28.0,0.0,0.0,0.0,0.0,2035,28,0.0,0.0,0.0,0.0,2033.5,0.0
0,796900,KELP,2032.0,21.0,0.0,0.0,0.0,0.0,2035,22,0.0,0.0,0.0,0.0,2033.5,0.0
0,797000,KELP,2032.0,26.0,0.0,0.0,0.0,0.0,2035,27,0.0,0.0,0.0,0.0,2033.5,0.0
0,797100,KELP,2032.0,25.0,0.0,0.0,0.0,0.0,2033,4,2034.0,4.0,2035.0,25.0,2032.5,0.0
0,797200,KELP,2032.0,28.0,0.0,0.0,0.0,0.0,2035,27,0.0,0.0,0.0,0.0,2033.5,0.0
0,797300,KELP,2032.0,22.0,0.0,0.0,0.0,0.0,2035,22,0.0,0.0,0.0,0.0,2033.5,0.0
0,797400,KELP,2032.0,36.0,0.0,0.0,0.0,0.0,2035,30,0.0,0.0,0.0,0.0,2033.5,0.0
0,797500,KELP,2032.0,2.0,2031.0,23.0,0.0,0.0,2035,25,0.0,0.0,0.0,0.0,2033.5,0.0
0,797600,KELP,2033.0,3.0,2032.0,28.0,0.0,0.0,2034,8,2035.0,28.0,0.0,0.0,2033.5,0.0
0,797700,KELP,2032.0,36.0,0.0,0.0,0.0,0.0,2035,28,0.0,0.0,0.0,0.0,2033.5,0.0
0,797800,KELP,2033.0,5.0,2032.0,26.0,0.0,0.0,2035,26,0.0,0.0,0.0,0.0,2034.0,0.0
0,797900,KELP,2032.0,26.0,0.0,0.0,0.0,0.0,2035,26,0.0,0.0,0.0,0.0,2033.5,0.0
0,798000,KELP,2034.0,1.0,2032.0,30.0,0.0,0.0,2035,30,0.0,0.0,0.0,0.0,2034.5,0.0
0,798100,KELP,2032.0,21.0,0.0,0.0,0.0,0.0,2035,21,0.0,0.0,0.0,0.0,2033.5,0.0
0,798200,KELP,2031.0,22.0,0.0,0.0,0.0,0.0,2035,22,0.0,0.0,0.0,0.0,2033.0,0.0
0,798300,KELP,2032.0,31.0,0.0,0.0,0.0,0.0,2034,2,2035.0,31.0,0.0,0.0,2033.0,0.0
0,798400,KELP,2032.0,5.0,2031.0,22.0,0.0,0.0,2035,22,0.0,0.0,0.0,0.0,2033.5,0.0
0,798500,KELP,2032.0,18.0,0.0,0.0,0.0,0.0,2034,3,2035.0,25.0,0.0,0.0,2033.0,0.0
0,798600,KELP,2032.0,1.0,2031.0,29.0,0.0,0.0,2035,30,0.0,0.0,0.0,0.0,2033.5,0.0
0,798700,KELP,2033.0,3.0,2032.0,2.0,2031.0,29.0,2035,31,0.0,0.0,0.0,0.0,2034.0,0.0
0,798800,KELP,2032.0,21.0,0.0,0.0,0.0,0.0,2035,31,0.0,0.0,0.0,0.0,2033.5,0.0
0,798900,KELP,2033.0,4.0,2032.0,26.0,0.0,0.0,2035,25,0.0,0.0,0.0,0.0,2034.0,0.0
0,799000,KELP,2032.0,26.0,0.0,0.0,0.0,0.0,2035,26,0.0,0.0,0.0,0.0,2033.5,0.0
0,799100,KELP,2031.0,30.0,0.0,0.0,0.0,0.0,2033,5,2035.0,30.0,0.0,0.0,2032.0,0.0
0,799200,KELP,2031.0,28.0,0.0,0.0,0.0,0.0,2035,28,0.0,0.0,0.0,0.0,2033.0,0.0
0,799300,KELP,2032.0,2.0,2031.0,27.0,0.0,0.0,2035,29,0.0,0.0,0.0,0.0,2033.5,0.0
0,799400,KELP,2031.0,27.0,0.0,0.0,0.0,0.0,2035,27,0.0,0.0,0.0,0.0,2033.0,0.0
0,799500,KELP,2032.0,1.0,2031.0,24.0,0.0,0.0,2035,25,0.0,0.0,0.0,0.0,2033.5,0.0
0,799600,KELP,2033.0,7.0,2032.0,8.0,2031.0,30.0,2035,31,0.0,0.0,0.0,0.0,2034.0,0.0
0,799700,KELP,2032.0,30.0,0.0,0.0,0.0,0.0,2035,30,0.0,0.0,0.0,0.0,2033.5,0.0
0,799800,KELP,2032.0,20.0,0.0,0.0,0.0,0.0,2035,20,0.0,0.0,0.0,0.0,2033.5,0.0
0,799900,KELP,2032.0,1.0,2031.0,28.0,0.0,0.0,2035,30,0.0,0.0,0.0,0.0,2033.5,0.0
0,800000,KELP,2033.0,4.0,2032.0,1.0,2031.0,29.0,2034,3,2035.0,30.0,0.0,0.0,2033.5,0.0
0,800100,KELP,2032.0,2.0,2031.0,23.0,0.0,0.0,2035,25,0.0,0.0,0.0,0.0,2033.5,0.0
0,800200,KELP,2034.0,1.0,2032.0,4.0,2031.0,25.0,2035,25,0.0,0.0,0.0,0.0,2034.5,0.0
0,800300,KELP,2032.0,27.0,0.0,0.0,0.0,0.0,2035,27,0.0,0.0,0.0,0.0,2033.5,0.0
0,800400,KELP,2031.0,29.0,0.0,0.0,0.0,0.0,2033,8,2035.0,29.0,0.0,0.0,2032.0,0.0
0,800500,KELP,2031.0,24.0,0.0,0.0,0.0,0.0,2035,24,0.0,0.0,0.0,0.0,2033.0,0.0
0,800600,KELP,2031.0,20.0,0.0,0.0,0.0,0.0,2032,1,2035.0,20.0,0.0,0.0,2031.5,0.0
0,800700,KELP,2031.0,27.0,0.0,0.0,0.0,0.0,2035,27,0.0,0.0,0.0,0.0,2033.0,0.0
0,800800,KELP,2031.0,24.0,0.0,0.0,0.0,0.0,2035,24,0.0,0.0,0.0,0.0,2033.0,0.0
0,800900,KELP,2031.0,24.0,0.0,0.0,0.0,0.0,2033,5,2035.0,24.0,0.0,0.0,2032.0,0.0
0,801000,KELP,2031.0,22.0,0.0,0.0,0.0,0.0,2035,22,0.0,0.0,0.0,0.0,2033.0,0.0
0,801100,KELP,2032.0,1.0,2031.0,23.0,0.0,0.0,2035,24,0.0,0.0,0.0,0.0,2033.5,0.0
0,801200,KELP,2031.0,21.0,0.0,0.0,0.0,0.0,2035,21,0.0,0.0,0.0,0.0,2033.0,0.0
0,801300,KELP,2034.0,1.0,2032.0,30.0,0.0,0.0,2035,30,0.0,0.0,0.0,0.0,2034.5,0.0
0,801400,KELP,2032.0,2.0,2031.0,22.0,0.0,0.0,2035,24,0.0,0.0,0.0,0.0,2033.5,0.0
0,801500,KELP,2031.0,28.0,0.0,0.0,0.0,0.0,2035,28,0.0,0.0,0.0,0.0,2033.0,0.0
0,801600,KELP,2032.0,7.0,2031.0,28.0,0.0,0.0,2035,28,0.0,0.0,0.0,0.0,2033.5,0.0
0,801700,KELP,2032.0,1.0,2031.0,24.0,0.0,0.0,2035,25,0.0,0.0,0.0,0.0,2033.5,0.0
0,801800,KELP,2031.0,27.0,0.0,0.0,0.0,0.0,2035,27,0.0,0.0,0.0,0.0,2033.0,0.0
0,801900,KELP,2031.0,24.0,0.0,0.0,0.0,0.0,2033,2,2035.0,24.0,0.0,0.0,2032.0,0.0
0,802000,KELP,2031.0,24.0,0.0,0.0,0.0,0.0,2035,24,0.0,0.0,0.0,0.0,2033.0,0.0
0,802100,KELP,2031.0,20.0,0.0,0.0,0.0,0.0,2035,20,0.0,0.0,0.0,0.0,2033.0,0.0
0,802200,KELP,2031.0,25.0,0.0,0.0,0.0,0.0,2035,25,0.0,0.0,0.0,0.0,2033.0,0.0
0,802300,KELP,2031.0,27.0,0.0,0.0,0.0,0.0,2035,27,0.0,0.0,0.0,0.0,2033.0,0.0
0,802400,KELP,2031.0,22.0,0.0,0.0,0.0,0.0,2035,22,0.0,0.0,0.0,0.0,2033.0,0.0
0,802500,KELP,2031.0,28.0,0.0,0.0,0.0,0.0,2035,28,0.0,0.0,0.0,0.0,2033.0,0.0
0,802600,KELP,2031.0,23.0,0.0,0.0,0.0,0.0,2035,23,0.0,0.0,0.0,0.0,2033.0,0.0
0,802700,KELP,2033.0,4.0,2032.0,2.0,2031.0,30.0,2035,32,0.0,0.0,0.0,0.0,2034.0,0.0
0,802800,KELP,2032.0,1.0,2031.0,20.0,0.0,0.0,2035,22,0.0,0.0,0.0,0.0,2033.5,0.0
0,802900,KELP,2032.0,1.0,2031.0,25.0,0.0,0.0,2035,26,0.0,0.0,0.0,0.0,2033.5,0.0
0,803000,KELP,2032.0,1.0,2031.0,23.0,0.0,0.0,2035,24,0.0,0.0,0.0,0.0,2033.5,0.0
0,803100,KELP,2032.0,24.0,0.0,0.0,0.0,0.0,2034,3,2035.0,25.0,0.0,0.0,2033.0,0.0
0,803200,KELP,2032.0,2.0,2031.0,25.0,0.0,0.0,2035,27,0.0,0.0,0.0,0.0,2033.5,0.0
0,803300,KELP,2032.0,30.0,0.0,0.0,0.0,0.0,2035,27,0.0,0.0,0.0,0.0,2033.5,0.0
0,803400,KELP,2033.0,4.0,2032.0,24.0,0.0,0.0,2034,6,2035.0,24.0,0.0,0.0,2033.5,0.0
0,803500,KELP,2032.0,21.0,0.0,0.0,0.0,0.0,2035,21,0.0,0.0,0.0,0.0,2033.5,0.0
0,803600,KELP,2032.0,27.0,0.0,0.0,0.0,0.0,2035,27,0.0,0.0,0.0,0.0,2033.5,0.0
0,803700,KELP,2032.0,14.0,0.0,0.0,0.0,0.0,2035,22,0.0,0.0,0.0,0.0,2033.5,0.0
0,803800,KELP,2032.0,30.0,0.0,0.0,0.0,0.0,2034,2,2035.0,30.0,0.0,0.0,2033.0,0.0
0,803900,KELP,2032.0,30.0,0.0,0.0,0.0,0.0,2035,27,0.0,0.0,0.0,0.0,2033.5,0.0
0,804000,KELP,2032.0,32.0,0.0,0.0,0.0,0.0,2035,32,0.0,0.0,0.0,0.0,2033.5,0.0
0,804100,KELP,2032.0,26.0,0.0,0.0,0.0,0.0,2035,26,0.0,0.0,0.0,0.0,2033.5,0.0
0,804200,KELP,2032.0,31.0,0.0,0.0,0.0,0.0,2035,31,0.0,0.0,0.0,0.0,2033.5,0.0
0,804300,KELP,2032.0,27.0,0.0,0.0,0.0,0.0,2034,1,2035.0,27.0,0.0,0.0,2033.0,0.0
0,804400,KELP,2034.0,1.0,2032.0,37.0,0.0,0.0,2035,31,0.0,0.0,0.0,0.0,2034.5,0.0
0,804500,KELP,2032.0,25.0,0.0,0.0,0.0,0.0,2035,25,0.0,0.0,0.0,0.0,2033.5,0.0
0,804600,KELP,2034.0,1.0,2032.0,29.0,0.0,0.0,2035,29,0.0,0.0,0.0,0.0,2034.5,0.0
0,804700,KELP,2032.0,29.0,0.0,0.0,0.0,0.0,2035,29,0.0,0.0,0.0,0.0,2033.5,0.0
0,804800,KELP,2032.0,26.0,0.0,0.0,0.0,0.0,2035,25,0.0,0.0,0.0,0.0,2033.5,0.0
0,804900,KELP,2032.0,23.0,0.0,0.0,0.0,0.0,2035,23,0.0,0.0,0.0,0.0,2033.5,0.0
0,805000,KELP,2032.0,23.0,0.0,0.0,0.0,0.0,2035,24,0.0,0.0,0.0,0.0,2033.5,0.0
0,805100,KELP,2032.0,27.0,0.0,0.0,0.0,0.0,2034,3,2035.0,27.0,0.0,0.0,2033.0,0.0
0,805200,KELP,2032.0,22.0,0.0,0.0,0.0,0.0,2035,22,0.0,0.0,0.0,0.0,2033.5,0.0
0,805300,KELP,2032.0,21.0,0.0,0.0,0.0,0.0,2034,4,2035.0,21.0,0.0,0.0,2033.0,0.0
0,805400,KELP,2034.0,4.0,2032.0,21.0,0.0,0.0,2035,21,0.0,0.0,0.0,0.0,2034.5,0.0
0,805500,KELP,2032.0,22.0,0.0,0.0,0.0,0.0,2034,8,2035.0,22.0,0.0,0.0,2033.0,0.0
0,805600,KELP,2032.0,25.0,0.0,0.0,0.0,0.0,2035,26,0.0,0.0,0.0,0.0,2033.5,0.0
0,805700,KELP,2032.0,20.0,0.0,0.0,0.0,0.0,2035,20,0.0,0.0,0.0,0.0,2033.5,0.0
0,805800,KELP,2032.0,25.0,0.0,0.0,0.0,0.0,2035,23,0.0,0.0,0.0,0.0,2033.5,0.0
0,805900,KELP,2032.0,26.0,0.0,0.0,0.0,0.0,2035,26,0.0,0.0,0.0,0.0,2033.5,0.0
0,806000,KELP,2032.0,23.0,0.0,0.0,0.0,0.0,2035,2,2036.0,21.0,0.0,0.0,2033.5,0.0
0,806100,KELP,2033.0,6.0,2032.0,22.0,0.0,0.0,2036,22,0.0,0.0,0.0,0.0,2034.5,0.0
0,806200,KELP,2034.0,1.0,2032.0,25.0,0.0,0.0,2035,1,2036.0,24.0,0.0,0.0,2034.5,0.0
0,806300,KELP,2032.0,32.0,0.0,0.0,0.0,0.0,2033,2,2034.0,6.0,2035.0,32.0,2032.5,0.0
0,806400,KELP,2032.0,21.0,0.0,0.0,0.0,0.0,2036,21,0.0,0.0,0.0,0.0,2034.0,0.0
0,806500,KELP,2032.0,31.0,0.0,0.0,0.0,0.0,2035,1,2036.0,30.0,0.0,0.0,2033.5,0.0
0,806600,KELP,2034.0,1.0,2032.0,36.0,0.0,0.0,2036,28,0.0,0.0,0.0,0.0,2035.0,0.0
0,806700,KELP,2032.0,24.0,0.0,0.0,0.0,0.0,2035,2,2036.0,22.0,0.0,0.0,2033.5,0.0
0,806800,KELP,2033.0,9.0,2032.0,32.0,0.0,0.0,2035,2,2036.0,30.0,0.0,0.0,2034.0,0.0
0,806900,KELP,2034.0,1.0,2033.0,1.0,2032.0,26.0,2036,26,0.0,0.0,0.0,0.0,2035.0,0.0
0,807000,KELP,2032.0,24.0,0.0,0.0,0.0,0.0,2036,24,0.0,0.0,0.0,0.0,2034.0,0.0
0,807100,KELP,2032.0,20.0,0.0,0.0,0.0,0.0,2036,20,0.0,0.0,0.0,0.0,2034.0,0.0
0,807200,KELP,2032.0,24.0,0.0,0.0,0.0,0.0,2035,24,0.0,0.0,0.0,0.0,2033.5,0.0
0,807300,KELP,2032.0,24.0,0.0,0.0,0.0,0.0,2035,23,0.0,0.0,0.0,0.0,2033.5,0.0
0,807400,KELP,2032.0,23.0,0.0,0.0,0.0,0.0,2035,2,2036.0,21.0,0.0,0.0,2033.5,0.0
0,807500,KELP,2032.0,21.0,0.0,0.0,0.0,0.0,2033,3,2035.0,21.0,0.0,0.0,2032.5,0.0
0,807600,KELP,2033.0,4.0,2032.0,29.0,0.0,0.0,2035,29,0.0,0.0,0.0,0.0,2034.0,0.0
0,807700,KELP,2032.0,29.0,0.0,0.0,0.0,0.0,2035,29,0.0,0.0,0.0,0.0,2033.5,0.0
0,807800,KELP,2032.0,31.0,0.0,0.0,0.0,0.0,2035,31,0.0,0.0,0.0,0.0,2033.5,0.0
0,807900,KELP,2034.0,1.0,2032.0,30.0,0.0,0.0,2035,30,0.0,0.0,0.0,0.0,2034.5,0.0
0,808000,KELP,2032.0,28.0,0.0,0.0,0.0,0.0,2034,6,2035.0,28.0,0.0,0.0,2033.0,0.0
0,808100,KELP,2032.0,24.0,0.0,0.0,0.0,0.0,2035,24,0.0,0.0,0.0,0.0,2033.5,0.0
0,808200,KELP,2032.0,26.0,0.0,0.0,0.0,0.0,2034,7,2035.0,26.0,0.0,0.0,2033.0,0.0
0,808300,KELP,2032.0,25.0,0.0,0.0,0.0,0.0,2034,2,2035.0,25.0,0.0,0.0,2033.0,0.0
0,808400,KELP,2033.0,5.0,2032.0,23.0,0.0,0.0,2035,23,0.0,0.0,0.0,0.0,2034.0,0.0
0,808500,KELP,2032.0,28.0,0.0,0.0,0.0,0.0,2035,27,0.0,0.0,0.0,0.0,2033.5,0.0
0,808600,KELP,2032.0,28.0,0.0,0.0,0.0,0.0,2034,6,2036.0,28.0,0.0,0.0,2033.0,0.0
0,808700,KELP,2032.0,32.0,0.0,0.0,0.0,0.0,2035,27,0.0,0.0,0.0,0.0,2033.5,0.0
0,808800,KELP,2034.0,1.0,2032.0,25.0,0.0,0.0,2035,1,2036.0,24.0,0.0,0.0,2034.5,0.0
0,808900,KELP,2032.0,20.0,0.0,0.0,0.0,0.0,2035,22,0.0,0.0,0.0,0.0,2033.5,0.0
0,809000,KELP,2034.0,1.0,2032.0,29.0,0.0,0.0,2035,29,0.0,0.0,0.0,0.0,2034.5,0.0
0,809100,KELP,2032.0,31.0,0.0,0.0,0.0,0.0,2035,31,0.0,0.0,0.0,0.0,2033.5,0.0
0,809200,KELP,2032.0,22.0,0.0,0.0,0.0,0.0,2035,22,0.0,0.0,0.0,0.0,2033.5,0.0
0,809300,KELP,2032.0,28.0,0.0,0.0,0.0,0.0,2035,26,0.0,0.0,0.0,0.0,2033.5,0.0
0,809400,KELP,2032.0,22.0,0.0,0.0,0.0,0.0,2034,5,2035.0,22.0,0.0,0.0,2033.0,0.0
0,809500,KELP,2032.0,26.0,0.0,0.0,0.0,0.0,2036,26,0.0,0.0,0.0,0.0,2034.0,0.0
0,809600,KELP,2032.0,26.0,0.0,0.0,0.0,0.0,2034,5,2035.0,1.0,2036.0,25.0,2033.0,0.0
0,809700,KELP,2032.0,29.0,0.0,0.0,0.0,0.0,2035,1,2036.0,28.0,0.0,0.0,2033.5,0.0
0,809800,KELP,2032.0,28.0,0.0,0.0,0.0,0.0,2035,1,2036.0,27.0,0.0,0.0,2033.5,0.0
0,809900,KELP,2034.0,5.0,2032.0,31.0,0.0,0.0,2036,31,0.0,0.0,0.0,0.0,2035.0,0.0
0,810000,KELP,2032.0,29.0,0.0,0.0,0.0,0.0,2036,29,0.0,0.0,0.0,0.0,2034.0,0.0
0,810100,KELP,2032.0,30.0,0.0,0.0,0.0,0.0,2036,30,0.0,0.0,0.0,0.0,2034.0,0.0
0,810200,KELP,2032.0,28.0,0.0,0.0,0.0,0.0,2035,27,0.0,0.0,0.0,0.0,2033.5,0.0
0,810300,KELP,2032.0,24.0,0.0,0.0,0.0,0.0,2036,24,0.0,0.0,0.0,0.0,2034.0,0.0
0,810400,KELP,2032.0,22.0,0.0,0.0,0.0,0.0,2035,2,2036.0,20.0,0.0,0.0,2033.5,0.0
0,810500,KELP,2032.0,28.0,0.0,0.0,0.0,0.0,2035,1,2036.0,27.0,0.0,0.0,2033.5,0.0
0,810600,KELP,2032.0,29.0,0.0,0.0,0.0,0.0,2034,1,2035.0,29.0,0.0,0.0,2033.0,0.0
0,810700,KELP,2032.0,20.0,0.0,0.0,0.0,0.0,2035,20,0.0,0.0,0.0,0.0,2033.5,0.0
0,810800,KELP,2032.0,25.0,0.0,0.0,0.0,0.0,2036,25,0.0,0.0,0.0,0.0,2034.0,0.0
0,810900,KELP,2032.0,32.0,0.0,0.0,0.0,0.0,2034,6,2035.0,2.0,2036.0,30.0,2033.0,0.0
0,811000,KELP,2032.0,27.0,0.0,0.0,0.0,0.0,2036,27,0.0,0.0,0.0,0.0,2034.0,0.0
0,811100,KELP,2032.0,28.0,0.0,0.0,0.0,0.0,2035,28,0.0,0.0,0.0,0.0,2033.5,0.0
0,811200,KELP,2032.0,29.0,0.0,0.0,0.0,0.0,2034,4,2035.0,29.0,0.0,0.0,2033.0,0.0
0,811300,KELP,2034.0,1.0,2032.0,24.0,0.0,0.0,2035,24,0.0,0.0,0.0,0.0,2034.5,0.0
0,811400,KELP,2032.0,25.0,0.0,0.0,0.0,0.0,2035,25,0.0,0.0,0.0,0.0,2033.5,0.0
0,811500,KELP,2032.0,23.0,0.0,0.0,0.0,0.0,2035,23,0.0,0.0,0.0,0.0,2033.5,0.0
0,811600,KELP,2032.0,27.0,0.0,0.0,0.0,0.0,2035,27,0.0,0.0,0.0,0.0,2033.5,0.0
0,811700,KELP,2034.0,1.0,2032.0,24.0,0.0,0.0,2035,24,0.0,0.0,0.0,0.0,2034.5,0.0
0,811800,KELP,2032.0,28.0,0.0,0.0,0.0,0.0,2035,28,0.0,0.0,0.0,0.0,2033.5,0.0
0,811900,KELP,2034.0,1.0,2032.0,27.0,0.0,0.0,2035,27,0.0,0.0,0.0,0.0,2034.5,0.0
0,812000,KELP,2032.0,1.0,2031.0,23.0,0.0,0.0,2035,24,0.0,0.0,0.0,0.0,2033.5,0.0
0,812100,KELP,2034.0,7.0,2032.0,28.0,0.0,0.0,2035,28,0.0,0.0,0.0,0.0,2034.5,0.0
0,812200,KELP,2031.0,27.0,0.0,0.0,0.0,0.0,2035,27,0.0,0.0,0.0,0.0,2033.0,0.0
0,812300,KELP,2034.0,1.0,2031.0,26.0,0.0,0.0,2035,26,0.0,0.0,0.0,0.0,2034.5,0.0
0,812400,KELP,2031.0,22.0,0.0,0.0,0.0,0.0,2035,22,0.0,0.0,0.0,0.0,2033.0,0.0
0,812500,KELP,2031.0,27.0,0.0,0.0,0.0,0.0,2035,27,0.0,0.0,0.0,0.0,2033.0,0.0
0,812600,KELP,2031.0,31.0,0.0,0.0,0.0,0.0,2035,31,0.0,0.0,0.0,0.0,2033.0,0.0
0,812700,KELP,2032.0,6.0,2031.0,26.0,0.0,0.0,2035,26,0.0,0.0,0.0,0.0,2033.5,0.0
0,812800,KELP,2031.0,23.0,0.0,0.0,0.0,0.0,2035,23,0.0,0.0,0.0,0.0,2033.0,0.0
0,812900,KELP,2031.0,22.0,0.0,0.0,0.0,0.0,2035,22,0.0,0.0,0.0,0.0,2033.0,0.0
0,813000,KELP,2031.0,30.0,0.0,0.0,0.0,0.0,2034,2,2035.0,28.0,0.0,0.0,2032.5,0.0
0,813100,KELP,2032.0,5.0,2031.0,29.0,0.0,0.0,2034,2,2035.0,27.0,0.0,0.0,2033.0,0.0
0,813200,KELP,2031.0,24.0,0.0,0.0,0.0,0.0,2033,3,2034.0,24.0,0.0,0.0,2032.0,0.0
0,813300,KELP,2031.0,23.0,0.0,0.0,0.0,0.0,2034,23,0.0,0.0,0.0,0.0,2032.5,0.0
0,813400,KELP,2031.0,21.0,0.0,0.0,0.0,0.0,2034,22,0.0,0.0,0.0,0.0,2032.5,0.0
0,813500,KELP,2031.0,22.0,0.0,0.0,0.0,0.0,2034,22,0.0,0.0,0.0,0.0,2032.5,0.0
0,813600,KELP,2031.0,21.0,0.0,0.0,0.0,0.0,2034,21,0.0,0.0,0.0,0.0,2032.5,0.0
0,813700,KELP,2031.0,39.0,0.0,0.0,0.0,0.0,2034,32,0.0,0.0,0.0,0.0,2032.5,0.0
0,813800,KELP,2031.0,28.0,0.0,0.0,0.0,0.0,2034,28,0.0,0.0,0.0,0.0,2032.5,0.0
0,813900,KELP,2031.0,28.0,0.0,0.0,0.0,0.0,2034,28,0.0,0.0,0.0,0.0,2032.5,0.0
0,814000,KELP,2032.0,7.0,2031.0,21.0,0.0,0.0,2035,21,0.0,0.0,0.0,0.0,2033.5,0.0
0,814100,KELP,2031.0,22.0,0.0,0.0,0.0,0.0,2035,22,0.0,0.0,0.0,0.0,2033.0,0.0
0,814200,KELP,2031.0,24.0,0.0,0.0,0.0,0.0,2035,24,0.0,0.0,0.0,0.0,2033.0,0.0
0,814300,KELP,2031.0,25.0,0.0,0.0,0.0,0.0,2035,25,0.0,0.0,0.0,0.0,2033.0,0.0
0,814400,KELP,2034.0,1.0,2031.0,31.0,0.0,0.0,2035,31,0.0,0.0,0.0,0.0,2034.5,0.0
0,814500,KELP,2031.0,29.0,0.0,0.0,0.0,0.0,2033,5,2035.0,29.0,0.0,0.0,2032.0,0.0
0,814600,KELP,2032.0,22.0,0.0,0.0,0.0,0.0,2035,22,0.0,0.0,0.0,0.0,2033.5,0.0
0,814700,KELP,2032.0,22.0,0.0,0.0,0.0,0.0,2035,22,0.0,0.0,0.0,0.0,2033.5,0.0
0,814800,KELP,2032.0,22.0,0.0,0.0,0.0,0.0,2035,23,0.0,0.0,0.0,0.0,2033.5,0.0
0,814900,KELP,2032.0,26.0,0.0,0.0,0.0,0.0,2034,2,2035.0,27.0,0.0,0.0,2033.0,0.0
0,815000,KELP,2033.0,4.0,2032.0,27.0,0.0,0.0,2034,8,2035.0,27.0,0.0,0.0,2033.5,0.0
0,815100,KELP,2033.0,5.0,2032.0,29.0,0.0,0.0,2035,29,0.0,0.0,0.0,0.0,2034.0,0.0
0,815200,KELP,2032.0,25.0,0.0,0.0,0.0,0.0,2035,25,0.0,0.0,0.0,0.0,2033.5,0.0
0,815300,KELP,2032.0,29.0,0.0,0.0,0.0,0.0,2035,29,0.0,0.0,0.0,0.0,2033.5,0.0
0,815400,KELP,2032.0,30.0,0.0,0.0,0.0,0.0,2035,30,0.0,0.0,0.0,0.0,2033.5,0.0
0,815500,KELP,2032.0,30.0,0.0,0.0,0.0,0.0,2036,30,0.0,0.0,0.0,0.0,2034.0,0.0
0,815600,KELP,2034.0,1.0,2032.0,30.0,0.0,0.0,2036,30,0.0,0.0,0.0,0.0,2035.0,0.0
0,815700,KELP,2034.0,1.0,2033.0,2.0,2032.0,22.0,2036,22,0.0,0.0,0.0,0.0,2035.0,0.0
0,815800,KELP,2032.0,27.0,0.0,0.0,0.0,0.0,2036,27,0.0,0.0,0.0,0.0,2034.0,0.0
0,815900,KELP,2032.0,26.0,0.0,0.0,0.0,0.0,2036,26,0.0,0.0,0.0,0.0,2034.0,0.0
0,816000,KELP,2033.0,27.0,0.0,0.0,0.0,0.0,2036,27,0.0,0.0,0.0,0.0,2034.5,0.0
0,816100,KELP,2035.0,1.0,2033.0,2.0,2032.0,27.0,2036,29,0.0,0.0,0.0,0.0,2035.5,0.0
0,816200,KELP,2032.0,24.0,0.0,0.0,0.0,0.0,2036,24,0.0,0.0,0.0,0.0,2034.0,0.0
0,816300,KELP,2032.0,24.0,0.0,0.0,0.0,0.0,2036,24,0.0,0.0,0.0,0.0,2034.0,0.0
0,816400,KELP,2032.0,22.0,0.0,0.0,0.0,0.0,2034,6,2036.0,22.0,0.0,0.0,2033.0,0.0
0,816500,KELP,2032.0,27.0,0.0,0.0,0.0,0.0,2036,28,0.0,0.0,0.0,0.0,2034.0,0.0
0,816600,KELP,2032.0,26.0,0.0,0.0,0.0,0.0,2034,6,2036.0,26.0,0.0,0.0,2033.0,0.0
0,816700,KELP,2032.0,28.0,0.0,0.0,0.0,0.0,2036,28,0.0,0.0,0.0,0.0,2034.0,0.0
0,816800,KELP,2033.0,7.0,2032.0,22.0,0.0,0.0,2036,22,0.0,0.0,0.0,0.0,2034.5,0.0
0,816900,KELP,2034.0,3.0,2032.0,26.0,0.0,0.0,2036,26,0.0,0.0,0.0,0.0,2035.0,0.0
0,817000,KELP,2033.0,26.0,0.0,0.0,0.0,0.0,2036,28,0.0,0.0,0.0,0.0,2034.5,0.0
0,817100,KELP,2033.0,32.0,0.0,0.0,0.0,0.0,2035,6,2036.0,32.0,0.0,0.0,2034.0,0.0
0,817200,KELP,2033.0,25.0,0.0,0.0,0.0,0.0,2036,26,0.0,0.0,0.0,0.0,2034.5,0.0
0,817300,KELP,2034.0,5.0,2033.0,28.0,0.0,0.0,2036,28,0.0,0.0,0.0,0.0,2035.0,0.0
0,817400,KELP,2033.0,26.0,0.0,0.0,0.0,0.0,2036,25,0.0,0.0,0.0,0.0,2034.5,0.0
0,817500,KELP,2033.0,23.0,0.0,0.0,0.0,0.0,2036,23,0.0,0.0,0.0,0.0,2034.5,0.0
0,817600,KELP,2033.0,33.0,0.0,0.0,0.0,0.0,2036,28,0.0,0.0,0.0,0.0,2034.5,0.0
0,817700,KELP,2033.0,28.0,0.0,0.0,0.0,0.0,2034,5,2036.0,29.0,0.0,0.0,2033.5,0.0
0,817800,KELP,2033.0,32.0,0.0,0.0,0.0,0.0,2036,31,0.0,0.0,0.0,0.0,2034.5,0.0
0,817900,KELP,2033.0,16.0,0.0,0.0,0.0,0.0,2035,5,2036.0,22.0,0.0,0.0,2034.0,0.0
0,818000,KELP,2033.0,31.0,0.0,0.0,0.0,0.0,2036,2,2037.0,29.0,0.0,0.0,2034.5,0.0
0,818100,KELP,2033.0,25.0,0.0,0.0,0.0,0.0,2035,7,2036.0,25.0,0.0,0.0,2034.0,0.0
0,818200,KELP,2033.0,29.0,0.0,0.0,0.0,0.0,2036,29,0.0,0.0,0.0,0.0,2034.5,0.0
0,818300,KELP,2033.0,24.0,0.0,0.0,0.0,0.0,2034,2,2036.0,24.0,0.0,0.0,2033.5,0.0
0,818400,KELP,2035.0,1.0,2033.0,31.0,0.0,0.0,2036,31,0.0,0.0,0.0,0.0,2035.5,0.0
0,818500,KELP,2035.0,1.0,2033.0,31.0,0.0,0.0,2036,25,0.0,0.0,0.0,0.0,2035.5,0.0
0,818600,KELP,2033.0,34.0,0.0,0.0,0.0,0.0,2034,6,2036.0,29.0,0.0,0.0,2033.5,0.0
0,818700,KELP,2033.0,31.0,0.0,0.0,0.0,0.0,2036,31,0.0,0.0,0.0,0.0,2034.5,0.0
0,818800,KELP,2033.0,24.0,0.0,0.0,0.0,0.0,2036,24,0.0,0.0,0.0,0.0,2034.5,0.0
0,818900,KELP,2033.0,23.0,0.0,0.0,0.0,0.0,2036,23,0.0,0.0,0.0,0.0,2034.5,0.0
0,819000,KELP,2034.0,7.0,2033.0,24.0,0.0,0.0,2036,2,2037.0,22.0,0.0,0.0,2035.0,0.0
0,819100,KELP,2034.0,25.0,0.0,0.0,0.0,0.0,2037,25,0.0,0.0,0.0,0.0,2035.5,0.0
0,819200,KELP,2034.0,31.0,0.0,0.0,0.0,0.0,2036,8,2037.0,31.0,0.0,0.0,2035.0,0.0
0,819300,KELP,2033.0,21.0,0.0,0.0,0.0,0.0,2036,2,2037.0,21.0,0.0,0.0,2034.5,0.0
0,819400,KELP,2034.0,31.0,0.0,0.0,0.0,0.0,2037,31,0.0,0.0,0.0,0.0,2035.5,0.0
0,819500,KELP,2033.0,30.0,0.0,0.0,0.0,0.0,2037,30,0.0,0.0,0.0,0.0,2035.0,0.0
0,819600,KELP,2034.0,8.0,2033.0,29.0,0.0,0.0,2037,29,0.0,0.0,0.0,0.0,2035.5,0.0
0,819700,KELP,2033.0,25.0,0.0,0.0,0.0,0.0,2036,1,2037.0,25.0,0.0,0.0,2034.5,0.0
0,819800,KELP,2033.0,33.0,0.0,0.0,0.0,0.0,2036,26,0.0,0.0,0.0,0.0,2034.5,0.0
0,819900,KELP,2033.0,28.0,0.0,0.0,0.0,0.0,2036,22,0.0,0.0,0.0,0.0,2034.5,0.0
0,820000,KELP,2035.0,1.0,2033.0,22.0,0.0,0.0,2036,22,0.0,0.0,0.0,0.0,2035.5,0.0
0,820100,KELP,2035.0,5.0,2033.0,29.0,0.0,0.0,2036,29,0.0,0.0,0.0,0.0,2035.5,0.0
0,820200,KELP,2033.0,30.0,0.0,0.0,0.0,0.0,2036,30,0.0,0.0,0.0,0.0,2034.5,0.0
0,820300,KELP,2033.0,28.0,0.0,0.0,0.0,0.0,2036,28,0.0,0.0,0.0,0.0,2034.5,0.0
0,820400,KELP,2033.0,28.0,0.0,0.0,0.0,0.0,2036,28,0.0,0.0,0.0,0.0,2034.5,0.0
0,820500,KELP,2033.0,20.0,0.0,0.0,0.0,0.0,2036,20,0.0,0.0,0.0,0.0,2034.5,0.0
0,820600,KELP,2033.0,26.0,0.0,0.0,0.0,0.0,2036,27,0.0,0.0,0.0,0.0,2034.5,0.0
0,820700,KELP,2033.0,21.0,0.0,0.0,0.0,0.0,2035,3,2036.0,21.0,0.0,0.0,2034.0,0.0
0,820800,KELP,2033.0,26.0,0.0,0.0,0.0,0.0,2036,26,0.0,0.0,0.0,0.0,2034.5,0.0
0,820900,KELP,2033.0,27.0,0.0,0.0,0.0,0.0,2036,23,0.0,0.0,0.0,0.0,2034.5,0.0
0,821000,KELP,2033.0,29.0,0.0,0.0,0.0,0.0,2036,29,0.0,0.0,0.0,0.0,2034.5,0.0
0,821100,KELP,2033.0,29.0,0.0,0.0,0.0,0.0,2034,6,2035.0,6.0,2036.0,29.0,2033.5,0.0
0,821200,KELP,2032.0,29.0,0.0,0.0,0.0,0.0,2034,8,2036.0,29.0,0.0,0.0,2033.0,0.0
0,821300,KELP,2032.0,25.0,0.0,0.0,0.0,0.0,2036,25,0.0,0.0,0.0,0.0,2034.0,0.0
0,821400,KELP,2032.0,26.0,0.0,0.0,0.0,0.0,2034,8,2036.0,26.0,0.0,0.0,2033.0,0.0
0,821500,KELP,2032.0,28.0,0.0,0.0,0.0,0.0,2036,28,0.0,0.0,0.0,0.0,2034.0,0.0
0,821600,KELP,2033.0,28.0,0.0,0.0,0.0,0.0,2035,3,2036.0,28.0,0.0,0.0,2034.0,0.0
0,821700,KELP,2035.0,1.0,2033.0,27.0,0.0,0.0,2036,27,0.0,0.0,0.0,0.0,2035.5,0.0
0,821800,KELP,2033.0,1.0,2032.0,27.0,0.0,0.0,2035,7,2036.0,28.0,0.0,0.0,2034.0,0.0
0,821900,KELP,2033.0,24.0,0.0,0.0,0.0,0.0,2036,24,0.0,0.0,0.0,0.0,2034.5,0.0
0,822000,KELP,2032.0,26.0,0.0,0.0,0.0,0.0,2033,1,2036.0,26.0,0.0,0.0,2032.5,0.0
0,822100,KELP,2032.0,25.0,0.0,0.0,0.0,0.0,2035,6,2036.0,25.0,0.0,0.0,2033.5,0.0
0,822200,KELP,2033.0,4.0,2032.0,21.0,0.0,0.0,2036,23,0.0,0.0,0.0,0.0,2034.5,0.0
0,822300,KELP,2033.0,28.0,0.0,0.0,0.0,0.0,2035,8,2036.0,28.0,0.0,0.0,2034.0,0.0
0,822400,KELP,2033.0,2.0,2032.0,30.0,0.0,0.0,2036,32,0.0,0.0,0.0,0.0,2034.5,0.0
0,822500,KELP,2033.0,31.0,0.0,0.0,0.0,0.0,2035,5,2036.0,31.0,0.0,0.0,2034.0,0.0
0,822600,KELP,2032.0,29.0,0.0,0.0,0.0,0.0,2036,29,0.0,0.0,0.0,0.0,2034.0,0.0
0,822700,KELP,2033.0,22.0,0.0,0.0,0.0,0.0,2036,26,0.0,0.0,0.0,0.0,2034.5,0.0
0,822800,KELP,2033.0,1.0,2032.0,20.0,0.0,0.0,2034,5,2036.0,21.0,0.0,0.0,2033.5,0.0
0,822900,KELP,2033.0,3.0,2032.0,27.0,0.0,0.0,2036,27,0.0,0.0,0.0,0.0,2034.5,0.0
0,823000,KELP,2032.0,20.0,0.0,0.0,0.0,0.0,2033,1,2036.0,20.0,0.0,0.0,2032.5,0.0
0,823100,KELP,2033.0,2.0,2032.0,27.0,0.0,0.0,2036,29,0.0,0.0,0.0,0.0,2034.5,0.0
0,823200,KELP,2032.0,23.0,0.0,0.0,0.0,0.0,2033,1,2036.0,23.0,0.0,0.0,2032.5,0.0
0,823300,KELP,2033.0,7.0,2032.0,30.0,0.0,0.0,2036,30,0.0,0.0,0.0,0.0,2034.5,0.0
0,823400,KELP,2032.0,26.0,0.0,0.0,0.0,0.0,2036,26,0.0,0.0,0.0,0.0,2034.0,0.0
0,823500,KELP,2032.0,25.0,0.0,0.0,0.0,0.0,2036,25,0.0,0.0,0.0,0.0,2034.0,0.0
0,823600,KELP,2033.0,2.0,2032.0,30.0,0.0,0.0,2036,32,0.0,0.0,0.0,0.0,2034.5,0.0
0,823700,KELP,2033.0,2.0,2032.0,28.0,0.0,0.0,2036,30,0.0,0.0,0.0,0.0,2034.5,0.0
0,823800,KELP,2032.0,20.0,0.0,0.0,0.0,0.0,2034,8,2036.0,20.0,0.0,0.0,2033.0,0.0
0,823900,KELP,2032.0,26.0,0.0,0.0,0.0,0.0,2036,26,0.0,0.0,0.0,0.0,2034.0,0.0
0,824000,KELP,2032.0,21.0,0.0,0.0,0.0,0.0,2036,21,0.0,0.0,0.0,0.0,2034.0,0.0
0,824100,KELP,2033.0,7.0,2032.0,26.0,0.0,0.0,2036,26,0.0,0.0,0.0,0.0,2034.5,0.0
0,824200,KELP,2032.0,30.0,0.0,0.0,0.0,0.0,2036,30,0.0,0.0,0.0,0.0,2034.0,0.0
0,824300,KELP,2032.0,30.0,0.0,0.0,0.0,0.0,2035,30,0.0,0.0,0.0,0.0,2033.5,0.0
0,824400,KELP,2032.0,30.0,0.0,0.0,0.0,0.0,2035,30,0.0,0.0,0.0,0.0,2033.5,0.0
0,824500,KELP,2032.0,29.0,0.0,0.0,0.0,0.0,2035,1,2036.0,28.0,0.0,0.0,2033.5,0.0
0,824600,KELP,2032.0,27.0,0.0,0.0,0.0,0.0,2035,27,0.0,0.0,0.0,0.0,2033.5,0.0
0,824700,KELP,2032.0,28.0,0.0,0.0,0.0,0.0,2035,27,0.0,0.0,0.0,0.0,2033.5,0.0
0,824800,KELP,2033.0,3.0,2032.0,29.0,0.0,0.0,2035,23,0.0,0.0,0.0,0.0,2034.0,0.0
0,824900,KELP,2032.0,29.0,0.0,0.0,0.0,0.0,2034,4,2035.0,29.0,0.0,0.0,2033.0,0.0
0,825000,KELP,2032.0,29.0,0.0,0.0,0.0,0.0,2034,7,2035.0,29.0,0.0,0.0,2033.0,0.0
0,825100,KELP,2032.0,21.0,0.0,0.0,0.0,0.0,2034,3,2035.0,21.0,0.0,0.0,2033.0,0.0
0,825200,KELP,2032.0,28.0,0.0,0.0,0.0,0.0,2035,28,0.0,0.0,0.0,0.0,2033.5,0.0
0,825300,KELP,2032.0,2.0,2031.0,23.0,0.0,0.0,2035,25,0.0,0.0,0.0,0.0,2033.5,0.0
0,825400,KELP,2031.0,21.0,0.0,0.0,0.0,0.0,2035,21,0.0,0.0,0.0,0.0,2033.0,0.0
0,825500,KELP,2031.0,26.0,0.0,0.0,0.0,0.0,2035,26,0.0,0.0,0.0,0.0,2033.0,0.0
0,825600,KELP,2031.0,29.0,0.0,0.0,0.0,0.0,2034,2,2035.0,27.0,0.0,0.0,2032.5,0.0
0,825700,KELP,2031.0,25.0,0.0,0.0,0.0,0.0,2033,3,2034.0,25.0,0.0,0.0,2032.0,0.0
0,825800,KELP,2031.0,23.0,0.0,0.0,0.0,0.0,2034,24,0.0,0.0,0.0,0.0,2032.5,0.0
0,825900,KELP,2031.0,22.0,0.0,0.0,0.0,0.0,2034,22,0.0,0.0,0.0,0.0,2032.5,0.0
0,826000,KELP,2031.0,22.0,0.0,0.0,0.0,0.0,2033,3,2034.0,22.0,0.0,0.0,2032.0,0.0
0,826100,KELP,2031.0,29.0,0.0,0.0,0.0,0.0,2034,29,0.0,0.0,0.0,0.0,2032.5,0.0
0,826200,KELP,2031.0,4.0,2030.0,22.0,0.0,0.0,2034,22,0.0,0.0,0.0,0.0,2032.5,0.0
0,826300,KELP,2031.0,22.0,0.0,0.0,0.0,0.0,2034,22,0.0,0.0,0.0,0.0,2032.5,0.0
0,826400,KELP,2031.0,29.0,0.0,0.0,0.0,0.0,2033,4,2034.0,29.0,0.0,0.0,2032.0,0.0
0,826500,KELP,2031.0,30.0,0.0,0.0,0.0,0.0,2034,30,0.0,0.0,0.0,0.0,2032.5,0.0
0,826600,KELP,2030.0,32.0,0.0,0.0,0.0,0.0,2034,32,0.0,0.0,0.0,0.0,2032.0,0.0
0,826700,KELP,2031.0,27.0,0.0,0.0,0.0,0.0,2034,27,0.0,0.0,0.0,0.0,2032.5,0.0
0,826800,KELP,2032.0,5.0,2031.0,29.0,0.0,0.0,2034,29,0.0,0.0,0.0,0.0,2033.0,0.0
0,826900,KELP,2031.0,28.0,0.0,0.0,0.0,0.0,2034,28,0.0,0.0,0.0,0.0,2032.5,0.0
0,827000,KELP,2033.0,1.0,2031.0,34.0,0.0,0.0,2034,28,0.0,0.0,0.0,0.0,2033.5,0.0
0,827100,KELP,2031.0,31.0,0.0,0.0,0.0,0.0,2033,5,2034.0,31.0,0.0,0.0,2032.0,0.0
0,827200,KELP,2031.0,29.0,0.0,0.0,0.0,0.0,2033,6,2034.0,29.0,0.0,0.0,2032.0,0.0
0,827300,KELP,2031.0,21.0,0.0,0.0,0.0,0.0,2034,21,0.0,0.0,0.0,0.0,2032.5,0.0
0,827400,KELP,2031.0,30.0,0.0,0.0,0.0,0.0,2034,25,0.0,0.0,0.0,0.0,2032.5,0.0
0,827500,KELP,2031.0,23.0,0.0,0.0,0.0,0.0,2033,6,2034.0,23.0,0.0,0.0,2032.0,0.0
0,827600,KELP,2031.0,31.0,0.0,0.0,0.0,0.0,2034,31,0.0,0.0,0.0,0.0,2032.5,0.0
0,827700,KELP,2031.0,28.0,0.0,0.0,0.0,0.0,2034,28,0.0,0.0,0.0,0.0,2032.5,0.0
0,827800,KELP,2031.0,23.0,0.0,0.0,0.0,0.0,2034,23,0.0,0.0,0.0,0.0,2032.5,0.0
0,827900,KELP,2033.0,3.0,2031.0,24.0,0.0,0.0,2034,24,0.0,0.0,0.0,0.0,2033.5,0.0
0,828000,KELP,2031.0,31.0,0.0,0.0,0.0,0.0,2034,31,0.0,0.0,0.0,0.0,2032.5,0.0
0,828100,KELP,2031.0,23.0,0.0,0.0,0.0,0.0,2034,23,0.0,0.0,0.0,0.0,2032.5,0.0
0,828200,KELP,2030.0,21.0,0.0,0.0,0.0,0.0,2031,1,2034.0,21.0,0.0,0.0,2030.5,0.0
0,828300,KELP,2031.0,32.0,0.0,0.0,0.0,0.0,2034,32,0.0,0.0,0.0,0.0,2032.5,0.0
0,828400,KELP,2031.0,4.0,2030.0,29.0,0.0,0.0,2034,30,0.0,0.0,0.0,0.0,2032.5,0.0
0,828500,KELP,2031.0,31.0,0.0,0.0,0.0,0.0,2034,31,0.0,0.0,0.0,0.0,2032.5,0.0
0,828600,KELP,2031.0,8.0,2030.0,20.0,0.0,0.0,2034,21,0.0,0.0,0.0,0.0,2032.5,0.0
0,828700,KELP,2033.0,1.0,2031.0,29.0,0.0,0.0,2034,29,0.0,0.0,0.0,0.0,2033.5,0.0
0,828800,KELP,2031.0,29.0,0.0,0.0,0.0,0.0,2034,29,0.0,0.0,0.0,0.0,2032.5,0.0
0,828900,KELP,2031.0,21.0,0.0,0.0,0.0,0.0,2034,21,0.0,0.0,0.0,0.0,2032.5,0.0
0,829000,KELP,2031.0,28.0,0.0,0.0,0.0,0.0,2034,28,0.0,0.0,0.0,0.0,2032.5,0.0
0,829100,KELP,2031.0,25.0,0.0,0.0,0.0,0.0,2034,25,0.0,0.0,0.0,0.0,2032.5,0.0
0,829200,KELP,2031.0,26.0,0.0,0.0,0.0,0.0,2034,26,0.0,0.0,0.0,0.0,2032.5,0.0
0,829300,KELP,2031.0,24.0,0.0,0.0,0.0,0.0,2034,24,0.0,0.0,0.0,0.0,2032.5,0.0
0,829400,KELP,2031.0,28.0,0.0,0.0,0.0,0.0,2033,5,2034.0,29.0,0.0,0.0,2032.0,0.0
0,829500,KELP,2031.0,21.0,0.0,0.0,0.0,0.0,2033,7,2034.0,22.0,0.0,0.0,2032.0,0.0
0,829600,KELP,2031.0,27.0,0.0,0.0,0.0,0.0,2034,27,0.0,0.0,0.0,0.0,2032.5,0.0
0,829700,KELP,2031.0,28.0,0.0,0.0,0.0,0.0,2034,28,0.0,0.0,0.0,0.0,2032.5,0.0
0,829800,KELP,2031.0,32.0,0.0,0.0,0.0,0.0,2034,24,0.0,0.0,0.0,0.0,2032.5,0.0
0,829900,KELP,2031.0,29.0,0.0,0.0,0.0,0.0,2034,29,0.0,0.0,0.0,0.0,2032.5,0.0
0,830000,KELP,2031.0,20.0,0.0,0.0,0.0,0.0,2033,1,2034.0,20.0,0.0,0.0,2032.0,0.0
0,830100,KELP,2031.0,24.0,0.0,0.0,0.0,0.0,2033,6,2034.0,24.0,0.0,0.0,2032.0,0.0
0,830200,KELP,2031.0,29.0,0.0,0.0,0.0,0.0,2034,28,0.0,0.0,0.0,0.0,2032.5,0.0
0,830300,KELP,2031.0,28.0,0.0,0.0,0.0,0.0,2034,28,0.0,0.0,0.0,0.0,2032.5,0.0
0,830400,KELP,2031.0,23.0,0.0,0.0,0.0,0.0,2032,2,2034.0,23.0,0.0,0.0,2031.5,0.0
0,830500,KELP,2031.0,27.0,0.0,0.0,0.0,0.0,2033,7,2034.0,27.0,0.0,0.0,2032.0,0.0
0,830600,KELP,2031.0,26.0,0.0,0.0,0.0,0.0,2033,4,2034.0,26.0,0.0,0.0,2032.0,0.0
0,830700,KELP,2031.0,26.0,0.0,0.0,0.0,0.0,2035,26,0.0,0.0,0.0,0.0,2033.0,0.0
0,830800,KELP,2031.0,28.0,0.0,0.0,0.0,0.0,2033,6,2034.0,1.0,2035.0,27.0,2032.0,0.0
0,830900,KELP,2031.0,23.0,0.0,0.0,0.0,0.0,2035,23,0.0,0.0,0.0,0.0,2033.0,0.0
0,831000,KELP,2031.0,31.0,0.0,0.0,0.0,0.0,2035,31,0.0,0.0,0.0,0.0,2033.0,0.0
0,831100,KELP,2032.0,4.0,2031.0,28.0,0.0,0.0,2035,28,0.0,0.0,0.0,0.0,2033.5,0.0
0,831200,KELP,2032.0,1.0,2031.0,28.0,0.0,0.0,2035,28,0.0,0.0,0.0,0.0,2033.5,0.0
0,831300,KELP,2032.0,4.0,2031.0,24.0,0.0,0.0,2035,24,0.0,0.0,0.0,0.0,2033.5,0.0
0,831400,KELP,2033.0,6.0,2031.0,25.0,0.0,0.0,2035,25,0.0,0.0,0.0,0.0,2034.0,0.0
0,831500,KELP,2031.0,29.0,0.0,0.0,0.0,0.0,2035,29,0.0,0.0,0.0,0.0,2033.0,0.0
0,831600,KELP,2033.0,1.0,2031.0,24.0,0.0,0.0,2034,2,2035.0,22.0,0.0,0.0,2033.5,0.0
0,831700,KELP,2033.0,4.0,2031.0,28.0,0.0,0.0,2034,28,0.0,0.0,0.0,0.0,2033.5,0.0
0,831800,KELP,2031.0,29.0,0.0,0.0,0.0,0.0,2034,29,0.0,0.0,0.0,0.0,2032.5,0.0
0,831900,KELP,2031.0,25.0,0.0,0.0,0.0,0.0,2035,25,0.0,0.0,0.0,0.0,2033.0,0.0
0,832000,KELP,2031.0,26.0,0.0,0.0,0.0,0.0,2034,26,0.0,0.0,0.0,0.0,2032.5,0.0
0,832100,KELP,2033.0,1.0,2031.0,31.0,0.0,0.0,2034,31,0.0,0.0,0.0,0.0,2033.5,0.0
0,832200,KELP,2031.0,24.0,0.0,0.0,0.0,0.0,2034,2,2035.0,22.0,0.0,0.0,2032.5,0.0
0,832300,KELP,2031.0,27.0,0.0,0.0,0.0,0.0,2034,24,0.0,0.0,0.0,0.0,2032.5,0.0
0,832400,KELP,2031.0,23.0,0.0,0.0,0.0,0.0,2034,2,2035.0,21.0,0.0,0.0,2032.5,0.0
0,832500,KELP,2031.0,26.0,0.0,0.0,0.0,0.0,2035,26,0.0,0.0,0.0,0.0,2033.0,0.0
0,832600,KELP,2031.0,22.0,0.0,0.0,0.0,0.0,2032,5,2035.0,22.0,0.0,0.0,2031.5,0.0
0,832700,KELP,2031.0,22.0,0.0,0.0,0.0,0.0,2035,22,0.0,0.0,0.0,0.0,2033.0,0.0
0,832800,KELP,2031.0,30.0,0.0,0.0,0.0,0.0,2035,30,0.0,0.0,0.0,0.0,2033.0,0.0
0,832900,KELP,2031.0,28.0,0.0,0.0,0.0,0.0,2035,28,0.0,0.0,0.0,0.0,2033.0,0.0
0,833000,KELP,2031.0,23.0,0.0,0.0,0.0,0.0,2035,23,0.0,0.0,0.0,0.0,2033.0,0.0
0,833100,KELP,2031.0,27.0,0.0,0.0,0.0,0.0,2035,27,0.0,0.0,0.0,0.0,2033.0,0.0
0,833200,KELP,2031.0,26.0,0.0,0.0,0.0,0.0,2034,1,2035.0,25.0,0.0,0.0,2032.5,0.0
0,833300,KELP,2031.0,27.0,0.0,0.0,0.0,0.0,2035,27,0.0,0.0,0.0,0.0,2033.0,0.0
0,833400,KELP,2032.0,2.0,2031.0,23.0,0.0,0.0,2033,2,2035.0,23.0,0.0,0.0,2032.5,0.0
0,833500,KELP,2032.0,2.0,2031.0,26.0,0.0,0.0,2035,28,0.0,0.0,0.0,0.0,2033.5,0.0
0,833600,KELP,2033.0,5.0,2031.0,26.0,0.0,0.0,2035,26,0.0,0.0,0.0,0.0,2034.0,0.0
0,833700,KELP,2034.0,1.0,2032.0,22.0,0.0,0.0,2035,22,0.0,0.0,0.0,0.0,2034.5,0.0
0,833800,KELP,2032.0,28.0,0.0,0.0,0.0,0.0,2035,28,0.0,0.0,0.0,0.0,2033.5,0.0
0,833900,KELP,2032.0,8.0,2031.0,25.0,0.0,0.0,2033,2,2035.0,25.0,0.0,0.0,2032.5,0.0
0,834000,KELP,2031.0,32.0,0.0,0.0,0.0,0.0,2035,32,0.0,0.0,0.0,0.0,2033.0,0.0
0,834100,KELP,2034.0,1.0,2031.0,28.0,0.0,0.0,2035,28,0.0,0.0,0.0,0.0,2034.5,0.0
0,834200,KELP,2033.0,1.0,2031.0,22.0,0.0,0.0,2035,22,0.0,0.0,0.0,0.0,2034.0,0.0
0,834300,KELP,2033.0,1.0,2031.0,29.0,0.0,0.0,2035,29,0.0,0.0,0.0,0.0,2034.0,0.0
0,834400,KELP,2031.0,22.0,0.0,0.0,0.0,0.0,2034,1,2035.0,21.0,0.0,0.0,2032.5,0.0
0,834500,KELP,2031.0,26.0,0.0,0.0,0.0,0.0,2034,24,0.0,0.0,0.0,0.0,2032.5,0.0
0,834600,KELP,2031.0,23.0,0.0,0.0,0.0,0.0,2034,24,0.0,0.0,0.0,0.0,2032.5,0.0
0,834700,KELP,2031.0,30.0,0.0,0.0,0.0,0.0,2034,30,0.0,0.0,0.0,0.0,2032.5,0.0
0,834800,KELP,2031.0,24.0,0.0,0.0,0.0,0.0,2034,1,2035.0,23.0,0.0,0.0,2032.5,0.0
0,834900,KELP,2031.0,28.0,0.0,0.0,0.0,0.0,2034,28,0.0,0.0,0.0,0.0,2032.5,0.0
0,835000,KELP,2031.0,30.0,0.0,0.0,0.0,0.0,2033,3,2034.0,30.0,0.0,0.0,2032.0,0.0
0,835100,KELP,2031.0,28.0,0.0,0.0,0.0,0.0,2034,1,2035.0,27.0,0.0,0.0,2032.5,0.0
0,835200,KELP,2032.0,3.0,2031.0,23.0,0.0,0.0,2034,2,2035.0,21.0,0.0,0.0,2033.0,0.0
0,835300,KELP,2032.0,5.0,2031.0,24.0,0.0,0.0,2035,25,0.0,0.0,0.0,0.0,2033.5,0.0
0,835400,KELP,2032.0,1.0,2031.0,27.0,0.0,0.0,2035,28,0.0,0.0,0.0,0.0,2033.5,0.0
0,835500,KELP,2032.0,1.0,2031.0,21.0,0.0,0.0,2035,22,0.0,0.0,0.0,0.0,2033.5,0.0
0,835600,KELP,2032.0,6.0,2031.0,24.0,0.0,0.0,2035,25,0.0,0.0,0.0,0.0,2033.5,0.0
0,835700,KELP,2034.0,1.0,2032.0,2.0,2031.0,22.0,2035,24,0.0,0.0,0.0,0.0,2034.5,0.0
0,835800,KELP,2032.0,2.0,2031.0,20.0,0.0,0.0,2035,22,0.0,0.0,0.0,0.0,2033.5,0.0
0,835900,KELP,2032.0,1.0,2031.0,23.0,0.0,0.0,2035,24,0.0,0.0,0.0,0.0,2033.5,0.0
0,836000,KELP,2031.0,23.0,0.0,0.0,0.0,0.0,2035,23,0.0,0.0,0.0,0.0,2033.0,0.0
0,836100,KELP,2031.0,29.0,0.0,0.0,0.0,0.0,2033,4,2035.0,30.0,0.0,0.0,2032.0,0.0
0,836200,KELP,2031.0,28.0,0.0,0.0,0.0,0.0,2035,28,0.0,0.0,0.0,0.0,2033.0,0.0
0,836300,KELP,2031.0,22.0,0.0,0.0,0.0,0.0,2034,2,2035.0,20.0,0.0,0.0,2032.5,0.0
0,836400,KELP,2031.0,20.0,0.0,0.0,0.0,0.0,2035,20,0.0,0.0,0.0,0.0,2033.0,0.0
0,836500,KELP,2031.0,26.0,0.0,0.0,0.0,0.0,2035,27,0.0,0.0,0.0,0.0,2033.0,0.0
0,836600,KELP,2031.0,27.0,0.0,0.0,0.0,0.0,2035,27,0.0,0.0,0.0,0.0,2033.0,0.0
0,836700,KELP,2033.0,1.0,2031.0,31.0,0.0,0.0,2034,1,2035.0,30.0,0.0,0.0,2033.5,0.0
0,836800,KELP,2031.0,29.0,0.0,0.0,0.0,0.0,2035,29,0.0,0.0,0.0,0.0,2033.0,0.0
0,836900,KELP,2031.0,25.0,0.0,0.0,0.0,0.0,2035,26,0.0,0.0,0.0,0.0,2033.0,0.0
0,837000,KELP,2032.0,5.0,2031.0,23.0,0.0,0.0,2035,23,0.0,0.0,0.0,0.0,2033.5,0.0
0,837100,KELP,2032.0,3.0,2031.0,21.0,0.0,0.0,2035,21,0.0,0.0,0.0,0.0,2033.5,0.0
0,837200,KELP,2034.0,1.0,2032.0,24.0,0.0,0.0,2035,24,0.0,0.0,0.0,0.0,2034.5,0.0
0,837300,KELP,2032.0,24.0,0.0,0.0,0.0,0.0,2035,25,0.0,0.0,0.0,0.0,2033.5,0.0
0,837400,KELP,2032.0,22.0,0.0,0.0,0.0,0.0,2035,22,0.0,0.0,0.0,0.0,2033.5,0.0
0,837500,KELP,2034.0,1.0,2033.0,5.0,2032.0,26.0,2035,26,0.0,0.0,0.0,0.0,2034.5,0.0
0,837600,KELP,2032.0,24.0,0.0,0.0,0.0,0.0,2035,25,0.0,0.0,0.0,0.0,2033.5,0.0
0,837700,KELP,2032.0,30.0,0.0,0.0,0.0,0.0,2035,30,0.0,0.0,0.0,0.0,2033.5,0.0
0,837800,KELP,2032.0,27.0,0.0,0.0,0.0,0.0,2035,20,0.0,0.0,0.0,0.0,2033.5,0.0
0,837900,KELP,2032.0,20.0,0.0,0.0,0.0,0.0,2035,20,0.0,0.0,0.0,0.0,2033.5,0.0
0,838000,KELP,2032.0,21.0,0.0,0.0,0.0,0.0,2033,3,2035.0,21.0,0.0,0.0,2032.5,0.0
0,838100,KELP,2032.0,32.0,0.0,0.0,0.0,0.0,2035,29,0.0,0.0,0.0,0.0,2033.5,0.0
0,838200,KELP,2032.0,24.0,0.0,0.0,0.0,0.0,2035,24,0.0,0.0,0.0,0.0,2033.5,0.0
0,838300,KELP,2034.0,1.0,2032.0,21.0,0.0,0.0,2035,21,0.0,0.0,0.0,0.0,2034.5,0.0
0,838400,KELP,2032.0,22.0,0.0,0.0,0.0,0.0,2034,6,2035.0,22.0,0.0,0.0,2033.0,0.0
0,838500,KELP,2032.0,25.0,0.0,0.0,0.0,0.0,2035,25,0.0,0.0,0.0,0.0,2033.5,0.0
0,838600,KELP,2032.0,20.0,0.0,0.0,0.0,0.0,2035,24,0.0,0.0,0.0,0.0,2033.5,0.0
0,838700,KELP,2032.0,29.0,0.0,0.0,0.0,0.0,2035,29,0.0,0.0,0.0,0.0,2033.5,0.0
0,838800,KELP,2032.0,26.0,0.0,0.0,0.0,0.0,2035,26,0.0,0.0,0.0,0.0,2033.5,0.0
0,838900,KELP,2032.0,24.0,0.0,0.0,0.0,0.0,2035,24,0.0,0.0,0.0,0.0,2033.5,0.0
0,839000,KELP,2032.0,27.0,0.0,0.0,0.0,0.0,2034,1,2035.0,27.0,0.0,0.0,2033.0,0.0
0,839100,KELP,2034.0,1.0,2032.0,30.0,0.0,0.0,2035,30,0.0,0.0,0.0,0.0,2034.5,0.0
0,839200,KELP,2032.0,26.0,0.0,0.0,0.0,0.0,2035,26,0.0,0.0,0.0,0.0,2033.5,0.0
0,839300,KELP,2032.0,32.0,0.0,0.0,0.0,0.0,2033,6,2035.0,32.0,0.0,0.0,2032.5,0.0
0,839400,KELP,2032.0,32.0,0.0,0.0,0.0,0.0,2035,32,0.0,0.0,0.0,0.0,2033.5,0.0
0,839500,KELP,2032.0,22.0,0.0,0.0,0.0,0.0,2035,22,0.0,0.0,0.0,0.0,2033.5,0.0
0,839600,KELP,2032.0,29.0,0.0,0.0,0.0,0.0,2034,5,2035.0,29.0,0.0,0.0,2033.0,0.0
0,839700,KELP,2033.0,6.0,2032.0,27.0,0.0,0.0,2034,3,2035.0,27.0,0.0,0.0,2033.5,0.0
0,839800,KELP,2032.0,27.0,0.0,0.0,0.0,0.0,2035,27,0.0,0.0,0.0,0.0,2033.5,0.0
0,839900,KELP,2032.0,32.0,0.0,0.0,0.0,0.0,2035,31,0.0,0.0,0.0,0.0,2033.5,0.0
0,840000,KELP,2032.0,30.0,0.0,0.0,0.0,0.0,2035,30,0.0,0.0,0.0,0.0,2033.5,0.0
0,840100,KELP,2032.0,30.0,0.0,0.0,0.0,0.0,2033,2,2035.0,31.0,0.0,0.0,2032.5,0.0
0,840200,KELP,2032.0,29.0,0.0,0.0,0.0,0.0,2035,29,0.0,0.0,0.0,0.0,2033.5,0.0
0,840300,KELP,2032.0,38.0,0.0,0.0,0.0,0.0,2035,30,0.0,0.0,0.0,0.0,2033.5,0.0
0,840400,KELP,2032.0,31.0,0.0,0.0,0.0,0.0,2035,25,0.0,0.0,0.0,0.0,2033.5,0.0
0,840500,KELP,2032.0,26.0,0.0,0.0,0.0,0.0,2035,26,0.0,0.0,0.0,0.0,2033.5,0.0
0,840600,KELP,2032.0,21.0,0.0,0.0,0.0,0.0,2035,22,0.0,0.0,0.0,0.0,2033.5,0.0
0,840700,KELP,2032.0,21.0,0.0,0.0,0.0,0.0,2035,22,0.0,0.0,0.0,0.0,2033.5,0.0
0,840800,KELP,2034.0,1.0,2032.0,22.0,0.0,0.0,2035,22,0.0,0.0,0.0,0.0,2034.5,0.0
0,840900,KELP,2032.0,25.0,0.0,0.0,0.0,0.0,2035,25,0.0,0.0,0.0,0.0,2033.5,0.0
0,841000,KELP,2032.0,24.0,0.0,0.0,0.0,0.0,2035,24,0.0,0.0,0.0,0.0,2033.5,0.0
0,841100,KELP,2032.0,30.0,0.0,0.0,0.0,0.0,2035,30,0.0,0.0,0.0,0.0,2033.5,0.0
0,841200,KELP,2034.0,1.0,2032.0,30.0,0.0,0.0,2035,30,0.0,0.0,0.0,0.0,2034.5,0.0
0,841300,KELP,2032.0,24.0,0.0,0.0,0.0,0.0,2035,24,0.0,0.0,0.0,0.0,2033.5,0.0
0,841400,KELP,2034.0,1.0,2032.0,24.0,0.0,0.0,2035,24,0.0,0.0,0.0,0.0,2034.5,0.0
0,841500,KELP,2034.0,1.0,2032.0,26.0,0.0,0.0,2035,26,0.0,0.0,0.0,0.0,2034.5,0.0
0,841600,KELP,2032.0,22.0,0.0,0.0,0.0,0.0,2035,22,0.0,0.0,0.0,0.0,2033.5,0.0
0,841700,KELP,2032.0,27.0,0.0,0.0,0.0,0.0,2035,27,0.0,0.0,0.0,0.0,2033.5,0.0
0,841800,KELP,2032.0,23.0,0.0,0.0,0.0,0.0,2034,8,2035.0,23.0,0.0,0.0,2033.0,0.0
0,841900,KELP,2032.0,21.0,0.0,0.0,0.0,0.0,2036,21,0.0,0.0,0.0,0.0,2034.0,0.0
0,842000,KELP,2032.0,24.0,0.0,0.0,0.0,0.0,2035,2,2036.0,22.0,0.0,0.0,2033.5,0.0
0,842100,KELP,2032.0,29.0,0.0,0.0,0.0,0.0,2035,1,2036.0,28.0,0.0,0.0,2033.5,0.0
0,842200,KELP,2032.0,26.0,0.0,0.0,0.0,0.0,2036,26,0.0,0.0,0.0,0.0,2034.0,0.0
0,842300,KELP,2035.0,1.0,2033.0,1.0,2032.0,25.0,2036,26,0.0,0.0,0.0,0.0,2035.5,0.0
0,842400,KELP,2033.0,2.0,2032.0,27.0,0.0,0.0,2036,29,0.0,0.0,0.0,0.0,2034.5,0.0
0,842500,KELP,2033.0,24.0,0.0,0.0,0.0,0.0,2034,5,2036.0,29.0,0.0,0.0,2033.5,0.0
0,842600,KELP,2033.0,30.0,0.0,0.0,0.0,0.0,2035,3,2036.0,31.0,0.0,0.0,2034.0,0.0
0,842700,KELP,2033.0,26.0,0.0,0.0,0.0,0.0,2036,1,2037.0,25.0,0.0,0.0,2034.5,0.0
0,842800,KELP,2033.0,31.0,0.0,0.0,0.0,0.0,2036,31,0.0,0.0,0.0,0.0,2034.5,0.0
0,842900,KELP,2034.0,1.0,2033.0,25.0,0.0,0.0,2037,26,0.0,0.0,0.0,0.0,2035.5,0.0
0,843000,KELP,2034.0,1.0,2033.0,26.0,0.0,0.0,2037,27,0.0,0.0,0.0,0.0,2035.5,0.0
0,843100,KELP,2034.0,3.0,2033.0,28.0,0.0,0.0,2037,28,0.0,0.0,0.0,0.0,2035.5,0.0
0,843200,KELP,2033.0,24.0,0.0,0.0,0.0,0.0,2037,24,0.0,0.0,0.0,0.0,2035.0,0.0
0,843300,KELP,2033.0,23.0,0.0,0.0,0.0,0.0,2037,23,0.0,0.0,0.0,0.0,2035.0,0.0
0,843400,KELP,2033.0,24.0,0.0,0.0,0.0,0.0,2034,1,2035.0,3.0,2037.0,24.0,2033.5,0.0
0,843500,KELP,2034.0,1.0,2033.0,30.0,0.0,0.0,2035,2,2037.0,31.0,0.0,0.0,2034.5,0.0
0,843600,KELP,2033.0,30.0,0.0,0.0,0.0,0.0,2034,3,2037.0,30.0,0.0,0.0,2033.5,0.0
0,843700,KELP,2034.0,22.0,0.0,0.0,0.0,0.0,2037,22,0.0,0.0,0.0,0.0,2035.5,0.0
0,843800,KELP,2034.0,30.0,0.0,0.0,0.0,0.0,2037,30,0.0,0.0,0.0,0.0,2035.5,0.0
0,843900,KELP,2034.0,30.0,0.0,0.0,0.0,0.0,2036,1,2037.0,30.0,0.0,0.0,2035.0,0.0
0,844000,KELP,2034.0,1.0,2033.0,25.0,0.0,0.0,2037,25,0.0,0.0,0.0,0.0,2035.5,0.0
0,844100,KELP,2034.0,6.0,2033.0,23.0,0.0,0.0,2037,25,0.0,0.0,0.0,0.0,2035.5,0.0
0,844200,KELP,2034.0,21.0,0.0,0.0,0.0,0.0,2037,21,0.0,0.0,0.0,0.0,2035.5,0.0
0,844300,KELP,2034.0,30.0,0.0,0.0,0.0,0.0,2037,30,0.0,0.0,0.0,0.0,2035.5,0.0
0,844400,KELP,2036.0,1.0,2034.0,32.0,0.0,0.0,2037,32,0.0,0.0,0.0,0.0,2036.5,0.0
0,844500,KELP,2036.0,1.0,2034.0,31.0,0.0,0.0,2037,31,0.0,0.0,0.0,0.0,2036.5,0.0
0,844600,KELP,2034.0,26.0,0.0,0.0,0.0,0.0,2037,26,0.0,0.0,0.0,0.0,2035.5,0.0
0,844700,KELP,2034.0,21.0,0.0,0.0,0.0,0.0,2037,21,0.0,0.0,0.0,0.0,2035.5,0.0
0,844800,KELP,2034.0,25.0,0.0,0.0,0.0,0.0,2037,25,0.0,0.0,0.0,0.0,2035.5,0.0
0,844900,KELP,2034.0,28.0,0.0,0.0,0.0,0.0,2037,28,0.0,0.0,0.0,0.0,2035.5,0.0
0,845000,KELP,2034.0,24.0,0.0,0.0,0.0,0.0,2035,6,2036.0,6.0,2037.0,24.0,2034.5,0.0
0,845100,KELP,2034.0,26.0,0.0,0.0,0.0,0.0,2037,26,0.0,0.0,0.0,0.0,2035.5,0.0
0,845200,KELP,2034.0,23.0,0.0,0.0,0.0,0.0,2037,23,0.0,0.0,0.0,0.0,2035.5,0.0
0,845300,KELP,2034.0,23.0,0.0,0.0,0.0,0.0,2036,2,2037.0,23.0,0.0,0.0,2035.0,0.0
0,845400,KELP,2034.0,23.0,0.0,0.0,0.0,0.0,2037,23,0.0,0.0,0.0,0.0,2035.5,0.0
0,845500,KELP,2036.0,1.0,2034.0,22.0,0.0,0.0,2037,22,0.0,0.0,0.0,0.0,2036.5,0.0
0,845600,KELP,2034.0,23.0,0.0,0.0,0.0,0.0,2037,23,0.0,0.0,0.0,0.0,2035.5,0.0
0,845700,KELP,2034.0,30.0,0.0,0.0,0.0,0.0,2037,30,0.0,0.0,0.0,0.0,2035.5,0.0
0,845800,KELP,2034.0,33.0,0.0,0.0,0.0,0.0,2037,26,0.0,0.0,0.0,0.0,2035.5,0.0
0,845900,KELP,2034.0,31.0,0.0,0.0,0.0,0.0,2037,31,0.0,0.0,0.0,0.0,2035.5,0.0
0,846000,KELP,2034.0,30.0,0.0,0.0,0.0,0.0,2037,30,0.0,0.0,0.0,0.0,2035.5,0.0
0,846100,KELP,2034.0,22.0,0.0,0.0,0.0,0.0,2037,22,0.0,0.0,0.0,0.0,2035.5,0.0
0,846200,KELP,2034.0,32.0,0.0,0.0,0.0,0.0,2037,32,0.0,0.0,0.0,0.0,2035.5,0.0
0,846300,KELP,2036.0,1.0,2034.0,24.0,0.0,0.0,2037,24,0.0,0.0,0.0,0.0,2036.5,0.0
0,846400,KELP,2034.0,23.0,0.0,0.0,0.0,0.0,2037,23,0.0,0.0,0.0,0.0,2035.5,0.0
0,846500,KELP,2034.0,29.0,0.0,0.0,0.0,0.0,2037,29,0.0,0.0,0.0,0.0,2035.5,0.0
0,846600,KELP,2034.0,23.0,0.0,0.0,0.0,0.0,2036,6,2038.0,23.0,0.0,0.0,2035.0,0.0
0,846700,KELP,2035.0,1.0,2034.0,26.0,0.0,0.0,2038,26,0.0,0.0,0.0,0.0,2036.5,0.0
0,846800,KELP,2034.0,28.0,0.0,0.0,0.0,0.0,2038,28,0.0,0.0,0.0,0.0,2036.0,0.0
0,846900,KELP,2034.0,27.0,0.0,0.0,0.0,0.0,2038,27,0.0,0.0,0.0,0.0,2036.0,0.0
0,847000,KELP,2034.0,27.0,0.0,0.0,0.0,0.0,2036,5,2037.0,27.0,0.0,0.0,2035.0,0.0
0,847100,KELP,2034.0,27.0,0.0,0.0,0.0,0.0,2036,8,2038.0,27.0,0.0,0.0,2035.0,0.0
0,847200,KELP,2034.0,28.0,0.0,0.0,0.0,0.0,2035,4,2038.0,28.0,0.0,0.0,2034.5,0.0
0,847300,KELP,2034.0,26.0,0.0,0.0,0.0,0.0,2038,26,0.0,0.0,0.0,0.0,2036.0,0.0
0,847400,KELP,2035.0,3.0,2034.0,27.0,0.0,0.0,2037,27,0.0,0.0,0.0,0.0,2036.0,0.0
0,847500,KELP,2034.0,30.0,0.0,0.0,0.0,0.0,2036,6,2037.0,30.0,0.0,0.0,2035.0,0.0
0,847600,KELP,2035.0,5.0,2034.0,27.0,0.0,0.0,2038,27,0.0,0.0,0.0,0.0,2036.5,0.0
0,847700,KELP,2035.0,7.0,2034.0,26.0,0.0,0.0,2038,26,0.0,0.0,0.0,0.0,2036.5,0.0
0,847800,KELP,2034.0,27.0,0.0,0.0,0.0,0.0,2037,26,0.0,0.0,0.0,0.0,2035.5,0.0
0,847900,KELP,2034.0,30.0,0.0,0.0,0.0,0.0,2037,30,0.0,0.0,0.0,0.0,2035.5,0.0
0,848000,KELP,2034.0,30.0,0.0,0.0,0.0,0.0,2037,30,0.0,0.0,0.0,0.0,2035.5,0.0
0,848100,KELP,2034.0,28.0,0.0,0.0,0.0,0.0,2037,28,0.0,0.0,0.0,0.0,2035.5,0.0
0,848200,KELP,2034.0,22.0,0.0,0.0,0.0,0.0,2037,22,0.0,0.0,0.0,0.0,2035.5,0.0
0,848300,KELP,2034.0,27.0,0.0,0.0,0.0,0.0,2038,27,0.0,0.0,0.0,0.0,2036.0,0.0
0,848400,KELP,2035.0,6.0,2034.0,28.0,0.0,0.0,2038,28,0.0,0.0,0.0,0.0,2036.5,0.0
0,848500,KELP,2034.0,22.0,0.0,0.0,0.0,0.0,2038,22,0.0,0.0,0.0,0.0,2036.0,0.0
0,848600,KELP,2035.0,1.0,2034.0,28.0,0.0,0.0,2036,2,2038.0,28.0,0.0,0.0,2035.5,0.0
0,848700,KELP,2037.0,1.0,2034.0,29.0,0.0,0.0,2038,29,0.0,0.0,0.0,0.0,2037.5,0.0
0,848800,KELP,2034.0,25.0,0.0,0.0,0.0,0.0,2038,25,0.0,0.0,0.0,0.0,2036.0,0.0
0,848900,KELP,2034.0,30.0,0.0,0.0,0.0,0.0,2038,30,0.0,0.0,0.0,0.0,2036.0,0.0
0,849000,KELP,2034.0,29.0,0.0,0.0,0.0,0.0,2038,29,0.0,0.0,0.0,0.0,2036.0,0.0
0,849100,KELP,2034.0,24.0,0.0,0.0,0.0,0.0,2038,24,0.0,0.0,0.0,0.0,2036.0,0.0
0,849200,KELP,2034.0,21.0,0.0,0.0,0.0,0.0,2038,21,0.0,0.0,0.0,0.0,2036.0,0.0
0,849300,KELP,2034.0,26.0,0.0,0.0,0.0,0.0,2038,26,0.0,0.0,0.0,0.0,2036.0,0.0
0,849400,KELP,2034.0,24.0,0.0,0.0,0.0,0.0,2037,24,0.0,0.0,0.0,0.0,2035.5,0.0
0,849500,KELP,2034.0,28.0,0.0,0.0,0.0,0.0,2037,23,0.0,0.0,0.0,0.0,2035.5,0.0
0,849600,KELP,2034.0,20.0,0.0,0.0,0.0,0.0,2036,1,2037.0,21.0,0.0,0.0,2035.0,0.0
0,849700,KELP,2034.0,25.0,0.0,0.0,0.0,0.0,2037,25,0.0,0.0,0.0,0.0,2035.5,0.0
0,849800,KELP,2034.0,29.0,0.0,0.0,0.0,0.0,2037,29,0.0,0.0,0.0,0.0,2035.5,0.0
0,849900,KELP,2034.0,27.0,0.0,0.0,0.0,0.0,2037,27,0.0,0.0,0.0,0.0,2035.5,0.0
0,850000,KELP,2034.0,24.0,0.0,0.0,0.0,0.0,2037,24,0.0,0.0,0.0,0.0,2035.5,0.0
0,850100,KELP,2034.0,28.0,0.0,0.0,0.0,0.0,2036,5,2037.0,28.0,0.0,0.0,2035.0,0.0
0,850200,KELP,2034.0,21.0,0.0,0.0,0.0,0.0,2037,21,0.0,0.0,0.0,0.0,2035.5,0.0
0,850300,KELP,2034.0,34.0,0.0,0.0,0.0,0.0,2037,31,0.0,0.0,0.0,0.0,2035.5,0.0
0,850400,KELP,2034.0,27.0,0.0,0.0,0.0,0.0,2036,5,2037.0,27.0,0.0,0.0,2035.0,0.0
0,850500,KELP,2036.0,4.0,2034.0,25.0,0.0,0.0,2037,25,0.0,0.0,0.0,0.0,2036.5,0.0
0,850600,KELP,2034.0,32.0,0.0,0.0,0.0,0.0,2037,30,0.0,0.0,0.0,0.0,2035.5,0.0
0,850700,KELP,2036.0,2.0,2034.0,28.0,0.0,0.0,2037,23,0.0,0.0,0.0,0.0,2036.5,0.0
0,850800,KELP,2036.0,1.0,2034.0,30.0,0.0,0.0,2037,30,0.0,0.0,0.0,0.0,2036.5,0.0
0,850900,KELP,2034.0,22.0,0.0,0.0,0.0,0.0,2037,22,0.0,0.0,0.0,0.0,2035.5,0.0
0,851000,KELP,2034.0,26.0,0.0,0.0,0.0,0.0,2037,26,0.0,0.0,0.0,0.0,2035.5,0.0
0,851100,KELP,2034.0,31.0,0.0,0.0,0.0,0.0,2037,31,0.0,0.0,0.0,0.0,2035.5,0.0
0,851200,KELP,2034.0,30.0,0.0,0.0,0.0,0.0,2037,30,0.0,0.0,0.0,0.0,2035.5,0.0
0,851300,KELP,2034.0,38.0,0.0,0.0,0.0,0.0,2037,32,0.0,0.0,0.0,0.0,2035.5,0.0
0,851400,KELP,2034.0,28.0,0.0,0.0,0.0,0.0,2037,28,0.0,0.0,0.0,0.0,2035.5,0.0
0,851500,KELP,2034.0,28.0,0.0,0.0,0.0,0.0,2037,28,0.0,0.0,0.0,0.0,2035.5,0.0
0,851600,KELP,2035.0,5.0,2034.0,22.0,0.0,0.0,2037,22,0.0,0.0,0.0,0.0,2036.0,0.0
0,851700,KELP,2034.0,2.0,2033.0,22.0,0.0,0.0,2037,24,0.0,0.0,0.0,0.0,2035.5,0.0
0,851800,KELP,2033.0,23.0,0.0,0.0,0.0,0.0,2037,23,0.0,0.0,0.0,0.0,2035.0,0.0
0,851900,KELP,2033.0,26.0,0.0,0.0,0.0,0.0,2037,26,0.0,0.0,0.0,0.0,2035.0,0.0
0,852000,KELP,2035.0,5.0,2034.0,8.0,2033.0,31.0,2037,31,0.0,0.0,0.0,0.0,2036.0,0.0
0,852100,KELP,2033.0,27.0,0.0,0.0,0.0,0.0,2037,27,0.0,0.0,0.0,0.0,2035.0,0.0
0,852200,KELP,2033.0,26.0,0.0,0.0,0.0,0.0,2037,26,0.0,0.0,0.0,0.0,2035.0,0.0
0,852300,KELP,2033.0,31.0,0.0,0.0,0.0,0.0,2037,31,0.0,0.0,0.0,0.0,2035.0,0.0
0,852400,KELP,2033.0,21.0,0.0,0.0,0.0,0.0,2037,21,0.0,0.0,0.0,0.0,2035.0,0.0
0,852500,KELP,2034.0,7.0,2033.0,22.0,0.0,0.0,2037,22,0.0,0.0,0.0,0.0,2035.5,0.0
0,852600,KELP,2033.0,24.0,0.0,0.0,0.0,0.0,2037,24,0.0,0.0,0.0,0.0,2035.0,0.0
0,852700,KELP,2033.0,29.0,0.0,0.0,0.0,0.0,2037,29,0.0,0.0,0.0,0.0,2035.0,0.0
0,852800,KELP,2033.0,27.0,0.0,0.0,0.0,0.0,2037,27,0.0,0.0,0.0,0.0,2035.0,0.0
0,852900,KELP,2033.0,31.0,0.0,0.0,0.0,0.0,2035,7,2037.0,31.0,0.0,0.0,2034.0,0.0
0,853000,KELP,2033.0,21.0,0.0,0.0,0.0,0.0,2037,21,0.0,0.0,0.0,0.0,2035.0,0.0
0,853100,KELP,2033.0,24.0,0.0,0.0,0.0,0.0,2036,1,2037.0,23.0,0.0,0.0,2034.5,0.0
0,853200,KELP,2033.0,28.0,0.0,0.0,0.0,0.0,2036,1,2037.0,27.0,0.0,0.0,2034.5,0.0
0,853300,KELP,2033.0,23.0,0.0,0.0,0.0,0.0,2037,23,0.0,0.0,0.0,0.0,2035.0,0.0
0,853400,KELP,2034.0,4.0,2033.0,26.0,0.0,0.0,2037,26,0.0,0.0,0.0,0.0,2035.5,0.0
0,853500,KELP,2034.0,3.0,2033.0,24.0,0.0,0.0,2037,24,0.0,0.0,0.0,0.0,2035.5,0.0
0,853600,KELP,2033.0,23.0,0.0,0.0,0.0,0.0,2034,1,2037.0,23.0,0.0,0.0,2033.5,0.0
0,853700,KELP,2034.0,6.0,2033.0,25.0,0.0,0.0,2037,25,0.0,0.0,0.0,0.0,2035.5,0.0
0,853800,KELP,2033.0,23.0,0.0,0.0,0.0,0.0,2034,2,2037.0,23.0,0.0,0.0,2033.5,0.0
0,853900,KELP,2033.0,27.0,0.0,0.0,0.0,0.0,2037,27,0.0,0.0,0.0,0.0,2035.0,0.0
0,854000,KELP,2033.0,29.0,0.0,0.0,0.0,0.0,2036,1,2037.0,28.0,0.0,0.0,2034.5,0.0
0,854100,KELP,2033.0,22.0,0.0,0.0,0.0,0.0,2036,22,0.0,0.0,0.0,0.0,2034.5,0.0
0,854200,KELP,2033.0,32.0,0.0,0.0,0.0,0.0,2035,4,2036.0,32.0,0.0,0.0,2034.0,0.0
0,854300,KELP,2033.0,25.0,0.0,0.0,0.0,0.0,2036,25,0.0,0.0,0.0,0.0,2034.5,0.0
0,854400,KELP,2033.0,25.0,0.0,0.0,0.0,0.0,2036,2,2037.0,23.0,0.0,0.0,2034.5,0.0
0,854500,KELP,2033.0,28.0,0.0,0.0,0.0,0.0,2034,4,2035.0,1.0,2036.0,28.0,2033.5,0.0
0,854600,KELP,2033.0,23.0,0.0,0.0,0.0,0.0,2036,23,0.0,0.0,0.0,0.0,2034.5,0.0
0,854700,KELP,2033.0,24.0,0.0,0.0,0.0,0.0,2035,8,2036.0,24.0,0.0,0.0,2034.0,0.0
0,854800,KELP,2033.0,22.0,0.0,0.0,0.0,0.0,2035,4,2037.0,22.0,0.0,0.0,2034.0,0.0
0,854900,KELP,2033.0,25.0,0.0,0.0,0.0,0.0,2037,25,0.0,0.0,0.0,0.0,2035.0,0.0
0,855000,KELP,2033.0,28.0,0.0,0.0,0.0,0.0,2036,29,0.0,0.0,0.0,0.0,2034.5,0.0
0,855100,KELP,2033.0,26.0,0.0,0.0,0.0,0.0,2037,26,0.0,0.0,0.0,0.0,2035.0,0.0
0,855200,KELP,2033.0,30.0,0.0,0.0,0.0,0.0,2035,8,2036.0,30.0,0.0,0.0,2034.0,0.0
0,855300,KELP,2033.0,24.0,0.0,0.0,0.0,0.0,2034,4,2037.0,24.0,0.0,0.0,2033.5,0.0
0,855400,KELP,2033.0,25.0,0.0,0.0,0.0,0.0,2036,2,2037.0,23.0,0.0,0.0,2034.5,0.0
0,855500,KELP,2033.0,26.0,0.0,0.0,0.0,0.0,2036,26,0.0,0.0,0.0,0.0,2034.5,0.0
0,855600,KELP,2033.0,32.0,0.0,0.0,0.0,0.0,2035,1,2036.0,2.0,2037.0,30.0,2034.0,0.0
0,855700,KELP,2033.0,31.0,0.0,0.0,0.0,0.0,2036,31,0.0,0.0,0.0,0.0,2034.5,0.0
0,855800,KELP,2033.0,28.0,0.0,0.0,0.0,0.0,2036,24,0.0,0.0,0.0,0.0,2034.5,0.0
0,855900,KELP,2033.0,26.0,0.0,0.0,0.0,0.0,2036,1,2037.0,25.0,0.0,0.0,2034.5,0.0
0,856000,KELP,2033.0,26.0,0.0,0.0,0.0,0.0,2036,26,0.0,0.0,0.0,0.0,2034.5,0.0
0,856100,KELP,2033.0,29.0,0.0,0.0,0.0,0.0,2034,6,2036.0,2.0,2037.0,27.0,2033.5,0.0
0,856200,KELP,2034.0,8.0,2033.0,26.0,0.0,0.0,2036,1,2037.0,25.0,0.0,0.0,2035.0,0.0
0,856300,KELP,2033.0,28.0,0.0,0.0,0.0,0.0,2037,28,0.0,0.0,0.0,0.0,2035.0,0.0
0,856400,KELP,2034.0,5.0,2033.0,23.0,0.0,0.0,2037,23,0.0,0.0,0.0,0.0,2035.5,0.0
0,856500,KELP,2033.0,24.0,0.0,0.0,0.0,0.0,2035,8,2036.0,25.0,0.0,0.0,2034.0,0.0
0,856600,KELP,2033.0,23.0,0.0,0.0,0.0,0.0,2036,23,0.0,0.0,0.0,0.0,2034.5,0.0
0,856700,KELP,2033.0,31.0,0.0,0.0,0.0,0.0,2036,31,0.0,0.0,0.0,0.0,2034.5,0.0
0,856800,KELP,2033.0,35.0,0.0,0.0,0.0,0.0,2036,28,0.0,0.0,0.0,0.0,2034.5,0.0
0,856900,KELP,2033.0,25.0,0.0,0.0,0.0,0.0,2035,4,2036.0,25.0,0.0,0.0,2034.0,0.0
0,857000,KELP,2033.0,36.0,0.0,0.0,0.0,0.0,2036,30,0.0,0.0,0.0,0.0,2034.5,0.0
0,857100,KELP,2033.0,22.0,0.0,0.0,0.0,0.0,2036,22,0.0,0.0,0.0,0.0,2034.5,0.0
0,857200,KELP,2035.0,1.0,2033.0,31.0,0.0,0.0,2036,2,2037.0,29.0,0.0,0.0,2035.5,0.0
0,857300,KELP,2035.0,5.0,2033.0,21.0,0.0,0.0,2037,21,0.0,0.0,0.0,0.0,2036.0,0.0
0,857400,KELP,2033.0,30.0,0.0,0.0,0.0,0.0,2035,3,2037.0,30.0,0.0,0.0,2034.0,0.0
0,857500,KELP,2033.0,27.0,0.0,0.0,0.0,0.0,2036,1,2037.0,26.0,0.0,0.0,2034.5,0.0
0,857600,KELP,2033.0,23.0,0.0,0.0,0.0,0.0,2036,23,0.0,0.0,0.0,0.0,2034.5,0.0
0,857700,KELP,2035.0,3.0,2033.0,30.0,0.0,0.0,2037,30,0.0,0.0,0.0,0.0,2036.0,0.0
0,857800,KELP,2033.0,29.0,0.0,0.0,0.0,0.0,2034,3,2036.0,1.0,2037.0,28.0,2033.5,0.0
0,857900,KELP,2033.0,21.0,0.0,0.0,0.0,0.0,2036,21,0.0,0.0,0.0,0.0,2034.5,0.0
0,858000,KELP,2035.0,4.0,2033.0,28.0,0.0,0.0,2036,28,0.0,0.0,0.0,0.0,2035.5,0.0
0,858100,KELP,2033.0,24.0,0.0,0.0,0.0,0.0,2035,7,2036.0,24.0,0.0,0.0,2034.0,0.0
0,858200,KELP,2033.0,31.0,0.0,0.0,0.0,0.0,2036,28,0.0,0.0,0.0,0.0,2034.5,0.0
0,858300,KELP,2033.0,31.0,0.0,0.0,0.0,0.0,2035,6,2036.0,31.0,0.0,0.0,2034.0,0.0
0,858400,KELP,2033.0,15.0,0.0,0.0,0.0,0.0,2036,25,0.0,0.0,0.0,0.0,2034.5,0.0
0,858500,KELP,2033.0,30.0,0.0,0.0,0.0,0.0,2036,30,0.0,0.0,0.0,0.0,2034.5,0.0
0,858600,KELP,2033.0,22.0,0.0,0.0,0.0,0.0,2036,22,0.0,0.0,0.0,0.0,2034.5,0.0
0,858700,KELP,2033.0,28.0,0.0,0.0,0.0,0.0,2035,8,2036.0,28.0,0.0,0.0,2034.0,0.0
0,858800,KELP,2033.0,25.0,0.0,0.0,0.0,0.0,2035,2,2036.0,28.0,0.0,0.0,2034.0,0.0
0,858900,KELP,2033.0,22.0,0.0,0.0,0.0,0.0,2036,23,0.0,0.0,0.0,0.0,2034.5,0.0
0,859000,KELP,2033.0,25.0,0.0,0.0,0.0,0.0,2036,25,0.0,0.0,0.0,0.0,2034.5,0.0
0,859100,KELP,2033.0,24.0,0.0,0.0,0.0,0.0,2036,24,0.0,0.0,0.0,0.0,2034.5,0.0
0,859200,KELP,2033.0,26.0,0.0,0.0,0.0,0.0,2036,30,0.0,0.0,0.0,0.0,2034.5,0.0
0,859300,KELP,2033.0,28.0,0.0,0.0,0.0,0.0,2036,28,0.0,0.0,0.0,0.0,2034.5,0.0
0,859400,KELP,2033.0,22.0,0.0,0.0,0.0,0.0,2036,22,0.0,0.0,0.0,0.0,2034.5,0.0
0,859500,KELP,2033.0,20.0,0.0,0.0,0.0,0.0,2036,20,0.0,0.0,0.0,0.0,2034.5,0.0
0,859600,KELP,2033.0,27.0,0.0,0.0,0.0,0.0,2036,28,0.0,0.0,0.0,0.0,2034.5,0.0
0,859700,KELP,2034.0,6.0,2033.0,31.0,0.0,0.0,2036,31,0.0,0.0,0.0,0.0,2035.0,0.0
0,859800,KELP,2035.0,1.0,2033.0,24.0,0.0,0.0,2036,24,0.0,0.0,0.0,0.0,2035.5,0.0
0,859900,KELP,2033.0,26.0,0.0,0.0,0.0,0.0,2036,26,0.0,0.0,0.0,0.0,2034.5,0.0
0,860000,KELP,2033.0,27.0,0.0,0.0,0.0,0.0,2035,3,2036.0,27.0,0.0,0.0,2034.0,0.0
0,860100,KELP,2033.0,27.0,0.0,0.0,0.0,0.0,2036,24,0.0,0.0,0.0,0.0,2034.5,0.0
0,860200,KELP,2033.0,23.0,0.0,0.0,0.0,0.0,2036,23,0.0,0.0,0.0,0.0,2034.5,0.0
0,860300,KELP,2034.0,5.0,2033.0,23.0,0.0,0.0,2036,23,0.0,0.0,0.0,0.0,2035.0,0.0
0,860400,KELP,2033.0,22.0,0.0,0.0,0.0,0.0,2035,2,2036.0,22.0,0.0,0.0,2034.0,0.0
0,860500,KELP,2033.0,22.0,0.0,0.0,0.0,0.0,2036,20,0.0,0.0,0.0,0.0,2034.5,0.0
0,860600,KELP,2033.0,25.0,0.0,0.0,0.0,0.0,2036,25,0.0,0.0,0.0,0.0,2034.5,0.0
0,860700,KELP,2033.0,29.0,0.0,0.0,0.0,0.0,2036,29,0.0,0.0,0.0,0.0,2034.5,0.0
0,860800,KELP,2033.0,28.0,0.0,0.0,0.0,0.0,2036,21,0.0,0.0,0.0,0.0,2034.5,0.0
0,860900,KELP,2033.0,30.0,0.0,0.0,0.0,0.0,2037,30,0.0,0.0,0.0,0.0,2035.0,0.0
0,861000,KELP,2033.0,21.0,0.0,0.0,0.0,0.0,2036,1,2037.0,20.0,0.0,0.0,2034.5,0.0
0,861100,KELP,2033.0,28.0,0.0,0.0,0.0,0.0,2036,2,2037.0,26.0,0.0,0.0,2034.5,0.0
0,861200,KELP,2033.0,27.0,0.0,0.0,0.0,0.0,2036,1,2037.0,26.0,0.0,0.0,2034.5,0.0
0,861300,KELP,2033.0,27.0,0.0,0.0,0.0,0.0,2036,2,2037.0,25.0,0.0,0.0,2034.5,0.0
0,861400,KELP,2033.0,26.0,0.0,0.0,0.0,0.0,2037,26,0.0,0.0,0.0,0.0,2035.0,0.0
0,861500,KELP,2033.0,23.0,0.0,0.0,0.0,0.0,2036,23,0.0,0.0,0.0,0.0,2034.5,0.0
0,861600,KELP,2033.0,23.0,0.0,0.0,0.0,0.0,2035,1,2037.0,23.0,0.0,0.0,2034.0,0.0
0,861700,KELP,2033.0,28.0,0.0,0.0,0.0,0.0,2037,28,0.0,0.0,0.0,0.0,2035.0,0.0
0,861800,KELP,2033.0,20.0,0.0,0.0,0.0,0.0,2037,20,0.0,0.0,0.0,0.0,2035.0,0.0
0,861900,KELP,2033.0,26.0,0.0,0.0,0.0,0.0,2037,26,0.0,0.0,0.0,0.0,2035.0,0.0
0,862000,KELP,2034.0,7.0,2033.0,32.0,0.0,0.0,2037,32,0.0,0.0,0.0,0.0,2035.5,0.0
0,862100,KELP,2033.0,27.0,0.0,0.0,0.0,0.0,2037,27,0.0,0.0,0.0,0.0,2035.0,0.0
0,862200,KELP,2033.0,22.0,0.0,0.0,0.0,0.0,2037,22,0.0,0.0,0.0,0.0,2035.0,0.0
0,862300,KELP,2034.0,1.0,2033.0,22.0,0.0,0.0,2037,22,0.0,0.0,0.0,0.0,2035.5,0.0
0,862400,KELP,2033.0,27.0,0.0,0.0,0.0,0.0,2035,7,2037.0,27.0,0.0,0.0,2034.0,0.0
0,862500,KELP,2033.0,30.0,0.0,0.0,0.0,0.0,2037,30,0.0,0.0,0.0,0.0,2035.0,0.0
0,862600,KELP,2033.0,28.0,0.0,0.0,0.0,0.0,2036,1,2037.0,27.0,0.0,0.0,2034.5,0.0
0,862700,KELP,2033.0,27.0,0.0,0.0,0.0,0.0,2037,27,0.0,0.0,0.0,0.0,2035.0,0.0
0,862800,KELP,2033.0,23.0,0.0,0.0,0.0,0.0,2037,23,0.0,0.0,0.0,0.0,2035.0,0.0
0,862900,KELP,2035.0,1.0,2034.0,5.0,2033.0,30.0,2037,30,0.0,0.0,0.0,0.0,2036.0,0.0
0,863000,KELP,2033.0,25.0,0.0,0.0,0.0,0.0,2037,25,0.0,0.0,0.0,0.0,2035.0,0.0
0,863100,KELP,2033.0,21.0,0.0,0.0,0.0,0.0,2034,3,2035.0,3.0,2037.0,21.0,2033.5,0.0
0,863200,KELP,2033.0,31.0,0.0,0.0,0.0,0.0,2037,31,0.0,0.0,0.0,0.0,2035.0,0.0
0,863300,KELP,2034.0,7.0,2033.0,21.0,0.0,0.0,2037,21,0.0,0.0,0.0,0.0,2035.5,0.0
0,863400,KELP,2033.0,30.0,0.0,0.0,0.0,0.0,2036,30,0.0,0.0,0.0,0.0,2034.5,0.0
0,863500,KELP,2033.0,27.0,0.0,0.0,0.0,0.0,2035,3,2036.0,27.0,0.0,0.0,2034.0,0.0
0,863600,KELP,2033.0,30.0,0.0,0.0,0.0,0.0,2035,4,2036.0,30.0,0.0,0.0,2034.0,0.0
0,863700,KELP,2033.0,25.0,0.0,0.0,0.0,0.0,2034,2,2035.0,5.0,2036.0,25.0,2033.5,0.0
0,863800,KELP,2033.0,25.0,0.0,0.0,0.0,0.0,2036,25,0.0,0.0,0.0,0.0,2034.5,0.0
0,863900,KELP,2033.0,28.0,0.0,0.0,0.0,0.0,2036,28,0.0,0.0,0.0,0.0,2034.5,0.0
0,864000,KELP,2033.0,30.0,0.0,0.0,0.0,0.0,2035,3,2036.0,30.0,0.0,0.0,2034.0,0.0
0,864100,KELP,2035.0,1.0,2033.0,24.0,0.0,0.0,2036,23,0.0,0.0,0.0,0.0,2035.5,0.0
0,864200,KELP,2033.0,30.0,0.0,0.0,0.0,0.0,2036,30,0.0,0.0,0.0,0.0,2034.5,0.0
0,864300,KELP,2035.0,1.0,2033.0,29.0,0.0,0.0,2036,29,0.0,0.0,0.0,0.0,2035.5,0.0
0,864400,KELP,2033.0,20.0,0.0,0.0,0.0,0.0,2036,20,0.0,0.0,0.0,0.0,2034.5,0.0
0,864500,KELP,2033.0,21.0,0.0,0.0,0.0,0.0,2035,2,2036.0,21.0,0.0,0.0,2034.0,0.0
0,864600,KELP,2033.0,21.0,0.0,0.0,0.0,0.0,2035,4,2036.0,21.0,0.0,0.0,2034.0,0.0
0,864700,KELP,2033.0,22.0,0.0,0.0,0.0,0.0,2036,22,0.0,0.0,0.0,0.0,2034.5,0.0
0,864800,KELP,2034.0,2.0,2033.0,21.0,0.0,0.0,2035,5,2036.0,21.0,0.0,0.0,2034.5,0.0
0,864900,KELP,2033.0,27.0,0.0,0.0,0.0,0.0,2036,28,0.0,0.0,0.0,0.0,2034.5,0.0
0,865000,KELP,2033.0,24.0,0.0,0.0,0.0,0.0,2036,22,0.0,0.0,0.0,0.0,2034.5,0.0
0,865100,KELP,2033.0,32.0,0.0,0.0,0.0,0.0,2036,28,0.0,0.0,0.0,0.0,2034.5,0.0
0,865200,KELP,2033.0,26.0,0.0,0.0,0.0,0.0,2036,26,0.0,0.0,0.0,0.0,2034.5,0.0
0,865300,KELP,2033.0,23.0,0.0,0.0,0.0,0.0,2036,23,0.0,0.0,0.0,0.0,2034.5,0.0
0,865400,KELP,2033.0,30.0,0.0,0.0,0.0,0.0,2036,30,0.0,0.0,0.0,0.0,2034.5,0.0
0,865500,KELP,2033.0,20.0,0.0,0.0,0.0,0.0,2035,2,2036.0,20.0,0.0,0.0,2034.0,0.0
0,865600,KELP,2034.0,5.0,2033.0,26.0,0.0,0.0,2036,21,0.0,0.0,0.0,0.0,2035.0,0.0
0,865700,KELP,2033.0,25.0,0.0,0.0,0.0,0.0,2036,25,0.0,0.0,0.0,0.0,2034.5,0.0
0,865800,KELP,2034.0,4.0,2033.0,35.0,0.0,0.0,2036,29,0.0,0.0,0.0,0.0,2035.0,0.0
0,865900,KELP,2033.0,24.0,0.0,0.0,0.0,0.0,2037,20,0.0,0.0,0.0,0.0,2035.0,0.0
0,866000,KELP,2033.0,29.0,0.0,0.0,0.0,0.0,2035,6,2036.0,2.0,2037.0,27.0,2034.0,0.0
0,866100,KELP,2033.0,30.0,0.0,0.0,0.0,0.0,2036,30,0.0,0.0,0.0,0.0,2034.5,0.0
0,866200,KELP,2035.0,1.0,2033.0,30.0,0.0,0.0,2036,30,0.0,0.0,0.0,0.0,2035.5,0.0
0,866300,KELP,2033.0,24.0,0.0,0.0,0.0,0.0,2036,24,0.0,0.0,0.0,0.0,2034.5,0.0
0,866400,KELP,2033.0,28.0,0.0,0.0,0.0,0.0,2036,27,0.0,0.0,0.0,0.0,2034.5,0.0
0,866500,KELP,2033.0,32.0,0.0,0.0,0.0,0.0,2036,27,0.0,0.0,0.0,0.0,2034.5,0.0
0,866600,KELP,2033.0,24.0,0.0,0.0,0.0,0.0,2036,24,0.0,0.0,0.0,0.0,2034.5,0.0
0,866700,KELP,2033.0,24.0,0.0,0.0,0.0,0.0,2036,24,0.0,0.0,0.0,0.0,2034.5,0.0
0,866800,KELP,2033.0,24.0,0.0,0.0,0.0,0.0,2036,24,0.0,0.0,0.0,0.0,2034.5,0.0
0,866900,KELP,2033.0,26.0,0.0,0.0,0.0,0.0,2036,26,0.0,0.0,0.0,0.0,2034.5,0.0
0,867000,KELP,2033.0,31.0,0.0,0.0,0.0,0.0,2035,8,2036.0,31.0,0.0,0.0,2034.0,0.0
0,867100,KELP,2033.0,23.0,0.0,0.0,0.0,0.0,2034,4,2036.0,23.0,0.0,0.0,2033.5,0.0
0,867200,KELP,2033.0,22.0,0.0,0.0,0.0,0.0,2035,4,2036.0,22.0,0.0,0.0,2034.0,0.0
0,867300,KELP,2033.0,30.0,0.0,0.0,0.0,0.0,2036,30,0.0,0.0,0.0,0.0,2034.5,0.0
0,867400,KELP,2033.0,22.0,0.0,0.0,0.0,0.0,2036,22,0.0,0.0,0.0,0.0,2034.5,0.0
0,867500,KELP,2033.0,23.0,0.0,0.0,0.0,0.0,2036,22,0.0,0.0,0.0,0.0,2034.5,0.0
0,867600,KELP,2033.0,30.0,0.0,0.0,0.0,0.0,2036,27,0.0,0.0,0.0,0.0,2034.5,0.0
0,867700,KELP,2033.0,36.0,0.0,0.0,0.0,0.0,2036,31,0.0,0.0,0.0,0.0,2034.5,0.0
0,867800,KELP,2033.0,25.0,0.0,0.0,0.0,0.0,2036,26,0.0,0.0,0.0,0.0,2034.5,0.0
0,867900,KELP,2033.0,28.0,0.0,0.0,0.0,0.0,2034,2,2035.0,8.0,2036.0,28.0,2033.5,0.0
0,868000,KELP,2033.0,31.0,0.0,0.0,0.0,0.0,2036,31,0.0,0.0,0.0,0.0,2034.5,0.0
0,868100,KELP,2033.0,21.0,0.0,0.0,0.0,0.0,2036,21,0.0,0.0,0.0,0.0,2034.5,0.0
0,868200,KELP,2033.0,23.0,0.0,0.0,0.0,0.0,2036,23,0.0,0.0,0.0,0.0,2034.5,0.0
0,868300,KELP,2034.0,3.0,2033.0,29.0,0.0,0.0,2036,29,0.0,0.0,0.0,0.0,2035.0,0.0
0,868400,KELP,2033.0,25.0,0.0,0.0,0.0,0.0,2036,25,0.0,0.0,0.0,0.0,2034.5,0.0
0,868500,KELP,2033.0,29.0,0.0,0.0,0.0,0.0,2036,29,0.0,0.0,0.0,0.0,2034.5,0.0
0,868600,KELP,2033.0,33.0,0.0,0.0,0.0,0.0,2036,28,0.0,0.0,0.0,0.0,2034.5,0.0
0,868700,KELP,2033.0,30.0,0.0,0.0,0.0,0.0,2034,4,2036.0,30.0,0.0,0.0,2033.5,0.0
0,868800,KELP,2035.0,1.0,2033.0,29.0,0.0,0.0,2036,22,0.0,0.0,0.0,0.0,2035.5,0.0
0,868900,KELP,2033.0,25.0,0.0,0.0,0.0,0.0,2036,25,0.0,0.0,0.0,0.0,2034.5,0.0
0,869000,KELP,2035.0,1.0,2033.0,24.0,0.0,0.0,2036,24,0.0,0.0,0.0,0.0,2035.5,0.0
0,869100,KELP,2033.0,23.0,0.0,0.0,0.0,0.0,2036,2,2037.0,21.0,0.0,0.0,2034.5,0.0
0,869200,KELP,2033.0,25.0,0.0,0.0,0.0,0.0,2036,1,2037.0,25.0,0.0,0.0,2034.5,0.0
0,869300,KELP,2033.0,24.0,0.0,0.0,0.0,0.0,2036,1,2037.0,23.0,0.0,0.0,2034.5,0.0
0,869400,KELP,2033.0,24.0,0.0,0.0,0.0,0.0,2036,2,2037.0,21.0,0.0,0.0,2034.5,0.0
0,869500,KELP,2034.0,2.0,2033.0,23.0,0.0,0.0,2036,1,2037.0,22.0,0.0,0.0,2035.0,0.0
0,869600,KELP,2033.0,28.0,0.0,0.0,0.0,0.0,2036,28,0.0,0.0,0.0,0.0,2034.5,0.0
0,869700,KELP,2033.0,32.0,0.0,0.0,0.0,0.0,2036,29,0.0,0.0,0.0,0.0,2034.5,0.0
0,869800,KELP,2033.0,22.0,0.0,0.0,0.0,0.0,2036,22,0.0,0.0,0.0,0.0,2034.5,0.0
0,869900,KELP,2033.0,30.0,0.0,0.0,0.0,0.0,2036,28,0.0,0.0,0.0,0.0,2034.5,0.0
0,870000,KELP,2033.0,27.0,0.0,0.0,0.0,0.0,2036,28,0.0,0.0,0.0,0.0,2034.5,0.0
0,870100,KELP,2033.0,26.0,0.0,0.0,0.0,0.0,2036,26,0.0,0.0,0.0,0.0,2034.5,0.0
0,870200,KELP,2033.0,21.0,0.0,0.0,0.0,0.0,2036,21,0.0,0.0,0.0,0.0,2034.5,0.0
0,870300,KELP,2033.0,25.0,0.0,0.0,0.0,0.0,2036,25,0.0,0.0,0.0,0.0,2034.5,0.0
0,870400,KELP,2033.0,23.0,0.0,0.0,0.0,0.0,2035,8,2036.0,23.0,0.0,0.0,2034.0,0.0
0,870500,KELP,2033.0,23.0,0.0,0.0,0.0,0.0,2036,23,0.0,0.0,0.0,0.0,2034.5,0.0
0,870600,KELP,2033.0,22.0,0.0,0.0,0.0,0.0,2036,22,0.0,0.0,0.0,0.0,2034.5,0.0
0,870700,KELP,2033.0,30.0,0.0,0.0,0.0,0.0,2035,1,2036.0,30.0,0.0,0.0,2034.0,0.0
0,870800,KELP,2033.0,28.0,0.0,0.0,0.0,0.0,2036,28,0.0,0.0,0.0,0.0,2034.5,0.0
0,870900,KELP,2033.0,24.0,0.0,0.0,0.0,0.0,2035,2,2036.0,24.0,0.0,0.0,2034.0,0.0
0,871000,KELP,2033.0,27.0,0.0,0.0,0.0,0.0,2034,2,2036.0,27.0,0.0,0.0,2033.5,0.0
0,871100,KELP,2033.0,26.0,0.0,0.0,0.0,0.0,2036,26,0.0,0.0,0.0,0.0,2034.5,0.0
0,871200,KELP,2033.0,29.0,0.0,0.0,0.0,0.0,2036,29,0.0,0.0,0.0,0.0,2034.5,0.0
0,871300,KELP,2033.0,27.0,0.0,0.0,0.0,0.0,2036,2,2037.0,25.0,0.0,0.0,2034.5,0.0
0,871400,KELP,2033.0,31.0,0.0,0.0,0.0,0.0,2037,31,0.0,0.0,0.0,0.0,2035.0,0.0
0,871500,KELP,2033.0,28.0,0.0,0.0,0.0,0.0,2037,28,0.0,0.0,0.0,0.0,2035.0,0.0
0,871600,KELP,2035.0,9.0,2033.0,28.0,0.0,0.0,2037,28,0.0,0.0,0.0,0.0,2036.0,0.0
0,871700,KELP,2034.0,2.0,2033.0,29.0,0.0,0.0,2037,29,0.0,0.0,0.0,0.0,2035.5,0.0
0,871800,KELP,2033.0,27.0,0.0,0.0,0.0,0.0,2035,5,2037.0,27.0,0.0,0.0,2034.0,0.0
0,871900,KELP,2033.0,29.0,0.0,0.0,0.0,0.0,2037,30,0.0,0.0,0.0,0.0,2035.0,0.0
0,872000,KELP,2033.0,28.0,0.0,0.0,0.0,0.0,2037,28,0.0,0.0,0.0,0.0,2035.0,0.0
0,872100,KELP,2033.0,28.0,0.0,0.0,0.0,0.0,2036,28,0.0,0.0,0.0,0.0,2034.5,0.0
0,872200,KELP,2033.0,31.0,0.0,0.0,0.0,0.0,2035,6,2037.0,32.0,0.0,0.0,2034.0,0.0
0,872300,KELP,2033.0,27.0,0.0,0.0,0.0,0.0,2037,27,0.0,0.0,0.0,0.0,2035.0,0.0
0,872400,KELP,2033.0,22.0,0.0,0.0,0.0,0.0,2037,22,0.0,0.0,0.0,0.0,2035.0,0.0
0,872500,KELP,2033.0,25.0,0.0,0.0,0.0,0.0,2037,26,0.0,0.0,0.0,0.0,2035.0,0.0
0,872600,KELP,2034.0,6.0,2033.0,27.0,0.0,0.0,2036,2,2037.0,25.0,0.0,0.0,2035.0,0.0
0,872700,KELP,2036.0,1.0,2034.0,6.0,2033.0,22.0,2037,22,0.0,0.0,0.0,0.0,2036.5,0.0
0,872800,KELP,2033.0,28.0,0.0,0.0,0.0,0.0,2037,28,0.0,0.0,0.0,0.0,2035.0,0.0
0,872900,KELP,2036.0,1.0,2033.0,27.0,0.0,0.0,2037,27,0.0,0.0,0.0,0.0,2036.5,0.0
0,873000,KELP,2033.0,21.0,0.0,0.0,0.0,0.0,2037,21,0.0,0.0,0.0,0.0,2035.0,0.0
0,873100,KELP,2034.0,1.0,2033.0,25.0,0.0,0.0,2037,25,0.0,0.0,0.0,0.0,2035.5,0.0
0,873200,KELP,2034.0,4.0,2033.0,30.0,0.0,0.0,2037,30,0.0,0.0,0.0,0.0,2035.5,0.0
0,873300,KELP,2033.0,25.0,0.0,0.0,0.0,0.0,2037,25,0.0,0.0,0.0,0.0,2035.0,0.0
0,873400,KELP,2033.0,20.0,0.0,0.0,0.0,0.0,2035,4,2037.0,21.0,0.0,0.0,2034.0,0.0
0,873500,KELP,2034.0,1.0,2033.0,21.0,0.0,0.0,2037,22,0.0,0.0,0.0,0.0,2035.5,0.0
0,873600,KELP,2033.0,28.0,0.0,0.0,0.0,0.0,2035,2,2037.0,28.0,0.0,0.0,2034.0,0.0
0,873700,KELP,2033.0,30.0,0.0,0.0,0.0,0.0,2037,30,0.0,0.0,0.0,0.0,2035.0,0.0
0,873800,KELP,2033.0,26.0,0.0,0.0,0.0,0.0,2037,26,0.0,0.0,0.0,0.0,2035.0,0.0
0,873900,KELP,2033.0,28.0,0.0,0.0,0.0,0.0,2035,8,2037.0,28.0,0.0,0.0,2034.0,0.0
0,874000,KELP,2034.0,1.0,2033.0,29.0,0.0,0.0,2037,29,0.0,0.0,0.0,0.0,2035.5,0.0
0,874100,KELP,2034.0,2.0,2033.0,28.0,0.0,0.0,2037,30,0.0,0.0,0.0,0.0,2035.5,0.0
0,874200,KELP,2034.0,30.0,0.0,0.0,0.0,0.0,2037,30,0.0,0.0,0.0,0.0,2035.5,0.0
0,874300,KELP,2034.0,30.0,0.0,0.0,0.0,0.0,2037,28,0.0,0.0,0.0,0.0,2035.5,0.0
0,874400,KELP,2035.0,3.0,2033.0,27.0,0.0,0.0,2037,27,0.0,0.0,0.0,0.0,2036.0,0.0
0,874500,KELP,2034.0,2.0,2033.0,26.0,0.0,0.0,2037,28,0.0,0.0,0.0,0.0,2035.5,0.0
0,874600,KELP,2033.0,28.0,0.0,0.0,0.0,0.0,2037,30,0.0,0.0,0.0,0.0,2035.0,0.0
0,874700,KELP,2034.0,20.0,0.0,0.0,0.0,0.0,2037,20,0.0,0.0,0.0,0.0,2035.5,0.0
0,874800,KELP,2033.0,27.0,0.0,0.0,0.0,0.0,2037,29,0.0,0.0,0.0,0.0,2035.0,0.0
0,874900,KELP,2033.0,29.0,0.0,0.0,0.0,0.0,2037,30,0.0,0.0,0.0,0.0,2035.0,0.0
0,875000,KELP,2034.0,6.0,2033.0,21.0,0.0,0.0,2037,22,0.0,0.0,0.0,0.0,2035.5,0.0
0,875100,KELP,2034.0,2.0,2033.0,20.0,0.0,0.0,2037,22,0.0,0.0,0.0,0.0,2035.5,0.0
0,875200,KELP,2034.0,1.0,2033.0,24.0,0.0,0.0,2037,25,0.0,0.0,0.0,0.0,2035.5,0.0
0,875300,KELP,2034.0,1.0,2033.0,26.0,0.0,0.0,2037,27,0.0,0.0,0.0,0.0,2035.5,0.0
0,875400,KELP,2034.0,26.0,0.0,0.0,0.0,0.0,2037,26,0.0,0.0,0.0,0.0,2035.5,0.0
0,875500,KELP,2034.0,31.0,0.0,0.0,0.0,0.0,2037,26,0.0,0.0,0.0,0.0,2035.5,0.0
0,875600,KELP,2034.0,24.0,0.0,0.0,0.0,0.0,2037,24,0.0,0.0,0.0,0.0,2035.5,0.0
0,875700,KELP,2034.0,20.0,0.0,0.0,0.0,0.0,2037,21,0.0,0.0,0.0,0.0,2035.5,0.0
0,875800,KELP,2034.0,20.0,0.0,0.0,0.0,0.0,2037,21,0.0,0.0,0.0,0.0,2035.5,0.0
0,875900,KELP,2034.0,1.0,2033.0,24.0,0.0,0.0,2037,26,0.0,0.0,0.0,0.0,2035.5,0.0
0,876000,KELP,2035.0,4.0,2034.0,1.0,2033.0,27.0,2037,28,0.0,0.0,0.0,0.0,2036.0,0.0
0,876100,KELP,2034.0,34.0,0.0,0.0,0.0,0.0,2037,30,0.0,0.0,0.0,0.0,2035.5,0.0
0,876200,KELP,2035.0,6.0,2034.0,29.0,0.0,0.0,2037,29,0.0,0.0,0.0,0.0,2036.0,0.0
0,876300,KELP,2034.0,28.0,0.0,0.0,0.0,0.0,2036,2,2037.0,28.0,0.0,0.0,2035.0,0.0
0,876400,KELP,2034.0,27.0,0.0,0.0,0.0,0.0,2037,27,0.0,0.0,0.0,0.0,2035.5,0.0
0,876500,KELP,2034.0,27.0,0.0,0.0,0.0,0.0,2036,4,2037.0,27.0,0.0,0.0,2035.0,0.0
0,876600,KELP,2034.0,28.0,0.0,0.0,0.0,0.0,2036,5,2037.0,29.0,0.0,0.0,2035.0,0.0
0,876700,KELP,2034.0,23.0,0.0,0.0,0.0,0.0,2036,1,2037.0,23.0,0.0,0.0,2035.0,0.0
0,876800,KELP,2036.0,1.0,2034.0,26.0,0.0,0.0,2037,26,0.0,0.0,0.0,0.0,2036.5,0.0
0,876900,KELP,2034.0,24.0,0.0,0.0,0.0,0.0,2037,24,0.0,0.0,0.0,0.0,2035.5,0.0
0,877000,KELP,2034.0,26.0,0.0,0.0,0.0,0.0,2037,26,0.0,0.0,0.0,0.0,2035.5,0.0
0,877100,KELP,2034.0,20.0,0.0,0.0,0.0,0.0,2037,21,0.0,0.0,0.0,0.0,2035.5,0.0
0,877200,KELP,2034.0,29.0,0.0,0.0,0.0,0.0,2037,29,0.0,0.0,0.0,0.0,2035.5,0.0
0,877300,KELP,2034.0,22.0,0.0,0.0,0.0,0.0,2036,8,2037.0,22.0,0.0,0.0,2035.0,0.0
0,877400,KELP,2034.0,23.0,0.0,0.0,0.0,0.0,2037,23,0.0,0.0,0.0,0.0,2035.5,0.0
0,877500,KELP,2034.0,25.0,0.0,0.0,0.0,0.0,2037,25,0.0,0.0,0.0,0.0,2035.5,0.0
0,877600,KELP,2034.0,21.0,0.0,0.0,0.0,0.0,2037,21,0.0,0.0,0.0,0.0,2035.5,0.0
0,877700,KELP,2034.0,12.0,0.0,0.0,0.0,0.0,2036,6,2037.0,22.0,0.0,0.0,2035.0,0.0
0,877800,KELP,2034.0,28.0,0.0,0.0,0.0,0.0,2036,8,2037.0,28.0,0.0,0.0,2035.0,0.0
0,877900,KELP,2034.0,27.0,0.0,0.0,0.0,0.0,2037,27,0.0,0.0,0.0,0.0,2035.5,0.0
0,878000,KELP,2034.0,30.0,0.0,0.0,0.0,0.0,2036,3,2037.0,30.0,0.0,0.0,2035.0,0.0
0,878100,KELP,2036.0,1.0,2033.0,20.0,0.0,0.0,2037,20,0.0,0.0,0.0,0.0,2036.5,0.0
0,878200,KELP,2033.0,28.0,0.0,0.0,0.0,0.0,2035,3,2037.0,28.0,0.0,0.0,2034.0,0.0
0,878300,KELP,2034.0,22.0,0.0,0.0,0.0,0.0,2037,22,0.0,0.0,0.0,0.0,2035.5,0.0
0,878400,KELP,2034.0,2.0,2033.0,28.0,0.0,0.0,2037,30,0.0,0.0,0.0,0.0,2035.5,0.0
0,878500,KELP,2034.0,29.0,0.0,0.0,0.0,0.0,2037,29,0.0,0.0,0.0,0.0,2035.5,0.0
0,878600,KELP,2033.0,21.0,0.0,0.0,0.0,0.0,2037,21,0.0,0.0,0.0,0.0,2035.0,0.0
0,878700,KELP,2034.0,1.0,2033.0,21.0,0.0,0.0,2037,22,0.0,0.0,0.0,0.0,2035.5,0.0
0,878800,KELP,2034.0,27.0,0.0,0.0,0.0,0.0,2037,27,0.0,0.0,0.0,0.0,2035.5,0.0
0,878900,KELP,2034.0,30.0,0.0,0.0,0.0,0.0,2037,25,0.0,0.0,0.0,0.0,2035.5,0.0
0,879000,KELP,2034.0,30.0,0.0,0.0,0.0,0.0,2036,4,2037.0,30.0,0.0,0.0,2035.0,0.0
0,879100,KELP,2036.0,1.0,2034.0,29.0,0.0,0.0,2037,29,0.0,0.0,0.0,0.0,2036.5,0.0
0,879200,KELP,2034.0,29.0,0.0,0.0,0.0,0.0,2036,1,2037.0,30.0,0.0,0.0,2035.0,0.0
0,879300,KELP,2034.0,27.0,0.0,0.0,0.0,0.0,2036,8,2037.0,27.0,0.0,0.0,2035.0,0.0
0,879400,KELP,2034.0,25.0,0.0,0.0,0.0,0.0,2037,24,0.0,0.0,0.0,0.0,2035.5,0.0
0,879500,KELP,2034.0,21.0,0.0,0.0,0.0,0.0,2037,21,0.0,0.0,0.0,0.0,2035.5,0.0
0,879600,KELP,2034.0,22.0,0.0,0.0,0.0,0.0,2037,22,0.0,0.0,0.0,0.0,2035.5,0.0
0,879700,KELP,2034.0,29.0,0.0,0.0,0.0,0.0,2037,29,0.0,0.0,0.0,0.0,2035.5,0.0
0,879800,KELP,2034.0,24.0,0.0,0.0,0.0,0.0,2037,24,0.0,0.0,0.0,0.0,2035.5,0.0
0,879900,KELP,2034.0,20.0,0.0,0.0,0.0,0.0,2036,6,2037.0,20.0,0.0,0.0,2035.0,0.0
0,880000,KELP,2036.0,8.0,2034.0,29.0,0.0,0.0,2037,29,0.0,0.0,0.0,0.0,2036.5,0.0
0,880100,KELP,2034.0,31.0,0.0,0.0,0.0,0.0,2037,1,2038.0,30.0,0.0,0.0,2035.5,0.0
0,880200,KELP,2034.0,24.0,0.0,0.0,0.0,0.0,2038,24,0.0,0.0,0.0,0.0,2036.0,0.0
0,880300,KELP,2034.0,30.0,0.0,0.0,0.0,0.0,2037,1,2038.0,29.0,0.0,0.0,2035.5,0.0
0,880400,KELP,2036.0,4.0,2034.0,21.0,0.0,0.0,2038,21,0.0,0.0,0.0,0.0,2037.0,0.0
0,880500,KELP,2034.0,27.0,0.0,0.0,0.0,0.0,2037,2,2038.0,25.0,0.0,0.0,2035.5,0.0
0,880600,KELP,2034.0,31.0,0.0,0.0,0.0,0.0,2037,1,2038.0,30.0,0.0,0.0,2035.5,0.0
0,880700,KELP,2034.0,28.0,0.0,0.0,0.0,0.0,2038,28,0.0,0.0,0.0,0.0,2036.0,0.0
0,880800,KELP,2034.0,23.0,0.0,0.0,0.0,0.0,2038,23,0.0,0.0,0.0,0.0,2036.0,0.0
0,880900,KELP,2034.0,26.0,0.0,0.0,0.0,0.0,2036,8,2038.0,26.0,0.0,0.0,2035.0,0.0
0,881000,KELP,2034.0,25.0,0.0,0.0,0.0,0.0,2038,25,0.0,0.0,0.0,0.0,2036.0,0.0
0,881100,KELP,2034.0,24.0,0.0,0.0,0.0,0.0,2038,24,0.0,0.0,0.0,0.0,2036.0,0.0
0,881200,KELP,2034.0,25.0,0.0,0.0,0.0,0.0,2035,3,2038.0,25.0,0.0,0.0,2034.5,0.0
0,881300,KELP,2036.0,4.0,2035.0,4.0,2034.0,31.0,2038,31,0.0,0.0,0.0,0.0,2037.0,0.0
0,881400,KELP,2034.0,30.0,0.0,0.0,0.0,0.0,2038,30,0.0,0.0,0.0,0.0,2036.0,0.0
0,881500,KELP,2034.0,30.0,0.0,0.0,0.0,0.0,2038,30,0.0,0.0,0.0,0.0,2036.0,0.0
0,881600,KELP,2035.0,31.0,0.0,0.0,0.0,0.0,2038,30,0.0,0.0,0.0,0.0,2036.5,0.0
0,881700,KELP,2035.0,2.0,2034.0,20.0,0.0,0.0,2038,22,0.0,0.0,0.0,0.0,2036.5,0.0
0,881800,KELP,2034.0,30.0,0.0,0.0,0.0,0.0,2036,4,2038.0,30.0,0.0,0.0,2035.0,0.0
0,881900,KELP,2034.0,24.0,0.0,0.0,0.0,0.0,2037,24,0.0,0.0,0.0,0.0,2035.5,0.0
0,882000,KELP,2034.0,28.0,0.0,0.0,0.0,0.0,2038,28,0.0,0.0,0.0,0.0,2036.0,0.0
0,882100,KELP,2034.0,26.0,0.0,0.0,0.0,0.0,2037,26,0.0,0.0,0.0,0.0,2035.5,0.0
0,882200,KELP,2034.0,28.0,0.0,0.0,0.0,0.0,2037,28,0.0,0.0,0.0,0.0,2035.5,0.0
0,882300,KELP,2034.0,23.0,0.0,0.0,0.0,0.0,2037,23,0.0,0.0,0.0,0.0,2035.5,0.0
0,882400,KELP,2034.0,30.0,0.0,0.0,0.0,0.0,2037,30,0.0,0.0,0.0,0.0,2035.5,0.0
0,882500,KELP,2034.0,27.0,0.0,0.0,0.0,0.0,2036,6,2037.0,27.0,0.0,0.0,2035.0,0.0
0,882600,KELP,2034.0,29.0,0.0,0.0,0.0,0.0,2037,29,0.0,0.0,0.0,0.0,2035.5,0.0
0,882700,KELP,2034.0,31.0,0.0,0.0,0.0,0.0,2037,31,0.0,0.0,0.0,0.0,2035.5,0.0
0,882800,KELP,2036.0,5.0,2034.0,34.0,0.0,0.0,2037,26,0.0,0.0,0.0,0.0,2036.5,0.0
0,882900,KELP,2034.0,22.0,0.0,0.0,0.0,0.0,2037,22,0.0,0.0,0.0,0.0,2035.5,0.0
0,883000,KELP,2034.0,27.0,0.0,0.0,0.0,0.0,2037,24,0.0,0.0,0.0,0.0,2035.5,0.0
0,883100,KELP,2034.0,28.0,0.0,0.0,0.0,0.0,2037,29,0.0,0.0,0.0,0.0,2035.5,0.0
0,883200,KELP,2034.0,32.0,0.0,0.0,0.0,0.0,2037,32,0.0,0.0,0.0,0.0,2035.5,0.0
0,883300,KELP,2034.0,23.0,0.0,0.0,0.0,0.0,2036,7,2037.0,23.0,0.0,0.0,2035.0,0.0
0,883400,KELP,2034.0,26.0,0.0,0.0,0.0,0.0,2037,26,0.0,0.0,0.0,0.0,2035.5,0.0
0,883500,KELP,2035.0,5.0,2034.0,32.0,0.0,0.0,2036,1,2037.0,32.0,0.0,0.0,2035.5,0.0
0,883600,KELP,2034.0,27.0,0.0,0.0,0.0,0.0,2037,22,0.0,0.0,0.0,0.0,2035.5,0.0
0,883700,KELP,2034.0,22.0,0.0,0.0,0.0,0.0,2037,21,0.0,0.0,0.0,0.0,2035.5,0.0
0,883800,KELP,2034.0,31.0,0.0,0.0,0.0,0.0,2037,31,0.0,0.0,0.0,0.0,2035.5,0.0
0,883900,KELP,2034.0,2.0,2033.0,29.0,0.0,0.0,2037,31,0.0,0.0,0.0,0.0,2035.5,0.0
0,884000,KELP,2034.0,2.0,2033.0,27.0,0.0,0.0,2037,29,0.0,0.0,0.0,0.0,2035.5,0.0
0,884100,KELP,2034.0,24.0,0.0,0.0,0.0,0.0,2036,7,2037.0,24.0,0.0,0.0,2035.0,0.0
0,884200,KELP,2034.0,20.0,0.0,0.0,0.0,0.0,2037,21,0.0,0.0,0.0,0.0,2035.5,0.0
0,884300,KELP,2034.0,29.0,0.0,0.0,0.0,0.0,2036,2,2037.0,30.0,0.0,0.0,2035.0,0.0
0,884400,KELP,2036.0,1.0,2034.0,28.0,0.0,0.0,2037,28,0.0,0.0,0.0,0.0,2036.5,0.0
0,884500,KELP,2034.0,27.0,0.0,0.0,0.0,0.0,2036,6,2037.0,28.0,0.0,0.0,2035.0,0.0
0,884600,KELP,2034.0,29.0,0.0,0.0,0.0,0.0,2037,21,0.0,0.0,0.0,0.0,2035.5,0.0
0,884700,KELP,2034.0,28.0,0.0,0.0,0.0,0.0,2037,28,0.0,0.0,0.0,0.0,2035.5,0.0
0,884800,KELP,2034.0,31.0,0.0,0.0,0.0,0.0,2037,31,0.0,0.0,0.0,0.0,2035.5,0.0
0,884900,KELP,2034.0,30.0,0.0,0.0,0.0,0.0,2036,2,2037.0,30.0,0.0,0.0,2035.0,0.0
0,885000,KELP,2034.0,28.0,0.0,0.0,0.0,0.0,2037,27,0.0,0.0,0.0,0.0,2035.5,0.0
0,885100,KELP,2034.0,31.0,0.0,0.0,0.0,0.0,2037,27,0.0,0.0,0.0,0.0,2035.5,0.0
0,885200,KELP,2034.0,30.0,0.0,0.0,0.0,0.0,2037,30,0.0,0.0,0.0,0.0,2035.5,0.0
0,885300,KELP,2034.0,26.0,0.0,0.0,0.0,0.0,2037,22,0.0,0.0,0.0,0.0,2035.5,0.0
0,885400,KELP,2034.0,23.0,0.0,0.0,0.0,0.0,2037,23,0.0,0.0,0.0,0.0,2035.5,0.0
0,885500,KELP,2034.0,26.0,0.0,0.0,0.0,0.0,2037,26,0.0,0.0,0.0,0.0,2035.5,0.0
0,885600,KELP,2034.0,31.0,0.0,0.0,0.0,0.0,2037,31,0.0,0.0,0.0,0.0,2035.5,0.0
0,885700,KELP,2034.0,27.0,0.0,0.0,0.0,0.0,2037,28,0.0,0.0,0.0,0.0,2035.5,0.0
0,885800,KELP,2034.0,25.0,0.0,0.0,0.0,0.0,2037,25,0.0,0.0,0.0,0.0,2035.5,0.0
0,885900,KELP,2034.0,24.0,0.0,0.0,0.0,0.0,2037,24,0.0,0.0,0.0,0.0,2035.5,0.0
0,886000,KELP,2034.0,27.0,0.0,0.0,0.0,0.0,2037,27,0.0,0.0,0.0,0.0,2035.5,0.0
0,886100,KELP,2034.0,24.0,0.0,0.0,0.0,0.0,2037,24,0.0,0.0,0.0,0.0,2035.5,0.0
0,886200,KELP,2034.0,23.0,0.0,0.0,0.0,0.0,2036,8,2037.0,23.0,0.0,0.0,2035.0,0.0
0,886300,KELP,2034.0,22.0,0.0,0.0,0.0,0.0,2037,21,0.0,0.0,0.0,0.0,2035.5,0.0
0,886400,KELP,2034.0,24.0,0.0,0.0,0.0,0.0,2037,24,0.0,0.0,0.0,0.0,2035.5,0.0
0,886500,KELP,2034.0,26.0,0.0,0.0,0.0,0.0,2037,26,0.0,0.0,0.0,0.0,2035.5,0.0
0,886600,KELP,2034.0,22.0,0.0,0.0,0.0,0.0,2035,3,2037.0,22.0,0.0,0.0,2034.5,0.0
0,886700,KELP,2034.0,20.0,0.0,0.0,0.0,0.0,2037,20,0.0,0.0,0.0,0.0,2035.5,0.0
0,886800,KELP,2034.0,31.0,0.0,0.0,0.0,0.0,2037,31,0.0,0.0,0.0,0.0,2035.5,0.0
0,886900,KELP,2034.0,23.0,0.0,0.0,0.0,0.0,2037,24,0.0,0.0,0.0,0.0,2035.5,0.0
0,887000,KELP,2034.0,28.0,0.0,0.0,0.0,0.0,2037,28,0.0,0.0,0.0,0.0,2035.5,0.0
0,887100,KELP,2034.0,25.0,0.0,0.0,0.0,0.0,2037,25,0.0,0.0,0.0,0.0,2035.5,0.0
0,887200,KELP,2036.0,1.0,2034.0,32.0,0.0,0.0,2037,26,0.0,0.0,0.0,0.0,2036.5,0.0
0,887300,KELP,2034.0,21.0,0.0,0.0,0.0,0.0,2037,21,0.0,0.0,0.0,0.0,2035.5,0.0
0,887400,KELP,2034.0,25.0,0.0,0.0,0.0,0.0,2037,27,0.0,0.0,0.0,0.0,2035.5,0.0
0,887500,KELP,2034.0,29.0,0.0,0.0,0.0,0.0,2036,2,2037.0,29.0,0.0,0.0,2035.0,0.0
0,887600,KELP,2036.0,1.0,2034.0,36.0,0.0,0.0,2037,28,0.0,0.0,0.0,0.0,2036.5,0.0
0,887700,KELP,2034.0,24.0,0.0,0.0,0.0,0.0,2037,21,0.0,0.0,0.0,0.0,2035.5,0.0
0,887800,KELP,2034.0,22.0,0.0,0.0,0.0,0.0,2037,22,0.0,0.0,0.0,0.0,2035.5,0.0
0,887900,KELP,2034.0,25.0,0.0,0.0,0.0,0.0,2036,3,2037.0,25.0,0.0,0.0,2035.0,0.0
0,888000,KELP,2034.0,32.0,0.0,0.0,0.0,0.0,2037,24,0.0,0.0,0.0,0.0,2035.5,0.0
0,888100,KELP,2034.0,24.0,0.0,0.0,0.0,0.0,2035,5,2037.0,24.0,0.0,0.0,2034.5,0.0
0,888200,KELP,2034.0,30.0,0.0,0.0,0.0,0.0,2037,30,0.0,0.0,0.0,0.0,2035.5,0.0
0,888300,KELP,2035.0,5.0,2034.0,31.0,0.0,0.0,2037,31,0.0,0.0,0.0,0.0,2036.0,0.0
0,888400,KELP,2034.0,22.0,0.0,0.0,0.0,0.0,2037,23,0.0,0.0,0.0,0.0,2035.5,0.0
0,888500,KELP,2034.0,26.0,0.0,0.0,0.0,0.0,2037,26,0.0,0.0,0.0,0.0,2035.5,0.0
0,888600,KELP,2034.0,25.0,0.0,0.0,0.0,0.0,2037,30,0.0,0.0,0.0,0.0,2035.5,0.0
0,888700,KELP,2034.0,30.0,0.0,0.0,0.0,0.0,2037,30,0.0,0.0,0.0,0.0,2035.5,0.0
0,888800,KELP,2034.0,25.0,0.0,0.0,0.0,0.0,2037,25,0.0,0.0,0.0,0.0,2035.5,0.0
0,888900,KELP,2034.0,28.0,0.0,0.0,0.0,0.0,2037,28,0.0,0.0,0.0,0.0,2035.5,0.0
0,889000,KELP,2034.0,24.0,0.0,0.0,0.0,0.0,2037,24,0.0,0.0,0.0,0.0,2035.5,0.0
0,889100,KELP,2034.0,29.0,0.0,0.0,0.0,0.0,2035,5,2037.0,29.0,0.0,0.0,2034.5,0.0
0,889200,KELP,2034.0,11.0,0.0,0.0,0.0,0.0,2037,20,0.0,0.0,0.0,0.0,2035.5,0.0
0,889300,KELP,2034.0,25.0,0.0,0.0,0.0,0.0,2037,25,0.0,0.0,0.0,0.0,2035.5,0.0
0,889400,KELP,2036.0,1.0,2034.0,29.0,0.0,0.0,2037,25,0.0,0.0,0.0,0.0,2036.5,0.0
0,889500,KELP,2034.0,21.0,0.0,0.0,0.0,0.0,2037,21,0.0,0.0,0.0,0.0,2035.5,0.0
0,889600,KELP,2034.0,23.0,0.0,0.0,0.0,0.0,2037,23,0.0,0.0,0.0,0.0,2035.5,0.0
0,889700,KELP,2034.0,31.0,0.0,0.0,0.0,0.0,2037,31,0.0,0.0,0.0,0.0,2035.5,0.0
0,889800,KELP,2036.0,3.0,2034.0,28.0,0.0,0.0,2037,28,0.0,0.0,0.0,0.0,2036.5,0.0
0,889900,KELP,2034.0,30.0,0.0,0.0,0.0,0.0,2037,30,0.0,0.0,0.0,0.0,2035.5,0.0
0,890000,KELP,2035.0,6.0,2034.0,32.0,0.0,0.0,2036,2,2037.0,32.0,0.0,0.0,2035.5,0.0
0,890100,KELP,2034.0,25.0,0.0,0.0,0.0,0.0,2037,24,0.0,0.0,0.0,0.0,2035.5,0.0
0,890200,KELP,2034.0,22.0,0.0,0.0,0.0,0.0,2037,22,0.0,0.0,0.0,0.0,2035.5,0.0
0,890300,KELP,2034.0,30.0,0.0,0.0,0.0,0.0,2037,25,0.0,0.0,0.0,0.0,2035.5,0.0
0,890400,KELP,2034.0,24.0,0.0,0.0,0.0,0.0,2036,7,2037.0,24.0,0.0,0.0,2035.0,0.0
0,890500,KELP,2036.0,1.0,2034.0,22.0,0.0,0.0,2037,22,0.0,0.0,0.0,0.0,2036.5,0.0
0,890600,KELP,2034.0,25.0,0.0,0.0,0.0,0.0,2036,1,2037.0,27.0,0.0,0.0,2035.0,0.0
0,890700,KELP,2034.0,30.0,0.0,0.0,0.0,0.0,2036,4,2037.0,30.0,0.0,0.0,2035.0,0.0
0,890800,KELP,2034.0,20.0,0.0,0.0,0.0,0.0,2036,6,2037.0,20.0,0.0,0.0,2035.0,0.0
0,890900,KELP,2034.0,22.0,0.0,0.0,0.0,0.0,2037,22,0.0,0.0,0.0,0.0,2035.5,0.0
0,891000,KELP,2034.0,23.0,0.0,0.0,0.0,0.0,2037,23,0.0,0.0,0.0,0.0,2035.5,0.0
0,891100,KELP,2034.0,24.0,0.0,0.0,0.0,0.0,2036,7,2037.0,24.0,0.0,0.0,2035.0,0.0
0,891200,KELP,2034.0,29.0,0.0,0.0,0.0,0.0,2037,29,0.0,0.0,0.0,0.0,2035.5,0.0
0,891300,KELP,2034.0,34.0,0.0,0.0,0.0,0.0,2037,30,0.0,0.0,0.0,0.0,2035.5,0.0
0,891400,KELP,2034.0,30.0,0.0,0.0,0.0,0.0,2037,30,0.0,0.0,0.0,0.0,2035.5,0.0
0,891500,KELP,2036.0,3.0,2034.0,27.0,0.0,0.0,2037,27,0.0,0.0,0.0,0.0,2036.5,0.0
0,891600,KELP,2036.0,1.0,2034.0,29.0,0.0,0.0,2037,29,0.0,0.0,0.0,0.0,2036.5,0.0
0,891700,KELP,2034.0,27.0,0.0,0.0,0.0,0.0,2037,27,0.0,0.0,0.0,0.0,2035.5,0.0
0,891800,KELP,2034.0,30.0,0.0,0.0,0.0,0.0,2037,30,0.0,0.0,0.0,0.0,2035.5,0.0
0,891900,KELP,2034.0,23.0,0.0,0.0,0.0,0.0,2036,2,2037.0,23.0,0.0,0.0,2035.0,0.0
0,892000,KELP,2034.0,27.0,0.0,0.0,0.0,0.0,2037,27,0.0,0.0,0.0,0.0,2035.5,0.0
0,892100,KELP,2034.0,26.0,0.0,0.0,0.0,0.0,2037,26,0.0,0.0,0.0,0.0,2035.5,0.0
0,892200,KELP,2034.0,31.0,0.0,0.0,0.0,0.0,2037,31,0.0,0.0,0.0,0.0,2035.5,0.0
0,892300,KELP,2034.0,23.0,0.0,0.0,0.0,0.0,2037,23,0.0,0.0,0.0,0.0,2035.5,0.0
0,892400,KELP,2034.0,27.0,0.0,0.0,0.0,0.0,2037,27,0.0,0.0,0.0,0.0,2035.5,0.0
0,892500,KELP,2034.0,25.0,0.0,0.0,0.0,0.0,2037,25,0.0,0.0,0.0,0.0,2035.5,0.0
0,892600,KELP,2034.0,2.0,2033.0,30.0,0.0,0.0,2037,32,0.0,0.0,0.0,0.0,2035.5,0.0
0,892700,KELP,2033.0,27.0,0.0,0.0,0.0,0.0,2034,1,2036.0,5.0,2037.0,27.0,2033.5,0.0
0,892800,KELP,2034.0,30.0,0.0,0.0,0.0,0.0,2036,1,2037.0,30.0,0.0,0.0,2035.0,0.0
0,892900,KELP,2034.0,1.0,2033.0,23.0,0.0,0.0,2037,24,0.0,0.0,0.0,0.0,2035.5,0.0
0,893000,KELP,2034.0,2.0,2033.0,25.0,0.0,0.0,2037,27,0.0,0.0,0.0,0.0,2035.5,0.0
0,893100,KELP,2034.0,2.0,2033.0,25.0,0.0,0.0,2036,7,2037.0,27.0,0.0,0.0,2035.0,0.0
0,893200,KELP,2034.0,2.0,2033.0,26.0,0.0,0.0,2036,6,2037.0,28.0,0.0,0.0,2035.0,0.0
0,893300,KELP,2033.0,25.0,0.0,0.0,0.0,0.0,2034,7,2037.0,25.0,0.0,0.0,2033.5,0.0
0,893400,KELP,2034.0,9.0,2033.0,21.0,0.0,0.0,2037,22,0.0,0.0,0.0,0.0,2035.5,0.0
0,893500,KELP,2033.0,25.0,0.0,0.0,0.0,0.0,2037,25,0.0,0.0,0.0,0.0,2035.0,0.0
0,893600,KELP,2034.0,2.0,2033.0,24.0,0.0,0.0,2035,8,2037.0,26.0,0.0,0.0,2034.5,0.0
0,893700,KELP,2034.0,25.0,0.0,0.0,0.0,0.0,2037,25,0.0,0.0,0.0,0.0,2035.5,0.0
0,893800,KELP,2034.0,25.0,0.0,0.0,0.0,0.0,2036,3,2037.0,25.0,0.0,0.0,2035.0,0.0
0,893900,KELP,2034.0,29.0,0.0,0.0,0.0,0.0,2037,29,0.0,0.0,0.0,0.0,2035.5,0.0
0,894000,KELP,2034.0,25.0,0.0,0.0,0.0,0.0,2037,25,0.0,0.0,0.0,0.0,2035.5,0.0
0,894100,KELP,2034.0,29.0,0.0,0.0,0.0,0.0,2036,1,2037.0,29.0,0.0,0.0,2035.0,0.0
0,894200,KELP,2034.0,30.0,0.0,0.0,0.0,0.0,2037,25,0.0,0.0,0.0,0.0,2035.5,0.0
0,894300,KELP,2034.0,25.0,0.0,0.0,0.0,0.0,2036,4,2037.0,25.0,0.0,0.0,2035.0,0.0
0,894400,KELP,2034.0,28.0,0.0,0.0,0.0,0.0,2037,28,0.0,0.0,0.0,0.0,2035.5,0.0
0,894500,KELP,2034.0,25.0,0.0,0.0,0.0,0.0,2037,25,0.0,0.0,0.0,0.0,2035.5,0.0
0,894600,KELP,2034.0,20.0,0.0,0.0,0.0,0.0,2037,24,0.0,0.0,0.0,0.0,2035.5,0.0
0,894700,KELP,2034.0,25.0,0.0,0.0,0.0,0.0,2037,22,0.0,0.0,0.0,0.0,2035.5,0.0
0,894800,KELP,2036.0,1.0,2034.0,23.0,0.0,0.0,2037,23,0.0,0.0,0.0,0.0,2036.5,0.0
0,894900,KELP,2034.0,28.0,0.0,0.0,0.0,0.0,2037,28,0.0,0.0,0.0,0.0,2035.5,0.0
0,895000,KELP,2034.0,26.0,0.0,0.0,0.0,0.0,2037,26,0.0,0.0,0.0,0.0,2035.5,0.0
0,895100,KELP,2034.0,25.0,0.0,0.0,0.0,0.0,2037,23,0.0,0.0,0.0,0.0,2035.5,0.0
0,895200,KELP,2034.0,24.0,0.0,0.0,0.0,0.0,2035,3,2037.0,24.0,0.0,0.0,2034.5,0.0
0,895300,KELP,2034.0,32.0,0.0,0.0,0.0,0.0,2036,2,2037.0,32.0,0.0,0.0,2035.0,0.0
0,895400,KELP,2036.0,3.0,2034.0,26.0,0.0,0.0,2037,1,2038.0,25.0,0.0,0.0,2036.5,0.0
0,895500,KELP,2034.0,29.0,0.0,0.0,0.0,0.0,2036,2,2037.0,29.0,0.0,0.0,2035.0,0.0
0,895600,KELP,2036.0,1.0,2034.0,28.0,0.0,0.0,2037,28,0.0,0.0,0.0,0.0,2036.5,0.0
0,895700,KELP,2036.0,1.0,2034.0,22.0,0.0,0.0,2037,22,0.0,0.0,0.0,0.0,2036.5,0.0
0,895800,KELP,2034.0,29.0,0.0,0.0,0.0,0.0,2037,29,0.0,0.0,0.0,0.0,2035.5,0.0
0,895900,KELP,2034.0,20.0,0.0,0.0,0.0,0.0,2037,20,0.0,0.0,0.0,0.0,2035.5,0.0
0,896000,KELP,2034.0,35.0,0.0,0.0,0.0,0.0,2037,27,0.0,0.0,0.0,0.0,2035.5,0.0
0,896100,KELP,2034.0,27.0,0.0,0.0,0.0,0.0,2037,27,0.0,0.0,0.0,0.0,2035.5,0.0
0,896200,KELP,2034.0,27.0,0.0,0.0,0.0,0.0,2036,3,2037.0,27.0,0.0,0.0,2035.0,0.0
0,896300,KELP,2034.0,27.0,0.0,0.0,0.0,0.0,2037,27,0.0,0.0,0.0,0.0,2035.5,0.0
0,896400,KELP,2034.0,30.0,0.0,0.0,0.0,0.0,2036,8,2037.0,30.0,0.0,0.0,2035.0,0.0
0,896500,KELP,2034.0,32.0,0.0,0.0,0.0,0.0,2037,32,0.0,0.0,0.0,0.0,2035.5,0.0
0,896600,KELP,2034.0,23.0,0.0,0.0,0.0,0.0,2037,23,0.0,0.0,0.0,0.0,2035.5,0.0
0,896700,KELP,2036.0,4.0,2035.0,2.0,2034.0,25.0,2037,25,0.0,0.0,0.0,0.0,2036.5,0.0
0,896800,KELP,2034.0,21.0,0.0,0.0,0.0,0.0,2037,21,0.0,0.0,0.0,0.0,2035.5,0.0
0,896900,KELP,2034.0,27.0,0.0,0.0,0.0,0.0,2036,4,2037.0,27.0,0.0,0.0,2035.0,0.0
0,897000,KELP,2034.0,23.0,0.0,0.0,0.0,0.0,2037,23,0.0,0.0,0.0,0.0,2035.5,0.0
0,897100,KELP,2034.0,29.0,0.0,0.0,0.0,0.0,2037,29,0.0,0.0,0.0,0.0,2035.5,0.0
0,897200,KELP,2034.0,24.0,0.0,0.0,0.0,0.0,2037,24,0.0,0.0,0.0,0.0,2035.5,0.0
0,897300,KELP,2034.0,21.0,0.0,0.0,0.0,0.0,2037,21,0.0,0.0,0.0,0.0,2035.5,0.0
0,897400,KELP,2034.0,25.0,0.0,0.0,0.0,0.0,2037,25,0.0,0.0,0.0,0.0,2035.5,0.0
0,897500,KELP,2034.0,28.0,0.0,0.0,0.0,0.0,2037,1,2038.0,27.0,0.0,0.0,2035.5,0.0
0,897600,KELP,2034.0,26.0,0.0,0.0,0.0,0.0,2038,26,0.0,0.0,0.0,0.0,2036.0,0.0
0,897700,KELP,2034.0,30.0,0.0,0.0,0.0,0.0,2038,30,0.0,0.0,0.0,0.0,2036.0,0.0
0,897800,KELP,2034.0,25.0,0.0,0.0,0.0,0.0,2038,25,0.0,0.0,0.0,0.0,2036.0,0.0
0,897900,KELP,2034.0,24.0,0.0,0.0,0.0,0.0,2037,2,2038.0,22.0,0.0,0.0,2035.5,0.0
0,898000,KELP,2034.0,26.0,0.0,0.0,0.0,0.0,2037,26,0.0,0.0,0.0,0.0,2035.5,0.0
0,898100,KELP,2034.0,20.0,0.0,0.0,0.0,0.0,2037,20,0.0,0.0,0.0,0.0,2035.5,0.0
0,898200,KELP,2034.0,31.0,0.0,0.0,0.0,0.0,2037,31,0.0,0.0,0.0,0.0,2035.5,0.0
0,898300,KELP,2034.0,25.0,0.0,0.0,0.0,0.0,2037,26,0.0,0.0,0.0,0.0,2035.5,0.0
0,898400,KELP,2034.0,22.0,0.0,0.0,0.0,0.0,2037,22,0.0,0.0,0.0,0.0,2035.5,0.0
0,898500,KELP,2034.0,23.0,0.0,0.0,0.0,0.0,2037,23,0.0,0.0,0.0,0.0,2035.5,0.0
0,898600,KELP,2036.0,5.0,2034.0,32.0,0.0,0.0,2037,28,0.0,0.0,0.0,0.0,2036.5,0.0
0,898700,KELP,2035.0,6.0,2034.0,27.0,0.0,0.0,2037,27,0.0,0.0,0.0,0.0,2036.0,0.0
0,898800,KELP,2034.0,31.0,0.0,0.0,0.0,0.0,2037,31,0.0,0.0,0.0,0.0,2035.5,0.0
0,898900,KELP,2034.0,27.0,0.0,0.0,0.0,0.0,2037,25,0.0,0.0,0.0,0.0,2035.5,0.0
0,899000,KELP,2034.0,28.0,0.0,0.0,0.0,0.0,2036,5,2037.0,28.0,0.0,0.0,2035.0,0.0
0,899100,KELP,2034.0,32.0,0.0,0.0,0.0,0.0,2037,32,0.0,0.0,0.0,0.0,2035.5,0.0
0,899200,KELP,2034.0,24.0,0.0,0.0,0.0,0.0,2036,7,2037.0,24.0,0.0,0.0,2035.0,0.0
0,899300,KELP,2034.0,24.0,0.0,0.0,0.0,0.0,2037,24,0.0,0.0,0.0,0.0,2035.5,0.0
0,899400,KELP,2034.0,26.0,0.0,0.0,0.0,0.0,2037,27,0.0,0.0,0.0,0.0,2035.5,0.0
0,899500,KELP,2034.0,26.0,0.0,0.0,0.0,0.0,2037,26,0.0,0.0,0.0,0.0,2035.5,0.0
0,899600,KELP,2034.0,21.0,0.0,0.0,0.0,0.0,2037,21,0.0,0.0,0.0,0.0,2035.5,0.0
0,899700,KELP,2034.0,23.0,0.0,0.0,0.0,0.0,2037,23,0.0,0.0,0.0,0.0,2035.5,0.0
0,899800,KELP,2036.0,1.0,2034.0,2.0,2033.0,27.0,2037,29,0.0,0.0,0.0,0.0,2036.5,0.0
0,899900,KELP,2035.0,3.0,2034.0,22.0,0.0,0.0,2036,2,2037.0,22.0,0.0,0.0,2035.5,0.0
0,900000,KELP,2034.0,30.0,0.0,0.0,0.0,0.0,2037,29,0.0,0.0,0.0,0.0,2035.5,0.0
0,900100,KELP,2035.0,2.0,2034.0,24.0,0.0,0.0,2037,24,0.0,0.0,0.0,0.0,2036.0,0.0
0,900200,KELP,2034.0,20.0,0.0,0.0,0.0,0.0,2037,21,0.0,0.0,0.0,0.0,2035.5,0.0
0,900300,KELP,2034.0,27.0,0.0,0.0,0.0,0.0,2037,27,0.0,0.0,0.0,0.0,2035.5,0.0
0,900400,KELP,2034.0,24.0,0.0,0.0,0.0,0.0,2037,24,0.0,0.0,0.0,0.0,2035.5,0.0
0,900500,KELP,2034.0,21.0,0.0,0.0,0.0,0.0,2037,22,0.0,0.0,0.0,0.0,2035.5,0.0
0,900600,KELP,2034.0,24.0,0.0,0.0,0.0,0.0,2036,1,2037.0,24.0,0.0,0.0,2035.0,0.0
0,900700,KELP,2034.0,27.0,0.0,0.0,0.0,0.0,2035,6,2037.0,26.0,0.0,0.0,2034.5,0.0
0,900800,KELP,2034.0,23.0,0.0,0.0,0.0,0.0,2037,23,0.0,0.0,0.0,0.0,2035.5,0.0
0,900900,KELP,2034.0,27.0,0.0,0.0,0.0,0.0,2037,24,0.0,0.0,0.0,0.0,2035.5,0.0
0,901000,KELP,2034.0,24.0,0.0,0.0,0.0,0.0,2037,24,0.0,0.0,0.0,0.0,2035.5,0.0
0,901100,KELP,2034.0,29.0,0.0,0.0,0.0,0.0,2037,30,0.0,0.0,0.0,0.0,2035.5,0.0
0,901200,KELP,2034.0,28.0,0.0,0.0,0.0,0.0,2037,23,0.0,0.0,0.0,0.0,2035.5,0.0
0,901300,KELP,2034.0,22.0,0.0,0.0,0.0,0.0,2037,22,0.0,0.0,0.0,0.0,2035.5,0.0
0,901400,KELP,2036.0,1.0,2034.0,24.0,0.0,0.0,2037,2,2038.0,22.0,0.0,0.0,2036.5,0.0
0,901500,KELP,2036.0,1.0,2034.0,25.0,0.0,0.0,2037,25,0.0,0.0,0.0,0.0,2036.5,0.0
0,901600,KELP,2034.0,29.0,0.0,0.0,0.0,0.0,2036,2,2037.0,29.0,0.0,0.0,2035.0,0.0
0,901700,KELP,2034.0,29.0,0.0,0.0,0.0,0.0,2037,29,0.0,0.0,0.0,0.0,2035.5,0.0
0,901800,KELP,2034.0,26.0,0.0,0.0,0.0,0.0,2037,26,0.0,0.0,0.0,0.0,2035.5,0.0
0,901900,KELP,2034.0,30.0,0.0,0.0,0.0,0.0,2037,30,0.0,0.0,0.0,0.0,2035.5,0.0
0,902000,KELP,2034.0,26.0,0.0,0.0,0.0,0.0,2037,25,0.0,0.0,0.0,0.0,2035.5,0.0
0,902100,KELP,2034.0,29.0,0.0,0.0,0.0,0.0,2037,29,0.0,0.0,0.0,0.0,2035.5,0.0
0,902200,KELP,2035.0,9.0,2034.0,22.0,0.0,0.0,2037,22,0.0,0.0,0.0,0.0,2036.0,0.0
0,902300,KELP,2034.0,37.0,0.0,0.0,0.0,0.0,2037,30,0.0,0.0,0.0,0.0,2035.5,0.0
0,902400,KELP,2035.0,3.0,2034.0,32.0,0.0,0.0,2037,32,0.0,0.0,0.0,0.0,2036.0,0.0
0,902500,KELP,2034.0,28.0,0.0,0.0,0.0,0.0,2036,2,2037.0,28.0,0.0,0.0,2035.0,0.0
0,902600,KELP,2034.0,1.0,2033.0,24.0,0.0,0.0,2037,25,0.0,0.0,0.0,0.0,2035.5,0.0
0,902700,KELP,2033.0,22.0,0.0,0.0,0.0,0.0,2035,1,2037.0,22.0,0.0,0.0,2034.0,0.0
0,902800,KELP,2033.0,25.0,0.0,0.0,0.0,0.0,2035,2,2037.0,25.0,0.0,0.0,2034.0,0.0
0,902900,KELP,2035.0,6.0,2034.0,1.0,2033.0,25.0,2037,26,0.0,0.0,0.0,0.0,2036.0,0.0
0,903000,KELP,2033.0,21.0,0.0,0.0,0.0,0.0,2035,8,2037.0,21.0,0.0,0.0,2034.0,0.0
0,903100,KELP,2033.0,25.0,0.0,0.0,0.0,0.0,2035,1,2037.0,25.0,0.0,0.0,2034.0,0.0
0,903200,KELP,2033.0,28.0,0.0,0.0,0.0,0.0,2037,28,0.0,0.0,0.0,0.0,2035.0,0.0
0,903300,KELP,2036.0,1.0,2033.0,21.0,0.0,0.0,2037,21,0.0,0.0,0.0,0.0,2036.5,0.0
0,903400,KELP,2033.0,23.0,0.0,0.0,0.0,0.0,2037,23,0.0,0.0,0.0,0.0,2035.0,0.0
0,903500,KELP,2033.0,32.0,0.0,0.0,0.0,0.0,2037,32,0.0,0.0,0.0,0.0,2035.0,0.0
0,903600,KELP,2034.0,8.0,2033.0,30.0,0.0,0.0,2037,30,0.0,0.0,0.0,0.0,2035.5,0.0
0,903700,KELP,2033.0,25.0,0.0,0.0,0.0,0.0,2037,25,0.0,0.0,0.0,0.0,2035.0,0.0
0,903800,KELP,2033.0,26.0,0.0,0.0,0.0,0.0,2037,26,0.0,0.0,0.0,0.0,2035.0,0.0
0,903900,KELP,2035.0,2.0,2033.0,23.0,0.0,0.0,2037,23,0.0,0.0,0.0,0.0,2036.0,0.0
0,904000,KELP,2033.0,29.0,0.0,0.0,0.0,0.0,2037,29,0.0,0.0,0.0,0.0,2035.0,0.0
0,904100,KELP,2033.0,25.0,0.0,0.0,0.0,0.0,2037,25,0.0,0.0,0.0,0.0,2035.0,0.0
0,904200,KELP,2033.0,23.0,0.0,0.0,0.0,0.0,2035,1,2037.0,23.0,0.0,0.0,2034.0,0.0
0,904300,KELP,2033.0,24.0,0.0,0.0,0.0,0.0,2035,4,2037.0,24.0,0.0,0.0,2034.0,0.0
0,904400,KELP,2036.0,1.0,2034.0,6.0,2033.0,26.0,2037,26,0.0,0.0,0.0,0.0,2036.5,0.0
0,904500,KELP,2033.0,23.0,0.0,0.0,0.0,0.0,2037,23,0.0,0.0,0.0,0.0,2035.0,0.0
0,904600,KELP,2034.0,1.0,2033.0,30.0,0.0,0.0,2035,2,2037.0,31.0,0.0,0.0,2034.5,0.0
0,904700,KELP,2033.0,22.0,0.0,0.0,0.0,0.0,2037,22,0.0,0.0,0.0,0.0,2035.0,0.0
0,904800,KELP,2034.0,1.0,2033.0,25.0,0.0,0.0,2037,26,0.0,0.0,0.0,0.0,2035.5,0.0
0,904900,KELP,2034.0,1.0,2033.0,22.0,0.0,0.0,2036,2,2037.0,23.0,0.0,0.0,2035.0,0.0
0,905000,KELP,2034.0,28.0,0.0,0.0,0.0,0.0,2037,28,0.0,0.0,0.0,0.0,2035.5,0.0
0,905100,KELP,2034.0,32.0,0.0,0.0,0.0,0.0,2036,3,2037.0,32.0,0.0,0.0,2035.0,0.0
0,905200,KELP,2034.0,29.0,0.0,0.0,0.0,0.0,2037,25,0.0,0.0,0.0,0.0,2035.5,0.0
0,905300,KELP,2036.0,1.0,2034.0,28.0,0.0,0.0,2037,28,0.0,0.0,0.0,0.0,2036.5,0.0
0,905400,KELP,2034.0,29.0,0.0,0.0,0.0,0.0,2037,29,0.0,0.0,0.0,0.0,2035.5,0.0
0,905500,KELP,2036.0,1.0,2034.0,29.0,0.0,0.0,2037,29,0.0,0.0,0.0,0.0,2036.5,0.0
0,905600,KELP,2034.0,25.0,0.0,0.0,0.0,0.0,2037,25,0.0,0.0,0.0,0.0,2035.5,0.0
0,905700,KELP,2034.0,29.0,0.0,0.0,0.0,0.0,2037,29,0.0,0.0,0.0,0.0,2035.5,0.0
0,905800,KELP,2034.0,23.0,0.0,0.0,0.0,0.0,2037,23,0.0,0.0,0.0,0.0,2035.5,0.0
0,905900,KELP,2034.0,22.0,0.0,0.0,0.0,0.0,2036,2,2037.0,22.0,0.0,0.0,2035.0,0.0
0,906000,KELP,2034.0,31.0,0.0,0.0,0.0,0.0,2037,26,0.0,0.0,0.0,0.0,2035.5,0.0
0,906100,KELP,2034.0,30.0,0.0,0.0,0.0,0.0,2036,1,2037.0,30.0,0.0,0.0,2035.0,0.0
0,906200,KELP,2035.0,6.0,2034.0,26.0,0.0,0.0,2037,26,0.0,0.0,0.0,0.0,2036.0,0.0
0,906300,KELP,2034.0,28.0,0.0,0.0,0.0,0.0,2037,28,0.0,0.0,0.0,0.0,2035.5,0.0
0,906400,KELP,2034.0,28.0,0.0,0.0,0.0,0.0,2037,28,0.0,0.0,0.0,0.0,2035.5,0.0
0,906500,KELP,2034.0,26.0,0.0,0.0,0.0,0.0,2037,26,0.0,0.0,0.0,0.0,2035.5,0.0
0,906600,KELP,2034.0,25.0,0.0,0.0,0.0,0.0,2037,25,0.0,0.0,0.0,0.0,2035.5,0.0
0,906700,KELP,2034.0,23.0,0.0,0.0,0.0,0.0,2037,23,0.0,0.0,0.0,0.0,2035.5,0.0
0,906800,KELP,2034.0,27.0,0.0,0.0,0.0,0.0,2037,27,0.0,0.0,0.0,0.0,2035.5,0.0
0,906900,KELP,2034.0,26.0,0.0,0.0,0.0,0.0,2037,26,0.0,0.0,0.0,0.0,2035.5,0.0
0,907000,KELP,2034.0,22.0,0.0,0.0,0.0,0.0,2037,22,0.0,0.0,0.0,0.0,2035.5,0.0
0,907100,KELP,2034.0,35.0,0.0,0.0,0.0,0.0,2037,27,0.0,0.0,0.0,0.0,2035.5,0.0
0,907200,KELP,2034.0,25.0,0.0,0.0,0.0,0.0,2036,2,2037.0,25.0,0.0,0.0,2035.0,0.0
0,907300,KELP,2034.0,21.0,0.0,0.0,0.0,0.0,2037,21,0.0,0.0,0.0,0.0,2035.5,0.0
0,907400,KELP,2034.0,24.0,0.0,0.0,0.0,0.0,2037,24,0.0,0.0,0.0,0.0,2035.5,0.0
0,907500,KELP,2034.0,26.0,0.0,0.0,0.0,0.0,2036,1,2037.0,26.0,0.0,0.0,2035.0,0.0
0,907600,KELP,2034.0,30.0,0.0,0.0,0.0,0.0,2036,6,2037.0,30.0,0.0,0.0,2035.0,0.0
0,907700,KELP,2034.0,31.0,0.0,0.0,0.0,0.0,2037,31,0.0,0.0,0.0,0.0,2035.5,0.0
0,907800,KELP,2034.0,27.0,0.0,0.0,0.0,0.0,2037,27,0.0,0.0,0.0,0.0,2035.5,0.0
0,907900,KELP,2034.0,22.0,0.0,0.0,0.0,0.0,2036,6,2037.0,22.0,0.0,0.0,2035.0,0.0
0,908000,KELP,2034.0,26.0,0.0,0.0,0.0,0.0,2036,4,2037.0,26.0,0.0,0.0,2035.0,0.0
0,908100,KELP,2033.0,28.0,0.0,0.0,0.0,0.0,2037,28,0.0,0.0,0.0,0.0,2035.0,0.0
0,908200,KELP,2034.0,1.0,2033.0,28.0,0.0,0.0,2037,30,0.0,0.0,0.0,0.0,2035.5,0.0
0,908300,KELP,2036.0,1.0,2034.0,26.0,0.0,0.0,2037,26,0.0,0.0,0.0,0.0,2036.5,0.0
0,908400,KELP,2034.0,25.0,0.0,0.0,0.0,0.0,2036,4,2037.0,25.0,0.0,0.0,2035.0,0.0
0,908500,KELP,2034.0,34.0,0.0,0.0,0.0,0.0,2037,32,0.0,0.0,0.0,0.0,2035.5,0.0
0,908600,KELP,2034.0,29.0,0.0,0.0,0.0,0.0,2036,4,2037.0,29.0,0.0,0.0,2035.0,0.0
0,908700,KELP,2036.0,1.0,2034.0,22.0,0.0,0.0,2037,22,0.0,0.0,0.0,0.0,2036.5,0.0
0,908800,KELP,2034.0,26.0,0.0,0.0,0.0,0.0,2036,1,2037.0,26.0,0.0,0.0,2035.0,0.0
0,908900,KELP,2034.0,25.0,0.0,0.0,0.0,0.0,2037,21,0.0,0.0,0.0,0.0,2035.5,0.0
0,909000,KELP,2034.0,29.0,0.0,0.0,0.0,0.0,2037,29,0.0,0.0,0.0,0.0,2035.5,0.0
0,909100,KELP,2034.0,32.0,0.0,0.0,0.0,0.0,2037,2,2038.0,30.0,0.0,0.0,2035.5,0.0
0,909200,KELP,2034.0,28.0,0.0,0.0,0.0,0.0,2036,2,2038.0,28.0,0.0,0.0,2035.0,0.0
0,909300,KELP,2035.0,7.0,2034.0,21.0,0.0,0.0,2038,21,0.0,0.0,0.0,0.0,2036.5,0.0
0,909400,KELP,2034.0,21.0,0.0,0.0,0.0,0.0,2038,21,0.0,0.0,0.0,0.0,2036.0,0.0
0,909500,KELP,2035.0,7.0,2034.0,27.0,0.0,0.0,2038,27,0.0,0.0,0.0,0.0,2036.5,0.0
0,909600,KELP,2034.0,23.0,0.0,0.0,0.0,0.0,2038,23,0.0,0.0,0.0,0.0,2036.0,0.0
0,909700,KELP,2034.0,25.0,0.0,0.0,0.0,0.0,2038,25,0.0,0.0,0.0,0.0,2036.0,0.0
0,909800,KELP,2034.0,26.0,0.0,0.0,0.0,0.0,2038,26,0.0,0.0,0.0,0.0,2036.0,0.0
0,909900,KELP,2034.0,30.0,0.0,0.0,0.0,0.0,2037,1,2038.0,29.0,0.0,0.0,2035.5,0.0
0,910000,KELP,2034.0,25.0,0.0,0.0,0.0,0.0,2038,25,0.0,0.0,0.0,0.0,2036.0,0.0
0,910100,KELP,2034.0,24.0,0.0,0.0,0.0,0.0,2037,2,2038.0,22.0,0.0,0.0,2035.5,0.0
0,910200,KELP,2034.0,30.0,0.0,0.0,0.0,0.0,2037,2,2038.0,28.0,0.0,0.0,2035.5,0.0
0,910300,KELP,2034.0,21.0,0.0,0.0,0.0,0.0,2037,21,0.0,0.0,0.0,0.0,2035.5,0.0
0,910400,KELP,2034.0,25.0,0.0,0.0,0.0,0.0,2037,25,0.0,0.0,0.0,0.0,2035.5,0.0
0,910500,KELP,2034.0,25.0,0.0,0.0,0.0,0.0,2038,26,0.0,0.0,0.0,0.0,2036.0,0.0
0,910600,KELP,2034.0,29.0,0.0,0.0,0.0,0.0,2037,1,2038.0,28.0,0.0,0.0,2035.5,0.0
0,910700,KELP,2034.0,20.0,0.0,0.0,0.0,0.0,2036,1,2038.0,20.0,0.0,0.0,2035.0,0.0
0,910800,KELP,2034.0,27.0,0.0,0.0,0.0,0.0,2038,27,0.0,0.0,0.0,0.0,2036.0,0.0
0,910900,KELP,2034.0,30.0,0.0,0.0,0.0,0.0,2038,30,0.0,0.0,0.0,0.0,2036.0,0.0
0,911000,KELP,2034.0,30.0,0.0,0.0,0.0,0.0,2038,30,0.0,0.0,0.0,0.0,2036.0,0.0
0,911100,KELP,2034.0,26.0,0.0,0.0,0.0,0.0,2038,26,0.0,0.0,0.0,0.0,2036.0,0.0
0,911200,KELP,2034.0,31.0,0.0,0.0,0.0,0.0,2038,31,0.0,0.0,0.0,0.0,2036.0,0.0
0,911300,KELP,2034.0,22.0,0.0,0.0,0.0,0.0,2036,4,2038.0,22.0,0.0,0.0,2035.0,0.0
0,911400,KELP,2034.0,26.0,0.0,0.0,0.0,0.0,2038,26,0.0,0.0,0.0,0.0,2036.0,0.0
0,911500,KELP,2034.0,23.0,0.0,0.0,0.0,0.0,2036,2,2038.0,23.0,0.0,0.0,2035.0,0.0
0,911600,KELP,2034.0,23.0,0.0,0.0,0.0,0.0,2038,23,0.0,0.0,0.0,0.0,2036.0,0.0
0,911700,KELP,2035.0,4.0,2034.0,31.0,0.0,0.0,2038,31,0.0,0.0,0.0,0.0,2036.5,0.0
0,911800,KELP,2035.0,4.0,2034.0,29.0,0.0,0.0,2038,29,0.0,0.0,0.0,0.0,2036.5,0.0
0,911900,KELP,2034.0,29.0,0.0,0.0,0.0,0.0,2038,29,0.0,0.0,0.0,0.0,2036.0,0.0
0,912000,KELP,2034.0,30.0,0.0,0.0,0.0,0.0,2038,30,0.0,0.0,0.0,0.0,2036.0,0.0
0,912100,KELP,2034.0,20.0,0.0,0.0,0.0,0.0,2036,8,2038.0,21.0,0.0,0.0,2035.0,0.0
0,912200,KELP,2034.0,29.0,0.0,0.0,0.0,0.0,2038,29,0.0,0.0,0.0,0.0,2036.0,0.0
0,912300,KELP,2035.0,30.0,0.0,0.0,0.0,0.0,2038,24,0.0,0.0,0.0,0.0,2036.5,0.0
0,912400,KELP,2037.0,1.0,2034.0,25.0,0.0,0.0,2038,25,0.0,0.0,0.0,0.0,2037.5,0.0
0,912500,KELP,2034.0,28.0,0.0,0.0,0.0,0.0,2038,28,0.0,0.0,0.0,0.0,2036.0,0.0
0,912600,KELP,2034.0,23.0,0.0,0.0,0.0,0.0,2038,23,0.0,0.0,0.0,0.0,2036.0,0.0
0,912700,KELP,2034.0,30.0,0.0,0.0,0.0,0.0,2038,30,0.0,0.0,0.0,0.0,2036.0,0.0
0,912800,KELP,2036.0,3.0,2034.0,22.0,0.0,0.0,2038,22,0.0,0.0,0.0,0.0,2037.0,0.0
0,912900,KELP,2034.0,26.0,0.0,0.0,0.0,0.0,2038,26,0.0,0.0,0.0,0.0,2036.0,0.0
0,913000,KELP,2034.0,23.0,0.0,0.0,0.0,0.0,2038,23,0.0,0.0,0.0,0.0,2036.0,0.0
0,913100,KELP,2037.0,1.0,2034.0,25.0,0.0,0.0,2038,25,0.0,0.0,0.0,0.0,2037.5,0.0
0,913200,KELP,2035.0,5.0,2034.0,22.0,0.0,0.0,2038,22,0.0,0.0,0.0,0.0,2036.5,0.0
0,913300,KELP,2034.0,28.0,0.0,0.0,0.0,0.0,2038,28,0.0,0.0,0.0,0.0,2036.0,0.0
0,913400,KELP,2034.0,30.0,0.0,0.0,0.0,0.0,2038,30,0.0,0.0,0.0,0.0,2036.0,0.0
0,913500,KELP,2034.0,29.0,0.0,0.0,0.0,0.0,2036,1,2038.0,29.0,0.0,0.0,2035.0,0.0
0,913600,KELP,2035.0,1.0,2034.0,27.0,0.0,0.0,2036,8,2038.0,28.0,0.0,0.0,2035.5,0.0
0,913700,KELP,2034.0,28.0,0.0,0.0,0.0,0.0,2036,6,2038.0,28.0,0.0,0.0,2035.0,0.0
0,913800,KELP,2034.0,27.0,0.0,0.0,0.0,0.0,2038,27,0.0,0.0,0.0,0.0,2036.0,0.0
0,913900,KELP,2034.0,21.0,0.0,0.0,0.0,0.0,2038,21,0.0,0.0,0.0,0.0,2036.0,0.0
0,914000,KELP,2034.0,29.0,0.0,0.0,0.0,0.0,2035,1,2038.0,29.0,0.0,0.0,2034.5,0.0
0,914100,KELP,2034.0,32.0,0.0,0.0,0.0,0.0,2038,32,0.0,0.0,0.0,0.0,2036.0,0.0
0,914200,KELP,2034.0,25.0,0.0,0.0,0.0,0.0,2038,25,0.0,0.0,0.0,0.0,2036.0,0.0
0,914300,KELP,2034.0,25.0,0.0,0.0,0.0,0.0,2035,6,2036.0,7.0,2038.0,26.0,2034.5,0.0
0,914400,KELP,2034.0,21.0,0.0,0.0,0.0,0.0,2038,21,0.0,0.0,0.0,0.0,2036.0,0.0
0,914500,KELP,2034.0,27.0,0.0,0.0,0.0,0.0,2038,27,0.0,0.0,0.0,0.0,2036.0,0.0
0,914600,KELP,2036.0,4.0,2034.0,26.0,0.0,0.0,2038,26,0.0,0.0,0.0,0.0,2037.0,0.0
0,914700,KELP,2034.0,29.0,0.0,0.0,0.0,0.0,2038,29,0.0,0.0,0.0,0.0,2036.0,0.0
0,914800,KELP,2034.0,24.0,0.0,0.0,0.0,0.0,2038,24,0.0,0.0,0.0,0.0,2036.0,0.0
0,914900,KELP,2035.0,2.0,2034.0,30.0,0.0,0.0,2038,30,0.0,0.0,0.0,0.0,2036.5,0.0
0,915000,KELP,2034.0,32.0,0.0,0.0,0.0,0.0,2038,32,0.0,0.0,0.0,0.0,2036.0,0.0
0,915100,KELP,2034.0,28.0,0.0,0.0,0.0,0.0,2035,1,2038.0,28.0,0.0,0.0,2034.5,0.0
0,915200,KELP,2034.0,27.0,0.0,0.0,0.0,0.0,2036,2,2038.0,27.0,0.0,0.0,2035.0,0.0
0,915300,KELP,2036.0,3.0,2035.0,2.0,2034.0,21.0,2038,21,0.0,0.0,0.0,0.0,2037.0,0.0
0,915400,KELP,2034.0,31.0,0.0,0.0,0.0,0.0,2038,31,0.0,0.0,0.0,0.0,2036.0,0.0
0,915500,KELP,2035.0,26.0,0.0,0.0,0.0,0.0,2038,26,0.0,0.0,0.0,0.0,2036.5,0.0
0,915600,KELP,2035.0,26.0,0.0,0.0,0.0,0.0,2038,27,0.0,0.0,0.0,0.0,2036.5,0.0
0,915700,KELP,2035.0,31.0,0.0,0.0,0.0,0.0,2036,3,2037.0,5.0,2038.0,31.0,2035.5,0.0
0,915800,KELP,2035.0,29.0,0.0,0.0,0.0,0.0,2038,29,0.0,0.0,0.0,0.0,2036.5,0.0
0,915900,KELP,2035.0,35.0,0.0,0.0,0.0,0.0,2038,29,0.0,0.0,0.0,0.0,2036.5,0.0
0,916000,KELP,2035.0,2.0,2034.0,30.0,0.0,0.0,2038,32,0.0,0.0,0.0,0.0,2036.5,0.0
0,916100,KELP,2035.0,6.0,2034.0,28.0,0.0,0.0,2038,28,0.0,0.0,0.0,0.0,2036.5,0.0
0,916200,KELP,2035.0,24.0,0.0,0.0,0.0,0.0,2036,3,2038.0,24.0,0.0,0.0,2035.5,0.0
0,916300,KELP,2035.0,27.0,0.0,0.0,0.0,0.0,2036,5,2038.0,27.0,0.0,0.0,2035.5,0.0
0,916400,KELP,2035.0,30.0,0.0,0.0,0.0,0.0,2038,28,0.0,0.0,0.0,0.0,2036.5,0.0
0,916500,KELP,2037.0,2.0,2035.0,27.0,0.0,0.0,2038,27,0.0,0.0,0.0,0.0,2037.5,0.0
0,916600,KELP,2035.0,33.0,0.0,0.0,0.0,0.0,2038,28,0.0,0.0,0.0,0.0,2036.5,0.0
0,916700,KELP,2035.0,29.0,0.0,0.0,0.0,0.0,2038,29,0.0,0.0,0.0,0.0,2036.5,0.0
0,916800,KELP,2035.0,24.0,0.0,0.0,0.0,0.0,2038,24,0.0,0.0,0.0,0.0,2036.5,0.0
0,916900,KELP,2037.0,5.0,2035.0,29.0,0.0,0.0,2038,29,0.0,0.0,0.0,0.0,2037.5,0.0
0,917000,KELP,2035.0,27.0,0.0,0.0,0.0,0.0,2038,27,0.0,0.0,0.0,0.0,2036.5,0.0
0,917100,KELP,2035.0,29.0,0.0,0.0,0.0,0.0,2038,29,0.0,0.0,0.0,0.0,2036.5,0.0
0,917200,KELP,2035.0,22.0,0.0,0.0,0.0,0.0,2038,22,0.0,0.0,0.0,0.0,2036.5,0.0
0,917300,KELP,2035.0,29.0,0.0,0.0,0.0,0.0,2038,21,0.0,0.0,0.0,0.0,2036.5,0.0
0,917400,KELP,2035.0,22.0,0.0,0.0,0.0,0.0,2038,22,0.0,0.0,0.0,0.0,2036.5,0.0
0,917500,KELP,2035.0,29.0,0.0,0.0,0.0,0.0,2038,29,0.0,0.0,0.0,0.0,2036.5,0.0
0,917600,KELP,2035.0,29.0,0.0,0.0,0.0,0.0,2037,7,2038.0,29.0,0.0,0.0,2036.0,0.0
0,917700,KELP,2035.0,28.0,0.0,0.0,0.0,0.0,2038,28,0.0,0.0,0.0,0.0,2036.5,0.0
0,917800,KELP,2035.0,29.0,0.0,0.0,0.0,0.0,2038,24,0.0,0.0,0.0,0.0,2036.5,0.0
0,917900,KELP,2036.0,3.0,2035.0,23.0,0.0,0.0,2038,23,0.0,0.0,0.0,0.0,2037.0,0.0
0,918000,KELP,2036.0,1.0,2035.0,31.0,0.0,0.0,2038,31,0.0,0.0,0.0,0.0,2037.0,0.0
0,918100,KELP,2035.0,31.0,0.0,0.0,0.0,0.0,2037,7,2038.0,31.0,0.0,0.0,2036.0,0.0
0,918200,KELP,2034.0,22.0,0.0,0.0,0.0,0.0,2038,22,0.0,0.0,0.0,0.0,2036.0,0.0
0,918300,KELP,2035.0,1.0,2034.0,21.0,0.0,0.0,2038,22,0.0,0.0,0.0,0.0,2036.5,0.0
0,918400,KELP,2034.0,22.0,0.0,0.0,0.0,0.0,2038,22,0.0,0.0,0.0,0.0,2036.0,0.0
0,918500,KELP,2037.0,1.0,2035.0,7.0,2034.0,27.0,2038,27,0.0,0.0,0.0,0.0,2037.5,0.0
0,918600,KELP,2034.0,23.0,0.0,0.0,0.0,0.0,2037,1,2038.0,22.0,0.0,0.0,2035.5,0.0
0,918700,KELP,2034.0,31.0,0.0,0.0,0.0,0.0,2036,8,2038.0,31.0,0.0,0.0,2035.0,0.0
0,918800,KELP,2035.0,5.0,2034.0,24.0,0.0,0.0,2036,6,2038.0,24.0,0.0,0.0,2035.5,0.0
0,918900,KELP,2034.0,26.0,0.0,0.0,0.0,0.0,2035,2,2038.0,26.0,0.0,0.0,2034.5,0.0
0,919000,KELP,2035.0,7.0,2034.0,25.0,0.0,0.0,2037,1,2038.0,24.0,0.0,0.0,2036.0,0.0
0,919100,KELP,2034.0,21.0,0.0,0.0,0.0,0.0,2038,21,0.0,0.0,0.0,0.0,2036.0,0.0
0,919200,KELP,2034.0,23.0,0.0,0.0,0.0,0.0,2037,1,2038.0,22.0,0.0,0.0,2035.5,0.0
0,919300,KELP,2034.0,31.0,0.0,0.0,0.0,0.0,2037,31,0.0,0.0,0.0,0.0,2035.5,0.0
0,919400,KELP,2034.0,23.0,0.0,0.0,0.0,0.0,2037,23,0.0,0.0,0.0,0.0,2035.5,0.0
0,919500,KELP,2034.0,31.0,0.0,0.0,0.0,0.0,2036,1,2037.0,31.0,0.0,0.0,2035.0,0.0
0,919600,KELP,2034.0,26.0,0.0,0.0,0.0,0.0,2036,2,2037.0,26.0,0.0,0.0,2035.0,0.0
0,919700,KELP,2034.0,21.0,0.0,0.0,0.0,0.0,2036,2,2037.0,21.0,0.0,0.0,2035.0,0.0
0,919800,KELP,2034.0,22.0,0.0,0.0,0.0,0.0,2036,6,2037.0,22.0,0.0,0.0,2035.0,0.0
0,919900,KELP,2034.0,20.0,0.0,0.0,0.0,0.0,2037,21,0.0,0.0,0.0,0.0,2035.5,0.0
0,920000,KELP,2034.0,23.0,0.0,0.0,0.0,0.0,2037,23,0.0,0.0,0.0,0.0,2035.5,0.0
0,920100,KELP,2034.0,23.0,0.0,0.0,0.0,0.0,2035,3,2037.0,23.0,0.0,0.0,2034.5,0.0
0,920200,KELP,2034.0,21.0,0.0,0.0,0.0,0.0,2037,21,0.0,0.0,0.0,0.0,2035.5,0.0
0,920300,KELP,2034.0,21.0,0.0,0.0,0.0,0.0,2037,21,0.0,0.0,0.0,0.0,2035.5,0.0
0,920400,KELP,2034.0,31.0,0.0,0.0,0.0,0.0,2037,31,0.0,0.0,0.0,0.0,2035.5,0.0
0,920500,KELP,2036.0,5.0,2034.0,30.0,0.0,0.0,2037,30,0.0,0.0,0.0,0.0,2036.5,0.0
0,920600,KELP,2034.0,28.0,0.0,0.0,0.0,0.0,2037,28,0.0,0.0,0.0,0.0,2035.5,0.0
0,920700,KELP,2034.0,22.0,0.0,0.0,0.0,0.0,2036,4,2037.0,2.0,2038.0,20.0,2035.0,0.0
0,920800,KELP,2034.0,30.0,0.0,0.0,0.0,0.0,2038,30,0.0,0.0,0.0,0.0,2036.0,0.0
0,920900,KELP,2034.0,28.0,0.0,0.0,0.0,0.0,2035,5,2037.0,2.0,2038.0,26.0,2034.5,0.0
0,921000,KELP,2034.0,28.0,0.0,0.0,0.0,0.0,2038,28,0.0,0.0,0.0,0.0,2036.0,0.0
0,921100,KELP,2034.0,21.0,0.0,0.0,0.0,0.0,2036,2,2037.0,21.0,0.0,0.0,2035.0,0.0
0,921200,KELP,2034.0,28.0,0.0,0.0,0.0,0.0,2037,2,2038.0,26.0,0.0,0.0,2035.5,0.0
0,921300,KELP,2034.0,27.0,0.0,0.0,0.0,0.0,2036,5,2037.0,2.0,2038.0,25.0,2035.0,0.0
0,921400,KELP,2034.0,22.0,0.0,0.0,0.0,0.0,2036,5,2037.0,1.0,2038.0,21.0,2035.0,0.0
0,921500,KELP,2034.0,22.0,0.0,0.0,0.0,0.0,2038,22,0.0,0.0,0.0,0.0,2036.0,0.0
0,921600,KELP,2034.0,30.0,0.0,0.0,0.0,0.0,2037,30,0.0,0.0,0.0,0.0,2035.5,0.0
0,921700,KELP,2034.0,31.0,0.0,0.0,0.0,0.0,2037,31,0.0,0.0,0.0,0.0,2035.5,0.0
0,921800,KELP,2034.0,29.0,0.0,0.0,0.0,0.0,2037,29,0.0,0.0,0.0,0.0,2035.5,0.0
0,921900,KELP,2034.0,21.0,0.0,0.0,0.0,0.0,2037,21,0.0,0.0,0.0,0.0,2035.5,0.0
0,922000,KELP,2036.0,2.0,2034.0,24.0,0.0,0.0,2037,24,0.0,0.0,0.0,0.0,2036.5,0.0
0,922100,KELP,2034.0,29.0,0.0,0.0,0.0,0.0,2036,3,2038.0,29.0,0.0,0.0,2035.0,0.0
0,922200,KELP,2035.0,5.0,2034.0,26.0,0.0,0.0,2038,26,0.0,0.0,0.0,0.0,2036.5,0.0
0,922300,KELP,2035.0,1.0,2034.0,30.0,0.0,0.0,2037,2,2038.0,28.0,0.0,0.0,2036.0,0.0
0,922400,KELP,2034.0,27.0,0.0,0.0,0.0,0.0,2037,2,2038.0,25.0,0.0,0.0,2035.5,0.0
0,922500,KELP,2034.0,27.0,0.0,0.0,0.0,0.0,2037,1,2038.0,26.0,0.0,0.0,2035.5,0.0
0,922600,KELP,2034.0,29.0,0.0,0.0,0.0,0.0,2036,1,2038.0,29.0,0.0,0.0,2035.0,0.0
0,922700,KELP,2035.0,2.0,2034.0,25.0,0.0,0.0,2037,2,2038.0,23.0,0.0,0.0,2036.0,0.0
0,922800,KELP,2034.0,27.0,0.0,0.0,0.0,0.0,2038,27,0.0,0.0,0.0,0.0,2036.0,0.0
0,922900,KELP,2034.0,26.0,0.0,0.0,0.0,0.0,2038,26,0.0,0.0,0.0,0.0,2036.0,0.0
0,923000,KELP,2034.0,23.0,0.0,0.0,0.0,0.0,2036,2,2038.0,23.0,0.0,0.0,2035.0,0.0
0,923100,KELP,2034.0,28.0,0.0,0.0,0.0,0.0,2038,28,0.0,0.0,0.0,0.0,2036.0,0.0
0,923200,KELP,2034.0,30.0,0.0,0.0,0.0,0.0,2036,1,2038.0,30.0,0.0,0.0,2035.0,0.0
0,923300,KELP,2036.0,1.0,2034.0,27.0,0.0,0.0,2038,27,0.0,0.0,0.0,0.0,2037.0,0.0
0,923400,KELP,2034.0,29.0,0.0,0.0,0.0,0.0,2036,5,2038.0,29.0,0.0,0.0,2035.0,0.0
0,923500,KELP,2034.0,25.0,0.0,0.0,0.0,0.0,2037,1,2038.0,25.0,0.0,0.0,2035.5,0.0
0,923600,KELP,2034.0,26.0,0.0,0.0,0.0,0.0,2038,26,0.0,0.0,0.0,0.0,2036.0,0.0
0,923700,KELP,2035.0,1.0,2034.0,30.0,0.0,0.0,2038,30,0.0,0.0,0.0,0.0,2036.5,0.0
0,923800,KELP,2034.0,26.0,0.0,0.0,0.0,0.0,2038,26,0.0,0.0,0.0,0.0,2036.0,0.0
0,923900,KELP,2034.0,31.0,0.0,0.0,0.0,0.0,2038,31,0.0,0.0,0.0,0.0,2036.0,0.0
0,924000,KELP,2034.0,23.0,0.0,0.0,0.0,0.0,2038,23,0.0,0.0,0.0,0.0,2036.0,0.0
0,924100,KELP,2034.0,26.0,0.0,0.0,0.0,0.0,2036,7,2037.0,1.0,2038.0,25.0,2035.0,0.0
0,924200,KELP,2034.0,26.0,0.0,0.0,0.0,0.0,2038,26,0.0,0.0,0.0,0.0,2036.0,0.0
0,924300,KELP,2036.0,1.0,2034.0,24.0,0.0,0.0,2038,24,0.0,0.0,0.0,0.0,2037.0,0.0
0,924400,KELP,2034.0,24.0,0.0,0.0,0.0,0.0,2038,24,0.0,0.0,0.0,0.0,2036.0,0.0
0,924500,KELP,2035.0,1.0,2034.0,21.0,0.0,0.0,2038,21,0.0,0.0,0.0,0.0,2036.5,0.0
0,924600,KELP,2035.0,1.0,2034.0,31.0,0.0,0.0,2038,31,0.0,0.0,0.0,0.0,2036.5,0.0
0,924700,KELP,2034.0,22.0,0.0,0.0,0.0,0.0,2038,22,0.0,0.0,0.0,0.0,2036.0,0.0
0,924800,KELP,2034.0,31.0,0.0,0.0,0.0,0.0,2038,31,0.0,0.0,0.0,0.0,2036.0,0.0
0,924900,KELP,2034.0,28.0,0.0,0.0,0.0,0.0,2038,28,0.0,0.0,0.0,0.0,2036.0,0.0
0,925000,KELP,2034.0,25.0,0.0,0.0,0.0,0.0,2038,25,0.0,0.0,0.0,0.0,2036.0,0.0
0,925100,KELP,2035.0,1.0,2034.0,20.0,0.0,0.0,2038,21,0.0,0.0,0.0,0.0,2036.5,0.0
0,925200,KELP,2034.0,31.0,0.0,0.0,0.0,0.0,2037,31,0.0,0.0,0.0,0.0,2035.5,0.0
0,925300,KELP,2034.0,21.0,0.0,0.0,0.0,0.0,2036,8,2038.0,21.0,0.0,0.0,2035.0,0.0
0,925400,KELP,2034.0,29.0,0.0,0.0,0.0,0.0,2036,2,2038.0,30.0,0.0,0.0,2035.0,0.0
0,925500,KELP,2035.0,8.0,2034.0,25.0,0.0,0.0,2037,1,2038.0,24.0,0.0,0.0,2036.0,0.0
0,925600,KELP,2034.0,22.0,0.0,0.0,0.0,0.0,2038,22,0.0,0.0,0.0,0.0,2036.0,0.0
0,925700,KELP,2034.0,24.0,0.0,0.0,0.0,0.0,2038,24,0.0,0.0,0.0,0.0,2036.0,0.0
0,925800,KELP,2037.0,1.0,2034.0,21.0,0.0,0.0,2038,21,0.0,0.0,0.0,0.0,2037.5,0.0
0,925900,KELP,2034.0,29.0,0.0,0.0,0.0,0.0,2038,29,0.0,0.0,0.0,0.0,2036.0,0.0
0,926000,KELP,2034.0,27.0,0.0,0.0,0.0,0.0,2036,8,2038.0,27.0,0.0,0.0,2035.0,0.0
0,926100,KELP,2034.0,25.0,0.0,0.0,0.0,0.0,2036,7,2038.0,25.0,0.0,0.0,2035.0,0.0
0,926200,KELP,2036.0,1.0,2035.0,7.0,2034.0,28.0,2038,28,0.0,0.0,0.0,0.0,2037.0,0.0
0,926300,KELP,2034.0,26.0,0.0,0.0,0.0,0.0,2038,27,0.0,0.0,0.0,0.0,2036.0,0.0
0,926400,KELP,2034.0,26.0,0.0,0.0,0.0,0.0,2038,26,0.0,0.0,0.0,0.0,2036.0,0.0
0,926500,KELP,2035.0,4.0,2034.0,25.0,0.0,0.0,2038,25,0.0,0.0,0.0,0.0,2036.5,0.0
0,926600,KELP,2036.0,2.0,2034.0,30.0,0.0,0.0,2038,30,0.0,0.0,0.0,0.0,2037.0,0.0
0,926700,KELP,2034.0,25.0,0.0,0.0,0.0,0.0,2038,25,0.0,0.0,0.0,0.0,2036.0,0.0
0,926800,KELP,2035.0,4.0,2034.0,22.0,0.0,0.0,2038,22,0.0,0.0,0.0,0.0,2036.5,0.0
0,926900,KELP,2034.0,21.0,0.0,0.0,0.0,0.0,2036,9,2038.0,21.0,0.0,0.0,2035.0,0.0
0,927000,KELP,2034.0,22.0,0.0,0.0,0.0,0.0,2038,22,0.0,0.0,0.0,0.0,2036.0,0.0
0,927100,KELP,2034.0,22.0,0.0,0.0,0.0,0.0,2038,22,0.0,0.0,0.0,0.0,2036.0,0.0
0,927200,KELP,2034.0,27.0,0.0,0.0,0.0,0.0,2038,27,0.0,0.0,0.0,0.0,2036.0,0.0
0,927300,KELP,2034.0,21.0,0.0,0.0,0.0,0.0,2038,21,0.0,0.0,0.0,0.0,2036.0,0.0
0,927400,KELP,2036.0,2.0,2034.0,21.0,0.0,0.0,2038,21,0.0,0.0,0.0,0.0,2037.0,0.0
0,927500,KELP,2035.0,2.0,2034.0,25.0,0.0,0.0,2038,27,0.0,0.0,0.0,0.0,2036.5,0.0
0,927600,KELP,2035.0,26.0,0.0,0.0,0.0,0.0,2036,2,2038.0,23.0,0.0,0.0,2035.5,0.0
0,927700,KELP,2035.0,25.0,0.0,0.0,0.0,0.0,2038,25,0.0,0.0,0.0,0.0,2036.5,0.0
0,927800,KELP,2035.0,2.0,2034.0,27.0,0.0,0.0,2038,29,0.0,0.0,0.0,0.0,2036.5,0.0
0,927900,KELP,2037.0,1.0,2034.0,28.0,0.0,0.0,2038,28,0.0,0.0,0.0,0.0,2037.5,0.0
0,928000,KELP,2034.0,28.0,0.0,0.0,0.0,0.0,2038,28,0.0,0.0,0.0,0.0,2036.0,0.0
0,928100,KELP,2035.0,1.0,2034.0,24.0,0.0,0.0,2038,25,0.0,0.0,0.0,0.0,2036.5,0.0
0,928200,KELP,2035.0,28.0,0.0,0.0,0.0,0.0,2038,28,0.0,0.0,0.0,0.0,2036.5,0.0
0,928300,KELP,2035.0,24.0,0.0,0.0,0.0,0.0,2037,5,2038.0,24.0,0.0,0.0,2036.0,0.0
0,928400,KELP,2034.0,21.0,0.0,0.0,0.0,0.0,2036,4,2038.0,21.0,0.0,0.0,2035.0,0.0
0,928500,KELP,2035.0,31.0,0.0,0.0,0.0,0.0,2038,27,0.0,0.0,0.0,0.0,2036.5,0.0
0,928600,KELP,2035.0,29.0,0.0,0.0,0.0,0.0,2038,29,0.0,0.0,0.0,0.0,2036.5,0.0
0,928700,KELP,2036.0,7.0,2034.0,28.0,0.0,0.0,2038,28,0.0,0.0,0.0,0.0,2037.0,0.0
0,928800,KELP,2034.0,23.0,0.0,0.0,0.0,0.0,2036,5,2038.0,23.0,0.0,0.0,2035.0,0.0
0,928900,KELP,2034.0,32.0,0.0,0.0,0.0,0.0,2036,6,2038.0,32.0,0.0,0.0,2035.0,0.0
0,929000,KELP,2035.0,9.0,2034.0,21.0,0.0,0.0,2038,22,0.0,0.0,0.0,0.0,2036.5,0.0
0,929100,KELP,2036.0,2.0,2034.0,28.0,0.0,0.0,2038,28,0.0,0.0,0.0,0.0,2037.0,0.0
0,929200,KELP,2034.0,30.0,0.0,0.0,0.0,0.0,2038,30,0.0,0.0,0.0,0.0,2036.0,0.0
0,929300,KELP,2034.0,29.0,0.0,0.0,0.0,0.0,2038,29,0.0,0.0,0.0,0.0,2036.0,0.0
0,929400,KELP,2035.0,2.0,2034.0,25.0,0.0,0.0,2038,27,0.0,0.0,0.0,0.0,2036.5,0.0
0,929500,KELP,2035.0,4.0,2034.0,30.0,0.0,0.0,2038,30,0.0,0.0,0.0,0.0,2036.5,0.0
0,929600,KELP,2035.0,21.0,0.0,0.0,0.0,0.0,2038,22,0.0,0.0,0.0,0.0,2036.5,0.0
0,929700,KELP,2035.0,1.0,2034.0,30.0,0.0,0.0,2038,31,0.0,0.0,0.0,0.0,2036.5,0.0
0,929800,KELP,2035.0,31.0,0.0,0.0,0.0,0.0,2038,31,0.0,0.0,0.0,0.0,2036.5,0.0
0,929900,KELP,2035.0,2.0,2034.0,30.0,0.0,0.0,2038,32,0.0,0.0,0.0,0.0,2036.5,0.0
0,930000,KELP,2034.0,26.0,0.0,0.0,0.0,0.0,2038,26,0.0,0.0,0.0,0.0,2036.0,0.0
0,930100,KELP,2034.0,25.0,0.0,0.0,0.0,0.0,2037,1,2038.0,24.0,0.0,0.0,2035.5,0.0
0,930200,KELP,2035.0,1.0,2034.0,29.0,0.0,0.0,2038,29,0.0,0.0,0.0,0.0,2036.5,0.0
0,930300,KELP,2034.0,27.0,0.0,0.0,0.0,0.0,2038,27,0.0,0.0,0.0,0.0,2036.0,0.0
0,930400,KELP,2034.0,22.0,0.0,0.0,0.0,0.0,2037,22,0.0,0.0,0.0,0.0,2035.5,0.0
0,930500,KELP,2034.0,22.0,0.0,0.0,0.0,0.0,2037,22,0.0,0.0,0.0,0.0,2035.5,0.0
0,930600,KELP,2034.0,32.0,0.0,0.0,0.0,0.0,2037,30,0.0,0.0,0.0,0.0,2035.5,0.0
0,930700,KELP,2034.0,24.0,0.0,0.0,0.0,0.0,2037,24,0.0,0.0,0.0,0.0,2035.5,0.0
0,930800,KELP,2034.0,30.0,0.0,0.0,0.0,0.0,2037,31,0.0,0.0,0.0,0.0,2035.5,0.0
0,930900,KELP,2034.0,28.0,0.0,0.0,0.0,0.0,2037,22,0.0,0.0,0.0,0.0,2035.5,0.0
0,931000,KELP,2034.0,28.0,0.0,0.0,0.0,0.0,2037,28,0.0,0.0,0.0,0.0,2035.5,0.0
0,931100,KELP,2034.0,31.0,0.0,0.0,0.0,0.0,2037,31,0.0,0.0,0.0,0.0,2035.5,0.0
0,931200,KELP,2034.0,29.0,0.0,0.0,0.0,0.0,2037,29,0.0,0.0,0.0,0.0,2035.5,0.0
0,931300,KELP,2034.0,28.0,0.0,0.0,0.0,0.0,2037,28,0.0,0.0,0.0,0.0,2035.5,0.0
0,931400,KELP,2034.0,22.0,0.0,0.0,0.0,0.0,2036,4,2037.0,22.0,0.0,0.0,2035.0,0.0
0,931500,KELP,2034.0,27.0,0.0,0.0,0.0,0.0,2036,5,2037.0,27.0,0.0,0.0,2035.0,0.0
0,931600,KELP,2034.0,28.0,0.0,0.0,0.0,0.0,2036,6,2038.0,28.0,0.0,0.0,2035.0,0.0
0,931700,KELP,2034.0,24.0,0.0,0.0,0.0,0.0,2038,24,0.0,0.0,0.0,0.0,2036.0,0.0
0,931800,KELP,2034.0,30.0,0.0,0.0,0.0,0.0,2038,30,0.0,0.0,0.0,0.0,2036.0,0.0
0,931900,KELP,2036.0,1.0,2034.0,21.0,0.0,0.0,2038,21,0.0,0.0,0.0,0.0,2037.0,0.0
0,932000,KELP,2034.0,24.0,0.0,0.0,0.0,0.0,2038,24,0.0,0.0,0.0,0.0,2036.0,0.0
0,932100,KELP,2034.0,22.0,0.0,0.0,0.0,0.0,2038,22,0.0,0.0,0.0,0.0,2036.0,0.0
0,932200,KELP,2034.0,24.0,0.0,0.0,0.0,0.0,2038,24,0.0,0.0,0.0,0.0,2036.0,0.0
0,932300,KELP,2034.0,26.0,0.0,0.0,0.0,0.0,2038,26,0.0,0.0,0.0,0.0,2036.0,0.0
0,932400,KELP,2034.0,30.0,0.0,0.0,0.0,0.0,2038,30,0.0,0.0,0.0,0.0,2036.0,0.0
0,932500,KELP,2035.0,28.0,0.0,0.0,0.0,0.0,2038,28,0.0,0.0,0.0,0.0,2036.5,0.0
0,932600,KELP,2035.0,29.0,0.0,0.0,0.0,0.0,2037,8,2038.0,29.0,0.0,0.0,2036.0,0.0
0,932700,KELP,2035.0,25.0,0.0,0.0,0.0,0.0,2038,23,0.0,0.0,0.0,0.0,2036.5,0.0
0,932800,KELP,2035.0,32.0,0.0,0.0,0.0,0.0,2038,27,0.0,0.0,0.0,0.0,2036.5,0.0
0,932900,KELP,2035.0,21.0,0.0,0.0,0.0,0.0,2038,21,0.0,0.0,0.0,0.0,2036.5,0.0
0,933000,KELP,2035.0,23.0,0.0,0.0,0.0,0.0,2038,23,0.0,0.0,0.0,0.0,2036.5,0.0
0,933100,KELP,2035.0,24.0,0.0,0.0,0.0,0.0,2038,24,0.0,0.0,0.0,0.0,2036.5,0.0
0,933200,KELP,2035.0,28.0,0.0,0.0,0.0,0.0,2036,3,2037.0,3.0,2038.0,28.0,2035.5,0.0
0,933300,KELP,2035.0,24.0,0.0,0.0,0.0,0.0,2036,2,2038.0,24.0,0.0,0.0,2035.5,0.0
0,933400,KELP,2036.0,4.0,2035.0,31.0,0.0,0.0,2037,7,2038.0,31.0,0.0,0.0,2036.5,0.0
0,933500,KELP,2035.0,28.0,0.0,0.0,0.0,0.0,2038,24,0.0,0.0,0.0,0.0,2036.5,0.0
0,933600,KELP,2035.0,29.0,0.0,0.0,0.0,0.0,2037,7,2038.0,29.0,0.0,0.0,2036.0,0.0
0,933700,KELP,2035.0,21.0,0.0,0.0,0.0,0.0,2038,21,0.0,0.0,0.0,0.0,2036.5,0.0
0,933800,KELP,2035.0,30.0,0.0,0.0,0.0,0.0,2038,29,0.0,0.0,0.0,0.0,2036.5,0.0
0,933900,KELP,2035.0,29.0,0.0,0.0,0.0,0.0,2038,29,0.0,0.0,0.0,0.0,2036.5,0.0
0,934000,KELP,2035.0,30.0,0.0,0.0,0.0,0.0,2037,3,2039.0,30.0,0.0,0.0,2036.0,0.0
0,934100,KELP,2035.0,25.0,0.0,0.0,0.0,0.0,2037,2,2038.0,25.0,0.0,0.0,2036.0,0.0
0,934200,KELP,2035.0,24.0,0.0,0.0,0.0,0.0,2038,24,0.0,0.0,0.0,0.0,2036.5,0.0
0,934300,KELP,2035.0,23.0,0.0,0.0,0.0,0.0,2037,8,2038.0,23.0,0.0,0.0,2036.0,0.0
0,934400,KELP,2035.0,28.0,0.0,0.0,0.0,0.0,2037,5,2038.0,28.0,0.0,0.0,2036.0,0.0
0,934500,KELP,2035.0,2.0,2034.0,27.0,0.0,0.0,2038,29,0.0,0.0,0.0,0.0,2036.5,0.0
0,934600,KELP,2035.0,25.0,0.0,0.0,0.0,0.0,2036,6,2038.0,22.0,0.0,0.0,2035.5,0.0
0,934700,KELP,2034.0,25.0,0.0,0.0,0.0,0.0,2038,26,0.0,0.0,0.0,0.0,2036.0,0.0
0,934800,KELP,2035.0,26.0,0.0,0.0,0.0,0.0,2038,27,0.0,0.0,0.0,0.0,2036.5,0.0
0,934900,KELP,2034.0,27.0,0.0,0.0,0.0,0.0,2038,27,0.0,0.0,0.0,0.0,2036.0,0.0
0,935000,KELP,2034.0,24.0,0.0,0.0,0.0,0.0,2038,24,0.0,0.0,0.0,0.0,2036.0,0.0
0,935100,KELP,2034.0,27.0,0.0,0.0,0.0,0.0,2036,1,2038.0,27.0,0.0,0.0,2035.0,0.0
0,935200,KELP,2034.0,20.0,0.0,0.0,0.0,0.0,2035,1,2038.0,20.0,0.0,0.0,2034.5,0.0
0,935300,KELP,2034.0,22.0,0.0,0.0,0.0,0.0,2038,22,0.0,0.0,0.0,0.0,2036.0,0.0
0,935400,KELP,2034.0,28.0,0.0,0.0,0.0,0.0,2038,28,0.0,0.0,0.0,0.0,2036.0,0.0
0,935500,KELP,2035.0,1.0,2034.0,29.0,0.0,0.0,2038,30,0.0,0.0,0.0,0.0,2036.5,0.0
0,935600,KELP,2035.0,6.0,2034.0,27.0,0.0,0.0,2038,27,0.0,0.0,0.0,0.0,2036.5,0.0
0,935700,KELP,2036.0,4.0,2035.0,2.0,2034.0,27.0,2038,29,0.0,0.0,0.0,0.0,2037.0,0.0
0,935800,KELP,2034.0,26.0,0.0,0.0,0.0,0.0,2036,3,2038.0,26.0,0.0,0.0,2035.0,0.0
0,935900,KELP,2034.0,28.0,0.0,0.0,0.0,0.0,2036,1,2038.0,28.0,0.0,0.0,2035.0,0.0
0,936000,KELP,2034.0,31.0,0.0,0.0,0.0,0.0,2035,4,2038.0,31.0,0.0,0.0,2034.5,0.0
0,936100,KELP,2034.0,23.0,0.0,0.0,0.0,0.0,2038,23,0.0,0.0,0.0,0.0,2036.0,0.0
0,936200,KELP,2034.0,30.0,0.0,0.0,0.0,0.0,2038,30,0.0,0.0,0.0,0.0,2036.0,0.0
0,936300,KELP,2034.0,28.0,0.0,0.0,0.0,0.0,2038,28,0.0,0.0,0.0,0.0,2036.0,0.0
0,936400,KELP,2034.0,25.0,0.0,0.0,0.0,0.0,2038,25,0.0,0.0,0.0,0.0,2036.0,0.0
0,936500,KELP,2036.0,1.0,2034.0,27.0,0.0,0.0,2038,27,0.0,0.0,0.0,0.0,2037.0,0.0
0,936600,KELP,2034.0,25.0,0.0,0.0,0.0,0.0,2036,7,2038.0,25.0,0.0,0.0,2035.0,0.0
0,936700,KELP,2034.0,22.0,0.0,0.0,0.0,0.0,2038,22,0.0,0.0,0.0,0.0,2036.0,0.0
0,936800,KELP,2035.0,7.0,2034.0,23.0,0.0,0.0,2038,23,0.0,0.0,0.0,0.0,2036.5,0.0
0,936900,KELP,2035.0,2.0,2034.0,23.0,0.0,0.0,2038,25,0.0,0.0,0.0,0.0,2036.5,0.0
0,937000,KELP,2037.0,1.0,2034.0,25.0,0.0,0.0,2038,25,0.0,0.0,0.0,0.0,2037.5,0.0
0,937100,KELP,2034.0,30.0,0.0,0.0,0.0,0.0,2038,30,0.0,0.0,0.0,0.0,2036.0,0.0
0,937200,KELP,2034.0,25.0,0.0,0.0,0.0,0.0,2038,25,0.0,0.0,0.0,0.0,2036.0,0.0
0,937300,KELP,2034.0,30.0,0.0,0.0,0.0,0.0,2035,3,2038.0,30.0,0.0,0.0,2034.5,0.0
0,937400,KELP,2036.0,10.0,2034.0,28.0,0.0,0.0,2038,28,0.0,0.0,0.0,0.0,2037.0,0.0
0,937500,KELP,2034.0,26.0,0.0,0.0,0.0,0.0,2038,26,0.0,0.0,0.0,0.0,2036.0,0.0
0,937600,KELP,2034.0,26.0,0.0,0.0,0.0,0.0,2036,8,2038.0,26.0,0.0,0.0,2035.0,0.0
0,937700,KELP,2035.0,3.0,2034.0,22.0,0.0,0.0,2038,22,0.0,0.0,0.0,0.0,2036.5,0.0
0,937800,KELP,2034.0,28.0,0.0,0.0,0.0,0.0,2036,7,2038.0,28.0,0.0,0.0,2035.0,0.0
0,937900,KELP,2034.0,27.0,0.0,0.0,0.0,0.0,2038,27,0.0,0.0,0.0,0.0,2036.0,0.0
0,938000,KELP,2034.0,25.0,0.0,0.0,0.0,0.0,2038,25,0.0,0.0,0.0,0.0,2036.0,0.0
0,938100,KELP,2035.0,28.0,0.0,0.0,0.0,0.0,2038,28,0.0,0.0,0.0,0.0,2036.5,0.0
0,938200,KELP,2035.0,28.0,0.0,0.0,0.0,0.0,2038,28,0.0,0.0,0.0,0.0,2036.5,0.0
0,938300,KELP,2035.0,1.0,2034.0,21.0,0.0,0.0,2037,6,2038.0,22.0,0.0,0.0,2036.0,0.0
0,938400,KELP,2035.0,21.0,0.0,0.0,0.0,0.0,2038,22,0.0,0.0,0.0,0.0,2036.5,0.0
0,938500,KELP,2035.0,21.0,0.0,0.0,0.0,0.0,2038,21,0.0,0.0,0.0,0.0,2036.5,0.0
0,938600,KELP,2035.0,21.0,0.0,0.0,0.0,0.0,2038,21,0.0,0.0,0.0,0.0,2036.5,0.0
0,938700,KELP,2035.0,22.0,0.0,0.0,0.0,0.0,2037,4,2038.0,22.0,0.0,0.0,2036.0,0.0
0,938800,KELP,2036.0,6.0,2035.0,24.0,0.0,0.0,2038,24,0.0,0.0,0.0,0.0,2037.0,0.0
0,938900,KELP,2035.0,26.0,0.0,0.0,0.0,0.0,2037,3,2038.0,26.0,0.0,0.0,2036.0,0.0
0,939000,KELP,2035.0,31.0,0.0,0.0,0.0,0.0,2037,4,2038.0,31.0,0.0,0.0,2036.0,0.0
0,939100,KELP,2035.0,30.0,0.0,0.0,0.0,0.0,2038,30,0.0,0.0,0.0,0.0,2036.5,0.0
0,939200,KELP,2035.0,32.0,0.0,0.0,0.0,0.0,2038,25,0.0,0.0,0.0,0.0,2036.5,0.0
0,939300,KELP,2035.0,26.0,0.0,0.0,0.0,0.0,2038,26,0.0,0.0,0.0,0.0,2036.5,0.0
0,939400,KELP,2035.0,28.0,0.0,0.0,0.0,0.0,2037,7,2038.0,28.0,0.0,0.0,2036.0,0.0
0,939500,KELP,2035.0,31.0,0.0,0.0,0.0,0.0,2037,2,2038.0,31.0,0.0,0.0,2036.0,0.0
0,939600,KELP,2035.0,31.0,0.0,0.0,0.0,0.0,2038,31,0.0,0.0,0.0,0.0,2036.5,0.0
0,939700,KELP,2035.0,28.0,0.0,0.0,0.0,0.0,2038,28,0.0,0.0,0.0,0.0,2036.5,0.0
0,939800,KELP,2035.0,27.0,0.0,0.0,0.0,0.0,2037,2,2038.0,27.0,0.0,0.0,2036.0,0.0
0,939900,KELP,2037.0,1.0,2035.0,30.0,0.0,0.0,2038,29,0.0,0.0,0.0,0.0,2037.5,0.0
0,940000,KELP,2034.0,26.0,0.0,0.0,0.0,0.0,2035,1,2038.0,26.0,0.0,0.0,2034.5,0.0
0,940100,KELP,2034.0,26.0,0.0,0.0,0.0,0.0,2036,4,2038.0,26.0,0.0,0.0,2035.0,0.0
0,940200,KELP,2035.0,24.0,0.0,0.0,0.0,0.0,2038,24,0.0,0.0,0.0,0.0,2036.5,0.0
0,940300,KELP,2034.0,29.0,0.0,0.0,0.0,0.0,2038,29,0.0,0.0,0.0,0.0,2036.0,0.0
0,940400,KELP,2035.0,28.0,0.0,0.0,0.0,0.0,2038,28,0.0,0.0,0.0,0.0,2036.5,0.0
0,940500,KELP,2037.0,1.0,2035.0,6.0,2034.0,23.0,2038,25,0.0,0.0,0.0,0.0,2037.5,0.0
0,940600,KELP,2035.0,6.0,2034.0,26.0,0.0,0.0,2038,27,0.0,0.0,0.0,0.0,2036.5,0.0
0,940700,KELP,2034.0,21.0,0.0,0.0,0.0,0.0,2038,21,0.0,0.0,0.0,0.0,2036.0,0.0
0,940800,KELP,2034.0,23.0,0.0,0.0,0.0,0.0,2038,23,0.0,0.0,0.0,0.0,2036.0,0.0
0,940900,KELP,2034.0,21.0,0.0,0.0,0.0,0.0,2038,21,0.0,0.0,0.0,0.0,2036.0,0.0
0,941000,KELP,2034.0,28.0,0.0,0.0,0.0,0.0,2038,28,0.0,0.0,0.0,0.0,2036.0,0.0
0,941100,KELP,2034.0,29.0,0.0,0.0,0.0,0.0,2038,29,0.0,0.0,0.0,0.0,2036.0,0.0
0,941200,KELP,2034.0,30.0,0.0,0.0,0.0,0.0,2038,30,0.0,0.0,0.0,0.0,2036.0,0.0
0,941300,KELP,2035.0,1.0,2034.0,23.0,0.0,0.0,2037,1,2038.0,22.0,0.0,0.0,2036.0,0.0
0,941400,KELP,2034.0,28.0,0.0,0.0,0.0,0.0,2038,28,0.0,0.0,0.0,0.0,2036.0,0.0
0,941500,KELP,2036.0,1.0,2034.0,22.0,0.0,0.0,2038,22,0.0,0.0,0.0,0.0,2037.0,0.0
0,941600,KELP,2034.0,32.0,0.0,0.0,0.0,0.0,2038,32,0.0,0.0,0.0,0.0,2036.0,0.0
0,941700,KELP,2034.0,19.0,0.0,0.0,0.0,0.0,2037,1,2038.0,27.0,0.0,0.0,2035.5,0.0
0,941800,KELP,2034.0,22.0,0.0,0.0,0.0,0.0,2037,2,2038.0,20.0,0.0,0.0,2035.5,0.0
0,941900,KELP,2034.0,25.0,0.0,0.0,0.0,0.0,2037,25,0.0,0.0,0.0,0.0,2035.5,0.0
0,942000,KELP,2034.0,30.0,0.0,0.0,0.0,0.0,2037,2,2038.0,28.0,0.0,0.0,2035.5,0.0
0,942100,KELP,2034.0,26.0,0.0,0.0,0.0,0.0,2036,3,2037.0,1.0,2038.0,25.0,2035.0,0.0
0,942200,KELP,2034.0,31.0,0.0,0.0,0.0,0.0,2038,25,0.0,0.0,0.0,0.0,2036.0,0.0
0,942300,KELP,2034.0,30.0,0.0,0.0,0.0,0.0,2037,30,0.0,0.0,0.0,0.0,2035.5,0.0
0,942400,KELP,2034.0,23.0,0.0,0.0,0.0,0.0,2036,7,2037.0,23.0,0.0,0.0,2035.0,0.0
0,942500,KELP,2034.0,20.0,0.0,0.0,0.0,0.0,2037,20,0.0,0.0,0.0,0.0,2035.5,0.0
0,942600,KELP,2034.0,29.0,0.0,0.0,0.0,0.0,2037,29,0.0,0.0,0.0,0.0,2035.5,0.0
0,942700,KELP,2034.0,22.0,0.0,0.0,0.0,0.0,2037,22,0.0,0.0,0.0,0.0,2035.5,0.0
0,942800,KELP,2034.0,30.0,0.0,0.0,0.0,0.0,2036,1,2037.0,30.0,0.0,0.0,2035.0,0.0
0,942900,KELP,2034.0,25.0,0.0,0.0,0.0,0.0,2037,25,0.0,0.0,0.0,0.0,2035.5,0.0
0,943000,KELP,2034.0,36.0,0.0,0.0,0.0,0.0,2037,29,0.0,0.0,0.0,0.0,2035.5,0.0
0,943100,KELP,2034.0,28.0,0.0,0.0,0.0,0.0,2037,28,0.0,0.0,0.0,0.0,2035.5,0.0
0,943200,KELP,2034.0,29.0,0.0,0.0,0.0,0.0,2037,29,0.0,0.0,0.0,0.0,2035.5,0.0
0,943300,KELP,2034.0,25.0,0.0,0.0,0.0,0.0,2037,25,0.0,0.0,0.0,0.0,2035.5,0.0
0,943400,KELP,2036.0,2.0,2034.0,21.0,0.0,0.0,2037,20,0.0,0.0,0.0,0.0,2036.5,0.0
0,943500,KELP,2034.0,28.0,0.0,0.0,0.0,0.0,2037,28,0.0,0.0,0.0,0.0,2035.5,0.0
0,943600,KELP,2034.0,32.0,0.0,0.0,0.0,0.0,2037,32,0.0,0.0,0.0,0.0,2035.5,0.0
0,943700,KELP,2034.0,30.0,0.0,0.0,0.0,0.0,2037,30,0.0,0.0,0.0,0.0,2035.5,0.0
0,943800,KELP,2036.0,1.0,2034.0,28.0,0.0,0.0,2037,24,0.0,0.0,0.0,0.0,2036.5,0.0
0,943900,KELP,2034.0,24.0,0.0,0.0,0.0,0.0,2037,25,0.0,0.0,0.0,0.0,2035.5,0.0
0,944000,KELP,2034.0,23.0,0.0,0.0,0.0,0.0,2037,24,0.0,0.0,0.0,0.0,2035.5,0.0
0,944100,KELP,2034.0,28.0,0.0,0.0,0.0,0.0,2037,28,0.0,0.0,0.0,0.0,2035.5,0.0
0,944200,KELP,2034.0,30.0,0.0,0.0,0.0,0.0,2036,5,2037.0,30.0,0.0,0.0,2035.0,0.0
0,944300,KELP,2034.0,28.0,0.0,0.0,0.0,0.0,2036,1,2037.0,28.0,0.0,0.0,2035.0,0.0
0,944400,KELP,2034.0,35.0,0.0,0.0,0.0,0.0,2037,27,0.0,0.0,0.0,0.0,2035.5,0.0
0,944500,KELP,2034.0,26.0,0.0,0.0,0.0,0.0,2036,4,2037.0,26.0,0.0,0.0,2035.0,0.0
0,944600,KELP,2034.0,30.0,0.0,0.0,0.0,0.0,2037,30,0.0,0.0,0.0,0.0,2035.5,0.0
0,944700,KELP,2034.0,24.0,0.0,0.0,0.0,0.0,2036,2,2037.0,24.0,0.0,0.0,2035.0,0.0
0,944800,KELP,2034.0,31.0,0.0,0.0,0.0,0.0,2037,31,0.0,0.0,0.0,0.0,2035.5,0.0
0,944900,KELP,2034.0,21.0,0.0,0.0,0.0,0.0,2037,21,0.0,0.0,0.0,0.0,2035.5,0.0
0,945000,KELP,2034.0,23.0,0.0,0.0,0.0,0.0,2037,23,0.0,0.0,0.0,0.0,2035.5,0.0
0,945100,KELP,2034.0,23.0,0.0,0.0,0.0,0.0,2037,23,0.0,0.0,0.0,0.0,2035.5,0.0
0,945200,KELP,2034.0,26.0,0.0,0.0,0.0,0.0,2036,1,2037.0,26.0,0.0,0.0,2035.0,0.0
0,945300,KELP,2034.0,28.0,0.0,0.0,0.0,0.0,2036,6,2037.0,28.0,0.0,0.0,2035.0,0.0
0,945400,KELP,2034.0,24.0,0.0,0.0,0.0,0.0,2037,24,0.0,0.0,0.0,0.0,2035.5,0.0
0,945500,KELP,2034.0,24.0,0.0,0.0,0.0,0.0,2037,21,0.0,0.0,0.0,0.0,2035.5,0.0
0,945600,KELP,2034.0,25.0,0.0,0.0,0.0,0.0,2038,24,0.0,0.0,0.0,0.0,2036.0,0.0
0,945700,KELP,2034.0,21.0,0.0,0.0,0.0,0.0,2038,21,0.0,0.0,0.0,0.0,2036.0,0.0
0,945800,KELP,2035.0,4.0,2034.0,30.0,0.0,0.0,2038,30,0.0,0.0,0.0,0.0,2036.5,0.0
0,945900,KELP,2034.0,30.0,0.0,0.0,0.0,0.0,2037,26,0.0,0.0,0.0,0.0,2035.5,0.0
0,946000,KELP,2034.0,27.0,0.0,0.0,0.0,0.0,2036,1,2037.0,1.0,2038.0,26.0,2035.0,0.0
0,946100,KELP,2034.0,20.0,0.0,0.0,0.0,0.0,2036,3,2037.0,20.0,0.0,0.0,2035.0,0.0
0,946200,KELP,2034.0,29.0,0.0,0.0,0.0,0.0,2037,30,0.0,0.0,0.0,0.0,2035.5,0.0
0,946300,KELP,2034.0,27.0,0.0,0.0,0.0,0.0,2037,21,0.0,0.0,0.0,0.0,2035.5,0.0
0,946400,KELP,2034.0,24.0,0.0,0.0,0.0,0.0,2037,21,0.0,0.0,0.0,0.0,2035.5,0.0
0,946500,KELP,2034.0,29.0,0.0,0.0,0.0,0.0,2037,29,0.0,0.0,0.0,0.0,2035.5,0.0
0,946600,KELP,2034.0,27.0,0.0,0.0,0.0,0.0,2037,27,0.0,0.0,0.0,0.0,2035.5,0.0
0,946700,KELP,2034.0,27.0,0.0,0.0,0.0,0.0,2037,27,0.0,0.0,0.0,0.0,2035.5,0.0
0,946800,KELP,2034.0,31.0,0.0,0.0,0.0,0.0,2037,31,0.0,0.0,0.0,0.0,2035.5,0.0
0,946900,KELP,2034.0,22.0,0.0,0.0,0.0,0.0,2036,4,2037.0,22.0,0.0,0.0,2035.0,0.0
0,947000,KELP,2034.0,28.0,0.0,0.0,0.0,0.0,2037,23,0.0,0.0,0.0,0.0,2035.5,0.0
0,947100,KELP,2034.0,12.0,0.0,0.0,0.0,0.0,2037,20,0.0,0.0,0.0,0.0,2035.5,0.0
0,947200,KELP,2034.0,24.0,0.0,0.0,0.0,0.0,2037,24,0.0,0.0,0.0,0.0,2035.5,0.0
0,947300,KELP,2034.0,31.0,0.0,0.0,0.0,0.0,2037,31,0.0,0.0,0.0,0.0,2035.5,0.0
0,947400,KELP,2034.0,21.0,0.0,0.0,0.0,0.0,2037,22,0.0,0.0,0.0,0.0,2035.5,0.0
0,947500,KELP,2034.0,21.0,0.0,0.0,0.0,0.0,2037,20,0.0,0.0,0.0,0.0,2035.5,0.0
0,947600,KELP,2034.0,24.0,0.0,0.0,0.0,0.0,2037,24,0.0,0.0,0.0,0.0,2035.5,0.0
0,947700,KELP,2034.0,23.0,0.0,0.0,0.0,0.0,2037,23,0.0,0.0,0.0,0.0,2035.5,0.0
0,947800,KELP,2034.0,23.0,0.0,0.0,0.0,0.0,2037,22,0.0,0.0,0.0,0.0,2035.5,0.0
0,947900,KELP,2034.0,30.0,0.0,0.0,0.0,0.0,2037,30,0.0,0.0,0.0,0.0,2035.5,0.0
0,948000,KELP,2034.0,22.0,0.0,0.0,0.0,0.0,2036,3,2037.0,22.0,0.0,0.0,2035.0,0.0
0,948100,KELP,2034.0,27.0,0.0,0.0,0.0,0.0,2036,8,2037.0,27.0,0.0,0.0,2035.0,0.0
0,948200,KELP,2034.0,37.0,0.0,0.0,0.0,0.0,2037,29,0.0,0.0,0.0,0.0,2035.5,0.0
0,948300,KELP,2034.0,19.0,0.0,0.0,0.0,0.0,2037,27,0.0,0.0,0.0,0.0,2035.5,0.0
0,948400,KELP,2034.0,26.0,0.0,0.0,0.0,0.0,2037,27,0.0,0.0,0.0,0.0,2035.5,0.0
0,948500,KELP,2034.0,31.0,0.0,0.0,0.0,0.0,2036,8,2037.0,31.0,0.0,0.0,2035.0,0.0
0,948600,KELP,2034.0,26.0,0.0,0.0,0.0,0.0,2036,8,2037.0,26.0,0.0,0.0,2035.0,0.0
0,948700,KELP,2034.0,29.0,0.0,0.0,0.0,0.0,2037,29,0.0,0.0,0.0,0.0,2035.5,0.0
0,948800,KELP,2034.0,28.0,0.0,0.0,0.0,0.0,2037,28,0.0,0.0,0.0,0.0,2035.5,0.0
0,948900,KELP,2034.0,22.0,0.0,0.0,0.0,0.0,2036,3,2037.0,27.0,0.0,0.0,2035.0,0.0
0,949000,KELP,2034.0,17.0,0.0,0.0,0.0,0.0,2037,24,0.0,0.0,0.0,0.0,2035.5,0.0
0,949100,KELP,2034.0,20.0,0.0,0.0,0.0,0.0,2036,3,2037.0,20.0,0.0,0.0,2035.0,0.0
0,949200,KELP,2036.0,1.0,2034.0,39.0,0.0,0.0,2037,31,0.0,0.0,0.0,0.0,2036.5,0.0
0,949300,KELP,2036.0,1.0,2034.0,27.0,0.0,0.0,2037,27,0.0,0.0,0.0,0.0,2036.5,0.0
0,949400,KELP,2036.0,1.0,2034.0,25.0,0.0,0.0,2037,22,0.0,0.0,0.0,0.0,2036.5,0.0
0,949500,KELP,2034.0,29.0,0.0,0.0,0.0,0.0,2037,29,0.0,0.0,0.0,0.0,2035.5,0.0
0,949600,KELP,2034.0,26.0,0.0,0.0,0.0,0.0,2036,1,2037.0,26.0,0.0,0.0,2035.0,0.0
0,949700,KELP,2034.0,24.0,0.0,0.0,0.0,0.0,2037,24,0.0,0.0,0.0,0.0,2035.5,0.0
0,949800,KELP,2034.0,28.0,0.0,0.0,0.0,0.0,2037,28,0.0,0.0,0.0,0.0,2035.5,0.0
0,949900,KELP,2034.0,27.0,0.0,0.0,0.0,0.0,2037,27,0.0,0.0,0.0,0.0,2035.5,0.0
0,950000,KELP,2034.0,29.0,0.0,0.0,0.0,0.0,2037,29,0.0,0.0,0.0,0.0,2035.5,0.0
0,950100,KELP,2034.0,32.0,0.0,0.0,0.0,0.0,2037,29,0.0,0.0,0.0,0.0,2035.5,0.0
0,950200,KELP,2034.0,23.0,0.0,0.0,0.0,0.0,2037,23,0.0,0.0,0.0,0.0,2035.5,0.0
0,950300,KELP,2034.0,27.0,0.0,0.0,0.0,0.0,2037,27,0.0,0.0,0.0,0.0,2035.5,0.0
0,950400,KELP,2034.0,22.0,0.0,0.0,0.0,0.0,2037,22,0.0,0.0,0.0,0.0,2035.5,0.0
0,950500,KELP,2036.0,1.0,2034.0,22.0,0.0,0.0,2037,22,0.0,0.0,0.0,0.0,2036.5,0.0
0,950600,KELP,2034.0,22.0,0.0,0.0,0.0,0.0,2037,22,0.0,0.0,0.0,0.0,2035.5,0.0
0,950700,KELP,2034.0,25.0,0.0,0.0,0.0,0.0,2036,1,2037.0,25.0,0.0,0.0,2035.0,0.0
0,950800,KELP,2034.0,1.0,2033.0,22.0,0.0,0.0,2036,7,2037.0,23.0,0.0,0.0,2035.0,0.0
0,950900,KELP,2033.0,25.0,0.0,0.0,0.0,0.0,2036,8,2037.0,25.0,0.0,0.0,2034.5,0.0
0,951000,KELP,2033.0,22.0,0.0,0.0,0.0,0.0,2037,22,0.0,0.0,0.0,0.0,2035.0,0.0
0,951100,KELP,2033.0,20.0,0.0,0.0,0.0,0.0,2037,20,0.0,0.0,0.0,0.0,2035.0,0.0
0,951200,KELP,2035.0,1.0,2034.0,2.0,2033.0,21.0,2037,23,0.0,0.0,0.0,0.0,2036.0,0.0
0,951300,KELP,2033.0,27.0,0.0,0.0,0.0,0.0,2035,2,2037.0,27.0,0.0,0.0,2034.0,0.0
0,951400,KELP,2033.0,22.0,0.0,0.0,0.0,0.0,2034,4,2037.0,22.0,0.0,0.0,2033.5,0.0
0,951500,KELP,2033.0,26.0,0.0,0.0,0.0,0.0,2035,4,2037.0,26.0,0.0,0.0,2034.0,0.0
0,951600,KELP,2033.0,32.0,0.0,0.0,0.0,0.0,2037,32,0.0,0.0,0.0,0.0,2035.0,0.0
0,951700,KELP,2033.0,27.0,0.0,0.0,0.0,0.0,2037,27,0.0,0.0,0.0,0.0,2035.0,0.0
0,951800,KELP,2033.0,22.0,0.0,0.0,0.0,0.0,2037,22,0.0,0.0,0.0,0.0,2035.0,0.0
0,951900,KELP,2033.0,26.0,0.0,0.0,0.0,0.0,2034,1,2037.0,26.0,0.0,0.0,2033.5,0.0
0,952000,KELP,2035.0,1.0,2034.0,6.0,2033.0,25.0,2037,25,0.0,0.0,0.0,0.0,2036.0,0.0
0,952100,KELP,2036.0,1.0,2033.0,21.0,0.0,0.0,2037,21,0.0,0.0,0.0,0.0,2036.5,0.0
0,952200,KELP,2033.0,27.0,0.0,0.0,0.0,0.0,2037,27,0.0,0.0,0.0,0.0,2035.0,0.0
0,952300,KELP,2034.0,7.0,2033.0,22.0,0.0,0.0,2037,22,0.0,0.0,0.0,0.0,2035.5,0.0
0,952400,KELP,2034.0,5.0,2033.0,24.0,0.0,0.0,2036,2,2037.0,22.0,0.0,0.0,2035.0,0.0
0,952500,KELP,2034.0,1.0,2033.0,25.0,0.0,0.0,2037,25,0.0,0.0,0.0,0.0,2035.5,0.0
0,952600,KELP,2033.0,21.0,0.0,0.0,0.0,0.0,2035,3,2037.0,21.0,0.0,0.0,2034.0,0.0
0,952700,KELP,2033.0,30.0,0.0,0.0,0.0,0.0,2037,30,0.0,0.0,0.0,0.0,2035.0,0.0
0,952800,KELP,2033.0,21.0,0.0,0.0,0.0,0.0,2037,22,0.0,0.0,0.0,0.0,2035.0,0.0
0,952900,KELP,2033.0,29.0,0.0,0.0,0.0,0.0,2037,29,0.0,0.0,0.0,0.0,2035.0,0.0
0,953000,KELP,2033.0,26.0,0.0,0.0,0.0,0.0,2037,26,0.0,0.0,0.0,0.0,2035.0,0.0
0,953100,KELP,2033.0,21.0,0.0,0.0,0.0,0.0,2035,6,2037.0,21.0,0.0,0.0,2034.0,0.0
0,953200,KELP,2033.0,25.0,0.0,0.0,0.0,0.0,2037,25,0.0,0.0,0.0,0.0,2035.0,0.0
0,953300,KELP,2033.0,30.0,0.0,0.0,0.0,0.0,2034,1,2037.0,30.0,0.0,0.0,2033.5,0.0
0,953400,KELP,2034.0,26.0,0.0,0.0,0.0,0.0,2037,26,0.0,0.0,0.0,0.0,2035.5,0.0
0,953500,KELP,2036.0,4.0,2034.0,22.0,0.0,0.0,2037,22,0.0,0.0,0.0,0.0,2036.5,0.0
0,953600,KELP,2034.0,33.0,0.0,0.0,0.0,0.0,2037,26,0.0,0.0,0.0,0.0,2035.5,0.0
0,953700,KELP,2034.0,1.0,2033.0,22.0,0.0,0.0,2037,23,0.0,0.0,0.0,0.0,2035.5,0.0
0,953800,KELP,2033.0,33.0,0.0,0.0,0.0,0.0,2034,2,2037.0,29.0,0.0,0.0,2033.5,0.0
0,953900,KELP,2033.0,27.0,0.0,0.0,0.0,0.0,2036,27,0.0,0.0,0.0,0.0,2034.5,0.0
0,954000,KELP,2033.0,30.0,0.0,0.0,0.0,0.0,2034,4,2037.0,30.0,0.0,0.0,2033.5,0.0
0,954100,KELP,2033.0,28.0,0.0,0.0,0.0,0.0,2036,2,2037.0,26.0,0.0,0.0,2034.5,0.0
0,954200,KELP,2035.0,1.0,2033.0,30.0,0.0,0.0,2037,30,0.0,0.0,0.0,0.0,2036.0,0.0
0,954300,KELP,2035.0,1.0,2033.0,27.0,0.0,0.0,2036,1,2037.0,26.0,0.0,0.0,2035.5,0.0
0,954400,KELP,2033.0,24.0,0.0,0.0,0.0,0.0,2036,1,2037.0,23.0,0.0,0.0,2034.5,0.0
0,954500,KELP,2033.0,30.0,0.0,0.0,0.0,0.0,2037,30,0.0,0.0,0.0,0.0,2035.0,0.0
0,954600,KELP,2033.0,31.0,0.0,0.0,0.0,0.0,2036,1,2037.0,30.0,0.0,0.0,2034.5,0.0
0,954700,KELP,2035.0,1.0,2033.0,21.0,0.0,0.0,2037,21,0.0,0.0,0.0,0.0,2036.0,0.0
0,954800,KELP,2034.0,1.0,2033.0,28.0,0.0,0.0,2036,2,2037.0,26.0,0.0,0.0,2035.0,0.0
0,954900,KELP,2033.0,21.0,0.0,0.0,0.0,0.0,2036,1,2037.0,20.0,0.0,0.0,2034.5,0.0
0,955000,KELP,2033.0,26.0,0.0,0.0,0.0,0.0,2037,26,0.0,0.0,0.0,0.0,2035.0,0.0
0,955100,KELP,2033.0,24.0,0.0,0.0,0.0,0.0,2035,3,2037.0,24.0,0.0,0.0,2034.0,0.0
0,955200,KELP,2035.0,5.0,2033.0,30.0,0.0,0.0,2037,30,0.0,0.0,0.0,0.0,2036.0,0.0
0,955300,KELP,2033.0,28.0,0.0,0.0,0.0,0.0,2036,28,0.0,0.0,0.0,0.0,2034.5,0.0
0,955400,KELP,2033.0,23.0,0.0,0.0,0.0,0.0,2036,23,0.0,0.0,0.0,0.0,2034.5,0.0
0,955500,KELP,2033.0,28.0,0.0,0.0,0.0,0.0,2035,8,2036.0,28.0,0.0,0.0,2034.0,0.0
0,955600,KELP,2033.0,27.0,0.0,0.0,0.0,0.0,2034,2,2036.0,27.0,0.0,0.0,2033.5,0.0
0,955700,KELP,2035.0,1.0,2033.0,30.0,0.0,0.0,2036,30,0.0,0.0,0.0,0.0,2035.5,0.0
0,955800,KELP,2035.0,1.0,2033.0,38.0,0.0,0.0,2036,30,0.0,0.0,0.0,0.0,2035.5,0.0
0,955900,KELP,2033.0,26.0,0.0,0.0,0.0,0.0,2036,26,0.0,0.0,0.0,0.0,2034.5,0.0
0,956000,KELP,2033.0,27.0,0.0,0.0,0.0,0.0,2036,27,0.0,0.0,0.0,0.0,2034.5,0.0
0,956100,KELP,2034.0,2.0,2033.0,32.0,0.0,0.0,2036,30,0.0,0.0,0.0,0.0,2035.0,0.0
0,956200,KELP,2033.0,32.0,0.0,0.0,0.0,0.0,2036,32,0.0,0.0,0.0,0.0,2034.5,0.0
0,956300,KELP,2033.0,22.0,0.0,0.0,0.0,0.0,2036,22,0.0,0.0,0.0,0.0,2034.5,0.0
0,956400,KELP,2033.0,25.0,0.0,0.0,0.0,0.0,2036,25,0.0,0.0,0.0,0.0,2034.5,0.0
0,956500,KELP,2033.0,22.0,0.0,0.0,0.0,0.0,2036,22,0.0,0.0,0.0,0.0,2034.5,0.0
0,956600,KELP,2033.0,32.0,0.0,0.0,0.0,0.0,2036,32,0.0,0.0,0.0,0.0,2034.5,0.0
0,956700,KELP,2033.0,22.0,0.0,0.0,0.0,0.0,2035,6,2036.0,22.0,0.0,0.0,2034.0,0.0
0,956800,KELP,2033.0,24.0,0.0,0.0,0.0,0.0,2036,24,0.0,0.0,0.0,0.0,2034.5,0.0
0,956900,KELP,2033.0,30.0,0.0,0.0,0.0,0.0,2036,30,0.0,0.0,0.0,0.0,2034.5,0.0
0,957000,KELP,2033.0,23.0,0.0,0.0,0.0,0.0,2036,23,0.0,0.0,0.0,0.0,2034.5,0.0
0,957100,KELP,2033.0,24.0,0.0,0.0,0.0,0.0,2036,21,0.0,0.0,0.0,0.0,2034.5,0.0
0,957200,KELP,2033.0,25.0,0.0,0.0,0.0,0.0,2036,25,0.0,0.0,0.0,0.0,2034.5,0.0
0,957300,KELP,2033.0,32.0,0.0,0.0,0.0,0.0,2036,2,2037.0,27.0,0.0,0.0,2034.5,0.0
0,957400,KELP,2033.0,31.0,0.0,0.0,0.0,0.0,2036,31,0.0,0.0,0.0,0.0,2034.5,0.0
0,957500,KELP,2033.0,26.0,0.0,0.0,0.0,0.0,2035,8,2036.0,26.0,0.0,0.0,2034.0,0.0
0,957600,KELP,2035.0,1.0,2033.0,30.0,0.0,0.0,2036,30,0.0,0.0,0.0,0.0,2035.5,0.0
0,957700,KELP,2033.0,31.0,0.0,0.0,0.0,0.0,2036,24,0.0,0.0,0.0,0.0,2034.5,0.0
0,957800,KELP,2033.0,24.0,0.0,0.0,0.0,0.0,2035,8,2036.0,24.0,0.0,0.0,2034.0,0.0
0,957900,KELP,2033.0,26.0,0.0,0.0,0.0,0.0,2036,26,0.0,0.0,0.0,0.0,2034.5,0.0
0,958000,KELP,2033.0,27.0,0.0,0.0,0.0,0.0,2036,27,0.0,0.0,0.0,0.0,2034.5,0.0
0,958100,KELP,2035.0,4.0,2033.0,34.0,0.0,0.0,2036,26,0.0,0.0,0.0,0.0,2035.5,0.0
0,958200,KELP,2033.0,25.0,0.0,0.0,0.0,0.0,2035,4,2036.0,25.0,0.0,0.0,2034.0,0.0
0,958300,KELP,2033.0,24.0,0.0,0.0,0.0,0.0,2036,24,0.0,0.0,0.0,0.0,2034.5,0.0
0,958400,KELP,2033.0,25.0,0.0,0.0,0.0,0.0,2035,5,2036.0,25.0,0.0,0.0,2034.0,0.0
0,958500,KELP,2033.0,24.0,0.0,0.0,0.0,0.0,2036,24,0.0,0.0,0.0,0.0,2034.5,0.0
0,958600,KELP,2033.0,29.0,0.0,0.0,0.0,0.0,2036,29,0.0,0.0,0.0,0.0,2034.5,0.0
0,958700,KELP,2033.0,28.0,0.0,0.0,0.0,0.0,2036,28,0.0,0.0,0.0,0.0,2034.5,0.0
0,958800,KELP,2033.0,27.0,0.0,0.0,0.0,0.0,2036,27,0.0,0.0,0.0,0.0,2034.5,0.0
0,958900,KELP,2033.0,21.0,0.0,0.0,0.0,0.0,2036,20,0.0,0.0,0.0,0.0,2034.5,0.0
0,959000,KELP,2033.0,31.0,0.0,0.0,0.0,0.0,2036,31,0.0,0.0,0.0,0.0,2034.5,0.0
0,959100,KELP,2033.0,28.0,0.0,0.0,0.0,0.0,2036,28,0.0,0.0,0.0,0.0,2034.5,0.0
0,959200,KELP,2033.0,25.0,0.0,0.0,0.0,0.0,2036,25,0.0,0.0,0.0,0.0,2034.5,0.0
0,959300,KELP,2033.0,22.0,0.0,0.0,0.0,0.0,2036,23,0.0,0.0,0.0,0.0,2034.5,0.0
0,959400,KELP,2033.0,27.0,0.0,0.0,0.0,0.0,2034,5,2036.0,27.0,0.0,0.0,2033.5,0.0
0,959500,KELP,2033.0,28.0,0.0,0.0,0.0,0.0,2035,7,2036.0,28.0,0.0,0.0,2034.0,0.0
0,959600,KELP,2033.0,24.0,0.0,0.0,0.0,0.0,2036,20,0.0,0.0,0.0,0.0,2034.5,0.0
0,959700,KELP,2033.0,24.0,0.0,0.0,0.0,0.0,2036,24,0.0,0.0,0.0,0.0,2034.5,0.0
0,959800,KELP,2033.0,22.0,0.0,0.0,0.0,0.0,2037,22,0.0,0.0,0.0,0.0,2035.0,0.0
0,959900,KELP,2033.0,21.0,0.0,0.0,0.0,0.0,2035,2,2036.0,1.0,2037.0,20.0,2034.0,0.0
0,960000,KELP,2033.0,31.0,0.0,0.0,0.0,0.0,2036,31,0.0,0.0,0.0,0.0,2034.5,0.0
0,960100,KELP,2035.0,1.0,2033.0,25.0,0.0,0.0,2036,25,0.0,0.0,0.0,0.0,2035.5,0.0
0,960200,KELP,2033.0,22.0,0.0,0.0,0.0,0.0,2035,4,2036.0,22.0,0.0,0.0,2034.0,0.0
0,960300,KELP,2033.0,24.0,0.0,0.0,0.0,0.0,2036,24,0.0,0.0,0.0,0.0,2034.5,0.0
0,960400,KELP,2034.0,3.0,2033.0,31.0,0.0,0.0,2036,31,0.0,0.0,0.0,0.0,2035.0,0.0
0,960500,KELP,2033.0,30.0,0.0,0.0,0.0,0.0,2035,8,2036.0,30.0,0.0,0.0,2034.0,0.0
0,960600,KELP,2033.0,27.0,0.0,0.0,0.0,0.0,2035,2,2036.0,27.0,0.0,0.0,2034.0,0.0
0,960700,KELP,2033.0,22.0,0.0,0.0,0.0,0.0,2036,22,0.0,0.0,0.0,0.0,2034.5,0.0
0,960800,KELP,2033.0,28.0,0.0,0.0,0.0,0.0,2036,1,2037.0,27.0,0.0,0.0,2034.5,0.0
0,960900,KELP,2033.0,30.0,0.0,0.0,0.0,0.0,2037,23,0.0,0.0,0.0,0.0,2035.0,0.0
0,961000,KELP,2034.0,7.0,2033.0,30.0,0.0,0.0,2036,1,2037.0,29.0,0.0,0.0,2035.0,0.0
0,961100,KELP,2033.0,24.0,0.0,0.0,0.0,0.0,2035,2,2037.0,24.0,0.0,0.0,2034.0,0.0
0,961200,KELP,2034.0,6.0,2033.0,25.0,0.0,0.0,2037,25,0.0,0.0,0.0,0.0,2035.5,0.0
0,961300,KELP,2033.0,24.0,0.0,0.0,0.0,0.0,2036,2,2037.0,22.0,0.0,0.0,2034.5,0.0
0,961400,KELP,2033.0,24.0,0.0,0.0,0.0,0.0,2035,6,2037.0,24.0,0.0,0.0,2034.0,0.0
0,961500,KELP,2035.0,1.0,2033.0,27.0,0.0,0.0,2036,27,0.0,0.0,0.0,0.0,2035.5,0.0
0,961600,KELP,2035.0,1.0,2033.0,28.0,0.0,0.0,2036,28,0.0,0.0,0.0,0.0,2035.5,0.0
0,961700,KELP,2033.0,21.0,0.0,0.0,0.0,0.0,2035,8,2036.0,21.0,0.0,0.0,2034.0,0.0
0,961800,KELP,2033.0,29.0,0.0,0.0,0.0,0.0,2036,29,0.0,0.0,0.0,0.0,2034.5,0.0
0,961900,KELP,2033.0,26.0,0.0,0.0,0.0,0.0,2036,26,0.0,0.0,0.0,0.0,2034.5,0.0
0,962000,KELP,2033.0,23.0,0.0,0.0,0.0,0.0,2036,23,0.0,0.0,0.0,0.0,2034.5,0.0
0,962100,KELP,2035.0,1.0,2033.0,27.0,0.0,0.0,2036,27,0.0,0.0,0.0,0.0,2035.5,0.0
0,962200,KELP,2033.0,31.0,0.0,0.0,0.0,0.0,2036,31,0.0,0.0,0.0,0.0,2034.5,0.0
0,962300,KELP,2033.0,29.0,0.0,0.0,0.0,0.0,2036,25,0.0,0.0,0.0,0.0,2034.5,0.0
0,962400,KELP,2033.0,25.0,0.0,0.0,0.0,0.0,2035,4,2036.0,25.0,0.0,0.0,2034.0,0.0
0,962500,KELP,2035.0,1.0,2033.0,23.0,0.0,0.0,2036,23,0.0,0.0,0.0,0.0,2035.5,0.0
0,962600,KELP,2033.0,29.0,0.0,0.0,0.0,0.0,2036,26,0.0,0.0,0.0,0.0,2034.5,0.0
0,962700,KELP,2033.0,21.0,0.0,0.0,0.0,0.0,2036,21,0.0,0.0,0.0,0.0,2034.5,0.0
0,962800,KELP,2033.0,30.0,0.0,0.0,0.0,0.0,2036,30,0.0,0.0,0.0,0.0,2034.5,0.0
0,962900,KELP,2033.0,27.0,0.0,0.0,0.0,0.0,2036,27,0.0,0.0,0.0,0.0,2034.5,0.0
0,963000,KELP,2033.0,26.0,0.0,0.0,0.0,0.0,2036,27,0.0,0.0,0.0,0.0,2034.5,0.0
0,963100,KELP,2033.0,27.0,0.0,0.0,0.0,0.0,2036,28,0.0,0.0,0.0,0.0,2034.5,0.0
0,963200,KELP,2034.0,5.0,2033.0,30.0,0.0,0.0,2036,30,0.0,0.0,0.0,0.0,2035.0,0.0
0,963300,KELP,2033.0,21.0,0.0,0.0,0.0,0.0,2034,2,2036.0,21.0,0.0,0.0,2033.5,0.0
0,963400,KELP,2033.0,24.0,0.0,0.0,0.0,0.0,2036,24,0.0,0.0,0.0,0.0,2034.5,0.0
0,963500,KELP,2033.0,23.0,0.0,0.0,0.0,0.0,2036,23,0.0,0.0,0.0,0.0,2034.5,0.0
0,963600,KELP,2033.0,25.0,0.0,0.0,0.0,0.0,2036,25,0.0,0.0,0.0,0.0,2034.5,0.0
0,963700,KELP,2033.0,26.0,0.0,0.0,0.0,0.0,2036,26,0.0,0.0,0.0,0.0,2034.5,0.0
0,963800,KELP,2033.0,23.0,0.0,0.0,0.0,0.0,2036,23,0.0,0.0,0.0,0.0,2034.5,0.0
0,963900,KELP,2033.0,32.0,0.0,0.0,0.0,0.0,2036,32,0.0,0.0,0.0,0.0,2034.5,0.0
0,964000,KELP,2033.0,36.0,0.0,0.0,0.0,0.0,2036,29,0.0,0.0,0.0,0.0,2034.5,0.0
0,964100,KELP,2033.0,25.0,0.0,0.0,0.0,0.0,2036,25,0.0,0.0,0.0,0.0,2034.5,0.0
0,964200,KELP,2033.0,32.0,0.0,0.0,0.0,0.0,2036,32,0.0,0.0,0.0,0.0,2034.5,0.0
0,964300,KELP,2033.0,23.0,0.0,0.0,0.0,0.0,2036,23,0.0,0.0,0.0,0.0,2034.5,0.0
0,964400,KELP,2033.0,22.0,0.0,0.0,0.0,0.0,2035,2,2036.0,22.0,0.0,0.0,2034.0,0.0
0,964500,KELP,2033.0,21.0,0.0,0.0,0.0,0.0,2035,1,2036.0,21.0,0.0,0.0,2034.0,0.0
0,964600,KELP,2033.0,29.0,0.0,0.0,0.0,0.0,2036,29,0.0,0.0,0.0,0.0,2034.5,0.0
0,964700,KELP,2035.0,1.0,2033.0,21.0,0.0,0.0,2036,21,0.0,0.0,0.0,0.0,2035.5,0.0
0,964800,KELP,2033.0,32.0,0.0,0.0,0.0,0.0,2034,4,2036.0,32.0,0.0,0.0,2033.5,0.0
0,964900,KELP,2033.0,23.0,0.0,0.0,0.0,0.0,2036,23,0.0,0.0,0.0,0.0,2034.5,0.0
0,965000,KELP,2033.0,25.0,0.0,0.0,0.0,0.0,2036,25,0.0,0.0,0.0,0.0,2034.5,0.0
0,965100,KELP,2033.0,31.0,0.0,0.0,0.0,0.0,2036,31,0.0,0.0,0.0,0.0,2034.5,0.0
0,965200,KELP,2033.0,24.0,0.0,0.0,0.0,0.0,2036,24,0.0,0.0,0.0,0.0,2034.5,0.0
0,965300,KELP,2033.0,21.0,0.0,0.0,0.0,0.0,2036,21,0.0,0.0,0.0,0.0,2034.5,0.0
0,965400,KELP,2033.0,30.0,0.0,0.0,0.0,0.0,2036,30,0.0,0.0,0.0,0.0,2034.5,0.0
0,965500,KELP,2032.0,29.0,0.0,0.0,0.0,0.0,2036,29,0.0,0.0,0.0,0.0,2034.0,0.0
0,965600,KELP,2033.0,6.0,2032.0,20.0,0.0,0.0,2036,20,0.0,0.0,0.0,0.0,2034.5,0.0
0,965700,KELP,2033.0,2.0,2032.0,27.0,0.0,0.0,2034,4,2036.0,29.0,0.0,0.0,2033.5,0.0
0,965800,KELP,2033.0,2.0,2032.0,20.0,0.0,0.0,2036,22,0.0,0.0,0.0,0.0,2034.5,0.0
0,965900,KELP,2032.0,25.0,0.0,0.0,0.0,0.0,2034,6,2036.0,25.0,0.0,0.0,2033.0,0.0
0,966000,KELP,2033.0,2.0,2032.0,29.0,0.0,0.0,2034,2,2036.0,31.0,0.0,0.0,2033.5,0.0
0,966100,KELP,2034.0,4.0,2032.0,32.0,0.0,0.0,2036,32,0.0,0.0,0.0,0.0,2035.0,0.0
0,966200,KELP,2032.0,31.0,0.0,0.0,0.0,0.0,2034,5,2036.0,31.0,0.0,0.0,2033.0,0.0
0,966300,KELP,2032.0,31.0,0.0,0.0,0.0,0.0,2036,31,0.0,0.0,0.0,0.0,2034.0,0.0
0,966400,KELP,2032.0,21.0,0.0,0.0,0.0,0.0,2036,21,0.0,0.0,0.0,0.0,2034.0,0.0
0,966500,KELP,2033.0,4.0,2032.0,23.0,0.0,0.0,2036,23,0.0,0.0,0.0,0.0,2034.5,0.0
0,966600,KELP,2032.0,31.0,0.0,0.0,0.0,0.0,2034,1,2036.0,31.0,0.0,0.0,2033.0,0.0
0,966700,KELP,2032.0,23.0,0.0,0.0,0.0,0.0,2034,7,2036.0,23.0,0.0,0.0,2033.0,0.0
0,966800,KELP,2035.0,1.0,2032.0,26.0,0.0,0.0,2036,26,0.0,0.0,0.0,0.0,2035.5,0.0
0,966900,KELP,2032.0,29.0,0.0,0.0,0.0,0.0,2036,29,0.0,0.0,0.0,0.0,2034.0,0.0
0,967000,KELP,2035.0,1.0,2033.0,7.0,2032.0,28.0,2036,28,0.0,0.0,0.0,0.0,2035.5,0.0
0,967100,KELP,2032.0,27.0,0.0,0.0,0.0,0.0,2036,27,0.0,0.0,0.0,0.0,2034.0,0.0
0,967200,KELP,2032.0,22.0,0.0,0.0,0.0,0.0,2036,22,0.0,0.0,0.0,0.0,2034.0,0.0
0,967300,KELP,2032.0,31.0,0.0,0.0,0.0,0.0,2036,31,0.0,0.0,0.0,0.0,2034.0,0.0
0,967400,KELP,2032.0,31.0,0.0,0.0,0.0,0.0,2036,31,0.0,0.0,0.0,0.0,2034.0,0.0
0,967500,KELP,2034.0,1.0,2032.0,32.0,0.0,0.0,2036,32,0.0,0.0,0.0,0.0,2035.0,0.0
0,967600,KELP,2033.0,8.0,2032.0,26.0,0.0,0.0,2036,26,0.0,0.0,0.0,0.0,2034.5,0.0
0,967700,KELP,2032.0,29.0,0.0,0.0,0.0,0.0,2034,3,2036.0,29.0,0.0,0.0,2033.0,0.0
0,967800,KELP,2032.0,22.0,0.0,0.0,0.0,0.0,2036,22,0.0,0.0,0.0,0.0,2034.0,0.0
0,967900,KELP,2032.0,26.0,0.0,0.0,0.0,0.0,2033,1,2036.0,26.0,0.0,0.0,2032.5,0.0
0,968000,KELP,2032.0,29.0,0.0,0.0,0.0,0.0,2036,29,0.0,0.0,0.0,0.0,2034.0,0.0
0,968100,KELP,2034.0,5.0,2032.0,27.0,0.0,0.0,2036,27,0.0,0.0,0.0,0.0,2035.0,0.0
0,968200,KELP,2032.0,22.0,0.0,0.0,0.0,0.0,2036,22,0.0,0.0,0.0,0.0,2034.0,0.0
0,968300,KELP,2033.0,8.0,2032.0,23.0,0.0,0.0,2036,23,0.0,0.0,0.0,0.0,2034.5,0.0
0,968400,KELP,2035.0,1.0,2032.0,22.0,0.0,0.0,2036,22,0.0,0.0,0.0,0.0,2035.5,0.0
0,968500,KELP,2033.0,8.0,2032.0,29.0,0.0,0.0,2035,2,2036.0,27.0,0.0,0.0,2034.0,0.0
0,968600,KELP,2032.0,28.0,0.0,0.0,0.0,0.0,2036,28,0.0,0.0,0.0,0.0,2034.0,0.0
0,968700,KELP,2032.0,31.0,0.0,0.0,0.0,0.0,2036,31,0.0,0.0,0.0,0.0,2034.0,0.0
0,968800,KELP,2032.0,30.0,0.0,0.0,0.0,0.0,2036,30,0.0,0.0,0.0,0.0,2034.0,0.0
0,968900,KELP,2032.0,20.0,0.0,0.0,0.0,0.0,2036,20,0.0,0.0,0.0,0.0,2034.0,0.0
0,969000,KELP,2032.0,31.0,0.0,0.0,0.0,0.0,2036,31,0.0,0.0,0.0,0.0,2034.0,0.0
0,969100,KELP,2033.0,2.0,2032.0,23.0,0.0,0.0,2036,25,0.0,0.0,0.0,0.0,2034.5,0.0
0,969200,KELP,2032.0,25.0,0.0,0.0,0.0,0.0,2033,3,2035.0,7.0,2036.0,25.0,2032.5,0.0
0,969300,KELP,2033.0,26.0,0.0,0.0,0.0,0.0,2036,26,0.0,0.0,0.0,0.0,2034.5,0.0
0,969400,KELP,2033.0,29.0,0.0,0.0,0.0,0.0,2036,27,0.0,0.0,0.0,0.0,2034.5,0.0
0,969500,KELP,2033.0,32.0,0.0,0.0,0.0,0.0,2036,28,0.0,0.0,0.0,0.0,2034.5,0.0
0,969600,KELP,2033.0,7.0,2032.0,21.0,0.0,0.0,2036,23,0.0,0.0,0.0,0.0,2034.5,0.0
0,969700,KELP,2035.0,1.0,2033.0,2.0,2032.0,27.0,2036,27,0.0,0.0,0.0,0.0,2035.5,0.0
0,969800,KELP,2032.0,26.0,0.0,0.0,0.0,0.0,2036,26,0.0,0.0,0.0,0.0,2034.0,0.0
0,969900,KELP,2032.0,31.0,0.0,0.0,0.0,0.0,2035,2,2036.0,29.0,0.0,0.0,2033.5,0.0
0,970000,KELP,2032.0,24.0,0.0,0.0,0.0,0.0,2036,24,0.0,0.0,0.0,0.0,2034.0,0.0
0,970100,KELP,2033.0,4.0,2032.0,23.0,0.0,0.0,2036,23,0.0,0.0,0.0,0.0,2034.5,0.0
0,970200,KELP,2032.0,28.0,0.0,0.0,0.0,0.0,2036,28,0.0,0.0,0.0,0.0,2034.0,0.0
0,970300,KELP,2032.0,28.0,0.0,0.0,0.0,0.0,2036,29,0.0,0.0,0.0,0.0,2034.0,0.0
0,970400,KELP,2032.0,34.0,0.0,0.0,0.0,0.0,2035,1,2036.0,27.0,0.0,0.0,2033.5,0.0
0,970500,KELP,2032.0,24.0,0.0,0.0,0.0,0.0,2036,24,0.0,0.0,0.0,0.0,2034.0,0.0
0,970600,KELP,2032.0,22.0,0.0,0.0,0.0,0.0,2035,22,0.0,0.0,0.0,0.0,2033.5,0.0
0,970700,KELP,2032.0,23.0,0.0,0.0,0.0,0.0,2034,2,2036.0,23.0,0.0,0.0,2033.0,0.0
0,970800,KELP,2032.0,26.0,0.0,0.0,0.0,0.0,2035,1,2036.0,25.0,0.0,0.0,2033.5,0.0
0,970900,KELP,2033.0,2.0,2032.0,23.0,0.0,0.0,2036,23,0.0,0.0,0.0,0.0,2034.5,0.0
0,971000,KELP,2032.0,29.0,0.0,0.0,0.0,0.0,2033,5,2036.0,30.0,0.0,0.0,2032.5,0.0
0,971100,KELP,2033.0,5.0,2032.0,25.0,0.0,0.0,2034,8,2035.0,2.0,2036.0,23.0,2033.5,0.0
0,971200,KELP,2033.0,6.0,2032.0,27.0,0.0,0.0,2036,27,0.0,0.0,0.0,0.0,2034.5,0.0
0,971300,KELP,2034.0,1.0,2033.0,2.0,2032.0,29.0,2036,29,0.0,0.0,0.0,0.0,2035.0,0.0
0,971400,KELP,2032.0,30.0,0.0,0.0,0.0,0.0,2034,1,2036.0,30.0,0.0,0.0,2033.0,0.0
0,971500,KELP,2034.0,5.0,2032.0,21.0,0.0,0.0,2035,1,2036.0,20.0,0.0,0.0,2034.5,0.0
0,971600,KELP,2032.0,21.0,0.0,0.0,0.0,0.0,2036,21,0.0,0.0,0.0,0.0,2034.0,0.0
0,971700,KELP,2032.0,30.0,0.0,0.0,0.0,0.0,2036,30,0.0,0.0,0.0,0.0,2034.0,0.0
0,971800,KELP,2033.0,1.0,2032.0,29.0,0.0,0.0,2036,30,0.0,0.0,0.0,0.0,2034.5,0.0
0,971900,KELP,2032.0,27.0,0.0,0.0,0.0,0.0,2036,27,0.0,0.0,0.0,0.0,2034.0,0.0
0,972000,KELP,2033.0,2.0,2032.0,20.0,0.0,0.0,2034,5,2036.0,22.0,0.0,0.0,2033.5,0.0
0,972100,KELP,2032.0,30.0,0.0,0.0,0.0,0.0,2033,2,2036.0,30.0,0.0,0.0,2032.5,0.0
0,972200,KELP,2032.0,24.0,0.0,0.0,0.0,0.0,2036,24,0.0,0.0,0.0,0.0,2034.0,0.0
0,972300,KELP,2032.0,21.0,0.0,0.0,0.0,0.0,2034,5,2036.0,21.0,0.0,0.0,2033.0,0.0
0,972400,KELP,2032.0,30.0,0.0,0.0,0.0,0.0,2036,30,0.0,0.0,0.0,0.0,2034.0,0.0
0,972500,KELP,2033.0,7.0,2032.0,30.0,0.0,0.0,2035,1,2036.0,29.0,0.0,0.0,2034.0,0.0
0,972600,KELP,2032.0,23.0,0.0,0.0,0.0,0.0,2036,23,0.0,0.0,0.0,0.0,2034.0,0.0
0,972700,KELP,2032.0,21.0,0.0,0.0,0.0,0.0,2035,1,2036.0,20.0,0.0,0.0,2033.5,0.0
0,972800,KELP,2032.0,25.0,0.0,0.0,0.0,0.0,2036,25,0.0,0.0,0.0,0.0,2034.0,0.0
0,972900,KELP,2033.0,7.0,2032.0,25.0,0.0,0.0,2036,25,0.0,0.0,0.0,0.0,2034.5,0.0
0,973000,KELP,2032.0,26.0,0.0,0.0,0.0,0.0,2036,26,0.0,0.0,0.0,0.0,2034.0,0.0
0,973100,KELP,2032.0,22.0,0.0,0.0,0.0,0.0,2033,7,2034.0,2.0,2036.0,22.0,2032.5,0.0
0,973200,KELP,2032.0,25.0,0.0,0.0,0.0,0.0,2036,25,0.0,0.0,0.0,0.0,2034.0,0.0
0,973300,KELP,2032.0,23.0,0.0,0.0,0.0,0.0,2036,23,0.0,0.0,0.0,0.0,2034.0,0.0
0,973400,KELP,2033.0,6.0,2032.0,27.0,0.0,0.0,2036,28,0.0,0.0,0.0,0.0,2034.5,0.0
0,973500,KELP,2034.0,4.0,2033.0,20.0,0.0,0.0,2036,20,0.0,0.0,0.0,0.0,2035.0,0.0
0,973600,KELP,2033.0,26.0,0.0,0.0,0.0,0.0,2035,7,2036.0,26.0,0.0,0.0,2034.0,0.0
0,973700,KELP,2033.0,32.0,0.0,0.0,0.0,0.0,2035,1,2036.0,32.0,0.0,0.0,2034.0,0.0
0,973800,KELP,2033.0,2.0,2032.0,20.0,0.0,0.0,2036,22,0.0,0.0,0.0,0.0,2034.5,0.0
0,973900,KELP,2033.0,26.0,0.0,0.0,0.0,0.0,2035,2,2036.0,27.0,0.0,0.0,2034.0,0.0
0,974000,KELP,2033.0,25.0,0.0,0.0,0.0,0.0,2036,25,0.0,0.0,0.0,0.0,2034.5,0.0
0,974100,KELP,2033.0,24.0,0.0,0.0,0.0,0.0,2036,24,0.0,0.0,0.0,0.0,2034.5,0.0
0,974200,KELP,2033.0,30.0,0.0,0.0,0.0,0.0,2035,1,2036.0,30.0,0.0,0.0,2034.0,0.0
0,974300,KELP,2033.0,30.0,0.0,0.0,0.0,0.0,2036,30,0.0,0.0,0.0,0.0,2034.5,0.0
0,974400,KELP,2033.0,26.0,0.0,0.0,0.0,0.0,2036,27,0.0,0.0,0.0,0.0,2034.5,0.0
0,974500,KELP,2035.0,1.0,2033.0,2.0,2032.0,23.0,2036,25,0.0,0.0,0.0,0.0,2035.5,0.0
0,974600,KELP,2033.0,9.0,2032.0,25.0,0.0,0.0,2036,27,0.0,0.0,0.0,0.0,2034.5,0.0
0,974700,KELP,2035.0,1.0,2033.0,31.0,0.0,0.0,2036,26,0.0,0.0,0.0,0.0,2035.5,0.0
0,974800,KELP,2032.0,23.0,0.0,0.0,0.0,0.0,2036,23,0.0,0.0,0.0,0.0,2034.0,0.0
0,974900,KELP,2034.0,2.0,2033.0,24.0,0.0,0.0,2036,24,0.0,0.0,0.0,0.0,2035.0,0.0
0,975000,KELP,2033.0,19.0,0.0,0.0,0.0,0.0,2035,5,2036.0,20.0,0.0,0.0,2034.0,0.0
0,975100,KELP,2033.0,25.0,0.0,0.0,0.0,0.0,2036,25,0.0,0.0,0.0,0.0,2034.5,0.0
0,975200,KELP,2033.0,31.0,0.0,0.0,0.0,0.0,2036,31,0.0,0.0,0.0,0.0,2034.5,0.0
0,975300,KELP,2033.0,28.0,0.0,0.0,0.0,0.0,2036,27,0.0,0.0,0.0,0.0,2034.5,0.0
0,975400,KELP,2035.0,1.0,2033.0,35.0,0.0,0.0,2036,27,0.0,0.0,0.0,0.0,2035.5,0.0
0,975500,KELP,2033.0,22.0,0.0,0.0,0.0,0.0,2036,22,0.0,0.0,0.0,0.0,2034.5,0.0
0,975600,KELP,2033.0,30.0,0.0,0.0,0.0,0.0,2036,30,0.0,0.0,0.0,0.0,2034.5,0.0
0,975700,KELP,2033.0,22.0,0.0,0.0,0.0,0.0,2036,22,0.0,0.0,0.0,0.0,2034.5,0.0
0,975800,KELP,2033.0,27.0,0.0,0.0,0.0,0.0,2036,27,0.0,0.0,0.0,0.0,2034.5,0.0
0,975900,KELP,2033.0,25.0,0.0,0.0,0.0,0.0,2036,26,0.0,0.0,0.0,0.0,2034.5,0.0
0,976000,KELP,2033.0,32.0,0.0,0.0,0.0,0.0,2036,32,0.0,0.0,0.0,0.0,2034.5,0.0
0,976100,KELP,2033.0,29.0,0.0,0.0,0.0,0.0,2036,28,0.0,0.0,0.0,0.0,2034.5,0.0
0,976200,KELP,2033.0,25.0,0.0,0.0,0.0,0.0,2036,25,0.0,0.0,0.0,0.0,2034.5,0.0
0,976300,KELP,2033.0,25.0,0.0,0.0,0.0,0.0,2036,25,0.0,0.0,0.0,0.0,2034.5,0.0
0,976400,KELP,2033.0,24.0,0.0,0.0,0.0,0.0,2036,24,0.0,0.0,0.0,0.0,2034.5,0.0
0,976500,KELP,2033.0,29.0,0.0,0.0,0.0,0.0,2036,25,0.0,0.0,0.0,0.0,2034.5,0.0
0,976600,KELP,2033.0,23.0,0.0,0.0,0.0,0.0,2036,23,0.0,0.0,0.0,0.0,2034.5,0.0
0,976700,KELP,2035.0,1.0,2033.0,31.0,0.0,0.0,2036,31,0.0,0.0,0.0,0.0,2035.5,0.0
0,976800,KELP,2033.0,38.0,0.0,0.0,0.0,0.0,2036,30,0.0,0.0,0.0,0.0,2034.5,0.0
0,976900,KELP,2033.0,24.0,0.0,0.0,0.0,0.0,2034,6,2036.0,24.0,0.0,0.0,2033.5,0.0
0,977000,KELP,2033.0,30.0,0.0,0.0,0.0,0.0,2036,30,0.0,0.0,0.0,0.0,2034.5,0.0
0,977100,KELP,2033.0,29.0,0.0,0.0,0.0,0.0,2035,6,2036.0,29.0,0.0,0.0,2034.0,0.0
0,977200,KELP,2033.0,29.0,0.0,0.0,0.0,0.0,2036,29,0.0,0.0,0.0,0.0,2034.5,0.0
0,977300,KELP,2033.0,27.0,0.0,0.0,0.0,0.0,2035,5,2036.0,27.0,0.0,0.0,2034.0,0.0
0,977400,KELP,2033.0,26.0,0.0,0.0,0.0,0.0,2036,26,0.0,0.0,0.0,0.0,2034.5,0.0
0,977500,KELP,2032.0,31.0,0.0,0.0,0.0,0.0,2033,1,2036.0,31.0,0.0,0.0,2032.5,0.0
0,977600,KELP,2033.0,7.0,2032.0,28.0,0.0,0.0,2036,28,0.0,0.0,0.0,0.0,2034.5,0.0
0,977700,KELP,2033.0,1.0,2032.0,26.0,0.0,0.0,2036,27,0.0,0.0,0.0,0.0,2034.5,0.0
0,977800,KELP,2032.0,25.0,0.0,0.0,0.0,0.0,2036,25,0.0,0.0,0.0,0.0,2034.0,0.0
0,977900,KELP,2032.0,21.0,0.0,0.0,0.0,0.0,2036,21,0.0,0.0,0.0,0.0,2034.0,0.0
0,978000,KELP,2035.0,1.0,2032.0,26.0,0.0,0.0,2036,26,0.0,0.0,0.0,0.0,2035.5,0.0
0,978100,KELP,2035.0,1.0,2032.0,23.0,0.0,0.0,2036,23,0.0,0.0,0.0,0.0,2035.5,0.0
0,978200,KELP,2032.0,24.0,0.0,0.0,0.0,0.0,2033,1,2036.0,24.0,0.0,0.0,2032.5,0.0
0,978300,KELP,2033.0,7.0,2032.0,21.0,0.0,0.0,2036,21,0.0,0.0,0.0,0.0,2034.5,0.0
0,978400,KELP,2032.0,29.0,0.0,0.0,0.0,0.0,2036,29,0.0,0.0,0.0,0.0,2034.0,0.0
0,978500,KELP,2032.0,30.0,0.0,0.0,0.0,0.0,2035,2,2036.0,28.0,0.0,0.0,2033.5,0.0
0,978600,KELP,2032.0,31.0,0.0,0.0,0.0,0.0,2035,25,0.0,0.0,0.0,0.0,2033.5,0.0
0,978700,KELP,2032.0,26.0,0.0,0.0,0.0,0.0,2035,27,0.0,0.0,0.0,0.0,2033.5,0.0
0,978800,KELP,2032.0,23.0,0.0,0.0,0.0,0.0,2035,23,0.0,0.0,0.0,0.0,2033.5,0.0
0,978900,KELP,2032.0,22.0,0.0,0.0,0.0,0.0,2035,22,0.0,0.0,0.0,0.0,2033.5,0.0
0,979000,KELP,2032.0,21.0,0.0,0.0,0.0,0.0,2035,21,0.0,0.0,0.0,0.0,2033.5,0.0
0,979100,KELP,2032.0,27.0,0.0,0.0,0.0,0.0,2035,22,0.0,0.0,0.0,0.0,2033.5,0.0
0,979200,KELP,2032.0,30.0,0.0,0.0,0.0,0.0,2036,30,0.0,0.0,0.0,0.0,2034.0,0.0
0,979300,KELP,2032.0,23.0,0.0,0.0,0.0,0.0,2034,5,2036.0,23.0,0.0,0.0,2033.0,0.0
0,979400,KELP,2032.0,22.0,0.0,0.0,0.0,0.0,2035,22,0.0,0.0,0.0,0.0,2033.5,0.0
0,979500,KELP,2032.0,24.0,0.0,0.0,0.0,0.0,2034,6,2035.0,24.0,0.0,0.0,2033.0,0.0
0,979600,KELP,2032.0,24.0,0.0,0.0,0.0,0.0,2035,24,0.0,0.0,0.0,0.0,2033.5,0.0
0,979700,KELP,2032.0,29.0,0.0,0.0,0.0,0.0,2034,1,2035.0,29.0,0.0,0.0,2033.0,0.0
0,979800,KELP,2032.0,30.0,0.0,0.0,0.0,0.0,2033,4,2035.0,23.0,0.0,0.0,2032.5,0.0
0,979900,KELP,2034.0,1.0,2032.0,22.0,0.0,0.0,2035,22,0.0,0.0,0.0,0.0,2034.5,0.0
0,980000,KELP,2032.0,24.0,0.0,0.0,0.0,0.0,2036,24,0.0,0.0,0.0,0.0,2034.0,0.0
0,980100,KELP,2032.0,27.0,0.0,0.0,0.0,0.0,2035,27,0.0,0.0,0.0,0.0,2033.5,0.0
0,980200,KELP,2032.0,24.0,0.0,0.0,0.0,0.0,2034,5,2035.0,24.0,0.0,0.0,2033.0,0.0
0,980300,KELP,2032.0,27.0,0.0,0.0,0.0,0.0,2035,27,0.0,0.0,0.0,0.0,2033.5,0.0
0,980400,KELP,2032.0,31.0,0.0,0.0,0.0,0.0,2034,4,2035.0,31.0,0.0,0.0,2033.0,0.0
0,980500,KELP,2032.0,27.0,0.0,0.0,0.0,0.0,2033,4,2035.0,27.0,0.0,0.0,2032.5,0.0
0,980600,KELP,2032.0,29.0,0.0,0.0,0.0,0.0,2035,29,0.0,0.0,0.0,0.0,2033.5,0.0
0,980700,KELP,2032.0,23.0,0.0,0.0,0.0,0.0,2035,23,0.0,0.0,0.0,0.0,2033.5,0.0
0,980800,KELP,2032.0,31.0,0.0,0.0,0.0,0.0,2034,6,2035.0,31.0,0.0,0.0,2033.0,0.0
0,980900,KELP,2032.0,21.0,0.0,0.0,0.0,0.0,2035,28,0.0,0.0,0.0,0.0,2033.5,0.0
0,981000,KELP,2032.0,26.0,0.0,0.0,0.0,0.0,2035,27,0.0,0.0,0.0,0.0,2033.5,0.0
0,981100,KELP,2034.0,5.0,2032.0,26.0,0.0,0.0,2035,26,0.0,0.0,0.0,0.0,2034.5,0.0
0,981200,KELP,2032.0,24.0,0.0,0.0,0.0,0.0,2035,24,0.0,0.0,0.0,0.0,2033.5,0.0
0,981300,KELP,2034.0,1.0,2032.0,23.0,0.0,0.0,2035,23,0.0,0.0,0.0,0.0,2034.5,0.0
0,981400,KELP,2032.0,25.0,0.0,0.0,0.0,0.0,2034,6,2035.0,25.0,0.0,0.0,2033.0,0.0
0,981500,KELP,2032.0,31.0,0.0,0.0,0.0,0.0,2035,31,0.0,0.0,0.0,0.0,2033.5,0.0
0,981600,KELP,2033.0,2.0,2032.0,25.0,0.0,0.0,2035,25,0.0,0.0,0.0,0.0,2034.0,0.0
0,981700,KELP,2032.0,31.0,0.0,0.0,0.0,0.0,2034,5,2035.0,31.0,0.0,0.0,2033.0,0.0
0,981800,KELP,2032.0,22.0,0.0,0.0,0.0,0.0,2035,22,0.0,0.0,0.0,0.0,2033.5,0.0
0,981900,KELP,2032.0,30.0,0.0,0.0,0.0,0.0,2035,30,0.0,0.0,0.0,0.0,2033.5,0.0
0,982000,KELP,2032.0,25.0,0.0,0.0,0.0,0.0,2035,25,0.0,0.0,0.0,0.0,2033.5,0.0
0,982100,KELP,2032.0,28.0,0.0,0.0,0.0,0.0,2035,28,0.0,0.0,0.0,0.0,2033.5,0.0
0,982200,KELP,2032.0,31.0,0.0,0.0,0.0,0.0,2035,25,0.0,0.0,0.0,0.0,2033.5,0.0
0,982300,KELP,2032.0,26.0,0.0,0.0,0.0,0.0,2035,26,0.0,0.0,0.0,0.0,2033.5,0.0
0,982400,KELP,2032.0,24.0,0.0,0.0,0.0,0.0,2035,24,0.0,0.0,0.0,0.0,2033.5,0.0
0,982500,KELP,2032.0,27.0,0.0,0.0,0.0,0.0,2034,6,2035.0,27.0,0.0,0.0,2033.0,0.0
0,982600,KELP,2032.0,29.0,0.0,0.0,0.0,0.0,2035,2,2036.0,28.0,0.0,0.0,2033.5,0.0
0,982700,KELP,2032.0,30.0,0.0,0.0,0.0,0.0,2036,30,0.0,0.0,0.0,0.0,2034.0,0.0
0,982800,KELP,2032.0,36.0,0.0,0.0,0.0,0.0,2035,31,0.0,0.0,0.0,0.0,2033.5,0.0
0,982900,KELP,2034.0,1.0,2032.0,30.0,0.0,0.0,2035,2,2036.0,28.0,0.0,0.0,2034.5,0.0
0,983000,KELP,2032.0,29.0,0.0,0.0,0.0,0.0,2035,2,2036.0,27.0,0.0,0.0,2033.5,0.0
0,983100,KELP,2032.0,29.0,0.0,0.0,0.0,0.0,2036,28,0.0,0.0,0.0,0.0,2034.0,0.0
0,983200,KELP,2032.0,29.0,0.0,0.0,0.0,0.0,2036,29,0.0,0.0,0.0,0.0,2034.0,0.0
0,983300,KELP,2032.0,31.0,0.0,0.0,0.0,0.0,2036,31,0.0,0.0,0.0,0.0,2034.0,0.0
0,983400,KELP,2032.0,24.0,0.0,0.0,0.0,0.0,2034,6,2036.0,24.0,0.0,0.0,2033.0,0.0
0,983500,KELP,2032.0,25.0,0.0,0.0,0.0,0.0,2036,25,0.0,0.0,0.0,0.0,2034.0,0.0
0,983600,KELP,2032.0,21.0,0.0,0.0,0.0,0.0,2034,2,2036.0,21.0,0.0,0.0,2033.0,0.0
0,983700,KELP,2032.0,23.0,0.0,0.0,0.0,0.0,2036,24,0.0,0.0,0.0,0.0,2034.0,0.0
0,983800,KELP,2032.0,26.0,0.0,0.0,0.0,0.0,2034,4,2036.0,26.0,0.0,0.0,2033.0,0.0
0,983900,KELP,2032.0,28.0,0.0,0.0,0.0,0.0,2036,28,0.0,0.0,0.0,0.0,2034.0,0.0
0,984000,KELP,2032.0,26.0,0.0,0.0,0.0,0.0,2036,26,0.0,0.0,0.0,0.0,2034.0,0.0
0,984100,KELP,2032.0,29.0,0.0,0.0,0.0,0.0,2035,29,0.0,0.0,0.0,0.0,2033.5,0.0
0,984200,KELP,2032.0,39.0,0.0,0.0,0.0,0.0,2035,32,0.0,0.0,0.0,0.0,2033.5,0.0
0,984300,KELP,2032.0,23.0,0.0,0.0,0.0,0.0,2035,23,0.0,0.0,0.0,0.0,2033.5,0.0
0,984400,KELP,2034.0,4.0,2032.0,30.0,0.0,0.0,2035,30,0.0,0.0,0.0,0.0,2034.5,0.0
0,984500,KELP,2032.0,27.0,0.0,0.0,0.0,0.0,2035,27,0.0,0.0,0.0,0.0,2033.5,0.0
0,984600,KELP,2032.0,22.0,0.0,0.0,0.0,0.0,2033,6,2035.0,24.0,0.0,0.0,2032.5,0.0
0,984700,KELP,2032.0,30.0,0.0,0.0,0.0,0.0,2035,30,0.0,0.0,0.0,0.0,2033.5,0.0
0,984800,KELP,2032.0,23.0,0.0,0.0,0.0,0.0,2035,24,0.0,0.0,0.0,0.0,2033.5,0.0
0,984900,KELP,2034.0,5.0,2032.0,28.0,0.0,0.0,2035,28,0.0,0.0,0.0,0.0,2034.5,0.0
0,985000,KELP,2032.0,27.0,0.0,0.0,0.0,0.0,2035,27,0.0,0.0,0.0,0.0,2033.5,0.0
0,985100,KELP,2032.0,32.0,0.0,0.0,0.0,0.0,2035,25,0.0,0.0,0.0,0.0,2033.5,0.0
0,985200,KELP,2032.0,24.0,0.0,0.0,0.0,0.0,2033,4,2035.0,24.0,0.0,0.0,2032.5,0.0
0,985300,KELP,2033.0,8.0,2032.0,27.0,0.0,0.0,2036,27,0.0,0.0,0.0,0.0,2034.5,0.0
0,985400,KELP,2033.0,27.0,0.0,0.0,0.0,0.0,2036,26,0.0,0.0,0.0,0.0,2034.5,0.0
0,985500,KELP,2032.0,27.0,0.0,0.0,0.0,0.0,2034,2,2036.0,27.0,0.0,0.0,2033.0,0.0
0,985600,KELP,2032.0,24.0,0.0,0.0,0.0,0.0,2036,22,0.0,0.0,0.0,0.0,2034.0,0.0
0,985700,KELP,2032.0,31.0,0.0,0.0,0.0,0.0,2035,2,2036.0,30.0,0.0,0.0,2033.5,0.0
0,985800,KELP,2032.0,20.0,0.0,0.0,0.0,0.0,2036,20,0.0,0.0,0.0,0.0,2034.0,0.0
0,985900,KELP,2033.0,7.0,2032.0,21.0,0.0,0.0,2036,21,0.0,0.0,0.0,0.0,2034.5,0.0
0,986000,KELP,2033.0,2.0,2032.0,23.0,0.0,0.0,2035,23,0.0,0.0,0.0,0.0,2034.0,0.0
0,986100,KELP,2032.0,25.0,0.0,0.0,0.0,0.0,2035,25,0.0,0.0,0.0,0.0,2033.5,0.0
0,986200,KELP,2032.0,21.0,0.0,0.0,0.0,0.0,2035,21,0.0,0.0,0.0,0.0,2033.5,0.0
0,986300,KELP,2032.0,24.0,0.0,0.0,0.0,0.0,2035,24,0.0,0.0,0.0,0.0,2033.5,0.0
0,986400,KELP,2032.0,24.0,0.0,0.0,0.0,0.0,2035,24,0.0,0.0,0.0,0.0,2033.5,0.0
0,986500,KELP,2032.0,21.0,0.0,0.0,0.0,0.0,2034,6,2035.0,21.0,0.0,0.0,2033.0,0.0
0,986600,KELP,2032.0,21.0,0.0,0.0,0.0,0.0,2035,21,0.0,0.0,0.0,0.0,2033.5,0.0
0,986700,KELP,2032.0,29.0,0.0,0.0,0.0,0.0,2035,26,0.0,0.0,0.0,0.0,2033.5,0.0
0,986800,KELP,2032.0,22.0,0.0,0.0,0.0,0.0,2035,22,0.0,0.0,0.0,0.0,2033.5,0.0
0,986900,KELP,2032.0,25.0,0.0,0.0,0.0,0.0,2035,25,0.0,0.0,0.0,0.0,2033.5,0.0
0,987000,KELP,2032.0,28.0,0.0,0.0,0.0,0.0,2035,28,0.0,0.0,0.0,0.0,2033.5,0.0
0,987100,KELP,2032.0,26.0,0.0,0.0,0.0,0.0,2035,26,0.0,0.0,0.0,0.0,2033.5,0.0
0,987200,KELP,2032.0,23.0,0.0,0.0,0.0,0.0,2035,23,0.0,0.0,0.0,0.0,2033.5,0.0
0,987300,KELP,2032.0,31.0,0.0,0.0,0.0,0.0,2035,31,0.0,0.0,0.0,0.0,2033.5,0.0
0,987400,KELP,2032.0,21.0,0.0,0.0,0.0,0.0,2035,21,0.0,0.0,0.0,0.0,2033.5,0.0
0,987500,KELP,2032.0,24.0,0.0,0.0,0.0,0.0,2035,24,0.0,0.0,0.0,0.0,2033.5,0.0
0,987600,KELP,2031.0,28.0,0.0,0.0,0.0,0.0,2032,1,2035.0,28.0,0.0,0.0,2031.5,0.0
0,987700,KELP,2032.0,5.0,2031.0,30.0,0.0,0.0,2035,30,0.0,0.0,0.0,0.0,2033.5,0.0
0,987800,KELP,2032.0,8.0,2031.0,30.0,0.0,0.0,2035,30,0.0,0.0,0.0,0.0,2033.5,0.0
0,987900,KELP,2031.0,23.0,0.0,0.0,0.0,0.0,2033,7,2035.0,23.0,0.0,0.0,2032.0,0.0
0,988000,KELP,2031.0,26.0,0.0,0.0,0.0,0.0,2033,1,2035.0,26.0,0.0,0.0,2032.0,0.0
0,988100,KELP,2031.0,27.0,0.0,0.0,0.0,0.0,2035,27,0.0,0.0,0.0,0.0,2033.0,0.0
0,988200,KELP,2034.0,1.0,2031.0,25.0,0.0,0.0,2035,25,0.0,0.0,0.0,0.0,2034.5,0.0
0,988300,KELP,2031.0,27.0,0.0,0.0,0.0,0.0,2035,27,0.0,0.0,0.0,0.0,2033.0,0.0
0,988400,KELP,2031.0,28.0,0.0,0.0,0.0,0.0,2032,1,2035.0,28.0,0.0,0.0,2031.5,0.0
0,988500,KELP,2031.0,29.0,0.0,0.0,0.0,0.0,2035,29,0.0,0.0,0.0,0.0,2033.0,0.0
0,988600,KELP,2031.0,27.0,0.0,0.0,0.0,0.0,2033,3,2035.0,27.0,0.0,0.0,2032.0,0.0
0,988700,KELP,2034.0,1.0,2031.0,28.0,0.0,0.0,2035,28,0.0,0.0,0.0,0.0,2034.5,0.0
0,988800,KELP,2031.0,22.0,0.0,0.0,0.0,0.0,2035,22,0.0,0.0,0.0,0.0,2033.0,0.0
0,988900,KELP,2032.0,1.0,2031.0,29.0,0.0,0.0,2035,31,0.0,0.0,0.0,0.0,2033.5,0.0
0,989000,KELP,2031.0,23.0,0.0,0.0,0.0,0.0,2035,23,0.0,0.0,0.0,0.0,2033.0,0.0
0,989100,KELP,2032.0,4.0,2031.0,29.0,0.0,0.0,2033,4,2035.0,29.0,0.0,0.0,2032.5,0.0
0,989200,KELP,2031.0,27.0,0.0,0.0,0.0,0.0,2035,27,0.0,0.0,0.0,0.0,2033.0,0.0
0,989300,KELP,2031.0,30.0,0.0,0.0,0.0,0.0,2035,31,0.0,0.0,0.0,0.0,2033.0,0.0
0,989400,KELP,2031.0,31.0,0.0,0.0,0.0,0.0,2034,2,2035.0,29.0,0.0,0.0,2032.5,0.0
0,989500,KELP,2031.0,30.0,0.0,0.0,0.0,0.0,2034,2,2035.0,28.0,0.0,0.0,2032.5,0.0
0,989600,KELP,2032.0,28.0,0.0,0.0,0.0,0.0,2035,28,0.0,0.0,0.0,0.0,2033.5,0.0
0,989700,KELP,2032.0,1.0,2031.0,25.0,0.0,0.0,2035,26,0.0,0.0,0.0,0.0,2033.5,0.0
0,989800,KELP,2031.0,28.0,0.0,0.0,0.0,0.0,2035,28,0.0,0.0,0.0,0.0,2033.0,0.0
0,989900,KELP,2031.0,20.0,0.0,0.0,0.0,0.0,2035,20,0.0,0.0,0.0,0.0,2033.0,0.0
0,990000,KELP,2031.0,29.0,0.0,0.0,0.0,0.0,2033,4,2035.0,29.0,0.0,0.0,2032.0,0.0
0,990100,KELP,2031.0,26.0,0.0,0.0,0.0,0.0,2033,7,2035.0,27.0,0.0,0.0,2032.0,0.0
0,990200,KELP,2031.0,21.0,0.0,0.0,0.0,0.0,2035,21,0.0,0.0,0.0,0.0,2033.0,0.0
0,990300,KELP,2031.0,30.0,0.0,0.0,0.0,0.0,2035,30,0.0,0.0,0.0,0.0,2033.0,0.0
0,990400,KELP,2032.0,4.0,2031.0,26.0,0.0,0.0,2035,26,0.0,0.0,0.0,0.0,2033.5,0.0
0,990500,KELP,2031.0,28.0,0.0,0.0,0.0,0.0,2035,28,0.0,0.0,0.0,0.0,2033.0,0.0
0,990600,KELP,2032.0,5.0,2031.0,28.0,0.0,0.0,2035,28,0.0,0.0,0.0,0.0,2033.5,0.0
0,990700,KELP,2031.0,23.0,0.0,0.0,0.0,0.0,2035,23,0.0,0.0,0.0,0.0,2033.0,0.0
0,990800,KELP,2033.0,2.0,2031.0,25.0,0.0,0.0,2035,25,0.0,0.0,0.0,0.0,2034.0,0.0
0,990900,KELP,2031.0,29.0,0.0,0.0,0.0,0.0,2033,1,2035.0,29.0,0.0,0.0,2032.0,0.0
0,991000,KELP,2034.0,1.0,2032.0,2.0,2031.0,24.0,2035,26,0.0,0.0,0.0,0.0,2034.5,0.0
0,991100,KELP,2032.0,24.0,0.0,0.0,0.0,0.0,2035,24,0.0,0.0,0.0,0.0,2033.5,0.0
0,991200,KELP,2034.0,4.0,2032.0,30.0,0.0,0.0,2035,30,0.0,0.0,0.0,0.0,2034.5,0.0
0,991300,KELP,2032.0,24.0,0.0,0.0,0.0,0.0,2035,24,0.0,0.0,0.0,0.0,2033.5,0.0
0,991400,KELP,2032.0,26.0,0.0,0.0,0.0,0.0,2035,26,0.0,0.0,0.0,0.0,2033.5,0.0
0,991500,KELP,2032.0,23.0,0.0,0.0,0.0,0.0,2035,23,0.0,0.0,0.0,0.0,2033.5,0.0
0,991600,KELP,2032.0,24.0,0.0,0.0,0.0,0.0,2035,24,0.0,0.0,0.0,0.0,2033.5,0.0
0,991700,KELP,2032.0,31.0,0.0,0.0,0.0,0.0,2035,31,0.0,0.0,0.0,0.0,2033.5,0.0
0,991800,KELP,2032.0,28.0,0.0,0.0,0.0,0.0,2035,28,0.0,0.0,0.0,0.0,2033.5,0.0
0,991900,KELP,2032.0,26.0,0.0,0.0,0.0,0.0,2034,3,2035.0,26.0,0.0,0.0,2033.0,0.0
0,992000,KELP,2032.0,24.0,0.0,0.0,0.0,0.0,2035,24,0.0,0.0,0.0,0.0,2033.5,0.0
0,992100,KELP,2032.0,30.0,0.0,0.0,0.0,0.0,2035,30,0.0,0.0,0.0,0.0,2033.5,0.0
0,992200,KELP,2031.0,27.0,0.0,0.0,0.0,0.0,2035,27,0.0,0.0,0.0,0.0,2033.0,0.0
0,992300,KELP,2031.0,30.0,0.0,0.0,0.0,0.0,2035,30,0.0,0.0,0.0,0.0,2033.0,0.0
0,992400,KELP,2032.0,5.0,2031.0,29.0,0.0,0.0,2035,29,0.0,0.0,0.0,0.0,2033.5,0.0
0,992500,KELP,2031.0,31.0,0.0,0.0,0.0,0.0,2035,31,0.0,0.0,0.0,0.0,2033.0,0.0
0,992600,KELP,2033.0,3.0,2032.0,9.0,2031.0,24.0,2035,25,0.0,0.0,0.0,0.0,2034.0,0.0
0,992700,KELP,2032.0,26.0,0.0,0.0,0.0,0.0,2035,26,0.0,0.0,0.0,0.0,2033.5,0.0
0,992800,KELP,2032.0,24.0,0.0,0.0,0.0,0.0,2035,24,0.0,0.0,0.0,0.0,2033.5,0.0
0,992900,KELP,2032.0,22.0,0.0,0.0,0.0,0.0,2034,5,2035.0,22.0,0.0,0.0,2033.0,0.0
0,993000,KELP,2033.0,2.0,2032.0,30.0,0.0,0.0,2035,30,0.0,0.0,0.0,0.0,2034.0,0.0
0,993100,KELP,2032.0,27.0,0.0,0.0,0.0,0.0,2035,27,0.0,0.0,0.0,0.0,2033.5,0.0
0,993200,KELP,2032.0,23.0,0.0,0.0,0.0,0.0,2035,23,0.0,0.0,0.0,0.0,2033.5,0.0
0,993300,KELP,2032.0,25.0,0.0,0.0,0.0,0.0,2034,3,2035.0,25.0,0.0,0.0,2033.0,0.0
0,993400,KELP,2032.0,27.0,0.0,0.0,0.0,0.0,2035,27,0.0,0.0,0.0,0.0,2033.5,0.0
0,993500,KELP,2032.0,28.0,0.0,0.0,0.0,0.0,2033,4,2035.0,28.0,0.0,0.0,2032.5,0.0
0,993600,KELP,2032.0,27.0,0.0,0.0,0.0,0.0,2035,27,0.0,0.0,0.0,0.0,2033.5,0.0
0,993700,KELP,2032.0,29.0,0.0,0.0,0.0,0.0,2035,29,0.0,0.0,0.0,0.0,2033.5,0.0
0,993800,KELP,2032.0,28.0,0.0,0.0,0.0,0.0,2035,27,0.0,0.0,0.0,0.0,2033.5,0.0
0,993900,KELP,2032.0,27.0,0.0,0.0,0.0,0.0,2034,3,2035.0,27.0,0.0,0.0,2033.0,0.0
0,994000,KELP,2032.0,23.0,0.0,0.0,0.0,0.0,2035,23,0.0,0.0,0.0,0.0,2033.5,0.0
0,994100,KELP,2034.0,1.0,2032.0,29.0,0.0,0.0,2035,29,0.0,0.0,0.0,0.0,2034.5,0.0
0,994200,KELP,2032.0,21.0,0.0,0.0,0.0,0.0,2035,21,0.0,0.0,0.0,0.0,2033.5,0.0
0,994300,KELP,2032.0,25.0,0.0,0.0,0.0,0.0,2035,25,0.0,0.0,0.0,0.0,2033.5,0.0
0,994400,KELP,2032.0,27.0,0.0,0.0,0.0,0.0,2035,21,0.0,0.0,0.0,0.0,2033.5,0.0
0,994500,KELP,2032.0,31.0,0.0,0.0,0.0,0.0,2035,31,0.0,0.0,0.0,0.0,2033.5,0.0
0,994600,KELP,2032.0,26.0,0.0,0.0,0.0,0.0,2035,26,0.0,0.0,0.0,0.0,2033.5,0.0
0,994700,KELP,2032.0,10.0,0.0,0.0,0.0,0.0,2035,21,0.0,0.0,0.0,0.0,2033.5,0.0
0,994800,KELP,2032.0,36.0,0.0,0.0,0.0,0.0,2035,28,0.0,0.0,0.0,0.0,2033.5,0.0
0,994900,KELP,2032.0,23.0,0.0,0.0,0.0,0.0,2035,21,0.0,0.0,0.0,0.0,2033.5,0.0
0,995000,KELP,2032.0,23.0,0.0,0.0,0.0,0.0,2035,25,0.0,0.0,0.0,0.0,2033.5,0.0
0,995100,KELP,2032.0,30.0,0.0,0.0,0.0,0.0,2035,30,0.0,0.0,0.0,0.0,2033.5,0.0
0,995200,KELP,2032.0,25.0,0.0,0.0,0.0,0.0,2035,23,0.0,0.0,0.0,0.0,2033.5,0.0
0,995300,KELP,2032.0,27.0,0.0,0.0,0.0,0.0,2035,27,0.0,0.0,0.0,0.0,2033.5,0.0
0,995400,KELP,2032.0,24.0,0.0,0.0,0.0,0.0,2035,24,0.0,0.0,0.0,0.0,2033.5,0.0
0,995500,KELP,2033.0,4.0,2032.0,27.0,0.0,0.0,2034,7,2036.0,27.0,0.0,0.0,2033.5,0.0
0,995600,KELP,2034.0,1.0,2032.0,28.0,0.0,0.0,2035,2,2036.0,26.0,0.0,0.0,2034.5,0.0
0,995700,KELP,2034.0,1.0,2032.0,29.0,0.0,0.0,2035,2,2036.0,27.0,0.0,0.0,2034.5,0.0
0,995800,KELP,2032.0,28.0,0.0,0.0,0.0,0.0,2035,2,2036.0,26.0,0.0,0.0,2033.5,0.0
0,995900,KELP,2032.0,31.0,0.0,0.0,0.0,0.0,2035,1,2036.0,30.0,0.0,0.0,2033.5,0.0
0,996000,KELP,2032.0,28.0,0.0,0.0,0.0,0.0,2034,6,2035.0,1.0,2036.0,27.0,2033.0,0.0
0,996100,KELP,2032.0,29.0,0.0,0.0,0.0,0.0,2035,2,2036.0,27.0,0.0,0.0,2033.5,0.0
0,996200,KELP,2032.0,23.0,0.0,0.0,0.0,0.0,2035,23,0.0,0.0,0.0,0.0,2033.5,0.0
0,996300,KELP,2032.0,29.0,0.0,0.0,0.0,0.0,2034,5,2035.0,29.0,0.0,0.0,2033.0,0.0
0,996400,KELP,2032.0,31.0,0.0,0.0,0.0,0.0,2035,25,0.0,0.0,0.0,0.0,2033.5,0.0
0,996500,KELP,2032.0,28.0,0.0,0.0,0.0,0.0,2035,28,0.0,0.0,0.0,0.0,2033.5,0.0
0,996600,KELP,2032.0,24.0,0.0,0.0,0.0,0.0,2035,24,0.0,0.0,0.0,0.0,2033.5,0.0
0,996700,KELP,2032.0,24.0,0.0,0.0,0.0,0.0,2035,21,0.0,0.0,0.0,0.0,2033.5,0.0
0,996800,KELP,2032.0,21.0,0.0,0.0,0.0,0.0,2035,21,0.0,0.0,0.0,0.0,2033.5,0.0
0,996900,KELP,2032.0,29.0,0.0,0.0,0.0,0.0,2035,30,0.0,0.0,0.0,0.0,2033.5,0.0
0,997000,KELP,2034.0,8.0,2032.0,21.0,0.0,0.0,2035,21,0.0,0.0,0.0,0.0,2034.5,0.0
0,997100,KELP,2034.0,1.0,2032.0,29.0,0.0,0.0,2035,29,0.0,0.0,0.0,0.0,2034.5,0.0
0,997200,KELP,2032.0,30.0,0.0,0.0,0.0,0.0,2034,3,2035.0,30.0,0.0,0.0,2033.0,0.0
0,997300,KELP,2032.0,29.0,0.0,0.0,0.0,0.0,2035,29,0.0,0.0,0.0,0.0,2033.5,0.0
0,997400,KELP,2032.0,23.0,0.0,0.0,0.0,0.0,2034,5,2035.0,23.0,0.0,0.0,2033.0,0.0
0,997500,KELP,2032.0,23.0,0.0,0.0,0.0,0.0,2035,23,0.0,0.0,0.0,0.0,2033.5,0.0
0,997600,KELP,2032.0,24.0,0.0,0.0,0.0,0.0,2035,24,0.0,0.0,0.0,0.0,2033.5,0.0
0,997700,KELP,2032.0,25.0,0.0,0.0,0.0,0.0,2034,8,2035.0,25.0,0.0,0.0,2033.0,0.0
0,997800,KELP,2032.0,27.0,0.0,0.0,0.0,0.0,2035,27,0.0,0.0,0.0,0.0,2033.5,0.0
0,997900,KELP,2032.0,29.0,0.0,0.0,0.0,0.0,2035,29,0.0,0.0,0.0,0.0,2033.5,0.0
0,998000,KELP,2032.0,23.0,0.0,0.0,0.0,0.0,2035,22,0.0,0.0,0.0,0.0,2033.5,0.0
0,998100,KELP,2032.0,29.0,0.0,0.0,0.0,0.0,2035,29,0.0,0.0,0.0,0.0,2033.5,0.0
0,998200,KELP,2032.0,24.0,0.0,0.0,0.0,0.0,2035,24,0.0,0.0,0.0,0.0,2033.5,0.0
0,998300,KELP,2032.0,21.0,0.0,0.0,0.0,0.0,2035,21,0.0,0.0,0.0,0.0,2033.5,0.0
0,998400,KELP,2032.0,23.0,0.0,0.0,0.0,0.0,2035,23,0.0,0.0,0.0,0.0,2033.5,0.0
0,998500,KELP,2032.0,32.0,0.0,0.0,0.0,0.0,2035,29,0.0,0.0,0.0,0.0,2033.5,0.0
0,998600,KELP,2032.0,22.0,0.0,0.0,0.0,0.0,2035,22,0.0,0.0,0.0,0.0,2033.5,0.0
0,998700,KELP,2032.0,22.0,0.0,0.0,0.0,0.0,2034,7,2035.0,22.0,0.0,0.0,2033.0,0.0
0,998800,KELP,2032.0,26.0,0.0,0.0,0.0,0.0,2035,26,0.0,0.0,0.0,0.0,2033.5,0.0
0,998900,KELP,2032.0,29.0,0.0,0.0,0.0,0.0,2035,29,0.0,0.0,0.0,0.0,2033.5,0.0
0,999000,KELP,2032.0,30.0,0.0,0.0,0.0,0.0,2035,27,0.0,0.0,0.0,0.0,2033.5,0.0
0,999100,KELP,2032.0,24.0,0.0,0.0,0.0,0.0,2035,24,0.0,0.0,0.0,0.0,2033.5,0.0
0,999200,KELP,2032.0,25.0,0.0,0.0,0.0,0.0,2034,2,2035.0,25.0,0.0,0.0,2033.0,0.0
0,999300,KELP,2032.0,31.0,0.0,0.0,0.0,0.0,2035,27,0.0,0.0,0.0,0.0,2033.5,0.0
0,999400,KELP,2032.0,26.0,0.0,0.0,0.0,0.0,2035,26,0.0,0.0,0.0,0.0,2033.5,0.0
0,999500,KELP,2032.0,28.0,0.0,0.0,0.0,0.0,2035,28,0.0,0.0,0.0,0.0,2033.5,0.0
0,999600,KELP,2032.0,36.0,0.0,0.0,0.0,0.0,2035,29,0.0,0.0,0.0,0.0,2033.5,0.0
0,999700,KELP,2034.0,1.0,2032.0,26.0,0.0,0.0,2035,26,0.0,0.0,0.0,0.0,2034.5,0.0
0,999800,KELP,2032.0,27.0,0.0,0.0,0.0,0.0,2034,1,2035.0,27.0,0.0,0.0,2033.0,0.0
0,999900,KELP,2032.0,23.0,0.0,0.0,0.0,0.0,2035,23,0.0,0.0,0.0,0.0,2033.5,0.0
