day,timestamp,product,bid_price_1,bid_volume_1,bid_price_2,bid_volume_2,bid_price_3,bid_volume_3,ask_price_1,ask_volume_1,ask_price_2,ask_volume_2,ask_price_3,ask_volume_3,mid_price,profit_and_loss
0,0,VOLCANIC_ROCK_VOUCHER_9500,1003.0,19.0,0.0,0.0,0.0,0.0,1004,19,0.0,0.0,0.0,0.0,1003.5,0.0
0,100,VOLCANIC_ROCK_VOUCHER_9500,1010.0,13.0,0.0,0.0,0.0,0.0,1011,13,0.0,0.0,0.0,0.0,1010.5,0.0
0,200,VOLCANIC_ROCK_VOUCHER_9500,1013.0,15.0,0.0,0.0,0.0,0.0,1014,15,0.0,0.0,0.0,0.0,1013.5,0.0
0,300,VOLCANIC_ROCK_VOUCHER_9500,1017.0,13.0,0.0,0.0,0.0,0.0,1019,13,0.0,0.0,0.0,0.0,1018.0,0.0
0,400,VOLCANIC_ROCK_VOUCHER_9500,1009.0,15.0,0.0,0.0,0.0,0.0,1011,15,0.0,0.0,0.0,0.0,1010.0,0.0
0,500,VOLCANIC_ROCK_VOUCHER_9500,1006.0,18.0,0.0,0.0,0.0,0.0,1007,18,0.0,0.0,0.0,0.0,1006.5,0.0
0,600,VOLCANIC_ROCK_VOUCHER_9500,1004.0,15.0,0.0,0.0,0.0,0.0,1005,15,0.0,0.0,0.0,0.0,1004.5,0.0
0,700,VOLCANIC_ROCK_VOUCHER_9500,1003.0,16.0,0.0,0.0,0.0,0.0,1004,16,0.0,0.0,0.0,0.0,1003.5,0.0
0,800,VOLCANIC_ROCK_VOUCHER_9500,997.0,10.0,0.0,0.0,0.0,0.0,998,10,0.0,0.0,0.0,0.0,997.5,0.0
0,900,VOLCANIC_ROCK_VOUCHER_9500,995.0,22.0,0.0,0.0,0.0,0.0,996,22,0.0,0.0,0.0,0.0,995.5,0.0
0,1000,VOLCANIC_ROCK_VOUCHER_9500,999.0,18.0,0.0,0.0,0.0,0.0,1000,18,0.0,0.0,0.0,0.0,999.5,0.0
0,1100,VOLCANIC_ROCK_VOUCHER_9500,1001.0,18.0,0.0,0.0,0.0,0.0,1002,18,0.0,0.0,0.0,0.0,1001.5,0.0
0,1200,VOLCANIC_ROCK_VOUCHER_9500,1005.0,2.0,1004.0,13.0,0.0,0.0,1006,15,0.0,0.0,0.0,0.0,1005.5,0.0
0,1300,VOLCANIC_ROCK_VOUCHER_9500,1010.0,15.0,0.0,0.0,0.0,0.0,1011,15,0.0,0.0,0.0,0.0,1010.5,0.0
0,1400,VOLCANIC_ROCK_VOUCHER_9500,1009.0,17.0,0.0,0.0,0.0,0.0,1011,17,0.0,0.0,0.0,0.0,1010.0,0.0
0,1500,VOLCANIC_ROCK_VOUCHER_9500,1004.0,20.0,0.0,0.0,0.0,0.0,1005,20,0.0,0.0,0.0,0.0,1004.5,0.0
0,1600,VOLCANIC_ROCK_VOUCHER_9500,1004.0,11.0,0.0,0.0,0.0,0.0,1006,11,0.0,0.0,0.0,0.0,1005.0,0.0
0,1700,VOLCANIC_ROCK_VOUCHER_9500,999.0,20.0,0.0,0.0,0.0,0.0,1000,20,0.0,0.0,0.0,0.0,999.5,0.0
0,1800,VOLCANIC_ROCK_VOUCHER_9500,997.0,14.0,0.0,0.0,0.0,0.0,998,14,0.0,0.0,0.0,0.0,997.5,0.0
0,1900,VOLCANIC_ROCK_VOUCHER_9500,993.0,19.0,0.0,0.0,0.0,0.0,994,19,0.0,0.0,0.0,0.0,993.5,0.0
0,2000,VOLCANIC_ROCK_VOUCHER_9500,993.0,2.0,0.0,0.0,0.0,0.0,994,15,0.0,0.0,0.0,0.0,993.5,0.0
0,2100,VOLCANIC_ROCK_VOUCHER_9500,988.0,13.0,0.0,0.0,0.0,0.0,989,13,0.0,0.0,0.0,0.0,988.5,0.0
0,2200,VOLCANIC_ROCK_VOUCHER_9500,985.0,17.0,0.0,0.0,0.0,0.0,986,17,0.0,0.0,0.0,0.0,985.5,0.0
0,2300,VOLCANIC_ROCK_VOUCHER_9500,991.0,20.0,0.0,0.0,0.0,0.0,992,20,0.0,0.0,0.0,0.0,991.5,0.0
0,2400,VOLCANIC_ROCK_VOUCHER_9500,986.0,15.0,0.0,0.0,0.0,0.0,987,15,0.0,0.0,0.0,0.0,986.5,0.0
0,2500,VOLCANIC_ROCK_VOUCHER_9500,980.0,16.0,0.0,0.0,0.0,0.0,981,16,0.0,0.0,0.0,0.0,980.5,0.0
0,2600,VOLCANIC_ROCK_VOUCHER_9500,975.0,5.0,0.0,0.0,0.0,0.0,976,15,0.0,0.0,0.0,0.0,975.5,0.0
0,2700,VOLCANIC_ROCK_VOUCHER_9500,964.0,18.0,0.0,0.0,0.0,0.0,966,18,0.0,0.0,0.0,0.0,965.0,0.0
0,2800,VOLCANIC_ROCK_VOUCHER_9500,972.0,20.0,0.0,0.0,0.0,0.0,973,20,0.0,0.0,0.0,0.0,972.5,0.0
0,2900,VOLCANIC_ROCK_VOUCHER_9500,973.0,20.0,0.0,0.0,0.0,0.0,974,20,0.0,0.0,0.0,0.0,973.5,0.0
0,3000,VOLCANIC_ROCK_VOUCHER_9500,978.0,15.0,0.0,0.0,0.0,0.0,979,15,0.0,0.0,0.0,0.0,978.5,0.0
0,3100,VOLCANIC_ROCK_VOUCHER_9500,973.0,11.0,0.0,0.0,0.0,0.0,974,14,0.0,0.0,0.0,0.0,973.5,0.0
0,3200,VOLCANIC_ROCK_VOUCHER_9500,979.0,14.0,0.0,0.0,0.0,0.0,980,14,0.0,0.0,0.0,0.0,979.5,0.0
0,3300,VOLCANIC_ROCK_VOUCHER_9500,979.0,12.0,0.0,0.0,0.0,0.0,980,12,0.0,0.0,0.0,0.0,979.5,0.0
0,3400,VOLCANIC_ROCK_VOUCHER_9500,980.0,12.0,0.0,0.0,0.0,0.0,981,12,0.0,0.0,0.0,0.0,980.5,0.0
0,3500,VOLCANIC_ROCK_VOUCHER_9500,989.0,12.0,0.0,0.0,0.0,0.0,990,12,0.0,0.0,0.0,0.0,989.5,0.0
0,3600,VOLCANIC_ROCK_VOUCHER_9500,984.0,16.0,0.0,0.0,0.0,0.0,985,16,0.0,0.0,0.0,0.0,984.5,0.0
0,3700,VOLCANIC_ROCK_VOUCHER_9500,983.0,12.0,0.0,0.0,0.0,0.0,984,12,0.0,0.0,0.0,0.0,983.5,0.0
0,3800,VOLCANIC_ROCK_VOUCHER_9500,983.0,12.0,0.0,0.0,0.0,0.0,984,12,0.0,0.0,0.0,0.0,983.5,0.0
0,3900,VOLCANIC_ROCK_VOUCHER_9500,982.0,10.0,0.0,0.0,0.0,0.0,983,10,0.0,0.0,0.0,0.0,982.5,0.0
0,4000,VOLCANIC_ROCK_VOUCHER_9500,976.0,15.0,0.0,0.0,0.0,0.0,977,15,0.0,0.0,0.0,0.0,976.5,0.0
0,4100,VOLCANIC_ROCK_VOUCHER_9500,972.0,20.0,0.0,0.0,0.0,0.0,974,20,0.0,0.0,0.0,0.0,973.0,0.0
0,4200,VOLCANIC_ROCK_VOUCHER_9500,0.0,0.0,0.0,0.0,0.0,0.0,966,4,967.0,14.0,0.0,0.0,966.0,0.0
0,4300,VOLCANIC_ROCK_VOUCHER_9500,964.0,12.0,0.0,0.0,0.0,0.0,966,12,0.0,0.0,0.0,0.0,965.0,0.0
0,4400,VOLCANIC_ROCK_VOUCHER_9500,958.0,19.0,0.0,0.0,0.0,0.0,960,19,0.0,0.0,0.0,0.0,959.0,0.0
0,4500,VOLCANIC_ROCK_VOUCHER_9500,958.0,10.0,0.0,0.0,0.0,0.0,959,10,0.0,0.0,0.0,0.0,958.5,0.0
0,4600,VOLCANIC_ROCK_VOUCHER_9500,951.0,13.0,0.0,0.0,0.0,0.0,952,13,0.0,0.0,0.0,0.0,951.5,0.0
0,4700,VOLCANIC_ROCK_VOUCHER_9500,958.0,19.0,0.0,0.0,0.0,0.0,959,19,0.0,0.0,0.0,0.0,958.5,0.0
0,4800,VOLCANIC_ROCK_VOUCHER_9500,964.0,16.0,0.0,0.0,0.0,0.0,965,16,0.0,0.0,0.0,0.0,964.5,0.0
0,4900,VOLCANIC_ROCK_VOUCHER_9500,964.0,10.0,0.0,0.0,0.0,0.0,966,10,0.0,0.0,0.0,0.0,965.0,0.0
0,5000,VOLCANIC_ROCK_VOUCHER_9500,962.0,12.0,0.0,0.0,0.0,0.0,964,12,0.0,0.0,0.0,0.0,963.0,0.0
0,5100,VOLCANIC_ROCK_VOUCHER_9500,953.0,15.0,0.0,0.0,0.0,0.0,954,15,0.0,0.0,0.0,0.0,953.5,0.0
0,5200,VOLCANIC_ROCK_VOUCHER_9500,955.0,5.0,0.0,0.0,0.0,0.0,956,17,0.0,0.0,0.0,0.0,955.5,0.0
0,5300,VOLCANIC_ROCK_VOUCHER_9500,951.0,14.0,0.0,0.0,0.0,0.0,952,14,0.0,0.0,0.0,0.0,951.5,0.0
0,5400,VOLCANIC_ROCK_VOUCHER_9500,950.0,20.0,0.0,0.0,0.0,0.0,951,20,0.0,0.0,0.0,0.0,950.5,0.0
0,5500,VOLCANIC_ROCK_VOUCHER_9500,941.0,20.0,0.0,0.0,0.0,0.0,942,20,0.0,0.0,0.0,0.0,941.5,0.0
0,5600,VOLCANIC_ROCK_VOUCHER_9500,945.0,13.0,0.0,0.0,0.0,0.0,947,13,0.0,0.0,0.0,0.0,946.0,0.0
0,5700,VOLCANIC_ROCK_VOUCHER_9500,944.0,14.0,0.0,0.0,0.0,0.0,945,14,0.0,0.0,0.0,0.0,944.5,0.0
0,5800,VOLCANIC_ROCK_VOUCHER_9500,939.0,12.0,0.0,0.0,0.0,0.0,940,12,0.0,0.0,0.0,0.0,939.5,0.0
0,5900,VOLCANIC_ROCK_VOUCHER_9500,931.0,17.0,0.0,0.0,0.0,0.0,933,17,0.0,0.0,0.0,0.0,932.0,0.0
0,6000,VOLCANIC_ROCK_VOUCHER_9500,945.0,13.0,0.0,0.0,0.0,0.0,946,13,0.0,0.0,0.0,0.0,945.5,0.0
0,6100,VOLCANIC_ROCK_VOUCHER_9500,940.0,12.0,0.0,0.0,0.0,0.0,941,12,0.0,0.0,0.0,0.0,940.5,0.0
0,6200,VOLCANIC_ROCK_VOUCHER_9500,947.0,14.0,0.0,0.0,0.0,0.0,948,14,0.0,0.0,0.0,0.0,947.5,0.0
0,6300,VOLCANIC_ROCK_VOUCHER_9500,941.0,7.0,940.0,18.0,0.0,0.0,942,18,0.0,0.0,0.0,0.0,941.5,0.0
0,6400,VOLCANIC_ROCK_VOUCHER_9500,942.0,16.0,0.0,0.0,0.0,0.0,943,13,944.0,16.0,0.0,0.0,942.5,0.0
0,6500,VOLCANIC_ROCK_VOUCHER_9500,943.0,20.0,0.0,0.0,0.0,0.0,944,20,0.0,0.0,0.0,0.0,943.5,0.0
0,6600,VOLCANIC_ROCK_VOUCHER_9500,940.0,15.0,0.0,0.0,0.0,0.0,941,15,0.0,0.0,0.0,0.0,940.5,0.0
0,6700,VOLCANIC_ROCK_VOUCHER_9500,926.0,20.0,0.0,0.0,0.0,0.0,927,20,0.0,0.0,0.0,0.0,926.5,0.0
0,6800,VOLCANIC_ROCK_VOUCHER_9500,932.0,18.0,0.0,0.0,0.0,0.0,933,18,0.0,0.0,0.0,0.0,932.5,0.0
0,6900,VOLCANIC_ROCK_VOUCHER_9500,933.0,13.0,0.0,0.0,0.0,0.0,934,20,0.0,0.0,0.0,0.0,933.5,0.0
0,7000,VOLCANIC_ROCK_VOUCHER_9500,931.0,12.0,0.0,0.0,0.0,0.0,932,12,0.0,0.0,0.0,0.0,931.5,0.0
0,7100,VOLCANIC_ROCK_VOUCHER_9500,935.0,14.0,0.0,0.0,0.0,0.0,936,14,0.0,0.0,0.0,0.0,935.5,0.0
0,7200,VOLCANIC_ROCK_VOUCHER_9500,938.0,28.0,0.0,0.0,0.0,0.0,939,13,0.0,0.0,0.0,0.0,938.5,0.0
0,7300,VOLCANIC_ROCK_VOUCHER_9500,937.0,20.0,0.0,0.0,0.0,0.0,938,20,0.0,0.0,0.0,0.0,937.5,0.0
0,7400,VOLCANIC_ROCK_VOUCHER_9500,938.0,12.0,0.0,0.0,0.0,0.0,940,12,0.0,0.0,0.0,0.0,939.0,0.0
0,7500,VOLCANIC_ROCK_VOUCHER_9500,941.0,11.0,0.0,0.0,0.0,0.0,943,11,0.0,0.0,0.0,0.0,942.0,0.0
0,7600,VOLCANIC_ROCK_VOUCHER_9500,941.0,12.0,0.0,0.0,0.0,0.0,943,12,0.0,0.0,0.0,0.0,942.0,0.0
0,7700,VOLCANIC_ROCK_VOUCHER_9500,936.0,15.0,0.0,0.0,0.0,0.0,937,15,0.0,0.0,0.0,0.0,936.5,0.0
0,7800,VOLCANIC_ROCK_VOUCHER_9500,940.0,13.0,0.0,0.0,0.0,0.0,942,13,0.0,0.0,0.0,0.0,941.0,0.0
0,7900,VOLCANIC_ROCK_VOUCHER_9500,947.0,6.0,0.0,0.0,0.0,0.0,948,1,949.0,15.0,0.0,0.0,947.5,0.0
0,8000,VOLCANIC_ROCK_VOUCHER_9500,943.0,7.0,0.0,0.0,0.0,0.0,944,17,0.0,0.0,0.0,0.0,943.5,0.0
0,8100,VOLCANIC_ROCK_VOUCHER_9500,947.0,27.0,0.0,0.0,0.0,0.0,948,15,0.0,0.0,0.0,0.0,947.5,0.0
0,8200,VOLCANIC_ROCK_VOUCHER_9500,951.0,11.0,0.0,0.0,0.0,0.0,952,11,0.0,0.0,0.0,0.0,951.5,0.0
0,8300,VOLCANIC_ROCK_VOUCHER_9500,941.0,18.0,0.0,0.0,0.0,0.0,942,18,0.0,0.0,0.0,0.0,941.5,0.0
0,8400,VOLCANIC_ROCK_VOUCHER_9500,944.0,17.0,0.0,0.0,0.0,0.0,946,17,0.0,0.0,0.0,0.0,945.0,0.0
0,8500,VOLCANIC_ROCK_VOUCHER_9500,947.0,11.0,0.0,0.0,0.0,0.0,948,11,0.0,0.0,0.0,0.0,947.5,0.0
0,8600,VOLCANIC_ROCK_VOUCHER_9500,941.0,13.0,0.0,0.0,0.0,0.0,942,13,0.0,0.0,0.0,0.0,941.5,0.0
0,8700,VOLCANIC_ROCK_VOUCHER_9500,936.0,14.0,0.0,0.0,0.0,0.0,937,14,0.0,0.0,0.0,0.0,936.5,0.0
0,8800,VOLCANIC_ROCK_VOUCHER_9500,932.0,15.0,0.0,0.0,0.0,0.0,933,15,0.0,0.0,0.0,0.0,932.5,0.0
0,8900,VOLCANIC_ROCK_VOUCHER_9500,931.0,12.0,0.0,0.0,0.0,0.0,932,12,0.0,0.0,0.0,0.0,931.5,0.0
0,9000,VOLCANIC_ROCK_VOUCHER_9500,932.0,10.0,0.0,0.0,0.0,0.0,933,10,0.0,0.0,0.0,0.0,932.5,0.0
0,9100,VOLCANIC_ROCK_VOUCHER_9500,924.0,20.0,0.0,0.0,0.0,0.0,925,20,0.0,0.0,0.0,0.0,924.5,0.0
0,9200,VOLCANIC_ROCK_VOUCHER_9500,924.0,20.0,0.0,0.0,0.0,0.0,925,20,0.0,0.0,0.0,0.0,924.5,0.0
0,9300,VOLCANIC_ROCK_VOUCHER_9500,922.0,10.0,0.0,0.0,0.0,0.0,923,10,0.0,0.0,0.0,0.0,922.5,0.0
0,9400,VOLCANIC_ROCK_VOUCHER_9500,925.0,17.0,0.0,0.0,0.0,0.0,926,17,0.0,0.0,0.0,0.0,925.5,0.0
0,9500,VOLCANIC_ROCK_VOUCHER_9500,925.0,15.0,0.0,0.0,0.0,0.0,926,15,0.0,0.0,0.0,0.0,925.5,0.0
0,9600,VOLCANIC_ROCK_VOUCHER_9500,932.0,12.0,0.0,0.0,0.0,0.0,933,12,0.0,0.0,0.0,0.0,932.5,0.0
0,9700,VOLCANIC_ROCK_VOUCHER_9500,926.0,18.0,0.0,0.0,0.0,0.0,927,18,0.0,0.0,0.0,0.0,926.5,0.0
0,9800,VOLCANIC_ROCK_VOUCHER_9500,928.0,13.0,0.0,0.0,0.0,0.0,929,13,0.0,0.0,0.0,0.0,928.5,0.0
0,9900,VOLCANIC_ROCK_VOUCHER_9500,927.0,13.0,0.0,0.0,0.0,0.0,928,13,0.0,0.0,0.0,0.0,927.5,0.0
0,10000,VOLCANIC_ROCK_VOUCHER_9500,919.0,21.0,0.0,0.0,0.0,0.0,921,21,0.0,0.0,0.0,0.0,920.0,0.0
0,10100,VOLCANIC_ROCK_VOUCHER_9500,925.0,22.0,0.0,0.0,0.0,0.0,926,10,0.0,0.0,0.0,0.0,925.5,0.0
0,10200,VOLCANIC_ROCK_VOUCHER_9500,921.0,13.0,0.0,0.0,0.0,0.0,922,13,0.0,0.0,0.0,0.0,921.5,0.0
0,10300,VOLCANIC_ROCK_VOUCHER_9500,922.0,20.0,0.0,0.0,0.0,0.0,923,20,0.0,0.0,0.0,0.0,922.5,0.0
0,10400,VOLCANIC_ROCK_VOUCHER_9500,925.0,16.0,0.0,0.0,0.0,0.0,926,16,0.0,0.0,0.0,0.0,925.5,0.0
0,10500,VOLCANIC_ROCK_VOUCHER_9500,927.0,20.0,0.0,0.0,0.0,0.0,928,20,0.0,0.0,0.0,0.0,927.5,0.0
0,10600,VOLCANIC_ROCK_VOUCHER_9500,931.0,18.0,0.0,0.0,0.0,0.0,932,18,0.0,0.0,0.0,0.0,931.5,0.0
0,10700,VOLCANIC_ROCK_VOUCHER_9500,928.0,14.0,0.0,0.0,0.0,0.0,929,14,0.0,0.0,0.0,0.0,928.5,0.0
0,10800,VOLCANIC_ROCK_VOUCHER_9500,934.0,18.0,0.0,0.0,0.0,0.0,935,18,0.0,0.0,0.0,0.0,934.5,0.0
0,10900,VOLCANIC_ROCK_VOUCHER_9500,939.0,12.0,0.0,0.0,0.0,0.0,940,12,0.0,0.0,0.0,0.0,939.5,0.0
0,11000,VOLCANIC_ROCK_VOUCHER_9500,947.0,15.0,0.0,0.0,0.0,0.0,949,15,0.0,0.0,0.0,0.0,948.0,0.0
0,11100,VOLCANIC_ROCK_VOUCHER_9500,939.0,20.0,0.0,0.0,0.0,0.0,940,20,0.0,0.0,0.0,0.0,939.5,0.0
0,11200,VOLCANIC_ROCK_VOUCHER_9500,948.0,12.0,0.0,0.0,0.0,0.0,949,12,0.0,0.0,0.0,0.0,948.5,0.0
0,11300,VOLCANIC_ROCK_VOUCHER_9500,943.0,11.0,0.0,0.0,0.0,0.0,944,11,0.0,0.0,0.0,0.0,943.5,0.0
0,11400,VOLCANIC_ROCK_VOUCHER_9500,949.0,15.0,0.0,0.0,0.0,0.0,950,15,0.0,0.0,0.0,0.0,949.5,0.0
0,11500,VOLCANIC_ROCK_VOUCHER_9500,947.0,18.0,0.0,0.0,0.0,0.0,948,18,0.0,0.0,0.0,0.0,947.5,0.0
0,11600,VOLCANIC_ROCK_VOUCHER_9500,944.0,12.0,0.0,0.0,0.0,0.0,945,12,0.0,0.0,0.0,0.0,944.5,0.0
0,11700,VOLCANIC_ROCK_VOUCHER_9500,939.0,15.0,0.0,0.0,0.0,0.0,940,15,0.0,0.0,0.0,0.0,939.5,0.0
0,11800,VOLCANIC_ROCK_VOUCHER_9500,935.0,19.0,0.0,0.0,0.0,0.0,937,19,0.0,0.0,0.0,0.0,936.0,0.0
0,11900,VOLCANIC_ROCK_VOUCHER_9500,928.0,17.0,0.0,0.0,0.0,0.0,929,17,0.0,0.0,0.0,0.0,928.5,0.0
0,12000,VOLCANIC_ROCK_VOUCHER_9500,930.0,13.0,0.0,0.0,0.0,0.0,932,13,0.0,0.0,0.0,0.0,931.0,0.0
0,12100,VOLCANIC_ROCK_VOUCHER_9500,930.0,20.0,0.0,0.0,0.0,0.0,931,20,0.0,0.0,0.0,0.0,930.5,0.0
0,12200,VOLCANIC_ROCK_VOUCHER_9500,0.0,0.0,0.0,0.0,0.0,0.0,928,6,929.0,14.0,0.0,0.0,928.0,0.0
0,12300,VOLCANIC_ROCK_VOUCHER_9500,934.0,15.0,0.0,0.0,0.0,0.0,935,15,0.0,0.0,0.0,0.0,934.5,0.0
0,12400,VOLCANIC_ROCK_VOUCHER_9500,936.0,12.0,0.0,0.0,0.0,0.0,937,12,0.0,0.0,0.0,0.0,936.5,0.0
0,12500,VOLCANIC_ROCK_VOUCHER_9500,932.0,18.0,0.0,0.0,0.0,0.0,933,18,0.0,0.0,0.0,0.0,932.5,0.0
0,12600,VOLCANIC_ROCK_VOUCHER_9500,923.0,13.0,0.0,0.0,0.0,0.0,925,13,0.0,0.0,0.0,0.0,924.0,0.0
0,12700,VOLCANIC_ROCK_VOUCHER_9500,926.0,22.0,0.0,0.0,0.0,0.0,928,22,0.0,0.0,0.0,0.0,927.0,0.0
0,12800,VOLCANIC_ROCK_VOUCHER_9500,931.0,14.0,0.0,0.0,0.0,0.0,932,14,0.0,0.0,0.0,0.0,931.5,0.0
0,12900,VOLCANIC_ROCK_VOUCHER_9500,926.0,15.0,0.0,0.0,0.0,0.0,927,15,0.0,0.0,0.0,0.0,926.5,0.0
0,13000,VOLCANIC_ROCK_VOUCHER_9500,927.0,11.0,0.0,0.0,0.0,0.0,928,11,0.0,0.0,0.0,0.0,927.5,0.0
0,13100,VOLCANIC_ROCK_VOUCHER_9500,923.0,22.0,0.0,0.0,0.0,0.0,924,22,0.0,0.0,0.0,0.0,923.5,0.0
0,13200,VOLCANIC_ROCK_VOUCHER_9500,915.0,16.0,0.0,0.0,0.0,0.0,916,16,0.0,0.0,0.0,0.0,915.5,0.0
0,13300,VOLCANIC_ROCK_VOUCHER_9500,914.0,17.0,0.0,0.0,0.0,0.0,915,17,0.0,0.0,0.0,0.0,914.5,0.0
0,13400,VOLCANIC_ROCK_VOUCHER_9500,915.0,1.0,914.0,14.0,0.0,0.0,916,15,0.0,0.0,0.0,0.0,915.5,0.0
0,13500,VOLCANIC_ROCK_VOUCHER_9500,911.0,17.0,0.0,0.0,0.0,0.0,912,17,0.0,0.0,0.0,0.0,911.5,0.0
0,13600,VOLCANIC_ROCK_VOUCHER_9500,906.0,19.0,0.0,0.0,0.0,0.0,907,19,0.0,0.0,0.0,0.0,906.5,0.0
0,13700,VOLCANIC_ROCK_VOUCHER_9500,906.0,21.0,0.0,0.0,0.0,0.0,907,21,0.0,0.0,0.0,0.0,906.5,0.0
0,13800,VOLCANIC_ROCK_VOUCHER_9500,881.0,13.0,0.0,0.0,0.0,0.0,883,13,0.0,0.0,0.0,0.0,882.0,0.0
0,13900,VOLCANIC_ROCK_VOUCHER_9500,892.0,20.0,0.0,0.0,0.0,0.0,893,20,0.0,0.0,0.0,0.0,892.5,0.0
0,14000,VOLCANIC_ROCK_VOUCHER_9500,879.0,14.0,0.0,0.0,0.0,0.0,881,14,0.0,0.0,0.0,0.0,880.0,0.0
0,14100,VOLCANIC_ROCK_VOUCHER_9500,893.0,22.0,0.0,0.0,0.0,0.0,895,22,0.0,0.0,0.0,0.0,894.0,0.0
0,14200,VOLCANIC_ROCK_VOUCHER_9500,907.0,12.0,0.0,0.0,0.0,0.0,908,12,0.0,0.0,0.0,0.0,907.5,0.0
0,14300,VOLCANIC_ROCK_VOUCHER_9500,896.0,22.0,0.0,0.0,0.0,0.0,897,22,0.0,0.0,0.0,0.0,896.5,0.0
0,14400,VOLCANIC_ROCK_VOUCHER_9500,904.0,17.0,0.0,0.0,0.0,0.0,905,17,0.0,0.0,0.0,0.0,904.5,0.0
0,14500,VOLCANIC_ROCK_VOUCHER_9500,906.0,7.0,905.0,15.0,0.0,0.0,907,15,0.0,0.0,0.0,0.0,906.5,0.0
0,14600,VOLCANIC_ROCK_VOUCHER_9500,905.0,31.0,0.0,0.0,0.0,0.0,906,11,0.0,0.0,0.0,0.0,905.5,0.0
0,14700,VOLCANIC_ROCK_VOUCHER_9500,917.0,13.0,0.0,0.0,0.0,0.0,918,13,0.0,0.0,0.0,0.0,917.5,0.0
0,14800,VOLCANIC_ROCK_VOUCHER_9500,910.0,35.0,0.0,0.0,0.0,0.0,911,16,0.0,0.0,0.0,0.0,910.5,0.0
0,14900,VOLCANIC_ROCK_VOUCHER_9500,914.0,17.0,0.0,0.0,0.0,0.0,915,17,0.0,0.0,0.0,0.0,914.5,0.0
0,15000,VOLCANIC_ROCK_VOUCHER_9500,925.0,14.0,0.0,0.0,0.0,0.0,926,14,0.0,0.0,0.0,0.0,925.5,0.0
0,15100,VOLCANIC_ROCK_VOUCHER_9500,928.0,28.0,0.0,0.0,0.0,0.0,929,15,0.0,0.0,0.0,0.0,928.5,0.0
0,15200,VOLCANIC_ROCK_VOUCHER_9500,933.0,13.0,0.0,0.0,0.0,0.0,934,13,0.0,0.0,0.0,0.0,933.5,0.0
0,15300,VOLCANIC_ROCK_VOUCHER_9500,938.0,16.0,0.0,0.0,0.0,0.0,939,16,0.0,0.0,0.0,0.0,938.5,0.0
0,15400,VOLCANIC_ROCK_VOUCHER_9500,939.0,35.0,0.0,0.0,0.0,0.0,940,22,0.0,0.0,0.0,0.0,939.5,0.0
0,15500,VOLCANIC_ROCK_VOUCHER_9500,940.0,15.0,0.0,0.0,0.0,0.0,941,15,0.0,0.0,0.0,0.0,940.5,0.0
0,15600,VOLCANIC_ROCK_VOUCHER_9500,945.0,19.0,0.0,0.0,0.0,0.0,946,19,0.0,0.0,0.0,0.0,945.5,0.0
0,15700,VOLCANIC_ROCK_VOUCHER_9500,946.0,14.0,0.0,0.0,0.0,0.0,947,14,0.0,0.0,0.0,0.0,946.5,0.0
0,15800,VOLCANIC_ROCK_VOUCHER_9500,0.0,0.0,0.0,0.0,0.0,0.0,957,6,958.0,12.0,0.0,0.0,957.0,0.0
0,15900,VOLCANIC_ROCK_VOUCHER_9500,969.0,20.0,0.0,0.0,0.0,0.0,970,20,0.0,0.0,0.0,0.0,969.5,0.0
0,16000,VOLCANIC_ROCK_VOUCHER_9500,961.0,18.0,0.0,0.0,0.0,0.0,962,18,0.0,0.0,0.0,0.0,961.5,0.0
0,16100,VOLCANIC_ROCK_VOUCHER_9500,957.0,15.0,0.0,0.0,0.0,0.0,959,15,0.0,0.0,0.0,0.0,958.0,0.0
0,16200,VOLCANIC_ROCK_VOUCHER_9500,970.0,10.0,0.0,0.0,0.0,0.0,972,10,0.0,0.0,0.0,0.0,971.0,0.0
0,16300,VOLCANIC_ROCK_VOUCHER_9500,966.0,18.0,0.0,0.0,0.0,0.0,967,18,0.0,0.0,0.0,0.0,966.5,0.0
0,16400,VOLCANIC_ROCK_VOUCHER_9500,964.0,16.0,0.0,0.0,0.0,0.0,965,16,0.0,0.0,0.0,0.0,964.5,0.0
0,16500,VOLCANIC_ROCK_VOUCHER_9500,970.0,38.0,0.0,0.0,0.0,0.0,971,22,0.0,0.0,0.0,0.0,970.5,0.0
0,16600,VOLCANIC_ROCK_VOUCHER_9500,969.0,19.0,0.0,0.0,0.0,0.0,970,19,0.0,0.0,0.0,0.0,969.5,0.0
0,16700,VOLCANIC_ROCK_VOUCHER_9500,974.0,17.0,0.0,0.0,0.0,0.0,975,17,0.0,0.0,0.0,0.0,974.5,0.0
0,16800,VOLCANIC_ROCK_VOUCHER_9500,978.0,16.0,0.0,0.0,0.0,0.0,979,16,0.0,0.0,0.0,0.0,978.5,0.0
0,16900,VOLCANIC_ROCK_VOUCHER_9500,982.0,20.0,0.0,0.0,0.0,0.0,983,20,0.0,0.0,0.0,0.0,982.5,0.0
0,17000,VOLCANIC_ROCK_VOUCHER_9500,976.0,20.0,0.0,0.0,0.0,0.0,977,20,0.0,0.0,0.0,0.0,976.5,0.0
0,17100,VOLCANIC_ROCK_VOUCHER_9500,983.0,15.0,0.0,0.0,0.0,0.0,984,15,0.0,0.0,0.0,0.0,983.5,0.0
0,17200,VOLCANIC_ROCK_VOUCHER_9500,980.0,12.0,0.0,0.0,0.0,0.0,981,12,0.0,0.0,0.0,0.0,980.5,0.0
0,17300,VOLCANIC_ROCK_VOUCHER_9500,983.0,11.0,0.0,0.0,0.0,0.0,984,11,0.0,0.0,0.0,0.0,983.5,0.0
0,17400,VOLCANIC_ROCK_VOUCHER_9500,981.0,14.0,0.0,0.0,0.0,0.0,982,14,0.0,0.0,0.0,0.0,981.5,0.0
0,17500,VOLCANIC_ROCK_VOUCHER_9500,981.0,12.0,0.0,0.0,0.0,0.0,982,12,0.0,0.0,0.0,0.0,981.5,0.0
0,17600,VOLCANIC_ROCK_VOUCHER_9500,975.0,20.0,0.0,0.0,0.0,0.0,976,20,0.0,0.0,0.0,0.0,975.5,0.0
0,17700,VOLCANIC_ROCK_VOUCHER_9500,976.0,13.0,0.0,0.0,0.0,0.0,977,13,0.0,0.0,0.0,0.0,976.5,0.0
0,17800,VOLCANIC_ROCK_VOUCHER_9500,975.0,15.0,0.0,0.0,0.0,0.0,976,15,0.0,0.0,0.0,0.0,975.5,0.0
0,17900,VOLCANIC_ROCK_VOUCHER_9500,0.0,0.0,0.0,0.0,0.0,0.0,970,5,971.0,14.0,0.0,0.0,970.0,0.0
0,18000,VOLCANIC_ROCK_VOUCHER_9500,966.0,15.0,0.0,0.0,0.0,0.0,967,15,0.0,0.0,0.0,0.0,966.5,0.0
0,18100,VOLCANIC_ROCK_VOUCHER_9500,955.0,10.0,0.0,0.0,0.0,0.0,956,10,0.0,0.0,0.0,0.0,955.5,0.0
0,18200,VOLCANIC_ROCK_VOUCHER_9500,963.0,12.0,0.0,0.0,0.0,0.0,964,12,0.0,0.0,0.0,0.0,963.5,0.0
0,18300,VOLCANIC_ROCK_VOUCHER_9500,964.0,28.0,0.0,0.0,0.0,0.0,965,12,0.0,0.0,0.0,0.0,964.5,0.0
0,18400,VOLCANIC_ROCK_VOUCHER_9500,970.0,14.0,0.0,0.0,0.0,0.0,971,14,0.0,0.0,0.0,0.0,970.5,0.0
0,18500,VOLCANIC_ROCK_VOUCHER_9500,970.0,20.0,0.0,0.0,0.0,0.0,971,20,0.0,0.0,0.0,0.0,970.5,0.0
0,18600,VOLCANIC_ROCK_VOUCHER_9500,967.0,14.0,0.0,0.0,0.0,0.0,968,14,0.0,0.0,0.0,0.0,967.5,0.0
0,18700,VOLCANIC_ROCK_VOUCHER_9500,960.0,18.0,0.0,0.0,0.0,0.0,961,18,0.0,0.0,0.0,0.0,960.5,0.0
0,18800,VOLCANIC_ROCK_VOUCHER_9500,963.0,19.0,0.0,0.0,0.0,0.0,964,19,0.0,0.0,0.0,0.0,963.5,0.0
0,18900,VOLCANIC_ROCK_VOUCHER_9500,969.0,18.0,0.0,0.0,0.0,0.0,970,18,0.0,0.0,0.0,0.0,969.5,0.0
0,19000,VOLCANIC_ROCK_VOUCHER_9500,969.0,16.0,0.0,0.0,0.0,0.0,970,16,0.0,0.0,0.0,0.0,969.5,0.0
0,19100,VOLCANIC_ROCK_VOUCHER_9500,968.0,17.0,0.0,0.0,0.0,0.0,969,17,0.0,0.0,0.0,0.0,968.5,0.0
0,19200,VOLCANIC_ROCK_VOUCHER_9500,964.0,11.0,0.0,0.0,0.0,0.0,966,11,0.0,0.0,0.0,0.0,965.0,0.0
0,19300,VOLCANIC_ROCK_VOUCHER_9500,967.0,19.0,0.0,0.0,0.0,0.0,969,19,0.0,0.0,0.0,0.0,968.0,0.0
0,19400,VOLCANIC_ROCK_VOUCHER_9500,967.0,17.0,0.0,0.0,0.0,0.0,968,17,0.0,0.0,0.0,0.0,967.5,0.0
0,19500,VOLCANIC_ROCK_VOUCHER_9500,969.0,12.0,0.0,0.0,0.0,0.0,970,12,0.0,0.0,0.0,0.0,969.5,0.0
0,19600,VOLCANIC_ROCK_VOUCHER_9500,967.0,22.0,0.0,0.0,0.0,0.0,968,22,0.0,0.0,0.0,0.0,967.5,0.0
0,19700,VOLCANIC_ROCK_VOUCHER_9500,961.0,17.0,0.0,0.0,0.0,0.0,962,17,0.0,0.0,0.0,0.0,961.5,0.0
0,19800,VOLCANIC_ROCK_VOUCHER_9500,963.0,9.0,0.0,0.0,0.0,0.0,964,19,0.0,0.0,0.0,0.0,963.5,0.0
0,19900,VOLCANIC_ROCK_VOUCHER_9500,961.0,20.0,0.0,0.0,0.0,0.0,963,20,0.0,0.0,0.0,0.0,962.0,0.0
0,20000,VOLCANIC_ROCK_VOUCHER_9500,956.0,15.0,0.0,0.0,0.0,0.0,957,15,0.0,0.0,0.0,0.0,956.5,0.0
0,20100,VOLCANIC_ROCK_VOUCHER_9500,948.0,13.0,0.0,0.0,0.0,0.0,949,13,0.0,0.0,0.0,0.0,948.5,0.0
0,20200,VOLCANIC_ROCK_VOUCHER_9500,941.0,14.0,0.0,0.0,0.0,0.0,942,14,0.0,0.0,0.0,0.0,941.5,0.0
0,20300,VOLCANIC_ROCK_VOUCHER_9500,936.0,17.0,0.0,0.0,0.0,0.0,937,17,0.0,0.0,0.0,0.0,936.5,0.0
0,20400,VOLCANIC_ROCK_VOUCHER_9500,947.0,15.0,0.0,0.0,0.0,0.0,948,15,0.0,0.0,0.0,0.0,947.5,0.0
0,20500,VOLCANIC_ROCK_VOUCHER_9500,949.0,11.0,0.0,0.0,0.0,0.0,950,11,0.0,0.0,0.0,0.0,949.5,0.0
0,20600,VOLCANIC_ROCK_VOUCHER_9500,952.0,15.0,0.0,0.0,0.0,0.0,953,15,0.0,0.0,0.0,0.0,952.5,0.0
0,20700,VOLCANIC_ROCK_VOUCHER_9500,951.0,13.0,0.0,0.0,0.0,0.0,952,13,0.0,0.0,0.0,0.0,951.5,0.0
0,20800,VOLCANIC_ROCK_VOUCHER_9500,957.0,37.0,0.0,0.0,0.0,0.0,958,22,0.0,0.0,0.0,0.0,957.5,0.0
0,20900,VOLCANIC_ROCK_VOUCHER_9500,955.0,12.0,0.0,0.0,0.0,0.0,956,12,0.0,0.0,0.0,0.0,955.5,0.0
0,21000,VOLCANIC_ROCK_VOUCHER_9500,950.0,19.0,0.0,0.0,0.0,0.0,951,19,0.0,0.0,0.0,0.0,950.5,0.0
0,21100,VOLCANIC_ROCK_VOUCHER_9500,0.0,0.0,0.0,0.0,0.0,0.0,952,3,953.0,13.0,0.0,0.0,952.0,0.0
0,21200,VOLCANIC_ROCK_VOUCHER_9500,955.0,5.0,0.0,0.0,0.0,0.0,956,17,0.0,0.0,0.0,0.0,955.5,0.0
0,21300,VOLCANIC_ROCK_VOUCHER_9500,960.0,14.0,0.0,0.0,0.0,0.0,961,14,0.0,0.0,0.0,0.0,960.5,0.0
0,21400,VOLCANIC_ROCK_VOUCHER_9500,961.0,15.0,0.0,0.0,0.0,0.0,962,15,0.0,0.0,0.0,0.0,961.5,0.0
0,21500,VOLCANIC_ROCK_VOUCHER_9500,958.0,23.0,0.0,0.0,0.0,0.0,959,13,0.0,0.0,0.0,0.0,958.5,0.0
0,21600,VOLCANIC_ROCK_VOUCHER_9500,957.0,16.0,0.0,0.0,0.0,0.0,958,16,0.0,0.0,0.0,0.0,957.5,0.0
0,21700,VOLCANIC_ROCK_VOUCHER_9500,955.0,21.0,0.0,0.0,0.0,0.0,956,21,0.0,0.0,0.0,0.0,955.5,0.0
0,21800,VOLCANIC_ROCK_VOUCHER_9500,957.0,11.0,0.0,0.0,0.0,0.0,958,11,0.0,0.0,0.0,0.0,957.5,0.0
0,21900,VOLCANIC_ROCK_VOUCHER_9500,956.0,18.0,0.0,0.0,0.0,0.0,957,18,0.0,0.0,0.0,0.0,956.5,0.0
0,22000,VOLCANIC_ROCK_VOUCHER_9500,956.0,21.0,0.0,0.0,0.0,0.0,957,21,0.0,0.0,0.0,0.0,956.5,0.0
0,22100,VOLCANIC_ROCK_VOUCHER_9500,958.0,12.0,0.0,0.0,0.0,0.0,960,12,0.0,0.0,0.0,0.0,959.0,0.0
0,22200,VOLCANIC_ROCK_VOUCHER_9500,958.0,14.0,0.0,0.0,0.0,0.0,959,14,0.0,0.0,0.0,0.0,958.5,0.0
0,22300,VOLCANIC_ROCK_VOUCHER_9500,952.0,12.0,0.0,0.0,0.0,0.0,953,12,0.0,0.0,0.0,0.0,952.5,0.0
0,22400,VOLCANIC_ROCK_VOUCHER_9500,952.0,13.0,0.0,0.0,0.0,0.0,953,13,0.0,0.0,0.0,0.0,952.5,0.0
0,22500,VOLCANIC_ROCK_VOUCHER_9500,956.0,12.0,0.0,0.0,0.0,0.0,957,12,0.0,0.0,0.0,0.0,956.5,0.0
0,22600,VOLCANIC_ROCK_VOUCHER_9500,962.0,14.0,0.0,0.0,0.0,0.0,963,14,0.0,0.0,0.0,0.0,962.5,0.0
0,22700,VOLCANIC_ROCK_VOUCHER_9500,973.0,11.0,0.0,0.0,0.0,0.0,974,11,0.0,0.0,0.0,0.0,973.5,0.0
0,22800,VOLCANIC_ROCK_VOUCHER_9500,980.0,11.0,0.0,0.0,0.0,0.0,981,11,0.0,0.0,0.0,0.0,980.5,0.0
0,22900,VOLCANIC_ROCK_VOUCHER_9500,976.0,14.0,0.0,0.0,0.0,0.0,977,14,0.0,0.0,0.0,0.0,976.5,0.0
0,23000,VOLCANIC_ROCK_VOUCHER_9500,984.0,22.0,0.0,0.0,0.0,0.0,985,22,0.0,0.0,0.0,0.0,984.5,0.0
0,23100,VOLCANIC_ROCK_VOUCHER_9500,978.0,13.0,0.0,0.0,0.0,0.0,979,13,0.0,0.0,0.0,0.0,978.5,0.0
0,23200,VOLCANIC_ROCK_VOUCHER_9500,974.0,18.0,0.0,0.0,0.0,0.0,975,18,0.0,0.0,0.0,0.0,974.5,0.0
0,23300,VOLCANIC_ROCK_VOUCHER_9500,975.0,10.0,0.0,0.0,0.0,0.0,976,10,0.0,0.0,0.0,0.0,975.5,0.0
0,23400,VOLCANIC_ROCK_VOUCHER_9500,973.0,18.0,0.0,0.0,0.0,0.0,974,18,0.0,0.0,0.0,0.0,973.5,0.0
0,23500,VOLCANIC_ROCK_VOUCHER_9500,972.0,25.0,0.0,0.0,0.0,0.0,973,15,0.0,0.0,0.0,0.0,972.5,0.0
0,23600,VOLCANIC_ROCK_VOUCHER_9500,978.0,19.0,0.0,0.0,0.0,0.0,979,19,0.0,0.0,0.0,0.0,978.5,0.0
0,23700,VOLCANIC_ROCK_VOUCHER_9500,981.0,14.0,0.0,0.0,0.0,0.0,982,14,0.0,0.0,0.0,0.0,981.5,0.0
0,23800,VOLCANIC_ROCK_VOUCHER_9500,979.0,39.0,0.0,0.0,0.0,0.0,981,22,0.0,0.0,0.0,0.0,980.0,0.0
0,23900,VOLCANIC_ROCK_VOUCHER_9500,978.0,16.0,0.0,0.0,0.0,0.0,979,16,0.0,0.0,0.0,0.0,978.5,0.0
0,24000,VOLCANIC_ROCK_VOUCHER_9500,979.0,14.0,0.0,0.0,0.0,0.0,980,14,0.0,0.0,0.0,0.0,979.5,0.0
0,24100,VOLCANIC_ROCK_VOUCHER_9500,974.0,22.0,0.0,0.0,0.0,0.0,975,22,0.0,0.0,0.0,0.0,974.5,0.0
0,24200,VOLCANIC_ROCK_VOUCHER_9500,972.0,21.0,0.0,0.0,0.0,0.0,973,21,0.0,0.0,0.0,0.0,972.5,0.0
0,24300,VOLCANIC_ROCK_VOUCHER_9500,974.0,12.0,0.0,0.0,0.0,0.0,975,12,0.0,0.0,0.0,0.0,974.5,0.0
0,24400,VOLCANIC_ROCK_VOUCHER_9500,974.0,10.0,0.0,0.0,0.0,0.0,976,10,0.0,0.0,0.0,0.0,975.0,0.0
0,24500,VOLCANIC_ROCK_VOUCHER_9500,967.0,15.0,0.0,0.0,0.0,0.0,968,15,0.0,0.0,0.0,0.0,967.5,0.0
0,24600,VOLCANIC_ROCK_VOUCHER_9500,965.0,20.0,0.0,0.0,0.0,0.0,966,20,0.0,0.0,0.0,0.0,965.5,0.0
0,24700,VOLCANIC_ROCK_VOUCHER_9500,959.0,15.0,0.0,0.0,0.0,0.0,960,15,0.0,0.0,0.0,0.0,959.5,0.0
0,24800,VOLCANIC_ROCK_VOUCHER_9500,962.0,22.0,0.0,0.0,0.0,0.0,964,22,0.0,0.0,0.0,0.0,963.0,0.0
0,24900,VOLCANIC_ROCK_VOUCHER_9500,963.0,22.0,0.0,0.0,0.0,0.0,964,22,0.0,0.0,0.0,0.0,963.5,0.0
0,25000,VOLCANIC_ROCK_VOUCHER_9500,967.0,17.0,0.0,0.0,0.0,0.0,968,17,0.0,0.0,0.0,0.0,967.5,0.0
0,25100,VOLCANIC_ROCK_VOUCHER_9500,971.0,14.0,0.0,0.0,0.0,0.0,972,14,0.0,0.0,0.0,0.0,971.5,0.0
0,25200,VOLCANIC_ROCK_VOUCHER_9500,971.0,3.0,0.0,0.0,0.0,0.0,972,22,0.0,0.0,0.0,0.0,971.5,0.0
0,25300,VOLCANIC_ROCK_VOUCHER_9500,967.0,14.0,0.0,0.0,0.0,0.0,969,14,0.0,0.0,0.0,0.0,968.0,0.0
0,25400,VOLCANIC_ROCK_VOUCHER_9500,965.0,15.0,0.0,0.0,0.0,0.0,967,15,0.0,0.0,0.0,0.0,966.0,0.0
0,25500,VOLCANIC_ROCK_VOUCHER_9500,966.0,21.0,0.0,0.0,0.0,0.0,967,21,0.0,0.0,0.0,0.0,966.5,0.0
0,25600,VOLCANIC_ROCK_VOUCHER_9500,963.0,5.0,0.0,0.0,0.0,0.0,964,17,0.0,0.0,0.0,0.0,963.5,0.0
0,25700,VOLCANIC_ROCK_VOUCHER_9500,965.0,15.0,964.0,11.0,0.0,0.0,966,11,0.0,0.0,0.0,0.0,965.5,0.0
0,25800,VOLCANIC_ROCK_VOUCHER_9500,965.0,11.0,0.0,0.0,0.0,0.0,967,11,0.0,0.0,0.0,0.0,966.0,0.0
0,25900,VOLCANIC_ROCK_VOUCHER_9500,962.0,12.0,0.0,0.0,0.0,0.0,963,12,0.0,0.0,0.0,0.0,962.5,0.0
0,26000,VOLCANIC_ROCK_VOUCHER_9500,966.0,20.0,0.0,0.0,0.0,0.0,967,20,0.0,0.0,0.0,0.0,966.5,0.0
0,26100,VOLCANIC_ROCK_VOUCHER_9500,960.0,2.0,0.0,0.0,0.0,0.0,961,14,0.0,0.0,0.0,0.0,960.5,0.0
0,26200,VOLCANIC_ROCK_VOUCHER_9500,959.0,11.0,0.0,0.0,0.0,0.0,961,11,0.0,0.0,0.0,0.0,960.0,0.0
0,26300,VOLCANIC_ROCK_VOUCHER_9500,956.0,13.0,0.0,0.0,0.0,0.0,958,13,0.0,0.0,0.0,0.0,957.0,0.0
0,26400,VOLCANIC_ROCK_VOUCHER_9500,963.0,12.0,0.0,0.0,0.0,0.0,964,12,0.0,0.0,0.0,0.0,963.5,0.0
0,26500,VOLCANIC_ROCK_VOUCHER_9500,961.0,17.0,0.0,0.0,0.0,0.0,962,17,0.0,0.0,0.0,0.0,961.5,0.0
0,26600,VOLCANIC_ROCK_VOUCHER_9500,961.0,6.0,0.0,0.0,0.0,0.0,962,21,0.0,0.0,0.0,0.0,961.5,0.0
0,26700,VOLCANIC_ROCK_VOUCHER_9500,964.0,15.0,0.0,0.0,0.0,0.0,965,15,0.0,0.0,0.0,0.0,964.5,0.0
0,26800,VOLCANIC_ROCK_VOUCHER_9500,967.0,35.0,0.0,0.0,0.0,0.0,969,20,0.0,0.0,0.0,0.0,968.0,0.0
0,26900,VOLCANIC_ROCK_VOUCHER_9500,963.0,11.0,0.0,0.0,0.0,0.0,964,11,0.0,0.0,0.0,0.0,963.5,0.0
0,27000,VOLCANIC_ROCK_VOUCHER_9500,958.0,16.0,0.0,0.0,0.0,0.0,959,16,0.0,0.0,0.0,0.0,958.5,0.0
0,27100,VOLCANIC_ROCK_VOUCHER_9500,958.0,12.0,0.0,0.0,0.0,0.0,959,12,0.0,0.0,0.0,0.0,958.5,0.0
0,27200,VOLCANIC_ROCK_VOUCHER_9500,964.0,14.0,0.0,0.0,0.0,0.0,965,14,0.0,0.0,0.0,0.0,964.5,0.0
0,27300,VOLCANIC_ROCK_VOUCHER_9500,962.0,18.0,0.0,0.0,0.0,0.0,963,18,0.0,0.0,0.0,0.0,962.5,0.0
0,27400,VOLCANIC_ROCK_VOUCHER_9500,960.0,20.0,0.0,0.0,0.0,0.0,961,20,0.0,0.0,0.0,0.0,960.5,0.0
0,27500,VOLCANIC_ROCK_VOUCHER_9500,957.0,21.0,0.0,0.0,0.0,0.0,958,21,0.0,0.0,0.0,0.0,957.5,0.0
0,27600,VOLCANIC_ROCK_VOUCHER_9500,954.0,14.0,0.0,0.0,0.0,0.0,955,14,0.0,0.0,0.0,0.0,954.5,0.0
0,27700,VOLCANIC_ROCK_VOUCHER_9500,950.0,13.0,0.0,0.0,0.0,0.0,951,13,0.0,0.0,0.0,0.0,950.5,0.0
0,27800,VOLCANIC_ROCK_VOUCHER_9500,938.0,14.0,0.0,0.0,0.0,0.0,939,14,0.0,0.0,0.0,0.0,938.5,0.0
0,27900,VOLCANIC_ROCK_VOUCHER_9500,942.0,19.0,0.0,0.0,0.0,0.0,943,19,0.0,0.0,0.0,0.0,942.5,0.0
0,28000,VOLCANIC_ROCK_VOUCHER_9500,943.0,15.0,0.0,0.0,0.0,0.0,944,15,0.0,0.0,0.0,0.0,943.5,0.0
0,28100,VOLCANIC_ROCK_VOUCHER_9500,941.0,10.0,0.0,0.0,0.0,0.0,943,10,0.0,0.0,0.0,0.0,942.0,0.0
0,28200,VOLCANIC_ROCK_VOUCHER_9500,944.0,14.0,0.0,0.0,0.0,0.0,945,14,0.0,0.0,0.0,0.0,944.5,0.0
0,28300,VOLCANIC_ROCK_VOUCHER_9500,933.0,18.0,0.0,0.0,0.0,0.0,934,18,0.0,0.0,0.0,0.0,933.5,0.0
0,28400,VOLCANIC_ROCK_VOUCHER_9500,940.0,13.0,0.0,0.0,0.0,0.0,941,13,0.0,0.0,0.0,0.0,940.5,0.0
0,28500,VOLCANIC_ROCK_VOUCHER_9500,940.0,18.0,0.0,0.0,0.0,0.0,941,18,0.0,0.0,0.0,0.0,940.5,0.0
0,28600,VOLCANIC_ROCK_VOUCHER_9500,937.0,18.0,0.0,0.0,0.0,0.0,938,18,0.0,0.0,0.0,0.0,937.5,0.0
0,28700,VOLCANIC_ROCK_VOUCHER_9500,942.0,12.0,0.0,0.0,0.0,0.0,943,12,0.0,0.0,0.0,0.0,942.5,0.0
0,28800,VOLCANIC_ROCK_VOUCHER_9500,940.0,22.0,0.0,0.0,0.0,0.0,941,22,0.0,0.0,0.0,0.0,940.5,0.0
0,28900,VOLCANIC_ROCK_VOUCHER_9500,946.0,14.0,0.0,0.0,0.0,0.0,947,14,0.0,0.0,0.0,0.0,946.5,0.0
0,29000,VOLCANIC_ROCK_VOUCHER_9500,945.0,15.0,0.0,0.0,0.0,0.0,946,15,0.0,0.0,0.0,0.0,945.5,0.0
0,29100,VOLCANIC_ROCK_VOUCHER_9500,941.0,12.0,0.0,0.0,0.0,0.0,943,12,0.0,0.0,0.0,0.0,942.0,0.0
0,29200,VOLCANIC_ROCK_VOUCHER_9500,943.0,18.0,0.0,0.0,0.0,0.0,944,18,0.0,0.0,0.0,0.0,943.5,0.0
0,29300,VOLCANIC_ROCK_VOUCHER_9500,949.0,19.0,0.0,0.0,0.0,0.0,950,19,0.0,0.0,0.0,0.0,949.5,0.0
0,29400,VOLCANIC_ROCK_VOUCHER_9500,949.0,12.0,0.0,0.0,0.0,0.0,950,12,0.0,0.0,0.0,0.0,949.5,0.0
0,29500,VOLCANIC_ROCK_VOUCHER_9500,945.0,22.0,0.0,0.0,0.0,0.0,946,22,0.0,0.0,0.0,0.0,945.5,0.0
0,29600,VOLCANIC_ROCK_VOUCHER_9500,940.0,18.0,0.0,0.0,0.0,0.0,941,18,0.0,0.0,0.0,0.0,940.5,0.0
0,29700,VOLCANIC_ROCK_VOUCHER_9500,940.0,19.0,0.0,0.0,0.0,0.0,941,19,0.0,0.0,0.0,0.0,940.5,0.0
0,29800,VOLCANIC_ROCK_VOUCHER_9500,944.0,30.0,0.0,0.0,0.0,0.0,945,18,0.0,0.0,0.0,0.0,944.5,0.0
0,29900,VOLCANIC_ROCK_VOUCHER_9500,943.0,17.0,0.0,0.0,0.0,0.0,944,17,0.0,0.0,0.0,0.0,943.5,0.0
0,30000,VOLCANIC_ROCK_VOUCHER_9500,944.0,4.0,0.0,0.0,0.0,0.0,945,18,0.0,0.0,0.0,0.0,944.5,0.0
0,30100,VOLCANIC_ROCK_VOUCHER_9500,941.0,19.0,0.0,0.0,0.0,0.0,942,19,0.0,0.0,0.0,0.0,941.5,0.0
0,30200,VOLCANIC_ROCK_VOUCHER_9500,933.0,4.0,0.0,0.0,0.0,0.0,935,18,0.0,0.0,0.0,0.0,934.0,0.0
0,30300,VOLCANIC_ROCK_VOUCHER_9500,935.0,14.0,0.0,0.0,0.0,0.0,936,14,0.0,0.0,0.0,0.0,935.5,0.0
0,30400,VOLCANIC_ROCK_VOUCHER_9500,931.0,22.0,0.0,0.0,0.0,0.0,933,22,0.0,0.0,0.0,0.0,932.0,0.0
0,30500,VOLCANIC_ROCK_VOUCHER_9500,0.0,0.0,0.0,0.0,0.0,0.0,932,1,933.0,13.0,0.0,0.0,932.0,0.0
0,30600,VOLCANIC_ROCK_VOUCHER_9500,0.0,0.0,0.0,0.0,0.0,0.0,927,2,928.0,10.0,0.0,0.0,927.0,0.0
0,30700,VOLCANIC_ROCK_VOUCHER_9500,925.0,13.0,0.0,0.0,0.0,0.0,927,13,0.0,0.0,0.0,0.0,926.0,0.0
0,30800,VOLCANIC_ROCK_VOUCHER_9500,925.0,17.0,0.0,0.0,0.0,0.0,926,17,0.0,0.0,0.0,0.0,925.5,0.0
0,30900,VOLCANIC_ROCK_VOUCHER_9500,930.0,18.0,0.0,0.0,0.0,0.0,931,18,0.0,0.0,0.0,0.0,930.5,0.0
0,31000,VOLCANIC_ROCK_VOUCHER_9500,927.0,10.0,0.0,0.0,0.0,0.0,928,10,0.0,0.0,0.0,0.0,927.5,0.0
0,31100,VOLCANIC_ROCK_VOUCHER_9500,927.0,12.0,0.0,0.0,0.0,0.0,928,12,0.0,0.0,0.0,0.0,927.5,0.0
0,31200,VOLCANIC_ROCK_VOUCHER_9500,931.0,15.0,0.0,0.0,0.0,0.0,932,15,0.0,0.0,0.0,0.0,931.5,0.0
0,31300,VOLCANIC_ROCK_VOUCHER_9500,923.0,15.0,0.0,0.0,0.0,0.0,924,15,0.0,0.0,0.0,0.0,923.5,0.0
0,31400,VOLCANIC_ROCK_VOUCHER_9500,925.0,14.0,0.0,0.0,0.0,0.0,927,14,0.0,0.0,0.0,0.0,926.0,0.0
0,31500,VOLCANIC_ROCK_VOUCHER_9500,926.0,11.0,0.0,0.0,0.0,0.0,927,11,0.0,0.0,0.0,0.0,926.5,0.0
0,31600,VOLCANIC_ROCK_VOUCHER_9500,929.0,22.0,0.0,0.0,0.0,0.0,930,22,0.0,0.0,0.0,0.0,929.5,0.0
0,31700,VOLCANIC_ROCK_VOUCHER_9500,930.0,17.0,0.0,0.0,0.0,0.0,931,17,0.0,0.0,0.0,0.0,930.5,0.0
0,31800,VOLCANIC_ROCK_VOUCHER_9500,932.0,10.0,0.0,0.0,0.0,0.0,933,10,0.0,0.0,0.0,0.0,932.5,0.0
0,31900,VOLCANIC_ROCK_VOUCHER_9500,932.0,22.0,0.0,0.0,0.0,0.0,933,22,0.0,0.0,0.0,0.0,932.5,0.0
0,32000,VOLCANIC_ROCK_VOUCHER_9500,933.0,21.0,0.0,0.0,0.0,0.0,934,21,0.0,0.0,0.0,0.0,933.5,0.0
0,32100,VOLCANIC_ROCK_VOUCHER_9500,929.0,16.0,0.0,0.0,0.0,0.0,930,16,0.0,0.0,0.0,0.0,929.5,0.0
0,32200,VOLCANIC_ROCK_VOUCHER_9500,0.0,0.0,0.0,0.0,0.0,0.0,927,7,928.0,12.0,0.0,0.0,927.0,0.0
0,32300,VOLCANIC_ROCK_VOUCHER_9500,928.0,8.0,0.0,0.0,0.0,0.0,929,19,0.0,0.0,0.0,0.0,928.5,0.0
0,32400,VOLCANIC_ROCK_VOUCHER_9500,931.0,18.0,0.0,0.0,0.0,0.0,933,18,0.0,0.0,0.0,0.0,932.0,0.0
0,32500,VOLCANIC_ROCK_VOUCHER_9500,930.0,17.0,0.0,0.0,0.0,0.0,932,17,0.0,0.0,0.0,0.0,931.0,0.0
0,32600,VOLCANIC_ROCK_VOUCHER_9500,937.0,14.0,0.0,0.0,0.0,0.0,938,14,0.0,0.0,0.0,0.0,937.5,0.0
0,32700,VOLCANIC_ROCK_VOUCHER_9500,939.0,13.0,0.0,0.0,0.0,0.0,940,13,0.0,0.0,0.0,0.0,939.5,0.0
0,32800,VOLCANIC_ROCK_VOUCHER_9500,939.0,19.0,0.0,0.0,0.0,0.0,940,19,0.0,0.0,0.0,0.0,939.5,0.0
0,32900,VOLCANIC_ROCK_VOUCHER_9500,940.0,21.0,0.0,0.0,0.0,0.0,942,21,0.0,0.0,0.0,0.0,941.0,0.0
0,33000,VOLCANIC_ROCK_VOUCHER_9500,940.0,17.0,0.0,0.0,0.0,0.0,941,17,0.0,0.0,0.0,0.0,940.5,0.0
0,33100,VOLCANIC_ROCK_VOUCHER_9500,937.0,16.0,0.0,0.0,0.0,0.0,938,16,0.0,0.0,0.0,0.0,937.5,0.0
0,33200,VOLCANIC_ROCK_VOUCHER_9500,935.0,20.0,0.0,0.0,0.0,0.0,936,20,0.0,0.0,0.0,0.0,935.5,0.0
0,33300,VOLCANIC_ROCK_VOUCHER_9500,938.0,16.0,0.0,0.0,0.0,0.0,940,16,0.0,0.0,0.0,0.0,939.0,0.0
0,33400,VOLCANIC_ROCK_VOUCHER_9500,938.0,19.0,0.0,0.0,0.0,0.0,939,19,0.0,0.0,0.0,0.0,938.5,0.0
0,33500,VOLCANIC_ROCK_VOUCHER_9500,936.0,32.0,0.0,0.0,0.0,0.0,937,17,0.0,0.0,0.0,0.0,936.5,0.0
0,33600,VOLCANIC_ROCK_VOUCHER_9500,933.0,18.0,0.0,0.0,0.0,0.0,935,18,0.0,0.0,0.0,0.0,934.0,0.0
0,33700,VOLCANIC_ROCK_VOUCHER_9500,925.0,14.0,0.0,0.0,0.0,0.0,926,14,0.0,0.0,0.0,0.0,925.5,0.0
0,33800,VOLCANIC_ROCK_VOUCHER_9500,934.0,13.0,0.0,0.0,0.0,0.0,935,13,0.0,0.0,0.0,0.0,934.5,0.0
0,33900,VOLCANIC_ROCK_VOUCHER_9500,934.0,13.0,0.0,0.0,0.0,0.0,935,13,0.0,0.0,0.0,0.0,934.5,0.0
0,34000,VOLCANIC_ROCK_VOUCHER_9500,935.0,17.0,0.0,0.0,0.0,0.0,936,17,0.0,0.0,0.0,0.0,935.5,0.0
0,34100,VOLCANIC_ROCK_VOUCHER_9500,935.0,13.0,0.0,0.0,0.0,0.0,936,13,0.0,0.0,0.0,0.0,935.5,0.0
0,34200,VOLCANIC_ROCK_VOUCHER_9500,929.0,13.0,0.0,0.0,0.0,0.0,930,13,0.0,0.0,0.0,0.0,929.5,0.0
0,34300,VOLCANIC_ROCK_VOUCHER_9500,930.0,13.0,0.0,0.0,0.0,0.0,931,13,0.0,0.0,0.0,0.0,930.5,0.0
0,34400,VOLCANIC_ROCK_VOUCHER_9500,928.0,14.0,0.0,0.0,0.0,0.0,929,14,0.0,0.0,0.0,0.0,928.5,0.0
0,34500,VOLCANIC_ROCK_VOUCHER_9500,938.0,12.0,0.0,0.0,0.0,0.0,939,12,0.0,0.0,0.0,0.0,938.5,0.0
0,34600,VOLCANIC_ROCK_VOUCHER_9500,938.0,10.0,0.0,0.0,0.0,0.0,939,10,0.0,0.0,0.0,0.0,938.5,0.0
0,34700,VOLCANIC_ROCK_VOUCHER_9500,935.0,20.0,0.0,0.0,0.0,0.0,936,20,0.0,0.0,0.0,0.0,935.5,0.0
0,34800,VOLCANIC_ROCK_VOUCHER_9500,937.0,18.0,0.0,0.0,0.0,0.0,939,18,0.0,0.0,0.0,0.0,938.0,0.0
0,34900,VOLCANIC_ROCK_VOUCHER_9500,938.0,21.0,0.0,0.0,0.0,0.0,939,21,0.0,0.0,0.0,0.0,938.5,0.0
0,35000,VOLCANIC_ROCK_VOUCHER_9500,937.0,33.0,0.0,0.0,0.0,0.0,938,19,0.0,0.0,0.0,0.0,937.5,0.0
0,35100,VOLCANIC_ROCK_VOUCHER_9500,940.0,11.0,0.0,0.0,0.0,0.0,941,11,0.0,0.0,0.0,0.0,940.5,0.0
0,35200,VOLCANIC_ROCK_VOUCHER_9500,939.0,13.0,0.0,0.0,0.0,0.0,940,13,0.0,0.0,0.0,0.0,939.5,0.0
0,35300,VOLCANIC_ROCK_VOUCHER_9500,942.0,13.0,0.0,0.0,0.0,0.0,944,13,0.0,0.0,0.0,0.0,943.0,0.0
0,35400,VOLCANIC_ROCK_VOUCHER_9500,943.0,17.0,0.0,0.0,0.0,0.0,944,17,0.0,0.0,0.0,0.0,943.5,0.0
0,35500,VOLCANIC_ROCK_VOUCHER_9500,943.0,18.0,0.0,0.0,0.0,0.0,945,18,0.0,0.0,0.0,0.0,944.0,0.0
0,35600,VOLCANIC_ROCK_VOUCHER_9500,950.0,12.0,0.0,0.0,0.0,0.0,951,12,0.0,0.0,0.0,0.0,950.5,0.0
0,35700,VOLCANIC_ROCK_VOUCHER_9500,947.0,13.0,0.0,0.0,0.0,0.0,948,1,949.0,12.0,0.0,0.0,947.5,0.0
0,35800,VOLCANIC_ROCK_VOUCHER_9500,946.0,21.0,0.0,0.0,0.0,0.0,947,21,0.0,0.0,0.0,0.0,946.5,0.0
0,35900,VOLCANIC_ROCK_VOUCHER_9500,942.0,21.0,0.0,0.0,0.0,0.0,943,21,0.0,0.0,0.0,0.0,942.5,0.0
0,36000,VOLCANIC_ROCK_VOUCHER_9500,941.0,17.0,0.0,0.0,0.0,0.0,942,17,0.0,0.0,0.0,0.0,941.5,0.0
0,36100,VOLCANIC_ROCK_VOUCHER_9500,942.0,14.0,0.0,0.0,0.0,0.0,943,14,0.0,0.0,0.0,0.0,942.5,0.0
0,36200,VOLCANIC_ROCK_VOUCHER_9500,943.0,18.0,0.0,0.0,0.0,0.0,944,18,0.0,0.0,0.0,0.0,943.5,0.0
0,36300,VOLCANIC_ROCK_VOUCHER_9500,942.0,14.0,0.0,0.0,0.0,0.0,943,14,0.0,0.0,0.0,0.0,942.5,0.0
0,36400,VOLCANIC_ROCK_VOUCHER_9500,952.0,16.0,0.0,0.0,0.0,0.0,953,16,0.0,0.0,0.0,0.0,952.5,0.0
0,36500,VOLCANIC_ROCK_VOUCHER_9500,945.0,15.0,0.0,0.0,0.0,0.0,946,15,0.0,0.0,0.0,0.0,945.5,0.0
0,36600,VOLCANIC_ROCK_VOUCHER_9500,947.0,14.0,0.0,0.0,0.0,0.0,948,14,0.0,0.0,0.0,0.0,947.5,0.0
0,36700,VOLCANIC_ROCK_VOUCHER_9500,949.0,16.0,0.0,0.0,0.0,0.0,951,16,0.0,0.0,0.0,0.0,950.0,0.0
0,36800,VOLCANIC_ROCK_VOUCHER_9500,946.0,1.0,945.0,17.0,0.0,0.0,947,18,0.0,0.0,0.0,0.0,946.5,0.0
0,36900,VOLCANIC_ROCK_VOUCHER_9500,946.0,14.0,0.0,0.0,0.0,0.0,947,14,0.0,0.0,0.0,0.0,946.5,0.0
0,37000,VOLCANIC_ROCK_VOUCHER_9500,948.0,14.0,0.0,0.0,0.0,0.0,949,14,0.0,0.0,0.0,0.0,948.5,0.0
0,37100,VOLCANIC_ROCK_VOUCHER_9500,955.0,15.0,0.0,0.0,0.0,0.0,956,15,0.0,0.0,0.0,0.0,955.5,0.0
0,37200,VOLCANIC_ROCK_VOUCHER_9500,949.0,10.0,0.0,0.0,0.0,0.0,950,10,0.0,0.0,0.0,0.0,949.5,0.0
0,37300,VOLCANIC_ROCK_VOUCHER_9500,951.0,12.0,0.0,0.0,0.0,0.0,952,12,0.0,0.0,0.0,0.0,951.5,0.0
0,37400,VOLCANIC_ROCK_VOUCHER_9500,956.0,15.0,0.0,0.0,0.0,0.0,957,15,0.0,0.0,0.0,0.0,956.5,0.0
0,37500,VOLCANIC_ROCK_VOUCHER_9500,957.0,12.0,0.0,0.0,0.0,0.0,958,12,0.0,0.0,0.0,0.0,957.5,0.0
0,37600,VOLCANIC_ROCK_VOUCHER_9500,957.0,21.0,0.0,0.0,0.0,0.0,958,21,0.0,0.0,0.0,0.0,957.5,0.0
0,37700,VOLCANIC_ROCK_VOUCHER_9500,957.0,21.0,0.0,0.0,0.0,0.0,958,21,0.0,0.0,0.0,0.0,957.5,0.0
0,37800,VOLCANIC_ROCK_VOUCHER_9500,955.0,22.0,0.0,0.0,0.0,0.0,956,22,0.0,0.0,0.0,0.0,955.5,0.0
0,37900,VOLCANIC_ROCK_VOUCHER_9500,951.0,12.0,0.0,0.0,0.0,0.0,953,12,0.0,0.0,0.0,0.0,952.0,0.0
0,38000,VOLCANIC_ROCK_VOUCHER_9500,950.0,15.0,0.0,0.0,0.0,0.0,951,15,0.0,0.0,0.0,0.0,950.5,0.0
0,38100,VOLCANIC_ROCK_VOUCHER_9500,948.0,20.0,0.0,0.0,0.0,0.0,949,20,0.0,0.0,0.0,0.0,948.5,0.0
0,38200,VOLCANIC_ROCK_VOUCHER_9500,945.0,20.0,0.0,0.0,0.0,0.0,946,20,0.0,0.0,0.0,0.0,945.5,0.0
0,38300,VOLCANIC_ROCK_VOUCHER_9500,951.0,20.0,0.0,0.0,0.0,0.0,952,20,0.0,0.0,0.0,0.0,951.5,0.0
0,38400,VOLCANIC_ROCK_VOUCHER_9500,952.0,10.0,0.0,0.0,0.0,0.0,953,10,0.0,0.0,0.0,0.0,952.5,0.0
0,38500,VOLCANIC_ROCK_VOUCHER_9500,953.0,19.0,0.0,0.0,0.0,0.0,954,19,0.0,0.0,0.0,0.0,953.5,0.0
0,38600,VOLCANIC_ROCK_VOUCHER_9500,947.0,13.0,0.0,0.0,0.0,0.0,948,13,0.0,0.0,0.0,0.0,947.5,0.0
0,38700,VOLCANIC_ROCK_VOUCHER_9500,947.0,36.0,0.0,0.0,0.0,0.0,948,21,0.0,0.0,0.0,0.0,947.5,0.0
0,38800,VOLCANIC_ROCK_VOUCHER_9500,946.0,14.0,0.0,0.0,0.0,0.0,947,14,0.0,0.0,0.0,0.0,946.5,0.0
0,38900,VOLCANIC_ROCK_VOUCHER_9500,944.0,21.0,0.0,0.0,0.0,0.0,946,21,0.0,0.0,0.0,0.0,945.0,0.0
0,39000,VOLCANIC_ROCK_VOUCHER_9500,941.0,10.0,0.0,0.0,0.0,0.0,943,10,0.0,0.0,0.0,0.0,942.0,0.0
0,39100,VOLCANIC_ROCK_VOUCHER_9500,946.0,20.0,0.0,0.0,0.0,0.0,947,20,0.0,0.0,0.0,0.0,946.5,0.0
0,39200,VOLCANIC_ROCK_VOUCHER_9500,952.0,19.0,0.0,0.0,0.0,0.0,954,19,0.0,0.0,0.0,0.0,953.0,0.0
0,39300,VOLCANIC_ROCK_VOUCHER_9500,957.0,16.0,956.0,14.0,0.0,0.0,958,14,0.0,0.0,0.0,0.0,957.5,0.0
0,39400,VOLCANIC_ROCK_VOUCHER_9500,955.0,34.0,0.0,0.0,0.0,0.0,956,18,0.0,0.0,0.0,0.0,955.5,0.0
0,39500,VOLCANIC_ROCK_VOUCHER_9500,954.0,13.0,0.0,0.0,0.0,0.0,955,13,0.0,0.0,0.0,0.0,954.5,0.0
0,39600,VOLCANIC_ROCK_VOUCHER_9500,953.0,26.0,0.0,0.0,0.0,0.0,954,11,0.0,0.0,0.0,0.0,953.5,0.0
0,39700,VOLCANIC_ROCK_VOUCHER_9500,953.0,10.0,0.0,0.0,0.0,0.0,955,10,0.0,0.0,0.0,0.0,954.0,0.0
0,39800,VOLCANIC_ROCK_VOUCHER_9500,948.0,12.0,0.0,0.0,0.0,0.0,949,12,0.0,0.0,0.0,0.0,948.5,0.0
0,39900,VOLCANIC_ROCK_VOUCHER_9500,950.0,22.0,0.0,0.0,0.0,0.0,952,22,0.0,0.0,0.0,0.0,951.0,0.0
0,40000,VOLCANIC_ROCK_VOUCHER_9500,949.0,28.0,0.0,0.0,0.0,0.0,950,14,0.0,0.0,0.0,0.0,949.5,0.0
0,40100,VOLCANIC_ROCK_VOUCHER_9500,948.0,16.0,0.0,0.0,0.0,0.0,949,16,0.0,0.0,0.0,0.0,948.5,0.0
0,40200,VOLCANIC_ROCK_VOUCHER_9500,948.0,3.0,0.0,0.0,0.0,0.0,949,15,0.0,0.0,0.0,0.0,948.5,0.0
0,40300,VOLCANIC_ROCK_VOUCHER_9500,944.0,17.0,0.0,0.0,0.0,0.0,946,17,0.0,0.0,0.0,0.0,945.0,0.0
0,40400,VOLCANIC_ROCK_VOUCHER_9500,945.0,16.0,0.0,0.0,0.0,0.0,946,16,0.0,0.0,0.0,0.0,945.5,0.0
0,40500,VOLCANIC_ROCK_VOUCHER_9500,941.0,17.0,0.0,0.0,0.0,0.0,942,17,0.0,0.0,0.0,0.0,941.5,0.0
0,40600,VOLCANIC_ROCK_VOUCHER_9500,937.0,10.0,0.0,0.0,0.0,0.0,938,21,0.0,0.0,0.0,0.0,937.5,0.0
0,40700,VOLCANIC_ROCK_VOUCHER_9500,937.0,21.0,0.0,0.0,0.0,0.0,938,21,0.0,0.0,0.0,0.0,937.5,0.0
0,40800,VOLCANIC_ROCK_VOUCHER_9500,935.0,15.0,0.0,0.0,0.0,0.0,936,15,0.0,0.0,0.0,0.0,935.5,0.0
0,40900,VOLCANIC_ROCK_VOUCHER_9500,0.0,0.0,0.0,0.0,0.0,0.0,934,3,935.0,13.0,0.0,0.0,934.0,0.0
0,41000,VOLCANIC_ROCK_VOUCHER_9500,937.0,18.0,0.0,0.0,0.0,0.0,938,18,0.0,0.0,0.0,0.0,937.5,0.0
0,41100,VOLCANIC_ROCK_VOUCHER_9500,0.0,0.0,0.0,0.0,0.0,0.0,931,1,932.0,19.0,0.0,0.0,931.0,0.0
0,41200,VOLCANIC_ROCK_VOUCHER_9500,931.0,14.0,0.0,0.0,0.0,0.0,932,14,0.0,0.0,0.0,0.0,931.5,0.0
0,41300,VOLCANIC_ROCK_VOUCHER_9500,930.0,12.0,0.0,0.0,0.0,0.0,931,12,0.0,0.0,0.0,0.0,930.5,0.0
0,41400,VOLCANIC_ROCK_VOUCHER_9500,0.0,0.0,0.0,0.0,0.0,0.0,935,4,937.0,15.0,0.0,0.0,935.0,0.0
0,41500,VOLCANIC_ROCK_VOUCHER_9500,937.0,16.0,0.0,0.0,0.0,0.0,938,16,0.0,0.0,0.0,0.0,937.5,0.0
0,41600,VOLCANIC_ROCK_VOUCHER_9500,931.0,15.0,0.0,0.0,0.0,0.0,933,15,0.0,0.0,0.0,0.0,932.0,0.0
0,41700,VOLCANIC_ROCK_VOUCHER_9500,933.0,3.0,0.0,0.0,0.0,0.0,934,15,0.0,0.0,0.0,0.0,933.5,0.0
0,41800,VOLCANIC_ROCK_VOUCHER_9500,931.0,17.0,0.0,0.0,0.0,0.0,932,17,0.0,0.0,0.0,0.0,931.5,0.0
0,41900,VOLCANIC_ROCK_VOUCHER_9500,925.0,16.0,0.0,0.0,0.0,0.0,926,16,0.0,0.0,0.0,0.0,925.5,0.0
0,42000,VOLCANIC_ROCK_VOUCHER_9500,928.0,12.0,0.0,0.0,0.0,0.0,929,16,930.0,14.0,0.0,0.0,928.5,0.0
0,42100,VOLCANIC_ROCK_VOUCHER_9500,923.0,14.0,0.0,0.0,0.0,0.0,924,14,0.0,0.0,0.0,0.0,923.5,0.0
0,42200,VOLCANIC_ROCK_VOUCHER_9500,921.0,23.0,0.0,0.0,0.0,0.0,923,10,0.0,0.0,0.0,0.0,922.0,0.0
0,42300,VOLCANIC_ROCK_VOUCHER_9500,924.0,19.0,0.0,0.0,0.0,0.0,925,19,0.0,0.0,0.0,0.0,924.5,0.0
0,42400,VOLCANIC_ROCK_VOUCHER_9500,924.0,3.0,0.0,0.0,0.0,0.0,925,15,0.0,0.0,0.0,0.0,924.5,0.0
0,42500,VOLCANIC_ROCK_VOUCHER_9500,925.0,12.0,0.0,0.0,0.0,0.0,926,12,0.0,0.0,0.0,0.0,925.5,0.0
0,42600,VOLCANIC_ROCK_VOUCHER_9500,919.0,12.0,0.0,0.0,0.0,0.0,920,12,0.0,0.0,0.0,0.0,919.5,0.0
0,42700,VOLCANIC_ROCK_VOUCHER_9500,914.0,12.0,0.0,0.0,0.0,0.0,915,2,916.0,10.0,0.0,0.0,914.5,0.0
0,42800,VOLCANIC_ROCK_VOUCHER_9500,913.0,13.0,0.0,0.0,0.0,0.0,914,13,0.0,0.0,0.0,0.0,913.5,0.0
0,42900,VOLCANIC_ROCK_VOUCHER_9500,914.0,19.0,0.0,0.0,0.0,0.0,915,19,0.0,0.0,0.0,0.0,914.5,0.0
0,43000,VOLCANIC_ROCK_VOUCHER_9500,914.0,16.0,0.0,0.0,0.0,0.0,915,16,0.0,0.0,0.0,0.0,914.5,0.0
0,43100,VOLCANIC_ROCK_VOUCHER_9500,914.0,15.0,0.0,0.0,0.0,0.0,915,15,0.0,0.0,0.0,0.0,914.5,0.0
0,43200,VOLCANIC_ROCK_VOUCHER_9500,916.0,14.0,0.0,0.0,0.0,0.0,917,14,0.0,0.0,0.0,0.0,916.5,0.0
0,43300,VOLCANIC_ROCK_VOUCHER_9500,918.0,17.0,0.0,0.0,0.0,0.0,919,17,0.0,0.0,0.0,0.0,918.5,0.0
0,43400,VOLCANIC_ROCK_VOUCHER_9500,915.0,12.0,0.0,0.0,0.0,0.0,917,12,0.0,0.0,0.0,0.0,916.0,0.0
0,43500,VOLCANIC_ROCK_VOUCHER_9500,916.0,15.0,0.0,0.0,0.0,0.0,917,15,0.0,0.0,0.0,0.0,916.5,0.0
0,43600,VOLCANIC_ROCK_VOUCHER_9500,917.0,10.0,0.0,0.0,0.0,0.0,919,10,0.0,0.0,0.0,0.0,918.0,0.0
0,43700,VOLCANIC_ROCK_VOUCHER_9500,919.0,15.0,0.0,0.0,0.0,0.0,920,15,0.0,0.0,0.0,0.0,919.5,0.0
0,43800,VOLCANIC_ROCK_VOUCHER_9500,917.0,18.0,0.0,0.0,0.0,0.0,918,18,0.0,0.0,0.0,0.0,917.5,0.0
0,43900,VOLCANIC_ROCK_VOUCHER_9500,919.0,14.0,0.0,0.0,0.0,0.0,920,14,0.0,0.0,0.0,0.0,919.5,0.0
0,44000,VOLCANIC_ROCK_VOUCHER_9500,924.0,16.0,0.0,0.0,0.0,0.0,925,16,0.0,0.0,0.0,0.0,924.5,0.0
0,44100,VOLCANIC_ROCK_VOUCHER_9500,919.0,22.0,0.0,0.0,0.0,0.0,920,22,0.0,0.0,0.0,0.0,919.5,0.0
0,44200,VOLCANIC_ROCK_VOUCHER_9500,913.0,13.0,0.0,0.0,0.0,0.0,914,13,0.0,0.0,0.0,0.0,913.5,0.0
0,44300,VOLCANIC_ROCK_VOUCHER_9500,918.0,11.0,0.0,0.0,0.0,0.0,919,11,0.0,0.0,0.0,0.0,918.5,0.0
0,44400,VOLCANIC_ROCK_VOUCHER_9500,919.0,20.0,0.0,0.0,0.0,0.0,920,20,0.0,0.0,0.0,0.0,919.5,0.0
0,44500,VOLCANIC_ROCK_VOUCHER_9500,925.0,12.0,0.0,0.0,0.0,0.0,926,12,0.0,0.0,0.0,0.0,925.5,0.0
0,44600,VOLCANIC_ROCK_VOUCHER_9500,924.0,12.0,0.0,0.0,0.0,0.0,925,12,0.0,0.0,0.0,0.0,924.5,0.0
0,44700,VOLCANIC_ROCK_VOUCHER_9500,921.0,21.0,0.0,0.0,0.0,0.0,922,21,0.0,0.0,0.0,0.0,921.5,0.0
0,44800,VOLCANIC_ROCK_VOUCHER_9500,920.0,18.0,0.0,0.0,0.0,0.0,921,18,0.0,0.0,0.0,0.0,920.5,0.0
0,44900,VOLCANIC_ROCK_VOUCHER_9500,920.0,14.0,0.0,0.0,0.0,0.0,921,14,0.0,0.0,0.0,0.0,920.5,0.0
0,45000,VOLCANIC_ROCK_VOUCHER_9500,918.0,19.0,0.0,0.0,0.0,0.0,919,19,0.0,0.0,0.0,0.0,918.5,0.0
0,45100,VOLCANIC_ROCK_VOUCHER_9500,917.0,22.0,0.0,0.0,0.0,0.0,918,22,0.0,0.0,0.0,0.0,917.5,0.0
0,45200,VOLCANIC_ROCK_VOUCHER_9500,924.0,19.0,0.0,0.0,0.0,0.0,925,19,0.0,0.0,0.0,0.0,924.5,0.0
0,45300,VOLCANIC_ROCK_VOUCHER_9500,923.0,11.0,0.0,0.0,0.0,0.0,924,11,0.0,0.0,0.0,0.0,923.5,0.0
0,45400,VOLCANIC_ROCK_VOUCHER_9500,917.0,21.0,0.0,0.0,0.0,0.0,918,21,0.0,0.0,0.0,0.0,917.5,0.0
0,45500,VOLCANIC_ROCK_VOUCHER_9500,919.0,16.0,0.0,0.0,0.0,0.0,920,16,0.0,0.0,0.0,0.0,919.5,0.0
0,45600,VOLCANIC_ROCK_VOUCHER_9500,922.0,18.0,0.0,0.0,0.0,0.0,923,18,0.0,0.0,0.0,0.0,922.5,0.0
0,45700,VOLCANIC_ROCK_VOUCHER_9500,917.0,20.0,0.0,0.0,0.0,0.0,919,20,0.0,0.0,0.0,0.0,918.0,0.0
0,45800,VOLCANIC_ROCK_VOUCHER_9500,920.0,13.0,0.0,0.0,0.0,0.0,921,13,0.0,0.0,0.0,0.0,920.5,0.0
0,45900,VOLCANIC_ROCK_VOUCHER_9500,919.0,15.0,0.0,0.0,0.0,0.0,920,15,0.0,0.0,0.0,0.0,919.5,0.0
0,46000,VOLCANIC_ROCK_VOUCHER_9500,917.0,20.0,0.0,0.0,0.0,0.0,918,20,0.0,0.0,0.0,0.0,917.5,0.0
0,46100,VOLCANIC_ROCK_VOUCHER_9500,920.0,15.0,0.0,0.0,0.0,0.0,921,16,922.0,15.0,0.0,0.0,920.5,0.0
0,46200,VOLCANIC_ROCK_VOUCHER_9500,917.0,16.0,0.0,0.0,0.0,0.0,918,16,0.0,0.0,0.0,0.0,917.5,0.0
0,46300,VOLCANIC_ROCK_VOUCHER_9500,919.0,19.0,0.0,0.0,0.0,0.0,920,19,0.0,0.0,0.0,0.0,919.5,0.0
0,46400,VOLCANIC_ROCK_VOUCHER_9500,921.0,14.0,0.0,0.0,0.0,0.0,922,14,0.0,0.0,0.0,0.0,921.5,0.0
0,46500,VOLCANIC_ROCK_VOUCHER_9500,923.0,14.0,0.0,0.0,0.0,0.0,924,14,0.0,0.0,0.0,0.0,923.5,0.0
0,46600,VOLCANIC_ROCK_VOUCHER_9500,933.0,18.0,0.0,0.0,0.0,0.0,934,18,0.0,0.0,0.0,0.0,933.5,0.0
0,46700,VOLCANIC_ROCK_VOUCHER_9500,930.0,1.0,0.0,0.0,0.0,0.0,931,17,0.0,0.0,0.0,0.0,930.5,0.0
0,46800,VOLCANIC_ROCK_VOUCHER_9500,926.0,21.0,0.0,0.0,0.0,0.0,927,21,0.0,0.0,0.0,0.0,926.5,0.0
0,46900,VOLCANIC_ROCK_VOUCHER_9500,920.0,18.0,0.0,0.0,0.0,0.0,921,18,0.0,0.0,0.0,0.0,920.5,0.0
0,47000,VOLCANIC_ROCK_VOUCHER_9500,919.0,18.0,0.0,0.0,0.0,0.0,920,18,0.0,0.0,0.0,0.0,919.5,0.0
0,47100,VOLCANIC_ROCK_VOUCHER_9500,918.0,18.0,0.0,0.0,0.0,0.0,919,18,0.0,0.0,0.0,0.0,918.5,0.0
0,47200,VOLCANIC_ROCK_VOUCHER_9500,918.0,19.0,0.0,0.0,0.0,0.0,919,19,0.0,0.0,0.0,0.0,918.5,0.0
0,47300,VOLCANIC_ROCK_VOUCHER_9500,916.0,11.0,0.0,0.0,0.0,0.0,918,11,0.0,0.0,0.0,0.0,917.0,0.0
0,47400,VOLCANIC_ROCK_VOUCHER_9500,918.0,15.0,0.0,0.0,0.0,0.0,919,15,0.0,0.0,0.0,0.0,918.5,0.0
0,47500,VOLCANIC_ROCK_VOUCHER_9500,917.0,19.0,0.0,0.0,0.0,0.0,918,19,0.0,0.0,0.0,0.0,917.5,0.0
0,47600,VOLCANIC_ROCK_VOUCHER_9500,913.0,15.0,0.0,0.0,0.0,0.0,915,15,0.0,0.0,0.0,0.0,914.0,0.0
0,47700,VOLCANIC_ROCK_VOUCHER_9500,916.0,15.0,0.0,0.0,0.0,0.0,917,15,0.0,0.0,0.0,0.0,916.5,0.0
0,47800,VOLCANIC_ROCK_VOUCHER_9500,914.0,11.0,0.0,0.0,0.0,0.0,915,11,0.0,0.0,0.0,0.0,914.5,0.0
0,47900,VOLCANIC_ROCK_VOUCHER_9500,911.0,11.0,0.0,0.0,0.0,0.0,912,11,0.0,0.0,0.0,0.0,911.5,0.0
0,48000,VOLCANIC_ROCK_VOUCHER_9500,912.0,20.0,0.0,0.0,0.0,0.0,913,20,0.0,0.0,0.0,0.0,912.5,0.0
0,48100,VOLCANIC_ROCK_VOUCHER_9500,901.0,12.0,0.0,0.0,0.0,0.0,903,12,0.0,0.0,0.0,0.0,902.0,0.0
0,48200,VOLCANIC_ROCK_VOUCHER_9500,900.0,18.0,0.0,0.0,0.0,0.0,901,18,0.0,0.0,0.0,0.0,900.5,0.0
0,48300,VOLCANIC_ROCK_VOUCHER_9500,0.0,0.0,0.0,0.0,0.0,0.0,906,5,907.0,15.0,0.0,0.0,906.0,0.0
0,48400,VOLCANIC_ROCK_VOUCHER_9500,908.0,10.0,0.0,0.0,0.0,0.0,909,10,0.0,0.0,0.0,0.0,908.5,0.0
0,48500,VOLCANIC_ROCK_VOUCHER_9500,907.0,16.0,0.0,0.0,0.0,0.0,908,16,0.0,0.0,0.0,0.0,907.5,0.0
0,48600,VOLCANIC_ROCK_VOUCHER_9500,904.0,14.0,0.0,0.0,0.0,0.0,905,16,906.0,14.0,0.0,0.0,904.5,0.0
0,48700,VOLCANIC_ROCK_VOUCHER_9500,902.0,11.0,0.0,0.0,0.0,0.0,903,11,0.0,0.0,0.0,0.0,902.5,0.0
0,48800,VOLCANIC_ROCK_VOUCHER_9500,897.0,12.0,0.0,0.0,0.0,0.0,898,12,0.0,0.0,0.0,0.0,897.5,0.0
0,48900,VOLCANIC_ROCK_VOUCHER_9500,894.0,15.0,0.0,0.0,0.0,0.0,895,15,0.0,0.0,0.0,0.0,894.5,0.0
0,49000,VOLCANIC_ROCK_VOUCHER_9500,892.0,11.0,0.0,0.0,0.0,0.0,893,11,0.0,0.0,0.0,0.0,892.5,0.0
0,49100,VOLCANIC_ROCK_VOUCHER_9500,887.0,15.0,0.0,0.0,0.0,0.0,888,15,0.0,0.0,0.0,0.0,887.5,0.0
0,49200,VOLCANIC_ROCK_VOUCHER_9500,899.0,18.0,0.0,0.0,0.0,0.0,900,18,0.0,0.0,0.0,0.0,899.5,0.0
0,49300,VOLCANIC_ROCK_VOUCHER_9500,900.0,16.0,0.0,0.0,0.0,0.0,901,16,0.0,0.0,0.0,0.0,900.5,0.0
0,49400,VOLCANIC_ROCK_VOUCHER_9500,896.0,14.0,0.0,0.0,0.0,0.0,897,14,0.0,0.0,0.0,0.0,896.5,0.0
0,49500,VOLCANIC_ROCK_VOUCHER_9500,893.0,10.0,0.0,0.0,0.0,0.0,894,10,0.0,0.0,0.0,0.0,893.5,0.0
0,49600,VOLCANIC_ROCK_VOUCHER_9500,891.0,20.0,0.0,0.0,0.0,0.0,893,20,0.0,0.0,0.0,0.0,892.0,0.0
0,49700,VOLCANIC_ROCK_VOUCHER_9500,891.0,18.0,0.0,0.0,0.0,0.0,892,18,0.0,0.0,0.0,0.0,891.5,0.0
0,49800,VOLCANIC_ROCK_VOUCHER_9500,881.0,18.0,0.0,0.0,0.0,0.0,883,18,0.0,0.0,0.0,0.0,882.0,0.0
0,49900,VOLCANIC_ROCK_VOUCHER_9500,890.0,15.0,0.0,0.0,0.0,0.0,892,15,0.0,0.0,0.0,0.0,891.0,0.0
0,50000,VOLCANIC_ROCK_VOUCHER_9500,888.0,13.0,0.0,0.0,0.0,0.0,889,13,0.0,0.0,0.0,0.0,888.5,0.0
0,50100,VOLCANIC_ROCK_VOUCHER_9500,884.0,21.0,0.0,0.0,0.0,0.0,885,21,0.0,0.0,0.0,0.0,884.5,0.0
0,50200,VOLCANIC_ROCK_VOUCHER_9500,882.0,12.0,0.0,0.0,0.0,0.0,883,12,0.0,0.0,0.0,0.0,882.5,0.0
0,50300,VOLCANIC_ROCK_VOUCHER_9500,881.0,13.0,0.0,0.0,0.0,0.0,882,13,0.0,0.0,0.0,0.0,881.5,0.0
0,50400,VOLCANIC_ROCK_VOUCHER_9500,886.0,33.0,0.0,0.0,0.0,0.0,887,17,0.0,0.0,0.0,0.0,886.5,0.0
0,50500,VOLCANIC_ROCK_VOUCHER_9500,889.0,20.0,0.0,0.0,0.0,0.0,890,20,0.0,0.0,0.0,0.0,889.5,0.0
0,50600,VOLCANIC_ROCK_VOUCHER_9500,885.0,13.0,0.0,0.0,0.0,0.0,886,13,0.0,0.0,0.0,0.0,885.5,0.0
0,50700,VOLCANIC_ROCK_VOUCHER_9500,891.0,15.0,0.0,0.0,0.0,0.0,892,15,0.0,0.0,0.0,0.0,891.5,0.0
0,50800,VOLCANIC_ROCK_VOUCHER_9500,902.0,16.0,0.0,0.0,0.0,0.0,904,16,0.0,0.0,0.0,0.0,903.0,0.0
0,50900,VOLCANIC_ROCK_VOUCHER_9500,901.0,21.0,0.0,0.0,0.0,0.0,902,21,0.0,0.0,0.0,0.0,901.5,0.0
0,51000,VOLCANIC_ROCK_VOUCHER_9500,902.0,21.0,0.0,0.0,0.0,0.0,903,21,0.0,0.0,0.0,0.0,902.5,0.0
0,51100,VOLCANIC_ROCK_VOUCHER_9500,906.0,19.0,0.0,0.0,0.0,0.0,907,19,0.0,0.0,0.0,0.0,906.5,0.0
0,51200,VOLCANIC_ROCK_VOUCHER_9500,915.0,19.0,0.0,0.0,0.0,0.0,916,19,0.0,0.0,0.0,0.0,915.5,0.0
0,51300,VOLCANIC_ROCK_VOUCHER_9500,911.0,21.0,0.0,0.0,0.0,0.0,913,21,0.0,0.0,0.0,0.0,912.0,0.0
0,51400,VOLCANIC_ROCK_VOUCHER_9500,912.0,17.0,0.0,0.0,0.0,0.0,913,17,0.0,0.0,0.0,0.0,912.5,0.0
0,51500,VOLCANIC_ROCK_VOUCHER_9500,904.0,2.0,903.0,13.0,0.0,0.0,905,15,0.0,0.0,0.0,0.0,904.5,0.0
0,51600,VOLCANIC_ROCK_VOUCHER_9500,905.0,20.0,0.0,0.0,0.0,0.0,906,20,0.0,0.0,0.0,0.0,905.5,0.0
0,51700,VOLCANIC_ROCK_VOUCHER_9500,913.0,1.0,0.0,0.0,0.0,0.0,914,19,0.0,0.0,0.0,0.0,913.5,0.0
0,51800,VOLCANIC_ROCK_VOUCHER_9500,917.0,31.0,0.0,0.0,0.0,0.0,918,17,0.0,0.0,0.0,0.0,917.5,0.0
0,51900,VOLCANIC_ROCK_VOUCHER_9500,914.0,13.0,0.0,0.0,0.0,0.0,916,13,0.0,0.0,0.0,0.0,915.0,0.0
0,52000,VOLCANIC_ROCK_VOUCHER_9500,908.0,21.0,0.0,0.0,0.0,0.0,909,21,0.0,0.0,0.0,0.0,908.5,0.0
0,52100,VOLCANIC_ROCK_VOUCHER_9500,915.0,14.0,0.0,0.0,0.0,0.0,916,14,0.0,0.0,0.0,0.0,915.5,0.0
0,52200,VOLCANIC_ROCK_VOUCHER_9500,917.0,11.0,0.0,0.0,0.0,0.0,919,11,0.0,0.0,0.0,0.0,918.0,0.0
0,52300,VOLCANIC_ROCK_VOUCHER_9500,914.0,16.0,0.0,0.0,0.0,0.0,915,16,0.0,0.0,0.0,0.0,914.5,0.0
0,52400,VOLCANIC_ROCK_VOUCHER_9500,903.0,13.0,0.0,0.0,0.0,0.0,904,13,0.0,0.0,0.0,0.0,903.5,0.0
0,52500,VOLCANIC_ROCK_VOUCHER_9500,906.0,21.0,0.0,0.0,0.0,0.0,908,21,0.0,0.0,0.0,0.0,907.0,0.0
0,52600,VOLCANIC_ROCK_VOUCHER_9500,907.0,19.0,0.0,0.0,0.0,0.0,908,19,0.0,0.0,0.0,0.0,907.5,0.0
0,52700,VOLCANIC_ROCK_VOUCHER_9500,906.0,12.0,0.0,0.0,0.0,0.0,907,12,0.0,0.0,0.0,0.0,906.5,0.0
0,52800,VOLCANIC_ROCK_VOUCHER_9500,908.0,12.0,0.0,0.0,0.0,0.0,909,12,0.0,0.0,0.0,0.0,908.5,0.0
0,52900,VOLCANIC_ROCK_VOUCHER_9500,902.0,15.0,0.0,0.0,0.0,0.0,903,15,0.0,0.0,0.0,0.0,902.5,0.0
0,53000,VOLCANIC_ROCK_VOUCHER_9500,898.0,18.0,0.0,0.0,0.0,0.0,899,18,0.0,0.0,0.0,0.0,898.5,0.0
0,53100,VOLCANIC_ROCK_VOUCHER_9500,896.0,15.0,0.0,0.0,0.0,0.0,897,15,0.0,0.0,0.0,0.0,896.5,0.0
0,53200,VOLCANIC_ROCK_VOUCHER_9500,895.0,17.0,0.0,0.0,0.0,0.0,896,17,0.0,0.0,0.0,0.0,895.5,0.0
0,53300,VOLCANIC_ROCK_VOUCHER_9500,894.0,1.0,893.0,10.0,0.0,0.0,895,11,0.0,0.0,0.0,0.0,894.5,0.0
0,53400,VOLCANIC_ROCK_VOUCHER_9500,892.0,18.0,0.0,0.0,0.0,0.0,893,18,0.0,0.0,0.0,0.0,892.5,0.0
0,53500,VOLCANIC_ROCK_VOUCHER_9500,891.0,14.0,0.0,0.0,0.0,0.0,893,14,0.0,0.0,0.0,0.0,892.0,0.0
0,53600,VOLCANIC_ROCK_VOUCHER_9500,887.0,13.0,0.0,0.0,0.0,0.0,888,13,0.0,0.0,0.0,0.0,887.5,0.0
0,53700,VOLCANIC_ROCK_VOUCHER_9500,889.0,21.0,0.0,0.0,0.0,0.0,890,21,0.0,0.0,0.0,0.0,889.5,0.0
0,53800,VOLCANIC_ROCK_VOUCHER_9500,896.0,13.0,0.0,0.0,0.0,0.0,898,13,0.0,0.0,0.0,0.0,897.0,0.0
0,53900,VOLCANIC_ROCK_VOUCHER_9500,896.0,17.0,0.0,0.0,0.0,0.0,897,17,0.0,0.0,0.0,0.0,896.5,0.0
0,54000,VOLCANIC_ROCK_VOUCHER_9500,896.0,15.0,0.0,0.0,0.0,0.0,897,15,0.0,0.0,0.0,0.0,896.5,0.0
0,54100,VOLCANIC_ROCK_VOUCHER_9500,896.0,23.0,0.0,0.0,0.0,0.0,897,11,0.0,0.0,0.0,0.0,896.5,0.0
0,54200,VOLCANIC_ROCK_VOUCHER_9500,896.0,13.0,0.0,0.0,0.0,0.0,897,13,0.0,0.0,0.0,0.0,896.5,0.0
0,54300,VOLCANIC_ROCK_VOUCHER_9500,906.0,15.0,0.0,0.0,0.0,0.0,907,15,0.0,0.0,0.0,0.0,906.5,0.0
0,54400,VOLCANIC_ROCK_VOUCHER_9500,906.0,17.0,0.0,0.0,0.0,0.0,907,17,0.0,0.0,0.0,0.0,906.5,0.0
0,54500,VOLCANIC_ROCK_VOUCHER_9500,906.0,4.0,0.0,0.0,0.0,0.0,907,15,0.0,0.0,0.0,0.0,906.5,0.0
0,54600,VOLCANIC_ROCK_VOUCHER_9500,904.0,14.0,0.0,0.0,0.0,0.0,905,14,0.0,0.0,0.0,0.0,904.5,0.0
0,54700,VOLCANIC_ROCK_VOUCHER_9500,897.0,17.0,0.0,0.0,0.0,0.0,898,17,0.0,0.0,0.0,0.0,897.5,0.0
0,54800,VOLCANIC_ROCK_VOUCHER_9500,895.0,26.0,0.0,0.0,0.0,0.0,896,14,0.0,0.0,0.0,0.0,895.5,0.0
0,54900,VOLCANIC_ROCK_VOUCHER_9500,893.0,12.0,0.0,0.0,0.0,0.0,894,12,0.0,0.0,0.0,0.0,893.5,0.0
0,55000,VOLCANIC_ROCK_VOUCHER_9500,893.0,13.0,0.0,0.0,0.0,0.0,894,13,0.0,0.0,0.0,0.0,893.5,0.0
0,55100,VOLCANIC_ROCK_VOUCHER_9500,892.0,20.0,0.0,0.0,0.0,0.0,893,20,0.0,0.0,0.0,0.0,892.5,0.0
0,55200,VOLCANIC_ROCK_VOUCHER_9500,891.0,12.0,0.0,0.0,0.0,0.0,892,12,0.0,0.0,0.0,0.0,891.5,0.0
0,55300,VOLCANIC_ROCK_VOUCHER_9500,887.0,16.0,0.0,0.0,0.0,0.0,888,16,0.0,0.0,0.0,0.0,887.5,0.0
0,55400,VOLCANIC_ROCK_VOUCHER_9500,888.0,20.0,0.0,0.0,0.0,0.0,889,20,0.0,0.0,0.0,0.0,888.5,0.0
0,55500,VOLCANIC_ROCK_VOUCHER_9500,894.0,15.0,0.0,0.0,0.0,0.0,895,15,0.0,0.0,0.0,0.0,894.5,0.0
0,55600,VOLCANIC_ROCK_VOUCHER_9500,891.0,17.0,0.0,0.0,0.0,0.0,892,17,0.0,0.0,0.0,0.0,891.5,0.0
0,55700,VOLCANIC_ROCK_VOUCHER_9500,891.0,20.0,0.0,0.0,0.0,0.0,892,20,0.0,0.0,0.0,0.0,891.5,0.0
0,55800,VOLCANIC_ROCK_VOUCHER_9500,889.0,18.0,0.0,0.0,0.0,0.0,890,18,0.0,0.0,0.0,0.0,889.5,0.0
0,55900,VOLCANIC_ROCK_VOUCHER_9500,884.0,13.0,0.0,0.0,0.0,0.0,885,13,0.0,0.0,0.0,0.0,884.5,0.0
0,56000,VOLCANIC_ROCK_VOUCHER_9500,886.0,16.0,0.0,0.0,0.0,0.0,888,16,0.0,0.0,0.0,0.0,887.0,0.0
0,56100,VOLCANIC_ROCK_VOUCHER_9500,888.0,15.0,0.0,0.0,0.0,0.0,889,15,0.0,0.0,0.0,0.0,888.5,0.0
0,56200,VOLCANIC_ROCK_VOUCHER_9500,882.0,18.0,0.0,0.0,0.0,0.0,883,18,0.0,0.0,0.0,0.0,882.5,0.0
0,56300,VOLCANIC_ROCK_VOUCHER_9500,882.0,20.0,0.0,0.0,0.0,0.0,884,20,0.0,0.0,0.0,0.0,883.0,0.0
0,56400,VOLCANIC_ROCK_VOUCHER_9500,885.0,18.0,0.0,0.0,0.0,0.0,886,18,0.0,0.0,0.0,0.0,885.5,0.0
0,56500,VOLCANIC_ROCK_VOUCHER_9500,888.0,16.0,0.0,0.0,0.0,0.0,889,16,0.0,0.0,0.0,0.0,888.5,0.0
0,56600,VOLCANIC_ROCK_VOUCHER_9500,881.0,31.0,0.0,0.0,0.0,0.0,882,17,0.0,0.0,0.0,0.0,881.5,0.0
0,56700,VOLCANIC_ROCK_VOUCHER_9500,877.0,15.0,0.0,0.0,0.0,0.0,878,15,0.0,0.0,0.0,0.0,877.5,0.0
0,56800,VOLCANIC_ROCK_VOUCHER_9500,872.0,14.0,0.0,0.0,0.0,0.0,873,14,0.0,0.0,0.0,0.0,872.5,0.0
0,56900,VOLCANIC_ROCK_VOUCHER_9500,872.0,14.0,0.0,0.0,0.0,0.0,873,14,0.0,0.0,0.0,0.0,872.5,0.0
0,57000,VOLCANIC_ROCK_VOUCHER_9500,873.0,26.0,0.0,0.0,0.0,0.0,874,12,0.0,0.0,0.0,0.0,873.5,0.0
0,57100,VOLCANIC_ROCK_VOUCHER_9500,879.0,20.0,0.0,0.0,0.0,0.0,881,20,0.0,0.0,0.0,0.0,880.0,0.0
0,57200,VOLCANIC_ROCK_VOUCHER_9500,880.0,12.0,0.0,0.0,0.0,0.0,881,12,0.0,0.0,0.0,0.0,880.5,0.0
0,57300,VOLCANIC_ROCK_VOUCHER_9500,880.0,22.0,0.0,0.0,0.0,0.0,881,11,0.0,0.0,0.0,0.0,880.5,0.0
0,57400,VOLCANIC_ROCK_VOUCHER_9500,878.0,16.0,0.0,0.0,0.0,0.0,880,16,0.0,0.0,0.0,0.0,879.0,0.0
0,57500,VOLCANIC_ROCK_VOUCHER_9500,885.0,11.0,0.0,0.0,0.0,0.0,886,11,0.0,0.0,0.0,0.0,885.5,0.0
0,57600,VOLCANIC_ROCK_VOUCHER_9500,892.0,16.0,0.0,0.0,0.0,0.0,893,16,0.0,0.0,0.0,0.0,892.5,0.0
0,57700,VOLCANIC_ROCK_VOUCHER_9500,896.0,17.0,0.0,0.0,0.0,0.0,897,17,0.0,0.0,0.0,0.0,896.5,0.0
0,57800,VOLCANIC_ROCK_VOUCHER_9500,891.0,14.0,0.0,0.0,0.0,0.0,892,14,0.0,0.0,0.0,0.0,891.5,0.0
0,57900,VOLCANIC_ROCK_VOUCHER_9500,892.0,12.0,0.0,0.0,0.0,0.0,893,12,0.0,0.0,0.0,0.0,892.5,0.0
0,58000,VOLCANIC_ROCK_VOUCHER_9500,886.0,14.0,0.0,0.0,0.0,0.0,887,14,0.0,0.0,0.0,0.0,886.5,0.0
0,58100,VOLCANIC_ROCK_VOUCHER_9500,889.0,20.0,0.0,0.0,0.0,0.0,890,20,0.0,0.0,0.0,0.0,889.5,0.0
0,58200,VOLCANIC_ROCK_VOUCHER_9500,889.0,17.0,0.0,0.0,0.0,0.0,890,17,0.0,0.0,0.0,0.0,889.5,0.0
0,58300,VOLCANIC_ROCK_VOUCHER_9500,888.0,17.0,0.0,0.0,0.0,0.0,889,17,0.0,0.0,0.0,0.0,888.5,0.0
0,58400,VOLCANIC_ROCK_VOUCHER_9500,890.0,6.0,0.0,0.0,0.0,0.0,891,20,0.0,0.0,0.0,0.0,890.5,0.0
0,58500,VOLCANIC_ROCK_VOUCHER_9500,887.0,18.0,0.0,0.0,0.0,0.0,888,18,0.0,0.0,0.0,0.0,887.5,0.0
0,58600,VOLCANIC_ROCK_VOUCHER_9500,884.0,20.0,0.0,0.0,0.0,0.0,885,20,0.0,0.0,0.0,0.0,884.5,0.0
0,58700,VOLCANIC_ROCK_VOUCHER_9500,885.0,17.0,0.0,0.0,0.0,0.0,886,17,0.0,0.0,0.0,0.0,885.5,0.0
0,58800,VOLCANIC_ROCK_VOUCHER_9500,889.0,24.0,0.0,0.0,0.0,0.0,890,12,0.0,0.0,0.0,0.0,889.5,0.0
0,58900,VOLCANIC_ROCK_VOUCHER_9500,889.0,16.0,0.0,0.0,0.0,0.0,890,16,0.0,0.0,0.0,0.0,889.5,0.0
0,59000,VOLCANIC_ROCK_VOUCHER_9500,887.0,11.0,0.0,0.0,0.0,0.0,889,11,0.0,0.0,0.0,0.0,888.0,0.0
0,59100,VOLCANIC_ROCK_VOUCHER_9500,892.0,10.0,0.0,0.0,0.0,0.0,893,10,0.0,0.0,0.0,0.0,892.5,0.0
0,59200,VOLCANIC_ROCK_VOUCHER_9500,901.0,19.0,0.0,0.0,0.0,0.0,902,19,0.0,0.0,0.0,0.0,901.5,0.0
0,59300,VOLCANIC_ROCK_VOUCHER_9500,898.0,22.0,0.0,0.0,0.0,0.0,899,22,0.0,0.0,0.0,0.0,898.5,0.0
0,59400,VOLCANIC_ROCK_VOUCHER_9500,896.0,11.0,0.0,0.0,0.0,0.0,897,11,0.0,0.0,0.0,0.0,896.5,0.0
0,59500,VOLCANIC_ROCK_VOUCHER_9500,897.0,19.0,0.0,0.0,0.0,0.0,898,19,0.0,0.0,0.0,0.0,897.5,0.0
0,59600,VOLCANIC_ROCK_VOUCHER_9500,898.0,11.0,0.0,0.0,0.0,0.0,899,11,0.0,0.0,0.0,0.0,898.5,0.0
0,59700,VOLCANIC_ROCK_VOUCHER_9500,896.0,17.0,0.0,0.0,0.0,0.0,897,17,0.0,0.0,0.0,0.0,896.5,0.0
0,59800,VOLCANIC_ROCK_VOUCHER_9500,900.0,1.0,0.0,0.0,0.0,0.0,901,20,0.0,0.0,0.0,0.0,900.5,0.0
0,59900,VOLCANIC_ROCK_VOUCHER_9500,898.0,13.0,0.0,0.0,0.0,0.0,899,13,0.0,0.0,0.0,0.0,898.5,0.0
0,60000,VOLCANIC_ROCK_VOUCHER_9500,895.0,21.0,0.0,0.0,0.0,0.0,896,21,0.0,0.0,0.0,0.0,895.5,0.0
0,60100,VOLCANIC_ROCK_VOUCHER_9500,892.0,19.0,0.0,0.0,0.0,0.0,893,19,0.0,0.0,0.0,0.0,892.5,0.0
0,60200,VOLCANIC_ROCK_VOUCHER_9500,895.0,21.0,0.0,0.0,0.0,0.0,896,21,0.0,0.0,0.0,0.0,895.5,0.0
0,60300,VOLCANIC_ROCK_VOUCHER_9500,902.0,21.0,0.0,0.0,0.0,0.0,903,21,0.0,0.0,0.0,0.0,902.5,0.0
0,60400,VOLCANIC_ROCK_VOUCHER_9500,904.0,16.0,0.0,0.0,0.0,0.0,905,16,0.0,0.0,0.0,0.0,904.5,0.0
0,60500,VOLCANIC_ROCK_VOUCHER_9500,906.0,15.0,0.0,0.0,0.0,0.0,907,15,0.0,0.0,0.0,0.0,906.5,0.0
0,60600,VOLCANIC_ROCK_VOUCHER_9500,908.0,18.0,0.0,0.0,0.0,0.0,910,18,0.0,0.0,0.0,0.0,909.0,0.0
0,60700,VOLCANIC_ROCK_VOUCHER_9500,907.0,13.0,0.0,0.0,0.0,0.0,908,13,0.0,0.0,0.0,0.0,907.5,0.0
0,60800,VOLCANIC_ROCK_VOUCHER_9500,909.0,17.0,0.0,0.0,0.0,0.0,911,17,0.0,0.0,0.0,0.0,910.0,0.0
0,60900,VOLCANIC_ROCK_VOUCHER_9500,915.0,18.0,0.0,0.0,0.0,0.0,916,18,0.0,0.0,0.0,0.0,915.5,0.0
0,61000,VOLCANIC_ROCK_VOUCHER_9500,911.0,14.0,0.0,0.0,0.0,0.0,912,14,0.0,0.0,0.0,0.0,911.5,0.0
0,61100,VOLCANIC_ROCK_VOUCHER_9500,907.0,19.0,0.0,0.0,0.0,0.0,908,13,0.0,0.0,0.0,0.0,907.5,0.0
0,61200,VOLCANIC_ROCK_VOUCHER_9500,903.0,18.0,0.0,0.0,0.0,0.0,904,18,0.0,0.0,0.0,0.0,903.5,0.0
0,61300,VOLCANIC_ROCK_VOUCHER_9500,904.0,18.0,0.0,0.0,0.0,0.0,906,18,0.0,0.0,0.0,0.0,905.0,0.0
0,61400,VOLCANIC_ROCK_VOUCHER_9500,908.0,12.0,0.0,0.0,0.0,0.0,909,12,0.0,0.0,0.0,0.0,908.5,0.0
0,61500,VOLCANIC_ROCK_VOUCHER_9500,914.0,15.0,0.0,0.0,0.0,0.0,915,15,0.0,0.0,0.0,0.0,914.5,0.0
0,61600,VOLCANIC_ROCK_VOUCHER_9500,907.0,11.0,0.0,0.0,0.0,0.0,909,11,0.0,0.0,0.0,0.0,908.0,0.0
0,61700,VOLCANIC_ROCK_VOUCHER_9500,903.0,3.0,0.0,0.0,0.0,0.0,904,1,905.0,12.0,0.0,0.0,903.5,0.0
0,61800,VOLCANIC_ROCK_VOUCHER_9500,905.0,18.0,0.0,0.0,0.0,0.0,907,18,0.0,0.0,0.0,0.0,906.0,0.0
0,61900,VOLCANIC_ROCK_VOUCHER_9500,901.0,15.0,0.0,0.0,0.0,0.0,902,15,0.0,0.0,0.0,0.0,901.5,0.0
0,62000,VOLCANIC_ROCK_VOUCHER_9500,905.0,3.0,0.0,0.0,0.0,0.0,906,20,0.0,0.0,0.0,0.0,905.5,0.0
0,62100,VOLCANIC_ROCK_VOUCHER_9500,907.0,21.0,0.0,0.0,0.0,0.0,908,21,0.0,0.0,0.0,0.0,907.5,0.0
0,62200,VOLCANIC_ROCK_VOUCHER_9500,902.0,19.0,0.0,0.0,0.0,0.0,904,19,0.0,0.0,0.0,0.0,903.0,0.0
0,62300,VOLCANIC_ROCK_VOUCHER_9500,902.0,16.0,0.0,0.0,0.0,0.0,903,16,0.0,0.0,0.0,0.0,902.5,0.0
0,62400,VOLCANIC_ROCK_VOUCHER_9500,898.0,18.0,0.0,0.0,0.0,0.0,899,18,0.0,0.0,0.0,0.0,898.5,0.0
0,62500,VOLCANIC_ROCK_VOUCHER_9500,899.0,22.0,0.0,0.0,0.0,0.0,900,22,0.0,0.0,0.0,0.0,899.5,0.0
0,62600,VOLCANIC_ROCK_VOUCHER_9500,907.0,2.0,0.0,0.0,0.0,0.0,908,12,0.0,0.0,0.0,0.0,907.5,0.0
0,62700,VOLCANIC_ROCK_VOUCHER_9500,914.0,14.0,0.0,0.0,0.0,0.0,915,14,0.0,0.0,0.0,0.0,914.5,0.0
0,62800,VOLCANIC_ROCK_VOUCHER_9500,913.0,14.0,0.0,0.0,0.0,0.0,914,14,0.0,0.0,0.0,0.0,913.5,0.0
0,62900,VOLCANIC_ROCK_VOUCHER_9500,912.0,14.0,0.0,0.0,0.0,0.0,913,14,0.0,0.0,0.0,0.0,912.5,0.0
0,63000,VOLCANIC_ROCK_VOUCHER_9500,904.0,20.0,0.0,0.0,0.0,0.0,905,20,0.0,0.0,0.0,0.0,904.5,0.0
0,63100,VOLCANIC_ROCK_VOUCHER_9500,909.0,19.0,0.0,0.0,0.0,0.0,911,19,0.0,0.0,0.0,0.0,910.0,0.0
0,63200,VOLCANIC_ROCK_VOUCHER_9500,908.0,15.0,0.0,0.0,0.0,0.0,909,15,0.0,0.0,0.0,0.0,908.5,0.0
0,63300,VOLCANIC_ROCK_VOUCHER_9500,909.0,20.0,0.0,0.0,0.0,0.0,910,20,0.0,0.0,0.0,0.0,909.5,0.0
0,63400,VOLCANIC_ROCK_VOUCHER_9500,0.0,0.0,0.0,0.0,0.0,0.0,908,3,909.0,11.0,0.0,0.0,908.0,0.0
0,63500,VOLCANIC_ROCK_VOUCHER_9500,910.0,14.0,0.0,0.0,0.0,0.0,911,14,0.0,0.0,0.0,0.0,910.5,0.0
0,63600,VOLCANIC_ROCK_VOUCHER_9500,906.0,35.0,0.0,0.0,0.0,0.0,907,17,0.0,0.0,0.0,0.0,906.5,0.0
0,63700,VOLCANIC_ROCK_VOUCHER_9500,909.0,18.0,0.0,0.0,0.0,0.0,910,18,0.0,0.0,0.0,0.0,909.5,0.0
0,63800,VOLCANIC_ROCK_VOUCHER_9500,905.0,16.0,0.0,0.0,0.0,0.0,906,16,0.0,0.0,0.0,0.0,905.5,0.0
0,63900,VOLCANIC_ROCK_VOUCHER_9500,907.0,13.0,0.0,0.0,0.0,0.0,909,13,0.0,0.0,0.0,0.0,908.0,0.0
0,64000,VOLCANIC_ROCK_VOUCHER_9500,911.0,18.0,0.0,0.0,0.0,0.0,913,18,0.0,0.0,0.0,0.0,912.0,0.0
0,64100,VOLCANIC_ROCK_VOUCHER_9500,909.0,11.0,0.0,0.0,0.0,0.0,910,11,0.0,0.0,0.0,0.0,909.5,0.0
0,64200,VOLCANIC_ROCK_VOUCHER_9500,895.0,12.0,0.0,0.0,0.0,0.0,896,12,0.0,0.0,0.0,0.0,895.5,0.0
0,64300,VOLCANIC_ROCK_VOUCHER_9500,890.0,37.0,0.0,0.0,0.0,0.0,891,19,0.0,0.0,0.0,0.0,890.5,0.0
0,64400,VOLCANIC_ROCK_VOUCHER_9500,896.0,17.0,0.0,0.0,0.0,0.0,897,17,0.0,0.0,0.0,0.0,896.5,0.0
0,64500,VOLCANIC_ROCK_VOUCHER_9500,897.0,12.0,0.0,0.0,0.0,0.0,898,12,0.0,0.0,0.0,0.0,897.5,0.0
0,64600,VOLCANIC_ROCK_VOUCHER_9500,898.0,20.0,0.0,0.0,0.0,0.0,899,20,0.0,0.0,0.0,0.0,898.5,0.0
0,64700,VOLCANIC_ROCK_VOUCHER_9500,892.0,13.0,0.0,0.0,0.0,0.0,893,13,0.0,0.0,0.0,0.0,892.5,0.0
0,64800,VOLCANIC_ROCK_VOUCHER_9500,888.0,12.0,0.0,0.0,0.0,0.0,889,12,0.0,0.0,0.0,0.0,888.5,0.0
0,64900,VOLCANIC_ROCK_VOUCHER_9500,883.0,15.0,0.0,0.0,0.0,0.0,885,15,0.0,0.0,0.0,0.0,884.0,0.0
0,65000,VOLCANIC_ROCK_VOUCHER_9500,890.0,16.0,0.0,0.0,0.0,0.0,891,16,0.0,0.0,0.0,0.0,890.5,0.0
0,65100,VOLCANIC_ROCK_VOUCHER_9500,887.0,21.0,0.0,0.0,0.0,0.0,888,21,0.0,0.0,0.0,0.0,887.5,0.0
0,65200,VOLCANIC_ROCK_VOUCHER_9500,893.0,12.0,0.0,0.0,0.0,0.0,894,12,0.0,0.0,0.0,0.0,893.5,0.0
0,65300,VOLCANIC_ROCK_VOUCHER_9500,892.0,7.0,0.0,0.0,0.0,0.0,893,21,0.0,0.0,0.0,0.0,892.5,0.0
0,65400,VOLCANIC_ROCK_VOUCHER_9500,887.0,18.0,0.0,0.0,0.0,0.0,888,18,0.0,0.0,0.0,0.0,887.5,0.0
0,65500,VOLCANIC_ROCK_VOUCHER_9500,892.0,20.0,0.0,0.0,0.0,0.0,893,20,0.0,0.0,0.0,0.0,892.5,0.0
0,65600,VOLCANIC_ROCK_VOUCHER_9500,888.0,18.0,0.0,0.0,0.0,0.0,889,18,0.0,0.0,0.0,0.0,888.5,0.0
0,65700,VOLCANIC_ROCK_VOUCHER_9500,886.0,12.0,0.0,0.0,0.0,0.0,887,12,0.0,0.0,0.0,0.0,886.5,0.0
0,65800,VOLCANIC_ROCK_VOUCHER_9500,885.0,10.0,0.0,0.0,0.0,0.0,886,10,0.0,0.0,0.0,0.0,885.5,0.0
0,65900,VOLCANIC_ROCK_VOUCHER_9500,0.0,0.0,0.0,0.0,0.0,0.0,895,4,896.0,12.0,0.0,0.0,895.0,0.0
0,66000,VOLCANIC_ROCK_VOUCHER_9500,893.0,20.0,0.0,0.0,0.0,0.0,894,20,0.0,0.0,0.0,0.0,893.5,0.0
0,66100,VOLCANIC_ROCK_VOUCHER_9500,892.0,12.0,0.0,0.0,0.0,0.0,893,12,0.0,0.0,0.0,0.0,892.5,0.0
0,66200,VOLCANIC_ROCK_VOUCHER_9500,890.0,20.0,0.0,0.0,0.0,0.0,891,20,0.0,0.0,0.0,0.0,890.5,0.0
0,66300,VOLCANIC_ROCK_VOUCHER_9500,889.0,18.0,0.0,0.0,0.0,0.0,890,18,0.0,0.0,0.0,0.0,889.5,0.0
0,66400,VOLCANIC_ROCK_VOUCHER_9500,892.0,17.0,0.0,0.0,0.0,0.0,893,17,0.0,0.0,0.0,0.0,892.5,0.0
0,66500,VOLCANIC_ROCK_VOUCHER_9500,895.0,16.0,0.0,0.0,0.0,0.0,896,16,0.0,0.0,0.0,0.0,895.5,0.0
0,66600,VOLCANIC_ROCK_VOUCHER_9500,895.0,16.0,0.0,0.0,0.0,0.0,896,16,0.0,0.0,0.0,0.0,895.5,0.0
0,66700,VOLCANIC_ROCK_VOUCHER_9500,894.0,21.0,0.0,0.0,0.0,0.0,895,10,0.0,0.0,0.0,0.0,894.5,0.0
0,66800,VOLCANIC_ROCK_VOUCHER_9500,903.0,12.0,0.0,0.0,0.0,0.0,905,12,0.0,0.0,0.0,0.0,904.0,0.0
0,66900,VOLCANIC_ROCK_VOUCHER_9500,907.0,20.0,0.0,0.0,0.0,0.0,908,20,0.0,0.0,0.0,0.0,907.5,0.0
0,67000,VOLCANIC_ROCK_VOUCHER_9500,910.0,12.0,0.0,0.0,0.0,0.0,912,12,0.0,0.0,0.0,0.0,911.0,0.0
0,67100,VOLCANIC_ROCK_VOUCHER_9500,913.0,13.0,0.0,0.0,0.0,0.0,914,13,0.0,0.0,0.0,0.0,913.5,0.0
0,67200,VOLCANIC_ROCK_VOUCHER_9500,918.0,13.0,0.0,0.0,0.0,0.0,920,13,0.0,0.0,0.0,0.0,919.0,0.0
0,67300,VOLCANIC_ROCK_VOUCHER_9500,921.0,33.0,0.0,0.0,0.0,0.0,922,18,0.0,0.0,0.0,0.0,921.5,0.0
0,67400,VOLCANIC_ROCK_VOUCHER_9500,922.0,14.0,0.0,0.0,0.0,0.0,923,14,0.0,0.0,0.0,0.0,922.5,0.0
0,67500,VOLCANIC_ROCK_VOUCHER_9500,920.0,21.0,0.0,0.0,0.0,0.0,921,21,0.0,0.0,0.0,0.0,920.5,0.0
0,67600,VOLCANIC_ROCK_VOUCHER_9500,918.0,21.0,0.0,0.0,0.0,0.0,919,12,0.0,0.0,0.0,0.0,918.5,0.0
0,67700,VOLCANIC_ROCK_VOUCHER_9500,914.0,13.0,0.0,0.0,0.0,0.0,915,13,0.0,0.0,0.0,0.0,914.5,0.0
0,67800,VOLCANIC_ROCK_VOUCHER_9500,911.0,14.0,0.0,0.0,0.0,0.0,912,14,0.0,0.0,0.0,0.0,911.5,0.0
0,67900,VOLCANIC_ROCK_VOUCHER_9500,916.0,21.0,0.0,0.0,0.0,0.0,917,21,0.0,0.0,0.0,0.0,916.5,0.0
0,68000,VOLCANIC_ROCK_VOUCHER_9500,915.0,15.0,0.0,0.0,0.0,0.0,916,15,0.0,0.0,0.0,0.0,915.5,0.0
0,68100,VOLCANIC_ROCK_VOUCHER_9500,911.0,14.0,0.0,0.0,0.0,0.0,912,14,0.0,0.0,0.0,0.0,911.5,0.0
0,68200,VOLCANIC_ROCK_VOUCHER_9500,906.0,21.0,0.0,0.0,0.0,0.0,907,21,0.0,0.0,0.0,0.0,906.5,0.0
0,68300,VOLCANIC_ROCK_VOUCHER_9500,906.0,21.0,0.0,0.0,0.0,0.0,907,21,0.0,0.0,0.0,0.0,906.5,0.0
0,68400,VOLCANIC_ROCK_VOUCHER_9500,911.0,10.0,0.0,0.0,0.0,0.0,912,10,0.0,0.0,0.0,0.0,911.5,0.0
0,68500,VOLCANIC_ROCK_VOUCHER_9500,908.0,12.0,0.0,0.0,0.0,0.0,909,12,0.0,0.0,0.0,0.0,908.5,0.0
0,68600,VOLCANIC_ROCK_VOUCHER_9500,912.0,20.0,0.0,0.0,0.0,0.0,913,20,0.0,0.0,0.0,0.0,912.5,0.0
0,68700,VOLCANIC_ROCK_VOUCHER_9500,913.0,16.0,0.0,0.0,0.0,0.0,914,16,0.0,0.0,0.0,0.0,913.5,0.0
0,68800,VOLCANIC_ROCK_VOUCHER_9500,918.0,14.0,0.0,0.0,0.0,0.0,919,14,0.0,0.0,0.0,0.0,918.5,0.0
0,68900,VOLCANIC_ROCK_VOUCHER_9500,929.0,15.0,0.0,0.0,0.0,0.0,930,15,0.0,0.0,0.0,0.0,929.5,0.0
0,69000,VOLCANIC_ROCK_VOUCHER_9500,927.0,21.0,0.0,0.0,0.0,0.0,928,21,0.0,0.0,0.0,0.0,927.5,0.0
0,69100,VOLCANIC_ROCK_VOUCHER_9500,934.0,12.0,0.0,0.0,0.0,0.0,935,12,0.0,0.0,0.0,0.0,934.5,0.0
0,69200,VOLCANIC_ROCK_VOUCHER_9500,934.0,12.0,0.0,0.0,0.0,0.0,935,12,0.0,0.0,0.0,0.0,934.5,0.0
0,69300,VOLCANIC_ROCK_VOUCHER_9500,929.0,13.0,0.0,0.0,0.0,0.0,930,13,0.0,0.0,0.0,0.0,929.5,0.0
0,69400,VOLCANIC_ROCK_VOUCHER_9500,935.0,20.0,0.0,0.0,0.0,0.0,936,20,0.0,0.0,0.0,0.0,935.5,0.0
0,69500,VOLCANIC_ROCK_VOUCHER_9500,928.0,3.0,0.0,0.0,0.0,0.0,929,14,0.0,0.0,0.0,0.0,928.5,0.0
0,69600,VOLCANIC_ROCK_VOUCHER_9500,929.0,11.0,0.0,0.0,0.0,0.0,930,11,0.0,0.0,0.0,0.0,929.5,0.0
0,69700,VOLCANIC_ROCK_VOUCHER_9500,932.0,22.0,0.0,0.0,0.0,0.0,933,22,0.0,0.0,0.0,0.0,932.5,0.0
0,69800,VOLCANIC_ROCK_VOUCHER_9500,930.0,2.0,0.0,0.0,0.0,0.0,931,17,0.0,0.0,0.0,0.0,930.5,0.0
0,69900,VOLCANIC_ROCK_VOUCHER_9500,940.0,18.0,0.0,0.0,0.0,0.0,941,18,0.0,0.0,0.0,0.0,940.5,0.0
0,70000,VOLCANIC_ROCK_VOUCHER_9500,946.0,19.0,0.0,0.0,0.0,0.0,947,19,0.0,0.0,0.0,0.0,946.5,0.0
0,70100,VOLCANIC_ROCK_VOUCHER_9500,943.0,18.0,0.0,0.0,0.0,0.0,945,18,0.0,0.0,0.0,0.0,944.0,0.0
0,70200,VOLCANIC_ROCK_VOUCHER_9500,942.0,13.0,0.0,0.0,0.0,0.0,943,13,0.0,0.0,0.0,0.0,942.5,0.0
0,70300,VOLCANIC_ROCK_VOUCHER_9500,944.0,20.0,0.0,0.0,0.0,0.0,945,20,0.0,0.0,0.0,0.0,944.5,0.0
0,70400,VOLCANIC_ROCK_VOUCHER_9500,944.0,19.0,0.0,0.0,0.0,0.0,945,19,0.0,0.0,0.0,0.0,944.5,0.0
0,70500,VOLCANIC_ROCK_VOUCHER_9500,942.0,14.0,0.0,0.0,0.0,0.0,944,14,0.0,0.0,0.0,0.0,943.0,0.0
0,70600,VOLCANIC_ROCK_VOUCHER_9500,944.0,13.0,0.0,0.0,0.0,0.0,945,13,0.0,0.0,0.0,0.0,944.5,0.0
0,70700,VOLCANIC_ROCK_VOUCHER_9500,944.0,10.0,0.0,0.0,0.0,0.0,945,10,0.0,0.0,0.0,0.0,944.5,0.0
0,70800,VOLCANIC_ROCK_VOUCHER_9500,947.0,17.0,0.0,0.0,0.0,0.0,948,17,0.0,0.0,0.0,0.0,947.5,0.0
0,70900,VOLCANIC_ROCK_VOUCHER_9500,958.0,13.0,0.0,0.0,0.0,0.0,959,13,0.0,0.0,0.0,0.0,958.5,0.0
0,71000,VOLCANIC_ROCK_VOUCHER_9500,962.0,22.0,0.0,0.0,0.0,0.0,963,22,0.0,0.0,0.0,0.0,962.5,0.0
0,71100,VOLCANIC_ROCK_VOUCHER_9500,972.0,27.0,0.0,0.0,0.0,0.0,973,14,0.0,0.0,0.0,0.0,972.5,0.0
0,71200,VOLCANIC_ROCK_VOUCHER_9500,967.0,12.0,0.0,0.0,0.0,0.0,968,12,0.0,0.0,0.0,0.0,967.5,0.0
0,71300,VOLCANIC_ROCK_VOUCHER_9500,966.0,12.0,0.0,0.0,0.0,0.0,967,12,0.0,0.0,0.0,0.0,966.5,0.0
0,71400,VOLCANIC_ROCK_VOUCHER_9500,964.0,18.0,0.0,0.0,0.0,0.0,965,18,0.0,0.0,0.0,0.0,964.5,0.0
0,71500,VOLCANIC_ROCK_VOUCHER_9500,970.0,19.0,0.0,0.0,0.0,0.0,971,19,0.0,0.0,0.0,0.0,970.5,0.0
0,71600,VOLCANIC_ROCK_VOUCHER_9500,961.0,11.0,0.0,0.0,0.0,0.0,963,11,0.0,0.0,0.0,0.0,962.0,0.0
0,71700,VOLCANIC_ROCK_VOUCHER_9500,964.0,17.0,0.0,0.0,0.0,0.0,966,17,0.0,0.0,0.0,0.0,965.0,0.0
0,71800,VOLCANIC_ROCK_VOUCHER_9500,967.0,14.0,0.0,0.0,0.0,0.0,968,14,0.0,0.0,0.0,0.0,967.5,0.0
0,71900,VOLCANIC_ROCK_VOUCHER_9500,973.0,22.0,0.0,0.0,0.0,0.0,974,22,0.0,0.0,0.0,0.0,973.5,0.0
0,72000,VOLCANIC_ROCK_VOUCHER_9500,965.0,20.0,0.0,0.0,0.0,0.0,966,13,0.0,0.0,0.0,0.0,965.5,0.0
0,72100,VOLCANIC_ROCK_VOUCHER_9500,974.0,13.0,0.0,0.0,0.0,0.0,975,13,0.0,0.0,0.0,0.0,974.5,0.0
0,72200,VOLCANIC_ROCK_VOUCHER_9500,973.0,17.0,0.0,0.0,0.0,0.0,974,17,0.0,0.0,0.0,0.0,973.5,0.0
0,72300,VOLCANIC_ROCK_VOUCHER_9500,972.0,20.0,0.0,0.0,0.0,0.0,973,20,0.0,0.0,0.0,0.0,972.5,0.0
0,72400,VOLCANIC_ROCK_VOUCHER_9500,973.0,19.0,0.0,0.0,0.0,0.0,974,19,0.0,0.0,0.0,0.0,973.5,0.0
0,72500,VOLCANIC_ROCK_VOUCHER_9500,975.0,17.0,0.0,0.0,0.0,0.0,976,17,0.0,0.0,0.0,0.0,975.5,0.0
0,72600,VOLCANIC_ROCK_VOUCHER_9500,971.0,20.0,0.0,0.0,0.0,0.0,972,20,0.0,0.0,0.0,0.0,971.5,0.0
0,72700,VOLCANIC_ROCK_VOUCHER_9500,0.0,0.0,0.0,0.0,0.0,0.0,969,8,971.0,12.0,0.0,0.0,969.0,0.0
0,72800,VOLCANIC_ROCK_VOUCHER_9500,974.0,14.0,0.0,0.0,0.0,0.0,975,14,0.0,0.0,0.0,0.0,974.5,0.0
0,72900,VOLCANIC_ROCK_VOUCHER_9500,969.0,17.0,0.0,0.0,0.0,0.0,970,17,0.0,0.0,0.0,0.0,969.5,0.0
0,73000,VOLCANIC_ROCK_VOUCHER_9500,969.0,22.0,0.0,0.0,0.0,0.0,970,22,0.0,0.0,0.0,0.0,969.5,0.0
0,73100,VOLCANIC_ROCK_VOUCHER_9500,967.0,16.0,0.0,0.0,0.0,0.0,968,16,0.0,0.0,0.0,0.0,967.5,0.0
0,73200,VOLCANIC_ROCK_VOUCHER_9500,966.0,1.0,0.0,0.0,0.0,0.0,968,21,0.0,0.0,0.0,0.0,967.0,0.0
0,73300,VOLCANIC_ROCK_VOUCHER_9500,969.0,15.0,0.0,0.0,0.0,0.0,971,15,0.0,0.0,0.0,0.0,970.0,0.0
0,73400,VOLCANIC_ROCK_VOUCHER_9500,973.0,20.0,0.0,0.0,0.0,0.0,974,20,0.0,0.0,0.0,0.0,973.5,0.0
0,73500,VOLCANIC_ROCK_VOUCHER_9500,979.0,15.0,0.0,0.0,0.0,0.0,980,15,0.0,0.0,0.0,0.0,979.5,0.0
0,73600,VOLCANIC_ROCK_VOUCHER_9500,978.0,10.0,0.0,0.0,0.0,0.0,979,10,0.0,0.0,0.0,0.0,978.5,0.0
0,73700,VOLCANIC_ROCK_VOUCHER_9500,981.0,19.0,0.0,0.0,0.0,0.0,982,19,0.0,0.0,0.0,0.0,981.5,0.0
0,73800,VOLCANIC_ROCK_VOUCHER_9500,971.0,20.0,0.0,0.0,0.0,0.0,973,20,0.0,0.0,0.0,0.0,972.0,0.0
0,73900,VOLCANIC_ROCK_VOUCHER_9500,964.0,20.0,0.0,0.0,0.0,0.0,965,20,0.0,0.0,0.0,0.0,964.5,0.0
0,74000,VOLCANIC_ROCK_VOUCHER_9500,962.0,27.0,0.0,0.0,0.0,0.0,963,15,0.0,0.0,0.0,0.0,962.5,0.0
0,74100,VOLCANIC_ROCK_VOUCHER_9500,962.0,16.0,0.0,0.0,0.0,0.0,964,16,0.0,0.0,0.0,0.0,963.0,0.0
0,74200,VOLCANIC_ROCK_VOUCHER_9500,965.0,28.0,0.0,0.0,0.0,0.0,966,10,0.0,0.0,0.0,0.0,965.5,0.0
0,74300,VOLCANIC_ROCK_VOUCHER_9500,958.0,13.0,0.0,0.0,0.0,0.0,960,13,0.0,0.0,0.0,0.0,959.0,0.0
0,74400,VOLCANIC_ROCK_VOUCHER_9500,957.0,10.0,0.0,0.0,0.0,0.0,958,10,0.0,0.0,0.0,0.0,957.5,0.0
0,74500,VOLCANIC_ROCK_VOUCHER_9500,959.0,27.0,0.0,0.0,0.0,0.0,960,17,0.0,0.0,0.0,0.0,959.5,0.0
0,74600,VOLCANIC_ROCK_VOUCHER_9500,964.0,13.0,0.0,0.0,0.0,0.0,965,13,0.0,0.0,0.0,0.0,964.5,0.0
0,74700,VOLCANIC_ROCK_VOUCHER_9500,961.0,18.0,0.0,0.0,0.0,0.0,963,18,0.0,0.0,0.0,0.0,962.0,0.0
0,74800,VOLCANIC_ROCK_VOUCHER_9500,961.0,17.0,0.0,0.0,0.0,0.0,963,17,0.0,0.0,0.0,0.0,962.0,0.0
0,74900,VOLCANIC_ROCK_VOUCHER_9500,972.0,18.0,0.0,0.0,0.0,0.0,973,18,0.0,0.0,0.0,0.0,972.5,0.0
0,75000,VOLCANIC_ROCK_VOUCHER_9500,969.0,14.0,0.0,0.0,0.0,0.0,970,14,0.0,0.0,0.0,0.0,969.5,0.0
0,75100,VOLCANIC_ROCK_VOUCHER_9500,966.0,31.0,0.0,0.0,0.0,0.0,967,12,0.0,0.0,0.0,0.0,966.5,0.0
0,75200,VOLCANIC_ROCK_VOUCHER_9500,965.0,21.0,0.0,0.0,0.0,0.0,966,1,967.0,20.0,0.0,0.0,965.5,0.0
0,75300,VOLCANIC_ROCK_VOUCHER_9500,971.0,17.0,0.0,0.0,0.0,0.0,972,17,0.0,0.0,0.0,0.0,971.5,0.0
0,75400,VOLCANIC_ROCK_VOUCHER_9500,966.0,21.0,0.0,0.0,0.0,0.0,967,21,0.0,0.0,0.0,0.0,966.5,0.0
0,75500,VOLCANIC_ROCK_VOUCHER_9500,969.0,16.0,0.0,0.0,0.0,0.0,970,16,0.0,0.0,0.0,0.0,969.5,0.0
0,75600,VOLCANIC_ROCK_VOUCHER_9500,967.0,19.0,0.0,0.0,0.0,0.0,968,19,0.0,0.0,0.0,0.0,967.5,0.0
0,75700,VOLCANIC_ROCK_VOUCHER_9500,967.0,24.0,0.0,0.0,0.0,0.0,968,10,0.0,0.0,0.0,0.0,967.5,0.0
0,75800,VOLCANIC_ROCK_VOUCHER_9500,969.0,20.0,0.0,0.0,0.0,0.0,970,20,0.0,0.0,0.0,0.0,969.5,0.0
0,75900,VOLCANIC_ROCK_VOUCHER_9500,971.0,12.0,0.0,0.0,0.0,0.0,972,12,0.0,0.0,0.0,0.0,971.5,0.0
0,76000,VOLCANIC_ROCK_VOUCHER_9500,975.0,20.0,0.0,0.0,0.0,0.0,976,20,0.0,0.0,0.0,0.0,975.5,0.0
0,76100,VOLCANIC_ROCK_VOUCHER_9500,974.0,19.0,0.0,0.0,0.0,0.0,975,19,0.0,0.0,0.0,0.0,974.5,0.0
0,76200,VOLCANIC_ROCK_VOUCHER_9500,986.0,17.0,0.0,0.0,0.0,0.0,988,17,0.0,0.0,0.0,0.0,987.0,0.0
0,76300,VOLCANIC_ROCK_VOUCHER_9500,993.0,9.0,0.0,0.0,0.0,0.0,994,20,0.0,0.0,0.0,0.0,993.5,0.0
0,76400,VOLCANIC_ROCK_VOUCHER_9500,985.0,19.0,0.0,0.0,0.0,0.0,986,19,0.0,0.0,0.0,0.0,985.5,0.0
0,76500,VOLCANIC_ROCK_VOUCHER_9500,984.0,12.0,0.0,0.0,0.0,0.0,985,12,0.0,0.0,0.0,0.0,984.5,0.0
0,76600,VOLCANIC_ROCK_VOUCHER_9500,989.0,16.0,0.0,0.0,0.0,0.0,990,16,0.0,0.0,0.0,0.0,989.5,0.0
0,76700,VOLCANIC_ROCK_VOUCHER_9500,984.0,15.0,0.0,0.0,0.0,0.0,985,15,0.0,0.0,0.0,0.0,984.5,0.0
0,76800,VOLCANIC_ROCK_VOUCHER_9500,981.0,16.0,0.0,0.0,0.0,0.0,982,16,0.0,0.0,0.0,0.0,981.5,0.0
0,76900,VOLCANIC_ROCK_VOUCHER_9500,976.0,15.0,0.0,0.0,0.0,0.0,977,15,0.0,0.0,0.0,0.0,976.5,0.0
0,77000,VOLCANIC_ROCK_VOUCHER_9500,976.0,12.0,0.0,0.0,0.0,0.0,977,2,978.0,10.0,0.0,0.0,976.5,0.0
0,77100,VOLCANIC_ROCK_VOUCHER_9500,975.0,19.0,0.0,0.0,0.0,0.0,976,19,0.0,0.0,0.0,0.0,975.5,0.0
0,77200,VOLCANIC_ROCK_VOUCHER_9500,975.0,21.0,0.0,0.0,0.0,0.0,976,21,0.0,0.0,0.0,0.0,975.5,0.0
0,77300,VOLCANIC_ROCK_VOUCHER_9500,975.0,14.0,0.0,0.0,0.0,0.0,977,14,0.0,0.0,0.0,0.0,976.0,0.0
0,77400,VOLCANIC_ROCK_VOUCHER_9500,977.0,20.0,0.0,0.0,0.0,0.0,978,20,0.0,0.0,0.0,0.0,977.5,0.0
0,77500,VOLCANIC_ROCK_VOUCHER_9500,0.0,0.0,0.0,0.0,0.0,0.0,973,2,974.0,14.0,0.0,0.0,973.0,0.0
0,77600,VOLCANIC_ROCK_VOUCHER_9500,972.0,11.0,0.0,0.0,0.0,0.0,973,11,0.0,0.0,0.0,0.0,972.5,0.0
0,77700,VOLCANIC_ROCK_VOUCHER_9500,976.0,7.0,0.0,0.0,0.0,0.0,977,14,0.0,0.0,0.0,0.0,976.5,0.0
0,77800,VOLCANIC_ROCK_VOUCHER_9500,974.0,15.0,0.0,0.0,0.0,0.0,976,15,0.0,0.0,0.0,0.0,975.0,0.0
0,77900,VOLCANIC_ROCK_VOUCHER_9500,974.0,12.0,0.0,0.0,0.0,0.0,975,12,0.0,0.0,0.0,0.0,974.5,0.0
0,78000,VOLCANIC_ROCK_VOUCHER_9500,969.0,19.0,0.0,0.0,0.0,0.0,970,1,971.0,18.0,0.0,0.0,969.5,0.0
0,78100,VOLCANIC_ROCK_VOUCHER_9500,0.0,0.0,0.0,0.0,0.0,0.0,980,5,981.0,11.0,0.0,0.0,980.0,0.0
0,78200,VOLCANIC_ROCK_VOUCHER_9500,976.0,19.0,0.0,0.0,0.0,0.0,977,19,0.0,0.0,0.0,0.0,976.5,0.0
0,78300,VOLCANIC_ROCK_VOUCHER_9500,975.0,13.0,0.0,0.0,0.0,0.0,976,13,0.0,0.0,0.0,0.0,975.5,0.0
0,78400,VOLCANIC_ROCK_VOUCHER_9500,977.0,16.0,0.0,0.0,0.0,0.0,978,16,0.0,0.0,0.0,0.0,977.5,0.0
0,78500,VOLCANIC_ROCK_VOUCHER_9500,980.0,12.0,0.0,0.0,0.0,0.0,981,12,0.0,0.0,0.0,0.0,980.5,0.0
0,78600,VOLCANIC_ROCK_VOUCHER_9500,973.0,21.0,0.0,0.0,0.0,0.0,974,21,0.0,0.0,0.0,0.0,973.5,0.0
0,78700,VOLCANIC_ROCK_VOUCHER_9500,969.0,11.0,0.0,0.0,0.0,0.0,970,11,0.0,0.0,0.0,0.0,969.5,0.0
0,78800,VOLCANIC_ROCK_VOUCHER_9500,970.0,13.0,0.0,0.0,0.0,0.0,971,13,0.0,0.0,0.0,0.0,970.5,0.0
0,78900,VOLCANIC_ROCK_VOUCHER_9500,965.0,13.0,0.0,0.0,0.0,0.0,966,13,0.0,0.0,0.0,0.0,965.5,0.0
0,79000,VOLCANIC_ROCK_VOUCHER_9500,969.0,20.0,0.0,0.0,0.0,0.0,970,20,0.0,0.0,0.0,0.0,969.5,0.0
0,79100,VOLCANIC_ROCK_VOUCHER_9500,964.0,11.0,0.0,0.0,0.0,0.0,965,11,0.0,0.0,0.0,0.0,964.5,0.0
0,79200,VOLCANIC_ROCK_VOUCHER_9500,959.0,20.0,0.0,0.0,0.0,0.0,960,20,0.0,0.0,0.0,0.0,959.5,0.0
0,79300,VOLCANIC_ROCK_VOUCHER_9500,962.0,13.0,0.0,0.0,0.0,0.0,963,13,0.0,0.0,0.0,0.0,962.5,0.0
0,79400,VOLCANIC_ROCK_VOUCHER_9500,959.0,18.0,0.0,0.0,0.0,0.0,960,18,961.0,19.0,0.0,0.0,959.5,0.0
0,79500,VOLCANIC_ROCK_VOUCHER_9500,968.0,15.0,0.0,0.0,0.0,0.0,970,15,0.0,0.0,0.0,0.0,969.0,0.0
0,79600,VOLCANIC_ROCK_VOUCHER_9500,968.0,16.0,0.0,0.0,0.0,0.0,969,16,0.0,0.0,0.0,0.0,968.5,0.0
0,79700,VOLCANIC_ROCK_VOUCHER_9500,961.0,22.0,0.0,0.0,0.0,0.0,962,22,0.0,0.0,0.0,0.0,961.5,0.0
0,79800,VOLCANIC_ROCK_VOUCHER_9500,959.0,18.0,0.0,0.0,0.0,0.0,960,18,0.0,0.0,0.0,0.0,959.5,0.0
0,79900,VOLCANIC_ROCK_VOUCHER_9500,960.0,14.0,0.0,0.0,0.0,0.0,962,14,0.0,0.0,0.0,0.0,961.0,0.0
0,80000,VOLCANIC_ROCK_VOUCHER_9500,959.0,21.0,0.0,0.0,0.0,0.0,960,21,0.0,0.0,0.0,0.0,959.5,0.0
0,80100,VOLCANIC_ROCK_VOUCHER_9500,959.0,11.0,0.0,0.0,0.0,0.0,960,11,0.0,0.0,0.0,0.0,959.5,0.0
0,80200,VOLCANIC_ROCK_VOUCHER_9500,956.0,19.0,0.0,0.0,0.0,0.0,957,19,0.0,0.0,0.0,0.0,956.5,0.0
0,80300,VOLCANIC_ROCK_VOUCHER_9500,955.0,17.0,0.0,0.0,0.0,0.0,956,17,0.0,0.0,0.0,0.0,955.5,0.0
0,80400,VOLCANIC_ROCK_VOUCHER_9500,954.0,12.0,0.0,0.0,0.0,0.0,955,12,0.0,0.0,0.0,0.0,954.5,0.0
0,80500,VOLCANIC_ROCK_VOUCHER_9500,0.0,0.0,0.0,0.0,0.0,0.0,946,1,947.0,14.0,0.0,0.0,946.0,0.0
0,80600,VOLCANIC_ROCK_VOUCHER_9500,951.0,20.0,0.0,0.0,0.0,0.0,952,20,0.0,0.0,0.0,0.0,951.5,0.0
0,80700,VOLCANIC_ROCK_VOUCHER_9500,946.0,15.0,0.0,0.0,0.0,0.0,947,15,0.0,0.0,0.0,0.0,946.5,0.0
0,80800,VOLCANIC_ROCK_VOUCHER_9500,946.0,12.0,0.0,0.0,0.0,0.0,947,12,0.0,0.0,0.0,0.0,946.5,0.0
0,80900,VOLCANIC_ROCK_VOUCHER_9500,947.0,15.0,0.0,0.0,0.0,0.0,948,15,0.0,0.0,0.0,0.0,947.5,0.0
0,81000,VOLCANIC_ROCK_VOUCHER_9500,953.0,15.0,0.0,0.0,0.0,0.0,954,15,0.0,0.0,0.0,0.0,953.5,0.0
0,81100,VOLCANIC_ROCK_VOUCHER_9500,953.0,16.0,0.0,0.0,0.0,0.0,954,16,0.0,0.0,0.0,0.0,953.5,0.0
0,81200,VOLCANIC_ROCK_VOUCHER_9500,959.0,13.0,0.0,0.0,0.0,0.0,961,13,0.0,0.0,0.0,0.0,960.0,0.0
0,81300,VOLCANIC_ROCK_VOUCHER_9500,961.0,13.0,0.0,0.0,0.0,0.0,962,13,0.0,0.0,0.0,0.0,961.5,0.0
0,81400,VOLCANIC_ROCK_VOUCHER_9500,958.0,20.0,0.0,0.0,0.0,0.0,959,20,0.0,0.0,0.0,0.0,958.5,0.0
0,81500,VOLCANIC_ROCK_VOUCHER_9500,960.0,16.0,0.0,0.0,0.0,0.0,961,16,0.0,0.0,0.0,0.0,960.5,0.0
0,81600,VOLCANIC_ROCK_VOUCHER_9500,965.0,16.0,0.0,0.0,0.0,0.0,966,16,0.0,0.0,0.0,0.0,965.5,0.0
0,81700,VOLCANIC_ROCK_VOUCHER_9500,970.0,3.0,0.0,0.0,0.0,0.0,971,18,0.0,0.0,0.0,0.0,970.5,0.0
0,81800,VOLCANIC_ROCK_VOUCHER_9500,970.0,19.0,0.0,0.0,0.0,0.0,971,19,0.0,0.0,0.0,0.0,970.5,0.0
0,81900,VOLCANIC_ROCK_VOUCHER_9500,970.0,34.0,0.0,0.0,0.0,0.0,971,21,0.0,0.0,0.0,0.0,970.5,0.0
0,82000,VOLCANIC_ROCK_VOUCHER_9500,968.0,19.0,0.0,0.0,0.0,0.0,969,19,0.0,0.0,0.0,0.0,968.5,0.0
0,82100,VOLCANIC_ROCK_VOUCHER_9500,970.0,14.0,0.0,0.0,0.0,0.0,971,14,0.0,0.0,0.0,0.0,970.5,0.0
0,82200,VOLCANIC_ROCK_VOUCHER_9500,970.0,15.0,0.0,0.0,0.0,0.0,971,15,0.0,0.0,0.0,0.0,970.5,0.0
0,82300,VOLCANIC_ROCK_VOUCHER_9500,972.0,19.0,0.0,0.0,0.0,0.0,973,19,0.0,0.0,0.0,0.0,972.5,0.0
0,82400,VOLCANIC_ROCK_VOUCHER_9500,982.0,17.0,0.0,0.0,0.0,0.0,984,17,0.0,0.0,0.0,0.0,983.0,0.0
0,82500,VOLCANIC_ROCK_VOUCHER_9500,980.0,15.0,0.0,0.0,0.0,0.0,981,15,0.0,0.0,0.0,0.0,980.5,0.0
0,82600,VOLCANIC_ROCK_VOUCHER_9500,978.0,13.0,0.0,0.0,0.0,0.0,979,13,0.0,0.0,0.0,0.0,978.5,0.0
0,82700,VOLCANIC_ROCK_VOUCHER_9500,975.0,21.0,0.0,0.0,0.0,0.0,976,21,0.0,0.0,0.0,0.0,975.5,0.0
0,82800,VOLCANIC_ROCK_VOUCHER_9500,979.0,15.0,0.0,0.0,0.0,0.0,980,15,0.0,0.0,0.0,0.0,979.5,0.0
0,82900,VOLCANIC_ROCK_VOUCHER_9500,980.0,18.0,0.0,0.0,0.0,0.0,981,18,0.0,0.0,0.0,0.0,980.5,0.0
0,83000,VOLCANIC_ROCK_VOUCHER_9500,985.0,13.0,0.0,0.0,0.0,0.0,986,13,0.0,0.0,0.0,0.0,985.5,0.0
0,83100,VOLCANIC_ROCK_VOUCHER_9500,988.0,20.0,0.0,0.0,0.0,0.0,989,19,990.0,20.0,0.0,0.0,988.5,0.0
0,83200,VOLCANIC_ROCK_VOUCHER_9500,995.0,12.0,0.0,0.0,0.0,0.0,996,12,0.0,0.0,0.0,0.0,995.5,0.0
0,83300,VOLCANIC_ROCK_VOUCHER_9500,988.0,16.0,0.0,0.0,0.0,0.0,989,16,0.0,0.0,0.0,0.0,988.5,0.0
0,83400,VOLCANIC_ROCK_VOUCHER_9500,990.0,15.0,0.0,0.0,0.0,0.0,991,1,992.0,14.0,0.0,0.0,990.5,0.0
0,83500,VOLCANIC_ROCK_VOUCHER_9500,995.0,18.0,0.0,0.0,0.0,0.0,997,18,0.0,0.0,0.0,0.0,996.0,0.0
0,83600,VOLCANIC_ROCK_VOUCHER_9500,993.0,11.0,0.0,0.0,0.0,0.0,994,11,0.0,0.0,0.0,0.0,993.5,0.0
0,83700,VOLCANIC_ROCK_VOUCHER_9500,990.0,14.0,0.0,0.0,0.0,0.0,991,14,0.0,0.0,0.0,0.0,990.5,0.0
0,83800,VOLCANIC_ROCK_VOUCHER_9500,997.0,12.0,0.0,0.0,0.0,0.0,999,12,0.0,0.0,0.0,0.0,998.0,0.0
0,83900,VOLCANIC_ROCK_VOUCHER_9500,996.0,12.0,0.0,0.0,0.0,0.0,997,12,0.0,0.0,0.0,0.0,996.5,0.0
0,84000,VOLCANIC_ROCK_VOUCHER_9500,992.0,12.0,0.0,0.0,0.0,0.0,994,12,0.0,0.0,0.0,0.0,993.0,0.0
0,84100,VOLCANIC_ROCK_VOUCHER_9500,985.0,18.0,0.0,0.0,0.0,0.0,986,18,0.0,0.0,0.0,0.0,985.5,0.0
0,84200,VOLCANIC_ROCK_VOUCHER_9500,990.0,15.0,0.0,0.0,0.0,0.0,991,15,0.0,0.0,0.0,0.0,990.5,0.0
0,84300,VOLCANIC_ROCK_VOUCHER_9500,987.0,20.0,0.0,0.0,0.0,0.0,988,20,0.0,0.0,0.0,0.0,987.5,0.0
0,84400,VOLCANIC_ROCK_VOUCHER_9500,992.0,16.0,0.0,0.0,0.0,0.0,993,16,0.0,0.0,0.0,0.0,992.5,0.0
0,84500,VOLCANIC_ROCK_VOUCHER_9500,1001.0,16.0,0.0,0.0,0.0,0.0,1002,16,0.0,0.0,0.0,0.0,1001.5,0.0
0,84600,VOLCANIC_ROCK_VOUCHER_9500,998.0,16.0,0.0,0.0,0.0,0.0,999,16,0.0,0.0,0.0,0.0,998.5,0.0
0,84700,VOLCANIC_ROCK_VOUCHER_9500,997.0,20.0,0.0,0.0,0.0,0.0,998,20,0.0,0.0,0.0,0.0,997.5,0.0
0,84800,VOLCANIC_ROCK_VOUCHER_9500,0.0,0.0,0.0,0.0,0.0,0.0,993,4,994.0,14.0,0.0,0.0,993.0,0.0
0,84900,VOLCANIC_ROCK_VOUCHER_9500,993.0,13.0,0.0,0.0,0.0,0.0,994,13,0.0,0.0,0.0,0.0,993.5,0.0
0,85000,VOLCANIC_ROCK_VOUCHER_9500,988.0,14.0,0.0,0.0,0.0,0.0,989,14,0.0,0.0,0.0,0.0,988.5,0.0
0,85100,VOLCANIC_ROCK_VOUCHER_9500,986.0,13.0,0.0,0.0,0.0,0.0,987,13,0.0,0.0,0.0,0.0,986.5,0.0
0,85200,VOLCANIC_ROCK_VOUCHER_9500,989.0,17.0,0.0,0.0,0.0,0.0,990,17,0.0,0.0,0.0,0.0,989.5,0.0
0,85300,VOLCANIC_ROCK_VOUCHER_9500,993.0,15.0,0.0,0.0,0.0,0.0,994,15,0.0,0.0,0.0,0.0,993.5,0.0
0,85400,VOLCANIC_ROCK_VOUCHER_9500,991.0,17.0,0.0,0.0,0.0,0.0,992,17,0.0,0.0,0.0,0.0,991.5,0.0
0,85500,VOLCANIC_ROCK_VOUCHER_9500,992.0,19.0,0.0,0.0,0.0,0.0,993,19,0.0,0.0,0.0,0.0,992.5,0.0
0,85600,VOLCANIC_ROCK_VOUCHER_9500,995.0,21.0,0.0,0.0,0.0,0.0,996,21,0.0,0.0,0.0,0.0,995.5,0.0
0,85700,VOLCANIC_ROCK_VOUCHER_9500,992.0,17.0,0.0,0.0,0.0,0.0,994,17,0.0,0.0,0.0,0.0,993.0,0.0
0,85800,VOLCANIC_ROCK_VOUCHER_9500,994.0,17.0,0.0,0.0,0.0,0.0,995,17,0.0,0.0,0.0,0.0,994.5,0.0
0,85900,VOLCANIC_ROCK_VOUCHER_9500,1003.0,28.0,0.0,0.0,0.0,0.0,1005,13,0.0,0.0,0.0,0.0,1004.0,0.0
0,86000,VOLCANIC_ROCK_VOUCHER_9500,1004.0,14.0,0.0,0.0,0.0,0.0,1005,14,0.0,0.0,0.0,0.0,1004.5,0.0
0,86100,VOLCANIC_ROCK_VOUCHER_9500,999.0,19.0,0.0,0.0,0.0,0.0,1000,19,0.0,0.0,0.0,0.0,999.5,0.0
0,86200,VOLCANIC_ROCK_VOUCHER_9500,1000.0,10.0,0.0,0.0,0.0,0.0,1001,10,0.0,0.0,0.0,0.0,1000.5,0.0
0,86300,VOLCANIC_ROCK_VOUCHER_9500,1002.0,21.0,0.0,0.0,0.0,0.0,1003,21,0.0,0.0,0.0,0.0,1002.5,0.0
0,86400,VOLCANIC_ROCK_VOUCHER_9500,1007.0,12.0,0.0,0.0,0.0,0.0,1008,12,0.0,0.0,0.0,0.0,1007.5,0.0
0,86500,VOLCANIC_ROCK_VOUCHER_9500,1009.0,12.0,0.0,0.0,0.0,0.0,1010,12,0.0,0.0,0.0,0.0,1009.5,0.0
0,86600,VOLCANIC_ROCK_VOUCHER_9500,1009.0,13.0,0.0,0.0,0.0,0.0,1010,13,0.0,0.0,0.0,0.0,1009.5,0.0
0,86700,VOLCANIC_ROCK_VOUCHER_9500,1012.0,15.0,0.0,0.0,0.0,0.0,1013,15,0.0,0.0,0.0,0.0,1012.5,0.0
0,86800,VOLCANIC_ROCK_VOUCHER_9500,1014.0,12.0,0.0,0.0,0.0,0.0,1015,12,0.0,0.0,0.0,0.0,1014.5,0.0
0,86900,VOLCANIC_ROCK_VOUCHER_9500,1015.0,12.0,0.0,0.0,0.0,0.0,1016,12,0.0,0.0,0.0,0.0,1015.5,0.0
0,87000,VOLCANIC_ROCK_VOUCHER_9500,1011.0,16.0,0.0,0.0,0.0,0.0,1012,16,0.0,0.0,0.0,0.0,1011.5,0.0
0,87100,VOLCANIC_ROCK_VOUCHER_9500,1011.0,13.0,0.0,0.0,0.0,0.0,1012,13,0.0,0.0,0.0,0.0,1011.5,0.0
0,87200,VOLCANIC_ROCK_VOUCHER_9500,1013.0,16.0,0.0,0.0,0.0,0.0,1014,16,0.0,0.0,0.0,0.0,1013.5,0.0
0,87300,VOLCANIC_ROCK_VOUCHER_9500,1012.0,16.0,0.0,0.0,0.0,0.0,1013,16,0.0,0.0,0.0,0.0,1012.5,0.0
0,87400,VOLCANIC_ROCK_VOUCHER_9500,1011.0,10.0,0.0,0.0,0.0,0.0,1012,10,0.0,0.0,0.0,0.0,1011.5,0.0
0,87500,VOLCANIC_ROCK_VOUCHER_9500,1017.0,10.0,0.0,0.0,0.0,0.0,1019,10,0.0,0.0,0.0,0.0,1018.0,0.0
0,87600,VOLCANIC_ROCK_VOUCHER_9500,1016.0,20.0,0.0,0.0,0.0,0.0,1018,20,0.0,0.0,0.0,0.0,1017.0,0.0
0,87700,VOLCANIC_ROCK_VOUCHER_9500,1014.0,12.0,0.0,0.0,0.0,0.0,1015,12,0.0,0.0,0.0,0.0,1014.5,0.0
0,87800,VOLCANIC_ROCK_VOUCHER_9500,1014.0,22.0,0.0,0.0,0.0,0.0,1016,22,0.0,0.0,0.0,0.0,1015.0,0.0
0,87900,VOLCANIC_ROCK_VOUCHER_9500,1013.0,15.0,0.0,0.0,0.0,0.0,1014,15,0.0,0.0,0.0,0.0,1013.5,0.0
0,88000,VOLCANIC_ROCK_VOUCHER_9500,1011.0,20.0,0.0,0.0,0.0,0.0,1012,20,0.0,0.0,0.0,0.0,1011.5,0.0
0,88100,VOLCANIC_ROCK_VOUCHER_9500,1010.0,15.0,0.0,0.0,0.0,0.0,1011,15,0.0,0.0,0.0,0.0,1010.5,0.0
0,88200,VOLCANIC_ROCK_VOUCHER_9500,1006.0,10.0,0.0,0.0,0.0,0.0,1007,10,0.0,0.0,0.0,0.0,1006.5,0.0
0,88300,VOLCANIC_ROCK_VOUCHER_9500,1009.0,12.0,0.0,0.0,0.0,0.0,1010,12,0.0,0.0,0.0,0.0,1009.5,0.0
0,88400,VOLCANIC_ROCK_VOUCHER_9500,1013.0,17.0,0.0,0.0,0.0,0.0,1014,17,0.0,0.0,0.0,0.0,1013.5,0.0
0,88500,VOLCANIC_ROCK_VOUCHER_9500,1016.0,22.0,0.0,0.0,0.0,0.0,1017,22,0.0,0.0,0.0,0.0,1016.5,0.0
0,88600,VOLCANIC_ROCK_VOUCHER_9500,1013.0,20.0,0.0,0.0,0.0,0.0,1014,20,0.0,0.0,0.0,0.0,1013.5,0.0
0,88700,VOLCANIC_ROCK_VOUCHER_9500,1010.0,13.0,0.0,0.0,0.0,0.0,1011,13,0.0,0.0,0.0,0.0,1010.5,0.0
0,88800,VOLCANIC_ROCK_VOUCHER_9500,1006.0,27.0,0.0,0.0,0.0,0.0,1007,17,0.0,0.0,0.0,0.0,1006.5,0.0
0,88900,VOLCANIC_ROCK_VOUCHER_9500,1000.0,20.0,0.0,0.0,0.0,0.0,1001,20,0.0,0.0,0.0,0.0,1000.5,0.0
0,89000,VOLCANIC_ROCK_VOUCHER_9500,999.0,22.0,0.0,0.0,0.0,0.0,1000,22,0.0,0.0,0.0,0.0,999.5,0.0
0,89100,VOLCANIC_ROCK_VOUCHER_9500,997.0,10.0,0.0,0.0,0.0,0.0,998,10,0.0,0.0,0.0,0.0,997.5,0.0
0,89200,VOLCANIC_ROCK_VOUCHER_9500,994.0,18.0,0.0,0.0,0.0,0.0,995,18,0.0,0.0,0.0,0.0,994.5,0.0
0,89300,VOLCANIC_ROCK_VOUCHER_9500,1000.0,16.0,0.0,0.0,0.0,0.0,1002,16,0.0,0.0,0.0,0.0,1001.0,0.0
0,89400,VOLCANIC_ROCK_VOUCHER_9500,1000.0,20.0,0.0,0.0,0.0,0.0,1001,20,0.0,0.0,0.0,0.0,1000.5,0.0
0,89500,VOLCANIC_ROCK_VOUCHER_9500,1001.0,14.0,0.0,0.0,0.0,0.0,1002,14,0.0,0.0,0.0,0.0,1001.5,0.0
0,89600,VOLCANIC_ROCK_VOUCHER_9500,1004.0,4.0,0.0,0.0,0.0,0.0,1005,19,0.0,0.0,0.0,0.0,1004.5,0.0
0,89700,VOLCANIC_ROCK_VOUCHER_9500,1001.0,17.0,0.0,0.0,0.0,0.0,1002,17,0.0,0.0,0.0,0.0,1001.5,0.0
0,89800,VOLCANIC_ROCK_VOUCHER_9500,1003.0,21.0,0.0,0.0,0.0,0.0,1005,21,0.0,0.0,0.0,0.0,1004.0,0.0
0,89900,VOLCANIC_ROCK_VOUCHER_9500,1005.0,20.0,0.0,0.0,0.0,0.0,1006,20,0.0,0.0,0.0,0.0,1005.5,0.0
0,90000,VOLCANIC_ROCK_VOUCHER_9500,1002.0,14.0,0.0,0.0,0.0,0.0,1003,14,0.0,0.0,0.0,0.0,1002.5,0.0
0,90100,VOLCANIC_ROCK_VOUCHER_9500,1000.0,23.0,0.0,0.0,0.0,0.0,1001,13,0.0,0.0,0.0,0.0,1000.5,0.0
0,90200,VOLCANIC_ROCK_VOUCHER_9500,1002.0,19.0,0.0,0.0,0.0,0.0,1003,19,0.0,0.0,0.0,0.0,1002.5,0.0
0,90300,VOLCANIC_ROCK_VOUCHER_9500,1002.0,19.0,0.0,0.0,0.0,0.0,1003,19,0.0,0.0,0.0,0.0,1002.5,0.0
0,90400,VOLCANIC_ROCK_VOUCHER_9500,0.0,0.0,0.0,0.0,0.0,0.0,1000,5,1001.0,11.0,0.0,0.0,1000.0,0.0
0,90500,VOLCANIC_ROCK_VOUCHER_9500,996.0,13.0,0.0,0.0,0.0,0.0,997,13,0.0,0.0,0.0,0.0,996.5,0.0
0,90600,VOLCANIC_ROCK_VOUCHER_9500,990.0,11.0,0.0,0.0,0.0,0.0,991,11,0.0,0.0,0.0,0.0,990.5,0.0
0,90700,VOLCANIC_ROCK_VOUCHER_9500,989.0,19.0,0.0,0.0,0.0,0.0,991,19,0.0,0.0,0.0,0.0,990.0,0.0
0,90800,VOLCANIC_ROCK_VOUCHER_9500,0.0,0.0,0.0,0.0,0.0,0.0,983,6,984.0,12.0,0.0,0.0,983.0,0.0
0,90900,VOLCANIC_ROCK_VOUCHER_9500,981.0,11.0,0.0,0.0,0.0,0.0,982,11,0.0,0.0,0.0,0.0,981.5,0.0
0,91000,VOLCANIC_ROCK_VOUCHER_9500,982.0,20.0,0.0,0.0,0.0,0.0,983,20,0.0,0.0,0.0,0.0,982.5,0.0
0,91100,VOLCANIC_ROCK_VOUCHER_9500,979.0,21.0,0.0,0.0,0.0,0.0,980,21,0.0,0.0,0.0,0.0,979.5,0.0
0,91200,VOLCANIC_ROCK_VOUCHER_9500,977.0,21.0,0.0,0.0,0.0,0.0,978,21,0.0,0.0,0.0,0.0,977.5,0.0
0,91300,VOLCANIC_ROCK_VOUCHER_9500,979.0,13.0,0.0,0.0,0.0,0.0,980,13,0.0,0.0,0.0,0.0,979.5,0.0
0,91400,VOLCANIC_ROCK_VOUCHER_9500,978.0,20.0,0.0,0.0,0.0,0.0,979,20,0.0,0.0,0.0,0.0,978.5,0.0
0,91500,VOLCANIC_ROCK_VOUCHER_9500,981.0,14.0,0.0,0.0,0.0,0.0,982,14,0.0,0.0,0.0,0.0,981.5,0.0
0,91600,VOLCANIC_ROCK_VOUCHER_9500,989.0,16.0,0.0,0.0,0.0,0.0,990,16,0.0,0.0,0.0,0.0,989.5,0.0
0,91700,VOLCANIC_ROCK_VOUCHER_9500,989.0,20.0,0.0,0.0,0.0,0.0,990,20,0.0,0.0,0.0,0.0,989.5,0.0
0,91800,VOLCANIC_ROCK_VOUCHER_9500,985.0,12.0,0.0,0.0,0.0,0.0,986,12,0.0,0.0,0.0,0.0,985.5,0.0
0,91900,VOLCANIC_ROCK_VOUCHER_9500,985.0,14.0,0.0,0.0,0.0,0.0,986,14,0.0,0.0,0.0,0.0,985.5,0.0
0,92000,VOLCANIC_ROCK_VOUCHER_9500,989.0,15.0,0.0,0.0,0.0,0.0,990,15,0.0,0.0,0.0,0.0,989.5,0.0
0,92100,VOLCANIC_ROCK_VOUCHER_9500,989.0,15.0,0.0,0.0,0.0,0.0,990,15,0.0,0.0,0.0,0.0,989.5,0.0
0,92200,VOLCANIC_ROCK_VOUCHER_9500,983.0,2.0,982.0,16.0,0.0,0.0,984,18,0.0,0.0,0.0,0.0,983.5,0.0
0,92300,VOLCANIC_ROCK_VOUCHER_9500,983.0,6.0,0.0,0.0,0.0,0.0,984,16,0.0,0.0,0.0,0.0,983.5,0.0
0,92400,VOLCANIC_ROCK_VOUCHER_9500,0.0,0.0,0.0,0.0,0.0,0.0,987,5,989.0,12.0,0.0,0.0,987.0,0.0
0,92500,VOLCANIC_ROCK_VOUCHER_9500,986.0,12.0,0.0,0.0,0.0,0.0,988,12,0.0,0.0,0.0,0.0,987.0,0.0
0,92600,VOLCANIC_ROCK_VOUCHER_9500,987.0,13.0,0.0,0.0,0.0,0.0,988,13,0.0,0.0,0.0,0.0,987.5,0.0
0,92700,VOLCANIC_ROCK_VOUCHER_9500,986.0,17.0,0.0,0.0,0.0,0.0,988,17,0.0,0.0,0.0,0.0,987.0,0.0
0,92800,VOLCANIC_ROCK_VOUCHER_9500,986.0,11.0,0.0,0.0,0.0,0.0,987,11,0.0,0.0,0.0,0.0,986.5,0.0
0,92900,VOLCANIC_ROCK_VOUCHER_9500,985.0,18.0,0.0,0.0,0.0,0.0,986,19,987.0,18.0,0.0,0.0,985.5,0.0
0,93000,VOLCANIC_ROCK_VOUCHER_9500,986.0,14.0,0.0,0.0,0.0,0.0,988,14,0.0,0.0,0.0,0.0,987.0,0.0
0,93100,VOLCANIC_ROCK_VOUCHER_9500,993.0,22.0,0.0,0.0,0.0,0.0,994,22,0.0,0.0,0.0,0.0,993.5,0.0
0,93200,VOLCANIC_ROCK_VOUCHER_9500,993.0,20.0,0.0,0.0,0.0,0.0,994,20,0.0,0.0,0.0,0.0,993.5,0.0
0,93300,VOLCANIC_ROCK_VOUCHER_9500,989.0,19.0,0.0,0.0,0.0,0.0,990,19,0.0,0.0,0.0,0.0,989.5,0.0
0,93400,VOLCANIC_ROCK_VOUCHER_9500,983.0,14.0,0.0,0.0,0.0,0.0,984,14,0.0,0.0,0.0,0.0,983.5,0.0
0,93500,VOLCANIC_ROCK_VOUCHER_9500,984.0,15.0,0.0,0.0,0.0,0.0,985,15,0.0,0.0,0.0,0.0,984.5,0.0
0,93600,VOLCANIC_ROCK_VOUCHER_9500,985.0,21.0,0.0,0.0,0.0,0.0,986,21,0.0,0.0,0.0,0.0,985.5,0.0
0,93700,VOLCANIC_ROCK_VOUCHER_9500,987.0,11.0,0.0,0.0,0.0,0.0,988,13,0.0,0.0,0.0,0.0,987.5,0.0
0,93800,VOLCANIC_ROCK_VOUCHER_9500,985.0,5.0,0.0,0.0,0.0,0.0,986,20,0.0,0.0,0.0,0.0,985.5,0.0
0,93900,VOLCANIC_ROCK_VOUCHER_9500,0.0,0.0,0.0,0.0,0.0,0.0,991,3,992.0,14.0,0.0,0.0,991.0,0.0
0,94000,VOLCANIC_ROCK_VOUCHER_9500,991.0,21.0,0.0,0.0,0.0,0.0,992,21,0.0,0.0,0.0,0.0,991.5,0.0
0,94100,VOLCANIC_ROCK_VOUCHER_9500,990.0,10.0,0.0,0.0,0.0,0.0,991,10,0.0,0.0,0.0,0.0,990.5,0.0
0,94200,VOLCANIC_ROCK_VOUCHER_9500,989.0,17.0,0.0,0.0,0.0,0.0,990,17,0.0,0.0,0.0,0.0,989.5,0.0
0,94300,VOLCANIC_ROCK_VOUCHER_9500,990.0,15.0,0.0,0.0,0.0,0.0,991,15,0.0,0.0,0.0,0.0,990.5,0.0
0,94400,VOLCANIC_ROCK_VOUCHER_9500,993.0,19.0,0.0,0.0,0.0,0.0,995,19,0.0,0.0,0.0,0.0,994.0,0.0
0,94500,VOLCANIC_ROCK_VOUCHER_9500,992.0,17.0,0.0,0.0,0.0,0.0,994,17,0.0,0.0,0.0,0.0,993.0,0.0
0,94600,VOLCANIC_ROCK_VOUCHER_9500,986.0,11.0,0.0,0.0,0.0,0.0,987,11,0.0,0.0,0.0,0.0,986.5,0.0
0,94700,VOLCANIC_ROCK_VOUCHER_9500,987.0,16.0,0.0,0.0,0.0,0.0,988,16,0.0,0.0,0.0,0.0,987.5,0.0
0,94800,VOLCANIC_ROCK_VOUCHER_9500,989.0,14.0,0.0,0.0,0.0,0.0,990,14,0.0,0.0,0.0,0.0,989.5,0.0
0,94900,VOLCANIC_ROCK_VOUCHER_9500,994.0,21.0,0.0,0.0,0.0,0.0,995,21,0.0,0.0,0.0,0.0,994.5,0.0
0,95000,VOLCANIC_ROCK_VOUCHER_9500,991.0,16.0,0.0,0.0,0.0,0.0,992,16,0.0,0.0,0.0,0.0,991.5,0.0
0,95100,VOLCANIC_ROCK_VOUCHER_9500,996.0,1.0,995.0,16.0,0.0,0.0,997,17,0.0,0.0,0.0,0.0,996.5,0.0
0,95200,VOLCANIC_ROCK_VOUCHER_9500,995.0,12.0,0.0,0.0,0.0,0.0,997,12,0.0,0.0,0.0,0.0,996.0,0.0
0,95300,VOLCANIC_ROCK_VOUCHER_9500,995.0,21.0,0.0,0.0,0.0,0.0,997,21,0.0,0.0,0.0,0.0,996.0,0.0
0,95400,VOLCANIC_ROCK_VOUCHER_9500,996.0,12.0,0.0,0.0,0.0,0.0,998,12,0.0,0.0,0.0,0.0,997.0,0.0
0,95500,VOLCANIC_ROCK_VOUCHER_9500,995.0,17.0,0.0,0.0,0.0,0.0,997,17,0.0,0.0,0.0,0.0,996.0,0.0
0,95600,VOLCANIC_ROCK_VOUCHER_9500,1000.0,11.0,0.0,0.0,0.0,0.0,1001,11,0.0,0.0,0.0,0.0,1000.5,0.0
0,95700,VOLCANIC_ROCK_VOUCHER_9500,994.0,22.0,0.0,0.0,0.0,0.0,995,22,0.0,0.0,0.0,0.0,994.5,0.0
0,95800,VOLCANIC_ROCK_VOUCHER_9500,991.0,15.0,0.0,0.0,0.0,0.0,992,15,0.0,0.0,0.0,0.0,991.5,0.0
0,95900,VOLCANIC_ROCK_VOUCHER_9500,986.0,19.0,0.0,0.0,0.0,0.0,987,19,0.0,0.0,0.0,0.0,986.5,0.0
0,96000,VOLCANIC_ROCK_VOUCHER_9500,982.0,19.0,0.0,0.0,0.0,0.0,983,19,0.0,0.0,0.0,0.0,982.5,0.0
0,96100,VOLCANIC_ROCK_VOUCHER_9500,975.0,19.0,0.0,0.0,0.0,0.0,977,19,0.0,0.0,0.0,0.0,976.0,0.0
0,96200,VOLCANIC_ROCK_VOUCHER_9500,980.0,12.0,0.0,0.0,0.0,0.0,981,12,0.0,0.0,0.0,0.0,980.5,0.0
0,96300,VOLCANIC_ROCK_VOUCHER_9500,977.0,20.0,0.0,0.0,0.0,0.0,978,20,0.0,0.0,0.0,0.0,977.5,0.0
0,96400,VOLCANIC_ROCK_VOUCHER_9500,974.0,19.0,0.0,0.0,0.0,0.0,976,19,0.0,0.0,0.0,0.0,975.0,0.0
0,96500,VOLCANIC_ROCK_VOUCHER_9500,979.0,19.0,0.0,0.0,0.0,0.0,980,19,0.0,0.0,0.0,0.0,979.5,0.0
0,96600,VOLCANIC_ROCK_VOUCHER_9500,980.0,30.0,0.0,0.0,0.0,0.0,981,14,0.0,0.0,0.0,0.0,980.5,0.0
0,96700,VOLCANIC_ROCK_VOUCHER_9500,979.0,16.0,0.0,0.0,0.0,0.0,980,16,0.0,0.0,0.0,0.0,979.5,0.0
0,96800,VOLCANIC_ROCK_VOUCHER_9500,977.0,16.0,0.0,0.0,0.0,0.0,978,16,0.0,0.0,0.0,0.0,977.5,0.0
0,96900,VOLCANIC_ROCK_VOUCHER_9500,981.0,18.0,0.0,0.0,0.0,0.0,982,18,0.0,0.0,0.0,0.0,981.5,0.0
0,97000,VOLCANIC_ROCK_VOUCHER_9500,981.0,2.0,980.0,20.0,0.0,0.0,982,22,0.0,0.0,0.0,0.0,981.5,0.0
0,97100,VOLCANIC_ROCK_VOUCHER_9500,983.0,19.0,0.0,0.0,0.0,0.0,984,19,0.0,0.0,0.0,0.0,983.5,0.0
0,97200,VOLCANIC_ROCK_VOUCHER_9500,977.0,14.0,0.0,0.0,0.0,0.0,979,14,0.0,0.0,0.0,0.0,978.0,0.0
0,97300,VOLCANIC_ROCK_VOUCHER_9500,976.0,17.0,0.0,0.0,0.0,0.0,977,17,0.0,0.0,0.0,0.0,976.5,0.0
0,97400,VOLCANIC_ROCK_VOUCHER_9500,981.0,22.0,0.0,0.0,0.0,0.0,982,22,0.0,0.0,0.0,0.0,981.5,0.0
0,97500,VOLCANIC_ROCK_VOUCHER_9500,981.0,20.0,0.0,0.0,0.0,0.0,982,20,0.0,0.0,0.0,0.0,981.5,0.0
0,97600,VOLCANIC_ROCK_VOUCHER_9500,980.0,10.0,0.0,0.0,0.0,0.0,981,10,0.0,0.0,0.0,0.0,980.5,0.0
0,97700,VOLCANIC_ROCK_VOUCHER_9500,979.0,17.0,0.0,0.0,0.0,0.0,980,17,0.0,0.0,0.0,0.0,979.5,0.0
0,97800,VOLCANIC_ROCK_VOUCHER_9500,980.0,15.0,0.0,0.0,0.0,0.0,981,15,0.0,0.0,0.0,0.0,980.5,0.0
0,97900,VOLCANIC_ROCK_VOUCHER_9500,975.0,18.0,0.0,0.0,0.0,0.0,976,18,0.0,0.0,0.0,0.0,975.5,0.0
0,98000,VOLCANIC_ROCK_VOUCHER_9500,971.0,12.0,970.0,13.0,0.0,0.0,972,13,0.0,0.0,0.0,0.0,971.5,0.0
0,98100,VOLCANIC_ROCK_VOUCHER_9500,969.0,14.0,0.0,0.0,0.0,0.0,970,14,0.0,0.0,0.0,0.0,969.5,0.0
0,98200,VOLCANIC_ROCK_VOUCHER_9500,964.0,17.0,0.0,0.0,0.0,0.0,965,17,0.0,0.0,0.0,0.0,964.5,0.0
0,98300,VOLCANIC_ROCK_VOUCHER_9500,964.0,33.0,0.0,0.0,0.0,0.0,965,20,0.0,0.0,0.0,0.0,964.5,0.0
0,98400,VOLCANIC_ROCK_VOUCHER_9500,962.0,12.0,0.0,0.0,0.0,0.0,964,12,0.0,0.0,0.0,0.0,963.0,0.0
0,98500,VOLCANIC_ROCK_VOUCHER_9500,964.0,17.0,0.0,0.0,0.0,0.0,965,17,0.0,0.0,0.0,0.0,964.5,0.0
0,98600,VOLCANIC_ROCK_VOUCHER_9500,966.0,18.0,0.0,0.0,0.0,0.0,967,18,0.0,0.0,0.0,0.0,966.5,0.0
0,98700,VOLCANIC_ROCK_VOUCHER_9500,968.0,21.0,0.0,0.0,0.0,0.0,969,2,970.0,19.0,0.0,0.0,968.5,0.0
0,98800,VOLCANIC_ROCK_VOUCHER_9500,963.0,16.0,0.0,0.0,0.0,0.0,964,16,0.0,0.0,0.0,0.0,963.5,0.0
0,98900,VOLCANIC_ROCK_VOUCHER_9500,963.0,18.0,0.0,0.0,0.0,0.0,964,18,0.0,0.0,0.0,0.0,963.5,0.0
0,99000,VOLCANIC_ROCK_VOUCHER_9500,959.0,41.0,0.0,0.0,0.0,0.0,960,2,961.0,19.0,0.0,0.0,959.5,0.0
0,99100,VOLCANIC_ROCK_VOUCHER_9500,963.0,22.0,0.0,0.0,0.0,0.0,964,22,0.0,0.0,0.0,0.0,963.5,0.0
0,99200,VOLCANIC_ROCK_VOUCHER_9500,958.0,16.0,0.0,0.0,0.0,0.0,959,16,0.0,0.0,0.0,0.0,958.5,0.0
0,99300,VOLCANIC_ROCK_VOUCHER_9500,953.0,18.0,0.0,0.0,0.0,0.0,954,18,0.0,0.0,0.0,0.0,953.5,0.0
0,99400,VOLCANIC_ROCK_VOUCHER_9500,952.0,20.0,0.0,0.0,0.0,0.0,953,20,0.0,0.0,0.0,0.0,952.5,0.0
0,99500,VOLCANIC_ROCK_VOUCHER_9500,950.0,16.0,0.0,0.0,0.0,0.0,951,16,0.0,0.0,0.0,0.0,950.5,0.0
0,99600,VOLCANIC_ROCK_VOUCHER_9500,950.0,13.0,0.0,0.0,0.0,0.0,951,13,0.0,0.0,0.0,0.0,950.5,0.0
0,99700,VOLCANIC_ROCK_VOUCHER_9500,950.0,15.0,0.0,0.0,0.0,0.0,951,15,0.0,0.0,0.0,0.0,950.5,0.0
0,99800,VOLCANIC_ROCK_VOUCHER_9500,949.0,16.0,0.0,0.0,0.0,0.0,950,16,0.0,0.0,0.0,0.0,949.5,0.0
0,99900,VOLCANIC_ROCK_VOUCHER_9500,949.0,12.0,0.0,0.0,0.0,0.0,950,12,0.0,0.0,0.0,0.0,949.5,0.0
0,100000,VOLCANIC_ROCK_VOUCHER_9500,948.0,20.0,0.0,0.0,0.0,0.0,949,20,0.0,0.0,0.0,0.0,948.5,0.0
0,100100,VOLCANIC_ROCK_VOUCHER_9500,955.0,10.0,0.0,0.0,0.0,0.0,957,19,0.0,0.0,0.0,0.0,956.0,0.0
0,100200,VOLCANIC_ROCK_VOUCHER_9500,956.0,16.0,0.0,0.0,0.0,0.0,957,16,0.0,0.0,0.0,0.0,956.5,0.0
0,100300,VOLCANIC_ROCK_VOUCHER_9500,952.0,16.0,0.0,0.0,0.0,0.0,954,16,0.0,0.0,0.0,0.0,953.0,0.0
0,100400,VOLCANIC_ROCK_VOUCHER_9500,952.0,11.0,0.0,0.0,0.0,0.0,953,11,0.0,0.0,0.0,0.0,952.5,0.0
0,100500,VOLCANIC_ROCK_VOUCHER_9500,954.0,12.0,0.0,0.0,0.0,0.0,955,12,0.0,0.0,0.0,0.0,954.5,0.0
0,100600,VOLCANIC_ROCK_VOUCHER_9500,952.0,13.0,0.0,0.0,0.0,0.0,953,13,0.0,0.0,0.0,0.0,952.5,0.0
0,100700,VOLCANIC_ROCK_VOUCHER_9500,953.0,13.0,0.0,0.0,0.0,0.0,954,13,0.0,0.0,0.0,0.0,953.5,0.0
0,100800,VOLCANIC_ROCK_VOUCHER_9500,955.0,15.0,0.0,0.0,0.0,0.0,956,15,0.0,0.0,0.0,0.0,955.5,0.0
0,100900,VOLCANIC_ROCK_VOUCHER_9500,953.0,13.0,0.0,0.0,0.0,0.0,954,13,0.0,0.0,0.0,0.0,953.5,0.0
0,101000,VOLCANIC_ROCK_VOUCHER_9500,952.0,3.0,0.0,0.0,0.0,0.0,953,21,0.0,0.0,0.0,0.0,952.5,0.0
0,101100,VOLCANIC_ROCK_VOUCHER_9500,953.0,20.0,0.0,0.0,0.0,0.0,954,20,0.0,0.0,0.0,0.0,953.5,0.0
0,101200,VOLCANIC_ROCK_VOUCHER_9500,953.0,19.0,0.0,0.0,0.0,0.0,955,19,0.0,0.0,0.0,0.0,954.0,0.0
0,101300,VOLCANIC_ROCK_VOUCHER_9500,953.0,14.0,0.0,0.0,0.0,0.0,954,14,0.0,0.0,0.0,0.0,953.5,0.0
0,101400,VOLCANIC_ROCK_VOUCHER_9500,956.0,10.0,0.0,0.0,0.0,0.0,958,10,0.0,0.0,0.0,0.0,957.0,0.0
0,101500,VOLCANIC_ROCK_VOUCHER_9500,963.0,12.0,0.0,0.0,0.0,0.0,964,12,0.0,0.0,0.0,0.0,963.5,0.0
0,101600,VOLCANIC_ROCK_VOUCHER_9500,959.0,21.0,0.0,0.0,0.0,0.0,960,21,0.0,0.0,0.0,0.0,959.5,0.0
0,101700,VOLCANIC_ROCK_VOUCHER_9500,962.0,20.0,0.0,0.0,0.0,0.0,963,20,0.0,0.0,0.0,0.0,962.5,0.0
0,101800,VOLCANIC_ROCK_VOUCHER_9500,957.0,18.0,0.0,0.0,0.0,0.0,958,18,0.0,0.0,0.0,0.0,957.5,0.0
0,101900,VOLCANIC_ROCK_VOUCHER_9500,962.0,17.0,0.0,0.0,0.0,0.0,964,17,0.0,0.0,0.0,0.0,963.0,0.0
0,102000,VOLCANIC_ROCK_VOUCHER_9500,962.0,20.0,0.0,0.0,0.0,0.0,963,20,0.0,0.0,0.0,0.0,962.5,0.0
0,102100,VOLCANIC_ROCK_VOUCHER_9500,964.0,12.0,0.0,0.0,0.0,0.0,965,12,0.0,0.0,0.0,0.0,964.5,0.0
0,102200,VOLCANIC_ROCK_VOUCHER_9500,971.0,2.0,0.0,0.0,0.0,0.0,972,21,0.0,0.0,0.0,0.0,971.5,0.0
0,102300,VOLCANIC_ROCK_VOUCHER_9500,977.0,11.0,0.0,0.0,0.0,0.0,978,11,0.0,0.0,0.0,0.0,977.5,0.0
0,102400,VOLCANIC_ROCK_VOUCHER_9500,980.0,12.0,0.0,0.0,0.0,0.0,981,12,0.0,0.0,0.0,0.0,980.5,0.0
0,102500,VOLCANIC_ROCK_VOUCHER_9500,991.0,16.0,0.0,0.0,0.0,0.0,992,16,0.0,0.0,0.0,0.0,991.5,0.0
0,102600,VOLCANIC_ROCK_VOUCHER_9500,987.0,12.0,0.0,0.0,0.0,0.0,989,12,0.0,0.0,0.0,0.0,988.0,0.0
0,102700,VOLCANIC_ROCK_VOUCHER_9500,985.0,11.0,0.0,0.0,0.0,0.0,986,11,0.0,0.0,0.0,0.0,985.5,0.0
0,102800,VOLCANIC_ROCK_VOUCHER_9500,975.0,20.0,0.0,0.0,0.0,0.0,976,20,0.0,0.0,0.0,0.0,975.5,0.0
0,102900,VOLCANIC_ROCK_VOUCHER_9500,969.0,19.0,0.0,0.0,0.0,0.0,970,19,0.0,0.0,0.0,0.0,969.5,0.0
0,103000,VOLCANIC_ROCK_VOUCHER_9500,966.0,4.0,0.0,0.0,0.0,0.0,967,16,0.0,0.0,0.0,0.0,966.5,0.0
0,103100,VOLCANIC_ROCK_VOUCHER_9500,965.0,15.0,0.0,0.0,0.0,0.0,966,15,0.0,0.0,0.0,0.0,965.5,0.0
0,103200,VOLCANIC_ROCK_VOUCHER_9500,966.0,18.0,0.0,0.0,0.0,0.0,967,18,0.0,0.0,0.0,0.0,966.5,0.0
0,103300,VOLCANIC_ROCK_VOUCHER_9500,967.0,14.0,0.0,0.0,0.0,0.0,968,14,0.0,0.0,0.0,0.0,967.5,0.0
0,103400,VOLCANIC_ROCK_VOUCHER_9500,963.0,19.0,0.0,0.0,0.0,0.0,965,19,0.0,0.0,0.0,0.0,964.0,0.0
0,103500,VOLCANIC_ROCK_VOUCHER_9500,963.0,16.0,0.0,0.0,0.0,0.0,964,16,0.0,0.0,0.0,0.0,963.5,0.0
0,103600,VOLCANIC_ROCK_VOUCHER_9500,964.0,15.0,0.0,0.0,0.0,0.0,965,15,0.0,0.0,0.0,0.0,964.5,0.0
0,103700,VOLCANIC_ROCK_VOUCHER_9500,967.0,13.0,0.0,0.0,0.0,0.0,968,13,0.0,0.0,0.0,0.0,967.5,0.0
0,103800,VOLCANIC_ROCK_VOUCHER_9500,968.0,17.0,0.0,0.0,0.0,0.0,969,17,0.0,0.0,0.0,0.0,968.5,0.0
0,103900,VOLCANIC_ROCK_VOUCHER_9500,963.0,17.0,0.0,0.0,0.0,0.0,964,17,0.0,0.0,0.0,0.0,963.5,0.0
0,104000,VOLCANIC_ROCK_VOUCHER_9500,962.0,32.0,0.0,0.0,0.0,0.0,963,18,0.0,0.0,0.0,0.0,962.5,0.0
0,104100,VOLCANIC_ROCK_VOUCHER_9500,967.0,11.0,0.0,0.0,0.0,0.0,969,11,0.0,0.0,0.0,0.0,968.0,0.0
0,104200,VOLCANIC_ROCK_VOUCHER_9500,967.0,17.0,0.0,0.0,0.0,0.0,968,17,0.0,0.0,0.0,0.0,967.5,0.0
0,104300,VOLCANIC_ROCK_VOUCHER_9500,961.0,19.0,0.0,0.0,0.0,0.0,962,19,0.0,0.0,0.0,0.0,961.5,0.0
0,104400,VOLCANIC_ROCK_VOUCHER_9500,960.0,20.0,0.0,0.0,0.0,0.0,961,20,0.0,0.0,0.0,0.0,960.5,0.0
0,104500,VOLCANIC_ROCK_VOUCHER_9500,955.0,20.0,0.0,0.0,0.0,0.0,956,20,0.0,0.0,0.0,0.0,955.5,0.0
0,104600,VOLCANIC_ROCK_VOUCHER_9500,952.0,20.0,0.0,0.0,0.0,0.0,953,20,0.0,0.0,0.0,0.0,952.5,0.0
0,104700,VOLCANIC_ROCK_VOUCHER_9500,949.0,18.0,0.0,0.0,0.0,0.0,950,18,0.0,0.0,0.0,0.0,949.5,0.0
0,104800,VOLCANIC_ROCK_VOUCHER_9500,950.0,11.0,0.0,0.0,0.0,0.0,951,11,0.0,0.0,0.0,0.0,950.5,0.0
0,104900,VOLCANIC_ROCK_VOUCHER_9500,949.0,16.0,0.0,0.0,0.0,0.0,950,16,0.0,0.0,0.0,0.0,949.5,0.0
0,105000,VOLCANIC_ROCK_VOUCHER_9500,952.0,16.0,0.0,0.0,0.0,0.0,953,16,0.0,0.0,0.0,0.0,952.5,0.0
0,105100,VOLCANIC_ROCK_VOUCHER_9500,954.0,19.0,0.0,0.0,0.0,0.0,955,19,0.0,0.0,0.0,0.0,954.5,0.0
0,105200,VOLCANIC_ROCK_VOUCHER_9500,959.0,19.0,0.0,0.0,0.0,0.0,961,19,0.0,0.0,0.0,0.0,960.0,0.0
0,105300,VOLCANIC_ROCK_VOUCHER_9500,958.0,2.0,0.0,0.0,0.0,0.0,959,20,0.0,0.0,0.0,0.0,958.5,0.0
0,105400,VOLCANIC_ROCK_VOUCHER_9500,960.0,17.0,0.0,0.0,0.0,0.0,961,17,0.0,0.0,0.0,0.0,960.5,0.0
0,105500,VOLCANIC_ROCK_VOUCHER_9500,960.0,11.0,0.0,0.0,0.0,0.0,961,19,0.0,0.0,0.0,0.0,960.5,0.0
0,105600,VOLCANIC_ROCK_VOUCHER_9500,956.0,11.0,0.0,0.0,0.0,0.0,957,11,0.0,0.0,0.0,0.0,956.5,0.0
0,105700,VOLCANIC_ROCK_VOUCHER_9500,955.0,15.0,0.0,0.0,0.0,0.0,956,15,0.0,0.0,0.0,0.0,955.5,0.0
0,105800,VOLCANIC_ROCK_VOUCHER_9500,959.0,20.0,0.0,0.0,0.0,0.0,960,20,0.0,0.0,0.0,0.0,959.5,0.0
0,105900,VOLCANIC_ROCK_VOUCHER_9500,959.0,10.0,0.0,0.0,0.0,0.0,960,10,0.0,0.0,0.0,0.0,959.5,0.0
0,106000,VOLCANIC_ROCK_VOUCHER_9500,959.0,21.0,0.0,0.0,0.0,0.0,960,21,0.0,0.0,0.0,0.0,959.5,0.0
0,106100,VOLCANIC_ROCK_VOUCHER_9500,961.0,13.0,0.0,0.0,0.0,0.0,962,13,0.0,0.0,0.0,0.0,961.5,0.0
0,106200,VOLCANIC_ROCK_VOUCHER_9500,960.0,18.0,0.0,0.0,0.0,0.0,961,18,0.0,0.0,0.0,0.0,960.5,0.0
0,106300,VOLCANIC_ROCK_VOUCHER_9500,956.0,12.0,0.0,0.0,0.0,0.0,957,12,0.0,0.0,0.0,0.0,956.5,0.0
0,106400,VOLCANIC_ROCK_VOUCHER_9500,950.0,22.0,949.0,11.0,0.0,0.0,951,13,0.0,0.0,0.0,0.0,950.5,0.0
0,106500,VOLCANIC_ROCK_VOUCHER_9500,952.0,17.0,0.0,0.0,0.0,0.0,953,17,0.0,0.0,0.0,0.0,952.5,0.0
0,106600,VOLCANIC_ROCK_VOUCHER_9500,954.0,13.0,0.0,0.0,0.0,0.0,955,13,0.0,0.0,0.0,0.0,954.5,0.0
0,106700,VOLCANIC_ROCK_VOUCHER_9500,954.0,12.0,0.0,0.0,0.0,0.0,955,12,0.0,0.0,0.0,0.0,954.5,0.0
0,106800,VOLCANIC_ROCK_VOUCHER_9500,953.0,18.0,0.0,0.0,0.0,0.0,954,18,0.0,0.0,0.0,0.0,953.5,0.0
0,106900,VOLCANIC_ROCK_VOUCHER_9500,0.0,0.0,0.0,0.0,0.0,0.0,955,5,956.0,15.0,0.0,0.0,955.0,0.0
0,107000,VOLCANIC_ROCK_VOUCHER_9500,952.0,15.0,0.0,0.0,0.0,0.0,953,15,0.0,0.0,0.0,0.0,952.5,0.0
0,107100,VOLCANIC_ROCK_VOUCHER_9500,955.0,18.0,0.0,0.0,0.0,0.0,956,18,0.0,0.0,0.0,0.0,955.5,0.0
0,107200,VOLCANIC_ROCK_VOUCHER_9500,953.0,17.0,0.0,0.0,0.0,0.0,954,17,0.0,0.0,0.0,0.0,953.5,0.0
0,107300,VOLCANIC_ROCK_VOUCHER_9500,954.0,11.0,0.0,0.0,0.0,0.0,955,11,0.0,0.0,0.0,0.0,954.5,0.0
0,107400,VOLCANIC_ROCK_VOUCHER_9500,951.0,20.0,0.0,0.0,0.0,0.0,952,15,0.0,0.0,0.0,0.0,951.5,0.0
0,107500,VOLCANIC_ROCK_VOUCHER_9500,953.0,13.0,0.0,0.0,0.0,0.0,955,13,0.0,0.0,0.0,0.0,954.0,0.0
0,107600,VOLCANIC_ROCK_VOUCHER_9500,955.0,16.0,0.0,0.0,0.0,0.0,957,16,0.0,0.0,0.0,0.0,956.0,0.0
0,107700,VOLCANIC_ROCK_VOUCHER_9500,951.0,19.0,0.0,0.0,0.0,0.0,952,19,0.0,0.0,0.0,0.0,951.5,0.0
0,107800,VOLCANIC_ROCK_VOUCHER_9500,959.0,27.0,0.0,0.0,0.0,0.0,960,13,0.0,0.0,0.0,0.0,959.5,0.0
0,107900,VOLCANIC_ROCK_VOUCHER_9500,957.0,15.0,0.0,0.0,0.0,0.0,958,15,0.0,0.0,0.0,0.0,957.5,0.0
0,108000,VOLCANIC_ROCK_VOUCHER_9500,957.0,19.0,0.0,0.0,0.0,0.0,958,19,0.0,0.0,0.0,0.0,957.5,0.0
0,108100,VOLCANIC_ROCK_VOUCHER_9500,954.0,20.0,0.0,0.0,0.0,0.0,955,20,0.0,0.0,0.0,0.0,954.5,0.0
0,108200,VOLCANIC_ROCK_VOUCHER_9500,956.0,12.0,0.0,0.0,0.0,0.0,957,12,0.0,0.0,0.0,0.0,956.5,0.0
0,108300,VOLCANIC_ROCK_VOUCHER_9500,954.0,15.0,0.0,0.0,0.0,0.0,955,15,0.0,0.0,0.0,0.0,954.5,0.0
0,108400,VOLCANIC_ROCK_VOUCHER_9500,0.0,0.0,0.0,0.0,0.0,0.0,953,3,954.0,15.0,0.0,0.0,953.0,0.0
0,108500,VOLCANIC_ROCK_VOUCHER_9500,951.0,34.0,0.0,0.0,0.0,0.0,952,14,0.0,0.0,0.0,0.0,951.5,0.0
0,108600,VOLCANIC_ROCK_VOUCHER_9500,953.0,11.0,0.0,0.0,0.0,0.0,954,11,0.0,0.0,0.0,0.0,953.5,0.0
0,108700,VOLCANIC_ROCK_VOUCHER_9500,0.0,0.0,0.0,0.0,0.0,0.0,952,1,953.0,13.0,0.0,0.0,952.0,0.0
0,108800,VOLCANIC_ROCK_VOUCHER_9500,952.0,17.0,0.0,0.0,0.0,0.0,953,17,0.0,0.0,0.0,0.0,952.5,0.0
0,108900,VOLCANIC_ROCK_VOUCHER_9500,955.0,18.0,0.0,0.0,0.0,0.0,957,18,0.0,0.0,0.0,0.0,956.0,0.0
0,109000,VOLCANIC_ROCK_VOUCHER_9500,953.0,11.0,0.0,0.0,0.0,0.0,954,11,0.0,0.0,0.0,0.0,953.5,0.0
0,109100,VOLCANIC_ROCK_VOUCHER_9500,0.0,0.0,0.0,0.0,0.0,0.0,954,7,955.0,13.0,0.0,0.0,954.0,0.0
0,109200,VOLCANIC_ROCK_VOUCHER_9500,958.0,11.0,0.0,0.0,0.0,0.0,959,11,0.0,0.0,0.0,0.0,958.5,0.0
0,109300,VOLCANIC_ROCK_VOUCHER_9500,0.0,0.0,0.0,0.0,0.0,0.0,958,5,959.0,13.0,0.0,0.0,958.0,0.0
0,109400,VOLCANIC_ROCK_VOUCHER_9500,960.0,19.0,0.0,0.0,0.0,0.0,961,19,0.0,0.0,0.0,0.0,960.5,0.0
0,109500,VOLCANIC_ROCK_VOUCHER_9500,964.0,16.0,0.0,0.0,0.0,0.0,965,16,0.0,0.0,0.0,0.0,964.5,0.0
0,109600,VOLCANIC_ROCK_VOUCHER_9500,963.0,15.0,0.0,0.0,0.0,0.0,964,15,0.0,0.0,0.0,0.0,963.5,0.0
0,109700,VOLCANIC_ROCK_VOUCHER_9500,958.0,12.0,0.0,0.0,0.0,0.0,959,12,0.0,0.0,0.0,0.0,958.5,0.0
0,109800,VOLCANIC_ROCK_VOUCHER_9500,957.0,15.0,0.0,0.0,0.0,0.0,958,15,0.0,0.0,0.0,0.0,957.5,0.0
0,109900,VOLCANIC_ROCK_VOUCHER_9500,952.0,16.0,0.0,0.0,0.0,0.0,953,16,0.0,0.0,0.0,0.0,952.5,0.0
0,110000,VOLCANIC_ROCK_VOUCHER_9500,953.0,17.0,0.0,0.0,0.0,0.0,954,17,0.0,0.0,0.0,0.0,953.5,0.0
0,110100,VOLCANIC_ROCK_VOUCHER_9500,954.0,19.0,0.0,0.0,0.0,0.0,955,19,0.0,0.0,0.0,0.0,954.5,0.0
0,110200,VOLCANIC_ROCK_VOUCHER_9500,956.0,18.0,0.0,0.0,0.0,0.0,957,18,0.0,0.0,0.0,0.0,956.5,0.0
0,110300,VOLCANIC_ROCK_VOUCHER_9500,961.0,1.0,960.0,15.0,0.0,0.0,962,16,0.0,0.0,0.0,0.0,961.5,0.0
0,110400,VOLCANIC_ROCK_VOUCHER_9500,958.0,14.0,0.0,0.0,0.0,0.0,959,14,0.0,0.0,0.0,0.0,958.5,0.0
0,110500,VOLCANIC_ROCK_VOUCHER_9500,959.0,14.0,0.0,0.0,0.0,0.0,960,14,0.0,0.0,0.0,0.0,959.5,0.0
0,110600,VOLCANIC_ROCK_VOUCHER_9500,958.0,17.0,0.0,0.0,0.0,0.0,959,17,0.0,0.0,0.0,0.0,958.5,0.0
0,110700,VOLCANIC_ROCK_VOUCHER_9500,958.0,16.0,0.0,0.0,0.0,0.0,959,16,0.0,0.0,0.0,0.0,958.5,0.0
0,110800,VOLCANIC_ROCK_VOUCHER_9500,953.0,32.0,0.0,0.0,0.0,0.0,954,21,0.0,0.0,0.0,0.0,953.5,0.0
0,110900,VOLCANIC_ROCK_VOUCHER_9500,957.0,4.0,0.0,0.0,0.0,0.0,959,15,0.0,0.0,0.0,0.0,958.0,0.0
0,111000,VOLCANIC_ROCK_VOUCHER_9500,957.0,18.0,0.0,0.0,0.0,0.0,958,18,0.0,0.0,0.0,0.0,957.5,0.0
0,111100,VOLCANIC_ROCK_VOUCHER_9500,955.0,11.0,0.0,0.0,0.0,0.0,956,11,0.0,0.0,0.0,0.0,955.5,0.0
0,111200,VOLCANIC_ROCK_VOUCHER_9500,953.0,16.0,0.0,0.0,0.0,0.0,954,16,0.0,0.0,0.0,0.0,953.5,0.0
0,111300,VOLCANIC_ROCK_VOUCHER_9500,956.0,13.0,0.0,0.0,0.0,0.0,957,13,0.0,0.0,0.0,0.0,956.5,0.0
0,111400,VOLCANIC_ROCK_VOUCHER_9500,961.0,11.0,0.0,0.0,0.0,0.0,962,11,0.0,0.0,0.0,0.0,961.5,0.0
0,111500,VOLCANIC_ROCK_VOUCHER_9500,971.0,12.0,0.0,0.0,0.0,0.0,972,12,0.0,0.0,0.0,0.0,971.5,0.0
0,111600,VOLCANIC_ROCK_VOUCHER_9500,969.0,21.0,0.0,0.0,0.0,0.0,970,21,0.0,0.0,0.0,0.0,969.5,0.0
0,111700,VOLCANIC_ROCK_VOUCHER_9500,968.0,4.0,0.0,0.0,0.0,0.0,969,18,0.0,0.0,0.0,0.0,968.5,0.0
0,111800,VOLCANIC_ROCK_VOUCHER_9500,966.0,14.0,0.0,0.0,0.0,0.0,967,14,0.0,0.0,0.0,0.0,966.5,0.0
0,111900,VOLCANIC_ROCK_VOUCHER_9500,966.0,19.0,0.0,0.0,0.0,0.0,967,19,0.0,0.0,0.0,0.0,966.5,0.0
0,112000,VOLCANIC_ROCK_VOUCHER_9500,961.0,21.0,0.0,0.0,0.0,0.0,962,21,0.0,0.0,0.0,0.0,961.5,0.0
0,112100,VOLCANIC_ROCK_VOUCHER_9500,961.0,18.0,0.0,0.0,0.0,0.0,962,18,0.0,0.0,0.0,0.0,961.5,0.0
0,112200,VOLCANIC_ROCK_VOUCHER_9500,963.0,11.0,0.0,0.0,0.0,0.0,964,11,0.0,0.0,0.0,0.0,963.5,0.0
0,112300,VOLCANIC_ROCK_VOUCHER_9500,966.0,40.0,0.0,0.0,0.0,0.0,967,22,0.0,0.0,0.0,0.0,966.5,0.0
0,112400,VOLCANIC_ROCK_VOUCHER_9500,966.0,10.0,0.0,0.0,0.0,0.0,968,10,0.0,0.0,0.0,0.0,967.0,0.0
0,112500,VOLCANIC_ROCK_VOUCHER_9500,968.0,17.0,0.0,0.0,0.0,0.0,969,17,0.0,0.0,0.0,0.0,968.5,0.0
0,112600,VOLCANIC_ROCK_VOUCHER_9500,968.0,19.0,0.0,0.0,0.0,0.0,969,19,0.0,0.0,0.0,0.0,968.5,0.0
0,112700,VOLCANIC_ROCK_VOUCHER_9500,967.0,11.0,0.0,0.0,0.0,0.0,968,1,969.0,10.0,0.0,0.0,967.5,0.0
0,112800,VOLCANIC_ROCK_VOUCHER_9500,964.0,20.0,0.0,0.0,0.0,0.0,965,20,0.0,0.0,0.0,0.0,964.5,0.0
0,112900,VOLCANIC_ROCK_VOUCHER_9500,964.0,15.0,0.0,0.0,0.0,0.0,965,15,0.0,0.0,0.0,0.0,964.5,0.0
0,113000,VOLCANIC_ROCK_VOUCHER_9500,965.0,21.0,0.0,0.0,0.0,0.0,966,21,0.0,0.0,0.0,0.0,965.5,0.0
0,113100,VOLCANIC_ROCK_VOUCHER_9500,967.0,20.0,0.0,0.0,0.0,0.0,968,20,0.0,0.0,0.0,0.0,967.5,0.0
0,113200,VOLCANIC_ROCK_VOUCHER_9500,970.0,21.0,0.0,0.0,0.0,0.0,971,21,0.0,0.0,0.0,0.0,970.5,0.0
0,113300,VOLCANIC_ROCK_VOUCHER_9500,972.0,20.0,0.0,0.0,0.0,0.0,973,20,0.0,0.0,0.0,0.0,972.5,0.0
0,113400,VOLCANIC_ROCK_VOUCHER_9500,971.0,15.0,0.0,0.0,0.0,0.0,972,15,0.0,0.0,0.0,0.0,971.5,0.0
0,113500,VOLCANIC_ROCK_VOUCHER_9500,970.0,13.0,0.0,0.0,0.0,0.0,971,13,0.0,0.0,0.0,0.0,970.5,0.0
0,113600,VOLCANIC_ROCK_VOUCHER_9500,972.0,17.0,0.0,0.0,0.0,0.0,973,17,0.0,0.0,0.0,0.0,972.5,0.0
0,113700,VOLCANIC_ROCK_VOUCHER_9500,972.0,20.0,0.0,0.0,0.0,0.0,973,20,0.0,0.0,0.0,0.0,972.5,0.0
0,113800,VOLCANIC_ROCK_VOUCHER_9500,973.0,20.0,0.0,0.0,0.0,0.0,974,20,0.0,0.0,0.0,0.0,973.5,0.0
0,113900,VOLCANIC_ROCK_VOUCHER_9500,973.0,11.0,0.0,0.0,0.0,0.0,974,11,0.0,0.0,0.0,0.0,973.5,0.0
0,114000,VOLCANIC_ROCK_VOUCHER_9500,973.0,19.0,0.0,0.0,0.0,0.0,974,19,0.0,0.0,0.0,0.0,973.5,0.0
0,114100,VOLCANIC_ROCK_VOUCHER_9500,979.0,21.0,0.0,0.0,0.0,0.0,980,21,0.0,0.0,0.0,0.0,979.5,0.0
0,114200,VOLCANIC_ROCK_VOUCHER_9500,981.0,13.0,0.0,0.0,0.0,0.0,982,13,0.0,0.0,0.0,0.0,981.5,0.0
0,114300,VOLCANIC_ROCK_VOUCHER_9500,979.0,12.0,0.0,0.0,0.0,0.0,980,12,0.0,0.0,0.0,0.0,979.5,0.0
0,114400,VOLCANIC_ROCK_VOUCHER_9500,978.0,14.0,0.0,0.0,0.0,0.0,979,14,0.0,0.0,0.0,0.0,978.5,0.0
0,114500,VOLCANIC_ROCK_VOUCHER_9500,979.0,17.0,0.0,0.0,0.0,0.0,981,17,0.0,0.0,0.0,0.0,980.0,0.0
0,114600,VOLCANIC_ROCK_VOUCHER_9500,978.0,18.0,0.0,0.0,0.0,0.0,979,18,0.0,0.0,0.0,0.0,978.5,0.0
0,114700,VOLCANIC_ROCK_VOUCHER_9500,977.0,19.0,0.0,0.0,0.0,0.0,978,19,0.0,0.0,0.0,0.0,977.5,0.0
0,114800,VOLCANIC_ROCK_VOUCHER_9500,977.0,14.0,0.0,0.0,0.0,0.0,979,14,0.0,0.0,0.0,0.0,978.0,0.0
0,114900,VOLCANIC_ROCK_VOUCHER_9500,982.0,12.0,0.0,0.0,0.0,0.0,983,12,0.0,0.0,0.0,0.0,982.5,0.0
0,115000,VOLCANIC_ROCK_VOUCHER_9500,978.0,15.0,0.0,0.0,0.0,0.0,979,15,0.0,0.0,0.0,0.0,978.5,0.0
0,115100,VOLCANIC_ROCK_VOUCHER_9500,978.0,15.0,0.0,0.0,0.0,0.0,979,15,0.0,0.0,0.0,0.0,978.5,0.0
0,115200,VOLCANIC_ROCK_VOUCHER_9500,979.0,20.0,0.0,0.0,0.0,0.0,980,20,0.0,0.0,0.0,0.0,979.5,0.0
0,115300,VOLCANIC_ROCK_VOUCHER_9500,975.0,14.0,0.0,0.0,0.0,0.0,976,14,0.0,0.0,0.0,0.0,975.5,0.0
0,115400,VOLCANIC_ROCK_VOUCHER_9500,979.0,16.0,0.0,0.0,0.0,0.0,981,16,0.0,0.0,0.0,0.0,980.0,0.0
0,115500,VOLCANIC_ROCK_VOUCHER_9500,979.0,17.0,0.0,0.0,0.0,0.0,980,17,0.0,0.0,0.0,0.0,979.5,0.0
0,115600,VOLCANIC_ROCK_VOUCHER_9500,983.0,18.0,0.0,0.0,0.0,0.0,984,18,0.0,0.0,0.0,0.0,983.5,0.0
0,115700,VOLCANIC_ROCK_VOUCHER_9500,982.0,19.0,0.0,0.0,0.0,0.0,983,19,0.0,0.0,0.0,0.0,982.5,0.0
0,115800,VOLCANIC_ROCK_VOUCHER_9500,983.0,13.0,0.0,0.0,0.0,0.0,984,13,0.0,0.0,0.0,0.0,983.5,0.0
0,115900,VOLCANIC_ROCK_VOUCHER_9500,986.0,11.0,0.0,0.0,0.0,0.0,987,11,0.0,0.0,0.0,0.0,986.5,0.0
0,116000,VOLCANIC_ROCK_VOUCHER_9500,983.0,20.0,0.0,0.0,0.0,0.0,984,20,0.0,0.0,0.0,0.0,983.5,0.0
0,116100,VOLCANIC_ROCK_VOUCHER_9500,983.0,13.0,0.0,0.0,0.0,0.0,984,13,0.0,0.0,0.0,0.0,983.5,0.0
0,116200,VOLCANIC_ROCK_VOUCHER_9500,982.0,13.0,0.0,0.0,0.0,0.0,983,13,0.0,0.0,0.0,0.0,982.5,0.0
0,116300,VOLCANIC_ROCK_VOUCHER_9500,982.0,14.0,0.0,0.0,0.0,0.0,983,14,0.0,0.0,0.0,0.0,982.5,0.0
0,116400,VOLCANIC_ROCK_VOUCHER_9500,982.0,21.0,0.0,0.0,0.0,0.0,983,21,0.0,0.0,0.0,0.0,982.5,0.0
0,116500,VOLCANIC_ROCK_VOUCHER_9500,980.0,12.0,0.0,0.0,0.0,0.0,981,12,0.0,0.0,0.0,0.0,980.5,0.0
0,116600,VOLCANIC_ROCK_VOUCHER_9500,975.0,18.0,974.0,16.0,0.0,0.0,976,16,0.0,0.0,0.0,0.0,975.5,0.0
0,116700,VOLCANIC_ROCK_VOUCHER_9500,977.0,21.0,0.0,0.0,0.0,0.0,978,21,0.0,0.0,0.0,0.0,977.5,0.0
0,116800,VOLCANIC_ROCK_VOUCHER_9500,977.0,18.0,0.0,0.0,0.0,0.0,978,18,0.0,0.0,0.0,0.0,977.5,0.0
0,116900,VOLCANIC_ROCK_VOUCHER_9500,979.0,17.0,0.0,0.0,0.0,0.0,980,17,0.0,0.0,0.0,0.0,979.5,0.0
0,117000,VOLCANIC_ROCK_VOUCHER_9500,976.0,20.0,0.0,0.0,0.0,0.0,977,20,0.0,0.0,0.0,0.0,976.5,0.0
0,117100,VOLCANIC_ROCK_VOUCHER_9500,979.0,14.0,0.0,0.0,0.0,0.0,980,14,0.0,0.0,0.0,0.0,979.5,0.0
0,117200,VOLCANIC_ROCK_VOUCHER_9500,976.0,13.0,0.0,0.0,0.0,0.0,977,13,0.0,0.0,0.0,0.0,976.5,0.0
0,117300,VOLCANIC_ROCK_VOUCHER_9500,974.0,3.0,0.0,0.0,0.0,0.0,975,13,0.0,0.0,0.0,0.0,974.5,0.0
0,117400,VOLCANIC_ROCK_VOUCHER_9500,969.0,21.0,0.0,0.0,0.0,0.0,970,21,0.0,0.0,0.0,0.0,969.5,0.0
0,117500,VOLCANIC_ROCK_VOUCHER_9500,972.0,20.0,0.0,0.0,0.0,0.0,973,20,0.0,0.0,0.0,0.0,972.5,0.0
0,117600,VOLCANIC_ROCK_VOUCHER_9500,970.0,20.0,0.0,0.0,0.0,0.0,971,20,0.0,0.0,0.0,0.0,970.5,0.0
0,117700,VOLCANIC_ROCK_VOUCHER_9500,961.0,16.0,0.0,0.0,0.0,0.0,962,16,0.0,0.0,0.0,0.0,961.5,0.0
0,117800,VOLCANIC_ROCK_VOUCHER_9500,961.0,12.0,0.0,0.0,0.0,0.0,963,12,0.0,0.0,0.0,0.0,962.0,0.0
0,117900,VOLCANIC_ROCK_VOUCHER_9500,963.0,15.0,0.0,0.0,0.0,0.0,965,15,0.0,0.0,0.0,0.0,964.0,0.0
0,118000,VOLCANIC_ROCK_VOUCHER_9500,965.0,11.0,0.0,0.0,0.0,0.0,966,11,0.0,0.0,0.0,0.0,965.5,0.0
0,118100,VOLCANIC_ROCK_VOUCHER_9500,960.0,11.0,0.0,0.0,0.0,0.0,962,11,0.0,0.0,0.0,0.0,961.0,0.0
0,118200,VOLCANIC_ROCK_VOUCHER_9500,961.0,15.0,0.0,0.0,0.0,0.0,962,15,0.0,0.0,0.0,0.0,961.5,0.0
0,118300,VOLCANIC_ROCK_VOUCHER_9500,965.0,11.0,0.0,0.0,0.0,0.0,966,11,0.0,0.0,0.0,0.0,965.5,0.0
0,118400,VOLCANIC_ROCK_VOUCHER_9500,968.0,21.0,0.0,0.0,0.0,0.0,969,21,0.0,0.0,0.0,0.0,968.5,0.0
0,118500,VOLCANIC_ROCK_VOUCHER_9500,965.0,22.0,0.0,0.0,0.0,0.0,966,12,0.0,0.0,0.0,0.0,965.5,0.0
0,118600,VOLCANIC_ROCK_VOUCHER_9500,968.0,4.0,0.0,0.0,0.0,0.0,969,15,0.0,0.0,0.0,0.0,968.5,0.0
0,118700,VOLCANIC_ROCK_VOUCHER_9500,964.0,15.0,0.0,0.0,0.0,0.0,965,15,0.0,0.0,0.0,0.0,964.5,0.0
0,118800,VOLCANIC_ROCK_VOUCHER_9500,974.0,14.0,0.0,0.0,0.0,0.0,975,14,0.0,0.0,0.0,0.0,974.5,0.0
0,118900,VOLCANIC_ROCK_VOUCHER_9500,971.0,11.0,0.0,0.0,0.0,0.0,972,11,0.0,0.0,0.0,0.0,971.5,0.0
0,119000,VOLCANIC_ROCK_VOUCHER_9500,971.0,14.0,0.0,0.0,0.0,0.0,972,14,0.0,0.0,0.0,0.0,971.5,0.0
0,119100,VOLCANIC_ROCK_VOUCHER_9500,973.0,15.0,0.0,0.0,0.0,0.0,974,15,0.0,0.0,0.0,0.0,973.5,0.0
0,119200,VOLCANIC_ROCK_VOUCHER_9500,977.0,21.0,0.0,0.0,0.0,0.0,978,21,0.0,0.0,0.0,0.0,977.5,0.0
0,119300,VOLCANIC_ROCK_VOUCHER_9500,983.0,20.0,0.0,0.0,0.0,0.0,984,20,0.0,0.0,0.0,0.0,983.5,0.0
0,119400,VOLCANIC_ROCK_VOUCHER_9500,981.0,20.0,0.0,0.0,0.0,0.0,982,20,0.0,0.0,0.0,0.0,981.5,0.0
0,119500,VOLCANIC_ROCK_VOUCHER_9500,979.0,15.0,978.0,20.0,0.0,0.0,980,20,0.0,0.0,0.0,0.0,979.5,0.0
0,119600,VOLCANIC_ROCK_VOUCHER_9500,975.0,17.0,0.0,0.0,0.0,0.0,977,17,0.0,0.0,0.0,0.0,976.0,0.0
0,119700,VOLCANIC_ROCK_VOUCHER_9500,973.0,13.0,0.0,0.0,0.0,0.0,974,13,0.0,0.0,0.0,0.0,973.5,0.0
0,119800,VOLCANIC_ROCK_VOUCHER_9500,973.0,17.0,0.0,0.0,0.0,0.0,975,17,0.0,0.0,0.0,0.0,974.0,0.0
0,119900,VOLCANIC_ROCK_VOUCHER_9500,971.0,22.0,0.0,0.0,0.0,0.0,972,22,0.0,0.0,0.0,0.0,971.5,0.0
0,120000,VOLCANIC_ROCK_VOUCHER_9500,971.0,15.0,0.0,0.0,0.0,0.0,972,15,0.0,0.0,0.0,0.0,971.5,0.0
0,120100,VOLCANIC_ROCK_VOUCHER_9500,963.0,22.0,0.0,0.0,0.0,0.0,964,2,965.0,20.0,0.0,0.0,963.5,0.0
0,120200,VOLCANIC_ROCK_VOUCHER_9500,966.0,18.0,0.0,0.0,0.0,0.0,967,18,0.0,0.0,0.0,0.0,966.5,0.0
0,120300,VOLCANIC_ROCK_VOUCHER_9500,963.0,18.0,0.0,0.0,0.0,0.0,964,18,0.0,0.0,0.0,0.0,963.5,0.0
0,120400,VOLCANIC_ROCK_VOUCHER_9500,968.0,15.0,0.0,0.0,0.0,0.0,969,15,0.0,0.0,0.0,0.0,968.5,0.0
0,120500,VOLCANIC_ROCK_VOUCHER_9500,967.0,17.0,0.0,0.0,0.0,0.0,968,17,0.0,0.0,0.0,0.0,967.5,0.0
0,120600,VOLCANIC_ROCK_VOUCHER_9500,966.0,21.0,0.0,0.0,0.0,0.0,967,21,0.0,0.0,0.0,0.0,966.5,0.0
0,120700,VOLCANIC_ROCK_VOUCHER_9500,962.0,13.0,0.0,0.0,0.0,0.0,963,13,0.0,0.0,0.0,0.0,962.5,0.0
0,120800,VOLCANIC_ROCK_VOUCHER_9500,960.0,13.0,0.0,0.0,0.0,0.0,961,13,0.0,0.0,0.0,0.0,960.5,0.0
0,120900,VOLCANIC_ROCK_VOUCHER_9500,960.0,14.0,0.0,0.0,0.0,0.0,961,14,0.0,0.0,0.0,0.0,960.5,0.0
0,121000,VOLCANIC_ROCK_VOUCHER_9500,960.0,21.0,0.0,0.0,0.0,0.0,961,21,0.0,0.0,0.0,0.0,960.5,0.0
0,121100,VOLCANIC_ROCK_VOUCHER_9500,0.0,0.0,0.0,0.0,0.0,0.0,962,1,963.0,13.0,0.0,0.0,962.0,0.0
0,121200,VOLCANIC_ROCK_VOUCHER_9500,962.0,15.0,0.0,0.0,0.0,0.0,963,15,0.0,0.0,0.0,0.0,962.5,0.0
0,121300,VOLCANIC_ROCK_VOUCHER_9500,961.0,12.0,0.0,0.0,0.0,0.0,962,12,0.0,0.0,0.0,0.0,961.5,0.0
0,121400,VOLCANIC_ROCK_VOUCHER_9500,961.0,16.0,0.0,0.0,0.0,0.0,963,16,0.0,0.0,0.0,0.0,962.0,0.0
0,121500,VOLCANIC_ROCK_VOUCHER_9500,963.0,18.0,0.0,0.0,0.0,0.0,964,18,0.0,0.0,0.0,0.0,963.5,0.0
0,121600,VOLCANIC_ROCK_VOUCHER_9500,960.0,7.0,0.0,0.0,0.0,0.0,962,20,0.0,0.0,0.0,0.0,961.0,0.0
0,121700,VOLCANIC_ROCK_VOUCHER_9500,958.0,1.0,0.0,0.0,0.0,0.0,959,21,0.0,0.0,0.0,0.0,958.5,0.0
0,121800,VOLCANIC_ROCK_VOUCHER_9500,962.0,13.0,0.0,0.0,0.0,0.0,963,13,0.0,0.0,0.0,0.0,962.5,0.0
0,121900,VOLCANIC_ROCK_VOUCHER_9500,963.0,12.0,0.0,0.0,0.0,0.0,964,12,0.0,0.0,0.0,0.0,963.5,0.0
0,122000,VOLCANIC_ROCK_VOUCHER_9500,962.0,17.0,0.0,0.0,0.0,0.0,964,17,0.0,0.0,0.0,0.0,963.0,0.0
0,122100,VOLCANIC_ROCK_VOUCHER_9500,963.0,37.0,0.0,0.0,0.0,0.0,964,19,0.0,0.0,0.0,0.0,963.5,0.0
0,122200,VOLCANIC_ROCK_VOUCHER_9500,967.0,20.0,0.0,0.0,0.0,0.0,968,20,0.0,0.0,0.0,0.0,967.5,0.0
0,122300,VOLCANIC_ROCK_VOUCHER_9500,967.0,17.0,0.0,0.0,0.0,0.0,968,17,0.0,0.0,0.0,0.0,967.5,0.0
0,122400,VOLCANIC_ROCK_VOUCHER_9500,971.0,11.0,0.0,0.0,0.0,0.0,972,11,0.0,0.0,0.0,0.0,971.5,0.0
0,122500,VOLCANIC_ROCK_VOUCHER_9500,973.0,12.0,0.0,0.0,0.0,0.0,974,12,0.0,0.0,0.0,0.0,973.5,0.0
0,122600,VOLCANIC_ROCK_VOUCHER_9500,973.0,13.0,0.0,0.0,0.0,0.0,974,13,0.0,0.0,0.0,0.0,973.5,0.0
0,122700,VOLCANIC_ROCK_VOUCHER_9500,979.0,11.0,0.0,0.0,0.0,0.0,981,11,0.0,0.0,0.0,0.0,980.0,0.0
0,122800,VOLCANIC_ROCK_VOUCHER_9500,975.0,12.0,0.0,0.0,0.0,0.0,976,12,0.0,0.0,0.0,0.0,975.5,0.0
0,122900,VOLCANIC_ROCK_VOUCHER_9500,976.0,19.0,0.0,0.0,0.0,0.0,977,19,0.0,0.0,0.0,0.0,976.5,0.0
0,123000,VOLCANIC_ROCK_VOUCHER_9500,970.0,10.0,0.0,0.0,0.0,0.0,971,10,0.0,0.0,0.0,0.0,970.5,0.0
0,123100,VOLCANIC_ROCK_VOUCHER_9500,968.0,18.0,0.0,0.0,0.0,0.0,969,18,0.0,0.0,0.0,0.0,968.5,0.0
0,123200,VOLCANIC_ROCK_VOUCHER_9500,967.0,16.0,0.0,0.0,0.0,0.0,968,2,969.0,14.0,0.0,0.0,967.5,0.0
0,123300,VOLCANIC_ROCK_VOUCHER_9500,0.0,0.0,0.0,0.0,0.0,0.0,967,6,968.0,14.0,0.0,0.0,967.0,0.0
0,123400,VOLCANIC_ROCK_VOUCHER_9500,972.0,1.0,971.0,14.0,0.0,0.0,973,15,0.0,0.0,0.0,0.0,972.5,0.0
0,123500,VOLCANIC_ROCK_VOUCHER_9500,972.0,21.0,0.0,0.0,0.0,0.0,973,21,0.0,0.0,0.0,0.0,972.5,0.0
0,123600,VOLCANIC_ROCK_VOUCHER_9500,977.0,17.0,0.0,0.0,0.0,0.0,979,17,0.0,0.0,0.0,0.0,978.0,0.0
0,123700,VOLCANIC_ROCK_VOUCHER_9500,976.0,12.0,0.0,0.0,0.0,0.0,977,12,0.0,0.0,0.0,0.0,976.5,0.0
0,123800,VOLCANIC_ROCK_VOUCHER_9500,982.0,19.0,0.0,0.0,0.0,0.0,983,19,0.0,0.0,0.0,0.0,982.5,0.0
0,123900,VOLCANIC_ROCK_VOUCHER_9500,980.0,20.0,0.0,0.0,0.0,0.0,981,20,0.0,0.0,0.0,0.0,980.5,0.0
0,124000,VOLCANIC_ROCK_VOUCHER_9500,978.0,10.0,0.0,0.0,0.0,0.0,979,10,0.0,0.0,0.0,0.0,978.5,0.0
0,124100,VOLCANIC_ROCK_VOUCHER_9500,0.0,0.0,0.0,0.0,0.0,0.0,976,18,977.0,10.0,0.0,0.0,976.0,0.0
0,124200,VOLCANIC_ROCK_VOUCHER_9500,981.0,19.0,0.0,0.0,0.0,0.0,982,19,0.0,0.0,0.0,0.0,981.5,0.0
0,124300,VOLCANIC_ROCK_VOUCHER_9500,980.0,13.0,0.0,0.0,0.0,0.0,982,13,0.0,0.0,0.0,0.0,981.0,0.0
0,124400,VOLCANIC_ROCK_VOUCHER_9500,980.0,16.0,0.0,0.0,0.0,0.0,981,16,0.0,0.0,0.0,0.0,980.5,0.0
0,124500,VOLCANIC_ROCK_VOUCHER_9500,982.0,19.0,981.0,12.0,0.0,0.0,983,14,0.0,0.0,0.0,0.0,982.5,0.0
0,124600,VOLCANIC_ROCK_VOUCHER_9500,980.0,15.0,0.0,0.0,0.0,0.0,981,15,0.0,0.0,0.0,0.0,980.5,0.0
0,124700,VOLCANIC_ROCK_VOUCHER_9500,979.0,13.0,0.0,0.0,0.0,0.0,980,13,0.0,0.0,0.0,0.0,979.5,0.0
0,124800,VOLCANIC_ROCK_VOUCHER_9500,980.0,18.0,0.0,0.0,0.0,0.0,981,18,0.0,0.0,0.0,0.0,980.5,0.0
0,124900,VOLCANIC_ROCK_VOUCHER_9500,980.0,24.0,0.0,0.0,0.0,0.0,981,14,0.0,0.0,0.0,0.0,980.5,0.0
0,125000,VOLCANIC_ROCK_VOUCHER_9500,981.0,13.0,0.0,0.0,0.0,0.0,982,13,0.0,0.0,0.0,0.0,981.5,0.0
0,125100,VOLCANIC_ROCK_VOUCHER_9500,983.0,20.0,0.0,0.0,0.0,0.0,984,20,0.0,0.0,0.0,0.0,983.5,0.0
0,125200,VOLCANIC_ROCK_VOUCHER_9500,982.0,15.0,0.0,0.0,0.0,0.0,983,15,0.0,0.0,0.0,0.0,982.5,0.0
0,125300,VOLCANIC_ROCK_VOUCHER_9500,983.0,17.0,0.0,0.0,0.0,0.0,984,17,0.0,0.0,0.0,0.0,983.5,0.0
0,125400,VOLCANIC_ROCK_VOUCHER_9500,983.0,34.0,0.0,0.0,0.0,0.0,984,21,0.0,0.0,0.0,0.0,983.5,0.0
0,125500,VOLCANIC_ROCK_VOUCHER_9500,981.0,10.0,0.0,0.0,0.0,0.0,982,10,0.0,0.0,0.0,0.0,981.5,0.0
0,125600,VOLCANIC_ROCK_VOUCHER_9500,978.0,26.0,0.0,0.0,0.0,0.0,979,11,0.0,0.0,0.0,0.0,978.5,0.0
0,125700,VOLCANIC_ROCK_VOUCHER_9500,974.0,16.0,0.0,0.0,0.0,0.0,975,16,0.0,0.0,0.0,0.0,974.5,0.0
0,125800,VOLCANIC_ROCK_VOUCHER_9500,974.0,16.0,0.0,0.0,0.0,0.0,975,16,0.0,0.0,0.0,0.0,974.5,0.0
0,125900,VOLCANIC_ROCK_VOUCHER_9500,0.0,0.0,0.0,0.0,0.0,0.0,975,8,976.0,12.0,0.0,0.0,975.0,0.0
0,126000,VOLCANIC_ROCK_VOUCHER_9500,977.0,14.0,0.0,0.0,0.0,0.0,978,15,0.0,0.0,0.0,0.0,977.5,0.0
0,126100,VOLCANIC_ROCK_VOUCHER_9500,0.0,0.0,0.0,0.0,0.0,0.0,978,2,979.0,18.0,0.0,0.0,978.0,0.0
0,126200,VOLCANIC_ROCK_VOUCHER_9500,978.0,18.0,0.0,0.0,0.0,0.0,979,18,0.0,0.0,0.0,0.0,978.5,0.0
0,126300,VOLCANIC_ROCK_VOUCHER_9500,975.0,14.0,0.0,0.0,0.0,0.0,977,14,0.0,0.0,0.0,0.0,976.0,0.0
0,126400,VOLCANIC_ROCK_VOUCHER_9500,978.0,18.0,0.0,0.0,0.0,0.0,979,18,0.0,0.0,0.0,0.0,978.5,0.0
0,126500,VOLCANIC_ROCK_VOUCHER_9500,983.0,12.0,0.0,0.0,0.0,0.0,984,12,0.0,0.0,0.0,0.0,983.5,0.0
0,126600,VOLCANIC_ROCK_VOUCHER_9500,984.0,12.0,0.0,0.0,0.0,0.0,985,12,0.0,0.0,0.0,0.0,984.5,0.0
0,126700,VOLCANIC_ROCK_VOUCHER_9500,983.0,12.0,0.0,0.0,0.0,0.0,984,12,0.0,0.0,0.0,0.0,983.5,0.0
0,126800,VOLCANIC_ROCK_VOUCHER_9500,980.0,11.0,0.0,0.0,0.0,0.0,981,11,0.0,0.0,0.0,0.0,980.5,0.0
0,126900,VOLCANIC_ROCK_VOUCHER_9500,977.0,20.0,0.0,0.0,0.0,0.0,979,20,0.0,0.0,0.0,0.0,978.0,0.0
0,127000,VOLCANIC_ROCK_VOUCHER_9500,973.0,14.0,0.0,0.0,0.0,0.0,974,14,0.0,0.0,0.0,0.0,973.5,0.0
0,127100,VOLCANIC_ROCK_VOUCHER_9500,976.0,15.0,0.0,0.0,0.0,0.0,977,15,0.0,0.0,0.0,0.0,976.5,0.0
0,127200,VOLCANIC_ROCK_VOUCHER_9500,979.0,18.0,0.0,0.0,0.0,0.0,980,18,0.0,0.0,0.0,0.0,979.5,0.0
0,127300,VOLCANIC_ROCK_VOUCHER_9500,979.0,20.0,0.0,0.0,0.0,0.0,981,20,0.0,0.0,0.0,0.0,980.0,0.0
0,127400,VOLCANIC_ROCK_VOUCHER_9500,982.0,13.0,0.0,0.0,0.0,0.0,984,13,0.0,0.0,0.0,0.0,983.0,0.0
0,127500,VOLCANIC_ROCK_VOUCHER_9500,981.0,22.0,0.0,0.0,0.0,0.0,982,22,0.0,0.0,0.0,0.0,981.5,0.0
0,127600,VOLCANIC_ROCK_VOUCHER_9500,973.0,21.0,0.0,0.0,0.0,0.0,974,21,0.0,0.0,0.0,0.0,973.5,0.0
0,127700,VOLCANIC_ROCK_VOUCHER_9500,971.0,22.0,0.0,0.0,0.0,0.0,972,22,0.0,0.0,0.0,0.0,971.5,0.0
0,127800,VOLCANIC_ROCK_VOUCHER_9500,972.0,22.0,0.0,0.0,0.0,0.0,973,22,0.0,0.0,0.0,0.0,972.5,0.0
0,127900,VOLCANIC_ROCK_VOUCHER_9500,970.0,10.0,0.0,0.0,0.0,0.0,971,10,0.0,0.0,0.0,0.0,970.5,0.0
0,128000,VOLCANIC_ROCK_VOUCHER_9500,970.0,10.0,0.0,0.0,0.0,0.0,971,10,0.0,0.0,0.0,0.0,970.5,0.0
0,128100,VOLCANIC_ROCK_VOUCHER_9500,967.0,15.0,0.0,0.0,0.0,0.0,968,15,0.0,0.0,0.0,0.0,967.5,0.0
0,128200,VOLCANIC_ROCK_VOUCHER_9500,971.0,21.0,0.0,0.0,0.0,0.0,972,21,0.0,0.0,0.0,0.0,971.5,0.0
0,128300,VOLCANIC_ROCK_VOUCHER_9500,971.0,32.0,0.0,0.0,0.0,0.0,972,21,0.0,0.0,0.0,0.0,971.5,0.0
0,128400,VOLCANIC_ROCK_VOUCHER_9500,970.0,13.0,0.0,0.0,0.0,0.0,972,13,0.0,0.0,0.0,0.0,971.0,0.0
0,128500,VOLCANIC_ROCK_VOUCHER_9500,973.0,21.0,0.0,0.0,0.0,0.0,974,21,0.0,0.0,0.0,0.0,973.5,0.0
0,128600,VOLCANIC_ROCK_VOUCHER_9500,979.0,15.0,0.0,0.0,0.0,0.0,980,1,981.0,14.0,0.0,0.0,979.5,0.0
0,128700,VOLCANIC_ROCK_VOUCHER_9500,980.0,21.0,0.0,0.0,0.0,0.0,981,21,0.0,0.0,0.0,0.0,980.5,0.0
0,128800,VOLCANIC_ROCK_VOUCHER_9500,976.0,15.0,0.0,0.0,0.0,0.0,978,15,0.0,0.0,0.0,0.0,977.0,0.0
0,128900,VOLCANIC_ROCK_VOUCHER_9500,978.0,11.0,0.0,0.0,0.0,0.0,979,11,0.0,0.0,0.0,0.0,978.5,0.0
0,129000,VOLCANIC_ROCK_VOUCHER_9500,981.0,14.0,0.0,0.0,0.0,0.0,983,14,0.0,0.0,0.0,0.0,982.0,0.0
0,129100,VOLCANIC_ROCK_VOUCHER_9500,982.0,16.0,0.0,0.0,0.0,0.0,983,16,0.0,0.0,0.0,0.0,982.5,0.0
0,129200,VOLCANIC_ROCK_VOUCHER_9500,982.0,20.0,0.0,0.0,0.0,0.0,984,20,0.0,0.0,0.0,0.0,983.0,0.0
0,129300,VOLCANIC_ROCK_VOUCHER_9500,983.0,14.0,0.0,0.0,0.0,0.0,985,14,0.0,0.0,0.0,0.0,984.0,0.0
0,129400,VOLCANIC_ROCK_VOUCHER_9500,976.0,18.0,0.0,0.0,0.0,0.0,977,11,0.0,0.0,0.0,0.0,976.5,0.0
0,129500,VOLCANIC_ROCK_VOUCHER_9500,975.0,16.0,0.0,0.0,0.0,0.0,976,16,0.0,0.0,0.0,0.0,975.5,0.0
0,129600,VOLCANIC_ROCK_VOUCHER_9500,975.0,18.0,0.0,0.0,0.0,0.0,976,18,0.0,0.0,0.0,0.0,975.5,0.0
0,129700,VOLCANIC_ROCK_VOUCHER_9500,977.0,22.0,0.0,0.0,0.0,0.0,978,22,0.0,0.0,0.0,0.0,977.5,0.0
0,129800,VOLCANIC_ROCK_VOUCHER_9500,975.0,14.0,0.0,0.0,0.0,0.0,976,14,0.0,0.0,0.0,0.0,975.5,0.0
0,129900,VOLCANIC_ROCK_VOUCHER_9500,973.0,15.0,0.0,0.0,0.0,0.0,975,15,0.0,0.0,0.0,0.0,974.0,0.0
0,130000,VOLCANIC_ROCK_VOUCHER_9500,972.0,15.0,0.0,0.0,0.0,0.0,973,15,0.0,0.0,0.0,0.0,972.5,0.0
0,130100,VOLCANIC_ROCK_VOUCHER_9500,970.0,17.0,0.0,0.0,0.0,0.0,971,17,0.0,0.0,0.0,0.0,970.5,0.0
0,130200,VOLCANIC_ROCK_VOUCHER_9500,964.0,19.0,0.0,0.0,0.0,0.0,965,19,0.0,0.0,0.0,0.0,964.5,0.0
0,130300,VOLCANIC_ROCK_VOUCHER_9500,958.0,14.0,0.0,0.0,0.0,0.0,960,14,0.0,0.0,0.0,0.0,959.0,0.0
0,130400,VOLCANIC_ROCK_VOUCHER_9500,959.0,18.0,0.0,0.0,0.0,0.0,961,18,0.0,0.0,0.0,0.0,960.0,0.0
0,130500,VOLCANIC_ROCK_VOUCHER_9500,963.0,17.0,0.0,0.0,0.0,0.0,964,17,0.0,0.0,0.0,0.0,963.5,0.0
0,130600,VOLCANIC_ROCK_VOUCHER_9500,963.0,16.0,0.0,0.0,0.0,0.0,964,16,0.0,0.0,0.0,0.0,963.5,0.0
0,130700,VOLCANIC_ROCK_VOUCHER_9500,960.0,19.0,0.0,0.0,0.0,0.0,961,19,0.0,0.0,0.0,0.0,960.5,0.0
0,130800,VOLCANIC_ROCK_VOUCHER_9500,964.0,19.0,0.0,0.0,0.0,0.0,965,19,0.0,0.0,0.0,0.0,964.5,0.0
0,130900,VOLCANIC_ROCK_VOUCHER_9500,963.0,12.0,0.0,0.0,0.0,0.0,964,12,0.0,0.0,0.0,0.0,963.5,0.0
0,131000,VOLCANIC_ROCK_VOUCHER_9500,966.0,16.0,0.0,0.0,0.0,0.0,967,16,0.0,0.0,0.0,0.0,966.5,0.0
0,131100,VOLCANIC_ROCK_VOUCHER_9500,967.0,14.0,0.0,0.0,0.0,0.0,968,14,0.0,0.0,0.0,0.0,967.5,0.0
0,131200,VOLCANIC_ROCK_VOUCHER_9500,967.0,15.0,0.0,0.0,0.0,0.0,968,15,0.0,0.0,0.0,0.0,967.5,0.0
0,131300,VOLCANIC_ROCK_VOUCHER_9500,0.0,0.0,0.0,0.0,0.0,0.0,966,7,967.0,10.0,0.0,0.0,966.0,0.0
0,131400,VOLCANIC_ROCK_VOUCHER_9500,969.0,20.0,0.0,0.0,0.0,0.0,970,20,0.0,0.0,0.0,0.0,969.5,0.0
0,131500,VOLCANIC_ROCK_VOUCHER_9500,965.0,18.0,0.0,0.0,0.0,0.0,966,18,0.0,0.0,0.0,0.0,965.5,0.0
0,131600,VOLCANIC_ROCK_VOUCHER_9500,970.0,11.0,0.0,0.0,0.0,0.0,971,11,0.0,0.0,0.0,0.0,970.5,0.0
0,131700,VOLCANIC_ROCK_VOUCHER_9500,975.0,12.0,0.0,0.0,0.0,0.0,976,12,0.0,0.0,0.0,0.0,975.5,0.0
0,131800,VOLCANIC_ROCK_VOUCHER_9500,975.0,14.0,0.0,0.0,0.0,0.0,976,14,0.0,0.0,0.0,0.0,975.5,0.0
0,131900,VOLCANIC_ROCK_VOUCHER_9500,975.0,21.0,0.0,0.0,0.0,0.0,976,21,0.0,0.0,0.0,0.0,975.5,0.0
0,132000,VOLCANIC_ROCK_VOUCHER_9500,977.0,13.0,0.0,0.0,0.0,0.0,978,13,0.0,0.0,0.0,0.0,977.5,0.0
0,132100,VOLCANIC_ROCK_VOUCHER_9500,980.0,18.0,0.0,0.0,0.0,0.0,981,18,0.0,0.0,0.0,0.0,980.5,0.0
0,132200,VOLCANIC_ROCK_VOUCHER_9500,979.0,17.0,0.0,0.0,0.0,0.0,980,17,0.0,0.0,0.0,0.0,979.5,0.0
0,132300,VOLCANIC_ROCK_VOUCHER_9500,977.0,17.0,0.0,0.0,0.0,0.0,978,17,0.0,0.0,0.0,0.0,977.5,0.0
0,132400,VOLCANIC_ROCK_VOUCHER_9500,973.0,20.0,0.0,0.0,0.0,0.0,974,20,0.0,0.0,0.0,0.0,973.5,0.0
0,132500,VOLCANIC_ROCK_VOUCHER_9500,974.0,14.0,0.0,0.0,0.0,0.0,975,14,0.0,0.0,0.0,0.0,974.5,0.0
0,132600,VOLCANIC_ROCK_VOUCHER_9500,972.0,14.0,0.0,0.0,0.0,0.0,973,14,0.0,0.0,0.0,0.0,972.5,0.0
0,132700,VOLCANIC_ROCK_VOUCHER_9500,971.0,21.0,0.0,0.0,0.0,0.0,972,21,0.0,0.0,0.0,0.0,971.5,0.0
0,132800,VOLCANIC_ROCK_VOUCHER_9500,970.0,18.0,0.0,0.0,0.0,0.0,971,18,0.0,0.0,0.0,0.0,970.5,0.0
0,132900,VOLCANIC_ROCK_VOUCHER_9500,972.0,14.0,0.0,0.0,0.0,0.0,973,14,0.0,0.0,0.0,0.0,972.5,0.0
0,133000,VOLCANIC_ROCK_VOUCHER_9500,978.0,13.0,0.0,0.0,0.0,0.0,979,13,0.0,0.0,0.0,0.0,978.5,0.0
0,133100,VOLCANIC_ROCK_VOUCHER_9500,975.0,8.0,0.0,0.0,0.0,0.0,977,20,0.0,0.0,0.0,0.0,976.0,0.0
0,133200,VOLCANIC_ROCK_VOUCHER_9500,972.0,15.0,0.0,0.0,0.0,0.0,973,15,0.0,0.0,0.0,0.0,972.5,0.0
0,133300,VOLCANIC_ROCK_VOUCHER_9500,972.0,14.0,0.0,0.0,0.0,0.0,973,14,0.0,0.0,0.0,0.0,972.5,0.0
0,133400,VOLCANIC_ROCK_VOUCHER_9500,976.0,15.0,0.0,0.0,0.0,0.0,977,15,0.0,0.0,0.0,0.0,976.5,0.0
0,133500,VOLCANIC_ROCK_VOUCHER_9500,973.0,12.0,0.0,0.0,0.0,0.0,974,12,0.0,0.0,0.0,0.0,973.5,0.0
0,133600,VOLCANIC_ROCK_VOUCHER_9500,975.0,15.0,0.0,0.0,0.0,0.0,977,15,0.0,0.0,0.0,0.0,976.0,0.0
0,133700,VOLCANIC_ROCK_VOUCHER_9500,972.0,12.0,0.0,0.0,0.0,0.0,973,12,0.0,0.0,0.0,0.0,972.5,0.0
0,133800,VOLCANIC_ROCK_VOUCHER_9500,976.0,12.0,0.0,0.0,0.0,0.0,977,12,0.0,0.0,0.0,0.0,976.5,0.0
0,133900,VOLCANIC_ROCK_VOUCHER_9500,978.0,31.0,0.0,0.0,0.0,0.0,979,17,0.0,0.0,0.0,0.0,978.5,0.0
0,134000,VOLCANIC_ROCK_VOUCHER_9500,979.0,21.0,0.0,0.0,0.0,0.0,980,21,0.0,0.0,0.0,0.0,979.5,0.0
0,134100,VOLCANIC_ROCK_VOUCHER_9500,980.0,13.0,0.0,0.0,0.0,0.0,981,13,0.0,0.0,0.0,0.0,980.5,0.0
0,134200,VOLCANIC_ROCK_VOUCHER_9500,981.0,17.0,0.0,0.0,0.0,0.0,982,17,0.0,0.0,0.0,0.0,981.5,0.0
0,134300,VOLCANIC_ROCK_VOUCHER_9500,978.0,15.0,0.0,0.0,0.0,0.0,979,15,0.0,0.0,0.0,0.0,978.5,0.0
0,134400,VOLCANIC_ROCK_VOUCHER_9500,978.0,16.0,0.0,0.0,0.0,0.0,979,16,0.0,0.0,0.0,0.0,978.5,0.0
0,134500,VOLCANIC_ROCK_VOUCHER_9500,977.0,11.0,0.0,0.0,0.0,0.0,978,11,0.0,0.0,0.0,0.0,977.5,0.0
0,134600,VOLCANIC_ROCK_VOUCHER_9500,975.0,13.0,0.0,0.0,0.0,0.0,976,13,0.0,0.0,0.0,0.0,975.5,0.0
0,134700,VOLCANIC_ROCK_VOUCHER_9500,976.0,11.0,0.0,0.0,0.0,0.0,977,11,0.0,0.0,0.0,0.0,976.5,0.0
0,134800,VOLCANIC_ROCK_VOUCHER_9500,973.0,22.0,0.0,0.0,0.0,0.0,974,22,0.0,0.0,0.0,0.0,973.5,0.0
0,134900,VOLCANIC_ROCK_VOUCHER_9500,971.0,21.0,0.0,0.0,0.0,0.0,972,21,0.0,0.0,0.0,0.0,971.5,0.0
0,135000,VOLCANIC_ROCK_VOUCHER_9500,970.0,12.0,0.0,0.0,0.0,0.0,972,12,0.0,0.0,0.0,0.0,971.0,0.0
0,135100,VOLCANIC_ROCK_VOUCHER_9500,970.0,16.0,0.0,0.0,0.0,0.0,971,16,0.0,0.0,0.0,0.0,970.5,0.0
0,135200,VOLCANIC_ROCK_VOUCHER_9500,974.0,18.0,0.0,0.0,0.0,0.0,975,18,0.0,0.0,0.0,0.0,974.5,0.0
0,135300,VOLCANIC_ROCK_VOUCHER_9500,972.0,19.0,0.0,0.0,0.0,0.0,973,19,0.0,0.0,0.0,0.0,972.5,0.0
0,135400,VOLCANIC_ROCK_VOUCHER_9500,973.0,12.0,0.0,0.0,0.0,0.0,974,12,0.0,0.0,0.0,0.0,973.5,0.0
0,135500,VOLCANIC_ROCK_VOUCHER_9500,971.0,15.0,0.0,0.0,0.0,0.0,972,15,0.0,0.0,0.0,0.0,971.5,0.0
0,135600,VOLCANIC_ROCK_VOUCHER_9500,970.0,14.0,0.0,0.0,0.0,0.0,971,14,0.0,0.0,0.0,0.0,970.5,0.0
0,135700,VOLCANIC_ROCK_VOUCHER_9500,961.0,15.0,0.0,0.0,0.0,0.0,962,15,0.0,0.0,0.0,0.0,961.5,0.0
0,135800,VOLCANIC_ROCK_VOUCHER_9500,952.0,18.0,0.0,0.0,0.0,0.0,953,18,0.0,0.0,0.0,0.0,952.5,0.0
0,135900,VOLCANIC_ROCK_VOUCHER_9500,950.0,17.0,0.0,0.0,0.0,0.0,951,17,0.0,0.0,0.0,0.0,950.5,0.0
0,136000,VOLCANIC_ROCK_VOUCHER_9500,942.0,14.0,0.0,0.0,0.0,0.0,944,14,0.0,0.0,0.0,0.0,943.0,0.0
0,136100,VOLCANIC_ROCK_VOUCHER_9500,938.0,16.0,0.0,0.0,0.0,0.0,939,16,0.0,0.0,0.0,0.0,938.5,0.0
0,136200,VOLCANIC_ROCK_VOUCHER_9500,944.0,10.0,0.0,0.0,0.0,0.0,945,10,0.0,0.0,0.0,0.0,944.5,0.0
0,136300,VOLCANIC_ROCK_VOUCHER_9500,946.0,11.0,0.0,0.0,0.0,0.0,947,11,0.0,0.0,0.0,0.0,946.5,0.0
0,136400,VOLCANIC_ROCK_VOUCHER_9500,948.0,18.0,0.0,0.0,0.0,0.0,949,18,0.0,0.0,0.0,0.0,948.5,0.0
0,136500,VOLCANIC_ROCK_VOUCHER_9500,951.0,19.0,0.0,0.0,0.0,0.0,952,19,0.0,0.0,0.0,0.0,951.5,0.0
0,136600,VOLCANIC_ROCK_VOUCHER_9500,953.0,11.0,0.0,0.0,0.0,0.0,954,11,0.0,0.0,0.0,0.0,953.5,0.0
0,136700,VOLCANIC_ROCK_VOUCHER_9500,956.0,12.0,0.0,0.0,0.0,0.0,957,12,0.0,0.0,0.0,0.0,956.5,0.0
0,136800,VOLCANIC_ROCK_VOUCHER_9500,962.0,10.0,0.0,0.0,0.0,0.0,963,10,0.0,0.0,0.0,0.0,962.5,0.0
0,136900,VOLCANIC_ROCK_VOUCHER_9500,957.0,20.0,0.0,0.0,0.0,0.0,958,20,0.0,0.0,0.0,0.0,957.5,0.0
0,137000,VOLCANIC_ROCK_VOUCHER_9500,955.0,15.0,0.0,0.0,0.0,0.0,957,15,0.0,0.0,0.0,0.0,956.0,0.0
0,137100,VOLCANIC_ROCK_VOUCHER_9500,958.0,4.0,0.0,0.0,0.0,0.0,959,15,0.0,0.0,0.0,0.0,958.5,0.0
0,137200,VOLCANIC_ROCK_VOUCHER_9500,960.0,20.0,0.0,0.0,0.0,0.0,961,20,0.0,0.0,0.0,0.0,960.5,0.0
0,137300,VOLCANIC_ROCK_VOUCHER_9500,955.0,14.0,0.0,0.0,0.0,0.0,956,14,0.0,0.0,0.0,0.0,955.5,0.0
0,137400,VOLCANIC_ROCK_VOUCHER_9500,953.0,11.0,0.0,0.0,0.0,0.0,954,11,0.0,0.0,0.0,0.0,953.5,0.0
0,137500,VOLCANIC_ROCK_VOUCHER_9500,955.0,19.0,0.0,0.0,0.0,0.0,956,19,0.0,0.0,0.0,0.0,955.5,0.0
0,137600,VOLCANIC_ROCK_VOUCHER_9500,954.0,11.0,0.0,0.0,0.0,0.0,955,11,0.0,0.0,0.0,0.0,954.5,0.0
0,137700,VOLCANIC_ROCK_VOUCHER_9500,956.0,21.0,0.0,0.0,0.0,0.0,957,21,0.0,0.0,0.0,0.0,956.5,0.0
0,137800,VOLCANIC_ROCK_VOUCHER_9500,946.0,22.0,0.0,0.0,0.0,0.0,947,22,0.0,0.0,0.0,0.0,946.5,0.0
0,137900,VOLCANIC_ROCK_VOUCHER_9500,942.0,15.0,0.0,0.0,0.0,0.0,943,15,0.0,0.0,0.0,0.0,942.5,0.0
0,138000,VOLCANIC_ROCK_VOUCHER_9500,936.0,18.0,0.0,0.0,0.0,0.0,937,18,0.0,0.0,0.0,0.0,936.5,0.0
0,138100,VOLCANIC_ROCK_VOUCHER_9500,925.0,21.0,0.0,0.0,0.0,0.0,927,21,0.0,0.0,0.0,0.0,926.0,0.0
0,138200,VOLCANIC_ROCK_VOUCHER_9500,925.0,14.0,0.0,0.0,0.0,0.0,926,14,0.0,0.0,0.0,0.0,925.5,0.0
0,138300,VOLCANIC_ROCK_VOUCHER_9500,923.0,11.0,0.0,0.0,0.0,0.0,924,11,0.0,0.0,0.0,0.0,923.5,0.0
0,138400,VOLCANIC_ROCK_VOUCHER_9500,914.0,22.0,0.0,0.0,0.0,0.0,915,22,0.0,0.0,0.0,0.0,914.5,0.0
0,138500,VOLCANIC_ROCK_VOUCHER_9500,917.0,13.0,0.0,0.0,0.0,0.0,918,13,0.0,0.0,0.0,0.0,917.5,0.0
0,138600,VOLCANIC_ROCK_VOUCHER_9500,920.0,21.0,0.0,0.0,0.0,0.0,921,21,0.0,0.0,0.0,0.0,920.5,0.0
0,138700,VOLCANIC_ROCK_VOUCHER_9500,921.0,20.0,0.0,0.0,0.0,0.0,922,20,0.0,0.0,0.0,0.0,921.5,0.0
0,138800,VOLCANIC_ROCK_VOUCHER_9500,922.0,19.0,0.0,0.0,0.0,0.0,923,19,0.0,0.0,0.0,0.0,922.5,0.0
0,138900,VOLCANIC_ROCK_VOUCHER_9500,928.0,1.0,927.0,18.0,0.0,0.0,929,19,0.0,0.0,0.0,0.0,928.5,0.0
0,139000,VOLCANIC_ROCK_VOUCHER_9500,930.0,20.0,0.0,0.0,0.0,0.0,931,20,0.0,0.0,0.0,0.0,930.5,0.0
0,139100,VOLCANIC_ROCK_VOUCHER_9500,926.0,11.0,0.0,0.0,0.0,0.0,927,11,0.0,0.0,0.0,0.0,926.5,0.0
0,139200,VOLCANIC_ROCK_VOUCHER_9500,928.0,11.0,0.0,0.0,0.0,0.0,929,11,0.0,0.0,0.0,0.0,928.5,0.0
0,139300,VOLCANIC_ROCK_VOUCHER_9500,930.0,16.0,0.0,0.0,0.0,0.0,931,16,0.0,0.0,0.0,0.0,930.5,0.0
0,139400,VOLCANIC_ROCK_VOUCHER_9500,928.0,12.0,0.0,0.0,0.0,0.0,929,12,0.0,0.0,0.0,0.0,928.5,0.0
0,139500,VOLCANIC_ROCK_VOUCHER_9500,926.0,12.0,0.0,0.0,0.0,0.0,928,12,0.0,0.0,0.0,0.0,927.0,0.0
0,139600,VOLCANIC_ROCK_VOUCHER_9500,925.0,19.0,0.0,0.0,0.0,0.0,926,19,0.0,0.0,0.0,0.0,925.5,0.0
0,139700,VOLCANIC_ROCK_VOUCHER_9500,917.0,13.0,0.0,0.0,0.0,0.0,918,15,919.0,19.0,0.0,0.0,917.5,0.0
0,139800,VOLCANIC_ROCK_VOUCHER_9500,925.0,12.0,0.0,0.0,0.0,0.0,927,12,0.0,0.0,0.0,0.0,926.0,0.0
0,139900,VOLCANIC_ROCK_VOUCHER_9500,915.0,13.0,0.0,0.0,0.0,0.0,916,13,0.0,0.0,0.0,0.0,915.5,0.0
0,140000,VOLCANIC_ROCK_VOUCHER_9500,915.0,18.0,0.0,0.0,0.0,0.0,916,18,0.0,0.0,0.0,0.0,915.5,0.0
0,140100,VOLCANIC_ROCK_VOUCHER_9500,921.0,11.0,0.0,0.0,0.0,0.0,922,11,0.0,0.0,0.0,0.0,921.5,0.0
0,140200,VOLCANIC_ROCK_VOUCHER_9500,918.0,16.0,0.0,0.0,0.0,0.0,919,16,0.0,0.0,0.0,0.0,918.5,0.0
0,140300,VOLCANIC_ROCK_VOUCHER_9500,919.0,16.0,0.0,0.0,0.0,0.0,920,16,0.0,0.0,0.0,0.0,919.5,0.0
0,140400,VOLCANIC_ROCK_VOUCHER_9500,918.0,16.0,0.0,0.0,0.0,0.0,920,16,0.0,0.0,0.0,0.0,919.0,0.0
0,140500,VOLCANIC_ROCK_VOUCHER_9500,913.0,13.0,0.0,0.0,0.0,0.0,914,13,0.0,0.0,0.0,0.0,913.5,0.0
0,140600,VOLCANIC_ROCK_VOUCHER_9500,921.0,22.0,0.0,0.0,0.0,0.0,922,22,0.0,0.0,0.0,0.0,921.5,0.0
0,140700,VOLCANIC_ROCK_VOUCHER_9500,920.0,27.0,0.0,0.0,0.0,0.0,921,12,0.0,0.0,0.0,0.0,920.5,0.0
0,140800,VOLCANIC_ROCK_VOUCHER_9500,919.0,2.0,918.0,14.0,0.0,0.0,920,16,0.0,0.0,0.0,0.0,919.5,0.0
0,140900,VOLCANIC_ROCK_VOUCHER_9500,917.0,19.0,0.0,0.0,0.0,0.0,918,19,0.0,0.0,0.0,0.0,917.5,0.0
0,141000,VOLCANIC_ROCK_VOUCHER_9500,918.0,20.0,0.0,0.0,0.0,0.0,919,20,0.0,0.0,0.0,0.0,918.5,0.0
0,141100,VOLCANIC_ROCK_VOUCHER_9500,920.0,17.0,0.0,0.0,0.0,0.0,921,17,0.0,0.0,0.0,0.0,920.5,0.0
0,141200,VOLCANIC_ROCK_VOUCHER_9500,914.0,16.0,0.0,0.0,0.0,0.0,915,16,0.0,0.0,0.0,0.0,914.5,0.0
0,141300,VOLCANIC_ROCK_VOUCHER_9500,918.0,19.0,0.0,0.0,0.0,0.0,919,19,0.0,0.0,0.0,0.0,918.5,0.0
0,141400,VOLCANIC_ROCK_VOUCHER_9500,922.0,18.0,0.0,0.0,0.0,0.0,923,18,0.0,0.0,0.0,0.0,922.5,0.0
0,141500,VOLCANIC_ROCK_VOUCHER_9500,918.0,21.0,0.0,0.0,0.0,0.0,919,21,0.0,0.0,0.0,0.0,918.5,0.0
0,141600,VOLCANIC_ROCK_VOUCHER_9500,919.0,14.0,0.0,0.0,0.0,0.0,920,14,0.0,0.0,0.0,0.0,919.5,0.0
0,141700,VOLCANIC_ROCK_VOUCHER_9500,918.0,11.0,0.0,0.0,0.0,0.0,919,11,0.0,0.0,0.0,0.0,918.5,0.0
0,141800,VOLCANIC_ROCK_VOUCHER_9500,916.0,10.0,0.0,0.0,0.0,0.0,917,10,0.0,0.0,0.0,0.0,916.5,0.0
0,141900,VOLCANIC_ROCK_VOUCHER_9500,913.0,17.0,0.0,0.0,0.0,0.0,915,17,0.0,0.0,0.0,0.0,914.0,0.0
0,142000,VOLCANIC_ROCK_VOUCHER_9500,912.0,15.0,0.0,0.0,0.0,0.0,913,15,0.0,0.0,0.0,0.0,912.5,0.0
0,142100,VOLCANIC_ROCK_VOUCHER_9500,913.0,26.0,0.0,0.0,0.0,0.0,914,14,0.0,0.0,0.0,0.0,913.5,0.0
0,142200,VOLCANIC_ROCK_VOUCHER_9500,911.0,20.0,0.0,0.0,0.0,0.0,912,20,0.0,0.0,0.0,0.0,911.5,0.0
0,142300,VOLCANIC_ROCK_VOUCHER_9500,913.0,12.0,0.0,0.0,0.0,0.0,914,12,0.0,0.0,0.0,0.0,913.5,0.0
0,142400,VOLCANIC_ROCK_VOUCHER_9500,915.0,13.0,0.0,0.0,0.0,0.0,916,13,0.0,0.0,0.0,0.0,915.5,0.0
0,142500,VOLCANIC_ROCK_VOUCHER_9500,919.0,17.0,0.0,0.0,0.0,0.0,920,17,0.0,0.0,0.0,0.0,919.5,0.0
0,142600,VOLCANIC_ROCK_VOUCHER_9500,918.0,17.0,0.0,0.0,0.0,0.0,919,17,0.0,0.0,0.0,0.0,918.5,0.0
0,142700,VOLCANIC_ROCK_VOUCHER_9500,919.0,17.0,0.0,0.0,0.0,0.0,920,17,0.0,0.0,0.0,0.0,919.5,0.0
0,142800,VOLCANIC_ROCK_VOUCHER_9500,921.0,19.0,0.0,0.0,0.0,0.0,922,19,0.0,0.0,0.0,0.0,921.5,0.0
0,142900,VOLCANIC_ROCK_VOUCHER_9500,925.0,18.0,0.0,0.0,0.0,0.0,926,18,0.0,0.0,0.0,0.0,925.5,0.0
0,143000,VOLCANIC_ROCK_VOUCHER_9500,920.0,17.0,0.0,0.0,0.0,0.0,921,17,0.0,0.0,0.0,0.0,920.5,0.0
0,143100,VOLCANIC_ROCK_VOUCHER_9500,923.0,16.0,0.0,0.0,0.0,0.0,924,16,0.0,0.0,0.0,0.0,923.5,0.0
0,143200,VOLCANIC_ROCK_VOUCHER_9500,915.0,1.0,914.0,11.0,0.0,0.0,916,12,0.0,0.0,0.0,0.0,915.5,0.0
0,143300,VOLCANIC_ROCK_VOUCHER_9500,918.0,11.0,0.0,0.0,0.0,0.0,919,11,0.0,0.0,0.0,0.0,918.5,0.0
0,143400,VOLCANIC_ROCK_VOUCHER_9500,918.0,16.0,0.0,0.0,0.0,0.0,919,16,0.0,0.0,0.0,0.0,918.5,0.0
0,143500,VOLCANIC_ROCK_VOUCHER_9500,916.0,15.0,0.0,0.0,0.0,0.0,918,15,0.0,0.0,0.0,0.0,917.0,0.0
0,143600,VOLCANIC_ROCK_VOUCHER_9500,917.0,1.0,916.0,14.0,0.0,0.0,918,15,0.0,0.0,0.0,0.0,917.5,0.0
0,143700,VOLCANIC_ROCK_VOUCHER_9500,920.0,14.0,0.0,0.0,0.0,0.0,921,14,0.0,0.0,0.0,0.0,920.5,0.0
0,143800,VOLCANIC_ROCK_VOUCHER_9500,918.0,16.0,0.0,0.0,0.0,0.0,919,16,0.0,0.0,0.0,0.0,918.5,0.0
0,143900,VOLCANIC_ROCK_VOUCHER_9500,918.0,22.0,0.0,0.0,0.0,0.0,919,22,0.0,0.0,0.0,0.0,918.5,0.0
0,144000,VOLCANIC_ROCK_VOUCHER_9500,916.0,12.0,0.0,0.0,0.0,0.0,918,12,0.0,0.0,0.0,0.0,917.0,0.0
0,144100,VOLCANIC_ROCK_VOUCHER_9500,920.0,19.0,0.0,0.0,0.0,0.0,921,2,922.0,17.0,0.0,0.0,920.5,0.0
0,144200,VOLCANIC_ROCK_VOUCHER_9500,919.0,3.0,0.0,0.0,0.0,0.0,920,12,0.0,0.0,0.0,0.0,919.5,0.0
0,144300,VOLCANIC_ROCK_VOUCHER_9500,917.0,15.0,0.0,0.0,0.0,0.0,918,15,0.0,0.0,0.0,0.0,917.5,0.0
0,144400,VOLCANIC_ROCK_VOUCHER_9500,912.0,16.0,0.0,0.0,0.0,0.0,913,16,0.0,0.0,0.0,0.0,912.5,0.0
0,144500,VOLCANIC_ROCK_VOUCHER_9500,906.0,12.0,0.0,0.0,0.0,0.0,907,12,0.0,0.0,0.0,0.0,906.5,0.0
0,144600,VOLCANIC_ROCK_VOUCHER_9500,907.0,0.0,0.0,0.0,0.0,0.0,908,14,0.0,0.0,0.0,0.0,907.5,0.0
0,144700,VOLCANIC_ROCK_VOUCHER_9500,905.0,18.0,0.0,0.0,0.0,0.0,907,18,0.0,0.0,0.0,0.0,906.0,0.0
0,144800,VOLCANIC_ROCK_VOUCHER_9500,906.0,12.0,0.0,0.0,0.0,0.0,908,12,0.0,0.0,0.0,0.0,907.0,0.0
0,144900,VOLCANIC_ROCK_VOUCHER_9500,907.0,1.0,0.0,0.0,0.0,0.0,908,21,0.0,0.0,0.0,0.0,907.5,0.0
0,145000,VOLCANIC_ROCK_VOUCHER_9500,903.0,13.0,0.0,0.0,0.0,0.0,904,13,0.0,0.0,0.0,0.0,903.5,0.0
0,145100,VOLCANIC_ROCK_VOUCHER_9500,907.0,19.0,0.0,0.0,0.0,0.0,909,19,0.0,0.0,0.0,0.0,908.0,0.0
0,145200,VOLCANIC_ROCK_VOUCHER_9500,906.0,15.0,0.0,0.0,0.0,0.0,907,15,0.0,0.0,0.0,0.0,906.5,0.0
0,145300,VOLCANIC_ROCK_VOUCHER_9500,902.0,3.0,0.0,0.0,0.0,0.0,904,12,0.0,0.0,0.0,0.0,903.0,0.0
0,145400,VOLCANIC_ROCK_VOUCHER_9500,901.0,20.0,0.0,0.0,0.0,0.0,902,20,0.0,0.0,0.0,0.0,901.5,0.0
0,145500,VOLCANIC_ROCK_VOUCHER_9500,900.0,13.0,0.0,0.0,0.0,0.0,901,13,0.0,0.0,0.0,0.0,900.5,0.0
0,145600,VOLCANIC_ROCK_VOUCHER_9500,904.0,12.0,0.0,0.0,0.0,0.0,905,12,0.0,0.0,0.0,0.0,904.5,0.0
0,145700,VOLCANIC_ROCK_VOUCHER_9500,905.0,19.0,0.0,0.0,0.0,0.0,906,19,0.0,0.0,0.0,0.0,905.5,0.0
0,145800,VOLCANIC_ROCK_VOUCHER_9500,906.0,20.0,0.0,0.0,0.0,0.0,907,20,0.0,0.0,0.0,0.0,906.5,0.0
0,145900,VOLCANIC_ROCK_VOUCHER_9500,901.0,17.0,0.0,0.0,0.0,0.0,902,17,0.0,0.0,0.0,0.0,901.5,0.0
0,146000,VOLCANIC_ROCK_VOUCHER_9500,898.0,13.0,0.0,0.0,0.0,0.0,899,13,0.0,0.0,0.0,0.0,898.5,0.0
0,146100,VOLCANIC_ROCK_VOUCHER_9500,900.0,11.0,0.0,0.0,0.0,0.0,901,11,0.0,0.0,0.0,0.0,900.5,0.0
0,146200,VOLCANIC_ROCK_VOUCHER_9500,900.0,16.0,0.0,0.0,0.0,0.0,901,16,0.0,0.0,0.0,0.0,900.5,0.0
0,146300,VOLCANIC_ROCK_VOUCHER_9500,903.0,11.0,0.0,0.0,0.0,0.0,905,11,0.0,0.0,0.0,0.0,904.0,0.0
0,146400,VOLCANIC_ROCK_VOUCHER_9500,904.0,32.0,0.0,0.0,0.0,0.0,905,22,0.0,0.0,0.0,0.0,904.5,0.0
0,146500,VOLCANIC_ROCK_VOUCHER_9500,903.0,20.0,0.0,0.0,0.0,0.0,904,20,0.0,0.0,0.0,0.0,903.5,0.0
0,146600,VOLCANIC_ROCK_VOUCHER_9500,900.0,22.0,0.0,0.0,0.0,0.0,901,22,0.0,0.0,0.0,0.0,900.5,0.0
0,146700,VOLCANIC_ROCK_VOUCHER_9500,901.0,12.0,0.0,0.0,0.0,0.0,902,12,0.0,0.0,0.0,0.0,901.5,0.0
0,146800,VOLCANIC_ROCK_VOUCHER_9500,900.0,10.0,0.0,0.0,0.0,0.0,901,10,0.0,0.0,0.0,0.0,900.5,0.0
0,146900,VOLCANIC_ROCK_VOUCHER_9500,902.0,18.0,0.0,0.0,0.0,0.0,903,18,0.0,0.0,0.0,0.0,902.5,0.0
0,147000,VOLCANIC_ROCK_VOUCHER_9500,899.0,21.0,0.0,0.0,0.0,0.0,900,21,0.0,0.0,0.0,0.0,899.5,0.0
0,147100,VOLCANIC_ROCK_VOUCHER_9500,904.0,19.0,0.0,0.0,0.0,0.0,905,19,0.0,0.0,0.0,0.0,904.5,0.0
0,147200,VOLCANIC_ROCK_VOUCHER_9500,904.0,17.0,0.0,0.0,0.0,0.0,906,17,0.0,0.0,0.0,0.0,905.0,0.0
0,147300,VOLCANIC_ROCK_VOUCHER_9500,911.0,2.0,0.0,0.0,0.0,0.0,912,16,0.0,0.0,0.0,0.0,911.5,0.0
0,147400,VOLCANIC_ROCK_VOUCHER_9500,909.0,16.0,0.0,0.0,0.0,0.0,910,16,0.0,0.0,0.0,0.0,909.5,0.0
0,147500,VOLCANIC_ROCK_VOUCHER_9500,911.0,10.0,0.0,0.0,0.0,0.0,912,10,0.0,0.0,0.0,0.0,911.5,0.0
0,147600,VOLCANIC_ROCK_VOUCHER_9500,906.0,19.0,0.0,0.0,0.0,0.0,907,19,0.0,0.0,0.0,0.0,906.5,0.0
0,147700,VOLCANIC_ROCK_VOUCHER_9500,901.0,14.0,0.0,0.0,0.0,0.0,902,14,0.0,0.0,0.0,0.0,901.5,0.0
0,147800,VOLCANIC_ROCK_VOUCHER_9500,902.0,16.0,0.0,0.0,0.0,0.0,903,16,0.0,0.0,0.0,0.0,902.5,0.0
0,147900,VOLCANIC_ROCK_VOUCHER_9500,902.0,20.0,0.0,0.0,0.0,0.0,903,20,0.0,0.0,0.0,0.0,902.5,0.0
0,148000,VOLCANIC_ROCK_VOUCHER_9500,902.0,11.0,0.0,0.0,0.0,0.0,904,11,0.0,0.0,0.0,0.0,903.0,0.0
0,148100,VOLCANIC_ROCK_VOUCHER_9500,902.0,13.0,0.0,0.0,0.0,0.0,903,13,0.0,0.0,0.0,0.0,902.5,0.0
0,148200,VOLCANIC_ROCK_VOUCHER_9500,901.0,19.0,0.0,0.0,0.0,0.0,902,19,0.0,0.0,0.0,0.0,901.5,0.0
0,148300,VOLCANIC_ROCK_VOUCHER_9500,902.0,14.0,0.0,0.0,0.0,0.0,903,14,0.0,0.0,0.0,0.0,902.5,0.0
0,148400,VOLCANIC_ROCK_VOUCHER_9500,907.0,1.0,906.0,18.0,0.0,0.0,908,19,0.0,0.0,0.0,0.0,907.5,0.0
0,148500,VOLCANIC_ROCK_VOUCHER_9500,905.0,16.0,0.0,0.0,0.0,0.0,906,16,0.0,0.0,0.0,0.0,905.5,0.0
0,148600,VOLCANIC_ROCK_VOUCHER_9500,901.0,16.0,0.0,0.0,0.0,0.0,903,16,0.0,0.0,0.0,0.0,902.0,0.0
0,148700,VOLCANIC_ROCK_VOUCHER_9500,899.0,18.0,0.0,0.0,0.0,0.0,900,18,0.0,0.0,0.0,0.0,899.5,0.0
0,148800,VOLCANIC_ROCK_VOUCHER_9500,906.0,22.0,0.0,0.0,0.0,0.0,907,22,0.0,0.0,0.0,0.0,906.5,0.0
0,148900,VOLCANIC_ROCK_VOUCHER_9500,909.0,21.0,0.0,0.0,0.0,0.0,911,21,0.0,0.0,0.0,0.0,910.0,0.0
0,149000,VOLCANIC_ROCK_VOUCHER_9500,909.0,21.0,0.0,0.0,0.0,0.0,910,21,0.0,0.0,0.0,0.0,909.5,0.0
0,149100,VOLCANIC_ROCK_VOUCHER_9500,909.0,13.0,0.0,0.0,0.0,0.0,910,13,0.0,0.0,0.0,0.0,909.5,0.0
0,149200,VOLCANIC_ROCK_VOUCHER_9500,910.0,17.0,0.0,0.0,0.0,0.0,911,17,0.0,0.0,0.0,0.0,910.5,0.0
0,149300,VOLCANIC_ROCK_VOUCHER_9500,0.0,0.0,0.0,0.0,0.0,0.0,916,1,917.0,14.0,0.0,0.0,916.0,0.0
0,149400,VOLCANIC_ROCK_VOUCHER_9500,0.0,0.0,0.0,0.0,0.0,0.0,909,8,910.0,12.0,0.0,0.0,909.0,0.0
0,149500,VOLCANIC_ROCK_VOUCHER_9500,907.0,13.0,0.0,0.0,0.0,0.0,908,13,0.0,0.0,0.0,0.0,907.5,0.0
0,149600,VOLCANIC_ROCK_VOUCHER_9500,912.0,10.0,0.0,0.0,0.0,0.0,913,10,0.0,0.0,0.0,0.0,912.5,0.0
0,149700,VOLCANIC_ROCK_VOUCHER_9500,913.0,11.0,0.0,0.0,0.0,0.0,914,11,0.0,0.0,0.0,0.0,913.5,0.0
0,149800,VOLCANIC_ROCK_VOUCHER_9500,913.0,12.0,0.0,0.0,0.0,0.0,914,12,0.0,0.0,0.0,0.0,913.5,0.0
0,149900,VOLCANIC_ROCK_VOUCHER_9500,0.0,0.0,0.0,0.0,0.0,0.0,915,6,916.0,11.0,0.0,0.0,915.0,0.0
0,150000,VOLCANIC_ROCK_VOUCHER_9500,915.0,14.0,0.0,0.0,0.0,0.0,916,14,0.0,0.0,0.0,0.0,915.5,0.0
0,150100,VOLCANIC_ROCK_VOUCHER_9500,914.0,15.0,0.0,0.0,0.0,0.0,916,15,0.0,0.0,0.0,0.0,915.0,0.0
0,150200,VOLCANIC_ROCK_VOUCHER_9500,917.0,12.0,0.0,0.0,0.0,0.0,918,12,0.0,0.0,0.0,0.0,917.5,0.0
0,150300,VOLCANIC_ROCK_VOUCHER_9500,922.0,13.0,0.0,0.0,0.0,0.0,923,13,0.0,0.0,0.0,0.0,922.5,0.0
0,150400,VOLCANIC_ROCK_VOUCHER_9500,929.0,19.0,0.0,0.0,0.0,0.0,931,19,0.0,0.0,0.0,0.0,930.0,0.0
0,150500,VOLCANIC_ROCK_VOUCHER_9500,931.0,2.0,0.0,0.0,0.0,0.0,932,15,0.0,0.0,0.0,0.0,931.5,0.0
0,150600,VOLCANIC_ROCK_VOUCHER_9500,927.0,17.0,0.0,0.0,0.0,0.0,929,17,0.0,0.0,0.0,0.0,928.0,0.0
0,150700,VOLCANIC_ROCK_VOUCHER_9500,923.0,14.0,0.0,0.0,0.0,0.0,924,14,0.0,0.0,0.0,0.0,923.5,0.0
0,150800,VOLCANIC_ROCK_VOUCHER_9500,926.0,15.0,0.0,0.0,0.0,0.0,928,15,0.0,0.0,0.0,0.0,927.0,0.0
0,150900,VOLCANIC_ROCK_VOUCHER_9500,926.0,29.0,0.0,0.0,0.0,0.0,927,10,0.0,0.0,0.0,0.0,926.5,0.0
0,151000,VOLCANIC_ROCK_VOUCHER_9500,922.0,12.0,0.0,0.0,0.0,0.0,923,12,0.0,0.0,0.0,0.0,922.5,0.0
0,151100,VOLCANIC_ROCK_VOUCHER_9500,925.0,17.0,0.0,0.0,0.0,0.0,926,17,0.0,0.0,0.0,0.0,925.5,0.0
0,151200,VOLCANIC_ROCK_VOUCHER_9500,927.0,12.0,0.0,0.0,0.0,0.0,928,12,0.0,0.0,0.0,0.0,927.5,0.0
0,151300,VOLCANIC_ROCK_VOUCHER_9500,927.0,13.0,0.0,0.0,0.0,0.0,928,13,0.0,0.0,0.0,0.0,927.5,0.0
0,151400,VOLCANIC_ROCK_VOUCHER_9500,930.0,15.0,0.0,0.0,0.0,0.0,931,15,0.0,0.0,0.0,0.0,930.5,0.0
0,151500,VOLCANIC_ROCK_VOUCHER_9500,927.0,13.0,0.0,0.0,0.0,0.0,928,13,0.0,0.0,0.0,0.0,927.5,0.0
0,151600,VOLCANIC_ROCK_VOUCHER_9500,927.0,19.0,0.0,0.0,0.0,0.0,928,19,0.0,0.0,0.0,0.0,927.5,0.0
0,151700,VOLCANIC_ROCK_VOUCHER_9500,927.0,15.0,0.0,0.0,0.0,0.0,928,15,0.0,0.0,0.0,0.0,927.5,0.0
0,151800,VOLCANIC_ROCK_VOUCHER_9500,933.0,20.0,0.0,0.0,0.0,0.0,934,20,0.0,0.0,0.0,0.0,933.5,0.0
0,151900,VOLCANIC_ROCK_VOUCHER_9500,933.0,14.0,0.0,0.0,0.0,0.0,934,14,0.0,0.0,0.0,0.0,933.5,0.0
0,152000,VOLCANIC_ROCK_VOUCHER_9500,929.0,17.0,0.0,0.0,0.0,0.0,930,17,0.0,0.0,0.0,0.0,929.5,0.0
0,152100,VOLCANIC_ROCK_VOUCHER_9500,925.0,18.0,0.0,0.0,0.0,0.0,926,18,0.0,0.0,0.0,0.0,925.5,0.0
0,152200,VOLCANIC_ROCK_VOUCHER_9500,926.0,18.0,0.0,0.0,0.0,0.0,927,18,0.0,0.0,0.0,0.0,926.5,0.0
0,152300,VOLCANIC_ROCK_VOUCHER_9500,927.0,15.0,0.0,0.0,0.0,0.0,928,15,0.0,0.0,0.0,0.0,927.5,0.0
0,152400,VOLCANIC_ROCK_VOUCHER_9500,926.0,15.0,0.0,0.0,0.0,0.0,927,15,0.0,0.0,0.0,0.0,926.5,0.0
0,152500,VOLCANIC_ROCK_VOUCHER_9500,927.0,12.0,0.0,0.0,0.0,0.0,928,12,0.0,0.0,0.0,0.0,927.5,0.0
0,152600,VOLCANIC_ROCK_VOUCHER_9500,926.0,13.0,0.0,0.0,0.0,0.0,927,13,0.0,0.0,0.0,0.0,926.5,0.0
0,152700,VOLCANIC_ROCK_VOUCHER_9500,927.0,12.0,0.0,0.0,0.0,0.0,928,12,0.0,0.0,0.0,0.0,927.5,0.0
0,152800,VOLCANIC_ROCK_VOUCHER_9500,927.0,21.0,0.0,0.0,0.0,0.0,928,21,0.0,0.0,0.0,0.0,927.5,0.0
0,152900,VOLCANIC_ROCK_VOUCHER_9500,933.0,21.0,0.0,0.0,0.0,0.0,934,21,0.0,0.0,0.0,0.0,933.5,0.0
0,153000,VOLCANIC_ROCK_VOUCHER_9500,939.0,17.0,0.0,0.0,0.0,0.0,941,17,0.0,0.0,0.0,0.0,940.0,0.0
0,153100,VOLCANIC_ROCK_VOUCHER_9500,937.0,15.0,0.0,0.0,0.0,0.0,938,15,0.0,0.0,0.0,0.0,937.5,0.0
0,153200,VOLCANIC_ROCK_VOUCHER_9500,935.0,13.0,0.0,0.0,0.0,0.0,936,13,0.0,0.0,0.0,0.0,935.5,0.0
0,153300,VOLCANIC_ROCK_VOUCHER_9500,929.0,16.0,0.0,0.0,0.0,0.0,930,15,931.0,16.0,0.0,0.0,929.5,0.0
0,153400,VOLCANIC_ROCK_VOUCHER_9500,930.0,20.0,0.0,0.0,0.0,0.0,931,20,0.0,0.0,0.0,0.0,930.5,0.0
0,153500,VOLCANIC_ROCK_VOUCHER_9500,933.0,12.0,0.0,0.0,0.0,0.0,934,12,0.0,0.0,0.0,0.0,933.5,0.0
0,153600,VOLCANIC_ROCK_VOUCHER_9500,930.0,12.0,0.0,0.0,0.0,0.0,931,12,0.0,0.0,0.0,0.0,930.5,0.0
0,153700,VOLCANIC_ROCK_VOUCHER_9500,933.0,20.0,0.0,0.0,0.0,0.0,934,20,0.0,0.0,0.0,0.0,933.5,0.0
0,153800,VOLCANIC_ROCK_VOUCHER_9500,931.0,19.0,0.0,0.0,0.0,0.0,932,19,0.0,0.0,0.0,0.0,931.5,0.0
0,153900,VOLCANIC_ROCK_VOUCHER_9500,936.0,11.0,0.0,0.0,0.0,0.0,937,11,0.0,0.0,0.0,0.0,936.5,0.0
0,154000,VOLCANIC_ROCK_VOUCHER_9500,941.0,17.0,0.0,0.0,0.0,0.0,942,17,0.0,0.0,0.0,0.0,941.5,0.0
0,154100,VOLCANIC_ROCK_VOUCHER_9500,943.0,22.0,0.0,0.0,0.0,0.0,944,22,0.0,0.0,0.0,0.0,943.5,0.0
0,154200,VOLCANIC_ROCK_VOUCHER_9500,944.0,18.0,0.0,0.0,0.0,0.0,945,18,0.0,0.0,0.0,0.0,944.5,0.0
0,154300,VOLCANIC_ROCK_VOUCHER_9500,945.0,16.0,0.0,0.0,0.0,0.0,946,16,0.0,0.0,0.0,0.0,945.5,0.0
0,154400,VOLCANIC_ROCK_VOUCHER_9500,946.0,19.0,0.0,0.0,0.0,0.0,947,19,0.0,0.0,0.0,0.0,946.5,0.0
0,154500,VOLCANIC_ROCK_VOUCHER_9500,946.0,13.0,0.0,0.0,0.0,0.0,948,13,0.0,0.0,0.0,0.0,947.0,0.0
0,154600,VOLCANIC_ROCK_VOUCHER_9500,947.0,16.0,0.0,0.0,0.0,0.0,948,16,0.0,0.0,0.0,0.0,947.5,0.0
0,154700,VOLCANIC_ROCK_VOUCHER_9500,946.0,16.0,0.0,0.0,0.0,0.0,947,16,0.0,0.0,0.0,0.0,946.5,0.0
0,154800,VOLCANIC_ROCK_VOUCHER_9500,947.0,18.0,0.0,0.0,0.0,0.0,949,18,0.0,0.0,0.0,0.0,948.0,0.0
0,154900,VOLCANIC_ROCK_VOUCHER_9500,942.0,14.0,0.0,0.0,0.0,0.0,943,14,0.0,0.0,0.0,0.0,942.5,0.0
0,155000,VOLCANIC_ROCK_VOUCHER_9500,943.0,21.0,0.0,0.0,0.0,0.0,944,21,0.0,0.0,0.0,0.0,943.5,0.0
0,155100,VOLCANIC_ROCK_VOUCHER_9500,939.0,19.0,0.0,0.0,0.0,0.0,940,19,0.0,0.0,0.0,0.0,939.5,0.0
0,155200,VOLCANIC_ROCK_VOUCHER_9500,937.0,12.0,0.0,0.0,0.0,0.0,938,12,0.0,0.0,0.0,0.0,937.5,0.0
0,155300,VOLCANIC_ROCK_VOUCHER_9500,940.0,14.0,0.0,0.0,0.0,0.0,941,14,0.0,0.0,0.0,0.0,940.5,0.0
0,155400,VOLCANIC_ROCK_VOUCHER_9500,946.0,11.0,0.0,0.0,0.0,0.0,947,11,0.0,0.0,0.0,0.0,946.5,0.0
0,155500,VOLCANIC_ROCK_VOUCHER_9500,942.0,15.0,0.0,0.0,0.0,0.0,944,15,0.0,0.0,0.0,0.0,943.0,0.0
0,155600,VOLCANIC_ROCK_VOUCHER_9500,948.0,19.0,0.0,0.0,0.0,0.0,949,19,0.0,0.0,0.0,0.0,948.5,0.0
0,155700,VOLCANIC_ROCK_VOUCHER_9500,945.0,19.0,0.0,0.0,0.0,0.0,947,19,0.0,0.0,0.0,0.0,946.0,0.0
0,155800,VOLCANIC_ROCK_VOUCHER_9500,948.0,11.0,0.0,0.0,0.0,0.0,949,11,0.0,0.0,0.0,0.0,948.5,0.0
0,155900,VOLCANIC_ROCK_VOUCHER_9500,946.0,22.0,0.0,0.0,0.0,0.0,947,22,0.0,0.0,0.0,0.0,946.5,0.0
0,156000,VOLCANIC_ROCK_VOUCHER_9500,944.0,17.0,0.0,0.0,0.0,0.0,945,17,0.0,0.0,0.0,0.0,944.5,0.0
0,156100,VOLCANIC_ROCK_VOUCHER_9500,944.0,11.0,0.0,0.0,0.0,0.0,946,11,0.0,0.0,0.0,0.0,945.0,0.0
0,156200,VOLCANIC_ROCK_VOUCHER_9500,947.0,13.0,0.0,0.0,0.0,0.0,948,13,0.0,0.0,0.0,0.0,947.5,0.0
0,156300,VOLCANIC_ROCK_VOUCHER_9500,945.0,20.0,0.0,0.0,0.0,0.0,946,20,0.0,0.0,0.0,0.0,945.5,0.0
0,156400,VOLCANIC_ROCK_VOUCHER_9500,946.0,14.0,0.0,0.0,0.0,0.0,947,14,0.0,0.0,0.0,0.0,946.5,0.0
0,156500,VOLCANIC_ROCK_VOUCHER_9500,945.0,14.0,0.0,0.0,0.0,0.0,946,14,0.0,0.0,0.0,0.0,945.5,0.0
0,156600,VOLCANIC_ROCK_VOUCHER_9500,946.0,32.0,0.0,0.0,0.0,0.0,947,14,0.0,0.0,0.0,0.0,946.5,0.0
0,156700,VOLCANIC_ROCK_VOUCHER_9500,943.0,15.0,0.0,0.0,0.0,0.0,945,15,0.0,0.0,0.0,0.0,944.0,0.0
0,156800,VOLCANIC_ROCK_VOUCHER_9500,947.0,11.0,0.0,0.0,0.0,0.0,948,11,0.0,0.0,0.0,0.0,947.5,0.0
0,156900,VOLCANIC_ROCK_VOUCHER_9500,949.0,16.0,0.0,0.0,0.0,0.0,950,16,0.0,0.0,0.0,0.0,949.5,0.0
0,157000,VOLCANIC_ROCK_VOUCHER_9500,949.0,19.0,0.0,0.0,0.0,0.0,950,19,0.0,0.0,0.0,0.0,949.5,0.0
0,157100,VOLCANIC_ROCK_VOUCHER_9500,948.0,19.0,0.0,0.0,0.0,0.0,949,19,0.0,0.0,0.0,0.0,948.5,0.0
0,157200,VOLCANIC_ROCK_VOUCHER_9500,946.0,22.0,0.0,0.0,0.0,0.0,947,22,0.0,0.0,0.0,0.0,946.5,0.0
0,157300,VOLCANIC_ROCK_VOUCHER_9500,947.0,22.0,0.0,0.0,0.0,0.0,948,22,0.0,0.0,0.0,0.0,947.5,0.0
0,157400,VOLCANIC_ROCK_VOUCHER_9500,948.0,2.0,947.0,15.0,0.0,0.0,949,17,0.0,0.0,0.0,0.0,948.5,0.0
0,157500,VOLCANIC_ROCK_VOUCHER_9500,944.0,16.0,0.0,0.0,0.0,0.0,945,16,0.0,0.0,0.0,0.0,944.5,0.0
0,157600,VOLCANIC_ROCK_VOUCHER_9500,934.0,16.0,0.0,0.0,0.0,0.0,935,16,0.0,0.0,0.0,0.0,934.5,0.0
0,157700,VOLCANIC_ROCK_VOUCHER_9500,938.0,31.0,0.0,0.0,0.0,0.0,939,17,0.0,0.0,0.0,0.0,938.5,0.0
0,157800,VOLCANIC_ROCK_VOUCHER_9500,938.0,20.0,0.0,0.0,0.0,0.0,939,20,0.0,0.0,0.0,0.0,938.5,0.0
0,157900,VOLCANIC_ROCK_VOUCHER_9500,938.0,3.0,0.0,0.0,0.0,0.0,939,13,0.0,0.0,0.0,0.0,938.5,0.0
0,158000,VOLCANIC_ROCK_VOUCHER_9500,937.0,18.0,0.0,0.0,0.0,0.0,939,18,0.0,0.0,0.0,0.0,938.0,0.0
0,158100,VOLCANIC_ROCK_VOUCHER_9500,938.0,18.0,0.0,0.0,0.0,0.0,939,18,0.0,0.0,0.0,0.0,938.5,0.0
0,158200,VOLCANIC_ROCK_VOUCHER_9500,937.0,15.0,0.0,0.0,0.0,0.0,938,15,0.0,0.0,0.0,0.0,937.5,0.0
0,158300,VOLCANIC_ROCK_VOUCHER_9500,938.0,18.0,0.0,0.0,0.0,0.0,939,18,0.0,0.0,0.0,0.0,938.5,0.0
0,158400,VOLCANIC_ROCK_VOUCHER_9500,938.0,13.0,0.0,0.0,0.0,0.0,939,13,0.0,0.0,0.0,0.0,938.5,0.0
0,158500,VOLCANIC_ROCK_VOUCHER_9500,940.0,12.0,0.0,0.0,0.0,0.0,941,12,0.0,0.0,0.0,0.0,940.5,0.0
0,158600,VOLCANIC_ROCK_VOUCHER_9500,941.0,19.0,0.0,0.0,0.0,0.0,942,19,0.0,0.0,0.0,0.0,941.5,0.0
0,158700,VOLCANIC_ROCK_VOUCHER_9500,0.0,0.0,0.0,0.0,0.0,0.0,944,17,0.0,0.0,0.0,0.0,944.0,0.0
0,158800,VOLCANIC_ROCK_VOUCHER_9500,946.0,14.0,0.0,0.0,0.0,0.0,947,14,0.0,0.0,0.0,0.0,946.5,0.0
0,158900,VOLCANIC_ROCK_VOUCHER_9500,944.0,18.0,0.0,0.0,0.0,0.0,945,18,0.0,0.0,0.0,0.0,944.5,0.0
0,159000,VOLCANIC_ROCK_VOUCHER_9500,945.0,18.0,0.0,0.0,0.0,0.0,947,18,0.0,0.0,0.0,0.0,946.0,0.0
0,159100,VOLCANIC_ROCK_VOUCHER_9500,945.0,12.0,0.0,0.0,0.0,0.0,946,12,0.0,0.0,0.0,0.0,945.5,0.0
0,159200,VOLCANIC_ROCK_VOUCHER_9500,955.0,19.0,0.0,0.0,0.0,0.0,956,19,0.0,0.0,0.0,0.0,955.5,0.0
0,159300,VOLCANIC_ROCK_VOUCHER_9500,948.0,15.0,0.0,0.0,0.0,0.0,949,15,0.0,0.0,0.0,0.0,948.5,0.0
0,159400,VOLCANIC_ROCK_VOUCHER_9500,949.0,19.0,0.0,0.0,0.0,0.0,950,19,0.0,0.0,0.0,0.0,949.5,0.0
0,159500,VOLCANIC_ROCK_VOUCHER_9500,954.0,27.0,0.0,0.0,0.0,0.0,955,12,0.0,0.0,0.0,0.0,954.5,0.0
0,159600,VOLCANIC_ROCK_VOUCHER_9500,953.0,18.0,0.0,0.0,0.0,0.0,954,18,0.0,0.0,0.0,0.0,953.5,0.0
0,159700,VOLCANIC_ROCK_VOUCHER_9500,951.0,18.0,0.0,0.0,0.0,0.0,952,18,0.0,0.0,0.0,0.0,951.5,0.0
0,159800,VOLCANIC_ROCK_VOUCHER_9500,951.0,15.0,0.0,0.0,0.0,0.0,952,15,0.0,0.0,0.0,0.0,951.5,0.0
0,159900,VOLCANIC_ROCK_VOUCHER_9500,950.0,15.0,0.0,0.0,0.0,0.0,952,15,0.0,0.0,0.0,0.0,951.0,0.0
0,160000,VOLCANIC_ROCK_VOUCHER_9500,950.0,12.0,0.0,0.0,0.0,0.0,951,12,0.0,0.0,0.0,0.0,950.5,0.0
0,160100,VOLCANIC_ROCK_VOUCHER_9500,950.0,21.0,0.0,0.0,0.0,0.0,951,21,0.0,0.0,0.0,0.0,950.5,0.0
0,160200,VOLCANIC_ROCK_VOUCHER_9500,946.0,33.0,0.0,0.0,0.0,0.0,947,21,0.0,0.0,0.0,0.0,946.5,0.0
0,160300,VOLCANIC_ROCK_VOUCHER_9500,949.0,14.0,0.0,0.0,0.0,0.0,950,14,0.0,0.0,0.0,0.0,949.5,0.0
0,160400,VOLCANIC_ROCK_VOUCHER_9500,941.0,16.0,0.0,0.0,0.0,0.0,942,16,0.0,0.0,0.0,0.0,941.5,0.0
0,160500,VOLCANIC_ROCK_VOUCHER_9500,948.0,21.0,0.0,0.0,0.0,0.0,949,21,0.0,0.0,0.0,0.0,948.5,0.0
0,160600,VOLCANIC_ROCK_VOUCHER_9500,947.0,11.0,0.0,0.0,0.0,0.0,948,11,0.0,0.0,0.0,0.0,947.5,0.0
0,160700,VOLCANIC_ROCK_VOUCHER_9500,0.0,0.0,0.0,0.0,0.0,0.0,944,3,945.0,12.0,0.0,0.0,944.0,0.0
0,160800,VOLCANIC_ROCK_VOUCHER_9500,945.0,18.0,0.0,0.0,0.0,0.0,946,18,0.0,0.0,0.0,0.0,945.5,0.0
0,160900,VOLCANIC_ROCK_VOUCHER_9500,946.0,22.0,0.0,0.0,0.0,0.0,947,22,0.0,0.0,0.0,0.0,946.5,0.0
0,161000,VOLCANIC_ROCK_VOUCHER_9500,951.0,19.0,0.0,0.0,0.0,0.0,952,19,0.0,0.0,0.0,0.0,951.5,0.0
0,161100,VOLCANIC_ROCK_VOUCHER_9500,950.0,13.0,949.0,21.0,0.0,0.0,951,21,0.0,0.0,0.0,0.0,950.5,0.0
0,161200,VOLCANIC_ROCK_VOUCHER_9500,946.0,13.0,0.0,0.0,0.0,0.0,947,13,0.0,0.0,0.0,0.0,946.5,0.0
0,161300,VOLCANIC_ROCK_VOUCHER_9500,953.0,13.0,0.0,0.0,0.0,0.0,954,13,0.0,0.0,0.0,0.0,953.5,0.0
0,161400,VOLCANIC_ROCK_VOUCHER_9500,959.0,18.0,0.0,0.0,0.0,0.0,960,18,0.0,0.0,0.0,0.0,959.5,0.0
0,161500,VOLCANIC_ROCK_VOUCHER_9500,955.0,20.0,0.0,0.0,0.0,0.0,956,20,0.0,0.0,0.0,0.0,955.5,0.0
0,161600,VOLCANIC_ROCK_VOUCHER_9500,951.0,14.0,0.0,0.0,0.0,0.0,953,14,0.0,0.0,0.0,0.0,952.0,0.0
0,161700,VOLCANIC_ROCK_VOUCHER_9500,949.0,21.0,0.0,0.0,0.0,0.0,950,21,0.0,0.0,0.0,0.0,949.5,0.0
0,161800,VOLCANIC_ROCK_VOUCHER_9500,951.0,14.0,0.0,0.0,0.0,0.0,952,14,0.0,0.0,0.0,0.0,951.5,0.0
0,161900,VOLCANIC_ROCK_VOUCHER_9500,949.0,12.0,0.0,0.0,0.0,0.0,950,12,0.0,0.0,0.0,0.0,949.5,0.0
0,162000,VOLCANIC_ROCK_VOUCHER_9500,950.0,18.0,0.0,0.0,0.0,0.0,951,18,0.0,0.0,0.0,0.0,950.5,0.0
0,162100,VOLCANIC_ROCK_VOUCHER_9500,956.0,17.0,0.0,0.0,0.0,0.0,957,17,0.0,0.0,0.0,0.0,956.5,0.0
0,162200,VOLCANIC_ROCK_VOUCHER_9500,953.0,6.0,0.0,0.0,0.0,0.0,954,14,0.0,0.0,0.0,0.0,953.5,0.0
0,162300,VOLCANIC_ROCK_VOUCHER_9500,956.0,22.0,0.0,0.0,0.0,0.0,957,22,0.0,0.0,0.0,0.0,956.5,0.0
0,162400,VOLCANIC_ROCK_VOUCHER_9500,955.0,13.0,0.0,0.0,0.0,0.0,956,13,0.0,0.0,0.0,0.0,955.5,0.0
0,162500,VOLCANIC_ROCK_VOUCHER_9500,954.0,10.0,0.0,0.0,0.0,0.0,955,10,0.0,0.0,0.0,0.0,954.5,0.0
0,162600,VOLCANIC_ROCK_VOUCHER_9500,955.0,17.0,0.0,0.0,0.0,0.0,956,17,0.0,0.0,0.0,0.0,955.5,0.0
0,162700,VOLCANIC_ROCK_VOUCHER_9500,955.0,17.0,0.0,0.0,0.0,0.0,956,17,0.0,0.0,0.0,0.0,955.5,0.0
0,162800,VOLCANIC_ROCK_VOUCHER_9500,954.0,12.0,0.0,0.0,0.0,0.0,956,12,0.0,0.0,0.0,0.0,955.0,0.0
0,162900,VOLCANIC_ROCK_VOUCHER_9500,953.0,20.0,0.0,0.0,0.0,0.0,954,20,0.0,0.0,0.0,0.0,953.5,0.0
0,163000,VOLCANIC_ROCK_VOUCHER_9500,951.0,18.0,0.0,0.0,0.0,0.0,952,18,0.0,0.0,0.0,0.0,951.5,0.0
0,163100,VOLCANIC_ROCK_VOUCHER_9500,955.0,16.0,0.0,0.0,0.0,0.0,956,16,0.0,0.0,0.0,0.0,955.5,0.0
0,163200,VOLCANIC_ROCK_VOUCHER_9500,959.0,26.0,0.0,0.0,0.0,0.0,960,18,0.0,0.0,0.0,0.0,959.5,0.0
0,163300,VOLCANIC_ROCK_VOUCHER_9500,960.0,11.0,0.0,0.0,0.0,0.0,961,11,0.0,0.0,0.0,0.0,960.5,0.0
0,163400,VOLCANIC_ROCK_VOUCHER_9500,961.0,31.0,0.0,0.0,0.0,0.0,962,19,0.0,0.0,0.0,0.0,961.5,0.0
0,163500,VOLCANIC_ROCK_VOUCHER_9500,957.0,10.0,0.0,0.0,0.0,0.0,959,10,0.0,0.0,0.0,0.0,958.0,0.0
0,163600,VOLCANIC_ROCK_VOUCHER_9500,955.0,17.0,0.0,0.0,0.0,0.0,956,17,0.0,0.0,0.0,0.0,955.5,0.0
0,163700,VOLCANIC_ROCK_VOUCHER_9500,958.0,30.0,0.0,0.0,0.0,0.0,959,18,0.0,0.0,0.0,0.0,958.5,0.0
0,163800,VOLCANIC_ROCK_VOUCHER_9500,958.0,21.0,0.0,0.0,0.0,0.0,959,21,0.0,0.0,0.0,0.0,958.5,0.0
0,163900,VOLCANIC_ROCK_VOUCHER_9500,957.0,18.0,0.0,0.0,0.0,0.0,958,18,0.0,0.0,0.0,0.0,957.5,0.0
0,164000,VOLCANIC_ROCK_VOUCHER_9500,957.0,12.0,0.0,0.0,0.0,0.0,958,12,0.0,0.0,0.0,0.0,957.5,0.0
0,164100,VOLCANIC_ROCK_VOUCHER_9500,963.0,14.0,0.0,0.0,0.0,0.0,965,14,0.0,0.0,0.0,0.0,964.0,0.0
0,164200,VOLCANIC_ROCK_VOUCHER_9500,963.0,17.0,0.0,0.0,0.0,0.0,965,17,0.0,0.0,0.0,0.0,964.0,0.0
0,164300,VOLCANIC_ROCK_VOUCHER_9500,969.0,18.0,0.0,0.0,0.0,0.0,970,18,0.0,0.0,0.0,0.0,969.5,0.0
0,164400,VOLCANIC_ROCK_VOUCHER_9500,968.0,11.0,0.0,0.0,0.0,0.0,969,11,0.0,0.0,0.0,0.0,968.5,0.0
0,164500,VOLCANIC_ROCK_VOUCHER_9500,962.0,17.0,0.0,0.0,0.0,0.0,963,17,0.0,0.0,0.0,0.0,962.5,0.0
0,164600,VOLCANIC_ROCK_VOUCHER_9500,960.0,20.0,0.0,0.0,0.0,0.0,961,2,962.0,18.0,0.0,0.0,960.5,0.0
0,164700,VOLCANIC_ROCK_VOUCHER_9500,964.0,9.0,0.0,0.0,0.0,0.0,966,20,0.0,0.0,0.0,0.0,965.0,0.0
0,164800,VOLCANIC_ROCK_VOUCHER_9500,961.0,12.0,0.0,0.0,0.0,0.0,962,12,0.0,0.0,0.0,0.0,961.5,0.0
0,164900,VOLCANIC_ROCK_VOUCHER_9500,956.0,16.0,0.0,0.0,0.0,0.0,957,16,0.0,0.0,0.0,0.0,956.5,0.0
0,165000,VOLCANIC_ROCK_VOUCHER_9500,958.0,13.0,0.0,0.0,0.0,0.0,959,13,0.0,0.0,0.0,0.0,958.5,0.0
0,165100,VOLCANIC_ROCK_VOUCHER_9500,956.0,13.0,0.0,0.0,0.0,0.0,958,13,0.0,0.0,0.0,0.0,957.0,0.0
0,165200,VOLCANIC_ROCK_VOUCHER_9500,951.0,2.0,0.0,0.0,0.0,0.0,952,12,0.0,0.0,0.0,0.0,951.5,0.0
0,165300,VOLCANIC_ROCK_VOUCHER_9500,956.0,18.0,0.0,0.0,0.0,0.0,957,18,0.0,0.0,0.0,0.0,956.5,0.0
0,165400,VOLCANIC_ROCK_VOUCHER_9500,956.0,13.0,0.0,0.0,0.0,0.0,957,13,0.0,0.0,0.0,0.0,956.5,0.0
0,165500,VOLCANIC_ROCK_VOUCHER_9500,952.0,20.0,0.0,0.0,0.0,0.0,953,20,0.0,0.0,0.0,0.0,952.5,0.0
0,165600,VOLCANIC_ROCK_VOUCHER_9500,950.0,17.0,0.0,0.0,0.0,0.0,951,17,0.0,0.0,0.0,0.0,950.5,0.0
0,165700,VOLCANIC_ROCK_VOUCHER_9500,949.0,13.0,0.0,0.0,0.0,0.0,950,13,0.0,0.0,0.0,0.0,949.5,0.0
0,165800,VOLCANIC_ROCK_VOUCHER_9500,949.0,28.0,0.0,0.0,0.0,0.0,950,18,0.0,0.0,0.0,0.0,949.5,0.0
0,165900,VOLCANIC_ROCK_VOUCHER_9500,945.0,12.0,0.0,0.0,0.0,0.0,947,12,0.0,0.0,0.0,0.0,946.0,0.0
0,166000,VOLCANIC_ROCK_VOUCHER_9500,945.0,14.0,0.0,0.0,0.0,0.0,946,14,0.0,0.0,0.0,0.0,945.5,0.0
0,166100,VOLCANIC_ROCK_VOUCHER_9500,946.0,20.0,0.0,0.0,0.0,0.0,947,20,0.0,0.0,0.0,0.0,946.5,0.0
0,166200,VOLCANIC_ROCK_VOUCHER_9500,947.0,12.0,0.0,0.0,0.0,0.0,948,12,0.0,0.0,0.0,0.0,947.5,0.0
0,166300,VOLCANIC_ROCK_VOUCHER_9500,949.0,13.0,0.0,0.0,0.0,0.0,950,13,0.0,0.0,0.0,0.0,949.5,0.0
0,166400,VOLCANIC_ROCK_VOUCHER_9500,948.0,19.0,0.0,0.0,0.0,0.0,949,19,0.0,0.0,0.0,0.0,948.5,0.0
0,166500,VOLCANIC_ROCK_VOUCHER_9500,946.0,10.0,0.0,0.0,0.0,0.0,947,10,0.0,0.0,0.0,0.0,946.5,0.0
0,166600,VOLCANIC_ROCK_VOUCHER_9500,945.0,16.0,0.0,0.0,0.0,0.0,946,16,0.0,0.0,0.0,0.0,945.5,0.0
0,166700,VOLCANIC_ROCK_VOUCHER_9500,945.0,18.0,0.0,0.0,0.0,0.0,947,18,0.0,0.0,0.0,0.0,946.0,0.0
0,166800,VOLCANIC_ROCK_VOUCHER_9500,942.0,27.0,0.0,0.0,0.0,0.0,943,14,0.0,0.0,0.0,0.0,942.5,0.0
0,166900,VOLCANIC_ROCK_VOUCHER_9500,942.0,22.0,0.0,0.0,0.0,0.0,944,22,0.0,0.0,0.0,0.0,943.0,0.0
0,167000,VOLCANIC_ROCK_VOUCHER_9500,939.0,16.0,0.0,0.0,0.0,0.0,940,16,0.0,0.0,0.0,0.0,939.5,0.0
0,167100,VOLCANIC_ROCK_VOUCHER_9500,929.0,18.0,0.0,0.0,0.0,0.0,930,18,0.0,0.0,0.0,0.0,929.5,0.0
0,167200,VOLCANIC_ROCK_VOUCHER_9500,931.0,30.0,0.0,0.0,0.0,0.0,932,16,0.0,0.0,0.0,0.0,931.5,0.0
0,167300,VOLCANIC_ROCK_VOUCHER_9500,932.0,20.0,0.0,0.0,0.0,0.0,933,20,0.0,0.0,0.0,0.0,932.5,0.0
0,167400,VOLCANIC_ROCK_VOUCHER_9500,932.0,15.0,0.0,0.0,0.0,0.0,933,15,0.0,0.0,0.0,0.0,932.5,0.0
0,167500,VOLCANIC_ROCK_VOUCHER_9500,929.0,13.0,0.0,0.0,0.0,0.0,930,13,0.0,0.0,0.0,0.0,929.5,0.0
0,167600,VOLCANIC_ROCK_VOUCHER_9500,933.0,18.0,0.0,0.0,0.0,0.0,935,18,0.0,0.0,0.0,0.0,934.0,0.0
0,167700,VOLCANIC_ROCK_VOUCHER_9500,932.0,20.0,0.0,0.0,0.0,0.0,933,20,0.0,0.0,0.0,0.0,932.5,0.0
0,167800,VOLCANIC_ROCK_VOUCHER_9500,932.0,18.0,0.0,0.0,0.0,0.0,933,18,0.0,0.0,0.0,0.0,932.5,0.0
0,167900,VOLCANIC_ROCK_VOUCHER_9500,932.0,11.0,0.0,0.0,0.0,0.0,933,11,0.0,0.0,0.0,0.0,932.5,0.0
0,168000,VOLCANIC_ROCK_VOUCHER_9500,933.0,15.0,0.0,0.0,0.0,0.0,934,15,0.0,0.0,0.0,0.0,933.5,0.0
0,168100,VOLCANIC_ROCK_VOUCHER_9500,929.0,21.0,0.0,0.0,0.0,0.0,930,21,0.0,0.0,0.0,0.0,929.5,0.0
0,168200,VOLCANIC_ROCK_VOUCHER_9500,928.0,12.0,0.0,0.0,0.0,0.0,929,12,0.0,0.0,0.0,0.0,928.5,0.0
0,168300,VOLCANIC_ROCK_VOUCHER_9500,928.0,18.0,0.0,0.0,0.0,0.0,930,18,0.0,0.0,0.0,0.0,929.0,0.0
0,168400,VOLCANIC_ROCK_VOUCHER_9500,930.0,19.0,0.0,0.0,0.0,0.0,931,19,0.0,0.0,0.0,0.0,930.5,0.0
0,168500,VOLCANIC_ROCK_VOUCHER_9500,934.0,19.0,0.0,0.0,0.0,0.0,935,19,0.0,0.0,0.0,0.0,934.5,0.0
0,168600,VOLCANIC_ROCK_VOUCHER_9500,932.0,12.0,0.0,0.0,0.0,0.0,933,12,0.0,0.0,0.0,0.0,932.5,0.0
0,168700,VOLCANIC_ROCK_VOUCHER_9500,930.0,13.0,0.0,0.0,0.0,0.0,931,13,0.0,0.0,0.0,0.0,930.5,0.0
0,168800,VOLCANIC_ROCK_VOUCHER_9500,929.0,14.0,0.0,0.0,0.0,0.0,930,14,0.0,0.0,0.0,0.0,929.5,0.0
0,168900,VOLCANIC_ROCK_VOUCHER_9500,928.0,18.0,0.0,0.0,0.0,0.0,929,18,0.0,0.0,0.0,0.0,928.5,0.0
0,169000,VOLCANIC_ROCK_VOUCHER_9500,930.0,11.0,0.0,0.0,0.0,0.0,931,11,0.0,0.0,0.0,0.0,930.5,0.0
0,169100,VOLCANIC_ROCK_VOUCHER_9500,938.0,14.0,0.0,0.0,0.0,0.0,939,14,0.0,0.0,0.0,0.0,938.5,0.0
0,169200,VOLCANIC_ROCK_VOUCHER_9500,934.0,15.0,0.0,0.0,0.0,0.0,935,15,0.0,0.0,0.0,0.0,934.5,0.0
0,169300,VOLCANIC_ROCK_VOUCHER_9500,929.0,18.0,0.0,0.0,0.0,0.0,930,18,0.0,0.0,0.0,0.0,929.5,0.0
0,169400,VOLCANIC_ROCK_VOUCHER_9500,930.0,21.0,0.0,0.0,0.0,0.0,931,21,0.0,0.0,0.0,0.0,930.5,0.0
0,169500,VOLCANIC_ROCK_VOUCHER_9500,936.0,12.0,0.0,0.0,0.0,0.0,937,12,0.0,0.0,0.0,0.0,936.5,0.0
0,169600,VOLCANIC_ROCK_VOUCHER_9500,930.0,19.0,0.0,0.0,0.0,0.0,931,19,0.0,0.0,0.0,0.0,930.5,0.0
0,169700,VOLCANIC_ROCK_VOUCHER_9500,934.0,15.0,0.0,0.0,0.0,0.0,935,15,0.0,0.0,0.0,0.0,934.5,0.0
0,169800,VOLCANIC_ROCK_VOUCHER_9500,935.0,2.0,934.0,18.0,0.0,0.0,936,20,0.0,0.0,0.0,0.0,935.5,0.0
0,169900,VOLCANIC_ROCK_VOUCHER_9500,938.0,3.0,0.0,0.0,0.0,0.0,939,19,0.0,0.0,0.0,0.0,938.5,0.0
0,170000,VOLCANIC_ROCK_VOUCHER_9500,941.0,11.0,0.0,0.0,0.0,0.0,942,11,0.0,0.0,0.0,0.0,941.5,0.0
0,170100,VOLCANIC_ROCK_VOUCHER_9500,942.0,18.0,0.0,0.0,0.0,0.0,943,18,0.0,0.0,0.0,0.0,942.5,0.0
0,170200,VOLCANIC_ROCK_VOUCHER_9500,940.0,11.0,0.0,0.0,0.0,0.0,941,11,0.0,0.0,0.0,0.0,940.5,0.0
0,170300,VOLCANIC_ROCK_VOUCHER_9500,950.0,14.0,0.0,0.0,0.0,0.0,951,14,0.0,0.0,0.0,0.0,950.5,0.0
0,170400,VOLCANIC_ROCK_VOUCHER_9500,952.0,16.0,0.0,0.0,0.0,0.0,953,16,0.0,0.0,0.0,0.0,952.5,0.0
0,170500,VOLCANIC_ROCK_VOUCHER_9500,949.0,18.0,0.0,0.0,0.0,0.0,951,18,0.0,0.0,0.0,0.0,950.0,0.0
0,170600,VOLCANIC_ROCK_VOUCHER_9500,951.0,12.0,0.0,0.0,0.0,0.0,952,12,0.0,0.0,0.0,0.0,951.5,0.0
0,170700,VOLCANIC_ROCK_VOUCHER_9500,952.0,18.0,0.0,0.0,0.0,0.0,953,18,0.0,0.0,0.0,0.0,952.5,0.0
0,170800,VOLCANIC_ROCK_VOUCHER_9500,952.0,19.0,0.0,0.0,0.0,0.0,953,19,0.0,0.0,0.0,0.0,952.5,0.0
0,170900,VOLCANIC_ROCK_VOUCHER_9500,950.0,12.0,0.0,0.0,0.0,0.0,951,12,0.0,0.0,0.0,0.0,950.5,0.0
0,171000,VOLCANIC_ROCK_VOUCHER_9500,951.0,16.0,0.0,0.0,0.0,0.0,952,16,0.0,0.0,0.0,0.0,951.5,0.0
0,171100,VOLCANIC_ROCK_VOUCHER_9500,951.0,14.0,0.0,0.0,0.0,0.0,953,14,0.0,0.0,0.0,0.0,952.0,0.0
0,171200,VOLCANIC_ROCK_VOUCHER_9500,952.0,1.0,0.0,0.0,0.0,0.0,953,15,0.0,0.0,0.0,0.0,952.5,0.0
0,171300,VOLCANIC_ROCK_VOUCHER_9500,950.0,16.0,0.0,0.0,0.0,0.0,951,16,0.0,0.0,0.0,0.0,950.5,0.0
0,171400,VOLCANIC_ROCK_VOUCHER_9500,952.0,11.0,0.0,0.0,0.0,0.0,953,11,0.0,0.0,0.0,0.0,952.5,0.0
0,171500,VOLCANIC_ROCK_VOUCHER_9500,949.0,4.0,0.0,0.0,0.0,0.0,950,17,0.0,0.0,0.0,0.0,949.5,0.0
0,171600,VOLCANIC_ROCK_VOUCHER_9500,945.0,11.0,0.0,0.0,0.0,0.0,946,11,0.0,0.0,0.0,0.0,945.5,0.0
0,171700,VOLCANIC_ROCK_VOUCHER_9500,949.0,18.0,948.0,12.0,0.0,0.0,950,12,0.0,0.0,0.0,0.0,949.5,0.0
0,171800,VOLCANIC_ROCK_VOUCHER_9500,946.0,15.0,0.0,0.0,0.0,0.0,947,15,0.0,0.0,0.0,0.0,946.5,0.0
0,171900,VOLCANIC_ROCK_VOUCHER_9500,945.0,20.0,0.0,0.0,0.0,0.0,946,20,0.0,0.0,0.0,0.0,945.5,0.0
0,172000,VOLCANIC_ROCK_VOUCHER_9500,940.0,20.0,0.0,0.0,0.0,0.0,941,20,0.0,0.0,0.0,0.0,940.5,0.0
0,172100,VOLCANIC_ROCK_VOUCHER_9500,944.0,22.0,0.0,0.0,0.0,0.0,945,22,0.0,0.0,0.0,0.0,944.5,0.0
0,172200,VOLCANIC_ROCK_VOUCHER_9500,943.0,16.0,0.0,0.0,0.0,0.0,944,16,0.0,0.0,0.0,0.0,943.5,0.0
0,172300,VOLCANIC_ROCK_VOUCHER_9500,944.0,19.0,0.0,0.0,0.0,0.0,945,19,0.0,0.0,0.0,0.0,944.5,0.0
0,172400,VOLCANIC_ROCK_VOUCHER_9500,943.0,27.0,0.0,0.0,0.0,0.0,944,11,0.0,0.0,0.0,0.0,943.5,0.0
0,172500,VOLCANIC_ROCK_VOUCHER_9500,944.0,18.0,0.0,0.0,0.0,0.0,945,18,0.0,0.0,0.0,0.0,944.5,0.0
0,172600,VOLCANIC_ROCK_VOUCHER_9500,941.0,22.0,0.0,0.0,0.0,0.0,942,22,0.0,0.0,0.0,0.0,941.5,0.0
0,172700,VOLCANIC_ROCK_VOUCHER_9500,940.0,19.0,0.0,0.0,0.0,0.0,941,19,0.0,0.0,0.0,0.0,940.5,0.0
0,172800,VOLCANIC_ROCK_VOUCHER_9500,942.0,13.0,0.0,0.0,0.0,0.0,943,13,0.0,0.0,0.0,0.0,942.5,0.0
0,172900,VOLCANIC_ROCK_VOUCHER_9500,940.0,12.0,0.0,0.0,0.0,0.0,941,12,0.0,0.0,0.0,0.0,940.5,0.0
0,173000,VOLCANIC_ROCK_VOUCHER_9500,941.0,12.0,940.0,19.0,0.0,0.0,942,19,0.0,0.0,0.0,0.0,941.5,0.0
0,173100,VOLCANIC_ROCK_VOUCHER_9500,945.0,18.0,0.0,0.0,0.0,0.0,946,18,0.0,0.0,0.0,0.0,945.5,0.0
0,173200,VOLCANIC_ROCK_VOUCHER_9500,945.0,18.0,0.0,0.0,0.0,0.0,946,18,0.0,0.0,0.0,0.0,945.5,0.0
0,173300,VOLCANIC_ROCK_VOUCHER_9500,945.0,15.0,0.0,0.0,0.0,0.0,946,15,0.0,0.0,0.0,0.0,945.5,0.0
0,173400,VOLCANIC_ROCK_VOUCHER_9500,947.0,16.0,0.0,0.0,0.0,0.0,948,16,0.0,0.0,0.0,0.0,947.5,0.0
0,173500,VOLCANIC_ROCK_VOUCHER_9500,950.0,11.0,0.0,0.0,0.0,0.0,951,11,0.0,0.0,0.0,0.0,950.5,0.0
0,173600,VOLCANIC_ROCK_VOUCHER_9500,954.0,31.0,0.0,0.0,0.0,0.0,955,21,0.0,0.0,0.0,0.0,954.5,0.0
0,173700,VOLCANIC_ROCK_VOUCHER_9500,950.0,14.0,0.0,0.0,0.0,0.0,951,14,0.0,0.0,0.0,0.0,950.5,0.0
0,173800,VOLCANIC_ROCK_VOUCHER_9500,952.0,20.0,0.0,0.0,0.0,0.0,954,20,0.0,0.0,0.0,0.0,953.0,0.0
0,173900,VOLCANIC_ROCK_VOUCHER_9500,947.0,12.0,0.0,0.0,0.0,0.0,948,12,0.0,0.0,0.0,0.0,947.5,0.0
0,174000,VOLCANIC_ROCK_VOUCHER_9500,946.0,18.0,0.0,0.0,0.0,0.0,947,18,0.0,0.0,0.0,0.0,946.5,0.0
0,174100,VOLCANIC_ROCK_VOUCHER_9500,942.0,19.0,0.0,0.0,0.0,0.0,943,19,0.0,0.0,0.0,0.0,942.5,0.0
0,174200,VOLCANIC_ROCK_VOUCHER_9500,942.0,13.0,0.0,0.0,0.0,0.0,943,13,0.0,0.0,0.0,0.0,942.5,0.0
0,174300,VOLCANIC_ROCK_VOUCHER_9500,944.0,12.0,0.0,0.0,0.0,0.0,945,12,0.0,0.0,0.0,0.0,944.5,0.0
0,174400,VOLCANIC_ROCK_VOUCHER_9500,945.0,30.0,0.0,0.0,0.0,0.0,946,20,0.0,0.0,0.0,0.0,945.5,0.0
0,174500,VOLCANIC_ROCK_VOUCHER_9500,945.0,20.0,0.0,0.0,0.0,0.0,946,20,0.0,0.0,0.0,0.0,945.5,0.0
0,174600,VOLCANIC_ROCK_VOUCHER_9500,944.0,13.0,0.0,0.0,0.0,0.0,945,13,0.0,0.0,0.0,0.0,944.5,0.0
0,174700,VOLCANIC_ROCK_VOUCHER_9500,947.0,15.0,0.0,0.0,0.0,0.0,948,15,0.0,0.0,0.0,0.0,947.5,0.0
0,174800,VOLCANIC_ROCK_VOUCHER_9500,950.0,0.0,0.0,0.0,0.0,0.0,951,13,0.0,0.0,0.0,0.0,950.5,0.0
0,174900,VOLCANIC_ROCK_VOUCHER_9500,954.0,18.0,0.0,0.0,0.0,0.0,955,18,0.0,0.0,0.0,0.0,954.5,0.0
0,175000,VOLCANIC_ROCK_VOUCHER_9500,953.0,21.0,0.0,0.0,0.0,0.0,954,21,0.0,0.0,0.0,0.0,953.5,0.0
0,175100,VOLCANIC_ROCK_VOUCHER_9500,954.0,20.0,0.0,0.0,0.0,0.0,955,20,0.0,0.0,0.0,0.0,954.5,0.0
0,175200,VOLCANIC_ROCK_VOUCHER_9500,953.0,14.0,0.0,0.0,0.0,0.0,954,14,0.0,0.0,0.0,0.0,953.5,0.0
0,175300,VOLCANIC_ROCK_VOUCHER_9500,951.0,17.0,0.0,0.0,0.0,0.0,953,17,0.0,0.0,0.0,0.0,952.0,0.0
0,175400,VOLCANIC_ROCK_VOUCHER_9500,948.0,14.0,0.0,0.0,0.0,0.0,949,14,0.0,0.0,0.0,0.0,948.5,0.0
0,175500,VOLCANIC_ROCK_VOUCHER_9500,950.0,16.0,0.0,0.0,0.0,0.0,951,16,0.0,0.0,0.0,0.0,950.5,0.0
0,175600,VOLCANIC_ROCK_VOUCHER_9500,951.0,35.0,0.0,0.0,0.0,0.0,952,21,0.0,0.0,0.0,0.0,951.5,0.0
0,175700,VOLCANIC_ROCK_VOUCHER_9500,950.0,22.0,0.0,0.0,0.0,0.0,952,22,0.0,0.0,0.0,0.0,951.0,0.0
0,175800,VOLCANIC_ROCK_VOUCHER_9500,952.0,10.0,0.0,0.0,0.0,0.0,954,10,0.0,0.0,0.0,0.0,953.0,0.0
0,175900,VOLCANIC_ROCK_VOUCHER_9500,950.0,17.0,0.0,0.0,0.0,0.0,952,17,0.0,0.0,0.0,0.0,951.0,0.0
0,176000,VOLCANIC_ROCK_VOUCHER_9500,950.0,17.0,0.0,0.0,0.0,0.0,952,17,0.0,0.0,0.0,0.0,951.0,0.0
0,176100,VOLCANIC_ROCK_VOUCHER_9500,953.0,13.0,0.0,0.0,0.0,0.0,954,13,0.0,0.0,0.0,0.0,953.5,0.0
0,176200,VOLCANIC_ROCK_VOUCHER_9500,951.0,17.0,0.0,0.0,0.0,0.0,952,17,0.0,0.0,0.0,0.0,951.5,0.0
0,176300,VOLCANIC_ROCK_VOUCHER_9500,952.0,10.0,0.0,0.0,0.0,0.0,953,10,0.0,0.0,0.0,0.0,952.5,0.0
0,176400,VOLCANIC_ROCK_VOUCHER_9500,950.0,16.0,0.0,0.0,0.0,0.0,952,16,0.0,0.0,0.0,0.0,951.0,0.0
0,176500,VOLCANIC_ROCK_VOUCHER_9500,951.0,14.0,0.0,0.0,0.0,0.0,952,14,0.0,0.0,0.0,0.0,951.5,0.0
0,176600,VOLCANIC_ROCK_VOUCHER_9500,953.0,20.0,0.0,0.0,0.0,0.0,954,20,0.0,0.0,0.0,0.0,953.5,0.0
0,176700,VOLCANIC_ROCK_VOUCHER_9500,954.0,21.0,0.0,0.0,0.0,0.0,955,21,0.0,0.0,0.0,0.0,954.5,0.0
0,176800,VOLCANIC_ROCK_VOUCHER_9500,953.0,18.0,0.0,0.0,0.0,0.0,954,18,0.0,0.0,0.0,0.0,953.5,0.0
0,176900,VOLCANIC_ROCK_VOUCHER_9500,954.0,12.0,0.0,0.0,0.0,0.0,955,12,0.0,0.0,0.0,0.0,954.5,0.0
0,177000,VOLCANIC_ROCK_VOUCHER_9500,954.0,19.0,0.0,0.0,0.0,0.0,955,19,0.0,0.0,0.0,0.0,954.5,0.0
0,177100,VOLCANIC_ROCK_VOUCHER_9500,955.0,15.0,0.0,0.0,0.0,0.0,956,15,0.0,0.0,0.0,0.0,955.5,0.0
0,177200,VOLCANIC_ROCK_VOUCHER_9500,956.0,18.0,0.0,0.0,0.0,0.0,957,18,0.0,0.0,0.0,0.0,956.5,0.0
0,177300,VOLCANIC_ROCK_VOUCHER_9500,952.0,14.0,0.0,0.0,0.0,0.0,953,14,0.0,0.0,0.0,0.0,952.5,0.0
0,177400,VOLCANIC_ROCK_VOUCHER_9500,954.0,14.0,0.0,0.0,0.0,0.0,955,14,0.0,0.0,0.0,0.0,954.5,0.0
0,177500,VOLCANIC_ROCK_VOUCHER_9500,954.0,21.0,0.0,0.0,0.0,0.0,955,21,0.0,0.0,0.0,0.0,954.5,0.0
0,177600,VOLCANIC_ROCK_VOUCHER_9500,951.0,15.0,0.0,0.0,0.0,0.0,952,15,0.0,0.0,0.0,0.0,951.5,0.0
0,177700,VOLCANIC_ROCK_VOUCHER_9500,952.0,18.0,0.0,0.0,0.0,0.0,953,18,0.0,0.0,0.0,0.0,952.5,0.0
0,177800,VOLCANIC_ROCK_VOUCHER_9500,954.0,13.0,0.0,0.0,0.0,0.0,955,13,0.0,0.0,0.0,0.0,954.5,0.0
0,177900,VOLCANIC_ROCK_VOUCHER_9500,955.0,19.0,0.0,0.0,0.0,0.0,956,19,0.0,0.0,0.0,0.0,955.5,0.0
0,178000,VOLCANIC_ROCK_VOUCHER_9500,950.0,35.0,0.0,0.0,0.0,0.0,951,18,0.0,0.0,0.0,0.0,950.5,0.0
0,178100,VOLCANIC_ROCK_VOUCHER_9500,0.0,0.0,0.0,0.0,0.0,0.0,949,1,950.0,12.0,0.0,0.0,949.0,0.0
0,178200,VOLCANIC_ROCK_VOUCHER_9500,946.0,13.0,0.0,0.0,0.0,0.0,947,13,0.0,0.0,0.0,0.0,946.5,0.0
0,178300,VOLCANIC_ROCK_VOUCHER_9500,950.0,21.0,0.0,0.0,0.0,0.0,951,21,0.0,0.0,0.0,0.0,950.5,0.0
0,178400,VOLCANIC_ROCK_VOUCHER_9500,947.0,14.0,0.0,0.0,0.0,0.0,948,14,0.0,0.0,0.0,0.0,947.5,0.0
0,178500,VOLCANIC_ROCK_VOUCHER_9500,942.0,20.0,0.0,0.0,0.0,0.0,943,20,0.0,0.0,0.0,0.0,942.5,0.0
0,178600,VOLCANIC_ROCK_VOUCHER_9500,935.0,16.0,0.0,0.0,0.0,0.0,936,16,0.0,0.0,0.0,0.0,935.5,0.0
0,178700,VOLCANIC_ROCK_VOUCHER_9500,934.0,11.0,0.0,0.0,0.0,0.0,935,19,0.0,0.0,0.0,0.0,934.5,0.0
0,178800,VOLCANIC_ROCK_VOUCHER_9500,940.0,17.0,0.0,0.0,0.0,0.0,942,17,0.0,0.0,0.0,0.0,941.0,0.0
0,178900,VOLCANIC_ROCK_VOUCHER_9500,942.0,20.0,0.0,0.0,0.0,0.0,943,20,0.0,0.0,0.0,0.0,942.5,0.0
0,179000,VOLCANIC_ROCK_VOUCHER_9500,944.0,21.0,0.0,0.0,0.0,0.0,945,21,0.0,0.0,0.0,0.0,944.5,0.0
0,179100,VOLCANIC_ROCK_VOUCHER_9500,941.0,2.0,940.0,18.0,0.0,0.0,942,20,0.0,0.0,0.0,0.0,941.5,0.0
0,179200,VOLCANIC_ROCK_VOUCHER_9500,945.0,20.0,0.0,0.0,0.0,0.0,946,20,0.0,0.0,0.0,0.0,945.5,0.0
0,179300,VOLCANIC_ROCK_VOUCHER_9500,944.0,18.0,0.0,0.0,0.0,0.0,945,18,0.0,0.0,0.0,0.0,944.5,0.0
0,179400,VOLCANIC_ROCK_VOUCHER_9500,944.0,17.0,0.0,0.0,0.0,0.0,945,17,0.0,0.0,0.0,0.0,944.5,0.0
0,179500,VOLCANIC_ROCK_VOUCHER_9500,943.0,22.0,0.0,0.0,0.0,0.0,944,22,0.0,0.0,0.0,0.0,943.5,0.0
0,179600,VOLCANIC_ROCK_VOUCHER_9500,952.0,19.0,0.0,0.0,0.0,0.0,953,19,0.0,0.0,0.0,0.0,952.5,0.0
0,179700,VOLCANIC_ROCK_VOUCHER_9500,952.0,33.0,0.0,0.0,0.0,0.0,953,19,0.0,0.0,0.0,0.0,952.5,0.0
0,179800,VOLCANIC_ROCK_VOUCHER_9500,0.0,0.0,0.0,0.0,0.0,0.0,952,1,953.0,13.0,0.0,0.0,952.0,0.0
0,179900,VOLCANIC_ROCK_VOUCHER_9500,951.0,13.0,0.0,0.0,0.0,0.0,952,13,0.0,0.0,0.0,0.0,951.5,0.0
0,180000,VOLCANIC_ROCK_VOUCHER_9500,949.0,13.0,0.0,0.0,0.0,0.0,950,13,0.0,0.0,0.0,0.0,949.5,0.0
0,180100,VOLCANIC_ROCK_VOUCHER_9500,952.0,20.0,0.0,0.0,0.0,0.0,954,20,0.0,0.0,0.0,0.0,953.0,0.0
0,180200,VOLCANIC_ROCK_VOUCHER_9500,953.0,11.0,0.0,0.0,0.0,0.0,954,11,0.0,0.0,0.0,0.0,953.5,0.0
0,180300,VOLCANIC_ROCK_VOUCHER_9500,956.0,12.0,0.0,0.0,0.0,0.0,957,12,0.0,0.0,0.0,0.0,956.5,0.0
0,180400,VOLCANIC_ROCK_VOUCHER_9500,960.0,13.0,0.0,0.0,0.0,0.0,961,13,0.0,0.0,0.0,0.0,960.5,0.0
0,180500,VOLCANIC_ROCK_VOUCHER_9500,964.0,13.0,0.0,0.0,0.0,0.0,965,13,0.0,0.0,0.0,0.0,964.5,0.0
0,180600,VOLCANIC_ROCK_VOUCHER_9500,963.0,19.0,0.0,0.0,0.0,0.0,965,19,0.0,0.0,0.0,0.0,964.0,0.0
0,180700,VOLCANIC_ROCK_VOUCHER_9500,0.0,0.0,0.0,0.0,0.0,0.0,964,14,0.0,0.0,0.0,0.0,964.0,0.0
0,180800,VOLCANIC_ROCK_VOUCHER_9500,967.0,22.0,0.0,0.0,0.0,0.0,968,15,0.0,0.0,0.0,0.0,967.5,0.0
0,180900,VOLCANIC_ROCK_VOUCHER_9500,967.0,17.0,0.0,0.0,0.0,0.0,969,17,0.0,0.0,0.0,0.0,968.0,0.0
0,181000,VOLCANIC_ROCK_VOUCHER_9500,964.0,19.0,0.0,0.0,0.0,0.0,965,19,0.0,0.0,0.0,0.0,964.5,0.0
0,181100,VOLCANIC_ROCK_VOUCHER_9500,961.0,1.0,0.0,0.0,0.0,0.0,963,13,0.0,0.0,0.0,0.0,962.0,0.0
0,181200,VOLCANIC_ROCK_VOUCHER_9500,964.0,19.0,0.0,0.0,0.0,0.0,965,19,0.0,0.0,0.0,0.0,964.5,0.0
0,181300,VOLCANIC_ROCK_VOUCHER_9500,963.0,18.0,0.0,0.0,0.0,0.0,964,18,0.0,0.0,0.0,0.0,963.5,0.0
0,181400,VOLCANIC_ROCK_VOUCHER_9500,964.0,15.0,0.0,0.0,0.0,0.0,965,15,0.0,0.0,0.0,0.0,964.5,0.0
0,181500,VOLCANIC_ROCK_VOUCHER_9500,964.0,21.0,0.0,0.0,0.0,0.0,966,21,0.0,0.0,0.0,0.0,965.0,0.0
0,181600,VOLCANIC_ROCK_VOUCHER_9500,965.0,20.0,0.0,0.0,0.0,0.0,967,20,0.0,0.0,0.0,0.0,966.0,0.0
0,181700,VOLCANIC_ROCK_VOUCHER_9500,961.0,20.0,0.0,0.0,0.0,0.0,962,20,0.0,0.0,0.0,0.0,961.5,0.0
0,181800,VOLCANIC_ROCK_VOUCHER_9500,966.0,15.0,0.0,0.0,0.0,0.0,967,15,0.0,0.0,0.0,0.0,966.5,0.0
0,181900,VOLCANIC_ROCK_VOUCHER_9500,965.0,20.0,0.0,0.0,0.0,0.0,966,2,967.0,18.0,0.0,0.0,965.5,0.0
0,182000,VOLCANIC_ROCK_VOUCHER_9500,961.0,19.0,0.0,0.0,0.0,0.0,962,19,0.0,0.0,0.0,0.0,961.5,0.0
0,182100,VOLCANIC_ROCK_VOUCHER_9500,961.0,12.0,0.0,0.0,0.0,0.0,962,12,0.0,0.0,0.0,0.0,961.5,0.0
0,182200,VOLCANIC_ROCK_VOUCHER_9500,961.0,36.0,0.0,0.0,0.0,0.0,962,18,0.0,0.0,0.0,0.0,961.5,0.0
0,182300,VOLCANIC_ROCK_VOUCHER_9500,955.0,19.0,0.0,0.0,0.0,0.0,956,19,0.0,0.0,0.0,0.0,955.5,0.0
0,182400,VOLCANIC_ROCK_VOUCHER_9500,957.0,19.0,0.0,0.0,0.0,0.0,958,19,0.0,0.0,0.0,0.0,957.5,0.0
0,182500,VOLCANIC_ROCK_VOUCHER_9500,959.0,15.0,0.0,0.0,0.0,0.0,960,15,0.0,0.0,0.0,0.0,959.5,0.0
0,182600,VOLCANIC_ROCK_VOUCHER_9500,958.0,2.0,957.0,15.0,0.0,0.0,959,17,0.0,0.0,0.0,0.0,958.5,0.0
0,182700,VOLCANIC_ROCK_VOUCHER_9500,0.0,0.0,0.0,0.0,0.0,0.0,957,3,958.0,17.0,0.0,0.0,957.0,0.0
0,182800,VOLCANIC_ROCK_VOUCHER_9500,959.0,17.0,0.0,0.0,0.0,0.0,960,17,0.0,0.0,0.0,0.0,959.5,0.0
0,182900,VOLCANIC_ROCK_VOUCHER_9500,962.0,17.0,0.0,0.0,0.0,0.0,963,17,0.0,0.0,0.0,0.0,962.5,0.0
0,183000,VOLCANIC_ROCK_VOUCHER_9500,961.0,21.0,0.0,0.0,0.0,0.0,962,21,0.0,0.0,0.0,0.0,961.5,0.0
0,183100,VOLCANIC_ROCK_VOUCHER_9500,965.0,19.0,0.0,0.0,0.0,0.0,966,19,0.0,0.0,0.0,0.0,965.5,0.0
0,183200,VOLCANIC_ROCK_VOUCHER_9500,967.0,20.0,0.0,0.0,0.0,0.0,968,20,0.0,0.0,0.0,0.0,967.5,0.0
0,183300,VOLCANIC_ROCK_VOUCHER_9500,963.0,13.0,0.0,0.0,0.0,0.0,964,13,0.0,0.0,0.0,0.0,963.5,0.0
0,183400,VOLCANIC_ROCK_VOUCHER_9500,955.0,15.0,0.0,0.0,0.0,0.0,957,15,0.0,0.0,0.0,0.0,956.0,0.0
0,183500,VOLCANIC_ROCK_VOUCHER_9500,956.0,22.0,0.0,0.0,0.0,0.0,957,22,0.0,0.0,0.0,0.0,956.5,0.0
0,183600,VOLCANIC_ROCK_VOUCHER_9500,955.0,15.0,0.0,0.0,0.0,0.0,956,15,0.0,0.0,0.0,0.0,955.5,0.0
0,183700,VOLCANIC_ROCK_VOUCHER_9500,955.0,18.0,0.0,0.0,0.0,0.0,956,18,0.0,0.0,0.0,0.0,955.5,0.0
0,183800,VOLCANIC_ROCK_VOUCHER_9500,957.0,14.0,0.0,0.0,0.0,0.0,958,14,0.0,0.0,0.0,0.0,957.5,0.0
0,183900,VOLCANIC_ROCK_VOUCHER_9500,958.0,22.0,0.0,0.0,0.0,0.0,959,22,0.0,0.0,0.0,0.0,958.5,0.0
0,184000,VOLCANIC_ROCK_VOUCHER_9500,959.0,17.0,0.0,0.0,0.0,0.0,960,17,0.0,0.0,0.0,0.0,959.5,0.0
0,184100,VOLCANIC_ROCK_VOUCHER_9500,962.0,19.0,0.0,0.0,0.0,0.0,964,19,0.0,0.0,0.0,0.0,963.0,0.0
0,184200,VOLCANIC_ROCK_VOUCHER_9500,961.0,29.0,0.0,0.0,0.0,0.0,962,16,0.0,0.0,0.0,0.0,961.5,0.0
0,184300,VOLCANIC_ROCK_VOUCHER_9500,961.0,17.0,0.0,0.0,0.0,0.0,962,17,0.0,0.0,0.0,0.0,961.5,0.0
0,184400,VOLCANIC_ROCK_VOUCHER_9500,962.0,22.0,0.0,0.0,0.0,0.0,964,22,0.0,0.0,0.0,0.0,963.0,0.0
0,184500,VOLCANIC_ROCK_VOUCHER_9500,961.0,14.0,0.0,0.0,0.0,0.0,962,14,0.0,0.0,0.0,0.0,961.5,0.0
0,184600,VOLCANIC_ROCK_VOUCHER_9500,960.0,12.0,0.0,0.0,0.0,0.0,961,12,0.0,0.0,0.0,0.0,960.5,0.0
0,184700,VOLCANIC_ROCK_VOUCHER_9500,962.0,20.0,0.0,0.0,0.0,0.0,963,20,0.0,0.0,0.0,0.0,962.5,0.0
0,184800,VOLCANIC_ROCK_VOUCHER_9500,962.0,14.0,0.0,0.0,0.0,0.0,963,14,0.0,0.0,0.0,0.0,962.5,0.0
0,184900,VOLCANIC_ROCK_VOUCHER_9500,0.0,0.0,0.0,0.0,0.0,0.0,965,2,966.0,14.0,0.0,0.0,965.0,0.0
0,185000,VOLCANIC_ROCK_VOUCHER_9500,967.0,14.0,0.0,0.0,0.0,0.0,968,14,0.0,0.0,0.0,0.0,967.5,0.0
0,185100,VOLCANIC_ROCK_VOUCHER_9500,968.0,14.0,0.0,0.0,0.0,0.0,969,14,0.0,0.0,0.0,0.0,968.5,0.0
0,185200,VOLCANIC_ROCK_VOUCHER_9500,968.0,12.0,0.0,0.0,0.0,0.0,969,12,0.0,0.0,0.0,0.0,968.5,0.0
0,185300,VOLCANIC_ROCK_VOUCHER_9500,967.0,15.0,0.0,0.0,0.0,0.0,968,15,0.0,0.0,0.0,0.0,967.5,0.0
0,185400,VOLCANIC_ROCK_VOUCHER_9500,966.0,19.0,0.0,0.0,0.0,0.0,967,19,0.0,0.0,0.0,0.0,966.5,0.0
0,185500,VOLCANIC_ROCK_VOUCHER_9500,968.0,20.0,0.0,0.0,0.0,0.0,969,20,0.0,0.0,0.0,0.0,968.5,0.0
0,185600,VOLCANIC_ROCK_VOUCHER_9500,971.0,16.0,0.0,0.0,0.0,0.0,972,16,0.0,0.0,0.0,0.0,971.5,0.0
0,185700,VOLCANIC_ROCK_VOUCHER_9500,971.0,10.0,0.0,0.0,0.0,0.0,973,10,0.0,0.0,0.0,0.0,972.0,0.0
0,185800,VOLCANIC_ROCK_VOUCHER_9500,969.0,21.0,0.0,0.0,0.0,0.0,970,21,0.0,0.0,0.0,0.0,969.5,0.0
0,185900,VOLCANIC_ROCK_VOUCHER_9500,970.0,16.0,0.0,0.0,0.0,0.0,972,16,0.0,0.0,0.0,0.0,971.0,0.0
0,186000,VOLCANIC_ROCK_VOUCHER_9500,971.0,13.0,0.0,0.0,0.0,0.0,972,13,0.0,0.0,0.0,0.0,971.5,0.0
0,186100,VOLCANIC_ROCK_VOUCHER_9500,969.0,17.0,0.0,0.0,0.0,0.0,970,17,0.0,0.0,0.0,0.0,969.5,0.0
0,186200,VOLCANIC_ROCK_VOUCHER_9500,969.0,21.0,0.0,0.0,0.0,0.0,970,21,0.0,0.0,0.0,0.0,969.5,0.0
0,186300,VOLCANIC_ROCK_VOUCHER_9500,968.0,17.0,0.0,0.0,0.0,0.0,969,17,0.0,0.0,0.0,0.0,968.5,0.0
0,186400,VOLCANIC_ROCK_VOUCHER_9500,0.0,0.0,0.0,0.0,0.0,0.0,968,2,969.0,18.0,0.0,0.0,968.0,0.0
0,186500,VOLCANIC_ROCK_VOUCHER_9500,970.0,11.0,0.0,0.0,0.0,0.0,971,11,0.0,0.0,0.0,0.0,970.5,0.0
0,186600,VOLCANIC_ROCK_VOUCHER_9500,971.0,10.0,0.0,0.0,0.0,0.0,972,10,0.0,0.0,0.0,0.0,971.5,0.0
0,186700,VOLCANIC_ROCK_VOUCHER_9500,973.0,12.0,0.0,0.0,0.0,0.0,974,12,0.0,0.0,0.0,0.0,973.5,0.0
0,186800,VOLCANIC_ROCK_VOUCHER_9500,973.0,11.0,0.0,0.0,0.0,0.0,974,11,0.0,0.0,0.0,0.0,973.5,0.0
0,186900,VOLCANIC_ROCK_VOUCHER_9500,972.0,24.0,0.0,0.0,0.0,0.0,973,2,974.0,10.0,0.0,0.0,972.5,0.0
0,187000,VOLCANIC_ROCK_VOUCHER_9500,975.0,12.0,0.0,0.0,0.0,0.0,976,12,0.0,0.0,0.0,0.0,975.5,0.0
0,187100,VOLCANIC_ROCK_VOUCHER_9500,973.0,20.0,0.0,0.0,0.0,0.0,974,20,0.0,0.0,0.0,0.0,973.5,0.0
0,187200,VOLCANIC_ROCK_VOUCHER_9500,971.0,32.0,0.0,0.0,0.0,0.0,972,14,0.0,0.0,0.0,0.0,971.5,0.0
0,187300,VOLCANIC_ROCK_VOUCHER_9500,975.0,16.0,0.0,0.0,0.0,0.0,976,16,0.0,0.0,0.0,0.0,975.5,0.0
0,187400,VOLCANIC_ROCK_VOUCHER_9500,976.0,11.0,0.0,0.0,0.0,0.0,978,11,0.0,0.0,0.0,0.0,977.0,0.0
0,187500,VOLCANIC_ROCK_VOUCHER_9500,979.0,21.0,0.0,0.0,0.0,0.0,980,21,0.0,0.0,0.0,0.0,979.5,0.0
0,187600,VOLCANIC_ROCK_VOUCHER_9500,979.0,22.0,0.0,0.0,0.0,0.0,980,22,0.0,0.0,0.0,0.0,979.5,0.0
0,187700,VOLCANIC_ROCK_VOUCHER_9500,978.0,17.0,0.0,0.0,0.0,0.0,979,17,0.0,0.0,0.0,0.0,978.5,0.0
0,187800,VOLCANIC_ROCK_VOUCHER_9500,974.0,20.0,0.0,0.0,0.0,0.0,975,20,0.0,0.0,0.0,0.0,974.5,0.0
0,187900,VOLCANIC_ROCK_VOUCHER_9500,975.0,14.0,0.0,0.0,0.0,0.0,976,14,0.0,0.0,0.0,0.0,975.5,0.0
0,188000,VOLCANIC_ROCK_VOUCHER_9500,976.0,17.0,0.0,0.0,0.0,0.0,977,17,0.0,0.0,0.0,0.0,976.5,0.0
0,188100,VOLCANIC_ROCK_VOUCHER_9500,975.0,17.0,0.0,0.0,0.0,0.0,976,17,0.0,0.0,0.0,0.0,975.5,0.0
0,188200,VOLCANIC_ROCK_VOUCHER_9500,975.0,20.0,0.0,0.0,0.0,0.0,976,20,0.0,0.0,0.0,0.0,975.5,0.0
0,188300,VOLCANIC_ROCK_VOUCHER_9500,976.0,16.0,0.0,0.0,0.0,0.0,978,16,0.0,0.0,0.0,0.0,977.0,0.0
0,188400,VOLCANIC_ROCK_VOUCHER_9500,978.0,15.0,0.0,0.0,0.0,0.0,979,15,0.0,0.0,0.0,0.0,978.5,0.0
0,188500,VOLCANIC_ROCK_VOUCHER_9500,979.0,13.0,0.0,0.0,0.0,0.0,980,13,0.0,0.0,0.0,0.0,979.5,0.0
0,188600,VOLCANIC_ROCK_VOUCHER_9500,0.0,0.0,0.0,0.0,0.0,0.0,979,6,980.0,10.0,0.0,0.0,979.0,0.0
0,188700,VOLCANIC_ROCK_VOUCHER_9500,979.0,18.0,0.0,0.0,0.0,0.0,980,2,981.0,16.0,0.0,0.0,979.5,0.0
0,188800,VOLCANIC_ROCK_VOUCHER_9500,977.0,15.0,0.0,0.0,0.0,0.0,978,15,0.0,0.0,0.0,0.0,977.5,0.0
0,188900,VOLCANIC_ROCK_VOUCHER_9500,978.0,14.0,0.0,0.0,0.0,0.0,979,14,0.0,0.0,0.0,0.0,978.5,0.0
0,189000,VOLCANIC_ROCK_VOUCHER_9500,977.0,12.0,0.0,0.0,0.0,0.0,978,12,0.0,0.0,0.0,0.0,977.5,0.0
0,189100,VOLCANIC_ROCK_VOUCHER_9500,979.0,17.0,0.0,0.0,0.0,0.0,980,17,0.0,0.0,0.0,0.0,979.5,0.0
0,189200,VOLCANIC_ROCK_VOUCHER_9500,981.0,16.0,0.0,0.0,0.0,0.0,982,16,0.0,0.0,0.0,0.0,981.5,0.0
0,189300,VOLCANIC_ROCK_VOUCHER_9500,981.0,20.0,0.0,0.0,0.0,0.0,983,20,0.0,0.0,0.0,0.0,982.0,0.0
0,189400,VOLCANIC_ROCK_VOUCHER_9500,982.0,18.0,0.0,0.0,0.0,0.0,983,18,0.0,0.0,0.0,0.0,982.5,0.0
0,189500,VOLCANIC_ROCK_VOUCHER_9500,980.0,16.0,0.0,0.0,0.0,0.0,981,16,0.0,0.0,0.0,0.0,980.5,0.0
0,189600,VOLCANIC_ROCK_VOUCHER_9500,979.0,17.0,0.0,0.0,0.0,0.0,980,17,0.0,0.0,0.0,0.0,979.5,0.0
0,189700,VOLCANIC_ROCK_VOUCHER_9500,981.0,8.0,0.0,0.0,0.0,0.0,982,18,0.0,0.0,0.0,0.0,981.5,0.0
0,189800,VOLCANIC_ROCK_VOUCHER_9500,979.0,12.0,0.0,0.0,0.0,0.0,980,12,0.0,0.0,0.0,0.0,979.5,0.0
0,189900,VOLCANIC_ROCK_VOUCHER_9500,980.0,17.0,0.0,0.0,0.0,0.0,981,17,0.0,0.0,0.0,0.0,980.5,0.0
0,190000,VOLCANIC_ROCK_VOUCHER_9500,981.0,18.0,0.0,0.0,0.0,0.0,982,18,0.0,0.0,0.0,0.0,981.5,0.0
0,190100,VOLCANIC_ROCK_VOUCHER_9500,984.0,10.0,0.0,0.0,0.0,0.0,985,10,0.0,0.0,0.0,0.0,984.5,0.0
0,190200,VOLCANIC_ROCK_VOUCHER_9500,987.0,13.0,0.0,0.0,0.0,0.0,988,13,0.0,0.0,0.0,0.0,987.5,0.0
0,190300,VOLCANIC_ROCK_VOUCHER_9500,985.0,13.0,0.0,0.0,0.0,0.0,986,13,0.0,0.0,0.0,0.0,985.5,0.0
0,190400,VOLCANIC_ROCK_VOUCHER_9500,985.0,29.0,0.0,0.0,0.0,0.0,986,15,0.0,0.0,0.0,0.0,985.5,0.0
0,190500,VOLCANIC_ROCK_VOUCHER_9500,989.0,12.0,0.0,0.0,0.0,0.0,991,12,0.0,0.0,0.0,0.0,990.0,0.0
0,190600,VOLCANIC_ROCK_VOUCHER_9500,988.0,13.0,0.0,0.0,0.0,0.0,989,13,0.0,0.0,0.0,0.0,988.5,0.0
0,190700,VOLCANIC_ROCK_VOUCHER_9500,986.0,12.0,0.0,0.0,0.0,0.0,987,12,0.0,0.0,0.0,0.0,986.5,0.0
0,190800,VOLCANIC_ROCK_VOUCHER_9500,986.0,21.0,0.0,0.0,0.0,0.0,987,14,0.0,0.0,0.0,0.0,986.5,0.0
0,190900,VOLCANIC_ROCK_VOUCHER_9500,994.0,20.0,0.0,0.0,0.0,0.0,995,20,0.0,0.0,0.0,0.0,994.5,0.0
0,191000,VOLCANIC_ROCK_VOUCHER_9500,1000.0,14.0,0.0,0.0,0.0,0.0,1001,14,0.0,0.0,0.0,0.0,1000.5,0.0
0,191100,VOLCANIC_ROCK_VOUCHER_9500,1005.0,18.0,0.0,0.0,0.0,0.0,1006,18,0.0,0.0,0.0,0.0,1005.5,0.0
0,191200,VOLCANIC_ROCK_VOUCHER_9500,1005.0,18.0,0.0,0.0,0.0,0.0,1006,18,0.0,0.0,0.0,0.0,1005.5,0.0
0,191300,VOLCANIC_ROCK_VOUCHER_9500,1006.0,13.0,0.0,0.0,0.0,0.0,1007,13,0.0,0.0,0.0,0.0,1006.5,0.0
0,191400,VOLCANIC_ROCK_VOUCHER_9500,1004.0,13.0,0.0,0.0,0.0,0.0,1006,13,0.0,0.0,0.0,0.0,1005.0,0.0
0,191500,VOLCANIC_ROCK_VOUCHER_9500,1003.0,21.0,0.0,0.0,0.0,0.0,1004,21,0.0,0.0,0.0,0.0,1003.5,0.0
0,191600,VOLCANIC_ROCK_VOUCHER_9500,1002.0,15.0,0.0,0.0,0.0,0.0,1003,15,0.0,0.0,0.0,0.0,1002.5,0.0
0,191700,VOLCANIC_ROCK_VOUCHER_9500,1000.0,28.0,0.0,0.0,0.0,0.0,1001,17,0.0,0.0,0.0,0.0,1000.5,0.0
0,191800,VOLCANIC_ROCK_VOUCHER_9500,995.0,18.0,0.0,0.0,0.0,0.0,997,18,0.0,0.0,0.0,0.0,996.0,0.0
0,191900,VOLCANIC_ROCK_VOUCHER_9500,993.0,19.0,0.0,0.0,0.0,0.0,994,19,0.0,0.0,0.0,0.0,993.5,0.0
0,192000,VOLCANIC_ROCK_VOUCHER_9500,993.0,17.0,0.0,0.0,0.0,0.0,994,17,0.0,0.0,0.0,0.0,993.5,0.0
0,192100,VOLCANIC_ROCK_VOUCHER_9500,998.0,0.0,0.0,0.0,0.0,0.0,999,2,1000.0,18.0,0.0,0.0,998.5,0.0
0,192200,VOLCANIC_ROCK_VOUCHER_9500,998.0,15.0,0.0,0.0,0.0,0.0,1000,15,0.0,0.0,0.0,0.0,999.0,0.0
0,192300,VOLCANIC_ROCK_VOUCHER_9500,1002.0,15.0,0.0,0.0,0.0,0.0,1003,15,0.0,0.0,0.0,0.0,1002.5,0.0
0,192400,VOLCANIC_ROCK_VOUCHER_9500,997.0,14.0,0.0,0.0,0.0,0.0,999,14,0.0,0.0,0.0,0.0,998.0,0.0
0,192500,VOLCANIC_ROCK_VOUCHER_9500,1000.0,20.0,0.0,0.0,0.0,0.0,1001,20,0.0,0.0,0.0,0.0,1000.5,0.0
0,192600,VOLCANIC_ROCK_VOUCHER_9500,1001.0,15.0,0.0,0.0,0.0,0.0,1002,15,0.0,0.0,0.0,0.0,1001.5,0.0
0,192700,VOLCANIC_ROCK_VOUCHER_9500,1002.0,2.0,0.0,0.0,0.0,0.0,1004,16,0.0,0.0,0.0,0.0,1003.0,0.0
0,192800,VOLCANIC_ROCK_VOUCHER_9500,0.0,0.0,0.0,0.0,0.0,0.0,1003,18,0.0,0.0,0.0,0.0,1003.0,0.0
0,192900,VOLCANIC_ROCK_VOUCHER_9500,1001.0,12.0,0.0,0.0,0.0,0.0,1002,12,0.0,0.0,0.0,0.0,1001.5,0.0
0,193000,VOLCANIC_ROCK_VOUCHER_9500,1001.0,12.0,0.0,0.0,0.0,0.0,1002,12,0.0,0.0,0.0,0.0,1001.5,0.0
0,193100,VOLCANIC_ROCK_VOUCHER_9500,1000.0,14.0,0.0,0.0,0.0,0.0,1001,14,0.0,0.0,0.0,0.0,1000.5,0.0
0,193200,VOLCANIC_ROCK_VOUCHER_9500,998.0,12.0,0.0,0.0,0.0,0.0,999,12,0.0,0.0,0.0,0.0,998.5,0.0
0,193300,VOLCANIC_ROCK_VOUCHER_9500,995.0,15.0,0.0,0.0,0.0,0.0,996,15,0.0,0.0,0.0,0.0,995.5,0.0
0,193400,VOLCANIC_ROCK_VOUCHER_9500,995.0,16.0,0.0,0.0,0.0,0.0,996,16,0.0,0.0,0.0,0.0,995.5,0.0
0,193500,VOLCANIC_ROCK_VOUCHER_9500,993.0,19.0,0.0,0.0,0.0,0.0,994,19,0.0,0.0,0.0,0.0,993.5,0.0
0,193600,VOLCANIC_ROCK_VOUCHER_9500,991.0,18.0,0.0,0.0,0.0,0.0,992,18,0.0,0.0,0.0,0.0,991.5,0.0
0,193700,VOLCANIC_ROCK_VOUCHER_9500,984.0,20.0,0.0,0.0,0.0,0.0,985,20,0.0,0.0,0.0,0.0,984.5,0.0
0,193800,VOLCANIC_ROCK_VOUCHER_9500,984.0,20.0,0.0,0.0,0.0,0.0,986,20,0.0,0.0,0.0,0.0,985.0,0.0
0,193900,VOLCANIC_ROCK_VOUCHER_9500,982.0,12.0,0.0,0.0,0.0,0.0,984,12,0.0,0.0,0.0,0.0,983.0,0.0
0,194000,VOLCANIC_ROCK_VOUCHER_9500,981.0,20.0,0.0,0.0,0.0,0.0,982,20,0.0,0.0,0.0,0.0,981.5,0.0
0,194100,VOLCANIC_ROCK_VOUCHER_9500,982.0,13.0,0.0,0.0,0.0,0.0,983,13,0.0,0.0,0.0,0.0,982.5,0.0
0,194200,VOLCANIC_ROCK_VOUCHER_9500,985.0,13.0,0.0,0.0,0.0,0.0,986,13,0.0,0.0,0.0,0.0,985.5,0.0
0,194300,VOLCANIC_ROCK_VOUCHER_9500,986.0,17.0,0.0,0.0,0.0,0.0,987,17,0.0,0.0,0.0,0.0,986.5,0.0
0,194400,VOLCANIC_ROCK_VOUCHER_9500,987.0,20.0,0.0,0.0,0.0,0.0,988,20,0.0,0.0,0.0,0.0,987.5,0.0
0,194500,VOLCANIC_ROCK_VOUCHER_9500,984.0,20.0,0.0,0.0,0.0,0.0,985,20,0.0,0.0,0.0,0.0,984.5,0.0
0,194600,VOLCANIC_ROCK_VOUCHER_9500,985.0,16.0,0.0,0.0,0.0,0.0,986,16,0.0,0.0,0.0,0.0,985.5,0.0
0,194700,VOLCANIC_ROCK_VOUCHER_9500,980.0,12.0,0.0,0.0,0.0,0.0,981,12,0.0,0.0,0.0,0.0,980.5,0.0
0,194800,VOLCANIC_ROCK_VOUCHER_9500,981.0,15.0,0.0,0.0,0.0,0.0,982,15,0.0,0.0,0.0,0.0,981.5,0.0
0,194900,VOLCANIC_ROCK_VOUCHER_9500,978.0,19.0,0.0,0.0,0.0,0.0,979,19,0.0,0.0,0.0,0.0,978.5,0.0
0,195000,VOLCANIC_ROCK_VOUCHER_9500,981.0,12.0,0.0,0.0,0.0,0.0,982,12,0.0,0.0,0.0,0.0,981.5,0.0
0,195100,VOLCANIC_ROCK_VOUCHER_9500,986.0,13.0,0.0,0.0,0.0,0.0,987,13,0.0,0.0,0.0,0.0,986.5,0.0
0,195200,VOLCANIC_ROCK_VOUCHER_9500,988.0,15.0,0.0,0.0,0.0,0.0,989,15,0.0,0.0,0.0,0.0,988.5,0.0
0,195300,VOLCANIC_ROCK_VOUCHER_9500,984.0,14.0,0.0,0.0,0.0,0.0,985,14,0.0,0.0,0.0,0.0,984.5,0.0
0,195400,VOLCANIC_ROCK_VOUCHER_9500,982.0,12.0,0.0,0.0,0.0,0.0,983,12,0.0,0.0,0.0,0.0,982.5,0.0
0,195500,VOLCANIC_ROCK_VOUCHER_9500,982.0,12.0,0.0,0.0,0.0,0.0,983,12,0.0,0.0,0.0,0.0,982.5,0.0
0,195600,VOLCANIC_ROCK_VOUCHER_9500,982.0,14.0,0.0,0.0,0.0,0.0,983,14,0.0,0.0,0.0,0.0,982.5,0.0
0,195700,VOLCANIC_ROCK_VOUCHER_9500,981.0,21.0,0.0,0.0,0.0,0.0,982,21,0.0,0.0,0.0,0.0,981.5,0.0
0,195800,VOLCANIC_ROCK_VOUCHER_9500,981.0,11.0,0.0,0.0,0.0,0.0,982,11,0.0,0.0,0.0,0.0,981.5,0.0
0,195900,VOLCANIC_ROCK_VOUCHER_9500,984.0,19.0,0.0,0.0,0.0,0.0,985,19,0.0,0.0,0.0,0.0,984.5,0.0
0,196000,VOLCANIC_ROCK_VOUCHER_9500,984.0,14.0,0.0,0.0,0.0,0.0,985,14,0.0,0.0,0.0,0.0,984.5,0.0
0,196100,VOLCANIC_ROCK_VOUCHER_9500,988.0,14.0,0.0,0.0,0.0,0.0,989,14,0.0,0.0,0.0,0.0,988.5,0.0
0,196200,VOLCANIC_ROCK_VOUCHER_9500,991.0,22.0,0.0,0.0,0.0,0.0,992,22,0.0,0.0,0.0,0.0,991.5,0.0
0,196300,VOLCANIC_ROCK_VOUCHER_9500,989.0,14.0,0.0,0.0,0.0,0.0,990,14,0.0,0.0,0.0,0.0,989.5,0.0
0,196400,VOLCANIC_ROCK_VOUCHER_9500,989.0,17.0,0.0,0.0,0.0,0.0,991,17,0.0,0.0,0.0,0.0,990.0,0.0
0,196500,VOLCANIC_ROCK_VOUCHER_9500,987.0,27.0,0.0,0.0,0.0,0.0,988,16,0.0,0.0,0.0,0.0,987.5,0.0
0,196600,VOLCANIC_ROCK_VOUCHER_9500,987.0,12.0,0.0,0.0,0.0,0.0,989,12,0.0,0.0,0.0,0.0,988.0,0.0
0,196700,VOLCANIC_ROCK_VOUCHER_9500,989.0,13.0,0.0,0.0,0.0,0.0,990,13,0.0,0.0,0.0,0.0,989.5,0.0
0,196800,VOLCANIC_ROCK_VOUCHER_9500,988.0,13.0,0.0,0.0,0.0,0.0,989,13,0.0,0.0,0.0,0.0,988.5,0.0
0,196900,VOLCANIC_ROCK_VOUCHER_9500,988.0,13.0,0.0,0.0,0.0,0.0,990,13,0.0,0.0,0.0,0.0,989.0,0.0
0,197000,VOLCANIC_ROCK_VOUCHER_9500,990.0,19.0,0.0,0.0,0.0,0.0,991,19,0.0,0.0,0.0,0.0,990.5,0.0
0,197100,VOLCANIC_ROCK_VOUCHER_9500,989.0,17.0,0.0,0.0,0.0,0.0,991,17,0.0,0.0,0.0,0.0,990.0,0.0
0,197200,VOLCANIC_ROCK_VOUCHER_9500,988.0,20.0,0.0,0.0,0.0,0.0,989,20,0.0,0.0,0.0,0.0,988.5,0.0
0,197300,VOLCANIC_ROCK_VOUCHER_9500,988.0,11.0,0.0,0.0,0.0,0.0,989,11,0.0,0.0,0.0,0.0,988.5,0.0
0,197400,VOLCANIC_ROCK_VOUCHER_9500,985.0,13.0,0.0,0.0,0.0,0.0,986,13,0.0,0.0,0.0,0.0,985.5,0.0
0,197500,VOLCANIC_ROCK_VOUCHER_9500,983.0,12.0,0.0,0.0,0.0,0.0,984,12,0.0,0.0,0.0,0.0,983.5,0.0
0,197600,VOLCANIC_ROCK_VOUCHER_9500,983.0,31.0,0.0,0.0,0.0,0.0,984,21,0.0,0.0,0.0,0.0,983.5,0.0
0,197700,VOLCANIC_ROCK_VOUCHER_9500,985.0,17.0,0.0,0.0,0.0,0.0,986,17,0.0,0.0,0.0,0.0,985.5,0.0
0,197800,VOLCANIC_ROCK_VOUCHER_9500,985.0,11.0,0.0,0.0,0.0,0.0,986,11,0.0,0.0,0.0,0.0,985.5,0.0
0,197900,VOLCANIC_ROCK_VOUCHER_9500,989.0,18.0,0.0,0.0,0.0,0.0,990,18,0.0,0.0,0.0,0.0,989.5,0.0
0,198000,VOLCANIC_ROCK_VOUCHER_9500,984.0,27.0,0.0,0.0,0.0,0.0,986,14,0.0,0.0,0.0,0.0,985.0,0.0
0,198100,VOLCANIC_ROCK_VOUCHER_9500,988.0,19.0,0.0,0.0,0.0,0.0,989,19,0.0,0.0,0.0,0.0,988.5,0.0
0,198200,VOLCANIC_ROCK_VOUCHER_9500,990.0,17.0,0.0,0.0,0.0,0.0,991,17,0.0,0.0,0.0,0.0,990.5,0.0
0,198300,VOLCANIC_ROCK_VOUCHER_9500,988.0,12.0,0.0,0.0,0.0,0.0,989,12,0.0,0.0,0.0,0.0,988.5,0.0
0,198400,VOLCANIC_ROCK_VOUCHER_9500,987.0,15.0,0.0,0.0,0.0,0.0,989,15,0.0,0.0,0.0,0.0,988.0,0.0
0,198500,VOLCANIC_ROCK_VOUCHER_9500,989.0,2.0,0.0,0.0,0.0,0.0,990,19,0.0,0.0,0.0,0.0,989.5,0.0
0,198600,VOLCANIC_ROCK_VOUCHER_9500,989.0,17.0,0.0,0.0,0.0,0.0,991,17,0.0,0.0,0.0,0.0,990.0,0.0
0,198700,VOLCANIC_ROCK_VOUCHER_9500,989.0,13.0,0.0,0.0,0.0,0.0,990,13,0.0,0.0,0.0,0.0,989.5,0.0
0,198800,VOLCANIC_ROCK_VOUCHER_9500,987.0,18.0,0.0,0.0,0.0,0.0,988,18,0.0,0.0,0.0,0.0,987.5,0.0
0,198900,VOLCANIC_ROCK_VOUCHER_9500,988.0,20.0,0.0,0.0,0.0,0.0,989,20,0.0,0.0,0.0,0.0,988.5,0.0
0,199000,VOLCANIC_ROCK_VOUCHER_9500,985.0,18.0,0.0,0.0,0.0,0.0,986,18,0.0,0.0,0.0,0.0,985.5,0.0
0,199100,VOLCANIC_ROCK_VOUCHER_9500,983.0,17.0,0.0,0.0,0.0,0.0,985,17,0.0,0.0,0.0,0.0,984.0,0.0
0,199200,VOLCANIC_ROCK_VOUCHER_9500,985.0,1.0,0.0,0.0,0.0,0.0,986,17,0.0,0.0,0.0,0.0,985.5,0.0
0,199300,VOLCANIC_ROCK_VOUCHER_9500,987.0,18.0,0.0,0.0,0.0,0.0,988,18,0.0,0.0,0.0,0.0,987.5,0.0
0,199400,VOLCANIC_ROCK_VOUCHER_9500,987.0,13.0,0.0,0.0,0.0,0.0,988,13,0.0,0.0,0.0,0.0,987.5,0.0
0,199500,VOLCANIC_ROCK_VOUCHER_9500,986.0,14.0,0.0,0.0,0.0,0.0,987,14,0.0,0.0,0.0,0.0,986.5,0.0
0,199600,VOLCANIC_ROCK_VOUCHER_9500,986.0,17.0,0.0,0.0,0.0,0.0,987,17,0.0,0.0,0.0,0.0,986.5,0.0
0,199700,VOLCANIC_ROCK_VOUCHER_9500,983.0,13.0,0.0,0.0,0.0,0.0,985,13,0.0,0.0,0.0,0.0,984.0,0.0
0,199800,VOLCANIC_ROCK_VOUCHER_9500,985.0,15.0,0.0,0.0,0.0,0.0,987,15,0.0,0.0,0.0,0.0,986.0,0.0
0,199900,VOLCANIC_ROCK_VOUCHER_9500,983.0,17.0,0.0,0.0,0.0,0.0,984,17,0.0,0.0,0.0,0.0,983.5,0.0
0,200000,VOLCANIC_ROCK_VOUCHER_9500,986.0,13.0,0.0,0.0,0.0,0.0,987,13,0.0,0.0,0.0,0.0,986.5,0.0
0,200100,VOLCANIC_ROCK_VOUCHER_9500,0.0,0.0,0.0,0.0,0.0,0.0,987,1,988.0,16.0,0.0,0.0,987.0,0.0
0,200200,VOLCANIC_ROCK_VOUCHER_9500,984.0,14.0,0.0,0.0,0.0,0.0,985,14,0.0,0.0,0.0,0.0,984.5,0.0
0,200300,VOLCANIC_ROCK_VOUCHER_9500,984.0,15.0,0.0,0.0,0.0,0.0,985,15,0.0,0.0,0.0,0.0,984.5,0.0
0,200400,VOLCANIC_ROCK_VOUCHER_9500,983.0,14.0,0.0,0.0,0.0,0.0,984,14,0.0,0.0,0.0,0.0,983.5,0.0
0,200500,VOLCANIC_ROCK_VOUCHER_9500,982.0,17.0,0.0,0.0,0.0,0.0,984,17,0.0,0.0,0.0,0.0,983.0,0.0
0,200600,VOLCANIC_ROCK_VOUCHER_9500,981.0,12.0,0.0,0.0,0.0,0.0,982,12,0.0,0.0,0.0,0.0,981.5,0.0
0,200700,VOLCANIC_ROCK_VOUCHER_9500,981.0,24.0,0.0,0.0,0.0,0.0,982,12,0.0,0.0,0.0,0.0,981.5,0.0
0,200800,VOLCANIC_ROCK_VOUCHER_9500,982.0,13.0,0.0,0.0,0.0,0.0,983,13,0.0,0.0,0.0,0.0,982.5,0.0
0,200900,VOLCANIC_ROCK_VOUCHER_9500,987.0,11.0,0.0,0.0,0.0,0.0,988,11,0.0,0.0,0.0,0.0,987.5,0.0
0,201000,VOLCANIC_ROCK_VOUCHER_9500,986.0,2.0,985.0,17.0,0.0,0.0,987,19,0.0,0.0,0.0,0.0,986.5,0.0
0,201100,VOLCANIC_ROCK_VOUCHER_9500,988.0,15.0,0.0,0.0,0.0,0.0,989,15,0.0,0.0,0.0,0.0,988.5,0.0
0,201200,VOLCANIC_ROCK_VOUCHER_9500,986.0,15.0,0.0,0.0,0.0,0.0,987,15,0.0,0.0,0.0,0.0,986.5,0.0
0,201300,VOLCANIC_ROCK_VOUCHER_9500,984.0,14.0,0.0,0.0,0.0,0.0,985,14,0.0,0.0,0.0,0.0,984.5,0.0
0,201400,VOLCANIC_ROCK_VOUCHER_9500,984.0,17.0,0.0,0.0,0.0,0.0,985,17,0.0,0.0,0.0,0.0,984.5,0.0
0,201500,VOLCANIC_ROCK_VOUCHER_9500,987.0,17.0,0.0,0.0,0.0,0.0,989,17,0.0,0.0,0.0,0.0,988.0,0.0
0,201600,VOLCANIC_ROCK_VOUCHER_9500,988.0,14.0,0.0,0.0,0.0,0.0,989,14,0.0,0.0,0.0,0.0,988.5,0.0
0,201700,VOLCANIC_ROCK_VOUCHER_9500,985.0,22.0,0.0,0.0,0.0,0.0,986,22,0.0,0.0,0.0,0.0,985.5,0.0
0,201800,VOLCANIC_ROCK_VOUCHER_9500,983.0,13.0,0.0,0.0,0.0,0.0,984,13,0.0,0.0,0.0,0.0,983.5,0.0
0,201900,VOLCANIC_ROCK_VOUCHER_9500,979.0,20.0,0.0,0.0,0.0,0.0,980,20,0.0,0.0,0.0,0.0,979.5,0.0
0,202000,VOLCANIC_ROCK_VOUCHER_9500,981.0,20.0,0.0,0.0,0.0,0.0,983,20,0.0,0.0,0.0,0.0,982.0,0.0
0,202100,VOLCANIC_ROCK_VOUCHER_9500,985.0,13.0,0.0,0.0,0.0,0.0,986,13,0.0,0.0,0.0,0.0,985.5,0.0
0,202200,VOLCANIC_ROCK_VOUCHER_9500,985.0,20.0,0.0,0.0,0.0,0.0,987,20,0.0,0.0,0.0,0.0,986.0,0.0
0,202300,VOLCANIC_ROCK_VOUCHER_9500,987.0,16.0,0.0,0.0,0.0,0.0,988,16,0.0,0.0,0.0,0.0,987.5,0.0
0,202400,VOLCANIC_ROCK_VOUCHER_9500,986.0,18.0,0.0,0.0,0.0,0.0,987,18,0.0,0.0,0.0,0.0,986.5,0.0
0,202500,VOLCANIC_ROCK_VOUCHER_9500,987.0,16.0,0.0,0.0,0.0,0.0,988,16,0.0,0.0,0.0,0.0,987.5,0.0
0,202600,VOLCANIC_ROCK_VOUCHER_9500,989.0,11.0,0.0,0.0,0.0,0.0,990,11,0.0,0.0,0.0,0.0,989.5,0.0
0,202700,VOLCANIC_ROCK_VOUCHER_9500,993.0,17.0,0.0,0.0,0.0,0.0,994,10,0.0,0.0,0.0,0.0,993.5,0.0
0,202800,VOLCANIC_ROCK_VOUCHER_9500,994.0,15.0,0.0,0.0,0.0,0.0,995,15,0.0,0.0,0.0,0.0,994.5,0.0
0,202900,VOLCANIC_ROCK_VOUCHER_9500,999.0,18.0,0.0,0.0,0.0,0.0,1000,18,0.0,0.0,0.0,0.0,999.5,0.0
0,203000,VOLCANIC_ROCK_VOUCHER_9500,999.0,16.0,0.0,0.0,0.0,0.0,1001,16,0.0,0.0,0.0,0.0,1000.0,0.0
0,203100,VOLCANIC_ROCK_VOUCHER_9500,1000.0,20.0,0.0,0.0,0.0,0.0,1001,20,0.0,0.0,0.0,0.0,1000.5,0.0
0,203200,VOLCANIC_ROCK_VOUCHER_9500,1000.0,14.0,0.0,0.0,0.0,0.0,1001,14,0.0,0.0,0.0,0.0,1000.5,0.0
0,203300,VOLCANIC_ROCK_VOUCHER_9500,999.0,22.0,0.0,0.0,0.0,0.0,1000,22,0.0,0.0,0.0,0.0,999.5,0.0
0,203400,VOLCANIC_ROCK_VOUCHER_9500,995.0,19.0,0.0,0.0,0.0,0.0,996,19,0.0,0.0,0.0,0.0,995.5,0.0
0,203500,VOLCANIC_ROCK_VOUCHER_9500,991.0,18.0,0.0,0.0,0.0,0.0,993,18,0.0,0.0,0.0,0.0,992.0,0.0
0,203600,VOLCANIC_ROCK_VOUCHER_9500,991.0,14.0,0.0,0.0,0.0,0.0,992,14,0.0,0.0,0.0,0.0,991.5,0.0
0,203700,VOLCANIC_ROCK_VOUCHER_9500,992.0,14.0,0.0,0.0,0.0,0.0,993,14,0.0,0.0,0.0,0.0,992.5,0.0
0,203800,VOLCANIC_ROCK_VOUCHER_9500,993.0,15.0,0.0,0.0,0.0,0.0,994,15,0.0,0.0,0.0,0.0,993.5,0.0
0,203900,VOLCANIC_ROCK_VOUCHER_9500,996.0,14.0,0.0,0.0,0.0,0.0,997,14,0.0,0.0,0.0,0.0,996.5,0.0
0,204000,VOLCANIC_ROCK_VOUCHER_9500,995.0,19.0,0.0,0.0,0.0,0.0,997,19,0.0,0.0,0.0,0.0,996.0,0.0
0,204100,VOLCANIC_ROCK_VOUCHER_9500,996.0,19.0,0.0,0.0,0.0,0.0,997,19,0.0,0.0,0.0,0.0,996.5,0.0
0,204200,VOLCANIC_ROCK_VOUCHER_9500,993.0,11.0,0.0,0.0,0.0,0.0,994,11,0.0,0.0,0.0,0.0,993.5,0.0
0,204300,VOLCANIC_ROCK_VOUCHER_9500,995.0,12.0,0.0,0.0,0.0,0.0,996,12,0.0,0.0,0.0,0.0,995.5,0.0
0,204400,VOLCANIC_ROCK_VOUCHER_9500,991.0,19.0,0.0,0.0,0.0,0.0,992,19,0.0,0.0,0.0,0.0,991.5,0.0
0,204500,VOLCANIC_ROCK_VOUCHER_9500,990.0,19.0,0.0,0.0,0.0,0.0,991,19,0.0,0.0,0.0,0.0,990.5,0.0
0,204600,VOLCANIC_ROCK_VOUCHER_9500,991.0,13.0,0.0,0.0,0.0,0.0,992,13,0.0,0.0,0.0,0.0,991.5,0.0
0,204700,VOLCANIC_ROCK_VOUCHER_9500,993.0,13.0,0.0,0.0,0.0,0.0,994,13,0.0,0.0,0.0,0.0,993.5,0.0
0,204800,VOLCANIC_ROCK_VOUCHER_9500,991.0,14.0,0.0,0.0,0.0,0.0,993,14,0.0,0.0,0.0,0.0,992.0,0.0
0,204900,VOLCANIC_ROCK_VOUCHER_9500,992.0,18.0,0.0,0.0,0.0,0.0,993,18,0.0,0.0,0.0,0.0,992.5,0.0
0,205000,VOLCANIC_ROCK_VOUCHER_9500,991.0,15.0,0.0,0.0,0.0,0.0,992,15,993.0,15.0,0.0,0.0,991.5,0.0
0,205100,VOLCANIC_ROCK_VOUCHER_9500,992.0,14.0,0.0,0.0,0.0,0.0,993,14,0.0,0.0,0.0,0.0,992.5,0.0
0,205200,VOLCANIC_ROCK_VOUCHER_9500,991.0,40.0,0.0,0.0,0.0,0.0,992,20,0.0,0.0,0.0,0.0,991.5,0.0
0,205300,VOLCANIC_ROCK_VOUCHER_9500,991.0,19.0,0.0,0.0,0.0,0.0,992,19,0.0,0.0,0.0,0.0,991.5,0.0
0,205400,VOLCANIC_ROCK_VOUCHER_9500,987.0,10.0,0.0,0.0,0.0,0.0,988,10,0.0,0.0,0.0,0.0,987.5,0.0
0,205500,VOLCANIC_ROCK_VOUCHER_9500,985.0,13.0,0.0,0.0,0.0,0.0,986,13,0.0,0.0,0.0,0.0,985.5,0.0
0,205600,VOLCANIC_ROCK_VOUCHER_9500,985.0,14.0,0.0,0.0,0.0,0.0,987,14,0.0,0.0,0.0,0.0,986.0,0.0
0,205700,VOLCANIC_ROCK_VOUCHER_9500,984.0,20.0,0.0,0.0,0.0,0.0,985,20,0.0,0.0,0.0,0.0,984.5,0.0
0,205800,VOLCANIC_ROCK_VOUCHER_9500,985.0,12.0,0.0,0.0,0.0,0.0,986,12,0.0,0.0,0.0,0.0,985.5,0.0
0,205900,VOLCANIC_ROCK_VOUCHER_9500,987.0,14.0,0.0,0.0,0.0,0.0,988,14,0.0,0.0,0.0,0.0,987.5,0.0
0,206000,VOLCANIC_ROCK_VOUCHER_9500,989.0,12.0,0.0,0.0,0.0,0.0,990,12,0.0,0.0,0.0,0.0,989.5,0.0
0,206100,VOLCANIC_ROCK_VOUCHER_9500,990.0,16.0,0.0,0.0,0.0,0.0,991,16,0.0,0.0,0.0,0.0,990.5,0.0
0,206200,VOLCANIC_ROCK_VOUCHER_9500,987.0,15.0,0.0,0.0,0.0,0.0,988,15,0.0,0.0,0.0,0.0,987.5,0.0
0,206300,VOLCANIC_ROCK_VOUCHER_9500,984.0,12.0,0.0,0.0,0.0,0.0,985,12,0.0,0.0,0.0,0.0,984.5,0.0
0,206400,VOLCANIC_ROCK_VOUCHER_9500,979.0,21.0,0.0,0.0,0.0,0.0,980,21,0.0,0.0,0.0,0.0,979.5,0.0
0,206500,VOLCANIC_ROCK_VOUCHER_9500,979.0,21.0,0.0,0.0,0.0,0.0,980,21,0.0,0.0,0.0,0.0,979.5,0.0
0,206600,VOLCANIC_ROCK_VOUCHER_9500,977.0,12.0,0.0,0.0,0.0,0.0,978,12,0.0,0.0,0.0,0.0,977.5,0.0
0,206700,VOLCANIC_ROCK_VOUCHER_9500,978.0,14.0,0.0,0.0,0.0,0.0,979,14,0.0,0.0,0.0,0.0,978.5,0.0
0,206800,VOLCANIC_ROCK_VOUCHER_9500,979.0,18.0,0.0,0.0,0.0,0.0,980,18,0.0,0.0,0.0,0.0,979.5,0.0
0,206900,VOLCANIC_ROCK_VOUCHER_9500,981.0,6.0,0.0,0.0,0.0,0.0,982,13,0.0,0.0,0.0,0.0,981.5,0.0
0,207000,VOLCANIC_ROCK_VOUCHER_9500,984.0,1.0,0.0,0.0,0.0,0.0,985,16,0.0,0.0,0.0,0.0,984.5,0.0
0,207100,VOLCANIC_ROCK_VOUCHER_9500,988.0,17.0,0.0,0.0,0.0,0.0,989,17,0.0,0.0,0.0,0.0,988.5,0.0
0,207200,VOLCANIC_ROCK_VOUCHER_9500,987.0,12.0,0.0,0.0,0.0,0.0,988,12,0.0,0.0,0.0,0.0,987.5,0.0
0,207300,VOLCANIC_ROCK_VOUCHER_9500,986.0,35.0,0.0,0.0,0.0,0.0,987,15,0.0,0.0,0.0,0.0,986.5,0.0
0,207400,VOLCANIC_ROCK_VOUCHER_9500,981.0,17.0,0.0,0.0,0.0,0.0,982,17,0.0,0.0,0.0,0.0,981.5,0.0
0,207500,VOLCANIC_ROCK_VOUCHER_9500,979.0,19.0,0.0,0.0,0.0,0.0,980,19,0.0,0.0,0.0,0.0,979.5,0.0
0,207600,VOLCANIC_ROCK_VOUCHER_9500,980.0,1.0,0.0,0.0,0.0,0.0,981,17,0.0,0.0,0.0,0.0,980.5,0.0
0,207700,VOLCANIC_ROCK_VOUCHER_9500,979.0,6.0,0.0,0.0,0.0,0.0,980,11,0.0,0.0,0.0,0.0,979.5,0.0
0,207800,VOLCANIC_ROCK_VOUCHER_9500,979.0,15.0,0.0,0.0,0.0,0.0,980,14,0.0,0.0,0.0,0.0,979.5,0.0
0,207900,VOLCANIC_ROCK_VOUCHER_9500,983.0,10.0,0.0,0.0,0.0,0.0,984,10,0.0,0.0,0.0,0.0,983.5,0.0
0,208000,VOLCANIC_ROCK_VOUCHER_9500,986.0,20.0,0.0,0.0,0.0,0.0,987,20,0.0,0.0,0.0,0.0,986.5,0.0
0,208100,VOLCANIC_ROCK_VOUCHER_9500,987.0,14.0,0.0,0.0,0.0,0.0,988,14,0.0,0.0,0.0,0.0,987.5,0.0
0,208200,VOLCANIC_ROCK_VOUCHER_9500,987.0,18.0,0.0,0.0,0.0,0.0,988,18,0.0,0.0,0.0,0.0,987.5,0.0
0,208300,VOLCANIC_ROCK_VOUCHER_9500,983.0,18.0,0.0,0.0,0.0,0.0,984,18,0.0,0.0,0.0,0.0,983.5,0.0
0,208400,VOLCANIC_ROCK_VOUCHER_9500,986.0,17.0,0.0,0.0,0.0,0.0,987,17,0.0,0.0,0.0,0.0,986.5,0.0
0,208500,VOLCANIC_ROCK_VOUCHER_9500,983.0,10.0,0.0,0.0,0.0,0.0,984,10,0.0,0.0,0.0,0.0,983.5,0.0
0,208600,VOLCANIC_ROCK_VOUCHER_9500,983.0,18.0,0.0,0.0,0.0,0.0,984,18,0.0,0.0,0.0,0.0,983.5,0.0
0,208700,VOLCANIC_ROCK_VOUCHER_9500,980.0,22.0,0.0,0.0,0.0,0.0,982,22,0.0,0.0,0.0,0.0,981.0,0.0
0,208800,VOLCANIC_ROCK_VOUCHER_9500,978.0,19.0,0.0,0.0,0.0,0.0,979,19,0.0,0.0,0.0,0.0,978.5,0.0
0,208900,VOLCANIC_ROCK_VOUCHER_9500,981.0,16.0,0.0,0.0,0.0,0.0,982,16,0.0,0.0,0.0,0.0,981.5,0.0
0,209000,VOLCANIC_ROCK_VOUCHER_9500,984.0,13.0,0.0,0.0,0.0,0.0,985,13,0.0,0.0,0.0,0.0,984.5,0.0
0,209100,VOLCANIC_ROCK_VOUCHER_9500,986.0,15.0,0.0,0.0,0.0,0.0,987,15,0.0,0.0,0.0,0.0,986.5,0.0
0,209200,VOLCANIC_ROCK_VOUCHER_9500,986.0,14.0,0.0,0.0,0.0,0.0,987,14,0.0,0.0,0.0,0.0,986.5,0.0
0,209300,VOLCANIC_ROCK_VOUCHER_9500,986.0,16.0,0.0,0.0,0.0,0.0,987,16,0.0,0.0,0.0,0.0,986.5,0.0
0,209400,VOLCANIC_ROCK_VOUCHER_9500,985.0,15.0,0.0,0.0,0.0,0.0,986,15,0.0,0.0,0.0,0.0,985.5,0.0
0,209500,VOLCANIC_ROCK_VOUCHER_9500,984.0,19.0,0.0,0.0,0.0,0.0,985,19,0.0,0.0,0.0,0.0,984.5,0.0
0,209600,VOLCANIC_ROCK_VOUCHER_9500,985.0,13.0,0.0,0.0,0.0,0.0,986,12,987.0,13.0,0.0,0.0,985.5,0.0
0,209700,VOLCANIC_ROCK_VOUCHER_9500,986.0,17.0,0.0,0.0,0.0,0.0,987,17,0.0,0.0,0.0,0.0,986.5,0.0
0,209800,VOLCANIC_ROCK_VOUCHER_9500,986.0,18.0,0.0,0.0,0.0,0.0,987,18,0.0,0.0,0.0,0.0,986.5,0.0
0,209900,VOLCANIC_ROCK_VOUCHER_9500,986.0,17.0,0.0,0.0,0.0,0.0,987,17,0.0,0.0,0.0,0.0,986.5,0.0
0,210000,VOLCANIC_ROCK_VOUCHER_9500,987.0,12.0,0.0,0.0,0.0,0.0,988,12,0.0,0.0,0.0,0.0,987.5,0.0
0,210100,VOLCANIC_ROCK_VOUCHER_9500,989.0,14.0,0.0,0.0,0.0,0.0,990,14,0.0,0.0,0.0,0.0,989.5,0.0
0,210200,VOLCANIC_ROCK_VOUCHER_9500,993.0,17.0,0.0,0.0,0.0,0.0,994,17,0.0,0.0,0.0,0.0,993.5,0.0
0,210300,VOLCANIC_ROCK_VOUCHER_9500,992.0,13.0,0.0,0.0,0.0,0.0,993,13,0.0,0.0,0.0,0.0,992.5,0.0
0,210400,VOLCANIC_ROCK_VOUCHER_9500,992.0,15.0,0.0,0.0,0.0,0.0,993,15,0.0,0.0,0.0,0.0,992.5,0.0
0,210500,VOLCANIC_ROCK_VOUCHER_9500,0.0,0.0,0.0,0.0,0.0,0.0,990,1,991.0,15.0,0.0,0.0,990.0,0.0
0,210600,VOLCANIC_ROCK_VOUCHER_9500,992.0,16.0,0.0,0.0,0.0,0.0,993,16,0.0,0.0,0.0,0.0,992.5,0.0
0,210700,VOLCANIC_ROCK_VOUCHER_9500,991.0,20.0,0.0,0.0,0.0,0.0,992,20,0.0,0.0,0.0,0.0,991.5,0.0
0,210800,VOLCANIC_ROCK_VOUCHER_9500,989.0,17.0,0.0,0.0,0.0,0.0,990,17,0.0,0.0,0.0,0.0,989.5,0.0
0,210900,VOLCANIC_ROCK_VOUCHER_9500,988.0,15.0,0.0,0.0,0.0,0.0,989,15,0.0,0.0,0.0,0.0,988.5,0.0
0,211000,VOLCANIC_ROCK_VOUCHER_9500,987.0,22.0,0.0,0.0,0.0,0.0,988,22,0.0,0.0,0.0,0.0,987.5,0.0
0,211100,VOLCANIC_ROCK_VOUCHER_9500,989.0,13.0,0.0,0.0,0.0,0.0,990,13,0.0,0.0,0.0,0.0,989.5,0.0
0,211200,VOLCANIC_ROCK_VOUCHER_9500,989.0,15.0,0.0,0.0,0.0,0.0,990,15,0.0,0.0,0.0,0.0,989.5,0.0
0,211300,VOLCANIC_ROCK_VOUCHER_9500,988.0,15.0,0.0,0.0,0.0,0.0,989,15,0.0,0.0,0.0,0.0,988.5,0.0
0,211400,VOLCANIC_ROCK_VOUCHER_9500,990.0,15.0,0.0,0.0,0.0,0.0,991,15,0.0,0.0,0.0,0.0,990.5,0.0
0,211500,VOLCANIC_ROCK_VOUCHER_9500,979.0,15.0,0.0,0.0,0.0,0.0,980,15,0.0,0.0,0.0,0.0,979.5,0.0
0,211600,VOLCANIC_ROCK_VOUCHER_9500,982.0,13.0,0.0,0.0,0.0,0.0,983,13,0.0,0.0,0.0,0.0,982.5,0.0
0,211700,VOLCANIC_ROCK_VOUCHER_9500,0.0,0.0,0.0,0.0,0.0,0.0,982,2,983.0,14.0,0.0,0.0,982.0,0.0
0,211800,VOLCANIC_ROCK_VOUCHER_9500,979.0,16.0,0.0,0.0,0.0,0.0,981,16,0.0,0.0,0.0,0.0,980.0,0.0
0,211900,VOLCANIC_ROCK_VOUCHER_9500,979.0,28.0,0.0,0.0,0.0,0.0,980,12,0.0,0.0,0.0,0.0,979.5,0.0
0,212000,VOLCANIC_ROCK_VOUCHER_9500,981.0,15.0,0.0,0.0,0.0,0.0,982,15,0.0,0.0,0.0,0.0,981.5,0.0
0,212100,VOLCANIC_ROCK_VOUCHER_9500,983.0,20.0,0.0,0.0,0.0,0.0,984,20,0.0,0.0,0.0,0.0,983.5,0.0
0,212200,VOLCANIC_ROCK_VOUCHER_9500,985.0,13.0,0.0,0.0,0.0,0.0,986,13,0.0,0.0,0.0,0.0,985.5,0.0
0,212300,VOLCANIC_ROCK_VOUCHER_9500,982.0,20.0,0.0,0.0,0.0,0.0,983,20,0.0,0.0,0.0,0.0,982.5,0.0
0,212400,VOLCANIC_ROCK_VOUCHER_9500,979.0,15.0,0.0,0.0,0.0,0.0,981,15,0.0,0.0,0.0,0.0,980.0,0.0
0,212500,VOLCANIC_ROCK_VOUCHER_9500,981.0,14.0,0.0,0.0,0.0,0.0,982,14,0.0,0.0,0.0,0.0,981.5,0.0
0,212600,VOLCANIC_ROCK_VOUCHER_9500,982.0,27.0,0.0,0.0,0.0,0.0,983,20,0.0,0.0,0.0,0.0,982.5,0.0
0,212700,VOLCANIC_ROCK_VOUCHER_9500,982.0,18.0,0.0,0.0,0.0,0.0,983,18,0.0,0.0,0.0,0.0,982.5,0.0
0,212800,VOLCANIC_ROCK_VOUCHER_9500,976.0,5.0,0.0,0.0,0.0,0.0,977,20,0.0,0.0,0.0,0.0,976.5,0.0
0,212900,VOLCANIC_ROCK_VOUCHER_9500,977.0,15.0,0.0,0.0,0.0,0.0,978,18,979.0,15.0,0.0,0.0,977.5,0.0
0,213000,VOLCANIC_ROCK_VOUCHER_9500,979.0,13.0,0.0,0.0,0.0,0.0,980,13,0.0,0.0,0.0,0.0,979.5,0.0
0,213100,VOLCANIC_ROCK_VOUCHER_9500,981.0,10.0,0.0,0.0,0.0,0.0,982,10,0.0,0.0,0.0,0.0,981.5,0.0
0,213200,VOLCANIC_ROCK_VOUCHER_9500,979.0,17.0,0.0,0.0,0.0,0.0,980,17,0.0,0.0,0.0,0.0,979.5,0.0
0,213300,VOLCANIC_ROCK_VOUCHER_9500,980.0,14.0,0.0,0.0,0.0,0.0,981,14,0.0,0.0,0.0,0.0,980.5,0.0
0,213400,VOLCANIC_ROCK_VOUCHER_9500,986.0,14.0,0.0,0.0,0.0,0.0,987,14,0.0,0.0,0.0,0.0,986.5,0.0
0,213500,VOLCANIC_ROCK_VOUCHER_9500,983.0,13.0,0.0,0.0,0.0,0.0,984,13,0.0,0.0,0.0,0.0,983.5,0.0
0,213600,VOLCANIC_ROCK_VOUCHER_9500,981.0,27.0,0.0,0.0,0.0,0.0,982,13,0.0,0.0,0.0,0.0,981.5,0.0
0,213700,VOLCANIC_ROCK_VOUCHER_9500,980.0,16.0,0.0,0.0,0.0,0.0,981,16,0.0,0.0,0.0,0.0,980.5,0.0
0,213800,VOLCANIC_ROCK_VOUCHER_9500,980.0,15.0,0.0,0.0,0.0,0.0,981,15,0.0,0.0,0.0,0.0,980.5,0.0
0,213900,VOLCANIC_ROCK_VOUCHER_9500,980.0,7.0,0.0,0.0,0.0,0.0,981,18,0.0,0.0,0.0,0.0,980.5,0.0
0,214000,VOLCANIC_ROCK_VOUCHER_9500,980.0,19.0,0.0,0.0,0.0,0.0,981,19,0.0,0.0,0.0,0.0,980.5,0.0
0,214100,VOLCANIC_ROCK_VOUCHER_9500,979.0,11.0,0.0,0.0,0.0,0.0,980,11,0.0,0.0,0.0,0.0,979.5,0.0
0,214200,VOLCANIC_ROCK_VOUCHER_9500,982.0,14.0,0.0,0.0,0.0,0.0,983,14,0.0,0.0,0.0,0.0,982.5,0.0
0,214300,VOLCANIC_ROCK_VOUCHER_9500,982.0,14.0,0.0,0.0,0.0,0.0,983,14,0.0,0.0,0.0,0.0,982.5,0.0
0,214400,VOLCANIC_ROCK_VOUCHER_9500,979.0,18.0,0.0,0.0,0.0,0.0,981,18,0.0,0.0,0.0,0.0,980.0,0.0
0,214500,VOLCANIC_ROCK_VOUCHER_9500,978.0,11.0,0.0,0.0,0.0,0.0,979,11,0.0,0.0,0.0,0.0,978.5,0.0
0,214600,VOLCANIC_ROCK_VOUCHER_9500,976.0,14.0,0.0,0.0,0.0,0.0,977,14,0.0,0.0,0.0,0.0,976.5,0.0
0,214700,VOLCANIC_ROCK_VOUCHER_9500,977.0,14.0,0.0,0.0,0.0,0.0,979,14,0.0,0.0,0.0,0.0,978.0,0.0
0,214800,VOLCANIC_ROCK_VOUCHER_9500,977.0,20.0,0.0,0.0,0.0,0.0,978,20,0.0,0.0,0.0,0.0,977.5,0.0
0,214900,VOLCANIC_ROCK_VOUCHER_9500,978.0,3.0,0.0,0.0,0.0,0.0,979,16,0.0,0.0,0.0,0.0,978.5,0.0
0,215000,VOLCANIC_ROCK_VOUCHER_9500,975.0,15.0,0.0,0.0,0.0,0.0,976,15,0.0,0.0,0.0,0.0,975.5,0.0
0,215100,VOLCANIC_ROCK_VOUCHER_9500,978.0,16.0,0.0,0.0,0.0,0.0,979,16,0.0,0.0,0.0,0.0,978.5,0.0
0,215200,VOLCANIC_ROCK_VOUCHER_9500,983.0,3.0,0.0,0.0,0.0,0.0,984,15,0.0,0.0,0.0,0.0,983.5,0.0
0,215300,VOLCANIC_ROCK_VOUCHER_9500,985.0,14.0,0.0,0.0,0.0,0.0,986,14,0.0,0.0,0.0,0.0,985.5,0.0
0,215400,VOLCANIC_ROCK_VOUCHER_9500,982.0,15.0,0.0,0.0,0.0,0.0,984,15,0.0,0.0,0.0,0.0,983.0,0.0
0,215500,VOLCANIC_ROCK_VOUCHER_9500,980.0,16.0,0.0,0.0,0.0,0.0,981,16,0.0,0.0,0.0,0.0,980.5,0.0
0,215600,VOLCANIC_ROCK_VOUCHER_9500,979.0,13.0,0.0,0.0,0.0,0.0,980,13,0.0,0.0,0.0,0.0,979.5,0.0
0,215700,VOLCANIC_ROCK_VOUCHER_9500,978.0,12.0,0.0,0.0,0.0,0.0,979,12,0.0,0.0,0.0,0.0,978.5,0.0
0,215800,VOLCANIC_ROCK_VOUCHER_9500,978.0,10.0,0.0,0.0,0.0,0.0,979,10,0.0,0.0,0.0,0.0,978.5,0.0
0,215900,VOLCANIC_ROCK_VOUCHER_9500,977.0,12.0,0.0,0.0,0.0,0.0,978,12,0.0,0.0,0.0,0.0,977.5,0.0
0,216000,VOLCANIC_ROCK_VOUCHER_9500,976.0,14.0,0.0,0.0,0.0,0.0,978,14,0.0,0.0,0.0,0.0,977.0,0.0
0,216100,VOLCANIC_ROCK_VOUCHER_9500,977.0,11.0,0.0,0.0,0.0,0.0,978,11,0.0,0.0,0.0,0.0,977.5,0.0
0,216200,VOLCANIC_ROCK_VOUCHER_9500,978.0,11.0,0.0,0.0,0.0,0.0,980,11,0.0,0.0,0.0,0.0,979.0,0.0
0,216300,VOLCANIC_ROCK_VOUCHER_9500,978.0,11.0,0.0,0.0,0.0,0.0,979,11,0.0,0.0,0.0,0.0,978.5,0.0
0,216400,VOLCANIC_ROCK_VOUCHER_9500,983.0,15.0,0.0,0.0,0.0,0.0,984,15,0.0,0.0,0.0,0.0,983.5,0.0
0,216500,VOLCANIC_ROCK_VOUCHER_9500,983.0,19.0,0.0,0.0,0.0,0.0,984,19,0.0,0.0,0.0,0.0,983.5,0.0
0,216600,VOLCANIC_ROCK_VOUCHER_9500,983.0,29.0,0.0,0.0,0.0,0.0,984,10,0.0,0.0,0.0,0.0,983.5,0.0
0,216700,VOLCANIC_ROCK_VOUCHER_9500,989.0,13.0,0.0,0.0,0.0,0.0,990,13,0.0,0.0,0.0,0.0,989.5,0.0
0,216800,VOLCANIC_ROCK_VOUCHER_9500,993.0,21.0,0.0,0.0,0.0,0.0,994,21,0.0,0.0,0.0,0.0,993.5,0.0
0,216900,VOLCANIC_ROCK_VOUCHER_9500,994.0,12.0,0.0,0.0,0.0,0.0,995,12,0.0,0.0,0.0,0.0,994.5,0.0
0,217000,VOLCANIC_ROCK_VOUCHER_9500,1000.0,16.0,0.0,0.0,0.0,0.0,1001,16,0.0,0.0,0.0,0.0,1000.5,0.0
0,217100,VOLCANIC_ROCK_VOUCHER_9500,1001.0,19.0,0.0,0.0,0.0,0.0,1002,19,0.0,0.0,0.0,0.0,1001.5,0.0
0,217200,VOLCANIC_ROCK_VOUCHER_9500,1005.0,18.0,0.0,0.0,0.0,0.0,1006,18,0.0,0.0,0.0,0.0,1005.5,0.0
0,217300,VOLCANIC_ROCK_VOUCHER_9500,1000.0,12.0,0.0,0.0,0.0,0.0,1001,12,0.0,0.0,0.0,0.0,1000.5,0.0
0,217400,VOLCANIC_ROCK_VOUCHER_9500,1002.0,27.0,0.0,0.0,0.0,0.0,1003,12,0.0,0.0,0.0,0.0,1002.5,0.0
0,217500,VOLCANIC_ROCK_VOUCHER_9500,1009.0,17.0,0.0,0.0,0.0,0.0,1011,17,0.0,0.0,0.0,0.0,1010.0,0.0
0,217600,VOLCANIC_ROCK_VOUCHER_9500,1010.0,16.0,0.0,0.0,0.0,0.0,1011,16,0.0,0.0,0.0,0.0,1010.5,0.0
0,217700,VOLCANIC_ROCK_VOUCHER_9500,1009.0,19.0,0.0,0.0,0.0,0.0,1010,19,0.0,0.0,0.0,0.0,1009.5,0.0
0,217800,VOLCANIC_ROCK_VOUCHER_9500,1008.0,17.0,0.0,0.0,0.0,0.0,1009,17,0.0,0.0,0.0,0.0,1008.5,0.0
0,217900,VOLCANIC_ROCK_VOUCHER_9500,1008.0,11.0,0.0,0.0,0.0,0.0,1009,11,0.0,0.0,0.0,0.0,1008.5,0.0
0,218000,VOLCANIC_ROCK_VOUCHER_9500,1007.0,27.0,0.0,0.0,0.0,0.0,1008,21,0.0,0.0,0.0,0.0,1007.5,0.0
0,218100,VOLCANIC_ROCK_VOUCHER_9500,1006.0,37.0,0.0,0.0,0.0,0.0,1008,19,0.0,0.0,0.0,0.0,1007.0,0.0
0,218200,VOLCANIC_ROCK_VOUCHER_9500,1009.0,14.0,0.0,0.0,0.0,0.0,1010,14,0.0,0.0,0.0,0.0,1009.5,0.0
0,218300,VOLCANIC_ROCK_VOUCHER_9500,1011.0,13.0,0.0,0.0,0.0,0.0,1012,13,0.0,0.0,0.0,0.0,1011.5,0.0
0,218400,VOLCANIC_ROCK_VOUCHER_9500,1013.0,21.0,0.0,0.0,0.0,0.0,1014,21,0.0,0.0,0.0,0.0,1013.5,0.0
0,218500,VOLCANIC_ROCK_VOUCHER_9500,1011.0,12.0,0.0,0.0,0.0,0.0,1012,12,0.0,0.0,0.0,0.0,1011.5,0.0
0,218600,VOLCANIC_ROCK_VOUCHER_9500,1013.0,15.0,0.0,0.0,0.0,0.0,1014,15,0.0,0.0,0.0,0.0,1013.5,0.0
0,218700,VOLCANIC_ROCK_VOUCHER_9500,1017.0,11.0,0.0,0.0,0.0,0.0,1018,11,0.0,0.0,0.0,0.0,1017.5,0.0
0,218800,VOLCANIC_ROCK_VOUCHER_9500,1017.0,12.0,0.0,0.0,0.0,0.0,1019,12,0.0,0.0,0.0,0.0,1018.0,0.0
0,218900,VOLCANIC_ROCK_VOUCHER_9500,1043.0,19.0,0.0,0.0,0.0,0.0,1044,19,0.0,0.0,0.0,0.0,1043.5,0.0
0,219000,VOLCANIC_ROCK_VOUCHER_9500,1042.0,35.0,0.0,0.0,0.0,0.0,1043,18,0.0,0.0,0.0,0.0,1042.5,0.0
0,219100,VOLCANIC_ROCK_VOUCHER_9500,1044.0,16.0,0.0,0.0,0.0,0.0,1045,16,0.0,0.0,0.0,0.0,1044.5,0.0
0,219200,VOLCANIC_ROCK_VOUCHER_9500,1041.0,20.0,0.0,0.0,0.0,0.0,1042,20,0.0,0.0,0.0,0.0,1041.5,0.0
0,219300,VOLCANIC_ROCK_VOUCHER_9500,1041.0,12.0,0.0,0.0,0.0,0.0,1042,12,0.0,0.0,0.0,0.0,1041.5,0.0
0,219400,VOLCANIC_ROCK_VOUCHER_9500,1041.0,14.0,0.0,0.0,0.0,0.0,1043,14,0.0,0.0,0.0,0.0,1042.0,0.0
0,219500,VOLCANIC_ROCK_VOUCHER_9500,1045.0,18.0,0.0,0.0,0.0,0.0,1046,18,0.0,0.0,0.0,0.0,1045.5,0.0
0,219600,VOLCANIC_ROCK_VOUCHER_9500,1050.0,12.0,0.0,0.0,0.0,0.0,1051,12,0.0,0.0,0.0,0.0,1050.5,0.0
0,219700,VOLCANIC_ROCK_VOUCHER_9500,1058.0,22.0,0.0,0.0,0.0,0.0,1059,22,0.0,0.0,0.0,0.0,1058.5,0.0
0,219800,VOLCANIC_ROCK_VOUCHER_9500,1051.0,15.0,0.0,0.0,0.0,0.0,1052,15,0.0,0.0,0.0,0.0,1051.5,0.0
0,219900,VOLCANIC_ROCK_VOUCHER_9500,1050.0,15.0,0.0,0.0,0.0,0.0,1051,15,0.0,0.0,0.0,0.0,1050.5,0.0
0,220000,VOLCANIC_ROCK_VOUCHER_9500,1048.0,13.0,0.0,0.0,0.0,0.0,1049,13,0.0,0.0,0.0,0.0,1048.5,0.0
0,220100,VOLCANIC_ROCK_VOUCHER_9500,1042.0,14.0,0.0,0.0,0.0,0.0,1043,14,0.0,0.0,0.0,0.0,1042.5,0.0
0,220200,VOLCANIC_ROCK_VOUCHER_9500,1035.0,12.0,0.0,0.0,0.0,0.0,1036,12,0.0,0.0,0.0,0.0,1035.5,0.0
0,220300,VOLCANIC_ROCK_VOUCHER_9500,1039.0,16.0,0.0,0.0,0.0,0.0,1041,16,0.0,0.0,0.0,0.0,1040.0,0.0
0,220400,VOLCANIC_ROCK_VOUCHER_9500,1035.0,21.0,0.0,0.0,0.0,0.0,1036,21,0.0,0.0,0.0,0.0,1035.5,0.0
0,220500,VOLCANIC_ROCK_VOUCHER_9500,1034.0,25.0,0.0,0.0,0.0,0.0,1035,15,0.0,0.0,0.0,0.0,1034.5,0.0
0,220600,VOLCANIC_ROCK_VOUCHER_9500,1030.0,16.0,0.0,0.0,0.0,0.0,1031,2,1032.0,14.0,0.0,0.0,1030.5,0.0
0,220700,VOLCANIC_ROCK_VOUCHER_9500,1031.0,19.0,0.0,0.0,0.0,0.0,1032,19,0.0,0.0,0.0,0.0,1031.5,0.0
0,220800,VOLCANIC_ROCK_VOUCHER_9500,1026.0,11.0,0.0,0.0,0.0,0.0,1027,11,0.0,0.0,0.0,0.0,1026.5,0.0
0,220900,VOLCANIC_ROCK_VOUCHER_9500,1029.0,19.0,0.0,0.0,0.0,0.0,1030,19,0.0,0.0,0.0,0.0,1029.5,0.0
0,221000,VOLCANIC_ROCK_VOUCHER_9500,1030.0,16.0,0.0,0.0,0.0,0.0,1031,16,0.0,0.0,0.0,0.0,1030.5,0.0
0,221100,VOLCANIC_ROCK_VOUCHER_9500,1034.0,16.0,0.0,0.0,0.0,0.0,1036,16,0.0,0.0,0.0,0.0,1035.0,0.0
0,221200,VOLCANIC_ROCK_VOUCHER_9500,1033.0,10.0,0.0,0.0,0.0,0.0,1034,10,0.0,0.0,0.0,0.0,1033.5,0.0
0,221300,VOLCANIC_ROCK_VOUCHER_9500,1034.0,12.0,0.0,0.0,0.0,0.0,1035,14,1036.0,12.0,0.0,0.0,1034.5,0.0
0,221400,VOLCANIC_ROCK_VOUCHER_9500,1037.0,11.0,0.0,0.0,0.0,0.0,1038,11,0.0,0.0,0.0,0.0,1037.5,0.0
0,221500,VOLCANIC_ROCK_VOUCHER_9500,1037.0,21.0,0.0,0.0,0.0,0.0,1038,21,0.0,0.0,0.0,0.0,1037.5,0.0
0,221600,VOLCANIC_ROCK_VOUCHER_9500,1037.0,12.0,0.0,0.0,0.0,0.0,1038,12,0.0,0.0,0.0,0.0,1037.5,0.0
0,221700,VOLCANIC_ROCK_VOUCHER_9500,1041.0,13.0,0.0,0.0,0.0,0.0,1042,13,0.0,0.0,0.0,0.0,1041.5,0.0
0,221800,VOLCANIC_ROCK_VOUCHER_9500,1040.0,17.0,0.0,0.0,0.0,0.0,1041,17,0.0,0.0,0.0,0.0,1040.5,0.0
0,221900,VOLCANIC_ROCK_VOUCHER_9500,1041.0,18.0,0.0,0.0,0.0,0.0,1043,18,0.0,0.0,0.0,0.0,1042.0,0.0
0,222000,VOLCANIC_ROCK_VOUCHER_9500,1043.0,15.0,0.0,0.0,0.0,0.0,1044,15,0.0,0.0,0.0,0.0,1043.5,0.0
0,222100,VOLCANIC_ROCK_VOUCHER_9500,1047.0,19.0,0.0,0.0,0.0,0.0,1048,19,0.0,0.0,0.0,0.0,1047.5,0.0
0,222200,VOLCANIC_ROCK_VOUCHER_9500,1044.0,14.0,0.0,0.0,0.0,0.0,1045,14,0.0,0.0,0.0,0.0,1044.5,0.0
0,222300,VOLCANIC_ROCK_VOUCHER_9500,1048.0,10.0,0.0,0.0,0.0,0.0,1049,16,1050.0,10.0,0.0,0.0,1048.5,0.0
0,222400,VOLCANIC_ROCK_VOUCHER_9500,1046.0,12.0,0.0,0.0,0.0,0.0,1048,12,0.0,0.0,0.0,0.0,1047.0,0.0
0,222500,VOLCANIC_ROCK_VOUCHER_9500,1046.0,13.0,0.0,0.0,0.0,0.0,1047,13,0.0,0.0,0.0,0.0,1046.5,0.0
0,222600,VOLCANIC_ROCK_VOUCHER_9500,1044.0,21.0,0.0,0.0,0.0,0.0,1045,21,0.0,0.0,0.0,0.0,1044.5,0.0
0,222700,VOLCANIC_ROCK_VOUCHER_9500,1044.0,20.0,0.0,0.0,0.0,0.0,1045,20,0.0,0.0,0.0,0.0,1044.5,0.0
0,222800,VOLCANIC_ROCK_VOUCHER_9500,1043.0,10.0,0.0,0.0,0.0,0.0,1044,10,0.0,0.0,0.0,0.0,1043.5,0.0
0,222900,VOLCANIC_ROCK_VOUCHER_9500,1046.0,22.0,0.0,0.0,0.0,0.0,1047,22,0.0,0.0,0.0,0.0,1046.5,0.0
0,223000,VOLCANIC_ROCK_VOUCHER_9500,1043.0,15.0,0.0,0.0,0.0,0.0,1044,15,0.0,0.0,0.0,0.0,1043.5,0.0
0,223100,VOLCANIC_ROCK_VOUCHER_9500,1045.0,19.0,0.0,0.0,0.0,0.0,1046,19,0.0,0.0,0.0,0.0,1045.5,0.0
0,223200,VOLCANIC_ROCK_VOUCHER_9500,0.0,0.0,0.0,0.0,0.0,0.0,1052,6,1053.0,12.0,0.0,0.0,1052.0,0.0
0,223300,VOLCANIC_ROCK_VOUCHER_9500,1049.0,32.0,0.0,0.0,0.0,0.0,1050,17,0.0,0.0,0.0,0.0,1049.5,0.0
0,223400,VOLCANIC_ROCK_VOUCHER_9500,1045.0,13.0,0.0,0.0,0.0,0.0,1047,13,0.0,0.0,0.0,0.0,1046.0,0.0
0,223500,VOLCANIC_ROCK_VOUCHER_9500,1046.0,15.0,0.0,0.0,0.0,0.0,1047,15,0.0,0.0,0.0,0.0,1046.5,0.0
0,223600,VOLCANIC_ROCK_VOUCHER_9500,1050.0,19.0,0.0,0.0,0.0,0.0,1052,19,0.0,0.0,0.0,0.0,1051.0,0.0
0,223700,VOLCANIC_ROCK_VOUCHER_9500,1049.0,20.0,0.0,0.0,0.0,0.0,1050,20,0.0,0.0,0.0,0.0,1049.5,0.0
0,223800,VOLCANIC_ROCK_VOUCHER_9500,1054.0,17.0,0.0,0.0,0.0,0.0,1055,17,0.0,0.0,0.0,0.0,1054.5,0.0
0,223900,VOLCANIC_ROCK_VOUCHER_9500,1057.0,18.0,0.0,0.0,0.0,0.0,1059,18,0.0,0.0,0.0,0.0,1058.0,0.0
0,224000,VOLCANIC_ROCK_VOUCHER_9500,1058.0,18.0,0.0,0.0,0.0,0.0,1059,18,0.0,0.0,0.0,0.0,1058.5,0.0
0,224100,VOLCANIC_ROCK_VOUCHER_9500,1061.0,13.0,0.0,0.0,0.0,0.0,1062,13,0.0,0.0,0.0,0.0,1061.5,0.0
0,224200,VOLCANIC_ROCK_VOUCHER_9500,1062.0,20.0,0.0,0.0,0.0,0.0,1063,20,0.0,0.0,0.0,0.0,1062.5,0.0
0,224300,VOLCANIC_ROCK_VOUCHER_9500,1061.0,18.0,0.0,0.0,0.0,0.0,1062,18,0.0,0.0,0.0,0.0,1061.5,0.0
0,224400,VOLCANIC_ROCK_VOUCHER_9500,1058.0,19.0,0.0,0.0,0.0,0.0,1059,19,0.0,0.0,0.0,0.0,1058.5,0.0
0,224500,VOLCANIC_ROCK_VOUCHER_9500,1060.0,20.0,0.0,0.0,0.0,0.0,1061,20,0.0,0.0,0.0,0.0,1060.5,0.0
0,224600,VOLCANIC_ROCK_VOUCHER_9500,1060.0,18.0,0.0,0.0,0.0,0.0,1061,18,0.0,0.0,0.0,0.0,1060.5,0.0
0,224700,VOLCANIC_ROCK_VOUCHER_9500,1069.0,20.0,0.0,0.0,0.0,0.0,1070,20,0.0,0.0,0.0,0.0,1069.5,0.0
0,224800,VOLCANIC_ROCK_VOUCHER_9500,1068.0,14.0,0.0,0.0,0.0,0.0,1069,14,0.0,0.0,0.0,0.0,1068.5,0.0
0,224900,VOLCANIC_ROCK_VOUCHER_9500,1072.0,14.0,0.0,0.0,0.0,0.0,1073,14,0.0,0.0,0.0,0.0,1072.5,0.0
0,225000,VOLCANIC_ROCK_VOUCHER_9500,1079.0,5.0,0.0,0.0,0.0,0.0,1080,18,0.0,0.0,0.0,0.0,1079.5,0.0
0,225100,VOLCANIC_ROCK_VOUCHER_9500,1084.0,21.0,0.0,0.0,0.0,0.0,1085,21,0.0,0.0,0.0,0.0,1084.5,0.0
0,225200,VOLCANIC_ROCK_VOUCHER_9500,1085.0,21.0,0.0,0.0,0.0,0.0,1086,21,0.0,0.0,0.0,0.0,1085.5,0.0
0,225300,VOLCANIC_ROCK_VOUCHER_9500,1083.0,17.0,0.0,0.0,0.0,0.0,1084,17,0.0,0.0,0.0,0.0,1083.5,0.0
0,225400,VOLCANIC_ROCK_VOUCHER_9500,1084.0,19.0,0.0,0.0,0.0,0.0,1085,19,0.0,0.0,0.0,0.0,1084.5,0.0
0,225500,VOLCANIC_ROCK_VOUCHER_9500,1079.0,16.0,0.0,0.0,0.0,0.0,1080,16,0.0,0.0,0.0,0.0,1079.5,0.0
0,225600,VOLCANIC_ROCK_VOUCHER_9500,1082.0,19.0,0.0,0.0,0.0,0.0,1083,19,0.0,0.0,0.0,0.0,1082.5,0.0
0,225700,VOLCANIC_ROCK_VOUCHER_9500,1076.0,11.0,0.0,0.0,0.0,0.0,1078,11,0.0,0.0,0.0,0.0,1077.0,0.0
0,225800,VOLCANIC_ROCK_VOUCHER_9500,1075.0,19.0,0.0,0.0,0.0,0.0,1076,19,0.0,0.0,0.0,0.0,1075.5,0.0
0,225900,VOLCANIC_ROCK_VOUCHER_9500,1074.0,18.0,0.0,0.0,0.0,0.0,1075,18,0.0,0.0,0.0,0.0,1074.5,0.0
0,226000,VOLCANIC_ROCK_VOUCHER_9500,1070.0,18.0,0.0,0.0,0.0,0.0,1071,18,0.0,0.0,0.0,0.0,1070.5,0.0
0,226100,VOLCANIC_ROCK_VOUCHER_9500,1075.0,15.0,0.0,0.0,0.0,0.0,1076,15,0.0,0.0,0.0,0.0,1075.5,0.0
0,226200,VOLCANIC_ROCK_VOUCHER_9500,1072.0,17.0,0.0,0.0,0.0,0.0,1073,17,0.0,0.0,0.0,0.0,1072.5,0.0
0,226300,VOLCANIC_ROCK_VOUCHER_9500,1075.0,13.0,0.0,0.0,0.0,0.0,1076,13,0.0,0.0,0.0,0.0,1075.5,0.0
0,226400,VOLCANIC_ROCK_VOUCHER_9500,1071.0,13.0,0.0,0.0,0.0,0.0,1072,13,0.0,0.0,0.0,0.0,1071.5,0.0
0,226500,VOLCANIC_ROCK_VOUCHER_9500,1071.0,16.0,0.0,0.0,0.0,0.0,1072,16,0.0,0.0,0.0,0.0,1071.5,0.0
0,226600,VOLCANIC_ROCK_VOUCHER_9500,1068.0,19.0,0.0,0.0,0.0,0.0,1069,19,0.0,0.0,0.0,0.0,1068.5,0.0
0,226700,VOLCANIC_ROCK_VOUCHER_9500,1066.0,19.0,0.0,0.0,0.0,0.0,1067,19,0.0,0.0,0.0,0.0,1066.5,0.0
0,226800,VOLCANIC_ROCK_VOUCHER_9500,1061.0,11.0,0.0,0.0,0.0,0.0,1062,11,0.0,0.0,0.0,0.0,1061.5,0.0
0,226900,VOLCANIC_ROCK_VOUCHER_9500,1062.0,21.0,0.0,0.0,0.0,0.0,1063,21,0.0,0.0,0.0,0.0,1062.5,0.0
0,227000,VOLCANIC_ROCK_VOUCHER_9500,1050.0,15.0,0.0,0.0,0.0,0.0,1051,15,0.0,0.0,0.0,0.0,1050.5,0.0
0,227100,VOLCANIC_ROCK_VOUCHER_9500,1055.0,19.0,0.0,0.0,0.0,0.0,1057,19,0.0,0.0,0.0,0.0,1056.0,0.0
0,227200,VOLCANIC_ROCK_VOUCHER_9500,1049.0,16.0,0.0,0.0,0.0,0.0,1050,16,0.0,0.0,0.0,0.0,1049.5,0.0
0,227300,VOLCANIC_ROCK_VOUCHER_9500,1054.0,14.0,0.0,0.0,0.0,0.0,1055,14,0.0,0.0,0.0,0.0,1054.5,0.0
0,227400,VOLCANIC_ROCK_VOUCHER_9500,1057.0,10.0,0.0,0.0,0.0,0.0,1058,10,0.0,0.0,0.0,0.0,1057.5,0.0
0,227500,VOLCANIC_ROCK_VOUCHER_9500,1055.0,12.0,0.0,0.0,0.0,0.0,1056,12,0.0,0.0,0.0,0.0,1055.5,0.0
0,227600,VOLCANIC_ROCK_VOUCHER_9500,1055.0,13.0,0.0,0.0,0.0,0.0,1056,13,0.0,0.0,0.0,0.0,1055.5,0.0
0,227700,VOLCANIC_ROCK_VOUCHER_9500,1053.0,20.0,0.0,0.0,0.0,0.0,1054,20,0.0,0.0,0.0,0.0,1053.5,0.0
0,227800,VOLCANIC_ROCK_VOUCHER_9500,1052.0,12.0,0.0,0.0,0.0,0.0,1054,12,0.0,0.0,0.0,0.0,1053.0,0.0
0,227900,VOLCANIC_ROCK_VOUCHER_9500,1048.0,16.0,0.0,0.0,0.0,0.0,1050,16,0.0,0.0,0.0,0.0,1049.0,0.0
0,228000,VOLCANIC_ROCK_VOUCHER_9500,1050.0,13.0,0.0,0.0,0.0,0.0,1051,13,0.0,0.0,0.0,0.0,1050.5,0.0
0,228100,VOLCANIC_ROCK_VOUCHER_9500,1048.0,16.0,0.0,0.0,0.0,0.0,1049,16,0.0,0.0,0.0,0.0,1048.5,0.0
0,228200,VOLCANIC_ROCK_VOUCHER_9500,1042.0,19.0,0.0,0.0,0.0,0.0,1043,19,0.0,0.0,0.0,0.0,1042.5,0.0
0,228300,VOLCANIC_ROCK_VOUCHER_9500,1047.0,18.0,0.0,0.0,0.0,0.0,1048,18,0.0,0.0,0.0,0.0,1047.5,0.0
0,228400,VOLCANIC_ROCK_VOUCHER_9500,1048.0,7.0,0.0,0.0,0.0,0.0,1049,21,0.0,0.0,0.0,0.0,1048.5,0.0
0,228500,VOLCANIC_ROCK_VOUCHER_9500,1042.0,13.0,0.0,0.0,0.0,0.0,1043,13,0.0,0.0,0.0,0.0,1042.5,0.0
0,228600,VOLCANIC_ROCK_VOUCHER_9500,1048.0,21.0,0.0,0.0,0.0,0.0,1049,21,0.0,0.0,0.0,0.0,1048.5,0.0
0,228700,VOLCANIC_ROCK_VOUCHER_9500,1045.0,11.0,0.0,0.0,0.0,0.0,1046,11,0.0,0.0,0.0,0.0,1045.5,0.0
0,228800,VOLCANIC_ROCK_VOUCHER_9500,1048.0,10.0,0.0,0.0,0.0,0.0,1049,10,0.0,0.0,0.0,0.0,1048.5,0.0
0,228900,VOLCANIC_ROCK_VOUCHER_9500,1048.0,19.0,0.0,0.0,0.0,0.0,1049,19,0.0,0.0,0.0,0.0,1048.5,0.0
0,229000,VOLCANIC_ROCK_VOUCHER_9500,1048.0,20.0,0.0,0.0,0.0,0.0,1050,20,0.0,0.0,0.0,0.0,1049.0,0.0
0,229100,VOLCANIC_ROCK_VOUCHER_9500,1046.0,19.0,0.0,0.0,0.0,0.0,1048,19,0.0,0.0,0.0,0.0,1047.0,0.0
0,229200,VOLCANIC_ROCK_VOUCHER_9500,1051.0,20.0,0.0,0.0,0.0,0.0,1052,20,0.0,0.0,0.0,0.0,1051.5,0.0
0,229300,VOLCANIC_ROCK_VOUCHER_9500,1050.0,13.0,0.0,0.0,0.0,0.0,1051,13,0.0,0.0,0.0,0.0,1050.5,0.0
0,229400,VOLCANIC_ROCK_VOUCHER_9500,1048.0,21.0,0.0,0.0,0.0,0.0,1049,21,0.0,0.0,0.0,0.0,1048.5,0.0
0,229500,VOLCANIC_ROCK_VOUCHER_9500,1044.0,15.0,0.0,0.0,0.0,0.0,1045,18,1046.0,15.0,0.0,0.0,1044.5,0.0
0,229600,VOLCANIC_ROCK_VOUCHER_9500,1043.0,18.0,0.0,0.0,0.0,0.0,1045,18,0.0,0.0,0.0,0.0,1044.0,0.0
0,229700,VOLCANIC_ROCK_VOUCHER_9500,1034.0,20.0,0.0,0.0,0.0,0.0,1035,20,0.0,0.0,0.0,0.0,1034.5,0.0
0,229800,VOLCANIC_ROCK_VOUCHER_9500,1034.0,14.0,0.0,0.0,0.0,0.0,1035,14,0.0,0.0,0.0,0.0,1034.5,0.0
0,229900,VOLCANIC_ROCK_VOUCHER_9500,1027.0,12.0,0.0,0.0,0.0,0.0,1028,12,0.0,0.0,0.0,0.0,1027.5,0.0
0,230000,VOLCANIC_ROCK_VOUCHER_9500,1026.0,12.0,0.0,0.0,0.0,0.0,1027,12,0.0,0.0,0.0,0.0,1026.5,0.0
0,230100,VOLCANIC_ROCK_VOUCHER_9500,1025.0,14.0,0.0,0.0,0.0,0.0,1026,14,0.0,0.0,0.0,0.0,1025.5,0.0
0,230200,VOLCANIC_ROCK_VOUCHER_9500,1031.0,15.0,0.0,0.0,0.0,0.0,1032,15,0.0,0.0,0.0,0.0,1031.5,0.0
0,230300,VOLCANIC_ROCK_VOUCHER_9500,1034.0,11.0,0.0,0.0,0.0,0.0,1035,11,0.0,0.0,0.0,0.0,1034.5,0.0
0,230400,VOLCANIC_ROCK_VOUCHER_9500,1033.0,21.0,0.0,0.0,0.0,0.0,1034,21,0.0,0.0,0.0,0.0,1033.5,0.0
0,230500,VOLCANIC_ROCK_VOUCHER_9500,1031.0,20.0,0.0,0.0,0.0,0.0,1033,20,0.0,0.0,0.0,0.0,1032.0,0.0
0,230600,VOLCANIC_ROCK_VOUCHER_9500,1028.0,35.0,0.0,0.0,0.0,0.0,1029,15,0.0,0.0,0.0,0.0,1028.5,0.0
0,230700,VOLCANIC_ROCK_VOUCHER_9500,1030.0,33.0,0.0,0.0,0.0,0.0,1032,15,0.0,0.0,0.0,0.0,1031.0,0.0
0,230800,VOLCANIC_ROCK_VOUCHER_9500,1028.0,20.0,1027.0,16.0,0.0,0.0,1029,16,0.0,0.0,0.0,0.0,1028.5,0.0
0,230900,VOLCANIC_ROCK_VOUCHER_9500,1030.0,21.0,0.0,0.0,0.0,0.0,1031,21,0.0,0.0,0.0,0.0,1030.5,0.0
0,231000,VOLCANIC_ROCK_VOUCHER_9500,1032.0,11.0,0.0,0.0,0.0,0.0,1033,11,0.0,0.0,0.0,0.0,1032.5,0.0
0,231100,VOLCANIC_ROCK_VOUCHER_9500,1032.0,20.0,0.0,0.0,0.0,0.0,1033,20,0.0,0.0,0.0,0.0,1032.5,0.0
0,231200,VOLCANIC_ROCK_VOUCHER_9500,1029.0,13.0,0.0,0.0,0.0,0.0,1030,13,0.0,0.0,0.0,0.0,1029.5,0.0
0,231300,VOLCANIC_ROCK_VOUCHER_9500,1031.0,23.0,0.0,0.0,0.0,0.0,1032,12,0.0,0.0,0.0,0.0,1031.5,0.0
0,231400,VOLCANIC_ROCK_VOUCHER_9500,1028.0,20.0,0.0,0.0,0.0,0.0,1030,20,0.0,0.0,0.0,0.0,1029.0,0.0
0,231500,VOLCANIC_ROCK_VOUCHER_9500,1027.0,20.0,0.0,0.0,0.0,0.0,1028,20,0.0,0.0,0.0,0.0,1027.5,0.0
0,231600,VOLCANIC_ROCK_VOUCHER_9500,1029.0,30.0,0.0,0.0,0.0,0.0,1030,12,0.0,0.0,0.0,0.0,1029.5,0.0
0,231700,VOLCANIC_ROCK_VOUCHER_9500,1027.0,15.0,0.0,0.0,0.0,0.0,1028,15,0.0,0.0,0.0,0.0,1027.5,0.0
0,231800,VOLCANIC_ROCK_VOUCHER_9500,1028.0,20.0,0.0,0.0,0.0,0.0,1029,20,0.0,0.0,0.0,0.0,1028.5,0.0
0,231900,VOLCANIC_ROCK_VOUCHER_9500,0.0,0.0,0.0,0.0,0.0,0.0,1033,4,1034.0,15.0,0.0,0.0,1033.0,0.0
0,232000,VOLCANIC_ROCK_VOUCHER_9500,1032.0,20.0,0.0,0.0,0.0,0.0,1033,20,0.0,0.0,0.0,0.0,1032.5,0.0
0,232100,VOLCANIC_ROCK_VOUCHER_9500,1034.0,12.0,0.0,0.0,0.0,0.0,1035,12,0.0,0.0,0.0,0.0,1034.5,0.0
0,232200,VOLCANIC_ROCK_VOUCHER_9500,1036.0,15.0,0.0,0.0,0.0,0.0,1037,15,0.0,0.0,0.0,0.0,1036.5,0.0
0,232300,VOLCANIC_ROCK_VOUCHER_9500,1032.0,12.0,0.0,0.0,0.0,0.0,1034,12,0.0,0.0,0.0,0.0,1033.0,0.0
0,232400,VOLCANIC_ROCK_VOUCHER_9500,1033.0,17.0,0.0,0.0,0.0,0.0,1034,17,0.0,0.0,0.0,0.0,1033.5,0.0
0,232500,VOLCANIC_ROCK_VOUCHER_9500,1035.0,18.0,0.0,0.0,0.0,0.0,1036,18,0.0,0.0,0.0,0.0,1035.5,0.0
0,232600,VOLCANIC_ROCK_VOUCHER_9500,1033.0,18.0,0.0,0.0,0.0,0.0,1034,18,0.0,0.0,0.0,0.0,1033.5,0.0
0,232700,VOLCANIC_ROCK_VOUCHER_9500,1033.0,18.0,0.0,0.0,0.0,0.0,1034,18,0.0,0.0,0.0,0.0,1033.5,0.0
0,232800,VOLCANIC_ROCK_VOUCHER_9500,1032.0,19.0,0.0,0.0,0.0,0.0,1034,19,0.0,0.0,0.0,0.0,1033.0,0.0
0,232900,VOLCANIC_ROCK_VOUCHER_9500,1032.0,17.0,0.0,0.0,0.0,0.0,1033,17,0.0,0.0,0.0,0.0,1032.5,0.0
0,233000,VOLCANIC_ROCK_VOUCHER_9500,1032.0,14.0,0.0,0.0,0.0,0.0,1033,14,0.0,0.0,0.0,0.0,1032.5,0.0
0,233100,VOLCANIC_ROCK_VOUCHER_9500,1043.0,21.0,0.0,0.0,0.0,0.0,1044,21,0.0,0.0,0.0,0.0,1043.5,0.0
0,233200,VOLCANIC_ROCK_VOUCHER_9500,1043.0,17.0,0.0,0.0,0.0,0.0,1044,17,0.0,0.0,0.0,0.0,1043.5,0.0
0,233300,VOLCANIC_ROCK_VOUCHER_9500,1044.0,28.0,0.0,0.0,0.0,0.0,1045,12,0.0,0.0,0.0,0.0,1044.5,0.0
0,233400,VOLCANIC_ROCK_VOUCHER_9500,1047.0,18.0,0.0,0.0,0.0,0.0,1048,18,0.0,0.0,0.0,0.0,1047.5,0.0
0,233500,VOLCANIC_ROCK_VOUCHER_9500,1043.0,17.0,0.0,0.0,0.0,0.0,1044,17,0.0,0.0,0.0,0.0,1043.5,0.0
0,233600,VOLCANIC_ROCK_VOUCHER_9500,1043.0,2.0,0.0,0.0,0.0,0.0,1044,18,0.0,0.0,0.0,0.0,1043.5,0.0
0,233700,VOLCANIC_ROCK_VOUCHER_9500,1041.0,21.0,0.0,0.0,0.0,0.0,1042,21,0.0,0.0,0.0,0.0,1041.5,0.0
0,233800,VOLCANIC_ROCK_VOUCHER_9500,1038.0,21.0,0.0,0.0,0.0,0.0,1039,21,0.0,0.0,0.0,0.0,1038.5,0.0
0,233900,VOLCANIC_ROCK_VOUCHER_9500,1040.0,20.0,0.0,0.0,0.0,0.0,1041,20,0.0,0.0,0.0,0.0,1040.5,0.0
0,234000,VOLCANIC_ROCK_VOUCHER_9500,1037.0,16.0,0.0,0.0,0.0,0.0,1039,16,0.0,0.0,0.0,0.0,1038.0,0.0
0,234100,VOLCANIC_ROCK_VOUCHER_9500,1036.0,27.0,0.0,0.0,0.0,0.0,1037,17,0.0,0.0,0.0,0.0,1036.5,0.0
0,234200,VOLCANIC_ROCK_VOUCHER_9500,1041.0,13.0,0.0,0.0,0.0,0.0,1042,13,0.0,0.0,0.0,0.0,1041.5,0.0
0,234300,VOLCANIC_ROCK_VOUCHER_9500,1044.0,18.0,0.0,0.0,0.0,0.0,1045,18,0.0,0.0,0.0,0.0,1044.5,0.0
0,234400,VOLCANIC_ROCK_VOUCHER_9500,1047.0,12.0,0.0,0.0,0.0,0.0,1049,12,0.0,0.0,0.0,0.0,1048.0,0.0
0,234500,VOLCANIC_ROCK_VOUCHER_9500,1049.0,16.0,0.0,0.0,0.0,0.0,1050,16,0.0,0.0,0.0,0.0,1049.5,0.0
0,234600,VOLCANIC_ROCK_VOUCHER_9500,1051.0,10.0,0.0,0.0,0.0,0.0,1052,10,0.0,0.0,0.0,0.0,1051.5,0.0
0,234700,VOLCANIC_ROCK_VOUCHER_9500,1051.0,11.0,0.0,0.0,0.0,0.0,1052,11,0.0,0.0,0.0,0.0,1051.5,0.0
0,234800,VOLCANIC_ROCK_VOUCHER_9500,1051.0,21.0,0.0,0.0,0.0,0.0,1053,21,0.0,0.0,0.0,0.0,1052.0,0.0
0,234900,VOLCANIC_ROCK_VOUCHER_9500,1053.0,20.0,0.0,0.0,0.0,0.0,1054,20,0.0,0.0,0.0,0.0,1053.5,0.0
0,235000,VOLCANIC_ROCK_VOUCHER_9500,1047.0,12.0,0.0,0.0,0.0,0.0,1048,12,0.0,0.0,0.0,0.0,1047.5,0.0
0,235100,VOLCANIC_ROCK_VOUCHER_9500,1049.0,16.0,0.0,0.0,0.0,0.0,1050,16,0.0,0.0,0.0,0.0,1049.5,0.0
0,235200,VOLCANIC_ROCK_VOUCHER_9500,1051.0,12.0,0.0,0.0,0.0,0.0,1052,12,0.0,0.0,0.0,0.0,1051.5,0.0
0,235300,VOLCANIC_ROCK_VOUCHER_9500,1048.0,19.0,0.0,0.0,0.0,0.0,1049,19,0.0,0.0,0.0,0.0,1048.5,0.0
0,235400,VOLCANIC_ROCK_VOUCHER_9500,1047.0,11.0,0.0,0.0,0.0,0.0,1048,11,0.0,0.0,0.0,0.0,1047.5,0.0
0,235500,VOLCANIC_ROCK_VOUCHER_9500,1045.0,17.0,0.0,0.0,0.0,0.0,1046,17,0.0,0.0,0.0,0.0,1045.5,0.0
0,235600,VOLCANIC_ROCK_VOUCHER_9500,1039.0,17.0,0.0,0.0,0.0,0.0,1040,17,0.0,0.0,0.0,0.0,1039.5,0.0
0,235700,VOLCANIC_ROCK_VOUCHER_9500,1043.0,11.0,0.0,0.0,0.0,0.0,1044,11,0.0,0.0,0.0,0.0,1043.5,0.0
0,235800,VOLCANIC_ROCK_VOUCHER_9500,1043.0,18.0,0.0,0.0,0.0,0.0,1044,18,0.0,0.0,0.0,0.0,1043.5,0.0
0,235900,VOLCANIC_ROCK_VOUCHER_9500,1040.0,20.0,0.0,0.0,0.0,0.0,1042,20,0.0,0.0,0.0,0.0,1041.0,0.0
0,236000,VOLCANIC_ROCK_VOUCHER_9500,1038.0,16.0,0.0,0.0,0.0,0.0,1039,16,0.0,0.0,0.0,0.0,1038.5,0.0
0,236100,VOLCANIC_ROCK_VOUCHER_9500,1038.0,12.0,0.0,0.0,0.0,0.0,1039,12,0.0,0.0,0.0,0.0,1038.5,0.0
0,236200,VOLCANIC_ROCK_VOUCHER_9500,1040.0,15.0,0.0,0.0,0.0,0.0,1041,15,0.0,0.0,0.0,0.0,1040.5,0.0
0,236300,VOLCANIC_ROCK_VOUCHER_9500,0.0,0.0,0.0,0.0,0.0,0.0,1037,7,1038.0,13.0,0.0,0.0,1037.0,0.0
0,236400,VOLCANIC_ROCK_VOUCHER_9500,1031.0,21.0,0.0,0.0,0.0,0.0,1032,21,0.0,0.0,0.0,0.0,1031.5,0.0
0,236500,VOLCANIC_ROCK_VOUCHER_9500,1031.0,12.0,0.0,0.0,0.0,0.0,1032,12,0.0,0.0,0.0,0.0,1031.5,0.0
0,236600,VOLCANIC_ROCK_VOUCHER_9500,1024.0,18.0,0.0,0.0,0.0,0.0,1026,18,0.0,0.0,0.0,0.0,1025.0,0.0
0,236700,VOLCANIC_ROCK_VOUCHER_9500,1023.0,14.0,0.0,0.0,0.0,0.0,1025,14,0.0,0.0,0.0,0.0,1024.0,0.0
0,236800,VOLCANIC_ROCK_VOUCHER_9500,1025.0,18.0,0.0,0.0,0.0,0.0,1026,18,0.0,0.0,0.0,0.0,1025.5,0.0
0,236900,VOLCANIC_ROCK_VOUCHER_9500,1027.0,19.0,0.0,0.0,0.0,0.0,1028,19,0.0,0.0,0.0,0.0,1027.5,0.0
0,237000,VOLCANIC_ROCK_VOUCHER_9500,1027.0,18.0,0.0,0.0,0.0,0.0,1028,18,0.0,0.0,0.0,0.0,1027.5,0.0
0,237100,VOLCANIC_ROCK_VOUCHER_9500,1026.0,18.0,0.0,0.0,0.0,0.0,1027,18,0.0,0.0,0.0,0.0,1026.5,0.0
0,237200,VOLCANIC_ROCK_VOUCHER_9500,1027.0,16.0,0.0,0.0,0.0,0.0,1028,16,0.0,0.0,0.0,0.0,1027.5,0.0
0,237300,VOLCANIC_ROCK_VOUCHER_9500,1027.0,22.0,0.0,0.0,0.0,0.0,1028,22,0.0,0.0,0.0,0.0,1027.5,0.0
0,237400,VOLCANIC_ROCK_VOUCHER_9500,1026.0,19.0,0.0,0.0,0.0,0.0,1027,19,0.0,0.0,0.0,0.0,1026.5,0.0
0,237500,VOLCANIC_ROCK_VOUCHER_9500,1025.0,10.0,0.0,0.0,0.0,0.0,1026,10,0.0,0.0,0.0,0.0,1025.5,0.0
0,237600,VOLCANIC_ROCK_VOUCHER_9500,1028.0,31.0,0.0,0.0,0.0,0.0,1029,17,0.0,0.0,0.0,0.0,1028.5,0.0
0,237700,VOLCANIC_ROCK_VOUCHER_9500,1027.0,11.0,0.0,0.0,0.0,0.0,1028,11,0.0,0.0,0.0,0.0,1027.5,0.0
0,237800,VOLCANIC_ROCK_VOUCHER_9500,1026.0,18.0,0.0,0.0,0.0,0.0,1027,2,1028.0,16.0,0.0,0.0,1026.5,0.0
0,237900,VOLCANIC_ROCK_VOUCHER_9500,1027.0,18.0,0.0,0.0,0.0,0.0,1028,18,0.0,0.0,0.0,0.0,1027.5,0.0
0,238000,VOLCANIC_ROCK_VOUCHER_9500,1030.0,19.0,0.0,0.0,0.0,0.0,1031,19,0.0,0.0,0.0,0.0,1030.5,0.0
0,238100,VOLCANIC_ROCK_VOUCHER_9500,1032.0,11.0,0.0,0.0,0.0,0.0,1033,11,0.0,0.0,0.0,0.0,1032.5,0.0
0,238200,VOLCANIC_ROCK_VOUCHER_9500,1030.0,33.0,0.0,0.0,0.0,0.0,1031,16,0.0,0.0,0.0,0.0,1030.5,0.0
0,238300,VOLCANIC_ROCK_VOUCHER_9500,1032.0,18.0,0.0,0.0,0.0,0.0,1033,18,0.0,0.0,0.0,0.0,1032.5,0.0
0,238400,VOLCANIC_ROCK_VOUCHER_9500,1031.0,14.0,0.0,0.0,0.0,0.0,1032,14,0.0,0.0,0.0,0.0,1031.5,0.0
0,238500,VOLCANIC_ROCK_VOUCHER_9500,1032.0,21.0,0.0,0.0,0.0,0.0,1033,21,0.0,0.0,0.0,0.0,1032.5,0.0
0,238600,VOLCANIC_ROCK_VOUCHER_9500,1034.0,13.0,0.0,0.0,0.0,0.0,1035,13,0.0,0.0,0.0,0.0,1034.5,0.0
0,238700,VOLCANIC_ROCK_VOUCHER_9500,1035.0,12.0,0.0,0.0,0.0,0.0,1036,12,0.0,0.0,0.0,0.0,1035.5,0.0
0,238800,VOLCANIC_ROCK_VOUCHER_9500,1033.0,20.0,0.0,0.0,0.0,0.0,1034,20,0.0,0.0,0.0,0.0,1033.5,0.0
0,238900,VOLCANIC_ROCK_VOUCHER_9500,1030.0,10.0,0.0,0.0,0.0,0.0,1031,10,0.0,0.0,0.0,0.0,1030.5,0.0
0,239000,VOLCANIC_ROCK_VOUCHER_9500,1032.0,18.0,0.0,0.0,0.0,0.0,1033,18,0.0,0.0,0.0,0.0,1032.5,0.0
0,239100,VOLCANIC_ROCK_VOUCHER_9500,1033.0,13.0,0.0,0.0,0.0,0.0,1035,13,0.0,0.0,0.0,0.0,1034.0,0.0
0,239200,VOLCANIC_ROCK_VOUCHER_9500,1033.0,21.0,0.0,0.0,0.0,0.0,1034,21,0.0,0.0,0.0,0.0,1033.5,0.0
0,239300,VOLCANIC_ROCK_VOUCHER_9500,1033.0,14.0,0.0,0.0,0.0,0.0,1034,14,0.0,0.0,0.0,0.0,1033.5,0.0
0,239400,VOLCANIC_ROCK_VOUCHER_9500,1036.0,12.0,0.0,0.0,0.0,0.0,1037,12,0.0,0.0,0.0,0.0,1036.5,0.0
0,239500,VOLCANIC_ROCK_VOUCHER_9500,1032.0,28.0,0.0,0.0,0.0,0.0,1033,18,0.0,0.0,0.0,0.0,1032.5,0.0
0,239600,VOLCANIC_ROCK_VOUCHER_9500,1031.0,14.0,0.0,0.0,0.0,0.0,1032,14,0.0,0.0,0.0,0.0,1031.5,0.0
0,239700,VOLCANIC_ROCK_VOUCHER_9500,1028.0,16.0,0.0,0.0,0.0,0.0,1029,16,0.0,0.0,0.0,0.0,1028.5,0.0
0,239800,VOLCANIC_ROCK_VOUCHER_9500,0.0,0.0,0.0,0.0,0.0,0.0,1028,4,1029.0,14.0,0.0,0.0,1028.0,0.0
0,239900,VOLCANIC_ROCK_VOUCHER_9500,1025.0,20.0,0.0,0.0,0.0,0.0,1027,20,0.0,0.0,0.0,0.0,1026.0,0.0
0,240000,VOLCANIC_ROCK_VOUCHER_9500,1028.0,18.0,0.0,0.0,0.0,0.0,1029,18,0.0,0.0,0.0,0.0,1028.5,0.0
0,240100,VOLCANIC_ROCK_VOUCHER_9500,1030.0,12.0,0.0,0.0,0.0,0.0,1031,12,0.0,0.0,0.0,0.0,1030.5,0.0
0,240200,VOLCANIC_ROCK_VOUCHER_9500,1028.0,38.0,0.0,0.0,0.0,0.0,1029,18,0.0,0.0,0.0,0.0,1028.5,0.0
0,240300,VOLCANIC_ROCK_VOUCHER_9500,1025.0,13.0,0.0,0.0,0.0,0.0,1026,13,0.0,0.0,0.0,0.0,1025.5,0.0
0,240400,VOLCANIC_ROCK_VOUCHER_9500,1025.0,12.0,0.0,0.0,0.0,0.0,1026,12,0.0,0.0,0.0,0.0,1025.5,0.0
0,240500,VOLCANIC_ROCK_VOUCHER_9500,1024.0,13.0,0.0,0.0,0.0,0.0,1026,13,0.0,0.0,0.0,0.0,1025.0,0.0
0,240600,VOLCANIC_ROCK_VOUCHER_9500,1027.0,25.0,0.0,0.0,0.0,0.0,1028,13,0.0,0.0,0.0,0.0,1027.5,0.0
0,240700,VOLCANIC_ROCK_VOUCHER_9500,1026.0,18.0,0.0,0.0,0.0,0.0,1028,18,0.0,0.0,0.0,0.0,1027.0,0.0
0,240800,VOLCANIC_ROCK_VOUCHER_9500,1024.0,13.0,0.0,0.0,0.0,0.0,1025,13,0.0,0.0,0.0,0.0,1024.5,0.0
0,240900,VOLCANIC_ROCK_VOUCHER_9500,1025.0,30.0,0.0,0.0,0.0,0.0,1026,20,0.0,0.0,0.0,0.0,1025.5,0.0
0,241000,VOLCANIC_ROCK_VOUCHER_9500,1025.0,5.0,0.0,0.0,0.0,0.0,1026,18,0.0,0.0,0.0,0.0,1025.5,0.0
0,241100,VOLCANIC_ROCK_VOUCHER_9500,0.0,0.0,0.0,0.0,0.0,0.0,1025,7,1026.0,13.0,0.0,0.0,1025.0,0.0
0,241200,VOLCANIC_ROCK_VOUCHER_9500,1022.0,20.0,0.0,0.0,0.0,0.0,1023,20,0.0,0.0,0.0,0.0,1022.5,0.0
0,241300,VOLCANIC_ROCK_VOUCHER_9500,1023.0,22.0,0.0,0.0,0.0,0.0,1024,22,0.0,0.0,0.0,0.0,1023.5,0.0
0,241400,VOLCANIC_ROCK_VOUCHER_9500,1021.0,19.0,0.0,0.0,0.0,0.0,1022,19,0.0,0.0,0.0,0.0,1021.5,0.0
0,241500,VOLCANIC_ROCK_VOUCHER_9500,1020.0,11.0,0.0,0.0,0.0,0.0,1021,11,0.0,0.0,0.0,0.0,1020.5,0.0
0,241600,VOLCANIC_ROCK_VOUCHER_9500,0.0,0.0,0.0,0.0,0.0,0.0,1022,7,1023.0,11.0,0.0,0.0,1022.0,0.0
0,241700,VOLCANIC_ROCK_VOUCHER_9500,1020.0,11.0,0.0,0.0,0.0,0.0,1021,11,0.0,0.0,0.0,0.0,1020.5,0.0
0,241800,VOLCANIC_ROCK_VOUCHER_9500,1018.0,15.0,0.0,0.0,0.0,0.0,1019,15,0.0,0.0,0.0,0.0,1018.5,0.0
0,241900,VOLCANIC_ROCK_VOUCHER_9500,1016.0,15.0,0.0,0.0,0.0,0.0,1017,15,0.0,0.0,0.0,0.0,1016.5,0.0
0,242000,VOLCANIC_ROCK_VOUCHER_9500,1021.0,11.0,0.0,0.0,0.0,0.0,1022,11,0.0,0.0,0.0,0.0,1021.5,0.0
0,242100,VOLCANIC_ROCK_VOUCHER_9500,1022.0,17.0,0.0,0.0,0.0,0.0,1023,17,0.0,0.0,0.0,0.0,1022.5,0.0
0,242200,VOLCANIC_ROCK_VOUCHER_9500,1017.0,21.0,0.0,0.0,0.0,0.0,1018,21,0.0,0.0,0.0,0.0,1017.5,0.0
0,242300,VOLCANIC_ROCK_VOUCHER_9500,1014.0,30.0,0.0,0.0,0.0,0.0,1015,13,0.0,0.0,0.0,0.0,1014.5,0.0
0,242400,VOLCANIC_ROCK_VOUCHER_9500,1020.0,19.0,0.0,0.0,0.0,0.0,1021,19,0.0,0.0,0.0,0.0,1020.5,0.0
0,242500,VOLCANIC_ROCK_VOUCHER_9500,1019.0,10.0,0.0,0.0,0.0,0.0,1020,10,0.0,0.0,0.0,0.0,1019.5,0.0
0,242600,VOLCANIC_ROCK_VOUCHER_9500,1014.0,15.0,0.0,0.0,0.0,0.0,1015,15,0.0,0.0,0.0,0.0,1014.5,0.0
0,242700,VOLCANIC_ROCK_VOUCHER_9500,1012.0,19.0,0.0,0.0,0.0,0.0,1013,19,0.0,0.0,0.0,0.0,1012.5,0.0
0,242800,VOLCANIC_ROCK_VOUCHER_9500,1005.0,13.0,0.0,0.0,0.0,0.0,1007,13,0.0,0.0,0.0,0.0,1006.0,0.0
0,242900,VOLCANIC_ROCK_VOUCHER_9500,1006.0,11.0,0.0,0.0,0.0,0.0,1007,11,0.0,0.0,0.0,0.0,1006.5,0.0
0,243000,VOLCANIC_ROCK_VOUCHER_9500,1002.0,11.0,0.0,0.0,0.0,0.0,1003,11,0.0,0.0,0.0,0.0,1002.5,0.0
0,243100,VOLCANIC_ROCK_VOUCHER_9500,997.0,31.0,0.0,0.0,0.0,0.0,998,19,0.0,0.0,0.0,0.0,997.5,0.0
0,243200,VOLCANIC_ROCK_VOUCHER_9500,992.0,16.0,0.0,0.0,0.0,0.0,993,16,0.0,0.0,0.0,0.0,992.5,0.0
0,243300,VOLCANIC_ROCK_VOUCHER_9500,1000.0,13.0,0.0,0.0,0.0,0.0,1001,13,0.0,0.0,0.0,0.0,1000.5,0.0
0,243400,VOLCANIC_ROCK_VOUCHER_9500,1000.0,18.0,0.0,0.0,0.0,0.0,1001,18,0.0,0.0,0.0,0.0,1000.5,0.0
0,243500,VOLCANIC_ROCK_VOUCHER_9500,1001.0,16.0,0.0,0.0,0.0,0.0,1002,16,0.0,0.0,0.0,0.0,1001.5,0.0
0,243600,VOLCANIC_ROCK_VOUCHER_9500,1001.0,17.0,0.0,0.0,0.0,0.0,1003,17,0.0,0.0,0.0,0.0,1002.0,0.0
0,243700,VOLCANIC_ROCK_VOUCHER_9500,998.0,12.0,0.0,0.0,0.0,0.0,999,12,0.0,0.0,0.0,0.0,998.5,0.0
0,243800,VOLCANIC_ROCK_VOUCHER_9500,999.0,16.0,0.0,0.0,0.0,0.0,1000,16,0.0,0.0,0.0,0.0,999.5,0.0
0,243900,VOLCANIC_ROCK_VOUCHER_9500,1006.0,15.0,0.0,0.0,0.0,0.0,1007,15,0.0,0.0,0.0,0.0,1006.5,0.0
0,244000,VOLCANIC_ROCK_VOUCHER_9500,1003.0,14.0,0.0,0.0,0.0,0.0,1004,14,0.0,0.0,0.0,0.0,1003.5,0.0
0,244100,VOLCANIC_ROCK_VOUCHER_9500,1006.0,28.0,0.0,0.0,0.0,0.0,1007,17,0.0,0.0,0.0,0.0,1006.5,0.0
0,244200,VOLCANIC_ROCK_VOUCHER_9500,1005.0,12.0,0.0,0.0,0.0,0.0,1006,12,0.0,0.0,0.0,0.0,1005.5,0.0
0,244300,VOLCANIC_ROCK_VOUCHER_9500,1003.0,2.0,0.0,0.0,0.0,0.0,1004,17,0.0,0.0,0.0,0.0,1003.5,0.0
0,244400,VOLCANIC_ROCK_VOUCHER_9500,1000.0,19.0,0.0,0.0,0.0,0.0,1001,19,0.0,0.0,0.0,0.0,1000.5,0.0
0,244500,VOLCANIC_ROCK_VOUCHER_9500,1004.0,14.0,0.0,0.0,0.0,0.0,1005,14,0.0,0.0,0.0,0.0,1004.5,0.0
0,244600,VOLCANIC_ROCK_VOUCHER_9500,1003.0,11.0,0.0,0.0,0.0,0.0,1004,11,0.0,0.0,0.0,0.0,1003.5,0.0
0,244700,VOLCANIC_ROCK_VOUCHER_9500,1001.0,17.0,0.0,0.0,0.0,0.0,1003,22,0.0,0.0,0.0,0.0,1002.0,0.0
0,244800,VOLCANIC_ROCK_VOUCHER_9500,999.0,10.0,0.0,0.0,0.0,0.0,1000,10,0.0,0.0,0.0,0.0,999.5,0.0
0,244900,VOLCANIC_ROCK_VOUCHER_9500,996.0,11.0,0.0,0.0,0.0,0.0,997,11,0.0,0.0,0.0,0.0,996.5,0.0
0,245000,VOLCANIC_ROCK_VOUCHER_9500,998.0,19.0,0.0,0.0,0.0,0.0,999,19,0.0,0.0,0.0,0.0,998.5,0.0
0,245100,VOLCANIC_ROCK_VOUCHER_9500,998.0,14.0,0.0,0.0,0.0,0.0,999,14,0.0,0.0,0.0,0.0,998.5,0.0
0,245200,VOLCANIC_ROCK_VOUCHER_9500,999.0,13.0,0.0,0.0,0.0,0.0,1000,13,0.0,0.0,0.0,0.0,999.5,0.0
0,245300,VOLCANIC_ROCK_VOUCHER_9500,1002.0,16.0,1001.0,15.0,0.0,0.0,1003,15,0.0,0.0,0.0,0.0,1002.5,0.0
0,245400,VOLCANIC_ROCK_VOUCHER_9500,0.0,0.0,0.0,0.0,0.0,0.0,1006,13,0.0,0.0,0.0,0.0,1006.0,0.0
0,245500,VOLCANIC_ROCK_VOUCHER_9500,1002.0,20.0,0.0,0.0,0.0,0.0,1003,20,0.0,0.0,0.0,0.0,1002.5,0.0
0,245600,VOLCANIC_ROCK_VOUCHER_9500,999.0,12.0,0.0,0.0,0.0,0.0,1000,12,0.0,0.0,0.0,0.0,999.5,0.0
0,245700,VOLCANIC_ROCK_VOUCHER_9500,999.0,19.0,0.0,0.0,0.0,0.0,1000,19,0.0,0.0,0.0,0.0,999.5,0.0
0,245800,VOLCANIC_ROCK_VOUCHER_9500,998.0,20.0,0.0,0.0,0.0,0.0,999,20,0.0,0.0,0.0,0.0,998.5,0.0
0,245900,VOLCANIC_ROCK_VOUCHER_9500,1003.0,14.0,0.0,0.0,0.0,0.0,1004,14,0.0,0.0,0.0,0.0,1003.5,0.0
0,246000,VOLCANIC_ROCK_VOUCHER_9500,1000.0,16.0,0.0,0.0,0.0,0.0,1001,16,0.0,0.0,0.0,0.0,1000.5,0.0
0,246100,VOLCANIC_ROCK_VOUCHER_9500,1001.0,1.0,0.0,0.0,0.0,0.0,1002,15,0.0,0.0,0.0,0.0,1001.5,0.0
0,246200,VOLCANIC_ROCK_VOUCHER_9500,1000.0,16.0,0.0,0.0,0.0,0.0,1001,16,0.0,0.0,0.0,0.0,1000.5,0.0
0,246300,VOLCANIC_ROCK_VOUCHER_9500,999.0,21.0,0.0,0.0,0.0,0.0,1001,21,0.0,0.0,0.0,0.0,1000.0,0.0
0,246400,VOLCANIC_ROCK_VOUCHER_9500,1000.0,17.0,0.0,0.0,0.0,0.0,1001,17,0.0,0.0,0.0,0.0,1000.5,0.0
0,246500,VOLCANIC_ROCK_VOUCHER_9500,999.0,13.0,0.0,0.0,0.0,0.0,1000,13,0.0,0.0,0.0,0.0,999.5,0.0
0,246600,VOLCANIC_ROCK_VOUCHER_9500,997.0,15.0,0.0,0.0,0.0,0.0,998,15,0.0,0.0,0.0,0.0,997.5,0.0
0,246700,VOLCANIC_ROCK_VOUCHER_9500,996.0,15.0,0.0,0.0,0.0,0.0,997,15,0.0,0.0,0.0,0.0,996.5,0.0
0,246800,VOLCANIC_ROCK_VOUCHER_9500,998.0,2.0,997.0,13.0,0.0,0.0,999,15,0.0,0.0,0.0,0.0,998.5,0.0
0,246900,VOLCANIC_ROCK_VOUCHER_9500,999.0,17.0,0.0,0.0,0.0,0.0,1000,17,0.0,0.0,0.0,0.0,999.5,0.0
0,247000,VOLCANIC_ROCK_VOUCHER_9500,998.0,16.0,0.0,0.0,0.0,0.0,999,16,0.0,0.0,0.0,0.0,998.5,0.0
0,247100,VOLCANIC_ROCK_VOUCHER_9500,999.0,18.0,0.0,0.0,0.0,0.0,1000,18,0.0,0.0,0.0,0.0,999.5,0.0
0,247200,VOLCANIC_ROCK_VOUCHER_9500,1001.0,21.0,0.0,0.0,0.0,0.0,1002,21,0.0,0.0,0.0,0.0,1001.5,0.0
0,247300,VOLCANIC_ROCK_VOUCHER_9500,1000.0,21.0,0.0,0.0,0.0,0.0,1001,21,0.0,0.0,0.0,0.0,1000.5,0.0
0,247400,VOLCANIC_ROCK_VOUCHER_9500,1000.0,20.0,0.0,0.0,0.0,0.0,1001,20,0.0,0.0,0.0,0.0,1000.5,0.0
0,247500,VOLCANIC_ROCK_VOUCHER_9500,1000.0,20.0,0.0,0.0,0.0,0.0,1001,20,0.0,0.0,0.0,0.0,1000.5,0.0
0,247600,VOLCANIC_ROCK_VOUCHER_9500,996.0,12.0,0.0,0.0,0.0,0.0,997,12,0.0,0.0,0.0,0.0,996.5,0.0
0,247700,VOLCANIC_ROCK_VOUCHER_9500,992.0,33.0,0.0,0.0,0.0,0.0,994,18,0.0,0.0,0.0,0.0,993.0,0.0
0,247800,VOLCANIC_ROCK_VOUCHER_9500,994.0,22.0,0.0,0.0,0.0,0.0,995,22,0.0,0.0,0.0,0.0,994.5,0.0
0,247900,VOLCANIC_ROCK_VOUCHER_9500,991.0,22.0,0.0,0.0,0.0,0.0,992,22,0.0,0.0,0.0,0.0,991.5,0.0
0,248000,VOLCANIC_ROCK_VOUCHER_9500,993.0,13.0,0.0,0.0,0.0,0.0,994,13,0.0,0.0,0.0,0.0,993.5,0.0
0,248100,VOLCANIC_ROCK_VOUCHER_9500,992.0,14.0,0.0,0.0,0.0,0.0,993,14,0.0,0.0,0.0,0.0,992.5,0.0
0,248200,VOLCANIC_ROCK_VOUCHER_9500,987.0,22.0,0.0,0.0,0.0,0.0,989,22,0.0,0.0,0.0,0.0,988.0,0.0
0,248300,VOLCANIC_ROCK_VOUCHER_9500,985.0,13.0,0.0,0.0,0.0,0.0,986,13,0.0,0.0,0.0,0.0,985.5,0.0
0,248400,VOLCANIC_ROCK_VOUCHER_9500,985.0,16.0,0.0,0.0,0.0,0.0,986,16,0.0,0.0,0.0,0.0,985.5,0.0
0,248500,VOLCANIC_ROCK_VOUCHER_9500,982.0,18.0,0.0,0.0,0.0,0.0,983,18,0.0,0.0,0.0,0.0,982.5,0.0
0,248600,VOLCANIC_ROCK_VOUCHER_9500,980.0,19.0,0.0,0.0,0.0,0.0,981,19,0.0,0.0,0.0,0.0,980.5,0.0
0,248700,VOLCANIC_ROCK_VOUCHER_9500,979.0,18.0,0.0,0.0,0.0,0.0,980,18,0.0,0.0,0.0,0.0,979.5,0.0
0,248800,VOLCANIC_ROCK_VOUCHER_9500,977.0,34.0,0.0,0.0,0.0,0.0,978,20,0.0,0.0,0.0,0.0,977.5,0.0
0,248900,VOLCANIC_ROCK_VOUCHER_9500,978.0,1.0,977.0,19.0,0.0,0.0,979,20,0.0,0.0,0.0,0.0,978.5,0.0
0,249000,VOLCANIC_ROCK_VOUCHER_9500,976.0,20.0,0.0,0.0,0.0,0.0,977,20,0.0,0.0,0.0,0.0,976.5,0.0
0,249100,VOLCANIC_ROCK_VOUCHER_9500,982.0,18.0,0.0,0.0,0.0,0.0,983,18,0.0,0.0,0.0,0.0,982.5,0.0
0,249200,VOLCANIC_ROCK_VOUCHER_9500,986.0,14.0,0.0,0.0,0.0,0.0,987,14,0.0,0.0,0.0,0.0,986.5,0.0
0,249300,VOLCANIC_ROCK_VOUCHER_9500,990.0,18.0,0.0,0.0,0.0,0.0,991,18,0.0,0.0,0.0,0.0,990.5,0.0
0,249400,VOLCANIC_ROCK_VOUCHER_9500,988.0,15.0,0.0,0.0,0.0,0.0,989,15,0.0,0.0,0.0,0.0,988.5,0.0
0,249500,VOLCANIC_ROCK_VOUCHER_9500,988.0,19.0,0.0,0.0,0.0,0.0,989,19,0.0,0.0,0.0,0.0,988.5,0.0
0,249600,VOLCANIC_ROCK_VOUCHER_9500,988.0,20.0,0.0,0.0,0.0,0.0,990,20,0.0,0.0,0.0,0.0,989.0,0.0
0,249700,VOLCANIC_ROCK_VOUCHER_9500,993.0,12.0,0.0,0.0,0.0,0.0,994,12,0.0,0.0,0.0,0.0,993.5,0.0
0,249800,VOLCANIC_ROCK_VOUCHER_9500,993.0,15.0,0.0,0.0,0.0,0.0,994,15,0.0,0.0,0.0,0.0,993.5,0.0
0,249900,VOLCANIC_ROCK_VOUCHER_9500,991.0,17.0,0.0,0.0,0.0,0.0,992,17,0.0,0.0,0.0,0.0,991.5,0.0
0,250000,VOLCANIC_ROCK_VOUCHER_9500,995.0,11.0,0.0,0.0,0.0,0.0,996,11,0.0,0.0,0.0,0.0,995.5,0.0
0,250100,VOLCANIC_ROCK_VOUCHER_9500,1000.0,13.0,0.0,0.0,0.0,0.0,1001,13,0.0,0.0,0.0,0.0,1000.5,0.0
0,250200,VOLCANIC_ROCK_VOUCHER_9500,1000.0,12.0,0.0,0.0,0.0,0.0,1001,12,0.0,0.0,0.0,0.0,1000.5,0.0
0,250300,VOLCANIC_ROCK_VOUCHER_9500,997.0,20.0,0.0,0.0,0.0,0.0,998,20,0.0,0.0,0.0,0.0,997.5,0.0
0,250400,VOLCANIC_ROCK_VOUCHER_9500,994.0,10.0,0.0,0.0,0.0,0.0,995,10,0.0,0.0,0.0,0.0,994.5,0.0
0,250500,VOLCANIC_ROCK_VOUCHER_9500,995.0,16.0,0.0,0.0,0.0,0.0,996,16,0.0,0.0,0.0,0.0,995.5,0.0
0,250600,VOLCANIC_ROCK_VOUCHER_9500,991.0,19.0,0.0,0.0,0.0,0.0,992,19,0.0,0.0,0.0,0.0,991.5,0.0
0,250700,VOLCANIC_ROCK_VOUCHER_9500,993.0,18.0,0.0,0.0,0.0,0.0,995,18,0.0,0.0,0.0,0.0,994.0,0.0
0,250800,VOLCANIC_ROCK_VOUCHER_9500,993.0,18.0,0.0,0.0,0.0,0.0,994,18,0.0,0.0,0.0,0.0,993.5,0.0
0,250900,VOLCANIC_ROCK_VOUCHER_9500,992.0,14.0,0.0,0.0,0.0,0.0,994,14,0.0,0.0,0.0,0.0,993.0,0.0
0,251000,VOLCANIC_ROCK_VOUCHER_9500,995.0,17.0,0.0,0.0,0.0,0.0,996,17,0.0,0.0,0.0,0.0,995.5,0.0
0,251100,VOLCANIC_ROCK_VOUCHER_9500,994.0,15.0,0.0,0.0,0.0,0.0,995,15,0.0,0.0,0.0,0.0,994.5,0.0
0,251200,VOLCANIC_ROCK_VOUCHER_9500,990.0,13.0,0.0,0.0,0.0,0.0,992,18,0.0,0.0,0.0,0.0,991.0,0.0
0,251300,VOLCANIC_ROCK_VOUCHER_9500,987.0,19.0,0.0,0.0,0.0,0.0,988,19,0.0,0.0,0.0,0.0,987.5,0.0
0,251400,VOLCANIC_ROCK_VOUCHER_9500,980.0,13.0,0.0,0.0,0.0,0.0,981,13,0.0,0.0,0.0,0.0,980.5,0.0
0,251500,VOLCANIC_ROCK_VOUCHER_9500,980.0,14.0,0.0,0.0,0.0,0.0,981,14,0.0,0.0,0.0,0.0,980.5,0.0
0,251600,VOLCANIC_ROCK_VOUCHER_9500,982.0,20.0,0.0,0.0,0.0,0.0,983,20,0.0,0.0,0.0,0.0,982.5,0.0
0,251700,VOLCANIC_ROCK_VOUCHER_9500,984.0,13.0,0.0,0.0,0.0,0.0,985,13,0.0,0.0,0.0,0.0,984.5,0.0
0,251800,VOLCANIC_ROCK_VOUCHER_9500,982.0,13.0,0.0,0.0,0.0,0.0,983,13,0.0,0.0,0.0,0.0,982.5,0.0
0,251900,VOLCANIC_ROCK_VOUCHER_9500,984.0,14.0,0.0,0.0,0.0,0.0,985,14,986.0,14.0,0.0,0.0,984.5,0.0
0,252000,VOLCANIC_ROCK_VOUCHER_9500,982.0,15.0,0.0,0.0,0.0,0.0,984,15,0.0,0.0,0.0,0.0,983.0,0.0
0,252100,VOLCANIC_ROCK_VOUCHER_9500,0.0,0.0,0.0,0.0,0.0,0.0,984,6,985.0,12.0,0.0,0.0,984.0,0.0
0,252200,VOLCANIC_ROCK_VOUCHER_9500,981.0,13.0,0.0,0.0,0.0,0.0,982,13,0.0,0.0,0.0,0.0,981.5,0.0
0,252300,VOLCANIC_ROCK_VOUCHER_9500,976.0,12.0,0.0,0.0,0.0,0.0,977,12,0.0,0.0,0.0,0.0,976.5,0.0
0,252400,VOLCANIC_ROCK_VOUCHER_9500,976.0,14.0,0.0,0.0,0.0,0.0,977,14,0.0,0.0,0.0,0.0,976.5,0.0
0,252500,VOLCANIC_ROCK_VOUCHER_9500,973.0,21.0,0.0,0.0,0.0,0.0,974,21,0.0,0.0,0.0,0.0,973.5,0.0
0,252600,VOLCANIC_ROCK_VOUCHER_9500,972.0,17.0,0.0,0.0,0.0,0.0,973,17,0.0,0.0,0.0,0.0,972.5,0.0
0,252700,VOLCANIC_ROCK_VOUCHER_9500,968.0,17.0,0.0,0.0,0.0,0.0,970,17,0.0,0.0,0.0,0.0,969.0,0.0
0,252800,VOLCANIC_ROCK_VOUCHER_9500,967.0,19.0,0.0,0.0,0.0,0.0,968,19,0.0,0.0,0.0,0.0,967.5,0.0
0,252900,VOLCANIC_ROCK_VOUCHER_9500,970.0,35.0,0.0,0.0,0.0,0.0,971,19,0.0,0.0,0.0,0.0,970.5,0.0
0,253000,VOLCANIC_ROCK_VOUCHER_9500,968.0,17.0,0.0,0.0,0.0,0.0,969,17,0.0,0.0,0.0,0.0,968.5,0.0
0,253100,VOLCANIC_ROCK_VOUCHER_9500,969.0,12.0,0.0,0.0,0.0,0.0,971,12,0.0,0.0,0.0,0.0,970.0,0.0
0,253200,VOLCANIC_ROCK_VOUCHER_9500,967.0,11.0,0.0,0.0,0.0,0.0,968,1,969.0,10.0,0.0,0.0,967.5,0.0
0,253300,VOLCANIC_ROCK_VOUCHER_9500,970.0,19.0,0.0,0.0,0.0,0.0,971,19,0.0,0.0,0.0,0.0,970.5,0.0
0,253400,VOLCANIC_ROCK_VOUCHER_9500,974.0,18.0,0.0,0.0,0.0,0.0,976,18,0.0,0.0,0.0,0.0,975.0,0.0
0,253500,VOLCANIC_ROCK_VOUCHER_9500,973.0,35.0,0.0,0.0,0.0,0.0,974,21,0.0,0.0,0.0,0.0,973.5,0.0
0,253600,VOLCANIC_ROCK_VOUCHER_9500,975.0,15.0,0.0,0.0,0.0,0.0,976,15,0.0,0.0,0.0,0.0,975.5,0.0
0,253700,VOLCANIC_ROCK_VOUCHER_9500,976.0,20.0,0.0,0.0,0.0,0.0,977,20,0.0,0.0,0.0,0.0,976.5,0.0
0,253800,VOLCANIC_ROCK_VOUCHER_9500,975.0,15.0,0.0,0.0,0.0,0.0,976,15,0.0,0.0,0.0,0.0,975.5,0.0
0,253900,VOLCANIC_ROCK_VOUCHER_9500,971.0,21.0,0.0,0.0,0.0,0.0,972,21,0.0,0.0,0.0,0.0,971.5,0.0
0,254000,VOLCANIC_ROCK_VOUCHER_9500,972.0,18.0,0.0,0.0,0.0,0.0,973,18,0.0,0.0,0.0,0.0,972.5,0.0
0,254100,VOLCANIC_ROCK_VOUCHER_9500,968.0,20.0,0.0,0.0,0.0,0.0,969,20,0.0,0.0,0.0,0.0,968.5,0.0
0,254200,VOLCANIC_ROCK_VOUCHER_9500,963.0,19.0,0.0,0.0,0.0,0.0,964,19,0.0,0.0,0.0,0.0,963.5,0.0
0,254300,VOLCANIC_ROCK_VOUCHER_9500,964.0,17.0,0.0,0.0,0.0,0.0,965,17,0.0,0.0,0.0,0.0,964.5,0.0
0,254400,VOLCANIC_ROCK_VOUCHER_9500,965.0,1.0,964.0,11.0,0.0,0.0,966,12,0.0,0.0,0.0,0.0,965.5,0.0
0,254500,VOLCANIC_ROCK_VOUCHER_9500,963.0,11.0,0.0,0.0,0.0,0.0,964,11,0.0,0.0,0.0,0.0,963.5,0.0
0,254600,VOLCANIC_ROCK_VOUCHER_9500,963.0,10.0,0.0,0.0,0.0,0.0,964,10,0.0,0.0,0.0,0.0,963.5,0.0
0,254700,VOLCANIC_ROCK_VOUCHER_9500,958.0,11.0,0.0,0.0,0.0,0.0,959,11,0.0,0.0,0.0,0.0,958.5,0.0
0,254800,VOLCANIC_ROCK_VOUCHER_9500,957.0,17.0,0.0,0.0,0.0,0.0,958,17,0.0,0.0,0.0,0.0,957.5,0.0
0,254900,VOLCANIC_ROCK_VOUCHER_9500,958.0,19.0,0.0,0.0,0.0,0.0,959,19,0.0,0.0,0.0,0.0,958.5,0.0
0,255000,VOLCANIC_ROCK_VOUCHER_9500,953.0,16.0,0.0,0.0,0.0,0.0,954,16,0.0,0.0,0.0,0.0,953.5,0.0
0,255100,VOLCANIC_ROCK_VOUCHER_9500,954.0,14.0,0.0,0.0,0.0,0.0,956,14,0.0,0.0,0.0,0.0,955.0,0.0
0,255200,VOLCANIC_ROCK_VOUCHER_9500,950.0,16.0,0.0,0.0,0.0,0.0,952,16,0.0,0.0,0.0,0.0,951.0,0.0
0,255300,VOLCANIC_ROCK_VOUCHER_9500,957.0,14.0,0.0,0.0,0.0,0.0,958,14,0.0,0.0,0.0,0.0,957.5,0.0
0,255400,VOLCANIC_ROCK_VOUCHER_9500,953.0,12.0,0.0,0.0,0.0,0.0,954,12,0.0,0.0,0.0,0.0,953.5,0.0
0,255500,VOLCANIC_ROCK_VOUCHER_9500,948.0,19.0,0.0,0.0,0.0,0.0,949,19,0.0,0.0,0.0,0.0,948.5,0.0
0,255600,VOLCANIC_ROCK_VOUCHER_9500,954.0,16.0,0.0,0.0,0.0,0.0,955,16,0.0,0.0,0.0,0.0,954.5,0.0
0,255700,VOLCANIC_ROCK_VOUCHER_9500,950.0,17.0,0.0,0.0,0.0,0.0,951,17,0.0,0.0,0.0,0.0,950.5,0.0
0,255800,VOLCANIC_ROCK_VOUCHER_9500,949.0,14.0,0.0,0.0,0.0,0.0,950,14,0.0,0.0,0.0,0.0,949.5,0.0
0,255900,VOLCANIC_ROCK_VOUCHER_9500,948.0,21.0,0.0,0.0,0.0,0.0,949,21,0.0,0.0,0.0,0.0,948.5,0.0
0,256000,VOLCANIC_ROCK_VOUCHER_9500,949.0,16.0,0.0,0.0,0.0,0.0,951,16,0.0,0.0,0.0,0.0,950.0,0.0
0,256100,VOLCANIC_ROCK_VOUCHER_9500,949.0,15.0,0.0,0.0,0.0,0.0,950,15,0.0,0.0,0.0,0.0,949.5,0.0
0,256200,VOLCANIC_ROCK_VOUCHER_9500,949.0,9.0,0.0,0.0,0.0,0.0,950,15,0.0,0.0,0.0,0.0,949.5,0.0
0,256300,VOLCANIC_ROCK_VOUCHER_9500,949.0,12.0,0.0,0.0,0.0,0.0,950,12,0.0,0.0,0.0,0.0,949.5,0.0
0,256400,VOLCANIC_ROCK_VOUCHER_9500,949.0,21.0,0.0,0.0,0.0,0.0,950,21,0.0,0.0,0.0,0.0,949.5,0.0
0,256500,VOLCANIC_ROCK_VOUCHER_9500,951.0,31.0,0.0,0.0,0.0,0.0,952,17,0.0,0.0,0.0,0.0,951.5,0.0
0,256600,VOLCANIC_ROCK_VOUCHER_9500,965.0,14.0,0.0,0.0,0.0,0.0,966,14,0.0,0.0,0.0,0.0,965.5,0.0
0,256700,VOLCANIC_ROCK_VOUCHER_9500,965.0,18.0,0.0,0.0,0.0,0.0,966,18,0.0,0.0,0.0,0.0,965.5,0.0
0,256800,VOLCANIC_ROCK_VOUCHER_9500,961.0,20.0,0.0,0.0,0.0,0.0,962,20,0.0,0.0,0.0,0.0,961.5,0.0
0,256900,VOLCANIC_ROCK_VOUCHER_9500,961.0,14.0,0.0,0.0,0.0,0.0,962,14,0.0,0.0,0.0,0.0,961.5,0.0
0,257000,VOLCANIC_ROCK_VOUCHER_9500,955.0,22.0,0.0,0.0,0.0,0.0,957,22,0.0,0.0,0.0,0.0,956.0,0.0
0,257100,VOLCANIC_ROCK_VOUCHER_9500,955.0,15.0,0.0,0.0,0.0,0.0,956,15,0.0,0.0,0.0,0.0,955.5,0.0
0,257200,VOLCANIC_ROCK_VOUCHER_9500,954.0,13.0,0.0,0.0,0.0,0.0,955,13,0.0,0.0,0.0,0.0,954.5,0.0
0,257300,VOLCANIC_ROCK_VOUCHER_9500,952.0,17.0,0.0,0.0,0.0,0.0,953,17,0.0,0.0,0.0,0.0,952.5,0.0
0,257400,VOLCANIC_ROCK_VOUCHER_9500,954.0,1.0,953.0,12.0,0.0,0.0,955,13,0.0,0.0,0.0,0.0,954.5,0.0
0,257500,VOLCANIC_ROCK_VOUCHER_9500,954.0,12.0,0.0,0.0,0.0,0.0,955,12,0.0,0.0,0.0,0.0,954.5,0.0
0,257600,VOLCANIC_ROCK_VOUCHER_9500,959.0,31.0,0.0,0.0,0.0,0.0,960,16,0.0,0.0,0.0,0.0,959.5,0.0
0,257700,VOLCANIC_ROCK_VOUCHER_9500,958.0,19.0,0.0,0.0,0.0,0.0,960,19,0.0,0.0,0.0,0.0,959.0,0.0
0,257800,VOLCANIC_ROCK_VOUCHER_9500,957.0,12.0,0.0,0.0,0.0,0.0,959,12,0.0,0.0,0.0,0.0,958.0,0.0
0,257900,VOLCANIC_ROCK_VOUCHER_9500,0.0,0.0,0.0,0.0,0.0,0.0,957,3,958.0,10.0,0.0,0.0,957.0,0.0
0,258000,VOLCANIC_ROCK_VOUCHER_9500,954.0,21.0,0.0,0.0,0.0,0.0,955,21,0.0,0.0,0.0,0.0,954.5,0.0
0,258100,VOLCANIC_ROCK_VOUCHER_9500,953.0,12.0,0.0,0.0,0.0,0.0,954,12,0.0,0.0,0.0,0.0,953.5,0.0
0,258200,VOLCANIC_ROCK_VOUCHER_9500,955.0,13.0,0.0,0.0,0.0,0.0,956,13,0.0,0.0,0.0,0.0,955.5,0.0
0,258300,VOLCANIC_ROCK_VOUCHER_9500,956.0,12.0,0.0,0.0,0.0,0.0,957,12,0.0,0.0,0.0,0.0,956.5,0.0
0,258400,VOLCANIC_ROCK_VOUCHER_9500,958.0,21.0,0.0,0.0,0.0,0.0,959,21,0.0,0.0,0.0,0.0,958.5,0.0
0,258500,VOLCANIC_ROCK_VOUCHER_9500,957.0,20.0,0.0,0.0,0.0,0.0,958,20,0.0,0.0,0.0,0.0,957.5,0.0
0,258600,VOLCANIC_ROCK_VOUCHER_9500,955.0,21.0,0.0,0.0,0.0,0.0,956,21,0.0,0.0,0.0,0.0,955.5,0.0
0,258700,VOLCANIC_ROCK_VOUCHER_9500,956.0,18.0,0.0,0.0,0.0,0.0,957,18,0.0,0.0,0.0,0.0,956.5,0.0
0,258800,VOLCANIC_ROCK_VOUCHER_9500,957.0,16.0,0.0,0.0,0.0,0.0,958,16,0.0,0.0,0.0,0.0,957.5,0.0
0,258900,VOLCANIC_ROCK_VOUCHER_9500,962.0,19.0,0.0,0.0,0.0,0.0,963,19,0.0,0.0,0.0,0.0,962.5,0.0
0,259000,VOLCANIC_ROCK_VOUCHER_9500,959.0,14.0,0.0,0.0,0.0,0.0,960,14,0.0,0.0,0.0,0.0,959.5,0.0
0,259100,VOLCANIC_ROCK_VOUCHER_9500,962.0,19.0,0.0,0.0,0.0,0.0,963,19,0.0,0.0,0.0,0.0,962.5,0.0
0,259200,VOLCANIC_ROCK_VOUCHER_9500,962.0,12.0,0.0,0.0,0.0,0.0,963,12,0.0,0.0,0.0,0.0,962.5,0.0
0,259300,VOLCANIC_ROCK_VOUCHER_9500,962.0,19.0,0.0,0.0,0.0,0.0,963,19,0.0,0.0,0.0,0.0,962.5,0.0
0,259400,VOLCANIC_ROCK_VOUCHER_9500,955.0,21.0,0.0,0.0,0.0,0.0,956,21,0.0,0.0,0.0,0.0,955.5,0.0
0,259500,VOLCANIC_ROCK_VOUCHER_9500,958.0,15.0,0.0,0.0,0.0,0.0,959,15,0.0,0.0,0.0,0.0,958.5,0.0
0,259600,VOLCANIC_ROCK_VOUCHER_9500,954.0,20.0,0.0,0.0,0.0,0.0,955,20,0.0,0.0,0.0,0.0,954.5,0.0
0,259700,VOLCANIC_ROCK_VOUCHER_9500,954.0,19.0,0.0,0.0,0.0,0.0,955,19,0.0,0.0,0.0,0.0,954.5,0.0
0,259800,VOLCANIC_ROCK_VOUCHER_9500,946.0,11.0,0.0,0.0,0.0,0.0,947,11,0.0,0.0,0.0,0.0,946.5,0.0
0,259900,VOLCANIC_ROCK_VOUCHER_9500,948.0,22.0,0.0,0.0,0.0,0.0,949,22,0.0,0.0,0.0,0.0,948.5,0.0
0,260000,VOLCANIC_ROCK_VOUCHER_9500,946.0,21.0,0.0,0.0,0.0,0.0,947,21,0.0,0.0,0.0,0.0,946.5,0.0
0,260100,VOLCANIC_ROCK_VOUCHER_9500,946.0,21.0,0.0,0.0,0.0,0.0,948,21,0.0,0.0,0.0,0.0,947.0,0.0
0,260200,VOLCANIC_ROCK_VOUCHER_9500,940.0,13.0,0.0,0.0,0.0,0.0,941,13,0.0,0.0,0.0,0.0,940.5,0.0
0,260300,VOLCANIC_ROCK_VOUCHER_9500,940.0,19.0,0.0,0.0,0.0,0.0,941,19,0.0,0.0,0.0,0.0,940.5,0.0
0,260400,VOLCANIC_ROCK_VOUCHER_9500,935.0,18.0,0.0,0.0,0.0,0.0,936,18,0.0,0.0,0.0,0.0,935.5,0.0
0,260500,VOLCANIC_ROCK_VOUCHER_9500,927.0,13.0,0.0,0.0,0.0,0.0,929,13,0.0,0.0,0.0,0.0,928.0,0.0
0,260600,VOLCANIC_ROCK_VOUCHER_9500,931.0,20.0,0.0,0.0,0.0,0.0,932,20,0.0,0.0,0.0,0.0,931.5,0.0
0,260700,VOLCANIC_ROCK_VOUCHER_9500,930.0,10.0,0.0,0.0,0.0,0.0,931,10,0.0,0.0,0.0,0.0,930.5,0.0
0,260800,VOLCANIC_ROCK_VOUCHER_9500,929.0,22.0,0.0,0.0,0.0,0.0,930,22,0.0,0.0,0.0,0.0,929.5,0.0
0,260900,VOLCANIC_ROCK_VOUCHER_9500,927.0,35.0,0.0,0.0,0.0,0.0,928,20,0.0,0.0,0.0,0.0,927.5,0.0
0,261000,VOLCANIC_ROCK_VOUCHER_9500,928.0,14.0,0.0,0.0,0.0,0.0,929,14,0.0,0.0,0.0,0.0,928.5,0.0
0,261100,VOLCANIC_ROCK_VOUCHER_9500,922.0,16.0,0.0,0.0,0.0,0.0,923,16,0.0,0.0,0.0,0.0,922.5,0.0
0,261200,VOLCANIC_ROCK_VOUCHER_9500,917.0,15.0,0.0,0.0,0.0,0.0,918,15,0.0,0.0,0.0,0.0,917.5,0.0
0,261300,VOLCANIC_ROCK_VOUCHER_9500,918.0,11.0,0.0,0.0,0.0,0.0,919,11,0.0,0.0,0.0,0.0,918.5,0.0
0,261400,VOLCANIC_ROCK_VOUCHER_9500,917.0,15.0,0.0,0.0,0.0,0.0,918,15,0.0,0.0,0.0,0.0,917.5,0.0
0,261500,VOLCANIC_ROCK_VOUCHER_9500,920.0,18.0,0.0,0.0,0.0,0.0,921,18,0.0,0.0,0.0,0.0,920.5,0.0
0,261600,VOLCANIC_ROCK_VOUCHER_9500,919.0,22.0,0.0,0.0,0.0,0.0,921,22,0.0,0.0,0.0,0.0,920.0,0.0
0,261700,VOLCANIC_ROCK_VOUCHER_9500,921.0,12.0,0.0,0.0,0.0,0.0,922,12,0.0,0.0,0.0,0.0,921.5,0.0
0,261800,VOLCANIC_ROCK_VOUCHER_9500,917.0,16.0,0.0,0.0,0.0,0.0,918,16,0.0,0.0,0.0,0.0,917.5,0.0
0,261900,VOLCANIC_ROCK_VOUCHER_9500,919.0,21.0,0.0,0.0,0.0,0.0,920,21,0.0,0.0,0.0,0.0,919.5,0.0
0,262000,VOLCANIC_ROCK_VOUCHER_9500,923.0,20.0,0.0,0.0,0.0,0.0,924,20,0.0,0.0,0.0,0.0,923.5,0.0
0,262100,VOLCANIC_ROCK_VOUCHER_9500,920.0,17.0,0.0,0.0,0.0,0.0,921,17,0.0,0.0,0.0,0.0,920.5,0.0
0,262200,VOLCANIC_ROCK_VOUCHER_9500,922.0,22.0,0.0,0.0,0.0,0.0,923,22,0.0,0.0,0.0,0.0,922.5,0.0
0,262300,VOLCANIC_ROCK_VOUCHER_9500,924.0,21.0,0.0,0.0,0.0,0.0,925,21,0.0,0.0,0.0,0.0,924.5,0.0
0,262400,VOLCANIC_ROCK_VOUCHER_9500,923.0,12.0,0.0,0.0,0.0,0.0,924,12,0.0,0.0,0.0,0.0,923.5,0.0
0,262500,VOLCANIC_ROCK_VOUCHER_9500,923.0,22.0,0.0,0.0,0.0,0.0,924,22,0.0,0.0,0.0,0.0,923.5,0.0
0,262600,VOLCANIC_ROCK_VOUCHER_9500,926.0,2.0,0.0,0.0,0.0,0.0,927,17,0.0,0.0,0.0,0.0,926.5,0.0
0,262700,VOLCANIC_ROCK_VOUCHER_9500,927.0,11.0,0.0,0.0,0.0,0.0,928,11,0.0,0.0,0.0,0.0,927.5,0.0
0,262800,VOLCANIC_ROCK_VOUCHER_9500,927.0,39.0,0.0,0.0,0.0,0.0,929,22,0.0,0.0,0.0,0.0,928.0,0.0
0,262900,VOLCANIC_ROCK_VOUCHER_9500,930.0,13.0,0.0,0.0,0.0,0.0,931,13,0.0,0.0,0.0,0.0,930.5,0.0
0,263000,VOLCANIC_ROCK_VOUCHER_9500,927.0,14.0,0.0,0.0,0.0,0.0,928,14,0.0,0.0,0.0,0.0,927.5,0.0
0,263100,VOLCANIC_ROCK_VOUCHER_9500,930.0,12.0,0.0,0.0,0.0,0.0,932,12,0.0,0.0,0.0,0.0,931.0,0.0
0,263200,VOLCANIC_ROCK_VOUCHER_9500,937.0,12.0,0.0,0.0,0.0,0.0,938,12,0.0,0.0,0.0,0.0,937.5,0.0
0,263300,VOLCANIC_ROCK_VOUCHER_9500,936.0,15.0,0.0,0.0,0.0,0.0,938,15,0.0,0.0,0.0,0.0,937.0,0.0
0,263400,VOLCANIC_ROCK_VOUCHER_9500,933.0,12.0,0.0,0.0,0.0,0.0,934,12,0.0,0.0,0.0,0.0,933.5,0.0
0,263500,VOLCANIC_ROCK_VOUCHER_9500,928.0,13.0,0.0,0.0,0.0,0.0,929,13,0.0,0.0,0.0,0.0,928.5,0.0
0,263600,VOLCANIC_ROCK_VOUCHER_9500,928.0,15.0,0.0,0.0,0.0,0.0,929,15,0.0,0.0,0.0,0.0,928.5,0.0
0,263700,VOLCANIC_ROCK_VOUCHER_9500,929.0,19.0,0.0,0.0,0.0,0.0,930,19,0.0,0.0,0.0,0.0,929.5,0.0
0,263800,VOLCANIC_ROCK_VOUCHER_9500,929.0,13.0,0.0,0.0,0.0,0.0,930,13,0.0,0.0,0.0,0.0,929.5,0.0
0,263900,VOLCANIC_ROCK_VOUCHER_9500,930.0,15.0,0.0,0.0,0.0,0.0,931,15,0.0,0.0,0.0,0.0,930.5,0.0
0,264000,VOLCANIC_ROCK_VOUCHER_9500,930.0,15.0,0.0,0.0,0.0,0.0,931,15,0.0,0.0,0.0,0.0,930.5,0.0
0,264100,VOLCANIC_ROCK_VOUCHER_9500,929.0,14.0,0.0,0.0,0.0,0.0,930,14,0.0,0.0,0.0,0.0,929.5,0.0
0,264200,VOLCANIC_ROCK_VOUCHER_9500,926.0,15.0,0.0,0.0,0.0,0.0,927,15,0.0,0.0,0.0,0.0,926.5,0.0
0,264300,VOLCANIC_ROCK_VOUCHER_9500,922.0,19.0,0.0,0.0,0.0,0.0,923,19,0.0,0.0,0.0,0.0,922.5,0.0
0,264400,VOLCANIC_ROCK_VOUCHER_9500,921.0,16.0,0.0,0.0,0.0,0.0,922,16,0.0,0.0,0.0,0.0,921.5,0.0
0,264500,VOLCANIC_ROCK_VOUCHER_9500,927.0,13.0,0.0,0.0,0.0,0.0,928,13,0.0,0.0,0.0,0.0,927.5,0.0
0,264600,VOLCANIC_ROCK_VOUCHER_9500,932.0,15.0,0.0,0.0,0.0,0.0,933,18,934.0,15.0,0.0,0.0,932.5,0.0
0,264700,VOLCANIC_ROCK_VOUCHER_9500,929.0,18.0,0.0,0.0,0.0,0.0,930,18,0.0,0.0,0.0,0.0,929.5,0.0
0,264800,VOLCANIC_ROCK_VOUCHER_9500,932.0,22.0,0.0,0.0,0.0,0.0,933,22,0.0,0.0,0.0,0.0,932.5,0.0
0,264900,VOLCANIC_ROCK_VOUCHER_9500,938.0,18.0,0.0,0.0,0.0,0.0,939,18,0.0,0.0,0.0,0.0,938.5,0.0
0,265000,VOLCANIC_ROCK_VOUCHER_9500,935.0,13.0,0.0,0.0,0.0,0.0,936,13,0.0,0.0,0.0,0.0,935.5,0.0
0,265100,VOLCANIC_ROCK_VOUCHER_9500,942.0,18.0,0.0,0.0,0.0,0.0,943,18,0.0,0.0,0.0,0.0,942.5,0.0
0,265200,VOLCANIC_ROCK_VOUCHER_9500,937.0,19.0,0.0,0.0,0.0,0.0,938,19,0.0,0.0,0.0,0.0,937.5,0.0
0,265300,VOLCANIC_ROCK_VOUCHER_9500,940.0,20.0,0.0,0.0,0.0,0.0,941,20,0.0,0.0,0.0,0.0,940.5,0.0
0,265400,VOLCANIC_ROCK_VOUCHER_9500,940.0,16.0,0.0,0.0,0.0,0.0,941,16,0.0,0.0,0.0,0.0,940.5,0.0
0,265500,VOLCANIC_ROCK_VOUCHER_9500,944.0,4.0,0.0,0.0,0.0,0.0,945,12,0.0,0.0,0.0,0.0,944.5,0.0
0,265600,VOLCANIC_ROCK_VOUCHER_9500,944.0,22.0,0.0,0.0,0.0,0.0,945,22,0.0,0.0,0.0,0.0,944.5,0.0
0,265700,VOLCANIC_ROCK_VOUCHER_9500,0.0,0.0,0.0,0.0,0.0,0.0,942,1,943.0,13.0,0.0,0.0,942.0,0.0
0,265800,VOLCANIC_ROCK_VOUCHER_9500,945.0,21.0,0.0,0.0,0.0,0.0,947,21,0.0,0.0,0.0,0.0,946.0,0.0
0,265900,VOLCANIC_ROCK_VOUCHER_9500,943.0,20.0,0.0,0.0,0.0,0.0,944,20,0.0,0.0,0.0,0.0,943.5,0.0
0,266000,VOLCANIC_ROCK_VOUCHER_9500,939.0,18.0,0.0,0.0,0.0,0.0,940,18,0.0,0.0,0.0,0.0,939.5,0.0
0,266100,VOLCANIC_ROCK_VOUCHER_9500,936.0,20.0,0.0,0.0,0.0,0.0,937,20,0.0,0.0,0.0,0.0,936.5,0.0
0,266200,VOLCANIC_ROCK_VOUCHER_9500,937.0,19.0,0.0,0.0,0.0,0.0,939,19,0.0,0.0,0.0,0.0,938.0,0.0
0,266300,VOLCANIC_ROCK_VOUCHER_9500,938.0,11.0,0.0,0.0,0.0,0.0,939,11,0.0,0.0,0.0,0.0,938.5,0.0
0,266400,VOLCANIC_ROCK_VOUCHER_9500,940.0,29.0,0.0,0.0,0.0,0.0,941,13,0.0,0.0,0.0,0.0,940.5,0.0
0,266500,VOLCANIC_ROCK_VOUCHER_9500,942.0,19.0,0.0,0.0,0.0,0.0,943,19,0.0,0.0,0.0,0.0,942.5,0.0
0,266600,VOLCANIC_ROCK_VOUCHER_9500,942.0,16.0,0.0,0.0,0.0,0.0,943,16,0.0,0.0,0.0,0.0,942.5,0.0
0,266700,VOLCANIC_ROCK_VOUCHER_9500,945.0,13.0,0.0,0.0,0.0,0.0,946,13,0.0,0.0,0.0,0.0,945.5,0.0
0,266800,VOLCANIC_ROCK_VOUCHER_9500,950.0,14.0,0.0,0.0,0.0,0.0,951,14,0.0,0.0,0.0,0.0,950.5,0.0
0,266900,VOLCANIC_ROCK_VOUCHER_9500,942.0,19.0,0.0,0.0,0.0,0.0,944,19,0.0,0.0,0.0,0.0,943.0,0.0
0,267000,VOLCANIC_ROCK_VOUCHER_9500,943.0,13.0,0.0,0.0,0.0,0.0,945,13,0.0,0.0,0.0,0.0,944.0,0.0
0,267100,VOLCANIC_ROCK_VOUCHER_9500,945.0,14.0,0.0,0.0,0.0,0.0,946,14,0.0,0.0,0.0,0.0,945.5,0.0
0,267200,VOLCANIC_ROCK_VOUCHER_9500,952.0,14.0,0.0,0.0,0.0,0.0,953,14,0.0,0.0,0.0,0.0,952.5,0.0
0,267300,VOLCANIC_ROCK_VOUCHER_9500,948.0,8.0,0.0,0.0,0.0,0.0,949,19,0.0,0.0,0.0,0.0,948.5,0.0
0,267400,VOLCANIC_ROCK_VOUCHER_9500,948.0,15.0,0.0,0.0,0.0,0.0,949,15,0.0,0.0,0.0,0.0,948.5,0.0
0,267500,VOLCANIC_ROCK_VOUCHER_9500,953.0,22.0,0.0,0.0,0.0,0.0,954,22,0.0,0.0,0.0,0.0,953.5,0.0
0,267600,VOLCANIC_ROCK_VOUCHER_9500,951.0,18.0,0.0,0.0,0.0,0.0,952,18,0.0,0.0,0.0,0.0,951.5,0.0
0,267700,VOLCANIC_ROCK_VOUCHER_9500,951.0,16.0,0.0,0.0,0.0,0.0,953,16,0.0,0.0,0.0,0.0,952.0,0.0
0,267800,VOLCANIC_ROCK_VOUCHER_9500,947.0,11.0,0.0,0.0,0.0,0.0,948,11,0.0,0.0,0.0,0.0,947.5,0.0
0,267900,VOLCANIC_ROCK_VOUCHER_9500,946.0,19.0,0.0,0.0,0.0,0.0,948,19,0.0,0.0,0.0,0.0,947.0,0.0
0,268000,VOLCANIC_ROCK_VOUCHER_9500,948.0,17.0,0.0,0.0,0.0,0.0,949,17,0.0,0.0,0.0,0.0,948.5,0.0
0,268100,VOLCANIC_ROCK_VOUCHER_9500,947.0,13.0,0.0,0.0,0.0,0.0,948,13,0.0,0.0,0.0,0.0,947.5,0.0
0,268200,VOLCANIC_ROCK_VOUCHER_9500,949.0,11.0,0.0,0.0,0.0,0.0,950,11,0.0,0.0,0.0,0.0,949.5,0.0
0,268300,VOLCANIC_ROCK_VOUCHER_9500,948.0,15.0,0.0,0.0,0.0,0.0,949,15,0.0,0.0,0.0,0.0,948.5,0.0
0,268400,VOLCANIC_ROCK_VOUCHER_9500,946.0,22.0,0.0,0.0,0.0,0.0,947,22,0.0,0.0,0.0,0.0,946.5,0.0
0,268500,VOLCANIC_ROCK_VOUCHER_9500,949.0,6.0,0.0,0.0,0.0,0.0,950,16,0.0,0.0,0.0,0.0,949.5,0.0
0,268600,VOLCANIC_ROCK_VOUCHER_9500,950.0,12.0,0.0,0.0,0.0,0.0,951,12,0.0,0.0,0.0,0.0,950.5,0.0
0,268700,VOLCANIC_ROCK_VOUCHER_9500,950.0,21.0,0.0,0.0,0.0,0.0,951,10,0.0,0.0,0.0,0.0,950.5,0.0
0,268800,VOLCANIC_ROCK_VOUCHER_9500,951.0,16.0,0.0,0.0,0.0,0.0,952,16,0.0,0.0,0.0,0.0,951.5,0.0
0,268900,VOLCANIC_ROCK_VOUCHER_9500,949.0,13.0,0.0,0.0,0.0,0.0,950,13,0.0,0.0,0.0,0.0,949.5,0.0
0,269000,VOLCANIC_ROCK_VOUCHER_9500,944.0,20.0,0.0,0.0,0.0,0.0,946,20,0.0,0.0,0.0,0.0,945.0,0.0
0,269100,VOLCANIC_ROCK_VOUCHER_9500,945.0,16.0,0.0,0.0,0.0,0.0,946,16,0.0,0.0,0.0,0.0,945.5,0.0
0,269200,VOLCANIC_ROCK_VOUCHER_9500,951.0,26.0,0.0,0.0,0.0,0.0,952,12,0.0,0.0,0.0,0.0,951.5,0.0
0,269300,VOLCANIC_ROCK_VOUCHER_9500,955.0,28.0,0.0,0.0,0.0,0.0,956,15,0.0,0.0,0.0,0.0,955.5,0.0
0,269400,VOLCANIC_ROCK_VOUCHER_9500,954.0,20.0,0.0,0.0,0.0,0.0,955,20,0.0,0.0,0.0,0.0,954.5,0.0
0,269500,VOLCANIC_ROCK_VOUCHER_9500,955.0,20.0,0.0,0.0,0.0,0.0,956,20,0.0,0.0,0.0,0.0,955.5,0.0
0,269600,VOLCANIC_ROCK_VOUCHER_9500,953.0,14.0,0.0,0.0,0.0,0.0,954,14,0.0,0.0,0.0,0.0,953.5,0.0
0,269700,VOLCANIC_ROCK_VOUCHER_9500,954.0,15.0,0.0,0.0,0.0,0.0,955,15,0.0,0.0,0.0,0.0,954.5,0.0
0,269800,VOLCANIC_ROCK_VOUCHER_9500,960.0,21.0,0.0,0.0,0.0,0.0,961,21,0.0,0.0,0.0,0.0,960.5,0.0
0,269900,VOLCANIC_ROCK_VOUCHER_9500,959.0,18.0,0.0,0.0,0.0,0.0,960,18,0.0,0.0,0.0,0.0,959.5,0.0
0,270000,VOLCANIC_ROCK_VOUCHER_9500,957.0,11.0,0.0,0.0,0.0,0.0,958,11,0.0,0.0,0.0,0.0,957.5,0.0
0,270100,VOLCANIC_ROCK_VOUCHER_9500,959.0,15.0,0.0,0.0,0.0,0.0,960,15,0.0,0.0,0.0,0.0,959.5,0.0
0,270200,VOLCANIC_ROCK_VOUCHER_9500,962.0,13.0,0.0,0.0,0.0,0.0,963,13,0.0,0.0,0.0,0.0,962.5,0.0
0,270300,VOLCANIC_ROCK_VOUCHER_9500,961.0,17.0,0.0,0.0,0.0,0.0,962,17,0.0,0.0,0.0,0.0,961.5,0.0
0,270400,VOLCANIC_ROCK_VOUCHER_9500,962.0,10.0,0.0,0.0,0.0,0.0,964,10,0.0,0.0,0.0,0.0,963.0,0.0
0,270500,VOLCANIC_ROCK_VOUCHER_9500,962.0,17.0,0.0,0.0,0.0,0.0,963,17,0.0,0.0,0.0,0.0,962.5,0.0
0,270600,VOLCANIC_ROCK_VOUCHER_9500,962.0,27.0,0.0,0.0,0.0,0.0,963,12,0.0,0.0,0.0,0.0,962.5,0.0
0,270700,VOLCANIC_ROCK_VOUCHER_9500,965.0,20.0,0.0,0.0,0.0,0.0,966,20,0.0,0.0,0.0,0.0,965.5,0.0
0,270800,VOLCANIC_ROCK_VOUCHER_9500,959.0,15.0,0.0,0.0,0.0,0.0,960,15,0.0,0.0,0.0,0.0,959.5,0.0
0,270900,VOLCANIC_ROCK_VOUCHER_9500,961.0,18.0,0.0,0.0,0.0,0.0,963,18,0.0,0.0,0.0,0.0,962.0,0.0
0,271000,VOLCANIC_ROCK_VOUCHER_9500,958.0,13.0,0.0,0.0,0.0,0.0,959,13,0.0,0.0,0.0,0.0,958.5,0.0
0,271100,VOLCANIC_ROCK_VOUCHER_9500,947.0,21.0,0.0,0.0,0.0,0.0,948,2,949.0,19.0,0.0,0.0,947.5,0.0
0,271200,VOLCANIC_ROCK_VOUCHER_9500,945.0,12.0,0.0,0.0,0.0,0.0,946,12,0.0,0.0,0.0,0.0,945.5,0.0
0,271300,VOLCANIC_ROCK_VOUCHER_9500,944.0,14.0,0.0,0.0,0.0,0.0,945,14,0.0,0.0,0.0,0.0,944.5,0.0
0,271400,VOLCANIC_ROCK_VOUCHER_9500,947.0,17.0,0.0,0.0,0.0,0.0,948,17,0.0,0.0,0.0,0.0,947.5,0.0
0,271500,VOLCANIC_ROCK_VOUCHER_9500,946.0,16.0,0.0,0.0,0.0,0.0,947,16,0.0,0.0,0.0,0.0,946.5,0.0
0,271600,VOLCANIC_ROCK_VOUCHER_9500,0.0,0.0,0.0,0.0,0.0,0.0,945,5,946.0,14.0,0.0,0.0,945.0,0.0
0,271700,VOLCANIC_ROCK_VOUCHER_9500,949.0,12.0,0.0,0.0,0.0,0.0,950,12,0.0,0.0,0.0,0.0,949.5,0.0
0,271800,VOLCANIC_ROCK_VOUCHER_9500,946.0,12.0,0.0,0.0,0.0,0.0,948,12,0.0,0.0,0.0,0.0,947.0,0.0
0,271900,VOLCANIC_ROCK_VOUCHER_9500,944.0,26.0,0.0,0.0,0.0,0.0,945,14,0.0,0.0,0.0,0.0,944.5,0.0
0,272000,VOLCANIC_ROCK_VOUCHER_9500,942.0,16.0,0.0,0.0,0.0,0.0,943,16,0.0,0.0,0.0,0.0,942.5,0.0
0,272100,VOLCANIC_ROCK_VOUCHER_9500,939.0,20.0,0.0,0.0,0.0,0.0,940,20,0.0,0.0,0.0,0.0,939.5,0.0
0,272200,VOLCANIC_ROCK_VOUCHER_9500,939.0,20.0,0.0,0.0,0.0,0.0,940,20,0.0,0.0,0.0,0.0,939.5,0.0
0,272300,VOLCANIC_ROCK_VOUCHER_9500,942.0,11.0,0.0,0.0,0.0,0.0,943,11,0.0,0.0,0.0,0.0,942.5,0.0
0,272400,VOLCANIC_ROCK_VOUCHER_9500,945.0,19.0,0.0,0.0,0.0,0.0,946,19,0.0,0.0,0.0,0.0,945.5,0.0
0,272500,VOLCANIC_ROCK_VOUCHER_9500,949.0,29.0,0.0,0.0,0.0,0.0,950,19,0.0,0.0,0.0,0.0,949.5,0.0
0,272600,VOLCANIC_ROCK_VOUCHER_9500,950.0,14.0,0.0,0.0,0.0,0.0,951,14,0.0,0.0,0.0,0.0,950.5,0.0
0,272700,VOLCANIC_ROCK_VOUCHER_9500,949.0,20.0,0.0,0.0,0.0,0.0,950,20,0.0,0.0,0.0,0.0,949.5,0.0
0,272800,VOLCANIC_ROCK_VOUCHER_9500,954.0,15.0,0.0,0.0,0.0,0.0,955,15,0.0,0.0,0.0,0.0,954.5,0.0
0,272900,VOLCANIC_ROCK_VOUCHER_9500,951.0,15.0,0.0,0.0,0.0,0.0,952,15,0.0,0.0,0.0,0.0,951.5,0.0
0,273000,VOLCANIC_ROCK_VOUCHER_9500,954.0,19.0,0.0,0.0,0.0,0.0,956,19,0.0,0.0,0.0,0.0,955.0,0.0
0,273100,VOLCANIC_ROCK_VOUCHER_9500,950.0,30.0,0.0,0.0,0.0,0.0,951,13,0.0,0.0,0.0,0.0,950.5,0.0
0,273200,VOLCANIC_ROCK_VOUCHER_9500,949.0,18.0,0.0,0.0,0.0,0.0,950,18,0.0,0.0,0.0,0.0,949.5,0.0
0,273300,VOLCANIC_ROCK_VOUCHER_9500,946.0,12.0,0.0,0.0,0.0,0.0,947,12,0.0,0.0,0.0,0.0,946.5,0.0
0,273400,VOLCANIC_ROCK_VOUCHER_9500,949.0,12.0,0.0,0.0,0.0,0.0,950,12,0.0,0.0,0.0,0.0,949.5,0.0
0,273500,VOLCANIC_ROCK_VOUCHER_9500,949.0,10.0,0.0,0.0,0.0,0.0,950,10,0.0,0.0,0.0,0.0,949.5,0.0
0,273600,VOLCANIC_ROCK_VOUCHER_9500,951.0,16.0,0.0,0.0,0.0,0.0,952,16,0.0,0.0,0.0,0.0,951.5,0.0
0,273700,VOLCANIC_ROCK_VOUCHER_9500,948.0,15.0,0.0,0.0,0.0,0.0,949,15,0.0,0.0,0.0,0.0,948.5,0.0
0,273800,VOLCANIC_ROCK_VOUCHER_9500,950.0,20.0,0.0,0.0,0.0,0.0,951,20,0.0,0.0,0.0,0.0,950.5,0.0
0,273900,VOLCANIC_ROCK_VOUCHER_9500,947.0,19.0,0.0,0.0,0.0,0.0,948,19,0.0,0.0,0.0,0.0,947.5,0.0
0,274000,VOLCANIC_ROCK_VOUCHER_9500,948.0,20.0,0.0,0.0,0.0,0.0,950,20,0.0,0.0,0.0,0.0,949.0,0.0
0,274100,VOLCANIC_ROCK_VOUCHER_9500,949.0,25.0,0.0,0.0,0.0,0.0,950,13,0.0,0.0,0.0,0.0,949.5,0.0
0,274200,VOLCANIC_ROCK_VOUCHER_9500,944.0,14.0,0.0,0.0,0.0,0.0,945,14,0.0,0.0,0.0,0.0,944.5,0.0
0,274300,VOLCANIC_ROCK_VOUCHER_9500,944.0,19.0,0.0,0.0,0.0,0.0,945,19,0.0,0.0,0.0,0.0,944.5,0.0
0,274400,VOLCANIC_ROCK_VOUCHER_9500,939.0,18.0,0.0,0.0,0.0,0.0,940,18,0.0,0.0,0.0,0.0,939.5,0.0
0,274500,VOLCANIC_ROCK_VOUCHER_9500,927.0,20.0,0.0,0.0,0.0,0.0,928,20,0.0,0.0,0.0,0.0,927.5,0.0
0,274600,VOLCANIC_ROCK_VOUCHER_9500,929.0,15.0,0.0,0.0,0.0,0.0,930,15,0.0,0.0,0.0,0.0,929.5,0.0
0,274700,VOLCANIC_ROCK_VOUCHER_9500,923.0,17.0,0.0,0.0,0.0,0.0,924,17,0.0,0.0,0.0,0.0,923.5,0.0
0,274800,VOLCANIC_ROCK_VOUCHER_9500,926.0,20.0,0.0,0.0,0.0,0.0,927,20,0.0,0.0,0.0,0.0,926.5,0.0
0,274900,VOLCANIC_ROCK_VOUCHER_9500,916.0,19.0,0.0,0.0,0.0,0.0,917,19,0.0,0.0,0.0,0.0,916.5,0.0
0,275000,VOLCANIC_ROCK_VOUCHER_9500,915.0,19.0,914.0,18.0,0.0,0.0,916,18,0.0,0.0,0.0,0.0,915.5,0.0
0,275100,VOLCANIC_ROCK_VOUCHER_9500,901.0,22.0,0.0,0.0,0.0,0.0,902,22,0.0,0.0,0.0,0.0,901.5,0.0
0,275200,VOLCANIC_ROCK_VOUCHER_9500,902.0,10.0,0.0,0.0,0.0,0.0,903,10,0.0,0.0,0.0,0.0,902.5,0.0
0,275300,VOLCANIC_ROCK_VOUCHER_9500,902.0,12.0,0.0,0.0,0.0,0.0,903,12,0.0,0.0,0.0,0.0,902.5,0.0
0,275400,VOLCANIC_ROCK_VOUCHER_9500,905.0,19.0,0.0,0.0,0.0,0.0,906,19,0.0,0.0,0.0,0.0,905.5,0.0
0,275500,VOLCANIC_ROCK_VOUCHER_9500,918.0,15.0,0.0,0.0,0.0,0.0,919,15,0.0,0.0,0.0,0.0,918.5,0.0
0,275600,VOLCANIC_ROCK_VOUCHER_9500,917.0,16.0,0.0,0.0,0.0,0.0,918,16,0.0,0.0,0.0,0.0,917.5,0.0
0,275700,VOLCANIC_ROCK_VOUCHER_9500,918.0,12.0,0.0,0.0,0.0,0.0,919,12,0.0,0.0,0.0,0.0,918.5,0.0
0,275800,VOLCANIC_ROCK_VOUCHER_9500,919.0,12.0,0.0,0.0,0.0,0.0,920,12,0.0,0.0,0.0,0.0,919.5,0.0
0,275900,VOLCANIC_ROCK_VOUCHER_9500,921.0,12.0,0.0,0.0,0.0,0.0,922,12,0.0,0.0,0.0,0.0,921.5,0.0
0,276000,VOLCANIC_ROCK_VOUCHER_9500,924.0,21.0,0.0,0.0,0.0,0.0,925,21,0.0,0.0,0.0,0.0,924.5,0.0
0,276100,VOLCANIC_ROCK_VOUCHER_9500,920.0,12.0,0.0,0.0,0.0,0.0,921,1,922.0,11.0,0.0,0.0,920.5,0.0
0,276200,VOLCANIC_ROCK_VOUCHER_9500,930.0,12.0,0.0,0.0,0.0,0.0,932,12,0.0,0.0,0.0,0.0,931.0,0.0
0,276300,VOLCANIC_ROCK_VOUCHER_9500,926.0,20.0,0.0,0.0,0.0,0.0,927,20,0.0,0.0,0.0,0.0,926.5,0.0
0,276400,VOLCANIC_ROCK_VOUCHER_9500,930.0,18.0,0.0,0.0,0.0,0.0,931,18,0.0,0.0,0.0,0.0,930.5,0.0
0,276500,VOLCANIC_ROCK_VOUCHER_9500,926.0,21.0,0.0,0.0,0.0,0.0,927,21,0.0,0.0,0.0,0.0,926.5,0.0
0,276600,VOLCANIC_ROCK_VOUCHER_9500,926.0,15.0,0.0,0.0,0.0,0.0,927,15,0.0,0.0,0.0,0.0,926.5,0.0
0,276700,VOLCANIC_ROCK_VOUCHER_9500,927.0,16.0,0.0,0.0,0.0,0.0,928,16,0.0,0.0,0.0,0.0,927.5,0.0
0,276800,VOLCANIC_ROCK_VOUCHER_9500,933.0,19.0,0.0,0.0,0.0,0.0,934,19,0.0,0.0,0.0,0.0,933.5,0.0
0,276900,VOLCANIC_ROCK_VOUCHER_9500,933.0,13.0,0.0,0.0,0.0,0.0,934,13,0.0,0.0,0.0,0.0,933.5,0.0
0,277000,VOLCANIC_ROCK_VOUCHER_9500,937.0,16.0,0.0,0.0,0.0,0.0,938,16,0.0,0.0,0.0,0.0,937.5,0.0
0,277100,VOLCANIC_ROCK_VOUCHER_9500,937.0,20.0,0.0,0.0,0.0,0.0,938,20,0.0,0.0,0.0,0.0,937.5,0.0
0,277200,VOLCANIC_ROCK_VOUCHER_9500,943.0,18.0,0.0,0.0,0.0,0.0,944,13,945.0,20.0,0.0,0.0,943.5,0.0
0,277300,VOLCANIC_ROCK_VOUCHER_9500,947.0,12.0,0.0,0.0,0.0,0.0,949,12,0.0,0.0,0.0,0.0,948.0,0.0
0,277400,VOLCANIC_ROCK_VOUCHER_9500,945.0,16.0,0.0,0.0,0.0,0.0,947,16,0.0,0.0,0.0,0.0,946.0,0.0
0,277500,VOLCANIC_ROCK_VOUCHER_9500,943.0,19.0,0.0,0.0,0.0,0.0,944,19,0.0,0.0,0.0,0.0,943.5,0.0
0,277600,VOLCANIC_ROCK_VOUCHER_9500,940.0,28.0,0.0,0.0,0.0,0.0,941,13,0.0,0.0,0.0,0.0,940.5,0.0
0,277700,VOLCANIC_ROCK_VOUCHER_9500,936.0,39.0,0.0,0.0,0.0,0.0,937,21,0.0,0.0,0.0,0.0,936.5,0.0
0,277800,VOLCANIC_ROCK_VOUCHER_9500,940.0,36.0,0.0,0.0,0.0,0.0,941,20,0.0,0.0,0.0,0.0,940.5,0.0
0,277900,VOLCANIC_ROCK_VOUCHER_9500,939.0,14.0,0.0,0.0,0.0,0.0,940,14,0.0,0.0,0.0,0.0,939.5,0.0
0,278000,VOLCANIC_ROCK_VOUCHER_9500,941.0,15.0,0.0,0.0,0.0,0.0,942,15,0.0,0.0,0.0,0.0,941.5,0.0
0,278100,VOLCANIC_ROCK_VOUCHER_9500,942.0,22.0,0.0,0.0,0.0,0.0,943,22,0.0,0.0,0.0,0.0,942.5,0.0
0,278200,VOLCANIC_ROCK_VOUCHER_9500,938.0,20.0,0.0,0.0,0.0,0.0,939,20,0.0,0.0,0.0,0.0,938.5,0.0
0,278300,VOLCANIC_ROCK_VOUCHER_9500,0.0,0.0,0.0,0.0,0.0,0.0,935,3,936.0,11.0,0.0,0.0,935.0,0.0
0,278400,VOLCANIC_ROCK_VOUCHER_9500,937.0,16.0,0.0,0.0,0.0,0.0,938,16,0.0,0.0,0.0,0.0,937.5,0.0
0,278500,VOLCANIC_ROCK_VOUCHER_9500,936.0,16.0,0.0,0.0,0.0,0.0,937,16,0.0,0.0,0.0,0.0,936.5,0.0
0,278600,VOLCANIC_ROCK_VOUCHER_9500,936.0,16.0,0.0,0.0,0.0,0.0,937,16,0.0,0.0,0.0,0.0,936.5,0.0
0,278700,VOLCANIC_ROCK_VOUCHER_9500,935.0,14.0,0.0,0.0,0.0,0.0,936,14,0.0,0.0,0.0,0.0,935.5,0.0
0,278800,VOLCANIC_ROCK_VOUCHER_9500,930.0,14.0,0.0,0.0,0.0,0.0,931,14,0.0,0.0,0.0,0.0,930.5,0.0
0,278900,VOLCANIC_ROCK_VOUCHER_9500,931.0,17.0,0.0,0.0,0.0,0.0,932,17,0.0,0.0,0.0,0.0,931.5,0.0
0,279000,VOLCANIC_ROCK_VOUCHER_9500,929.0,20.0,0.0,0.0,0.0,0.0,931,20,0.0,0.0,0.0,0.0,930.0,0.0
0,279100,VOLCANIC_ROCK_VOUCHER_9500,933.0,15.0,0.0,0.0,0.0,0.0,934,15,0.0,0.0,0.0,0.0,933.5,0.0
0,279200,VOLCANIC_ROCK_VOUCHER_9500,932.0,11.0,0.0,0.0,0.0,0.0,933,11,0.0,0.0,0.0,0.0,932.5,0.0
0,279300,VOLCANIC_ROCK_VOUCHER_9500,937.0,20.0,0.0,0.0,0.0,0.0,938,20,0.0,0.0,0.0,0.0,937.5,0.0
0,279400,VOLCANIC_ROCK_VOUCHER_9500,936.0,19.0,0.0,0.0,0.0,0.0,937,19,0.0,0.0,0.0,0.0,936.5,0.0
0,279500,VOLCANIC_ROCK_VOUCHER_9500,938.0,12.0,0.0,0.0,0.0,0.0,939,12,0.0,0.0,0.0,0.0,938.5,0.0
0,279600,VOLCANIC_ROCK_VOUCHER_9500,939.0,22.0,0.0,0.0,0.0,0.0,941,11,0.0,0.0,0.0,0.0,940.0,0.0
0,279700,VOLCANIC_ROCK_VOUCHER_9500,936.0,19.0,0.0,0.0,0.0,0.0,937,19,0.0,0.0,0.0,0.0,936.5,0.0
0,279800,VOLCANIC_ROCK_VOUCHER_9500,938.0,19.0,0.0,0.0,0.0,0.0,939,19,0.0,0.0,0.0,0.0,938.5,0.0
0,279900,VOLCANIC_ROCK_VOUCHER_9500,0.0,0.0,0.0,0.0,0.0,0.0,941,1,942.0,16.0,0.0,0.0,941.0,0.0
0,280000,VOLCANIC_ROCK_VOUCHER_9500,941.0,21.0,0.0,0.0,0.0,0.0,942,21,0.0,0.0,0.0,0.0,941.5,0.0
0,280100,VOLCANIC_ROCK_VOUCHER_9500,939.0,17.0,0.0,0.0,0.0,0.0,940,17,0.0,0.0,0.0,0.0,939.5,0.0
0,280200,VOLCANIC_ROCK_VOUCHER_9500,944.0,4.0,0.0,0.0,0.0,0.0,946,14,0.0,0.0,0.0,0.0,945.0,0.0
0,280300,VOLCANIC_ROCK_VOUCHER_9500,949.0,16.0,0.0,0.0,0.0,0.0,950,16,0.0,0.0,0.0,0.0,949.5,0.0
0,280400,VOLCANIC_ROCK_VOUCHER_9500,951.0,12.0,0.0,0.0,0.0,0.0,952,12,0.0,0.0,0.0,0.0,951.5,0.0
0,280500,VOLCANIC_ROCK_VOUCHER_9500,952.0,33.0,0.0,0.0,0.0,0.0,953,13,0.0,0.0,0.0,0.0,952.5,0.0
0,280600,VOLCANIC_ROCK_VOUCHER_9500,953.0,18.0,0.0,0.0,0.0,0.0,954,18,0.0,0.0,0.0,0.0,953.5,0.0
0,280700,VOLCANIC_ROCK_VOUCHER_9500,956.0,18.0,0.0,0.0,0.0,0.0,957,18,0.0,0.0,0.0,0.0,956.5,0.0
0,280800,VOLCANIC_ROCK_VOUCHER_9500,957.0,10.0,0.0,0.0,0.0,0.0,958,10,0.0,0.0,0.0,0.0,957.5,0.0
0,280900,VOLCANIC_ROCK_VOUCHER_9500,956.0,10.0,0.0,0.0,0.0,0.0,958,10,0.0,0.0,0.0,0.0,957.0,0.0
0,281000,VOLCANIC_ROCK_VOUCHER_9500,952.0,18.0,0.0,0.0,0.0,0.0,953,18,0.0,0.0,0.0,0.0,952.5,0.0
0,281100,VOLCANIC_ROCK_VOUCHER_9500,952.0,21.0,0.0,0.0,0.0,0.0,953,21,0.0,0.0,0.0,0.0,952.5,0.0
0,281200,VOLCANIC_ROCK_VOUCHER_9500,952.0,19.0,0.0,0.0,0.0,0.0,953,19,0.0,0.0,0.0,0.0,952.5,0.0
0,281300,VOLCANIC_ROCK_VOUCHER_9500,952.0,21.0,0.0,0.0,0.0,0.0,953,21,0.0,0.0,0.0,0.0,952.5,0.0
0,281400,VOLCANIC_ROCK_VOUCHER_9500,949.0,24.0,0.0,0.0,0.0,0.0,950,13,0.0,0.0,0.0,0.0,949.5,0.0
0,281500,VOLCANIC_ROCK_VOUCHER_9500,946.0,20.0,0.0,0.0,0.0,0.0,948,20,0.0,0.0,0.0,0.0,947.0,0.0
0,281600,VOLCANIC_ROCK_VOUCHER_9500,940.0,14.0,0.0,0.0,0.0,0.0,941,14,0.0,0.0,0.0,0.0,940.5,0.0
0,281700,VOLCANIC_ROCK_VOUCHER_9500,942.0,13.0,0.0,0.0,0.0,0.0,943,13,0.0,0.0,0.0,0.0,942.5,0.0
0,281800,VOLCANIC_ROCK_VOUCHER_9500,944.0,15.0,0.0,0.0,0.0,0.0,945,15,0.0,0.0,0.0,0.0,944.5,0.0
0,281900,VOLCANIC_ROCK_VOUCHER_9500,948.0,17.0,0.0,0.0,0.0,0.0,949,17,0.0,0.0,0.0,0.0,948.5,0.0
0,282000,VOLCANIC_ROCK_VOUCHER_9500,946.0,20.0,0.0,0.0,0.0,0.0,947,20,0.0,0.0,0.0,0.0,946.5,0.0
0,282100,VOLCANIC_ROCK_VOUCHER_9500,944.0,16.0,0.0,0.0,0.0,0.0,946,16,0.0,0.0,0.0,0.0,945.0,0.0
0,282200,VOLCANIC_ROCK_VOUCHER_9500,945.0,14.0,0.0,0.0,0.0,0.0,946,14,0.0,0.0,0.0,0.0,945.5,0.0
0,282300,VOLCANIC_ROCK_VOUCHER_9500,943.0,18.0,0.0,0.0,0.0,0.0,945,18,0.0,0.0,0.0,0.0,944.0,0.0
0,282400,VOLCANIC_ROCK_VOUCHER_9500,943.0,19.0,0.0,0.0,0.0,0.0,945,19,0.0,0.0,0.0,0.0,944.0,0.0
0,282500,VOLCANIC_ROCK_VOUCHER_9500,944.0,20.0,0.0,0.0,0.0,0.0,945,20,0.0,0.0,0.0,0.0,944.5,0.0
0,282600,VOLCANIC_ROCK_VOUCHER_9500,936.0,20.0,0.0,0.0,0.0,0.0,938,20,0.0,0.0,0.0,0.0,937.0,0.0
0,282700,VOLCANIC_ROCK_VOUCHER_9500,933.0,18.0,0.0,0.0,0.0,0.0,934,18,0.0,0.0,0.0,0.0,933.5,0.0
0,282800,VOLCANIC_ROCK_VOUCHER_9500,936.0,18.0,0.0,0.0,0.0,0.0,937,18,0.0,0.0,0.0,0.0,936.5,0.0
0,282900,VOLCANIC_ROCK_VOUCHER_9500,938.0,19.0,0.0,0.0,0.0,0.0,939,19,0.0,0.0,0.0,0.0,938.5,0.0
0,283000,VOLCANIC_ROCK_VOUCHER_9500,939.0,11.0,0.0,0.0,0.0,0.0,940,11,0.0,0.0,0.0,0.0,939.5,0.0
0,283100,VOLCANIC_ROCK_VOUCHER_9500,934.0,17.0,0.0,0.0,0.0,0.0,935,17,0.0,0.0,0.0,0.0,934.5,0.0
0,283200,VOLCANIC_ROCK_VOUCHER_9500,935.0,6.0,0.0,0.0,0.0,0.0,936,18,0.0,0.0,0.0,0.0,935.5,0.0
0,283300,VOLCANIC_ROCK_VOUCHER_9500,938.0,12.0,0.0,0.0,0.0,0.0,939,12,0.0,0.0,0.0,0.0,938.5,0.0
0,283400,VOLCANIC_ROCK_VOUCHER_9500,937.0,35.0,0.0,0.0,0.0,0.0,938,17,0.0,0.0,0.0,0.0,937.5,0.0
0,283500,VOLCANIC_ROCK_VOUCHER_9500,939.0,16.0,0.0,0.0,0.0,0.0,940,16,0.0,0.0,0.0,0.0,939.5,0.0
0,283600,VOLCANIC_ROCK_VOUCHER_9500,944.0,19.0,0.0,0.0,0.0,0.0,945,19,0.0,0.0,0.0,0.0,944.5,0.0
0,283700,VOLCANIC_ROCK_VOUCHER_9500,940.0,18.0,0.0,0.0,0.0,0.0,942,18,0.0,0.0,0.0,0.0,941.0,0.0
0,283800,VOLCANIC_ROCK_VOUCHER_9500,941.0,21.0,0.0,0.0,0.0,0.0,942,21,0.0,0.0,0.0,0.0,941.5,0.0
0,283900,VOLCANIC_ROCK_VOUCHER_9500,940.0,20.0,0.0,0.0,0.0,0.0,941,20,0.0,0.0,0.0,0.0,940.5,0.0
0,284000,VOLCANIC_ROCK_VOUCHER_9500,942.0,21.0,0.0,0.0,0.0,0.0,943,21,0.0,0.0,0.0,0.0,942.5,0.0
0,284100,VOLCANIC_ROCK_VOUCHER_9500,943.0,4.0,0.0,0.0,0.0,0.0,944,19,0.0,0.0,0.0,0.0,943.5,0.0
0,284200,VOLCANIC_ROCK_VOUCHER_9500,945.0,14.0,0.0,0.0,0.0,0.0,946,14,0.0,0.0,0.0,0.0,945.5,0.0
0,284300,VOLCANIC_ROCK_VOUCHER_9500,950.0,10.0,0.0,0.0,0.0,0.0,952,10,0.0,0.0,0.0,0.0,951.0,0.0
0,284400,VOLCANIC_ROCK_VOUCHER_9500,949.0,15.0,0.0,0.0,0.0,0.0,950,15,0.0,0.0,0.0,0.0,949.5,0.0
0,284500,VOLCANIC_ROCK_VOUCHER_9500,950.0,15.0,0.0,0.0,0.0,0.0,951,15,0.0,0.0,0.0,0.0,950.5,0.0
0,284600,VOLCANIC_ROCK_VOUCHER_9500,950.0,18.0,0.0,0.0,0.0,0.0,952,18,0.0,0.0,0.0,0.0,951.0,0.0
0,284700,VOLCANIC_ROCK_VOUCHER_9500,954.0,22.0,0.0,0.0,0.0,0.0,955,22,0.0,0.0,0.0,0.0,954.5,0.0
0,284800,VOLCANIC_ROCK_VOUCHER_9500,951.0,12.0,0.0,0.0,0.0,0.0,953,12,0.0,0.0,0.0,0.0,952.0,0.0
0,284900,VOLCANIC_ROCK_VOUCHER_9500,951.0,14.0,0.0,0.0,0.0,0.0,952,14,0.0,0.0,0.0,0.0,951.5,0.0
0,285000,VOLCANIC_ROCK_VOUCHER_9500,949.0,19.0,0.0,0.0,0.0,0.0,950,19,0.0,0.0,0.0,0.0,949.5,0.0
0,285100,VOLCANIC_ROCK_VOUCHER_9500,955.0,12.0,0.0,0.0,0.0,0.0,956,12,0.0,0.0,0.0,0.0,955.5,0.0
0,285200,VOLCANIC_ROCK_VOUCHER_9500,954.0,17.0,0.0,0.0,0.0,0.0,955,17,0.0,0.0,0.0,0.0,954.5,0.0
0,285300,VOLCANIC_ROCK_VOUCHER_9500,954.0,13.0,0.0,0.0,0.0,0.0,955,13,0.0,0.0,0.0,0.0,954.5,0.0
0,285400,VOLCANIC_ROCK_VOUCHER_9500,953.0,12.0,0.0,0.0,0.0,0.0,955,12,0.0,0.0,0.0,0.0,954.0,0.0
0,285500,VOLCANIC_ROCK_VOUCHER_9500,949.0,16.0,0.0,0.0,0.0,0.0,951,16,0.0,0.0,0.0,0.0,950.0,0.0
0,285600,VOLCANIC_ROCK_VOUCHER_9500,950.0,12.0,0.0,0.0,0.0,0.0,951,12,0.0,0.0,0.0,0.0,950.5,0.0
0,285700,VOLCANIC_ROCK_VOUCHER_9500,951.0,17.0,0.0,0.0,0.0,0.0,952,17,0.0,0.0,0.0,0.0,951.5,0.0
0,285800,VOLCANIC_ROCK_VOUCHER_9500,954.0,35.0,0.0,0.0,0.0,0.0,955,20,0.0,0.0,0.0,0.0,954.5,0.0
0,285900,VOLCANIC_ROCK_VOUCHER_9500,950.0,17.0,0.0,0.0,0.0,0.0,951,17,0.0,0.0,0.0,0.0,950.5,0.0
0,286000,VOLCANIC_ROCK_VOUCHER_9500,953.0,17.0,0.0,0.0,0.0,0.0,954,17,0.0,0.0,0.0,0.0,953.5,0.0
0,286100,VOLCANIC_ROCK_VOUCHER_9500,951.0,19.0,0.0,0.0,0.0,0.0,952,19,0.0,0.0,0.0,0.0,951.5,0.0
0,286200,VOLCANIC_ROCK_VOUCHER_9500,953.0,21.0,0.0,0.0,0.0,0.0,954,21,0.0,0.0,0.0,0.0,953.5,0.0
0,286300,VOLCANIC_ROCK_VOUCHER_9500,952.0,17.0,0.0,0.0,0.0,0.0,953,17,0.0,0.0,0.0,0.0,952.5,0.0
0,286400,VOLCANIC_ROCK_VOUCHER_9500,954.0,16.0,0.0,0.0,0.0,0.0,956,16,0.0,0.0,0.0,0.0,955.0,0.0
0,286500,VOLCANIC_ROCK_VOUCHER_9500,957.0,23.0,0.0,0.0,0.0,0.0,958,10,0.0,0.0,0.0,0.0,957.5,0.0
0,286600,VOLCANIC_ROCK_VOUCHER_9500,957.0,16.0,0.0,0.0,0.0,0.0,958,16,0.0,0.0,0.0,0.0,957.5,0.0
0,286700,VOLCANIC_ROCK_VOUCHER_9500,956.0,20.0,0.0,0.0,0.0,0.0,958,20,0.0,0.0,0.0,0.0,957.0,0.0
0,286800,VOLCANIC_ROCK_VOUCHER_9500,957.0,22.0,0.0,0.0,0.0,0.0,958,22,0.0,0.0,0.0,0.0,957.5,0.0
0,286900,VOLCANIC_ROCK_VOUCHER_9500,957.0,21.0,0.0,0.0,0.0,0.0,958,21,0.0,0.0,0.0,0.0,957.5,0.0
0,287000,VOLCANIC_ROCK_VOUCHER_9500,956.0,7.0,0.0,0.0,0.0,0.0,957,17,0.0,0.0,0.0,0.0,956.5,0.0
0,287100,VOLCANIC_ROCK_VOUCHER_9500,956.0,19.0,0.0,0.0,0.0,0.0,957,19,0.0,0.0,0.0,0.0,956.5,0.0
0,287200,VOLCANIC_ROCK_VOUCHER_9500,956.0,20.0,0.0,0.0,0.0,0.0,957,20,0.0,0.0,0.0,0.0,956.5,0.0
0,287300,VOLCANIC_ROCK_VOUCHER_9500,960.0,22.0,0.0,0.0,0.0,0.0,961,12,0.0,0.0,0.0,0.0,960.5,0.0
0,287400,VOLCANIC_ROCK_VOUCHER_9500,965.0,28.0,0.0,0.0,0.0,0.0,966,16,0.0,0.0,0.0,0.0,965.5,0.0
0,287500,VOLCANIC_ROCK_VOUCHER_9500,965.0,18.0,0.0,0.0,0.0,0.0,966,18,0.0,0.0,0.0,0.0,965.5,0.0
0,287600,VOLCANIC_ROCK_VOUCHER_9500,962.0,16.0,0.0,0.0,0.0,0.0,963,16,0.0,0.0,0.0,0.0,962.5,0.0
0,287700,VOLCANIC_ROCK_VOUCHER_9500,964.0,1.0,0.0,0.0,0.0,0.0,965,15,0.0,0.0,0.0,0.0,964.5,0.0
0,287800,VOLCANIC_ROCK_VOUCHER_9500,964.0,11.0,0.0,0.0,0.0,0.0,965,11,0.0,0.0,0.0,0.0,964.5,0.0
0,287900,VOLCANIC_ROCK_VOUCHER_9500,961.0,15.0,0.0,0.0,0.0,0.0,962,15,0.0,0.0,0.0,0.0,961.5,0.0
0,288000,VOLCANIC_ROCK_VOUCHER_9500,964.0,10.0,0.0,0.0,0.0,0.0,965,10,0.0,0.0,0.0,0.0,964.5,0.0
0,288100,VOLCANIC_ROCK_VOUCHER_9500,0.0,0.0,0.0,0.0,0.0,0.0,967,1,968.0,15.0,0.0,0.0,967.0,0.0
0,288200,VOLCANIC_ROCK_VOUCHER_9500,969.0,15.0,0.0,0.0,0.0,0.0,970,15,0.0,0.0,0.0,0.0,969.5,0.0
0,288300,VOLCANIC_ROCK_VOUCHER_9500,969.0,13.0,0.0,0.0,0.0,0.0,970,13,0.0,0.0,0.0,0.0,969.5,0.0
0,288400,VOLCANIC_ROCK_VOUCHER_9500,961.0,22.0,0.0,0.0,0.0,0.0,963,22,0.0,0.0,0.0,0.0,962.0,0.0
0,288500,VOLCANIC_ROCK_VOUCHER_9500,967.0,17.0,0.0,0.0,0.0,0.0,968,17,0.0,0.0,0.0,0.0,967.5,0.0
0,288600,VOLCANIC_ROCK_VOUCHER_9500,965.0,15.0,0.0,0.0,0.0,0.0,966,15,0.0,0.0,0.0,0.0,965.5,0.0
0,288700,VOLCANIC_ROCK_VOUCHER_9500,963.0,11.0,0.0,0.0,0.0,0.0,964,11,0.0,0.0,0.0,0.0,963.5,0.0
0,288800,VOLCANIC_ROCK_VOUCHER_9500,962.0,21.0,0.0,0.0,0.0,0.0,963,21,0.0,0.0,0.0,0.0,962.5,0.0
0,288900,VOLCANIC_ROCK_VOUCHER_9500,963.0,13.0,0.0,0.0,0.0,0.0,964,13,0.0,0.0,0.0,0.0,963.5,0.0
0,289000,VOLCANIC_ROCK_VOUCHER_9500,949.0,17.0,0.0,0.0,0.0,0.0,950,17,0.0,0.0,0.0,0.0,949.5,0.0
0,289100,VOLCANIC_ROCK_VOUCHER_9500,946.0,18.0,0.0,0.0,0.0,0.0,947,18,0.0,0.0,0.0,0.0,946.5,0.0
0,289200,VOLCANIC_ROCK_VOUCHER_9500,938.0,13.0,0.0,0.0,0.0,0.0,939,13,0.0,0.0,0.0,0.0,938.5,0.0
0,289300,VOLCANIC_ROCK_VOUCHER_9500,939.0,21.0,0.0,0.0,0.0,0.0,941,21,0.0,0.0,0.0,0.0,940.0,0.0
0,289400,VOLCANIC_ROCK_VOUCHER_9500,939.0,16.0,0.0,0.0,0.0,0.0,940,16,0.0,0.0,0.0,0.0,939.5,0.0
0,289500,VOLCANIC_ROCK_VOUCHER_9500,943.0,15.0,0.0,0.0,0.0,0.0,945,15,0.0,0.0,0.0,0.0,944.0,0.0
0,289600,VOLCANIC_ROCK_VOUCHER_9500,941.0,19.0,0.0,0.0,0.0,0.0,942,19,0.0,0.0,0.0,0.0,941.5,0.0
0,289700,VOLCANIC_ROCK_VOUCHER_9500,938.0,1.0,0.0,0.0,0.0,0.0,939,14,0.0,0.0,0.0,0.0,938.5,0.0
0,289800,VOLCANIC_ROCK_VOUCHER_9500,939.0,14.0,0.0,0.0,0.0,0.0,940,14,0.0,0.0,0.0,0.0,939.5,0.0
0,289900,VOLCANIC_ROCK_VOUCHER_9500,941.0,19.0,0.0,0.0,0.0,0.0,942,19,0.0,0.0,0.0,0.0,941.5,0.0
0,290000,VOLCANIC_ROCK_VOUCHER_9500,939.0,38.0,0.0,0.0,0.0,0.0,940,18,0.0,0.0,0.0,0.0,939.5,0.0
0,290100,VOLCANIC_ROCK_VOUCHER_9500,939.0,14.0,0.0,0.0,0.0,0.0,940,14,0.0,0.0,0.0,0.0,939.5,0.0
0,290200,VOLCANIC_ROCK_VOUCHER_9500,937.0,19.0,0.0,0.0,0.0,0.0,939,19,0.0,0.0,0.0,0.0,938.0,0.0
0,290300,VOLCANIC_ROCK_VOUCHER_9500,941.0,11.0,0.0,0.0,0.0,0.0,942,11,0.0,0.0,0.0,0.0,941.5,0.0
0,290400,VOLCANIC_ROCK_VOUCHER_9500,936.0,2.0,0.0,0.0,0.0,0.0,937,18,0.0,0.0,0.0,0.0,936.5,0.0
0,290500,VOLCANIC_ROCK_VOUCHER_9500,933.0,20.0,0.0,0.0,0.0,0.0,934,20,0.0,0.0,0.0,0.0,933.5,0.0
0,290600,VOLCANIC_ROCK_VOUCHER_9500,932.0,13.0,0.0,0.0,0.0,0.0,933,13,0.0,0.0,0.0,0.0,932.5,0.0
0,290700,VOLCANIC_ROCK_VOUCHER_9500,931.0,22.0,0.0,0.0,0.0,0.0,932,22,0.0,0.0,0.0,0.0,931.5,0.0
0,290800,VOLCANIC_ROCK_VOUCHER_9500,933.0,18.0,0.0,0.0,0.0,0.0,934,18,0.0,0.0,0.0,0.0,933.5,0.0
0,290900,VOLCANIC_ROCK_VOUCHER_9500,930.0,20.0,0.0,0.0,0.0,0.0,931,20,0.0,0.0,0.0,0.0,930.5,0.0
0,291000,VOLCANIC_ROCK_VOUCHER_9500,929.0,12.0,0.0,0.0,0.0,0.0,930,12,0.0,0.0,0.0,0.0,929.5,0.0
0,291100,VOLCANIC_ROCK_VOUCHER_9500,925.0,22.0,0.0,0.0,0.0,0.0,926,22,0.0,0.0,0.0,0.0,925.5,0.0
0,291200,VOLCANIC_ROCK_VOUCHER_9500,919.0,21.0,0.0,0.0,0.0,0.0,920,21,0.0,0.0,0.0,0.0,919.5,0.0
0,291300,VOLCANIC_ROCK_VOUCHER_9500,921.0,12.0,0.0,0.0,0.0,0.0,922,12,0.0,0.0,0.0,0.0,921.5,0.0
0,291400,VOLCANIC_ROCK_VOUCHER_9500,923.0,15.0,0.0,0.0,0.0,0.0,924,15,0.0,0.0,0.0,0.0,923.5,0.0
0,291500,VOLCANIC_ROCK_VOUCHER_9500,924.0,17.0,0.0,0.0,0.0,0.0,925,17,0.0,0.0,0.0,0.0,924.5,0.0
0,291600,VOLCANIC_ROCK_VOUCHER_9500,927.0,12.0,0.0,0.0,0.0,0.0,929,12,0.0,0.0,0.0,0.0,928.0,0.0
0,291700,VOLCANIC_ROCK_VOUCHER_9500,929.0,18.0,0.0,0.0,0.0,0.0,930,18,0.0,0.0,0.0,0.0,929.5,0.0
0,291800,VOLCANIC_ROCK_VOUCHER_9500,927.0,19.0,0.0,0.0,0.0,0.0,928,19,0.0,0.0,0.0,0.0,927.5,0.0
0,291900,VOLCANIC_ROCK_VOUCHER_9500,924.0,15.0,0.0,0.0,0.0,0.0,925,15,0.0,0.0,0.0,0.0,924.5,0.0
0,292000,VOLCANIC_ROCK_VOUCHER_9500,925.0,13.0,0.0,0.0,0.0,0.0,926,13,0.0,0.0,0.0,0.0,925.5,0.0
0,292100,VOLCANIC_ROCK_VOUCHER_9500,926.0,10.0,0.0,0.0,0.0,0.0,927,10,0.0,0.0,0.0,0.0,926.5,0.0
0,292200,VOLCANIC_ROCK_VOUCHER_9500,924.0,13.0,0.0,0.0,0.0,0.0,925,13,0.0,0.0,0.0,0.0,924.5,0.0
0,292300,VOLCANIC_ROCK_VOUCHER_9500,922.0,16.0,0.0,0.0,0.0,0.0,923,16,0.0,0.0,0.0,0.0,922.5,0.0
0,292400,VOLCANIC_ROCK_VOUCHER_9500,0.0,0.0,0.0,0.0,0.0,0.0,925,6,926.0,11.0,0.0,0.0,925.0,0.0
0,292500,VOLCANIC_ROCK_VOUCHER_9500,927.0,12.0,0.0,0.0,0.0,0.0,928,12,0.0,0.0,0.0,0.0,927.5,0.0
0,292600,VOLCANIC_ROCK_VOUCHER_9500,932.0,16.0,0.0,0.0,0.0,0.0,933,14,934.0,16.0,0.0,0.0,932.5,0.0
0,292700,VOLCANIC_ROCK_VOUCHER_9500,929.0,19.0,0.0,0.0,0.0,0.0,930,19,0.0,0.0,0.0,0.0,929.5,0.0
0,292800,VOLCANIC_ROCK_VOUCHER_9500,927.0,13.0,0.0,0.0,0.0,0.0,928,13,0.0,0.0,0.0,0.0,927.5,0.0
0,292900,VOLCANIC_ROCK_VOUCHER_9500,927.0,17.0,0.0,0.0,0.0,0.0,928,17,0.0,0.0,0.0,0.0,927.5,0.0
0,293000,VOLCANIC_ROCK_VOUCHER_9500,931.0,11.0,0.0,0.0,0.0,0.0,932,11,0.0,0.0,0.0,0.0,931.5,0.0
0,293100,VOLCANIC_ROCK_VOUCHER_9500,933.0,4.0,0.0,0.0,0.0,0.0,934,16,0.0,0.0,0.0,0.0,933.5,0.0
0,293200,VOLCANIC_ROCK_VOUCHER_9500,930.0,10.0,0.0,0.0,0.0,0.0,931,10,0.0,0.0,0.0,0.0,930.5,0.0
0,293300,VOLCANIC_ROCK_VOUCHER_9500,927.0,14.0,0.0,0.0,0.0,0.0,928,14,0.0,0.0,0.0,0.0,927.5,0.0
0,293400,VOLCANIC_ROCK_VOUCHER_9500,923.0,8.0,0.0,0.0,0.0,0.0,924,20,0.0,0.0,0.0,0.0,923.5,0.0
0,293500,VOLCANIC_ROCK_VOUCHER_9500,925.0,14.0,0.0,0.0,0.0,0.0,926,14,0.0,0.0,0.0,0.0,925.5,0.0
0,293600,VOLCANIC_ROCK_VOUCHER_9500,924.0,17.0,0.0,0.0,0.0,0.0,925,17,0.0,0.0,0.0,0.0,924.5,0.0
0,293700,VOLCANIC_ROCK_VOUCHER_9500,924.0,21.0,0.0,0.0,0.0,0.0,926,21,0.0,0.0,0.0,0.0,925.0,0.0
0,293800,VOLCANIC_ROCK_VOUCHER_9500,920.0,18.0,0.0,0.0,0.0,0.0,921,18,0.0,0.0,0.0,0.0,920.5,0.0
0,293900,VOLCANIC_ROCK_VOUCHER_9500,927.0,13.0,0.0,0.0,0.0,0.0,929,13,0.0,0.0,0.0,0.0,928.0,0.0
0,294000,VOLCANIC_ROCK_VOUCHER_9500,926.0,16.0,0.0,0.0,0.0,0.0,927,16,0.0,0.0,0.0,0.0,926.5,0.0
0,294100,VOLCANIC_ROCK_VOUCHER_9500,922.0,16.0,0.0,0.0,0.0,0.0,923,16,0.0,0.0,0.0,0.0,922.5,0.0
0,294200,VOLCANIC_ROCK_VOUCHER_9500,921.0,14.0,0.0,0.0,0.0,0.0,922,14,0.0,0.0,0.0,0.0,921.5,0.0
0,294300,VOLCANIC_ROCK_VOUCHER_9500,921.0,21.0,0.0,0.0,0.0,0.0,922,21,0.0,0.0,0.0,0.0,921.5,0.0
0,294400,VOLCANIC_ROCK_VOUCHER_9500,912.0,14.0,0.0,0.0,0.0,0.0,913,14,0.0,0.0,0.0,0.0,912.5,0.0
0,294500,VOLCANIC_ROCK_VOUCHER_9500,917.0,22.0,0.0,0.0,0.0,0.0,918,22,0.0,0.0,0.0,0.0,917.5,0.0
0,294600,VOLCANIC_ROCK_VOUCHER_9500,916.0,34.0,0.0,0.0,0.0,0.0,917,21,0.0,0.0,0.0,0.0,916.5,0.0
0,294700,VOLCANIC_ROCK_VOUCHER_9500,915.0,20.0,0.0,0.0,0.0,0.0,916,20,0.0,0.0,0.0,0.0,915.5,0.0
0,294800,VOLCANIC_ROCK_VOUCHER_9500,914.0,14.0,0.0,0.0,0.0,0.0,915,14,0.0,0.0,0.0,0.0,914.5,0.0
0,294900,VOLCANIC_ROCK_VOUCHER_9500,914.0,14.0,0.0,0.0,0.0,0.0,915,14,0.0,0.0,0.0,0.0,914.5,0.0
0,295000,VOLCANIC_ROCK_VOUCHER_9500,913.0,12.0,0.0,0.0,0.0,0.0,915,12,0.0,0.0,0.0,0.0,914.0,0.0
0,295100,VOLCANIC_ROCK_VOUCHER_9500,914.0,14.0,0.0,0.0,0.0,0.0,915,14,0.0,0.0,0.0,0.0,914.5,0.0
0,295200,VOLCANIC_ROCK_VOUCHER_9500,913.0,21.0,0.0,0.0,0.0,0.0,914,21,0.0,0.0,0.0,0.0,913.5,0.0
0,295300,VOLCANIC_ROCK_VOUCHER_9500,912.0,19.0,0.0,0.0,0.0,0.0,913,19,0.0,0.0,0.0,0.0,912.5,0.0
0,295400,VOLCANIC_ROCK_VOUCHER_9500,908.0,19.0,0.0,0.0,0.0,0.0,909,19,0.0,0.0,0.0,0.0,908.5,0.0
0,295500,VOLCANIC_ROCK_VOUCHER_9500,912.0,12.0,0.0,0.0,0.0,0.0,913,12,0.0,0.0,0.0,0.0,912.5,0.0
0,295600,VOLCANIC_ROCK_VOUCHER_9500,910.0,14.0,0.0,0.0,0.0,0.0,911,14,0.0,0.0,0.0,0.0,910.5,0.0
0,295700,VOLCANIC_ROCK_VOUCHER_9500,911.0,22.0,0.0,0.0,0.0,0.0,912,12,0.0,0.0,0.0,0.0,911.5,0.0
0,295800,VOLCANIC_ROCK_VOUCHER_9500,916.0,15.0,0.0,0.0,0.0,0.0,917,15,0.0,0.0,0.0,0.0,916.5,0.0
0,295900,VOLCANIC_ROCK_VOUCHER_9500,921.0,12.0,0.0,0.0,0.0,0.0,922,12,0.0,0.0,0.0,0.0,921.5,0.0
0,296000,VOLCANIC_ROCK_VOUCHER_9500,926.0,16.0,0.0,0.0,0.0,0.0,927,16,0.0,0.0,0.0,0.0,926.5,0.0
0,296100,VOLCANIC_ROCK_VOUCHER_9500,924.0,13.0,0.0,0.0,0.0,0.0,925,13,0.0,0.0,0.0,0.0,924.5,0.0
0,296200,VOLCANIC_ROCK_VOUCHER_9500,922.0,17.0,0.0,0.0,0.0,0.0,923,17,0.0,0.0,0.0,0.0,922.5,0.0
0,296300,VOLCANIC_ROCK_VOUCHER_9500,923.0,22.0,0.0,0.0,0.0,0.0,924,22,0.0,0.0,0.0,0.0,923.5,0.0
0,296400,VOLCANIC_ROCK_VOUCHER_9500,920.0,17.0,0.0,0.0,0.0,0.0,922,17,0.0,0.0,0.0,0.0,921.0,0.0
0,296500,VOLCANIC_ROCK_VOUCHER_9500,927.0,15.0,0.0,0.0,0.0,0.0,929,15,0.0,0.0,0.0,0.0,928.0,0.0
0,296600,VOLCANIC_ROCK_VOUCHER_9500,926.0,31.0,0.0,0.0,0.0,0.0,927,15,0.0,0.0,0.0,0.0,926.5,0.0
0,296700,VOLCANIC_ROCK_VOUCHER_9500,919.0,18.0,0.0,0.0,0.0,0.0,920,18,0.0,0.0,0.0,0.0,919.5,0.0
0,296800,VOLCANIC_ROCK_VOUCHER_9500,919.0,13.0,0.0,0.0,0.0,0.0,920,13,0.0,0.0,0.0,0.0,919.5,0.0
0,296900,VOLCANIC_ROCK_VOUCHER_9500,917.0,13.0,0.0,0.0,0.0,0.0,918,13,0.0,0.0,0.0,0.0,917.5,0.0
0,297000,VOLCANIC_ROCK_VOUCHER_9500,920.0,14.0,0.0,0.0,0.0,0.0,921,14,0.0,0.0,0.0,0.0,920.5,0.0
0,297100,VOLCANIC_ROCK_VOUCHER_9500,923.0,13.0,0.0,0.0,0.0,0.0,924,13,0.0,0.0,0.0,0.0,923.5,0.0
0,297200,VOLCANIC_ROCK_VOUCHER_9500,920.0,17.0,0.0,0.0,0.0,0.0,921,17,0.0,0.0,0.0,0.0,920.5,0.0
0,297300,VOLCANIC_ROCK_VOUCHER_9500,919.0,17.0,0.0,0.0,0.0,0.0,920,17,0.0,0.0,0.0,0.0,919.5,0.0
0,297400,VOLCANIC_ROCK_VOUCHER_9500,919.0,14.0,0.0,0.0,0.0,0.0,920,14,0.0,0.0,0.0,0.0,919.5,0.0
0,297500,VOLCANIC_ROCK_VOUCHER_9500,920.0,20.0,0.0,0.0,0.0,0.0,921,20,0.0,0.0,0.0,0.0,920.5,0.0
0,297600,VOLCANIC_ROCK_VOUCHER_9500,916.0,11.0,0.0,0.0,0.0,0.0,917,11,0.0,0.0,0.0,0.0,916.5,0.0
0,297700,VOLCANIC_ROCK_VOUCHER_9500,914.0,14.0,0.0,0.0,0.0,0.0,916,14,0.0,0.0,0.0,0.0,915.0,0.0
0,297800,VOLCANIC_ROCK_VOUCHER_9500,916.0,21.0,0.0,0.0,0.0,0.0,917,21,0.0,0.0,0.0,0.0,916.5,0.0
0,297900,VOLCANIC_ROCK_VOUCHER_9500,914.0,11.0,0.0,0.0,0.0,0.0,916,11,0.0,0.0,0.0,0.0,915.0,0.0
0,298000,VOLCANIC_ROCK_VOUCHER_9500,917.0,11.0,0.0,0.0,0.0,0.0,918,11,0.0,0.0,0.0,0.0,917.5,0.0
0,298100,VOLCANIC_ROCK_VOUCHER_9500,923.0,13.0,0.0,0.0,0.0,0.0,924,13,0.0,0.0,0.0,0.0,923.5,0.0
0,298200,VOLCANIC_ROCK_VOUCHER_9500,922.0,13.0,0.0,0.0,0.0,0.0,923,13,0.0,0.0,0.0,0.0,922.5,0.0
0,298300,VOLCANIC_ROCK_VOUCHER_9500,926.0,22.0,0.0,0.0,0.0,0.0,927,22,0.0,0.0,0.0,0.0,926.5,0.0
0,298400,VOLCANIC_ROCK_VOUCHER_9500,929.0,18.0,0.0,0.0,0.0,0.0,930,18,0.0,0.0,0.0,0.0,929.5,0.0
0,298500,VOLCANIC_ROCK_VOUCHER_9500,927.0,16.0,0.0,0.0,0.0,0.0,928,16,0.0,0.0,0.0,0.0,927.5,0.0
0,298600,VOLCANIC_ROCK_VOUCHER_9500,923.0,7.0,0.0,0.0,0.0,0.0,924,19,0.0,0.0,0.0,0.0,923.5,0.0
0,298700,VOLCANIC_ROCK_VOUCHER_9500,922.0,12.0,0.0,0.0,0.0,0.0,923,12,0.0,0.0,0.0,0.0,922.5,0.0
0,298800,VOLCANIC_ROCK_VOUCHER_9500,924.0,8.0,0.0,0.0,0.0,0.0,925,13,0.0,0.0,0.0,0.0,924.5,0.0
0,298900,VOLCANIC_ROCK_VOUCHER_9500,925.0,20.0,0.0,0.0,0.0,0.0,926,20,0.0,0.0,0.0,0.0,925.5,0.0
0,299000,VOLCANIC_ROCK_VOUCHER_9500,925.0,10.0,924.0,20.0,0.0,0.0,926,20,0.0,0.0,0.0,0.0,925.5,0.0
0,299100,VOLCANIC_ROCK_VOUCHER_9500,925.0,18.0,0.0,0.0,0.0,0.0,927,18,0.0,0.0,0.0,0.0,926.0,0.0
0,299200,VOLCANIC_ROCK_VOUCHER_9500,925.0,16.0,0.0,0.0,0.0,0.0,926,16,0.0,0.0,0.0,0.0,925.5,0.0
0,299300,VOLCANIC_ROCK_VOUCHER_9500,923.0,18.0,0.0,0.0,0.0,0.0,924,18,0.0,0.0,0.0,0.0,923.5,0.0
0,299400,VOLCANIC_ROCK_VOUCHER_9500,922.0,21.0,0.0,0.0,0.0,0.0,923,1,924.0,20.0,0.0,0.0,922.5,0.0
0,299500,VOLCANIC_ROCK_VOUCHER_9500,925.0,20.0,0.0,0.0,0.0,0.0,926,20,0.0,0.0,0.0,0.0,925.5,0.0
0,299600,VOLCANIC_ROCK_VOUCHER_9500,924.0,14.0,0.0,0.0,0.0,0.0,925,14,0.0,0.0,0.0,0.0,924.5,0.0
0,299700,VOLCANIC_ROCK_VOUCHER_9500,923.0,18.0,0.0,0.0,0.0,0.0,924,18,0.0,0.0,0.0,0.0,923.5,0.0
0,299800,VOLCANIC_ROCK_VOUCHER_9500,919.0,18.0,0.0,0.0,0.0,0.0,920,18,0.0,0.0,0.0,0.0,919.5,0.0
0,299900,VOLCANIC_ROCK_VOUCHER_9500,917.0,14.0,0.0,0.0,0.0,0.0,918,14,0.0,0.0,0.0,0.0,917.5,0.0
0,300000,VOLCANIC_ROCK_VOUCHER_9500,921.0,15.0,0.0,0.0,0.0,0.0,922,15,0.0,0.0,0.0,0.0,921.5,0.0
0,300100,VOLCANIC_ROCK_VOUCHER_9500,921.0,10.0,0.0,0.0,0.0,0.0,922,10,0.0,0.0,0.0,0.0,921.5,0.0
0,300200,VOLCANIC_ROCK_VOUCHER_9500,920.0,13.0,0.0,0.0,0.0,0.0,921,13,0.0,0.0,0.0,0.0,920.5,0.0
0,300300,VOLCANIC_ROCK_VOUCHER_9500,920.0,18.0,0.0,0.0,0.0,0.0,922,18,0.0,0.0,0.0,0.0,921.0,0.0
0,300400,VOLCANIC_ROCK_VOUCHER_9500,923.0,10.0,0.0,0.0,0.0,0.0,925,10,0.0,0.0,0.0,0.0,924.0,0.0
0,300500,VOLCANIC_ROCK_VOUCHER_9500,929.0,18.0,0.0,0.0,0.0,0.0,930,18,0.0,0.0,0.0,0.0,929.5,0.0
0,300600,VOLCANIC_ROCK_VOUCHER_9500,927.0,4.0,0.0,0.0,0.0,0.0,928,14,0.0,0.0,0.0,0.0,927.5,0.0
0,300700,VOLCANIC_ROCK_VOUCHER_9500,927.0,10.0,0.0,0.0,0.0,0.0,928,10,0.0,0.0,0.0,0.0,927.5,0.0
0,300800,VOLCANIC_ROCK_VOUCHER_9500,924.0,13.0,0.0,0.0,0.0,0.0,925,13,0.0,0.0,0.0,0.0,924.5,0.0
0,300900,VOLCANIC_ROCK_VOUCHER_9500,921.0,12.0,0.0,0.0,0.0,0.0,922,12,0.0,0.0,0.0,0.0,921.5,0.0
0,301000,VOLCANIC_ROCK_VOUCHER_9500,917.0,16.0,0.0,0.0,0.0,0.0,918,16,0.0,0.0,0.0,0.0,917.5,0.0
0,301100,VOLCANIC_ROCK_VOUCHER_9500,916.0,12.0,0.0,0.0,0.0,0.0,917,12,0.0,0.0,0.0,0.0,916.5,0.0
0,301200,VOLCANIC_ROCK_VOUCHER_9500,914.0,13.0,0.0,0.0,0.0,0.0,915,13,0.0,0.0,0.0,0.0,914.5,0.0
0,301300,VOLCANIC_ROCK_VOUCHER_9500,910.0,12.0,0.0,0.0,0.0,0.0,911,12,0.0,0.0,0.0,0.0,910.5,0.0
0,301400,VOLCANIC_ROCK_VOUCHER_9500,907.0,20.0,0.0,0.0,0.0,0.0,908,20,0.0,0.0,0.0,0.0,907.5,0.0
0,301500,VOLCANIC_ROCK_VOUCHER_9500,906.0,14.0,0.0,0.0,0.0,0.0,907,14,0.0,0.0,0.0,0.0,906.5,0.0
0,301600,VOLCANIC_ROCK_VOUCHER_9500,908.0,14.0,0.0,0.0,0.0,0.0,909,14,0.0,0.0,0.0,0.0,908.5,0.0
0,301700,VOLCANIC_ROCK_VOUCHER_9500,908.0,12.0,0.0,0.0,0.0,0.0,909,12,0.0,0.0,0.0,0.0,908.5,0.0
0,301800,VOLCANIC_ROCK_VOUCHER_9500,908.0,11.0,0.0,0.0,0.0,0.0,909,11,0.0,0.0,0.0,0.0,908.5,0.0
0,301900,VOLCANIC_ROCK_VOUCHER_9500,910.0,15.0,0.0,0.0,0.0,0.0,912,15,0.0,0.0,0.0,0.0,911.0,0.0
0,302000,VOLCANIC_ROCK_VOUCHER_9500,911.0,21.0,0.0,0.0,0.0,0.0,912,21,0.0,0.0,0.0,0.0,911.5,0.0
0,302100,VOLCANIC_ROCK_VOUCHER_9500,911.0,16.0,0.0,0.0,0.0,0.0,912,16,0.0,0.0,0.0,0.0,911.5,0.0
0,302200,VOLCANIC_ROCK_VOUCHER_9500,910.0,16.0,0.0,0.0,0.0,0.0,911,16,0.0,0.0,0.0,0.0,910.5,0.0
0,302300,VOLCANIC_ROCK_VOUCHER_9500,910.0,15.0,0.0,0.0,0.0,0.0,911,15,0.0,0.0,0.0,0.0,910.5,0.0
0,302400,VOLCANIC_ROCK_VOUCHER_9500,909.0,16.0,0.0,0.0,0.0,0.0,910,16,0.0,0.0,0.0,0.0,909.5,0.0
0,302500,VOLCANIC_ROCK_VOUCHER_9500,915.0,17.0,0.0,0.0,0.0,0.0,916,17,0.0,0.0,0.0,0.0,915.5,0.0
0,302600,VOLCANIC_ROCK_VOUCHER_9500,912.0,1.0,911.0,19.0,0.0,0.0,913,20,0.0,0.0,0.0,0.0,912.5,0.0
0,302700,VOLCANIC_ROCK_VOUCHER_9500,920.0,17.0,0.0,0.0,0.0,0.0,921,17,0.0,0.0,0.0,0.0,920.5,0.0
0,302800,VOLCANIC_ROCK_VOUCHER_9500,921.0,20.0,0.0,0.0,0.0,0.0,922,20,0.0,0.0,0.0,0.0,921.5,0.0
0,302900,VOLCANIC_ROCK_VOUCHER_9500,919.0,18.0,0.0,0.0,0.0,0.0,920,18,0.0,0.0,0.0,0.0,919.5,0.0
0,303000,VOLCANIC_ROCK_VOUCHER_9500,917.0,15.0,0.0,0.0,0.0,0.0,918,15,0.0,0.0,0.0,0.0,917.5,0.0
0,303100,VOLCANIC_ROCK_VOUCHER_9500,918.0,20.0,0.0,0.0,0.0,0.0,919,20,0.0,0.0,0.0,0.0,918.5,0.0
0,303200,VOLCANIC_ROCK_VOUCHER_9500,917.0,14.0,0.0,0.0,0.0,0.0,918,14,0.0,0.0,0.0,0.0,917.5,0.0
0,303300,VOLCANIC_ROCK_VOUCHER_9500,920.0,17.0,0.0,0.0,0.0,0.0,921,17,0.0,0.0,0.0,0.0,920.5,0.0
0,303400,VOLCANIC_ROCK_VOUCHER_9500,916.0,12.0,0.0,0.0,0.0,0.0,917,12,0.0,0.0,0.0,0.0,916.5,0.0
0,303500,VOLCANIC_ROCK_VOUCHER_9500,914.0,22.0,0.0,0.0,0.0,0.0,915,22,0.0,0.0,0.0,0.0,914.5,0.0
0,303600,VOLCANIC_ROCK_VOUCHER_9500,918.0,19.0,0.0,0.0,0.0,0.0,919,19,0.0,0.0,0.0,0.0,918.5,0.0
0,303700,VOLCANIC_ROCK_VOUCHER_9500,919.0,15.0,0.0,0.0,0.0,0.0,920,15,0.0,0.0,0.0,0.0,919.5,0.0
0,303800,VOLCANIC_ROCK_VOUCHER_9500,920.0,3.0,0.0,0.0,0.0,0.0,921,15,0.0,0.0,0.0,0.0,920.5,0.0
0,303900,VOLCANIC_ROCK_VOUCHER_9500,920.0,17.0,0.0,0.0,0.0,0.0,921,17,0.0,0.0,0.0,0.0,920.5,0.0
0,304000,VOLCANIC_ROCK_VOUCHER_9500,920.0,17.0,0.0,0.0,0.0,0.0,921,17,0.0,0.0,0.0,0.0,920.5,0.0
0,304100,VOLCANIC_ROCK_VOUCHER_9500,916.0,4.0,0.0,0.0,0.0,0.0,917,18,0.0,0.0,0.0,0.0,916.5,0.0
0,304200,VOLCANIC_ROCK_VOUCHER_9500,913.0,15.0,0.0,0.0,0.0,0.0,914,15,0.0,0.0,0.0,0.0,913.5,0.0
0,304300,VOLCANIC_ROCK_VOUCHER_9500,912.0,20.0,0.0,0.0,0.0,0.0,913,20,0.0,0.0,0.0,0.0,912.5,0.0
0,304400,VOLCANIC_ROCK_VOUCHER_9500,910.0,20.0,0.0,0.0,0.0,0.0,911,20,0.0,0.0,0.0,0.0,910.5,0.0
0,304500,VOLCANIC_ROCK_VOUCHER_9500,909.0,15.0,0.0,0.0,0.0,0.0,910,15,0.0,0.0,0.0,0.0,909.5,0.0
0,304600,VOLCANIC_ROCK_VOUCHER_9500,912.0,14.0,0.0,0.0,0.0,0.0,913,14,0.0,0.0,0.0,0.0,912.5,0.0
0,304700,VOLCANIC_ROCK_VOUCHER_9500,913.0,21.0,0.0,0.0,0.0,0.0,914,21,0.0,0.0,0.0,0.0,913.5,0.0
0,304800,VOLCANIC_ROCK_VOUCHER_9500,913.0,14.0,0.0,0.0,0.0,0.0,914,14,0.0,0.0,0.0,0.0,913.5,0.0
0,304900,VOLCANIC_ROCK_VOUCHER_9500,914.0,18.0,0.0,0.0,0.0,0.0,915,18,0.0,0.0,0.0,0.0,914.5,0.0
0,305000,VOLCANIC_ROCK_VOUCHER_9500,913.0,15.0,0.0,0.0,0.0,0.0,914,15,0.0,0.0,0.0,0.0,913.5,0.0
0,305100,VOLCANIC_ROCK_VOUCHER_9500,910.0,21.0,0.0,0.0,0.0,0.0,911,21,0.0,0.0,0.0,0.0,910.5,0.0
0,305200,VOLCANIC_ROCK_VOUCHER_9500,910.0,16.0,0.0,0.0,0.0,0.0,911,16,0.0,0.0,0.0,0.0,910.5,0.0
0,305300,VOLCANIC_ROCK_VOUCHER_9500,908.0,30.0,0.0,0.0,0.0,0.0,909,18,0.0,0.0,0.0,0.0,908.5,0.0
0,305400,VOLCANIC_ROCK_VOUCHER_9500,911.0,18.0,0.0,0.0,0.0,0.0,912,18,0.0,0.0,0.0,0.0,911.5,0.0
0,305500,VOLCANIC_ROCK_VOUCHER_9500,912.0,14.0,0.0,0.0,0.0,0.0,913,14,0.0,0.0,0.0,0.0,912.5,0.0
0,305600,VOLCANIC_ROCK_VOUCHER_9500,914.0,14.0,0.0,0.0,0.0,0.0,916,14,0.0,0.0,0.0,0.0,915.0,0.0
0,305700,VOLCANIC_ROCK_VOUCHER_9500,914.0,16.0,0.0,0.0,0.0,0.0,915,16,0.0,0.0,0.0,0.0,914.5,0.0
0,305800,VOLCANIC_ROCK_VOUCHER_9500,912.0,17.0,0.0,0.0,0.0,0.0,913,17,0.0,0.0,0.0,0.0,912.5,0.0
0,305900,VOLCANIC_ROCK_VOUCHER_9500,912.0,19.0,0.0,0.0,0.0,0.0,913,19,0.0,0.0,0.0,0.0,912.5,0.0
0,306000,VOLCANIC_ROCK_VOUCHER_9500,912.0,13.0,0.0,0.0,0.0,0.0,913,13,0.0,0.0,0.0,0.0,912.5,0.0
0,306100,VOLCANIC_ROCK_VOUCHER_9500,908.0,12.0,0.0,0.0,0.0,0.0,910,12,0.0,0.0,0.0,0.0,909.0,0.0
0,306200,VOLCANIC_ROCK_VOUCHER_9500,910.0,11.0,0.0,0.0,0.0,0.0,911,11,0.0,0.0,0.0,0.0,910.5,0.0
0,306300,VOLCANIC_ROCK_VOUCHER_9500,909.0,12.0,0.0,0.0,0.0,0.0,911,12,0.0,0.0,0.0,0.0,910.0,0.0
0,306400,VOLCANIC_ROCK_VOUCHER_9500,910.0,16.0,0.0,0.0,0.0,0.0,911,16,0.0,0.0,0.0,0.0,910.5,0.0
0,306500,VOLCANIC_ROCK_VOUCHER_9500,906.0,20.0,0.0,0.0,0.0,0.0,907,20,0.0,0.0,0.0,0.0,906.5,0.0
0,306600,VOLCANIC_ROCK_VOUCHER_9500,906.0,17.0,0.0,0.0,0.0,0.0,907,17,0.0,0.0,0.0,0.0,906.5,0.0
0,306700,VOLCANIC_ROCK_VOUCHER_9500,903.0,10.0,902.0,13.0,0.0,0.0,904,13,0.0,0.0,0.0,0.0,903.5,0.0
0,306800,VOLCANIC_ROCK_VOUCHER_9500,904.0,14.0,0.0,0.0,0.0,0.0,906,14,0.0,0.0,0.0,0.0,905.0,0.0
0,306900,VOLCANIC_ROCK_VOUCHER_9500,909.0,18.0,0.0,0.0,0.0,0.0,911,18,0.0,0.0,0.0,0.0,910.0,0.0
0,307000,VOLCANIC_ROCK_VOUCHER_9500,907.0,19.0,0.0,0.0,0.0,0.0,908,19,0.0,0.0,0.0,0.0,907.5,0.0
0,307100,VOLCANIC_ROCK_VOUCHER_9500,907.0,19.0,0.0,0.0,0.0,0.0,908,19,0.0,0.0,0.0,0.0,907.5,0.0
0,307200,VOLCANIC_ROCK_VOUCHER_9500,904.0,10.0,0.0,0.0,0.0,0.0,906,10,0.0,0.0,0.0,0.0,905.0,0.0
0,307300,VOLCANIC_ROCK_VOUCHER_9500,905.0,10.0,0.0,0.0,0.0,0.0,906,10,0.0,0.0,0.0,0.0,905.5,0.0
0,307400,VOLCANIC_ROCK_VOUCHER_9500,902.0,18.0,0.0,0.0,0.0,0.0,903,18,0.0,0.0,0.0,0.0,902.5,0.0
0,307500,VOLCANIC_ROCK_VOUCHER_9500,907.0,20.0,0.0,0.0,0.0,0.0,908,20,0.0,0.0,0.0,0.0,907.5,0.0
0,307600,VOLCANIC_ROCK_VOUCHER_9500,905.0,11.0,0.0,0.0,0.0,0.0,907,11,0.0,0.0,0.0,0.0,906.0,0.0
0,307700,VOLCANIC_ROCK_VOUCHER_9500,904.0,17.0,0.0,0.0,0.0,0.0,905,17,0.0,0.0,0.0,0.0,904.5,0.0
0,307800,VOLCANIC_ROCK_VOUCHER_9500,908.0,21.0,0.0,0.0,0.0,0.0,909,21,0.0,0.0,0.0,0.0,908.5,0.0
0,307900,VOLCANIC_ROCK_VOUCHER_9500,906.0,20.0,0.0,0.0,0.0,0.0,907,2,908.0,18.0,0.0,0.0,906.5,0.0
0,308000,VOLCANIC_ROCK_VOUCHER_9500,905.0,12.0,0.0,0.0,0.0,0.0,906,12,0.0,0.0,0.0,0.0,905.5,0.0
0,308100,VOLCANIC_ROCK_VOUCHER_9500,905.0,18.0,0.0,0.0,0.0,0.0,907,18,0.0,0.0,0.0,0.0,906.0,0.0
0,308200,VOLCANIC_ROCK_VOUCHER_9500,0.0,0.0,0.0,0.0,0.0,0.0,906,6,907.0,14.0,0.0,0.0,906.0,0.0
0,308300,VOLCANIC_ROCK_VOUCHER_9500,904.0,42.0,0.0,0.0,0.0,0.0,905,22,0.0,0.0,0.0,0.0,904.5,0.0
0,308400,VOLCANIC_ROCK_VOUCHER_9500,907.0,17.0,0.0,0.0,0.0,0.0,908,17,0.0,0.0,0.0,0.0,907.5,0.0
0,308500,VOLCANIC_ROCK_VOUCHER_9500,917.0,6.0,0.0,0.0,0.0,0.0,918,11,0.0,0.0,0.0,0.0,917.5,0.0
0,308600,VOLCANIC_ROCK_VOUCHER_9500,915.0,20.0,0.0,0.0,0.0,0.0,916,20,0.0,0.0,0.0,0.0,915.5,0.0
0,308700,VOLCANIC_ROCK_VOUCHER_9500,911.0,12.0,0.0,0.0,0.0,0.0,913,12,0.0,0.0,0.0,0.0,912.0,0.0
0,308800,VOLCANIC_ROCK_VOUCHER_9500,910.0,15.0,0.0,0.0,0.0,0.0,912,15,0.0,0.0,0.0,0.0,911.0,0.0
0,308900,VOLCANIC_ROCK_VOUCHER_9500,910.0,14.0,0.0,0.0,0.0,0.0,911,14,0.0,0.0,0.0,0.0,910.5,0.0
0,309000,VOLCANIC_ROCK_VOUCHER_9500,911.0,19.0,0.0,0.0,0.0,0.0,912,19,0.0,0.0,0.0,0.0,911.5,0.0
0,309100,VOLCANIC_ROCK_VOUCHER_9500,908.0,20.0,0.0,0.0,0.0,0.0,909,20,0.0,0.0,0.0,0.0,908.5,0.0
0,309200,VOLCANIC_ROCK_VOUCHER_9500,910.0,12.0,0.0,0.0,0.0,0.0,911,12,0.0,0.0,0.0,0.0,910.5,0.0
0,309300,VOLCANIC_ROCK_VOUCHER_9500,916.0,18.0,0.0,0.0,0.0,0.0,917,18,0.0,0.0,0.0,0.0,916.5,0.0
0,309400,VOLCANIC_ROCK_VOUCHER_9500,918.0,12.0,0.0,0.0,0.0,0.0,920,12,0.0,0.0,0.0,0.0,919.0,0.0
0,309500,VOLCANIC_ROCK_VOUCHER_9500,919.0,11.0,0.0,0.0,0.0,0.0,920,11,0.0,0.0,0.0,0.0,919.5,0.0
0,309600,VOLCANIC_ROCK_VOUCHER_9500,917.0,13.0,0.0,0.0,0.0,0.0,918,13,0.0,0.0,0.0,0.0,917.5,0.0
0,309700,VOLCANIC_ROCK_VOUCHER_9500,914.0,19.0,0.0,0.0,0.0,0.0,915,19,0.0,0.0,0.0,0.0,914.5,0.0
0,309800,VOLCANIC_ROCK_VOUCHER_9500,911.0,18.0,0.0,0.0,0.0,0.0,912,18,0.0,0.0,0.0,0.0,911.5,0.0
0,309900,VOLCANIC_ROCK_VOUCHER_9500,903.0,22.0,0.0,0.0,0.0,0.0,904,22,0.0,0.0,0.0,0.0,903.5,0.0
0,310000,VOLCANIC_ROCK_VOUCHER_9500,905.0,16.0,0.0,0.0,0.0,0.0,906,16,0.0,0.0,0.0,0.0,905.5,0.0
0,310100,VOLCANIC_ROCK_VOUCHER_9500,907.0,18.0,0.0,0.0,0.0,0.0,908,18,0.0,0.0,0.0,0.0,907.5,0.0
0,310200,VOLCANIC_ROCK_VOUCHER_9500,908.0,12.0,0.0,0.0,0.0,0.0,909,12,0.0,0.0,0.0,0.0,908.5,0.0
0,310300,VOLCANIC_ROCK_VOUCHER_9500,904.0,11.0,0.0,0.0,0.0,0.0,906,11,0.0,0.0,0.0,0.0,905.0,0.0
0,310400,VOLCANIC_ROCK_VOUCHER_9500,903.0,13.0,0.0,0.0,0.0,0.0,904,13,0.0,0.0,0.0,0.0,903.5,0.0
0,310500,VOLCANIC_ROCK_VOUCHER_9500,900.0,20.0,0.0,0.0,0.0,0.0,901,20,0.0,0.0,0.0,0.0,900.5,0.0
0,310600,VOLCANIC_ROCK_VOUCHER_9500,902.0,19.0,0.0,0.0,0.0,0.0,904,19,0.0,0.0,0.0,0.0,903.0,0.0
0,310700,VOLCANIC_ROCK_VOUCHER_9500,903.0,11.0,0.0,0.0,0.0,0.0,904,11,0.0,0.0,0.0,0.0,903.5,0.0
0,310800,VOLCANIC_ROCK_VOUCHER_9500,901.0,17.0,0.0,0.0,0.0,0.0,903,17,0.0,0.0,0.0,0.0,902.0,0.0
0,310900,VOLCANIC_ROCK_VOUCHER_9500,899.0,16.0,0.0,0.0,0.0,0.0,900,16,0.0,0.0,0.0,0.0,899.5,0.0
0,311000,VOLCANIC_ROCK_VOUCHER_9500,895.0,17.0,0.0,0.0,0.0,0.0,896,17,0.0,0.0,0.0,0.0,895.5,0.0
0,311100,VOLCANIC_ROCK_VOUCHER_9500,893.0,21.0,0.0,0.0,0.0,0.0,894,21,0.0,0.0,0.0,0.0,893.5,0.0
0,311200,VOLCANIC_ROCK_VOUCHER_9500,902.0,18.0,0.0,0.0,0.0,0.0,903,18,0.0,0.0,0.0,0.0,902.5,0.0
0,311300,VOLCANIC_ROCK_VOUCHER_9500,907.0,13.0,0.0,0.0,0.0,0.0,908,13,0.0,0.0,0.0,0.0,907.5,0.0
0,311400,VOLCANIC_ROCK_VOUCHER_9500,906.0,16.0,0.0,0.0,0.0,0.0,907,16,0.0,0.0,0.0,0.0,906.5,0.0
0,311500,VOLCANIC_ROCK_VOUCHER_9500,906.0,13.0,0.0,0.0,0.0,0.0,908,13,0.0,0.0,0.0,0.0,907.0,0.0
0,311600,VOLCANIC_ROCK_VOUCHER_9500,908.0,19.0,0.0,0.0,0.0,0.0,910,19,0.0,0.0,0.0,0.0,909.0,0.0
0,311700,VOLCANIC_ROCK_VOUCHER_9500,911.0,17.0,0.0,0.0,0.0,0.0,912,17,0.0,0.0,0.0,0.0,911.5,0.0
0,311800,VOLCANIC_ROCK_VOUCHER_9500,911.0,18.0,0.0,0.0,0.0,0.0,912,18,0.0,0.0,0.0,0.0,911.5,0.0
0,311900,VOLCANIC_ROCK_VOUCHER_9500,912.0,17.0,0.0,0.0,0.0,0.0,913,17,0.0,0.0,0.0,0.0,912.5,0.0
0,312000,VOLCANIC_ROCK_VOUCHER_9500,914.0,1.0,913.0,17.0,0.0,0.0,915,18,0.0,0.0,0.0,0.0,914.5,0.0
0,312100,VOLCANIC_ROCK_VOUCHER_9500,919.0,17.0,0.0,0.0,0.0,0.0,921,17,0.0,0.0,0.0,0.0,920.0,0.0
0,312200,VOLCANIC_ROCK_VOUCHER_9500,920.0,18.0,0.0,0.0,0.0,0.0,921,18,0.0,0.0,0.0,0.0,920.5,0.0
0,312300,VOLCANIC_ROCK_VOUCHER_9500,927.0,16.0,0.0,0.0,0.0,0.0,929,16,0.0,0.0,0.0,0.0,928.0,0.0
0,312400,VOLCANIC_ROCK_VOUCHER_9500,928.0,18.0,0.0,0.0,0.0,0.0,929,18,0.0,0.0,0.0,0.0,928.5,0.0
0,312500,VOLCANIC_ROCK_VOUCHER_9500,932.0,13.0,0.0,0.0,0.0,0.0,933,13,0.0,0.0,0.0,0.0,932.5,0.0
0,312600,VOLCANIC_ROCK_VOUCHER_9500,930.0,28.0,0.0,0.0,0.0,0.0,931,10,0.0,0.0,0.0,0.0,930.5,0.0
0,312700,VOLCANIC_ROCK_VOUCHER_9500,925.0,11.0,0.0,0.0,0.0,0.0,926,11,0.0,0.0,0.0,0.0,925.5,0.0
0,312800,VOLCANIC_ROCK_VOUCHER_9500,928.0,18.0,0.0,0.0,0.0,0.0,930,18,0.0,0.0,0.0,0.0,929.0,0.0
0,312900,VOLCANIC_ROCK_VOUCHER_9500,928.0,21.0,0.0,0.0,0.0,0.0,929,21,0.0,0.0,0.0,0.0,928.5,0.0
0,313000,VOLCANIC_ROCK_VOUCHER_9500,929.0,18.0,0.0,0.0,0.0,0.0,930,18,0.0,0.0,0.0,0.0,929.5,0.0
0,313100,VOLCANIC_ROCK_VOUCHER_9500,922.0,18.0,0.0,0.0,0.0,0.0,923,18,0.0,0.0,0.0,0.0,922.5,0.0
0,313200,VOLCANIC_ROCK_VOUCHER_9500,925.0,13.0,0.0,0.0,0.0,0.0,926,13,0.0,0.0,0.0,0.0,925.5,0.0
0,313300,VOLCANIC_ROCK_VOUCHER_9500,924.0,16.0,0.0,0.0,0.0,0.0,925,16,0.0,0.0,0.0,0.0,924.5,0.0
0,313400,VOLCANIC_ROCK_VOUCHER_9500,916.0,16.0,0.0,0.0,0.0,0.0,918,16,0.0,0.0,0.0,0.0,917.0,0.0
0,313500,VOLCANIC_ROCK_VOUCHER_9500,920.0,18.0,0.0,0.0,0.0,0.0,922,18,0.0,0.0,0.0,0.0,921.0,0.0
0,313600,VOLCANIC_ROCK_VOUCHER_9500,922.0,13.0,0.0,0.0,0.0,0.0,923,13,0.0,0.0,0.0,0.0,922.5,0.0
0,313700,VOLCANIC_ROCK_VOUCHER_9500,921.0,17.0,0.0,0.0,0.0,0.0,922,17,0.0,0.0,0.0,0.0,921.5,0.0
0,313800,VOLCANIC_ROCK_VOUCHER_9500,920.0,18.0,0.0,0.0,0.0,0.0,922,18,0.0,0.0,0.0,0.0,921.0,0.0
0,313900,VOLCANIC_ROCK_VOUCHER_9500,921.0,14.0,0.0,0.0,0.0,0.0,922,14,0.0,0.0,0.0,0.0,921.5,0.0
0,314000,VOLCANIC_ROCK_VOUCHER_9500,926.0,13.0,0.0,0.0,0.0,0.0,927,13,0.0,0.0,0.0,0.0,926.5,0.0
0,314100,VOLCANIC_ROCK_VOUCHER_9500,923.0,22.0,0.0,0.0,0.0,0.0,924,22,0.0,0.0,0.0,0.0,923.5,0.0
0,314200,VOLCANIC_ROCK_VOUCHER_9500,924.0,15.0,0.0,0.0,0.0,0.0,925,15,0.0,0.0,0.0,0.0,924.5,0.0
0,314300,VOLCANIC_ROCK_VOUCHER_9500,922.0,20.0,0.0,0.0,0.0,0.0,923,20,0.0,0.0,0.0,0.0,922.5,0.0
0,314400,VOLCANIC_ROCK_VOUCHER_9500,924.0,34.0,0.0,0.0,0.0,0.0,925,20,0.0,0.0,0.0,0.0,924.5,0.0
0,314500,VOLCANIC_ROCK_VOUCHER_9500,917.0,20.0,0.0,0.0,0.0,0.0,918,20,0.0,0.0,0.0,0.0,917.5,0.0
0,314600,VOLCANIC_ROCK_VOUCHER_9500,913.0,1.0,0.0,0.0,0.0,0.0,914,2,915.0,14.0,0.0,0.0,913.5,0.0
0,314700,VOLCANIC_ROCK_VOUCHER_9500,917.0,15.0,0.0,0.0,0.0,0.0,918,15,0.0,0.0,0.0,0.0,917.5,0.0
0,314800,VOLCANIC_ROCK_VOUCHER_9500,920.0,13.0,0.0,0.0,0.0,0.0,921,13,0.0,0.0,0.0,0.0,920.5,0.0
0,314900,VOLCANIC_ROCK_VOUCHER_9500,919.0,14.0,0.0,0.0,0.0,0.0,921,14,0.0,0.0,0.0,0.0,920.0,0.0
0,315000,VOLCANIC_ROCK_VOUCHER_9500,920.0,20.0,0.0,0.0,0.0,0.0,921,20,0.0,0.0,0.0,0.0,920.5,0.0
0,315100,VOLCANIC_ROCK_VOUCHER_9500,918.0,18.0,0.0,0.0,0.0,0.0,919,2,920.0,16.0,0.0,0.0,918.5,0.0
0,315200,VOLCANIC_ROCK_VOUCHER_9500,914.0,15.0,0.0,0.0,0.0,0.0,915,15,0.0,0.0,0.0,0.0,914.5,0.0
0,315300,VOLCANIC_ROCK_VOUCHER_9500,918.0,20.0,0.0,0.0,0.0,0.0,919,20,0.0,0.0,0.0,0.0,918.5,0.0
0,315400,VOLCANIC_ROCK_VOUCHER_9500,917.0,15.0,0.0,0.0,0.0,0.0,918,15,0.0,0.0,0.0,0.0,917.5,0.0
0,315500,VOLCANIC_ROCK_VOUCHER_9500,918.0,10.0,0.0,0.0,0.0,0.0,920,10,0.0,0.0,0.0,0.0,919.0,0.0
0,315600,VOLCANIC_ROCK_VOUCHER_9500,919.0,12.0,0.0,0.0,0.0,0.0,920,12,0.0,0.0,0.0,0.0,919.5,0.0
0,315700,VOLCANIC_ROCK_VOUCHER_9500,914.0,20.0,0.0,0.0,0.0,0.0,915,20,0.0,0.0,0.0,0.0,914.5,0.0
0,315800,VOLCANIC_ROCK_VOUCHER_9500,915.0,34.0,0.0,0.0,0.0,0.0,916,19,0.0,0.0,0.0,0.0,915.5,0.0
0,315900,VOLCANIC_ROCK_VOUCHER_9500,911.0,12.0,0.0,0.0,0.0,0.0,912,12,0.0,0.0,0.0,0.0,911.5,0.0
0,316000,VOLCANIC_ROCK_VOUCHER_9500,908.0,0.0,0.0,0.0,0.0,0.0,909,13,0.0,0.0,0.0,0.0,908.5,0.0
0,316100,VOLCANIC_ROCK_VOUCHER_9500,910.0,21.0,0.0,0.0,0.0,0.0,911,21,0.0,0.0,0.0,0.0,910.5,0.0
0,316200,VOLCANIC_ROCK_VOUCHER_9500,906.0,20.0,0.0,0.0,0.0,0.0,907,20,0.0,0.0,0.0,0.0,906.5,0.0
0,316300,VOLCANIC_ROCK_VOUCHER_9500,906.0,36.0,0.0,0.0,0.0,0.0,907,20,0.0,0.0,0.0,0.0,906.5,0.0
0,316400,VOLCANIC_ROCK_VOUCHER_9500,906.0,16.0,0.0,0.0,0.0,0.0,908,16,0.0,0.0,0.0,0.0,907.0,0.0
0,316500,VOLCANIC_ROCK_VOUCHER_9500,910.0,18.0,0.0,0.0,0.0,0.0,911,18,0.0,0.0,0.0,0.0,910.5,0.0
0,316600,VOLCANIC_ROCK_VOUCHER_9500,913.0,39.0,0.0,0.0,0.0,0.0,914,19,0.0,0.0,0.0,0.0,913.5,0.0
0,316700,VOLCANIC_ROCK_VOUCHER_9500,910.0,15.0,0.0,0.0,0.0,0.0,911,15,0.0,0.0,0.0,0.0,910.5,0.0
0,316800,VOLCANIC_ROCK_VOUCHER_9500,910.0,17.0,0.0,0.0,0.0,0.0,911,17,0.0,0.0,0.0,0.0,910.5,0.0
0,316900,VOLCANIC_ROCK_VOUCHER_9500,913.0,30.0,0.0,0.0,0.0,0.0,914,18,0.0,0.0,0.0,0.0,913.5,0.0
0,317000,VOLCANIC_ROCK_VOUCHER_9500,909.0,15.0,0.0,0.0,0.0,0.0,911,15,0.0,0.0,0.0,0.0,910.0,0.0
0,317100,VOLCANIC_ROCK_VOUCHER_9500,911.0,12.0,0.0,0.0,0.0,0.0,912,12,0.0,0.0,0.0,0.0,911.5,0.0
0,317200,VOLCANIC_ROCK_VOUCHER_9500,909.0,20.0,0.0,0.0,0.0,0.0,910,20,0.0,0.0,0.0,0.0,909.5,0.0
0,317300,VOLCANIC_ROCK_VOUCHER_9500,908.0,10.0,0.0,0.0,0.0,0.0,909,10,0.0,0.0,0.0,0.0,908.5,0.0
0,317400,VOLCANIC_ROCK_VOUCHER_9500,904.0,15.0,0.0,0.0,0.0,0.0,905,15,0.0,0.0,0.0,0.0,904.5,0.0
0,317500,VOLCANIC_ROCK_VOUCHER_9500,905.0,17.0,0.0,0.0,0.0,0.0,907,17,0.0,0.0,0.0,0.0,906.0,0.0
0,317600,VOLCANIC_ROCK_VOUCHER_9500,902.0,13.0,0.0,0.0,0.0,0.0,903,13,0.0,0.0,0.0,0.0,902.5,0.0
0,317700,VOLCANIC_ROCK_VOUCHER_9500,906.0,12.0,0.0,0.0,0.0,0.0,907,12,0.0,0.0,0.0,0.0,906.5,0.0
0,317800,VOLCANIC_ROCK_VOUCHER_9500,902.0,14.0,0.0,0.0,0.0,0.0,903,14,0.0,0.0,0.0,0.0,902.5,0.0
0,317900,VOLCANIC_ROCK_VOUCHER_9500,0.0,0.0,0.0,0.0,0.0,0.0,902,1,903.0,17.0,0.0,0.0,902.0,0.0
0,318000,VOLCANIC_ROCK_VOUCHER_9500,899.0,20.0,0.0,0.0,0.0,0.0,900,20,0.0,0.0,0.0,0.0,899.5,0.0
0,318100,VOLCANIC_ROCK_VOUCHER_9500,899.0,10.0,0.0,0.0,0.0,0.0,901,10,0.0,0.0,0.0,0.0,900.0,0.0
0,318200,VOLCANIC_ROCK_VOUCHER_9500,900.0,20.0,0.0,0.0,0.0,0.0,901,20,0.0,0.0,0.0,0.0,900.5,0.0
0,318300,VOLCANIC_ROCK_VOUCHER_9500,902.0,20.0,0.0,0.0,0.0,0.0,903,20,0.0,0.0,0.0,0.0,902.5,0.0
0,318400,VOLCANIC_ROCK_VOUCHER_9500,902.0,18.0,0.0,0.0,0.0,0.0,904,18,0.0,0.0,0.0,0.0,903.0,0.0
0,318500,VOLCANIC_ROCK_VOUCHER_9500,905.0,14.0,0.0,0.0,0.0,0.0,906,14,0.0,0.0,0.0,0.0,905.5,0.0
0,318600,VOLCANIC_ROCK_VOUCHER_9500,904.0,15.0,0.0,0.0,0.0,0.0,905,15,0.0,0.0,0.0,0.0,904.5,0.0
0,318700,VOLCANIC_ROCK_VOUCHER_9500,903.0,15.0,0.0,0.0,0.0,0.0,904,15,0.0,0.0,0.0,0.0,903.5,0.0
0,318800,VOLCANIC_ROCK_VOUCHER_9500,903.0,11.0,0.0,0.0,0.0,0.0,905,11,0.0,0.0,0.0,0.0,904.0,0.0
0,318900,VOLCANIC_ROCK_VOUCHER_9500,903.0,15.0,0.0,0.0,0.0,0.0,904,15,0.0,0.0,0.0,0.0,903.5,0.0
0,319000,VOLCANIC_ROCK_VOUCHER_9500,901.0,11.0,0.0,0.0,0.0,0.0,902,11,0.0,0.0,0.0,0.0,901.5,0.0
0,319100,VOLCANIC_ROCK_VOUCHER_9500,904.0,16.0,0.0,0.0,0.0,0.0,906,16,0.0,0.0,0.0,0.0,905.0,0.0
0,319200,VOLCANIC_ROCK_VOUCHER_9500,908.0,19.0,0.0,0.0,0.0,0.0,909,19,0.0,0.0,0.0,0.0,908.5,0.0
0,319300,VOLCANIC_ROCK_VOUCHER_9500,912.0,13.0,0.0,0.0,0.0,0.0,913,13,0.0,0.0,0.0,0.0,912.5,0.0
0,319400,VOLCANIC_ROCK_VOUCHER_9500,914.0,16.0,0.0,0.0,0.0,0.0,915,16,0.0,0.0,0.0,0.0,914.5,0.0
0,319500,VOLCANIC_ROCK_VOUCHER_9500,914.0,18.0,0.0,0.0,0.0,0.0,915,18,0.0,0.0,0.0,0.0,914.5,0.0
0,319600,VOLCANIC_ROCK_VOUCHER_9500,916.0,14.0,0.0,0.0,0.0,0.0,917,14,0.0,0.0,0.0,0.0,916.5,0.0
0,319700,VOLCANIC_ROCK_VOUCHER_9500,911.0,16.0,0.0,0.0,0.0,0.0,912,16,0.0,0.0,0.0,0.0,911.5,0.0
0,319800,VOLCANIC_ROCK_VOUCHER_9500,0.0,0.0,0.0,0.0,0.0,0.0,911,3,912.0,11.0,0.0,0.0,911.0,0.0
0,319900,VOLCANIC_ROCK_VOUCHER_9500,914.0,16.0,0.0,0.0,0.0,0.0,915,16,0.0,0.0,0.0,0.0,914.5,0.0
0,320000,VOLCANIC_ROCK_VOUCHER_9500,916.0,20.0,0.0,0.0,0.0,0.0,917,20,0.0,0.0,0.0,0.0,916.5,0.0
0,320100,VOLCANIC_ROCK_VOUCHER_9500,921.0,17.0,0.0,0.0,0.0,0.0,922,17,0.0,0.0,0.0,0.0,921.5,0.0
0,320200,VOLCANIC_ROCK_VOUCHER_9500,917.0,15.0,0.0,0.0,0.0,0.0,919,15,0.0,0.0,0.0,0.0,918.0,0.0
0,320300,VOLCANIC_ROCK_VOUCHER_9500,918.0,17.0,0.0,0.0,0.0,0.0,919,17,0.0,0.0,0.0,0.0,918.5,0.0
0,320400,VOLCANIC_ROCK_VOUCHER_9500,916.0,12.0,0.0,0.0,0.0,0.0,917,12,0.0,0.0,0.0,0.0,916.5,0.0
0,320500,VOLCANIC_ROCK_VOUCHER_9500,910.0,13.0,0.0,0.0,0.0,0.0,911,13,0.0,0.0,0.0,0.0,910.5,0.0
0,320600,VOLCANIC_ROCK_VOUCHER_9500,906.0,17.0,0.0,0.0,0.0,0.0,907,17,0.0,0.0,0.0,0.0,906.5,0.0
0,320700,VOLCANIC_ROCK_VOUCHER_9500,904.0,11.0,0.0,0.0,0.0,0.0,905,11,0.0,0.0,0.0,0.0,904.5,0.0
0,320800,VOLCANIC_ROCK_VOUCHER_9500,901.0,11.0,0.0,0.0,0.0,0.0,902,11,0.0,0.0,0.0,0.0,901.5,0.0
0,320900,VOLCANIC_ROCK_VOUCHER_9500,907.0,19.0,0.0,0.0,0.0,0.0,908,19,0.0,0.0,0.0,0.0,907.5,0.0
0,321000,VOLCANIC_ROCK_VOUCHER_9500,904.0,21.0,0.0,0.0,0.0,0.0,905,21,0.0,0.0,0.0,0.0,904.5,0.0
0,321100,VOLCANIC_ROCK_VOUCHER_9500,0.0,0.0,0.0,0.0,0.0,0.0,908,6,909.0,14.0,0.0,0.0,908.0,0.0
0,321200,VOLCANIC_ROCK_VOUCHER_9500,911.0,20.0,0.0,0.0,0.0,0.0,912,20,0.0,0.0,0.0,0.0,911.5,0.0
0,321300,VOLCANIC_ROCK_VOUCHER_9500,913.0,17.0,0.0,0.0,0.0,0.0,914,1,915.0,16.0,0.0,0.0,913.5,0.0
0,321400,VOLCANIC_ROCK_VOUCHER_9500,912.0,14.0,0.0,0.0,0.0,0.0,913,14,0.0,0.0,0.0,0.0,912.5,0.0
0,321500,VOLCANIC_ROCK_VOUCHER_9500,912.0,14.0,0.0,0.0,0.0,0.0,913,14,0.0,0.0,0.0,0.0,912.5,0.0
0,321600,VOLCANIC_ROCK_VOUCHER_9500,910.0,16.0,0.0,0.0,0.0,0.0,911,16,0.0,0.0,0.0,0.0,910.5,0.0
0,321700,VOLCANIC_ROCK_VOUCHER_9500,907.0,12.0,0.0,0.0,0.0,0.0,909,12,0.0,0.0,0.0,0.0,908.0,0.0
0,321800,VOLCANIC_ROCK_VOUCHER_9500,908.0,15.0,0.0,0.0,0.0,0.0,909,15,0.0,0.0,0.0,0.0,908.5,0.0
0,321900,VOLCANIC_ROCK_VOUCHER_9500,908.0,19.0,0.0,0.0,0.0,0.0,909,19,0.0,0.0,0.0,0.0,908.5,0.0
0,322000,VOLCANIC_ROCK_VOUCHER_9500,911.0,13.0,0.0,0.0,0.0,0.0,913,13,0.0,0.0,0.0,0.0,912.0,0.0
0,322100,VOLCANIC_ROCK_VOUCHER_9500,911.0,12.0,0.0,0.0,0.0,0.0,912,12,0.0,0.0,0.0,0.0,911.5,0.0
0,322200,VOLCANIC_ROCK_VOUCHER_9500,911.0,16.0,0.0,0.0,0.0,0.0,912,16,0.0,0.0,0.0,0.0,911.5,0.0
0,322300,VOLCANIC_ROCK_VOUCHER_9500,917.0,28.0,0.0,0.0,0.0,0.0,918,12,0.0,0.0,0.0,0.0,917.5,0.0
0,322400,VOLCANIC_ROCK_VOUCHER_9500,917.0,12.0,0.0,0.0,0.0,0.0,918,12,0.0,0.0,0.0,0.0,917.5,0.0
0,322500,VOLCANIC_ROCK_VOUCHER_9500,916.0,21.0,0.0,0.0,0.0,0.0,917,21,0.0,0.0,0.0,0.0,916.5,0.0
0,322600,VOLCANIC_ROCK_VOUCHER_9500,917.0,18.0,0.0,0.0,0.0,0.0,919,18,0.0,0.0,0.0,0.0,918.0,0.0
0,322700,VOLCANIC_ROCK_VOUCHER_9500,916.0,12.0,0.0,0.0,0.0,0.0,917,12,0.0,0.0,0.0,0.0,916.5,0.0
0,322800,VOLCANIC_ROCK_VOUCHER_9500,914.0,21.0,0.0,0.0,0.0,0.0,915,15,0.0,0.0,0.0,0.0,914.5,0.0
0,322900,VOLCANIC_ROCK_VOUCHER_9500,912.0,14.0,0.0,0.0,0.0,0.0,913,14,0.0,0.0,0.0,0.0,912.5,0.0
0,323000,VOLCANIC_ROCK_VOUCHER_9500,911.0,14.0,0.0,0.0,0.0,0.0,912,14,0.0,0.0,0.0,0.0,911.5,0.0
0,323100,VOLCANIC_ROCK_VOUCHER_9500,911.0,12.0,0.0,0.0,0.0,0.0,912,12,0.0,0.0,0.0,0.0,911.5,0.0
0,323200,VOLCANIC_ROCK_VOUCHER_9500,906.0,11.0,0.0,0.0,0.0,0.0,907,11,0.0,0.0,0.0,0.0,906.5,0.0
0,323300,VOLCANIC_ROCK_VOUCHER_9500,906.0,4.0,0.0,0.0,0.0,0.0,907,17,0.0,0.0,0.0,0.0,906.5,0.0
0,323400,VOLCANIC_ROCK_VOUCHER_9500,906.0,15.0,0.0,0.0,0.0,0.0,907,15,0.0,0.0,0.0,0.0,906.5,0.0
0,323500,VOLCANIC_ROCK_VOUCHER_9500,908.0,11.0,0.0,0.0,0.0,0.0,909,11,0.0,0.0,0.0,0.0,908.5,0.0
0,323600,VOLCANIC_ROCK_VOUCHER_9500,907.0,20.0,0.0,0.0,0.0,0.0,908,20,0.0,0.0,0.0,0.0,907.5,0.0
0,323700,VOLCANIC_ROCK_VOUCHER_9500,909.0,20.0,0.0,0.0,0.0,0.0,910,20,0.0,0.0,0.0,0.0,909.5,0.0
0,323800,VOLCANIC_ROCK_VOUCHER_9500,913.0,20.0,0.0,0.0,0.0,0.0,914,20,0.0,0.0,0.0,0.0,913.5,0.0
0,323900,VOLCANIC_ROCK_VOUCHER_9500,911.0,12.0,0.0,0.0,0.0,0.0,912,12,0.0,0.0,0.0,0.0,911.5,0.0
0,324000,VOLCANIC_ROCK_VOUCHER_9500,910.0,22.0,0.0,0.0,0.0,0.0,911,22,0.0,0.0,0.0,0.0,910.5,0.0
0,324100,VOLCANIC_ROCK_VOUCHER_9500,906.0,11.0,0.0,0.0,0.0,0.0,907,11,0.0,0.0,0.0,0.0,906.5,0.0
0,324200,VOLCANIC_ROCK_VOUCHER_9500,906.0,34.0,0.0,0.0,0.0,0.0,907,17,0.0,0.0,0.0,0.0,906.5,0.0
0,324300,VOLCANIC_ROCK_VOUCHER_9500,908.0,11.0,0.0,0.0,0.0,0.0,909,11,0.0,0.0,0.0,0.0,908.5,0.0
0,324400,VOLCANIC_ROCK_VOUCHER_9500,906.0,16.0,0.0,0.0,0.0,0.0,907,16,0.0,0.0,0.0,0.0,906.5,0.0
0,324500,VOLCANIC_ROCK_VOUCHER_9500,908.0,20.0,0.0,0.0,0.0,0.0,909,20,0.0,0.0,0.0,0.0,908.5,0.0
0,324600,VOLCANIC_ROCK_VOUCHER_9500,912.0,3.0,0.0,0.0,0.0,0.0,913,14,0.0,0.0,0.0,0.0,912.5,0.0
0,324700,VOLCANIC_ROCK_VOUCHER_9500,912.0,11.0,0.0,0.0,0.0,0.0,914,11,0.0,0.0,0.0,0.0,913.0,0.0
0,324800,VOLCANIC_ROCK_VOUCHER_9500,911.0,12.0,0.0,0.0,0.0,0.0,912,12,0.0,0.0,0.0,0.0,911.5,0.0
0,324900,VOLCANIC_ROCK_VOUCHER_9500,915.0,17.0,0.0,0.0,0.0,0.0,916,17,0.0,0.0,0.0,0.0,915.5,0.0
0,325000,VOLCANIC_ROCK_VOUCHER_9500,910.0,14.0,0.0,0.0,0.0,0.0,911,14,0.0,0.0,0.0,0.0,910.5,0.0
0,325100,VOLCANIC_ROCK_VOUCHER_9500,903.0,16.0,0.0,0.0,0.0,0.0,904,16,0.0,0.0,0.0,0.0,903.5,0.0
0,325200,VOLCANIC_ROCK_VOUCHER_9500,904.0,14.0,0.0,0.0,0.0,0.0,905,14,0.0,0.0,0.0,0.0,904.5,0.0
0,325300,VOLCANIC_ROCK_VOUCHER_9500,907.0,23.0,0.0,0.0,0.0,0.0,908,13,0.0,0.0,0.0,0.0,907.5,0.0
0,325400,VOLCANIC_ROCK_VOUCHER_9500,900.0,35.0,0.0,0.0,0.0,0.0,901,19,0.0,0.0,0.0,0.0,900.5,0.0
0,325500,VOLCANIC_ROCK_VOUCHER_9500,901.0,20.0,0.0,0.0,0.0,0.0,903,20,0.0,0.0,0.0,0.0,902.0,0.0
0,325600,VOLCANIC_ROCK_VOUCHER_9500,905.0,18.0,0.0,0.0,0.0,0.0,907,18,0.0,0.0,0.0,0.0,906.0,0.0
0,325700,VOLCANIC_ROCK_VOUCHER_9500,908.0,11.0,0.0,0.0,0.0,0.0,909,11,0.0,0.0,0.0,0.0,908.5,0.0
0,325800,VOLCANIC_ROCK_VOUCHER_9500,905.0,20.0,0.0,0.0,0.0,0.0,906,20,0.0,0.0,0.0,0.0,905.5,0.0
0,325900,VOLCANIC_ROCK_VOUCHER_9500,908.0,22.0,0.0,0.0,0.0,0.0,909,22,0.0,0.0,0.0,0.0,908.5,0.0
0,326000,VOLCANIC_ROCK_VOUCHER_9500,911.0,2.0,910.0,20.0,0.0,0.0,912,22,0.0,0.0,0.0,0.0,911.5,0.0
0,326100,VOLCANIC_ROCK_VOUCHER_9500,910.0,13.0,0.0,0.0,0.0,0.0,911,13,0.0,0.0,0.0,0.0,910.5,0.0
0,326200,VOLCANIC_ROCK_VOUCHER_9500,906.0,13.0,0.0,0.0,0.0,0.0,907,13,0.0,0.0,0.0,0.0,906.5,0.0
0,326300,VOLCANIC_ROCK_VOUCHER_9500,905.0,11.0,0.0,0.0,0.0,0.0,906,11,0.0,0.0,0.0,0.0,905.5,0.0
0,326400,VOLCANIC_ROCK_VOUCHER_9500,905.0,17.0,0.0,0.0,0.0,0.0,906,17,0.0,0.0,0.0,0.0,905.5,0.0
0,326500,VOLCANIC_ROCK_VOUCHER_9500,907.0,35.0,0.0,0.0,0.0,0.0,908,19,0.0,0.0,0.0,0.0,907.5,0.0
0,326600,VOLCANIC_ROCK_VOUCHER_9500,906.0,6.0,0.0,0.0,0.0,0.0,907,20,0.0,0.0,0.0,0.0,906.5,0.0
0,326700,VOLCANIC_ROCK_VOUCHER_9500,907.0,17.0,0.0,0.0,0.0,0.0,908,17,0.0,0.0,0.0,0.0,907.5,0.0
0,326800,VOLCANIC_ROCK_VOUCHER_9500,903.0,18.0,0.0,0.0,0.0,0.0,904,18,0.0,0.0,0.0,0.0,903.5,0.0
0,326900,VOLCANIC_ROCK_VOUCHER_9500,900.0,10.0,0.0,0.0,0.0,0.0,901,10,0.0,0.0,0.0,0.0,900.5,0.0
0,327000,VOLCANIC_ROCK_VOUCHER_9500,902.0,20.0,0.0,0.0,0.0,0.0,903,20,0.0,0.0,0.0,0.0,902.5,0.0
0,327100,VOLCANIC_ROCK_VOUCHER_9500,899.0,18.0,0.0,0.0,0.0,0.0,900,18,0.0,0.0,0.0,0.0,899.5,0.0
0,327200,VOLCANIC_ROCK_VOUCHER_9500,900.0,10.0,0.0,0.0,0.0,0.0,901,10,0.0,0.0,0.0,0.0,900.5,0.0
0,327300,VOLCANIC_ROCK_VOUCHER_9500,901.0,17.0,0.0,0.0,0.0,0.0,903,17,0.0,0.0,0.0,0.0,902.0,0.0
0,327400,VOLCANIC_ROCK_VOUCHER_9500,901.0,21.0,0.0,0.0,0.0,0.0,902,21,0.0,0.0,0.0,0.0,901.5,0.0
0,327500,VOLCANIC_ROCK_VOUCHER_9500,902.0,20.0,0.0,0.0,0.0,0.0,903,20,0.0,0.0,0.0,0.0,902.5,0.0
0,327600,VOLCANIC_ROCK_VOUCHER_9500,902.0,12.0,0.0,0.0,0.0,0.0,903,12,0.0,0.0,0.0,0.0,902.5,0.0
0,327700,VOLCANIC_ROCK_VOUCHER_9500,896.0,10.0,0.0,0.0,0.0,0.0,897,10,0.0,0.0,0.0,0.0,896.5,0.0
0,327800,VOLCANIC_ROCK_VOUCHER_9500,896.0,20.0,0.0,0.0,0.0,0.0,897,20,0.0,0.0,0.0,0.0,896.5,0.0
0,327900,VOLCANIC_ROCK_VOUCHER_9500,897.0,20.0,0.0,0.0,0.0,0.0,898,20,0.0,0.0,0.0,0.0,897.5,0.0
0,328000,VOLCANIC_ROCK_VOUCHER_9500,892.0,19.0,0.0,0.0,0.0,0.0,893,19,0.0,0.0,0.0,0.0,892.5,0.0
0,328100,VOLCANIC_ROCK_VOUCHER_9500,889.0,32.0,0.0,0.0,0.0,0.0,890,15,0.0,0.0,0.0,0.0,889.5,0.0
0,328200,VOLCANIC_ROCK_VOUCHER_9500,889.0,20.0,0.0,0.0,0.0,0.0,891,20,0.0,0.0,0.0,0.0,890.0,0.0
0,328300,VOLCANIC_ROCK_VOUCHER_9500,890.0,28.0,0.0,0.0,0.0,0.0,891,11,0.0,0.0,0.0,0.0,890.5,0.0
0,328400,VOLCANIC_ROCK_VOUCHER_9500,887.0,17.0,0.0,0.0,0.0,0.0,888,17,0.0,0.0,0.0,0.0,887.5,0.0
0,328500,VOLCANIC_ROCK_VOUCHER_9500,889.0,22.0,0.0,0.0,0.0,0.0,890,22,0.0,0.0,0.0,0.0,889.5,0.0
0,328600,VOLCANIC_ROCK_VOUCHER_9500,893.0,13.0,0.0,0.0,0.0,0.0,894,13,0.0,0.0,0.0,0.0,893.5,0.0
0,328700,VOLCANIC_ROCK_VOUCHER_9500,893.0,19.0,0.0,0.0,0.0,0.0,894,19,0.0,0.0,0.0,0.0,893.5,0.0
0,328800,VOLCANIC_ROCK_VOUCHER_9500,896.0,19.0,0.0,0.0,0.0,0.0,898,19,0.0,0.0,0.0,0.0,897.0,0.0
0,328900,VOLCANIC_ROCK_VOUCHER_9500,0.0,0.0,0.0,0.0,0.0,0.0,894,2,895.0,17.0,0.0,0.0,894.0,0.0
0,329000,VOLCANIC_ROCK_VOUCHER_9500,893.0,18.0,0.0,0.0,0.0,0.0,894,18,0.0,0.0,0.0,0.0,893.5,0.0
0,329100,VOLCANIC_ROCK_VOUCHER_9500,893.0,11.0,0.0,0.0,0.0,0.0,894,11,0.0,0.0,0.0,0.0,893.5,0.0
0,329200,VOLCANIC_ROCK_VOUCHER_9500,896.0,11.0,0.0,0.0,0.0,0.0,897,11,0.0,0.0,0.0,0.0,896.5,0.0
0,329300,VOLCANIC_ROCK_VOUCHER_9500,897.0,33.0,0.0,0.0,0.0,0.0,898,21,0.0,0.0,0.0,0.0,897.5,0.0
0,329400,VOLCANIC_ROCK_VOUCHER_9500,894.0,12.0,0.0,0.0,0.0,0.0,895,12,0.0,0.0,0.0,0.0,894.5,0.0
0,329500,VOLCANIC_ROCK_VOUCHER_9500,891.0,13.0,0.0,0.0,0.0,0.0,892,13,0.0,0.0,0.0,0.0,891.5,0.0
0,329600,VOLCANIC_ROCK_VOUCHER_9500,887.0,18.0,0.0,0.0,0.0,0.0,888,18,0.0,0.0,0.0,0.0,887.5,0.0
0,329700,VOLCANIC_ROCK_VOUCHER_9500,891.0,18.0,0.0,0.0,0.0,0.0,892,18,0.0,0.0,0.0,0.0,891.5,0.0
0,329800,VOLCANIC_ROCK_VOUCHER_9500,888.0,12.0,0.0,0.0,0.0,0.0,889,12,0.0,0.0,0.0,0.0,888.5,0.0
0,329900,VOLCANIC_ROCK_VOUCHER_9500,887.0,15.0,0.0,0.0,0.0,0.0,888,15,0.0,0.0,0.0,0.0,887.5,0.0
0,330000,VOLCANIC_ROCK_VOUCHER_9500,887.0,20.0,0.0,0.0,0.0,0.0,888,20,0.0,0.0,0.0,0.0,887.5,0.0
0,330100,VOLCANIC_ROCK_VOUCHER_9500,886.0,20.0,0.0,0.0,0.0,0.0,887,2,888.0,18.0,0.0,0.0,886.5,0.0
0,330200,VOLCANIC_ROCK_VOUCHER_9500,886.0,15.0,0.0,0.0,0.0,0.0,887,15,0.0,0.0,0.0,0.0,886.5,0.0
0,330300,VOLCANIC_ROCK_VOUCHER_9500,883.0,16.0,0.0,0.0,0.0,0.0,884,16,0.0,0.0,0.0,0.0,883.5,0.0
0,330400,VOLCANIC_ROCK_VOUCHER_9500,875.0,13.0,0.0,0.0,0.0,0.0,876,13,0.0,0.0,0.0,0.0,875.5,0.0
0,330500,VOLCANIC_ROCK_VOUCHER_9500,873.0,17.0,0.0,0.0,0.0,0.0,874,17,0.0,0.0,0.0,0.0,873.5,0.0
0,330600,VOLCANIC_ROCK_VOUCHER_9500,870.0,20.0,0.0,0.0,0.0,0.0,871,20,0.0,0.0,0.0,0.0,870.5,0.0
0,330700,VOLCANIC_ROCK_VOUCHER_9500,875.0,1.0,0.0,0.0,0.0,0.0,876,11,0.0,0.0,0.0,0.0,875.5,0.0
0,330800,VOLCANIC_ROCK_VOUCHER_9500,879.0,21.0,0.0,0.0,0.0,0.0,880,21,0.0,0.0,0.0,0.0,879.5,0.0
0,330900,VOLCANIC_ROCK_VOUCHER_9500,877.0,18.0,0.0,0.0,0.0,0.0,878,1,879.0,17.0,0.0,0.0,877.5,0.0
0,331000,VOLCANIC_ROCK_VOUCHER_9500,882.0,35.0,0.0,0.0,0.0,0.0,883,22,0.0,0.0,0.0,0.0,882.5,0.0
0,331100,VOLCANIC_ROCK_VOUCHER_9500,886.0,16.0,0.0,0.0,0.0,0.0,887,16,0.0,0.0,0.0,0.0,886.5,0.0
0,331200,VOLCANIC_ROCK_VOUCHER_9500,886.0,20.0,0.0,0.0,0.0,0.0,888,20,0.0,0.0,0.0,0.0,887.0,0.0
0,331300,VOLCANIC_ROCK_VOUCHER_9500,883.0,15.0,0.0,0.0,0.0,0.0,884,15,0.0,0.0,0.0,0.0,883.5,0.0
0,331400,VOLCANIC_ROCK_VOUCHER_9500,881.0,17.0,0.0,0.0,0.0,0.0,882,17,0.0,0.0,0.0,0.0,881.5,0.0
0,331500,VOLCANIC_ROCK_VOUCHER_9500,885.0,35.0,0.0,0.0,0.0,0.0,886,20,0.0,0.0,0.0,0.0,885.5,0.0
0,331600,VOLCANIC_ROCK_VOUCHER_9500,887.0,18.0,0.0,0.0,0.0,0.0,888,18,0.0,0.0,0.0,0.0,887.5,0.0
0,331700,VOLCANIC_ROCK_VOUCHER_9500,885.0,17.0,0.0,0.0,0.0,0.0,886,17,0.0,0.0,0.0,0.0,885.5,0.0
0,331800,VOLCANIC_ROCK_VOUCHER_9500,888.0,14.0,0.0,0.0,0.0,0.0,889,14,0.0,0.0,0.0,0.0,888.5,0.0
0,331900,VOLCANIC_ROCK_VOUCHER_9500,0.0,0.0,0.0,0.0,0.0,0.0,891,5,892.0,10.0,0.0,0.0,891.0,0.0
0,332000,VOLCANIC_ROCK_VOUCHER_9500,893.0,19.0,0.0,0.0,0.0,0.0,894,19,0.0,0.0,0.0,0.0,893.5,0.0
0,332100,VOLCANIC_ROCK_VOUCHER_9500,898.0,16.0,0.0,0.0,0.0,0.0,899,16,0.0,0.0,0.0,0.0,898.5,0.0
0,332200,VOLCANIC_ROCK_VOUCHER_9500,900.0,21.0,0.0,0.0,0.0,0.0,901,21,0.0,0.0,0.0,0.0,900.5,0.0
0,332300,VOLCANIC_ROCK_VOUCHER_9500,901.0,18.0,0.0,0.0,0.0,0.0,902,18,0.0,0.0,0.0,0.0,901.5,0.0
0,332400,VOLCANIC_ROCK_VOUCHER_9500,896.0,19.0,0.0,0.0,0.0,0.0,897,19,0.0,0.0,0.0,0.0,896.5,0.0
0,332500,VOLCANIC_ROCK_VOUCHER_9500,896.0,12.0,0.0,0.0,0.0,0.0,897,12,0.0,0.0,0.0,0.0,896.5,0.0
0,332600,VOLCANIC_ROCK_VOUCHER_9500,893.0,16.0,0.0,0.0,0.0,0.0,894,16,0.0,0.0,0.0,0.0,893.5,0.0
0,332700,VOLCANIC_ROCK_VOUCHER_9500,898.0,19.0,0.0,0.0,0.0,0.0,899,19,0.0,0.0,0.0,0.0,898.5,0.0
0,332800,VOLCANIC_ROCK_VOUCHER_9500,900.0,18.0,0.0,0.0,0.0,0.0,901,18,0.0,0.0,0.0,0.0,900.5,0.0
0,332900,VOLCANIC_ROCK_VOUCHER_9500,901.0,20.0,0.0,0.0,0.0,0.0,902,20,0.0,0.0,0.0,0.0,901.5,0.0
0,333000,VOLCANIC_ROCK_VOUCHER_9500,904.0,14.0,0.0,0.0,0.0,0.0,905,14,0.0,0.0,0.0,0.0,904.5,0.0
0,333100,VOLCANIC_ROCK_VOUCHER_9500,901.0,13.0,0.0,0.0,0.0,0.0,903,13,0.0,0.0,0.0,0.0,902.0,0.0
0,333200,VOLCANIC_ROCK_VOUCHER_9500,902.0,16.0,0.0,0.0,0.0,0.0,903,16,0.0,0.0,0.0,0.0,902.5,0.0
0,333300,VOLCANIC_ROCK_VOUCHER_9500,906.0,15.0,0.0,0.0,0.0,0.0,907,15,0.0,0.0,0.0,0.0,906.5,0.0
0,333400,VOLCANIC_ROCK_VOUCHER_9500,907.0,13.0,0.0,0.0,0.0,0.0,909,13,0.0,0.0,0.0,0.0,908.0,0.0
0,333500,VOLCANIC_ROCK_VOUCHER_9500,910.0,11.0,0.0,0.0,0.0,0.0,911,11,0.0,0.0,0.0,0.0,910.5,0.0
0,333600,VOLCANIC_ROCK_VOUCHER_9500,915.0,20.0,0.0,0.0,0.0,0.0,916,20,0.0,0.0,0.0,0.0,915.5,0.0
0,333700,VOLCANIC_ROCK_VOUCHER_9500,915.0,15.0,0.0,0.0,0.0,0.0,916,15,0.0,0.0,0.0,0.0,915.5,0.0
0,333800,VOLCANIC_ROCK_VOUCHER_9500,914.0,12.0,0.0,0.0,0.0,0.0,915,12,0.0,0.0,0.0,0.0,914.5,0.0
0,333900,VOLCANIC_ROCK_VOUCHER_9500,911.0,20.0,0.0,0.0,0.0,0.0,912,20,0.0,0.0,0.0,0.0,911.5,0.0
0,334000,VOLCANIC_ROCK_VOUCHER_9500,907.0,17.0,0.0,0.0,0.0,0.0,908,17,0.0,0.0,0.0,0.0,907.5,0.0
0,334100,VOLCANIC_ROCK_VOUCHER_9500,906.0,13.0,0.0,0.0,0.0,0.0,907,13,0.0,0.0,0.0,0.0,906.5,0.0
0,334200,VOLCANIC_ROCK_VOUCHER_9500,0.0,0.0,0.0,0.0,0.0,0.0,903,4,904.0,16.0,0.0,0.0,903.0,0.0
0,334300,VOLCANIC_ROCK_VOUCHER_9500,902.0,19.0,0.0,0.0,0.0,0.0,903,19,0.0,0.0,0.0,0.0,902.5,0.0
0,334400,VOLCANIC_ROCK_VOUCHER_9500,904.0,12.0,0.0,0.0,0.0,0.0,905,12,0.0,0.0,0.0,0.0,904.5,0.0
0,334500,VOLCANIC_ROCK_VOUCHER_9500,906.0,12.0,0.0,0.0,0.0,0.0,908,12,0.0,0.0,0.0,0.0,907.0,0.0
0,334600,VOLCANIC_ROCK_VOUCHER_9500,903.0,13.0,0.0,0.0,0.0,0.0,905,13,0.0,0.0,0.0,0.0,904.0,0.0
0,334700,VOLCANIC_ROCK_VOUCHER_9500,896.0,13.0,0.0,0.0,0.0,0.0,897,13,0.0,0.0,0.0,0.0,896.5,0.0
0,334800,VOLCANIC_ROCK_VOUCHER_9500,900.0,13.0,0.0,0.0,0.0,0.0,902,13,0.0,0.0,0.0,0.0,901.0,0.0
0,334900,VOLCANIC_ROCK_VOUCHER_9500,898.0,16.0,0.0,0.0,0.0,0.0,899,16,0.0,0.0,0.0,0.0,898.5,0.0
0,335000,VOLCANIC_ROCK_VOUCHER_9500,900.0,18.0,0.0,0.0,0.0,0.0,901,18,0.0,0.0,0.0,0.0,900.5,0.0
0,335100,VOLCANIC_ROCK_VOUCHER_9500,900.0,11.0,0.0,0.0,0.0,0.0,901,11,0.0,0.0,0.0,0.0,900.5,0.0
0,335200,VOLCANIC_ROCK_VOUCHER_9500,903.0,21.0,0.0,0.0,0.0,0.0,904,21,0.0,0.0,0.0,0.0,903.5,0.0
0,335300,VOLCANIC_ROCK_VOUCHER_9500,900.0,24.0,0.0,0.0,0.0,0.0,901,14,0.0,0.0,0.0,0.0,900.5,0.0
0,335400,VOLCANIC_ROCK_VOUCHER_9500,901.0,35.0,0.0,0.0,0.0,0.0,902,21,0.0,0.0,0.0,0.0,901.5,0.0
0,335500,VOLCANIC_ROCK_VOUCHER_9500,898.0,10.0,0.0,0.0,0.0,0.0,899,10,0.0,0.0,0.0,0.0,898.5,0.0
0,335600,VOLCANIC_ROCK_VOUCHER_9500,893.0,15.0,0.0,0.0,0.0,0.0,894,15,0.0,0.0,0.0,0.0,893.5,0.0
0,335700,VOLCANIC_ROCK_VOUCHER_9500,893.0,17.0,0.0,0.0,0.0,0.0,895,17,0.0,0.0,0.0,0.0,894.0,0.0
0,335800,VOLCANIC_ROCK_VOUCHER_9500,894.0,22.0,0.0,0.0,0.0,0.0,895,22,0.0,0.0,0.0,0.0,894.5,0.0
0,335900,VOLCANIC_ROCK_VOUCHER_9500,894.0,18.0,0.0,0.0,0.0,0.0,895,18,0.0,0.0,0.0,0.0,894.5,0.0
0,336000,VOLCANIC_ROCK_VOUCHER_9500,892.0,20.0,0.0,0.0,0.0,0.0,893,20,0.0,0.0,0.0,0.0,892.5,0.0
0,336100,VOLCANIC_ROCK_VOUCHER_9500,889.0,16.0,0.0,0.0,0.0,0.0,890,16,0.0,0.0,0.0,0.0,889.5,0.0
0,336200,VOLCANIC_ROCK_VOUCHER_9500,882.0,19.0,0.0,0.0,0.0,0.0,884,19,0.0,0.0,0.0,0.0,883.0,0.0
0,336300,VOLCANIC_ROCK_VOUCHER_9500,884.0,3.0,0.0,0.0,0.0,0.0,885,16,0.0,0.0,0.0,0.0,884.5,0.0
0,336400,VOLCANIC_ROCK_VOUCHER_9500,883.0,16.0,0.0,0.0,0.0,0.0,884,16,0.0,0.0,0.0,0.0,883.5,0.0
0,336500,VOLCANIC_ROCK_VOUCHER_9500,880.0,13.0,0.0,0.0,0.0,0.0,881,13,0.0,0.0,0.0,0.0,880.5,0.0
0,336600,VOLCANIC_ROCK_VOUCHER_9500,882.0,20.0,0.0,0.0,0.0,0.0,883,20,0.0,0.0,0.0,0.0,882.5,0.0
0,336700,VOLCANIC_ROCK_VOUCHER_9500,883.0,31.0,0.0,0.0,0.0,0.0,884,14,0.0,0.0,0.0,0.0,883.5,0.0
0,336800,VOLCANIC_ROCK_VOUCHER_9500,889.0,15.0,0.0,0.0,0.0,0.0,891,15,0.0,0.0,0.0,0.0,890.0,0.0
0,336900,VOLCANIC_ROCK_VOUCHER_9500,890.0,12.0,0.0,0.0,0.0,0.0,891,12,0.0,0.0,0.0,0.0,890.5,0.0
0,337000,VOLCANIC_ROCK_VOUCHER_9500,888.0,15.0,0.0,0.0,0.0,0.0,889,15,0.0,0.0,0.0,0.0,888.5,0.0
0,337100,VOLCANIC_ROCK_VOUCHER_9500,885.0,20.0,0.0,0.0,0.0,0.0,887,20,0.0,0.0,0.0,0.0,886.0,0.0
0,337200,VOLCANIC_ROCK_VOUCHER_9500,885.0,11.0,0.0,0.0,0.0,0.0,886,11,0.0,0.0,0.0,0.0,885.5,0.0
0,337300,VOLCANIC_ROCK_VOUCHER_9500,884.0,10.0,0.0,0.0,0.0,0.0,885,10,0.0,0.0,0.0,0.0,884.5,0.0
0,337400,VOLCANIC_ROCK_VOUCHER_9500,884.0,15.0,0.0,0.0,0.0,0.0,885,15,0.0,0.0,0.0,0.0,884.5,0.0
0,337500,VOLCANIC_ROCK_VOUCHER_9500,882.0,11.0,0.0,0.0,0.0,0.0,884,11,0.0,0.0,0.0,0.0,883.0,0.0
0,337600,VOLCANIC_ROCK_VOUCHER_9500,882.0,22.0,0.0,0.0,0.0,0.0,883,22,0.0,0.0,0.0,0.0,882.5,0.0
0,337700,VOLCANIC_ROCK_VOUCHER_9500,884.0,17.0,0.0,0.0,0.0,0.0,885,17,0.0,0.0,0.0,0.0,884.5,0.0
0,337800,VOLCANIC_ROCK_VOUCHER_9500,884.0,20.0,0.0,0.0,0.0,0.0,885,20,0.0,0.0,0.0,0.0,884.5,0.0
0,337900,VOLCANIC_ROCK_VOUCHER_9500,882.0,17.0,0.0,0.0,0.0,0.0,883,17,0.0,0.0,0.0,0.0,882.5,0.0
0,338000,VOLCANIC_ROCK_VOUCHER_9500,880.0,30.0,0.0,0.0,0.0,0.0,881,14,0.0,0.0,0.0,0.0,880.5,0.0
0,338100,VOLCANIC_ROCK_VOUCHER_9500,878.0,19.0,0.0,0.0,0.0,0.0,879,19,0.0,0.0,0.0,0.0,878.5,0.0
0,338200,VOLCANIC_ROCK_VOUCHER_9500,875.0,15.0,0.0,0.0,0.0,0.0,876,15,0.0,0.0,0.0,0.0,875.5,0.0
0,338300,VOLCANIC_ROCK_VOUCHER_9500,874.0,19.0,0.0,0.0,0.0,0.0,875,19,0.0,0.0,0.0,0.0,874.5,0.0
0,338400,VOLCANIC_ROCK_VOUCHER_9500,870.0,14.0,0.0,0.0,0.0,0.0,871,14,0.0,0.0,0.0,0.0,870.5,0.0
0,338500,VOLCANIC_ROCK_VOUCHER_9500,870.0,15.0,0.0,0.0,0.0,0.0,871,15,0.0,0.0,0.0,0.0,870.5,0.0
0,338600,VOLCANIC_ROCK_VOUCHER_9500,868.0,19.0,0.0,0.0,0.0,0.0,869,19,0.0,0.0,0.0,0.0,868.5,0.0
0,338700,VOLCANIC_ROCK_VOUCHER_9500,871.0,11.0,0.0,0.0,0.0,0.0,872,11,0.0,0.0,0.0,0.0,871.5,0.0
0,338800,VOLCANIC_ROCK_VOUCHER_9500,862.0,20.0,0.0,0.0,0.0,0.0,863,1,864.0,19.0,0.0,0.0,862.5,0.0
0,338900,VOLCANIC_ROCK_VOUCHER_9500,855.0,14.0,0.0,0.0,0.0,0.0,857,14,0.0,0.0,0.0,0.0,856.0,0.0
0,339000,VOLCANIC_ROCK_VOUCHER_9500,855.0,17.0,0.0,0.0,0.0,0.0,856,17,0.0,0.0,0.0,0.0,855.5,0.0
0,339100,VOLCANIC_ROCK_VOUCHER_9500,852.0,31.0,0.0,0.0,0.0,0.0,853,19,0.0,0.0,0.0,0.0,852.5,0.0
0,339200,VOLCANIC_ROCK_VOUCHER_9500,818.0,20.0,0.0,0.0,0.0,0.0,819,20,0.0,0.0,0.0,0.0,818.5,0.0
0,339300,VOLCANIC_ROCK_VOUCHER_9500,830.0,20.0,0.0,0.0,0.0,0.0,831,20,0.0,0.0,0.0,0.0,830.5,0.0
0,339400,VOLCANIC_ROCK_VOUCHER_9500,828.0,16.0,0.0,0.0,0.0,0.0,829,16,0.0,0.0,0.0,0.0,828.5,0.0
0,339500,VOLCANIC_ROCK_VOUCHER_9500,830.0,10.0,0.0,0.0,0.0,0.0,831,10,0.0,0.0,0.0,0.0,830.5,0.0
0,339600,VOLCANIC_ROCK_VOUCHER_9500,822.0,13.0,0.0,0.0,0.0,0.0,823,13,0.0,0.0,0.0,0.0,822.5,0.0
0,339700,VOLCANIC_ROCK_VOUCHER_9500,820.0,13.0,0.0,0.0,0.0,0.0,821,13,0.0,0.0,0.0,0.0,820.5,0.0
0,339800,VOLCANIC_ROCK_VOUCHER_9500,829.0,3.0,0.0,0.0,0.0,0.0,830,10,0.0,0.0,0.0,0.0,829.5,0.0
0,339900,VOLCANIC_ROCK_VOUCHER_9500,827.0,19.0,0.0,0.0,0.0,0.0,828,19,0.0,0.0,0.0,0.0,827.5,0.0
0,340000,VOLCANIC_ROCK_VOUCHER_9500,826.0,7.0,0.0,0.0,0.0,0.0,827,20,0.0,0.0,0.0,0.0,826.5,0.0
0,340100,VOLCANIC_ROCK_VOUCHER_9500,816.0,15.0,0.0,0.0,0.0,0.0,818,15,0.0,0.0,0.0,0.0,817.0,0.0
0,340200,VOLCANIC_ROCK_VOUCHER_9500,811.0,15.0,0.0,0.0,0.0,0.0,812,15,0.0,0.0,0.0,0.0,811.5,0.0
0,340300,VOLCANIC_ROCK_VOUCHER_9500,808.0,17.0,0.0,0.0,0.0,0.0,809,17,0.0,0.0,0.0,0.0,808.5,0.0
0,340400,VOLCANIC_ROCK_VOUCHER_9500,805.0,14.0,0.0,0.0,0.0,0.0,806,14,0.0,0.0,0.0,0.0,805.5,0.0
0,340500,VOLCANIC_ROCK_VOUCHER_9500,810.0,16.0,0.0,0.0,0.0,0.0,811,16,0.0,0.0,0.0,0.0,810.5,0.0
0,340600,VOLCANIC_ROCK_VOUCHER_9500,819.0,17.0,0.0,0.0,0.0,0.0,820,17,0.0,0.0,0.0,0.0,819.5,0.0
0,340700,VOLCANIC_ROCK_VOUCHER_9500,826.0,14.0,0.0,0.0,0.0,0.0,827,14,0.0,0.0,0.0,0.0,826.5,0.0
0,340800,VOLCANIC_ROCK_VOUCHER_9500,822.0,17.0,0.0,0.0,0.0,0.0,824,17,0.0,0.0,0.0,0.0,823.0,0.0
0,340900,VOLCANIC_ROCK_VOUCHER_9500,825.0,6.0,0.0,0.0,0.0,0.0,826,20,0.0,0.0,0.0,0.0,825.5,0.0
0,341000,VOLCANIC_ROCK_VOUCHER_9500,822.0,16.0,0.0,0.0,0.0,0.0,823,16,0.0,0.0,0.0,0.0,822.5,0.0
0,341100,VOLCANIC_ROCK_VOUCHER_9500,832.0,10.0,0.0,0.0,0.0,0.0,833,10,0.0,0.0,0.0,0.0,832.5,0.0
0,341200,VOLCANIC_ROCK_VOUCHER_9500,838.0,12.0,0.0,0.0,0.0,0.0,839,12,0.0,0.0,0.0,0.0,838.5,0.0
0,341300,VOLCANIC_ROCK_VOUCHER_9500,839.0,18.0,0.0,0.0,0.0,0.0,840,18,0.0,0.0,0.0,0.0,839.5,0.0
0,341400,VOLCANIC_ROCK_VOUCHER_9500,838.0,14.0,0.0,0.0,0.0,0.0,840,14,0.0,0.0,0.0,0.0,839.0,0.0
0,341500,VOLCANIC_ROCK_VOUCHER_9500,843.0,21.0,0.0,0.0,0.0,0.0,844,21,0.0,0.0,0.0,0.0,843.5,0.0
0,341600,VOLCANIC_ROCK_VOUCHER_9500,0.0,0.0,0.0,0.0,0.0,0.0,839,1,840.0,11.0,0.0,0.0,839.0,0.0
0,341700,VOLCANIC_ROCK_VOUCHER_9500,841.0,13.0,0.0,0.0,0.0,0.0,842,13,0.0,0.0,0.0,0.0,841.5,0.0
0,341800,VOLCANIC_ROCK_VOUCHER_9500,848.0,13.0,0.0,0.0,0.0,0.0,849,13,0.0,0.0,0.0,0.0,848.5,0.0
0,341900,VOLCANIC_ROCK_VOUCHER_9500,846.0,12.0,0.0,0.0,0.0,0.0,847,12,0.0,0.0,0.0,0.0,846.5,0.0
0,342000,VOLCANIC_ROCK_VOUCHER_9500,845.0,22.0,0.0,0.0,0.0,0.0,846,22,0.0,0.0,0.0,0.0,845.5,0.0
0,342100,VOLCANIC_ROCK_VOUCHER_9500,839.0,16.0,0.0,0.0,0.0,0.0,841,16,0.0,0.0,0.0,0.0,840.0,0.0
0,342200,VOLCANIC_ROCK_VOUCHER_9500,839.0,14.0,0.0,0.0,0.0,0.0,840,14,0.0,0.0,0.0,0.0,839.5,0.0
0,342300,VOLCANIC_ROCK_VOUCHER_9500,842.0,16.0,0.0,0.0,0.0,0.0,843,16,0.0,0.0,0.0,0.0,842.5,0.0
0,342400,VOLCANIC_ROCK_VOUCHER_9500,841.0,7.0,0.0,0.0,0.0,0.0,842,19,0.0,0.0,0.0,0.0,841.5,0.0
0,342500,VOLCANIC_ROCK_VOUCHER_9500,843.0,38.0,0.0,0.0,0.0,0.0,844,21,0.0,0.0,0.0,0.0,843.5,0.0
0,342600,VOLCANIC_ROCK_VOUCHER_9500,841.0,13.0,0.0,0.0,0.0,0.0,842,13,0.0,0.0,0.0,0.0,841.5,0.0
0,342700,VOLCANIC_ROCK_VOUCHER_9500,840.0,21.0,0.0,0.0,0.0,0.0,841,21,0.0,0.0,0.0,0.0,840.5,0.0
0,342800,VOLCANIC_ROCK_VOUCHER_9500,837.0,21.0,0.0,0.0,0.0,0.0,838,21,0.0,0.0,0.0,0.0,837.5,0.0
0,342900,VOLCANIC_ROCK_VOUCHER_9500,837.0,21.0,0.0,0.0,0.0,0.0,838,21,0.0,0.0,0.0,0.0,837.5,0.0
0,343000,VOLCANIC_ROCK_VOUCHER_9500,844.0,15.0,0.0,0.0,0.0,0.0,845,15,0.0,0.0,0.0,0.0,844.5,0.0
0,343100,VOLCANIC_ROCK_VOUCHER_9500,846.0,22.0,0.0,0.0,0.0,0.0,847,22,0.0,0.0,0.0,0.0,846.5,0.0
0,343200,VOLCANIC_ROCK_VOUCHER_9500,852.0,18.0,0.0,0.0,0.0,0.0,853,18,0.0,0.0,0.0,0.0,852.5,0.0
0,343300,VOLCANIC_ROCK_VOUCHER_9500,851.0,13.0,0.0,0.0,0.0,0.0,852,13,0.0,0.0,0.0,0.0,851.5,0.0
0,343400,VOLCANIC_ROCK_VOUCHER_9500,853.0,15.0,0.0,0.0,0.0,0.0,854,15,0.0,0.0,0.0,0.0,853.5,0.0
0,343500,VOLCANIC_ROCK_VOUCHER_9500,849.0,11.0,0.0,0.0,0.0,0.0,850,11,0.0,0.0,0.0,0.0,849.5,0.0
0,343600,VOLCANIC_ROCK_VOUCHER_9500,844.0,2.0,0.0,0.0,0.0,0.0,845,16,0.0,0.0,0.0,0.0,844.5,0.0
0,343700,VOLCANIC_ROCK_VOUCHER_9500,845.0,10.0,0.0,0.0,0.0,0.0,846,10,0.0,0.0,0.0,0.0,845.5,0.0
0,343800,VOLCANIC_ROCK_VOUCHER_9500,844.0,29.0,0.0,0.0,0.0,0.0,845,12,0.0,0.0,0.0,0.0,844.5,0.0
0,343900,VOLCANIC_ROCK_VOUCHER_9500,844.0,17.0,0.0,0.0,0.0,0.0,845,17,0.0,0.0,0.0,0.0,844.5,0.0
0,344000,VOLCANIC_ROCK_VOUCHER_9500,852.0,11.0,0.0,0.0,0.0,0.0,853,11,0.0,0.0,0.0,0.0,852.5,0.0
0,344100,VOLCANIC_ROCK_VOUCHER_9500,851.0,13.0,0.0,0.0,0.0,0.0,852,13,0.0,0.0,0.0,0.0,851.5,0.0
0,344200,VOLCANIC_ROCK_VOUCHER_9500,849.0,12.0,0.0,0.0,0.0,0.0,850,12,0.0,0.0,0.0,0.0,849.5,0.0
0,344300,VOLCANIC_ROCK_VOUCHER_9500,846.0,17.0,0.0,0.0,0.0,0.0,848,17,0.0,0.0,0.0,0.0,847.0,0.0
0,344400,VOLCANIC_ROCK_VOUCHER_9500,848.0,14.0,0.0,0.0,0.0,0.0,849,14,0.0,0.0,0.0,0.0,848.5,0.0
0,344500,VOLCANIC_ROCK_VOUCHER_9500,852.0,14.0,0.0,0.0,0.0,0.0,853,14,0.0,0.0,0.0,0.0,852.5,0.0
0,344600,VOLCANIC_ROCK_VOUCHER_9500,855.0,11.0,0.0,0.0,0.0,0.0,856,11,0.0,0.0,0.0,0.0,855.5,0.0
0,344700,VOLCANIC_ROCK_VOUCHER_9500,858.0,13.0,0.0,0.0,0.0,0.0,859,13,0.0,0.0,0.0,0.0,858.5,0.0
0,344800,VOLCANIC_ROCK_VOUCHER_9500,864.0,11.0,0.0,0.0,0.0,0.0,865,11,0.0,0.0,0.0,0.0,864.5,0.0
0,344900,VOLCANIC_ROCK_VOUCHER_9500,864.0,18.0,0.0,0.0,0.0,0.0,865,18,0.0,0.0,0.0,0.0,864.5,0.0
0,345000,VOLCANIC_ROCK_VOUCHER_9500,862.0,15.0,0.0,0.0,0.0,0.0,863,15,0.0,0.0,0.0,0.0,862.5,0.0
0,345100,VOLCANIC_ROCK_VOUCHER_9500,856.0,15.0,0.0,0.0,0.0,0.0,857,15,0.0,0.0,0.0,0.0,856.5,0.0
0,345200,VOLCANIC_ROCK_VOUCHER_9500,862.0,22.0,0.0,0.0,0.0,0.0,863,22,0.0,0.0,0.0,0.0,862.5,0.0
0,345300,VOLCANIC_ROCK_VOUCHER_9500,868.0,17.0,0.0,0.0,0.0,0.0,869,17,0.0,0.0,0.0,0.0,868.5,0.0
0,345400,VOLCANIC_ROCK_VOUCHER_9500,871.0,15.0,0.0,0.0,0.0,0.0,872,15,0.0,0.0,0.0,0.0,871.5,0.0
0,345500,VOLCANIC_ROCK_VOUCHER_9500,867.0,17.0,0.0,0.0,0.0,0.0,868,17,0.0,0.0,0.0,0.0,867.5,0.0
0,345600,VOLCANIC_ROCK_VOUCHER_9500,870.0,18.0,0.0,0.0,0.0,0.0,871,18,0.0,0.0,0.0,0.0,870.5,0.0
0,345700,VOLCANIC_ROCK_VOUCHER_9500,863.0,15.0,0.0,0.0,0.0,0.0,864,15,0.0,0.0,0.0,0.0,863.5,0.0
0,345800,VOLCANIC_ROCK_VOUCHER_9500,861.0,19.0,0.0,0.0,0.0,0.0,862,19,0.0,0.0,0.0,0.0,861.5,0.0
0,345900,VOLCANIC_ROCK_VOUCHER_9500,864.0,13.0,0.0,0.0,0.0,0.0,865,13,0.0,0.0,0.0,0.0,864.5,0.0
0,346000,VOLCANIC_ROCK_VOUCHER_9500,865.0,12.0,0.0,0.0,0.0,0.0,866,12,0.0,0.0,0.0,0.0,865.5,0.0
0,346100,VOLCANIC_ROCK_VOUCHER_9500,866.0,19.0,0.0,0.0,0.0,0.0,867,19,0.0,0.0,0.0,0.0,866.5,0.0
0,346200,VOLCANIC_ROCK_VOUCHER_9500,866.0,15.0,0.0,0.0,0.0,0.0,867,15,0.0,0.0,0.0,0.0,866.5,0.0
0,346300,VOLCANIC_ROCK_VOUCHER_9500,864.0,19.0,0.0,0.0,0.0,0.0,865,19,0.0,0.0,0.0,0.0,864.5,0.0
0,346400,VOLCANIC_ROCK_VOUCHER_9500,866.0,20.0,0.0,0.0,0.0,0.0,867,20,0.0,0.0,0.0,0.0,866.5,0.0
0,346500,VOLCANIC_ROCK_VOUCHER_9500,863.0,12.0,0.0,0.0,0.0,0.0,864,12,0.0,0.0,0.0,0.0,863.5,0.0
0,346600,VOLCANIC_ROCK_VOUCHER_9500,868.0,16.0,0.0,0.0,0.0,0.0,869,16,0.0,0.0,0.0,0.0,868.5,0.0
0,346700,VOLCANIC_ROCK_VOUCHER_9500,868.0,11.0,0.0,0.0,0.0,0.0,869,11,0.0,0.0,0.0,0.0,868.5,0.0
0,346800,VOLCANIC_ROCK_VOUCHER_9500,872.0,16.0,0.0,0.0,0.0,0.0,873,16,0.0,0.0,0.0,0.0,872.5,0.0
0,346900,VOLCANIC_ROCK_VOUCHER_9500,870.0,14.0,0.0,0.0,0.0,0.0,871,14,0.0,0.0,0.0,0.0,870.5,0.0
0,347000,VOLCANIC_ROCK_VOUCHER_9500,868.0,15.0,0.0,0.0,0.0,0.0,869,15,0.0,0.0,0.0,0.0,868.5,0.0
0,347100,VOLCANIC_ROCK_VOUCHER_9500,868.0,14.0,0.0,0.0,0.0,0.0,869,14,0.0,0.0,0.0,0.0,868.5,0.0
0,347200,VOLCANIC_ROCK_VOUCHER_9500,870.0,12.0,0.0,0.0,0.0,0.0,871,12,0.0,0.0,0.0,0.0,870.5,0.0
0,347300,VOLCANIC_ROCK_VOUCHER_9500,875.0,26.0,0.0,0.0,0.0,0.0,876,13,0.0,0.0,0.0,0.0,875.5,0.0
0,347400,VOLCANIC_ROCK_VOUCHER_9500,874.0,13.0,0.0,0.0,0.0,0.0,875,13,0.0,0.0,0.0,0.0,874.5,0.0
0,347500,VOLCANIC_ROCK_VOUCHER_9500,869.0,19.0,0.0,0.0,0.0,0.0,870,19,0.0,0.0,0.0,0.0,869.5,0.0
0,347600,VOLCANIC_ROCK_VOUCHER_9500,873.0,18.0,0.0,0.0,0.0,0.0,874,18,0.0,0.0,0.0,0.0,873.5,0.0
0,347700,VOLCANIC_ROCK_VOUCHER_9500,872.0,10.0,0.0,0.0,0.0,0.0,873,22,0.0,0.0,0.0,0.0,872.5,0.0
0,347800,VOLCANIC_ROCK_VOUCHER_9500,871.0,16.0,0.0,0.0,0.0,0.0,872,16,0.0,0.0,0.0,0.0,871.5,0.0
0,347900,VOLCANIC_ROCK_VOUCHER_9500,0.0,0.0,0.0,0.0,0.0,0.0,874,20,0.0,0.0,0.0,0.0,874.0,0.0
0,348000,VOLCANIC_ROCK_VOUCHER_9500,873.0,19.0,0.0,0.0,0.0,0.0,874,19,0.0,0.0,0.0,0.0,873.5,0.0
0,348100,VOLCANIC_ROCK_VOUCHER_9500,877.0,22.0,0.0,0.0,0.0,0.0,878,2,879.0,20.0,0.0,0.0,877.5,0.0
0,348200,VOLCANIC_ROCK_VOUCHER_9500,876.0,17.0,0.0,0.0,0.0,0.0,877,17,0.0,0.0,0.0,0.0,876.5,0.0
0,348300,VOLCANIC_ROCK_VOUCHER_9500,882.0,20.0,0.0,0.0,0.0,0.0,883,20,0.0,0.0,0.0,0.0,882.5,0.0
0,348400,VOLCANIC_ROCK_VOUCHER_9500,878.0,37.0,0.0,0.0,0.0,0.0,879,17,0.0,0.0,0.0,0.0,878.5,0.0
0,348500,VOLCANIC_ROCK_VOUCHER_9500,878.0,17.0,0.0,0.0,0.0,0.0,879,17,0.0,0.0,0.0,0.0,878.5,0.0
0,348600,VOLCANIC_ROCK_VOUCHER_9500,876.0,19.0,0.0,0.0,0.0,0.0,877,19,0.0,0.0,0.0,0.0,876.5,0.0
0,348700,VOLCANIC_ROCK_VOUCHER_9500,874.0,20.0,0.0,0.0,0.0,0.0,875,20,0.0,0.0,0.0,0.0,874.5,0.0
0,348800,VOLCANIC_ROCK_VOUCHER_9500,868.0,20.0,0.0,0.0,0.0,0.0,869,20,0.0,0.0,0.0,0.0,868.5,0.0
0,348900,VOLCANIC_ROCK_VOUCHER_9500,868.0,11.0,0.0,0.0,0.0,0.0,869,11,0.0,0.0,0.0,0.0,868.5,0.0
0,349000,VOLCANIC_ROCK_VOUCHER_9500,861.0,20.0,0.0,0.0,0.0,0.0,862,20,0.0,0.0,0.0,0.0,861.5,0.0
0,349100,VOLCANIC_ROCK_VOUCHER_9500,858.0,1.0,857.0,16.0,0.0,0.0,859,17,0.0,0.0,0.0,0.0,858.5,0.0
0,349200,VOLCANIC_ROCK_VOUCHER_9500,855.0,19.0,0.0,0.0,0.0,0.0,856,19,0.0,0.0,0.0,0.0,855.5,0.0
0,349300,VOLCANIC_ROCK_VOUCHER_9500,853.0,18.0,0.0,0.0,0.0,0.0,854,18,0.0,0.0,0.0,0.0,853.5,0.0
0,349400,VOLCANIC_ROCK_VOUCHER_9500,859.0,18.0,0.0,0.0,0.0,0.0,860,18,0.0,0.0,0.0,0.0,859.5,0.0
0,349500,VOLCANIC_ROCK_VOUCHER_9500,852.0,12.0,0.0,0.0,0.0,0.0,853,12,0.0,0.0,0.0,0.0,852.5,0.0
0,349600,VOLCANIC_ROCK_VOUCHER_9500,851.0,17.0,0.0,0.0,0.0,0.0,852,17,0.0,0.0,0.0,0.0,851.5,0.0
0,349700,VOLCANIC_ROCK_VOUCHER_9500,857.0,21.0,0.0,0.0,0.0,0.0,858,21,0.0,0.0,0.0,0.0,857.5,0.0
0,349800,VOLCANIC_ROCK_VOUCHER_9500,855.0,14.0,0.0,0.0,0.0,0.0,856,14,0.0,0.0,0.0,0.0,855.5,0.0
0,349900,VOLCANIC_ROCK_VOUCHER_9500,854.0,17.0,0.0,0.0,0.0,0.0,855,17,0.0,0.0,0.0,0.0,854.5,0.0
0,350000,VOLCANIC_ROCK_VOUCHER_9500,854.0,20.0,0.0,0.0,0.0,0.0,855,20,0.0,0.0,0.0,0.0,854.5,0.0
0,350100,VOLCANIC_ROCK_VOUCHER_9500,852.0,13.0,0.0,0.0,0.0,0.0,853,13,0.0,0.0,0.0,0.0,852.5,0.0
0,350200,VOLCANIC_ROCK_VOUCHER_9500,850.0,2.0,0.0,0.0,0.0,0.0,851,18,0.0,0.0,0.0,0.0,850.5,0.0
0,350300,VOLCANIC_ROCK_VOUCHER_9500,851.0,15.0,0.0,0.0,0.0,0.0,852,15,0.0,0.0,0.0,0.0,851.5,0.0
0,350400,VOLCANIC_ROCK_VOUCHER_9500,850.0,12.0,0.0,0.0,0.0,0.0,851,12,0.0,0.0,0.0,0.0,850.5,0.0
0,350500,VOLCANIC_ROCK_VOUCHER_9500,848.0,14.0,0.0,0.0,0.0,0.0,849,14,0.0,0.0,0.0,0.0,848.5,0.0
0,350600,VOLCANIC_ROCK_VOUCHER_9500,842.0,16.0,0.0,0.0,0.0,0.0,844,16,0.0,0.0,0.0,0.0,843.0,0.0
0,350700,VOLCANIC_ROCK_VOUCHER_9500,842.0,19.0,0.0,0.0,0.0,0.0,843,19,0.0,0.0,0.0,0.0,842.5,0.0
0,350800,VOLCANIC_ROCK_VOUCHER_9500,843.0,17.0,0.0,0.0,0.0,0.0,844,17,0.0,0.0,0.0,0.0,843.5,0.0
0,350900,VOLCANIC_ROCK_VOUCHER_9500,849.0,16.0,0.0,0.0,0.0,0.0,850,16,0.0,0.0,0.0,0.0,849.5,0.0
0,351000,VOLCANIC_ROCK_VOUCHER_9500,851.0,28.0,0.0,0.0,0.0,0.0,852,12,0.0,0.0,0.0,0.0,851.5,0.0
0,351100,VOLCANIC_ROCK_VOUCHER_9500,854.0,16.0,0.0,0.0,0.0,0.0,855,16,0.0,0.0,0.0,0.0,854.5,0.0
0,351200,VOLCANIC_ROCK_VOUCHER_9500,856.0,13.0,0.0,0.0,0.0,0.0,857,13,0.0,0.0,0.0,0.0,856.5,0.0
0,351300,VOLCANIC_ROCK_VOUCHER_9500,852.0,16.0,0.0,0.0,0.0,0.0,853,16,0.0,0.0,0.0,0.0,852.5,0.0
0,351400,VOLCANIC_ROCK_VOUCHER_9500,849.0,21.0,0.0,0.0,0.0,0.0,851,21,0.0,0.0,0.0,0.0,850.0,0.0
0,351500,VOLCANIC_ROCK_VOUCHER_9500,853.0,18.0,0.0,0.0,0.0,0.0,854,18,0.0,0.0,0.0,0.0,853.5,0.0
0,351600,VOLCANIC_ROCK_VOUCHER_9500,851.0,16.0,0.0,0.0,0.0,0.0,852,16,0.0,0.0,0.0,0.0,851.5,0.0
0,351700,VOLCANIC_ROCK_VOUCHER_9500,853.0,19.0,0.0,0.0,0.0,0.0,854,19,0.0,0.0,0.0,0.0,853.5,0.0
0,351800,VOLCANIC_ROCK_VOUCHER_9500,859.0,9.0,858.0,12.0,0.0,0.0,860,12,0.0,0.0,0.0,0.0,859.5,0.0
0,351900,VOLCANIC_ROCK_VOUCHER_9500,856.0,13.0,0.0,0.0,0.0,0.0,857,13,0.0,0.0,0.0,0.0,856.5,0.0
0,352000,VOLCANIC_ROCK_VOUCHER_9500,856.0,17.0,0.0,0.0,0.0,0.0,858,17,0.0,0.0,0.0,0.0,857.0,0.0
0,352100,VOLCANIC_ROCK_VOUCHER_9500,856.0,12.0,0.0,0.0,0.0,0.0,857,12,0.0,0.0,0.0,0.0,856.5,0.0
0,352200,VOLCANIC_ROCK_VOUCHER_9500,863.0,14.0,0.0,0.0,0.0,0.0,865,14,0.0,0.0,0.0,0.0,864.0,0.0
0,352300,VOLCANIC_ROCK_VOUCHER_9500,860.0,12.0,0.0,0.0,0.0,0.0,861,12,0.0,0.0,0.0,0.0,860.5,0.0
0,352400,VOLCANIC_ROCK_VOUCHER_9500,857.0,16.0,0.0,0.0,0.0,0.0,858,16,0.0,0.0,0.0,0.0,857.5,0.0
0,352500,VOLCANIC_ROCK_VOUCHER_9500,855.0,12.0,0.0,0.0,0.0,0.0,856,12,0.0,0.0,0.0,0.0,855.5,0.0
0,352600,VOLCANIC_ROCK_VOUCHER_9500,851.0,1.0,0.0,0.0,0.0,0.0,852,19,0.0,0.0,0.0,0.0,851.5,0.0
0,352700,VOLCANIC_ROCK_VOUCHER_9500,851.0,19.0,0.0,0.0,0.0,0.0,852,19,0.0,0.0,0.0,0.0,851.5,0.0
0,352800,VOLCANIC_ROCK_VOUCHER_9500,852.0,11.0,0.0,0.0,0.0,0.0,853,11,0.0,0.0,0.0,0.0,852.5,0.0
0,352900,VOLCANIC_ROCK_VOUCHER_9500,856.0,20.0,0.0,0.0,0.0,0.0,857,1,858.0,19.0,0.0,0.0,856.5,0.0
0,353000,VOLCANIC_ROCK_VOUCHER_9500,856.0,14.0,0.0,0.0,0.0,0.0,858,14,0.0,0.0,0.0,0.0,857.0,0.0
0,353100,VOLCANIC_ROCK_VOUCHER_9500,854.0,22.0,0.0,0.0,0.0,0.0,856,22,0.0,0.0,0.0,0.0,855.0,0.0
0,353200,VOLCANIC_ROCK_VOUCHER_9500,861.0,19.0,0.0,0.0,0.0,0.0,862,19,0.0,0.0,0.0,0.0,861.5,0.0
0,353300,VOLCANIC_ROCK_VOUCHER_9500,857.0,13.0,0.0,0.0,0.0,0.0,858,13,0.0,0.0,0.0,0.0,857.5,0.0
0,353400,VOLCANIC_ROCK_VOUCHER_9500,859.0,10.0,0.0,0.0,0.0,0.0,860,10,0.0,0.0,0.0,0.0,859.5,0.0
0,353500,VOLCANIC_ROCK_VOUCHER_9500,861.0,18.0,0.0,0.0,0.0,0.0,862,18,0.0,0.0,0.0,0.0,861.5,0.0
0,353600,VOLCANIC_ROCK_VOUCHER_9500,857.0,13.0,0.0,0.0,0.0,0.0,859,13,0.0,0.0,0.0,0.0,858.0,0.0
0,353700,VOLCANIC_ROCK_VOUCHER_9500,859.0,15.0,0.0,0.0,0.0,0.0,860,15,0.0,0.0,0.0,0.0,859.5,0.0
0,353800,VOLCANIC_ROCK_VOUCHER_9500,860.0,15.0,0.0,0.0,0.0,0.0,861,15,0.0,0.0,0.0,0.0,860.5,0.0
0,353900,VOLCANIC_ROCK_VOUCHER_9500,859.0,13.0,0.0,0.0,0.0,0.0,860,13,0.0,0.0,0.0,0.0,859.5,0.0
0,354000,VOLCANIC_ROCK_VOUCHER_9500,858.0,19.0,0.0,0.0,0.0,0.0,859,19,0.0,0.0,0.0,0.0,858.5,0.0
0,354100,VOLCANIC_ROCK_VOUCHER_9500,866.0,15.0,0.0,0.0,0.0,0.0,868,15,0.0,0.0,0.0,0.0,867.0,0.0
0,354200,VOLCANIC_ROCK_VOUCHER_9500,864.0,4.0,0.0,0.0,0.0,0.0,866,14,0.0,0.0,0.0,0.0,865.0,0.0
0,354300,VOLCANIC_ROCK_VOUCHER_9500,866.0,15.0,0.0,0.0,0.0,0.0,867,15,0.0,0.0,0.0,0.0,866.5,0.0
0,354400,VOLCANIC_ROCK_VOUCHER_9500,863.0,10.0,0.0,0.0,0.0,0.0,864,10,0.0,0.0,0.0,0.0,863.5,0.0
0,354500,VOLCANIC_ROCK_VOUCHER_9500,869.0,13.0,0.0,0.0,0.0,0.0,870,13,0.0,0.0,0.0,0.0,869.5,0.0
0,354600,VOLCANIC_ROCK_VOUCHER_9500,870.0,17.0,0.0,0.0,0.0,0.0,871,17,0.0,0.0,0.0,0.0,870.5,0.0
0,354700,VOLCANIC_ROCK_VOUCHER_9500,869.0,11.0,0.0,0.0,0.0,0.0,870,11,0.0,0.0,0.0,0.0,869.5,0.0
0,354800,VOLCANIC_ROCK_VOUCHER_9500,874.0,11.0,0.0,0.0,0.0,0.0,876,11,0.0,0.0,0.0,0.0,875.0,0.0
0,354900,VOLCANIC_ROCK_VOUCHER_9500,871.0,31.0,0.0,0.0,0.0,0.0,872,16,0.0,0.0,0.0,0.0,871.5,0.0
0,355000,VOLCANIC_ROCK_VOUCHER_9500,871.0,11.0,0.0,0.0,0.0,0.0,872,11,0.0,0.0,0.0,0.0,871.5,0.0
0,355100,VOLCANIC_ROCK_VOUCHER_9500,868.0,16.0,0.0,0.0,0.0,0.0,870,16,0.0,0.0,0.0,0.0,869.0,0.0
0,355200,VOLCANIC_ROCK_VOUCHER_9500,871.0,11.0,0.0,0.0,0.0,0.0,872,11,0.0,0.0,0.0,0.0,871.5,0.0
0,355300,VOLCANIC_ROCK_VOUCHER_9500,869.0,17.0,0.0,0.0,0.0,0.0,871,17,0.0,0.0,0.0,0.0,870.0,0.0
0,355400,VOLCANIC_ROCK_VOUCHER_9500,869.0,12.0,0.0,0.0,0.0,0.0,870,12,0.0,0.0,0.0,0.0,869.5,0.0
0,355500,VOLCANIC_ROCK_VOUCHER_9500,872.0,20.0,0.0,0.0,0.0,0.0,873,20,0.0,0.0,0.0,0.0,872.5,0.0
0,355600,VOLCANIC_ROCK_VOUCHER_9500,870.0,14.0,0.0,0.0,0.0,0.0,871,14,0.0,0.0,0.0,0.0,870.5,0.0
0,355700,VOLCANIC_ROCK_VOUCHER_9500,0.0,0.0,0.0,0.0,0.0,0.0,871,13,0.0,0.0,0.0,0.0,871.0,0.0
0,355800,VOLCANIC_ROCK_VOUCHER_9500,867.0,18.0,0.0,0.0,0.0,0.0,868,18,0.0,0.0,0.0,0.0,867.5,0.0
0,355900,VOLCANIC_ROCK_VOUCHER_9500,871.0,17.0,0.0,0.0,0.0,0.0,872,17,0.0,0.0,0.0,0.0,871.5,0.0
0,356000,VOLCANIC_ROCK_VOUCHER_9500,875.0,35.0,0.0,0.0,0.0,0.0,876,14,0.0,0.0,0.0,0.0,875.5,0.0
0,356100,VOLCANIC_ROCK_VOUCHER_9500,874.0,16.0,0.0,0.0,0.0,0.0,876,16,0.0,0.0,0.0,0.0,875.0,0.0
0,356200,VOLCANIC_ROCK_VOUCHER_9500,871.0,18.0,0.0,0.0,0.0,0.0,872,18,0.0,0.0,0.0,0.0,871.5,0.0
0,356300,VOLCANIC_ROCK_VOUCHER_9500,870.0,17.0,0.0,0.0,0.0,0.0,871,17,0.0,0.0,0.0,0.0,870.5,0.0
0,356400,VOLCANIC_ROCK_VOUCHER_9500,873.0,16.0,0.0,0.0,0.0,0.0,874,16,0.0,0.0,0.0,0.0,873.5,0.0
0,356500,VOLCANIC_ROCK_VOUCHER_9500,870.0,18.0,0.0,0.0,0.0,0.0,871,18,0.0,0.0,0.0,0.0,870.5,0.0
0,356600,VOLCANIC_ROCK_VOUCHER_9500,871.0,17.0,0.0,0.0,0.0,0.0,872,17,0.0,0.0,0.0,0.0,871.5,0.0
0,356700,VOLCANIC_ROCK_VOUCHER_9500,868.0,10.0,0.0,0.0,0.0,0.0,869,10,0.0,0.0,0.0,0.0,868.5,0.0
0,356800,VOLCANIC_ROCK_VOUCHER_9500,870.0,12.0,0.0,0.0,0.0,0.0,871,12,0.0,0.0,0.0,0.0,870.5,0.0
0,356900,VOLCANIC_ROCK_VOUCHER_9500,871.0,15.0,0.0,0.0,0.0,0.0,872,15,0.0,0.0,0.0,0.0,871.5,0.0
0,357000,VOLCANIC_ROCK_VOUCHER_9500,871.0,1.0,0.0,0.0,0.0,0.0,872,12,0.0,0.0,0.0,0.0,871.5,0.0
0,357100,VOLCANIC_ROCK_VOUCHER_9500,870.0,10.0,0.0,0.0,0.0,0.0,871,10,0.0,0.0,0.0,0.0,870.5,0.0
0,357200,VOLCANIC_ROCK_VOUCHER_9500,868.0,11.0,0.0,0.0,0.0,0.0,869,11,0.0,0.0,0.0,0.0,868.5,0.0
0,357300,VOLCANIC_ROCK_VOUCHER_9500,867.0,12.0,0.0,0.0,0.0,0.0,869,12,0.0,0.0,0.0,0.0,868.0,0.0
0,357400,VOLCANIC_ROCK_VOUCHER_9500,866.0,12.0,0.0,0.0,0.0,0.0,867,12,0.0,0.0,0.0,0.0,866.5,0.0
0,357500,VOLCANIC_ROCK_VOUCHER_9500,869.0,12.0,0.0,0.0,0.0,0.0,870,12,0.0,0.0,0.0,0.0,869.5,0.0
0,357600,VOLCANIC_ROCK_VOUCHER_9500,869.0,19.0,0.0,0.0,0.0,0.0,870,19,0.0,0.0,0.0,0.0,869.5,0.0
0,357700,VOLCANIC_ROCK_VOUCHER_9500,869.0,21.0,0.0,0.0,0.0,0.0,870,21,0.0,0.0,0.0,0.0,869.5,0.0
0,357800,VOLCANIC_ROCK_VOUCHER_9500,872.0,15.0,0.0,0.0,0.0,0.0,873,15,0.0,0.0,0.0,0.0,872.5,0.0
0,357900,VOLCANIC_ROCK_VOUCHER_9500,872.0,20.0,0.0,0.0,0.0,0.0,874,20,0.0,0.0,0.0,0.0,873.0,0.0
0,358000,VOLCANIC_ROCK_VOUCHER_9500,876.0,14.0,0.0,0.0,0.0,0.0,878,14,0.0,0.0,0.0,0.0,877.0,0.0
0,358100,VOLCANIC_ROCK_VOUCHER_9500,873.0,20.0,0.0,0.0,0.0,0.0,874,20,0.0,0.0,0.0,0.0,873.5,0.0
0,358200,VOLCANIC_ROCK_VOUCHER_9500,869.0,20.0,0.0,0.0,0.0,0.0,870,20,0.0,0.0,0.0,0.0,869.5,0.0
0,358300,VOLCANIC_ROCK_VOUCHER_9500,869.0,14.0,0.0,0.0,0.0,0.0,870,14,0.0,0.0,0.0,0.0,869.5,0.0
0,358400,VOLCANIC_ROCK_VOUCHER_9500,874.0,18.0,0.0,0.0,0.0,0.0,875,18,0.0,0.0,0.0,0.0,874.5,0.0
0,358500,VOLCANIC_ROCK_VOUCHER_9500,874.0,20.0,0.0,0.0,0.0,0.0,875,20,0.0,0.0,0.0,0.0,874.5,0.0
0,358600,VOLCANIC_ROCK_VOUCHER_9500,875.0,22.0,0.0,0.0,0.0,0.0,876,22,0.0,0.0,0.0,0.0,875.5,0.0
0,358700,VOLCANIC_ROCK_VOUCHER_9500,873.0,12.0,0.0,0.0,0.0,0.0,874,12,0.0,0.0,0.0,0.0,873.5,0.0
0,358800,VOLCANIC_ROCK_VOUCHER_9500,868.0,3.0,0.0,0.0,0.0,0.0,870,20,0.0,0.0,0.0,0.0,869.0,0.0
0,358900,VOLCANIC_ROCK_VOUCHER_9500,868.0,18.0,0.0,0.0,0.0,0.0,869,18,0.0,0.0,0.0,0.0,868.5,0.0
0,359000,VOLCANIC_ROCK_VOUCHER_9500,867.0,17.0,0.0,0.0,0.0,0.0,868,17,0.0,0.0,0.0,0.0,867.5,0.0
0,359100,VOLCANIC_ROCK_VOUCHER_9500,868.0,17.0,0.0,0.0,0.0,0.0,869,17,0.0,0.0,0.0,0.0,868.5,0.0
0,359200,VOLCANIC_ROCK_VOUCHER_9500,866.0,20.0,0.0,0.0,0.0,0.0,867,20,0.0,0.0,0.0,0.0,866.5,0.0
0,359300,VOLCANIC_ROCK_VOUCHER_9500,863.0,18.0,0.0,0.0,0.0,0.0,865,18,0.0,0.0,0.0,0.0,864.0,0.0
0,359400,VOLCANIC_ROCK_VOUCHER_9500,870.0,28.0,0.0,0.0,0.0,0.0,871,17,0.0,0.0,0.0,0.0,870.5,0.0
0,359500,VOLCANIC_ROCK_VOUCHER_9500,870.0,19.0,0.0,0.0,0.0,0.0,871,19,0.0,0.0,0.0,0.0,870.5,0.0
0,359600,VOLCANIC_ROCK_VOUCHER_9500,870.0,12.0,0.0,0.0,0.0,0.0,871,12,0.0,0.0,0.0,0.0,870.5,0.0
0,359700,VOLCANIC_ROCK_VOUCHER_9500,872.0,15.0,0.0,0.0,0.0,0.0,873,15,0.0,0.0,0.0,0.0,872.5,0.0
0,359800,VOLCANIC_ROCK_VOUCHER_9500,876.0,19.0,0.0,0.0,0.0,0.0,877,19,0.0,0.0,0.0,0.0,876.5,0.0
0,359900,VOLCANIC_ROCK_VOUCHER_9500,874.0,16.0,0.0,0.0,0.0,0.0,875,16,0.0,0.0,0.0,0.0,874.5,0.0
0,360000,VOLCANIC_ROCK_VOUCHER_9500,874.0,17.0,0.0,0.0,0.0,0.0,875,17,0.0,0.0,0.0,0.0,874.5,0.0
0,360100,VOLCANIC_ROCK_VOUCHER_9500,872.0,12.0,0.0,0.0,0.0,0.0,873,12,0.0,0.0,0.0,0.0,872.5,0.0
0,360200,VOLCANIC_ROCK_VOUCHER_9500,872.0,21.0,0.0,0.0,0.0,0.0,873,21,0.0,0.0,0.0,0.0,872.5,0.0
0,360300,VOLCANIC_ROCK_VOUCHER_9500,874.0,13.0,0.0,0.0,0.0,0.0,875,13,0.0,0.0,0.0,0.0,874.5,0.0
0,360400,VOLCANIC_ROCK_VOUCHER_9500,873.0,15.0,0.0,0.0,0.0,0.0,874,15,0.0,0.0,0.0,0.0,873.5,0.0
0,360500,VOLCANIC_ROCK_VOUCHER_9500,875.0,11.0,0.0,0.0,0.0,0.0,877,11,0.0,0.0,0.0,0.0,876.0,0.0
0,360600,VOLCANIC_ROCK_VOUCHER_9500,880.0,20.0,0.0,0.0,0.0,0.0,881,20,0.0,0.0,0.0,0.0,880.5,0.0
0,360700,VOLCANIC_ROCK_VOUCHER_9500,880.0,5.0,0.0,0.0,0.0,0.0,881,17,0.0,0.0,0.0,0.0,880.5,0.0
0,360800,VOLCANIC_ROCK_VOUCHER_9500,878.0,18.0,0.0,0.0,0.0,0.0,879,18,0.0,0.0,0.0,0.0,878.5,0.0
0,360900,VOLCANIC_ROCK_VOUCHER_9500,880.0,21.0,0.0,0.0,0.0,0.0,881,21,0.0,0.0,0.0,0.0,880.5,0.0
0,361000,VOLCANIC_ROCK_VOUCHER_9500,884.0,24.0,0.0,0.0,0.0,0.0,885,11,0.0,0.0,0.0,0.0,884.5,0.0
0,361100,VOLCANIC_ROCK_VOUCHER_9500,881.0,14.0,0.0,0.0,0.0,0.0,882,14,0.0,0.0,0.0,0.0,881.5,0.0
0,361200,VOLCANIC_ROCK_VOUCHER_9500,885.0,12.0,0.0,0.0,0.0,0.0,886,12,0.0,0.0,0.0,0.0,885.5,0.0
0,361300,VOLCANIC_ROCK_VOUCHER_9500,879.0,17.0,0.0,0.0,0.0,0.0,880,17,0.0,0.0,0.0,0.0,879.5,0.0
0,361400,VOLCANIC_ROCK_VOUCHER_9500,883.0,14.0,0.0,0.0,0.0,0.0,884,14,0.0,0.0,0.0,0.0,883.5,0.0
0,361500,VOLCANIC_ROCK_VOUCHER_9500,880.0,11.0,0.0,0.0,0.0,0.0,881,11,0.0,0.0,0.0,0.0,880.5,0.0
0,361600,VOLCANIC_ROCK_VOUCHER_9500,885.0,17.0,0.0,0.0,0.0,0.0,886,17,0.0,0.0,0.0,0.0,885.5,0.0
0,361700,VOLCANIC_ROCK_VOUCHER_9500,880.0,13.0,0.0,0.0,0.0,0.0,881,13,0.0,0.0,0.0,0.0,880.5,0.0
0,361800,VOLCANIC_ROCK_VOUCHER_9500,880.0,20.0,0.0,0.0,0.0,0.0,881,20,0.0,0.0,0.0,0.0,880.5,0.0
0,361900,VOLCANIC_ROCK_VOUCHER_9500,880.0,16.0,0.0,0.0,0.0,0.0,881,16,0.0,0.0,0.0,0.0,880.5,0.0
0,362000,VOLCANIC_ROCK_VOUCHER_9500,884.0,12.0,0.0,0.0,0.0,0.0,885,12,0.0,0.0,0.0,0.0,884.5,0.0
0,362100,VOLCANIC_ROCK_VOUCHER_9500,882.0,20.0,0.0,0.0,0.0,0.0,883,20,0.0,0.0,0.0,0.0,882.5,0.0
0,362200,VOLCANIC_ROCK_VOUCHER_9500,882.0,19.0,0.0,0.0,0.0,0.0,883,19,0.0,0.0,0.0,0.0,882.5,0.0
0,362300,VOLCANIC_ROCK_VOUCHER_9500,883.0,12.0,0.0,0.0,0.0,0.0,884,12,0.0,0.0,0.0,0.0,883.5,0.0
0,362400,VOLCANIC_ROCK_VOUCHER_9500,876.0,17.0,0.0,0.0,0.0,0.0,877,17,0.0,0.0,0.0,0.0,876.5,0.0
0,362500,VOLCANIC_ROCK_VOUCHER_9500,880.0,11.0,0.0,0.0,0.0,0.0,881,11,0.0,0.0,0.0,0.0,880.5,0.0
0,362600,VOLCANIC_ROCK_VOUCHER_9500,879.0,15.0,0.0,0.0,0.0,0.0,880,15,0.0,0.0,0.0,0.0,879.5,0.0
0,362700,VOLCANIC_ROCK_VOUCHER_9500,877.0,14.0,0.0,0.0,0.0,0.0,878,14,0.0,0.0,0.0,0.0,877.5,0.0
0,362800,VOLCANIC_ROCK_VOUCHER_9500,879.0,13.0,0.0,0.0,0.0,0.0,880,13,0.0,0.0,0.0,0.0,879.5,0.0
0,362900,VOLCANIC_ROCK_VOUCHER_9500,877.0,16.0,0.0,0.0,0.0,0.0,878,16,0.0,0.0,0.0,0.0,877.5,0.0
0,363000,VOLCANIC_ROCK_VOUCHER_9500,872.0,17.0,0.0,0.0,0.0,0.0,873,17,0.0,0.0,0.0,0.0,872.5,0.0
0,363100,VOLCANIC_ROCK_VOUCHER_9500,0.0,0.0,0.0,0.0,0.0,0.0,873,4,874.0,13.0,0.0,0.0,873.0,0.0
0,363200,VOLCANIC_ROCK_VOUCHER_9500,876.0,13.0,0.0,0.0,0.0,0.0,877,13,0.0,0.0,0.0,0.0,876.5,0.0
0,363300,VOLCANIC_ROCK_VOUCHER_9500,873.0,19.0,0.0,0.0,0.0,0.0,874,19,0.0,0.0,0.0,0.0,873.5,0.0
0,363400,VOLCANIC_ROCK_VOUCHER_9500,876.0,11.0,0.0,0.0,0.0,0.0,877,11,0.0,0.0,0.0,0.0,876.5,0.0
0,363500,VOLCANIC_ROCK_VOUCHER_9500,877.0,20.0,0.0,0.0,0.0,0.0,879,20,0.0,0.0,0.0,0.0,878.0,0.0
0,363600,VOLCANIC_ROCK_VOUCHER_9500,875.0,19.0,0.0,0.0,0.0,0.0,877,19,0.0,0.0,0.0,0.0,876.0,0.0
0,363700,VOLCANIC_ROCK_VOUCHER_9500,870.0,19.0,0.0,0.0,0.0,0.0,872,19,0.0,0.0,0.0,0.0,871.0,0.0
0,363800,VOLCANIC_ROCK_VOUCHER_9500,869.0,19.0,0.0,0.0,0.0,0.0,870,19,0.0,0.0,0.0,0.0,869.5,0.0
0,363900,VOLCANIC_ROCK_VOUCHER_9500,869.0,14.0,0.0,0.0,0.0,0.0,870,14,0.0,0.0,0.0,0.0,869.5,0.0
0,364000,VOLCANIC_ROCK_VOUCHER_9500,870.0,24.0,0.0,0.0,0.0,0.0,871,14,0.0,0.0,0.0,0.0,870.5,0.0
0,364100,VOLCANIC_ROCK_VOUCHER_9500,874.0,20.0,0.0,0.0,0.0,0.0,876,20,0.0,0.0,0.0,0.0,875.0,0.0
0,364200,VOLCANIC_ROCK_VOUCHER_9500,877.0,13.0,0.0,0.0,0.0,0.0,878,13,0.0,0.0,0.0,0.0,877.5,0.0
0,364300,VOLCANIC_ROCK_VOUCHER_9500,876.0,17.0,0.0,0.0,0.0,0.0,877,17,0.0,0.0,0.0,0.0,876.5,0.0
0,364400,VOLCANIC_ROCK_VOUCHER_9500,873.0,14.0,0.0,0.0,0.0,0.0,874,14,0.0,0.0,0.0,0.0,873.5,0.0
0,364500,VOLCANIC_ROCK_VOUCHER_9500,869.0,17.0,0.0,0.0,0.0,0.0,871,17,0.0,0.0,0.0,0.0,870.0,0.0
0,364600,VOLCANIC_ROCK_VOUCHER_9500,868.0,12.0,0.0,0.0,0.0,0.0,869,12,0.0,0.0,0.0,0.0,868.5,0.0
0,364700,VOLCANIC_ROCK_VOUCHER_9500,869.0,21.0,0.0,0.0,0.0,0.0,870,21,0.0,0.0,0.0,0.0,869.5,0.0
0,364800,VOLCANIC_ROCK_VOUCHER_9500,875.0,18.0,0.0,0.0,0.0,0.0,876,18,0.0,0.0,0.0,0.0,875.5,0.0
0,364900,VOLCANIC_ROCK_VOUCHER_9500,871.0,22.0,0.0,0.0,0.0,0.0,872,22,0.0,0.0,0.0,0.0,871.5,0.0
0,365000,VOLCANIC_ROCK_VOUCHER_9500,876.0,10.0,0.0,0.0,0.0,0.0,877,10,0.0,0.0,0.0,0.0,876.5,0.0
0,365100,VOLCANIC_ROCK_VOUCHER_9500,875.0,21.0,0.0,0.0,0.0,0.0,876,1,877.0,20.0,0.0,0.0,875.5,0.0
0,365200,VOLCANIC_ROCK_VOUCHER_9500,876.0,22.0,0.0,0.0,0.0,0.0,877,22,0.0,0.0,0.0,0.0,876.5,0.0
0,365300,VOLCANIC_ROCK_VOUCHER_9500,873.0,13.0,0.0,0.0,0.0,0.0,874,13,0.0,0.0,0.0,0.0,873.5,0.0
0,365400,VOLCANIC_ROCK_VOUCHER_9500,868.0,15.0,0.0,0.0,0.0,0.0,870,15,0.0,0.0,0.0,0.0,869.0,0.0
0,365500,VOLCANIC_ROCK_VOUCHER_9500,867.0,12.0,0.0,0.0,0.0,0.0,869,12,0.0,0.0,0.0,0.0,868.0,0.0
0,365600,VOLCANIC_ROCK_VOUCHER_9500,868.0,18.0,0.0,0.0,0.0,0.0,870,18,0.0,0.0,0.0,0.0,869.0,0.0
0,365700,VOLCANIC_ROCK_VOUCHER_9500,870.0,18.0,0.0,0.0,0.0,0.0,871,18,0.0,0.0,0.0,0.0,870.5,0.0
0,365800,VOLCANIC_ROCK_VOUCHER_9500,876.0,14.0,0.0,0.0,0.0,0.0,877,14,0.0,0.0,0.0,0.0,876.5,0.0
0,365900,VOLCANIC_ROCK_VOUCHER_9500,880.0,13.0,0.0,0.0,0.0,0.0,881,13,0.0,0.0,0.0,0.0,880.5,0.0
0,366000,VOLCANIC_ROCK_VOUCHER_9500,882.0,13.0,0.0,0.0,0.0,0.0,883,13,0.0,0.0,0.0,0.0,882.5,0.0
0,366100,VOLCANIC_ROCK_VOUCHER_9500,884.0,14.0,0.0,0.0,0.0,0.0,885,14,0.0,0.0,0.0,0.0,884.5,0.0
0,366200,VOLCANIC_ROCK_VOUCHER_9500,880.0,1.0,879.0,20.0,0.0,0.0,881,21,0.0,0.0,0.0,0.0,880.5,0.0
0,366300,VOLCANIC_ROCK_VOUCHER_9500,879.0,1.0,878.0,12.0,0.0,0.0,880,13,0.0,0.0,0.0,0.0,879.5,0.0
0,366400,VOLCANIC_ROCK_VOUCHER_9500,882.0,13.0,0.0,0.0,0.0,0.0,884,13,0.0,0.0,0.0,0.0,883.0,0.0
0,366500,VOLCANIC_ROCK_VOUCHER_9500,891.0,17.0,0.0,0.0,0.0,0.0,892,17,0.0,0.0,0.0,0.0,891.5,0.0
0,366600,VOLCANIC_ROCK_VOUCHER_9500,890.0,15.0,0.0,0.0,0.0,0.0,891,15,0.0,0.0,0.0,0.0,890.5,0.0
0,366700,VOLCANIC_ROCK_VOUCHER_9500,888.0,16.0,0.0,0.0,0.0,0.0,889,16,0.0,0.0,0.0,0.0,888.5,0.0
0,366800,VOLCANIC_ROCK_VOUCHER_9500,893.0,27.0,0.0,0.0,0.0,0.0,894,11,0.0,0.0,0.0,0.0,893.5,0.0
0,366900,VOLCANIC_ROCK_VOUCHER_9500,893.0,11.0,0.0,0.0,0.0,0.0,894,11,0.0,0.0,0.0,0.0,893.5,0.0
0,367000,VOLCANIC_ROCK_VOUCHER_9500,903.0,14.0,0.0,0.0,0.0,0.0,904,14,0.0,0.0,0.0,0.0,903.5,0.0
0,367100,VOLCANIC_ROCK_VOUCHER_9500,906.0,12.0,0.0,0.0,0.0,0.0,907,12,0.0,0.0,0.0,0.0,906.5,0.0
0,367200,VOLCANIC_ROCK_VOUCHER_9500,903.0,19.0,0.0,0.0,0.0,0.0,904,19,0.0,0.0,0.0,0.0,903.5,0.0
0,367300,VOLCANIC_ROCK_VOUCHER_9500,904.0,19.0,0.0,0.0,0.0,0.0,906,19,0.0,0.0,0.0,0.0,905.0,0.0
0,367400,VOLCANIC_ROCK_VOUCHER_9500,906.0,16.0,0.0,0.0,0.0,0.0,907,16,0.0,0.0,0.0,0.0,906.5,0.0
0,367500,VOLCANIC_ROCK_VOUCHER_9500,910.0,17.0,0.0,0.0,0.0,0.0,911,1,912.0,16.0,0.0,0.0,910.5,0.0
0,367600,VOLCANIC_ROCK_VOUCHER_9500,904.0,15.0,0.0,0.0,0.0,0.0,905,15,0.0,0.0,0.0,0.0,904.5,0.0
0,367700,VOLCANIC_ROCK_VOUCHER_9500,905.0,20.0,0.0,0.0,0.0,0.0,906,20,0.0,0.0,0.0,0.0,905.5,0.0
0,367800,VOLCANIC_ROCK_VOUCHER_9500,903.0,16.0,0.0,0.0,0.0,0.0,904,16,0.0,0.0,0.0,0.0,903.5,0.0
0,367900,VOLCANIC_ROCK_VOUCHER_9500,907.0,12.0,0.0,0.0,0.0,0.0,908,12,0.0,0.0,0.0,0.0,907.5,0.0
0,368000,VOLCANIC_ROCK_VOUCHER_9500,906.0,15.0,0.0,0.0,0.0,0.0,907,15,0.0,0.0,0.0,0.0,906.5,0.0
0,368100,VOLCANIC_ROCK_VOUCHER_9500,908.0,14.0,0.0,0.0,0.0,0.0,909,14,0.0,0.0,0.0,0.0,908.5,0.0
0,368200,VOLCANIC_ROCK_VOUCHER_9500,913.0,19.0,0.0,0.0,0.0,0.0,914,19,0.0,0.0,0.0,0.0,913.5,0.0
0,368300,VOLCANIC_ROCK_VOUCHER_9500,910.0,29.0,0.0,0.0,0.0,0.0,911,15,0.0,0.0,0.0,0.0,910.5,0.0
0,368400,VOLCANIC_ROCK_VOUCHER_9500,909.0,16.0,0.0,0.0,0.0,0.0,910,16,0.0,0.0,0.0,0.0,909.5,0.0
0,368500,VOLCANIC_ROCK_VOUCHER_9500,910.0,19.0,0.0,0.0,0.0,0.0,911,19,0.0,0.0,0.0,0.0,910.5,0.0
0,368600,VOLCANIC_ROCK_VOUCHER_9500,907.0,18.0,0.0,0.0,0.0,0.0,908,18,0.0,0.0,0.0,0.0,907.5,0.0
0,368700,VOLCANIC_ROCK_VOUCHER_9500,911.0,10.0,0.0,0.0,0.0,0.0,912,10,0.0,0.0,0.0,0.0,911.5,0.0
0,368800,VOLCANIC_ROCK_VOUCHER_9500,908.0,15.0,0.0,0.0,0.0,0.0,909,15,0.0,0.0,0.0,0.0,908.5,0.0
0,368900,VOLCANIC_ROCK_VOUCHER_9500,907.0,21.0,0.0,0.0,0.0,0.0,908,21,0.0,0.0,0.0,0.0,907.5,0.0
0,369000,VOLCANIC_ROCK_VOUCHER_9500,900.0,19.0,0.0,0.0,0.0,0.0,901,19,0.0,0.0,0.0,0.0,900.5,0.0
0,369100,VOLCANIC_ROCK_VOUCHER_9500,893.0,19.0,0.0,0.0,0.0,0.0,894,19,0.0,0.0,0.0,0.0,893.5,0.0
0,369200,VOLCANIC_ROCK_VOUCHER_9500,895.0,22.0,0.0,0.0,0.0,0.0,896,22,0.0,0.0,0.0,0.0,895.5,0.0
0,369300,VOLCANIC_ROCK_VOUCHER_9500,890.0,19.0,0.0,0.0,0.0,0.0,891,19,0.0,0.0,0.0,0.0,890.5,0.0
0,369400,VOLCANIC_ROCK_VOUCHER_9500,893.0,17.0,0.0,0.0,0.0,0.0,894,17,0.0,0.0,0.0,0.0,893.5,0.0
0,369500,VOLCANIC_ROCK_VOUCHER_9500,896.0,20.0,0.0,0.0,0.0,0.0,897,20,0.0,0.0,0.0,0.0,896.5,0.0
0,369600,VOLCANIC_ROCK_VOUCHER_9500,896.0,16.0,0.0,0.0,0.0,0.0,897,16,0.0,0.0,0.0,0.0,896.5,0.0
0,369700,VOLCANIC_ROCK_VOUCHER_9500,896.0,13.0,0.0,0.0,0.0,0.0,897,13,0.0,0.0,0.0,0.0,896.5,0.0
0,369800,VOLCANIC_ROCK_VOUCHER_9500,891.0,7.0,0.0,0.0,0.0,0.0,892,18,0.0,0.0,0.0,0.0,891.5,0.0
0,369900,VOLCANIC_ROCK_VOUCHER_9500,894.0,13.0,0.0,0.0,0.0,0.0,895,13,0.0,0.0,0.0,0.0,894.5,0.0
0,370000,VOLCANIC_ROCK_VOUCHER_9500,893.0,4.0,0.0,0.0,0.0,0.0,895,14,0.0,0.0,0.0,0.0,894.0,0.0
0,370100,VOLCANIC_ROCK_VOUCHER_9500,898.0,17.0,0.0,0.0,0.0,0.0,899,17,0.0,0.0,0.0,0.0,898.5,0.0
0,370200,VOLCANIC_ROCK_VOUCHER_9500,896.0,31.0,0.0,0.0,0.0,0.0,897,14,0.0,0.0,0.0,0.0,896.5,0.0
0,370300,VOLCANIC_ROCK_VOUCHER_9500,898.0,11.0,0.0,0.0,0.0,0.0,899,11,0.0,0.0,0.0,0.0,898.5,0.0
0,370400,VOLCANIC_ROCK_VOUCHER_9500,899.0,20.0,0.0,0.0,0.0,0.0,900,20,0.0,0.0,0.0,0.0,899.5,0.0
0,370500,VOLCANIC_ROCK_VOUCHER_9500,899.0,18.0,0.0,0.0,0.0,0.0,900,18,0.0,0.0,0.0,0.0,899.5,0.0
0,370600,VOLCANIC_ROCK_VOUCHER_9500,899.0,18.0,0.0,0.0,0.0,0.0,901,18,0.0,0.0,0.0,0.0,900.0,0.0
0,370700,VOLCANIC_ROCK_VOUCHER_9500,902.0,18.0,0.0,0.0,0.0,0.0,903,18,0.0,0.0,0.0,0.0,902.5,0.0
0,370800,VOLCANIC_ROCK_VOUCHER_9500,901.0,15.0,0.0,0.0,0.0,0.0,902,15,0.0,0.0,0.0,0.0,901.5,0.0
0,370900,VOLCANIC_ROCK_VOUCHER_9500,901.0,18.0,0.0,0.0,0.0,0.0,902,18,0.0,0.0,0.0,0.0,901.5,0.0
0,371000,VOLCANIC_ROCK_VOUCHER_9500,897.0,17.0,0.0,0.0,0.0,0.0,898,17,0.0,0.0,0.0,0.0,897.5,0.0
0,371100,VOLCANIC_ROCK_VOUCHER_9500,898.0,16.0,0.0,0.0,0.0,0.0,899,16,0.0,0.0,0.0,0.0,898.5,0.0
0,371200,VOLCANIC_ROCK_VOUCHER_9500,899.0,13.0,0.0,0.0,0.0,0.0,901,13,0.0,0.0,0.0,0.0,900.0,0.0
0,371300,VOLCANIC_ROCK_VOUCHER_9500,897.0,13.0,0.0,0.0,0.0,0.0,898,13,0.0,0.0,0.0,0.0,897.5,0.0
0,371400,VOLCANIC_ROCK_VOUCHER_9500,896.0,21.0,0.0,0.0,0.0,0.0,897,21,0.0,0.0,0.0,0.0,896.5,0.0
0,371500,VOLCANIC_ROCK_VOUCHER_9500,891.0,15.0,0.0,0.0,0.0,0.0,892,15,0.0,0.0,0.0,0.0,891.5,0.0
0,371600,VOLCANIC_ROCK_VOUCHER_9500,892.0,11.0,0.0,0.0,0.0,0.0,894,11,0.0,0.0,0.0,0.0,893.0,0.0
0,371700,VOLCANIC_ROCK_VOUCHER_9500,893.0,11.0,0.0,0.0,0.0,0.0,894,11,0.0,0.0,0.0,0.0,893.5,0.0
0,371800,VOLCANIC_ROCK_VOUCHER_9500,893.0,19.0,0.0,0.0,0.0,0.0,894,19,0.0,0.0,0.0,0.0,893.5,0.0
0,371900,VOLCANIC_ROCK_VOUCHER_9500,896.0,15.0,0.0,0.0,0.0,0.0,897,15,0.0,0.0,0.0,0.0,896.5,0.0
0,372000,VOLCANIC_ROCK_VOUCHER_9500,896.0,17.0,0.0,0.0,0.0,0.0,897,17,0.0,0.0,0.0,0.0,896.5,0.0
0,372100,VOLCANIC_ROCK_VOUCHER_9500,896.0,1.0,0.0,0.0,0.0,0.0,897,16,0.0,0.0,0.0,0.0,896.5,0.0
0,372200,VOLCANIC_ROCK_VOUCHER_9500,895.0,21.0,0.0,0.0,0.0,0.0,896,21,0.0,0.0,0.0,0.0,895.5,0.0
0,372300,VOLCANIC_ROCK_VOUCHER_9500,892.0,20.0,0.0,0.0,0.0,0.0,894,20,0.0,0.0,0.0,0.0,893.0,0.0
0,372400,VOLCANIC_ROCK_VOUCHER_9500,896.0,16.0,0.0,0.0,0.0,0.0,897,16,0.0,0.0,0.0,0.0,896.5,0.0
0,372500,VOLCANIC_ROCK_VOUCHER_9500,894.0,15.0,0.0,0.0,0.0,0.0,895,15,0.0,0.0,0.0,0.0,894.5,0.0
0,372600,VOLCANIC_ROCK_VOUCHER_9500,892.0,28.0,0.0,0.0,0.0,0.0,893,19,0.0,0.0,0.0,0.0,892.5,0.0
0,372700,VOLCANIC_ROCK_VOUCHER_9500,888.0,22.0,0.0,0.0,0.0,0.0,889,22,0.0,0.0,0.0,0.0,888.5,0.0
0,372800,VOLCANIC_ROCK_VOUCHER_9500,0.0,0.0,0.0,0.0,0.0,0.0,891,5,892.0,13.0,0.0,0.0,891.0,0.0
0,372900,VOLCANIC_ROCK_VOUCHER_9500,891.0,20.0,0.0,0.0,0.0,0.0,892,20,0.0,0.0,0.0,0.0,891.5,0.0
0,373000,VOLCANIC_ROCK_VOUCHER_9500,892.0,22.0,0.0,0.0,0.0,0.0,894,22,0.0,0.0,0.0,0.0,893.0,0.0
0,373100,VOLCANIC_ROCK_VOUCHER_9500,890.0,20.0,0.0,0.0,0.0,0.0,891,20,0.0,0.0,0.0,0.0,890.5,0.0
0,373200,VOLCANIC_ROCK_VOUCHER_9500,889.0,13.0,0.0,0.0,0.0,0.0,890,13,0.0,0.0,0.0,0.0,889.5,0.0
0,373300,VOLCANIC_ROCK_VOUCHER_9500,891.0,11.0,0.0,0.0,0.0,0.0,892,11,0.0,0.0,0.0,0.0,891.5,0.0
0,373400,VOLCANIC_ROCK_VOUCHER_9500,886.0,14.0,0.0,0.0,0.0,0.0,887,14,0.0,0.0,0.0,0.0,886.5,0.0
0,373500,VOLCANIC_ROCK_VOUCHER_9500,886.0,21.0,0.0,0.0,0.0,0.0,887,21,0.0,0.0,0.0,0.0,886.5,0.0
0,373600,VOLCANIC_ROCK_VOUCHER_9500,881.0,21.0,0.0,0.0,0.0,0.0,882,21,0.0,0.0,0.0,0.0,881.5,0.0
0,373700,VOLCANIC_ROCK_VOUCHER_9500,883.0,18.0,0.0,0.0,0.0,0.0,884,18,0.0,0.0,0.0,0.0,883.5,0.0
0,373800,VOLCANIC_ROCK_VOUCHER_9500,883.0,20.0,0.0,0.0,0.0,0.0,885,20,0.0,0.0,0.0,0.0,884.0,0.0
0,373900,VOLCANIC_ROCK_VOUCHER_9500,879.0,20.0,0.0,0.0,0.0,0.0,880,20,0.0,0.0,0.0,0.0,879.5,0.0
0,374000,VOLCANIC_ROCK_VOUCHER_9500,880.0,12.0,0.0,0.0,0.0,0.0,881,12,0.0,0.0,0.0,0.0,880.5,0.0
0,374100,VOLCANIC_ROCK_VOUCHER_9500,880.0,17.0,0.0,0.0,0.0,0.0,882,17,0.0,0.0,0.0,0.0,881.0,0.0
0,374200,VOLCANIC_ROCK_VOUCHER_9500,881.0,20.0,0.0,0.0,0.0,0.0,882,15,0.0,0.0,0.0,0.0,881.5,0.0
0,374300,VOLCANIC_ROCK_VOUCHER_9500,882.0,12.0,0.0,0.0,0.0,0.0,883,12,0.0,0.0,0.0,0.0,882.5,0.0
0,374400,VOLCANIC_ROCK_VOUCHER_9500,887.0,4.0,0.0,0.0,0.0,0.0,888,18,0.0,0.0,0.0,0.0,887.5,0.0
0,374500,VOLCANIC_ROCK_VOUCHER_9500,888.0,15.0,0.0,0.0,0.0,0.0,889,15,0.0,0.0,0.0,0.0,888.5,0.0
0,374600,VOLCANIC_ROCK_VOUCHER_9500,886.0,26.0,0.0,0.0,0.0,0.0,887,14,0.0,0.0,0.0,0.0,886.5,0.0
0,374700,VOLCANIC_ROCK_VOUCHER_9500,886.0,14.0,0.0,0.0,0.0,0.0,888,14,0.0,0.0,0.0,0.0,887.0,0.0
0,374800,VOLCANIC_ROCK_VOUCHER_9500,888.0,19.0,0.0,0.0,0.0,0.0,889,19,0.0,0.0,0.0,0.0,888.5,0.0
0,374900,VOLCANIC_ROCK_VOUCHER_9500,886.0,16.0,0.0,0.0,0.0,0.0,887,16,0.0,0.0,0.0,0.0,886.5,0.0
0,375000,VOLCANIC_ROCK_VOUCHER_9500,884.0,19.0,0.0,0.0,0.0,0.0,885,19,0.0,0.0,0.0,0.0,884.5,0.0
0,375100,VOLCANIC_ROCK_VOUCHER_9500,883.0,16.0,0.0,0.0,0.0,0.0,885,16,0.0,0.0,0.0,0.0,884.0,0.0
0,375200,VOLCANIC_ROCK_VOUCHER_9500,885.0,12.0,0.0,0.0,0.0,0.0,886,12,0.0,0.0,0.0,0.0,885.5,0.0
0,375300,VOLCANIC_ROCK_VOUCHER_9500,885.0,20.0,0.0,0.0,0.0,0.0,886,20,0.0,0.0,0.0,0.0,885.5,0.0
0,375400,VOLCANIC_ROCK_VOUCHER_9500,886.0,12.0,0.0,0.0,0.0,0.0,887,12,0.0,0.0,0.0,0.0,886.5,0.0
0,375500,VOLCANIC_ROCK_VOUCHER_9500,885.0,21.0,0.0,0.0,0.0,0.0,886,21,0.0,0.0,0.0,0.0,885.5,0.0
0,375600,VOLCANIC_ROCK_VOUCHER_9500,892.0,18.0,0.0,0.0,0.0,0.0,893,18,0.0,0.0,0.0,0.0,892.5,0.0
0,375700,VOLCANIC_ROCK_VOUCHER_9500,895.0,14.0,0.0,0.0,0.0,0.0,896,14,0.0,0.0,0.0,0.0,895.5,0.0
0,375800,VOLCANIC_ROCK_VOUCHER_9500,891.0,12.0,0.0,0.0,0.0,0.0,892,12,0.0,0.0,0.0,0.0,891.5,0.0
0,375900,VOLCANIC_ROCK_VOUCHER_9500,889.0,18.0,0.0,0.0,0.0,0.0,890,18,0.0,0.0,0.0,0.0,889.5,0.0
0,376000,VOLCANIC_ROCK_VOUCHER_9500,0.0,0.0,0.0,0.0,0.0,0.0,891,5,892.0,14.0,0.0,0.0,891.0,0.0
0,376100,VOLCANIC_ROCK_VOUCHER_9500,890.0,16.0,0.0,0.0,0.0,0.0,891,16,0.0,0.0,0.0,0.0,890.5,0.0
0,376200,VOLCANIC_ROCK_VOUCHER_9500,888.0,2.0,887.0,11.0,0.0,0.0,889,13,0.0,0.0,0.0,0.0,888.5,0.0
0,376300,VOLCANIC_ROCK_VOUCHER_9500,885.0,17.0,0.0,0.0,0.0,0.0,886,17,0.0,0.0,0.0,0.0,885.5,0.0
0,376400,VOLCANIC_ROCK_VOUCHER_9500,883.0,12.0,0.0,0.0,0.0,0.0,885,12,0.0,0.0,0.0,0.0,884.0,0.0
0,376500,VOLCANIC_ROCK_VOUCHER_9500,884.0,18.0,0.0,0.0,0.0,0.0,886,18,0.0,0.0,0.0,0.0,885.0,0.0
0,376600,VOLCANIC_ROCK_VOUCHER_9500,885.0,13.0,0.0,0.0,0.0,0.0,887,13,0.0,0.0,0.0,0.0,886.0,0.0
0,376700,VOLCANIC_ROCK_VOUCHER_9500,884.0,19.0,0.0,0.0,0.0,0.0,885,19,0.0,0.0,0.0,0.0,884.5,0.0
0,376800,VOLCANIC_ROCK_VOUCHER_9500,882.0,12.0,0.0,0.0,0.0,0.0,884,12,0.0,0.0,0.0,0.0,883.0,0.0
0,376900,VOLCANIC_ROCK_VOUCHER_9500,881.0,16.0,0.0,0.0,0.0,0.0,882,16,0.0,0.0,0.0,0.0,881.5,0.0
0,377000,VOLCANIC_ROCK_VOUCHER_9500,884.0,15.0,0.0,0.0,0.0,0.0,885,15,0.0,0.0,0.0,0.0,884.5,0.0
0,377100,VOLCANIC_ROCK_VOUCHER_9500,882.0,20.0,0.0,0.0,0.0,0.0,883,20,0.0,0.0,0.0,0.0,882.5,0.0
0,377200,VOLCANIC_ROCK_VOUCHER_9500,880.0,12.0,0.0,0.0,0.0,0.0,881,12,0.0,0.0,0.0,0.0,880.5,0.0
0,377300,VOLCANIC_ROCK_VOUCHER_9500,882.0,14.0,0.0,0.0,0.0,0.0,883,14,0.0,0.0,0.0,0.0,882.5,0.0
0,377400,VOLCANIC_ROCK_VOUCHER_9500,882.0,18.0,0.0,0.0,0.0,0.0,883,18,0.0,0.0,0.0,0.0,882.5,0.0
0,377500,VOLCANIC_ROCK_VOUCHER_9500,883.0,16.0,0.0,0.0,0.0,0.0,884,16,0.0,0.0,0.0,0.0,883.5,0.0
0,377600,VOLCANIC_ROCK_VOUCHER_9500,881.0,21.0,0.0,0.0,0.0,0.0,882,21,0.0,0.0,0.0,0.0,881.5,0.0
0,377700,VOLCANIC_ROCK_VOUCHER_9500,0.0,0.0,0.0,0.0,0.0,0.0,885,2,886.0,15.0,0.0,0.0,885.0,0.0
0,377800,VOLCANIC_ROCK_VOUCHER_9500,883.0,14.0,0.0,0.0,0.0,0.0,884,14,0.0,0.0,0.0,0.0,883.5,0.0
0,377900,VOLCANIC_ROCK_VOUCHER_9500,880.0,10.0,0.0,0.0,0.0,0.0,881,10,0.0,0.0,0.0,0.0,880.5,0.0
0,378000,VOLCANIC_ROCK_VOUCHER_9500,882.0,15.0,0.0,0.0,0.0,0.0,883,15,0.0,0.0,0.0,0.0,882.5,0.0
0,378100,VOLCANIC_ROCK_VOUCHER_9500,883.0,13.0,0.0,0.0,0.0,0.0,884,13,0.0,0.0,0.0,0.0,883.5,0.0
0,378200,VOLCANIC_ROCK_VOUCHER_9500,882.0,37.0,0.0,0.0,0.0,0.0,883,17,0.0,0.0,0.0,0.0,882.5,0.0
0,378300,VOLCANIC_ROCK_VOUCHER_9500,878.0,12.0,0.0,0.0,0.0,0.0,879,12,0.0,0.0,0.0,0.0,878.5,0.0
0,378400,VOLCANIC_ROCK_VOUCHER_9500,874.0,14.0,0.0,0.0,0.0,0.0,875,14,0.0,0.0,0.0,0.0,874.5,0.0
0,378500,VOLCANIC_ROCK_VOUCHER_9500,874.0,34.0,0.0,0.0,0.0,0.0,875,20,0.0,0.0,0.0,0.0,874.5,0.0
0,378600,VOLCANIC_ROCK_VOUCHER_9500,0.0,0.0,0.0,0.0,0.0,0.0,874,1,876.0,12.0,0.0,0.0,874.0,0.0
0,378700,VOLCANIC_ROCK_VOUCHER_9500,872.0,9.0,0.0,0.0,0.0,0.0,873,22,0.0,0.0,0.0,0.0,872.5,0.0
0,378800,VOLCANIC_ROCK_VOUCHER_9500,869.0,20.0,0.0,0.0,0.0,0.0,870,20,0.0,0.0,0.0,0.0,869.5,0.0
0,378900,VOLCANIC_ROCK_VOUCHER_9500,869.0,18.0,0.0,0.0,0.0,0.0,870,18,0.0,0.0,0.0,0.0,869.5,0.0
0,379000,VOLCANIC_ROCK_VOUCHER_9500,872.0,20.0,0.0,0.0,0.0,0.0,873,20,0.0,0.0,0.0,0.0,872.5,0.0
0,379100,VOLCANIC_ROCK_VOUCHER_9500,871.0,19.0,0.0,0.0,0.0,0.0,872,1,873.0,18.0,0.0,0.0,871.5,0.0
0,379200,VOLCANIC_ROCK_VOUCHER_9500,876.0,12.0,0.0,0.0,0.0,0.0,877,12,0.0,0.0,0.0,0.0,876.5,0.0
0,379300,VOLCANIC_ROCK_VOUCHER_9500,882.0,1.0,0.0,0.0,0.0,0.0,883,21,0.0,0.0,0.0,0.0,882.5,0.0
0,379400,VOLCANIC_ROCK_VOUCHER_9500,876.0,19.0,0.0,0.0,0.0,0.0,878,19,0.0,0.0,0.0,0.0,877.0,0.0
0,379500,VOLCANIC_ROCK_VOUCHER_9500,877.0,22.0,0.0,0.0,0.0,0.0,878,22,0.0,0.0,0.0,0.0,877.5,0.0
0,379600,VOLCANIC_ROCK_VOUCHER_9500,878.0,37.0,0.0,0.0,0.0,0.0,879,19,0.0,0.0,0.0,0.0,878.5,0.0
0,379700,VOLCANIC_ROCK_VOUCHER_9500,880.0,4.0,0.0,0.0,0.0,0.0,881,14,0.0,0.0,0.0,0.0,880.5,0.0
0,379800,VOLCANIC_ROCK_VOUCHER_9500,878.0,28.0,0.0,0.0,0.0,0.0,879,13,0.0,0.0,0.0,0.0,878.5,0.0
0,379900,VOLCANIC_ROCK_VOUCHER_9500,876.0,11.0,0.0,0.0,0.0,0.0,877,11,0.0,0.0,0.0,0.0,876.5,0.0
0,380000,VOLCANIC_ROCK_VOUCHER_9500,876.0,16.0,0.0,0.0,0.0,0.0,877,16,0.0,0.0,0.0,0.0,876.5,0.0
0,380100,VOLCANIC_ROCK_VOUCHER_9500,877.0,11.0,0.0,0.0,0.0,0.0,878,11,0.0,0.0,0.0,0.0,877.5,0.0
0,380200,VOLCANIC_ROCK_VOUCHER_9500,875.0,11.0,0.0,0.0,0.0,0.0,876,11,0.0,0.0,0.0,0.0,875.5,0.0
0,380300,VOLCANIC_ROCK_VOUCHER_9500,875.0,11.0,0.0,0.0,0.0,0.0,877,11,0.0,0.0,0.0,0.0,876.0,0.0
0,380400,VOLCANIC_ROCK_VOUCHER_9500,871.0,18.0,0.0,0.0,0.0,0.0,872,18,0.0,0.0,0.0,0.0,871.5,0.0
0,380500,VOLCANIC_ROCK_VOUCHER_9500,868.0,16.0,0.0,0.0,0.0,0.0,869,16,0.0,0.0,0.0,0.0,868.5,0.0
0,380600,VOLCANIC_ROCK_VOUCHER_9500,869.0,16.0,0.0,0.0,0.0,0.0,870,16,0.0,0.0,0.0,0.0,869.5,0.0
0,380700,VOLCANIC_ROCK_VOUCHER_9500,871.0,19.0,0.0,0.0,0.0,0.0,872,19,0.0,0.0,0.0,0.0,871.5,0.0
0,380800,VOLCANIC_ROCK_VOUCHER_9500,867.0,16.0,0.0,0.0,0.0,0.0,868,16,0.0,0.0,0.0,0.0,867.5,0.0
0,380900,VOLCANIC_ROCK_VOUCHER_9500,867.0,17.0,0.0,0.0,0.0,0.0,868,17,0.0,0.0,0.0,0.0,867.5,0.0
0,381000,VOLCANIC_ROCK_VOUCHER_9500,872.0,35.0,0.0,0.0,0.0,0.0,873,20,0.0,0.0,0.0,0.0,872.5,0.0
0,381100,VOLCANIC_ROCK_VOUCHER_9500,872.0,14.0,0.0,0.0,0.0,0.0,873,14,0.0,0.0,0.0,0.0,872.5,0.0
0,381200,VOLCANIC_ROCK_VOUCHER_9500,871.0,17.0,0.0,0.0,0.0,0.0,872,17,0.0,0.0,0.0,0.0,871.5,0.0
0,381300,VOLCANIC_ROCK_VOUCHER_9500,872.0,12.0,0.0,0.0,0.0,0.0,874,12,0.0,0.0,0.0,0.0,873.0,0.0
0,381400,VOLCANIC_ROCK_VOUCHER_9500,870.0,19.0,0.0,0.0,0.0,0.0,871,19,0.0,0.0,0.0,0.0,870.5,0.0
0,381500,VOLCANIC_ROCK_VOUCHER_9500,869.0,13.0,0.0,0.0,0.0,0.0,870,13,0.0,0.0,0.0,0.0,869.5,0.0
0,381600,VOLCANIC_ROCK_VOUCHER_9500,867.0,22.0,0.0,0.0,0.0,0.0,868,22,0.0,0.0,0.0,0.0,867.5,0.0
0,381700,VOLCANIC_ROCK_VOUCHER_9500,866.0,15.0,0.0,0.0,0.0,0.0,867,15,0.0,0.0,0.0,0.0,866.5,0.0
0,381800,VOLCANIC_ROCK_VOUCHER_9500,867.0,23.0,0.0,0.0,0.0,0.0,869,17,0.0,0.0,0.0,0.0,868.0,0.0
0,381900,VOLCANIC_ROCK_VOUCHER_9500,0.0,0.0,0.0,0.0,0.0,0.0,867,2,868.0,14.0,0.0,0.0,867.0,0.0
0,382000,VOLCANIC_ROCK_VOUCHER_9500,866.0,13.0,0.0,0.0,0.0,0.0,867,13,0.0,0.0,0.0,0.0,866.5,0.0
0,382100,VOLCANIC_ROCK_VOUCHER_9500,866.0,12.0,0.0,0.0,0.0,0.0,867,12,0.0,0.0,0.0,0.0,866.5,0.0
0,382200,VOLCANIC_ROCK_VOUCHER_9500,868.0,12.0,0.0,0.0,0.0,0.0,870,12,0.0,0.0,0.0,0.0,869.0,0.0
0,382300,VOLCANIC_ROCK_VOUCHER_9500,862.0,21.0,0.0,0.0,0.0,0.0,864,21,0.0,0.0,0.0,0.0,863.0,0.0
0,382400,VOLCANIC_ROCK_VOUCHER_9500,866.0,12.0,0.0,0.0,0.0,0.0,868,12,0.0,0.0,0.0,0.0,867.0,0.0
0,382500,VOLCANIC_ROCK_VOUCHER_9500,865.0,14.0,0.0,0.0,0.0,0.0,866,14,0.0,0.0,0.0,0.0,865.5,0.0
0,382600,VOLCANIC_ROCK_VOUCHER_9500,864.0,18.0,0.0,0.0,0.0,0.0,865,18,0.0,0.0,0.0,0.0,864.5,0.0
0,382700,VOLCANIC_ROCK_VOUCHER_9500,862.0,12.0,0.0,0.0,0.0,0.0,863,12,0.0,0.0,0.0,0.0,862.5,0.0
0,382800,VOLCANIC_ROCK_VOUCHER_9500,861.0,10.0,860.0,15.0,0.0,0.0,862,15,0.0,0.0,0.0,0.0,861.5,0.0
0,382900,VOLCANIC_ROCK_VOUCHER_9500,861.0,10.0,0.0,0.0,0.0,0.0,863,10,0.0,0.0,0.0,0.0,862.0,0.0
0,383000,VOLCANIC_ROCK_VOUCHER_9500,862.0,19.0,0.0,0.0,0.0,0.0,863,19,0.0,0.0,0.0,0.0,862.5,0.0
0,383100,VOLCANIC_ROCK_VOUCHER_9500,863.0,17.0,0.0,0.0,0.0,0.0,864,17,0.0,0.0,0.0,0.0,863.5,0.0
0,383200,VOLCANIC_ROCK_VOUCHER_9500,866.0,19.0,0.0,0.0,0.0,0.0,867,19,0.0,0.0,0.0,0.0,866.5,0.0
0,383300,VOLCANIC_ROCK_VOUCHER_9500,874.0,11.0,0.0,0.0,0.0,0.0,875,11,0.0,0.0,0.0,0.0,874.5,0.0
0,383400,VOLCANIC_ROCK_VOUCHER_9500,877.0,19.0,0.0,0.0,0.0,0.0,878,19,0.0,0.0,0.0,0.0,877.5,0.0
0,383500,VOLCANIC_ROCK_VOUCHER_9500,876.0,19.0,0.0,0.0,0.0,0.0,877,19,0.0,0.0,0.0,0.0,876.5,0.0
0,383600,VOLCANIC_ROCK_VOUCHER_9500,875.0,13.0,0.0,0.0,0.0,0.0,876,13,0.0,0.0,0.0,0.0,875.5,0.0
0,383700,VOLCANIC_ROCK_VOUCHER_9500,870.0,16.0,0.0,0.0,0.0,0.0,872,16,0.0,0.0,0.0,0.0,871.0,0.0
0,383800,VOLCANIC_ROCK_VOUCHER_9500,868.0,14.0,0.0,0.0,0.0,0.0,869,14,0.0,0.0,0.0,0.0,868.5,0.0
0,383900,VOLCANIC_ROCK_VOUCHER_9500,868.0,1.0,0.0,0.0,0.0,0.0,869,20,0.0,0.0,0.0,0.0,868.5,0.0
0,384000,VOLCANIC_ROCK_VOUCHER_9500,870.0,21.0,0.0,0.0,0.0,0.0,871,21,0.0,0.0,0.0,0.0,870.5,0.0
0,384100,VOLCANIC_ROCK_VOUCHER_9500,871.0,18.0,0.0,0.0,0.0,0.0,872,18,0.0,0.0,0.0,0.0,871.5,0.0
0,384200,VOLCANIC_ROCK_VOUCHER_9500,868.0,10.0,0.0,0.0,0.0,0.0,870,10,0.0,0.0,0.0,0.0,869.0,0.0
0,384300,VOLCANIC_ROCK_VOUCHER_9500,868.0,18.0,0.0,0.0,0.0,0.0,869,18,0.0,0.0,0.0,0.0,868.5,0.0
0,384400,VOLCANIC_ROCK_VOUCHER_9500,870.0,10.0,0.0,0.0,0.0,0.0,872,10,0.0,0.0,0.0,0.0,871.0,0.0
0,384500,VOLCANIC_ROCK_VOUCHER_9500,867.0,21.0,0.0,0.0,0.0,0.0,869,21,0.0,0.0,0.0,0.0,868.0,0.0
0,384600,VOLCANIC_ROCK_VOUCHER_9500,870.0,17.0,0.0,0.0,0.0,0.0,871,17,0.0,0.0,0.0,0.0,870.5,0.0
0,384700,VOLCANIC_ROCK_VOUCHER_9500,873.0,15.0,0.0,0.0,0.0,0.0,874,15,0.0,0.0,0.0,0.0,873.5,0.0
0,384800,VOLCANIC_ROCK_VOUCHER_9500,873.0,17.0,0.0,0.0,0.0,0.0,874,17,0.0,0.0,0.0,0.0,873.5,0.0
0,384900,VOLCANIC_ROCK_VOUCHER_9500,875.0,38.0,0.0,0.0,0.0,0.0,876,18,0.0,0.0,0.0,0.0,875.5,0.0
0,385000,VOLCANIC_ROCK_VOUCHER_9500,874.0,11.0,0.0,0.0,0.0,0.0,876,11,0.0,0.0,0.0,0.0,875.0,0.0
0,385100,VOLCANIC_ROCK_VOUCHER_9500,874.0,18.0,0.0,0.0,0.0,0.0,875,18,0.0,0.0,0.0,0.0,874.5,0.0
0,385200,VOLCANIC_ROCK_VOUCHER_9500,877.0,10.0,0.0,0.0,0.0,0.0,879,10,0.0,0.0,0.0,0.0,878.0,0.0
0,385300,VOLCANIC_ROCK_VOUCHER_9500,877.0,16.0,0.0,0.0,0.0,0.0,878,16,0.0,0.0,0.0,0.0,877.5,0.0
0,385400,VOLCANIC_ROCK_VOUCHER_9500,874.0,17.0,0.0,0.0,0.0,0.0,875,17,0.0,0.0,0.0,0.0,874.5,0.0
0,385500,VOLCANIC_ROCK_VOUCHER_9500,873.0,18.0,0.0,0.0,0.0,0.0,874,18,0.0,0.0,0.0,0.0,873.5,0.0
0,385600,VOLCANIC_ROCK_VOUCHER_9500,875.0,13.0,0.0,0.0,0.0,0.0,876,13,0.0,0.0,0.0,0.0,875.5,0.0
0,385700,VOLCANIC_ROCK_VOUCHER_9500,873.0,15.0,0.0,0.0,0.0,0.0,874,15,0.0,0.0,0.0,0.0,873.5,0.0
0,385800,VOLCANIC_ROCK_VOUCHER_9500,874.0,13.0,0.0,0.0,0.0,0.0,875,13,0.0,0.0,0.0,0.0,874.5,0.0
0,385900,VOLCANIC_ROCK_VOUCHER_9500,875.0,13.0,0.0,0.0,0.0,0.0,876,13,0.0,0.0,0.0,0.0,875.5,0.0
0,386000,VOLCANIC_ROCK_VOUCHER_9500,882.0,22.0,0.0,0.0,0.0,0.0,884,22,0.0,0.0,0.0,0.0,883.0,0.0
0,386100,VOLCANIC_ROCK_VOUCHER_9500,880.0,21.0,0.0,0.0,0.0,0.0,881,21,0.0,0.0,0.0,0.0,880.5,0.0
0,386200,VOLCANIC_ROCK_VOUCHER_9500,877.0,17.0,0.0,0.0,0.0,0.0,878,17,0.0,0.0,0.0,0.0,877.5,0.0
0,386300,VOLCANIC_ROCK_VOUCHER_9500,880.0,11.0,0.0,0.0,0.0,0.0,881,11,0.0,0.0,0.0,0.0,880.5,0.0
0,386400,VOLCANIC_ROCK_VOUCHER_9500,878.0,22.0,0.0,0.0,0.0,0.0,879,22,0.0,0.0,0.0,0.0,878.5,0.0
0,386500,VOLCANIC_ROCK_VOUCHER_9500,887.0,13.0,0.0,0.0,0.0,0.0,888,13,0.0,0.0,0.0,0.0,887.5,0.0
0,386600,VOLCANIC_ROCK_VOUCHER_9500,887.0,15.0,0.0,0.0,0.0,0.0,889,15,0.0,0.0,0.0,0.0,888.0,0.0
0,386700,VOLCANIC_ROCK_VOUCHER_9500,892.0,18.0,0.0,0.0,0.0,0.0,893,18,0.0,0.0,0.0,0.0,892.5,0.0
0,386800,VOLCANIC_ROCK_VOUCHER_9500,893.0,19.0,0.0,0.0,0.0,0.0,894,19,0.0,0.0,0.0,0.0,893.5,0.0
0,386900,VOLCANIC_ROCK_VOUCHER_9500,898.0,21.0,0.0,0.0,0.0,0.0,899,21,0.0,0.0,0.0,0.0,898.5,0.0
0,387000,VOLCANIC_ROCK_VOUCHER_9500,895.0,21.0,0.0,0.0,0.0,0.0,896,21,0.0,0.0,0.0,0.0,895.5,0.0
0,387100,VOLCANIC_ROCK_VOUCHER_9500,892.0,32.0,0.0,0.0,0.0,0.0,893,21,0.0,0.0,0.0,0.0,892.5,0.0
0,387200,VOLCANIC_ROCK_VOUCHER_9500,892.0,17.0,0.0,0.0,0.0,0.0,894,17,0.0,0.0,0.0,0.0,893.0,0.0
0,387300,VOLCANIC_ROCK_VOUCHER_9500,895.0,20.0,0.0,0.0,0.0,0.0,896,20,0.0,0.0,0.0,0.0,895.5,0.0
0,387400,VOLCANIC_ROCK_VOUCHER_9500,894.0,16.0,0.0,0.0,0.0,0.0,895,16,0.0,0.0,0.0,0.0,894.5,0.0
0,387500,VOLCANIC_ROCK_VOUCHER_9500,891.0,10.0,0.0,0.0,0.0,0.0,892,10,0.0,0.0,0.0,0.0,891.5,0.0
0,387600,VOLCANIC_ROCK_VOUCHER_9500,893.0,37.0,0.0,0.0,0.0,0.0,894,18,0.0,0.0,0.0,0.0,893.5,0.0
0,387700,VOLCANIC_ROCK_VOUCHER_9500,892.0,18.0,0.0,0.0,0.0,0.0,893,18,0.0,0.0,0.0,0.0,892.5,0.0
0,387800,VOLCANIC_ROCK_VOUCHER_9500,889.0,14.0,0.0,0.0,0.0,0.0,891,14,0.0,0.0,0.0,0.0,890.0,0.0
0,387900,VOLCANIC_ROCK_VOUCHER_9500,0.0,0.0,0.0,0.0,0.0,0.0,889,5,890.0,11.0,0.0,0.0,889.0,0.0
0,388000,VOLCANIC_ROCK_VOUCHER_9500,887.0,20.0,0.0,0.0,0.0,0.0,888,20,0.0,0.0,0.0,0.0,887.5,0.0
0,388100,VOLCANIC_ROCK_VOUCHER_9500,889.0,8.0,888.0,15.0,0.0,0.0,890,15,0.0,0.0,0.0,0.0,889.5,0.0
0,388200,VOLCANIC_ROCK_VOUCHER_9500,892.0,17.0,0.0,0.0,0.0,0.0,893,17,0.0,0.0,0.0,0.0,892.5,0.0
0,388300,VOLCANIC_ROCK_VOUCHER_9500,892.0,11.0,0.0,0.0,0.0,0.0,893,11,0.0,0.0,0.0,0.0,892.5,0.0
0,388400,VOLCANIC_ROCK_VOUCHER_9500,891.0,14.0,0.0,0.0,0.0,0.0,893,14,0.0,0.0,0.0,0.0,892.0,0.0
0,388500,VOLCANIC_ROCK_VOUCHER_9500,892.0,21.0,0.0,0.0,0.0,0.0,893,21,0.0,0.0,0.0,0.0,892.5,0.0
0,388600,VOLCANIC_ROCK_VOUCHER_9500,888.0,12.0,0.0,0.0,0.0,0.0,889,12,0.0,0.0,0.0,0.0,888.5,0.0
0,388700,VOLCANIC_ROCK_VOUCHER_9500,888.0,2.0,887.0,17.0,0.0,0.0,889,19,0.0,0.0,0.0,0.0,888.5,0.0
0,388800,VOLCANIC_ROCK_VOUCHER_9500,0.0,0.0,0.0,0.0,0.0,0.0,887,3,888.0,14.0,0.0,0.0,887.0,0.0
0,388900,VOLCANIC_ROCK_VOUCHER_9500,888.0,6.0,0.0,0.0,0.0,0.0,889,20,0.0,0.0,0.0,0.0,888.5,0.0
0,389000,VOLCANIC_ROCK_VOUCHER_9500,892.0,18.0,0.0,0.0,0.0,0.0,893,18,0.0,0.0,0.0,0.0,892.5,0.0
0,389100,VOLCANIC_ROCK_VOUCHER_9500,894.0,12.0,0.0,0.0,0.0,0.0,895,12,0.0,0.0,0.0,0.0,894.5,0.0
0,389200,VOLCANIC_ROCK_VOUCHER_9500,894.0,10.0,0.0,0.0,0.0,0.0,895,10,0.0,0.0,0.0,0.0,894.5,0.0
0,389300,VOLCANIC_ROCK_VOUCHER_9500,893.0,18.0,0.0,0.0,0.0,0.0,894,18,0.0,0.0,0.0,0.0,893.5,0.0
0,389400,VOLCANIC_ROCK_VOUCHER_9500,894.0,18.0,0.0,0.0,0.0,0.0,895,18,0.0,0.0,0.0,0.0,894.5,0.0
0,389500,VOLCANIC_ROCK_VOUCHER_9500,894.0,18.0,0.0,0.0,0.0,0.0,896,18,0.0,0.0,0.0,0.0,895.0,0.0
0,389600,VOLCANIC_ROCK_VOUCHER_9500,897.0,20.0,0.0,0.0,0.0,0.0,898,20,0.0,0.0,0.0,0.0,897.5,0.0
0,389700,VOLCANIC_ROCK_VOUCHER_9500,896.0,15.0,0.0,0.0,0.0,0.0,897,15,0.0,0.0,0.0,0.0,896.5,0.0
0,389800,VOLCANIC_ROCK_VOUCHER_9500,895.0,12.0,0.0,0.0,0.0,0.0,896,12,0.0,0.0,0.0,0.0,895.5,0.0
0,389900,VOLCANIC_ROCK_VOUCHER_9500,891.0,13.0,0.0,0.0,0.0,0.0,892,13,0.0,0.0,0.0,0.0,891.5,0.0
0,390000,VOLCANIC_ROCK_VOUCHER_9500,892.0,16.0,0.0,0.0,0.0,0.0,893,16,0.0,0.0,0.0,0.0,892.5,0.0
0,390100,VOLCANIC_ROCK_VOUCHER_9500,892.0,12.0,0.0,0.0,0.0,0.0,894,12,0.0,0.0,0.0,0.0,893.0,0.0
0,390200,VOLCANIC_ROCK_VOUCHER_9500,893.0,12.0,0.0,0.0,0.0,0.0,894,12,0.0,0.0,0.0,0.0,893.5,0.0
0,390300,VOLCANIC_ROCK_VOUCHER_9500,894.0,18.0,0.0,0.0,0.0,0.0,895,18,0.0,0.0,0.0,0.0,894.5,0.0
0,390400,VOLCANIC_ROCK_VOUCHER_9500,897.0,16.0,0.0,0.0,0.0,0.0,898,16,0.0,0.0,0.0,0.0,897.5,0.0
0,390500,VOLCANIC_ROCK_VOUCHER_9500,902.0,13.0,0.0,0.0,0.0,0.0,903,13,0.0,0.0,0.0,0.0,902.5,0.0
0,390600,VOLCANIC_ROCK_VOUCHER_9500,903.0,21.0,0.0,0.0,0.0,0.0,904,11,0.0,0.0,0.0,0.0,903.5,0.0
0,390700,VOLCANIC_ROCK_VOUCHER_9500,900.0,14.0,0.0,0.0,0.0,0.0,901,14,0.0,0.0,0.0,0.0,900.5,0.0
0,390800,VOLCANIC_ROCK_VOUCHER_9500,902.0,17.0,0.0,0.0,0.0,0.0,903,17,0.0,0.0,0.0,0.0,902.5,0.0
0,390900,VOLCANIC_ROCK_VOUCHER_9500,901.0,11.0,0.0,0.0,0.0,0.0,902,11,0.0,0.0,0.0,0.0,901.5,0.0
0,391000,VOLCANIC_ROCK_VOUCHER_9500,900.0,15.0,0.0,0.0,0.0,0.0,902,15,0.0,0.0,0.0,0.0,901.0,0.0
0,391100,VOLCANIC_ROCK_VOUCHER_9500,902.0,15.0,0.0,0.0,0.0,0.0,903,15,0.0,0.0,0.0,0.0,902.5,0.0
0,391200,VOLCANIC_ROCK_VOUCHER_9500,901.0,16.0,0.0,0.0,0.0,0.0,902,16,0.0,0.0,0.0,0.0,901.5,0.0
0,391300,VOLCANIC_ROCK_VOUCHER_9500,903.0,20.0,0.0,0.0,0.0,0.0,904,20,0.0,0.0,0.0,0.0,903.5,0.0
0,391400,VOLCANIC_ROCK_VOUCHER_9500,905.0,18.0,0.0,0.0,0.0,0.0,906,18,0.0,0.0,0.0,0.0,905.5,0.0
0,391500,VOLCANIC_ROCK_VOUCHER_9500,904.0,14.0,0.0,0.0,0.0,0.0,905,14,0.0,0.0,0.0,0.0,904.5,0.0
0,391600,VOLCANIC_ROCK_VOUCHER_9500,905.0,19.0,0.0,0.0,0.0,0.0,906,19,0.0,0.0,0.0,0.0,905.5,0.0
0,391700,VOLCANIC_ROCK_VOUCHER_9500,905.0,13.0,0.0,0.0,0.0,0.0,906,13,0.0,0.0,0.0,0.0,905.5,0.0
0,391800,VOLCANIC_ROCK_VOUCHER_9500,906.0,35.0,0.0,0.0,0.0,0.0,907,21,0.0,0.0,0.0,0.0,906.5,0.0
0,391900,VOLCANIC_ROCK_VOUCHER_9500,906.0,18.0,0.0,0.0,0.0,0.0,907,18,0.0,0.0,0.0,0.0,906.5,0.0
0,392000,VOLCANIC_ROCK_VOUCHER_9500,911.0,16.0,0.0,0.0,0.0,0.0,912,16,0.0,0.0,0.0,0.0,911.5,0.0
0,392100,VOLCANIC_ROCK_VOUCHER_9500,913.0,13.0,0.0,0.0,0.0,0.0,914,13,0.0,0.0,0.0,0.0,913.5,0.0
0,392200,VOLCANIC_ROCK_VOUCHER_9500,910.0,12.0,0.0,0.0,0.0,0.0,911,12,0.0,0.0,0.0,0.0,910.5,0.0
0,392300,VOLCANIC_ROCK_VOUCHER_9500,915.0,11.0,0.0,0.0,0.0,0.0,916,11,0.0,0.0,0.0,0.0,915.5,0.0
0,392400,VOLCANIC_ROCK_VOUCHER_9500,912.0,15.0,0.0,0.0,0.0,0.0,913,15,0.0,0.0,0.0,0.0,912.5,0.0
0,392500,VOLCANIC_ROCK_VOUCHER_9500,914.0,12.0,0.0,0.0,0.0,0.0,915,12,0.0,0.0,0.0,0.0,914.5,0.0
0,392600,VOLCANIC_ROCK_VOUCHER_9500,904.0,21.0,0.0,0.0,0.0,0.0,905,21,0.0,0.0,0.0,0.0,904.5,0.0
0,392700,VOLCANIC_ROCK_VOUCHER_9500,906.0,22.0,0.0,0.0,0.0,0.0,907,22,0.0,0.0,0.0,0.0,906.5,0.0
0,392800,VOLCANIC_ROCK_VOUCHER_9500,910.0,19.0,0.0,0.0,0.0,0.0,912,19,0.0,0.0,0.0,0.0,911.0,0.0
0,392900,VOLCANIC_ROCK_VOUCHER_9500,910.0,22.0,0.0,0.0,0.0,0.0,911,16,0.0,0.0,0.0,0.0,910.5,0.0
0,393000,VOLCANIC_ROCK_VOUCHER_9500,910.0,15.0,0.0,0.0,0.0,0.0,911,15,0.0,0.0,0.0,0.0,910.5,0.0
0,393100,VOLCANIC_ROCK_VOUCHER_9500,911.0,2.0,910.0,16.0,0.0,0.0,912,18,0.0,0.0,0.0,0.0,911.5,0.0
0,393200,VOLCANIC_ROCK_VOUCHER_9500,911.0,19.0,0.0,0.0,0.0,0.0,912,19,0.0,0.0,0.0,0.0,911.5,0.0
0,393300,VOLCANIC_ROCK_VOUCHER_9500,913.0,23.0,0.0,0.0,0.0,0.0,914,17,0.0,0.0,0.0,0.0,913.5,0.0
0,393400,VOLCANIC_ROCK_VOUCHER_9500,913.0,22.0,0.0,0.0,0.0,0.0,914,22,0.0,0.0,0.0,0.0,913.5,0.0
0,393500,VOLCANIC_ROCK_VOUCHER_9500,915.0,4.0,0.0,0.0,0.0,0.0,916,14,0.0,0.0,0.0,0.0,915.5,0.0
0,393600,VOLCANIC_ROCK_VOUCHER_9500,913.0,12.0,0.0,0.0,0.0,0.0,914,12,0.0,0.0,0.0,0.0,913.5,0.0
0,393700,VOLCANIC_ROCK_VOUCHER_9500,914.0,11.0,0.0,0.0,0.0,0.0,916,11,0.0,0.0,0.0,0.0,915.0,0.0
0,393800,VOLCANIC_ROCK_VOUCHER_9500,913.0,14.0,0.0,0.0,0.0,0.0,914,14,0.0,0.0,0.0,0.0,913.5,0.0
0,393900,VOLCANIC_ROCK_VOUCHER_9500,909.0,13.0,0.0,0.0,0.0,0.0,910,13,0.0,0.0,0.0,0.0,909.5,0.0
0,394000,VOLCANIC_ROCK_VOUCHER_9500,910.0,19.0,0.0,0.0,0.0,0.0,911,19,0.0,0.0,0.0,0.0,910.5,0.0
0,394100,VOLCANIC_ROCK_VOUCHER_9500,907.0,13.0,0.0,0.0,0.0,0.0,908,13,0.0,0.0,0.0,0.0,907.5,0.0
0,394200,VOLCANIC_ROCK_VOUCHER_9500,899.0,18.0,0.0,0.0,0.0,0.0,900,19,901.0,18.0,0.0,0.0,899.5,0.0
0,394300,VOLCANIC_ROCK_VOUCHER_9500,903.0,13.0,0.0,0.0,0.0,0.0,904,13,0.0,0.0,0.0,0.0,903.5,0.0
0,394400,VOLCANIC_ROCK_VOUCHER_9500,904.0,21.0,0.0,0.0,0.0,0.0,905,2,906.0,19.0,0.0,0.0,904.5,0.0
0,394500,VOLCANIC_ROCK_VOUCHER_9500,906.0,19.0,0.0,0.0,0.0,0.0,907,19,0.0,0.0,0.0,0.0,906.5,0.0
0,394600,VOLCANIC_ROCK_VOUCHER_9500,905.0,12.0,0.0,0.0,0.0,0.0,906,12,0.0,0.0,0.0,0.0,905.5,0.0
0,394700,VOLCANIC_ROCK_VOUCHER_9500,904.0,12.0,0.0,0.0,0.0,0.0,905,12,0.0,0.0,0.0,0.0,904.5,0.0
0,394800,VOLCANIC_ROCK_VOUCHER_9500,907.0,13.0,0.0,0.0,0.0,0.0,908,13,0.0,0.0,0.0,0.0,907.5,0.0
0,394900,VOLCANIC_ROCK_VOUCHER_9500,905.0,20.0,0.0,0.0,0.0,0.0,907,20,0.0,0.0,0.0,0.0,906.0,0.0
0,395000,VOLCANIC_ROCK_VOUCHER_9500,909.0,11.0,0.0,0.0,0.0,0.0,910,11,0.0,0.0,0.0,0.0,909.5,0.0
0,395100,VOLCANIC_ROCK_VOUCHER_9500,909.0,2.0,0.0,0.0,0.0,0.0,910,13,0.0,0.0,0.0,0.0,909.5,0.0
0,395200,VOLCANIC_ROCK_VOUCHER_9500,906.0,12.0,0.0,0.0,0.0,0.0,907,12,0.0,0.0,0.0,0.0,906.5,0.0
0,395300,VOLCANIC_ROCK_VOUCHER_9500,904.0,17.0,0.0,0.0,0.0,0.0,905,17,0.0,0.0,0.0,0.0,904.5,0.0
0,395400,VOLCANIC_ROCK_VOUCHER_9500,904.0,13.0,0.0,0.0,0.0,0.0,905,13,0.0,0.0,0.0,0.0,904.5,0.0
0,395500,VOLCANIC_ROCK_VOUCHER_9500,904.0,20.0,0.0,0.0,0.0,0.0,905,20,0.0,0.0,0.0,0.0,904.5,0.0
0,395600,VOLCANIC_ROCK_VOUCHER_9500,907.0,13.0,0.0,0.0,0.0,0.0,908,13,0.0,0.0,0.0,0.0,907.5,0.0
0,395700,VOLCANIC_ROCK_VOUCHER_9500,907.0,12.0,0.0,0.0,0.0,0.0,908,12,0.0,0.0,0.0,0.0,907.5,0.0
0,395800,VOLCANIC_ROCK_VOUCHER_9500,908.0,30.0,0.0,0.0,0.0,0.0,909,16,0.0,0.0,0.0,0.0,908.5,0.0
0,395900,VOLCANIC_ROCK_VOUCHER_9500,909.0,18.0,0.0,0.0,0.0,0.0,910,18,0.0,0.0,0.0,0.0,909.5,0.0
0,396000,VOLCANIC_ROCK_VOUCHER_9500,914.0,17.0,0.0,0.0,0.0,0.0,915,17,0.0,0.0,0.0,0.0,914.5,0.0
0,396100,VOLCANIC_ROCK_VOUCHER_9500,915.0,36.0,0.0,0.0,0.0,0.0,917,19,0.0,0.0,0.0,0.0,916.0,0.0
0,396200,VOLCANIC_ROCK_VOUCHER_9500,914.0,10.0,0.0,0.0,0.0,0.0,915,10,0.0,0.0,0.0,0.0,914.5,0.0
0,396300,VOLCANIC_ROCK_VOUCHER_9500,913.0,17.0,0.0,0.0,0.0,0.0,914,17,0.0,0.0,0.0,0.0,913.5,0.0
0,396400,VOLCANIC_ROCK_VOUCHER_9500,912.0,17.0,0.0,0.0,0.0,0.0,914,17,0.0,0.0,0.0,0.0,913.0,0.0
0,396500,VOLCANIC_ROCK_VOUCHER_9500,919.0,22.0,0.0,0.0,0.0,0.0,920,22,0.0,0.0,0.0,0.0,919.5,0.0
0,396600,VOLCANIC_ROCK_VOUCHER_9500,922.0,15.0,0.0,0.0,0.0,0.0,923,15,0.0,0.0,0.0,0.0,922.5,0.0
0,396700,VOLCANIC_ROCK_VOUCHER_9500,921.0,13.0,0.0,0.0,0.0,0.0,922,13,0.0,0.0,0.0,0.0,921.5,0.0
0,396800,VOLCANIC_ROCK_VOUCHER_9500,925.0,14.0,0.0,0.0,0.0,0.0,927,14,0.0,0.0,0.0,0.0,926.0,0.0
0,396900,VOLCANIC_ROCK_VOUCHER_9500,920.0,11.0,0.0,0.0,0.0,0.0,921,11,0.0,0.0,0.0,0.0,920.5,0.0
0,397000,VOLCANIC_ROCK_VOUCHER_9500,920.0,21.0,0.0,0.0,0.0,0.0,921,21,0.0,0.0,0.0,0.0,920.5,0.0
0,397100,VOLCANIC_ROCK_VOUCHER_9500,916.0,17.0,0.0,0.0,0.0,0.0,917,17,0.0,0.0,0.0,0.0,916.5,0.0
0,397200,VOLCANIC_ROCK_VOUCHER_9500,918.0,15.0,0.0,0.0,0.0,0.0,919,15,0.0,0.0,0.0,0.0,918.5,0.0
0,397300,VOLCANIC_ROCK_VOUCHER_9500,920.0,19.0,0.0,0.0,0.0,0.0,921,19,0.0,0.0,0.0,0.0,920.5,0.0
0,397400,VOLCANIC_ROCK_VOUCHER_9500,918.0,16.0,0.0,0.0,0.0,0.0,919,16,0.0,0.0,0.0,0.0,918.5,0.0
0,397500,VOLCANIC_ROCK_VOUCHER_9500,920.0,16.0,0.0,0.0,0.0,0.0,921,16,0.0,0.0,0.0,0.0,920.5,0.0
0,397600,VOLCANIC_ROCK_VOUCHER_9500,920.0,10.0,0.0,0.0,0.0,0.0,921,10,0.0,0.0,0.0,0.0,920.5,0.0
0,397700,VOLCANIC_ROCK_VOUCHER_9500,923.0,21.0,0.0,0.0,0.0,0.0,924,21,0.0,0.0,0.0,0.0,923.5,0.0
0,397800,VOLCANIC_ROCK_VOUCHER_9500,923.0,22.0,0.0,0.0,0.0,0.0,924,22,0.0,0.0,0.0,0.0,923.5,0.0
0,397900,VOLCANIC_ROCK_VOUCHER_9500,924.0,2.0,0.0,0.0,0.0,0.0,925,20,0.0,0.0,0.0,0.0,924.5,0.0
0,398000,VOLCANIC_ROCK_VOUCHER_9500,927.0,16.0,0.0,0.0,0.0,0.0,928,16,0.0,0.0,0.0,0.0,927.5,0.0
0,398100,VOLCANIC_ROCK_VOUCHER_9500,930.0,21.0,0.0,0.0,0.0,0.0,931,21,0.0,0.0,0.0,0.0,930.5,0.0
0,398200,VOLCANIC_ROCK_VOUCHER_9500,928.0,15.0,0.0,0.0,0.0,0.0,929,15,0.0,0.0,0.0,0.0,928.5,0.0
0,398300,VOLCANIC_ROCK_VOUCHER_9500,929.0,14.0,0.0,0.0,0.0,0.0,930,14,0.0,0.0,0.0,0.0,929.5,0.0
0,398400,VOLCANIC_ROCK_VOUCHER_9500,930.0,12.0,0.0,0.0,0.0,0.0,931,12,0.0,0.0,0.0,0.0,930.5,0.0
0,398500,VOLCANIC_ROCK_VOUCHER_9500,928.0,18.0,0.0,0.0,0.0,0.0,930,18,0.0,0.0,0.0,0.0,929.0,0.0
0,398600,VOLCANIC_ROCK_VOUCHER_9500,929.0,13.0,0.0,0.0,0.0,0.0,930,13,0.0,0.0,0.0,0.0,929.5,0.0
0,398700,VOLCANIC_ROCK_VOUCHER_9500,930.0,15.0,0.0,0.0,0.0,0.0,931,15,0.0,0.0,0.0,0.0,930.5,0.0
0,398800,VOLCANIC_ROCK_VOUCHER_9500,929.0,16.0,0.0,0.0,0.0,0.0,930,16,0.0,0.0,0.0,0.0,929.5,0.0
0,398900,VOLCANIC_ROCK_VOUCHER_9500,930.0,13.0,0.0,0.0,0.0,0.0,931,13,0.0,0.0,0.0,0.0,930.5,0.0
0,399000,VOLCANIC_ROCK_VOUCHER_9500,930.0,13.0,0.0,0.0,0.0,0.0,931,13,0.0,0.0,0.0,0.0,930.5,0.0
0,399100,VOLCANIC_ROCK_VOUCHER_9500,930.0,19.0,0.0,0.0,0.0,0.0,931,19,0.0,0.0,0.0,0.0,930.5,0.0
0,399200,VOLCANIC_ROCK_VOUCHER_9500,927.0,16.0,0.0,0.0,0.0,0.0,928,16,0.0,0.0,0.0,0.0,927.5,0.0
0,399300,VOLCANIC_ROCK_VOUCHER_9500,0.0,0.0,0.0,0.0,0.0,0.0,930,14,0.0,0.0,0.0,0.0,930.0,0.0
0,399400,VOLCANIC_ROCK_VOUCHER_9500,927.0,15.0,0.0,0.0,0.0,0.0,928,15,0.0,0.0,0.0,0.0,927.5,0.0
0,399500,VOLCANIC_ROCK_VOUCHER_9500,927.0,21.0,0.0,0.0,0.0,0.0,929,21,0.0,0.0,0.0,0.0,928.0,0.0
0,399600,VOLCANIC_ROCK_VOUCHER_9500,928.0,19.0,0.0,0.0,0.0,0.0,929,19,0.0,0.0,0.0,0.0,928.5,0.0
0,399700,VOLCANIC_ROCK_VOUCHER_9500,920.0,13.0,0.0,0.0,0.0,0.0,921,13,0.0,0.0,0.0,0.0,920.5,0.0
0,399800,VOLCANIC_ROCK_VOUCHER_9500,923.0,10.0,0.0,0.0,0.0,0.0,924,10,0.0,0.0,0.0,0.0,923.5,0.0
0,399900,VOLCANIC_ROCK_VOUCHER_9500,924.0,17.0,0.0,0.0,0.0,0.0,925,17,0.0,0.0,0.0,0.0,924.5,0.0
0,400000,VOLCANIC_ROCK_VOUCHER_9500,923.0,20.0,0.0,0.0,0.0,0.0,924,20,0.0,0.0,0.0,0.0,923.5,0.0
0,400100,VOLCANIC_ROCK_VOUCHER_9500,919.0,14.0,0.0,0.0,0.0,0.0,920,2,921.0,12.0,0.0,0.0,919.5,0.0
0,400200,VOLCANIC_ROCK_VOUCHER_9500,920.0,34.0,0.0,0.0,0.0,0.0,921,20,0.0,0.0,0.0,0.0,920.5,0.0
0,400300,VOLCANIC_ROCK_VOUCHER_9500,915.0,17.0,0.0,0.0,0.0,0.0,916,17,0.0,0.0,0.0,0.0,915.5,0.0
0,400400,VOLCANIC_ROCK_VOUCHER_9500,917.0,17.0,0.0,0.0,0.0,0.0,918,17,0.0,0.0,0.0,0.0,917.5,0.0
0,400500,VOLCANIC_ROCK_VOUCHER_9500,918.0,35.0,0.0,0.0,0.0,0.0,919,21,0.0,0.0,0.0,0.0,918.5,0.0
0,400600,VOLCANIC_ROCK_VOUCHER_9500,919.0,15.0,0.0,0.0,0.0,0.0,920,15,0.0,0.0,0.0,0.0,919.5,0.0
0,400700,VOLCANIC_ROCK_VOUCHER_9500,920.0,16.0,0.0,0.0,0.0,0.0,922,16,0.0,0.0,0.0,0.0,921.0,0.0
0,400800,VOLCANIC_ROCK_VOUCHER_9500,921.0,20.0,0.0,0.0,0.0,0.0,922,20,0.0,0.0,0.0,0.0,921.5,0.0
0,400900,VOLCANIC_ROCK_VOUCHER_9500,923.0,34.0,0.0,0.0,0.0,0.0,924,17,0.0,0.0,0.0,0.0,923.5,0.0
0,401000,VOLCANIC_ROCK_VOUCHER_9500,919.0,25.0,0.0,0.0,0.0,0.0,920,14,0.0,0.0,0.0,0.0,919.5,0.0
0,401100,VOLCANIC_ROCK_VOUCHER_9500,921.0,20.0,0.0,0.0,0.0,0.0,922,20,0.0,0.0,0.0,0.0,921.5,0.0
0,401200,VOLCANIC_ROCK_VOUCHER_9500,918.0,17.0,0.0,0.0,0.0,0.0,919,17,0.0,0.0,0.0,0.0,918.5,0.0
0,401300,VOLCANIC_ROCK_VOUCHER_9500,916.0,10.0,0.0,0.0,0.0,0.0,917,10,0.0,0.0,0.0,0.0,916.5,0.0
0,401400,VOLCANIC_ROCK_VOUCHER_9500,914.0,17.0,0.0,0.0,0.0,0.0,916,17,0.0,0.0,0.0,0.0,915.0,0.0
0,401500,VOLCANIC_ROCK_VOUCHER_9500,915.0,10.0,0.0,0.0,0.0,0.0,916,10,0.0,0.0,0.0,0.0,915.5,0.0
0,401600,VOLCANIC_ROCK_VOUCHER_9500,914.0,20.0,0.0,0.0,0.0,0.0,915,20,0.0,0.0,0.0,0.0,914.5,0.0
0,401700,VOLCANIC_ROCK_VOUCHER_9500,914.0,19.0,0.0,0.0,0.0,0.0,916,19,0.0,0.0,0.0,0.0,915.0,0.0
0,401800,VOLCANIC_ROCK_VOUCHER_9500,915.0,28.0,0.0,0.0,0.0,0.0,916,10,0.0,0.0,0.0,0.0,915.5,0.0
0,401900,VOLCANIC_ROCK_VOUCHER_9500,916.0,16.0,0.0,0.0,0.0,0.0,917,16,0.0,0.0,0.0,0.0,916.5,0.0
0,402000,VOLCANIC_ROCK_VOUCHER_9500,911.0,19.0,0.0,0.0,0.0,0.0,912,19,0.0,0.0,0.0,0.0,911.5,0.0
0,402100,VOLCANIC_ROCK_VOUCHER_9500,906.0,16.0,0.0,0.0,0.0,0.0,907,16,0.0,0.0,0.0,0.0,906.5,0.0
0,402200,VOLCANIC_ROCK_VOUCHER_9500,903.0,15.0,0.0,0.0,0.0,0.0,904,15,0.0,0.0,0.0,0.0,903.5,0.0
0,402300,VOLCANIC_ROCK_VOUCHER_9500,907.0,18.0,0.0,0.0,0.0,0.0,908,18,0.0,0.0,0.0,0.0,907.5,0.0
0,402400,VOLCANIC_ROCK_VOUCHER_9500,907.0,16.0,0.0,0.0,0.0,0.0,908,16,0.0,0.0,0.0,0.0,907.5,0.0
0,402500,VOLCANIC_ROCK_VOUCHER_9500,905.0,21.0,0.0,0.0,0.0,0.0,906,21,0.0,0.0,0.0,0.0,905.5,0.0
0,402600,VOLCANIC_ROCK_VOUCHER_9500,902.0,14.0,0.0,0.0,0.0,0.0,904,14,0.0,0.0,0.0,0.0,903.0,0.0
0,402700,VOLCANIC_ROCK_VOUCHER_9500,904.0,19.0,0.0,0.0,0.0,0.0,905,19,0.0,0.0,0.0,0.0,904.5,0.0
0,402800,VOLCANIC_ROCK_VOUCHER_9500,904.0,17.0,0.0,0.0,0.0,0.0,905,17,0.0,0.0,0.0,0.0,904.5,0.0
0,402900,VOLCANIC_ROCK_VOUCHER_9500,904.0,17.0,0.0,0.0,0.0,0.0,905,17,0.0,0.0,0.0,0.0,904.5,0.0
0,403000,VOLCANIC_ROCK_VOUCHER_9500,903.0,34.0,0.0,0.0,0.0,0.0,904,17,0.0,0.0,0.0,0.0,903.5,0.0
0,403100,VOLCANIC_ROCK_VOUCHER_9500,895.0,17.0,0.0,0.0,0.0,0.0,896,17,0.0,0.0,0.0,0.0,895.5,0.0
0,403200,VOLCANIC_ROCK_VOUCHER_9500,893.0,15.0,0.0,0.0,0.0,0.0,894,15,0.0,0.0,0.0,0.0,893.5,0.0
0,403300,VOLCANIC_ROCK_VOUCHER_9500,894.0,13.0,0.0,0.0,0.0,0.0,895,13,0.0,0.0,0.0,0.0,894.5,0.0
0,403400,VOLCANIC_ROCK_VOUCHER_9500,889.0,12.0,0.0,0.0,0.0,0.0,891,12,0.0,0.0,0.0,0.0,890.0,0.0
0,403500,VOLCANIC_ROCK_VOUCHER_9500,886.0,20.0,0.0,0.0,0.0,0.0,887,20,0.0,0.0,0.0,0.0,886.5,0.0
0,403600,VOLCANIC_ROCK_VOUCHER_9500,882.0,21.0,0.0,0.0,0.0,0.0,883,21,0.0,0.0,0.0,0.0,882.5,0.0
0,403700,VOLCANIC_ROCK_VOUCHER_9500,882.0,1.0,0.0,0.0,0.0,0.0,883,19,0.0,0.0,0.0,0.0,882.5,0.0
0,403800,VOLCANIC_ROCK_VOUCHER_9500,884.0,17.0,0.0,0.0,0.0,0.0,885,17,0.0,0.0,0.0,0.0,884.5,0.0
0,403900,VOLCANIC_ROCK_VOUCHER_9500,885.0,31.0,0.0,0.0,0.0,0.0,886,17,0.0,0.0,0.0,0.0,885.5,0.0
0,404000,VOLCANIC_ROCK_VOUCHER_9500,885.0,11.0,0.0,0.0,0.0,0.0,886,11,0.0,0.0,0.0,0.0,885.5,0.0
0,404100,VOLCANIC_ROCK_VOUCHER_9500,889.0,11.0,0.0,0.0,0.0,0.0,890,11,0.0,0.0,0.0,0.0,889.5,0.0
0,404200,VOLCANIC_ROCK_VOUCHER_9500,889.0,14.0,0.0,0.0,0.0,0.0,890,14,0.0,0.0,0.0,0.0,889.5,0.0
0,404300,VOLCANIC_ROCK_VOUCHER_9500,889.0,15.0,0.0,0.0,0.0,0.0,890,15,0.0,0.0,0.0,0.0,889.5,0.0
0,404400,VOLCANIC_ROCK_VOUCHER_9500,0.0,0.0,0.0,0.0,0.0,0.0,887,1,888.0,11.0,0.0,0.0,887.0,0.0
0,404500,VOLCANIC_ROCK_VOUCHER_9500,882.0,14.0,0.0,0.0,0.0,0.0,883,14,0.0,0.0,0.0,0.0,882.5,0.0
0,404600,VOLCANIC_ROCK_VOUCHER_9500,880.0,20.0,0.0,0.0,0.0,0.0,881,20,0.0,0.0,0.0,0.0,880.5,0.0
0,404700,VOLCANIC_ROCK_VOUCHER_9500,880.0,15.0,0.0,0.0,0.0,0.0,881,15,0.0,0.0,0.0,0.0,880.5,0.0
0,404800,VOLCANIC_ROCK_VOUCHER_9500,878.0,19.0,0.0,0.0,0.0,0.0,879,19,0.0,0.0,0.0,0.0,878.5,0.0
0,404900,VOLCANIC_ROCK_VOUCHER_9500,881.0,21.0,0.0,0.0,0.0,0.0,882,21,0.0,0.0,0.0,0.0,881.5,0.0
0,405000,VOLCANIC_ROCK_VOUCHER_9500,884.0,14.0,0.0,0.0,0.0,0.0,885,14,0.0,0.0,0.0,0.0,884.5,0.0
0,405100,VOLCANIC_ROCK_VOUCHER_9500,884.0,19.0,0.0,0.0,0.0,0.0,886,19,0.0,0.0,0.0,0.0,885.0,0.0
0,405200,VOLCANIC_ROCK_VOUCHER_9500,880.0,18.0,0.0,0.0,0.0,0.0,881,18,0.0,0.0,0.0,0.0,880.5,0.0
0,405300,VOLCANIC_ROCK_VOUCHER_9500,880.0,16.0,0.0,0.0,0.0,0.0,881,16,0.0,0.0,0.0,0.0,880.5,0.0
0,405400,VOLCANIC_ROCK_VOUCHER_9500,878.0,12.0,0.0,0.0,0.0,0.0,879,12,0.0,0.0,0.0,0.0,878.5,0.0
0,405500,VOLCANIC_ROCK_VOUCHER_9500,877.0,14.0,0.0,0.0,0.0,0.0,878,14,0.0,0.0,0.0,0.0,877.5,0.0
0,405600,VOLCANIC_ROCK_VOUCHER_9500,878.0,17.0,0.0,0.0,0.0,0.0,880,17,0.0,0.0,0.0,0.0,879.0,0.0
0,405700,VOLCANIC_ROCK_VOUCHER_9500,877.0,15.0,0.0,0.0,0.0,0.0,878,15,0.0,0.0,0.0,0.0,877.5,0.0
0,405800,VOLCANIC_ROCK_VOUCHER_9500,881.0,20.0,0.0,0.0,0.0,0.0,883,20,0.0,0.0,0.0,0.0,882.0,0.0
0,405900,VOLCANIC_ROCK_VOUCHER_9500,881.0,17.0,0.0,0.0,0.0,0.0,882,17,0.0,0.0,0.0,0.0,881.5,0.0
0,406000,VOLCANIC_ROCK_VOUCHER_9500,886.0,16.0,0.0,0.0,0.0,0.0,888,16,0.0,0.0,0.0,0.0,887.0,0.0
0,406100,VOLCANIC_ROCK_VOUCHER_9500,886.0,10.0,0.0,0.0,0.0,0.0,887,10,0.0,0.0,0.0,0.0,886.5,0.0
0,406200,VOLCANIC_ROCK_VOUCHER_9500,895.0,17.0,0.0,0.0,0.0,0.0,896,17,0.0,0.0,0.0,0.0,895.5,0.0
0,406300,VOLCANIC_ROCK_VOUCHER_9500,894.0,14.0,0.0,0.0,0.0,0.0,895,14,0.0,0.0,0.0,0.0,894.5,0.0
0,406400,VOLCANIC_ROCK_VOUCHER_9500,893.0,2.0,892.0,13.0,0.0,0.0,894,15,0.0,0.0,0.0,0.0,893.5,0.0
0,406500,VOLCANIC_ROCK_VOUCHER_9500,890.0,16.0,0.0,0.0,0.0,0.0,891,16,0.0,0.0,0.0,0.0,890.5,0.0
0,406600,VOLCANIC_ROCK_VOUCHER_9500,888.0,13.0,0.0,0.0,0.0,0.0,889,13,0.0,0.0,0.0,0.0,888.5,0.0
0,406700,VOLCANIC_ROCK_VOUCHER_9500,886.0,18.0,0.0,0.0,0.0,0.0,887,18,0.0,0.0,0.0,0.0,886.5,0.0
0,406800,VOLCANIC_ROCK_VOUCHER_9500,887.0,19.0,0.0,0.0,0.0,0.0,888,19,0.0,0.0,0.0,0.0,887.5,0.0
0,406900,VOLCANIC_ROCK_VOUCHER_9500,885.0,20.0,0.0,0.0,0.0,0.0,887,20,0.0,0.0,0.0,0.0,886.0,0.0
0,407000,VOLCANIC_ROCK_VOUCHER_9500,886.0,17.0,0.0,0.0,0.0,0.0,887,17,0.0,0.0,0.0,0.0,886.5,0.0
0,407100,VOLCANIC_ROCK_VOUCHER_9500,886.0,22.0,0.0,0.0,0.0,0.0,888,22,0.0,0.0,0.0,0.0,887.0,0.0
0,407200,VOLCANIC_ROCK_VOUCHER_9500,892.0,19.0,0.0,0.0,0.0,0.0,893,19,0.0,0.0,0.0,0.0,892.5,0.0
0,407300,VOLCANIC_ROCK_VOUCHER_9500,890.0,16.0,0.0,0.0,0.0,0.0,892,16,0.0,0.0,0.0,0.0,891.0,0.0
0,407400,VOLCANIC_ROCK_VOUCHER_9500,891.0,17.0,0.0,0.0,0.0,0.0,892,17,0.0,0.0,0.0,0.0,891.5,0.0
0,407500,VOLCANIC_ROCK_VOUCHER_9500,891.0,20.0,0.0,0.0,0.0,0.0,892,20,0.0,0.0,0.0,0.0,891.5,0.0
0,407600,VOLCANIC_ROCK_VOUCHER_9500,890.0,21.0,0.0,0.0,0.0,0.0,891,21,0.0,0.0,0.0,0.0,890.5,0.0
0,407700,VOLCANIC_ROCK_VOUCHER_9500,887.0,14.0,0.0,0.0,0.0,0.0,888,14,0.0,0.0,0.0,0.0,887.5,0.0
0,407800,VOLCANIC_ROCK_VOUCHER_9500,887.0,18.0,0.0,0.0,0.0,0.0,888,18,0.0,0.0,0.0,0.0,887.5,0.0
0,407900,VOLCANIC_ROCK_VOUCHER_9500,886.0,11.0,0.0,0.0,0.0,0.0,887,11,0.0,0.0,0.0,0.0,886.5,0.0
0,408000,VOLCANIC_ROCK_VOUCHER_9500,890.0,15.0,0.0,0.0,0.0,0.0,891,15,0.0,0.0,0.0,0.0,890.5,0.0
0,408100,VOLCANIC_ROCK_VOUCHER_9500,890.0,26.0,0.0,0.0,0.0,0.0,891,15,0.0,0.0,0.0,0.0,890.5,0.0
0,408200,VOLCANIC_ROCK_VOUCHER_9500,893.0,15.0,0.0,0.0,0.0,0.0,894,15,0.0,0.0,0.0,0.0,893.5,0.0
0,408300,VOLCANIC_ROCK_VOUCHER_9500,895.0,8.0,0.0,0.0,0.0,0.0,896,18,0.0,0.0,0.0,0.0,895.5,0.0
0,408400,VOLCANIC_ROCK_VOUCHER_9500,891.0,14.0,0.0,0.0,0.0,0.0,892,14,0.0,0.0,0.0,0.0,891.5,0.0
0,408500,VOLCANIC_ROCK_VOUCHER_9500,891.0,13.0,0.0,0.0,0.0,0.0,892,13,0.0,0.0,0.0,0.0,891.5,0.0
0,408600,VOLCANIC_ROCK_VOUCHER_9500,888.0,20.0,0.0,0.0,0.0,0.0,889,20,0.0,0.0,0.0,0.0,888.5,0.0
0,408700,VOLCANIC_ROCK_VOUCHER_9500,892.0,20.0,0.0,0.0,0.0,0.0,893,20,0.0,0.0,0.0,0.0,892.5,0.0
0,408800,VOLCANIC_ROCK_VOUCHER_9500,889.0,15.0,0.0,0.0,0.0,0.0,890,15,0.0,0.0,0.0,0.0,889.5,0.0
0,408900,VOLCANIC_ROCK_VOUCHER_9500,891.0,20.0,0.0,0.0,0.0,0.0,892,20,0.0,0.0,0.0,0.0,891.5,0.0
0,409000,VOLCANIC_ROCK_VOUCHER_9500,889.0,18.0,0.0,0.0,0.0,0.0,890,18,0.0,0.0,0.0,0.0,889.5,0.0
0,409100,VOLCANIC_ROCK_VOUCHER_9500,888.0,13.0,0.0,0.0,0.0,0.0,889,13,0.0,0.0,0.0,0.0,888.5,0.0
0,409200,VOLCANIC_ROCK_VOUCHER_9500,0.0,0.0,0.0,0.0,0.0,0.0,896,1,897.0,13.0,0.0,0.0,896.0,0.0
0,409300,VOLCANIC_ROCK_VOUCHER_9500,896.0,20.0,0.0,0.0,0.0,0.0,898,20,0.0,0.0,0.0,0.0,897.0,0.0
0,409400,VOLCANIC_ROCK_VOUCHER_9500,895.0,16.0,0.0,0.0,0.0,0.0,896,16,0.0,0.0,0.0,0.0,895.5,0.0
0,409500,VOLCANIC_ROCK_VOUCHER_9500,891.0,42.0,0.0,0.0,0.0,0.0,892,22,0.0,0.0,0.0,0.0,891.5,0.0
0,409600,VOLCANIC_ROCK_VOUCHER_9500,894.0,16.0,0.0,0.0,0.0,0.0,895,16,0.0,0.0,0.0,0.0,894.5,0.0
0,409700,VOLCANIC_ROCK_VOUCHER_9500,892.0,12.0,0.0,0.0,0.0,0.0,893,12,0.0,0.0,0.0,0.0,892.5,0.0
0,409800,VOLCANIC_ROCK_VOUCHER_9500,892.0,17.0,0.0,0.0,0.0,0.0,893,17,0.0,0.0,0.0,0.0,892.5,0.0
0,409900,VOLCANIC_ROCK_VOUCHER_9500,893.0,16.0,0.0,0.0,0.0,0.0,894,16,0.0,0.0,0.0,0.0,893.5,0.0
0,410000,VOLCANIC_ROCK_VOUCHER_9500,897.0,16.0,0.0,0.0,0.0,0.0,899,16,0.0,0.0,0.0,0.0,898.0,0.0
0,410100,VOLCANIC_ROCK_VOUCHER_9500,903.0,22.0,0.0,0.0,0.0,0.0,904,22,0.0,0.0,0.0,0.0,903.5,0.0
0,410200,VOLCANIC_ROCK_VOUCHER_9500,902.0,15.0,0.0,0.0,0.0,0.0,904,15,0.0,0.0,0.0,0.0,903.0,0.0
0,410300,VOLCANIC_ROCK_VOUCHER_9500,907.0,11.0,0.0,0.0,0.0,0.0,908,11,0.0,0.0,0.0,0.0,907.5,0.0
0,410400,VOLCANIC_ROCK_VOUCHER_9500,903.0,12.0,0.0,0.0,0.0,0.0,904,12,0.0,0.0,0.0,0.0,903.5,0.0
0,410500,VOLCANIC_ROCK_VOUCHER_9500,903.0,28.0,0.0,0.0,0.0,0.0,905,10,0.0,0.0,0.0,0.0,904.0,0.0
0,410600,VOLCANIC_ROCK_VOUCHER_9500,901.0,14.0,0.0,0.0,0.0,0.0,902,14,0.0,0.0,0.0,0.0,901.5,0.0
0,410700,VOLCANIC_ROCK_VOUCHER_9500,898.0,14.0,0.0,0.0,0.0,0.0,899,14,0.0,0.0,0.0,0.0,898.5,0.0
0,410800,VOLCANIC_ROCK_VOUCHER_9500,900.0,12.0,0.0,0.0,0.0,0.0,902,12,0.0,0.0,0.0,0.0,901.0,0.0
0,410900,VOLCANIC_ROCK_VOUCHER_9500,897.0,31.0,0.0,0.0,0.0,0.0,898,14,0.0,0.0,0.0,0.0,897.5,0.0
0,411000,VOLCANIC_ROCK_VOUCHER_9500,897.0,6.0,0.0,0.0,0.0,0.0,898,17,0.0,0.0,0.0,0.0,897.5,0.0
0,411100,VOLCANIC_ROCK_VOUCHER_9500,902.0,36.0,0.0,0.0,0.0,0.0,903,18,0.0,0.0,0.0,0.0,902.5,0.0
0,411200,VOLCANIC_ROCK_VOUCHER_9500,906.0,17.0,0.0,0.0,0.0,0.0,907,17,0.0,0.0,0.0,0.0,906.5,0.0
0,411300,VOLCANIC_ROCK_VOUCHER_9500,902.0,20.0,0.0,0.0,0.0,0.0,903,20,0.0,0.0,0.0,0.0,902.5,0.0
0,411400,VOLCANIC_ROCK_VOUCHER_9500,0.0,0.0,0.0,0.0,0.0,0.0,902,7,903.0,12.0,0.0,0.0,902.0,0.0
0,411500,VOLCANIC_ROCK_VOUCHER_9500,895.0,1.0,894.0,13.0,0.0,0.0,896,14,0.0,0.0,0.0,0.0,895.5,0.0
0,411600,VOLCANIC_ROCK_VOUCHER_9500,895.0,21.0,0.0,0.0,0.0,0.0,896,21,0.0,0.0,0.0,0.0,895.5,0.0
0,411700,VOLCANIC_ROCK_VOUCHER_9500,897.0,22.0,0.0,0.0,0.0,0.0,898,22,0.0,0.0,0.0,0.0,897.5,0.0
0,411800,VOLCANIC_ROCK_VOUCHER_9500,895.0,17.0,0.0,0.0,0.0,0.0,896,17,0.0,0.0,0.0,0.0,895.5,0.0
0,411900,VOLCANIC_ROCK_VOUCHER_9500,892.0,18.0,0.0,0.0,0.0,0.0,893,18,0.0,0.0,0.0,0.0,892.5,0.0
0,412000,VOLCANIC_ROCK_VOUCHER_9500,892.0,19.0,0.0,0.0,0.0,0.0,893,19,0.0,0.0,0.0,0.0,892.5,0.0
0,412100,VOLCANIC_ROCK_VOUCHER_9500,890.0,13.0,0.0,0.0,0.0,0.0,891,13,0.0,0.0,0.0,0.0,890.5,0.0
0,412200,VOLCANIC_ROCK_VOUCHER_9500,894.0,21.0,0.0,0.0,0.0,0.0,895,21,0.0,0.0,0.0,0.0,894.5,0.0
0,412300,VOLCANIC_ROCK_VOUCHER_9500,892.0,13.0,0.0,0.0,0.0,0.0,893,13,0.0,0.0,0.0,0.0,892.5,0.0
0,412400,VOLCANIC_ROCK_VOUCHER_9500,891.0,16.0,0.0,0.0,0.0,0.0,892,16,0.0,0.0,0.0,0.0,891.5,0.0
0,412500,VOLCANIC_ROCK_VOUCHER_9500,888.0,17.0,0.0,0.0,0.0,0.0,889,17,0.0,0.0,0.0,0.0,888.5,0.0
0,412600,VOLCANIC_ROCK_VOUCHER_9500,893.0,20.0,0.0,0.0,0.0,0.0,894,20,0.0,0.0,0.0,0.0,893.5,0.0
0,412700,VOLCANIC_ROCK_VOUCHER_9500,894.0,15.0,0.0,0.0,0.0,0.0,895,15,0.0,0.0,0.0,0.0,894.5,0.0
0,412800,VOLCANIC_ROCK_VOUCHER_9500,901.0,15.0,0.0,0.0,0.0,0.0,902,15,0.0,0.0,0.0,0.0,901.5,0.0
0,412900,VOLCANIC_ROCK_VOUCHER_9500,901.0,15.0,0.0,0.0,0.0,0.0,902,15,0.0,0.0,0.0,0.0,901.5,0.0
0,413000,VOLCANIC_ROCK_VOUCHER_9500,902.0,17.0,0.0,0.0,0.0,0.0,903,17,0.0,0.0,0.0,0.0,902.5,0.0
0,413100,VOLCANIC_ROCK_VOUCHER_9500,900.0,12.0,0.0,0.0,0.0,0.0,901,12,0.0,0.0,0.0,0.0,900.5,0.0
0,413200,VOLCANIC_ROCK_VOUCHER_9500,901.0,19.0,0.0,0.0,0.0,0.0,902,19,0.0,0.0,0.0,0.0,901.5,0.0
0,413300,VOLCANIC_ROCK_VOUCHER_9500,900.0,14.0,0.0,0.0,0.0,0.0,901,14,0.0,0.0,0.0,0.0,900.5,0.0
0,413400,VOLCANIC_ROCK_VOUCHER_9500,898.0,17.0,0.0,0.0,0.0,0.0,899,17,0.0,0.0,0.0,0.0,898.5,0.0
0,413500,VOLCANIC_ROCK_VOUCHER_9500,896.0,12.0,0.0,0.0,0.0,0.0,897,12,0.0,0.0,0.0,0.0,896.5,0.0
0,413600,VOLCANIC_ROCK_VOUCHER_9500,898.0,18.0,0.0,0.0,0.0,0.0,899,18,0.0,0.0,0.0,0.0,898.5,0.0
0,413700,VOLCANIC_ROCK_VOUCHER_9500,901.0,13.0,0.0,0.0,0.0,0.0,902,13,0.0,0.0,0.0,0.0,901.5,0.0
0,413800,VOLCANIC_ROCK_VOUCHER_9500,901.0,12.0,0.0,0.0,0.0,0.0,902,12,0.0,0.0,0.0,0.0,901.5,0.0
0,413900,VOLCANIC_ROCK_VOUCHER_9500,899.0,13.0,0.0,0.0,0.0,0.0,900,13,0.0,0.0,0.0,0.0,899.5,0.0
0,414000,VOLCANIC_ROCK_VOUCHER_9500,901.0,18.0,0.0,0.0,0.0,0.0,902,18,0.0,0.0,0.0,0.0,901.5,0.0
0,414100,VOLCANIC_ROCK_VOUCHER_9500,901.0,13.0,0.0,0.0,0.0,0.0,902,13,0.0,0.0,0.0,0.0,901.5,0.0
0,414200,VOLCANIC_ROCK_VOUCHER_9500,902.0,18.0,0.0,0.0,0.0,0.0,903,18,0.0,0.0,0.0,0.0,902.5,0.0
0,414300,VOLCANIC_ROCK_VOUCHER_9500,902.0,12.0,0.0,0.0,0.0,0.0,903,12,0.0,0.0,0.0,0.0,902.5,0.0
0,414400,VOLCANIC_ROCK_VOUCHER_9500,900.0,18.0,0.0,0.0,0.0,0.0,901,18,0.0,0.0,0.0,0.0,900.5,0.0
0,414500,VOLCANIC_ROCK_VOUCHER_9500,904.0,15.0,0.0,0.0,0.0,0.0,905,15,0.0,0.0,0.0,0.0,904.5,0.0
0,414600,VOLCANIC_ROCK_VOUCHER_9500,907.0,13.0,0.0,0.0,0.0,0.0,908,13,0.0,0.0,0.0,0.0,907.5,0.0
0,414700,VOLCANIC_ROCK_VOUCHER_9500,906.0,11.0,0.0,0.0,0.0,0.0,907,11,0.0,0.0,0.0,0.0,906.5,0.0
0,414800,VOLCANIC_ROCK_VOUCHER_9500,909.0,12.0,0.0,0.0,0.0,0.0,910,12,0.0,0.0,0.0,0.0,909.5,0.0
0,414900,VOLCANIC_ROCK_VOUCHER_9500,910.0,19.0,0.0,0.0,0.0,0.0,911,19,0.0,0.0,0.0,0.0,910.5,0.0
0,415000,VOLCANIC_ROCK_VOUCHER_9500,913.0,16.0,0.0,0.0,0.0,0.0,914,16,0.0,0.0,0.0,0.0,913.5,0.0
0,415100,VOLCANIC_ROCK_VOUCHER_9500,913.0,37.0,0.0,0.0,0.0,0.0,914,17,0.0,0.0,0.0,0.0,913.5,0.0
0,415200,VOLCANIC_ROCK_VOUCHER_9500,916.0,18.0,0.0,0.0,0.0,0.0,917,18,0.0,0.0,0.0,0.0,916.5,0.0
0,415300,VOLCANIC_ROCK_VOUCHER_9500,915.0,17.0,0.0,0.0,0.0,0.0,916,17,0.0,0.0,0.0,0.0,915.5,0.0
0,415400,VOLCANIC_ROCK_VOUCHER_9500,913.0,22.0,0.0,0.0,0.0,0.0,914,22,0.0,0.0,0.0,0.0,913.5,0.0
0,415500,VOLCANIC_ROCK_VOUCHER_9500,911.0,14.0,0.0,0.0,0.0,0.0,912,14,0.0,0.0,0.0,0.0,911.5,0.0
0,415600,VOLCANIC_ROCK_VOUCHER_9500,0.0,0.0,0.0,0.0,0.0,0.0,913,4,914.0,16.0,0.0,0.0,913.0,0.0
0,415700,VOLCANIC_ROCK_VOUCHER_9500,915.0,20.0,0.0,0.0,0.0,0.0,916,20,0.0,0.0,0.0,0.0,915.5,0.0
0,415800,VOLCANIC_ROCK_VOUCHER_9500,913.0,14.0,0.0,0.0,0.0,0.0,914,14,0.0,0.0,0.0,0.0,913.5,0.0
0,415900,VOLCANIC_ROCK_VOUCHER_9500,913.0,12.0,0.0,0.0,0.0,0.0,914,12,0.0,0.0,0.0,0.0,913.5,0.0
0,416000,VOLCANIC_ROCK_VOUCHER_9500,912.0,31.0,0.0,0.0,0.0,0.0,913,17,0.0,0.0,0.0,0.0,912.5,0.0
0,416100,VOLCANIC_ROCK_VOUCHER_9500,909.0,17.0,0.0,0.0,0.0,0.0,911,17,0.0,0.0,0.0,0.0,910.0,0.0
0,416200,VOLCANIC_ROCK_VOUCHER_9500,907.0,14.0,0.0,0.0,0.0,0.0,908,14,0.0,0.0,0.0,0.0,907.5,0.0
0,416300,VOLCANIC_ROCK_VOUCHER_9500,908.0,20.0,0.0,0.0,0.0,0.0,910,20,0.0,0.0,0.0,0.0,909.0,0.0
0,416400,VOLCANIC_ROCK_VOUCHER_9500,906.0,10.0,0.0,0.0,0.0,0.0,907,10,0.0,0.0,0.0,0.0,906.5,0.0
0,416500,VOLCANIC_ROCK_VOUCHER_9500,906.0,17.0,0.0,0.0,0.0,0.0,907,17,0.0,0.0,0.0,0.0,906.5,0.0
0,416600,VOLCANIC_ROCK_VOUCHER_9500,904.0,14.0,0.0,0.0,0.0,0.0,905,14,0.0,0.0,0.0,0.0,904.5,0.0
0,416700,VOLCANIC_ROCK_VOUCHER_9500,906.0,14.0,0.0,0.0,0.0,0.0,907,14,0.0,0.0,0.0,0.0,906.5,0.0
0,416800,VOLCANIC_ROCK_VOUCHER_9500,907.0,21.0,0.0,0.0,0.0,0.0,908,21,0.0,0.0,0.0,0.0,907.5,0.0
0,416900,VOLCANIC_ROCK_VOUCHER_9500,904.0,15.0,0.0,0.0,0.0,0.0,905,15,0.0,0.0,0.0,0.0,904.5,0.0
0,417000,VOLCANIC_ROCK_VOUCHER_9500,906.0,20.0,0.0,0.0,0.0,0.0,907,20,0.0,0.0,0.0,0.0,906.5,0.0
0,417100,VOLCANIC_ROCK_VOUCHER_9500,0.0,0.0,0.0,0.0,0.0,0.0,907,6,908.0,13.0,0.0,0.0,907.0,0.0
0,417200,VOLCANIC_ROCK_VOUCHER_9500,909.0,14.0,0.0,0.0,0.0,0.0,910,14,0.0,0.0,0.0,0.0,909.5,0.0
0,417300,VOLCANIC_ROCK_VOUCHER_9500,909.0,17.0,0.0,0.0,0.0,0.0,910,17,0.0,0.0,0.0,0.0,909.5,0.0
0,417400,VOLCANIC_ROCK_VOUCHER_9500,909.0,13.0,0.0,0.0,0.0,0.0,910,13,0.0,0.0,0.0,0.0,909.5,0.0
0,417500,VOLCANIC_ROCK_VOUCHER_9500,911.0,17.0,0.0,0.0,0.0,0.0,912,17,0.0,0.0,0.0,0.0,911.5,0.0
0,417600,VOLCANIC_ROCK_VOUCHER_9500,911.0,19.0,0.0,0.0,0.0,0.0,912,19,0.0,0.0,0.0,0.0,911.5,0.0
0,417700,VOLCANIC_ROCK_VOUCHER_9500,912.0,21.0,0.0,0.0,0.0,0.0,913,21,0.0,0.0,0.0,0.0,912.5,0.0
0,417800,VOLCANIC_ROCK_VOUCHER_9500,913.0,12.0,0.0,0.0,0.0,0.0,914,12,0.0,0.0,0.0,0.0,913.5,0.0
0,417900,VOLCANIC_ROCK_VOUCHER_9500,910.0,21.0,0.0,0.0,0.0,0.0,911,21,0.0,0.0,0.0,0.0,910.5,0.0
0,418000,VOLCANIC_ROCK_VOUCHER_9500,908.0,20.0,0.0,0.0,0.0,0.0,909,20,0.0,0.0,0.0,0.0,908.5,0.0
0,418100,VOLCANIC_ROCK_VOUCHER_9500,904.0,10.0,0.0,0.0,0.0,0.0,905,10,0.0,0.0,0.0,0.0,904.5,0.0
0,418200,VOLCANIC_ROCK_VOUCHER_9500,900.0,18.0,0.0,0.0,0.0,0.0,901,18,0.0,0.0,0.0,0.0,900.5,0.0
0,418300,VOLCANIC_ROCK_VOUCHER_9500,902.0,22.0,0.0,0.0,0.0,0.0,904,22,0.0,0.0,0.0,0.0,903.0,0.0
0,418400,VOLCANIC_ROCK_VOUCHER_9500,900.0,15.0,0.0,0.0,0.0,0.0,902,15,0.0,0.0,0.0,0.0,901.0,0.0
0,418500,VOLCANIC_ROCK_VOUCHER_9500,903.0,18.0,0.0,0.0,0.0,0.0,904,18,0.0,0.0,0.0,0.0,903.5,0.0
0,418600,VOLCANIC_ROCK_VOUCHER_9500,903.0,20.0,0.0,0.0,0.0,0.0,904,20,0.0,0.0,0.0,0.0,903.5,0.0
0,418700,VOLCANIC_ROCK_VOUCHER_9500,906.0,18.0,0.0,0.0,0.0,0.0,907,18,0.0,0.0,0.0,0.0,906.5,0.0
0,418800,VOLCANIC_ROCK_VOUCHER_9500,910.0,20.0,0.0,0.0,0.0,0.0,912,20,0.0,0.0,0.0,0.0,911.0,0.0
0,418900,VOLCANIC_ROCK_VOUCHER_9500,909.0,14.0,0.0,0.0,0.0,0.0,910,14,0.0,0.0,0.0,0.0,909.5,0.0
0,419000,VOLCANIC_ROCK_VOUCHER_9500,910.0,10.0,0.0,0.0,0.0,0.0,911,10,0.0,0.0,0.0,0.0,910.5,0.0
0,419100,VOLCANIC_ROCK_VOUCHER_9500,909.0,17.0,0.0,0.0,0.0,0.0,910,17,0.0,0.0,0.0,0.0,909.5,0.0
0,419200,VOLCANIC_ROCK_VOUCHER_9500,907.0,19.0,0.0,0.0,0.0,0.0,908,19,0.0,0.0,0.0,0.0,907.5,0.0
0,419300,VOLCANIC_ROCK_VOUCHER_9500,905.0,19.0,0.0,0.0,0.0,0.0,906,19,0.0,0.0,0.0,0.0,905.5,0.0
0,419400,VOLCANIC_ROCK_VOUCHER_9500,907.0,16.0,0.0,0.0,0.0,0.0,908,16,0.0,0.0,0.0,0.0,907.5,0.0
0,419500,VOLCANIC_ROCK_VOUCHER_9500,908.0,20.0,907.0,20.0,0.0,0.0,909,20,0.0,0.0,0.0,0.0,908.5,0.0
0,419600,VOLCANIC_ROCK_VOUCHER_9500,905.0,18.0,0.0,0.0,0.0,0.0,906,18,0.0,0.0,0.0,0.0,905.5,0.0
0,419700,VOLCANIC_ROCK_VOUCHER_9500,903.0,17.0,0.0,0.0,0.0,0.0,904,17,0.0,0.0,0.0,0.0,903.5,0.0
0,419800,VOLCANIC_ROCK_VOUCHER_9500,898.0,19.0,0.0,0.0,0.0,0.0,899,19,0.0,0.0,0.0,0.0,898.5,0.0
0,419900,VOLCANIC_ROCK_VOUCHER_9500,900.0,13.0,0.0,0.0,0.0,0.0,901,13,0.0,0.0,0.0,0.0,900.5,0.0
0,420000,VOLCANIC_ROCK_VOUCHER_9500,900.0,12.0,0.0,0.0,0.0,0.0,901,12,0.0,0.0,0.0,0.0,900.5,0.0
0,420100,VOLCANIC_ROCK_VOUCHER_9500,901.0,13.0,0.0,0.0,0.0,0.0,902,13,0.0,0.0,0.0,0.0,901.5,0.0
0,420200,VOLCANIC_ROCK_VOUCHER_9500,899.0,10.0,0.0,0.0,0.0,0.0,901,10,0.0,0.0,0.0,0.0,900.0,0.0
0,420300,VOLCANIC_ROCK_VOUCHER_9500,900.0,15.0,0.0,0.0,0.0,0.0,901,15,0.0,0.0,0.0,0.0,900.5,0.0
0,420400,VOLCANIC_ROCK_VOUCHER_9500,896.0,31.0,0.0,0.0,0.0,0.0,897,21,0.0,0.0,0.0,0.0,896.5,0.0
0,420500,VOLCANIC_ROCK_VOUCHER_9500,897.0,20.0,0.0,0.0,0.0,0.0,898,20,0.0,0.0,0.0,0.0,897.5,0.0
0,420600,VOLCANIC_ROCK_VOUCHER_9500,899.0,18.0,0.0,0.0,0.0,0.0,900,18,0.0,0.0,0.0,0.0,899.5,0.0
0,420700,VOLCANIC_ROCK_VOUCHER_9500,901.0,16.0,0.0,0.0,0.0,0.0,902,16,0.0,0.0,0.0,0.0,901.5,0.0
0,420800,VOLCANIC_ROCK_VOUCHER_9500,901.0,17.0,0.0,0.0,0.0,0.0,902,17,0.0,0.0,0.0,0.0,901.5,0.0
0,420900,VOLCANIC_ROCK_VOUCHER_9500,897.0,16.0,0.0,0.0,0.0,0.0,898,16,0.0,0.0,0.0,0.0,897.5,0.0
0,421000,VOLCANIC_ROCK_VOUCHER_9500,898.0,12.0,0.0,0.0,0.0,0.0,899,12,0.0,0.0,0.0,0.0,898.5,0.0
0,421100,VOLCANIC_ROCK_VOUCHER_9500,900.0,15.0,0.0,0.0,0.0,0.0,902,15,0.0,0.0,0.0,0.0,901.0,0.0
0,421200,VOLCANIC_ROCK_VOUCHER_9500,905.0,15.0,0.0,0.0,0.0,0.0,906,15,0.0,0.0,0.0,0.0,905.5,0.0
0,421300,VOLCANIC_ROCK_VOUCHER_9500,908.0,20.0,0.0,0.0,0.0,0.0,909,20,0.0,0.0,0.0,0.0,908.5,0.0
0,421400,VOLCANIC_ROCK_VOUCHER_9500,905.0,12.0,0.0,0.0,0.0,0.0,906,12,0.0,0.0,0.0,0.0,905.5,0.0
0,421500,VOLCANIC_ROCK_VOUCHER_9500,905.0,30.0,0.0,0.0,0.0,0.0,907,14,0.0,0.0,0.0,0.0,906.0,0.0
0,421600,VOLCANIC_ROCK_VOUCHER_9500,907.0,14.0,0.0,0.0,0.0,0.0,908,14,0.0,0.0,0.0,0.0,907.5,0.0
0,421700,VOLCANIC_ROCK_VOUCHER_9500,902.0,11.0,0.0,0.0,0.0,0.0,903,11,0.0,0.0,0.0,0.0,902.5,0.0
0,421800,VOLCANIC_ROCK_VOUCHER_9500,902.0,12.0,0.0,0.0,0.0,0.0,903,12,0.0,0.0,0.0,0.0,902.5,0.0
0,421900,VOLCANIC_ROCK_VOUCHER_9500,903.0,28.0,0.0,0.0,0.0,0.0,904,14,0.0,0.0,0.0,0.0,903.5,0.0
0,422000,VOLCANIC_ROCK_VOUCHER_9500,903.0,16.0,0.0,0.0,0.0,0.0,904,16,0.0,0.0,0.0,0.0,903.5,0.0
0,422100,VOLCANIC_ROCK_VOUCHER_9500,901.0,14.0,0.0,0.0,0.0,0.0,902,14,0.0,0.0,0.0,0.0,901.5,0.0
0,422200,VOLCANIC_ROCK_VOUCHER_9500,902.0,11.0,0.0,0.0,0.0,0.0,903,11,0.0,0.0,0.0,0.0,902.5,0.0
0,422300,VOLCANIC_ROCK_VOUCHER_9500,901.0,18.0,0.0,0.0,0.0,0.0,902,18,0.0,0.0,0.0,0.0,901.5,0.0
0,422400,VOLCANIC_ROCK_VOUCHER_9500,900.0,11.0,0.0,0.0,0.0,0.0,901,22,0.0,0.0,0.0,0.0,900.5,0.0
0,422500,VOLCANIC_ROCK_VOUCHER_9500,901.0,19.0,0.0,0.0,0.0,0.0,902,1,903.0,18.0,0.0,0.0,901.5,0.0
0,422600,VOLCANIC_ROCK_VOUCHER_9500,900.0,20.0,0.0,0.0,0.0,0.0,901,20,0.0,0.0,0.0,0.0,900.5,0.0
0,422700,VOLCANIC_ROCK_VOUCHER_9500,902.0,13.0,0.0,0.0,0.0,0.0,903,13,0.0,0.0,0.0,0.0,902.5,0.0
0,422800,VOLCANIC_ROCK_VOUCHER_9500,898.0,20.0,0.0,0.0,0.0,0.0,899,20,0.0,0.0,0.0,0.0,898.5,0.0
0,422900,VOLCANIC_ROCK_VOUCHER_9500,898.0,12.0,0.0,0.0,0.0,0.0,899,12,0.0,0.0,0.0,0.0,898.5,0.0
0,423000,VOLCANIC_ROCK_VOUCHER_9500,899.0,21.0,0.0,0.0,0.0,0.0,900,21,0.0,0.0,0.0,0.0,899.5,0.0
0,423100,VOLCANIC_ROCK_VOUCHER_9500,891.0,15.0,0.0,0.0,0.0,0.0,892,15,0.0,0.0,0.0,0.0,891.5,0.0
0,423200,VOLCANIC_ROCK_VOUCHER_9500,887.0,22.0,0.0,0.0,0.0,0.0,888,22,0.0,0.0,0.0,0.0,887.5,0.0
0,423300,VOLCANIC_ROCK_VOUCHER_9500,890.0,16.0,0.0,0.0,0.0,0.0,891,16,0.0,0.0,0.0,0.0,890.5,0.0
0,423400,VOLCANIC_ROCK_VOUCHER_9500,891.0,20.0,0.0,0.0,0.0,0.0,892,20,0.0,0.0,0.0,0.0,891.5,0.0
0,423500,VOLCANIC_ROCK_VOUCHER_9500,888.0,20.0,0.0,0.0,0.0,0.0,889,20,0.0,0.0,0.0,0.0,888.5,0.0
0,423600,VOLCANIC_ROCK_VOUCHER_9500,888.0,18.0,0.0,0.0,0.0,0.0,889,18,0.0,0.0,0.0,0.0,888.5,0.0
0,423700,VOLCANIC_ROCK_VOUCHER_9500,885.0,17.0,0.0,0.0,0.0,0.0,886,17,0.0,0.0,0.0,0.0,885.5,0.0
0,423800,VOLCANIC_ROCK_VOUCHER_9500,884.0,20.0,0.0,0.0,0.0,0.0,885,20,0.0,0.0,0.0,0.0,884.5,0.0
0,423900,VOLCANIC_ROCK_VOUCHER_9500,885.0,27.0,0.0,0.0,0.0,0.0,886,20,0.0,0.0,0.0,0.0,885.5,0.0
0,424000,VOLCANIC_ROCK_VOUCHER_9500,886.0,9.0,0.0,0.0,0.0,0.0,887,21,0.0,0.0,0.0,0.0,886.5,0.0
0,424100,VOLCANIC_ROCK_VOUCHER_9500,888.0,21.0,0.0,0.0,0.0,0.0,889,21,0.0,0.0,0.0,0.0,888.5,0.0
0,424200,VOLCANIC_ROCK_VOUCHER_9500,893.0,15.0,0.0,0.0,0.0,0.0,894,15,0.0,0.0,0.0,0.0,893.5,0.0
0,424300,VOLCANIC_ROCK_VOUCHER_9500,893.0,16.0,0.0,0.0,0.0,0.0,894,16,0.0,0.0,0.0,0.0,893.5,0.0
0,424400,VOLCANIC_ROCK_VOUCHER_9500,891.0,12.0,0.0,0.0,0.0,0.0,892,12,0.0,0.0,0.0,0.0,891.5,0.0
0,424500,VOLCANIC_ROCK_VOUCHER_9500,887.0,17.0,0.0,0.0,0.0,0.0,889,17,0.0,0.0,0.0,0.0,888.0,0.0
0,424600,VOLCANIC_ROCK_VOUCHER_9500,891.0,21.0,0.0,0.0,0.0,0.0,892,21,0.0,0.0,0.0,0.0,891.5,0.0
0,424700,VOLCANIC_ROCK_VOUCHER_9500,892.0,16.0,0.0,0.0,0.0,0.0,893,16,0.0,0.0,0.0,0.0,892.5,0.0
0,424800,VOLCANIC_ROCK_VOUCHER_9500,891.0,17.0,0.0,0.0,0.0,0.0,893,17,0.0,0.0,0.0,0.0,892.0,0.0
0,424900,VOLCANIC_ROCK_VOUCHER_9500,888.0,18.0,0.0,0.0,0.0,0.0,889,18,0.0,0.0,0.0,0.0,888.5,0.0
0,425000,VOLCANIC_ROCK_VOUCHER_9500,888.0,15.0,0.0,0.0,0.0,0.0,890,15,0.0,0.0,0.0,0.0,889.0,0.0
0,425100,VOLCANIC_ROCK_VOUCHER_9500,892.0,26.0,0.0,0.0,0.0,0.0,893,16,0.0,0.0,0.0,0.0,892.5,0.0
0,425200,VOLCANIC_ROCK_VOUCHER_9500,900.0,15.0,0.0,0.0,0.0,0.0,901,15,0.0,0.0,0.0,0.0,900.5,0.0
0,425300,VOLCANIC_ROCK_VOUCHER_9500,902.0,22.0,0.0,0.0,0.0,0.0,903,22,0.0,0.0,0.0,0.0,902.5,0.0
0,425400,VOLCANIC_ROCK_VOUCHER_9500,905.0,22.0,0.0,0.0,0.0,0.0,906,22,0.0,0.0,0.0,0.0,905.5,0.0
0,425500,VOLCANIC_ROCK_VOUCHER_9500,900.0,14.0,0.0,0.0,0.0,0.0,902,14,0.0,0.0,0.0,0.0,901.0,0.0
0,425600,VOLCANIC_ROCK_VOUCHER_9500,898.0,11.0,0.0,0.0,0.0,0.0,899,11,0.0,0.0,0.0,0.0,898.5,0.0
0,425700,VOLCANIC_ROCK_VOUCHER_9500,898.0,17.0,0.0,0.0,0.0,0.0,899,17,0.0,0.0,0.0,0.0,898.5,0.0
0,425800,VOLCANIC_ROCK_VOUCHER_9500,896.0,16.0,0.0,0.0,0.0,0.0,897,16,0.0,0.0,0.0,0.0,896.5,0.0
0,425900,VOLCANIC_ROCK_VOUCHER_9500,896.0,12.0,0.0,0.0,0.0,0.0,897,12,0.0,0.0,0.0,0.0,896.5,0.0
0,426000,VOLCANIC_ROCK_VOUCHER_9500,896.0,4.0,0.0,0.0,0.0,0.0,897,15,0.0,0.0,0.0,0.0,896.5,0.0
0,426100,VOLCANIC_ROCK_VOUCHER_9500,894.0,19.0,0.0,0.0,0.0,0.0,895,19,0.0,0.0,0.0,0.0,894.5,0.0
0,426200,VOLCANIC_ROCK_VOUCHER_9500,893.0,20.0,0.0,0.0,0.0,0.0,894,20,0.0,0.0,0.0,0.0,893.5,0.0
0,426300,VOLCANIC_ROCK_VOUCHER_9500,893.0,16.0,0.0,0.0,0.0,0.0,894,16,0.0,0.0,0.0,0.0,893.5,0.0
0,426400,VOLCANIC_ROCK_VOUCHER_9500,893.0,12.0,0.0,0.0,0.0,0.0,894,12,0.0,0.0,0.0,0.0,893.5,0.0
0,426500,VOLCANIC_ROCK_VOUCHER_9500,894.0,29.0,0.0,0.0,0.0,0.0,895,14,0.0,0.0,0.0,0.0,894.5,0.0
0,426600,VOLCANIC_ROCK_VOUCHER_9500,892.0,15.0,0.0,0.0,0.0,0.0,893,15,0.0,0.0,0.0,0.0,892.5,0.0
0,426700,VOLCANIC_ROCK_VOUCHER_9500,893.0,16.0,0.0,0.0,0.0,0.0,894,16,0.0,0.0,0.0,0.0,893.5,0.0
0,426800,VOLCANIC_ROCK_VOUCHER_9500,893.0,18.0,0.0,0.0,0.0,0.0,894,18,0.0,0.0,0.0,0.0,893.5,0.0
0,426900,VOLCANIC_ROCK_VOUCHER_9500,891.0,12.0,0.0,0.0,0.0,0.0,892,12,0.0,0.0,0.0,0.0,891.5,0.0
0,427000,VOLCANIC_ROCK_VOUCHER_9500,890.0,21.0,0.0,0.0,0.0,0.0,891,21,0.0,0.0,0.0,0.0,890.5,0.0
0,427100,VOLCANIC_ROCK_VOUCHER_9500,890.0,14.0,0.0,0.0,0.0,0.0,891,14,0.0,0.0,0.0,0.0,890.5,0.0
0,427200,VOLCANIC_ROCK_VOUCHER_9500,888.0,21.0,0.0,0.0,0.0,0.0,889,21,0.0,0.0,0.0,0.0,888.5,0.0
0,427300,VOLCANIC_ROCK_VOUCHER_9500,886.0,18.0,0.0,0.0,0.0,0.0,887,18,0.0,0.0,0.0,0.0,886.5,0.0
0,427400,VOLCANIC_ROCK_VOUCHER_9500,885.0,13.0,0.0,0.0,0.0,0.0,886,13,0.0,0.0,0.0,0.0,885.5,0.0
0,427500,VOLCANIC_ROCK_VOUCHER_9500,886.0,4.0,0.0,0.0,0.0,0.0,887,20,0.0,0.0,0.0,0.0,886.5,0.0
0,427600,VOLCANIC_ROCK_VOUCHER_9500,890.0,20.0,0.0,0.0,0.0,0.0,891,20,0.0,0.0,0.0,0.0,890.5,0.0
0,427700,VOLCANIC_ROCK_VOUCHER_9500,891.0,13.0,0.0,0.0,0.0,0.0,892,2,893.0,11.0,0.0,0.0,891.5,0.0
0,427800,VOLCANIC_ROCK_VOUCHER_9500,898.0,16.0,0.0,0.0,0.0,0.0,900,16,0.0,0.0,0.0,0.0,899.0,0.0
0,427900,VOLCANIC_ROCK_VOUCHER_9500,898.0,22.0,0.0,0.0,0.0,0.0,899,22,0.0,0.0,0.0,0.0,898.5,0.0
0,428000,VOLCANIC_ROCK_VOUCHER_9500,892.0,12.0,0.0,0.0,0.0,0.0,893,12,0.0,0.0,0.0,0.0,892.5,0.0
0,428100,VOLCANIC_ROCK_VOUCHER_9500,891.0,20.0,0.0,0.0,0.0,0.0,892,20,0.0,0.0,0.0,0.0,891.5,0.0
0,428200,VOLCANIC_ROCK_VOUCHER_9500,889.0,19.0,0.0,0.0,0.0,0.0,890,19,0.0,0.0,0.0,0.0,889.5,0.0
0,428300,VOLCANIC_ROCK_VOUCHER_9500,890.0,17.0,0.0,0.0,0.0,0.0,892,17,0.0,0.0,0.0,0.0,891.0,0.0
0,428400,VOLCANIC_ROCK_VOUCHER_9500,891.0,11.0,0.0,0.0,0.0,0.0,893,11,0.0,0.0,0.0,0.0,892.0,0.0
0,428500,VOLCANIC_ROCK_VOUCHER_9500,890.0,19.0,0.0,0.0,0.0,0.0,891,19,0.0,0.0,0.0,0.0,890.5,0.0
0,428600,VOLCANIC_ROCK_VOUCHER_9500,889.0,18.0,0.0,0.0,0.0,0.0,890,18,0.0,0.0,0.0,0.0,889.5,0.0
0,428700,VOLCANIC_ROCK_VOUCHER_9500,890.0,10.0,0.0,0.0,0.0,0.0,891,10,0.0,0.0,0.0,0.0,890.5,0.0
0,428800,VOLCANIC_ROCK_VOUCHER_9500,897.0,11.0,0.0,0.0,0.0,0.0,898,11,0.0,0.0,0.0,0.0,897.5,0.0
0,428900,VOLCANIC_ROCK_VOUCHER_9500,897.0,12.0,0.0,0.0,0.0,0.0,898,12,0.0,0.0,0.0,0.0,897.5,0.0
0,429000,VOLCANIC_ROCK_VOUCHER_9500,897.0,36.0,0.0,0.0,0.0,0.0,898,17,0.0,0.0,0.0,0.0,897.5,0.0
0,429100,VOLCANIC_ROCK_VOUCHER_9500,895.0,14.0,0.0,0.0,0.0,0.0,896,14,0.0,0.0,0.0,0.0,895.5,0.0
0,429200,VOLCANIC_ROCK_VOUCHER_9500,893.0,15.0,0.0,0.0,0.0,0.0,894,15,0.0,0.0,0.0,0.0,893.5,0.0
0,429300,VOLCANIC_ROCK_VOUCHER_9500,892.0,12.0,891.0,15.0,0.0,0.0,893,15,0.0,0.0,0.0,0.0,892.5,0.0
0,429400,VOLCANIC_ROCK_VOUCHER_9500,891.0,1.0,890.0,15.0,0.0,0.0,892,16,0.0,0.0,0.0,0.0,891.5,0.0
0,429500,VOLCANIC_ROCK_VOUCHER_9500,893.0,20.0,0.0,0.0,0.0,0.0,895,20,0.0,0.0,0.0,0.0,894.0,0.0
0,429600,VOLCANIC_ROCK_VOUCHER_9500,894.0,12.0,0.0,0.0,0.0,0.0,895,12,0.0,0.0,0.0,0.0,894.5,0.0
0,429700,VOLCANIC_ROCK_VOUCHER_9500,895.0,17.0,0.0,0.0,0.0,0.0,896,17,0.0,0.0,0.0,0.0,895.5,0.0
0,429800,VOLCANIC_ROCK_VOUCHER_9500,892.0,14.0,0.0,0.0,0.0,0.0,893,14,0.0,0.0,0.0,0.0,892.5,0.0
0,429900,VOLCANIC_ROCK_VOUCHER_9500,899.0,17.0,0.0,0.0,0.0,0.0,900,17,0.0,0.0,0.0,0.0,899.5,0.0
0,430000,VOLCANIC_ROCK_VOUCHER_9500,904.0,15.0,0.0,0.0,0.0,0.0,905,15,0.0,0.0,0.0,0.0,904.5,0.0
0,430100,VOLCANIC_ROCK_VOUCHER_9500,902.0,19.0,0.0,0.0,0.0,0.0,903,19,0.0,0.0,0.0,0.0,902.5,0.0
0,430200,VOLCANIC_ROCK_VOUCHER_9500,899.0,15.0,0.0,0.0,0.0,0.0,900,15,0.0,0.0,0.0,0.0,899.5,0.0
0,430300,VOLCANIC_ROCK_VOUCHER_9500,899.0,15.0,0.0,0.0,0.0,0.0,900,15,0.0,0.0,0.0,0.0,899.5,0.0
0,430400,VOLCANIC_ROCK_VOUCHER_9500,896.0,14.0,0.0,0.0,0.0,0.0,897,14,0.0,0.0,0.0,0.0,896.5,0.0
0,430500,VOLCANIC_ROCK_VOUCHER_9500,0.0,0.0,0.0,0.0,0.0,0.0,895,2,896.0,11.0,0.0,0.0,895.0,0.0
0,430600,VOLCANIC_ROCK_VOUCHER_9500,894.0,17.0,0.0,0.0,0.0,0.0,895,17,0.0,0.0,0.0,0.0,894.5,0.0
0,430700,VOLCANIC_ROCK_VOUCHER_9500,897.0,25.0,0.0,0.0,0.0,0.0,898,15,0.0,0.0,0.0,0.0,897.5,0.0
0,430800,VOLCANIC_ROCK_VOUCHER_9500,899.0,12.0,0.0,0.0,0.0,0.0,901,12,0.0,0.0,0.0,0.0,900.0,0.0
0,430900,VOLCANIC_ROCK_VOUCHER_9500,899.0,14.0,0.0,0.0,0.0,0.0,900,14,0.0,0.0,0.0,0.0,899.5,0.0
0,431000,VOLCANIC_ROCK_VOUCHER_9500,897.0,4.0,0.0,0.0,0.0,0.0,899,16,0.0,0.0,0.0,0.0,898.0,0.0
0,431100,VOLCANIC_ROCK_VOUCHER_9500,896.0,16.0,0.0,0.0,0.0,0.0,897,16,0.0,0.0,0.0,0.0,896.5,0.0
0,431200,VOLCANIC_ROCK_VOUCHER_9500,897.0,18.0,0.0,0.0,0.0,0.0,898,18,0.0,0.0,0.0,0.0,897.5,0.0
0,431300,VOLCANIC_ROCK_VOUCHER_9500,897.0,14.0,0.0,0.0,0.0,0.0,898,14,0.0,0.0,0.0,0.0,897.5,0.0
0,431400,VOLCANIC_ROCK_VOUCHER_9500,900.0,14.0,0.0,0.0,0.0,0.0,901,14,0.0,0.0,0.0,0.0,900.5,0.0
0,431500,VOLCANIC_ROCK_VOUCHER_9500,899.0,16.0,0.0,0.0,0.0,0.0,900,16,0.0,0.0,0.0,0.0,899.5,0.0
0,431600,VOLCANIC_ROCK_VOUCHER_9500,896.0,19.0,0.0,0.0,0.0,0.0,897,19,0.0,0.0,0.0,0.0,896.5,0.0
0,431700,VOLCANIC_ROCK_VOUCHER_9500,897.0,10.0,0.0,0.0,0.0,0.0,899,10,0.0,0.0,0.0,0.0,898.0,0.0
0,431800,VOLCANIC_ROCK_VOUCHER_9500,897.0,17.0,0.0,0.0,0.0,0.0,898,17,0.0,0.0,0.0,0.0,897.5,0.0
0,431900,VOLCANIC_ROCK_VOUCHER_9500,896.0,18.0,0.0,0.0,0.0,0.0,897,18,0.0,0.0,0.0,0.0,896.5,0.0
0,432000,VOLCANIC_ROCK_VOUCHER_9500,904.0,17.0,0.0,0.0,0.0,0.0,905,17,0.0,0.0,0.0,0.0,904.5,0.0
0,432100,VOLCANIC_ROCK_VOUCHER_9500,0.0,0.0,0.0,0.0,0.0,0.0,903,2,904.0,13.0,0.0,0.0,903.0,0.0
0,432200,VOLCANIC_ROCK_VOUCHER_9500,903.0,13.0,0.0,0.0,0.0,0.0,904,13,0.0,0.0,0.0,0.0,903.5,0.0
0,432300,VOLCANIC_ROCK_VOUCHER_9500,905.0,14.0,0.0,0.0,0.0,0.0,906,14,0.0,0.0,0.0,0.0,905.5,0.0
0,432400,VOLCANIC_ROCK_VOUCHER_9500,903.0,12.0,0.0,0.0,0.0,0.0,904,12,0.0,0.0,0.0,0.0,903.5,0.0
0,432500,VOLCANIC_ROCK_VOUCHER_9500,902.0,20.0,0.0,0.0,0.0,0.0,904,20,0.0,0.0,0.0,0.0,903.0,0.0
0,432600,VOLCANIC_ROCK_VOUCHER_9500,903.0,13.0,0.0,0.0,0.0,0.0,904,13,0.0,0.0,0.0,0.0,903.5,0.0
0,432700,VOLCANIC_ROCK_VOUCHER_9500,907.0,19.0,0.0,0.0,0.0,0.0,908,19,0.0,0.0,0.0,0.0,907.5,0.0
0,432800,VOLCANIC_ROCK_VOUCHER_9500,908.0,20.0,0.0,0.0,0.0,0.0,909,20,0.0,0.0,0.0,0.0,908.5,0.0
0,432900,VOLCANIC_ROCK_VOUCHER_9500,908.0,14.0,0.0,0.0,0.0,0.0,909,14,0.0,0.0,0.0,0.0,908.5,0.0
0,433000,VOLCANIC_ROCK_VOUCHER_9500,912.0,17.0,0.0,0.0,0.0,0.0,913,17,0.0,0.0,0.0,0.0,912.5,0.0
0,433100,VOLCANIC_ROCK_VOUCHER_9500,917.0,35.0,0.0,0.0,0.0,0.0,918,17,0.0,0.0,0.0,0.0,917.5,0.0
0,433200,VOLCANIC_ROCK_VOUCHER_9500,917.0,3.0,0.0,0.0,0.0,0.0,918,14,0.0,0.0,0.0,0.0,917.5,0.0
0,433300,VOLCANIC_ROCK_VOUCHER_9500,919.0,12.0,0.0,0.0,0.0,0.0,920,12,0.0,0.0,0.0,0.0,919.5,0.0
0,433400,VOLCANIC_ROCK_VOUCHER_9500,918.0,18.0,0.0,0.0,0.0,0.0,919,18,0.0,0.0,0.0,0.0,918.5,0.0
0,433500,VOLCANIC_ROCK_VOUCHER_9500,918.0,22.0,0.0,0.0,0.0,0.0,919,22,0.0,0.0,0.0,0.0,918.5,0.0
0,433600,VOLCANIC_ROCK_VOUCHER_9500,918.0,11.0,0.0,0.0,0.0,0.0,919,11,0.0,0.0,0.0,0.0,918.5,0.0
0,433700,VOLCANIC_ROCK_VOUCHER_9500,916.0,3.0,0.0,0.0,0.0,0.0,917,19,0.0,0.0,0.0,0.0,916.5,0.0
0,433800,VOLCANIC_ROCK_VOUCHER_9500,914.0,21.0,0.0,0.0,0.0,0.0,915,21,0.0,0.0,0.0,0.0,914.5,0.0
0,433900,VOLCANIC_ROCK_VOUCHER_9500,914.0,19.0,0.0,0.0,0.0,0.0,915,19,0.0,0.0,0.0,0.0,914.5,0.0
0,434000,VOLCANIC_ROCK_VOUCHER_9500,912.0,2.0,0.0,0.0,0.0,0.0,913,15,0.0,0.0,0.0,0.0,912.5,0.0
0,434100,VOLCANIC_ROCK_VOUCHER_9500,912.0,34.0,0.0,0.0,0.0,0.0,913,20,0.0,0.0,0.0,0.0,912.5,0.0
0,434200,VOLCANIC_ROCK_VOUCHER_9500,910.0,16.0,0.0,0.0,0.0,0.0,911,16,0.0,0.0,0.0,0.0,910.5,0.0
0,434300,VOLCANIC_ROCK_VOUCHER_9500,912.0,19.0,0.0,0.0,0.0,0.0,913,19,0.0,0.0,0.0,0.0,912.5,0.0
0,434400,VOLCANIC_ROCK_VOUCHER_9500,911.0,20.0,0.0,0.0,0.0,0.0,912,20,0.0,0.0,0.0,0.0,911.5,0.0
0,434500,VOLCANIC_ROCK_VOUCHER_9500,911.0,13.0,0.0,0.0,0.0,0.0,912,13,0.0,0.0,0.0,0.0,911.5,0.0
0,434600,VOLCANIC_ROCK_VOUCHER_9500,907.0,18.0,0.0,0.0,0.0,0.0,908,18,0.0,0.0,0.0,0.0,907.5,0.0
0,434700,VOLCANIC_ROCK_VOUCHER_9500,905.0,32.0,0.0,0.0,0.0,0.0,906,21,0.0,0.0,0.0,0.0,905.5,0.0
0,434800,VOLCANIC_ROCK_VOUCHER_9500,906.0,30.0,0.0,0.0,0.0,0.0,907,11,0.0,0.0,0.0,0.0,906.5,0.0
0,434900,VOLCANIC_ROCK_VOUCHER_9500,901.0,39.0,0.0,0.0,0.0,0.0,902,2,903.0,18.0,0.0,0.0,901.5,0.0
0,435000,VOLCANIC_ROCK_VOUCHER_9500,904.0,16.0,0.0,0.0,0.0,0.0,905,16,0.0,0.0,0.0,0.0,904.5,0.0
0,435100,VOLCANIC_ROCK_VOUCHER_9500,905.0,17.0,0.0,0.0,0.0,0.0,906,17,0.0,0.0,0.0,0.0,905.5,0.0
0,435200,VOLCANIC_ROCK_VOUCHER_9500,905.0,18.0,0.0,0.0,0.0,0.0,906,18,0.0,0.0,0.0,0.0,905.5,0.0
0,435300,VOLCANIC_ROCK_VOUCHER_9500,905.0,13.0,0.0,0.0,0.0,0.0,906,13,0.0,0.0,0.0,0.0,905.5,0.0
0,435400,VOLCANIC_ROCK_VOUCHER_9500,903.0,18.0,0.0,0.0,0.0,0.0,904,18,0.0,0.0,0.0,0.0,903.5,0.0
0,435500,VOLCANIC_ROCK_VOUCHER_9500,902.0,22.0,0.0,0.0,0.0,0.0,903,22,0.0,0.0,0.0,0.0,902.5,0.0
0,435600,VOLCANIC_ROCK_VOUCHER_9500,903.0,14.0,0.0,0.0,0.0,0.0,904,14,0.0,0.0,0.0,0.0,903.5,0.0
0,435700,VOLCANIC_ROCK_VOUCHER_9500,898.0,10.0,0.0,0.0,0.0,0.0,899,10,0.0,0.0,0.0,0.0,898.5,0.0
0,435800,VOLCANIC_ROCK_VOUCHER_9500,899.0,10.0,0.0,0.0,0.0,0.0,900,10,0.0,0.0,0.0,0.0,899.5,0.0
0,435900,VOLCANIC_ROCK_VOUCHER_9500,900.0,12.0,0.0,0.0,0.0,0.0,901,12,0.0,0.0,0.0,0.0,900.5,0.0
0,436000,VOLCANIC_ROCK_VOUCHER_9500,899.0,21.0,0.0,0.0,0.0,0.0,900,21,0.0,0.0,0.0,0.0,899.5,0.0
0,436100,VOLCANIC_ROCK_VOUCHER_9500,895.0,21.0,0.0,0.0,0.0,0.0,897,21,0.0,0.0,0.0,0.0,896.0,0.0
0,436200,VOLCANIC_ROCK_VOUCHER_9500,897.0,15.0,0.0,0.0,0.0,0.0,898,15,0.0,0.0,0.0,0.0,897.5,0.0
0,436300,VOLCANIC_ROCK_VOUCHER_9500,898.0,12.0,0.0,0.0,0.0,0.0,899,12,0.0,0.0,0.0,0.0,898.5,0.0
0,436400,VOLCANIC_ROCK_VOUCHER_9500,899.0,19.0,0.0,0.0,0.0,0.0,900,19,0.0,0.0,0.0,0.0,899.5,0.0
0,436500,VOLCANIC_ROCK_VOUCHER_9500,900.0,16.0,0.0,0.0,0.0,0.0,901,16,0.0,0.0,0.0,0.0,900.5,0.0
0,436600,VOLCANIC_ROCK_VOUCHER_9500,905.0,9.0,0.0,0.0,0.0,0.0,906,20,0.0,0.0,0.0,0.0,905.5,0.0
0,436700,VOLCANIC_ROCK_VOUCHER_9500,904.0,12.0,0.0,0.0,0.0,0.0,906,12,0.0,0.0,0.0,0.0,905.0,0.0
0,436800,VOLCANIC_ROCK_VOUCHER_9500,903.0,15.0,0.0,0.0,0.0,0.0,905,15,0.0,0.0,0.0,0.0,904.0,0.0
0,436900,VOLCANIC_ROCK_VOUCHER_9500,903.0,15.0,0.0,0.0,0.0,0.0,904,15,0.0,0.0,0.0,0.0,903.5,0.0
0,437000,VOLCANIC_ROCK_VOUCHER_9500,904.0,16.0,0.0,0.0,0.0,0.0,905,16,0.0,0.0,0.0,0.0,904.5,0.0
0,437100,VOLCANIC_ROCK_VOUCHER_9500,903.0,20.0,0.0,0.0,0.0,0.0,904,20,0.0,0.0,0.0,0.0,903.5,0.0
0,437200,VOLCANIC_ROCK_VOUCHER_9500,900.0,15.0,0.0,0.0,0.0,0.0,901,15,0.0,0.0,0.0,0.0,900.5,0.0
0,437300,VOLCANIC_ROCK_VOUCHER_9500,900.0,18.0,0.0,0.0,0.0,0.0,902,18,0.0,0.0,0.0,0.0,901.0,0.0
0,437400,VOLCANIC_ROCK_VOUCHER_9500,903.0,18.0,0.0,0.0,0.0,0.0,904,18,0.0,0.0,0.0,0.0,903.5,0.0
0,437500,VOLCANIC_ROCK_VOUCHER_9500,906.0,16.0,0.0,0.0,0.0,0.0,907,16,0.0,0.0,0.0,0.0,906.5,0.0
0,437600,VOLCANIC_ROCK_VOUCHER_9500,909.0,20.0,0.0,0.0,0.0,0.0,910,20,0.0,0.0,0.0,0.0,909.5,0.0
0,437700,VOLCANIC_ROCK_VOUCHER_9500,910.0,17.0,0.0,0.0,0.0,0.0,911,17,0.0,0.0,0.0,0.0,910.5,0.0
0,437800,VOLCANIC_ROCK_VOUCHER_9500,912.0,12.0,0.0,0.0,0.0,0.0,914,12,0.0,0.0,0.0,0.0,913.0,0.0
0,437900,VOLCANIC_ROCK_VOUCHER_9500,908.0,17.0,0.0,0.0,0.0,0.0,909,17,0.0,0.0,0.0,0.0,908.5,0.0
0,438000,VOLCANIC_ROCK_VOUCHER_9500,906.0,12.0,0.0,0.0,0.0,0.0,907,12,0.0,0.0,0.0,0.0,906.5,0.0
0,438100,VOLCANIC_ROCK_VOUCHER_9500,903.0,14.0,0.0,0.0,0.0,0.0,904,14,0.0,0.0,0.0,0.0,903.5,0.0
0,438200,VOLCANIC_ROCK_VOUCHER_9500,901.0,17.0,0.0,0.0,0.0,0.0,903,17,0.0,0.0,0.0,0.0,902.0,0.0
0,438300,VOLCANIC_ROCK_VOUCHER_9500,901.0,18.0,0.0,0.0,0.0,0.0,902,18,0.0,0.0,0.0,0.0,901.5,0.0
0,438400,VOLCANIC_ROCK_VOUCHER_9500,899.0,13.0,0.0,0.0,0.0,0.0,900,13,0.0,0.0,0.0,0.0,899.5,0.0
0,438500,VOLCANIC_ROCK_VOUCHER_9500,899.0,12.0,0.0,0.0,0.0,0.0,900,12,0.0,0.0,0.0,0.0,899.5,0.0
0,438600,VOLCANIC_ROCK_VOUCHER_9500,898.0,16.0,0.0,0.0,0.0,0.0,899,16,0.0,0.0,0.0,0.0,898.5,0.0
0,438700,VOLCANIC_ROCK_VOUCHER_9500,899.0,18.0,0.0,0.0,0.0,0.0,900,18,0.0,0.0,0.0,0.0,899.5,0.0
0,438800,VOLCANIC_ROCK_VOUCHER_9500,897.0,13.0,0.0,0.0,0.0,0.0,898,13,0.0,0.0,0.0,0.0,897.5,0.0
0,438900,VOLCANIC_ROCK_VOUCHER_9500,899.0,13.0,0.0,0.0,0.0,0.0,900,13,0.0,0.0,0.0,0.0,899.5,0.0
0,439000,VOLCANIC_ROCK_VOUCHER_9500,899.0,15.0,0.0,0.0,0.0,0.0,900,15,0.0,0.0,0.0,0.0,899.5,0.0
0,439100,VOLCANIC_ROCK_VOUCHER_9500,897.0,17.0,0.0,0.0,0.0,0.0,898,17,0.0,0.0,0.0,0.0,897.5,0.0
0,439200,VOLCANIC_ROCK_VOUCHER_9500,900.0,19.0,0.0,0.0,0.0,0.0,901,19,0.0,0.0,0.0,0.0,900.5,0.0
0,439300,VOLCANIC_ROCK_VOUCHER_9500,900.0,30.0,0.0,0.0,0.0,0.0,901,12,0.0,0.0,0.0,0.0,900.5,0.0
0,439400,VOLCANIC_ROCK_VOUCHER_9500,896.0,15.0,0.0,0.0,0.0,0.0,897,15,0.0,0.0,0.0,0.0,896.5,0.0
0,439500,VOLCANIC_ROCK_VOUCHER_9500,896.0,10.0,0.0,0.0,0.0,0.0,898,10,0.0,0.0,0.0,0.0,897.0,0.0
0,439600,VOLCANIC_ROCK_VOUCHER_9500,901.0,10.0,0.0,0.0,0.0,0.0,902,10,0.0,0.0,0.0,0.0,901.5,0.0
0,439700,VOLCANIC_ROCK_VOUCHER_9500,898.0,12.0,0.0,0.0,0.0,0.0,900,12,0.0,0.0,0.0,0.0,899.0,0.0
0,439800,VOLCANIC_ROCK_VOUCHER_9500,901.0,20.0,0.0,0.0,0.0,0.0,902,20,0.0,0.0,0.0,0.0,901.5,0.0
0,439900,VOLCANIC_ROCK_VOUCHER_9500,902.0,18.0,0.0,0.0,0.0,0.0,903,18,0.0,0.0,0.0,0.0,902.5,0.0
0,440000,VOLCANIC_ROCK_VOUCHER_9500,902.0,17.0,0.0,0.0,0.0,0.0,903,17,0.0,0.0,0.0,0.0,902.5,0.0
0,440100,VOLCANIC_ROCK_VOUCHER_9500,901.0,15.0,0.0,0.0,0.0,0.0,902,15,0.0,0.0,0.0,0.0,901.5,0.0
0,440200,VOLCANIC_ROCK_VOUCHER_9500,898.0,11.0,0.0,0.0,0.0,0.0,900,11,0.0,0.0,0.0,0.0,899.0,0.0
0,440300,VOLCANIC_ROCK_VOUCHER_9500,898.0,18.0,0.0,0.0,0.0,0.0,899,18,0.0,0.0,0.0,0.0,898.5,0.0
0,440400,VOLCANIC_ROCK_VOUCHER_9500,897.0,17.0,0.0,0.0,0.0,0.0,898,17,0.0,0.0,0.0,0.0,897.5,0.0
0,440500,VOLCANIC_ROCK_VOUCHER_9500,895.0,16.0,0.0,0.0,0.0,0.0,896,16,0.0,0.0,0.0,0.0,895.5,0.0
0,440600,VOLCANIC_ROCK_VOUCHER_9500,895.0,16.0,0.0,0.0,0.0,0.0,896,16,0.0,0.0,0.0,0.0,895.5,0.0
0,440700,VOLCANIC_ROCK_VOUCHER_9500,896.0,15.0,0.0,0.0,0.0,0.0,897,15,0.0,0.0,0.0,0.0,896.5,0.0
0,440800,VOLCANIC_ROCK_VOUCHER_9500,894.0,19.0,0.0,0.0,0.0,0.0,895,19,0.0,0.0,0.0,0.0,894.5,0.0
0,440900,VOLCANIC_ROCK_VOUCHER_9500,894.0,14.0,0.0,0.0,0.0,0.0,895,14,0.0,0.0,0.0,0.0,894.5,0.0
0,441000,VOLCANIC_ROCK_VOUCHER_9500,901.0,0.0,0.0,0.0,0.0,0.0,902,15,0.0,0.0,0.0,0.0,901.5,0.0
0,441100,VOLCANIC_ROCK_VOUCHER_9500,0.0,0.0,0.0,0.0,0.0,0.0,905,2,906.0,13.0,0.0,0.0,905.0,0.0
0,441200,VOLCANIC_ROCK_VOUCHER_9500,908.0,17.0,0.0,0.0,0.0,0.0,909,17,0.0,0.0,0.0,0.0,908.5,0.0
0,441300,VOLCANIC_ROCK_VOUCHER_9500,910.0,12.0,0.0,0.0,0.0,0.0,912,12,0.0,0.0,0.0,0.0,911.0,0.0
0,441400,VOLCANIC_ROCK_VOUCHER_9500,912.0,16.0,0.0,0.0,0.0,0.0,913,16,0.0,0.0,0.0,0.0,912.5,0.0
0,441500,VOLCANIC_ROCK_VOUCHER_9500,906.0,15.0,0.0,0.0,0.0,0.0,907,15,0.0,0.0,0.0,0.0,906.5,0.0
0,441600,VOLCANIC_ROCK_VOUCHER_9500,905.0,14.0,0.0,0.0,0.0,0.0,906,14,0.0,0.0,0.0,0.0,905.5,0.0
0,441700,VOLCANIC_ROCK_VOUCHER_9500,901.0,14.0,0.0,0.0,0.0,0.0,902,14,0.0,0.0,0.0,0.0,901.5,0.0
0,441800,VOLCANIC_ROCK_VOUCHER_9500,903.0,18.0,0.0,0.0,0.0,0.0,904,18,0.0,0.0,0.0,0.0,903.5,0.0
0,441900,VOLCANIC_ROCK_VOUCHER_9500,902.0,15.0,0.0,0.0,0.0,0.0,903,15,0.0,0.0,0.0,0.0,902.5,0.0
0,442000,VOLCANIC_ROCK_VOUCHER_9500,908.0,33.0,0.0,0.0,0.0,0.0,909,20,0.0,0.0,0.0,0.0,908.5,0.0
0,442100,VOLCANIC_ROCK_VOUCHER_9500,908.0,10.0,0.0,0.0,0.0,0.0,909,10,0.0,0.0,0.0,0.0,908.5,0.0
0,442200,VOLCANIC_ROCK_VOUCHER_9500,910.0,15.0,0.0,0.0,0.0,0.0,911,15,0.0,0.0,0.0,0.0,910.5,0.0
0,442300,VOLCANIC_ROCK_VOUCHER_9500,911.0,11.0,0.0,0.0,0.0,0.0,913,11,0.0,0.0,0.0,0.0,912.0,0.0
0,442400,VOLCANIC_ROCK_VOUCHER_9500,907.0,21.0,0.0,0.0,0.0,0.0,909,21,0.0,0.0,0.0,0.0,908.0,0.0
0,442500,VOLCANIC_ROCK_VOUCHER_9500,910.0,18.0,0.0,0.0,0.0,0.0,911,18,0.0,0.0,0.0,0.0,910.5,0.0
0,442600,VOLCANIC_ROCK_VOUCHER_9500,911.0,11.0,0.0,0.0,0.0,0.0,912,11,0.0,0.0,0.0,0.0,911.5,0.0
0,442700,VOLCANIC_ROCK_VOUCHER_9500,908.0,15.0,0.0,0.0,0.0,0.0,909,15,0.0,0.0,0.0,0.0,908.5,0.0
0,442800,VOLCANIC_ROCK_VOUCHER_9500,907.0,18.0,0.0,0.0,0.0,0.0,908,18,0.0,0.0,0.0,0.0,907.5,0.0
0,442900,VOLCANIC_ROCK_VOUCHER_9500,908.0,15.0,0.0,0.0,0.0,0.0,909,15,0.0,0.0,0.0,0.0,908.5,0.0
0,443000,VOLCANIC_ROCK_VOUCHER_9500,907.0,21.0,0.0,0.0,0.0,0.0,908,21,0.0,0.0,0.0,0.0,907.5,0.0
0,443100,VOLCANIC_ROCK_VOUCHER_9500,910.0,34.0,0.0,0.0,0.0,0.0,911,18,0.0,0.0,0.0,0.0,910.5,0.0
0,443200,VOLCANIC_ROCK_VOUCHER_9500,910.0,15.0,0.0,0.0,0.0,0.0,911,15,0.0,0.0,0.0,0.0,910.5,0.0
0,443300,VOLCANIC_ROCK_VOUCHER_9500,0.0,0.0,0.0,0.0,0.0,0.0,910,1,911.0,19.0,0.0,0.0,910.0,0.0
0,443400,VOLCANIC_ROCK_VOUCHER_9500,906.0,19.0,0.0,0.0,0.0,0.0,908,19,0.0,0.0,0.0,0.0,907.0,0.0
0,443500,VOLCANIC_ROCK_VOUCHER_9500,911.0,15.0,0.0,0.0,0.0,0.0,912,15,0.0,0.0,0.0,0.0,911.5,0.0
0,443600,VOLCANIC_ROCK_VOUCHER_9500,909.0,20.0,0.0,0.0,0.0,0.0,910,20,0.0,0.0,0.0,0.0,909.5,0.0
0,443700,VOLCANIC_ROCK_VOUCHER_9500,909.0,14.0,0.0,0.0,0.0,0.0,910,1,911.0,13.0,0.0,0.0,909.5,0.0
0,443800,VOLCANIC_ROCK_VOUCHER_9500,909.0,14.0,0.0,0.0,0.0,0.0,910,14,0.0,0.0,0.0,0.0,909.5,0.0
0,443900,VOLCANIC_ROCK_VOUCHER_9500,908.0,16.0,0.0,0.0,0.0,0.0,910,16,0.0,0.0,0.0,0.0,909.0,0.0
0,444000,VOLCANIC_ROCK_VOUCHER_9500,910.0,6.0,0.0,0.0,0.0,0.0,911,16,0.0,0.0,0.0,0.0,910.5,0.0
0,444100,VOLCANIC_ROCK_VOUCHER_9500,907.0,17.0,0.0,0.0,0.0,0.0,908,17,0.0,0.0,0.0,0.0,907.5,0.0
0,444200,VOLCANIC_ROCK_VOUCHER_9500,908.0,19.0,0.0,0.0,0.0,0.0,909,19,0.0,0.0,0.0,0.0,908.5,0.0
0,444300,VOLCANIC_ROCK_VOUCHER_9500,905.0,14.0,0.0,0.0,0.0,0.0,907,14,0.0,0.0,0.0,0.0,906.0,0.0
0,444400,VOLCANIC_ROCK_VOUCHER_9500,907.0,13.0,0.0,0.0,0.0,0.0,908,13,0.0,0.0,0.0,0.0,907.5,0.0
0,444500,VOLCANIC_ROCK_VOUCHER_9500,905.0,18.0,0.0,0.0,0.0,0.0,907,18,0.0,0.0,0.0,0.0,906.0,0.0
0,444600,VOLCANIC_ROCK_VOUCHER_9500,903.0,17.0,0.0,0.0,0.0,0.0,904,17,0.0,0.0,0.0,0.0,903.5,0.0
0,444700,VOLCANIC_ROCK_VOUCHER_9500,901.0,18.0,0.0,0.0,0.0,0.0,902,18,0.0,0.0,0.0,0.0,901.5,0.0
0,444800,VOLCANIC_ROCK_VOUCHER_9500,899.0,15.0,0.0,0.0,0.0,0.0,900,15,0.0,0.0,0.0,0.0,899.5,0.0
0,444900,VOLCANIC_ROCK_VOUCHER_9500,895.0,11.0,0.0,0.0,0.0,0.0,896,11,0.0,0.0,0.0,0.0,895.5,0.0
0,445000,VOLCANIC_ROCK_VOUCHER_9500,896.0,10.0,0.0,0.0,0.0,0.0,897,10,0.0,0.0,0.0,0.0,896.5,0.0
0,445100,VOLCANIC_ROCK_VOUCHER_9500,892.0,21.0,0.0,0.0,0.0,0.0,894,21,0.0,0.0,0.0,0.0,893.0,0.0
0,445200,VOLCANIC_ROCK_VOUCHER_9500,893.0,15.0,0.0,0.0,0.0,0.0,894,15,0.0,0.0,0.0,0.0,893.5,0.0
0,445300,VOLCANIC_ROCK_VOUCHER_9500,897.0,20.0,0.0,0.0,0.0,0.0,898,20,0.0,0.0,0.0,0.0,897.5,0.0
0,445400,VOLCANIC_ROCK_VOUCHER_9500,897.0,18.0,0.0,0.0,0.0,0.0,898,18,0.0,0.0,0.0,0.0,897.5,0.0
0,445500,VOLCANIC_ROCK_VOUCHER_9500,902.0,20.0,0.0,0.0,0.0,0.0,903,20,0.0,0.0,0.0,0.0,902.5,0.0
0,445600,VOLCANIC_ROCK_VOUCHER_9500,903.0,20.0,0.0,0.0,0.0,0.0,904,20,0.0,0.0,0.0,0.0,903.5,0.0
0,445700,VOLCANIC_ROCK_VOUCHER_9500,901.0,17.0,0.0,0.0,0.0,0.0,903,17,0.0,0.0,0.0,0.0,902.0,0.0
0,445800,VOLCANIC_ROCK_VOUCHER_9500,899.0,14.0,0.0,0.0,0.0,0.0,900,14,0.0,0.0,0.0,0.0,899.5,0.0
0,445900,VOLCANIC_ROCK_VOUCHER_9500,897.0,29.0,0.0,0.0,0.0,0.0,898,18,0.0,0.0,0.0,0.0,897.5,0.0
0,446000,VOLCANIC_ROCK_VOUCHER_9500,900.0,18.0,0.0,0.0,0.0,0.0,902,18,0.0,0.0,0.0,0.0,901.0,0.0
0,446100,VOLCANIC_ROCK_VOUCHER_9500,901.0,19.0,0.0,0.0,0.0,0.0,902,19,0.0,0.0,0.0,0.0,901.5,0.0
0,446200,VOLCANIC_ROCK_VOUCHER_9500,899.0,17.0,0.0,0.0,0.0,0.0,900,17,0.0,0.0,0.0,0.0,899.5,0.0
0,446300,VOLCANIC_ROCK_VOUCHER_9500,902.0,14.0,0.0,0.0,0.0,0.0,903,14,0.0,0.0,0.0,0.0,902.5,0.0
0,446400,VOLCANIC_ROCK_VOUCHER_9500,894.0,19.0,0.0,0.0,0.0,0.0,895,19,0.0,0.0,0.0,0.0,894.5,0.0
0,446500,VOLCANIC_ROCK_VOUCHER_9500,899.0,14.0,0.0,0.0,0.0,0.0,900,14,0.0,0.0,0.0,0.0,899.5,0.0
0,446600,VOLCANIC_ROCK_VOUCHER_9500,898.0,12.0,0.0,0.0,0.0,0.0,899,12,0.0,0.0,0.0,0.0,898.5,0.0
0,446700,VOLCANIC_ROCK_VOUCHER_9500,896.0,21.0,0.0,0.0,0.0,0.0,897,21,0.0,0.0,0.0,0.0,896.5,0.0
0,446800,VOLCANIC_ROCK_VOUCHER_9500,897.0,10.0,0.0,0.0,0.0,0.0,898,10,0.0,0.0,0.0,0.0,897.5,0.0
0,446900,VOLCANIC_ROCK_VOUCHER_9500,897.0,18.0,0.0,0.0,0.0,0.0,898,18,0.0,0.0,0.0,0.0,897.5,0.0
0,447000,VOLCANIC_ROCK_VOUCHER_9500,897.0,13.0,0.0,0.0,0.0,0.0,898,13,0.0,0.0,0.0,0.0,897.5,0.0
0,447100,VOLCANIC_ROCK_VOUCHER_9500,899.0,18.0,0.0,0.0,0.0,0.0,900,18,0.0,0.0,0.0,0.0,899.5,0.0
0,447200,VOLCANIC_ROCK_VOUCHER_9500,898.0,22.0,0.0,0.0,0.0,0.0,899,22,0.0,0.0,0.0,0.0,898.5,0.0
0,447300,VOLCANIC_ROCK_VOUCHER_9500,896.0,16.0,0.0,0.0,0.0,0.0,897,16,0.0,0.0,0.0,0.0,896.5,0.0
0,447400,VOLCANIC_ROCK_VOUCHER_9500,898.0,14.0,0.0,0.0,0.0,0.0,899,14,0.0,0.0,0.0,0.0,898.5,0.0
0,447500,VOLCANIC_ROCK_VOUCHER_9500,898.0,17.0,0.0,0.0,0.0,0.0,899,17,0.0,0.0,0.0,0.0,898.5,0.0
0,447600,VOLCANIC_ROCK_VOUCHER_9500,897.0,14.0,0.0,0.0,0.0,0.0,898,2,899.0,12.0,0.0,0.0,897.5,0.0
0,447700,VOLCANIC_ROCK_VOUCHER_9500,897.0,12.0,0.0,0.0,0.0,0.0,898,12,0.0,0.0,0.0,0.0,897.5,0.0
0,447800,VOLCANIC_ROCK_VOUCHER_9500,896.0,13.0,0.0,0.0,0.0,0.0,897,13,0.0,0.0,0.0,0.0,896.5,0.0
0,447900,VOLCANIC_ROCK_VOUCHER_9500,895.0,15.0,0.0,0.0,0.0,0.0,896,15,0.0,0.0,0.0,0.0,895.5,0.0
0,448000,VOLCANIC_ROCK_VOUCHER_9500,894.0,18.0,0.0,0.0,0.0,0.0,895,18,0.0,0.0,0.0,0.0,894.5,0.0
0,448100,VOLCANIC_ROCK_VOUCHER_9500,901.0,11.0,0.0,0.0,0.0,0.0,902,11,0.0,0.0,0.0,0.0,901.5,0.0
0,448200,VOLCANIC_ROCK_VOUCHER_9500,901.0,22.0,0.0,0.0,0.0,0.0,902,22,0.0,0.0,0.0,0.0,901.5,0.0
0,448300,VOLCANIC_ROCK_VOUCHER_9500,901.0,14.0,0.0,0.0,0.0,0.0,902,14,0.0,0.0,0.0,0.0,901.5,0.0
0,448400,VOLCANIC_ROCK_VOUCHER_9500,900.0,19.0,0.0,0.0,0.0,0.0,901,19,0.0,0.0,0.0,0.0,900.5,0.0
0,448500,VOLCANIC_ROCK_VOUCHER_9500,901.0,11.0,0.0,0.0,0.0,0.0,902,11,0.0,0.0,0.0,0.0,901.5,0.0
0,448600,VOLCANIC_ROCK_VOUCHER_9500,900.0,19.0,0.0,0.0,0.0,0.0,902,19,0.0,0.0,0.0,0.0,901.0,0.0
0,448700,VOLCANIC_ROCK_VOUCHER_9500,907.0,11.0,0.0,0.0,0.0,0.0,908,11,0.0,0.0,0.0,0.0,907.5,0.0
0,448800,VOLCANIC_ROCK_VOUCHER_9500,907.0,19.0,0.0,0.0,0.0,0.0,908,19,0.0,0.0,0.0,0.0,907.5,0.0
0,448900,VOLCANIC_ROCK_VOUCHER_9500,908.0,12.0,0.0,0.0,0.0,0.0,909,12,0.0,0.0,0.0,0.0,908.5,0.0
0,449000,VOLCANIC_ROCK_VOUCHER_9500,909.0,16.0,0.0,0.0,0.0,0.0,910,16,0.0,0.0,0.0,0.0,909.5,0.0
0,449100,VOLCANIC_ROCK_VOUCHER_9500,910.0,19.0,0.0,0.0,0.0,0.0,911,19,0.0,0.0,0.0,0.0,910.5,0.0
0,449200,VOLCANIC_ROCK_VOUCHER_9500,909.0,13.0,0.0,0.0,0.0,0.0,910,13,0.0,0.0,0.0,0.0,909.5,0.0
0,449300,VOLCANIC_ROCK_VOUCHER_9500,916.0,20.0,0.0,0.0,0.0,0.0,918,20,0.0,0.0,0.0,0.0,917.0,0.0
0,449400,VOLCANIC_ROCK_VOUCHER_9500,917.0,13.0,0.0,0.0,0.0,0.0,918,13,0.0,0.0,0.0,0.0,917.5,0.0
0,449500,VOLCANIC_ROCK_VOUCHER_9500,914.0,19.0,0.0,0.0,0.0,0.0,915,19,0.0,0.0,0.0,0.0,914.5,0.0
0,449600,VOLCANIC_ROCK_VOUCHER_9500,914.0,14.0,0.0,0.0,0.0,0.0,916,14,0.0,0.0,0.0,0.0,915.0,0.0
0,449700,VOLCANIC_ROCK_VOUCHER_9500,915.0,13.0,0.0,0.0,0.0,0.0,917,13,0.0,0.0,0.0,0.0,916.0,0.0
0,449800,VOLCANIC_ROCK_VOUCHER_9500,913.0,19.0,0.0,0.0,0.0,0.0,914,19,0.0,0.0,0.0,0.0,913.5,0.0
0,449900,VOLCANIC_ROCK_VOUCHER_9500,912.0,14.0,0.0,0.0,0.0,0.0,913,14,0.0,0.0,0.0,0.0,912.5,0.0
0,450000,VOLCANIC_ROCK_VOUCHER_9500,911.0,15.0,0.0,0.0,0.0,0.0,912,15,0.0,0.0,0.0,0.0,911.5,0.0
0,450100,VOLCANIC_ROCK_VOUCHER_9500,912.0,11.0,0.0,0.0,0.0,0.0,913,11,0.0,0.0,0.0,0.0,912.5,0.0
0,450200,VOLCANIC_ROCK_VOUCHER_9500,912.0,11.0,0.0,0.0,0.0,0.0,913,11,0.0,0.0,0.0,0.0,912.5,0.0
0,450300,VOLCANIC_ROCK_VOUCHER_9500,916.0,29.0,0.0,0.0,0.0,0.0,917,18,0.0,0.0,0.0,0.0,916.5,0.0
0,450400,VOLCANIC_ROCK_VOUCHER_9500,912.0,7.0,0.0,0.0,0.0,0.0,914,12,0.0,0.0,0.0,0.0,913.0,0.0
0,450500,VOLCANIC_ROCK_VOUCHER_9500,910.0,19.0,0.0,0.0,0.0,0.0,912,19,0.0,0.0,0.0,0.0,911.0,0.0
0,450600,VOLCANIC_ROCK_VOUCHER_9500,907.0,14.0,0.0,0.0,0.0,0.0,908,14,0.0,0.0,0.0,0.0,907.5,0.0
0,450700,VOLCANIC_ROCK_VOUCHER_9500,903.0,17.0,0.0,0.0,0.0,0.0,905,17,0.0,0.0,0.0,0.0,904.0,0.0
0,450800,VOLCANIC_ROCK_VOUCHER_9500,902.0,15.0,0.0,0.0,0.0,0.0,903,15,904.0,15.0,0.0,0.0,902.5,0.0
0,450900,VOLCANIC_ROCK_VOUCHER_9500,901.0,35.0,0.0,0.0,0.0,0.0,902,19,0.0,0.0,0.0,0.0,901.5,0.0
0,451000,VOLCANIC_ROCK_VOUCHER_9500,902.0,36.0,0.0,0.0,0.0,0.0,903,19,0.0,0.0,0.0,0.0,902.5,0.0
0,451100,VOLCANIC_ROCK_VOUCHER_9500,899.0,16.0,0.0,0.0,0.0,0.0,900,16,0.0,0.0,0.0,0.0,899.5,0.0
0,451200,VOLCANIC_ROCK_VOUCHER_9500,896.0,19.0,0.0,0.0,0.0,0.0,897,19,0.0,0.0,0.0,0.0,896.5,0.0
0,451300,VOLCANIC_ROCK_VOUCHER_9500,0.0,0.0,0.0,0.0,0.0,0.0,898,4,899.0,16.0,0.0,0.0,898.0,0.0
0,451400,VOLCANIC_ROCK_VOUCHER_9500,896.0,17.0,0.0,0.0,0.0,0.0,897,2,898.0,15.0,0.0,0.0,896.5,0.0
0,451500,VOLCANIC_ROCK_VOUCHER_9500,893.0,21.0,0.0,0.0,0.0,0.0,894,21,0.0,0.0,0.0,0.0,893.5,0.0
0,451600,VOLCANIC_ROCK_VOUCHER_9500,893.0,18.0,0.0,0.0,0.0,0.0,894,18,0.0,0.0,0.0,0.0,893.5,0.0
0,451700,VOLCANIC_ROCK_VOUCHER_9500,895.0,20.0,0.0,0.0,0.0,0.0,896,20,0.0,0.0,0.0,0.0,895.5,0.0
0,451800,VOLCANIC_ROCK_VOUCHER_9500,893.0,18.0,0.0,0.0,0.0,0.0,894,18,0.0,0.0,0.0,0.0,893.5,0.0
0,451900,VOLCANIC_ROCK_VOUCHER_9500,899.0,21.0,0.0,0.0,0.0,0.0,900,21,0.0,0.0,0.0,0.0,899.5,0.0
0,452000,VOLCANIC_ROCK_VOUCHER_9500,897.0,1.0,896.0,14.0,0.0,0.0,898,15,0.0,0.0,0.0,0.0,897.5,0.0
0,452100,VOLCANIC_ROCK_VOUCHER_9500,896.0,20.0,0.0,0.0,0.0,0.0,897,20,0.0,0.0,0.0,0.0,896.5,0.0
0,452200,VOLCANIC_ROCK_VOUCHER_9500,895.0,10.0,0.0,0.0,0.0,0.0,896,21,0.0,0.0,0.0,0.0,895.5,0.0
0,452300,VOLCANIC_ROCK_VOUCHER_9500,900.0,16.0,0.0,0.0,0.0,0.0,901,16,0.0,0.0,0.0,0.0,900.5,0.0
0,452400,VOLCANIC_ROCK_VOUCHER_9500,904.0,16.0,0.0,0.0,0.0,0.0,905,16,0.0,0.0,0.0,0.0,904.5,0.0
0,452500,VOLCANIC_ROCK_VOUCHER_9500,901.0,12.0,0.0,0.0,0.0,0.0,903,12,0.0,0.0,0.0,0.0,902.0,0.0
0,452600,VOLCANIC_ROCK_VOUCHER_9500,899.0,18.0,0.0,0.0,0.0,0.0,900,18,0.0,0.0,0.0,0.0,899.5,0.0
0,452700,VOLCANIC_ROCK_VOUCHER_9500,900.0,16.0,0.0,0.0,0.0,0.0,901,16,0.0,0.0,0.0,0.0,900.5,0.0
0,452800,VOLCANIC_ROCK_VOUCHER_9500,903.0,1.0,902.0,13.0,0.0,0.0,904,14,0.0,0.0,0.0,0.0,903.5,0.0
0,452900,VOLCANIC_ROCK_VOUCHER_9500,904.0,11.0,0.0,0.0,0.0,0.0,905,11,0.0,0.0,0.0,0.0,904.5,0.0
0,453000,VOLCANIC_ROCK_VOUCHER_9500,903.0,21.0,0.0,0.0,0.0,0.0,905,21,0.0,0.0,0.0,0.0,904.0,0.0
0,453100,VOLCANIC_ROCK_VOUCHER_9500,0.0,0.0,0.0,0.0,0.0,0.0,899,1,900.0,19.0,0.0,0.0,899.0,0.0
0,453200,VOLCANIC_ROCK_VOUCHER_9500,898.0,20.0,0.0,0.0,0.0,0.0,899,20,0.0,0.0,0.0,0.0,898.5,0.0
0,453300,VOLCANIC_ROCK_VOUCHER_9500,898.0,20.0,0.0,0.0,0.0,0.0,899,20,0.0,0.0,0.0,0.0,898.5,0.0
0,453400,VOLCANIC_ROCK_VOUCHER_9500,896.0,45.0,0.0,0.0,0.0,0.0,897,15,0.0,0.0,0.0,0.0,896.5,0.0
0,453500,VOLCANIC_ROCK_VOUCHER_9500,897.0,13.0,0.0,0.0,0.0,0.0,898,13,0.0,0.0,0.0,0.0,897.5,0.0
0,453600,VOLCANIC_ROCK_VOUCHER_9500,900.0,20.0,0.0,0.0,0.0,0.0,901,20,0.0,0.0,0.0,0.0,900.5,0.0
0,453700,VOLCANIC_ROCK_VOUCHER_9500,901.0,16.0,0.0,0.0,0.0,0.0,902,16,0.0,0.0,0.0,0.0,901.5,0.0
0,453800,VOLCANIC_ROCK_VOUCHER_9500,898.0,20.0,0.0,0.0,0.0,0.0,899,20,0.0,0.0,0.0,0.0,898.5,0.0
0,453900,VOLCANIC_ROCK_VOUCHER_9500,893.0,20.0,0.0,0.0,0.0,0.0,894,20,0.0,0.0,0.0,0.0,893.5,0.0
0,454000,VOLCANIC_ROCK_VOUCHER_9500,897.0,17.0,0.0,0.0,0.0,0.0,898,2,899.0,15.0,0.0,0.0,897.5,0.0
0,454100,VOLCANIC_ROCK_VOUCHER_9500,899.0,18.0,0.0,0.0,0.0,0.0,900,18,0.0,0.0,0.0,0.0,899.5,0.0
0,454200,VOLCANIC_ROCK_VOUCHER_9500,899.0,20.0,0.0,0.0,0.0,0.0,900,20,0.0,0.0,0.0,0.0,899.5,0.0
0,454300,VOLCANIC_ROCK_VOUCHER_9500,902.0,14.0,0.0,0.0,0.0,0.0,903,14,0.0,0.0,0.0,0.0,902.5,0.0
0,454400,VOLCANIC_ROCK_VOUCHER_9500,900.0,11.0,0.0,0.0,0.0,0.0,901,11,0.0,0.0,0.0,0.0,900.5,0.0
0,454500,VOLCANIC_ROCK_VOUCHER_9500,902.0,21.0,0.0,0.0,0.0,0.0,903,21,0.0,0.0,0.0,0.0,902.5,0.0
0,454600,VOLCANIC_ROCK_VOUCHER_9500,898.0,13.0,0.0,0.0,0.0,0.0,899,13,0.0,0.0,0.0,0.0,898.5,0.0
0,454700,VOLCANIC_ROCK_VOUCHER_9500,901.0,17.0,0.0,0.0,0.0,0.0,902,17,0.0,0.0,0.0,0.0,901.5,0.0
0,454800,VOLCANIC_ROCK_VOUCHER_9500,900.0,22.0,0.0,0.0,0.0,0.0,901,22,0.0,0.0,0.0,0.0,900.5,0.0
0,454900,VOLCANIC_ROCK_VOUCHER_9500,898.0,19.0,0.0,0.0,0.0,0.0,899,19,0.0,0.0,0.0,0.0,898.5,0.0
0,455000,VOLCANIC_ROCK_VOUCHER_9500,898.0,18.0,0.0,0.0,0.0,0.0,899,18,0.0,0.0,0.0,0.0,898.5,0.0
0,455100,VOLCANIC_ROCK_VOUCHER_9500,897.0,18.0,0.0,0.0,0.0,0.0,898,18,0.0,0.0,0.0,0.0,897.5,0.0
0,455200,VOLCANIC_ROCK_VOUCHER_9500,898.0,14.0,0.0,0.0,0.0,0.0,899,14,0.0,0.0,0.0,0.0,898.5,0.0
0,455300,VOLCANIC_ROCK_VOUCHER_9500,899.0,14.0,0.0,0.0,0.0,0.0,900,14,0.0,0.0,0.0,0.0,899.5,0.0
0,455400,VOLCANIC_ROCK_VOUCHER_9500,898.0,17.0,0.0,0.0,0.0,0.0,899,17,0.0,0.0,0.0,0.0,898.5,0.0
0,455500,VOLCANIC_ROCK_VOUCHER_9500,899.0,20.0,0.0,0.0,0.0,0.0,900,20,0.0,0.0,0.0,0.0,899.5,0.0
0,455600,VOLCANIC_ROCK_VOUCHER_9500,897.0,14.0,0.0,0.0,0.0,0.0,898,14,0.0,0.0,0.0,0.0,897.5,0.0
0,455700,VOLCANIC_ROCK_VOUCHER_9500,899.0,20.0,0.0,0.0,0.0,0.0,900,20,0.0,0.0,0.0,0.0,899.5,0.0
0,455800,VOLCANIC_ROCK_VOUCHER_9500,898.0,21.0,0.0,0.0,0.0,0.0,899,21,0.0,0.0,0.0,0.0,898.5,0.0
0,455900,VOLCANIC_ROCK_VOUCHER_9500,897.0,12.0,0.0,0.0,0.0,0.0,898,12,0.0,0.0,0.0,0.0,897.5,0.0
0,456000,VOLCANIC_ROCK_VOUCHER_9500,894.0,12.0,0.0,0.0,0.0,0.0,895,12,0.0,0.0,0.0,0.0,894.5,0.0
0,456100,VOLCANIC_ROCK_VOUCHER_9500,891.0,6.0,0.0,0.0,0.0,0.0,892,15,0.0,0.0,0.0,0.0,891.5,0.0
0,456200,VOLCANIC_ROCK_VOUCHER_9500,888.0,12.0,0.0,0.0,0.0,0.0,889,12,0.0,0.0,0.0,0.0,888.5,0.0
0,456300,VOLCANIC_ROCK_VOUCHER_9500,888.0,13.0,0.0,0.0,0.0,0.0,889,13,0.0,0.0,0.0,0.0,888.5,0.0
0,456400,VOLCANIC_ROCK_VOUCHER_9500,887.0,20.0,0.0,0.0,0.0,0.0,888,20,0.0,0.0,0.0,0.0,887.5,0.0
0,456500,VOLCANIC_ROCK_VOUCHER_9500,886.0,11.0,0.0,0.0,0.0,0.0,888,11,0.0,0.0,0.0,0.0,887.0,0.0
0,456600,VOLCANIC_ROCK_VOUCHER_9500,883.0,16.0,0.0,0.0,0.0,0.0,884,16,0.0,0.0,0.0,0.0,883.5,0.0
0,456700,VOLCANIC_ROCK_VOUCHER_9500,876.0,16.0,0.0,0.0,0.0,0.0,877,16,0.0,0.0,0.0,0.0,876.5,0.0
0,456800,VOLCANIC_ROCK_VOUCHER_9500,878.0,16.0,0.0,0.0,0.0,0.0,879,16,0.0,0.0,0.0,0.0,878.5,0.0
0,456900,VOLCANIC_ROCK_VOUCHER_9500,878.0,21.0,0.0,0.0,0.0,0.0,879,21,0.0,0.0,0.0,0.0,878.5,0.0
0,457000,VOLCANIC_ROCK_VOUCHER_9500,882.0,1.0,0.0,0.0,0.0,0.0,883,20,0.0,0.0,0.0,0.0,882.5,0.0
0,457100,VOLCANIC_ROCK_VOUCHER_9500,0.0,0.0,0.0,0.0,0.0,0.0,880,2,881.0,15.0,0.0,0.0,880.0,0.0
0,457200,VOLCANIC_ROCK_VOUCHER_9500,881.0,22.0,0.0,0.0,0.0,0.0,882,22,0.0,0.0,0.0,0.0,881.5,0.0
0,457300,VOLCANIC_ROCK_VOUCHER_9500,884.0,31.0,0.0,0.0,0.0,0.0,885,14,0.0,0.0,0.0,0.0,884.5,0.0
0,457400,VOLCANIC_ROCK_VOUCHER_9500,882.0,18.0,0.0,0.0,0.0,0.0,883,18,0.0,0.0,0.0,0.0,882.5,0.0
0,457500,VOLCANIC_ROCK_VOUCHER_9500,881.0,12.0,0.0,0.0,0.0,0.0,882,12,0.0,0.0,0.0,0.0,881.5,0.0
0,457600,VOLCANIC_ROCK_VOUCHER_9500,879.0,16.0,0.0,0.0,0.0,0.0,881,16,0.0,0.0,0.0,0.0,880.0,0.0
0,457700,VOLCANIC_ROCK_VOUCHER_9500,883.0,12.0,0.0,0.0,0.0,0.0,884,12,0.0,0.0,0.0,0.0,883.5,0.0
0,457800,VOLCANIC_ROCK_VOUCHER_9500,883.0,20.0,0.0,0.0,0.0,0.0,884,20,0.0,0.0,0.0,0.0,883.5,0.0
0,457900,VOLCANIC_ROCK_VOUCHER_9500,883.0,23.0,0.0,0.0,0.0,0.0,884,11,0.0,0.0,0.0,0.0,883.5,0.0
0,458000,VOLCANIC_ROCK_VOUCHER_9500,880.0,19.0,0.0,0.0,0.0,0.0,881,19,0.0,0.0,0.0,0.0,880.5,0.0
0,458100,VOLCANIC_ROCK_VOUCHER_9500,884.0,10.0,0.0,0.0,0.0,0.0,885,10,0.0,0.0,0.0,0.0,884.5,0.0
0,458200,VOLCANIC_ROCK_VOUCHER_9500,887.0,18.0,0.0,0.0,0.0,0.0,888,18,0.0,0.0,0.0,0.0,887.5,0.0
0,458300,VOLCANIC_ROCK_VOUCHER_9500,887.0,21.0,0.0,0.0,0.0,0.0,889,21,0.0,0.0,0.0,0.0,888.0,0.0
0,458400,VOLCANIC_ROCK_VOUCHER_9500,884.0,16.0,0.0,0.0,0.0,0.0,885,16,0.0,0.0,0.0,0.0,884.5,0.0
0,458500,VOLCANIC_ROCK_VOUCHER_9500,885.0,11.0,0.0,0.0,0.0,0.0,886,11,0.0,0.0,0.0,0.0,885.5,0.0
0,458600,VOLCANIC_ROCK_VOUCHER_9500,885.0,18.0,0.0,0.0,0.0,0.0,886,18,0.0,0.0,0.0,0.0,885.5,0.0
0,458700,VOLCANIC_ROCK_VOUCHER_9500,887.0,19.0,0.0,0.0,0.0,0.0,888,19,0.0,0.0,0.0,0.0,887.5,0.0
0,458800,VOLCANIC_ROCK_VOUCHER_9500,887.0,22.0,0.0,0.0,0.0,0.0,889,22,0.0,0.0,0.0,0.0,888.0,0.0
0,458900,VOLCANIC_ROCK_VOUCHER_9500,886.0,19.0,0.0,0.0,0.0,0.0,887,19,0.0,0.0,0.0,0.0,886.5,0.0
0,459000,VOLCANIC_ROCK_VOUCHER_9500,884.0,21.0,0.0,0.0,0.0,0.0,885,21,0.0,0.0,0.0,0.0,884.5,0.0
0,459100,VOLCANIC_ROCK_VOUCHER_9500,883.0,15.0,0.0,0.0,0.0,0.0,884,15,0.0,0.0,0.0,0.0,883.5,0.0
0,459200,VOLCANIC_ROCK_VOUCHER_9500,882.0,16.0,0.0,0.0,0.0,0.0,883,16,0.0,0.0,0.0,0.0,882.5,0.0
0,459300,VOLCANIC_ROCK_VOUCHER_9500,881.0,32.0,0.0,0.0,0.0,0.0,882,19,0.0,0.0,0.0,0.0,881.5,0.0
0,459400,VOLCANIC_ROCK_VOUCHER_9500,884.0,21.0,0.0,0.0,0.0,0.0,885,21,0.0,0.0,0.0,0.0,884.5,0.0
0,459500,VOLCANIC_ROCK_VOUCHER_9500,883.0,20.0,0.0,0.0,0.0,0.0,884,20,0.0,0.0,0.0,0.0,883.5,0.0
0,459600,VOLCANIC_ROCK_VOUCHER_9500,881.0,16.0,0.0,0.0,0.0,0.0,882,16,0.0,0.0,0.0,0.0,881.5,0.0
0,459700,VOLCANIC_ROCK_VOUCHER_9500,883.0,12.0,0.0,0.0,0.0,0.0,884,12,0.0,0.0,0.0,0.0,883.5,0.0
0,459800,VOLCANIC_ROCK_VOUCHER_9500,883.0,21.0,0.0,0.0,0.0,0.0,884,21,0.0,0.0,0.0,0.0,883.5,0.0
0,459900,VOLCANIC_ROCK_VOUCHER_9500,881.0,18.0,0.0,0.0,0.0,0.0,882,18,0.0,0.0,0.0,0.0,881.5,0.0
0,460000,VOLCANIC_ROCK_VOUCHER_9500,879.0,13.0,0.0,0.0,0.0,0.0,880,13,0.0,0.0,0.0,0.0,879.5,0.0
0,460100,VOLCANIC_ROCK_VOUCHER_9500,879.0,13.0,0.0,0.0,0.0,0.0,880,13,0.0,0.0,0.0,0.0,879.5,0.0
0,460200,VOLCANIC_ROCK_VOUCHER_9500,879.0,19.0,0.0,0.0,0.0,0.0,880,19,0.0,0.0,0.0,0.0,879.5,0.0
0,460300,VOLCANIC_ROCK_VOUCHER_9500,878.0,19.0,0.0,0.0,0.0,0.0,880,19,0.0,0.0,0.0,0.0,879.0,0.0
0,460400,VOLCANIC_ROCK_VOUCHER_9500,875.0,14.0,0.0,0.0,0.0,0.0,876,14,0.0,0.0,0.0,0.0,875.5,0.0
0,460500,VOLCANIC_ROCK_VOUCHER_9500,876.0,18.0,0.0,0.0,0.0,0.0,877,18,0.0,0.0,0.0,0.0,876.5,0.0
0,460600,VOLCANIC_ROCK_VOUCHER_9500,878.0,13.0,0.0,0.0,0.0,0.0,880,13,0.0,0.0,0.0,0.0,879.0,0.0
0,460700,VOLCANIC_ROCK_VOUCHER_9500,879.0,19.0,0.0,0.0,0.0,0.0,880,19,0.0,0.0,0.0,0.0,879.5,0.0
0,460800,VOLCANIC_ROCK_VOUCHER_9500,0.0,0.0,0.0,0.0,0.0,0.0,878,6,879.0,11.0,0.0,0.0,878.0,0.0
0,460900,VOLCANIC_ROCK_VOUCHER_9500,879.0,19.0,0.0,0.0,0.0,0.0,880,19,0.0,0.0,0.0,0.0,879.5,0.0
0,461000,VOLCANIC_ROCK_VOUCHER_9500,882.0,22.0,0.0,0.0,0.0,0.0,883,22,0.0,0.0,0.0,0.0,882.5,0.0
0,461100,VOLCANIC_ROCK_VOUCHER_9500,879.0,1.0,0.0,0.0,0.0,0.0,880,15,0.0,0.0,0.0,0.0,879.5,0.0
0,461200,VOLCANIC_ROCK_VOUCHER_9500,880.0,25.0,0.0,0.0,0.0,0.0,881,15,0.0,0.0,0.0,0.0,880.5,0.0
0,461300,VOLCANIC_ROCK_VOUCHER_9500,879.0,14.0,0.0,0.0,0.0,0.0,880,14,0.0,0.0,0.0,0.0,879.5,0.0
0,461400,VOLCANIC_ROCK_VOUCHER_9500,876.0,14.0,0.0,0.0,0.0,0.0,878,14,0.0,0.0,0.0,0.0,877.0,0.0
0,461500,VOLCANIC_ROCK_VOUCHER_9500,874.0,19.0,0.0,0.0,0.0,0.0,876,19,0.0,0.0,0.0,0.0,875.0,0.0
0,461600,VOLCANIC_ROCK_VOUCHER_9500,871.0,18.0,0.0,0.0,0.0,0.0,873,18,0.0,0.0,0.0,0.0,872.0,0.0
0,461700,VOLCANIC_ROCK_VOUCHER_9500,870.0,20.0,0.0,0.0,0.0,0.0,871,20,0.0,0.0,0.0,0.0,870.5,0.0
0,461800,VOLCANIC_ROCK_VOUCHER_9500,872.0,20.0,0.0,0.0,0.0,0.0,873,20,0.0,0.0,0.0,0.0,872.5,0.0
0,461900,VOLCANIC_ROCK_VOUCHER_9500,869.0,18.0,0.0,0.0,0.0,0.0,870,18,0.0,0.0,0.0,0.0,869.5,0.0
0,462000,VOLCANIC_ROCK_VOUCHER_9500,872.0,6.0,0.0,0.0,0.0,0.0,873,22,0.0,0.0,0.0,0.0,872.5,0.0
0,462100,VOLCANIC_ROCK_VOUCHER_9500,870.0,21.0,0.0,0.0,0.0,0.0,871,21,0.0,0.0,0.0,0.0,870.5,0.0
0,462200,VOLCANIC_ROCK_VOUCHER_9500,863.0,18.0,0.0,0.0,0.0,0.0,864,18,0.0,0.0,0.0,0.0,863.5,0.0
0,462300,VOLCANIC_ROCK_VOUCHER_9500,866.0,16.0,0.0,0.0,0.0,0.0,867,16,0.0,0.0,0.0,0.0,866.5,0.0
0,462400,VOLCANIC_ROCK_VOUCHER_9500,863.0,12.0,0.0,0.0,0.0,0.0,864,12,0.0,0.0,0.0,0.0,863.5,0.0
0,462500,VOLCANIC_ROCK_VOUCHER_9500,862.0,17.0,0.0,0.0,0.0,0.0,863,17,0.0,0.0,0.0,0.0,862.5,0.0
0,462600,VOLCANIC_ROCK_VOUCHER_9500,864.0,20.0,0.0,0.0,0.0,0.0,865,20,0.0,0.0,0.0,0.0,864.5,0.0
0,462700,VOLCANIC_ROCK_VOUCHER_9500,866.0,14.0,0.0,0.0,0.0,0.0,867,14,0.0,0.0,0.0,0.0,866.5,0.0
0,462800,VOLCANIC_ROCK_VOUCHER_9500,872.0,10.0,0.0,0.0,0.0,0.0,874,10,0.0,0.0,0.0,0.0,873.0,0.0
0,462900,VOLCANIC_ROCK_VOUCHER_9500,875.0,16.0,0.0,0.0,0.0,0.0,876,16,0.0,0.0,0.0,0.0,875.5,0.0
0,463000,VOLCANIC_ROCK_VOUCHER_9500,872.0,22.0,0.0,0.0,0.0,0.0,874,22,0.0,0.0,0.0,0.0,873.0,0.0
0,463100,VOLCANIC_ROCK_VOUCHER_9500,871.0,20.0,0.0,0.0,0.0,0.0,872,20,0.0,0.0,0.0,0.0,871.5,0.0
0,463200,VOLCANIC_ROCK_VOUCHER_9500,870.0,16.0,0.0,0.0,0.0,0.0,871,16,0.0,0.0,0.0,0.0,870.5,0.0
0,463300,VOLCANIC_ROCK_VOUCHER_9500,869.0,5.0,0.0,0.0,0.0,0.0,870,14,0.0,0.0,0.0,0.0,869.5,0.0
0,463400,VOLCANIC_ROCK_VOUCHER_9500,874.0,12.0,0.0,0.0,0.0,0.0,875,12,0.0,0.0,0.0,0.0,874.5,0.0
0,463500,VOLCANIC_ROCK_VOUCHER_9500,875.0,34.0,0.0,0.0,0.0,0.0,876,19,0.0,0.0,0.0,0.0,875.5,0.0
0,463600,VOLCANIC_ROCK_VOUCHER_9500,871.0,15.0,0.0,0.0,0.0,0.0,873,15,0.0,0.0,0.0,0.0,872.0,0.0
0,463700,VOLCANIC_ROCK_VOUCHER_9500,873.0,17.0,0.0,0.0,0.0,0.0,874,17,0.0,0.0,0.0,0.0,873.5,0.0
0,463800,VOLCANIC_ROCK_VOUCHER_9500,873.0,14.0,0.0,0.0,0.0,0.0,874,14,0.0,0.0,0.0,0.0,873.5,0.0
0,463900,VOLCANIC_ROCK_VOUCHER_9500,873.0,13.0,0.0,0.0,0.0,0.0,874,13,0.0,0.0,0.0,0.0,873.5,0.0
0,464000,VOLCANIC_ROCK_VOUCHER_9500,871.0,18.0,0.0,0.0,0.0,0.0,872,18,0.0,0.0,0.0,0.0,871.5,0.0
0,464100,VOLCANIC_ROCK_VOUCHER_9500,871.0,19.0,0.0,0.0,0.0,0.0,872,19,0.0,0.0,0.0,0.0,871.5,0.0
0,464200,VOLCANIC_ROCK_VOUCHER_9500,866.0,11.0,0.0,0.0,0.0,0.0,867,11,0.0,0.0,0.0,0.0,866.5,0.0
0,464300,VOLCANIC_ROCK_VOUCHER_9500,866.0,1.0,865.0,16.0,0.0,0.0,867,17,0.0,0.0,0.0,0.0,866.5,0.0
0,464400,VOLCANIC_ROCK_VOUCHER_9500,865.0,14.0,0.0,0.0,0.0,0.0,866,14,0.0,0.0,0.0,0.0,865.5,0.0
0,464500,VOLCANIC_ROCK_VOUCHER_9500,863.0,17.0,0.0,0.0,0.0,0.0,864,17,0.0,0.0,0.0,0.0,863.5,0.0
0,464600,VOLCANIC_ROCK_VOUCHER_9500,863.0,16.0,0.0,0.0,0.0,0.0,864,16,0.0,0.0,0.0,0.0,863.5,0.0
0,464700,VOLCANIC_ROCK_VOUCHER_9500,861.0,12.0,0.0,0.0,0.0,0.0,862,12,0.0,0.0,0.0,0.0,861.5,0.0
0,464800,VOLCANIC_ROCK_VOUCHER_9500,863.0,13.0,0.0,0.0,0.0,0.0,864,13,0.0,0.0,0.0,0.0,863.5,0.0
0,464900,VOLCANIC_ROCK_VOUCHER_9500,861.0,14.0,0.0,0.0,0.0,0.0,862,14,0.0,0.0,0.0,0.0,861.5,0.0
0,465000,VOLCANIC_ROCK_VOUCHER_9500,863.0,20.0,0.0,0.0,0.0,0.0,864,20,0.0,0.0,0.0,0.0,863.5,0.0
0,465100,VOLCANIC_ROCK_VOUCHER_9500,866.0,21.0,0.0,0.0,0.0,0.0,867,21,0.0,0.0,0.0,0.0,866.5,0.0
0,465200,VOLCANIC_ROCK_VOUCHER_9500,868.0,18.0,0.0,0.0,0.0,0.0,870,18,0.0,0.0,0.0,0.0,869.0,0.0
0,465300,VOLCANIC_ROCK_VOUCHER_9500,872.0,18.0,0.0,0.0,0.0,0.0,874,18,0.0,0.0,0.0,0.0,873.0,0.0
0,465400,VOLCANIC_ROCK_VOUCHER_9500,873.0,19.0,0.0,0.0,0.0,0.0,875,19,0.0,0.0,0.0,0.0,874.0,0.0
0,465500,VOLCANIC_ROCK_VOUCHER_9500,871.0,22.0,0.0,0.0,0.0,0.0,872,22,0.0,0.0,0.0,0.0,871.5,0.0
0,465600,VOLCANIC_ROCK_VOUCHER_9500,869.0,11.0,0.0,0.0,0.0,0.0,870,11,0.0,0.0,0.0,0.0,869.5,0.0
0,465700,VOLCANIC_ROCK_VOUCHER_9500,869.0,14.0,0.0,0.0,0.0,0.0,870,14,0.0,0.0,0.0,0.0,869.5,0.0
0,465800,VOLCANIC_ROCK_VOUCHER_9500,870.0,18.0,0.0,0.0,0.0,0.0,871,18,0.0,0.0,0.0,0.0,870.5,0.0
0,465900,VOLCANIC_ROCK_VOUCHER_9500,872.0,2.0,871.0,17.0,0.0,0.0,873,19,0.0,0.0,0.0,0.0,872.5,0.0
0,466000,VOLCANIC_ROCK_VOUCHER_9500,870.0,15.0,0.0,0.0,0.0,0.0,871,15,0.0,0.0,0.0,0.0,870.5,0.0
0,466100,VOLCANIC_ROCK_VOUCHER_9500,872.0,17.0,0.0,0.0,0.0,0.0,873,17,0.0,0.0,0.0,0.0,872.5,0.0
0,466200,VOLCANIC_ROCK_VOUCHER_9500,877.0,14.0,0.0,0.0,0.0,0.0,878,14,0.0,0.0,0.0,0.0,877.5,0.0
0,466300,VOLCANIC_ROCK_VOUCHER_9500,884.0,12.0,0.0,0.0,0.0,0.0,885,12,0.0,0.0,0.0,0.0,884.5,0.0
0,466400,VOLCANIC_ROCK_VOUCHER_9500,882.0,12.0,0.0,0.0,0.0,0.0,884,12,0.0,0.0,0.0,0.0,883.0,0.0
0,466500,VOLCANIC_ROCK_VOUCHER_9500,884.0,1.0,0.0,0.0,0.0,0.0,885,11,0.0,0.0,0.0,0.0,884.5,0.0
0,466600,VOLCANIC_ROCK_VOUCHER_9500,884.0,22.0,0.0,0.0,0.0,0.0,885,22,0.0,0.0,0.0,0.0,884.5,0.0
0,466700,VOLCANIC_ROCK_VOUCHER_9500,882.0,11.0,0.0,0.0,0.0,0.0,883,11,0.0,0.0,0.0,0.0,882.5,0.0
0,466800,VOLCANIC_ROCK_VOUCHER_9500,876.0,11.0,0.0,0.0,0.0,0.0,877,11,0.0,0.0,0.0,0.0,876.5,0.0
0,466900,VOLCANIC_ROCK_VOUCHER_9500,876.0,12.0,0.0,0.0,0.0,0.0,877,12,0.0,0.0,0.0,0.0,876.5,0.0
0,467000,VOLCANIC_ROCK_VOUCHER_9500,875.0,17.0,0.0,0.0,0.0,0.0,876,17,0.0,0.0,0.0,0.0,875.5,0.0
0,467100,VOLCANIC_ROCK_VOUCHER_9500,873.0,22.0,0.0,0.0,0.0,0.0,874,22,0.0,0.0,0.0,0.0,873.5,0.0
0,467200,VOLCANIC_ROCK_VOUCHER_9500,874.0,18.0,0.0,0.0,0.0,0.0,875,18,0.0,0.0,0.0,0.0,874.5,0.0
0,467300,VOLCANIC_ROCK_VOUCHER_9500,876.0,17.0,0.0,0.0,0.0,0.0,877,17,0.0,0.0,0.0,0.0,876.5,0.0
0,467400,VOLCANIC_ROCK_VOUCHER_9500,873.0,19.0,0.0,0.0,0.0,0.0,874,19,0.0,0.0,0.0,0.0,873.5,0.0
0,467500,VOLCANIC_ROCK_VOUCHER_9500,867.0,16.0,0.0,0.0,0.0,0.0,869,16,0.0,0.0,0.0,0.0,868.0,0.0
0,467600,VOLCANIC_ROCK_VOUCHER_9500,868.0,15.0,0.0,0.0,0.0,0.0,869,15,0.0,0.0,0.0,0.0,868.5,0.0
0,467700,VOLCANIC_ROCK_VOUCHER_9500,867.0,16.0,0.0,0.0,0.0,0.0,868,16,0.0,0.0,0.0,0.0,867.5,0.0
0,467800,VOLCANIC_ROCK_VOUCHER_9500,866.0,11.0,0.0,0.0,0.0,0.0,868,11,0.0,0.0,0.0,0.0,867.0,0.0
0,467900,VOLCANIC_ROCK_VOUCHER_9500,871.0,15.0,0.0,0.0,0.0,0.0,872,15,0.0,0.0,0.0,0.0,871.5,0.0
0,468000,VOLCANIC_ROCK_VOUCHER_9500,870.0,14.0,0.0,0.0,0.0,0.0,871,14,0.0,0.0,0.0,0.0,870.5,0.0
0,468100,VOLCANIC_ROCK_VOUCHER_9500,866.0,11.0,0.0,0.0,0.0,0.0,868,11,0.0,0.0,0.0,0.0,867.0,0.0
0,468200,VOLCANIC_ROCK_VOUCHER_9500,872.0,31.0,0.0,0.0,0.0,0.0,873,13,0.0,0.0,0.0,0.0,872.5,0.0
0,468300,VOLCANIC_ROCK_VOUCHER_9500,874.0,16.0,0.0,0.0,0.0,0.0,875,16,0.0,0.0,0.0,0.0,874.5,0.0
0,468400,VOLCANIC_ROCK_VOUCHER_9500,879.0,12.0,0.0,0.0,0.0,0.0,880,12,0.0,0.0,0.0,0.0,879.5,0.0
0,468500,VOLCANIC_ROCK_VOUCHER_9500,875.0,16.0,0.0,0.0,0.0,0.0,876,16,0.0,0.0,0.0,0.0,875.5,0.0
0,468600,VOLCANIC_ROCK_VOUCHER_9500,877.0,20.0,0.0,0.0,0.0,0.0,878,20,0.0,0.0,0.0,0.0,877.5,0.0
0,468700,VOLCANIC_ROCK_VOUCHER_9500,879.0,16.0,0.0,0.0,0.0,0.0,880,16,0.0,0.0,0.0,0.0,879.5,0.0
0,468800,VOLCANIC_ROCK_VOUCHER_9500,875.0,20.0,0.0,0.0,0.0,0.0,876,20,0.0,0.0,0.0,0.0,875.5,0.0
0,468900,VOLCANIC_ROCK_VOUCHER_9500,872.0,31.0,0.0,0.0,0.0,0.0,873,20,0.0,0.0,0.0,0.0,872.5,0.0
0,469000,VOLCANIC_ROCK_VOUCHER_9500,871.0,18.0,0.0,0.0,0.0,0.0,872,18,0.0,0.0,0.0,0.0,871.5,0.0
0,469100,VOLCANIC_ROCK_VOUCHER_9500,865.0,16.0,0.0,0.0,0.0,0.0,866,16,0.0,0.0,0.0,0.0,865.5,0.0
0,469200,VOLCANIC_ROCK_VOUCHER_9500,868.0,18.0,0.0,0.0,0.0,0.0,869,18,0.0,0.0,0.0,0.0,868.5,0.0
0,469300,VOLCANIC_ROCK_VOUCHER_9500,867.0,14.0,0.0,0.0,0.0,0.0,868,14,0.0,0.0,0.0,0.0,867.5,0.0
0,469400,VOLCANIC_ROCK_VOUCHER_9500,866.0,11.0,0.0,0.0,0.0,0.0,867,11,0.0,0.0,0.0,0.0,866.5,0.0
0,469500,VOLCANIC_ROCK_VOUCHER_9500,867.0,14.0,0.0,0.0,0.0,0.0,868,14,0.0,0.0,0.0,0.0,867.5,0.0
0,469600,VOLCANIC_ROCK_VOUCHER_9500,866.0,16.0,0.0,0.0,0.0,0.0,867,16,0.0,0.0,0.0,0.0,866.5,0.0
0,469700,VOLCANIC_ROCK_VOUCHER_9500,866.0,17.0,0.0,0.0,0.0,0.0,867,17,0.0,0.0,0.0,0.0,866.5,0.0
0,469800,VOLCANIC_ROCK_VOUCHER_9500,868.0,15.0,0.0,0.0,0.0,0.0,869,15,0.0,0.0,0.0,0.0,868.5,0.0
0,469900,VOLCANIC_ROCK_VOUCHER_9500,866.0,14.0,0.0,0.0,0.0,0.0,867,14,0.0,0.0,0.0,0.0,866.5,0.0
0,470000,VOLCANIC_ROCK_VOUCHER_9500,865.0,16.0,0.0,0.0,0.0,0.0,866,16,0.0,0.0,0.0,0.0,865.5,0.0
0,470100,VOLCANIC_ROCK_VOUCHER_9500,859.0,21.0,0.0,0.0,0.0,0.0,860,21,0.0,0.0,0.0,0.0,859.5,0.0
0,470200,VOLCANIC_ROCK_VOUCHER_9500,860.0,19.0,0.0,0.0,0.0,0.0,861,19,0.0,0.0,0.0,0.0,860.5,0.0
0,470300,VOLCANIC_ROCK_VOUCHER_9500,860.0,20.0,0.0,0.0,0.0,0.0,861,20,0.0,0.0,0.0,0.0,860.5,0.0
0,470400,VOLCANIC_ROCK_VOUCHER_9500,859.0,22.0,0.0,0.0,0.0,0.0,860,22,0.0,0.0,0.0,0.0,859.5,0.0
0,470500,VOLCANIC_ROCK_VOUCHER_9500,860.0,12.0,0.0,0.0,0.0,0.0,861,12,0.0,0.0,0.0,0.0,860.5,0.0
0,470600,VOLCANIC_ROCK_VOUCHER_9500,854.0,17.0,0.0,0.0,0.0,0.0,855,17,0.0,0.0,0.0,0.0,854.5,0.0
0,470700,VOLCANIC_ROCK_VOUCHER_9500,857.0,17.0,0.0,0.0,0.0,0.0,858,17,0.0,0.0,0.0,0.0,857.5,0.0
0,470800,VOLCANIC_ROCK_VOUCHER_9500,855.0,11.0,0.0,0.0,0.0,0.0,856,11,0.0,0.0,0.0,0.0,855.5,0.0
0,470900,VOLCANIC_ROCK_VOUCHER_9500,856.0,20.0,0.0,0.0,0.0,0.0,858,20,0.0,0.0,0.0,0.0,857.0,0.0
0,471000,VOLCANIC_ROCK_VOUCHER_9500,856.0,16.0,0.0,0.0,0.0,0.0,857,16,0.0,0.0,0.0,0.0,856.5,0.0
0,471100,VOLCANIC_ROCK_VOUCHER_9500,859.0,14.0,0.0,0.0,0.0,0.0,860,14,0.0,0.0,0.0,0.0,859.5,0.0
0,471200,VOLCANIC_ROCK_VOUCHER_9500,855.0,19.0,0.0,0.0,0.0,0.0,856,19,0.0,0.0,0.0,0.0,855.5,0.0
0,471300,VOLCANIC_ROCK_VOUCHER_9500,853.0,19.0,0.0,0.0,0.0,0.0,854,19,0.0,0.0,0.0,0.0,853.5,0.0
0,471400,VOLCANIC_ROCK_VOUCHER_9500,0.0,0.0,0.0,0.0,0.0,0.0,852,5,853.0,11.0,0.0,0.0,852.0,0.0
0,471500,VOLCANIC_ROCK_VOUCHER_9500,856.0,13.0,0.0,0.0,0.0,0.0,857,13,0.0,0.0,0.0,0.0,856.5,0.0
0,471600,VOLCANIC_ROCK_VOUCHER_9500,854.0,15.0,0.0,0.0,0.0,0.0,855,15,0.0,0.0,0.0,0.0,854.5,0.0
0,471700,VOLCANIC_ROCK_VOUCHER_9500,857.0,19.0,0.0,0.0,0.0,0.0,858,19,0.0,0.0,0.0,0.0,857.5,0.0
0,471800,VOLCANIC_ROCK_VOUCHER_9500,860.0,12.0,0.0,0.0,0.0,0.0,861,12,0.0,0.0,0.0,0.0,860.5,0.0
0,471900,VOLCANIC_ROCK_VOUCHER_9500,860.0,11.0,0.0,0.0,0.0,0.0,862,11,0.0,0.0,0.0,0.0,861.0,0.0
0,472000,VOLCANIC_ROCK_VOUCHER_9500,862.0,5.0,0.0,0.0,0.0,0.0,863,16,0.0,0.0,0.0,0.0,862.5,0.0
0,472100,VOLCANIC_ROCK_VOUCHER_9500,862.0,29.0,0.0,0.0,0.0,0.0,864,17,0.0,0.0,0.0,0.0,863.0,0.0
0,472200,VOLCANIC_ROCK_VOUCHER_9500,863.0,19.0,0.0,0.0,0.0,0.0,864,19,0.0,0.0,0.0,0.0,863.5,0.0
0,472300,VOLCANIC_ROCK_VOUCHER_9500,863.0,20.0,0.0,0.0,0.0,0.0,864,20,0.0,0.0,0.0,0.0,863.5,0.0
0,472400,VOLCANIC_ROCK_VOUCHER_9500,862.0,18.0,0.0,0.0,0.0,0.0,863,1,864.0,18.0,0.0,0.0,862.5,0.0
0,472500,VOLCANIC_ROCK_VOUCHER_9500,862.0,22.0,0.0,0.0,0.0,0.0,863,22,0.0,0.0,0.0,0.0,862.5,0.0
0,472600,VOLCANIC_ROCK_VOUCHER_9500,861.0,20.0,0.0,0.0,0.0,0.0,863,20,0.0,0.0,0.0,0.0,862.0,0.0
0,472700,VOLCANIC_ROCK_VOUCHER_9500,863.0,3.0,0.0,0.0,0.0,0.0,864,15,0.0,0.0,0.0,0.0,863.5,0.0
0,472800,VOLCANIC_ROCK_VOUCHER_9500,862.0,20.0,0.0,0.0,0.0,0.0,864,20,0.0,0.0,0.0,0.0,863.0,0.0
0,472900,VOLCANIC_ROCK_VOUCHER_9500,862.0,12.0,0.0,0.0,0.0,0.0,863,12,0.0,0.0,0.0,0.0,862.5,0.0
0,473000,VOLCANIC_ROCK_VOUCHER_9500,863.0,12.0,0.0,0.0,0.0,0.0,864,12,0.0,0.0,0.0,0.0,863.5,0.0
0,473100,VOLCANIC_ROCK_VOUCHER_9500,866.0,15.0,0.0,0.0,0.0,0.0,867,15,0.0,0.0,0.0,0.0,866.5,0.0
0,473200,VOLCANIC_ROCK_VOUCHER_9500,867.0,19.0,0.0,0.0,0.0,0.0,868,19,0.0,0.0,0.0,0.0,867.5,0.0
0,473300,VOLCANIC_ROCK_VOUCHER_9500,865.0,21.0,0.0,0.0,0.0,0.0,866,21,0.0,0.0,0.0,0.0,865.5,0.0
0,473400,VOLCANIC_ROCK_VOUCHER_9500,866.0,12.0,0.0,0.0,0.0,0.0,867,12,0.0,0.0,0.0,0.0,866.5,0.0
0,473500,VOLCANIC_ROCK_VOUCHER_9500,865.0,11.0,0.0,0.0,0.0,0.0,866,11,0.0,0.0,0.0,0.0,865.5,0.0
0,473600,VOLCANIC_ROCK_VOUCHER_9500,865.0,10.0,0.0,0.0,0.0,0.0,866,10,0.0,0.0,0.0,0.0,865.5,0.0
0,473700,VOLCANIC_ROCK_VOUCHER_9500,864.0,30.0,0.0,0.0,0.0,0.0,865,14,0.0,0.0,0.0,0.0,864.5,0.0
0,473800,VOLCANIC_ROCK_VOUCHER_9500,863.0,17.0,0.0,0.0,0.0,0.0,864,17,0.0,0.0,0.0,0.0,863.5,0.0
0,473900,VOLCANIC_ROCK_VOUCHER_9500,858.0,19.0,0.0,0.0,0.0,0.0,859,19,0.0,0.0,0.0,0.0,858.5,0.0
0,474000,VOLCANIC_ROCK_VOUCHER_9500,861.0,12.0,0.0,0.0,0.0,0.0,862,12,0.0,0.0,0.0,0.0,861.5,0.0
0,474100,VOLCANIC_ROCK_VOUCHER_9500,860.0,20.0,0.0,0.0,0.0,0.0,861,1,862.0,19.0,0.0,0.0,860.5,0.0
0,474200,VOLCANIC_ROCK_VOUCHER_9500,866.0,21.0,0.0,0.0,0.0,0.0,867,21,0.0,0.0,0.0,0.0,866.5,0.0
0,474300,VOLCANIC_ROCK_VOUCHER_9500,870.0,14.0,0.0,0.0,0.0,0.0,871,14,0.0,0.0,0.0,0.0,870.5,0.0
0,474400,VOLCANIC_ROCK_VOUCHER_9500,870.0,25.0,0.0,0.0,0.0,0.0,871,13,0.0,0.0,0.0,0.0,870.5,0.0
0,474500,VOLCANIC_ROCK_VOUCHER_9500,871.0,38.0,0.0,0.0,0.0,0.0,872,21,0.0,0.0,0.0,0.0,871.5,0.0
0,474600,VOLCANIC_ROCK_VOUCHER_9500,874.0,12.0,0.0,0.0,0.0,0.0,875,12,0.0,0.0,0.0,0.0,874.5,0.0
0,474700,VOLCANIC_ROCK_VOUCHER_9500,873.0,11.0,0.0,0.0,0.0,0.0,875,11,0.0,0.0,0.0,0.0,874.0,0.0
0,474800,VOLCANIC_ROCK_VOUCHER_9500,876.0,17.0,0.0,0.0,0.0,0.0,877,17,0.0,0.0,0.0,0.0,876.5,0.0
0,474900,VOLCANIC_ROCK_VOUCHER_9500,873.0,14.0,0.0,0.0,0.0,0.0,874,14,0.0,0.0,0.0,0.0,873.5,0.0
0,475000,VOLCANIC_ROCK_VOUCHER_9500,872.0,18.0,0.0,0.0,0.0,0.0,873,18,0.0,0.0,0.0,0.0,872.5,0.0
0,475100,VOLCANIC_ROCK_VOUCHER_9500,872.0,11.0,0.0,0.0,0.0,0.0,873,11,0.0,0.0,0.0,0.0,872.5,0.0
0,475200,VOLCANIC_ROCK_VOUCHER_9500,867.0,18.0,0.0,0.0,0.0,0.0,868,18,0.0,0.0,0.0,0.0,867.5,0.0
0,475300,VOLCANIC_ROCK_VOUCHER_9500,870.0,13.0,0.0,0.0,0.0,0.0,871,13,0.0,0.0,0.0,0.0,870.5,0.0
0,475400,VOLCANIC_ROCK_VOUCHER_9500,871.0,18.0,0.0,0.0,0.0,0.0,872,18,0.0,0.0,0.0,0.0,871.5,0.0
0,475500,VOLCANIC_ROCK_VOUCHER_9500,870.0,33.0,0.0,0.0,0.0,0.0,871,15,0.0,0.0,0.0,0.0,870.5,0.0
0,475600,VOLCANIC_ROCK_VOUCHER_9500,870.0,17.0,0.0,0.0,0.0,0.0,871,17,0.0,0.0,0.0,0.0,870.5,0.0
0,475700,VOLCANIC_ROCK_VOUCHER_9500,872.0,21.0,0.0,0.0,0.0,0.0,874,21,0.0,0.0,0.0,0.0,873.0,0.0
0,475800,VOLCANIC_ROCK_VOUCHER_9500,870.0,22.0,0.0,0.0,0.0,0.0,872,22,0.0,0.0,0.0,0.0,871.0,0.0
0,475900,VOLCANIC_ROCK_VOUCHER_9500,868.0,18.0,0.0,0.0,0.0,0.0,870,18,0.0,0.0,0.0,0.0,869.0,0.0
0,476000,VOLCANIC_ROCK_VOUCHER_9500,868.0,18.0,0.0,0.0,0.0,0.0,869,18,0.0,0.0,0.0,0.0,868.5,0.0
0,476100,VOLCANIC_ROCK_VOUCHER_9500,866.0,12.0,0.0,0.0,0.0,0.0,867,12,0.0,0.0,0.0,0.0,866.5,0.0
0,476200,VOLCANIC_ROCK_VOUCHER_9500,868.0,18.0,0.0,0.0,0.0,0.0,869,18,0.0,0.0,0.0,0.0,868.5,0.0
0,476300,VOLCANIC_ROCK_VOUCHER_9500,868.0,20.0,0.0,0.0,0.0,0.0,869,20,0.0,0.0,0.0,0.0,868.5,0.0
0,476400,VOLCANIC_ROCK_VOUCHER_9500,0.0,0.0,0.0,0.0,0.0,0.0,867,3,868.0,15.0,0.0,0.0,867.0,0.0
0,476500,VOLCANIC_ROCK_VOUCHER_9500,866.0,20.0,0.0,0.0,0.0,0.0,867,20,0.0,0.0,0.0,0.0,866.5,0.0
0,476600,VOLCANIC_ROCK_VOUCHER_9500,866.0,20.0,0.0,0.0,0.0,0.0,867,20,0.0,0.0,0.0,0.0,866.5,0.0
0,476700,VOLCANIC_ROCK_VOUCHER_9500,864.0,13.0,0.0,0.0,0.0,0.0,865,13,0.0,0.0,0.0,0.0,864.5,0.0
0,476800,VOLCANIC_ROCK_VOUCHER_9500,861.0,20.0,0.0,0.0,0.0,0.0,862,20,0.0,0.0,0.0,0.0,861.5,0.0
0,476900,VOLCANIC_ROCK_VOUCHER_9500,0.0,0.0,0.0,0.0,0.0,0.0,858,11,0.0,0.0,0.0,0.0,858.0,0.0
0,477000,VOLCANIC_ROCK_VOUCHER_9500,856.0,11.0,0.0,0.0,0.0,0.0,858,11,0.0,0.0,0.0,0.0,857.0,0.0
0,477100,VOLCANIC_ROCK_VOUCHER_9500,855.0,16.0,0.0,0.0,0.0,0.0,857,16,0.0,0.0,0.0,0.0,856.0,0.0
0,477200,VOLCANIC_ROCK_VOUCHER_9500,855.0,12.0,0.0,0.0,0.0,0.0,856,12,0.0,0.0,0.0,0.0,855.5,0.0
0,477300,VOLCANIC_ROCK_VOUCHER_9500,851.0,28.0,0.0,0.0,0.0,0.0,852,18,0.0,0.0,0.0,0.0,851.5,0.0
0,477400,VOLCANIC_ROCK_VOUCHER_9500,847.0,20.0,0.0,0.0,0.0,0.0,848,20,0.0,0.0,0.0,0.0,847.5,0.0
0,477500,VOLCANIC_ROCK_VOUCHER_9500,851.0,14.0,0.0,0.0,0.0,0.0,852,14,0.0,0.0,0.0,0.0,851.5,0.0
0,477600,VOLCANIC_ROCK_VOUCHER_9500,853.0,20.0,0.0,0.0,0.0,0.0,854,20,0.0,0.0,0.0,0.0,853.5,0.0
0,477700,VOLCANIC_ROCK_VOUCHER_9500,853.0,0.0,0.0,0.0,0.0,0.0,854,16,0.0,0.0,0.0,0.0,853.5,0.0
0,477800,VOLCANIC_ROCK_VOUCHER_9500,852.0,18.0,0.0,0.0,0.0,0.0,853,18,0.0,0.0,0.0,0.0,852.5,0.0
0,477900,VOLCANIC_ROCK_VOUCHER_9500,849.0,18.0,0.0,0.0,0.0,0.0,850,18,0.0,0.0,0.0,0.0,849.5,0.0
0,478000,VOLCANIC_ROCK_VOUCHER_9500,849.0,14.0,0.0,0.0,0.0,0.0,850,14,0.0,0.0,0.0,0.0,849.5,0.0
0,478100,VOLCANIC_ROCK_VOUCHER_9500,850.0,19.0,0.0,0.0,0.0,0.0,851,19,0.0,0.0,0.0,0.0,850.5,0.0
0,478200,VOLCANIC_ROCK_VOUCHER_9500,852.0,16.0,0.0,0.0,0.0,0.0,853,16,0.0,0.0,0.0,0.0,852.5,0.0
0,478300,VOLCANIC_ROCK_VOUCHER_9500,852.0,14.0,0.0,0.0,0.0,0.0,853,14,0.0,0.0,0.0,0.0,852.5,0.0
0,478400,VOLCANIC_ROCK_VOUCHER_9500,853.0,11.0,0.0,0.0,0.0,0.0,855,11,0.0,0.0,0.0,0.0,854.0,0.0
0,478500,VOLCANIC_ROCK_VOUCHER_9500,851.0,12.0,0.0,0.0,0.0,0.0,852,12,0.0,0.0,0.0,0.0,851.5,0.0
0,478600,VOLCANIC_ROCK_VOUCHER_9500,853.0,16.0,0.0,0.0,0.0,0.0,855,16,0.0,0.0,0.0,0.0,854.0,0.0
0,478700,VOLCANIC_ROCK_VOUCHER_9500,852.0,18.0,0.0,0.0,0.0,0.0,853,18,0.0,0.0,0.0,0.0,852.5,0.0
0,478800,VOLCANIC_ROCK_VOUCHER_9500,850.0,14.0,0.0,0.0,0.0,0.0,851,14,0.0,0.0,0.0,0.0,850.5,0.0
0,478900,VOLCANIC_ROCK_VOUCHER_9500,850.0,14.0,0.0,0.0,0.0,0.0,851,14,0.0,0.0,0.0,0.0,850.5,0.0
0,479000,VOLCANIC_ROCK_VOUCHER_9500,851.0,27.0,0.0,0.0,0.0,0.0,852,11,0.0,0.0,0.0,0.0,851.5,0.0
0,479100,VOLCANIC_ROCK_VOUCHER_9500,853.0,15.0,0.0,0.0,0.0,0.0,854,15,0.0,0.0,0.0,0.0,853.5,0.0
0,479200,VOLCANIC_ROCK_VOUCHER_9500,853.0,15.0,0.0,0.0,0.0,0.0,854,15,0.0,0.0,0.0,0.0,853.5,0.0
0,479300,VOLCANIC_ROCK_VOUCHER_9500,846.0,20.0,0.0,0.0,0.0,0.0,847,20,0.0,0.0,0.0,0.0,846.5,0.0
0,479400,VOLCANIC_ROCK_VOUCHER_9500,843.0,14.0,0.0,0.0,0.0,0.0,844,14,0.0,0.0,0.0,0.0,843.5,0.0
0,479500,VOLCANIC_ROCK_VOUCHER_9500,844.0,4.0,0.0,0.0,0.0,0.0,845,14,0.0,0.0,0.0,0.0,844.5,0.0
0,479600,VOLCANIC_ROCK_VOUCHER_9500,847.0,30.0,0.0,0.0,0.0,0.0,848,15,0.0,0.0,0.0,0.0,847.5,0.0
0,479700,VOLCANIC_ROCK_VOUCHER_9500,852.0,22.0,0.0,0.0,0.0,0.0,854,22,0.0,0.0,0.0,0.0,853.0,0.0
0,479800,VOLCANIC_ROCK_VOUCHER_9500,858.0,33.0,0.0,0.0,0.0,0.0,859,14,0.0,0.0,0.0,0.0,858.5,0.0
0,479900,VOLCANIC_ROCK_VOUCHER_9500,853.0,21.0,0.0,0.0,0.0,0.0,855,21,0.0,0.0,0.0,0.0,854.0,0.0
0,480000,VOLCANIC_ROCK_VOUCHER_9500,851.0,17.0,0.0,0.0,0.0,0.0,852,17,0.0,0.0,0.0,0.0,851.5,0.0
0,480100,VOLCANIC_ROCK_VOUCHER_9500,848.0,18.0,0.0,0.0,0.0,0.0,850,18,0.0,0.0,0.0,0.0,849.0,0.0
0,480200,VOLCANIC_ROCK_VOUCHER_9500,847.0,1.0,0.0,0.0,0.0,0.0,848,17,0.0,0.0,0.0,0.0,847.5,0.0
0,480300,VOLCANIC_ROCK_VOUCHER_9500,847.0,13.0,0.0,0.0,0.0,0.0,848,13,0.0,0.0,0.0,0.0,847.5,0.0
0,480400,VOLCANIC_ROCK_VOUCHER_9500,846.0,17.0,0.0,0.0,0.0,0.0,847,17,0.0,0.0,0.0,0.0,846.5,0.0
0,480500,VOLCANIC_ROCK_VOUCHER_9500,845.0,21.0,0.0,0.0,0.0,0.0,846,21,0.0,0.0,0.0,0.0,845.5,0.0
0,480600,VOLCANIC_ROCK_VOUCHER_9500,849.0,12.0,848.0,21.0,0.0,0.0,850,21,0.0,0.0,0.0,0.0,849.5,0.0
0,480700,VOLCANIC_ROCK_VOUCHER_9500,849.0,18.0,0.0,0.0,0.0,0.0,850,18,0.0,0.0,0.0,0.0,849.5,0.0
0,480800,VOLCANIC_ROCK_VOUCHER_9500,849.0,14.0,0.0,0.0,0.0,0.0,850,14,0.0,0.0,0.0,0.0,849.5,0.0
0,480900,VOLCANIC_ROCK_VOUCHER_9500,852.0,7.0,0.0,0.0,0.0,0.0,853,19,0.0,0.0,0.0,0.0,852.5,0.0
0,481000,VOLCANIC_ROCK_VOUCHER_9500,849.0,10.0,0.0,0.0,0.0,0.0,851,10,0.0,0.0,0.0,0.0,850.0,0.0
0,481100,VOLCANIC_ROCK_VOUCHER_9500,852.0,12.0,0.0,0.0,0.0,0.0,853,12,0.0,0.0,0.0,0.0,852.5,0.0
0,481200,VOLCANIC_ROCK_VOUCHER_9500,852.0,21.0,0.0,0.0,0.0,0.0,853,21,0.0,0.0,0.0,0.0,852.5,0.0
0,481300,VOLCANIC_ROCK_VOUCHER_9500,853.0,20.0,0.0,0.0,0.0,0.0,854,20,0.0,0.0,0.0,0.0,853.5,0.0
0,481400,VOLCANIC_ROCK_VOUCHER_9500,853.0,12.0,0.0,0.0,0.0,0.0,854,12,0.0,0.0,0.0,0.0,853.5,0.0
0,481500,VOLCANIC_ROCK_VOUCHER_9500,856.0,13.0,0.0,0.0,0.0,0.0,857,13,0.0,0.0,0.0,0.0,856.5,0.0
0,481600,VOLCANIC_ROCK_VOUCHER_9500,853.0,14.0,0.0,0.0,0.0,0.0,854,14,0.0,0.0,0.0,0.0,853.5,0.0
0,481700,VOLCANIC_ROCK_VOUCHER_9500,854.0,16.0,0.0,0.0,0.0,0.0,855,2,856.0,14.0,0.0,0.0,854.5,0.0
0,481800,VOLCANIC_ROCK_VOUCHER_9500,855.0,14.0,0.0,0.0,0.0,0.0,856,14,0.0,0.0,0.0,0.0,855.5,0.0
0,481900,VOLCANIC_ROCK_VOUCHER_9500,860.0,13.0,0.0,0.0,0.0,0.0,862,13,0.0,0.0,0.0,0.0,861.0,0.0
0,482000,VOLCANIC_ROCK_VOUCHER_9500,859.0,16.0,0.0,0.0,0.0,0.0,861,16,0.0,0.0,0.0,0.0,860.0,0.0
0,482100,VOLCANIC_ROCK_VOUCHER_9500,859.0,22.0,0.0,0.0,0.0,0.0,860,22,0.0,0.0,0.0,0.0,859.5,0.0
0,482200,VOLCANIC_ROCK_VOUCHER_9500,854.0,38.0,0.0,0.0,0.0,0.0,855,19,0.0,0.0,0.0,0.0,854.5,0.0
0,482300,VOLCANIC_ROCK_VOUCHER_9500,853.0,17.0,0.0,0.0,0.0,0.0,854,17,0.0,0.0,0.0,0.0,853.5,0.0
0,482400,VOLCANIC_ROCK_VOUCHER_9500,860.0,22.0,0.0,0.0,0.0,0.0,861,22,0.0,0.0,0.0,0.0,860.5,0.0
0,482500,VOLCANIC_ROCK_VOUCHER_9500,862.0,21.0,0.0,0.0,0.0,0.0,863,21,0.0,0.0,0.0,0.0,862.5,0.0
0,482600,VOLCANIC_ROCK_VOUCHER_9500,860.0,15.0,0.0,0.0,0.0,0.0,861,15,0.0,0.0,0.0,0.0,860.5,0.0
0,482700,VOLCANIC_ROCK_VOUCHER_9500,862.0,9.0,0.0,0.0,0.0,0.0,863,19,0.0,0.0,0.0,0.0,862.5,0.0
0,482800,VOLCANIC_ROCK_VOUCHER_9500,867.0,19.0,0.0,0.0,0.0,0.0,868,19,0.0,0.0,0.0,0.0,867.5,0.0
0,482900,VOLCANIC_ROCK_VOUCHER_9500,862.0,11.0,0.0,0.0,0.0,0.0,863,11,0.0,0.0,0.0,0.0,862.5,0.0
0,483000,VOLCANIC_ROCK_VOUCHER_9500,863.0,17.0,0.0,0.0,0.0,0.0,864,17,0.0,0.0,0.0,0.0,863.5,0.0
0,483100,VOLCANIC_ROCK_VOUCHER_9500,863.0,12.0,0.0,0.0,0.0,0.0,864,12,0.0,0.0,0.0,0.0,863.5,0.0
0,483200,VOLCANIC_ROCK_VOUCHER_9500,863.0,10.0,0.0,0.0,0.0,0.0,865,10,0.0,0.0,0.0,0.0,864.0,0.0
0,483300,VOLCANIC_ROCK_VOUCHER_9500,865.0,3.0,0.0,0.0,0.0,0.0,866,19,0.0,0.0,0.0,0.0,865.5,0.0
0,483400,VOLCANIC_ROCK_VOUCHER_9500,865.0,15.0,0.0,0.0,0.0,0.0,867,15,0.0,0.0,0.0,0.0,866.0,0.0
0,483500,VOLCANIC_ROCK_VOUCHER_9500,868.0,20.0,0.0,0.0,0.0,0.0,869,20,0.0,0.0,0.0,0.0,868.5,0.0
0,483600,VOLCANIC_ROCK_VOUCHER_9500,868.0,19.0,0.0,0.0,0.0,0.0,869,19,0.0,0.0,0.0,0.0,868.5,0.0
0,483700,VOLCANIC_ROCK_VOUCHER_9500,868.0,2.0,867.0,12.0,0.0,0.0,869,14,0.0,0.0,0.0,0.0,868.5,0.0
0,483800,VOLCANIC_ROCK_VOUCHER_9500,868.0,21.0,0.0,0.0,0.0,0.0,869,21,0.0,0.0,0.0,0.0,868.5,0.0
0,483900,VOLCANIC_ROCK_VOUCHER_9500,864.0,15.0,0.0,0.0,0.0,0.0,865,15,0.0,0.0,0.0,0.0,864.5,0.0
0,484000,VOLCANIC_ROCK_VOUCHER_9500,859.0,15.0,0.0,0.0,0.0,0.0,860,15,0.0,0.0,0.0,0.0,859.5,0.0
0,484100,VOLCANIC_ROCK_VOUCHER_9500,856.0,22.0,0.0,0.0,0.0,0.0,857,22,0.0,0.0,0.0,0.0,856.5,0.0
0,484200,VOLCANIC_ROCK_VOUCHER_9500,859.0,11.0,0.0,0.0,0.0,0.0,860,11,0.0,0.0,0.0,0.0,859.5,0.0
0,484300,VOLCANIC_ROCK_VOUCHER_9500,859.0,35.0,0.0,0.0,0.0,0.0,860,19,0.0,0.0,0.0,0.0,859.5,0.0
0,484400,VOLCANIC_ROCK_VOUCHER_9500,860.0,13.0,0.0,0.0,0.0,0.0,861,13,0.0,0.0,0.0,0.0,860.5,0.0
0,484500,VOLCANIC_ROCK_VOUCHER_9500,861.0,14.0,0.0,0.0,0.0,0.0,863,14,0.0,0.0,0.0,0.0,862.0,0.0
0,484600,VOLCANIC_ROCK_VOUCHER_9500,863.0,16.0,0.0,0.0,0.0,0.0,864,16,0.0,0.0,0.0,0.0,863.5,0.0
0,484700,VOLCANIC_ROCK_VOUCHER_9500,862.0,13.0,0.0,0.0,0.0,0.0,863,13,0.0,0.0,0.0,0.0,862.5,0.0
0,484800,VOLCANIC_ROCK_VOUCHER_9500,859.0,30.0,0.0,0.0,0.0,0.0,860,16,0.0,0.0,0.0,0.0,859.5,0.0
0,484900,VOLCANIC_ROCK_VOUCHER_9500,861.0,17.0,0.0,0.0,0.0,0.0,862,17,0.0,0.0,0.0,0.0,861.5,0.0
0,485000,VOLCANIC_ROCK_VOUCHER_9500,859.0,15.0,0.0,0.0,0.0,0.0,860,15,0.0,0.0,0.0,0.0,859.5,0.0
0,485100,VOLCANIC_ROCK_VOUCHER_9500,861.0,12.0,0.0,0.0,0.0,0.0,862,12,0.0,0.0,0.0,0.0,861.5,0.0
0,485200,VOLCANIC_ROCK_VOUCHER_9500,0.0,0.0,0.0,0.0,0.0,0.0,860,8,861.0,12.0,0.0,0.0,860.0,0.0
0,485300,VOLCANIC_ROCK_VOUCHER_9500,859.0,19.0,0.0,0.0,0.0,0.0,860,19,0.0,0.0,0.0,0.0,859.5,0.0
0,485400,VOLCANIC_ROCK_VOUCHER_9500,856.0,16.0,0.0,0.0,0.0,0.0,858,16,0.0,0.0,0.0,0.0,857.0,0.0
0,485500,VOLCANIC_ROCK_VOUCHER_9500,858.0,21.0,0.0,0.0,0.0,0.0,859,21,0.0,0.0,0.0,0.0,858.5,0.0
0,485600,VOLCANIC_ROCK_VOUCHER_9500,856.0,15.0,0.0,0.0,0.0,0.0,858,15,0.0,0.0,0.0,0.0,857.0,0.0
0,485700,VOLCANIC_ROCK_VOUCHER_9500,857.0,12.0,0.0,0.0,0.0,0.0,858,12,0.0,0.0,0.0,0.0,857.5,0.0
0,485800,VOLCANIC_ROCK_VOUCHER_9500,859.0,29.0,0.0,0.0,0.0,0.0,860,19,0.0,0.0,0.0,0.0,859.5,0.0
0,485900,VOLCANIC_ROCK_VOUCHER_9500,858.0,20.0,0.0,0.0,0.0,0.0,859,20,0.0,0.0,0.0,0.0,858.5,0.0
0,486000,VOLCANIC_ROCK_VOUCHER_9500,859.0,20.0,0.0,0.0,0.0,0.0,860,20,0.0,0.0,0.0,0.0,859.5,0.0
0,486100,VOLCANIC_ROCK_VOUCHER_9500,861.0,12.0,0.0,0.0,0.0,0.0,862,12,0.0,0.0,0.0,0.0,861.5,0.0
0,486200,VOLCANIC_ROCK_VOUCHER_9500,863.0,12.0,0.0,0.0,0.0,0.0,865,12,0.0,0.0,0.0,0.0,864.0,0.0
0,486300,VOLCANIC_ROCK_VOUCHER_9500,866.0,14.0,0.0,0.0,0.0,0.0,867,14,0.0,0.0,0.0,0.0,866.5,0.0
0,486400,VOLCANIC_ROCK_VOUCHER_9500,864.0,13.0,0.0,0.0,0.0,0.0,865,13,0.0,0.0,0.0,0.0,864.5,0.0
0,486500,VOLCANIC_ROCK_VOUCHER_9500,865.0,14.0,0.0,0.0,0.0,0.0,866,14,0.0,0.0,0.0,0.0,865.5,0.0
0,486600,VOLCANIC_ROCK_VOUCHER_9500,867.0,18.0,0.0,0.0,0.0,0.0,868,18,0.0,0.0,0.0,0.0,867.5,0.0
0,486700,VOLCANIC_ROCK_VOUCHER_9500,870.0,14.0,0.0,0.0,0.0,0.0,871,14,0.0,0.0,0.0,0.0,870.5,0.0
0,486800,VOLCANIC_ROCK_VOUCHER_9500,871.0,12.0,0.0,0.0,0.0,0.0,872,12,0.0,0.0,0.0,0.0,871.5,0.0
0,486900,VOLCANIC_ROCK_VOUCHER_9500,870.0,15.0,0.0,0.0,0.0,0.0,872,15,0.0,0.0,0.0,0.0,871.0,0.0
0,487000,VOLCANIC_ROCK_VOUCHER_9500,876.0,3.0,0.0,0.0,0.0,0.0,877,19,0.0,0.0,0.0,0.0,876.5,0.0
0,487100,VOLCANIC_ROCK_VOUCHER_9500,872.0,17.0,0.0,0.0,0.0,0.0,873,17,0.0,0.0,0.0,0.0,872.5,0.0
0,487200,VOLCANIC_ROCK_VOUCHER_9500,876.0,20.0,0.0,0.0,0.0,0.0,877,20,0.0,0.0,0.0,0.0,876.5,0.0
0,487300,VOLCANIC_ROCK_VOUCHER_9500,876.0,15.0,0.0,0.0,0.0,0.0,877,15,0.0,0.0,0.0,0.0,876.5,0.0
0,487400,VOLCANIC_ROCK_VOUCHER_9500,876.0,19.0,0.0,0.0,0.0,0.0,877,19,0.0,0.0,0.0,0.0,876.5,0.0
0,487500,VOLCANIC_ROCK_VOUCHER_9500,878.0,15.0,877.0,18.0,0.0,0.0,879,18,0.0,0.0,0.0,0.0,878.5,0.0
0,487600,VOLCANIC_ROCK_VOUCHER_9500,880.0,14.0,0.0,0.0,0.0,0.0,882,14,0.0,0.0,0.0,0.0,881.0,0.0
0,487700,VOLCANIC_ROCK_VOUCHER_9500,882.0,20.0,0.0,0.0,0.0,0.0,883,20,0.0,0.0,0.0,0.0,882.5,0.0
0,487800,VOLCANIC_ROCK_VOUCHER_9500,883.0,21.0,0.0,0.0,0.0,0.0,884,21,0.0,0.0,0.0,0.0,883.5,0.0
0,487900,VOLCANIC_ROCK_VOUCHER_9500,883.0,15.0,0.0,0.0,0.0,0.0,885,15,0.0,0.0,0.0,0.0,884.0,0.0
0,488000,VOLCANIC_ROCK_VOUCHER_9500,878.0,16.0,0.0,0.0,0.0,0.0,879,16,0.0,0.0,0.0,0.0,878.5,0.0
0,488100,VOLCANIC_ROCK_VOUCHER_9500,876.0,17.0,0.0,0.0,0.0,0.0,877,17,0.0,0.0,0.0,0.0,876.5,0.0
0,488200,VOLCANIC_ROCK_VOUCHER_9500,877.0,16.0,0.0,0.0,0.0,0.0,878,16,0.0,0.0,0.0,0.0,877.5,0.0
0,488300,VOLCANIC_ROCK_VOUCHER_9500,877.0,16.0,0.0,0.0,0.0,0.0,878,16,0.0,0.0,0.0,0.0,877.5,0.0
0,488400,VOLCANIC_ROCK_VOUCHER_9500,875.0,13.0,0.0,0.0,0.0,0.0,876,13,0.0,0.0,0.0,0.0,875.5,0.0
0,488500,VOLCANIC_ROCK_VOUCHER_9500,878.0,15.0,0.0,0.0,0.0,0.0,879,15,0.0,0.0,0.0,0.0,878.5,0.0
0,488600,VOLCANIC_ROCK_VOUCHER_9500,877.0,14.0,0.0,0.0,0.0,0.0,878,14,0.0,0.0,0.0,0.0,877.5,0.0
0,488700,VOLCANIC_ROCK_VOUCHER_9500,875.0,20.0,0.0,0.0,0.0,0.0,876,20,0.0,0.0,0.0,0.0,875.5,0.0
0,488800,VOLCANIC_ROCK_VOUCHER_9500,878.0,12.0,0.0,0.0,0.0,0.0,879,12,0.0,0.0,0.0,0.0,878.5,0.0
0,488900,VOLCANIC_ROCK_VOUCHER_9500,879.0,12.0,0.0,0.0,0.0,0.0,880,12,0.0,0.0,0.0,0.0,879.5,0.0
0,489000,VOLCANIC_ROCK_VOUCHER_9500,880.0,19.0,0.0,0.0,0.0,0.0,881,19,0.0,0.0,0.0,0.0,880.5,0.0
0,489100,VOLCANIC_ROCK_VOUCHER_9500,875.0,21.0,0.0,0.0,0.0,0.0,876,21,0.0,0.0,0.0,0.0,875.5,0.0
0,489200,VOLCANIC_ROCK_VOUCHER_9500,877.0,16.0,0.0,0.0,0.0,0.0,878,16,0.0,0.0,0.0,0.0,877.5,0.0
0,489300,VOLCANIC_ROCK_VOUCHER_9500,877.0,18.0,0.0,0.0,0.0,0.0,879,18,0.0,0.0,0.0,0.0,878.0,0.0
0,489400,VOLCANIC_ROCK_VOUCHER_9500,877.0,11.0,0.0,0.0,0.0,0.0,879,11,0.0,0.0,0.0,0.0,878.0,0.0
0,489500,VOLCANIC_ROCK_VOUCHER_9500,876.0,17.0,0.0,0.0,0.0,0.0,877,17,0.0,0.0,0.0,0.0,876.5,0.0
0,489600,VOLCANIC_ROCK_VOUCHER_9500,877.0,29.0,0.0,0.0,0.0,0.0,878,20,0.0,0.0,0.0,0.0,877.5,0.0
0,489700,VOLCANIC_ROCK_VOUCHER_9500,876.0,16.0,0.0,0.0,0.0,0.0,878,16,0.0,0.0,0.0,0.0,877.0,0.0
0,489800,VOLCANIC_ROCK_VOUCHER_9500,876.0,21.0,0.0,0.0,0.0,0.0,878,21,0.0,0.0,0.0,0.0,877.0,0.0
0,489900,VOLCANIC_ROCK_VOUCHER_9500,0.0,0.0,0.0,0.0,0.0,0.0,871,1,872.0,15.0,0.0,0.0,871.0,0.0
0,490000,VOLCANIC_ROCK_VOUCHER_9500,868.0,21.0,0.0,0.0,0.0,0.0,869,21,0.0,0.0,0.0,0.0,868.5,0.0
0,490100,VOLCANIC_ROCK_VOUCHER_9500,869.0,34.0,0.0,0.0,0.0,0.0,870,21,0.0,0.0,0.0,0.0,869.5,0.0
0,490200,VOLCANIC_ROCK_VOUCHER_9500,866.0,19.0,0.0,0.0,0.0,0.0,867,19,0.0,0.0,0.0,0.0,866.5,0.0
0,490300,VOLCANIC_ROCK_VOUCHER_9500,865.0,15.0,0.0,0.0,0.0,0.0,866,15,0.0,0.0,0.0,0.0,865.5,0.0
0,490400,VOLCANIC_ROCK_VOUCHER_9500,865.0,21.0,0.0,0.0,0.0,0.0,866,21,0.0,0.0,0.0,0.0,865.5,0.0
0,490500,VOLCANIC_ROCK_VOUCHER_9500,865.0,17.0,0.0,0.0,0.0,0.0,866,17,0.0,0.0,0.0,0.0,865.5,0.0
0,490600,VOLCANIC_ROCK_VOUCHER_9500,865.0,16.0,0.0,0.0,0.0,0.0,866,16,0.0,0.0,0.0,0.0,865.5,0.0
0,490700,VOLCANIC_ROCK_VOUCHER_9500,868.0,10.0,0.0,0.0,0.0,0.0,869,10,0.0,0.0,0.0,0.0,868.5,0.0
0,490800,VOLCANIC_ROCK_VOUCHER_9500,868.0,19.0,0.0,0.0,0.0,0.0,869,19,0.0,0.0,0.0,0.0,868.5,0.0
0,490900,VOLCANIC_ROCK_VOUCHER_9500,870.0,12.0,0.0,0.0,0.0,0.0,871,12,0.0,0.0,0.0,0.0,870.5,0.0
0,491000,VOLCANIC_ROCK_VOUCHER_9500,866.0,14.0,0.0,0.0,0.0,0.0,867,14,0.0,0.0,0.0,0.0,866.5,0.0
0,491100,VOLCANIC_ROCK_VOUCHER_9500,865.0,13.0,0.0,0.0,0.0,0.0,867,13,0.0,0.0,0.0,0.0,866.0,0.0
0,491200,VOLCANIC_ROCK_VOUCHER_9500,864.0,21.0,0.0,0.0,0.0,0.0,865,21,0.0,0.0,0.0,0.0,864.5,0.0
0,491300,VOLCANIC_ROCK_VOUCHER_9500,861.0,18.0,0.0,0.0,0.0,0.0,863,18,0.0,0.0,0.0,0.0,862.0,0.0
0,491400,VOLCANIC_ROCK_VOUCHER_9500,861.0,17.0,0.0,0.0,0.0,0.0,862,17,0.0,0.0,0.0,0.0,861.5,0.0
0,491500,VOLCANIC_ROCK_VOUCHER_9500,0.0,0.0,0.0,0.0,0.0,0.0,861,4,862.0,11.0,0.0,0.0,861.0,0.0
0,491600,VOLCANIC_ROCK_VOUCHER_9500,861.0,19.0,0.0,0.0,0.0,0.0,862,19,0.0,0.0,0.0,0.0,861.5,0.0
0,491700,VOLCANIC_ROCK_VOUCHER_9500,861.0,12.0,0.0,0.0,0.0,0.0,862,12,0.0,0.0,0.0,0.0,861.5,0.0
0,491800,VOLCANIC_ROCK_VOUCHER_9500,862.0,17.0,0.0,0.0,0.0,0.0,863,17,0.0,0.0,0.0,0.0,862.5,0.0
0,491900,VOLCANIC_ROCK_VOUCHER_9500,864.0,10.0,0.0,0.0,0.0,0.0,865,10,0.0,0.0,0.0,0.0,864.5,0.0
0,492000,VOLCANIC_ROCK_VOUCHER_9500,863.0,11.0,0.0,0.0,0.0,0.0,864,11,0.0,0.0,0.0,0.0,863.5,0.0
0,492100,VOLCANIC_ROCK_VOUCHER_9500,860.0,14.0,0.0,0.0,0.0,0.0,861,14,0.0,0.0,0.0,0.0,860.5,0.0
0,492200,VOLCANIC_ROCK_VOUCHER_9500,860.0,17.0,0.0,0.0,0.0,0.0,862,17,0.0,0.0,0.0,0.0,861.0,0.0
0,492300,VOLCANIC_ROCK_VOUCHER_9500,863.0,20.0,0.0,0.0,0.0,0.0,864,20,0.0,0.0,0.0,0.0,863.5,0.0
0,492400,VOLCANIC_ROCK_VOUCHER_9500,862.0,14.0,0.0,0.0,0.0,0.0,863,14,0.0,0.0,0.0,0.0,862.5,0.0
0,492500,VOLCANIC_ROCK_VOUCHER_9500,0.0,0.0,0.0,0.0,0.0,0.0,863,1,864.0,12.0,0.0,0.0,863.0,0.0
0,492600,VOLCANIC_ROCK_VOUCHER_9500,862.0,18.0,0.0,0.0,0.0,0.0,863,18,0.0,0.0,0.0,0.0,862.5,0.0
0,492700,VOLCANIC_ROCK_VOUCHER_9500,860.0,21.0,0.0,0.0,0.0,0.0,861,21,0.0,0.0,0.0,0.0,860.5,0.0
0,492800,VOLCANIC_ROCK_VOUCHER_9500,860.0,18.0,0.0,0.0,0.0,0.0,861,18,0.0,0.0,0.0,0.0,860.5,0.0
0,492900,VOLCANIC_ROCK_VOUCHER_9500,860.0,15.0,0.0,0.0,0.0,0.0,861,15,0.0,0.0,0.0,0.0,860.5,0.0
0,493000,VOLCANIC_ROCK_VOUCHER_9500,0.0,0.0,0.0,0.0,0.0,0.0,861,2,862.0,15.0,0.0,0.0,861.0,0.0
0,493100,VOLCANIC_ROCK_VOUCHER_9500,860.0,14.0,0.0,0.0,0.0,0.0,861,14,0.0,0.0,0.0,0.0,860.5,0.0
0,493200,VOLCANIC_ROCK_VOUCHER_9500,862.0,15.0,0.0,0.0,0.0,0.0,864,15,0.0,0.0,0.0,0.0,863.0,0.0
0,493300,VOLCANIC_ROCK_VOUCHER_9500,860.0,20.0,0.0,0.0,0.0,0.0,862,20,0.0,0.0,0.0,0.0,861.0,0.0
0,493400,VOLCANIC_ROCK_VOUCHER_9500,859.0,12.0,0.0,0.0,0.0,0.0,861,12,0.0,0.0,0.0,0.0,860.0,0.0
0,493500,VOLCANIC_ROCK_VOUCHER_9500,859.0,17.0,0.0,0.0,0.0,0.0,860,17,0.0,0.0,0.0,0.0,859.5,0.0
0,493600,VOLCANIC_ROCK_VOUCHER_9500,854.0,18.0,0.0,0.0,0.0,0.0,855,18,0.0,0.0,0.0,0.0,854.5,0.0
0,493700,VOLCANIC_ROCK_VOUCHER_9500,854.0,20.0,0.0,0.0,0.0,0.0,855,20,0.0,0.0,0.0,0.0,854.5,0.0
0,493800,VOLCANIC_ROCK_VOUCHER_9500,853.0,17.0,852.0,11.0,0.0,0.0,854,11,0.0,0.0,0.0,0.0,853.5,0.0
0,493900,VOLCANIC_ROCK_VOUCHER_9500,852.0,20.0,0.0,0.0,0.0,0.0,854,20,0.0,0.0,0.0,0.0,853.0,0.0
0,494000,VOLCANIC_ROCK_VOUCHER_9500,850.0,13.0,0.0,0.0,0.0,0.0,851,13,0.0,0.0,0.0,0.0,850.5,0.0
0,494100,VOLCANIC_ROCK_VOUCHER_9500,853.0,19.0,0.0,0.0,0.0,0.0,854,19,0.0,0.0,0.0,0.0,853.5,0.0
0,494200,VOLCANIC_ROCK_VOUCHER_9500,852.0,2.0,0.0,0.0,0.0,0.0,853,14,0.0,0.0,0.0,0.0,852.5,0.0
0,494300,VOLCANIC_ROCK_VOUCHER_9500,852.0,20.0,0.0,0.0,0.0,0.0,853,20,0.0,0.0,0.0,0.0,852.5,0.0
0,494400,VOLCANIC_ROCK_VOUCHER_9500,853.0,2.0,852.0,13.0,0.0,0.0,854,15,0.0,0.0,0.0,0.0,853.5,0.0
0,494500,VOLCANIC_ROCK_VOUCHER_9500,852.0,21.0,0.0,0.0,0.0,0.0,853,21,0.0,0.0,0.0,0.0,852.5,0.0
0,494600,VOLCANIC_ROCK_VOUCHER_9500,852.0,12.0,0.0,0.0,0.0,0.0,854,12,0.0,0.0,0.0,0.0,853.0,0.0
0,494700,VOLCANIC_ROCK_VOUCHER_9500,852.0,20.0,0.0,0.0,0.0,0.0,853,20,0.0,0.0,0.0,0.0,852.5,0.0
0,494800,VOLCANIC_ROCK_VOUCHER_9500,851.0,19.0,0.0,0.0,0.0,0.0,852,19,0.0,0.0,0.0,0.0,851.5,0.0
0,494900,VOLCANIC_ROCK_VOUCHER_9500,854.0,13.0,0.0,0.0,0.0,0.0,855,13,0.0,0.0,0.0,0.0,854.5,0.0
0,495000,VOLCANIC_ROCK_VOUCHER_9500,852.0,12.0,0.0,0.0,0.0,0.0,853,12,0.0,0.0,0.0,0.0,852.5,0.0
0,495100,VOLCANIC_ROCK_VOUCHER_9500,853.0,15.0,0.0,0.0,0.0,0.0,854,15,0.0,0.0,0.0,0.0,853.5,0.0
0,495200,VOLCANIC_ROCK_VOUCHER_9500,855.0,21.0,0.0,0.0,0.0,0.0,856,21,0.0,0.0,0.0,0.0,855.5,0.0
0,495300,VOLCANIC_ROCK_VOUCHER_9500,855.0,10.0,0.0,0.0,0.0,0.0,856,10,0.0,0.0,0.0,0.0,855.5,0.0
0,495400,VOLCANIC_ROCK_VOUCHER_9500,854.0,21.0,0.0,0.0,0.0,0.0,855,21,0.0,0.0,0.0,0.0,854.5,0.0
0,495500,VOLCANIC_ROCK_VOUCHER_9500,858.0,12.0,0.0,0.0,0.0,0.0,859,12,0.0,0.0,0.0,0.0,858.5,0.0
0,495600,VOLCANIC_ROCK_VOUCHER_9500,864.0,15.0,0.0,0.0,0.0,0.0,865,15,0.0,0.0,0.0,0.0,864.5,0.0
0,495700,VOLCANIC_ROCK_VOUCHER_9500,869.0,20.0,0.0,0.0,0.0,0.0,870,20,0.0,0.0,0.0,0.0,869.5,0.0
0,495800,VOLCANIC_ROCK_VOUCHER_9500,867.0,13.0,0.0,0.0,0.0,0.0,869,13,0.0,0.0,0.0,0.0,868.0,0.0
0,495900,VOLCANIC_ROCK_VOUCHER_9500,864.0,12.0,0.0,0.0,0.0,0.0,865,12,0.0,0.0,0.0,0.0,864.5,0.0
0,496000,VOLCANIC_ROCK_VOUCHER_9500,860.0,18.0,0.0,0.0,0.0,0.0,861,18,0.0,0.0,0.0,0.0,860.5,0.0
0,496100,VOLCANIC_ROCK_VOUCHER_9500,857.0,15.0,0.0,0.0,0.0,0.0,858,15,0.0,0.0,0.0,0.0,857.5,0.0
0,496200,VOLCANIC_ROCK_VOUCHER_9500,856.0,22.0,0.0,0.0,0.0,0.0,857,22,0.0,0.0,0.0,0.0,856.5,0.0
0,496300,VOLCANIC_ROCK_VOUCHER_9500,862.0,16.0,0.0,0.0,0.0,0.0,863,16,0.0,0.0,0.0,0.0,862.5,0.0
0,496400,VOLCANIC_ROCK_VOUCHER_9500,859.0,18.0,0.0,0.0,0.0,0.0,860,18,0.0,0.0,0.0,0.0,859.5,0.0
0,496500,VOLCANIC_ROCK_VOUCHER_9500,861.0,20.0,0.0,0.0,0.0,0.0,862,20,0.0,0.0,0.0,0.0,861.5,0.0
0,496600,VOLCANIC_ROCK_VOUCHER_9500,860.0,20.0,0.0,0.0,0.0,0.0,861,20,0.0,0.0,0.0,0.0,860.5,0.0
0,496700,VOLCANIC_ROCK_VOUCHER_9500,861.0,19.0,0.0,0.0,0.0,0.0,862,19,0.0,0.0,0.0,0.0,861.5,0.0
0,496800,VOLCANIC_ROCK_VOUCHER_9500,861.0,19.0,0.0,0.0,0.0,0.0,862,19,0.0,0.0,0.0,0.0,861.5,0.0
0,496900,VOLCANIC_ROCK_VOUCHER_9500,859.0,14.0,0.0,0.0,0.0,0.0,860,14,0.0,0.0,0.0,0.0,859.5,0.0
0,497000,VOLCANIC_ROCK_VOUCHER_9500,858.0,16.0,0.0,0.0,0.0,0.0,859,16,0.0,0.0,0.0,0.0,858.5,0.0
0,497100,VOLCANIC_ROCK_VOUCHER_9500,857.0,13.0,0.0,0.0,0.0,0.0,859,13,0.0,0.0,0.0,0.0,858.0,0.0
0,497200,VOLCANIC_ROCK_VOUCHER_9500,861.0,20.0,0.0,0.0,0.0,0.0,862,20,0.0,0.0,0.0,0.0,861.5,0.0
0,497300,VOLCANIC_ROCK_VOUCHER_9500,862.0,11.0,0.0,0.0,0.0,0.0,863,11,0.0,0.0,0.0,0.0,862.5,0.0
0,497400,VOLCANIC_ROCK_VOUCHER_9500,859.0,13.0,0.0,0.0,0.0,0.0,860,13,0.0,0.0,0.0,0.0,859.5,0.0
0,497500,VOLCANIC_ROCK_VOUCHER_9500,860.0,19.0,0.0,0.0,0.0,0.0,861,19,0.0,0.0,0.0,0.0,860.5,0.0
0,497600,VOLCANIC_ROCK_VOUCHER_9500,862.0,21.0,0.0,0.0,0.0,0.0,863,21,0.0,0.0,0.0,0.0,862.5,0.0
0,497700,VOLCANIC_ROCK_VOUCHER_9500,861.0,14.0,0.0,0.0,0.0,0.0,862,14,0.0,0.0,0.0,0.0,861.5,0.0
0,497800,VOLCANIC_ROCK_VOUCHER_9500,859.0,13.0,0.0,0.0,0.0,0.0,860,13,0.0,0.0,0.0,0.0,859.5,0.0
0,497900,VOLCANIC_ROCK_VOUCHER_9500,860.0,22.0,0.0,0.0,0.0,0.0,861,22,0.0,0.0,0.0,0.0,860.5,0.0
0,498000,VOLCANIC_ROCK_VOUCHER_9500,861.0,16.0,0.0,0.0,0.0,0.0,862,16,0.0,0.0,0.0,0.0,861.5,0.0
0,498100,VOLCANIC_ROCK_VOUCHER_9500,861.0,11.0,0.0,0.0,0.0,0.0,862,11,0.0,0.0,0.0,0.0,861.5,0.0
0,498200,VOLCANIC_ROCK_VOUCHER_9500,860.0,14.0,0.0,0.0,0.0,0.0,861,14,0.0,0.0,0.0,0.0,860.5,0.0
0,498300,VOLCANIC_ROCK_VOUCHER_9500,859.0,17.0,0.0,0.0,0.0,0.0,860,17,0.0,0.0,0.0,0.0,859.5,0.0
0,498400,VOLCANIC_ROCK_VOUCHER_9500,869.0,12.0,0.0,0.0,0.0,0.0,870,12,0.0,0.0,0.0,0.0,869.5,0.0
0,498500,VOLCANIC_ROCK_VOUCHER_9500,869.0,35.0,0.0,0.0,0.0,0.0,870,15,0.0,0.0,0.0,0.0,869.5,0.0
0,498600,VOLCANIC_ROCK_VOUCHER_9500,867.0,13.0,0.0,0.0,0.0,0.0,868,13,0.0,0.0,0.0,0.0,867.5,0.0
0,498700,VOLCANIC_ROCK_VOUCHER_9500,868.0,19.0,0.0,0.0,0.0,0.0,870,19,0.0,0.0,0.0,0.0,869.0,0.0
0,498800,VOLCANIC_ROCK_VOUCHER_9500,873.0,17.0,0.0,0.0,0.0,0.0,875,17,0.0,0.0,0.0,0.0,874.0,0.0
0,498900,VOLCANIC_ROCK_VOUCHER_9500,873.0,12.0,0.0,0.0,0.0,0.0,874,20,875.0,12.0,0.0,0.0,873.5,0.0
0,499000,VOLCANIC_ROCK_VOUCHER_9500,874.0,14.0,0.0,0.0,0.0,0.0,875,14,0.0,0.0,0.0,0.0,874.5,0.0
0,499100,VOLCANIC_ROCK_VOUCHER_9500,874.0,16.0,0.0,0.0,0.0,0.0,876,16,0.0,0.0,0.0,0.0,875.0,0.0
0,499200,VOLCANIC_ROCK_VOUCHER_9500,875.0,17.0,0.0,0.0,0.0,0.0,876,17,0.0,0.0,0.0,0.0,875.5,0.0
0,499300,VOLCANIC_ROCK_VOUCHER_9500,875.0,14.0,0.0,0.0,0.0,0.0,876,14,0.0,0.0,0.0,0.0,875.5,0.0
0,499400,VOLCANIC_ROCK_VOUCHER_9500,876.0,13.0,0.0,0.0,0.0,0.0,877,13,0.0,0.0,0.0,0.0,876.5,0.0
0,499500,VOLCANIC_ROCK_VOUCHER_9500,875.0,21.0,0.0,0.0,0.0,0.0,877,21,0.0,0.0,0.0,0.0,876.0,0.0
0,499600,VOLCANIC_ROCK_VOUCHER_9500,871.0,16.0,0.0,0.0,0.0,0.0,873,16,0.0,0.0,0.0,0.0,872.0,0.0
0,499700,VOLCANIC_ROCK_VOUCHER_9500,874.0,17.0,0.0,0.0,0.0,0.0,875,17,0.0,0.0,0.0,0.0,874.5,0.0
0,499800,VOLCANIC_ROCK_VOUCHER_9500,874.0,21.0,0.0,0.0,0.0,0.0,875,21,0.0,0.0,0.0,0.0,874.5,0.0
0,499900,VOLCANIC_ROCK_VOUCHER_9500,874.0,18.0,0.0,0.0,0.0,0.0,875,18,0.0,0.0,0.0,0.0,874.5,0.0
0,500000,VOLCANIC_ROCK_VOUCHER_9500,874.0,13.0,0.0,0.0,0.0,0.0,875,13,0.0,0.0,0.0,0.0,874.5,0.0
0,500100,VOLCANIC_ROCK_VOUCHER_9500,874.0,19.0,0.0,0.0,0.0,0.0,876,19,0.0,0.0,0.0,0.0,875.0,0.0
0,500200,VOLCANIC_ROCK_VOUCHER_9500,877.0,11.0,0.0,0.0,0.0,0.0,878,11,0.0,0.0,0.0,0.0,877.5,0.0
0,500300,VOLCANIC_ROCK_VOUCHER_9500,875.0,16.0,0.0,0.0,0.0,0.0,876,16,0.0,0.0,0.0,0.0,875.5,0.0
0,500400,VOLCANIC_ROCK_VOUCHER_9500,876.0,12.0,0.0,0.0,0.0,0.0,877,12,0.0,0.0,0.0,0.0,876.5,0.0
0,500500,VOLCANIC_ROCK_VOUCHER_9500,879.0,13.0,0.0,0.0,0.0,0.0,880,13,0.0,0.0,0.0,0.0,879.5,0.0
0,500600,VOLCANIC_ROCK_VOUCHER_9500,879.0,12.0,0.0,0.0,0.0,0.0,880,12,0.0,0.0,0.0,0.0,879.5,0.0
0,500700,VOLCANIC_ROCK_VOUCHER_9500,881.0,20.0,0.0,0.0,0.0,0.0,882,20,0.0,0.0,0.0,0.0,881.5,0.0
0,500800,VOLCANIC_ROCK_VOUCHER_9500,883.0,13.0,0.0,0.0,0.0,0.0,884,13,0.0,0.0,0.0,0.0,883.5,0.0
0,500900,VOLCANIC_ROCK_VOUCHER_9500,881.0,11.0,0.0,0.0,0.0,0.0,883,11,0.0,0.0,0.0,0.0,882.0,0.0
0,501000,VOLCANIC_ROCK_VOUCHER_9500,881.0,31.0,0.0,0.0,0.0,0.0,882,13,0.0,0.0,0.0,0.0,881.5,0.0
0,501100,VOLCANIC_ROCK_VOUCHER_9500,879.0,17.0,0.0,0.0,0.0,0.0,880,17,0.0,0.0,0.0,0.0,879.5,0.0
0,501200,VOLCANIC_ROCK_VOUCHER_9500,879.0,21.0,0.0,0.0,0.0,0.0,880,21,0.0,0.0,0.0,0.0,879.5,0.0
0,501300,VOLCANIC_ROCK_VOUCHER_9500,880.0,10.0,0.0,0.0,0.0,0.0,881,10,0.0,0.0,0.0,0.0,880.5,0.0
0,501400,VOLCANIC_ROCK_VOUCHER_9500,881.0,19.0,0.0,0.0,0.0,0.0,882,19,0.0,0.0,0.0,0.0,881.5,0.0
0,501500,VOLCANIC_ROCK_VOUCHER_9500,879.0,21.0,0.0,0.0,0.0,0.0,880,1,881.0,20.0,0.0,0.0,879.5,0.0
0,501600,VOLCANIC_ROCK_VOUCHER_9500,878.0,20.0,0.0,0.0,0.0,0.0,879,20,0.0,0.0,0.0,0.0,878.5,0.0
0,501700,VOLCANIC_ROCK_VOUCHER_9500,879.0,19.0,0.0,0.0,0.0,0.0,881,19,0.0,0.0,0.0,0.0,880.0,0.0
0,501800,VOLCANIC_ROCK_VOUCHER_9500,881.0,15.0,0.0,0.0,0.0,0.0,882,15,0.0,0.0,0.0,0.0,881.5,0.0
0,501900,VOLCANIC_ROCK_VOUCHER_9500,880.0,11.0,0.0,0.0,0.0,0.0,881,11,0.0,0.0,0.0,0.0,880.5,0.0
0,502000,VOLCANIC_ROCK_VOUCHER_9500,878.0,15.0,0.0,0.0,0.0,0.0,879,15,0.0,0.0,0.0,0.0,878.5,0.0
0,502100,VOLCANIC_ROCK_VOUCHER_9500,878.0,16.0,0.0,0.0,0.0,0.0,879,2,880.0,14.0,0.0,0.0,878.5,0.0
0,502200,VOLCANIC_ROCK_VOUCHER_9500,876.0,14.0,0.0,0.0,0.0,0.0,877,14,0.0,0.0,0.0,0.0,876.5,0.0
0,502300,VOLCANIC_ROCK_VOUCHER_9500,879.0,19.0,0.0,0.0,0.0,0.0,880,19,0.0,0.0,0.0,0.0,879.5,0.0
0,502400,VOLCANIC_ROCK_VOUCHER_9500,875.0,22.0,0.0,0.0,0.0,0.0,877,22,0.0,0.0,0.0,0.0,876.0,0.0
0,502500,VOLCANIC_ROCK_VOUCHER_9500,876.0,14.0,0.0,0.0,0.0,0.0,877,14,0.0,0.0,0.0,0.0,876.5,0.0
0,502600,VOLCANIC_ROCK_VOUCHER_9500,877.0,15.0,0.0,0.0,0.0,0.0,878,15,0.0,0.0,0.0,0.0,877.5,0.0
0,502700,VOLCANIC_ROCK_VOUCHER_9500,877.0,20.0,0.0,0.0,0.0,0.0,878,20,0.0,0.0,0.0,0.0,877.5,0.0
0,502800,VOLCANIC_ROCK_VOUCHER_9500,877.0,13.0,0.0,0.0,0.0,0.0,878,13,0.0,0.0,0.0,0.0,877.5,0.0
0,502900,VOLCANIC_ROCK_VOUCHER_9500,877.0,15.0,0.0,0.0,0.0,0.0,878,15,0.0,0.0,0.0,0.0,877.5,0.0
0,503000,VOLCANIC_ROCK_VOUCHER_9500,874.0,12.0,0.0,0.0,0.0,0.0,875,12,0.0,0.0,0.0,0.0,874.5,0.0
0,503100,VOLCANIC_ROCK_VOUCHER_9500,876.0,20.0,0.0,0.0,0.0,0.0,877,20,0.0,0.0,0.0,0.0,876.5,0.0
0,503200,VOLCANIC_ROCK_VOUCHER_9500,875.0,18.0,0.0,0.0,0.0,0.0,876,18,0.0,0.0,0.0,0.0,875.5,0.0
0,503300,VOLCANIC_ROCK_VOUCHER_9500,876.0,18.0,0.0,0.0,0.0,0.0,877,18,0.0,0.0,0.0,0.0,876.5,0.0
0,503400,VOLCANIC_ROCK_VOUCHER_9500,877.0,14.0,0.0,0.0,0.0,0.0,878,14,0.0,0.0,0.0,0.0,877.5,0.0
0,503500,VOLCANIC_ROCK_VOUCHER_9500,876.0,10.0,0.0,0.0,0.0,0.0,878,10,0.0,0.0,0.0,0.0,877.0,0.0
0,503600,VOLCANIC_ROCK_VOUCHER_9500,876.0,19.0,0.0,0.0,0.0,0.0,877,19,0.0,0.0,0.0,0.0,876.5,0.0
0,503700,VOLCANIC_ROCK_VOUCHER_9500,0.0,0.0,0.0,0.0,0.0,0.0,874,4,875.0,15.0,0.0,0.0,874.0,0.0
0,503800,VOLCANIC_ROCK_VOUCHER_9500,873.0,18.0,0.0,0.0,0.0,0.0,875,18,0.0,0.0,0.0,0.0,874.0,0.0
0,503900,VOLCANIC_ROCK_VOUCHER_9500,874.0,6.0,0.0,0.0,0.0,0.0,875,19,0.0,0.0,0.0,0.0,874.5,0.0
0,504000,VOLCANIC_ROCK_VOUCHER_9500,875.0,4.0,0.0,0.0,0.0,0.0,876,15,0.0,0.0,0.0,0.0,875.5,0.0
0,504100,VOLCANIC_ROCK_VOUCHER_9500,875.0,19.0,0.0,0.0,0.0,0.0,876,19,0.0,0.0,0.0,0.0,875.5,0.0
0,504200,VOLCANIC_ROCK_VOUCHER_9500,870.0,11.0,0.0,0.0,0.0,0.0,871,11,0.0,0.0,0.0,0.0,870.5,0.0
0,504300,VOLCANIC_ROCK_VOUCHER_9500,869.0,18.0,0.0,0.0,0.0,0.0,870,18,0.0,0.0,0.0,0.0,869.5,0.0
0,504400,VOLCANIC_ROCK_VOUCHER_9500,865.0,13.0,0.0,0.0,0.0,0.0,866,13,0.0,0.0,0.0,0.0,865.5,0.0
0,504500,VOLCANIC_ROCK_VOUCHER_9500,869.0,22.0,0.0,0.0,0.0,0.0,870,22,0.0,0.0,0.0,0.0,869.5,0.0
0,504600,VOLCANIC_ROCK_VOUCHER_9500,870.0,14.0,0.0,0.0,0.0,0.0,871,14,0.0,0.0,0.0,0.0,870.5,0.0
0,504700,VOLCANIC_ROCK_VOUCHER_9500,873.0,19.0,0.0,0.0,0.0,0.0,875,19,0.0,0.0,0.0,0.0,874.0,0.0
0,504800,VOLCANIC_ROCK_VOUCHER_9500,872.0,18.0,0.0,0.0,0.0,0.0,873,18,0.0,0.0,0.0,0.0,872.5,0.0
0,504900,VOLCANIC_ROCK_VOUCHER_9500,873.0,18.0,0.0,0.0,0.0,0.0,874,18,0.0,0.0,0.0,0.0,873.5,0.0
0,505000,VOLCANIC_ROCK_VOUCHER_9500,872.0,19.0,0.0,0.0,0.0,0.0,873,19,0.0,0.0,0.0,0.0,872.5,0.0
0,505100,VOLCANIC_ROCK_VOUCHER_9500,867.0,15.0,0.0,0.0,0.0,0.0,868,15,0.0,0.0,0.0,0.0,867.5,0.0
0,505200,VOLCANIC_ROCK_VOUCHER_9500,869.0,35.0,0.0,0.0,0.0,0.0,870,17,0.0,0.0,0.0,0.0,869.5,0.0
0,505300,VOLCANIC_ROCK_VOUCHER_9500,871.0,12.0,0.0,0.0,0.0,0.0,872,12,0.0,0.0,0.0,0.0,871.5,0.0
0,505400,VOLCANIC_ROCK_VOUCHER_9500,871.0,15.0,0.0,0.0,0.0,0.0,872,15,0.0,0.0,0.0,0.0,871.5,0.0
0,505500,VOLCANIC_ROCK_VOUCHER_9500,877.0,12.0,0.0,0.0,0.0,0.0,878,12,0.0,0.0,0.0,0.0,877.5,0.0
0,505600,VOLCANIC_ROCK_VOUCHER_9500,877.0,12.0,0.0,0.0,0.0,0.0,878,12,0.0,0.0,0.0,0.0,877.5,0.0
0,505700,VOLCANIC_ROCK_VOUCHER_9500,875.0,21.0,0.0,0.0,0.0,0.0,876,21,0.0,0.0,0.0,0.0,875.5,0.0
0,505800,VOLCANIC_ROCK_VOUCHER_9500,876.0,14.0,0.0,0.0,0.0,0.0,877,14,0.0,0.0,0.0,0.0,876.5,0.0
0,505900,VOLCANIC_ROCK_VOUCHER_9500,877.0,1.0,0.0,0.0,0.0,0.0,878,21,0.0,0.0,0.0,0.0,877.5,0.0
0,506000,VOLCANIC_ROCK_VOUCHER_9500,878.0,14.0,0.0,0.0,0.0,0.0,879,14,0.0,0.0,0.0,0.0,878.5,0.0
0,506100,VOLCANIC_ROCK_VOUCHER_9500,881.0,13.0,0.0,0.0,0.0,0.0,882,13,0.0,0.0,0.0,0.0,881.5,0.0
0,506200,VOLCANIC_ROCK_VOUCHER_9500,881.0,17.0,0.0,0.0,0.0,0.0,882,17,0.0,0.0,0.0,0.0,881.5,0.0
0,506300,VOLCANIC_ROCK_VOUCHER_9500,882.0,16.0,0.0,0.0,0.0,0.0,883,16,0.0,0.0,0.0,0.0,882.5,0.0
0,506400,VOLCANIC_ROCK_VOUCHER_9500,881.0,12.0,0.0,0.0,0.0,0.0,882,12,0.0,0.0,0.0,0.0,881.5,0.0
0,506500,VOLCANIC_ROCK_VOUCHER_9500,881.0,17.0,0.0,0.0,0.0,0.0,882,17,0.0,0.0,0.0,0.0,881.5,0.0
0,506600,VOLCANIC_ROCK_VOUCHER_9500,879.0,18.0,0.0,0.0,0.0,0.0,880,18,0.0,0.0,0.0,0.0,879.5,0.0
0,506700,VOLCANIC_ROCK_VOUCHER_9500,878.0,20.0,0.0,0.0,0.0,0.0,879,20,0.0,0.0,0.0,0.0,878.5,0.0
0,506800,VOLCANIC_ROCK_VOUCHER_9500,881.0,13.0,0.0,0.0,0.0,0.0,882,13,0.0,0.0,0.0,0.0,881.5,0.0
0,506900,VOLCANIC_ROCK_VOUCHER_9500,878.0,13.0,0.0,0.0,0.0,0.0,879,1,880.0,12.0,0.0,0.0,878.5,0.0
0,507000,VOLCANIC_ROCK_VOUCHER_9500,880.0,18.0,0.0,0.0,0.0,0.0,881,18,0.0,0.0,0.0,0.0,880.5,0.0
0,507100,VOLCANIC_ROCK_VOUCHER_9500,881.0,20.0,0.0,0.0,0.0,0.0,882,20,0.0,0.0,0.0,0.0,881.5,0.0
0,507200,VOLCANIC_ROCK_VOUCHER_9500,880.0,17.0,0.0,0.0,0.0,0.0,881,17,0.0,0.0,0.0,0.0,880.5,0.0
0,507300,VOLCANIC_ROCK_VOUCHER_9500,876.0,17.0,0.0,0.0,0.0,0.0,877,17,0.0,0.0,0.0,0.0,876.5,0.0
0,507400,VOLCANIC_ROCK_VOUCHER_9500,875.0,19.0,0.0,0.0,0.0,0.0,876,19,0.0,0.0,0.0,0.0,875.5,0.0
0,507500,VOLCANIC_ROCK_VOUCHER_9500,872.0,15.0,0.0,0.0,0.0,0.0,873,1,874.0,14.0,0.0,0.0,872.5,0.0
0,507600,VOLCANIC_ROCK_VOUCHER_9500,870.0,15.0,0.0,0.0,0.0,0.0,871,15,0.0,0.0,0.0,0.0,870.5,0.0
0,507700,VOLCANIC_ROCK_VOUCHER_9500,869.0,20.0,0.0,0.0,0.0,0.0,870,20,0.0,0.0,0.0,0.0,869.5,0.0
0,507800,VOLCANIC_ROCK_VOUCHER_9500,869.0,14.0,0.0,0.0,0.0,0.0,870,15,871.0,14.0,0.0,0.0,869.5,0.0
0,507900,VOLCANIC_ROCK_VOUCHER_9500,871.0,13.0,0.0,0.0,0.0,0.0,872,13,0.0,0.0,0.0,0.0,871.5,0.0
0,508000,VOLCANIC_ROCK_VOUCHER_9500,868.0,25.0,0.0,0.0,0.0,0.0,869,13,0.0,0.0,0.0,0.0,868.5,0.0
0,508100,VOLCANIC_ROCK_VOUCHER_9500,868.0,10.0,0.0,0.0,0.0,0.0,869,10,0.0,0.0,0.0,0.0,868.5,0.0
0,508200,VOLCANIC_ROCK_VOUCHER_9500,867.0,14.0,0.0,0.0,0.0,0.0,868,14,0.0,0.0,0.0,0.0,867.5,0.0
0,508300,VOLCANIC_ROCK_VOUCHER_9500,869.0,21.0,0.0,0.0,0.0,0.0,870,21,0.0,0.0,0.0,0.0,869.5,0.0
0,508400,VOLCANIC_ROCK_VOUCHER_9500,872.0,11.0,0.0,0.0,0.0,0.0,873,11,0.0,0.0,0.0,0.0,872.5,0.0
0,508500,VOLCANIC_ROCK_VOUCHER_9500,870.0,18.0,0.0,0.0,0.0,0.0,871,18,0.0,0.0,0.0,0.0,870.5,0.0
0,508600,VOLCANIC_ROCK_VOUCHER_9500,871.0,15.0,0.0,0.0,0.0,0.0,872,15,0.0,0.0,0.0,0.0,871.5,0.0
0,508700,VOLCANIC_ROCK_VOUCHER_9500,873.0,19.0,0.0,0.0,0.0,0.0,874,19,0.0,0.0,0.0,0.0,873.5,0.0
0,508800,VOLCANIC_ROCK_VOUCHER_9500,871.0,13.0,0.0,0.0,0.0,0.0,873,13,0.0,0.0,0.0,0.0,872.0,0.0
0,508900,VOLCANIC_ROCK_VOUCHER_9500,872.0,19.0,0.0,0.0,0.0,0.0,873,19,0.0,0.0,0.0,0.0,872.5,0.0
0,509000,VOLCANIC_ROCK_VOUCHER_9500,871.0,22.0,0.0,0.0,0.0,0.0,872,22,0.0,0.0,0.0,0.0,871.5,0.0
0,509100,VOLCANIC_ROCK_VOUCHER_9500,870.0,12.0,0.0,0.0,0.0,0.0,871,12,0.0,0.0,0.0,0.0,870.5,0.0
0,509200,VOLCANIC_ROCK_VOUCHER_9500,870.0,12.0,0.0,0.0,0.0,0.0,871,12,0.0,0.0,0.0,0.0,870.5,0.0
0,509300,VOLCANIC_ROCK_VOUCHER_9500,870.0,13.0,0.0,0.0,0.0,0.0,871,13,0.0,0.0,0.0,0.0,870.5,0.0
0,509400,VOLCANIC_ROCK_VOUCHER_9500,873.0,15.0,0.0,0.0,0.0,0.0,874,15,0.0,0.0,0.0,0.0,873.5,0.0
0,509500,VOLCANIC_ROCK_VOUCHER_9500,873.0,7.0,0.0,0.0,0.0,0.0,874,18,0.0,0.0,0.0,0.0,873.5,0.0
0,509600,VOLCANIC_ROCK_VOUCHER_9500,871.0,14.0,0.0,0.0,0.0,0.0,873,14,0.0,0.0,0.0,0.0,872.0,0.0
0,509700,VOLCANIC_ROCK_VOUCHER_9500,872.0,21.0,0.0,0.0,0.0,0.0,873,21,0.0,0.0,0.0,0.0,872.5,0.0
0,509800,VOLCANIC_ROCK_VOUCHER_9500,875.0,21.0,0.0,0.0,0.0,0.0,876,21,0.0,0.0,0.0,0.0,875.5,0.0
0,509900,VOLCANIC_ROCK_VOUCHER_9500,872.0,19.0,0.0,0.0,0.0,0.0,873,19,0.0,0.0,0.0,0.0,872.5,0.0
0,510000,VOLCANIC_ROCK_VOUCHER_9500,871.0,1.0,870.0,16.0,0.0,0.0,872,17,0.0,0.0,0.0,0.0,871.5,0.0
0,510100,VOLCANIC_ROCK_VOUCHER_9500,870.0,10.0,0.0,0.0,0.0,0.0,872,10,0.0,0.0,0.0,0.0,871.0,0.0
0,510200,VOLCANIC_ROCK_VOUCHER_9500,873.0,19.0,0.0,0.0,0.0,0.0,874,19,0.0,0.0,0.0,0.0,873.5,0.0
0,510300,VOLCANIC_ROCK_VOUCHER_9500,873.0,11.0,0.0,0.0,0.0,0.0,874,11,0.0,0.0,0.0,0.0,873.5,0.0
0,510400,VOLCANIC_ROCK_VOUCHER_9500,874.0,3.0,0.0,0.0,0.0,0.0,875,16,0.0,0.0,0.0,0.0,874.5,0.0
0,510500,VOLCANIC_ROCK_VOUCHER_9500,874.0,12.0,0.0,0.0,0.0,0.0,875,12,0.0,0.0,0.0,0.0,874.5,0.0
0,510600,VOLCANIC_ROCK_VOUCHER_9500,873.0,20.0,0.0,0.0,0.0,0.0,874,20,0.0,0.0,0.0,0.0,873.5,0.0
0,510700,VOLCANIC_ROCK_VOUCHER_9500,874.0,22.0,0.0,0.0,0.0,0.0,875,22,0.0,0.0,0.0,0.0,874.5,0.0
0,510800,VOLCANIC_ROCK_VOUCHER_9500,876.0,12.0,0.0,0.0,0.0,0.0,877,12,0.0,0.0,0.0,0.0,876.5,0.0
0,510900,VOLCANIC_ROCK_VOUCHER_9500,876.0,22.0,0.0,0.0,0.0,0.0,877,22,0.0,0.0,0.0,0.0,876.5,0.0
0,511000,VOLCANIC_ROCK_VOUCHER_9500,877.0,17.0,0.0,0.0,0.0,0.0,878,17,0.0,0.0,0.0,0.0,877.5,0.0
0,511100,VOLCANIC_ROCK_VOUCHER_9500,877.0,20.0,0.0,0.0,0.0,0.0,878,20,0.0,0.0,0.0,0.0,877.5,0.0
0,511200,VOLCANIC_ROCK_VOUCHER_9500,879.0,15.0,0.0,0.0,0.0,0.0,880,15,0.0,0.0,0.0,0.0,879.5,0.0
0,511300,VOLCANIC_ROCK_VOUCHER_9500,880.0,20.0,0.0,0.0,0.0,0.0,881,20,0.0,0.0,0.0,0.0,880.5,0.0
0,511400,VOLCANIC_ROCK_VOUCHER_9500,878.0,13.0,0.0,0.0,0.0,0.0,879,13,0.0,0.0,0.0,0.0,878.5,0.0
0,511500,VOLCANIC_ROCK_VOUCHER_9500,878.0,15.0,0.0,0.0,0.0,0.0,879,15,0.0,0.0,0.0,0.0,878.5,0.0
0,511600,VOLCANIC_ROCK_VOUCHER_9500,883.0,17.0,0.0,0.0,0.0,0.0,885,17,0.0,0.0,0.0,0.0,884.0,0.0
0,511700,VOLCANIC_ROCK_VOUCHER_9500,886.0,15.0,0.0,0.0,0.0,0.0,887,15,0.0,0.0,0.0,0.0,886.5,0.0
0,511800,VOLCANIC_ROCK_VOUCHER_9500,886.0,17.0,0.0,0.0,0.0,0.0,887,17,0.0,0.0,0.0,0.0,886.5,0.0
0,511900,VOLCANIC_ROCK_VOUCHER_9500,886.0,20.0,0.0,0.0,0.0,0.0,887,20,0.0,0.0,0.0,0.0,886.5,0.0
0,512000,VOLCANIC_ROCK_VOUCHER_9500,887.0,25.0,0.0,0.0,0.0,0.0,888,14,0.0,0.0,0.0,0.0,887.5,0.0
0,512100,VOLCANIC_ROCK_VOUCHER_9500,889.0,12.0,0.0,0.0,0.0,0.0,890,12,0.0,0.0,0.0,0.0,889.5,0.0
0,512200,VOLCANIC_ROCK_VOUCHER_9500,888.0,17.0,0.0,0.0,0.0,0.0,890,17,0.0,0.0,0.0,0.0,889.0,0.0
0,512300,VOLCANIC_ROCK_VOUCHER_9500,890.0,12.0,0.0,0.0,0.0,0.0,891,12,0.0,0.0,0.0,0.0,890.5,0.0
0,512400,VOLCANIC_ROCK_VOUCHER_9500,890.0,13.0,0.0,0.0,0.0,0.0,891,13,0.0,0.0,0.0,0.0,890.5,0.0
0,512500,VOLCANIC_ROCK_VOUCHER_9500,893.0,20.0,0.0,0.0,0.0,0.0,894,20,0.0,0.0,0.0,0.0,893.5,0.0
0,512600,VOLCANIC_ROCK_VOUCHER_9500,894.0,18.0,0.0,0.0,0.0,0.0,895,18,0.0,0.0,0.0,0.0,894.5,0.0
0,512700,VOLCANIC_ROCK_VOUCHER_9500,893.0,12.0,0.0,0.0,0.0,0.0,894,12,0.0,0.0,0.0,0.0,893.5,0.0
0,512800,VOLCANIC_ROCK_VOUCHER_9500,894.0,18.0,0.0,0.0,0.0,0.0,895,18,0.0,0.0,0.0,0.0,894.5,0.0
0,512900,VOLCANIC_ROCK_VOUCHER_9500,891.0,20.0,0.0,0.0,0.0,0.0,892,20,0.0,0.0,0.0,0.0,891.5,0.0
0,513000,VOLCANIC_ROCK_VOUCHER_9500,893.0,16.0,0.0,0.0,0.0,0.0,895,16,0.0,0.0,0.0,0.0,894.0,0.0
0,513100,VOLCANIC_ROCK_VOUCHER_9500,898.0,20.0,0.0,0.0,0.0,0.0,899,20,0.0,0.0,0.0,0.0,898.5,0.0
0,513200,VOLCANIC_ROCK_VOUCHER_9500,898.0,13.0,0.0,0.0,0.0,0.0,899,13,0.0,0.0,0.0,0.0,898.5,0.0
0,513300,VOLCANIC_ROCK_VOUCHER_9500,0.0,0.0,0.0,0.0,0.0,0.0,900,4,901.0,15.0,0.0,0.0,900.0,0.0
0,513400,VOLCANIC_ROCK_VOUCHER_9500,895.0,15.0,0.0,0.0,0.0,0.0,896,15,0.0,0.0,0.0,0.0,895.5,0.0
0,513500,VOLCANIC_ROCK_VOUCHER_9500,893.0,21.0,0.0,0.0,0.0,0.0,894,21,0.0,0.0,0.0,0.0,893.5,0.0
0,513600,VOLCANIC_ROCK_VOUCHER_9500,894.0,29.0,0.0,0.0,0.0,0.0,895,16,0.0,0.0,0.0,0.0,894.5,0.0
0,513700,VOLCANIC_ROCK_VOUCHER_9500,895.0,12.0,0.0,0.0,0.0,0.0,896,12,0.0,0.0,0.0,0.0,895.5,0.0
0,513800,VOLCANIC_ROCK_VOUCHER_9500,894.0,13.0,0.0,0.0,0.0,0.0,895,13,0.0,0.0,0.0,0.0,894.5,0.0
0,513900,VOLCANIC_ROCK_VOUCHER_9500,895.0,19.0,0.0,0.0,0.0,0.0,896,19,0.0,0.0,0.0,0.0,895.5,0.0
0,514000,VOLCANIC_ROCK_VOUCHER_9500,897.0,2.0,0.0,0.0,0.0,0.0,898,21,0.0,0.0,0.0,0.0,897.5,0.0
0,514100,VOLCANIC_ROCK_VOUCHER_9500,898.0,14.0,0.0,0.0,0.0,0.0,899,14,0.0,0.0,0.0,0.0,898.5,0.0
0,514200,VOLCANIC_ROCK_VOUCHER_9500,904.0,20.0,0.0,0.0,0.0,0.0,906,20,0.0,0.0,0.0,0.0,905.0,0.0
0,514300,VOLCANIC_ROCK_VOUCHER_9500,902.0,15.0,0.0,0.0,0.0,0.0,903,15,0.0,0.0,0.0,0.0,902.5,0.0
0,514400,VOLCANIC_ROCK_VOUCHER_9500,902.0,15.0,0.0,0.0,0.0,0.0,903,15,0.0,0.0,0.0,0.0,902.5,0.0
0,514500,VOLCANIC_ROCK_VOUCHER_9500,904.0,18.0,0.0,0.0,0.0,0.0,905,18,0.0,0.0,0.0,0.0,904.5,0.0
0,514600,VOLCANIC_ROCK_VOUCHER_9500,908.0,11.0,0.0,0.0,0.0,0.0,909,11,0.0,0.0,0.0,0.0,908.5,0.0
0,514700,VOLCANIC_ROCK_VOUCHER_9500,908.0,20.0,0.0,0.0,0.0,0.0,909,20,0.0,0.0,0.0,0.0,908.5,0.0
0,514800,VOLCANIC_ROCK_VOUCHER_9500,909.0,17.0,0.0,0.0,0.0,0.0,911,17,0.0,0.0,0.0,0.0,910.0,0.0
0,514900,VOLCANIC_ROCK_VOUCHER_9500,911.0,17.0,0.0,0.0,0.0,0.0,913,17,0.0,0.0,0.0,0.0,912.0,0.0
0,515000,VOLCANIC_ROCK_VOUCHER_9500,907.0,20.0,0.0,0.0,0.0,0.0,908,20,0.0,0.0,0.0,0.0,907.5,0.0
0,515100,VOLCANIC_ROCK_VOUCHER_9500,910.0,27.0,0.0,0.0,0.0,0.0,911,13,0.0,0.0,0.0,0.0,910.5,0.0
0,515200,VOLCANIC_ROCK_VOUCHER_9500,912.0,29.0,0.0,0.0,0.0,0.0,913,17,0.0,0.0,0.0,0.0,912.5,0.0
0,515300,VOLCANIC_ROCK_VOUCHER_9500,915.0,15.0,0.0,0.0,0.0,0.0,916,15,0.0,0.0,0.0,0.0,915.5,0.0
0,515400,VOLCANIC_ROCK_VOUCHER_9500,914.0,10.0,0.0,0.0,0.0,0.0,915,10,0.0,0.0,0.0,0.0,914.5,0.0
0,515500,VOLCANIC_ROCK_VOUCHER_9500,913.0,11.0,0.0,0.0,0.0,0.0,914,11,0.0,0.0,0.0,0.0,913.5,0.0
0,515600,VOLCANIC_ROCK_VOUCHER_9500,912.0,13.0,0.0,0.0,0.0,0.0,913,13,0.0,0.0,0.0,0.0,912.5,0.0
0,515700,VOLCANIC_ROCK_VOUCHER_9500,911.0,19.0,0.0,0.0,0.0,0.0,912,19,0.0,0.0,0.0,0.0,911.5,0.0
0,515800,VOLCANIC_ROCK_VOUCHER_9500,910.0,19.0,0.0,0.0,0.0,0.0,911,19,0.0,0.0,0.0,0.0,910.5,0.0
0,515900,VOLCANIC_ROCK_VOUCHER_9500,910.0,10.0,0.0,0.0,0.0,0.0,911,10,0.0,0.0,0.0,0.0,910.5,0.0
0,516000,VOLCANIC_ROCK_VOUCHER_9500,911.0,12.0,0.0,0.0,0.0,0.0,912,12,0.0,0.0,0.0,0.0,911.5,0.0
0,516100,VOLCANIC_ROCK_VOUCHER_9500,911.0,16.0,0.0,0.0,0.0,0.0,912,16,0.0,0.0,0.0,0.0,911.5,0.0
0,516200,VOLCANIC_ROCK_VOUCHER_9500,909.0,20.0,0.0,0.0,0.0,0.0,910,20,0.0,0.0,0.0,0.0,909.5,0.0
0,516300,VOLCANIC_ROCK_VOUCHER_9500,906.0,11.0,0.0,0.0,0.0,0.0,907,11,0.0,0.0,0.0,0.0,906.5,0.0
0,516400,VOLCANIC_ROCK_VOUCHER_9500,907.0,19.0,0.0,0.0,0.0,0.0,908,19,0.0,0.0,0.0,0.0,907.5,0.0
0,516500,VOLCANIC_ROCK_VOUCHER_9500,910.0,13.0,0.0,0.0,0.0,0.0,911,13,0.0,0.0,0.0,0.0,910.5,0.0
0,516600,VOLCANIC_ROCK_VOUCHER_9500,911.0,11.0,0.0,0.0,0.0,0.0,912,11,0.0,0.0,0.0,0.0,911.5,0.0
0,516700,VOLCANIC_ROCK_VOUCHER_9500,911.0,15.0,0.0,0.0,0.0,0.0,913,15,0.0,0.0,0.0,0.0,912.0,0.0
0,516800,VOLCANIC_ROCK_VOUCHER_9500,913.0,10.0,0.0,0.0,0.0,0.0,915,10,0.0,0.0,0.0,0.0,914.0,0.0
0,516900,VOLCANIC_ROCK_VOUCHER_9500,910.0,16.0,0.0,0.0,0.0,0.0,911,16,0.0,0.0,0.0,0.0,910.5,0.0
0,517000,VOLCANIC_ROCK_VOUCHER_9500,910.0,21.0,0.0,0.0,0.0,0.0,911,21,0.0,0.0,0.0,0.0,910.5,0.0
0,517100,VOLCANIC_ROCK_VOUCHER_9500,910.0,18.0,0.0,0.0,0.0,0.0,911,18,0.0,0.0,0.0,0.0,910.5,0.0
0,517200,VOLCANIC_ROCK_VOUCHER_9500,909.0,15.0,0.0,0.0,0.0,0.0,910,15,0.0,0.0,0.0,0.0,909.5,0.0
0,517300,VOLCANIC_ROCK_VOUCHER_9500,907.0,13.0,0.0,0.0,0.0,0.0,909,13,0.0,0.0,0.0,0.0,908.0,0.0
0,517400,VOLCANIC_ROCK_VOUCHER_9500,908.0,19.0,0.0,0.0,0.0,0.0,910,19,0.0,0.0,0.0,0.0,909.0,0.0
0,517500,VOLCANIC_ROCK_VOUCHER_9500,910.0,13.0,0.0,0.0,0.0,0.0,911,13,0.0,0.0,0.0,0.0,910.5,0.0
0,517600,VOLCANIC_ROCK_VOUCHER_9500,906.0,14.0,0.0,0.0,0.0,0.0,907,14,0.0,0.0,0.0,0.0,906.5,0.0
0,517700,VOLCANIC_ROCK_VOUCHER_9500,907.0,14.0,0.0,0.0,0.0,0.0,908,14,0.0,0.0,0.0,0.0,907.5,0.0
0,517800,VOLCANIC_ROCK_VOUCHER_9500,910.0,15.0,0.0,0.0,0.0,0.0,911,15,0.0,0.0,0.0,0.0,910.5,0.0
0,517900,VOLCANIC_ROCK_VOUCHER_9500,909.0,18.0,0.0,0.0,0.0,0.0,910,18,0.0,0.0,0.0,0.0,909.5,0.0
0,518000,VOLCANIC_ROCK_VOUCHER_9500,907.0,14.0,0.0,0.0,0.0,0.0,908,14,0.0,0.0,0.0,0.0,907.5,0.0
0,518100,VOLCANIC_ROCK_VOUCHER_9500,909.0,12.0,0.0,0.0,0.0,0.0,910,12,0.0,0.0,0.0,0.0,909.5,0.0
0,518200,VOLCANIC_ROCK_VOUCHER_9500,909.0,10.0,0.0,0.0,0.0,0.0,910,10,0.0,0.0,0.0,0.0,909.5,0.0
0,518300,VOLCANIC_ROCK_VOUCHER_9500,909.0,14.0,0.0,0.0,0.0,0.0,910,14,0.0,0.0,0.0,0.0,909.5,0.0
0,518400,VOLCANIC_ROCK_VOUCHER_9500,911.0,14.0,0.0,0.0,0.0,0.0,912,15,913.0,14.0,0.0,0.0,911.5,0.0
0,518500,VOLCANIC_ROCK_VOUCHER_9500,917.0,15.0,0.0,0.0,0.0,0.0,918,15,0.0,0.0,0.0,0.0,917.5,0.0
0,518600,VOLCANIC_ROCK_VOUCHER_9500,922.0,16.0,0.0,0.0,0.0,0.0,923,16,0.0,0.0,0.0,0.0,922.5,0.0
0,518700,VOLCANIC_ROCK_VOUCHER_9500,936.0,2.0,0.0,0.0,0.0,0.0,937,13,0.0,0.0,0.0,0.0,936.5,0.0
0,518800,VOLCANIC_ROCK_VOUCHER_9500,937.0,16.0,0.0,0.0,0.0,0.0,938,16,0.0,0.0,0.0,0.0,937.5,0.0
0,518900,VOLCANIC_ROCK_VOUCHER_9500,939.0,18.0,0.0,0.0,0.0,0.0,940,18,0.0,0.0,0.0,0.0,939.5,0.0
0,519000,VOLCANIC_ROCK_VOUCHER_9500,935.0,20.0,0.0,0.0,0.0,0.0,936,20,0.0,0.0,0.0,0.0,935.5,0.0
0,519100,VOLCANIC_ROCK_VOUCHER_9500,937.0,13.0,0.0,0.0,0.0,0.0,938,13,0.0,0.0,0.0,0.0,937.5,0.0
0,519200,VOLCANIC_ROCK_VOUCHER_9500,943.0,16.0,0.0,0.0,0.0,0.0,944,16,0.0,0.0,0.0,0.0,943.5,0.0
0,519300,VOLCANIC_ROCK_VOUCHER_9500,943.0,11.0,0.0,0.0,0.0,0.0,944,11,0.0,0.0,0.0,0.0,943.5,0.0
0,519400,VOLCANIC_ROCK_VOUCHER_9500,951.0,19.0,0.0,0.0,0.0,0.0,952,19,0.0,0.0,0.0,0.0,951.5,0.0
0,519500,VOLCANIC_ROCK_VOUCHER_9500,952.0,14.0,0.0,0.0,0.0,0.0,953,14,0.0,0.0,0.0,0.0,952.5,0.0
0,519600,VOLCANIC_ROCK_VOUCHER_9500,951.0,12.0,0.0,0.0,0.0,0.0,952,12,0.0,0.0,0.0,0.0,951.5,0.0
0,519700,VOLCANIC_ROCK_VOUCHER_9500,953.0,4.0,0.0,0.0,0.0,0.0,954,16,0.0,0.0,0.0,0.0,953.5,0.0
0,519800,VOLCANIC_ROCK_VOUCHER_9500,952.0,18.0,0.0,0.0,0.0,0.0,953,18,0.0,0.0,0.0,0.0,952.5,0.0
0,519900,VOLCANIC_ROCK_VOUCHER_9500,941.0,13.0,0.0,0.0,0.0,0.0,942,13,0.0,0.0,0.0,0.0,941.5,0.0
0,520000,VOLCANIC_ROCK_VOUCHER_9500,945.0,21.0,0.0,0.0,0.0,0.0,946,21,0.0,0.0,0.0,0.0,945.5,0.0
0,520100,VOLCANIC_ROCK_VOUCHER_9500,944.0,17.0,0.0,0.0,0.0,0.0,945,17,0.0,0.0,0.0,0.0,944.5,0.0
0,520200,VOLCANIC_ROCK_VOUCHER_9500,948.0,16.0,0.0,0.0,0.0,0.0,949,16,0.0,0.0,0.0,0.0,948.5,0.0
0,520300,VOLCANIC_ROCK_VOUCHER_9500,949.0,14.0,0.0,0.0,0.0,0.0,951,14,0.0,0.0,0.0,0.0,950.0,0.0
0,520400,VOLCANIC_ROCK_VOUCHER_9500,945.0,15.0,0.0,0.0,0.0,0.0,946,15,0.0,0.0,0.0,0.0,945.5,0.0
0,520500,VOLCANIC_ROCK_VOUCHER_9500,948.0,21.0,0.0,0.0,0.0,0.0,949,21,0.0,0.0,0.0,0.0,948.5,0.0
0,520600,VOLCANIC_ROCK_VOUCHER_9500,949.0,14.0,0.0,0.0,0.0,0.0,950,14,0.0,0.0,0.0,0.0,949.5,0.0
0,520700,VOLCANIC_ROCK_VOUCHER_9500,954.0,16.0,0.0,0.0,0.0,0.0,955,16,0.0,0.0,0.0,0.0,954.5,0.0
0,520800,VOLCANIC_ROCK_VOUCHER_9500,950.0,15.0,0.0,0.0,0.0,0.0,951,15,0.0,0.0,0.0,0.0,950.5,0.0
0,520900,VOLCANIC_ROCK_VOUCHER_9500,947.0,20.0,0.0,0.0,0.0,0.0,948,20,0.0,0.0,0.0,0.0,947.5,0.0
0,521000,VOLCANIC_ROCK_VOUCHER_9500,950.0,2.0,949.0,15.0,0.0,0.0,951,17,0.0,0.0,0.0,0.0,950.5,0.0
0,521100,VOLCANIC_ROCK_VOUCHER_9500,948.0,19.0,0.0,0.0,0.0,0.0,949,19,0.0,0.0,0.0,0.0,948.5,0.0
0,521200,VOLCANIC_ROCK_VOUCHER_9500,952.0,12.0,0.0,0.0,0.0,0.0,953,12,0.0,0.0,0.0,0.0,952.5,0.0
0,521300,VOLCANIC_ROCK_VOUCHER_9500,950.0,14.0,0.0,0.0,0.0,0.0,951,14,0.0,0.0,0.0,0.0,950.5,0.0
0,521400,VOLCANIC_ROCK_VOUCHER_9500,950.0,12.0,0.0,0.0,0.0,0.0,951,12,0.0,0.0,0.0,0.0,950.5,0.0
0,521500,VOLCANIC_ROCK_VOUCHER_9500,951.0,14.0,0.0,0.0,0.0,0.0,952,14,0.0,0.0,0.0,0.0,951.5,0.0
0,521600,VOLCANIC_ROCK_VOUCHER_9500,949.0,8.0,0.0,0.0,0.0,0.0,950,21,0.0,0.0,0.0,0.0,949.5,0.0
0,521700,VOLCANIC_ROCK_VOUCHER_9500,952.0,20.0,0.0,0.0,0.0,0.0,954,20,0.0,0.0,0.0,0.0,953.0,0.0
0,521800,VOLCANIC_ROCK_VOUCHER_9500,954.0,12.0,0.0,0.0,0.0,0.0,955,12,0.0,0.0,0.0,0.0,954.5,0.0
0,521900,VOLCANIC_ROCK_VOUCHER_9500,953.0,21.0,0.0,0.0,0.0,0.0,954,21,0.0,0.0,0.0,0.0,953.5,0.0
0,522000,VOLCANIC_ROCK_VOUCHER_9500,954.0,20.0,0.0,0.0,0.0,0.0,955,20,0.0,0.0,0.0,0.0,954.5,0.0
0,522100,VOLCANIC_ROCK_VOUCHER_9500,957.0,15.0,0.0,0.0,0.0,0.0,958,15,0.0,0.0,0.0,0.0,957.5,0.0
0,522200,VOLCANIC_ROCK_VOUCHER_9500,956.0,16.0,0.0,0.0,0.0,0.0,957,16,0.0,0.0,0.0,0.0,956.5,0.0
0,522300,VOLCANIC_ROCK_VOUCHER_9500,960.0,22.0,0.0,0.0,0.0,0.0,961,22,0.0,0.0,0.0,0.0,960.5,0.0
0,522400,VOLCANIC_ROCK_VOUCHER_9500,961.0,13.0,0.0,0.0,0.0,0.0,962,13,0.0,0.0,0.0,0.0,961.5,0.0
0,522500,VOLCANIC_ROCK_VOUCHER_9500,958.0,15.0,0.0,0.0,0.0,0.0,959,15,0.0,0.0,0.0,0.0,958.5,0.0
0,522600,VOLCANIC_ROCK_VOUCHER_9500,954.0,12.0,0.0,0.0,0.0,0.0,955,12,0.0,0.0,0.0,0.0,954.5,0.0
0,522700,VOLCANIC_ROCK_VOUCHER_9500,953.0,1.0,0.0,0.0,0.0,0.0,955,16,0.0,0.0,0.0,0.0,954.0,0.0
0,522800,VOLCANIC_ROCK_VOUCHER_9500,956.0,18.0,0.0,0.0,0.0,0.0,957,18,0.0,0.0,0.0,0.0,956.5,0.0
0,522900,VOLCANIC_ROCK_VOUCHER_9500,954.0,12.0,0.0,0.0,0.0,0.0,955,12,0.0,0.0,0.0,0.0,954.5,0.0
0,523000,VOLCANIC_ROCK_VOUCHER_9500,950.0,12.0,0.0,0.0,0.0,0.0,952,12,0.0,0.0,0.0,0.0,951.0,0.0
0,523100,VOLCANIC_ROCK_VOUCHER_9500,950.0,15.0,0.0,0.0,0.0,0.0,951,15,0.0,0.0,0.0,0.0,950.5,0.0
0,523200,VOLCANIC_ROCK_VOUCHER_9500,949.0,16.0,0.0,0.0,0.0,0.0,951,16,0.0,0.0,0.0,0.0,950.0,0.0
0,523300,VOLCANIC_ROCK_VOUCHER_9500,944.0,11.0,0.0,0.0,0.0,0.0,945,11,0.0,0.0,0.0,0.0,944.5,0.0
0,523400,VOLCANIC_ROCK_VOUCHER_9500,943.0,18.0,0.0,0.0,0.0,0.0,944,18,0.0,0.0,0.0,0.0,943.5,0.0
0,523500,VOLCANIC_ROCK_VOUCHER_9500,947.0,18.0,0.0,0.0,0.0,0.0,948,18,0.0,0.0,0.0,0.0,947.5,0.0
0,523600,VOLCANIC_ROCK_VOUCHER_9500,945.0,2.0,0.0,0.0,0.0,0.0,946,14,0.0,0.0,0.0,0.0,945.5,0.0
0,523700,VOLCANIC_ROCK_VOUCHER_9500,948.0,12.0,0.0,0.0,0.0,0.0,949,12,0.0,0.0,0.0,0.0,948.5,0.0
0,523800,VOLCANIC_ROCK_VOUCHER_9500,946.0,11.0,0.0,0.0,0.0,0.0,948,11,0.0,0.0,0.0,0.0,947.0,0.0
0,523900,VOLCANIC_ROCK_VOUCHER_9500,943.0,12.0,0.0,0.0,0.0,0.0,944,12,0.0,0.0,0.0,0.0,943.5,0.0
0,524000,VOLCANIC_ROCK_VOUCHER_9500,944.0,24.0,0.0,0.0,0.0,0.0,945,13,0.0,0.0,0.0,0.0,944.5,0.0
0,524100,VOLCANIC_ROCK_VOUCHER_9500,0.0,0.0,0.0,0.0,0.0,0.0,942,3,943.0,12.0,0.0,0.0,942.0,0.0
0,524200,VOLCANIC_ROCK_VOUCHER_9500,938.0,12.0,0.0,0.0,0.0,0.0,939,12,0.0,0.0,0.0,0.0,938.5,0.0
0,524300,VOLCANIC_ROCK_VOUCHER_9500,938.0,12.0,0.0,0.0,0.0,0.0,939,12,0.0,0.0,0.0,0.0,938.5,0.0
0,524400,VOLCANIC_ROCK_VOUCHER_9500,938.0,11.0,0.0,0.0,0.0,0.0,939,11,0.0,0.0,0.0,0.0,938.5,0.0
0,524500,VOLCANIC_ROCK_VOUCHER_9500,942.0,15.0,0.0,0.0,0.0,0.0,943,15,0.0,0.0,0.0,0.0,942.5,0.0
0,524600,VOLCANIC_ROCK_VOUCHER_9500,941.0,31.0,0.0,0.0,0.0,0.0,942,21,0.0,0.0,0.0,0.0,941.5,0.0
0,524700,VOLCANIC_ROCK_VOUCHER_9500,943.0,32.0,0.0,0.0,0.0,0.0,944,12,0.0,0.0,0.0,0.0,943.5,0.0
0,524800,VOLCANIC_ROCK_VOUCHER_9500,939.0,18.0,0.0,0.0,0.0,0.0,940,18,0.0,0.0,0.0,0.0,939.5,0.0
0,524900,VOLCANIC_ROCK_VOUCHER_9500,940.0,15.0,0.0,0.0,0.0,0.0,941,15,0.0,0.0,0.0,0.0,940.5,0.0
0,525000,VOLCANIC_ROCK_VOUCHER_9500,935.0,19.0,0.0,0.0,0.0,0.0,936,19,0.0,0.0,0.0,0.0,935.5,0.0
0,525100,VOLCANIC_ROCK_VOUCHER_9500,935.0,22.0,0.0,0.0,0.0,0.0,936,22,0.0,0.0,0.0,0.0,935.5,0.0
0,525200,VOLCANIC_ROCK_VOUCHER_9500,934.0,12.0,0.0,0.0,0.0,0.0,935,12,0.0,0.0,0.0,0.0,934.5,0.0
0,525300,VOLCANIC_ROCK_VOUCHER_9500,941.0,29.0,0.0,0.0,0.0,0.0,942,16,0.0,0.0,0.0,0.0,941.5,0.0
0,525400,VOLCANIC_ROCK_VOUCHER_9500,942.0,35.0,0.0,0.0,0.0,0.0,943,17,0.0,0.0,0.0,0.0,942.5,0.0
0,525500,VOLCANIC_ROCK_VOUCHER_9500,946.0,12.0,0.0,0.0,0.0,0.0,948,12,0.0,0.0,0.0,0.0,947.0,0.0
0,525600,VOLCANIC_ROCK_VOUCHER_9500,948.0,19.0,0.0,0.0,0.0,0.0,949,19,0.0,0.0,0.0,0.0,948.5,0.0
0,525700,VOLCANIC_ROCK_VOUCHER_9500,948.0,21.0,0.0,0.0,0.0,0.0,949,21,0.0,0.0,0.0,0.0,948.5,0.0
0,525800,VOLCANIC_ROCK_VOUCHER_9500,948.0,15.0,0.0,0.0,0.0,0.0,949,15,0.0,0.0,0.0,0.0,948.5,0.0
0,525900,VOLCANIC_ROCK_VOUCHER_9500,944.0,22.0,0.0,0.0,0.0,0.0,945,15,0.0,0.0,0.0,0.0,944.5,0.0
0,526000,VOLCANIC_ROCK_VOUCHER_9500,942.0,11.0,0.0,0.0,0.0,0.0,943,11,0.0,0.0,0.0,0.0,942.5,0.0
0,526100,VOLCANIC_ROCK_VOUCHER_9500,941.0,14.0,0.0,0.0,0.0,0.0,942,14,0.0,0.0,0.0,0.0,941.5,0.0
0,526200,VOLCANIC_ROCK_VOUCHER_9500,941.0,19.0,0.0,0.0,0.0,0.0,942,19,0.0,0.0,0.0,0.0,941.5,0.0
0,526300,VOLCANIC_ROCK_VOUCHER_9500,946.0,13.0,0.0,0.0,0.0,0.0,947,13,0.0,0.0,0.0,0.0,946.5,0.0
0,526400,VOLCANIC_ROCK_VOUCHER_9500,948.0,16.0,0.0,0.0,0.0,0.0,949,16,0.0,0.0,0.0,0.0,948.5,0.0
0,526500,VOLCANIC_ROCK_VOUCHER_9500,948.0,22.0,0.0,0.0,0.0,0.0,949,22,0.0,0.0,0.0,0.0,948.5,0.0
0,526600,VOLCANIC_ROCK_VOUCHER_9500,946.0,21.0,0.0,0.0,0.0,0.0,947,21,0.0,0.0,0.0,0.0,946.5,0.0
0,526700,VOLCANIC_ROCK_VOUCHER_9500,947.0,20.0,0.0,0.0,0.0,0.0,949,20,0.0,0.0,0.0,0.0,948.0,0.0
0,526800,VOLCANIC_ROCK_VOUCHER_9500,946.0,18.0,0.0,0.0,0.0,0.0,947,18,0.0,0.0,0.0,0.0,946.5,0.0
0,526900,VOLCANIC_ROCK_VOUCHER_9500,945.0,18.0,0.0,0.0,0.0,0.0,946,18,0.0,0.0,0.0,0.0,945.5,0.0
0,527000,VOLCANIC_ROCK_VOUCHER_9500,944.0,18.0,0.0,0.0,0.0,0.0,945,18,0.0,0.0,0.0,0.0,944.5,0.0
0,527100,VOLCANIC_ROCK_VOUCHER_9500,944.0,2.0,0.0,0.0,0.0,0.0,946,15,0.0,0.0,0.0,0.0,945.0,0.0
0,527200,VOLCANIC_ROCK_VOUCHER_9500,945.0,18.0,0.0,0.0,0.0,0.0,946,18,0.0,0.0,0.0,0.0,945.5,0.0
0,527300,VOLCANIC_ROCK_VOUCHER_9500,944.0,11.0,0.0,0.0,0.0,0.0,945,11,0.0,0.0,0.0,0.0,944.5,0.0
0,527400,VOLCANIC_ROCK_VOUCHER_9500,944.0,21.0,0.0,0.0,0.0,0.0,945,21,0.0,0.0,0.0,0.0,944.5,0.0
0,527500,VOLCANIC_ROCK_VOUCHER_9500,944.0,11.0,0.0,0.0,0.0,0.0,945,11,0.0,0.0,0.0,0.0,944.5,0.0
0,527600,VOLCANIC_ROCK_VOUCHER_9500,942.0,10.0,0.0,0.0,0.0,0.0,943,10,0.0,0.0,0.0,0.0,942.5,0.0
0,527700,VOLCANIC_ROCK_VOUCHER_9500,945.0,30.0,0.0,0.0,0.0,0.0,946,14,0.0,0.0,0.0,0.0,945.5,0.0
0,527800,VOLCANIC_ROCK_VOUCHER_9500,946.0,19.0,0.0,0.0,0.0,0.0,947,19,0.0,0.0,0.0,0.0,946.5,0.0
0,527900,VOLCANIC_ROCK_VOUCHER_9500,945.0,19.0,0.0,0.0,0.0,0.0,946,19,0.0,0.0,0.0,0.0,945.5,0.0
0,528000,VOLCANIC_ROCK_VOUCHER_9500,948.0,15.0,0.0,0.0,0.0,0.0,949,15,0.0,0.0,0.0,0.0,948.5,0.0
0,528100,VOLCANIC_ROCK_VOUCHER_9500,947.0,15.0,0.0,0.0,0.0,0.0,948,15,0.0,0.0,0.0,0.0,947.5,0.0
0,528200,VOLCANIC_ROCK_VOUCHER_9500,945.0,30.0,0.0,0.0,0.0,0.0,947,16,0.0,0.0,0.0,0.0,946.0,0.0
0,528300,VOLCANIC_ROCK_VOUCHER_9500,948.0,18.0,0.0,0.0,0.0,0.0,949,18,0.0,0.0,0.0,0.0,948.5,0.0
0,528400,VOLCANIC_ROCK_VOUCHER_9500,948.0,19.0,0.0,0.0,0.0,0.0,949,19,0.0,0.0,0.0,0.0,948.5,0.0
0,528500,VOLCANIC_ROCK_VOUCHER_9500,952.0,16.0,0.0,0.0,0.0,0.0,953,2,954.0,14.0,0.0,0.0,952.5,0.0
0,528600,VOLCANIC_ROCK_VOUCHER_9500,951.0,3.0,0.0,0.0,0.0,0.0,952,21,0.0,0.0,0.0,0.0,951.5,0.0
0,528700,VOLCANIC_ROCK_VOUCHER_9500,955.0,17.0,0.0,0.0,0.0,0.0,956,17,0.0,0.0,0.0,0.0,955.5,0.0
0,528800,VOLCANIC_ROCK_VOUCHER_9500,957.0,10.0,0.0,0.0,0.0,0.0,958,10,0.0,0.0,0.0,0.0,957.5,0.0
0,528900,VOLCANIC_ROCK_VOUCHER_9500,964.0,27.0,0.0,0.0,0.0,0.0,965,17,0.0,0.0,0.0,0.0,964.5,0.0
0,529000,VOLCANIC_ROCK_VOUCHER_9500,961.0,11.0,0.0,0.0,0.0,0.0,963,11,0.0,0.0,0.0,0.0,962.0,0.0
0,529100,VOLCANIC_ROCK_VOUCHER_9500,960.0,20.0,0.0,0.0,0.0,0.0,961,20,0.0,0.0,0.0,0.0,960.5,0.0
0,529200,VOLCANIC_ROCK_VOUCHER_9500,965.0,21.0,0.0,0.0,0.0,0.0,966,21,0.0,0.0,0.0,0.0,965.5,0.0
0,529300,VOLCANIC_ROCK_VOUCHER_9500,971.0,18.0,0.0,0.0,0.0,0.0,972,18,0.0,0.0,0.0,0.0,971.5,0.0
0,529400,VOLCANIC_ROCK_VOUCHER_9500,970.0,30.0,0.0,0.0,0.0,0.0,971,12,0.0,0.0,0.0,0.0,970.5,0.0
0,529500,VOLCANIC_ROCK_VOUCHER_9500,972.0,12.0,0.0,0.0,0.0,0.0,973,12,0.0,0.0,0.0,0.0,972.5,0.0
0,529600,VOLCANIC_ROCK_VOUCHER_9500,974.0,21.0,0.0,0.0,0.0,0.0,975,21,0.0,0.0,0.0,0.0,974.5,0.0
0,529700,VOLCANIC_ROCK_VOUCHER_9500,973.0,21.0,0.0,0.0,0.0,0.0,975,21,0.0,0.0,0.0,0.0,974.0,0.0
0,529800,VOLCANIC_ROCK_VOUCHER_9500,979.0,21.0,0.0,0.0,0.0,0.0,980,21,0.0,0.0,0.0,0.0,979.5,0.0
0,529900,VOLCANIC_ROCK_VOUCHER_9500,0.0,0.0,0.0,0.0,0.0,0.0,979,3,980.0,15.0,0.0,0.0,979.0,0.0
0,530000,VOLCANIC_ROCK_VOUCHER_9500,975.0,16.0,0.0,0.0,0.0,0.0,976,16,0.0,0.0,0.0,0.0,975.5,0.0
0,530100,VOLCANIC_ROCK_VOUCHER_9500,978.0,18.0,0.0,0.0,0.0,0.0,980,18,0.0,0.0,0.0,0.0,979.0,0.0
0,530200,VOLCANIC_ROCK_VOUCHER_9500,979.0,17.0,0.0,0.0,0.0,0.0,980,17,0.0,0.0,0.0,0.0,979.5,0.0
0,530300,VOLCANIC_ROCK_VOUCHER_9500,979.0,14.0,0.0,0.0,0.0,0.0,980,14,0.0,0.0,0.0,0.0,979.5,0.0
0,530400,VOLCANIC_ROCK_VOUCHER_9500,981.0,20.0,0.0,0.0,0.0,0.0,982,20,0.0,0.0,0.0,0.0,981.5,0.0
0,530500,VOLCANIC_ROCK_VOUCHER_9500,989.0,10.0,0.0,0.0,0.0,0.0,990,10,0.0,0.0,0.0,0.0,989.5,0.0
0,530600,VOLCANIC_ROCK_VOUCHER_9500,985.0,19.0,0.0,0.0,0.0,0.0,987,19,0.0,0.0,0.0,0.0,986.0,0.0
0,530700,VOLCANIC_ROCK_VOUCHER_9500,984.0,19.0,0.0,0.0,0.0,0.0,985,19,0.0,0.0,0.0,0.0,984.5,0.0
0,530800,VOLCANIC_ROCK_VOUCHER_9500,985.0,10.0,984.0,12.0,0.0,0.0,986,12,0.0,0.0,0.0,0.0,985.5,0.0
0,530900,VOLCANIC_ROCK_VOUCHER_9500,985.0,16.0,0.0,0.0,0.0,0.0,987,16,0.0,0.0,0.0,0.0,986.0,0.0
0,531000,VOLCANIC_ROCK_VOUCHER_9500,986.0,16.0,0.0,0.0,0.0,0.0,987,16,0.0,0.0,0.0,0.0,986.5,0.0
0,531100,VOLCANIC_ROCK_VOUCHER_9500,985.0,18.0,0.0,0.0,0.0,0.0,986,18,0.0,0.0,0.0,0.0,985.5,0.0
0,531200,VOLCANIC_ROCK_VOUCHER_9500,980.0,16.0,0.0,0.0,0.0,0.0,982,16,0.0,0.0,0.0,0.0,981.0,0.0
0,531300,VOLCANIC_ROCK_VOUCHER_9500,980.0,17.0,0.0,0.0,0.0,0.0,981,17,0.0,0.0,0.0,0.0,980.5,0.0
0,531400,VOLCANIC_ROCK_VOUCHER_9500,973.0,13.0,0.0,0.0,0.0,0.0,974,13,0.0,0.0,0.0,0.0,973.5,0.0
0,531500,VOLCANIC_ROCK_VOUCHER_9500,975.0,4.0,0.0,0.0,0.0,0.0,976,16,0.0,0.0,0.0,0.0,975.5,0.0
0,531600,VOLCANIC_ROCK_VOUCHER_9500,975.0,22.0,0.0,0.0,0.0,0.0,976,22,0.0,0.0,0.0,0.0,975.5,0.0
0,531700,VOLCANIC_ROCK_VOUCHER_9500,974.0,20.0,0.0,0.0,0.0,0.0,976,20,0.0,0.0,0.0,0.0,975.0,0.0
0,531800,VOLCANIC_ROCK_VOUCHER_9500,970.0,16.0,0.0,0.0,0.0,0.0,971,16,0.0,0.0,0.0,0.0,970.5,0.0
0,531900,VOLCANIC_ROCK_VOUCHER_9500,970.0,12.0,0.0,0.0,0.0,0.0,972,12,0.0,0.0,0.0,0.0,971.0,0.0
0,532000,VOLCANIC_ROCK_VOUCHER_9500,972.0,15.0,0.0,0.0,0.0,0.0,973,15,0.0,0.0,0.0,0.0,972.5,0.0
0,532100,VOLCANIC_ROCK_VOUCHER_9500,967.0,20.0,0.0,0.0,0.0,0.0,968,20,0.0,0.0,0.0,0.0,967.5,0.0
0,532200,VOLCANIC_ROCK_VOUCHER_9500,964.0,14.0,0.0,0.0,0.0,0.0,965,14,0.0,0.0,0.0,0.0,964.5,0.0
0,532300,VOLCANIC_ROCK_VOUCHER_9500,964.0,14.0,0.0,0.0,0.0,0.0,965,14,0.0,0.0,0.0,0.0,964.5,0.0
0,532400,VOLCANIC_ROCK_VOUCHER_9500,962.0,16.0,0.0,0.0,0.0,0.0,963,16,0.0,0.0,0.0,0.0,962.5,0.0
0,532500,VOLCANIC_ROCK_VOUCHER_9500,962.0,10.0,0.0,0.0,0.0,0.0,963,10,0.0,0.0,0.0,0.0,962.5,0.0
0,532600,VOLCANIC_ROCK_VOUCHER_9500,963.0,17.0,0.0,0.0,0.0,0.0,964,17,0.0,0.0,0.0,0.0,963.5,0.0
0,532700,VOLCANIC_ROCK_VOUCHER_9500,962.0,20.0,0.0,0.0,0.0,0.0,964,20,0.0,0.0,0.0,0.0,963.0,0.0
0,532800,VOLCANIC_ROCK_VOUCHER_9500,964.0,15.0,0.0,0.0,0.0,0.0,965,15,0.0,0.0,0.0,0.0,964.5,0.0
0,532900,VOLCANIC_ROCK_VOUCHER_9500,966.0,18.0,0.0,0.0,0.0,0.0,967,18,0.0,0.0,0.0,0.0,966.5,0.0
0,533000,VOLCANIC_ROCK_VOUCHER_9500,964.0,22.0,0.0,0.0,0.0,0.0,966,22,0.0,0.0,0.0,0.0,965.0,0.0
0,533100,VOLCANIC_ROCK_VOUCHER_9500,965.0,18.0,0.0,0.0,0.0,0.0,966,18,0.0,0.0,0.0,0.0,965.5,0.0
0,533200,VOLCANIC_ROCK_VOUCHER_9500,964.0,3.0,0.0,0.0,0.0,0.0,965,13,0.0,0.0,0.0,0.0,964.5,0.0
0,533300,VOLCANIC_ROCK_VOUCHER_9500,966.0,18.0,0.0,0.0,0.0,0.0,967,1,968.0,17.0,0.0,0.0,966.5,0.0
0,533400,VOLCANIC_ROCK_VOUCHER_9500,969.0,16.0,0.0,0.0,0.0,0.0,970,16,0.0,0.0,0.0,0.0,969.5,0.0
0,533500,VOLCANIC_ROCK_VOUCHER_9500,971.0,14.0,0.0,0.0,0.0,0.0,972,14,0.0,0.0,0.0,0.0,971.5,0.0
0,533600,VOLCANIC_ROCK_VOUCHER_9500,967.0,17.0,0.0,0.0,0.0,0.0,968,17,0.0,0.0,0.0,0.0,967.5,0.0
0,533700,VOLCANIC_ROCK_VOUCHER_9500,967.0,21.0,0.0,0.0,0.0,0.0,968,21,0.0,0.0,0.0,0.0,967.5,0.0
0,533800,VOLCANIC_ROCK_VOUCHER_9500,967.0,18.0,0.0,0.0,0.0,0.0,968,18,0.0,0.0,0.0,0.0,967.5,0.0
0,533900,VOLCANIC_ROCK_VOUCHER_9500,966.0,13.0,0.0,0.0,0.0,0.0,967,13,0.0,0.0,0.0,0.0,966.5,0.0
0,534000,VOLCANIC_ROCK_VOUCHER_9500,967.0,27.0,0.0,0.0,0.0,0.0,968,15,0.0,0.0,0.0,0.0,967.5,0.0
0,534100,VOLCANIC_ROCK_VOUCHER_9500,967.0,14.0,0.0,0.0,0.0,0.0,968,14,0.0,0.0,0.0,0.0,967.5,0.0
0,534200,VOLCANIC_ROCK_VOUCHER_9500,968.0,11.0,0.0,0.0,0.0,0.0,969,11,0.0,0.0,0.0,0.0,968.5,0.0
0,534300,VOLCANIC_ROCK_VOUCHER_9500,966.0,22.0,0.0,0.0,0.0,0.0,967,22,0.0,0.0,0.0,0.0,966.5,0.0
0,534400,VOLCANIC_ROCK_VOUCHER_9500,966.0,7.0,0.0,0.0,0.0,0.0,967,21,0.0,0.0,0.0,0.0,966.5,0.0
0,534500,VOLCANIC_ROCK_VOUCHER_9500,966.0,13.0,0.0,0.0,0.0,0.0,967,13,0.0,0.0,0.0,0.0,966.5,0.0
0,534600,VOLCANIC_ROCK_VOUCHER_9500,965.0,13.0,0.0,0.0,0.0,0.0,966,13,0.0,0.0,0.0,0.0,965.5,0.0
0,534700,VOLCANIC_ROCK_VOUCHER_9500,963.0,19.0,0.0,0.0,0.0,0.0,964,19,0.0,0.0,0.0,0.0,963.5,0.0
0,534800,VOLCANIC_ROCK_VOUCHER_9500,965.0,16.0,0.0,0.0,0.0,0.0,966,16,0.0,0.0,0.0,0.0,965.5,0.0
0,534900,VOLCANIC_ROCK_VOUCHER_9500,959.0,17.0,0.0,0.0,0.0,0.0,960,17,0.0,0.0,0.0,0.0,959.5,0.0
0,535000,VOLCANIC_ROCK_VOUCHER_9500,961.0,21.0,0.0,0.0,0.0,0.0,962,21,0.0,0.0,0.0,0.0,961.5,0.0
0,535100,VOLCANIC_ROCK_VOUCHER_9500,956.0,13.0,0.0,0.0,0.0,0.0,958,13,0.0,0.0,0.0,0.0,957.0,0.0
0,535200,VOLCANIC_ROCK_VOUCHER_9500,953.0,20.0,0.0,0.0,0.0,0.0,954,20,0.0,0.0,0.0,0.0,953.5,0.0
0,535300,VOLCANIC_ROCK_VOUCHER_9500,954.0,11.0,0.0,0.0,0.0,0.0,955,11,0.0,0.0,0.0,0.0,954.5,0.0
0,535400,VOLCANIC_ROCK_VOUCHER_9500,950.0,19.0,0.0,0.0,0.0,0.0,951,19,0.0,0.0,0.0,0.0,950.5,0.0
0,535500,VOLCANIC_ROCK_VOUCHER_9500,951.0,16.0,0.0,0.0,0.0,0.0,952,16,0.0,0.0,0.0,0.0,951.5,0.0
0,535600,VOLCANIC_ROCK_VOUCHER_9500,950.0,11.0,0.0,0.0,0.0,0.0,951,11,0.0,0.0,0.0,0.0,950.5,0.0
0,535700,VOLCANIC_ROCK_VOUCHER_9500,952.0,14.0,0.0,0.0,0.0,0.0,953,14,0.0,0.0,0.0,0.0,952.5,0.0
0,535800,VOLCANIC_ROCK_VOUCHER_9500,955.0,14.0,0.0,0.0,0.0,0.0,956,14,0.0,0.0,0.0,0.0,955.5,0.0
0,535900,VOLCANIC_ROCK_VOUCHER_9500,957.0,18.0,0.0,0.0,0.0,0.0,958,18,0.0,0.0,0.0,0.0,957.5,0.0
0,536000,VOLCANIC_ROCK_VOUCHER_9500,955.0,17.0,0.0,0.0,0.0,0.0,956,17,0.0,0.0,0.0,0.0,955.5,0.0
0,536100,VOLCANIC_ROCK_VOUCHER_9500,955.0,17.0,0.0,0.0,0.0,0.0,956,17,0.0,0.0,0.0,0.0,955.5,0.0
0,536200,VOLCANIC_ROCK_VOUCHER_9500,953.0,12.0,0.0,0.0,0.0,0.0,954,2,955.0,10.0,0.0,0.0,953.5,0.0
0,536300,VOLCANIC_ROCK_VOUCHER_9500,953.0,11.0,0.0,0.0,0.0,0.0,955,11,0.0,0.0,0.0,0.0,954.0,0.0
0,536400,VOLCANIC_ROCK_VOUCHER_9500,954.0,16.0,0.0,0.0,0.0,0.0,955,16,0.0,0.0,0.0,0.0,954.5,0.0
0,536500,VOLCANIC_ROCK_VOUCHER_9500,950.0,3.0,0.0,0.0,0.0,0.0,951,15,0.0,0.0,0.0,0.0,950.5,0.0
0,536600,VOLCANIC_ROCK_VOUCHER_9500,950.0,18.0,0.0,0.0,0.0,0.0,951,18,0.0,0.0,0.0,0.0,950.5,0.0
0,536700,VOLCANIC_ROCK_VOUCHER_9500,952.0,13.0,0.0,0.0,0.0,0.0,953,13,0.0,0.0,0.0,0.0,952.5,0.0
0,536800,VOLCANIC_ROCK_VOUCHER_9500,949.0,18.0,0.0,0.0,0.0,0.0,950,18,0.0,0.0,0.0,0.0,949.5,0.0
0,536900,VOLCANIC_ROCK_VOUCHER_9500,951.0,20.0,0.0,0.0,0.0,0.0,952,20,0.0,0.0,0.0,0.0,951.5,0.0
0,537000,VOLCANIC_ROCK_VOUCHER_9500,951.0,16.0,0.0,0.0,0.0,0.0,953,16,0.0,0.0,0.0,0.0,952.0,0.0
0,537100,VOLCANIC_ROCK_VOUCHER_9500,0.0,0.0,0.0,0.0,0.0,0.0,953,7,954.0,13.0,0.0,0.0,953.0,0.0
0,537200,VOLCANIC_ROCK_VOUCHER_9500,954.0,20.0,0.0,0.0,0.0,0.0,955,20,0.0,0.0,0.0,0.0,954.5,0.0
0,537300,VOLCANIC_ROCK_VOUCHER_9500,957.0,19.0,0.0,0.0,0.0,0.0,958,19,0.0,0.0,0.0,0.0,957.5,0.0
0,537400,VOLCANIC_ROCK_VOUCHER_9500,955.0,18.0,0.0,0.0,0.0,0.0,957,18,0.0,0.0,0.0,0.0,956.0,0.0
0,537500,VOLCANIC_ROCK_VOUCHER_9500,956.0,20.0,0.0,0.0,0.0,0.0,957,20,0.0,0.0,0.0,0.0,956.5,0.0
0,537600,VOLCANIC_ROCK_VOUCHER_9500,956.0,16.0,0.0,0.0,0.0,0.0,957,16,0.0,0.0,0.0,0.0,956.5,0.0
0,537700,VOLCANIC_ROCK_VOUCHER_9500,955.0,17.0,0.0,0.0,0.0,0.0,956,17,0.0,0.0,0.0,0.0,955.5,0.0
0,537800,VOLCANIC_ROCK_VOUCHER_9500,954.0,12.0,0.0,0.0,0.0,0.0,955,12,0.0,0.0,0.0,0.0,954.5,0.0
0,537900,VOLCANIC_ROCK_VOUCHER_9500,953.0,13.0,0.0,0.0,0.0,0.0,954,13,0.0,0.0,0.0,0.0,953.5,0.0
0,538000,VOLCANIC_ROCK_VOUCHER_9500,960.0,20.0,0.0,0.0,0.0,0.0,961,20,0.0,0.0,0.0,0.0,960.5,0.0
0,538100,VOLCANIC_ROCK_VOUCHER_9500,962.0,17.0,0.0,0.0,0.0,0.0,963,17,0.0,0.0,0.0,0.0,962.5,0.0
0,538200,VOLCANIC_ROCK_VOUCHER_9500,962.0,15.0,0.0,0.0,0.0,0.0,963,15,0.0,0.0,0.0,0.0,962.5,0.0
0,538300,VOLCANIC_ROCK_VOUCHER_9500,962.0,10.0,0.0,0.0,0.0,0.0,963,10,0.0,0.0,0.0,0.0,962.5,0.0
0,538400,VOLCANIC_ROCK_VOUCHER_9500,961.0,20.0,0.0,0.0,0.0,0.0,962,20,0.0,0.0,0.0,0.0,961.5,0.0
0,538500,VOLCANIC_ROCK_VOUCHER_9500,964.0,18.0,0.0,0.0,0.0,0.0,965,18,0.0,0.0,0.0,0.0,964.5,0.0
0,538600,VOLCANIC_ROCK_VOUCHER_9500,966.0,12.0,0.0,0.0,0.0,0.0,967,12,0.0,0.0,0.0,0.0,966.5,0.0
0,538700,VOLCANIC_ROCK_VOUCHER_9500,967.0,15.0,0.0,0.0,0.0,0.0,968,2,969.0,13.0,0.0,0.0,967.5,0.0
0,538800,VOLCANIC_ROCK_VOUCHER_9500,970.0,13.0,0.0,0.0,0.0,0.0,972,13,0.0,0.0,0.0,0.0,971.0,0.0
0,538900,VOLCANIC_ROCK_VOUCHER_9500,971.0,22.0,0.0,0.0,0.0,0.0,972,22,0.0,0.0,0.0,0.0,971.5,0.0
0,539000,VOLCANIC_ROCK_VOUCHER_9500,972.0,18.0,0.0,0.0,0.0,0.0,973,18,0.0,0.0,0.0,0.0,972.5,0.0
0,539100,VOLCANIC_ROCK_VOUCHER_9500,970.0,22.0,0.0,0.0,0.0,0.0,971,22,0.0,0.0,0.0,0.0,970.5,0.0
0,539200,VOLCANIC_ROCK_VOUCHER_9500,970.0,14.0,0.0,0.0,0.0,0.0,972,14,0.0,0.0,0.0,0.0,971.0,0.0
0,539300,VOLCANIC_ROCK_VOUCHER_9500,973.0,10.0,0.0,0.0,0.0,0.0,974,10,0.0,0.0,0.0,0.0,973.5,0.0
0,539400,VOLCANIC_ROCK_VOUCHER_9500,974.0,11.0,0.0,0.0,0.0,0.0,975,11,0.0,0.0,0.0,0.0,974.5,0.0
0,539500,VOLCANIC_ROCK_VOUCHER_9500,972.0,19.0,0.0,0.0,0.0,0.0,973,19,0.0,0.0,0.0,0.0,972.5,0.0
0,539600,VOLCANIC_ROCK_VOUCHER_9500,973.0,20.0,0.0,0.0,0.0,0.0,974,20,0.0,0.0,0.0,0.0,973.5,0.0
0,539700,VOLCANIC_ROCK_VOUCHER_9500,970.0,13.0,0.0,0.0,0.0,0.0,971,13,0.0,0.0,0.0,0.0,970.5,0.0
0,539800,VOLCANIC_ROCK_VOUCHER_9500,975.0,13.0,0.0,0.0,0.0,0.0,976,13,0.0,0.0,0.0,0.0,975.5,0.0
0,539900,VOLCANIC_ROCK_VOUCHER_9500,975.0,17.0,0.0,0.0,0.0,0.0,976,17,0.0,0.0,0.0,0.0,975.5,0.0
0,540000,VOLCANIC_ROCK_VOUCHER_9500,975.0,18.0,0.0,0.0,0.0,0.0,977,18,0.0,0.0,0.0,0.0,976.0,0.0
0,540100,VOLCANIC_ROCK_VOUCHER_9500,974.0,18.0,0.0,0.0,0.0,0.0,975,18,0.0,0.0,0.0,0.0,974.5,0.0
0,540200,VOLCANIC_ROCK_VOUCHER_9500,977.0,16.0,0.0,0.0,0.0,0.0,978,16,0.0,0.0,0.0,0.0,977.5,0.0
0,540300,VOLCANIC_ROCK_VOUCHER_9500,981.0,17.0,0.0,0.0,0.0,0.0,982,17,0.0,0.0,0.0,0.0,981.5,0.0
0,540400,VOLCANIC_ROCK_VOUCHER_9500,982.0,14.0,0.0,0.0,0.0,0.0,983,14,0.0,0.0,0.0,0.0,982.5,0.0
0,540500,VOLCANIC_ROCK_VOUCHER_9500,987.0,18.0,0.0,0.0,0.0,0.0,988,18,0.0,0.0,0.0,0.0,987.5,0.0
0,540600,VOLCANIC_ROCK_VOUCHER_9500,988.0,21.0,0.0,0.0,0.0,0.0,989,21,0.0,0.0,0.0,0.0,988.5,0.0
0,540700,VOLCANIC_ROCK_VOUCHER_9500,984.0,29.0,0.0,0.0,0.0,0.0,985,15,0.0,0.0,0.0,0.0,984.5,0.0
0,540800,VOLCANIC_ROCK_VOUCHER_9500,984.0,21.0,0.0,0.0,0.0,0.0,985,21,0.0,0.0,0.0,0.0,984.5,0.0
0,540900,VOLCANIC_ROCK_VOUCHER_9500,982.0,16.0,0.0,0.0,0.0,0.0,983,16,0.0,0.0,0.0,0.0,982.5,0.0
0,541000,VOLCANIC_ROCK_VOUCHER_9500,980.0,21.0,0.0,0.0,0.0,0.0,981,21,0.0,0.0,0.0,0.0,980.5,0.0
0,541100,VOLCANIC_ROCK_VOUCHER_9500,975.0,18.0,0.0,0.0,0.0,0.0,976,11,0.0,0.0,0.0,0.0,975.5,0.0
0,541200,VOLCANIC_ROCK_VOUCHER_9500,974.0,21.0,0.0,0.0,0.0,0.0,975,21,0.0,0.0,0.0,0.0,974.5,0.0
0,541300,VOLCANIC_ROCK_VOUCHER_9500,979.0,19.0,0.0,0.0,0.0,0.0,980,19,0.0,0.0,0.0,0.0,979.5,0.0
0,541400,VOLCANIC_ROCK_VOUCHER_9500,981.0,14.0,0.0,0.0,0.0,0.0,982,14,0.0,0.0,0.0,0.0,981.5,0.0
0,541500,VOLCANIC_ROCK_VOUCHER_9500,982.0,15.0,0.0,0.0,0.0,0.0,983,15,0.0,0.0,0.0,0.0,982.5,0.0
0,541600,VOLCANIC_ROCK_VOUCHER_9500,979.0,31.0,0.0,0.0,0.0,0.0,980,20,0.0,0.0,0.0,0.0,979.5,0.0
0,541700,VOLCANIC_ROCK_VOUCHER_9500,976.0,17.0,0.0,0.0,0.0,0.0,977,17,0.0,0.0,0.0,0.0,976.5,0.0
0,541800,VOLCANIC_ROCK_VOUCHER_9500,977.0,33.0,0.0,0.0,0.0,0.0,978,20,0.0,0.0,0.0,0.0,977.5,0.0
0,541900,VOLCANIC_ROCK_VOUCHER_9500,978.0,11.0,0.0,0.0,0.0,0.0,979,11,0.0,0.0,0.0,0.0,978.5,0.0
0,542000,VOLCANIC_ROCK_VOUCHER_9500,977.0,11.0,0.0,0.0,0.0,0.0,978,11,0.0,0.0,0.0,0.0,977.5,0.0
0,542100,VOLCANIC_ROCK_VOUCHER_9500,972.0,12.0,0.0,0.0,0.0,0.0,973,12,0.0,0.0,0.0,0.0,972.5,0.0
0,542200,VOLCANIC_ROCK_VOUCHER_9500,968.0,11.0,0.0,0.0,0.0,0.0,969,11,0.0,0.0,0.0,0.0,968.5,0.0
0,542300,VOLCANIC_ROCK_VOUCHER_9500,967.0,14.0,0.0,0.0,0.0,0.0,968,14,0.0,0.0,0.0,0.0,967.5,0.0
0,542400,VOLCANIC_ROCK_VOUCHER_9500,966.0,19.0,0.0,0.0,0.0,0.0,967,19,0.0,0.0,0.0,0.0,966.5,0.0
0,542500,VOLCANIC_ROCK_VOUCHER_9500,968.0,33.0,0.0,0.0,0.0,0.0,969,18,0.0,0.0,0.0,0.0,968.5,0.0
0,542600,VOLCANIC_ROCK_VOUCHER_9500,969.0,15.0,968.0,16.0,0.0,0.0,970,16,0.0,0.0,0.0,0.0,969.5,0.0
0,542700,VOLCANIC_ROCK_VOUCHER_9500,971.0,12.0,0.0,0.0,0.0,0.0,972,12,0.0,0.0,0.0,0.0,971.5,0.0
0,542800,VOLCANIC_ROCK_VOUCHER_9500,974.0,21.0,0.0,0.0,0.0,0.0,975,21,0.0,0.0,0.0,0.0,974.5,0.0
0,542900,VOLCANIC_ROCK_VOUCHER_9500,975.0,11.0,0.0,0.0,0.0,0.0,976,11,0.0,0.0,0.0,0.0,975.5,0.0
0,543000,VOLCANIC_ROCK_VOUCHER_9500,970.0,11.0,0.0,0.0,0.0,0.0,971,11,0.0,0.0,0.0,0.0,970.5,0.0
0,543100,VOLCANIC_ROCK_VOUCHER_9500,970.0,15.0,0.0,0.0,0.0,0.0,972,15,0.0,0.0,0.0,0.0,971.0,0.0
0,543200,VOLCANIC_ROCK_VOUCHER_9500,973.0,22.0,0.0,0.0,0.0,0.0,974,22,0.0,0.0,0.0,0.0,973.5,0.0
0,543300,VOLCANIC_ROCK_VOUCHER_9500,975.0,10.0,0.0,0.0,0.0,0.0,976,10,0.0,0.0,0.0,0.0,975.5,0.0
0,543400,VOLCANIC_ROCK_VOUCHER_9500,974.0,12.0,0.0,0.0,0.0,0.0,975,12,0.0,0.0,0.0,0.0,974.5,0.0
0,543500,VOLCANIC_ROCK_VOUCHER_9500,976.0,10.0,0.0,0.0,0.0,0.0,977,10,0.0,0.0,0.0,0.0,976.5,0.0
0,543600,VOLCANIC_ROCK_VOUCHER_9500,977.0,16.0,0.0,0.0,0.0,0.0,978,16,0.0,0.0,0.0,0.0,977.5,0.0
0,543700,VOLCANIC_ROCK_VOUCHER_9500,977.0,17.0,0.0,0.0,0.0,0.0,978,17,0.0,0.0,0.0,0.0,977.5,0.0
0,543800,VOLCANIC_ROCK_VOUCHER_9500,976.0,20.0,0.0,0.0,0.0,0.0,977,20,0.0,0.0,0.0,0.0,976.5,0.0
0,543900,VOLCANIC_ROCK_VOUCHER_9500,971.0,18.0,0.0,0.0,0.0,0.0,972,18,0.0,0.0,0.0,0.0,971.5,0.0
0,544000,VOLCANIC_ROCK_VOUCHER_9500,970.0,17.0,0.0,0.0,0.0,0.0,971,17,0.0,0.0,0.0,0.0,970.5,0.0
0,544100,VOLCANIC_ROCK_VOUCHER_9500,975.0,14.0,0.0,0.0,0.0,0.0,977,14,0.0,0.0,0.0,0.0,976.0,0.0
0,544200,VOLCANIC_ROCK_VOUCHER_9500,976.0,20.0,0.0,0.0,0.0,0.0,977,20,0.0,0.0,0.0,0.0,976.5,0.0
0,544300,VOLCANIC_ROCK_VOUCHER_9500,974.0,14.0,0.0,0.0,0.0,0.0,975,14,0.0,0.0,0.0,0.0,974.5,0.0
0,544400,VOLCANIC_ROCK_VOUCHER_9500,971.0,17.0,0.0,0.0,0.0,0.0,973,17,0.0,0.0,0.0,0.0,972.0,0.0
0,544500,VOLCANIC_ROCK_VOUCHER_9500,969.0,13.0,0.0,0.0,0.0,0.0,970,13,0.0,0.0,0.0,0.0,969.5,0.0
0,544600,VOLCANIC_ROCK_VOUCHER_9500,969.0,14.0,0.0,0.0,0.0,0.0,970,14,0.0,0.0,0.0,0.0,969.5,0.0
0,544700,VOLCANIC_ROCK_VOUCHER_9500,968.0,21.0,0.0,0.0,0.0,0.0,969,21,0.0,0.0,0.0,0.0,968.5,0.0
0,544800,VOLCANIC_ROCK_VOUCHER_9500,968.0,13.0,0.0,0.0,0.0,0.0,969,13,0.0,0.0,0.0,0.0,968.5,0.0
0,544900,VOLCANIC_ROCK_VOUCHER_9500,966.0,13.0,0.0,0.0,0.0,0.0,967,12,968.0,13.0,0.0,0.0,966.5,0.0
0,545000,VOLCANIC_ROCK_VOUCHER_9500,969.0,19.0,0.0,0.0,0.0,0.0,970,19,0.0,0.0,0.0,0.0,969.5,0.0
0,545100,VOLCANIC_ROCK_VOUCHER_9500,968.0,20.0,0.0,0.0,0.0,0.0,969,20,0.0,0.0,0.0,0.0,968.5,0.0
0,545200,VOLCANIC_ROCK_VOUCHER_9500,969.0,13.0,0.0,0.0,0.0,0.0,971,13,0.0,0.0,0.0,0.0,970.0,0.0
0,545300,VOLCANIC_ROCK_VOUCHER_9500,968.0,15.0,0.0,0.0,0.0,0.0,969,15,0.0,0.0,0.0,0.0,968.5,0.0
0,545400,VOLCANIC_ROCK_VOUCHER_9500,968.0,14.0,0.0,0.0,0.0,0.0,969,14,0.0,0.0,0.0,0.0,968.5,0.0
0,545500,VOLCANIC_ROCK_VOUCHER_9500,967.0,2.0,0.0,0.0,0.0,0.0,968,21,0.0,0.0,0.0,0.0,967.5,0.0
0,545600,VOLCANIC_ROCK_VOUCHER_9500,964.0,4.0,0.0,0.0,0.0,0.0,965,1,966.0,13.0,0.0,0.0,964.5,0.0
0,545700,VOLCANIC_ROCK_VOUCHER_9500,966.0,19.0,0.0,0.0,0.0,0.0,967,19,0.0,0.0,0.0,0.0,966.5,0.0
0,545800,VOLCANIC_ROCK_VOUCHER_9500,961.0,16.0,0.0,0.0,0.0,0.0,963,16,0.0,0.0,0.0,0.0,962.0,0.0
0,545900,VOLCANIC_ROCK_VOUCHER_9500,960.0,11.0,0.0,0.0,0.0,0.0,961,11,0.0,0.0,0.0,0.0,960.5,0.0
0,546000,VOLCANIC_ROCK_VOUCHER_9500,959.0,18.0,0.0,0.0,0.0,0.0,961,18,0.0,0.0,0.0,0.0,960.0,0.0
0,546100,VOLCANIC_ROCK_VOUCHER_9500,951.0,13.0,0.0,0.0,0.0,0.0,952,13,0.0,0.0,0.0,0.0,951.5,0.0
0,546200,VOLCANIC_ROCK_VOUCHER_9500,953.0,16.0,0.0,0.0,0.0,0.0,954,16,0.0,0.0,0.0,0.0,953.5,0.0
0,546300,VOLCANIC_ROCK_VOUCHER_9500,952.0,14.0,0.0,0.0,0.0,0.0,953,14,0.0,0.0,0.0,0.0,952.5,0.0
0,546400,VOLCANIC_ROCK_VOUCHER_9500,955.0,17.0,0.0,0.0,0.0,0.0,956,17,0.0,0.0,0.0,0.0,955.5,0.0
0,546500,VOLCANIC_ROCK_VOUCHER_9500,954.0,20.0,0.0,0.0,0.0,0.0,956,20,0.0,0.0,0.0,0.0,955.0,0.0
0,546600,VOLCANIC_ROCK_VOUCHER_9500,951.0,15.0,0.0,0.0,0.0,0.0,952,15,0.0,0.0,0.0,0.0,951.5,0.0
0,546700,VOLCANIC_ROCK_VOUCHER_9500,955.0,22.0,0.0,0.0,0.0,0.0,956,22,0.0,0.0,0.0,0.0,955.5,0.0
0,546800,VOLCANIC_ROCK_VOUCHER_9500,955.0,19.0,0.0,0.0,0.0,0.0,956,19,0.0,0.0,0.0,0.0,955.5,0.0
0,546900,VOLCANIC_ROCK_VOUCHER_9500,955.0,20.0,0.0,0.0,0.0,0.0,956,20,0.0,0.0,0.0,0.0,955.5,0.0
0,547000,VOLCANIC_ROCK_VOUCHER_9500,956.0,17.0,0.0,0.0,0.0,0.0,957,17,0.0,0.0,0.0,0.0,956.5,0.0
0,547100,VOLCANIC_ROCK_VOUCHER_9500,955.0,10.0,0.0,0.0,0.0,0.0,956,10,0.0,0.0,0.0,0.0,955.5,0.0
0,547200,VOLCANIC_ROCK_VOUCHER_9500,954.0,11.0,0.0,0.0,0.0,0.0,955,11,0.0,0.0,0.0,0.0,954.5,0.0
0,547300,VOLCANIC_ROCK_VOUCHER_9500,959.0,12.0,0.0,0.0,0.0,0.0,960,12,0.0,0.0,0.0,0.0,959.5,0.0
0,547400,VOLCANIC_ROCK_VOUCHER_9500,956.0,17.0,0.0,0.0,0.0,0.0,957,17,0.0,0.0,0.0,0.0,956.5,0.0
0,547500,VOLCANIC_ROCK_VOUCHER_9500,960.0,31.0,0.0,0.0,0.0,0.0,961,21,0.0,0.0,0.0,0.0,960.5,0.0
0,547600,VOLCANIC_ROCK_VOUCHER_9500,958.0,12.0,0.0,0.0,0.0,0.0,959,12,0.0,0.0,0.0,0.0,958.5,0.0
0,547700,VOLCANIC_ROCK_VOUCHER_9500,957.0,18.0,0.0,0.0,0.0,0.0,958,18,0.0,0.0,0.0,0.0,957.5,0.0
0,547800,VOLCANIC_ROCK_VOUCHER_9500,959.0,18.0,0.0,0.0,0.0,0.0,960,18,0.0,0.0,0.0,0.0,959.5,0.0
0,547900,VOLCANIC_ROCK_VOUCHER_9500,957.0,22.0,0.0,0.0,0.0,0.0,958,22,0.0,0.0,0.0,0.0,957.5,0.0
0,548000,VOLCANIC_ROCK_VOUCHER_9500,955.0,18.0,0.0,0.0,0.0,0.0,956,18,0.0,0.0,0.0,0.0,955.5,0.0
0,548100,VOLCANIC_ROCK_VOUCHER_9500,955.0,15.0,0.0,0.0,0.0,0.0,956,15,0.0,0.0,0.0,0.0,955.5,0.0
0,548200,VOLCANIC_ROCK_VOUCHER_9500,953.0,18.0,0.0,0.0,0.0,0.0,954,18,0.0,0.0,0.0,0.0,953.5,0.0
0,548300,VOLCANIC_ROCK_VOUCHER_9500,0.0,0.0,0.0,0.0,0.0,0.0,951,1,952.0,12.0,0.0,0.0,951.0,0.0
0,548400,VOLCANIC_ROCK_VOUCHER_9500,947.0,12.0,0.0,0.0,0.0,0.0,948,12,0.0,0.0,0.0,0.0,947.5,0.0
0,548500,VOLCANIC_ROCK_VOUCHER_9500,944.0,18.0,0.0,0.0,0.0,0.0,945,18,0.0,0.0,0.0,0.0,944.5,0.0
0,548600,VOLCANIC_ROCK_VOUCHER_9500,942.0,10.0,0.0,0.0,0.0,0.0,944,10,0.0,0.0,0.0,0.0,943.0,0.0
0,548700,VOLCANIC_ROCK_VOUCHER_9500,945.0,14.0,0.0,0.0,0.0,0.0,946,14,0.0,0.0,0.0,0.0,945.5,0.0
0,548800,VOLCANIC_ROCK_VOUCHER_9500,945.0,11.0,0.0,0.0,0.0,0.0,946,11,0.0,0.0,0.0,0.0,945.5,0.0
0,548900,VOLCANIC_ROCK_VOUCHER_9500,944.0,14.0,0.0,0.0,0.0,0.0,945,14,0.0,0.0,0.0,0.0,944.5,0.0
0,549000,VOLCANIC_ROCK_VOUCHER_9500,943.0,12.0,0.0,0.0,0.0,0.0,944,12,0.0,0.0,0.0,0.0,943.5,0.0
0,549100,VOLCANIC_ROCK_VOUCHER_9500,944.0,14.0,0.0,0.0,0.0,0.0,945,14,0.0,0.0,0.0,0.0,944.5,0.0
0,549200,VOLCANIC_ROCK_VOUCHER_9500,946.0,20.0,0.0,0.0,0.0,0.0,947,20,0.0,0.0,0.0,0.0,946.5,0.0
0,549300,VOLCANIC_ROCK_VOUCHER_9500,943.0,31.0,0.0,0.0,0.0,0.0,944,15,0.0,0.0,0.0,0.0,943.5,0.0
0,549400,VOLCANIC_ROCK_VOUCHER_9500,944.0,20.0,0.0,0.0,0.0,0.0,945,20,0.0,0.0,0.0,0.0,944.5,0.0
0,549500,VOLCANIC_ROCK_VOUCHER_9500,943.0,4.0,0.0,0.0,0.0,0.0,944,20,0.0,0.0,0.0,0.0,943.5,0.0
0,549600,VOLCANIC_ROCK_VOUCHER_9500,945.0,12.0,0.0,0.0,0.0,0.0,946,12,0.0,0.0,0.0,0.0,945.5,0.0
0,549700,VOLCANIC_ROCK_VOUCHER_9500,949.0,19.0,0.0,0.0,0.0,0.0,951,19,0.0,0.0,0.0,0.0,950.0,0.0
0,549800,VOLCANIC_ROCK_VOUCHER_9500,947.0,13.0,0.0,0.0,0.0,0.0,948,13,0.0,0.0,0.0,0.0,947.5,0.0
0,549900,VOLCANIC_ROCK_VOUCHER_9500,950.0,19.0,0.0,0.0,0.0,0.0,951,19,0.0,0.0,0.0,0.0,950.5,0.0
0,550000,VOLCANIC_ROCK_VOUCHER_9500,953.0,13.0,0.0,0.0,0.0,0.0,954,13,0.0,0.0,0.0,0.0,953.5,0.0
0,550100,VOLCANIC_ROCK_VOUCHER_9500,950.0,19.0,0.0,0.0,0.0,0.0,951,19,0.0,0.0,0.0,0.0,950.5,0.0
0,550200,VOLCANIC_ROCK_VOUCHER_9500,951.0,15.0,0.0,0.0,0.0,0.0,952,15,0.0,0.0,0.0,0.0,951.5,0.0
0,550300,VOLCANIC_ROCK_VOUCHER_9500,951.0,10.0,0.0,0.0,0.0,0.0,952,10,0.0,0.0,0.0,0.0,951.5,0.0
0,550400,VOLCANIC_ROCK_VOUCHER_9500,954.0,13.0,0.0,0.0,0.0,0.0,955,10,956.0,13.0,0.0,0.0,954.5,0.0
0,550500,VOLCANIC_ROCK_VOUCHER_9500,952.0,12.0,0.0,0.0,0.0,0.0,953,12,0.0,0.0,0.0,0.0,952.5,0.0
0,550600,VOLCANIC_ROCK_VOUCHER_9500,951.0,17.0,0.0,0.0,0.0,0.0,952,17,0.0,0.0,0.0,0.0,951.5,0.0
0,550700,VOLCANIC_ROCK_VOUCHER_9500,951.0,14.0,0.0,0.0,0.0,0.0,952,14,0.0,0.0,0.0,0.0,951.5,0.0
0,550800,VOLCANIC_ROCK_VOUCHER_9500,946.0,20.0,0.0,0.0,0.0,0.0,947,20,0.0,0.0,0.0,0.0,946.5,0.0
0,550900,VOLCANIC_ROCK_VOUCHER_9500,951.0,17.0,0.0,0.0,0.0,0.0,952,17,953.0,17.0,0.0,0.0,951.5,0.0
0,551000,VOLCANIC_ROCK_VOUCHER_9500,950.0,15.0,0.0,0.0,0.0,0.0,952,15,0.0,0.0,0.0,0.0,951.0,0.0
0,551100,VOLCANIC_ROCK_VOUCHER_9500,948.0,15.0,0.0,0.0,0.0,0.0,949,15,0.0,0.0,0.0,0.0,948.5,0.0
0,551200,VOLCANIC_ROCK_VOUCHER_9500,948.0,17.0,0.0,0.0,0.0,0.0,949,17,0.0,0.0,0.0,0.0,948.5,0.0
0,551300,VOLCANIC_ROCK_VOUCHER_9500,948.0,13.0,0.0,0.0,0.0,0.0,950,13,0.0,0.0,0.0,0.0,949.0,0.0
0,551400,VOLCANIC_ROCK_VOUCHER_9500,949.0,13.0,0.0,0.0,0.0,0.0,951,13,0.0,0.0,0.0,0.0,950.0,0.0
0,551500,VOLCANIC_ROCK_VOUCHER_9500,952.0,18.0,0.0,0.0,0.0,0.0,953,18,0.0,0.0,0.0,0.0,952.5,0.0
0,551600,VOLCANIC_ROCK_VOUCHER_9500,953.0,18.0,0.0,0.0,0.0,0.0,954,18,0.0,0.0,0.0,0.0,953.5,0.0
0,551700,VOLCANIC_ROCK_VOUCHER_9500,955.0,15.0,0.0,0.0,0.0,0.0,956,15,0.0,0.0,0.0,0.0,955.5,0.0
0,551800,VOLCANIC_ROCK_VOUCHER_9500,953.0,11.0,0.0,0.0,0.0,0.0,954,11,0.0,0.0,0.0,0.0,953.5,0.0
0,551900,VOLCANIC_ROCK_VOUCHER_9500,952.0,16.0,0.0,0.0,0.0,0.0,953,16,0.0,0.0,0.0,0.0,952.5,0.0
0,552000,VOLCANIC_ROCK_VOUCHER_9500,952.0,16.0,0.0,0.0,0.0,0.0,953,16,0.0,0.0,0.0,0.0,952.5,0.0
0,552100,VOLCANIC_ROCK_VOUCHER_9500,947.0,18.0,0.0,0.0,0.0,0.0,948,18,0.0,0.0,0.0,0.0,947.5,0.0
0,552200,VOLCANIC_ROCK_VOUCHER_9500,950.0,12.0,0.0,0.0,0.0,0.0,951,12,0.0,0.0,0.0,0.0,950.5,0.0
0,552300,VOLCANIC_ROCK_VOUCHER_9500,952.0,19.0,0.0,0.0,0.0,0.0,953,19,0.0,0.0,0.0,0.0,952.5,0.0
0,552400,VOLCANIC_ROCK_VOUCHER_9500,949.0,20.0,0.0,0.0,0.0,0.0,950,20,0.0,0.0,0.0,0.0,949.5,0.0
0,552500,VOLCANIC_ROCK_VOUCHER_9500,952.0,4.0,0.0,0.0,0.0,0.0,953,22,0.0,0.0,0.0,0.0,952.5,0.0
0,552600,VOLCANIC_ROCK_VOUCHER_9500,950.0,15.0,0.0,0.0,0.0,0.0,952,15,0.0,0.0,0.0,0.0,951.0,0.0
0,552700,VOLCANIC_ROCK_VOUCHER_9500,951.0,11.0,0.0,0.0,0.0,0.0,952,11,0.0,0.0,0.0,0.0,951.5,0.0
0,552800,VOLCANIC_ROCK_VOUCHER_9500,955.0,11.0,0.0,0.0,0.0,0.0,956,11,0.0,0.0,0.0,0.0,955.5,0.0
0,552900,VOLCANIC_ROCK_VOUCHER_9500,955.0,11.0,0.0,0.0,0.0,0.0,956,11,0.0,0.0,0.0,0.0,955.5,0.0
0,553000,VOLCANIC_ROCK_VOUCHER_9500,953.0,20.0,0.0,0.0,0.0,0.0,954,20,0.0,0.0,0.0,0.0,953.5,0.0
0,553100,VOLCANIC_ROCK_VOUCHER_9500,0.0,0.0,0.0,0.0,0.0,0.0,950,7,951.0,11.0,0.0,0.0,950.0,0.0
0,553200,VOLCANIC_ROCK_VOUCHER_9500,950.0,12.0,0.0,0.0,0.0,0.0,951,12,0.0,0.0,0.0,0.0,950.5,0.0
0,553300,VOLCANIC_ROCK_VOUCHER_9500,948.0,19.0,0.0,0.0,0.0,0.0,950,19,0.0,0.0,0.0,0.0,949.0,0.0
0,553400,VOLCANIC_ROCK_VOUCHER_9500,950.0,16.0,0.0,0.0,0.0,0.0,951,16,0.0,0.0,0.0,0.0,950.5,0.0
0,553500,VOLCANIC_ROCK_VOUCHER_9500,952.0,13.0,0.0,0.0,0.0,0.0,953,13,0.0,0.0,0.0,0.0,952.5,0.0
0,553600,VOLCANIC_ROCK_VOUCHER_9500,951.0,19.0,0.0,0.0,0.0,0.0,952,19,0.0,0.0,0.0,0.0,951.5,0.0
0,553700,VOLCANIC_ROCK_VOUCHER_9500,951.0,13.0,0.0,0.0,0.0,0.0,953,13,0.0,0.0,0.0,0.0,952.0,0.0
0,553800,VOLCANIC_ROCK_VOUCHER_9500,953.0,14.0,0.0,0.0,0.0,0.0,954,14,0.0,0.0,0.0,0.0,953.5,0.0
0,553900,VOLCANIC_ROCK_VOUCHER_9500,954.0,17.0,0.0,0.0,0.0,0.0,956,17,0.0,0.0,0.0,0.0,955.0,0.0
0,554000,VOLCANIC_ROCK_VOUCHER_9500,953.0,17.0,0.0,0.0,0.0,0.0,954,17,0.0,0.0,0.0,0.0,953.5,0.0
0,554100,VOLCANIC_ROCK_VOUCHER_9500,951.0,11.0,0.0,0.0,0.0,0.0,952,11,0.0,0.0,0.0,0.0,951.5,0.0
0,554200,VOLCANIC_ROCK_VOUCHER_9500,950.0,19.0,0.0,0.0,0.0,0.0,951,2,952.0,17.0,0.0,0.0,950.5,0.0
0,554300,VOLCANIC_ROCK_VOUCHER_9500,953.0,10.0,0.0,0.0,0.0,0.0,954,10,0.0,0.0,0.0,0.0,953.5,0.0
0,554400,VOLCANIC_ROCK_VOUCHER_9500,954.0,17.0,0.0,0.0,0.0,0.0,955,17,0.0,0.0,0.0,0.0,954.5,0.0
0,554500,VOLCANIC_ROCK_VOUCHER_9500,954.0,15.0,0.0,0.0,0.0,0.0,955,15,0.0,0.0,0.0,0.0,954.5,0.0
0,554600,VOLCANIC_ROCK_VOUCHER_9500,953.0,13.0,0.0,0.0,0.0,0.0,954,20,0.0,0.0,0.0,0.0,953.5,0.0
0,554700,VOLCANIC_ROCK_VOUCHER_9500,953.0,15.0,0.0,0.0,0.0,0.0,954,15,0.0,0.0,0.0,0.0,953.5,0.0
0,554800,VOLCANIC_ROCK_VOUCHER_9500,953.0,11.0,0.0,0.0,0.0,0.0,954,11,0.0,0.0,0.0,0.0,953.5,0.0
0,554900,VOLCANIC_ROCK_VOUCHER_9500,952.0,12.0,0.0,0.0,0.0,0.0,953,12,0.0,0.0,0.0,0.0,952.5,0.0
0,555000,VOLCANIC_ROCK_VOUCHER_9500,949.0,16.0,0.0,0.0,0.0,0.0,950,16,0.0,0.0,0.0,0.0,949.5,0.0
0,555100,VOLCANIC_ROCK_VOUCHER_9500,947.0,13.0,0.0,0.0,0.0,0.0,948,13,0.0,0.0,0.0,0.0,947.5,0.0
0,555200,VOLCANIC_ROCK_VOUCHER_9500,946.0,16.0,0.0,0.0,0.0,0.0,947,16,0.0,0.0,0.0,0.0,946.5,0.0
0,555300,VOLCANIC_ROCK_VOUCHER_9500,947.0,13.0,0.0,0.0,0.0,0.0,948,13,0.0,0.0,0.0,0.0,947.5,0.0
0,555400,VOLCANIC_ROCK_VOUCHER_9500,946.0,19.0,0.0,0.0,0.0,0.0,948,19,0.0,0.0,0.0,0.0,947.0,0.0
0,555500,VOLCANIC_ROCK_VOUCHER_9500,946.0,22.0,0.0,0.0,0.0,0.0,947,22,0.0,0.0,0.0,0.0,946.5,0.0
0,555600,VOLCANIC_ROCK_VOUCHER_9500,947.0,16.0,0.0,0.0,0.0,0.0,949,16,0.0,0.0,0.0,0.0,948.0,0.0
0,555700,VOLCANIC_ROCK_VOUCHER_9500,946.0,14.0,0.0,0.0,0.0,0.0,948,14,0.0,0.0,0.0,0.0,947.0,0.0
0,555800,VOLCANIC_ROCK_VOUCHER_9500,943.0,13.0,0.0,0.0,0.0,0.0,944,13,0.0,0.0,0.0,0.0,943.5,0.0
0,555900,VOLCANIC_ROCK_VOUCHER_9500,943.0,15.0,0.0,0.0,0.0,0.0,944,15,0.0,0.0,0.0,0.0,943.5,0.0
0,556000,VOLCANIC_ROCK_VOUCHER_9500,944.0,20.0,0.0,0.0,0.0,0.0,945,20,0.0,0.0,0.0,0.0,944.5,0.0
0,556100,VOLCANIC_ROCK_VOUCHER_9500,943.0,19.0,0.0,0.0,0.0,0.0,944,19,0.0,0.0,0.0,0.0,943.5,0.0
0,556200,VOLCANIC_ROCK_VOUCHER_9500,942.0,16.0,0.0,0.0,0.0,0.0,943,16,0.0,0.0,0.0,0.0,942.5,0.0
0,556300,VOLCANIC_ROCK_VOUCHER_9500,0.0,0.0,0.0,0.0,0.0,0.0,944,6,945.0,13.0,0.0,0.0,944.0,0.0
0,556400,VOLCANIC_ROCK_VOUCHER_9500,947.0,15.0,0.0,0.0,0.0,0.0,948,15,0.0,0.0,0.0,0.0,947.5,0.0
0,556500,VOLCANIC_ROCK_VOUCHER_9500,944.0,17.0,0.0,0.0,0.0,0.0,945,17,0.0,0.0,0.0,0.0,944.5,0.0
0,556600,VOLCANIC_ROCK_VOUCHER_9500,944.0,17.0,0.0,0.0,0.0,0.0,946,17,0.0,0.0,0.0,0.0,945.0,0.0
0,556700,VOLCANIC_ROCK_VOUCHER_9500,945.0,21.0,0.0,0.0,0.0,0.0,946,21,0.0,0.0,0.0,0.0,945.5,0.0
0,556800,VOLCANIC_ROCK_VOUCHER_9500,943.0,18.0,0.0,0.0,0.0,0.0,945,18,0.0,0.0,0.0,0.0,944.0,0.0
0,556900,VOLCANIC_ROCK_VOUCHER_9500,943.0,19.0,0.0,0.0,0.0,0.0,944,19,0.0,0.0,0.0,0.0,943.5,0.0
0,557000,VOLCANIC_ROCK_VOUCHER_9500,943.0,15.0,0.0,0.0,0.0,0.0,944,15,0.0,0.0,0.0,0.0,943.5,0.0
0,557100,VOLCANIC_ROCK_VOUCHER_9500,947.0,22.0,0.0,0.0,0.0,0.0,948,22,0.0,0.0,0.0,0.0,947.5,0.0
0,557200,VOLCANIC_ROCK_VOUCHER_9500,951.0,21.0,0.0,0.0,0.0,0.0,952,21,0.0,0.0,0.0,0.0,951.5,0.0
0,557300,VOLCANIC_ROCK_VOUCHER_9500,953.0,17.0,0.0,0.0,0.0,0.0,954,17,0.0,0.0,0.0,0.0,953.5,0.0
0,557400,VOLCANIC_ROCK_VOUCHER_9500,951.0,12.0,0.0,0.0,0.0,0.0,953,12,0.0,0.0,0.0,0.0,952.0,0.0
0,557500,VOLCANIC_ROCK_VOUCHER_9500,951.0,12.0,0.0,0.0,0.0,0.0,952,12,0.0,0.0,0.0,0.0,951.5,0.0
0,557600,VOLCANIC_ROCK_VOUCHER_9500,949.0,18.0,0.0,0.0,0.0,0.0,950,18,0.0,0.0,0.0,0.0,949.5,0.0
0,557700,VOLCANIC_ROCK_VOUCHER_9500,951.0,24.0,0.0,0.0,0.0,0.0,952,11,0.0,0.0,0.0,0.0,951.5,0.0
0,557800,VOLCANIC_ROCK_VOUCHER_9500,949.0,17.0,0.0,0.0,0.0,0.0,950,17,0.0,0.0,0.0,0.0,949.5,0.0
0,557900,VOLCANIC_ROCK_VOUCHER_9500,951.0,16.0,0.0,0.0,0.0,0.0,952,16,0.0,0.0,0.0,0.0,951.5,0.0
0,558000,VOLCANIC_ROCK_VOUCHER_9500,950.0,19.0,0.0,0.0,0.0,0.0,951,19,0.0,0.0,0.0,0.0,950.5,0.0
0,558100,VOLCANIC_ROCK_VOUCHER_9500,950.0,14.0,0.0,0.0,0.0,0.0,951,14,0.0,0.0,0.0,0.0,950.5,0.0
0,558200,VOLCANIC_ROCK_VOUCHER_9500,950.0,15.0,0.0,0.0,0.0,0.0,951,15,0.0,0.0,0.0,0.0,950.5,0.0
0,558300,VOLCANIC_ROCK_VOUCHER_9500,951.0,33.0,0.0,0.0,0.0,0.0,953,20,0.0,0.0,0.0,0.0,952.0,0.0
0,558400,VOLCANIC_ROCK_VOUCHER_9500,951.0,22.0,0.0,0.0,0.0,0.0,953,22,0.0,0.0,0.0,0.0,952.0,0.0
0,558500,VOLCANIC_ROCK_VOUCHER_9500,953.0,33.0,0.0,0.0,0.0,0.0,954,16,0.0,0.0,0.0,0.0,953.5,0.0
0,558600,VOLCANIC_ROCK_VOUCHER_9500,951.0,19.0,0.0,0.0,0.0,0.0,952,19,0.0,0.0,0.0,0.0,951.5,0.0
0,558700,VOLCANIC_ROCK_VOUCHER_9500,950.0,16.0,0.0,0.0,0.0,0.0,951,16,0.0,0.0,0.0,0.0,950.5,0.0
0,558800,VOLCANIC_ROCK_VOUCHER_9500,951.0,11.0,0.0,0.0,0.0,0.0,952,11,0.0,0.0,0.0,0.0,951.5,0.0
0,558900,VOLCANIC_ROCK_VOUCHER_9500,951.0,14.0,0.0,0.0,0.0,0.0,952,14,0.0,0.0,0.0,0.0,951.5,0.0
0,559000,VOLCANIC_ROCK_VOUCHER_9500,952.0,19.0,0.0,0.0,0.0,0.0,953,19,0.0,0.0,0.0,0.0,952.5,0.0
0,559100,VOLCANIC_ROCK_VOUCHER_9500,959.0,14.0,0.0,0.0,0.0,0.0,960,14,0.0,0.0,0.0,0.0,959.5,0.0
0,559200,VOLCANIC_ROCK_VOUCHER_9500,959.0,12.0,0.0,0.0,0.0,0.0,960,12,0.0,0.0,0.0,0.0,959.5,0.0
0,559300,VOLCANIC_ROCK_VOUCHER_9500,959.0,13.0,0.0,0.0,0.0,0.0,960,13,0.0,0.0,0.0,0.0,959.5,0.0
0,559400,VOLCANIC_ROCK_VOUCHER_9500,957.0,21.0,0.0,0.0,0.0,0.0,958,21,0.0,0.0,0.0,0.0,957.5,0.0
0,559500,VOLCANIC_ROCK_VOUCHER_9500,957.0,14.0,0.0,0.0,0.0,0.0,958,14,0.0,0.0,0.0,0.0,957.5,0.0
0,559600,VOLCANIC_ROCK_VOUCHER_9500,957.0,20.0,0.0,0.0,0.0,0.0,958,20,0.0,0.0,0.0,0.0,957.5,0.0
0,559700,VOLCANIC_ROCK_VOUCHER_9500,959.0,15.0,0.0,0.0,0.0,0.0,960,15,0.0,0.0,0.0,0.0,959.5,0.0
0,559800,VOLCANIC_ROCK_VOUCHER_9500,959.0,20.0,0.0,0.0,0.0,0.0,960,20,0.0,0.0,0.0,0.0,959.5,0.0
0,559900,VOLCANIC_ROCK_VOUCHER_9500,962.0,21.0,0.0,0.0,0.0,0.0,963,21,0.0,0.0,0.0,0.0,962.5,0.0
0,560000,VOLCANIC_ROCK_VOUCHER_9500,961.0,19.0,0.0,0.0,0.0,0.0,962,19,0.0,0.0,0.0,0.0,961.5,0.0
0,560100,VOLCANIC_ROCK_VOUCHER_9500,959.0,21.0,0.0,0.0,0.0,0.0,961,21,0.0,0.0,0.0,0.0,960.0,0.0
0,560200,VOLCANIC_ROCK_VOUCHER_9500,957.0,32.0,0.0,0.0,0.0,0.0,958,19,0.0,0.0,0.0,0.0,957.5,0.0
0,560300,VOLCANIC_ROCK_VOUCHER_9500,961.0,20.0,0.0,0.0,0.0,0.0,963,20,0.0,0.0,0.0,0.0,962.0,0.0
0,560400,VOLCANIC_ROCK_VOUCHER_9500,963.0,19.0,0.0,0.0,0.0,0.0,964,19,0.0,0.0,0.0,0.0,963.5,0.0
0,560500,VOLCANIC_ROCK_VOUCHER_9500,965.0,14.0,0.0,0.0,0.0,0.0,967,20,0.0,0.0,0.0,0.0,966.0,0.0
0,560600,VOLCANIC_ROCK_VOUCHER_9500,965.0,17.0,0.0,0.0,0.0,0.0,966,17,0.0,0.0,0.0,0.0,965.5,0.0
0,560700,VOLCANIC_ROCK_VOUCHER_9500,966.0,20.0,0.0,0.0,0.0,0.0,967,20,0.0,0.0,0.0,0.0,966.5,0.0
0,560800,VOLCANIC_ROCK_VOUCHER_9500,969.0,13.0,0.0,0.0,0.0,0.0,970,13,0.0,0.0,0.0,0.0,969.5,0.0
0,560900,VOLCANIC_ROCK_VOUCHER_9500,970.0,19.0,0.0,0.0,0.0,0.0,971,19,0.0,0.0,0.0,0.0,970.5,0.0
0,561000,VOLCANIC_ROCK_VOUCHER_9500,972.0,15.0,0.0,0.0,0.0,0.0,973,15,0.0,0.0,0.0,0.0,972.5,0.0
0,561100,VOLCANIC_ROCK_VOUCHER_9500,972.0,15.0,0.0,0.0,0.0,0.0,973,15,0.0,0.0,0.0,0.0,972.5,0.0
0,561200,VOLCANIC_ROCK_VOUCHER_9500,968.0,21.0,0.0,0.0,0.0,0.0,969,2,970.0,19.0,0.0,0.0,968.5,0.0
0,561300,VOLCANIC_ROCK_VOUCHER_9500,968.0,12.0,0.0,0.0,0.0,0.0,969,12,0.0,0.0,0.0,0.0,968.5,0.0
0,561400,VOLCANIC_ROCK_VOUCHER_9500,969.0,13.0,0.0,0.0,0.0,0.0,970,13,0.0,0.0,0.0,0.0,969.5,0.0
0,561500,VOLCANIC_ROCK_VOUCHER_9500,967.0,11.0,0.0,0.0,0.0,0.0,968,11,0.0,0.0,0.0,0.0,967.5,0.0
0,561600,VOLCANIC_ROCK_VOUCHER_9500,966.0,13.0,0.0,0.0,0.0,0.0,967,13,0.0,0.0,0.0,0.0,966.5,0.0
0,561700,VOLCANIC_ROCK_VOUCHER_9500,965.0,14.0,0.0,0.0,0.0,0.0,966,14,0.0,0.0,0.0,0.0,965.5,0.0
0,561800,VOLCANIC_ROCK_VOUCHER_9500,967.0,28.0,0.0,0.0,0.0,0.0,968,14,0.0,0.0,0.0,0.0,967.5,0.0
0,561900,VOLCANIC_ROCK_VOUCHER_9500,967.0,13.0,0.0,0.0,0.0,0.0,968,13,0.0,0.0,0.0,0.0,967.5,0.0
0,562000,VOLCANIC_ROCK_VOUCHER_9500,966.0,20.0,0.0,0.0,0.0,0.0,967,20,0.0,0.0,0.0,0.0,966.5,0.0
0,562100,VOLCANIC_ROCK_VOUCHER_9500,967.0,16.0,0.0,0.0,0.0,0.0,968,16,0.0,0.0,0.0,0.0,967.5,0.0
0,562200,VOLCANIC_ROCK_VOUCHER_9500,964.0,14.0,0.0,0.0,0.0,0.0,966,14,0.0,0.0,0.0,0.0,965.0,0.0
0,562300,VOLCANIC_ROCK_VOUCHER_9500,968.0,17.0,0.0,0.0,0.0,0.0,969,17,0.0,0.0,0.0,0.0,968.5,0.0
0,562400,VOLCANIC_ROCK_VOUCHER_9500,968.0,13.0,0.0,0.0,0.0,0.0,970,13,0.0,0.0,0.0,0.0,969.0,0.0
0,562500,VOLCANIC_ROCK_VOUCHER_9500,965.0,20.0,0.0,0.0,0.0,0.0,966,20,0.0,0.0,0.0,0.0,965.5,0.0
0,562600,VOLCANIC_ROCK_VOUCHER_9500,965.0,9.0,0.0,0.0,0.0,0.0,966,19,0.0,0.0,0.0,0.0,965.5,0.0
0,562700,VOLCANIC_ROCK_VOUCHER_9500,966.0,21.0,0.0,0.0,0.0,0.0,967,21,0.0,0.0,0.0,0.0,966.5,0.0
0,562800,VOLCANIC_ROCK_VOUCHER_9500,965.0,15.0,0.0,0.0,0.0,0.0,966,15,0.0,0.0,0.0,0.0,965.5,0.0
0,562900,VOLCANIC_ROCK_VOUCHER_9500,961.0,19.0,0.0,0.0,0.0,0.0,962,19,0.0,0.0,0.0,0.0,961.5,0.0
0,563000,VOLCANIC_ROCK_VOUCHER_9500,961.0,11.0,0.0,0.0,0.0,0.0,962,11,0.0,0.0,0.0,0.0,961.5,0.0
0,563100,VOLCANIC_ROCK_VOUCHER_9500,962.0,17.0,0.0,0.0,0.0,0.0,963,17,0.0,0.0,0.0,0.0,962.5,0.0
0,563200,VOLCANIC_ROCK_VOUCHER_9500,957.0,14.0,0.0,0.0,0.0,0.0,959,14,0.0,0.0,0.0,0.0,958.0,0.0
0,563300,VOLCANIC_ROCK_VOUCHER_9500,953.0,14.0,0.0,0.0,0.0,0.0,954,14,0.0,0.0,0.0,0.0,953.5,0.0
0,563400,VOLCANIC_ROCK_VOUCHER_9500,956.0,16.0,0.0,0.0,0.0,0.0,957,16,0.0,0.0,0.0,0.0,956.5,0.0
0,563500,VOLCANIC_ROCK_VOUCHER_9500,958.0,15.0,0.0,0.0,0.0,0.0,959,15,0.0,0.0,0.0,0.0,958.5,0.0
0,563600,VOLCANIC_ROCK_VOUCHER_9500,959.0,21.0,0.0,0.0,0.0,0.0,960,21,0.0,0.0,0.0,0.0,959.5,0.0
0,563700,VOLCANIC_ROCK_VOUCHER_9500,960.0,22.0,0.0,0.0,0.0,0.0,962,22,0.0,0.0,0.0,0.0,961.0,0.0
0,563800,VOLCANIC_ROCK_VOUCHER_9500,961.0,17.0,0.0,0.0,0.0,0.0,962,20,963.0,17.0,0.0,0.0,961.5,0.0
0,563900,VOLCANIC_ROCK_VOUCHER_9500,962.0,11.0,0.0,0.0,0.0,0.0,963,11,0.0,0.0,0.0,0.0,962.5,0.0
0,564000,VOLCANIC_ROCK_VOUCHER_9500,963.0,14.0,0.0,0.0,0.0,0.0,964,14,0.0,0.0,0.0,0.0,963.5,0.0
0,564100,VOLCANIC_ROCK_VOUCHER_9500,965.0,15.0,0.0,0.0,0.0,0.0,966,15,0.0,0.0,0.0,0.0,965.5,0.0
0,564200,VOLCANIC_ROCK_VOUCHER_9500,966.0,17.0,0.0,0.0,0.0,0.0,967,17,0.0,0.0,0.0,0.0,966.5,0.0
0,564300,VOLCANIC_ROCK_VOUCHER_9500,964.0,16.0,0.0,0.0,0.0,0.0,965,16,0.0,0.0,0.0,0.0,964.5,0.0
0,564400,VOLCANIC_ROCK_VOUCHER_9500,966.0,12.0,0.0,0.0,0.0,0.0,967,12,0.0,0.0,0.0,0.0,966.5,0.0
0,564500,VOLCANIC_ROCK_VOUCHER_9500,965.0,15.0,0.0,0.0,0.0,0.0,967,15,0.0,0.0,0.0,0.0,966.0,0.0
0,564600,VOLCANIC_ROCK_VOUCHER_9500,964.0,15.0,0.0,0.0,0.0,0.0,965,15,0.0,0.0,0.0,0.0,964.5,0.0
0,564700,VOLCANIC_ROCK_VOUCHER_9500,966.0,21.0,0.0,0.0,0.0,0.0,967,21,0.0,0.0,0.0,0.0,966.5,0.0
0,564800,VOLCANIC_ROCK_VOUCHER_9500,967.0,37.0,0.0,0.0,0.0,0.0,968,21,0.0,0.0,0.0,0.0,967.5,0.0
0,564900,VOLCANIC_ROCK_VOUCHER_9500,963.0,21.0,0.0,0.0,0.0,0.0,964,21,0.0,0.0,0.0,0.0,963.5,0.0
0,565000,VOLCANIC_ROCK_VOUCHER_9500,0.0,0.0,0.0,0.0,0.0,0.0,963,15,0.0,0.0,0.0,0.0,963.0,0.0
0,565100,VOLCANIC_ROCK_VOUCHER_9500,959.0,11.0,0.0,0.0,0.0,0.0,960,11,0.0,0.0,0.0,0.0,959.5,0.0
0,565200,VOLCANIC_ROCK_VOUCHER_9500,958.0,13.0,0.0,0.0,0.0,0.0,959,13,0.0,0.0,0.0,0.0,958.5,0.0
0,565300,VOLCANIC_ROCK_VOUCHER_9500,956.0,13.0,0.0,0.0,0.0,0.0,958,13,0.0,0.0,0.0,0.0,957.0,0.0
0,565400,VOLCANIC_ROCK_VOUCHER_9500,956.0,12.0,0.0,0.0,0.0,0.0,957,12,0.0,0.0,0.0,0.0,956.5,0.0
0,565500,VOLCANIC_ROCK_VOUCHER_9500,957.0,16.0,0.0,0.0,0.0,0.0,958,16,0.0,0.0,0.0,0.0,957.5,0.0
0,565600,VOLCANIC_ROCK_VOUCHER_9500,957.0,16.0,0.0,0.0,0.0,0.0,958,16,0.0,0.0,0.0,0.0,957.5,0.0
0,565700,VOLCANIC_ROCK_VOUCHER_9500,956.0,21.0,0.0,0.0,0.0,0.0,957,21,0.0,0.0,0.0,0.0,956.5,0.0
0,565800,VOLCANIC_ROCK_VOUCHER_9500,955.0,15.0,0.0,0.0,0.0,0.0,956,15,0.0,0.0,0.0,0.0,955.5,0.0
0,565900,VOLCANIC_ROCK_VOUCHER_9500,958.0,17.0,0.0,0.0,0.0,0.0,959,17,0.0,0.0,0.0,0.0,958.5,0.0
0,566000,VOLCANIC_ROCK_VOUCHER_9500,957.0,16.0,0.0,0.0,0.0,0.0,958,16,0.0,0.0,0.0,0.0,957.5,0.0
0,566100,VOLCANIC_ROCK_VOUCHER_9500,957.0,22.0,0.0,0.0,0.0,0.0,958,22,0.0,0.0,0.0,0.0,957.5,0.0
0,566200,VOLCANIC_ROCK_VOUCHER_9500,952.0,19.0,0.0,0.0,0.0,0.0,953,19,0.0,0.0,0.0,0.0,952.5,0.0
0,566300,VOLCANIC_ROCK_VOUCHER_9500,950.0,19.0,0.0,0.0,0.0,0.0,951,19,0.0,0.0,0.0,0.0,950.5,0.0
0,566400,VOLCANIC_ROCK_VOUCHER_9500,949.0,12.0,0.0,0.0,0.0,0.0,950,12,0.0,0.0,0.0,0.0,949.5,0.0
0,566500,VOLCANIC_ROCK_VOUCHER_9500,952.0,20.0,0.0,0.0,0.0,0.0,953,20,0.0,0.0,0.0,0.0,952.5,0.0
0,566600,VOLCANIC_ROCK_VOUCHER_9500,950.0,17.0,0.0,0.0,0.0,0.0,951,17,0.0,0.0,0.0,0.0,950.5,0.0
0,566700,VOLCANIC_ROCK_VOUCHER_9500,0.0,0.0,0.0,0.0,0.0,0.0,952,8,953.0,11.0,0.0,0.0,952.0,0.0
0,566800,VOLCANIC_ROCK_VOUCHER_9500,953.0,19.0,0.0,0.0,0.0,0.0,954,19,0.0,0.0,0.0,0.0,953.5,0.0
0,566900,VOLCANIC_ROCK_VOUCHER_9500,953.0,13.0,0.0,0.0,0.0,0.0,954,13,0.0,0.0,0.0,0.0,953.5,0.0
0,567000,VOLCANIC_ROCK_VOUCHER_9500,955.0,15.0,0.0,0.0,0.0,0.0,957,15,0.0,0.0,0.0,0.0,956.0,0.0
0,567100,VOLCANIC_ROCK_VOUCHER_9500,954.0,20.0,0.0,0.0,0.0,0.0,955,20,0.0,0.0,0.0,0.0,954.5,0.0
0,567200,VOLCANIC_ROCK_VOUCHER_9500,953.0,22.0,0.0,0.0,0.0,0.0,954,22,0.0,0.0,0.0,0.0,953.5,0.0
0,567300,VOLCANIC_ROCK_VOUCHER_9500,953.0,20.0,0.0,0.0,0.0,0.0,955,20,0.0,0.0,0.0,0.0,954.0,0.0
0,567400,VOLCANIC_ROCK_VOUCHER_9500,955.0,10.0,0.0,0.0,0.0,0.0,956,10,0.0,0.0,0.0,0.0,955.5,0.0
0,567500,VOLCANIC_ROCK_VOUCHER_9500,951.0,21.0,0.0,0.0,0.0,0.0,952,21,0.0,0.0,0.0,0.0,951.5,0.0
0,567600,VOLCANIC_ROCK_VOUCHER_9500,951.0,16.0,0.0,0.0,0.0,0.0,952,16,0.0,0.0,0.0,0.0,951.5,0.0
0,567700,VOLCANIC_ROCK_VOUCHER_9500,952.0,19.0,0.0,0.0,0.0,0.0,953,19,0.0,0.0,0.0,0.0,952.5,0.0
0,567800,VOLCANIC_ROCK_VOUCHER_9500,952.0,15.0,0.0,0.0,0.0,0.0,953,15,0.0,0.0,0.0,0.0,952.5,0.0
0,567900,VOLCANIC_ROCK_VOUCHER_9500,954.0,14.0,0.0,0.0,0.0,0.0,955,14,0.0,0.0,0.0,0.0,954.5,0.0
0,568000,VOLCANIC_ROCK_VOUCHER_9500,961.0,12.0,0.0,0.0,0.0,0.0,962,12,0.0,0.0,0.0,0.0,961.5,0.0
0,568100,VOLCANIC_ROCK_VOUCHER_9500,958.0,12.0,0.0,0.0,0.0,0.0,959,12,0.0,0.0,0.0,0.0,958.5,0.0
0,568200,VOLCANIC_ROCK_VOUCHER_9500,961.0,16.0,0.0,0.0,0.0,0.0,962,16,0.0,0.0,0.0,0.0,961.5,0.0
0,568300,VOLCANIC_ROCK_VOUCHER_9500,962.0,13.0,0.0,0.0,0.0,0.0,963,13,0.0,0.0,0.0,0.0,962.5,0.0
0,568400,VOLCANIC_ROCK_VOUCHER_9500,962.0,20.0,0.0,0.0,0.0,0.0,963,20,0.0,0.0,0.0,0.0,962.5,0.0
0,568500,VOLCANIC_ROCK_VOUCHER_9500,962.0,14.0,0.0,0.0,0.0,0.0,963,14,0.0,0.0,0.0,0.0,962.5,0.0
0,568600,VOLCANIC_ROCK_VOUCHER_9500,962.0,14.0,0.0,0.0,0.0,0.0,963,14,0.0,0.0,0.0,0.0,962.5,0.0
0,568700,VOLCANIC_ROCK_VOUCHER_9500,962.0,10.0,0.0,0.0,0.0,0.0,964,10,0.0,0.0,0.0,0.0,963.0,0.0
0,568800,VOLCANIC_ROCK_VOUCHER_9500,963.0,18.0,0.0,0.0,0.0,0.0,964,18,0.0,0.0,0.0,0.0,963.5,0.0
0,568900,VOLCANIC_ROCK_VOUCHER_9500,963.0,13.0,0.0,0.0,0.0,0.0,964,13,0.0,0.0,0.0,0.0,963.5,0.0
0,569000,VOLCANIC_ROCK_VOUCHER_9500,958.0,18.0,0.0,0.0,0.0,0.0,959,18,0.0,0.0,0.0,0.0,958.5,0.0
0,569100,VOLCANIC_ROCK_VOUCHER_9500,958.0,12.0,0.0,0.0,0.0,0.0,959,12,0.0,0.0,0.0,0.0,958.5,0.0
0,569200,VOLCANIC_ROCK_VOUCHER_9500,0.0,0.0,0.0,0.0,0.0,0.0,955,4,956.0,13.0,0.0,0.0,955.0,0.0
0,569300,VOLCANIC_ROCK_VOUCHER_9500,0.0,0.0,0.0,0.0,0.0,0.0,958,3,959.0,2.0,960.0,13.0,958.0,0.0
0,569400,VOLCANIC_ROCK_VOUCHER_9500,954.0,16.0,0.0,0.0,0.0,0.0,956,16,0.0,0.0,0.0,0.0,955.0,0.0
0,569500,VOLCANIC_ROCK_VOUCHER_9500,955.0,13.0,0.0,0.0,0.0,0.0,957,13,0.0,0.0,0.0,0.0,956.0,0.0
0,569600,VOLCANIC_ROCK_VOUCHER_9500,953.0,13.0,0.0,0.0,0.0,0.0,955,13,0.0,0.0,0.0,0.0,954.0,0.0
0,569700,VOLCANIC_ROCK_VOUCHER_9500,952.0,15.0,0.0,0.0,0.0,0.0,954,15,0.0,0.0,0.0,0.0,953.0,0.0
0,569800,VOLCANIC_ROCK_VOUCHER_9500,953.0,16.0,0.0,0.0,0.0,0.0,954,16,0.0,0.0,0.0,0.0,953.5,0.0
0,569900,VOLCANIC_ROCK_VOUCHER_9500,953.0,16.0,0.0,0.0,0.0,0.0,954,16,0.0,0.0,0.0,0.0,953.5,0.0
0,570000,VOLCANIC_ROCK_VOUCHER_9500,953.0,18.0,0.0,0.0,0.0,0.0,954,18,0.0,0.0,0.0,0.0,953.5,0.0
0,570100,VOLCANIC_ROCK_VOUCHER_9500,953.0,21.0,0.0,0.0,0.0,0.0,954,21,0.0,0.0,0.0,0.0,953.5,0.0
0,570200,VOLCANIC_ROCK_VOUCHER_9500,957.0,11.0,0.0,0.0,0.0,0.0,959,11,0.0,0.0,0.0,0.0,958.0,0.0
0,570300,VOLCANIC_ROCK_VOUCHER_9500,962.0,16.0,0.0,0.0,0.0,0.0,963,16,0.0,0.0,0.0,0.0,962.5,0.0
0,570400,VOLCANIC_ROCK_VOUCHER_9500,964.0,12.0,0.0,0.0,0.0,0.0,965,12,0.0,0.0,0.0,0.0,964.5,0.0
0,570500,VOLCANIC_ROCK_VOUCHER_9500,964.0,14.0,0.0,0.0,0.0,0.0,965,14,0.0,0.0,0.0,0.0,964.5,0.0
0,570600,VOLCANIC_ROCK_VOUCHER_9500,961.0,13.0,0.0,0.0,0.0,0.0,962,13,0.0,0.0,0.0,0.0,961.5,0.0
0,570700,VOLCANIC_ROCK_VOUCHER_9500,960.0,19.0,0.0,0.0,0.0,0.0,961,19,0.0,0.0,0.0,0.0,960.5,0.0
0,570800,VOLCANIC_ROCK_VOUCHER_9500,959.0,2.0,958.0,13.0,0.0,0.0,960,15,0.0,0.0,0.0,0.0,959.5,0.0
0,570900,VOLCANIC_ROCK_VOUCHER_9500,954.0,14.0,0.0,0.0,0.0,0.0,955,14,0.0,0.0,0.0,0.0,954.5,0.0
0,571000,VOLCANIC_ROCK_VOUCHER_9500,954.0,3.0,0.0,0.0,0.0,0.0,955,18,0.0,0.0,0.0,0.0,954.5,0.0
0,571100,VOLCANIC_ROCK_VOUCHER_9500,952.0,19.0,0.0,0.0,0.0,0.0,954,19,0.0,0.0,0.0,0.0,953.0,0.0
0,571200,VOLCANIC_ROCK_VOUCHER_9500,953.0,7.0,0.0,0.0,0.0,0.0,954,20,0.0,0.0,0.0,0.0,953.5,0.0
0,571300,VOLCANIC_ROCK_VOUCHER_9500,954.0,21.0,0.0,0.0,0.0,0.0,955,21,0.0,0.0,0.0,0.0,954.5,0.0
0,571400,VOLCANIC_ROCK_VOUCHER_9500,949.0,20.0,0.0,0.0,0.0,0.0,950,2,951.0,18.0,0.0,0.0,949.5,0.0
0,571500,VOLCANIC_ROCK_VOUCHER_9500,949.0,17.0,0.0,0.0,0.0,0.0,950,17,0.0,0.0,0.0,0.0,949.5,0.0
0,571600,VOLCANIC_ROCK_VOUCHER_9500,949.0,22.0,0.0,0.0,0.0,0.0,951,22,0.0,0.0,0.0,0.0,950.0,0.0
0,571700,VOLCANIC_ROCK_VOUCHER_9500,951.0,11.0,0.0,0.0,0.0,0.0,952,11,0.0,0.0,0.0,0.0,951.5,0.0
0,571800,VOLCANIC_ROCK_VOUCHER_9500,948.0,11.0,0.0,0.0,0.0,0.0,949,11,0.0,0.0,0.0,0.0,948.5,0.0
0,571900,VOLCANIC_ROCK_VOUCHER_9500,947.0,12.0,0.0,0.0,0.0,0.0,948,12,0.0,0.0,0.0,0.0,947.5,0.0
0,572000,VOLCANIC_ROCK_VOUCHER_9500,946.0,19.0,0.0,0.0,0.0,0.0,947,19,0.0,0.0,0.0,0.0,946.5,0.0
0,572100,VOLCANIC_ROCK_VOUCHER_9500,945.0,20.0,0.0,0.0,0.0,0.0,946,20,0.0,0.0,0.0,0.0,945.5,0.0
0,572200,VOLCANIC_ROCK_VOUCHER_9500,944.0,16.0,0.0,0.0,0.0,0.0,945,16,0.0,0.0,0.0,0.0,944.5,0.0
0,572300,VOLCANIC_ROCK_VOUCHER_9500,944.0,13.0,0.0,0.0,0.0,0.0,945,13,0.0,0.0,0.0,0.0,944.5,0.0
0,572400,VOLCANIC_ROCK_VOUCHER_9500,943.0,12.0,0.0,0.0,0.0,0.0,945,12,0.0,0.0,0.0,0.0,944.0,0.0
0,572500,VOLCANIC_ROCK_VOUCHER_9500,943.0,17.0,0.0,0.0,0.0,0.0,944,17,0.0,0.0,0.0,0.0,943.5,0.0
0,572600,VOLCANIC_ROCK_VOUCHER_9500,938.0,17.0,0.0,0.0,0.0,0.0,940,17,0.0,0.0,0.0,0.0,939.0,0.0
0,572700,VOLCANIC_ROCK_VOUCHER_9500,940.0,13.0,0.0,0.0,0.0,0.0,941,13,0.0,0.0,0.0,0.0,940.5,0.0
0,572800,VOLCANIC_ROCK_VOUCHER_9500,937.0,15.0,0.0,0.0,0.0,0.0,938,15,0.0,0.0,0.0,0.0,937.5,0.0
0,572900,VOLCANIC_ROCK_VOUCHER_9500,936.0,15.0,0.0,0.0,0.0,0.0,937,15,0.0,0.0,0.0,0.0,936.5,0.0
0,573000,VOLCANIC_ROCK_VOUCHER_9500,936.0,16.0,0.0,0.0,0.0,0.0,937,16,0.0,0.0,0.0,0.0,936.5,0.0
0,573100,VOLCANIC_ROCK_VOUCHER_9500,936.0,18.0,0.0,0.0,0.0,0.0,937,18,0.0,0.0,0.0,0.0,936.5,0.0
0,573200,VOLCANIC_ROCK_VOUCHER_9500,934.0,16.0,0.0,0.0,0.0,0.0,935,22,0.0,0.0,0.0,0.0,934.5,0.0
0,573300,VOLCANIC_ROCK_VOUCHER_9500,937.0,20.0,0.0,0.0,0.0,0.0,938,20,0.0,0.0,0.0,0.0,937.5,0.0
0,573400,VOLCANIC_ROCK_VOUCHER_9500,941.0,14.0,0.0,0.0,0.0,0.0,942,14,0.0,0.0,0.0,0.0,941.5,0.0
0,573500,VOLCANIC_ROCK_VOUCHER_9500,942.0,18.0,0.0,0.0,0.0,0.0,943,18,0.0,0.0,0.0,0.0,942.5,0.0
0,573600,VOLCANIC_ROCK_VOUCHER_9500,940.0,18.0,0.0,0.0,0.0,0.0,941,18,0.0,0.0,0.0,0.0,940.5,0.0
0,573700,VOLCANIC_ROCK_VOUCHER_9500,936.0,20.0,935.0,11.0,0.0,0.0,937,11,0.0,0.0,0.0,0.0,936.5,0.0
0,573800,VOLCANIC_ROCK_VOUCHER_9500,935.0,17.0,0.0,0.0,0.0,0.0,937,17,0.0,0.0,0.0,0.0,936.0,0.0
0,573900,VOLCANIC_ROCK_VOUCHER_9500,935.0,14.0,0.0,0.0,0.0,0.0,936,14,0.0,0.0,0.0,0.0,935.5,0.0
0,574000,VOLCANIC_ROCK_VOUCHER_9500,931.0,12.0,0.0,0.0,0.0,0.0,932,12,0.0,0.0,0.0,0.0,931.5,0.0
0,574100,VOLCANIC_ROCK_VOUCHER_9500,925.0,11.0,0.0,0.0,0.0,0.0,926,11,0.0,0.0,0.0,0.0,925.5,0.0
0,574200,VOLCANIC_ROCK_VOUCHER_9500,922.0,1.0,921.0,14.0,0.0,0.0,923,15,0.0,0.0,0.0,0.0,922.5,0.0
0,574300,VOLCANIC_ROCK_VOUCHER_9500,927.0,13.0,0.0,0.0,0.0,0.0,928,13,0.0,0.0,0.0,0.0,927.5,0.0
0,574400,VOLCANIC_ROCK_VOUCHER_9500,924.0,15.0,0.0,0.0,0.0,0.0,925,15,0.0,0.0,0.0,0.0,924.5,0.0
0,574500,VOLCANIC_ROCK_VOUCHER_9500,926.0,18.0,0.0,0.0,0.0,0.0,927,18,0.0,0.0,0.0,0.0,926.5,0.0
0,574600,VOLCANIC_ROCK_VOUCHER_9500,923.0,15.0,0.0,0.0,0.0,0.0,924,15,0.0,0.0,0.0,0.0,923.5,0.0
0,574700,VOLCANIC_ROCK_VOUCHER_9500,923.0,13.0,0.0,0.0,0.0,0.0,924,13,0.0,0.0,0.0,0.0,923.5,0.0
0,574800,VOLCANIC_ROCK_VOUCHER_9500,924.0,17.0,0.0,0.0,0.0,0.0,925,17,0.0,0.0,0.0,0.0,924.5,0.0
0,574900,VOLCANIC_ROCK_VOUCHER_9500,924.0,12.0,0.0,0.0,0.0,0.0,926,12,0.0,0.0,0.0,0.0,925.0,0.0
0,575000,VOLCANIC_ROCK_VOUCHER_9500,924.0,11.0,0.0,0.0,0.0,0.0,925,11,0.0,0.0,0.0,0.0,924.5,0.0
0,575100,VOLCANIC_ROCK_VOUCHER_9500,923.0,15.0,0.0,0.0,0.0,0.0,924,15,0.0,0.0,0.0,0.0,923.5,0.0
0,575200,VOLCANIC_ROCK_VOUCHER_9500,0.0,0.0,0.0,0.0,0.0,0.0,921,4,922.0,2.0,923.0,10.0,921.0,0.0
0,575300,VOLCANIC_ROCK_VOUCHER_9500,920.0,16.0,0.0,0.0,0.0,0.0,921,16,0.0,0.0,0.0,0.0,920.5,0.0
0,575400,VOLCANIC_ROCK_VOUCHER_9500,920.0,25.0,0.0,0.0,0.0,0.0,921,13,0.0,0.0,0.0,0.0,920.5,0.0
0,575500,VOLCANIC_ROCK_VOUCHER_9500,922.0,19.0,0.0,0.0,0.0,0.0,923,19,0.0,0.0,0.0,0.0,922.5,0.0
0,575600,VOLCANIC_ROCK_VOUCHER_9500,921.0,18.0,0.0,0.0,0.0,0.0,923,18,0.0,0.0,0.0,0.0,922.0,0.0
0,575700,VOLCANIC_ROCK_VOUCHER_9500,922.0,19.0,0.0,0.0,0.0,0.0,923,19,0.0,0.0,0.0,0.0,922.5,0.0
0,575800,VOLCANIC_ROCK_VOUCHER_9500,920.0,4.0,0.0,0.0,0.0,0.0,922,17,0.0,0.0,0.0,0.0,921.0,0.0
0,575900,VOLCANIC_ROCK_VOUCHER_9500,921.0,19.0,0.0,0.0,0.0,0.0,922,19,0.0,0.0,0.0,0.0,921.5,0.0
0,576000,VOLCANIC_ROCK_VOUCHER_9500,923.0,13.0,0.0,0.0,0.0,0.0,925,13,0.0,0.0,0.0,0.0,924.0,0.0
0,576100,VOLCANIC_ROCK_VOUCHER_9500,923.0,19.0,0.0,0.0,0.0,0.0,925,19,0.0,0.0,0.0,0.0,924.0,0.0
0,576200,VOLCANIC_ROCK_VOUCHER_9500,928.0,11.0,0.0,0.0,0.0,0.0,929,11,0.0,0.0,0.0,0.0,928.5,0.0
0,576300,VOLCANIC_ROCK_VOUCHER_9500,923.0,27.0,0.0,0.0,0.0,0.0,925,17,0.0,0.0,0.0,0.0,924.0,0.0
0,576400,VOLCANIC_ROCK_VOUCHER_9500,924.0,2.0,923.0,19.0,0.0,0.0,925,21,0.0,0.0,0.0,0.0,924.5,0.0
0,576500,VOLCANIC_ROCK_VOUCHER_9500,926.0,13.0,0.0,0.0,0.0,0.0,927,13,0.0,0.0,0.0,0.0,926.5,0.0
0,576600,VOLCANIC_ROCK_VOUCHER_9500,926.0,14.0,0.0,0.0,0.0,0.0,927,14,0.0,0.0,0.0,0.0,926.5,0.0
0,576700,VOLCANIC_ROCK_VOUCHER_9500,927.0,16.0,0.0,0.0,0.0,0.0,928,16,0.0,0.0,0.0,0.0,927.5,0.0
0,576800,VOLCANIC_ROCK_VOUCHER_9500,926.0,15.0,0.0,0.0,0.0,0.0,928,15,0.0,0.0,0.0,0.0,927.0,0.0
0,576900,VOLCANIC_ROCK_VOUCHER_9500,927.0,19.0,0.0,0.0,0.0,0.0,928,19,0.0,0.0,0.0,0.0,927.5,0.0
0,577000,VOLCANIC_ROCK_VOUCHER_9500,924.0,14.0,0.0,0.0,0.0,0.0,925,10,926.0,14.0,0.0,0.0,924.5,0.0
0,577100,VOLCANIC_ROCK_VOUCHER_9500,922.0,17.0,0.0,0.0,0.0,0.0,923,17,0.0,0.0,0.0,0.0,922.5,0.0
0,577200,VOLCANIC_ROCK_VOUCHER_9500,922.0,12.0,0.0,0.0,0.0,0.0,923,12,0.0,0.0,0.0,0.0,922.5,0.0
0,577300,VOLCANIC_ROCK_VOUCHER_9500,924.0,33.0,0.0,0.0,0.0,0.0,925,13,0.0,0.0,0.0,0.0,924.5,0.0
0,577400,VOLCANIC_ROCK_VOUCHER_9500,925.0,17.0,0.0,0.0,0.0,0.0,926,17,0.0,0.0,0.0,0.0,925.5,0.0
0,577500,VOLCANIC_ROCK_VOUCHER_9500,929.0,14.0,0.0,0.0,0.0,0.0,930,14,0.0,0.0,0.0,0.0,929.5,0.0
0,577600,VOLCANIC_ROCK_VOUCHER_9500,926.0,15.0,0.0,0.0,0.0,0.0,928,15,0.0,0.0,0.0,0.0,927.0,0.0
0,577700,VOLCANIC_ROCK_VOUCHER_9500,927.0,22.0,0.0,0.0,0.0,0.0,928,22,0.0,0.0,0.0,0.0,927.5,0.0
0,577800,VOLCANIC_ROCK_VOUCHER_9500,927.0,22.0,0.0,0.0,0.0,0.0,928,22,0.0,0.0,0.0,0.0,927.5,0.0
0,577900,VOLCANIC_ROCK_VOUCHER_9500,928.0,13.0,0.0,0.0,0.0,0.0,929,13,0.0,0.0,0.0,0.0,928.5,0.0
0,578000,VOLCANIC_ROCK_VOUCHER_9500,933.0,20.0,0.0,0.0,0.0,0.0,934,20,0.0,0.0,0.0,0.0,933.5,0.0
0,578100,VOLCANIC_ROCK_VOUCHER_9500,931.0,11.0,0.0,0.0,0.0,0.0,932,11,0.0,0.0,0.0,0.0,931.5,0.0
0,578200,VOLCANIC_ROCK_VOUCHER_9500,934.0,21.0,0.0,0.0,0.0,0.0,935,21,0.0,0.0,0.0,0.0,934.5,0.0
0,578300,VOLCANIC_ROCK_VOUCHER_9500,932.0,19.0,0.0,0.0,0.0,0.0,933,19,0.0,0.0,0.0,0.0,932.5,0.0
0,578400,VOLCANIC_ROCK_VOUCHER_9500,931.0,17.0,0.0,0.0,0.0,0.0,932,17,0.0,0.0,0.0,0.0,931.5,0.0
0,578500,VOLCANIC_ROCK_VOUCHER_9500,934.0,21.0,0.0,0.0,0.0,0.0,935,21,0.0,0.0,0.0,0.0,934.5,0.0
0,578600,VOLCANIC_ROCK_VOUCHER_9500,933.0,11.0,0.0,0.0,0.0,0.0,934,11,0.0,0.0,0.0,0.0,933.5,0.0
0,578700,VOLCANIC_ROCK_VOUCHER_9500,932.0,1.0,0.0,0.0,0.0,0.0,933,19,0.0,0.0,0.0,0.0,932.5,0.0
0,578800,VOLCANIC_ROCK_VOUCHER_9500,927.0,22.0,0.0,0.0,0.0,0.0,928,22,0.0,0.0,0.0,0.0,927.5,0.0
0,578900,VOLCANIC_ROCK_VOUCHER_9500,925.0,13.0,0.0,0.0,0.0,0.0,926,13,0.0,0.0,0.0,0.0,925.5,0.0
0,579000,VOLCANIC_ROCK_VOUCHER_9500,929.0,11.0,0.0,0.0,0.0,0.0,931,11,0.0,0.0,0.0,0.0,930.0,0.0
0,579100,VOLCANIC_ROCK_VOUCHER_9500,930.0,2.0,0.0,0.0,0.0,0.0,931,18,0.0,0.0,0.0,0.0,930.5,0.0
0,579200,VOLCANIC_ROCK_VOUCHER_9500,931.0,14.0,0.0,0.0,0.0,0.0,933,14,0.0,0.0,0.0,0.0,932.0,0.0
0,579300,VOLCANIC_ROCK_VOUCHER_9500,932.0,11.0,0.0,0.0,0.0,0.0,933,11,0.0,0.0,0.0,0.0,932.5,0.0
0,579400,VOLCANIC_ROCK_VOUCHER_9500,932.0,11.0,0.0,0.0,0.0,0.0,934,11,0.0,0.0,0.0,0.0,933.0,0.0
0,579500,VOLCANIC_ROCK_VOUCHER_9500,928.0,11.0,0.0,0.0,0.0,0.0,929,11,0.0,0.0,0.0,0.0,928.5,0.0
0,579600,VOLCANIC_ROCK_VOUCHER_9500,927.0,10.0,0.0,0.0,0.0,0.0,928,10,0.0,0.0,0.0,0.0,927.5,0.0
0,579700,VOLCANIC_ROCK_VOUCHER_9500,928.0,16.0,0.0,0.0,0.0,0.0,929,16,0.0,0.0,0.0,0.0,928.5,0.0
0,579800,VOLCANIC_ROCK_VOUCHER_9500,929.0,5.0,0.0,0.0,0.0,0.0,931,18,0.0,0.0,0.0,0.0,930.0,0.0
0,579900,VOLCANIC_ROCK_VOUCHER_9500,931.0,15.0,0.0,0.0,0.0,0.0,932,15,0.0,0.0,0.0,0.0,931.5,0.0
0,580000,VOLCANIC_ROCK_VOUCHER_9500,928.0,18.0,0.0,0.0,0.0,0.0,930,18,0.0,0.0,0.0,0.0,929.0,0.0
0,580100,VOLCANIC_ROCK_VOUCHER_9500,926.0,13.0,0.0,0.0,0.0,0.0,927,13,0.0,0.0,0.0,0.0,926.5,0.0
0,580200,VOLCANIC_ROCK_VOUCHER_9500,926.0,16.0,0.0,0.0,0.0,0.0,927,16,0.0,0.0,0.0,0.0,926.5,0.0
0,580300,VOLCANIC_ROCK_VOUCHER_9500,928.0,18.0,0.0,0.0,0.0,0.0,929,18,0.0,0.0,0.0,0.0,928.5,0.0
0,580400,VOLCANIC_ROCK_VOUCHER_9500,929.0,15.0,0.0,0.0,0.0,0.0,930,15,0.0,0.0,0.0,0.0,929.5,0.0
0,580500,VOLCANIC_ROCK_VOUCHER_9500,929.0,12.0,0.0,0.0,0.0,0.0,930,12,0.0,0.0,0.0,0.0,929.5,0.0
0,580600,VOLCANIC_ROCK_VOUCHER_9500,929.0,13.0,0.0,0.0,0.0,0.0,930,13,0.0,0.0,0.0,0.0,929.5,0.0
0,580700,VOLCANIC_ROCK_VOUCHER_9500,928.0,19.0,0.0,0.0,0.0,0.0,929,19,0.0,0.0,0.0,0.0,928.5,0.0
0,580800,VOLCANIC_ROCK_VOUCHER_9500,930.0,12.0,0.0,0.0,0.0,0.0,931,12,0.0,0.0,0.0,0.0,930.5,0.0
0,580900,VOLCANIC_ROCK_VOUCHER_9500,930.0,19.0,0.0,0.0,0.0,0.0,931,19,0.0,0.0,0.0,0.0,930.5,0.0
0,581000,VOLCANIC_ROCK_VOUCHER_9500,929.0,14.0,0.0,0.0,0.0,0.0,930,14,0.0,0.0,0.0,0.0,929.5,0.0
0,581100,VOLCANIC_ROCK_VOUCHER_9500,929.0,20.0,0.0,0.0,0.0,0.0,930,20,0.0,0.0,0.0,0.0,929.5,0.0
0,581200,VOLCANIC_ROCK_VOUCHER_9500,928.0,12.0,0.0,0.0,0.0,0.0,929,12,0.0,0.0,0.0,0.0,928.5,0.0
0,581300,VOLCANIC_ROCK_VOUCHER_9500,930.0,38.0,0.0,0.0,0.0,0.0,931,2,932.0,17.0,0.0,0.0,930.5,0.0
0,581400,VOLCANIC_ROCK_VOUCHER_9500,930.0,17.0,0.0,0.0,0.0,0.0,931,17,0.0,0.0,0.0,0.0,930.5,0.0
0,581500,VOLCANIC_ROCK_VOUCHER_9500,934.0,35.0,0.0,0.0,0.0,0.0,935,20,0.0,0.0,0.0,0.0,934.5,0.0
0,581600,VOLCANIC_ROCK_VOUCHER_9500,933.0,32.0,0.0,0.0,0.0,0.0,934,12,0.0,0.0,0.0,0.0,933.5,0.0
0,581700,VOLCANIC_ROCK_VOUCHER_9500,934.0,17.0,0.0,0.0,0.0,0.0,935,17,0.0,0.0,0.0,0.0,934.5,0.0
0,581800,VOLCANIC_ROCK_VOUCHER_9500,933.0,12.0,0.0,0.0,0.0,0.0,934,12,0.0,0.0,0.0,0.0,933.5,0.0
0,581900,VOLCANIC_ROCK_VOUCHER_9500,931.0,15.0,0.0,0.0,0.0,0.0,932,15,0.0,0.0,0.0,0.0,931.5,0.0
0,582000,VOLCANIC_ROCK_VOUCHER_9500,932.0,10.0,0.0,0.0,0.0,0.0,933,10,0.0,0.0,0.0,0.0,932.5,0.0
0,582100,VOLCANIC_ROCK_VOUCHER_9500,933.0,36.0,0.0,0.0,0.0,0.0,934,16,0.0,0.0,0.0,0.0,933.5,0.0
0,582200,VOLCANIC_ROCK_VOUCHER_9500,935.0,17.0,0.0,0.0,0.0,0.0,936,17,0.0,0.0,0.0,0.0,935.5,0.0
0,582300,VOLCANIC_ROCK_VOUCHER_9500,932.0,13.0,0.0,0.0,0.0,0.0,933,13,0.0,0.0,0.0,0.0,932.5,0.0
0,582400,VOLCANIC_ROCK_VOUCHER_9500,932.0,11.0,0.0,0.0,0.0,0.0,933,11,0.0,0.0,0.0,0.0,932.5,0.0
0,582500,VOLCANIC_ROCK_VOUCHER_9500,934.0,20.0,0.0,0.0,0.0,0.0,935,20,0.0,0.0,0.0,0.0,934.5,0.0
0,582600,VOLCANIC_ROCK_VOUCHER_9500,934.0,16.0,0.0,0.0,0.0,0.0,935,16,0.0,0.0,0.0,0.0,934.5,0.0
0,582700,VOLCANIC_ROCK_VOUCHER_9500,934.0,17.0,0.0,0.0,0.0,0.0,935,17,0.0,0.0,0.0,0.0,934.5,0.0
0,582800,VOLCANIC_ROCK_VOUCHER_9500,935.0,19.0,0.0,0.0,0.0,0.0,936,19,0.0,0.0,0.0,0.0,935.5,0.0
0,582900,VOLCANIC_ROCK_VOUCHER_9500,935.0,12.0,0.0,0.0,0.0,0.0,936,12,0.0,0.0,0.0,0.0,935.5,0.0
0,583000,VOLCANIC_ROCK_VOUCHER_9500,935.0,21.0,0.0,0.0,0.0,0.0,936,21,0.0,0.0,0.0,0.0,935.5,0.0
0,583100,VOLCANIC_ROCK_VOUCHER_9500,934.0,15.0,0.0,0.0,0.0,0.0,935,15,0.0,0.0,0.0,0.0,934.5,0.0
0,583200,VOLCANIC_ROCK_VOUCHER_9500,935.0,11.0,0.0,0.0,0.0,0.0,936,11,0.0,0.0,0.0,0.0,935.5,0.0
0,583300,VOLCANIC_ROCK_VOUCHER_9500,0.0,0.0,0.0,0.0,0.0,0.0,936,6,937.0,11.0,0.0,0.0,936.0,0.0
0,583400,VOLCANIC_ROCK_VOUCHER_9500,932.0,21.0,0.0,0.0,0.0,0.0,933,21,0.0,0.0,0.0,0.0,932.5,0.0
0,583500,VOLCANIC_ROCK_VOUCHER_9500,0.0,0.0,0.0,0.0,0.0,0.0,931,5,932.0,12.0,0.0,0.0,931.0,0.0
0,583600,VOLCANIC_ROCK_VOUCHER_9500,934.0,14.0,0.0,0.0,0.0,0.0,935,14,0.0,0.0,0.0,0.0,934.5,0.0
0,583700,VOLCANIC_ROCK_VOUCHER_9500,932.0,12.0,0.0,0.0,0.0,0.0,934,12,0.0,0.0,0.0,0.0,933.0,0.0
0,583800,VOLCANIC_ROCK_VOUCHER_9500,928.0,18.0,0.0,0.0,0.0,0.0,929,18,0.0,0.0,0.0,0.0,928.5,0.0
0,583900,VOLCANIC_ROCK_VOUCHER_9500,928.0,20.0,0.0,0.0,0.0,0.0,929,20,0.0,0.0,0.0,0.0,928.5,0.0
0,584000,VOLCANIC_ROCK_VOUCHER_9500,928.0,19.0,0.0,0.0,0.0,0.0,929,19,0.0,0.0,0.0,0.0,928.5,0.0
0,584100,VOLCANIC_ROCK_VOUCHER_9500,934.0,18.0,0.0,0.0,0.0,0.0,936,18,0.0,0.0,0.0,0.0,935.0,0.0
0,584200,VOLCANIC_ROCK_VOUCHER_9500,932.0,16.0,0.0,0.0,0.0,0.0,933,16,0.0,0.0,0.0,0.0,932.5,0.0
0,584300,VOLCANIC_ROCK_VOUCHER_9500,933.0,21.0,0.0,0.0,0.0,0.0,934,21,0.0,0.0,0.0,0.0,933.5,0.0
0,584400,VOLCANIC_ROCK_VOUCHER_9500,934.0,1.0,933.0,11.0,0.0,0.0,935,12,0.0,0.0,0.0,0.0,934.5,0.0
0,584500,VOLCANIC_ROCK_VOUCHER_9500,934.0,19.0,0.0,0.0,0.0,0.0,935,19,0.0,0.0,0.0,0.0,934.5,0.0
0,584600,VOLCANIC_ROCK_VOUCHER_9500,934.0,20.0,0.0,0.0,0.0,0.0,935,20,0.0,0.0,0.0,0.0,934.5,0.0
0,584700,VOLCANIC_ROCK_VOUCHER_9500,935.0,17.0,0.0,0.0,0.0,0.0,936,17,0.0,0.0,0.0,0.0,935.5,0.0
0,584800,VOLCANIC_ROCK_VOUCHER_9500,936.0,21.0,0.0,0.0,0.0,0.0,938,21,0.0,0.0,0.0,0.0,937.0,0.0
0,584900,VOLCANIC_ROCK_VOUCHER_9500,933.0,14.0,0.0,0.0,0.0,0.0,934,14,0.0,0.0,0.0,0.0,933.5,0.0
0,585000,VOLCANIC_ROCK_VOUCHER_9500,931.0,18.0,0.0,0.0,0.0,0.0,932,18,0.0,0.0,0.0,0.0,931.5,0.0
0,585100,VOLCANIC_ROCK_VOUCHER_9500,931.0,20.0,0.0,0.0,0.0,0.0,932,20,0.0,0.0,0.0,0.0,931.5,0.0
0,585200,VOLCANIC_ROCK_VOUCHER_9500,932.0,12.0,0.0,0.0,0.0,0.0,933,12,0.0,0.0,0.0,0.0,932.5,0.0
0,585300,VOLCANIC_ROCK_VOUCHER_9500,931.0,11.0,0.0,0.0,0.0,0.0,932,11,0.0,0.0,0.0,0.0,931.5,0.0
0,585400,VOLCANIC_ROCK_VOUCHER_9500,930.0,16.0,0.0,0.0,0.0,0.0,932,16,0.0,0.0,0.0,0.0,931.0,0.0
0,585500,VOLCANIC_ROCK_VOUCHER_9500,934.0,12.0,0.0,0.0,0.0,0.0,935,12,0.0,0.0,0.0,0.0,934.5,0.0
0,585600,VOLCANIC_ROCK_VOUCHER_9500,934.0,10.0,0.0,0.0,0.0,0.0,935,10,0.0,0.0,0.0,0.0,934.5,0.0
0,585700,VOLCANIC_ROCK_VOUCHER_9500,936.0,14.0,0.0,0.0,0.0,0.0,937,14,0.0,0.0,0.0,0.0,936.5,0.0
0,585800,VOLCANIC_ROCK_VOUCHER_9500,934.0,17.0,0.0,0.0,0.0,0.0,935,17,0.0,0.0,0.0,0.0,934.5,0.0
0,585900,VOLCANIC_ROCK_VOUCHER_9500,933.0,3.0,0.0,0.0,0.0,0.0,934,20,0.0,0.0,0.0,0.0,933.5,0.0
0,586000,VOLCANIC_ROCK_VOUCHER_9500,933.0,28.0,0.0,0.0,0.0,0.0,935,16,0.0,0.0,0.0,0.0,934.0,0.0
0,586100,VOLCANIC_ROCK_VOUCHER_9500,933.0,16.0,0.0,0.0,0.0,0.0,934,16,0.0,0.0,0.0,0.0,933.5,0.0
0,586200,VOLCANIC_ROCK_VOUCHER_9500,933.0,14.0,0.0,0.0,0.0,0.0,934,14,0.0,0.0,0.0,0.0,933.5,0.0
0,586300,VOLCANIC_ROCK_VOUCHER_9500,931.0,22.0,0.0,0.0,0.0,0.0,932,22,0.0,0.0,0.0,0.0,931.5,0.0
0,586400,VOLCANIC_ROCK_VOUCHER_9500,930.0,14.0,0.0,0.0,0.0,0.0,931,14,0.0,0.0,0.0,0.0,930.5,0.0
0,586500,VOLCANIC_ROCK_VOUCHER_9500,924.0,16.0,0.0,0.0,0.0,0.0,925,16,0.0,0.0,0.0,0.0,924.5,0.0
0,586600,VOLCANIC_ROCK_VOUCHER_9500,920.0,15.0,0.0,0.0,0.0,0.0,921,2,922.0,13.0,0.0,0.0,920.5,0.0
0,586700,VOLCANIC_ROCK_VOUCHER_9500,921.0,13.0,0.0,0.0,0.0,0.0,922,13,0.0,0.0,0.0,0.0,921.5,0.0
0,586800,VOLCANIC_ROCK_VOUCHER_9500,921.0,16.0,0.0,0.0,0.0,0.0,922,16,0.0,0.0,0.0,0.0,921.5,0.0
0,586900,VOLCANIC_ROCK_VOUCHER_9500,920.0,13.0,0.0,0.0,0.0,0.0,921,13,0.0,0.0,0.0,0.0,920.5,0.0
0,587000,VOLCANIC_ROCK_VOUCHER_9500,918.0,11.0,0.0,0.0,0.0,0.0,920,11,0.0,0.0,0.0,0.0,919.0,0.0
0,587100,VOLCANIC_ROCK_VOUCHER_9500,913.0,18.0,0.0,0.0,0.0,0.0,914,18,0.0,0.0,0.0,0.0,913.5,0.0
0,587200,VOLCANIC_ROCK_VOUCHER_9500,909.0,13.0,0.0,0.0,0.0,0.0,910,1,911.0,12.0,0.0,0.0,909.5,0.0
0,587300,VOLCANIC_ROCK_VOUCHER_9500,910.0,22.0,0.0,0.0,0.0,0.0,912,22,0.0,0.0,0.0,0.0,911.0,0.0
0,587400,VOLCANIC_ROCK_VOUCHER_9500,909.0,13.0,0.0,0.0,0.0,0.0,910,13,0.0,0.0,0.0,0.0,909.5,0.0
0,587500,VOLCANIC_ROCK_VOUCHER_9500,910.0,17.0,0.0,0.0,0.0,0.0,911,17,0.0,0.0,0.0,0.0,910.5,0.0
0,587600,VOLCANIC_ROCK_VOUCHER_9500,909.0,12.0,0.0,0.0,0.0,0.0,911,12,0.0,0.0,0.0,0.0,910.0,0.0
0,587700,VOLCANIC_ROCK_VOUCHER_9500,909.0,19.0,0.0,0.0,0.0,0.0,911,19,0.0,0.0,0.0,0.0,910.0,0.0
0,587800,VOLCANIC_ROCK_VOUCHER_9500,910.0,26.0,0.0,0.0,0.0,0.0,911,15,0.0,0.0,0.0,0.0,910.5,0.0
0,587900,VOLCANIC_ROCK_VOUCHER_9500,910.0,11.0,0.0,0.0,0.0,0.0,912,11,0.0,0.0,0.0,0.0,911.0,0.0
0,588000,VOLCANIC_ROCK_VOUCHER_9500,912.0,18.0,0.0,0.0,0.0,0.0,914,18,0.0,0.0,0.0,0.0,913.0,0.0
0,588100,VOLCANIC_ROCK_VOUCHER_9500,909.0,10.0,0.0,0.0,0.0,0.0,910,10,0.0,0.0,0.0,0.0,909.5,0.0
0,588200,VOLCANIC_ROCK_VOUCHER_9500,905.0,13.0,0.0,0.0,0.0,0.0,906,13,0.0,0.0,0.0,0.0,905.5,0.0
0,588300,VOLCANIC_ROCK_VOUCHER_9500,907.0,17.0,0.0,0.0,0.0,0.0,908,17,0.0,0.0,0.0,0.0,907.5,0.0
0,588400,VOLCANIC_ROCK_VOUCHER_9500,906.0,14.0,0.0,0.0,0.0,0.0,908,14,0.0,0.0,0.0,0.0,907.0,0.0
0,588500,VOLCANIC_ROCK_VOUCHER_9500,906.0,16.0,0.0,0.0,0.0,0.0,907,16,0.0,0.0,0.0,0.0,906.5,0.0
0,588600,VOLCANIC_ROCK_VOUCHER_9500,907.0,11.0,0.0,0.0,0.0,0.0,909,11,0.0,0.0,0.0,0.0,908.0,0.0
0,588700,VOLCANIC_ROCK_VOUCHER_9500,906.0,22.0,0.0,0.0,0.0,0.0,907,22,0.0,0.0,0.0,0.0,906.5,0.0
0,588800,VOLCANIC_ROCK_VOUCHER_9500,907.0,17.0,0.0,0.0,0.0,0.0,908,17,0.0,0.0,0.0,0.0,907.5,0.0
0,588900,VOLCANIC_ROCK_VOUCHER_9500,911.0,15.0,0.0,0.0,0.0,0.0,912,15,0.0,0.0,0.0,0.0,911.5,0.0
0,589000,VOLCANIC_ROCK_VOUCHER_9500,911.0,16.0,0.0,0.0,0.0,0.0,912,16,0.0,0.0,0.0,0.0,911.5,0.0
0,589100,VOLCANIC_ROCK_VOUCHER_9500,909.0,39.0,0.0,0.0,0.0,0.0,911,20,0.0,0.0,0.0,0.0,910.0,0.0
0,589200,VOLCANIC_ROCK_VOUCHER_9500,910.0,22.0,0.0,0.0,0.0,0.0,911,22,0.0,0.0,0.0,0.0,910.5,0.0
0,589300,VOLCANIC_ROCK_VOUCHER_9500,910.0,15.0,0.0,0.0,0.0,0.0,911,15,0.0,0.0,0.0,0.0,910.5,0.0
0,589400,VOLCANIC_ROCK_VOUCHER_9500,910.0,15.0,0.0,0.0,0.0,0.0,911,15,0.0,0.0,0.0,0.0,910.5,0.0
0,589500,VOLCANIC_ROCK_VOUCHER_9500,911.0,21.0,0.0,0.0,0.0,0.0,912,21,0.0,0.0,0.0,0.0,911.5,0.0
0,589600,VOLCANIC_ROCK_VOUCHER_9500,911.0,19.0,0.0,0.0,0.0,0.0,912,19,0.0,0.0,0.0,0.0,911.5,0.0
0,589700,VOLCANIC_ROCK_VOUCHER_9500,910.0,17.0,0.0,0.0,0.0,0.0,911,17,0.0,0.0,0.0,0.0,910.5,0.0
0,589800,VOLCANIC_ROCK_VOUCHER_9500,909.0,12.0,0.0,0.0,0.0,0.0,910,12,0.0,0.0,0.0,0.0,909.5,0.0
0,589900,VOLCANIC_ROCK_VOUCHER_9500,910.0,14.0,0.0,0.0,0.0,0.0,911,14,0.0,0.0,0.0,0.0,910.5,0.0
0,590000,VOLCANIC_ROCK_VOUCHER_9500,914.0,13.0,0.0,0.0,0.0,0.0,915,13,0.0,0.0,0.0,0.0,914.5,0.0
0,590100,VOLCANIC_ROCK_VOUCHER_9500,913.0,18.0,0.0,0.0,0.0,0.0,914,18,0.0,0.0,0.0,0.0,913.5,0.0
0,590200,VOLCANIC_ROCK_VOUCHER_9500,912.0,22.0,0.0,0.0,0.0,0.0,913,22,0.0,0.0,0.0,0.0,912.5,0.0
0,590300,VOLCANIC_ROCK_VOUCHER_9500,912.0,14.0,0.0,0.0,0.0,0.0,913,14,0.0,0.0,0.0,0.0,912.5,0.0
0,590400,VOLCANIC_ROCK_VOUCHER_9500,912.0,17.0,0.0,0.0,0.0,0.0,913,17,0.0,0.0,0.0,0.0,912.5,0.0
0,590500,VOLCANIC_ROCK_VOUCHER_9500,914.0,16.0,0.0,0.0,0.0,0.0,915,16,0.0,0.0,0.0,0.0,914.5,0.0
0,590600,VOLCANIC_ROCK_VOUCHER_9500,914.0,14.0,0.0,0.0,0.0,0.0,915,14,0.0,0.0,0.0,0.0,914.5,0.0
0,590700,VOLCANIC_ROCK_VOUCHER_9500,912.0,12.0,0.0,0.0,0.0,0.0,913,12,0.0,0.0,0.0,0.0,912.5,0.0
0,590800,VOLCANIC_ROCK_VOUCHER_9500,913.0,18.0,0.0,0.0,0.0,0.0,914,18,0.0,0.0,0.0,0.0,913.5,0.0
0,590900,VOLCANIC_ROCK_VOUCHER_9500,914.0,15.0,0.0,0.0,0.0,0.0,915,15,0.0,0.0,0.0,0.0,914.5,0.0
0,591000,VOLCANIC_ROCK_VOUCHER_9500,911.0,14.0,0.0,0.0,0.0,0.0,912,14,0.0,0.0,0.0,0.0,911.5,0.0
0,591100,VOLCANIC_ROCK_VOUCHER_9500,909.0,10.0,0.0,0.0,0.0,0.0,910,10,0.0,0.0,0.0,0.0,909.5,0.0
0,591200,VOLCANIC_ROCK_VOUCHER_9500,903.0,13.0,0.0,0.0,0.0,0.0,905,13,0.0,0.0,0.0,0.0,904.0,0.0
0,591300,VOLCANIC_ROCK_VOUCHER_9500,903.0,21.0,0.0,0.0,0.0,0.0,905,21,0.0,0.0,0.0,0.0,904.0,0.0
0,591400,VOLCANIC_ROCK_VOUCHER_9500,908.0,15.0,0.0,0.0,0.0,0.0,909,15,0.0,0.0,0.0,0.0,908.5,0.0
0,591500,VOLCANIC_ROCK_VOUCHER_9500,907.0,18.0,0.0,0.0,0.0,0.0,908,18,0.0,0.0,0.0,0.0,907.5,0.0
0,591600,VOLCANIC_ROCK_VOUCHER_9500,904.0,18.0,0.0,0.0,0.0,0.0,906,18,0.0,0.0,0.0,0.0,905.0,0.0
0,591700,VOLCANIC_ROCK_VOUCHER_9500,908.0,13.0,0.0,0.0,0.0,0.0,909,13,0.0,0.0,0.0,0.0,908.5,0.0
0,591800,VOLCANIC_ROCK_VOUCHER_9500,906.0,16.0,0.0,0.0,0.0,0.0,907,16,0.0,0.0,0.0,0.0,906.5,0.0
0,591900,VOLCANIC_ROCK_VOUCHER_9500,904.0,20.0,0.0,0.0,0.0,0.0,905,20,0.0,0.0,0.0,0.0,904.5,0.0
0,592000,VOLCANIC_ROCK_VOUCHER_9500,906.0,19.0,0.0,0.0,0.0,0.0,907,19,0.0,0.0,0.0,0.0,906.5,0.0
0,592100,VOLCANIC_ROCK_VOUCHER_9500,908.0,21.0,0.0,0.0,0.0,0.0,909,11,0.0,0.0,0.0,0.0,908.5,0.0
0,592200,VOLCANIC_ROCK_VOUCHER_9500,906.0,12.0,0.0,0.0,0.0,0.0,907,12,0.0,0.0,0.0,0.0,906.5,0.0
0,592300,VOLCANIC_ROCK_VOUCHER_9500,904.0,18.0,0.0,0.0,0.0,0.0,905,18,0.0,0.0,0.0,0.0,904.5,0.0
0,592400,VOLCANIC_ROCK_VOUCHER_9500,906.0,12.0,0.0,0.0,0.0,0.0,907,12,0.0,0.0,0.0,0.0,906.5,0.0
0,592500,VOLCANIC_ROCK_VOUCHER_9500,905.0,17.0,0.0,0.0,0.0,0.0,906,17,0.0,0.0,0.0,0.0,905.5,0.0
0,592600,VOLCANIC_ROCK_VOUCHER_9500,904.0,2.0,0.0,0.0,0.0,0.0,905,16,0.0,0.0,0.0,0.0,904.5,0.0
0,592700,VOLCANIC_ROCK_VOUCHER_9500,904.0,13.0,0.0,0.0,0.0,0.0,905,13,0.0,0.0,0.0,0.0,904.5,0.0
0,592800,VOLCANIC_ROCK_VOUCHER_9500,904.0,16.0,0.0,0.0,0.0,0.0,905,16,0.0,0.0,0.0,0.0,904.5,0.0
0,592900,VOLCANIC_ROCK_VOUCHER_9500,904.0,13.0,0.0,0.0,0.0,0.0,905,13,0.0,0.0,0.0,0.0,904.5,0.0
0,593000,VOLCANIC_ROCK_VOUCHER_9500,905.0,18.0,0.0,0.0,0.0,0.0,906,18,0.0,0.0,0.0,0.0,905.5,0.0
0,593100,VOLCANIC_ROCK_VOUCHER_9500,905.0,13.0,0.0,0.0,0.0,0.0,906,13,0.0,0.0,0.0,0.0,905.5,0.0
0,593200,VOLCANIC_ROCK_VOUCHER_9500,905.0,16.0,0.0,0.0,0.0,0.0,906,16,0.0,0.0,0.0,0.0,905.5,0.0
0,593300,VOLCANIC_ROCK_VOUCHER_9500,904.0,18.0,0.0,0.0,0.0,0.0,905,18,0.0,0.0,0.0,0.0,904.5,0.0
0,593400,VOLCANIC_ROCK_VOUCHER_9500,904.0,19.0,0.0,0.0,0.0,0.0,905,19,0.0,0.0,0.0,0.0,904.5,0.0
0,593500,VOLCANIC_ROCK_VOUCHER_9500,906.0,17.0,0.0,0.0,0.0,0.0,907,17,0.0,0.0,0.0,0.0,906.5,0.0
0,593600,VOLCANIC_ROCK_VOUCHER_9500,911.0,14.0,0.0,0.0,0.0,0.0,912,14,0.0,0.0,0.0,0.0,911.5,0.0
0,593700,VOLCANIC_ROCK_VOUCHER_9500,920.0,12.0,0.0,0.0,0.0,0.0,922,12,0.0,0.0,0.0,0.0,921.0,0.0
0,593800,VOLCANIC_ROCK_VOUCHER_9500,919.0,37.0,0.0,0.0,0.0,0.0,920,19,0.0,0.0,0.0,0.0,919.5,0.0
0,593900,VOLCANIC_ROCK_VOUCHER_9500,924.0,12.0,0.0,0.0,0.0,0.0,925,12,0.0,0.0,0.0,0.0,924.5,0.0
0,594000,VOLCANIC_ROCK_VOUCHER_9500,925.0,13.0,0.0,0.0,0.0,0.0,926,13,0.0,0.0,0.0,0.0,925.5,0.0
0,594100,VOLCANIC_ROCK_VOUCHER_9500,926.0,21.0,0.0,0.0,0.0,0.0,927,21,0.0,0.0,0.0,0.0,926.5,0.0
0,594200,VOLCANIC_ROCK_VOUCHER_9500,925.0,19.0,0.0,0.0,0.0,0.0,926,19,0.0,0.0,0.0,0.0,925.5,0.0
0,594300,VOLCANIC_ROCK_VOUCHER_9500,925.0,20.0,0.0,0.0,0.0,0.0,926,20,0.0,0.0,0.0,0.0,925.5,0.0
0,594400,VOLCANIC_ROCK_VOUCHER_9500,925.0,17.0,0.0,0.0,0.0,0.0,926,17,0.0,0.0,0.0,0.0,925.5,0.0
0,594500,VOLCANIC_ROCK_VOUCHER_9500,928.0,13.0,0.0,0.0,0.0,0.0,929,13,0.0,0.0,0.0,0.0,928.5,0.0
0,594600,VOLCANIC_ROCK_VOUCHER_9500,928.0,11.0,0.0,0.0,0.0,0.0,929,11,0.0,0.0,0.0,0.0,928.5,0.0
0,594700,VOLCANIC_ROCK_VOUCHER_9500,928.0,16.0,0.0,0.0,0.0,0.0,929,16,0.0,0.0,0.0,0.0,928.5,0.0
0,594800,VOLCANIC_ROCK_VOUCHER_9500,931.0,16.0,0.0,0.0,0.0,0.0,932,16,0.0,0.0,0.0,0.0,931.5,0.0
0,594900,VOLCANIC_ROCK_VOUCHER_9500,929.0,13.0,0.0,0.0,0.0,0.0,930,13,0.0,0.0,0.0,0.0,929.5,0.0
0,595000,VOLCANIC_ROCK_VOUCHER_9500,929.0,12.0,0.0,0.0,0.0,0.0,930,12,0.0,0.0,0.0,0.0,929.5,0.0
0,595100,VOLCANIC_ROCK_VOUCHER_9500,923.0,19.0,0.0,0.0,0.0,0.0,925,19,0.0,0.0,0.0,0.0,924.0,0.0
0,595200,VOLCANIC_ROCK_VOUCHER_9500,922.0,13.0,0.0,0.0,0.0,0.0,923,13,0.0,0.0,0.0,0.0,922.5,0.0
0,595300,VOLCANIC_ROCK_VOUCHER_9500,918.0,15.0,0.0,0.0,0.0,0.0,919,15,0.0,0.0,0.0,0.0,918.5,0.0
0,595400,VOLCANIC_ROCK_VOUCHER_9500,916.0,18.0,0.0,0.0,0.0,0.0,918,18,0.0,0.0,0.0,0.0,917.0,0.0
0,595500,VOLCANIC_ROCK_VOUCHER_9500,917.0,19.0,0.0,0.0,0.0,0.0,918,19,0.0,0.0,0.0,0.0,917.5,0.0
0,595600,VOLCANIC_ROCK_VOUCHER_9500,919.0,17.0,0.0,0.0,0.0,0.0,920,17,0.0,0.0,0.0,0.0,919.5,0.0
0,595700,VOLCANIC_ROCK_VOUCHER_9500,917.0,12.0,0.0,0.0,0.0,0.0,918,12,0.0,0.0,0.0,0.0,917.5,0.0
0,595800,VOLCANIC_ROCK_VOUCHER_9500,915.0,18.0,0.0,0.0,0.0,0.0,916,18,0.0,0.0,0.0,0.0,915.5,0.0
0,595900,VOLCANIC_ROCK_VOUCHER_9500,915.0,14.0,0.0,0.0,0.0,0.0,916,14,0.0,0.0,0.0,0.0,915.5,0.0
0,596000,VOLCANIC_ROCK_VOUCHER_9500,912.0,12.0,0.0,0.0,0.0,0.0,913,12,0.0,0.0,0.0,0.0,912.5,0.0
0,596100,VOLCANIC_ROCK_VOUCHER_9500,918.0,12.0,0.0,0.0,0.0,0.0,919,12,0.0,0.0,0.0,0.0,918.5,0.0
0,596200,VOLCANIC_ROCK_VOUCHER_9500,916.0,17.0,0.0,0.0,0.0,0.0,918,17,0.0,0.0,0.0,0.0,917.0,0.0
0,596300,VOLCANIC_ROCK_VOUCHER_9500,916.0,19.0,0.0,0.0,0.0,0.0,917,19,0.0,0.0,0.0,0.0,916.5,0.0
0,596400,VOLCANIC_ROCK_VOUCHER_9500,915.0,13.0,0.0,0.0,0.0,0.0,916,13,0.0,0.0,0.0,0.0,915.5,0.0
0,596500,VOLCANIC_ROCK_VOUCHER_9500,917.0,19.0,0.0,0.0,0.0,0.0,918,19,0.0,0.0,0.0,0.0,917.5,0.0
0,596600,VOLCANIC_ROCK_VOUCHER_9500,916.0,14.0,0.0,0.0,0.0,0.0,917,14,0.0,0.0,0.0,0.0,916.5,0.0
0,596700,VOLCANIC_ROCK_VOUCHER_9500,916.0,12.0,0.0,0.0,0.0,0.0,917,12,0.0,0.0,0.0,0.0,916.5,0.0
0,596800,VOLCANIC_ROCK_VOUCHER_9500,922.0,36.0,0.0,0.0,0.0,0.0,923,19,0.0,0.0,0.0,0.0,922.5,0.0
0,596900,VOLCANIC_ROCK_VOUCHER_9500,923.0,16.0,0.0,0.0,0.0,0.0,924,16,0.0,0.0,0.0,0.0,923.5,0.0
0,597000,VOLCANIC_ROCK_VOUCHER_9500,922.0,12.0,0.0,0.0,0.0,0.0,923,12,0.0,0.0,0.0,0.0,922.5,0.0
0,597100,VOLCANIC_ROCK_VOUCHER_9500,925.0,17.0,0.0,0.0,0.0,0.0,926,17,0.0,0.0,0.0,0.0,925.5,0.0
0,597200,VOLCANIC_ROCK_VOUCHER_9500,922.0,16.0,0.0,0.0,0.0,0.0,923,16,0.0,0.0,0.0,0.0,922.5,0.0
0,597300,VOLCANIC_ROCK_VOUCHER_9500,920.0,17.0,0.0,0.0,0.0,0.0,921,17,0.0,0.0,0.0,0.0,920.5,0.0
0,597400,VOLCANIC_ROCK_VOUCHER_9500,920.0,13.0,0.0,0.0,0.0,0.0,921,13,0.0,0.0,0.0,0.0,920.5,0.0
0,597500,VOLCANIC_ROCK_VOUCHER_9500,920.0,0.0,0.0,0.0,0.0,0.0,921,15,0.0,0.0,0.0,0.0,920.5,0.0
0,597600,VOLCANIC_ROCK_VOUCHER_9500,922.0,21.0,0.0,0.0,0.0,0.0,923,21,0.0,0.0,0.0,0.0,922.5,0.0
0,597700,VOLCANIC_ROCK_VOUCHER_9500,921.0,18.0,0.0,0.0,0.0,0.0,922,18,0.0,0.0,0.0,0.0,921.5,0.0
0,597800,VOLCANIC_ROCK_VOUCHER_9500,923.0,16.0,0.0,0.0,0.0,0.0,924,16,0.0,0.0,0.0,0.0,923.5,0.0
0,597900,VOLCANIC_ROCK_VOUCHER_9500,921.0,14.0,0.0,0.0,0.0,0.0,922,14,0.0,0.0,0.0,0.0,921.5,0.0
0,598000,VOLCANIC_ROCK_VOUCHER_9500,920.0,10.0,0.0,0.0,0.0,0.0,921,10,0.0,0.0,0.0,0.0,920.5,0.0
0,598100,VOLCANIC_ROCK_VOUCHER_9500,920.0,21.0,0.0,0.0,0.0,0.0,921,13,0.0,0.0,0.0,0.0,920.5,0.0
0,598200,VOLCANIC_ROCK_VOUCHER_9500,919.0,20.0,0.0,0.0,0.0,0.0,921,20,0.0,0.0,0.0,0.0,920.0,0.0
0,598300,VOLCANIC_ROCK_VOUCHER_9500,923.0,15.0,0.0,0.0,0.0,0.0,924,15,0.0,0.0,0.0,0.0,923.5,0.0
0,598400,VOLCANIC_ROCK_VOUCHER_9500,0.0,0.0,0.0,0.0,0.0,0.0,928,2,930.0,10.0,0.0,0.0,928.0,0.0
0,598500,VOLCANIC_ROCK_VOUCHER_9500,925.0,19.0,0.0,0.0,0.0,0.0,926,19,0.0,0.0,0.0,0.0,925.5,0.0
0,598600,VOLCANIC_ROCK_VOUCHER_9500,924.0,12.0,0.0,0.0,0.0,0.0,926,22,0.0,0.0,0.0,0.0,925.0,0.0
0,598700,VOLCANIC_ROCK_VOUCHER_9500,924.0,1.0,0.0,0.0,0.0,0.0,926,18,0.0,0.0,0.0,0.0,925.0,0.0
0,598800,VOLCANIC_ROCK_VOUCHER_9500,0.0,0.0,0.0,0.0,0.0,0.0,925,7,926.0,10.0,0.0,0.0,925.0,0.0
0,598900,VOLCANIC_ROCK_VOUCHER_9500,923.0,12.0,0.0,0.0,0.0,0.0,924,12,0.0,0.0,0.0,0.0,923.5,0.0
0,599000,VOLCANIC_ROCK_VOUCHER_9500,923.0,13.0,0.0,0.0,0.0,0.0,925,13,0.0,0.0,0.0,0.0,924.0,0.0
0,599100,VOLCANIC_ROCK_VOUCHER_9500,923.0,2.0,922.0,10.0,0.0,0.0,924,12,0.0,0.0,0.0,0.0,923.5,0.0
0,599200,VOLCANIC_ROCK_VOUCHER_9500,920.0,19.0,0.0,0.0,0.0,0.0,921,19,0.0,0.0,0.0,0.0,920.5,0.0
0,599300,VOLCANIC_ROCK_VOUCHER_9500,922.0,17.0,0.0,0.0,0.0,0.0,923,17,0.0,0.0,0.0,0.0,922.5,0.0
0,599400,VOLCANIC_ROCK_VOUCHER_9500,921.0,16.0,0.0,0.0,0.0,0.0,922,16,0.0,0.0,0.0,0.0,921.5,0.0
0,599500,VOLCANIC_ROCK_VOUCHER_9500,918.0,14.0,0.0,0.0,0.0,0.0,919,14,0.0,0.0,0.0,0.0,918.5,0.0
0,599600,VOLCANIC_ROCK_VOUCHER_9500,914.0,14.0,0.0,0.0,0.0,0.0,915,14,0.0,0.0,0.0,0.0,914.5,0.0
0,599700,VOLCANIC_ROCK_VOUCHER_9500,913.0,18.0,0.0,0.0,0.0,0.0,914,18,0.0,0.0,0.0,0.0,913.5,0.0
0,599800,VOLCANIC_ROCK_VOUCHER_9500,914.0,20.0,0.0,0.0,0.0,0.0,915,20,0.0,0.0,0.0,0.0,914.5,0.0
0,599900,VOLCANIC_ROCK_VOUCHER_9500,914.0,18.0,0.0,0.0,0.0,0.0,915,18,0.0,0.0,0.0,0.0,914.5,0.0
0,600000,VOLCANIC_ROCK_VOUCHER_9500,915.0,17.0,0.0,0.0,0.0,0.0,916,17,0.0,0.0,0.0,0.0,915.5,0.0
0,600100,VOLCANIC_ROCK_VOUCHER_9500,914.0,13.0,0.0,0.0,0.0,0.0,915,13,0.0,0.0,0.0,0.0,914.5,0.0
0,600200,VOLCANIC_ROCK_VOUCHER_9500,913.0,15.0,0.0,0.0,0.0,0.0,914,15,0.0,0.0,0.0,0.0,913.5,0.0
0,600300,VOLCANIC_ROCK_VOUCHER_9500,913.0,21.0,0.0,0.0,0.0,0.0,915,21,0.0,0.0,0.0,0.0,914.0,0.0
0,600400,VOLCANIC_ROCK_VOUCHER_9500,910.0,19.0,0.0,0.0,0.0,0.0,911,19,0.0,0.0,0.0,0.0,910.5,0.0
0,600500,VOLCANIC_ROCK_VOUCHER_9500,908.0,20.0,0.0,0.0,0.0,0.0,910,20,0.0,0.0,0.0,0.0,909.0,0.0
0,600600,VOLCANIC_ROCK_VOUCHER_9500,911.0,12.0,0.0,0.0,0.0,0.0,912,12,0.0,0.0,0.0,0.0,911.5,0.0
0,600700,VOLCANIC_ROCK_VOUCHER_9500,909.0,22.0,0.0,0.0,0.0,0.0,911,22,0.0,0.0,0.0,0.0,910.0,0.0
0,600800,VOLCANIC_ROCK_VOUCHER_9500,912.0,19.0,0.0,0.0,0.0,0.0,913,19,0.0,0.0,0.0,0.0,912.5,0.0
0,600900,VOLCANIC_ROCK_VOUCHER_9500,913.0,16.0,0.0,0.0,0.0,0.0,914,16,0.0,0.0,0.0,0.0,913.5,0.0
0,601000,VOLCANIC_ROCK_VOUCHER_9500,914.0,14.0,0.0,0.0,0.0,0.0,915,14,0.0,0.0,0.0,0.0,914.5,0.0
0,601100,VOLCANIC_ROCK_VOUCHER_9500,913.0,18.0,0.0,0.0,0.0,0.0,914,18,0.0,0.0,0.0,0.0,913.5,0.0
0,601200,VOLCANIC_ROCK_VOUCHER_9500,913.0,18.0,0.0,0.0,0.0,0.0,914,18,0.0,0.0,0.0,0.0,913.5,0.0
0,601300,VOLCANIC_ROCK_VOUCHER_9500,912.0,10.0,0.0,0.0,0.0,0.0,913,10,0.0,0.0,0.0,0.0,912.5,0.0
0,601400,VOLCANIC_ROCK_VOUCHER_9500,913.0,40.0,0.0,0.0,0.0,0.0,914,20,0.0,0.0,0.0,0.0,913.5,0.0
0,601500,VOLCANIC_ROCK_VOUCHER_9500,912.0,34.0,0.0,0.0,0.0,0.0,913,19,0.0,0.0,0.0,0.0,912.5,0.0
0,601600,VOLCANIC_ROCK_VOUCHER_9500,919.0,15.0,0.0,0.0,0.0,0.0,920,15,0.0,0.0,0.0,0.0,919.5,0.0
0,601700,VOLCANIC_ROCK_VOUCHER_9500,918.0,13.0,0.0,0.0,0.0,0.0,919,13,0.0,0.0,0.0,0.0,918.5,0.0
0,601800,VOLCANIC_ROCK_VOUCHER_9500,919.0,18.0,0.0,0.0,0.0,0.0,921,18,0.0,0.0,0.0,0.0,920.0,0.0
0,601900,VOLCANIC_ROCK_VOUCHER_9500,917.0,18.0,0.0,0.0,0.0,0.0,918,18,0.0,0.0,0.0,0.0,917.5,0.0
0,602000,VOLCANIC_ROCK_VOUCHER_9500,918.0,17.0,0.0,0.0,0.0,0.0,919,17,0.0,0.0,0.0,0.0,918.5,0.0
0,602100,VOLCANIC_ROCK_VOUCHER_9500,919.0,20.0,0.0,0.0,0.0,0.0,920,20,0.0,0.0,0.0,0.0,919.5,0.0
0,602200,VOLCANIC_ROCK_VOUCHER_9500,920.0,17.0,0.0,0.0,0.0,0.0,921,17,0.0,0.0,0.0,0.0,920.5,0.0
0,602300,VOLCANIC_ROCK_VOUCHER_9500,928.0,19.0,0.0,0.0,0.0,0.0,930,19,0.0,0.0,0.0,0.0,929.0,0.0
0,602400,VOLCANIC_ROCK_VOUCHER_9500,928.0,13.0,0.0,0.0,0.0,0.0,930,13,0.0,0.0,0.0,0.0,929.0,0.0
0,602500,VOLCANIC_ROCK_VOUCHER_9500,931.0,19.0,0.0,0.0,0.0,0.0,932,19,0.0,0.0,0.0,0.0,931.5,0.0
0,602600,VOLCANIC_ROCK_VOUCHER_9500,931.0,18.0,0.0,0.0,0.0,0.0,932,18,0.0,0.0,0.0,0.0,931.5,0.0
0,602700,VOLCANIC_ROCK_VOUCHER_9500,930.0,32.0,0.0,0.0,0.0,0.0,931,18,0.0,0.0,0.0,0.0,930.5,0.0
0,602800,VOLCANIC_ROCK_VOUCHER_9500,932.0,1.0,931.0,19.0,0.0,0.0,933,20,0.0,0.0,0.0,0.0,932.5,0.0
0,602900,VOLCANIC_ROCK_VOUCHER_9500,929.0,13.0,0.0,0.0,0.0,0.0,931,13,0.0,0.0,0.0,0.0,930.0,0.0
0,603000,VOLCANIC_ROCK_VOUCHER_9500,930.0,22.0,0.0,0.0,0.0,0.0,931,22,0.0,0.0,0.0,0.0,930.5,0.0
0,603100,VOLCANIC_ROCK_VOUCHER_9500,929.0,28.0,0.0,0.0,0.0,0.0,931,16,0.0,0.0,0.0,0.0,930.0,0.0
0,603200,VOLCANIC_ROCK_VOUCHER_9500,929.0,14.0,0.0,0.0,0.0,0.0,930,14,0.0,0.0,0.0,0.0,929.5,0.0
0,603300,VOLCANIC_ROCK_VOUCHER_9500,929.0,19.0,0.0,0.0,0.0,0.0,930,19,0.0,0.0,0.0,0.0,929.5,0.0
0,603400,VOLCANIC_ROCK_VOUCHER_9500,927.0,2.0,926.0,19.0,0.0,0.0,928,21,0.0,0.0,0.0,0.0,927.5,0.0
0,603500,VOLCANIC_ROCK_VOUCHER_9500,927.0,11.0,0.0,0.0,0.0,0.0,928,11,0.0,0.0,0.0,0.0,927.5,0.0
0,603600,VOLCANIC_ROCK_VOUCHER_9500,926.0,14.0,0.0,0.0,0.0,0.0,927,14,0.0,0.0,0.0,0.0,926.5,0.0
0,603700,VOLCANIC_ROCK_VOUCHER_9500,926.0,21.0,0.0,0.0,0.0,0.0,927,21,0.0,0.0,0.0,0.0,926.5,0.0
0,603800,VOLCANIC_ROCK_VOUCHER_9500,928.0,14.0,0.0,0.0,0.0,0.0,929,14,0.0,0.0,0.0,0.0,928.5,0.0
0,603900,VOLCANIC_ROCK_VOUCHER_9500,928.0,15.0,0.0,0.0,0.0,0.0,929,15,0.0,0.0,0.0,0.0,928.5,0.0
0,604000,VOLCANIC_ROCK_VOUCHER_9500,929.0,17.0,0.0,0.0,0.0,0.0,930,17,0.0,0.0,0.0,0.0,929.5,0.0
0,604100,VOLCANIC_ROCK_VOUCHER_9500,928.0,13.0,0.0,0.0,0.0,0.0,929,13,0.0,0.0,0.0,0.0,928.5,0.0
0,604200,VOLCANIC_ROCK_VOUCHER_9500,931.0,11.0,0.0,0.0,0.0,0.0,932,11,0.0,0.0,0.0,0.0,931.5,0.0
0,604300,VOLCANIC_ROCK_VOUCHER_9500,936.0,15.0,0.0,0.0,0.0,0.0,937,15,0.0,0.0,0.0,0.0,936.5,0.0
0,604400,VOLCANIC_ROCK_VOUCHER_9500,937.0,15.0,0.0,0.0,0.0,0.0,938,15,0.0,0.0,0.0,0.0,937.5,0.0
0,604500,VOLCANIC_ROCK_VOUCHER_9500,939.0,20.0,0.0,0.0,0.0,0.0,940,20,0.0,0.0,0.0,0.0,939.5,0.0
0,604600,VOLCANIC_ROCK_VOUCHER_9500,940.0,18.0,0.0,0.0,0.0,0.0,941,18,0.0,0.0,0.0,0.0,940.5,0.0
0,604700,VOLCANIC_ROCK_VOUCHER_9500,942.0,15.0,0.0,0.0,0.0,0.0,943,15,0.0,0.0,0.0,0.0,942.5,0.0
0,604800,VOLCANIC_ROCK_VOUCHER_9500,944.0,12.0,0.0,0.0,0.0,0.0,945,12,0.0,0.0,0.0,0.0,944.5,0.0
0,604900,VOLCANIC_ROCK_VOUCHER_9500,943.0,13.0,0.0,0.0,0.0,0.0,945,13,0.0,0.0,0.0,0.0,944.0,0.0
0,605000,VOLCANIC_ROCK_VOUCHER_9500,942.0,21.0,0.0,0.0,0.0,0.0,943,21,0.0,0.0,0.0,0.0,942.5,0.0
0,605100,VOLCANIC_ROCK_VOUCHER_9500,941.0,2.0,0.0,0.0,0.0,0.0,942,17,0.0,0.0,0.0,0.0,941.5,0.0
0,605200,VOLCANIC_ROCK_VOUCHER_9500,941.0,2.0,0.0,0.0,0.0,0.0,942,21,0.0,0.0,0.0,0.0,941.5,0.0
0,605300,VOLCANIC_ROCK_VOUCHER_9500,0.0,0.0,0.0,0.0,0.0,0.0,943,2,944.0,11.0,0.0,0.0,943.0,0.0
0,605400,VOLCANIC_ROCK_VOUCHER_9500,942.0,11.0,0.0,0.0,0.0,0.0,944,11,0.0,0.0,0.0,0.0,943.0,0.0
0,605500,VOLCANIC_ROCK_VOUCHER_9500,944.0,19.0,0.0,0.0,0.0,0.0,945,19,0.0,0.0,0.0,0.0,944.5,0.0
0,605600,VOLCANIC_ROCK_VOUCHER_9500,944.0,12.0,0.0,0.0,0.0,0.0,945,12,0.0,0.0,0.0,0.0,944.5,0.0
0,605700,VOLCANIC_ROCK_VOUCHER_9500,943.0,11.0,0.0,0.0,0.0,0.0,944,11,0.0,0.0,0.0,0.0,943.5,0.0
0,605800,VOLCANIC_ROCK_VOUCHER_9500,944.0,15.0,0.0,0.0,0.0,0.0,945,15,0.0,0.0,0.0,0.0,944.5,0.0
0,605900,VOLCANIC_ROCK_VOUCHER_9500,944.0,21.0,0.0,0.0,0.0,0.0,945,21,0.0,0.0,0.0,0.0,944.5,0.0
0,606000,VOLCANIC_ROCK_VOUCHER_9500,945.0,13.0,0.0,0.0,0.0,0.0,947,13,0.0,0.0,0.0,0.0,946.0,0.0
0,606100,VOLCANIC_ROCK_VOUCHER_9500,943.0,17.0,0.0,0.0,0.0,0.0,945,17,0.0,0.0,0.0,0.0,944.0,0.0
0,606200,VOLCANIC_ROCK_VOUCHER_9500,943.0,13.0,0.0,0.0,0.0,0.0,944,13,0.0,0.0,0.0,0.0,943.5,0.0
0,606300,VOLCANIC_ROCK_VOUCHER_9500,943.0,10.0,0.0,0.0,0.0,0.0,944,10,0.0,0.0,0.0,0.0,943.5,0.0
0,606400,VOLCANIC_ROCK_VOUCHER_9500,941.0,20.0,0.0,0.0,0.0,0.0,943,20,0.0,0.0,0.0,0.0,942.0,0.0
0,606500,VOLCANIC_ROCK_VOUCHER_9500,932.0,17.0,0.0,0.0,0.0,0.0,933,17,0.0,0.0,0.0,0.0,932.5,0.0
0,606600,VOLCANIC_ROCK_VOUCHER_9500,933.0,18.0,0.0,0.0,0.0,0.0,934,18,0.0,0.0,0.0,0.0,933.5,0.0
0,606700,VOLCANIC_ROCK_VOUCHER_9500,935.0,14.0,0.0,0.0,0.0,0.0,936,14,0.0,0.0,0.0,0.0,935.5,0.0
0,606800,VOLCANIC_ROCK_VOUCHER_9500,932.0,41.0,0.0,0.0,0.0,0.0,933,21,0.0,0.0,0.0,0.0,932.5,0.0
0,606900,VOLCANIC_ROCK_VOUCHER_9500,0.0,0.0,0.0,0.0,0.0,0.0,933,13,934.0,18.0,0.0,0.0,933.0,0.0
0,607000,VOLCANIC_ROCK_VOUCHER_9500,933.0,21.0,0.0,0.0,0.0,0.0,934,21,0.0,0.0,0.0,0.0,933.5,0.0
0,607100,VOLCANIC_ROCK_VOUCHER_9500,933.0,17.0,0.0,0.0,0.0,0.0,934,17,0.0,0.0,0.0,0.0,933.5,0.0
0,607200,VOLCANIC_ROCK_VOUCHER_9500,935.0,10.0,0.0,0.0,0.0,0.0,937,10,0.0,0.0,0.0,0.0,936.0,0.0
0,607300,VOLCANIC_ROCK_VOUCHER_9500,936.0,12.0,0.0,0.0,0.0,0.0,937,12,0.0,0.0,0.0,0.0,936.5,0.0
0,607400,VOLCANIC_ROCK_VOUCHER_9500,936.0,19.0,0.0,0.0,0.0,0.0,937,11,938.0,19.0,0.0,0.0,936.5,0.0
0,607500,VOLCANIC_ROCK_VOUCHER_9500,933.0,11.0,0.0,0.0,0.0,0.0,934,11,0.0,0.0,0.0,0.0,933.5,0.0
0,607600,VOLCANIC_ROCK_VOUCHER_9500,934.0,16.0,0.0,0.0,0.0,0.0,935,16,0.0,0.0,0.0,0.0,934.5,0.0
0,607700,VOLCANIC_ROCK_VOUCHER_9500,936.0,14.0,0.0,0.0,0.0,0.0,937,14,0.0,0.0,0.0,0.0,936.5,0.0
0,607800,VOLCANIC_ROCK_VOUCHER_9500,934.0,14.0,0.0,0.0,0.0,0.0,935,14,0.0,0.0,0.0,0.0,934.5,0.0
0,607900,VOLCANIC_ROCK_VOUCHER_9500,936.0,15.0,0.0,0.0,0.0,0.0,937,15,0.0,0.0,0.0,0.0,936.5,0.0
0,608000,VOLCANIC_ROCK_VOUCHER_9500,934.0,19.0,0.0,0.0,0.0,0.0,935,19,0.0,0.0,0.0,0.0,934.5,0.0
0,608100,VOLCANIC_ROCK_VOUCHER_9500,938.0,15.0,0.0,0.0,0.0,0.0,939,15,0.0,0.0,0.0,0.0,938.5,0.0
0,608200,VOLCANIC_ROCK_VOUCHER_9500,938.0,18.0,0.0,0.0,0.0,0.0,939,18,0.0,0.0,0.0,0.0,938.5,0.0
0,608300,VOLCANIC_ROCK_VOUCHER_9500,940.0,18.0,0.0,0.0,0.0,0.0,941,18,0.0,0.0,0.0,0.0,940.5,0.0
0,608400,VOLCANIC_ROCK_VOUCHER_9500,940.0,17.0,0.0,0.0,0.0,0.0,941,17,0.0,0.0,0.0,0.0,940.5,0.0
0,608500,VOLCANIC_ROCK_VOUCHER_9500,941.0,2.0,0.0,0.0,0.0,0.0,942,16,0.0,0.0,0.0,0.0,941.5,0.0
0,608600,VOLCANIC_ROCK_VOUCHER_9500,941.0,2.0,940.0,14.0,0.0,0.0,942,16,0.0,0.0,0.0,0.0,941.5,0.0
0,608700,VOLCANIC_ROCK_VOUCHER_9500,941.0,22.0,0.0,0.0,0.0,0.0,942,10,0.0,0.0,0.0,0.0,941.5,0.0
0,608800,VOLCANIC_ROCK_VOUCHER_9500,940.0,20.0,0.0,0.0,0.0,0.0,941,20,0.0,0.0,0.0,0.0,940.5,0.0
0,608900,VOLCANIC_ROCK_VOUCHER_9500,940.0,19.0,0.0,0.0,0.0,0.0,941,19,0.0,0.0,0.0,0.0,940.5,0.0
0,609000,VOLCANIC_ROCK_VOUCHER_9500,940.0,18.0,0.0,0.0,0.0,0.0,941,18,0.0,0.0,0.0,0.0,940.5,0.0
0,609100,VOLCANIC_ROCK_VOUCHER_9500,940.0,18.0,0.0,0.0,0.0,0.0,941,18,0.0,0.0,0.0,0.0,940.5,0.0
0,609200,VOLCANIC_ROCK_VOUCHER_9500,940.0,36.0,0.0,0.0,0.0,0.0,941,18,0.0,0.0,0.0,0.0,940.5,0.0
0,609300,VOLCANIC_ROCK_VOUCHER_9500,944.0,13.0,0.0,0.0,0.0,0.0,945,13,0.0,0.0,0.0,0.0,944.5,0.0
0,609400,VOLCANIC_ROCK_VOUCHER_9500,940.0,15.0,0.0,0.0,0.0,0.0,941,15,0.0,0.0,0.0,0.0,940.5,0.0
0,609500,VOLCANIC_ROCK_VOUCHER_9500,942.0,20.0,0.0,0.0,0.0,0.0,943,20,0.0,0.0,0.0,0.0,942.5,0.0
0,609600,VOLCANIC_ROCK_VOUCHER_9500,944.0,21.0,0.0,0.0,0.0,0.0,945,21,0.0,0.0,0.0,0.0,944.5,0.0
0,609700,VOLCANIC_ROCK_VOUCHER_9500,942.0,19.0,0.0,0.0,0.0,0.0,943,19,0.0,0.0,0.0,0.0,942.5,0.0
0,609800,VOLCANIC_ROCK_VOUCHER_9500,942.0,21.0,0.0,0.0,0.0,0.0,943,21,0.0,0.0,0.0,0.0,942.5,0.0
0,609900,VOLCANIC_ROCK_VOUCHER_9500,941.0,19.0,0.0,0.0,0.0,0.0,942,19,0.0,0.0,0.0,0.0,941.5,0.0
0,610000,VOLCANIC_ROCK_VOUCHER_9500,941.0,1.0,0.0,0.0,0.0,0.0,942,11,0.0,0.0,0.0,0.0,941.5,0.0
0,610100,VOLCANIC_ROCK_VOUCHER_9500,942.0,5.0,0.0,0.0,0.0,0.0,943,20,0.0,0.0,0.0,0.0,942.5,0.0
0,610200,VOLCANIC_ROCK_VOUCHER_9500,940.0,14.0,0.0,0.0,0.0,0.0,942,14,0.0,0.0,0.0,0.0,941.0,0.0
0,610300,VOLCANIC_ROCK_VOUCHER_9500,940.0,13.0,0.0,0.0,0.0,0.0,941,13,0.0,0.0,0.0,0.0,940.5,0.0
0,610400,VOLCANIC_ROCK_VOUCHER_9500,940.0,12.0,0.0,0.0,0.0,0.0,941,12,0.0,0.0,0.0,0.0,940.5,0.0
0,610500,VOLCANIC_ROCK_VOUCHER_9500,940.0,22.0,0.0,0.0,0.0,0.0,941,22,0.0,0.0,0.0,0.0,940.5,0.0
0,610600,VOLCANIC_ROCK_VOUCHER_9500,941.0,14.0,0.0,0.0,0.0,0.0,942,14,0.0,0.0,0.0,0.0,941.5,0.0
0,610700,VOLCANIC_ROCK_VOUCHER_9500,941.0,18.0,0.0,0.0,0.0,0.0,942,18,0.0,0.0,0.0,0.0,941.5,0.0
0,610800,VOLCANIC_ROCK_VOUCHER_9500,943.0,18.0,0.0,0.0,0.0,0.0,944,18,0.0,0.0,0.0,0.0,943.5,0.0
0,610900,VOLCANIC_ROCK_VOUCHER_9500,943.0,10.0,0.0,0.0,0.0,0.0,944,10,0.0,0.0,0.0,0.0,943.5,0.0
0,611000,VOLCANIC_ROCK_VOUCHER_9500,950.0,20.0,0.0,0.0,0.0,0.0,951,20,0.0,0.0,0.0,0.0,950.5,0.0
0,611100,VOLCANIC_ROCK_VOUCHER_9500,945.0,12.0,0.0,0.0,0.0,0.0,946,12,0.0,0.0,0.0,0.0,945.5,0.0
0,611200,VOLCANIC_ROCK_VOUCHER_9500,945.0,16.0,0.0,0.0,0.0,0.0,946,16,0.0,0.0,0.0,0.0,945.5,0.0
0,611300,VOLCANIC_ROCK_VOUCHER_9500,946.0,7.0,0.0,0.0,0.0,0.0,947,19,0.0,0.0,0.0,0.0,946.5,0.0
0,611400,VOLCANIC_ROCK_VOUCHER_9500,946.0,18.0,0.0,0.0,0.0,0.0,947,18,0.0,0.0,0.0,0.0,946.5,0.0
0,611500,VOLCANIC_ROCK_VOUCHER_9500,945.0,14.0,0.0,0.0,0.0,0.0,946,14,0.0,0.0,0.0,0.0,945.5,0.0
0,611600,VOLCANIC_ROCK_VOUCHER_9500,939.0,13.0,0.0,0.0,0.0,0.0,940,13,0.0,0.0,0.0,0.0,939.5,0.0
0,611700,VOLCANIC_ROCK_VOUCHER_9500,935.0,18.0,0.0,0.0,0.0,0.0,937,18,0.0,0.0,0.0,0.0,936.0,0.0
0,611800,VOLCANIC_ROCK_VOUCHER_9500,939.0,10.0,0.0,0.0,0.0,0.0,940,10,0.0,0.0,0.0,0.0,939.5,0.0
0,611900,VOLCANIC_ROCK_VOUCHER_9500,940.0,12.0,0.0,0.0,0.0,0.0,941,12,0.0,0.0,0.0,0.0,940.5,0.0
0,612000,VOLCANIC_ROCK_VOUCHER_9500,942.0,16.0,0.0,0.0,0.0,0.0,943,16,0.0,0.0,0.0,0.0,942.5,0.0
0,612100,VOLCANIC_ROCK_VOUCHER_9500,943.0,2.0,942.0,12.0,0.0,0.0,944,14,0.0,0.0,0.0,0.0,943.5,0.0
0,612200,VOLCANIC_ROCK_VOUCHER_9500,938.0,17.0,0.0,0.0,0.0,0.0,939,17,0.0,0.0,0.0,0.0,938.5,0.0
0,612300,VOLCANIC_ROCK_VOUCHER_9500,938.0,12.0,0.0,0.0,0.0,0.0,939,12,0.0,0.0,0.0,0.0,938.5,0.0
0,612400,VOLCANIC_ROCK_VOUCHER_9500,941.0,17.0,0.0,0.0,0.0,0.0,942,17,0.0,0.0,0.0,0.0,941.5,0.0
0,612500,VOLCANIC_ROCK_VOUCHER_9500,939.0,20.0,0.0,0.0,0.0,0.0,941,20,0.0,0.0,0.0,0.0,940.0,0.0
0,612600,VOLCANIC_ROCK_VOUCHER_9500,0.0,0.0,0.0,0.0,0.0,0.0,940,3,941.0,11.0,0.0,0.0,940.0,0.0
0,612700,VOLCANIC_ROCK_VOUCHER_9500,937.0,21.0,0.0,0.0,0.0,0.0,938,21,0.0,0.0,0.0,0.0,937.5,0.0
0,612800,VOLCANIC_ROCK_VOUCHER_9500,941.0,21.0,0.0,0.0,0.0,0.0,942,21,0.0,0.0,0.0,0.0,941.5,0.0
0,612900,VOLCANIC_ROCK_VOUCHER_9500,940.0,16.0,0.0,0.0,0.0,0.0,941,16,0.0,0.0,0.0,0.0,940.5,0.0
0,613000,VOLCANIC_ROCK_VOUCHER_9500,940.0,13.0,0.0,0.0,0.0,0.0,941,13,0.0,0.0,0.0,0.0,940.5,0.0
0,613100,VOLCANIC_ROCK_VOUCHER_9500,936.0,21.0,0.0,0.0,0.0,0.0,937,21,0.0,0.0,0.0,0.0,936.5,0.0
0,613200,VOLCANIC_ROCK_VOUCHER_9500,930.0,15.0,0.0,0.0,0.0,0.0,932,15,0.0,0.0,0.0,0.0,931.0,0.0
0,613300,VOLCANIC_ROCK_VOUCHER_9500,930.0,11.0,0.0,0.0,0.0,0.0,931,11,0.0,0.0,0.0,0.0,930.5,0.0
0,613400,VOLCANIC_ROCK_VOUCHER_9500,930.0,11.0,0.0,0.0,0.0,0.0,931,11,0.0,0.0,0.0,0.0,930.5,0.0
0,613500,VOLCANIC_ROCK_VOUCHER_9500,928.0,15.0,0.0,0.0,0.0,0.0,929,15,0.0,0.0,0.0,0.0,928.5,0.0
0,613600,VOLCANIC_ROCK_VOUCHER_9500,925.0,13.0,0.0,0.0,0.0,0.0,926,13,0.0,0.0,0.0,0.0,925.5,0.0
0,613700,VOLCANIC_ROCK_VOUCHER_9500,929.0,11.0,0.0,0.0,0.0,0.0,930,11,0.0,0.0,0.0,0.0,929.5,0.0
0,613800,VOLCANIC_ROCK_VOUCHER_9500,928.0,17.0,0.0,0.0,0.0,0.0,929,17,0.0,0.0,0.0,0.0,928.5,0.0
0,613900,VOLCANIC_ROCK_VOUCHER_9500,928.0,21.0,0.0,0.0,0.0,0.0,929,21,0.0,0.0,0.0,0.0,928.5,0.0
0,614000,VOLCANIC_ROCK_VOUCHER_9500,926.0,21.0,0.0,0.0,0.0,0.0,927,21,0.0,0.0,0.0,0.0,926.5,0.0
0,614100,VOLCANIC_ROCK_VOUCHER_9500,929.0,16.0,0.0,0.0,0.0,0.0,930,16,0.0,0.0,0.0,0.0,929.5,0.0
0,614200,VOLCANIC_ROCK_VOUCHER_9500,929.0,11.0,0.0,0.0,0.0,0.0,930,11,0.0,0.0,0.0,0.0,929.5,0.0
0,614300,VOLCANIC_ROCK_VOUCHER_9500,932.0,4.0,0.0,0.0,0.0,0.0,933,12,0.0,0.0,0.0,0.0,932.5,0.0
0,614400,VOLCANIC_ROCK_VOUCHER_9500,929.0,13.0,0.0,0.0,0.0,0.0,931,13,0.0,0.0,0.0,0.0,930.0,0.0
0,614500,VOLCANIC_ROCK_VOUCHER_9500,929.0,20.0,0.0,0.0,0.0,0.0,930,19,931.0,20.0,0.0,0.0,929.5,0.0
0,614600,VOLCANIC_ROCK_VOUCHER_9500,926.0,20.0,0.0,0.0,0.0,0.0,928,20,0.0,0.0,0.0,0.0,927.0,0.0
0,614700,VOLCANIC_ROCK_VOUCHER_9500,925.0,16.0,0.0,0.0,0.0,0.0,927,16,0.0,0.0,0.0,0.0,926.0,0.0
0,614800,VOLCANIC_ROCK_VOUCHER_9500,926.0,26.0,0.0,0.0,0.0,0.0,927,20,0.0,0.0,0.0,0.0,926.5,0.0
0,614900,VOLCANIC_ROCK_VOUCHER_9500,927.0,20.0,0.0,0.0,0.0,0.0,928,20,0.0,0.0,0.0,0.0,927.5,0.0
0,615000,VOLCANIC_ROCK_VOUCHER_9500,925.0,22.0,0.0,0.0,0.0,0.0,926,22,0.0,0.0,0.0,0.0,925.5,0.0
0,615100,VOLCANIC_ROCK_VOUCHER_9500,929.0,11.0,0.0,0.0,0.0,0.0,930,11,0.0,0.0,0.0,0.0,929.5,0.0
0,615200,VOLCANIC_ROCK_VOUCHER_9500,930.0,19.0,0.0,0.0,0.0,0.0,931,19,0.0,0.0,0.0,0.0,930.5,0.0
0,615300,VOLCANIC_ROCK_VOUCHER_9500,927.0,14.0,0.0,0.0,0.0,0.0,928,14,0.0,0.0,0.0,0.0,927.5,0.0
0,615400,VOLCANIC_ROCK_VOUCHER_9500,936.0,19.0,0.0,0.0,0.0,0.0,937,19,0.0,0.0,0.0,0.0,936.5,0.0
0,615500,VOLCANIC_ROCK_VOUCHER_9500,937.0,11.0,0.0,0.0,0.0,0.0,938,11,0.0,0.0,0.0,0.0,937.5,0.0
0,615600,VOLCANIC_ROCK_VOUCHER_9500,936.0,21.0,0.0,0.0,0.0,0.0,937,21,0.0,0.0,0.0,0.0,936.5,0.0
0,615700,VOLCANIC_ROCK_VOUCHER_9500,936.0,19.0,0.0,0.0,0.0,0.0,937,19,0.0,0.0,0.0,0.0,936.5,0.0
0,615800,VOLCANIC_ROCK_VOUCHER_9500,936.0,19.0,0.0,0.0,0.0,0.0,937,19,0.0,0.0,0.0,0.0,936.5,0.0
0,615900,VOLCANIC_ROCK_VOUCHER_9500,936.0,20.0,0.0,0.0,0.0,0.0,937,20,0.0,0.0,0.0,0.0,936.5,0.0
0,616000,VOLCANIC_ROCK_VOUCHER_9500,937.0,5.0,0.0,0.0,0.0,0.0,938,22,0.0,0.0,0.0,0.0,937.5,0.0
0,616100,VOLCANIC_ROCK_VOUCHER_9500,937.0,20.0,0.0,0.0,0.0,0.0,938,20,0.0,0.0,0.0,0.0,937.5,0.0
0,616200,VOLCANIC_ROCK_VOUCHER_9500,936.0,17.0,0.0,0.0,0.0,0.0,937,17,0.0,0.0,0.0,0.0,936.5,0.0
0,616300,VOLCANIC_ROCK_VOUCHER_9500,937.0,14.0,0.0,0.0,0.0,0.0,938,14,0.0,0.0,0.0,0.0,937.5,0.0
0,616400,VOLCANIC_ROCK_VOUCHER_9500,938.0,17.0,0.0,0.0,0.0,0.0,940,17,0.0,0.0,0.0,0.0,939.0,0.0
0,616500,VOLCANIC_ROCK_VOUCHER_9500,941.0,17.0,0.0,0.0,0.0,0.0,943,17,0.0,0.0,0.0,0.0,942.0,0.0
0,616600,VOLCANIC_ROCK_VOUCHER_9500,941.0,13.0,0.0,0.0,0.0,0.0,942,13,0.0,0.0,0.0,0.0,941.5,0.0
0,616700,VOLCANIC_ROCK_VOUCHER_9500,943.0,17.0,0.0,0.0,0.0,0.0,944,17,0.0,0.0,0.0,0.0,943.5,0.0
0,616800,VOLCANIC_ROCK_VOUCHER_9500,942.0,18.0,0.0,0.0,0.0,0.0,944,18,0.0,0.0,0.0,0.0,943.0,0.0
0,616900,VOLCANIC_ROCK_VOUCHER_9500,941.0,18.0,0.0,0.0,0.0,0.0,942,18,0.0,0.0,0.0,0.0,941.5,0.0
0,617000,VOLCANIC_ROCK_VOUCHER_9500,940.0,13.0,0.0,0.0,0.0,0.0,941,13,0.0,0.0,0.0,0.0,940.5,0.0
0,617100,VOLCANIC_ROCK_VOUCHER_9500,939.0,17.0,0.0,0.0,0.0,0.0,940,17,0.0,0.0,0.0,0.0,939.5,0.0
0,617200,VOLCANIC_ROCK_VOUCHER_9500,938.0,1.0,937.0,14.0,0.0,0.0,939,15,0.0,0.0,0.0,0.0,938.5,0.0
0,617300,VOLCANIC_ROCK_VOUCHER_9500,942.0,18.0,0.0,0.0,0.0,0.0,943,18,0.0,0.0,0.0,0.0,942.5,0.0
0,617400,VOLCANIC_ROCK_VOUCHER_9500,940.0,18.0,0.0,0.0,0.0,0.0,942,18,0.0,0.0,0.0,0.0,941.0,0.0
0,617500,VOLCANIC_ROCK_VOUCHER_9500,937.0,13.0,0.0,0.0,0.0,0.0,938,13,0.0,0.0,0.0,0.0,937.5,0.0
0,617600,VOLCANIC_ROCK_VOUCHER_9500,937.0,10.0,0.0,0.0,0.0,0.0,938,10,0.0,0.0,0.0,0.0,937.5,0.0
0,617700,VOLCANIC_ROCK_VOUCHER_9500,936.0,12.0,0.0,0.0,0.0,0.0,937,12,0.0,0.0,0.0,0.0,936.5,0.0
0,617800,VOLCANIC_ROCK_VOUCHER_9500,936.0,16.0,0.0,0.0,0.0,0.0,937,16,0.0,0.0,0.0,0.0,936.5,0.0
0,617900,VOLCANIC_ROCK_VOUCHER_9500,937.0,17.0,0.0,0.0,0.0,0.0,938,17,0.0,0.0,0.0,0.0,937.5,0.0
0,618000,VOLCANIC_ROCK_VOUCHER_9500,940.0,12.0,0.0,0.0,0.0,0.0,942,12,0.0,0.0,0.0,0.0,941.0,0.0
0,618100,VOLCANIC_ROCK_VOUCHER_9500,941.0,27.0,0.0,0.0,0.0,0.0,942,17,0.0,0.0,0.0,0.0,941.5,0.0
0,618200,VOLCANIC_ROCK_VOUCHER_9500,941.0,16.0,0.0,0.0,0.0,0.0,942,16,0.0,0.0,0.0,0.0,941.5,0.0
0,618300,VOLCANIC_ROCK_VOUCHER_9500,939.0,19.0,0.0,0.0,0.0,0.0,940,19,0.0,0.0,0.0,0.0,939.5,0.0
0,618400,VOLCANIC_ROCK_VOUCHER_9500,937.0,19.0,0.0,0.0,0.0,0.0,938,19,0.0,0.0,0.0,0.0,937.5,0.0
0,618500,VOLCANIC_ROCK_VOUCHER_9500,938.0,13.0,0.0,0.0,0.0,0.0,939,13,0.0,0.0,0.0,0.0,938.5,0.0
0,618600,VOLCANIC_ROCK_VOUCHER_9500,947.0,20.0,0.0,0.0,0.0,0.0,948,20,0.0,0.0,0.0,0.0,947.5,0.0
0,618700,VOLCANIC_ROCK_VOUCHER_9500,938.0,16.0,0.0,0.0,0.0,0.0,939,16,0.0,0.0,0.0,0.0,938.5,0.0
0,618800,VOLCANIC_ROCK_VOUCHER_9500,937.0,20.0,0.0,0.0,0.0,0.0,938,20,0.0,0.0,0.0,0.0,937.5,0.0
0,618900,VOLCANIC_ROCK_VOUCHER_9500,941.0,14.0,0.0,0.0,0.0,0.0,942,14,0.0,0.0,0.0,0.0,941.5,0.0
0,619000,VOLCANIC_ROCK_VOUCHER_9500,941.0,36.0,0.0,0.0,0.0,0.0,943,20,0.0,0.0,0.0,0.0,942.0,0.0
0,619100,VOLCANIC_ROCK_VOUCHER_9500,942.0,15.0,0.0,0.0,0.0,0.0,943,15,0.0,0.0,0.0,0.0,942.5,0.0
0,619200,VOLCANIC_ROCK_VOUCHER_9500,948.0,13.0,0.0,0.0,0.0,0.0,949,13,0.0,0.0,0.0,0.0,948.5,0.0
0,619300,VOLCANIC_ROCK_VOUCHER_9500,947.0,21.0,0.0,0.0,0.0,0.0,948,21,0.0,0.0,0.0,0.0,947.5,0.0
0,619400,VOLCANIC_ROCK_VOUCHER_9500,943.0,14.0,0.0,0.0,0.0,0.0,944,14,0.0,0.0,0.0,0.0,943.5,0.0
0,619500,VOLCANIC_ROCK_VOUCHER_9500,942.0,14.0,0.0,0.0,0.0,0.0,943,14,0.0,0.0,0.0,0.0,942.5,0.0
0,619600,VOLCANIC_ROCK_VOUCHER_9500,943.0,13.0,0.0,0.0,0.0,0.0,944,13,0.0,0.0,0.0,0.0,943.5,0.0
0,619700,VOLCANIC_ROCK_VOUCHER_9500,943.0,29.0,0.0,0.0,0.0,0.0,945,11,0.0,0.0,0.0,0.0,944.0,0.0
0,619800,VOLCANIC_ROCK_VOUCHER_9500,946.0,11.0,0.0,0.0,0.0,0.0,947,11,0.0,0.0,0.0,0.0,946.5,0.0
0,619900,VOLCANIC_ROCK_VOUCHER_9500,947.0,13.0,0.0,0.0,0.0,0.0,948,13,0.0,0.0,0.0,0.0,947.5,0.0
0,620000,VOLCANIC_ROCK_VOUCHER_9500,945.0,18.0,0.0,0.0,0.0,0.0,946,18,0.0,0.0,0.0,0.0,945.5,0.0
0,620100,VOLCANIC_ROCK_VOUCHER_9500,944.0,13.0,0.0,0.0,0.0,0.0,946,13,0.0,0.0,0.0,0.0,945.0,0.0
0,620200,VOLCANIC_ROCK_VOUCHER_9500,943.0,13.0,0.0,0.0,0.0,0.0,944,13,0.0,0.0,0.0,0.0,943.5,0.0
0,620300,VOLCANIC_ROCK_VOUCHER_9500,944.0,12.0,0.0,0.0,0.0,0.0,946,12,0.0,0.0,0.0,0.0,945.0,0.0
0,620400,VOLCANIC_ROCK_VOUCHER_9500,941.0,12.0,0.0,0.0,0.0,0.0,943,12,0.0,0.0,0.0,0.0,942.0,0.0
0,620500,VOLCANIC_ROCK_VOUCHER_9500,945.0,16.0,0.0,0.0,0.0,0.0,946,16,0.0,0.0,0.0,0.0,945.5,0.0
0,620600,VOLCANIC_ROCK_VOUCHER_9500,946.0,14.0,0.0,0.0,0.0,0.0,947,14,0.0,0.0,0.0,0.0,946.5,0.0
0,620700,VOLCANIC_ROCK_VOUCHER_9500,944.0,22.0,0.0,0.0,0.0,0.0,945,22,0.0,0.0,0.0,0.0,944.5,0.0
0,620800,VOLCANIC_ROCK_VOUCHER_9500,944.0,12.0,0.0,0.0,0.0,0.0,945,12,0.0,0.0,0.0,0.0,944.5,0.0
0,620900,VOLCANIC_ROCK_VOUCHER_9500,938.0,16.0,0.0,0.0,0.0,0.0,939,16,0.0,0.0,0.0,0.0,938.5,0.0
0,621000,VOLCANIC_ROCK_VOUCHER_9500,939.0,19.0,0.0,0.0,0.0,0.0,940,19,0.0,0.0,0.0,0.0,939.5,0.0
0,621100,VOLCANIC_ROCK_VOUCHER_9500,940.0,13.0,0.0,0.0,0.0,0.0,942,13,0.0,0.0,0.0,0.0,941.0,0.0
0,621200,VOLCANIC_ROCK_VOUCHER_9500,943.0,16.0,0.0,0.0,0.0,0.0,944,16,0.0,0.0,0.0,0.0,943.5,0.0
0,621300,VOLCANIC_ROCK_VOUCHER_9500,944.0,18.0,0.0,0.0,0.0,0.0,945,18,0.0,0.0,0.0,0.0,944.5,0.0
0,621400,VOLCANIC_ROCK_VOUCHER_9500,0.0,0.0,0.0,0.0,0.0,0.0,942,4,943.0,11.0,0.0,0.0,942.0,0.0
0,621500,VOLCANIC_ROCK_VOUCHER_9500,939.0,16.0,0.0,0.0,0.0,0.0,940,16,0.0,0.0,0.0,0.0,939.5,0.0
0,621600,VOLCANIC_ROCK_VOUCHER_9500,937.0,21.0,0.0,0.0,0.0,0.0,938,21,0.0,0.0,0.0,0.0,937.5,0.0
0,621700,VOLCANIC_ROCK_VOUCHER_9500,935.0,16.0,0.0,0.0,0.0,0.0,936,16,0.0,0.0,0.0,0.0,935.5,0.0
0,621800,VOLCANIC_ROCK_VOUCHER_9500,936.0,16.0,0.0,0.0,0.0,0.0,937,16,0.0,0.0,0.0,0.0,936.5,0.0
0,621900,VOLCANIC_ROCK_VOUCHER_9500,938.0,18.0,0.0,0.0,0.0,0.0,939,18,0.0,0.0,0.0,0.0,938.5,0.0
0,622000,VOLCANIC_ROCK_VOUCHER_9500,940.0,7.0,0.0,0.0,0.0,0.0,941,19,0.0,0.0,0.0,0.0,940.5,0.0
0,622100,VOLCANIC_ROCK_VOUCHER_9500,934.0,13.0,0.0,0.0,0.0,0.0,935,13,0.0,0.0,0.0,0.0,934.5,0.0
0,622200,VOLCANIC_ROCK_VOUCHER_9500,930.0,21.0,0.0,0.0,0.0,0.0,931,21,0.0,0.0,0.0,0.0,930.5,0.0
0,622300,VOLCANIC_ROCK_VOUCHER_9500,930.0,12.0,0.0,0.0,0.0,0.0,932,12,0.0,0.0,0.0,0.0,931.0,0.0
0,622400,VOLCANIC_ROCK_VOUCHER_9500,930.0,21.0,0.0,0.0,0.0,0.0,931,21,0.0,0.0,0.0,0.0,930.5,0.0
0,622500,VOLCANIC_ROCK_VOUCHER_9500,925.0,20.0,0.0,0.0,0.0,0.0,927,20,0.0,0.0,0.0,0.0,926.0,0.0
0,622600,VOLCANIC_ROCK_VOUCHER_9500,923.0,14.0,0.0,0.0,0.0,0.0,924,14,0.0,0.0,0.0,0.0,923.5,0.0
0,622700,VOLCANIC_ROCK_VOUCHER_9500,926.0,15.0,0.0,0.0,0.0,0.0,927,15,0.0,0.0,0.0,0.0,926.5,0.0
0,622800,VOLCANIC_ROCK_VOUCHER_9500,925.0,16.0,0.0,0.0,0.0,0.0,926,16,0.0,0.0,0.0,0.0,925.5,0.0
0,622900,VOLCANIC_ROCK_VOUCHER_9500,926.0,19.0,0.0,0.0,0.0,0.0,928,19,0.0,0.0,0.0,0.0,927.0,0.0
0,623000,VOLCANIC_ROCK_VOUCHER_9500,928.0,16.0,927.0,13.0,0.0,0.0,929,13,0.0,0.0,0.0,0.0,928.5,0.0
0,623100,VOLCANIC_ROCK_VOUCHER_9500,926.0,17.0,0.0,0.0,0.0,0.0,928,17,0.0,0.0,0.0,0.0,927.0,0.0
0,623200,VOLCANIC_ROCK_VOUCHER_9500,926.0,20.0,0.0,0.0,0.0,0.0,927,20,0.0,0.0,0.0,0.0,926.5,0.0
0,623300,VOLCANIC_ROCK_VOUCHER_9500,927.0,14.0,0.0,0.0,0.0,0.0,928,14,0.0,0.0,0.0,0.0,927.5,0.0
0,623400,VOLCANIC_ROCK_VOUCHER_9500,931.0,16.0,0.0,0.0,0.0,0.0,932,16,0.0,0.0,0.0,0.0,931.5,0.0
0,623500,VOLCANIC_ROCK_VOUCHER_9500,929.0,17.0,0.0,0.0,0.0,0.0,930,17,0.0,0.0,0.0,0.0,929.5,0.0
0,623600,VOLCANIC_ROCK_VOUCHER_9500,931.0,13.0,0.0,0.0,0.0,0.0,932,13,0.0,0.0,0.0,0.0,931.5,0.0
0,623700,VOLCANIC_ROCK_VOUCHER_9500,931.0,10.0,0.0,0.0,0.0,0.0,932,10,0.0,0.0,0.0,0.0,931.5,0.0
0,623800,VOLCANIC_ROCK_VOUCHER_9500,930.0,21.0,0.0,0.0,0.0,0.0,931,21,0.0,0.0,0.0,0.0,930.5,0.0
0,623900,VOLCANIC_ROCK_VOUCHER_9500,929.0,11.0,0.0,0.0,0.0,0.0,930,11,0.0,0.0,0.0,0.0,929.5,0.0
0,624000,VOLCANIC_ROCK_VOUCHER_9500,930.0,17.0,0.0,0.0,0.0,0.0,932,17,0.0,0.0,0.0,0.0,931.0,0.0
0,624100,VOLCANIC_ROCK_VOUCHER_9500,932.0,3.0,0.0,0.0,0.0,0.0,933,16,0.0,0.0,0.0,0.0,932.5,0.0
0,624200,VOLCANIC_ROCK_VOUCHER_9500,932.0,19.0,0.0,0.0,0.0,0.0,933,19,0.0,0.0,0.0,0.0,932.5,0.0
0,624300,VOLCANIC_ROCK_VOUCHER_9500,932.0,16.0,0.0,0.0,0.0,0.0,933,16,0.0,0.0,0.0,0.0,932.5,0.0
0,624400,VOLCANIC_ROCK_VOUCHER_9500,931.0,20.0,0.0,0.0,0.0,0.0,932,20,0.0,0.0,0.0,0.0,931.5,0.0
0,624500,VOLCANIC_ROCK_VOUCHER_9500,934.0,12.0,0.0,0.0,0.0,0.0,935,12,0.0,0.0,0.0,0.0,934.5,0.0
0,624600,VOLCANIC_ROCK_VOUCHER_9500,934.0,19.0,0.0,0.0,0.0,0.0,935,19,0.0,0.0,0.0,0.0,934.5,0.0
0,624700,VOLCANIC_ROCK_VOUCHER_9500,931.0,14.0,0.0,0.0,0.0,0.0,932,14,0.0,0.0,0.0,0.0,931.5,0.0
0,624800,VOLCANIC_ROCK_VOUCHER_9500,932.0,8.0,0.0,0.0,0.0,0.0,934,18,0.0,0.0,0.0,0.0,933.0,0.0
0,624900,VOLCANIC_ROCK_VOUCHER_9500,931.0,15.0,0.0,0.0,0.0,0.0,932,15,0.0,0.0,0.0,0.0,931.5,0.0
0,625000,VOLCANIC_ROCK_VOUCHER_9500,931.0,16.0,0.0,0.0,0.0,0.0,932,16,0.0,0.0,0.0,0.0,931.5,0.0
0,625100,VOLCANIC_ROCK_VOUCHER_9500,928.0,15.0,0.0,0.0,0.0,0.0,929,15,0.0,0.0,0.0,0.0,928.5,0.0
0,625200,VOLCANIC_ROCK_VOUCHER_9500,929.0,10.0,0.0,0.0,0.0,0.0,930,10,0.0,0.0,0.0,0.0,929.5,0.0
0,625300,VOLCANIC_ROCK_VOUCHER_9500,928.0,19.0,0.0,0.0,0.0,0.0,929,19,0.0,0.0,0.0,0.0,928.5,0.0
0,625400,VOLCANIC_ROCK_VOUCHER_9500,928.0,15.0,0.0,0.0,0.0,0.0,929,15,0.0,0.0,0.0,0.0,928.5,0.0
0,625500,VOLCANIC_ROCK_VOUCHER_9500,0.0,0.0,0.0,0.0,0.0,0.0,929,13,0.0,0.0,0.0,0.0,929.0,0.0
0,625600,VOLCANIC_ROCK_VOUCHER_9500,928.0,21.0,0.0,0.0,0.0,0.0,929,21,0.0,0.0,0.0,0.0,928.5,0.0
0,625700,VOLCANIC_ROCK_VOUCHER_9500,928.0,17.0,0.0,0.0,0.0,0.0,929,17,0.0,0.0,0.0,0.0,928.5,0.0
0,625800,VOLCANIC_ROCK_VOUCHER_9500,931.0,14.0,0.0,0.0,0.0,0.0,932,14,0.0,0.0,0.0,0.0,931.5,0.0
0,625900,VOLCANIC_ROCK_VOUCHER_9500,930.0,17.0,0.0,0.0,0.0,0.0,932,17,0.0,0.0,0.0,0.0,931.0,0.0
0,626000,VOLCANIC_ROCK_VOUCHER_9500,930.0,17.0,0.0,0.0,0.0,0.0,931,17,0.0,0.0,0.0,0.0,930.5,0.0
0,626100,VOLCANIC_ROCK_VOUCHER_9500,930.0,36.0,0.0,0.0,0.0,0.0,931,17,0.0,0.0,0.0,0.0,930.5,0.0
0,626200,VOLCANIC_ROCK_VOUCHER_9500,929.0,14.0,0.0,0.0,0.0,0.0,930,14,0.0,0.0,0.0,0.0,929.5,0.0
0,626300,VOLCANIC_ROCK_VOUCHER_9500,930.0,5.0,0.0,0.0,0.0,0.0,931,18,0.0,0.0,0.0,0.0,930.5,0.0
0,626400,VOLCANIC_ROCK_VOUCHER_9500,928.0,16.0,0.0,0.0,0.0,0.0,929,16,0.0,0.0,0.0,0.0,928.5,0.0
0,626500,VOLCANIC_ROCK_VOUCHER_9500,928.0,21.0,0.0,0.0,0.0,0.0,929,21,0.0,0.0,0.0,0.0,928.5,0.0
0,626600,VOLCANIC_ROCK_VOUCHER_9500,928.0,13.0,0.0,0.0,0.0,0.0,929,13,0.0,0.0,0.0,0.0,928.5,0.0
0,626700,VOLCANIC_ROCK_VOUCHER_9500,929.0,15.0,0.0,0.0,0.0,0.0,930,15,0.0,0.0,0.0,0.0,929.5,0.0
0,626800,VOLCANIC_ROCK_VOUCHER_9500,928.0,15.0,0.0,0.0,0.0,0.0,929,15,0.0,0.0,0.0,0.0,928.5,0.0
0,626900,VOLCANIC_ROCK_VOUCHER_9500,932.0,14.0,0.0,0.0,0.0,0.0,933,14,0.0,0.0,0.0,0.0,932.5,0.0
0,627000,VOLCANIC_ROCK_VOUCHER_9500,932.0,15.0,0.0,0.0,0.0,0.0,933,15,0.0,0.0,0.0,0.0,932.5,0.0
0,627100,VOLCANIC_ROCK_VOUCHER_9500,933.0,12.0,0.0,0.0,0.0,0.0,934,12,0.0,0.0,0.0,0.0,933.5,0.0
0,627200,VOLCANIC_ROCK_VOUCHER_9500,932.0,18.0,0.0,0.0,0.0,0.0,934,18,0.0,0.0,0.0,0.0,933.0,0.0
0,627300,VOLCANIC_ROCK_VOUCHER_9500,0.0,0.0,0.0,0.0,0.0,0.0,932,4,933.0,12.0,0.0,0.0,932.0,0.0
0,627400,VOLCANIC_ROCK_VOUCHER_9500,931.0,13.0,0.0,0.0,0.0,0.0,932,13,0.0,0.0,0.0,0.0,931.5,0.0
0,627500,VOLCANIC_ROCK_VOUCHER_9500,931.0,18.0,0.0,0.0,0.0,0.0,932,18,0.0,0.0,0.0,0.0,931.5,0.0
0,627600,VOLCANIC_ROCK_VOUCHER_9500,932.0,15.0,0.0,0.0,0.0,0.0,933,15,0.0,0.0,0.0,0.0,932.5,0.0
0,627700,VOLCANIC_ROCK_VOUCHER_9500,0.0,0.0,0.0,0.0,0.0,0.0,931,5,932.0,13.0,0.0,0.0,931.0,0.0
0,627800,VOLCANIC_ROCK_VOUCHER_9500,930.0,18.0,0.0,0.0,0.0,0.0,932,18,0.0,0.0,0.0,0.0,931.0,0.0
0,627900,VOLCANIC_ROCK_VOUCHER_9500,933.0,10.0,0.0,0.0,0.0,0.0,934,10,0.0,0.0,0.0,0.0,933.5,0.0
0,628000,VOLCANIC_ROCK_VOUCHER_9500,934.0,16.0,0.0,0.0,0.0,0.0,935,16,0.0,0.0,0.0,0.0,934.5,0.0
0,628100,VOLCANIC_ROCK_VOUCHER_9500,932.0,20.0,0.0,0.0,0.0,0.0,933,20,0.0,0.0,0.0,0.0,932.5,0.0
0,628200,VOLCANIC_ROCK_VOUCHER_9500,931.0,12.0,0.0,0.0,0.0,0.0,933,12,0.0,0.0,0.0,0.0,932.0,0.0
0,628300,VOLCANIC_ROCK_VOUCHER_9500,931.0,14.0,0.0,0.0,0.0,0.0,932,14,0.0,0.0,0.0,0.0,931.5,0.0
0,628400,VOLCANIC_ROCK_VOUCHER_9500,932.0,10.0,0.0,0.0,0.0,0.0,933,10,0.0,0.0,0.0,0.0,932.5,0.0
0,628500,VOLCANIC_ROCK_VOUCHER_9500,930.0,18.0,0.0,0.0,0.0,0.0,931,18,0.0,0.0,0.0,0.0,930.5,0.0
0,628600,VOLCANIC_ROCK_VOUCHER_9500,931.0,15.0,0.0,0.0,0.0,0.0,932,15,0.0,0.0,0.0,0.0,931.5,0.0
0,628700,VOLCANIC_ROCK_VOUCHER_9500,932.0,10.0,0.0,0.0,0.0,0.0,933,10,0.0,0.0,0.0,0.0,932.5,0.0
0,628800,VOLCANIC_ROCK_VOUCHER_9500,932.0,15.0,0.0,0.0,0.0,0.0,933,15,0.0,0.0,0.0,0.0,932.5,0.0
0,628900,VOLCANIC_ROCK_VOUCHER_9500,932.0,11.0,0.0,0.0,0.0,0.0,933,11,0.0,0.0,0.0,0.0,932.5,0.0
0,629000,VOLCANIC_ROCK_VOUCHER_9500,932.0,21.0,0.0,0.0,0.0,0.0,933,21,0.0,0.0,0.0,0.0,932.5,0.0
0,629100,VOLCANIC_ROCK_VOUCHER_9500,931.0,17.0,0.0,0.0,0.0,0.0,932,17,0.0,0.0,0.0,0.0,931.5,0.0
0,629200,VOLCANIC_ROCK_VOUCHER_9500,931.0,15.0,0.0,0.0,0.0,0.0,933,15,0.0,0.0,0.0,0.0,932.0,0.0
0,629300,VOLCANIC_ROCK_VOUCHER_9500,932.0,20.0,0.0,0.0,0.0,0.0,933,20,0.0,0.0,0.0,0.0,932.5,0.0
0,629400,VOLCANIC_ROCK_VOUCHER_9500,931.0,10.0,0.0,0.0,0.0,0.0,932,10,0.0,0.0,0.0,0.0,931.5,0.0
0,629500,VOLCANIC_ROCK_VOUCHER_9500,0.0,0.0,0.0,0.0,0.0,0.0,931,5,932.0,10.0,0.0,0.0,931.0,0.0
0,629600,VOLCANIC_ROCK_VOUCHER_9500,931.0,14.0,0.0,0.0,0.0,0.0,932,14,0.0,0.0,0.0,0.0,931.5,0.0
0,629700,VOLCANIC_ROCK_VOUCHER_9500,931.0,10.0,0.0,0.0,0.0,0.0,932,10,0.0,0.0,0.0,0.0,931.5,0.0
0,629800,VOLCANIC_ROCK_VOUCHER_9500,931.0,13.0,0.0,0.0,0.0,0.0,932,13,0.0,0.0,0.0,0.0,931.5,0.0
0,629900,VOLCANIC_ROCK_VOUCHER_9500,932.0,17.0,0.0,0.0,0.0,0.0,933,17,0.0,0.0,0.0,0.0,932.5,0.0
0,630000,VOLCANIC_ROCK_VOUCHER_9500,931.0,12.0,0.0,0.0,0.0,0.0,932,12,0.0,0.0,0.0,0.0,931.5,0.0
0,630100,VOLCANIC_ROCK_VOUCHER_9500,930.0,18.0,0.0,0.0,0.0,0.0,931,18,0.0,0.0,0.0,0.0,930.5,0.0
0,630200,VOLCANIC_ROCK_VOUCHER_9500,931.0,17.0,0.0,0.0,0.0,0.0,932,17,0.0,0.0,0.0,0.0,931.5,0.0
0,630300,VOLCANIC_ROCK_VOUCHER_9500,933.0,2.0,932.0,19.0,0.0,0.0,934,21,0.0,0.0,0.0,0.0,933.5,0.0
0,630400,VOLCANIC_ROCK_VOUCHER_9500,939.0,20.0,0.0,0.0,0.0,0.0,941,20,0.0,0.0,0.0,0.0,940.0,0.0
0,630500,VOLCANIC_ROCK_VOUCHER_9500,939.0,22.0,0.0,0.0,0.0,0.0,940,22,0.0,0.0,0.0,0.0,939.5,0.0
0,630600,VOLCANIC_ROCK_VOUCHER_9500,940.0,17.0,0.0,0.0,0.0,0.0,941,17,0.0,0.0,0.0,0.0,940.5,0.0
0,630700,VOLCANIC_ROCK_VOUCHER_9500,939.0,20.0,0.0,0.0,0.0,0.0,940,20,0.0,0.0,0.0,0.0,939.5,0.0
0,630800,VOLCANIC_ROCK_VOUCHER_9500,935.0,17.0,0.0,0.0,0.0,0.0,936,17,0.0,0.0,0.0,0.0,935.5,0.0
0,630900,VOLCANIC_ROCK_VOUCHER_9500,940.0,14.0,0.0,0.0,0.0,0.0,942,14,0.0,0.0,0.0,0.0,941.0,0.0
0,631000,VOLCANIC_ROCK_VOUCHER_9500,942.0,15.0,0.0,0.0,0.0,0.0,943,1,944.0,14.0,0.0,0.0,942.5,0.0
0,631100,VOLCANIC_ROCK_VOUCHER_9500,943.0,14.0,0.0,0.0,0.0,0.0,944,14,0.0,0.0,0.0,0.0,943.5,0.0
0,631200,VOLCANIC_ROCK_VOUCHER_9500,943.0,12.0,0.0,0.0,0.0,0.0,944,12,0.0,0.0,0.0,0.0,943.5,0.0
0,631300,VOLCANIC_ROCK_VOUCHER_9500,940.0,19.0,0.0,0.0,0.0,0.0,941,19,0.0,0.0,0.0,0.0,940.5,0.0
0,631400,VOLCANIC_ROCK_VOUCHER_9500,940.0,21.0,0.0,0.0,0.0,0.0,941,21,0.0,0.0,0.0,0.0,940.5,0.0
0,631500,VOLCANIC_ROCK_VOUCHER_9500,939.0,13.0,0.0,0.0,0.0,0.0,940,13,0.0,0.0,0.0,0.0,939.5,0.0
0,631600,VOLCANIC_ROCK_VOUCHER_9500,940.0,29.0,0.0,0.0,0.0,0.0,941,12,0.0,0.0,0.0,0.0,940.5,0.0
0,631700,VOLCANIC_ROCK_VOUCHER_9500,940.0,12.0,0.0,0.0,0.0,0.0,941,12,0.0,0.0,0.0,0.0,940.5,0.0
0,631800,VOLCANIC_ROCK_VOUCHER_9500,940.0,21.0,0.0,0.0,0.0,0.0,941,21,0.0,0.0,0.0,0.0,940.5,0.0
0,631900,VOLCANIC_ROCK_VOUCHER_9500,936.0,19.0,0.0,0.0,0.0,0.0,938,19,0.0,0.0,0.0,0.0,937.0,0.0
0,632000,VOLCANIC_ROCK_VOUCHER_9500,939.0,15.0,0.0,0.0,0.0,0.0,940,15,0.0,0.0,0.0,0.0,939.5,0.0
0,632100,VOLCANIC_ROCK_VOUCHER_9500,940.0,11.0,0.0,0.0,0.0,0.0,941,11,0.0,0.0,0.0,0.0,940.5,0.0
0,632200,VOLCANIC_ROCK_VOUCHER_9500,937.0,22.0,0.0,0.0,0.0,0.0,939,22,0.0,0.0,0.0,0.0,938.0,0.0
0,632300,VOLCANIC_ROCK_VOUCHER_9500,934.0,19.0,0.0,0.0,0.0,0.0,935,19,0.0,0.0,0.0,0.0,934.5,0.0
0,632400,VOLCANIC_ROCK_VOUCHER_9500,931.0,21.0,0.0,0.0,0.0,0.0,932,21,0.0,0.0,0.0,0.0,931.5,0.0
0,632500,VOLCANIC_ROCK_VOUCHER_9500,930.0,16.0,0.0,0.0,0.0,0.0,932,16,0.0,0.0,0.0,0.0,931.0,0.0
0,632600,VOLCANIC_ROCK_VOUCHER_9500,921.0,19.0,0.0,0.0,0.0,0.0,922,19,0.0,0.0,0.0,0.0,921.5,0.0
0,632700,VOLCANIC_ROCK_VOUCHER_9500,919.0,12.0,0.0,0.0,0.0,0.0,920,1,921.0,11.0,0.0,0.0,919.5,0.0
0,632800,VOLCANIC_ROCK_VOUCHER_9500,919.0,16.0,0.0,0.0,0.0,0.0,920,16,0.0,0.0,0.0,0.0,919.5,0.0
0,632900,VOLCANIC_ROCK_VOUCHER_9500,920.0,10.0,0.0,0.0,0.0,0.0,922,18,0.0,0.0,0.0,0.0,921.0,0.0
0,633000,VOLCANIC_ROCK_VOUCHER_9500,919.0,18.0,0.0,0.0,0.0,0.0,920,18,0.0,0.0,0.0,0.0,919.5,0.0
0,633100,VOLCANIC_ROCK_VOUCHER_9500,915.0,17.0,0.0,0.0,0.0,0.0,917,17,0.0,0.0,0.0,0.0,916.0,0.0
0,633200,VOLCANIC_ROCK_VOUCHER_9500,914.0,14.0,0.0,0.0,0.0,0.0,915,14,0.0,0.0,0.0,0.0,914.5,0.0
0,633300,VOLCANIC_ROCK_VOUCHER_9500,912.0,11.0,0.0,0.0,0.0,0.0,913,11,0.0,0.0,0.0,0.0,912.5,0.0
0,633400,VOLCANIC_ROCK_VOUCHER_9500,915.0,13.0,0.0,0.0,0.0,0.0,916,13,0.0,0.0,0.0,0.0,915.5,0.0
0,633500,VOLCANIC_ROCK_VOUCHER_9500,916.0,14.0,0.0,0.0,0.0,0.0,917,14,0.0,0.0,0.0,0.0,916.5,0.0
0,633600,VOLCANIC_ROCK_VOUCHER_9500,913.0,19.0,0.0,0.0,0.0,0.0,914,19,0.0,0.0,0.0,0.0,913.5,0.0
0,633700,VOLCANIC_ROCK_VOUCHER_9500,917.0,14.0,0.0,0.0,0.0,0.0,918,14,0.0,0.0,0.0,0.0,917.5,0.0
0,633800,VOLCANIC_ROCK_VOUCHER_9500,914.0,10.0,0.0,0.0,0.0,0.0,915,21,0.0,0.0,0.0,0.0,914.5,0.0
0,633900,VOLCANIC_ROCK_VOUCHER_9500,913.0,12.0,0.0,0.0,0.0,0.0,914,12,0.0,0.0,0.0,0.0,913.5,0.0
0,634000,VOLCANIC_ROCK_VOUCHER_9500,914.0,19.0,0.0,0.0,0.0,0.0,915,19,0.0,0.0,0.0,0.0,914.5,0.0
0,634100,VOLCANIC_ROCK_VOUCHER_9500,911.0,19.0,0.0,0.0,0.0,0.0,912,19,0.0,0.0,0.0,0.0,911.5,0.0
0,634200,VOLCANIC_ROCK_VOUCHER_9500,910.0,19.0,0.0,0.0,0.0,0.0,911,19,0.0,0.0,0.0,0.0,910.5,0.0
0,634300,VOLCANIC_ROCK_VOUCHER_9500,909.0,18.0,0.0,0.0,0.0,0.0,911,18,0.0,0.0,0.0,0.0,910.0,0.0
0,634400,VOLCANIC_ROCK_VOUCHER_9500,909.0,16.0,0.0,0.0,0.0,0.0,911,16,0.0,0.0,0.0,0.0,910.0,0.0
0,634500,VOLCANIC_ROCK_VOUCHER_9500,910.0,18.0,0.0,0.0,0.0,0.0,911,18,0.0,0.0,0.0,0.0,910.5,0.0
0,634600,VOLCANIC_ROCK_VOUCHER_9500,912.0,12.0,0.0,0.0,0.0,0.0,913,12,0.0,0.0,0.0,0.0,912.5,0.0
0,634700,VOLCANIC_ROCK_VOUCHER_9500,912.0,15.0,0.0,0.0,0.0,0.0,913,15,0.0,0.0,0.0,0.0,912.5,0.0
0,634800,VOLCANIC_ROCK_VOUCHER_9500,910.0,12.0,0.0,0.0,0.0,0.0,911,12,0.0,0.0,0.0,0.0,910.5,0.0
0,634900,VOLCANIC_ROCK_VOUCHER_9500,911.0,14.0,0.0,0.0,0.0,0.0,912,14,0.0,0.0,0.0,0.0,911.5,0.0
0,635000,VOLCANIC_ROCK_VOUCHER_9500,911.0,14.0,0.0,0.0,0.0,0.0,912,14,0.0,0.0,0.0,0.0,911.5,0.0
0,635100,VOLCANIC_ROCK_VOUCHER_9500,912.0,19.0,0.0,0.0,0.0,0.0,913,19,0.0,0.0,0.0,0.0,912.5,0.0
0,635200,VOLCANIC_ROCK_VOUCHER_9500,912.0,12.0,0.0,0.0,0.0,0.0,914,12,0.0,0.0,0.0,0.0,913.0,0.0
0,635300,VOLCANIC_ROCK_VOUCHER_9500,912.0,15.0,0.0,0.0,0.0,0.0,913,15,0.0,0.0,0.0,0.0,912.5,0.0
0,635400,VOLCANIC_ROCK_VOUCHER_9500,910.0,10.0,0.0,0.0,0.0,0.0,911,10,0.0,0.0,0.0,0.0,910.5,0.0
0,635500,VOLCANIC_ROCK_VOUCHER_9500,911.0,19.0,0.0,0.0,0.0,0.0,912,19,0.0,0.0,0.0,0.0,911.5,0.0
0,635600,VOLCANIC_ROCK_VOUCHER_9500,910.0,3.0,0.0,0.0,0.0,0.0,911,19,0.0,0.0,0.0,0.0,910.5,0.0
0,635700,VOLCANIC_ROCK_VOUCHER_9500,909.0,19.0,0.0,0.0,0.0,0.0,910,19,0.0,0.0,0.0,0.0,909.5,0.0
0,635800,VOLCANIC_ROCK_VOUCHER_9500,914.0,20.0,0.0,0.0,0.0,0.0,915,20,0.0,0.0,0.0,0.0,914.5,0.0
0,635900,VOLCANIC_ROCK_VOUCHER_9500,913.0,15.0,0.0,0.0,0.0,0.0,914,15,0.0,0.0,0.0,0.0,913.5,0.0
0,636000,VOLCANIC_ROCK_VOUCHER_9500,913.0,16.0,0.0,0.0,0.0,0.0,914,16,0.0,0.0,0.0,0.0,913.5,0.0
0,636100,VOLCANIC_ROCK_VOUCHER_9500,913.0,17.0,0.0,0.0,0.0,0.0,914,17,0.0,0.0,0.0,0.0,913.5,0.0
0,636200,VOLCANIC_ROCK_VOUCHER_9500,916.0,11.0,0.0,0.0,0.0,0.0,917,11,0.0,0.0,0.0,0.0,916.5,0.0
0,636300,VOLCANIC_ROCK_VOUCHER_9500,915.0,17.0,0.0,0.0,0.0,0.0,917,17,0.0,0.0,0.0,0.0,916.0,0.0
0,636400,VOLCANIC_ROCK_VOUCHER_9500,913.0,14.0,0.0,0.0,0.0,0.0,914,14,0.0,0.0,0.0,0.0,913.5,0.0
0,636500,VOLCANIC_ROCK_VOUCHER_9500,912.0,1.0,911.0,20.0,0.0,0.0,913,21,0.0,0.0,0.0,0.0,912.5,0.0
0,636600,VOLCANIC_ROCK_VOUCHER_9500,913.0,2.0,0.0,0.0,0.0,0.0,914,16,0.0,0.0,0.0,0.0,913.5,0.0
0,636700,VOLCANIC_ROCK_VOUCHER_9500,911.0,19.0,0.0,0.0,0.0,0.0,912,19,0.0,0.0,0.0,0.0,911.5,0.0
0,636800,VOLCANIC_ROCK_VOUCHER_9500,911.0,16.0,0.0,0.0,0.0,0.0,912,16,0.0,0.0,0.0,0.0,911.5,0.0
0,636900,VOLCANIC_ROCK_VOUCHER_9500,909.0,11.0,0.0,0.0,0.0,0.0,910,11,0.0,0.0,0.0,0.0,909.5,0.0
0,637000,VOLCANIC_ROCK_VOUCHER_9500,911.0,32.0,0.0,0.0,0.0,0.0,912,18,0.0,0.0,0.0,0.0,911.5,0.0
0,637100,VOLCANIC_ROCK_VOUCHER_9500,909.0,15.0,0.0,0.0,0.0,0.0,910,15,0.0,0.0,0.0,0.0,909.5,0.0
0,637200,VOLCANIC_ROCK_VOUCHER_9500,908.0,15.0,0.0,0.0,0.0,0.0,909,15,0.0,0.0,0.0,0.0,908.5,0.0
0,637300,VOLCANIC_ROCK_VOUCHER_9500,907.0,14.0,0.0,0.0,0.0,0.0,908,14,0.0,0.0,0.0,0.0,907.5,0.0
0,637400,VOLCANIC_ROCK_VOUCHER_9500,907.0,16.0,0.0,0.0,0.0,0.0,908,16,0.0,0.0,0.0,0.0,907.5,0.0
0,637500,VOLCANIC_ROCK_VOUCHER_9500,907.0,19.0,0.0,0.0,0.0,0.0,908,19,0.0,0.0,0.0,0.0,907.5,0.0
0,637600,VOLCANIC_ROCK_VOUCHER_9500,906.0,13.0,0.0,0.0,0.0,0.0,907,13,0.0,0.0,0.0,0.0,906.5,0.0
0,637700,VOLCANIC_ROCK_VOUCHER_9500,906.0,19.0,0.0,0.0,0.0,0.0,908,19,0.0,0.0,0.0,0.0,907.0,0.0
0,637800,VOLCANIC_ROCK_VOUCHER_9500,908.0,13.0,0.0,0.0,0.0,0.0,909,13,0.0,0.0,0.0,0.0,908.5,0.0
0,637900,VOLCANIC_ROCK_VOUCHER_9500,907.0,18.0,0.0,0.0,0.0,0.0,908,18,0.0,0.0,0.0,0.0,907.5,0.0
0,638000,VOLCANIC_ROCK_VOUCHER_9500,906.0,21.0,0.0,0.0,0.0,0.0,907,21,0.0,0.0,0.0,0.0,906.5,0.0
0,638100,VOLCANIC_ROCK_VOUCHER_9500,906.0,17.0,0.0,0.0,0.0,0.0,907,17,0.0,0.0,0.0,0.0,906.5,0.0
0,638200,VOLCANIC_ROCK_VOUCHER_9500,904.0,20.0,0.0,0.0,0.0,0.0,905,20,0.0,0.0,0.0,0.0,904.5,0.0
0,638300,VOLCANIC_ROCK_VOUCHER_9500,905.0,21.0,0.0,0.0,0.0,0.0,906,21,0.0,0.0,0.0,0.0,905.5,0.0
0,638400,VOLCANIC_ROCK_VOUCHER_9500,903.0,10.0,0.0,0.0,0.0,0.0,904,10,0.0,0.0,0.0,0.0,903.5,0.0
0,638500,VOLCANIC_ROCK_VOUCHER_9500,903.0,22.0,0.0,0.0,0.0,0.0,904,22,0.0,0.0,0.0,0.0,903.5,0.0
0,638600,VOLCANIC_ROCK_VOUCHER_9500,906.0,21.0,0.0,0.0,0.0,0.0,907,21,0.0,0.0,0.0,0.0,906.5,0.0
0,638700,VOLCANIC_ROCK_VOUCHER_9500,906.0,17.0,0.0,0.0,0.0,0.0,908,17,0.0,0.0,0.0,0.0,907.0,0.0
0,638800,VOLCANIC_ROCK_VOUCHER_9500,904.0,21.0,0.0,0.0,0.0,0.0,905,21,0.0,0.0,0.0,0.0,904.5,0.0
0,638900,VOLCANIC_ROCK_VOUCHER_9500,903.0,14.0,0.0,0.0,0.0,0.0,904,14,0.0,0.0,0.0,0.0,903.5,0.0
0,639000,VOLCANIC_ROCK_VOUCHER_9500,902.0,17.0,0.0,0.0,0.0,0.0,903,17,0.0,0.0,0.0,0.0,902.5,0.0
0,639100,VOLCANIC_ROCK_VOUCHER_9500,904.0,19.0,0.0,0.0,0.0,0.0,905,19,0.0,0.0,0.0,0.0,904.5,0.0
0,639200,VOLCANIC_ROCK_VOUCHER_9500,902.0,11.0,0.0,0.0,0.0,0.0,903,10,904.0,11.0,0.0,0.0,902.5,0.0
0,639300,VOLCANIC_ROCK_VOUCHER_9500,902.0,18.0,0.0,0.0,0.0,0.0,903,18,0.0,0.0,0.0,0.0,902.5,0.0
0,639400,VOLCANIC_ROCK_VOUCHER_9500,899.0,12.0,0.0,0.0,0.0,0.0,901,12,0.0,0.0,0.0,0.0,900.0,0.0
0,639500,VOLCANIC_ROCK_VOUCHER_9500,899.0,18.0,0.0,0.0,0.0,0.0,900,18,0.0,0.0,0.0,0.0,899.5,0.0
0,639600,VOLCANIC_ROCK_VOUCHER_9500,901.0,13.0,0.0,0.0,0.0,0.0,902,2,903.0,11.0,0.0,0.0,901.5,0.0
0,639700,VOLCANIC_ROCK_VOUCHER_9500,904.0,12.0,0.0,0.0,0.0,0.0,905,12,0.0,0.0,0.0,0.0,904.5,0.0
0,639800,VOLCANIC_ROCK_VOUCHER_9500,904.0,18.0,0.0,0.0,0.0,0.0,905,18,0.0,0.0,0.0,0.0,904.5,0.0
0,639900,VOLCANIC_ROCK_VOUCHER_9500,903.0,18.0,0.0,0.0,0.0,0.0,904,18,0.0,0.0,0.0,0.0,903.5,0.0
0,640000,VOLCANIC_ROCK_VOUCHER_9500,904.0,16.0,0.0,0.0,0.0,0.0,905,16,0.0,0.0,0.0,0.0,904.5,0.0
0,640100,VOLCANIC_ROCK_VOUCHER_9500,907.0,16.0,0.0,0.0,0.0,0.0,908,16,0.0,0.0,0.0,0.0,907.5,0.0
0,640200,VOLCANIC_ROCK_VOUCHER_9500,909.0,16.0,0.0,0.0,0.0,0.0,910,16,0.0,0.0,0.0,0.0,909.5,0.0
0,640300,VOLCANIC_ROCK_VOUCHER_9500,909.0,3.0,0.0,0.0,0.0,0.0,910,17,0.0,0.0,0.0,0.0,909.5,0.0
0,640400,VOLCANIC_ROCK_VOUCHER_9500,910.0,19.0,0.0,0.0,0.0,0.0,911,19,0.0,0.0,0.0,0.0,910.5,0.0
0,640500,VOLCANIC_ROCK_VOUCHER_9500,909.0,22.0,0.0,0.0,0.0,0.0,910,22,0.0,0.0,0.0,0.0,909.5,0.0
0,640600,VOLCANIC_ROCK_VOUCHER_9500,908.0,28.0,0.0,0.0,0.0,0.0,909,14,0.0,0.0,0.0,0.0,908.5,0.0
0,640700,VOLCANIC_ROCK_VOUCHER_9500,907.0,28.0,0.0,0.0,0.0,0.0,908,22,0.0,0.0,0.0,0.0,907.5,0.0
0,640800,VOLCANIC_ROCK_VOUCHER_9500,908.0,12.0,0.0,0.0,0.0,0.0,909,12,0.0,0.0,0.0,0.0,908.5,0.0
0,640900,VOLCANIC_ROCK_VOUCHER_9500,906.0,17.0,0.0,0.0,0.0,0.0,907,17,0.0,0.0,0.0,0.0,906.5,0.0
0,641000,VOLCANIC_ROCK_VOUCHER_9500,907.0,18.0,0.0,0.0,0.0,0.0,908,18,0.0,0.0,0.0,0.0,907.5,0.0
0,641100,VOLCANIC_ROCK_VOUCHER_9500,908.0,15.0,0.0,0.0,0.0,0.0,909,15,0.0,0.0,0.0,0.0,908.5,0.0
0,641200,VOLCANIC_ROCK_VOUCHER_9500,905.0,8.0,0.0,0.0,0.0,0.0,906,18,0.0,0.0,0.0,0.0,905.5,0.0
0,641300,VOLCANIC_ROCK_VOUCHER_9500,907.0,15.0,0.0,0.0,0.0,0.0,908,15,0.0,0.0,0.0,0.0,907.5,0.0
0,641400,VOLCANIC_ROCK_VOUCHER_9500,907.0,14.0,0.0,0.0,0.0,0.0,908,14,0.0,0.0,0.0,0.0,907.5,0.0
0,641500,VOLCANIC_ROCK_VOUCHER_9500,906.0,13.0,0.0,0.0,0.0,0.0,908,13,0.0,0.0,0.0,0.0,907.0,0.0
0,641600,VOLCANIC_ROCK_VOUCHER_9500,904.0,16.0,0.0,0.0,0.0,0.0,905,16,0.0,0.0,0.0,0.0,904.5,0.0
0,641700,VOLCANIC_ROCK_VOUCHER_9500,903.0,20.0,0.0,0.0,0.0,0.0,905,20,0.0,0.0,0.0,0.0,904.0,0.0
0,641800,VOLCANIC_ROCK_VOUCHER_9500,901.0,12.0,0.0,0.0,0.0,0.0,902,12,0.0,0.0,0.0,0.0,901.5,0.0
0,641900,VOLCANIC_ROCK_VOUCHER_9500,901.0,15.0,0.0,0.0,0.0,0.0,902,15,0.0,0.0,0.0,0.0,901.5,0.0
0,642000,VOLCANIC_ROCK_VOUCHER_9500,904.0,13.0,0.0,0.0,0.0,0.0,905,13,0.0,0.0,0.0,0.0,904.5,0.0
0,642100,VOLCANIC_ROCK_VOUCHER_9500,904.0,16.0,0.0,0.0,0.0,0.0,905,16,0.0,0.0,0.0,0.0,904.5,0.0
0,642200,VOLCANIC_ROCK_VOUCHER_9500,904.0,13.0,0.0,0.0,0.0,0.0,905,13,0.0,0.0,0.0,0.0,904.5,0.0
0,642300,VOLCANIC_ROCK_VOUCHER_9500,905.0,14.0,0.0,0.0,0.0,0.0,906,14,0.0,0.0,0.0,0.0,905.5,0.0
0,642400,VOLCANIC_ROCK_VOUCHER_9500,904.0,10.0,0.0,0.0,0.0,0.0,905,10,0.0,0.0,0.0,0.0,904.5,0.0
0,642500,VOLCANIC_ROCK_VOUCHER_9500,903.0,10.0,0.0,0.0,0.0,0.0,904,10,0.0,0.0,0.0,0.0,903.5,0.0
0,642600,VOLCANIC_ROCK_VOUCHER_9500,903.0,20.0,0.0,0.0,0.0,0.0,904,20,0.0,0.0,0.0,0.0,903.5,0.0
0,642700,VOLCANIC_ROCK_VOUCHER_9500,0.0,0.0,0.0,0.0,0.0,0.0,907,2,908.0,17.0,0.0,0.0,907.0,0.0
0,642800,VOLCANIC_ROCK_VOUCHER_9500,915.0,11.0,0.0,0.0,0.0,0.0,916,11,0.0,0.0,0.0,0.0,915.5,0.0
0,642900,VOLCANIC_ROCK_VOUCHER_9500,917.0,21.0,0.0,0.0,0.0,0.0,918,21,0.0,0.0,0.0,0.0,917.5,0.0
0,643000,VOLCANIC_ROCK_VOUCHER_9500,913.0,15.0,0.0,0.0,0.0,0.0,914,15,0.0,0.0,0.0,0.0,913.5,0.0
0,643100,VOLCANIC_ROCK_VOUCHER_9500,911.0,17.0,0.0,0.0,0.0,0.0,912,17,0.0,0.0,0.0,0.0,911.5,0.0
0,643200,VOLCANIC_ROCK_VOUCHER_9500,912.0,16.0,0.0,0.0,0.0,0.0,913,16,0.0,0.0,0.0,0.0,912.5,0.0
0,643300,VOLCANIC_ROCK_VOUCHER_9500,915.0,21.0,0.0,0.0,0.0,0.0,916,21,0.0,0.0,0.0,0.0,915.5,0.0
0,643400,VOLCANIC_ROCK_VOUCHER_9500,0.0,0.0,0.0,0.0,0.0,0.0,914,5,915.0,14.0,0.0,0.0,914.0,0.0
0,643500,VOLCANIC_ROCK_VOUCHER_9500,912.0,16.0,0.0,0.0,0.0,0.0,913,16,0.0,0.0,0.0,0.0,912.5,0.0
0,643600,VOLCANIC_ROCK_VOUCHER_9500,915.0,14.0,0.0,0.0,0.0,0.0,917,14,0.0,0.0,0.0,0.0,916.0,0.0
0,643700,VOLCANIC_ROCK_VOUCHER_9500,916.0,11.0,0.0,0.0,0.0,0.0,917,11,0.0,0.0,0.0,0.0,916.5,0.0
0,643800,VOLCANIC_ROCK_VOUCHER_9500,915.0,34.0,0.0,0.0,0.0,0.0,916,16,0.0,0.0,0.0,0.0,915.5,0.0
0,643900,VOLCANIC_ROCK_VOUCHER_9500,916.0,20.0,0.0,0.0,0.0,0.0,917,20,0.0,0.0,0.0,0.0,916.5,0.0
0,644000,VOLCANIC_ROCK_VOUCHER_9500,917.0,14.0,916.0,17.0,0.0,0.0,918,17,0.0,0.0,0.0,0.0,917.5,0.0
0,644100,VOLCANIC_ROCK_VOUCHER_9500,918.0,21.0,0.0,0.0,0.0,0.0,919,21,0.0,0.0,0.0,0.0,918.5,0.0
0,644200,VOLCANIC_ROCK_VOUCHER_9500,918.0,21.0,0.0,0.0,0.0,0.0,920,21,0.0,0.0,0.0,0.0,919.0,0.0
0,644300,VOLCANIC_ROCK_VOUCHER_9500,917.0,11.0,0.0,0.0,0.0,0.0,918,11,0.0,0.0,0.0,0.0,917.5,0.0
0,644400,VOLCANIC_ROCK_VOUCHER_9500,917.0,15.0,0.0,0.0,0.0,0.0,919,15,0.0,0.0,0.0,0.0,918.0,0.0
0,644500,VOLCANIC_ROCK_VOUCHER_9500,919.0,21.0,0.0,0.0,0.0,0.0,920,21,0.0,0.0,0.0,0.0,919.5,0.0
0,644600,VOLCANIC_ROCK_VOUCHER_9500,918.0,16.0,0.0,0.0,0.0,0.0,919,16,0.0,0.0,0.0,0.0,918.5,0.0
0,644700,VOLCANIC_ROCK_VOUCHER_9500,0.0,0.0,0.0,0.0,0.0,0.0,918,1,920.0,19.0,0.0,0.0,918.0,0.0
0,644800,VOLCANIC_ROCK_VOUCHER_9500,919.0,12.0,0.0,0.0,0.0,0.0,921,12,0.0,0.0,0.0,0.0,920.0,0.0
0,644900,VOLCANIC_ROCK_VOUCHER_9500,921.0,14.0,0.0,0.0,0.0,0.0,922,14,0.0,0.0,0.0,0.0,921.5,0.0
0,645000,VOLCANIC_ROCK_VOUCHER_9500,921.0,13.0,0.0,0.0,0.0,0.0,922,13,0.0,0.0,0.0,0.0,921.5,0.0
0,645100,VOLCANIC_ROCK_VOUCHER_9500,921.0,11.0,0.0,0.0,0.0,0.0,922,11,0.0,0.0,0.0,0.0,921.5,0.0
0,645200,VOLCANIC_ROCK_VOUCHER_9500,918.0,21.0,0.0,0.0,0.0,0.0,919,21,0.0,0.0,0.0,0.0,918.5,0.0
0,645300,VOLCANIC_ROCK_VOUCHER_9500,915.0,18.0,0.0,0.0,0.0,0.0,916,18,0.0,0.0,0.0,0.0,915.5,0.0
0,645400,VOLCANIC_ROCK_VOUCHER_9500,915.0,16.0,0.0,0.0,0.0,0.0,916,2,917.0,14.0,0.0,0.0,915.5,0.0
0,645500,VOLCANIC_ROCK_VOUCHER_9500,916.0,12.0,0.0,0.0,0.0,0.0,917,12,0.0,0.0,0.0,0.0,916.5,0.0
0,645600,VOLCANIC_ROCK_VOUCHER_9500,918.0,36.0,0.0,0.0,0.0,0.0,919,17,0.0,0.0,0.0,0.0,918.5,0.0
0,645700,VOLCANIC_ROCK_VOUCHER_9500,918.0,22.0,0.0,0.0,0.0,0.0,920,22,0.0,0.0,0.0,0.0,919.0,0.0
0,645800,VOLCANIC_ROCK_VOUCHER_9500,919.0,20.0,0.0,0.0,0.0,0.0,920,20,0.0,0.0,0.0,0.0,919.5,0.0
0,645900,VOLCANIC_ROCK_VOUCHER_9500,920.0,18.0,0.0,0.0,0.0,0.0,921,18,0.0,0.0,0.0,0.0,920.5,0.0
0,646000,VOLCANIC_ROCK_VOUCHER_9500,0.0,0.0,0.0,0.0,0.0,0.0,919,9,921.0,10.0,0.0,0.0,919.0,0.0
0,646100,VOLCANIC_ROCK_VOUCHER_9500,918.0,13.0,0.0,0.0,0.0,0.0,919,13,0.0,0.0,0.0,0.0,918.5,0.0
0,646200,VOLCANIC_ROCK_VOUCHER_9500,917.0,17.0,0.0,0.0,0.0,0.0,919,17,0.0,0.0,0.0,0.0,918.0,0.0
0,646300,VOLCANIC_ROCK_VOUCHER_9500,919.0,20.0,0.0,0.0,0.0,0.0,920,20,0.0,0.0,0.0,0.0,919.5,0.0
0,646400,VOLCANIC_ROCK_VOUCHER_9500,920.0,12.0,0.0,0.0,0.0,0.0,921,12,0.0,0.0,0.0,0.0,920.5,0.0
0,646500,VOLCANIC_ROCK_VOUCHER_9500,920.0,16.0,0.0,0.0,0.0,0.0,921,16,0.0,0.0,0.0,0.0,920.5,0.0
0,646600,VOLCANIC_ROCK_VOUCHER_9500,919.0,12.0,0.0,0.0,0.0,0.0,921,12,0.0,0.0,0.0,0.0,920.0,0.0
0,646700,VOLCANIC_ROCK_VOUCHER_9500,913.0,13.0,0.0,0.0,0.0,0.0,914,13,0.0,0.0,0.0,0.0,913.5,0.0
0,646800,VOLCANIC_ROCK_VOUCHER_9500,912.0,13.0,0.0,0.0,0.0,0.0,913,13,0.0,0.0,0.0,0.0,912.5,0.0
0,646900,VOLCANIC_ROCK_VOUCHER_9500,911.0,16.0,0.0,0.0,0.0,0.0,912,16,0.0,0.0,0.0,0.0,911.5,0.0
0,647000,VOLCANIC_ROCK_VOUCHER_9500,911.0,17.0,0.0,0.0,0.0,0.0,912,17,0.0,0.0,0.0,0.0,911.5,0.0
0,647100,VOLCANIC_ROCK_VOUCHER_9500,912.0,17.0,0.0,0.0,0.0,0.0,913,17,0.0,0.0,0.0,0.0,912.5,0.0
0,647200,VOLCANIC_ROCK_VOUCHER_9500,912.0,19.0,0.0,0.0,0.0,0.0,913,19,0.0,0.0,0.0,0.0,912.5,0.0
0,647300,VOLCANIC_ROCK_VOUCHER_9500,913.0,11.0,0.0,0.0,0.0,0.0,914,11,0.0,0.0,0.0,0.0,913.5,0.0
0,647400,VOLCANIC_ROCK_VOUCHER_9500,914.0,19.0,0.0,0.0,0.0,0.0,915,19,0.0,0.0,0.0,0.0,914.5,0.0
0,647500,VOLCANIC_ROCK_VOUCHER_9500,916.0,11.0,0.0,0.0,0.0,0.0,917,11,0.0,0.0,0.0,0.0,916.5,0.0
0,647600,VOLCANIC_ROCK_VOUCHER_9500,918.0,12.0,0.0,0.0,0.0,0.0,920,12,0.0,0.0,0.0,0.0,919.0,0.0
0,647700,VOLCANIC_ROCK_VOUCHER_9500,920.0,12.0,0.0,0.0,0.0,0.0,921,12,0.0,0.0,0.0,0.0,920.5,0.0
0,647800,VOLCANIC_ROCK_VOUCHER_9500,920.0,17.0,0.0,0.0,0.0,0.0,921,17,0.0,0.0,0.0,0.0,920.5,0.0
0,647900,VOLCANIC_ROCK_VOUCHER_9500,916.0,15.0,0.0,0.0,0.0,0.0,917,15,0.0,0.0,0.0,0.0,916.5,0.0
0,648000,VOLCANIC_ROCK_VOUCHER_9500,918.0,3.0,0.0,0.0,0.0,0.0,919,16,0.0,0.0,0.0,0.0,918.5,0.0
0,648100,VOLCANIC_ROCK_VOUCHER_9500,918.0,15.0,0.0,0.0,0.0,0.0,919,15,0.0,0.0,0.0,0.0,918.5,0.0
0,648200,VOLCANIC_ROCK_VOUCHER_9500,917.0,19.0,0.0,0.0,0.0,0.0,918,19,0.0,0.0,0.0,0.0,917.5,0.0
0,648300,VOLCANIC_ROCK_VOUCHER_9500,916.0,14.0,0.0,0.0,0.0,0.0,917,14,0.0,0.0,0.0,0.0,916.5,0.0
0,648400,VOLCANIC_ROCK_VOUCHER_9500,913.0,21.0,0.0,0.0,0.0,0.0,914,21,0.0,0.0,0.0,0.0,913.5,0.0
0,648500,VOLCANIC_ROCK_VOUCHER_9500,914.0,13.0,0.0,0.0,0.0,0.0,915,13,0.0,0.0,0.0,0.0,914.5,0.0
0,648600,VOLCANIC_ROCK_VOUCHER_9500,913.0,18.0,0.0,0.0,0.0,0.0,914,18,0.0,0.0,0.0,0.0,913.5,0.0
0,648700,VOLCANIC_ROCK_VOUCHER_9500,913.0,16.0,0.0,0.0,0.0,0.0,915,16,0.0,0.0,0.0,0.0,914.0,0.0
0,648800,VOLCANIC_ROCK_VOUCHER_9500,914.0,15.0,0.0,0.0,0.0,0.0,915,15,0.0,0.0,0.0,0.0,914.5,0.0
0,648900,VOLCANIC_ROCK_VOUCHER_9500,917.0,10.0,0.0,0.0,0.0,0.0,918,10,0.0,0.0,0.0,0.0,917.5,0.0
0,649000,VOLCANIC_ROCK_VOUCHER_9500,918.0,19.0,0.0,0.0,0.0,0.0,919,19,0.0,0.0,0.0,0.0,918.5,0.0
0,649100,VOLCANIC_ROCK_VOUCHER_9500,917.0,19.0,0.0,0.0,0.0,0.0,918,19,0.0,0.0,0.0,0.0,917.5,0.0
0,649200,VOLCANIC_ROCK_VOUCHER_9500,913.0,20.0,0.0,0.0,0.0,0.0,914,20,0.0,0.0,0.0,0.0,913.5,0.0
0,649300,VOLCANIC_ROCK_VOUCHER_9500,912.0,32.0,0.0,0.0,0.0,0.0,914,13,0.0,0.0,0.0,0.0,913.0,0.0
0,649400,VOLCANIC_ROCK_VOUCHER_9500,909.0,19.0,0.0,0.0,0.0,0.0,910,19,0.0,0.0,0.0,0.0,909.5,0.0
0,649500,VOLCANIC_ROCK_VOUCHER_9500,911.0,13.0,0.0,0.0,0.0,0.0,912,13,0.0,0.0,0.0,0.0,911.5,0.0
0,649600,VOLCANIC_ROCK_VOUCHER_9500,909.0,12.0,0.0,0.0,0.0,0.0,911,12,0.0,0.0,0.0,0.0,910.0,0.0
0,649700,VOLCANIC_ROCK_VOUCHER_9500,910.0,14.0,0.0,0.0,0.0,0.0,911,14,0.0,0.0,0.0,0.0,910.5,0.0
0,649800,VOLCANIC_ROCK_VOUCHER_9500,911.0,19.0,0.0,0.0,0.0,0.0,912,19,0.0,0.0,0.0,0.0,911.5,0.0
0,649900,VOLCANIC_ROCK_VOUCHER_9500,910.0,33.0,0.0,0.0,0.0,0.0,912,14,0.0,0.0,0.0,0.0,911.0,0.0
0,650000,VOLCANIC_ROCK_VOUCHER_9500,911.0,6.0,0.0,0.0,0.0,0.0,912,19,0.0,0.0,0.0,0.0,911.5,0.0
0,650100,VOLCANIC_ROCK_VOUCHER_9500,911.0,19.0,0.0,0.0,0.0,0.0,913,19,0.0,0.0,0.0,0.0,912.0,0.0
0,650200,VOLCANIC_ROCK_VOUCHER_9500,910.0,31.0,0.0,0.0,0.0,0.0,911,20,0.0,0.0,0.0,0.0,910.5,0.0
0,650300,VOLCANIC_ROCK_VOUCHER_9500,910.0,15.0,0.0,0.0,0.0,0.0,911,15,0.0,0.0,0.0,0.0,910.5,0.0
0,650400,VOLCANIC_ROCK_VOUCHER_9500,911.0,15.0,0.0,0.0,0.0,0.0,912,15,0.0,0.0,0.0,0.0,911.5,0.0
0,650500,VOLCANIC_ROCK_VOUCHER_9500,913.0,6.0,0.0,0.0,0.0,0.0,914,17,0.0,0.0,0.0,0.0,913.5,0.0
0,650600,VOLCANIC_ROCK_VOUCHER_9500,914.0,16.0,0.0,0.0,0.0,0.0,915,16,0.0,0.0,0.0,0.0,914.5,0.0
0,650700,VOLCANIC_ROCK_VOUCHER_9500,911.0,15.0,0.0,0.0,0.0,0.0,912,15,0.0,0.0,0.0,0.0,911.5,0.0
0,650800,VOLCANIC_ROCK_VOUCHER_9500,910.0,18.0,0.0,0.0,0.0,0.0,912,18,0.0,0.0,0.0,0.0,911.0,0.0
0,650900,VOLCANIC_ROCK_VOUCHER_9500,906.0,16.0,0.0,0.0,0.0,0.0,908,16,0.0,0.0,0.0,0.0,907.0,0.0
0,651000,VOLCANIC_ROCK_VOUCHER_9500,907.0,21.0,0.0,0.0,0.0,0.0,908,21,0.0,0.0,0.0,0.0,907.5,0.0
0,651100,VOLCANIC_ROCK_VOUCHER_9500,904.0,29.0,0.0,0.0,0.0,0.0,905,16,0.0,0.0,0.0,0.0,904.5,0.0
0,651200,VOLCANIC_ROCK_VOUCHER_9500,906.0,19.0,0.0,0.0,0.0,0.0,907,19,0.0,0.0,0.0,0.0,906.5,0.0
0,651300,VOLCANIC_ROCK_VOUCHER_9500,903.0,31.0,0.0,0.0,0.0,0.0,904,12,0.0,0.0,0.0,0.0,903.5,0.0
0,651400,VOLCANIC_ROCK_VOUCHER_9500,904.0,14.0,0.0,0.0,0.0,0.0,905,14,0.0,0.0,0.0,0.0,904.5,0.0
0,651500,VOLCANIC_ROCK_VOUCHER_9500,905.0,21.0,0.0,0.0,0.0,0.0,907,21,0.0,0.0,0.0,0.0,906.0,0.0
0,651600,VOLCANIC_ROCK_VOUCHER_9500,906.0,20.0,0.0,0.0,0.0,0.0,907,20,0.0,0.0,0.0,0.0,906.5,0.0
0,651700,VOLCANIC_ROCK_VOUCHER_9500,903.0,17.0,0.0,0.0,0.0,0.0,904,17,0.0,0.0,0.0,0.0,903.5,0.0
0,651800,VOLCANIC_ROCK_VOUCHER_9500,906.0,20.0,0.0,0.0,0.0,0.0,907,20,0.0,0.0,0.0,0.0,906.5,0.0
0,651900,VOLCANIC_ROCK_VOUCHER_9500,905.0,22.0,0.0,0.0,0.0,0.0,906,22,0.0,0.0,0.0,0.0,905.5,0.0
0,652000,VOLCANIC_ROCK_VOUCHER_9500,906.0,13.0,0.0,0.0,0.0,0.0,907,13,0.0,0.0,0.0,0.0,906.5,0.0
0,652100,VOLCANIC_ROCK_VOUCHER_9500,903.0,21.0,0.0,0.0,0.0,0.0,905,21,0.0,0.0,0.0,0.0,904.0,0.0
0,652200,VOLCANIC_ROCK_VOUCHER_9500,901.0,16.0,0.0,0.0,0.0,0.0,902,16,0.0,0.0,0.0,0.0,901.5,0.0
0,652300,VOLCANIC_ROCK_VOUCHER_9500,901.0,23.0,0.0,0.0,0.0,0.0,902,11,0.0,0.0,0.0,0.0,901.5,0.0
0,652400,VOLCANIC_ROCK_VOUCHER_9500,899.0,16.0,0.0,0.0,0.0,0.0,900,16,0.0,0.0,0.0,0.0,899.5,0.0
0,652500,VOLCANIC_ROCK_VOUCHER_9500,900.0,13.0,0.0,0.0,0.0,0.0,901,13,0.0,0.0,0.0,0.0,900.5,0.0
0,652600,VOLCANIC_ROCK_VOUCHER_9500,900.0,19.0,0.0,0.0,0.0,0.0,902,19,0.0,0.0,0.0,0.0,901.0,0.0
0,652700,VOLCANIC_ROCK_VOUCHER_9500,900.0,11.0,0.0,0.0,0.0,0.0,901,11,0.0,0.0,0.0,0.0,900.5,0.0
0,652800,VOLCANIC_ROCK_VOUCHER_9500,900.0,21.0,0.0,0.0,0.0,0.0,901,21,0.0,0.0,0.0,0.0,900.5,0.0
0,652900,VOLCANIC_ROCK_VOUCHER_9500,901.0,19.0,0.0,0.0,0.0,0.0,902,19,0.0,0.0,0.0,0.0,901.5,0.0
0,653000,VOLCANIC_ROCK_VOUCHER_9500,899.0,17.0,0.0,0.0,0.0,0.0,901,17,0.0,0.0,0.0,0.0,900.0,0.0
0,653100,VOLCANIC_ROCK_VOUCHER_9500,900.0,13.0,0.0,0.0,0.0,0.0,901,13,0.0,0.0,0.0,0.0,900.5,0.0
0,653200,VOLCANIC_ROCK_VOUCHER_9500,900.0,11.0,0.0,0.0,0.0,0.0,901,11,0.0,0.0,0.0,0.0,900.5,0.0
0,653300,VOLCANIC_ROCK_VOUCHER_9500,898.0,12.0,0.0,0.0,0.0,0.0,900,12,0.0,0.0,0.0,0.0,899.0,0.0
0,653400,VOLCANIC_ROCK_VOUCHER_9500,900.0,13.0,0.0,0.0,0.0,0.0,901,13,0.0,0.0,0.0,0.0,900.5,0.0
0,653500,VOLCANIC_ROCK_VOUCHER_9500,901.0,15.0,0.0,0.0,0.0,0.0,902,15,0.0,0.0,0.0,0.0,901.5,0.0
0,653600,VOLCANIC_ROCK_VOUCHER_9500,902.0,22.0,0.0,0.0,0.0,0.0,903,22,0.0,0.0,0.0,0.0,902.5,0.0
0,653700,VOLCANIC_ROCK_VOUCHER_9500,902.0,15.0,0.0,0.0,0.0,0.0,903,15,0.0,0.0,0.0,0.0,902.5,0.0
0,653800,VOLCANIC_ROCK_VOUCHER_9500,901.0,13.0,0.0,0.0,0.0,0.0,902,13,0.0,0.0,0.0,0.0,901.5,0.0
0,653900,VOLCANIC_ROCK_VOUCHER_9500,900.0,15.0,0.0,0.0,0.0,0.0,901,15,0.0,0.0,0.0,0.0,900.5,0.0
0,654000,VOLCANIC_ROCK_VOUCHER_9500,901.0,19.0,0.0,0.0,0.0,0.0,902,19,0.0,0.0,0.0,0.0,901.5,0.0
0,654100,VOLCANIC_ROCK_VOUCHER_9500,900.0,19.0,0.0,0.0,0.0,0.0,901,19,0.0,0.0,0.0,0.0,900.5,0.0
0,654200,VOLCANIC_ROCK_VOUCHER_9500,901.0,20.0,0.0,0.0,0.0,0.0,902,20,0.0,0.0,0.0,0.0,901.5,0.0
0,654300,VOLCANIC_ROCK_VOUCHER_9500,901.0,18.0,0.0,0.0,0.0,0.0,902,18,0.0,0.0,0.0,0.0,901.5,0.0
0,654400,VOLCANIC_ROCK_VOUCHER_9500,901.0,17.0,0.0,0.0,0.0,0.0,903,17,0.0,0.0,0.0,0.0,902.0,0.0
0,654500,VOLCANIC_ROCK_VOUCHER_9500,904.0,20.0,0.0,0.0,0.0,0.0,905,20,0.0,0.0,0.0,0.0,904.5,0.0
0,654600,VOLCANIC_ROCK_VOUCHER_9500,901.0,19.0,0.0,0.0,0.0,0.0,902,19,0.0,0.0,0.0,0.0,901.5,0.0
0,654700,VOLCANIC_ROCK_VOUCHER_9500,901.0,21.0,0.0,0.0,0.0,0.0,902,21,0.0,0.0,0.0,0.0,901.5,0.0
0,654800,VOLCANIC_ROCK_VOUCHER_9500,902.0,12.0,0.0,0.0,0.0,0.0,903,12,0.0,0.0,0.0,0.0,902.5,0.0
0,654900,VOLCANIC_ROCK_VOUCHER_9500,904.0,21.0,0.0,0.0,0.0,0.0,905,21,0.0,0.0,0.0,0.0,904.5,0.0
0,655000,VOLCANIC_ROCK_VOUCHER_9500,902.0,12.0,0.0,0.0,0.0,0.0,903,12,0.0,0.0,0.0,0.0,902.5,0.0
0,655100,VOLCANIC_ROCK_VOUCHER_9500,902.0,15.0,0.0,0.0,0.0,0.0,903,15,0.0,0.0,0.0,0.0,902.5,0.0
0,655200,VOLCANIC_ROCK_VOUCHER_9500,904.0,20.0,0.0,0.0,0.0,0.0,905,20,0.0,0.0,0.0,0.0,904.5,0.0
0,655300,VOLCANIC_ROCK_VOUCHER_9500,911.0,17.0,0.0,0.0,0.0,0.0,912,17,0.0,0.0,0.0,0.0,911.5,0.0
0,655400,VOLCANIC_ROCK_VOUCHER_9500,914.0,10.0,0.0,0.0,0.0,0.0,915,10,0.0,0.0,0.0,0.0,914.5,0.0
0,655500,VOLCANIC_ROCK_VOUCHER_9500,912.0,18.0,0.0,0.0,0.0,0.0,914,18,0.0,0.0,0.0,0.0,913.0,0.0
0,655600,VOLCANIC_ROCK_VOUCHER_9500,912.0,17.0,0.0,0.0,0.0,0.0,914,17,0.0,0.0,0.0,0.0,913.0,0.0
0,655700,VOLCANIC_ROCK_VOUCHER_9500,913.0,15.0,0.0,0.0,0.0,0.0,914,15,0.0,0.0,0.0,0.0,913.5,0.0
0,655800,VOLCANIC_ROCK_VOUCHER_9500,915.0,20.0,0.0,0.0,0.0,0.0,916,20,0.0,0.0,0.0,0.0,915.5,0.0
0,655900,VOLCANIC_ROCK_VOUCHER_9500,915.0,19.0,0.0,0.0,0.0,0.0,916,19,0.0,0.0,0.0,0.0,915.5,0.0
0,656000,VOLCANIC_ROCK_VOUCHER_9500,915.0,12.0,0.0,0.0,0.0,0.0,916,19,0.0,0.0,0.0,0.0,915.5,0.0
0,656100,VOLCANIC_ROCK_VOUCHER_9500,916.0,13.0,0.0,0.0,0.0,0.0,917,13,0.0,0.0,0.0,0.0,916.5,0.0
0,656200,VOLCANIC_ROCK_VOUCHER_9500,914.0,19.0,0.0,0.0,0.0,0.0,915,19,0.0,0.0,0.0,0.0,914.5,0.0
0,656300,VOLCANIC_ROCK_VOUCHER_9500,914.0,20.0,0.0,0.0,0.0,0.0,916,20,0.0,0.0,0.0,0.0,915.0,0.0
0,656400,VOLCANIC_ROCK_VOUCHER_9500,909.0,12.0,0.0,0.0,0.0,0.0,910,12,0.0,0.0,0.0,0.0,909.5,0.0
0,656500,VOLCANIC_ROCK_VOUCHER_9500,907.0,19.0,0.0,0.0,0.0,0.0,908,19,0.0,0.0,0.0,0.0,907.5,0.0
0,656600,VOLCANIC_ROCK_VOUCHER_9500,906.0,18.0,0.0,0.0,0.0,0.0,907,18,0.0,0.0,0.0,0.0,906.5,0.0
0,656700,VOLCANIC_ROCK_VOUCHER_9500,901.0,15.0,0.0,0.0,0.0,0.0,902,15,0.0,0.0,0.0,0.0,901.5,0.0
0,656800,VOLCANIC_ROCK_VOUCHER_9500,905.0,15.0,0.0,0.0,0.0,0.0,906,15,0.0,0.0,0.0,0.0,905.5,0.0
0,656900,VOLCANIC_ROCK_VOUCHER_9500,0.0,0.0,0.0,0.0,0.0,0.0,906,1,907.0,15.0,0.0,0.0,906.0,0.0
0,657000,VOLCANIC_ROCK_VOUCHER_9500,904.0,14.0,0.0,0.0,0.0,0.0,906,14,0.0,0.0,0.0,0.0,905.0,0.0
0,657100,VOLCANIC_ROCK_VOUCHER_9500,905.0,17.0,0.0,0.0,0.0,0.0,906,17,0.0,0.0,0.0,0.0,905.5,0.0
0,657200,VOLCANIC_ROCK_VOUCHER_9500,904.0,12.0,0.0,0.0,0.0,0.0,905,12,0.0,0.0,0.0,0.0,904.5,0.0
0,657300,VOLCANIC_ROCK_VOUCHER_9500,905.0,17.0,0.0,0.0,0.0,0.0,906,17,0.0,0.0,0.0,0.0,905.5,0.0
0,657400,VOLCANIC_ROCK_VOUCHER_9500,907.0,1.0,0.0,0.0,0.0,0.0,908,14,0.0,0.0,0.0,0.0,907.5,0.0
0,657500,VOLCANIC_ROCK_VOUCHER_9500,906.0,21.0,0.0,0.0,0.0,0.0,907,21,0.0,0.0,0.0,0.0,906.5,0.0
0,657600,VOLCANIC_ROCK_VOUCHER_9500,905.0,16.0,0.0,0.0,0.0,0.0,906,16,0.0,0.0,0.0,0.0,905.5,0.0
0,657700,VOLCANIC_ROCK_VOUCHER_9500,901.0,14.0,0.0,0.0,0.0,0.0,902,14,0.0,0.0,0.0,0.0,901.5,0.0
0,657800,VOLCANIC_ROCK_VOUCHER_9500,901.0,16.0,0.0,0.0,0.0,0.0,902,16,0.0,0.0,0.0,0.0,901.5,0.0
0,657900,VOLCANIC_ROCK_VOUCHER_9500,902.0,13.0,0.0,0.0,0.0,0.0,904,13,0.0,0.0,0.0,0.0,903.0,0.0
0,658000,VOLCANIC_ROCK_VOUCHER_9500,0.0,0.0,0.0,0.0,0.0,0.0,904,5,905.0,12.0,0.0,0.0,904.0,0.0
0,658100,VOLCANIC_ROCK_VOUCHER_9500,901.0,27.0,0.0,0.0,0.0,0.0,902,16,0.0,0.0,0.0,0.0,901.5,0.0
0,658200,VOLCANIC_ROCK_VOUCHER_9500,901.0,18.0,0.0,0.0,0.0,0.0,903,18,0.0,0.0,0.0,0.0,902.0,0.0
0,658300,VOLCANIC_ROCK_VOUCHER_9500,902.0,20.0,0.0,0.0,0.0,0.0,903,20,0.0,0.0,0.0,0.0,902.5,0.0
0,658400,VOLCANIC_ROCK_VOUCHER_9500,904.0,17.0,0.0,0.0,0.0,0.0,905,17,0.0,0.0,0.0,0.0,904.5,0.0
0,658500,VOLCANIC_ROCK_VOUCHER_9500,902.0,11.0,0.0,0.0,0.0,0.0,903,11,0.0,0.0,0.0,0.0,902.5,0.0
0,658600,VOLCANIC_ROCK_VOUCHER_9500,906.0,16.0,0.0,0.0,0.0,0.0,907,16,0.0,0.0,0.0,0.0,906.5,0.0
0,658700,VOLCANIC_ROCK_VOUCHER_9500,907.0,17.0,0.0,0.0,0.0,0.0,908,17,0.0,0.0,0.0,0.0,907.5,0.0
0,658800,VOLCANIC_ROCK_VOUCHER_9500,907.0,10.0,0.0,0.0,0.0,0.0,908,10,0.0,0.0,0.0,0.0,907.5,0.0
0,658900,VOLCANIC_ROCK_VOUCHER_9500,904.0,15.0,0.0,0.0,0.0,0.0,905,15,0.0,0.0,0.0,0.0,904.5,0.0
0,659000,VOLCANIC_ROCK_VOUCHER_9500,905.0,18.0,0.0,0.0,0.0,0.0,906,18,0.0,0.0,0.0,0.0,905.5,0.0
0,659100,VOLCANIC_ROCK_VOUCHER_9500,904.0,22.0,0.0,0.0,0.0,0.0,905,22,0.0,0.0,0.0,0.0,904.5,0.0
0,659200,VOLCANIC_ROCK_VOUCHER_9500,903.0,11.0,0.0,0.0,0.0,0.0,904,11,0.0,0.0,0.0,0.0,903.5,0.0
0,659300,VOLCANIC_ROCK_VOUCHER_9500,904.0,12.0,0.0,0.0,0.0,0.0,905,12,0.0,0.0,0.0,0.0,904.5,0.0
0,659400,VOLCANIC_ROCK_VOUCHER_9500,904.0,12.0,0.0,0.0,0.0,0.0,905,12,0.0,0.0,0.0,0.0,904.5,0.0
0,659500,VOLCANIC_ROCK_VOUCHER_9500,904.0,16.0,0.0,0.0,0.0,0.0,906,16,0.0,0.0,0.0,0.0,905.0,0.0
0,659600,VOLCANIC_ROCK_VOUCHER_9500,905.0,21.0,0.0,0.0,0.0,0.0,906,15,0.0,0.0,0.0,0.0,905.5,0.0
0,659700,VOLCANIC_ROCK_VOUCHER_9500,905.0,17.0,0.0,0.0,0.0,0.0,906,17,0.0,0.0,0.0,0.0,905.5,0.0
0,659800,VOLCANIC_ROCK_VOUCHER_9500,905.0,15.0,0.0,0.0,0.0,0.0,906,15,0.0,0.0,0.0,0.0,905.5,0.0
0,659900,VOLCANIC_ROCK_VOUCHER_9500,906.0,11.0,0.0,0.0,0.0,0.0,907,11,0.0,0.0,0.0,0.0,906.5,0.0
0,660000,VOLCANIC_ROCK_VOUCHER_9500,905.0,29.0,0.0,0.0,0.0,0.0,906,16,0.0,0.0,0.0,0.0,905.5,0.0
0,660100,VOLCANIC_ROCK_VOUCHER_9500,904.0,12.0,0.0,0.0,0.0,0.0,906,12,0.0,0.0,0.0,0.0,905.0,0.0
0,660200,VOLCANIC_ROCK_VOUCHER_9500,904.0,13.0,0.0,0.0,0.0,0.0,905,13,0.0,0.0,0.0,0.0,904.5,0.0
0,660300,VOLCANIC_ROCK_VOUCHER_9500,906.0,15.0,0.0,0.0,0.0,0.0,907,15,0.0,0.0,0.0,0.0,906.5,0.0
0,660400,VOLCANIC_ROCK_VOUCHER_9500,906.0,1.0,0.0,0.0,0.0,0.0,907,17,0.0,0.0,0.0,0.0,906.5,0.0
0,660500,VOLCANIC_ROCK_VOUCHER_9500,906.0,16.0,0.0,0.0,0.0,0.0,907,16,0.0,0.0,0.0,0.0,906.5,0.0
0,660600,VOLCANIC_ROCK_VOUCHER_9500,906.0,14.0,0.0,0.0,0.0,0.0,908,14,0.0,0.0,0.0,0.0,907.0,0.0
0,660700,VOLCANIC_ROCK_VOUCHER_9500,907.0,10.0,0.0,0.0,0.0,0.0,908,10,0.0,0.0,0.0,0.0,907.5,0.0
0,660800,VOLCANIC_ROCK_VOUCHER_9500,908.0,5.0,0.0,0.0,0.0,0.0,909,17,0.0,0.0,0.0,0.0,908.5,0.0
0,660900,VOLCANIC_ROCK_VOUCHER_9500,909.0,15.0,0.0,0.0,0.0,0.0,910,15,0.0,0.0,0.0,0.0,909.5,0.0
0,661000,VOLCANIC_ROCK_VOUCHER_9500,906.0,19.0,0.0,0.0,0.0,0.0,907,19,0.0,0.0,0.0,0.0,906.5,0.0
0,661100,VOLCANIC_ROCK_VOUCHER_9500,904.0,21.0,0.0,0.0,0.0,0.0,905,21,0.0,0.0,0.0,0.0,904.5,0.0
0,661200,VOLCANIC_ROCK_VOUCHER_9500,905.0,1.0,0.0,0.0,0.0,0.0,906,14,0.0,0.0,0.0,0.0,905.5,0.0
0,661300,VOLCANIC_ROCK_VOUCHER_9500,902.0,13.0,0.0,0.0,0.0,0.0,903,13,0.0,0.0,0.0,0.0,902.5,0.0
0,661400,VOLCANIC_ROCK_VOUCHER_9500,902.0,20.0,0.0,0.0,0.0,0.0,903,20,0.0,0.0,0.0,0.0,902.5,0.0
0,661500,VOLCANIC_ROCK_VOUCHER_9500,902.0,19.0,0.0,0.0,0.0,0.0,903,19,0.0,0.0,0.0,0.0,902.5,0.0
0,661600,VOLCANIC_ROCK_VOUCHER_9500,901.0,18.0,0.0,0.0,0.0,0.0,902,18,0.0,0.0,0.0,0.0,901.5,0.0
0,661700,VOLCANIC_ROCK_VOUCHER_9500,904.0,22.0,0.0,0.0,0.0,0.0,905,22,0.0,0.0,0.0,0.0,904.5,0.0
0,661800,VOLCANIC_ROCK_VOUCHER_9500,0.0,0.0,0.0,0.0,0.0,0.0,901,7,902.0,10.0,0.0,0.0,901.0,0.0
0,661900,VOLCANIC_ROCK_VOUCHER_9500,901.0,14.0,0.0,0.0,0.0,0.0,903,14,0.0,0.0,0.0,0.0,902.0,0.0
0,662000,VOLCANIC_ROCK_VOUCHER_9500,905.0,16.0,0.0,0.0,0.0,0.0,906,16,0.0,0.0,0.0,0.0,905.5,0.0
0,662100,VOLCANIC_ROCK_VOUCHER_9500,908.0,13.0,0.0,0.0,0.0,0.0,909,13,0.0,0.0,0.0,0.0,908.5,0.0
0,662200,VOLCANIC_ROCK_VOUCHER_9500,0.0,0.0,0.0,0.0,0.0,0.0,904,2,905.0,12.0,0.0,0.0,904.0,0.0
0,662300,VOLCANIC_ROCK_VOUCHER_9500,903.0,13.0,0.0,0.0,0.0,0.0,905,13,0.0,0.0,0.0,0.0,904.0,0.0
0,662400,VOLCANIC_ROCK_VOUCHER_9500,905.0,15.0,0.0,0.0,0.0,0.0,906,15,0.0,0.0,0.0,0.0,905.5,0.0
0,662500,VOLCANIC_ROCK_VOUCHER_9500,906.0,21.0,0.0,0.0,0.0,0.0,907,21,0.0,0.0,0.0,0.0,906.5,0.0
0,662600,VOLCANIC_ROCK_VOUCHER_9500,906.0,19.0,0.0,0.0,0.0,0.0,907,19,0.0,0.0,0.0,0.0,906.5,0.0
0,662700,VOLCANIC_ROCK_VOUCHER_9500,907.0,22.0,0.0,0.0,0.0,0.0,908,22,0.0,0.0,0.0,0.0,907.5,0.0
0,662800,VOLCANIC_ROCK_VOUCHER_9500,907.0,22.0,0.0,0.0,0.0,0.0,909,22,0.0,0.0,0.0,0.0,908.0,0.0
0,662900,VOLCANIC_ROCK_VOUCHER_9500,907.0,16.0,0.0,0.0,0.0,0.0,908,16,0.0,0.0,0.0,0.0,907.5,0.0
0,663000,VOLCANIC_ROCK_VOUCHER_9500,906.0,10.0,0.0,0.0,0.0,0.0,908,10,0.0,0.0,0.0,0.0,907.0,0.0
0,663100,VOLCANIC_ROCK_VOUCHER_9500,0.0,0.0,0.0,0.0,0.0,0.0,908,1,909.0,12.0,0.0,0.0,908.0,0.0
0,663200,VOLCANIC_ROCK_VOUCHER_9500,908.0,12.0,0.0,0.0,0.0,0.0,909,12,0.0,0.0,0.0,0.0,908.5,0.0
0,663300,VOLCANIC_ROCK_VOUCHER_9500,909.0,15.0,0.0,0.0,0.0,0.0,910,15,0.0,0.0,0.0,0.0,909.5,0.0
0,663400,VOLCANIC_ROCK_VOUCHER_9500,911.0,18.0,0.0,0.0,0.0,0.0,912,18,0.0,0.0,0.0,0.0,911.5,0.0
0,663500,VOLCANIC_ROCK_VOUCHER_9500,916.0,20.0,0.0,0.0,0.0,0.0,917,20,0.0,0.0,0.0,0.0,916.5,0.0
0,663600,VOLCANIC_ROCK_VOUCHER_9500,917.0,16.0,0.0,0.0,0.0,0.0,918,16,0.0,0.0,0.0,0.0,917.5,0.0
0,663700,VOLCANIC_ROCK_VOUCHER_9500,916.0,12.0,0.0,0.0,0.0,0.0,917,12,0.0,0.0,0.0,0.0,916.5,0.0
0,663800,VOLCANIC_ROCK_VOUCHER_9500,914.0,13.0,0.0,0.0,0.0,0.0,915,13,0.0,0.0,0.0,0.0,914.5,0.0
0,663900,VOLCANIC_ROCK_VOUCHER_9500,914.0,21.0,0.0,0.0,0.0,0.0,915,21,0.0,0.0,0.0,0.0,914.5,0.0
0,664000,VOLCANIC_ROCK_VOUCHER_9500,916.0,10.0,0.0,0.0,0.0,0.0,917,10,0.0,0.0,0.0,0.0,916.5,0.0
0,664100,VOLCANIC_ROCK_VOUCHER_9500,912.0,11.0,0.0,0.0,0.0,0.0,913,11,0.0,0.0,0.0,0.0,912.5,0.0
0,664200,VOLCANIC_ROCK_VOUCHER_9500,911.0,17.0,0.0,0.0,0.0,0.0,912,17,0.0,0.0,0.0,0.0,911.5,0.0
0,664300,VOLCANIC_ROCK_VOUCHER_9500,912.0,19.0,0.0,0.0,0.0,0.0,913,19,0.0,0.0,0.0,0.0,912.5,0.0
0,664400,VOLCANIC_ROCK_VOUCHER_9500,913.0,18.0,0.0,0.0,0.0,0.0,914,18,0.0,0.0,0.0,0.0,913.5,0.0
0,664500,VOLCANIC_ROCK_VOUCHER_9500,914.0,12.0,0.0,0.0,0.0,0.0,915,12,0.0,0.0,0.0,0.0,914.5,0.0
0,664600,VOLCANIC_ROCK_VOUCHER_9500,914.0,1.0,913.0,19.0,0.0,0.0,915,20,0.0,0.0,0.0,0.0,914.5,0.0
0,664700,VOLCANIC_ROCK_VOUCHER_9500,914.0,15.0,0.0,0.0,0.0,0.0,915,15,0.0,0.0,0.0,0.0,914.5,0.0
0,664800,VOLCANIC_ROCK_VOUCHER_9500,914.0,26.0,0.0,0.0,0.0,0.0,915,14,0.0,0.0,0.0,0.0,914.5,0.0
0,664900,VOLCANIC_ROCK_VOUCHER_9500,915.0,10.0,0.0,0.0,0.0,0.0,916,10,0.0,0.0,0.0,0.0,915.5,0.0
0,665000,VOLCANIC_ROCK_VOUCHER_9500,916.0,18.0,0.0,0.0,0.0,0.0,917,18,0.0,0.0,0.0,0.0,916.5,0.0
0,665100,VOLCANIC_ROCK_VOUCHER_9500,916.0,21.0,0.0,0.0,0.0,0.0,917,21,0.0,0.0,0.0,0.0,916.5,0.0
0,665200,VOLCANIC_ROCK_VOUCHER_9500,916.0,3.0,0.0,0.0,0.0,0.0,917,21,0.0,0.0,0.0,0.0,916.5,0.0
0,665300,VOLCANIC_ROCK_VOUCHER_9500,915.0,13.0,0.0,0.0,0.0,0.0,916,13,0.0,0.0,0.0,0.0,915.5,0.0
0,665400,VOLCANIC_ROCK_VOUCHER_9500,915.0,13.0,0.0,0.0,0.0,0.0,917,13,0.0,0.0,0.0,0.0,916.0,0.0
0,665500,VOLCANIC_ROCK_VOUCHER_9500,915.0,16.0,0.0,0.0,0.0,0.0,916,16,0.0,0.0,0.0,0.0,915.5,0.0
0,665600,VOLCANIC_ROCK_VOUCHER_9500,916.0,10.0,0.0,0.0,0.0,0.0,917,10,0.0,0.0,0.0,0.0,916.5,0.0
0,665700,VOLCANIC_ROCK_VOUCHER_9500,916.0,12.0,0.0,0.0,0.0,0.0,917,12,0.0,0.0,0.0,0.0,916.5,0.0
0,665800,VOLCANIC_ROCK_VOUCHER_9500,915.0,15.0,0.0,0.0,0.0,0.0,916,15,0.0,0.0,0.0,0.0,915.5,0.0
0,665900,VOLCANIC_ROCK_VOUCHER_9500,915.0,22.0,0.0,0.0,0.0,0.0,917,22,0.0,0.0,0.0,0.0,916.0,0.0
0,666000,VOLCANIC_ROCK_VOUCHER_9500,920.0,20.0,0.0,0.0,0.0,0.0,921,20,0.0,0.0,0.0,0.0,920.5,0.0
0,666100,VOLCANIC_ROCK_VOUCHER_9500,920.0,10.0,0.0,0.0,0.0,0.0,921,10,0.0,0.0,0.0,0.0,920.5,0.0
0,666200,VOLCANIC_ROCK_VOUCHER_9500,921.0,16.0,0.0,0.0,0.0,0.0,922,16,0.0,0.0,0.0,0.0,921.5,0.0
0,666300,VOLCANIC_ROCK_VOUCHER_9500,921.0,11.0,0.0,0.0,0.0,0.0,922,11,0.0,0.0,0.0,0.0,921.5,0.0
0,666400,VOLCANIC_ROCK_VOUCHER_9500,925.0,35.0,0.0,0.0,0.0,0.0,926,21,0.0,0.0,0.0,0.0,925.5,0.0
0,666500,VOLCANIC_ROCK_VOUCHER_9500,925.0,14.0,0.0,0.0,0.0,0.0,926,14,0.0,0.0,0.0,0.0,925.5,0.0
0,666600,VOLCANIC_ROCK_VOUCHER_9500,925.0,20.0,0.0,0.0,0.0,0.0,926,20,0.0,0.0,0.0,0.0,925.5,0.0
0,666700,VOLCANIC_ROCK_VOUCHER_9500,924.0,14.0,0.0,0.0,0.0,0.0,925,14,0.0,0.0,0.0,0.0,924.5,0.0
0,666800,VOLCANIC_ROCK_VOUCHER_9500,921.0,20.0,0.0,0.0,0.0,0.0,922,20,0.0,0.0,0.0,0.0,921.5,0.0
0,666900,VOLCANIC_ROCK_VOUCHER_9500,921.0,12.0,0.0,0.0,0.0,0.0,922,12,0.0,0.0,0.0,0.0,921.5,0.0
0,667000,VOLCANIC_ROCK_VOUCHER_9500,922.0,12.0,0.0,0.0,0.0,0.0,923,12,0.0,0.0,0.0,0.0,922.5,0.0
0,667100,VOLCANIC_ROCK_VOUCHER_9500,924.0,15.0,0.0,0.0,0.0,0.0,925,15,0.0,0.0,0.0,0.0,924.5,0.0
0,667200,VOLCANIC_ROCK_VOUCHER_9500,925.0,19.0,0.0,0.0,0.0,0.0,926,19,0.0,0.0,0.0,0.0,925.5,0.0
0,667300,VOLCANIC_ROCK_VOUCHER_9500,925.0,14.0,0.0,0.0,0.0,0.0,926,14,0.0,0.0,0.0,0.0,925.5,0.0
0,667400,VOLCANIC_ROCK_VOUCHER_9500,926.0,10.0,0.0,0.0,0.0,0.0,927,10,0.0,0.0,0.0,0.0,926.5,0.0
0,667500,VOLCANIC_ROCK_VOUCHER_9500,926.0,12.0,0.0,0.0,0.0,0.0,928,12,0.0,0.0,0.0,0.0,927.0,0.0
0,667600,VOLCANIC_ROCK_VOUCHER_9500,927.0,14.0,0.0,0.0,0.0,0.0,928,14,0.0,0.0,0.0,0.0,927.5,0.0
0,667700,VOLCANIC_ROCK_VOUCHER_9500,928.0,16.0,0.0,0.0,0.0,0.0,929,16,0.0,0.0,0.0,0.0,928.5,0.0
0,667800,VOLCANIC_ROCK_VOUCHER_9500,930.0,19.0,0.0,0.0,0.0,0.0,931,19,0.0,0.0,0.0,0.0,930.5,0.0
0,667900,VOLCANIC_ROCK_VOUCHER_9500,929.0,20.0,0.0,0.0,0.0,0.0,930,20,0.0,0.0,0.0,0.0,929.5,0.0
0,668000,VOLCANIC_ROCK_VOUCHER_9500,929.0,13.0,0.0,0.0,0.0,0.0,931,13,0.0,0.0,0.0,0.0,930.0,0.0
0,668100,VOLCANIC_ROCK_VOUCHER_9500,930.0,12.0,0.0,0.0,0.0,0.0,931,12,0.0,0.0,0.0,0.0,930.5,0.0
0,668200,VOLCANIC_ROCK_VOUCHER_9500,930.0,17.0,0.0,0.0,0.0,0.0,932,17,0.0,0.0,0.0,0.0,931.0,0.0
0,668300,VOLCANIC_ROCK_VOUCHER_9500,932.0,13.0,0.0,0.0,0.0,0.0,933,13,0.0,0.0,0.0,0.0,932.5,0.0
0,668400,VOLCANIC_ROCK_VOUCHER_9500,931.0,17.0,0.0,0.0,0.0,0.0,932,17,0.0,0.0,0.0,0.0,931.5,0.0
0,668500,VOLCANIC_ROCK_VOUCHER_9500,928.0,16.0,0.0,0.0,0.0,0.0,929,16,0.0,0.0,0.0,0.0,928.5,0.0
0,668600,VOLCANIC_ROCK_VOUCHER_9500,927.0,21.0,0.0,0.0,0.0,0.0,928,21,0.0,0.0,0.0,0.0,927.5,0.0
0,668700,VOLCANIC_ROCK_VOUCHER_9500,928.0,12.0,0.0,0.0,0.0,0.0,929,1,930.0,11.0,0.0,0.0,928.5,0.0
0,668800,VOLCANIC_ROCK_VOUCHER_9500,928.0,14.0,0.0,0.0,0.0,0.0,929,14,0.0,0.0,0.0,0.0,928.5,0.0
0,668900,VOLCANIC_ROCK_VOUCHER_9500,929.0,16.0,0.0,0.0,0.0,0.0,930,16,0.0,0.0,0.0,0.0,929.5,0.0
0,669000,VOLCANIC_ROCK_VOUCHER_9500,929.0,14.0,0.0,0.0,0.0,0.0,930,14,0.0,0.0,0.0,0.0,929.5,0.0
0,669100,VOLCANIC_ROCK_VOUCHER_9500,931.0,15.0,0.0,0.0,0.0,0.0,932,15,0.0,0.0,0.0,0.0,931.5,0.0
0,669200,VOLCANIC_ROCK_VOUCHER_9500,932.0,17.0,0.0,0.0,0.0,0.0,934,17,0.0,0.0,0.0,0.0,933.0,0.0
0,669300,VOLCANIC_ROCK_VOUCHER_9500,934.0,17.0,0.0,0.0,0.0,0.0,935,17,0.0,0.0,0.0,0.0,934.5,0.0
0,669400,VOLCANIC_ROCK_VOUCHER_9500,934.0,19.0,0.0,0.0,0.0,0.0,935,19,0.0,0.0,0.0,0.0,934.5,0.0
0,669500,VOLCANIC_ROCK_VOUCHER_9500,934.0,34.0,0.0,0.0,0.0,0.0,935,17,0.0,0.0,0.0,0.0,934.5,0.0
0,669600,VOLCANIC_ROCK_VOUCHER_9500,935.0,13.0,0.0,0.0,0.0,0.0,936,13,0.0,0.0,0.0,0.0,935.5,0.0
0,669700,VOLCANIC_ROCK_VOUCHER_9500,940.0,17.0,0.0,0.0,0.0,0.0,941,17,0.0,0.0,0.0,0.0,940.5,0.0
0,669800,VOLCANIC_ROCK_VOUCHER_9500,938.0,12.0,0.0,0.0,0.0,0.0,939,12,0.0,0.0,0.0,0.0,938.5,0.0
0,669900,VOLCANIC_ROCK_VOUCHER_9500,938.0,19.0,0.0,0.0,0.0,0.0,939,12,0.0,0.0,0.0,0.0,938.5,0.0
0,670000,VOLCANIC_ROCK_VOUCHER_9500,938.0,17.0,0.0,0.0,0.0,0.0,939,17,0.0,0.0,0.0,0.0,938.5,0.0
0,670100,VOLCANIC_ROCK_VOUCHER_9500,937.0,21.0,0.0,0.0,0.0,0.0,938,21,0.0,0.0,0.0,0.0,937.5,0.0
0,670200,VOLCANIC_ROCK_VOUCHER_9500,939.0,17.0,0.0,0.0,0.0,0.0,940,17,0.0,0.0,0.0,0.0,939.5,0.0
0,670300,VOLCANIC_ROCK_VOUCHER_9500,940.0,21.0,0.0,0.0,0.0,0.0,941,21,0.0,0.0,0.0,0.0,940.5,0.0
0,670400,VOLCANIC_ROCK_VOUCHER_9500,940.0,19.0,0.0,0.0,0.0,0.0,941,19,0.0,0.0,0.0,0.0,940.5,0.0
0,670500,VOLCANIC_ROCK_VOUCHER_9500,948.0,16.0,0.0,0.0,0.0,0.0,949,16,0.0,0.0,0.0,0.0,948.5,0.0
0,670600,VOLCANIC_ROCK_VOUCHER_9500,947.0,14.0,0.0,0.0,0.0,0.0,948,14,0.0,0.0,0.0,0.0,947.5,0.0
0,670700,VOLCANIC_ROCK_VOUCHER_9500,945.0,18.0,0.0,0.0,0.0,0.0,946,18,0.0,0.0,0.0,0.0,945.5,0.0
0,670800,VOLCANIC_ROCK_VOUCHER_9500,948.0,28.0,0.0,0.0,0.0,0.0,949,19,0.0,0.0,0.0,0.0,948.5,0.0
0,670900,VOLCANIC_ROCK_VOUCHER_9500,950.0,12.0,0.0,0.0,0.0,0.0,951,12,0.0,0.0,0.0,0.0,950.5,0.0
0,671000,VOLCANIC_ROCK_VOUCHER_9500,952.0,8.0,0.0,0.0,0.0,0.0,953,18,0.0,0.0,0.0,0.0,952.5,0.0
0,671100,VOLCANIC_ROCK_VOUCHER_9500,953.0,18.0,0.0,0.0,0.0,0.0,954,18,0.0,0.0,0.0,0.0,953.5,0.0
0,671200,VOLCANIC_ROCK_VOUCHER_9500,952.0,13.0,0.0,0.0,0.0,0.0,953,13,0.0,0.0,0.0,0.0,952.5,0.0
0,671300,VOLCANIC_ROCK_VOUCHER_9500,946.0,3.0,0.0,0.0,0.0,0.0,947,14,0.0,0.0,0.0,0.0,946.5,0.0
0,671400,VOLCANIC_ROCK_VOUCHER_9500,947.0,16.0,0.0,0.0,0.0,0.0,949,16,0.0,0.0,0.0,0.0,948.0,0.0
0,671500,VOLCANIC_ROCK_VOUCHER_9500,948.0,10.0,0.0,0.0,0.0,0.0,949,10,0.0,0.0,0.0,0.0,948.5,0.0
0,671600,VOLCANIC_ROCK_VOUCHER_9500,952.0,15.0,0.0,0.0,0.0,0.0,953,15,0.0,0.0,0.0,0.0,952.5,0.0
0,671700,VOLCANIC_ROCK_VOUCHER_9500,952.0,12.0,0.0,0.0,0.0,0.0,953,12,0.0,0.0,0.0,0.0,952.5,0.0
0,671800,VOLCANIC_ROCK_VOUCHER_9500,952.0,16.0,0.0,0.0,0.0,0.0,954,16,0.0,0.0,0.0,0.0,953.0,0.0
0,671900,VOLCANIC_ROCK_VOUCHER_9500,958.0,13.0,0.0,0.0,0.0,0.0,960,13,0.0,0.0,0.0,0.0,959.0,0.0
0,672000,VOLCANIC_ROCK_VOUCHER_9500,955.0,16.0,0.0,0.0,0.0,0.0,956,16,0.0,0.0,0.0,0.0,955.5,0.0
0,672100,VOLCANIC_ROCK_VOUCHER_9500,956.0,17.0,0.0,0.0,0.0,0.0,958,17,0.0,0.0,0.0,0.0,957.0,0.0
0,672200,VOLCANIC_ROCK_VOUCHER_9500,955.0,15.0,0.0,0.0,0.0,0.0,957,15,0.0,0.0,0.0,0.0,956.0,0.0
0,672300,VOLCANIC_ROCK_VOUCHER_9500,953.0,18.0,0.0,0.0,0.0,0.0,954,18,0.0,0.0,0.0,0.0,953.5,0.0
0,672400,VOLCANIC_ROCK_VOUCHER_9500,955.0,19.0,0.0,0.0,0.0,0.0,956,19,0.0,0.0,0.0,0.0,955.5,0.0
0,672500,VOLCANIC_ROCK_VOUCHER_9500,955.0,16.0,0.0,0.0,0.0,0.0,957,16,0.0,0.0,0.0,0.0,956.0,0.0
0,672600,VOLCANIC_ROCK_VOUCHER_9500,952.0,12.0,0.0,0.0,0.0,0.0,953,12,0.0,0.0,0.0,0.0,952.5,0.0
0,672700,VOLCANIC_ROCK_VOUCHER_9500,950.0,11.0,0.0,0.0,0.0,0.0,951,11,0.0,0.0,0.0,0.0,950.5,0.0
0,672800,VOLCANIC_ROCK_VOUCHER_9500,950.0,18.0,0.0,0.0,0.0,0.0,951,18,0.0,0.0,0.0,0.0,950.5,0.0
0,672900,VOLCANIC_ROCK_VOUCHER_9500,943.0,16.0,0.0,0.0,0.0,0.0,944,16,0.0,0.0,0.0,0.0,943.5,0.0
0,673000,VOLCANIC_ROCK_VOUCHER_9500,943.0,21.0,0.0,0.0,0.0,0.0,944,21,0.0,0.0,0.0,0.0,943.5,0.0
0,673100,VOLCANIC_ROCK_VOUCHER_9500,944.0,21.0,0.0,0.0,0.0,0.0,945,21,0.0,0.0,0.0,0.0,944.5,0.0
0,673200,VOLCANIC_ROCK_VOUCHER_9500,946.0,12.0,0.0,0.0,0.0,0.0,947,12,0.0,0.0,0.0,0.0,946.5,0.0
0,673300,VOLCANIC_ROCK_VOUCHER_9500,951.0,5.0,0.0,0.0,0.0,0.0,952,20,0.0,0.0,0.0,0.0,951.5,0.0
0,673400,VOLCANIC_ROCK_VOUCHER_9500,949.0,2.0,948.0,16.0,0.0,0.0,950,18,0.0,0.0,0.0,0.0,949.5,0.0
0,673500,VOLCANIC_ROCK_VOUCHER_9500,947.0,12.0,0.0,0.0,0.0,0.0,948,12,0.0,0.0,0.0,0.0,947.5,0.0
0,673600,VOLCANIC_ROCK_VOUCHER_9500,950.0,12.0,0.0,0.0,0.0,0.0,951,12,0.0,0.0,0.0,0.0,950.5,0.0
0,673700,VOLCANIC_ROCK_VOUCHER_9500,952.0,5.0,0.0,0.0,0.0,0.0,953,15,0.0,0.0,0.0,0.0,952.5,0.0
0,673800,VOLCANIC_ROCK_VOUCHER_9500,953.0,20.0,0.0,0.0,0.0,0.0,954,20,0.0,0.0,0.0,0.0,953.5,0.0
0,673900,VOLCANIC_ROCK_VOUCHER_9500,952.0,10.0,0.0,0.0,0.0,0.0,954,10,0.0,0.0,0.0,0.0,953.0,0.0
0,674000,VOLCANIC_ROCK_VOUCHER_9500,952.0,14.0,0.0,0.0,0.0,0.0,953,14,0.0,0.0,0.0,0.0,952.5,0.0
0,674100,VOLCANIC_ROCK_VOUCHER_9500,951.0,14.0,0.0,0.0,0.0,0.0,952,14,0.0,0.0,0.0,0.0,951.5,0.0
0,674200,VOLCANIC_ROCK_VOUCHER_9500,950.0,11.0,0.0,0.0,0.0,0.0,951,11,0.0,0.0,0.0,0.0,950.5,0.0
0,674300,VOLCANIC_ROCK_VOUCHER_9500,949.0,18.0,0.0,0.0,0.0,0.0,950,18,0.0,0.0,0.0,0.0,949.5,0.0
0,674400,VOLCANIC_ROCK_VOUCHER_9500,952.0,20.0,0.0,0.0,0.0,0.0,953,20,0.0,0.0,0.0,0.0,952.5,0.0
0,674500,VOLCANIC_ROCK_VOUCHER_9500,949.0,11.0,0.0,0.0,0.0,0.0,950,11,0.0,0.0,0.0,0.0,949.5,0.0
0,674600,VOLCANIC_ROCK_VOUCHER_9500,948.0,14.0,0.0,0.0,0.0,0.0,949,14,0.0,0.0,0.0,0.0,948.5,0.0
0,674700,VOLCANIC_ROCK_VOUCHER_9500,947.0,19.0,0.0,0.0,0.0,0.0,948,2,949.0,17.0,0.0,0.0,947.5,0.0
0,674800,VOLCANIC_ROCK_VOUCHER_9500,947.0,21.0,0.0,0.0,0.0,0.0,948,21,0.0,0.0,0.0,0.0,947.5,0.0
0,674900,VOLCANIC_ROCK_VOUCHER_9500,946.0,18.0,0.0,0.0,0.0,0.0,947,18,0.0,0.0,0.0,0.0,946.5,0.0
0,675000,VOLCANIC_ROCK_VOUCHER_9500,949.0,13.0,0.0,0.0,0.0,0.0,950,13,0.0,0.0,0.0,0.0,949.5,0.0
0,675100,VOLCANIC_ROCK_VOUCHER_9500,950.0,21.0,0.0,0.0,0.0,0.0,951,21,0.0,0.0,0.0,0.0,950.5,0.0
0,675200,VOLCANIC_ROCK_VOUCHER_9500,950.0,21.0,0.0,0.0,0.0,0.0,951,21,0.0,0.0,0.0,0.0,950.5,0.0
0,675300,VOLCANIC_ROCK_VOUCHER_9500,950.0,20.0,0.0,0.0,0.0,0.0,951,20,0.0,0.0,0.0,0.0,950.5,0.0
0,675400,VOLCANIC_ROCK_VOUCHER_9500,948.0,21.0,0.0,0.0,0.0,0.0,949,21,0.0,0.0,0.0,0.0,948.5,0.0
0,675500,VOLCANIC_ROCK_VOUCHER_9500,947.0,19.0,0.0,0.0,0.0,0.0,948,19,0.0,0.0,0.0,0.0,947.5,0.0
0,675600,VOLCANIC_ROCK_VOUCHER_9500,947.0,12.0,0.0,0.0,0.0,0.0,948,12,0.0,0.0,0.0,0.0,947.5,0.0
0,675700,VOLCANIC_ROCK_VOUCHER_9500,948.0,20.0,0.0,0.0,0.0,0.0,949,20,0.0,0.0,0.0,0.0,948.5,0.0
0,675800,VOLCANIC_ROCK_VOUCHER_9500,949.0,13.0,0.0,0.0,0.0,0.0,950,13,0.0,0.0,0.0,0.0,949.5,0.0
0,675900,VOLCANIC_ROCK_VOUCHER_9500,950.0,11.0,0.0,0.0,0.0,0.0,951,11,0.0,0.0,0.0,0.0,950.5,0.0
0,676000,VOLCANIC_ROCK_VOUCHER_9500,951.0,14.0,0.0,0.0,0.0,0.0,952,14,0.0,0.0,0.0,0.0,951.5,0.0
0,676100,VOLCANIC_ROCK_VOUCHER_9500,951.0,13.0,0.0,0.0,0.0,0.0,952,13,0.0,0.0,0.0,0.0,951.5,0.0
0,676200,VOLCANIC_ROCK_VOUCHER_9500,953.0,27.0,0.0,0.0,0.0,0.0,954,17,0.0,0.0,0.0,0.0,953.5,0.0
0,676300,VOLCANIC_ROCK_VOUCHER_9500,955.0,14.0,0.0,0.0,0.0,0.0,956,14,0.0,0.0,0.0,0.0,955.5,0.0
0,676400,VOLCANIC_ROCK_VOUCHER_9500,956.0,14.0,0.0,0.0,0.0,0.0,957,14,0.0,0.0,0.0,0.0,956.5,0.0
0,676500,VOLCANIC_ROCK_VOUCHER_9500,958.0,18.0,0.0,0.0,0.0,0.0,959,18,0.0,0.0,0.0,0.0,958.5,0.0
0,676600,VOLCANIC_ROCK_VOUCHER_9500,957.0,16.0,0.0,0.0,0.0,0.0,958,16,0.0,0.0,0.0,0.0,957.5,0.0
0,676700,VOLCANIC_ROCK_VOUCHER_9500,958.0,18.0,0.0,0.0,0.0,0.0,959,18,0.0,0.0,0.0,0.0,958.5,0.0
0,676800,VOLCANIC_ROCK_VOUCHER_9500,957.0,11.0,0.0,0.0,0.0,0.0,958,11,0.0,0.0,0.0,0.0,957.5,0.0
0,676900,VOLCANIC_ROCK_VOUCHER_9500,957.0,15.0,0.0,0.0,0.0,0.0,958,15,0.0,0.0,0.0,0.0,957.5,0.0
0,677000,VOLCANIC_ROCK_VOUCHER_9500,956.0,12.0,0.0,0.0,0.0,0.0,957,12,0.0,0.0,0.0,0.0,956.5,0.0
0,677100,VOLCANIC_ROCK_VOUCHER_9500,954.0,20.0,0.0,0.0,0.0,0.0,955,20,0.0,0.0,0.0,0.0,954.5,0.0
0,677200,VOLCANIC_ROCK_VOUCHER_9500,954.0,15.0,0.0,0.0,0.0,0.0,956,15,0.0,0.0,0.0,0.0,955.0,0.0
0,677300,VOLCANIC_ROCK_VOUCHER_9500,957.0,12.0,0.0,0.0,0.0,0.0,958,12,0.0,0.0,0.0,0.0,957.5,0.0
0,677400,VOLCANIC_ROCK_VOUCHER_9500,959.0,16.0,0.0,0.0,0.0,0.0,960,16,0.0,0.0,0.0,0.0,959.5,0.0
0,677500,VOLCANIC_ROCK_VOUCHER_9500,962.0,20.0,0.0,0.0,0.0,0.0,963,20,0.0,0.0,0.0,0.0,962.5,0.0
0,677600,VOLCANIC_ROCK_VOUCHER_9500,962.0,35.0,0.0,0.0,0.0,0.0,963,16,0.0,0.0,0.0,0.0,962.5,0.0
0,677700,VOLCANIC_ROCK_VOUCHER_9500,958.0,6.0,0.0,0.0,0.0,0.0,959,12,0.0,0.0,0.0,0.0,958.5,0.0
0,677800,VOLCANIC_ROCK_VOUCHER_9500,957.0,21.0,0.0,0.0,0.0,0.0,958,21,0.0,0.0,0.0,0.0,957.5,0.0
0,677900,VOLCANIC_ROCK_VOUCHER_9500,955.0,12.0,0.0,0.0,0.0,0.0,956,12,0.0,0.0,0.0,0.0,955.5,0.0
0,678000,VOLCANIC_ROCK_VOUCHER_9500,956.0,32.0,0.0,0.0,0.0,0.0,957,18,0.0,0.0,0.0,0.0,956.5,0.0
0,678100,VOLCANIC_ROCK_VOUCHER_9500,954.0,13.0,0.0,0.0,0.0,0.0,955,13,0.0,0.0,0.0,0.0,954.5,0.0
0,678200,VOLCANIC_ROCK_VOUCHER_9500,952.0,14.0,0.0,0.0,0.0,0.0,953,14,0.0,0.0,0.0,0.0,952.5,0.0
0,678300,VOLCANIC_ROCK_VOUCHER_9500,954.0,18.0,0.0,0.0,0.0,0.0,955,18,0.0,0.0,0.0,0.0,954.5,0.0
0,678400,VOLCANIC_ROCK_VOUCHER_9500,952.0,17.0,0.0,0.0,0.0,0.0,953,17,0.0,0.0,0.0,0.0,952.5,0.0
0,678500,VOLCANIC_ROCK_VOUCHER_9500,954.0,19.0,0.0,0.0,0.0,0.0,955,19,0.0,0.0,0.0,0.0,954.5,0.0
0,678600,VOLCANIC_ROCK_VOUCHER_9500,953.0,17.0,0.0,0.0,0.0,0.0,955,17,0.0,0.0,0.0,0.0,954.0,0.0
0,678700,VOLCANIC_ROCK_VOUCHER_9500,954.0,15.0,0.0,0.0,0.0,0.0,955,15,0.0,0.0,0.0,0.0,954.5,0.0
0,678800,VOLCANIC_ROCK_VOUCHER_9500,954.0,20.0,0.0,0.0,0.0,0.0,955,20,0.0,0.0,0.0,0.0,954.5,0.0
0,678900,VOLCANIC_ROCK_VOUCHER_9500,952.0,34.0,0.0,0.0,0.0,0.0,953,21,0.0,0.0,0.0,0.0,952.5,0.0
0,679000,VOLCANIC_ROCK_VOUCHER_9500,951.0,19.0,0.0,0.0,0.0,0.0,953,19,0.0,0.0,0.0,0.0,952.0,0.0
0,679100,VOLCANIC_ROCK_VOUCHER_9500,951.0,21.0,0.0,0.0,0.0,0.0,953,21,0.0,0.0,0.0,0.0,952.0,0.0
0,679200,VOLCANIC_ROCK_VOUCHER_9500,954.0,13.0,0.0,0.0,0.0,0.0,955,13,0.0,0.0,0.0,0.0,954.5,0.0
0,679300,VOLCANIC_ROCK_VOUCHER_9500,952.0,21.0,0.0,0.0,0.0,0.0,953,21,0.0,0.0,0.0,0.0,952.5,0.0
0,679400,VOLCANIC_ROCK_VOUCHER_9500,951.0,15.0,0.0,0.0,0.0,0.0,952,15,0.0,0.0,0.0,0.0,951.5,0.0
0,679500,VOLCANIC_ROCK_VOUCHER_9500,950.0,21.0,0.0,0.0,0.0,0.0,951,21,0.0,0.0,0.0,0.0,950.5,0.0
0,679600,VOLCANIC_ROCK_VOUCHER_9500,952.0,12.0,0.0,0.0,0.0,0.0,953,12,0.0,0.0,0.0,0.0,952.5,0.0
0,679700,VOLCANIC_ROCK_VOUCHER_9500,951.0,15.0,0.0,0.0,0.0,0.0,953,15,0.0,0.0,0.0,0.0,952.0,0.0
0,679800,VOLCANIC_ROCK_VOUCHER_9500,950.0,13.0,0.0,0.0,0.0,0.0,951,13,0.0,0.0,0.0,0.0,950.5,0.0
0,679900,VOLCANIC_ROCK_VOUCHER_9500,950.0,15.0,0.0,0.0,0.0,0.0,951,15,0.0,0.0,0.0,0.0,950.5,0.0
0,680000,VOLCANIC_ROCK_VOUCHER_9500,950.0,11.0,0.0,0.0,0.0,0.0,951,11,0.0,0.0,0.0,0.0,950.5,0.0
0,680100,VOLCANIC_ROCK_VOUCHER_9500,951.0,16.0,0.0,0.0,0.0,0.0,953,16,0.0,0.0,0.0,0.0,952.0,0.0
0,680200,VOLCANIC_ROCK_VOUCHER_9500,0.0,0.0,0.0,0.0,0.0,0.0,949,3,950.0,11.0,0.0,0.0,949.0,0.0
0,680300,VOLCANIC_ROCK_VOUCHER_9500,950.0,18.0,0.0,0.0,0.0,0.0,951,18,0.0,0.0,0.0,0.0,950.5,0.0
0,680400,VOLCANIC_ROCK_VOUCHER_9500,950.0,6.0,0.0,0.0,0.0,0.0,951,15,0.0,0.0,0.0,0.0,950.5,0.0
0,680500,VOLCANIC_ROCK_VOUCHER_9500,949.0,18.0,0.0,0.0,0.0,0.0,950,18,0.0,0.0,0.0,0.0,949.5,0.0
0,680600,VOLCANIC_ROCK_VOUCHER_9500,950.0,20.0,0.0,0.0,0.0,0.0,951,20,0.0,0.0,0.0,0.0,950.5,0.0
0,680700,VOLCANIC_ROCK_VOUCHER_9500,947.0,27.0,0.0,0.0,0.0,0.0,948,16,0.0,0.0,0.0,0.0,947.5,0.0
0,680800,VOLCANIC_ROCK_VOUCHER_9500,948.0,14.0,0.0,0.0,0.0,0.0,949,14,0.0,0.0,0.0,0.0,948.5,0.0
0,680900,VOLCANIC_ROCK_VOUCHER_9500,945.0,13.0,0.0,0.0,0.0,0.0,946,13,0.0,0.0,0.0,0.0,945.5,0.0
0,681000,VOLCANIC_ROCK_VOUCHER_9500,945.0,21.0,0.0,0.0,0.0,0.0,946,21,0.0,0.0,0.0,0.0,945.5,0.0
0,681100,VOLCANIC_ROCK_VOUCHER_9500,944.0,18.0,0.0,0.0,0.0,0.0,945,18,0.0,0.0,0.0,0.0,944.5,0.0
0,681200,VOLCANIC_ROCK_VOUCHER_9500,944.0,18.0,0.0,0.0,0.0,0.0,945,18,0.0,0.0,0.0,0.0,944.5,0.0
0,681300,VOLCANIC_ROCK_VOUCHER_9500,946.0,13.0,0.0,0.0,0.0,0.0,948,13,0.0,0.0,0.0,0.0,947.0,0.0
0,681400,VOLCANIC_ROCK_VOUCHER_9500,946.0,11.0,0.0,0.0,0.0,0.0,947,11,0.0,0.0,0.0,0.0,946.5,0.0
0,681500,VOLCANIC_ROCK_VOUCHER_9500,947.0,17.0,0.0,0.0,0.0,0.0,949,17,0.0,0.0,0.0,0.0,948.0,0.0
0,681600,VOLCANIC_ROCK_VOUCHER_9500,949.0,14.0,0.0,0.0,0.0,0.0,950,14,0.0,0.0,0.0,0.0,949.5,0.0
0,681700,VOLCANIC_ROCK_VOUCHER_9500,951.0,18.0,0.0,0.0,0.0,0.0,952,18,0.0,0.0,0.0,0.0,951.5,0.0
0,681800,VOLCANIC_ROCK_VOUCHER_9500,952.0,20.0,0.0,0.0,0.0,0.0,953,20,0.0,0.0,0.0,0.0,952.5,0.0
0,681900,VOLCANIC_ROCK_VOUCHER_9500,952.0,22.0,0.0,0.0,0.0,0.0,954,22,0.0,0.0,0.0,0.0,953.0,0.0
0,682000,VOLCANIC_ROCK_VOUCHER_9500,956.0,18.0,0.0,0.0,0.0,0.0,957,18,0.0,0.0,0.0,0.0,956.5,0.0
0,682100,VOLCANIC_ROCK_VOUCHER_9500,957.0,13.0,0.0,0.0,0.0,0.0,958,13,0.0,0.0,0.0,0.0,957.5,0.0
0,682200,VOLCANIC_ROCK_VOUCHER_9500,958.0,15.0,0.0,0.0,0.0,0.0,960,15,0.0,0.0,0.0,0.0,959.0,0.0
0,682300,VOLCANIC_ROCK_VOUCHER_9500,959.0,19.0,0.0,0.0,0.0,0.0,960,19,0.0,0.0,0.0,0.0,959.5,0.0
0,682400,VOLCANIC_ROCK_VOUCHER_9500,959.0,11.0,0.0,0.0,0.0,0.0,960,11,0.0,0.0,0.0,0.0,959.5,0.0
0,682500,VOLCANIC_ROCK_VOUCHER_9500,956.0,18.0,0.0,0.0,0.0,0.0,957,18,0.0,0.0,0.0,0.0,956.5,0.0
0,682600,VOLCANIC_ROCK_VOUCHER_9500,957.0,18.0,0.0,0.0,0.0,0.0,958,18,0.0,0.0,0.0,0.0,957.5,0.0
0,682700,VOLCANIC_ROCK_VOUCHER_9500,956.0,16.0,0.0,0.0,0.0,0.0,957,16,0.0,0.0,0.0,0.0,956.5,0.0
0,682800,VOLCANIC_ROCK_VOUCHER_9500,958.0,19.0,0.0,0.0,0.0,0.0,960,19,0.0,0.0,0.0,0.0,959.0,0.0
0,682900,VOLCANIC_ROCK_VOUCHER_9500,958.0,17.0,0.0,0.0,0.0,0.0,959,17,0.0,0.0,0.0,0.0,958.5,0.0
0,683000,VOLCANIC_ROCK_VOUCHER_9500,957.0,11.0,0.0,0.0,0.0,0.0,958,11,0.0,0.0,0.0,0.0,957.5,0.0
0,683100,VOLCANIC_ROCK_VOUCHER_9500,956.0,15.0,0.0,0.0,0.0,0.0,957,15,0.0,0.0,0.0,0.0,956.5,0.0
0,683200,VOLCANIC_ROCK_VOUCHER_9500,958.0,12.0,0.0,0.0,0.0,0.0,959,12,0.0,0.0,0.0,0.0,958.5,0.0
0,683300,VOLCANIC_ROCK_VOUCHER_9500,960.0,16.0,0.0,0.0,0.0,0.0,961,16,0.0,0.0,0.0,0.0,960.5,0.0
0,683400,VOLCANIC_ROCK_VOUCHER_9500,958.0,15.0,0.0,0.0,0.0,0.0,959,15,0.0,0.0,0.0,0.0,958.5,0.0
0,683500,VOLCANIC_ROCK_VOUCHER_9500,958.0,10.0,0.0,0.0,0.0,0.0,959,10,0.0,0.0,0.0,0.0,958.5,0.0
0,683600,VOLCANIC_ROCK_VOUCHER_9500,958.0,12.0,0.0,0.0,0.0,0.0,959,12,0.0,0.0,0.0,0.0,958.5,0.0
0,683700,VOLCANIC_ROCK_VOUCHER_9500,957.0,17.0,0.0,0.0,0.0,0.0,959,17,0.0,0.0,0.0,0.0,958.0,0.0
0,683800,VOLCANIC_ROCK_VOUCHER_9500,957.0,11.0,0.0,0.0,0.0,0.0,958,11,0.0,0.0,0.0,0.0,957.5,0.0
0,683900,VOLCANIC_ROCK_VOUCHER_9500,959.0,15.0,0.0,0.0,0.0,0.0,960,15,0.0,0.0,0.0,0.0,959.5,0.0
0,684000,VOLCANIC_ROCK_VOUCHER_9500,952.0,20.0,0.0,0.0,0.0,0.0,953,20,0.0,0.0,0.0,0.0,952.5,0.0
0,684100,VOLCANIC_ROCK_VOUCHER_9500,954.0,13.0,0.0,0.0,0.0,0.0,955,13,0.0,0.0,0.0,0.0,954.5,0.0
0,684200,VOLCANIC_ROCK_VOUCHER_9500,955.0,14.0,0.0,0.0,0.0,0.0,956,14,0.0,0.0,0.0,0.0,955.5,0.0
0,684300,VOLCANIC_ROCK_VOUCHER_9500,953.0,19.0,0.0,0.0,0.0,0.0,955,19,0.0,0.0,0.0,0.0,954.0,0.0
0,684400,VOLCANIC_ROCK_VOUCHER_9500,952.0,20.0,0.0,0.0,0.0,0.0,954,20,0.0,0.0,0.0,0.0,953.0,0.0
0,684500,VOLCANIC_ROCK_VOUCHER_9500,951.0,15.0,0.0,0.0,0.0,0.0,953,15,0.0,0.0,0.0,0.0,952.0,0.0
0,684600,VOLCANIC_ROCK_VOUCHER_9500,955.0,18.0,0.0,0.0,0.0,0.0,956,18,0.0,0.0,0.0,0.0,955.5,0.0
0,684700,VOLCANIC_ROCK_VOUCHER_9500,955.0,15.0,0.0,0.0,0.0,0.0,956,2,957.0,13.0,0.0,0.0,955.5,0.0
0,684800,VOLCANIC_ROCK_VOUCHER_9500,955.0,12.0,0.0,0.0,0.0,0.0,957,12,0.0,0.0,0.0,0.0,956.0,0.0
0,684900,VOLCANIC_ROCK_VOUCHER_9500,954.0,18.0,0.0,0.0,0.0,0.0,955,18,0.0,0.0,0.0,0.0,954.5,0.0
0,685000,VOLCANIC_ROCK_VOUCHER_9500,955.0,17.0,0.0,0.0,0.0,0.0,956,17,0.0,0.0,0.0,0.0,955.5,0.0
0,685100,VOLCANIC_ROCK_VOUCHER_9500,956.0,15.0,0.0,0.0,0.0,0.0,957,15,0.0,0.0,0.0,0.0,956.5,0.0
0,685200,VOLCANIC_ROCK_VOUCHER_9500,954.0,12.0,0.0,0.0,0.0,0.0,955,12,0.0,0.0,0.0,0.0,954.5,0.0
0,685300,VOLCANIC_ROCK_VOUCHER_9500,957.0,25.0,0.0,0.0,0.0,0.0,959,11,0.0,0.0,0.0,0.0,958.0,0.0
0,685400,VOLCANIC_ROCK_VOUCHER_9500,954.0,19.0,0.0,0.0,0.0,0.0,956,19,0.0,0.0,0.0,0.0,955.0,0.0
0,685500,VOLCANIC_ROCK_VOUCHER_9500,956.0,11.0,0.0,0.0,0.0,0.0,957,11,0.0,0.0,0.0,0.0,956.5,0.0
0,685600,VOLCANIC_ROCK_VOUCHER_9500,956.0,15.0,0.0,0.0,0.0,0.0,957,15,0.0,0.0,0.0,0.0,956.5,0.0
0,685700,VOLCANIC_ROCK_VOUCHER_9500,954.0,15.0,0.0,0.0,0.0,0.0,955,15,0.0,0.0,0.0,0.0,954.5,0.0
0,685800,VOLCANIC_ROCK_VOUCHER_9500,955.0,14.0,0.0,0.0,0.0,0.0,957,14,0.0,0.0,0.0,0.0,956.0,0.0
0,685900,VOLCANIC_ROCK_VOUCHER_9500,955.0,17.0,0.0,0.0,0.0,0.0,956,17,0.0,0.0,0.0,0.0,955.5,0.0
0,686000,VOLCANIC_ROCK_VOUCHER_9500,955.0,14.0,0.0,0.0,0.0,0.0,956,14,0.0,0.0,0.0,0.0,955.5,0.0
0,686100,VOLCANIC_ROCK_VOUCHER_9500,955.0,19.0,0.0,0.0,0.0,0.0,956,19,0.0,0.0,0.0,0.0,955.5,0.0
0,686200,VOLCANIC_ROCK_VOUCHER_9500,954.0,21.0,0.0,0.0,0.0,0.0,955,21,0.0,0.0,0.0,0.0,954.5,0.0
0,686300,VOLCANIC_ROCK_VOUCHER_9500,952.0,18.0,0.0,0.0,0.0,0.0,953,18,0.0,0.0,0.0,0.0,952.5,0.0
0,686400,VOLCANIC_ROCK_VOUCHER_9500,953.0,22.0,0.0,0.0,0.0,0.0,954,22,0.0,0.0,0.0,0.0,953.5,0.0
0,686500,VOLCANIC_ROCK_VOUCHER_9500,953.0,12.0,0.0,0.0,0.0,0.0,954,12,0.0,0.0,0.0,0.0,953.5,0.0
0,686600,VOLCANIC_ROCK_VOUCHER_9500,954.0,31.0,0.0,0.0,0.0,0.0,955,17,0.0,0.0,0.0,0.0,954.5,0.0
0,686700,VOLCANIC_ROCK_VOUCHER_9500,953.0,15.0,0.0,0.0,0.0,0.0,954,15,0.0,0.0,0.0,0.0,953.5,0.0
0,686800,VOLCANIC_ROCK_VOUCHER_9500,958.0,12.0,0.0,0.0,0.0,0.0,959,12,0.0,0.0,0.0,0.0,958.5,0.0
0,686900,VOLCANIC_ROCK_VOUCHER_9500,970.0,19.0,0.0,0.0,0.0,0.0,971,19,0.0,0.0,0.0,0.0,970.5,0.0
0,687000,VOLCANIC_ROCK_VOUCHER_9500,968.0,16.0,0.0,0.0,0.0,0.0,969,16,0.0,0.0,0.0,0.0,968.5,0.0
0,687100,VOLCANIC_ROCK_VOUCHER_9500,967.0,15.0,0.0,0.0,0.0,0.0,968,15,0.0,0.0,0.0,0.0,967.5,0.0
0,687200,VOLCANIC_ROCK_VOUCHER_9500,971.0,12.0,0.0,0.0,0.0,0.0,972,12,0.0,0.0,0.0,0.0,971.5,0.0
0,687300,VOLCANIC_ROCK_VOUCHER_9500,967.0,21.0,0.0,0.0,0.0,0.0,968,21,0.0,0.0,0.0,0.0,967.5,0.0
0,687400,VOLCANIC_ROCK_VOUCHER_9500,966.0,19.0,0.0,0.0,0.0,0.0,967,19,0.0,0.0,0.0,0.0,966.5,0.0
0,687500,VOLCANIC_ROCK_VOUCHER_9500,970.0,20.0,0.0,0.0,0.0,0.0,971,20,0.0,0.0,0.0,0.0,970.5,0.0
0,687600,VOLCANIC_ROCK_VOUCHER_9500,968.0,15.0,0.0,0.0,0.0,0.0,969,15,0.0,0.0,0.0,0.0,968.5,0.0
0,687700,VOLCANIC_ROCK_VOUCHER_9500,968.0,19.0,0.0,0.0,0.0,0.0,969,19,0.0,0.0,0.0,0.0,968.5,0.0
0,687800,VOLCANIC_ROCK_VOUCHER_9500,967.0,11.0,0.0,0.0,0.0,0.0,968,11,0.0,0.0,0.0,0.0,967.5,0.0
0,687900,VOLCANIC_ROCK_VOUCHER_9500,966.0,32.0,0.0,0.0,0.0,0.0,967,20,0.0,0.0,0.0,0.0,966.5,0.0
0,688000,VOLCANIC_ROCK_VOUCHER_9500,963.0,16.0,0.0,0.0,0.0,0.0,964,16,0.0,0.0,0.0,0.0,963.5,0.0
0,688100,VOLCANIC_ROCK_VOUCHER_9500,966.0,17.0,0.0,0.0,0.0,0.0,967,17,0.0,0.0,0.0,0.0,966.5,0.0
0,688200,VOLCANIC_ROCK_VOUCHER_9500,963.0,17.0,0.0,0.0,0.0,0.0,964,17,0.0,0.0,0.0,0.0,963.5,0.0
0,688300,VOLCANIC_ROCK_VOUCHER_9500,966.0,8.0,0.0,0.0,0.0,0.0,967,20,0.0,0.0,0.0,0.0,966.5,0.0
0,688400,VOLCANIC_ROCK_VOUCHER_9500,967.0,17.0,0.0,0.0,0.0,0.0,968,17,0.0,0.0,0.0,0.0,967.5,0.0
0,688500,VOLCANIC_ROCK_VOUCHER_9500,967.0,9.0,0.0,0.0,0.0,0.0,968,19,0.0,0.0,0.0,0.0,967.5,0.0
0,688600,VOLCANIC_ROCK_VOUCHER_9500,968.0,13.0,0.0,0.0,0.0,0.0,970,13,0.0,0.0,0.0,0.0,969.0,0.0
0,688700,VOLCANIC_ROCK_VOUCHER_9500,968.0,27.0,0.0,0.0,0.0,0.0,969,12,0.0,0.0,0.0,0.0,968.5,0.0
0,688800,VOLCANIC_ROCK_VOUCHER_9500,968.0,17.0,0.0,0.0,0.0,0.0,970,17,0.0,0.0,0.0,0.0,969.0,0.0
0,688900,VOLCANIC_ROCK_VOUCHER_9500,968.0,13.0,0.0,0.0,0.0,0.0,970,13,0.0,0.0,0.0,0.0,969.0,0.0
0,689000,VOLCANIC_ROCK_VOUCHER_9500,971.0,13.0,0.0,0.0,0.0,0.0,972,13,0.0,0.0,0.0,0.0,971.5,0.0
0,689100,VOLCANIC_ROCK_VOUCHER_9500,970.0,15.0,0.0,0.0,0.0,0.0,971,15,0.0,0.0,0.0,0.0,970.5,0.0
0,689200,VOLCANIC_ROCK_VOUCHER_9500,969.0,18.0,0.0,0.0,0.0,0.0,971,18,0.0,0.0,0.0,0.0,970.0,0.0
0,689300,VOLCANIC_ROCK_VOUCHER_9500,969.0,13.0,0.0,0.0,0.0,0.0,970,13,0.0,0.0,0.0,0.0,969.5,0.0
0,689400,VOLCANIC_ROCK_VOUCHER_9500,968.0,20.0,0.0,0.0,0.0,0.0,969,20,0.0,0.0,0.0,0.0,968.5,0.0
0,689500,VOLCANIC_ROCK_VOUCHER_9500,969.0,17.0,0.0,0.0,0.0,0.0,970,17,0.0,0.0,0.0,0.0,969.5,0.0
0,689600,VOLCANIC_ROCK_VOUCHER_9500,969.0,10.0,0.0,0.0,0.0,0.0,970,10,0.0,0.0,0.0,0.0,969.5,0.0
0,689700,VOLCANIC_ROCK_VOUCHER_9500,970.0,19.0,0.0,0.0,0.0,0.0,971,19,0.0,0.0,0.0,0.0,970.5,0.0
0,689800,VOLCANIC_ROCK_VOUCHER_9500,969.0,11.0,0.0,0.0,0.0,0.0,970,11,0.0,0.0,0.0,0.0,969.5,0.0
0,689900,VOLCANIC_ROCK_VOUCHER_9500,969.0,17.0,0.0,0.0,0.0,0.0,971,17,0.0,0.0,0.0,0.0,970.0,0.0
0,690000,VOLCANIC_ROCK_VOUCHER_9500,970.0,18.0,0.0,0.0,0.0,0.0,971,18,0.0,0.0,0.0,0.0,970.5,0.0
0,690100,VOLCANIC_ROCK_VOUCHER_9500,971.0,17.0,0.0,0.0,0.0,0.0,972,17,0.0,0.0,0.0,0.0,971.5,0.0
0,690200,VOLCANIC_ROCK_VOUCHER_9500,972.0,10.0,0.0,0.0,0.0,0.0,973,10,0.0,0.0,0.0,0.0,972.5,0.0
0,690300,VOLCANIC_ROCK_VOUCHER_9500,971.0,18.0,0.0,0.0,0.0,0.0,973,18,0.0,0.0,0.0,0.0,972.0,0.0
0,690400,VOLCANIC_ROCK_VOUCHER_9500,967.0,37.0,0.0,0.0,0.0,0.0,968,21,0.0,0.0,0.0,0.0,967.5,0.0
0,690500,VOLCANIC_ROCK_VOUCHER_9500,969.0,11.0,0.0,0.0,0.0,0.0,970,11,0.0,0.0,0.0,0.0,969.5,0.0
0,690600,VOLCANIC_ROCK_VOUCHER_9500,971.0,34.0,0.0,0.0,0.0,0.0,972,20,0.0,0.0,0.0,0.0,971.5,0.0
0,690700,VOLCANIC_ROCK_VOUCHER_9500,969.0,17.0,0.0,0.0,0.0,0.0,971,17,0.0,0.0,0.0,0.0,970.0,0.0
0,690800,VOLCANIC_ROCK_VOUCHER_9500,967.0,29.0,0.0,0.0,0.0,0.0,968,18,0.0,0.0,0.0,0.0,967.5,0.0
0,690900,VOLCANIC_ROCK_VOUCHER_9500,960.0,20.0,0.0,0.0,0.0,0.0,961,20,0.0,0.0,0.0,0.0,960.5,0.0
0,691000,VOLCANIC_ROCK_VOUCHER_9500,960.0,22.0,0.0,0.0,0.0,0.0,961,22,0.0,0.0,0.0,0.0,960.5,0.0
0,691100,VOLCANIC_ROCK_VOUCHER_9500,959.0,14.0,0.0,0.0,0.0,0.0,960,14,0.0,0.0,0.0,0.0,959.5,0.0
0,691200,VOLCANIC_ROCK_VOUCHER_9500,964.0,14.0,0.0,0.0,0.0,0.0,965,14,0.0,0.0,0.0,0.0,964.5,0.0
0,691300,VOLCANIC_ROCK_VOUCHER_9500,965.0,13.0,0.0,0.0,0.0,0.0,966,13,0.0,0.0,0.0,0.0,965.5,0.0
0,691400,VOLCANIC_ROCK_VOUCHER_9500,967.0,15.0,0.0,0.0,0.0,0.0,968,15,0.0,0.0,0.0,0.0,967.5,0.0
0,691500,VOLCANIC_ROCK_VOUCHER_9500,965.0,14.0,0.0,0.0,0.0,0.0,967,14,0.0,0.0,0.0,0.0,966.0,0.0
0,691600,VOLCANIC_ROCK_VOUCHER_9500,964.0,15.0,0.0,0.0,0.0,0.0,965,15,0.0,0.0,0.0,0.0,964.5,0.0
0,691700,VOLCANIC_ROCK_VOUCHER_9500,964.0,15.0,0.0,0.0,0.0,0.0,965,15,0.0,0.0,0.0,0.0,964.5,0.0
0,691800,VOLCANIC_ROCK_VOUCHER_9500,965.0,13.0,0.0,0.0,0.0,0.0,966,13,0.0,0.0,0.0,0.0,965.5,0.0
0,691900,VOLCANIC_ROCK_VOUCHER_9500,967.0,12.0,0.0,0.0,0.0,0.0,969,12,0.0,0.0,0.0,0.0,968.0,0.0
0,692000,VOLCANIC_ROCK_VOUCHER_9500,970.0,14.0,0.0,0.0,0.0,0.0,971,14,0.0,0.0,0.0,0.0,970.5,0.0
0,692100,VOLCANIC_ROCK_VOUCHER_9500,970.0,16.0,0.0,0.0,0.0,0.0,971,16,0.0,0.0,0.0,0.0,970.5,0.0
0,692200,VOLCANIC_ROCK_VOUCHER_9500,975.0,13.0,0.0,0.0,0.0,0.0,976,13,0.0,0.0,0.0,0.0,975.5,0.0
0,692300,VOLCANIC_ROCK_VOUCHER_9500,976.0,16.0,0.0,0.0,0.0,0.0,977,16,0.0,0.0,0.0,0.0,976.5,0.0
0,692400,VOLCANIC_ROCK_VOUCHER_9500,977.0,20.0,0.0,0.0,0.0,0.0,978,20,0.0,0.0,0.0,0.0,977.5,0.0
0,692500,VOLCANIC_ROCK_VOUCHER_9500,977.0,20.0,0.0,0.0,0.0,0.0,978,20,0.0,0.0,0.0,0.0,977.5,0.0
0,692600,VOLCANIC_ROCK_VOUCHER_9500,981.0,19.0,0.0,0.0,0.0,0.0,982,19,0.0,0.0,0.0,0.0,981.5,0.0
0,692700,VOLCANIC_ROCK_VOUCHER_9500,981.0,13.0,0.0,0.0,0.0,0.0,982,13,0.0,0.0,0.0,0.0,981.5,0.0
0,692800,VOLCANIC_ROCK_VOUCHER_9500,984.0,14.0,0.0,0.0,0.0,0.0,985,14,0.0,0.0,0.0,0.0,984.5,0.0
0,692900,VOLCANIC_ROCK_VOUCHER_9500,983.0,18.0,0.0,0.0,0.0,0.0,984,18,0.0,0.0,0.0,0.0,983.5,0.0
0,693000,VOLCANIC_ROCK_VOUCHER_9500,982.0,22.0,0.0,0.0,0.0,0.0,984,22,0.0,0.0,0.0,0.0,983.0,0.0
0,693100,VOLCANIC_ROCK_VOUCHER_9500,990.0,18.0,0.0,0.0,0.0,0.0,991,18,0.0,0.0,0.0,0.0,990.5,0.0
0,693200,VOLCANIC_ROCK_VOUCHER_9500,989.0,16.0,0.0,0.0,0.0,0.0,990,16,0.0,0.0,0.0,0.0,989.5,0.0
0,693300,VOLCANIC_ROCK_VOUCHER_9500,988.0,13.0,0.0,0.0,0.0,0.0,989,13,0.0,0.0,0.0,0.0,988.5,0.0
0,693400,VOLCANIC_ROCK_VOUCHER_9500,992.0,15.0,0.0,0.0,0.0,0.0,993,15,0.0,0.0,0.0,0.0,992.5,0.0
0,693500,VOLCANIC_ROCK_VOUCHER_9500,993.0,20.0,0.0,0.0,0.0,0.0,994,20,0.0,0.0,0.0,0.0,993.5,0.0
0,693600,VOLCANIC_ROCK_VOUCHER_9500,995.0,17.0,0.0,0.0,0.0,0.0,996,17,0.0,0.0,0.0,0.0,995.5,0.0
0,693700,VOLCANIC_ROCK_VOUCHER_9500,996.0,12.0,0.0,0.0,0.0,0.0,997,12,0.0,0.0,0.0,0.0,996.5,0.0
0,693800,VOLCANIC_ROCK_VOUCHER_9500,994.0,18.0,0.0,0.0,0.0,0.0,995,18,0.0,0.0,0.0,0.0,994.5,0.0
0,693900,VOLCANIC_ROCK_VOUCHER_9500,990.0,12.0,0.0,0.0,0.0,0.0,991,12,0.0,0.0,0.0,0.0,990.5,0.0
0,694000,VOLCANIC_ROCK_VOUCHER_9500,989.0,19.0,0.0,0.0,0.0,0.0,990,19,0.0,0.0,0.0,0.0,989.5,0.0
0,694100,VOLCANIC_ROCK_VOUCHER_9500,987.0,13.0,0.0,0.0,0.0,0.0,988,13,0.0,0.0,0.0,0.0,987.5,0.0
0,694200,VOLCANIC_ROCK_VOUCHER_9500,990.0,18.0,0.0,0.0,0.0,0.0,991,18,0.0,0.0,0.0,0.0,990.5,0.0
0,694300,VOLCANIC_ROCK_VOUCHER_9500,990.0,17.0,0.0,0.0,0.0,0.0,991,17,0.0,0.0,0.0,0.0,990.5,0.0
0,694400,VOLCANIC_ROCK_VOUCHER_9500,989.0,4.0,0.0,0.0,0.0,0.0,990,20,0.0,0.0,0.0,0.0,989.5,0.0
0,694500,VOLCANIC_ROCK_VOUCHER_9500,986.0,13.0,0.0,0.0,0.0,0.0,987,13,0.0,0.0,0.0,0.0,986.5,0.0
0,694600,VOLCANIC_ROCK_VOUCHER_9500,986.0,13.0,0.0,0.0,0.0,0.0,987,13,0.0,0.0,0.0,0.0,986.5,0.0
0,694700,VOLCANIC_ROCK_VOUCHER_9500,988.0,13.0,0.0,0.0,0.0,0.0,989,13,0.0,0.0,0.0,0.0,988.5,0.0
0,694800,VOLCANIC_ROCK_VOUCHER_9500,985.0,14.0,0.0,0.0,0.0,0.0,986,14,0.0,0.0,0.0,0.0,985.5,0.0
0,694900,VOLCANIC_ROCK_VOUCHER_9500,972.0,11.0,0.0,0.0,0.0,0.0,973,11,0.0,0.0,0.0,0.0,972.5,0.0
0,695000,VOLCANIC_ROCK_VOUCHER_9500,972.0,16.0,0.0,0.0,0.0,0.0,973,16,0.0,0.0,0.0,0.0,972.5,0.0
0,695100,VOLCANIC_ROCK_VOUCHER_9500,971.0,19.0,0.0,0.0,0.0,0.0,972,19,0.0,0.0,0.0,0.0,971.5,0.0
0,695200,VOLCANIC_ROCK_VOUCHER_9500,970.0,18.0,0.0,0.0,0.0,0.0,971,18,0.0,0.0,0.0,0.0,970.5,0.0
0,695300,VOLCANIC_ROCK_VOUCHER_9500,975.0,16.0,0.0,0.0,0.0,0.0,977,16,0.0,0.0,0.0,0.0,976.0,0.0
0,695400,VOLCANIC_ROCK_VOUCHER_9500,975.0,16.0,0.0,0.0,0.0,0.0,976,16,0.0,0.0,0.0,0.0,975.5,0.0
0,695500,VOLCANIC_ROCK_VOUCHER_9500,977.0,17.0,0.0,0.0,0.0,0.0,978,17,0.0,0.0,0.0,0.0,977.5,0.0
0,695600,VOLCANIC_ROCK_VOUCHER_9500,977.0,13.0,0.0,0.0,0.0,0.0,978,13,0.0,0.0,0.0,0.0,977.5,0.0
0,695700,VOLCANIC_ROCK_VOUCHER_9500,973.0,17.0,0.0,0.0,0.0,0.0,975,17,0.0,0.0,0.0,0.0,974.0,0.0
0,695800,VOLCANIC_ROCK_VOUCHER_9500,973.0,19.0,0.0,0.0,0.0,0.0,975,19,0.0,0.0,0.0,0.0,974.0,0.0
0,695900,VOLCANIC_ROCK_VOUCHER_9500,974.0,13.0,0.0,0.0,0.0,0.0,975,13,0.0,0.0,0.0,0.0,974.5,0.0
0,696000,VOLCANIC_ROCK_VOUCHER_9500,973.0,14.0,0.0,0.0,0.0,0.0,974,14,0.0,0.0,0.0,0.0,973.5,0.0
0,696100,VOLCANIC_ROCK_VOUCHER_9500,976.0,16.0,0.0,0.0,0.0,0.0,977,1,978.0,15.0,0.0,0.0,976.5,0.0
0,696200,VOLCANIC_ROCK_VOUCHER_9500,972.0,6.0,0.0,0.0,0.0,0.0,973,16,0.0,0.0,0.0,0.0,972.5,0.0
0,696300,VOLCANIC_ROCK_VOUCHER_9500,974.0,18.0,0.0,0.0,0.0,0.0,975,18,0.0,0.0,0.0,0.0,974.5,0.0
0,696400,VOLCANIC_ROCK_VOUCHER_9500,976.0,12.0,0.0,0.0,0.0,0.0,977,12,0.0,0.0,0.0,0.0,976.5,0.0
0,696500,VOLCANIC_ROCK_VOUCHER_9500,977.0,21.0,0.0,0.0,0.0,0.0,978,21,0.0,0.0,0.0,0.0,977.5,0.0
0,696600,VOLCANIC_ROCK_VOUCHER_9500,977.0,11.0,0.0,0.0,0.0,0.0,979,11,0.0,0.0,0.0,0.0,978.0,0.0
0,696700,VOLCANIC_ROCK_VOUCHER_9500,979.0,19.0,0.0,0.0,0.0,0.0,980,19,0.0,0.0,0.0,0.0,979.5,0.0
0,696800,VOLCANIC_ROCK_VOUCHER_9500,980.0,12.0,0.0,0.0,0.0,0.0,982,12,0.0,0.0,0.0,0.0,981.0,0.0
0,696900,VOLCANIC_ROCK_VOUCHER_9500,980.0,34.0,0.0,0.0,0.0,0.0,981,14,0.0,0.0,0.0,0.0,980.5,0.0
0,697000,VOLCANIC_ROCK_VOUCHER_9500,979.0,19.0,0.0,0.0,0.0,0.0,981,19,0.0,0.0,0.0,0.0,980.0,0.0
0,697100,VOLCANIC_ROCK_VOUCHER_9500,978.0,14.0,0.0,0.0,0.0,0.0,979,14,0.0,0.0,0.0,0.0,978.5,0.0
0,697200,VOLCANIC_ROCK_VOUCHER_9500,980.0,21.0,0.0,0.0,0.0,0.0,981,21,0.0,0.0,0.0,0.0,980.5,0.0
0,697300,VOLCANIC_ROCK_VOUCHER_9500,977.0,19.0,0.0,0.0,0.0,0.0,978,19,0.0,0.0,0.0,0.0,977.5,0.0
0,697400,VOLCANIC_ROCK_VOUCHER_9500,978.0,13.0,0.0,0.0,0.0,0.0,979,13,0.0,0.0,0.0,0.0,978.5,0.0
0,697500,VOLCANIC_ROCK_VOUCHER_9500,980.0,21.0,0.0,0.0,0.0,0.0,982,21,0.0,0.0,0.0,0.0,981.0,0.0
0,697600,VOLCANIC_ROCK_VOUCHER_9500,981.0,15.0,0.0,0.0,0.0,0.0,982,15,0.0,0.0,0.0,0.0,981.5,0.0
0,697700,VOLCANIC_ROCK_VOUCHER_9500,983.0,20.0,0.0,0.0,0.0,0.0,984,20,0.0,0.0,0.0,0.0,983.5,0.0
0,697800,VOLCANIC_ROCK_VOUCHER_9500,986.0,17.0,0.0,0.0,0.0,0.0,987,17,0.0,0.0,0.0,0.0,986.5,0.0
0,697900,VOLCANIC_ROCK_VOUCHER_9500,985.0,20.0,0.0,0.0,0.0,0.0,986,20,0.0,0.0,0.0,0.0,985.5,0.0
0,698000,VOLCANIC_ROCK_VOUCHER_9500,983.0,20.0,0.0,0.0,0.0,0.0,984,20,0.0,0.0,0.0,0.0,983.5,0.0
0,698100,VOLCANIC_ROCK_VOUCHER_9500,982.0,17.0,0.0,0.0,0.0,0.0,983,17,0.0,0.0,0.0,0.0,982.5,0.0
0,698200,VOLCANIC_ROCK_VOUCHER_9500,984.0,18.0,0.0,0.0,0.0,0.0,986,18,0.0,0.0,0.0,0.0,985.0,0.0
0,698300,VOLCANIC_ROCK_VOUCHER_9500,983.0,21.0,0.0,0.0,0.0,0.0,984,21,0.0,0.0,0.0,0.0,983.5,0.0
0,698400,VOLCANIC_ROCK_VOUCHER_9500,984.0,20.0,0.0,0.0,0.0,0.0,986,20,0.0,0.0,0.0,0.0,985.0,0.0
0,698500,VOLCANIC_ROCK_VOUCHER_9500,986.0,18.0,0.0,0.0,0.0,0.0,987,18,0.0,0.0,0.0,0.0,986.5,0.0
0,698600,VOLCANIC_ROCK_VOUCHER_9500,990.0,17.0,0.0,0.0,0.0,0.0,991,17,0.0,0.0,0.0,0.0,990.5,0.0
0,698700,VOLCANIC_ROCK_VOUCHER_9500,990.0,13.0,0.0,0.0,0.0,0.0,992,13,0.0,0.0,0.0,0.0,991.0,0.0
0,698800,VOLCANIC_ROCK_VOUCHER_9500,991.0,18.0,0.0,0.0,0.0,0.0,992,18,0.0,0.0,0.0,0.0,991.5,0.0
0,698900,VOLCANIC_ROCK_VOUCHER_9500,988.0,21.0,0.0,0.0,0.0,0.0,989,21,0.0,0.0,0.0,0.0,988.5,0.0
0,699000,VOLCANIC_ROCK_VOUCHER_9500,989.0,19.0,0.0,0.0,0.0,0.0,990,19,0.0,0.0,0.0,0.0,989.5,0.0
0,699100,VOLCANIC_ROCK_VOUCHER_9500,991.0,10.0,0.0,0.0,0.0,0.0,992,10,0.0,0.0,0.0,0.0,991.5,0.0
0,699200,VOLCANIC_ROCK_VOUCHER_9500,991.0,15.0,0.0,0.0,0.0,0.0,992,15,0.0,0.0,0.0,0.0,991.5,0.0
0,699300,VOLCANIC_ROCK_VOUCHER_9500,991.0,17.0,0.0,0.0,0.0,0.0,992,17,0.0,0.0,0.0,0.0,991.5,0.0
0,699400,VOLCANIC_ROCK_VOUCHER_9500,992.0,15.0,0.0,0.0,0.0,0.0,993,15,0.0,0.0,0.0,0.0,992.5,0.0
0,699500,VOLCANIC_ROCK_VOUCHER_9500,992.0,19.0,0.0,0.0,0.0,0.0,993,19,0.0,0.0,0.0,0.0,992.5,0.0
0,699600,VOLCANIC_ROCK_VOUCHER_9500,990.0,15.0,0.0,0.0,0.0,0.0,991,15,0.0,0.0,0.0,0.0,990.5,0.0
0,699700,VOLCANIC_ROCK_VOUCHER_9500,990.0,15.0,0.0,0.0,0.0,0.0,991,15,0.0,0.0,0.0,0.0,990.5,0.0
0,699800,VOLCANIC_ROCK_VOUCHER_9500,991.0,17.0,0.0,0.0,0.0,0.0,992,17,0.0,0.0,0.0,0.0,991.5,0.0
0,699900,VOLCANIC_ROCK_VOUCHER_9500,991.0,2.0,990.0,15.0,0.0,0.0,992,17,0.0,0.0,0.0,0.0,991.5,0.0
0,700000,VOLCANIC_ROCK_VOUCHER_9500,990.0,12.0,0.0,0.0,0.0,0.0,991,12,0.0,0.0,0.0,0.0,990.5,0.0
0,700100,VOLCANIC_ROCK_VOUCHER_9500,986.0,3.0,0.0,0.0,0.0,0.0,988,20,0.0,0.0,0.0,0.0,987.0,0.0
0,700200,VOLCANIC_ROCK_VOUCHER_9500,985.0,15.0,0.0,0.0,0.0,0.0,986,15,0.0,0.0,0.0,0.0,985.5,0.0
0,700300,VOLCANIC_ROCK_VOUCHER_9500,986.0,14.0,0.0,0.0,0.0,0.0,988,14,0.0,0.0,0.0,0.0,987.0,0.0
0,700400,VOLCANIC_ROCK_VOUCHER_9500,987.0,14.0,0.0,0.0,0.0,0.0,988,14,0.0,0.0,0.0,0.0,987.5,0.0
0,700500,VOLCANIC_ROCK_VOUCHER_9500,989.0,12.0,0.0,0.0,0.0,0.0,990,12,0.0,0.0,0.0,0.0,989.5,0.0
0,700600,VOLCANIC_ROCK_VOUCHER_9500,988.0,19.0,0.0,0.0,0.0,0.0,989,19,0.0,0.0,0.0,0.0,988.5,0.0
0,700700,VOLCANIC_ROCK_VOUCHER_9500,988.0,16.0,0.0,0.0,0.0,0.0,989,16,0.0,0.0,0.0,0.0,988.5,0.0
0,700800,VOLCANIC_ROCK_VOUCHER_9500,986.0,15.0,0.0,0.0,0.0,0.0,988,15,0.0,0.0,0.0,0.0,987.0,0.0
0,700900,VOLCANIC_ROCK_VOUCHER_9500,991.0,17.0,0.0,0.0,0.0,0.0,992,17,0.0,0.0,0.0,0.0,991.5,0.0
0,701000,VOLCANIC_ROCK_VOUCHER_9500,989.0,12.0,0.0,0.0,0.0,0.0,990,12,0.0,0.0,0.0,0.0,989.5,0.0
0,701100,VOLCANIC_ROCK_VOUCHER_9500,0.0,0.0,0.0,0.0,0.0,0.0,991,16,0.0,0.0,0.0,0.0,991.0,0.0
0,701200,VOLCANIC_ROCK_VOUCHER_9500,990.0,21.0,0.0,0.0,0.0,0.0,991,21,0.0,0.0,0.0,0.0,990.5,0.0
0,701300,VOLCANIC_ROCK_VOUCHER_9500,990.0,12.0,0.0,0.0,0.0,0.0,991,12,0.0,0.0,0.0,0.0,990.5,0.0
0,701400,VOLCANIC_ROCK_VOUCHER_9500,992.0,21.0,0.0,0.0,0.0,0.0,994,21,0.0,0.0,0.0,0.0,993.0,0.0
0,701500,VOLCANIC_ROCK_VOUCHER_9500,992.0,15.0,0.0,0.0,0.0,0.0,993,15,0.0,0.0,0.0,0.0,992.5,0.0
0,701600,VOLCANIC_ROCK_VOUCHER_9500,989.0,17.0,0.0,0.0,0.0,0.0,990,17,0.0,0.0,0.0,0.0,989.5,0.0
0,701700,VOLCANIC_ROCK_VOUCHER_9500,990.0,17.0,0.0,0.0,0.0,0.0,992,17,0.0,0.0,0.0,0.0,991.0,0.0
0,701800,VOLCANIC_ROCK_VOUCHER_9500,992.0,34.0,0.0,0.0,0.0,0.0,993,20,0.0,0.0,0.0,0.0,992.5,0.0
0,701900,VOLCANIC_ROCK_VOUCHER_9500,990.0,13.0,0.0,0.0,0.0,0.0,991,13,0.0,0.0,0.0,0.0,990.5,0.0
0,702000,VOLCANIC_ROCK_VOUCHER_9500,989.0,1.0,0.0,0.0,0.0,0.0,990,13,0.0,0.0,0.0,0.0,989.5,0.0
0,702100,VOLCANIC_ROCK_VOUCHER_9500,987.0,18.0,0.0,0.0,0.0,0.0,988,18,0.0,0.0,0.0,0.0,987.5,0.0
0,702200,VOLCANIC_ROCK_VOUCHER_9500,984.0,15.0,0.0,0.0,0.0,0.0,985,15,0.0,0.0,0.0,0.0,984.5,0.0
0,702300,VOLCANIC_ROCK_VOUCHER_9500,983.0,40.0,0.0,0.0,0.0,0.0,985,20,0.0,0.0,0.0,0.0,984.0,0.0
0,702400,VOLCANIC_ROCK_VOUCHER_9500,981.0,17.0,0.0,0.0,0.0,0.0,983,17,0.0,0.0,0.0,0.0,982.0,0.0
0,702500,VOLCANIC_ROCK_VOUCHER_9500,984.0,20.0,0.0,0.0,0.0,0.0,985,20,0.0,0.0,0.0,0.0,984.5,0.0
0,702600,VOLCANIC_ROCK_VOUCHER_9500,985.0,16.0,0.0,0.0,0.0,0.0,986,16,0.0,0.0,0.0,0.0,985.5,0.0
0,702700,VOLCANIC_ROCK_VOUCHER_9500,985.0,15.0,0.0,0.0,0.0,0.0,986,15,0.0,0.0,0.0,0.0,985.5,0.0
0,702800,VOLCANIC_ROCK_VOUCHER_9500,982.0,15.0,0.0,0.0,0.0,0.0,983,15,0.0,0.0,0.0,0.0,982.5,0.0
0,702900,VOLCANIC_ROCK_VOUCHER_9500,982.0,15.0,0.0,0.0,0.0,0.0,983,15,0.0,0.0,0.0,0.0,982.5,0.0
0,703000,VOLCANIC_ROCK_VOUCHER_9500,981.0,13.0,0.0,0.0,0.0,0.0,982,13,0.0,0.0,0.0,0.0,981.5,0.0
0,703100,VOLCANIC_ROCK_VOUCHER_9500,980.0,18.0,0.0,0.0,0.0,0.0,981,18,0.0,0.0,0.0,0.0,980.5,0.0
0,703200,VOLCANIC_ROCK_VOUCHER_9500,979.0,15.0,0.0,0.0,0.0,0.0,981,15,0.0,0.0,0.0,0.0,980.0,0.0
0,703300,VOLCANIC_ROCK_VOUCHER_9500,983.0,13.0,0.0,0.0,0.0,0.0,984,13,0.0,0.0,0.0,0.0,983.5,0.0
0,703400,VOLCANIC_ROCK_VOUCHER_9500,984.0,12.0,0.0,0.0,0.0,0.0,985,12,0.0,0.0,0.0,0.0,984.5,0.0
0,703500,VOLCANIC_ROCK_VOUCHER_9500,981.0,18.0,0.0,0.0,0.0,0.0,982,18,0.0,0.0,0.0,0.0,981.5,0.0
0,703600,VOLCANIC_ROCK_VOUCHER_9500,980.0,20.0,0.0,0.0,0.0,0.0,981,20,0.0,0.0,0.0,0.0,980.5,0.0
0,703700,VOLCANIC_ROCK_VOUCHER_9500,981.0,19.0,0.0,0.0,0.0,0.0,982,19,0.0,0.0,0.0,0.0,981.5,0.0
0,703800,VOLCANIC_ROCK_VOUCHER_9500,981.0,35.0,0.0,0.0,0.0,0.0,982,15,0.0,0.0,0.0,0.0,981.5,0.0
0,703900,VOLCANIC_ROCK_VOUCHER_9500,981.0,13.0,0.0,0.0,0.0,0.0,982,13,0.0,0.0,0.0,0.0,981.5,0.0
0,704000,VOLCANIC_ROCK_VOUCHER_9500,983.0,11.0,0.0,0.0,0.0,0.0,984,11,0.0,0.0,0.0,0.0,983.5,0.0
0,704100,VOLCANIC_ROCK_VOUCHER_9500,986.0,21.0,0.0,0.0,0.0,0.0,987,21,0.0,0.0,0.0,0.0,986.5,0.0
0,704200,VOLCANIC_ROCK_VOUCHER_9500,985.0,16.0,0.0,0.0,0.0,0.0,986,16,0.0,0.0,0.0,0.0,985.5,0.0
0,704300,VOLCANIC_ROCK_VOUCHER_9500,985.0,1.0,0.0,0.0,0.0,0.0,986,12,0.0,0.0,0.0,0.0,985.5,0.0
0,704400,VOLCANIC_ROCK_VOUCHER_9500,984.0,17.0,0.0,0.0,0.0,0.0,985,17,0.0,0.0,0.0,0.0,984.5,0.0
0,704500,VOLCANIC_ROCK_VOUCHER_9500,983.0,11.0,0.0,0.0,0.0,0.0,984,11,0.0,0.0,0.0,0.0,983.5,0.0
0,704600,VOLCANIC_ROCK_VOUCHER_9500,984.0,23.0,0.0,0.0,0.0,0.0,985,14,0.0,0.0,0.0,0.0,984.5,0.0
0,704700,VOLCANIC_ROCK_VOUCHER_9500,981.0,21.0,0.0,0.0,0.0,0.0,982,21,0.0,0.0,0.0,0.0,981.5,0.0
0,704800,VOLCANIC_ROCK_VOUCHER_9500,981.0,10.0,0.0,0.0,0.0,0.0,982,10,0.0,0.0,0.0,0.0,981.5,0.0
0,704900,VOLCANIC_ROCK_VOUCHER_9500,982.0,19.0,0.0,0.0,0.0,0.0,983,19,0.0,0.0,0.0,0.0,982.5,0.0
0,705000,VOLCANIC_ROCK_VOUCHER_9500,981.0,13.0,0.0,0.0,0.0,0.0,982,13,0.0,0.0,0.0,0.0,981.5,0.0
0,705100,VOLCANIC_ROCK_VOUCHER_9500,981.0,20.0,0.0,0.0,0.0,0.0,982,20,0.0,0.0,0.0,0.0,981.5,0.0
0,705200,VOLCANIC_ROCK_VOUCHER_9500,979.0,16.0,0.0,0.0,0.0,0.0,980,16,0.0,0.0,0.0,0.0,979.5,0.0
0,705300,VOLCANIC_ROCK_VOUCHER_9500,981.0,12.0,0.0,0.0,0.0,0.0,982,12,0.0,0.0,0.0,0.0,981.5,0.0
0,705400,VOLCANIC_ROCK_VOUCHER_9500,981.0,21.0,0.0,0.0,0.0,0.0,982,21,0.0,0.0,0.0,0.0,981.5,0.0
0,705500,VOLCANIC_ROCK_VOUCHER_9500,980.0,10.0,0.0,0.0,0.0,0.0,981,10,0.0,0.0,0.0,0.0,980.5,0.0
0,705600,VOLCANIC_ROCK_VOUCHER_9500,981.0,12.0,0.0,0.0,0.0,0.0,982,12,0.0,0.0,0.0,0.0,981.5,0.0
0,705700,VOLCANIC_ROCK_VOUCHER_9500,982.0,14.0,0.0,0.0,0.0,0.0,983,14,0.0,0.0,0.0,0.0,982.5,0.0
0,705800,VOLCANIC_ROCK_VOUCHER_9500,0.0,0.0,0.0,0.0,0.0,0.0,986,18,0.0,0.0,0.0,0.0,986.0,0.0
0,705900,VOLCANIC_ROCK_VOUCHER_9500,986.0,11.0,0.0,0.0,0.0,0.0,988,11,0.0,0.0,0.0,0.0,987.0,0.0
0,706000,VOLCANIC_ROCK_VOUCHER_9500,986.0,14.0,0.0,0.0,0.0,0.0,987,14,0.0,0.0,0.0,0.0,986.5,0.0
0,706100,VOLCANIC_ROCK_VOUCHER_9500,984.0,19.0,0.0,0.0,0.0,0.0,985,19,0.0,0.0,0.0,0.0,984.5,0.0
0,706200,VOLCANIC_ROCK_VOUCHER_9500,982.0,19.0,0.0,0.0,0.0,0.0,983,19,0.0,0.0,0.0,0.0,982.5,0.0
0,706300,VOLCANIC_ROCK_VOUCHER_9500,984.0,21.0,0.0,0.0,0.0,0.0,985,21,0.0,0.0,0.0,0.0,984.5,0.0
0,706400,VOLCANIC_ROCK_VOUCHER_9500,982.0,16.0,0.0,0.0,0.0,0.0,983,16,0.0,0.0,0.0,0.0,982.5,0.0
0,706500,VOLCANIC_ROCK_VOUCHER_9500,982.0,21.0,0.0,0.0,0.0,0.0,984,21,0.0,0.0,0.0,0.0,983.0,0.0
0,706600,VOLCANIC_ROCK_VOUCHER_9500,983.0,21.0,0.0,0.0,0.0,0.0,984,21,0.0,0.0,0.0,0.0,983.5,0.0
0,706700,VOLCANIC_ROCK_VOUCHER_9500,982.0,20.0,0.0,0.0,0.0,0.0,983,20,0.0,0.0,0.0,0.0,982.5,0.0
0,706800,VOLCANIC_ROCK_VOUCHER_9500,980.0,21.0,0.0,0.0,0.0,0.0,981,21,0.0,0.0,0.0,0.0,980.5,0.0
0,706900,VOLCANIC_ROCK_VOUCHER_9500,981.0,18.0,0.0,0.0,0.0,0.0,982,18,0.0,0.0,0.0,0.0,981.5,0.0
0,707000,VOLCANIC_ROCK_VOUCHER_9500,982.0,18.0,0.0,0.0,0.0,0.0,983,18,0.0,0.0,0.0,0.0,982.5,0.0
0,707100,VOLCANIC_ROCK_VOUCHER_9500,979.0,19.0,0.0,0.0,0.0,0.0,980,19,0.0,0.0,0.0,0.0,979.5,0.0
0,707200,VOLCANIC_ROCK_VOUCHER_9500,977.0,15.0,0.0,0.0,0.0,0.0,979,15,0.0,0.0,0.0,0.0,978.0,0.0
0,707300,VOLCANIC_ROCK_VOUCHER_9500,975.0,15.0,0.0,0.0,0.0,0.0,976,15,0.0,0.0,0.0,0.0,975.5,0.0
0,707400,VOLCANIC_ROCK_VOUCHER_9500,975.0,18.0,0.0,0.0,0.0,0.0,976,18,0.0,0.0,0.0,0.0,975.5,0.0
0,707500,VOLCANIC_ROCK_VOUCHER_9500,976.0,19.0,0.0,0.0,0.0,0.0,977,19,0.0,0.0,0.0,0.0,976.5,0.0
0,707600,VOLCANIC_ROCK_VOUCHER_9500,975.0,15.0,0.0,0.0,0.0,0.0,976,15,0.0,0.0,0.0,0.0,975.5,0.0
0,707700,VOLCANIC_ROCK_VOUCHER_9500,975.0,17.0,0.0,0.0,0.0,0.0,976,17,0.0,0.0,0.0,0.0,975.5,0.0
0,707800,VOLCANIC_ROCK_VOUCHER_9500,974.0,22.0,0.0,0.0,0.0,0.0,975,22,0.0,0.0,0.0,0.0,974.5,0.0
0,707900,VOLCANIC_ROCK_VOUCHER_9500,975.0,19.0,0.0,0.0,0.0,0.0,977,19,0.0,0.0,0.0,0.0,976.0,0.0
0,708000,VOLCANIC_ROCK_VOUCHER_9500,977.0,17.0,0.0,0.0,0.0,0.0,978,17,0.0,0.0,0.0,0.0,977.5,0.0
0,708100,VOLCANIC_ROCK_VOUCHER_9500,978.0,16.0,0.0,0.0,0.0,0.0,979,16,0.0,0.0,0.0,0.0,978.5,0.0
0,708200,VOLCANIC_ROCK_VOUCHER_9500,978.0,17.0,0.0,0.0,0.0,0.0,979,17,0.0,0.0,0.0,0.0,978.5,0.0
0,708300,VOLCANIC_ROCK_VOUCHER_9500,978.0,19.0,0.0,0.0,0.0,0.0,979,19,0.0,0.0,0.0,0.0,978.5,0.0
0,708400,VOLCANIC_ROCK_VOUCHER_9500,0.0,0.0,0.0,0.0,0.0,0.0,976,1,977.0,13.0,0.0,0.0,976.0,0.0
0,708500,VOLCANIC_ROCK_VOUCHER_9500,969.0,13.0,0.0,0.0,0.0,0.0,971,13,0.0,0.0,0.0,0.0,970.0,0.0
0,708600,VOLCANIC_ROCK_VOUCHER_9500,969.0,10.0,0.0,0.0,0.0,0.0,970,10,0.0,0.0,0.0,0.0,969.5,0.0
0,708700,VOLCANIC_ROCK_VOUCHER_9500,970.0,19.0,0.0,0.0,0.0,0.0,972,19,0.0,0.0,0.0,0.0,971.0,0.0
0,708800,VOLCANIC_ROCK_VOUCHER_9500,970.0,12.0,0.0,0.0,0.0,0.0,971,12,0.0,0.0,0.0,0.0,970.5,0.0
0,708900,VOLCANIC_ROCK_VOUCHER_9500,974.0,37.0,0.0,0.0,0.0,0.0,975,21,0.0,0.0,0.0,0.0,974.5,0.0
0,709000,VOLCANIC_ROCK_VOUCHER_9500,974.0,12.0,0.0,0.0,0.0,0.0,976,12,0.0,0.0,0.0,0.0,975.0,0.0
0,709100,VOLCANIC_ROCK_VOUCHER_9500,974.0,14.0,0.0,0.0,0.0,0.0,976,14,0.0,0.0,0.0,0.0,975.0,0.0
0,709200,VOLCANIC_ROCK_VOUCHER_9500,0.0,0.0,0.0,0.0,0.0,0.0,973,1,975.0,11.0,0.0,0.0,973.0,0.0
0,709300,VOLCANIC_ROCK_VOUCHER_9500,972.0,14.0,0.0,0.0,0.0,0.0,973,14,0.0,0.0,0.0,0.0,972.5,0.0
0,709400,VOLCANIC_ROCK_VOUCHER_9500,973.0,18.0,0.0,0.0,0.0,0.0,974,18,0.0,0.0,0.0,0.0,973.5,0.0
0,709500,VOLCANIC_ROCK_VOUCHER_9500,971.0,20.0,0.0,0.0,0.0,0.0,972,20,0.0,0.0,0.0,0.0,971.5,0.0
0,709600,VOLCANIC_ROCK_VOUCHER_9500,978.0,21.0,0.0,0.0,0.0,0.0,979,21,0.0,0.0,0.0,0.0,978.5,0.0
0,709700,VOLCANIC_ROCK_VOUCHER_9500,977.0,12.0,0.0,0.0,0.0,0.0,978,12,0.0,0.0,0.0,0.0,977.5,0.0
0,709800,VOLCANIC_ROCK_VOUCHER_9500,974.0,1.0,973.0,15.0,0.0,0.0,975,16,0.0,0.0,0.0,0.0,974.5,0.0
0,709900,VOLCANIC_ROCK_VOUCHER_9500,973.0,11.0,0.0,0.0,0.0,0.0,974,11,0.0,0.0,0.0,0.0,973.5,0.0
0,710000,VOLCANIC_ROCK_VOUCHER_9500,972.0,11.0,0.0,0.0,0.0,0.0,973,11,0.0,0.0,0.0,0.0,972.5,0.0
0,710100,VOLCANIC_ROCK_VOUCHER_9500,973.0,20.0,0.0,0.0,0.0,0.0,974,20,0.0,0.0,0.0,0.0,973.5,0.0
0,710200,VOLCANIC_ROCK_VOUCHER_9500,973.0,13.0,0.0,0.0,0.0,0.0,974,13,0.0,0.0,0.0,0.0,973.5,0.0
0,710300,VOLCANIC_ROCK_VOUCHER_9500,973.0,11.0,0.0,0.0,0.0,0.0,975,11,0.0,0.0,0.0,0.0,974.0,0.0
0,710400,VOLCANIC_ROCK_VOUCHER_9500,974.0,18.0,0.0,0.0,0.0,0.0,975,18,0.0,0.0,0.0,0.0,974.5,0.0
0,710500,VOLCANIC_ROCK_VOUCHER_9500,975.0,13.0,0.0,0.0,0.0,0.0,976,13,0.0,0.0,0.0,0.0,975.5,0.0
0,710600,VOLCANIC_ROCK_VOUCHER_9500,973.0,16.0,0.0,0.0,0.0,0.0,974,2,975.0,14.0,0.0,0.0,973.5,0.0
0,710700,VOLCANIC_ROCK_VOUCHER_9500,971.0,18.0,0.0,0.0,0.0,0.0,973,18,0.0,0.0,0.0,0.0,972.0,0.0
0,710800,VOLCANIC_ROCK_VOUCHER_9500,971.0,16.0,0.0,0.0,0.0,0.0,972,16,0.0,0.0,0.0,0.0,971.5,0.0
0,710900,VOLCANIC_ROCK_VOUCHER_9500,971.0,20.0,0.0,0.0,0.0,0.0,972,20,0.0,0.0,0.0,0.0,971.5,0.0
0,711000,VOLCANIC_ROCK_VOUCHER_9500,969.0,14.0,0.0,0.0,0.0,0.0,970,14,0.0,0.0,0.0,0.0,969.5,0.0
0,711100,VOLCANIC_ROCK_VOUCHER_9500,969.0,11.0,0.0,0.0,0.0,0.0,971,11,0.0,0.0,0.0,0.0,970.0,0.0
0,711200,VOLCANIC_ROCK_VOUCHER_9500,971.0,1.0,970.0,14.0,0.0,0.0,972,15,0.0,0.0,0.0,0.0,971.5,0.0
0,711300,VOLCANIC_ROCK_VOUCHER_9500,971.0,15.0,0.0,0.0,0.0,0.0,972,2,973.0,13.0,0.0,0.0,971.5,0.0
0,711400,VOLCANIC_ROCK_VOUCHER_9500,973.0,15.0,0.0,0.0,0.0,0.0,974,15,0.0,0.0,0.0,0.0,973.5,0.0
0,711500,VOLCANIC_ROCK_VOUCHER_9500,973.0,19.0,0.0,0.0,0.0,0.0,974,19,0.0,0.0,0.0,0.0,973.5,0.0
0,711600,VOLCANIC_ROCK_VOUCHER_9500,979.0,14.0,0.0,0.0,0.0,0.0,980,14,0.0,0.0,0.0,0.0,979.5,0.0
0,711700,VOLCANIC_ROCK_VOUCHER_9500,981.0,17.0,0.0,0.0,0.0,0.0,982,17,0.0,0.0,0.0,0.0,981.5,0.0
0,711800,VOLCANIC_ROCK_VOUCHER_9500,981.0,10.0,0.0,0.0,0.0,0.0,982,10,0.0,0.0,0.0,0.0,981.5,0.0
0,711900,VOLCANIC_ROCK_VOUCHER_9500,981.0,14.0,0.0,0.0,0.0,0.0,982,14,0.0,0.0,0.0,0.0,981.5,0.0
0,712000,VOLCANIC_ROCK_VOUCHER_9500,979.0,9.0,0.0,0.0,0.0,0.0,980,19,0.0,0.0,0.0,0.0,979.5,0.0
0,712100,VOLCANIC_ROCK_VOUCHER_9500,978.0,12.0,0.0,0.0,0.0,0.0,979,12,0.0,0.0,0.0,0.0,978.5,0.0
0,712200,VOLCANIC_ROCK_VOUCHER_9500,978.0,19.0,0.0,0.0,0.0,0.0,979,19,0.0,0.0,0.0,0.0,978.5,0.0
0,712300,VOLCANIC_ROCK_VOUCHER_9500,980.0,15.0,0.0,0.0,0.0,0.0,981,15,0.0,0.0,0.0,0.0,980.5,0.0
0,712400,VOLCANIC_ROCK_VOUCHER_9500,982.0,17.0,0.0,0.0,0.0,0.0,983,17,0.0,0.0,0.0,0.0,982.5,0.0
0,712500,VOLCANIC_ROCK_VOUCHER_9500,979.0,12.0,0.0,0.0,0.0,0.0,980,12,0.0,0.0,0.0,0.0,979.5,0.0
0,712600,VOLCANIC_ROCK_VOUCHER_9500,981.0,18.0,0.0,0.0,0.0,0.0,983,18,0.0,0.0,0.0,0.0,982.0,0.0
0,712700,VOLCANIC_ROCK_VOUCHER_9500,983.0,20.0,0.0,0.0,0.0,0.0,984,20,0.0,0.0,0.0,0.0,983.5,0.0
0,712800,VOLCANIC_ROCK_VOUCHER_9500,983.0,13.0,0.0,0.0,0.0,0.0,984,13,0.0,0.0,0.0,0.0,983.5,0.0
0,712900,VOLCANIC_ROCK_VOUCHER_9500,982.0,15.0,0.0,0.0,0.0,0.0,983,15,0.0,0.0,0.0,0.0,982.5,0.0
0,713000,VOLCANIC_ROCK_VOUCHER_9500,982.0,11.0,0.0,0.0,0.0,0.0,983,11,0.0,0.0,0.0,0.0,982.5,0.0
0,713100,VOLCANIC_ROCK_VOUCHER_9500,981.0,15.0,0.0,0.0,0.0,0.0,982,15,0.0,0.0,0.0,0.0,981.5,0.0
0,713200,VOLCANIC_ROCK_VOUCHER_9500,980.0,17.0,0.0,0.0,0.0,0.0,981,17,0.0,0.0,0.0,0.0,980.5,0.0
0,713300,VOLCANIC_ROCK_VOUCHER_9500,981.0,17.0,0.0,0.0,0.0,0.0,982,17,0.0,0.0,0.0,0.0,981.5,0.0
0,713400,VOLCANIC_ROCK_VOUCHER_9500,980.0,13.0,0.0,0.0,0.0,0.0,982,13,0.0,0.0,0.0,0.0,981.0,0.0
0,713500,VOLCANIC_ROCK_VOUCHER_9500,980.0,19.0,0.0,0.0,0.0,0.0,982,19,0.0,0.0,0.0,0.0,981.0,0.0
0,713600,VOLCANIC_ROCK_VOUCHER_9500,978.0,17.0,0.0,0.0,0.0,0.0,979,17,0.0,0.0,0.0,0.0,978.5,0.0
0,713700,VOLCANIC_ROCK_VOUCHER_9500,976.0,20.0,0.0,0.0,0.0,0.0,977,1,978.0,19.0,0.0,0.0,976.5,0.0
0,713800,VOLCANIC_ROCK_VOUCHER_9500,976.0,13.0,0.0,0.0,0.0,0.0,977,13,0.0,0.0,0.0,0.0,976.5,0.0
0,713900,VOLCANIC_ROCK_VOUCHER_9500,976.0,19.0,0.0,0.0,0.0,0.0,977,19,0.0,0.0,0.0,0.0,976.5,0.0
0,714000,VOLCANIC_ROCK_VOUCHER_9500,976.0,14.0,0.0,0.0,0.0,0.0,978,14,0.0,0.0,0.0,0.0,977.0,0.0
0,714100,VOLCANIC_ROCK_VOUCHER_9500,977.0,20.0,0.0,0.0,0.0,0.0,978,20,0.0,0.0,0.0,0.0,977.5,0.0
0,714200,VOLCANIC_ROCK_VOUCHER_9500,975.0,22.0,0.0,0.0,0.0,0.0,976,22,0.0,0.0,0.0,0.0,975.5,0.0
0,714300,VOLCANIC_ROCK_VOUCHER_9500,973.0,14.0,0.0,0.0,0.0,0.0,975,14,0.0,0.0,0.0,0.0,974.0,0.0
0,714400,VOLCANIC_ROCK_VOUCHER_9500,974.0,15.0,0.0,0.0,0.0,0.0,975,15,0.0,0.0,0.0,0.0,974.5,0.0
0,714500,VOLCANIC_ROCK_VOUCHER_9500,975.0,17.0,0.0,0.0,0.0,0.0,977,17,0.0,0.0,0.0,0.0,976.0,0.0
0,714600,VOLCANIC_ROCK_VOUCHER_9500,974.0,18.0,0.0,0.0,0.0,0.0,976,18,0.0,0.0,0.0,0.0,975.0,0.0
0,714700,VOLCANIC_ROCK_VOUCHER_9500,975.0,17.0,0.0,0.0,0.0,0.0,976,17,0.0,0.0,0.0,0.0,975.5,0.0
0,714800,VOLCANIC_ROCK_VOUCHER_9500,975.0,16.0,0.0,0.0,0.0,0.0,976,16,0.0,0.0,0.0,0.0,975.5,0.0
0,714900,VOLCANIC_ROCK_VOUCHER_9500,975.0,18.0,0.0,0.0,0.0,0.0,976,18,0.0,0.0,0.0,0.0,975.5,0.0
0,715000,VOLCANIC_ROCK_VOUCHER_9500,977.0,12.0,0.0,0.0,0.0,0.0,978,12,0.0,0.0,0.0,0.0,977.5,0.0
0,715100,VOLCANIC_ROCK_VOUCHER_9500,979.0,16.0,0.0,0.0,0.0,0.0,980,16,0.0,0.0,0.0,0.0,979.5,0.0
0,715200,VOLCANIC_ROCK_VOUCHER_9500,980.0,10.0,0.0,0.0,0.0,0.0,981,10,0.0,0.0,0.0,0.0,980.5,0.0
0,715300,VOLCANIC_ROCK_VOUCHER_9500,979.0,22.0,0.0,0.0,0.0,0.0,980,22,0.0,0.0,0.0,0.0,979.5,0.0
0,715400,VOLCANIC_ROCK_VOUCHER_9500,986.0,18.0,985.0,21.0,0.0,0.0,987,21,0.0,0.0,0.0,0.0,986.5,0.0
0,715500,VOLCANIC_ROCK_VOUCHER_9500,985.0,13.0,0.0,0.0,0.0,0.0,986,13,0.0,0.0,0.0,0.0,985.5,0.0
0,715600,VOLCANIC_ROCK_VOUCHER_9500,985.0,22.0,0.0,0.0,0.0,0.0,986,12,0.0,0.0,0.0,0.0,985.5,0.0
0,715700,VOLCANIC_ROCK_VOUCHER_9500,987.0,14.0,0.0,0.0,0.0,0.0,988,14,0.0,0.0,0.0,0.0,987.5,0.0
0,715800,VOLCANIC_ROCK_VOUCHER_9500,984.0,21.0,0.0,0.0,0.0,0.0,986,21,0.0,0.0,0.0,0.0,985.0,0.0
0,715900,VOLCANIC_ROCK_VOUCHER_9500,988.0,12.0,0.0,0.0,0.0,0.0,989,12,0.0,0.0,0.0,0.0,988.5,0.0
0,716000,VOLCANIC_ROCK_VOUCHER_9500,985.0,20.0,0.0,0.0,0.0,0.0,986,20,0.0,0.0,0.0,0.0,985.5,0.0
0,716100,VOLCANIC_ROCK_VOUCHER_9500,983.0,19.0,0.0,0.0,0.0,0.0,984,19,0.0,0.0,0.0,0.0,983.5,0.0
0,716200,VOLCANIC_ROCK_VOUCHER_9500,984.0,11.0,0.0,0.0,0.0,0.0,985,11,0.0,0.0,0.0,0.0,984.5,0.0
0,716300,VOLCANIC_ROCK_VOUCHER_9500,985.0,12.0,0.0,0.0,0.0,0.0,986,12,0.0,0.0,0.0,0.0,985.5,0.0
0,716400,VOLCANIC_ROCK_VOUCHER_9500,984.0,32.0,0.0,0.0,0.0,0.0,985,13,0.0,0.0,0.0,0.0,984.5,0.0
0,716500,VOLCANIC_ROCK_VOUCHER_9500,984.0,10.0,0.0,0.0,0.0,0.0,986,10,0.0,0.0,0.0,0.0,985.0,0.0
0,716600,VOLCANIC_ROCK_VOUCHER_9500,982.0,17.0,0.0,0.0,0.0,0.0,984,17,0.0,0.0,0.0,0.0,983.0,0.0
0,716700,VOLCANIC_ROCK_VOUCHER_9500,982.0,12.0,0.0,0.0,0.0,0.0,983,12,0.0,0.0,0.0,0.0,982.5,0.0
0,716800,VOLCANIC_ROCK_VOUCHER_9500,982.0,15.0,0.0,0.0,0.0,0.0,983,15,0.0,0.0,0.0,0.0,982.5,0.0
0,716900,VOLCANIC_ROCK_VOUCHER_9500,984.0,9.0,983.0,17.0,0.0,0.0,985,17,0.0,0.0,0.0,0.0,984.5,0.0
0,717000,VOLCANIC_ROCK_VOUCHER_9500,981.0,19.0,0.0,0.0,0.0,0.0,982,19,0.0,0.0,0.0,0.0,981.5,0.0
0,717100,VOLCANIC_ROCK_VOUCHER_9500,979.0,7.0,0.0,0.0,0.0,0.0,981,19,0.0,0.0,0.0,0.0,980.0,0.0
0,717200,VOLCANIC_ROCK_VOUCHER_9500,982.0,27.0,0.0,0.0,0.0,0.0,983,20,0.0,0.0,0.0,0.0,982.5,0.0
0,717300,VOLCANIC_ROCK_VOUCHER_9500,982.0,20.0,0.0,0.0,0.0,0.0,983,20,0.0,0.0,0.0,0.0,982.5,0.0
0,717400,VOLCANIC_ROCK_VOUCHER_9500,982.0,17.0,0.0,0.0,0.0,0.0,984,17,0.0,0.0,0.0,0.0,983.0,0.0
0,717500,VOLCANIC_ROCK_VOUCHER_9500,984.0,17.0,0.0,0.0,0.0,0.0,986,17,0.0,0.0,0.0,0.0,985.0,0.0
0,717600,VOLCANIC_ROCK_VOUCHER_9500,982.0,19.0,0.0,0.0,0.0,0.0,983,19,0.0,0.0,0.0,0.0,982.5,0.0
0,717700,VOLCANIC_ROCK_VOUCHER_9500,982.0,15.0,0.0,0.0,0.0,0.0,983,15,0.0,0.0,0.0,0.0,982.5,0.0
0,717800,VOLCANIC_ROCK_VOUCHER_9500,984.0,21.0,0.0,0.0,0.0,0.0,985,21,0.0,0.0,0.0,0.0,984.5,0.0
0,717900,VOLCANIC_ROCK_VOUCHER_9500,988.0,12.0,0.0,0.0,0.0,0.0,989,12,0.0,0.0,0.0,0.0,988.5,0.0
0,718000,VOLCANIC_ROCK_VOUCHER_9500,990.0,20.0,0.0,0.0,0.0,0.0,991,20,0.0,0.0,0.0,0.0,990.5,0.0
0,718100,VOLCANIC_ROCK_VOUCHER_9500,988.0,11.0,0.0,0.0,0.0,0.0,989,11,0.0,0.0,0.0,0.0,988.5,0.0
0,718200,VOLCANIC_ROCK_VOUCHER_9500,988.0,12.0,0.0,0.0,0.0,0.0,989,12,0.0,0.0,0.0,0.0,988.5,0.0
0,718300,VOLCANIC_ROCK_VOUCHER_9500,985.0,28.0,0.0,0.0,0.0,0.0,986,14,0.0,0.0,0.0,0.0,985.5,0.0
0,718400,VOLCANIC_ROCK_VOUCHER_9500,985.0,12.0,0.0,0.0,0.0,0.0,986,12,0.0,0.0,0.0,0.0,985.5,0.0
0,718500,VOLCANIC_ROCK_VOUCHER_9500,987.0,21.0,0.0,0.0,0.0,0.0,988,21,0.0,0.0,0.0,0.0,987.5,0.0
0,718600,VOLCANIC_ROCK_VOUCHER_9500,989.0,20.0,0.0,0.0,0.0,0.0,990,20,0.0,0.0,0.0,0.0,989.5,0.0
0,718700,VOLCANIC_ROCK_VOUCHER_9500,987.0,16.0,0.0,0.0,0.0,0.0,988,16,0.0,0.0,0.0,0.0,987.5,0.0
0,718800,VOLCANIC_ROCK_VOUCHER_9500,990.0,16.0,0.0,0.0,0.0,0.0,991,16,0.0,0.0,0.0,0.0,990.5,0.0
0,718900,VOLCANIC_ROCK_VOUCHER_9500,990.0,17.0,0.0,0.0,0.0,0.0,991,17,0.0,0.0,0.0,0.0,990.5,0.0
0,719000,VOLCANIC_ROCK_VOUCHER_9500,988.0,20.0,0.0,0.0,0.0,0.0,990,20,0.0,0.0,0.0,0.0,989.0,0.0
0,719100,VOLCANIC_ROCK_VOUCHER_9500,989.0,12.0,0.0,0.0,0.0,0.0,990,12,0.0,0.0,0.0,0.0,989.5,0.0
0,719200,VOLCANIC_ROCK_VOUCHER_9500,988.0,18.0,0.0,0.0,0.0,0.0,989,18,0.0,0.0,0.0,0.0,988.5,0.0
0,719300,VOLCANIC_ROCK_VOUCHER_9500,988.0,12.0,987.0,19.0,0.0,0.0,989,19,0.0,0.0,0.0,0.0,988.5,0.0
0,719400,VOLCANIC_ROCK_VOUCHER_9500,988.0,15.0,0.0,0.0,0.0,0.0,989,15,0.0,0.0,0.0,0.0,988.5,0.0
0,719500,VOLCANIC_ROCK_VOUCHER_9500,989.0,15.0,0.0,0.0,0.0,0.0,990,15,0.0,0.0,0.0,0.0,989.5,0.0
0,719600,VOLCANIC_ROCK_VOUCHER_9500,990.0,17.0,0.0,0.0,0.0,0.0,991,17,0.0,0.0,0.0,0.0,990.5,0.0
0,719700,VOLCANIC_ROCK_VOUCHER_9500,988.0,21.0,0.0,0.0,0.0,0.0,989,21,0.0,0.0,0.0,0.0,988.5,0.0
0,719800,VOLCANIC_ROCK_VOUCHER_9500,988.0,17.0,0.0,0.0,0.0,0.0,989,17,0.0,0.0,0.0,0.0,988.5,0.0
0,719900,VOLCANIC_ROCK_VOUCHER_9500,988.0,13.0,0.0,0.0,0.0,0.0,989,13,0.0,0.0,0.0,0.0,988.5,0.0
0,720000,VOLCANIC_ROCK_VOUCHER_9500,990.0,16.0,0.0,0.0,0.0,0.0,991,16,0.0,0.0,0.0,0.0,990.5,0.0
0,720100,VOLCANIC_ROCK_VOUCHER_9500,992.0,19.0,0.0,0.0,0.0,0.0,993,19,0.0,0.0,0.0,0.0,992.5,0.0
0,720200,VOLCANIC_ROCK_VOUCHER_9500,990.0,15.0,0.0,0.0,0.0,0.0,991,15,0.0,0.0,0.0,0.0,990.5,0.0
0,720300,VOLCANIC_ROCK_VOUCHER_9500,0.0,0.0,0.0,0.0,0.0,0.0,990,3,991.0,17.0,0.0,0.0,990.0,0.0
0,720400,VOLCANIC_ROCK_VOUCHER_9500,989.0,25.0,0.0,0.0,0.0,0.0,990,11,0.0,0.0,0.0,0.0,989.5,0.0
0,720500,VOLCANIC_ROCK_VOUCHER_9500,989.0,18.0,0.0,0.0,0.0,0.0,991,18,0.0,0.0,0.0,0.0,990.0,0.0
0,720600,VOLCANIC_ROCK_VOUCHER_9500,991.0,22.0,0.0,0.0,0.0,0.0,992,22,0.0,0.0,0.0,0.0,991.5,0.0
0,720700,VOLCANIC_ROCK_VOUCHER_9500,988.0,5.0,0.0,0.0,0.0,0.0,989,17,0.0,0.0,0.0,0.0,988.5,0.0
0,720800,VOLCANIC_ROCK_VOUCHER_9500,990.0,13.0,0.0,0.0,0.0,0.0,991,13,0.0,0.0,0.0,0.0,990.5,0.0
0,720900,VOLCANIC_ROCK_VOUCHER_9500,990.0,17.0,0.0,0.0,0.0,0.0,991,17,0.0,0.0,0.0,0.0,990.5,0.0
0,721000,VOLCANIC_ROCK_VOUCHER_9500,990.0,16.0,0.0,0.0,0.0,0.0,991,16,0.0,0.0,0.0,0.0,990.5,0.0
0,721100,VOLCANIC_ROCK_VOUCHER_9500,991.0,13.0,0.0,0.0,0.0,0.0,992,13,0.0,0.0,0.0,0.0,991.5,0.0
0,721200,VOLCANIC_ROCK_VOUCHER_9500,991.0,20.0,0.0,0.0,0.0,0.0,992,20,0.0,0.0,0.0,0.0,991.5,0.0
0,721300,VOLCANIC_ROCK_VOUCHER_9500,991.0,11.0,0.0,0.0,0.0,0.0,992,11,0.0,0.0,0.0,0.0,991.5,0.0
0,721400,VOLCANIC_ROCK_VOUCHER_9500,990.0,14.0,0.0,0.0,0.0,0.0,991,14,0.0,0.0,0.0,0.0,990.5,0.0
0,721500,VOLCANIC_ROCK_VOUCHER_9500,991.0,3.0,0.0,0.0,0.0,0.0,992,18,0.0,0.0,0.0,0.0,991.5,0.0
0,721600,VOLCANIC_ROCK_VOUCHER_9500,991.0,29.0,0.0,0.0,0.0,0.0,992,11,0.0,0.0,0.0,0.0,991.5,0.0
0,721700,VOLCANIC_ROCK_VOUCHER_9500,991.0,5.0,0.0,0.0,0.0,0.0,992,18,0.0,0.0,0.0,0.0,991.5,0.0
0,721800,VOLCANIC_ROCK_VOUCHER_9500,990.0,16.0,0.0,0.0,0.0,0.0,991,16,0.0,0.0,0.0,0.0,990.5,0.0
0,721900,VOLCANIC_ROCK_VOUCHER_9500,991.0,11.0,0.0,0.0,0.0,0.0,992,11,0.0,0.0,0.0,0.0,991.5,0.0
0,722000,VOLCANIC_ROCK_VOUCHER_9500,991.0,12.0,0.0,0.0,0.0,0.0,993,12,0.0,0.0,0.0,0.0,992.0,0.0
0,722100,VOLCANIC_ROCK_VOUCHER_9500,990.0,14.0,0.0,0.0,0.0,0.0,991,14,0.0,0.0,0.0,0.0,990.5,0.0
0,722200,VOLCANIC_ROCK_VOUCHER_9500,983.0,12.0,0.0,0.0,0.0,0.0,984,12,0.0,0.0,0.0,0.0,983.5,0.0
0,722300,VOLCANIC_ROCK_VOUCHER_9500,983.0,14.0,0.0,0.0,0.0,0.0,984,14,0.0,0.0,0.0,0.0,983.5,0.0
0,722400,VOLCANIC_ROCK_VOUCHER_9500,987.0,32.0,0.0,0.0,0.0,0.0,988,14,0.0,0.0,0.0,0.0,987.5,0.0
0,722500,VOLCANIC_ROCK_VOUCHER_9500,988.0,2.0,987.0,19.0,0.0,0.0,989,21,0.0,0.0,0.0,0.0,988.5,0.0
0,722600,VOLCANIC_ROCK_VOUCHER_9500,983.0,21.0,0.0,0.0,0.0,0.0,985,21,0.0,0.0,0.0,0.0,984.0,0.0
0,722700,VOLCANIC_ROCK_VOUCHER_9500,986.0,21.0,0.0,0.0,0.0,0.0,987,21,0.0,0.0,0.0,0.0,986.5,0.0
0,722800,VOLCANIC_ROCK_VOUCHER_9500,985.0,18.0,0.0,0.0,0.0,0.0,987,18,0.0,0.0,0.0,0.0,986.0,0.0
0,722900,VOLCANIC_ROCK_VOUCHER_9500,986.0,19.0,0.0,0.0,0.0,0.0,987,19,0.0,0.0,0.0,0.0,986.5,0.0
0,723000,VOLCANIC_ROCK_VOUCHER_9500,987.0,19.0,0.0,0.0,0.0,0.0,988,19,0.0,0.0,0.0,0.0,987.5,0.0
0,723100,VOLCANIC_ROCK_VOUCHER_9500,989.0,18.0,0.0,0.0,0.0,0.0,990,18,0.0,0.0,0.0,0.0,989.5,0.0
0,723200,VOLCANIC_ROCK_VOUCHER_9500,988.0,12.0,0.0,0.0,0.0,0.0,989,12,0.0,0.0,0.0,0.0,988.5,0.0
0,723300,VOLCANIC_ROCK_VOUCHER_9500,989.0,20.0,0.0,0.0,0.0,0.0,991,20,0.0,0.0,0.0,0.0,990.0,0.0
0,723400,VOLCANIC_ROCK_VOUCHER_9500,988.0,13.0,0.0,0.0,0.0,0.0,989,13,0.0,0.0,0.0,0.0,988.5,0.0
0,723500,VOLCANIC_ROCK_VOUCHER_9500,987.0,19.0,0.0,0.0,0.0,0.0,988,19,0.0,0.0,0.0,0.0,987.5,0.0
0,723600,VOLCANIC_ROCK_VOUCHER_9500,987.0,20.0,0.0,0.0,0.0,0.0,988,20,0.0,0.0,0.0,0.0,987.5,0.0
0,723700,VOLCANIC_ROCK_VOUCHER_9500,985.0,20.0,0.0,0.0,0.0,0.0,986,20,0.0,0.0,0.0,0.0,985.5,0.0
0,723800,VOLCANIC_ROCK_VOUCHER_9500,985.0,10.0,0.0,0.0,0.0,0.0,986,10,0.0,0.0,0.0,0.0,985.5,0.0
0,723900,VOLCANIC_ROCK_VOUCHER_9500,982.0,13.0,0.0,0.0,0.0,0.0,984,13,0.0,0.0,0.0,0.0,983.0,0.0
0,724000,VOLCANIC_ROCK_VOUCHER_9500,978.0,19.0,0.0,0.0,0.0,0.0,979,19,0.0,0.0,0.0,0.0,978.5,0.0
0,724100,VOLCANIC_ROCK_VOUCHER_9500,980.0,21.0,0.0,0.0,0.0,0.0,981,21,0.0,0.0,0.0,0.0,980.5,0.0
0,724200,VOLCANIC_ROCK_VOUCHER_9500,972.0,11.0,0.0,0.0,0.0,0.0,973,11,0.0,0.0,0.0,0.0,972.5,0.0
0,724300,VOLCANIC_ROCK_VOUCHER_9500,972.0,19.0,0.0,0.0,0.0,0.0,973,19,0.0,0.0,0.0,0.0,972.5,0.0
0,724400,VOLCANIC_ROCK_VOUCHER_9500,973.0,14.0,0.0,0.0,0.0,0.0,974,14,0.0,0.0,0.0,0.0,973.5,0.0
0,724500,VOLCANIC_ROCK_VOUCHER_9500,970.0,16.0,0.0,0.0,0.0,0.0,971,16,0.0,0.0,0.0,0.0,970.5,0.0
0,724600,VOLCANIC_ROCK_VOUCHER_9500,971.0,15.0,0.0,0.0,0.0,0.0,973,15,0.0,0.0,0.0,0.0,972.0,0.0
0,724700,VOLCANIC_ROCK_VOUCHER_9500,972.0,20.0,0.0,0.0,0.0,0.0,973,20,0.0,0.0,0.0,0.0,972.5,0.0
0,724800,VOLCANIC_ROCK_VOUCHER_9500,971.0,19.0,0.0,0.0,0.0,0.0,973,19,0.0,0.0,0.0,0.0,972.0,0.0
0,724900,VOLCANIC_ROCK_VOUCHER_9500,977.0,14.0,0.0,0.0,0.0,0.0,978,14,0.0,0.0,0.0,0.0,977.5,0.0
0,725000,VOLCANIC_ROCK_VOUCHER_9500,977.0,14.0,0.0,0.0,0.0,0.0,979,14,0.0,0.0,0.0,0.0,978.0,0.0
0,725100,VOLCANIC_ROCK_VOUCHER_9500,975.0,30.0,0.0,0.0,0.0,0.0,976,20,0.0,0.0,0.0,0.0,975.5,0.0
0,725200,VOLCANIC_ROCK_VOUCHER_9500,975.0,11.0,0.0,0.0,0.0,0.0,976,11,0.0,0.0,0.0,0.0,975.5,0.0
0,725300,VOLCANIC_ROCK_VOUCHER_9500,976.0,17.0,0.0,0.0,0.0,0.0,977,17,0.0,0.0,0.0,0.0,976.5,0.0
0,725400,VOLCANIC_ROCK_VOUCHER_9500,977.0,15.0,0.0,0.0,0.0,0.0,978,15,0.0,0.0,0.0,0.0,977.5,0.0
0,725500,VOLCANIC_ROCK_VOUCHER_9500,978.0,19.0,0.0,0.0,0.0,0.0,979,19,0.0,0.0,0.0,0.0,978.5,0.0
0,725600,VOLCANIC_ROCK_VOUCHER_9500,982.0,14.0,0.0,0.0,0.0,0.0,983,14,0.0,0.0,0.0,0.0,982.5,0.0
0,725700,VOLCANIC_ROCK_VOUCHER_9500,978.0,37.0,0.0,0.0,0.0,0.0,979,21,0.0,0.0,0.0,0.0,978.5,0.0
0,725800,VOLCANIC_ROCK_VOUCHER_9500,977.0,16.0,0.0,0.0,0.0,0.0,978,16,0.0,0.0,0.0,0.0,977.5,0.0
0,725900,VOLCANIC_ROCK_VOUCHER_9500,978.0,11.0,0.0,0.0,0.0,0.0,979,11,0.0,0.0,0.0,0.0,978.5,0.0
0,726000,VOLCANIC_ROCK_VOUCHER_9500,0.0,0.0,0.0,0.0,0.0,0.0,978,5,979.0,13.0,0.0,0.0,978.0,0.0
0,726100,VOLCANIC_ROCK_VOUCHER_9500,977.0,14.0,0.0,0.0,0.0,0.0,978,14,0.0,0.0,0.0,0.0,977.5,0.0
0,726200,VOLCANIC_ROCK_VOUCHER_9500,974.0,12.0,0.0,0.0,0.0,0.0,975,12,0.0,0.0,0.0,0.0,974.5,0.0
0,726300,VOLCANIC_ROCK_VOUCHER_9500,973.0,21.0,0.0,0.0,0.0,0.0,974,21,0.0,0.0,0.0,0.0,973.5,0.0
0,726400,VOLCANIC_ROCK_VOUCHER_9500,971.0,14.0,0.0,0.0,0.0,0.0,972,14,0.0,0.0,0.0,0.0,971.5,0.0
0,726500,VOLCANIC_ROCK_VOUCHER_9500,973.0,12.0,0.0,0.0,0.0,0.0,974,12,0.0,0.0,0.0,0.0,973.5,0.0
0,726600,VOLCANIC_ROCK_VOUCHER_9500,975.0,19.0,0.0,0.0,0.0,0.0,976,19,0.0,0.0,0.0,0.0,975.5,0.0
0,726700,VOLCANIC_ROCK_VOUCHER_9500,974.0,12.0,0.0,0.0,0.0,0.0,975,12,0.0,0.0,0.0,0.0,974.5,0.0
0,726800,VOLCANIC_ROCK_VOUCHER_9500,974.0,15.0,0.0,0.0,0.0,0.0,975,15,0.0,0.0,0.0,0.0,974.5,0.0
0,726900,VOLCANIC_ROCK_VOUCHER_9500,977.0,14.0,0.0,0.0,0.0,0.0,978,14,0.0,0.0,0.0,0.0,977.5,0.0
0,727000,VOLCANIC_ROCK_VOUCHER_9500,977.0,17.0,0.0,0.0,0.0,0.0,978,17,0.0,0.0,0.0,0.0,977.5,0.0
0,727100,VOLCANIC_ROCK_VOUCHER_9500,980.0,12.0,0.0,0.0,0.0,0.0,981,12,0.0,0.0,0.0,0.0,980.5,0.0
0,727200,VOLCANIC_ROCK_VOUCHER_9500,979.0,13.0,0.0,0.0,0.0,0.0,980,13,0.0,0.0,0.0,0.0,979.5,0.0
0,727300,VOLCANIC_ROCK_VOUCHER_9500,977.0,13.0,0.0,0.0,0.0,0.0,978,13,0.0,0.0,0.0,0.0,977.5,0.0
0,727400,VOLCANIC_ROCK_VOUCHER_9500,977.0,18.0,0.0,0.0,0.0,0.0,978,18,0.0,0.0,0.0,0.0,977.5,0.0
0,727500,VOLCANIC_ROCK_VOUCHER_9500,980.0,35.0,0.0,0.0,0.0,0.0,981,16,0.0,0.0,0.0,0.0,980.5,0.0
0,727600,VOLCANIC_ROCK_VOUCHER_9500,978.0,13.0,0.0,0.0,0.0,0.0,979,13,0.0,0.0,0.0,0.0,978.5,0.0
0,727700,VOLCANIC_ROCK_VOUCHER_9500,979.0,12.0,0.0,0.0,0.0,0.0,980,12,0.0,0.0,0.0,0.0,979.5,0.0
0,727800,VOLCANIC_ROCK_VOUCHER_9500,979.0,21.0,0.0,0.0,0.0,0.0,980,21,0.0,0.0,0.0,0.0,979.5,0.0
0,727900,VOLCANIC_ROCK_VOUCHER_9500,977.0,15.0,0.0,0.0,0.0,0.0,978,15,0.0,0.0,0.0,0.0,977.5,0.0
0,728000,VOLCANIC_ROCK_VOUCHER_9500,977.0,20.0,0.0,0.0,0.0,0.0,978,20,0.0,0.0,0.0,0.0,977.5,0.0
0,728100,VOLCANIC_ROCK_VOUCHER_9500,977.0,13.0,0.0,0.0,0.0,0.0,978,13,0.0,0.0,0.0,0.0,977.5,0.0
0,728200,VOLCANIC_ROCK_VOUCHER_9500,976.0,21.0,0.0,0.0,0.0,0.0,977,21,0.0,0.0,0.0,0.0,976.5,0.0
0,728300,VOLCANIC_ROCK_VOUCHER_9500,974.0,21.0,0.0,0.0,0.0,0.0,975,21,0.0,0.0,0.0,0.0,974.5,0.0
0,728400,VOLCANIC_ROCK_VOUCHER_9500,971.0,0.0,0.0,0.0,0.0,0.0,972,15,0.0,0.0,0.0,0.0,971.5,0.0
0,728500,VOLCANIC_ROCK_VOUCHER_9500,971.0,19.0,0.0,0.0,0.0,0.0,973,19,0.0,0.0,0.0,0.0,972.0,0.0
0,728600,VOLCANIC_ROCK_VOUCHER_9500,971.0,15.0,0.0,0.0,0.0,0.0,972,15,0.0,0.0,0.0,0.0,971.5,0.0
0,728700,VOLCANIC_ROCK_VOUCHER_9500,974.0,15.0,0.0,0.0,0.0,0.0,975,15,0.0,0.0,0.0,0.0,974.5,0.0
0,728800,VOLCANIC_ROCK_VOUCHER_9500,970.0,14.0,0.0,0.0,0.0,0.0,971,14,0.0,0.0,0.0,0.0,970.5,0.0
0,728900,VOLCANIC_ROCK_VOUCHER_9500,968.0,14.0,0.0,0.0,0.0,0.0,970,14,0.0,0.0,0.0,0.0,969.0,0.0
0,729000,VOLCANIC_ROCK_VOUCHER_9500,970.0,28.0,0.0,0.0,0.0,0.0,971,14,0.0,0.0,0.0,0.0,970.5,0.0
0,729100,VOLCANIC_ROCK_VOUCHER_9500,968.0,22.0,0.0,0.0,0.0,0.0,969,22,0.0,0.0,0.0,0.0,968.5,0.0
0,729200,VOLCANIC_ROCK_VOUCHER_9500,967.0,14.0,0.0,0.0,0.0,0.0,969,14,0.0,0.0,0.0,0.0,968.0,0.0
0,729300,VOLCANIC_ROCK_VOUCHER_9500,964.0,1.0,963.0,14.0,0.0,0.0,965,15,0.0,0.0,0.0,0.0,964.5,0.0
0,729400,VOLCANIC_ROCK_VOUCHER_9500,964.0,21.0,0.0,0.0,0.0,0.0,965,21,0.0,0.0,0.0,0.0,964.5,0.0
0,729500,VOLCANIC_ROCK_VOUCHER_9500,963.0,19.0,0.0,0.0,0.0,0.0,965,19,0.0,0.0,0.0,0.0,964.0,0.0
0,729600,VOLCANIC_ROCK_VOUCHER_9500,966.0,16.0,0.0,0.0,0.0,0.0,967,16,0.0,0.0,0.0,0.0,966.5,0.0
0,729700,VOLCANIC_ROCK_VOUCHER_9500,964.0,1.0,0.0,0.0,0.0,0.0,965,11,0.0,0.0,0.0,0.0,964.5,0.0
0,729800,VOLCANIC_ROCK_VOUCHER_9500,965.0,25.0,0.0,0.0,0.0,0.0,966,12,0.0,0.0,0.0,0.0,965.5,0.0
0,729900,VOLCANIC_ROCK_VOUCHER_9500,968.0,15.0,0.0,0.0,0.0,0.0,969,15,0.0,0.0,0.0,0.0,968.5,0.0
0,730000,VOLCANIC_ROCK_VOUCHER_9500,967.0,15.0,0.0,0.0,0.0,0.0,968,15,0.0,0.0,0.0,0.0,967.5,0.0
0,730100,VOLCANIC_ROCK_VOUCHER_9500,966.0,21.0,0.0,0.0,0.0,0.0,967,21,0.0,0.0,0.0,0.0,966.5,0.0
0,730200,VOLCANIC_ROCK_VOUCHER_9500,965.0,19.0,0.0,0.0,0.0,0.0,966,19,0.0,0.0,0.0,0.0,965.5,0.0
0,730300,VOLCANIC_ROCK_VOUCHER_9500,967.0,2.0,0.0,0.0,0.0,0.0,968,17,0.0,0.0,0.0,0.0,967.5,0.0
0,730400,VOLCANIC_ROCK_VOUCHER_9500,968.0,12.0,0.0,0.0,0.0,0.0,969,12,0.0,0.0,0.0,0.0,968.5,0.0
0,730500,VOLCANIC_ROCK_VOUCHER_9500,0.0,0.0,0.0,0.0,0.0,0.0,967,3,968.0,11.0,0.0,0.0,967.0,0.0
0,730600,VOLCANIC_ROCK_VOUCHER_9500,970.0,17.0,0.0,0.0,0.0,0.0,972,17,0.0,0.0,0.0,0.0,971.0,0.0
0,730700,VOLCANIC_ROCK_VOUCHER_9500,972.0,16.0,0.0,0.0,0.0,0.0,974,16,0.0,0.0,0.0,0.0,973.0,0.0
0,730800,VOLCANIC_ROCK_VOUCHER_9500,973.0,13.0,0.0,0.0,0.0,0.0,974,13,0.0,0.0,0.0,0.0,973.5,0.0
0,730900,VOLCANIC_ROCK_VOUCHER_9500,975.0,13.0,0.0,0.0,0.0,0.0,976,13,0.0,0.0,0.0,0.0,975.5,0.0
0,731000,VOLCANIC_ROCK_VOUCHER_9500,975.0,11.0,0.0,0.0,0.0,0.0,976,11,0.0,0.0,0.0,0.0,975.5,0.0
0,731100,VOLCANIC_ROCK_VOUCHER_9500,971.0,17.0,0.0,0.0,0.0,0.0,973,17,0.0,0.0,0.0,0.0,972.0,0.0
0,731200,VOLCANIC_ROCK_VOUCHER_9500,969.0,17.0,0.0,0.0,0.0,0.0,970,17,0.0,0.0,0.0,0.0,969.5,0.0
0,731300,VOLCANIC_ROCK_VOUCHER_9500,972.0,21.0,0.0,0.0,0.0,0.0,973,21,0.0,0.0,0.0,0.0,972.5,0.0
0,731400,VOLCANIC_ROCK_VOUCHER_9500,973.0,18.0,972.0,12.0,0.0,0.0,974,12,0.0,0.0,0.0,0.0,973.5,0.0
0,731500,VOLCANIC_ROCK_VOUCHER_9500,974.0,15.0,0.0,0.0,0.0,0.0,975,15,0.0,0.0,0.0,0.0,974.5,0.0
0,731600,VOLCANIC_ROCK_VOUCHER_9500,974.0,19.0,0.0,0.0,0.0,0.0,975,19,0.0,0.0,0.0,0.0,974.5,0.0
0,731700,VOLCANIC_ROCK_VOUCHER_9500,975.0,12.0,0.0,0.0,0.0,0.0,976,12,0.0,0.0,0.0,0.0,975.5,0.0
0,731800,VOLCANIC_ROCK_VOUCHER_9500,0.0,0.0,0.0,0.0,0.0,0.0,973,6,974.0,13.0,0.0,0.0,973.0,0.0
0,731900,VOLCANIC_ROCK_VOUCHER_9500,976.0,17.0,0.0,0.0,0.0,0.0,977,17,0.0,0.0,0.0,0.0,976.5,0.0
0,732000,VOLCANIC_ROCK_VOUCHER_9500,976.0,14.0,0.0,0.0,0.0,0.0,977,14,0.0,0.0,0.0,0.0,976.5,0.0
0,732100,VOLCANIC_ROCK_VOUCHER_9500,978.0,12.0,0.0,0.0,0.0,0.0,979,12,0.0,0.0,0.0,0.0,978.5,0.0
0,732200,VOLCANIC_ROCK_VOUCHER_9500,978.0,19.0,0.0,0.0,0.0,0.0,980,19,0.0,0.0,0.0,0.0,979.0,0.0
0,732300,VOLCANIC_ROCK_VOUCHER_9500,977.0,19.0,0.0,0.0,0.0,0.0,978,19,0.0,0.0,0.0,0.0,977.5,0.0
0,732400,VOLCANIC_ROCK_VOUCHER_9500,0.0,0.0,0.0,0.0,0.0,0.0,978,3,979.0,15.0,0.0,0.0,978.0,0.0
0,732500,VOLCANIC_ROCK_VOUCHER_9500,979.0,17.0,0.0,0.0,0.0,0.0,980,17,0.0,0.0,0.0,0.0,979.5,0.0
0,732600,VOLCANIC_ROCK_VOUCHER_9500,978.0,19.0,0.0,0.0,0.0,0.0,980,19,0.0,0.0,0.0,0.0,979.0,0.0
0,732700,VOLCANIC_ROCK_VOUCHER_9500,977.0,15.0,0.0,0.0,0.0,0.0,978,15,0.0,0.0,0.0,0.0,977.5,0.0
0,732800,VOLCANIC_ROCK_VOUCHER_9500,973.0,20.0,0.0,0.0,0.0,0.0,974,20,0.0,0.0,0.0,0.0,973.5,0.0
0,732900,VOLCANIC_ROCK_VOUCHER_9500,973.0,17.0,0.0,0.0,0.0,0.0,974,17,0.0,0.0,0.0,0.0,973.5,0.0
0,733000,VOLCANIC_ROCK_VOUCHER_9500,973.0,19.0,0.0,0.0,0.0,0.0,975,19,0.0,0.0,0.0,0.0,974.0,0.0
0,733100,VOLCANIC_ROCK_VOUCHER_9500,0.0,0.0,0.0,0.0,0.0,0.0,976,6,977.0,14.0,0.0,0.0,976.0,0.0
0,733200,VOLCANIC_ROCK_VOUCHER_9500,975.0,32.0,0.0,0.0,0.0,0.0,976,15,0.0,0.0,0.0,0.0,975.5,0.0
0,733300,VOLCANIC_ROCK_VOUCHER_9500,976.0,33.0,0.0,0.0,0.0,0.0,977,20,0.0,0.0,0.0,0.0,976.5,0.0
0,733400,VOLCANIC_ROCK_VOUCHER_9500,977.0,21.0,0.0,0.0,0.0,0.0,979,21,0.0,0.0,0.0,0.0,978.0,0.0
0,733500,VOLCANIC_ROCK_VOUCHER_9500,0.0,0.0,0.0,0.0,0.0,0.0,979,1,980.0,14.0,0.0,0.0,979.0,0.0
0,733600,VOLCANIC_ROCK_VOUCHER_9500,979.0,15.0,0.0,0.0,0.0,0.0,980,15,0.0,0.0,0.0,0.0,979.5,0.0
0,733700,VOLCANIC_ROCK_VOUCHER_9500,978.0,13.0,0.0,0.0,0.0,0.0,980,13,0.0,0.0,0.0,0.0,979.0,0.0
0,733800,VOLCANIC_ROCK_VOUCHER_9500,979.0,16.0,0.0,0.0,0.0,0.0,980,16,0.0,0.0,0.0,0.0,979.5,0.0
0,733900,VOLCANIC_ROCK_VOUCHER_9500,980.0,11.0,0.0,0.0,0.0,0.0,981,11,0.0,0.0,0.0,0.0,980.5,0.0
0,734000,VOLCANIC_ROCK_VOUCHER_9500,981.0,13.0,0.0,0.0,0.0,0.0,982,13,0.0,0.0,0.0,0.0,981.5,0.0
0,734100,VOLCANIC_ROCK_VOUCHER_9500,979.0,21.0,0.0,0.0,0.0,0.0,980,21,0.0,0.0,0.0,0.0,979.5,0.0
0,734200,VOLCANIC_ROCK_VOUCHER_9500,978.0,20.0,0.0,0.0,0.0,0.0,979,20,0.0,0.0,0.0,0.0,978.5,0.0
0,734300,VOLCANIC_ROCK_VOUCHER_9500,978.0,19.0,0.0,0.0,0.0,0.0,979,19,0.0,0.0,0.0,0.0,978.5,0.0
0,734400,VOLCANIC_ROCK_VOUCHER_9500,978.0,15.0,0.0,0.0,0.0,0.0,979,15,0.0,0.0,0.0,0.0,978.5,0.0
0,734500,VOLCANIC_ROCK_VOUCHER_9500,978.0,1.0,0.0,0.0,0.0,0.0,979,15,0.0,0.0,0.0,0.0,978.5,0.0
0,734600,VOLCANIC_ROCK_VOUCHER_9500,978.0,6.0,0.0,0.0,0.0,0.0,979,19,0.0,0.0,0.0,0.0,978.5,0.0
0,734700,VOLCANIC_ROCK_VOUCHER_9500,979.0,14.0,0.0,0.0,0.0,0.0,980,14,0.0,0.0,0.0,0.0,979.5,0.0
0,734800,VOLCANIC_ROCK_VOUCHER_9500,978.0,28.0,0.0,0.0,0.0,0.0,979,14,0.0,0.0,0.0,0.0,978.5,0.0
0,734900,VOLCANIC_ROCK_VOUCHER_9500,979.0,20.0,0.0,0.0,0.0,0.0,980,20,0.0,0.0,0.0,0.0,979.5,0.0
0,735000,VOLCANIC_ROCK_VOUCHER_9500,979.0,20.0,0.0,0.0,0.0,0.0,980,20,0.0,0.0,0.0,0.0,979.5,0.0
0,735100,VOLCANIC_ROCK_VOUCHER_9500,978.0,20.0,0.0,0.0,0.0,0.0,979,20,0.0,0.0,0.0,0.0,978.5,0.0
0,735200,VOLCANIC_ROCK_VOUCHER_9500,978.0,14.0,0.0,0.0,0.0,0.0,979,14,0.0,0.0,0.0,0.0,978.5,0.0
0,735300,VOLCANIC_ROCK_VOUCHER_9500,977.0,15.0,0.0,0.0,0.0,0.0,978,15,0.0,0.0,0.0,0.0,977.5,0.0
0,735400,VOLCANIC_ROCK_VOUCHER_9500,978.0,15.0,0.0,0.0,0.0,0.0,979,15,0.0,0.0,0.0,0.0,978.5,0.0
0,735500,VOLCANIC_ROCK_VOUCHER_9500,979.0,18.0,0.0,0.0,0.0,0.0,981,18,0.0,0.0,0.0,0.0,980.0,0.0
0,735600,VOLCANIC_ROCK_VOUCHER_9500,977.0,21.0,0.0,0.0,0.0,0.0,978,21,0.0,0.0,0.0,0.0,977.5,0.0
0,735700,VOLCANIC_ROCK_VOUCHER_9500,975.0,11.0,0.0,0.0,0.0,0.0,976,11,0.0,0.0,0.0,0.0,975.5,0.0
0,735800,VOLCANIC_ROCK_VOUCHER_9500,0.0,0.0,0.0,0.0,0.0,0.0,977,3,978.0,17.0,0.0,0.0,977.0,0.0
0,735900,VOLCANIC_ROCK_VOUCHER_9500,977.0,14.0,0.0,0.0,0.0,0.0,979,14,0.0,0.0,0.0,0.0,978.0,0.0
0,736000,VOLCANIC_ROCK_VOUCHER_9500,977.0,14.0,0.0,0.0,0.0,0.0,978,14,0.0,0.0,0.0,0.0,977.5,0.0
0,736100,VOLCANIC_ROCK_VOUCHER_9500,978.0,20.0,0.0,0.0,0.0,0.0,979,20,0.0,0.0,0.0,0.0,978.5,0.0
0,736200,VOLCANIC_ROCK_VOUCHER_9500,980.0,36.0,0.0,0.0,0.0,0.0,981,18,0.0,0.0,0.0,0.0,980.5,0.0
0,736300,VOLCANIC_ROCK_VOUCHER_9500,981.0,14.0,0.0,0.0,0.0,0.0,982,14,0.0,0.0,0.0,0.0,981.5,0.0
0,736400,VOLCANIC_ROCK_VOUCHER_9500,985.0,17.0,0.0,0.0,0.0,0.0,986,17,0.0,0.0,0.0,0.0,985.5,0.0
0,736500,VOLCANIC_ROCK_VOUCHER_9500,985.0,1.0,0.0,0.0,0.0,0.0,986,16,0.0,0.0,0.0,0.0,985.5,0.0
0,736600,VOLCANIC_ROCK_VOUCHER_9500,983.0,19.0,0.0,0.0,0.0,0.0,984,19,0.0,0.0,0.0,0.0,983.5,0.0
0,736700,VOLCANIC_ROCK_VOUCHER_9500,985.0,18.0,0.0,0.0,0.0,0.0,986,18,0.0,0.0,0.0,0.0,985.5,0.0
0,736800,VOLCANIC_ROCK_VOUCHER_9500,984.0,19.0,0.0,0.0,0.0,0.0,985,19,0.0,0.0,0.0,0.0,984.5,0.0
0,736900,VOLCANIC_ROCK_VOUCHER_9500,0.0,0.0,0.0,0.0,0.0,0.0,983,4,984.0,11.0,0.0,0.0,983.0,0.0
0,737000,VOLCANIC_ROCK_VOUCHER_9500,982.0,18.0,0.0,0.0,0.0,0.0,983,18,0.0,0.0,0.0,0.0,982.5,0.0
0,737100,VOLCANIC_ROCK_VOUCHER_9500,983.0,10.0,0.0,0.0,0.0,0.0,984,13,985.0,11.0,0.0,0.0,983.5,0.0
0,737200,VOLCANIC_ROCK_VOUCHER_9500,982.0,12.0,0.0,0.0,0.0,0.0,984,12,0.0,0.0,0.0,0.0,983.0,0.0
0,737300,VOLCANIC_ROCK_VOUCHER_9500,983.0,19.0,0.0,0.0,0.0,0.0,984,19,0.0,0.0,0.0,0.0,983.5,0.0
0,737400,VOLCANIC_ROCK_VOUCHER_9500,984.0,24.0,0.0,0.0,0.0,0.0,985,11,0.0,0.0,0.0,0.0,984.5,0.0
0,737500,VOLCANIC_ROCK_VOUCHER_9500,983.0,17.0,0.0,0.0,0.0,0.0,984,17,0.0,0.0,0.0,0.0,983.5,0.0
0,737600,VOLCANIC_ROCK_VOUCHER_9500,978.0,15.0,0.0,0.0,0.0,0.0,979,15,0.0,0.0,0.0,0.0,978.5,0.0
0,737700,VOLCANIC_ROCK_VOUCHER_9500,976.0,20.0,0.0,0.0,0.0,0.0,977,20,0.0,0.0,0.0,0.0,976.5,0.0
0,737800,VOLCANIC_ROCK_VOUCHER_9500,977.0,7.0,976.0,13.0,0.0,0.0,978,15,0.0,0.0,0.0,0.0,977.5,0.0
0,737900,VOLCANIC_ROCK_VOUCHER_9500,979.0,21.0,0.0,0.0,0.0,0.0,980,21,0.0,0.0,0.0,0.0,979.5,0.0
0,738000,VOLCANIC_ROCK_VOUCHER_9500,981.0,15.0,0.0,0.0,0.0,0.0,982,15,0.0,0.0,0.0,0.0,981.5,0.0
0,738100,VOLCANIC_ROCK_VOUCHER_9500,979.0,20.0,0.0,0.0,0.0,0.0,981,20,0.0,0.0,0.0,0.0,980.0,0.0
0,738200,VOLCANIC_ROCK_VOUCHER_9500,980.0,26.0,0.0,0.0,0.0,0.0,981,20,0.0,0.0,0.0,0.0,980.5,0.0
0,738300,VOLCANIC_ROCK_VOUCHER_9500,980.0,15.0,0.0,0.0,0.0,0.0,981,15,0.0,0.0,0.0,0.0,980.5,0.0
0,738400,VOLCANIC_ROCK_VOUCHER_9500,983.0,12.0,0.0,0.0,0.0,0.0,984,12,0.0,0.0,0.0,0.0,983.5,0.0
0,738500,VOLCANIC_ROCK_VOUCHER_9500,980.0,17.0,0.0,0.0,0.0,0.0,981,17,0.0,0.0,0.0,0.0,980.5,0.0
0,738600,VOLCANIC_ROCK_VOUCHER_9500,980.0,17.0,0.0,0.0,0.0,0.0,981,17,0.0,0.0,0.0,0.0,980.5,0.0
0,738700,VOLCANIC_ROCK_VOUCHER_9500,979.0,17.0,0.0,0.0,0.0,0.0,980,17,0.0,0.0,0.0,0.0,979.5,0.0
0,738800,VOLCANIC_ROCK_VOUCHER_9500,981.0,12.0,0.0,0.0,0.0,0.0,982,12,0.0,0.0,0.0,0.0,981.5,0.0
0,738900,VOLCANIC_ROCK_VOUCHER_9500,981.0,11.0,0.0,0.0,0.0,0.0,982,11,0.0,0.0,0.0,0.0,981.5,0.0
0,739000,VOLCANIC_ROCK_VOUCHER_9500,981.0,14.0,0.0,0.0,0.0,0.0,982,14,0.0,0.0,0.0,0.0,981.5,0.0
0,739100,VOLCANIC_ROCK_VOUCHER_9500,980.0,19.0,0.0,0.0,0.0,0.0,981,19,0.0,0.0,0.0,0.0,980.5,0.0
0,739200,VOLCANIC_ROCK_VOUCHER_9500,981.0,13.0,0.0,0.0,0.0,0.0,982,13,0.0,0.0,0.0,0.0,981.5,0.0
0,739300,VOLCANIC_ROCK_VOUCHER_9500,980.0,21.0,0.0,0.0,0.0,0.0,981,21,0.0,0.0,0.0,0.0,980.5,0.0
0,739400,VOLCANIC_ROCK_VOUCHER_9500,981.0,16.0,0.0,0.0,0.0,0.0,982,16,0.0,0.0,0.0,0.0,981.5,0.0
0,739500,VOLCANIC_ROCK_VOUCHER_9500,982.0,19.0,0.0,0.0,0.0,0.0,983,19,0.0,0.0,0.0,0.0,982.5,0.0
0,739600,VOLCANIC_ROCK_VOUCHER_9500,981.0,10.0,0.0,0.0,0.0,0.0,982,10,0.0,0.0,0.0,0.0,981.5,0.0
0,739700,VOLCANIC_ROCK_VOUCHER_9500,980.0,20.0,0.0,0.0,0.0,0.0,981,20,0.0,0.0,0.0,0.0,980.5,0.0
0,739800,VOLCANIC_ROCK_VOUCHER_9500,0.0,0.0,0.0,0.0,0.0,0.0,981,4,982.0,11.0,0.0,0.0,981.0,0.0
0,739900,VOLCANIC_ROCK_VOUCHER_9500,980.0,14.0,0.0,0.0,0.0,0.0,981,14,0.0,0.0,0.0,0.0,980.5,0.0
0,740000,VOLCANIC_ROCK_VOUCHER_9500,979.0,19.0,0.0,0.0,0.0,0.0,980,19,0.0,0.0,0.0,0.0,979.5,0.0
0,740100,VOLCANIC_ROCK_VOUCHER_9500,981.0,12.0,0.0,0.0,0.0,0.0,982,12,0.0,0.0,0.0,0.0,981.5,0.0
0,740200,VOLCANIC_ROCK_VOUCHER_9500,980.0,18.0,0.0,0.0,0.0,0.0,982,18,0.0,0.0,0.0,0.0,981.0,0.0
0,740300,VOLCANIC_ROCK_VOUCHER_9500,981.0,33.0,0.0,0.0,0.0,0.0,982,15,0.0,0.0,0.0,0.0,981.5,0.0
0,740400,VOLCANIC_ROCK_VOUCHER_9500,983.0,16.0,0.0,0.0,0.0,0.0,984,16,0.0,0.0,0.0,0.0,983.5,0.0
0,740500,VOLCANIC_ROCK_VOUCHER_9500,984.0,17.0,0.0,0.0,0.0,0.0,985,17,0.0,0.0,0.0,0.0,984.5,0.0
0,740600,VOLCANIC_ROCK_VOUCHER_9500,984.0,15.0,0.0,0.0,0.0,0.0,985,15,0.0,0.0,0.0,0.0,984.5,0.0
0,740700,VOLCANIC_ROCK_VOUCHER_9500,985.0,16.0,0.0,0.0,0.0,0.0,986,16,0.0,0.0,0.0,0.0,985.5,0.0
0,740800,VOLCANIC_ROCK_VOUCHER_9500,985.0,21.0,0.0,0.0,0.0,0.0,986,21,0.0,0.0,0.0,0.0,985.5,0.0
0,740900,VOLCANIC_ROCK_VOUCHER_9500,984.0,18.0,0.0,0.0,0.0,0.0,985,18,0.0,0.0,0.0,0.0,984.5,0.0
0,741000,VOLCANIC_ROCK_VOUCHER_9500,985.0,34.0,0.0,0.0,0.0,0.0,986,15,0.0,0.0,0.0,0.0,985.5,0.0
0,741100,VOLCANIC_ROCK_VOUCHER_9500,984.0,1.0,0.0,0.0,0.0,0.0,985,12,0.0,0.0,0.0,0.0,984.5,0.0
0,741200,VOLCANIC_ROCK_VOUCHER_9500,984.0,14.0,0.0,0.0,0.0,0.0,985,14,0.0,0.0,0.0,0.0,984.5,0.0
0,741300,VOLCANIC_ROCK_VOUCHER_9500,983.0,17.0,0.0,0.0,0.0,0.0,985,17,0.0,0.0,0.0,0.0,984.0,0.0
0,741400,VOLCANIC_ROCK_VOUCHER_9500,983.0,12.0,0.0,0.0,0.0,0.0,985,12,0.0,0.0,0.0,0.0,984.0,0.0
0,741500,VOLCANIC_ROCK_VOUCHER_9500,985.0,21.0,0.0,0.0,0.0,0.0,987,21,0.0,0.0,0.0,0.0,986.0,0.0
0,741600,VOLCANIC_ROCK_VOUCHER_9500,985.0,18.0,0.0,0.0,0.0,0.0,986,18,0.0,0.0,0.0,0.0,985.5,0.0
0,741700,VOLCANIC_ROCK_VOUCHER_9500,987.0,12.0,0.0,0.0,0.0,0.0,988,12,0.0,0.0,0.0,0.0,987.5,0.0
0,741800,VOLCANIC_ROCK_VOUCHER_9500,0.0,0.0,0.0,0.0,0.0,0.0,985,4,986.0,12.0,0.0,0.0,985.0,0.0
0,741900,VOLCANIC_ROCK_VOUCHER_9500,985.0,19.0,0.0,0.0,0.0,0.0,986,19,0.0,0.0,0.0,0.0,985.5,0.0
0,742000,VOLCANIC_ROCK_VOUCHER_9500,985.0,13.0,0.0,0.0,0.0,0.0,986,13,0.0,0.0,0.0,0.0,985.5,0.0
0,742100,VOLCANIC_ROCK_VOUCHER_9500,983.0,11.0,0.0,0.0,0.0,0.0,984,11,0.0,0.0,0.0,0.0,983.5,0.0
0,742200,VOLCANIC_ROCK_VOUCHER_9500,983.0,11.0,0.0,0.0,0.0,0.0,984,15,985.0,11.0,0.0,0.0,983.5,0.0
0,742300,VOLCANIC_ROCK_VOUCHER_9500,985.0,15.0,0.0,0.0,0.0,0.0,986,15,0.0,0.0,0.0,0.0,985.5,0.0
0,742400,VOLCANIC_ROCK_VOUCHER_9500,986.0,13.0,0.0,0.0,0.0,0.0,987,13,0.0,0.0,0.0,0.0,986.5,0.0
0,742500,VOLCANIC_ROCK_VOUCHER_9500,987.0,14.0,0.0,0.0,0.0,0.0,988,14,0.0,0.0,0.0,0.0,987.5,0.0
0,742600,VOLCANIC_ROCK_VOUCHER_9500,986.0,17.0,0.0,0.0,0.0,0.0,987,17,0.0,0.0,0.0,0.0,986.5,0.0
0,742700,VOLCANIC_ROCK_VOUCHER_9500,987.0,20.0,0.0,0.0,0.0,0.0,988,20,0.0,0.0,0.0,0.0,987.5,0.0
0,742800,VOLCANIC_ROCK_VOUCHER_9500,987.0,12.0,0.0,0.0,0.0,0.0,988,12,0.0,0.0,0.0,0.0,987.5,0.0
0,742900,VOLCANIC_ROCK_VOUCHER_9500,989.0,10.0,0.0,0.0,0.0,0.0,990,10,0.0,0.0,0.0,0.0,989.5,0.0
0,743000,VOLCANIC_ROCK_VOUCHER_9500,991.0,10.0,990.0,21.0,0.0,0.0,992,21,0.0,0.0,0.0,0.0,991.5,0.0
0,743100,VOLCANIC_ROCK_VOUCHER_9500,991.0,18.0,0.0,0.0,0.0,0.0,992,18,0.0,0.0,0.0,0.0,991.5,0.0
0,743200,VOLCANIC_ROCK_VOUCHER_9500,995.0,16.0,0.0,0.0,0.0,0.0,996,16,0.0,0.0,0.0,0.0,995.5,0.0
0,743300,VOLCANIC_ROCK_VOUCHER_9500,994.0,20.0,0.0,0.0,0.0,0.0,995,20,0.0,0.0,0.0,0.0,994.5,0.0
0,743400,VOLCANIC_ROCK_VOUCHER_9500,995.0,22.0,0.0,0.0,0.0,0.0,996,22,0.0,0.0,0.0,0.0,995.5,0.0
0,743500,VOLCANIC_ROCK_VOUCHER_9500,994.0,16.0,0.0,0.0,0.0,0.0,996,16,0.0,0.0,0.0,0.0,995.0,0.0
0,743600,VOLCANIC_ROCK_VOUCHER_9500,994.0,11.0,0.0,0.0,0.0,0.0,995,11,0.0,0.0,0.0,0.0,994.5,0.0
0,743700,VOLCANIC_ROCK_VOUCHER_9500,993.0,13.0,0.0,0.0,0.0,0.0,994,13,0.0,0.0,0.0,0.0,993.5,0.0
0,743800,VOLCANIC_ROCK_VOUCHER_9500,994.0,20.0,0.0,0.0,0.0,0.0,995,20,0.0,0.0,0.0,0.0,994.5,0.0
0,743900,VOLCANIC_ROCK_VOUCHER_9500,0.0,0.0,0.0,0.0,0.0,0.0,994,4,995.0,12.0,0.0,0.0,994.0,0.0
0,744000,VOLCANIC_ROCK_VOUCHER_9500,995.0,21.0,0.0,0.0,0.0,0.0,996,21,0.0,0.0,0.0,0.0,995.5,0.0
0,744100,VOLCANIC_ROCK_VOUCHER_9500,997.0,13.0,0.0,0.0,0.0,0.0,998,13,0.0,0.0,0.0,0.0,997.5,0.0
0,744200,VOLCANIC_ROCK_VOUCHER_9500,996.0,18.0,0.0,0.0,0.0,0.0,997,18,0.0,0.0,0.0,0.0,996.5,0.0
0,744300,VOLCANIC_ROCK_VOUCHER_9500,990.0,14.0,0.0,0.0,0.0,0.0,991,14,0.0,0.0,0.0,0.0,990.5,0.0
0,744400,VOLCANIC_ROCK_VOUCHER_9500,992.0,21.0,0.0,0.0,0.0,0.0,994,21,0.0,0.0,0.0,0.0,993.0,0.0
0,744500,VOLCANIC_ROCK_VOUCHER_9500,992.0,19.0,0.0,0.0,0.0,0.0,993,19,0.0,0.0,0.0,0.0,992.5,0.0
0,744600,VOLCANIC_ROCK_VOUCHER_9500,992.0,5.0,0.0,0.0,0.0,0.0,993,18,0.0,0.0,0.0,0.0,992.5,0.0
0,744700,VOLCANIC_ROCK_VOUCHER_9500,992.0,22.0,0.0,0.0,0.0,0.0,993,22,0.0,0.0,0.0,0.0,992.5,0.0
0,744800,VOLCANIC_ROCK_VOUCHER_9500,994.0,10.0,0.0,0.0,0.0,0.0,995,10,0.0,0.0,0.0,0.0,994.5,0.0
0,744900,VOLCANIC_ROCK_VOUCHER_9500,994.0,14.0,0.0,0.0,0.0,0.0,995,14,0.0,0.0,0.0,0.0,994.5,0.0
0,745000,VOLCANIC_ROCK_VOUCHER_9500,993.0,19.0,0.0,0.0,0.0,0.0,994,19,0.0,0.0,0.0,0.0,993.5,0.0
0,745100,VOLCANIC_ROCK_VOUCHER_9500,992.0,20.0,0.0,0.0,0.0,0.0,993,20,0.0,0.0,0.0,0.0,992.5,0.0
0,745200,VOLCANIC_ROCK_VOUCHER_9500,992.0,22.0,0.0,0.0,0.0,0.0,993,22,0.0,0.0,0.0,0.0,992.5,0.0
0,745300,VOLCANIC_ROCK_VOUCHER_9500,992.0,14.0,0.0,0.0,0.0,0.0,993,14,0.0,0.0,0.0,0.0,992.5,0.0
0,745400,VOLCANIC_ROCK_VOUCHER_9500,994.0,18.0,0.0,0.0,0.0,0.0,995,18,0.0,0.0,0.0,0.0,994.5,0.0
0,745500,VOLCANIC_ROCK_VOUCHER_9500,994.0,37.0,0.0,0.0,0.0,0.0,995,17,0.0,0.0,0.0,0.0,994.5,0.0
0,745600,VOLCANIC_ROCK_VOUCHER_9500,994.0,15.0,0.0,0.0,0.0,0.0,995,15,0.0,0.0,0.0,0.0,994.5,0.0
0,745700,VOLCANIC_ROCK_VOUCHER_9500,993.0,12.0,0.0,0.0,0.0,0.0,994,12,0.0,0.0,0.0,0.0,993.5,0.0
0,745800,VOLCANIC_ROCK_VOUCHER_9500,990.0,20.0,0.0,0.0,0.0,0.0,991,20,0.0,0.0,0.0,0.0,990.5,0.0
0,745900,VOLCANIC_ROCK_VOUCHER_9500,989.0,12.0,0.0,0.0,0.0,0.0,991,12,0.0,0.0,0.0,0.0,990.0,0.0
0,746000,VOLCANIC_ROCK_VOUCHER_9500,988.0,10.0,0.0,0.0,0.0,0.0,989,10,0.0,0.0,0.0,0.0,988.5,0.0
0,746100,VOLCANIC_ROCK_VOUCHER_9500,985.0,22.0,0.0,0.0,0.0,0.0,986,22,0.0,0.0,0.0,0.0,985.5,0.0
0,746200,VOLCANIC_ROCK_VOUCHER_9500,985.0,17.0,0.0,0.0,0.0,0.0,986,17,0.0,0.0,0.0,0.0,985.5,0.0
0,746300,VOLCANIC_ROCK_VOUCHER_9500,984.0,16.0,0.0,0.0,0.0,0.0,985,16,0.0,0.0,0.0,0.0,984.5,0.0
0,746400,VOLCANIC_ROCK_VOUCHER_9500,985.0,13.0,0.0,0.0,0.0,0.0,986,13,0.0,0.0,0.0,0.0,985.5,0.0
0,746500,VOLCANIC_ROCK_VOUCHER_9500,986.0,4.0,0.0,0.0,0.0,0.0,987,14,0.0,0.0,0.0,0.0,986.5,0.0
0,746600,VOLCANIC_ROCK_VOUCHER_9500,988.0,14.0,0.0,0.0,0.0,0.0,989,14,0.0,0.0,0.0,0.0,988.5,0.0
0,746700,VOLCANIC_ROCK_VOUCHER_9500,990.0,10.0,0.0,0.0,0.0,0.0,991,10,0.0,0.0,0.0,0.0,990.5,0.0
0,746800,VOLCANIC_ROCK_VOUCHER_9500,993.0,13.0,0.0,0.0,0.0,0.0,995,13,0.0,0.0,0.0,0.0,994.0,0.0
0,746900,VOLCANIC_ROCK_VOUCHER_9500,996.0,14.0,0.0,0.0,0.0,0.0,997,14,0.0,0.0,0.0,0.0,996.5,0.0
0,747000,VOLCANIC_ROCK_VOUCHER_9500,995.0,17.0,0.0,0.0,0.0,0.0,997,17,0.0,0.0,0.0,0.0,996.0,0.0
0,747100,VOLCANIC_ROCK_VOUCHER_9500,995.0,21.0,0.0,0.0,0.0,0.0,997,21,0.0,0.0,0.0,0.0,996.0,0.0
0,747200,VOLCANIC_ROCK_VOUCHER_9500,992.0,16.0,0.0,0.0,0.0,0.0,993,16,0.0,0.0,0.0,0.0,992.5,0.0
0,747300,VOLCANIC_ROCK_VOUCHER_9500,993.0,20.0,0.0,0.0,0.0,0.0,994,20,0.0,0.0,0.0,0.0,993.5,0.0
0,747400,VOLCANIC_ROCK_VOUCHER_9500,993.0,16.0,0.0,0.0,0.0,0.0,994,16,0.0,0.0,0.0,0.0,993.5,0.0
0,747500,VOLCANIC_ROCK_VOUCHER_9500,991.0,16.0,0.0,0.0,0.0,0.0,992,16,0.0,0.0,0.0,0.0,991.5,0.0
0,747600,VOLCANIC_ROCK_VOUCHER_9500,990.0,10.0,0.0,0.0,0.0,0.0,991,10,0.0,0.0,0.0,0.0,990.5,0.0
0,747700,VOLCANIC_ROCK_VOUCHER_9500,992.0,12.0,0.0,0.0,0.0,0.0,993,12,0.0,0.0,0.0,0.0,992.5,0.0
0,747800,VOLCANIC_ROCK_VOUCHER_9500,992.0,17.0,0.0,0.0,0.0,0.0,993,17,0.0,0.0,0.0,0.0,992.5,0.0
0,747900,VOLCANIC_ROCK_VOUCHER_9500,993.0,17.0,0.0,0.0,0.0,0.0,994,17,0.0,0.0,0.0,0.0,993.5,0.0
0,748000,VOLCANIC_ROCK_VOUCHER_9500,993.0,15.0,0.0,0.0,0.0,0.0,994,15,0.0,0.0,0.0,0.0,993.5,0.0
0,748100,VOLCANIC_ROCK_VOUCHER_9500,993.0,22.0,0.0,0.0,0.0,0.0,994,22,0.0,0.0,0.0,0.0,993.5,0.0
0,748200,VOLCANIC_ROCK_VOUCHER_9500,993.0,18.0,0.0,0.0,0.0,0.0,994,18,0.0,0.0,0.0,0.0,993.5,0.0
0,748300,VOLCANIC_ROCK_VOUCHER_9500,987.0,15.0,0.0,0.0,0.0,0.0,988,15,0.0,0.0,0.0,0.0,987.5,0.0
0,748400,VOLCANIC_ROCK_VOUCHER_9500,986.0,12.0,0.0,0.0,0.0,0.0,987,12,0.0,0.0,0.0,0.0,986.5,0.0
0,748500,VOLCANIC_ROCK_VOUCHER_9500,0.0,0.0,0.0,0.0,0.0,0.0,987,6,988.0,11.0,0.0,0.0,987.0,0.0
0,748600,VOLCANIC_ROCK_VOUCHER_9500,986.0,13.0,0.0,0.0,0.0,0.0,988,13,0.0,0.0,0.0,0.0,987.0,0.0
0,748700,VOLCANIC_ROCK_VOUCHER_9500,988.0,1.0,987.0,14.0,0.0,0.0,989,15,0.0,0.0,0.0,0.0,988.5,0.0
0,748800,VOLCANIC_ROCK_VOUCHER_9500,987.0,10.0,0.0,0.0,0.0,0.0,988,10,0.0,0.0,0.0,0.0,987.5,0.0
0,748900,VOLCANIC_ROCK_VOUCHER_9500,990.0,19.0,0.0,0.0,0.0,0.0,991,19,0.0,0.0,0.0,0.0,990.5,0.0
0,749000,VOLCANIC_ROCK_VOUCHER_9500,991.0,16.0,0.0,0.0,0.0,0.0,992,16,0.0,0.0,0.0,0.0,991.5,0.0
0,749100,VOLCANIC_ROCK_VOUCHER_9500,993.0,18.0,0.0,0.0,0.0,0.0,994,18,0.0,0.0,0.0,0.0,993.5,0.0
0,749200,VOLCANIC_ROCK_VOUCHER_9500,986.0,20.0,0.0,0.0,0.0,0.0,987,20,0.0,0.0,0.0,0.0,986.5,0.0
0,749300,VOLCANIC_ROCK_VOUCHER_9500,984.0,18.0,0.0,0.0,0.0,0.0,986,18,0.0,0.0,0.0,0.0,985.0,0.0
0,749400,VOLCANIC_ROCK_VOUCHER_9500,986.0,14.0,0.0,0.0,0.0,0.0,987,14,0.0,0.0,0.0,0.0,986.5,0.0
0,749500,VOLCANIC_ROCK_VOUCHER_9500,988.0,20.0,0.0,0.0,0.0,0.0,989,20,0.0,0.0,0.0,0.0,988.5,0.0
0,749600,VOLCANIC_ROCK_VOUCHER_9500,988.0,14.0,0.0,0.0,0.0,0.0,989,14,0.0,0.0,0.0,0.0,988.5,0.0
0,749700,VOLCANIC_ROCK_VOUCHER_9500,987.0,13.0,0.0,0.0,0.0,0.0,989,13,0.0,0.0,0.0,0.0,988.0,0.0
0,749800,VOLCANIC_ROCK_VOUCHER_9500,988.0,21.0,0.0,0.0,0.0,0.0,989,21,0.0,0.0,0.0,0.0,988.5,0.0
0,749900,VOLCANIC_ROCK_VOUCHER_9500,988.0,13.0,0.0,0.0,0.0,0.0,989,13,0.0,0.0,0.0,0.0,988.5,0.0
0,750000,VOLCANIC_ROCK_VOUCHER_9500,986.0,16.0,0.0,0.0,0.0,0.0,987,16,0.0,0.0,0.0,0.0,986.5,0.0
0,750100,VOLCANIC_ROCK_VOUCHER_9500,986.0,27.0,0.0,0.0,0.0,0.0,987,13,0.0,0.0,0.0,0.0,986.5,0.0
0,750200,VOLCANIC_ROCK_VOUCHER_9500,988.0,21.0,0.0,0.0,0.0,0.0,989,21,0.0,0.0,0.0,0.0,988.5,0.0
0,750300,VOLCANIC_ROCK_VOUCHER_9500,992.0,18.0,0.0,0.0,0.0,0.0,993,18,0.0,0.0,0.0,0.0,992.5,0.0
0,750400,VOLCANIC_ROCK_VOUCHER_9500,995.0,20.0,0.0,0.0,0.0,0.0,996,20,0.0,0.0,0.0,0.0,995.5,0.0
0,750500,VOLCANIC_ROCK_VOUCHER_9500,996.0,14.0,0.0,0.0,0.0,0.0,997,14,0.0,0.0,0.0,0.0,996.5,0.0
0,750600,VOLCANIC_ROCK_VOUCHER_9500,999.0,20.0,0.0,0.0,0.0,0.0,1000,20,0.0,0.0,0.0,0.0,999.5,0.0
0,750700,VOLCANIC_ROCK_VOUCHER_9500,1001.0,13.0,0.0,0.0,0.0,0.0,1002,13,0.0,0.0,0.0,0.0,1001.5,0.0
0,750800,VOLCANIC_ROCK_VOUCHER_9500,998.0,18.0,0.0,0.0,0.0,0.0,999,18,0.0,0.0,0.0,0.0,998.5,0.0
0,750900,VOLCANIC_ROCK_VOUCHER_9500,1002.0,28.0,0.0,0.0,0.0,0.0,1003,11,0.0,0.0,0.0,0.0,1002.5,0.0
0,751000,VOLCANIC_ROCK_VOUCHER_9500,1003.0,21.0,0.0,0.0,0.0,0.0,1004,21,0.0,0.0,0.0,0.0,1003.5,0.0
0,751100,VOLCANIC_ROCK_VOUCHER_9500,998.0,16.0,0.0,0.0,0.0,0.0,999,16,0.0,0.0,0.0,0.0,998.5,0.0
0,751200,VOLCANIC_ROCK_VOUCHER_9500,994.0,13.0,0.0,0.0,0.0,0.0,995,13,0.0,0.0,0.0,0.0,994.5,0.0
0,751300,VOLCANIC_ROCK_VOUCHER_9500,993.0,10.0,0.0,0.0,0.0,0.0,994,10,0.0,0.0,0.0,0.0,993.5,0.0
0,751400,VOLCANIC_ROCK_VOUCHER_9500,995.0,20.0,0.0,0.0,0.0,0.0,996,20,0.0,0.0,0.0,0.0,995.5,0.0
0,751500,VOLCANIC_ROCK_VOUCHER_9500,992.0,17.0,0.0,0.0,0.0,0.0,993,17,0.0,0.0,0.0,0.0,992.5,0.0
0,751600,VOLCANIC_ROCK_VOUCHER_9500,991.0,14.0,0.0,0.0,0.0,0.0,992,14,0.0,0.0,0.0,0.0,991.5,0.0
0,751700,VOLCANIC_ROCK_VOUCHER_9500,989.0,13.0,0.0,0.0,0.0,0.0,990,13,0.0,0.0,0.0,0.0,989.5,0.0
0,751800,VOLCANIC_ROCK_VOUCHER_9500,988.0,13.0,0.0,0.0,0.0,0.0,989,13,0.0,0.0,0.0,0.0,988.5,0.0
0,751900,VOLCANIC_ROCK_VOUCHER_9500,987.0,18.0,0.0,0.0,0.0,0.0,988,18,0.0,0.0,0.0,0.0,987.5,0.0
0,752000,VOLCANIC_ROCK_VOUCHER_9500,988.0,19.0,0.0,0.0,0.0,0.0,989,19,0.0,0.0,0.0,0.0,988.5,0.0
0,752100,VOLCANIC_ROCK_VOUCHER_9500,983.0,10.0,0.0,0.0,0.0,0.0,984,10,0.0,0.0,0.0,0.0,983.5,0.0
0,752200,VOLCANIC_ROCK_VOUCHER_9500,982.0,19.0,0.0,0.0,0.0,0.0,983,19,0.0,0.0,0.0,0.0,982.5,0.0
0,752300,VOLCANIC_ROCK_VOUCHER_9500,984.0,13.0,0.0,0.0,0.0,0.0,985,13,0.0,0.0,0.0,0.0,984.5,0.0
0,752400,VOLCANIC_ROCK_VOUCHER_9500,986.0,19.0,0.0,0.0,0.0,0.0,987,19,0.0,0.0,0.0,0.0,986.5,0.0
0,752500,VOLCANIC_ROCK_VOUCHER_9500,986.0,17.0,0.0,0.0,0.0,0.0,987,17,0.0,0.0,0.0,0.0,986.5,0.0
0,752600,VOLCANIC_ROCK_VOUCHER_9500,987.0,17.0,0.0,0.0,0.0,0.0,989,17,0.0,0.0,0.0,0.0,988.0,0.0
0,752700,VOLCANIC_ROCK_VOUCHER_9500,982.0,14.0,0.0,0.0,0.0,0.0,983,14,0.0,0.0,0.0,0.0,982.5,0.0
0,752800,VOLCANIC_ROCK_VOUCHER_9500,980.0,14.0,0.0,0.0,0.0,0.0,981,14,0.0,0.0,0.0,0.0,980.5,0.0
0,752900,VOLCANIC_ROCK_VOUCHER_9500,982.0,3.0,0.0,0.0,0.0,0.0,983,16,0.0,0.0,0.0,0.0,982.5,0.0
0,753000,VOLCANIC_ROCK_VOUCHER_9500,982.0,5.0,0.0,0.0,0.0,0.0,983,19,0.0,0.0,0.0,0.0,982.5,0.0
0,753100,VOLCANIC_ROCK_VOUCHER_9500,984.0,35.0,0.0,0.0,0.0,0.0,985,17,0.0,0.0,0.0,0.0,984.5,0.0
0,753200,VOLCANIC_ROCK_VOUCHER_9500,983.0,18.0,0.0,0.0,0.0,0.0,985,18,0.0,0.0,0.0,0.0,984.0,0.0
0,753300,VOLCANIC_ROCK_VOUCHER_9500,983.0,10.0,0.0,0.0,0.0,0.0,984,10,0.0,0.0,0.0,0.0,983.5,0.0
0,753400,VOLCANIC_ROCK_VOUCHER_9500,985.0,2.0,984.0,15.0,0.0,0.0,986,17,0.0,0.0,0.0,0.0,985.5,0.0
0,753500,VOLCANIC_ROCK_VOUCHER_9500,985.0,19.0,0.0,0.0,0.0,0.0,986,19,0.0,0.0,0.0,0.0,985.5,0.0
0,753600,VOLCANIC_ROCK_VOUCHER_9500,984.0,11.0,0.0,0.0,0.0,0.0,985,11,0.0,0.0,0.0,0.0,984.5,0.0
0,753700,VOLCANIC_ROCK_VOUCHER_9500,984.0,17.0,0.0,0.0,0.0,0.0,986,17,0.0,0.0,0.0,0.0,985.0,0.0
0,753800,VOLCANIC_ROCK_VOUCHER_9500,987.0,10.0,0.0,0.0,0.0,0.0,988,10,0.0,0.0,0.0,0.0,987.5,0.0
0,753900,VOLCANIC_ROCK_VOUCHER_9500,989.0,19.0,0.0,0.0,0.0,0.0,990,19,0.0,0.0,0.0,0.0,989.5,0.0
0,754000,VOLCANIC_ROCK_VOUCHER_9500,990.0,15.0,0.0,0.0,0.0,0.0,991,15,0.0,0.0,0.0,0.0,990.5,0.0
0,754100,VOLCANIC_ROCK_VOUCHER_9500,991.0,12.0,0.0,0.0,0.0,0.0,992,12,0.0,0.0,0.0,0.0,991.5,0.0
0,754200,VOLCANIC_ROCK_VOUCHER_9500,991.0,14.0,0.0,0.0,0.0,0.0,992,14,0.0,0.0,0.0,0.0,991.5,0.0
0,754300,VOLCANIC_ROCK_VOUCHER_9500,991.0,22.0,0.0,0.0,0.0,0.0,992,22,0.0,0.0,0.0,0.0,991.5,0.0
0,754400,VOLCANIC_ROCK_VOUCHER_9500,993.0,20.0,0.0,0.0,0.0,0.0,994,20,0.0,0.0,0.0,0.0,993.5,0.0
0,754500,VOLCANIC_ROCK_VOUCHER_9500,997.0,18.0,0.0,0.0,0.0,0.0,998,18,0.0,0.0,0.0,0.0,997.5,0.0
0,754600,VOLCANIC_ROCK_VOUCHER_9500,992.0,14.0,0.0,0.0,0.0,0.0,993,14,0.0,0.0,0.0,0.0,992.5,0.0
0,754700,VOLCANIC_ROCK_VOUCHER_9500,0.0,0.0,0.0,0.0,0.0,0.0,992,3,993.0,13.0,0.0,0.0,992.0,0.0
0,754800,VOLCANIC_ROCK_VOUCHER_9500,990.0,10.0,0.0,0.0,0.0,0.0,991,10,0.0,0.0,0.0,0.0,990.5,0.0
0,754900,VOLCANIC_ROCK_VOUCHER_9500,993.0,16.0,0.0,0.0,0.0,0.0,994,16,0.0,0.0,0.0,0.0,993.5,0.0
0,755000,VOLCANIC_ROCK_VOUCHER_9500,993.0,14.0,0.0,0.0,0.0,0.0,994,14,0.0,0.0,0.0,0.0,993.5,0.0
0,755100,VOLCANIC_ROCK_VOUCHER_9500,993.0,12.0,0.0,0.0,0.0,0.0,994,12,0.0,0.0,0.0,0.0,993.5,0.0
0,755200,VOLCANIC_ROCK_VOUCHER_9500,992.0,15.0,0.0,0.0,0.0,0.0,994,15,0.0,0.0,0.0,0.0,993.0,0.0
0,755300,VOLCANIC_ROCK_VOUCHER_9500,993.0,13.0,0.0,0.0,0.0,0.0,995,13,0.0,0.0,0.0,0.0,994.0,0.0
0,755400,VOLCANIC_ROCK_VOUCHER_9500,996.0,16.0,0.0,0.0,0.0,0.0,997,16,0.0,0.0,0.0,0.0,996.5,0.0
0,755500,VOLCANIC_ROCK_VOUCHER_9500,994.0,13.0,0.0,0.0,0.0,0.0,995,13,0.0,0.0,0.0,0.0,994.5,0.0
0,755600,VOLCANIC_ROCK_VOUCHER_9500,993.0,12.0,0.0,0.0,0.0,0.0,994,12,0.0,0.0,0.0,0.0,993.5,0.0
0,755700,VOLCANIC_ROCK_VOUCHER_9500,993.0,17.0,0.0,0.0,0.0,0.0,994,17,0.0,0.0,0.0,0.0,993.5,0.0
0,755800,VOLCANIC_ROCK_VOUCHER_9500,993.0,6.0,0.0,0.0,0.0,0.0,994,16,0.0,0.0,0.0,0.0,993.5,0.0
0,755900,VOLCANIC_ROCK_VOUCHER_9500,993.0,17.0,0.0,0.0,0.0,0.0,994,17,0.0,0.0,0.0,0.0,993.5,0.0
0,756000,VOLCANIC_ROCK_VOUCHER_9500,994.0,16.0,0.0,0.0,0.0,0.0,995,16,0.0,0.0,0.0,0.0,994.5,0.0
0,756100,VOLCANIC_ROCK_VOUCHER_9500,996.0,4.0,0.0,0.0,0.0,0.0,998,16,0.0,0.0,0.0,0.0,997.0,0.0
0,756200,VOLCANIC_ROCK_VOUCHER_9500,994.0,12.0,0.0,0.0,0.0,0.0,995,12,0.0,0.0,0.0,0.0,994.5,0.0
0,756300,VOLCANIC_ROCK_VOUCHER_9500,995.0,12.0,0.0,0.0,0.0,0.0,996,12,0.0,0.0,0.0,0.0,995.5,0.0
0,756400,VOLCANIC_ROCK_VOUCHER_9500,995.0,11.0,0.0,0.0,0.0,0.0,996,11,0.0,0.0,0.0,0.0,995.5,0.0
0,756500,VOLCANIC_ROCK_VOUCHER_9500,994.0,32.0,0.0,0.0,0.0,0.0,995,12,0.0,0.0,0.0,0.0,994.5,0.0
0,756600,VOLCANIC_ROCK_VOUCHER_9500,991.0,18.0,0.0,0.0,0.0,0.0,992,18,0.0,0.0,0.0,0.0,991.5,0.0
0,756700,VOLCANIC_ROCK_VOUCHER_9500,989.0,13.0,0.0,0.0,0.0,0.0,990,10,991.0,13.0,0.0,0.0,989.5,0.0
0,756800,VOLCANIC_ROCK_VOUCHER_9500,990.0,21.0,0.0,0.0,0.0,0.0,991,1,992.0,20.0,0.0,0.0,990.5,0.0
0,756900,VOLCANIC_ROCK_VOUCHER_9500,993.0,13.0,0.0,0.0,0.0,0.0,994,13,0.0,0.0,0.0,0.0,993.5,0.0
0,757000,VOLCANIC_ROCK_VOUCHER_9500,992.0,16.0,0.0,0.0,0.0,0.0,993,16,0.0,0.0,0.0,0.0,992.5,0.0
0,757100,VOLCANIC_ROCK_VOUCHER_9500,992.0,22.0,0.0,0.0,0.0,0.0,993,22,0.0,0.0,0.0,0.0,992.5,0.0
0,757200,VOLCANIC_ROCK_VOUCHER_9500,992.0,16.0,0.0,0.0,0.0,0.0,993,16,0.0,0.0,0.0,0.0,992.5,0.0
0,757300,VOLCANIC_ROCK_VOUCHER_9500,993.0,15.0,0.0,0.0,0.0,0.0,994,15,0.0,0.0,0.0,0.0,993.5,0.0
0,757400,VOLCANIC_ROCK_VOUCHER_9500,994.0,18.0,0.0,0.0,0.0,0.0,995,18,0.0,0.0,0.0,0.0,994.5,0.0
0,757500,VOLCANIC_ROCK_VOUCHER_9500,995.0,24.0,0.0,0.0,0.0,0.0,996,10,0.0,0.0,0.0,0.0,995.5,0.0
0,757600,VOLCANIC_ROCK_VOUCHER_9500,994.0,15.0,0.0,0.0,0.0,0.0,995,15,0.0,0.0,0.0,0.0,994.5,0.0
0,757700,VOLCANIC_ROCK_VOUCHER_9500,992.0,12.0,0.0,0.0,0.0,0.0,993,12,0.0,0.0,0.0,0.0,992.5,0.0
0,757800,VOLCANIC_ROCK_VOUCHER_9500,991.0,13.0,0.0,0.0,0.0,0.0,992,13,0.0,0.0,0.0,0.0,991.5,0.0
0,757900,VOLCANIC_ROCK_VOUCHER_9500,989.0,20.0,0.0,0.0,0.0,0.0,990,20,0.0,0.0,0.0,0.0,989.5,0.0
0,758000,VOLCANIC_ROCK_VOUCHER_9500,988.0,15.0,0.0,0.0,0.0,0.0,989,15,0.0,0.0,0.0,0.0,988.5,0.0
0,758100,VOLCANIC_ROCK_VOUCHER_9500,986.0,21.0,0.0,0.0,0.0,0.0,987,21,0.0,0.0,0.0,0.0,986.5,0.0
0,758200,VOLCANIC_ROCK_VOUCHER_9500,982.0,18.0,0.0,0.0,0.0,0.0,983,18,0.0,0.0,0.0,0.0,982.5,0.0
0,758300,VOLCANIC_ROCK_VOUCHER_9500,978.0,19.0,0.0,0.0,0.0,0.0,980,19,0.0,0.0,0.0,0.0,979.0,0.0
0,758400,VOLCANIC_ROCK_VOUCHER_9500,978.0,17.0,0.0,0.0,0.0,0.0,979,17,0.0,0.0,0.0,0.0,978.5,0.0
0,758500,VOLCANIC_ROCK_VOUCHER_9500,978.0,19.0,0.0,0.0,0.0,0.0,980,19,0.0,0.0,0.0,0.0,979.0,0.0
0,758600,VOLCANIC_ROCK_VOUCHER_9500,978.0,22.0,0.0,0.0,0.0,0.0,979,22,0.0,0.0,0.0,0.0,978.5,0.0
0,758700,VOLCANIC_ROCK_VOUCHER_9500,977.0,16.0,0.0,0.0,0.0,0.0,978,16,0.0,0.0,0.0,0.0,977.5,0.0
0,758800,VOLCANIC_ROCK_VOUCHER_9500,980.0,16.0,0.0,0.0,0.0,0.0,981,16,0.0,0.0,0.0,0.0,980.5,0.0
0,758900,VOLCANIC_ROCK_VOUCHER_9500,982.0,16.0,0.0,0.0,0.0,0.0,983,16,0.0,0.0,0.0,0.0,982.5,0.0
0,759000,VOLCANIC_ROCK_VOUCHER_9500,981.0,18.0,0.0,0.0,0.0,0.0,982,18,0.0,0.0,0.0,0.0,981.5,0.0
0,759100,VOLCANIC_ROCK_VOUCHER_9500,980.0,20.0,0.0,0.0,0.0,0.0,981,20,0.0,0.0,0.0,0.0,980.5,0.0
0,759200,VOLCANIC_ROCK_VOUCHER_9500,982.0,19.0,0.0,0.0,0.0,0.0,983,19,0.0,0.0,0.0,0.0,982.5,0.0
0,759300,VOLCANIC_ROCK_VOUCHER_9500,983.0,21.0,0.0,0.0,0.0,0.0,984,21,0.0,0.0,0.0,0.0,983.5,0.0
0,759400,VOLCANIC_ROCK_VOUCHER_9500,983.0,18.0,0.0,0.0,0.0,0.0,985,18,0.0,0.0,0.0,0.0,984.0,0.0
0,759500,VOLCANIC_ROCK_VOUCHER_9500,983.0,12.0,0.0,0.0,0.0,0.0,984,12,0.0,0.0,0.0,0.0,983.5,0.0
0,759600,VOLCANIC_ROCK_VOUCHER_9500,986.0,7.0,0.0,0.0,0.0,0.0,987,18,0.0,0.0,0.0,0.0,986.5,0.0
0,759700,VOLCANIC_ROCK_VOUCHER_9500,983.0,11.0,0.0,0.0,0.0,0.0,984,11,0.0,0.0,0.0,0.0,983.5,0.0
0,759800,VOLCANIC_ROCK_VOUCHER_9500,984.0,16.0,0.0,0.0,0.0,0.0,985,16,0.0,0.0,0.0,0.0,984.5,0.0
0,759900,VOLCANIC_ROCK_VOUCHER_9500,982.0,17.0,0.0,0.0,0.0,0.0,983,17,0.0,0.0,0.0,0.0,982.5,0.0
0,760000,VOLCANIC_ROCK_VOUCHER_9500,982.0,31.0,0.0,0.0,0.0,0.0,983,19,0.0,0.0,0.0,0.0,982.5,0.0
0,760100,VOLCANIC_ROCK_VOUCHER_9500,981.0,16.0,0.0,0.0,0.0,0.0,982,16,0.0,0.0,0.0,0.0,981.5,0.0
0,760200,VOLCANIC_ROCK_VOUCHER_9500,981.0,18.0,0.0,0.0,0.0,0.0,982,18,0.0,0.0,0.0,0.0,981.5,0.0
0,760300,VOLCANIC_ROCK_VOUCHER_9500,980.0,14.0,0.0,0.0,0.0,0.0,981,14,0.0,0.0,0.0,0.0,980.5,0.0
0,760400,VOLCANIC_ROCK_VOUCHER_9500,980.0,13.0,0.0,0.0,0.0,0.0,981,13,0.0,0.0,0.0,0.0,980.5,0.0
0,760500,VOLCANIC_ROCK_VOUCHER_9500,978.0,17.0,0.0,0.0,0.0,0.0,979,17,0.0,0.0,0.0,0.0,978.5,0.0
0,760600,VOLCANIC_ROCK_VOUCHER_9500,979.0,19.0,0.0,0.0,0.0,0.0,980,19,0.0,0.0,0.0,0.0,979.5,0.0
0,760700,VOLCANIC_ROCK_VOUCHER_9500,976.0,17.0,0.0,0.0,0.0,0.0,977,17,0.0,0.0,0.0,0.0,976.5,0.0
0,760800,VOLCANIC_ROCK_VOUCHER_9500,974.0,18.0,0.0,0.0,0.0,0.0,975,18,0.0,0.0,0.0,0.0,974.5,0.0
0,760900,VOLCANIC_ROCK_VOUCHER_9500,0.0,0.0,0.0,0.0,0.0,0.0,976,1,977.0,13.0,0.0,0.0,976.0,0.0
0,761000,VOLCANIC_ROCK_VOUCHER_9500,976.0,21.0,0.0,0.0,0.0,0.0,977,21,0.0,0.0,0.0,0.0,976.5,0.0
0,761100,VOLCANIC_ROCK_VOUCHER_9500,975.0,16.0,0.0,0.0,0.0,0.0,976,16,0.0,0.0,0.0,0.0,975.5,0.0
0,761200,VOLCANIC_ROCK_VOUCHER_9500,975.0,26.0,0.0,0.0,0.0,0.0,976,15,0.0,0.0,0.0,0.0,975.5,0.0
0,761300,VOLCANIC_ROCK_VOUCHER_9500,974.0,15.0,0.0,0.0,0.0,0.0,975,15,0.0,0.0,0.0,0.0,974.5,0.0
0,761400,VOLCANIC_ROCK_VOUCHER_9500,975.0,16.0,0.0,0.0,0.0,0.0,977,16,0.0,0.0,0.0,0.0,976.0,0.0
0,761500,VOLCANIC_ROCK_VOUCHER_9500,978.0,19.0,0.0,0.0,0.0,0.0,979,19,0.0,0.0,0.0,0.0,978.5,0.0
0,761600,VOLCANIC_ROCK_VOUCHER_9500,982.0,13.0,0.0,0.0,0.0,0.0,983,13,0.0,0.0,0.0,0.0,982.5,0.0
0,761700,VOLCANIC_ROCK_VOUCHER_9500,981.0,28.0,0.0,0.0,0.0,0.0,982,15,0.0,0.0,0.0,0.0,981.5,0.0
0,761800,VOLCANIC_ROCK_VOUCHER_9500,983.0,15.0,0.0,0.0,0.0,0.0,985,15,0.0,0.0,0.0,0.0,984.0,0.0
0,761900,VOLCANIC_ROCK_VOUCHER_9500,982.0,17.0,0.0,0.0,0.0,0.0,983,17,0.0,0.0,0.0,0.0,982.5,0.0
0,762000,VOLCANIC_ROCK_VOUCHER_9500,984.0,11.0,0.0,0.0,0.0,0.0,986,11,0.0,0.0,0.0,0.0,985.0,0.0
0,762100,VOLCANIC_ROCK_VOUCHER_9500,981.0,10.0,0.0,0.0,0.0,0.0,982,10,0.0,0.0,0.0,0.0,981.5,0.0
0,762200,VOLCANIC_ROCK_VOUCHER_9500,982.0,19.0,0.0,0.0,0.0,0.0,984,19,0.0,0.0,0.0,0.0,983.0,0.0
0,762300,VOLCANIC_ROCK_VOUCHER_9500,983.0,21.0,0.0,0.0,0.0,0.0,984,10,0.0,0.0,0.0,0.0,983.5,0.0
0,762400,VOLCANIC_ROCK_VOUCHER_9500,981.0,13.0,0.0,0.0,0.0,0.0,982,13,0.0,0.0,0.0,0.0,981.5,0.0
0,762500,VOLCANIC_ROCK_VOUCHER_9500,980.0,15.0,0.0,0.0,0.0,0.0,981,15,0.0,0.0,0.0,0.0,980.5,0.0
0,762600,VOLCANIC_ROCK_VOUCHER_9500,983.0,19.0,0.0,0.0,0.0,0.0,984,19,0.0,0.0,0.0,0.0,983.5,0.0
0,762700,VOLCANIC_ROCK_VOUCHER_9500,981.0,5.0,0.0,0.0,0.0,0.0,983,19,0.0,0.0,0.0,0.0,982.0,0.0
0,762800,VOLCANIC_ROCK_VOUCHER_9500,985.0,14.0,0.0,0.0,0.0,0.0,986,14,0.0,0.0,0.0,0.0,985.5,0.0
0,762900,VOLCANIC_ROCK_VOUCHER_9500,985.0,9.0,0.0,0.0,0.0,0.0,986,20,0.0,0.0,0.0,0.0,985.5,0.0
0,763000,VOLCANIC_ROCK_VOUCHER_9500,984.0,14.0,0.0,0.0,0.0,0.0,985,14,0.0,0.0,0.0,0.0,984.5,0.0
0,763100,VOLCANIC_ROCK_VOUCHER_9500,981.0,21.0,0.0,0.0,0.0,0.0,982,21,0.0,0.0,0.0,0.0,981.5,0.0
0,763200,VOLCANIC_ROCK_VOUCHER_9500,981.0,14.0,0.0,0.0,0.0,0.0,982,14,0.0,0.0,0.0,0.0,981.5,0.0
0,763300,VOLCANIC_ROCK_VOUCHER_9500,980.0,13.0,0.0,0.0,0.0,0.0,981,13,0.0,0.0,0.0,0.0,980.5,0.0
0,763400,VOLCANIC_ROCK_VOUCHER_9500,976.0,12.0,0.0,0.0,0.0,0.0,978,12,0.0,0.0,0.0,0.0,977.0,0.0
0,763500,VOLCANIC_ROCK_VOUCHER_9500,977.0,18.0,0.0,0.0,0.0,0.0,978,18,0.0,0.0,0.0,0.0,977.5,0.0
0,763600,VOLCANIC_ROCK_VOUCHER_9500,976.0,22.0,0.0,0.0,0.0,0.0,977,22,0.0,0.0,0.0,0.0,976.5,0.0
0,763700,VOLCANIC_ROCK_VOUCHER_9500,977.0,12.0,0.0,0.0,0.0,0.0,978,12,0.0,0.0,0.0,0.0,977.5,0.0
0,763800,VOLCANIC_ROCK_VOUCHER_9500,979.0,4.0,0.0,0.0,0.0,0.0,980,20,0.0,0.0,0.0,0.0,979.5,0.0
0,763900,VOLCANIC_ROCK_VOUCHER_9500,978.0,12.0,0.0,0.0,0.0,0.0,979,12,0.0,0.0,0.0,0.0,978.5,0.0
0,764000,VOLCANIC_ROCK_VOUCHER_9500,976.0,12.0,0.0,0.0,0.0,0.0,977,12,0.0,0.0,0.0,0.0,976.5,0.0
0,764100,VOLCANIC_ROCK_VOUCHER_9500,975.0,12.0,0.0,0.0,0.0,0.0,976,12,0.0,0.0,0.0,0.0,975.5,0.0
0,764200,VOLCANIC_ROCK_VOUCHER_9500,970.0,18.0,0.0,0.0,0.0,0.0,972,18,0.0,0.0,0.0,0.0,971.0,0.0
0,764300,VOLCANIC_ROCK_VOUCHER_9500,971.0,10.0,970.0,16.0,0.0,0.0,972,16,0.0,0.0,0.0,0.0,971.5,0.0
0,764400,VOLCANIC_ROCK_VOUCHER_9500,971.0,13.0,0.0,0.0,0.0,0.0,972,13,0.0,0.0,0.0,0.0,971.5,0.0
0,764500,VOLCANIC_ROCK_VOUCHER_9500,970.0,34.0,0.0,0.0,0.0,0.0,971,21,0.0,0.0,0.0,0.0,970.5,0.0
0,764600,VOLCANIC_ROCK_VOUCHER_9500,972.0,14.0,0.0,0.0,0.0,0.0,974,14,0.0,0.0,0.0,0.0,973.0,0.0
0,764700,VOLCANIC_ROCK_VOUCHER_9500,973.0,21.0,0.0,0.0,0.0,0.0,974,21,0.0,0.0,0.0,0.0,973.5,0.0
0,764800,VOLCANIC_ROCK_VOUCHER_9500,973.0,13.0,0.0,0.0,0.0,0.0,974,13,0.0,0.0,0.0,0.0,973.5,0.0
0,764900,VOLCANIC_ROCK_VOUCHER_9500,970.0,18.0,0.0,0.0,0.0,0.0,971,18,0.0,0.0,0.0,0.0,970.5,0.0
0,765000,VOLCANIC_ROCK_VOUCHER_9500,970.0,17.0,0.0,0.0,0.0,0.0,971,17,0.0,0.0,0.0,0.0,970.5,0.0
0,765100,VOLCANIC_ROCK_VOUCHER_9500,970.0,20.0,0.0,0.0,0.0,0.0,971,20,0.0,0.0,0.0,0.0,970.5,0.0
0,765200,VOLCANIC_ROCK_VOUCHER_9500,970.0,6.0,0.0,0.0,0.0,0.0,972,18,0.0,0.0,0.0,0.0,971.0,0.0
0,765300,VOLCANIC_ROCK_VOUCHER_9500,970.0,11.0,0.0,0.0,0.0,0.0,971,11,0.0,0.0,0.0,0.0,970.5,0.0
0,765400,VOLCANIC_ROCK_VOUCHER_9500,968.0,16.0,0.0,0.0,0.0,0.0,969,16,0.0,0.0,0.0,0.0,968.5,0.0
0,765500,VOLCANIC_ROCK_VOUCHER_9500,969.0,13.0,0.0,0.0,0.0,0.0,970,13,0.0,0.0,0.0,0.0,969.5,0.0
0,765600,VOLCANIC_ROCK_VOUCHER_9500,964.0,17.0,0.0,0.0,0.0,0.0,965,17,0.0,0.0,0.0,0.0,964.5,0.0
0,765700,VOLCANIC_ROCK_VOUCHER_9500,964.0,18.0,0.0,0.0,0.0,0.0,965,18,0.0,0.0,0.0,0.0,964.5,0.0
0,765800,VOLCANIC_ROCK_VOUCHER_9500,965.0,27.0,0.0,0.0,0.0,0.0,966,20,0.0,0.0,0.0,0.0,965.5,0.0
0,765900,VOLCANIC_ROCK_VOUCHER_9500,964.0,16.0,0.0,0.0,0.0,0.0,966,16,0.0,0.0,0.0,0.0,965.0,0.0
0,766000,VOLCANIC_ROCK_VOUCHER_9500,963.0,20.0,0.0,0.0,0.0,0.0,964,20,0.0,0.0,0.0,0.0,963.5,0.0
0,766100,VOLCANIC_ROCK_VOUCHER_9500,964.0,15.0,0.0,0.0,0.0,0.0,965,15,0.0,0.0,0.0,0.0,964.5,0.0
0,766200,VOLCANIC_ROCK_VOUCHER_9500,966.0,15.0,0.0,0.0,0.0,0.0,967,15,0.0,0.0,0.0,0.0,966.5,0.0
0,766300,VOLCANIC_ROCK_VOUCHER_9500,965.0,15.0,0.0,0.0,0.0,0.0,967,15,0.0,0.0,0.0,0.0,966.0,0.0
0,766400,VOLCANIC_ROCK_VOUCHER_9500,966.0,11.0,0.0,0.0,0.0,0.0,967,11,0.0,0.0,0.0,0.0,966.5,0.0
0,766500,VOLCANIC_ROCK_VOUCHER_9500,969.0,17.0,0.0,0.0,0.0,0.0,971,17,0.0,0.0,0.0,0.0,970.0,0.0
0,766600,VOLCANIC_ROCK_VOUCHER_9500,0.0,0.0,0.0,0.0,0.0,0.0,972,7,973.0,2.0,974.0,11.0,972.0,0.0
0,766700,VOLCANIC_ROCK_VOUCHER_9500,972.0,10.0,0.0,0.0,0.0,0.0,974,10,0.0,0.0,0.0,0.0,973.0,0.0
0,766800,VOLCANIC_ROCK_VOUCHER_9500,971.0,13.0,0.0,0.0,0.0,0.0,973,13,0.0,0.0,0.0,0.0,972.0,0.0
0,766900,VOLCANIC_ROCK_VOUCHER_9500,971.0,19.0,0.0,0.0,0.0,0.0,973,19,0.0,0.0,0.0,0.0,972.0,0.0
0,767000,VOLCANIC_ROCK_VOUCHER_9500,974.0,13.0,0.0,0.0,0.0,0.0,975,13,0.0,0.0,0.0,0.0,974.5,0.0
0,767100,VOLCANIC_ROCK_VOUCHER_9500,971.0,7.0,0.0,0.0,0.0,0.0,973,17,0.0,0.0,0.0,0.0,972.0,0.0
0,767200,VOLCANIC_ROCK_VOUCHER_9500,972.0,1.0,0.0,0.0,0.0,0.0,973,15,0.0,0.0,0.0,0.0,972.5,0.0
0,767300,VOLCANIC_ROCK_VOUCHER_9500,973.0,20.0,0.0,0.0,0.0,0.0,974,20,0.0,0.0,0.0,0.0,973.5,0.0
0,767400,VOLCANIC_ROCK_VOUCHER_9500,971.0,20.0,0.0,0.0,0.0,0.0,973,20,0.0,0.0,0.0,0.0,972.0,0.0
0,767500,VOLCANIC_ROCK_VOUCHER_9500,969.0,19.0,0.0,0.0,0.0,0.0,971,19,0.0,0.0,0.0,0.0,970.0,0.0
0,767600,VOLCANIC_ROCK_VOUCHER_9500,972.0,21.0,0.0,0.0,0.0,0.0,973,21,0.0,0.0,0.0,0.0,972.5,0.0
0,767700,VOLCANIC_ROCK_VOUCHER_9500,0.0,0.0,0.0,0.0,0.0,0.0,973,2,974.0,10.0,0.0,0.0,973.0,0.0
0,767800,VOLCANIC_ROCK_VOUCHER_9500,973.0,20.0,0.0,0.0,0.0,0.0,974,20,0.0,0.0,0.0,0.0,973.5,0.0
0,767900,VOLCANIC_ROCK_VOUCHER_9500,971.0,14.0,0.0,0.0,0.0,0.0,973,14,0.0,0.0,0.0,0.0,972.0,0.0
0,768000,VOLCANIC_ROCK_VOUCHER_9500,971.0,22.0,0.0,0.0,0.0,0.0,972,22,0.0,0.0,0.0,0.0,971.5,0.0
0,768100,VOLCANIC_ROCK_VOUCHER_9500,970.0,17.0,0.0,0.0,0.0,0.0,971,17,0.0,0.0,0.0,0.0,970.5,0.0
0,768200,VOLCANIC_ROCK_VOUCHER_9500,970.0,18.0,0.0,0.0,0.0,0.0,971,18,0.0,0.0,0.0,0.0,970.5,0.0
0,768300,VOLCANIC_ROCK_VOUCHER_9500,973.0,16.0,0.0,0.0,0.0,0.0,974,16,0.0,0.0,0.0,0.0,973.5,0.0
0,768400,VOLCANIC_ROCK_VOUCHER_9500,970.0,21.0,0.0,0.0,0.0,0.0,971,21,0.0,0.0,0.0,0.0,970.5,0.0
0,768500,VOLCANIC_ROCK_VOUCHER_9500,971.0,12.0,0.0,0.0,0.0,0.0,972,12,0.0,0.0,0.0,0.0,971.5,0.0
0,768600,VOLCANIC_ROCK_VOUCHER_9500,976.0,20.0,0.0,0.0,0.0,0.0,977,20,0.0,0.0,0.0,0.0,976.5,0.0
0,768700,VOLCANIC_ROCK_VOUCHER_9500,979.0,19.0,0.0,0.0,0.0,0.0,980,19,0.0,0.0,0.0,0.0,979.5,0.0
0,768800,VOLCANIC_ROCK_VOUCHER_9500,977.0,20.0,0.0,0.0,0.0,0.0,978,20,0.0,0.0,0.0,0.0,977.5,0.0
0,768900,VOLCANIC_ROCK_VOUCHER_9500,976.0,17.0,0.0,0.0,0.0,0.0,977,17,0.0,0.0,0.0,0.0,976.5,0.0
0,769000,VOLCANIC_ROCK_VOUCHER_9500,975.0,17.0,0.0,0.0,0.0,0.0,976,17,0.0,0.0,0.0,0.0,975.5,0.0
0,769100,VOLCANIC_ROCK_VOUCHER_9500,973.0,7.0,0.0,0.0,0.0,0.0,974,20,0.0,0.0,0.0,0.0,973.5,0.0
0,769200,VOLCANIC_ROCK_VOUCHER_9500,974.0,17.0,0.0,0.0,0.0,0.0,975,17,0.0,0.0,0.0,0.0,974.5,0.0
0,769300,VOLCANIC_ROCK_VOUCHER_9500,974.0,21.0,0.0,0.0,0.0,0.0,975,21,0.0,0.0,0.0,0.0,974.5,0.0
0,769400,VOLCANIC_ROCK_VOUCHER_9500,974.0,16.0,0.0,0.0,0.0,0.0,975,16,0.0,0.0,0.0,0.0,974.5,0.0
0,769500,VOLCANIC_ROCK_VOUCHER_9500,975.0,21.0,0.0,0.0,0.0,0.0,976,21,0.0,0.0,0.0,0.0,975.5,0.0
0,769600,VOLCANIC_ROCK_VOUCHER_9500,976.0,7.0,0.0,0.0,0.0,0.0,977,18,0.0,0.0,0.0,0.0,976.5,0.0
0,769700,VOLCANIC_ROCK_VOUCHER_9500,974.0,2.0,0.0,0.0,0.0,0.0,975,13,0.0,0.0,0.0,0.0,974.5,0.0
0,769800,VOLCANIC_ROCK_VOUCHER_9500,976.0,1.0,975.0,19.0,0.0,0.0,977,20,0.0,0.0,0.0,0.0,976.5,0.0
0,769900,VOLCANIC_ROCK_VOUCHER_9500,976.0,20.0,0.0,0.0,0.0,0.0,977,20,0.0,0.0,0.0,0.0,976.5,0.0
0,770000,VOLCANIC_ROCK_VOUCHER_9500,978.0,12.0,0.0,0.0,0.0,0.0,979,12,0.0,0.0,0.0,0.0,978.5,0.0
0,770100,VOLCANIC_ROCK_VOUCHER_9500,979.0,12.0,0.0,0.0,0.0,0.0,980,12,0.0,0.0,0.0,0.0,979.5,0.0
0,770200,VOLCANIC_ROCK_VOUCHER_9500,979.0,18.0,0.0,0.0,0.0,0.0,980,18,0.0,0.0,0.0,0.0,979.5,0.0
0,770300,VOLCANIC_ROCK_VOUCHER_9500,977.0,16.0,0.0,0.0,0.0,0.0,979,16,0.0,0.0,0.0,0.0,978.0,0.0
0,770400,VOLCANIC_ROCK_VOUCHER_9500,977.0,5.0,0.0,0.0,0.0,0.0,978,20,0.0,0.0,0.0,0.0,977.5,0.0
0,770500,VOLCANIC_ROCK_VOUCHER_9500,976.0,13.0,0.0,0.0,0.0,0.0,977,13,0.0,0.0,0.0,0.0,976.5,0.0
0,770600,VOLCANIC_ROCK_VOUCHER_9500,977.0,17.0,0.0,0.0,0.0,0.0,978,17,0.0,0.0,0.0,0.0,977.5,0.0
0,770700,VOLCANIC_ROCK_VOUCHER_9500,977.0,12.0,0.0,0.0,0.0,0.0,979,12,0.0,0.0,0.0,0.0,978.0,0.0
0,770800,VOLCANIC_ROCK_VOUCHER_9500,983.0,1.0,0.0,0.0,0.0,0.0,984,18,0.0,0.0,0.0,0.0,983.5,0.0
0,770900,VOLCANIC_ROCK_VOUCHER_9500,982.0,15.0,0.0,0.0,0.0,0.0,983,15,0.0,0.0,0.0,0.0,982.5,0.0
0,771000,VOLCANIC_ROCK_VOUCHER_9500,982.0,18.0,0.0,0.0,0.0,0.0,983,18,0.0,0.0,0.0,0.0,982.5,0.0
0,771100,VOLCANIC_ROCK_VOUCHER_9500,983.0,12.0,0.0,0.0,0.0,0.0,984,12,0.0,0.0,0.0,0.0,983.5,0.0
0,771200,VOLCANIC_ROCK_VOUCHER_9500,984.0,20.0,0.0,0.0,0.0,0.0,985,20,0.0,0.0,0.0,0.0,984.5,0.0
0,771300,VOLCANIC_ROCK_VOUCHER_9500,983.0,19.0,0.0,0.0,0.0,0.0,984,19,0.0,0.0,0.0,0.0,983.5,0.0
0,771400,VOLCANIC_ROCK_VOUCHER_9500,981.0,13.0,0.0,0.0,0.0,0.0,983,13,0.0,0.0,0.0,0.0,982.0,0.0
0,771500,VOLCANIC_ROCK_VOUCHER_9500,981.0,16.0,0.0,0.0,0.0,0.0,982,16,0.0,0.0,0.0,0.0,981.5,0.0
0,771600,VOLCANIC_ROCK_VOUCHER_9500,981.0,16.0,0.0,0.0,0.0,0.0,982,16,0.0,0.0,0.0,0.0,981.5,0.0
0,771700,VOLCANIC_ROCK_VOUCHER_9500,981.0,15.0,0.0,0.0,0.0,0.0,982,15,0.0,0.0,0.0,0.0,981.5,0.0
0,771800,VOLCANIC_ROCK_VOUCHER_9500,982.0,15.0,0.0,0.0,0.0,0.0,984,15,0.0,0.0,0.0,0.0,983.0,0.0
0,771900,VOLCANIC_ROCK_VOUCHER_9500,984.0,29.0,0.0,0.0,0.0,0.0,985,13,0.0,0.0,0.0,0.0,984.5,0.0
0,772000,VOLCANIC_ROCK_VOUCHER_9500,984.0,29.0,0.0,0.0,0.0,0.0,985,15,0.0,0.0,0.0,0.0,984.5,0.0
0,772100,VOLCANIC_ROCK_VOUCHER_9500,984.0,14.0,0.0,0.0,0.0,0.0,985,14,0.0,0.0,0.0,0.0,984.5,0.0
0,772200,VOLCANIC_ROCK_VOUCHER_9500,986.0,19.0,0.0,0.0,0.0,0.0,987,19,0.0,0.0,0.0,0.0,986.5,0.0
0,772300,VOLCANIC_ROCK_VOUCHER_9500,985.0,19.0,0.0,0.0,0.0,0.0,986,19,0.0,0.0,0.0,0.0,985.5,0.0
0,772400,VOLCANIC_ROCK_VOUCHER_9500,984.0,15.0,0.0,0.0,0.0,0.0,985,15,0.0,0.0,0.0,0.0,984.5,0.0
0,772500,VOLCANIC_ROCK_VOUCHER_9500,984.0,20.0,0.0,0.0,0.0,0.0,985,20,0.0,0.0,0.0,0.0,984.5,0.0
0,772600,VOLCANIC_ROCK_VOUCHER_9500,983.0,10.0,0.0,0.0,0.0,0.0,984,10,0.0,0.0,0.0,0.0,983.5,0.0
0,772700,VOLCANIC_ROCK_VOUCHER_9500,0.0,0.0,0.0,0.0,0.0,0.0,984,1,985.0,14.0,0.0,0.0,984.0,0.0
0,772800,VOLCANIC_ROCK_VOUCHER_9500,985.0,17.0,0.0,0.0,0.0,0.0,987,17,0.0,0.0,0.0,0.0,986.0,0.0
0,772900,VOLCANIC_ROCK_VOUCHER_9500,982.0,19.0,0.0,0.0,0.0,0.0,983,19,0.0,0.0,0.0,0.0,982.5,0.0
0,773000,VOLCANIC_ROCK_VOUCHER_9500,982.0,27.0,0.0,0.0,0.0,0.0,983,10,0.0,0.0,0.0,0.0,982.5,0.0
0,773100,VOLCANIC_ROCK_VOUCHER_9500,982.0,17.0,0.0,0.0,0.0,0.0,983,17,0.0,0.0,0.0,0.0,982.5,0.0
0,773200,VOLCANIC_ROCK_VOUCHER_9500,983.0,14.0,0.0,0.0,0.0,0.0,984,14,0.0,0.0,0.0,0.0,983.5,0.0
0,773300,VOLCANIC_ROCK_VOUCHER_9500,982.0,19.0,0.0,0.0,0.0,0.0,984,19,0.0,0.0,0.0,0.0,983.0,0.0
0,773400,VOLCANIC_ROCK_VOUCHER_9500,982.0,17.0,0.0,0.0,0.0,0.0,983,17,0.0,0.0,0.0,0.0,982.5,0.0
0,773500,VOLCANIC_ROCK_VOUCHER_9500,982.0,21.0,0.0,0.0,0.0,0.0,983,21,0.0,0.0,0.0,0.0,982.5,0.0
0,773600,VOLCANIC_ROCK_VOUCHER_9500,981.0,19.0,0.0,0.0,0.0,0.0,983,19,0.0,0.0,0.0,0.0,982.0,0.0
0,773700,VOLCANIC_ROCK_VOUCHER_9500,982.0,11.0,0.0,0.0,0.0,0.0,984,11,0.0,0.0,0.0,0.0,983.0,0.0
0,773800,VOLCANIC_ROCK_VOUCHER_9500,985.0,20.0,0.0,0.0,0.0,0.0,986,20,0.0,0.0,0.0,0.0,985.5,0.0
0,773900,VOLCANIC_ROCK_VOUCHER_9500,990.0,33.0,0.0,0.0,0.0,0.0,991,14,0.0,0.0,0.0,0.0,990.5,0.0
0,774000,VOLCANIC_ROCK_VOUCHER_9500,989.0,15.0,0.0,0.0,0.0,0.0,990,15,0.0,0.0,0.0,0.0,989.5,0.0
0,774100,VOLCANIC_ROCK_VOUCHER_9500,990.0,34.0,0.0,0.0,0.0,0.0,991,19,0.0,0.0,0.0,0.0,990.5,0.0
0,774200,VOLCANIC_ROCK_VOUCHER_9500,992.0,19.0,0.0,0.0,0.0,0.0,993,19,0.0,0.0,0.0,0.0,992.5,0.0
0,774300,VOLCANIC_ROCK_VOUCHER_9500,993.0,17.0,0.0,0.0,0.0,0.0,994,17,0.0,0.0,0.0,0.0,993.5,0.0
0,774400,VOLCANIC_ROCK_VOUCHER_9500,993.0,14.0,0.0,0.0,0.0,0.0,994,14,0.0,0.0,0.0,0.0,993.5,0.0
0,774500,VOLCANIC_ROCK_VOUCHER_9500,992.0,11.0,0.0,0.0,0.0,0.0,993,11,0.0,0.0,0.0,0.0,992.5,0.0
0,774600,VOLCANIC_ROCK_VOUCHER_9500,995.0,18.0,0.0,0.0,0.0,0.0,996,18,0.0,0.0,0.0,0.0,995.5,0.0
0,774700,VOLCANIC_ROCK_VOUCHER_9500,993.0,20.0,0.0,0.0,0.0,0.0,995,20,0.0,0.0,0.0,0.0,994.0,0.0
0,774800,VOLCANIC_ROCK_VOUCHER_9500,993.0,15.0,0.0,0.0,0.0,0.0,994,15,0.0,0.0,0.0,0.0,993.5,0.0
0,774900,VOLCANIC_ROCK_VOUCHER_9500,994.0,13.0,0.0,0.0,0.0,0.0,995,13,0.0,0.0,0.0,0.0,994.5,0.0
0,775000,VOLCANIC_ROCK_VOUCHER_9500,995.0,20.0,0.0,0.0,0.0,0.0,996,20,0.0,0.0,0.0,0.0,995.5,0.0
0,775100,VOLCANIC_ROCK_VOUCHER_9500,995.0,12.0,0.0,0.0,0.0,0.0,996,12,0.0,0.0,0.0,0.0,995.5,0.0
0,775200,VOLCANIC_ROCK_VOUCHER_9500,996.0,20.0,0.0,0.0,0.0,0.0,997,20,0.0,0.0,0.0,0.0,996.5,0.0
0,775300,VOLCANIC_ROCK_VOUCHER_9500,993.0,13.0,0.0,0.0,0.0,0.0,994,13,0.0,0.0,0.0,0.0,993.5,0.0
0,775400,VOLCANIC_ROCK_VOUCHER_9500,992.0,12.0,0.0,0.0,0.0,0.0,994,12,0.0,0.0,0.0,0.0,993.0,0.0
0,775500,VOLCANIC_ROCK_VOUCHER_9500,994.0,11.0,0.0,0.0,0.0,0.0,995,11,0.0,0.0,0.0,0.0,994.5,0.0
0,775600,VOLCANIC_ROCK_VOUCHER_9500,995.0,14.0,0.0,0.0,0.0,0.0,996,14,0.0,0.0,0.0,0.0,995.5,0.0
0,775700,VOLCANIC_ROCK_VOUCHER_9500,993.0,19.0,0.0,0.0,0.0,0.0,994,19,0.0,0.0,0.0,0.0,993.5,0.0
0,775800,VOLCANIC_ROCK_VOUCHER_9500,993.0,21.0,0.0,0.0,0.0,0.0,994,21,0.0,0.0,0.0,0.0,993.5,0.0
0,775900,VOLCANIC_ROCK_VOUCHER_9500,992.0,19.0,0.0,0.0,0.0,0.0,993,19,0.0,0.0,0.0,0.0,992.5,0.0
0,776000,VOLCANIC_ROCK_VOUCHER_9500,993.0,14.0,992.0,12.0,0.0,0.0,994,12,0.0,0.0,0.0,0.0,993.5,0.0
0,776100,VOLCANIC_ROCK_VOUCHER_9500,995.0,14.0,0.0,0.0,0.0,0.0,996,14,0.0,0.0,0.0,0.0,995.5,0.0
0,776200,VOLCANIC_ROCK_VOUCHER_9500,995.0,13.0,0.0,0.0,0.0,0.0,996,13,0.0,0.0,0.0,0.0,995.5,0.0
0,776300,VOLCANIC_ROCK_VOUCHER_9500,997.0,12.0,0.0,0.0,0.0,0.0,998,12,0.0,0.0,0.0,0.0,997.5,0.0
0,776400,VOLCANIC_ROCK_VOUCHER_9500,996.0,19.0,0.0,0.0,0.0,0.0,997,19,0.0,0.0,0.0,0.0,996.5,0.0
0,776500,VOLCANIC_ROCK_VOUCHER_9500,996.0,20.0,0.0,0.0,0.0,0.0,997,20,0.0,0.0,0.0,0.0,996.5,0.0
0,776600,VOLCANIC_ROCK_VOUCHER_9500,991.0,12.0,0.0,0.0,0.0,0.0,992,12,0.0,0.0,0.0,0.0,991.5,0.0
0,776700,VOLCANIC_ROCK_VOUCHER_9500,992.0,15.0,0.0,0.0,0.0,0.0,993,15,0.0,0.0,0.0,0.0,992.5,0.0
0,776800,VOLCANIC_ROCK_VOUCHER_9500,994.0,10.0,0.0,0.0,0.0,0.0,995,10,0.0,0.0,0.0,0.0,994.5,0.0
0,776900,VOLCANIC_ROCK_VOUCHER_9500,995.0,42.0,0.0,0.0,0.0,0.0,996,22,0.0,0.0,0.0,0.0,995.5,0.0
0,777000,VOLCANIC_ROCK_VOUCHER_9500,995.0,19.0,0.0,0.0,0.0,0.0,997,19,0.0,0.0,0.0,0.0,996.0,0.0
0,777100,VOLCANIC_ROCK_VOUCHER_9500,993.0,19.0,0.0,0.0,0.0,0.0,994,19,0.0,0.0,0.0,0.0,993.5,0.0
0,777200,VOLCANIC_ROCK_VOUCHER_9500,992.0,19.0,0.0,0.0,0.0,0.0,993,19,0.0,0.0,0.0,0.0,992.5,0.0
0,777300,VOLCANIC_ROCK_VOUCHER_9500,989.0,12.0,0.0,0.0,0.0,0.0,991,12,0.0,0.0,0.0,0.0,990.0,0.0
0,777400,VOLCANIC_ROCK_VOUCHER_9500,987.0,15.0,0.0,0.0,0.0,0.0,988,15,0.0,0.0,0.0,0.0,987.5,0.0
0,777500,VOLCANIC_ROCK_VOUCHER_9500,989.0,14.0,0.0,0.0,0.0,0.0,990,14,0.0,0.0,0.0,0.0,989.5,0.0
0,777600,VOLCANIC_ROCK_VOUCHER_9500,984.0,5.0,0.0,0.0,0.0,0.0,985,16,0.0,0.0,0.0,0.0,984.5,0.0
0,777700,VOLCANIC_ROCK_VOUCHER_9500,984.0,2.0,0.0,0.0,0.0,0.0,985,12,0.0,0.0,0.0,0.0,984.5,0.0
0,777800,VOLCANIC_ROCK_VOUCHER_9500,988.0,15.0,0.0,0.0,0.0,0.0,990,15,0.0,0.0,0.0,0.0,989.0,0.0
0,777900,VOLCANIC_ROCK_VOUCHER_9500,988.0,16.0,0.0,0.0,0.0,0.0,990,16,0.0,0.0,0.0,0.0,989.0,0.0
0,778000,VOLCANIC_ROCK_VOUCHER_9500,988.0,14.0,0.0,0.0,0.0,0.0,989,14,0.0,0.0,0.0,0.0,988.5,0.0
0,778100,VOLCANIC_ROCK_VOUCHER_9500,989.0,19.0,0.0,0.0,0.0,0.0,990,19,0.0,0.0,0.0,0.0,989.5,0.0
0,778200,VOLCANIC_ROCK_VOUCHER_9500,0.0,0.0,0.0,0.0,0.0,0.0,990,6,991.0,12.0,0.0,0.0,990.0,0.0
0,778300,VOLCANIC_ROCK_VOUCHER_9500,988.0,14.0,0.0,0.0,0.0,0.0,989,14,0.0,0.0,0.0,0.0,988.5,0.0
0,778400,VOLCANIC_ROCK_VOUCHER_9500,987.0,22.0,0.0,0.0,0.0,0.0,989,22,0.0,0.0,0.0,0.0,988.0,0.0
0,778500,VOLCANIC_ROCK_VOUCHER_9500,990.0,11.0,0.0,0.0,0.0,0.0,991,11,0.0,0.0,0.0,0.0,990.5,0.0
0,778600,VOLCANIC_ROCK_VOUCHER_9500,992.0,17.0,991.0,15.0,0.0,0.0,993,15,0.0,0.0,0.0,0.0,992.5,0.0
0,778700,VOLCANIC_ROCK_VOUCHER_9500,991.0,21.0,0.0,0.0,0.0,0.0,992,12,0.0,0.0,0.0,0.0,991.5,0.0
0,778800,VOLCANIC_ROCK_VOUCHER_9500,993.0,19.0,0.0,0.0,0.0,0.0,994,19,0.0,0.0,0.0,0.0,993.5,0.0
0,778900,VOLCANIC_ROCK_VOUCHER_9500,996.0,10.0,0.0,0.0,0.0,0.0,997,10,0.0,0.0,0.0,0.0,996.5,0.0
0,779000,VOLCANIC_ROCK_VOUCHER_9500,996.0,14.0,0.0,0.0,0.0,0.0,997,14,0.0,0.0,0.0,0.0,996.5,0.0
0,779100,VOLCANIC_ROCK_VOUCHER_9500,997.0,12.0,0.0,0.0,0.0,0.0,998,12,0.0,0.0,0.0,0.0,997.5,0.0
0,779200,VOLCANIC_ROCK_VOUCHER_9500,992.0,19.0,0.0,0.0,0.0,0.0,994,19,0.0,0.0,0.0,0.0,993.0,0.0
0,779300,VOLCANIC_ROCK_VOUCHER_9500,993.0,13.0,0.0,0.0,0.0,0.0,994,13,0.0,0.0,0.0,0.0,993.5,0.0
0,779400,VOLCANIC_ROCK_VOUCHER_9500,991.0,19.0,0.0,0.0,0.0,0.0,992,19,0.0,0.0,0.0,0.0,991.5,0.0
0,779500,VOLCANIC_ROCK_VOUCHER_9500,994.0,15.0,0.0,0.0,0.0,0.0,995,15,0.0,0.0,0.0,0.0,994.5,0.0
0,779600,VOLCANIC_ROCK_VOUCHER_9500,996.0,12.0,0.0,0.0,0.0,0.0,998,12,0.0,0.0,0.0,0.0,997.0,0.0
0,779700,VOLCANIC_ROCK_VOUCHER_9500,995.0,18.0,0.0,0.0,0.0,0.0,997,18,0.0,0.0,0.0,0.0,996.0,0.0
0,779800,VOLCANIC_ROCK_VOUCHER_9500,997.0,19.0,0.0,0.0,0.0,0.0,999,19,0.0,0.0,0.0,0.0,998.0,0.0
0,779900,VOLCANIC_ROCK_VOUCHER_9500,997.0,17.0,0.0,0.0,0.0,0.0,998,17,0.0,0.0,0.0,0.0,997.5,0.0
0,780000,VOLCANIC_ROCK_VOUCHER_9500,997.0,11.0,0.0,0.0,0.0,0.0,999,11,0.0,0.0,0.0,0.0,998.0,0.0
0,780100,VOLCANIC_ROCK_VOUCHER_9500,1000.0,3.0,0.0,0.0,0.0,0.0,1001,15,0.0,0.0,0.0,0.0,1000.5,0.0
0,780200,VOLCANIC_ROCK_VOUCHER_9500,1005.0,19.0,0.0,0.0,0.0,0.0,1006,19,0.0,0.0,0.0,0.0,1005.5,0.0
0,780300,VOLCANIC_ROCK_VOUCHER_9500,1006.0,14.0,0.0,0.0,0.0,0.0,1007,14,0.0,0.0,0.0,0.0,1006.5,0.0
0,780400,VOLCANIC_ROCK_VOUCHER_9500,1004.0,15.0,0.0,0.0,0.0,0.0,1005,15,0.0,0.0,0.0,0.0,1004.5,0.0
0,780500,VOLCANIC_ROCK_VOUCHER_9500,1004.0,15.0,0.0,0.0,0.0,0.0,1005,15,0.0,0.0,0.0,0.0,1004.5,0.0
0,780600,VOLCANIC_ROCK_VOUCHER_9500,0.0,0.0,0.0,0.0,0.0,0.0,1000,3,1001.0,12.0,0.0,0.0,1000.0,0.0
0,780700,VOLCANIC_ROCK_VOUCHER_9500,1001.0,17.0,0.0,0.0,0.0,0.0,1002,17,0.0,0.0,0.0,0.0,1001.5,0.0
0,780800,VOLCANIC_ROCK_VOUCHER_9500,1001.0,21.0,0.0,0.0,0.0,0.0,1002,21,0.0,0.0,0.0,0.0,1001.5,0.0
0,780900,VOLCANIC_ROCK_VOUCHER_9500,1002.0,20.0,0.0,0.0,0.0,0.0,1004,20,0.0,0.0,0.0,0.0,1003.0,0.0
0,781000,VOLCANIC_ROCK_VOUCHER_9500,1003.0,15.0,0.0,0.0,0.0,0.0,1004,15,0.0,0.0,0.0,0.0,1003.5,0.0
0,781100,VOLCANIC_ROCK_VOUCHER_9500,1004.0,19.0,0.0,0.0,0.0,0.0,1005,19,0.0,0.0,0.0,0.0,1004.5,0.0
0,781200,VOLCANIC_ROCK_VOUCHER_9500,1002.0,19.0,0.0,0.0,0.0,0.0,1004,19,0.0,0.0,0.0,0.0,1003.0,0.0
0,781300,VOLCANIC_ROCK_VOUCHER_9500,1004.0,18.0,0.0,0.0,0.0,0.0,1005,18,0.0,0.0,0.0,0.0,1004.5,0.0
0,781400,VOLCANIC_ROCK_VOUCHER_9500,1005.0,12.0,0.0,0.0,0.0,0.0,1007,12,0.0,0.0,0.0,0.0,1006.0,0.0
0,781500,VOLCANIC_ROCK_VOUCHER_9500,1008.0,20.0,0.0,0.0,0.0,0.0,1009,20,0.0,0.0,0.0,0.0,1008.5,0.0
0,781600,VOLCANIC_ROCK_VOUCHER_9500,1007.0,17.0,0.0,0.0,0.0,0.0,1008,17,0.0,0.0,0.0,0.0,1007.5,0.0
0,781700,VOLCANIC_ROCK_VOUCHER_9500,1008.0,17.0,0.0,0.0,0.0,0.0,1009,17,0.0,0.0,0.0,0.0,1008.5,0.0
0,781800,VOLCANIC_ROCK_VOUCHER_9500,1007.0,2.0,0.0,0.0,0.0,0.0,1009,13,0.0,0.0,0.0,0.0,1008.0,0.0
0,781900,VOLCANIC_ROCK_VOUCHER_9500,1007.0,16.0,0.0,0.0,0.0,0.0,1008,16,0.0,0.0,0.0,0.0,1007.5,0.0
0,782000,VOLCANIC_ROCK_VOUCHER_9500,1008.0,10.0,0.0,0.0,0.0,0.0,1009,10,0.0,0.0,0.0,0.0,1008.5,0.0
0,782100,VOLCANIC_ROCK_VOUCHER_9500,1009.0,18.0,0.0,0.0,0.0,0.0,1010,18,0.0,0.0,0.0,0.0,1009.5,0.0
0,782200,VOLCANIC_ROCK_VOUCHER_9500,1009.0,18.0,0.0,0.0,0.0,0.0,1010,18,0.0,0.0,0.0,0.0,1009.5,0.0
0,782300,VOLCANIC_ROCK_VOUCHER_9500,1009.0,13.0,0.0,0.0,0.0,0.0,1010,13,0.0,0.0,0.0,0.0,1009.5,0.0
0,782400,VOLCANIC_ROCK_VOUCHER_9500,1009.0,0.0,0.0,0.0,0.0,0.0,1010,18,0.0,0.0,0.0,0.0,1009.5,0.0
0,782500,VOLCANIC_ROCK_VOUCHER_9500,1008.0,17.0,0.0,0.0,0.0,0.0,1009,17,0.0,0.0,0.0,0.0,1008.5,0.0
0,782600,VOLCANIC_ROCK_VOUCHER_9500,1004.0,20.0,0.0,0.0,0.0,0.0,1005,20,0.0,0.0,0.0,0.0,1004.5,0.0
0,782700,VOLCANIC_ROCK_VOUCHER_9500,1004.0,14.0,0.0,0.0,0.0,0.0,1005,14,0.0,0.0,0.0,0.0,1004.5,0.0
0,782800,VOLCANIC_ROCK_VOUCHER_9500,1004.0,15.0,0.0,0.0,0.0,0.0,1005,15,0.0,0.0,0.0,0.0,1004.5,0.0
0,782900,VOLCANIC_ROCK_VOUCHER_9500,1006.0,14.0,0.0,0.0,0.0,0.0,1007,14,0.0,0.0,0.0,0.0,1006.5,0.0
0,783000,VOLCANIC_ROCK_VOUCHER_9500,1007.0,18.0,0.0,0.0,0.0,0.0,1008,18,0.0,0.0,0.0,0.0,1007.5,0.0
0,783100,VOLCANIC_ROCK_VOUCHER_9500,1007.0,19.0,0.0,0.0,0.0,0.0,1008,19,0.0,0.0,0.0,0.0,1007.5,0.0
0,783200,VOLCANIC_ROCK_VOUCHER_9500,1006.0,17.0,0.0,0.0,0.0,0.0,1008,17,0.0,0.0,0.0,0.0,1007.0,0.0
0,783300,VOLCANIC_ROCK_VOUCHER_9500,1006.0,20.0,0.0,0.0,0.0,0.0,1007,20,0.0,0.0,0.0,0.0,1006.5,0.0
0,783400,VOLCANIC_ROCK_VOUCHER_9500,1008.0,21.0,0.0,0.0,0.0,0.0,1009,21,0.0,0.0,0.0,0.0,1008.5,0.0
0,783500,VOLCANIC_ROCK_VOUCHER_9500,1008.0,13.0,0.0,0.0,0.0,0.0,1010,13,0.0,0.0,0.0,0.0,1009.0,0.0
0,783600,VOLCANIC_ROCK_VOUCHER_9500,1011.0,13.0,0.0,0.0,0.0,0.0,1012,13,0.0,0.0,0.0,0.0,1011.5,0.0
0,783700,VOLCANIC_ROCK_VOUCHER_9500,1017.0,11.0,0.0,0.0,0.0,0.0,1018,11,0.0,0.0,0.0,0.0,1017.5,0.0
0,783800,VOLCANIC_ROCK_VOUCHER_9500,1015.0,17.0,0.0,0.0,0.0,0.0,1016,17,0.0,0.0,0.0,0.0,1015.5,0.0
0,783900,VOLCANIC_ROCK_VOUCHER_9500,0.0,0.0,0.0,0.0,0.0,0.0,1014,4,1015.0,14.0,0.0,0.0,1014.0,0.0
0,784000,VOLCANIC_ROCK_VOUCHER_9500,1014.0,16.0,0.0,0.0,0.0,0.0,1015,16,0.0,0.0,0.0,0.0,1014.5,0.0
0,784100,VOLCANIC_ROCK_VOUCHER_9500,1015.0,4.0,0.0,0.0,0.0,0.0,1016,19,0.0,0.0,0.0,0.0,1015.5,0.0
0,784200,VOLCANIC_ROCK_VOUCHER_9500,1015.0,13.0,0.0,0.0,0.0,0.0,1017,13,0.0,0.0,0.0,0.0,1016.0,0.0
0,784300,VOLCANIC_ROCK_VOUCHER_9500,1013.0,19.0,0.0,0.0,0.0,0.0,1015,19,0.0,0.0,0.0,0.0,1014.0,0.0
0,784400,VOLCANIC_ROCK_VOUCHER_9500,1013.0,16.0,0.0,0.0,0.0,0.0,1015,16,0.0,0.0,0.0,0.0,1014.0,0.0
0,784500,VOLCANIC_ROCK_VOUCHER_9500,1015.0,20.0,0.0,0.0,0.0,0.0,1016,20,0.0,0.0,0.0,0.0,1015.5,0.0
0,784600,VOLCANIC_ROCK_VOUCHER_9500,1015.0,20.0,0.0,0.0,0.0,0.0,1016,20,0.0,0.0,0.0,0.0,1015.5,0.0
0,784700,VOLCANIC_ROCK_VOUCHER_9500,1016.0,17.0,0.0,0.0,0.0,0.0,1017,17,0.0,0.0,0.0,0.0,1016.5,0.0
0,784800,VOLCANIC_ROCK_VOUCHER_9500,1014.0,20.0,0.0,0.0,0.0,0.0,1015,20,0.0,0.0,0.0,0.0,1014.5,0.0
0,784900,VOLCANIC_ROCK_VOUCHER_9500,1014.0,13.0,0.0,0.0,0.0,0.0,1015,13,0.0,0.0,0.0,0.0,1014.5,0.0
0,785000,VOLCANIC_ROCK_VOUCHER_9500,1015.0,17.0,0.0,0.0,0.0,0.0,1016,17,0.0,0.0,0.0,0.0,1015.5,0.0
0,785100,VOLCANIC_ROCK_VOUCHER_9500,1016.0,12.0,0.0,0.0,0.0,0.0,1017,12,0.0,0.0,0.0,0.0,1016.5,0.0
0,785200,VOLCANIC_ROCK_VOUCHER_9500,1017.0,15.0,0.0,0.0,0.0,0.0,1018,15,0.0,0.0,0.0,0.0,1017.5,0.0
0,785300,VOLCANIC_ROCK_VOUCHER_9500,1018.0,11.0,0.0,0.0,0.0,0.0,1019,11,0.0,0.0,0.0,0.0,1018.5,0.0
0,785400,VOLCANIC_ROCK_VOUCHER_9500,1015.0,17.0,0.0,0.0,0.0,0.0,1017,17,0.0,0.0,0.0,0.0,1016.0,0.0
0,785500,VOLCANIC_ROCK_VOUCHER_9500,1015.0,16.0,0.0,0.0,0.0,0.0,1017,16,0.0,0.0,0.0,0.0,1016.0,0.0
0,785600,VOLCANIC_ROCK_VOUCHER_9500,1016.0,18.0,0.0,0.0,0.0,0.0,1017,18,0.0,0.0,0.0,0.0,1016.5,0.0
0,785700,VOLCANIC_ROCK_VOUCHER_9500,1014.0,21.0,0.0,0.0,0.0,0.0,1015,21,0.0,0.0,0.0,0.0,1014.5,0.0
0,785800,VOLCANIC_ROCK_VOUCHER_9500,1014.0,16.0,0.0,0.0,0.0,0.0,1015,16,0.0,0.0,0.0,0.0,1014.5,0.0
0,785900,VOLCANIC_ROCK_VOUCHER_9500,1015.0,18.0,0.0,0.0,0.0,0.0,1016,18,0.0,0.0,0.0,0.0,1015.5,0.0
0,786000,VOLCANIC_ROCK_VOUCHER_9500,1014.0,20.0,0.0,0.0,0.0,0.0,1015,20,0.0,0.0,0.0,0.0,1014.5,0.0
0,786100,VOLCANIC_ROCK_VOUCHER_9500,1010.0,15.0,0.0,0.0,0.0,0.0,1011,15,0.0,0.0,0.0,0.0,1010.5,0.0
0,786200,VOLCANIC_ROCK_VOUCHER_9500,1012.0,14.0,0.0,0.0,0.0,0.0,1014,14,0.0,0.0,0.0,0.0,1013.0,0.0
0,786300,VOLCANIC_ROCK_VOUCHER_9500,1012.0,11.0,0.0,0.0,0.0,0.0,1014,11,0.0,0.0,0.0,0.0,1013.0,0.0
0,786400,VOLCANIC_ROCK_VOUCHER_9500,1011.0,14.0,0.0,0.0,0.0,0.0,1012,14,0.0,0.0,0.0,0.0,1011.5,0.0
0,786500,VOLCANIC_ROCK_VOUCHER_9500,1011.0,19.0,0.0,0.0,0.0,0.0,1012,19,0.0,0.0,0.0,0.0,1011.5,0.0
0,786600,VOLCANIC_ROCK_VOUCHER_9500,1008.0,17.0,0.0,0.0,0.0,0.0,1009,17,0.0,0.0,0.0,0.0,1008.5,0.0
0,786700,VOLCANIC_ROCK_VOUCHER_9500,1006.0,16.0,0.0,0.0,0.0,0.0,1007,16,0.0,0.0,0.0,0.0,1006.5,0.0
0,786800,VOLCANIC_ROCK_VOUCHER_9500,1006.0,18.0,0.0,0.0,0.0,0.0,1008,18,0.0,0.0,0.0,0.0,1007.0,0.0
0,786900,VOLCANIC_ROCK_VOUCHER_9500,1008.0,19.0,0.0,0.0,0.0,0.0,1009,19,0.0,0.0,0.0,0.0,1008.5,0.0
0,787000,VOLCANIC_ROCK_VOUCHER_9500,1007.0,11.0,0.0,0.0,0.0,0.0,1008,11,0.0,0.0,0.0,0.0,1007.5,0.0
0,787100,VOLCANIC_ROCK_VOUCHER_9500,1007.0,19.0,0.0,0.0,0.0,0.0,1008,19,0.0,0.0,0.0,0.0,1007.5,0.0
0,787200,VOLCANIC_ROCK_VOUCHER_9500,1005.0,11.0,0.0,0.0,0.0,0.0,1006,11,0.0,0.0,0.0,0.0,1005.5,0.0
0,787300,VOLCANIC_ROCK_VOUCHER_9500,1007.0,19.0,0.0,0.0,0.0,0.0,1008,19,0.0,0.0,0.0,0.0,1007.5,0.0
0,787400,VOLCANIC_ROCK_VOUCHER_9500,1006.0,20.0,0.0,0.0,0.0,0.0,1007,20,0.0,0.0,0.0,0.0,1006.5,0.0
0,787500,VOLCANIC_ROCK_VOUCHER_9500,1006.0,12.0,0.0,0.0,0.0,0.0,1007,12,0.0,0.0,0.0,0.0,1006.5,0.0
0,787600,VOLCANIC_ROCK_VOUCHER_9500,1006.0,11.0,0.0,0.0,0.0,0.0,1007,11,0.0,0.0,0.0,0.0,1006.5,0.0
0,787700,VOLCANIC_ROCK_VOUCHER_9500,1007.0,18.0,0.0,0.0,0.0,0.0,1008,18,0.0,0.0,0.0,0.0,1007.5,0.0
0,787800,VOLCANIC_ROCK_VOUCHER_9500,1005.0,17.0,0.0,0.0,0.0,0.0,1006,17,0.0,0.0,0.0,0.0,1005.5,0.0
0,787900,VOLCANIC_ROCK_VOUCHER_9500,1004.0,15.0,0.0,0.0,0.0,0.0,1005,15,0.0,0.0,0.0,0.0,1004.5,0.0
0,788000,VOLCANIC_ROCK_VOUCHER_9500,1002.0,10.0,0.0,0.0,0.0,0.0,1003,10,0.0,0.0,0.0,0.0,1002.5,0.0
0,788100,VOLCANIC_ROCK_VOUCHER_9500,1003.0,19.0,0.0,0.0,0.0,0.0,1004,19,0.0,0.0,0.0,0.0,1003.5,0.0
0,788200,VOLCANIC_ROCK_VOUCHER_9500,1005.0,20.0,0.0,0.0,0.0,0.0,1006,20,0.0,0.0,0.0,0.0,1005.5,0.0
0,788300,VOLCANIC_ROCK_VOUCHER_9500,1004.0,11.0,0.0,0.0,0.0,0.0,1005,11,0.0,0.0,0.0,0.0,1004.5,0.0
0,788400,VOLCANIC_ROCK_VOUCHER_9500,1005.0,17.0,0.0,0.0,0.0,0.0,1006,17,0.0,0.0,0.0,0.0,1005.5,0.0
0,788500,VOLCANIC_ROCK_VOUCHER_9500,0.0,0.0,0.0,0.0,0.0,0.0,1005,2,1006.0,15.0,0.0,0.0,1005.0,0.0
0,788600,VOLCANIC_ROCK_VOUCHER_9500,1004.0,19.0,0.0,0.0,0.0,0.0,1005,19,0.0,0.0,0.0,0.0,1004.5,0.0
0,788700,VOLCANIC_ROCK_VOUCHER_9500,1006.0,13.0,0.0,0.0,0.0,0.0,1007,13,0.0,0.0,0.0,0.0,1006.5,0.0
0,788800,VOLCANIC_ROCK_VOUCHER_9500,1004.0,17.0,0.0,0.0,0.0,0.0,1005,17,0.0,0.0,0.0,0.0,1004.5,0.0
0,788900,VOLCANIC_ROCK_VOUCHER_9500,1006.0,20.0,0.0,0.0,0.0,0.0,1007,20,0.0,0.0,0.0,0.0,1006.5,0.0
0,789000,VOLCANIC_ROCK_VOUCHER_9500,1012.0,2.0,0.0,0.0,0.0,0.0,1013,22,0.0,0.0,0.0,0.0,1012.5,0.0
0,789100,VOLCANIC_ROCK_VOUCHER_9500,1013.0,22.0,0.0,0.0,0.0,0.0,1014,22,0.0,0.0,0.0,0.0,1013.5,0.0
0,789200,VOLCANIC_ROCK_VOUCHER_9500,1014.0,13.0,0.0,0.0,0.0,0.0,1015,13,0.0,0.0,0.0,0.0,1014.5,0.0
0,789300,VOLCANIC_ROCK_VOUCHER_9500,1015.0,14.0,0.0,0.0,0.0,0.0,1016,14,0.0,0.0,0.0,0.0,1015.5,0.0
0,789400,VOLCANIC_ROCK_VOUCHER_9500,1013.0,21.0,0.0,0.0,0.0,0.0,1014,21,0.0,0.0,0.0,0.0,1013.5,0.0
0,789500,VOLCANIC_ROCK_VOUCHER_9500,1013.0,37.0,0.0,0.0,0.0,0.0,1014,13,0.0,0.0,0.0,0.0,1013.5,0.0
0,789600,VOLCANIC_ROCK_VOUCHER_9500,1012.0,20.0,0.0,0.0,0.0,0.0,1013,20,0.0,0.0,0.0,0.0,1012.5,0.0
0,789700,VOLCANIC_ROCK_VOUCHER_9500,1009.0,16.0,0.0,0.0,0.0,0.0,1010,16,0.0,0.0,0.0,0.0,1009.5,0.0
0,789800,VOLCANIC_ROCK_VOUCHER_9500,1010.0,20.0,0.0,0.0,0.0,0.0,1011,20,0.0,0.0,0.0,0.0,1010.5,0.0
0,789900,VOLCANIC_ROCK_VOUCHER_9500,1011.0,17.0,0.0,0.0,0.0,0.0,1012,17,0.0,0.0,0.0,0.0,1011.5,0.0
0,790000,VOLCANIC_ROCK_VOUCHER_9500,1010.0,12.0,0.0,0.0,0.0,0.0,1011,12,0.0,0.0,0.0,0.0,1010.5,0.0
0,790100,VOLCANIC_ROCK_VOUCHER_9500,1012.0,18.0,0.0,0.0,0.0,0.0,1013,18,0.0,0.0,0.0,0.0,1012.5,0.0
0,790200,VOLCANIC_ROCK_VOUCHER_9500,1012.0,19.0,0.0,0.0,0.0,0.0,1013,19,0.0,0.0,0.0,0.0,1012.5,0.0
0,790300,VOLCANIC_ROCK_VOUCHER_9500,1012.0,14.0,0.0,0.0,0.0,0.0,1013,14,0.0,0.0,0.0,0.0,1012.5,0.0
0,790400,VOLCANIC_ROCK_VOUCHER_9500,1011.0,19.0,0.0,0.0,0.0,0.0,1012,19,0.0,0.0,0.0,0.0,1011.5,0.0
0,790500,VOLCANIC_ROCK_VOUCHER_9500,1011.0,15.0,0.0,0.0,0.0,0.0,1012,15,0.0,0.0,0.0,0.0,1011.5,0.0
0,790600,VOLCANIC_ROCK_VOUCHER_9500,1011.0,16.0,0.0,0.0,0.0,0.0,1012,16,0.0,0.0,0.0,0.0,1011.5,0.0
0,790700,VOLCANIC_ROCK_VOUCHER_9500,1012.0,12.0,0.0,0.0,0.0,0.0,1013,12,0.0,0.0,0.0,0.0,1012.5,0.0
0,790800,VOLCANIC_ROCK_VOUCHER_9500,1012.0,15.0,0.0,0.0,0.0,0.0,1013,15,0.0,0.0,0.0,0.0,1012.5,0.0
0,790900,VOLCANIC_ROCK_VOUCHER_9500,1012.0,15.0,0.0,0.0,0.0,0.0,1013,15,0.0,0.0,0.0,0.0,1012.5,0.0
0,791000,VOLCANIC_ROCK_VOUCHER_9500,1011.0,18.0,0.0,0.0,0.0,0.0,1013,18,0.0,0.0,0.0,0.0,1012.0,0.0
0,791100,VOLCANIC_ROCK_VOUCHER_9500,1011.0,20.0,0.0,0.0,0.0,0.0,1012,20,0.0,0.0,0.0,0.0,1011.5,0.0
0,791200,VOLCANIC_ROCK_VOUCHER_9500,1009.0,11.0,0.0,0.0,0.0,0.0,1010,11,0.0,0.0,0.0,0.0,1009.5,0.0
0,791300,VOLCANIC_ROCK_VOUCHER_9500,1011.0,13.0,0.0,0.0,0.0,0.0,1012,13,0.0,0.0,0.0,0.0,1011.5,0.0
0,791400,VOLCANIC_ROCK_VOUCHER_9500,1013.0,19.0,0.0,0.0,0.0,0.0,1014,19,0.0,0.0,0.0,0.0,1013.5,0.0
0,791500,VOLCANIC_ROCK_VOUCHER_9500,1016.0,17.0,0.0,0.0,0.0,0.0,1017,17,0.0,0.0,0.0,0.0,1016.5,0.0
0,791600,VOLCANIC_ROCK_VOUCHER_9500,1013.0,13.0,0.0,0.0,0.0,0.0,1014,13,0.0,0.0,0.0,0.0,1013.5,0.0
0,791700,VOLCANIC_ROCK_VOUCHER_9500,1015.0,16.0,0.0,0.0,0.0,0.0,1016,16,0.0,0.0,0.0,0.0,1015.5,0.0
0,791800,VOLCANIC_ROCK_VOUCHER_9500,1013.0,11.0,0.0,0.0,0.0,0.0,1014,11,0.0,0.0,0.0,0.0,1013.5,0.0
0,791900,VOLCANIC_ROCK_VOUCHER_9500,1011.0,16.0,0.0,0.0,0.0,0.0,1012,16,0.0,0.0,0.0,0.0,1011.5,0.0
0,792000,VOLCANIC_ROCK_VOUCHER_9500,1010.0,19.0,0.0,0.0,0.0,0.0,1012,19,0.0,0.0,0.0,0.0,1011.0,0.0
0,792100,VOLCANIC_ROCK_VOUCHER_9500,1010.0,15.0,0.0,0.0,0.0,0.0,1011,15,0.0,0.0,0.0,0.0,1010.5,0.0
0,792200,VOLCANIC_ROCK_VOUCHER_9500,1007.0,20.0,0.0,0.0,0.0,0.0,1008,1,1009.0,19.0,0.0,0.0,1007.5,0.0
0,792300,VOLCANIC_ROCK_VOUCHER_9500,1003.0,20.0,0.0,0.0,0.0,0.0,1004,20,0.0,0.0,0.0,0.0,1003.5,0.0
0,792400,VOLCANIC_ROCK_VOUCHER_9500,1005.0,15.0,0.0,0.0,0.0,0.0,1006,15,0.0,0.0,0.0,0.0,1005.5,0.0
0,792500,VOLCANIC_ROCK_VOUCHER_9500,1005.0,15.0,0.0,0.0,0.0,0.0,1006,15,0.0,0.0,0.0,0.0,1005.5,0.0
0,792600,VOLCANIC_ROCK_VOUCHER_9500,1005.0,19.0,0.0,0.0,0.0,0.0,1006,19,0.0,0.0,0.0,0.0,1005.5,0.0
0,792700,VOLCANIC_ROCK_VOUCHER_9500,1007.0,11.0,0.0,0.0,0.0,0.0,1008,11,0.0,0.0,0.0,0.0,1007.5,0.0
0,792800,VOLCANIC_ROCK_VOUCHER_9500,1005.0,17.0,0.0,0.0,0.0,0.0,1006,17,0.0,0.0,0.0,0.0,1005.5,0.0
0,792900,VOLCANIC_ROCK_VOUCHER_9500,1006.0,15.0,0.0,0.0,0.0,0.0,1007,15,0.0,0.0,0.0,0.0,1006.5,0.0
0,793000,VOLCANIC_ROCK_VOUCHER_9500,1005.0,21.0,0.0,0.0,0.0,0.0,1006,21,0.0,0.0,0.0,0.0,1005.5,0.0
0,793100,VOLCANIC_ROCK_VOUCHER_9500,1004.0,13.0,0.0,0.0,0.0,0.0,1006,13,0.0,0.0,0.0,0.0,1005.0,0.0
0,793200,VOLCANIC_ROCK_VOUCHER_9500,1005.0,13.0,0.0,0.0,0.0,0.0,1006,13,0.0,0.0,0.0,0.0,1005.5,0.0
0,793300,VOLCANIC_ROCK_VOUCHER_9500,1008.0,22.0,0.0,0.0,0.0,0.0,1009,22,0.0,0.0,0.0,0.0,1008.5,0.0
0,793400,VOLCANIC_ROCK_VOUCHER_9500,1007.0,13.0,0.0,0.0,0.0,0.0,1008,13,0.0,0.0,0.0,0.0,1007.5,0.0
0,793500,VOLCANIC_ROCK_VOUCHER_9500,1005.0,15.0,0.0,0.0,0.0,0.0,1006,15,0.0,0.0,0.0,0.0,1005.5,0.0
0,793600,VOLCANIC_ROCK_VOUCHER_9500,1005.0,19.0,0.0,0.0,0.0,0.0,1006,19,0.0,0.0,0.0,0.0,1005.5,0.0
0,793700,VOLCANIC_ROCK_VOUCHER_9500,1005.0,13.0,0.0,0.0,0.0,0.0,1006,13,0.0,0.0,0.0,0.0,1005.5,0.0
0,793800,VOLCANIC_ROCK_VOUCHER_9500,1003.0,3.0,0.0,0.0,0.0,0.0,1004,13,0.0,0.0,0.0,0.0,1003.5,0.0
0,793900,VOLCANIC_ROCK_VOUCHER_9500,1004.0,16.0,0.0,0.0,0.0,0.0,1005,16,0.0,0.0,0.0,0.0,1004.5,0.0
0,794000,VOLCANIC_ROCK_VOUCHER_9500,1003.0,21.0,0.0,0.0,0.0,0.0,1005,21,0.0,0.0,0.0,0.0,1004.0,0.0
0,794100,VOLCANIC_ROCK_VOUCHER_9500,998.0,13.0,0.0,0.0,0.0,0.0,999,13,0.0,0.0,0.0,0.0,998.5,0.0
0,794200,VOLCANIC_ROCK_VOUCHER_9500,999.0,18.0,0.0,0.0,0.0,0.0,1000,18,0.0,0.0,0.0,0.0,999.5,0.0
0,794300,VOLCANIC_ROCK_VOUCHER_9500,998.0,33.0,0.0,0.0,0.0,0.0,999,17,0.0,0.0,0.0,0.0,998.5,0.0
0,794400,VOLCANIC_ROCK_VOUCHER_9500,999.0,15.0,0.0,0.0,0.0,0.0,1000,15,0.0,0.0,0.0,0.0,999.5,0.0
0,794500,VOLCANIC_ROCK_VOUCHER_9500,999.0,1.0,0.0,0.0,0.0,0.0,1000,13,0.0,0.0,0.0,0.0,999.5,0.0
0,794600,VOLCANIC_ROCK_VOUCHER_9500,995.0,11.0,0.0,0.0,0.0,0.0,996,11,0.0,0.0,0.0,0.0,995.5,0.0
0,794700,VOLCANIC_ROCK_VOUCHER_9500,994.0,14.0,0.0,0.0,0.0,0.0,996,14,0.0,0.0,0.0,0.0,995.0,0.0
0,794800,VOLCANIC_ROCK_VOUCHER_9500,996.0,10.0,0.0,0.0,0.0,0.0,997,10,0.0,0.0,0.0,0.0,996.5,0.0
0,794900,VOLCANIC_ROCK_VOUCHER_9500,995.0,40.0,0.0,0.0,0.0,0.0,996,21,0.0,0.0,0.0,0.0,995.5,0.0
0,795000,VOLCANIC_ROCK_VOUCHER_9500,995.0,23.0,0.0,0.0,0.0,0.0,996,18,0.0,0.0,0.0,0.0,995.5,0.0
0,795100,VOLCANIC_ROCK_VOUCHER_9500,995.0,12.0,0.0,0.0,0.0,0.0,996,12,0.0,0.0,0.0,0.0,995.5,0.0
0,795200,VOLCANIC_ROCK_VOUCHER_9500,995.0,14.0,0.0,0.0,0.0,0.0,996,14,0.0,0.0,0.0,0.0,995.5,0.0
0,795300,VOLCANIC_ROCK_VOUCHER_9500,994.0,17.0,0.0,0.0,0.0,0.0,995,17,0.0,0.0,0.0,0.0,994.5,0.0
0,795400,VOLCANIC_ROCK_VOUCHER_9500,994.0,10.0,0.0,0.0,0.0,0.0,995,10,0.0,0.0,0.0,0.0,994.5,0.0
0,795500,VOLCANIC_ROCK_VOUCHER_9500,995.0,16.0,0.0,0.0,0.0,0.0,996,16,0.0,0.0,0.0,0.0,995.5,0.0
0,795600,VOLCANIC_ROCK_VOUCHER_9500,995.0,13.0,0.0,0.0,0.0,0.0,996,13,0.0,0.0,0.0,0.0,995.5,0.0
0,795700,VOLCANIC_ROCK_VOUCHER_9500,996.0,20.0,0.0,0.0,0.0,0.0,997,20,0.0,0.0,0.0,0.0,996.5,0.0
0,795800,VOLCANIC_ROCK_VOUCHER_9500,997.0,19.0,0.0,0.0,0.0,0.0,998,19,0.0,0.0,0.0,0.0,997.5,0.0
0,795900,VOLCANIC_ROCK_VOUCHER_9500,996.0,20.0,0.0,0.0,0.0,0.0,997,20,0.0,0.0,0.0,0.0,996.5,0.0
0,796000,VOLCANIC_ROCK_VOUCHER_9500,998.0,18.0,0.0,0.0,0.0,0.0,999,18,0.0,0.0,0.0,0.0,998.5,0.0
0,796100,VOLCANIC_ROCK_VOUCHER_9500,995.0,18.0,0.0,0.0,0.0,0.0,996,18,0.0,0.0,0.0,0.0,995.5,0.0
0,796200,VOLCANIC_ROCK_VOUCHER_9500,994.0,11.0,0.0,0.0,0.0,0.0,995,16,0.0,0.0,0.0,0.0,994.5,0.0
0,796300,VOLCANIC_ROCK_VOUCHER_9500,996.0,19.0,0.0,0.0,0.0,0.0,997,19,0.0,0.0,0.0,0.0,996.5,0.0
0,796400,VOLCANIC_ROCK_VOUCHER_9500,997.0,14.0,0.0,0.0,0.0,0.0,998,14,0.0,0.0,0.0,0.0,997.5,0.0
0,796500,VOLCANIC_ROCK_VOUCHER_9500,997.0,16.0,0.0,0.0,0.0,0.0,999,16,0.0,0.0,0.0,0.0,998.0,0.0
0,796600,VOLCANIC_ROCK_VOUCHER_9500,994.0,14.0,0.0,0.0,0.0,0.0,995,14,0.0,0.0,0.0,0.0,994.5,0.0
0,796700,VOLCANIC_ROCK_VOUCHER_9500,994.0,12.0,0.0,0.0,0.0,0.0,995,12,0.0,0.0,0.0,0.0,994.5,0.0
0,796800,VOLCANIC_ROCK_VOUCHER_9500,992.0,15.0,0.0,0.0,0.0,0.0,993,15,0.0,0.0,0.0,0.0,992.5,0.0
0,796900,VOLCANIC_ROCK_VOUCHER_9500,994.0,13.0,0.0,0.0,0.0,0.0,995,13,0.0,0.0,0.0,0.0,994.5,0.0
0,797000,VOLCANIC_ROCK_VOUCHER_9500,993.0,24.0,0.0,0.0,0.0,0.0,994,14,0.0,0.0,0.0,0.0,993.5,0.0
0,797100,VOLCANIC_ROCK_VOUCHER_9500,992.0,15.0,0.0,0.0,0.0,0.0,993,15,0.0,0.0,0.0,0.0,992.5,0.0
0,797200,VOLCANIC_ROCK_VOUCHER_9500,991.0,19.0,0.0,0.0,0.0,0.0,992,19,0.0,0.0,0.0,0.0,991.5,0.0
0,797300,VOLCANIC_ROCK_VOUCHER_9500,991.0,16.0,0.0,0.0,0.0,0.0,993,16,0.0,0.0,0.0,0.0,992.0,0.0
0,797400,VOLCANIC_ROCK_VOUCHER_9500,990.0,13.0,0.0,0.0,0.0,0.0,991,13,0.0,0.0,0.0,0.0,990.5,0.0
0,797500,VOLCANIC_ROCK_VOUCHER_9500,990.0,16.0,0.0,0.0,0.0,0.0,991,16,0.0,0.0,0.0,0.0,990.5,0.0
0,797600,VOLCANIC_ROCK_VOUCHER_9500,991.0,13.0,0.0,0.0,0.0,0.0,992,13,0.0,0.0,0.0,0.0,991.5,0.0
0,797700,VOLCANIC_ROCK_VOUCHER_9500,993.0,28.0,0.0,0.0,0.0,0.0,994,14,0.0,0.0,0.0,0.0,993.5,0.0
0,797800,VOLCANIC_ROCK_VOUCHER_9500,992.0,18.0,0.0,0.0,0.0,0.0,993,18,0.0,0.0,0.0,0.0,992.5,0.0
0,797900,VOLCANIC_ROCK_VOUCHER_9500,992.0,18.0,0.0,0.0,0.0,0.0,994,18,0.0,0.0,0.0,0.0,993.0,0.0
0,798000,VOLCANIC_ROCK_VOUCHER_9500,993.0,11.0,0.0,0.0,0.0,0.0,994,11,0.0,0.0,0.0,0.0,993.5,0.0
0,798100,VOLCANIC_ROCK_VOUCHER_9500,993.0,16.0,0.0,0.0,0.0,0.0,994,16,0.0,0.0,0.0,0.0,993.5,0.0
0,798200,VOLCANIC_ROCK_VOUCHER_9500,993.0,38.0,0.0,0.0,0.0,0.0,994,20,0.0,0.0,0.0,0.0,993.5,0.0
0,798300,VOLCANIC_ROCK_VOUCHER_9500,990.0,17.0,0.0,0.0,0.0,0.0,992,17,0.0,0.0,0.0,0.0,991.0,0.0
0,798400,VOLCANIC_ROCK_VOUCHER_9500,988.0,5.0,0.0,0.0,0.0,0.0,989,20,0.0,0.0,0.0,0.0,988.5,0.0
0,798500,VOLCANIC_ROCK_VOUCHER_9500,984.0,12.0,0.0,0.0,0.0,0.0,985,12,0.0,0.0,0.0,0.0,984.5,0.0
0,798600,VOLCANIC_ROCK_VOUCHER_9500,985.0,12.0,0.0,0.0,0.0,0.0,987,12,0.0,0.0,0.0,0.0,986.0,0.0
0,798700,VOLCANIC_ROCK_VOUCHER_9500,985.0,16.0,0.0,0.0,0.0,0.0,987,16,0.0,0.0,0.0,0.0,986.0,0.0
0,798800,VOLCANIC_ROCK_VOUCHER_9500,984.0,14.0,0.0,0.0,0.0,0.0,985,14,0.0,0.0,0.0,0.0,984.5,0.0
0,798900,VOLCANIC_ROCK_VOUCHER_9500,987.0,7.0,0.0,0.0,0.0,0.0,988,19,0.0,0.0,0.0,0.0,987.5,0.0
0,799000,VOLCANIC_ROCK_VOUCHER_9500,987.0,17.0,0.0,0.0,0.0,0.0,988,17,0.0,0.0,0.0,0.0,987.5,0.0
0,799100,VOLCANIC_ROCK_VOUCHER_9500,988.0,18.0,0.0,0.0,0.0,0.0,989,18,0.0,0.0,0.0,0.0,988.5,0.0
0,799200,VOLCANIC_ROCK_VOUCHER_9500,990.0,14.0,0.0,0.0,0.0,0.0,991,14,0.0,0.0,0.0,0.0,990.5,0.0
0,799300,VOLCANIC_ROCK_VOUCHER_9500,988.0,18.0,0.0,0.0,0.0,0.0,989,18,0.0,0.0,0.0,0.0,988.5,0.0
0,799400,VOLCANIC_ROCK_VOUCHER_9500,992.0,19.0,0.0,0.0,0.0,0.0,994,19,0.0,0.0,0.0,0.0,993.0,0.0
0,799500,VOLCANIC_ROCK_VOUCHER_9500,993.0,26.0,0.0,0.0,0.0,0.0,994,15,0.0,0.0,0.0,0.0,993.5,0.0
0,799600,VOLCANIC_ROCK_VOUCHER_9500,992.0,14.0,0.0,0.0,0.0,0.0,994,14,0.0,0.0,0.0,0.0,993.0,0.0
0,799700,VOLCANIC_ROCK_VOUCHER_9500,996.0,11.0,0.0,0.0,0.0,0.0,998,11,0.0,0.0,0.0,0.0,997.0,0.0
0,799800,VOLCANIC_ROCK_VOUCHER_9500,999.0,13.0,0.0,0.0,0.0,0.0,1000,13,0.0,0.0,0.0,0.0,999.5,0.0
0,799900,VOLCANIC_ROCK_VOUCHER_9500,996.0,19.0,0.0,0.0,0.0,0.0,997,2,998.0,17.0,0.0,0.0,996.5,0.0
0,800000,VOLCANIC_ROCK_VOUCHER_9500,996.0,15.0,0.0,0.0,0.0,0.0,997,15,0.0,0.0,0.0,0.0,996.5,0.0
0,800100,VOLCANIC_ROCK_VOUCHER_9500,994.0,7.0,0.0,0.0,0.0,0.0,995,18,0.0,0.0,0.0,0.0,994.5,0.0
0,800200,VOLCANIC_ROCK_VOUCHER_9500,0.0,0.0,0.0,0.0,0.0,0.0,996,17,0.0,0.0,0.0,0.0,996.0,0.0
0,800300,VOLCANIC_ROCK_VOUCHER_9500,996.0,17.0,0.0,0.0,0.0,0.0,997,17,0.0,0.0,0.0,0.0,996.5,0.0
0,800400,VOLCANIC_ROCK_VOUCHER_9500,994.0,11.0,0.0,0.0,0.0,0.0,995,11,0.0,0.0,0.0,0.0,994.5,0.0
0,800500,VOLCANIC_ROCK_VOUCHER_9500,995.0,15.0,0.0,0.0,0.0,0.0,996,15,0.0,0.0,0.0,0.0,995.5,0.0
0,800600,VOLCANIC_ROCK_VOUCHER_9500,993.0,20.0,0.0,0.0,0.0,0.0,995,20,0.0,0.0,0.0,0.0,994.0,0.0
0,800700,VOLCANIC_ROCK_VOUCHER_9500,994.0,12.0,0.0,0.0,0.0,0.0,995,12,0.0,0.0,0.0,0.0,994.5,0.0
0,800800,VOLCANIC_ROCK_VOUCHER_9500,994.0,20.0,0.0,0.0,0.0,0.0,995,20,0.0,0.0,0.0,0.0,994.5,0.0
0,800900,VOLCANIC_ROCK_VOUCHER_9500,995.0,14.0,0.0,0.0,0.0,0.0,996,14,0.0,0.0,0.0,0.0,995.5,0.0
0,801000,VOLCANIC_ROCK_VOUCHER_9500,995.0,16.0,0.0,0.0,0.0,0.0,996,16,0.0,0.0,0.0,0.0,995.5,0.0
0,801100,VOLCANIC_ROCK_VOUCHER_9500,996.0,16.0,0.0,0.0,0.0,0.0,997,16,0.0,0.0,0.0,0.0,996.5,0.0
0,801200,VOLCANIC_ROCK_VOUCHER_9500,995.0,11.0,0.0,0.0,0.0,0.0,997,11,0.0,0.0,0.0,0.0,996.0,0.0
0,801300,VOLCANIC_ROCK_VOUCHER_9500,995.0,18.0,0.0,0.0,0.0,0.0,997,18,0.0,0.0,0.0,0.0,996.0,0.0
0,801400,VOLCANIC_ROCK_VOUCHER_9500,996.0,21.0,0.0,0.0,0.0,0.0,997,21,0.0,0.0,0.0,0.0,996.5,0.0
0,801500,VOLCANIC_ROCK_VOUCHER_9500,995.0,13.0,0.0,0.0,0.0,0.0,996,13,0.0,0.0,0.0,0.0,995.5,0.0
0,801600,VOLCANIC_ROCK_VOUCHER_9500,995.0,13.0,0.0,0.0,0.0,0.0,996,13,0.0,0.0,0.0,0.0,995.5,0.0
0,801700,VOLCANIC_ROCK_VOUCHER_9500,996.0,13.0,0.0,0.0,0.0,0.0,997,13,0.0,0.0,0.0,0.0,996.5,0.0
0,801800,VOLCANIC_ROCK_VOUCHER_9500,0.0,0.0,0.0,0.0,0.0,0.0,997,1,998.0,12.0,0.0,0.0,997.0,0.0
0,801900,VOLCANIC_ROCK_VOUCHER_9500,997.0,17.0,0.0,0.0,0.0,0.0,998,17,0.0,0.0,0.0,0.0,997.5,0.0
0,802000,VOLCANIC_ROCK_VOUCHER_9500,1000.0,37.0,0.0,0.0,0.0,0.0,1002,21,0.0,0.0,0.0,0.0,1001.0,0.0
0,802100,VOLCANIC_ROCK_VOUCHER_9500,999.0,18.0,0.0,0.0,0.0,0.0,1000,18,0.0,0.0,0.0,0.0,999.5,0.0
0,802200,VOLCANIC_ROCK_VOUCHER_9500,1000.0,20.0,0.0,0.0,0.0,0.0,1001,1,1002.0,19.0,0.0,0.0,1000.5,0.0
0,802300,VOLCANIC_ROCK_VOUCHER_9500,999.0,12.0,0.0,0.0,0.0,0.0,1000,12,0.0,0.0,0.0,0.0,999.5,0.0
0,802400,VOLCANIC_ROCK_VOUCHER_9500,998.0,19.0,0.0,0.0,0.0,0.0,999,19,0.0,0.0,0.0,0.0,998.5,0.0
0,802500,VOLCANIC_ROCK_VOUCHER_9500,1001.0,19.0,0.0,0.0,0.0,0.0,1002,19,0.0,0.0,0.0,0.0,1001.5,0.0
0,802600,VOLCANIC_ROCK_VOUCHER_9500,1000.0,14.0,0.0,0.0,0.0,0.0,1001,14,0.0,0.0,0.0,0.0,1000.5,0.0
0,802700,VOLCANIC_ROCK_VOUCHER_9500,1003.0,21.0,0.0,0.0,0.0,0.0,1004,21,0.0,0.0,0.0,0.0,1003.5,0.0
0,802800,VOLCANIC_ROCK_VOUCHER_9500,1003.0,12.0,0.0,0.0,0.0,0.0,1004,12,0.0,0.0,0.0,0.0,1003.5,0.0
0,802900,VOLCANIC_ROCK_VOUCHER_9500,1000.0,20.0,0.0,0.0,0.0,0.0,1001,20,0.0,0.0,0.0,0.0,1000.5,0.0
0,803000,VOLCANIC_ROCK_VOUCHER_9500,1000.0,19.0,0.0,0.0,0.0,0.0,1001,19,0.0,0.0,0.0,0.0,1000.5,0.0
0,803100,VOLCANIC_ROCK_VOUCHER_9500,1000.0,19.0,0.0,0.0,0.0,0.0,1001,19,0.0,0.0,0.0,0.0,1000.5,0.0
0,803200,VOLCANIC_ROCK_VOUCHER_9500,1000.0,17.0,0.0,0.0,0.0,0.0,1001,17,0.0,0.0,0.0,0.0,1000.5,0.0
0,803300,VOLCANIC_ROCK_VOUCHER_9500,999.0,18.0,0.0,0.0,0.0,0.0,1000,18,0.0,0.0,0.0,0.0,999.5,0.0
0,803400,VOLCANIC_ROCK_VOUCHER_9500,1000.0,15.0,0.0,0.0,0.0,0.0,1002,15,0.0,0.0,0.0,0.0,1001.0,0.0
0,803500,VOLCANIC_ROCK_VOUCHER_9500,999.0,12.0,0.0,0.0,0.0,0.0,1000,12,0.0,0.0,0.0,0.0,999.5,0.0
0,803600,VOLCANIC_ROCK_VOUCHER_9500,997.0,10.0,0.0,0.0,0.0,0.0,998,10,0.0,0.0,0.0,0.0,997.5,0.0
0,803700,VOLCANIC_ROCK_VOUCHER_9500,997.0,14.0,0.0,0.0,0.0,0.0,998,14,0.0,0.0,0.0,0.0,997.5,0.0
0,803800,VOLCANIC_ROCK_VOUCHER_9500,998.0,20.0,0.0,0.0,0.0,0.0,999,20,0.0,0.0,0.0,0.0,998.5,0.0
0,803900,VOLCANIC_ROCK_VOUCHER_9500,999.0,18.0,0.0,0.0,0.0,0.0,1000,18,0.0,0.0,0.0,0.0,999.5,0.0
0,804000,VOLCANIC_ROCK_VOUCHER_9500,999.0,14.0,0.0,0.0,0.0,0.0,1000,14,0.0,0.0,0.0,0.0,999.5,0.0
0,804100,VOLCANIC_ROCK_VOUCHER_9500,997.0,19.0,0.0,0.0,0.0,0.0,998,19,0.0,0.0,0.0,0.0,997.5,0.0
0,804200,VOLCANIC_ROCK_VOUCHER_9500,997.0,15.0,0.0,0.0,0.0,0.0,998,15,0.0,0.0,0.0,0.0,997.5,0.0
0,804300,VOLCANIC_ROCK_VOUCHER_9500,996.0,22.0,0.0,0.0,0.0,0.0,997,12,0.0,0.0,0.0,0.0,996.5,0.0
0,804400,VOLCANIC_ROCK_VOUCHER_9500,997.0,14.0,0.0,0.0,0.0,0.0,998,14,0.0,0.0,0.0,0.0,997.5,0.0
0,804500,VOLCANIC_ROCK_VOUCHER_9500,995.0,14.0,0.0,0.0,0.0,0.0,996,14,0.0,0.0,0.0,0.0,995.5,0.0
0,804600,VOLCANIC_ROCK_VOUCHER_9500,993.0,21.0,0.0,0.0,0.0,0.0,994,21,0.0,0.0,0.0,0.0,993.5,0.0
0,804700,VOLCANIC_ROCK_VOUCHER_9500,993.0,21.0,0.0,0.0,0.0,0.0,995,21,0.0,0.0,0.0,0.0,994.0,0.0
0,804800,VOLCANIC_ROCK_VOUCHER_9500,993.0,19.0,0.0,0.0,0.0,0.0,995,19,0.0,0.0,0.0,0.0,994.0,0.0
0,804900,VOLCANIC_ROCK_VOUCHER_9500,995.0,11.0,0.0,0.0,0.0,0.0,996,11,0.0,0.0,0.0,0.0,995.5,0.0
0,805000,VOLCANIC_ROCK_VOUCHER_9500,995.0,19.0,0.0,0.0,0.0,0.0,996,19,0.0,0.0,0.0,0.0,995.5,0.0
0,805100,VOLCANIC_ROCK_VOUCHER_9500,997.0,26.0,0.0,0.0,0.0,0.0,998,12,0.0,0.0,0.0,0.0,997.5,0.0
0,805200,VOLCANIC_ROCK_VOUCHER_9500,995.0,15.0,0.0,0.0,0.0,0.0,996,15,0.0,0.0,0.0,0.0,995.5,0.0
0,805300,VOLCANIC_ROCK_VOUCHER_9500,996.0,16.0,0.0,0.0,0.0,0.0,997,16,0.0,0.0,0.0,0.0,996.5,0.0
0,805400,VOLCANIC_ROCK_VOUCHER_9500,996.0,13.0,0.0,0.0,0.0,0.0,997,13,0.0,0.0,0.0,0.0,996.5,0.0
0,805500,VOLCANIC_ROCK_VOUCHER_9500,999.0,14.0,0.0,0.0,0.0,0.0,1000,14,0.0,0.0,0.0,0.0,999.5,0.0
0,805600,VOLCANIC_ROCK_VOUCHER_9500,999.0,17.0,0.0,0.0,0.0,0.0,1000,17,0.0,0.0,0.0,0.0,999.5,0.0
0,805700,VOLCANIC_ROCK_VOUCHER_9500,997.0,18.0,0.0,0.0,0.0,0.0,999,18,0.0,0.0,0.0,0.0,998.0,0.0
0,805800,VOLCANIC_ROCK_VOUCHER_9500,999.0,14.0,0.0,0.0,0.0,0.0,1000,14,0.0,0.0,0.0,0.0,999.5,0.0
0,805900,VOLCANIC_ROCK_VOUCHER_9500,998.0,17.0,0.0,0.0,0.0,0.0,999,17,0.0,0.0,0.0,0.0,998.5,0.0
0,806000,VOLCANIC_ROCK_VOUCHER_9500,996.0,15.0,0.0,0.0,0.0,0.0,998,15,0.0,0.0,0.0,0.0,997.0,0.0
0,806100,VOLCANIC_ROCK_VOUCHER_9500,995.0,13.0,0.0,0.0,0.0,0.0,996,13,0.0,0.0,0.0,0.0,995.5,0.0
0,806200,VOLCANIC_ROCK_VOUCHER_9500,991.0,11.0,0.0,0.0,0.0,0.0,992,11,0.0,0.0,0.0,0.0,991.5,0.0
0,806300,VOLCANIC_ROCK_VOUCHER_9500,994.0,22.0,0.0,0.0,0.0,0.0,995,22,0.0,0.0,0.0,0.0,994.5,0.0
0,806400,VOLCANIC_ROCK_VOUCHER_9500,994.0,18.0,0.0,0.0,0.0,0.0,995,18,0.0,0.0,0.0,0.0,994.5,0.0
0,806500,VOLCANIC_ROCK_VOUCHER_9500,992.0,13.0,0.0,0.0,0.0,0.0,993,13,0.0,0.0,0.0,0.0,992.5,0.0
0,806600,VOLCANIC_ROCK_VOUCHER_9500,993.0,5.0,0.0,0.0,0.0,0.0,994,10,0.0,0.0,0.0,0.0,993.5,0.0
0,806700,VOLCANIC_ROCK_VOUCHER_9500,993.0,13.0,0.0,0.0,0.0,0.0,994,13,0.0,0.0,0.0,0.0,993.5,0.0
0,806800,VOLCANIC_ROCK_VOUCHER_9500,993.0,17.0,0.0,0.0,0.0,0.0,994,2,995.0,15.0,0.0,0.0,993.5,0.0
0,806900,VOLCANIC_ROCK_VOUCHER_9500,995.0,12.0,0.0,0.0,0.0,0.0,996,12,0.0,0.0,0.0,0.0,995.5,0.0
0,807000,VOLCANIC_ROCK_VOUCHER_9500,995.0,15.0,0.0,0.0,0.0,0.0,996,15,0.0,0.0,0.0,0.0,995.5,0.0
0,807100,VOLCANIC_ROCK_VOUCHER_9500,995.0,19.0,0.0,0.0,0.0,0.0,996,10,0.0,0.0,0.0,0.0,995.5,0.0
0,807200,VOLCANIC_ROCK_VOUCHER_9500,997.0,22.0,0.0,0.0,0.0,0.0,998,22,0.0,0.0,0.0,0.0,997.5,0.0
0,807300,VOLCANIC_ROCK_VOUCHER_9500,997.0,21.0,0.0,0.0,0.0,0.0,998,21,0.0,0.0,0.0,0.0,997.5,0.0
0,807400,VOLCANIC_ROCK_VOUCHER_9500,996.0,22.0,0.0,0.0,0.0,0.0,997,22,0.0,0.0,0.0,0.0,996.5,0.0
0,807500,VOLCANIC_ROCK_VOUCHER_9500,997.0,8.0,0.0,0.0,0.0,0.0,998,19,0.0,0.0,0.0,0.0,997.5,0.0
0,807600,VOLCANIC_ROCK_VOUCHER_9500,0.0,0.0,0.0,0.0,0.0,0.0,998,7,999.0,12.0,0.0,0.0,998.0,0.0
0,807700,VOLCANIC_ROCK_VOUCHER_9500,1001.0,18.0,0.0,0.0,0.0,0.0,1002,18,0.0,0.0,0.0,0.0,1001.5,0.0
0,807800,VOLCANIC_ROCK_VOUCHER_9500,1001.0,17.0,0.0,0.0,0.0,0.0,1002,17,0.0,0.0,0.0,0.0,1001.5,0.0
0,807900,VOLCANIC_ROCK_VOUCHER_9500,1004.0,16.0,0.0,0.0,0.0,0.0,1005,16,0.0,0.0,0.0,0.0,1004.5,0.0
0,808000,VOLCANIC_ROCK_VOUCHER_9500,1004.0,11.0,0.0,0.0,0.0,0.0,1005,11,0.0,0.0,0.0,0.0,1004.5,0.0
0,808100,VOLCANIC_ROCK_VOUCHER_9500,1001.0,15.0,0.0,0.0,0.0,0.0,1003,15,0.0,0.0,0.0,0.0,1002.0,0.0
0,808200,VOLCANIC_ROCK_VOUCHER_9500,1003.0,16.0,0.0,0.0,0.0,0.0,1004,16,0.0,0.0,0.0,0.0,1003.5,0.0
0,808300,VOLCANIC_ROCK_VOUCHER_9500,1000.0,12.0,0.0,0.0,0.0,0.0,1001,12,0.0,0.0,0.0,0.0,1000.5,0.0
0,808400,VOLCANIC_ROCK_VOUCHER_9500,998.0,12.0,0.0,0.0,0.0,0.0,999,12,0.0,0.0,0.0,0.0,998.5,0.0
0,808500,VOLCANIC_ROCK_VOUCHER_9500,995.0,12.0,0.0,0.0,0.0,0.0,997,12,0.0,0.0,0.0,0.0,996.0,0.0
0,808600,VOLCANIC_ROCK_VOUCHER_9500,995.0,18.0,0.0,0.0,0.0,0.0,996,18,0.0,0.0,0.0,0.0,995.5,0.0
0,808700,VOLCANIC_ROCK_VOUCHER_9500,996.0,19.0,0.0,0.0,0.0,0.0,997,19,0.0,0.0,0.0,0.0,996.5,0.0
0,808800,VOLCANIC_ROCK_VOUCHER_9500,996.0,19.0,0.0,0.0,0.0,0.0,997,19,0.0,0.0,0.0,0.0,996.5,0.0
0,808900,VOLCANIC_ROCK_VOUCHER_9500,993.0,21.0,0.0,0.0,0.0,0.0,995,21,0.0,0.0,0.0,0.0,994.0,0.0
0,809000,VOLCANIC_ROCK_VOUCHER_9500,994.0,15.0,0.0,0.0,0.0,0.0,995,15,0.0,0.0,0.0,0.0,994.5,0.0
0,809100,VOLCANIC_ROCK_VOUCHER_9500,995.0,20.0,0.0,0.0,0.0,0.0,996,20,0.0,0.0,0.0,0.0,995.5,0.0
0,809200,VOLCANIC_ROCK_VOUCHER_9500,993.0,13.0,0.0,0.0,0.0,0.0,995,13,0.0,0.0,0.0,0.0,994.0,0.0
0,809300,VOLCANIC_ROCK_VOUCHER_9500,993.0,15.0,0.0,0.0,0.0,0.0,994,15,0.0,0.0,0.0,0.0,993.5,0.0
0,809400,VOLCANIC_ROCK_VOUCHER_9500,994.0,12.0,0.0,0.0,0.0,0.0,996,12,0.0,0.0,0.0,0.0,995.0,0.0
0,809500,VOLCANIC_ROCK_VOUCHER_9500,990.0,13.0,0.0,0.0,0.0,0.0,992,13,0.0,0.0,0.0,0.0,991.0,0.0
0,809600,VOLCANIC_ROCK_VOUCHER_9500,990.0,21.0,0.0,0.0,0.0,0.0,991,21,0.0,0.0,0.0,0.0,990.5,0.0
0,809700,VOLCANIC_ROCK_VOUCHER_9500,991.0,13.0,0.0,0.0,0.0,0.0,992,13,0.0,0.0,0.0,0.0,991.5,0.0
0,809800,VOLCANIC_ROCK_VOUCHER_9500,991.0,15.0,0.0,0.0,0.0,0.0,993,15,0.0,0.0,0.0,0.0,992.0,0.0
0,809900,VOLCANIC_ROCK_VOUCHER_9500,991.0,13.0,0.0,0.0,0.0,0.0,992,13,0.0,0.0,0.0,0.0,991.5,0.0
0,810000,VOLCANIC_ROCK_VOUCHER_9500,990.0,21.0,0.0,0.0,0.0,0.0,991,21,0.0,0.0,0.0,0.0,990.5,0.0
0,810100,VOLCANIC_ROCK_VOUCHER_9500,991.0,22.0,0.0,0.0,0.0,0.0,993,22,0.0,0.0,0.0,0.0,992.0,0.0
0,810200,VOLCANIC_ROCK_VOUCHER_9500,992.0,19.0,0.0,0.0,0.0,0.0,993,19,0.0,0.0,0.0,0.0,992.5,0.0
0,810300,VOLCANIC_ROCK_VOUCHER_9500,990.0,20.0,0.0,0.0,0.0,0.0,991,10,0.0,0.0,0.0,0.0,990.5,0.0
0,810400,VOLCANIC_ROCK_VOUCHER_9500,989.0,15.0,0.0,0.0,0.0,0.0,990,15,0.0,0.0,0.0,0.0,989.5,0.0
0,810500,VOLCANIC_ROCK_VOUCHER_9500,990.0,14.0,0.0,0.0,0.0,0.0,991,14,0.0,0.0,0.0,0.0,990.5,0.0
0,810600,VOLCANIC_ROCK_VOUCHER_9500,990.0,10.0,0.0,0.0,0.0,0.0,992,10,0.0,0.0,0.0,0.0,991.0,0.0
0,810700,VOLCANIC_ROCK_VOUCHER_9500,990.0,11.0,0.0,0.0,0.0,0.0,991,11,0.0,0.0,0.0,0.0,990.5,0.0
0,810800,VOLCANIC_ROCK_VOUCHER_9500,990.0,16.0,0.0,0.0,0.0,0.0,991,16,0.0,0.0,0.0,0.0,990.5,0.0
0,810900,VOLCANIC_ROCK_VOUCHER_9500,989.0,13.0,0.0,0.0,0.0,0.0,990,13,0.0,0.0,0.0,0.0,989.5,0.0
0,811000,VOLCANIC_ROCK_VOUCHER_9500,989.0,20.0,0.0,0.0,0.0,0.0,990,20,0.0,0.0,0.0,0.0,989.5,0.0
0,811100,VOLCANIC_ROCK_VOUCHER_9500,990.0,15.0,0.0,0.0,0.0,0.0,991,15,0.0,0.0,0.0,0.0,990.5,0.0
0,811200,VOLCANIC_ROCK_VOUCHER_9500,988.0,15.0,0.0,0.0,0.0,0.0,989,15,0.0,0.0,0.0,0.0,988.5,0.0
0,811300,VOLCANIC_ROCK_VOUCHER_9500,987.0,11.0,0.0,0.0,0.0,0.0,989,11,0.0,0.0,0.0,0.0,988.0,0.0
0,811400,VOLCANIC_ROCK_VOUCHER_9500,988.0,17.0,0.0,0.0,0.0,0.0,989,17,0.0,0.0,0.0,0.0,988.5,0.0
0,811500,VOLCANIC_ROCK_VOUCHER_9500,987.0,21.0,0.0,0.0,0.0,0.0,988,21,0.0,0.0,0.0,0.0,987.5,0.0
0,811600,VOLCANIC_ROCK_VOUCHER_9500,985.0,21.0,0.0,0.0,0.0,0.0,986,21,0.0,0.0,0.0,0.0,985.5,0.0
0,811700,VOLCANIC_ROCK_VOUCHER_9500,986.0,17.0,0.0,0.0,0.0,0.0,987,17,0.0,0.0,0.0,0.0,986.5,0.0
0,811800,VOLCANIC_ROCK_VOUCHER_9500,986.0,21.0,0.0,0.0,0.0,0.0,988,21,0.0,0.0,0.0,0.0,987.0,0.0
0,811900,VOLCANIC_ROCK_VOUCHER_9500,985.0,14.0,0.0,0.0,0.0,0.0,986,14,0.0,0.0,0.0,0.0,985.5,0.0
0,812000,VOLCANIC_ROCK_VOUCHER_9500,985.0,18.0,0.0,0.0,0.0,0.0,986,18,0.0,0.0,0.0,0.0,985.5,0.0
0,812100,VOLCANIC_ROCK_VOUCHER_9500,984.0,7.0,0.0,0.0,0.0,0.0,985,19,0.0,0.0,0.0,0.0,984.5,0.0
0,812200,VOLCANIC_ROCK_VOUCHER_9500,987.0,19.0,0.0,0.0,0.0,0.0,988,19,0.0,0.0,0.0,0.0,987.5,0.0
0,812300,VOLCANIC_ROCK_VOUCHER_9500,989.0,19.0,0.0,0.0,0.0,0.0,990,19,0.0,0.0,0.0,0.0,989.5,0.0
0,812400,VOLCANIC_ROCK_VOUCHER_9500,991.0,20.0,0.0,0.0,0.0,0.0,992,20,0.0,0.0,0.0,0.0,991.5,0.0
0,812500,VOLCANIC_ROCK_VOUCHER_9500,987.0,15.0,986.0,20.0,0.0,0.0,988,20,0.0,0.0,0.0,0.0,987.5,0.0
0,812600,VOLCANIC_ROCK_VOUCHER_9500,988.0,12.0,0.0,0.0,0.0,0.0,989,12,0.0,0.0,0.0,0.0,988.5,0.0
0,812700,VOLCANIC_ROCK_VOUCHER_9500,988.0,14.0,0.0,0.0,0.0,0.0,989,14,0.0,0.0,0.0,0.0,988.5,0.0
0,812800,VOLCANIC_ROCK_VOUCHER_9500,989.0,24.0,0.0,0.0,0.0,0.0,990,14,0.0,0.0,0.0,0.0,989.5,0.0
0,812900,VOLCANIC_ROCK_VOUCHER_9500,990.0,12.0,0.0,0.0,0.0,0.0,991,12,0.0,0.0,0.0,0.0,990.5,0.0
0,813000,VOLCANIC_ROCK_VOUCHER_9500,990.0,21.0,0.0,0.0,0.0,0.0,991,21,0.0,0.0,0.0,0.0,990.5,0.0
0,813100,VOLCANIC_ROCK_VOUCHER_9500,988.0,22.0,0.0,0.0,0.0,0.0,989,22,0.0,0.0,0.0,0.0,988.5,0.0
0,813200,VOLCANIC_ROCK_VOUCHER_9500,988.0,18.0,0.0,0.0,0.0,0.0,990,18,0.0,0.0,0.0,0.0,989.0,0.0
0,813300,VOLCANIC_ROCK_VOUCHER_9500,988.0,4.0,0.0,0.0,0.0,0.0,990,15,0.0,0.0,0.0,0.0,989.0,0.0
0,813400,VOLCANIC_ROCK_VOUCHER_9500,988.0,14.0,0.0,0.0,0.0,0.0,989,14,0.0,0.0,0.0,0.0,988.5,0.0
0,813500,VOLCANIC_ROCK_VOUCHER_9500,989.0,18.0,0.0,0.0,0.0,0.0,990,18,0.0,0.0,0.0,0.0,989.5,0.0
0,813600,VOLCANIC_ROCK_VOUCHER_9500,989.0,21.0,0.0,0.0,0.0,0.0,990,21,0.0,0.0,0.0,0.0,989.5,0.0
0,813700,VOLCANIC_ROCK_VOUCHER_9500,987.0,17.0,0.0,0.0,0.0,0.0,989,17,0.0,0.0,0.0,0.0,988.0,0.0
0,813800,VOLCANIC_ROCK_VOUCHER_9500,987.0,14.0,0.0,0.0,0.0,0.0,988,14,0.0,0.0,0.0,0.0,987.5,0.0
0,813900,VOLCANIC_ROCK_VOUCHER_9500,988.0,19.0,0.0,0.0,0.0,0.0,989,19,0.0,0.0,0.0,0.0,988.5,0.0
0,814000,VOLCANIC_ROCK_VOUCHER_9500,986.0,15.0,0.0,0.0,0.0,0.0,987,15,0.0,0.0,0.0,0.0,986.5,0.0
0,814100,VOLCANIC_ROCK_VOUCHER_9500,987.0,12.0,0.0,0.0,0.0,0.0,989,12,0.0,0.0,0.0,0.0,988.0,0.0
0,814200,VOLCANIC_ROCK_VOUCHER_9500,987.0,15.0,0.0,0.0,0.0,0.0,989,15,0.0,0.0,0.0,0.0,988.0,0.0
0,814300,VOLCANIC_ROCK_VOUCHER_9500,987.0,20.0,0.0,0.0,0.0,0.0,988,20,0.0,0.0,0.0,0.0,987.5,0.0
0,814400,VOLCANIC_ROCK_VOUCHER_9500,987.0,19.0,0.0,0.0,0.0,0.0,988,19,0.0,0.0,0.0,0.0,987.5,0.0
0,814500,VOLCANIC_ROCK_VOUCHER_9500,987.0,18.0,0.0,0.0,0.0,0.0,989,18,0.0,0.0,0.0,0.0,988.0,0.0
0,814600,VOLCANIC_ROCK_VOUCHER_9500,986.0,16.0,0.0,0.0,0.0,0.0,987,16,0.0,0.0,0.0,0.0,986.5,0.0
0,814700,VOLCANIC_ROCK_VOUCHER_9500,988.0,17.0,0.0,0.0,0.0,0.0,989,17,0.0,0.0,0.0,0.0,988.5,0.0
0,814800,VOLCANIC_ROCK_VOUCHER_9500,989.0,20.0,0.0,0.0,0.0,0.0,991,20,0.0,0.0,0.0,0.0,990.0,0.0
0,814900,VOLCANIC_ROCK_VOUCHER_9500,991.0,18.0,0.0,0.0,0.0,0.0,992,18,0.0,0.0,0.0,0.0,991.5,0.0
0,815000,VOLCANIC_ROCK_VOUCHER_9500,990.0,20.0,0.0,0.0,0.0,0.0,991,20,0.0,0.0,0.0,0.0,990.5,0.0
0,815100,VOLCANIC_ROCK_VOUCHER_9500,990.0,19.0,0.0,0.0,0.0,0.0,991,19,0.0,0.0,0.0,0.0,990.5,0.0
0,815200,VOLCANIC_ROCK_VOUCHER_9500,991.0,12.0,0.0,0.0,0.0,0.0,992,12,0.0,0.0,0.0,0.0,991.5,0.0
0,815300,VOLCANIC_ROCK_VOUCHER_9500,991.0,12.0,0.0,0.0,0.0,0.0,992,12,0.0,0.0,0.0,0.0,991.5,0.0
0,815400,VOLCANIC_ROCK_VOUCHER_9500,989.0,18.0,0.0,0.0,0.0,0.0,990,18,0.0,0.0,0.0,0.0,989.5,0.0
0,815500,VOLCANIC_ROCK_VOUCHER_9500,989.0,4.0,0.0,0.0,0.0,0.0,990,17,0.0,0.0,0.0,0.0,989.5,0.0
0,815600,VOLCANIC_ROCK_VOUCHER_9500,987.0,11.0,0.0,0.0,0.0,0.0,988,11,0.0,0.0,0.0,0.0,987.5,0.0
0,815700,VOLCANIC_ROCK_VOUCHER_9500,987.0,14.0,0.0,0.0,0.0,0.0,988,14,0.0,0.0,0.0,0.0,987.5,0.0
0,815800,VOLCANIC_ROCK_VOUCHER_9500,988.0,17.0,0.0,0.0,0.0,0.0,989,17,0.0,0.0,0.0,0.0,988.5,0.0
0,815900,VOLCANIC_ROCK_VOUCHER_9500,989.0,11.0,0.0,0.0,0.0,0.0,991,11,0.0,0.0,0.0,0.0,990.0,0.0
0,816000,VOLCANIC_ROCK_VOUCHER_9500,988.0,29.0,0.0,0.0,0.0,0.0,989,18,0.0,0.0,0.0,0.0,988.5,0.0
0,816100,VOLCANIC_ROCK_VOUCHER_9500,986.0,12.0,0.0,0.0,0.0,0.0,987,12,0.0,0.0,0.0,0.0,986.5,0.0
0,816200,VOLCANIC_ROCK_VOUCHER_9500,986.0,33.0,0.0,0.0,0.0,0.0,988,21,0.0,0.0,0.0,0.0,987.0,0.0
0,816300,VOLCANIC_ROCK_VOUCHER_9500,986.0,19.0,0.0,0.0,0.0,0.0,987,19,0.0,0.0,0.0,0.0,986.5,0.0
0,816400,VOLCANIC_ROCK_VOUCHER_9500,987.0,14.0,0.0,0.0,0.0,0.0,989,14,0.0,0.0,0.0,0.0,988.0,0.0
0,816500,VOLCANIC_ROCK_VOUCHER_9500,988.0,19.0,0.0,0.0,0.0,0.0,989,19,0.0,0.0,0.0,0.0,988.5,0.0
0,816600,VOLCANIC_ROCK_VOUCHER_9500,988.0,18.0,0.0,0.0,0.0,0.0,989,18,0.0,0.0,0.0,0.0,988.5,0.0
0,816700,VOLCANIC_ROCK_VOUCHER_9500,987.0,31.0,0.0,0.0,0.0,0.0,988,16,0.0,0.0,0.0,0.0,987.5,0.0
0,816800,VOLCANIC_ROCK_VOUCHER_9500,988.0,22.0,0.0,0.0,0.0,0.0,989,22,0.0,0.0,0.0,0.0,988.5,0.0
0,816900,VOLCANIC_ROCK_VOUCHER_9500,987.0,10.0,0.0,0.0,0.0,0.0,988,10,0.0,0.0,0.0,0.0,987.5,0.0
0,817000,VOLCANIC_ROCK_VOUCHER_9500,986.0,15.0,0.0,0.0,0.0,0.0,988,15,0.0,0.0,0.0,0.0,987.0,0.0
0,817100,VOLCANIC_ROCK_VOUCHER_9500,984.0,15.0,0.0,0.0,0.0,0.0,986,15,0.0,0.0,0.0,0.0,985.0,0.0
0,817200,VOLCANIC_ROCK_VOUCHER_9500,984.0,12.0,0.0,0.0,0.0,0.0,985,12,0.0,0.0,0.0,0.0,984.5,0.0
0,817300,VOLCANIC_ROCK_VOUCHER_9500,985.0,17.0,0.0,0.0,0.0,0.0,986,17,0.0,0.0,0.0,0.0,985.5,0.0
0,817400,VOLCANIC_ROCK_VOUCHER_9500,984.0,14.0,0.0,0.0,0.0,0.0,985,14,0.0,0.0,0.0,0.0,984.5,0.0
0,817500,VOLCANIC_ROCK_VOUCHER_9500,985.0,13.0,0.0,0.0,0.0,0.0,986,13,0.0,0.0,0.0,0.0,985.5,0.0
0,817600,VOLCANIC_ROCK_VOUCHER_9500,985.0,14.0,0.0,0.0,0.0,0.0,986,14,0.0,0.0,0.0,0.0,985.5,0.0
0,817700,VOLCANIC_ROCK_VOUCHER_9500,985.0,24.0,0.0,0.0,0.0,0.0,987,12,0.0,0.0,0.0,0.0,986.0,0.0
0,817800,VOLCANIC_ROCK_VOUCHER_9500,986.0,11.0,0.0,0.0,0.0,0.0,987,11,0.0,0.0,0.0,0.0,986.5,0.0
0,817900,VOLCANIC_ROCK_VOUCHER_9500,985.0,18.0,0.0,0.0,0.0,0.0,987,18,0.0,0.0,0.0,0.0,986.0,0.0
0,818000,VOLCANIC_ROCK_VOUCHER_9500,986.0,19.0,0.0,0.0,0.0,0.0,987,19,0.0,0.0,0.0,0.0,986.5,0.0
0,818100,VOLCANIC_ROCK_VOUCHER_9500,986.0,19.0,0.0,0.0,0.0,0.0,987,19,0.0,0.0,0.0,0.0,986.5,0.0
0,818200,VOLCANIC_ROCK_VOUCHER_9500,986.0,17.0,0.0,0.0,0.0,0.0,987,17,0.0,0.0,0.0,0.0,986.5,0.0
0,818300,VOLCANIC_ROCK_VOUCHER_9500,986.0,22.0,0.0,0.0,0.0,0.0,987,22,0.0,0.0,0.0,0.0,986.5,0.0
0,818400,VOLCANIC_ROCK_VOUCHER_9500,989.0,16.0,0.0,0.0,0.0,0.0,990,16,0.0,0.0,0.0,0.0,989.5,0.0
0,818500,VOLCANIC_ROCK_VOUCHER_9500,988.0,18.0,0.0,0.0,0.0,0.0,989,18,0.0,0.0,0.0,0.0,988.5,0.0
0,818600,VOLCANIC_ROCK_VOUCHER_9500,987.0,21.0,0.0,0.0,0.0,0.0,989,21,0.0,0.0,0.0,0.0,988.0,0.0
0,818700,VOLCANIC_ROCK_VOUCHER_9500,987.0,16.0,0.0,0.0,0.0,0.0,988,16,0.0,0.0,0.0,0.0,987.5,0.0
0,818800,VOLCANIC_ROCK_VOUCHER_9500,986.0,21.0,0.0,0.0,0.0,0.0,987,21,0.0,0.0,0.0,0.0,986.5,0.0
0,818900,VOLCANIC_ROCK_VOUCHER_9500,986.0,15.0,0.0,0.0,0.0,0.0,987,15,0.0,0.0,0.0,0.0,986.5,0.0
0,819000,VOLCANIC_ROCK_VOUCHER_9500,986.0,17.0,0.0,0.0,0.0,0.0,987,17,0.0,0.0,0.0,0.0,986.5,0.0
0,819100,VOLCANIC_ROCK_VOUCHER_9500,985.0,16.0,0.0,0.0,0.0,0.0,986,16,0.0,0.0,0.0,0.0,985.5,0.0
0,819200,VOLCANIC_ROCK_VOUCHER_9500,985.0,17.0,0.0,0.0,0.0,0.0,986,17,0.0,0.0,0.0,0.0,985.5,0.0
0,819300,VOLCANIC_ROCK_VOUCHER_9500,985.0,11.0,0.0,0.0,0.0,0.0,986,11,0.0,0.0,0.0,0.0,985.5,0.0
0,819400,VOLCANIC_ROCK_VOUCHER_9500,0.0,0.0,0.0,0.0,0.0,0.0,985,6,986.0,12.0,0.0,0.0,985.0,0.0
0,819500,VOLCANIC_ROCK_VOUCHER_9500,986.0,12.0,0.0,0.0,0.0,0.0,987,12,0.0,0.0,0.0,0.0,986.5,0.0
0,819600,VOLCANIC_ROCK_VOUCHER_9500,985.0,19.0,0.0,0.0,0.0,0.0,986,19,0.0,0.0,0.0,0.0,985.5,0.0
0,819700,VOLCANIC_ROCK_VOUCHER_9500,984.0,11.0,0.0,0.0,0.0,0.0,985,11,0.0,0.0,0.0,0.0,984.5,0.0
0,819800,VOLCANIC_ROCK_VOUCHER_9500,981.0,13.0,0.0,0.0,0.0,0.0,982,13,0.0,0.0,0.0,0.0,981.5,0.0
0,819900,VOLCANIC_ROCK_VOUCHER_9500,982.0,14.0,0.0,0.0,0.0,0.0,983,14,0.0,0.0,0.0,0.0,982.5,0.0
0,820000,VOLCANIC_ROCK_VOUCHER_9500,982.0,14.0,0.0,0.0,0.0,0.0,983,14,0.0,0.0,0.0,0.0,982.5,0.0
0,820100,VOLCANIC_ROCK_VOUCHER_9500,981.0,17.0,0.0,0.0,0.0,0.0,983,17,0.0,0.0,0.0,0.0,982.0,0.0
0,820200,VOLCANIC_ROCK_VOUCHER_9500,981.0,18.0,0.0,0.0,0.0,0.0,982,18,0.0,0.0,0.0,0.0,981.5,0.0
0,820300,VOLCANIC_ROCK_VOUCHER_9500,981.0,0.0,0.0,0.0,0.0,0.0,982,20,0.0,0.0,0.0,0.0,981.5,0.0
0,820400,VOLCANIC_ROCK_VOUCHER_9500,981.0,13.0,0.0,0.0,0.0,0.0,982,13,0.0,0.0,0.0,0.0,981.5,0.0
0,820500,VOLCANIC_ROCK_VOUCHER_9500,979.0,6.0,0.0,0.0,0.0,0.0,980,19,0.0,0.0,0.0,0.0,979.5,0.0
0,820600,VOLCANIC_ROCK_VOUCHER_9500,979.0,10.0,0.0,0.0,0.0,0.0,980,15,0.0,0.0,0.0,0.0,979.5,0.0
0,820700,VOLCANIC_ROCK_VOUCHER_9500,979.0,11.0,0.0,0.0,0.0,0.0,980,11,0.0,0.0,0.0,0.0,979.5,0.0
0,820800,VOLCANIC_ROCK_VOUCHER_9500,978.0,17.0,0.0,0.0,0.0,0.0,979,17,0.0,0.0,0.0,0.0,978.5,0.0
0,820900,VOLCANIC_ROCK_VOUCHER_9500,979.0,17.0,0.0,0.0,0.0,0.0,980,17,0.0,0.0,0.0,0.0,979.5,0.0
0,821000,VOLCANIC_ROCK_VOUCHER_9500,978.0,15.0,0.0,0.0,0.0,0.0,979,15,0.0,0.0,0.0,0.0,978.5,0.0
0,821100,VOLCANIC_ROCK_VOUCHER_9500,977.0,15.0,0.0,0.0,0.0,0.0,979,15,0.0,0.0,0.0,0.0,978.0,0.0
0,821200,VOLCANIC_ROCK_VOUCHER_9500,980.0,21.0,0.0,0.0,0.0,0.0,981,12,0.0,0.0,0.0,0.0,980.5,0.0
0,821300,VOLCANIC_ROCK_VOUCHER_9500,980.0,21.0,0.0,0.0,0.0,0.0,981,21,0.0,0.0,0.0,0.0,980.5,0.0
0,821400,VOLCANIC_ROCK_VOUCHER_9500,981.0,22.0,0.0,0.0,0.0,0.0,982,22,0.0,0.0,0.0,0.0,981.5,0.0
0,821500,VOLCANIC_ROCK_VOUCHER_9500,980.0,15.0,0.0,0.0,0.0,0.0,981,15,0.0,0.0,0.0,0.0,980.5,0.0
0,821600,VOLCANIC_ROCK_VOUCHER_9500,981.0,17.0,0.0,0.0,0.0,0.0,982,17,0.0,0.0,0.0,0.0,981.5,0.0
0,821700,VOLCANIC_ROCK_VOUCHER_9500,979.0,11.0,0.0,0.0,0.0,0.0,980,11,0.0,0.0,0.0,0.0,979.5,0.0
0,821800,VOLCANIC_ROCK_VOUCHER_9500,978.0,13.0,0.0,0.0,0.0,0.0,979,13,0.0,0.0,0.0,0.0,978.5,0.0
0,821900,VOLCANIC_ROCK_VOUCHER_9500,978.0,16.0,0.0,0.0,0.0,0.0,979,16,0.0,0.0,0.0,0.0,978.5,0.0
0,822000,VOLCANIC_ROCK_VOUCHER_9500,978.0,17.0,0.0,0.0,0.0,0.0,979,17,0.0,0.0,0.0,0.0,978.5,0.0
0,822100,VOLCANIC_ROCK_VOUCHER_9500,978.0,19.0,0.0,0.0,0.0,0.0,979,19,0.0,0.0,0.0,0.0,978.5,0.0
0,822200,VOLCANIC_ROCK_VOUCHER_9500,977.0,20.0,0.0,0.0,0.0,0.0,978,20,0.0,0.0,0.0,0.0,977.5,0.0
0,822300,VOLCANIC_ROCK_VOUCHER_9500,977.0,17.0,0.0,0.0,0.0,0.0,978,17,0.0,0.0,0.0,0.0,977.5,0.0
0,822400,VOLCANIC_ROCK_VOUCHER_9500,979.0,17.0,0.0,0.0,0.0,0.0,980,17,0.0,0.0,0.0,0.0,979.5,0.0
0,822500,VOLCANIC_ROCK_VOUCHER_9500,982.0,25.0,0.0,0.0,0.0,0.0,983,13,0.0,0.0,0.0,0.0,982.5,0.0
0,822600,VOLCANIC_ROCK_VOUCHER_9500,984.0,14.0,0.0,0.0,0.0,0.0,985,14,0.0,0.0,0.0,0.0,984.5,0.0
0,822700,VOLCANIC_ROCK_VOUCHER_9500,988.0,20.0,0.0,0.0,0.0,0.0,989,20,0.0,0.0,0.0,0.0,988.5,0.0
0,822800,VOLCANIC_ROCK_VOUCHER_9500,986.0,22.0,0.0,0.0,0.0,0.0,987,11,0.0,0.0,0.0,0.0,986.5,0.0
0,822900,VOLCANIC_ROCK_VOUCHER_9500,988.0,17.0,0.0,0.0,0.0,0.0,990,17,0.0,0.0,0.0,0.0,989.0,0.0
0,823000,VOLCANIC_ROCK_VOUCHER_9500,990.0,12.0,0.0,0.0,0.0,0.0,991,12,0.0,0.0,0.0,0.0,990.5,0.0
0,823100,VOLCANIC_ROCK_VOUCHER_9500,991.0,22.0,0.0,0.0,0.0,0.0,992,22,0.0,0.0,0.0,0.0,991.5,0.0
0,823200,VOLCANIC_ROCK_VOUCHER_9500,990.0,13.0,0.0,0.0,0.0,0.0,991,13,0.0,0.0,0.0,0.0,990.5,0.0
0,823300,VOLCANIC_ROCK_VOUCHER_9500,991.0,10.0,0.0,0.0,0.0,0.0,992,10,0.0,0.0,0.0,0.0,991.5,0.0
0,823400,VOLCANIC_ROCK_VOUCHER_9500,990.0,36.0,0.0,0.0,0.0,0.0,992,20,0.0,0.0,0.0,0.0,991.0,0.0
0,823500,VOLCANIC_ROCK_VOUCHER_9500,990.0,16.0,0.0,0.0,0.0,0.0,991,16,0.0,0.0,0.0,0.0,990.5,0.0
0,823600,VOLCANIC_ROCK_VOUCHER_9500,988.0,22.0,0.0,0.0,0.0,0.0,989,22,0.0,0.0,0.0,0.0,988.5,0.0
0,823700,VOLCANIC_ROCK_VOUCHER_9500,989.0,13.0,0.0,0.0,0.0,0.0,990,13,0.0,0.0,0.0,0.0,989.5,0.0
0,823800,VOLCANIC_ROCK_VOUCHER_9500,986.0,20.0,0.0,0.0,0.0,0.0,987,20,0.0,0.0,0.0,0.0,986.5,0.0
0,823900,VOLCANIC_ROCK_VOUCHER_9500,987.0,14.0,0.0,0.0,0.0,0.0,989,14,0.0,0.0,0.0,0.0,988.0,0.0
0,824000,VOLCANIC_ROCK_VOUCHER_9500,987.0,18.0,0.0,0.0,0.0,0.0,988,18,0.0,0.0,0.0,0.0,987.5,0.0
0,824100,VOLCANIC_ROCK_VOUCHER_9500,989.0,15.0,0.0,0.0,0.0,0.0,990,15,0.0,0.0,0.0,0.0,989.5,0.0
0,824200,VOLCANIC_ROCK_VOUCHER_9500,989.0,17.0,0.0,0.0,0.0,0.0,990,17,0.0,0.0,0.0,0.0,989.5,0.0
0,824300,VOLCANIC_ROCK_VOUCHER_9500,988.0,13.0,0.0,0.0,0.0,0.0,989,13,0.0,0.0,0.0,0.0,988.5,0.0
0,824400,VOLCANIC_ROCK_VOUCHER_9500,986.0,14.0,0.0,0.0,0.0,0.0,987,14,0.0,0.0,0.0,0.0,986.5,0.0
0,824500,VOLCANIC_ROCK_VOUCHER_9500,987.0,16.0,0.0,0.0,0.0,0.0,988,16,0.0,0.0,0.0,0.0,987.5,0.0
0,824600,VOLCANIC_ROCK_VOUCHER_9500,985.0,17.0,0.0,0.0,0.0,0.0,986,17,0.0,0.0,0.0,0.0,985.5,0.0
0,824700,VOLCANIC_ROCK_VOUCHER_9500,986.0,14.0,0.0,0.0,0.0,0.0,987,14,0.0,0.0,0.0,0.0,986.5,0.0
0,824800,VOLCANIC_ROCK_VOUCHER_9500,985.0,16.0,0.0,0.0,0.0,0.0,986,16,0.0,0.0,0.0,0.0,985.5,0.0
0,824900,VOLCANIC_ROCK_VOUCHER_9500,986.0,17.0,0.0,0.0,0.0,0.0,988,17,0.0,0.0,0.0,0.0,987.0,0.0
0,825000,VOLCANIC_ROCK_VOUCHER_9500,986.0,14.0,0.0,0.0,0.0,0.0,987,14,0.0,0.0,0.0,0.0,986.5,0.0
0,825100,VOLCANIC_ROCK_VOUCHER_9500,988.0,18.0,0.0,0.0,0.0,0.0,989,18,0.0,0.0,0.0,0.0,988.5,0.0
0,825200,VOLCANIC_ROCK_VOUCHER_9500,988.0,4.0,0.0,0.0,0.0,0.0,989,15,0.0,0.0,0.0,0.0,988.5,0.0
0,825300,VOLCANIC_ROCK_VOUCHER_9500,987.0,19.0,0.0,0.0,0.0,0.0,988,19,0.0,0.0,0.0,0.0,987.5,0.0
0,825400,VOLCANIC_ROCK_VOUCHER_9500,988.0,10.0,0.0,0.0,0.0,0.0,989,10,0.0,0.0,0.0,0.0,988.5,0.0
0,825500,VOLCANIC_ROCK_VOUCHER_9500,989.0,23.0,0.0,0.0,0.0,0.0,990,11,0.0,0.0,0.0,0.0,989.5,0.0
0,825600,VOLCANIC_ROCK_VOUCHER_9500,988.0,7.0,0.0,0.0,0.0,0.0,989,19,0.0,0.0,0.0,0.0,988.5,0.0
0,825700,VOLCANIC_ROCK_VOUCHER_9500,983.0,20.0,0.0,0.0,0.0,0.0,984,20,0.0,0.0,0.0,0.0,983.5,0.0
0,825800,VOLCANIC_ROCK_VOUCHER_9500,983.0,11.0,0.0,0.0,0.0,0.0,984,11,0.0,0.0,0.0,0.0,983.5,0.0
0,825900,VOLCANIC_ROCK_VOUCHER_9500,985.0,19.0,0.0,0.0,0.0,0.0,986,19,0.0,0.0,0.0,0.0,985.5,0.0
0,826000,VOLCANIC_ROCK_VOUCHER_9500,985.0,18.0,0.0,0.0,0.0,0.0,987,18,0.0,0.0,0.0,0.0,986.0,0.0
0,826100,VOLCANIC_ROCK_VOUCHER_9500,984.0,18.0,0.0,0.0,0.0,0.0,985,18,0.0,0.0,0.0,0.0,984.5,0.0
0,826200,VOLCANIC_ROCK_VOUCHER_9500,986.0,17.0,0.0,0.0,0.0,0.0,987,17,0.0,0.0,0.0,0.0,986.5,0.0
0,826300,VOLCANIC_ROCK_VOUCHER_9500,987.0,18.0,0.0,0.0,0.0,0.0,988,18,0.0,0.0,0.0,0.0,987.5,0.0
0,826400,VOLCANIC_ROCK_VOUCHER_9500,988.0,19.0,0.0,0.0,0.0,0.0,990,19,0.0,0.0,0.0,0.0,989.0,0.0
0,826500,VOLCANIC_ROCK_VOUCHER_9500,990.0,15.0,0.0,0.0,0.0,0.0,991,15,0.0,0.0,0.0,0.0,990.5,0.0
0,826600,VOLCANIC_ROCK_VOUCHER_9500,989.0,21.0,0.0,0.0,0.0,0.0,990,21,0.0,0.0,0.0,0.0,989.5,0.0
0,826700,VOLCANIC_ROCK_VOUCHER_9500,985.0,12.0,0.0,0.0,0.0,0.0,986,12,0.0,0.0,0.0,0.0,985.5,0.0
0,826800,VOLCANIC_ROCK_VOUCHER_9500,985.0,21.0,0.0,0.0,0.0,0.0,986,21,0.0,0.0,0.0,0.0,985.5,0.0
0,826900,VOLCANIC_ROCK_VOUCHER_9500,985.0,0.0,0.0,0.0,0.0,0.0,986,1,987.0,12.0,0.0,0.0,985.5,0.0
0,827000,VOLCANIC_ROCK_VOUCHER_9500,986.0,20.0,0.0,0.0,0.0,0.0,987,20,0.0,0.0,0.0,0.0,986.5,0.0
0,827100,VOLCANIC_ROCK_VOUCHER_9500,986.0,11.0,0.0,0.0,0.0,0.0,987,11,0.0,0.0,0.0,0.0,986.5,0.0
0,827200,VOLCANIC_ROCK_VOUCHER_9500,985.0,17.0,0.0,0.0,0.0,0.0,986,17,0.0,0.0,0.0,0.0,985.5,0.0
0,827300,VOLCANIC_ROCK_VOUCHER_9500,985.0,14.0,0.0,0.0,0.0,0.0,986,14,0.0,0.0,0.0,0.0,985.5,0.0
0,827400,VOLCANIC_ROCK_VOUCHER_9500,986.0,20.0,0.0,0.0,0.0,0.0,987,20,0.0,0.0,0.0,0.0,986.5,0.0
0,827500,VOLCANIC_ROCK_VOUCHER_9500,986.0,10.0,0.0,0.0,0.0,0.0,987,10,0.0,0.0,0.0,0.0,986.5,0.0
0,827600,VOLCANIC_ROCK_VOUCHER_9500,987.0,28.0,0.0,0.0,0.0,0.0,988,18,0.0,0.0,0.0,0.0,987.5,0.0
0,827700,VOLCANIC_ROCK_VOUCHER_9500,986.0,17.0,0.0,0.0,0.0,0.0,988,17,0.0,0.0,0.0,0.0,987.0,0.0
0,827800,VOLCANIC_ROCK_VOUCHER_9500,986.0,16.0,0.0,0.0,0.0,0.0,987,16,0.0,0.0,0.0,0.0,986.5,0.0
0,827900,VOLCANIC_ROCK_VOUCHER_9500,986.0,17.0,0.0,0.0,0.0,0.0,987,17,0.0,0.0,0.0,0.0,986.5,0.0
0,828000,VOLCANIC_ROCK_VOUCHER_9500,985.0,12.0,0.0,0.0,0.0,0.0,986,12,0.0,0.0,0.0,0.0,985.5,0.0
0,828100,VOLCANIC_ROCK_VOUCHER_9500,984.0,18.0,0.0,0.0,0.0,0.0,985,18,0.0,0.0,0.0,0.0,984.5,0.0
0,828200,VOLCANIC_ROCK_VOUCHER_9500,979.0,14.0,0.0,0.0,0.0,0.0,981,14,0.0,0.0,0.0,0.0,980.0,0.0
0,828300,VOLCANIC_ROCK_VOUCHER_9500,979.0,18.0,0.0,0.0,0.0,0.0,981,18,0.0,0.0,0.0,0.0,980.0,0.0
0,828400,VOLCANIC_ROCK_VOUCHER_9500,978.0,17.0,0.0,0.0,0.0,0.0,979,17,0.0,0.0,0.0,0.0,978.5,0.0
0,828500,VOLCANIC_ROCK_VOUCHER_9500,979.0,19.0,0.0,0.0,0.0,0.0,980,19,0.0,0.0,0.0,0.0,979.5,0.0
0,828600,VOLCANIC_ROCK_VOUCHER_9500,979.0,13.0,0.0,0.0,0.0,0.0,980,13,0.0,0.0,0.0,0.0,979.5,0.0
0,828700,VOLCANIC_ROCK_VOUCHER_9500,976.0,20.0,0.0,0.0,0.0,0.0,978,20,0.0,0.0,0.0,0.0,977.0,0.0
0,828800,VOLCANIC_ROCK_VOUCHER_9500,980.0,17.0,0.0,0.0,0.0,0.0,982,17,0.0,0.0,0.0,0.0,981.0,0.0
0,828900,VOLCANIC_ROCK_VOUCHER_9500,979.0,21.0,0.0,0.0,0.0,0.0,980,21,0.0,0.0,0.0,0.0,979.5,0.0
0,829000,VOLCANIC_ROCK_VOUCHER_9500,977.0,17.0,0.0,0.0,0.0,0.0,978,17,0.0,0.0,0.0,0.0,977.5,0.0
0,829100,VOLCANIC_ROCK_VOUCHER_9500,978.0,21.0,0.0,0.0,0.0,0.0,980,21,0.0,0.0,0.0,0.0,979.0,0.0
0,829200,VOLCANIC_ROCK_VOUCHER_9500,980.0,12.0,0.0,0.0,0.0,0.0,981,21,0.0,0.0,0.0,0.0,980.5,0.0
0,829300,VOLCANIC_ROCK_VOUCHER_9500,980.0,17.0,0.0,0.0,0.0,0.0,982,17,0.0,0.0,0.0,0.0,981.0,0.0
0,829400,VOLCANIC_ROCK_VOUCHER_9500,982.0,19.0,0.0,0.0,0.0,0.0,983,19,0.0,0.0,0.0,0.0,982.5,0.0
0,829500,VOLCANIC_ROCK_VOUCHER_9500,979.0,12.0,0.0,0.0,0.0,0.0,980,12,0.0,0.0,0.0,0.0,979.5,0.0
0,829600,VOLCANIC_ROCK_VOUCHER_9500,981.0,12.0,0.0,0.0,0.0,0.0,982,12,0.0,0.0,0.0,0.0,981.5,0.0
0,829700,VOLCANIC_ROCK_VOUCHER_9500,981.0,1.0,0.0,0.0,0.0,0.0,982,21,0.0,0.0,0.0,0.0,981.5,0.0
0,829800,VOLCANIC_ROCK_VOUCHER_9500,981.0,20.0,0.0,0.0,0.0,0.0,982,20,0.0,0.0,0.0,0.0,981.5,0.0
0,829900,VOLCANIC_ROCK_VOUCHER_9500,981.0,12.0,0.0,0.0,0.0,0.0,982,12,0.0,0.0,0.0,0.0,981.5,0.0
0,830000,VOLCANIC_ROCK_VOUCHER_9500,981.0,18.0,0.0,0.0,0.0,0.0,982,18,0.0,0.0,0.0,0.0,981.5,0.0
0,830100,VOLCANIC_ROCK_VOUCHER_9500,981.0,12.0,0.0,0.0,0.0,0.0,982,12,0.0,0.0,0.0,0.0,981.5,0.0
0,830200,VOLCANIC_ROCK_VOUCHER_9500,977.0,15.0,0.0,0.0,0.0,0.0,979,15,0.0,0.0,0.0,0.0,978.0,0.0
0,830300,VOLCANIC_ROCK_VOUCHER_9500,977.0,14.0,0.0,0.0,0.0,0.0,978,17,979.0,14.0,0.0,0.0,977.5,0.0
0,830400,VOLCANIC_ROCK_VOUCHER_9500,978.0,13.0,0.0,0.0,0.0,0.0,979,13,0.0,0.0,0.0,0.0,978.5,0.0
0,830500,VOLCANIC_ROCK_VOUCHER_9500,976.0,18.0,0.0,0.0,0.0,0.0,977,18,0.0,0.0,0.0,0.0,976.5,0.0
0,830600,VOLCANIC_ROCK_VOUCHER_9500,973.0,12.0,0.0,0.0,0.0,0.0,974,12,0.0,0.0,0.0,0.0,973.5,0.0
0,830700,VOLCANIC_ROCK_VOUCHER_9500,973.0,17.0,0.0,0.0,0.0,0.0,974,17,0.0,0.0,0.0,0.0,973.5,0.0
0,830800,VOLCANIC_ROCK_VOUCHER_9500,973.0,13.0,0.0,0.0,0.0,0.0,975,13,0.0,0.0,0.0,0.0,974.0,0.0
0,830900,VOLCANIC_ROCK_VOUCHER_9500,975.0,14.0,0.0,0.0,0.0,0.0,976,14,0.0,0.0,0.0,0.0,975.5,0.0
0,831000,VOLCANIC_ROCK_VOUCHER_9500,975.0,18.0,974.0,21.0,0.0,0.0,976,21,0.0,0.0,0.0,0.0,975.5,0.0
0,831100,VOLCANIC_ROCK_VOUCHER_9500,973.0,21.0,0.0,0.0,0.0,0.0,975,21,0.0,0.0,0.0,0.0,974.0,0.0
0,831200,VOLCANIC_ROCK_VOUCHER_9500,972.0,30.0,0.0,0.0,0.0,0.0,973,18,0.0,0.0,0.0,0.0,972.5,0.0
0,831300,VOLCANIC_ROCK_VOUCHER_9500,970.0,22.0,0.0,0.0,0.0,0.0,971,22,0.0,0.0,0.0,0.0,970.5,0.0
0,831400,VOLCANIC_ROCK_VOUCHER_9500,969.0,13.0,0.0,0.0,0.0,0.0,970,13,0.0,0.0,0.0,0.0,969.5,0.0
0,831500,VOLCANIC_ROCK_VOUCHER_9500,969.0,12.0,0.0,0.0,0.0,0.0,970,12,0.0,0.0,0.0,0.0,969.5,0.0
0,831600,VOLCANIC_ROCK_VOUCHER_9500,961.0,19.0,0.0,0.0,0.0,0.0,962,19,0.0,0.0,0.0,0.0,961.5,0.0
0,831700,VOLCANIC_ROCK_VOUCHER_9500,961.0,13.0,0.0,0.0,0.0,0.0,962,13,0.0,0.0,0.0,0.0,961.5,0.0
0,831800,VOLCANIC_ROCK_VOUCHER_9500,963.0,20.0,0.0,0.0,0.0,0.0,964,20,0.0,0.0,0.0,0.0,963.5,0.0
0,831900,VOLCANIC_ROCK_VOUCHER_9500,964.0,11.0,0.0,0.0,0.0,0.0,965,11,0.0,0.0,0.0,0.0,964.5,0.0
0,832000,VOLCANIC_ROCK_VOUCHER_9500,966.0,20.0,0.0,0.0,0.0,0.0,967,20,0.0,0.0,0.0,0.0,966.5,0.0
0,832100,VOLCANIC_ROCK_VOUCHER_9500,966.0,16.0,0.0,0.0,0.0,0.0,968,16,0.0,0.0,0.0,0.0,967.0,0.0
0,832200,VOLCANIC_ROCK_VOUCHER_9500,967.0,20.0,0.0,0.0,0.0,0.0,968,20,0.0,0.0,0.0,0.0,967.5,0.0
0,832300,VOLCANIC_ROCK_VOUCHER_9500,967.0,11.0,0.0,0.0,0.0,0.0,968,11,0.0,0.0,0.0,0.0,967.5,0.0
0,832400,VOLCANIC_ROCK_VOUCHER_9500,969.0,14.0,0.0,0.0,0.0,0.0,970,14,0.0,0.0,0.0,0.0,969.5,0.0
0,832500,VOLCANIC_ROCK_VOUCHER_9500,971.0,20.0,0.0,0.0,0.0,0.0,972,20,0.0,0.0,0.0,0.0,971.5,0.0
0,832600,VOLCANIC_ROCK_VOUCHER_9500,971.0,16.0,0.0,0.0,0.0,0.0,972,16,0.0,0.0,0.0,0.0,971.5,0.0
0,832700,VOLCANIC_ROCK_VOUCHER_9500,969.0,18.0,0.0,0.0,0.0,0.0,970,18,0.0,0.0,0.0,0.0,969.5,0.0
0,832800,VOLCANIC_ROCK_VOUCHER_9500,971.0,12.0,0.0,0.0,0.0,0.0,972,12,0.0,0.0,0.0,0.0,971.5,0.0
0,832900,VOLCANIC_ROCK_VOUCHER_9500,972.0,15.0,0.0,0.0,0.0,0.0,973,15,0.0,0.0,0.0,0.0,972.5,0.0
0,833000,VOLCANIC_ROCK_VOUCHER_9500,973.0,16.0,0.0,0.0,0.0,0.0,974,16,0.0,0.0,0.0,0.0,973.5,0.0
0,833100,VOLCANIC_ROCK_VOUCHER_9500,972.0,14.0,0.0,0.0,0.0,0.0,973,14,0.0,0.0,0.0,0.0,972.5,0.0
0,833200,VOLCANIC_ROCK_VOUCHER_9500,972.0,21.0,0.0,0.0,0.0,0.0,973,21,0.0,0.0,0.0,0.0,972.5,0.0
0,833300,VOLCANIC_ROCK_VOUCHER_9500,972.0,22.0,0.0,0.0,0.0,0.0,974,22,0.0,0.0,0.0,0.0,973.0,0.0
0,833400,VOLCANIC_ROCK_VOUCHER_9500,972.0,6.0,0.0,0.0,0.0,0.0,973,17,0.0,0.0,0.0,0.0,972.5,0.0
0,833500,VOLCANIC_ROCK_VOUCHER_9500,973.0,14.0,0.0,0.0,0.0,0.0,974,14,0.0,0.0,0.0,0.0,973.5,0.0
0,833600,VOLCANIC_ROCK_VOUCHER_9500,973.0,19.0,0.0,0.0,0.0,0.0,974,19,0.0,0.0,0.0,0.0,973.5,0.0
0,833700,VOLCANIC_ROCK_VOUCHER_9500,0.0,0.0,0.0,0.0,0.0,0.0,972,1,973.0,14.0,0.0,0.0,972.0,0.0
0,833800,VOLCANIC_ROCK_VOUCHER_9500,971.0,12.0,0.0,0.0,0.0,0.0,972,12,0.0,0.0,0.0,0.0,971.5,0.0
0,833900,VOLCANIC_ROCK_VOUCHER_9500,973.0,11.0,0.0,0.0,0.0,0.0,975,11,0.0,0.0,0.0,0.0,974.0,0.0
0,834000,VOLCANIC_ROCK_VOUCHER_9500,974.0,15.0,0.0,0.0,0.0,0.0,975,15,0.0,0.0,0.0,0.0,974.5,0.0
0,834100,VOLCANIC_ROCK_VOUCHER_9500,977.0,18.0,0.0,0.0,0.0,0.0,978,18,0.0,0.0,0.0,0.0,977.5,0.0
0,834200,VOLCANIC_ROCK_VOUCHER_9500,977.0,14.0,0.0,0.0,0.0,0.0,978,14,0.0,0.0,0.0,0.0,977.5,0.0
0,834300,VOLCANIC_ROCK_VOUCHER_9500,984.0,28.0,0.0,0.0,0.0,0.0,985,17,0.0,0.0,0.0,0.0,984.5,0.0
0,834400,VOLCANIC_ROCK_VOUCHER_9500,985.0,18.0,0.0,0.0,0.0,0.0,986,18,0.0,0.0,0.0,0.0,985.5,0.0
0,834500,VOLCANIC_ROCK_VOUCHER_9500,984.0,14.0,0.0,0.0,0.0,0.0,986,14,0.0,0.0,0.0,0.0,985.0,0.0
0,834600,VOLCANIC_ROCK_VOUCHER_9500,986.0,17.0,0.0,0.0,0.0,0.0,987,17,0.0,0.0,0.0,0.0,986.5,0.0
0,834700,VOLCANIC_ROCK_VOUCHER_9500,988.0,21.0,0.0,0.0,0.0,0.0,989,21,0.0,0.0,0.0,0.0,988.5,0.0
0,834800,VOLCANIC_ROCK_VOUCHER_9500,987.0,15.0,0.0,0.0,0.0,0.0,988,15,0.0,0.0,0.0,0.0,987.5,0.0
0,834900,VOLCANIC_ROCK_VOUCHER_9500,988.0,2.0,0.0,0.0,0.0,0.0,989,15,0.0,0.0,0.0,0.0,988.5,0.0
0,835000,VOLCANIC_ROCK_VOUCHER_9500,986.0,14.0,0.0,0.0,0.0,0.0,988,14,0.0,0.0,0.0,0.0,987.0,0.0
0,835100,VOLCANIC_ROCK_VOUCHER_9500,989.0,36.0,0.0,0.0,0.0,0.0,990,16,0.0,0.0,0.0,0.0,989.5,0.0
0,835200,VOLCANIC_ROCK_VOUCHER_9500,994.0,14.0,0.0,0.0,0.0,0.0,995,14,0.0,0.0,0.0,0.0,994.5,0.0
0,835300,VOLCANIC_ROCK_VOUCHER_9500,1005.0,19.0,0.0,0.0,0.0,0.0,1006,19,0.0,0.0,0.0,0.0,1005.5,0.0
0,835400,VOLCANIC_ROCK_VOUCHER_9500,1005.0,13.0,0.0,0.0,0.0,0.0,1006,13,0.0,0.0,0.0,0.0,1005.5,0.0
0,835500,VOLCANIC_ROCK_VOUCHER_9500,1009.0,14.0,0.0,0.0,0.0,0.0,1010,14,0.0,0.0,0.0,0.0,1009.5,0.0
0,835600,VOLCANIC_ROCK_VOUCHER_9500,0.0,0.0,0.0,0.0,0.0,0.0,1004,2,1005.0,17.0,0.0,0.0,1004.0,0.0
0,835700,VOLCANIC_ROCK_VOUCHER_9500,1008.0,21.0,0.0,0.0,0.0,0.0,1009,21,0.0,0.0,0.0,0.0,1008.5,0.0
0,835800,VOLCANIC_ROCK_VOUCHER_9500,1007.0,18.0,0.0,0.0,0.0,0.0,1008,18,0.0,0.0,0.0,0.0,1007.5,0.0
0,835900,VOLCANIC_ROCK_VOUCHER_9500,1006.0,21.0,0.0,0.0,0.0,0.0,1007,21,0.0,0.0,0.0,0.0,1006.5,0.0
0,836000,VOLCANIC_ROCK_VOUCHER_9500,1005.0,13.0,0.0,0.0,0.0,0.0,1006,13,0.0,0.0,0.0,0.0,1005.5,0.0
0,836100,VOLCANIC_ROCK_VOUCHER_9500,1008.0,13.0,0.0,0.0,0.0,0.0,1009,13,0.0,0.0,0.0,0.0,1008.5,0.0
0,836200,VOLCANIC_ROCK_VOUCHER_9500,1007.0,11.0,0.0,0.0,0.0,0.0,1008,20,0.0,0.0,0.0,0.0,1007.5,0.0
0,836300,VOLCANIC_ROCK_VOUCHER_9500,1004.0,6.0,0.0,0.0,0.0,0.0,1005,19,0.0,0.0,0.0,0.0,1004.5,0.0
0,836400,VOLCANIC_ROCK_VOUCHER_9500,1004.0,16.0,0.0,0.0,0.0,0.0,1005,16,0.0,0.0,0.0,0.0,1004.5,0.0
0,836500,VOLCANIC_ROCK_VOUCHER_9500,1002.0,14.0,0.0,0.0,0.0,0.0,1003,14,0.0,0.0,0.0,0.0,1002.5,0.0
0,836600,VOLCANIC_ROCK_VOUCHER_9500,1004.0,19.0,0.0,0.0,0.0,0.0,1005,19,0.0,0.0,0.0,0.0,1004.5,0.0
0,836700,VOLCANIC_ROCK_VOUCHER_9500,1002.0,12.0,0.0,0.0,0.0,0.0,1003,12,0.0,0.0,0.0,0.0,1002.5,0.0
0,836800,VOLCANIC_ROCK_VOUCHER_9500,1004.0,19.0,0.0,0.0,0.0,0.0,1005,19,0.0,0.0,0.0,0.0,1004.5,0.0
0,836900,VOLCANIC_ROCK_VOUCHER_9500,1005.0,15.0,0.0,0.0,0.0,0.0,1006,15,0.0,0.0,0.0,0.0,1005.5,0.0
0,837000,VOLCANIC_ROCK_VOUCHER_9500,1005.0,10.0,0.0,0.0,0.0,0.0,1006,10,0.0,0.0,0.0,0.0,1005.5,0.0
0,837100,VOLCANIC_ROCK_VOUCHER_9500,1003.0,17.0,0.0,0.0,0.0,0.0,1004,17,0.0,0.0,0.0,0.0,1003.5,0.0
0,837200,VOLCANIC_ROCK_VOUCHER_9500,1004.0,21.0,0.0,0.0,0.0,0.0,1005,21,0.0,0.0,0.0,0.0,1004.5,0.0
0,837300,VOLCANIC_ROCK_VOUCHER_9500,1001.0,19.0,0.0,0.0,0.0,0.0,1002,19,0.0,0.0,0.0,0.0,1001.5,0.0
0,837400,VOLCANIC_ROCK_VOUCHER_9500,1001.0,16.0,0.0,0.0,0.0,0.0,1002,16,0.0,0.0,0.0,0.0,1001.5,0.0
0,837500,VOLCANIC_ROCK_VOUCHER_9500,1005.0,19.0,0.0,0.0,0.0,0.0,1006,19,0.0,0.0,0.0,0.0,1005.5,0.0
0,837600,VOLCANIC_ROCK_VOUCHER_9500,1005.0,12.0,0.0,0.0,0.0,0.0,1006,12,0.0,0.0,0.0,0.0,1005.5,0.0
0,837700,VOLCANIC_ROCK_VOUCHER_9500,1006.0,19.0,0.0,0.0,0.0,0.0,1007,19,0.0,0.0,0.0,0.0,1006.5,0.0
0,837800,VOLCANIC_ROCK_VOUCHER_9500,1004.0,17.0,0.0,0.0,0.0,0.0,1005,17,0.0,0.0,0.0,0.0,1004.5,0.0
0,837900,VOLCANIC_ROCK_VOUCHER_9500,1004.0,13.0,0.0,0.0,0.0,0.0,1005,13,0.0,0.0,0.0,0.0,1004.5,0.0
0,838000,VOLCANIC_ROCK_VOUCHER_9500,1003.0,11.0,0.0,0.0,0.0,0.0,1004,11,0.0,0.0,0.0,0.0,1003.5,0.0
0,838100,VOLCANIC_ROCK_VOUCHER_9500,1001.0,11.0,0.0,0.0,0.0,0.0,1003,11,0.0,0.0,0.0,0.0,1002.0,0.0
0,838200,VOLCANIC_ROCK_VOUCHER_9500,1002.0,12.0,0.0,0.0,0.0,0.0,1003,12,0.0,0.0,0.0,0.0,1002.5,0.0
0,838300,VOLCANIC_ROCK_VOUCHER_9500,1004.0,16.0,0.0,0.0,0.0,0.0,1005,16,0.0,0.0,0.0,0.0,1004.5,0.0
0,838400,VOLCANIC_ROCK_VOUCHER_9500,1006.0,18.0,0.0,0.0,0.0,0.0,1007,18,0.0,0.0,0.0,0.0,1006.5,0.0
0,838500,VOLCANIC_ROCK_VOUCHER_9500,1007.0,12.0,0.0,0.0,0.0,0.0,1008,12,0.0,0.0,0.0,0.0,1007.5,0.0
0,838600,VOLCANIC_ROCK_VOUCHER_9500,1006.0,7.0,0.0,0.0,0.0,0.0,1007,17,0.0,0.0,0.0,0.0,1006.5,0.0
0,838700,VOLCANIC_ROCK_VOUCHER_9500,1006.0,31.0,0.0,0.0,0.0,0.0,1007,16,0.0,0.0,0.0,0.0,1006.5,0.0
0,838800,VOLCANIC_ROCK_VOUCHER_9500,1007.0,18.0,0.0,0.0,0.0,0.0,1008,18,0.0,0.0,0.0,0.0,1007.5,0.0
0,838900,VOLCANIC_ROCK_VOUCHER_9500,1008.0,22.0,0.0,0.0,0.0,0.0,1009,22,0.0,0.0,0.0,0.0,1008.5,0.0
0,839000,VOLCANIC_ROCK_VOUCHER_9500,1008.0,15.0,0.0,0.0,0.0,0.0,1009,15,0.0,0.0,0.0,0.0,1008.5,0.0
0,839100,VOLCANIC_ROCK_VOUCHER_9500,1008.0,14.0,0.0,0.0,0.0,0.0,1009,14,0.0,0.0,0.0,0.0,1008.5,0.0
0,839200,VOLCANIC_ROCK_VOUCHER_9500,1006.0,20.0,0.0,0.0,0.0,0.0,1007,20,0.0,0.0,0.0,0.0,1006.5,0.0
0,839300,VOLCANIC_ROCK_VOUCHER_9500,1008.0,15.0,0.0,0.0,0.0,0.0,1009,15,0.0,0.0,0.0,0.0,1008.5,0.0
0,839400,VOLCANIC_ROCK_VOUCHER_9500,1008.0,21.0,0.0,0.0,0.0,0.0,1009,21,0.0,0.0,0.0,0.0,1008.5,0.0
0,839500,VOLCANIC_ROCK_VOUCHER_9500,1007.0,16.0,0.0,0.0,0.0,0.0,1008,16,0.0,0.0,0.0,0.0,1007.5,0.0
0,839600,VOLCANIC_ROCK_VOUCHER_9500,1009.0,12.0,0.0,0.0,0.0,0.0,1010,12,0.0,0.0,0.0,0.0,1009.5,0.0
0,839700,VOLCANIC_ROCK_VOUCHER_9500,1010.0,13.0,0.0,0.0,0.0,0.0,1011,13,0.0,0.0,0.0,0.0,1010.5,0.0
0,839800,VOLCANIC_ROCK_VOUCHER_9500,1011.0,16.0,0.0,0.0,0.0,0.0,1012,16,0.0,0.0,0.0,0.0,1011.5,0.0
0,839900,VOLCANIC_ROCK_VOUCHER_9500,1014.0,12.0,0.0,0.0,0.0,0.0,1015,12,0.0,0.0,0.0,0.0,1014.5,0.0
0,840000,VOLCANIC_ROCK_VOUCHER_9500,1014.0,10.0,0.0,0.0,0.0,0.0,1015,10,0.0,0.0,0.0,0.0,1014.5,0.0
0,840100,VOLCANIC_ROCK_VOUCHER_9500,1023.0,19.0,0.0,0.0,0.0,0.0,1024,19,0.0,0.0,0.0,0.0,1023.5,0.0
0,840200,VOLCANIC_ROCK_VOUCHER_9500,1025.0,21.0,0.0,0.0,0.0,0.0,1026,21,0.0,0.0,0.0,0.0,1025.5,0.0
0,840300,VOLCANIC_ROCK_VOUCHER_9500,1029.0,20.0,0.0,0.0,0.0,0.0,1030,20,0.0,0.0,0.0,0.0,1029.5,0.0
0,840400,VOLCANIC_ROCK_VOUCHER_9500,1024.0,11.0,0.0,0.0,0.0,0.0,1025,11,0.0,0.0,0.0,0.0,1024.5,0.0
0,840500,VOLCANIC_ROCK_VOUCHER_9500,1029.0,22.0,0.0,0.0,0.0,0.0,1030,22,0.0,0.0,0.0,0.0,1029.5,0.0
0,840600,VOLCANIC_ROCK_VOUCHER_9500,1032.0,18.0,0.0,0.0,0.0,0.0,1033,18,0.0,0.0,0.0,0.0,1032.5,0.0
0,840700,VOLCANIC_ROCK_VOUCHER_9500,1031.0,18.0,0.0,0.0,0.0,0.0,1032,18,0.0,0.0,0.0,0.0,1031.5,0.0
0,840800,VOLCANIC_ROCK_VOUCHER_9500,1029.0,15.0,0.0,0.0,0.0,0.0,1030,15,0.0,0.0,0.0,0.0,1029.5,0.0
0,840900,VOLCANIC_ROCK_VOUCHER_9500,1027.0,20.0,0.0,0.0,0.0,0.0,1029,20,0.0,0.0,0.0,0.0,1028.0,0.0
0,841000,VOLCANIC_ROCK_VOUCHER_9500,1030.0,30.0,0.0,0.0,0.0,0.0,1031,21,0.0,0.0,0.0,0.0,1030.5,0.0
0,841100,VOLCANIC_ROCK_VOUCHER_9500,1030.0,14.0,0.0,0.0,0.0,0.0,1031,20,0.0,0.0,0.0,0.0,1030.5,0.0
0,841200,VOLCANIC_ROCK_VOUCHER_9500,1028.0,12.0,0.0,0.0,0.0,0.0,1029,12,0.0,0.0,0.0,0.0,1028.5,0.0
0,841300,VOLCANIC_ROCK_VOUCHER_9500,1030.0,19.0,0.0,0.0,0.0,0.0,1031,19,0.0,0.0,0.0,0.0,1030.5,0.0
0,841400,VOLCANIC_ROCK_VOUCHER_9500,1028.0,14.0,0.0,0.0,0.0,0.0,1029,14,0.0,0.0,0.0,0.0,1028.5,0.0
0,841500,VOLCANIC_ROCK_VOUCHER_9500,1029.0,5.0,0.0,0.0,0.0,0.0,1031,13,0.0,0.0,0.0,0.0,1030.0,0.0
0,841600,VOLCANIC_ROCK_VOUCHER_9500,1028.0,26.0,0.0,0.0,0.0,0.0,1029,11,0.0,0.0,0.0,0.0,1028.5,0.0
0,841700,VOLCANIC_ROCK_VOUCHER_9500,1027.0,18.0,0.0,0.0,0.0,0.0,1029,18,0.0,0.0,0.0,0.0,1028.0,0.0
0,841800,VOLCANIC_ROCK_VOUCHER_9500,1029.0,21.0,0.0,0.0,0.0,0.0,1030,21,0.0,0.0,0.0,0.0,1029.5,0.0
0,841900,VOLCANIC_ROCK_VOUCHER_9500,1031.0,30.0,0.0,0.0,0.0,0.0,1032,20,0.0,0.0,0.0,0.0,1031.5,0.0
0,842000,VOLCANIC_ROCK_VOUCHER_9500,1035.0,18.0,0.0,0.0,0.0,0.0,1036,18,0.0,0.0,0.0,0.0,1035.5,0.0
0,842100,VOLCANIC_ROCK_VOUCHER_9500,1034.0,15.0,0.0,0.0,0.0,0.0,1035,15,0.0,0.0,0.0,0.0,1034.5,0.0
0,842200,VOLCANIC_ROCK_VOUCHER_9500,1034.0,13.0,0.0,0.0,0.0,0.0,1035,13,0.0,0.0,0.0,0.0,1034.5,0.0
0,842300,VOLCANIC_ROCK_VOUCHER_9500,1032.0,14.0,0.0,0.0,0.0,0.0,1033,14,0.0,0.0,0.0,0.0,1032.5,0.0
0,842400,VOLCANIC_ROCK_VOUCHER_9500,1034.0,15.0,0.0,0.0,0.0,0.0,1035,15,0.0,0.0,0.0,0.0,1034.5,0.0
0,842500,VOLCANIC_ROCK_VOUCHER_9500,1033.0,13.0,0.0,0.0,0.0,0.0,1035,13,0.0,0.0,0.0,0.0,1034.0,0.0
0,842600,VOLCANIC_ROCK_VOUCHER_9500,1035.0,15.0,0.0,0.0,0.0,0.0,1036,15,0.0,0.0,0.0,0.0,1035.5,0.0
0,842700,VOLCANIC_ROCK_VOUCHER_9500,1030.0,20.0,0.0,0.0,0.0,0.0,1031,20,0.0,0.0,0.0,0.0,1030.5,0.0
0,842800,VOLCANIC_ROCK_VOUCHER_9500,1030.0,21.0,0.0,0.0,0.0,0.0,1031,21,0.0,0.0,0.0,0.0,1030.5,0.0
0,842900,VOLCANIC_ROCK_VOUCHER_9500,1024.0,21.0,0.0,0.0,0.0,0.0,1026,21,0.0,0.0,0.0,0.0,1025.0,0.0
0,843000,VOLCANIC_ROCK_VOUCHER_9500,1023.0,13.0,0.0,0.0,0.0,0.0,1024,13,0.0,0.0,0.0,0.0,1023.5,0.0
0,843100,VOLCANIC_ROCK_VOUCHER_9500,1023.0,15.0,0.0,0.0,0.0,0.0,1024,15,0.0,0.0,0.0,0.0,1023.5,0.0
0,843200,VOLCANIC_ROCK_VOUCHER_9500,1022.0,32.0,0.0,0.0,0.0,0.0,1023,16,0.0,0.0,0.0,0.0,1022.5,0.0
0,843300,VOLCANIC_ROCK_VOUCHER_9500,1024.0,15.0,0.0,0.0,0.0,0.0,1025,15,0.0,0.0,0.0,0.0,1024.5,0.0
0,843400,VOLCANIC_ROCK_VOUCHER_9500,1024.0,14.0,0.0,0.0,0.0,0.0,1025,14,0.0,0.0,0.0,0.0,1024.5,0.0
0,843500,VOLCANIC_ROCK_VOUCHER_9500,1024.0,11.0,0.0,0.0,0.0,0.0,1025,11,0.0,0.0,0.0,0.0,1024.5,0.0
0,843600,VOLCANIC_ROCK_VOUCHER_9500,1025.0,18.0,0.0,0.0,0.0,0.0,1026,2,1027.0,16.0,0.0,0.0,1025.5,0.0
0,843700,VOLCANIC_ROCK_VOUCHER_9500,1026.0,17.0,0.0,0.0,0.0,0.0,1028,17,0.0,0.0,0.0,0.0,1027.0,0.0
0,843800,VOLCANIC_ROCK_VOUCHER_9500,1024.0,18.0,0.0,0.0,0.0,0.0,1025,18,0.0,0.0,0.0,0.0,1024.5,0.0
0,843900,VOLCANIC_ROCK_VOUCHER_9500,1023.0,11.0,0.0,0.0,0.0,0.0,1025,11,0.0,0.0,0.0,0.0,1024.0,0.0
0,844000,VOLCANIC_ROCK_VOUCHER_9500,1023.0,17.0,0.0,0.0,0.0,0.0,1025,17,0.0,0.0,0.0,0.0,1024.0,0.0
0,844100,VOLCANIC_ROCK_VOUCHER_9500,1024.0,16.0,0.0,0.0,0.0,0.0,1025,16,0.0,0.0,0.0,0.0,1024.5,0.0
0,844200,VOLCANIC_ROCK_VOUCHER_9500,1024.0,19.0,0.0,0.0,0.0,0.0,1025,19,0.0,0.0,0.0,0.0,1024.5,0.0
0,844300,VOLCANIC_ROCK_VOUCHER_9500,1017.0,17.0,0.0,0.0,0.0,0.0,1018,17,0.0,0.0,0.0,0.0,1017.5,0.0
0,844400,VOLCANIC_ROCK_VOUCHER_9500,1019.0,22.0,0.0,0.0,0.0,0.0,1020,22,0.0,0.0,0.0,0.0,1019.5,0.0
0,844500,VOLCANIC_ROCK_VOUCHER_9500,1018.0,3.0,0.0,0.0,0.0,0.0,1019,21,0.0,0.0,0.0,0.0,1018.5,0.0
0,844600,VOLCANIC_ROCK_VOUCHER_9500,1020.0,18.0,0.0,0.0,0.0,0.0,1022,18,0.0,0.0,0.0,0.0,1021.0,0.0
0,844700,VOLCANIC_ROCK_VOUCHER_9500,1018.0,13.0,0.0,0.0,0.0,0.0,1019,13,0.0,0.0,0.0,0.0,1018.5,0.0
0,844800,VOLCANIC_ROCK_VOUCHER_9500,1014.0,16.0,0.0,0.0,0.0,0.0,1015,16,0.0,0.0,0.0,0.0,1014.5,0.0
0,844900,VOLCANIC_ROCK_VOUCHER_9500,1014.0,18.0,0.0,0.0,0.0,0.0,1015,18,0.0,0.0,0.0,0.0,1014.5,0.0
0,845000,VOLCANIC_ROCK_VOUCHER_9500,1015.0,12.0,0.0,0.0,0.0,0.0,1016,12,0.0,0.0,0.0,0.0,1015.5,0.0
0,845100,VOLCANIC_ROCK_VOUCHER_9500,1015.0,11.0,0.0,0.0,0.0,0.0,1016,11,0.0,0.0,0.0,0.0,1015.5,0.0
0,845200,VOLCANIC_ROCK_VOUCHER_9500,1014.0,11.0,0.0,0.0,0.0,0.0,1015,11,0.0,0.0,0.0,0.0,1014.5,0.0
0,845300,VOLCANIC_ROCK_VOUCHER_9500,1013.0,14.0,0.0,0.0,0.0,0.0,1014,14,0.0,0.0,0.0,0.0,1013.5,0.0
0,845400,VOLCANIC_ROCK_VOUCHER_9500,1016.0,10.0,0.0,0.0,0.0,0.0,1017,10,0.0,0.0,0.0,0.0,1016.5,0.0
0,845500,VOLCANIC_ROCK_VOUCHER_9500,1016.0,20.0,0.0,0.0,0.0,0.0,1017,20,0.0,0.0,0.0,0.0,1016.5,0.0
0,845600,VOLCANIC_ROCK_VOUCHER_9500,1019.0,27.0,0.0,0.0,0.0,0.0,1020,16,0.0,0.0,0.0,0.0,1019.5,0.0
0,845700,VOLCANIC_ROCK_VOUCHER_9500,1019.0,10.0,0.0,0.0,0.0,0.0,1020,10,0.0,0.0,0.0,0.0,1019.5,0.0
0,845800,VOLCANIC_ROCK_VOUCHER_9500,1018.0,20.0,0.0,0.0,0.0,0.0,1020,20,0.0,0.0,0.0,0.0,1019.0,0.0
0,845900,VOLCANIC_ROCK_VOUCHER_9500,1020.0,18.0,0.0,0.0,0.0,0.0,1021,18,0.0,0.0,0.0,0.0,1020.5,0.0
0,846000,VOLCANIC_ROCK_VOUCHER_9500,1022.0,3.0,0.0,0.0,0.0,0.0,1023,16,0.0,0.0,0.0,0.0,1022.5,0.0
0,846100,VOLCANIC_ROCK_VOUCHER_9500,1022.0,16.0,0.0,0.0,0.0,0.0,1023,16,0.0,0.0,0.0,0.0,1022.5,0.0
0,846200,VOLCANIC_ROCK_VOUCHER_9500,1024.0,16.0,0.0,0.0,0.0,0.0,1025,16,0.0,0.0,0.0,0.0,1024.5,0.0
0,846300,VOLCANIC_ROCK_VOUCHER_9500,1021.0,18.0,0.0,0.0,0.0,0.0,1022,18,0.0,0.0,0.0,0.0,1021.5,0.0
0,846400,VOLCANIC_ROCK_VOUCHER_9500,1023.0,20.0,0.0,0.0,0.0,0.0,1024,20,0.0,0.0,0.0,0.0,1023.5,0.0
0,846500,VOLCANIC_ROCK_VOUCHER_9500,1023.0,12.0,0.0,0.0,0.0,0.0,1025,12,0.0,0.0,0.0,0.0,1024.0,0.0
0,846600,VOLCANIC_ROCK_VOUCHER_9500,1023.0,17.0,0.0,0.0,0.0,0.0,1024,17,0.0,0.0,0.0,0.0,1023.5,0.0
0,846700,VOLCANIC_ROCK_VOUCHER_9500,1022.0,13.0,0.0,0.0,0.0,0.0,1023,13,0.0,0.0,0.0,0.0,1022.5,0.0
0,846800,VOLCANIC_ROCK_VOUCHER_9500,1022.0,15.0,0.0,0.0,0.0,0.0,1023,15,0.0,0.0,0.0,0.0,1022.5,0.0
0,846900,VOLCANIC_ROCK_VOUCHER_9500,1021.0,4.0,0.0,0.0,0.0,0.0,1022,16,0.0,0.0,0.0,0.0,1021.5,0.0
0,847000,VOLCANIC_ROCK_VOUCHER_9500,1021.0,10.0,0.0,0.0,0.0,0.0,1022,10,0.0,0.0,0.0,0.0,1021.5,0.0
0,847100,VOLCANIC_ROCK_VOUCHER_9500,1018.0,20.0,0.0,0.0,0.0,0.0,1019,20,0.0,0.0,0.0,0.0,1018.5,0.0
0,847200,VOLCANIC_ROCK_VOUCHER_9500,1020.0,22.0,0.0,0.0,0.0,0.0,1021,22,0.0,0.0,0.0,0.0,1020.5,0.0
0,847300,VOLCANIC_ROCK_VOUCHER_9500,1022.0,11.0,0.0,0.0,0.0,0.0,1024,11,0.0,0.0,0.0,0.0,1023.0,0.0
0,847400,VOLCANIC_ROCK_VOUCHER_9500,1025.0,13.0,0.0,0.0,0.0,0.0,1026,13,0.0,0.0,0.0,0.0,1025.5,0.0
0,847500,VOLCANIC_ROCK_VOUCHER_9500,1028.0,13.0,0.0,0.0,0.0,0.0,1029,13,0.0,0.0,0.0,0.0,1028.5,0.0
0,847600,VOLCANIC_ROCK_VOUCHER_9500,1028.0,20.0,0.0,0.0,0.0,0.0,1029,20,0.0,0.0,0.0,0.0,1028.5,0.0
0,847700,VOLCANIC_ROCK_VOUCHER_9500,1029.0,18.0,0.0,0.0,0.0,0.0,1030,18,0.0,0.0,0.0,0.0,1029.5,0.0
0,847800,VOLCANIC_ROCK_VOUCHER_9500,1029.0,11.0,0.0,0.0,0.0,0.0,1030,11,0.0,0.0,0.0,0.0,1029.5,0.0
0,847900,VOLCANIC_ROCK_VOUCHER_9500,1032.0,20.0,0.0,0.0,0.0,0.0,1033,20,0.0,0.0,0.0,0.0,1032.5,0.0
0,848000,VOLCANIC_ROCK_VOUCHER_9500,1032.0,22.0,0.0,0.0,0.0,0.0,1033,22,0.0,0.0,0.0,0.0,1032.5,0.0
0,848100,VOLCANIC_ROCK_VOUCHER_9500,1032.0,15.0,0.0,0.0,0.0,0.0,1034,15,0.0,0.0,0.0,0.0,1033.0,0.0
0,848200,VOLCANIC_ROCK_VOUCHER_9500,1031.0,22.0,0.0,0.0,0.0,0.0,1032,22,0.0,0.0,0.0,0.0,1031.5,0.0
0,848300,VOLCANIC_ROCK_VOUCHER_9500,1028.0,10.0,0.0,0.0,0.0,0.0,1029,10,0.0,0.0,0.0,0.0,1028.5,0.0
0,848400,VOLCANIC_ROCK_VOUCHER_9500,1029.0,17.0,0.0,0.0,0.0,0.0,1030,17,0.0,0.0,0.0,0.0,1029.5,0.0
0,848500,VOLCANIC_ROCK_VOUCHER_9500,1030.0,16.0,0.0,0.0,0.0,0.0,1031,16,0.0,0.0,0.0,0.0,1030.5,0.0
0,848600,VOLCANIC_ROCK_VOUCHER_9500,1033.0,12.0,0.0,0.0,0.0,0.0,1034,12,0.0,0.0,0.0,0.0,1033.5,0.0
0,848700,VOLCANIC_ROCK_VOUCHER_9500,1034.0,15.0,0.0,0.0,0.0,0.0,1035,15,0.0,0.0,0.0,0.0,1034.5,0.0
0,848800,VOLCANIC_ROCK_VOUCHER_9500,1033.0,13.0,0.0,0.0,0.0,0.0,1034,13,0.0,0.0,0.0,0.0,1033.5,0.0
0,848900,VOLCANIC_ROCK_VOUCHER_9500,1034.0,11.0,0.0,0.0,0.0,0.0,1035,11,0.0,0.0,0.0,0.0,1034.5,0.0
0,849000,VOLCANIC_ROCK_VOUCHER_9500,1031.0,15.0,0.0,0.0,0.0,0.0,1032,15,0.0,0.0,0.0,0.0,1031.5,0.0
0,849100,VOLCANIC_ROCK_VOUCHER_9500,1030.0,11.0,0.0,0.0,0.0,0.0,1031,11,0.0,0.0,0.0,0.0,1030.5,0.0
0,849200,VOLCANIC_ROCK_VOUCHER_9500,0.0,0.0,0.0,0.0,0.0,0.0,1030,3,1031.0,14.0,0.0,0.0,1030.0,0.0
0,849300,VOLCANIC_ROCK_VOUCHER_9500,1029.0,12.0,0.0,0.0,0.0,0.0,1031,12,0.0,0.0,0.0,0.0,1030.0,0.0
0,849400,VOLCANIC_ROCK_VOUCHER_9500,1032.0,16.0,0.0,0.0,0.0,0.0,1033,16,0.0,0.0,0.0,0.0,1032.5,0.0
0,849500,VOLCANIC_ROCK_VOUCHER_9500,1032.0,18.0,0.0,0.0,0.0,0.0,1033,18,0.0,0.0,0.0,0.0,1032.5,0.0
0,849600,VOLCANIC_ROCK_VOUCHER_9500,1031.0,16.0,0.0,0.0,0.0,0.0,1032,16,0.0,0.0,0.0,0.0,1031.5,0.0
0,849700,VOLCANIC_ROCK_VOUCHER_9500,1028.0,20.0,0.0,0.0,0.0,0.0,1030,20,0.0,0.0,0.0,0.0,1029.0,0.0
0,849800,VOLCANIC_ROCK_VOUCHER_9500,1029.0,15.0,0.0,0.0,0.0,0.0,1030,15,0.0,0.0,0.0,0.0,1029.5,0.0
0,849900,VOLCANIC_ROCK_VOUCHER_9500,1035.0,16.0,0.0,0.0,0.0,0.0,1036,16,0.0,0.0,0.0,0.0,1035.5,0.0
0,850000,VOLCANIC_ROCK_VOUCHER_9500,1038.0,12.0,0.0,0.0,0.0,0.0,1039,12,0.0,0.0,0.0,0.0,1038.5,0.0
0,850100,VOLCANIC_ROCK_VOUCHER_9500,1037.0,11.0,0.0,0.0,0.0,0.0,1038,11,0.0,0.0,0.0,0.0,1037.5,0.0
0,850200,VOLCANIC_ROCK_VOUCHER_9500,1038.0,14.0,0.0,0.0,0.0,0.0,1039,14,0.0,0.0,0.0,0.0,1038.5,0.0
0,850300,VOLCANIC_ROCK_VOUCHER_9500,1041.0,19.0,0.0,0.0,0.0,0.0,1042,19,0.0,0.0,0.0,0.0,1041.5,0.0
0,850400,VOLCANIC_ROCK_VOUCHER_9500,1039.0,15.0,0.0,0.0,0.0,0.0,1040,15,0.0,0.0,0.0,0.0,1039.5,0.0
0,850500,VOLCANIC_ROCK_VOUCHER_9500,1037.0,18.0,0.0,0.0,0.0,0.0,1038,18,0.0,0.0,0.0,0.0,1037.5,0.0
0,850600,VOLCANIC_ROCK_VOUCHER_9500,1033.0,12.0,0.0,0.0,0.0,0.0,1034,12,0.0,0.0,0.0,0.0,1033.5,0.0
0,850700,VOLCANIC_ROCK_VOUCHER_9500,1037.0,12.0,0.0,0.0,0.0,0.0,1038,12,0.0,0.0,0.0,0.0,1037.5,0.0
0,850800,VOLCANIC_ROCK_VOUCHER_9500,1042.0,18.0,0.0,0.0,0.0,0.0,1043,18,0.0,0.0,0.0,0.0,1042.5,0.0
0,850900,VOLCANIC_ROCK_VOUCHER_9500,1041.0,11.0,0.0,0.0,0.0,0.0,1042,11,0.0,0.0,0.0,0.0,1041.5,0.0
0,851000,VOLCANIC_ROCK_VOUCHER_9500,1041.0,21.0,0.0,0.0,0.0,0.0,1042,21,0.0,0.0,0.0,0.0,1041.5,0.0
0,851100,VOLCANIC_ROCK_VOUCHER_9500,1039.0,14.0,0.0,0.0,0.0,0.0,1040,14,0.0,0.0,0.0,0.0,1039.5,0.0
0,851200,VOLCANIC_ROCK_VOUCHER_9500,1039.0,11.0,0.0,0.0,0.0,0.0,1041,11,0.0,0.0,0.0,0.0,1040.0,0.0
0,851300,VOLCANIC_ROCK_VOUCHER_9500,1039.0,12.0,0.0,0.0,0.0,0.0,1040,12,0.0,0.0,0.0,0.0,1039.5,0.0
0,851400,VOLCANIC_ROCK_VOUCHER_9500,1039.0,20.0,0.0,0.0,0.0,0.0,1040,20,0.0,0.0,0.0,0.0,1039.5,0.0
0,851500,VOLCANIC_ROCK_VOUCHER_9500,1039.0,14.0,0.0,0.0,0.0,0.0,1040,14,0.0,0.0,0.0,0.0,1039.5,0.0
0,851600,VOLCANIC_ROCK_VOUCHER_9500,1038.0,25.0,0.0,0.0,0.0,0.0,1040,15,0.0,0.0,0.0,0.0,1039.0,0.0
0,851700,VOLCANIC_ROCK_VOUCHER_9500,1039.0,16.0,0.0,0.0,0.0,0.0,1041,16,0.0,0.0,0.0,0.0,1040.0,0.0
0,851800,VOLCANIC_ROCK_VOUCHER_9500,1038.0,14.0,0.0,0.0,0.0,0.0,1039,14,0.0,0.0,0.0,0.0,1038.5,0.0
0,851900,VOLCANIC_ROCK_VOUCHER_9500,1036.0,19.0,0.0,0.0,0.0,0.0,1037,19,0.0,0.0,0.0,0.0,1036.5,0.0
0,852000,VOLCANIC_ROCK_VOUCHER_9500,1038.0,13.0,0.0,0.0,0.0,0.0,1039,13,0.0,0.0,0.0,0.0,1038.5,0.0
0,852100,VOLCANIC_ROCK_VOUCHER_9500,1037.0,12.0,0.0,0.0,0.0,0.0,1039,12,0.0,0.0,0.0,0.0,1038.0,0.0
0,852200,VOLCANIC_ROCK_VOUCHER_9500,1037.0,16.0,0.0,0.0,0.0,0.0,1038,16,0.0,0.0,0.0,0.0,1037.5,0.0
0,852300,VOLCANIC_ROCK_VOUCHER_9500,1036.0,11.0,0.0,0.0,0.0,0.0,1037,11,0.0,0.0,0.0,0.0,1036.5,0.0
0,852400,VOLCANIC_ROCK_VOUCHER_9500,1037.0,12.0,0.0,0.0,0.0,0.0,1038,12,0.0,0.0,0.0,0.0,1037.5,0.0
0,852500,VOLCANIC_ROCK_VOUCHER_9500,1038.0,10.0,0.0,0.0,0.0,0.0,1040,10,0.0,0.0,0.0,0.0,1039.0,0.0
0,852600,VOLCANIC_ROCK_VOUCHER_9500,1039.0,21.0,0.0,0.0,0.0,0.0,1040,21,0.0,0.0,0.0,0.0,1039.5,0.0
0,852700,VOLCANIC_ROCK_VOUCHER_9500,1040.0,15.0,0.0,0.0,0.0,0.0,1041,15,0.0,0.0,0.0,0.0,1040.5,0.0
0,852800,VOLCANIC_ROCK_VOUCHER_9500,1041.0,19.0,0.0,0.0,0.0,0.0,1042,19,0.0,0.0,0.0,0.0,1041.5,0.0
0,852900,VOLCANIC_ROCK_VOUCHER_9500,1040.0,16.0,0.0,0.0,0.0,0.0,1041,16,0.0,0.0,0.0,0.0,1040.5,0.0
0,853000,VOLCANIC_ROCK_VOUCHER_9500,1039.0,19.0,0.0,0.0,0.0,0.0,1040,19,0.0,0.0,0.0,0.0,1039.5,0.0
0,853100,VOLCANIC_ROCK_VOUCHER_9500,1038.0,16.0,0.0,0.0,0.0,0.0,1039,16,0.0,0.0,0.0,0.0,1038.5,0.0
0,853200,VOLCANIC_ROCK_VOUCHER_9500,1038.0,11.0,0.0,0.0,0.0,0.0,1039,11,0.0,0.0,0.0,0.0,1038.5,0.0
0,853300,VOLCANIC_ROCK_VOUCHER_9500,1034.0,34.0,0.0,0.0,0.0,0.0,1035,20,0.0,0.0,0.0,0.0,1034.5,0.0
0,853400,VOLCANIC_ROCK_VOUCHER_9500,1034.0,12.0,0.0,0.0,0.0,0.0,1035,12,0.0,0.0,0.0,0.0,1034.5,0.0
0,853500,VOLCANIC_ROCK_VOUCHER_9500,1030.0,15.0,0.0,0.0,0.0,0.0,1031,15,0.0,0.0,0.0,0.0,1030.5,0.0
0,853600,VOLCANIC_ROCK_VOUCHER_9500,1033.0,10.0,0.0,0.0,0.0,0.0,1034,10,0.0,0.0,0.0,0.0,1033.5,0.0
0,853700,VOLCANIC_ROCK_VOUCHER_9500,1030.0,13.0,0.0,0.0,0.0,0.0,1031,13,0.0,0.0,0.0,0.0,1030.5,0.0
0,853800,VOLCANIC_ROCK_VOUCHER_9500,1027.0,15.0,0.0,0.0,0.0,0.0,1029,15,0.0,0.0,0.0,0.0,1028.0,0.0
0,853900,VOLCANIC_ROCK_VOUCHER_9500,1030.0,13.0,0.0,0.0,0.0,0.0,1031,13,0.0,0.0,0.0,0.0,1030.5,0.0
0,854000,VOLCANIC_ROCK_VOUCHER_9500,1030.0,12.0,0.0,0.0,0.0,0.0,1031,12,0.0,0.0,0.0,0.0,1030.5,0.0
0,854100,VOLCANIC_ROCK_VOUCHER_9500,1032.0,20.0,0.0,0.0,0.0,0.0,1033,20,0.0,0.0,0.0,0.0,1032.5,0.0
0,854200,VOLCANIC_ROCK_VOUCHER_9500,1029.0,36.0,0.0,0.0,0.0,0.0,1030,21,0.0,0.0,0.0,0.0,1029.5,0.0
0,854300,VOLCANIC_ROCK_VOUCHER_9500,1026.0,12.0,0.0,0.0,0.0,0.0,1027,12,0.0,0.0,0.0,0.0,1026.5,0.0
0,854400,VOLCANIC_ROCK_VOUCHER_9500,1029.0,18.0,0.0,0.0,0.0,0.0,1030,18,0.0,0.0,0.0,0.0,1029.5,0.0
0,854500,VOLCANIC_ROCK_VOUCHER_9500,1028.0,25.0,0.0,0.0,0.0,0.0,1029,12,0.0,0.0,0.0,0.0,1028.5,0.0
0,854600,VOLCANIC_ROCK_VOUCHER_9500,1028.0,13.0,0.0,0.0,0.0,0.0,1029,13,0.0,0.0,0.0,0.0,1028.5,0.0
0,854700,VOLCANIC_ROCK_VOUCHER_9500,1026.0,20.0,0.0,0.0,0.0,0.0,1028,20,0.0,0.0,0.0,0.0,1027.0,0.0
0,854800,VOLCANIC_ROCK_VOUCHER_9500,1026.0,11.0,0.0,0.0,0.0,0.0,1027,11,0.0,0.0,0.0,0.0,1026.5,0.0
0,854900,VOLCANIC_ROCK_VOUCHER_9500,1025.0,12.0,0.0,0.0,0.0,0.0,1026,12,0.0,0.0,0.0,0.0,1025.5,0.0
0,855000,VOLCANIC_ROCK_VOUCHER_9500,1025.0,29.0,0.0,0.0,0.0,0.0,1026,18,0.0,0.0,0.0,0.0,1025.5,0.0
0,855100,VOLCANIC_ROCK_VOUCHER_9500,1026.0,12.0,0.0,0.0,0.0,0.0,1027,12,0.0,0.0,0.0,0.0,1026.5,0.0
0,855200,VOLCANIC_ROCK_VOUCHER_9500,1025.0,20.0,0.0,0.0,0.0,0.0,1027,20,0.0,0.0,0.0,0.0,1026.0,0.0
0,855300,VOLCANIC_ROCK_VOUCHER_9500,1027.0,5.0,0.0,0.0,0.0,0.0,1028,16,0.0,0.0,0.0,0.0,1027.5,0.0
0,855400,VOLCANIC_ROCK_VOUCHER_9500,1023.0,21.0,0.0,0.0,0.0,0.0,1024,21,0.0,0.0,0.0,0.0,1023.5,0.0
0,855500,VOLCANIC_ROCK_VOUCHER_9500,1026.0,18.0,0.0,0.0,0.0,0.0,1027,18,0.0,0.0,0.0,0.0,1026.5,0.0
0,855600,VOLCANIC_ROCK_VOUCHER_9500,1027.0,17.0,0.0,0.0,0.0,0.0,1028,17,0.0,0.0,0.0,0.0,1027.5,0.0
0,855700,VOLCANIC_ROCK_VOUCHER_9500,1025.0,13.0,0.0,0.0,0.0,0.0,1026,13,0.0,0.0,0.0,0.0,1025.5,0.0
0,855800,VOLCANIC_ROCK_VOUCHER_9500,1026.0,20.0,0.0,0.0,0.0,0.0,1027,20,0.0,0.0,0.0,0.0,1026.5,0.0
0,855900,VOLCANIC_ROCK_VOUCHER_9500,1023.0,13.0,0.0,0.0,0.0,0.0,1025,13,0.0,0.0,0.0,0.0,1024.0,0.0
0,856000,VOLCANIC_ROCK_VOUCHER_9500,1025.0,17.0,0.0,0.0,0.0,0.0,1026,17,0.0,0.0,0.0,0.0,1025.5,0.0
0,856100,VOLCANIC_ROCK_VOUCHER_9500,1025.0,22.0,0.0,0.0,0.0,0.0,1026,22,0.0,0.0,0.0,0.0,1025.5,0.0
0,856200,VOLCANIC_ROCK_VOUCHER_9500,1024.0,15.0,0.0,0.0,0.0,0.0,1025,15,0.0,0.0,0.0,0.0,1024.5,0.0
0,856300,VOLCANIC_ROCK_VOUCHER_9500,1025.0,13.0,0.0,0.0,0.0,0.0,1026,13,0.0,0.0,0.0,0.0,1025.5,0.0
0,856400,VOLCANIC_ROCK_VOUCHER_9500,1027.0,11.0,0.0,0.0,0.0,0.0,1028,11,0.0,0.0,0.0,0.0,1027.5,0.0
0,856500,VOLCANIC_ROCK_VOUCHER_9500,1026.0,15.0,0.0,0.0,0.0,0.0,1027,15,0.0,0.0,0.0,0.0,1026.5,0.0
0,856600,VOLCANIC_ROCK_VOUCHER_9500,1027.0,16.0,0.0,0.0,0.0,0.0,1028,16,0.0,0.0,0.0,0.0,1027.5,0.0
0,856700,VOLCANIC_ROCK_VOUCHER_9500,1031.0,11.0,0.0,0.0,0.0,0.0,1032,11,0.0,0.0,0.0,0.0,1031.5,0.0
0,856800,VOLCANIC_ROCK_VOUCHER_9500,1037.0,15.0,0.0,0.0,0.0,0.0,1038,15,0.0,0.0,0.0,0.0,1037.5,0.0
0,856900,VOLCANIC_ROCK_VOUCHER_9500,1034.0,13.0,0.0,0.0,0.0,0.0,1036,13,0.0,0.0,0.0,0.0,1035.0,0.0
0,857000,VOLCANIC_ROCK_VOUCHER_9500,1034.0,14.0,0.0,0.0,0.0,0.0,1035,14,0.0,0.0,0.0,0.0,1034.5,0.0
0,857100,VOLCANIC_ROCK_VOUCHER_9500,1036.0,7.0,0.0,0.0,0.0,0.0,1037,17,0.0,0.0,0.0,0.0,1036.5,0.0
0,857200,VOLCANIC_ROCK_VOUCHER_9500,1036.0,19.0,0.0,0.0,0.0,0.0,1037,19,0.0,0.0,0.0,0.0,1036.5,0.0
0,857300,VOLCANIC_ROCK_VOUCHER_9500,1036.0,20.0,0.0,0.0,0.0,0.0,1037,20,0.0,0.0,0.0,0.0,1036.5,0.0
0,857400,VOLCANIC_ROCK_VOUCHER_9500,1037.0,20.0,0.0,0.0,0.0,0.0,1038,20,0.0,0.0,0.0,0.0,1037.5,0.0
0,857500,VOLCANIC_ROCK_VOUCHER_9500,1035.0,12.0,0.0,0.0,0.0,0.0,1036,12,0.0,0.0,0.0,0.0,1035.5,0.0
0,857600,VOLCANIC_ROCK_VOUCHER_9500,1037.0,13.0,0.0,0.0,0.0,0.0,1038,13,0.0,0.0,0.0,0.0,1037.5,0.0
0,857700,VOLCANIC_ROCK_VOUCHER_9500,1036.0,16.0,0.0,0.0,0.0,0.0,1037,16,0.0,0.0,0.0,0.0,1036.5,0.0
0,857800,VOLCANIC_ROCK_VOUCHER_9500,1037.0,18.0,0.0,0.0,0.0,0.0,1039,18,0.0,0.0,0.0,0.0,1038.0,0.0
0,857900,VOLCANIC_ROCK_VOUCHER_9500,0.0,0.0,0.0,0.0,0.0,0.0,1037,3,1038.0,12.0,0.0,0.0,1037.0,0.0
0,858000,VOLCANIC_ROCK_VOUCHER_9500,1036.0,12.0,0.0,0.0,0.0,0.0,1037,12,0.0,0.0,0.0,0.0,1036.5,0.0
0,858100,VOLCANIC_ROCK_VOUCHER_9500,1035.0,12.0,0.0,0.0,0.0,0.0,1036,12,0.0,0.0,0.0,0.0,1035.5,0.0
0,858200,VOLCANIC_ROCK_VOUCHER_9500,1034.0,14.0,0.0,0.0,0.0,0.0,1035,14,0.0,0.0,0.0,0.0,1034.5,0.0
0,858300,VOLCANIC_ROCK_VOUCHER_9500,1036.0,16.0,0.0,0.0,0.0,0.0,1037,16,0.0,0.0,0.0,0.0,1036.5,0.0
0,858400,VOLCANIC_ROCK_VOUCHER_9500,1035.0,19.0,0.0,0.0,0.0,0.0,1036,19,0.0,0.0,0.0,0.0,1035.5,0.0
0,858500,VOLCANIC_ROCK_VOUCHER_9500,1032.0,10.0,0.0,0.0,0.0,0.0,1034,10,0.0,0.0,0.0,0.0,1033.0,0.0
0,858600,VOLCANIC_ROCK_VOUCHER_9500,1035.0,16.0,0.0,0.0,0.0,0.0,1037,16,0.0,0.0,0.0,0.0,1036.0,0.0
0,858700,VOLCANIC_ROCK_VOUCHER_9500,1036.0,19.0,0.0,0.0,0.0,0.0,1037,19,0.0,0.0,0.0,0.0,1036.5,0.0
0,858800,VOLCANIC_ROCK_VOUCHER_9500,0.0,0.0,0.0,0.0,0.0,0.0,1036,4,1037.0,16.0,0.0,0.0,1036.0,0.0
0,858900,VOLCANIC_ROCK_VOUCHER_9500,1038.0,16.0,0.0,0.0,0.0,0.0,1039,16,0.0,0.0,0.0,0.0,1038.5,0.0
0,859000,VOLCANIC_ROCK_VOUCHER_9500,1037.0,17.0,0.0,0.0,0.0,0.0,1038,17,0.0,0.0,0.0,0.0,1037.5,0.0
0,859100,VOLCANIC_ROCK_VOUCHER_9500,1037.0,18.0,0.0,0.0,0.0,0.0,1038,18,0.0,0.0,0.0,0.0,1037.5,0.0
0,859200,VOLCANIC_ROCK_VOUCHER_9500,1040.0,15.0,0.0,0.0,0.0,0.0,1041,15,0.0,0.0,0.0,0.0,1040.5,0.0
0,859300,VOLCANIC_ROCK_VOUCHER_9500,1037.0,22.0,0.0,0.0,0.0,0.0,1038,12,1039.0,22.0,0.0,0.0,1037.5,0.0
0,859400,VOLCANIC_ROCK_VOUCHER_9500,1037.0,17.0,0.0,0.0,0.0,0.0,1038,17,0.0,0.0,0.0,0.0,1037.5,0.0
0,859500,VOLCANIC_ROCK_VOUCHER_9500,1040.0,37.0,0.0,0.0,0.0,0.0,1041,18,0.0,0.0,0.0,0.0,1040.5,0.0
0,859600,VOLCANIC_ROCK_VOUCHER_9500,1038.0,20.0,0.0,0.0,0.0,0.0,1040,20,0.0,0.0,0.0,0.0,1039.0,0.0
0,859700,VOLCANIC_ROCK_VOUCHER_9500,1037.0,20.0,0.0,0.0,0.0,0.0,1038,20,0.0,0.0,0.0,0.0,1037.5,0.0
0,859800,VOLCANIC_ROCK_VOUCHER_9500,1038.0,14.0,0.0,0.0,0.0,0.0,1039,1,1040.0,13.0,0.0,0.0,1038.5,0.0
0,859900,VOLCANIC_ROCK_VOUCHER_9500,1037.0,19.0,0.0,0.0,0.0,0.0,1038,19,0.0,0.0,0.0,0.0,1037.5,0.0
0,860000,VOLCANIC_ROCK_VOUCHER_9500,1038.0,11.0,0.0,0.0,0.0,0.0,1039,11,0.0,0.0,0.0,0.0,1038.5,0.0
0,860100,VOLCANIC_ROCK_VOUCHER_9500,1037.0,19.0,0.0,0.0,0.0,0.0,1038,19,0.0,0.0,0.0,0.0,1037.5,0.0
0,860200,VOLCANIC_ROCK_VOUCHER_9500,1033.0,13.0,0.0,0.0,0.0,0.0,1034,13,0.0,0.0,0.0,0.0,1033.5,0.0
0,860300,VOLCANIC_ROCK_VOUCHER_9500,1034.0,15.0,0.0,0.0,0.0,0.0,1035,15,0.0,0.0,0.0,0.0,1034.5,0.0
0,860400,VOLCANIC_ROCK_VOUCHER_9500,1034.0,20.0,0.0,0.0,0.0,0.0,1036,20,0.0,0.0,0.0,0.0,1035.0,0.0
0,860500,VOLCANIC_ROCK_VOUCHER_9500,1035.0,12.0,0.0,0.0,0.0,0.0,1036,12,0.0,0.0,0.0,0.0,1035.5,0.0
0,860600,VOLCANIC_ROCK_VOUCHER_9500,1036.0,10.0,0.0,0.0,0.0,0.0,1037,10,0.0,0.0,0.0,0.0,1036.5,0.0
0,860700,VOLCANIC_ROCK_VOUCHER_9500,0.0,0.0,0.0,0.0,0.0,0.0,1034,1,1035.0,19.0,0.0,0.0,1034.0,0.0
0,860800,VOLCANIC_ROCK_VOUCHER_9500,1033.0,20.0,0.0,0.0,0.0,0.0,1034,20,0.0,0.0,0.0,0.0,1033.5,0.0
0,860900,VOLCANIC_ROCK_VOUCHER_9500,1033.0,11.0,0.0,0.0,0.0,0.0,1034,11,0.0,0.0,0.0,0.0,1033.5,0.0
0,861000,VOLCANIC_ROCK_VOUCHER_9500,1037.0,20.0,0.0,0.0,0.0,0.0,1039,20,0.0,0.0,0.0,0.0,1038.0,0.0
0,861100,VOLCANIC_ROCK_VOUCHER_9500,1041.0,15.0,0.0,0.0,0.0,0.0,1042,15,0.0,0.0,0.0,0.0,1041.5,0.0
0,861200,VOLCANIC_ROCK_VOUCHER_9500,1040.0,18.0,0.0,0.0,0.0,0.0,1041,18,0.0,0.0,0.0,0.0,1040.5,0.0
0,861300,VOLCANIC_ROCK_VOUCHER_9500,1042.0,15.0,0.0,0.0,0.0,0.0,1043,15,0.0,0.0,0.0,0.0,1042.5,0.0
0,861400,VOLCANIC_ROCK_VOUCHER_9500,1042.0,14.0,0.0,0.0,0.0,0.0,1043,14,0.0,0.0,0.0,0.0,1042.5,0.0
0,861500,VOLCANIC_ROCK_VOUCHER_9500,1041.0,14.0,0.0,0.0,0.0,0.0,1042,14,0.0,0.0,0.0,0.0,1041.5,0.0
0,861600,VOLCANIC_ROCK_VOUCHER_9500,1043.0,14.0,0.0,0.0,0.0,0.0,1044,14,0.0,0.0,0.0,0.0,1043.5,0.0
0,861700,VOLCANIC_ROCK_VOUCHER_9500,1040.0,15.0,0.0,0.0,0.0,0.0,1041,15,0.0,0.0,0.0,0.0,1040.5,0.0
0,861800,VOLCANIC_ROCK_VOUCHER_9500,1041.0,12.0,0.0,0.0,0.0,0.0,1042,12,0.0,0.0,0.0,0.0,1041.5,0.0
0,861900,VOLCANIC_ROCK_VOUCHER_9500,1041.0,18.0,0.0,0.0,0.0,0.0,1042,18,0.0,0.0,0.0,0.0,1041.5,0.0
0,862000,VOLCANIC_ROCK_VOUCHER_9500,1042.0,21.0,0.0,0.0,0.0,0.0,1043,2,1044.0,19.0,0.0,0.0,1042.5,0.0
0,862100,VOLCANIC_ROCK_VOUCHER_9500,1043.0,32.0,0.0,0.0,0.0,0.0,1044,19,0.0,0.0,0.0,0.0,1043.5,0.0
0,862200,VOLCANIC_ROCK_VOUCHER_9500,1043.0,18.0,0.0,0.0,0.0,0.0,1045,18,0.0,0.0,0.0,0.0,1044.0,0.0
0,862300,VOLCANIC_ROCK_VOUCHER_9500,1044.0,13.0,0.0,0.0,0.0,0.0,1045,13,0.0,0.0,0.0,0.0,1044.5,0.0
0,862400,VOLCANIC_ROCK_VOUCHER_9500,1046.0,19.0,0.0,0.0,0.0,0.0,1047,19,0.0,0.0,0.0,0.0,1046.5,0.0
0,862500,VOLCANIC_ROCK_VOUCHER_9500,1046.0,13.0,0.0,0.0,0.0,0.0,1047,13,0.0,0.0,0.0,0.0,1046.5,0.0
0,862600,VOLCANIC_ROCK_VOUCHER_9500,1042.0,20.0,0.0,0.0,0.0,0.0,1043,20,0.0,0.0,0.0,0.0,1042.5,0.0
0,862700,VOLCANIC_ROCK_VOUCHER_9500,1043.0,12.0,0.0,0.0,0.0,0.0,1044,12,0.0,0.0,0.0,0.0,1043.5,0.0
0,862800,VOLCANIC_ROCK_VOUCHER_9500,1045.0,22.0,0.0,0.0,0.0,0.0,1047,22,0.0,0.0,0.0,0.0,1046.0,0.0
0,862900,VOLCANIC_ROCK_VOUCHER_9500,1047.0,16.0,0.0,0.0,0.0,0.0,1048,16,0.0,0.0,0.0,0.0,1047.5,0.0
0,863000,VOLCANIC_ROCK_VOUCHER_9500,1045.0,15.0,0.0,0.0,0.0,0.0,1047,15,0.0,0.0,0.0,0.0,1046.0,0.0
0,863100,VOLCANIC_ROCK_VOUCHER_9500,1044.0,11.0,1043.0,12.0,0.0,0.0,1045,12,0.0,0.0,0.0,0.0,1044.5,0.0
0,863200,VOLCANIC_ROCK_VOUCHER_9500,1045.0,15.0,0.0,0.0,0.0,0.0,1046,15,0.0,0.0,0.0,0.0,1045.5,0.0
0,863300,VOLCANIC_ROCK_VOUCHER_9500,1046.0,19.0,0.0,0.0,0.0,0.0,1047,19,0.0,0.0,0.0,0.0,1046.5,0.0
0,863400,VOLCANIC_ROCK_VOUCHER_9500,1046.0,12.0,0.0,0.0,0.0,0.0,1047,12,0.0,0.0,0.0,0.0,1046.5,0.0
0,863500,VOLCANIC_ROCK_VOUCHER_9500,1045.0,13.0,0.0,0.0,0.0,0.0,1047,13,0.0,0.0,0.0,0.0,1046.0,0.0
0,863600,VOLCANIC_ROCK_VOUCHER_9500,1046.0,12.0,0.0,0.0,0.0,0.0,1047,12,0.0,0.0,0.0,0.0,1046.5,0.0
0,863700,VOLCANIC_ROCK_VOUCHER_9500,1046.0,19.0,0.0,0.0,0.0,0.0,1047,19,0.0,0.0,0.0,0.0,1046.5,0.0
0,863800,VOLCANIC_ROCK_VOUCHER_9500,1043.0,11.0,0.0,0.0,0.0,0.0,1045,11,0.0,0.0,0.0,0.0,1044.0,0.0
0,863900,VOLCANIC_ROCK_VOUCHER_9500,1043.0,10.0,0.0,0.0,0.0,0.0,1044,10,0.0,0.0,0.0,0.0,1043.5,0.0
0,864000,VOLCANIC_ROCK_VOUCHER_9500,1035.0,16.0,0.0,0.0,0.0,0.0,1036,16,0.0,0.0,0.0,0.0,1035.5,0.0
0,864100,VOLCANIC_ROCK_VOUCHER_9500,1035.0,14.0,0.0,0.0,0.0,0.0,1036,14,0.0,0.0,0.0,0.0,1035.5,0.0
0,864200,VOLCANIC_ROCK_VOUCHER_9500,1037.0,19.0,0.0,0.0,0.0,0.0,1038,19,0.0,0.0,0.0,0.0,1037.5,0.0
0,864300,VOLCANIC_ROCK_VOUCHER_9500,1035.0,12.0,0.0,0.0,0.0,0.0,1036,12,0.0,0.0,0.0,0.0,1035.5,0.0
0,864400,VOLCANIC_ROCK_VOUCHER_9500,1035.0,30.0,0.0,0.0,0.0,0.0,1036,16,0.0,0.0,0.0,0.0,1035.5,0.0
0,864500,VOLCANIC_ROCK_VOUCHER_9500,1037.0,18.0,0.0,0.0,0.0,0.0,1038,18,0.0,0.0,0.0,0.0,1037.5,0.0
0,864600,VOLCANIC_ROCK_VOUCHER_9500,1039.0,19.0,0.0,0.0,0.0,0.0,1040,19,0.0,0.0,0.0,0.0,1039.5,0.0
0,864700,VOLCANIC_ROCK_VOUCHER_9500,1039.0,19.0,0.0,0.0,0.0,0.0,1040,19,0.0,0.0,0.0,0.0,1039.5,0.0
0,864800,VOLCANIC_ROCK_VOUCHER_9500,1038.0,13.0,0.0,0.0,0.0,0.0,1039,13,0.0,0.0,0.0,0.0,1038.5,0.0
0,864900,VOLCANIC_ROCK_VOUCHER_9500,1042.0,18.0,0.0,0.0,0.0,0.0,1043,18,0.0,0.0,0.0,0.0,1042.5,0.0
0,865000,VOLCANIC_ROCK_VOUCHER_9500,1041.0,23.0,0.0,0.0,0.0,0.0,1042,15,0.0,0.0,0.0,0.0,1041.5,0.0
0,865100,VOLCANIC_ROCK_VOUCHER_9500,1039.0,15.0,0.0,0.0,0.0,0.0,1040,15,0.0,0.0,0.0,0.0,1039.5,0.0
0,865200,VOLCANIC_ROCK_VOUCHER_9500,1038.0,19.0,0.0,0.0,0.0,0.0,1040,19,0.0,0.0,0.0,0.0,1039.0,0.0
0,865300,VOLCANIC_ROCK_VOUCHER_9500,1035.0,3.0,0.0,0.0,0.0,0.0,1036,17,0.0,0.0,0.0,0.0,1035.5,0.0
0,865400,VOLCANIC_ROCK_VOUCHER_9500,1035.0,18.0,0.0,0.0,0.0,0.0,1036,18,0.0,0.0,0.0,0.0,1035.5,0.0
0,865500,VOLCANIC_ROCK_VOUCHER_9500,1035.0,18.0,0.0,0.0,0.0,0.0,1036,18,0.0,0.0,0.0,0.0,1035.5,0.0
0,865600,VOLCANIC_ROCK_VOUCHER_9500,1028.0,35.0,0.0,0.0,0.0,0.0,1029,19,0.0,0.0,0.0,0.0,1028.5,0.0
0,865700,VOLCANIC_ROCK_VOUCHER_9500,1029.0,4.0,0.0,0.0,0.0,0.0,1030,16,0.0,0.0,0.0,0.0,1029.5,0.0
0,865800,VOLCANIC_ROCK_VOUCHER_9500,1028.0,22.0,0.0,0.0,0.0,0.0,1029,22,0.0,0.0,0.0,0.0,1028.5,0.0
0,865900,VOLCANIC_ROCK_VOUCHER_9500,1027.0,11.0,0.0,0.0,0.0,0.0,1028,11,0.0,0.0,0.0,0.0,1027.5,0.0
0,866000,VOLCANIC_ROCK_VOUCHER_9500,1031.0,21.0,0.0,0.0,0.0,0.0,1032,21,0.0,0.0,0.0,0.0,1031.5,0.0
0,866100,VOLCANIC_ROCK_VOUCHER_9500,1028.0,12.0,0.0,0.0,0.0,0.0,1029,12,0.0,0.0,0.0,0.0,1028.5,0.0
0,866200,VOLCANIC_ROCK_VOUCHER_9500,1026.0,10.0,0.0,0.0,0.0,0.0,1028,10,0.0,0.0,0.0,0.0,1027.0,0.0
0,866300,VOLCANIC_ROCK_VOUCHER_9500,1026.0,4.0,0.0,0.0,0.0,0.0,1027,17,0.0,0.0,0.0,0.0,1026.5,0.0
0,866400,VOLCANIC_ROCK_VOUCHER_9500,1026.0,28.0,0.0,0.0,0.0,0.0,1027,18,0.0,0.0,0.0,0.0,1026.5,0.0
0,866500,VOLCANIC_ROCK_VOUCHER_9500,1025.0,16.0,0.0,0.0,0.0,0.0,1026,16,0.0,0.0,0.0,0.0,1025.5,0.0
0,866600,VOLCANIC_ROCK_VOUCHER_9500,1027.0,29.0,0.0,0.0,0.0,0.0,1028,20,0.0,0.0,0.0,0.0,1027.5,0.0
0,866700,VOLCANIC_ROCK_VOUCHER_9500,1026.0,21.0,0.0,0.0,0.0,0.0,1027,16,0.0,0.0,0.0,0.0,1026.5,0.0
0,866800,VOLCANIC_ROCK_VOUCHER_9500,1025.0,25.0,0.0,0.0,0.0,0.0,1026,20,0.0,0.0,0.0,0.0,1025.5,0.0
0,866900,VOLCANIC_ROCK_VOUCHER_9500,1031.0,19.0,0.0,0.0,0.0,0.0,1032,19,0.0,0.0,0.0,0.0,1031.5,0.0
0,867000,VOLCANIC_ROCK_VOUCHER_9500,1027.0,21.0,0.0,0.0,0.0,0.0,1029,21,0.0,0.0,0.0,0.0,1028.0,0.0
0,867100,VOLCANIC_ROCK_VOUCHER_9500,1029.0,17.0,0.0,0.0,0.0,0.0,1030,17,0.0,0.0,0.0,0.0,1029.5,0.0
0,867200,VOLCANIC_ROCK_VOUCHER_9500,1028.0,19.0,0.0,0.0,0.0,0.0,1029,19,0.0,0.0,0.0,0.0,1028.5,0.0
0,867300,VOLCANIC_ROCK_VOUCHER_9500,1031.0,18.0,0.0,0.0,0.0,0.0,1032,18,0.0,0.0,0.0,0.0,1031.5,0.0
0,867400,VOLCANIC_ROCK_VOUCHER_9500,1030.0,14.0,0.0,0.0,0.0,0.0,1031,14,0.0,0.0,0.0,0.0,1030.5,0.0
0,867500,VOLCANIC_ROCK_VOUCHER_9500,1031.0,21.0,0.0,0.0,0.0,0.0,1032,21,0.0,0.0,0.0,0.0,1031.5,0.0
0,867600,VOLCANIC_ROCK_VOUCHER_9500,1030.0,17.0,0.0,0.0,0.0,0.0,1031,17,0.0,0.0,0.0,0.0,1030.5,0.0
0,867700,VOLCANIC_ROCK_VOUCHER_9500,1029.0,16.0,0.0,0.0,0.0,0.0,1030,16,0.0,0.0,0.0,0.0,1029.5,0.0
0,867800,VOLCANIC_ROCK_VOUCHER_9500,1032.0,15.0,0.0,0.0,0.0,0.0,1033,15,0.0,0.0,0.0,0.0,1032.5,0.0
0,867900,VOLCANIC_ROCK_VOUCHER_9500,1035.0,16.0,0.0,0.0,0.0,0.0,1036,16,0.0,0.0,0.0,0.0,1035.5,0.0
0,868000,VOLCANIC_ROCK_VOUCHER_9500,1035.0,22.0,0.0,0.0,0.0,0.0,1036,22,0.0,0.0,0.0,0.0,1035.5,0.0
0,868100,VOLCANIC_ROCK_VOUCHER_9500,1035.0,12.0,0.0,0.0,0.0,0.0,1036,12,0.0,0.0,0.0,0.0,1035.5,0.0
0,868200,VOLCANIC_ROCK_VOUCHER_9500,1034.0,14.0,0.0,0.0,0.0,0.0,1035,14,0.0,0.0,0.0,0.0,1034.5,0.0
0,868300,VOLCANIC_ROCK_VOUCHER_9500,1034.0,12.0,0.0,0.0,0.0,0.0,1035,12,0.0,0.0,0.0,0.0,1034.5,0.0
0,868400,VOLCANIC_ROCK_VOUCHER_9500,1028.0,14.0,0.0,0.0,0.0,0.0,1029,14,0.0,0.0,0.0,0.0,1028.5,0.0
0,868500,VOLCANIC_ROCK_VOUCHER_9500,1030.0,16.0,0.0,0.0,0.0,0.0,1031,16,0.0,0.0,0.0,0.0,1030.5,0.0
0,868600,VOLCANIC_ROCK_VOUCHER_9500,1029.0,12.0,0.0,0.0,0.0,0.0,1030,12,0.0,0.0,0.0,0.0,1029.5,0.0
0,868700,VOLCANIC_ROCK_VOUCHER_9500,1027.0,12.0,0.0,0.0,0.0,0.0,1028,12,0.0,0.0,0.0,0.0,1027.5,0.0
0,868800,VOLCANIC_ROCK_VOUCHER_9500,1027.0,19.0,0.0,0.0,0.0,0.0,1028,19,0.0,0.0,0.0,0.0,1027.5,0.0
0,868900,VOLCANIC_ROCK_VOUCHER_9500,1028.0,13.0,0.0,0.0,0.0,0.0,1029,13,0.0,0.0,0.0,0.0,1028.5,0.0
0,869000,VOLCANIC_ROCK_VOUCHER_9500,1025.0,15.0,0.0,0.0,0.0,0.0,1026,15,0.0,0.0,0.0,0.0,1025.5,0.0
0,869100,VOLCANIC_ROCK_VOUCHER_9500,1024.0,13.0,0.0,0.0,0.0,0.0,1026,13,0.0,0.0,0.0,0.0,1025.0,0.0
0,869200,VOLCANIC_ROCK_VOUCHER_9500,1021.0,18.0,0.0,0.0,0.0,0.0,1022,18,0.0,0.0,0.0,0.0,1021.5,0.0
0,869300,VOLCANIC_ROCK_VOUCHER_9500,1017.0,21.0,0.0,0.0,0.0,0.0,1018,21,0.0,0.0,0.0,0.0,1017.5,0.0
0,869400,VOLCANIC_ROCK_VOUCHER_9500,1019.0,12.0,0.0,0.0,0.0,0.0,1020,10,1021.0,12.0,0.0,0.0,1019.5,0.0
0,869500,VOLCANIC_ROCK_VOUCHER_9500,1020.0,18.0,0.0,0.0,0.0,0.0,1021,18,0.0,0.0,0.0,0.0,1020.5,0.0
0,869600,VOLCANIC_ROCK_VOUCHER_9500,1019.0,15.0,0.0,0.0,0.0,0.0,1020,15,0.0,0.0,0.0,0.0,1019.5,0.0
0,869700,VOLCANIC_ROCK_VOUCHER_9500,1018.0,13.0,0.0,0.0,0.0,0.0,1019,13,0.0,0.0,0.0,0.0,1018.5,0.0
0,869800,VOLCANIC_ROCK_VOUCHER_9500,1018.0,13.0,0.0,0.0,0.0,0.0,1020,13,0.0,0.0,0.0,0.0,1019.0,0.0
0,869900,VOLCANIC_ROCK_VOUCHER_9500,1017.0,27.0,0.0,0.0,0.0,0.0,1018,14,0.0,0.0,0.0,0.0,1017.5,0.0
0,870000,VOLCANIC_ROCK_VOUCHER_9500,1020.0,28.0,0.0,0.0,0.0,0.0,1021,18,0.0,0.0,0.0,0.0,1020.5,0.0
0,870100,VOLCANIC_ROCK_VOUCHER_9500,1019.0,11.0,0.0,0.0,0.0,0.0,1020,11,0.0,0.0,0.0,0.0,1019.5,0.0
0,870200,VOLCANIC_ROCK_VOUCHER_9500,1020.0,17.0,0.0,0.0,0.0,0.0,1021,17,0.0,0.0,0.0,0.0,1020.5,0.0
0,870300,VOLCANIC_ROCK_VOUCHER_9500,1019.0,19.0,0.0,0.0,0.0,0.0,1020,19,0.0,0.0,0.0,0.0,1019.5,0.0
0,870400,VOLCANIC_ROCK_VOUCHER_9500,1023.0,1.0,0.0,0.0,0.0,0.0,1024,16,0.0,0.0,0.0,0.0,1023.5,0.0
0,870500,VOLCANIC_ROCK_VOUCHER_9500,1022.0,17.0,0.0,0.0,0.0,0.0,1023,17,0.0,0.0,0.0,0.0,1022.5,0.0
0,870600,VOLCANIC_ROCK_VOUCHER_9500,1021.0,14.0,0.0,0.0,0.0,0.0,1022,14,0.0,0.0,0.0,0.0,1021.5,0.0
0,870700,VOLCANIC_ROCK_VOUCHER_9500,1021.0,13.0,0.0,0.0,0.0,0.0,1022,13,0.0,0.0,0.0,0.0,1021.5,0.0
0,870800,VOLCANIC_ROCK_VOUCHER_9500,1022.0,17.0,0.0,0.0,0.0,0.0,1023,17,0.0,0.0,0.0,0.0,1022.5,0.0
0,870900,VOLCANIC_ROCK_VOUCHER_9500,1022.0,19.0,0.0,0.0,0.0,0.0,1023,19,0.0,0.0,0.0,0.0,1022.5,0.0
0,871000,VOLCANIC_ROCK_VOUCHER_9500,1023.0,17.0,0.0,0.0,0.0,0.0,1024,17,0.0,0.0,0.0,0.0,1023.5,0.0
0,871100,VOLCANIC_ROCK_VOUCHER_9500,1022.0,20.0,0.0,0.0,0.0,0.0,1023,20,0.0,0.0,0.0,0.0,1022.5,0.0
0,871200,VOLCANIC_ROCK_VOUCHER_9500,1025.0,16.0,0.0,0.0,0.0,0.0,1026,16,0.0,0.0,0.0,0.0,1025.5,0.0
0,871300,VOLCANIC_ROCK_VOUCHER_9500,1024.0,20.0,0.0,0.0,0.0,0.0,1026,20,0.0,0.0,0.0,0.0,1025.0,0.0
0,871400,VOLCANIC_ROCK_VOUCHER_9500,1023.0,12.0,0.0,0.0,0.0,0.0,1024,12,0.0,0.0,0.0,0.0,1023.5,0.0
0,871500,VOLCANIC_ROCK_VOUCHER_9500,1025.0,1.0,0.0,0.0,0.0,0.0,1026,14,0.0,0.0,0.0,0.0,1025.5,0.0
0,871600,VOLCANIC_ROCK_VOUCHER_9500,1027.0,16.0,0.0,0.0,0.0,0.0,1028,16,0.0,0.0,0.0,0.0,1027.5,0.0
0,871700,VOLCANIC_ROCK_VOUCHER_9500,1028.0,20.0,0.0,0.0,0.0,0.0,1030,20,0.0,0.0,0.0,0.0,1029.0,0.0
0,871800,VOLCANIC_ROCK_VOUCHER_9500,1029.0,20.0,0.0,0.0,0.0,0.0,1030,20,0.0,0.0,0.0,0.0,1029.5,0.0
0,871900,VOLCANIC_ROCK_VOUCHER_9500,1028.0,21.0,0.0,0.0,0.0,0.0,1030,21,0.0,0.0,0.0,0.0,1029.0,0.0
0,872000,VOLCANIC_ROCK_VOUCHER_9500,1030.0,12.0,0.0,0.0,0.0,0.0,1031,12,0.0,0.0,0.0,0.0,1030.5,0.0
0,872100,VOLCANIC_ROCK_VOUCHER_9500,1032.0,11.0,0.0,0.0,0.0,0.0,1033,11,0.0,0.0,0.0,0.0,1032.5,0.0
0,872200,VOLCANIC_ROCK_VOUCHER_9500,1029.0,18.0,0.0,0.0,0.0,0.0,1030,18,0.0,0.0,0.0,0.0,1029.5,0.0
0,872300,VOLCANIC_ROCK_VOUCHER_9500,1031.0,20.0,0.0,0.0,0.0,0.0,1032,20,0.0,0.0,0.0,0.0,1031.5,0.0
0,872400,VOLCANIC_ROCK_VOUCHER_9500,1033.0,11.0,0.0,0.0,0.0,0.0,1034,11,0.0,0.0,0.0,0.0,1033.5,0.0
0,872500,VOLCANIC_ROCK_VOUCHER_9500,1036.0,15.0,0.0,0.0,0.0,0.0,1037,15,0.0,0.0,0.0,0.0,1036.5,0.0
0,872600,VOLCANIC_ROCK_VOUCHER_9500,1035.0,18.0,0.0,0.0,0.0,0.0,1036,18,0.0,0.0,0.0,0.0,1035.5,0.0
0,872700,VOLCANIC_ROCK_VOUCHER_9500,1034.0,13.0,0.0,0.0,0.0,0.0,1035,13,0.0,0.0,0.0,0.0,1034.5,0.0
0,872800,VOLCANIC_ROCK_VOUCHER_9500,1036.0,22.0,0.0,0.0,0.0,0.0,1037,22,0.0,0.0,0.0,0.0,1036.5,0.0
0,872900,VOLCANIC_ROCK_VOUCHER_9500,1034.0,16.0,0.0,0.0,0.0,0.0,1035,16,0.0,0.0,0.0,0.0,1034.5,0.0
0,873000,VOLCANIC_ROCK_VOUCHER_9500,1033.0,10.0,0.0,0.0,0.0,0.0,1034,10,0.0,0.0,0.0,0.0,1033.5,0.0
0,873100,VOLCANIC_ROCK_VOUCHER_9500,1031.0,20.0,0.0,0.0,0.0,0.0,1032,20,0.0,0.0,0.0,0.0,1031.5,0.0
0,873200,VOLCANIC_ROCK_VOUCHER_9500,1032.0,18.0,0.0,0.0,0.0,0.0,1034,18,0.0,0.0,0.0,0.0,1033.0,0.0
0,873300,VOLCANIC_ROCK_VOUCHER_9500,1031.0,18.0,0.0,0.0,0.0,0.0,1032,18,0.0,0.0,0.0,0.0,1031.5,0.0
0,873400,VOLCANIC_ROCK_VOUCHER_9500,1030.0,15.0,0.0,0.0,0.0,0.0,1031,15,0.0,0.0,0.0,0.0,1030.5,0.0
0,873500,VOLCANIC_ROCK_VOUCHER_9500,1029.0,18.0,0.0,0.0,0.0,0.0,1030,18,0.0,0.0,0.0,0.0,1029.5,0.0
0,873600,VOLCANIC_ROCK_VOUCHER_9500,1031.0,14.0,0.0,0.0,0.0,0.0,1032,14,0.0,0.0,0.0,0.0,1031.5,0.0
0,873700,VOLCANIC_ROCK_VOUCHER_9500,1030.0,13.0,0.0,0.0,0.0,0.0,1031,13,0.0,0.0,0.0,0.0,1030.5,0.0
0,873800,VOLCANIC_ROCK_VOUCHER_9500,1030.0,13.0,0.0,0.0,0.0,0.0,1032,13,0.0,0.0,0.0,0.0,1031.0,0.0
0,873900,VOLCANIC_ROCK_VOUCHER_9500,1027.0,16.0,0.0,0.0,0.0,0.0,1029,16,0.0,0.0,0.0,0.0,1028.0,0.0
0,874000,VOLCANIC_ROCK_VOUCHER_9500,1028.0,21.0,0.0,0.0,0.0,0.0,1029,21,0.0,0.0,0.0,0.0,1028.5,0.0
0,874100,VOLCANIC_ROCK_VOUCHER_9500,1025.0,2.0,0.0,0.0,0.0,0.0,1026,20,0.0,0.0,0.0,0.0,1025.5,0.0
0,874200,VOLCANIC_ROCK_VOUCHER_9500,1024.0,20.0,0.0,0.0,0.0,0.0,1025,20,0.0,0.0,0.0,0.0,1024.5,0.0
0,874300,VOLCANIC_ROCK_VOUCHER_9500,1024.0,18.0,0.0,0.0,0.0,0.0,1025,18,0.0,0.0,0.0,0.0,1024.5,0.0
0,874400,VOLCANIC_ROCK_VOUCHER_9500,1022.0,41.0,0.0,0.0,0.0,0.0,1023,21,0.0,0.0,0.0,0.0,1022.5,0.0
0,874500,VOLCANIC_ROCK_VOUCHER_9500,1022.0,19.0,0.0,0.0,0.0,0.0,1023,19,0.0,0.0,0.0,0.0,1022.5,0.0
0,874600,VOLCANIC_ROCK_VOUCHER_9500,1022.0,15.0,0.0,0.0,0.0,0.0,1023,15,0.0,0.0,0.0,0.0,1022.5,0.0
0,874700,VOLCANIC_ROCK_VOUCHER_9500,0.0,0.0,0.0,0.0,0.0,0.0,1025,13,0.0,0.0,0.0,0.0,1025.0,0.0
0,874800,VOLCANIC_ROCK_VOUCHER_9500,1024.0,32.0,0.0,0.0,0.0,0.0,1025,19,0.0,0.0,0.0,0.0,1024.5,0.0
0,874900,VOLCANIC_ROCK_VOUCHER_9500,1023.0,14.0,0.0,0.0,0.0,0.0,1024,14,0.0,0.0,0.0,0.0,1023.5,0.0
0,875000,VOLCANIC_ROCK_VOUCHER_9500,1023.0,16.0,0.0,0.0,0.0,0.0,1024,16,0.0,0.0,0.0,0.0,1023.5,0.0
0,875100,VOLCANIC_ROCK_VOUCHER_9500,1025.0,14.0,0.0,0.0,0.0,0.0,1026,14,0.0,0.0,0.0,0.0,1025.5,0.0
0,875200,VOLCANIC_ROCK_VOUCHER_9500,1024.0,11.0,0.0,0.0,0.0,0.0,1025,11,0.0,0.0,0.0,0.0,1024.5,0.0
0,875300,VOLCANIC_ROCK_VOUCHER_9500,1022.0,14.0,0.0,0.0,0.0,0.0,1023,14,0.0,0.0,0.0,0.0,1022.5,0.0
0,875400,VOLCANIC_ROCK_VOUCHER_9500,1022.0,19.0,0.0,0.0,0.0,0.0,1023,19,0.0,0.0,0.0,0.0,1022.5,0.0
0,875500,VOLCANIC_ROCK_VOUCHER_9500,1020.0,15.0,0.0,0.0,0.0,0.0,1021,15,0.0,0.0,0.0,0.0,1020.5,0.0
0,875600,VOLCANIC_ROCK_VOUCHER_9500,1016.0,21.0,0.0,0.0,0.0,0.0,1018,21,0.0,0.0,0.0,0.0,1017.0,0.0
0,875700,VOLCANIC_ROCK_VOUCHER_9500,1016.0,17.0,0.0,0.0,0.0,0.0,1017,17,0.0,0.0,0.0,0.0,1016.5,0.0
0,875800,VOLCANIC_ROCK_VOUCHER_9500,1023.0,18.0,0.0,0.0,0.0,0.0,1025,18,0.0,0.0,0.0,0.0,1024.0,0.0
0,875900,VOLCANIC_ROCK_VOUCHER_9500,1021.0,21.0,0.0,0.0,0.0,0.0,1022,21,0.0,0.0,0.0,0.0,1021.5,0.0
0,876000,VOLCANIC_ROCK_VOUCHER_9500,1019.0,17.0,0.0,0.0,0.0,0.0,1020,17,0.0,0.0,0.0,0.0,1019.5,0.0
0,876100,VOLCANIC_ROCK_VOUCHER_9500,0.0,0.0,0.0,0.0,0.0,0.0,1018,2,1019.0,17.0,0.0,0.0,1018.0,0.0
0,876200,VOLCANIC_ROCK_VOUCHER_9500,1020.0,15.0,0.0,0.0,0.0,0.0,1021,15,0.0,0.0,0.0,0.0,1020.5,0.0
0,876300,VOLCANIC_ROCK_VOUCHER_9500,1018.0,14.0,0.0,0.0,0.0,0.0,1019,14,0.0,0.0,0.0,0.0,1018.5,0.0
0,876400,VOLCANIC_ROCK_VOUCHER_9500,1018.0,21.0,0.0,0.0,0.0,0.0,1019,21,0.0,0.0,0.0,0.0,1018.5,0.0
0,876500,VOLCANIC_ROCK_VOUCHER_9500,1019.0,18.0,0.0,0.0,0.0,0.0,1020,18,0.0,0.0,0.0,0.0,1019.5,0.0
0,876600,VOLCANIC_ROCK_VOUCHER_9500,1015.0,38.0,0.0,0.0,0.0,0.0,1016,21,0.0,0.0,0.0,0.0,1015.5,0.0
0,876700,VOLCANIC_ROCK_VOUCHER_9500,1014.0,15.0,0.0,0.0,0.0,0.0,1016,15,0.0,0.0,0.0,0.0,1015.0,0.0
0,876800,VOLCANIC_ROCK_VOUCHER_9500,1016.0,15.0,0.0,0.0,0.0,0.0,1017,15,0.0,0.0,0.0,0.0,1016.5,0.0
0,876900,VOLCANIC_ROCK_VOUCHER_9500,1015.0,10.0,0.0,0.0,0.0,0.0,1016,10,0.0,0.0,0.0,0.0,1015.5,0.0
0,877000,VOLCANIC_ROCK_VOUCHER_9500,1017.0,12.0,0.0,0.0,0.0,0.0,1018,12,0.0,0.0,0.0,0.0,1017.5,0.0
0,877100,VOLCANIC_ROCK_VOUCHER_9500,1016.0,15.0,0.0,0.0,0.0,0.0,1017,15,0.0,0.0,0.0,0.0,1016.5,0.0
0,877200,VOLCANIC_ROCK_VOUCHER_9500,1016.0,15.0,0.0,0.0,0.0,0.0,1017,2,1018.0,13.0,0.0,0.0,1016.5,0.0
0,877300,VOLCANIC_ROCK_VOUCHER_9500,1015.0,12.0,0.0,0.0,0.0,0.0,1017,12,0.0,0.0,0.0,0.0,1016.0,0.0
0,877400,VOLCANIC_ROCK_VOUCHER_9500,1014.0,10.0,0.0,0.0,0.0,0.0,1015,10,0.0,0.0,0.0,0.0,1014.5,0.0
0,877500,VOLCANIC_ROCK_VOUCHER_9500,1010.0,12.0,0.0,0.0,0.0,0.0,1011,12,0.0,0.0,0.0,0.0,1010.5,0.0
0,877600,VOLCANIC_ROCK_VOUCHER_9500,1008.0,16.0,0.0,0.0,0.0,0.0,1009,16,0.0,0.0,0.0,0.0,1008.5,0.0
0,877700,VOLCANIC_ROCK_VOUCHER_9500,1007.0,21.0,0.0,0.0,0.0,0.0,1008,21,0.0,0.0,0.0,0.0,1007.5,0.0
0,877800,VOLCANIC_ROCK_VOUCHER_9500,1007.0,20.0,0.0,0.0,0.0,0.0,1008,20,0.0,0.0,0.0,0.0,1007.5,0.0
0,877900,VOLCANIC_ROCK_VOUCHER_9500,1006.0,12.0,0.0,0.0,0.0,0.0,1007,12,0.0,0.0,0.0,0.0,1006.5,0.0
0,878000,VOLCANIC_ROCK_VOUCHER_9500,1004.0,20.0,0.0,0.0,0.0,0.0,1006,20,0.0,0.0,0.0,0.0,1005.0,0.0
0,878100,VOLCANIC_ROCK_VOUCHER_9500,1003.0,18.0,0.0,0.0,0.0,0.0,1004,18,0.0,0.0,0.0,0.0,1003.5,0.0
0,878200,VOLCANIC_ROCK_VOUCHER_9500,1002.0,17.0,0.0,0.0,0.0,0.0,1003,17,0.0,0.0,0.0,0.0,1002.5,0.0
0,878300,VOLCANIC_ROCK_VOUCHER_9500,1002.0,19.0,0.0,0.0,0.0,0.0,1003,19,0.0,0.0,0.0,0.0,1002.5,0.0
0,878400,VOLCANIC_ROCK_VOUCHER_9500,1001.0,18.0,0.0,0.0,0.0,0.0,1002,2,1003.0,16.0,0.0,0.0,1001.5,0.0
0,878500,VOLCANIC_ROCK_VOUCHER_9500,999.0,32.0,0.0,0.0,0.0,0.0,1000,20,0.0,0.0,0.0,0.0,999.5,0.0
0,878600,VOLCANIC_ROCK_VOUCHER_9500,1001.0,18.0,0.0,0.0,0.0,0.0,1002,18,0.0,0.0,0.0,0.0,1001.5,0.0
0,878700,VOLCANIC_ROCK_VOUCHER_9500,1003.0,11.0,0.0,0.0,0.0,0.0,1004,11,0.0,0.0,0.0,0.0,1003.5,0.0
0,878800,VOLCANIC_ROCK_VOUCHER_9500,1005.0,24.0,0.0,0.0,0.0,0.0,1006,15,0.0,0.0,0.0,0.0,1005.5,0.0
0,878900,VOLCANIC_ROCK_VOUCHER_9500,1003.0,11.0,0.0,0.0,0.0,0.0,1004,11,0.0,0.0,0.0,0.0,1003.5,0.0
0,879000,VOLCANIC_ROCK_VOUCHER_9500,1003.0,28.0,0.0,0.0,0.0,0.0,1004,14,0.0,0.0,0.0,0.0,1003.5,0.0
0,879100,VOLCANIC_ROCK_VOUCHER_9500,1005.0,17.0,0.0,0.0,0.0,0.0,1007,17,0.0,0.0,0.0,0.0,1006.0,0.0
0,879200,VOLCANIC_ROCK_VOUCHER_9500,1008.0,30.0,0.0,0.0,0.0,0.0,1009,16,0.0,0.0,0.0,0.0,1008.5,0.0
0,879300,VOLCANIC_ROCK_VOUCHER_9500,1009.0,16.0,0.0,0.0,0.0,0.0,1010,16,0.0,0.0,0.0,0.0,1009.5,0.0
0,879400,VOLCANIC_ROCK_VOUCHER_9500,1009.0,14.0,0.0,0.0,0.0,0.0,1010,14,0.0,0.0,0.0,0.0,1009.5,0.0
0,879500,VOLCANIC_ROCK_VOUCHER_9500,1009.0,13.0,0.0,0.0,0.0,0.0,1010,13,0.0,0.0,0.0,0.0,1009.5,0.0
0,879600,VOLCANIC_ROCK_VOUCHER_9500,1008.0,16.0,0.0,0.0,0.0,0.0,1009,16,0.0,0.0,0.0,0.0,1008.5,0.0
0,879700,VOLCANIC_ROCK_VOUCHER_9500,1007.0,12.0,0.0,0.0,0.0,0.0,1008,12,0.0,0.0,0.0,0.0,1007.5,0.0
0,879800,VOLCANIC_ROCK_VOUCHER_9500,1005.0,11.0,0.0,0.0,0.0,0.0,1006,11,0.0,0.0,0.0,0.0,1005.5,0.0
0,879900,VOLCANIC_ROCK_VOUCHER_9500,1007.0,12.0,0.0,0.0,0.0,0.0,1008,12,0.0,0.0,0.0,0.0,1007.5,0.0
0,880000,VOLCANIC_ROCK_VOUCHER_9500,1007.0,19.0,0.0,0.0,0.0,0.0,1008,19,0.0,0.0,0.0,0.0,1007.5,0.0
0,880100,VOLCANIC_ROCK_VOUCHER_9500,1008.0,14.0,0.0,0.0,0.0,0.0,1009,14,0.0,0.0,0.0,0.0,1008.5,0.0
0,880200,VOLCANIC_ROCK_VOUCHER_9500,1008.0,12.0,0.0,0.0,0.0,0.0,1009,12,0.0,0.0,0.0,0.0,1008.5,0.0
0,880300,VOLCANIC_ROCK_VOUCHER_9500,1008.0,15.0,0.0,0.0,0.0,0.0,1009,15,0.0,0.0,0.0,0.0,1008.5,0.0
0,880400,VOLCANIC_ROCK_VOUCHER_9500,1008.0,15.0,0.0,0.0,0.0,0.0,1009,15,0.0,0.0,0.0,0.0,1008.5,0.0
0,880500,VOLCANIC_ROCK_VOUCHER_9500,1008.0,19.0,0.0,0.0,0.0,0.0,1009,19,0.0,0.0,0.0,0.0,1008.5,0.0
0,880600,VOLCANIC_ROCK_VOUCHER_9500,1009.0,19.0,0.0,0.0,0.0,0.0,1010,19,0.0,0.0,0.0,0.0,1009.5,0.0
0,880700,VOLCANIC_ROCK_VOUCHER_9500,1009.0,13.0,0.0,0.0,0.0,0.0,1010,13,0.0,0.0,0.0,0.0,1009.5,0.0
0,880800,VOLCANIC_ROCK_VOUCHER_9500,1008.0,11.0,0.0,0.0,0.0,0.0,1009,11,0.0,0.0,0.0,0.0,1008.5,0.0
0,880900,VOLCANIC_ROCK_VOUCHER_9500,1004.0,12.0,0.0,0.0,0.0,0.0,1005,12,0.0,0.0,0.0,0.0,1004.5,0.0
0,881000,VOLCANIC_ROCK_VOUCHER_9500,1004.0,20.0,0.0,0.0,0.0,0.0,1005,20,0.0,0.0,0.0,0.0,1004.5,0.0
0,881100,VOLCANIC_ROCK_VOUCHER_9500,1005.0,20.0,0.0,0.0,0.0,0.0,1006,20,0.0,0.0,0.0,0.0,1005.5,0.0
0,881200,VOLCANIC_ROCK_VOUCHER_9500,1004.0,18.0,0.0,0.0,0.0,0.0,1005,18,0.0,0.0,0.0,0.0,1004.5,0.0
0,881300,VOLCANIC_ROCK_VOUCHER_9500,1000.0,12.0,0.0,0.0,0.0,0.0,1001,12,0.0,0.0,0.0,0.0,1000.5,0.0
0,881400,VOLCANIC_ROCK_VOUCHER_9500,1003.0,19.0,0.0,0.0,0.0,0.0,1004,19,0.0,0.0,0.0,0.0,1003.5,0.0
0,881500,VOLCANIC_ROCK_VOUCHER_9500,1003.0,20.0,0.0,0.0,0.0,0.0,1004,20,0.0,0.0,0.0,0.0,1003.5,0.0
0,881600,VOLCANIC_ROCK_VOUCHER_9500,1005.0,14.0,0.0,0.0,0.0,0.0,1006,14,0.0,0.0,0.0,0.0,1005.5,0.0
0,881700,VOLCANIC_ROCK_VOUCHER_9500,1006.0,22.0,0.0,0.0,0.0,0.0,1007,22,0.0,0.0,0.0,0.0,1006.5,0.0
0,881800,VOLCANIC_ROCK_VOUCHER_9500,1009.0,17.0,0.0,0.0,0.0,0.0,1010,17,0.0,0.0,0.0,0.0,1009.5,0.0
0,881900,VOLCANIC_ROCK_VOUCHER_9500,1013.0,16.0,0.0,0.0,0.0,0.0,1014,16,0.0,0.0,0.0,0.0,1013.5,0.0
0,882000,VOLCANIC_ROCK_VOUCHER_9500,1012.0,15.0,0.0,0.0,0.0,0.0,1013,15,0.0,0.0,0.0,0.0,1012.5,0.0
0,882100,VOLCANIC_ROCK_VOUCHER_9500,1013.0,25.0,0.0,0.0,0.0,0.0,1014,11,0.0,0.0,0.0,0.0,1013.5,0.0
0,882200,VOLCANIC_ROCK_VOUCHER_9500,1012.0,19.0,0.0,0.0,0.0,0.0,1014,19,0.0,0.0,0.0,0.0,1013.0,0.0
0,882300,VOLCANIC_ROCK_VOUCHER_9500,1013.0,14.0,0.0,0.0,0.0,0.0,1014,14,0.0,0.0,0.0,0.0,1013.5,0.0
0,882400,VOLCANIC_ROCK_VOUCHER_9500,1011.0,19.0,0.0,0.0,0.0,0.0,1012,19,0.0,0.0,0.0,0.0,1011.5,0.0
0,882500,VOLCANIC_ROCK_VOUCHER_9500,1013.0,11.0,0.0,0.0,0.0,0.0,1014,11,0.0,0.0,0.0,0.0,1013.5,0.0
0,882600,VOLCANIC_ROCK_VOUCHER_9500,1014.0,20.0,0.0,0.0,0.0,0.0,1015,20,0.0,0.0,0.0,0.0,1014.5,0.0
0,882700,VOLCANIC_ROCK_VOUCHER_9500,1017.0,16.0,0.0,0.0,0.0,0.0,1018,16,0.0,0.0,0.0,0.0,1017.5,0.0
0,882800,VOLCANIC_ROCK_VOUCHER_9500,1017.0,14.0,0.0,0.0,0.0,0.0,1018,14,0.0,0.0,0.0,0.0,1017.5,0.0
0,882900,VOLCANIC_ROCK_VOUCHER_9500,1016.0,15.0,0.0,0.0,0.0,0.0,1017,15,0.0,0.0,0.0,0.0,1016.5,0.0
0,883000,VOLCANIC_ROCK_VOUCHER_9500,1017.0,11.0,0.0,0.0,0.0,0.0,1018,11,0.0,0.0,0.0,0.0,1017.5,0.0
0,883100,VOLCANIC_ROCK_VOUCHER_9500,1018.0,17.0,0.0,0.0,0.0,0.0,1019,17,0.0,0.0,0.0,0.0,1018.5,0.0
0,883200,VOLCANIC_ROCK_VOUCHER_9500,1020.0,14.0,0.0,0.0,0.0,0.0,1021,14,0.0,0.0,0.0,0.0,1020.5,0.0
0,883300,VOLCANIC_ROCK_VOUCHER_9500,1021.0,33.0,0.0,0.0,0.0,0.0,1022,19,0.0,0.0,0.0,0.0,1021.5,0.0
0,883400,VOLCANIC_ROCK_VOUCHER_9500,1019.0,20.0,0.0,0.0,0.0,0.0,1020,20,0.0,0.0,0.0,0.0,1019.5,0.0
0,883500,VOLCANIC_ROCK_VOUCHER_9500,1023.0,22.0,0.0,0.0,0.0,0.0,1024,22,0.0,0.0,0.0,0.0,1023.5,0.0
0,883600,VOLCANIC_ROCK_VOUCHER_9500,1024.0,12.0,0.0,0.0,0.0,0.0,1026,12,0.0,0.0,0.0,0.0,1025.0,0.0
0,883700,VOLCANIC_ROCK_VOUCHER_9500,1021.0,18.0,0.0,0.0,0.0,0.0,1022,18,0.0,0.0,0.0,0.0,1021.5,0.0
0,883800,VOLCANIC_ROCK_VOUCHER_9500,1023.0,19.0,0.0,0.0,0.0,0.0,1024,19,0.0,0.0,0.0,0.0,1023.5,0.0
0,883900,VOLCANIC_ROCK_VOUCHER_9500,1024.0,17.0,0.0,0.0,0.0,0.0,1025,17,0.0,0.0,0.0,0.0,1024.5,0.0
0,884000,VOLCANIC_ROCK_VOUCHER_9500,1022.0,18.0,0.0,0.0,0.0,0.0,1023,18,0.0,0.0,0.0,0.0,1022.5,0.0
0,884100,VOLCANIC_ROCK_VOUCHER_9500,1021.0,10.0,0.0,0.0,0.0,0.0,1022,10,0.0,0.0,0.0,0.0,1021.5,0.0
0,884200,VOLCANIC_ROCK_VOUCHER_9500,1022.0,16.0,0.0,0.0,0.0,0.0,1023,16,0.0,0.0,0.0,0.0,1022.5,0.0
0,884300,VOLCANIC_ROCK_VOUCHER_9500,1024.0,21.0,0.0,0.0,0.0,0.0,1025,21,0.0,0.0,0.0,0.0,1024.5,0.0
0,884400,VOLCANIC_ROCK_VOUCHER_9500,1024.0,15.0,0.0,0.0,0.0,0.0,1025,15,0.0,0.0,0.0,0.0,1024.5,0.0
0,884500,VOLCANIC_ROCK_VOUCHER_9500,1019.0,15.0,0.0,0.0,0.0,0.0,1020,15,0.0,0.0,0.0,0.0,1019.5,0.0
0,884600,VOLCANIC_ROCK_VOUCHER_9500,1020.0,12.0,0.0,0.0,0.0,0.0,1021,12,0.0,0.0,0.0,0.0,1020.5,0.0
0,884700,VOLCANIC_ROCK_VOUCHER_9500,1021.0,2.0,1020.0,13.0,0.0,0.0,1022,15,0.0,0.0,0.0,0.0,1021.5,0.0
0,884800,VOLCANIC_ROCK_VOUCHER_9500,1023.0,27.0,0.0,0.0,0.0,0.0,1024,17,0.0,0.0,0.0,0.0,1023.5,0.0
0,884900,VOLCANIC_ROCK_VOUCHER_9500,1019.0,17.0,0.0,0.0,0.0,0.0,1020,17,0.0,0.0,0.0,0.0,1019.5,0.0
0,885000,VOLCANIC_ROCK_VOUCHER_9500,1019.0,18.0,0.0,0.0,0.0,0.0,1020,18,0.0,0.0,0.0,0.0,1019.5,0.0
0,885100,VOLCANIC_ROCK_VOUCHER_9500,1021.0,24.0,0.0,0.0,0.0,0.0,1022,14,0.0,0.0,0.0,0.0,1021.5,0.0
0,885200,VOLCANIC_ROCK_VOUCHER_9500,1020.0,13.0,0.0,0.0,0.0,0.0,1021,13,0.0,0.0,0.0,0.0,1020.5,0.0
0,885300,VOLCANIC_ROCK_VOUCHER_9500,1022.0,17.0,0.0,0.0,0.0,0.0,1023,17,0.0,0.0,0.0,0.0,1022.5,0.0
0,885400,VOLCANIC_ROCK_VOUCHER_9500,1023.0,17.0,0.0,0.0,0.0,0.0,1024,17,0.0,0.0,0.0,0.0,1023.5,0.0
0,885500,VOLCANIC_ROCK_VOUCHER_9500,1025.0,1.0,1024.0,16.0,0.0,0.0,1026,17,0.0,0.0,0.0,0.0,1025.5,0.0
0,885600,VOLCANIC_ROCK_VOUCHER_9500,1026.0,20.0,0.0,0.0,0.0,0.0,1027,20,0.0,0.0,0.0,0.0,1026.5,0.0
0,885700,VOLCANIC_ROCK_VOUCHER_9500,1023.0,20.0,0.0,0.0,0.0,0.0,1024,20,0.0,0.0,0.0,0.0,1023.5,0.0
0,885800,VOLCANIC_ROCK_VOUCHER_9500,1022.0,21.0,0.0,0.0,0.0,0.0,1023,21,0.0,0.0,0.0,0.0,1022.5,0.0
0,885900,VOLCANIC_ROCK_VOUCHER_9500,1017.0,29.0,0.0,0.0,0.0,0.0,1018,17,0.0,0.0,0.0,0.0,1017.5,0.0
0,886000,VOLCANIC_ROCK_VOUCHER_9500,1013.0,20.0,0.0,0.0,0.0,0.0,1015,20,0.0,0.0,0.0,0.0,1014.0,0.0
0,886100,VOLCANIC_ROCK_VOUCHER_9500,1014.0,15.0,0.0,0.0,0.0,0.0,1015,15,0.0,0.0,0.0,0.0,1014.5,0.0
0,886200,VOLCANIC_ROCK_VOUCHER_9500,1006.0,20.0,0.0,0.0,0.0,0.0,1007,20,0.0,0.0,0.0,0.0,1006.5,0.0
0,886300,VOLCANIC_ROCK_VOUCHER_9500,1009.0,13.0,0.0,0.0,0.0,0.0,1011,13,0.0,0.0,0.0,0.0,1010.0,0.0
0,886400,VOLCANIC_ROCK_VOUCHER_9500,1007.0,20.0,0.0,0.0,0.0,0.0,1008,20,0.0,0.0,0.0,0.0,1007.5,0.0
0,886500,VOLCANIC_ROCK_VOUCHER_9500,1008.0,20.0,0.0,0.0,0.0,0.0,1010,20,0.0,0.0,0.0,0.0,1009.0,0.0
0,886600,VOLCANIC_ROCK_VOUCHER_9500,1009.0,12.0,0.0,0.0,0.0,0.0,1010,12,0.0,0.0,0.0,0.0,1009.5,0.0
0,886700,VOLCANIC_ROCK_VOUCHER_9500,1009.0,17.0,0.0,0.0,0.0,0.0,1011,17,0.0,0.0,0.0,0.0,1010.0,0.0
0,886800,VOLCANIC_ROCK_VOUCHER_9500,1009.0,19.0,1008.0,22.0,0.0,0.0,1010,22,0.0,0.0,0.0,0.0,1009.5,0.0
0,886900,VOLCANIC_ROCK_VOUCHER_9500,1010.0,20.0,0.0,0.0,0.0,0.0,1011,20,0.0,0.0,0.0,0.0,1010.5,0.0
0,887000,VOLCANIC_ROCK_VOUCHER_9500,1011.0,2.0,1010.0,14.0,0.0,0.0,1012,16,0.0,0.0,0.0,0.0,1011.5,0.0
0,887100,VOLCANIC_ROCK_VOUCHER_9500,1012.0,12.0,0.0,0.0,0.0,0.0,1013,12,0.0,0.0,0.0,0.0,1012.5,0.0
0,887200,VOLCANIC_ROCK_VOUCHER_9500,1017.0,15.0,0.0,0.0,0.0,0.0,1018,15,0.0,0.0,0.0,0.0,1017.5,0.0
0,887300,VOLCANIC_ROCK_VOUCHER_9500,1018.0,17.0,0.0,0.0,0.0,0.0,1019,17,0.0,0.0,0.0,0.0,1018.5,0.0
0,887400,VOLCANIC_ROCK_VOUCHER_9500,1019.0,19.0,1018.0,16.0,0.0,0.0,1020,16,0.0,0.0,0.0,0.0,1019.5,0.0
0,887500,VOLCANIC_ROCK_VOUCHER_9500,1015.0,17.0,0.0,0.0,0.0,0.0,1016,17,0.0,0.0,0.0,0.0,1015.5,0.0
0,887600,VOLCANIC_ROCK_VOUCHER_9500,1013.0,12.0,0.0,0.0,0.0,0.0,1014,12,0.0,0.0,0.0,0.0,1013.5,0.0
0,887700,VOLCANIC_ROCK_VOUCHER_9500,1013.0,13.0,0.0,0.0,0.0,0.0,1014,13,0.0,0.0,0.0,0.0,1013.5,0.0
0,887800,VOLCANIC_ROCK_VOUCHER_9500,1012.0,17.0,0.0,0.0,0.0,0.0,1014,17,0.0,0.0,0.0,0.0,1013.0,0.0
0,887900,VOLCANIC_ROCK_VOUCHER_9500,1013.0,18.0,0.0,0.0,0.0,0.0,1014,18,0.0,0.0,0.0,0.0,1013.5,0.0
0,888000,VOLCANIC_ROCK_VOUCHER_9500,1014.0,17.0,0.0,0.0,0.0,0.0,1015,17,0.0,0.0,0.0,0.0,1014.5,0.0
0,888100,VOLCANIC_ROCK_VOUCHER_9500,1015.0,13.0,0.0,0.0,0.0,0.0,1016,13,0.0,0.0,0.0,0.0,1015.5,0.0
0,888200,VOLCANIC_ROCK_VOUCHER_9500,1016.0,16.0,0.0,0.0,0.0,0.0,1017,16,0.0,0.0,0.0,0.0,1016.5,0.0
0,888300,VOLCANIC_ROCK_VOUCHER_9500,1017.0,11.0,0.0,0.0,0.0,0.0,1018,1,1019.0,10.0,0.0,0.0,1017.5,0.0
0,888400,VOLCANIC_ROCK_VOUCHER_9500,1016.0,17.0,0.0,0.0,0.0,0.0,1017,17,0.0,0.0,0.0,0.0,1016.5,0.0
0,888500,VOLCANIC_ROCK_VOUCHER_9500,1019.0,18.0,0.0,0.0,0.0,0.0,1021,18,0.0,0.0,0.0,0.0,1020.0,0.0
0,888600,VOLCANIC_ROCK_VOUCHER_9500,1019.0,0.0,0.0,0.0,0.0,0.0,1021,17,0.0,0.0,0.0,0.0,1020.0,0.0
0,888700,VOLCANIC_ROCK_VOUCHER_9500,1021.0,14.0,0.0,0.0,0.0,0.0,1022,2,1023.0,12.0,0.0,0.0,1021.5,0.0
0,888800,VOLCANIC_ROCK_VOUCHER_9500,1022.0,13.0,0.0,0.0,0.0,0.0,1023,13,0.0,0.0,0.0,0.0,1022.5,0.0
0,888900,VOLCANIC_ROCK_VOUCHER_9500,1020.0,18.0,0.0,0.0,0.0,0.0,1021,18,0.0,0.0,0.0,0.0,1020.5,0.0
0,889000,VOLCANIC_ROCK_VOUCHER_9500,1019.0,12.0,0.0,0.0,0.0,0.0,1020,12,0.0,0.0,0.0,0.0,1019.5,0.0
0,889100,VOLCANIC_ROCK_VOUCHER_9500,1020.0,16.0,0.0,0.0,0.0,0.0,1021,16,0.0,0.0,0.0,0.0,1020.5,0.0
0,889200,VOLCANIC_ROCK_VOUCHER_9500,1020.0,12.0,0.0,0.0,0.0,0.0,1021,12,0.0,0.0,0.0,0.0,1020.5,0.0
0,889300,VOLCANIC_ROCK_VOUCHER_9500,1022.0,15.0,0.0,0.0,0.0,0.0,1023,15,0.0,0.0,0.0,0.0,1022.5,0.0
0,889400,VOLCANIC_ROCK_VOUCHER_9500,1018.0,15.0,0.0,0.0,0.0,0.0,1019,15,0.0,0.0,0.0,0.0,1018.5,0.0
0,889500,VOLCANIC_ROCK_VOUCHER_9500,1016.0,14.0,0.0,0.0,0.0,0.0,1017,14,0.0,0.0,0.0,0.0,1016.5,0.0
0,889600,VOLCANIC_ROCK_VOUCHER_9500,1014.0,18.0,0.0,0.0,0.0,0.0,1015,18,0.0,0.0,0.0,0.0,1014.5,0.0
0,889700,VOLCANIC_ROCK_VOUCHER_9500,1011.0,18.0,0.0,0.0,0.0,0.0,1012,18,0.0,0.0,0.0,0.0,1011.5,0.0
0,889800,VOLCANIC_ROCK_VOUCHER_9500,1012.0,17.0,0.0,0.0,0.0,0.0,1013,17,0.0,0.0,0.0,0.0,1012.5,0.0
0,889900,VOLCANIC_ROCK_VOUCHER_9500,1014.0,15.0,0.0,0.0,0.0,0.0,1015,15,0.0,0.0,0.0,0.0,1014.5,0.0
0,890000,VOLCANIC_ROCK_VOUCHER_9500,1014.0,27.0,0.0,0.0,0.0,0.0,1015,22,0.0,0.0,0.0,0.0,1014.5,0.0
0,890100,VOLCANIC_ROCK_VOUCHER_9500,1014.0,20.0,0.0,0.0,0.0,0.0,1015,20,0.0,0.0,0.0,0.0,1014.5,0.0
0,890200,VOLCANIC_ROCK_VOUCHER_9500,1013.0,4.0,0.0,0.0,0.0,0.0,1014,21,0.0,0.0,0.0,0.0,1013.5,0.0
0,890300,VOLCANIC_ROCK_VOUCHER_9500,1012.0,11.0,0.0,0.0,0.0,0.0,1013,11,0.0,0.0,0.0,0.0,1012.5,0.0
0,890400,VOLCANIC_ROCK_VOUCHER_9500,1015.0,13.0,0.0,0.0,0.0,0.0,1016,13,0.0,0.0,0.0,0.0,1015.5,0.0
0,890500,VOLCANIC_ROCK_VOUCHER_9500,1013.0,21.0,0.0,0.0,0.0,0.0,1014,21,0.0,0.0,0.0,0.0,1013.5,0.0
0,890600,VOLCANIC_ROCK_VOUCHER_9500,1013.0,36.0,0.0,0.0,0.0,0.0,1014,20,0.0,0.0,0.0,0.0,1013.5,0.0
0,890700,VOLCANIC_ROCK_VOUCHER_9500,1015.0,17.0,0.0,0.0,0.0,0.0,1016,17,0.0,0.0,0.0,0.0,1015.5,0.0
0,890800,VOLCANIC_ROCK_VOUCHER_9500,1014.0,13.0,0.0,0.0,0.0,0.0,1015,13,0.0,0.0,0.0,0.0,1014.5,0.0
0,890900,VOLCANIC_ROCK_VOUCHER_9500,1017.0,12.0,0.0,0.0,0.0,0.0,1019,12,0.0,0.0,0.0,0.0,1018.0,0.0
0,891000,VOLCANIC_ROCK_VOUCHER_9500,1015.0,10.0,0.0,0.0,0.0,0.0,1016,10,0.0,0.0,0.0,0.0,1015.5,0.0
0,891100,VOLCANIC_ROCK_VOUCHER_9500,1016.0,17.0,0.0,0.0,0.0,0.0,1017,17,0.0,0.0,0.0,0.0,1016.5,0.0
0,891200,VOLCANIC_ROCK_VOUCHER_9500,1015.0,14.0,0.0,0.0,0.0,0.0,1016,20,1017.0,14.0,0.0,0.0,1015.5,0.0
0,891300,VOLCANIC_ROCK_VOUCHER_9500,1018.0,13.0,0.0,0.0,0.0,0.0,1019,13,0.0,0.0,0.0,0.0,1018.5,0.0
0,891400,VOLCANIC_ROCK_VOUCHER_9500,1017.0,18.0,0.0,0.0,0.0,0.0,1018,18,0.0,0.0,0.0,0.0,1017.5,0.0
0,891500,VOLCANIC_ROCK_VOUCHER_9500,1020.0,21.0,0.0,0.0,0.0,0.0,1021,21,0.0,0.0,0.0,0.0,1020.5,0.0
0,891600,VOLCANIC_ROCK_VOUCHER_9500,1015.0,15.0,0.0,0.0,0.0,0.0,1017,15,0.0,0.0,0.0,0.0,1016.0,0.0
0,891700,VOLCANIC_ROCK_VOUCHER_9500,1015.0,16.0,0.0,0.0,0.0,0.0,1017,16,0.0,0.0,0.0,0.0,1016.0,0.0
0,891800,VOLCANIC_ROCK_VOUCHER_9500,1015.0,22.0,0.0,0.0,0.0,0.0,1016,22,0.0,0.0,0.0,0.0,1015.5,0.0
0,891900,VOLCANIC_ROCK_VOUCHER_9500,1016.0,21.0,0.0,0.0,0.0,0.0,1017,21,0.0,0.0,0.0,0.0,1016.5,0.0
0,892000,VOLCANIC_ROCK_VOUCHER_9500,1016.0,13.0,0.0,0.0,0.0,0.0,1017,13,0.0,0.0,0.0,0.0,1016.5,0.0
0,892100,VOLCANIC_ROCK_VOUCHER_9500,1015.0,24.0,0.0,0.0,0.0,0.0,1017,10,0.0,0.0,0.0,0.0,1016.0,0.0
0,892200,VOLCANIC_ROCK_VOUCHER_9500,1010.0,21.0,0.0,0.0,0.0,0.0,1011,21,0.0,0.0,0.0,0.0,1010.5,0.0
0,892300,VOLCANIC_ROCK_VOUCHER_9500,1007.0,29.0,0.0,0.0,0.0,0.0,1009,12,0.0,0.0,0.0,0.0,1008.0,0.0
0,892400,VOLCANIC_ROCK_VOUCHER_9500,1007.0,22.0,0.0,0.0,0.0,0.0,1008,22,0.0,0.0,0.0,0.0,1007.5,0.0
0,892500,VOLCANIC_ROCK_VOUCHER_9500,1007.0,20.0,0.0,0.0,0.0,0.0,1009,20,0.0,0.0,0.0,0.0,1008.0,0.0
0,892600,VOLCANIC_ROCK_VOUCHER_9500,1007.0,22.0,0.0,0.0,0.0,0.0,1008,22,0.0,0.0,0.0,0.0,1007.5,0.0
0,892700,VOLCANIC_ROCK_VOUCHER_9500,1007.0,17.0,0.0,0.0,0.0,0.0,1008,17,0.0,0.0,0.0,0.0,1007.5,0.0
0,892800,VOLCANIC_ROCK_VOUCHER_9500,1010.0,14.0,0.0,0.0,0.0,0.0,1011,14,0.0,0.0,0.0,0.0,1010.5,0.0
0,892900,VOLCANIC_ROCK_VOUCHER_9500,1009.0,20.0,0.0,0.0,0.0,0.0,1010,20,0.0,0.0,0.0,0.0,1009.5,0.0
0,893000,VOLCANIC_ROCK_VOUCHER_9500,1008.0,10.0,0.0,0.0,0.0,0.0,1009,20,0.0,0.0,0.0,0.0,1008.5,0.0
0,893100,VOLCANIC_ROCK_VOUCHER_9500,1009.0,22.0,0.0,0.0,0.0,0.0,1010,22,0.0,0.0,0.0,0.0,1009.5,0.0
0,893200,VOLCANIC_ROCK_VOUCHER_9500,1010.0,19.0,0.0,0.0,0.0,0.0,1011,19,0.0,0.0,0.0,0.0,1010.5,0.0
0,893300,VOLCANIC_ROCK_VOUCHER_9500,1007.0,22.0,0.0,0.0,0.0,0.0,1008,22,0.0,0.0,0.0,0.0,1007.5,0.0
0,893400,VOLCANIC_ROCK_VOUCHER_9500,1009.0,20.0,0.0,0.0,0.0,0.0,1010,20,0.0,0.0,0.0,0.0,1009.5,0.0
0,893500,VOLCANIC_ROCK_VOUCHER_9500,1010.0,15.0,0.0,0.0,0.0,0.0,1011,15,0.0,0.0,0.0,0.0,1010.5,0.0
0,893600,VOLCANIC_ROCK_VOUCHER_9500,1011.0,8.0,0.0,0.0,0.0,0.0,1012,20,0.0,0.0,0.0,0.0,1011.5,0.0
0,893700,VOLCANIC_ROCK_VOUCHER_9500,1009.0,14.0,0.0,0.0,0.0,0.0,1010,14,0.0,0.0,0.0,0.0,1009.5,0.0
0,893800,VOLCANIC_ROCK_VOUCHER_9500,1008.0,14.0,0.0,0.0,0.0,0.0,1009,14,0.0,0.0,0.0,0.0,1008.5,0.0
0,893900,VOLCANIC_ROCK_VOUCHER_9500,1009.0,18.0,0.0,0.0,0.0,0.0,1010,18,0.0,0.0,0.0,0.0,1009.5,0.0
0,894000,VOLCANIC_ROCK_VOUCHER_9500,1011.0,31.0,0.0,0.0,0.0,0.0,1012,17,0.0,0.0,0.0,0.0,1011.5,0.0
0,894100,VOLCANIC_ROCK_VOUCHER_9500,1008.0,15.0,0.0,0.0,0.0,0.0,1010,15,0.0,0.0,0.0,0.0,1009.0,0.0
0,894200,VOLCANIC_ROCK_VOUCHER_9500,1005.0,13.0,0.0,0.0,0.0,0.0,1006,13,0.0,0.0,0.0,0.0,1005.5,0.0
0,894300,VOLCANIC_ROCK_VOUCHER_9500,1004.0,21.0,0.0,0.0,0.0,0.0,1005,21,0.0,0.0,0.0,0.0,1004.5,0.0
0,894400,VOLCANIC_ROCK_VOUCHER_9500,0.0,0.0,0.0,0.0,0.0,0.0,1003,1,1004.0,16.0,0.0,0.0,1003.0,0.0
0,894500,VOLCANIC_ROCK_VOUCHER_9500,1005.0,34.0,0.0,0.0,0.0,0.0,1006,19,0.0,0.0,0.0,0.0,1005.5,0.0
0,894600,VOLCANIC_ROCK_VOUCHER_9500,1003.0,11.0,0.0,0.0,0.0,0.0,1005,11,0.0,0.0,0.0,0.0,1004.0,0.0
0,894700,VOLCANIC_ROCK_VOUCHER_9500,1005.0,15.0,0.0,0.0,0.0,0.0,1006,15,0.0,0.0,0.0,0.0,1005.5,0.0
0,894800,VOLCANIC_ROCK_VOUCHER_9500,1006.0,39.0,0.0,0.0,0.0,0.0,1008,19,0.0,0.0,0.0,0.0,1007.0,0.0
0,894900,VOLCANIC_ROCK_VOUCHER_9500,1006.0,12.0,0.0,0.0,0.0,0.0,1007,12,0.0,0.0,0.0,0.0,1006.5,0.0
0,895000,VOLCANIC_ROCK_VOUCHER_9500,1004.0,14.0,0.0,0.0,0.0,0.0,1005,14,0.0,0.0,0.0,0.0,1004.5,0.0
0,895100,VOLCANIC_ROCK_VOUCHER_9500,1003.0,14.0,0.0,0.0,0.0,0.0,1005,14,0.0,0.0,0.0,0.0,1004.0,0.0
0,895200,VOLCANIC_ROCK_VOUCHER_9500,1004.0,19.0,0.0,0.0,0.0,0.0,1005,19,0.0,0.0,0.0,0.0,1004.5,0.0
0,895300,VOLCANIC_ROCK_VOUCHER_9500,1004.0,16.0,0.0,0.0,0.0,0.0,1005,16,0.0,0.0,0.0,0.0,1004.5,0.0
0,895400,VOLCANIC_ROCK_VOUCHER_9500,1006.0,17.0,0.0,0.0,0.0,0.0,1007,17,0.0,0.0,0.0,0.0,1006.5,0.0
0,895500,VOLCANIC_ROCK_VOUCHER_9500,1005.0,12.0,0.0,0.0,0.0,0.0,1006,12,0.0,0.0,0.0,0.0,1005.5,0.0
0,895600,VOLCANIC_ROCK_VOUCHER_9500,1006.0,16.0,0.0,0.0,0.0,0.0,1007,16,0.0,0.0,0.0,0.0,1006.5,0.0
0,895700,VOLCANIC_ROCK_VOUCHER_9500,1012.0,19.0,0.0,0.0,0.0,0.0,1013,19,0.0,0.0,0.0,0.0,1012.5,0.0
0,895800,VOLCANIC_ROCK_VOUCHER_9500,1013.0,19.0,0.0,0.0,0.0,0.0,1014,19,0.0,0.0,0.0,0.0,1013.5,0.0
0,895900,VOLCANIC_ROCK_VOUCHER_9500,1012.0,22.0,0.0,0.0,0.0,0.0,1013,14,0.0,0.0,0.0,0.0,1012.5,0.0
0,896000,VOLCANIC_ROCK_VOUCHER_9500,1014.0,31.0,0.0,0.0,0.0,0.0,1015,17,0.0,0.0,0.0,0.0,1014.5,0.0
0,896100,VOLCANIC_ROCK_VOUCHER_9500,1014.0,20.0,0.0,0.0,0.0,0.0,1015,19,1016.0,20.0,0.0,0.0,1014.5,0.0
0,896200,VOLCANIC_ROCK_VOUCHER_9500,1014.0,14.0,0.0,0.0,0.0,0.0,1015,14,0.0,0.0,0.0,0.0,1014.5,0.0
0,896300,VOLCANIC_ROCK_VOUCHER_9500,1014.0,17.0,0.0,0.0,0.0,0.0,1015,17,0.0,0.0,0.0,0.0,1014.5,0.0
0,896400,VOLCANIC_ROCK_VOUCHER_9500,0.0,0.0,0.0,0.0,0.0,0.0,1015,20,0.0,0.0,0.0,0.0,1015.0,0.0
0,896500,VOLCANIC_ROCK_VOUCHER_9500,1017.0,22.0,0.0,0.0,0.0,0.0,1018,22,0.0,0.0,0.0,0.0,1017.5,0.0
0,896600,VOLCANIC_ROCK_VOUCHER_9500,1014.0,14.0,0.0,0.0,0.0,0.0,1015,14,0.0,0.0,0.0,0.0,1014.5,0.0
0,896700,VOLCANIC_ROCK_VOUCHER_9500,1013.0,18.0,0.0,0.0,0.0,0.0,1014,18,0.0,0.0,0.0,0.0,1013.5,0.0
0,896800,VOLCANIC_ROCK_VOUCHER_9500,1013.0,19.0,0.0,0.0,0.0,0.0,1014,19,0.0,0.0,0.0,0.0,1013.5,0.0
0,896900,VOLCANIC_ROCK_VOUCHER_9500,1011.0,20.0,0.0,0.0,0.0,0.0,1012,20,0.0,0.0,0.0,0.0,1011.5,0.0
0,897000,VOLCANIC_ROCK_VOUCHER_9500,1009.0,21.0,0.0,0.0,0.0,0.0,1010,21,0.0,0.0,0.0,0.0,1009.5,0.0
0,897100,VOLCANIC_ROCK_VOUCHER_9500,1008.0,1.0,0.0,0.0,0.0,0.0,1009,21,0.0,0.0,0.0,0.0,1008.5,0.0
0,897200,VOLCANIC_ROCK_VOUCHER_9500,1007.0,38.0,0.0,0.0,0.0,0.0,1008,20,0.0,0.0,0.0,0.0,1007.5,0.0
0,897300,VOLCANIC_ROCK_VOUCHER_9500,0.0,0.0,0.0,0.0,0.0,0.0,1006,2,1007.0,16.0,0.0,0.0,1006.0,0.0
0,897400,VOLCANIC_ROCK_VOUCHER_9500,1006.0,14.0,0.0,0.0,0.0,0.0,1007,14,0.0,0.0,0.0,0.0,1006.5,0.0
0,897500,VOLCANIC_ROCK_VOUCHER_9500,1006.0,13.0,0.0,0.0,0.0,0.0,1008,13,0.0,0.0,0.0,0.0,1007.0,0.0
0,897600,VOLCANIC_ROCK_VOUCHER_9500,1007.0,16.0,0.0,0.0,0.0,0.0,1009,16,0.0,0.0,0.0,0.0,1008.0,0.0
0,897700,VOLCANIC_ROCK_VOUCHER_9500,1004.0,21.0,0.0,0.0,0.0,0.0,1005,21,0.0,0.0,0.0,0.0,1004.5,0.0
0,897800,VOLCANIC_ROCK_VOUCHER_9500,1000.0,30.0,0.0,0.0,0.0,0.0,1001,20,0.0,0.0,0.0,0.0,1000.5,0.0
0,897900,VOLCANIC_ROCK_VOUCHER_9500,999.0,2.0,0.0,0.0,0.0,0.0,1000,19,0.0,0.0,0.0,0.0,999.5,0.0
0,898000,VOLCANIC_ROCK_VOUCHER_9500,1000.0,15.0,0.0,0.0,0.0,0.0,1001,15,0.0,0.0,0.0,0.0,1000.5,0.0
0,898100,VOLCANIC_ROCK_VOUCHER_9500,1001.0,14.0,0.0,0.0,0.0,0.0,1002,14,0.0,0.0,0.0,0.0,1001.5,0.0
0,898200,VOLCANIC_ROCK_VOUCHER_9500,1000.0,15.0,0.0,0.0,0.0,0.0,1001,15,0.0,0.0,0.0,0.0,1000.5,0.0
0,898300,VOLCANIC_ROCK_VOUCHER_9500,1000.0,15.0,0.0,0.0,0.0,0.0,1002,15,0.0,0.0,0.0,0.0,1001.0,0.0
0,898400,VOLCANIC_ROCK_VOUCHER_9500,1003.0,15.0,0.0,0.0,0.0,0.0,1004,15,0.0,0.0,0.0,0.0,1003.5,0.0
0,898500,VOLCANIC_ROCK_VOUCHER_9500,1000.0,17.0,0.0,0.0,0.0,0.0,1001,17,0.0,0.0,0.0,0.0,1000.5,0.0
0,898600,VOLCANIC_ROCK_VOUCHER_9500,1003.0,20.0,0.0,0.0,0.0,0.0,1004,20,0.0,0.0,0.0,0.0,1003.5,0.0
0,898700,VOLCANIC_ROCK_VOUCHER_9500,1002.0,13.0,0.0,0.0,0.0,0.0,1003,13,0.0,0.0,0.0,0.0,1002.5,0.0
0,898800,VOLCANIC_ROCK_VOUCHER_9500,1001.0,2.0,0.0,0.0,0.0,0.0,1002,15,0.0,0.0,0.0,0.0,1001.5,0.0
0,898900,VOLCANIC_ROCK_VOUCHER_9500,1001.0,12.0,0.0,0.0,0.0,0.0,1002,12,0.0,0.0,0.0,0.0,1001.5,0.0
0,899000,VOLCANIC_ROCK_VOUCHER_9500,1003.0,20.0,0.0,0.0,0.0,0.0,1004,20,0.0,0.0,0.0,0.0,1003.5,0.0
0,899100,VOLCANIC_ROCK_VOUCHER_9500,999.0,20.0,0.0,0.0,0.0,0.0,1000,20,0.0,0.0,0.0,0.0,999.5,0.0
0,899200,VOLCANIC_ROCK_VOUCHER_9500,996.0,22.0,0.0,0.0,0.0,0.0,997,22,0.0,0.0,0.0,0.0,996.5,0.0
0,899300,VOLCANIC_ROCK_VOUCHER_9500,996.0,17.0,0.0,0.0,0.0,0.0,997,17,0.0,0.0,0.0,0.0,996.5,0.0
0,899400,VOLCANIC_ROCK_VOUCHER_9500,1000.0,17.0,0.0,0.0,0.0,0.0,1001,17,0.0,0.0,0.0,0.0,1000.5,0.0
0,899500,VOLCANIC_ROCK_VOUCHER_9500,997.0,13.0,0.0,0.0,0.0,0.0,998,13,0.0,0.0,0.0,0.0,997.5,0.0
0,899600,VOLCANIC_ROCK_VOUCHER_9500,997.0,18.0,0.0,0.0,0.0,0.0,998,18,0.0,0.0,0.0,0.0,997.5,0.0
0,899700,VOLCANIC_ROCK_VOUCHER_9500,996.0,14.0,0.0,0.0,0.0,0.0,997,14,0.0,0.0,0.0,0.0,996.5,0.0
0,899800,VOLCANIC_ROCK_VOUCHER_9500,996.0,20.0,0.0,0.0,0.0,0.0,997,20,0.0,0.0,0.0,0.0,996.5,0.0
0,899900,VOLCANIC_ROCK_VOUCHER_9500,998.0,22.0,0.0,0.0,0.0,0.0,999,22,0.0,0.0,0.0,0.0,998.5,0.0
0,900000,VOLCANIC_ROCK_VOUCHER_9500,999.0,10.0,0.0,0.0,0.0,0.0,1000,10,0.0,0.0,0.0,0.0,999.5,0.0
0,900100,VOLCANIC_ROCK_VOUCHER_9500,999.0,18.0,0.0,0.0,0.0,0.0,1000,18,0.0,0.0,0.0,0.0,999.5,0.0
0,900200,VOLCANIC_ROCK_VOUCHER_9500,999.0,13.0,0.0,0.0,0.0,0.0,1000,13,0.0,0.0,0.0,0.0,999.5,0.0
0,900300,VOLCANIC_ROCK_VOUCHER_9500,0.0,0.0,0.0,0.0,0.0,0.0,1001,4,1002.0,16.0,0.0,0.0,1001.0,0.0
0,900400,VOLCANIC_ROCK_VOUCHER_9500,999.0,18.0,0.0,0.0,0.0,0.0,1000,18,0.0,0.0,0.0,0.0,999.5,0.0
0,900500,VOLCANIC_ROCK_VOUCHER_9500,1005.0,15.0,0.0,0.0,0.0,0.0,1006,15,0.0,0.0,0.0,0.0,1005.5,0.0
0,900600,VOLCANIC_ROCK_VOUCHER_9500,1002.0,1.0,0.0,0.0,0.0,0.0,1003,16,0.0,0.0,0.0,0.0,1002.5,0.0
0,900700,VOLCANIC_ROCK_VOUCHER_9500,1001.0,18.0,0.0,0.0,0.0,0.0,1002,18,0.0,0.0,0.0,0.0,1001.5,0.0
0,900800,VOLCANIC_ROCK_VOUCHER_9500,1001.0,2.0,1000.0,18.0,0.0,0.0,1002,20,0.0,0.0,0.0,0.0,1001.5,0.0
0,900900,VOLCANIC_ROCK_VOUCHER_9500,1000.0,17.0,0.0,0.0,0.0,0.0,1001,17,0.0,0.0,0.0,0.0,1000.5,0.0
0,901000,VOLCANIC_ROCK_VOUCHER_9500,998.0,13.0,0.0,0.0,0.0,0.0,1000,13,0.0,0.0,0.0,0.0,999.0,0.0
0,901100,VOLCANIC_ROCK_VOUCHER_9500,997.0,13.0,0.0,0.0,0.0,0.0,998,13,0.0,0.0,0.0,0.0,997.5,0.0
0,901200,VOLCANIC_ROCK_VOUCHER_9500,995.0,18.0,0.0,0.0,0.0,0.0,996,18,0.0,0.0,0.0,0.0,995.5,0.0
0,901300,VOLCANIC_ROCK_VOUCHER_9500,994.0,13.0,0.0,0.0,0.0,0.0,995,13,0.0,0.0,0.0,0.0,994.5,0.0
0,901400,VOLCANIC_ROCK_VOUCHER_9500,992.0,14.0,0.0,0.0,0.0,0.0,993,14,0.0,0.0,0.0,0.0,992.5,0.0
0,901500,VOLCANIC_ROCK_VOUCHER_9500,994.0,16.0,0.0,0.0,0.0,0.0,996,16,0.0,0.0,0.0,0.0,995.0,0.0
0,901600,VOLCANIC_ROCK_VOUCHER_9500,0.0,0.0,0.0,0.0,0.0,0.0,992,7,993.0,11.0,0.0,0.0,992.0,0.0
0,901700,VOLCANIC_ROCK_VOUCHER_9500,992.0,11.0,0.0,0.0,0.0,0.0,993,11,0.0,0.0,0.0,0.0,992.5,0.0
0,901800,VOLCANIC_ROCK_VOUCHER_9500,991.0,17.0,0.0,0.0,0.0,0.0,992,17,0.0,0.0,0.0,0.0,991.5,0.0
0,901900,VOLCANIC_ROCK_VOUCHER_9500,994.0,14.0,0.0,0.0,0.0,0.0,995,14,0.0,0.0,0.0,0.0,994.5,0.0
0,902000,VOLCANIC_ROCK_VOUCHER_9500,993.0,10.0,0.0,0.0,0.0,0.0,994,10,0.0,0.0,0.0,0.0,993.5,0.0
0,902100,VOLCANIC_ROCK_VOUCHER_9500,994.0,19.0,0.0,0.0,0.0,0.0,996,19,0.0,0.0,0.0,0.0,995.0,0.0
0,902200,VOLCANIC_ROCK_VOUCHER_9500,991.0,20.0,0.0,0.0,0.0,0.0,993,20,0.0,0.0,0.0,0.0,992.0,0.0
0,902300,VOLCANIC_ROCK_VOUCHER_9500,0.0,0.0,0.0,0.0,0.0,0.0,990,4,991.0,16.0,0.0,0.0,990.0,0.0
0,902400,VOLCANIC_ROCK_VOUCHER_9500,991.0,18.0,0.0,0.0,0.0,0.0,993,18,0.0,0.0,0.0,0.0,992.0,0.0
0,902500,VOLCANIC_ROCK_VOUCHER_9500,990.0,19.0,0.0,0.0,0.0,0.0,991,19,0.0,0.0,0.0,0.0,990.5,0.0
0,902600,VOLCANIC_ROCK_VOUCHER_9500,989.0,21.0,0.0,0.0,0.0,0.0,990,21,0.0,0.0,0.0,0.0,989.5,0.0
0,902700,VOLCANIC_ROCK_VOUCHER_9500,987.0,20.0,0.0,0.0,0.0,0.0,988,20,0.0,0.0,0.0,0.0,987.5,0.0
0,902800,VOLCANIC_ROCK_VOUCHER_9500,987.0,15.0,0.0,0.0,0.0,0.0,988,15,0.0,0.0,0.0,0.0,987.5,0.0
0,902900,VOLCANIC_ROCK_VOUCHER_9500,986.0,15.0,0.0,0.0,0.0,0.0,987,15,0.0,0.0,0.0,0.0,986.5,0.0
0,903000,VOLCANIC_ROCK_VOUCHER_9500,985.0,11.0,0.0,0.0,0.0,0.0,987,11,0.0,0.0,0.0,0.0,986.0,0.0
0,903100,VOLCANIC_ROCK_VOUCHER_9500,985.0,17.0,0.0,0.0,0.0,0.0,986,17,0.0,0.0,0.0,0.0,985.5,0.0
0,903200,VOLCANIC_ROCK_VOUCHER_9500,982.0,17.0,0.0,0.0,0.0,0.0,983,17,0.0,0.0,0.0,0.0,982.5,0.0
0,903300,VOLCANIC_ROCK_VOUCHER_9500,983.0,11.0,0.0,0.0,0.0,0.0,984,11,0.0,0.0,0.0,0.0,983.5,0.0
0,903400,VOLCANIC_ROCK_VOUCHER_9500,984.0,17.0,0.0,0.0,0.0,0.0,985,17,0.0,0.0,0.0,0.0,984.5,0.0
0,903500,VOLCANIC_ROCK_VOUCHER_9500,988.0,21.0,0.0,0.0,0.0,0.0,989,21,0.0,0.0,0.0,0.0,988.5,0.0
0,903600,VOLCANIC_ROCK_VOUCHER_9500,985.0,17.0,0.0,0.0,0.0,0.0,986,17,0.0,0.0,0.0,0.0,985.5,0.0
0,903700,VOLCANIC_ROCK_VOUCHER_9500,987.0,11.0,0.0,0.0,0.0,0.0,988,11,0.0,0.0,0.0,0.0,987.5,0.0
0,903800,VOLCANIC_ROCK_VOUCHER_9500,988.0,17.0,0.0,0.0,0.0,0.0,990,17,0.0,0.0,0.0,0.0,989.0,0.0
0,903900,VOLCANIC_ROCK_VOUCHER_9500,988.0,17.0,0.0,0.0,0.0,0.0,989,17,0.0,0.0,0.0,0.0,988.5,0.0
0,904000,VOLCANIC_ROCK_VOUCHER_9500,988.0,20.0,0.0,0.0,0.0,0.0,989,20,0.0,0.0,0.0,0.0,988.5,0.0
0,904100,VOLCANIC_ROCK_VOUCHER_9500,982.0,11.0,0.0,0.0,0.0,0.0,983,11,0.0,0.0,0.0,0.0,982.5,0.0
0,904200,VOLCANIC_ROCK_VOUCHER_9500,982.0,16.0,0.0,0.0,0.0,0.0,983,16,0.0,0.0,0.0,0.0,982.5,0.0
0,904300,VOLCANIC_ROCK_VOUCHER_9500,984.0,15.0,0.0,0.0,0.0,0.0,985,15,0.0,0.0,0.0,0.0,984.5,0.0
0,904400,VOLCANIC_ROCK_VOUCHER_9500,986.0,27.0,0.0,0.0,0.0,0.0,987,14,0.0,0.0,0.0,0.0,986.5,0.0
0,904500,VOLCANIC_ROCK_VOUCHER_9500,985.0,15.0,0.0,0.0,0.0,0.0,986,15,0.0,0.0,0.0,0.0,985.5,0.0
0,904600,VOLCANIC_ROCK_VOUCHER_9500,988.0,11.0,0.0,0.0,0.0,0.0,989,11,0.0,0.0,0.0,0.0,988.5,0.0
0,904700,VOLCANIC_ROCK_VOUCHER_9500,986.0,13.0,0.0,0.0,0.0,0.0,988,13,0.0,0.0,0.0,0.0,987.0,0.0
0,904800,VOLCANIC_ROCK_VOUCHER_9500,986.0,17.0,0.0,0.0,0.0,0.0,987,17,0.0,0.0,0.0,0.0,986.5,0.0
0,904900,VOLCANIC_ROCK_VOUCHER_9500,988.0,20.0,0.0,0.0,0.0,0.0,989,20,0.0,0.0,0.0,0.0,988.5,0.0
0,905000,VOLCANIC_ROCK_VOUCHER_9500,993.0,18.0,0.0,0.0,0.0,0.0,994,18,0.0,0.0,0.0,0.0,993.5,0.0
0,905100,VOLCANIC_ROCK_VOUCHER_9500,990.0,18.0,0.0,0.0,0.0,0.0,991,18,0.0,0.0,0.0,0.0,990.5,0.0
0,905200,VOLCANIC_ROCK_VOUCHER_9500,992.0,16.0,0.0,0.0,0.0,0.0,994,16,0.0,0.0,0.0,0.0,993.0,0.0
0,905300,VOLCANIC_ROCK_VOUCHER_9500,995.0,20.0,0.0,0.0,0.0,0.0,996,20,0.0,0.0,0.0,0.0,995.5,0.0
0,905400,VOLCANIC_ROCK_VOUCHER_9500,1001.0,19.0,0.0,0.0,0.0,0.0,1002,19,0.0,0.0,0.0,0.0,1001.5,0.0
0,905500,VOLCANIC_ROCK_VOUCHER_9500,1001.0,20.0,0.0,0.0,0.0,0.0,1002,20,0.0,0.0,0.0,0.0,1001.5,0.0
0,905600,VOLCANIC_ROCK_VOUCHER_9500,1002.0,19.0,0.0,0.0,0.0,0.0,1003,19,0.0,0.0,0.0,0.0,1002.5,0.0
0,905700,VOLCANIC_ROCK_VOUCHER_9500,0.0,0.0,0.0,0.0,0.0,0.0,1004,2,1005.0,14.0,0.0,0.0,1004.0,0.0
0,905800,VOLCANIC_ROCK_VOUCHER_9500,1003.0,16.0,0.0,0.0,0.0,0.0,1004,16,0.0,0.0,0.0,0.0,1003.5,0.0
0,905900,VOLCANIC_ROCK_VOUCHER_9500,1003.0,22.0,0.0,0.0,0.0,0.0,1005,22,0.0,0.0,0.0,0.0,1004.0,0.0
0,906000,VOLCANIC_ROCK_VOUCHER_9500,1005.0,21.0,0.0,0.0,0.0,0.0,1006,21,0.0,0.0,0.0,0.0,1005.5,0.0
0,906100,VOLCANIC_ROCK_VOUCHER_9500,1003.0,12.0,0.0,0.0,0.0,0.0,1004,12,0.0,0.0,0.0,0.0,1003.5,0.0
0,906200,VOLCANIC_ROCK_VOUCHER_9500,998.0,16.0,0.0,0.0,0.0,0.0,999,16,0.0,0.0,0.0,0.0,998.5,0.0
0,906300,VOLCANIC_ROCK_VOUCHER_9500,1000.0,12.0,0.0,0.0,0.0,0.0,1002,12,0.0,0.0,0.0,0.0,1001.0,0.0
0,906400,VOLCANIC_ROCK_VOUCHER_9500,1000.0,19.0,0.0,0.0,0.0,0.0,1001,19,0.0,0.0,0.0,0.0,1000.5,0.0
0,906500,VOLCANIC_ROCK_VOUCHER_9500,1001.0,20.0,0.0,0.0,0.0,0.0,1003,20,0.0,0.0,0.0,0.0,1002.0,0.0
0,906600,VOLCANIC_ROCK_VOUCHER_9500,997.0,18.0,0.0,0.0,0.0,0.0,999,18,0.0,0.0,0.0,0.0,998.0,0.0
0,906700,VOLCANIC_ROCK_VOUCHER_9500,997.0,12.0,0.0,0.0,0.0,0.0,998,12,0.0,0.0,0.0,0.0,997.5,0.0
0,906800,VOLCANIC_ROCK_VOUCHER_9500,996.0,18.0,0.0,0.0,0.0,0.0,998,18,0.0,0.0,0.0,0.0,997.0,0.0
0,906900,VOLCANIC_ROCK_VOUCHER_9500,994.0,0.0,0.0,0.0,0.0,0.0,995,13,0.0,0.0,0.0,0.0,994.5,0.0
0,907000,VOLCANIC_ROCK_VOUCHER_9500,997.0,15.0,0.0,0.0,0.0,0.0,998,15,0.0,0.0,0.0,0.0,997.5,0.0
0,907100,VOLCANIC_ROCK_VOUCHER_9500,994.0,19.0,0.0,0.0,0.0,0.0,995,19,0.0,0.0,0.0,0.0,994.5,0.0
0,907200,VOLCANIC_ROCK_VOUCHER_9500,995.0,16.0,0.0,0.0,0.0,0.0,996,16,0.0,0.0,0.0,0.0,995.5,0.0
0,907300,VOLCANIC_ROCK_VOUCHER_9500,995.0,4.0,0.0,0.0,0.0,0.0,996,14,0.0,0.0,0.0,0.0,995.5,0.0
0,907400,VOLCANIC_ROCK_VOUCHER_9500,996.0,16.0,0.0,0.0,0.0,0.0,997,16,0.0,0.0,0.0,0.0,996.5,0.0
0,907500,VOLCANIC_ROCK_VOUCHER_9500,995.0,34.0,0.0,0.0,0.0,0.0,996,16,0.0,0.0,0.0,0.0,995.5,0.0
0,907600,VOLCANIC_ROCK_VOUCHER_9500,991.0,17.0,0.0,0.0,0.0,0.0,992,17,0.0,0.0,0.0,0.0,991.5,0.0
0,907700,VOLCANIC_ROCK_VOUCHER_9500,994.0,16.0,0.0,0.0,0.0,0.0,995,16,0.0,0.0,0.0,0.0,994.5,0.0
0,907800,VOLCANIC_ROCK_VOUCHER_9500,994.0,20.0,0.0,0.0,0.0,0.0,995,20,0.0,0.0,0.0,0.0,994.5,0.0
0,907900,VOLCANIC_ROCK_VOUCHER_9500,994.0,10.0,0.0,0.0,0.0,0.0,995,10,0.0,0.0,0.0,0.0,994.5,0.0
0,908000,VOLCANIC_ROCK_VOUCHER_9500,994.0,14.0,0.0,0.0,0.0,0.0,995,14,0.0,0.0,0.0,0.0,994.5,0.0
0,908100,VOLCANIC_ROCK_VOUCHER_9500,992.0,10.0,0.0,0.0,0.0,0.0,993,10,0.0,0.0,0.0,0.0,992.5,0.0
0,908200,VOLCANIC_ROCK_VOUCHER_9500,991.0,20.0,0.0,0.0,0.0,0.0,992,20,0.0,0.0,0.0,0.0,991.5,0.0
0,908300,VOLCANIC_ROCK_VOUCHER_9500,992.0,15.0,0.0,0.0,0.0,0.0,993,15,0.0,0.0,0.0,0.0,992.5,0.0
0,908400,VOLCANIC_ROCK_VOUCHER_9500,0.0,0.0,0.0,0.0,0.0,0.0,992,6,993.0,14.0,0.0,0.0,992.0,0.0
0,908500,VOLCANIC_ROCK_VOUCHER_9500,993.0,19.0,0.0,0.0,0.0,0.0,994,19,0.0,0.0,0.0,0.0,993.5,0.0
0,908600,VOLCANIC_ROCK_VOUCHER_9500,996.0,14.0,0.0,0.0,0.0,0.0,997,14,0.0,0.0,0.0,0.0,996.5,0.0
0,908700,VOLCANIC_ROCK_VOUCHER_9500,992.0,20.0,0.0,0.0,0.0,0.0,993,2,994.0,18.0,0.0,0.0,992.5,0.0
0,908800,VOLCANIC_ROCK_VOUCHER_9500,993.0,10.0,0.0,0.0,0.0,0.0,994,10,0.0,0.0,0.0,0.0,993.5,0.0
0,908900,VOLCANIC_ROCK_VOUCHER_9500,995.0,20.0,0.0,0.0,0.0,0.0,996,20,0.0,0.0,0.0,0.0,995.5,0.0
0,909000,VOLCANIC_ROCK_VOUCHER_9500,996.0,14.0,0.0,0.0,0.0,0.0,998,14,0.0,0.0,0.0,0.0,997.0,0.0
0,909100,VOLCANIC_ROCK_VOUCHER_9500,993.0,13.0,0.0,0.0,0.0,0.0,994,13,0.0,0.0,0.0,0.0,993.5,0.0
0,909200,VOLCANIC_ROCK_VOUCHER_9500,992.0,15.0,0.0,0.0,0.0,0.0,993,15,0.0,0.0,0.0,0.0,992.5,0.0
0,909300,VOLCANIC_ROCK_VOUCHER_9500,992.0,10.0,0.0,0.0,0.0,0.0,993,10,0.0,0.0,0.0,0.0,992.5,0.0
0,909400,VOLCANIC_ROCK_VOUCHER_9500,993.0,29.0,0.0,0.0,0.0,0.0,994,12,0.0,0.0,0.0,0.0,993.5,0.0
0,909500,VOLCANIC_ROCK_VOUCHER_9500,993.0,22.0,0.0,0.0,0.0,0.0,995,22,0.0,0.0,0.0,0.0,994.0,0.0
0,909600,VOLCANIC_ROCK_VOUCHER_9500,991.0,31.0,0.0,0.0,0.0,0.0,992,17,0.0,0.0,0.0,0.0,991.5,0.0
0,909700,VOLCANIC_ROCK_VOUCHER_9500,992.0,20.0,0.0,0.0,0.0,0.0,993,20,0.0,0.0,0.0,0.0,992.5,0.0
0,909800,VOLCANIC_ROCK_VOUCHER_9500,991.0,10.0,0.0,0.0,0.0,0.0,992,17,0.0,0.0,0.0,0.0,991.5,0.0
0,909900,VOLCANIC_ROCK_VOUCHER_9500,991.0,13.0,0.0,0.0,0.0,0.0,992,13,0.0,0.0,0.0,0.0,991.5,0.0
0,910000,VOLCANIC_ROCK_VOUCHER_9500,989.0,20.0,0.0,0.0,0.0,0.0,990,20,0.0,0.0,0.0,0.0,989.5,0.0
0,910100,VOLCANIC_ROCK_VOUCHER_9500,988.0,15.0,0.0,0.0,0.0,0.0,989,15,0.0,0.0,0.0,0.0,988.5,0.0
0,910200,VOLCANIC_ROCK_VOUCHER_9500,988.0,13.0,0.0,0.0,0.0,0.0,989,13,0.0,0.0,0.0,0.0,988.5,0.0
0,910300,VOLCANIC_ROCK_VOUCHER_9500,987.0,13.0,0.0,0.0,0.0,0.0,988,13,0.0,0.0,0.0,0.0,987.5,0.0
0,910400,VOLCANIC_ROCK_VOUCHER_9500,988.0,18.0,0.0,0.0,0.0,0.0,989,18,0.0,0.0,0.0,0.0,988.5,0.0
0,910500,VOLCANIC_ROCK_VOUCHER_9500,988.0,17.0,0.0,0.0,0.0,0.0,989,17,0.0,0.0,0.0,0.0,988.5,0.0
0,910600,VOLCANIC_ROCK_VOUCHER_9500,987.0,17.0,0.0,0.0,0.0,0.0,988,17,0.0,0.0,0.0,0.0,987.5,0.0
0,910700,VOLCANIC_ROCK_VOUCHER_9500,987.0,17.0,0.0,0.0,0.0,0.0,989,17,0.0,0.0,0.0,0.0,988.0,0.0
0,910800,VOLCANIC_ROCK_VOUCHER_9500,986.0,15.0,0.0,0.0,0.0,0.0,987,15,0.0,0.0,0.0,0.0,986.5,0.0
0,910900,VOLCANIC_ROCK_VOUCHER_9500,987.0,4.0,0.0,0.0,0.0,0.0,988,16,0.0,0.0,0.0,0.0,987.5,0.0
0,911000,VOLCANIC_ROCK_VOUCHER_9500,988.0,13.0,0.0,0.0,0.0,0.0,989,13,0.0,0.0,0.0,0.0,988.5,0.0
0,911100,VOLCANIC_ROCK_VOUCHER_9500,988.0,11.0,0.0,0.0,0.0,0.0,989,11,0.0,0.0,0.0,0.0,988.5,0.0
0,911200,VOLCANIC_ROCK_VOUCHER_9500,987.0,0.0,0.0,0.0,0.0,0.0,988,11,0.0,0.0,0.0,0.0,987.5,0.0
0,911300,VOLCANIC_ROCK_VOUCHER_9500,987.0,16.0,0.0,0.0,0.0,0.0,988,16,0.0,0.0,0.0,0.0,987.5,0.0
0,911400,VOLCANIC_ROCK_VOUCHER_9500,987.0,19.0,0.0,0.0,0.0,0.0,988,19,0.0,0.0,0.0,0.0,987.5,0.0
0,911500,VOLCANIC_ROCK_VOUCHER_9500,985.0,15.0,0.0,0.0,0.0,0.0,986,15,0.0,0.0,0.0,0.0,985.5,0.0
0,911600,VOLCANIC_ROCK_VOUCHER_9500,984.0,19.0,0.0,0.0,0.0,0.0,985,19,0.0,0.0,0.0,0.0,984.5,0.0
0,911700,VOLCANIC_ROCK_VOUCHER_9500,982.0,14.0,0.0,0.0,0.0,0.0,983,14,0.0,0.0,0.0,0.0,982.5,0.0
0,911800,VOLCANIC_ROCK_VOUCHER_9500,982.0,10.0,0.0,0.0,0.0,0.0,983,10,0.0,0.0,0.0,0.0,982.5,0.0
0,911900,VOLCANIC_ROCK_VOUCHER_9500,982.0,10.0,0.0,0.0,0.0,0.0,983,10,0.0,0.0,0.0,0.0,982.5,0.0
0,912000,VOLCANIC_ROCK_VOUCHER_9500,982.0,19.0,0.0,0.0,0.0,0.0,984,19,0.0,0.0,0.0,0.0,983.0,0.0
0,912100,VOLCANIC_ROCK_VOUCHER_9500,978.0,18.0,0.0,0.0,0.0,0.0,979,18,0.0,0.0,0.0,0.0,978.5,0.0
0,912200,VOLCANIC_ROCK_VOUCHER_9500,977.0,13.0,0.0,0.0,0.0,0.0,978,13,0.0,0.0,0.0,0.0,977.5,0.0
0,912300,VOLCANIC_ROCK_VOUCHER_9500,977.0,20.0,0.0,0.0,0.0,0.0,978,20,0.0,0.0,0.0,0.0,977.5,0.0
0,912400,VOLCANIC_ROCK_VOUCHER_9500,976.0,18.0,0.0,0.0,0.0,0.0,977,18,0.0,0.0,0.0,0.0,976.5,0.0
0,912500,VOLCANIC_ROCK_VOUCHER_9500,976.0,10.0,0.0,0.0,0.0,0.0,977,10,0.0,0.0,0.0,0.0,976.5,0.0
0,912600,VOLCANIC_ROCK_VOUCHER_9500,970.0,10.0,0.0,0.0,0.0,0.0,971,10,0.0,0.0,0.0,0.0,970.5,0.0
0,912700,VOLCANIC_ROCK_VOUCHER_9500,972.0,19.0,0.0,0.0,0.0,0.0,973,19,0.0,0.0,0.0,0.0,972.5,0.0
0,912800,VOLCANIC_ROCK_VOUCHER_9500,974.0,19.0,0.0,0.0,0.0,0.0,975,19,0.0,0.0,0.0,0.0,974.5,0.0
0,912900,VOLCANIC_ROCK_VOUCHER_9500,969.0,16.0,0.0,0.0,0.0,0.0,971,16,0.0,0.0,0.0,0.0,970.0,0.0
0,913000,VOLCANIC_ROCK_VOUCHER_9500,971.0,12.0,0.0,0.0,0.0,0.0,973,12,0.0,0.0,0.0,0.0,972.0,0.0
0,913100,VOLCANIC_ROCK_VOUCHER_9500,973.0,14.0,0.0,0.0,0.0,0.0,974,14,0.0,0.0,0.0,0.0,973.5,0.0
0,913200,VOLCANIC_ROCK_VOUCHER_9500,970.0,18.0,0.0,0.0,0.0,0.0,971,18,0.0,0.0,0.0,0.0,970.5,0.0
0,913300,VOLCANIC_ROCK_VOUCHER_9500,978.0,15.0,0.0,0.0,0.0,0.0,979,15,0.0,0.0,0.0,0.0,978.5,0.0
0,913400,VOLCANIC_ROCK_VOUCHER_9500,982.0,15.0,0.0,0.0,0.0,0.0,984,15,0.0,0.0,0.0,0.0,983.0,0.0
0,913500,VOLCANIC_ROCK_VOUCHER_9500,981.0,5.0,0.0,0.0,0.0,0.0,982,12,0.0,0.0,0.0,0.0,981.5,0.0
0,913600,VOLCANIC_ROCK_VOUCHER_9500,983.0,17.0,0.0,0.0,0.0,0.0,984,17,0.0,0.0,0.0,0.0,983.5,0.0
0,913700,VOLCANIC_ROCK_VOUCHER_9500,987.0,13.0,0.0,0.0,0.0,0.0,988,13,0.0,0.0,0.0,0.0,987.5,0.0
0,913800,VOLCANIC_ROCK_VOUCHER_9500,987.0,21.0,0.0,0.0,0.0,0.0,988,21,0.0,0.0,0.0,0.0,987.5,0.0
0,913900,VOLCANIC_ROCK_VOUCHER_9500,990.0,14.0,0.0,0.0,0.0,0.0,991,14,0.0,0.0,0.0,0.0,990.5,0.0
0,914000,VOLCANIC_ROCK_VOUCHER_9500,988.0,5.0,0.0,0.0,0.0,0.0,989,17,0.0,0.0,0.0,0.0,988.5,0.0
0,914100,VOLCANIC_ROCK_VOUCHER_9500,990.0,16.0,0.0,0.0,0.0,0.0,991,16,0.0,0.0,0.0,0.0,990.5,0.0
0,914200,VOLCANIC_ROCK_VOUCHER_9500,991.0,15.0,0.0,0.0,0.0,0.0,992,15,0.0,0.0,0.0,0.0,991.5,0.0
0,914300,VOLCANIC_ROCK_VOUCHER_9500,993.0,11.0,0.0,0.0,0.0,0.0,994,19,995.0,11.0,0.0,0.0,993.5,0.0
0,914400,VOLCANIC_ROCK_VOUCHER_9500,989.0,14.0,0.0,0.0,0.0,0.0,990,14,0.0,0.0,0.0,0.0,989.5,0.0
0,914500,VOLCANIC_ROCK_VOUCHER_9500,996.0,13.0,0.0,0.0,0.0,0.0,997,13,0.0,0.0,0.0,0.0,996.5,0.0
0,914600,VOLCANIC_ROCK_VOUCHER_9500,991.0,13.0,0.0,0.0,0.0,0.0,992,13,0.0,0.0,0.0,0.0,991.5,0.0
0,914700,VOLCANIC_ROCK_VOUCHER_9500,992.0,21.0,0.0,0.0,0.0,0.0,993,21,0.0,0.0,0.0,0.0,992.5,0.0
0,914800,VOLCANIC_ROCK_VOUCHER_9500,991.0,13.0,0.0,0.0,0.0,0.0,992,13,0.0,0.0,0.0,0.0,991.5,0.0
0,914900,VOLCANIC_ROCK_VOUCHER_9500,991.0,19.0,0.0,0.0,0.0,0.0,992,19,0.0,0.0,0.0,0.0,991.5,0.0
0,915000,VOLCANIC_ROCK_VOUCHER_9500,991.0,18.0,0.0,0.0,0.0,0.0,992,18,0.0,0.0,0.0,0.0,991.5,0.0
0,915100,VOLCANIC_ROCK_VOUCHER_9500,992.0,14.0,0.0,0.0,0.0,0.0,993,14,0.0,0.0,0.0,0.0,992.5,0.0
0,915200,VOLCANIC_ROCK_VOUCHER_9500,993.0,12.0,0.0,0.0,0.0,0.0,994,12,0.0,0.0,0.0,0.0,993.5,0.0
0,915300,VOLCANIC_ROCK_VOUCHER_9500,998.0,17.0,0.0,0.0,0.0,0.0,999,17,0.0,0.0,0.0,0.0,998.5,0.0
0,915400,VOLCANIC_ROCK_VOUCHER_9500,997.0,21.0,0.0,0.0,0.0,0.0,998,21,0.0,0.0,0.0,0.0,997.5,0.0
0,915500,VOLCANIC_ROCK_VOUCHER_9500,995.0,16.0,0.0,0.0,0.0,0.0,996,16,0.0,0.0,0.0,0.0,995.5,0.0
0,915600,VOLCANIC_ROCK_VOUCHER_9500,994.0,17.0,0.0,0.0,0.0,0.0,996,17,0.0,0.0,0.0,0.0,995.0,0.0
0,915700,VOLCANIC_ROCK_VOUCHER_9500,1000.0,18.0,0.0,0.0,0.0,0.0,1001,18,0.0,0.0,0.0,0.0,1000.5,0.0
0,915800,VOLCANIC_ROCK_VOUCHER_9500,998.0,19.0,0.0,0.0,0.0,0.0,999,19,0.0,0.0,0.0,0.0,998.5,0.0
0,915900,VOLCANIC_ROCK_VOUCHER_9500,998.0,11.0,0.0,0.0,0.0,0.0,999,17,0.0,0.0,0.0,0.0,998.5,0.0
0,916000,VOLCANIC_ROCK_VOUCHER_9500,997.0,20.0,0.0,0.0,0.0,0.0,998,20,0.0,0.0,0.0,0.0,997.5,0.0
0,916100,VOLCANIC_ROCK_VOUCHER_9500,1001.0,10.0,0.0,0.0,0.0,0.0,1002,10,0.0,0.0,0.0,0.0,1001.5,0.0
0,916200,VOLCANIC_ROCK_VOUCHER_9500,998.0,14.0,0.0,0.0,0.0,0.0,1000,14,0.0,0.0,0.0,0.0,999.0,0.0
0,916300,VOLCANIC_ROCK_VOUCHER_9500,1002.0,17.0,0.0,0.0,0.0,0.0,1003,17,0.0,0.0,0.0,0.0,1002.5,0.0
0,916400,VOLCANIC_ROCK_VOUCHER_9500,1001.0,13.0,0.0,0.0,0.0,0.0,1002,13,0.0,0.0,0.0,0.0,1001.5,0.0
0,916500,VOLCANIC_ROCK_VOUCHER_9500,1002.0,16.0,0.0,0.0,0.0,0.0,1003,16,0.0,0.0,0.0,0.0,1002.5,0.0
0,916600,VOLCANIC_ROCK_VOUCHER_9500,1007.0,10.0,0.0,0.0,0.0,0.0,1008,10,0.0,0.0,0.0,0.0,1007.5,0.0
0,916700,VOLCANIC_ROCK_VOUCHER_9500,1003.0,27.0,0.0,0.0,0.0,0.0,1004,11,0.0,0.0,0.0,0.0,1003.5,0.0
0,916800,VOLCANIC_ROCK_VOUCHER_9500,1000.0,16.0,0.0,0.0,0.0,0.0,1001,16,0.0,0.0,0.0,0.0,1000.5,0.0
0,916900,VOLCANIC_ROCK_VOUCHER_9500,1003.0,12.0,0.0,0.0,0.0,0.0,1004,12,0.0,0.0,0.0,0.0,1003.5,0.0
0,917000,VOLCANIC_ROCK_VOUCHER_9500,1001.0,18.0,0.0,0.0,0.0,0.0,1002,18,0.0,0.0,0.0,0.0,1001.5,0.0
0,917100,VOLCANIC_ROCK_VOUCHER_9500,1005.0,19.0,0.0,0.0,0.0,0.0,1006,19,0.0,0.0,0.0,0.0,1005.5,0.0
0,917200,VOLCANIC_ROCK_VOUCHER_9500,1000.0,18.0,0.0,0.0,0.0,0.0,1001,18,0.0,0.0,0.0,0.0,1000.5,0.0
0,917300,VOLCANIC_ROCK_VOUCHER_9500,1003.0,21.0,0.0,0.0,0.0,0.0,1004,21,0.0,0.0,0.0,0.0,1003.5,0.0
0,917400,VOLCANIC_ROCK_VOUCHER_9500,1000.0,15.0,0.0,0.0,0.0,0.0,1001,15,0.0,0.0,0.0,0.0,1000.5,0.0
0,917500,VOLCANIC_ROCK_VOUCHER_9500,1003.0,19.0,0.0,0.0,0.0,0.0,1004,19,0.0,0.0,0.0,0.0,1003.5,0.0
0,917600,VOLCANIC_ROCK_VOUCHER_9500,999.0,15.0,0.0,0.0,0.0,0.0,1000,15,0.0,0.0,0.0,0.0,999.5,0.0
0,917700,VOLCANIC_ROCK_VOUCHER_9500,999.0,12.0,0.0,0.0,0.0,0.0,1001,12,0.0,0.0,0.0,0.0,1000.0,0.0
0,917800,VOLCANIC_ROCK_VOUCHER_9500,0.0,0.0,0.0,0.0,0.0,0.0,998,2,999.0,14.0,0.0,0.0,998.0,0.0
0,917900,VOLCANIC_ROCK_VOUCHER_9500,998.0,13.0,0.0,0.0,0.0,0.0,999,13,0.0,0.0,0.0,0.0,998.5,0.0
0,918000,VOLCANIC_ROCK_VOUCHER_9500,1001.0,22.0,0.0,0.0,0.0,0.0,1002,22,0.0,0.0,0.0,0.0,1001.5,0.0
0,918100,VOLCANIC_ROCK_VOUCHER_9500,998.0,18.0,0.0,0.0,0.0,0.0,999,18,0.0,0.0,0.0,0.0,998.5,0.0
0,918200,VOLCANIC_ROCK_VOUCHER_9500,998.0,11.0,0.0,0.0,0.0,0.0,999,11,0.0,0.0,0.0,0.0,998.5,0.0
0,918300,VOLCANIC_ROCK_VOUCHER_9500,1005.0,17.0,0.0,0.0,0.0,0.0,1006,17,0.0,0.0,0.0,0.0,1005.5,0.0
0,918400,VOLCANIC_ROCK_VOUCHER_9500,1003.0,18.0,0.0,0.0,0.0,0.0,1004,18,0.0,0.0,0.0,0.0,1003.5,0.0
0,918500,VOLCANIC_ROCK_VOUCHER_9500,1003.0,13.0,0.0,0.0,0.0,0.0,1004,13,0.0,0.0,0.0,0.0,1003.5,0.0
0,918600,VOLCANIC_ROCK_VOUCHER_9500,1001.0,21.0,0.0,0.0,0.0,0.0,1002,21,0.0,0.0,0.0,0.0,1001.5,0.0
0,918700,VOLCANIC_ROCK_VOUCHER_9500,1002.0,12.0,0.0,0.0,0.0,0.0,1003,12,0.0,0.0,0.0,0.0,1002.5,0.0
0,918800,VOLCANIC_ROCK_VOUCHER_9500,1002.0,20.0,0.0,0.0,0.0,0.0,1004,20,0.0,0.0,0.0,0.0,1003.0,0.0
0,918900,VOLCANIC_ROCK_VOUCHER_9500,999.0,23.0,0.0,0.0,0.0,0.0,1000,16,0.0,0.0,0.0,0.0,999.5,0.0
0,919000,VOLCANIC_ROCK_VOUCHER_9500,997.0,18.0,0.0,0.0,0.0,0.0,998,18,0.0,0.0,0.0,0.0,997.5,0.0
0,919100,VOLCANIC_ROCK_VOUCHER_9500,992.0,20.0,0.0,0.0,0.0,0.0,993,20,0.0,0.0,0.0,0.0,992.5,0.0
0,919200,VOLCANIC_ROCK_VOUCHER_9500,990.0,17.0,0.0,0.0,0.0,0.0,991,17,0.0,0.0,0.0,0.0,990.5,0.0
0,919300,VOLCANIC_ROCK_VOUCHER_9500,996.0,16.0,0.0,0.0,0.0,0.0,998,16,0.0,0.0,0.0,0.0,997.0,0.0
0,919400,VOLCANIC_ROCK_VOUCHER_9500,998.0,22.0,0.0,0.0,0.0,0.0,999,22,0.0,0.0,0.0,0.0,998.5,0.0
0,919500,VOLCANIC_ROCK_VOUCHER_9500,1001.0,17.0,0.0,0.0,0.0,0.0,1002,17,0.0,0.0,0.0,0.0,1001.5,0.0
0,919600,VOLCANIC_ROCK_VOUCHER_9500,1001.0,19.0,0.0,0.0,0.0,0.0,1002,19,0.0,0.0,0.0,0.0,1001.5,0.0
0,919700,VOLCANIC_ROCK_VOUCHER_9500,998.0,18.0,0.0,0.0,0.0,0.0,999,18,0.0,0.0,0.0,0.0,998.5,0.0
0,919800,VOLCANIC_ROCK_VOUCHER_9500,1000.0,20.0,0.0,0.0,0.0,0.0,1001,20,0.0,0.0,0.0,0.0,1000.5,0.0
0,919900,VOLCANIC_ROCK_VOUCHER_9500,999.0,14.0,0.0,0.0,0.0,0.0,1001,14,0.0,0.0,0.0,0.0,1000.0,0.0
0,920000,VOLCANIC_ROCK_VOUCHER_9500,997.0,20.0,0.0,0.0,0.0,0.0,998,20,0.0,0.0,0.0,0.0,997.5,0.0
0,920100,VOLCANIC_ROCK_VOUCHER_9500,996.0,17.0,0.0,0.0,0.0,0.0,997,17,0.0,0.0,0.0,0.0,996.5,0.0
0,920200,VOLCANIC_ROCK_VOUCHER_9500,997.0,14.0,0.0,0.0,0.0,0.0,998,14,0.0,0.0,0.0,0.0,997.5,0.0
0,920300,VOLCANIC_ROCK_VOUCHER_9500,0.0,0.0,0.0,0.0,0.0,0.0,999,1,1000.0,15.0,0.0,0.0,999.0,0.0
0,920400,VOLCANIC_ROCK_VOUCHER_9500,997.0,11.0,0.0,0.0,0.0,0.0,998,11,0.0,0.0,0.0,0.0,997.5,0.0
0,920500,VOLCANIC_ROCK_VOUCHER_9500,997.0,13.0,0.0,0.0,0.0,0.0,998,13,0.0,0.0,0.0,0.0,997.5,0.0
0,920600,VOLCANIC_ROCK_VOUCHER_9500,996.0,10.0,995.0,21.0,0.0,0.0,997,20,0.0,0.0,0.0,0.0,996.5,0.0
0,920700,VOLCANIC_ROCK_VOUCHER_9500,995.0,21.0,0.0,0.0,0.0,0.0,996,21,0.0,0.0,0.0,0.0,995.5,0.0
0,920800,VOLCANIC_ROCK_VOUCHER_9500,994.0,18.0,0.0,0.0,0.0,0.0,995,18,0.0,0.0,0.0,0.0,994.5,0.0
0,920900,VOLCANIC_ROCK_VOUCHER_9500,995.0,17.0,0.0,0.0,0.0,0.0,996,17,0.0,0.0,0.0,0.0,995.5,0.0
0,921000,VOLCANIC_ROCK_VOUCHER_9500,995.0,19.0,0.0,0.0,0.0,0.0,996,19,0.0,0.0,0.0,0.0,995.5,0.0
0,921100,VOLCANIC_ROCK_VOUCHER_9500,995.0,1.0,0.0,0.0,0.0,0.0,996,20,0.0,0.0,0.0,0.0,995.5,0.0
0,921200,VOLCANIC_ROCK_VOUCHER_9500,994.0,24.0,0.0,0.0,0.0,0.0,995,13,0.0,0.0,0.0,0.0,994.5,0.0
0,921300,VOLCANIC_ROCK_VOUCHER_9500,995.0,19.0,0.0,0.0,0.0,0.0,996,19,0.0,0.0,0.0,0.0,995.5,0.0
0,921400,VOLCANIC_ROCK_VOUCHER_9500,997.0,17.0,0.0,0.0,0.0,0.0,998,17,0.0,0.0,0.0,0.0,997.5,0.0
0,921500,VOLCANIC_ROCK_VOUCHER_9500,997.0,20.0,0.0,0.0,0.0,0.0,999,20,0.0,0.0,0.0,0.0,998.0,0.0
0,921600,VOLCANIC_ROCK_VOUCHER_9500,994.0,13.0,0.0,0.0,0.0,0.0,996,13,0.0,0.0,0.0,0.0,995.0,0.0
0,921700,VOLCANIC_ROCK_VOUCHER_9500,992.0,16.0,0.0,0.0,0.0,0.0,993,16,0.0,0.0,0.0,0.0,992.5,0.0
0,921800,VOLCANIC_ROCK_VOUCHER_9500,993.0,14.0,0.0,0.0,0.0,0.0,994,14,0.0,0.0,0.0,0.0,993.5,0.0
0,921900,VOLCANIC_ROCK_VOUCHER_9500,991.0,11.0,0.0,0.0,0.0,0.0,992,11,0.0,0.0,0.0,0.0,991.5,0.0
0,922000,VOLCANIC_ROCK_VOUCHER_9500,990.0,17.0,0.0,0.0,0.0,0.0,991,17,0.0,0.0,0.0,0.0,990.5,0.0
0,922100,VOLCANIC_ROCK_VOUCHER_9500,991.0,22.0,0.0,0.0,0.0,0.0,992,22,0.0,0.0,0.0,0.0,991.5,0.0
0,922200,VOLCANIC_ROCK_VOUCHER_9500,990.0,12.0,0.0,0.0,0.0,0.0,992,12,0.0,0.0,0.0,0.0,991.0,0.0
0,922300,VOLCANIC_ROCK_VOUCHER_9500,990.0,18.0,0.0,0.0,0.0,0.0,991,18,0.0,0.0,0.0,0.0,990.5,0.0
0,922400,VOLCANIC_ROCK_VOUCHER_9500,992.0,3.0,0.0,0.0,0.0,0.0,993,15,0.0,0.0,0.0,0.0,992.5,0.0
0,922500,VOLCANIC_ROCK_VOUCHER_9500,993.0,11.0,0.0,0.0,0.0,0.0,994,11,0.0,0.0,0.0,0.0,993.5,0.0
0,922600,VOLCANIC_ROCK_VOUCHER_9500,991.0,16.0,0.0,0.0,0.0,0.0,992,16,0.0,0.0,0.0,0.0,991.5,0.0
0,922700,VOLCANIC_ROCK_VOUCHER_9500,995.0,14.0,0.0,0.0,0.0,0.0,996,14,0.0,0.0,0.0,0.0,995.5,0.0
0,922800,VOLCANIC_ROCK_VOUCHER_9500,996.0,21.0,0.0,0.0,0.0,0.0,997,21,0.0,0.0,0.0,0.0,996.5,0.0
0,922900,VOLCANIC_ROCK_VOUCHER_9500,995.0,15.0,0.0,0.0,0.0,0.0,996,15,0.0,0.0,0.0,0.0,995.5,0.0
0,923000,VOLCANIC_ROCK_VOUCHER_9500,993.0,12.0,0.0,0.0,0.0,0.0,994,12,0.0,0.0,0.0,0.0,993.5,0.0
0,923100,VOLCANIC_ROCK_VOUCHER_9500,996.0,17.0,0.0,0.0,0.0,0.0,997,17,0.0,0.0,0.0,0.0,996.5,0.0
0,923200,VOLCANIC_ROCK_VOUCHER_9500,995.0,21.0,0.0,0.0,0.0,0.0,997,21,0.0,0.0,0.0,0.0,996.0,0.0
0,923300,VOLCANIC_ROCK_VOUCHER_9500,991.0,18.0,0.0,0.0,0.0,0.0,992,18,0.0,0.0,0.0,0.0,991.5,0.0
0,923400,VOLCANIC_ROCK_VOUCHER_9500,994.0,15.0,0.0,0.0,0.0,0.0,995,15,0.0,0.0,0.0,0.0,994.5,0.0
0,923500,VOLCANIC_ROCK_VOUCHER_9500,995.0,12.0,0.0,0.0,0.0,0.0,996,12,0.0,0.0,0.0,0.0,995.5,0.0
0,923600,VOLCANIC_ROCK_VOUCHER_9500,994.0,14.0,0.0,0.0,0.0,0.0,996,14,0.0,0.0,0.0,0.0,995.0,0.0
0,923700,VOLCANIC_ROCK_VOUCHER_9500,995.0,20.0,0.0,0.0,0.0,0.0,996,20,0.0,0.0,0.0,0.0,995.5,0.0
0,923800,VOLCANIC_ROCK_VOUCHER_9500,992.0,17.0,0.0,0.0,0.0,0.0,993,17,0.0,0.0,0.0,0.0,992.5,0.0
0,923900,VOLCANIC_ROCK_VOUCHER_9500,987.0,14.0,0.0,0.0,0.0,0.0,989,14,0.0,0.0,0.0,0.0,988.0,0.0
0,924000,VOLCANIC_ROCK_VOUCHER_9500,993.0,11.0,0.0,0.0,0.0,0.0,994,11,0.0,0.0,0.0,0.0,993.5,0.0
0,924100,VOLCANIC_ROCK_VOUCHER_9500,991.0,21.0,0.0,0.0,0.0,0.0,992,21,0.0,0.0,0.0,0.0,991.5,0.0
0,924200,VOLCANIC_ROCK_VOUCHER_9500,994.0,31.0,0.0,0.0,0.0,0.0,995,20,0.0,0.0,0.0,0.0,994.5,0.0
0,924300,VOLCANIC_ROCK_VOUCHER_9500,994.0,19.0,0.0,0.0,0.0,0.0,995,19,0.0,0.0,0.0,0.0,994.5,0.0
0,924400,VOLCANIC_ROCK_VOUCHER_9500,994.0,12.0,0.0,0.0,0.0,0.0,995,12,0.0,0.0,0.0,0.0,994.5,0.0
0,924500,VOLCANIC_ROCK_VOUCHER_9500,994.0,18.0,0.0,0.0,0.0,0.0,995,18,0.0,0.0,0.0,0.0,994.5,0.0
0,924600,VOLCANIC_ROCK_VOUCHER_9500,990.0,1.0,0.0,0.0,0.0,0.0,991,16,0.0,0.0,0.0,0.0,990.5,0.0
0,924700,VOLCANIC_ROCK_VOUCHER_9500,991.0,18.0,0.0,0.0,0.0,0.0,992,18,0.0,0.0,0.0,0.0,991.5,0.0
0,924800,VOLCANIC_ROCK_VOUCHER_9500,992.0,14.0,0.0,0.0,0.0,0.0,993,14,0.0,0.0,0.0,0.0,992.5,0.0
0,924900,VOLCANIC_ROCK_VOUCHER_9500,992.0,12.0,0.0,0.0,0.0,0.0,994,12,0.0,0.0,0.0,0.0,993.0,0.0
0,925000,VOLCANIC_ROCK_VOUCHER_9500,994.0,12.0,0.0,0.0,0.0,0.0,995,12,0.0,0.0,0.0,0.0,994.5,0.0
0,925100,VOLCANIC_ROCK_VOUCHER_9500,992.0,21.0,0.0,0.0,0.0,0.0,993,21,0.0,0.0,0.0,0.0,992.5,0.0
0,925200,VOLCANIC_ROCK_VOUCHER_9500,994.0,17.0,0.0,0.0,0.0,0.0,995,17,0.0,0.0,0.0,0.0,994.5,0.0
0,925300,VOLCANIC_ROCK_VOUCHER_9500,1000.0,17.0,0.0,0.0,0.0,0.0,1001,17,0.0,0.0,0.0,0.0,1000.5,0.0
0,925400,VOLCANIC_ROCK_VOUCHER_9500,998.0,10.0,0.0,0.0,0.0,0.0,999,10,0.0,0.0,0.0,0.0,998.5,0.0
0,925500,VOLCANIC_ROCK_VOUCHER_9500,999.0,12.0,0.0,0.0,0.0,0.0,1000,12,0.0,0.0,0.0,0.0,999.5,0.0
0,925600,VOLCANIC_ROCK_VOUCHER_9500,995.0,17.0,0.0,0.0,0.0,0.0,996,17,0.0,0.0,0.0,0.0,995.5,0.0
0,925700,VOLCANIC_ROCK_VOUCHER_9500,1000.0,11.0,0.0,0.0,0.0,0.0,1001,11,0.0,0.0,0.0,0.0,1000.5,0.0
0,925800,VOLCANIC_ROCK_VOUCHER_9500,1002.0,3.0,0.0,0.0,0.0,0.0,1003,17,0.0,0.0,0.0,0.0,1002.5,0.0
0,925900,VOLCANIC_ROCK_VOUCHER_9500,1004.0,21.0,0.0,0.0,0.0,0.0,1005,21,0.0,0.0,0.0,0.0,1004.5,0.0
0,926000,VOLCANIC_ROCK_VOUCHER_9500,1005.0,19.0,0.0,0.0,0.0,0.0,1006,19,0.0,0.0,0.0,0.0,1005.5,0.0
0,926100,VOLCANIC_ROCK_VOUCHER_9500,1005.0,15.0,0.0,0.0,0.0,0.0,1006,15,0.0,0.0,0.0,0.0,1005.5,0.0
0,926200,VOLCANIC_ROCK_VOUCHER_9500,1004.0,13.0,0.0,0.0,0.0,0.0,1005,13,0.0,0.0,0.0,0.0,1004.5,0.0
0,926300,VOLCANIC_ROCK_VOUCHER_9500,1002.0,20.0,0.0,0.0,0.0,0.0,1003,20,0.0,0.0,0.0,0.0,1002.5,0.0
0,926400,VOLCANIC_ROCK_VOUCHER_9500,1002.0,12.0,0.0,0.0,0.0,0.0,1003,12,0.0,0.0,0.0,0.0,1002.5,0.0
0,926500,VOLCANIC_ROCK_VOUCHER_9500,1000.0,11.0,0.0,0.0,0.0,0.0,1001,11,0.0,0.0,0.0,0.0,1000.5,0.0
0,926600,VOLCANIC_ROCK_VOUCHER_9500,994.0,19.0,0.0,0.0,0.0,0.0,995,19,0.0,0.0,0.0,0.0,994.5,0.0
0,926700,VOLCANIC_ROCK_VOUCHER_9500,1003.0,14.0,0.0,0.0,0.0,0.0,1005,14,0.0,0.0,0.0,0.0,1004.0,0.0
0,926800,VOLCANIC_ROCK_VOUCHER_9500,1001.0,21.0,0.0,0.0,0.0,0.0,1002,21,0.0,0.0,0.0,0.0,1001.5,0.0
0,926900,VOLCANIC_ROCK_VOUCHER_9500,1000.0,19.0,0.0,0.0,0.0,0.0,1001,19,0.0,0.0,0.0,0.0,1000.5,0.0
0,927000,VOLCANIC_ROCK_VOUCHER_9500,1003.0,15.0,0.0,0.0,0.0,0.0,1004,15,0.0,0.0,0.0,0.0,1003.5,0.0
0,927100,VOLCANIC_ROCK_VOUCHER_9500,1001.0,14.0,0.0,0.0,0.0,0.0,1003,14,0.0,0.0,0.0,0.0,1002.0,0.0
0,927200,VOLCANIC_ROCK_VOUCHER_9500,998.0,20.0,0.0,0.0,0.0,0.0,999,20,0.0,0.0,0.0,0.0,998.5,0.0
0,927300,VOLCANIC_ROCK_VOUCHER_9500,1004.0,13.0,0.0,0.0,0.0,0.0,1005,13,0.0,0.0,0.0,0.0,1004.5,0.0
0,927400,VOLCANIC_ROCK_VOUCHER_9500,1001.0,16.0,0.0,0.0,0.0,0.0,1002,16,0.0,0.0,0.0,0.0,1001.5,0.0
0,927500,VOLCANIC_ROCK_VOUCHER_9500,997.0,12.0,0.0,0.0,0.0,0.0,998,12,0.0,0.0,0.0,0.0,997.5,0.0
0,927600,VOLCANIC_ROCK_VOUCHER_9500,1001.0,12.0,0.0,0.0,0.0,0.0,1002,12,0.0,0.0,0.0,0.0,1001.5,0.0
0,927700,VOLCANIC_ROCK_VOUCHER_9500,999.0,15.0,0.0,0.0,0.0,0.0,1000,15,0.0,0.0,0.0,0.0,999.5,0.0
0,927800,VOLCANIC_ROCK_VOUCHER_9500,1001.0,22.0,0.0,0.0,0.0,0.0,1002,22,0.0,0.0,0.0,0.0,1001.5,0.0
0,927900,VOLCANIC_ROCK_VOUCHER_9500,999.0,16.0,0.0,0.0,0.0,0.0,1001,16,0.0,0.0,0.0,0.0,1000.0,0.0
0,928000,VOLCANIC_ROCK_VOUCHER_9500,1005.0,14.0,0.0,0.0,0.0,0.0,1006,14,0.0,0.0,0.0,0.0,1005.5,0.0
0,928100,VOLCANIC_ROCK_VOUCHER_9500,1001.0,19.0,0.0,0.0,0.0,0.0,1002,19,0.0,0.0,0.0,0.0,1001.5,0.0
0,928200,VOLCANIC_ROCK_VOUCHER_9500,1000.0,13.0,0.0,0.0,0.0,0.0,1001,13,0.0,0.0,0.0,0.0,1000.5,0.0
0,928300,VOLCANIC_ROCK_VOUCHER_9500,1000.0,16.0,0.0,0.0,0.0,0.0,1001,16,0.0,0.0,0.0,0.0,1000.5,0.0
0,928400,VOLCANIC_ROCK_VOUCHER_9500,1000.0,12.0,0.0,0.0,0.0,0.0,1001,12,0.0,0.0,0.0,0.0,1000.5,0.0
0,928500,VOLCANIC_ROCK_VOUCHER_9500,1004.0,14.0,0.0,0.0,0.0,0.0,1005,14,0.0,0.0,0.0,0.0,1004.5,0.0
0,928600,VOLCANIC_ROCK_VOUCHER_9500,1002.0,14.0,0.0,0.0,0.0,0.0,1003,14,0.0,0.0,0.0,0.0,1002.5,0.0
0,928700,VOLCANIC_ROCK_VOUCHER_9500,1002.0,12.0,0.0,0.0,0.0,0.0,1003,12,0.0,0.0,0.0,0.0,1002.5,0.0
0,928800,VOLCANIC_ROCK_VOUCHER_9500,1000.0,16.0,0.0,0.0,0.0,0.0,1002,16,0.0,0.0,0.0,0.0,1001.0,0.0
0,928900,VOLCANIC_ROCK_VOUCHER_9500,1005.0,22.0,0.0,0.0,0.0,0.0,1006,22,0.0,0.0,0.0,0.0,1005.5,0.0
0,929000,VOLCANIC_ROCK_VOUCHER_9500,1004.0,11.0,0.0,0.0,0.0,0.0,1005,11,0.0,0.0,0.0,0.0,1004.5,0.0
0,929100,VOLCANIC_ROCK_VOUCHER_9500,1000.0,14.0,0.0,0.0,0.0,0.0,1001,14,0.0,0.0,0.0,0.0,1000.5,0.0
0,929200,VOLCANIC_ROCK_VOUCHER_9500,1004.0,13.0,0.0,0.0,0.0,0.0,1005,13,0.0,0.0,0.0,0.0,1004.5,0.0
0,929300,VOLCANIC_ROCK_VOUCHER_9500,1001.0,20.0,0.0,0.0,0.0,0.0,1002,20,0.0,0.0,0.0,0.0,1001.5,0.0
0,929400,VOLCANIC_ROCK_VOUCHER_9500,1001.0,14.0,0.0,0.0,0.0,0.0,1002,14,0.0,0.0,0.0,0.0,1001.5,0.0
0,929500,VOLCANIC_ROCK_VOUCHER_9500,1001.0,12.0,0.0,0.0,0.0,0.0,1003,12,0.0,0.0,0.0,0.0,1002.0,0.0
0,929600,VOLCANIC_ROCK_VOUCHER_9500,1000.0,21.0,0.0,0.0,0.0,0.0,1001,21,0.0,0.0,0.0,0.0,1000.5,0.0
0,929700,VOLCANIC_ROCK_VOUCHER_9500,1000.0,19.0,0.0,0.0,0.0,0.0,1001,19,0.0,0.0,0.0,0.0,1000.5,0.0
0,929800,VOLCANIC_ROCK_VOUCHER_9500,999.0,17.0,0.0,0.0,0.0,0.0,1000,17,0.0,0.0,0.0,0.0,999.5,0.0
0,929900,VOLCANIC_ROCK_VOUCHER_9500,1002.0,17.0,0.0,0.0,0.0,0.0,1003,17,0.0,0.0,0.0,0.0,1002.5,0.0
0,930000,VOLCANIC_ROCK_VOUCHER_9500,1003.0,18.0,0.0,0.0,0.0,0.0,1004,18,0.0,0.0,0.0,0.0,1003.5,0.0
0,930100,VOLCANIC_ROCK_VOUCHER_9500,1005.0,0.0,0.0,0.0,0.0,0.0,1006,20,0.0,0.0,0.0,0.0,1005.5,0.0
0,930200,VOLCANIC_ROCK_VOUCHER_9500,1005.0,15.0,0.0,0.0,0.0,0.0,1006,15,0.0,0.0,0.0,0.0,1005.5,0.0
0,930300,VOLCANIC_ROCK_VOUCHER_9500,1006.0,17.0,0.0,0.0,0.0,0.0,1007,17,0.0,0.0,0.0,0.0,1006.5,0.0
0,930400,VOLCANIC_ROCK_VOUCHER_9500,1011.0,19.0,0.0,0.0,0.0,0.0,1012,19,0.0,0.0,0.0,0.0,1011.5,0.0
0,930500,VOLCANIC_ROCK_VOUCHER_9500,1012.0,17.0,0.0,0.0,0.0,0.0,1013,17,0.0,0.0,0.0,0.0,1012.5,0.0
0,930600,VOLCANIC_ROCK_VOUCHER_9500,1014.0,28.0,0.0,0.0,0.0,0.0,1015,12,0.0,0.0,0.0,0.0,1014.5,0.0
0,930700,VOLCANIC_ROCK_VOUCHER_9500,1017.0,11.0,0.0,0.0,0.0,0.0,1018,11,0.0,0.0,0.0,0.0,1017.5,0.0
0,930800,VOLCANIC_ROCK_VOUCHER_9500,1014.0,17.0,0.0,0.0,0.0,0.0,1015,17,0.0,0.0,0.0,0.0,1014.5,0.0
0,930900,VOLCANIC_ROCK_VOUCHER_9500,1013.0,20.0,0.0,0.0,0.0,0.0,1014,20,0.0,0.0,0.0,0.0,1013.5,0.0
0,931000,VOLCANIC_ROCK_VOUCHER_9500,1013.0,20.0,1012.0,18.0,0.0,0.0,1014,18,0.0,0.0,0.0,0.0,1013.5,0.0
0,931100,VOLCANIC_ROCK_VOUCHER_9500,1011.0,22.0,0.0,0.0,0.0,0.0,1012,22,0.0,0.0,0.0,0.0,1011.5,0.0
0,931200,VOLCANIC_ROCK_VOUCHER_9500,1013.0,13.0,0.0,0.0,0.0,0.0,1014,13,0.0,0.0,0.0,0.0,1013.5,0.0
0,931300,VOLCANIC_ROCK_VOUCHER_9500,1010.0,20.0,0.0,0.0,0.0,0.0,1011,20,0.0,0.0,0.0,0.0,1010.5,0.0
0,931400,VOLCANIC_ROCK_VOUCHER_9500,1016.0,14.0,0.0,0.0,0.0,0.0,1017,14,0.0,0.0,0.0,0.0,1016.5,0.0
0,931500,VOLCANIC_ROCK_VOUCHER_9500,1015.0,12.0,0.0,0.0,0.0,0.0,1017,12,0.0,0.0,0.0,0.0,1016.0,0.0
0,931600,VOLCANIC_ROCK_VOUCHER_9500,1012.0,10.0,0.0,0.0,0.0,0.0,1013,10,0.0,0.0,0.0,0.0,1012.5,0.0
0,931700,VOLCANIC_ROCK_VOUCHER_9500,1012.0,12.0,0.0,0.0,0.0,0.0,1013,12,0.0,0.0,0.0,0.0,1012.5,0.0
0,931800,VOLCANIC_ROCK_VOUCHER_9500,1012.0,21.0,0.0,0.0,0.0,0.0,1013,21,0.0,0.0,0.0,0.0,1012.5,0.0
0,931900,VOLCANIC_ROCK_VOUCHER_9500,1013.0,14.0,0.0,0.0,0.0,0.0,1014,14,0.0,0.0,0.0,0.0,1013.5,0.0
0,932000,VOLCANIC_ROCK_VOUCHER_9500,1014.0,13.0,0.0,0.0,0.0,0.0,1016,13,0.0,0.0,0.0,0.0,1015.0,0.0
0,932100,VOLCANIC_ROCK_VOUCHER_9500,1015.0,12.0,0.0,0.0,0.0,0.0,1016,12,0.0,0.0,0.0,0.0,1015.5,0.0
0,932200,VOLCANIC_ROCK_VOUCHER_9500,1015.0,17.0,0.0,0.0,0.0,0.0,1016,17,0.0,0.0,0.0,0.0,1015.5,0.0
0,932300,VOLCANIC_ROCK_VOUCHER_9500,1015.0,17.0,0.0,0.0,0.0,0.0,1016,17,0.0,0.0,0.0,0.0,1015.5,0.0
0,932400,VOLCANIC_ROCK_VOUCHER_9500,1015.0,15.0,0.0,0.0,0.0,0.0,1017,15,0.0,0.0,0.0,0.0,1016.0,0.0
0,932500,VOLCANIC_ROCK_VOUCHER_9500,1016.0,12.0,0.0,0.0,0.0,0.0,1017,22,0.0,0.0,0.0,0.0,1016.5,0.0
0,932600,VOLCANIC_ROCK_VOUCHER_9500,1013.0,12.0,0.0,0.0,0.0,0.0,1015,22,0.0,0.0,0.0,0.0,1014.0,0.0
0,932700,VOLCANIC_ROCK_VOUCHER_9500,1013.0,15.0,0.0,0.0,0.0,0.0,1015,15,0.0,0.0,0.0,0.0,1014.0,0.0
0,932800,VOLCANIC_ROCK_VOUCHER_9500,1013.0,13.0,0.0,0.0,0.0,0.0,1014,13,0.0,0.0,0.0,0.0,1013.5,0.0
0,932900,VOLCANIC_ROCK_VOUCHER_9500,1011.0,17.0,0.0,0.0,0.0,0.0,1012,17,0.0,0.0,0.0,0.0,1011.5,0.0
0,933000,VOLCANIC_ROCK_VOUCHER_9500,1012.0,11.0,0.0,0.0,0.0,0.0,1013,11,0.0,0.0,0.0,0.0,1012.5,0.0
0,933100,VOLCANIC_ROCK_VOUCHER_9500,1010.0,20.0,0.0,0.0,0.0,0.0,1011,20,0.0,0.0,0.0,0.0,1010.5,0.0
0,933200,VOLCANIC_ROCK_VOUCHER_9500,1013.0,33.0,0.0,0.0,0.0,0.0,1015,20,0.0,0.0,0.0,0.0,1014.0,0.0
0,933300,VOLCANIC_ROCK_VOUCHER_9500,1013.0,20.0,0.0,0.0,0.0,0.0,1014,20,0.0,0.0,0.0,0.0,1013.5,0.0
0,933400,VOLCANIC_ROCK_VOUCHER_9500,1013.0,12.0,0.0,0.0,0.0,0.0,1014,12,0.0,0.0,0.0,0.0,1013.5,0.0
0,933500,VOLCANIC_ROCK_VOUCHER_9500,1013.0,10.0,0.0,0.0,0.0,0.0,1014,10,0.0,0.0,0.0,0.0,1013.5,0.0
0,933600,VOLCANIC_ROCK_VOUCHER_9500,1013.0,12.0,0.0,0.0,0.0,0.0,1014,12,0.0,0.0,0.0,0.0,1013.5,0.0
0,933700,VOLCANIC_ROCK_VOUCHER_9500,1011.0,15.0,0.0,0.0,0.0,0.0,1012,15,0.0,0.0,0.0,0.0,1011.5,0.0
0,933800,VOLCANIC_ROCK_VOUCHER_9500,1011.0,13.0,0.0,0.0,0.0,0.0,1012,13,0.0,0.0,0.0,0.0,1011.5,0.0
0,933900,VOLCANIC_ROCK_VOUCHER_9500,0.0,0.0,0.0,0.0,0.0,0.0,1012,5,1013.0,14.0,0.0,0.0,1012.0,0.0
0,934000,VOLCANIC_ROCK_VOUCHER_9500,1014.0,10.0,0.0,0.0,0.0,0.0,1015,10,0.0,0.0,0.0,0.0,1014.5,0.0
0,934100,VOLCANIC_ROCK_VOUCHER_9500,1012.0,11.0,0.0,0.0,0.0,0.0,1013,11,0.0,0.0,0.0,0.0,1012.5,0.0
0,934200,VOLCANIC_ROCK_VOUCHER_9500,1014.0,9.0,1013.0,19.0,0.0,0.0,1015,19,0.0,0.0,0.0,0.0,1014.5,0.0
0,934300,VOLCANIC_ROCK_VOUCHER_9500,1013.0,17.0,0.0,0.0,0.0,0.0,1014,17,0.0,0.0,0.0,0.0,1013.5,0.0
0,934400,VOLCANIC_ROCK_VOUCHER_9500,1013.0,12.0,0.0,0.0,0.0,0.0,1014,12,0.0,0.0,0.0,0.0,1013.5,0.0
0,934500,VOLCANIC_ROCK_VOUCHER_9500,1012.0,16.0,0.0,0.0,0.0,0.0,1013,16,0.0,0.0,0.0,0.0,1012.5,0.0
0,934600,VOLCANIC_ROCK_VOUCHER_9500,1011.0,19.0,0.0,0.0,0.0,0.0,1012,19,0.0,0.0,0.0,0.0,1011.5,0.0
0,934700,VOLCANIC_ROCK_VOUCHER_9500,1011.0,19.0,0.0,0.0,0.0,0.0,1012,1,1013.0,18.0,0.0,0.0,1011.5,0.0
0,934800,VOLCANIC_ROCK_VOUCHER_9500,1010.0,13.0,0.0,0.0,0.0,0.0,1012,13,0.0,0.0,0.0,0.0,1011.0,0.0
0,934900,VOLCANIC_ROCK_VOUCHER_9500,1009.0,18.0,0.0,0.0,0.0,0.0,1011,18,0.0,0.0,0.0,0.0,1010.0,0.0
0,935000,VOLCANIC_ROCK_VOUCHER_9500,1009.0,14.0,0.0,0.0,0.0,0.0,1010,14,0.0,0.0,0.0,0.0,1009.5,0.0
0,935100,VOLCANIC_ROCK_VOUCHER_9500,1011.0,15.0,0.0,0.0,0.0,0.0,1012,15,0.0,0.0,0.0,0.0,1011.5,0.0
0,935200,VOLCANIC_ROCK_VOUCHER_9500,1012.0,15.0,0.0,0.0,0.0,0.0,1013,15,0.0,0.0,0.0,0.0,1012.5,0.0
0,935300,VOLCANIC_ROCK_VOUCHER_9500,1012.0,20.0,0.0,0.0,0.0,0.0,1013,20,0.0,0.0,0.0,0.0,1012.5,0.0
0,935400,VOLCANIC_ROCK_VOUCHER_9500,1011.0,14.0,0.0,0.0,0.0,0.0,1012,14,0.0,0.0,0.0,0.0,1011.5,0.0
0,935500,VOLCANIC_ROCK_VOUCHER_9500,1012.0,14.0,0.0,0.0,0.0,0.0,1013,14,0.0,0.0,0.0,0.0,1012.5,0.0
0,935600,VOLCANIC_ROCK_VOUCHER_9500,1012.0,32.0,0.0,0.0,0.0,0.0,1013,12,0.0,0.0,0.0,0.0,1012.5,0.0
0,935700,VOLCANIC_ROCK_VOUCHER_9500,1011.0,13.0,0.0,0.0,0.0,0.0,1012,13,0.0,0.0,0.0,0.0,1011.5,0.0
0,935800,VOLCANIC_ROCK_VOUCHER_9500,1011.0,11.0,0.0,0.0,0.0,0.0,1012,11,0.0,0.0,0.0,0.0,1011.5,0.0
0,935900,VOLCANIC_ROCK_VOUCHER_9500,1007.0,31.0,0.0,0.0,0.0,0.0,1008,17,0.0,0.0,0.0,0.0,1007.5,0.0
0,936000,VOLCANIC_ROCK_VOUCHER_9500,1008.0,13.0,0.0,0.0,0.0,0.0,1009,13,0.0,0.0,0.0,0.0,1008.5,0.0
0,936100,VOLCANIC_ROCK_VOUCHER_9500,1008.0,8.0,0.0,0.0,0.0,0.0,1009,18,0.0,0.0,0.0,0.0,1008.5,0.0
0,936200,VOLCANIC_ROCK_VOUCHER_9500,1008.0,15.0,0.0,0.0,0.0,0.0,1009,15,0.0,0.0,0.0,0.0,1008.5,0.0
0,936300,VOLCANIC_ROCK_VOUCHER_9500,1006.0,22.0,0.0,0.0,0.0,0.0,1007,2,1008.0,20.0,0.0,0.0,1006.5,0.0
0,936400,VOLCANIC_ROCK_VOUCHER_9500,1001.0,18.0,0.0,0.0,0.0,0.0,1002,18,0.0,0.0,0.0,0.0,1001.5,0.0
0,936500,VOLCANIC_ROCK_VOUCHER_9500,1003.0,20.0,0.0,0.0,0.0,0.0,1004,20,0.0,0.0,0.0,0.0,1003.5,0.0
0,936600,VOLCANIC_ROCK_VOUCHER_9500,1001.0,20.0,0.0,0.0,0.0,0.0,1003,20,0.0,0.0,0.0,0.0,1002.0,0.0
0,936700,VOLCANIC_ROCK_VOUCHER_9500,999.0,12.0,0.0,0.0,0.0,0.0,1000,12,0.0,0.0,0.0,0.0,999.5,0.0
0,936800,VOLCANIC_ROCK_VOUCHER_9500,1001.0,13.0,0.0,0.0,0.0,0.0,1002,13,0.0,0.0,0.0,0.0,1001.5,0.0
0,936900,VOLCANIC_ROCK_VOUCHER_9500,1001.0,20.0,0.0,0.0,0.0,0.0,1003,20,0.0,0.0,0.0,0.0,1002.0,0.0
0,937000,VOLCANIC_ROCK_VOUCHER_9500,1003.0,15.0,0.0,0.0,0.0,0.0,1004,15,0.0,0.0,0.0,0.0,1003.5,0.0
0,937100,VOLCANIC_ROCK_VOUCHER_9500,1002.0,15.0,0.0,0.0,0.0,0.0,1003,15,0.0,0.0,0.0,0.0,1002.5,0.0
0,937200,VOLCANIC_ROCK_VOUCHER_9500,1003.0,21.0,0.0,0.0,0.0,0.0,1004,21,0.0,0.0,0.0,0.0,1003.5,0.0
0,937300,VOLCANIC_ROCK_VOUCHER_9500,1008.0,31.0,0.0,0.0,0.0,0.0,1009,18,0.0,0.0,0.0,0.0,1008.5,0.0
0,937400,VOLCANIC_ROCK_VOUCHER_9500,1006.0,13.0,0.0,0.0,0.0,0.0,1007,13,0.0,0.0,0.0,0.0,1006.5,0.0
0,937500,VOLCANIC_ROCK_VOUCHER_9500,1006.0,11.0,0.0,0.0,0.0,0.0,1007,11,0.0,0.0,0.0,0.0,1006.5,0.0
0,937600,VOLCANIC_ROCK_VOUCHER_9500,1007.0,15.0,0.0,0.0,0.0,0.0,1008,15,0.0,0.0,0.0,0.0,1007.5,0.0
0,937700,VOLCANIC_ROCK_VOUCHER_9500,1008.0,18.0,0.0,0.0,0.0,0.0,1010,18,0.0,0.0,0.0,0.0,1009.0,0.0
0,937800,VOLCANIC_ROCK_VOUCHER_9500,1006.0,19.0,0.0,0.0,0.0,0.0,1007,19,0.0,0.0,0.0,0.0,1006.5,0.0
0,937900,VOLCANIC_ROCK_VOUCHER_9500,1005.0,20.0,0.0,0.0,0.0,0.0,1006,20,0.0,0.0,0.0,0.0,1005.5,0.0
0,938000,VOLCANIC_ROCK_VOUCHER_9500,1008.0,27.0,0.0,0.0,0.0,0.0,1009,17,0.0,0.0,0.0,0.0,1008.5,0.0
0,938100,VOLCANIC_ROCK_VOUCHER_9500,1007.0,18.0,0.0,0.0,0.0,0.0,1008,18,0.0,0.0,0.0,0.0,1007.5,0.0
0,938200,VOLCANIC_ROCK_VOUCHER_9500,1008.0,31.0,0.0,0.0,0.0,0.0,1009,11,0.0,0.0,0.0,0.0,1008.5,0.0
0,938300,VOLCANIC_ROCK_VOUCHER_9500,1008.0,17.0,0.0,0.0,0.0,0.0,1009,17,0.0,0.0,0.0,0.0,1008.5,0.0
0,938400,VOLCANIC_ROCK_VOUCHER_9500,1008.0,18.0,0.0,0.0,0.0,0.0,1010,18,0.0,0.0,0.0,0.0,1009.0,0.0
0,938500,VOLCANIC_ROCK_VOUCHER_9500,1010.0,20.0,0.0,0.0,0.0,0.0,1011,20,0.0,0.0,0.0,0.0,1010.5,0.0
0,938600,VOLCANIC_ROCK_VOUCHER_9500,1012.0,11.0,0.0,0.0,0.0,0.0,1014,11,0.0,0.0,0.0,0.0,1013.0,0.0
0,938700,VOLCANIC_ROCK_VOUCHER_9500,1013.0,19.0,0.0,0.0,0.0,0.0,1014,19,0.0,0.0,0.0,0.0,1013.5,0.0
0,938800,VOLCANIC_ROCK_VOUCHER_9500,1011.0,29.0,0.0,0.0,0.0,0.0,1012,21,0.0,0.0,0.0,0.0,1011.5,0.0
0,938900,VOLCANIC_ROCK_VOUCHER_9500,1014.0,18.0,0.0,0.0,0.0,0.0,1015,18,0.0,0.0,0.0,0.0,1014.5,0.0
0,939000,VOLCANIC_ROCK_VOUCHER_9500,1012.0,16.0,0.0,0.0,0.0,0.0,1014,16,0.0,0.0,0.0,0.0,1013.0,0.0
0,939100,VOLCANIC_ROCK_VOUCHER_9500,1012.0,19.0,0.0,0.0,0.0,0.0,1013,19,0.0,0.0,0.0,0.0,1012.5,0.0
0,939200,VOLCANIC_ROCK_VOUCHER_9500,1014.0,20.0,0.0,0.0,0.0,0.0,1015,20,0.0,0.0,0.0,0.0,1014.5,0.0
0,939300,VOLCANIC_ROCK_VOUCHER_9500,1013.0,19.0,0.0,0.0,0.0,0.0,1014,12,1015.0,19.0,0.0,0.0,1013.5,0.0
0,939400,VOLCANIC_ROCK_VOUCHER_9500,1016.0,19.0,0.0,0.0,0.0,0.0,1017,19,0.0,0.0,0.0,0.0,1016.5,0.0
0,939500,VOLCANIC_ROCK_VOUCHER_9500,1014.0,17.0,0.0,0.0,0.0,0.0,1015,17,0.0,0.0,0.0,0.0,1014.5,0.0
0,939600,VOLCANIC_ROCK_VOUCHER_9500,1013.0,14.0,0.0,0.0,0.0,0.0,1014,14,0.0,0.0,0.0,0.0,1013.5,0.0
0,939700,VOLCANIC_ROCK_VOUCHER_9500,1012.0,14.0,0.0,0.0,0.0,0.0,1013,14,0.0,0.0,0.0,0.0,1012.5,0.0
0,939800,VOLCANIC_ROCK_VOUCHER_9500,1014.0,18.0,0.0,0.0,0.0,0.0,1015,18,0.0,0.0,0.0,0.0,1014.5,0.0
0,939900,VOLCANIC_ROCK_VOUCHER_9500,1014.0,34.0,0.0,0.0,0.0,0.0,1015,20,0.0,0.0,0.0,0.0,1014.5,0.0
0,940000,VOLCANIC_ROCK_VOUCHER_9500,1013.0,13.0,0.0,0.0,0.0,0.0,1014,13,0.0,0.0,0.0,0.0,1013.5,0.0
0,940100,VOLCANIC_ROCK_VOUCHER_9500,1011.0,21.0,0.0,0.0,0.0,0.0,1012,21,0.0,0.0,0.0,0.0,1011.5,0.0
0,940200,VOLCANIC_ROCK_VOUCHER_9500,1013.0,16.0,0.0,0.0,0.0,0.0,1014,16,0.0,0.0,0.0,0.0,1013.5,0.0
0,940300,VOLCANIC_ROCK_VOUCHER_9500,1014.0,21.0,0.0,0.0,0.0,0.0,1015,21,0.0,0.0,0.0,0.0,1014.5,0.0
0,940400,VOLCANIC_ROCK_VOUCHER_9500,1013.0,22.0,0.0,0.0,0.0,0.0,1014,16,1015.0,22.0,0.0,0.0,1013.5,0.0
0,940500,VOLCANIC_ROCK_VOUCHER_9500,1013.0,15.0,0.0,0.0,0.0,0.0,1014,15,0.0,0.0,0.0,0.0,1013.5,0.0
0,940600,VOLCANIC_ROCK_VOUCHER_9500,1011.0,13.0,0.0,0.0,0.0,0.0,1012,13,0.0,0.0,0.0,0.0,1011.5,0.0
0,940700,VOLCANIC_ROCK_VOUCHER_9500,1007.0,14.0,0.0,0.0,0.0,0.0,1008,14,0.0,0.0,0.0,0.0,1007.5,0.0
0,940800,VOLCANIC_ROCK_VOUCHER_9500,1007.0,11.0,0.0,0.0,0.0,0.0,1008,11,0.0,0.0,0.0,0.0,1007.5,0.0
0,940900,VOLCANIC_ROCK_VOUCHER_9500,1009.0,19.0,0.0,0.0,0.0,0.0,1010,19,0.0,0.0,0.0,0.0,1009.5,0.0
0,941000,VOLCANIC_ROCK_VOUCHER_9500,1009.0,12.0,0.0,0.0,0.0,0.0,1010,2,1011.0,10.0,0.0,0.0,1009.5,0.0
0,941100,VOLCANIC_ROCK_VOUCHER_9500,1006.0,35.0,0.0,0.0,0.0,0.0,1007,20,0.0,0.0,0.0,0.0,1006.5,0.0
0,941200,VOLCANIC_ROCK_VOUCHER_9500,1007.0,16.0,0.0,0.0,0.0,0.0,1008,16,0.0,0.0,0.0,0.0,1007.5,0.0
0,941300,VOLCANIC_ROCK_VOUCHER_9500,1007.0,17.0,0.0,0.0,0.0,0.0,1008,17,0.0,0.0,0.0,0.0,1007.5,0.0
0,941400,VOLCANIC_ROCK_VOUCHER_9500,1007.0,11.0,0.0,0.0,0.0,0.0,1008,11,0.0,0.0,0.0,0.0,1007.5,0.0
0,941500,VOLCANIC_ROCK_VOUCHER_9500,1008.0,16.0,0.0,0.0,0.0,0.0,1009,16,0.0,0.0,0.0,0.0,1008.5,0.0
0,941600,VOLCANIC_ROCK_VOUCHER_9500,1005.0,19.0,0.0,0.0,0.0,0.0,1006,19,0.0,0.0,0.0,0.0,1005.5,0.0
0,941700,VOLCANIC_ROCK_VOUCHER_9500,1002.0,2.0,0.0,0.0,0.0,0.0,1003,12,0.0,0.0,0.0,0.0,1002.5,0.0
0,941800,VOLCANIC_ROCK_VOUCHER_9500,1001.0,21.0,0.0,0.0,0.0,0.0,1002,21,0.0,0.0,0.0,0.0,1001.5,0.0
0,941900,VOLCANIC_ROCK_VOUCHER_9500,998.0,20.0,0.0,0.0,0.0,0.0,999,20,0.0,0.0,0.0,0.0,998.5,0.0
0,942000,VOLCANIC_ROCK_VOUCHER_9500,1004.0,22.0,0.0,0.0,0.0,0.0,1005,22,0.0,0.0,0.0,0.0,1004.5,0.0
0,942100,VOLCANIC_ROCK_VOUCHER_9500,1001.0,16.0,0.0,0.0,0.0,0.0,1002,16,0.0,0.0,0.0,0.0,1001.5,0.0
0,942200,VOLCANIC_ROCK_VOUCHER_9500,999.0,19.0,0.0,0.0,0.0,0.0,1000,19,0.0,0.0,0.0,0.0,999.5,0.0
0,942300,VOLCANIC_ROCK_VOUCHER_9500,1000.0,20.0,0.0,0.0,0.0,0.0,1001,20,0.0,0.0,0.0,0.0,1000.5,0.0
0,942400,VOLCANIC_ROCK_VOUCHER_9500,999.0,17.0,0.0,0.0,0.0,0.0,1000,17,0.0,0.0,0.0,0.0,999.5,0.0
0,942500,VOLCANIC_ROCK_VOUCHER_9500,998.0,13.0,0.0,0.0,0.0,0.0,999,13,0.0,0.0,0.0,0.0,998.5,0.0
0,942600,VOLCANIC_ROCK_VOUCHER_9500,997.0,18.0,0.0,0.0,0.0,0.0,998,18,0.0,0.0,0.0,0.0,997.5,0.0
0,942700,VOLCANIC_ROCK_VOUCHER_9500,997.0,29.0,0.0,0.0,0.0,0.0,998,19,0.0,0.0,0.0,0.0,997.5,0.0
0,942800,VOLCANIC_ROCK_VOUCHER_9500,999.0,17.0,0.0,0.0,0.0,0.0,1001,17,0.0,0.0,0.0,0.0,1000.0,0.0
0,942900,VOLCANIC_ROCK_VOUCHER_9500,1001.0,16.0,0.0,0.0,0.0,0.0,1002,16,0.0,0.0,0.0,0.0,1001.5,0.0
0,943000,VOLCANIC_ROCK_VOUCHER_9500,1005.0,16.0,0.0,0.0,0.0,0.0,1006,16,0.0,0.0,0.0,0.0,1005.5,0.0
0,943100,VOLCANIC_ROCK_VOUCHER_9500,1006.0,18.0,0.0,0.0,0.0,0.0,1007,18,0.0,0.0,0.0,0.0,1006.5,0.0
0,943200,VOLCANIC_ROCK_VOUCHER_9500,1004.0,15.0,0.0,0.0,0.0,0.0,1005,15,0.0,0.0,0.0,0.0,1004.5,0.0
0,943300,VOLCANIC_ROCK_VOUCHER_9500,1004.0,18.0,0.0,0.0,0.0,0.0,1005,18,0.0,0.0,0.0,0.0,1004.5,0.0
0,943400,VOLCANIC_ROCK_VOUCHER_9500,1006.0,16.0,0.0,0.0,0.0,0.0,1007,16,0.0,0.0,0.0,0.0,1006.5,0.0
0,943500,VOLCANIC_ROCK_VOUCHER_9500,1005.0,12.0,0.0,0.0,0.0,0.0,1006,12,0.0,0.0,0.0,0.0,1005.5,0.0
0,943600,VOLCANIC_ROCK_VOUCHER_9500,1005.0,17.0,0.0,0.0,0.0,0.0,1006,17,0.0,0.0,0.0,0.0,1005.5,0.0
0,943700,VOLCANIC_ROCK_VOUCHER_9500,1004.0,28.0,0.0,0.0,0.0,0.0,1005,12,0.0,0.0,0.0,0.0,1004.5,0.0
0,943800,VOLCANIC_ROCK_VOUCHER_9500,1005.0,17.0,0.0,0.0,0.0,0.0,1006,17,0.0,0.0,0.0,0.0,1005.5,0.0
0,943900,VOLCANIC_ROCK_VOUCHER_9500,1007.0,20.0,0.0,0.0,0.0,0.0,1009,20,0.0,0.0,0.0,0.0,1008.0,0.0
0,944000,VOLCANIC_ROCK_VOUCHER_9500,1011.0,7.0,1010.0,18.0,0.0,0.0,1012,18,0.0,0.0,0.0,0.0,1011.5,0.0
0,944100,VOLCANIC_ROCK_VOUCHER_9500,1006.0,21.0,0.0,0.0,0.0,0.0,1008,21,0.0,0.0,0.0,0.0,1007.0,0.0
0,944200,VOLCANIC_ROCK_VOUCHER_9500,1011.0,14.0,0.0,0.0,0.0,0.0,1012,14,0.0,0.0,0.0,0.0,1011.5,0.0
0,944300,VOLCANIC_ROCK_VOUCHER_9500,1010.0,11.0,0.0,0.0,0.0,0.0,1011,11,0.0,0.0,0.0,0.0,1010.5,0.0
0,944400,VOLCANIC_ROCK_VOUCHER_9500,1009.0,14.0,0.0,0.0,0.0,0.0,1010,14,0.0,0.0,0.0,0.0,1009.5,0.0
0,944500,VOLCANIC_ROCK_VOUCHER_9500,1008.0,15.0,0.0,0.0,0.0,0.0,1009,15,0.0,0.0,0.0,0.0,1008.5,0.0
0,944600,VOLCANIC_ROCK_VOUCHER_9500,1013.0,17.0,0.0,0.0,0.0,0.0,1015,17,0.0,0.0,0.0,0.0,1014.0,0.0
0,944700,VOLCANIC_ROCK_VOUCHER_9500,1018.0,16.0,0.0,0.0,0.0,0.0,1020,16,0.0,0.0,0.0,0.0,1019.0,0.0
0,944800,VOLCANIC_ROCK_VOUCHER_9500,1021.0,15.0,0.0,0.0,0.0,0.0,1022,15,0.0,0.0,0.0,0.0,1021.5,0.0
0,944900,VOLCANIC_ROCK_VOUCHER_9500,0.0,0.0,0.0,0.0,0.0,0.0,1019,5,1020.0,12.0,0.0,0.0,1019.0,0.0
0,945000,VOLCANIC_ROCK_VOUCHER_9500,1020.0,13.0,0.0,0.0,0.0,0.0,1022,13,0.0,0.0,0.0,0.0,1021.0,0.0
0,945100,VOLCANIC_ROCK_VOUCHER_9500,1021.0,10.0,0.0,0.0,0.0,0.0,1022,10,0.0,0.0,0.0,0.0,1021.5,0.0
0,945200,VOLCANIC_ROCK_VOUCHER_9500,1018.0,13.0,0.0,0.0,0.0,0.0,1019,13,0.0,0.0,0.0,0.0,1018.5,0.0
0,945300,VOLCANIC_ROCK_VOUCHER_9500,1020.0,10.0,0.0,0.0,0.0,0.0,1022,10,0.0,0.0,0.0,0.0,1021.0,0.0
0,945400,VOLCANIC_ROCK_VOUCHER_9500,1022.0,17.0,0.0,0.0,0.0,0.0,1023,17,0.0,0.0,0.0,0.0,1022.5,0.0
0,945500,VOLCANIC_ROCK_VOUCHER_9500,1020.0,13.0,0.0,0.0,0.0,0.0,1021,13,0.0,0.0,0.0,0.0,1020.5,0.0
0,945600,VOLCANIC_ROCK_VOUCHER_9500,0.0,0.0,0.0,0.0,0.0,0.0,1019,5,1020.0,12.0,0.0,0.0,1019.0,0.0
0,945700,VOLCANIC_ROCK_VOUCHER_9500,1019.0,18.0,0.0,0.0,0.0,0.0,1020,18,0.0,0.0,0.0,0.0,1019.5,0.0
0,945800,VOLCANIC_ROCK_VOUCHER_9500,1019.0,14.0,0.0,0.0,0.0,0.0,1020,20,1021.0,14.0,0.0,0.0,1019.5,0.0
0,945900,VOLCANIC_ROCK_VOUCHER_9500,1017.0,16.0,0.0,0.0,0.0,0.0,1018,16,0.0,0.0,0.0,0.0,1017.5,0.0
0,946000,VOLCANIC_ROCK_VOUCHER_9500,1021.0,21.0,0.0,0.0,0.0,0.0,1023,21,0.0,0.0,0.0,0.0,1022.0,0.0
0,946100,VOLCANIC_ROCK_VOUCHER_9500,1022.0,17.0,0.0,0.0,0.0,0.0,1023,17,0.0,0.0,0.0,0.0,1022.5,0.0
0,946200,VOLCANIC_ROCK_VOUCHER_9500,1018.0,17.0,0.0,0.0,0.0,0.0,1019,17,0.0,0.0,0.0,0.0,1018.5,0.0
0,946300,VOLCANIC_ROCK_VOUCHER_9500,1020.0,20.0,0.0,0.0,0.0,0.0,1021,20,0.0,0.0,0.0,0.0,1020.5,0.0
0,946400,VOLCANIC_ROCK_VOUCHER_9500,1022.0,19.0,0.0,0.0,0.0,0.0,1023,19,0.0,0.0,0.0,0.0,1022.5,0.0
0,946500,VOLCANIC_ROCK_VOUCHER_9500,1025.0,12.0,0.0,0.0,0.0,0.0,1026,12,0.0,0.0,0.0,0.0,1025.5,0.0
0,946600,VOLCANIC_ROCK_VOUCHER_9500,1026.0,18.0,0.0,0.0,0.0,0.0,1027,18,0.0,0.0,0.0,0.0,1026.5,0.0
0,946700,VOLCANIC_ROCK_VOUCHER_9500,1024.0,13.0,0.0,0.0,0.0,0.0,1025,13,0.0,0.0,0.0,0.0,1024.5,0.0
0,946800,VOLCANIC_ROCK_VOUCHER_9500,1027.0,19.0,0.0,0.0,0.0,0.0,1029,19,0.0,0.0,0.0,0.0,1028.0,0.0
0,946900,VOLCANIC_ROCK_VOUCHER_9500,1028.0,10.0,0.0,0.0,0.0,0.0,1030,10,0.0,0.0,0.0,0.0,1029.0,0.0
0,947000,VOLCANIC_ROCK_VOUCHER_9500,1024.0,19.0,0.0,0.0,0.0,0.0,1025,19,0.0,0.0,0.0,0.0,1024.5,0.0
0,947100,VOLCANIC_ROCK_VOUCHER_9500,1026.0,15.0,0.0,0.0,0.0,0.0,1027,15,0.0,0.0,0.0,0.0,1026.5,0.0
0,947200,VOLCANIC_ROCK_VOUCHER_9500,1026.0,15.0,0.0,0.0,0.0,0.0,1027,1,1028.0,14.0,0.0,0.0,1026.5,0.0
0,947300,VOLCANIC_ROCK_VOUCHER_9500,1024.0,16.0,0.0,0.0,0.0,0.0,1026,16,0.0,0.0,0.0,0.0,1025.0,0.0
0,947400,VOLCANIC_ROCK_VOUCHER_9500,1030.0,19.0,0.0,0.0,0.0,0.0,1031,19,0.0,0.0,0.0,0.0,1030.5,0.0
0,947500,VOLCANIC_ROCK_VOUCHER_9500,1029.0,10.0,0.0,0.0,0.0,0.0,1030,10,0.0,0.0,0.0,0.0,1029.5,0.0
0,947600,VOLCANIC_ROCK_VOUCHER_9500,1029.0,17.0,0.0,0.0,0.0,0.0,1030,17,0.0,0.0,0.0,0.0,1029.5,0.0
0,947700,VOLCANIC_ROCK_VOUCHER_9500,1026.0,21.0,0.0,0.0,0.0,0.0,1028,21,0.0,0.0,0.0,0.0,1027.0,0.0
0,947800,VOLCANIC_ROCK_VOUCHER_9500,1027.0,19.0,0.0,0.0,0.0,0.0,1028,19,0.0,0.0,0.0,0.0,1027.5,0.0
0,947900,VOLCANIC_ROCK_VOUCHER_9500,1026.0,12.0,0.0,0.0,0.0,0.0,1027,12,0.0,0.0,0.0,0.0,1026.5,0.0
0,948000,VOLCANIC_ROCK_VOUCHER_9500,1029.0,1.0,0.0,0.0,0.0,0.0,1030,17,0.0,0.0,0.0,0.0,1029.5,0.0
0,948100,VOLCANIC_ROCK_VOUCHER_9500,1027.0,21.0,0.0,0.0,0.0,0.0,1028,21,0.0,0.0,0.0,0.0,1027.5,0.0
0,948200,VOLCANIC_ROCK_VOUCHER_9500,1027.0,18.0,0.0,0.0,0.0,0.0,1028,18,0.0,0.0,0.0,0.0,1027.5,0.0
0,948300,VOLCANIC_ROCK_VOUCHER_9500,1026.0,14.0,0.0,0.0,0.0,0.0,1027,14,0.0,0.0,0.0,0.0,1026.5,0.0
0,948400,VOLCANIC_ROCK_VOUCHER_9500,1027.0,14.0,0.0,0.0,0.0,0.0,1029,14,0.0,0.0,0.0,0.0,1028.0,0.0
0,948500,VOLCANIC_ROCK_VOUCHER_9500,1029.0,12.0,0.0,0.0,0.0,0.0,1030,12,0.0,0.0,0.0,0.0,1029.5,0.0
0,948600,VOLCANIC_ROCK_VOUCHER_9500,1032.0,12.0,0.0,0.0,0.0,0.0,1033,12,0.0,0.0,0.0,0.0,1032.5,0.0
0,948700,VOLCANIC_ROCK_VOUCHER_9500,1031.0,13.0,0.0,0.0,0.0,0.0,1032,13,0.0,0.0,0.0,0.0,1031.5,0.0
0,948800,VOLCANIC_ROCK_VOUCHER_9500,1033.0,17.0,0.0,0.0,0.0,0.0,1034,17,0.0,0.0,0.0,0.0,1033.5,0.0
0,948900,VOLCANIC_ROCK_VOUCHER_9500,1033.0,17.0,0.0,0.0,0.0,0.0,1034,17,0.0,0.0,0.0,0.0,1033.5,0.0
0,949000,VOLCANIC_ROCK_VOUCHER_9500,1033.0,14.0,0.0,0.0,0.0,0.0,1034,14,0.0,0.0,0.0,0.0,1033.5,0.0
0,949100,VOLCANIC_ROCK_VOUCHER_9500,1032.0,15.0,0.0,0.0,0.0,0.0,1033,15,0.0,0.0,0.0,0.0,1032.5,0.0
0,949200,VOLCANIC_ROCK_VOUCHER_9500,1032.0,20.0,0.0,0.0,0.0,0.0,1033,20,0.0,0.0,0.0,0.0,1032.5,0.0
0,949300,VOLCANIC_ROCK_VOUCHER_9500,1032.0,16.0,0.0,0.0,0.0,0.0,1033,16,0.0,0.0,0.0,0.0,1032.5,0.0
0,949400,VOLCANIC_ROCK_VOUCHER_9500,1033.0,13.0,0.0,0.0,0.0,0.0,1034,13,0.0,0.0,0.0,0.0,1033.5,0.0
0,949500,VOLCANIC_ROCK_VOUCHER_9500,1032.0,16.0,0.0,0.0,0.0,0.0,1033,16,0.0,0.0,0.0,0.0,1032.5,0.0
0,949600,VOLCANIC_ROCK_VOUCHER_9500,1033.0,22.0,0.0,0.0,0.0,0.0,1034,22,0.0,0.0,0.0,0.0,1033.5,0.0
0,949700,VOLCANIC_ROCK_VOUCHER_9500,1032.0,14.0,0.0,0.0,0.0,0.0,1033,14,0.0,0.0,0.0,0.0,1032.5,0.0
0,949800,VOLCANIC_ROCK_VOUCHER_9500,1032.0,4.0,0.0,0.0,0.0,0.0,1033,16,0.0,0.0,0.0,0.0,1032.5,0.0
0,949900,VOLCANIC_ROCK_VOUCHER_9500,1032.0,13.0,0.0,0.0,0.0,0.0,1033,13,0.0,0.0,0.0,0.0,1032.5,0.0
0,950000,VOLCANIC_ROCK_VOUCHER_9500,1034.0,4.0,0.0,0.0,0.0,0.0,1035,16,0.0,0.0,0.0,0.0,1034.5,0.0
0,950100,VOLCANIC_ROCK_VOUCHER_9500,1031.0,1.0,1030.0,19.0,0.0,0.0,1032,20,0.0,0.0,0.0,0.0,1031.5,0.0
0,950200,VOLCANIC_ROCK_VOUCHER_9500,1032.0,11.0,0.0,0.0,0.0,0.0,1033,11,0.0,0.0,0.0,0.0,1032.5,0.0
0,950300,VOLCANIC_ROCK_VOUCHER_9500,1034.0,16.0,0.0,0.0,0.0,0.0,1035,16,0.0,0.0,0.0,0.0,1034.5,0.0
0,950400,VOLCANIC_ROCK_VOUCHER_9500,1032.0,20.0,0.0,0.0,0.0,0.0,1033,20,0.0,0.0,0.0,0.0,1032.5,0.0
0,950500,VOLCANIC_ROCK_VOUCHER_9500,1034.0,20.0,0.0,0.0,0.0,0.0,1035,20,0.0,0.0,0.0,0.0,1034.5,0.0
0,950600,VOLCANIC_ROCK_VOUCHER_9500,1031.0,11.0,0.0,0.0,0.0,0.0,1032,11,0.0,0.0,0.0,0.0,1031.5,0.0
0,950700,VOLCANIC_ROCK_VOUCHER_9500,1029.0,14.0,0.0,0.0,0.0,0.0,1031,14,0.0,0.0,0.0,0.0,1030.0,0.0
0,950800,VOLCANIC_ROCK_VOUCHER_9500,1032.0,15.0,0.0,0.0,0.0,0.0,1034,15,0.0,0.0,0.0,0.0,1033.0,0.0
0,950900,VOLCANIC_ROCK_VOUCHER_9500,1029.0,13.0,0.0,0.0,0.0,0.0,1030,13,0.0,0.0,0.0,0.0,1029.5,0.0
0,951000,VOLCANIC_ROCK_VOUCHER_9500,1031.0,20.0,0.0,0.0,0.0,0.0,1032,20,0.0,0.0,0.0,0.0,1031.5,0.0
0,951100,VOLCANIC_ROCK_VOUCHER_9500,1031.0,15.0,0.0,0.0,0.0,0.0,1033,15,0.0,0.0,0.0,0.0,1032.0,0.0
0,951200,VOLCANIC_ROCK_VOUCHER_9500,1032.0,20.0,0.0,0.0,0.0,0.0,1034,20,0.0,0.0,0.0,0.0,1033.0,0.0
0,951300,VOLCANIC_ROCK_VOUCHER_9500,1032.0,11.0,0.0,0.0,0.0,0.0,1033,11,0.0,0.0,0.0,0.0,1032.5,0.0
0,951400,VOLCANIC_ROCK_VOUCHER_9500,1032.0,17.0,0.0,0.0,0.0,0.0,1034,17,0.0,0.0,0.0,0.0,1033.0,0.0
0,951500,VOLCANIC_ROCK_VOUCHER_9500,1032.0,11.0,0.0,0.0,0.0,0.0,1033,11,0.0,0.0,0.0,0.0,1032.5,0.0
0,951600,VOLCANIC_ROCK_VOUCHER_9500,1027.0,12.0,0.0,0.0,0.0,0.0,1028,12,0.0,0.0,0.0,0.0,1027.5,0.0
0,951700,VOLCANIC_ROCK_VOUCHER_9500,1026.0,17.0,0.0,0.0,0.0,0.0,1027,17,0.0,0.0,0.0,0.0,1026.5,0.0
0,951800,VOLCANIC_ROCK_VOUCHER_9500,1026.0,12.0,0.0,0.0,0.0,0.0,1027,12,0.0,0.0,0.0,0.0,1026.5,0.0
0,951900,VOLCANIC_ROCK_VOUCHER_9500,1022.0,4.0,0.0,0.0,0.0,0.0,1023,10,0.0,0.0,0.0,0.0,1022.5,0.0
0,952000,VOLCANIC_ROCK_VOUCHER_9500,1022.0,18.0,0.0,0.0,0.0,0.0,1023,1,1024.0,17.0,0.0,0.0,1022.5,0.0
0,952100,VOLCANIC_ROCK_VOUCHER_9500,1022.0,13.0,0.0,0.0,0.0,0.0,1023,13,0.0,0.0,0.0,0.0,1022.5,0.0
0,952200,VOLCANIC_ROCK_VOUCHER_9500,1027.0,16.0,0.0,0.0,0.0,0.0,1028,16,0.0,0.0,0.0,0.0,1027.5,0.0
0,952300,VOLCANIC_ROCK_VOUCHER_9500,1026.0,13.0,0.0,0.0,0.0,0.0,1027,13,0.0,0.0,0.0,0.0,1026.5,0.0
0,952400,VOLCANIC_ROCK_VOUCHER_9500,1027.0,17.0,0.0,0.0,0.0,0.0,1028,17,0.0,0.0,0.0,0.0,1027.5,0.0
0,952500,VOLCANIC_ROCK_VOUCHER_9500,1024.0,12.0,0.0,0.0,0.0,0.0,1025,18,0.0,0.0,0.0,0.0,1024.5,0.0
0,952600,VOLCANIC_ROCK_VOUCHER_9500,1023.0,14.0,0.0,0.0,0.0,0.0,1025,14,0.0,0.0,0.0,0.0,1024.0,0.0
0,952700,VOLCANIC_ROCK_VOUCHER_9500,1026.0,15.0,0.0,0.0,0.0,0.0,1028,15,0.0,0.0,0.0,0.0,1027.0,0.0
0,952800,VOLCANIC_ROCK_VOUCHER_9500,1024.0,17.0,0.0,0.0,0.0,0.0,1025,17,0.0,0.0,0.0,0.0,1024.5,0.0
0,952900,VOLCANIC_ROCK_VOUCHER_9500,1025.0,20.0,0.0,0.0,0.0,0.0,1026,20,0.0,0.0,0.0,0.0,1025.5,0.0
0,953000,VOLCANIC_ROCK_VOUCHER_9500,1027.0,21.0,0.0,0.0,0.0,0.0,1028,21,0.0,0.0,0.0,0.0,1027.5,0.0
0,953100,VOLCANIC_ROCK_VOUCHER_9500,1028.0,1.0,1027.0,11.0,0.0,0.0,1029,12,0.0,0.0,0.0,0.0,1028.5,0.0
0,953200,VOLCANIC_ROCK_VOUCHER_9500,1029.0,16.0,0.0,0.0,0.0,0.0,1030,16,0.0,0.0,0.0,0.0,1029.5,0.0
0,953300,VOLCANIC_ROCK_VOUCHER_9500,1032.0,15.0,0.0,0.0,0.0,0.0,1033,15,0.0,0.0,0.0,0.0,1032.5,0.0
0,953400,VOLCANIC_ROCK_VOUCHER_9500,1030.0,22.0,0.0,0.0,0.0,0.0,1032,22,0.0,0.0,0.0,0.0,1031.0,0.0
0,953500,VOLCANIC_ROCK_VOUCHER_9500,1028.0,13.0,0.0,0.0,0.0,0.0,1030,13,0.0,0.0,0.0,0.0,1029.0,0.0
0,953600,VOLCANIC_ROCK_VOUCHER_9500,1031.0,12.0,0.0,0.0,0.0,0.0,1032,12,0.0,0.0,0.0,0.0,1031.5,0.0
0,953700,VOLCANIC_ROCK_VOUCHER_9500,1032.0,11.0,0.0,0.0,0.0,0.0,1033,11,0.0,0.0,0.0,0.0,1032.5,0.0
0,953800,VOLCANIC_ROCK_VOUCHER_9500,1034.0,12.0,0.0,0.0,0.0,0.0,1035,12,0.0,0.0,0.0,0.0,1034.5,0.0
0,953900,VOLCANIC_ROCK_VOUCHER_9500,1033.0,18.0,0.0,0.0,0.0,0.0,1034,18,0.0,0.0,0.0,0.0,1033.5,0.0
0,954000,VOLCANIC_ROCK_VOUCHER_9500,1033.0,16.0,0.0,0.0,0.0,0.0,1034,16,0.0,0.0,0.0,0.0,1033.5,0.0
0,954100,VOLCANIC_ROCK_VOUCHER_9500,1030.0,35.0,0.0,0.0,0.0,0.0,1031,21,0.0,0.0,0.0,0.0,1030.5,0.0
0,954200,VOLCANIC_ROCK_VOUCHER_9500,1026.0,10.0,0.0,0.0,0.0,0.0,1028,10,0.0,0.0,0.0,0.0,1027.0,0.0
0,954300,VOLCANIC_ROCK_VOUCHER_9500,1024.0,15.0,0.0,0.0,0.0,0.0,1025,15,0.0,0.0,0.0,0.0,1024.5,0.0
0,954400,VOLCANIC_ROCK_VOUCHER_9500,1025.0,16.0,0.0,0.0,0.0,0.0,1026,16,0.0,0.0,0.0,0.0,1025.5,0.0
0,954500,VOLCANIC_ROCK_VOUCHER_9500,1026.0,10.0,0.0,0.0,0.0,0.0,1027,10,0.0,0.0,0.0,0.0,1026.5,0.0
0,954600,VOLCANIC_ROCK_VOUCHER_9500,1026.0,12.0,0.0,0.0,0.0,0.0,1027,12,0.0,0.0,0.0,0.0,1026.5,0.0
0,954700,VOLCANIC_ROCK_VOUCHER_9500,1030.0,16.0,0.0,0.0,0.0,0.0,1031,16,0.0,0.0,0.0,0.0,1030.5,0.0
0,954800,VOLCANIC_ROCK_VOUCHER_9500,1029.0,6.0,0.0,0.0,0.0,0.0,1031,16,0.0,0.0,0.0,0.0,1030.0,0.0
0,954900,VOLCANIC_ROCK_VOUCHER_9500,1027.0,13.0,0.0,0.0,0.0,0.0,1028,13,0.0,0.0,0.0,0.0,1027.5,0.0
0,955000,VOLCANIC_ROCK_VOUCHER_9500,1029.0,10.0,0.0,0.0,0.0,0.0,1031,10,0.0,0.0,0.0,0.0,1030.0,0.0
0,955100,VOLCANIC_ROCK_VOUCHER_9500,1030.0,10.0,0.0,0.0,0.0,0.0,1032,10,0.0,0.0,0.0,0.0,1031.0,0.0
0,955200,VOLCANIC_ROCK_VOUCHER_9500,1023.0,24.0,0.0,0.0,0.0,0.0,1024,11,0.0,0.0,0.0,0.0,1023.5,0.0
0,955300,VOLCANIC_ROCK_VOUCHER_9500,1025.0,16.0,0.0,0.0,0.0,0.0,1026,16,0.0,0.0,0.0,0.0,1025.5,0.0
0,955400,VOLCANIC_ROCK_VOUCHER_9500,1028.0,11.0,0.0,0.0,0.0,0.0,1029,11,0.0,0.0,0.0,0.0,1028.5,0.0
0,955500,VOLCANIC_ROCK_VOUCHER_9500,1031.0,18.0,0.0,0.0,0.0,0.0,1032,18,0.0,0.0,0.0,0.0,1031.5,0.0
0,955600,VOLCANIC_ROCK_VOUCHER_9500,1029.0,19.0,0.0,0.0,0.0,0.0,1030,19,0.0,0.0,0.0,0.0,1029.5,0.0
0,955700,VOLCANIC_ROCK_VOUCHER_9500,1034.0,15.0,0.0,0.0,0.0,0.0,1035,15,0.0,0.0,0.0,0.0,1034.5,0.0
0,955800,VOLCANIC_ROCK_VOUCHER_9500,1034.0,13.0,0.0,0.0,0.0,0.0,1035,13,0.0,0.0,0.0,0.0,1034.5,0.0
0,955900,VOLCANIC_ROCK_VOUCHER_9500,1035.0,10.0,0.0,0.0,0.0,0.0,1036,10,0.0,0.0,0.0,0.0,1035.5,0.0
0,956000,VOLCANIC_ROCK_VOUCHER_9500,1035.0,12.0,0.0,0.0,0.0,0.0,1036,12,0.0,0.0,0.0,0.0,1035.5,0.0
0,956100,VOLCANIC_ROCK_VOUCHER_9500,1032.0,18.0,0.0,0.0,0.0,0.0,1034,18,0.0,0.0,0.0,0.0,1033.0,0.0
0,956200,VOLCANIC_ROCK_VOUCHER_9500,1032.0,18.0,0.0,0.0,0.0,0.0,1033,18,0.0,0.0,0.0,0.0,1032.5,0.0
0,956300,VOLCANIC_ROCK_VOUCHER_9500,1038.0,22.0,0.0,0.0,0.0,0.0,1039,22,0.0,0.0,0.0,0.0,1038.5,0.0
0,956400,VOLCANIC_ROCK_VOUCHER_9500,1036.0,25.0,0.0,0.0,0.0,0.0,1037,15,0.0,0.0,0.0,0.0,1036.5,0.0
0,956500,VOLCANIC_ROCK_VOUCHER_9500,1035.0,14.0,0.0,0.0,0.0,0.0,1036,14,0.0,0.0,0.0,0.0,1035.5,0.0
0,956600,VOLCANIC_ROCK_VOUCHER_9500,1032.0,21.0,0.0,0.0,0.0,0.0,1033,21,0.0,0.0,0.0,0.0,1032.5,0.0
0,956700,VOLCANIC_ROCK_VOUCHER_9500,1030.0,14.0,0.0,0.0,0.0,0.0,1032,14,0.0,0.0,0.0,0.0,1031.0,0.0
0,956800,VOLCANIC_ROCK_VOUCHER_9500,1033.0,17.0,0.0,0.0,0.0,0.0,1034,17,0.0,0.0,0.0,0.0,1033.5,0.0
0,956900,VOLCANIC_ROCK_VOUCHER_9500,1031.0,17.0,0.0,0.0,0.0,0.0,1032,17,0.0,0.0,0.0,0.0,1031.5,0.0
0,957000,VOLCANIC_ROCK_VOUCHER_9500,1029.0,14.0,0.0,0.0,0.0,0.0,1030,14,0.0,0.0,0.0,0.0,1029.5,0.0
0,957100,VOLCANIC_ROCK_VOUCHER_9500,1030.0,19.0,0.0,0.0,0.0,0.0,1031,19,0.0,0.0,0.0,0.0,1030.5,0.0
0,957200,VOLCANIC_ROCK_VOUCHER_9500,1029.0,10.0,0.0,0.0,0.0,0.0,1030,10,0.0,0.0,0.0,0.0,1029.5,0.0
0,957300,VOLCANIC_ROCK_VOUCHER_9500,1025.0,15.0,0.0,0.0,0.0,0.0,1026,15,0.0,0.0,0.0,0.0,1025.5,0.0
0,957400,VOLCANIC_ROCK_VOUCHER_9500,1029.0,12.0,0.0,0.0,0.0,0.0,1031,12,0.0,0.0,0.0,0.0,1030.0,0.0
0,957500,VOLCANIC_ROCK_VOUCHER_9500,1030.0,18.0,0.0,0.0,0.0,0.0,1031,18,0.0,0.0,0.0,0.0,1030.5,0.0
0,957600,VOLCANIC_ROCK_VOUCHER_9500,1029.0,19.0,0.0,0.0,0.0,0.0,1030,19,0.0,0.0,0.0,0.0,1029.5,0.0
0,957700,VOLCANIC_ROCK_VOUCHER_9500,1028.0,16.0,0.0,0.0,0.0,0.0,1029,16,0.0,0.0,0.0,0.0,1028.5,0.0
0,957800,VOLCANIC_ROCK_VOUCHER_9500,1030.0,18.0,0.0,0.0,0.0,0.0,1031,18,0.0,0.0,0.0,0.0,1030.5,0.0
0,957900,VOLCANIC_ROCK_VOUCHER_9500,1032.0,17.0,0.0,0.0,0.0,0.0,1034,17,0.0,0.0,0.0,0.0,1033.0,0.0
0,958000,VOLCANIC_ROCK_VOUCHER_9500,1034.0,4.0,0.0,0.0,0.0,0.0,1035,17,0.0,0.0,0.0,0.0,1034.5,0.0
0,958100,VOLCANIC_ROCK_VOUCHER_9500,1033.0,16.0,0.0,0.0,0.0,0.0,1034,16,0.0,0.0,0.0,0.0,1033.5,0.0
0,958200,VOLCANIC_ROCK_VOUCHER_9500,1030.0,12.0,0.0,0.0,0.0,0.0,1032,12,0.0,0.0,0.0,0.0,1031.0,0.0
0,958300,VOLCANIC_ROCK_VOUCHER_9500,1034.0,16.0,0.0,0.0,0.0,0.0,1035,16,0.0,0.0,0.0,0.0,1034.5,0.0
0,958400,VOLCANIC_ROCK_VOUCHER_9500,1036.0,15.0,0.0,0.0,0.0,0.0,1037,15,0.0,0.0,0.0,0.0,1036.5,0.0
0,958500,VOLCANIC_ROCK_VOUCHER_9500,1035.0,21.0,0.0,0.0,0.0,0.0,1036,21,0.0,0.0,0.0,0.0,1035.5,0.0
0,958600,VOLCANIC_ROCK_VOUCHER_9500,1035.0,11.0,0.0,0.0,0.0,0.0,1036,11,0.0,0.0,0.0,0.0,1035.5,0.0
0,958700,VOLCANIC_ROCK_VOUCHER_9500,1036.0,12.0,0.0,0.0,0.0,0.0,1037,12,0.0,0.0,0.0,0.0,1036.5,0.0
0,958800,VOLCANIC_ROCK_VOUCHER_9500,1037.0,11.0,0.0,0.0,0.0,0.0,1038,11,0.0,0.0,0.0,0.0,1037.5,0.0
0,958900,VOLCANIC_ROCK_VOUCHER_9500,1041.0,20.0,0.0,0.0,0.0,0.0,1042,20,0.0,0.0,0.0,0.0,1041.5,0.0
0,959000,VOLCANIC_ROCK_VOUCHER_9500,1040.0,18.0,0.0,0.0,0.0,0.0,1041,18,0.0,0.0,0.0,0.0,1040.5,0.0
0,959100,VOLCANIC_ROCK_VOUCHER_9500,1037.0,12.0,0.0,0.0,0.0,0.0,1039,12,0.0,0.0,0.0,0.0,1038.0,0.0
0,959200,VOLCANIC_ROCK_VOUCHER_9500,0.0,0.0,0.0,0.0,0.0,0.0,1039,4,1040.0,10.0,0.0,0.0,1039.0,0.0
0,959300,VOLCANIC_ROCK_VOUCHER_9500,1043.0,39.0,0.0,0.0,0.0,0.0,1044,17,0.0,0.0,0.0,0.0,1043.5,0.0
0,959400,VOLCANIC_ROCK_VOUCHER_9500,1042.0,2.0,1041.0,16.0,0.0,0.0,1043,18,0.0,0.0,0.0,0.0,1042.5,0.0
0,959500,VOLCANIC_ROCK_VOUCHER_9500,1039.0,21.0,0.0,0.0,0.0,0.0,1040,21,0.0,0.0,0.0,0.0,1039.5,0.0
0,959600,VOLCANIC_ROCK_VOUCHER_9500,1039.0,16.0,0.0,0.0,0.0,0.0,1040,16,0.0,0.0,0.0,0.0,1039.5,0.0
0,959700,VOLCANIC_ROCK_VOUCHER_9500,1039.0,20.0,0.0,0.0,0.0,0.0,1040,20,0.0,0.0,0.0,0.0,1039.5,0.0
0,959800,VOLCANIC_ROCK_VOUCHER_9500,1037.0,13.0,0.0,0.0,0.0,0.0,1038,13,0.0,0.0,0.0,0.0,1037.5,0.0
0,959900,VOLCANIC_ROCK_VOUCHER_9500,1038.0,15.0,0.0,0.0,0.0,0.0,1039,15,0.0,0.0,0.0,0.0,1038.5,0.0
0,960000,VOLCANIC_ROCK_VOUCHER_9500,1037.0,17.0,0.0,0.0,0.0,0.0,1039,17,0.0,0.0,0.0,0.0,1038.0,0.0
0,960100,VOLCANIC_ROCK_VOUCHER_9500,1039.0,18.0,0.0,0.0,0.0,0.0,1040,18,0.0,0.0,0.0,0.0,1039.5,0.0
0,960200,VOLCANIC_ROCK_VOUCHER_9500,1040.0,12.0,0.0,0.0,0.0,0.0,1041,12,0.0,0.0,0.0,0.0,1040.5,0.0
0,960300,VOLCANIC_ROCK_VOUCHER_9500,1037.0,17.0,0.0,0.0,0.0,0.0,1038,17,0.0,0.0,0.0,0.0,1037.5,0.0
0,960400,VOLCANIC_ROCK_VOUCHER_9500,1040.0,21.0,0.0,0.0,0.0,0.0,1041,21,0.0,0.0,0.0,0.0,1040.5,0.0
0,960500,VOLCANIC_ROCK_VOUCHER_9500,1039.0,11.0,0.0,0.0,0.0,0.0,1040,11,0.0,0.0,0.0,0.0,1039.5,0.0
0,960600,VOLCANIC_ROCK_VOUCHER_9500,1041.0,10.0,0.0,0.0,0.0,0.0,1042,10,0.0,0.0,0.0,0.0,1041.5,0.0
0,960700,VOLCANIC_ROCK_VOUCHER_9500,1040.0,33.0,0.0,0.0,0.0,0.0,1041,15,0.0,0.0,0.0,0.0,1040.5,0.0
0,960800,VOLCANIC_ROCK_VOUCHER_9500,1041.0,13.0,0.0,0.0,0.0,0.0,1043,13,0.0,0.0,0.0,0.0,1042.0,0.0
0,960900,VOLCANIC_ROCK_VOUCHER_9500,1042.0,10.0,0.0,0.0,0.0,0.0,1044,10,0.0,0.0,0.0,0.0,1043.0,0.0
0,961000,VOLCANIC_ROCK_VOUCHER_9500,1048.0,12.0,0.0,0.0,0.0,0.0,1050,12,0.0,0.0,0.0,0.0,1049.0,0.0
0,961100,VOLCANIC_ROCK_VOUCHER_9500,1050.0,14.0,0.0,0.0,0.0,0.0,1051,16,1052.0,14.0,0.0,0.0,1050.5,0.0
0,961200,VOLCANIC_ROCK_VOUCHER_9500,1053.0,18.0,0.0,0.0,0.0,0.0,1055,18,0.0,0.0,0.0,0.0,1054.0,0.0
0,961300,VOLCANIC_ROCK_VOUCHER_9500,1053.0,12.0,0.0,0.0,0.0,0.0,1055,12,0.0,0.0,0.0,0.0,1054.0,0.0
0,961400,VOLCANIC_ROCK_VOUCHER_9500,1054.0,18.0,0.0,0.0,0.0,0.0,1056,18,0.0,0.0,0.0,0.0,1055.0,0.0
0,961500,VOLCANIC_ROCK_VOUCHER_9500,1054.0,21.0,0.0,0.0,0.0,0.0,1055,21,0.0,0.0,0.0,0.0,1054.5,0.0
0,961600,VOLCANIC_ROCK_VOUCHER_9500,0.0,0.0,0.0,0.0,0.0,0.0,1051,4,1052.0,15.0,0.0,0.0,1051.0,0.0
0,961700,VOLCANIC_ROCK_VOUCHER_9500,1055.0,14.0,0.0,0.0,0.0,0.0,1056,14,0.0,0.0,0.0,0.0,1055.5,0.0
0,961800,VOLCANIC_ROCK_VOUCHER_9500,1053.0,11.0,0.0,0.0,0.0,0.0,1054,11,0.0,0.0,0.0,0.0,1053.5,0.0
0,961900,VOLCANIC_ROCK_VOUCHER_9500,1053.0,22.0,0.0,0.0,0.0,0.0,1054,22,0.0,0.0,0.0,0.0,1053.5,0.0
0,962000,VOLCANIC_ROCK_VOUCHER_9500,1053.0,12.0,0.0,0.0,0.0,0.0,1054,12,0.0,0.0,0.0,0.0,1053.5,0.0
0,962100,VOLCANIC_ROCK_VOUCHER_9500,1055.0,15.0,0.0,0.0,0.0,0.0,1056,15,0.0,0.0,0.0,0.0,1055.5,0.0
0,962200,VOLCANIC_ROCK_VOUCHER_9500,1058.0,20.0,0.0,0.0,0.0,0.0,1059,20,0.0,0.0,0.0,0.0,1058.5,0.0
0,962300,VOLCANIC_ROCK_VOUCHER_9500,1055.0,23.0,0.0,0.0,0.0,0.0,1056,2,1057.0,10.0,0.0,0.0,1055.5,0.0
0,962400,VOLCANIC_ROCK_VOUCHER_9500,1051.0,37.0,0.0,0.0,0.0,0.0,1052,18,0.0,0.0,0.0,0.0,1051.5,0.0
0,962500,VOLCANIC_ROCK_VOUCHER_9500,1051.0,13.0,0.0,0.0,0.0,0.0,1052,13,0.0,0.0,0.0,0.0,1051.5,0.0
0,962600,VOLCANIC_ROCK_VOUCHER_9500,1048.0,20.0,0.0,0.0,0.0,0.0,1049,20,0.0,0.0,0.0,0.0,1048.5,0.0
0,962700,VOLCANIC_ROCK_VOUCHER_9500,1046.0,14.0,0.0,0.0,0.0,0.0,1047,14,0.0,0.0,0.0,0.0,1046.5,0.0
0,962800,VOLCANIC_ROCK_VOUCHER_9500,1045.0,20.0,0.0,0.0,0.0,0.0,1046,20,0.0,0.0,0.0,0.0,1045.5,0.0
0,962900,VOLCANIC_ROCK_VOUCHER_9500,1047.0,22.0,0.0,0.0,0.0,0.0,1048,22,0.0,0.0,0.0,0.0,1047.5,0.0
0,963000,VOLCANIC_ROCK_VOUCHER_9500,1047.0,11.0,0.0,0.0,0.0,0.0,1048,11,0.0,0.0,0.0,0.0,1047.5,0.0
0,963100,VOLCANIC_ROCK_VOUCHER_9500,1046.0,11.0,0.0,0.0,0.0,0.0,1047,11,0.0,0.0,0.0,0.0,1046.5,0.0
0,963200,VOLCANIC_ROCK_VOUCHER_9500,1047.0,17.0,0.0,0.0,0.0,0.0,1048,17,0.0,0.0,0.0,0.0,1047.5,0.0
0,963300,VOLCANIC_ROCK_VOUCHER_9500,1046.0,18.0,0.0,0.0,0.0,0.0,1048,18,0.0,0.0,0.0,0.0,1047.0,0.0
0,963400,VOLCANIC_ROCK_VOUCHER_9500,1048.0,20.0,0.0,0.0,0.0,0.0,1049,20,0.0,0.0,0.0,0.0,1048.5,0.0
0,963500,VOLCANIC_ROCK_VOUCHER_9500,1050.0,20.0,0.0,0.0,0.0,0.0,1051,20,0.0,0.0,0.0,0.0,1050.5,0.0
0,963600,VOLCANIC_ROCK_VOUCHER_9500,1049.0,13.0,0.0,0.0,0.0,0.0,1050,13,0.0,0.0,0.0,0.0,1049.5,0.0
0,963700,VOLCANIC_ROCK_VOUCHER_9500,1051.0,17.0,0.0,0.0,0.0,0.0,1052,17,0.0,0.0,0.0,0.0,1051.5,0.0
0,963800,VOLCANIC_ROCK_VOUCHER_9500,1050.0,16.0,0.0,0.0,0.0,0.0,1051,16,0.0,0.0,0.0,0.0,1050.5,0.0
0,963900,VOLCANIC_ROCK_VOUCHER_9500,1049.0,20.0,1048.0,19.0,0.0,0.0,1050,21,0.0,0.0,0.0,0.0,1049.5,0.0
0,964000,VOLCANIC_ROCK_VOUCHER_9500,1047.0,14.0,0.0,0.0,0.0,0.0,1048,14,0.0,0.0,0.0,0.0,1047.5,0.0
0,964100,VOLCANIC_ROCK_VOUCHER_9500,1044.0,8.0,0.0,0.0,0.0,0.0,1045,18,0.0,0.0,0.0,0.0,1044.5,0.0
0,964200,VOLCANIC_ROCK_VOUCHER_9500,0.0,0.0,0.0,0.0,0.0,0.0,1043,4,1044.0,12.0,0.0,0.0,1043.0,0.0
0,964300,VOLCANIC_ROCK_VOUCHER_9500,1045.0,18.0,0.0,0.0,0.0,0.0,1046,18,0.0,0.0,0.0,0.0,1045.5,0.0
0,964400,VOLCANIC_ROCK_VOUCHER_9500,1044.0,11.0,0.0,0.0,0.0,0.0,1045,11,0.0,0.0,0.0,0.0,1044.5,0.0
0,964500,VOLCANIC_ROCK_VOUCHER_9500,1046.0,33.0,0.0,0.0,0.0,0.0,1047,18,0.0,0.0,0.0,0.0,1046.5,0.0
0,964600,VOLCANIC_ROCK_VOUCHER_9500,1044.0,10.0,0.0,0.0,0.0,0.0,1045,10,0.0,0.0,0.0,0.0,1044.5,0.0
0,964700,VOLCANIC_ROCK_VOUCHER_9500,1044.0,12.0,0.0,0.0,0.0,0.0,1045,12,0.0,0.0,0.0,0.0,1044.5,0.0
0,964800,VOLCANIC_ROCK_VOUCHER_9500,1045.0,12.0,0.0,0.0,0.0,0.0,1046,12,0.0,0.0,0.0,0.0,1045.5,0.0
0,964900,VOLCANIC_ROCK_VOUCHER_9500,1045.0,20.0,0.0,0.0,0.0,0.0,1046,20,0.0,0.0,0.0,0.0,1045.5,0.0
0,965000,VOLCANIC_ROCK_VOUCHER_9500,1047.0,11.0,0.0,0.0,0.0,0.0,1048,11,0.0,0.0,0.0,0.0,1047.5,0.0
0,965100,VOLCANIC_ROCK_VOUCHER_9500,1047.0,15.0,0.0,0.0,0.0,0.0,1048,15,0.0,0.0,0.0,0.0,1047.5,0.0
0,965200,VOLCANIC_ROCK_VOUCHER_9500,1047.0,20.0,0.0,0.0,0.0,0.0,1048,20,0.0,0.0,0.0,0.0,1047.5,0.0
0,965300,VOLCANIC_ROCK_VOUCHER_9500,1044.0,16.0,0.0,0.0,0.0,0.0,1046,16,0.0,0.0,0.0,0.0,1045.0,0.0
0,965400,VOLCANIC_ROCK_VOUCHER_9500,1045.0,14.0,0.0,0.0,0.0,0.0,1046,14,0.0,0.0,0.0,0.0,1045.5,0.0
0,965500,VOLCANIC_ROCK_VOUCHER_9500,1046.0,10.0,0.0,0.0,0.0,0.0,1047,10,0.0,0.0,0.0,0.0,1046.5,0.0
0,965600,VOLCANIC_ROCK_VOUCHER_9500,1046.0,15.0,0.0,0.0,0.0,0.0,1047,15,0.0,0.0,0.0,0.0,1046.5,0.0
0,965700,VOLCANIC_ROCK_VOUCHER_9500,1046.0,17.0,0.0,0.0,0.0,0.0,1047,17,0.0,0.0,0.0,0.0,1046.5,0.0
0,965800,VOLCANIC_ROCK_VOUCHER_9500,1046.0,18.0,0.0,0.0,0.0,0.0,1047,18,0.0,0.0,0.0,0.0,1046.5,0.0
0,965900,VOLCANIC_ROCK_VOUCHER_9500,1046.0,19.0,0.0,0.0,0.0,0.0,1047,19,0.0,0.0,0.0,0.0,1046.5,0.0
0,966000,VOLCANIC_ROCK_VOUCHER_9500,1045.0,20.0,0.0,0.0,0.0,0.0,1046,20,0.0,0.0,0.0,0.0,1045.5,0.0
0,966100,VOLCANIC_ROCK_VOUCHER_9500,1046.0,16.0,0.0,0.0,0.0,0.0,1047,16,0.0,0.0,0.0,0.0,1046.5,0.0
0,966200,VOLCANIC_ROCK_VOUCHER_9500,1047.0,22.0,0.0,0.0,0.0,0.0,1048,22,0.0,0.0,0.0,0.0,1047.5,0.0
0,966300,VOLCANIC_ROCK_VOUCHER_9500,1048.0,19.0,0.0,0.0,0.0,0.0,1050,19,0.0,0.0,0.0,0.0,1049.0,0.0
0,966400,VOLCANIC_ROCK_VOUCHER_9500,1049.0,19.0,0.0,0.0,0.0,0.0,1050,19,0.0,0.0,0.0,0.0,1049.5,0.0
0,966500,VOLCANIC_ROCK_VOUCHER_9500,1049.0,19.0,0.0,0.0,0.0,0.0,1050,19,0.0,0.0,0.0,0.0,1049.5,0.0
0,966600,VOLCANIC_ROCK_VOUCHER_9500,1050.0,18.0,0.0,0.0,0.0,0.0,1052,18,0.0,0.0,0.0,0.0,1051.0,0.0
0,966700,VOLCANIC_ROCK_VOUCHER_9500,1052.0,16.0,0.0,0.0,0.0,0.0,1053,16,0.0,0.0,0.0,0.0,1052.5,0.0
0,966800,VOLCANIC_ROCK_VOUCHER_9500,1051.0,11.0,0.0,0.0,0.0,0.0,1052,11,0.0,0.0,0.0,0.0,1051.5,0.0
0,966900,VOLCANIC_ROCK_VOUCHER_9500,1050.0,16.0,0.0,0.0,0.0,0.0,1051,16,0.0,0.0,0.0,0.0,1050.5,0.0
0,967000,VOLCANIC_ROCK_VOUCHER_9500,1048.0,16.0,0.0,0.0,0.0,0.0,1049,16,0.0,0.0,0.0,0.0,1048.5,0.0
0,967100,VOLCANIC_ROCK_VOUCHER_9500,1043.0,12.0,0.0,0.0,0.0,0.0,1045,12,0.0,0.0,0.0,0.0,1044.0,0.0
0,967200,VOLCANIC_ROCK_VOUCHER_9500,1044.0,18.0,0.0,0.0,0.0,0.0,1045,18,0.0,0.0,0.0,0.0,1044.5,0.0
0,967300,VOLCANIC_ROCK_VOUCHER_9500,1044.0,12.0,0.0,0.0,0.0,0.0,1045,12,0.0,0.0,0.0,0.0,1044.5,0.0
0,967400,VOLCANIC_ROCK_VOUCHER_9500,1047.0,11.0,0.0,0.0,0.0,0.0,1048,11,0.0,0.0,0.0,0.0,1047.5,0.0
0,967500,VOLCANIC_ROCK_VOUCHER_9500,1048.0,17.0,0.0,0.0,0.0,0.0,1049,17,0.0,0.0,0.0,0.0,1048.5,0.0
0,967600,VOLCANIC_ROCK_VOUCHER_9500,1048.0,8.0,0.0,0.0,0.0,0.0,1049,21,0.0,0.0,0.0,0.0,1048.5,0.0
0,967700,VOLCANIC_ROCK_VOUCHER_9500,1046.0,12.0,0.0,0.0,0.0,0.0,1048,12,0.0,0.0,0.0,0.0,1047.0,0.0
0,967800,VOLCANIC_ROCK_VOUCHER_9500,1048.0,19.0,0.0,0.0,0.0,0.0,1049,19,0.0,0.0,0.0,0.0,1048.5,0.0
0,967900,VOLCANIC_ROCK_VOUCHER_9500,1047.0,19.0,0.0,0.0,0.0,0.0,1048,19,0.0,0.0,0.0,0.0,1047.5,0.0
0,968000,VOLCANIC_ROCK_VOUCHER_9500,1047.0,21.0,0.0,0.0,0.0,0.0,1048,21,0.0,0.0,0.0,0.0,1047.5,0.0
0,968100,VOLCANIC_ROCK_VOUCHER_9500,1048.0,19.0,0.0,0.0,0.0,0.0,1049,19,0.0,0.0,0.0,0.0,1048.5,0.0
0,968200,VOLCANIC_ROCK_VOUCHER_9500,1050.0,17.0,0.0,0.0,0.0,0.0,1051,17,0.0,0.0,0.0,0.0,1050.5,0.0
0,968300,VOLCANIC_ROCK_VOUCHER_9500,1046.0,14.0,0.0,0.0,0.0,0.0,1047,14,0.0,0.0,0.0,0.0,1046.5,0.0
0,968400,VOLCANIC_ROCK_VOUCHER_9500,1046.0,17.0,0.0,0.0,0.0,0.0,1047,17,0.0,0.0,0.0,0.0,1046.5,0.0
0,968500,VOLCANIC_ROCK_VOUCHER_9500,1044.0,8.0,0.0,0.0,0.0,0.0,1045,22,0.0,0.0,0.0,0.0,1044.5,0.0
0,968600,VOLCANIC_ROCK_VOUCHER_9500,1044.0,13.0,0.0,0.0,0.0,0.0,1045,13,0.0,0.0,0.0,0.0,1044.5,0.0
0,968700,VOLCANIC_ROCK_VOUCHER_9500,1043.0,15.0,0.0,0.0,0.0,0.0,1044,15,0.0,0.0,0.0,0.0,1043.5,0.0
0,968800,VOLCANIC_ROCK_VOUCHER_9500,1042.0,13.0,0.0,0.0,0.0,0.0,1043,13,0.0,0.0,0.0,0.0,1042.5,0.0
0,968900,VOLCANIC_ROCK_VOUCHER_9500,1042.0,1.0,0.0,0.0,0.0,0.0,1043,19,0.0,0.0,0.0,0.0,1042.5,0.0
0,969000,VOLCANIC_ROCK_VOUCHER_9500,0.0,0.0,0.0,0.0,0.0,0.0,1042,1,1043.0,16.0,0.0,0.0,1042.0,0.0
0,969100,VOLCANIC_ROCK_VOUCHER_9500,1038.0,17.0,0.0,0.0,0.0,0.0,1039,17,0.0,0.0,0.0,0.0,1038.5,0.0
0,969200,VOLCANIC_ROCK_VOUCHER_9500,1038.0,15.0,0.0,0.0,0.0,0.0,1039,15,0.0,0.0,0.0,0.0,1038.5,0.0
0,969300,VOLCANIC_ROCK_VOUCHER_9500,1038.0,6.0,0.0,0.0,0.0,0.0,1039,18,0.0,0.0,0.0,0.0,1038.5,0.0
0,969400,VOLCANIC_ROCK_VOUCHER_9500,1037.0,11.0,0.0,0.0,0.0,0.0,1038,11,0.0,0.0,0.0,0.0,1037.5,0.0
0,969500,VOLCANIC_ROCK_VOUCHER_9500,1037.0,19.0,0.0,0.0,0.0,0.0,1038,19,0.0,0.0,0.0,0.0,1037.5,0.0
0,969600,VOLCANIC_ROCK_VOUCHER_9500,1037.0,18.0,0.0,0.0,0.0,0.0,1038,18,0.0,0.0,0.0,0.0,1037.5,0.0
0,969700,VOLCANIC_ROCK_VOUCHER_9500,1040.0,11.0,0.0,0.0,0.0,0.0,1041,11,0.0,0.0,0.0,0.0,1040.5,0.0
0,969800,VOLCANIC_ROCK_VOUCHER_9500,1040.0,12.0,0.0,0.0,0.0,0.0,1041,12,0.0,0.0,0.0,0.0,1040.5,0.0
0,969900,VOLCANIC_ROCK_VOUCHER_9500,1040.0,22.0,0.0,0.0,0.0,0.0,1041,22,0.0,0.0,0.0,0.0,1040.5,0.0
0,970000,VOLCANIC_ROCK_VOUCHER_9500,1041.0,10.0,0.0,0.0,0.0,0.0,1042,10,0.0,0.0,0.0,0.0,1041.5,0.0
0,970100,VOLCANIC_ROCK_VOUCHER_9500,1041.0,19.0,0.0,0.0,0.0,0.0,1042,19,0.0,0.0,0.0,0.0,1041.5,0.0
0,970200,VOLCANIC_ROCK_VOUCHER_9500,1042.0,11.0,0.0,0.0,0.0,0.0,1043,11,0.0,0.0,0.0,0.0,1042.5,0.0
0,970300,VOLCANIC_ROCK_VOUCHER_9500,1044.0,17.0,0.0,0.0,0.0,0.0,1045,17,0.0,0.0,0.0,0.0,1044.5,0.0
0,970400,VOLCANIC_ROCK_VOUCHER_9500,1045.0,18.0,0.0,0.0,0.0,0.0,1047,18,0.0,0.0,0.0,0.0,1046.0,0.0
0,970500,VOLCANIC_ROCK_VOUCHER_9500,1045.0,14.0,0.0,0.0,0.0,0.0,1046,14,0.0,0.0,0.0,0.0,1045.5,0.0
0,970600,VOLCANIC_ROCK_VOUCHER_9500,1045.0,4.0,0.0,0.0,0.0,0.0,1046,17,0.0,0.0,0.0,0.0,1045.5,0.0
0,970700,VOLCANIC_ROCK_VOUCHER_9500,1047.0,15.0,0.0,0.0,0.0,0.0,1048,15,0.0,0.0,0.0,0.0,1047.5,0.0
0,970800,VOLCANIC_ROCK_VOUCHER_9500,1047.0,14.0,0.0,0.0,0.0,0.0,1048,14,0.0,0.0,0.0,0.0,1047.5,0.0
0,970900,VOLCANIC_ROCK_VOUCHER_9500,0.0,0.0,0.0,0.0,0.0,0.0,1047,4,1048.0,13.0,0.0,0.0,1047.0,0.0
0,971000,VOLCANIC_ROCK_VOUCHER_9500,1050.0,13.0,0.0,0.0,0.0,0.0,1051,13,0.0,0.0,0.0,0.0,1050.5,0.0
0,971100,VOLCANIC_ROCK_VOUCHER_9500,1052.0,22.0,0.0,0.0,0.0,0.0,1053,22,0.0,0.0,0.0,0.0,1052.5,0.0
0,971200,VOLCANIC_ROCK_VOUCHER_9500,1051.0,19.0,0.0,0.0,0.0,0.0,1052,19,0.0,0.0,0.0,0.0,1051.5,0.0
0,971300,VOLCANIC_ROCK_VOUCHER_9500,1051.0,26.0,0.0,0.0,0.0,0.0,1052,11,0.0,0.0,0.0,0.0,1051.5,0.0
0,971400,VOLCANIC_ROCK_VOUCHER_9500,1049.0,25.0,0.0,0.0,0.0,0.0,1050,15,0.0,0.0,0.0,0.0,1049.5,0.0
0,971500,VOLCANIC_ROCK_VOUCHER_9500,1048.0,15.0,0.0,0.0,0.0,0.0,1049,15,0.0,0.0,0.0,0.0,1048.5,0.0
0,971600,VOLCANIC_ROCK_VOUCHER_9500,1048.0,16.0,0.0,0.0,0.0,0.0,1049,16,0.0,0.0,0.0,0.0,1048.5,0.0
0,971700,VOLCANIC_ROCK_VOUCHER_9500,1048.0,18.0,0.0,0.0,0.0,0.0,1049,18,0.0,0.0,0.0,0.0,1048.5,0.0
0,971800,VOLCANIC_ROCK_VOUCHER_9500,1047.0,32.0,0.0,0.0,0.0,0.0,1048,20,0.0,0.0,0.0,0.0,1047.5,0.0
0,971900,VOLCANIC_ROCK_VOUCHER_9500,1045.0,13.0,1044.0,11.0,0.0,0.0,1046,11,0.0,0.0,0.0,0.0,1045.5,0.0
0,972000,VOLCANIC_ROCK_VOUCHER_9500,1045.0,22.0,0.0,0.0,0.0,0.0,1047,22,0.0,0.0,0.0,0.0,1046.0,0.0
0,972100,VOLCANIC_ROCK_VOUCHER_9500,1043.0,15.0,0.0,0.0,0.0,0.0,1044,1,1045.0,14.0,0.0,0.0,1043.5,0.0
0,972200,VOLCANIC_ROCK_VOUCHER_9500,1043.0,17.0,0.0,0.0,0.0,0.0,1044,17,0.0,0.0,0.0,0.0,1043.5,0.0
0,972300,VOLCANIC_ROCK_VOUCHER_9500,0.0,0.0,0.0,0.0,0.0,0.0,1044,4,1045.0,16.0,0.0,0.0,1044.0,0.0
0,972400,VOLCANIC_ROCK_VOUCHER_9500,1045.0,12.0,0.0,0.0,0.0,0.0,1047,12,0.0,0.0,0.0,0.0,1046.0,0.0
0,972500,VOLCANIC_ROCK_VOUCHER_9500,1048.0,4.0,0.0,0.0,0.0,0.0,1049,19,0.0,0.0,0.0,0.0,1048.5,0.0
0,972600,VOLCANIC_ROCK_VOUCHER_9500,1048.0,14.0,0.0,0.0,0.0,0.0,1049,14,0.0,0.0,0.0,0.0,1048.5,0.0
0,972700,VOLCANIC_ROCK_VOUCHER_9500,1050.0,12.0,0.0,0.0,0.0,0.0,1051,12,0.0,0.0,0.0,0.0,1050.5,0.0
0,972800,VOLCANIC_ROCK_VOUCHER_9500,1050.0,14.0,0.0,0.0,0.0,0.0,1051,14,0.0,0.0,0.0,0.0,1050.5,0.0
0,972900,VOLCANIC_ROCK_VOUCHER_9500,1048.0,18.0,0.0,0.0,0.0,0.0,1049,18,0.0,0.0,0.0,0.0,1048.5,0.0
0,973000,VOLCANIC_ROCK_VOUCHER_9500,1048.0,19.0,0.0,0.0,0.0,0.0,1050,19,0.0,0.0,0.0,0.0,1049.0,0.0
0,973100,VOLCANIC_ROCK_VOUCHER_9500,1051.0,13.0,0.0,0.0,0.0,0.0,1052,13,0.0,0.0,0.0,0.0,1051.5,0.0
0,973200,VOLCANIC_ROCK_VOUCHER_9500,1051.0,19.0,0.0,0.0,0.0,0.0,1052,19,0.0,0.0,0.0,0.0,1051.5,0.0
0,973300,VOLCANIC_ROCK_VOUCHER_9500,1051.0,18.0,0.0,0.0,0.0,0.0,1052,18,0.0,0.0,0.0,0.0,1051.5,0.0
0,973400,VOLCANIC_ROCK_VOUCHER_9500,1051.0,20.0,0.0,0.0,0.0,0.0,1052,20,0.0,0.0,0.0,0.0,1051.5,0.0
0,973500,VOLCANIC_ROCK_VOUCHER_9500,1051.0,12.0,0.0,0.0,0.0,0.0,1052,12,0.0,0.0,0.0,0.0,1051.5,0.0
0,973600,VOLCANIC_ROCK_VOUCHER_9500,1051.0,17.0,0.0,0.0,0.0,0.0,1052,17,0.0,0.0,0.0,0.0,1051.5,0.0
0,973700,VOLCANIC_ROCK_VOUCHER_9500,1049.0,21.0,0.0,0.0,0.0,0.0,1050,21,0.0,0.0,0.0,0.0,1049.5,0.0
0,973800,VOLCANIC_ROCK_VOUCHER_9500,1049.0,21.0,0.0,0.0,0.0,0.0,1050,21,0.0,0.0,0.0,0.0,1049.5,0.0
0,973900,VOLCANIC_ROCK_VOUCHER_9500,1048.0,18.0,0.0,0.0,0.0,0.0,1050,18,0.0,0.0,0.0,0.0,1049.0,0.0
0,974000,VOLCANIC_ROCK_VOUCHER_9500,1048.0,12.0,0.0,0.0,0.0,0.0,1049,12,0.0,0.0,0.0,0.0,1048.5,0.0
0,974100,VOLCANIC_ROCK_VOUCHER_9500,1044.0,0.0,0.0,0.0,0.0,0.0,1045,18,0.0,0.0,0.0,0.0,1044.5,0.0
0,974200,VOLCANIC_ROCK_VOUCHER_9500,1044.0,16.0,0.0,0.0,0.0,0.0,1045,16,0.0,0.0,0.0,0.0,1044.5,0.0
0,974300,VOLCANIC_ROCK_VOUCHER_9500,1047.0,15.0,0.0,0.0,0.0,0.0,1048,15,0.0,0.0,0.0,0.0,1047.5,0.0
0,974400,VOLCANIC_ROCK_VOUCHER_9500,1046.0,18.0,0.0,0.0,0.0,0.0,1047,18,0.0,0.0,0.0,0.0,1046.5,0.0
0,974500,VOLCANIC_ROCK_VOUCHER_9500,1045.0,13.0,0.0,0.0,0.0,0.0,1046,13,0.0,0.0,0.0,0.0,1045.5,0.0
0,974600,VOLCANIC_ROCK_VOUCHER_9500,1043.0,32.0,0.0,0.0,0.0,0.0,1044,12,0.0,0.0,0.0,0.0,1043.5,0.0
0,974700,VOLCANIC_ROCK_VOUCHER_9500,1043.0,16.0,0.0,0.0,0.0,0.0,1044,16,0.0,0.0,0.0,0.0,1043.5,0.0
0,974800,VOLCANIC_ROCK_VOUCHER_9500,1042.0,37.0,0.0,0.0,0.0,0.0,1043,19,0.0,0.0,0.0,0.0,1042.5,0.0
0,974900,VOLCANIC_ROCK_VOUCHER_9500,1038.0,13.0,0.0,0.0,0.0,0.0,1040,13,0.0,0.0,0.0,0.0,1039.0,0.0
0,975000,VOLCANIC_ROCK_VOUCHER_9500,1036.0,15.0,0.0,0.0,0.0,0.0,1038,15,0.0,0.0,0.0,0.0,1037.0,0.0
0,975100,VOLCANIC_ROCK_VOUCHER_9500,1033.0,14.0,0.0,0.0,0.0,0.0,1034,14,0.0,0.0,0.0,0.0,1033.5,0.0
0,975200,VOLCANIC_ROCK_VOUCHER_9500,1031.0,20.0,0.0,0.0,0.0,0.0,1032,20,0.0,0.0,0.0,0.0,1031.5,0.0
0,975300,VOLCANIC_ROCK_VOUCHER_9500,1033.0,21.0,0.0,0.0,0.0,0.0,1034,21,0.0,0.0,0.0,0.0,1033.5,0.0
0,975400,VOLCANIC_ROCK_VOUCHER_9500,1032.0,13.0,0.0,0.0,0.0,0.0,1033,13,0.0,0.0,0.0,0.0,1032.5,0.0
0,975500,VOLCANIC_ROCK_VOUCHER_9500,1033.0,21.0,0.0,0.0,0.0,0.0,1035,21,0.0,0.0,0.0,0.0,1034.0,0.0
0,975600,VOLCANIC_ROCK_VOUCHER_9500,1035.0,14.0,0.0,0.0,0.0,0.0,1036,14,0.0,0.0,0.0,0.0,1035.5,0.0
0,975700,VOLCANIC_ROCK_VOUCHER_9500,1036.0,10.0,0.0,0.0,0.0,0.0,1037,10,0.0,0.0,0.0,0.0,1036.5,0.0
0,975800,VOLCANIC_ROCK_VOUCHER_9500,1035.0,18.0,0.0,0.0,0.0,0.0,1037,18,0.0,0.0,0.0,0.0,1036.0,0.0
0,975900,VOLCANIC_ROCK_VOUCHER_9500,1035.0,20.0,0.0,0.0,0.0,0.0,1036,20,0.0,0.0,0.0,0.0,1035.5,0.0
0,976000,VOLCANIC_ROCK_VOUCHER_9500,1040.0,20.0,0.0,0.0,0.0,0.0,1041,20,0.0,0.0,0.0,0.0,1040.5,0.0
0,976100,VOLCANIC_ROCK_VOUCHER_9500,1040.0,13.0,0.0,0.0,0.0,0.0,1042,13,0.0,0.0,0.0,0.0,1041.0,0.0
0,976200,VOLCANIC_ROCK_VOUCHER_9500,1043.0,13.0,0.0,0.0,0.0,0.0,1044,13,0.0,0.0,0.0,0.0,1043.5,0.0
0,976300,VOLCANIC_ROCK_VOUCHER_9500,1047.0,11.0,0.0,0.0,0.0,0.0,1048,11,0.0,0.0,0.0,0.0,1047.5,0.0
0,976400,VOLCANIC_ROCK_VOUCHER_9500,1045.0,12.0,0.0,0.0,0.0,0.0,1046,12,0.0,0.0,0.0,0.0,1045.5,0.0
0,976500,VOLCANIC_ROCK_VOUCHER_9500,1047.0,18.0,0.0,0.0,0.0,0.0,1048,18,0.0,0.0,0.0,0.0,1047.5,0.0
0,976600,VOLCANIC_ROCK_VOUCHER_9500,1041.0,11.0,0.0,0.0,0.0,0.0,1042,11,0.0,0.0,0.0,0.0,1041.5,0.0
0,976700,VOLCANIC_ROCK_VOUCHER_9500,1042.0,12.0,0.0,0.0,0.0,0.0,1043,12,0.0,0.0,0.0,0.0,1042.5,0.0
0,976800,VOLCANIC_ROCK_VOUCHER_9500,0.0,0.0,0.0,0.0,0.0,0.0,1042,3,1043.0,12.0,0.0,0.0,1042.0,0.0
0,976900,VOLCANIC_ROCK_VOUCHER_9500,1043.0,13.0,0.0,0.0,0.0,0.0,1044,13,0.0,0.0,0.0,0.0,1043.5,0.0
0,977000,VOLCANIC_ROCK_VOUCHER_9500,1042.0,18.0,0.0,0.0,0.0,0.0,1043,18,0.0,0.0,0.0,0.0,1042.5,0.0
0,977100,VOLCANIC_ROCK_VOUCHER_9500,1042.0,16.0,0.0,0.0,0.0,0.0,1043,16,0.0,0.0,0.0,0.0,1042.5,0.0
0,977200,VOLCANIC_ROCK_VOUCHER_9500,1043.0,13.0,0.0,0.0,0.0,0.0,1044,13,0.0,0.0,0.0,0.0,1043.5,0.0
0,977300,VOLCANIC_ROCK_VOUCHER_9500,1044.0,20.0,0.0,0.0,0.0,0.0,1046,20,0.0,0.0,0.0,0.0,1045.0,0.0
0,977400,VOLCANIC_ROCK_VOUCHER_9500,1039.0,17.0,0.0,0.0,0.0,0.0,1040,17,0.0,0.0,0.0,0.0,1039.5,0.0
0,977500,VOLCANIC_ROCK_VOUCHER_9500,1039.0,18.0,0.0,0.0,0.0,0.0,1040,18,0.0,0.0,0.0,0.0,1039.5,0.0
0,977600,VOLCANIC_ROCK_VOUCHER_9500,1038.0,17.0,0.0,0.0,0.0,0.0,1039,17,0.0,0.0,0.0,0.0,1038.5,0.0
0,977700,VOLCANIC_ROCK_VOUCHER_9500,1038.0,15.0,0.0,0.0,0.0,0.0,1040,15,0.0,0.0,0.0,0.0,1039.0,0.0
0,977800,VOLCANIC_ROCK_VOUCHER_9500,1038.0,11.0,0.0,0.0,0.0,0.0,1039,11,0.0,0.0,0.0,0.0,1038.5,0.0
0,977900,VOLCANIC_ROCK_VOUCHER_9500,1035.0,0.0,0.0,0.0,0.0,0.0,1036,13,0.0,0.0,0.0,0.0,1035.5,0.0
0,978000,VOLCANIC_ROCK_VOUCHER_9500,1038.0,29.0,0.0,0.0,0.0,0.0,1039,11,0.0,0.0,0.0,0.0,1038.5,0.0
0,978100,VOLCANIC_ROCK_VOUCHER_9500,1038.0,34.0,0.0,0.0,0.0,0.0,1039,15,0.0,0.0,0.0,0.0,1038.5,0.0
0,978200,VOLCANIC_ROCK_VOUCHER_9500,1036.0,20.0,0.0,0.0,0.0,0.0,1037,20,0.0,0.0,0.0,0.0,1036.5,0.0
0,978300,VOLCANIC_ROCK_VOUCHER_9500,1036.0,20.0,0.0,0.0,0.0,0.0,1037,20,0.0,0.0,0.0,0.0,1036.5,0.0
0,978400,VOLCANIC_ROCK_VOUCHER_9500,1036.0,20.0,0.0,0.0,0.0,0.0,1037,20,0.0,0.0,0.0,0.0,1036.5,0.0
0,978500,VOLCANIC_ROCK_VOUCHER_9500,1038.0,12.0,0.0,0.0,0.0,0.0,1039,12,0.0,0.0,0.0,0.0,1038.5,0.0
0,978600,VOLCANIC_ROCK_VOUCHER_9500,1036.0,12.0,0.0,0.0,0.0,0.0,1037,12,0.0,0.0,0.0,0.0,1036.5,0.0
0,978700,VOLCANIC_ROCK_VOUCHER_9500,1036.0,12.0,0.0,0.0,0.0,0.0,1037,12,0.0,0.0,0.0,0.0,1036.5,0.0
0,978800,VOLCANIC_ROCK_VOUCHER_9500,1036.0,13.0,0.0,0.0,0.0,0.0,1037,13,0.0,0.0,0.0,0.0,1036.5,0.0
0,978900,VOLCANIC_ROCK_VOUCHER_9500,1036.0,17.0,0.0,0.0,0.0,0.0,1037,17,0.0,0.0,0.0,0.0,1036.5,0.0
0,979000,VOLCANIC_ROCK_VOUCHER_9500,1035.0,21.0,0.0,0.0,0.0,0.0,1036,21,0.0,0.0,0.0,0.0,1035.5,0.0
0,979100,VOLCANIC_ROCK_VOUCHER_9500,1030.0,15.0,0.0,0.0,0.0,0.0,1031,15,0.0,0.0,0.0,0.0,1030.5,0.0
0,979200,VOLCANIC_ROCK_VOUCHER_9500,1026.0,17.0,0.0,0.0,0.0,0.0,1027,17,0.0,0.0,0.0,0.0,1026.5,0.0
0,979300,VOLCANIC_ROCK_VOUCHER_9500,1027.0,10.0,0.0,0.0,0.0,0.0,1028,10,0.0,0.0,0.0,0.0,1027.5,0.0
0,979400,VOLCANIC_ROCK_VOUCHER_9500,1027.0,20.0,0.0,0.0,0.0,0.0,1028,20,0.0,0.0,0.0,0.0,1027.5,0.0
0,979500,VOLCANIC_ROCK_VOUCHER_9500,1026.0,17.0,0.0,0.0,0.0,0.0,1027,17,0.0,0.0,0.0,0.0,1026.5,0.0
0,979600,VOLCANIC_ROCK_VOUCHER_9500,1026.0,14.0,0.0,0.0,0.0,0.0,1028,14,0.0,0.0,0.0,0.0,1027.0,0.0
0,979700,VOLCANIC_ROCK_VOUCHER_9500,1026.0,4.0,0.0,0.0,0.0,0.0,1027,16,0.0,0.0,0.0,0.0,1026.5,0.0
0,979800,VOLCANIC_ROCK_VOUCHER_9500,1026.0,18.0,0.0,0.0,0.0,0.0,1027,18,0.0,0.0,0.0,0.0,1026.5,0.0
0,979900,VOLCANIC_ROCK_VOUCHER_9500,1027.0,11.0,0.0,0.0,0.0,0.0,1028,11,0.0,0.0,0.0,0.0,1027.5,0.0
0,980000,VOLCANIC_ROCK_VOUCHER_9500,1028.0,13.0,0.0,0.0,0.0,0.0,1029,13,0.0,0.0,0.0,0.0,1028.5,0.0
0,980100,VOLCANIC_ROCK_VOUCHER_9500,1030.0,14.0,0.0,0.0,0.0,0.0,1031,14,0.0,0.0,0.0,0.0,1030.5,0.0
0,980200,VOLCANIC_ROCK_VOUCHER_9500,1028.0,18.0,0.0,0.0,0.0,0.0,1029,18,0.0,0.0,0.0,0.0,1028.5,0.0
0,980300,VOLCANIC_ROCK_VOUCHER_9500,1026.0,13.0,0.0,0.0,0.0,0.0,1027,13,0.0,0.0,0.0,0.0,1026.5,0.0
0,980400,VOLCANIC_ROCK_VOUCHER_9500,1025.0,21.0,0.0,0.0,0.0,0.0,1026,21,0.0,0.0,0.0,0.0,1025.5,0.0
0,980500,VOLCANIC_ROCK_VOUCHER_9500,1024.0,15.0,0.0,0.0,0.0,0.0,1025,15,0.0,0.0,0.0,0.0,1024.5,0.0
0,980600,VOLCANIC_ROCK_VOUCHER_9500,1022.0,17.0,0.0,0.0,0.0,0.0,1023,17,0.0,0.0,0.0,0.0,1022.5,0.0
0,980700,VOLCANIC_ROCK_VOUCHER_9500,1022.0,1.0,0.0,0.0,0.0,0.0,1023,13,0.0,0.0,0.0,0.0,1022.5,0.0
0,980800,VOLCANIC_ROCK_VOUCHER_9500,1021.0,20.0,0.0,0.0,0.0,0.0,1022,20,0.0,0.0,0.0,0.0,1021.5,0.0
0,980900,VOLCANIC_ROCK_VOUCHER_9500,1020.0,15.0,0.0,0.0,0.0,0.0,1021,15,0.0,0.0,0.0,0.0,1020.5,0.0
0,981000,VOLCANIC_ROCK_VOUCHER_9500,0.0,0.0,0.0,0.0,0.0,0.0,1019,2,1020.0,12.0,0.0,0.0,1019.0,0.0
0,981100,VOLCANIC_ROCK_VOUCHER_9500,1020.0,21.0,0.0,0.0,0.0,0.0,1021,21,0.0,0.0,0.0,0.0,1020.5,0.0
0,981200,VOLCANIC_ROCK_VOUCHER_9500,1018.0,15.0,0.0,0.0,0.0,0.0,1019,15,0.0,0.0,0.0,0.0,1018.5,0.0
0,981300,VOLCANIC_ROCK_VOUCHER_9500,1019.0,10.0,0.0,0.0,0.0,0.0,1020,10,0.0,0.0,0.0,0.0,1019.5,0.0
0,981400,VOLCANIC_ROCK_VOUCHER_9500,1020.0,21.0,0.0,0.0,0.0,0.0,1021,21,0.0,0.0,0.0,0.0,1020.5,0.0
0,981500,VOLCANIC_ROCK_VOUCHER_9500,1019.0,1.0,0.0,0.0,0.0,0.0,1020,13,0.0,0.0,0.0,0.0,1019.5,0.0
0,981600,VOLCANIC_ROCK_VOUCHER_9500,1019.0,16.0,0.0,0.0,0.0,0.0,1020,16,0.0,0.0,0.0,0.0,1019.5,0.0
0,981700,VOLCANIC_ROCK_VOUCHER_9500,1019.0,12.0,0.0,0.0,0.0,0.0,1020,12,0.0,0.0,0.0,0.0,1019.5,0.0
0,981800,VOLCANIC_ROCK_VOUCHER_9500,1019.0,19.0,0.0,0.0,0.0,0.0,1020,19,0.0,0.0,0.0,0.0,1019.5,0.0
0,981900,VOLCANIC_ROCK_VOUCHER_9500,1019.0,18.0,0.0,0.0,0.0,0.0,1020,18,0.0,0.0,0.0,0.0,1019.5,0.0
0,982000,VOLCANIC_ROCK_VOUCHER_9500,1020.0,19.0,0.0,0.0,0.0,0.0,1021,19,0.0,0.0,0.0,0.0,1020.5,0.0
0,982100,VOLCANIC_ROCK_VOUCHER_9500,1020.0,15.0,0.0,0.0,0.0,0.0,1021,15,0.0,0.0,0.0,0.0,1020.5,0.0
0,982200,VOLCANIC_ROCK_VOUCHER_9500,1018.0,21.0,0.0,0.0,0.0,0.0,1020,21,0.0,0.0,0.0,0.0,1019.0,0.0
0,982300,VOLCANIC_ROCK_VOUCHER_9500,1019.0,27.0,0.0,0.0,0.0,0.0,1020,16,0.0,0.0,0.0,0.0,1019.5,0.0
0,982400,VOLCANIC_ROCK_VOUCHER_9500,1019.0,1.0,0.0,0.0,0.0,0.0,1020,12,0.0,0.0,0.0,0.0,1019.5,0.0
0,982500,VOLCANIC_ROCK_VOUCHER_9500,1018.0,19.0,0.0,0.0,0.0,0.0,1019,19,0.0,0.0,0.0,0.0,1018.5,0.0
0,982600,VOLCANIC_ROCK_VOUCHER_9500,1017.0,20.0,0.0,0.0,0.0,0.0,1018,20,0.0,0.0,0.0,0.0,1017.5,0.0
0,982700,VOLCANIC_ROCK_VOUCHER_9500,1018.0,13.0,0.0,0.0,0.0,0.0,1019,13,0.0,0.0,0.0,0.0,1018.5,0.0
0,982800,VOLCANIC_ROCK_VOUCHER_9500,1020.0,22.0,0.0,0.0,0.0,0.0,1021,22,0.0,0.0,0.0,0.0,1020.5,0.0
0,982900,VOLCANIC_ROCK_VOUCHER_9500,1022.0,18.0,0.0,0.0,0.0,0.0,1023,18,0.0,0.0,0.0,0.0,1022.5,0.0
0,983000,VOLCANIC_ROCK_VOUCHER_9500,1020.0,18.0,0.0,0.0,0.0,0.0,1021,18,0.0,0.0,0.0,0.0,1020.5,0.0
0,983100,VOLCANIC_ROCK_VOUCHER_9500,1023.0,11.0,0.0,0.0,0.0,0.0,1024,11,0.0,0.0,0.0,0.0,1023.5,0.0
0,983200,VOLCANIC_ROCK_VOUCHER_9500,1029.0,18.0,0.0,0.0,0.0,0.0,1030,18,0.0,0.0,0.0,0.0,1029.5,0.0
0,983300,VOLCANIC_ROCK_VOUCHER_9500,1026.0,12.0,0.0,0.0,0.0,0.0,1027,12,0.0,0.0,0.0,0.0,1026.5,0.0
0,983400,VOLCANIC_ROCK_VOUCHER_9500,1024.0,17.0,0.0,0.0,0.0,0.0,1025,17,0.0,0.0,0.0,0.0,1024.5,0.0
0,983500,VOLCANIC_ROCK_VOUCHER_9500,1025.0,12.0,0.0,0.0,0.0,0.0,1026,12,0.0,0.0,0.0,0.0,1025.5,0.0
0,983600,VOLCANIC_ROCK_VOUCHER_9500,1027.0,3.0,0.0,0.0,0.0,0.0,1028,14,0.0,0.0,0.0,0.0,1027.5,0.0
0,983700,VOLCANIC_ROCK_VOUCHER_9500,1027.0,28.0,0.0,0.0,0.0,0.0,1028,12,0.0,0.0,0.0,0.0,1027.5,0.0
0,983800,VOLCANIC_ROCK_VOUCHER_9500,1027.0,14.0,0.0,0.0,0.0,0.0,1028,14,0.0,0.0,0.0,0.0,1027.5,0.0
0,983900,VOLCANIC_ROCK_VOUCHER_9500,1026.0,32.0,0.0,0.0,0.0,0.0,1027,21,0.0,0.0,0.0,0.0,1026.5,0.0
0,984000,VOLCANIC_ROCK_VOUCHER_9500,1026.0,10.0,0.0,0.0,0.0,0.0,1027,10,0.0,0.0,0.0,0.0,1026.5,0.0
0,984100,VOLCANIC_ROCK_VOUCHER_9500,1027.0,16.0,0.0,0.0,0.0,0.0,1028,16,0.0,0.0,0.0,0.0,1027.5,0.0
0,984200,VOLCANIC_ROCK_VOUCHER_9500,1026.0,7.0,0.0,0.0,0.0,0.0,1027,18,0.0,0.0,0.0,0.0,1026.5,0.0
0,984300,VOLCANIC_ROCK_VOUCHER_9500,1025.0,14.0,0.0,0.0,0.0,0.0,1026,14,0.0,0.0,0.0,0.0,1025.5,0.0
0,984400,VOLCANIC_ROCK_VOUCHER_9500,1026.0,16.0,0.0,0.0,0.0,0.0,1027,16,0.0,0.0,0.0,0.0,1026.5,0.0
0,984500,VOLCANIC_ROCK_VOUCHER_9500,1026.0,15.0,0.0,0.0,0.0,0.0,1027,15,0.0,0.0,0.0,0.0,1026.5,0.0
0,984600,VOLCANIC_ROCK_VOUCHER_9500,1022.0,14.0,0.0,0.0,0.0,0.0,1023,14,0.0,0.0,0.0,0.0,1022.5,0.0
0,984700,VOLCANIC_ROCK_VOUCHER_9500,1021.0,5.0,0.0,0.0,0.0,0.0,1022,12,0.0,0.0,0.0,0.0,1021.5,0.0
0,984800,VOLCANIC_ROCK_VOUCHER_9500,1020.0,13.0,0.0,0.0,0.0,0.0,1022,13,0.0,0.0,0.0,0.0,1021.0,0.0
0,984900,VOLCANIC_ROCK_VOUCHER_9500,1021.0,26.0,0.0,0.0,0.0,0.0,1022,14,0.0,0.0,0.0,0.0,1021.5,0.0
0,985000,VOLCANIC_ROCK_VOUCHER_9500,1021.0,17.0,0.0,0.0,0.0,0.0,1022,17,0.0,0.0,0.0,0.0,1021.5,0.0
0,985100,VOLCANIC_ROCK_VOUCHER_9500,1021.0,12.0,0.0,0.0,0.0,0.0,1022,12,0.0,0.0,0.0,0.0,1021.5,0.0
0,985200,VOLCANIC_ROCK_VOUCHER_9500,1022.0,34.0,0.0,0.0,0.0,0.0,1023,18,0.0,0.0,0.0,0.0,1022.5,0.0
0,985300,VOLCANIC_ROCK_VOUCHER_9500,1021.0,18.0,0.0,0.0,0.0,0.0,1022,18,0.0,0.0,0.0,0.0,1021.5,0.0
0,985400,VOLCANIC_ROCK_VOUCHER_9500,1020.0,10.0,0.0,0.0,0.0,0.0,1022,10,0.0,0.0,0.0,0.0,1021.0,0.0
0,985500,VOLCANIC_ROCK_VOUCHER_9500,1021.0,17.0,0.0,0.0,0.0,0.0,1022,17,0.0,0.0,0.0,0.0,1021.5,0.0
0,985600,VOLCANIC_ROCK_VOUCHER_9500,1024.0,17.0,0.0,0.0,0.0,0.0,1025,17,0.0,0.0,0.0,0.0,1024.5,0.0
0,985700,VOLCANIC_ROCK_VOUCHER_9500,1022.0,21.0,0.0,0.0,0.0,0.0,1023,21,0.0,0.0,0.0,0.0,1022.5,0.0
0,985800,VOLCANIC_ROCK_VOUCHER_9500,1023.0,19.0,1022.0,19.0,0.0,0.0,1024,19,0.0,0.0,0.0,0.0,1023.5,0.0
0,985900,VOLCANIC_ROCK_VOUCHER_9500,1023.0,15.0,0.0,0.0,0.0,0.0,1024,15,0.0,0.0,0.0,0.0,1023.5,0.0
0,986000,VOLCANIC_ROCK_VOUCHER_9500,1024.0,12.0,0.0,0.0,0.0,0.0,1025,12,0.0,0.0,0.0,0.0,1024.5,0.0
0,986100,VOLCANIC_ROCK_VOUCHER_9500,0.0,0.0,0.0,0.0,0.0,0.0,1022,5,1023.0,13.0,0.0,0.0,1022.0,0.0
0,986200,VOLCANIC_ROCK_VOUCHER_9500,1023.0,20.0,0.0,0.0,0.0,0.0,1025,20,0.0,0.0,0.0,0.0,1024.0,0.0
0,986300,VOLCANIC_ROCK_VOUCHER_9500,1027.0,19.0,0.0,0.0,0.0,0.0,1029,19,0.0,0.0,0.0,0.0,1028.0,0.0
0,986400,VOLCANIC_ROCK_VOUCHER_9500,1024.0,13.0,0.0,0.0,0.0,0.0,1025,13,0.0,0.0,0.0,0.0,1024.5,0.0
0,986500,VOLCANIC_ROCK_VOUCHER_9500,1025.0,13.0,0.0,0.0,0.0,0.0,1026,13,0.0,0.0,0.0,0.0,1025.5,0.0
0,986600,VOLCANIC_ROCK_VOUCHER_9500,1024.0,21.0,0.0,0.0,0.0,0.0,1025,21,0.0,0.0,0.0,0.0,1024.5,0.0
0,986700,VOLCANIC_ROCK_VOUCHER_9500,1024.0,13.0,0.0,0.0,0.0,0.0,1025,13,0.0,0.0,0.0,0.0,1024.5,0.0
0,986800,VOLCANIC_ROCK_VOUCHER_9500,1023.0,20.0,0.0,0.0,0.0,0.0,1024,20,0.0,0.0,0.0,0.0,1023.5,0.0
0,986900,VOLCANIC_ROCK_VOUCHER_9500,1022.0,13.0,0.0,0.0,0.0,0.0,1023,13,0.0,0.0,0.0,0.0,1022.5,0.0
0,987000,VOLCANIC_ROCK_VOUCHER_9500,1022.0,11.0,0.0,0.0,0.0,0.0,1024,18,0.0,0.0,0.0,0.0,1023.0,0.0
0,987100,VOLCANIC_ROCK_VOUCHER_9500,1019.0,19.0,0.0,0.0,0.0,0.0,1020,19,0.0,0.0,0.0,0.0,1019.5,0.0
0,987200,VOLCANIC_ROCK_VOUCHER_9500,1021.0,14.0,0.0,0.0,0.0,0.0,1022,14,0.0,0.0,0.0,0.0,1021.5,0.0
0,987300,VOLCANIC_ROCK_VOUCHER_9500,1021.0,12.0,0.0,0.0,0.0,0.0,1022,12,0.0,0.0,0.0,0.0,1021.5,0.0
0,987400,VOLCANIC_ROCK_VOUCHER_9500,1021.0,12.0,0.0,0.0,0.0,0.0,1022,12,0.0,0.0,0.0,0.0,1021.5,0.0
0,987500,VOLCANIC_ROCK_VOUCHER_9500,1021.0,12.0,0.0,0.0,0.0,0.0,1022,12,0.0,0.0,0.0,0.0,1021.5,0.0
0,987600,VOLCANIC_ROCK_VOUCHER_9500,1021.0,14.0,0.0,0.0,0.0,0.0,1023,14,0.0,0.0,0.0,0.0,1022.0,0.0
0,987700,VOLCANIC_ROCK_VOUCHER_9500,1024.0,11.0,0.0,0.0,0.0,0.0,1025,11,0.0,0.0,0.0,0.0,1024.5,0.0
0,987800,VOLCANIC_ROCK_VOUCHER_9500,1025.0,11.0,0.0,0.0,0.0,0.0,1026,11,0.0,0.0,0.0,0.0,1025.5,0.0
0,987900,VOLCANIC_ROCK_VOUCHER_9500,1025.0,13.0,0.0,0.0,0.0,0.0,1026,13,0.0,0.0,0.0,0.0,1025.5,0.0
0,988000,VOLCANIC_ROCK_VOUCHER_9500,1026.0,12.0,0.0,0.0,0.0,0.0,1028,12,0.0,0.0,0.0,0.0,1027.0,0.0
0,988100,VOLCANIC_ROCK_VOUCHER_9500,1028.0,14.0,0.0,0.0,0.0,0.0,1029,14,0.0,0.0,0.0,0.0,1028.5,0.0
0,988200,VOLCANIC_ROCK_VOUCHER_9500,1030.0,18.0,0.0,0.0,0.0,0.0,1031,18,0.0,0.0,0.0,0.0,1030.5,0.0
0,988300,VOLCANIC_ROCK_VOUCHER_9500,1031.0,16.0,0.0,0.0,0.0,0.0,1032,16,0.0,0.0,0.0,0.0,1031.5,0.0
0,988400,VOLCANIC_ROCK_VOUCHER_9500,1033.0,20.0,0.0,0.0,0.0,0.0,1034,20,0.0,0.0,0.0,0.0,1033.5,0.0
0,988500,VOLCANIC_ROCK_VOUCHER_9500,1030.0,21.0,0.0,0.0,0.0,0.0,1031,21,0.0,0.0,0.0,0.0,1030.5,0.0
0,988600,VOLCANIC_ROCK_VOUCHER_9500,1031.0,13.0,0.0,0.0,0.0,0.0,1032,13,0.0,0.0,0.0,0.0,1031.5,0.0
0,988700,VOLCANIC_ROCK_VOUCHER_9500,1033.0,11.0,0.0,0.0,0.0,0.0,1034,11,0.0,0.0,0.0,0.0,1033.5,0.0
0,988800,VOLCANIC_ROCK_VOUCHER_9500,1035.0,11.0,0.0,0.0,0.0,0.0,1036,11,0.0,0.0,0.0,0.0,1035.5,0.0
0,988900,VOLCANIC_ROCK_VOUCHER_9500,1035.0,18.0,0.0,0.0,0.0,0.0,1037,18,0.0,0.0,0.0,0.0,1036.0,0.0
0,989000,VOLCANIC_ROCK_VOUCHER_9500,1040.0,17.0,0.0,0.0,0.0,0.0,1042,17,0.0,0.0,0.0,0.0,1041.0,0.0
0,989100,VOLCANIC_ROCK_VOUCHER_9500,1039.0,1.0,1038.0,10.0,0.0,0.0,1040,11,0.0,0.0,0.0,0.0,1039.5,0.0
0,989200,VOLCANIC_ROCK_VOUCHER_9500,1041.0,12.0,0.0,0.0,0.0,0.0,1042,12,0.0,0.0,0.0,0.0,1041.5,0.0
0,989300,VOLCANIC_ROCK_VOUCHER_9500,1041.0,18.0,0.0,0.0,0.0,0.0,1042,18,0.0,0.0,0.0,0.0,1041.5,0.0
0,989400,VOLCANIC_ROCK_VOUCHER_9500,1041.0,14.0,0.0,0.0,0.0,0.0,1042,14,0.0,0.0,0.0,0.0,1041.5,0.0
0,989500,VOLCANIC_ROCK_VOUCHER_9500,1042.0,21.0,0.0,0.0,0.0,0.0,1043,21,0.0,0.0,0.0,0.0,1042.5,0.0
0,989600,VOLCANIC_ROCK_VOUCHER_9500,1039.0,36.0,0.0,0.0,0.0,0.0,1041,20,0.0,0.0,0.0,0.0,1040.0,0.0
0,989700,VOLCANIC_ROCK_VOUCHER_9500,1042.0,18.0,0.0,0.0,0.0,0.0,1043,18,0.0,0.0,0.0,0.0,1042.5,0.0
0,989800,VOLCANIC_ROCK_VOUCHER_9500,1041.0,12.0,0.0,0.0,0.0,0.0,1042,12,0.0,0.0,0.0,0.0,1041.5,0.0
0,989900,VOLCANIC_ROCK_VOUCHER_9500,1042.0,10.0,0.0,0.0,0.0,0.0,1043,10,0.0,0.0,0.0,0.0,1042.5,0.0
0,990000,VOLCANIC_ROCK_VOUCHER_9500,1043.0,15.0,0.0,0.0,0.0,0.0,1045,15,0.0,0.0,0.0,0.0,1044.0,0.0
0,990100,VOLCANIC_ROCK_VOUCHER_9500,1043.0,17.0,0.0,0.0,0.0,0.0,1045,17,0.0,0.0,0.0,0.0,1044.0,0.0
0,990200,VOLCANIC_ROCK_VOUCHER_9500,1043.0,20.0,0.0,0.0,0.0,0.0,1044,20,0.0,0.0,0.0,0.0,1043.5,0.0
0,990300,VOLCANIC_ROCK_VOUCHER_9500,1047.0,13.0,0.0,0.0,0.0,0.0,1048,13,0.0,0.0,0.0,0.0,1047.5,0.0
0,990400,VOLCANIC_ROCK_VOUCHER_9500,1045.0,18.0,0.0,0.0,0.0,0.0,1046,18,0.0,0.0,0.0,0.0,1045.5,0.0
0,990500,VOLCANIC_ROCK_VOUCHER_9500,1050.0,11.0,0.0,0.0,0.0,0.0,1051,11,0.0,0.0,0.0,0.0,1050.5,0.0
0,990600,VOLCANIC_ROCK_VOUCHER_9500,1048.0,2.0,0.0,0.0,0.0,0.0,1049,12,0.0,0.0,0.0,0.0,1048.5,0.0
0,990700,VOLCANIC_ROCK_VOUCHER_9500,1047.0,13.0,0.0,0.0,0.0,0.0,1048,13,0.0,0.0,0.0,0.0,1047.5,0.0
0,990800,VOLCANIC_ROCK_VOUCHER_9500,1048.0,15.0,0.0,0.0,0.0,0.0,1049,15,0.0,0.0,0.0,0.0,1048.5,0.0
0,990900,VOLCANIC_ROCK_VOUCHER_9500,1051.0,17.0,0.0,0.0,0.0,0.0,1052,17,0.0,0.0,0.0,0.0,1051.5,0.0
0,991000,VOLCANIC_ROCK_VOUCHER_9500,1050.0,16.0,0.0,0.0,0.0,0.0,1051,16,0.0,0.0,0.0,0.0,1050.5,0.0
0,991100,VOLCANIC_ROCK_VOUCHER_9500,1051.0,10.0,0.0,0.0,0.0,0.0,1052,10,0.0,0.0,0.0,0.0,1051.5,0.0
0,991200,VOLCANIC_ROCK_VOUCHER_9500,1048.0,12.0,0.0,0.0,0.0,0.0,1050,12,0.0,0.0,0.0,0.0,1049.0,0.0
0,991300,VOLCANIC_ROCK_VOUCHER_9500,1052.0,34.0,0.0,0.0,0.0,0.0,1053,20,0.0,0.0,0.0,0.0,1052.5,0.0
0,991400,VOLCANIC_ROCK_VOUCHER_9500,1052.0,15.0,0.0,0.0,0.0,0.0,1053,15,0.0,0.0,0.0,0.0,1052.5,0.0
0,991500,VOLCANIC_ROCK_VOUCHER_9500,1052.0,20.0,0.0,0.0,0.0,0.0,1053,20,0.0,0.0,0.0,0.0,1052.5,0.0
0,991600,VOLCANIC_ROCK_VOUCHER_9500,1050.0,20.0,0.0,0.0,0.0,0.0,1051,20,0.0,0.0,0.0,0.0,1050.5,0.0
0,991700,VOLCANIC_ROCK_VOUCHER_9500,1050.0,14.0,0.0,0.0,0.0,0.0,1051,14,0.0,0.0,0.0,0.0,1050.5,0.0
0,991800,VOLCANIC_ROCK_VOUCHER_9500,1048.0,17.0,0.0,0.0,0.0,0.0,1050,17,0.0,0.0,0.0,0.0,1049.0,0.0
0,991900,VOLCANIC_ROCK_VOUCHER_9500,1047.0,14.0,0.0,0.0,0.0,0.0,1048,14,0.0,0.0,0.0,0.0,1047.5,0.0
0,992000,VOLCANIC_ROCK_VOUCHER_9500,1050.0,15.0,0.0,0.0,0.0,0.0,1051,20,0.0,0.0,0.0,0.0,1050.5,0.0
0,992100,VOLCANIC_ROCK_VOUCHER_9500,0.0,0.0,0.0,0.0,0.0,0.0,1049,4,1050.0,16.0,0.0,0.0,1049.0,0.0
0,992200,VOLCANIC_ROCK_VOUCHER_9500,1050.0,12.0,0.0,0.0,0.0,0.0,1051,12,0.0,0.0,0.0,0.0,1050.5,0.0
0,992300,VOLCANIC_ROCK_VOUCHER_9500,1048.0,12.0,0.0,0.0,0.0,0.0,1049,12,0.0,0.0,0.0,0.0,1048.5,0.0
0,992400,VOLCANIC_ROCK_VOUCHER_9500,1049.0,12.0,0.0,0.0,0.0,0.0,1050,12,0.0,0.0,0.0,0.0,1049.5,0.0
0,992500,VOLCANIC_ROCK_VOUCHER_9500,1046.0,18.0,0.0,0.0,0.0,0.0,1047,18,0.0,0.0,0.0,0.0,1046.5,0.0
0,992600,VOLCANIC_ROCK_VOUCHER_9500,1048.0,18.0,0.0,0.0,0.0,0.0,1049,18,0.0,0.0,0.0,0.0,1048.5,0.0
0,992700,VOLCANIC_ROCK_VOUCHER_9500,1046.0,20.0,0.0,0.0,0.0,0.0,1047,20,0.0,0.0,0.0,0.0,1046.5,0.0
0,992800,VOLCANIC_ROCK_VOUCHER_9500,1046.0,13.0,0.0,0.0,0.0,0.0,1047,13,0.0,0.0,0.0,0.0,1046.5,0.0
0,992900,VOLCANIC_ROCK_VOUCHER_9500,1045.0,19.0,0.0,0.0,0.0,0.0,1046,19,0.0,0.0,0.0,0.0,1045.5,0.0
0,993000,VOLCANIC_ROCK_VOUCHER_9500,1041.0,18.0,0.0,0.0,0.0,0.0,1042,18,0.0,0.0,0.0,0.0,1041.5,0.0
0,993100,VOLCANIC_ROCK_VOUCHER_9500,1042.0,22.0,0.0,0.0,0.0,0.0,1043,22,0.0,0.0,0.0,0.0,1042.5,0.0
0,993200,VOLCANIC_ROCK_VOUCHER_9500,1043.0,18.0,0.0,0.0,0.0,0.0,1044,18,0.0,0.0,0.0,0.0,1043.5,0.0
0,993300,VOLCANIC_ROCK_VOUCHER_9500,1042.0,34.0,0.0,0.0,0.0,0.0,1043,16,0.0,0.0,0.0,0.0,1042.5,0.0
0,993400,VOLCANIC_ROCK_VOUCHER_9500,1043.0,19.0,0.0,0.0,0.0,0.0,1045,19,0.0,0.0,0.0,0.0,1044.0,0.0
0,993500,VOLCANIC_ROCK_VOUCHER_9500,1043.0,20.0,0.0,0.0,0.0,0.0,1045,20,0.0,0.0,0.0,0.0,1044.0,0.0
0,993600,VOLCANIC_ROCK_VOUCHER_9500,1043.0,16.0,0.0,0.0,0.0,0.0,1044,16,0.0,0.0,0.0,0.0,1043.5,0.0
0,993700,VOLCANIC_ROCK_VOUCHER_9500,1045.0,27.0,0.0,0.0,0.0,0.0,1046,16,0.0,0.0,0.0,0.0,1045.5,0.0
0,993800,VOLCANIC_ROCK_VOUCHER_9500,1044.0,2.0,1043.0,18.0,0.0,0.0,1045,20,0.0,0.0,0.0,0.0,1044.5,0.0
0,993900,VOLCANIC_ROCK_VOUCHER_9500,1042.0,12.0,0.0,0.0,0.0,0.0,1044,12,0.0,0.0,0.0,0.0,1043.0,0.0
0,994000,VOLCANIC_ROCK_VOUCHER_9500,1044.0,1.0,1043.0,11.0,0.0,0.0,1045,12,0.0,0.0,0.0,0.0,1044.5,0.0
0,994100,VOLCANIC_ROCK_VOUCHER_9500,1042.0,19.0,0.0,0.0,0.0,0.0,1043,19,0.0,0.0,0.0,0.0,1042.5,0.0
0,994200,VOLCANIC_ROCK_VOUCHER_9500,1040.0,19.0,0.0,0.0,0.0,0.0,1041,19,0.0,0.0,0.0,0.0,1040.5,0.0
0,994300,VOLCANIC_ROCK_VOUCHER_9500,1040.0,12.0,0.0,0.0,0.0,0.0,1041,12,0.0,0.0,0.0,0.0,1040.5,0.0
0,994400,VOLCANIC_ROCK_VOUCHER_9500,1039.0,15.0,0.0,0.0,0.0,0.0,1041,15,0.0,0.0,0.0,0.0,1040.0,0.0
0,994500,VOLCANIC_ROCK_VOUCHER_9500,1038.0,16.0,0.0,0.0,0.0,0.0,1040,16,0.0,0.0,0.0,0.0,1039.0,0.0
0,994600,VOLCANIC_ROCK_VOUCHER_9500,1034.0,20.0,0.0,0.0,0.0,0.0,1035,20,0.0,0.0,0.0,0.0,1034.5,0.0
0,994700,VOLCANIC_ROCK_VOUCHER_9500,1038.0,13.0,0.0,0.0,0.0,0.0,1039,13,0.0,0.0,0.0,0.0,1038.5,0.0
0,994800,VOLCANIC_ROCK_VOUCHER_9500,1038.0,17.0,0.0,0.0,0.0,0.0,1039,17,0.0,0.0,0.0,0.0,1038.5,0.0
0,994900,VOLCANIC_ROCK_VOUCHER_9500,0.0,0.0,0.0,0.0,0.0,0.0,1037,16,0.0,0.0,0.0,0.0,1037.0,0.0
0,995000,VOLCANIC_ROCK_VOUCHER_9500,1036.0,13.0,0.0,0.0,0.0,0.0,1037,13,0.0,0.0,0.0,0.0,1036.5,0.0
0,995100,VOLCANIC_ROCK_VOUCHER_9500,1036.0,18.0,0.0,0.0,0.0,0.0,1037,18,0.0,0.0,0.0,0.0,1036.5,0.0
0,995200,VOLCANIC_ROCK_VOUCHER_9500,1036.0,13.0,0.0,0.0,0.0,0.0,1037,13,0.0,0.0,0.0,0.0,1036.5,0.0
0,995300,VOLCANIC_ROCK_VOUCHER_9500,1033.0,19.0,0.0,0.0,0.0,0.0,1034,19,0.0,0.0,0.0,0.0,1033.5,0.0
0,995400,VOLCANIC_ROCK_VOUCHER_9500,0.0,0.0,0.0,0.0,0.0,0.0,1030,7,1031.0,13.0,0.0,0.0,1030.0,0.0
0,995500,VOLCANIC_ROCK_VOUCHER_9500,1031.0,14.0,0.0,0.0,0.0,0.0,1032,14,0.0,0.0,0.0,0.0,1031.5,0.0
0,995600,VOLCANIC_ROCK_VOUCHER_9500,1030.0,21.0,0.0,0.0,0.0,0.0,1031,14,1032.0,21.0,0.0,0.0,1030.5,0.0
0,995700,VOLCANIC_ROCK_VOUCHER_9500,1030.0,8.0,0.0,0.0,0.0,0.0,1031,22,0.0,0.0,0.0,0.0,1030.5,0.0
0,995800,VOLCANIC_ROCK_VOUCHER_9500,1028.0,20.0,0.0,0.0,0.0,0.0,1029,20,0.0,0.0,0.0,0.0,1028.5,0.0
0,995900,VOLCANIC_ROCK_VOUCHER_9500,1027.0,21.0,0.0,0.0,0.0,0.0,1028,21,0.0,0.0,0.0,0.0,1027.5,0.0
0,996000,VOLCANIC_ROCK_VOUCHER_9500,1030.0,14.0,0.0,0.0,0.0,0.0,1031,14,0.0,0.0,0.0,0.0,1030.5,0.0
0,996100,VOLCANIC_ROCK_VOUCHER_9500,1027.0,12.0,0.0,0.0,0.0,0.0,1028,12,0.0,0.0,0.0,0.0,1027.5,0.0
0,996200,VOLCANIC_ROCK_VOUCHER_9500,1024.0,17.0,0.0,0.0,0.0,0.0,1025,17,0.0,0.0,0.0,0.0,1024.5,0.0
0,996300,VOLCANIC_ROCK_VOUCHER_9500,1023.0,11.0,0.0,0.0,0.0,0.0,1024,11,0.0,0.0,0.0,0.0,1023.5,0.0
0,996400,VOLCANIC_ROCK_VOUCHER_9500,1023.0,11.0,0.0,0.0,0.0,0.0,1024,21,0.0,0.0,0.0,0.0,1023.5,0.0
0,996500,VOLCANIC_ROCK_VOUCHER_9500,1023.0,15.0,0.0,0.0,0.0,0.0,1024,15,0.0,0.0,0.0,0.0,1023.5,0.0
0,996600,VOLCANIC_ROCK_VOUCHER_9500,1021.0,12.0,0.0,0.0,0.0,0.0,1023,12,0.0,0.0,0.0,0.0,1022.0,0.0
0,996700,VOLCANIC_ROCK_VOUCHER_9500,1021.0,19.0,0.0,0.0,0.0,0.0,1023,19,0.0,0.0,0.0,0.0,1022.0,0.0
0,996800,VOLCANIC_ROCK_VOUCHER_9500,1022.0,18.0,0.0,0.0,0.0,0.0,1024,18,0.0,0.0,0.0,0.0,1023.0,0.0
0,996900,VOLCANIC_ROCK_VOUCHER_9500,1021.0,6.0,0.0,0.0,0.0,0.0,1023,20,0.0,0.0,0.0,0.0,1022.0,0.0
0,997000,VOLCANIC_ROCK_VOUCHER_9500,1024.0,14.0,0.0,0.0,0.0,0.0,1025,14,0.0,0.0,0.0,0.0,1024.5,0.0
0,997100,VOLCANIC_ROCK_VOUCHER_9500,1022.0,1.0,1021.0,19.0,0.0,0.0,1023,20,0.0,0.0,0.0,0.0,1022.5,0.0
0,997200,VOLCANIC_ROCK_VOUCHER_9500,1022.0,13.0,0.0,0.0,0.0,0.0,1023,13,0.0,0.0,0.0,0.0,1022.5,0.0
0,997300,VOLCANIC_ROCK_VOUCHER_9500,1019.0,18.0,0.0,0.0,0.0,0.0,1020,18,0.0,0.0,0.0,0.0,1019.5,0.0
0,997400,VOLCANIC_ROCK_VOUCHER_9500,1018.0,12.0,0.0,0.0,0.0,0.0,1019,12,0.0,0.0,0.0,0.0,1018.5,0.0
0,997500,VOLCANIC_ROCK_VOUCHER_9500,1019.0,18.0,0.0,0.0,0.0,0.0,1020,18,0.0,0.0,0.0,0.0,1019.5,0.0
0,997600,VOLCANIC_ROCK_VOUCHER_9500,1019.0,12.0,0.0,0.0,0.0,0.0,1020,12,0.0,0.0,0.0,0.0,1019.5,0.0
0,997700,VOLCANIC_ROCK_VOUCHER_9500,1020.0,12.0,0.0,0.0,0.0,0.0,1021,12,0.0,0.0,0.0,0.0,1020.5,0.0
0,997800,VOLCANIC_ROCK_VOUCHER_9500,1020.0,18.0,0.0,0.0,0.0,0.0,1022,18,0.0,0.0,0.0,0.0,1021.0,0.0
0,997900,VOLCANIC_ROCK_VOUCHER_9500,1018.0,18.0,0.0,0.0,0.0,0.0,1019,18,0.0,0.0,0.0,0.0,1018.5,0.0
0,998000,VOLCANIC_ROCK_VOUCHER_9500,1017.0,8.0,0.0,0.0,0.0,0.0,1018,2,1019.0,16.0,0.0,0.0,1017.5,0.0
0,998100,VOLCANIC_ROCK_VOUCHER_9500,1016.0,19.0,1015.0,17.0,0.0,0.0,1017,17,0.0,0.0,0.0,0.0,1016.5,0.0
0,998200,VOLCANIC_ROCK_VOUCHER_9500,1016.0,27.0,0.0,0.0,0.0,0.0,1017,14,0.0,0.0,0.0,0.0,1016.5,0.0
0,998300,VOLCANIC_ROCK_VOUCHER_9500,1016.0,13.0,0.0,0.0,0.0,0.0,1017,13,0.0,0.0,0.0,0.0,1016.5,0.0
0,998400,VOLCANIC_ROCK_VOUCHER_9500,1016.0,18.0,0.0,0.0,0.0,0.0,1018,18,0.0,0.0,0.0,0.0,1017.0,0.0
0,998500,VOLCANIC_ROCK_VOUCHER_9500,1019.0,16.0,0.0,0.0,0.0,0.0,1020,16,0.0,0.0,0.0,0.0,1019.5,0.0
0,998600,VOLCANIC_ROCK_VOUCHER_9500,1017.0,16.0,0.0,0.0,0.0,0.0,1018,16,0.0,0.0,0.0,0.0,1017.5,0.0
0,998700,VOLCANIC_ROCK_VOUCHER_9500,1017.0,18.0,0.0,0.0,0.0,0.0,1019,18,0.0,0.0,0.0,0.0,1018.0,0.0
0,998800,VOLCANIC_ROCK_VOUCHER_9500,1018.0,16.0,0.0,0.0,0.0,0.0,1019,16,0.0,0.0,0.0,0.0,1018.5,0.0
0,998900,VOLCANIC_ROCK_VOUCHER_9500,1019.0,18.0,0.0,0.0,0.0,0.0,1020,18,0.0,0.0,0.0,0.0,1019.5,0.0
0,999000,VOLCANIC_ROCK_VOUCHER_9500,0.0,0.0,0.0,0.0,0.0,0.0,1019,8,1020.0,11.0,0.0,0.0,1019.0,0.0
0,999100,VOLCANIC_ROCK_VOUCHER_9500,1016.0,20.0,0.0,0.0,0.0,0.0,1017,20,0.0,0.0,0.0,0.0,1016.5,0.0
0,999200,VOLCANIC_ROCK_VOUCHER_9500,1016.0,12.0,0.0,0.0,0.0,0.0,1018,12,0.0,0.0,0.0,0.0,1017.0,0.0
0,999300,VOLCANIC_ROCK_VOUCHER_9500,1015.0,17.0,0.0,0.0,0.0,0.0,1017,17,0.0,0.0,0.0,0.0,1016.0,0.0
0,999400,VOLCANIC_ROCK_VOUCHER_9500,1014.0,36.0,0.0,0.0,0.0,0.0,1016,20,0.0,0.0,0.0,0.0,1015.0,0.0
0,999500,VOLCANIC_ROCK_VOUCHER_9500,1014.0,12.0,0.0,0.0,0.0,0.0,1015,12,0.0,0.0,0.0,0.0,1014.5,0.0
0,999600,VOLCANIC_ROCK_VOUCHER_9500,1012.0,13.0,0.0,0.0,0.0,0.0,1013,13,0.0,0.0,0.0,0.0,1012.5,0.0
0,999700,VOLCANIC_ROCK_VOUCHER_9500,1013.0,13.0,0.0,0.0,0.0,0.0,1014,13,0.0,0.0,0.0,0.0,1013.5,0.0
0,999800,VOLCANIC_ROCK_VOUCHER_9500,1014.0,19.0,0.0,0.0,0.0,0.0,1015,19,0.0,0.0,0.0,0.0,1014.5,0.0
0,999900,VOLCANIC_ROCK_VOUCHER_9500,1013.0,18.0,0.0,0.0,0.0,0.0,1014,11,1015.0,18.0,0.0,0.0,1013.5,0.0
