day,timestamp,product,bid_price_1,bid_volume_1,bid_price_2,bid_volume_2,bid_price_3,bid_volume_3,ask_price_1,ask_volume_1,ask_price_2,ask_volume_2,ask_price_3,ask_volume_3,mid_price,profit_and_loss
1,0,VOLCANIC_ROCK_VOUCHER_9500,1015.0,12.0,0.0,0.0,0.0,0.0,1017,12,0.0,0.0,0.0,0.0,1016.0,0.0
1,100,VOLCANIC_ROCK_VOUCHER_9500,1015.0,13.0,0.0,0.0,0.0,0.0,1016,13,0.0,0.0,0.0,0.0,1015.5,0.0
1,200,VOLCANIC_ROCK_VOUCHER_9500,1015.0,16.0,0.0,0.0,0.0,0.0,1016,16,0.0,0.0,0.0,0.0,1015.5,0.0
1,300,VOLCANIC_ROCK_VOUCHER_9500,1017.0,14.0,0.0,0.0,0.0,0.0,1018,14,0.0,0.0,0.0,0.0,1017.5,0.0
1,400,VOLCANIC_ROCK_VOUCHER_9500,1019.0,18.0,0.0,0.0,0.0,0.0,1020,2,1021.0,16.0,0.0,0.0,1019.5,0.0
1,500,VOLCANIC_ROCK_VOUCHER_9500,1017.0,17.0,0.0,0.0,0.0,0.0,1018,17,0.0,0.0,0.0,0.0,1017.5,0.0
1,600,VOLCANIC_ROCK_VOUCHER_9500,1015.0,19.0,0.0,0.0,0.0,0.0,1016,19,0.0,0.0,0.0,0.0,1015.5,0.0
1,700,VOLCANIC_ROCK_VOUCHER_9500,1016.0,12.0,0.0,0.0,0.0,0.0,1017,12,0.0,0.0,0.0,0.0,1016.5,0.0
1,800,VOLCANIC_ROCK_VOUCHER_9500,1015.0,32.0,0.0,0.0,0.0,0.0,1016,20,0.0,0.0,0.0,0.0,1015.5,0.0
1,900,VOLCANIC_ROCK_VOUCHER_9500,0.0,0.0,0.0,0.0,0.0,0.0,1016,4,1018.0,13.0,0.0,0.0,1016.0,0.0
1,1000,VOLCANIC_ROCK_VOUCHER_9500,1016.0,25.0,0.0,0.0,0.0,0.0,1017,20,0.0,0.0,0.0,0.0,1016.5,0.0
1,1100,VOLCANIC_ROCK_VOUCHER_9500,1017.0,15.0,0.0,0.0,0.0,0.0,1018,15,0.0,0.0,0.0,0.0,1017.5,0.0
1,1200,VOLCANIC_ROCK_VOUCHER_9500,1017.0,29.0,0.0,0.0,0.0,0.0,1018,18,0.0,0.0,0.0,0.0,1017.5,0.0
1,1300,VOLCANIC_ROCK_VOUCHER_9500,1016.0,12.0,0.0,0.0,0.0,0.0,1018,12,0.0,0.0,0.0,0.0,1017.0,0.0
1,1400,VOLCANIC_ROCK_VOUCHER_9500,1017.0,15.0,0.0,0.0,0.0,0.0,1018,15,0.0,0.0,0.0,0.0,1017.5,0.0
1,1500,VOLCANIC_ROCK_VOUCHER_9500,1017.0,19.0,0.0,0.0,0.0,0.0,1018,19,0.0,0.0,0.0,0.0,1017.5,0.0
1,1600,VOLCANIC_ROCK_VOUCHER_9500,1016.0,17.0,0.0,0.0,0.0,0.0,1017,17,0.0,0.0,0.0,0.0,1016.5,0.0
1,1700,VOLCANIC_ROCK_VOUCHER_9500,1016.0,11.0,0.0,0.0,0.0,0.0,1017,11,0.0,0.0,0.0,0.0,1016.5,0.0
1,1800,VOLCANIC_ROCK_VOUCHER_9500,1014.0,10.0,0.0,0.0,0.0,0.0,1016,10,0.0,0.0,0.0,0.0,1015.0,0.0
1,1900,VOLCANIC_ROCK_VOUCHER_9500,1014.0,4.0,0.0,0.0,0.0,0.0,1015,20,0.0,0.0,0.0,0.0,1014.5,0.0
1,2000,VOLCANIC_ROCK_VOUCHER_9500,1014.0,22.0,0.0,0.0,0.0,0.0,1015,14,1016.0,22.0,0.0,0.0,1014.5,0.0
1,2100,VOLCANIC_ROCK_VOUCHER_9500,1014.0,25.0,0.0,0.0,0.0,0.0,1015,19,0.0,0.0,0.0,0.0,1014.5,0.0
1,2200,VOLCANIC_ROCK_VOUCHER_9500,1012.0,25.0,0.0,0.0,0.0,0.0,1013,15,0.0,0.0,0.0,0.0,1012.5,0.0
1,2300,VOLCANIC_ROCK_VOUCHER_9500,1010.0,22.0,0.0,0.0,0.0,0.0,1011,22,0.0,0.0,0.0,0.0,1010.5,0.0
1,2400,VOLCANIC_ROCK_VOUCHER_9500,1009.0,12.0,0.0,0.0,0.0,0.0,1010,12,0.0,0.0,0.0,0.0,1009.5,0.0
1,2500,VOLCANIC_ROCK_VOUCHER_9500,1012.0,18.0,0.0,0.0,0.0,0.0,1013,18,0.0,0.0,0.0,0.0,1012.5,0.0
1,2600,VOLCANIC_ROCK_VOUCHER_9500,1010.0,17.0,0.0,0.0,0.0,0.0,1011,17,0.0,0.0,0.0,0.0,1010.5,0.0
1,2700,VOLCANIC_ROCK_VOUCHER_9500,1009.0,16.0,0.0,0.0,0.0,0.0,1010,16,0.0,0.0,0.0,0.0,1009.5,0.0
1,2800,VOLCANIC_ROCK_VOUCHER_9500,1008.0,17.0,0.0,0.0,0.0,0.0,1009,17,0.0,0.0,0.0,0.0,1008.5,0.0
1,2900,VOLCANIC_ROCK_VOUCHER_9500,1005.0,16.0,0.0,0.0,0.0,0.0,1006,16,0.0,0.0,0.0,0.0,1005.5,0.0
1,3000,VOLCANIC_ROCK_VOUCHER_9500,1005.0,14.0,0.0,0.0,0.0,0.0,1006,14,0.0,0.0,0.0,0.0,1005.5,0.0
1,3100,VOLCANIC_ROCK_VOUCHER_9500,1005.0,21.0,0.0,0.0,0.0,0.0,1007,21,0.0,0.0,0.0,0.0,1006.0,0.0
1,3200,VOLCANIC_ROCK_VOUCHER_9500,1006.0,39.0,0.0,0.0,0.0,0.0,1007,19,0.0,0.0,0.0,0.0,1006.5,0.0
1,3300,VOLCANIC_ROCK_VOUCHER_9500,1005.0,11.0,0.0,0.0,0.0,0.0,1006,11,0.0,0.0,0.0,0.0,1005.5,0.0
1,3400,VOLCANIC_ROCK_VOUCHER_9500,1006.0,12.0,0.0,0.0,0.0,0.0,1007,12,0.0,0.0,0.0,0.0,1006.5,0.0
1,3500,VOLCANIC_ROCK_VOUCHER_9500,1007.0,18.0,0.0,0.0,0.0,0.0,1008,18,0.0,0.0,0.0,0.0,1007.5,0.0
1,3600,VOLCANIC_ROCK_VOUCHER_9500,1006.0,11.0,0.0,0.0,0.0,0.0,1007,11,0.0,0.0,0.0,0.0,1006.5,0.0
1,3700,VOLCANIC_ROCK_VOUCHER_9500,1006.0,17.0,0.0,0.0,0.0,0.0,1008,17,0.0,0.0,0.0,0.0,1007.0,0.0
1,3800,VOLCANIC_ROCK_VOUCHER_9500,1008.0,17.0,0.0,0.0,0.0,0.0,1009,17,0.0,0.0,0.0,0.0,1008.5,0.0
1,3900,VOLCANIC_ROCK_VOUCHER_9500,1007.0,0.0,0.0,0.0,0.0,0.0,1008,12,0.0,0.0,0.0,0.0,1007.5,0.0
1,4000,VOLCANIC_ROCK_VOUCHER_9500,1008.0,17.0,0.0,0.0,0.0,0.0,1009,17,0.0,0.0,0.0,0.0,1008.5,0.0
1,4100,VOLCANIC_ROCK_VOUCHER_9500,1008.0,2.0,1007.0,20.0,0.0,0.0,1009,22,0.0,0.0,0.0,0.0,1008.5,0.0
1,4200,VOLCANIC_ROCK_VOUCHER_9500,1009.0,14.0,0.0,0.0,0.0,0.0,1011,14,0.0,0.0,0.0,0.0,1010.0,0.0
1,4300,VOLCANIC_ROCK_VOUCHER_9500,0.0,0.0,0.0,0.0,0.0,0.0,1008,18,0.0,0.0,0.0,0.0,1008.0,0.0
1,4400,VOLCANIC_ROCK_VOUCHER_9500,1007.0,20.0,0.0,0.0,0.0,0.0,1009,20,0.0,0.0,0.0,0.0,1008.0,0.0
1,4500,VOLCANIC_ROCK_VOUCHER_9500,1006.0,20.0,0.0,0.0,0.0,0.0,1008,20,0.0,0.0,0.0,0.0,1007.0,0.0
1,4600,VOLCANIC_ROCK_VOUCHER_9500,1006.0,12.0,0.0,0.0,0.0,0.0,1007,12,0.0,0.0,0.0,0.0,1006.5,0.0
1,4700,VOLCANIC_ROCK_VOUCHER_9500,1006.0,18.0,0.0,0.0,0.0,0.0,1007,18,0.0,0.0,0.0,0.0,1006.5,0.0
1,4800,VOLCANIC_ROCK_VOUCHER_9500,1005.0,14.0,0.0,0.0,0.0,0.0,1006,1,1007.0,13.0,0.0,0.0,1005.5,0.0
1,4900,VOLCANIC_ROCK_VOUCHER_9500,1003.0,12.0,0.0,0.0,0.0,0.0,1004,12,0.0,0.0,0.0,0.0,1003.5,0.0
1,5000,VOLCANIC_ROCK_VOUCHER_9500,1003.0,18.0,0.0,0.0,0.0,0.0,1005,18,0.0,0.0,0.0,0.0,1004.0,0.0
1,5100,VOLCANIC_ROCK_VOUCHER_9500,1003.0,17.0,0.0,0.0,0.0,0.0,1004,17,0.0,0.0,0.0,0.0,1003.5,0.0
1,5200,VOLCANIC_ROCK_VOUCHER_9500,1003.0,18.0,0.0,0.0,0.0,0.0,1004,18,0.0,0.0,0.0,0.0,1003.5,0.0
1,5300,VOLCANIC_ROCK_VOUCHER_9500,1005.0,12.0,0.0,0.0,0.0,0.0,1006,12,0.0,0.0,0.0,0.0,1005.5,0.0
1,5400,VOLCANIC_ROCK_VOUCHER_9500,1006.0,12.0,0.0,0.0,0.0,0.0,1007,12,0.0,0.0,0.0,0.0,1006.5,0.0
1,5500,VOLCANIC_ROCK_VOUCHER_9500,1010.0,19.0,0.0,0.0,0.0,0.0,1011,19,0.0,0.0,0.0,0.0,1010.5,0.0
1,5600,VOLCANIC_ROCK_VOUCHER_9500,1011.0,12.0,0.0,0.0,0.0,0.0,1013,12,0.0,0.0,0.0,0.0,1012.0,0.0
1,5700,VOLCANIC_ROCK_VOUCHER_9500,1009.0,20.0,0.0,0.0,0.0,0.0,1010,20,0.0,0.0,0.0,0.0,1009.5,0.0
1,5800,VOLCANIC_ROCK_VOUCHER_9500,1012.0,18.0,0.0,0.0,0.0,0.0,1013,18,0.0,0.0,0.0,0.0,1012.5,0.0
1,5900,VOLCANIC_ROCK_VOUCHER_9500,1013.0,19.0,0.0,0.0,0.0,0.0,1014,19,0.0,0.0,0.0,0.0,1013.5,0.0
1,6000,VOLCANIC_ROCK_VOUCHER_9500,1014.0,18.0,0.0,0.0,0.0,0.0,1015,18,0.0,0.0,0.0,0.0,1014.5,0.0
1,6100,VOLCANIC_ROCK_VOUCHER_9500,1015.0,20.0,0.0,0.0,0.0,0.0,1016,20,0.0,0.0,0.0,0.0,1015.5,0.0
1,6200,VOLCANIC_ROCK_VOUCHER_9500,1014.0,12.0,0.0,0.0,0.0,0.0,1015,12,0.0,0.0,0.0,0.0,1014.5,0.0
1,6300,VOLCANIC_ROCK_VOUCHER_9500,1013.0,15.0,0.0,0.0,0.0,0.0,1014,15,0.0,0.0,0.0,0.0,1013.5,0.0
1,6400,VOLCANIC_ROCK_VOUCHER_9500,1011.0,18.0,0.0,0.0,0.0,0.0,1012,18,0.0,0.0,0.0,0.0,1011.5,0.0
1,6500,VOLCANIC_ROCK_VOUCHER_9500,1012.0,11.0,1011.0,12.0,0.0,0.0,1013,12,0.0,0.0,0.0,0.0,1012.5,0.0
1,6600,VOLCANIC_ROCK_VOUCHER_9500,1009.0,17.0,0.0,0.0,0.0,0.0,1010,17,0.0,0.0,0.0,0.0,1009.5,0.0
1,6700,VOLCANIC_ROCK_VOUCHER_9500,1011.0,1.0,1010.0,11.0,0.0,0.0,1012,12,0.0,0.0,0.0,0.0,1011.5,0.0
1,6800,VOLCANIC_ROCK_VOUCHER_9500,1012.0,4.0,0.0,0.0,0.0,0.0,1013,15,0.0,0.0,0.0,0.0,1012.5,0.0
1,6900,VOLCANIC_ROCK_VOUCHER_9500,1015.0,21.0,0.0,0.0,0.0,0.0,1016,21,0.0,0.0,0.0,0.0,1015.5,0.0
1,7000,VOLCANIC_ROCK_VOUCHER_9500,1014.0,12.0,0.0,0.0,0.0,0.0,1015,12,0.0,0.0,0.0,0.0,1014.5,0.0
1,7100,VOLCANIC_ROCK_VOUCHER_9500,1012.0,15.0,0.0,0.0,0.0,0.0,1013,15,0.0,0.0,0.0,0.0,1012.5,0.0
1,7200,VOLCANIC_ROCK_VOUCHER_9500,1012.0,13.0,0.0,0.0,0.0,0.0,1013,13,0.0,0.0,0.0,0.0,1012.5,0.0
1,7300,VOLCANIC_ROCK_VOUCHER_9500,1009.0,21.0,0.0,0.0,0.0,0.0,1010,21,0.0,0.0,0.0,0.0,1009.5,0.0
1,7400,VOLCANIC_ROCK_VOUCHER_9500,1012.0,15.0,0.0,0.0,0.0,0.0,1013,15,0.0,0.0,0.0,0.0,1012.5,0.0
1,7500,VOLCANIC_ROCK_VOUCHER_9500,1012.0,19.0,0.0,0.0,0.0,0.0,1013,19,0.0,0.0,0.0,0.0,1012.5,0.0
1,7600,VOLCANIC_ROCK_VOUCHER_9500,1012.0,13.0,0.0,0.0,0.0,0.0,1013,13,0.0,0.0,0.0,0.0,1012.5,0.0
1,7700,VOLCANIC_ROCK_VOUCHER_9500,1011.0,14.0,0.0,0.0,0.0,0.0,1013,14,0.0,0.0,0.0,0.0,1012.0,0.0
1,7800,VOLCANIC_ROCK_VOUCHER_9500,1011.0,21.0,0.0,0.0,0.0,0.0,1013,11,0.0,0.0,0.0,0.0,1012.0,0.0
1,7900,VOLCANIC_ROCK_VOUCHER_9500,1012.0,13.0,0.0,0.0,0.0,0.0,1013,13,0.0,0.0,0.0,0.0,1012.5,0.0
1,8000,VOLCANIC_ROCK_VOUCHER_9500,1013.0,14.0,0.0,0.0,0.0,0.0,1014,14,0.0,0.0,0.0,0.0,1013.5,0.0
1,8100,VOLCANIC_ROCK_VOUCHER_9500,1012.0,17.0,0.0,0.0,0.0,0.0,1013,17,0.0,0.0,0.0,0.0,1012.5,0.0
1,8200,VOLCANIC_ROCK_VOUCHER_9500,1012.0,17.0,0.0,0.0,0.0,0.0,1013,17,0.0,0.0,0.0,0.0,1012.5,0.0
1,8300,VOLCANIC_ROCK_VOUCHER_9500,1011.0,19.0,0.0,0.0,0.0,0.0,1012,19,0.0,0.0,0.0,0.0,1011.5,0.0
1,8400,VOLCANIC_ROCK_VOUCHER_9500,1008.0,32.0,0.0,0.0,0.0,0.0,1009,20,0.0,0.0,0.0,0.0,1008.5,0.0
1,8500,VOLCANIC_ROCK_VOUCHER_9500,1008.0,16.0,0.0,0.0,0.0,0.0,1009,16,0.0,0.0,0.0,0.0,1008.5,0.0
1,8600,VOLCANIC_ROCK_VOUCHER_9500,1008.0,20.0,0.0,0.0,0.0,0.0,1010,20,0.0,0.0,0.0,0.0,1009.0,0.0
1,8700,VOLCANIC_ROCK_VOUCHER_9500,1009.0,20.0,0.0,0.0,0.0,0.0,1010,20,0.0,0.0,0.0,0.0,1009.5,0.0
1,8800,VOLCANIC_ROCK_VOUCHER_9500,1009.0,12.0,0.0,0.0,0.0,0.0,1010,12,0.0,0.0,0.0,0.0,1009.5,0.0
1,8900,VOLCANIC_ROCK_VOUCHER_9500,0.0,0.0,0.0,0.0,0.0,0.0,1010,9,1011.0,11.0,0.0,0.0,1010.0,0.0
1,9000,VOLCANIC_ROCK_VOUCHER_9500,1010.0,12.0,0.0,0.0,0.0,0.0,1011,12,0.0,0.0,0.0,0.0,1010.5,0.0
1,9100,VOLCANIC_ROCK_VOUCHER_9500,1006.0,10.0,0.0,0.0,0.0,0.0,1007,10,0.0,0.0,0.0,0.0,1006.5,0.0
1,9200,VOLCANIC_ROCK_VOUCHER_9500,1007.0,12.0,0.0,0.0,0.0,0.0,1008,12,0.0,0.0,0.0,0.0,1007.5,0.0
1,9300,VOLCANIC_ROCK_VOUCHER_9500,1008.0,17.0,0.0,0.0,0.0,0.0,1009,17,0.0,0.0,0.0,0.0,1008.5,0.0
1,9400,VOLCANIC_ROCK_VOUCHER_9500,1008.0,12.0,0.0,0.0,0.0,0.0,1009,12,0.0,0.0,0.0,0.0,1008.5,0.0
1,9500,VOLCANIC_ROCK_VOUCHER_9500,1009.0,12.0,0.0,0.0,0.0,0.0,1010,12,0.0,0.0,0.0,0.0,1009.5,0.0
1,9600,VOLCANIC_ROCK_VOUCHER_9500,1009.0,11.0,0.0,0.0,0.0,0.0,1011,11,0.0,0.0,0.0,0.0,1010.0,0.0
1,9700,VOLCANIC_ROCK_VOUCHER_9500,1009.0,13.0,0.0,0.0,0.0,0.0,1010,13,0.0,0.0,0.0,0.0,1009.5,0.0
1,9800,VOLCANIC_ROCK_VOUCHER_9500,1011.0,18.0,0.0,0.0,0.0,0.0,1013,18,0.0,0.0,0.0,0.0,1012.0,0.0
1,9900,VOLCANIC_ROCK_VOUCHER_9500,1012.0,13.0,0.0,0.0,0.0,0.0,1013,13,0.0,0.0,0.0,0.0,1012.5,0.0
1,10000,VOLCANIC_ROCK_VOUCHER_9500,1013.0,18.0,0.0,0.0,0.0,0.0,1014,18,0.0,0.0,0.0,0.0,1013.5,0.0
1,10100,VOLCANIC_ROCK_VOUCHER_9500,1013.0,11.0,0.0,0.0,0.0,0.0,1014,11,0.0,0.0,0.0,0.0,1013.5,0.0
1,10200,VOLCANIC_ROCK_VOUCHER_9500,1011.0,17.0,0.0,0.0,0.0,0.0,1012,17,0.0,0.0,0.0,0.0,1011.5,0.0
1,10300,VOLCANIC_ROCK_VOUCHER_9500,1010.0,14.0,0.0,0.0,0.0,0.0,1012,14,0.0,0.0,0.0,0.0,1011.0,0.0
1,10400,VOLCANIC_ROCK_VOUCHER_9500,1008.0,11.0,0.0,0.0,0.0,0.0,1009,11,0.0,0.0,0.0,0.0,1008.5,0.0
1,10500,VOLCANIC_ROCK_VOUCHER_9500,1002.0,17.0,0.0,0.0,0.0,0.0,1003,17,0.0,0.0,0.0,0.0,1002.5,0.0
1,10600,VOLCANIC_ROCK_VOUCHER_9500,1002.0,16.0,0.0,0.0,0.0,0.0,1003,16,0.0,0.0,0.0,0.0,1002.5,0.0
1,10700,VOLCANIC_ROCK_VOUCHER_9500,1002.0,16.0,0.0,0.0,0.0,0.0,1003,16,0.0,0.0,0.0,0.0,1002.5,0.0
1,10800,VOLCANIC_ROCK_VOUCHER_9500,1004.0,18.0,0.0,0.0,0.0,0.0,1005,18,0.0,0.0,0.0,0.0,1004.5,0.0
1,10900,VOLCANIC_ROCK_VOUCHER_9500,1005.0,16.0,0.0,0.0,0.0,0.0,1006,16,0.0,0.0,0.0,0.0,1005.5,0.0
1,11000,VOLCANIC_ROCK_VOUCHER_9500,1006.0,12.0,0.0,0.0,0.0,0.0,1007,12,0.0,0.0,0.0,0.0,1006.5,0.0
1,11100,VOLCANIC_ROCK_VOUCHER_9500,1006.0,19.0,0.0,0.0,0.0,0.0,1007,19,0.0,0.0,0.0,0.0,1006.5,0.0
1,11200,VOLCANIC_ROCK_VOUCHER_9500,1004.0,34.0,0.0,0.0,0.0,0.0,1005,14,0.0,0.0,0.0,0.0,1004.5,0.0
1,11300,VOLCANIC_ROCK_VOUCHER_9500,1006.0,12.0,0.0,0.0,0.0,0.0,1007,2,1008.0,10.0,0.0,0.0,1006.5,0.0
1,11400,VOLCANIC_ROCK_VOUCHER_9500,1007.0,20.0,0.0,0.0,0.0,0.0,1008,20,0.0,0.0,0.0,0.0,1007.5,0.0
1,11500,VOLCANIC_ROCK_VOUCHER_9500,1006.0,19.0,0.0,0.0,0.0,0.0,1007,19,0.0,0.0,0.0,0.0,1006.5,0.0
1,11600,VOLCANIC_ROCK_VOUCHER_9500,1001.0,22.0,0.0,0.0,0.0,0.0,1002,22,0.0,0.0,0.0,0.0,1001.5,0.0
1,11700,VOLCANIC_ROCK_VOUCHER_9500,1002.0,15.0,0.0,0.0,0.0,0.0,1003,15,0.0,0.0,0.0,0.0,1002.5,0.0
1,11800,VOLCANIC_ROCK_VOUCHER_9500,1002.0,19.0,0.0,0.0,0.0,0.0,1003,19,0.0,0.0,0.0,0.0,1002.5,0.0
1,11900,VOLCANIC_ROCK_VOUCHER_9500,1003.0,15.0,0.0,0.0,0.0,0.0,1004,15,0.0,0.0,0.0,0.0,1003.5,0.0
1,12000,VOLCANIC_ROCK_VOUCHER_9500,1004.0,15.0,0.0,0.0,0.0,0.0,1005,15,0.0,0.0,0.0,0.0,1004.5,0.0
1,12100,VOLCANIC_ROCK_VOUCHER_9500,1004.0,12.0,0.0,0.0,0.0,0.0,1005,12,0.0,0.0,0.0,0.0,1004.5,0.0
1,12200,VOLCANIC_ROCK_VOUCHER_9500,1002.0,22.0,0.0,0.0,0.0,0.0,1003,22,0.0,0.0,0.0,0.0,1002.5,0.0
1,12300,VOLCANIC_ROCK_VOUCHER_9500,1001.0,15.0,0.0,0.0,0.0,0.0,1002,15,0.0,0.0,0.0,0.0,1001.5,0.0
1,12400,VOLCANIC_ROCK_VOUCHER_9500,1002.0,11.0,0.0,0.0,0.0,0.0,1003,11,0.0,0.0,0.0,0.0,1002.5,0.0
1,12500,VOLCANIC_ROCK_VOUCHER_9500,1002.0,11.0,0.0,0.0,0.0,0.0,1004,11,0.0,0.0,0.0,0.0,1003.0,0.0
1,12600,VOLCANIC_ROCK_VOUCHER_9500,1003.0,16.0,0.0,0.0,0.0,0.0,1004,16,0.0,0.0,0.0,0.0,1003.5,0.0
1,12700,VOLCANIC_ROCK_VOUCHER_9500,1004.0,19.0,0.0,0.0,0.0,0.0,1005,19,0.0,0.0,0.0,0.0,1004.5,0.0
1,12800,VOLCANIC_ROCK_VOUCHER_9500,1002.0,13.0,0.0,0.0,0.0,0.0,1004,13,0.0,0.0,0.0,0.0,1003.0,0.0
1,12900,VOLCANIC_ROCK_VOUCHER_9500,1004.0,15.0,0.0,0.0,0.0,0.0,1005,15,0.0,0.0,0.0,0.0,1004.5,0.0
1,13000,VOLCANIC_ROCK_VOUCHER_9500,1004.0,14.0,0.0,0.0,0.0,0.0,1005,14,0.0,0.0,0.0,0.0,1004.5,0.0
1,13100,VOLCANIC_ROCK_VOUCHER_9500,1000.0,11.0,0.0,0.0,0.0,0.0,1002,11,0.0,0.0,0.0,0.0,1001.0,0.0
1,13200,VOLCANIC_ROCK_VOUCHER_9500,1000.0,16.0,0.0,0.0,0.0,0.0,1001,16,0.0,0.0,0.0,0.0,1000.5,0.0
1,13300,VOLCANIC_ROCK_VOUCHER_9500,1002.0,14.0,0.0,0.0,0.0,0.0,1003,14,0.0,0.0,0.0,0.0,1002.5,0.0
1,13400,VOLCANIC_ROCK_VOUCHER_9500,1002.0,17.0,0.0,0.0,0.0,0.0,1003,17,0.0,0.0,0.0,0.0,1002.5,0.0
1,13500,VOLCANIC_ROCK_VOUCHER_9500,1002.0,11.0,0.0,0.0,0.0,0.0,1003,11,0.0,0.0,0.0,0.0,1002.5,0.0
1,13600,VOLCANIC_ROCK_VOUCHER_9500,1002.0,20.0,0.0,0.0,0.0,0.0,1004,20,0.0,0.0,0.0,0.0,1003.0,0.0
1,13700,VOLCANIC_ROCK_VOUCHER_9500,1003.0,38.0,0.0,0.0,0.0,0.0,1004,18,0.0,0.0,0.0,0.0,1003.5,0.0
1,13800,VOLCANIC_ROCK_VOUCHER_9500,1003.0,12.0,0.0,0.0,0.0,0.0,1004,12,0.0,0.0,0.0,0.0,1003.5,0.0
1,13900,VOLCANIC_ROCK_VOUCHER_9500,1002.0,21.0,0.0,0.0,0.0,0.0,1003,21,0.0,0.0,0.0,0.0,1002.5,0.0
1,14000,VOLCANIC_ROCK_VOUCHER_9500,1004.0,17.0,0.0,0.0,0.0,0.0,1005,17,0.0,0.0,0.0,0.0,1004.5,0.0
1,14100,VOLCANIC_ROCK_VOUCHER_9500,1002.0,19.0,0.0,0.0,0.0,0.0,1003,19,0.0,0.0,0.0,0.0,1002.5,0.0
1,14200,VOLCANIC_ROCK_VOUCHER_9500,1001.0,19.0,0.0,0.0,0.0,0.0,1002,19,0.0,0.0,0.0,0.0,1001.5,0.0
1,14300,VOLCANIC_ROCK_VOUCHER_9500,1001.0,16.0,0.0,0.0,0.0,0.0,1003,16,0.0,0.0,0.0,0.0,1002.0,0.0
1,14400,VOLCANIC_ROCK_VOUCHER_9500,1002.0,2.0,1001.0,14.0,0.0,0.0,1003,16,0.0,0.0,0.0,0.0,1002.5,0.0
1,14500,VOLCANIC_ROCK_VOUCHER_9500,1002.0,1.0,0.0,0.0,0.0,0.0,1003,12,0.0,0.0,0.0,0.0,1002.5,0.0
1,14600,VOLCANIC_ROCK_VOUCHER_9500,999.0,9.0,0.0,0.0,0.0,0.0,1000,20,0.0,0.0,0.0,0.0,999.5,0.0
1,14700,VOLCANIC_ROCK_VOUCHER_9500,995.0,11.0,0.0,0.0,0.0,0.0,996,11,0.0,0.0,0.0,0.0,995.5,0.0
1,14800,VOLCANIC_ROCK_VOUCHER_9500,995.0,13.0,0.0,0.0,0.0,0.0,996,13,0.0,0.0,0.0,0.0,995.5,0.0
1,14900,VOLCANIC_ROCK_VOUCHER_9500,995.0,13.0,0.0,0.0,0.0,0.0,996,13,0.0,0.0,0.0,0.0,995.5,0.0
1,15000,VOLCANIC_ROCK_VOUCHER_9500,995.0,19.0,0.0,0.0,0.0,0.0,996,19,0.0,0.0,0.0,0.0,995.5,0.0
1,15100,VOLCANIC_ROCK_VOUCHER_9500,997.0,1.0,996.0,20.0,0.0,0.0,998,21,0.0,0.0,0.0,0.0,997.5,0.0
1,15200,VOLCANIC_ROCK_VOUCHER_9500,995.0,12.0,0.0,0.0,0.0,0.0,996,12,0.0,0.0,0.0,0.0,995.5,0.0
1,15300,VOLCANIC_ROCK_VOUCHER_9500,997.0,2.0,0.0,0.0,0.0,0.0,998,16,0.0,0.0,0.0,0.0,997.5,0.0
1,15400,VOLCANIC_ROCK_VOUCHER_9500,997.0,14.0,0.0,0.0,0.0,0.0,998,14,0.0,0.0,0.0,0.0,997.5,0.0
1,15500,VOLCANIC_ROCK_VOUCHER_9500,997.0,18.0,0.0,0.0,0.0,0.0,998,18,0.0,0.0,0.0,0.0,997.5,0.0
1,15600,VOLCANIC_ROCK_VOUCHER_9500,997.0,18.0,0.0,0.0,0.0,0.0,998,18,0.0,0.0,0.0,0.0,997.5,0.0
1,15700,VOLCANIC_ROCK_VOUCHER_9500,994.0,20.0,0.0,0.0,0.0,0.0,996,20,0.0,0.0,0.0,0.0,995.0,0.0
1,15800,VOLCANIC_ROCK_VOUCHER_9500,997.0,12.0,0.0,0.0,0.0,0.0,998,12,0.0,0.0,0.0,0.0,997.5,0.0
1,15900,VOLCANIC_ROCK_VOUCHER_9500,996.0,14.0,0.0,0.0,0.0,0.0,997,14,0.0,0.0,0.0,0.0,996.5,0.0
1,16000,VOLCANIC_ROCK_VOUCHER_9500,997.0,14.0,0.0,0.0,0.0,0.0,998,14,0.0,0.0,0.0,0.0,997.5,0.0
1,16100,VOLCANIC_ROCK_VOUCHER_9500,996.0,13.0,0.0,0.0,0.0,0.0,997,13,0.0,0.0,0.0,0.0,996.5,0.0
1,16200,VOLCANIC_ROCK_VOUCHER_9500,995.0,17.0,0.0,0.0,0.0,0.0,996,17,0.0,0.0,0.0,0.0,995.5,0.0
1,16300,VOLCANIC_ROCK_VOUCHER_9500,995.0,20.0,0.0,0.0,0.0,0.0,997,20,0.0,0.0,0.0,0.0,996.0,0.0
1,16400,VOLCANIC_ROCK_VOUCHER_9500,995.0,33.0,0.0,0.0,0.0,0.0,996,19,0.0,0.0,0.0,0.0,995.5,0.0
1,16500,VOLCANIC_ROCK_VOUCHER_9500,995.0,16.0,0.0,0.0,0.0,0.0,996,16,0.0,0.0,0.0,0.0,995.5,0.0
1,16600,VOLCANIC_ROCK_VOUCHER_9500,988.0,20.0,0.0,0.0,0.0,0.0,989,20,0.0,0.0,0.0,0.0,988.5,0.0
1,16700,VOLCANIC_ROCK_VOUCHER_9500,989.0,18.0,0.0,0.0,0.0,0.0,990,18,0.0,0.0,0.0,0.0,989.5,0.0
1,16800,VOLCANIC_ROCK_VOUCHER_9500,989.0,12.0,0.0,0.0,0.0,0.0,990,12,0.0,0.0,0.0,0.0,989.5,0.0
1,16900,VOLCANIC_ROCK_VOUCHER_9500,989.0,20.0,0.0,0.0,0.0,0.0,990,20,0.0,0.0,0.0,0.0,989.5,0.0
1,17000,VOLCANIC_ROCK_VOUCHER_9500,989.0,12.0,0.0,0.0,0.0,0.0,991,12,0.0,0.0,0.0,0.0,990.0,0.0
1,17100,VOLCANIC_ROCK_VOUCHER_9500,985.0,11.0,0.0,0.0,0.0,0.0,986,11,0.0,0.0,0.0,0.0,985.5,0.0
1,17200,VOLCANIC_ROCK_VOUCHER_9500,983.0,12.0,0.0,0.0,0.0,0.0,984,12,0.0,0.0,0.0,0.0,983.5,0.0
1,17300,VOLCANIC_ROCK_VOUCHER_9500,985.0,11.0,0.0,0.0,0.0,0.0,986,11,0.0,0.0,0.0,0.0,985.5,0.0
1,17400,VOLCANIC_ROCK_VOUCHER_9500,981.0,15.0,0.0,0.0,0.0,0.0,982,15,0.0,0.0,0.0,0.0,981.5,0.0
1,17500,VOLCANIC_ROCK_VOUCHER_9500,981.0,18.0,0.0,0.0,0.0,0.0,982,18,0.0,0.0,0.0,0.0,981.5,0.0
1,17600,VOLCANIC_ROCK_VOUCHER_9500,981.0,11.0,0.0,0.0,0.0,0.0,982,11,0.0,0.0,0.0,0.0,981.5,0.0
1,17700,VOLCANIC_ROCK_VOUCHER_9500,981.0,11.0,0.0,0.0,0.0,0.0,983,11,0.0,0.0,0.0,0.0,982.0,0.0
1,17800,VOLCANIC_ROCK_VOUCHER_9500,981.0,32.0,0.0,0.0,0.0,0.0,982,13,0.0,0.0,0.0,0.0,981.5,0.0
1,17900,VOLCANIC_ROCK_VOUCHER_9500,983.0,17.0,0.0,0.0,0.0,0.0,984,17,0.0,0.0,0.0,0.0,983.5,0.0
1,18000,VOLCANIC_ROCK_VOUCHER_9500,983.0,20.0,0.0,0.0,0.0,0.0,984,20,0.0,0.0,0.0,0.0,983.5,0.0
1,18100,VOLCANIC_ROCK_VOUCHER_9500,984.0,36.0,0.0,0.0,0.0,0.0,985,19,0.0,0.0,0.0,0.0,984.5,0.0
1,18200,VOLCANIC_ROCK_VOUCHER_9500,983.0,22.0,0.0,0.0,0.0,0.0,984,22,0.0,0.0,0.0,0.0,983.5,0.0
1,18300,VOLCANIC_ROCK_VOUCHER_9500,985.0,14.0,0.0,0.0,0.0,0.0,986,14,0.0,0.0,0.0,0.0,985.5,0.0
1,18400,VOLCANIC_ROCK_VOUCHER_9500,983.0,17.0,0.0,0.0,0.0,0.0,984,17,0.0,0.0,0.0,0.0,983.5,0.0
1,18500,VOLCANIC_ROCK_VOUCHER_9500,985.0,2.0,984.0,10.0,0.0,0.0,986,12,0.0,0.0,0.0,0.0,985.5,0.0
1,18600,VOLCANIC_ROCK_VOUCHER_9500,985.0,1.0,984.0,14.0,0.0,0.0,986,15,0.0,0.0,0.0,0.0,985.5,0.0
1,18700,VOLCANIC_ROCK_VOUCHER_9500,986.0,20.0,0.0,0.0,0.0,0.0,987,20,0.0,0.0,0.0,0.0,986.5,0.0
1,18800,VOLCANIC_ROCK_VOUCHER_9500,986.0,19.0,0.0,0.0,0.0,0.0,988,19,0.0,0.0,0.0,0.0,987.0,0.0
1,18900,VOLCANIC_ROCK_VOUCHER_9500,983.0,15.0,0.0,0.0,0.0,0.0,984,15,0.0,0.0,0.0,0.0,983.5,0.0
1,19000,VOLCANIC_ROCK_VOUCHER_9500,985.0,20.0,0.0,0.0,0.0,0.0,987,20,0.0,0.0,0.0,0.0,986.0,0.0
1,19100,VOLCANIC_ROCK_VOUCHER_9500,982.0,22.0,0.0,0.0,0.0,0.0,983,22,0.0,0.0,0.0,0.0,982.5,0.0
1,19200,VOLCANIC_ROCK_VOUCHER_9500,985.0,19.0,0.0,0.0,0.0,0.0,986,19,0.0,0.0,0.0,0.0,985.5,0.0
1,19300,VOLCANIC_ROCK_VOUCHER_9500,987.0,12.0,0.0,0.0,0.0,0.0,988,12,0.0,0.0,0.0,0.0,987.5,0.0
1,19400,VOLCANIC_ROCK_VOUCHER_9500,986.0,22.0,0.0,0.0,0.0,0.0,987,22,0.0,0.0,0.0,0.0,986.5,0.0
1,19500,VOLCANIC_ROCK_VOUCHER_9500,986.0,14.0,0.0,0.0,0.0,0.0,988,14,0.0,0.0,0.0,0.0,987.0,0.0
1,19600,VOLCANIC_ROCK_VOUCHER_9500,987.0,17.0,0.0,0.0,0.0,0.0,988,17,0.0,0.0,0.0,0.0,987.5,0.0
1,19700,VOLCANIC_ROCK_VOUCHER_9500,985.0,12.0,0.0,0.0,0.0,0.0,986,12,0.0,0.0,0.0,0.0,985.5,0.0
1,19800,VOLCANIC_ROCK_VOUCHER_9500,986.0,16.0,0.0,0.0,0.0,0.0,987,16,0.0,0.0,0.0,0.0,986.5,0.0
1,19900,VOLCANIC_ROCK_VOUCHER_9500,985.0,15.0,0.0,0.0,0.0,0.0,986,15,0.0,0.0,0.0,0.0,985.5,0.0
1,20000,VOLCANIC_ROCK_VOUCHER_9500,986.0,11.0,0.0,0.0,0.0,0.0,987,11,0.0,0.0,0.0,0.0,986.5,0.0
1,20100,VOLCANIC_ROCK_VOUCHER_9500,986.0,13.0,0.0,0.0,0.0,0.0,987,1,988.0,12.0,0.0,0.0,986.5,0.0
1,20200,VOLCANIC_ROCK_VOUCHER_9500,990.0,16.0,0.0,0.0,0.0,0.0,991,16,0.0,0.0,0.0,0.0,990.5,0.0
1,20300,VOLCANIC_ROCK_VOUCHER_9500,992.0,17.0,0.0,0.0,0.0,0.0,993,17,0.0,0.0,0.0,0.0,992.5,0.0
1,20400,VOLCANIC_ROCK_VOUCHER_9500,993.0,19.0,0.0,0.0,0.0,0.0,994,19,0.0,0.0,0.0,0.0,993.5,0.0
1,20500,VOLCANIC_ROCK_VOUCHER_9500,993.0,19.0,0.0,0.0,0.0,0.0,994,19,0.0,0.0,0.0,0.0,993.5,0.0
1,20600,VOLCANIC_ROCK_VOUCHER_9500,995.0,13.0,994.0,17.0,0.0,0.0,996,17,0.0,0.0,0.0,0.0,995.5,0.0
1,20700,VOLCANIC_ROCK_VOUCHER_9500,993.0,11.0,0.0,0.0,0.0,0.0,994,11,0.0,0.0,0.0,0.0,993.5,0.0
1,20800,VOLCANIC_ROCK_VOUCHER_9500,993.0,21.0,0.0,0.0,0.0,0.0,994,21,0.0,0.0,0.0,0.0,993.5,0.0
1,20900,VOLCANIC_ROCK_VOUCHER_9500,997.0,19.0,0.0,0.0,0.0,0.0,998,19,0.0,0.0,0.0,0.0,997.5,0.0
1,21000,VOLCANIC_ROCK_VOUCHER_9500,996.0,18.0,0.0,0.0,0.0,0.0,998,18,0.0,0.0,0.0,0.0,997.0,0.0
1,21100,VOLCANIC_ROCK_VOUCHER_9500,999.0,11.0,0.0,0.0,0.0,0.0,1000,11,0.0,0.0,0.0,0.0,999.5,0.0
1,21200,VOLCANIC_ROCK_VOUCHER_9500,996.0,12.0,0.0,0.0,0.0,0.0,997,12,0.0,0.0,0.0,0.0,996.5,0.0
1,21300,VOLCANIC_ROCK_VOUCHER_9500,999.0,18.0,0.0,0.0,0.0,0.0,1000,18,0.0,0.0,0.0,0.0,999.5,0.0
1,21400,VOLCANIC_ROCK_VOUCHER_9500,1000.0,15.0,0.0,0.0,0.0,0.0,1001,15,0.0,0.0,0.0,0.0,1000.5,0.0
1,21500,VOLCANIC_ROCK_VOUCHER_9500,1002.0,21.0,0.0,0.0,0.0,0.0,1003,21,0.0,0.0,0.0,0.0,1002.5,0.0
1,21600,VOLCANIC_ROCK_VOUCHER_9500,1001.0,18.0,0.0,0.0,0.0,0.0,1002,18,0.0,0.0,0.0,0.0,1001.5,0.0
1,21700,VOLCANIC_ROCK_VOUCHER_9500,1000.0,18.0,0.0,0.0,0.0,0.0,1001,18,0.0,0.0,0.0,0.0,1000.5,0.0
1,21800,VOLCANIC_ROCK_VOUCHER_9500,998.0,18.0,0.0,0.0,0.0,0.0,999,18,0.0,0.0,0.0,0.0,998.5,0.0
1,21900,VOLCANIC_ROCK_VOUCHER_9500,999.0,14.0,0.0,0.0,0.0,0.0,1000,14,0.0,0.0,0.0,0.0,999.5,0.0
1,22000,VOLCANIC_ROCK_VOUCHER_9500,999.0,19.0,0.0,0.0,0.0,0.0,1000,19,0.0,0.0,0.0,0.0,999.5,0.0
1,22100,VOLCANIC_ROCK_VOUCHER_9500,997.0,19.0,0.0,0.0,0.0,0.0,998,19,0.0,0.0,0.0,0.0,997.5,0.0
1,22200,VOLCANIC_ROCK_VOUCHER_9500,997.0,19.0,0.0,0.0,0.0,0.0,998,19,0.0,0.0,0.0,0.0,997.5,0.0
1,22300,VOLCANIC_ROCK_VOUCHER_9500,998.0,22.0,0.0,0.0,0.0,0.0,999,22,0.0,0.0,0.0,0.0,998.5,0.0
1,22400,VOLCANIC_ROCK_VOUCHER_9500,991.0,21.0,0.0,0.0,0.0,0.0,992,21,0.0,0.0,0.0,0.0,991.5,0.0
1,22500,VOLCANIC_ROCK_VOUCHER_9500,991.0,12.0,0.0,0.0,0.0,0.0,992,12,0.0,0.0,0.0,0.0,991.5,0.0
1,22600,VOLCANIC_ROCK_VOUCHER_9500,991.0,13.0,0.0,0.0,0.0,0.0,992,13,0.0,0.0,0.0,0.0,991.5,0.0
1,22700,VOLCANIC_ROCK_VOUCHER_9500,988.0,11.0,0.0,0.0,0.0,0.0,989,11,0.0,0.0,0.0,0.0,988.5,0.0
1,22800,VOLCANIC_ROCK_VOUCHER_9500,985.0,18.0,0.0,0.0,0.0,0.0,986,18,0.0,0.0,0.0,0.0,985.5,0.0
1,22900,VOLCANIC_ROCK_VOUCHER_9500,982.0,11.0,0.0,0.0,0.0,0.0,983,11,0.0,0.0,0.0,0.0,982.5,0.0
1,23000,VOLCANIC_ROCK_VOUCHER_9500,983.0,18.0,0.0,0.0,0.0,0.0,984,18,0.0,0.0,0.0,0.0,983.5,0.0
1,23100,VOLCANIC_ROCK_VOUCHER_9500,985.0,17.0,0.0,0.0,0.0,0.0,986,17,0.0,0.0,0.0,0.0,985.5,0.0
1,23200,VOLCANIC_ROCK_VOUCHER_9500,984.0,19.0,0.0,0.0,0.0,0.0,985,19,0.0,0.0,0.0,0.0,984.5,0.0
1,23300,VOLCANIC_ROCK_VOUCHER_9500,983.0,21.0,0.0,0.0,0.0,0.0,984,21,0.0,0.0,0.0,0.0,983.5,0.0
1,23400,VOLCANIC_ROCK_VOUCHER_9500,986.0,15.0,0.0,0.0,0.0,0.0,987,15,0.0,0.0,0.0,0.0,986.5,0.0
1,23500,VOLCANIC_ROCK_VOUCHER_9500,988.0,17.0,0.0,0.0,0.0,0.0,989,17,0.0,0.0,0.0,0.0,988.5,0.0
1,23600,VOLCANIC_ROCK_VOUCHER_9500,989.0,15.0,0.0,0.0,0.0,0.0,990,15,0.0,0.0,0.0,0.0,989.5,0.0
1,23700,VOLCANIC_ROCK_VOUCHER_9500,988.0,11.0,0.0,0.0,0.0,0.0,989,11,0.0,0.0,0.0,0.0,988.5,0.0
1,23800,VOLCANIC_ROCK_VOUCHER_9500,986.0,13.0,0.0,0.0,0.0,0.0,987,13,0.0,0.0,0.0,0.0,986.5,0.0
1,23900,VOLCANIC_ROCK_VOUCHER_9500,985.0,12.0,0.0,0.0,0.0,0.0,987,12,0.0,0.0,0.0,0.0,986.0,0.0
1,24000,VOLCANIC_ROCK_VOUCHER_9500,985.0,18.0,0.0,0.0,0.0,0.0,986,18,0.0,0.0,0.0,0.0,985.5,0.0
1,24100,VOLCANIC_ROCK_VOUCHER_9500,988.0,19.0,0.0,0.0,0.0,0.0,989,19,0.0,0.0,0.0,0.0,988.5,0.0
1,24200,VOLCANIC_ROCK_VOUCHER_9500,992.0,17.0,0.0,0.0,0.0,0.0,993,17,0.0,0.0,0.0,0.0,992.5,0.0
1,24300,VOLCANIC_ROCK_VOUCHER_9500,992.0,17.0,0.0,0.0,0.0,0.0,993,17,0.0,0.0,0.0,0.0,992.5,0.0
1,24400,VOLCANIC_ROCK_VOUCHER_9500,994.0,14.0,0.0,0.0,0.0,0.0,995,14,0.0,0.0,0.0,0.0,994.5,0.0
1,24500,VOLCANIC_ROCK_VOUCHER_9500,993.0,20.0,0.0,0.0,0.0,0.0,994,20,0.0,0.0,0.0,0.0,993.5,0.0
1,24600,VOLCANIC_ROCK_VOUCHER_9500,993.0,17.0,0.0,0.0,0.0,0.0,994,17,0.0,0.0,0.0,0.0,993.5,0.0
1,24700,VOLCANIC_ROCK_VOUCHER_9500,992.0,2.0,991.0,13.0,0.0,0.0,993,15,0.0,0.0,0.0,0.0,992.5,0.0
1,24800,VOLCANIC_ROCK_VOUCHER_9500,994.0,12.0,0.0,0.0,0.0,0.0,995,12,0.0,0.0,0.0,0.0,994.5,0.0
1,24900,VOLCANIC_ROCK_VOUCHER_9500,997.0,14.0,0.0,0.0,0.0,0.0,998,14,0.0,0.0,0.0,0.0,997.5,0.0
1,25000,VOLCANIC_ROCK_VOUCHER_9500,997.0,17.0,0.0,0.0,0.0,0.0,998,17,0.0,0.0,0.0,0.0,997.5,0.0
1,25100,VOLCANIC_ROCK_VOUCHER_9500,997.0,16.0,0.0,0.0,0.0,0.0,998,16,0.0,0.0,0.0,0.0,997.5,0.0
1,25200,VOLCANIC_ROCK_VOUCHER_9500,998.0,20.0,0.0,0.0,0.0,0.0,999,20,0.0,0.0,0.0,0.0,998.5,0.0
1,25300,VOLCANIC_ROCK_VOUCHER_9500,996.0,12.0,0.0,0.0,0.0,0.0,997,12,0.0,0.0,0.0,0.0,996.5,0.0
1,25400,VOLCANIC_ROCK_VOUCHER_9500,997.0,12.0,0.0,0.0,0.0,0.0,998,12,0.0,0.0,0.0,0.0,997.5,0.0
1,25500,VOLCANIC_ROCK_VOUCHER_9500,997.0,32.0,0.0,0.0,0.0,0.0,998,20,0.0,0.0,0.0,0.0,997.5,0.0
1,25600,VOLCANIC_ROCK_VOUCHER_9500,997.0,11.0,0.0,0.0,0.0,0.0,998,11,0.0,0.0,0.0,0.0,997.5,0.0
1,25700,VOLCANIC_ROCK_VOUCHER_9500,995.0,13.0,0.0,0.0,0.0,0.0,996,13,0.0,0.0,0.0,0.0,995.5,0.0
1,25800,VOLCANIC_ROCK_VOUCHER_9500,996.0,22.0,0.0,0.0,0.0,0.0,998,22,0.0,0.0,0.0,0.0,997.0,0.0
1,25900,VOLCANIC_ROCK_VOUCHER_9500,996.0,13.0,0.0,0.0,0.0,0.0,998,13,0.0,0.0,0.0,0.0,997.0,0.0
1,26000,VOLCANIC_ROCK_VOUCHER_9500,997.0,10.0,0.0,0.0,0.0,0.0,998,10,0.0,0.0,0.0,0.0,997.5,0.0
1,26100,VOLCANIC_ROCK_VOUCHER_9500,1002.0,14.0,0.0,0.0,0.0,0.0,1003,14,0.0,0.0,0.0,0.0,1002.5,0.0
1,26200,VOLCANIC_ROCK_VOUCHER_9500,1002.0,15.0,0.0,0.0,0.0,0.0,1003,15,0.0,0.0,0.0,0.0,1002.5,0.0
1,26300,VOLCANIC_ROCK_VOUCHER_9500,1001.0,17.0,0.0,0.0,0.0,0.0,1002,17,0.0,0.0,0.0,0.0,1001.5,0.0
1,26400,VOLCANIC_ROCK_VOUCHER_9500,1001.0,19.0,0.0,0.0,0.0,0.0,1002,19,0.0,0.0,0.0,0.0,1001.5,0.0
1,26500,VOLCANIC_ROCK_VOUCHER_9500,1001.0,17.0,0.0,0.0,0.0,0.0,1002,17,0.0,0.0,0.0,0.0,1001.5,0.0
1,26600,VOLCANIC_ROCK_VOUCHER_9500,998.0,0.0,0.0,0.0,0.0,0.0,999,2,1000.0,15.0,0.0,0.0,998.5,0.0
1,26700,VOLCANIC_ROCK_VOUCHER_9500,995.0,32.0,0.0,0.0,0.0,0.0,996,14,0.0,0.0,0.0,0.0,995.5,0.0
1,26800,VOLCANIC_ROCK_VOUCHER_9500,0.0,0.0,0.0,0.0,0.0,0.0,997,5,998.0,15.0,0.0,0.0,997.0,0.0
1,26900,VOLCANIC_ROCK_VOUCHER_9500,997.0,15.0,0.0,0.0,0.0,0.0,998,15,0.0,0.0,0.0,0.0,997.5,0.0
1,27000,VOLCANIC_ROCK_VOUCHER_9500,995.0,12.0,0.0,0.0,0.0,0.0,996,12,0.0,0.0,0.0,0.0,995.5,0.0
1,27100,VOLCANIC_ROCK_VOUCHER_9500,991.0,18.0,0.0,0.0,0.0,0.0,992,18,0.0,0.0,0.0,0.0,991.5,0.0
1,27200,VOLCANIC_ROCK_VOUCHER_9500,988.0,17.0,0.0,0.0,0.0,0.0,989,17,0.0,0.0,0.0,0.0,988.5,0.0
1,27300,VOLCANIC_ROCK_VOUCHER_9500,987.0,13.0,0.0,0.0,0.0,0.0,989,13,0.0,0.0,0.0,0.0,988.0,0.0
1,27400,VOLCANIC_ROCK_VOUCHER_9500,982.0,18.0,0.0,0.0,0.0,0.0,983,18,0.0,0.0,0.0,0.0,982.5,0.0
1,27500,VOLCANIC_ROCK_VOUCHER_9500,983.0,15.0,0.0,0.0,0.0,0.0,985,15,0.0,0.0,0.0,0.0,984.0,0.0
1,27600,VOLCANIC_ROCK_VOUCHER_9500,980.0,20.0,0.0,0.0,0.0,0.0,982,20,0.0,0.0,0.0,0.0,981.0,0.0
1,27700,VOLCANIC_ROCK_VOUCHER_9500,983.0,2.0,982.0,18.0,0.0,0.0,984,20,0.0,0.0,0.0,0.0,983.5,0.0
1,27800,VOLCANIC_ROCK_VOUCHER_9500,983.0,19.0,0.0,0.0,0.0,0.0,984,19,0.0,0.0,0.0,0.0,983.5,0.0
1,27900,VOLCANIC_ROCK_VOUCHER_9500,985.0,14.0,0.0,0.0,0.0,0.0,986,14,0.0,0.0,0.0,0.0,985.5,0.0
1,28000,VOLCANIC_ROCK_VOUCHER_9500,985.0,14.0,0.0,0.0,0.0,0.0,986,14,0.0,0.0,0.0,0.0,985.5,0.0
1,28100,VOLCANIC_ROCK_VOUCHER_9500,985.0,11.0,0.0,0.0,0.0,0.0,986,11,0.0,0.0,0.0,0.0,985.5,0.0
1,28200,VOLCANIC_ROCK_VOUCHER_9500,984.0,15.0,0.0,0.0,0.0,0.0,985,15,0.0,0.0,0.0,0.0,984.5,0.0
1,28300,VOLCANIC_ROCK_VOUCHER_9500,984.0,13.0,0.0,0.0,0.0,0.0,985,13,0.0,0.0,0.0,0.0,984.5,0.0
1,28400,VOLCANIC_ROCK_VOUCHER_9500,982.0,13.0,0.0,0.0,0.0,0.0,983,13,0.0,0.0,0.0,0.0,982.5,0.0
1,28500,VOLCANIC_ROCK_VOUCHER_9500,985.0,18.0,0.0,0.0,0.0,0.0,986,18,0.0,0.0,0.0,0.0,985.5,0.0
1,28600,VOLCANIC_ROCK_VOUCHER_9500,983.0,25.0,0.0,0.0,0.0,0.0,984,14,0.0,0.0,0.0,0.0,983.5,0.0
1,28700,VOLCANIC_ROCK_VOUCHER_9500,982.0,13.0,0.0,0.0,0.0,0.0,983,13,0.0,0.0,0.0,0.0,982.5,0.0
1,28800,VOLCANIC_ROCK_VOUCHER_9500,985.0,10.0,0.0,0.0,0.0,0.0,986,10,0.0,0.0,0.0,0.0,985.5,0.0
1,28900,VOLCANIC_ROCK_VOUCHER_9500,987.0,15.0,0.0,0.0,0.0,0.0,988,15,0.0,0.0,0.0,0.0,987.5,0.0
1,29000,VOLCANIC_ROCK_VOUCHER_9500,986.0,18.0,0.0,0.0,0.0,0.0,987,18,0.0,0.0,0.0,0.0,986.5,0.0
1,29100,VOLCANIC_ROCK_VOUCHER_9500,982.0,15.0,0.0,0.0,0.0,0.0,983,15,0.0,0.0,0.0,0.0,982.5,0.0
1,29200,VOLCANIC_ROCK_VOUCHER_9500,983.0,26.0,0.0,0.0,0.0,0.0,984,19,0.0,0.0,0.0,0.0,983.5,0.0
1,29300,VOLCANIC_ROCK_VOUCHER_9500,982.0,16.0,0.0,0.0,0.0,0.0,983,16,0.0,0.0,0.0,0.0,982.5,0.0
1,29400,VOLCANIC_ROCK_VOUCHER_9500,0.0,0.0,0.0,0.0,0.0,0.0,981,7,982.0,13.0,0.0,0.0,981.0,0.0
1,29500,VOLCANIC_ROCK_VOUCHER_9500,982.0,19.0,0.0,0.0,0.0,0.0,983,19,0.0,0.0,0.0,0.0,982.5,0.0
1,29600,VOLCANIC_ROCK_VOUCHER_9500,981.0,14.0,0.0,0.0,0.0,0.0,982,14,0.0,0.0,0.0,0.0,981.5,0.0
1,29700,VOLCANIC_ROCK_VOUCHER_9500,983.0,18.0,0.0,0.0,0.0,0.0,984,18,0.0,0.0,0.0,0.0,983.5,0.0
1,29800,VOLCANIC_ROCK_VOUCHER_9500,984.0,15.0,0.0,0.0,0.0,0.0,985,15,0.0,0.0,0.0,0.0,984.5,0.0
1,29900,VOLCANIC_ROCK_VOUCHER_9500,983.0,12.0,0.0,0.0,0.0,0.0,984,12,0.0,0.0,0.0,0.0,983.5,0.0
1,30000,VOLCANIC_ROCK_VOUCHER_9500,982.0,21.0,0.0,0.0,0.0,0.0,983,21,0.0,0.0,0.0,0.0,982.5,0.0
1,30100,VOLCANIC_ROCK_VOUCHER_9500,982.0,17.0,0.0,0.0,0.0,0.0,983,17,0.0,0.0,0.0,0.0,982.5,0.0
1,30200,VOLCANIC_ROCK_VOUCHER_9500,979.0,21.0,0.0,0.0,0.0,0.0,980,21,0.0,0.0,0.0,0.0,979.5,0.0
1,30300,VOLCANIC_ROCK_VOUCHER_9500,979.0,17.0,0.0,0.0,0.0,0.0,980,17,0.0,0.0,0.0,0.0,979.5,0.0
1,30400,VOLCANIC_ROCK_VOUCHER_9500,979.0,18.0,0.0,0.0,0.0,0.0,980,18,0.0,0.0,0.0,0.0,979.5,0.0
1,30500,VOLCANIC_ROCK_VOUCHER_9500,980.0,28.0,0.0,0.0,0.0,0.0,981,14,0.0,0.0,0.0,0.0,980.5,0.0
1,30600,VOLCANIC_ROCK_VOUCHER_9500,974.0,35.0,0.0,0.0,0.0,0.0,975,15,0.0,0.0,0.0,0.0,974.5,0.0
1,30700,VOLCANIC_ROCK_VOUCHER_9500,973.0,19.0,0.0,0.0,0.0,0.0,974,19,0.0,0.0,0.0,0.0,973.5,0.0
1,30800,VOLCANIC_ROCK_VOUCHER_9500,975.0,12.0,974.0,17.0,0.0,0.0,976,17,0.0,0.0,0.0,0.0,975.5,0.0
1,30900,VOLCANIC_ROCK_VOUCHER_9500,976.0,17.0,0.0,0.0,0.0,0.0,977,17,0.0,0.0,0.0,0.0,976.5,0.0
1,31000,VOLCANIC_ROCK_VOUCHER_9500,975.0,1.0,0.0,0.0,0.0,0.0,976,20,0.0,0.0,0.0,0.0,975.5,0.0
1,31100,VOLCANIC_ROCK_VOUCHER_9500,973.0,15.0,0.0,0.0,0.0,0.0,974,15,0.0,0.0,0.0,0.0,973.5,0.0
1,31200,VOLCANIC_ROCK_VOUCHER_9500,976.0,19.0,0.0,0.0,0.0,0.0,977,19,0.0,0.0,0.0,0.0,976.5,0.0
1,31300,VOLCANIC_ROCK_VOUCHER_9500,975.0,18.0,0.0,0.0,0.0,0.0,976,18,0.0,0.0,0.0,0.0,975.5,0.0
1,31400,VOLCANIC_ROCK_VOUCHER_9500,975.0,14.0,0.0,0.0,0.0,0.0,976,14,0.0,0.0,0.0,0.0,975.5,0.0
1,31500,VOLCANIC_ROCK_VOUCHER_9500,974.0,21.0,0.0,0.0,0.0,0.0,975,21,0.0,0.0,0.0,0.0,974.5,0.0
1,31600,VOLCANIC_ROCK_VOUCHER_9500,973.0,14.0,0.0,0.0,0.0,0.0,974,14,0.0,0.0,0.0,0.0,973.5,0.0
1,31700,VOLCANIC_ROCK_VOUCHER_9500,972.0,15.0,0.0,0.0,0.0,0.0,973,15,0.0,0.0,0.0,0.0,972.5,0.0
1,31800,VOLCANIC_ROCK_VOUCHER_9500,974.0,13.0,0.0,0.0,0.0,0.0,975,13,0.0,0.0,0.0,0.0,974.5,0.0
1,31900,VOLCANIC_ROCK_VOUCHER_9500,972.0,21.0,0.0,0.0,0.0,0.0,973,21,0.0,0.0,0.0,0.0,972.5,0.0
1,32000,VOLCANIC_ROCK_VOUCHER_9500,967.0,12.0,0.0,0.0,0.0,0.0,968,12,0.0,0.0,0.0,0.0,967.5,0.0
1,32100,VOLCANIC_ROCK_VOUCHER_9500,960.0,20.0,0.0,0.0,0.0,0.0,962,20,0.0,0.0,0.0,0.0,961.0,0.0
1,32200,VOLCANIC_ROCK_VOUCHER_9500,953.0,30.0,0.0,0.0,0.0,0.0,954,20,0.0,0.0,0.0,0.0,953.5,0.0
1,32300,VOLCANIC_ROCK_VOUCHER_9500,958.0,22.0,0.0,0.0,0.0,0.0,960,22,0.0,0.0,0.0,0.0,959.0,0.0
1,32400,VOLCANIC_ROCK_VOUCHER_9500,959.0,24.0,0.0,0.0,0.0,0.0,960,16,0.0,0.0,0.0,0.0,959.5,0.0
1,32500,VOLCANIC_ROCK_VOUCHER_9500,958.0,20.0,0.0,0.0,0.0,0.0,959,20,0.0,0.0,0.0,0.0,958.5,0.0
1,32600,VOLCANIC_ROCK_VOUCHER_9500,941.0,15.0,0.0,0.0,0.0,0.0,942,15,0.0,0.0,0.0,0.0,941.5,0.0
1,32700,VOLCANIC_ROCK_VOUCHER_9500,941.0,18.0,0.0,0.0,0.0,0.0,942,18,0.0,0.0,0.0,0.0,941.5,0.0
1,32800,VOLCANIC_ROCK_VOUCHER_9500,956.0,14.0,0.0,0.0,0.0,0.0,958,14,0.0,0.0,0.0,0.0,957.0,0.0
1,32900,VOLCANIC_ROCK_VOUCHER_9500,950.0,17.0,0.0,0.0,0.0,0.0,951,17,0.0,0.0,0.0,0.0,950.5,0.0
1,33000,VOLCANIC_ROCK_VOUCHER_9500,949.0,16.0,0.0,0.0,0.0,0.0,950,16,0.0,0.0,0.0,0.0,949.5,0.0
1,33100,VOLCANIC_ROCK_VOUCHER_9500,946.0,3.0,0.0,0.0,0.0,0.0,947,18,0.0,0.0,0.0,0.0,946.5,0.0
1,33200,VOLCANIC_ROCK_VOUCHER_9500,943.0,21.0,0.0,0.0,0.0,0.0,944,21,0.0,0.0,0.0,0.0,943.5,0.0
1,33300,VOLCANIC_ROCK_VOUCHER_9500,938.0,20.0,0.0,0.0,0.0,0.0,939,20,0.0,0.0,0.0,0.0,938.5,0.0
1,33400,VOLCANIC_ROCK_VOUCHER_9500,940.0,12.0,0.0,0.0,0.0,0.0,942,12,0.0,0.0,0.0,0.0,941.0,0.0
1,33500,VOLCANIC_ROCK_VOUCHER_9500,942.0,13.0,0.0,0.0,0.0,0.0,943,13,0.0,0.0,0.0,0.0,942.5,0.0
1,33600,VOLCANIC_ROCK_VOUCHER_9500,942.0,18.0,0.0,0.0,0.0,0.0,943,18,0.0,0.0,0.0,0.0,942.5,0.0
1,33700,VOLCANIC_ROCK_VOUCHER_9500,944.0,36.0,0.0,0.0,0.0,0.0,945,17,0.0,0.0,0.0,0.0,944.5,0.0
1,33800,VOLCANIC_ROCK_VOUCHER_9500,942.0,10.0,0.0,0.0,0.0,0.0,944,10,0.0,0.0,0.0,0.0,943.0,0.0
1,33900,VOLCANIC_ROCK_VOUCHER_9500,943.0,36.0,0.0,0.0,0.0,0.0,944,16,0.0,0.0,0.0,0.0,943.5,0.0
1,34000,VOLCANIC_ROCK_VOUCHER_9500,944.0,22.0,0.0,0.0,0.0,0.0,946,22,0.0,0.0,0.0,0.0,945.0,0.0
1,34100,VOLCANIC_ROCK_VOUCHER_9500,942.0,13.0,0.0,0.0,0.0,0.0,943,13,0.0,0.0,0.0,0.0,942.5,0.0
1,34200,VOLCANIC_ROCK_VOUCHER_9500,941.0,16.0,0.0,0.0,0.0,0.0,942,16,0.0,0.0,0.0,0.0,941.5,0.0
1,34300,VOLCANIC_ROCK_VOUCHER_9500,940.0,18.0,0.0,0.0,0.0,0.0,941,18,0.0,0.0,0.0,0.0,940.5,0.0
1,34400,VOLCANIC_ROCK_VOUCHER_9500,944.0,18.0,0.0,0.0,0.0,0.0,945,2,946.0,16.0,0.0,0.0,944.5,0.0
1,34500,VOLCANIC_ROCK_VOUCHER_9500,942.0,22.0,0.0,0.0,0.0,0.0,943,22,0.0,0.0,0.0,0.0,942.5,0.0
1,34600,VOLCANIC_ROCK_VOUCHER_9500,941.0,11.0,0.0,0.0,0.0,0.0,942,11,0.0,0.0,0.0,0.0,941.5,0.0
1,34700,VOLCANIC_ROCK_VOUCHER_9500,940.0,16.0,0.0,0.0,0.0,0.0,941,16,0.0,0.0,0.0,0.0,940.5,0.0
1,34800,VOLCANIC_ROCK_VOUCHER_9500,948.0,18.0,0.0,0.0,0.0,0.0,949,18,0.0,0.0,0.0,0.0,948.5,0.0
1,34900,VOLCANIC_ROCK_VOUCHER_9500,948.0,10.0,0.0,0.0,0.0,0.0,949,10,0.0,0.0,0.0,0.0,948.5,0.0
1,35000,VOLCANIC_ROCK_VOUCHER_9500,948.0,14.0,0.0,0.0,0.0,0.0,949,14,0.0,0.0,0.0,0.0,948.5,0.0
1,35100,VOLCANIC_ROCK_VOUCHER_9500,950.0,19.0,0.0,0.0,0.0,0.0,951,19,0.0,0.0,0.0,0.0,950.5,0.0
1,35200,VOLCANIC_ROCK_VOUCHER_9500,950.0,13.0,0.0,0.0,0.0,0.0,952,13,0.0,0.0,0.0,0.0,951.0,0.0
1,35300,VOLCANIC_ROCK_VOUCHER_9500,948.0,12.0,0.0,0.0,0.0,0.0,949,12,0.0,0.0,0.0,0.0,948.5,0.0
1,35400,VOLCANIC_ROCK_VOUCHER_9500,948.0,7.0,0.0,0.0,0.0,0.0,950,22,0.0,0.0,0.0,0.0,949.0,0.0
1,35500,VOLCANIC_ROCK_VOUCHER_9500,956.0,22.0,0.0,0.0,0.0,0.0,957,22,0.0,0.0,0.0,0.0,956.5,0.0
1,35600,VOLCANIC_ROCK_VOUCHER_9500,956.0,20.0,0.0,0.0,0.0,0.0,957,20,0.0,0.0,0.0,0.0,956.5,0.0
1,35700,VOLCANIC_ROCK_VOUCHER_9500,956.0,15.0,0.0,0.0,0.0,0.0,957,15,0.0,0.0,0.0,0.0,956.5,0.0
1,35800,VOLCANIC_ROCK_VOUCHER_9500,954.0,16.0,0.0,0.0,0.0,0.0,955,16,0.0,0.0,0.0,0.0,954.5,0.0
1,35900,VOLCANIC_ROCK_VOUCHER_9500,952.0,21.0,0.0,0.0,0.0,0.0,953,21,0.0,0.0,0.0,0.0,952.5,0.0
1,36000,VOLCANIC_ROCK_VOUCHER_9500,950.0,10.0,0.0,0.0,0.0,0.0,951,10,0.0,0.0,0.0,0.0,950.5,0.0
1,36100,VOLCANIC_ROCK_VOUCHER_9500,947.0,32.0,0.0,0.0,0.0,0.0,948,22,0.0,0.0,0.0,0.0,947.5,0.0
1,36200,VOLCANIC_ROCK_VOUCHER_9500,948.0,12.0,0.0,0.0,0.0,0.0,949,17,0.0,0.0,0.0,0.0,948.5,0.0
1,36300,VOLCANIC_ROCK_VOUCHER_9500,949.0,11.0,0.0,0.0,0.0,0.0,950,11,0.0,0.0,0.0,0.0,949.5,0.0
1,36400,VOLCANIC_ROCK_VOUCHER_9500,950.0,17.0,0.0,0.0,0.0,0.0,951,17,0.0,0.0,0.0,0.0,950.5,0.0
1,36500,VOLCANIC_ROCK_VOUCHER_9500,953.0,33.0,0.0,0.0,0.0,0.0,954,18,0.0,0.0,0.0,0.0,953.5,0.0
1,36600,VOLCANIC_ROCK_VOUCHER_9500,954.0,13.0,0.0,0.0,0.0,0.0,955,13,0.0,0.0,0.0,0.0,954.5,0.0
1,36700,VOLCANIC_ROCK_VOUCHER_9500,955.0,20.0,0.0,0.0,0.0,0.0,956,20,0.0,0.0,0.0,0.0,955.5,0.0
1,36800,VOLCANIC_ROCK_VOUCHER_9500,954.0,16.0,0.0,0.0,0.0,0.0,955,16,0.0,0.0,0.0,0.0,954.5,0.0
1,36900,VOLCANIC_ROCK_VOUCHER_9500,952.0,32.0,0.0,0.0,0.0,0.0,953,16,0.0,0.0,0.0,0.0,952.5,0.0
1,37000,VOLCANIC_ROCK_VOUCHER_9500,953.0,13.0,0.0,0.0,0.0,0.0,954,13,0.0,0.0,0.0,0.0,953.5,0.0
1,37100,VOLCANIC_ROCK_VOUCHER_9500,948.0,15.0,0.0,0.0,0.0,0.0,949,15,0.0,0.0,0.0,0.0,948.5,0.0
1,37200,VOLCANIC_ROCK_VOUCHER_9500,949.0,17.0,0.0,0.0,0.0,0.0,950,17,0.0,0.0,0.0,0.0,949.5,0.0
1,37300,VOLCANIC_ROCK_VOUCHER_9500,0.0,0.0,0.0,0.0,0.0,0.0,950,3,951.0,17.0,0.0,0.0,950.0,0.0
1,37400,VOLCANIC_ROCK_VOUCHER_9500,949.0,13.0,0.0,0.0,0.0,0.0,950,13,0.0,0.0,0.0,0.0,949.5,0.0
1,37500,VOLCANIC_ROCK_VOUCHER_9500,951.0,15.0,0.0,0.0,0.0,0.0,952,15,0.0,0.0,0.0,0.0,951.5,0.0
1,37600,VOLCANIC_ROCK_VOUCHER_9500,950.0,20.0,0.0,0.0,0.0,0.0,951,20,0.0,0.0,0.0,0.0,950.5,0.0
1,37700,VOLCANIC_ROCK_VOUCHER_9500,950.0,10.0,0.0,0.0,0.0,0.0,951,10,0.0,0.0,0.0,0.0,950.5,0.0
1,37800,VOLCANIC_ROCK_VOUCHER_9500,948.0,18.0,0.0,0.0,0.0,0.0,950,18,0.0,0.0,0.0,0.0,949.0,0.0
1,37900,VOLCANIC_ROCK_VOUCHER_9500,946.0,22.0,0.0,0.0,0.0,0.0,947,22,0.0,0.0,0.0,0.0,946.5,0.0
1,38000,VOLCANIC_ROCK_VOUCHER_9500,944.0,20.0,0.0,0.0,0.0,0.0,945,20,0.0,0.0,0.0,0.0,944.5,0.0
1,38100,VOLCANIC_ROCK_VOUCHER_9500,947.0,11.0,0.0,0.0,0.0,0.0,948,11,0.0,0.0,0.0,0.0,947.5,0.0
1,38200,VOLCANIC_ROCK_VOUCHER_9500,948.0,18.0,0.0,0.0,0.0,0.0,949,18,0.0,0.0,0.0,0.0,948.5,0.0
1,38300,VOLCANIC_ROCK_VOUCHER_9500,952.0,15.0,0.0,0.0,0.0,0.0,954,15,0.0,0.0,0.0,0.0,953.0,0.0
1,38400,VOLCANIC_ROCK_VOUCHER_9500,952.0,20.0,0.0,0.0,0.0,0.0,954,20,0.0,0.0,0.0,0.0,953.0,0.0
1,38500,VOLCANIC_ROCK_VOUCHER_9500,953.0,20.0,0.0,0.0,0.0,0.0,954,20,0.0,0.0,0.0,0.0,953.5,0.0
1,38600,VOLCANIC_ROCK_VOUCHER_9500,957.0,15.0,0.0,0.0,0.0,0.0,958,15,0.0,0.0,0.0,0.0,957.5,0.0
1,38700,VOLCANIC_ROCK_VOUCHER_9500,956.0,12.0,0.0,0.0,0.0,0.0,957,12,0.0,0.0,0.0,0.0,956.5,0.0
1,38800,VOLCANIC_ROCK_VOUCHER_9500,955.0,1.0,0.0,0.0,0.0,0.0,956,12,0.0,0.0,0.0,0.0,955.5,0.0
1,38900,VOLCANIC_ROCK_VOUCHER_9500,957.0,20.0,0.0,0.0,0.0,0.0,959,20,0.0,0.0,0.0,0.0,958.0,0.0
1,39000,VOLCANIC_ROCK_VOUCHER_9500,957.0,16.0,0.0,0.0,0.0,0.0,958,16,0.0,0.0,0.0,0.0,957.5,0.0
1,39100,VOLCANIC_ROCK_VOUCHER_9500,951.0,6.0,0.0,0.0,0.0,0.0,952,18,0.0,0.0,0.0,0.0,951.5,0.0
1,39200,VOLCANIC_ROCK_VOUCHER_9500,953.0,15.0,0.0,0.0,0.0,0.0,954,15,0.0,0.0,0.0,0.0,953.5,0.0
1,39300,VOLCANIC_ROCK_VOUCHER_9500,953.0,30.0,0.0,0.0,0.0,0.0,954,11,0.0,0.0,0.0,0.0,953.5,0.0
1,39400,VOLCANIC_ROCK_VOUCHER_9500,951.0,22.0,0.0,0.0,0.0,0.0,952,11,0.0,0.0,0.0,0.0,951.5,0.0
1,39500,VOLCANIC_ROCK_VOUCHER_9500,950.0,19.0,0.0,0.0,0.0,0.0,951,19,0.0,0.0,0.0,0.0,950.5,0.0
1,39600,VOLCANIC_ROCK_VOUCHER_9500,949.0,20.0,0.0,0.0,0.0,0.0,950,20,0.0,0.0,0.0,0.0,949.5,0.0
1,39700,VOLCANIC_ROCK_VOUCHER_9500,956.0,12.0,0.0,0.0,0.0,0.0,958,12,0.0,0.0,0.0,0.0,957.0,0.0
1,39800,VOLCANIC_ROCK_VOUCHER_9500,959.0,15.0,0.0,0.0,0.0,0.0,960,15,0.0,0.0,0.0,0.0,959.5,0.0
1,39900,VOLCANIC_ROCK_VOUCHER_9500,961.0,20.0,0.0,0.0,0.0,0.0,962,20,0.0,0.0,0.0,0.0,961.5,0.0
1,40000,VOLCANIC_ROCK_VOUCHER_9500,960.0,20.0,0.0,0.0,0.0,0.0,961,20,0.0,0.0,0.0,0.0,960.5,0.0
1,40100,VOLCANIC_ROCK_VOUCHER_9500,962.0,19.0,0.0,0.0,0.0,0.0,963,19,0.0,0.0,0.0,0.0,962.5,0.0
1,40200,VOLCANIC_ROCK_VOUCHER_9500,957.0,17.0,0.0,0.0,0.0,0.0,958,17,0.0,0.0,0.0,0.0,957.5,0.0
1,40300,VOLCANIC_ROCK_VOUCHER_9500,957.0,21.0,0.0,0.0,0.0,0.0,958,21,0.0,0.0,0.0,0.0,957.5,0.0
1,40400,VOLCANIC_ROCK_VOUCHER_9500,955.0,22.0,0.0,0.0,0.0,0.0,956,22,0.0,0.0,0.0,0.0,955.5,0.0
1,40500,VOLCANIC_ROCK_VOUCHER_9500,957.0,34.0,0.0,0.0,0.0,0.0,958,15,0.0,0.0,0.0,0.0,957.5,0.0
1,40600,VOLCANIC_ROCK_VOUCHER_9500,957.0,12.0,0.0,0.0,0.0,0.0,958,12,0.0,0.0,0.0,0.0,957.5,0.0
1,40700,VOLCANIC_ROCK_VOUCHER_9500,958.0,16.0,0.0,0.0,0.0,0.0,959,16,0.0,0.0,0.0,0.0,958.5,0.0
1,40800,VOLCANIC_ROCK_VOUCHER_9500,957.0,2.0,0.0,0.0,0.0,0.0,959,18,0.0,0.0,0.0,0.0,958.0,0.0
1,40900,VOLCANIC_ROCK_VOUCHER_9500,957.0,16.0,0.0,0.0,0.0,0.0,959,16,0.0,0.0,0.0,0.0,958.0,0.0
1,41000,VOLCANIC_ROCK_VOUCHER_9500,958.0,17.0,0.0,0.0,0.0,0.0,960,17,0.0,0.0,0.0,0.0,959.0,0.0
1,41100,VOLCANIC_ROCK_VOUCHER_9500,959.0,21.0,0.0,0.0,0.0,0.0,960,21,0.0,0.0,0.0,0.0,959.5,0.0
1,41200,VOLCANIC_ROCK_VOUCHER_9500,962.0,35.0,0.0,0.0,0.0,0.0,963,19,0.0,0.0,0.0,0.0,962.5,0.0
1,41300,VOLCANIC_ROCK_VOUCHER_9500,962.0,34.0,0.0,0.0,0.0,0.0,963,20,0.0,0.0,0.0,0.0,962.5,0.0
1,41400,VOLCANIC_ROCK_VOUCHER_9500,961.0,20.0,0.0,0.0,0.0,0.0,962,20,0.0,0.0,0.0,0.0,961.5,0.0
1,41500,VOLCANIC_ROCK_VOUCHER_9500,962.0,18.0,0.0,0.0,0.0,0.0,963,18,0.0,0.0,0.0,0.0,962.5,0.0
1,41600,VOLCANIC_ROCK_VOUCHER_9500,965.0,13.0,0.0,0.0,0.0,0.0,966,13,0.0,0.0,0.0,0.0,965.5,0.0
1,41700,VOLCANIC_ROCK_VOUCHER_9500,958.0,19.0,0.0,0.0,0.0,0.0,960,19,0.0,0.0,0.0,0.0,959.0,0.0
1,41800,VOLCANIC_ROCK_VOUCHER_9500,965.0,33.0,0.0,0.0,0.0,0.0,966,20,0.0,0.0,0.0,0.0,965.5,0.0
1,41900,VOLCANIC_ROCK_VOUCHER_9500,965.0,32.0,0.0,0.0,0.0,0.0,966,16,0.0,0.0,0.0,0.0,965.5,0.0
1,42000,VOLCANIC_ROCK_VOUCHER_9500,963.0,12.0,0.0,0.0,0.0,0.0,965,12,0.0,0.0,0.0,0.0,964.0,0.0
1,42100,VOLCANIC_ROCK_VOUCHER_9500,963.0,25.0,0.0,0.0,0.0,0.0,964,15,0.0,0.0,0.0,0.0,963.5,0.0
1,42200,VOLCANIC_ROCK_VOUCHER_9500,962.0,19.0,0.0,0.0,0.0,0.0,963,19,0.0,0.0,0.0,0.0,962.5,0.0
1,42300,VOLCANIC_ROCK_VOUCHER_9500,964.0,17.0,0.0,0.0,0.0,0.0,965,17,0.0,0.0,0.0,0.0,964.5,0.0
1,42400,VOLCANIC_ROCK_VOUCHER_9500,963.0,18.0,0.0,0.0,0.0,0.0,964,18,0.0,0.0,0.0,0.0,963.5,0.0
1,42500,VOLCANIC_ROCK_VOUCHER_9500,964.0,27.0,0.0,0.0,0.0,0.0,965,13,0.0,0.0,0.0,0.0,964.5,0.0
1,42600,VOLCANIC_ROCK_VOUCHER_9500,959.0,16.0,0.0,0.0,0.0,0.0,960,16,0.0,0.0,0.0,0.0,959.5,0.0
1,42700,VOLCANIC_ROCK_VOUCHER_9500,960.0,30.0,0.0,0.0,0.0,0.0,961,14,0.0,0.0,0.0,0.0,960.5,0.0
1,42800,VOLCANIC_ROCK_VOUCHER_9500,961.0,17.0,0.0,0.0,0.0,0.0,962,17,0.0,0.0,0.0,0.0,961.5,0.0
1,42900,VOLCANIC_ROCK_VOUCHER_9500,964.0,17.0,0.0,0.0,0.0,0.0,965,17,0.0,0.0,0.0,0.0,964.5,0.0
1,43000,VOLCANIC_ROCK_VOUCHER_9500,964.0,18.0,0.0,0.0,0.0,0.0,966,18,0.0,0.0,0.0,0.0,965.0,0.0
1,43100,VOLCANIC_ROCK_VOUCHER_9500,963.0,14.0,0.0,0.0,0.0,0.0,964,14,0.0,0.0,0.0,0.0,963.5,0.0
1,43200,VOLCANIC_ROCK_VOUCHER_9500,963.0,15.0,0.0,0.0,0.0,0.0,965,15,0.0,0.0,0.0,0.0,964.0,0.0
1,43300,VOLCANIC_ROCK_VOUCHER_9500,962.0,17.0,0.0,0.0,0.0,0.0,963,17,0.0,0.0,0.0,0.0,962.5,0.0
1,43400,VOLCANIC_ROCK_VOUCHER_9500,961.0,17.0,0.0,0.0,0.0,0.0,962,17,0.0,0.0,0.0,0.0,961.5,0.0
1,43500,VOLCANIC_ROCK_VOUCHER_9500,962.0,2.0,0.0,0.0,0.0,0.0,963,14,0.0,0.0,0.0,0.0,962.5,0.0
1,43600,VOLCANIC_ROCK_VOUCHER_9500,961.0,11.0,0.0,0.0,0.0,0.0,962,11,0.0,0.0,0.0,0.0,961.5,0.0
1,43700,VOLCANIC_ROCK_VOUCHER_9500,960.0,19.0,0.0,0.0,0.0,0.0,961,19,0.0,0.0,0.0,0.0,960.5,0.0
1,43800,VOLCANIC_ROCK_VOUCHER_9500,961.0,18.0,0.0,0.0,0.0,0.0,963,18,0.0,0.0,0.0,0.0,962.0,0.0
1,43900,VOLCANIC_ROCK_VOUCHER_9500,960.0,13.0,0.0,0.0,0.0,0.0,961,13,0.0,0.0,0.0,0.0,960.5,0.0
1,44000,VOLCANIC_ROCK_VOUCHER_9500,958.0,18.0,0.0,0.0,0.0,0.0,959,18,0.0,0.0,0.0,0.0,958.5,0.0
1,44100,VOLCANIC_ROCK_VOUCHER_9500,949.0,15.0,0.0,0.0,0.0,0.0,950,15,0.0,0.0,0.0,0.0,949.5,0.0
1,44200,VOLCANIC_ROCK_VOUCHER_9500,947.0,14.0,0.0,0.0,0.0,0.0,949,14,0.0,0.0,0.0,0.0,948.0,0.0
1,44300,VOLCANIC_ROCK_VOUCHER_9500,949.0,12.0,0.0,0.0,0.0,0.0,950,12,0.0,0.0,0.0,0.0,949.5,0.0
1,44400,VOLCANIC_ROCK_VOUCHER_9500,950.0,34.0,0.0,0.0,0.0,0.0,951,14,0.0,0.0,0.0,0.0,950.5,0.0
1,44500,VOLCANIC_ROCK_VOUCHER_9500,951.0,14.0,0.0,0.0,0.0,0.0,952,14,0.0,0.0,0.0,0.0,951.5,0.0
1,44600,VOLCANIC_ROCK_VOUCHER_9500,952.0,8.0,0.0,0.0,0.0,0.0,953,21,0.0,0.0,0.0,0.0,952.5,0.0
1,44700,VOLCANIC_ROCK_VOUCHER_9500,950.0,15.0,0.0,0.0,0.0,0.0,951,15,0.0,0.0,0.0,0.0,950.5,0.0
1,44800,VOLCANIC_ROCK_VOUCHER_9500,950.0,10.0,0.0,0.0,0.0,0.0,952,10,0.0,0.0,0.0,0.0,951.0,0.0
1,44900,VOLCANIC_ROCK_VOUCHER_9500,950.0,22.0,0.0,0.0,0.0,0.0,951,22,0.0,0.0,0.0,0.0,950.5,0.0
1,45000,VOLCANIC_ROCK_VOUCHER_9500,950.0,20.0,0.0,0.0,0.0,0.0,951,20,0.0,0.0,0.0,0.0,950.5,0.0
1,45100,VOLCANIC_ROCK_VOUCHER_9500,950.0,20.0,0.0,0.0,0.0,0.0,951,20,0.0,0.0,0.0,0.0,950.5,0.0
1,45200,VOLCANIC_ROCK_VOUCHER_9500,951.0,14.0,0.0,0.0,0.0,0.0,952,14,0.0,0.0,0.0,0.0,951.5,0.0
1,45300,VOLCANIC_ROCK_VOUCHER_9500,952.0,15.0,0.0,0.0,0.0,0.0,953,15,0.0,0.0,0.0,0.0,952.5,0.0
1,45400,VOLCANIC_ROCK_VOUCHER_9500,951.0,27.0,0.0,0.0,0.0,0.0,952,17,0.0,0.0,0.0,0.0,951.5,0.0
1,45500,VOLCANIC_ROCK_VOUCHER_9500,948.0,13.0,0.0,0.0,0.0,0.0,949,13,0.0,0.0,0.0,0.0,948.5,0.0
1,45600,VOLCANIC_ROCK_VOUCHER_9500,947.0,17.0,0.0,0.0,0.0,0.0,948,17,0.0,0.0,0.0,0.0,947.5,0.0
1,45700,VOLCANIC_ROCK_VOUCHER_9500,0.0,0.0,0.0,0.0,0.0,0.0,948,7,949.0,13.0,0.0,0.0,948.0,0.0
1,45800,VOLCANIC_ROCK_VOUCHER_9500,948.0,19.0,0.0,0.0,0.0,0.0,949,19,0.0,0.0,0.0,0.0,948.5,0.0
1,45900,VOLCANIC_ROCK_VOUCHER_9500,948.0,17.0,0.0,0.0,0.0,0.0,950,17,0.0,0.0,0.0,0.0,949.0,0.0
1,46000,VOLCANIC_ROCK_VOUCHER_9500,950.0,16.0,0.0,0.0,0.0,0.0,951,16,0.0,0.0,0.0,0.0,950.5,0.0
1,46100,VOLCANIC_ROCK_VOUCHER_9500,950.0,24.0,0.0,0.0,0.0,0.0,952,13,0.0,0.0,0.0,0.0,951.0,0.0
1,46200,VOLCANIC_ROCK_VOUCHER_9500,950.0,15.0,0.0,0.0,0.0,0.0,951,15,0.0,0.0,0.0,0.0,950.5,0.0
1,46300,VOLCANIC_ROCK_VOUCHER_9500,952.0,13.0,0.0,0.0,0.0,0.0,953,13,0.0,0.0,0.0,0.0,952.5,0.0
1,46400,VOLCANIC_ROCK_VOUCHER_9500,950.0,12.0,0.0,0.0,0.0,0.0,951,12,0.0,0.0,0.0,0.0,950.5,0.0
1,46500,VOLCANIC_ROCK_VOUCHER_9500,950.0,21.0,0.0,0.0,0.0,0.0,951,1,952.0,20.0,0.0,0.0,950.5,0.0
1,46600,VOLCANIC_ROCK_VOUCHER_9500,949.0,4.0,0.0,0.0,0.0,0.0,950,20,0.0,0.0,0.0,0.0,949.5,0.0
1,46700,VOLCANIC_ROCK_VOUCHER_9500,950.0,15.0,0.0,0.0,0.0,0.0,952,15,0.0,0.0,0.0,0.0,951.0,0.0
1,46800,VOLCANIC_ROCK_VOUCHER_9500,948.0,22.0,0.0,0.0,0.0,0.0,949,12,0.0,0.0,0.0,0.0,948.5,0.0
1,46900,VOLCANIC_ROCK_VOUCHER_9500,948.0,18.0,0.0,0.0,0.0,0.0,949,18,0.0,0.0,0.0,0.0,948.5,0.0
1,47000,VOLCANIC_ROCK_VOUCHER_9500,947.0,21.0,0.0,0.0,0.0,0.0,948,21,0.0,0.0,0.0,0.0,947.5,0.0
1,47100,VOLCANIC_ROCK_VOUCHER_9500,948.0,15.0,0.0,0.0,0.0,0.0,949,15,0.0,0.0,0.0,0.0,948.5,0.0
1,47200,VOLCANIC_ROCK_VOUCHER_9500,949.0,21.0,0.0,0.0,0.0,0.0,950,21,0.0,0.0,0.0,0.0,949.5,0.0
1,47300,VOLCANIC_ROCK_VOUCHER_9500,949.0,37.0,0.0,0.0,0.0,0.0,950,19,0.0,0.0,0.0,0.0,949.5,0.0
1,47400,VOLCANIC_ROCK_VOUCHER_9500,950.0,20.0,0.0,0.0,0.0,0.0,951,20,0.0,0.0,0.0,0.0,950.5,0.0
1,47500,VOLCANIC_ROCK_VOUCHER_9500,950.0,12.0,0.0,0.0,0.0,0.0,951,12,0.0,0.0,0.0,0.0,950.5,0.0
1,47600,VOLCANIC_ROCK_VOUCHER_9500,948.0,15.0,0.0,0.0,0.0,0.0,949,15,0.0,0.0,0.0,0.0,948.5,0.0
1,47700,VOLCANIC_ROCK_VOUCHER_9500,946.0,15.0,0.0,0.0,0.0,0.0,947,15,0.0,0.0,0.0,0.0,946.5,0.0
1,47800,VOLCANIC_ROCK_VOUCHER_9500,944.0,20.0,0.0,0.0,0.0,0.0,945,20,0.0,0.0,0.0,0.0,944.5,0.0
1,47900,VOLCANIC_ROCK_VOUCHER_9500,945.0,14.0,0.0,0.0,0.0,0.0,946,14,0.0,0.0,0.0,0.0,945.5,0.0
1,48000,VOLCANIC_ROCK_VOUCHER_9500,946.0,21.0,0.0,0.0,0.0,0.0,947,21,0.0,0.0,0.0,0.0,946.5,0.0
1,48100,VOLCANIC_ROCK_VOUCHER_9500,945.0,13.0,0.0,0.0,0.0,0.0,946,13,0.0,0.0,0.0,0.0,945.5,0.0
1,48200,VOLCANIC_ROCK_VOUCHER_9500,943.0,17.0,0.0,0.0,0.0,0.0,944,17,0.0,0.0,0.0,0.0,943.5,0.0
1,48300,VOLCANIC_ROCK_VOUCHER_9500,943.0,29.0,0.0,0.0,0.0,0.0,945,18,0.0,0.0,0.0,0.0,944.0,0.0
1,48400,VOLCANIC_ROCK_VOUCHER_9500,943.0,22.0,0.0,0.0,0.0,0.0,945,22,0.0,0.0,0.0,0.0,944.0,0.0
1,48500,VOLCANIC_ROCK_VOUCHER_9500,946.0,19.0,0.0,0.0,0.0,0.0,947,19,0.0,0.0,0.0,0.0,946.5,0.0
1,48600,VOLCANIC_ROCK_VOUCHER_9500,945.0,19.0,0.0,0.0,0.0,0.0,946,19,0.0,0.0,0.0,0.0,945.5,0.0
1,48700,VOLCANIC_ROCK_VOUCHER_9500,950.0,31.0,0.0,0.0,0.0,0.0,951,14,0.0,0.0,0.0,0.0,950.5,0.0
1,48800,VOLCANIC_ROCK_VOUCHER_9500,951.0,20.0,0.0,0.0,0.0,0.0,952,20,0.0,0.0,0.0,0.0,951.5,0.0
1,48900,VOLCANIC_ROCK_VOUCHER_9500,952.0,13.0,0.0,0.0,0.0,0.0,954,13,0.0,0.0,0.0,0.0,953.0,0.0
1,49000,VOLCANIC_ROCK_VOUCHER_9500,950.0,20.0,0.0,0.0,0.0,0.0,951,20,0.0,0.0,0.0,0.0,950.5,0.0
1,49100,VOLCANIC_ROCK_VOUCHER_9500,948.0,19.0,0.0,0.0,0.0,0.0,949,19,0.0,0.0,0.0,0.0,948.5,0.0
1,49200,VOLCANIC_ROCK_VOUCHER_9500,949.0,20.0,0.0,0.0,0.0,0.0,950,20,0.0,0.0,0.0,0.0,949.5,0.0
1,49300,VOLCANIC_ROCK_VOUCHER_9500,948.0,16.0,0.0,0.0,0.0,0.0,949,16,0.0,0.0,0.0,0.0,948.5,0.0
1,49400,VOLCANIC_ROCK_VOUCHER_9500,948.0,15.0,0.0,0.0,0.0,0.0,950,15,0.0,0.0,0.0,0.0,949.0,0.0
1,49500,VOLCANIC_ROCK_VOUCHER_9500,948.0,12.0,0.0,0.0,0.0,0.0,950,12,0.0,0.0,0.0,0.0,949.0,0.0
1,49600,VOLCANIC_ROCK_VOUCHER_9500,0.0,0.0,0.0,0.0,0.0,0.0,942,3,943.0,17.0,0.0,0.0,942.0,0.0
1,49700,VOLCANIC_ROCK_VOUCHER_9500,945.0,15.0,0.0,0.0,0.0,0.0,946,15,0.0,0.0,0.0,0.0,945.5,0.0
1,49800,VOLCANIC_ROCK_VOUCHER_9500,944.0,15.0,0.0,0.0,0.0,0.0,945,15,0.0,0.0,0.0,0.0,944.5,0.0
1,49900,VOLCANIC_ROCK_VOUCHER_9500,945.0,17.0,0.0,0.0,0.0,0.0,946,17,0.0,0.0,0.0,0.0,945.5,0.0
1,50000,VOLCANIC_ROCK_VOUCHER_9500,945.0,18.0,0.0,0.0,0.0,0.0,946,18,0.0,0.0,0.0,0.0,945.5,0.0
1,50100,VOLCANIC_ROCK_VOUCHER_9500,944.0,14.0,0.0,0.0,0.0,0.0,945,14,0.0,0.0,0.0,0.0,944.5,0.0
1,50200,VOLCANIC_ROCK_VOUCHER_9500,946.0,30.0,0.0,0.0,0.0,0.0,947,15,0.0,0.0,0.0,0.0,946.5,0.0
1,50300,VOLCANIC_ROCK_VOUCHER_9500,951.0,11.0,0.0,0.0,0.0,0.0,952,11,0.0,0.0,0.0,0.0,951.5,0.0
1,50400,VOLCANIC_ROCK_VOUCHER_9500,956.0,20.0,0.0,0.0,0.0,0.0,957,20,0.0,0.0,0.0,0.0,956.5,0.0
1,50500,VOLCANIC_ROCK_VOUCHER_9500,950.0,19.0,0.0,0.0,0.0,0.0,951,19,0.0,0.0,0.0,0.0,950.5,0.0
1,50600,VOLCANIC_ROCK_VOUCHER_9500,953.0,0.0,0.0,0.0,0.0,0.0,954,13,0.0,0.0,0.0,0.0,953.5,0.0
1,50700,VOLCANIC_ROCK_VOUCHER_9500,953.0,11.0,0.0,0.0,0.0,0.0,954,11,0.0,0.0,0.0,0.0,953.5,0.0
1,50800,VOLCANIC_ROCK_VOUCHER_9500,955.0,21.0,0.0,0.0,0.0,0.0,956,21,0.0,0.0,0.0,0.0,955.5,0.0
1,50900,VOLCANIC_ROCK_VOUCHER_9500,951.0,13.0,0.0,0.0,0.0,0.0,953,13,0.0,0.0,0.0,0.0,952.0,0.0
1,51000,VOLCANIC_ROCK_VOUCHER_9500,947.0,21.0,0.0,0.0,0.0,0.0,949,21,0.0,0.0,0.0,0.0,948.0,0.0
1,51100,VOLCANIC_ROCK_VOUCHER_9500,0.0,0.0,0.0,0.0,0.0,0.0,946,1,948.0,13.0,0.0,0.0,946.0,0.0
1,51200,VOLCANIC_ROCK_VOUCHER_9500,941.0,16.0,0.0,0.0,0.0,0.0,943,16,0.0,0.0,0.0,0.0,942.0,0.0
1,51300,VOLCANIC_ROCK_VOUCHER_9500,939.0,18.0,0.0,0.0,0.0,0.0,940,18,0.0,0.0,0.0,0.0,939.5,0.0
1,51400,VOLCANIC_ROCK_VOUCHER_9500,939.0,17.0,0.0,0.0,0.0,0.0,940,17,0.0,0.0,0.0,0.0,939.5,0.0
1,51500,VOLCANIC_ROCK_VOUCHER_9500,946.0,14.0,0.0,0.0,0.0,0.0,947,14,0.0,0.0,0.0,0.0,946.5,0.0
1,51600,VOLCANIC_ROCK_VOUCHER_9500,944.0,12.0,0.0,0.0,0.0,0.0,945,12,0.0,0.0,0.0,0.0,944.5,0.0
1,51700,VOLCANIC_ROCK_VOUCHER_9500,943.0,20.0,0.0,0.0,0.0,0.0,944,20,0.0,0.0,0.0,0.0,943.5,0.0
1,51800,VOLCANIC_ROCK_VOUCHER_9500,943.0,16.0,0.0,0.0,0.0,0.0,944,16,0.0,0.0,0.0,0.0,943.5,0.0
1,51900,VOLCANIC_ROCK_VOUCHER_9500,943.0,12.0,0.0,0.0,0.0,0.0,944,12,0.0,0.0,0.0,0.0,943.5,0.0
1,52000,VOLCANIC_ROCK_VOUCHER_9500,945.0,16.0,0.0,0.0,0.0,0.0,946,16,0.0,0.0,0.0,0.0,945.5,0.0
1,52100,VOLCANIC_ROCK_VOUCHER_9500,945.0,13.0,0.0,0.0,0.0,0.0,946,13,0.0,0.0,0.0,0.0,945.5,0.0
1,52200,VOLCANIC_ROCK_VOUCHER_9500,946.0,14.0,0.0,0.0,0.0,0.0,947,14,0.0,0.0,0.0,0.0,946.5,0.0
1,52300,VOLCANIC_ROCK_VOUCHER_9500,945.0,13.0,0.0,0.0,0.0,0.0,946,13,0.0,0.0,0.0,0.0,945.5,0.0
1,52400,VOLCANIC_ROCK_VOUCHER_9500,944.0,30.0,0.0,0.0,0.0,0.0,945,21,0.0,0.0,0.0,0.0,944.5,0.0
1,52500,VOLCANIC_ROCK_VOUCHER_9500,940.0,7.0,0.0,0.0,0.0,0.0,941,19,0.0,0.0,0.0,0.0,940.5,0.0
1,52600,VOLCANIC_ROCK_VOUCHER_9500,940.0,17.0,0.0,0.0,0.0,0.0,941,17,0.0,0.0,0.0,0.0,940.5,0.0
1,52700,VOLCANIC_ROCK_VOUCHER_9500,940.0,20.0,0.0,0.0,0.0,0.0,941,20,0.0,0.0,0.0,0.0,940.5,0.0
1,52800,VOLCANIC_ROCK_VOUCHER_9500,943.0,17.0,0.0,0.0,0.0,0.0,944,17,0.0,0.0,0.0,0.0,943.5,0.0
1,52900,VOLCANIC_ROCK_VOUCHER_9500,943.0,11.0,0.0,0.0,0.0,0.0,944,11,0.0,0.0,0.0,0.0,943.5,0.0
1,53000,VOLCANIC_ROCK_VOUCHER_9500,949.0,20.0,0.0,0.0,0.0,0.0,950,20,0.0,0.0,0.0,0.0,949.5,0.0
1,53100,VOLCANIC_ROCK_VOUCHER_9500,948.0,18.0,0.0,0.0,0.0,0.0,949,18,0.0,0.0,0.0,0.0,948.5,0.0
1,53200,VOLCANIC_ROCK_VOUCHER_9500,953.0,20.0,0.0,0.0,0.0,0.0,954,20,0.0,0.0,0.0,0.0,953.5,0.0
1,53300,VOLCANIC_ROCK_VOUCHER_9500,955.0,17.0,0.0,0.0,0.0,0.0,956,17,0.0,0.0,0.0,0.0,955.5,0.0
1,53400,VOLCANIC_ROCK_VOUCHER_9500,960.0,16.0,0.0,0.0,0.0,0.0,961,16,0.0,0.0,0.0,0.0,960.5,0.0
1,53500,VOLCANIC_ROCK_VOUCHER_9500,961.0,13.0,0.0,0.0,0.0,0.0,962,13,0.0,0.0,0.0,0.0,961.5,0.0
1,53600,VOLCANIC_ROCK_VOUCHER_9500,959.0,13.0,0.0,0.0,0.0,0.0,960,13,0.0,0.0,0.0,0.0,959.5,0.0
1,53700,VOLCANIC_ROCK_VOUCHER_9500,959.0,19.0,0.0,0.0,0.0,0.0,960,19,0.0,0.0,0.0,0.0,959.5,0.0
1,53800,VOLCANIC_ROCK_VOUCHER_9500,960.0,15.0,0.0,0.0,0.0,0.0,961,15,0.0,0.0,0.0,0.0,960.5,0.0
1,53900,VOLCANIC_ROCK_VOUCHER_9500,962.0,15.0,0.0,0.0,0.0,0.0,963,15,0.0,0.0,0.0,0.0,962.5,0.0
1,54000,VOLCANIC_ROCK_VOUCHER_9500,962.0,39.0,0.0,0.0,0.0,0.0,963,13,0.0,0.0,0.0,0.0,962.5,0.0
1,54100,VOLCANIC_ROCK_VOUCHER_9500,961.0,18.0,0.0,0.0,0.0,0.0,962,18,0.0,0.0,0.0,0.0,961.5,0.0
1,54200,VOLCANIC_ROCK_VOUCHER_9500,963.0,9.0,962.0,13.0,0.0,0.0,964,13,0.0,0.0,0.0,0.0,963.5,0.0
1,54300,VOLCANIC_ROCK_VOUCHER_9500,963.0,18.0,0.0,0.0,0.0,0.0,964,18,0.0,0.0,0.0,0.0,963.5,0.0
1,54400,VOLCANIC_ROCK_VOUCHER_9500,962.0,4.0,0.0,0.0,0.0,0.0,964,15,0.0,0.0,0.0,0.0,963.0,0.0
1,54500,VOLCANIC_ROCK_VOUCHER_9500,962.0,14.0,0.0,0.0,0.0,0.0,964,14,0.0,0.0,0.0,0.0,963.0,0.0
1,54600,VOLCANIC_ROCK_VOUCHER_9500,961.0,35.0,0.0,0.0,0.0,0.0,963,18,0.0,0.0,0.0,0.0,962.0,0.0
1,54700,VOLCANIC_ROCK_VOUCHER_9500,966.0,21.0,0.0,0.0,0.0,0.0,968,21,0.0,0.0,0.0,0.0,967.0,0.0
1,54800,VOLCANIC_ROCK_VOUCHER_9500,967.0,14.0,0.0,0.0,0.0,0.0,968,14,0.0,0.0,0.0,0.0,967.5,0.0
1,54900,VOLCANIC_ROCK_VOUCHER_9500,970.0,17.0,0.0,0.0,0.0,0.0,972,17,0.0,0.0,0.0,0.0,971.0,0.0
1,55000,VOLCANIC_ROCK_VOUCHER_9500,976.0,20.0,0.0,0.0,0.0,0.0,977,20,0.0,0.0,0.0,0.0,976.5,0.0
1,55100,VOLCANIC_ROCK_VOUCHER_9500,976.0,15.0,0.0,0.0,0.0,0.0,978,15,0.0,0.0,0.0,0.0,977.0,0.0
1,55200,VOLCANIC_ROCK_VOUCHER_9500,975.0,14.0,0.0,0.0,0.0,0.0,976,14,0.0,0.0,0.0,0.0,975.5,0.0
1,55300,VOLCANIC_ROCK_VOUCHER_9500,0.0,0.0,0.0,0.0,0.0,0.0,975,5,976.0,11.0,0.0,0.0,975.0,0.0
1,55400,VOLCANIC_ROCK_VOUCHER_9500,975.0,24.0,0.0,0.0,0.0,0.0,976,13,0.0,0.0,0.0,0.0,975.5,0.0
1,55500,VOLCANIC_ROCK_VOUCHER_9500,975.0,12.0,0.0,0.0,0.0,0.0,976,12,0.0,0.0,0.0,0.0,975.5,0.0
1,55600,VOLCANIC_ROCK_VOUCHER_9500,972.0,11.0,0.0,0.0,0.0,0.0,973,11,0.0,0.0,0.0,0.0,972.5,0.0
1,55700,VOLCANIC_ROCK_VOUCHER_9500,973.0,19.0,0.0,0.0,0.0,0.0,974,19,0.0,0.0,0.0,0.0,973.5,0.0
1,55800,VOLCANIC_ROCK_VOUCHER_9500,975.0,11.0,0.0,0.0,0.0,0.0,976,11,0.0,0.0,0.0,0.0,975.5,0.0
1,55900,VOLCANIC_ROCK_VOUCHER_9500,974.0,20.0,0.0,0.0,0.0,0.0,976,20,0.0,0.0,0.0,0.0,975.0,0.0
1,56000,VOLCANIC_ROCK_VOUCHER_9500,972.0,18.0,0.0,0.0,0.0,0.0,973,18,0.0,0.0,0.0,0.0,972.5,0.0
1,56100,VOLCANIC_ROCK_VOUCHER_9500,973.0,11.0,0.0,0.0,0.0,0.0,974,11,0.0,0.0,0.0,0.0,973.5,0.0
1,56200,VOLCANIC_ROCK_VOUCHER_9500,975.0,12.0,0.0,0.0,0.0,0.0,976,12,0.0,0.0,0.0,0.0,975.5,0.0
1,56300,VOLCANIC_ROCK_VOUCHER_9500,975.0,13.0,0.0,0.0,0.0,0.0,977,13,0.0,0.0,0.0,0.0,976.0,0.0
1,56400,VOLCANIC_ROCK_VOUCHER_9500,972.0,15.0,0.0,0.0,0.0,0.0,973,15,0.0,0.0,0.0,0.0,972.5,0.0
1,56500,VOLCANIC_ROCK_VOUCHER_9500,972.0,12.0,0.0,0.0,0.0,0.0,974,12,0.0,0.0,0.0,0.0,973.0,0.0
1,56600,VOLCANIC_ROCK_VOUCHER_9500,973.0,22.0,0.0,0.0,0.0,0.0,974,22,0.0,0.0,0.0,0.0,973.5,0.0
1,56700,VOLCANIC_ROCK_VOUCHER_9500,972.0,17.0,0.0,0.0,0.0,0.0,973,17,0.0,0.0,0.0,0.0,972.5,0.0
1,56800,VOLCANIC_ROCK_VOUCHER_9500,971.0,13.0,0.0,0.0,0.0,0.0,972,13,0.0,0.0,0.0,0.0,971.5,0.0
1,56900,VOLCANIC_ROCK_VOUCHER_9500,966.0,15.0,0.0,0.0,0.0,0.0,968,15,0.0,0.0,0.0,0.0,967.0,0.0
1,57000,VOLCANIC_ROCK_VOUCHER_9500,965.0,22.0,0.0,0.0,0.0,0.0,966,22,0.0,0.0,0.0,0.0,965.5,0.0
1,57100,VOLCANIC_ROCK_VOUCHER_9500,964.0,19.0,0.0,0.0,0.0,0.0,965,19,0.0,0.0,0.0,0.0,964.5,0.0
1,57200,VOLCANIC_ROCK_VOUCHER_9500,964.0,12.0,0.0,0.0,0.0,0.0,965,12,0.0,0.0,0.0,0.0,964.5,0.0
1,57300,VOLCANIC_ROCK_VOUCHER_9500,964.0,15.0,0.0,0.0,0.0,0.0,966,15,0.0,0.0,0.0,0.0,965.0,0.0
1,57400,VOLCANIC_ROCK_VOUCHER_9500,964.0,15.0,0.0,0.0,0.0,0.0,965,15,0.0,0.0,0.0,0.0,964.5,0.0
1,57500,VOLCANIC_ROCK_VOUCHER_9500,0.0,0.0,0.0,0.0,0.0,0.0,963,3,964.0,11.0,0.0,0.0,963.0,0.0
1,57600,VOLCANIC_ROCK_VOUCHER_9500,961.0,22.0,0.0,0.0,0.0,0.0,962,22,0.0,0.0,0.0,0.0,961.5,0.0
1,57700,VOLCANIC_ROCK_VOUCHER_9500,963.0,20.0,0.0,0.0,0.0,0.0,964,20,0.0,0.0,0.0,0.0,963.5,0.0
1,57800,VOLCANIC_ROCK_VOUCHER_9500,964.0,14.0,0.0,0.0,0.0,0.0,965,14,0.0,0.0,0.0,0.0,964.5,0.0
1,57900,VOLCANIC_ROCK_VOUCHER_9500,965.0,18.0,0.0,0.0,0.0,0.0,966,18,0.0,0.0,0.0,0.0,965.5,0.0
1,58000,VOLCANIC_ROCK_VOUCHER_9500,964.0,19.0,0.0,0.0,0.0,0.0,966,19,0.0,0.0,0.0,0.0,965.0,0.0
1,58100,VOLCANIC_ROCK_VOUCHER_9500,965.0,13.0,0.0,0.0,0.0,0.0,966,13,0.0,0.0,0.0,0.0,965.5,0.0
1,58200,VOLCANIC_ROCK_VOUCHER_9500,969.0,21.0,0.0,0.0,0.0,0.0,970,21,0.0,0.0,0.0,0.0,969.5,0.0
1,58300,VOLCANIC_ROCK_VOUCHER_9500,967.0,12.0,0.0,0.0,0.0,0.0,968,12,0.0,0.0,0.0,0.0,967.5,0.0
1,58400,VOLCANIC_ROCK_VOUCHER_9500,968.0,13.0,0.0,0.0,0.0,0.0,970,13,0.0,0.0,0.0,0.0,969.0,0.0
1,58500,VOLCANIC_ROCK_VOUCHER_9500,968.0,19.0,0.0,0.0,0.0,0.0,969,19,0.0,0.0,0.0,0.0,968.5,0.0
1,58600,VOLCANIC_ROCK_VOUCHER_9500,968.0,14.0,0.0,0.0,0.0,0.0,969,14,0.0,0.0,0.0,0.0,968.5,0.0
1,58700,VOLCANIC_ROCK_VOUCHER_9500,970.0,20.0,0.0,0.0,0.0,0.0,971,20,0.0,0.0,0.0,0.0,970.5,0.0
1,58800,VOLCANIC_ROCK_VOUCHER_9500,972.0,19.0,0.0,0.0,0.0,0.0,973,19,0.0,0.0,0.0,0.0,972.5,0.0
1,58900,VOLCANIC_ROCK_VOUCHER_9500,970.0,2.0,969.0,15.0,0.0,0.0,971,17,0.0,0.0,0.0,0.0,970.5,0.0
1,59000,VOLCANIC_ROCK_VOUCHER_9500,968.0,2.0,0.0,0.0,0.0,0.0,969,19,0.0,0.0,0.0,0.0,968.5,0.0
1,59100,VOLCANIC_ROCK_VOUCHER_9500,968.0,12.0,0.0,0.0,0.0,0.0,969,12,0.0,0.0,0.0,0.0,968.5,0.0
1,59200,VOLCANIC_ROCK_VOUCHER_9500,970.0,40.0,0.0,0.0,0.0,0.0,971,22,0.0,0.0,0.0,0.0,970.5,0.0
1,59300,VOLCANIC_ROCK_VOUCHER_9500,970.0,14.0,0.0,0.0,0.0,0.0,971,14,0.0,0.0,0.0,0.0,970.5,0.0
1,59400,VOLCANIC_ROCK_VOUCHER_9500,970.0,17.0,0.0,0.0,0.0,0.0,971,17,0.0,0.0,0.0,0.0,970.5,0.0
1,59500,VOLCANIC_ROCK_VOUCHER_9500,971.0,14.0,0.0,0.0,0.0,0.0,972,14,0.0,0.0,0.0,0.0,971.5,0.0
1,59600,VOLCANIC_ROCK_VOUCHER_9500,968.0,12.0,0.0,0.0,0.0,0.0,969,12,0.0,0.0,0.0,0.0,968.5,0.0
1,59700,VOLCANIC_ROCK_VOUCHER_9500,970.0,17.0,0.0,0.0,0.0,0.0,972,17,0.0,0.0,0.0,0.0,971.0,0.0
1,59800,VOLCANIC_ROCK_VOUCHER_9500,969.0,13.0,0.0,0.0,0.0,0.0,970,13,0.0,0.0,0.0,0.0,969.5,0.0
1,59900,VOLCANIC_ROCK_VOUCHER_9500,970.0,12.0,0.0,0.0,0.0,0.0,971,12,0.0,0.0,0.0,0.0,970.5,0.0
1,60000,VOLCANIC_ROCK_VOUCHER_9500,970.0,16.0,0.0,0.0,0.0,0.0,971,16,0.0,0.0,0.0,0.0,970.5,0.0
1,60100,VOLCANIC_ROCK_VOUCHER_9500,965.0,11.0,0.0,0.0,0.0,0.0,966,11,0.0,0.0,0.0,0.0,965.5,0.0
1,60200,VOLCANIC_ROCK_VOUCHER_9500,968.0,12.0,0.0,0.0,0.0,0.0,970,12,0.0,0.0,0.0,0.0,969.0,0.0
1,60300,VOLCANIC_ROCK_VOUCHER_9500,968.0,20.0,0.0,0.0,0.0,0.0,969,20,0.0,0.0,0.0,0.0,968.5,0.0
1,60400,VOLCANIC_ROCK_VOUCHER_9500,966.0,17.0,0.0,0.0,0.0,0.0,967,17,0.0,0.0,0.0,0.0,966.5,0.0
1,60500,VOLCANIC_ROCK_VOUCHER_9500,970.0,20.0,0.0,0.0,0.0,0.0,971,20,0.0,0.0,0.0,0.0,970.5,0.0
1,60600,VOLCANIC_ROCK_VOUCHER_9500,969.0,13.0,0.0,0.0,0.0,0.0,971,13,0.0,0.0,0.0,0.0,970.0,0.0
1,60700,VOLCANIC_ROCK_VOUCHER_9500,970.0,20.0,0.0,0.0,0.0,0.0,971,20,0.0,0.0,0.0,0.0,970.5,0.0
1,60800,VOLCANIC_ROCK_VOUCHER_9500,969.0,19.0,0.0,0.0,0.0,0.0,970,19,0.0,0.0,0.0,0.0,969.5,0.0
1,60900,VOLCANIC_ROCK_VOUCHER_9500,970.0,22.0,0.0,0.0,0.0,0.0,971,13,0.0,0.0,0.0,0.0,970.5,0.0
1,61000,VOLCANIC_ROCK_VOUCHER_9500,972.0,20.0,0.0,0.0,0.0,0.0,973,20,0.0,0.0,0.0,0.0,972.5,0.0
1,61100,VOLCANIC_ROCK_VOUCHER_9500,970.0,26.0,0.0,0.0,0.0,0.0,971,13,0.0,0.0,0.0,0.0,970.5,0.0
1,61200,VOLCANIC_ROCK_VOUCHER_9500,970.0,19.0,0.0,0.0,0.0,0.0,971,19,0.0,0.0,0.0,0.0,970.5,0.0
1,61300,VOLCANIC_ROCK_VOUCHER_9500,971.0,11.0,0.0,0.0,0.0,0.0,972,11,0.0,0.0,0.0,0.0,971.5,0.0
1,61400,VOLCANIC_ROCK_VOUCHER_9500,968.0,21.0,0.0,0.0,0.0,0.0,969,11,0.0,0.0,0.0,0.0,968.5,0.0
1,61500,VOLCANIC_ROCK_VOUCHER_9500,966.0,19.0,0.0,0.0,0.0,0.0,967,19,0.0,0.0,0.0,0.0,966.5,0.0
1,61600,VOLCANIC_ROCK_VOUCHER_9500,962.0,12.0,0.0,0.0,0.0,0.0,963,12,0.0,0.0,0.0,0.0,962.5,0.0
1,61700,VOLCANIC_ROCK_VOUCHER_9500,962.0,22.0,0.0,0.0,0.0,0.0,963,22,0.0,0.0,0.0,0.0,962.5,0.0
1,61800,VOLCANIC_ROCK_VOUCHER_9500,962.0,13.0,0.0,0.0,0.0,0.0,963,13,0.0,0.0,0.0,0.0,962.5,0.0
1,61900,VOLCANIC_ROCK_VOUCHER_9500,959.0,6.0,0.0,0.0,0.0,0.0,960,20,0.0,0.0,0.0,0.0,959.5,0.0
1,62000,VOLCANIC_ROCK_VOUCHER_9500,962.0,20.0,0.0,0.0,0.0,0.0,963,20,0.0,0.0,0.0,0.0,962.5,0.0
1,62100,VOLCANIC_ROCK_VOUCHER_9500,963.0,21.0,0.0,0.0,0.0,0.0,964,21,0.0,0.0,0.0,0.0,963.5,0.0
1,62200,VOLCANIC_ROCK_VOUCHER_9500,963.0,19.0,0.0,0.0,0.0,0.0,964,19,0.0,0.0,0.0,0.0,963.5,0.0
1,62300,VOLCANIC_ROCK_VOUCHER_9500,965.0,13.0,0.0,0.0,0.0,0.0,966,13,0.0,0.0,0.0,0.0,965.5,0.0
1,62400,VOLCANIC_ROCK_VOUCHER_9500,965.0,16.0,0.0,0.0,0.0,0.0,967,16,0.0,0.0,0.0,0.0,966.0,0.0
1,62500,VOLCANIC_ROCK_VOUCHER_9500,967.0,19.0,0.0,0.0,0.0,0.0,968,19,0.0,0.0,0.0,0.0,967.5,0.0
1,62600,VOLCANIC_ROCK_VOUCHER_9500,0.0,0.0,0.0,0.0,0.0,0.0,969,5,970.0,13.0,0.0,0.0,969.0,0.0
1,62700,VOLCANIC_ROCK_VOUCHER_9500,969.0,15.0,0.0,0.0,0.0,0.0,971,15,0.0,0.0,0.0,0.0,970.0,0.0
1,62800,VOLCANIC_ROCK_VOUCHER_9500,969.0,20.0,0.0,0.0,0.0,0.0,970,20,0.0,0.0,0.0,0.0,969.5,0.0
1,62900,VOLCANIC_ROCK_VOUCHER_9500,969.0,0.0,0.0,0.0,0.0,0.0,970,15,0.0,0.0,0.0,0.0,969.5,0.0
1,63000,VOLCANIC_ROCK_VOUCHER_9500,967.0,12.0,0.0,0.0,0.0,0.0,969,12,0.0,0.0,0.0,0.0,968.0,0.0
1,63100,VOLCANIC_ROCK_VOUCHER_9500,965.0,17.0,0.0,0.0,0.0,0.0,966,17,0.0,0.0,0.0,0.0,965.5,0.0
1,63200,VOLCANIC_ROCK_VOUCHER_9500,968.0,16.0,0.0,0.0,0.0,0.0,969,16,0.0,0.0,0.0,0.0,968.5,0.0
1,63300,VOLCANIC_ROCK_VOUCHER_9500,973.0,19.0,0.0,0.0,0.0,0.0,974,13,0.0,0.0,0.0,0.0,973.5,0.0
1,63400,VOLCANIC_ROCK_VOUCHER_9500,974.0,15.0,0.0,0.0,0.0,0.0,975,15,0.0,0.0,0.0,0.0,974.5,0.0
1,63500,VOLCANIC_ROCK_VOUCHER_9500,975.0,25.0,0.0,0.0,0.0,0.0,976,10,0.0,0.0,0.0,0.0,975.5,0.0
1,63600,VOLCANIC_ROCK_VOUCHER_9500,972.0,18.0,0.0,0.0,0.0,0.0,974,18,0.0,0.0,0.0,0.0,973.0,0.0
1,63700,VOLCANIC_ROCK_VOUCHER_9500,973.0,14.0,0.0,0.0,0.0,0.0,974,14,0.0,0.0,0.0,0.0,973.5,0.0
1,63800,VOLCANIC_ROCK_VOUCHER_9500,973.0,19.0,0.0,0.0,0.0,0.0,974,19,0.0,0.0,0.0,0.0,973.5,0.0
1,63900,VOLCANIC_ROCK_VOUCHER_9500,972.0,20.0,0.0,0.0,0.0,0.0,973,20,0.0,0.0,0.0,0.0,972.5,0.0
1,64000,VOLCANIC_ROCK_VOUCHER_9500,974.0,19.0,0.0,0.0,0.0,0.0,975,19,0.0,0.0,0.0,0.0,974.5,0.0
1,64100,VOLCANIC_ROCK_VOUCHER_9500,968.0,2.0,967.0,19.0,0.0,0.0,969,21,0.0,0.0,0.0,0.0,968.5,0.0
1,64200,VOLCANIC_ROCK_VOUCHER_9500,970.0,15.0,0.0,0.0,0.0,0.0,971,15,0.0,0.0,0.0,0.0,970.5,0.0
1,64300,VOLCANIC_ROCK_VOUCHER_9500,967.0,15.0,0.0,0.0,0.0,0.0,969,15,0.0,0.0,0.0,0.0,968.0,0.0
1,64400,VOLCANIC_ROCK_VOUCHER_9500,968.0,18.0,0.0,0.0,0.0,0.0,969,18,0.0,0.0,0.0,0.0,968.5,0.0
1,64500,VOLCANIC_ROCK_VOUCHER_9500,966.0,14.0,0.0,0.0,0.0,0.0,967,14,0.0,0.0,0.0,0.0,966.5,0.0
1,64600,VOLCANIC_ROCK_VOUCHER_9500,962.0,29.0,0.0,0.0,0.0,0.0,963,15,0.0,0.0,0.0,0.0,962.5,0.0
1,64700,VOLCANIC_ROCK_VOUCHER_9500,965.0,12.0,0.0,0.0,0.0,0.0,967,12,0.0,0.0,0.0,0.0,966.0,0.0
1,64800,VOLCANIC_ROCK_VOUCHER_9500,963.0,34.0,0.0,0.0,0.0,0.0,964,17,0.0,0.0,0.0,0.0,963.5,0.0
1,64900,VOLCANIC_ROCK_VOUCHER_9500,965.0,17.0,0.0,0.0,0.0,0.0,966,2,967.0,15.0,0.0,0.0,965.5,0.0
1,65000,VOLCANIC_ROCK_VOUCHER_9500,965.0,21.0,0.0,0.0,0.0,0.0,966,21,0.0,0.0,0.0,0.0,965.5,0.0
1,65100,VOLCANIC_ROCK_VOUCHER_9500,965.0,33.0,0.0,0.0,0.0,0.0,966,15,0.0,0.0,0.0,0.0,965.5,0.0
1,65200,VOLCANIC_ROCK_VOUCHER_9500,968.0,14.0,0.0,0.0,0.0,0.0,969,14,0.0,0.0,0.0,0.0,968.5,0.0
1,65300,VOLCANIC_ROCK_VOUCHER_9500,968.0,20.0,0.0,0.0,0.0,0.0,969,20,0.0,0.0,0.0,0.0,968.5,0.0
1,65400,VOLCANIC_ROCK_VOUCHER_9500,964.0,12.0,0.0,0.0,0.0,0.0,965,12,0.0,0.0,0.0,0.0,964.5,0.0
1,65500,VOLCANIC_ROCK_VOUCHER_9500,965.0,13.0,0.0,0.0,0.0,0.0,966,13,0.0,0.0,0.0,0.0,965.5,0.0
1,65600,VOLCANIC_ROCK_VOUCHER_9500,965.0,19.0,0.0,0.0,0.0,0.0,966,19,0.0,0.0,0.0,0.0,965.5,0.0
1,65700,VOLCANIC_ROCK_VOUCHER_9500,964.0,14.0,0.0,0.0,0.0,0.0,966,14,0.0,0.0,0.0,0.0,965.0,0.0
1,65800,VOLCANIC_ROCK_VOUCHER_9500,965.0,11.0,0.0,0.0,0.0,0.0,967,11,0.0,0.0,0.0,0.0,966.0,0.0
1,65900,VOLCANIC_ROCK_VOUCHER_9500,965.0,22.0,0.0,0.0,0.0,0.0,966,22,0.0,0.0,0.0,0.0,965.5,0.0
1,66000,VOLCANIC_ROCK_VOUCHER_9500,965.0,29.0,0.0,0.0,0.0,0.0,966,13,0.0,0.0,0.0,0.0,965.5,0.0
1,66100,VOLCANIC_ROCK_VOUCHER_9500,966.0,32.0,0.0,0.0,0.0,0.0,968,14,0.0,0.0,0.0,0.0,967.0,0.0
1,66200,VOLCANIC_ROCK_VOUCHER_9500,963.0,17.0,0.0,0.0,0.0,0.0,964,17,0.0,0.0,0.0,0.0,963.5,0.0
1,66300,VOLCANIC_ROCK_VOUCHER_9500,961.0,13.0,0.0,0.0,0.0,0.0,962,13,0.0,0.0,0.0,0.0,961.5,0.0
1,66400,VOLCANIC_ROCK_VOUCHER_9500,961.0,14.0,0.0,0.0,0.0,0.0,962,14,0.0,0.0,0.0,0.0,961.5,0.0
1,66500,VOLCANIC_ROCK_VOUCHER_9500,962.0,11.0,0.0,0.0,0.0,0.0,963,11,0.0,0.0,0.0,0.0,962.5,0.0
1,66600,VOLCANIC_ROCK_VOUCHER_9500,957.0,20.0,0.0,0.0,0.0,0.0,958,20,0.0,0.0,0.0,0.0,957.5,0.0
1,66700,VOLCANIC_ROCK_VOUCHER_9500,957.0,17.0,0.0,0.0,0.0,0.0,958,17,0.0,0.0,0.0,0.0,957.5,0.0
1,66800,VOLCANIC_ROCK_VOUCHER_9500,954.0,15.0,0.0,0.0,0.0,0.0,955,15,0.0,0.0,0.0,0.0,954.5,0.0
1,66900,VOLCANIC_ROCK_VOUCHER_9500,953.0,11.0,0.0,0.0,0.0,0.0,955,11,0.0,0.0,0.0,0.0,954.0,0.0
1,67000,VOLCANIC_ROCK_VOUCHER_9500,955.0,15.0,0.0,0.0,0.0,0.0,956,15,0.0,0.0,0.0,0.0,955.5,0.0
1,67100,VOLCANIC_ROCK_VOUCHER_9500,957.0,18.0,0.0,0.0,0.0,0.0,958,18,0.0,0.0,0.0,0.0,957.5,0.0
1,67200,VOLCANIC_ROCK_VOUCHER_9500,958.0,17.0,0.0,0.0,0.0,0.0,959,17,0.0,0.0,0.0,0.0,958.5,0.0
1,67300,VOLCANIC_ROCK_VOUCHER_9500,961.0,13.0,0.0,0.0,0.0,0.0,962,11,963.0,13.0,0.0,0.0,961.5,0.0
1,67400,VOLCANIC_ROCK_VOUCHER_9500,962.0,13.0,0.0,0.0,0.0,0.0,963,13,0.0,0.0,0.0,0.0,962.5,0.0
1,67500,VOLCANIC_ROCK_VOUCHER_9500,961.0,33.0,0.0,0.0,0.0,0.0,962,14,0.0,0.0,0.0,0.0,961.5,0.0
1,67600,VOLCANIC_ROCK_VOUCHER_9500,959.0,20.0,0.0,0.0,0.0,0.0,960,20,0.0,0.0,0.0,0.0,959.5,0.0
1,67700,VOLCANIC_ROCK_VOUCHER_9500,959.0,13.0,0.0,0.0,0.0,0.0,960,13,0.0,0.0,0.0,0.0,959.5,0.0
1,67800,VOLCANIC_ROCK_VOUCHER_9500,958.0,12.0,0.0,0.0,0.0,0.0,959,12,0.0,0.0,0.0,0.0,958.5,0.0
1,67900,VOLCANIC_ROCK_VOUCHER_9500,956.0,14.0,0.0,0.0,0.0,0.0,957,14,0.0,0.0,0.0,0.0,956.5,0.0
1,68000,VOLCANIC_ROCK_VOUCHER_9500,953.0,20.0,0.0,0.0,0.0,0.0,954,20,0.0,0.0,0.0,0.0,953.5,0.0
1,68100,VOLCANIC_ROCK_VOUCHER_9500,954.0,18.0,0.0,0.0,0.0,0.0,956,18,0.0,0.0,0.0,0.0,955.0,0.0
1,68200,VOLCANIC_ROCK_VOUCHER_9500,953.0,19.0,0.0,0.0,0.0,0.0,955,19,0.0,0.0,0.0,0.0,954.0,0.0
1,68300,VOLCANIC_ROCK_VOUCHER_9500,956.0,20.0,0.0,0.0,0.0,0.0,958,20,0.0,0.0,0.0,0.0,957.0,0.0
1,68400,VOLCANIC_ROCK_VOUCHER_9500,960.0,11.0,0.0,0.0,0.0,0.0,961,11,0.0,0.0,0.0,0.0,960.5,0.0
1,68500,VOLCANIC_ROCK_VOUCHER_9500,960.0,20.0,0.0,0.0,0.0,0.0,961,20,0.0,0.0,0.0,0.0,960.5,0.0
1,68600,VOLCANIC_ROCK_VOUCHER_9500,961.0,19.0,0.0,0.0,0.0,0.0,962,19,0.0,0.0,0.0,0.0,961.5,0.0
1,68700,VOLCANIC_ROCK_VOUCHER_9500,963.0,18.0,0.0,0.0,0.0,0.0,964,18,0.0,0.0,0.0,0.0,963.5,0.0
1,68800,VOLCANIC_ROCK_VOUCHER_9500,962.0,13.0,0.0,0.0,0.0,0.0,963,13,0.0,0.0,0.0,0.0,962.5,0.0
1,68900,VOLCANIC_ROCK_VOUCHER_9500,967.0,18.0,0.0,0.0,0.0,0.0,968,18,0.0,0.0,0.0,0.0,967.5,0.0
1,69000,VOLCANIC_ROCK_VOUCHER_9500,967.0,17.0,0.0,0.0,0.0,0.0,968,17,0.0,0.0,0.0,0.0,967.5,0.0
1,69100,VOLCANIC_ROCK_VOUCHER_9500,962.0,17.0,0.0,0.0,0.0,0.0,963,17,0.0,0.0,0.0,0.0,962.5,0.0
1,69200,VOLCANIC_ROCK_VOUCHER_9500,963.0,24.0,0.0,0.0,0.0,0.0,964,16,0.0,0.0,0.0,0.0,963.5,0.0
1,69300,VOLCANIC_ROCK_VOUCHER_9500,965.0,16.0,0.0,0.0,0.0,0.0,966,16,0.0,0.0,0.0,0.0,965.5,0.0
1,69400,VOLCANIC_ROCK_VOUCHER_9500,965.0,14.0,0.0,0.0,0.0,0.0,966,14,0.0,0.0,0.0,0.0,965.5,0.0
1,69500,VOLCANIC_ROCK_VOUCHER_9500,965.0,19.0,0.0,0.0,0.0,0.0,966,19,0.0,0.0,0.0,0.0,965.5,0.0
1,69600,VOLCANIC_ROCK_VOUCHER_9500,965.0,22.0,0.0,0.0,0.0,0.0,966,22,0.0,0.0,0.0,0.0,965.5,0.0
1,69700,VOLCANIC_ROCK_VOUCHER_9500,965.0,19.0,0.0,0.0,0.0,0.0,966,19,0.0,0.0,0.0,0.0,965.5,0.0
1,69800,VOLCANIC_ROCK_VOUCHER_9500,967.0,12.0,0.0,0.0,0.0,0.0,968,12,0.0,0.0,0.0,0.0,967.5,0.0
1,69900,VOLCANIC_ROCK_VOUCHER_9500,967.0,18.0,0.0,0.0,0.0,0.0,968,18,0.0,0.0,0.0,0.0,967.5,0.0
1,70000,VOLCANIC_ROCK_VOUCHER_9500,968.0,20.0,0.0,0.0,0.0,0.0,969,20,0.0,0.0,0.0,0.0,968.5,0.0
1,70100,VOLCANIC_ROCK_VOUCHER_9500,966.0,18.0,0.0,0.0,0.0,0.0,968,18,0.0,0.0,0.0,0.0,967.0,0.0
1,70200,VOLCANIC_ROCK_VOUCHER_9500,968.0,17.0,0.0,0.0,0.0,0.0,969,17,0.0,0.0,0.0,0.0,968.5,0.0
1,70300,VOLCANIC_ROCK_VOUCHER_9500,967.0,18.0,0.0,0.0,0.0,0.0,968,18,0.0,0.0,0.0,0.0,967.5,0.0
1,70400,VOLCANIC_ROCK_VOUCHER_9500,969.0,20.0,0.0,0.0,0.0,0.0,970,2,971.0,18.0,0.0,0.0,969.5,0.0
1,70500,VOLCANIC_ROCK_VOUCHER_9500,969.0,12.0,0.0,0.0,0.0,0.0,970,12,0.0,0.0,0.0,0.0,969.5,0.0
1,70600,VOLCANIC_ROCK_VOUCHER_9500,968.0,18.0,0.0,0.0,0.0,0.0,969,18,0.0,0.0,0.0,0.0,968.5,0.0
1,70700,VOLCANIC_ROCK_VOUCHER_9500,967.0,11.0,0.0,0.0,0.0,0.0,968,11,0.0,0.0,0.0,0.0,967.5,0.0
1,70800,VOLCANIC_ROCK_VOUCHER_9500,965.0,16.0,0.0,0.0,0.0,0.0,966,16,0.0,0.0,0.0,0.0,965.5,0.0
1,70900,VOLCANIC_ROCK_VOUCHER_9500,965.0,17.0,0.0,0.0,0.0,0.0,966,17,0.0,0.0,0.0,0.0,965.5,0.0
1,71000,VOLCANIC_ROCK_VOUCHER_9500,965.0,22.0,0.0,0.0,0.0,0.0,966,22,0.0,0.0,0.0,0.0,965.5,0.0
1,71100,VOLCANIC_ROCK_VOUCHER_9500,964.0,10.0,0.0,0.0,0.0,0.0,965,10,0.0,0.0,0.0,0.0,964.5,0.0
1,71200,VOLCANIC_ROCK_VOUCHER_9500,964.0,15.0,0.0,0.0,0.0,0.0,965,15,0.0,0.0,0.0,0.0,964.5,0.0
1,71300,VOLCANIC_ROCK_VOUCHER_9500,968.0,21.0,0.0,0.0,0.0,0.0,970,21,0.0,0.0,0.0,0.0,969.0,0.0
1,71400,VOLCANIC_ROCK_VOUCHER_9500,968.0,16.0,0.0,0.0,0.0,0.0,970,16,0.0,0.0,0.0,0.0,969.0,0.0
1,71500,VOLCANIC_ROCK_VOUCHER_9500,968.0,14.0,0.0,0.0,0.0,0.0,970,14,0.0,0.0,0.0,0.0,969.0,0.0
1,71600,VOLCANIC_ROCK_VOUCHER_9500,964.0,20.0,0.0,0.0,0.0,0.0,966,20,0.0,0.0,0.0,0.0,965.0,0.0
1,71700,VOLCANIC_ROCK_VOUCHER_9500,968.0,14.0,0.0,0.0,0.0,0.0,970,14,0.0,0.0,0.0,0.0,969.0,0.0
1,71800,VOLCANIC_ROCK_VOUCHER_9500,968.0,12.0,0.0,0.0,0.0,0.0,969,12,0.0,0.0,0.0,0.0,968.5,0.0
1,71900,VOLCANIC_ROCK_VOUCHER_9500,967.0,18.0,0.0,0.0,0.0,0.0,968,18,0.0,0.0,0.0,0.0,967.5,0.0
1,72000,VOLCANIC_ROCK_VOUCHER_9500,967.0,0.0,0.0,0.0,0.0,0.0,968,17,0.0,0.0,0.0,0.0,967.5,0.0
1,72100,VOLCANIC_ROCK_VOUCHER_9500,967.0,21.0,0.0,0.0,0.0,0.0,968,21,0.0,0.0,0.0,0.0,967.5,0.0
1,72200,VOLCANIC_ROCK_VOUCHER_9500,968.0,13.0,0.0,0.0,0.0,0.0,969,13,0.0,0.0,0.0,0.0,968.5,0.0
1,72300,VOLCANIC_ROCK_VOUCHER_9500,967.0,14.0,0.0,0.0,0.0,0.0,968,14,0.0,0.0,0.0,0.0,967.5,0.0
1,72400,VOLCANIC_ROCK_VOUCHER_9500,968.0,36.0,0.0,0.0,0.0,0.0,969,19,0.0,0.0,0.0,0.0,968.5,0.0
1,72500,VOLCANIC_ROCK_VOUCHER_9500,969.0,20.0,0.0,0.0,0.0,0.0,970,20,0.0,0.0,0.0,0.0,969.5,0.0
1,72600,VOLCANIC_ROCK_VOUCHER_9500,972.0,11.0,0.0,0.0,0.0,0.0,973,11,0.0,0.0,0.0,0.0,972.5,0.0
1,72700,VOLCANIC_ROCK_VOUCHER_9500,973.0,11.0,0.0,0.0,0.0,0.0,974,11,0.0,0.0,0.0,0.0,973.5,0.0
1,72800,VOLCANIC_ROCK_VOUCHER_9500,977.0,22.0,0.0,0.0,0.0,0.0,978,22,0.0,0.0,0.0,0.0,977.5,0.0
1,72900,VOLCANIC_ROCK_VOUCHER_9500,978.0,16.0,0.0,0.0,0.0,0.0,979,16,0.0,0.0,0.0,0.0,978.5,0.0
1,73000,VOLCANIC_ROCK_VOUCHER_9500,973.0,16.0,0.0,0.0,0.0,0.0,974,16,0.0,0.0,0.0,0.0,973.5,0.0
1,73100,VOLCANIC_ROCK_VOUCHER_9500,974.0,18.0,0.0,0.0,0.0,0.0,975,18,0.0,0.0,0.0,0.0,974.5,0.0
1,73200,VOLCANIC_ROCK_VOUCHER_9500,975.0,17.0,0.0,0.0,0.0,0.0,976,17,0.0,0.0,0.0,0.0,975.5,0.0
1,73300,VOLCANIC_ROCK_VOUCHER_9500,974.0,5.0,0.0,0.0,0.0,0.0,975,15,0.0,0.0,0.0,0.0,974.5,0.0
1,73400,VOLCANIC_ROCK_VOUCHER_9500,975.0,20.0,0.0,0.0,0.0,0.0,976,20,0.0,0.0,0.0,0.0,975.5,0.0
1,73500,VOLCANIC_ROCK_VOUCHER_9500,975.0,19.0,0.0,0.0,0.0,0.0,976,19,0.0,0.0,0.0,0.0,975.5,0.0
1,73600,VOLCANIC_ROCK_VOUCHER_9500,973.0,19.0,0.0,0.0,0.0,0.0,974,19,0.0,0.0,0.0,0.0,973.5,0.0
1,73700,VOLCANIC_ROCK_VOUCHER_9500,975.0,13.0,0.0,0.0,0.0,0.0,976,13,0.0,0.0,0.0,0.0,975.5,0.0
1,73800,VOLCANIC_ROCK_VOUCHER_9500,974.0,14.0,0.0,0.0,0.0,0.0,975,14,0.0,0.0,0.0,0.0,974.5,0.0
1,73900,VOLCANIC_ROCK_VOUCHER_9500,972.0,13.0,0.0,0.0,0.0,0.0,973,13,0.0,0.0,0.0,0.0,972.5,0.0
1,74000,VOLCANIC_ROCK_VOUCHER_9500,974.0,13.0,0.0,0.0,0.0,0.0,975,13,0.0,0.0,0.0,0.0,974.5,0.0
1,74100,VOLCANIC_ROCK_VOUCHER_9500,972.0,16.0,0.0,0.0,0.0,0.0,973,16,0.0,0.0,0.0,0.0,972.5,0.0
1,74200,VOLCANIC_ROCK_VOUCHER_9500,968.0,12.0,0.0,0.0,0.0,0.0,969,12,0.0,0.0,0.0,0.0,968.5,0.0
1,74300,VOLCANIC_ROCK_VOUCHER_9500,968.0,18.0,0.0,0.0,0.0,0.0,969,18,0.0,0.0,0.0,0.0,968.5,0.0
1,74400,VOLCANIC_ROCK_VOUCHER_9500,966.0,12.0,0.0,0.0,0.0,0.0,968,12,0.0,0.0,0.0,0.0,967.0,0.0
1,74500,VOLCANIC_ROCK_VOUCHER_9500,968.0,13.0,0.0,0.0,0.0,0.0,969,13,0.0,0.0,0.0,0.0,968.5,0.0
1,74600,VOLCANIC_ROCK_VOUCHER_9500,970.0,13.0,0.0,0.0,0.0,0.0,971,13,0.0,0.0,0.0,0.0,970.5,0.0
1,74700,VOLCANIC_ROCK_VOUCHER_9500,968.0,12.0,0.0,0.0,0.0,0.0,969,12,0.0,0.0,0.0,0.0,968.5,0.0
1,74800,VOLCANIC_ROCK_VOUCHER_9500,969.0,3.0,0.0,0.0,0.0,0.0,970,17,0.0,0.0,0.0,0.0,969.5,0.0
1,74900,VOLCANIC_ROCK_VOUCHER_9500,969.0,34.0,0.0,0.0,0.0,0.0,970,21,0.0,0.0,0.0,0.0,969.5,0.0
1,75000,VOLCANIC_ROCK_VOUCHER_9500,969.0,21.0,0.0,0.0,0.0,0.0,970,21,0.0,0.0,0.0,0.0,969.5,0.0
1,75100,VOLCANIC_ROCK_VOUCHER_9500,968.0,16.0,0.0,0.0,0.0,0.0,969,16,0.0,0.0,0.0,0.0,968.5,0.0
1,75200,VOLCANIC_ROCK_VOUCHER_9500,964.0,14.0,0.0,0.0,0.0,0.0,965,14,0.0,0.0,0.0,0.0,964.5,0.0
1,75300,VOLCANIC_ROCK_VOUCHER_9500,965.0,17.0,0.0,0.0,0.0,0.0,967,17,0.0,0.0,0.0,0.0,966.0,0.0
1,75400,VOLCANIC_ROCK_VOUCHER_9500,965.0,17.0,0.0,0.0,0.0,0.0,966,17,0.0,0.0,0.0,0.0,965.5,0.0
1,75500,VOLCANIC_ROCK_VOUCHER_9500,964.0,34.0,0.0,0.0,0.0,0.0,965,16,0.0,0.0,0.0,0.0,964.5,0.0
1,75600,VOLCANIC_ROCK_VOUCHER_9500,962.0,6.0,0.0,0.0,0.0,0.0,963,15,0.0,0.0,0.0,0.0,962.5,0.0
1,75700,VOLCANIC_ROCK_VOUCHER_9500,964.0,17.0,0.0,0.0,0.0,0.0,965,17,0.0,0.0,0.0,0.0,964.5,0.0
1,75800,VOLCANIC_ROCK_VOUCHER_9500,964.0,15.0,0.0,0.0,0.0,0.0,965,15,0.0,0.0,0.0,0.0,964.5,0.0
1,75900,VOLCANIC_ROCK_VOUCHER_9500,964.0,13.0,0.0,0.0,0.0,0.0,965,13,0.0,0.0,0.0,0.0,964.5,0.0
1,76000,VOLCANIC_ROCK_VOUCHER_9500,964.0,16.0,0.0,0.0,0.0,0.0,965,16,0.0,0.0,0.0,0.0,964.5,0.0
1,76100,VOLCANIC_ROCK_VOUCHER_9500,964.0,10.0,0.0,0.0,0.0,0.0,965,10,0.0,0.0,0.0,0.0,964.5,0.0
1,76200,VOLCANIC_ROCK_VOUCHER_9500,967.0,12.0,0.0,0.0,0.0,0.0,968,12,0.0,0.0,0.0,0.0,967.5,0.0
1,76300,VOLCANIC_ROCK_VOUCHER_9500,971.0,19.0,0.0,0.0,0.0,0.0,972,19,0.0,0.0,0.0,0.0,971.5,0.0
1,76400,VOLCANIC_ROCK_VOUCHER_9500,970.0,20.0,0.0,0.0,0.0,0.0,971,20,0.0,0.0,0.0,0.0,970.5,0.0
1,76500,VOLCANIC_ROCK_VOUCHER_9500,971.0,19.0,0.0,0.0,0.0,0.0,972,19,0.0,0.0,0.0,0.0,971.5,0.0
1,76600,VOLCANIC_ROCK_VOUCHER_9500,969.0,15.0,0.0,0.0,0.0,0.0,970,15,0.0,0.0,0.0,0.0,969.5,0.0
1,76700,VOLCANIC_ROCK_VOUCHER_9500,968.0,20.0,0.0,0.0,0.0,0.0,969,20,0.0,0.0,0.0,0.0,968.5,0.0
1,76800,VOLCANIC_ROCK_VOUCHER_9500,967.0,14.0,0.0,0.0,0.0,0.0,969,14,0.0,0.0,0.0,0.0,968.0,0.0
1,76900,VOLCANIC_ROCK_VOUCHER_9500,966.0,22.0,0.0,0.0,0.0,0.0,967,22,0.0,0.0,0.0,0.0,966.5,0.0
1,77000,VOLCANIC_ROCK_VOUCHER_9500,966.0,20.0,0.0,0.0,0.0,0.0,967,20,0.0,0.0,0.0,0.0,966.5,0.0
1,77100,VOLCANIC_ROCK_VOUCHER_9500,965.0,27.0,0.0,0.0,0.0,0.0,966,11,0.0,0.0,0.0,0.0,965.5,0.0
1,77200,VOLCANIC_ROCK_VOUCHER_9500,965.0,12.0,0.0,0.0,0.0,0.0,966,12,0.0,0.0,0.0,0.0,965.5,0.0
1,77300,VOLCANIC_ROCK_VOUCHER_9500,965.0,16.0,0.0,0.0,0.0,0.0,966,16,0.0,0.0,0.0,0.0,965.5,0.0
1,77400,VOLCANIC_ROCK_VOUCHER_9500,963.0,14.0,0.0,0.0,0.0,0.0,964,14,0.0,0.0,0.0,0.0,963.5,0.0
1,77500,VOLCANIC_ROCK_VOUCHER_9500,963.0,21.0,0.0,0.0,0.0,0.0,964,21,0.0,0.0,0.0,0.0,963.5,0.0
1,77600,VOLCANIC_ROCK_VOUCHER_9500,964.0,11.0,0.0,0.0,0.0,0.0,965,17,966.0,11.0,0.0,0.0,964.5,0.0
1,77700,VOLCANIC_ROCK_VOUCHER_9500,964.0,19.0,0.0,0.0,0.0,0.0,966,19,0.0,0.0,0.0,0.0,965.0,0.0
1,77800,VOLCANIC_ROCK_VOUCHER_9500,967.0,17.0,0.0,0.0,0.0,0.0,968,17,0.0,0.0,0.0,0.0,967.5,0.0
1,77900,VOLCANIC_ROCK_VOUCHER_9500,968.0,12.0,0.0,0.0,0.0,0.0,969,12,0.0,0.0,0.0,0.0,968.5,0.0
1,78000,VOLCANIC_ROCK_VOUCHER_9500,967.0,14.0,0.0,0.0,0.0,0.0,968,14,0.0,0.0,0.0,0.0,967.5,0.0
1,78100,VOLCANIC_ROCK_VOUCHER_9500,965.0,16.0,0.0,0.0,0.0,0.0,966,16,0.0,0.0,0.0,0.0,965.5,0.0
1,78200,VOLCANIC_ROCK_VOUCHER_9500,965.0,15.0,0.0,0.0,0.0,0.0,966,15,0.0,0.0,0.0,0.0,965.5,0.0
1,78300,VOLCANIC_ROCK_VOUCHER_9500,967.0,12.0,0.0,0.0,0.0,0.0,968,12,0.0,0.0,0.0,0.0,967.5,0.0
1,78400,VOLCANIC_ROCK_VOUCHER_9500,967.0,14.0,0.0,0.0,0.0,0.0,968,14,0.0,0.0,0.0,0.0,967.5,0.0
1,78500,VOLCANIC_ROCK_VOUCHER_9500,967.0,3.0,0.0,0.0,0.0,0.0,968,16,0.0,0.0,0.0,0.0,967.5,0.0
1,78600,VOLCANIC_ROCK_VOUCHER_9500,965.0,14.0,0.0,0.0,0.0,0.0,966,14,0.0,0.0,0.0,0.0,965.5,0.0
1,78700,VOLCANIC_ROCK_VOUCHER_9500,964.0,14.0,0.0,0.0,0.0,0.0,965,14,0.0,0.0,0.0,0.0,964.5,0.0
1,78800,VOLCANIC_ROCK_VOUCHER_9500,964.0,12.0,0.0,0.0,0.0,0.0,965,12,0.0,0.0,0.0,0.0,964.5,0.0
1,78900,VOLCANIC_ROCK_VOUCHER_9500,963.0,20.0,0.0,0.0,0.0,0.0,964,20,0.0,0.0,0.0,0.0,963.5,0.0
1,79000,VOLCANIC_ROCK_VOUCHER_9500,964.0,16.0,0.0,0.0,0.0,0.0,965,16,0.0,0.0,0.0,0.0,964.5,0.0
1,79100,VOLCANIC_ROCK_VOUCHER_9500,964.0,18.0,0.0,0.0,0.0,0.0,965,18,0.0,0.0,0.0,0.0,964.5,0.0
1,79200,VOLCANIC_ROCK_VOUCHER_9500,964.0,22.0,0.0,0.0,0.0,0.0,965,22,0.0,0.0,0.0,0.0,964.5,0.0
1,79300,VOLCANIC_ROCK_VOUCHER_9500,964.0,13.0,0.0,0.0,0.0,0.0,965,13,0.0,0.0,0.0,0.0,964.5,0.0
1,79400,VOLCANIC_ROCK_VOUCHER_9500,965.0,2.0,0.0,0.0,0.0,0.0,966,15,0.0,0.0,0.0,0.0,965.5,0.0
1,79500,VOLCANIC_ROCK_VOUCHER_9500,964.0,16.0,0.0,0.0,0.0,0.0,965,16,0.0,0.0,0.0,0.0,964.5,0.0
1,79600,VOLCANIC_ROCK_VOUCHER_9500,963.0,17.0,0.0,0.0,0.0,0.0,964,17,0.0,0.0,0.0,0.0,963.5,0.0
1,79700,VOLCANIC_ROCK_VOUCHER_9500,963.0,17.0,0.0,0.0,0.0,0.0,964,17,0.0,0.0,0.0,0.0,963.5,0.0
1,79800,VOLCANIC_ROCK_VOUCHER_9500,963.0,17.0,0.0,0.0,0.0,0.0,964,17,0.0,0.0,0.0,0.0,963.5,0.0
1,79900,VOLCANIC_ROCK_VOUCHER_9500,961.0,21.0,0.0,0.0,0.0,0.0,962,21,0.0,0.0,0.0,0.0,961.5,0.0
1,80000,VOLCANIC_ROCK_VOUCHER_9500,963.0,22.0,0.0,0.0,0.0,0.0,964,22,0.0,0.0,0.0,0.0,963.5,0.0
1,80100,VOLCANIC_ROCK_VOUCHER_9500,960.0,20.0,0.0,0.0,0.0,0.0,961,20,0.0,0.0,0.0,0.0,960.5,0.0
1,80200,VOLCANIC_ROCK_VOUCHER_9500,957.0,19.0,0.0,0.0,0.0,0.0,959,19,0.0,0.0,0.0,0.0,958.0,0.0
1,80300,VOLCANIC_ROCK_VOUCHER_9500,959.0,15.0,0.0,0.0,0.0,0.0,960,15,0.0,0.0,0.0,0.0,959.5,0.0
1,80400,VOLCANIC_ROCK_VOUCHER_9500,959.0,13.0,0.0,0.0,0.0,0.0,961,13,0.0,0.0,0.0,0.0,960.0,0.0
1,80500,VOLCANIC_ROCK_VOUCHER_9500,960.0,18.0,0.0,0.0,0.0,0.0,961,18,0.0,0.0,0.0,0.0,960.5,0.0
1,80600,VOLCANIC_ROCK_VOUCHER_9500,962.0,32.0,0.0,0.0,0.0,0.0,963,19,0.0,0.0,0.0,0.0,962.5,0.0
1,80700,VOLCANIC_ROCK_VOUCHER_9500,965.0,19.0,0.0,0.0,0.0,0.0,966,19,0.0,0.0,0.0,0.0,965.5,0.0
1,80800,VOLCANIC_ROCK_VOUCHER_9500,964.0,17.0,0.0,0.0,0.0,0.0,965,17,0.0,0.0,0.0,0.0,964.5,0.0
1,80900,VOLCANIC_ROCK_VOUCHER_9500,964.0,18.0,0.0,0.0,0.0,0.0,965,18,0.0,0.0,0.0,0.0,964.5,0.0
1,81000,VOLCANIC_ROCK_VOUCHER_9500,964.0,15.0,0.0,0.0,0.0,0.0,965,15,0.0,0.0,0.0,0.0,964.5,0.0
1,81100,VOLCANIC_ROCK_VOUCHER_9500,963.0,13.0,0.0,0.0,0.0,0.0,964,13,0.0,0.0,0.0,0.0,963.5,0.0
1,81200,VOLCANIC_ROCK_VOUCHER_9500,962.0,19.0,0.0,0.0,0.0,0.0,963,19,0.0,0.0,0.0,0.0,962.5,0.0
1,81300,VOLCANIC_ROCK_VOUCHER_9500,963.0,12.0,0.0,0.0,0.0,0.0,964,12,0.0,0.0,0.0,0.0,963.5,0.0
1,81400,VOLCANIC_ROCK_VOUCHER_9500,964.0,13.0,0.0,0.0,0.0,0.0,966,13,0.0,0.0,0.0,0.0,965.0,0.0
1,81500,VOLCANIC_ROCK_VOUCHER_9500,962.0,20.0,0.0,0.0,0.0,0.0,963,20,0.0,0.0,0.0,0.0,962.5,0.0
1,81600,VOLCANIC_ROCK_VOUCHER_9500,961.0,19.0,0.0,0.0,0.0,0.0,963,19,0.0,0.0,0.0,0.0,962.0,0.0
1,81700,VOLCANIC_ROCK_VOUCHER_9500,961.0,19.0,0.0,0.0,0.0,0.0,962,19,0.0,0.0,0.0,0.0,961.5,0.0
1,81800,VOLCANIC_ROCK_VOUCHER_9500,962.0,12.0,0.0,0.0,0.0,0.0,963,12,0.0,0.0,0.0,0.0,962.5,0.0
1,81900,VOLCANIC_ROCK_VOUCHER_9500,963.0,16.0,0.0,0.0,0.0,0.0,964,16,0.0,0.0,0.0,0.0,963.5,0.0
1,82000,VOLCANIC_ROCK_VOUCHER_9500,964.0,12.0,0.0,0.0,0.0,0.0,965,12,0.0,0.0,0.0,0.0,964.5,0.0
1,82100,VOLCANIC_ROCK_VOUCHER_9500,970.0,16.0,0.0,0.0,0.0,0.0,971,16,0.0,0.0,0.0,0.0,970.5,0.0
1,82200,VOLCANIC_ROCK_VOUCHER_9500,973.0,10.0,0.0,0.0,0.0,0.0,974,10,0.0,0.0,0.0,0.0,973.5,0.0
1,82300,VOLCANIC_ROCK_VOUCHER_9500,975.0,18.0,0.0,0.0,0.0,0.0,976,18,0.0,0.0,0.0,0.0,975.5,0.0
1,82400,VOLCANIC_ROCK_VOUCHER_9500,974.0,14.0,0.0,0.0,0.0,0.0,975,14,0.0,0.0,0.0,0.0,974.5,0.0
1,82500,VOLCANIC_ROCK_VOUCHER_9500,973.0,15.0,0.0,0.0,0.0,0.0,974,15,0.0,0.0,0.0,0.0,973.5,0.0
1,82600,VOLCANIC_ROCK_VOUCHER_9500,971.0,20.0,0.0,0.0,0.0,0.0,972,20,0.0,0.0,0.0,0.0,971.5,0.0
1,82700,VOLCANIC_ROCK_VOUCHER_9500,973.0,21.0,0.0,0.0,0.0,0.0,974,21,0.0,0.0,0.0,0.0,973.5,0.0
1,82800,VOLCANIC_ROCK_VOUCHER_9500,974.0,13.0,0.0,0.0,0.0,0.0,975,13,0.0,0.0,0.0,0.0,974.5,0.0
1,82900,VOLCANIC_ROCK_VOUCHER_9500,973.0,17.0,0.0,0.0,0.0,0.0,974,17,0.0,0.0,0.0,0.0,973.5,0.0
1,83000,VOLCANIC_ROCK_VOUCHER_9500,973.0,17.0,0.0,0.0,0.0,0.0,974,2,975.0,15.0,0.0,0.0,973.5,0.0
1,83100,VOLCANIC_ROCK_VOUCHER_9500,972.0,18.0,0.0,0.0,0.0,0.0,973,18,0.0,0.0,0.0,0.0,972.5,0.0
1,83200,VOLCANIC_ROCK_VOUCHER_9500,0.0,0.0,0.0,0.0,0.0,0.0,972,3,973.0,14.0,0.0,0.0,972.0,0.0
1,83300,VOLCANIC_ROCK_VOUCHER_9500,975.0,8.0,0.0,0.0,0.0,0.0,976,20,0.0,0.0,0.0,0.0,975.5,0.0
1,83400,VOLCANIC_ROCK_VOUCHER_9500,975.0,13.0,0.0,0.0,0.0,0.0,976,13,0.0,0.0,0.0,0.0,975.5,0.0
1,83500,VOLCANIC_ROCK_VOUCHER_9500,977.0,13.0,0.0,0.0,0.0,0.0,978,13,0.0,0.0,0.0,0.0,977.5,0.0
1,83600,VOLCANIC_ROCK_VOUCHER_9500,977.0,20.0,0.0,0.0,0.0,0.0,978,20,0.0,0.0,0.0,0.0,977.5,0.0
1,83700,VOLCANIC_ROCK_VOUCHER_9500,979.0,22.0,0.0,0.0,0.0,0.0,980,11,0.0,0.0,0.0,0.0,979.5,0.0
1,83800,VOLCANIC_ROCK_VOUCHER_9500,980.0,11.0,0.0,0.0,0.0,0.0,981,11,0.0,0.0,0.0,0.0,980.5,0.0
1,83900,VOLCANIC_ROCK_VOUCHER_9500,982.0,14.0,0.0,0.0,0.0,0.0,983,14,0.0,0.0,0.0,0.0,982.5,0.0
1,84000,VOLCANIC_ROCK_VOUCHER_9500,983.0,30.0,0.0,0.0,0.0,0.0,984,12,0.0,0.0,0.0,0.0,983.5,0.0
1,84100,VOLCANIC_ROCK_VOUCHER_9500,978.0,13.0,0.0,0.0,0.0,0.0,979,13,0.0,0.0,0.0,0.0,978.5,0.0
1,84200,VOLCANIC_ROCK_VOUCHER_9500,975.0,16.0,0.0,0.0,0.0,0.0,976,16,0.0,0.0,0.0,0.0,975.5,0.0
1,84300,VOLCANIC_ROCK_VOUCHER_9500,977.0,26.0,0.0,0.0,0.0,0.0,978,12,0.0,0.0,0.0,0.0,977.5,0.0
1,84400,VOLCANIC_ROCK_VOUCHER_9500,977.0,21.0,0.0,0.0,0.0,0.0,978,21,0.0,0.0,0.0,0.0,977.5,0.0
1,84500,VOLCANIC_ROCK_VOUCHER_9500,977.0,21.0,0.0,0.0,0.0,0.0,978,21,0.0,0.0,0.0,0.0,977.5,0.0
1,84600,VOLCANIC_ROCK_VOUCHER_9500,975.0,14.0,0.0,0.0,0.0,0.0,976,14,0.0,0.0,0.0,0.0,975.5,0.0
1,84700,VOLCANIC_ROCK_VOUCHER_9500,974.0,27.0,0.0,0.0,0.0,0.0,975,15,0.0,0.0,0.0,0.0,974.5,0.0
1,84800,VOLCANIC_ROCK_VOUCHER_9500,974.0,18.0,0.0,0.0,0.0,0.0,976,18,0.0,0.0,0.0,0.0,975.0,0.0
1,84900,VOLCANIC_ROCK_VOUCHER_9500,977.0,29.0,0.0,0.0,0.0,0.0,978,17,0.0,0.0,0.0,0.0,977.5,0.0
1,85000,VOLCANIC_ROCK_VOUCHER_9500,981.0,20.0,0.0,0.0,0.0,0.0,982,20,0.0,0.0,0.0,0.0,981.5,0.0
1,85100,VOLCANIC_ROCK_VOUCHER_9500,982.0,11.0,0.0,0.0,0.0,0.0,983,11,0.0,0.0,0.0,0.0,982.5,0.0
1,85200,VOLCANIC_ROCK_VOUCHER_9500,985.0,11.0,0.0,0.0,0.0,0.0,986,11,0.0,0.0,0.0,0.0,985.5,0.0
1,85300,VOLCANIC_ROCK_VOUCHER_9500,984.0,13.0,0.0,0.0,0.0,0.0,985,13,0.0,0.0,0.0,0.0,984.5,0.0
1,85400,VOLCANIC_ROCK_VOUCHER_9500,982.0,11.0,0.0,0.0,0.0,0.0,983,11,0.0,0.0,0.0,0.0,982.5,0.0
1,85500,VOLCANIC_ROCK_VOUCHER_9500,981.0,20.0,0.0,0.0,0.0,0.0,982,20,0.0,0.0,0.0,0.0,981.5,0.0
1,85600,VOLCANIC_ROCK_VOUCHER_9500,983.0,12.0,0.0,0.0,0.0,0.0,984,12,0.0,0.0,0.0,0.0,983.5,0.0
1,85700,VOLCANIC_ROCK_VOUCHER_9500,985.0,12.0,0.0,0.0,0.0,0.0,986,12,0.0,0.0,0.0,0.0,985.5,0.0
1,85800,VOLCANIC_ROCK_VOUCHER_9500,984.0,18.0,0.0,0.0,0.0,0.0,985,18,0.0,0.0,0.0,0.0,984.5,0.0
1,85900,VOLCANIC_ROCK_VOUCHER_9500,986.0,12.0,0.0,0.0,0.0,0.0,987,12,0.0,0.0,0.0,0.0,986.5,0.0
1,86000,VOLCANIC_ROCK_VOUCHER_9500,985.0,15.0,0.0,0.0,0.0,0.0,986,15,0.0,0.0,0.0,0.0,985.5,0.0
1,86100,VOLCANIC_ROCK_VOUCHER_9500,991.0,14.0,0.0,0.0,0.0,0.0,992,14,0.0,0.0,0.0,0.0,991.5,0.0
1,86200,VOLCANIC_ROCK_VOUCHER_9500,991.0,16.0,0.0,0.0,0.0,0.0,992,16,0.0,0.0,0.0,0.0,991.5,0.0
1,86300,VOLCANIC_ROCK_VOUCHER_9500,989.0,18.0,0.0,0.0,0.0,0.0,990,18,0.0,0.0,0.0,0.0,989.5,0.0
1,86400,VOLCANIC_ROCK_VOUCHER_9500,993.0,16.0,0.0,0.0,0.0,0.0,994,16,0.0,0.0,0.0,0.0,993.5,0.0
1,86500,VOLCANIC_ROCK_VOUCHER_9500,991.0,15.0,0.0,0.0,0.0,0.0,992,15,0.0,0.0,0.0,0.0,991.5,0.0
1,86600,VOLCANIC_ROCK_VOUCHER_9500,990.0,16.0,0.0,0.0,0.0,0.0,991,16,0.0,0.0,0.0,0.0,990.5,0.0
1,86700,VOLCANIC_ROCK_VOUCHER_9500,990.0,15.0,0.0,0.0,0.0,0.0,991,15,0.0,0.0,0.0,0.0,990.5,0.0
1,86800,VOLCANIC_ROCK_VOUCHER_9500,982.0,13.0,0.0,0.0,0.0,0.0,983,13,0.0,0.0,0.0,0.0,982.5,0.0
1,86900,VOLCANIC_ROCK_VOUCHER_9500,985.0,19.0,0.0,0.0,0.0,0.0,986,19,0.0,0.0,0.0,0.0,985.5,0.0
1,87000,VOLCANIC_ROCK_VOUCHER_9500,989.0,15.0,0.0,0.0,0.0,0.0,990,15,0.0,0.0,0.0,0.0,989.5,0.0
1,87100,VOLCANIC_ROCK_VOUCHER_9500,988.0,19.0,0.0,0.0,0.0,0.0,989,19,0.0,0.0,0.0,0.0,988.5,0.0
1,87200,VOLCANIC_ROCK_VOUCHER_9500,988.0,12.0,0.0,0.0,0.0,0.0,990,12,0.0,0.0,0.0,0.0,989.0,0.0
1,87300,VOLCANIC_ROCK_VOUCHER_9500,989.0,5.0,0.0,0.0,0.0,0.0,990,16,0.0,0.0,0.0,0.0,989.5,0.0
1,87400,VOLCANIC_ROCK_VOUCHER_9500,989.0,11.0,0.0,0.0,0.0,0.0,991,11,0.0,0.0,0.0,0.0,990.0,0.0
1,87500,VOLCANIC_ROCK_VOUCHER_9500,991.0,36.0,0.0,0.0,0.0,0.0,992,19,0.0,0.0,0.0,0.0,991.5,0.0
1,87600,VOLCANIC_ROCK_VOUCHER_9500,992.0,14.0,0.0,0.0,0.0,0.0,993,14,0.0,0.0,0.0,0.0,992.5,0.0
1,87700,VOLCANIC_ROCK_VOUCHER_9500,998.0,14.0,0.0,0.0,0.0,0.0,999,14,0.0,0.0,0.0,0.0,998.5,0.0
1,87800,VOLCANIC_ROCK_VOUCHER_9500,998.0,17.0,0.0,0.0,0.0,0.0,999,17,0.0,0.0,0.0,0.0,998.5,0.0
1,87900,VOLCANIC_ROCK_VOUCHER_9500,999.0,16.0,0.0,0.0,0.0,0.0,1000,16,0.0,0.0,0.0,0.0,999.5,0.0
1,88000,VOLCANIC_ROCK_VOUCHER_9500,997.0,19.0,996.0,20.0,0.0,0.0,998,20,0.0,0.0,0.0,0.0,997.5,0.0
1,88100,VOLCANIC_ROCK_VOUCHER_9500,997.0,13.0,0.0,0.0,0.0,0.0,998,13,0.0,0.0,0.0,0.0,997.5,0.0
1,88200,VOLCANIC_ROCK_VOUCHER_9500,1001.0,19.0,0.0,0.0,0.0,0.0,1002,19,0.0,0.0,0.0,0.0,1001.5,0.0
1,88300,VOLCANIC_ROCK_VOUCHER_9500,1004.0,11.0,0.0,0.0,0.0,0.0,1005,11,0.0,0.0,0.0,0.0,1004.5,0.0
1,88400,VOLCANIC_ROCK_VOUCHER_9500,1002.0,19.0,0.0,0.0,0.0,0.0,1003,19,0.0,0.0,0.0,0.0,1002.5,0.0
1,88500,VOLCANIC_ROCK_VOUCHER_9500,0.0,0.0,0.0,0.0,0.0,0.0,1003,1,1004.0,19.0,0.0,0.0,1003.0,0.0
1,88600,VOLCANIC_ROCK_VOUCHER_9500,996.0,16.0,0.0,0.0,0.0,0.0,998,16,0.0,0.0,0.0,0.0,997.0,0.0
1,88700,VOLCANIC_ROCK_VOUCHER_9500,998.0,12.0,0.0,0.0,0.0,0.0,999,12,0.0,0.0,0.0,0.0,998.5,0.0
1,88800,VOLCANIC_ROCK_VOUCHER_9500,996.0,17.0,0.0,0.0,0.0,0.0,997,17,0.0,0.0,0.0,0.0,996.5,0.0
1,88900,VOLCANIC_ROCK_VOUCHER_9500,999.0,15.0,0.0,0.0,0.0,0.0,1000,15,0.0,0.0,0.0,0.0,999.5,0.0
1,89000,VOLCANIC_ROCK_VOUCHER_9500,1002.0,18.0,0.0,0.0,0.0,0.0,1003,18,0.0,0.0,0.0,0.0,1002.5,0.0
1,89100,VOLCANIC_ROCK_VOUCHER_9500,1003.0,17.0,0.0,0.0,0.0,0.0,1004,17,0.0,0.0,0.0,0.0,1003.5,0.0
1,89200,VOLCANIC_ROCK_VOUCHER_9500,1003.0,3.0,0.0,0.0,0.0,0.0,1004,19,0.0,0.0,0.0,0.0,1003.5,0.0
1,89300,VOLCANIC_ROCK_VOUCHER_9500,1003.0,14.0,0.0,0.0,0.0,0.0,1004,14,0.0,0.0,0.0,0.0,1003.5,0.0
1,89400,VOLCANIC_ROCK_VOUCHER_9500,1007.0,17.0,0.0,0.0,0.0,0.0,1008,17,0.0,0.0,0.0,0.0,1007.5,0.0
1,89500,VOLCANIC_ROCK_VOUCHER_9500,1008.0,17.0,0.0,0.0,0.0,0.0,1009,17,0.0,0.0,0.0,0.0,1008.5,0.0
1,89600,VOLCANIC_ROCK_VOUCHER_9500,1007.0,19.0,0.0,0.0,0.0,0.0,1008,19,0.0,0.0,0.0,0.0,1007.5,0.0
1,89700,VOLCANIC_ROCK_VOUCHER_9500,1007.0,19.0,0.0,0.0,0.0,0.0,1008,19,0.0,0.0,0.0,0.0,1007.5,0.0
1,89800,VOLCANIC_ROCK_VOUCHER_9500,1006.0,18.0,0.0,0.0,0.0,0.0,1007,18,0.0,0.0,0.0,0.0,1006.5,0.0
1,89900,VOLCANIC_ROCK_VOUCHER_9500,1006.0,18.0,0.0,0.0,0.0,0.0,1007,18,0.0,0.0,0.0,0.0,1006.5,0.0
1,90000,VOLCANIC_ROCK_VOUCHER_9500,1005.0,19.0,0.0,0.0,0.0,0.0,1006,19,0.0,0.0,0.0,0.0,1005.5,0.0
1,90100,VOLCANIC_ROCK_VOUCHER_9500,1008.0,13.0,0.0,0.0,0.0,0.0,1009,13,0.0,0.0,0.0,0.0,1008.5,0.0
1,90200,VOLCANIC_ROCK_VOUCHER_9500,1008.0,21.0,0.0,0.0,0.0,0.0,1010,21,0.0,0.0,0.0,0.0,1009.0,0.0
1,90300,VOLCANIC_ROCK_VOUCHER_9500,1010.0,17.0,0.0,0.0,0.0,0.0,1011,17,0.0,0.0,0.0,0.0,1010.5,0.0
1,90400,VOLCANIC_ROCK_VOUCHER_9500,1012.0,20.0,0.0,0.0,0.0,0.0,1013,20,0.0,0.0,0.0,0.0,1012.5,0.0
1,90500,VOLCANIC_ROCK_VOUCHER_9500,1009.0,14.0,0.0,0.0,0.0,0.0,1010,14,0.0,0.0,0.0,0.0,1009.5,0.0
1,90600,VOLCANIC_ROCK_VOUCHER_9500,1009.0,21.0,0.0,0.0,0.0,0.0,1010,21,0.0,0.0,0.0,0.0,1009.5,0.0
1,90700,VOLCANIC_ROCK_VOUCHER_9500,1006.0,15.0,0.0,0.0,0.0,0.0,1008,15,0.0,0.0,0.0,0.0,1007.0,0.0
1,90800,VOLCANIC_ROCK_VOUCHER_9500,1008.0,11.0,0.0,0.0,0.0,0.0,1009,11,0.0,0.0,0.0,0.0,1008.5,0.0
1,90900,VOLCANIC_ROCK_VOUCHER_9500,1008.0,10.0,0.0,0.0,0.0,0.0,1009,10,0.0,0.0,0.0,0.0,1008.5,0.0
1,91000,VOLCANIC_ROCK_VOUCHER_9500,1008.0,22.0,0.0,0.0,0.0,0.0,1010,22,0.0,0.0,0.0,0.0,1009.0,0.0
1,91100,VOLCANIC_ROCK_VOUCHER_9500,1009.0,20.0,0.0,0.0,0.0,0.0,1010,20,0.0,0.0,0.0,0.0,1009.5,0.0
1,91200,VOLCANIC_ROCK_VOUCHER_9500,1009.0,15.0,1008.0,16.0,0.0,0.0,1010,16,0.0,0.0,0.0,0.0,1009.5,0.0
1,91300,VOLCANIC_ROCK_VOUCHER_9500,1013.0,20.0,0.0,0.0,0.0,0.0,1014,15,0.0,0.0,0.0,0.0,1013.5,0.0
1,91400,VOLCANIC_ROCK_VOUCHER_9500,1015.0,19.0,0.0,0.0,0.0,0.0,1016,19,0.0,0.0,0.0,0.0,1015.5,0.0
1,91500,VOLCANIC_ROCK_VOUCHER_9500,1014.0,11.0,0.0,0.0,0.0,0.0,1016,11,0.0,0.0,0.0,0.0,1015.0,0.0
1,91600,VOLCANIC_ROCK_VOUCHER_9500,1013.0,19.0,0.0,0.0,0.0,0.0,1014,19,0.0,0.0,0.0,0.0,1013.5,0.0
1,91700,VOLCANIC_ROCK_VOUCHER_9500,1008.0,15.0,0.0,0.0,0.0,0.0,1009,15,0.0,0.0,0.0,0.0,1008.5,0.0
1,91800,VOLCANIC_ROCK_VOUCHER_9500,1006.0,14.0,0.0,0.0,0.0,0.0,1007,14,0.0,0.0,0.0,0.0,1006.5,0.0
1,91900,VOLCANIC_ROCK_VOUCHER_9500,1002.0,11.0,0.0,0.0,0.0,0.0,1003,11,0.0,0.0,0.0,0.0,1002.5,0.0
1,92000,VOLCANIC_ROCK_VOUCHER_9500,1001.0,12.0,0.0,0.0,0.0,0.0,1002,12,0.0,0.0,0.0,0.0,1001.5,0.0
1,92100,VOLCANIC_ROCK_VOUCHER_9500,1001.0,13.0,0.0,0.0,0.0,0.0,1002,13,0.0,0.0,0.0,0.0,1001.5,0.0
1,92200,VOLCANIC_ROCK_VOUCHER_9500,1001.0,14.0,0.0,0.0,0.0,0.0,1003,10,0.0,0.0,0.0,0.0,1002.0,0.0
1,92300,VOLCANIC_ROCK_VOUCHER_9500,1001.0,15.0,0.0,0.0,0.0,0.0,1003,15,0.0,0.0,0.0,0.0,1002.0,0.0
1,92400,VOLCANIC_ROCK_VOUCHER_9500,1003.0,10.0,0.0,0.0,0.0,0.0,1004,10,0.0,0.0,0.0,0.0,1003.5,0.0
1,92500,VOLCANIC_ROCK_VOUCHER_9500,1001.0,21.0,0.0,0.0,0.0,0.0,1002,21,0.0,0.0,0.0,0.0,1001.5,0.0
1,92600,VOLCANIC_ROCK_VOUCHER_9500,998.0,13.0,0.0,0.0,0.0,0.0,999,13,0.0,0.0,0.0,0.0,998.5,0.0
1,92700,VOLCANIC_ROCK_VOUCHER_9500,999.0,22.0,0.0,0.0,0.0,0.0,1000,13,0.0,0.0,0.0,0.0,999.5,0.0
1,92800,VOLCANIC_ROCK_VOUCHER_9500,998.0,11.0,0.0,0.0,0.0,0.0,999,11,0.0,0.0,0.0,0.0,998.5,0.0
1,92900,VOLCANIC_ROCK_VOUCHER_9500,997.0,12.0,0.0,0.0,0.0,0.0,998,12,0.0,0.0,0.0,0.0,997.5,0.0
1,93000,VOLCANIC_ROCK_VOUCHER_9500,1000.0,12.0,0.0,0.0,0.0,0.0,1001,12,0.0,0.0,0.0,0.0,1000.5,0.0
1,93100,VOLCANIC_ROCK_VOUCHER_9500,1000.0,13.0,0.0,0.0,0.0,0.0,1001,13,0.0,0.0,0.0,0.0,1000.5,0.0
1,93200,VOLCANIC_ROCK_VOUCHER_9500,1000.0,13.0,0.0,0.0,0.0,0.0,1001,13,0.0,0.0,0.0,0.0,1000.5,0.0
1,93300,VOLCANIC_ROCK_VOUCHER_9500,1003.0,12.0,0.0,0.0,0.0,0.0,1004,12,0.0,0.0,0.0,0.0,1003.5,0.0
1,93400,VOLCANIC_ROCK_VOUCHER_9500,1006.0,18.0,0.0,0.0,0.0,0.0,1007,18,0.0,0.0,0.0,0.0,1006.5,0.0
1,93500,VOLCANIC_ROCK_VOUCHER_9500,1006.0,13.0,0.0,0.0,0.0,0.0,1007,13,0.0,0.0,0.0,0.0,1006.5,0.0
1,93600,VOLCANIC_ROCK_VOUCHER_9500,1008.0,17.0,0.0,0.0,0.0,0.0,1009,17,0.0,0.0,0.0,0.0,1008.5,0.0
1,93700,VOLCANIC_ROCK_VOUCHER_9500,1007.0,17.0,0.0,0.0,0.0,0.0,1008,17,0.0,0.0,0.0,0.0,1007.5,0.0
1,93800,VOLCANIC_ROCK_VOUCHER_9500,1009.0,12.0,0.0,0.0,0.0,0.0,1010,12,0.0,0.0,0.0,0.0,1009.5,0.0
1,93900,VOLCANIC_ROCK_VOUCHER_9500,1009.0,14.0,0.0,0.0,0.0,0.0,1010,14,0.0,0.0,0.0,0.0,1009.5,0.0
1,94000,VOLCANIC_ROCK_VOUCHER_9500,1009.0,11.0,0.0,0.0,0.0,0.0,1010,11,0.0,0.0,0.0,0.0,1009.5,0.0
1,94100,VOLCANIC_ROCK_VOUCHER_9500,1006.0,16.0,0.0,0.0,0.0,0.0,1007,16,0.0,0.0,0.0,0.0,1006.5,0.0
1,94200,VOLCANIC_ROCK_VOUCHER_9500,1007.0,11.0,0.0,0.0,0.0,0.0,1008,11,0.0,0.0,0.0,0.0,1007.5,0.0
1,94300,VOLCANIC_ROCK_VOUCHER_9500,1006.0,19.0,0.0,0.0,0.0,0.0,1008,19,0.0,0.0,0.0,0.0,1007.0,0.0
1,94400,VOLCANIC_ROCK_VOUCHER_9500,1004.0,13.0,0.0,0.0,0.0,0.0,1005,13,0.0,0.0,0.0,0.0,1004.5,0.0
1,94500,VOLCANIC_ROCK_VOUCHER_9500,1001.0,7.0,0.0,0.0,0.0,0.0,1002,18,0.0,0.0,0.0,0.0,1001.5,0.0
1,94600,VOLCANIC_ROCK_VOUCHER_9500,0.0,0.0,0.0,0.0,0.0,0.0,1000,3,1002.0,13.0,0.0,0.0,1000.0,0.0
1,94700,VOLCANIC_ROCK_VOUCHER_9500,998.0,16.0,0.0,0.0,0.0,0.0,1000,16,0.0,0.0,0.0,0.0,999.0,0.0
1,94800,VOLCANIC_ROCK_VOUCHER_9500,996.0,15.0,0.0,0.0,0.0,0.0,997,15,0.0,0.0,0.0,0.0,996.5,0.0
1,94900,VOLCANIC_ROCK_VOUCHER_9500,999.0,20.0,0.0,0.0,0.0,0.0,1000,20,0.0,0.0,0.0,0.0,999.5,0.0
1,95000,VOLCANIC_ROCK_VOUCHER_9500,1000.0,17.0,0.0,0.0,0.0,0.0,1001,17,0.0,0.0,0.0,0.0,1000.5,0.0
1,95100,VOLCANIC_ROCK_VOUCHER_9500,998.0,18.0,0.0,0.0,0.0,0.0,1000,18,0.0,0.0,0.0,0.0,999.0,0.0
1,95200,VOLCANIC_ROCK_VOUCHER_9500,1001.0,16.0,0.0,0.0,0.0,0.0,1002,16,0.0,0.0,0.0,0.0,1001.5,0.0
1,95300,VOLCANIC_ROCK_VOUCHER_9500,999.0,14.0,0.0,0.0,0.0,0.0,1000,14,0.0,0.0,0.0,0.0,999.5,0.0
1,95400,VOLCANIC_ROCK_VOUCHER_9500,1000.0,13.0,0.0,0.0,0.0,0.0,1002,13,0.0,0.0,0.0,0.0,1001.0,0.0
1,95500,VOLCANIC_ROCK_VOUCHER_9500,1000.0,20.0,0.0,0.0,0.0,0.0,1001,20,0.0,0.0,0.0,0.0,1000.5,0.0
1,95600,VOLCANIC_ROCK_VOUCHER_9500,997.0,20.0,0.0,0.0,0.0,0.0,999,20,0.0,0.0,0.0,0.0,998.0,0.0
1,95700,VOLCANIC_ROCK_VOUCHER_9500,996.0,13.0,0.0,0.0,0.0,0.0,997,13,0.0,0.0,0.0,0.0,996.5,0.0
1,95800,VOLCANIC_ROCK_VOUCHER_9500,997.0,21.0,0.0,0.0,0.0,0.0,998,21,0.0,0.0,0.0,0.0,997.5,0.0
1,95900,VOLCANIC_ROCK_VOUCHER_9500,997.0,19.0,0.0,0.0,0.0,0.0,998,19,0.0,0.0,0.0,0.0,997.5,0.0
1,96000,VOLCANIC_ROCK_VOUCHER_9500,996.0,21.0,0.0,0.0,0.0,0.0,997,21,0.0,0.0,0.0,0.0,996.5,0.0
1,96100,VOLCANIC_ROCK_VOUCHER_9500,998.0,21.0,0.0,0.0,0.0,0.0,999,21,0.0,0.0,0.0,0.0,998.5,0.0
1,96200,VOLCANIC_ROCK_VOUCHER_9500,997.0,11.0,0.0,0.0,0.0,0.0,998,11,0.0,0.0,0.0,0.0,997.5,0.0
1,96300,VOLCANIC_ROCK_VOUCHER_9500,0.0,0.0,0.0,0.0,0.0,0.0,1001,12,0.0,0.0,0.0,0.0,1001.0,0.0
1,96400,VOLCANIC_ROCK_VOUCHER_9500,1000.0,12.0,0.0,0.0,0.0,0.0,1001,12,0.0,0.0,0.0,0.0,1000.5,0.0
1,96500,VOLCANIC_ROCK_VOUCHER_9500,999.0,18.0,0.0,0.0,0.0,0.0,1000,18,0.0,0.0,0.0,0.0,999.5,0.0
1,96600,VOLCANIC_ROCK_VOUCHER_9500,998.0,19.0,0.0,0.0,0.0,0.0,999,19,0.0,0.0,0.0,0.0,998.5,0.0
1,96700,VOLCANIC_ROCK_VOUCHER_9500,1000.0,12.0,0.0,0.0,0.0,0.0,1001,12,0.0,0.0,0.0,0.0,1000.5,0.0
1,96800,VOLCANIC_ROCK_VOUCHER_9500,1002.0,20.0,0.0,0.0,0.0,0.0,1004,20,0.0,0.0,0.0,0.0,1003.0,0.0
1,96900,VOLCANIC_ROCK_VOUCHER_9500,1004.0,12.0,0.0,0.0,0.0,0.0,1005,12,0.0,0.0,0.0,0.0,1004.5,0.0
1,97000,VOLCANIC_ROCK_VOUCHER_9500,0.0,0.0,0.0,0.0,0.0,0.0,1004,3,1005.0,14.0,0.0,0.0,1004.0,0.0
1,97100,VOLCANIC_ROCK_VOUCHER_9500,1003.0,16.0,0.0,0.0,0.0,0.0,1004,16,0.0,0.0,0.0,0.0,1003.5,0.0
1,97200,VOLCANIC_ROCK_VOUCHER_9500,1002.0,11.0,0.0,0.0,0.0,0.0,1004,11,0.0,0.0,0.0,0.0,1003.0,0.0
1,97300,VOLCANIC_ROCK_VOUCHER_9500,1003.0,10.0,0.0,0.0,0.0,0.0,1005,10,0.0,0.0,0.0,0.0,1004.0,0.0
1,97400,VOLCANIC_ROCK_VOUCHER_9500,1001.0,17.0,0.0,0.0,0.0,0.0,1002,17,0.0,0.0,0.0,0.0,1001.5,0.0
1,97500,VOLCANIC_ROCK_VOUCHER_9500,1000.0,18.0,0.0,0.0,0.0,0.0,1001,18,0.0,0.0,0.0,0.0,1000.5,0.0
1,97600,VOLCANIC_ROCK_VOUCHER_9500,1000.0,12.0,0.0,0.0,0.0,0.0,1002,12,0.0,0.0,0.0,0.0,1001.0,0.0
1,97700,VOLCANIC_ROCK_VOUCHER_9500,999.0,19.0,0.0,0.0,0.0,0.0,1001,19,0.0,0.0,0.0,0.0,1000.0,0.0
1,97800,VOLCANIC_ROCK_VOUCHER_9500,999.0,22.0,0.0,0.0,0.0,0.0,1000,22,0.0,0.0,0.0,0.0,999.5,0.0
1,97900,VOLCANIC_ROCK_VOUCHER_9500,0.0,0.0,0.0,0.0,0.0,0.0,997,14,0.0,0.0,0.0,0.0,997.0,0.0
1,98000,VOLCANIC_ROCK_VOUCHER_9500,997.0,18.0,0.0,0.0,0.0,0.0,998,18,0.0,0.0,0.0,0.0,997.5,0.0
1,98100,VOLCANIC_ROCK_VOUCHER_9500,998.0,28.0,0.0,0.0,0.0,0.0,999,13,0.0,0.0,0.0,0.0,998.5,0.0
1,98200,VOLCANIC_ROCK_VOUCHER_9500,1000.0,16.0,0.0,0.0,0.0,0.0,1001,16,0.0,0.0,0.0,0.0,1000.5,0.0
1,98300,VOLCANIC_ROCK_VOUCHER_9500,999.0,13.0,0.0,0.0,0.0,0.0,1000,13,0.0,0.0,0.0,0.0,999.5,0.0
1,98400,VOLCANIC_ROCK_VOUCHER_9500,1001.0,17.0,0.0,0.0,0.0,0.0,1002,17,0.0,0.0,0.0,0.0,1001.5,0.0
1,98500,VOLCANIC_ROCK_VOUCHER_9500,1001.0,12.0,0.0,0.0,0.0,0.0,1002,12,0.0,0.0,0.0,0.0,1001.5,0.0
1,98600,VOLCANIC_ROCK_VOUCHER_9500,1000.0,20.0,0.0,0.0,0.0,0.0,1001,20,0.0,0.0,0.0,0.0,1000.5,0.0
1,98700,VOLCANIC_ROCK_VOUCHER_9500,1000.0,28.0,0.0,0.0,0.0,0.0,1001,18,0.0,0.0,0.0,0.0,1000.5,0.0
1,98800,VOLCANIC_ROCK_VOUCHER_9500,999.0,21.0,0.0,0.0,0.0,0.0,1001,21,0.0,0.0,0.0,0.0,1000.0,0.0
1,98900,VOLCANIC_ROCK_VOUCHER_9500,1001.0,18.0,0.0,0.0,0.0,0.0,1003,18,0.0,0.0,0.0,0.0,1002.0,0.0
1,99000,VOLCANIC_ROCK_VOUCHER_9500,1001.0,15.0,0.0,0.0,0.0,0.0,1002,15,0.0,0.0,0.0,0.0,1001.5,0.0
1,99100,VOLCANIC_ROCK_VOUCHER_9500,1002.0,16.0,0.0,0.0,0.0,0.0,1003,16,0.0,0.0,0.0,0.0,1002.5,0.0
1,99200,VOLCANIC_ROCK_VOUCHER_9500,1000.0,18.0,0.0,0.0,0.0,0.0,1002,18,0.0,0.0,0.0,0.0,1001.0,0.0
1,99300,VOLCANIC_ROCK_VOUCHER_9500,999.0,14.0,0.0,0.0,0.0,0.0,1001,14,0.0,0.0,0.0,0.0,1000.0,0.0
1,99400,VOLCANIC_ROCK_VOUCHER_9500,1000.0,21.0,0.0,0.0,0.0,0.0,1001,21,0.0,0.0,0.0,0.0,1000.5,0.0
1,99500,VOLCANIC_ROCK_VOUCHER_9500,999.0,23.0,0.0,0.0,0.0,0.0,1000,13,0.0,0.0,0.0,0.0,999.5,0.0
1,99600,VOLCANIC_ROCK_VOUCHER_9500,0.0,0.0,0.0,0.0,0.0,0.0,1000,13,0.0,0.0,0.0,0.0,1000.0,0.0
1,99700,VOLCANIC_ROCK_VOUCHER_9500,0.0,0.0,0.0,0.0,0.0,0.0,998,8,999.0,12.0,0.0,0.0,998.0,0.0
1,99800,VOLCANIC_ROCK_VOUCHER_9500,997.0,15.0,0.0,0.0,0.0,0.0,998,15,0.0,0.0,0.0,0.0,997.5,0.0
1,99900,VOLCANIC_ROCK_VOUCHER_9500,998.0,14.0,0.0,0.0,0.0,0.0,999,14,0.0,0.0,0.0,0.0,998.5,0.0
1,100000,VOLCANIC_ROCK_VOUCHER_9500,997.0,14.0,0.0,0.0,0.0,0.0,998,14,0.0,0.0,0.0,0.0,997.5,0.0
1,100100,VOLCANIC_ROCK_VOUCHER_9500,1003.0,21.0,0.0,0.0,0.0,0.0,1004,21,0.0,0.0,0.0,0.0,1003.5,0.0
1,100200,VOLCANIC_ROCK_VOUCHER_9500,1002.0,25.0,0.0,0.0,0.0,0.0,1003,15,0.0,0.0,0.0,0.0,1002.5,0.0
1,100300,VOLCANIC_ROCK_VOUCHER_9500,1004.0,19.0,0.0,0.0,0.0,0.0,1005,19,0.0,0.0,0.0,0.0,1004.5,0.0
1,100400,VOLCANIC_ROCK_VOUCHER_9500,1003.0,10.0,0.0,0.0,0.0,0.0,1004,10,0.0,0.0,0.0,0.0,1003.5,0.0
1,100500,VOLCANIC_ROCK_VOUCHER_9500,1003.0,12.0,0.0,0.0,0.0,0.0,1004,12,0.0,0.0,0.0,0.0,1003.5,0.0
1,100600,VOLCANIC_ROCK_VOUCHER_9500,1006.0,22.0,0.0,0.0,0.0,0.0,1007,22,0.0,0.0,0.0,0.0,1006.5,0.0
1,100700,VOLCANIC_ROCK_VOUCHER_9500,1004.0,16.0,0.0,0.0,0.0,0.0,1006,16,0.0,0.0,0.0,0.0,1005.0,0.0
1,100800,VOLCANIC_ROCK_VOUCHER_9500,1005.0,10.0,0.0,0.0,0.0,0.0,1006,10,0.0,0.0,0.0,0.0,1005.5,0.0
1,100900,VOLCANIC_ROCK_VOUCHER_9500,1004.0,18.0,0.0,0.0,0.0,0.0,1005,18,0.0,0.0,0.0,0.0,1004.5,0.0
1,101000,VOLCANIC_ROCK_VOUCHER_9500,1003.0,18.0,0.0,0.0,0.0,0.0,1005,18,0.0,0.0,0.0,0.0,1004.0,0.0
1,101100,VOLCANIC_ROCK_VOUCHER_9500,1003.0,12.0,0.0,0.0,0.0,0.0,1004,12,0.0,0.0,0.0,0.0,1003.5,0.0
1,101200,VOLCANIC_ROCK_VOUCHER_9500,1001.0,13.0,0.0,0.0,0.0,0.0,1002,13,0.0,0.0,0.0,0.0,1001.5,0.0
1,101300,VOLCANIC_ROCK_VOUCHER_9500,0.0,0.0,0.0,0.0,0.0,0.0,1000,1,1001.0,13.0,0.0,0.0,1000.0,0.0
1,101400,VOLCANIC_ROCK_VOUCHER_9500,1000.0,21.0,0.0,0.0,0.0,0.0,1001,21,0.0,0.0,0.0,0.0,1000.5,0.0
1,101500,VOLCANIC_ROCK_VOUCHER_9500,1000.0,6.0,0.0,0.0,0.0,0.0,1002,16,0.0,0.0,0.0,0.0,1001.0,0.0
1,101600,VOLCANIC_ROCK_VOUCHER_9500,995.0,11.0,0.0,0.0,0.0,0.0,996,11,0.0,0.0,0.0,0.0,995.5,0.0
1,101700,VOLCANIC_ROCK_VOUCHER_9500,995.0,15.0,0.0,0.0,0.0,0.0,997,15,0.0,0.0,0.0,0.0,996.0,0.0
1,101800,VOLCANIC_ROCK_VOUCHER_9500,996.0,17.0,0.0,0.0,0.0,0.0,997,17,0.0,0.0,0.0,0.0,996.5,0.0
1,101900,VOLCANIC_ROCK_VOUCHER_9500,998.0,20.0,0.0,0.0,0.0,0.0,999,20,0.0,0.0,0.0,0.0,998.5,0.0
1,102000,VOLCANIC_ROCK_VOUCHER_9500,998.0,14.0,0.0,0.0,0.0,0.0,999,14,0.0,0.0,0.0,0.0,998.5,0.0
1,102100,VOLCANIC_ROCK_VOUCHER_9500,998.0,19.0,0.0,0.0,0.0,0.0,999,19,0.0,0.0,0.0,0.0,998.5,0.0
1,102200,VOLCANIC_ROCK_VOUCHER_9500,999.0,12.0,0.0,0.0,0.0,0.0,1000,12,0.0,0.0,0.0,0.0,999.5,0.0
1,102300,VOLCANIC_ROCK_VOUCHER_9500,1000.0,19.0,0.0,0.0,0.0,0.0,1001,19,0.0,0.0,0.0,0.0,1000.5,0.0
1,102400,VOLCANIC_ROCK_VOUCHER_9500,0.0,0.0,0.0,0.0,0.0,0.0,1000,6,1001.0,14.0,0.0,0.0,1000.0,0.0
1,102500,VOLCANIC_ROCK_VOUCHER_9500,998.0,17.0,0.0,0.0,0.0,0.0,999,17,0.0,0.0,0.0,0.0,998.5,0.0
1,102600,VOLCANIC_ROCK_VOUCHER_9500,998.0,13.0,0.0,0.0,0.0,0.0,999,13,0.0,0.0,0.0,0.0,998.5,0.0
1,102700,VOLCANIC_ROCK_VOUCHER_9500,999.0,13.0,0.0,0.0,0.0,0.0,1000,13,0.0,0.0,0.0,0.0,999.5,0.0
1,102800,VOLCANIC_ROCK_VOUCHER_9500,1001.0,19.0,0.0,0.0,0.0,0.0,1002,19,0.0,0.0,0.0,0.0,1001.5,0.0
1,102900,VOLCANIC_ROCK_VOUCHER_9500,1002.0,14.0,1001.0,11.0,0.0,0.0,1003,11,0.0,0.0,0.0,0.0,1002.5,0.0
1,103000,VOLCANIC_ROCK_VOUCHER_9500,1001.0,20.0,0.0,0.0,0.0,0.0,1002,20,0.0,0.0,0.0,0.0,1001.5,0.0
1,103100,VOLCANIC_ROCK_VOUCHER_9500,1003.0,35.0,0.0,0.0,0.0,0.0,1004,19,0.0,0.0,0.0,0.0,1003.5,0.0
1,103200,VOLCANIC_ROCK_VOUCHER_9500,1003.0,11.0,0.0,0.0,0.0,0.0,1004,11,0.0,0.0,0.0,0.0,1003.5,0.0
1,103300,VOLCANIC_ROCK_VOUCHER_9500,1002.0,16.0,0.0,0.0,0.0,0.0,1003,16,0.0,0.0,0.0,0.0,1002.5,0.0
1,103400,VOLCANIC_ROCK_VOUCHER_9500,1002.0,8.0,0.0,0.0,0.0,0.0,1003,19,0.0,0.0,0.0,0.0,1002.5,0.0
1,103500,VOLCANIC_ROCK_VOUCHER_9500,1004.0,16.0,0.0,0.0,0.0,0.0,1005,16,0.0,0.0,0.0,0.0,1004.5,0.0
1,103600,VOLCANIC_ROCK_VOUCHER_9500,1002.0,7.0,0.0,0.0,0.0,0.0,1003,20,0.0,0.0,0.0,0.0,1002.5,0.0
1,103700,VOLCANIC_ROCK_VOUCHER_9500,1003.0,19.0,0.0,0.0,0.0,0.0,1004,19,0.0,0.0,0.0,0.0,1003.5,0.0
1,103800,VOLCANIC_ROCK_VOUCHER_9500,1001.0,13.0,0.0,0.0,0.0,0.0,1003,13,0.0,0.0,0.0,0.0,1002.0,0.0
1,103900,VOLCANIC_ROCK_VOUCHER_9500,1005.0,17.0,0.0,0.0,0.0,0.0,1006,17,0.0,0.0,0.0,0.0,1005.5,0.0
1,104000,VOLCANIC_ROCK_VOUCHER_9500,1005.0,17.0,0.0,0.0,0.0,0.0,1007,17,0.0,0.0,0.0,0.0,1006.0,0.0
1,104100,VOLCANIC_ROCK_VOUCHER_9500,1004.0,20.0,0.0,0.0,0.0,0.0,1005,20,0.0,0.0,0.0,0.0,1004.5,0.0
1,104200,VOLCANIC_ROCK_VOUCHER_9500,1005.0,14.0,0.0,0.0,0.0,0.0,1006,14,0.0,0.0,0.0,0.0,1005.5,0.0
1,104300,VOLCANIC_ROCK_VOUCHER_9500,1005.0,17.0,0.0,0.0,0.0,0.0,1006,17,0.0,0.0,0.0,0.0,1005.5,0.0
1,104400,VOLCANIC_ROCK_VOUCHER_9500,1004.0,16.0,0.0,0.0,0.0,0.0,1005,16,0.0,0.0,0.0,0.0,1004.5,0.0
1,104500,VOLCANIC_ROCK_VOUCHER_9500,1002.0,18.0,0.0,0.0,0.0,0.0,1003,18,0.0,0.0,0.0,0.0,1002.5,0.0
1,104600,VOLCANIC_ROCK_VOUCHER_9500,999.0,18.0,0.0,0.0,0.0,0.0,1000,18,0.0,0.0,0.0,0.0,999.5,0.0
1,104700,VOLCANIC_ROCK_VOUCHER_9500,997.0,13.0,0.0,0.0,0.0,0.0,998,13,0.0,0.0,0.0,0.0,997.5,0.0
1,104800,VOLCANIC_ROCK_VOUCHER_9500,997.0,14.0,0.0,0.0,0.0,0.0,998,14,0.0,0.0,0.0,0.0,997.5,0.0
1,104900,VOLCANIC_ROCK_VOUCHER_9500,995.0,11.0,0.0,0.0,0.0,0.0,996,11,0.0,0.0,0.0,0.0,995.5,0.0
1,105000,VOLCANIC_ROCK_VOUCHER_9500,993.0,20.0,0.0,0.0,0.0,0.0,994,20,0.0,0.0,0.0,0.0,993.5,0.0
1,105100,VOLCANIC_ROCK_VOUCHER_9500,992.0,32.0,0.0,0.0,0.0,0.0,993,12,0.0,0.0,0.0,0.0,992.5,0.0
1,105200,VOLCANIC_ROCK_VOUCHER_9500,994.0,13.0,0.0,0.0,0.0,0.0,995,13,0.0,0.0,0.0,0.0,994.5,0.0
1,105300,VOLCANIC_ROCK_VOUCHER_9500,995.0,12.0,0.0,0.0,0.0,0.0,996,12,0.0,0.0,0.0,0.0,995.5,0.0
1,105400,VOLCANIC_ROCK_VOUCHER_9500,997.0,14.0,0.0,0.0,0.0,0.0,998,14,0.0,0.0,0.0,0.0,997.5,0.0
1,105500,VOLCANIC_ROCK_VOUCHER_9500,995.0,13.0,0.0,0.0,0.0,0.0,996,13,0.0,0.0,0.0,0.0,995.5,0.0
1,105600,VOLCANIC_ROCK_VOUCHER_9500,995.0,13.0,0.0,0.0,0.0,0.0,996,13,0.0,0.0,0.0,0.0,995.5,0.0
1,105700,VOLCANIC_ROCK_VOUCHER_9500,997.0,13.0,0.0,0.0,0.0,0.0,999,13,0.0,0.0,0.0,0.0,998.0,0.0
1,105800,VOLCANIC_ROCK_VOUCHER_9500,996.0,20.0,0.0,0.0,0.0,0.0,997,20,0.0,0.0,0.0,0.0,996.5,0.0
1,105900,VOLCANIC_ROCK_VOUCHER_9500,996.0,17.0,0.0,0.0,0.0,0.0,997,17,0.0,0.0,0.0,0.0,996.5,0.0
1,106000,VOLCANIC_ROCK_VOUCHER_9500,997.0,18.0,0.0,0.0,0.0,0.0,998,18,0.0,0.0,0.0,0.0,997.5,0.0
1,106100,VOLCANIC_ROCK_VOUCHER_9500,995.0,12.0,0.0,0.0,0.0,0.0,996,12,0.0,0.0,0.0,0.0,995.5,0.0
1,106200,VOLCANIC_ROCK_VOUCHER_9500,996.0,15.0,0.0,0.0,0.0,0.0,997,15,0.0,0.0,0.0,0.0,996.5,0.0
1,106300,VOLCANIC_ROCK_VOUCHER_9500,996.0,19.0,0.0,0.0,0.0,0.0,997,19,0.0,0.0,0.0,0.0,996.5,0.0
1,106400,VOLCANIC_ROCK_VOUCHER_9500,993.0,17.0,0.0,0.0,0.0,0.0,994,17,0.0,0.0,0.0,0.0,993.5,0.0
1,106500,VOLCANIC_ROCK_VOUCHER_9500,994.0,17.0,0.0,0.0,0.0,0.0,995,17,0.0,0.0,0.0,0.0,994.5,0.0
1,106600,VOLCANIC_ROCK_VOUCHER_9500,989.0,13.0,0.0,0.0,0.0,0.0,990,13,0.0,0.0,0.0,0.0,989.5,0.0
1,106700,VOLCANIC_ROCK_VOUCHER_9500,989.0,22.0,0.0,0.0,0.0,0.0,990,22,0.0,0.0,0.0,0.0,989.5,0.0
1,106800,VOLCANIC_ROCK_VOUCHER_9500,989.0,14.0,0.0,0.0,0.0,0.0,990,14,0.0,0.0,0.0,0.0,989.5,0.0
1,106900,VOLCANIC_ROCK_VOUCHER_9500,988.0,14.0,0.0,0.0,0.0,0.0,989,14,0.0,0.0,0.0,0.0,988.5,0.0
1,107000,VOLCANIC_ROCK_VOUCHER_9500,989.0,13.0,0.0,0.0,0.0,0.0,991,13,0.0,0.0,0.0,0.0,990.0,0.0
1,107100,VOLCANIC_ROCK_VOUCHER_9500,990.0,19.0,0.0,0.0,0.0,0.0,991,19,0.0,0.0,0.0,0.0,990.5,0.0
1,107200,VOLCANIC_ROCK_VOUCHER_9500,991.0,18.0,0.0,0.0,0.0,0.0,992,18,0.0,0.0,0.0,0.0,991.5,0.0
1,107300,VOLCANIC_ROCK_VOUCHER_9500,991.0,18.0,0.0,0.0,0.0,0.0,992,18,0.0,0.0,0.0,0.0,991.5,0.0
1,107400,VOLCANIC_ROCK_VOUCHER_9500,992.0,16.0,0.0,0.0,0.0,0.0,993,16,0.0,0.0,0.0,0.0,992.5,0.0
1,107500,VOLCANIC_ROCK_VOUCHER_9500,992.0,15.0,0.0,0.0,0.0,0.0,993,15,0.0,0.0,0.0,0.0,992.5,0.0
1,107600,VOLCANIC_ROCK_VOUCHER_9500,993.0,17.0,0.0,0.0,0.0,0.0,994,17,0.0,0.0,0.0,0.0,993.5,0.0
1,107700,VOLCANIC_ROCK_VOUCHER_9500,993.0,10.0,0.0,0.0,0.0,0.0,994,10,0.0,0.0,0.0,0.0,993.5,0.0
1,107800,VOLCANIC_ROCK_VOUCHER_9500,996.0,13.0,0.0,0.0,0.0,0.0,997,13,0.0,0.0,0.0,0.0,996.5,0.0
1,107900,VOLCANIC_ROCK_VOUCHER_9500,995.0,14.0,0.0,0.0,0.0,0.0,996,14,0.0,0.0,0.0,0.0,995.5,0.0
1,108000,VOLCANIC_ROCK_VOUCHER_9500,996.0,16.0,0.0,0.0,0.0,0.0,997,16,0.0,0.0,0.0,0.0,996.5,0.0
1,108100,VOLCANIC_ROCK_VOUCHER_9500,996.0,19.0,0.0,0.0,0.0,0.0,997,19,0.0,0.0,0.0,0.0,996.5,0.0
1,108200,VOLCANIC_ROCK_VOUCHER_9500,993.0,18.0,0.0,0.0,0.0,0.0,994,18,0.0,0.0,0.0,0.0,993.5,0.0
1,108300,VOLCANIC_ROCK_VOUCHER_9500,996.0,11.0,0.0,0.0,0.0,0.0,997,11,0.0,0.0,0.0,0.0,996.5,0.0
1,108400,VOLCANIC_ROCK_VOUCHER_9500,1000.0,34.0,0.0,0.0,0.0,0.0,1001,14,0.0,0.0,0.0,0.0,1000.5,0.0
1,108500,VOLCANIC_ROCK_VOUCHER_9500,1000.0,15.0,0.0,0.0,0.0,0.0,1001,15,0.0,0.0,0.0,0.0,1000.5,0.0
1,108600,VOLCANIC_ROCK_VOUCHER_9500,998.0,12.0,0.0,0.0,0.0,0.0,999,12,0.0,0.0,0.0,0.0,998.5,0.0
1,108700,VOLCANIC_ROCK_VOUCHER_9500,997.0,20.0,0.0,0.0,0.0,0.0,998,20,0.0,0.0,0.0,0.0,997.5,0.0
1,108800,VOLCANIC_ROCK_VOUCHER_9500,1000.0,13.0,0.0,0.0,0.0,0.0,1001,13,0.0,0.0,0.0,0.0,1000.5,0.0
1,108900,VOLCANIC_ROCK_VOUCHER_9500,1001.0,19.0,0.0,0.0,0.0,0.0,1002,18,1003.0,19.0,0.0,0.0,1001.5,0.0
1,109000,VOLCANIC_ROCK_VOUCHER_9500,1000.0,19.0,0.0,0.0,0.0,0.0,1001,19,0.0,0.0,0.0,0.0,1000.5,0.0
1,109100,VOLCANIC_ROCK_VOUCHER_9500,997.0,28.0,0.0,0.0,0.0,0.0,998,18,0.0,0.0,0.0,0.0,997.5,0.0
1,109200,VOLCANIC_ROCK_VOUCHER_9500,998.0,0.0,0.0,0.0,0.0,0.0,999,13,0.0,0.0,0.0,0.0,998.5,0.0
1,109300,VOLCANIC_ROCK_VOUCHER_9500,998.0,14.0,0.0,0.0,0.0,0.0,999,14,0.0,0.0,0.0,0.0,998.5,0.0
1,109400,VOLCANIC_ROCK_VOUCHER_9500,996.0,19.0,0.0,0.0,0.0,0.0,997,19,0.0,0.0,0.0,0.0,996.5,0.0
1,109500,VOLCANIC_ROCK_VOUCHER_9500,996.0,14.0,0.0,0.0,0.0,0.0,997,14,0.0,0.0,0.0,0.0,996.5,0.0
1,109600,VOLCANIC_ROCK_VOUCHER_9500,996.0,21.0,0.0,0.0,0.0,0.0,997,21,0.0,0.0,0.0,0.0,996.5,0.0
1,109700,VOLCANIC_ROCK_VOUCHER_9500,996.0,11.0,0.0,0.0,0.0,0.0,997,11,0.0,0.0,0.0,0.0,996.5,0.0
1,109800,VOLCANIC_ROCK_VOUCHER_9500,994.0,10.0,0.0,0.0,0.0,0.0,995,10,0.0,0.0,0.0,0.0,994.5,0.0
1,109900,VOLCANIC_ROCK_VOUCHER_9500,991.0,15.0,0.0,0.0,0.0,0.0,992,15,0.0,0.0,0.0,0.0,991.5,0.0
1,110000,VOLCANIC_ROCK_VOUCHER_9500,992.0,20.0,0.0,0.0,0.0,0.0,993,20,0.0,0.0,0.0,0.0,992.5,0.0
1,110100,VOLCANIC_ROCK_VOUCHER_9500,987.0,20.0,0.0,0.0,0.0,0.0,988,20,0.0,0.0,0.0,0.0,987.5,0.0
1,110200,VOLCANIC_ROCK_VOUCHER_9500,986.0,19.0,0.0,0.0,0.0,0.0,987,19,0.0,0.0,0.0,0.0,986.5,0.0
1,110300,VOLCANIC_ROCK_VOUCHER_9500,987.0,19.0,0.0,0.0,0.0,0.0,988,19,0.0,0.0,0.0,0.0,987.5,0.0
1,110400,VOLCANIC_ROCK_VOUCHER_9500,989.0,15.0,0.0,0.0,0.0,0.0,990,15,0.0,0.0,0.0,0.0,989.5,0.0
1,110500,VOLCANIC_ROCK_VOUCHER_9500,989.0,18.0,0.0,0.0,0.0,0.0,990,2,991.0,16.0,0.0,0.0,989.5,0.0
1,110600,VOLCANIC_ROCK_VOUCHER_9500,992.0,14.0,0.0,0.0,0.0,0.0,993,14,0.0,0.0,0.0,0.0,992.5,0.0
1,110700,VOLCANIC_ROCK_VOUCHER_9500,994.0,17.0,0.0,0.0,0.0,0.0,995,17,0.0,0.0,0.0,0.0,994.5,0.0
1,110800,VOLCANIC_ROCK_VOUCHER_9500,993.0,12.0,0.0,0.0,0.0,0.0,994,12,0.0,0.0,0.0,0.0,993.5,0.0
1,110900,VOLCANIC_ROCK_VOUCHER_9500,996.0,21.0,0.0,0.0,0.0,0.0,998,21,0.0,0.0,0.0,0.0,997.0,0.0
1,111000,VOLCANIC_ROCK_VOUCHER_9500,997.0,14.0,0.0,0.0,0.0,0.0,998,14,0.0,0.0,0.0,0.0,997.5,0.0
1,111100,VOLCANIC_ROCK_VOUCHER_9500,999.0,13.0,0.0,0.0,0.0,0.0,1000,13,0.0,0.0,0.0,0.0,999.5,0.0
1,111200,VOLCANIC_ROCK_VOUCHER_9500,998.0,11.0,0.0,0.0,0.0,0.0,999,11,0.0,0.0,0.0,0.0,998.5,0.0
1,111300,VOLCANIC_ROCK_VOUCHER_9500,1000.0,11.0,0.0,0.0,0.0,0.0,1001,11,0.0,0.0,0.0,0.0,1000.5,0.0
1,111400,VOLCANIC_ROCK_VOUCHER_9500,998.0,20.0,0.0,0.0,0.0,0.0,1000,20,0.0,0.0,0.0,0.0,999.0,0.0
1,111500,VOLCANIC_ROCK_VOUCHER_9500,1000.0,20.0,0.0,0.0,0.0,0.0,1001,20,0.0,0.0,0.0,0.0,1000.5,0.0
1,111600,VOLCANIC_ROCK_VOUCHER_9500,998.0,10.0,0.0,0.0,0.0,0.0,999,10,0.0,0.0,0.0,0.0,998.5,0.0
1,111700,VOLCANIC_ROCK_VOUCHER_9500,995.0,12.0,0.0,0.0,0.0,0.0,996,12,0.0,0.0,0.0,0.0,995.5,0.0
1,111800,VOLCANIC_ROCK_VOUCHER_9500,995.0,21.0,0.0,0.0,0.0,0.0,996,21,0.0,0.0,0.0,0.0,995.5,0.0
1,111900,VOLCANIC_ROCK_VOUCHER_9500,994.0,16.0,0.0,0.0,0.0,0.0,995,16,0.0,0.0,0.0,0.0,994.5,0.0
1,112000,VOLCANIC_ROCK_VOUCHER_9500,994.0,19.0,0.0,0.0,0.0,0.0,995,19,0.0,0.0,0.0,0.0,994.5,0.0
1,112100,VOLCANIC_ROCK_VOUCHER_9500,994.0,14.0,0.0,0.0,0.0,0.0,996,14,0.0,0.0,0.0,0.0,995.0,0.0
1,112200,VOLCANIC_ROCK_VOUCHER_9500,996.0,11.0,0.0,0.0,0.0,0.0,997,11,0.0,0.0,0.0,0.0,996.5,0.0
1,112300,VOLCANIC_ROCK_VOUCHER_9500,994.0,16.0,0.0,0.0,0.0,0.0,995,16,0.0,0.0,0.0,0.0,994.5,0.0
1,112400,VOLCANIC_ROCK_VOUCHER_9500,994.0,14.0,0.0,0.0,0.0,0.0,995,14,0.0,0.0,0.0,0.0,994.5,0.0
1,112500,VOLCANIC_ROCK_VOUCHER_9500,995.0,5.0,0.0,0.0,0.0,0.0,996,21,0.0,0.0,0.0,0.0,995.5,0.0
1,112600,VOLCANIC_ROCK_VOUCHER_9500,990.0,10.0,0.0,0.0,0.0,0.0,991,10,0.0,0.0,0.0,0.0,990.5,0.0
1,112700,VOLCANIC_ROCK_VOUCHER_9500,991.0,16.0,0.0,0.0,0.0,0.0,993,16,0.0,0.0,0.0,0.0,992.0,0.0
1,112800,VOLCANIC_ROCK_VOUCHER_9500,990.0,13.0,0.0,0.0,0.0,0.0,991,13,0.0,0.0,0.0,0.0,990.5,0.0
1,112900,VOLCANIC_ROCK_VOUCHER_9500,988.0,11.0,0.0,0.0,0.0,0.0,989,11,0.0,0.0,0.0,0.0,988.5,0.0
1,113000,VOLCANIC_ROCK_VOUCHER_9500,987.0,15.0,0.0,0.0,0.0,0.0,989,15,0.0,0.0,0.0,0.0,988.0,0.0
1,113100,VOLCANIC_ROCK_VOUCHER_9500,986.0,16.0,0.0,0.0,0.0,0.0,987,16,0.0,0.0,0.0,0.0,986.5,0.0
1,113200,VOLCANIC_ROCK_VOUCHER_9500,987.0,10.0,0.0,0.0,0.0,0.0,988,10,0.0,0.0,0.0,0.0,987.5,0.0
1,113300,VOLCANIC_ROCK_VOUCHER_9500,987.0,19.0,0.0,0.0,0.0,0.0,988,19,0.0,0.0,0.0,0.0,987.5,0.0
1,113400,VOLCANIC_ROCK_VOUCHER_9500,989.0,15.0,0.0,0.0,0.0,0.0,990,15,0.0,0.0,0.0,0.0,989.5,0.0
1,113500,VOLCANIC_ROCK_VOUCHER_9500,989.0,0.0,0.0,0.0,0.0,0.0,990,14,0.0,0.0,0.0,0.0,989.5,0.0
1,113600,VOLCANIC_ROCK_VOUCHER_9500,989.0,17.0,0.0,0.0,0.0,0.0,990,17,0.0,0.0,0.0,0.0,989.5,0.0
1,113700,VOLCANIC_ROCK_VOUCHER_9500,987.0,17.0,0.0,0.0,0.0,0.0,988,17,0.0,0.0,0.0,0.0,987.5,0.0
1,113800,VOLCANIC_ROCK_VOUCHER_9500,987.0,14.0,0.0,0.0,0.0,0.0,988,14,0.0,0.0,0.0,0.0,987.5,0.0
1,113900,VOLCANIC_ROCK_VOUCHER_9500,986.0,13.0,0.0,0.0,0.0,0.0,987,13,0.0,0.0,0.0,0.0,986.5,0.0
1,114000,VOLCANIC_ROCK_VOUCHER_9500,986.0,19.0,0.0,0.0,0.0,0.0,987,19,0.0,0.0,0.0,0.0,986.5,0.0
1,114100,VOLCANIC_ROCK_VOUCHER_9500,984.0,2.0,983.0,10.0,0.0,0.0,985,12,0.0,0.0,0.0,0.0,984.5,0.0
1,114200,VOLCANIC_ROCK_VOUCHER_9500,983.0,19.0,0.0,0.0,0.0,0.0,984,19,0.0,0.0,0.0,0.0,983.5,0.0
1,114300,VOLCANIC_ROCK_VOUCHER_9500,982.0,15.0,0.0,0.0,0.0,0.0,983,15,0.0,0.0,0.0,0.0,982.5,0.0
1,114400,VOLCANIC_ROCK_VOUCHER_9500,983.0,15.0,0.0,0.0,0.0,0.0,984,15,0.0,0.0,0.0,0.0,983.5,0.0
1,114500,VOLCANIC_ROCK_VOUCHER_9500,981.0,18.0,0.0,0.0,0.0,0.0,982,18,0.0,0.0,0.0,0.0,981.5,0.0
1,114600,VOLCANIC_ROCK_VOUCHER_9500,979.0,12.0,0.0,0.0,0.0,0.0,980,12,0.0,0.0,0.0,0.0,979.5,0.0
1,114700,VOLCANIC_ROCK_VOUCHER_9500,979.0,18.0,0.0,0.0,0.0,0.0,980,18,0.0,0.0,0.0,0.0,979.5,0.0
1,114800,VOLCANIC_ROCK_VOUCHER_9500,980.0,18.0,0.0,0.0,0.0,0.0,981,18,0.0,0.0,0.0,0.0,980.5,0.0
1,114900,VOLCANIC_ROCK_VOUCHER_9500,981.0,18.0,0.0,0.0,0.0,0.0,982,18,0.0,0.0,0.0,0.0,981.5,0.0
1,115000,VOLCANIC_ROCK_VOUCHER_9500,982.0,17.0,0.0,0.0,0.0,0.0,983,17,0.0,0.0,0.0,0.0,982.5,0.0
1,115100,VOLCANIC_ROCK_VOUCHER_9500,981.0,14.0,0.0,0.0,0.0,0.0,982,14,0.0,0.0,0.0,0.0,981.5,0.0
1,115200,VOLCANIC_ROCK_VOUCHER_9500,981.0,21.0,0.0,0.0,0.0,0.0,982,21,0.0,0.0,0.0,0.0,981.5,0.0
1,115300,VOLCANIC_ROCK_VOUCHER_9500,979.0,23.0,0.0,0.0,0.0,0.0,980,13,0.0,0.0,0.0,0.0,979.5,0.0
1,115400,VOLCANIC_ROCK_VOUCHER_9500,980.0,15.0,0.0,0.0,0.0,0.0,981,15,0.0,0.0,0.0,0.0,980.5,0.0
1,115500,VOLCANIC_ROCK_VOUCHER_9500,975.0,12.0,0.0,0.0,0.0,0.0,976,12,0.0,0.0,0.0,0.0,975.5,0.0
1,115600,VOLCANIC_ROCK_VOUCHER_9500,978.0,17.0,0.0,0.0,0.0,0.0,979,17,0.0,0.0,0.0,0.0,978.5,0.0
1,115700,VOLCANIC_ROCK_VOUCHER_9500,978.0,16.0,0.0,0.0,0.0,0.0,979,16,0.0,0.0,0.0,0.0,978.5,0.0
1,115800,VOLCANIC_ROCK_VOUCHER_9500,977.0,18.0,0.0,0.0,0.0,0.0,978,18,0.0,0.0,0.0,0.0,977.5,0.0
1,115900,VOLCANIC_ROCK_VOUCHER_9500,976.0,21.0,0.0,0.0,0.0,0.0,977,21,0.0,0.0,0.0,0.0,976.5,0.0
1,116000,VOLCANIC_ROCK_VOUCHER_9500,974.0,17.0,0.0,0.0,0.0,0.0,975,17,0.0,0.0,0.0,0.0,974.5,0.0
1,116100,VOLCANIC_ROCK_VOUCHER_9500,971.0,16.0,0.0,0.0,0.0,0.0,972,16,0.0,0.0,0.0,0.0,971.5,0.0
1,116200,VOLCANIC_ROCK_VOUCHER_9500,975.0,18.0,0.0,0.0,0.0,0.0,976,18,0.0,0.0,0.0,0.0,975.5,0.0
1,116300,VOLCANIC_ROCK_VOUCHER_9500,973.0,17.0,0.0,0.0,0.0,0.0,974,17,0.0,0.0,0.0,0.0,973.5,0.0
1,116400,VOLCANIC_ROCK_VOUCHER_9500,0.0,0.0,0.0,0.0,0.0,0.0,974,6,975.0,12.0,0.0,0.0,974.0,0.0
1,116500,VOLCANIC_ROCK_VOUCHER_9500,974.0,21.0,0.0,0.0,0.0,0.0,975,21,0.0,0.0,0.0,0.0,974.5,0.0
1,116600,VOLCANIC_ROCK_VOUCHER_9500,973.0,17.0,0.0,0.0,0.0,0.0,974,17,0.0,0.0,0.0,0.0,973.5,0.0
1,116700,VOLCANIC_ROCK_VOUCHER_9500,971.0,16.0,0.0,0.0,0.0,0.0,972,16,0.0,0.0,0.0,0.0,971.5,0.0
1,116800,VOLCANIC_ROCK_VOUCHER_9500,972.0,16.0,0.0,0.0,0.0,0.0,973,16,0.0,0.0,0.0,0.0,972.5,0.0
1,116900,VOLCANIC_ROCK_VOUCHER_9500,973.0,12.0,0.0,0.0,0.0,0.0,974,12,0.0,0.0,0.0,0.0,973.5,0.0
1,117000,VOLCANIC_ROCK_VOUCHER_9500,972.0,17.0,0.0,0.0,0.0,0.0,973,17,0.0,0.0,0.0,0.0,972.5,0.0
1,117100,VOLCANIC_ROCK_VOUCHER_9500,972.0,13.0,0.0,0.0,0.0,0.0,973,13,0.0,0.0,0.0,0.0,972.5,0.0
1,117200,VOLCANIC_ROCK_VOUCHER_9500,972.0,20.0,0.0,0.0,0.0,0.0,973,20,0.0,0.0,0.0,0.0,972.5,0.0
1,117300,VOLCANIC_ROCK_VOUCHER_9500,973.0,17.0,0.0,0.0,0.0,0.0,974,17,0.0,0.0,0.0,0.0,973.5,0.0
1,117400,VOLCANIC_ROCK_VOUCHER_9500,974.0,21.0,0.0,0.0,0.0,0.0,976,21,0.0,0.0,0.0,0.0,975.0,0.0
1,117500,VOLCANIC_ROCK_VOUCHER_9500,975.0,2.0,974.0,18.0,0.0,0.0,976,20,0.0,0.0,0.0,0.0,975.5,0.0
1,117600,VOLCANIC_ROCK_VOUCHER_9500,974.0,17.0,0.0,0.0,0.0,0.0,975,17,0.0,0.0,0.0,0.0,974.5,0.0
1,117700,VOLCANIC_ROCK_VOUCHER_9500,975.0,5.0,0.0,0.0,0.0,0.0,976,18,0.0,0.0,0.0,0.0,975.5,0.0
1,117800,VOLCANIC_ROCK_VOUCHER_9500,975.0,15.0,0.0,0.0,0.0,0.0,976,15,0.0,0.0,0.0,0.0,975.5,0.0
1,117900,VOLCANIC_ROCK_VOUCHER_9500,974.0,18.0,0.0,0.0,0.0,0.0,975,18,0.0,0.0,0.0,0.0,974.5,0.0
1,118000,VOLCANIC_ROCK_VOUCHER_9500,973.0,12.0,0.0,0.0,0.0,0.0,974,12,0.0,0.0,0.0,0.0,973.5,0.0
1,118100,VOLCANIC_ROCK_VOUCHER_9500,972.0,18.0,0.0,0.0,0.0,0.0,973,18,0.0,0.0,0.0,0.0,972.5,0.0
1,118200,VOLCANIC_ROCK_VOUCHER_9500,970.0,19.0,0.0,0.0,0.0,0.0,971,19,0.0,0.0,0.0,0.0,970.5,0.0
1,118300,VOLCANIC_ROCK_VOUCHER_9500,970.0,12.0,0.0,0.0,0.0,0.0,971,12,0.0,0.0,0.0,0.0,970.5,0.0
1,118400,VOLCANIC_ROCK_VOUCHER_9500,972.0,15.0,0.0,0.0,0.0,0.0,973,15,0.0,0.0,0.0,0.0,972.5,0.0
1,118500,VOLCANIC_ROCK_VOUCHER_9500,971.0,21.0,0.0,0.0,0.0,0.0,972,21,0.0,0.0,0.0,0.0,971.5,0.0
1,118600,VOLCANIC_ROCK_VOUCHER_9500,972.0,12.0,0.0,0.0,0.0,0.0,973,12,0.0,0.0,0.0,0.0,972.5,0.0
1,118700,VOLCANIC_ROCK_VOUCHER_9500,971.0,13.0,0.0,0.0,0.0,0.0,972,13,0.0,0.0,0.0,0.0,971.5,0.0
1,118800,VOLCANIC_ROCK_VOUCHER_9500,970.0,13.0,0.0,0.0,0.0,0.0,971,13,0.0,0.0,0.0,0.0,970.5,0.0
1,118900,VOLCANIC_ROCK_VOUCHER_9500,970.0,16.0,0.0,0.0,0.0,0.0,972,16,0.0,0.0,0.0,0.0,971.0,0.0
1,119000,VOLCANIC_ROCK_VOUCHER_9500,970.0,15.0,0.0,0.0,0.0,0.0,971,15,0.0,0.0,0.0,0.0,970.5,0.0
1,119100,VOLCANIC_ROCK_VOUCHER_9500,967.0,17.0,0.0,0.0,0.0,0.0,969,17,0.0,0.0,0.0,0.0,968.0,0.0
1,119200,VOLCANIC_ROCK_VOUCHER_9500,964.0,19.0,0.0,0.0,0.0,0.0,965,19,0.0,0.0,0.0,0.0,964.5,0.0
1,119300,VOLCANIC_ROCK_VOUCHER_9500,963.0,17.0,0.0,0.0,0.0,0.0,965,17,0.0,0.0,0.0,0.0,964.0,0.0
1,119400,VOLCANIC_ROCK_VOUCHER_9500,966.0,20.0,0.0,0.0,0.0,0.0,967,20,0.0,0.0,0.0,0.0,966.5,0.0
1,119500,VOLCANIC_ROCK_VOUCHER_9500,966.0,18.0,0.0,0.0,0.0,0.0,967,18,0.0,0.0,0.0,0.0,966.5,0.0
1,119600,VOLCANIC_ROCK_VOUCHER_9500,962.0,14.0,0.0,0.0,0.0,0.0,963,14,0.0,0.0,0.0,0.0,962.5,0.0
1,119700,VOLCANIC_ROCK_VOUCHER_9500,961.0,20.0,0.0,0.0,0.0,0.0,962,20,0.0,0.0,0.0,0.0,961.5,0.0
1,119800,VOLCANIC_ROCK_VOUCHER_9500,961.0,15.0,0.0,0.0,0.0,0.0,962,15,0.0,0.0,0.0,0.0,961.5,0.0
1,119900,VOLCANIC_ROCK_VOUCHER_9500,961.0,21.0,0.0,0.0,0.0,0.0,962,21,0.0,0.0,0.0,0.0,961.5,0.0
1,120000,VOLCANIC_ROCK_VOUCHER_9500,963.0,15.0,0.0,0.0,0.0,0.0,964,15,0.0,0.0,0.0,0.0,963.5,0.0
1,120100,VOLCANIC_ROCK_VOUCHER_9500,963.0,16.0,0.0,0.0,0.0,0.0,964,16,0.0,0.0,0.0,0.0,963.5,0.0
1,120200,VOLCANIC_ROCK_VOUCHER_9500,962.0,21.0,0.0,0.0,0.0,0.0,964,21,0.0,0.0,0.0,0.0,963.0,0.0
1,120300,VOLCANIC_ROCK_VOUCHER_9500,962.0,22.0,0.0,0.0,0.0,0.0,963,22,0.0,0.0,0.0,0.0,962.5,0.0
1,120400,VOLCANIC_ROCK_VOUCHER_9500,964.0,16.0,963.0,10.0,0.0,0.0,965,10,0.0,0.0,0.0,0.0,964.5,0.0
1,120500,VOLCANIC_ROCK_VOUCHER_9500,963.0,12.0,0.0,0.0,0.0,0.0,964,12,0.0,0.0,0.0,0.0,963.5,0.0
1,120600,VOLCANIC_ROCK_VOUCHER_9500,964.0,15.0,0.0,0.0,0.0,0.0,965,15,0.0,0.0,0.0,0.0,964.5,0.0
1,120700,VOLCANIC_ROCK_VOUCHER_9500,964.0,14.0,0.0,0.0,0.0,0.0,965,14,0.0,0.0,0.0,0.0,964.5,0.0
1,120800,VOLCANIC_ROCK_VOUCHER_9500,963.0,17.0,0.0,0.0,0.0,0.0,964,17,0.0,0.0,0.0,0.0,963.5,0.0
1,120900,VOLCANIC_ROCK_VOUCHER_9500,963.0,17.0,0.0,0.0,0.0,0.0,964,17,0.0,0.0,0.0,0.0,963.5,0.0
1,121000,VOLCANIC_ROCK_VOUCHER_9500,963.0,34.0,0.0,0.0,0.0,0.0,964,15,0.0,0.0,0.0,0.0,963.5,0.0
1,121100,VOLCANIC_ROCK_VOUCHER_9500,962.0,27.0,0.0,0.0,0.0,0.0,963,14,0.0,0.0,0.0,0.0,962.5,0.0
1,121200,VOLCANIC_ROCK_VOUCHER_9500,965.0,18.0,0.0,0.0,0.0,0.0,966,18,0.0,0.0,0.0,0.0,965.5,0.0
1,121300,VOLCANIC_ROCK_VOUCHER_9500,966.0,15.0,0.0,0.0,0.0,0.0,967,15,0.0,0.0,0.0,0.0,966.5,0.0
1,121400,VOLCANIC_ROCK_VOUCHER_9500,966.0,21.0,0.0,0.0,0.0,0.0,968,21,0.0,0.0,0.0,0.0,967.0,0.0
1,121500,VOLCANIC_ROCK_VOUCHER_9500,967.0,12.0,0.0,0.0,0.0,0.0,968,12,0.0,0.0,0.0,0.0,967.5,0.0
1,121600,VOLCANIC_ROCK_VOUCHER_9500,965.0,10.0,0.0,0.0,0.0,0.0,966,10,0.0,0.0,0.0,0.0,965.5,0.0
1,121700,VOLCANIC_ROCK_VOUCHER_9500,965.0,20.0,0.0,0.0,0.0,0.0,967,20,0.0,0.0,0.0,0.0,966.0,0.0
1,121800,VOLCANIC_ROCK_VOUCHER_9500,965.0,10.0,0.0,0.0,0.0,0.0,966,10,0.0,0.0,0.0,0.0,965.5,0.0
1,121900,VOLCANIC_ROCK_VOUCHER_9500,962.0,11.0,0.0,0.0,0.0,0.0,963,10,964.0,13.0,0.0,0.0,962.5,0.0
1,122000,VOLCANIC_ROCK_VOUCHER_9500,963.0,13.0,0.0,0.0,0.0,0.0,964,13,0.0,0.0,0.0,0.0,963.5,0.0
1,122100,VOLCANIC_ROCK_VOUCHER_9500,962.0,14.0,0.0,0.0,0.0,0.0,963,14,0.0,0.0,0.0,0.0,962.5,0.0
1,122200,VOLCANIC_ROCK_VOUCHER_9500,958.0,11.0,0.0,0.0,0.0,0.0,959,11,0.0,0.0,0.0,0.0,958.5,0.0
1,122300,VOLCANIC_ROCK_VOUCHER_9500,958.0,10.0,0.0,0.0,0.0,0.0,959,10,0.0,0.0,0.0,0.0,958.5,0.0
1,122400,VOLCANIC_ROCK_VOUCHER_9500,958.0,14.0,0.0,0.0,0.0,0.0,959,14,0.0,0.0,0.0,0.0,958.5,0.0
1,122500,VOLCANIC_ROCK_VOUCHER_9500,959.0,14.0,0.0,0.0,0.0,0.0,960,14,0.0,0.0,0.0,0.0,959.5,0.0
1,122600,VOLCANIC_ROCK_VOUCHER_9500,959.0,13.0,0.0,0.0,0.0,0.0,960,13,0.0,0.0,0.0,0.0,959.5,0.0
1,122700,VOLCANIC_ROCK_VOUCHER_9500,0.0,0.0,0.0,0.0,0.0,0.0,959,4,960.0,13.0,0.0,0.0,959.0,0.0
1,122800,VOLCANIC_ROCK_VOUCHER_9500,962.0,10.0,0.0,0.0,0.0,0.0,963,10,0.0,0.0,0.0,0.0,962.5,0.0
1,122900,VOLCANIC_ROCK_VOUCHER_9500,962.0,11.0,0.0,0.0,0.0,0.0,963,11,0.0,0.0,0.0,0.0,962.5,0.0
1,123000,VOLCANIC_ROCK_VOUCHER_9500,962.0,15.0,0.0,0.0,0.0,0.0,963,15,0.0,0.0,0.0,0.0,962.5,0.0
1,123100,VOLCANIC_ROCK_VOUCHER_9500,964.0,15.0,0.0,0.0,0.0,0.0,965,15,0.0,0.0,0.0,0.0,964.5,0.0
1,123200,VOLCANIC_ROCK_VOUCHER_9500,964.0,2.0,0.0,0.0,0.0,0.0,965,19,0.0,0.0,0.0,0.0,964.5,0.0
1,123300,VOLCANIC_ROCK_VOUCHER_9500,966.0,14.0,0.0,0.0,0.0,0.0,967,14,0.0,0.0,0.0,0.0,966.5,0.0
1,123400,VOLCANIC_ROCK_VOUCHER_9500,966.0,22.0,0.0,0.0,0.0,0.0,968,22,0.0,0.0,0.0,0.0,967.0,0.0
1,123500,VOLCANIC_ROCK_VOUCHER_9500,966.0,15.0,0.0,0.0,0.0,0.0,967,15,0.0,0.0,0.0,0.0,966.5,0.0
1,123600,VOLCANIC_ROCK_VOUCHER_9500,965.0,10.0,0.0,0.0,0.0,0.0,966,10,0.0,0.0,0.0,0.0,965.5,0.0
1,123700,VOLCANIC_ROCK_VOUCHER_9500,964.0,15.0,0.0,0.0,0.0,0.0,965,15,0.0,0.0,0.0,0.0,964.5,0.0
1,123800,VOLCANIC_ROCK_VOUCHER_9500,963.0,17.0,0.0,0.0,0.0,0.0,964,17,0.0,0.0,0.0,0.0,963.5,0.0
1,123900,VOLCANIC_ROCK_VOUCHER_9500,961.0,21.0,0.0,0.0,0.0,0.0,963,21,0.0,0.0,0.0,0.0,962.0,0.0
1,124000,VOLCANIC_ROCK_VOUCHER_9500,963.0,15.0,0.0,0.0,0.0,0.0,965,15,0.0,0.0,0.0,0.0,964.0,0.0
1,124100,VOLCANIC_ROCK_VOUCHER_9500,961.0,13.0,0.0,0.0,0.0,0.0,962,13,0.0,0.0,0.0,0.0,961.5,0.0
1,124200,VOLCANIC_ROCK_VOUCHER_9500,962.0,16.0,0.0,0.0,0.0,0.0,963,16,0.0,0.0,0.0,0.0,962.5,0.0
1,124300,VOLCANIC_ROCK_VOUCHER_9500,962.0,14.0,0.0,0.0,0.0,0.0,963,14,0.0,0.0,0.0,0.0,962.5,0.0
1,124400,VOLCANIC_ROCK_VOUCHER_9500,961.0,21.0,0.0,0.0,0.0,0.0,962,21,0.0,0.0,0.0,0.0,961.5,0.0
1,124500,VOLCANIC_ROCK_VOUCHER_9500,961.0,19.0,0.0,0.0,0.0,0.0,962,19,0.0,0.0,0.0,0.0,961.5,0.0
1,124600,VOLCANIC_ROCK_VOUCHER_9500,960.0,37.0,0.0,0.0,0.0,0.0,961,18,0.0,0.0,0.0,0.0,960.5,0.0
1,124700,VOLCANIC_ROCK_VOUCHER_9500,959.0,30.0,0.0,0.0,0.0,0.0,960,17,0.0,0.0,0.0,0.0,959.5,0.0
1,124800,VOLCANIC_ROCK_VOUCHER_9500,954.0,7.0,0.0,0.0,0.0,0.0,955,18,0.0,0.0,0.0,0.0,954.5,0.0
1,124900,VOLCANIC_ROCK_VOUCHER_9500,953.0,15.0,0.0,0.0,0.0,0.0,954,15,0.0,0.0,0.0,0.0,953.5,0.0
1,125000,VOLCANIC_ROCK_VOUCHER_9500,955.0,14.0,0.0,0.0,0.0,0.0,956,14,0.0,0.0,0.0,0.0,955.5,0.0
1,125100,VOLCANIC_ROCK_VOUCHER_9500,954.0,18.0,0.0,0.0,0.0,0.0,955,18,0.0,0.0,0.0,0.0,954.5,0.0
1,125200,VOLCANIC_ROCK_VOUCHER_9500,957.0,27.0,0.0,0.0,0.0,0.0,958,16,0.0,0.0,0.0,0.0,957.5,0.0
1,125300,VOLCANIC_ROCK_VOUCHER_9500,954.0,18.0,0.0,0.0,0.0,0.0,955,18,0.0,0.0,0.0,0.0,954.5,0.0
1,125400,VOLCANIC_ROCK_VOUCHER_9500,952.0,12.0,0.0,0.0,0.0,0.0,953,12,0.0,0.0,0.0,0.0,952.5,0.0
1,125500,VOLCANIC_ROCK_VOUCHER_9500,951.0,19.0,0.0,0.0,0.0,0.0,952,19,0.0,0.0,0.0,0.0,951.5,0.0
1,125600,VOLCANIC_ROCK_VOUCHER_9500,951.0,13.0,0.0,0.0,0.0,0.0,952,13,0.0,0.0,0.0,0.0,951.5,0.0
1,125700,VOLCANIC_ROCK_VOUCHER_9500,952.0,15.0,0.0,0.0,0.0,0.0,953,15,0.0,0.0,0.0,0.0,952.5,0.0
1,125800,VOLCANIC_ROCK_VOUCHER_9500,953.0,14.0,0.0,0.0,0.0,0.0,954,14,0.0,0.0,0.0,0.0,953.5,0.0
1,125900,VOLCANIC_ROCK_VOUCHER_9500,954.0,20.0,0.0,0.0,0.0,0.0,956,20,0.0,0.0,0.0,0.0,955.0,0.0
1,126000,VOLCANIC_ROCK_VOUCHER_9500,953.0,19.0,0.0,0.0,0.0,0.0,954,19,0.0,0.0,0.0,0.0,953.5,0.0
1,126100,VOLCANIC_ROCK_VOUCHER_9500,953.0,9.0,0.0,0.0,0.0,0.0,954,19,0.0,0.0,0.0,0.0,953.5,0.0
1,126200,VOLCANIC_ROCK_VOUCHER_9500,953.0,14.0,0.0,0.0,0.0,0.0,954,14,0.0,0.0,0.0,0.0,953.5,0.0
1,126300,VOLCANIC_ROCK_VOUCHER_9500,955.0,18.0,0.0,0.0,0.0,0.0,956,18,0.0,0.0,0.0,0.0,955.5,0.0
1,126400,VOLCANIC_ROCK_VOUCHER_9500,959.0,15.0,0.0,0.0,0.0,0.0,960,15,0.0,0.0,0.0,0.0,959.5,0.0
1,126500,VOLCANIC_ROCK_VOUCHER_9500,959.0,21.0,0.0,0.0,0.0,0.0,960,21,0.0,0.0,0.0,0.0,959.5,0.0
1,126600,VOLCANIC_ROCK_VOUCHER_9500,954.0,16.0,0.0,0.0,0.0,0.0,955,16,0.0,0.0,0.0,0.0,954.5,0.0
1,126700,VOLCANIC_ROCK_VOUCHER_9500,953.0,19.0,0.0,0.0,0.0,0.0,954,19,0.0,0.0,0.0,0.0,953.5,0.0
1,126800,VOLCANIC_ROCK_VOUCHER_9500,955.0,12.0,0.0,0.0,0.0,0.0,956,12,0.0,0.0,0.0,0.0,955.5,0.0
1,126900,VOLCANIC_ROCK_VOUCHER_9500,954.0,12.0,0.0,0.0,0.0,0.0,955,12,0.0,0.0,0.0,0.0,954.5,0.0
1,127000,VOLCANIC_ROCK_VOUCHER_9500,955.0,14.0,0.0,0.0,0.0,0.0,956,14,0.0,0.0,0.0,0.0,955.5,0.0
1,127100,VOLCANIC_ROCK_VOUCHER_9500,955.0,20.0,0.0,0.0,0.0,0.0,956,20,0.0,0.0,0.0,0.0,955.5,0.0
1,127200,VOLCANIC_ROCK_VOUCHER_9500,955.0,21.0,0.0,0.0,0.0,0.0,956,21,0.0,0.0,0.0,0.0,955.5,0.0
1,127300,VOLCANIC_ROCK_VOUCHER_9500,954.0,12.0,0.0,0.0,0.0,0.0,955,12,0.0,0.0,0.0,0.0,954.5,0.0
1,127400,VOLCANIC_ROCK_VOUCHER_9500,953.0,16.0,0.0,0.0,0.0,0.0,954,16,0.0,0.0,0.0,0.0,953.5,0.0
1,127500,VOLCANIC_ROCK_VOUCHER_9500,951.0,16.0,0.0,0.0,0.0,0.0,952,16,0.0,0.0,0.0,0.0,951.5,0.0
1,127600,VOLCANIC_ROCK_VOUCHER_9500,949.0,19.0,0.0,0.0,0.0,0.0,950,19,0.0,0.0,0.0,0.0,949.5,0.0
1,127700,VOLCANIC_ROCK_VOUCHER_9500,949.0,18.0,0.0,0.0,0.0,0.0,950,18,0.0,0.0,0.0,0.0,949.5,0.0
1,127800,VOLCANIC_ROCK_VOUCHER_9500,947.0,13.0,0.0,0.0,0.0,0.0,949,13,0.0,0.0,0.0,0.0,948.0,0.0
1,127900,VOLCANIC_ROCK_VOUCHER_9500,948.0,12.0,0.0,0.0,0.0,0.0,949,12,0.0,0.0,0.0,0.0,948.5,0.0
1,128000,VOLCANIC_ROCK_VOUCHER_9500,949.0,20.0,0.0,0.0,0.0,0.0,950,20,0.0,0.0,0.0,0.0,949.5,0.0
1,128100,VOLCANIC_ROCK_VOUCHER_9500,950.0,18.0,0.0,0.0,0.0,0.0,951,18,0.0,0.0,0.0,0.0,950.5,0.0
1,128200,VOLCANIC_ROCK_VOUCHER_9500,944.0,18.0,0.0,0.0,0.0,0.0,945,18,0.0,0.0,0.0,0.0,944.5,0.0
1,128300,VOLCANIC_ROCK_VOUCHER_9500,943.0,13.0,0.0,0.0,0.0,0.0,944,13,0.0,0.0,0.0,0.0,943.5,0.0
1,128400,VOLCANIC_ROCK_VOUCHER_9500,942.0,18.0,0.0,0.0,0.0,0.0,943,1,944.0,17.0,0.0,0.0,942.5,0.0
1,128500,VOLCANIC_ROCK_VOUCHER_9500,944.0,15.0,0.0,0.0,0.0,0.0,945,15,0.0,0.0,0.0,0.0,944.5,0.0
1,128600,VOLCANIC_ROCK_VOUCHER_9500,944.0,20.0,0.0,0.0,0.0,0.0,945,20,0.0,0.0,0.0,0.0,944.5,0.0
1,128700,VOLCANIC_ROCK_VOUCHER_9500,944.0,18.0,0.0,0.0,0.0,0.0,945,18,0.0,0.0,0.0,0.0,944.5,0.0
1,128800,VOLCANIC_ROCK_VOUCHER_9500,945.0,13.0,0.0,0.0,0.0,0.0,946,13,0.0,0.0,0.0,0.0,945.5,0.0
1,128900,VOLCANIC_ROCK_VOUCHER_9500,944.0,13.0,0.0,0.0,0.0,0.0,945,13,0.0,0.0,0.0,0.0,944.5,0.0
1,129000,VOLCANIC_ROCK_VOUCHER_9500,946.0,14.0,0.0,0.0,0.0,0.0,947,14,0.0,0.0,0.0,0.0,946.5,0.0
1,129100,VOLCANIC_ROCK_VOUCHER_9500,941.0,16.0,0.0,0.0,0.0,0.0,943,16,0.0,0.0,0.0,0.0,942.0,0.0
1,129200,VOLCANIC_ROCK_VOUCHER_9500,934.0,19.0,0.0,0.0,0.0,0.0,935,19,0.0,0.0,0.0,0.0,934.5,0.0
1,129300,VOLCANIC_ROCK_VOUCHER_9500,928.0,11.0,0.0,0.0,0.0,0.0,929,11,0.0,0.0,0.0,0.0,928.5,0.0
1,129400,VOLCANIC_ROCK_VOUCHER_9500,925.0,15.0,0.0,0.0,0.0,0.0,927,15,0.0,0.0,0.0,0.0,926.0,0.0
1,129500,VOLCANIC_ROCK_VOUCHER_9500,927.0,12.0,0.0,0.0,0.0,0.0,928,12,0.0,0.0,0.0,0.0,927.5,0.0
1,129600,VOLCANIC_ROCK_VOUCHER_9500,922.0,17.0,0.0,0.0,0.0,0.0,924,17,0.0,0.0,0.0,0.0,923.0,0.0
1,129700,VOLCANIC_ROCK_VOUCHER_9500,919.0,10.0,0.0,0.0,0.0,0.0,921,10,0.0,0.0,0.0,0.0,920.0,0.0
1,129800,VOLCANIC_ROCK_VOUCHER_9500,909.0,21.0,0.0,0.0,0.0,0.0,910,2,911.0,19.0,0.0,0.0,909.5,0.0
1,129900,VOLCANIC_ROCK_VOUCHER_9500,910.0,17.0,0.0,0.0,0.0,0.0,911,17,0.0,0.0,0.0,0.0,910.5,0.0
1,130000,VOLCANIC_ROCK_VOUCHER_9500,910.0,20.0,0.0,0.0,0.0,0.0,911,20,0.0,0.0,0.0,0.0,910.5,0.0
1,130100,VOLCANIC_ROCK_VOUCHER_9500,910.0,15.0,0.0,0.0,0.0,0.0,911,15,0.0,0.0,0.0,0.0,910.5,0.0
1,130200,VOLCANIC_ROCK_VOUCHER_9500,909.0,18.0,0.0,0.0,0.0,0.0,910,18,0.0,0.0,0.0,0.0,909.5,0.0
1,130300,VOLCANIC_ROCK_VOUCHER_9500,914.0,20.0,0.0,0.0,0.0,0.0,915,20,0.0,0.0,0.0,0.0,914.5,0.0
1,130400,VOLCANIC_ROCK_VOUCHER_9500,0.0,0.0,0.0,0.0,0.0,0.0,919,2,920.0,18.0,0.0,0.0,919.0,0.0
1,130500,VOLCANIC_ROCK_VOUCHER_9500,914.0,22.0,0.0,0.0,0.0,0.0,915,22,0.0,0.0,0.0,0.0,914.5,0.0
1,130600,VOLCANIC_ROCK_VOUCHER_9500,915.0,12.0,0.0,0.0,0.0,0.0,916,12,0.0,0.0,0.0,0.0,915.5,0.0
1,130700,VOLCANIC_ROCK_VOUCHER_9500,912.0,16.0,0.0,0.0,0.0,0.0,913,16,0.0,0.0,0.0,0.0,912.5,0.0
1,130800,VOLCANIC_ROCK_VOUCHER_9500,910.0,10.0,0.0,0.0,0.0,0.0,911,10,0.0,0.0,0.0,0.0,910.5,0.0
1,130900,VOLCANIC_ROCK_VOUCHER_9500,912.0,12.0,0.0,0.0,0.0,0.0,913,12,0.0,0.0,0.0,0.0,912.5,0.0
1,131000,VOLCANIC_ROCK_VOUCHER_9500,912.0,14.0,0.0,0.0,0.0,0.0,913,14,0.0,0.0,0.0,0.0,912.5,0.0
1,131100,VOLCANIC_ROCK_VOUCHER_9500,906.0,20.0,0.0,0.0,0.0,0.0,907,20,0.0,0.0,0.0,0.0,906.5,0.0
1,131200,VOLCANIC_ROCK_VOUCHER_9500,909.0,15.0,0.0,0.0,0.0,0.0,910,15,0.0,0.0,0.0,0.0,909.5,0.0
1,131300,VOLCANIC_ROCK_VOUCHER_9500,913.0,13.0,0.0,0.0,0.0,0.0,914,13,0.0,0.0,0.0,0.0,913.5,0.0
1,131400,VOLCANIC_ROCK_VOUCHER_9500,913.0,15.0,0.0,0.0,0.0,0.0,914,15,0.0,0.0,0.0,0.0,913.5,0.0
1,131500,VOLCANIC_ROCK_VOUCHER_9500,915.0,2.0,914.0,12.0,0.0,0.0,916,14,0.0,0.0,0.0,0.0,915.5,0.0
1,131600,VOLCANIC_ROCK_VOUCHER_9500,920.0,18.0,0.0,0.0,0.0,0.0,922,18,0.0,0.0,0.0,0.0,921.0,0.0
1,131700,VOLCANIC_ROCK_VOUCHER_9500,918.0,18.0,0.0,0.0,0.0,0.0,919,18,0.0,0.0,0.0,0.0,918.5,0.0
1,131800,VOLCANIC_ROCK_VOUCHER_9500,919.0,12.0,0.0,0.0,0.0,0.0,920,12,0.0,0.0,0.0,0.0,919.5,0.0
1,131900,VOLCANIC_ROCK_VOUCHER_9500,921.0,13.0,0.0,0.0,0.0,0.0,923,13,0.0,0.0,0.0,0.0,922.0,0.0
1,132000,VOLCANIC_ROCK_VOUCHER_9500,918.0,15.0,0.0,0.0,0.0,0.0,919,15,0.0,0.0,0.0,0.0,918.5,0.0
1,132100,VOLCANIC_ROCK_VOUCHER_9500,920.0,12.0,0.0,0.0,0.0,0.0,921,12,0.0,0.0,0.0,0.0,920.5,0.0
1,132200,VOLCANIC_ROCK_VOUCHER_9500,919.0,33.0,0.0,0.0,0.0,0.0,920,13,0.0,0.0,0.0,0.0,919.5,0.0
1,132300,VOLCANIC_ROCK_VOUCHER_9500,922.0,18.0,0.0,0.0,0.0,0.0,924,18,0.0,0.0,0.0,0.0,923.0,0.0
1,132400,VOLCANIC_ROCK_VOUCHER_9500,919.0,15.0,0.0,0.0,0.0,0.0,920,15,0.0,0.0,0.0,0.0,919.5,0.0
1,132500,VOLCANIC_ROCK_VOUCHER_9500,917.0,2.0,916.0,10.0,0.0,0.0,918,12,0.0,0.0,0.0,0.0,917.5,0.0
1,132600,VOLCANIC_ROCK_VOUCHER_9500,919.0,19.0,0.0,0.0,0.0,0.0,920,19,0.0,0.0,0.0,0.0,919.5,0.0
1,132700,VOLCANIC_ROCK_VOUCHER_9500,920.0,20.0,0.0,0.0,0.0,0.0,921,20,0.0,0.0,0.0,0.0,920.5,0.0
1,132800,VOLCANIC_ROCK_VOUCHER_9500,921.0,20.0,0.0,0.0,0.0,0.0,922,20,0.0,0.0,0.0,0.0,921.5,0.0
1,132900,VOLCANIC_ROCK_VOUCHER_9500,921.0,18.0,0.0,0.0,0.0,0.0,923,18,0.0,0.0,0.0,0.0,922.0,0.0
1,133000,VOLCANIC_ROCK_VOUCHER_9500,923.0,12.0,0.0,0.0,0.0,0.0,924,12,0.0,0.0,0.0,0.0,923.5,0.0
1,133100,VOLCANIC_ROCK_VOUCHER_9500,918.0,15.0,0.0,0.0,0.0,0.0,919,15,0.0,0.0,0.0,0.0,918.5,0.0
1,133200,VOLCANIC_ROCK_VOUCHER_9500,921.0,16.0,0.0,0.0,0.0,0.0,922,16,0.0,0.0,0.0,0.0,921.5,0.0
1,133300,VOLCANIC_ROCK_VOUCHER_9500,922.0,20.0,0.0,0.0,0.0,0.0,923,20,0.0,0.0,0.0,0.0,922.5,0.0
1,133400,VOLCANIC_ROCK_VOUCHER_9500,926.0,13.0,0.0,0.0,0.0,0.0,927,13,0.0,0.0,0.0,0.0,926.5,0.0
1,133500,VOLCANIC_ROCK_VOUCHER_9500,932.0,15.0,0.0,0.0,0.0,0.0,933,22,0.0,0.0,0.0,0.0,932.5,0.0
1,133600,VOLCANIC_ROCK_VOUCHER_9500,932.0,19.0,0.0,0.0,0.0,0.0,933,19,0.0,0.0,0.0,0.0,932.5,0.0
1,133700,VOLCANIC_ROCK_VOUCHER_9500,927.0,10.0,0.0,0.0,0.0,0.0,928,10,0.0,0.0,0.0,0.0,927.5,0.0
1,133800,VOLCANIC_ROCK_VOUCHER_9500,930.0,33.0,0.0,0.0,0.0,0.0,931,18,0.0,0.0,0.0,0.0,930.5,0.0
1,133900,VOLCANIC_ROCK_VOUCHER_9500,926.0,15.0,0.0,0.0,0.0,0.0,927,15,0.0,0.0,0.0,0.0,926.5,0.0
1,134000,VOLCANIC_ROCK_VOUCHER_9500,928.0,19.0,0.0,0.0,0.0,0.0,929,19,0.0,0.0,0.0,0.0,928.5,0.0
1,134100,VOLCANIC_ROCK_VOUCHER_9500,921.0,19.0,0.0,0.0,0.0,0.0,922,19,0.0,0.0,0.0,0.0,921.5,0.0
1,134200,VOLCANIC_ROCK_VOUCHER_9500,924.0,19.0,0.0,0.0,0.0,0.0,926,19,0.0,0.0,0.0,0.0,925.0,0.0
1,134300,VOLCANIC_ROCK_VOUCHER_9500,925.0,20.0,0.0,0.0,0.0,0.0,926,20,0.0,0.0,0.0,0.0,925.5,0.0
1,134400,VOLCANIC_ROCK_VOUCHER_9500,926.0,28.0,0.0,0.0,0.0,0.0,927,15,0.0,0.0,0.0,0.0,926.5,0.0
1,134500,VOLCANIC_ROCK_VOUCHER_9500,926.0,19.0,0.0,0.0,0.0,0.0,928,19,0.0,0.0,0.0,0.0,927.0,0.0
1,134600,VOLCANIC_ROCK_VOUCHER_9500,927.0,10.0,0.0,0.0,0.0,0.0,928,10,0.0,0.0,0.0,0.0,927.5,0.0
1,134700,VOLCANIC_ROCK_VOUCHER_9500,923.0,14.0,0.0,0.0,0.0,0.0,924,14,0.0,0.0,0.0,0.0,923.5,0.0
1,134800,VOLCANIC_ROCK_VOUCHER_9500,926.0,19.0,0.0,0.0,0.0,0.0,927,19,0.0,0.0,0.0,0.0,926.5,0.0
1,134900,VOLCANIC_ROCK_VOUCHER_9500,927.0,11.0,0.0,0.0,0.0,0.0,928,11,0.0,0.0,0.0,0.0,927.5,0.0
1,135000,VOLCANIC_ROCK_VOUCHER_9500,928.0,11.0,0.0,0.0,0.0,0.0,930,11,0.0,0.0,0.0,0.0,929.0,0.0
1,135100,VOLCANIC_ROCK_VOUCHER_9500,929.0,31.0,0.0,0.0,0.0,0.0,930,22,0.0,0.0,0.0,0.0,929.5,0.0
1,135200,VOLCANIC_ROCK_VOUCHER_9500,937.0,15.0,0.0,0.0,0.0,0.0,938,15,0.0,0.0,0.0,0.0,937.5,0.0
1,135300,VOLCANIC_ROCK_VOUCHER_9500,935.0,11.0,0.0,0.0,0.0,0.0,937,11,0.0,0.0,0.0,0.0,936.0,0.0
1,135400,VOLCANIC_ROCK_VOUCHER_9500,935.0,21.0,0.0,0.0,0.0,0.0,936,21,0.0,0.0,0.0,0.0,935.5,0.0
1,135500,VOLCANIC_ROCK_VOUCHER_9500,936.0,16.0,0.0,0.0,0.0,0.0,937,16,0.0,0.0,0.0,0.0,936.5,0.0
1,135600,VOLCANIC_ROCK_VOUCHER_9500,935.0,12.0,0.0,0.0,0.0,0.0,936,12,0.0,0.0,0.0,0.0,935.5,0.0
1,135700,VOLCANIC_ROCK_VOUCHER_9500,942.0,5.0,0.0,0.0,0.0,0.0,943,15,0.0,0.0,0.0,0.0,942.5,0.0
1,135800,VOLCANIC_ROCK_VOUCHER_9500,941.0,13.0,0.0,0.0,0.0,0.0,942,13,0.0,0.0,0.0,0.0,941.5,0.0
1,135900,VOLCANIC_ROCK_VOUCHER_9500,941.0,20.0,0.0,0.0,0.0,0.0,942,20,0.0,0.0,0.0,0.0,941.5,0.0
1,136000,VOLCANIC_ROCK_VOUCHER_9500,940.0,32.0,0.0,0.0,0.0,0.0,941,17,0.0,0.0,0.0,0.0,940.5,0.0
1,136100,VOLCANIC_ROCK_VOUCHER_9500,943.0,9.0,0.0,0.0,0.0,0.0,944,19,0.0,0.0,0.0,0.0,943.5,0.0
1,136200,VOLCANIC_ROCK_VOUCHER_9500,940.0,17.0,0.0,0.0,0.0,0.0,942,17,0.0,0.0,0.0,0.0,941.0,0.0
1,136300,VOLCANIC_ROCK_VOUCHER_9500,940.0,19.0,0.0,0.0,0.0,0.0,942,19,0.0,0.0,0.0,0.0,941.0,0.0
1,136400,VOLCANIC_ROCK_VOUCHER_9500,936.0,16.0,0.0,0.0,0.0,0.0,937,16,0.0,0.0,0.0,0.0,936.5,0.0
1,136500,VOLCANIC_ROCK_VOUCHER_9500,933.0,17.0,0.0,0.0,0.0,0.0,934,17,0.0,0.0,0.0,0.0,933.5,0.0
1,136600,VOLCANIC_ROCK_VOUCHER_9500,931.0,20.0,0.0,0.0,0.0,0.0,932,20,0.0,0.0,0.0,0.0,931.5,0.0
1,136700,VOLCANIC_ROCK_VOUCHER_9500,931.0,40.0,0.0,0.0,0.0,0.0,932,20,0.0,0.0,0.0,0.0,931.5,0.0
1,136800,VOLCANIC_ROCK_VOUCHER_9500,927.0,5.0,926.0,16.0,0.0,0.0,928,16,0.0,0.0,0.0,0.0,927.5,0.0
1,136900,VOLCANIC_ROCK_VOUCHER_9500,926.0,20.0,0.0,0.0,0.0,0.0,927,20,0.0,0.0,0.0,0.0,926.5,0.0
1,137000,VOLCANIC_ROCK_VOUCHER_9500,924.0,21.0,0.0,0.0,0.0,0.0,925,21,0.0,0.0,0.0,0.0,924.5,0.0
1,137100,VOLCANIC_ROCK_VOUCHER_9500,925.0,21.0,0.0,0.0,0.0,0.0,926,21,0.0,0.0,0.0,0.0,925.5,0.0
1,137200,VOLCANIC_ROCK_VOUCHER_9500,930.0,19.0,0.0,0.0,0.0,0.0,931,19,0.0,0.0,0.0,0.0,930.5,0.0
1,137300,VOLCANIC_ROCK_VOUCHER_9500,927.0,21.0,0.0,0.0,0.0,0.0,928,21,0.0,0.0,0.0,0.0,927.5,0.0
1,137400,VOLCANIC_ROCK_VOUCHER_9500,928.0,19.0,0.0,0.0,0.0,0.0,930,19,0.0,0.0,0.0,0.0,929.0,0.0
1,137500,VOLCANIC_ROCK_VOUCHER_9500,930.0,13.0,0.0,0.0,0.0,0.0,931,13,0.0,0.0,0.0,0.0,930.5,0.0
1,137600,VOLCANIC_ROCK_VOUCHER_9500,930.0,16.0,0.0,0.0,0.0,0.0,931,16,0.0,0.0,0.0,0.0,930.5,0.0
1,137700,VOLCANIC_ROCK_VOUCHER_9500,930.0,19.0,0.0,0.0,0.0,0.0,931,19,0.0,0.0,0.0,0.0,930.5,0.0
1,137800,VOLCANIC_ROCK_VOUCHER_9500,928.0,17.0,0.0,0.0,0.0,0.0,929,17,0.0,0.0,0.0,0.0,928.5,0.0
1,137900,VOLCANIC_ROCK_VOUCHER_9500,923.0,17.0,0.0,0.0,0.0,0.0,924,17,0.0,0.0,0.0,0.0,923.5,0.0
1,138000,VOLCANIC_ROCK_VOUCHER_9500,923.0,14.0,0.0,0.0,0.0,0.0,924,14,0.0,0.0,0.0,0.0,923.5,0.0
1,138100,VOLCANIC_ROCK_VOUCHER_9500,927.0,11.0,0.0,0.0,0.0,0.0,929,11,0.0,0.0,0.0,0.0,928.0,0.0
1,138200,VOLCANIC_ROCK_VOUCHER_9500,932.0,18.0,0.0,0.0,0.0,0.0,933,18,0.0,0.0,0.0,0.0,932.5,0.0
1,138300,VOLCANIC_ROCK_VOUCHER_9500,930.0,10.0,0.0,0.0,0.0,0.0,932,10,0.0,0.0,0.0,0.0,931.0,0.0
1,138400,VOLCANIC_ROCK_VOUCHER_9500,930.0,20.0,0.0,0.0,0.0,0.0,931,20,0.0,0.0,0.0,0.0,930.5,0.0
1,138500,VOLCANIC_ROCK_VOUCHER_9500,929.0,16.0,0.0,0.0,0.0,0.0,930,16,0.0,0.0,0.0,0.0,929.5,0.0
1,138600,VOLCANIC_ROCK_VOUCHER_9500,929.0,17.0,0.0,0.0,0.0,0.0,930,17,0.0,0.0,0.0,0.0,929.5,0.0
1,138700,VOLCANIC_ROCK_VOUCHER_9500,935.0,18.0,0.0,0.0,0.0,0.0,936,12,0.0,0.0,0.0,0.0,935.5,0.0
1,138800,VOLCANIC_ROCK_VOUCHER_9500,934.0,18.0,0.0,0.0,0.0,0.0,935,18,0.0,0.0,0.0,0.0,934.5,0.0
1,138900,VOLCANIC_ROCK_VOUCHER_9500,934.0,18.0,0.0,0.0,0.0,0.0,935,18,0.0,0.0,0.0,0.0,934.5,0.0
1,139000,VOLCANIC_ROCK_VOUCHER_9500,933.0,19.0,0.0,0.0,0.0,0.0,934,19,0.0,0.0,0.0,0.0,933.5,0.0
1,139100,VOLCANIC_ROCK_VOUCHER_9500,930.0,13.0,0.0,0.0,0.0,0.0,931,13,0.0,0.0,0.0,0.0,930.5,0.0
1,139200,VOLCANIC_ROCK_VOUCHER_9500,935.0,21.0,0.0,0.0,0.0,0.0,937,21,0.0,0.0,0.0,0.0,936.0,0.0
1,139300,VOLCANIC_ROCK_VOUCHER_9500,937.0,18.0,0.0,0.0,0.0,0.0,938,18,0.0,0.0,0.0,0.0,937.5,0.0
1,139400,VOLCANIC_ROCK_VOUCHER_9500,937.0,15.0,0.0,0.0,0.0,0.0,938,15,0.0,0.0,0.0,0.0,937.5,0.0
1,139500,VOLCANIC_ROCK_VOUCHER_9500,935.0,22.0,0.0,0.0,0.0,0.0,936,22,0.0,0.0,0.0,0.0,935.5,0.0
1,139600,VOLCANIC_ROCK_VOUCHER_9500,931.0,10.0,0.0,0.0,0.0,0.0,933,10,0.0,0.0,0.0,0.0,932.0,0.0
1,139700,VOLCANIC_ROCK_VOUCHER_9500,938.0,21.0,0.0,0.0,0.0,0.0,939,11,0.0,0.0,0.0,0.0,938.5,0.0
1,139800,VOLCANIC_ROCK_VOUCHER_9500,938.0,13.0,0.0,0.0,0.0,0.0,939,13,0.0,0.0,0.0,0.0,938.5,0.0
1,139900,VOLCANIC_ROCK_VOUCHER_9500,937.0,15.0,0.0,0.0,0.0,0.0,938,22,0.0,0.0,0.0,0.0,937.5,0.0
1,140000,VOLCANIC_ROCK_VOUCHER_9500,936.0,14.0,0.0,0.0,0.0,0.0,937,14,0.0,0.0,0.0,0.0,936.5,0.0
1,140100,VOLCANIC_ROCK_VOUCHER_9500,934.0,10.0,0.0,0.0,0.0,0.0,935,10,0.0,0.0,0.0,0.0,934.5,0.0
1,140200,VOLCANIC_ROCK_VOUCHER_9500,938.0,21.0,0.0,0.0,0.0,0.0,939,21,0.0,0.0,0.0,0.0,938.5,0.0
1,140300,VOLCANIC_ROCK_VOUCHER_9500,937.0,18.0,0.0,0.0,0.0,0.0,938,18,0.0,0.0,0.0,0.0,937.5,0.0
1,140400,VOLCANIC_ROCK_VOUCHER_9500,936.0,10.0,0.0,0.0,0.0,0.0,938,10,0.0,0.0,0.0,0.0,937.0,0.0
1,140500,VOLCANIC_ROCK_VOUCHER_9500,944.0,15.0,0.0,0.0,0.0,0.0,945,15,0.0,0.0,0.0,0.0,944.5,0.0
1,140600,VOLCANIC_ROCK_VOUCHER_9500,945.0,19.0,0.0,0.0,0.0,0.0,946,19,0.0,0.0,0.0,0.0,945.5,0.0
1,140700,VOLCANIC_ROCK_VOUCHER_9500,943.0,15.0,0.0,0.0,0.0,0.0,944,1,945.0,14.0,0.0,0.0,943.5,0.0
1,140800,VOLCANIC_ROCK_VOUCHER_9500,946.0,14.0,0.0,0.0,0.0,0.0,947,2,948.0,12.0,0.0,0.0,946.5,0.0
1,140900,VOLCANIC_ROCK_VOUCHER_9500,945.0,26.0,0.0,0.0,0.0,0.0,946,14,0.0,0.0,0.0,0.0,945.5,0.0
1,141000,VOLCANIC_ROCK_VOUCHER_9500,944.0,14.0,0.0,0.0,0.0,0.0,945,14,0.0,0.0,0.0,0.0,944.5,0.0
1,141100,VOLCANIC_ROCK_VOUCHER_9500,943.0,14.0,0.0,0.0,0.0,0.0,945,14,0.0,0.0,0.0,0.0,944.0,0.0
1,141200,VOLCANIC_ROCK_VOUCHER_9500,945.0,18.0,0.0,0.0,0.0,0.0,946,18,0.0,0.0,0.0,0.0,945.5,0.0
1,141300,VOLCANIC_ROCK_VOUCHER_9500,946.0,15.0,0.0,0.0,0.0,0.0,947,15,0.0,0.0,0.0,0.0,946.5,0.0
1,141400,VOLCANIC_ROCK_VOUCHER_9500,944.0,12.0,0.0,0.0,0.0,0.0,945,1,946.0,11.0,0.0,0.0,944.5,0.0
1,141500,VOLCANIC_ROCK_VOUCHER_9500,942.0,16.0,0.0,0.0,0.0,0.0,943,16,0.0,0.0,0.0,0.0,942.5,0.0
1,141600,VOLCANIC_ROCK_VOUCHER_9500,936.0,17.0,0.0,0.0,0.0,0.0,937,17,0.0,0.0,0.0,0.0,936.5,0.0
1,141700,VOLCANIC_ROCK_VOUCHER_9500,938.0,28.0,0.0,0.0,0.0,0.0,939,17,0.0,0.0,0.0,0.0,938.5,0.0
1,141800,VOLCANIC_ROCK_VOUCHER_9500,939.0,16.0,0.0,0.0,0.0,0.0,940,16,0.0,0.0,0.0,0.0,939.5,0.0
1,141900,VOLCANIC_ROCK_VOUCHER_9500,943.0,17.0,0.0,0.0,0.0,0.0,944,17,0.0,0.0,0.0,0.0,943.5,0.0
1,142000,VOLCANIC_ROCK_VOUCHER_9500,940.0,19.0,0.0,0.0,0.0,0.0,941,19,0.0,0.0,0.0,0.0,940.5,0.0
1,142100,VOLCANIC_ROCK_VOUCHER_9500,940.0,14.0,0.0,0.0,0.0,0.0,942,14,0.0,0.0,0.0,0.0,941.0,0.0
1,142200,VOLCANIC_ROCK_VOUCHER_9500,943.0,15.0,0.0,0.0,0.0,0.0,944,15,0.0,0.0,0.0,0.0,943.5,0.0
1,142300,VOLCANIC_ROCK_VOUCHER_9500,942.0,21.0,0.0,0.0,0.0,0.0,943,21,0.0,0.0,0.0,0.0,942.5,0.0
1,142400,VOLCANIC_ROCK_VOUCHER_9500,945.0,20.0,0.0,0.0,0.0,0.0,946,20,0.0,0.0,0.0,0.0,945.5,0.0
1,142500,VOLCANIC_ROCK_VOUCHER_9500,942.0,18.0,0.0,0.0,0.0,0.0,943,18,0.0,0.0,0.0,0.0,942.5,0.0
1,142600,VOLCANIC_ROCK_VOUCHER_9500,941.0,21.0,0.0,0.0,0.0,0.0,942,21,0.0,0.0,0.0,0.0,941.5,0.0
1,142700,VOLCANIC_ROCK_VOUCHER_9500,942.0,16.0,0.0,0.0,0.0,0.0,943,16,0.0,0.0,0.0,0.0,942.5,0.0
1,142800,VOLCANIC_ROCK_VOUCHER_9500,941.0,13.0,0.0,0.0,0.0,0.0,942,13,0.0,0.0,0.0,0.0,941.5,0.0
1,142900,VOLCANIC_ROCK_VOUCHER_9500,941.0,15.0,0.0,0.0,0.0,0.0,942,15,0.0,0.0,0.0,0.0,941.5,0.0
1,143000,VOLCANIC_ROCK_VOUCHER_9500,941.0,16.0,0.0,0.0,0.0,0.0,942,16,0.0,0.0,0.0,0.0,941.5,0.0
1,143100,VOLCANIC_ROCK_VOUCHER_9500,940.0,31.0,0.0,0.0,0.0,0.0,942,15,0.0,0.0,0.0,0.0,941.0,0.0
1,143200,VOLCANIC_ROCK_VOUCHER_9500,942.0,17.0,0.0,0.0,0.0,0.0,943,17,0.0,0.0,0.0,0.0,942.5,0.0
1,143300,VOLCANIC_ROCK_VOUCHER_9500,939.0,24.0,0.0,0.0,0.0,0.0,940,12,0.0,0.0,0.0,0.0,939.5,0.0
1,143400,VOLCANIC_ROCK_VOUCHER_9500,940.0,11.0,0.0,0.0,0.0,0.0,941,11,0.0,0.0,0.0,0.0,940.5,0.0
1,143500,VOLCANIC_ROCK_VOUCHER_9500,938.0,14.0,0.0,0.0,0.0,0.0,940,14,0.0,0.0,0.0,0.0,939.0,0.0
1,143600,VOLCANIC_ROCK_VOUCHER_9500,937.0,16.0,0.0,0.0,0.0,0.0,938,22,0.0,0.0,0.0,0.0,937.5,0.0
1,143700,VOLCANIC_ROCK_VOUCHER_9500,936.0,20.0,0.0,0.0,0.0,0.0,937,20,0.0,0.0,0.0,0.0,936.5,0.0
1,143800,VOLCANIC_ROCK_VOUCHER_9500,936.0,15.0,0.0,0.0,0.0,0.0,937,15,0.0,0.0,0.0,0.0,936.5,0.0
1,143900,VOLCANIC_ROCK_VOUCHER_9500,936.0,13.0,0.0,0.0,0.0,0.0,937,13,0.0,0.0,0.0,0.0,936.5,0.0
1,144000,VOLCANIC_ROCK_VOUCHER_9500,936.0,26.0,0.0,0.0,0.0,0.0,937,15,0.0,0.0,0.0,0.0,936.5,0.0
1,144100,VOLCANIC_ROCK_VOUCHER_9500,934.0,12.0,0.0,0.0,0.0,0.0,935,12,0.0,0.0,0.0,0.0,934.5,0.0
1,144200,VOLCANIC_ROCK_VOUCHER_9500,933.0,16.0,0.0,0.0,0.0,0.0,934,16,0.0,0.0,0.0,0.0,933.5,0.0
1,144300,VOLCANIC_ROCK_VOUCHER_9500,931.0,7.0,0.0,0.0,0.0,0.0,932,17,0.0,0.0,0.0,0.0,931.5,0.0
1,144400,VOLCANIC_ROCK_VOUCHER_9500,928.0,14.0,0.0,0.0,0.0,0.0,930,14,0.0,0.0,0.0,0.0,929.0,0.0
1,144500,VOLCANIC_ROCK_VOUCHER_9500,930.0,18.0,0.0,0.0,0.0,0.0,931,18,0.0,0.0,0.0,0.0,930.5,0.0
1,144600,VOLCANIC_ROCK_VOUCHER_9500,932.0,11.0,0.0,0.0,0.0,0.0,933,11,0.0,0.0,0.0,0.0,932.5,0.0
1,144700,VOLCANIC_ROCK_VOUCHER_9500,932.0,17.0,0.0,0.0,0.0,0.0,933,17,0.0,0.0,0.0,0.0,932.5,0.0
1,144800,VOLCANIC_ROCK_VOUCHER_9500,933.0,19.0,0.0,0.0,0.0,0.0,934,19,0.0,0.0,0.0,0.0,933.5,0.0
1,144900,VOLCANIC_ROCK_VOUCHER_9500,936.0,11.0,0.0,0.0,0.0,0.0,937,11,0.0,0.0,0.0,0.0,936.5,0.0
1,145000,VOLCANIC_ROCK_VOUCHER_9500,935.0,16.0,0.0,0.0,0.0,0.0,936,16,0.0,0.0,0.0,0.0,935.5,0.0
1,145100,VOLCANIC_ROCK_VOUCHER_9500,937.0,14.0,0.0,0.0,0.0,0.0,939,14,0.0,0.0,0.0,0.0,938.0,0.0
1,145200,VOLCANIC_ROCK_VOUCHER_9500,937.0,16.0,0.0,0.0,0.0,0.0,938,16,0.0,0.0,0.0,0.0,937.5,0.0
1,145300,VOLCANIC_ROCK_VOUCHER_9500,935.0,20.0,0.0,0.0,0.0,0.0,936,20,0.0,0.0,0.0,0.0,935.5,0.0
1,145400,VOLCANIC_ROCK_VOUCHER_9500,0.0,0.0,0.0,0.0,0.0,0.0,941,2,943.0,17.0,0.0,0.0,941.0,0.0
1,145500,VOLCANIC_ROCK_VOUCHER_9500,936.0,19.0,0.0,0.0,0.0,0.0,937,19,0.0,0.0,0.0,0.0,936.5,0.0
1,145600,VOLCANIC_ROCK_VOUCHER_9500,935.0,27.0,0.0,0.0,0.0,0.0,936,12,0.0,0.0,0.0,0.0,935.5,0.0
1,145700,VOLCANIC_ROCK_VOUCHER_9500,935.0,16.0,0.0,0.0,0.0,0.0,936,16,0.0,0.0,0.0,0.0,935.5,0.0
1,145800,VOLCANIC_ROCK_VOUCHER_9500,932.0,11.0,0.0,0.0,0.0,0.0,933,11,0.0,0.0,0.0,0.0,932.5,0.0
1,145900,VOLCANIC_ROCK_VOUCHER_9500,934.0,20.0,0.0,0.0,0.0,0.0,936,20,0.0,0.0,0.0,0.0,935.0,0.0
1,146000,VOLCANIC_ROCK_VOUCHER_9500,935.0,15.0,0.0,0.0,0.0,0.0,936,15,0.0,0.0,0.0,0.0,935.5,0.0
1,146100,VOLCANIC_ROCK_VOUCHER_9500,932.0,14.0,0.0,0.0,0.0,0.0,933,14,0.0,0.0,0.0,0.0,932.5,0.0
1,146200,VOLCANIC_ROCK_VOUCHER_9500,932.0,22.0,0.0,0.0,0.0,0.0,933,22,0.0,0.0,0.0,0.0,932.5,0.0
1,146300,VOLCANIC_ROCK_VOUCHER_9500,932.0,15.0,0.0,0.0,0.0,0.0,933,15,0.0,0.0,0.0,0.0,932.5,0.0
1,146400,VOLCANIC_ROCK_VOUCHER_9500,930.0,14.0,0.0,0.0,0.0,0.0,931,14,0.0,0.0,0.0,0.0,930.5,0.0
1,146500,VOLCANIC_ROCK_VOUCHER_9500,935.0,17.0,0.0,0.0,0.0,0.0,936,17,0.0,0.0,0.0,0.0,935.5,0.0
1,146600,VOLCANIC_ROCK_VOUCHER_9500,934.0,18.0,0.0,0.0,0.0,0.0,935,18,0.0,0.0,0.0,0.0,934.5,0.0
1,146700,VOLCANIC_ROCK_VOUCHER_9500,936.0,18.0,0.0,0.0,0.0,0.0,938,18,0.0,0.0,0.0,0.0,937.0,0.0
1,146800,VOLCANIC_ROCK_VOUCHER_9500,935.0,17.0,0.0,0.0,0.0,0.0,936,17,0.0,0.0,0.0,0.0,935.5,0.0
1,146900,VOLCANIC_ROCK_VOUCHER_9500,935.0,18.0,0.0,0.0,0.0,0.0,937,18,0.0,0.0,0.0,0.0,936.0,0.0
1,147000,VOLCANIC_ROCK_VOUCHER_9500,935.0,17.0,0.0,0.0,0.0,0.0,936,17,0.0,0.0,0.0,0.0,935.5,0.0
1,147100,VOLCANIC_ROCK_VOUCHER_9500,936.0,10.0,0.0,0.0,0.0,0.0,937,10,0.0,0.0,0.0,0.0,936.5,0.0
1,147200,VOLCANIC_ROCK_VOUCHER_9500,941.0,17.0,0.0,0.0,0.0,0.0,942,17,0.0,0.0,0.0,0.0,941.5,0.0
1,147300,VOLCANIC_ROCK_VOUCHER_9500,935.0,15.0,0.0,0.0,0.0,0.0,937,15,0.0,0.0,0.0,0.0,936.0,0.0
1,147400,VOLCANIC_ROCK_VOUCHER_9500,936.0,12.0,0.0,0.0,0.0,0.0,938,12,0.0,0.0,0.0,0.0,937.0,0.0
1,147500,VOLCANIC_ROCK_VOUCHER_9500,938.0,17.0,0.0,0.0,0.0,0.0,939,17,0.0,0.0,0.0,0.0,938.5,0.0
1,147600,VOLCANIC_ROCK_VOUCHER_9500,937.0,13.0,0.0,0.0,0.0,0.0,938,13,0.0,0.0,0.0,0.0,937.5,0.0
1,147700,VOLCANIC_ROCK_VOUCHER_9500,938.0,19.0,0.0,0.0,0.0,0.0,939,19,0.0,0.0,0.0,0.0,938.5,0.0
1,147800,VOLCANIC_ROCK_VOUCHER_9500,938.0,16.0,0.0,0.0,0.0,0.0,939,16,0.0,0.0,0.0,0.0,938.5,0.0
1,147900,VOLCANIC_ROCK_VOUCHER_9500,935.0,16.0,0.0,0.0,0.0,0.0,937,16,0.0,0.0,0.0,0.0,936.0,0.0
1,148000,VOLCANIC_ROCK_VOUCHER_9500,940.0,15.0,0.0,0.0,0.0,0.0,942,15,0.0,0.0,0.0,0.0,941.0,0.0
1,148100,VOLCANIC_ROCK_VOUCHER_9500,941.0,18.0,0.0,0.0,0.0,0.0,942,18,0.0,0.0,0.0,0.0,941.5,0.0
1,148200,VOLCANIC_ROCK_VOUCHER_9500,947.0,11.0,0.0,0.0,0.0,0.0,948,11,0.0,0.0,0.0,0.0,947.5,0.0
1,148300,VOLCANIC_ROCK_VOUCHER_9500,942.0,16.0,0.0,0.0,0.0,0.0,943,16,0.0,0.0,0.0,0.0,942.5,0.0
1,148400,VOLCANIC_ROCK_VOUCHER_9500,938.0,14.0,0.0,0.0,0.0,0.0,940,14,0.0,0.0,0.0,0.0,939.0,0.0
1,148500,VOLCANIC_ROCK_VOUCHER_9500,943.0,16.0,0.0,0.0,0.0,0.0,945,16,0.0,0.0,0.0,0.0,944.0,0.0
1,148600,VOLCANIC_ROCK_VOUCHER_9500,942.0,18.0,0.0,0.0,0.0,0.0,943,18,0.0,0.0,0.0,0.0,942.5,0.0
1,148700,VOLCANIC_ROCK_VOUCHER_9500,945.0,11.0,0.0,0.0,0.0,0.0,946,11,0.0,0.0,0.0,0.0,945.5,0.0
1,148800,VOLCANIC_ROCK_VOUCHER_9500,942.0,13.0,0.0,0.0,0.0,0.0,943,13,0.0,0.0,0.0,0.0,942.5,0.0
1,148900,VOLCANIC_ROCK_VOUCHER_9500,941.0,17.0,0.0,0.0,0.0,0.0,942,17,0.0,0.0,0.0,0.0,941.5,0.0
1,149000,VOLCANIC_ROCK_VOUCHER_9500,939.0,12.0,0.0,0.0,0.0,0.0,940,12,0.0,0.0,0.0,0.0,939.5,0.0
1,149100,VOLCANIC_ROCK_VOUCHER_9500,943.0,22.0,0.0,0.0,0.0,0.0,944,22,0.0,0.0,0.0,0.0,943.5,0.0
1,149200,VOLCANIC_ROCK_VOUCHER_9500,944.0,19.0,0.0,0.0,0.0,0.0,945,19,0.0,0.0,0.0,0.0,944.5,0.0
1,149300,VOLCANIC_ROCK_VOUCHER_9500,943.0,18.0,0.0,0.0,0.0,0.0,945,18,0.0,0.0,0.0,0.0,944.0,0.0
1,149400,VOLCANIC_ROCK_VOUCHER_9500,942.0,11.0,0.0,0.0,0.0,0.0,943,11,0.0,0.0,0.0,0.0,942.5,0.0
1,149500,VOLCANIC_ROCK_VOUCHER_9500,942.0,11.0,0.0,0.0,0.0,0.0,943,11,0.0,0.0,0.0,0.0,942.5,0.0
1,149600,VOLCANIC_ROCK_VOUCHER_9500,942.0,16.0,0.0,0.0,0.0,0.0,943,16,0.0,0.0,0.0,0.0,942.5,0.0
1,149700,VOLCANIC_ROCK_VOUCHER_9500,942.0,14.0,0.0,0.0,0.0,0.0,943,14,0.0,0.0,0.0,0.0,942.5,0.0
1,149800,VOLCANIC_ROCK_VOUCHER_9500,942.0,13.0,0.0,0.0,0.0,0.0,943,13,0.0,0.0,0.0,0.0,942.5,0.0
1,149900,VOLCANIC_ROCK_VOUCHER_9500,943.0,18.0,0.0,0.0,0.0,0.0,944,18,0.0,0.0,0.0,0.0,943.5,0.0
1,150000,VOLCANIC_ROCK_VOUCHER_9500,942.0,17.0,0.0,0.0,0.0,0.0,943,17,0.0,0.0,0.0,0.0,942.5,0.0
1,150100,VOLCANIC_ROCK_VOUCHER_9500,940.0,12.0,0.0,0.0,0.0,0.0,941,12,0.0,0.0,0.0,0.0,940.5,0.0
1,150200,VOLCANIC_ROCK_VOUCHER_9500,941.0,10.0,0.0,0.0,0.0,0.0,943,10,0.0,0.0,0.0,0.0,942.0,0.0
1,150300,VOLCANIC_ROCK_VOUCHER_9500,941.0,17.0,0.0,0.0,0.0,0.0,942,17,0.0,0.0,0.0,0.0,941.5,0.0
1,150400,VOLCANIC_ROCK_VOUCHER_9500,940.0,18.0,0.0,0.0,0.0,0.0,941,18,0.0,0.0,0.0,0.0,940.5,0.0
1,150500,VOLCANIC_ROCK_VOUCHER_9500,941.0,17.0,0.0,0.0,0.0,0.0,942,17,0.0,0.0,0.0,0.0,941.5,0.0
1,150600,VOLCANIC_ROCK_VOUCHER_9500,950.0,21.0,0.0,0.0,0.0,0.0,951,21,0.0,0.0,0.0,0.0,950.5,0.0
1,150700,VOLCANIC_ROCK_VOUCHER_9500,952.0,18.0,0.0,0.0,0.0,0.0,954,18,0.0,0.0,0.0,0.0,953.0,0.0
1,150800,VOLCANIC_ROCK_VOUCHER_9500,954.0,17.0,0.0,0.0,0.0,0.0,955,17,0.0,0.0,0.0,0.0,954.5,0.0
1,150900,VOLCANIC_ROCK_VOUCHER_9500,960.0,15.0,0.0,0.0,0.0,0.0,961,15,0.0,0.0,0.0,0.0,960.5,0.0
1,151000,VOLCANIC_ROCK_VOUCHER_9500,962.0,17.0,0.0,0.0,0.0,0.0,963,17,0.0,0.0,0.0,0.0,962.5,0.0
1,151100,VOLCANIC_ROCK_VOUCHER_9500,958.0,12.0,0.0,0.0,0.0,0.0,960,12,0.0,0.0,0.0,0.0,959.0,0.0
1,151200,VOLCANIC_ROCK_VOUCHER_9500,964.0,14.0,0.0,0.0,0.0,0.0,965,14,0.0,0.0,0.0,0.0,964.5,0.0
1,151300,VOLCANIC_ROCK_VOUCHER_9500,964.0,19.0,0.0,0.0,0.0,0.0,965,19,0.0,0.0,0.0,0.0,964.5,0.0
1,151400,VOLCANIC_ROCK_VOUCHER_9500,967.0,5.0,0.0,0.0,0.0,0.0,968,16,0.0,0.0,0.0,0.0,967.5,0.0
1,151500,VOLCANIC_ROCK_VOUCHER_9500,964.0,13.0,0.0,0.0,0.0,0.0,965,13,0.0,0.0,0.0,0.0,964.5,0.0
1,151600,VOLCANIC_ROCK_VOUCHER_9500,965.0,17.0,0.0,0.0,0.0,0.0,966,17,0.0,0.0,0.0,0.0,965.5,0.0
1,151700,VOLCANIC_ROCK_VOUCHER_9500,969.0,35.0,0.0,0.0,0.0,0.0,970,15,0.0,0.0,0.0,0.0,969.5,0.0
1,151800,VOLCANIC_ROCK_VOUCHER_9500,971.0,12.0,0.0,0.0,0.0,0.0,972,12,0.0,0.0,0.0,0.0,971.5,0.0
1,151900,VOLCANIC_ROCK_VOUCHER_9500,972.0,20.0,0.0,0.0,0.0,0.0,973,20,0.0,0.0,0.0,0.0,972.5,0.0
1,152000,VOLCANIC_ROCK_VOUCHER_9500,968.0,17.0,0.0,0.0,0.0,0.0,969,17,0.0,0.0,0.0,0.0,968.5,0.0
1,152100,VOLCANIC_ROCK_VOUCHER_9500,967.0,15.0,0.0,0.0,0.0,0.0,968,15,0.0,0.0,0.0,0.0,967.5,0.0
1,152200,VOLCANIC_ROCK_VOUCHER_9500,964.0,15.0,0.0,0.0,0.0,0.0,965,15,0.0,0.0,0.0,0.0,964.5,0.0
1,152300,VOLCANIC_ROCK_VOUCHER_9500,967.0,21.0,0.0,0.0,0.0,0.0,968,21,0.0,0.0,0.0,0.0,967.5,0.0
1,152400,VOLCANIC_ROCK_VOUCHER_9500,968.0,18.0,0.0,0.0,0.0,0.0,969,18,0.0,0.0,0.0,0.0,968.5,0.0
1,152500,VOLCANIC_ROCK_VOUCHER_9500,970.0,12.0,0.0,0.0,0.0,0.0,972,12,0.0,0.0,0.0,0.0,971.0,0.0
1,152600,VOLCANIC_ROCK_VOUCHER_9500,973.0,2.0,0.0,0.0,0.0,0.0,974,12,0.0,0.0,0.0,0.0,973.5,0.0
1,152700,VOLCANIC_ROCK_VOUCHER_9500,970.0,13.0,0.0,0.0,0.0,0.0,972,13,0.0,0.0,0.0,0.0,971.0,0.0
1,152800,VOLCANIC_ROCK_VOUCHER_9500,971.0,19.0,0.0,0.0,0.0,0.0,972,19,0.0,0.0,0.0,0.0,971.5,0.0
1,152900,VOLCANIC_ROCK_VOUCHER_9500,971.0,11.0,0.0,0.0,0.0,0.0,972,11,0.0,0.0,0.0,0.0,971.5,0.0
1,153000,VOLCANIC_ROCK_VOUCHER_9500,969.0,15.0,0.0,0.0,0.0,0.0,970,15,0.0,0.0,0.0,0.0,969.5,0.0
1,153100,VOLCANIC_ROCK_VOUCHER_9500,971.0,18.0,0.0,0.0,0.0,0.0,972,18,0.0,0.0,0.0,0.0,971.5,0.0
1,153200,VOLCANIC_ROCK_VOUCHER_9500,970.0,11.0,0.0,0.0,0.0,0.0,971,11,0.0,0.0,0.0,0.0,970.5,0.0
1,153300,VOLCANIC_ROCK_VOUCHER_9500,970.0,12.0,0.0,0.0,0.0,0.0,972,12,0.0,0.0,0.0,0.0,971.0,0.0
1,153400,VOLCANIC_ROCK_VOUCHER_9500,971.0,15.0,0.0,0.0,0.0,0.0,972,15,0.0,0.0,0.0,0.0,971.5,0.0
1,153500,VOLCANIC_ROCK_VOUCHER_9500,973.0,30.0,0.0,0.0,0.0,0.0,974,19,0.0,0.0,0.0,0.0,973.5,0.0
1,153600,VOLCANIC_ROCK_VOUCHER_9500,971.0,13.0,0.0,0.0,0.0,0.0,973,13,0.0,0.0,0.0,0.0,972.0,0.0
1,153700,VOLCANIC_ROCK_VOUCHER_9500,0.0,0.0,0.0,0.0,0.0,0.0,975,7,976.0,11.0,0.0,0.0,975.0,0.0
1,153800,VOLCANIC_ROCK_VOUCHER_9500,973.0,0.0,0.0,0.0,0.0,0.0,974,19,0.0,0.0,0.0,0.0,973.5,0.0
1,153900,VOLCANIC_ROCK_VOUCHER_9500,975.0,15.0,0.0,0.0,0.0,0.0,976,15,0.0,0.0,0.0,0.0,975.5,0.0
1,154000,VOLCANIC_ROCK_VOUCHER_9500,974.0,14.0,0.0,0.0,0.0,0.0,975,14,0.0,0.0,0.0,0.0,974.5,0.0
1,154100,VOLCANIC_ROCK_VOUCHER_9500,969.0,17.0,0.0,0.0,0.0,0.0,970,17,0.0,0.0,0.0,0.0,969.5,0.0
1,154200,VOLCANIC_ROCK_VOUCHER_9500,974.0,19.0,0.0,0.0,0.0,0.0,975,19,0.0,0.0,0.0,0.0,974.5,0.0
1,154300,VOLCANIC_ROCK_VOUCHER_9500,974.0,15.0,0.0,0.0,0.0,0.0,975,15,0.0,0.0,0.0,0.0,974.5,0.0
1,154400,VOLCANIC_ROCK_VOUCHER_9500,975.0,20.0,0.0,0.0,0.0,0.0,976,20,0.0,0.0,0.0,0.0,975.5,0.0
1,154500,VOLCANIC_ROCK_VOUCHER_9500,976.0,19.0,0.0,0.0,0.0,0.0,977,19,0.0,0.0,0.0,0.0,976.5,0.0
1,154600,VOLCANIC_ROCK_VOUCHER_9500,973.0,19.0,0.0,0.0,0.0,0.0,974,19,0.0,0.0,0.0,0.0,973.5,0.0
1,154700,VOLCANIC_ROCK_VOUCHER_9500,975.0,13.0,0.0,0.0,0.0,0.0,976,13,0.0,0.0,0.0,0.0,975.5,0.0
1,154800,VOLCANIC_ROCK_VOUCHER_9500,972.0,36.0,0.0,0.0,0.0,0.0,973,17,0.0,0.0,0.0,0.0,972.5,0.0
1,154900,VOLCANIC_ROCK_VOUCHER_9500,975.0,11.0,0.0,0.0,0.0,0.0,976,11,0.0,0.0,0.0,0.0,975.5,0.0
1,155000,VOLCANIC_ROCK_VOUCHER_9500,973.0,15.0,0.0,0.0,0.0,0.0,974,15,0.0,0.0,0.0,0.0,973.5,0.0
1,155100,VOLCANIC_ROCK_VOUCHER_9500,971.0,13.0,0.0,0.0,0.0,0.0,972,13,0.0,0.0,0.0,0.0,971.5,0.0
1,155200,VOLCANIC_ROCK_VOUCHER_9500,978.0,17.0,0.0,0.0,0.0,0.0,979,17,0.0,0.0,0.0,0.0,978.5,0.0
1,155300,VOLCANIC_ROCK_VOUCHER_9500,977.0,17.0,0.0,0.0,0.0,0.0,978,17,0.0,0.0,0.0,0.0,977.5,0.0
1,155400,VOLCANIC_ROCK_VOUCHER_9500,977.0,13.0,0.0,0.0,0.0,0.0,978,13,0.0,0.0,0.0,0.0,977.5,0.0
1,155500,VOLCANIC_ROCK_VOUCHER_9500,975.0,10.0,0.0,0.0,0.0,0.0,976,10,0.0,0.0,0.0,0.0,975.5,0.0
1,155600,VOLCANIC_ROCK_VOUCHER_9500,976.0,18.0,0.0,0.0,0.0,0.0,977,18,0.0,0.0,0.0,0.0,976.5,0.0
1,155700,VOLCANIC_ROCK_VOUCHER_9500,975.0,10.0,0.0,0.0,0.0,0.0,976,10,0.0,0.0,0.0,0.0,975.5,0.0
1,155800,VOLCANIC_ROCK_VOUCHER_9500,973.0,19.0,0.0,0.0,0.0,0.0,974,19,0.0,0.0,0.0,0.0,973.5,0.0
1,155900,VOLCANIC_ROCK_VOUCHER_9500,973.0,25.0,0.0,0.0,0.0,0.0,974,14,0.0,0.0,0.0,0.0,973.5,0.0
1,156000,VOLCANIC_ROCK_VOUCHER_9500,974.0,16.0,0.0,0.0,0.0,0.0,975,16,0.0,0.0,0.0,0.0,974.5,0.0
1,156100,VOLCANIC_ROCK_VOUCHER_9500,974.0,17.0,0.0,0.0,0.0,0.0,975,17,0.0,0.0,0.0,0.0,974.5,0.0
1,156200,VOLCANIC_ROCK_VOUCHER_9500,977.0,22.0,0.0,0.0,0.0,0.0,978,22,0.0,0.0,0.0,0.0,977.5,0.0
1,156300,VOLCANIC_ROCK_VOUCHER_9500,974.0,11.0,0.0,0.0,0.0,0.0,976,11,0.0,0.0,0.0,0.0,975.0,0.0
1,156400,VOLCANIC_ROCK_VOUCHER_9500,975.0,17.0,0.0,0.0,0.0,0.0,976,17,0.0,0.0,0.0,0.0,975.5,0.0
1,156500,VOLCANIC_ROCK_VOUCHER_9500,977.0,12.0,0.0,0.0,0.0,0.0,979,12,0.0,0.0,0.0,0.0,978.0,0.0
1,156600,VOLCANIC_ROCK_VOUCHER_9500,975.0,12.0,0.0,0.0,0.0,0.0,977,12,0.0,0.0,0.0,0.0,976.0,0.0
1,156700,VOLCANIC_ROCK_VOUCHER_9500,975.0,10.0,0.0,0.0,0.0,0.0,976,10,0.0,0.0,0.0,0.0,975.5,0.0
1,156800,VOLCANIC_ROCK_VOUCHER_9500,975.0,20.0,0.0,0.0,0.0,0.0,977,20,0.0,0.0,0.0,0.0,976.0,0.0
1,156900,VOLCANIC_ROCK_VOUCHER_9500,976.0,20.0,0.0,0.0,0.0,0.0,977,20,0.0,0.0,0.0,0.0,976.5,0.0
1,157000,VOLCANIC_ROCK_VOUCHER_9500,978.0,12.0,0.0,0.0,0.0,0.0,979,12,0.0,0.0,0.0,0.0,978.5,0.0
1,157100,VOLCANIC_ROCK_VOUCHER_9500,978.0,13.0,0.0,0.0,0.0,0.0,979,13,0.0,0.0,0.0,0.0,978.5,0.0
1,157200,VOLCANIC_ROCK_VOUCHER_9500,979.0,10.0,0.0,0.0,0.0,0.0,980,10,0.0,0.0,0.0,0.0,979.5,0.0
1,157300,VOLCANIC_ROCK_VOUCHER_9500,981.0,12.0,0.0,0.0,0.0,0.0,983,12,0.0,0.0,0.0,0.0,982.0,0.0
1,157400,VOLCANIC_ROCK_VOUCHER_9500,983.0,13.0,0.0,0.0,0.0,0.0,984,13,0.0,0.0,0.0,0.0,983.5,0.0
1,157500,VOLCANIC_ROCK_VOUCHER_9500,984.0,15.0,0.0,0.0,0.0,0.0,985,15,0.0,0.0,0.0,0.0,984.5,0.0
1,157600,VOLCANIC_ROCK_VOUCHER_9500,984.0,15.0,0.0,0.0,0.0,0.0,986,15,0.0,0.0,0.0,0.0,985.0,0.0
1,157700,VOLCANIC_ROCK_VOUCHER_9500,990.0,17.0,0.0,0.0,0.0,0.0,991,17,0.0,0.0,0.0,0.0,990.5,0.0
1,157800,VOLCANIC_ROCK_VOUCHER_9500,989.0,20.0,0.0,0.0,0.0,0.0,990,20,0.0,0.0,0.0,0.0,989.5,0.0
1,157900,VOLCANIC_ROCK_VOUCHER_9500,988.0,19.0,0.0,0.0,0.0,0.0,989,19,0.0,0.0,0.0,0.0,988.5,0.0
1,158000,VOLCANIC_ROCK_VOUCHER_9500,987.0,22.0,0.0,0.0,0.0,0.0,989,22,0.0,0.0,0.0,0.0,988.0,0.0
1,158100,VOLCANIC_ROCK_VOUCHER_9500,988.0,16.0,0.0,0.0,0.0,0.0,989,16,0.0,0.0,0.0,0.0,988.5,0.0
1,158200,VOLCANIC_ROCK_VOUCHER_9500,990.0,19.0,0.0,0.0,0.0,0.0,991,19,0.0,0.0,0.0,0.0,990.5,0.0
1,158300,VOLCANIC_ROCK_VOUCHER_9500,0.0,0.0,0.0,0.0,0.0,0.0,988,3,989.0,12.0,0.0,0.0,988.0,0.0
1,158400,VOLCANIC_ROCK_VOUCHER_9500,991.0,16.0,0.0,0.0,0.0,0.0,992,16,0.0,0.0,0.0,0.0,991.5,0.0
1,158500,VOLCANIC_ROCK_VOUCHER_9500,991.0,7.0,0.0,0.0,0.0,0.0,992,22,0.0,0.0,0.0,0.0,991.5,0.0
1,158600,VOLCANIC_ROCK_VOUCHER_9500,992.0,19.0,0.0,0.0,0.0,0.0,994,19,0.0,0.0,0.0,0.0,993.0,0.0
1,158700,VOLCANIC_ROCK_VOUCHER_9500,994.0,22.0,0.0,0.0,0.0,0.0,995,22,0.0,0.0,0.0,0.0,994.5,0.0
1,158800,VOLCANIC_ROCK_VOUCHER_9500,993.0,29.0,0.0,0.0,0.0,0.0,994,16,0.0,0.0,0.0,0.0,993.5,0.0
1,158900,VOLCANIC_ROCK_VOUCHER_9500,995.0,15.0,0.0,0.0,0.0,0.0,996,15,0.0,0.0,0.0,0.0,995.5,0.0
1,159000,VOLCANIC_ROCK_VOUCHER_9500,993.0,11.0,0.0,0.0,0.0,0.0,994,11,0.0,0.0,0.0,0.0,993.5,0.0
1,159100,VOLCANIC_ROCK_VOUCHER_9500,993.0,13.0,0.0,0.0,0.0,0.0,994,13,0.0,0.0,0.0,0.0,993.5,0.0
1,159200,VOLCANIC_ROCK_VOUCHER_9500,991.0,14.0,0.0,0.0,0.0,0.0,992,14,0.0,0.0,0.0,0.0,991.5,0.0
1,159300,VOLCANIC_ROCK_VOUCHER_9500,990.0,13.0,0.0,0.0,0.0,0.0,991,13,0.0,0.0,0.0,0.0,990.5,0.0
1,159400,VOLCANIC_ROCK_VOUCHER_9500,989.0,22.0,0.0,0.0,0.0,0.0,990,22,0.0,0.0,0.0,0.0,989.5,0.0
1,159500,VOLCANIC_ROCK_VOUCHER_9500,988.0,12.0,0.0,0.0,0.0,0.0,989,12,0.0,0.0,0.0,0.0,988.5,0.0
1,159600,VOLCANIC_ROCK_VOUCHER_9500,983.0,17.0,0.0,0.0,0.0,0.0,984,17,0.0,0.0,0.0,0.0,983.5,0.0
1,159700,VOLCANIC_ROCK_VOUCHER_9500,984.0,22.0,0.0,0.0,0.0,0.0,985,22,0.0,0.0,0.0,0.0,984.5,0.0
1,159800,VOLCANIC_ROCK_VOUCHER_9500,982.0,13.0,0.0,0.0,0.0,0.0,983,13,0.0,0.0,0.0,0.0,982.5,0.0
1,159900,VOLCANIC_ROCK_VOUCHER_9500,984.0,13.0,0.0,0.0,0.0,0.0,985,13,0.0,0.0,0.0,0.0,984.5,0.0
1,160000,VOLCANIC_ROCK_VOUCHER_9500,984.0,12.0,0.0,0.0,0.0,0.0,985,12,0.0,0.0,0.0,0.0,984.5,0.0
1,160100,VOLCANIC_ROCK_VOUCHER_9500,984.0,11.0,0.0,0.0,0.0,0.0,986,11,0.0,0.0,0.0,0.0,985.0,0.0
1,160200,VOLCANIC_ROCK_VOUCHER_9500,983.0,15.0,0.0,0.0,0.0,0.0,984,15,0.0,0.0,0.0,0.0,983.5,0.0
1,160300,VOLCANIC_ROCK_VOUCHER_9500,982.0,12.0,0.0,0.0,0.0,0.0,983,12,0.0,0.0,0.0,0.0,982.5,0.0
1,160400,VOLCANIC_ROCK_VOUCHER_9500,983.0,20.0,0.0,0.0,0.0,0.0,984,20,0.0,0.0,0.0,0.0,983.5,0.0
1,160500,VOLCANIC_ROCK_VOUCHER_9500,983.0,20.0,0.0,0.0,0.0,0.0,985,20,0.0,0.0,0.0,0.0,984.0,0.0
1,160600,VOLCANIC_ROCK_VOUCHER_9500,0.0,0.0,0.0,0.0,0.0,0.0,985,3,986.0,17.0,0.0,0.0,985.0,0.0
1,160700,VOLCANIC_ROCK_VOUCHER_9500,984.0,22.0,0.0,0.0,0.0,0.0,985,22,0.0,0.0,0.0,0.0,984.5,0.0
1,160800,VOLCANIC_ROCK_VOUCHER_9500,981.0,15.0,0.0,0.0,0.0,0.0,982,1,983.0,14.0,0.0,0.0,981.5,0.0
1,160900,VOLCANIC_ROCK_VOUCHER_9500,979.0,11.0,0.0,0.0,0.0,0.0,981,11,0.0,0.0,0.0,0.0,980.0,0.0
1,161000,VOLCANIC_ROCK_VOUCHER_9500,977.0,20.0,0.0,0.0,0.0,0.0,978,20,0.0,0.0,0.0,0.0,977.5,0.0
1,161100,VOLCANIC_ROCK_VOUCHER_9500,973.0,12.0,0.0,0.0,0.0,0.0,974,12,0.0,0.0,0.0,0.0,973.5,0.0
1,161200,VOLCANIC_ROCK_VOUCHER_9500,974.0,39.0,0.0,0.0,0.0,0.0,975,22,0.0,0.0,0.0,0.0,974.5,0.0
1,161300,VOLCANIC_ROCK_VOUCHER_9500,972.0,20.0,0.0,0.0,0.0,0.0,974,20,0.0,0.0,0.0,0.0,973.0,0.0
1,161400,VOLCANIC_ROCK_VOUCHER_9500,975.0,16.0,0.0,0.0,0.0,0.0,976,16,0.0,0.0,0.0,0.0,975.5,0.0
1,161500,VOLCANIC_ROCK_VOUCHER_9500,975.0,17.0,0.0,0.0,0.0,0.0,976,17,0.0,0.0,0.0,0.0,975.5,0.0
1,161600,VOLCANIC_ROCK_VOUCHER_9500,978.0,12.0,0.0,0.0,0.0,0.0,979,12,0.0,0.0,0.0,0.0,978.5,0.0
1,161700,VOLCANIC_ROCK_VOUCHER_9500,977.0,11.0,0.0,0.0,0.0,0.0,978,11,0.0,0.0,0.0,0.0,977.5,0.0
1,161800,VOLCANIC_ROCK_VOUCHER_9500,978.0,20.0,0.0,0.0,0.0,0.0,979,20,0.0,0.0,0.0,0.0,978.5,0.0
1,161900,VOLCANIC_ROCK_VOUCHER_9500,978.0,16.0,0.0,0.0,0.0,0.0,979,16,0.0,0.0,0.0,0.0,978.5,0.0
1,162000,VOLCANIC_ROCK_VOUCHER_9500,978.0,21.0,0.0,0.0,0.0,0.0,979,21,0.0,0.0,0.0,0.0,978.5,0.0
1,162100,VOLCANIC_ROCK_VOUCHER_9500,986.0,20.0,0.0,0.0,0.0,0.0,987,20,0.0,0.0,0.0,0.0,986.5,0.0
1,162200,VOLCANIC_ROCK_VOUCHER_9500,987.0,18.0,0.0,0.0,0.0,0.0,988,18,0.0,0.0,0.0,0.0,987.5,0.0
1,162300,VOLCANIC_ROCK_VOUCHER_9500,986.0,2.0,0.0,0.0,0.0,0.0,987,14,0.0,0.0,0.0,0.0,986.5,0.0
1,162400,VOLCANIC_ROCK_VOUCHER_9500,0.0,0.0,0.0,0.0,0.0,0.0,988,4,989.0,13.0,0.0,0.0,988.0,0.0
1,162500,VOLCANIC_ROCK_VOUCHER_9500,989.0,17.0,0.0,0.0,0.0,0.0,990,17,0.0,0.0,0.0,0.0,989.5,0.0
1,162600,VOLCANIC_ROCK_VOUCHER_9500,988.0,14.0,0.0,0.0,0.0,0.0,989,14,0.0,0.0,0.0,0.0,988.5,0.0
1,162700,VOLCANIC_ROCK_VOUCHER_9500,985.0,10.0,0.0,0.0,0.0,0.0,987,10,0.0,0.0,0.0,0.0,986.0,0.0
1,162800,VOLCANIC_ROCK_VOUCHER_9500,985.0,19.0,0.0,0.0,0.0,0.0,986,19,0.0,0.0,0.0,0.0,985.5,0.0
1,162900,VOLCANIC_ROCK_VOUCHER_9500,985.0,14.0,0.0,0.0,0.0,0.0,986,14,0.0,0.0,0.0,0.0,985.5,0.0
1,163000,VOLCANIC_ROCK_VOUCHER_9500,986.0,32.0,0.0,0.0,0.0,0.0,987,16,0.0,0.0,0.0,0.0,986.5,0.0
1,163100,VOLCANIC_ROCK_VOUCHER_9500,986.0,20.0,0.0,0.0,0.0,0.0,988,20,0.0,0.0,0.0,0.0,987.0,0.0
1,163200,VOLCANIC_ROCK_VOUCHER_9500,983.0,17.0,0.0,0.0,0.0,0.0,984,17,0.0,0.0,0.0,0.0,983.5,0.0
1,163300,VOLCANIC_ROCK_VOUCHER_9500,985.0,13.0,0.0,0.0,0.0,0.0,987,13,0.0,0.0,0.0,0.0,986.0,0.0
1,163400,VOLCANIC_ROCK_VOUCHER_9500,987.0,18.0,0.0,0.0,0.0,0.0,988,18,0.0,0.0,0.0,0.0,987.5,0.0
1,163500,VOLCANIC_ROCK_VOUCHER_9500,984.0,31.0,0.0,0.0,0.0,0.0,985,13,0.0,0.0,0.0,0.0,984.5,0.0
1,163600,VOLCANIC_ROCK_VOUCHER_9500,983.0,12.0,0.0,0.0,0.0,0.0,985,12,0.0,0.0,0.0,0.0,984.0,0.0
1,163700,VOLCANIC_ROCK_VOUCHER_9500,982.0,15.0,0.0,0.0,0.0,0.0,983,15,0.0,0.0,0.0,0.0,982.5,0.0
1,163800,VOLCANIC_ROCK_VOUCHER_9500,982.0,16.0,0.0,0.0,0.0,0.0,983,16,0.0,0.0,0.0,0.0,982.5,0.0
1,163900,VOLCANIC_ROCK_VOUCHER_9500,982.0,21.0,0.0,0.0,0.0,0.0,983,21,0.0,0.0,0.0,0.0,982.5,0.0
1,164000,VOLCANIC_ROCK_VOUCHER_9500,980.0,17.0,0.0,0.0,0.0,0.0,981,17,0.0,0.0,0.0,0.0,980.5,0.0
1,164100,VOLCANIC_ROCK_VOUCHER_9500,980.0,13.0,0.0,0.0,0.0,0.0,981,13,0.0,0.0,0.0,0.0,980.5,0.0
1,164200,VOLCANIC_ROCK_VOUCHER_9500,981.0,17.0,0.0,0.0,0.0,0.0,982,17,0.0,0.0,0.0,0.0,981.5,0.0
1,164300,VOLCANIC_ROCK_VOUCHER_9500,981.0,16.0,0.0,0.0,0.0,0.0,982,16,0.0,0.0,0.0,0.0,981.5,0.0
1,164400,VOLCANIC_ROCK_VOUCHER_9500,978.0,15.0,0.0,0.0,0.0,0.0,980,15,0.0,0.0,0.0,0.0,979.0,0.0
1,164500,VOLCANIC_ROCK_VOUCHER_9500,980.0,18.0,0.0,0.0,0.0,0.0,982,18,0.0,0.0,0.0,0.0,981.0,0.0
1,164600,VOLCANIC_ROCK_VOUCHER_9500,982.0,1.0,981.0,16.0,0.0,0.0,983,17,0.0,0.0,0.0,0.0,982.5,0.0
1,164700,VOLCANIC_ROCK_VOUCHER_9500,982.0,15.0,0.0,0.0,0.0,0.0,983,15,0.0,0.0,0.0,0.0,982.5,0.0
1,164800,VOLCANIC_ROCK_VOUCHER_9500,984.0,17.0,0.0,0.0,0.0,0.0,985,17,0.0,0.0,0.0,0.0,984.5,0.0
1,164900,VOLCANIC_ROCK_VOUCHER_9500,983.0,19.0,0.0,0.0,0.0,0.0,984,19,0.0,0.0,0.0,0.0,983.5,0.0
1,165000,VOLCANIC_ROCK_VOUCHER_9500,982.0,11.0,0.0,0.0,0.0,0.0,984,11,0.0,0.0,0.0,0.0,983.0,0.0
1,165100,VOLCANIC_ROCK_VOUCHER_9500,981.0,15.0,0.0,0.0,0.0,0.0,982,15,0.0,0.0,0.0,0.0,981.5,0.0
1,165200,VOLCANIC_ROCK_VOUCHER_9500,981.0,16.0,0.0,0.0,0.0,0.0,982,16,0.0,0.0,0.0,0.0,981.5,0.0
1,165300,VOLCANIC_ROCK_VOUCHER_9500,980.0,19.0,0.0,0.0,0.0,0.0,981,19,0.0,0.0,0.0,0.0,980.5,0.0
1,165400,VOLCANIC_ROCK_VOUCHER_9500,978.0,13.0,0.0,0.0,0.0,0.0,980,13,0.0,0.0,0.0,0.0,979.0,0.0
1,165500,VOLCANIC_ROCK_VOUCHER_9500,0.0,0.0,0.0,0.0,0.0,0.0,984,4,985.0,15.0,0.0,0.0,984.0,0.0
1,165600,VOLCANIC_ROCK_VOUCHER_9500,975.0,13.0,0.0,0.0,0.0,0.0,976,13,0.0,0.0,0.0,0.0,975.5,0.0
1,165700,VOLCANIC_ROCK_VOUCHER_9500,975.0,13.0,0.0,0.0,0.0,0.0,976,13,0.0,0.0,0.0,0.0,975.5,0.0
1,165800,VOLCANIC_ROCK_VOUCHER_9500,0.0,0.0,0.0,0.0,0.0,0.0,975,9,976.0,10.0,0.0,0.0,975.0,0.0
1,165900,VOLCANIC_ROCK_VOUCHER_9500,974.0,10.0,0.0,0.0,0.0,0.0,975,10,0.0,0.0,0.0,0.0,974.5,0.0
1,166000,VOLCANIC_ROCK_VOUCHER_9500,972.0,13.0,0.0,0.0,0.0,0.0,973,13,0.0,0.0,0.0,0.0,972.5,0.0
1,166100,VOLCANIC_ROCK_VOUCHER_9500,974.0,17.0,0.0,0.0,0.0,0.0,976,17,0.0,0.0,0.0,0.0,975.0,0.0
1,166200,VOLCANIC_ROCK_VOUCHER_9500,972.0,17.0,0.0,0.0,0.0,0.0,973,17,0.0,0.0,0.0,0.0,972.5,0.0
1,166300,VOLCANIC_ROCK_VOUCHER_9500,971.0,16.0,0.0,0.0,0.0,0.0,972,16,0.0,0.0,0.0,0.0,971.5,0.0
1,166400,VOLCANIC_ROCK_VOUCHER_9500,973.0,14.0,0.0,0.0,0.0,0.0,974,14,0.0,0.0,0.0,0.0,973.5,0.0
1,166500,VOLCANIC_ROCK_VOUCHER_9500,974.0,6.0,0.0,0.0,0.0,0.0,976,18,0.0,0.0,0.0,0.0,975.0,0.0
1,166600,VOLCANIC_ROCK_VOUCHER_9500,969.0,21.0,0.0,0.0,0.0,0.0,970,21,0.0,0.0,0.0,0.0,969.5,0.0
1,166700,VOLCANIC_ROCK_VOUCHER_9500,969.0,17.0,0.0,0.0,0.0,0.0,971,17,0.0,0.0,0.0,0.0,970.0,0.0
1,166800,VOLCANIC_ROCK_VOUCHER_9500,969.0,1.0,0.0,0.0,0.0,0.0,970,13,0.0,0.0,0.0,0.0,969.5,0.0
1,166900,VOLCANIC_ROCK_VOUCHER_9500,969.0,33.0,0.0,0.0,0.0,0.0,970,19,0.0,0.0,0.0,0.0,969.5,0.0
1,167000,VOLCANIC_ROCK_VOUCHER_9500,970.0,13.0,0.0,0.0,0.0,0.0,971,13,0.0,0.0,0.0,0.0,970.5,0.0
1,167100,VOLCANIC_ROCK_VOUCHER_9500,968.0,17.0,0.0,0.0,0.0,0.0,969,17,0.0,0.0,0.0,0.0,968.5,0.0
1,167200,VOLCANIC_ROCK_VOUCHER_9500,971.0,12.0,0.0,0.0,0.0,0.0,972,12,0.0,0.0,0.0,0.0,971.5,0.0
1,167300,VOLCANIC_ROCK_VOUCHER_9500,972.0,20.0,0.0,0.0,0.0,0.0,973,20,0.0,0.0,0.0,0.0,972.5,0.0
1,167400,VOLCANIC_ROCK_VOUCHER_9500,974.0,12.0,0.0,0.0,0.0,0.0,975,12,0.0,0.0,0.0,0.0,974.5,0.0
1,167500,VOLCANIC_ROCK_VOUCHER_9500,974.0,2.0,0.0,0.0,0.0,0.0,975,15,0.0,0.0,0.0,0.0,974.5,0.0
1,167600,VOLCANIC_ROCK_VOUCHER_9500,974.0,20.0,0.0,0.0,0.0,0.0,976,20,0.0,0.0,0.0,0.0,975.0,0.0
1,167700,VOLCANIC_ROCK_VOUCHER_9500,975.0,10.0,0.0,0.0,0.0,0.0,977,10,0.0,0.0,0.0,0.0,976.0,0.0
1,167800,VOLCANIC_ROCK_VOUCHER_9500,976.0,21.0,0.0,0.0,0.0,0.0,977,21,0.0,0.0,0.0,0.0,976.5,0.0
1,167900,VOLCANIC_ROCK_VOUCHER_9500,975.0,14.0,0.0,0.0,0.0,0.0,976,14,0.0,0.0,0.0,0.0,975.5,0.0
1,168000,VOLCANIC_ROCK_VOUCHER_9500,974.0,21.0,0.0,0.0,0.0,0.0,975,21,0.0,0.0,0.0,0.0,974.5,0.0
1,168100,VOLCANIC_ROCK_VOUCHER_9500,973.0,16.0,0.0,0.0,0.0,0.0,974,16,0.0,0.0,0.0,0.0,973.5,0.0
1,168200,VOLCANIC_ROCK_VOUCHER_9500,974.0,14.0,0.0,0.0,0.0,0.0,975,14,0.0,0.0,0.0,0.0,974.5,0.0
1,168300,VOLCANIC_ROCK_VOUCHER_9500,976.0,22.0,0.0,0.0,0.0,0.0,977,22,0.0,0.0,0.0,0.0,976.5,0.0
1,168400,VOLCANIC_ROCK_VOUCHER_9500,977.0,16.0,0.0,0.0,0.0,0.0,978,16,0.0,0.0,0.0,0.0,977.5,0.0
1,168500,VOLCANIC_ROCK_VOUCHER_9500,976.0,22.0,0.0,0.0,0.0,0.0,977,22,0.0,0.0,0.0,0.0,976.5,0.0
1,168600,VOLCANIC_ROCK_VOUCHER_9500,975.0,16.0,0.0,0.0,0.0,0.0,976,16,0.0,0.0,0.0,0.0,975.5,0.0
1,168700,VOLCANIC_ROCK_VOUCHER_9500,973.0,21.0,0.0,0.0,0.0,0.0,974,21,0.0,0.0,0.0,0.0,973.5,0.0
1,168800,VOLCANIC_ROCK_VOUCHER_9500,973.0,15.0,0.0,0.0,0.0,0.0,974,15,0.0,0.0,0.0,0.0,973.5,0.0
1,168900,VOLCANIC_ROCK_VOUCHER_9500,973.0,20.0,0.0,0.0,0.0,0.0,974,20,0.0,0.0,0.0,0.0,973.5,0.0
1,169000,VOLCANIC_ROCK_VOUCHER_9500,975.0,13.0,0.0,0.0,0.0,0.0,976,13,0.0,0.0,0.0,0.0,975.5,0.0
1,169100,VOLCANIC_ROCK_VOUCHER_9500,972.0,11.0,0.0,0.0,0.0,0.0,973,11,0.0,0.0,0.0,0.0,972.5,0.0
1,169200,VOLCANIC_ROCK_VOUCHER_9500,972.0,12.0,0.0,0.0,0.0,0.0,973,12,0.0,0.0,0.0,0.0,972.5,0.0
1,169300,VOLCANIC_ROCK_VOUCHER_9500,971.0,17.0,0.0,0.0,0.0,0.0,972,17,0.0,0.0,0.0,0.0,971.5,0.0
1,169400,VOLCANIC_ROCK_VOUCHER_9500,973.0,18.0,0.0,0.0,0.0,0.0,975,18,0.0,0.0,0.0,0.0,974.0,0.0
1,169500,VOLCANIC_ROCK_VOUCHER_9500,972.0,20.0,0.0,0.0,0.0,0.0,974,20,0.0,0.0,0.0,0.0,973.0,0.0
1,169600,VOLCANIC_ROCK_VOUCHER_9500,970.0,18.0,0.0,0.0,0.0,0.0,971,18,0.0,0.0,0.0,0.0,970.5,0.0
1,169700,VOLCANIC_ROCK_VOUCHER_9500,969.0,17.0,0.0,0.0,0.0,0.0,970,17,0.0,0.0,0.0,0.0,969.5,0.0
1,169800,VOLCANIC_ROCK_VOUCHER_9500,970.0,10.0,0.0,0.0,0.0,0.0,971,10,0.0,0.0,0.0,0.0,970.5,0.0
1,169900,VOLCANIC_ROCK_VOUCHER_9500,970.0,20.0,0.0,0.0,0.0,0.0,972,20,0.0,0.0,0.0,0.0,971.0,0.0
1,170000,VOLCANIC_ROCK_VOUCHER_9500,969.0,16.0,0.0,0.0,0.0,0.0,970,16,0.0,0.0,0.0,0.0,969.5,0.0
1,170100,VOLCANIC_ROCK_VOUCHER_9500,972.0,12.0,0.0,0.0,0.0,0.0,973,12,0.0,0.0,0.0,0.0,972.5,0.0
1,170200,VOLCANIC_ROCK_VOUCHER_9500,972.0,22.0,0.0,0.0,0.0,0.0,974,22,0.0,0.0,0.0,0.0,973.0,0.0
1,170300,VOLCANIC_ROCK_VOUCHER_9500,973.0,14.0,0.0,0.0,0.0,0.0,974,14,0.0,0.0,0.0,0.0,973.5,0.0
1,170400,VOLCANIC_ROCK_VOUCHER_9500,976.0,21.0,0.0,0.0,0.0,0.0,977,11,0.0,0.0,0.0,0.0,976.5,0.0
1,170500,VOLCANIC_ROCK_VOUCHER_9500,976.0,15.0,0.0,0.0,0.0,0.0,977,15,0.0,0.0,0.0,0.0,976.5,0.0
1,170600,VOLCANIC_ROCK_VOUCHER_9500,984.0,18.0,0.0,0.0,0.0,0.0,985,18,0.0,0.0,0.0,0.0,984.5,0.0
1,170700,VOLCANIC_ROCK_VOUCHER_9500,984.0,15.0,0.0,0.0,0.0,0.0,985,15,0.0,0.0,0.0,0.0,984.5,0.0
1,170800,VOLCANIC_ROCK_VOUCHER_9500,982.0,25.0,0.0,0.0,0.0,0.0,983,20,0.0,0.0,0.0,0.0,982.5,0.0
1,170900,VOLCANIC_ROCK_VOUCHER_9500,983.0,9.0,0.0,0.0,0.0,0.0,984,19,0.0,0.0,0.0,0.0,983.5,0.0
1,171000,VOLCANIC_ROCK_VOUCHER_9500,982.0,2.0,0.0,0.0,0.0,0.0,983,14,0.0,0.0,0.0,0.0,982.5,0.0
1,171100,VOLCANIC_ROCK_VOUCHER_9500,980.0,19.0,0.0,0.0,0.0,0.0,981,19,0.0,0.0,0.0,0.0,980.5,0.0
1,171200,VOLCANIC_ROCK_VOUCHER_9500,981.0,14.0,0.0,0.0,0.0,0.0,982,14,0.0,0.0,0.0,0.0,981.5,0.0
1,171300,VOLCANIC_ROCK_VOUCHER_9500,980.0,14.0,0.0,0.0,0.0,0.0,981,14,0.0,0.0,0.0,0.0,980.5,0.0
1,171400,VOLCANIC_ROCK_VOUCHER_9500,980.0,19.0,0.0,0.0,0.0,0.0,981,19,0.0,0.0,0.0,0.0,980.5,0.0
1,171500,VOLCANIC_ROCK_VOUCHER_9500,980.0,4.0,0.0,0.0,0.0,0.0,981,19,0.0,0.0,0.0,0.0,980.5,0.0
1,171600,VOLCANIC_ROCK_VOUCHER_9500,978.0,18.0,0.0,0.0,0.0,0.0,979,18,0.0,0.0,0.0,0.0,978.5,0.0
1,171700,VOLCANIC_ROCK_VOUCHER_9500,980.0,20.0,0.0,0.0,0.0,0.0,982,20,0.0,0.0,0.0,0.0,981.0,0.0
1,171800,VOLCANIC_ROCK_VOUCHER_9500,980.0,17.0,0.0,0.0,0.0,0.0,981,17,0.0,0.0,0.0,0.0,980.5,0.0
1,171900,VOLCANIC_ROCK_VOUCHER_9500,979.0,14.0,0.0,0.0,0.0,0.0,981,14,0.0,0.0,0.0,0.0,980.0,0.0
1,172000,VOLCANIC_ROCK_VOUCHER_9500,983.0,16.0,0.0,0.0,0.0,0.0,984,16,0.0,0.0,0.0,0.0,983.5,0.0
1,172100,VOLCANIC_ROCK_VOUCHER_9500,984.0,14.0,0.0,0.0,0.0,0.0,985,14,0.0,0.0,0.0,0.0,984.5,0.0
1,172200,VOLCANIC_ROCK_VOUCHER_9500,982.0,13.0,0.0,0.0,0.0,0.0,983,13,0.0,0.0,0.0,0.0,982.5,0.0
1,172300,VOLCANIC_ROCK_VOUCHER_9500,981.0,15.0,0.0,0.0,0.0,0.0,982,15,0.0,0.0,0.0,0.0,981.5,0.0
1,172400,VOLCANIC_ROCK_VOUCHER_9500,980.0,21.0,0.0,0.0,0.0,0.0,981,21,0.0,0.0,0.0,0.0,980.5,0.0
1,172500,VOLCANIC_ROCK_VOUCHER_9500,979.0,18.0,0.0,0.0,0.0,0.0,980,18,0.0,0.0,0.0,0.0,979.5,0.0
1,172600,VOLCANIC_ROCK_VOUCHER_9500,976.0,19.0,0.0,0.0,0.0,0.0,978,19,0.0,0.0,0.0,0.0,977.0,0.0
1,172700,VOLCANIC_ROCK_VOUCHER_9500,975.0,1.0,0.0,0.0,0.0,0.0,976,20,0.0,0.0,0.0,0.0,975.5,0.0
1,172800,VOLCANIC_ROCK_VOUCHER_9500,975.0,20.0,0.0,0.0,0.0,0.0,976,20,0.0,0.0,0.0,0.0,975.5,0.0
1,172900,VOLCANIC_ROCK_VOUCHER_9500,977.0,13.0,0.0,0.0,0.0,0.0,978,13,0.0,0.0,0.0,0.0,977.5,0.0
1,173000,VOLCANIC_ROCK_VOUCHER_9500,977.0,13.0,0.0,0.0,0.0,0.0,979,13,0.0,0.0,0.0,0.0,978.0,0.0
1,173100,VOLCANIC_ROCK_VOUCHER_9500,978.0,15.0,0.0,0.0,0.0,0.0,979,15,0.0,0.0,0.0,0.0,978.5,0.0
1,173200,VOLCANIC_ROCK_VOUCHER_9500,986.0,18.0,0.0,0.0,0.0,0.0,987,18,0.0,0.0,0.0,0.0,986.5,0.0
1,173300,VOLCANIC_ROCK_VOUCHER_9500,985.0,16.0,0.0,0.0,0.0,0.0,986,12,987.0,16.0,0.0,0.0,985.5,0.0
1,173400,VOLCANIC_ROCK_VOUCHER_9500,984.0,13.0,0.0,0.0,0.0,0.0,985,13,0.0,0.0,0.0,0.0,984.5,0.0
1,173500,VOLCANIC_ROCK_VOUCHER_9500,983.0,21.0,0.0,0.0,0.0,0.0,984,21,0.0,0.0,0.0,0.0,983.5,0.0
1,173600,VOLCANIC_ROCK_VOUCHER_9500,984.0,14.0,0.0,0.0,0.0,0.0,985,14,0.0,0.0,0.0,0.0,984.5,0.0
1,173700,VOLCANIC_ROCK_VOUCHER_9500,982.0,19.0,0.0,0.0,0.0,0.0,984,19,0.0,0.0,0.0,0.0,983.0,0.0
1,173800,VOLCANIC_ROCK_VOUCHER_9500,981.0,17.0,0.0,0.0,0.0,0.0,982,17,0.0,0.0,0.0,0.0,981.5,0.0
1,173900,VOLCANIC_ROCK_VOUCHER_9500,980.0,17.0,0.0,0.0,0.0,0.0,982,17,0.0,0.0,0.0,0.0,981.0,0.0
1,174000,VOLCANIC_ROCK_VOUCHER_9500,980.0,15.0,0.0,0.0,0.0,0.0,981,15,0.0,0.0,0.0,0.0,980.5,0.0
1,174100,VOLCANIC_ROCK_VOUCHER_9500,975.0,10.0,0.0,0.0,0.0,0.0,976,10,0.0,0.0,0.0,0.0,975.5,0.0
1,174200,VOLCANIC_ROCK_VOUCHER_9500,972.0,14.0,0.0,0.0,0.0,0.0,973,14,0.0,0.0,0.0,0.0,972.5,0.0
1,174300,VOLCANIC_ROCK_VOUCHER_9500,970.0,14.0,0.0,0.0,0.0,0.0,972,14,0.0,0.0,0.0,0.0,971.0,0.0
1,174400,VOLCANIC_ROCK_VOUCHER_9500,971.0,19.0,0.0,0.0,0.0,0.0,972,19,0.0,0.0,0.0,0.0,971.5,0.0
1,174500,VOLCANIC_ROCK_VOUCHER_9500,970.0,12.0,0.0,0.0,0.0,0.0,971,12,0.0,0.0,0.0,0.0,970.5,0.0
1,174600,VOLCANIC_ROCK_VOUCHER_9500,969.0,20.0,0.0,0.0,0.0,0.0,971,20,0.0,0.0,0.0,0.0,970.0,0.0
1,174700,VOLCANIC_ROCK_VOUCHER_9500,972.0,34.0,0.0,0.0,0.0,0.0,973,18,0.0,0.0,0.0,0.0,972.5,0.0
1,174800,VOLCANIC_ROCK_VOUCHER_9500,970.0,17.0,0.0,0.0,0.0,0.0,972,17,0.0,0.0,0.0,0.0,971.0,0.0
1,174900,VOLCANIC_ROCK_VOUCHER_9500,0.0,0.0,0.0,0.0,0.0,0.0,974,1,975.0,11.0,0.0,0.0,974.0,0.0
1,175000,VOLCANIC_ROCK_VOUCHER_9500,974.0,6.0,0.0,0.0,0.0,0.0,975,21,0.0,0.0,0.0,0.0,974.5,0.0
1,175100,VOLCANIC_ROCK_VOUCHER_9500,973.0,13.0,0.0,0.0,0.0,0.0,974,13,0.0,0.0,0.0,0.0,973.5,0.0
1,175200,VOLCANIC_ROCK_VOUCHER_9500,975.0,14.0,0.0,0.0,0.0,0.0,976,14,0.0,0.0,0.0,0.0,975.5,0.0
1,175300,VOLCANIC_ROCK_VOUCHER_9500,977.0,21.0,0.0,0.0,0.0,0.0,978,21,0.0,0.0,0.0,0.0,977.5,0.0
1,175400,VOLCANIC_ROCK_VOUCHER_9500,980.0,16.0,0.0,0.0,0.0,0.0,981,16,0.0,0.0,0.0,0.0,980.5,0.0
1,175500,VOLCANIC_ROCK_VOUCHER_9500,978.0,18.0,0.0,0.0,0.0,0.0,979,18,0.0,0.0,0.0,0.0,978.5,0.0
1,175600,VOLCANIC_ROCK_VOUCHER_9500,978.0,10.0,0.0,0.0,0.0,0.0,979,10,0.0,0.0,0.0,0.0,978.5,0.0
1,175700,VOLCANIC_ROCK_VOUCHER_9500,978.0,11.0,0.0,0.0,0.0,0.0,979,11,0.0,0.0,0.0,0.0,978.5,0.0
1,175800,VOLCANIC_ROCK_VOUCHER_9500,979.0,16.0,0.0,0.0,0.0,0.0,980,16,0.0,0.0,0.0,0.0,979.5,0.0
1,175900,VOLCANIC_ROCK_VOUCHER_9500,978.0,14.0,0.0,0.0,0.0,0.0,979,14,0.0,0.0,0.0,0.0,978.5,0.0
1,176000,VOLCANIC_ROCK_VOUCHER_9500,980.0,14.0,0.0,0.0,0.0,0.0,981,14,0.0,0.0,0.0,0.0,980.5,0.0
1,176100,VOLCANIC_ROCK_VOUCHER_9500,981.0,20.0,0.0,0.0,0.0,0.0,982,20,0.0,0.0,0.0,0.0,981.5,0.0
1,176200,VOLCANIC_ROCK_VOUCHER_9500,983.0,14.0,0.0,0.0,0.0,0.0,984,14,0.0,0.0,0.0,0.0,983.5,0.0
1,176300,VOLCANIC_ROCK_VOUCHER_9500,983.0,12.0,0.0,0.0,0.0,0.0,984,12,0.0,0.0,0.0,0.0,983.5,0.0
1,176400,VOLCANIC_ROCK_VOUCHER_9500,982.0,12.0,0.0,0.0,0.0,0.0,983,12,0.0,0.0,0.0,0.0,982.5,0.0
1,176500,VOLCANIC_ROCK_VOUCHER_9500,983.0,18.0,0.0,0.0,0.0,0.0,984,18,0.0,0.0,0.0,0.0,983.5,0.0
1,176600,VOLCANIC_ROCK_VOUCHER_9500,979.0,11.0,0.0,0.0,0.0,0.0,981,11,0.0,0.0,0.0,0.0,980.0,0.0
1,176700,VOLCANIC_ROCK_VOUCHER_9500,981.0,20.0,0.0,0.0,0.0,0.0,982,20,0.0,0.0,0.0,0.0,981.5,0.0
1,176800,VOLCANIC_ROCK_VOUCHER_9500,981.0,22.0,0.0,0.0,0.0,0.0,982,22,0.0,0.0,0.0,0.0,981.5,0.0
1,176900,VOLCANIC_ROCK_VOUCHER_9500,980.0,19.0,0.0,0.0,0.0,0.0,981,19,0.0,0.0,0.0,0.0,980.5,0.0
1,177000,VOLCANIC_ROCK_VOUCHER_9500,981.0,21.0,0.0,0.0,0.0,0.0,982,21,0.0,0.0,0.0,0.0,981.5,0.0
1,177100,VOLCANIC_ROCK_VOUCHER_9500,981.0,11.0,0.0,0.0,0.0,0.0,982,11,0.0,0.0,0.0,0.0,981.5,0.0
1,177200,VOLCANIC_ROCK_VOUCHER_9500,984.0,19.0,0.0,0.0,0.0,0.0,985,19,0.0,0.0,0.0,0.0,984.5,0.0
1,177300,VOLCANIC_ROCK_VOUCHER_9500,982.0,16.0,0.0,0.0,0.0,0.0,984,16,0.0,0.0,0.0,0.0,983.0,0.0
1,177400,VOLCANIC_ROCK_VOUCHER_9500,982.0,12.0,0.0,0.0,0.0,0.0,983,12,0.0,0.0,0.0,0.0,982.5,0.0
1,177500,VOLCANIC_ROCK_VOUCHER_9500,981.0,20.0,0.0,0.0,0.0,0.0,983,20,0.0,0.0,0.0,0.0,982.0,0.0
1,177600,VOLCANIC_ROCK_VOUCHER_9500,982.0,18.0,0.0,0.0,0.0,0.0,983,18,0.0,0.0,0.0,0.0,982.5,0.0
1,177700,VOLCANIC_ROCK_VOUCHER_9500,984.0,15.0,0.0,0.0,0.0,0.0,985,15,0.0,0.0,0.0,0.0,984.5,0.0
1,177800,VOLCANIC_ROCK_VOUCHER_9500,988.0,20.0,0.0,0.0,0.0,0.0,989,20,0.0,0.0,0.0,0.0,988.5,0.0
1,177900,VOLCANIC_ROCK_VOUCHER_9500,988.0,17.0,0.0,0.0,0.0,0.0,989,17,0.0,0.0,0.0,0.0,988.5,0.0
1,178000,VOLCANIC_ROCK_VOUCHER_9500,989.0,17.0,0.0,0.0,0.0,0.0,990,17,0.0,0.0,0.0,0.0,989.5,0.0
1,178100,VOLCANIC_ROCK_VOUCHER_9500,990.0,18.0,0.0,0.0,0.0,0.0,991,18,0.0,0.0,0.0,0.0,990.5,0.0
1,178200,VOLCANIC_ROCK_VOUCHER_9500,989.0,15.0,0.0,0.0,0.0,0.0,990,15,0.0,0.0,0.0,0.0,989.5,0.0
1,178300,VOLCANIC_ROCK_VOUCHER_9500,990.0,12.0,0.0,0.0,0.0,0.0,991,12,0.0,0.0,0.0,0.0,990.5,0.0
1,178400,VOLCANIC_ROCK_VOUCHER_9500,989.0,20.0,0.0,0.0,0.0,0.0,990,20,0.0,0.0,0.0,0.0,989.5,0.0
1,178500,VOLCANIC_ROCK_VOUCHER_9500,985.0,10.0,0.0,0.0,0.0,0.0,986,10,0.0,0.0,0.0,0.0,985.5,0.0
1,178600,VOLCANIC_ROCK_VOUCHER_9500,985.0,14.0,0.0,0.0,0.0,0.0,986,14,0.0,0.0,0.0,0.0,985.5,0.0
1,178700,VOLCANIC_ROCK_VOUCHER_9500,982.0,16.0,0.0,0.0,0.0,0.0,983,16,0.0,0.0,0.0,0.0,982.5,0.0
1,178800,VOLCANIC_ROCK_VOUCHER_9500,983.0,20.0,0.0,0.0,0.0,0.0,984,20,0.0,0.0,0.0,0.0,983.5,0.0
1,178900,VOLCANIC_ROCK_VOUCHER_9500,982.0,12.0,0.0,0.0,0.0,0.0,983,12,0.0,0.0,0.0,0.0,982.5,0.0
1,179000,VOLCANIC_ROCK_VOUCHER_9500,979.0,19.0,0.0,0.0,0.0,0.0,980,19,0.0,0.0,0.0,0.0,979.5,0.0
1,179100,VOLCANIC_ROCK_VOUCHER_9500,0.0,0.0,0.0,0.0,0.0,0.0,979,5,980.0,15.0,0.0,0.0,979.0,0.0
1,179200,VOLCANIC_ROCK_VOUCHER_9500,975.0,16.0,0.0,0.0,0.0,0.0,977,16,0.0,0.0,0.0,0.0,976.0,0.0
1,179300,VOLCANIC_ROCK_VOUCHER_9500,974.0,11.0,0.0,0.0,0.0,0.0,975,11,0.0,0.0,0.0,0.0,974.5,0.0
1,179400,VOLCANIC_ROCK_VOUCHER_9500,975.0,12.0,0.0,0.0,0.0,0.0,976,12,0.0,0.0,0.0,0.0,975.5,0.0
1,179500,VOLCANIC_ROCK_VOUCHER_9500,975.0,14.0,0.0,0.0,0.0,0.0,977,14,0.0,0.0,0.0,0.0,976.0,0.0
1,179600,VOLCANIC_ROCK_VOUCHER_9500,975.0,18.0,0.0,0.0,0.0,0.0,977,18,0.0,0.0,0.0,0.0,976.0,0.0
1,179700,VOLCANIC_ROCK_VOUCHER_9500,977.0,12.0,0.0,0.0,0.0,0.0,978,12,0.0,0.0,0.0,0.0,977.5,0.0
1,179800,VOLCANIC_ROCK_VOUCHER_9500,976.0,13.0,0.0,0.0,0.0,0.0,977,13,0.0,0.0,0.0,0.0,976.5,0.0
1,179900,VOLCANIC_ROCK_VOUCHER_9500,976.0,18.0,0.0,0.0,0.0,0.0,977,18,0.0,0.0,0.0,0.0,976.5,0.0
1,180000,VOLCANIC_ROCK_VOUCHER_9500,977.0,15.0,0.0,0.0,0.0,0.0,978,15,0.0,0.0,0.0,0.0,977.5,0.0
1,180100,VOLCANIC_ROCK_VOUCHER_9500,976.0,12.0,0.0,0.0,0.0,0.0,977,12,0.0,0.0,0.0,0.0,976.5,0.0
1,180200,VOLCANIC_ROCK_VOUCHER_9500,976.0,10.0,0.0,0.0,0.0,0.0,977,10,0.0,0.0,0.0,0.0,976.5,0.0
1,180300,VOLCANIC_ROCK_VOUCHER_9500,977.0,10.0,0.0,0.0,0.0,0.0,979,10,0.0,0.0,0.0,0.0,978.0,0.0
1,180400,VOLCANIC_ROCK_VOUCHER_9500,978.0,2.0,977.0,17.0,0.0,0.0,979,19,0.0,0.0,0.0,0.0,978.5,0.0
1,180500,VOLCANIC_ROCK_VOUCHER_9500,976.0,16.0,0.0,0.0,0.0,0.0,977,16,0.0,0.0,0.0,0.0,976.5,0.0
1,180600,VOLCANIC_ROCK_VOUCHER_9500,975.0,17.0,0.0,0.0,0.0,0.0,976,17,0.0,0.0,0.0,0.0,975.5,0.0
1,180700,VOLCANIC_ROCK_VOUCHER_9500,975.0,14.0,0.0,0.0,0.0,0.0,977,14,0.0,0.0,0.0,0.0,976.0,0.0
1,180800,VOLCANIC_ROCK_VOUCHER_9500,976.0,13.0,0.0,0.0,0.0,0.0,977,13,0.0,0.0,0.0,0.0,976.5,0.0
1,180900,VOLCANIC_ROCK_VOUCHER_9500,972.0,12.0,0.0,0.0,0.0,0.0,973,12,0.0,0.0,0.0,0.0,972.5,0.0
1,181000,VOLCANIC_ROCK_VOUCHER_9500,970.0,11.0,0.0,0.0,0.0,0.0,971,11,0.0,0.0,0.0,0.0,970.5,0.0
1,181100,VOLCANIC_ROCK_VOUCHER_9500,968.0,13.0,0.0,0.0,0.0,0.0,969,13,0.0,0.0,0.0,0.0,968.5,0.0
1,181200,VOLCANIC_ROCK_VOUCHER_9500,971.0,17.0,0.0,0.0,0.0,0.0,972,17,0.0,0.0,0.0,0.0,971.5,0.0
1,181300,VOLCANIC_ROCK_VOUCHER_9500,970.0,18.0,0.0,0.0,0.0,0.0,972,18,0.0,0.0,0.0,0.0,971.0,0.0
1,181400,VOLCANIC_ROCK_VOUCHER_9500,971.0,2.0,0.0,0.0,0.0,0.0,972,17,0.0,0.0,0.0,0.0,971.5,0.0
1,181500,VOLCANIC_ROCK_VOUCHER_9500,971.0,28.0,0.0,0.0,0.0,0.0,972,17,0.0,0.0,0.0,0.0,971.5,0.0
1,181600,VOLCANIC_ROCK_VOUCHER_9500,0.0,0.0,0.0,0.0,0.0,0.0,969,4,970.0,10.0,0.0,0.0,969.0,0.0
1,181700,VOLCANIC_ROCK_VOUCHER_9500,970.0,13.0,0.0,0.0,0.0,0.0,972,13,0.0,0.0,0.0,0.0,971.0,0.0
1,181800,VOLCANIC_ROCK_VOUCHER_9500,971.0,16.0,0.0,0.0,0.0,0.0,972,16,0.0,0.0,0.0,0.0,971.5,0.0
1,181900,VOLCANIC_ROCK_VOUCHER_9500,970.0,32.0,0.0,0.0,0.0,0.0,971,12,0.0,0.0,0.0,0.0,970.5,0.0
1,182000,VOLCANIC_ROCK_VOUCHER_9500,969.0,18.0,0.0,0.0,0.0,0.0,971,18,0.0,0.0,0.0,0.0,970.0,0.0
1,182100,VOLCANIC_ROCK_VOUCHER_9500,967.0,1.0,0.0,0.0,0.0,0.0,968,13,0.0,0.0,0.0,0.0,967.5,0.0
1,182200,VOLCANIC_ROCK_VOUCHER_9500,969.0,28.0,0.0,0.0,0.0,0.0,970,12,0.0,0.0,0.0,0.0,969.5,0.0
1,182300,VOLCANIC_ROCK_VOUCHER_9500,971.0,17.0,0.0,0.0,0.0,0.0,972,17,0.0,0.0,0.0,0.0,971.5,0.0
1,182400,VOLCANIC_ROCK_VOUCHER_9500,969.0,12.0,0.0,0.0,0.0,0.0,971,12,0.0,0.0,0.0,0.0,970.0,0.0
1,182500,VOLCANIC_ROCK_VOUCHER_9500,968.0,17.0,0.0,0.0,0.0,0.0,970,17,0.0,0.0,0.0,0.0,969.0,0.0
1,182600,VOLCANIC_ROCK_VOUCHER_9500,968.0,12.0,0.0,0.0,0.0,0.0,969,16,970.0,12.0,0.0,0.0,968.5,0.0
1,182700,VOLCANIC_ROCK_VOUCHER_9500,969.0,16.0,0.0,0.0,0.0,0.0,971,16,0.0,0.0,0.0,0.0,970.0,0.0
1,182800,VOLCANIC_ROCK_VOUCHER_9500,969.0,20.0,0.0,0.0,0.0,0.0,970,20,0.0,0.0,0.0,0.0,969.5,0.0
1,182900,VOLCANIC_ROCK_VOUCHER_9500,970.0,18.0,0.0,0.0,0.0,0.0,971,18,0.0,0.0,0.0,0.0,970.5,0.0
1,183000,VOLCANIC_ROCK_VOUCHER_9500,973.0,21.0,0.0,0.0,0.0,0.0,974,21,0.0,0.0,0.0,0.0,973.5,0.0
1,183100,VOLCANIC_ROCK_VOUCHER_9500,972.0,12.0,0.0,0.0,0.0,0.0,973,12,0.0,0.0,0.0,0.0,972.5,0.0
1,183200,VOLCANIC_ROCK_VOUCHER_9500,973.0,16.0,0.0,0.0,0.0,0.0,974,16,0.0,0.0,0.0,0.0,973.5,0.0
1,183300,VOLCANIC_ROCK_VOUCHER_9500,973.0,12.0,0.0,0.0,0.0,0.0,974,12,0.0,0.0,0.0,0.0,973.5,0.0
1,183400,VOLCANIC_ROCK_VOUCHER_9500,976.0,19.0,0.0,0.0,0.0,0.0,977,19,0.0,0.0,0.0,0.0,976.5,0.0
1,183500,VOLCANIC_ROCK_VOUCHER_9500,975.0,30.0,0.0,0.0,0.0,0.0,976,10,0.0,0.0,0.0,0.0,975.5,0.0
1,183600,VOLCANIC_ROCK_VOUCHER_9500,975.0,21.0,0.0,0.0,0.0,0.0,976,21,0.0,0.0,0.0,0.0,975.5,0.0
1,183700,VOLCANIC_ROCK_VOUCHER_9500,977.0,17.0,0.0,0.0,0.0,0.0,978,17,0.0,0.0,0.0,0.0,977.5,0.0
1,183800,VOLCANIC_ROCK_VOUCHER_9500,981.0,11.0,0.0,0.0,0.0,0.0,982,11,0.0,0.0,0.0,0.0,981.5,0.0
1,183900,VOLCANIC_ROCK_VOUCHER_9500,981.0,11.0,0.0,0.0,0.0,0.0,982,11,0.0,0.0,0.0,0.0,981.5,0.0
1,184000,VOLCANIC_ROCK_VOUCHER_9500,979.0,19.0,0.0,0.0,0.0,0.0,980,19,0.0,0.0,0.0,0.0,979.5,0.0
1,184100,VOLCANIC_ROCK_VOUCHER_9500,977.0,18.0,0.0,0.0,0.0,0.0,978,18,0.0,0.0,0.0,0.0,977.5,0.0
1,184200,VOLCANIC_ROCK_VOUCHER_9500,977.0,19.0,0.0,0.0,0.0,0.0,979,19,0.0,0.0,0.0,0.0,978.0,0.0
1,184300,VOLCANIC_ROCK_VOUCHER_9500,977.0,13.0,0.0,0.0,0.0,0.0,978,13,0.0,0.0,0.0,0.0,977.5,0.0
1,184400,VOLCANIC_ROCK_VOUCHER_9500,978.0,17.0,0.0,0.0,0.0,0.0,979,17,0.0,0.0,0.0,0.0,978.5,0.0
1,184500,VOLCANIC_ROCK_VOUCHER_9500,980.0,26.0,0.0,0.0,0.0,0.0,981,14,0.0,0.0,0.0,0.0,980.5,0.0
1,184600,VOLCANIC_ROCK_VOUCHER_9500,978.0,12.0,0.0,0.0,0.0,0.0,979,12,0.0,0.0,0.0,0.0,978.5,0.0
1,184700,VOLCANIC_ROCK_VOUCHER_9500,977.0,10.0,0.0,0.0,0.0,0.0,978,10,0.0,0.0,0.0,0.0,977.5,0.0
1,184800,VOLCANIC_ROCK_VOUCHER_9500,977.0,14.0,0.0,0.0,0.0,0.0,978,14,0.0,0.0,0.0,0.0,977.5,0.0
1,184900,VOLCANIC_ROCK_VOUCHER_9500,977.0,19.0,0.0,0.0,0.0,0.0,978,19,0.0,0.0,0.0,0.0,977.5,0.0
1,185000,VOLCANIC_ROCK_VOUCHER_9500,979.0,18.0,0.0,0.0,0.0,0.0,980,18,0.0,0.0,0.0,0.0,979.5,0.0
1,185100,VOLCANIC_ROCK_VOUCHER_9500,0.0,0.0,0.0,0.0,0.0,0.0,980,6,981.0,13.0,0.0,0.0,980.0,0.0
1,185200,VOLCANIC_ROCK_VOUCHER_9500,0.0,0.0,0.0,0.0,0.0,0.0,987,10,0.0,0.0,0.0,0.0,987.0,0.0
1,185300,VOLCANIC_ROCK_VOUCHER_9500,986.0,18.0,0.0,0.0,0.0,0.0,987,18,0.0,0.0,0.0,0.0,986.5,0.0
1,185400,VOLCANIC_ROCK_VOUCHER_9500,985.0,14.0,0.0,0.0,0.0,0.0,986,14,0.0,0.0,0.0,0.0,985.5,0.0
1,185500,VOLCANIC_ROCK_VOUCHER_9500,986.0,11.0,0.0,0.0,0.0,0.0,987,11,0.0,0.0,0.0,0.0,986.5,0.0
1,185600,VOLCANIC_ROCK_VOUCHER_9500,984.0,4.0,0.0,0.0,0.0,0.0,985,18,0.0,0.0,0.0,0.0,984.5,0.0
1,185700,VOLCANIC_ROCK_VOUCHER_9500,984.0,16.0,0.0,0.0,0.0,0.0,985,16,0.0,0.0,0.0,0.0,984.5,0.0
1,185800,VOLCANIC_ROCK_VOUCHER_9500,982.0,13.0,0.0,0.0,0.0,0.0,983,13,0.0,0.0,0.0,0.0,982.5,0.0
1,185900,VOLCANIC_ROCK_VOUCHER_9500,982.0,18.0,0.0,0.0,0.0,0.0,983,18,0.0,0.0,0.0,0.0,982.5,0.0
1,186000,VOLCANIC_ROCK_VOUCHER_9500,980.0,17.0,0.0,0.0,0.0,0.0,981,17,0.0,0.0,0.0,0.0,980.5,0.0
1,186100,VOLCANIC_ROCK_VOUCHER_9500,981.0,19.0,0.0,0.0,0.0,0.0,982,19,0.0,0.0,0.0,0.0,981.5,0.0
1,186200,VOLCANIC_ROCK_VOUCHER_9500,980.0,20.0,0.0,0.0,0.0,0.0,981,20,0.0,0.0,0.0,0.0,980.5,0.0
1,186300,VOLCANIC_ROCK_VOUCHER_9500,982.0,10.0,0.0,0.0,0.0,0.0,983,10,0.0,0.0,0.0,0.0,982.5,0.0
1,186400,VOLCANIC_ROCK_VOUCHER_9500,983.0,19.0,0.0,0.0,0.0,0.0,984,19,0.0,0.0,0.0,0.0,983.5,0.0
1,186500,VOLCANIC_ROCK_VOUCHER_9500,984.0,19.0,0.0,0.0,0.0,0.0,986,19,0.0,0.0,0.0,0.0,985.0,0.0
1,186600,VOLCANIC_ROCK_VOUCHER_9500,980.0,16.0,0.0,0.0,0.0,0.0,982,16,0.0,0.0,0.0,0.0,981.0,0.0
1,186700,VOLCANIC_ROCK_VOUCHER_9500,980.0,14.0,0.0,0.0,0.0,0.0,981,14,0.0,0.0,0.0,0.0,980.5,0.0
1,186800,VOLCANIC_ROCK_VOUCHER_9500,980.0,15.0,0.0,0.0,0.0,0.0,981,15,0.0,0.0,0.0,0.0,980.5,0.0
1,186900,VOLCANIC_ROCK_VOUCHER_9500,978.0,14.0,0.0,0.0,0.0,0.0,979,14,0.0,0.0,0.0,0.0,978.5,0.0
1,187000,VOLCANIC_ROCK_VOUCHER_9500,978.0,12.0,0.0,0.0,0.0,0.0,979,12,0.0,0.0,0.0,0.0,978.5,0.0
1,187100,VOLCANIC_ROCK_VOUCHER_9500,975.0,22.0,0.0,0.0,0.0,0.0,977,22,0.0,0.0,0.0,0.0,976.0,0.0
1,187200,VOLCANIC_ROCK_VOUCHER_9500,976.0,12.0,0.0,0.0,0.0,0.0,977,12,0.0,0.0,0.0,0.0,976.5,0.0
1,187300,VOLCANIC_ROCK_VOUCHER_9500,976.0,22.0,0.0,0.0,0.0,0.0,977,22,0.0,0.0,0.0,0.0,976.5,0.0
1,187400,VOLCANIC_ROCK_VOUCHER_9500,974.0,22.0,0.0,0.0,0.0,0.0,975,2,976.0,20.0,0.0,0.0,974.5,0.0
1,187500,VOLCANIC_ROCK_VOUCHER_9500,968.0,11.0,0.0,0.0,0.0,0.0,970,11,0.0,0.0,0.0,0.0,969.0,0.0
1,187600,VOLCANIC_ROCK_VOUCHER_9500,968.0,22.0,0.0,0.0,0.0,0.0,969,22,0.0,0.0,0.0,0.0,968.5,0.0
1,187700,VOLCANIC_ROCK_VOUCHER_9500,969.0,19.0,0.0,0.0,0.0,0.0,970,19,0.0,0.0,0.0,0.0,969.5,0.0
1,187800,VOLCANIC_ROCK_VOUCHER_9500,968.0,14.0,0.0,0.0,0.0,0.0,969,14,0.0,0.0,0.0,0.0,968.5,0.0
1,187900,VOLCANIC_ROCK_VOUCHER_9500,971.0,22.0,0.0,0.0,0.0,0.0,972,22,0.0,0.0,0.0,0.0,971.5,0.0
1,188000,VOLCANIC_ROCK_VOUCHER_9500,970.0,15.0,0.0,0.0,0.0,0.0,971,15,0.0,0.0,0.0,0.0,970.5,0.0
1,188100,VOLCANIC_ROCK_VOUCHER_9500,967.0,14.0,0.0,0.0,0.0,0.0,968,14,0.0,0.0,0.0,0.0,967.5,0.0
1,188200,VOLCANIC_ROCK_VOUCHER_9500,969.0,18.0,0.0,0.0,0.0,0.0,971,18,0.0,0.0,0.0,0.0,970.0,0.0
1,188300,VOLCANIC_ROCK_VOUCHER_9500,971.0,20.0,0.0,0.0,0.0,0.0,972,20,0.0,0.0,0.0,0.0,971.5,0.0
1,188400,VOLCANIC_ROCK_VOUCHER_9500,972.0,0.0,0.0,0.0,0.0,0.0,973,12,0.0,0.0,0.0,0.0,972.5,0.0
1,188500,VOLCANIC_ROCK_VOUCHER_9500,970.0,11.0,0.0,0.0,0.0,0.0,971,11,0.0,0.0,0.0,0.0,970.5,0.0
1,188600,VOLCANIC_ROCK_VOUCHER_9500,969.0,13.0,0.0,0.0,0.0,0.0,970,13,0.0,0.0,0.0,0.0,969.5,0.0
1,188700,VOLCANIC_ROCK_VOUCHER_9500,973.0,16.0,0.0,0.0,0.0,0.0,974,16,0.0,0.0,0.0,0.0,973.5,0.0
1,188800,VOLCANIC_ROCK_VOUCHER_9500,974.0,14.0,0.0,0.0,0.0,0.0,975,14,0.0,0.0,0.0,0.0,974.5,0.0
1,188900,VOLCANIC_ROCK_VOUCHER_9500,975.0,18.0,0.0,0.0,0.0,0.0,976,18,0.0,0.0,0.0,0.0,975.5,0.0
1,189000,VOLCANIC_ROCK_VOUCHER_9500,979.0,10.0,0.0,0.0,0.0,0.0,980,10,0.0,0.0,0.0,0.0,979.5,0.0
1,189100,VOLCANIC_ROCK_VOUCHER_9500,979.0,10.0,0.0,0.0,0.0,0.0,980,10,0.0,0.0,0.0,0.0,979.5,0.0
1,189200,VOLCANIC_ROCK_VOUCHER_9500,980.0,17.0,0.0,0.0,0.0,0.0,981,17,0.0,0.0,0.0,0.0,980.5,0.0
1,189300,VOLCANIC_ROCK_VOUCHER_9500,980.0,17.0,0.0,0.0,0.0,0.0,981,17,0.0,0.0,0.0,0.0,980.5,0.0
1,189400,VOLCANIC_ROCK_VOUCHER_9500,978.0,21.0,0.0,0.0,0.0,0.0,980,21,0.0,0.0,0.0,0.0,979.0,0.0
1,189500,VOLCANIC_ROCK_VOUCHER_9500,975.0,2.0,0.0,0.0,0.0,0.0,977,15,0.0,0.0,0.0,0.0,976.0,0.0
1,189600,VOLCANIC_ROCK_VOUCHER_9500,973.0,13.0,0.0,0.0,0.0,0.0,974,13,0.0,0.0,0.0,0.0,973.5,0.0
1,189700,VOLCANIC_ROCK_VOUCHER_9500,972.0,11.0,0.0,0.0,0.0,0.0,973,11,0.0,0.0,0.0,0.0,972.5,0.0
1,189800,VOLCANIC_ROCK_VOUCHER_9500,974.0,12.0,0.0,0.0,0.0,0.0,976,12,0.0,0.0,0.0,0.0,975.0,0.0
1,189900,VOLCANIC_ROCK_VOUCHER_9500,975.0,20.0,0.0,0.0,0.0,0.0,976,20,0.0,0.0,0.0,0.0,975.5,0.0
1,190000,VOLCANIC_ROCK_VOUCHER_9500,974.0,13.0,0.0,0.0,0.0,0.0,975,13,0.0,0.0,0.0,0.0,974.5,0.0
1,190100,VOLCANIC_ROCK_VOUCHER_9500,974.0,17.0,0.0,0.0,0.0,0.0,975,17,0.0,0.0,0.0,0.0,974.5,0.0
1,190200,VOLCANIC_ROCK_VOUCHER_9500,975.0,14.0,974.0,15.0,0.0,0.0,976,15,0.0,0.0,0.0,0.0,975.5,0.0
1,190300,VOLCANIC_ROCK_VOUCHER_9500,978.0,15.0,0.0,0.0,0.0,0.0,979,15,0.0,0.0,0.0,0.0,978.5,0.0
1,190400,VOLCANIC_ROCK_VOUCHER_9500,977.0,14.0,0.0,0.0,0.0,0.0,978,14,0.0,0.0,0.0,0.0,977.5,0.0
1,190500,VOLCANIC_ROCK_VOUCHER_9500,975.0,19.0,0.0,0.0,0.0,0.0,976,19,0.0,0.0,0.0,0.0,975.5,0.0
1,190600,VOLCANIC_ROCK_VOUCHER_9500,976.0,12.0,0.0,0.0,0.0,0.0,977,12,0.0,0.0,0.0,0.0,976.5,0.0
1,190700,VOLCANIC_ROCK_VOUCHER_9500,973.0,18.0,0.0,0.0,0.0,0.0,974,1,975.0,17.0,0.0,0.0,973.5,0.0
1,190800,VOLCANIC_ROCK_VOUCHER_9500,975.0,17.0,0.0,0.0,0.0,0.0,976,17,0.0,0.0,0.0,0.0,975.5,0.0
1,190900,VOLCANIC_ROCK_VOUCHER_9500,975.0,16.0,0.0,0.0,0.0,0.0,977,16,0.0,0.0,0.0,0.0,976.0,0.0
1,191000,VOLCANIC_ROCK_VOUCHER_9500,974.0,14.0,0.0,0.0,0.0,0.0,975,1,976.0,13.0,0.0,0.0,974.5,0.0
1,191100,VOLCANIC_ROCK_VOUCHER_9500,975.0,14.0,0.0,0.0,0.0,0.0,976,14,0.0,0.0,0.0,0.0,975.5,0.0
1,191200,VOLCANIC_ROCK_VOUCHER_9500,975.0,19.0,0.0,0.0,0.0,0.0,976,19,0.0,0.0,0.0,0.0,975.5,0.0
1,191300,VOLCANIC_ROCK_VOUCHER_9500,972.0,21.0,0.0,0.0,0.0,0.0,974,21,0.0,0.0,0.0,0.0,973.0,0.0
1,191400,VOLCANIC_ROCK_VOUCHER_9500,972.0,15.0,0.0,0.0,0.0,0.0,973,15,0.0,0.0,0.0,0.0,972.5,0.0
1,191500,VOLCANIC_ROCK_VOUCHER_9500,974.0,20.0,0.0,0.0,0.0,0.0,975,20,0.0,0.0,0.0,0.0,974.5,0.0
1,191600,VOLCANIC_ROCK_VOUCHER_9500,972.0,19.0,0.0,0.0,0.0,0.0,973,19,0.0,0.0,0.0,0.0,972.5,0.0
1,191700,VOLCANIC_ROCK_VOUCHER_9500,972.0,19.0,0.0,0.0,0.0,0.0,973,19,0.0,0.0,0.0,0.0,972.5,0.0
1,191800,VOLCANIC_ROCK_VOUCHER_9500,974.0,15.0,0.0,0.0,0.0,0.0,975,15,0.0,0.0,0.0,0.0,974.5,0.0
1,191900,VOLCANIC_ROCK_VOUCHER_9500,973.0,17.0,0.0,0.0,0.0,0.0,974,17,0.0,0.0,0.0,0.0,973.5,0.0
1,192000,VOLCANIC_ROCK_VOUCHER_9500,974.0,21.0,0.0,0.0,0.0,0.0,976,21,0.0,0.0,0.0,0.0,975.0,0.0
1,192100,VOLCANIC_ROCK_VOUCHER_9500,974.0,12.0,0.0,0.0,0.0,0.0,975,12,0.0,0.0,0.0,0.0,974.5,0.0
1,192200,VOLCANIC_ROCK_VOUCHER_9500,973.0,14.0,0.0,0.0,0.0,0.0,974,14,0.0,0.0,0.0,0.0,973.5,0.0
1,192300,VOLCANIC_ROCK_VOUCHER_9500,975.0,14.0,0.0,0.0,0.0,0.0,976,14,0.0,0.0,0.0,0.0,975.5,0.0
1,192400,VOLCANIC_ROCK_VOUCHER_9500,973.0,14.0,0.0,0.0,0.0,0.0,974,14,0.0,0.0,0.0,0.0,973.5,0.0
1,192500,VOLCANIC_ROCK_VOUCHER_9500,975.0,20.0,0.0,0.0,0.0,0.0,976,20,0.0,0.0,0.0,0.0,975.5,0.0
1,192600,VOLCANIC_ROCK_VOUCHER_9500,972.0,11.0,0.0,0.0,0.0,0.0,974,11,0.0,0.0,0.0,0.0,973.0,0.0
1,192700,VOLCANIC_ROCK_VOUCHER_9500,971.0,11.0,0.0,0.0,0.0,0.0,972,11,0.0,0.0,0.0,0.0,971.5,0.0
1,192800,VOLCANIC_ROCK_VOUCHER_9500,971.0,21.0,0.0,0.0,0.0,0.0,973,21,0.0,0.0,0.0,0.0,972.0,0.0
1,192900,VOLCANIC_ROCK_VOUCHER_9500,973.0,14.0,0.0,0.0,0.0,0.0,974,14,0.0,0.0,0.0,0.0,973.5,0.0
1,193000,VOLCANIC_ROCK_VOUCHER_9500,972.0,28.0,0.0,0.0,0.0,0.0,973,17,0.0,0.0,0.0,0.0,972.5,0.0
1,193100,VOLCANIC_ROCK_VOUCHER_9500,972.0,15.0,0.0,0.0,0.0,0.0,974,15,0.0,0.0,0.0,0.0,973.0,0.0
1,193200,VOLCANIC_ROCK_VOUCHER_9500,973.0,6.0,0.0,0.0,0.0,0.0,974,19,0.0,0.0,0.0,0.0,973.5,0.0
1,193300,VOLCANIC_ROCK_VOUCHER_9500,978.0,2.0,0.0,0.0,0.0,0.0,979,20,0.0,0.0,0.0,0.0,978.5,0.0
1,193400,VOLCANIC_ROCK_VOUCHER_9500,980.0,19.0,0.0,0.0,0.0,0.0,981,19,0.0,0.0,0.0,0.0,980.5,0.0
1,193500,VOLCANIC_ROCK_VOUCHER_9500,978.0,14.0,0.0,0.0,0.0,0.0,979,14,0.0,0.0,0.0,0.0,978.5,0.0
1,193600,VOLCANIC_ROCK_VOUCHER_9500,978.0,20.0,0.0,0.0,0.0,0.0,979,20,0.0,0.0,0.0,0.0,978.5,0.0
1,193700,VOLCANIC_ROCK_VOUCHER_9500,977.0,11.0,0.0,0.0,0.0,0.0,978,11,0.0,0.0,0.0,0.0,977.5,0.0
1,193800,VOLCANIC_ROCK_VOUCHER_9500,975.0,11.0,0.0,0.0,0.0,0.0,976,11,0.0,0.0,0.0,0.0,975.5,0.0
1,193900,VOLCANIC_ROCK_VOUCHER_9500,976.0,22.0,0.0,0.0,0.0,0.0,977,22,0.0,0.0,0.0,0.0,976.5,0.0
1,194000,VOLCANIC_ROCK_VOUCHER_9500,974.0,0.0,0.0,0.0,0.0,0.0,975,12,0.0,0.0,0.0,0.0,974.5,0.0
1,194100,VOLCANIC_ROCK_VOUCHER_9500,968.0,3.0,0.0,0.0,0.0,0.0,969,14,0.0,0.0,0.0,0.0,968.5,0.0
1,194200,VOLCANIC_ROCK_VOUCHER_9500,968.0,12.0,0.0,0.0,0.0,0.0,970,12,0.0,0.0,0.0,0.0,969.0,0.0
1,194300,VOLCANIC_ROCK_VOUCHER_9500,968.0,22.0,0.0,0.0,0.0,0.0,970,22,0.0,0.0,0.0,0.0,969.0,0.0
1,194400,VOLCANIC_ROCK_VOUCHER_9500,968.0,19.0,0.0,0.0,0.0,0.0,969,19,0.0,0.0,0.0,0.0,968.5,0.0
1,194500,VOLCANIC_ROCK_VOUCHER_9500,968.0,20.0,0.0,0.0,0.0,0.0,969,15,0.0,0.0,0.0,0.0,968.5,0.0
1,194600,VOLCANIC_ROCK_VOUCHER_9500,967.0,13.0,0.0,0.0,0.0,0.0,968,13,0.0,0.0,0.0,0.0,967.5,0.0
1,194700,VOLCANIC_ROCK_VOUCHER_9500,966.0,13.0,0.0,0.0,0.0,0.0,968,13,0.0,0.0,0.0,0.0,967.0,0.0
1,194800,VOLCANIC_ROCK_VOUCHER_9500,966.0,20.0,0.0,0.0,0.0,0.0,967,20,0.0,0.0,0.0,0.0,966.5,0.0
1,194900,VOLCANIC_ROCK_VOUCHER_9500,967.0,21.0,0.0,0.0,0.0,0.0,968,21,0.0,0.0,0.0,0.0,967.5,0.0
1,195000,VOLCANIC_ROCK_VOUCHER_9500,967.0,12.0,0.0,0.0,0.0,0.0,968,12,0.0,0.0,0.0,0.0,967.5,0.0
1,195100,VOLCANIC_ROCK_VOUCHER_9500,966.0,18.0,0.0,0.0,0.0,0.0,967,1,968.0,17.0,0.0,0.0,966.5,0.0
1,195200,VOLCANIC_ROCK_VOUCHER_9500,966.0,12.0,0.0,0.0,0.0,0.0,967,12,0.0,0.0,0.0,0.0,966.5,0.0
1,195300,VOLCANIC_ROCK_VOUCHER_9500,966.0,19.0,0.0,0.0,0.0,0.0,967,19,0.0,0.0,0.0,0.0,966.5,0.0
1,195400,VOLCANIC_ROCK_VOUCHER_9500,966.0,18.0,0.0,0.0,0.0,0.0,967,18,0.0,0.0,0.0,0.0,966.5,0.0
1,195500,VOLCANIC_ROCK_VOUCHER_9500,966.0,15.0,0.0,0.0,0.0,0.0,967,15,0.0,0.0,0.0,0.0,966.5,0.0
1,195600,VOLCANIC_ROCK_VOUCHER_9500,966.0,11.0,965.0,22.0,0.0,0.0,967,22,0.0,0.0,0.0,0.0,966.5,0.0
1,195700,VOLCANIC_ROCK_VOUCHER_9500,966.0,18.0,0.0,0.0,0.0,0.0,967,18,0.0,0.0,0.0,0.0,966.5,0.0
1,195800,VOLCANIC_ROCK_VOUCHER_9500,967.0,17.0,0.0,0.0,0.0,0.0,968,17,0.0,0.0,0.0,0.0,967.5,0.0
1,195900,VOLCANIC_ROCK_VOUCHER_9500,969.0,13.0,0.0,0.0,0.0,0.0,970,13,0.0,0.0,0.0,0.0,969.5,0.0
1,196000,VOLCANIC_ROCK_VOUCHER_9500,970.0,16.0,0.0,0.0,0.0,0.0,971,16,0.0,0.0,0.0,0.0,970.5,0.0
1,196100,VOLCANIC_ROCK_VOUCHER_9500,970.0,19.0,0.0,0.0,0.0,0.0,971,19,0.0,0.0,0.0,0.0,970.5,0.0
1,196200,VOLCANIC_ROCK_VOUCHER_9500,970.0,15.0,0.0,0.0,0.0,0.0,971,15,0.0,0.0,0.0,0.0,970.5,0.0
1,196300,VOLCANIC_ROCK_VOUCHER_9500,971.0,16.0,0.0,0.0,0.0,0.0,972,16,0.0,0.0,0.0,0.0,971.5,0.0
1,196400,VOLCANIC_ROCK_VOUCHER_9500,972.0,13.0,0.0,0.0,0.0,0.0,973,13,0.0,0.0,0.0,0.0,972.5,0.0
1,196500,VOLCANIC_ROCK_VOUCHER_9500,970.0,14.0,0.0,0.0,0.0,0.0,971,14,0.0,0.0,0.0,0.0,970.5,0.0
1,196600,VOLCANIC_ROCK_VOUCHER_9500,967.0,16.0,0.0,0.0,0.0,0.0,968,16,0.0,0.0,0.0,0.0,967.5,0.0
1,196700,VOLCANIC_ROCK_VOUCHER_9500,967.0,19.0,0.0,0.0,0.0,0.0,968,19,0.0,0.0,0.0,0.0,967.5,0.0
1,196800,VOLCANIC_ROCK_VOUCHER_9500,966.0,16.0,0.0,0.0,0.0,0.0,967,16,0.0,0.0,0.0,0.0,966.5,0.0
1,196900,VOLCANIC_ROCK_VOUCHER_9500,966.0,33.0,0.0,0.0,0.0,0.0,967,14,0.0,0.0,0.0,0.0,966.5,0.0
1,197000,VOLCANIC_ROCK_VOUCHER_9500,965.0,22.0,0.0,0.0,0.0,0.0,966,22,0.0,0.0,0.0,0.0,965.5,0.0
1,197100,VOLCANIC_ROCK_VOUCHER_9500,959.0,13.0,0.0,0.0,0.0,0.0,960,13,0.0,0.0,0.0,0.0,959.5,0.0
1,197200,VOLCANIC_ROCK_VOUCHER_9500,959.0,20.0,0.0,0.0,0.0,0.0,960,20,0.0,0.0,0.0,0.0,959.5,0.0
1,197300,VOLCANIC_ROCK_VOUCHER_9500,957.0,13.0,0.0,0.0,0.0,0.0,958,13,0.0,0.0,0.0,0.0,957.5,0.0
1,197400,VOLCANIC_ROCK_VOUCHER_9500,958.0,10.0,0.0,0.0,0.0,0.0,959,10,0.0,0.0,0.0,0.0,958.5,0.0
1,197500,VOLCANIC_ROCK_VOUCHER_9500,958.0,17.0,0.0,0.0,0.0,0.0,959,17,0.0,0.0,0.0,0.0,958.5,0.0
1,197600,VOLCANIC_ROCK_VOUCHER_9500,959.0,18.0,0.0,0.0,0.0,0.0,960,18,0.0,0.0,0.0,0.0,959.5,0.0
1,197700,VOLCANIC_ROCK_VOUCHER_9500,962.0,19.0,0.0,0.0,0.0,0.0,963,19,0.0,0.0,0.0,0.0,962.5,0.0
1,197800,VOLCANIC_ROCK_VOUCHER_9500,962.0,13.0,0.0,0.0,0.0,0.0,963,13,0.0,0.0,0.0,0.0,962.5,0.0
1,197900,VOLCANIC_ROCK_VOUCHER_9500,960.0,16.0,0.0,0.0,0.0,0.0,961,16,0.0,0.0,0.0,0.0,960.5,0.0
1,198000,VOLCANIC_ROCK_VOUCHER_9500,961.0,21.0,0.0,0.0,0.0,0.0,962,21,0.0,0.0,0.0,0.0,961.5,0.0
1,198100,VOLCANIC_ROCK_VOUCHER_9500,960.0,18.0,0.0,0.0,0.0,0.0,962,18,0.0,0.0,0.0,0.0,961.0,0.0
1,198200,VOLCANIC_ROCK_VOUCHER_9500,960.0,20.0,0.0,0.0,0.0,0.0,961,20,0.0,0.0,0.0,0.0,960.5,0.0
1,198300,VOLCANIC_ROCK_VOUCHER_9500,961.0,17.0,0.0,0.0,0.0,0.0,962,17,0.0,0.0,0.0,0.0,961.5,0.0
1,198400,VOLCANIC_ROCK_VOUCHER_9500,961.0,21.0,0.0,0.0,0.0,0.0,962,21,0.0,0.0,0.0,0.0,961.5,0.0
1,198500,VOLCANIC_ROCK_VOUCHER_9500,962.0,20.0,0.0,0.0,0.0,0.0,963,20,0.0,0.0,0.0,0.0,962.5,0.0
1,198600,VOLCANIC_ROCK_VOUCHER_9500,965.0,16.0,0.0,0.0,0.0,0.0,966,16,0.0,0.0,0.0,0.0,965.5,0.0
1,198700,VOLCANIC_ROCK_VOUCHER_9500,962.0,20.0,0.0,0.0,0.0,0.0,963,20,0.0,0.0,0.0,0.0,962.5,0.0
1,198800,VOLCANIC_ROCK_VOUCHER_9500,965.0,13.0,0.0,0.0,0.0,0.0,966,13,0.0,0.0,0.0,0.0,965.5,0.0
1,198900,VOLCANIC_ROCK_VOUCHER_9500,965.0,13.0,0.0,0.0,0.0,0.0,966,13,0.0,0.0,0.0,0.0,965.5,0.0
1,199000,VOLCANIC_ROCK_VOUCHER_9500,965.0,18.0,0.0,0.0,0.0,0.0,966,18,0.0,0.0,0.0,0.0,965.5,0.0
1,199100,VOLCANIC_ROCK_VOUCHER_9500,964.0,20.0,0.0,0.0,0.0,0.0,965,20,0.0,0.0,0.0,0.0,964.5,0.0
1,199200,VOLCANIC_ROCK_VOUCHER_9500,966.0,30.0,0.0,0.0,0.0,0.0,967,16,0.0,0.0,0.0,0.0,966.5,0.0
1,199300,VOLCANIC_ROCK_VOUCHER_9500,966.0,19.0,0.0,0.0,0.0,0.0,967,19,0.0,0.0,0.0,0.0,966.5,0.0
1,199400,VOLCANIC_ROCK_VOUCHER_9500,969.0,22.0,0.0,0.0,0.0,0.0,970,22,0.0,0.0,0.0,0.0,969.5,0.0
1,199500,VOLCANIC_ROCK_VOUCHER_9500,967.0,18.0,0.0,0.0,0.0,0.0,968,18,0.0,0.0,0.0,0.0,967.5,0.0
1,199600,VOLCANIC_ROCK_VOUCHER_9500,966.0,17.0,0.0,0.0,0.0,0.0,968,17,0.0,0.0,0.0,0.0,967.0,0.0
1,199700,VOLCANIC_ROCK_VOUCHER_9500,966.0,19.0,0.0,0.0,0.0,0.0,968,19,0.0,0.0,0.0,0.0,967.0,0.0
1,199800,VOLCANIC_ROCK_VOUCHER_9500,967.0,14.0,0.0,0.0,0.0,0.0,968,14,0.0,0.0,0.0,0.0,967.5,0.0
1,199900,VOLCANIC_ROCK_VOUCHER_9500,967.0,17.0,0.0,0.0,0.0,0.0,968,17,0.0,0.0,0.0,0.0,967.5,0.0
1,200000,VOLCANIC_ROCK_VOUCHER_9500,965.0,21.0,0.0,0.0,0.0,0.0,966,21,0.0,0.0,0.0,0.0,965.5,0.0
1,200100,VOLCANIC_ROCK_VOUCHER_9500,965.0,15.0,0.0,0.0,0.0,0.0,966,15,0.0,0.0,0.0,0.0,965.5,0.0
1,200200,VOLCANIC_ROCK_VOUCHER_9500,964.0,16.0,0.0,0.0,0.0,0.0,965,16,0.0,0.0,0.0,0.0,964.5,0.0
1,200300,VOLCANIC_ROCK_VOUCHER_9500,965.0,13.0,0.0,0.0,0.0,0.0,966,13,0.0,0.0,0.0,0.0,965.5,0.0
1,200400,VOLCANIC_ROCK_VOUCHER_9500,965.0,19.0,0.0,0.0,0.0,0.0,966,19,0.0,0.0,0.0,0.0,965.5,0.0
1,200500,VOLCANIC_ROCK_VOUCHER_9500,963.0,21.0,0.0,0.0,0.0,0.0,964,21,0.0,0.0,0.0,0.0,963.5,0.0
1,200600,VOLCANIC_ROCK_VOUCHER_9500,962.0,15.0,0.0,0.0,0.0,0.0,963,15,0.0,0.0,0.0,0.0,962.5,0.0
1,200700,VOLCANIC_ROCK_VOUCHER_9500,962.0,3.0,0.0,0.0,0.0,0.0,963,18,0.0,0.0,0.0,0.0,962.5,0.0
1,200800,VOLCANIC_ROCK_VOUCHER_9500,962.0,11.0,0.0,0.0,0.0,0.0,963,11,0.0,0.0,0.0,0.0,962.5,0.0
1,200900,VOLCANIC_ROCK_VOUCHER_9500,961.0,37.0,0.0,0.0,0.0,0.0,962,20,0.0,0.0,0.0,0.0,961.5,0.0
1,201000,VOLCANIC_ROCK_VOUCHER_9500,961.0,12.0,0.0,0.0,0.0,0.0,962,12,0.0,0.0,0.0,0.0,961.5,0.0
1,201100,VOLCANIC_ROCK_VOUCHER_9500,962.0,17.0,0.0,0.0,0.0,0.0,963,17,0.0,0.0,0.0,0.0,962.5,0.0
1,201200,VOLCANIC_ROCK_VOUCHER_9500,962.0,14.0,0.0,0.0,0.0,0.0,963,14,0.0,0.0,0.0,0.0,962.5,0.0
1,201300,VOLCANIC_ROCK_VOUCHER_9500,964.0,18.0,0.0,0.0,0.0,0.0,965,18,0.0,0.0,0.0,0.0,964.5,0.0
1,201400,VOLCANIC_ROCK_VOUCHER_9500,965.0,17.0,0.0,0.0,0.0,0.0,966,17,0.0,0.0,0.0,0.0,965.5,0.0
1,201500,VOLCANIC_ROCK_VOUCHER_9500,964.0,19.0,0.0,0.0,0.0,0.0,965,10,966.0,19.0,0.0,0.0,964.5,0.0
1,201600,VOLCANIC_ROCK_VOUCHER_9500,961.0,21.0,0.0,0.0,0.0,0.0,962,21,0.0,0.0,0.0,0.0,961.5,0.0
1,201700,VOLCANIC_ROCK_VOUCHER_9500,962.0,17.0,0.0,0.0,0.0,0.0,963,17,0.0,0.0,0.0,0.0,962.5,0.0
1,201800,VOLCANIC_ROCK_VOUCHER_9500,962.0,13.0,0.0,0.0,0.0,0.0,963,13,0.0,0.0,0.0,0.0,962.5,0.0
1,201900,VOLCANIC_ROCK_VOUCHER_9500,962.0,19.0,0.0,0.0,0.0,0.0,963,19,0.0,0.0,0.0,0.0,962.5,0.0
1,202000,VOLCANIC_ROCK_VOUCHER_9500,962.0,21.0,0.0,0.0,0.0,0.0,963,21,0.0,0.0,0.0,0.0,962.5,0.0
1,202100,VOLCANIC_ROCK_VOUCHER_9500,962.0,12.0,0.0,0.0,0.0,0.0,963,12,0.0,0.0,0.0,0.0,962.5,0.0
1,202200,VOLCANIC_ROCK_VOUCHER_9500,962.0,17.0,0.0,0.0,0.0,0.0,964,17,0.0,0.0,0.0,0.0,963.0,0.0
1,202300,VOLCANIC_ROCK_VOUCHER_9500,963.0,13.0,0.0,0.0,0.0,0.0,964,13,0.0,0.0,0.0,0.0,963.5,0.0
1,202400,VOLCANIC_ROCK_VOUCHER_9500,963.0,12.0,0.0,0.0,0.0,0.0,964,12,0.0,0.0,0.0,0.0,963.5,0.0
1,202500,VOLCANIC_ROCK_VOUCHER_9500,962.0,19.0,0.0,0.0,0.0,0.0,963,19,0.0,0.0,0.0,0.0,962.5,0.0
1,202600,VOLCANIC_ROCK_VOUCHER_9500,962.0,16.0,0.0,0.0,0.0,0.0,963,16,0.0,0.0,0.0,0.0,962.5,0.0
1,202700,VOLCANIC_ROCK_VOUCHER_9500,967.0,18.0,0.0,0.0,0.0,0.0,968,18,0.0,0.0,0.0,0.0,967.5,0.0
1,202800,VOLCANIC_ROCK_VOUCHER_9500,970.0,15.0,0.0,0.0,0.0,0.0,971,15,0.0,0.0,0.0,0.0,970.5,0.0
1,202900,VOLCANIC_ROCK_VOUCHER_9500,969.0,19.0,0.0,0.0,0.0,0.0,970,19,0.0,0.0,0.0,0.0,969.5,0.0
1,203000,VOLCANIC_ROCK_VOUCHER_9500,969.0,13.0,0.0,0.0,0.0,0.0,970,13,0.0,0.0,0.0,0.0,969.5,0.0
1,203100,VOLCANIC_ROCK_VOUCHER_9500,969.0,20.0,0.0,0.0,0.0,0.0,970,20,0.0,0.0,0.0,0.0,969.5,0.0
1,203200,VOLCANIC_ROCK_VOUCHER_9500,969.0,21.0,0.0,0.0,0.0,0.0,970,21,0.0,0.0,0.0,0.0,969.5,0.0
1,203300,VOLCANIC_ROCK_VOUCHER_9500,968.0,18.0,0.0,0.0,0.0,0.0,969,18,0.0,0.0,0.0,0.0,968.5,0.0
1,203400,VOLCANIC_ROCK_VOUCHER_9500,971.0,13.0,0.0,0.0,0.0,0.0,972,13,0.0,0.0,0.0,0.0,971.5,0.0
1,203500,VOLCANIC_ROCK_VOUCHER_9500,972.0,12.0,0.0,0.0,0.0,0.0,973,12,0.0,0.0,0.0,0.0,972.5,0.0
1,203600,VOLCANIC_ROCK_VOUCHER_9500,971.0,16.0,0.0,0.0,0.0,0.0,973,16,0.0,0.0,0.0,0.0,972.0,0.0
1,203700,VOLCANIC_ROCK_VOUCHER_9500,972.0,16.0,0.0,0.0,0.0,0.0,973,16,0.0,0.0,0.0,0.0,972.5,0.0
1,203800,VOLCANIC_ROCK_VOUCHER_9500,971.0,19.0,0.0,0.0,0.0,0.0,972,19,0.0,0.0,0.0,0.0,971.5,0.0
1,203900,VOLCANIC_ROCK_VOUCHER_9500,972.0,12.0,0.0,0.0,0.0,0.0,973,12,0.0,0.0,0.0,0.0,972.5,0.0
1,204000,VOLCANIC_ROCK_VOUCHER_9500,972.0,13.0,0.0,0.0,0.0,0.0,973,13,0.0,0.0,0.0,0.0,972.5,0.0
1,204100,VOLCANIC_ROCK_VOUCHER_9500,967.0,11.0,0.0,0.0,0.0,0.0,968,11,0.0,0.0,0.0,0.0,967.5,0.0
1,204200,VOLCANIC_ROCK_VOUCHER_9500,968.0,12.0,0.0,0.0,0.0,0.0,969,12,0.0,0.0,0.0,0.0,968.5,0.0
1,204300,VOLCANIC_ROCK_VOUCHER_9500,967.0,17.0,0.0,0.0,0.0,0.0,968,17,0.0,0.0,0.0,0.0,967.5,0.0
1,204400,VOLCANIC_ROCK_VOUCHER_9500,966.0,12.0,0.0,0.0,0.0,0.0,968,12,0.0,0.0,0.0,0.0,967.0,0.0
1,204500,VOLCANIC_ROCK_VOUCHER_9500,965.0,15.0,0.0,0.0,0.0,0.0,967,15,0.0,0.0,0.0,0.0,966.0,0.0
1,204600,VOLCANIC_ROCK_VOUCHER_9500,962.0,15.0,0.0,0.0,0.0,0.0,964,15,0.0,0.0,0.0,0.0,963.0,0.0
1,204700,VOLCANIC_ROCK_VOUCHER_9500,963.0,18.0,0.0,0.0,0.0,0.0,964,18,0.0,0.0,0.0,0.0,963.5,0.0
1,204800,VOLCANIC_ROCK_VOUCHER_9500,965.0,17.0,0.0,0.0,0.0,0.0,966,17,0.0,0.0,0.0,0.0,965.5,0.0
1,204900,VOLCANIC_ROCK_VOUCHER_9500,965.0,20.0,0.0,0.0,0.0,0.0,967,20,0.0,0.0,0.0,0.0,966.0,0.0
1,205000,VOLCANIC_ROCK_VOUCHER_9500,966.0,16.0,0.0,0.0,0.0,0.0,967,16,0.0,0.0,0.0,0.0,966.5,0.0
1,205100,VOLCANIC_ROCK_VOUCHER_9500,962.0,14.0,0.0,0.0,0.0,0.0,963,14,0.0,0.0,0.0,0.0,962.5,0.0
1,205200,VOLCANIC_ROCK_VOUCHER_9500,962.0,28.0,0.0,0.0,0.0,0.0,963,14,0.0,0.0,0.0,0.0,962.5,0.0
1,205300,VOLCANIC_ROCK_VOUCHER_9500,964.0,14.0,0.0,0.0,0.0,0.0,965,14,0.0,0.0,0.0,0.0,964.5,0.0
1,205400,VOLCANIC_ROCK_VOUCHER_9500,964.0,13.0,0.0,0.0,0.0,0.0,965,13,0.0,0.0,0.0,0.0,964.5,0.0
1,205500,VOLCANIC_ROCK_VOUCHER_9500,964.0,15.0,0.0,0.0,0.0,0.0,965,15,0.0,0.0,0.0,0.0,964.5,0.0
1,205600,VOLCANIC_ROCK_VOUCHER_9500,964.0,14.0,0.0,0.0,0.0,0.0,965,14,0.0,0.0,0.0,0.0,964.5,0.0
1,205700,VOLCANIC_ROCK_VOUCHER_9500,962.0,29.0,0.0,0.0,0.0,0.0,963,18,0.0,0.0,0.0,0.0,962.5,0.0
1,205800,VOLCANIC_ROCK_VOUCHER_9500,962.0,12.0,0.0,0.0,0.0,0.0,963,12,0.0,0.0,0.0,0.0,962.5,0.0
1,205900,VOLCANIC_ROCK_VOUCHER_9500,961.0,16.0,0.0,0.0,0.0,0.0,963,16,0.0,0.0,0.0,0.0,962.0,0.0
1,206000,VOLCANIC_ROCK_VOUCHER_9500,959.0,24.0,0.0,0.0,0.0,0.0,960,10,0.0,0.0,0.0,0.0,959.5,0.0
1,206100,VOLCANIC_ROCK_VOUCHER_9500,959.0,13.0,0.0,0.0,0.0,0.0,960,13,0.0,0.0,0.0,0.0,959.5,0.0
1,206200,VOLCANIC_ROCK_VOUCHER_9500,955.0,16.0,0.0,0.0,0.0,0.0,957,16,0.0,0.0,0.0,0.0,956.0,0.0
1,206300,VOLCANIC_ROCK_VOUCHER_9500,957.0,14.0,0.0,0.0,0.0,0.0,958,14,0.0,0.0,0.0,0.0,957.5,0.0
1,206400,VOLCANIC_ROCK_VOUCHER_9500,957.0,10.0,0.0,0.0,0.0,0.0,958,10,0.0,0.0,0.0,0.0,957.5,0.0
1,206500,VOLCANIC_ROCK_VOUCHER_9500,956.0,30.0,0.0,0.0,0.0,0.0,957,11,0.0,0.0,0.0,0.0,956.5,0.0
1,206600,VOLCANIC_ROCK_VOUCHER_9500,956.0,19.0,0.0,0.0,0.0,0.0,957,19,0.0,0.0,0.0,0.0,956.5,0.0
1,206700,VOLCANIC_ROCK_VOUCHER_9500,956.0,13.0,0.0,0.0,0.0,0.0,957,13,0.0,0.0,0.0,0.0,956.5,0.0
1,206800,VOLCANIC_ROCK_VOUCHER_9500,956.0,21.0,0.0,0.0,0.0,0.0,957,21,0.0,0.0,0.0,0.0,956.5,0.0
1,206900,VOLCANIC_ROCK_VOUCHER_9500,956.0,18.0,0.0,0.0,0.0,0.0,957,18,0.0,0.0,0.0,0.0,956.5,0.0
1,207000,VOLCANIC_ROCK_VOUCHER_9500,955.0,12.0,0.0,0.0,0.0,0.0,956,12,0.0,0.0,0.0,0.0,955.5,0.0
1,207100,VOLCANIC_ROCK_VOUCHER_9500,955.0,14.0,0.0,0.0,0.0,0.0,956,14,0.0,0.0,0.0,0.0,955.5,0.0
1,207200,VOLCANIC_ROCK_VOUCHER_9500,955.0,12.0,0.0,0.0,0.0,0.0,957,12,0.0,0.0,0.0,0.0,956.0,0.0
1,207300,VOLCANIC_ROCK_VOUCHER_9500,956.0,15.0,0.0,0.0,0.0,0.0,957,15,0.0,0.0,0.0,0.0,956.5,0.0
1,207400,VOLCANIC_ROCK_VOUCHER_9500,956.0,25.0,0.0,0.0,0.0,0.0,957,13,0.0,0.0,0.0,0.0,956.5,0.0
1,207500,VOLCANIC_ROCK_VOUCHER_9500,955.0,13.0,0.0,0.0,0.0,0.0,956,13,0.0,0.0,0.0,0.0,955.5,0.0
1,207600,VOLCANIC_ROCK_VOUCHER_9500,956.0,15.0,0.0,0.0,0.0,0.0,957,15,0.0,0.0,0.0,0.0,956.5,0.0
1,207700,VOLCANIC_ROCK_VOUCHER_9500,957.0,7.0,0.0,0.0,0.0,0.0,958,20,0.0,0.0,0.0,0.0,957.5,0.0
1,207800,VOLCANIC_ROCK_VOUCHER_9500,958.0,11.0,0.0,0.0,0.0,0.0,959,17,0.0,0.0,0.0,0.0,958.5,0.0
1,207900,VOLCANIC_ROCK_VOUCHER_9500,956.0,38.0,0.0,0.0,0.0,0.0,957,18,0.0,0.0,0.0,0.0,956.5,0.0
1,208000,VOLCANIC_ROCK_VOUCHER_9500,956.0,20.0,0.0,0.0,0.0,0.0,957,20,0.0,0.0,0.0,0.0,956.5,0.0
1,208100,VOLCANIC_ROCK_VOUCHER_9500,956.0,20.0,0.0,0.0,0.0,0.0,957,20,0.0,0.0,0.0,0.0,956.5,0.0
1,208200,VOLCANIC_ROCK_VOUCHER_9500,956.0,17.0,0.0,0.0,0.0,0.0,958,17,0.0,0.0,0.0,0.0,957.0,0.0
1,208300,VOLCANIC_ROCK_VOUCHER_9500,956.0,18.0,0.0,0.0,0.0,0.0,957,18,0.0,0.0,0.0,0.0,956.5,0.0
1,208400,VOLCANIC_ROCK_VOUCHER_9500,957.0,20.0,0.0,0.0,0.0,0.0,958,20,0.0,0.0,0.0,0.0,957.5,0.0
1,208500,VOLCANIC_ROCK_VOUCHER_9500,956.0,17.0,0.0,0.0,0.0,0.0,957,17,0.0,0.0,0.0,0.0,956.5,0.0
1,208600,VOLCANIC_ROCK_VOUCHER_9500,957.0,14.0,0.0,0.0,0.0,0.0,958,14,0.0,0.0,0.0,0.0,957.5,0.0
1,208700,VOLCANIC_ROCK_VOUCHER_9500,957.0,12.0,0.0,0.0,0.0,0.0,958,12,0.0,0.0,0.0,0.0,957.5,0.0
1,208800,VOLCANIC_ROCK_VOUCHER_9500,961.0,14.0,0.0,0.0,0.0,0.0,962,14,0.0,0.0,0.0,0.0,961.5,0.0
1,208900,VOLCANIC_ROCK_VOUCHER_9500,959.0,13.0,0.0,0.0,0.0,0.0,960,13,0.0,0.0,0.0,0.0,959.5,0.0
1,209000,VOLCANIC_ROCK_VOUCHER_9500,959.0,13.0,0.0,0.0,0.0,0.0,960,13,0.0,0.0,0.0,0.0,959.5,0.0
1,209100,VOLCANIC_ROCK_VOUCHER_9500,957.0,7.0,0.0,0.0,0.0,0.0,958,15,0.0,0.0,0.0,0.0,957.5,0.0
1,209200,VOLCANIC_ROCK_VOUCHER_9500,956.0,10.0,0.0,0.0,0.0,0.0,957,10,0.0,0.0,0.0,0.0,956.5,0.0
1,209300,VOLCANIC_ROCK_VOUCHER_9500,956.0,16.0,0.0,0.0,0.0,0.0,957,16,0.0,0.0,0.0,0.0,956.5,0.0
1,209400,VOLCANIC_ROCK_VOUCHER_9500,956.0,15.0,0.0,0.0,0.0,0.0,957,15,0.0,0.0,0.0,0.0,956.5,0.0
1,209500,VOLCANIC_ROCK_VOUCHER_9500,950.0,19.0,0.0,0.0,0.0,0.0,951,19,0.0,0.0,0.0,0.0,950.5,0.0
1,209600,VOLCANIC_ROCK_VOUCHER_9500,947.0,21.0,0.0,0.0,0.0,0.0,949,21,0.0,0.0,0.0,0.0,948.0,0.0
1,209700,VOLCANIC_ROCK_VOUCHER_9500,944.0,19.0,0.0,0.0,0.0,0.0,945,19,0.0,0.0,0.0,0.0,944.5,0.0
1,209800,VOLCANIC_ROCK_VOUCHER_9500,947.0,13.0,0.0,0.0,0.0,0.0,948,13,0.0,0.0,0.0,0.0,947.5,0.0
1,209900,VOLCANIC_ROCK_VOUCHER_9500,947.0,20.0,0.0,0.0,0.0,0.0,948,20,0.0,0.0,0.0,0.0,947.5,0.0
1,210000,VOLCANIC_ROCK_VOUCHER_9500,947.0,13.0,0.0,0.0,0.0,0.0,948,13,0.0,0.0,0.0,0.0,947.5,0.0
1,210100,VOLCANIC_ROCK_VOUCHER_9500,944.0,22.0,0.0,0.0,0.0,0.0,945,22,0.0,0.0,0.0,0.0,944.5,0.0
1,210200,VOLCANIC_ROCK_VOUCHER_9500,944.0,18.0,0.0,0.0,0.0,0.0,945,18,0.0,0.0,0.0,0.0,944.5,0.0
1,210300,VOLCANIC_ROCK_VOUCHER_9500,945.0,12.0,0.0,0.0,0.0,0.0,946,12,0.0,0.0,0.0,0.0,945.5,0.0
1,210400,VOLCANIC_ROCK_VOUCHER_9500,944.0,14.0,0.0,0.0,0.0,0.0,946,14,0.0,0.0,0.0,0.0,945.0,0.0
1,210500,VOLCANIC_ROCK_VOUCHER_9500,944.0,17.0,0.0,0.0,0.0,0.0,945,17,0.0,0.0,0.0,0.0,944.5,0.0
1,210600,VOLCANIC_ROCK_VOUCHER_9500,944.0,4.0,0.0,0.0,0.0,0.0,946,17,0.0,0.0,0.0,0.0,945.0,0.0
1,210700,VOLCANIC_ROCK_VOUCHER_9500,944.0,22.0,0.0,0.0,0.0,0.0,945,22,0.0,0.0,0.0,0.0,944.5,0.0
1,210800,VOLCANIC_ROCK_VOUCHER_9500,945.0,25.0,0.0,0.0,0.0,0.0,946,11,0.0,0.0,0.0,0.0,945.5,0.0
1,210900,VOLCANIC_ROCK_VOUCHER_9500,948.0,12.0,0.0,0.0,0.0,0.0,949,12,0.0,0.0,0.0,0.0,948.5,0.0
1,211000,VOLCANIC_ROCK_VOUCHER_9500,948.0,13.0,0.0,0.0,0.0,0.0,949,13,0.0,0.0,0.0,0.0,948.5,0.0
1,211100,VOLCANIC_ROCK_VOUCHER_9500,947.0,13.0,0.0,0.0,0.0,0.0,948,13,0.0,0.0,0.0,0.0,947.5,0.0
1,211200,VOLCANIC_ROCK_VOUCHER_9500,949.0,12.0,0.0,0.0,0.0,0.0,950,12,0.0,0.0,0.0,0.0,949.5,0.0
1,211300,VOLCANIC_ROCK_VOUCHER_9500,948.0,20.0,0.0,0.0,0.0,0.0,949,20,0.0,0.0,0.0,0.0,948.5,0.0
1,211400,VOLCANIC_ROCK_VOUCHER_9500,948.0,22.0,0.0,0.0,0.0,0.0,949,22,0.0,0.0,0.0,0.0,948.5,0.0
1,211500,VOLCANIC_ROCK_VOUCHER_9500,946.0,13.0,0.0,0.0,0.0,0.0,947,13,0.0,0.0,0.0,0.0,946.5,0.0
1,211600,VOLCANIC_ROCK_VOUCHER_9500,944.0,10.0,0.0,0.0,0.0,0.0,945,10,0.0,0.0,0.0,0.0,944.5,0.0
1,211700,VOLCANIC_ROCK_VOUCHER_9500,944.0,19.0,0.0,0.0,0.0,0.0,945,19,0.0,0.0,0.0,0.0,944.5,0.0
1,211800,VOLCANIC_ROCK_VOUCHER_9500,942.0,17.0,0.0,0.0,0.0,0.0,943,17,0.0,0.0,0.0,0.0,942.5,0.0
1,211900,VOLCANIC_ROCK_VOUCHER_9500,942.0,12.0,0.0,0.0,0.0,0.0,943,12,0.0,0.0,0.0,0.0,942.5,0.0
1,212000,VOLCANIC_ROCK_VOUCHER_9500,942.0,16.0,0.0,0.0,0.0,0.0,943,16,0.0,0.0,0.0,0.0,942.5,0.0
1,212100,VOLCANIC_ROCK_VOUCHER_9500,940.0,19.0,0.0,0.0,0.0,0.0,941,19,0.0,0.0,0.0,0.0,940.5,0.0
1,212200,VOLCANIC_ROCK_VOUCHER_9500,937.0,21.0,0.0,0.0,0.0,0.0,939,21,0.0,0.0,0.0,0.0,938.0,0.0
1,212300,VOLCANIC_ROCK_VOUCHER_9500,937.0,16.0,0.0,0.0,0.0,0.0,938,16,0.0,0.0,0.0,0.0,937.5,0.0
1,212400,VOLCANIC_ROCK_VOUCHER_9500,936.0,14.0,0.0,0.0,0.0,0.0,937,14,0.0,0.0,0.0,0.0,936.5,0.0
1,212500,VOLCANIC_ROCK_VOUCHER_9500,938.0,21.0,0.0,0.0,0.0,0.0,939,10,0.0,0.0,0.0,0.0,938.5,0.0
1,212600,VOLCANIC_ROCK_VOUCHER_9500,939.0,17.0,0.0,0.0,0.0,0.0,941,17,0.0,0.0,0.0,0.0,940.0,0.0
1,212700,VOLCANIC_ROCK_VOUCHER_9500,939.0,16.0,0.0,0.0,0.0,0.0,940,16,0.0,0.0,0.0,0.0,939.5,0.0
1,212800,VOLCANIC_ROCK_VOUCHER_9500,940.0,1.0,0.0,0.0,0.0,0.0,941,16,0.0,0.0,0.0,0.0,940.5,0.0
1,212900,VOLCANIC_ROCK_VOUCHER_9500,939.0,19.0,0.0,0.0,0.0,0.0,940,19,0.0,0.0,0.0,0.0,939.5,0.0
1,213000,VOLCANIC_ROCK_VOUCHER_9500,938.0,20.0,0.0,0.0,0.0,0.0,939,20,0.0,0.0,0.0,0.0,938.5,0.0
1,213100,VOLCANIC_ROCK_VOUCHER_9500,936.0,21.0,0.0,0.0,0.0,0.0,937,21,0.0,0.0,0.0,0.0,936.5,0.0
1,213200,VOLCANIC_ROCK_VOUCHER_9500,936.0,11.0,0.0,0.0,0.0,0.0,937,11,0.0,0.0,0.0,0.0,936.5,0.0
1,213300,VOLCANIC_ROCK_VOUCHER_9500,937.0,10.0,0.0,0.0,0.0,0.0,938,10,0.0,0.0,0.0,0.0,937.5,0.0
1,213400,VOLCANIC_ROCK_VOUCHER_9500,938.0,15.0,0.0,0.0,0.0,0.0,939,15,0.0,0.0,0.0,0.0,938.5,0.0
1,213500,VOLCANIC_ROCK_VOUCHER_9500,938.0,13.0,0.0,0.0,0.0,0.0,940,13,0.0,0.0,0.0,0.0,939.0,0.0
1,213600,VOLCANIC_ROCK_VOUCHER_9500,938.0,17.0,0.0,0.0,0.0,0.0,939,17,0.0,0.0,0.0,0.0,938.5,0.0
1,213700,VOLCANIC_ROCK_VOUCHER_9500,937.0,12.0,0.0,0.0,0.0,0.0,938,12,0.0,0.0,0.0,0.0,937.5,0.0
1,213800,VOLCANIC_ROCK_VOUCHER_9500,937.0,14.0,0.0,0.0,0.0,0.0,938,14,0.0,0.0,0.0,0.0,937.5,0.0
1,213900,VOLCANIC_ROCK_VOUCHER_9500,938.0,16.0,0.0,0.0,0.0,0.0,939,16,0.0,0.0,0.0,0.0,938.5,0.0
1,214000,VOLCANIC_ROCK_VOUCHER_9500,939.0,16.0,0.0,0.0,0.0,0.0,940,16,0.0,0.0,0.0,0.0,939.5,0.0
1,214100,VOLCANIC_ROCK_VOUCHER_9500,938.0,17.0,0.0,0.0,0.0,0.0,939,17,0.0,0.0,0.0,0.0,938.5,0.0
1,214200,VOLCANIC_ROCK_VOUCHER_9500,940.0,16.0,0.0,0.0,0.0,0.0,941,16,0.0,0.0,0.0,0.0,940.5,0.0
1,214300,VOLCANIC_ROCK_VOUCHER_9500,0.0,0.0,0.0,0.0,0.0,0.0,942,5,943.0,13.0,0.0,0.0,942.0,0.0
1,214400,VOLCANIC_ROCK_VOUCHER_9500,942.0,18.0,0.0,0.0,0.0,0.0,943,18,0.0,0.0,0.0,0.0,942.5,0.0
1,214500,VOLCANIC_ROCK_VOUCHER_9500,941.0,15.0,0.0,0.0,0.0,0.0,942,15,0.0,0.0,0.0,0.0,941.5,0.0
1,214600,VOLCANIC_ROCK_VOUCHER_9500,939.0,10.0,0.0,0.0,0.0,0.0,940,10,0.0,0.0,0.0,0.0,939.5,0.0
1,214700,VOLCANIC_ROCK_VOUCHER_9500,940.0,10.0,0.0,0.0,0.0,0.0,941,10,0.0,0.0,0.0,0.0,940.5,0.0
1,214800,VOLCANIC_ROCK_VOUCHER_9500,938.0,12.0,0.0,0.0,0.0,0.0,939,16,940.0,12.0,0.0,0.0,938.5,0.0
1,214900,VOLCANIC_ROCK_VOUCHER_9500,938.0,11.0,0.0,0.0,0.0,0.0,939,11,0.0,0.0,0.0,0.0,938.5,0.0
1,215000,VOLCANIC_ROCK_VOUCHER_9500,938.0,27.0,0.0,0.0,0.0,0.0,939,21,0.0,0.0,0.0,0.0,938.5,0.0
1,215100,VOLCANIC_ROCK_VOUCHER_9500,938.0,20.0,0.0,0.0,0.0,0.0,939,20,0.0,0.0,0.0,0.0,938.5,0.0
1,215200,VOLCANIC_ROCK_VOUCHER_9500,938.0,21.0,0.0,0.0,0.0,0.0,939,21,0.0,0.0,0.0,0.0,938.5,0.0
1,215300,VOLCANIC_ROCK_VOUCHER_9500,938.0,16.0,0.0,0.0,0.0,0.0,939,16,0.0,0.0,0.0,0.0,938.5,0.0
1,215400,VOLCANIC_ROCK_VOUCHER_9500,938.0,16.0,0.0,0.0,0.0,0.0,940,16,0.0,0.0,0.0,0.0,939.0,0.0
1,215500,VOLCANIC_ROCK_VOUCHER_9500,938.0,13.0,0.0,0.0,0.0,0.0,939,13,0.0,0.0,0.0,0.0,938.5,0.0
1,215600,VOLCANIC_ROCK_VOUCHER_9500,931.0,14.0,0.0,0.0,0.0,0.0,932,14,0.0,0.0,0.0,0.0,931.5,0.0
1,215700,VOLCANIC_ROCK_VOUCHER_9500,933.0,22.0,0.0,0.0,0.0,0.0,934,22,0.0,0.0,0.0,0.0,933.5,0.0
1,215800,VOLCANIC_ROCK_VOUCHER_9500,932.0,16.0,0.0,0.0,0.0,0.0,933,16,0.0,0.0,0.0,0.0,932.5,0.0
1,215900,VOLCANIC_ROCK_VOUCHER_9500,933.0,16.0,0.0,0.0,0.0,0.0,934,16,0.0,0.0,0.0,0.0,933.5,0.0
1,216000,VOLCANIC_ROCK_VOUCHER_9500,934.0,13.0,0.0,0.0,0.0,0.0,935,13,0.0,0.0,0.0,0.0,934.5,0.0
1,216100,VOLCANIC_ROCK_VOUCHER_9500,0.0,0.0,0.0,0.0,0.0,0.0,934,3,935.0,16.0,0.0,0.0,934.0,0.0
1,216200,VOLCANIC_ROCK_VOUCHER_9500,0.0,0.0,0.0,0.0,0.0,0.0,933,7,934.0,12.0,0.0,0.0,933.0,0.0
1,216300,VOLCANIC_ROCK_VOUCHER_9500,934.0,19.0,0.0,0.0,0.0,0.0,935,19,0.0,0.0,0.0,0.0,934.5,0.0
1,216400,VOLCANIC_ROCK_VOUCHER_9500,935.0,17.0,0.0,0.0,0.0,0.0,936,17,0.0,0.0,0.0,0.0,935.5,0.0
1,216500,VOLCANIC_ROCK_VOUCHER_9500,937.0,11.0,0.0,0.0,0.0,0.0,939,11,0.0,0.0,0.0,0.0,938.0,0.0
1,216600,VOLCANIC_ROCK_VOUCHER_9500,934.0,16.0,0.0,0.0,0.0,0.0,935,16,0.0,0.0,0.0,0.0,934.5,0.0
1,216700,VOLCANIC_ROCK_VOUCHER_9500,932.0,16.0,0.0,0.0,0.0,0.0,934,16,0.0,0.0,0.0,0.0,933.0,0.0
1,216800,VOLCANIC_ROCK_VOUCHER_9500,932.0,20.0,0.0,0.0,0.0,0.0,933,20,0.0,0.0,0.0,0.0,932.5,0.0
1,216900,VOLCANIC_ROCK_VOUCHER_9500,0.0,0.0,0.0,0.0,0.0,0.0,931,7,932.0,13.0,0.0,0.0,931.0,0.0
1,217000,VOLCANIC_ROCK_VOUCHER_9500,929.0,20.0,0.0,0.0,0.0,0.0,930,20,0.0,0.0,0.0,0.0,929.5,0.0
1,217100,VOLCANIC_ROCK_VOUCHER_9500,926.0,18.0,0.0,0.0,0.0,0.0,927,18,0.0,0.0,0.0,0.0,926.5,0.0
1,217200,VOLCANIC_ROCK_VOUCHER_9500,927.0,11.0,0.0,0.0,0.0,0.0,928,11,0.0,0.0,0.0,0.0,927.5,0.0
1,217300,VOLCANIC_ROCK_VOUCHER_9500,928.0,13.0,0.0,0.0,0.0,0.0,929,13,0.0,0.0,0.0,0.0,928.5,0.0
1,217400,VOLCANIC_ROCK_VOUCHER_9500,929.0,15.0,0.0,0.0,0.0,0.0,930,15,0.0,0.0,0.0,0.0,929.5,0.0
1,217500,VOLCANIC_ROCK_VOUCHER_9500,929.0,11.0,0.0,0.0,0.0,0.0,930,11,0.0,0.0,0.0,0.0,929.5,0.0
1,217600,VOLCANIC_ROCK_VOUCHER_9500,928.0,15.0,0.0,0.0,0.0,0.0,929,15,0.0,0.0,0.0,0.0,928.5,0.0
1,217700,VOLCANIC_ROCK_VOUCHER_9500,925.0,16.0,0.0,0.0,0.0,0.0,926,16,0.0,0.0,0.0,0.0,925.5,0.0
1,217800,VOLCANIC_ROCK_VOUCHER_9500,923.0,20.0,0.0,0.0,0.0,0.0,925,20,0.0,0.0,0.0,0.0,924.0,0.0
1,217900,VOLCANIC_ROCK_VOUCHER_9500,927.0,17.0,0.0,0.0,0.0,0.0,928,17,0.0,0.0,0.0,0.0,927.5,0.0
1,218000,VOLCANIC_ROCK_VOUCHER_9500,926.0,19.0,0.0,0.0,0.0,0.0,927,19,0.0,0.0,0.0,0.0,926.5,0.0
1,218100,VOLCANIC_ROCK_VOUCHER_9500,923.0,12.0,0.0,0.0,0.0,0.0,924,12,0.0,0.0,0.0,0.0,923.5,0.0
1,218200,VOLCANIC_ROCK_VOUCHER_9500,926.0,19.0,0.0,0.0,0.0,0.0,927,19,0.0,0.0,0.0,0.0,926.5,0.0
1,218300,VOLCANIC_ROCK_VOUCHER_9500,927.0,15.0,0.0,0.0,0.0,0.0,929,15,0.0,0.0,0.0,0.0,928.0,0.0
1,218400,VOLCANIC_ROCK_VOUCHER_9500,926.0,15.0,0.0,0.0,0.0,0.0,927,15,0.0,0.0,0.0,0.0,926.5,0.0
1,218500,VOLCANIC_ROCK_VOUCHER_9500,927.0,19.0,0.0,0.0,0.0,0.0,928,19,0.0,0.0,0.0,0.0,927.5,0.0
1,218600,VOLCANIC_ROCK_VOUCHER_9500,926.0,19.0,0.0,0.0,0.0,0.0,928,19,0.0,0.0,0.0,0.0,927.0,0.0
1,218700,VOLCANIC_ROCK_VOUCHER_9500,925.0,14.0,0.0,0.0,0.0,0.0,926,14,0.0,0.0,0.0,0.0,925.5,0.0
1,218800,VOLCANIC_ROCK_VOUCHER_9500,926.0,10.0,0.0,0.0,0.0,0.0,927,10,0.0,0.0,0.0,0.0,926.5,0.0
1,218900,VOLCANIC_ROCK_VOUCHER_9500,925.0,17.0,0.0,0.0,0.0,0.0,926,17,0.0,0.0,0.0,0.0,925.5,0.0
1,219000,VOLCANIC_ROCK_VOUCHER_9500,924.0,17.0,0.0,0.0,0.0,0.0,925,17,0.0,0.0,0.0,0.0,924.5,0.0
1,219100,VOLCANIC_ROCK_VOUCHER_9500,921.0,18.0,0.0,0.0,0.0,0.0,922,18,0.0,0.0,0.0,0.0,921.5,0.0
1,219200,VOLCANIC_ROCK_VOUCHER_9500,918.0,19.0,0.0,0.0,0.0,0.0,919,19,0.0,0.0,0.0,0.0,918.5,0.0
1,219300,VOLCANIC_ROCK_VOUCHER_9500,920.0,16.0,0.0,0.0,0.0,0.0,921,16,0.0,0.0,0.0,0.0,920.5,0.0
1,219400,VOLCANIC_ROCK_VOUCHER_9500,919.0,12.0,0.0,0.0,0.0,0.0,920,12,0.0,0.0,0.0,0.0,919.5,0.0
1,219500,VOLCANIC_ROCK_VOUCHER_9500,919.0,16.0,0.0,0.0,0.0,0.0,920,16,0.0,0.0,0.0,0.0,919.5,0.0
1,219600,VOLCANIC_ROCK_VOUCHER_9500,920.0,19.0,0.0,0.0,0.0,0.0,922,19,0.0,0.0,0.0,0.0,921.0,0.0
1,219700,VOLCANIC_ROCK_VOUCHER_9500,924.0,20.0,0.0,0.0,0.0,0.0,925,20,0.0,0.0,0.0,0.0,924.5,0.0
1,219800,VOLCANIC_ROCK_VOUCHER_9500,923.0,17.0,0.0,0.0,0.0,0.0,924,17,0.0,0.0,0.0,0.0,923.5,0.0
1,219900,VOLCANIC_ROCK_VOUCHER_9500,921.0,15.0,0.0,0.0,0.0,0.0,922,15,0.0,0.0,0.0,0.0,921.5,0.0
1,220000,VOLCANIC_ROCK_VOUCHER_9500,922.0,14.0,0.0,0.0,0.0,0.0,923,14,0.0,0.0,0.0,0.0,922.5,0.0
1,220100,VOLCANIC_ROCK_VOUCHER_9500,922.0,23.0,0.0,0.0,0.0,0.0,923,11,0.0,0.0,0.0,0.0,922.5,0.0
1,220200,VOLCANIC_ROCK_VOUCHER_9500,921.0,14.0,0.0,0.0,0.0,0.0,922,14,0.0,0.0,0.0,0.0,921.5,0.0
1,220300,VOLCANIC_ROCK_VOUCHER_9500,921.0,10.0,0.0,0.0,0.0,0.0,923,10,0.0,0.0,0.0,0.0,922.0,0.0
1,220400,VOLCANIC_ROCK_VOUCHER_9500,923.0,20.0,0.0,0.0,0.0,0.0,924,20,0.0,0.0,0.0,0.0,923.5,0.0
1,220500,VOLCANIC_ROCK_VOUCHER_9500,921.0,17.0,0.0,0.0,0.0,0.0,923,17,0.0,0.0,0.0,0.0,922.0,0.0
1,220600,VOLCANIC_ROCK_VOUCHER_9500,922.0,19.0,0.0,0.0,0.0,0.0,923,19,0.0,0.0,0.0,0.0,922.5,0.0
1,220700,VOLCANIC_ROCK_VOUCHER_9500,920.0,13.0,0.0,0.0,0.0,0.0,922,13,0.0,0.0,0.0,0.0,921.0,0.0
1,220800,VOLCANIC_ROCK_VOUCHER_9500,921.0,14.0,0.0,0.0,0.0,0.0,922,14,0.0,0.0,0.0,0.0,921.5,0.0
1,220900,VOLCANIC_ROCK_VOUCHER_9500,922.0,26.0,0.0,0.0,0.0,0.0,923,21,0.0,0.0,0.0,0.0,922.5,0.0
1,221000,VOLCANIC_ROCK_VOUCHER_9500,925.0,10.0,0.0,0.0,0.0,0.0,926,10,0.0,0.0,0.0,0.0,925.5,0.0
1,221100,VOLCANIC_ROCK_VOUCHER_9500,925.0,17.0,0.0,0.0,0.0,0.0,926,17,0.0,0.0,0.0,0.0,925.5,0.0
1,221200,VOLCANIC_ROCK_VOUCHER_9500,925.0,20.0,0.0,0.0,0.0,0.0,926,20,0.0,0.0,0.0,0.0,925.5,0.0
1,221300,VOLCANIC_ROCK_VOUCHER_9500,923.0,13.0,0.0,0.0,0.0,0.0,924,13,0.0,0.0,0.0,0.0,923.5,0.0
1,221400,VOLCANIC_ROCK_VOUCHER_9500,922.0,10.0,0.0,0.0,0.0,0.0,923,10,0.0,0.0,0.0,0.0,922.5,0.0
1,221500,VOLCANIC_ROCK_VOUCHER_9500,921.0,13.0,0.0,0.0,0.0,0.0,922,13,0.0,0.0,0.0,0.0,921.5,0.0
1,221600,VOLCANIC_ROCK_VOUCHER_9500,921.0,18.0,0.0,0.0,0.0,0.0,922,18,0.0,0.0,0.0,0.0,921.5,0.0
1,221700,VOLCANIC_ROCK_VOUCHER_9500,921.0,18.0,0.0,0.0,0.0,0.0,922,18,0.0,0.0,0.0,0.0,921.5,0.0
1,221800,VOLCANIC_ROCK_VOUCHER_9500,923.0,16.0,0.0,0.0,0.0,0.0,924,16,0.0,0.0,0.0,0.0,923.5,0.0
1,221900,VOLCANIC_ROCK_VOUCHER_9500,920.0,30.0,0.0,0.0,0.0,0.0,921,15,0.0,0.0,0.0,0.0,920.5,0.0
1,222000,VOLCANIC_ROCK_VOUCHER_9500,920.0,31.0,0.0,0.0,0.0,0.0,921,17,0.0,0.0,0.0,0.0,920.5,0.0
1,222100,VOLCANIC_ROCK_VOUCHER_9500,917.0,15.0,0.0,0.0,0.0,0.0,919,15,0.0,0.0,0.0,0.0,918.0,0.0
1,222200,VOLCANIC_ROCK_VOUCHER_9500,916.0,13.0,0.0,0.0,0.0,0.0,917,13,0.0,0.0,0.0,0.0,916.5,0.0
1,222300,VOLCANIC_ROCK_VOUCHER_9500,916.0,21.0,0.0,0.0,0.0,0.0,917,21,0.0,0.0,0.0,0.0,916.5,0.0
1,222400,VOLCANIC_ROCK_VOUCHER_9500,918.0,18.0,0.0,0.0,0.0,0.0,920,18,0.0,0.0,0.0,0.0,919.0,0.0
1,222500,VOLCANIC_ROCK_VOUCHER_9500,919.0,14.0,0.0,0.0,0.0,0.0,920,14,0.0,0.0,0.0,0.0,919.5,0.0
1,222600,VOLCANIC_ROCK_VOUCHER_9500,919.0,34.0,0.0,0.0,0.0,0.0,920,19,0.0,0.0,0.0,0.0,919.5,0.0
1,222700,VOLCANIC_ROCK_VOUCHER_9500,919.0,13.0,0.0,0.0,0.0,0.0,920,13,0.0,0.0,0.0,0.0,919.5,0.0
1,222800,VOLCANIC_ROCK_VOUCHER_9500,921.0,22.0,0.0,0.0,0.0,0.0,922,22,0.0,0.0,0.0,0.0,921.5,0.0
1,222900,VOLCANIC_ROCK_VOUCHER_9500,920.0,15.0,0.0,0.0,0.0,0.0,921,15,0.0,0.0,0.0,0.0,920.5,0.0
1,223000,VOLCANIC_ROCK_VOUCHER_9500,919.0,17.0,0.0,0.0,0.0,0.0,920,17,0.0,0.0,0.0,0.0,919.5,0.0
1,223100,VOLCANIC_ROCK_VOUCHER_9500,919.0,14.0,0.0,0.0,0.0,0.0,920,14,0.0,0.0,0.0,0.0,919.5,0.0
1,223200,VOLCANIC_ROCK_VOUCHER_9500,917.0,17.0,0.0,0.0,0.0,0.0,918,17,0.0,0.0,0.0,0.0,917.5,0.0
1,223300,VOLCANIC_ROCK_VOUCHER_9500,917.0,33.0,0.0,0.0,0.0,0.0,918,19,0.0,0.0,0.0,0.0,917.5,0.0
1,223400,VOLCANIC_ROCK_VOUCHER_9500,918.0,20.0,0.0,0.0,0.0,0.0,920,20,0.0,0.0,0.0,0.0,919.0,0.0
1,223500,VOLCANIC_ROCK_VOUCHER_9500,918.0,13.0,0.0,0.0,0.0,0.0,919,13,0.0,0.0,0.0,0.0,918.5,0.0
1,223600,VOLCANIC_ROCK_VOUCHER_9500,919.0,18.0,0.0,0.0,0.0,0.0,920,18,0.0,0.0,0.0,0.0,919.5,0.0
1,223700,VOLCANIC_ROCK_VOUCHER_9500,918.0,17.0,0.0,0.0,0.0,0.0,919,17,0.0,0.0,0.0,0.0,918.5,0.0
1,223800,VOLCANIC_ROCK_VOUCHER_9500,918.0,10.0,0.0,0.0,0.0,0.0,919,10,0.0,0.0,0.0,0.0,918.5,0.0
1,223900,VOLCANIC_ROCK_VOUCHER_9500,916.0,16.0,0.0,0.0,0.0,0.0,917,16,0.0,0.0,0.0,0.0,916.5,0.0
1,224000,VOLCANIC_ROCK_VOUCHER_9500,916.0,12.0,0.0,0.0,0.0,0.0,918,12,0.0,0.0,0.0,0.0,917.0,0.0
1,224100,VOLCANIC_ROCK_VOUCHER_9500,0.0,0.0,0.0,0.0,0.0,0.0,913,2,914.0,18.0,0.0,0.0,913.0,0.0
1,224200,VOLCANIC_ROCK_VOUCHER_9500,909.0,13.0,0.0,0.0,0.0,0.0,910,13,0.0,0.0,0.0,0.0,909.5,0.0
1,224300,VOLCANIC_ROCK_VOUCHER_9500,905.0,19.0,0.0,0.0,0.0,0.0,906,19,0.0,0.0,0.0,0.0,905.5,0.0
1,224400,VOLCANIC_ROCK_VOUCHER_9500,0.0,0.0,0.0,0.0,0.0,0.0,908,10,909.0,10.0,0.0,0.0,908.0,0.0
1,224500,VOLCANIC_ROCK_VOUCHER_9500,909.0,16.0,0.0,0.0,0.0,0.0,910,16,0.0,0.0,0.0,0.0,909.5,0.0
1,224600,VOLCANIC_ROCK_VOUCHER_9500,909.0,15.0,0.0,0.0,0.0,0.0,910,15,0.0,0.0,0.0,0.0,909.5,0.0
1,224700,VOLCANIC_ROCK_VOUCHER_9500,908.0,18.0,0.0,0.0,0.0,0.0,909,18,0.0,0.0,0.0,0.0,908.5,0.0
1,224800,VOLCANIC_ROCK_VOUCHER_9500,910.0,20.0,0.0,0.0,0.0,0.0,911,20,0.0,0.0,0.0,0.0,910.5,0.0
1,224900,VOLCANIC_ROCK_VOUCHER_9500,911.0,21.0,0.0,0.0,0.0,0.0,912,21,0.0,0.0,0.0,0.0,911.5,0.0
1,225000,VOLCANIC_ROCK_VOUCHER_9500,910.0,11.0,0.0,0.0,0.0,0.0,911,11,0.0,0.0,0.0,0.0,910.5,0.0
1,225100,VOLCANIC_ROCK_VOUCHER_9500,911.0,0.0,0.0,0.0,0.0,0.0,912,12,0.0,0.0,0.0,0.0,911.5,0.0
1,225200,VOLCANIC_ROCK_VOUCHER_9500,910.0,18.0,0.0,0.0,0.0,0.0,911,18,0.0,0.0,0.0,0.0,910.5,0.0
1,225300,VOLCANIC_ROCK_VOUCHER_9500,910.0,18.0,0.0,0.0,0.0,0.0,911,18,0.0,0.0,0.0,0.0,910.5,0.0
1,225400,VOLCANIC_ROCK_VOUCHER_9500,911.0,16.0,0.0,0.0,0.0,0.0,912,16,0.0,0.0,0.0,0.0,911.5,0.0
1,225500,VOLCANIC_ROCK_VOUCHER_9500,908.0,37.0,0.0,0.0,0.0,0.0,909,22,0.0,0.0,0.0,0.0,908.5,0.0
1,225600,VOLCANIC_ROCK_VOUCHER_9500,907.0,17.0,0.0,0.0,0.0,0.0,908,17,0.0,0.0,0.0,0.0,907.5,0.0
1,225700,VOLCANIC_ROCK_VOUCHER_9500,912.0,22.0,0.0,0.0,0.0,0.0,913,22,0.0,0.0,0.0,0.0,912.5,0.0
1,225800,VOLCANIC_ROCK_VOUCHER_9500,910.0,14.0,0.0,0.0,0.0,0.0,912,14,0.0,0.0,0.0,0.0,911.0,0.0
1,225900,VOLCANIC_ROCK_VOUCHER_9500,912.0,20.0,0.0,0.0,0.0,0.0,913,20,0.0,0.0,0.0,0.0,912.5,0.0
1,226000,VOLCANIC_ROCK_VOUCHER_9500,911.0,17.0,0.0,0.0,0.0,0.0,912,17,0.0,0.0,0.0,0.0,911.5,0.0
1,226100,VOLCANIC_ROCK_VOUCHER_9500,910.0,22.0,0.0,0.0,0.0,0.0,911,22,0.0,0.0,0.0,0.0,910.5,0.0
1,226200,VOLCANIC_ROCK_VOUCHER_9500,909.0,18.0,0.0,0.0,0.0,0.0,911,18,0.0,0.0,0.0,0.0,910.0,0.0
1,226300,VOLCANIC_ROCK_VOUCHER_9500,911.0,21.0,0.0,0.0,0.0,0.0,912,21,0.0,0.0,0.0,0.0,911.5,0.0
1,226400,VOLCANIC_ROCK_VOUCHER_9500,912.0,12.0,0.0,0.0,0.0,0.0,913,12,0.0,0.0,0.0,0.0,912.5,0.0
1,226500,VOLCANIC_ROCK_VOUCHER_9500,912.0,12.0,0.0,0.0,0.0,0.0,913,12,0.0,0.0,0.0,0.0,912.5,0.0
1,226600,VOLCANIC_ROCK_VOUCHER_9500,912.0,19.0,0.0,0.0,0.0,0.0,913,19,0.0,0.0,0.0,0.0,912.5,0.0
1,226700,VOLCANIC_ROCK_VOUCHER_9500,910.0,0.0,0.0,0.0,0.0,0.0,911,14,0.0,0.0,0.0,0.0,910.5,0.0
1,226800,VOLCANIC_ROCK_VOUCHER_9500,910.0,5.0,0.0,0.0,0.0,0.0,911,16,0.0,0.0,0.0,0.0,910.5,0.0
1,226900,VOLCANIC_ROCK_VOUCHER_9500,907.0,19.0,0.0,0.0,0.0,0.0,908,19,0.0,0.0,0.0,0.0,907.5,0.0
1,227000,VOLCANIC_ROCK_VOUCHER_9500,903.0,15.0,0.0,0.0,0.0,0.0,904,15,0.0,0.0,0.0,0.0,903.5,0.0
1,227100,VOLCANIC_ROCK_VOUCHER_9500,896.0,11.0,0.0,0.0,0.0,0.0,897,11,0.0,0.0,0.0,0.0,896.5,0.0
1,227200,VOLCANIC_ROCK_VOUCHER_9500,900.0,16.0,0.0,0.0,0.0,0.0,901,16,0.0,0.0,0.0,0.0,900.5,0.0
1,227300,VOLCANIC_ROCK_VOUCHER_9500,899.0,16.0,0.0,0.0,0.0,0.0,900,16,0.0,0.0,0.0,0.0,899.5,0.0
1,227400,VOLCANIC_ROCK_VOUCHER_9500,899.0,11.0,0.0,0.0,0.0,0.0,900,11,0.0,0.0,0.0,0.0,899.5,0.0
1,227500,VOLCANIC_ROCK_VOUCHER_9500,895.0,21.0,0.0,0.0,0.0,0.0,896,21,0.0,0.0,0.0,0.0,895.5,0.0
1,227600,VOLCANIC_ROCK_VOUCHER_9500,893.0,17.0,0.0,0.0,0.0,0.0,895,17,0.0,0.0,0.0,0.0,894.0,0.0
1,227700,VOLCANIC_ROCK_VOUCHER_9500,895.0,11.0,0.0,0.0,0.0,0.0,896,11,0.0,0.0,0.0,0.0,895.5,0.0
1,227800,VOLCANIC_ROCK_VOUCHER_9500,897.0,11.0,0.0,0.0,0.0,0.0,899,11,0.0,0.0,0.0,0.0,898.0,0.0
1,227900,VOLCANIC_ROCK_VOUCHER_9500,897.0,18.0,0.0,0.0,0.0,0.0,898,18,0.0,0.0,0.0,0.0,897.5,0.0
1,228000,VOLCANIC_ROCK_VOUCHER_9500,898.0,9.0,0.0,0.0,0.0,0.0,899,17,0.0,0.0,0.0,0.0,898.5,0.0
1,228100,VOLCANIC_ROCK_VOUCHER_9500,896.0,12.0,0.0,0.0,0.0,0.0,897,12,0.0,0.0,0.0,0.0,896.5,0.0
1,228200,VOLCANIC_ROCK_VOUCHER_9500,898.0,19.0,0.0,0.0,0.0,0.0,899,19,0.0,0.0,0.0,0.0,898.5,0.0
1,228300,VOLCANIC_ROCK_VOUCHER_9500,902.0,28.0,0.0,0.0,0.0,0.0,903,10,0.0,0.0,0.0,0.0,902.5,0.0
1,228400,VOLCANIC_ROCK_VOUCHER_9500,903.0,22.0,0.0,0.0,0.0,0.0,904,22,0.0,0.0,0.0,0.0,903.5,0.0
1,228500,VOLCANIC_ROCK_VOUCHER_9500,901.0,13.0,0.0,0.0,0.0,0.0,902,13,0.0,0.0,0.0,0.0,901.5,0.0
1,228600,VOLCANIC_ROCK_VOUCHER_9500,902.0,16.0,0.0,0.0,0.0,0.0,903,1,904.0,15.0,0.0,0.0,902.5,0.0
1,228700,VOLCANIC_ROCK_VOUCHER_9500,902.0,15.0,0.0,0.0,0.0,0.0,904,15,0.0,0.0,0.0,0.0,903.0,0.0
1,228800,VOLCANIC_ROCK_VOUCHER_9500,904.0,19.0,0.0,0.0,0.0,0.0,905,19,0.0,0.0,0.0,0.0,904.5,0.0
1,228900,VOLCANIC_ROCK_VOUCHER_9500,906.0,12.0,0.0,0.0,0.0,0.0,907,12,0.0,0.0,0.0,0.0,906.5,0.0
1,229000,VOLCANIC_ROCK_VOUCHER_9500,0.0,0.0,0.0,0.0,0.0,0.0,904,1,905.0,12.0,0.0,0.0,904.0,0.0
1,229100,VOLCANIC_ROCK_VOUCHER_9500,904.0,16.0,0.0,0.0,0.0,0.0,905,16,0.0,0.0,0.0,0.0,904.5,0.0
1,229200,VOLCANIC_ROCK_VOUCHER_9500,907.0,19.0,0.0,0.0,0.0,0.0,908,19,0.0,0.0,0.0,0.0,907.5,0.0
1,229300,VOLCANIC_ROCK_VOUCHER_9500,908.0,15.0,0.0,0.0,0.0,0.0,909,15,0.0,0.0,0.0,0.0,908.5,0.0
1,229400,VOLCANIC_ROCK_VOUCHER_9500,907.0,13.0,0.0,0.0,0.0,0.0,909,13,0.0,0.0,0.0,0.0,908.0,0.0
1,229500,VOLCANIC_ROCK_VOUCHER_9500,903.0,17.0,0.0,0.0,0.0,0.0,905,17,0.0,0.0,0.0,0.0,904.0,0.0
1,229600,VOLCANIC_ROCK_VOUCHER_9500,903.0,36.0,0.0,0.0,0.0,0.0,904,16,0.0,0.0,0.0,0.0,903.5,0.0
1,229700,VOLCANIC_ROCK_VOUCHER_9500,905.0,22.0,0.0,0.0,0.0,0.0,906,11,0.0,0.0,0.0,0.0,905.5,0.0
1,229800,VOLCANIC_ROCK_VOUCHER_9500,907.0,19.0,0.0,0.0,0.0,0.0,908,19,0.0,0.0,0.0,0.0,907.5,0.0
1,229900,VOLCANIC_ROCK_VOUCHER_9500,907.0,17.0,0.0,0.0,0.0,0.0,908,17,0.0,0.0,0.0,0.0,907.5,0.0
1,230000,VOLCANIC_ROCK_VOUCHER_9500,904.0,14.0,0.0,0.0,0.0,0.0,905,14,0.0,0.0,0.0,0.0,904.5,0.0
1,230100,VOLCANIC_ROCK_VOUCHER_9500,907.0,36.0,0.0,0.0,0.0,0.0,908,21,0.0,0.0,0.0,0.0,907.5,0.0
1,230200,VOLCANIC_ROCK_VOUCHER_9500,907.0,20.0,0.0,0.0,0.0,0.0,908,14,0.0,0.0,0.0,0.0,907.5,0.0
1,230300,VOLCANIC_ROCK_VOUCHER_9500,913.0,10.0,0.0,0.0,0.0,0.0,914,10,0.0,0.0,0.0,0.0,913.5,0.0
1,230400,VOLCANIC_ROCK_VOUCHER_9500,917.0,11.0,0.0,0.0,0.0,0.0,918,11,0.0,0.0,0.0,0.0,917.5,0.0
1,230500,VOLCANIC_ROCK_VOUCHER_9500,917.0,15.0,0.0,0.0,0.0,0.0,918,15,0.0,0.0,0.0,0.0,917.5,0.0
1,230600,VOLCANIC_ROCK_VOUCHER_9500,915.0,18.0,0.0,0.0,0.0,0.0,916,18,0.0,0.0,0.0,0.0,915.5,0.0
1,230700,VOLCANIC_ROCK_VOUCHER_9500,915.0,17.0,0.0,0.0,0.0,0.0,916,17,0.0,0.0,0.0,0.0,915.5,0.0
1,230800,VOLCANIC_ROCK_VOUCHER_9500,916.0,20.0,0.0,0.0,0.0,0.0,917,20,0.0,0.0,0.0,0.0,916.5,0.0
1,230900,VOLCANIC_ROCK_VOUCHER_9500,920.0,12.0,0.0,0.0,0.0,0.0,921,12,0.0,0.0,0.0,0.0,920.5,0.0
1,231000,VOLCANIC_ROCK_VOUCHER_9500,921.0,13.0,0.0,0.0,0.0,0.0,922,13,0.0,0.0,0.0,0.0,921.5,0.0
1,231100,VOLCANIC_ROCK_VOUCHER_9500,921.0,17.0,0.0,0.0,0.0,0.0,922,17,0.0,0.0,0.0,0.0,921.5,0.0
1,231200,VOLCANIC_ROCK_VOUCHER_9500,918.0,11.0,0.0,0.0,0.0,0.0,919,11,0.0,0.0,0.0,0.0,918.5,0.0
1,231300,VOLCANIC_ROCK_VOUCHER_9500,918.0,10.0,0.0,0.0,0.0,0.0,919,20,0.0,0.0,0.0,0.0,918.5,0.0
1,231400,VOLCANIC_ROCK_VOUCHER_9500,920.0,15.0,0.0,0.0,0.0,0.0,921,15,0.0,0.0,0.0,0.0,920.5,0.0
1,231500,VOLCANIC_ROCK_VOUCHER_9500,919.0,16.0,0.0,0.0,0.0,0.0,921,16,0.0,0.0,0.0,0.0,920.0,0.0
1,231600,VOLCANIC_ROCK_VOUCHER_9500,915.0,17.0,0.0,0.0,0.0,0.0,916,17,0.0,0.0,0.0,0.0,915.5,0.0
1,231700,VOLCANIC_ROCK_VOUCHER_9500,914.0,11.0,0.0,0.0,0.0,0.0,916,11,0.0,0.0,0.0,0.0,915.0,0.0
1,231800,VOLCANIC_ROCK_VOUCHER_9500,910.0,17.0,0.0,0.0,0.0,0.0,911,17,0.0,0.0,0.0,0.0,910.5,0.0
1,231900,VOLCANIC_ROCK_VOUCHER_9500,910.0,2.0,0.0,0.0,0.0,0.0,911,15,0.0,0.0,0.0,0.0,910.5,0.0
1,232000,VOLCANIC_ROCK_VOUCHER_9500,907.0,7.0,0.0,0.0,0.0,0.0,908,21,0.0,0.0,0.0,0.0,907.5,0.0
1,232100,VOLCANIC_ROCK_VOUCHER_9500,907.0,14.0,0.0,0.0,0.0,0.0,908,14,0.0,0.0,0.0,0.0,907.5,0.0
1,232200,VOLCANIC_ROCK_VOUCHER_9500,907.0,16.0,0.0,0.0,0.0,0.0,908,16,0.0,0.0,0.0,0.0,907.5,0.0
1,232300,VOLCANIC_ROCK_VOUCHER_9500,908.0,31.0,0.0,0.0,0.0,0.0,909,16,0.0,0.0,0.0,0.0,908.5,0.0
1,232400,VOLCANIC_ROCK_VOUCHER_9500,909.0,13.0,0.0,0.0,0.0,0.0,910,13,0.0,0.0,0.0,0.0,909.5,0.0
1,232500,VOLCANIC_ROCK_VOUCHER_9500,909.0,11.0,0.0,0.0,0.0,0.0,910,1,911.0,10.0,0.0,0.0,909.5,0.0
1,232600,VOLCANIC_ROCK_VOUCHER_9500,910.0,20.0,0.0,0.0,0.0,0.0,911,20,0.0,0.0,0.0,0.0,910.5,0.0
1,232700,VOLCANIC_ROCK_VOUCHER_9500,910.0,13.0,0.0,0.0,0.0,0.0,911,13,0.0,0.0,0.0,0.0,910.5,0.0
1,232800,VOLCANIC_ROCK_VOUCHER_9500,912.0,20.0,0.0,0.0,0.0,0.0,913,20,0.0,0.0,0.0,0.0,912.5,0.0
1,232900,VOLCANIC_ROCK_VOUCHER_9500,911.0,19.0,0.0,0.0,0.0,0.0,912,19,0.0,0.0,0.0,0.0,911.5,0.0
1,233000,VOLCANIC_ROCK_VOUCHER_9500,914.0,13.0,0.0,0.0,0.0,0.0,915,13,0.0,0.0,0.0,0.0,914.5,0.0
1,233100,VOLCANIC_ROCK_VOUCHER_9500,914.0,14.0,0.0,0.0,0.0,0.0,916,14,0.0,0.0,0.0,0.0,915.0,0.0
1,233200,VOLCANIC_ROCK_VOUCHER_9500,913.0,19.0,0.0,0.0,0.0,0.0,914,19,0.0,0.0,0.0,0.0,913.5,0.0
1,233300,VOLCANIC_ROCK_VOUCHER_9500,908.0,31.0,0.0,0.0,0.0,0.0,909,19,0.0,0.0,0.0,0.0,908.5,0.0
1,233400,VOLCANIC_ROCK_VOUCHER_9500,911.0,13.0,0.0,0.0,0.0,0.0,912,13,0.0,0.0,0.0,0.0,911.5,0.0
1,233500,VOLCANIC_ROCK_VOUCHER_9500,909.0,12.0,0.0,0.0,0.0,0.0,910,12,0.0,0.0,0.0,0.0,909.5,0.0
1,233600,VOLCANIC_ROCK_VOUCHER_9500,908.0,13.0,0.0,0.0,0.0,0.0,910,13,0.0,0.0,0.0,0.0,909.0,0.0
1,233700,VOLCANIC_ROCK_VOUCHER_9500,906.0,12.0,0.0,0.0,0.0,0.0,907,12,0.0,0.0,0.0,0.0,906.5,0.0
1,233800,VOLCANIC_ROCK_VOUCHER_9500,907.0,16.0,0.0,0.0,0.0,0.0,908,16,0.0,0.0,0.0,0.0,907.5,0.0
1,233900,VOLCANIC_ROCK_VOUCHER_9500,911.0,13.0,0.0,0.0,0.0,0.0,912,13,0.0,0.0,0.0,0.0,911.5,0.0
1,234000,VOLCANIC_ROCK_VOUCHER_9500,912.0,18.0,0.0,0.0,0.0,0.0,913,18,0.0,0.0,0.0,0.0,912.5,0.0
1,234100,VOLCANIC_ROCK_VOUCHER_9500,914.0,1.0,0.0,0.0,0.0,0.0,915,17,0.0,0.0,0.0,0.0,914.5,0.0
1,234200,VOLCANIC_ROCK_VOUCHER_9500,914.0,11.0,0.0,0.0,0.0,0.0,915,11,0.0,0.0,0.0,0.0,914.5,0.0
1,234300,VOLCANIC_ROCK_VOUCHER_9500,914.0,30.0,0.0,0.0,0.0,0.0,915,20,0.0,0.0,0.0,0.0,914.5,0.0
1,234400,VOLCANIC_ROCK_VOUCHER_9500,919.0,16.0,0.0,0.0,0.0,0.0,920,16,0.0,0.0,0.0,0.0,919.5,0.0
1,234500,VOLCANIC_ROCK_VOUCHER_9500,917.0,18.0,0.0,0.0,0.0,0.0,918,18,0.0,0.0,0.0,0.0,917.5,0.0
1,234600,VOLCANIC_ROCK_VOUCHER_9500,916.0,11.0,0.0,0.0,0.0,0.0,917,21,0.0,0.0,0.0,0.0,916.5,0.0
1,234700,VOLCANIC_ROCK_VOUCHER_9500,916.0,3.0,0.0,0.0,0.0,0.0,917,15,0.0,0.0,0.0,0.0,916.5,0.0
1,234800,VOLCANIC_ROCK_VOUCHER_9500,913.0,16.0,0.0,0.0,0.0,0.0,914,16,0.0,0.0,0.0,0.0,913.5,0.0
1,234900,VOLCANIC_ROCK_VOUCHER_9500,913.0,19.0,0.0,0.0,0.0,0.0,914,19,0.0,0.0,0.0,0.0,913.5,0.0
1,235000,VOLCANIC_ROCK_VOUCHER_9500,915.0,11.0,0.0,0.0,0.0,0.0,916,11,0.0,0.0,0.0,0.0,915.5,0.0
1,235100,VOLCANIC_ROCK_VOUCHER_9500,0.0,0.0,0.0,0.0,0.0,0.0,918,10,0.0,0.0,0.0,0.0,918.0,0.0
1,235200,VOLCANIC_ROCK_VOUCHER_9500,920.0,30.0,0.0,0.0,0.0,0.0,921,18,0.0,0.0,0.0,0.0,920.5,0.0
1,235300,VOLCANIC_ROCK_VOUCHER_9500,918.0,8.0,0.0,0.0,0.0,0.0,919,18,0.0,0.0,0.0,0.0,918.5,0.0
1,235400,VOLCANIC_ROCK_VOUCHER_9500,919.0,13.0,0.0,0.0,0.0,0.0,920,13,0.0,0.0,0.0,0.0,919.5,0.0
1,235500,VOLCANIC_ROCK_VOUCHER_9500,917.0,10.0,0.0,0.0,0.0,0.0,918,10,0.0,0.0,0.0,0.0,917.5,0.0
1,235600,VOLCANIC_ROCK_VOUCHER_9500,914.0,11.0,0.0,0.0,0.0,0.0,915,11,0.0,0.0,0.0,0.0,914.5,0.0
1,235700,VOLCANIC_ROCK_VOUCHER_9500,914.0,11.0,0.0,0.0,0.0,0.0,916,11,0.0,0.0,0.0,0.0,915.0,0.0
1,235800,VOLCANIC_ROCK_VOUCHER_9500,912.0,12.0,0.0,0.0,0.0,0.0,913,12,0.0,0.0,0.0,0.0,912.5,0.0
1,235900,VOLCANIC_ROCK_VOUCHER_9500,914.0,21.0,0.0,0.0,0.0,0.0,915,21,0.0,0.0,0.0,0.0,914.5,0.0
1,236000,VOLCANIC_ROCK_VOUCHER_9500,913.0,12.0,0.0,0.0,0.0,0.0,914,12,0.0,0.0,0.0,0.0,913.5,0.0
1,236100,VOLCANIC_ROCK_VOUCHER_9500,911.0,19.0,0.0,0.0,0.0,0.0,912,19,0.0,0.0,0.0,0.0,911.5,0.0
1,236200,VOLCANIC_ROCK_VOUCHER_9500,911.0,17.0,0.0,0.0,0.0,0.0,913,17,0.0,0.0,0.0,0.0,912.0,0.0
1,236300,VOLCANIC_ROCK_VOUCHER_9500,909.0,21.0,0.0,0.0,0.0,0.0,910,21,0.0,0.0,0.0,0.0,909.5,0.0
1,236400,VOLCANIC_ROCK_VOUCHER_9500,912.0,12.0,0.0,0.0,0.0,0.0,913,12,0.0,0.0,0.0,0.0,912.5,0.0
1,236500,VOLCANIC_ROCK_VOUCHER_9500,911.0,17.0,0.0,0.0,0.0,0.0,912,17,0.0,0.0,0.0,0.0,911.5,0.0
1,236600,VOLCANIC_ROCK_VOUCHER_9500,908.0,4.0,0.0,0.0,0.0,0.0,909,18,0.0,0.0,0.0,0.0,908.5,0.0
1,236700,VOLCANIC_ROCK_VOUCHER_9500,907.0,12.0,0.0,0.0,0.0,0.0,908,12,0.0,0.0,0.0,0.0,907.5,0.0
1,236800,VOLCANIC_ROCK_VOUCHER_9500,906.0,11.0,0.0,0.0,0.0,0.0,907,16,0.0,0.0,0.0,0.0,906.5,0.0
1,236900,VOLCANIC_ROCK_VOUCHER_9500,908.0,18.0,0.0,0.0,0.0,0.0,909,18,0.0,0.0,0.0,0.0,908.5,0.0
1,237000,VOLCANIC_ROCK_VOUCHER_9500,907.0,20.0,0.0,0.0,0.0,0.0,908,20,0.0,0.0,0.0,0.0,907.5,0.0
1,237100,VOLCANIC_ROCK_VOUCHER_9500,909.0,17.0,0.0,0.0,0.0,0.0,910,17,0.0,0.0,0.0,0.0,909.5,0.0
1,237200,VOLCANIC_ROCK_VOUCHER_9500,0.0,0.0,0.0,0.0,0.0,0.0,907,2,908.0,11.0,0.0,0.0,907.0,0.0
1,237300,VOLCANIC_ROCK_VOUCHER_9500,909.0,15.0,0.0,0.0,0.0,0.0,910,15,0.0,0.0,0.0,0.0,909.5,0.0
1,237400,VOLCANIC_ROCK_VOUCHER_9500,906.0,16.0,0.0,0.0,0.0,0.0,907,16,0.0,0.0,0.0,0.0,906.5,0.0
1,237500,VOLCANIC_ROCK_VOUCHER_9500,907.0,16.0,0.0,0.0,0.0,0.0,908,16,0.0,0.0,0.0,0.0,907.5,0.0
1,237600,VOLCANIC_ROCK_VOUCHER_9500,907.0,15.0,0.0,0.0,0.0,0.0,908,15,0.0,0.0,0.0,0.0,907.5,0.0
1,237700,VOLCANIC_ROCK_VOUCHER_9500,907.0,14.0,0.0,0.0,0.0,0.0,908,14,0.0,0.0,0.0,0.0,907.5,0.0
1,237800,VOLCANIC_ROCK_VOUCHER_9500,906.0,16.0,0.0,0.0,0.0,0.0,907,16,0.0,0.0,0.0,0.0,906.5,0.0
1,237900,VOLCANIC_ROCK_VOUCHER_9500,908.0,15.0,0.0,0.0,0.0,0.0,909,15,0.0,0.0,0.0,0.0,908.5,0.0
1,238000,VOLCANIC_ROCK_VOUCHER_9500,905.0,22.0,0.0,0.0,0.0,0.0,906,22,0.0,0.0,0.0,0.0,905.5,0.0
1,238100,VOLCANIC_ROCK_VOUCHER_9500,906.0,16.0,0.0,0.0,0.0,0.0,907,16,0.0,0.0,0.0,0.0,906.5,0.0
1,238200,VOLCANIC_ROCK_VOUCHER_9500,908.0,20.0,0.0,0.0,0.0,0.0,909,20,0.0,0.0,0.0,0.0,908.5,0.0
1,238300,VOLCANIC_ROCK_VOUCHER_9500,907.0,12.0,0.0,0.0,0.0,0.0,908,12,0.0,0.0,0.0,0.0,907.5,0.0
1,238400,VOLCANIC_ROCK_VOUCHER_9500,0.0,0.0,0.0,0.0,0.0,0.0,908,1,909.0,10.0,0.0,0.0,908.0,0.0
1,238500,VOLCANIC_ROCK_VOUCHER_9500,911.0,20.0,0.0,0.0,0.0,0.0,913,20,0.0,0.0,0.0,0.0,912.0,0.0
1,238600,VOLCANIC_ROCK_VOUCHER_9500,909.0,12.0,0.0,0.0,0.0,0.0,910,12,0.0,0.0,0.0,0.0,909.5,0.0
1,238700,VOLCANIC_ROCK_VOUCHER_9500,907.0,20.0,0.0,0.0,0.0,0.0,908,20,0.0,0.0,0.0,0.0,907.5,0.0
1,238800,VOLCANIC_ROCK_VOUCHER_9500,908.0,1.0,0.0,0.0,0.0,0.0,909,14,0.0,0.0,0.0,0.0,908.5,0.0
1,238900,VOLCANIC_ROCK_VOUCHER_9500,909.0,7.0,0.0,0.0,0.0,0.0,911,15,0.0,0.0,0.0,0.0,910.0,0.0
1,239000,VOLCANIC_ROCK_VOUCHER_9500,913.0,16.0,0.0,0.0,0.0,0.0,915,16,0.0,0.0,0.0,0.0,914.0,0.0
1,239100,VOLCANIC_ROCK_VOUCHER_9500,912.0,15.0,0.0,0.0,0.0,0.0,913,15,0.0,0.0,0.0,0.0,912.5,0.0
1,239200,VOLCANIC_ROCK_VOUCHER_9500,911.0,14.0,0.0,0.0,0.0,0.0,912,14,0.0,0.0,0.0,0.0,911.5,0.0
1,239300,VOLCANIC_ROCK_VOUCHER_9500,909.0,15.0,0.0,0.0,0.0,0.0,910,15,0.0,0.0,0.0,0.0,909.5,0.0
1,239400,VOLCANIC_ROCK_VOUCHER_9500,910.0,10.0,0.0,0.0,0.0,0.0,911,10,0.0,0.0,0.0,0.0,910.5,0.0
1,239500,VOLCANIC_ROCK_VOUCHER_9500,911.0,15.0,0.0,0.0,0.0,0.0,912,15,0.0,0.0,0.0,0.0,911.5,0.0
1,239600,VOLCANIC_ROCK_VOUCHER_9500,912.0,12.0,0.0,0.0,0.0,0.0,913,12,0.0,0.0,0.0,0.0,912.5,0.0
1,239700,VOLCANIC_ROCK_VOUCHER_9500,910.0,18.0,0.0,0.0,0.0,0.0,911,18,0.0,0.0,0.0,0.0,910.5,0.0
1,239800,VOLCANIC_ROCK_VOUCHER_9500,912.0,21.0,0.0,0.0,0.0,0.0,913,21,0.0,0.0,0.0,0.0,912.5,0.0
1,239900,VOLCANIC_ROCK_VOUCHER_9500,909.0,9.0,0.0,0.0,0.0,0.0,910,19,0.0,0.0,0.0,0.0,909.5,0.0
1,240000,VOLCANIC_ROCK_VOUCHER_9500,909.0,29.0,0.0,0.0,0.0,0.0,910,16,0.0,0.0,0.0,0.0,909.5,0.0
1,240100,VOLCANIC_ROCK_VOUCHER_9500,910.0,18.0,0.0,0.0,0.0,0.0,911,18,0.0,0.0,0.0,0.0,910.5,0.0
1,240200,VOLCANIC_ROCK_VOUCHER_9500,911.0,20.0,0.0,0.0,0.0,0.0,912,20,0.0,0.0,0.0,0.0,911.5,0.0
1,240300,VOLCANIC_ROCK_VOUCHER_9500,912.0,22.0,0.0,0.0,0.0,0.0,913,22,0.0,0.0,0.0,0.0,912.5,0.0
1,240400,VOLCANIC_ROCK_VOUCHER_9500,912.0,17.0,0.0,0.0,0.0,0.0,913,17,0.0,0.0,0.0,0.0,912.5,0.0
1,240500,VOLCANIC_ROCK_VOUCHER_9500,911.0,19.0,0.0,0.0,0.0,0.0,912,19,0.0,0.0,0.0,0.0,911.5,0.0
1,240600,VOLCANIC_ROCK_VOUCHER_9500,913.0,15.0,0.0,0.0,0.0,0.0,914,15,0.0,0.0,0.0,0.0,913.5,0.0
1,240700,VOLCANIC_ROCK_VOUCHER_9500,911.0,13.0,0.0,0.0,0.0,0.0,912,13,0.0,0.0,0.0,0.0,911.5,0.0
1,240800,VOLCANIC_ROCK_VOUCHER_9500,909.0,34.0,0.0,0.0,0.0,0.0,910,15,0.0,0.0,0.0,0.0,909.5,0.0
1,240900,VOLCANIC_ROCK_VOUCHER_9500,912.0,17.0,0.0,0.0,0.0,0.0,913,17,0.0,0.0,0.0,0.0,912.5,0.0
1,241000,VOLCANIC_ROCK_VOUCHER_9500,910.0,18.0,0.0,0.0,0.0,0.0,911,18,0.0,0.0,0.0,0.0,910.5,0.0
1,241100,VOLCANIC_ROCK_VOUCHER_9500,911.0,14.0,0.0,0.0,0.0,0.0,912,14,0.0,0.0,0.0,0.0,911.5,0.0
1,241200,VOLCANIC_ROCK_VOUCHER_9500,912.0,15.0,0.0,0.0,0.0,0.0,913,15,0.0,0.0,0.0,0.0,912.5,0.0
1,241300,VOLCANIC_ROCK_VOUCHER_9500,913.0,18.0,0.0,0.0,0.0,0.0,914,18,0.0,0.0,0.0,0.0,913.5,0.0
1,241400,VOLCANIC_ROCK_VOUCHER_9500,910.0,18.0,0.0,0.0,0.0,0.0,911,18,0.0,0.0,0.0,0.0,910.5,0.0
1,241500,VOLCANIC_ROCK_VOUCHER_9500,911.0,15.0,0.0,0.0,0.0,0.0,913,15,0.0,0.0,0.0,0.0,912.0,0.0
1,241600,VOLCANIC_ROCK_VOUCHER_9500,908.0,11.0,0.0,0.0,0.0,0.0,909,11,0.0,0.0,0.0,0.0,908.5,0.0
1,241700,VOLCANIC_ROCK_VOUCHER_9500,909.0,41.0,0.0,0.0,0.0,0.0,910,19,0.0,0.0,0.0,0.0,909.5,0.0
1,241800,VOLCANIC_ROCK_VOUCHER_9500,910.0,15.0,0.0,0.0,0.0,0.0,911,15,0.0,0.0,0.0,0.0,910.5,0.0
1,241900,VOLCANIC_ROCK_VOUCHER_9500,908.0,27.0,0.0,0.0,0.0,0.0,909,14,0.0,0.0,0.0,0.0,908.5,0.0
1,242000,VOLCANIC_ROCK_VOUCHER_9500,908.0,16.0,0.0,0.0,0.0,0.0,909,16,0.0,0.0,0.0,0.0,908.5,0.0
1,242100,VOLCANIC_ROCK_VOUCHER_9500,902.0,22.0,0.0,0.0,0.0,0.0,903,22,0.0,0.0,0.0,0.0,902.5,0.0
1,242200,VOLCANIC_ROCK_VOUCHER_9500,901.0,15.0,0.0,0.0,0.0,0.0,902,15,0.0,0.0,0.0,0.0,901.5,0.0
1,242300,VOLCANIC_ROCK_VOUCHER_9500,900.0,13.0,0.0,0.0,0.0,0.0,902,13,0.0,0.0,0.0,0.0,901.0,0.0
1,242400,VOLCANIC_ROCK_VOUCHER_9500,901.0,17.0,0.0,0.0,0.0,0.0,902,17,0.0,0.0,0.0,0.0,901.5,0.0
1,242500,VOLCANIC_ROCK_VOUCHER_9500,904.0,16.0,0.0,0.0,0.0,0.0,905,16,0.0,0.0,0.0,0.0,904.5,0.0
1,242600,VOLCANIC_ROCK_VOUCHER_9500,905.0,36.0,0.0,0.0,0.0,0.0,906,19,0.0,0.0,0.0,0.0,905.5,0.0
1,242700,VOLCANIC_ROCK_VOUCHER_9500,905.0,20.0,0.0,0.0,0.0,0.0,906,20,0.0,0.0,0.0,0.0,905.5,0.0
1,242800,VOLCANIC_ROCK_VOUCHER_9500,907.0,3.0,0.0,0.0,0.0,0.0,908,16,0.0,0.0,0.0,0.0,907.5,0.0
1,242900,VOLCANIC_ROCK_VOUCHER_9500,908.0,32.0,0.0,0.0,0.0,0.0,909,17,0.0,0.0,0.0,0.0,908.5,0.0
1,243000,VOLCANIC_ROCK_VOUCHER_9500,910.0,11.0,0.0,0.0,0.0,0.0,911,11,0.0,0.0,0.0,0.0,910.5,0.0
1,243100,VOLCANIC_ROCK_VOUCHER_9500,911.0,15.0,0.0,0.0,0.0,0.0,912,15,0.0,0.0,0.0,0.0,911.5,0.0
1,243200,VOLCANIC_ROCK_VOUCHER_9500,911.0,7.0,0.0,0.0,0.0,0.0,912,18,0.0,0.0,0.0,0.0,911.5,0.0
1,243300,VOLCANIC_ROCK_VOUCHER_9500,916.0,4.0,0.0,0.0,0.0,0.0,917,20,0.0,0.0,0.0,0.0,916.5,0.0
1,243400,VOLCANIC_ROCK_VOUCHER_9500,919.0,10.0,0.0,0.0,0.0,0.0,920,10,0.0,0.0,0.0,0.0,919.5,0.0
1,243500,VOLCANIC_ROCK_VOUCHER_9500,919.0,14.0,0.0,0.0,0.0,0.0,920,1,921.0,13.0,0.0,0.0,919.5,0.0
1,243600,VOLCANIC_ROCK_VOUCHER_9500,918.0,10.0,0.0,0.0,0.0,0.0,920,10,0.0,0.0,0.0,0.0,919.0,0.0
1,243700,VOLCANIC_ROCK_VOUCHER_9500,920.0,38.0,0.0,0.0,0.0,0.0,921,18,0.0,0.0,0.0,0.0,920.5,0.0
1,243800,VOLCANIC_ROCK_VOUCHER_9500,918.0,10.0,0.0,0.0,0.0,0.0,919,10,0.0,0.0,0.0,0.0,918.5,0.0
1,243900,VOLCANIC_ROCK_VOUCHER_9500,918.0,20.0,0.0,0.0,0.0,0.0,919,20,0.0,0.0,0.0,0.0,918.5,0.0
1,244000,VOLCANIC_ROCK_VOUCHER_9500,919.0,16.0,0.0,0.0,0.0,0.0,921,16,0.0,0.0,0.0,0.0,920.0,0.0
1,244100,VOLCANIC_ROCK_VOUCHER_9500,917.0,21.0,0.0,0.0,0.0,0.0,918,21,0.0,0.0,0.0,0.0,917.5,0.0
1,244200,VOLCANIC_ROCK_VOUCHER_9500,920.0,15.0,0.0,0.0,0.0,0.0,921,15,0.0,0.0,0.0,0.0,920.5,0.0
1,244300,VOLCANIC_ROCK_VOUCHER_9500,921.0,11.0,0.0,0.0,0.0,0.0,922,11,0.0,0.0,0.0,0.0,921.5,0.0
1,244400,VOLCANIC_ROCK_VOUCHER_9500,921.0,21.0,0.0,0.0,0.0,0.0,922,21,0.0,0.0,0.0,0.0,921.5,0.0
1,244500,VOLCANIC_ROCK_VOUCHER_9500,921.0,21.0,0.0,0.0,0.0,0.0,922,21,0.0,0.0,0.0,0.0,921.5,0.0
1,244600,VOLCANIC_ROCK_VOUCHER_9500,920.0,12.0,0.0,0.0,0.0,0.0,922,12,0.0,0.0,0.0,0.0,921.0,0.0
1,244700,VOLCANIC_ROCK_VOUCHER_9500,921.0,14.0,0.0,0.0,0.0,0.0,922,14,0.0,0.0,0.0,0.0,921.5,0.0
1,244800,VOLCANIC_ROCK_VOUCHER_9500,921.0,14.0,0.0,0.0,0.0,0.0,922,14,0.0,0.0,0.0,0.0,921.5,0.0
1,244900,VOLCANIC_ROCK_VOUCHER_9500,922.0,13.0,0.0,0.0,0.0,0.0,923,13,0.0,0.0,0.0,0.0,922.5,0.0
1,245000,VOLCANIC_ROCK_VOUCHER_9500,921.0,15.0,0.0,0.0,0.0,0.0,922,15,0.0,0.0,0.0,0.0,921.5,0.0
1,245100,VOLCANIC_ROCK_VOUCHER_9500,920.0,17.0,0.0,0.0,0.0,0.0,921,17,0.0,0.0,0.0,0.0,920.5,0.0
1,245200,VOLCANIC_ROCK_VOUCHER_9500,922.0,14.0,0.0,0.0,0.0,0.0,923,14,0.0,0.0,0.0,0.0,922.5,0.0
1,245300,VOLCANIC_ROCK_VOUCHER_9500,922.0,21.0,0.0,0.0,0.0,0.0,923,21,0.0,0.0,0.0,0.0,922.5,0.0
1,245400,VOLCANIC_ROCK_VOUCHER_9500,921.0,12.0,0.0,0.0,0.0,0.0,922,12,0.0,0.0,0.0,0.0,921.5,0.0
1,245500,VOLCANIC_ROCK_VOUCHER_9500,922.0,21.0,0.0,0.0,0.0,0.0,923,21,0.0,0.0,0.0,0.0,922.5,0.0
1,245600,VOLCANIC_ROCK_VOUCHER_9500,922.0,12.0,0.0,0.0,0.0,0.0,923,12,0.0,0.0,0.0,0.0,922.5,0.0
1,245700,VOLCANIC_ROCK_VOUCHER_9500,922.0,13.0,0.0,0.0,0.0,0.0,923,13,0.0,0.0,0.0,0.0,922.5,0.0
1,245800,VOLCANIC_ROCK_VOUCHER_9500,922.0,11.0,0.0,0.0,0.0,0.0,923,11,0.0,0.0,0.0,0.0,922.5,0.0
1,245900,VOLCANIC_ROCK_VOUCHER_9500,918.0,14.0,0.0,0.0,0.0,0.0,919,14,0.0,0.0,0.0,0.0,918.5,0.0
1,246000,VOLCANIC_ROCK_VOUCHER_9500,920.0,11.0,0.0,0.0,0.0,0.0,921,11,0.0,0.0,0.0,0.0,920.5,0.0
1,246100,VOLCANIC_ROCK_VOUCHER_9500,923.0,19.0,0.0,0.0,0.0,0.0,924,19,0.0,0.0,0.0,0.0,923.5,0.0
1,246200,VOLCANIC_ROCK_VOUCHER_9500,925.0,15.0,0.0,0.0,0.0,0.0,926,15,0.0,0.0,0.0,0.0,925.5,0.0
1,246300,VOLCANIC_ROCK_VOUCHER_9500,929.0,18.0,0.0,0.0,0.0,0.0,930,18,0.0,0.0,0.0,0.0,929.5,0.0
1,246400,VOLCANIC_ROCK_VOUCHER_9500,930.0,1.0,929.0,11.0,0.0,0.0,931,12,0.0,0.0,0.0,0.0,930.5,0.0
1,246500,VOLCANIC_ROCK_VOUCHER_9500,929.0,10.0,0.0,0.0,0.0,0.0,930,10,0.0,0.0,0.0,0.0,929.5,0.0
1,246600,VOLCANIC_ROCK_VOUCHER_9500,928.0,14.0,0.0,0.0,0.0,0.0,929,14,0.0,0.0,0.0,0.0,928.5,0.0
1,246700,VOLCANIC_ROCK_VOUCHER_9500,926.0,18.0,0.0,0.0,0.0,0.0,927,18,0.0,0.0,0.0,0.0,926.5,0.0
1,246800,VOLCANIC_ROCK_VOUCHER_9500,925.0,11.0,0.0,0.0,0.0,0.0,926,16,0.0,0.0,0.0,0.0,925.5,0.0
1,246900,VOLCANIC_ROCK_VOUCHER_9500,925.0,18.0,0.0,0.0,0.0,0.0,926,18,0.0,0.0,0.0,0.0,925.5,0.0
1,247000,VOLCANIC_ROCK_VOUCHER_9500,927.0,12.0,0.0,0.0,0.0,0.0,928,12,0.0,0.0,0.0,0.0,927.5,0.0
1,247100,VOLCANIC_ROCK_VOUCHER_9500,928.0,15.0,0.0,0.0,0.0,0.0,929,15,0.0,0.0,0.0,0.0,928.5,0.0
1,247200,VOLCANIC_ROCK_VOUCHER_9500,929.0,16.0,0.0,0.0,0.0,0.0,930,16,0.0,0.0,0.0,0.0,929.5,0.0
1,247300,VOLCANIC_ROCK_VOUCHER_9500,928.0,15.0,0.0,0.0,0.0,0.0,929,15,0.0,0.0,0.0,0.0,928.5,0.0
1,247400,VOLCANIC_ROCK_VOUCHER_9500,929.0,14.0,0.0,0.0,0.0,0.0,930,14,0.0,0.0,0.0,0.0,929.5,0.0
1,247500,VOLCANIC_ROCK_VOUCHER_9500,926.0,17.0,0.0,0.0,0.0,0.0,927,17,0.0,0.0,0.0,0.0,926.5,0.0
1,247600,VOLCANIC_ROCK_VOUCHER_9500,924.0,25.0,0.0,0.0,0.0,0.0,925,13,0.0,0.0,0.0,0.0,924.5,0.0
1,247700,VOLCANIC_ROCK_VOUCHER_9500,924.0,11.0,0.0,0.0,0.0,0.0,925,11,0.0,0.0,0.0,0.0,924.5,0.0
1,247800,VOLCANIC_ROCK_VOUCHER_9500,925.0,15.0,0.0,0.0,0.0,0.0,926,15,0.0,0.0,0.0,0.0,925.5,0.0
1,247900,VOLCANIC_ROCK_VOUCHER_9500,926.0,14.0,0.0,0.0,0.0,0.0,927,14,0.0,0.0,0.0,0.0,926.5,0.0
1,248000,VOLCANIC_ROCK_VOUCHER_9500,924.0,11.0,0.0,0.0,0.0,0.0,925,11,0.0,0.0,0.0,0.0,924.5,0.0
1,248100,VOLCANIC_ROCK_VOUCHER_9500,925.0,14.0,0.0,0.0,0.0,0.0,927,14,0.0,0.0,0.0,0.0,926.0,0.0
1,248200,VOLCANIC_ROCK_VOUCHER_9500,925.0,11.0,0.0,0.0,0.0,0.0,926,11,0.0,0.0,0.0,0.0,925.5,0.0
1,248300,VOLCANIC_ROCK_VOUCHER_9500,921.0,3.0,0.0,0.0,0.0,0.0,922,11,0.0,0.0,0.0,0.0,921.5,0.0
1,248400,VOLCANIC_ROCK_VOUCHER_9500,922.0,17.0,0.0,0.0,0.0,0.0,923,17,0.0,0.0,0.0,0.0,922.5,0.0
1,248500,VOLCANIC_ROCK_VOUCHER_9500,924.0,16.0,0.0,0.0,0.0,0.0,925,16,0.0,0.0,0.0,0.0,924.5,0.0
1,248600,VOLCANIC_ROCK_VOUCHER_9500,923.0,13.0,0.0,0.0,0.0,0.0,924,13,0.0,0.0,0.0,0.0,923.5,0.0
1,248700,VOLCANIC_ROCK_VOUCHER_9500,924.0,20.0,0.0,0.0,0.0,0.0,925,20,0.0,0.0,0.0,0.0,924.5,0.0
1,248800,VOLCANIC_ROCK_VOUCHER_9500,927.0,17.0,0.0,0.0,0.0,0.0,928,17,0.0,0.0,0.0,0.0,927.5,0.0
1,248900,VOLCANIC_ROCK_VOUCHER_9500,930.0,20.0,0.0,0.0,0.0,0.0,931,20,0.0,0.0,0.0,0.0,930.5,0.0
1,249000,VOLCANIC_ROCK_VOUCHER_9500,935.0,33.0,0.0,0.0,0.0,0.0,936,14,0.0,0.0,0.0,0.0,935.5,0.0
1,249100,VOLCANIC_ROCK_VOUCHER_9500,934.0,14.0,0.0,0.0,0.0,0.0,935,14,0.0,0.0,0.0,0.0,934.5,0.0
1,249200,VOLCANIC_ROCK_VOUCHER_9500,931.0,19.0,0.0,0.0,0.0,0.0,932,19,0.0,0.0,0.0,0.0,931.5,0.0
1,249300,VOLCANIC_ROCK_VOUCHER_9500,933.0,19.0,0.0,0.0,0.0,0.0,934,19,0.0,0.0,0.0,0.0,933.5,0.0
1,249400,VOLCANIC_ROCK_VOUCHER_9500,932.0,17.0,0.0,0.0,0.0,0.0,933,17,0.0,0.0,0.0,0.0,932.5,0.0
1,249500,VOLCANIC_ROCK_VOUCHER_9500,934.0,1.0,0.0,0.0,0.0,0.0,935,15,0.0,0.0,0.0,0.0,934.5,0.0
1,249600,VOLCANIC_ROCK_VOUCHER_9500,932.0,19.0,0.0,0.0,0.0,0.0,933,19,0.0,0.0,0.0,0.0,932.5,0.0
1,249700,VOLCANIC_ROCK_VOUCHER_9500,933.0,20.0,0.0,0.0,0.0,0.0,934,20,0.0,0.0,0.0,0.0,933.5,0.0
1,249800,VOLCANIC_ROCK_VOUCHER_9500,931.0,19.0,0.0,0.0,0.0,0.0,932,19,0.0,0.0,0.0,0.0,931.5,0.0
1,249900,VOLCANIC_ROCK_VOUCHER_9500,931.0,21.0,0.0,0.0,0.0,0.0,932,21,0.0,0.0,0.0,0.0,931.5,0.0
1,250000,VOLCANIC_ROCK_VOUCHER_9500,931.0,12.0,0.0,0.0,0.0,0.0,932,12,0.0,0.0,0.0,0.0,931.5,0.0
1,250100,VOLCANIC_ROCK_VOUCHER_9500,926.0,12.0,0.0,0.0,0.0,0.0,927,12,0.0,0.0,0.0,0.0,926.5,0.0
1,250200,VOLCANIC_ROCK_VOUCHER_9500,929.0,18.0,0.0,0.0,0.0,0.0,930,18,0.0,0.0,0.0,0.0,929.5,0.0
1,250300,VOLCANIC_ROCK_VOUCHER_9500,928.0,14.0,0.0,0.0,0.0,0.0,929,2,930.0,12.0,0.0,0.0,928.5,0.0
1,250400,VOLCANIC_ROCK_VOUCHER_9500,0.0,0.0,0.0,0.0,0.0,0.0,927,1,928.0,12.0,0.0,0.0,927.0,0.0
1,250500,VOLCANIC_ROCK_VOUCHER_9500,926.0,19.0,0.0,0.0,0.0,0.0,927,19,0.0,0.0,0.0,0.0,926.5,0.0
1,250600,VOLCANIC_ROCK_VOUCHER_9500,926.0,17.0,0.0,0.0,0.0,0.0,927,17,0.0,0.0,0.0,0.0,926.5,0.0
1,250700,VOLCANIC_ROCK_VOUCHER_9500,927.0,18.0,0.0,0.0,0.0,0.0,928,18,0.0,0.0,0.0,0.0,927.5,0.0
1,250800,VOLCANIC_ROCK_VOUCHER_9500,929.0,13.0,0.0,0.0,0.0,0.0,930,13,0.0,0.0,0.0,0.0,929.5,0.0
1,250900,VOLCANIC_ROCK_VOUCHER_9500,930.0,1.0,0.0,0.0,0.0,0.0,931,19,0.0,0.0,0.0,0.0,930.5,0.0
1,251000,VOLCANIC_ROCK_VOUCHER_9500,932.0,15.0,0.0,0.0,0.0,0.0,933,15,0.0,0.0,0.0,0.0,932.5,0.0
1,251100,VOLCANIC_ROCK_VOUCHER_9500,934.0,20.0,0.0,0.0,0.0,0.0,936,20,0.0,0.0,0.0,0.0,935.0,0.0
1,251200,VOLCANIC_ROCK_VOUCHER_9500,934.0,20.0,0.0,0.0,0.0,0.0,935,20,0.0,0.0,0.0,0.0,934.5,0.0
1,251300,VOLCANIC_ROCK_VOUCHER_9500,934.0,2.0,0.0,0.0,0.0,0.0,935,19,0.0,0.0,0.0,0.0,934.5,0.0
1,251400,VOLCANIC_ROCK_VOUCHER_9500,934.0,17.0,0.0,0.0,0.0,0.0,935,17,0.0,0.0,0.0,0.0,934.5,0.0
1,251500,VOLCANIC_ROCK_VOUCHER_9500,934.0,19.0,0.0,0.0,0.0,0.0,935,19,0.0,0.0,0.0,0.0,934.5,0.0
1,251600,VOLCANIC_ROCK_VOUCHER_9500,929.0,22.0,0.0,0.0,0.0,0.0,930,22,0.0,0.0,0.0,0.0,929.5,0.0
1,251700,VOLCANIC_ROCK_VOUCHER_9500,931.0,14.0,0.0,0.0,0.0,0.0,932,14,0.0,0.0,0.0,0.0,931.5,0.0
1,251800,VOLCANIC_ROCK_VOUCHER_9500,931.0,16.0,0.0,0.0,0.0,0.0,933,16,0.0,0.0,0.0,0.0,932.0,0.0
1,251900,VOLCANIC_ROCK_VOUCHER_9500,928.0,14.0,0.0,0.0,0.0,0.0,929,14,0.0,0.0,0.0,0.0,928.5,0.0
1,252000,VOLCANIC_ROCK_VOUCHER_9500,930.0,14.0,0.0,0.0,0.0,0.0,931,14,0.0,0.0,0.0,0.0,930.5,0.0
1,252100,VOLCANIC_ROCK_VOUCHER_9500,930.0,17.0,929.0,12.0,0.0,0.0,931,12,0.0,0.0,0.0,0.0,930.5,0.0
1,252200,VOLCANIC_ROCK_VOUCHER_9500,932.0,18.0,0.0,0.0,0.0,0.0,933,18,0.0,0.0,0.0,0.0,932.5,0.0
1,252300,VOLCANIC_ROCK_VOUCHER_9500,934.0,20.0,0.0,0.0,0.0,0.0,936,20,0.0,0.0,0.0,0.0,935.0,0.0
1,252400,VOLCANIC_ROCK_VOUCHER_9500,938.0,18.0,0.0,0.0,0.0,0.0,939,18,0.0,0.0,0.0,0.0,938.5,0.0
1,252500,VOLCANIC_ROCK_VOUCHER_9500,940.0,19.0,0.0,0.0,0.0,0.0,942,19,0.0,0.0,0.0,0.0,941.0,0.0
1,252600,VOLCANIC_ROCK_VOUCHER_9500,939.0,19.0,0.0,0.0,0.0,0.0,940,19,0.0,0.0,0.0,0.0,939.5,0.0
1,252700,VOLCANIC_ROCK_VOUCHER_9500,937.0,15.0,0.0,0.0,0.0,0.0,938,15,0.0,0.0,0.0,0.0,937.5,0.0
1,252800,VOLCANIC_ROCK_VOUCHER_9500,937.0,14.0,0.0,0.0,0.0,0.0,938,14,0.0,0.0,0.0,0.0,937.5,0.0
1,252900,VOLCANIC_ROCK_VOUCHER_9500,936.0,13.0,0.0,0.0,0.0,0.0,937,13,0.0,0.0,0.0,0.0,936.5,0.0
1,253000,VOLCANIC_ROCK_VOUCHER_9500,938.0,14.0,0.0,0.0,0.0,0.0,939,14,0.0,0.0,0.0,0.0,938.5,0.0
1,253100,VOLCANIC_ROCK_VOUCHER_9500,938.0,12.0,0.0,0.0,0.0,0.0,939,12,0.0,0.0,0.0,0.0,938.5,0.0
1,253200,VOLCANIC_ROCK_VOUCHER_9500,940.0,13.0,0.0,0.0,0.0,0.0,941,13,0.0,0.0,0.0,0.0,940.5,0.0
1,253300,VOLCANIC_ROCK_VOUCHER_9500,938.0,18.0,0.0,0.0,0.0,0.0,940,18,0.0,0.0,0.0,0.0,939.0,0.0
1,253400,VOLCANIC_ROCK_VOUCHER_9500,937.0,22.0,0.0,0.0,0.0,0.0,938,22,0.0,0.0,0.0,0.0,937.5,0.0
1,253500,VOLCANIC_ROCK_VOUCHER_9500,937.0,21.0,0.0,0.0,0.0,0.0,938,21,0.0,0.0,0.0,0.0,937.5,0.0
1,253600,VOLCANIC_ROCK_VOUCHER_9500,937.0,12.0,0.0,0.0,0.0,0.0,939,12,0.0,0.0,0.0,0.0,938.0,0.0
1,253700,VOLCANIC_ROCK_VOUCHER_9500,937.0,14.0,0.0,0.0,0.0,0.0,938,14,0.0,0.0,0.0,0.0,937.5,0.0
1,253800,VOLCANIC_ROCK_VOUCHER_9500,934.0,21.0,0.0,0.0,0.0,0.0,935,21,0.0,0.0,0.0,0.0,934.5,0.0
1,253900,VOLCANIC_ROCK_VOUCHER_9500,935.0,11.0,0.0,0.0,0.0,0.0,936,11,0.0,0.0,0.0,0.0,935.5,0.0
1,254000,VOLCANIC_ROCK_VOUCHER_9500,934.0,17.0,0.0,0.0,0.0,0.0,935,17,0.0,0.0,0.0,0.0,934.5,0.0
1,254100,VOLCANIC_ROCK_VOUCHER_9500,930.0,13.0,0.0,0.0,0.0,0.0,931,13,0.0,0.0,0.0,0.0,930.5,0.0
1,254200,VOLCANIC_ROCK_VOUCHER_9500,931.0,17.0,0.0,0.0,0.0,0.0,932,17,0.0,0.0,0.0,0.0,931.5,0.0
1,254300,VOLCANIC_ROCK_VOUCHER_9500,931.0,21.0,0.0,0.0,0.0,0.0,932,21,0.0,0.0,0.0,0.0,931.5,0.0
1,254400,VOLCANIC_ROCK_VOUCHER_9500,931.0,12.0,0.0,0.0,0.0,0.0,932,12,0.0,0.0,0.0,0.0,931.5,0.0
1,254500,VOLCANIC_ROCK_VOUCHER_9500,930.0,15.0,0.0,0.0,0.0,0.0,931,15,0.0,0.0,0.0,0.0,930.5,0.0
1,254600,VOLCANIC_ROCK_VOUCHER_9500,928.0,11.0,0.0,0.0,0.0,0.0,930,11,0.0,0.0,0.0,0.0,929.0,0.0
1,254700,VOLCANIC_ROCK_VOUCHER_9500,929.0,14.0,0.0,0.0,0.0,0.0,931,14,0.0,0.0,0.0,0.0,930.0,0.0
1,254800,VOLCANIC_ROCK_VOUCHER_9500,931.0,20.0,0.0,0.0,0.0,0.0,932,20,0.0,0.0,0.0,0.0,931.5,0.0
1,254900,VOLCANIC_ROCK_VOUCHER_9500,932.0,20.0,0.0,0.0,0.0,0.0,933,20,0.0,0.0,0.0,0.0,932.5,0.0
1,255000,VOLCANIC_ROCK_VOUCHER_9500,935.0,12.0,0.0,0.0,0.0,0.0,936,12,0.0,0.0,0.0,0.0,935.5,0.0
1,255100,VOLCANIC_ROCK_VOUCHER_9500,937.0,19.0,0.0,0.0,0.0,0.0,938,19,0.0,0.0,0.0,0.0,937.5,0.0
1,255200,VOLCANIC_ROCK_VOUCHER_9500,937.0,17.0,0.0,0.0,0.0,0.0,938,17,0.0,0.0,0.0,0.0,937.5,0.0
1,255300,VOLCANIC_ROCK_VOUCHER_9500,935.0,19.0,0.0,0.0,0.0,0.0,936,19,0.0,0.0,0.0,0.0,935.5,0.0
1,255400,VOLCANIC_ROCK_VOUCHER_9500,942.0,21.0,0.0,0.0,0.0,0.0,943,21,0.0,0.0,0.0,0.0,942.5,0.0
1,255500,VOLCANIC_ROCK_VOUCHER_9500,941.0,12.0,0.0,0.0,0.0,0.0,942,12,0.0,0.0,0.0,0.0,941.5,0.0
1,255600,VOLCANIC_ROCK_VOUCHER_9500,940.0,16.0,0.0,0.0,0.0,0.0,941,16,0.0,0.0,0.0,0.0,940.5,0.0
1,255700,VOLCANIC_ROCK_VOUCHER_9500,941.0,13.0,0.0,0.0,0.0,0.0,942,13,0.0,0.0,0.0,0.0,941.5,0.0
1,255800,VOLCANIC_ROCK_VOUCHER_9500,942.0,14.0,0.0,0.0,0.0,0.0,943,14,0.0,0.0,0.0,0.0,942.5,0.0
1,255900,VOLCANIC_ROCK_VOUCHER_9500,942.0,15.0,0.0,0.0,0.0,0.0,943,15,0.0,0.0,0.0,0.0,942.5,0.0
1,256000,VOLCANIC_ROCK_VOUCHER_9500,941.0,18.0,0.0,0.0,0.0,0.0,943,18,0.0,0.0,0.0,0.0,942.0,0.0
1,256100,VOLCANIC_ROCK_VOUCHER_9500,942.0,14.0,0.0,0.0,0.0,0.0,943,14,0.0,0.0,0.0,0.0,942.5,0.0
1,256200,VOLCANIC_ROCK_VOUCHER_9500,941.0,17.0,0.0,0.0,0.0,0.0,942,17,0.0,0.0,0.0,0.0,941.5,0.0
1,256300,VOLCANIC_ROCK_VOUCHER_9500,940.0,17.0,0.0,0.0,0.0,0.0,941,17,0.0,0.0,0.0,0.0,940.5,0.0
1,256400,VOLCANIC_ROCK_VOUCHER_9500,940.0,13.0,0.0,0.0,0.0,0.0,942,13,0.0,0.0,0.0,0.0,941.0,0.0
1,256500,VOLCANIC_ROCK_VOUCHER_9500,940.0,16.0,0.0,0.0,0.0,0.0,942,16,0.0,0.0,0.0,0.0,941.0,0.0
1,256600,VOLCANIC_ROCK_VOUCHER_9500,938.0,20.0,0.0,0.0,0.0,0.0,939,20,0.0,0.0,0.0,0.0,938.5,0.0
1,256700,VOLCANIC_ROCK_VOUCHER_9500,937.0,20.0,0.0,0.0,0.0,0.0,938,20,0.0,0.0,0.0,0.0,937.5,0.0
1,256800,VOLCANIC_ROCK_VOUCHER_9500,940.0,10.0,0.0,0.0,0.0,0.0,941,21,0.0,0.0,0.0,0.0,940.5,0.0
1,256900,VOLCANIC_ROCK_VOUCHER_9500,940.0,22.0,0.0,0.0,0.0,0.0,941,22,0.0,0.0,0.0,0.0,940.5,0.0
1,257000,VOLCANIC_ROCK_VOUCHER_9500,940.0,18.0,0.0,0.0,0.0,0.0,941,18,0.0,0.0,0.0,0.0,940.5,0.0
1,257100,VOLCANIC_ROCK_VOUCHER_9500,941.0,16.0,0.0,0.0,0.0,0.0,942,16,0.0,0.0,0.0,0.0,941.5,0.0
1,257200,VOLCANIC_ROCK_VOUCHER_9500,941.0,19.0,0.0,0.0,0.0,0.0,942,19,0.0,0.0,0.0,0.0,941.5,0.0
1,257300,VOLCANIC_ROCK_VOUCHER_9500,939.0,20.0,0.0,0.0,0.0,0.0,940,20,0.0,0.0,0.0,0.0,939.5,0.0
1,257400,VOLCANIC_ROCK_VOUCHER_9500,937.0,11.0,0.0,0.0,0.0,0.0,938,11,0.0,0.0,0.0,0.0,937.5,0.0
1,257500,VOLCANIC_ROCK_VOUCHER_9500,937.0,19.0,0.0,0.0,0.0,0.0,938,19,0.0,0.0,0.0,0.0,937.5,0.0
1,257600,VOLCANIC_ROCK_VOUCHER_9500,936.0,4.0,0.0,0.0,0.0,0.0,937,20,0.0,0.0,0.0,0.0,936.5,0.0
1,257700,VOLCANIC_ROCK_VOUCHER_9500,934.0,18.0,0.0,0.0,0.0,0.0,935,18,0.0,0.0,0.0,0.0,934.5,0.0
1,257800,VOLCANIC_ROCK_VOUCHER_9500,934.0,21.0,0.0,0.0,0.0,0.0,936,21,0.0,0.0,0.0,0.0,935.0,0.0
1,257900,VOLCANIC_ROCK_VOUCHER_9500,934.0,13.0,0.0,0.0,0.0,0.0,936,13,0.0,0.0,0.0,0.0,935.0,0.0
1,258000,VOLCANIC_ROCK_VOUCHER_9500,935.0,12.0,0.0,0.0,0.0,0.0,936,12,0.0,0.0,0.0,0.0,935.5,0.0
1,258100,VOLCANIC_ROCK_VOUCHER_9500,935.0,19.0,0.0,0.0,0.0,0.0,936,19,0.0,0.0,0.0,0.0,935.5,0.0
1,258200,VOLCANIC_ROCK_VOUCHER_9500,931.0,12.0,0.0,0.0,0.0,0.0,932,12,0.0,0.0,0.0,0.0,931.5,0.0
1,258300,VOLCANIC_ROCK_VOUCHER_9500,928.0,17.0,0.0,0.0,0.0,0.0,929,17,0.0,0.0,0.0,0.0,928.5,0.0
1,258400,VOLCANIC_ROCK_VOUCHER_9500,927.0,18.0,0.0,0.0,0.0,0.0,928,18,0.0,0.0,0.0,0.0,927.5,0.0
1,258500,VOLCANIC_ROCK_VOUCHER_9500,930.0,17.0,0.0,0.0,0.0,0.0,931,17,0.0,0.0,0.0,0.0,930.5,0.0
1,258600,VOLCANIC_ROCK_VOUCHER_9500,927.0,13.0,0.0,0.0,0.0,0.0,928,13,0.0,0.0,0.0,0.0,927.5,0.0
1,258700,VOLCANIC_ROCK_VOUCHER_9500,929.0,13.0,0.0,0.0,0.0,0.0,931,13,0.0,0.0,0.0,0.0,930.0,0.0
1,258800,VOLCANIC_ROCK_VOUCHER_9500,931.0,18.0,0.0,0.0,0.0,0.0,932,18,0.0,0.0,0.0,0.0,931.5,0.0
1,258900,VOLCANIC_ROCK_VOUCHER_9500,933.0,22.0,0.0,0.0,0.0,0.0,934,12,0.0,0.0,0.0,0.0,933.5,0.0
1,259000,VOLCANIC_ROCK_VOUCHER_9500,933.0,13.0,0.0,0.0,0.0,0.0,934,13,0.0,0.0,0.0,0.0,933.5,0.0
1,259100,VOLCANIC_ROCK_VOUCHER_9500,929.0,18.0,0.0,0.0,0.0,0.0,930,18,0.0,0.0,0.0,0.0,929.5,0.0
1,259200,VOLCANIC_ROCK_VOUCHER_9500,929.0,12.0,0.0,0.0,0.0,0.0,931,12,0.0,0.0,0.0,0.0,930.0,0.0
1,259300,VOLCANIC_ROCK_VOUCHER_9500,927.0,18.0,0.0,0.0,0.0,0.0,928,18,0.0,0.0,0.0,0.0,927.5,0.0
1,259400,VOLCANIC_ROCK_VOUCHER_9500,927.0,16.0,0.0,0.0,0.0,0.0,928,16,0.0,0.0,0.0,0.0,927.5,0.0
1,259500,VOLCANIC_ROCK_VOUCHER_9500,926.0,11.0,0.0,0.0,0.0,0.0,928,11,0.0,0.0,0.0,0.0,927.0,0.0
1,259600,VOLCANIC_ROCK_VOUCHER_9500,926.0,18.0,0.0,0.0,0.0,0.0,927,18,0.0,0.0,0.0,0.0,926.5,0.0
1,259700,VOLCANIC_ROCK_VOUCHER_9500,928.0,18.0,0.0,0.0,0.0,0.0,929,18,0.0,0.0,0.0,0.0,928.5,0.0
1,259800,VOLCANIC_ROCK_VOUCHER_9500,926.0,14.0,0.0,0.0,0.0,0.0,927,14,0.0,0.0,0.0,0.0,926.5,0.0
1,259900,VOLCANIC_ROCK_VOUCHER_9500,927.0,18.0,0.0,0.0,0.0,0.0,928,18,0.0,0.0,0.0,0.0,927.5,0.0
1,260000,VOLCANIC_ROCK_VOUCHER_9500,929.0,30.0,0.0,0.0,0.0,0.0,930,20,0.0,0.0,0.0,0.0,929.5,0.0
1,260100,VOLCANIC_ROCK_VOUCHER_9500,926.0,17.0,0.0,0.0,0.0,0.0,927,17,0.0,0.0,0.0,0.0,926.5,0.0
1,260200,VOLCANIC_ROCK_VOUCHER_9500,927.0,16.0,0.0,0.0,0.0,0.0,928,16,0.0,0.0,0.0,0.0,927.5,0.0
1,260300,VOLCANIC_ROCK_VOUCHER_9500,927.0,20.0,0.0,0.0,0.0,0.0,928,20,0.0,0.0,0.0,0.0,927.5,0.0
1,260400,VOLCANIC_ROCK_VOUCHER_9500,929.0,22.0,0.0,0.0,0.0,0.0,930,22,0.0,0.0,0.0,0.0,929.5,0.0
1,260500,VOLCANIC_ROCK_VOUCHER_9500,928.0,17.0,0.0,0.0,0.0,0.0,929,17,0.0,0.0,0.0,0.0,928.5,0.0
1,260600,VOLCANIC_ROCK_VOUCHER_9500,929.0,20.0,0.0,0.0,0.0,0.0,930,20,0.0,0.0,0.0,0.0,929.5,0.0
1,260700,VOLCANIC_ROCK_VOUCHER_9500,928.0,10.0,0.0,0.0,0.0,0.0,929,10,0.0,0.0,0.0,0.0,928.5,0.0
1,260800,VOLCANIC_ROCK_VOUCHER_9500,928.0,28.0,0.0,0.0,0.0,0.0,929,14,0.0,0.0,0.0,0.0,928.5,0.0
1,260900,VOLCANIC_ROCK_VOUCHER_9500,927.0,19.0,0.0,0.0,0.0,0.0,928,19,0.0,0.0,0.0,0.0,927.5,0.0
1,261000,VOLCANIC_ROCK_VOUCHER_9500,929.0,16.0,0.0,0.0,0.0,0.0,930,16,0.0,0.0,0.0,0.0,929.5,0.0
1,261100,VOLCANIC_ROCK_VOUCHER_9500,928.0,20.0,0.0,0.0,0.0,0.0,930,20,0.0,0.0,0.0,0.0,929.0,0.0
1,261200,VOLCANIC_ROCK_VOUCHER_9500,927.0,16.0,0.0,0.0,0.0,0.0,928,16,0.0,0.0,0.0,0.0,927.5,0.0
1,261300,VOLCANIC_ROCK_VOUCHER_9500,928.0,21.0,0.0,0.0,0.0,0.0,929,21,0.0,0.0,0.0,0.0,928.5,0.0
1,261400,VOLCANIC_ROCK_VOUCHER_9500,929.0,22.0,0.0,0.0,0.0,0.0,930,22,0.0,0.0,0.0,0.0,929.5,0.0
1,261500,VOLCANIC_ROCK_VOUCHER_9500,929.0,14.0,0.0,0.0,0.0,0.0,930,14,0.0,0.0,0.0,0.0,929.5,0.0
1,261600,VOLCANIC_ROCK_VOUCHER_9500,928.0,14.0,0.0,0.0,0.0,0.0,929,14,0.0,0.0,0.0,0.0,928.5,0.0
1,261700,VOLCANIC_ROCK_VOUCHER_9500,930.0,20.0,0.0,0.0,0.0,0.0,931,20,0.0,0.0,0.0,0.0,930.5,0.0
1,261800,VOLCANIC_ROCK_VOUCHER_9500,929.0,22.0,0.0,0.0,0.0,0.0,931,22,0.0,0.0,0.0,0.0,930.0,0.0
1,261900,VOLCANIC_ROCK_VOUCHER_9500,930.0,15.0,0.0,0.0,0.0,0.0,931,15,0.0,0.0,0.0,0.0,930.5,0.0
1,262000,VOLCANIC_ROCK_VOUCHER_9500,930.0,13.0,0.0,0.0,0.0,0.0,932,13,0.0,0.0,0.0,0.0,931.0,0.0
1,262100,VOLCANIC_ROCK_VOUCHER_9500,930.0,2.0,929.0,11.0,0.0,0.0,931,13,0.0,0.0,0.0,0.0,930.5,0.0
1,262200,VOLCANIC_ROCK_VOUCHER_9500,928.0,21.0,0.0,0.0,0.0,0.0,929,21,0.0,0.0,0.0,0.0,928.5,0.0
1,262300,VOLCANIC_ROCK_VOUCHER_9500,926.0,19.0,0.0,0.0,0.0,0.0,927,19,0.0,0.0,0.0,0.0,926.5,0.0
1,262400,VOLCANIC_ROCK_VOUCHER_9500,924.0,18.0,0.0,0.0,0.0,0.0,925,18,0.0,0.0,0.0,0.0,924.5,0.0
1,262500,VOLCANIC_ROCK_VOUCHER_9500,918.0,32.0,0.0,0.0,0.0,0.0,919,20,0.0,0.0,0.0,0.0,918.5,0.0
1,262600,VOLCANIC_ROCK_VOUCHER_9500,915.0,15.0,0.0,0.0,0.0,0.0,917,15,0.0,0.0,0.0,0.0,916.0,0.0
1,262700,VOLCANIC_ROCK_VOUCHER_9500,918.0,29.0,0.0,0.0,0.0,0.0,919,17,0.0,0.0,0.0,0.0,918.5,0.0
1,262800,VOLCANIC_ROCK_VOUCHER_9500,918.0,18.0,0.0,0.0,0.0,0.0,919,18,0.0,0.0,0.0,0.0,918.5,0.0
1,262900,VOLCANIC_ROCK_VOUCHER_9500,919.0,37.0,0.0,0.0,0.0,0.0,920,18,0.0,0.0,0.0,0.0,919.5,0.0
1,263000,VOLCANIC_ROCK_VOUCHER_9500,916.0,11.0,0.0,0.0,0.0,0.0,918,11,0.0,0.0,0.0,0.0,917.0,0.0
1,263100,VOLCANIC_ROCK_VOUCHER_9500,915.0,17.0,0.0,0.0,0.0,0.0,917,17,0.0,0.0,0.0,0.0,916.0,0.0
1,263200,VOLCANIC_ROCK_VOUCHER_9500,915.0,15.0,0.0,0.0,0.0,0.0,916,15,0.0,0.0,0.0,0.0,915.5,0.0
1,263300,VOLCANIC_ROCK_VOUCHER_9500,914.0,19.0,0.0,0.0,0.0,0.0,915,19,916.0,19.0,0.0,0.0,914.5,0.0
1,263400,VOLCANIC_ROCK_VOUCHER_9500,915.0,10.0,914.0,17.0,0.0,0.0,916,17,0.0,0.0,0.0,0.0,915.5,0.0
1,263500,VOLCANIC_ROCK_VOUCHER_9500,913.0,12.0,0.0,0.0,0.0,0.0,914,12,0.0,0.0,0.0,0.0,913.5,0.0
1,263600,VOLCANIC_ROCK_VOUCHER_9500,914.0,19.0,0.0,0.0,0.0,0.0,915,19,0.0,0.0,0.0,0.0,914.5,0.0
1,263700,VOLCANIC_ROCK_VOUCHER_9500,911.0,3.0,0.0,0.0,0.0,0.0,912,18,0.0,0.0,0.0,0.0,911.5,0.0
1,263800,VOLCANIC_ROCK_VOUCHER_9500,912.0,12.0,0.0,0.0,0.0,0.0,913,12,0.0,0.0,0.0,0.0,912.5,0.0
1,263900,VOLCANIC_ROCK_VOUCHER_9500,911.0,16.0,0.0,0.0,0.0,0.0,912,16,0.0,0.0,0.0,0.0,911.5,0.0
1,264000,VOLCANIC_ROCK_VOUCHER_9500,909.0,14.0,0.0,0.0,0.0,0.0,910,14,0.0,0.0,0.0,0.0,909.5,0.0
1,264100,VOLCANIC_ROCK_VOUCHER_9500,907.0,11.0,0.0,0.0,0.0,0.0,908,11,0.0,0.0,0.0,0.0,907.5,0.0
1,264200,VOLCANIC_ROCK_VOUCHER_9500,906.0,21.0,0.0,0.0,0.0,0.0,907,21,0.0,0.0,0.0,0.0,906.5,0.0
1,264300,VOLCANIC_ROCK_VOUCHER_9500,904.0,24.0,0.0,0.0,0.0,0.0,905,13,0.0,0.0,0.0,0.0,904.5,0.0
1,264400,VOLCANIC_ROCK_VOUCHER_9500,905.0,6.0,0.0,0.0,0.0,0.0,906,18,0.0,0.0,0.0,0.0,905.5,0.0
1,264500,VOLCANIC_ROCK_VOUCHER_9500,906.0,19.0,0.0,0.0,0.0,0.0,907,19,0.0,0.0,0.0,0.0,906.5,0.0
1,264600,VOLCANIC_ROCK_VOUCHER_9500,904.0,12.0,0.0,0.0,0.0,0.0,905,12,0.0,0.0,0.0,0.0,904.5,0.0
1,264700,VOLCANIC_ROCK_VOUCHER_9500,905.0,33.0,0.0,0.0,0.0,0.0,906,20,0.0,0.0,0.0,0.0,905.5,0.0
1,264800,VOLCANIC_ROCK_VOUCHER_9500,909.0,16.0,0.0,0.0,0.0,0.0,911,16,0.0,0.0,0.0,0.0,910.0,0.0
1,264900,VOLCANIC_ROCK_VOUCHER_9500,908.0,18.0,0.0,0.0,0.0,0.0,909,18,0.0,0.0,0.0,0.0,908.5,0.0
1,265000,VOLCANIC_ROCK_VOUCHER_9500,906.0,15.0,0.0,0.0,0.0,0.0,907,15,0.0,0.0,0.0,0.0,906.5,0.0
1,265100,VOLCANIC_ROCK_VOUCHER_9500,904.0,18.0,0.0,0.0,0.0,0.0,905,18,0.0,0.0,0.0,0.0,904.5,0.0
1,265200,VOLCANIC_ROCK_VOUCHER_9500,903.0,12.0,0.0,0.0,0.0,0.0,905,12,0.0,0.0,0.0,0.0,904.0,0.0
1,265300,VOLCANIC_ROCK_VOUCHER_9500,904.0,19.0,0.0,0.0,0.0,0.0,905,19,0.0,0.0,0.0,0.0,904.5,0.0
1,265400,VOLCANIC_ROCK_VOUCHER_9500,902.0,10.0,0.0,0.0,0.0,0.0,903,10,0.0,0.0,0.0,0.0,902.5,0.0
1,265500,VOLCANIC_ROCK_VOUCHER_9500,903.0,20.0,0.0,0.0,0.0,0.0,904,11,905.0,21.0,0.0,0.0,903.5,0.0
1,265600,VOLCANIC_ROCK_VOUCHER_9500,904.0,17.0,0.0,0.0,0.0,0.0,905,17,0.0,0.0,0.0,0.0,904.5,0.0
1,265700,VOLCANIC_ROCK_VOUCHER_9500,905.0,28.0,0.0,0.0,0.0,0.0,906,17,0.0,0.0,0.0,0.0,905.5,0.0
1,265800,VOLCANIC_ROCK_VOUCHER_9500,903.0,15.0,0.0,0.0,0.0,0.0,904,15,0.0,0.0,0.0,0.0,903.5,0.0
1,265900,VOLCANIC_ROCK_VOUCHER_9500,903.0,19.0,0.0,0.0,0.0,0.0,904,19,0.0,0.0,0.0,0.0,903.5,0.0
1,266000,VOLCANIC_ROCK_VOUCHER_9500,902.0,11.0,0.0,0.0,0.0,0.0,904,11,0.0,0.0,0.0,0.0,903.0,0.0
1,266100,VOLCANIC_ROCK_VOUCHER_9500,0.0,0.0,0.0,0.0,0.0,0.0,902,3,903.0,10.0,0.0,0.0,902.0,0.0
1,266200,VOLCANIC_ROCK_VOUCHER_9500,903.0,16.0,0.0,0.0,0.0,0.0,905,16,0.0,0.0,0.0,0.0,904.0,0.0
1,266300,VOLCANIC_ROCK_VOUCHER_9500,903.0,18.0,0.0,0.0,0.0,0.0,905,18,0.0,0.0,0.0,0.0,904.0,0.0
1,266400,VOLCANIC_ROCK_VOUCHER_9500,903.0,12.0,0.0,0.0,0.0,0.0,904,12,0.0,0.0,0.0,0.0,903.5,0.0
1,266500,VOLCANIC_ROCK_VOUCHER_9500,906.0,15.0,0.0,0.0,0.0,0.0,908,15,0.0,0.0,0.0,0.0,907.0,0.0
1,266600,VOLCANIC_ROCK_VOUCHER_9500,907.0,12.0,0.0,0.0,0.0,0.0,908,12,0.0,0.0,0.0,0.0,907.5,0.0
1,266700,VOLCANIC_ROCK_VOUCHER_9500,908.0,16.0,0.0,0.0,0.0,0.0,909,16,0.0,0.0,0.0,0.0,908.5,0.0
1,266800,VOLCANIC_ROCK_VOUCHER_9500,907.0,10.0,0.0,0.0,0.0,0.0,908,10,0.0,0.0,0.0,0.0,907.5,0.0
1,266900,VOLCANIC_ROCK_VOUCHER_9500,907.0,12.0,0.0,0.0,0.0,0.0,908,12,0.0,0.0,0.0,0.0,907.5,0.0
1,267000,VOLCANIC_ROCK_VOUCHER_9500,906.0,18.0,0.0,0.0,0.0,0.0,907,18,0.0,0.0,0.0,0.0,906.5,0.0
1,267100,VOLCANIC_ROCK_VOUCHER_9500,905.0,16.0,0.0,0.0,0.0,0.0,906,16,0.0,0.0,0.0,0.0,905.5,0.0
1,267200,VOLCANIC_ROCK_VOUCHER_9500,905.0,15.0,0.0,0.0,0.0,0.0,906,15,0.0,0.0,0.0,0.0,905.5,0.0
1,267300,VOLCANIC_ROCK_VOUCHER_9500,904.0,18.0,0.0,0.0,0.0,0.0,906,18,0.0,0.0,0.0,0.0,905.0,0.0
1,267400,VOLCANIC_ROCK_VOUCHER_9500,904.0,37.0,0.0,0.0,0.0,0.0,905,22,0.0,0.0,0.0,0.0,904.5,0.0
1,267500,VOLCANIC_ROCK_VOUCHER_9500,905.0,16.0,0.0,0.0,0.0,0.0,906,16,0.0,0.0,0.0,0.0,905.5,0.0
1,267600,VOLCANIC_ROCK_VOUCHER_9500,904.0,12.0,0.0,0.0,0.0,0.0,906,12,0.0,0.0,0.0,0.0,905.0,0.0
1,267700,VOLCANIC_ROCK_VOUCHER_9500,905.0,17.0,0.0,0.0,0.0,0.0,906,17,0.0,0.0,0.0,0.0,905.5,0.0
1,267800,VOLCANIC_ROCK_VOUCHER_9500,904.0,16.0,0.0,0.0,0.0,0.0,905,16,0.0,0.0,0.0,0.0,904.5,0.0
1,267900,VOLCANIC_ROCK_VOUCHER_9500,906.0,11.0,0.0,0.0,0.0,0.0,908,11,0.0,0.0,0.0,0.0,907.0,0.0
1,268000,VOLCANIC_ROCK_VOUCHER_9500,910.0,16.0,0.0,0.0,0.0,0.0,911,16,0.0,0.0,0.0,0.0,910.5,0.0
1,268100,VOLCANIC_ROCK_VOUCHER_9500,911.0,12.0,0.0,0.0,0.0,0.0,912,12,0.0,0.0,0.0,0.0,911.5,0.0
1,268200,VOLCANIC_ROCK_VOUCHER_9500,913.0,12.0,0.0,0.0,0.0,0.0,914,12,0.0,0.0,0.0,0.0,913.5,0.0
1,268300,VOLCANIC_ROCK_VOUCHER_9500,910.0,16.0,0.0,0.0,0.0,0.0,911,16,0.0,0.0,0.0,0.0,910.5,0.0
1,268400,VOLCANIC_ROCK_VOUCHER_9500,909.0,13.0,0.0,0.0,0.0,0.0,910,13,0.0,0.0,0.0,0.0,909.5,0.0
1,268500,VOLCANIC_ROCK_VOUCHER_9500,909.0,20.0,0.0,0.0,0.0,0.0,910,20,0.0,0.0,0.0,0.0,909.5,0.0
1,268600,VOLCANIC_ROCK_VOUCHER_9500,909.0,18.0,0.0,0.0,0.0,0.0,910,18,0.0,0.0,0.0,0.0,909.5,0.0
1,268700,VOLCANIC_ROCK_VOUCHER_9500,908.0,21.0,0.0,0.0,0.0,0.0,910,21,0.0,0.0,0.0,0.0,909.0,0.0
1,268800,VOLCANIC_ROCK_VOUCHER_9500,910.0,10.0,0.0,0.0,0.0,0.0,911,10,0.0,0.0,0.0,0.0,910.5,0.0
1,268900,VOLCANIC_ROCK_VOUCHER_9500,911.0,19.0,0.0,0.0,0.0,0.0,912,19,0.0,0.0,0.0,0.0,911.5,0.0
1,269000,VOLCANIC_ROCK_VOUCHER_9500,910.0,1.0,0.0,0.0,0.0,0.0,911,11,0.0,0.0,0.0,0.0,910.5,0.0
1,269100,VOLCANIC_ROCK_VOUCHER_9500,910.0,16.0,0.0,0.0,0.0,0.0,911,16,0.0,0.0,0.0,0.0,910.5,0.0
1,269200,VOLCANIC_ROCK_VOUCHER_9500,910.0,14.0,0.0,0.0,0.0,0.0,911,14,0.0,0.0,0.0,0.0,910.5,0.0
1,269300,VOLCANIC_ROCK_VOUCHER_9500,912.0,10.0,0.0,0.0,0.0,0.0,913,10,0.0,0.0,0.0,0.0,912.5,0.0
1,269400,VOLCANIC_ROCK_VOUCHER_9500,913.0,18.0,0.0,0.0,0.0,0.0,914,18,0.0,0.0,0.0,0.0,913.5,0.0
1,269500,VOLCANIC_ROCK_VOUCHER_9500,0.0,0.0,0.0,0.0,0.0,0.0,919,1,920.0,14.0,0.0,0.0,919.0,0.0
1,269600,VOLCANIC_ROCK_VOUCHER_9500,918.0,12.0,0.0,0.0,0.0,0.0,919,12,0.0,0.0,0.0,0.0,918.5,0.0
1,269700,VOLCANIC_ROCK_VOUCHER_9500,921.0,19.0,0.0,0.0,0.0,0.0,922,19,0.0,0.0,0.0,0.0,921.5,0.0
1,269800,VOLCANIC_ROCK_VOUCHER_9500,923.0,14.0,0.0,0.0,0.0,0.0,924,14,0.0,0.0,0.0,0.0,923.5,0.0
1,269900,VOLCANIC_ROCK_VOUCHER_9500,922.0,16.0,0.0,0.0,0.0,0.0,923,16,0.0,0.0,0.0,0.0,922.5,0.0
1,270000,VOLCANIC_ROCK_VOUCHER_9500,923.0,14.0,0.0,0.0,0.0,0.0,924,14,0.0,0.0,0.0,0.0,923.5,0.0
1,270100,VOLCANIC_ROCK_VOUCHER_9500,921.0,12.0,0.0,0.0,0.0,0.0,923,12,0.0,0.0,0.0,0.0,922.0,0.0
1,270200,VOLCANIC_ROCK_VOUCHER_9500,920.0,21.0,0.0,0.0,0.0,0.0,921,21,0.0,0.0,0.0,0.0,920.5,0.0
1,270300,VOLCANIC_ROCK_VOUCHER_9500,922.0,16.0,0.0,0.0,0.0,0.0,923,16,0.0,0.0,0.0,0.0,922.5,0.0
1,270400,VOLCANIC_ROCK_VOUCHER_9500,927.0,20.0,0.0,0.0,0.0,0.0,928,20,0.0,0.0,0.0,0.0,927.5,0.0
1,270500,VOLCANIC_ROCK_VOUCHER_9500,926.0,13.0,0.0,0.0,0.0,0.0,927,13,0.0,0.0,0.0,0.0,926.5,0.0
1,270600,VOLCANIC_ROCK_VOUCHER_9500,925.0,18.0,0.0,0.0,0.0,0.0,926,18,0.0,0.0,0.0,0.0,925.5,0.0
1,270700,VOLCANIC_ROCK_VOUCHER_9500,924.0,22.0,0.0,0.0,0.0,0.0,925,22,0.0,0.0,0.0,0.0,924.5,0.0
1,270800,VOLCANIC_ROCK_VOUCHER_9500,923.0,17.0,0.0,0.0,0.0,0.0,924,17,0.0,0.0,0.0,0.0,923.5,0.0
1,270900,VOLCANIC_ROCK_VOUCHER_9500,921.0,21.0,0.0,0.0,0.0,0.0,922,21,0.0,0.0,0.0,0.0,921.5,0.0
1,271000,VOLCANIC_ROCK_VOUCHER_9500,921.0,18.0,0.0,0.0,0.0,0.0,922,18,0.0,0.0,0.0,0.0,921.5,0.0
1,271100,VOLCANIC_ROCK_VOUCHER_9500,919.0,11.0,0.0,0.0,0.0,0.0,921,11,0.0,0.0,0.0,0.0,920.0,0.0
1,271200,VOLCANIC_ROCK_VOUCHER_9500,922.0,18.0,0.0,0.0,0.0,0.0,923,18,0.0,0.0,0.0,0.0,922.5,0.0
1,271300,VOLCANIC_ROCK_VOUCHER_9500,922.0,10.0,0.0,0.0,0.0,0.0,923,10,0.0,0.0,0.0,0.0,922.5,0.0
1,271400,VOLCANIC_ROCK_VOUCHER_9500,920.0,21.0,0.0,0.0,0.0,0.0,921,21,0.0,0.0,0.0,0.0,920.5,0.0
1,271500,VOLCANIC_ROCK_VOUCHER_9500,923.0,18.0,0.0,0.0,0.0,0.0,924,18,0.0,0.0,0.0,0.0,923.5,0.0
1,271600,VOLCANIC_ROCK_VOUCHER_9500,918.0,12.0,0.0,0.0,0.0,0.0,919,12,0.0,0.0,0.0,0.0,918.5,0.0
1,271700,VOLCANIC_ROCK_VOUCHER_9500,918.0,14.0,0.0,0.0,0.0,0.0,919,14,0.0,0.0,0.0,0.0,918.5,0.0
1,271800,VOLCANIC_ROCK_VOUCHER_9500,917.0,16.0,0.0,0.0,0.0,0.0,919,16,0.0,0.0,0.0,0.0,918.0,0.0
1,271900,VOLCANIC_ROCK_VOUCHER_9500,916.0,16.0,0.0,0.0,0.0,0.0,917,16,0.0,0.0,0.0,0.0,916.5,0.0
1,272000,VOLCANIC_ROCK_VOUCHER_9500,917.0,21.0,0.0,0.0,0.0,0.0,918,21,0.0,0.0,0.0,0.0,917.5,0.0
1,272100,VOLCANIC_ROCK_VOUCHER_9500,918.0,14.0,0.0,0.0,0.0,0.0,919,14,0.0,0.0,0.0,0.0,918.5,0.0
1,272200,VOLCANIC_ROCK_VOUCHER_9500,917.0,15.0,0.0,0.0,0.0,0.0,918,15,0.0,0.0,0.0,0.0,917.5,0.0
1,272300,VOLCANIC_ROCK_VOUCHER_9500,917.0,27.0,0.0,0.0,0.0,0.0,918,12,0.0,0.0,0.0,0.0,917.5,0.0
1,272400,VOLCANIC_ROCK_VOUCHER_9500,920.0,15.0,0.0,0.0,0.0,0.0,921,15,0.0,0.0,0.0,0.0,920.5,0.0
1,272500,VOLCANIC_ROCK_VOUCHER_9500,922.0,21.0,0.0,0.0,0.0,0.0,923,21,0.0,0.0,0.0,0.0,922.5,0.0
1,272600,VOLCANIC_ROCK_VOUCHER_9500,923.0,13.0,0.0,0.0,0.0,0.0,925,13,0.0,0.0,0.0,0.0,924.0,0.0
1,272700,VOLCANIC_ROCK_VOUCHER_9500,923.0,20.0,0.0,0.0,0.0,0.0,925,20,0.0,0.0,0.0,0.0,924.0,0.0
1,272800,VOLCANIC_ROCK_VOUCHER_9500,928.0,21.0,0.0,0.0,0.0,0.0,929,21,0.0,0.0,0.0,0.0,928.5,0.0
1,272900,VOLCANIC_ROCK_VOUCHER_9500,927.0,14.0,0.0,0.0,0.0,0.0,928,14,0.0,0.0,0.0,0.0,927.5,0.0
1,273000,VOLCANIC_ROCK_VOUCHER_9500,930.0,14.0,0.0,0.0,0.0,0.0,931,14,0.0,0.0,0.0,0.0,930.5,0.0
1,273100,VOLCANIC_ROCK_VOUCHER_9500,931.0,11.0,0.0,0.0,0.0,0.0,932,11,0.0,0.0,0.0,0.0,931.5,0.0
1,273200,VOLCANIC_ROCK_VOUCHER_9500,932.0,12.0,0.0,0.0,0.0,0.0,933,12,0.0,0.0,0.0,0.0,932.5,0.0
1,273300,VOLCANIC_ROCK_VOUCHER_9500,935.0,16.0,0.0,0.0,0.0,0.0,937,16,0.0,0.0,0.0,0.0,936.0,0.0
1,273400,VOLCANIC_ROCK_VOUCHER_9500,937.0,14.0,0.0,0.0,0.0,0.0,938,14,0.0,0.0,0.0,0.0,937.5,0.0
1,273500,VOLCANIC_ROCK_VOUCHER_9500,939.0,17.0,0.0,0.0,0.0,0.0,940,17,0.0,0.0,0.0,0.0,939.5,0.0
1,273600,VOLCANIC_ROCK_VOUCHER_9500,942.0,14.0,0.0,0.0,0.0,0.0,943,14,0.0,0.0,0.0,0.0,942.5,0.0
1,273700,VOLCANIC_ROCK_VOUCHER_9500,938.0,16.0,0.0,0.0,0.0,0.0,939,16,0.0,0.0,0.0,0.0,938.5,0.0
1,273800,VOLCANIC_ROCK_VOUCHER_9500,939.0,17.0,0.0,0.0,0.0,0.0,940,17,0.0,0.0,0.0,0.0,939.5,0.0
1,273900,VOLCANIC_ROCK_VOUCHER_9500,937.0,13.0,0.0,0.0,0.0,0.0,938,13,0.0,0.0,0.0,0.0,937.5,0.0
1,274000,VOLCANIC_ROCK_VOUCHER_9500,939.0,2.0,938.0,20.0,0.0,0.0,940,22,0.0,0.0,0.0,0.0,939.5,0.0
1,274100,VOLCANIC_ROCK_VOUCHER_9500,936.0,18.0,0.0,0.0,0.0,0.0,937,18,0.0,0.0,0.0,0.0,936.5,0.0
1,274200,VOLCANIC_ROCK_VOUCHER_9500,938.0,8.0,0.0,0.0,0.0,0.0,939,20,0.0,0.0,0.0,0.0,938.5,0.0
1,274300,VOLCANIC_ROCK_VOUCHER_9500,940.0,20.0,0.0,0.0,0.0,0.0,941,20,0.0,0.0,0.0,0.0,940.5,0.0
1,274400,VOLCANIC_ROCK_VOUCHER_9500,940.0,11.0,0.0,0.0,0.0,0.0,941,11,0.0,0.0,0.0,0.0,940.5,0.0
1,274500,VOLCANIC_ROCK_VOUCHER_9500,938.0,19.0,0.0,0.0,0.0,0.0,939,19,0.0,0.0,0.0,0.0,938.5,0.0
1,274600,VOLCANIC_ROCK_VOUCHER_9500,934.0,20.0,0.0,0.0,0.0,0.0,936,20,0.0,0.0,0.0,0.0,935.0,0.0
1,274700,VOLCANIC_ROCK_VOUCHER_9500,934.0,2.0,933.0,17.0,0.0,0.0,935,19,0.0,0.0,0.0,0.0,934.5,0.0
1,274800,VOLCANIC_ROCK_VOUCHER_9500,938.0,22.0,0.0,0.0,0.0,0.0,939,22,0.0,0.0,0.0,0.0,938.5,0.0
1,274900,VOLCANIC_ROCK_VOUCHER_9500,937.0,15.0,0.0,0.0,0.0,0.0,939,15,0.0,0.0,0.0,0.0,938.0,0.0
1,275000,VOLCANIC_ROCK_VOUCHER_9500,940.0,0.0,0.0,0.0,0.0,0.0,941,16,0.0,0.0,0.0,0.0,940.5,0.0
1,275100,VOLCANIC_ROCK_VOUCHER_9500,937.0,18.0,0.0,0.0,0.0,0.0,938,18,0.0,0.0,0.0,0.0,937.5,0.0
1,275200,VOLCANIC_ROCK_VOUCHER_9500,937.0,16.0,0.0,0.0,0.0,0.0,938,16,0.0,0.0,0.0,0.0,937.5,0.0
1,275300,VOLCANIC_ROCK_VOUCHER_9500,937.0,17.0,0.0,0.0,0.0,0.0,938,17,0.0,0.0,0.0,0.0,937.5,0.0
1,275400,VOLCANIC_ROCK_VOUCHER_9500,934.0,14.0,0.0,0.0,0.0,0.0,935,14,0.0,0.0,0.0,0.0,934.5,0.0
1,275500,VOLCANIC_ROCK_VOUCHER_9500,934.0,21.0,0.0,0.0,0.0,0.0,936,21,0.0,0.0,0.0,0.0,935.0,0.0
1,275600,VOLCANIC_ROCK_VOUCHER_9500,935.0,19.0,0.0,0.0,0.0,0.0,936,19,0.0,0.0,0.0,0.0,935.5,0.0
1,275700,VOLCANIC_ROCK_VOUCHER_9500,935.0,16.0,0.0,0.0,0.0,0.0,936,16,0.0,0.0,0.0,0.0,935.5,0.0
1,275800,VOLCANIC_ROCK_VOUCHER_9500,938.0,12.0,0.0,0.0,0.0,0.0,940,12,0.0,0.0,0.0,0.0,939.0,0.0
1,275900,VOLCANIC_ROCK_VOUCHER_9500,937.0,19.0,0.0,0.0,0.0,0.0,939,19,0.0,0.0,0.0,0.0,938.0,0.0
1,276000,VOLCANIC_ROCK_VOUCHER_9500,938.0,4.0,0.0,0.0,0.0,0.0,939,17,0.0,0.0,0.0,0.0,938.5,0.0
1,276100,VOLCANIC_ROCK_VOUCHER_9500,941.0,12.0,0.0,0.0,0.0,0.0,942,12,0.0,0.0,0.0,0.0,941.5,0.0
1,276200,VOLCANIC_ROCK_VOUCHER_9500,942.0,10.0,0.0,0.0,0.0,0.0,943,10,0.0,0.0,0.0,0.0,942.5,0.0
1,276300,VOLCANIC_ROCK_VOUCHER_9500,940.0,17.0,0.0,0.0,0.0,0.0,941,17,0.0,0.0,0.0,0.0,940.5,0.0
1,276400,VOLCANIC_ROCK_VOUCHER_9500,941.0,15.0,0.0,0.0,0.0,0.0,942,15,0.0,0.0,0.0,0.0,941.5,0.0
1,276500,VOLCANIC_ROCK_VOUCHER_9500,940.0,13.0,0.0,0.0,0.0,0.0,941,13,0.0,0.0,0.0,0.0,940.5,0.0
1,276600,VOLCANIC_ROCK_VOUCHER_9500,933.0,15.0,0.0,0.0,0.0,0.0,935,15,0.0,0.0,0.0,0.0,934.0,0.0
1,276700,VOLCANIC_ROCK_VOUCHER_9500,935.0,21.0,0.0,0.0,0.0,0.0,936,21,0.0,0.0,0.0,0.0,935.5,0.0
1,276800,VOLCANIC_ROCK_VOUCHER_9500,937.0,19.0,0.0,0.0,0.0,0.0,939,19,0.0,0.0,0.0,0.0,938.0,0.0
1,276900,VOLCANIC_ROCK_VOUCHER_9500,938.0,15.0,0.0,0.0,0.0,0.0,939,15,0.0,0.0,0.0,0.0,938.5,0.0
1,277000,VOLCANIC_ROCK_VOUCHER_9500,937.0,18.0,0.0,0.0,0.0,0.0,938,13,939.0,18.0,0.0,0.0,937.5,0.0
1,277100,VOLCANIC_ROCK_VOUCHER_9500,0.0,0.0,0.0,0.0,0.0,0.0,937,13,0.0,0.0,0.0,0.0,937.0,0.0
1,277200,VOLCANIC_ROCK_VOUCHER_9500,939.0,17.0,0.0,0.0,0.0,0.0,940,17,0.0,0.0,0.0,0.0,939.5,0.0
1,277300,VOLCANIC_ROCK_VOUCHER_9500,938.0,20.0,0.0,0.0,0.0,0.0,940,20,0.0,0.0,0.0,0.0,939.0,0.0
1,277400,VOLCANIC_ROCK_VOUCHER_9500,941.0,14.0,0.0,0.0,0.0,0.0,942,14,0.0,0.0,0.0,0.0,941.5,0.0
1,277500,VOLCANIC_ROCK_VOUCHER_9500,939.0,17.0,0.0,0.0,0.0,0.0,940,17,0.0,0.0,0.0,0.0,939.5,0.0
1,277600,VOLCANIC_ROCK_VOUCHER_9500,939.0,11.0,0.0,0.0,0.0,0.0,940,11,0.0,0.0,0.0,0.0,939.5,0.0
1,277700,VOLCANIC_ROCK_VOUCHER_9500,939.0,17.0,0.0,0.0,0.0,0.0,940,17,0.0,0.0,0.0,0.0,939.5,0.0
1,277800,VOLCANIC_ROCK_VOUCHER_9500,939.0,14.0,0.0,0.0,0.0,0.0,940,14,0.0,0.0,0.0,0.0,939.5,0.0
1,277900,VOLCANIC_ROCK_VOUCHER_9500,939.0,13.0,0.0,0.0,0.0,0.0,940,13,0.0,0.0,0.0,0.0,939.5,0.0
1,278000,VOLCANIC_ROCK_VOUCHER_9500,940.0,16.0,0.0,0.0,0.0,0.0,941,16,0.0,0.0,0.0,0.0,940.5,0.0
1,278100,VOLCANIC_ROCK_VOUCHER_9500,0.0,0.0,0.0,0.0,0.0,0.0,939,5,940.0,13.0,0.0,0.0,939.0,0.0
1,278200,VOLCANIC_ROCK_VOUCHER_9500,933.0,14.0,0.0,0.0,0.0,0.0,934,14,0.0,0.0,0.0,0.0,933.5,0.0
1,278300,VOLCANIC_ROCK_VOUCHER_9500,934.0,18.0,0.0,0.0,0.0,0.0,935,18,0.0,0.0,0.0,0.0,934.5,0.0
1,278400,VOLCANIC_ROCK_VOUCHER_9500,937.0,38.0,0.0,0.0,0.0,0.0,938,20,0.0,0.0,0.0,0.0,937.5,0.0
1,278500,VOLCANIC_ROCK_VOUCHER_9500,937.0,16.0,0.0,0.0,0.0,0.0,938,16,0.0,0.0,0.0,0.0,937.5,0.0
1,278600,VOLCANIC_ROCK_VOUCHER_9500,937.0,17.0,0.0,0.0,0.0,0.0,938,17,0.0,0.0,0.0,0.0,937.5,0.0
1,278700,VOLCANIC_ROCK_VOUCHER_9500,939.0,20.0,0.0,0.0,0.0,0.0,940,20,0.0,0.0,0.0,0.0,939.5,0.0
1,278800,VOLCANIC_ROCK_VOUCHER_9500,938.0,19.0,0.0,0.0,0.0,0.0,939,19,0.0,0.0,0.0,0.0,938.5,0.0
1,278900,VOLCANIC_ROCK_VOUCHER_9500,940.0,18.0,0.0,0.0,0.0,0.0,941,18,0.0,0.0,0.0,0.0,940.5,0.0
1,279000,VOLCANIC_ROCK_VOUCHER_9500,941.0,20.0,0.0,0.0,0.0,0.0,942,20,0.0,0.0,0.0,0.0,941.5,0.0
1,279100,VOLCANIC_ROCK_VOUCHER_9500,934.0,15.0,0.0,0.0,0.0,0.0,936,15,0.0,0.0,0.0,0.0,935.0,0.0
1,279200,VOLCANIC_ROCK_VOUCHER_9500,934.0,13.0,0.0,0.0,0.0,0.0,935,13,0.0,0.0,0.0,0.0,934.5,0.0
1,279300,VOLCANIC_ROCK_VOUCHER_9500,933.0,12.0,0.0,0.0,0.0,0.0,934,12,0.0,0.0,0.0,0.0,933.5,0.0
1,279400,VOLCANIC_ROCK_VOUCHER_9500,934.0,12.0,0.0,0.0,0.0,0.0,936,12,0.0,0.0,0.0,0.0,935.0,0.0
1,279500,VOLCANIC_ROCK_VOUCHER_9500,936.0,14.0,0.0,0.0,0.0,0.0,937,14,0.0,0.0,0.0,0.0,936.5,0.0
1,279600,VOLCANIC_ROCK_VOUCHER_9500,936.0,11.0,0.0,0.0,0.0,0.0,937,11,0.0,0.0,0.0,0.0,936.5,0.0
1,279700,VOLCANIC_ROCK_VOUCHER_9500,937.0,19.0,0.0,0.0,0.0,0.0,938,19,0.0,0.0,0.0,0.0,937.5,0.0
1,279800,VOLCANIC_ROCK_VOUCHER_9500,939.0,19.0,0.0,0.0,0.0,0.0,940,19,0.0,0.0,0.0,0.0,939.5,0.0
1,279900,VOLCANIC_ROCK_VOUCHER_9500,939.0,18.0,0.0,0.0,0.0,0.0,940,18,0.0,0.0,0.0,0.0,939.5,0.0
1,280000,VOLCANIC_ROCK_VOUCHER_9500,939.0,20.0,0.0,0.0,0.0,0.0,940,20,0.0,0.0,0.0,0.0,939.5,0.0
1,280100,VOLCANIC_ROCK_VOUCHER_9500,939.0,20.0,0.0,0.0,0.0,0.0,940,20,0.0,0.0,0.0,0.0,939.5,0.0
1,280200,VOLCANIC_ROCK_VOUCHER_9500,939.0,11.0,0.0,0.0,0.0,0.0,940,11,0.0,0.0,0.0,0.0,939.5,0.0
1,280300,VOLCANIC_ROCK_VOUCHER_9500,941.0,15.0,0.0,0.0,0.0,0.0,942,15,0.0,0.0,0.0,0.0,941.5,0.0
1,280400,VOLCANIC_ROCK_VOUCHER_9500,941.0,14.0,0.0,0.0,0.0,0.0,942,14,0.0,0.0,0.0,0.0,941.5,0.0
1,280500,VOLCANIC_ROCK_VOUCHER_9500,941.0,12.0,0.0,0.0,0.0,0.0,942,12,0.0,0.0,0.0,0.0,941.5,0.0
1,280600,VOLCANIC_ROCK_VOUCHER_9500,941.0,21.0,0.0,0.0,0.0,0.0,942,21,0.0,0.0,0.0,0.0,941.5,0.0
1,280700,VOLCANIC_ROCK_VOUCHER_9500,941.0,20.0,0.0,0.0,0.0,0.0,942,20,0.0,0.0,0.0,0.0,941.5,0.0
1,280800,VOLCANIC_ROCK_VOUCHER_9500,940.0,17.0,0.0,0.0,0.0,0.0,941,17,0.0,0.0,0.0,0.0,940.5,0.0
1,280900,VOLCANIC_ROCK_VOUCHER_9500,940.0,13.0,0.0,0.0,0.0,0.0,941,13,0.0,0.0,0.0,0.0,940.5,0.0
1,281000,VOLCANIC_ROCK_VOUCHER_9500,940.0,17.0,0.0,0.0,0.0,0.0,941,17,0.0,0.0,0.0,0.0,940.5,0.0
1,281100,VOLCANIC_ROCK_VOUCHER_9500,938.0,10.0,0.0,0.0,0.0,0.0,939,10,0.0,0.0,0.0,0.0,938.5,0.0
1,281200,VOLCANIC_ROCK_VOUCHER_9500,936.0,14.0,0.0,0.0,0.0,0.0,937,14,0.0,0.0,0.0,0.0,936.5,0.0
1,281300,VOLCANIC_ROCK_VOUCHER_9500,934.0,17.0,0.0,0.0,0.0,0.0,935,17,0.0,0.0,0.0,0.0,934.5,0.0
1,281400,VOLCANIC_ROCK_VOUCHER_9500,933.0,18.0,0.0,0.0,0.0,0.0,934,18,0.0,0.0,0.0,0.0,933.5,0.0
1,281500,VOLCANIC_ROCK_VOUCHER_9500,934.0,27.0,0.0,0.0,0.0,0.0,935,15,0.0,0.0,0.0,0.0,934.5,0.0
1,281600,VOLCANIC_ROCK_VOUCHER_9500,931.0,16.0,0.0,0.0,0.0,0.0,932,16,0.0,0.0,0.0,0.0,931.5,0.0
1,281700,VOLCANIC_ROCK_VOUCHER_9500,932.0,19.0,0.0,0.0,0.0,0.0,933,19,0.0,0.0,0.0,0.0,932.5,0.0
1,281800,VOLCANIC_ROCK_VOUCHER_9500,936.0,14.0,0.0,0.0,0.0,0.0,937,14,0.0,0.0,0.0,0.0,936.5,0.0
1,281900,VOLCANIC_ROCK_VOUCHER_9500,935.0,14.0,0.0,0.0,0.0,0.0,936,14,0.0,0.0,0.0,0.0,935.5,0.0
1,282000,VOLCANIC_ROCK_VOUCHER_9500,934.0,18.0,0.0,0.0,0.0,0.0,935,18,0.0,0.0,0.0,0.0,934.5,0.0
1,282100,VOLCANIC_ROCK_VOUCHER_9500,937.0,17.0,0.0,0.0,0.0,0.0,939,17,0.0,0.0,0.0,0.0,938.0,0.0
1,282200,VOLCANIC_ROCK_VOUCHER_9500,937.0,17.0,0.0,0.0,0.0,0.0,939,17,0.0,0.0,0.0,0.0,938.0,0.0
1,282300,VOLCANIC_ROCK_VOUCHER_9500,936.0,15.0,0.0,0.0,0.0,0.0,937,15,0.0,0.0,0.0,0.0,936.5,0.0
1,282400,VOLCANIC_ROCK_VOUCHER_9500,935.0,16.0,0.0,0.0,0.0,0.0,936,16,0.0,0.0,0.0,0.0,935.5,0.0
1,282500,VOLCANIC_ROCK_VOUCHER_9500,938.0,22.0,0.0,0.0,0.0,0.0,939,22,0.0,0.0,0.0,0.0,938.5,0.0
1,282600,VOLCANIC_ROCK_VOUCHER_9500,936.0,18.0,0.0,0.0,0.0,0.0,937,18,0.0,0.0,0.0,0.0,936.5,0.0
1,282700,VOLCANIC_ROCK_VOUCHER_9500,937.0,16.0,0.0,0.0,0.0,0.0,939,16,0.0,0.0,0.0,0.0,938.0,0.0
1,282800,VOLCANIC_ROCK_VOUCHER_9500,938.0,33.0,0.0,0.0,0.0,0.0,939,16,0.0,0.0,0.0,0.0,938.5,0.0
1,282900,VOLCANIC_ROCK_VOUCHER_9500,940.0,21.0,0.0,0.0,0.0,0.0,942,21,0.0,0.0,0.0,0.0,941.0,0.0
1,283000,VOLCANIC_ROCK_VOUCHER_9500,940.0,16.0,0.0,0.0,0.0,0.0,941,16,0.0,0.0,0.0,0.0,940.5,0.0
1,283100,VOLCANIC_ROCK_VOUCHER_9500,938.0,16.0,0.0,0.0,0.0,0.0,939,16,0.0,0.0,0.0,0.0,938.5,0.0
1,283200,VOLCANIC_ROCK_VOUCHER_9500,938.0,11.0,0.0,0.0,0.0,0.0,939,11,0.0,0.0,0.0,0.0,938.5,0.0
1,283300,VOLCANIC_ROCK_VOUCHER_9500,939.0,16.0,0.0,0.0,0.0,0.0,940,16,0.0,0.0,0.0,0.0,939.5,0.0
1,283400,VOLCANIC_ROCK_VOUCHER_9500,938.0,14.0,0.0,0.0,0.0,0.0,939,14,0.0,0.0,0.0,0.0,938.5,0.0
1,283500,VOLCANIC_ROCK_VOUCHER_9500,932.0,12.0,0.0,0.0,0.0,0.0,934,12,0.0,0.0,0.0,0.0,933.0,0.0
1,283600,VOLCANIC_ROCK_VOUCHER_9500,933.0,11.0,0.0,0.0,0.0,0.0,934,11,0.0,0.0,0.0,0.0,933.5,0.0
1,283700,VOLCANIC_ROCK_VOUCHER_9500,935.0,12.0,0.0,0.0,0.0,0.0,936,12,0.0,0.0,0.0,0.0,935.5,0.0
1,283800,VOLCANIC_ROCK_VOUCHER_9500,935.0,15.0,0.0,0.0,0.0,0.0,936,15,0.0,0.0,0.0,0.0,935.5,0.0
1,283900,VOLCANIC_ROCK_VOUCHER_9500,935.0,12.0,0.0,0.0,0.0,0.0,936,12,0.0,0.0,0.0,0.0,935.5,0.0
1,284000,VOLCANIC_ROCK_VOUCHER_9500,934.0,12.0,0.0,0.0,0.0,0.0,935,12,0.0,0.0,0.0,0.0,934.5,0.0
1,284100,VOLCANIC_ROCK_VOUCHER_9500,931.0,15.0,0.0,0.0,0.0,0.0,932,15,0.0,0.0,0.0,0.0,931.5,0.0
1,284200,VOLCANIC_ROCK_VOUCHER_9500,930.0,15.0,0.0,0.0,0.0,0.0,932,15,0.0,0.0,0.0,0.0,931.0,0.0
1,284300,VOLCANIC_ROCK_VOUCHER_9500,930.0,15.0,0.0,0.0,0.0,0.0,931,15,0.0,0.0,0.0,0.0,930.5,0.0
1,284400,VOLCANIC_ROCK_VOUCHER_9500,932.0,16.0,0.0,0.0,0.0,0.0,933,16,0.0,0.0,0.0,0.0,932.5,0.0
1,284500,VOLCANIC_ROCK_VOUCHER_9500,932.0,13.0,0.0,0.0,0.0,0.0,933,13,0.0,0.0,0.0,0.0,932.5,0.0
1,284600,VOLCANIC_ROCK_VOUCHER_9500,935.0,11.0,0.0,0.0,0.0,0.0,936,11,0.0,0.0,0.0,0.0,935.5,0.0
1,284700,VOLCANIC_ROCK_VOUCHER_9500,936.0,29.0,0.0,0.0,0.0,0.0,937,17,0.0,0.0,0.0,0.0,936.5,0.0
1,284800,VOLCANIC_ROCK_VOUCHER_9500,935.0,1.0,0.0,0.0,0.0,0.0,936,12,0.0,0.0,0.0,0.0,935.5,0.0
1,284900,VOLCANIC_ROCK_VOUCHER_9500,933.0,14.0,0.0,0.0,0.0,0.0,934,14,0.0,0.0,0.0,0.0,933.5,0.0
1,285000,VOLCANIC_ROCK_VOUCHER_9500,935.0,11.0,0.0,0.0,0.0,0.0,936,11,0.0,0.0,0.0,0.0,935.5,0.0
1,285100,VOLCANIC_ROCK_VOUCHER_9500,936.0,19.0,0.0,0.0,0.0,0.0,937,19,0.0,0.0,0.0,0.0,936.5,0.0
1,285200,VOLCANIC_ROCK_VOUCHER_9500,936.0,12.0,0.0,0.0,0.0,0.0,938,12,0.0,0.0,0.0,0.0,937.0,0.0
1,285300,VOLCANIC_ROCK_VOUCHER_9500,935.0,20.0,0.0,0.0,0.0,0.0,936,20,0.0,0.0,0.0,0.0,935.5,0.0
1,285400,VOLCANIC_ROCK_VOUCHER_9500,934.0,14.0,0.0,0.0,0.0,0.0,936,14,0.0,0.0,0.0,0.0,935.0,0.0
1,285500,VOLCANIC_ROCK_VOUCHER_9500,938.0,22.0,0.0,0.0,0.0,0.0,939,22,0.0,0.0,0.0,0.0,938.5,0.0
1,285600,VOLCANIC_ROCK_VOUCHER_9500,938.0,20.0,0.0,0.0,0.0,0.0,939,20,0.0,0.0,0.0,0.0,938.5,0.0
1,285700,VOLCANIC_ROCK_VOUCHER_9500,938.0,13.0,0.0,0.0,0.0,0.0,939,13,0.0,0.0,0.0,0.0,938.5,0.0
1,285800,VOLCANIC_ROCK_VOUCHER_9500,938.0,18.0,0.0,0.0,0.0,0.0,940,18,0.0,0.0,0.0,0.0,939.0,0.0
1,285900,VOLCANIC_ROCK_VOUCHER_9500,938.0,12.0,0.0,0.0,0.0,0.0,939,22,0.0,0.0,0.0,0.0,938.5,0.0
1,286000,VOLCANIC_ROCK_VOUCHER_9500,0.0,0.0,0.0,0.0,0.0,0.0,938,1,939.0,13.0,0.0,0.0,938.0,0.0
1,286100,VOLCANIC_ROCK_VOUCHER_9500,938.0,20.0,0.0,0.0,0.0,0.0,940,20,0.0,0.0,0.0,0.0,939.0,0.0
1,286200,VOLCANIC_ROCK_VOUCHER_9500,938.0,20.0,0.0,0.0,0.0,0.0,939,20,0.0,0.0,0.0,0.0,938.5,0.0
1,286300,VOLCANIC_ROCK_VOUCHER_9500,939.0,14.0,0.0,0.0,0.0,0.0,940,14,0.0,0.0,0.0,0.0,939.5,0.0
1,286400,VOLCANIC_ROCK_VOUCHER_9500,938.0,20.0,0.0,0.0,0.0,0.0,939,20,0.0,0.0,0.0,0.0,938.5,0.0
1,286500,VOLCANIC_ROCK_VOUCHER_9500,939.0,10.0,0.0,0.0,0.0,0.0,940,10,0.0,0.0,0.0,0.0,939.5,0.0
1,286600,VOLCANIC_ROCK_VOUCHER_9500,938.0,21.0,0.0,0.0,0.0,0.0,939,21,0.0,0.0,0.0,0.0,938.5,0.0
1,286700,VOLCANIC_ROCK_VOUCHER_9500,936.0,16.0,0.0,0.0,0.0,0.0,937,16,0.0,0.0,0.0,0.0,936.5,0.0
1,286800,VOLCANIC_ROCK_VOUCHER_9500,935.0,17.0,0.0,0.0,0.0,0.0,937,17,0.0,0.0,0.0,0.0,936.0,0.0
1,286900,VOLCANIC_ROCK_VOUCHER_9500,936.0,18.0,0.0,0.0,0.0,0.0,937,18,0.0,0.0,0.0,0.0,936.5,0.0
1,287000,VOLCANIC_ROCK_VOUCHER_9500,934.0,18.0,0.0,0.0,0.0,0.0,935,18,0.0,0.0,0.0,0.0,934.5,0.0
1,287100,VOLCANIC_ROCK_VOUCHER_9500,934.0,18.0,0.0,0.0,0.0,0.0,935,18,0.0,0.0,0.0,0.0,934.5,0.0
1,287200,VOLCANIC_ROCK_VOUCHER_9500,936.0,21.0,0.0,0.0,0.0,0.0,937,21,0.0,0.0,0.0,0.0,936.5,0.0
1,287300,VOLCANIC_ROCK_VOUCHER_9500,939.0,20.0,0.0,0.0,0.0,0.0,940,20,0.0,0.0,0.0,0.0,939.5,0.0
1,287400,VOLCANIC_ROCK_VOUCHER_9500,940.0,15.0,0.0,0.0,0.0,0.0,941,15,0.0,0.0,0.0,0.0,940.5,0.0
1,287500,VOLCANIC_ROCK_VOUCHER_9500,939.0,13.0,0.0,0.0,0.0,0.0,940,13,0.0,0.0,0.0,0.0,939.5,0.0
1,287600,VOLCANIC_ROCK_VOUCHER_9500,937.0,15.0,0.0,0.0,0.0,0.0,938,15,0.0,0.0,0.0,0.0,937.5,0.0
1,287700,VOLCANIC_ROCK_VOUCHER_9500,939.0,14.0,0.0,0.0,0.0,0.0,940,14,0.0,0.0,0.0,0.0,939.5,0.0
1,287800,VOLCANIC_ROCK_VOUCHER_9500,939.0,17.0,0.0,0.0,0.0,0.0,940,17,0.0,0.0,0.0,0.0,939.5,0.0
1,287900,VOLCANIC_ROCK_VOUCHER_9500,938.0,14.0,0.0,0.0,0.0,0.0,939,14,0.0,0.0,0.0,0.0,938.5,0.0
1,288000,VOLCANIC_ROCK_VOUCHER_9500,938.0,13.0,0.0,0.0,0.0,0.0,939,13,0.0,0.0,0.0,0.0,938.5,0.0
1,288100,VOLCANIC_ROCK_VOUCHER_9500,938.0,10.0,0.0,0.0,0.0,0.0,939,10,0.0,0.0,0.0,0.0,938.5,0.0
1,288200,VOLCANIC_ROCK_VOUCHER_9500,939.0,13.0,0.0,0.0,0.0,0.0,940,13,0.0,0.0,0.0,0.0,939.5,0.0
1,288300,VOLCANIC_ROCK_VOUCHER_9500,938.0,25.0,0.0,0.0,0.0,0.0,939,19,0.0,0.0,0.0,0.0,938.5,0.0
1,288400,VOLCANIC_ROCK_VOUCHER_9500,940.0,13.0,0.0,0.0,0.0,0.0,941,13,0.0,0.0,0.0,0.0,940.5,0.0
1,288500,VOLCANIC_ROCK_VOUCHER_9500,941.0,16.0,0.0,0.0,0.0,0.0,943,16,0.0,0.0,0.0,0.0,942.0,0.0
1,288600,VOLCANIC_ROCK_VOUCHER_9500,945.0,12.0,0.0,0.0,0.0,0.0,946,12,0.0,0.0,0.0,0.0,945.5,0.0
1,288700,VOLCANIC_ROCK_VOUCHER_9500,949.0,20.0,0.0,0.0,0.0,0.0,950,20,0.0,0.0,0.0,0.0,949.5,0.0
1,288800,VOLCANIC_ROCK_VOUCHER_9500,950.0,16.0,0.0,0.0,0.0,0.0,952,16,0.0,0.0,0.0,0.0,951.0,0.0
1,288900,VOLCANIC_ROCK_VOUCHER_9500,954.0,11.0,0.0,0.0,0.0,0.0,956,11,0.0,0.0,0.0,0.0,955.0,0.0
1,289000,VOLCANIC_ROCK_VOUCHER_9500,953.0,13.0,0.0,0.0,0.0,0.0,954,13,0.0,0.0,0.0,0.0,953.5,0.0
1,289100,VOLCANIC_ROCK_VOUCHER_9500,955.0,21.0,954.0,17.0,0.0,0.0,956,19,0.0,0.0,0.0,0.0,955.5,0.0
1,289200,VOLCANIC_ROCK_VOUCHER_9500,956.0,11.0,0.0,0.0,0.0,0.0,957,11,0.0,0.0,0.0,0.0,956.5,0.0
1,289300,VOLCANIC_ROCK_VOUCHER_9500,957.0,14.0,0.0,0.0,0.0,0.0,958,14,0.0,0.0,0.0,0.0,957.5,0.0
1,289400,VOLCANIC_ROCK_VOUCHER_9500,962.0,21.0,0.0,0.0,0.0,0.0,964,21,0.0,0.0,0.0,0.0,963.0,0.0
1,289500,VOLCANIC_ROCK_VOUCHER_9500,963.0,13.0,0.0,0.0,0.0,0.0,964,13,0.0,0.0,0.0,0.0,963.5,0.0
1,289600,VOLCANIC_ROCK_VOUCHER_9500,963.0,14.0,0.0,0.0,0.0,0.0,964,14,0.0,0.0,0.0,0.0,963.5,0.0
1,289700,VOLCANIC_ROCK_VOUCHER_9500,963.0,17.0,0.0,0.0,0.0,0.0,964,17,0.0,0.0,0.0,0.0,963.5,0.0
1,289800,VOLCANIC_ROCK_VOUCHER_9500,962.0,11.0,961.0,14.0,0.0,0.0,963,14,0.0,0.0,0.0,0.0,962.5,0.0
1,289900,VOLCANIC_ROCK_VOUCHER_9500,962.0,17.0,0.0,0.0,0.0,0.0,963,17,0.0,0.0,0.0,0.0,962.5,0.0
1,290000,VOLCANIC_ROCK_VOUCHER_9500,962.0,14.0,0.0,0.0,0.0,0.0,963,14,0.0,0.0,0.0,0.0,962.5,0.0
1,290100,VOLCANIC_ROCK_VOUCHER_9500,964.0,12.0,0.0,0.0,0.0,0.0,966,12,0.0,0.0,0.0,0.0,965.0,0.0
1,290200,VOLCANIC_ROCK_VOUCHER_9500,965.0,19.0,0.0,0.0,0.0,0.0,966,19,0.0,0.0,0.0,0.0,965.5,0.0
1,290300,VOLCANIC_ROCK_VOUCHER_9500,966.0,15.0,0.0,0.0,0.0,0.0,967,15,0.0,0.0,0.0,0.0,966.5,0.0
1,290400,VOLCANIC_ROCK_VOUCHER_9500,964.0,21.0,0.0,0.0,0.0,0.0,965,2,966.0,19.0,0.0,0.0,964.5,0.0
1,290500,VOLCANIC_ROCK_VOUCHER_9500,963.0,12.0,0.0,0.0,0.0,0.0,964,12,0.0,0.0,0.0,0.0,963.5,0.0
1,290600,VOLCANIC_ROCK_VOUCHER_9500,963.0,10.0,0.0,0.0,0.0,0.0,964,10,0.0,0.0,0.0,0.0,963.5,0.0
1,290700,VOLCANIC_ROCK_VOUCHER_9500,963.0,15.0,0.0,0.0,0.0,0.0,965,15,0.0,0.0,0.0,0.0,964.0,0.0
1,290800,VOLCANIC_ROCK_VOUCHER_9500,960.0,10.0,0.0,0.0,0.0,0.0,961,10,0.0,0.0,0.0,0.0,960.5,0.0
1,290900,VOLCANIC_ROCK_VOUCHER_9500,958.0,19.0,0.0,0.0,0.0,0.0,959,19,0.0,0.0,0.0,0.0,958.5,0.0
1,291000,VOLCANIC_ROCK_VOUCHER_9500,961.0,13.0,0.0,0.0,0.0,0.0,962,13,0.0,0.0,0.0,0.0,961.5,0.0
1,291100,VOLCANIC_ROCK_VOUCHER_9500,959.0,29.0,0.0,0.0,0.0,0.0,960,14,0.0,0.0,0.0,0.0,959.5,0.0
1,291200,VOLCANIC_ROCK_VOUCHER_9500,958.0,12.0,0.0,0.0,0.0,0.0,959,12,0.0,0.0,0.0,0.0,958.5,0.0
1,291300,VOLCANIC_ROCK_VOUCHER_9500,960.0,14.0,0.0,0.0,0.0,0.0,961,14,0.0,0.0,0.0,0.0,960.5,0.0
1,291400,VOLCANIC_ROCK_VOUCHER_9500,962.0,6.0,0.0,0.0,0.0,0.0,963,16,0.0,0.0,0.0,0.0,962.5,0.0
1,291500,VOLCANIC_ROCK_VOUCHER_9500,963.0,12.0,0.0,0.0,0.0,0.0,964,12,0.0,0.0,0.0,0.0,963.5,0.0
1,291600,VOLCANIC_ROCK_VOUCHER_9500,0.0,0.0,0.0,0.0,0.0,0.0,960,10,961.0,10.0,0.0,0.0,960.0,0.0
1,291700,VOLCANIC_ROCK_VOUCHER_9500,961.0,13.0,0.0,0.0,0.0,0.0,962,13,0.0,0.0,0.0,0.0,961.5,0.0
1,291800,VOLCANIC_ROCK_VOUCHER_9500,959.0,16.0,0.0,0.0,0.0,0.0,961,16,0.0,0.0,0.0,0.0,960.0,0.0
1,291900,VOLCANIC_ROCK_VOUCHER_9500,961.0,20.0,0.0,0.0,0.0,0.0,962,20,0.0,0.0,0.0,0.0,961.5,0.0
1,292000,VOLCANIC_ROCK_VOUCHER_9500,959.0,19.0,0.0,0.0,0.0,0.0,960,19,0.0,0.0,0.0,0.0,959.5,0.0
1,292100,VOLCANIC_ROCK_VOUCHER_9500,959.0,21.0,0.0,0.0,0.0,0.0,960,21,0.0,0.0,0.0,0.0,959.5,0.0
1,292200,VOLCANIC_ROCK_VOUCHER_9500,957.0,10.0,0.0,0.0,0.0,0.0,958,10,0.0,0.0,0.0,0.0,957.5,0.0
1,292300,VOLCANIC_ROCK_VOUCHER_9500,957.0,21.0,0.0,0.0,0.0,0.0,959,21,0.0,0.0,0.0,0.0,958.0,0.0
1,292400,VOLCANIC_ROCK_VOUCHER_9500,959.0,5.0,0.0,0.0,0.0,0.0,960,12,0.0,0.0,0.0,0.0,959.5,0.0
1,292500,VOLCANIC_ROCK_VOUCHER_9500,958.0,12.0,0.0,0.0,0.0,0.0,959,12,0.0,0.0,0.0,0.0,958.5,0.0
1,292600,VOLCANIC_ROCK_VOUCHER_9500,953.0,31.0,0.0,0.0,0.0,0.0,954,18,0.0,0.0,0.0,0.0,953.5,0.0
1,292700,VOLCANIC_ROCK_VOUCHER_9500,945.0,16.0,0.0,0.0,0.0,0.0,946,16,0.0,0.0,0.0,0.0,945.5,0.0
1,292800,VOLCANIC_ROCK_VOUCHER_9500,942.0,16.0,0.0,0.0,0.0,0.0,943,16,0.0,0.0,0.0,0.0,942.5,0.0
1,292900,VOLCANIC_ROCK_VOUCHER_9500,940.0,19.0,0.0,0.0,0.0,0.0,941,19,0.0,0.0,0.0,0.0,940.5,0.0
1,293000,VOLCANIC_ROCK_VOUCHER_9500,943.0,21.0,0.0,0.0,0.0,0.0,944,21,0.0,0.0,0.0,0.0,943.5,0.0
1,293100,VOLCANIC_ROCK_VOUCHER_9500,940.0,13.0,0.0,0.0,0.0,0.0,941,13,0.0,0.0,0.0,0.0,940.5,0.0
1,293200,VOLCANIC_ROCK_VOUCHER_9500,937.0,14.0,0.0,0.0,0.0,0.0,938,14,0.0,0.0,0.0,0.0,937.5,0.0
1,293300,VOLCANIC_ROCK_VOUCHER_9500,933.0,10.0,0.0,0.0,0.0,0.0,935,10,0.0,0.0,0.0,0.0,934.0,0.0
1,293400,VOLCANIC_ROCK_VOUCHER_9500,932.0,13.0,0.0,0.0,0.0,0.0,933,13,0.0,0.0,0.0,0.0,932.5,0.0
1,293500,VOLCANIC_ROCK_VOUCHER_9500,933.0,17.0,0.0,0.0,0.0,0.0,934,17,0.0,0.0,0.0,0.0,933.5,0.0
1,293600,VOLCANIC_ROCK_VOUCHER_9500,929.0,14.0,0.0,0.0,0.0,0.0,930,14,0.0,0.0,0.0,0.0,929.5,0.0
1,293700,VOLCANIC_ROCK_VOUCHER_9500,927.0,15.0,0.0,0.0,0.0,0.0,928,15,929.0,15.0,0.0,0.0,927.5,0.0
1,293800,VOLCANIC_ROCK_VOUCHER_9500,928.0,13.0,0.0,0.0,0.0,0.0,929,13,0.0,0.0,0.0,0.0,928.5,0.0
1,293900,VOLCANIC_ROCK_VOUCHER_9500,928.0,18.0,0.0,0.0,0.0,0.0,929,18,0.0,0.0,0.0,0.0,928.5,0.0
1,294000,VOLCANIC_ROCK_VOUCHER_9500,926.0,16.0,0.0,0.0,0.0,0.0,928,16,0.0,0.0,0.0,0.0,927.0,0.0
1,294100,VOLCANIC_ROCK_VOUCHER_9500,923.0,6.0,0.0,0.0,0.0,0.0,924,12,0.0,0.0,0.0,0.0,923.5,0.0
1,294200,VOLCANIC_ROCK_VOUCHER_9500,923.0,20.0,0.0,0.0,0.0,0.0,924,20,0.0,0.0,0.0,0.0,923.5,0.0
1,294300,VOLCANIC_ROCK_VOUCHER_9500,925.0,16.0,0.0,0.0,0.0,0.0,927,16,0.0,0.0,0.0,0.0,926.0,0.0
1,294400,VOLCANIC_ROCK_VOUCHER_9500,925.0,15.0,0.0,0.0,0.0,0.0,926,15,0.0,0.0,0.0,0.0,925.5,0.0
1,294500,VOLCANIC_ROCK_VOUCHER_9500,924.0,17.0,0.0,0.0,0.0,0.0,925,17,0.0,0.0,0.0,0.0,924.5,0.0
1,294600,VOLCANIC_ROCK_VOUCHER_9500,924.0,12.0,0.0,0.0,0.0,0.0,925,12,0.0,0.0,0.0,0.0,924.5,0.0
1,294700,VOLCANIC_ROCK_VOUCHER_9500,928.0,13.0,0.0,0.0,0.0,0.0,929,13,0.0,0.0,0.0,0.0,928.5,0.0
1,294800,VOLCANIC_ROCK_VOUCHER_9500,928.0,12.0,0.0,0.0,0.0,0.0,929,12,0.0,0.0,0.0,0.0,928.5,0.0
1,294900,VOLCANIC_ROCK_VOUCHER_9500,927.0,16.0,0.0,0.0,0.0,0.0,928,16,0.0,0.0,0.0,0.0,927.5,0.0
1,295000,VOLCANIC_ROCK_VOUCHER_9500,928.0,17.0,0.0,0.0,0.0,0.0,930,17,0.0,0.0,0.0,0.0,929.0,0.0
1,295100,VOLCANIC_ROCK_VOUCHER_9500,928.0,10.0,0.0,0.0,0.0,0.0,929,10,0.0,0.0,0.0,0.0,928.5,0.0
1,295200,VOLCANIC_ROCK_VOUCHER_9500,930.0,11.0,0.0,0.0,0.0,0.0,932,11,0.0,0.0,0.0,0.0,931.0,0.0
1,295300,VOLCANIC_ROCK_VOUCHER_9500,931.0,14.0,0.0,0.0,0.0,0.0,932,14,0.0,0.0,0.0,0.0,931.5,0.0
1,295400,VOLCANIC_ROCK_VOUCHER_9500,933.0,20.0,0.0,0.0,0.0,0.0,935,20,0.0,0.0,0.0,0.0,934.0,0.0
1,295500,VOLCANIC_ROCK_VOUCHER_9500,933.0,12.0,0.0,0.0,0.0,0.0,934,12,0.0,0.0,0.0,0.0,933.5,0.0
1,295600,VOLCANIC_ROCK_VOUCHER_9500,932.0,15.0,0.0,0.0,0.0,0.0,933,15,0.0,0.0,0.0,0.0,932.5,0.0
1,295700,VOLCANIC_ROCK_VOUCHER_9500,930.0,20.0,0.0,0.0,0.0,0.0,931,20,0.0,0.0,0.0,0.0,930.5,0.0
1,295800,VOLCANIC_ROCK_VOUCHER_9500,928.0,17.0,0.0,0.0,0.0,0.0,929,17,0.0,0.0,0.0,0.0,928.5,0.0
1,295900,VOLCANIC_ROCK_VOUCHER_9500,932.0,20.0,0.0,0.0,0.0,0.0,933,20,0.0,0.0,0.0,0.0,932.5,0.0
1,296000,VOLCANIC_ROCK_VOUCHER_9500,931.0,13.0,0.0,0.0,0.0,0.0,932,13,0.0,0.0,0.0,0.0,931.5,0.0
1,296100,VOLCANIC_ROCK_VOUCHER_9500,933.0,15.0,0.0,0.0,0.0,0.0,934,15,0.0,0.0,0.0,0.0,933.5,0.0
1,296200,VOLCANIC_ROCK_VOUCHER_9500,935.0,17.0,0.0,0.0,0.0,0.0,936,17,0.0,0.0,0.0,0.0,935.5,0.0
1,296300,VOLCANIC_ROCK_VOUCHER_9500,934.0,17.0,0.0,0.0,0.0,0.0,936,17,0.0,0.0,0.0,0.0,935.0,0.0
1,296400,VOLCANIC_ROCK_VOUCHER_9500,934.0,20.0,0.0,0.0,0.0,0.0,935,20,0.0,0.0,0.0,0.0,934.5,0.0
1,296500,VOLCANIC_ROCK_VOUCHER_9500,932.0,21.0,0.0,0.0,0.0,0.0,934,21,0.0,0.0,0.0,0.0,933.0,0.0
1,296600,VOLCANIC_ROCK_VOUCHER_9500,929.0,12.0,0.0,0.0,0.0,0.0,930,12,0.0,0.0,0.0,0.0,929.5,0.0
1,296700,VOLCANIC_ROCK_VOUCHER_9500,932.0,31.0,0.0,0.0,0.0,0.0,933,12,0.0,0.0,0.0,0.0,932.5,0.0
1,296800,VOLCANIC_ROCK_VOUCHER_9500,933.0,11.0,0.0,0.0,0.0,0.0,935,11,0.0,0.0,0.0,0.0,934.0,0.0
1,296900,VOLCANIC_ROCK_VOUCHER_9500,935.0,9.0,0.0,0.0,0.0,0.0,936,20,0.0,0.0,0.0,0.0,935.5,0.0
1,297000,VOLCANIC_ROCK_VOUCHER_9500,934.0,16.0,0.0,0.0,0.0,0.0,936,16,0.0,0.0,0.0,0.0,935.0,0.0
1,297100,VOLCANIC_ROCK_VOUCHER_9500,934.0,18.0,0.0,0.0,0.0,0.0,935,18,0.0,0.0,0.0,0.0,934.5,0.0
1,297200,VOLCANIC_ROCK_VOUCHER_9500,935.0,22.0,0.0,0.0,0.0,0.0,936,22,0.0,0.0,0.0,0.0,935.5,0.0
1,297300,VOLCANIC_ROCK_VOUCHER_9500,938.0,18.0,0.0,0.0,0.0,0.0,939,18,0.0,0.0,0.0,0.0,938.5,0.0
1,297400,VOLCANIC_ROCK_VOUCHER_9500,939.0,20.0,0.0,0.0,0.0,0.0,941,20,0.0,0.0,0.0,0.0,940.0,0.0
1,297500,VOLCANIC_ROCK_VOUCHER_9500,936.0,19.0,0.0,0.0,0.0,0.0,937,19,0.0,0.0,0.0,0.0,936.5,0.0
1,297600,VOLCANIC_ROCK_VOUCHER_9500,935.0,19.0,0.0,0.0,0.0,0.0,936,19,0.0,0.0,0.0,0.0,935.5,0.0
1,297700,VOLCANIC_ROCK_VOUCHER_9500,936.0,13.0,0.0,0.0,0.0,0.0,937,13,0.0,0.0,0.0,0.0,936.5,0.0
1,297800,VOLCANIC_ROCK_VOUCHER_9500,935.0,14.0,0.0,0.0,0.0,0.0,936,14,0.0,0.0,0.0,0.0,935.5,0.0
1,297900,VOLCANIC_ROCK_VOUCHER_9500,935.0,20.0,934.0,11.0,0.0,0.0,936,13,0.0,0.0,0.0,0.0,935.5,0.0
1,298000,VOLCANIC_ROCK_VOUCHER_9500,937.0,16.0,0.0,0.0,0.0,0.0,938,16,0.0,0.0,0.0,0.0,937.5,0.0
1,298100,VOLCANIC_ROCK_VOUCHER_9500,0.0,0.0,0.0,0.0,0.0,0.0,936,6,937.0,14.0,0.0,0.0,936.0,0.0
1,298200,VOLCANIC_ROCK_VOUCHER_9500,937.0,11.0,0.0,0.0,0.0,0.0,938,11,0.0,0.0,0.0,0.0,937.5,0.0
1,298300,VOLCANIC_ROCK_VOUCHER_9500,937.0,20.0,0.0,0.0,0.0,0.0,938,20,0.0,0.0,0.0,0.0,937.5,0.0
1,298400,VOLCANIC_ROCK_VOUCHER_9500,938.0,11.0,0.0,0.0,0.0,0.0,939,11,0.0,0.0,0.0,0.0,938.5,0.0
1,298500,VOLCANIC_ROCK_VOUCHER_9500,938.0,18.0,0.0,0.0,0.0,0.0,939,18,0.0,0.0,0.0,0.0,938.5,0.0
1,298600,VOLCANIC_ROCK_VOUCHER_9500,939.0,13.0,0.0,0.0,0.0,0.0,940,13,0.0,0.0,0.0,0.0,939.5,0.0
1,298700,VOLCANIC_ROCK_VOUCHER_9500,939.0,12.0,0.0,0.0,0.0,0.0,940,12,0.0,0.0,0.0,0.0,939.5,0.0
1,298800,VOLCANIC_ROCK_VOUCHER_9500,938.0,14.0,0.0,0.0,0.0,0.0,939,14,0.0,0.0,0.0,0.0,938.5,0.0
1,298900,VOLCANIC_ROCK_VOUCHER_9500,937.0,1.0,0.0,0.0,0.0,0.0,938,16,0.0,0.0,0.0,0.0,937.5,0.0
1,299000,VOLCANIC_ROCK_VOUCHER_9500,937.0,25.0,0.0,0.0,0.0,0.0,938,20,0.0,0.0,0.0,0.0,937.5,0.0
1,299100,VOLCANIC_ROCK_VOUCHER_9500,935.0,14.0,0.0,0.0,0.0,0.0,937,14,0.0,0.0,0.0,0.0,936.0,0.0
1,299200,VOLCANIC_ROCK_VOUCHER_9500,937.0,17.0,0.0,0.0,0.0,0.0,938,17,0.0,0.0,0.0,0.0,937.5,0.0
1,299300,VOLCANIC_ROCK_VOUCHER_9500,937.0,19.0,0.0,0.0,0.0,0.0,938,19,0.0,0.0,0.0,0.0,937.5,0.0
1,299400,VOLCANIC_ROCK_VOUCHER_9500,937.0,2.0,936.0,14.0,0.0,0.0,938,16,0.0,0.0,0.0,0.0,937.5,0.0
1,299500,VOLCANIC_ROCK_VOUCHER_9500,938.0,12.0,0.0,0.0,0.0,0.0,939,12,0.0,0.0,0.0,0.0,938.5,0.0
1,299600,VOLCANIC_ROCK_VOUCHER_9500,937.0,20.0,0.0,0.0,0.0,0.0,938,20,0.0,0.0,0.0,0.0,937.5,0.0
1,299700,VOLCANIC_ROCK_VOUCHER_9500,938.0,17.0,0.0,0.0,0.0,0.0,939,17,0.0,0.0,0.0,0.0,938.5,0.0
1,299800,VOLCANIC_ROCK_VOUCHER_9500,937.0,13.0,0.0,0.0,0.0,0.0,938,13,0.0,0.0,0.0,0.0,937.5,0.0
1,299900,VOLCANIC_ROCK_VOUCHER_9500,939.0,17.0,0.0,0.0,0.0,0.0,940,17,0.0,0.0,0.0,0.0,939.5,0.0
1,300000,VOLCANIC_ROCK_VOUCHER_9500,941.0,12.0,0.0,0.0,0.0,0.0,942,12,0.0,0.0,0.0,0.0,941.5,0.0
1,300100,VOLCANIC_ROCK_VOUCHER_9500,943.0,21.0,0.0,0.0,0.0,0.0,944,21,0.0,0.0,0.0,0.0,943.5,0.0
1,300200,VOLCANIC_ROCK_VOUCHER_9500,942.0,14.0,0.0,0.0,0.0,0.0,943,14,0.0,0.0,0.0,0.0,942.5,0.0
1,300300,VOLCANIC_ROCK_VOUCHER_9500,939.0,12.0,0.0,0.0,0.0,0.0,940,12,0.0,0.0,0.0,0.0,939.5,0.0
1,300400,VOLCANIC_ROCK_VOUCHER_9500,938.0,19.0,0.0,0.0,0.0,0.0,940,19,0.0,0.0,0.0,0.0,939.0,0.0
1,300500,VOLCANIC_ROCK_VOUCHER_9500,938.0,15.0,0.0,0.0,0.0,0.0,939,15,0.0,0.0,0.0,0.0,938.5,0.0
1,300600,VOLCANIC_ROCK_VOUCHER_9500,936.0,12.0,0.0,0.0,0.0,0.0,937,12,0.0,0.0,0.0,0.0,936.5,0.0
1,300700,VOLCANIC_ROCK_VOUCHER_9500,938.0,12.0,937.0,16.0,0.0,0.0,939,16,0.0,0.0,0.0,0.0,938.5,0.0
1,300800,VOLCANIC_ROCK_VOUCHER_9500,937.0,20.0,0.0,0.0,0.0,0.0,939,20,0.0,0.0,0.0,0.0,938.0,0.0
1,300900,VOLCANIC_ROCK_VOUCHER_9500,938.0,12.0,0.0,0.0,0.0,0.0,939,12,0.0,0.0,0.0,0.0,938.5,0.0
1,301000,VOLCANIC_ROCK_VOUCHER_9500,937.0,16.0,0.0,0.0,0.0,0.0,939,16,0.0,0.0,0.0,0.0,938.0,0.0
1,301100,VOLCANIC_ROCK_VOUCHER_9500,938.0,12.0,0.0,0.0,0.0,0.0,939,12,0.0,0.0,0.0,0.0,938.5,0.0
1,301200,VOLCANIC_ROCK_VOUCHER_9500,938.0,11.0,0.0,0.0,0.0,0.0,939,11,0.0,0.0,0.0,0.0,938.5,0.0
1,301300,VOLCANIC_ROCK_VOUCHER_9500,937.0,12.0,0.0,0.0,0.0,0.0,939,12,0.0,0.0,0.0,0.0,938.0,0.0
1,301400,VOLCANIC_ROCK_VOUCHER_9500,938.0,16.0,0.0,0.0,0.0,0.0,939,16,0.0,0.0,0.0,0.0,938.5,0.0
1,301500,VOLCANIC_ROCK_VOUCHER_9500,938.0,19.0,0.0,0.0,0.0,0.0,939,19,0.0,0.0,0.0,0.0,938.5,0.0
1,301600,VOLCANIC_ROCK_VOUCHER_9500,937.0,19.0,0.0,0.0,0.0,0.0,938,19,0.0,0.0,0.0,0.0,937.5,0.0
1,301700,VOLCANIC_ROCK_VOUCHER_9500,936.0,19.0,0.0,0.0,0.0,0.0,937,19,0.0,0.0,0.0,0.0,936.5,0.0
1,301800,VOLCANIC_ROCK_VOUCHER_9500,937.0,11.0,0.0,0.0,0.0,0.0,938,11,0.0,0.0,0.0,0.0,937.5,0.0
1,301900,VOLCANIC_ROCK_VOUCHER_9500,937.0,19.0,0.0,0.0,0.0,0.0,938,19,0.0,0.0,0.0,0.0,937.5,0.0
1,302000,VOLCANIC_ROCK_VOUCHER_9500,935.0,11.0,0.0,0.0,0.0,0.0,937,11,0.0,0.0,0.0,0.0,936.0,0.0
1,302100,VOLCANIC_ROCK_VOUCHER_9500,937.0,14.0,0.0,0.0,0.0,0.0,938,14,0.0,0.0,0.0,0.0,937.5,0.0
1,302200,VOLCANIC_ROCK_VOUCHER_9500,936.0,16.0,0.0,0.0,0.0,0.0,937,16,0.0,0.0,0.0,0.0,936.5,0.0
1,302300,VOLCANIC_ROCK_VOUCHER_9500,933.0,19.0,0.0,0.0,0.0,0.0,935,19,0.0,0.0,0.0,0.0,934.0,0.0
1,302400,VOLCANIC_ROCK_VOUCHER_9500,933.0,19.0,0.0,0.0,0.0,0.0,934,19,0.0,0.0,0.0,0.0,933.5,0.0
1,302500,VOLCANIC_ROCK_VOUCHER_9500,927.0,13.0,0.0,0.0,0.0,0.0,928,13,0.0,0.0,0.0,0.0,927.5,0.0
1,302600,VOLCANIC_ROCK_VOUCHER_9500,928.0,15.0,0.0,0.0,0.0,0.0,929,15,0.0,0.0,0.0,0.0,928.5,0.0
1,302700,VOLCANIC_ROCK_VOUCHER_9500,928.0,14.0,0.0,0.0,0.0,0.0,930,14,0.0,0.0,0.0,0.0,929.0,0.0
1,302800,VOLCANIC_ROCK_VOUCHER_9500,929.0,17.0,0.0,0.0,0.0,0.0,930,17,0.0,0.0,0.0,0.0,929.5,0.0
1,302900,VOLCANIC_ROCK_VOUCHER_9500,931.0,11.0,0.0,0.0,0.0,0.0,932,11,0.0,0.0,0.0,0.0,931.5,0.0
1,303000,VOLCANIC_ROCK_VOUCHER_9500,931.0,28.0,0.0,0.0,0.0,0.0,932,18,0.0,0.0,0.0,0.0,931.5,0.0
1,303100,VOLCANIC_ROCK_VOUCHER_9500,931.0,18.0,0.0,0.0,0.0,0.0,933,18,0.0,0.0,0.0,0.0,932.0,0.0
1,303200,VOLCANIC_ROCK_VOUCHER_9500,933.0,20.0,0.0,0.0,0.0,0.0,934,20,0.0,0.0,0.0,0.0,933.5,0.0
1,303300,VOLCANIC_ROCK_VOUCHER_9500,934.0,16.0,0.0,0.0,0.0,0.0,935,16,0.0,0.0,0.0,0.0,934.5,0.0
1,303400,VOLCANIC_ROCK_VOUCHER_9500,934.0,11.0,0.0,0.0,0.0,0.0,935,11,0.0,0.0,0.0,0.0,934.5,0.0
1,303500,VOLCANIC_ROCK_VOUCHER_9500,936.0,12.0,0.0,0.0,0.0,0.0,937,12,0.0,0.0,0.0,0.0,936.5,0.0
1,303600,VOLCANIC_ROCK_VOUCHER_9500,0.0,0.0,0.0,0.0,0.0,0.0,935,8,936.0,10.0,0.0,0.0,935.0,0.0
1,303700,VOLCANIC_ROCK_VOUCHER_9500,940.0,15.0,0.0,0.0,0.0,0.0,941,15,0.0,0.0,0.0,0.0,940.5,0.0
1,303800,VOLCANIC_ROCK_VOUCHER_9500,942.0,16.0,0.0,0.0,0.0,0.0,944,16,0.0,0.0,0.0,0.0,943.0,0.0
1,303900,VOLCANIC_ROCK_VOUCHER_9500,941.0,17.0,0.0,0.0,0.0,0.0,943,17,0.0,0.0,0.0,0.0,942.0,0.0
1,304000,VOLCANIC_ROCK_VOUCHER_9500,941.0,18.0,0.0,0.0,0.0,0.0,942,18,0.0,0.0,0.0,0.0,941.5,0.0
1,304100,VOLCANIC_ROCK_VOUCHER_9500,940.0,19.0,0.0,0.0,0.0,0.0,941,19,0.0,0.0,0.0,0.0,940.5,0.0
1,304200,VOLCANIC_ROCK_VOUCHER_9500,940.0,21.0,0.0,0.0,0.0,0.0,941,21,0.0,0.0,0.0,0.0,940.5,0.0
1,304300,VOLCANIC_ROCK_VOUCHER_9500,941.0,19.0,0.0,0.0,0.0,0.0,942,19,0.0,0.0,0.0,0.0,941.5,0.0
1,304400,VOLCANIC_ROCK_VOUCHER_9500,940.0,18.0,0.0,0.0,0.0,0.0,942,18,0.0,0.0,0.0,0.0,941.0,0.0
1,304500,VOLCANIC_ROCK_VOUCHER_9500,939.0,14.0,0.0,0.0,0.0,0.0,940,14,0.0,0.0,0.0,0.0,939.5,0.0
1,304600,VOLCANIC_ROCK_VOUCHER_9500,937.0,2.0,0.0,0.0,0.0,0.0,938,16,0.0,0.0,0.0,0.0,937.5,0.0
1,304700,VOLCANIC_ROCK_VOUCHER_9500,937.0,18.0,0.0,0.0,0.0,0.0,938,10,0.0,0.0,0.0,0.0,937.5,0.0
1,304800,VOLCANIC_ROCK_VOUCHER_9500,937.0,17.0,0.0,0.0,0.0,0.0,938,17,0.0,0.0,0.0,0.0,937.5,0.0
1,304900,VOLCANIC_ROCK_VOUCHER_9500,935.0,18.0,0.0,0.0,0.0,0.0,937,18,0.0,0.0,0.0,0.0,936.0,0.0
1,305000,VOLCANIC_ROCK_VOUCHER_9500,933.0,17.0,0.0,0.0,0.0,0.0,934,17,0.0,0.0,0.0,0.0,933.5,0.0
1,305100,VOLCANIC_ROCK_VOUCHER_9500,933.0,18.0,0.0,0.0,0.0,0.0,934,18,0.0,0.0,0.0,0.0,933.5,0.0
1,305200,VOLCANIC_ROCK_VOUCHER_9500,932.0,12.0,0.0,0.0,0.0,0.0,933,12,0.0,0.0,0.0,0.0,932.5,0.0
1,305300,VOLCANIC_ROCK_VOUCHER_9500,933.0,17.0,0.0,0.0,0.0,0.0,934,17,0.0,0.0,0.0,0.0,933.5,0.0
1,305400,VOLCANIC_ROCK_VOUCHER_9500,935.0,21.0,0.0,0.0,0.0,0.0,936,21,0.0,0.0,0.0,0.0,935.5,0.0
1,305500,VOLCANIC_ROCK_VOUCHER_9500,936.0,1.0,0.0,0.0,0.0,0.0,937,12,0.0,0.0,0.0,0.0,936.5,0.0
1,305600,VOLCANIC_ROCK_VOUCHER_9500,937.0,12.0,936.0,19.0,0.0,0.0,938,19,0.0,0.0,0.0,0.0,937.5,0.0
1,305700,VOLCANIC_ROCK_VOUCHER_9500,937.0,15.0,0.0,0.0,0.0,0.0,938,15,0.0,0.0,0.0,0.0,937.5,0.0
1,305800,VOLCANIC_ROCK_VOUCHER_9500,936.0,17.0,0.0,0.0,0.0,0.0,937,17,0.0,0.0,0.0,0.0,936.5,0.0
1,305900,VOLCANIC_ROCK_VOUCHER_9500,937.0,11.0,0.0,0.0,0.0,0.0,939,11,0.0,0.0,0.0,0.0,938.0,0.0
1,306000,VOLCANIC_ROCK_VOUCHER_9500,938.0,8.0,0.0,0.0,0.0,0.0,939,18,0.0,0.0,0.0,0.0,938.5,0.0
1,306100,VOLCANIC_ROCK_VOUCHER_9500,938.0,12.0,0.0,0.0,0.0,0.0,939,12,0.0,0.0,0.0,0.0,938.5,0.0
1,306200,VOLCANIC_ROCK_VOUCHER_9500,939.0,19.0,0.0,0.0,0.0,0.0,940,19,0.0,0.0,0.0,0.0,939.5,0.0
1,306300,VOLCANIC_ROCK_VOUCHER_9500,941.0,18.0,0.0,0.0,0.0,0.0,942,18,0.0,0.0,0.0,0.0,941.5,0.0
1,306400,VOLCANIC_ROCK_VOUCHER_9500,941.0,22.0,0.0,0.0,0.0,0.0,943,22,0.0,0.0,0.0,0.0,942.0,0.0
1,306500,VOLCANIC_ROCK_VOUCHER_9500,943.0,10.0,0.0,0.0,0.0,0.0,944,10,0.0,0.0,0.0,0.0,943.5,0.0
1,306600,VOLCANIC_ROCK_VOUCHER_9500,939.0,20.0,0.0,0.0,0.0,0.0,940,20,0.0,0.0,0.0,0.0,939.5,0.0
1,306700,VOLCANIC_ROCK_VOUCHER_9500,940.0,33.0,0.0,0.0,0.0,0.0,941,18,0.0,0.0,0.0,0.0,940.5,0.0
1,306800,VOLCANIC_ROCK_VOUCHER_9500,942.0,20.0,0.0,0.0,0.0,0.0,943,20,0.0,0.0,0.0,0.0,942.5,0.0
1,306900,VOLCANIC_ROCK_VOUCHER_9500,943.0,22.0,0.0,0.0,0.0,0.0,944,22,0.0,0.0,0.0,0.0,943.5,0.0
1,307000,VOLCANIC_ROCK_VOUCHER_9500,940.0,13.0,0.0,0.0,0.0,0.0,942,13,0.0,0.0,0.0,0.0,941.0,0.0
1,307100,VOLCANIC_ROCK_VOUCHER_9500,941.0,17.0,0.0,0.0,0.0,0.0,943,17,0.0,0.0,0.0,0.0,942.0,0.0
1,307200,VOLCANIC_ROCK_VOUCHER_9500,942.0,31.0,0.0,0.0,0.0,0.0,944,12,0.0,0.0,0.0,0.0,943.0,0.0
1,307300,VOLCANIC_ROCK_VOUCHER_9500,942.0,15.0,0.0,0.0,0.0,0.0,944,15,0.0,0.0,0.0,0.0,943.0,0.0
1,307400,VOLCANIC_ROCK_VOUCHER_9500,942.0,18.0,0.0,0.0,0.0,0.0,944,18,0.0,0.0,0.0,0.0,943.0,0.0
1,307500,VOLCANIC_ROCK_VOUCHER_9500,940.0,17.0,0.0,0.0,0.0,0.0,941,17,0.0,0.0,0.0,0.0,940.5,0.0
1,307600,VOLCANIC_ROCK_VOUCHER_9500,941.0,13.0,0.0,0.0,0.0,0.0,942,13,0.0,0.0,0.0,0.0,941.5,0.0
1,307700,VOLCANIC_ROCK_VOUCHER_9500,941.0,21.0,0.0,0.0,0.0,0.0,942,21,0.0,0.0,0.0,0.0,941.5,0.0
1,307800,VOLCANIC_ROCK_VOUCHER_9500,941.0,27.0,0.0,0.0,0.0,0.0,942,14,0.0,0.0,0.0,0.0,941.5,0.0
1,307900,VOLCANIC_ROCK_VOUCHER_9500,943.0,14.0,0.0,0.0,0.0,0.0,944,14,0.0,0.0,0.0,0.0,943.5,0.0
1,308000,VOLCANIC_ROCK_VOUCHER_9500,948.0,15.0,0.0,0.0,0.0,0.0,950,15,0.0,0.0,0.0,0.0,949.0,0.0
1,308100,VOLCANIC_ROCK_VOUCHER_9500,950.0,13.0,0.0,0.0,0.0,0.0,951,13,0.0,0.0,0.0,0.0,950.5,0.0
1,308200,VOLCANIC_ROCK_VOUCHER_9500,0.0,0.0,0.0,0.0,0.0,0.0,954,3,955.0,16.0,0.0,0.0,954.0,0.0
1,308300,VOLCANIC_ROCK_VOUCHER_9500,952.0,18.0,0.0,0.0,0.0,0.0,953,18,0.0,0.0,0.0,0.0,952.5,0.0
1,308400,VOLCANIC_ROCK_VOUCHER_9500,952.0,19.0,0.0,0.0,0.0,0.0,953,19,0.0,0.0,0.0,0.0,952.5,0.0
1,308500,VOLCANIC_ROCK_VOUCHER_9500,952.0,2.0,951.0,16.0,0.0,0.0,953,18,0.0,0.0,0.0,0.0,952.5,0.0
1,308600,VOLCANIC_ROCK_VOUCHER_9500,951.0,20.0,0.0,0.0,0.0,0.0,952,20,0.0,0.0,0.0,0.0,951.5,0.0
1,308700,VOLCANIC_ROCK_VOUCHER_9500,953.0,17.0,0.0,0.0,0.0,0.0,954,17,0.0,0.0,0.0,0.0,953.5,0.0
1,308800,VOLCANIC_ROCK_VOUCHER_9500,955.0,16.0,0.0,0.0,0.0,0.0,956,16,0.0,0.0,0.0,0.0,955.5,0.0
1,308900,VOLCANIC_ROCK_VOUCHER_9500,954.0,20.0,0.0,0.0,0.0,0.0,955,20,0.0,0.0,0.0,0.0,954.5,0.0
1,309000,VOLCANIC_ROCK_VOUCHER_9500,954.0,11.0,0.0,0.0,0.0,0.0,955,11,0.0,0.0,0.0,0.0,954.5,0.0
1,309100,VOLCANIC_ROCK_VOUCHER_9500,950.0,14.0,0.0,0.0,0.0,0.0,951,14,0.0,0.0,0.0,0.0,950.5,0.0
1,309200,VOLCANIC_ROCK_VOUCHER_9500,950.0,18.0,0.0,0.0,0.0,0.0,952,18,0.0,0.0,0.0,0.0,951.0,0.0
1,309300,VOLCANIC_ROCK_VOUCHER_9500,951.0,13.0,0.0,0.0,0.0,0.0,953,13,0.0,0.0,0.0,0.0,952.0,0.0
1,309400,VOLCANIC_ROCK_VOUCHER_9500,950.0,19.0,0.0,0.0,0.0,0.0,951,19,0.0,0.0,0.0,0.0,950.5,0.0
1,309500,VOLCANIC_ROCK_VOUCHER_9500,950.0,12.0,0.0,0.0,0.0,0.0,951,12,0.0,0.0,0.0,0.0,950.5,0.0
1,309600,VOLCANIC_ROCK_VOUCHER_9500,948.0,21.0,0.0,0.0,0.0,0.0,949,21,0.0,0.0,0.0,0.0,948.5,0.0
1,309700,VOLCANIC_ROCK_VOUCHER_9500,949.0,14.0,0.0,0.0,0.0,0.0,951,14,0.0,0.0,0.0,0.0,950.0,0.0
1,309800,VOLCANIC_ROCK_VOUCHER_9500,949.0,20.0,0.0,0.0,0.0,0.0,950,20,0.0,0.0,0.0,0.0,949.5,0.0
1,309900,VOLCANIC_ROCK_VOUCHER_9500,947.0,13.0,0.0,0.0,0.0,0.0,948,13,0.0,0.0,0.0,0.0,947.5,0.0
1,310000,VOLCANIC_ROCK_VOUCHER_9500,949.0,17.0,0.0,0.0,0.0,0.0,950,17,0.0,0.0,0.0,0.0,949.5,0.0
1,310100,VOLCANIC_ROCK_VOUCHER_9500,947.0,12.0,0.0,0.0,0.0,0.0,948,12,0.0,0.0,0.0,0.0,947.5,0.0
1,310200,VOLCANIC_ROCK_VOUCHER_9500,951.0,18.0,0.0,0.0,0.0,0.0,952,18,0.0,0.0,0.0,0.0,951.5,0.0
1,310300,VOLCANIC_ROCK_VOUCHER_9500,952.0,20.0,0.0,0.0,0.0,0.0,953,20,0.0,0.0,0.0,0.0,952.5,0.0
1,310400,VOLCANIC_ROCK_VOUCHER_9500,951.0,10.0,0.0,0.0,0.0,0.0,952,10,0.0,0.0,0.0,0.0,951.5,0.0
1,310500,VOLCANIC_ROCK_VOUCHER_9500,950.0,27.0,0.0,0.0,0.0,0.0,952,10,0.0,0.0,0.0,0.0,951.0,0.0
1,310600,VOLCANIC_ROCK_VOUCHER_9500,950.0,4.0,0.0,0.0,0.0,0.0,951,17,0.0,0.0,0.0,0.0,950.5,0.0
1,310700,VOLCANIC_ROCK_VOUCHER_9500,951.0,14.0,0.0,0.0,0.0,0.0,952,14,0.0,0.0,0.0,0.0,951.5,0.0
1,310800,VOLCANIC_ROCK_VOUCHER_9500,953.0,12.0,0.0,0.0,0.0,0.0,954,12,0.0,0.0,0.0,0.0,953.5,0.0
1,310900,VOLCANIC_ROCK_VOUCHER_9500,953.0,12.0,0.0,0.0,0.0,0.0,955,12,0.0,0.0,0.0,0.0,954.0,0.0
1,311000,VOLCANIC_ROCK_VOUCHER_9500,954.0,16.0,0.0,0.0,0.0,0.0,955,16,0.0,0.0,0.0,0.0,954.5,0.0
1,311100,VOLCANIC_ROCK_VOUCHER_9500,955.0,10.0,0.0,0.0,0.0,0.0,956,10,0.0,0.0,0.0,0.0,955.5,0.0
1,311200,VOLCANIC_ROCK_VOUCHER_9500,955.0,27.0,0.0,0.0,0.0,0.0,956,16,0.0,0.0,0.0,0.0,955.5,0.0
1,311300,VOLCANIC_ROCK_VOUCHER_9500,958.0,3.0,0.0,0.0,0.0,0.0,959,15,0.0,0.0,0.0,0.0,958.5,0.0
1,311400,VOLCANIC_ROCK_VOUCHER_9500,958.0,21.0,0.0,0.0,0.0,0.0,960,21,0.0,0.0,0.0,0.0,959.0,0.0
1,311500,VOLCANIC_ROCK_VOUCHER_9500,958.0,12.0,0.0,0.0,0.0,0.0,960,12,0.0,0.0,0.0,0.0,959.0,0.0
1,311600,VOLCANIC_ROCK_VOUCHER_9500,953.0,14.0,0.0,0.0,0.0,0.0,955,14,0.0,0.0,0.0,0.0,954.0,0.0
1,311700,VOLCANIC_ROCK_VOUCHER_9500,955.0,21.0,0.0,0.0,0.0,0.0,957,21,0.0,0.0,0.0,0.0,956.0,0.0
1,311800,VOLCANIC_ROCK_VOUCHER_9500,956.0,16.0,0.0,0.0,0.0,0.0,958,16,0.0,0.0,0.0,0.0,957.0,0.0
1,311900,VOLCANIC_ROCK_VOUCHER_9500,957.0,18.0,0.0,0.0,0.0,0.0,958,18,0.0,0.0,0.0,0.0,957.5,0.0
1,312000,VOLCANIC_ROCK_VOUCHER_9500,957.0,16.0,0.0,0.0,0.0,0.0,958,16,0.0,0.0,0.0,0.0,957.5,0.0
1,312100,VOLCANIC_ROCK_VOUCHER_9500,957.0,16.0,0.0,0.0,0.0,0.0,958,16,0.0,0.0,0.0,0.0,957.5,0.0
1,312200,VOLCANIC_ROCK_VOUCHER_9500,959.0,19.0,0.0,0.0,0.0,0.0,960,19,0.0,0.0,0.0,0.0,959.5,0.0
1,312300,VOLCANIC_ROCK_VOUCHER_9500,958.0,22.0,0.0,0.0,0.0,0.0,959,22,0.0,0.0,0.0,0.0,958.5,0.0
1,312400,VOLCANIC_ROCK_VOUCHER_9500,959.0,10.0,0.0,0.0,0.0,0.0,960,10,0.0,0.0,0.0,0.0,959.5,0.0
1,312500,VOLCANIC_ROCK_VOUCHER_9500,960.0,17.0,0.0,0.0,0.0,0.0,961,17,0.0,0.0,0.0,0.0,960.5,0.0
1,312600,VOLCANIC_ROCK_VOUCHER_9500,957.0,18.0,0.0,0.0,0.0,0.0,959,18,0.0,0.0,0.0,0.0,958.0,0.0
1,312700,VOLCANIC_ROCK_VOUCHER_9500,957.0,11.0,0.0,0.0,0.0,0.0,959,11,0.0,0.0,0.0,0.0,958.0,0.0
1,312800,VOLCANIC_ROCK_VOUCHER_9500,958.0,20.0,0.0,0.0,0.0,0.0,959,20,0.0,0.0,0.0,0.0,958.5,0.0
1,312900,VOLCANIC_ROCK_VOUCHER_9500,958.0,13.0,0.0,0.0,0.0,0.0,960,13,0.0,0.0,0.0,0.0,959.0,0.0
1,313000,VOLCANIC_ROCK_VOUCHER_9500,958.0,17.0,0.0,0.0,0.0,0.0,959,17,0.0,0.0,0.0,0.0,958.5,0.0
1,313100,VOLCANIC_ROCK_VOUCHER_9500,957.0,16.0,0.0,0.0,0.0,0.0,958,16,0.0,0.0,0.0,0.0,957.5,0.0
1,313200,VOLCANIC_ROCK_VOUCHER_9500,957.0,16.0,0.0,0.0,0.0,0.0,958,16,0.0,0.0,0.0,0.0,957.5,0.0
1,313300,VOLCANIC_ROCK_VOUCHER_9500,957.0,18.0,0.0,0.0,0.0,0.0,958,18,0.0,0.0,0.0,0.0,957.5,0.0
1,313400,VOLCANIC_ROCK_VOUCHER_9500,959.0,21.0,0.0,0.0,0.0,0.0,960,11,0.0,0.0,0.0,0.0,959.5,0.0
1,313500,VOLCANIC_ROCK_VOUCHER_9500,959.0,16.0,0.0,0.0,0.0,0.0,960,16,0.0,0.0,0.0,0.0,959.5,0.0
1,313600,VOLCANIC_ROCK_VOUCHER_9500,959.0,15.0,0.0,0.0,0.0,0.0,960,15,0.0,0.0,0.0,0.0,959.5,0.0
1,313700,VOLCANIC_ROCK_VOUCHER_9500,958.0,14.0,0.0,0.0,0.0,0.0,960,14,0.0,0.0,0.0,0.0,959.0,0.0
1,313800,VOLCANIC_ROCK_VOUCHER_9500,959.0,34.0,0.0,0.0,0.0,0.0,960,17,0.0,0.0,0.0,0.0,959.5,0.0
1,313900,VOLCANIC_ROCK_VOUCHER_9500,959.0,16.0,0.0,0.0,0.0,0.0,961,16,0.0,0.0,0.0,0.0,960.0,0.0
1,314000,VOLCANIC_ROCK_VOUCHER_9500,957.0,18.0,0.0,0.0,0.0,0.0,958,18,0.0,0.0,0.0,0.0,957.5,0.0
1,314100,VOLCANIC_ROCK_VOUCHER_9500,956.0,12.0,0.0,0.0,0.0,0.0,957,12,0.0,0.0,0.0,0.0,956.5,0.0
1,314200,VOLCANIC_ROCK_VOUCHER_9500,958.0,1.0,0.0,0.0,0.0,0.0,959,12,0.0,0.0,0.0,0.0,958.5,0.0
1,314300,VOLCANIC_ROCK_VOUCHER_9500,958.0,14.0,0.0,0.0,0.0,0.0,959,14,0.0,0.0,0.0,0.0,958.5,0.0
1,314400,VOLCANIC_ROCK_VOUCHER_9500,959.0,21.0,0.0,0.0,0.0,0.0,960,21,0.0,0.0,0.0,0.0,959.5,0.0
1,314500,VOLCANIC_ROCK_VOUCHER_9500,959.0,18.0,0.0,0.0,0.0,0.0,960,18,0.0,0.0,0.0,0.0,959.5,0.0
1,314600,VOLCANIC_ROCK_VOUCHER_9500,959.0,20.0,958.0,12.0,0.0,0.0,960,12,0.0,0.0,0.0,0.0,959.5,0.0
1,314700,VOLCANIC_ROCK_VOUCHER_9500,958.0,11.0,0.0,0.0,0.0,0.0,959,11,0.0,0.0,0.0,0.0,958.5,0.0
1,314800,VOLCANIC_ROCK_VOUCHER_9500,958.0,15.0,0.0,0.0,0.0,0.0,959,15,0.0,0.0,0.0,0.0,958.5,0.0
1,314900,VOLCANIC_ROCK_VOUCHER_9500,959.0,17.0,0.0,0.0,0.0,0.0,960,17,0.0,0.0,0.0,0.0,959.5,0.0
1,315000,VOLCANIC_ROCK_VOUCHER_9500,0.0,0.0,0.0,0.0,0.0,0.0,958,4,959.0,14.0,0.0,0.0,958.0,0.0
1,315100,VOLCANIC_ROCK_VOUCHER_9500,958.0,2.0,957.0,13.0,0.0,0.0,959,15,0.0,0.0,0.0,0.0,958.5,0.0
1,315200,VOLCANIC_ROCK_VOUCHER_9500,961.0,16.0,0.0,0.0,0.0,0.0,962,16,0.0,0.0,0.0,0.0,961.5,0.0
1,315300,VOLCANIC_ROCK_VOUCHER_9500,965.0,11.0,0.0,0.0,0.0,0.0,966,11,0.0,0.0,0.0,0.0,965.5,0.0
1,315400,VOLCANIC_ROCK_VOUCHER_9500,965.0,17.0,0.0,0.0,0.0,0.0,966,17,0.0,0.0,0.0,0.0,965.5,0.0
1,315500,VOLCANIC_ROCK_VOUCHER_9500,965.0,12.0,0.0,0.0,0.0,0.0,966,12,0.0,0.0,0.0,0.0,965.5,0.0
1,315600,VOLCANIC_ROCK_VOUCHER_9500,966.0,11.0,0.0,0.0,0.0,0.0,967,11,0.0,0.0,0.0,0.0,966.5,0.0
1,315700,VOLCANIC_ROCK_VOUCHER_9500,970.0,13.0,0.0,0.0,0.0,0.0,971,13,0.0,0.0,0.0,0.0,970.5,0.0
1,315800,VOLCANIC_ROCK_VOUCHER_9500,972.0,13.0,0.0,0.0,0.0,0.0,973,13,0.0,0.0,0.0,0.0,972.5,0.0
1,315900,VOLCANIC_ROCK_VOUCHER_9500,970.0,20.0,0.0,0.0,0.0,0.0,971,20,0.0,0.0,0.0,0.0,970.5,0.0
1,316000,VOLCANIC_ROCK_VOUCHER_9500,972.0,12.0,0.0,0.0,0.0,0.0,973,12,0.0,0.0,0.0,0.0,972.5,0.0
1,316100,VOLCANIC_ROCK_VOUCHER_9500,975.0,19.0,0.0,0.0,0.0,0.0,977,19,0.0,0.0,0.0,0.0,976.0,0.0
1,316200,VOLCANIC_ROCK_VOUCHER_9500,975.0,22.0,0.0,0.0,0.0,0.0,976,22,0.0,0.0,0.0,0.0,975.5,0.0
1,316300,VOLCANIC_ROCK_VOUCHER_9500,977.0,14.0,0.0,0.0,0.0,0.0,978,14,0.0,0.0,0.0,0.0,977.5,0.0
1,316400,VOLCANIC_ROCK_VOUCHER_9500,981.0,13.0,0.0,0.0,0.0,0.0,982,13,0.0,0.0,0.0,0.0,981.5,0.0
1,316500,VOLCANIC_ROCK_VOUCHER_9500,976.0,17.0,0.0,0.0,0.0,0.0,978,17,0.0,0.0,0.0,0.0,977.0,0.0
1,316600,VOLCANIC_ROCK_VOUCHER_9500,972.0,16.0,0.0,0.0,0.0,0.0,973,16,0.0,0.0,0.0,0.0,972.5,0.0
1,316700,VOLCANIC_ROCK_VOUCHER_9500,970.0,18.0,0.0,0.0,0.0,0.0,971,18,0.0,0.0,0.0,0.0,970.5,0.0
1,316800,VOLCANIC_ROCK_VOUCHER_9500,970.0,15.0,0.0,0.0,0.0,0.0,971,15,0.0,0.0,0.0,0.0,970.5,0.0
1,316900,VOLCANIC_ROCK_VOUCHER_9500,971.0,13.0,0.0,0.0,0.0,0.0,972,13,0.0,0.0,0.0,0.0,971.5,0.0
1,317000,VOLCANIC_ROCK_VOUCHER_9500,970.0,17.0,0.0,0.0,0.0,0.0,971,17,0.0,0.0,0.0,0.0,970.5,0.0
1,317100,VOLCANIC_ROCK_VOUCHER_9500,967.0,14.0,0.0,0.0,0.0,0.0,969,14,0.0,0.0,0.0,0.0,968.0,0.0
1,317200,VOLCANIC_ROCK_VOUCHER_9500,970.0,21.0,0.0,0.0,0.0,0.0,971,21,0.0,0.0,0.0,0.0,970.5,0.0
1,317300,VOLCANIC_ROCK_VOUCHER_9500,970.0,14.0,0.0,0.0,0.0,0.0,971,14,0.0,0.0,0.0,0.0,970.5,0.0
1,317400,VOLCANIC_ROCK_VOUCHER_9500,970.0,13.0,0.0,0.0,0.0,0.0,971,13,0.0,0.0,0.0,0.0,970.5,0.0
1,317500,VOLCANIC_ROCK_VOUCHER_9500,969.0,16.0,0.0,0.0,0.0,0.0,970,16,0.0,0.0,0.0,0.0,969.5,0.0
1,317600,VOLCANIC_ROCK_VOUCHER_9500,966.0,19.0,0.0,0.0,0.0,0.0,967,19,0.0,0.0,0.0,0.0,966.5,0.0
1,317700,VOLCANIC_ROCK_VOUCHER_9500,969.0,19.0,0.0,0.0,0.0,0.0,970,19,0.0,0.0,0.0,0.0,969.5,0.0
1,317800,VOLCANIC_ROCK_VOUCHER_9500,967.0,13.0,0.0,0.0,0.0,0.0,968,13,0.0,0.0,0.0,0.0,967.5,0.0
1,317900,VOLCANIC_ROCK_VOUCHER_9500,967.0,16.0,0.0,0.0,0.0,0.0,968,16,0.0,0.0,0.0,0.0,967.5,0.0
1,318000,VOLCANIC_ROCK_VOUCHER_9500,966.0,17.0,0.0,0.0,0.0,0.0,967,17,0.0,0.0,0.0,0.0,966.5,0.0
1,318100,VOLCANIC_ROCK_VOUCHER_9500,967.0,20.0,0.0,0.0,0.0,0.0,968,20,0.0,0.0,0.0,0.0,967.5,0.0
1,318200,VOLCANIC_ROCK_VOUCHER_9500,968.0,19.0,0.0,0.0,0.0,0.0,969,19,0.0,0.0,0.0,0.0,968.5,0.0
1,318300,VOLCANIC_ROCK_VOUCHER_9500,967.0,20.0,0.0,0.0,0.0,0.0,968,20,0.0,0.0,0.0,0.0,967.5,0.0
1,318400,VOLCANIC_ROCK_VOUCHER_9500,971.0,13.0,0.0,0.0,0.0,0.0,972,13,0.0,0.0,0.0,0.0,971.5,0.0
1,318500,VOLCANIC_ROCK_VOUCHER_9500,972.0,12.0,0.0,0.0,0.0,0.0,973,12,0.0,0.0,0.0,0.0,972.5,0.0
1,318600,VOLCANIC_ROCK_VOUCHER_9500,970.0,18.0,0.0,0.0,0.0,0.0,971,18,0.0,0.0,0.0,0.0,970.5,0.0
1,318700,VOLCANIC_ROCK_VOUCHER_9500,972.0,20.0,0.0,0.0,0.0,0.0,973,20,0.0,0.0,0.0,0.0,972.5,0.0
1,318800,VOLCANIC_ROCK_VOUCHER_9500,973.0,20.0,0.0,0.0,0.0,0.0,974,20,0.0,0.0,0.0,0.0,973.5,0.0
1,318900,VOLCANIC_ROCK_VOUCHER_9500,971.0,12.0,0.0,0.0,0.0,0.0,972,12,0.0,0.0,0.0,0.0,971.5,0.0
1,319000,VOLCANIC_ROCK_VOUCHER_9500,971.0,10.0,0.0,0.0,0.0,0.0,972,20,0.0,0.0,0.0,0.0,971.5,0.0
1,319100,VOLCANIC_ROCK_VOUCHER_9500,969.0,11.0,0.0,0.0,0.0,0.0,970,11,0.0,0.0,0.0,0.0,969.5,0.0
1,319200,VOLCANIC_ROCK_VOUCHER_9500,971.0,18.0,0.0,0.0,0.0,0.0,972,18,0.0,0.0,0.0,0.0,971.5,0.0
1,319300,VOLCANIC_ROCK_VOUCHER_9500,970.0,12.0,0.0,0.0,0.0,0.0,971,12,0.0,0.0,0.0,0.0,970.5,0.0
1,319400,VOLCANIC_ROCK_VOUCHER_9500,972.0,2.0,0.0,0.0,0.0,0.0,973,17,0.0,0.0,0.0,0.0,972.5,0.0
1,319500,VOLCANIC_ROCK_VOUCHER_9500,973.0,16.0,0.0,0.0,0.0,0.0,974,16,0.0,0.0,0.0,0.0,973.5,0.0
1,319600,VOLCANIC_ROCK_VOUCHER_9500,970.0,31.0,0.0,0.0,0.0,0.0,971,16,0.0,0.0,0.0,0.0,970.5,0.0
1,319700,VOLCANIC_ROCK_VOUCHER_9500,969.0,14.0,0.0,0.0,0.0,0.0,970,14,0.0,0.0,0.0,0.0,969.5,0.0
1,319800,VOLCANIC_ROCK_VOUCHER_9500,965.0,12.0,0.0,0.0,0.0,0.0,966,12,0.0,0.0,0.0,0.0,965.5,0.0
1,319900,VOLCANIC_ROCK_VOUCHER_9500,965.0,14.0,0.0,0.0,0.0,0.0,967,14,0.0,0.0,0.0,0.0,966.0,0.0
1,320000,VOLCANIC_ROCK_VOUCHER_9500,961.0,15.0,0.0,0.0,0.0,0.0,963,15,0.0,0.0,0.0,0.0,962.0,0.0
1,320100,VOLCANIC_ROCK_VOUCHER_9500,962.0,16.0,0.0,0.0,0.0,0.0,963,16,0.0,0.0,0.0,0.0,962.5,0.0
1,320200,VOLCANIC_ROCK_VOUCHER_9500,961.0,17.0,0.0,0.0,0.0,0.0,963,17,0.0,0.0,0.0,0.0,962.0,0.0
1,320300,VOLCANIC_ROCK_VOUCHER_9500,962.0,16.0,0.0,0.0,0.0,0.0,963,16,0.0,0.0,0.0,0.0,962.5,0.0
1,320400,VOLCANIC_ROCK_VOUCHER_9500,963.0,13.0,0.0,0.0,0.0,0.0,964,13,0.0,0.0,0.0,0.0,963.5,0.0
1,320500,VOLCANIC_ROCK_VOUCHER_9500,959.0,17.0,0.0,0.0,0.0,0.0,960,17,0.0,0.0,0.0,0.0,959.5,0.0
1,320600,VOLCANIC_ROCK_VOUCHER_9500,960.0,12.0,0.0,0.0,0.0,0.0,961,12,0.0,0.0,0.0,0.0,960.5,0.0
1,320700,VOLCANIC_ROCK_VOUCHER_9500,960.0,14.0,0.0,0.0,0.0,0.0,961,14,0.0,0.0,0.0,0.0,960.5,0.0
1,320800,VOLCANIC_ROCK_VOUCHER_9500,960.0,24.0,0.0,0.0,0.0,0.0,961,11,0.0,0.0,0.0,0.0,960.5,0.0
1,320900,VOLCANIC_ROCK_VOUCHER_9500,959.0,12.0,0.0,0.0,0.0,0.0,960,12,0.0,0.0,0.0,0.0,959.5,0.0
1,321000,VOLCANIC_ROCK_VOUCHER_9500,961.0,27.0,0.0,0.0,0.0,0.0,962,17,0.0,0.0,0.0,0.0,961.5,0.0
1,321100,VOLCANIC_ROCK_VOUCHER_9500,960.0,13.0,0.0,0.0,0.0,0.0,961,13,0.0,0.0,0.0,0.0,960.5,0.0
1,321200,VOLCANIC_ROCK_VOUCHER_9500,960.0,14.0,0.0,0.0,0.0,0.0,961,14,0.0,0.0,0.0,0.0,960.5,0.0
1,321300,VOLCANIC_ROCK_VOUCHER_9500,959.0,12.0,0.0,0.0,0.0,0.0,960,12,0.0,0.0,0.0,0.0,959.5,0.0
1,321400,VOLCANIC_ROCK_VOUCHER_9500,960.0,14.0,0.0,0.0,0.0,0.0,961,14,0.0,0.0,0.0,0.0,960.5,0.0
1,321500,VOLCANIC_ROCK_VOUCHER_9500,961.0,12.0,0.0,0.0,0.0,0.0,962,12,0.0,0.0,0.0,0.0,961.5,0.0
1,321600,VOLCANIC_ROCK_VOUCHER_9500,959.0,19.0,0.0,0.0,0.0,0.0,960,19,0.0,0.0,0.0,0.0,959.5,0.0
1,321700,VOLCANIC_ROCK_VOUCHER_9500,960.0,16.0,0.0,0.0,0.0,0.0,961,16,0.0,0.0,0.0,0.0,960.5,0.0
1,321800,VOLCANIC_ROCK_VOUCHER_9500,961.0,14.0,0.0,0.0,0.0,0.0,962,14,0.0,0.0,0.0,0.0,961.5,0.0
1,321900,VOLCANIC_ROCK_VOUCHER_9500,961.0,19.0,0.0,0.0,0.0,0.0,962,19,0.0,0.0,0.0,0.0,961.5,0.0
1,322000,VOLCANIC_ROCK_VOUCHER_9500,960.0,20.0,0.0,0.0,0.0,0.0,962,20,0.0,0.0,0.0,0.0,961.0,0.0
1,322100,VOLCANIC_ROCK_VOUCHER_9500,957.0,19.0,0.0,0.0,0.0,0.0,958,19,0.0,0.0,0.0,0.0,957.5,0.0
1,322200,VOLCANIC_ROCK_VOUCHER_9500,956.0,13.0,0.0,0.0,0.0,0.0,957,13,0.0,0.0,0.0,0.0,956.5,0.0
1,322300,VOLCANIC_ROCK_VOUCHER_9500,958.0,16.0,0.0,0.0,0.0,0.0,959,16,0.0,0.0,0.0,0.0,958.5,0.0
1,322400,VOLCANIC_ROCK_VOUCHER_9500,957.0,12.0,0.0,0.0,0.0,0.0,958,12,0.0,0.0,0.0,0.0,957.5,0.0
1,322500,VOLCANIC_ROCK_VOUCHER_9500,955.0,16.0,0.0,0.0,0.0,0.0,956,16,0.0,0.0,0.0,0.0,955.5,0.0
1,322600,VOLCANIC_ROCK_VOUCHER_9500,954.0,1.0,953.0,11.0,0.0,0.0,955,12,0.0,0.0,0.0,0.0,954.5,0.0
1,322700,VOLCANIC_ROCK_VOUCHER_9500,955.0,24.0,0.0,0.0,0.0,0.0,956,20,0.0,0.0,0.0,0.0,955.5,0.0
1,322800,VOLCANIC_ROCK_VOUCHER_9500,955.0,21.0,0.0,0.0,0.0,0.0,957,21,0.0,0.0,0.0,0.0,956.0,0.0
1,322900,VOLCANIC_ROCK_VOUCHER_9500,955.0,16.0,0.0,0.0,0.0,0.0,957,16,0.0,0.0,0.0,0.0,956.0,0.0
1,323000,VOLCANIC_ROCK_VOUCHER_9500,954.0,18.0,0.0,0.0,0.0,0.0,955,18,0.0,0.0,0.0,0.0,954.5,0.0
1,323100,VOLCANIC_ROCK_VOUCHER_9500,954.0,13.0,0.0,0.0,0.0,0.0,955,13,0.0,0.0,0.0,0.0,954.5,0.0
1,323200,VOLCANIC_ROCK_VOUCHER_9500,953.0,13.0,0.0,0.0,0.0,0.0,954,13,0.0,0.0,0.0,0.0,953.5,0.0
1,323300,VOLCANIC_ROCK_VOUCHER_9500,951.0,15.0,0.0,0.0,0.0,0.0,952,15,0.0,0.0,0.0,0.0,951.5,0.0
1,323400,VOLCANIC_ROCK_VOUCHER_9500,951.0,18.0,0.0,0.0,0.0,0.0,952,18,0.0,0.0,0.0,0.0,951.5,0.0
1,323500,VOLCANIC_ROCK_VOUCHER_9500,952.0,11.0,0.0,0.0,0.0,0.0,953,11,0.0,0.0,0.0,0.0,952.5,0.0
1,323600,VOLCANIC_ROCK_VOUCHER_9500,950.0,21.0,0.0,0.0,0.0,0.0,951,21,0.0,0.0,0.0,0.0,950.5,0.0
1,323700,VOLCANIC_ROCK_VOUCHER_9500,948.0,22.0,0.0,0.0,0.0,0.0,949,22,0.0,0.0,0.0,0.0,948.5,0.0
1,323800,VOLCANIC_ROCK_VOUCHER_9500,948.0,14.0,0.0,0.0,0.0,0.0,949,14,0.0,0.0,0.0,0.0,948.5,0.0
1,323900,VOLCANIC_ROCK_VOUCHER_9500,947.0,13.0,0.0,0.0,0.0,0.0,948,13,0.0,0.0,0.0,0.0,947.5,0.0
1,324000,VOLCANIC_ROCK_VOUCHER_9500,945.0,20.0,0.0,0.0,0.0,0.0,947,20,0.0,0.0,0.0,0.0,946.0,0.0
1,324100,VOLCANIC_ROCK_VOUCHER_9500,940.0,15.0,0.0,0.0,0.0,0.0,941,15,0.0,0.0,0.0,0.0,940.5,0.0
1,324200,VOLCANIC_ROCK_VOUCHER_9500,939.0,22.0,0.0,0.0,0.0,0.0,940,17,0.0,0.0,0.0,0.0,939.5,0.0
1,324300,VOLCANIC_ROCK_VOUCHER_9500,936.0,19.0,0.0,0.0,0.0,0.0,937,19,0.0,0.0,0.0,0.0,936.5,0.0
1,324400,VOLCANIC_ROCK_VOUCHER_9500,937.0,15.0,0.0,0.0,0.0,0.0,939,15,0.0,0.0,0.0,0.0,938.0,0.0
1,324500,VOLCANIC_ROCK_VOUCHER_9500,937.0,20.0,0.0,0.0,0.0,0.0,938,20,0.0,0.0,0.0,0.0,937.5,0.0
1,324600,VOLCANIC_ROCK_VOUCHER_9500,938.0,11.0,0.0,0.0,0.0,0.0,940,11,0.0,0.0,0.0,0.0,939.0,0.0
1,324700,VOLCANIC_ROCK_VOUCHER_9500,937.0,16.0,0.0,0.0,0.0,0.0,939,16,0.0,0.0,0.0,0.0,938.0,0.0
1,324800,VOLCANIC_ROCK_VOUCHER_9500,936.0,19.0,0.0,0.0,0.0,0.0,937,19,0.0,0.0,0.0,0.0,936.5,0.0
1,324900,VOLCANIC_ROCK_VOUCHER_9500,935.0,15.0,0.0,0.0,0.0,0.0,936,15,0.0,0.0,0.0,0.0,935.5,0.0
1,325000,VOLCANIC_ROCK_VOUCHER_9500,935.0,19.0,0.0,0.0,0.0,0.0,936,19,0.0,0.0,0.0,0.0,935.5,0.0
1,325100,VOLCANIC_ROCK_VOUCHER_9500,934.0,21.0,0.0,0.0,0.0,0.0,935,21,0.0,0.0,0.0,0.0,934.5,0.0
1,325200,VOLCANIC_ROCK_VOUCHER_9500,934.0,18.0,0.0,0.0,0.0,0.0,935,18,0.0,0.0,0.0,0.0,934.5,0.0
1,325300,VOLCANIC_ROCK_VOUCHER_9500,936.0,22.0,0.0,0.0,0.0,0.0,937,22,0.0,0.0,0.0,0.0,936.5,0.0
1,325400,VOLCANIC_ROCK_VOUCHER_9500,936.0,15.0,0.0,0.0,0.0,0.0,938,15,0.0,0.0,0.0,0.0,937.0,0.0
1,325500,VOLCANIC_ROCK_VOUCHER_9500,938.0,15.0,0.0,0.0,0.0,0.0,939,15,0.0,0.0,0.0,0.0,938.5,0.0
1,325600,VOLCANIC_ROCK_VOUCHER_9500,939.0,15.0,0.0,0.0,0.0,0.0,940,15,0.0,0.0,0.0,0.0,939.5,0.0
1,325700,VOLCANIC_ROCK_VOUCHER_9500,940.0,11.0,0.0,0.0,0.0,0.0,941,11,0.0,0.0,0.0,0.0,940.5,0.0
1,325800,VOLCANIC_ROCK_VOUCHER_9500,0.0,0.0,0.0,0.0,0.0,0.0,942,1,943.0,17.0,0.0,0.0,942.0,0.0
1,325900,VOLCANIC_ROCK_VOUCHER_9500,944.0,7.0,0.0,0.0,0.0,0.0,945,22,0.0,0.0,0.0,0.0,944.5,0.0
1,326000,VOLCANIC_ROCK_VOUCHER_9500,944.0,15.0,0.0,0.0,0.0,0.0,946,15,0.0,0.0,0.0,0.0,945.0,0.0
1,326100,VOLCANIC_ROCK_VOUCHER_9500,943.0,16.0,0.0,0.0,0.0,0.0,944,16,0.0,0.0,0.0,0.0,943.5,0.0
1,326200,VOLCANIC_ROCK_VOUCHER_9500,941.0,19.0,0.0,0.0,0.0,0.0,942,19,0.0,0.0,0.0,0.0,941.5,0.0
1,326300,VOLCANIC_ROCK_VOUCHER_9500,941.0,12.0,0.0,0.0,0.0,0.0,943,12,0.0,0.0,0.0,0.0,942.0,0.0
1,326400,VOLCANIC_ROCK_VOUCHER_9500,941.0,12.0,0.0,0.0,0.0,0.0,942,12,0.0,0.0,0.0,0.0,941.5,0.0
1,326500,VOLCANIC_ROCK_VOUCHER_9500,940.0,11.0,0.0,0.0,0.0,0.0,941,11,0.0,0.0,0.0,0.0,940.5,0.0
1,326600,VOLCANIC_ROCK_VOUCHER_9500,936.0,13.0,0.0,0.0,0.0,0.0,937,13,0.0,0.0,0.0,0.0,936.5,0.0
1,326700,VOLCANIC_ROCK_VOUCHER_9500,936.0,16.0,0.0,0.0,0.0,0.0,937,16,0.0,0.0,0.0,0.0,936.5,0.0
1,326800,VOLCANIC_ROCK_VOUCHER_9500,935.0,12.0,0.0,0.0,0.0,0.0,936,12,0.0,0.0,0.0,0.0,935.5,0.0
1,326900,VOLCANIC_ROCK_VOUCHER_9500,933.0,15.0,932.0,18.0,0.0,0.0,934,19,0.0,0.0,0.0,0.0,933.5,0.0
1,327000,VOLCANIC_ROCK_VOUCHER_9500,934.0,20.0,0.0,0.0,0.0,0.0,935,20,0.0,0.0,0.0,0.0,934.5,0.0
1,327100,VOLCANIC_ROCK_VOUCHER_9500,935.0,13.0,0.0,0.0,0.0,0.0,936,13,0.0,0.0,0.0,0.0,935.5,0.0
1,327200,VOLCANIC_ROCK_VOUCHER_9500,933.0,15.0,0.0,0.0,0.0,0.0,935,15,0.0,0.0,0.0,0.0,934.0,0.0
1,327300,VOLCANIC_ROCK_VOUCHER_9500,934.0,21.0,0.0,0.0,0.0,0.0,935,21,0.0,0.0,0.0,0.0,934.5,0.0
1,327400,VOLCANIC_ROCK_VOUCHER_9500,933.0,21.0,0.0,0.0,0.0,0.0,934,11,0.0,0.0,0.0,0.0,933.5,0.0
1,327500,VOLCANIC_ROCK_VOUCHER_9500,932.0,11.0,0.0,0.0,0.0,0.0,933,11,0.0,0.0,0.0,0.0,932.5,0.0
1,327600,VOLCANIC_ROCK_VOUCHER_9500,933.0,17.0,0.0,0.0,0.0,0.0,934,17,0.0,0.0,0.0,0.0,933.5,0.0
1,327700,VOLCANIC_ROCK_VOUCHER_9500,933.0,12.0,0.0,0.0,0.0,0.0,934,12,0.0,0.0,0.0,0.0,933.5,0.0
1,327800,VOLCANIC_ROCK_VOUCHER_9500,932.0,15.0,0.0,0.0,0.0,0.0,933,15,0.0,0.0,0.0,0.0,932.5,0.0
1,327900,VOLCANIC_ROCK_VOUCHER_9500,932.0,13.0,0.0,0.0,0.0,0.0,933,13,0.0,0.0,0.0,0.0,932.5,0.0
1,328000,VOLCANIC_ROCK_VOUCHER_9500,936.0,13.0,0.0,0.0,0.0,0.0,937,13,0.0,0.0,0.0,0.0,936.5,0.0
1,328100,VOLCANIC_ROCK_VOUCHER_9500,938.0,17.0,0.0,0.0,0.0,0.0,939,17,0.0,0.0,0.0,0.0,938.5,0.0
1,328200,VOLCANIC_ROCK_VOUCHER_9500,942.0,18.0,0.0,0.0,0.0,0.0,943,18,0.0,0.0,0.0,0.0,942.5,0.0
1,328300,VOLCANIC_ROCK_VOUCHER_9500,942.0,18.0,0.0,0.0,0.0,0.0,943,18,0.0,0.0,0.0,0.0,942.5,0.0
1,328400,VOLCANIC_ROCK_VOUCHER_9500,944.0,10.0,0.0,0.0,0.0,0.0,945,10,0.0,0.0,0.0,0.0,944.5,0.0
1,328500,VOLCANIC_ROCK_VOUCHER_9500,946.0,17.0,0.0,0.0,0.0,0.0,948,17,0.0,0.0,0.0,0.0,947.0,0.0
1,328600,VOLCANIC_ROCK_VOUCHER_9500,950.0,20.0,0.0,0.0,0.0,0.0,951,20,0.0,0.0,0.0,0.0,950.5,0.0
1,328700,VOLCANIC_ROCK_VOUCHER_9500,948.0,17.0,0.0,0.0,0.0,0.0,949,17,0.0,0.0,0.0,0.0,948.5,0.0
1,328800,VOLCANIC_ROCK_VOUCHER_9500,947.0,17.0,0.0,0.0,0.0,0.0,949,17,0.0,0.0,0.0,0.0,948.0,0.0
1,328900,VOLCANIC_ROCK_VOUCHER_9500,948.0,14.0,0.0,0.0,0.0,0.0,949,14,0.0,0.0,0.0,0.0,948.5,0.0
1,329000,VOLCANIC_ROCK_VOUCHER_9500,945.0,22.0,0.0,0.0,0.0,0.0,946,22,0.0,0.0,0.0,0.0,945.5,0.0
1,329100,VOLCANIC_ROCK_VOUCHER_9500,943.0,14.0,0.0,0.0,0.0,0.0,944,14,0.0,0.0,0.0,0.0,943.5,0.0
1,329200,VOLCANIC_ROCK_VOUCHER_9500,945.0,15.0,0.0,0.0,0.0,0.0,946,15,0.0,0.0,0.0,0.0,945.5,0.0
1,329300,VOLCANIC_ROCK_VOUCHER_9500,944.0,13.0,0.0,0.0,0.0,0.0,945,13,0.0,0.0,0.0,0.0,944.5,0.0
1,329400,VOLCANIC_ROCK_VOUCHER_9500,946.0,14.0,0.0,0.0,0.0,0.0,948,14,0.0,0.0,0.0,0.0,947.0,0.0
1,329500,VOLCANIC_ROCK_VOUCHER_9500,945.0,15.0,0.0,0.0,0.0,0.0,947,15,0.0,0.0,0.0,0.0,946.0,0.0
1,329600,VOLCANIC_ROCK_VOUCHER_9500,0.0,0.0,0.0,0.0,0.0,0.0,946,14,0.0,0.0,0.0,0.0,946.0,0.0
1,329700,VOLCANIC_ROCK_VOUCHER_9500,948.0,14.0,0.0,0.0,0.0,0.0,949,14,0.0,0.0,0.0,0.0,948.5,0.0
1,329800,VOLCANIC_ROCK_VOUCHER_9500,946.0,19.0,0.0,0.0,0.0,0.0,947,19,0.0,0.0,0.0,0.0,946.5,0.0
1,329900,VOLCANIC_ROCK_VOUCHER_9500,948.0,20.0,0.0,0.0,0.0,0.0,949,20,0.0,0.0,0.0,0.0,948.5,0.0
1,330000,VOLCANIC_ROCK_VOUCHER_9500,949.0,18.0,0.0,0.0,0.0,0.0,951,18,0.0,0.0,0.0,0.0,950.0,0.0
1,330100,VOLCANIC_ROCK_VOUCHER_9500,947.0,19.0,0.0,0.0,0.0,0.0,948,19,0.0,0.0,0.0,0.0,947.5,0.0
1,330200,VOLCANIC_ROCK_VOUCHER_9500,946.0,16.0,0.0,0.0,0.0,0.0,947,1,948.0,15.0,0.0,0.0,946.5,0.0
1,330300,VOLCANIC_ROCK_VOUCHER_9500,948.0,14.0,0.0,0.0,0.0,0.0,949,14,0.0,0.0,0.0,0.0,948.5,0.0
1,330400,VOLCANIC_ROCK_VOUCHER_9500,949.0,19.0,0.0,0.0,0.0,0.0,950,19,0.0,0.0,0.0,0.0,949.5,0.0
1,330500,VOLCANIC_ROCK_VOUCHER_9500,949.0,21.0,0.0,0.0,0.0,0.0,950,21,0.0,0.0,0.0,0.0,949.5,0.0
1,330600,VOLCANIC_ROCK_VOUCHER_9500,947.0,12.0,0.0,0.0,0.0,0.0,948,12,0.0,0.0,0.0,0.0,947.5,0.0
1,330700,VOLCANIC_ROCK_VOUCHER_9500,947.0,16.0,0.0,0.0,0.0,0.0,948,16,0.0,0.0,0.0,0.0,947.5,0.0
1,330800,VOLCANIC_ROCK_VOUCHER_9500,948.0,19.0,0.0,0.0,0.0,0.0,949,19,0.0,0.0,0.0,0.0,948.5,0.0
1,330900,VOLCANIC_ROCK_VOUCHER_9500,946.0,12.0,0.0,0.0,0.0,0.0,947,12,0.0,0.0,0.0,0.0,946.5,0.0
1,331000,VOLCANIC_ROCK_VOUCHER_9500,947.0,34.0,0.0,0.0,0.0,0.0,948,14,0.0,0.0,0.0,0.0,947.5,0.0
1,331100,VOLCANIC_ROCK_VOUCHER_9500,946.0,13.0,0.0,0.0,0.0,0.0,947,13,0.0,0.0,0.0,0.0,946.5,0.0
1,331200,VOLCANIC_ROCK_VOUCHER_9500,947.0,12.0,0.0,0.0,0.0,0.0,949,12,0.0,0.0,0.0,0.0,948.0,0.0
1,331300,VOLCANIC_ROCK_VOUCHER_9500,949.0,17.0,0.0,0.0,0.0,0.0,950,17,0.0,0.0,0.0,0.0,949.5,0.0
1,331400,VOLCANIC_ROCK_VOUCHER_9500,953.0,18.0,0.0,0.0,0.0,0.0,954,18,0.0,0.0,0.0,0.0,953.5,0.0
1,331500,VOLCANIC_ROCK_VOUCHER_9500,0.0,0.0,0.0,0.0,0.0,0.0,954,4,955.0,14.0,0.0,0.0,954.0,0.0
1,331600,VOLCANIC_ROCK_VOUCHER_9500,950.0,0.0,0.0,0.0,0.0,0.0,951,14,0.0,0.0,0.0,0.0,950.5,0.0
1,331700,VOLCANIC_ROCK_VOUCHER_9500,950.0,19.0,0.0,0.0,0.0,0.0,951,19,0.0,0.0,0.0,0.0,950.5,0.0
1,331800,VOLCANIC_ROCK_VOUCHER_9500,950.0,16.0,0.0,0.0,0.0,0.0,951,16,0.0,0.0,0.0,0.0,950.5,0.0
1,331900,VOLCANIC_ROCK_VOUCHER_9500,950.0,16.0,0.0,0.0,0.0,0.0,951,16,0.0,0.0,0.0,0.0,950.5,0.0
1,332000,VOLCANIC_ROCK_VOUCHER_9500,949.0,14.0,0.0,0.0,0.0,0.0,951,14,0.0,0.0,0.0,0.0,950.0,0.0
1,332100,VOLCANIC_ROCK_VOUCHER_9500,948.0,12.0,0.0,0.0,0.0,0.0,950,12,0.0,0.0,0.0,0.0,949.0,0.0
1,332200,VOLCANIC_ROCK_VOUCHER_9500,949.0,18.0,0.0,0.0,0.0,0.0,950,18,0.0,0.0,0.0,0.0,949.5,0.0
1,332300,VOLCANIC_ROCK_VOUCHER_9500,950.0,13.0,0.0,0.0,0.0,0.0,951,13,0.0,0.0,0.0,0.0,950.5,0.0
1,332400,VOLCANIC_ROCK_VOUCHER_9500,947.0,20.0,0.0,0.0,0.0,0.0,948,20,0.0,0.0,0.0,0.0,947.5,0.0
1,332500,VOLCANIC_ROCK_VOUCHER_9500,948.0,14.0,0.0,0.0,0.0,0.0,949,14,0.0,0.0,0.0,0.0,948.5,0.0
1,332600,VOLCANIC_ROCK_VOUCHER_9500,947.0,13.0,0.0,0.0,0.0,0.0,948,13,0.0,0.0,0.0,0.0,947.5,0.0
1,332700,VOLCANIC_ROCK_VOUCHER_9500,946.0,8.0,0.0,0.0,0.0,0.0,947,21,0.0,0.0,0.0,0.0,946.5,0.0
1,332800,VOLCANIC_ROCK_VOUCHER_9500,945.0,12.0,0.0,0.0,0.0,0.0,946,12,0.0,0.0,0.0,0.0,945.5,0.0
1,332900,VOLCANIC_ROCK_VOUCHER_9500,948.0,17.0,0.0,0.0,0.0,0.0,949,17,0.0,0.0,0.0,0.0,948.5,0.0
1,333000,VOLCANIC_ROCK_VOUCHER_9500,951.0,15.0,0.0,0.0,0.0,0.0,952,15,0.0,0.0,0.0,0.0,951.5,0.0
1,333100,VOLCANIC_ROCK_VOUCHER_9500,952.0,18.0,0.0,0.0,0.0,0.0,953,18,0.0,0.0,0.0,0.0,952.5,0.0
1,333200,VOLCANIC_ROCK_VOUCHER_9500,952.0,31.0,0.0,0.0,0.0,0.0,953,13,0.0,0.0,0.0,0.0,952.5,0.0
1,333300,VOLCANIC_ROCK_VOUCHER_9500,952.0,16.0,0.0,0.0,0.0,0.0,953,16,0.0,0.0,0.0,0.0,952.5,0.0
1,333400,VOLCANIC_ROCK_VOUCHER_9500,957.0,20.0,0.0,0.0,0.0,0.0,958,20,0.0,0.0,0.0,0.0,957.5,0.0
1,333500,VOLCANIC_ROCK_VOUCHER_9500,957.0,14.0,0.0,0.0,0.0,0.0,958,14,0.0,0.0,0.0,0.0,957.5,0.0
1,333600,VOLCANIC_ROCK_VOUCHER_9500,956.0,18.0,0.0,0.0,0.0,0.0,957,18,0.0,0.0,0.0,0.0,956.5,0.0
1,333700,VOLCANIC_ROCK_VOUCHER_9500,953.0,14.0,0.0,0.0,0.0,0.0,954,14,0.0,0.0,0.0,0.0,953.5,0.0
1,333800,VOLCANIC_ROCK_VOUCHER_9500,954.0,12.0,0.0,0.0,0.0,0.0,955,12,0.0,0.0,0.0,0.0,954.5,0.0
1,333900,VOLCANIC_ROCK_VOUCHER_9500,952.0,16.0,0.0,0.0,0.0,0.0,953,16,0.0,0.0,0.0,0.0,952.5,0.0
1,334000,VOLCANIC_ROCK_VOUCHER_9500,953.0,19.0,0.0,0.0,0.0,0.0,954,19,0.0,0.0,0.0,0.0,953.5,0.0
1,334100,VOLCANIC_ROCK_VOUCHER_9500,952.0,14.0,0.0,0.0,0.0,0.0,953,14,0.0,0.0,0.0,0.0,952.5,0.0
1,334200,VOLCANIC_ROCK_VOUCHER_9500,950.0,15.0,0.0,0.0,0.0,0.0,951,15,0.0,0.0,0.0,0.0,950.5,0.0
1,334300,VOLCANIC_ROCK_VOUCHER_9500,953.0,13.0,0.0,0.0,0.0,0.0,954,13,0.0,0.0,0.0,0.0,953.5,0.0
1,334400,VOLCANIC_ROCK_VOUCHER_9500,952.0,16.0,0.0,0.0,0.0,0.0,953,16,0.0,0.0,0.0,0.0,952.5,0.0
1,334500,VOLCANIC_ROCK_VOUCHER_9500,950.0,15.0,0.0,0.0,0.0,0.0,951,15,0.0,0.0,0.0,0.0,950.5,0.0
1,334600,VOLCANIC_ROCK_VOUCHER_9500,950.0,21.0,0.0,0.0,0.0,0.0,951,21,0.0,0.0,0.0,0.0,950.5,0.0
1,334700,VOLCANIC_ROCK_VOUCHER_9500,944.0,18.0,0.0,0.0,0.0,0.0,946,18,0.0,0.0,0.0,0.0,945.0,0.0
1,334800,VOLCANIC_ROCK_VOUCHER_9500,944.0,20.0,0.0,0.0,0.0,0.0,945,20,0.0,0.0,0.0,0.0,944.5,0.0
1,334900,VOLCANIC_ROCK_VOUCHER_9500,948.0,16.0,0.0,0.0,0.0,0.0,949,16,0.0,0.0,0.0,0.0,948.5,0.0
1,335000,VOLCANIC_ROCK_VOUCHER_9500,947.0,14.0,0.0,0.0,0.0,0.0,948,14,0.0,0.0,0.0,0.0,947.5,0.0
1,335100,VOLCANIC_ROCK_VOUCHER_9500,948.0,21.0,0.0,0.0,0.0,0.0,949,21,0.0,0.0,0.0,0.0,948.5,0.0
1,335200,VOLCANIC_ROCK_VOUCHER_9500,947.0,18.0,0.0,0.0,0.0,0.0,948,18,0.0,0.0,0.0,0.0,947.5,0.0
1,335300,VOLCANIC_ROCK_VOUCHER_9500,0.0,0.0,0.0,0.0,0.0,0.0,946,4,947.0,12.0,0.0,0.0,946.0,0.0
1,335400,VOLCANIC_ROCK_VOUCHER_9500,946.0,20.0,0.0,0.0,0.0,0.0,947,20,0.0,0.0,0.0,0.0,946.5,0.0
1,335500,VOLCANIC_ROCK_VOUCHER_9500,945.0,19.0,0.0,0.0,0.0,0.0,946,19,0.0,0.0,0.0,0.0,945.5,0.0
1,335600,VOLCANIC_ROCK_VOUCHER_9500,947.0,10.0,0.0,0.0,0.0,0.0,948,10,0.0,0.0,0.0,0.0,947.5,0.0
1,335700,VOLCANIC_ROCK_VOUCHER_9500,0.0,0.0,0.0,0.0,0.0,0.0,950,1,951.0,13.0,0.0,0.0,950.0,0.0
1,335800,VOLCANIC_ROCK_VOUCHER_9500,950.0,10.0,0.0,0.0,0.0,0.0,951,10,0.0,0.0,0.0,0.0,950.5,0.0
1,335900,VOLCANIC_ROCK_VOUCHER_9500,950.0,20.0,0.0,0.0,0.0,0.0,951,20,0.0,0.0,0.0,0.0,950.5,0.0
1,336000,VOLCANIC_ROCK_VOUCHER_9500,951.0,19.0,950.0,13.0,0.0,0.0,952,13,0.0,0.0,0.0,0.0,951.5,0.0
1,336100,VOLCANIC_ROCK_VOUCHER_9500,950.0,17.0,0.0,0.0,0.0,0.0,951,17,0.0,0.0,0.0,0.0,950.5,0.0
1,336200,VOLCANIC_ROCK_VOUCHER_9500,949.0,20.0,0.0,0.0,0.0,0.0,950,20,0.0,0.0,0.0,0.0,949.5,0.0
1,336300,VOLCANIC_ROCK_VOUCHER_9500,951.0,13.0,0.0,0.0,0.0,0.0,952,13,0.0,0.0,0.0,0.0,951.5,0.0
1,336400,VOLCANIC_ROCK_VOUCHER_9500,953.0,17.0,0.0,0.0,0.0,0.0,954,17,0.0,0.0,0.0,0.0,953.5,0.0
1,336500,VOLCANIC_ROCK_VOUCHER_9500,953.0,11.0,0.0,0.0,0.0,0.0,954,11,0.0,0.0,0.0,0.0,953.5,0.0
1,336600,VOLCANIC_ROCK_VOUCHER_9500,949.0,18.0,0.0,0.0,0.0,0.0,951,18,0.0,0.0,0.0,0.0,950.0,0.0
1,336700,VOLCANIC_ROCK_VOUCHER_9500,951.0,14.0,0.0,0.0,0.0,0.0,952,14,0.0,0.0,0.0,0.0,951.5,0.0
1,336800,VOLCANIC_ROCK_VOUCHER_9500,951.0,18.0,0.0,0.0,0.0,0.0,952,18,0.0,0.0,0.0,0.0,951.5,0.0
1,336900,VOLCANIC_ROCK_VOUCHER_9500,951.0,16.0,0.0,0.0,0.0,0.0,952,16,0.0,0.0,0.0,0.0,951.5,0.0
1,337000,VOLCANIC_ROCK_VOUCHER_9500,951.0,14.0,0.0,0.0,0.0,0.0,952,14,0.0,0.0,0.0,0.0,951.5,0.0
1,337100,VOLCANIC_ROCK_VOUCHER_9500,952.0,14.0,0.0,0.0,0.0,0.0,953,14,0.0,0.0,0.0,0.0,952.5,0.0
1,337200,VOLCANIC_ROCK_VOUCHER_9500,952.0,20.0,0.0,0.0,0.0,0.0,953,20,0.0,0.0,0.0,0.0,952.5,0.0
1,337300,VOLCANIC_ROCK_VOUCHER_9500,953.0,19.0,0.0,0.0,0.0,0.0,954,19,0.0,0.0,0.0,0.0,953.5,0.0
1,337400,VOLCANIC_ROCK_VOUCHER_9500,951.0,16.0,0.0,0.0,0.0,0.0,953,16,0.0,0.0,0.0,0.0,952.0,0.0
1,337500,VOLCANIC_ROCK_VOUCHER_9500,950.0,15.0,0.0,0.0,0.0,0.0,951,15,0.0,0.0,0.0,0.0,950.5,0.0
1,337600,VOLCANIC_ROCK_VOUCHER_9500,0.0,0.0,0.0,0.0,0.0,0.0,949,4,950.0,12.0,0.0,0.0,949.0,0.0
1,337700,VOLCANIC_ROCK_VOUCHER_9500,947.0,20.0,0.0,0.0,0.0,0.0,948,20,0.0,0.0,0.0,0.0,947.5,0.0
1,337800,VOLCANIC_ROCK_VOUCHER_9500,944.0,21.0,0.0,0.0,0.0,0.0,945,21,0.0,0.0,0.0,0.0,944.5,0.0
1,337900,VOLCANIC_ROCK_VOUCHER_9500,946.0,17.0,0.0,0.0,0.0,0.0,947,17,0.0,0.0,0.0,0.0,946.5,0.0
1,338000,VOLCANIC_ROCK_VOUCHER_9500,943.0,19.0,0.0,0.0,0.0,0.0,944,19,0.0,0.0,0.0,0.0,943.5,0.0
1,338100,VOLCANIC_ROCK_VOUCHER_9500,938.0,15.0,0.0,0.0,0.0,0.0,939,15,0.0,0.0,0.0,0.0,938.5,0.0
1,338200,VOLCANIC_ROCK_VOUCHER_9500,937.0,13.0,0.0,0.0,0.0,0.0,938,13,0.0,0.0,0.0,0.0,937.5,0.0
1,338300,VOLCANIC_ROCK_VOUCHER_9500,941.0,19.0,0.0,0.0,0.0,0.0,942,19,0.0,0.0,0.0,0.0,941.5,0.0
1,338400,VOLCANIC_ROCK_VOUCHER_9500,942.0,21.0,0.0,0.0,0.0,0.0,944,21,0.0,0.0,0.0,0.0,943.0,0.0
1,338500,VOLCANIC_ROCK_VOUCHER_9500,944.0,17.0,0.0,0.0,0.0,0.0,945,17,0.0,0.0,0.0,0.0,944.5,0.0
1,338600,VOLCANIC_ROCK_VOUCHER_9500,942.0,13.0,0.0,0.0,0.0,0.0,943,13,0.0,0.0,0.0,0.0,942.5,0.0
1,338700,VOLCANIC_ROCK_VOUCHER_9500,943.0,13.0,0.0,0.0,0.0,0.0,944,13,0.0,0.0,0.0,0.0,943.5,0.0
1,338800,VOLCANIC_ROCK_VOUCHER_9500,943.0,12.0,0.0,0.0,0.0,0.0,944,12,0.0,0.0,0.0,0.0,943.5,0.0
1,338900,VOLCANIC_ROCK_VOUCHER_9500,944.0,13.0,0.0,0.0,0.0,0.0,945,13,0.0,0.0,0.0,0.0,944.5,0.0
1,339000,VOLCANIC_ROCK_VOUCHER_9500,945.0,19.0,0.0,0.0,0.0,0.0,946,19,0.0,0.0,0.0,0.0,945.5,0.0
1,339100,VOLCANIC_ROCK_VOUCHER_9500,943.0,14.0,0.0,0.0,0.0,0.0,944,14,0.0,0.0,0.0,0.0,943.5,0.0
1,339200,VOLCANIC_ROCK_VOUCHER_9500,941.0,19.0,0.0,0.0,0.0,0.0,942,19,0.0,0.0,0.0,0.0,941.5,0.0
1,339300,VOLCANIC_ROCK_VOUCHER_9500,942.0,15.0,0.0,0.0,0.0,0.0,943,15,0.0,0.0,0.0,0.0,942.5,0.0
1,339400,VOLCANIC_ROCK_VOUCHER_9500,941.0,17.0,0.0,0.0,0.0,0.0,942,17,0.0,0.0,0.0,0.0,941.5,0.0
1,339500,VOLCANIC_ROCK_VOUCHER_9500,944.0,16.0,0.0,0.0,0.0,0.0,945,16,0.0,0.0,0.0,0.0,944.5,0.0
1,339600,VOLCANIC_ROCK_VOUCHER_9500,942.0,18.0,0.0,0.0,0.0,0.0,944,18,0.0,0.0,0.0,0.0,943.0,0.0
1,339700,VOLCANIC_ROCK_VOUCHER_9500,944.0,19.0,0.0,0.0,0.0,0.0,945,19,0.0,0.0,0.0,0.0,944.5,0.0
1,339800,VOLCANIC_ROCK_VOUCHER_9500,944.0,14.0,0.0,0.0,0.0,0.0,946,14,0.0,0.0,0.0,0.0,945.0,0.0
1,339900,VOLCANIC_ROCK_VOUCHER_9500,943.0,10.0,0.0,0.0,0.0,0.0,944,10,0.0,0.0,0.0,0.0,943.5,0.0
1,340000,VOLCANIC_ROCK_VOUCHER_9500,944.0,22.0,0.0,0.0,0.0,0.0,945,22,0.0,0.0,0.0,0.0,944.5,0.0
1,340100,VOLCANIC_ROCK_VOUCHER_9500,944.0,15.0,0.0,0.0,0.0,0.0,945,15,0.0,0.0,0.0,0.0,944.5,0.0
1,340200,VOLCANIC_ROCK_VOUCHER_9500,945.0,16.0,0.0,0.0,0.0,0.0,947,16,0.0,0.0,0.0,0.0,946.0,0.0
1,340300,VOLCANIC_ROCK_VOUCHER_9500,946.0,10.0,0.0,0.0,0.0,0.0,947,10,0.0,0.0,0.0,0.0,946.5,0.0
1,340400,VOLCANIC_ROCK_VOUCHER_9500,944.0,21.0,0.0,0.0,0.0,0.0,945,21,0.0,0.0,0.0,0.0,944.5,0.0
1,340500,VOLCANIC_ROCK_VOUCHER_9500,0.0,0.0,0.0,0.0,0.0,0.0,942,6,943.0,13.0,0.0,0.0,942.0,0.0
1,340600,VOLCANIC_ROCK_VOUCHER_9500,941.0,13.0,0.0,0.0,0.0,0.0,942,13,0.0,0.0,0.0,0.0,941.5,0.0
1,340700,VOLCANIC_ROCK_VOUCHER_9500,940.0,13.0,0.0,0.0,0.0,0.0,941,13,0.0,0.0,0.0,0.0,940.5,0.0
1,340800,VOLCANIC_ROCK_VOUCHER_9500,0.0,0.0,0.0,0.0,0.0,0.0,940,5,941.0,13.0,0.0,0.0,940.0,0.0
1,340900,VOLCANIC_ROCK_VOUCHER_9500,943.0,23.0,0.0,0.0,0.0,0.0,944,13,0.0,0.0,0.0,0.0,943.5,0.0
1,341000,VOLCANIC_ROCK_VOUCHER_9500,941.0,14.0,0.0,0.0,0.0,0.0,943,14,0.0,0.0,0.0,0.0,942.0,0.0
1,341100,VOLCANIC_ROCK_VOUCHER_9500,942.0,13.0,0.0,0.0,0.0,0.0,943,13,0.0,0.0,0.0,0.0,942.5,0.0
1,341200,VOLCANIC_ROCK_VOUCHER_9500,943.0,17.0,0.0,0.0,0.0,0.0,944,17,0.0,0.0,0.0,0.0,943.5,0.0
1,341300,VOLCANIC_ROCK_VOUCHER_9500,943.0,14.0,0.0,0.0,0.0,0.0,945,14,0.0,0.0,0.0,0.0,944.0,0.0
1,341400,VOLCANIC_ROCK_VOUCHER_9500,943.0,10.0,0.0,0.0,0.0,0.0,945,10,0.0,0.0,0.0,0.0,944.0,0.0
1,341500,VOLCANIC_ROCK_VOUCHER_9500,944.0,11.0,0.0,0.0,0.0,0.0,945,1,946.0,10.0,0.0,0.0,944.5,0.0
1,341600,VOLCANIC_ROCK_VOUCHER_9500,940.0,39.0,0.0,0.0,0.0,0.0,941,20,0.0,0.0,0.0,0.0,940.5,0.0
1,341700,VOLCANIC_ROCK_VOUCHER_9500,942.0,15.0,0.0,0.0,0.0,0.0,944,15,0.0,0.0,0.0,0.0,943.0,0.0
1,341800,VOLCANIC_ROCK_VOUCHER_9500,943.0,8.0,942.0,20.0,0.0,0.0,944,20,0.0,0.0,0.0,0.0,943.5,0.0
1,341900,VOLCANIC_ROCK_VOUCHER_9500,943.0,13.0,0.0,0.0,0.0,0.0,944,13,0.0,0.0,0.0,0.0,943.5,0.0
1,342000,VOLCANIC_ROCK_VOUCHER_9500,943.0,14.0,0.0,0.0,0.0,0.0,944,14,0.0,0.0,0.0,0.0,943.5,0.0
1,342100,VOLCANIC_ROCK_VOUCHER_9500,944.0,19.0,0.0,0.0,0.0,0.0,945,19,0.0,0.0,0.0,0.0,944.5,0.0
1,342200,VOLCANIC_ROCK_VOUCHER_9500,0.0,0.0,0.0,0.0,0.0,0.0,947,1,948.0,14.0,0.0,0.0,947.0,0.0
1,342300,VOLCANIC_ROCK_VOUCHER_9500,947.0,17.0,0.0,0.0,0.0,0.0,948,17,0.0,0.0,0.0,0.0,947.5,0.0
1,342400,VOLCANIC_ROCK_VOUCHER_9500,946.0,13.0,0.0,0.0,0.0,0.0,947,1,948.0,12.0,0.0,0.0,946.5,0.0
1,342500,VOLCANIC_ROCK_VOUCHER_9500,947.0,17.0,0.0,0.0,0.0,0.0,948,17,0.0,0.0,0.0,0.0,947.5,0.0
1,342600,VOLCANIC_ROCK_VOUCHER_9500,945.0,22.0,0.0,0.0,0.0,0.0,946,22,0.0,0.0,0.0,0.0,945.5,0.0
1,342700,VOLCANIC_ROCK_VOUCHER_9500,947.0,12.0,0.0,0.0,0.0,0.0,948,12,0.0,0.0,0.0,0.0,947.5,0.0
1,342800,VOLCANIC_ROCK_VOUCHER_9500,946.0,20.0,0.0,0.0,0.0,0.0,947,20,0.0,0.0,0.0,0.0,946.5,0.0
1,342900,VOLCANIC_ROCK_VOUCHER_9500,947.0,13.0,0.0,0.0,0.0,0.0,948,13,0.0,0.0,0.0,0.0,947.5,0.0
1,343000,VOLCANIC_ROCK_VOUCHER_9500,947.0,11.0,0.0,0.0,0.0,0.0,948,11,0.0,0.0,0.0,0.0,947.5,0.0
1,343100,VOLCANIC_ROCK_VOUCHER_9500,947.0,11.0,0.0,0.0,0.0,0.0,948,11,0.0,0.0,0.0,0.0,947.5,0.0
1,343200,VOLCANIC_ROCK_VOUCHER_9500,950.0,12.0,0.0,0.0,0.0,0.0,951,12,0.0,0.0,0.0,0.0,950.5,0.0
1,343300,VOLCANIC_ROCK_VOUCHER_9500,952.0,11.0,0.0,0.0,0.0,0.0,953,11,0.0,0.0,0.0,0.0,952.5,0.0
1,343400,VOLCANIC_ROCK_VOUCHER_9500,951.0,10.0,0.0,0.0,0.0,0.0,952,10,0.0,0.0,0.0,0.0,951.5,0.0
1,343500,VOLCANIC_ROCK_VOUCHER_9500,949.0,15.0,948.0,15.0,0.0,0.0,950,15,0.0,0.0,0.0,0.0,949.5,0.0
1,343600,VOLCANIC_ROCK_VOUCHER_9500,949.0,16.0,0.0,0.0,0.0,0.0,951,16,0.0,0.0,0.0,0.0,950.0,0.0
1,343700,VOLCANIC_ROCK_VOUCHER_9500,950.0,16.0,0.0,0.0,0.0,0.0,951,16,0.0,0.0,0.0,0.0,950.5,0.0
1,343800,VOLCANIC_ROCK_VOUCHER_9500,951.0,17.0,0.0,0.0,0.0,0.0,952,17,0.0,0.0,0.0,0.0,951.5,0.0
1,343900,VOLCANIC_ROCK_VOUCHER_9500,950.0,1.0,949.0,14.0,0.0,0.0,951,15,0.0,0.0,0.0,0.0,950.5,0.0
1,344000,VOLCANIC_ROCK_VOUCHER_9500,948.0,12.0,0.0,0.0,0.0,0.0,949,12,0.0,0.0,0.0,0.0,948.5,0.0
1,344100,VOLCANIC_ROCK_VOUCHER_9500,944.0,20.0,0.0,0.0,0.0,0.0,945,20,0.0,0.0,0.0,0.0,944.5,0.0
1,344200,VOLCANIC_ROCK_VOUCHER_9500,946.0,14.0,0.0,0.0,0.0,0.0,947,14,0.0,0.0,0.0,0.0,946.5,0.0
1,344300,VOLCANIC_ROCK_VOUCHER_9500,948.0,21.0,0.0,0.0,0.0,0.0,949,21,0.0,0.0,0.0,0.0,948.5,0.0
1,344400,VOLCANIC_ROCK_VOUCHER_9500,950.0,19.0,0.0,0.0,0.0,0.0,951,19,0.0,0.0,0.0,0.0,950.5,0.0
1,344500,VOLCANIC_ROCK_VOUCHER_9500,949.0,22.0,0.0,0.0,0.0,0.0,950,22,0.0,0.0,0.0,0.0,949.5,0.0
1,344600,VOLCANIC_ROCK_VOUCHER_9500,951.0,13.0,0.0,0.0,0.0,0.0,952,13,0.0,0.0,0.0,0.0,951.5,0.0
1,344700,VOLCANIC_ROCK_VOUCHER_9500,952.0,9.0,0.0,0.0,0.0,0.0,953,18,0.0,0.0,0.0,0.0,952.5,0.0
1,344800,VOLCANIC_ROCK_VOUCHER_9500,951.0,13.0,0.0,0.0,0.0,0.0,952,13,0.0,0.0,0.0,0.0,951.5,0.0
1,344900,VOLCANIC_ROCK_VOUCHER_9500,951.0,15.0,0.0,0.0,0.0,0.0,952,15,0.0,0.0,0.0,0.0,951.5,0.0
1,345000,VOLCANIC_ROCK_VOUCHER_9500,951.0,14.0,0.0,0.0,0.0,0.0,952,14,0.0,0.0,0.0,0.0,951.5,0.0
1,345100,VOLCANIC_ROCK_VOUCHER_9500,953.0,11.0,0.0,0.0,0.0,0.0,954,11,0.0,0.0,0.0,0.0,953.5,0.0
1,345200,VOLCANIC_ROCK_VOUCHER_9500,955.0,17.0,0.0,0.0,0.0,0.0,956,17,0.0,0.0,0.0,0.0,955.5,0.0
1,345300,VOLCANIC_ROCK_VOUCHER_9500,955.0,15.0,0.0,0.0,0.0,0.0,956,15,0.0,0.0,0.0,0.0,955.5,0.0
1,345400,VOLCANIC_ROCK_VOUCHER_9500,953.0,11.0,0.0,0.0,0.0,0.0,954,11,0.0,0.0,0.0,0.0,953.5,0.0
1,345500,VOLCANIC_ROCK_VOUCHER_9500,952.0,15.0,0.0,0.0,0.0,0.0,953,15,0.0,0.0,0.0,0.0,952.5,0.0
1,345600,VOLCANIC_ROCK_VOUCHER_9500,952.0,2.0,0.0,0.0,0.0,0.0,953,16,0.0,0.0,0.0,0.0,952.5,0.0
1,345700,VOLCANIC_ROCK_VOUCHER_9500,951.0,20.0,0.0,0.0,0.0,0.0,952,20,0.0,0.0,0.0,0.0,951.5,0.0
1,345800,VOLCANIC_ROCK_VOUCHER_9500,951.0,21.0,0.0,0.0,0.0,0.0,952,21,0.0,0.0,0.0,0.0,951.5,0.0
1,345900,VOLCANIC_ROCK_VOUCHER_9500,951.0,1.0,950.0,17.0,0.0,0.0,952,18,0.0,0.0,0.0,0.0,951.5,0.0
1,346000,VOLCANIC_ROCK_VOUCHER_9500,953.0,13.0,0.0,0.0,0.0,0.0,954,13,0.0,0.0,0.0,0.0,953.5,0.0
1,346100,VOLCANIC_ROCK_VOUCHER_9500,954.0,15.0,0.0,0.0,0.0,0.0,955,15,0.0,0.0,0.0,0.0,954.5,0.0
1,346200,VOLCANIC_ROCK_VOUCHER_9500,954.0,16.0,0.0,0.0,0.0,0.0,956,16,0.0,0.0,0.0,0.0,955.0,0.0
1,346300,VOLCANIC_ROCK_VOUCHER_9500,953.0,18.0,0.0,0.0,0.0,0.0,954,15,955.0,18.0,0.0,0.0,953.5,0.0
1,346400,VOLCANIC_ROCK_VOUCHER_9500,954.0,15.0,0.0,0.0,0.0,0.0,955,15,0.0,0.0,0.0,0.0,954.5,0.0
1,346500,VOLCANIC_ROCK_VOUCHER_9500,953.0,19.0,0.0,0.0,0.0,0.0,954,19,0.0,0.0,0.0,0.0,953.5,0.0
1,346600,VOLCANIC_ROCK_VOUCHER_9500,951.0,16.0,0.0,0.0,0.0,0.0,952,16,0.0,0.0,0.0,0.0,951.5,0.0
1,346700,VOLCANIC_ROCK_VOUCHER_9500,951.0,6.0,0.0,0.0,0.0,0.0,952,12,0.0,0.0,0.0,0.0,951.5,0.0
1,346800,VOLCANIC_ROCK_VOUCHER_9500,952.0,18.0,0.0,0.0,0.0,0.0,953,18,0.0,0.0,0.0,0.0,952.5,0.0
1,346900,VOLCANIC_ROCK_VOUCHER_9500,953.0,23.0,0.0,0.0,0.0,0.0,954,11,0.0,0.0,0.0,0.0,953.5,0.0
1,347000,VOLCANIC_ROCK_VOUCHER_9500,954.0,13.0,0.0,0.0,0.0,0.0,955,13,0.0,0.0,0.0,0.0,954.5,0.0
1,347100,VOLCANIC_ROCK_VOUCHER_9500,955.0,16.0,0.0,0.0,0.0,0.0,956,16,0.0,0.0,0.0,0.0,955.5,0.0
1,347200,VOLCANIC_ROCK_VOUCHER_9500,955.0,12.0,0.0,0.0,0.0,0.0,956,12,0.0,0.0,0.0,0.0,955.5,0.0
1,347300,VOLCANIC_ROCK_VOUCHER_9500,957.0,23.0,0.0,0.0,0.0,0.0,958,13,0.0,0.0,0.0,0.0,957.5,0.0
1,347400,VOLCANIC_ROCK_VOUCHER_9500,957.0,12.0,0.0,0.0,0.0,0.0,958,12,0.0,0.0,0.0,0.0,957.5,0.0
1,347500,VOLCANIC_ROCK_VOUCHER_9500,955.0,14.0,0.0,0.0,0.0,0.0,957,14,0.0,0.0,0.0,0.0,956.0,0.0
1,347600,VOLCANIC_ROCK_VOUCHER_9500,957.0,16.0,0.0,0.0,0.0,0.0,958,16,0.0,0.0,0.0,0.0,957.5,0.0
1,347700,VOLCANIC_ROCK_VOUCHER_9500,957.0,14.0,0.0,0.0,0.0,0.0,959,14,0.0,0.0,0.0,0.0,958.0,0.0
1,347800,VOLCANIC_ROCK_VOUCHER_9500,957.0,13.0,0.0,0.0,0.0,0.0,958,13,0.0,0.0,0.0,0.0,957.5,0.0
1,347900,VOLCANIC_ROCK_VOUCHER_9500,956.0,20.0,0.0,0.0,0.0,0.0,958,20,0.0,0.0,0.0,0.0,957.0,0.0
1,348000,VOLCANIC_ROCK_VOUCHER_9500,958.0,17.0,0.0,0.0,0.0,0.0,959,2,960.0,15.0,0.0,0.0,958.5,0.0
1,348100,VOLCANIC_ROCK_VOUCHER_9500,959.0,14.0,0.0,0.0,0.0,0.0,961,14,0.0,0.0,0.0,0.0,960.0,0.0
1,348200,VOLCANIC_ROCK_VOUCHER_9500,959.0,19.0,0.0,0.0,0.0,0.0,960,19,0.0,0.0,0.0,0.0,959.5,0.0
1,348300,VOLCANIC_ROCK_VOUCHER_9500,960.0,26.0,0.0,0.0,0.0,0.0,961,14,0.0,0.0,0.0,0.0,960.5,0.0
1,348400,VOLCANIC_ROCK_VOUCHER_9500,960.0,14.0,0.0,0.0,0.0,0.0,962,14,0.0,0.0,0.0,0.0,961.0,0.0
1,348500,VOLCANIC_ROCK_VOUCHER_9500,963.0,14.0,0.0,0.0,0.0,0.0,964,14,0.0,0.0,0.0,0.0,963.5,0.0
1,348600,VOLCANIC_ROCK_VOUCHER_9500,963.0,11.0,0.0,0.0,0.0,0.0,964,11,0.0,0.0,0.0,0.0,963.5,0.0
1,348700,VOLCANIC_ROCK_VOUCHER_9500,962.0,14.0,0.0,0.0,0.0,0.0,963,14,0.0,0.0,0.0,0.0,962.5,0.0
1,348800,VOLCANIC_ROCK_VOUCHER_9500,963.0,14.0,0.0,0.0,0.0,0.0,964,14,0.0,0.0,0.0,0.0,963.5,0.0
1,348900,VOLCANIC_ROCK_VOUCHER_9500,962.0,31.0,0.0,0.0,0.0,0.0,964,13,0.0,0.0,0.0,0.0,963.0,0.0
1,349000,VOLCANIC_ROCK_VOUCHER_9500,964.0,16.0,0.0,0.0,0.0,0.0,965,16,0.0,0.0,0.0,0.0,964.5,0.0
1,349100,VOLCANIC_ROCK_VOUCHER_9500,0.0,0.0,0.0,0.0,0.0,0.0,962,1,963.0,18.0,0.0,0.0,962.0,0.0
1,349200,VOLCANIC_ROCK_VOUCHER_9500,963.0,14.0,0.0,0.0,0.0,0.0,964,14,0.0,0.0,0.0,0.0,963.5,0.0
1,349300,VOLCANIC_ROCK_VOUCHER_9500,962.0,18.0,0.0,0.0,0.0,0.0,963,18,0.0,0.0,0.0,0.0,962.5,0.0
1,349400,VOLCANIC_ROCK_VOUCHER_9500,962.0,32.0,0.0,0.0,0.0,0.0,963,21,0.0,0.0,0.0,0.0,962.5,0.0
1,349500,VOLCANIC_ROCK_VOUCHER_9500,962.0,10.0,0.0,0.0,0.0,0.0,963,10,0.0,0.0,0.0,0.0,962.5,0.0
1,349600,VOLCANIC_ROCK_VOUCHER_9500,964.0,15.0,0.0,0.0,0.0,0.0,965,15,0.0,0.0,0.0,0.0,964.5,0.0
1,349700,VOLCANIC_ROCK_VOUCHER_9500,964.0,22.0,0.0,0.0,0.0,0.0,965,22,0.0,0.0,0.0,0.0,964.5,0.0
1,349800,VOLCANIC_ROCK_VOUCHER_9500,964.0,35.0,0.0,0.0,0.0,0.0,965,17,0.0,0.0,0.0,0.0,964.5,0.0
1,349900,VOLCANIC_ROCK_VOUCHER_9500,964.0,18.0,0.0,0.0,0.0,0.0,965,18,0.0,0.0,0.0,0.0,964.5,0.0
1,350000,VOLCANIC_ROCK_VOUCHER_9500,967.0,18.0,0.0,0.0,0.0,0.0,968,18,0.0,0.0,0.0,0.0,967.5,0.0
1,350100,VOLCANIC_ROCK_VOUCHER_9500,968.0,18.0,0.0,0.0,0.0,0.0,969,18,0.0,0.0,0.0,0.0,968.5,0.0
1,350200,VOLCANIC_ROCK_VOUCHER_9500,969.0,25.0,0.0,0.0,0.0,0.0,970,13,0.0,0.0,0.0,0.0,969.5,0.0
1,350300,VOLCANIC_ROCK_VOUCHER_9500,975.0,12.0,0.0,0.0,0.0,0.0,976,12,0.0,0.0,0.0,0.0,975.5,0.0
1,350400,VOLCANIC_ROCK_VOUCHER_9500,974.0,18.0,0.0,0.0,0.0,0.0,975,18,0.0,0.0,0.0,0.0,974.5,0.0
1,350500,VOLCANIC_ROCK_VOUCHER_9500,975.0,1.0,974.0,16.0,0.0,0.0,976,17,0.0,0.0,0.0,0.0,975.5,0.0
1,350600,VOLCANIC_ROCK_VOUCHER_9500,975.0,30.0,0.0,0.0,0.0,0.0,976,18,0.0,0.0,0.0,0.0,975.5,0.0
1,350700,VOLCANIC_ROCK_VOUCHER_9500,978.0,19.0,0.0,0.0,0.0,0.0,979,19,0.0,0.0,0.0,0.0,978.5,0.0
1,350800,VOLCANIC_ROCK_VOUCHER_9500,982.0,16.0,0.0,0.0,0.0,0.0,983,16,0.0,0.0,0.0,0.0,982.5,0.0
1,350900,VOLCANIC_ROCK_VOUCHER_9500,979.0,20.0,0.0,0.0,0.0,0.0,981,20,0.0,0.0,0.0,0.0,980.0,0.0
1,351000,VOLCANIC_ROCK_VOUCHER_9500,981.0,21.0,0.0,0.0,0.0,0.0,982,21,0.0,0.0,0.0,0.0,981.5,0.0
1,351100,VOLCANIC_ROCK_VOUCHER_9500,981.0,20.0,0.0,0.0,0.0,0.0,982,20,0.0,0.0,0.0,0.0,981.5,0.0
1,351200,VOLCANIC_ROCK_VOUCHER_9500,980.0,14.0,0.0,0.0,0.0,0.0,981,14,0.0,0.0,0.0,0.0,980.5,0.0
1,351300,VOLCANIC_ROCK_VOUCHER_9500,982.0,29.0,0.0,0.0,0.0,0.0,983,10,0.0,0.0,0.0,0.0,982.5,0.0
1,351400,VOLCANIC_ROCK_VOUCHER_9500,986.0,14.0,0.0,0.0,0.0,0.0,987,14,0.0,0.0,0.0,0.0,986.5,0.0
1,351500,VOLCANIC_ROCK_VOUCHER_9500,986.0,16.0,0.0,0.0,0.0,0.0,987,16,0.0,0.0,0.0,0.0,986.5,0.0
1,351600,VOLCANIC_ROCK_VOUCHER_9500,989.0,20.0,0.0,0.0,0.0,0.0,990,20,0.0,0.0,0.0,0.0,989.5,0.0
1,351700,VOLCANIC_ROCK_VOUCHER_9500,989.0,16.0,0.0,0.0,0.0,0.0,990,16,0.0,0.0,0.0,0.0,989.5,0.0
1,351800,VOLCANIC_ROCK_VOUCHER_9500,987.0,16.0,0.0,0.0,0.0,0.0,988,16,0.0,0.0,0.0,0.0,987.5,0.0
1,351900,VOLCANIC_ROCK_VOUCHER_9500,986.0,21.0,0.0,0.0,0.0,0.0,987,21,0.0,0.0,0.0,0.0,986.5,0.0
1,352000,VOLCANIC_ROCK_VOUCHER_9500,986.0,17.0,0.0,0.0,0.0,0.0,987,17,0.0,0.0,0.0,0.0,986.5,0.0
1,352100,VOLCANIC_ROCK_VOUCHER_9500,985.0,20.0,0.0,0.0,0.0,0.0,986,12,987.0,20.0,0.0,0.0,985.5,0.0
1,352200,VOLCANIC_ROCK_VOUCHER_9500,0.0,0.0,0.0,0.0,0.0,0.0,986,2,987.0,14.0,0.0,0.0,986.0,0.0
1,352300,VOLCANIC_ROCK_VOUCHER_9500,987.0,12.0,0.0,0.0,0.0,0.0,988,12,0.0,0.0,0.0,0.0,987.5,0.0
1,352400,VOLCANIC_ROCK_VOUCHER_9500,990.0,18.0,0.0,0.0,0.0,0.0,991,18,0.0,0.0,0.0,0.0,990.5,0.0
1,352500,VOLCANIC_ROCK_VOUCHER_9500,990.0,14.0,0.0,0.0,0.0,0.0,991,14,0.0,0.0,0.0,0.0,990.5,0.0
1,352600,VOLCANIC_ROCK_VOUCHER_9500,991.0,22.0,0.0,0.0,0.0,0.0,992,22,0.0,0.0,0.0,0.0,991.5,0.0
1,352700,VOLCANIC_ROCK_VOUCHER_9500,986.0,20.0,0.0,0.0,0.0,0.0,988,20,0.0,0.0,0.0,0.0,987.0,0.0
1,352800,VOLCANIC_ROCK_VOUCHER_9500,982.0,0.0,0.0,0.0,0.0,0.0,983,16,0.0,0.0,0.0,0.0,982.5,0.0
1,352900,VOLCANIC_ROCK_VOUCHER_9500,982.0,13.0,0.0,0.0,0.0,0.0,983,13,0.0,0.0,0.0,0.0,982.5,0.0
1,353000,VOLCANIC_ROCK_VOUCHER_9500,985.0,14.0,0.0,0.0,0.0,0.0,986,14,0.0,0.0,0.0,0.0,985.5,0.0
1,353100,VOLCANIC_ROCK_VOUCHER_9500,984.0,19.0,0.0,0.0,0.0,0.0,985,19,0.0,0.0,0.0,0.0,984.5,0.0
1,353200,VOLCANIC_ROCK_VOUCHER_9500,984.0,20.0,0.0,0.0,0.0,0.0,985,20,0.0,0.0,0.0,0.0,984.5,0.0
1,353300,VOLCANIC_ROCK_VOUCHER_9500,983.0,18.0,0.0,0.0,0.0,0.0,984,18,0.0,0.0,0.0,0.0,983.5,0.0
1,353400,VOLCANIC_ROCK_VOUCHER_9500,983.0,10.0,0.0,0.0,0.0,0.0,984,10,0.0,0.0,0.0,0.0,983.5,0.0
1,353500,VOLCANIC_ROCK_VOUCHER_9500,983.0,12.0,0.0,0.0,0.0,0.0,984,12,0.0,0.0,0.0,0.0,983.5,0.0
1,353600,VOLCANIC_ROCK_VOUCHER_9500,982.0,21.0,0.0,0.0,0.0,0.0,983,21,0.0,0.0,0.0,0.0,982.5,0.0
1,353700,VOLCANIC_ROCK_VOUCHER_9500,982.0,12.0,0.0,0.0,0.0,0.0,983,12,0.0,0.0,0.0,0.0,982.5,0.0
1,353800,VOLCANIC_ROCK_VOUCHER_9500,981.0,16.0,0.0,0.0,0.0,0.0,982,16,0.0,0.0,0.0,0.0,981.5,0.0
1,353900,VOLCANIC_ROCK_VOUCHER_9500,980.0,14.0,0.0,0.0,0.0,0.0,981,14,0.0,0.0,0.0,0.0,980.5,0.0
1,354000,VOLCANIC_ROCK_VOUCHER_9500,975.0,19.0,0.0,0.0,0.0,0.0,976,19,0.0,0.0,0.0,0.0,975.5,0.0
1,354100,VOLCANIC_ROCK_VOUCHER_9500,971.0,1.0,0.0,0.0,0.0,0.0,972,12,0.0,0.0,0.0,0.0,971.5,0.0
1,354200,VOLCANIC_ROCK_VOUCHER_9500,972.0,14.0,0.0,0.0,0.0,0.0,974,14,0.0,0.0,0.0,0.0,973.0,0.0
1,354300,VOLCANIC_ROCK_VOUCHER_9500,969.0,12.0,0.0,0.0,0.0,0.0,970,12,0.0,0.0,0.0,0.0,969.5,0.0
1,354400,VOLCANIC_ROCK_VOUCHER_9500,970.0,12.0,0.0,0.0,0.0,0.0,971,12,0.0,0.0,0.0,0.0,970.5,0.0
1,354500,VOLCANIC_ROCK_VOUCHER_9500,970.0,28.0,0.0,0.0,0.0,0.0,971,16,0.0,0.0,0.0,0.0,970.5,0.0
1,354600,VOLCANIC_ROCK_VOUCHER_9500,968.0,11.0,0.0,0.0,0.0,0.0,969,11,0.0,0.0,0.0,0.0,968.5,0.0
1,354700,VOLCANIC_ROCK_VOUCHER_9500,970.0,15.0,0.0,0.0,0.0,0.0,971,15,0.0,0.0,0.0,0.0,970.5,0.0
1,354800,VOLCANIC_ROCK_VOUCHER_9500,969.0,12.0,0.0,0.0,0.0,0.0,970,10,0.0,0.0,0.0,0.0,969.5,0.0
1,354900,VOLCANIC_ROCK_VOUCHER_9500,970.0,14.0,0.0,0.0,0.0,0.0,971,14,0.0,0.0,0.0,0.0,970.5,0.0
1,355000,VOLCANIC_ROCK_VOUCHER_9500,969.0,15.0,0.0,0.0,0.0,0.0,970,15,0.0,0.0,0.0,0.0,969.5,0.0
1,355100,VOLCANIC_ROCK_VOUCHER_9500,973.0,12.0,0.0,0.0,0.0,0.0,975,12,0.0,0.0,0.0,0.0,974.0,0.0
1,355200,VOLCANIC_ROCK_VOUCHER_9500,973.0,17.0,0.0,0.0,0.0,0.0,974,17,0.0,0.0,0.0,0.0,973.5,0.0
1,355300,VOLCANIC_ROCK_VOUCHER_9500,973.0,11.0,0.0,0.0,0.0,0.0,974,11,0.0,0.0,0.0,0.0,973.5,0.0
1,355400,VOLCANIC_ROCK_VOUCHER_9500,973.0,20.0,0.0,0.0,0.0,0.0,974,20,0.0,0.0,0.0,0.0,973.5,0.0
1,355500,VOLCANIC_ROCK_VOUCHER_9500,972.0,13.0,0.0,0.0,0.0,0.0,973,13,0.0,0.0,0.0,0.0,972.5,0.0
1,355600,VOLCANIC_ROCK_VOUCHER_9500,973.0,19.0,0.0,0.0,0.0,0.0,974,19,0.0,0.0,0.0,0.0,973.5,0.0
1,355700,VOLCANIC_ROCK_VOUCHER_9500,974.0,14.0,0.0,0.0,0.0,0.0,975,14,0.0,0.0,0.0,0.0,974.5,0.0
1,355800,VOLCANIC_ROCK_VOUCHER_9500,972.0,19.0,0.0,0.0,0.0,0.0,973,19,0.0,0.0,0.0,0.0,972.5,0.0
1,355900,VOLCANIC_ROCK_VOUCHER_9500,972.0,15.0,0.0,0.0,0.0,0.0,973,15,0.0,0.0,0.0,0.0,972.5,0.0
1,356000,VOLCANIC_ROCK_VOUCHER_9500,970.0,11.0,0.0,0.0,0.0,0.0,971,11,0.0,0.0,0.0,0.0,970.5,0.0
1,356100,VOLCANIC_ROCK_VOUCHER_9500,969.0,17.0,0.0,0.0,0.0,0.0,970,17,0.0,0.0,0.0,0.0,969.5,0.0
1,356200,VOLCANIC_ROCK_VOUCHER_9500,965.0,12.0,0.0,0.0,0.0,0.0,966,12,0.0,0.0,0.0,0.0,965.5,0.0
1,356300,VOLCANIC_ROCK_VOUCHER_9500,959.0,19.0,0.0,0.0,0.0,0.0,960,19,0.0,0.0,0.0,0.0,959.5,0.0
1,356400,VOLCANIC_ROCK_VOUCHER_9500,957.0,19.0,0.0,0.0,0.0,0.0,958,19,0.0,0.0,0.0,0.0,957.5,0.0
1,356500,VOLCANIC_ROCK_VOUCHER_9500,956.0,16.0,0.0,0.0,0.0,0.0,957,16,0.0,0.0,0.0,0.0,956.5,0.0
1,356600,VOLCANIC_ROCK_VOUCHER_9500,949.0,14.0,0.0,0.0,0.0,0.0,950,14,0.0,0.0,0.0,0.0,949.5,0.0
1,356700,VOLCANIC_ROCK_VOUCHER_9500,952.0,21.0,0.0,0.0,0.0,0.0,954,21,0.0,0.0,0.0,0.0,953.0,0.0
1,356800,VOLCANIC_ROCK_VOUCHER_9500,954.0,19.0,0.0,0.0,0.0,0.0,955,19,0.0,0.0,0.0,0.0,954.5,0.0
1,356900,VOLCANIC_ROCK_VOUCHER_9500,956.0,17.0,0.0,0.0,0.0,0.0,957,17,0.0,0.0,0.0,0.0,956.5,0.0
1,357000,VOLCANIC_ROCK_VOUCHER_9500,952.0,12.0,0.0,0.0,0.0,0.0,953,12,0.0,0.0,0.0,0.0,952.5,0.0
1,357100,VOLCANIC_ROCK_VOUCHER_9500,949.0,11.0,0.0,0.0,0.0,0.0,950,11,0.0,0.0,0.0,0.0,949.5,0.0
1,357200,VOLCANIC_ROCK_VOUCHER_9500,949.0,15.0,0.0,0.0,0.0,0.0,950,15,0.0,0.0,0.0,0.0,949.5,0.0
1,357300,VOLCANIC_ROCK_VOUCHER_9500,952.0,7.0,0.0,0.0,0.0,0.0,953,18,0.0,0.0,0.0,0.0,952.5,0.0
1,357400,VOLCANIC_ROCK_VOUCHER_9500,952.0,19.0,0.0,0.0,0.0,0.0,954,19,0.0,0.0,0.0,0.0,953.0,0.0
1,357500,VOLCANIC_ROCK_VOUCHER_9500,952.0,4.0,0.0,0.0,0.0,0.0,953,18,0.0,0.0,0.0,0.0,952.5,0.0
1,357600,VOLCANIC_ROCK_VOUCHER_9500,951.0,28.0,0.0,0.0,0.0,0.0,952,14,0.0,0.0,0.0,0.0,951.5,0.0
1,357700,VOLCANIC_ROCK_VOUCHER_9500,952.0,16.0,0.0,0.0,0.0,0.0,953,16,0.0,0.0,0.0,0.0,952.5,0.0
1,357800,VOLCANIC_ROCK_VOUCHER_9500,954.0,22.0,0.0,0.0,0.0,0.0,955,22,0.0,0.0,0.0,0.0,954.5,0.0
1,357900,VOLCANIC_ROCK_VOUCHER_9500,956.0,9.0,0.0,0.0,0.0,0.0,957,20,0.0,0.0,0.0,0.0,956.5,0.0
1,358000,VOLCANIC_ROCK_VOUCHER_9500,959.0,21.0,0.0,0.0,0.0,0.0,960,21,0.0,0.0,0.0,0.0,959.5,0.0
1,358100,VOLCANIC_ROCK_VOUCHER_9500,955.0,16.0,0.0,0.0,0.0,0.0,956,16,0.0,0.0,0.0,0.0,955.5,0.0
1,358200,VOLCANIC_ROCK_VOUCHER_9500,954.0,15.0,0.0,0.0,0.0,0.0,955,15,0.0,0.0,0.0,0.0,954.5,0.0
1,358300,VOLCANIC_ROCK_VOUCHER_9500,953.0,10.0,0.0,0.0,0.0,0.0,954,10,0.0,0.0,0.0,0.0,953.5,0.0
1,358400,VOLCANIC_ROCK_VOUCHER_9500,955.0,19.0,0.0,0.0,0.0,0.0,957,19,0.0,0.0,0.0,0.0,956.0,0.0
1,358500,VOLCANIC_ROCK_VOUCHER_9500,953.0,21.0,0.0,0.0,0.0,0.0,954,21,0.0,0.0,0.0,0.0,953.5,0.0
1,358600,VOLCANIC_ROCK_VOUCHER_9500,950.0,22.0,0.0,0.0,0.0,0.0,951,22,0.0,0.0,0.0,0.0,950.5,0.0
1,358700,VOLCANIC_ROCK_VOUCHER_9500,950.0,20.0,0.0,0.0,0.0,0.0,951,20,0.0,0.0,0.0,0.0,950.5,0.0
1,358800,VOLCANIC_ROCK_VOUCHER_9500,950.0,11.0,0.0,0.0,0.0,0.0,951,11,0.0,0.0,0.0,0.0,950.5,0.0
1,358900,VOLCANIC_ROCK_VOUCHER_9500,951.0,20.0,0.0,0.0,0.0,0.0,952,20,0.0,0.0,0.0,0.0,951.5,0.0
1,359000,VOLCANIC_ROCK_VOUCHER_9500,948.0,19.0,0.0,0.0,0.0,0.0,949,19,0.0,0.0,0.0,0.0,948.5,0.0
1,359100,VOLCANIC_ROCK_VOUCHER_9500,947.0,15.0,0.0,0.0,0.0,0.0,948,1,949.0,14.0,0.0,0.0,947.5,0.0
1,359200,VOLCANIC_ROCK_VOUCHER_9500,948.0,10.0,0.0,0.0,0.0,0.0,949,10,0.0,0.0,0.0,0.0,948.5,0.0
1,359300,VOLCANIC_ROCK_VOUCHER_9500,949.0,13.0,0.0,0.0,0.0,0.0,950,13,0.0,0.0,0.0,0.0,949.5,0.0
1,359400,VOLCANIC_ROCK_VOUCHER_9500,951.0,17.0,0.0,0.0,0.0,0.0,952,17,0.0,0.0,0.0,0.0,951.5,0.0
1,359500,VOLCANIC_ROCK_VOUCHER_9500,948.0,15.0,0.0,0.0,0.0,0.0,949,15,0.0,0.0,0.0,0.0,948.5,0.0
1,359600,VOLCANIC_ROCK_VOUCHER_9500,943.0,18.0,0.0,0.0,0.0,0.0,944,1,945.0,17.0,0.0,0.0,943.5,0.0
1,359700,VOLCANIC_ROCK_VOUCHER_9500,944.0,10.0,0.0,0.0,0.0,0.0,945,20,0.0,0.0,0.0,0.0,944.5,0.0
1,359800,VOLCANIC_ROCK_VOUCHER_9500,948.0,19.0,0.0,0.0,0.0,0.0,949,19,0.0,0.0,0.0,0.0,948.5,0.0
1,359900,VOLCANIC_ROCK_VOUCHER_9500,947.0,13.0,0.0,0.0,0.0,0.0,948,13,0.0,0.0,0.0,0.0,947.5,0.0
1,360000,VOLCANIC_ROCK_VOUCHER_9500,947.0,16.0,0.0,0.0,0.0,0.0,948,16,0.0,0.0,0.0,0.0,947.5,0.0
1,360100,VOLCANIC_ROCK_VOUCHER_9500,946.0,19.0,0.0,0.0,0.0,0.0,947,19,0.0,0.0,0.0,0.0,946.5,0.0
1,360200,VOLCANIC_ROCK_VOUCHER_9500,947.0,3.0,0.0,0.0,0.0,0.0,948,20,0.0,0.0,0.0,0.0,947.5,0.0
1,360300,VOLCANIC_ROCK_VOUCHER_9500,948.0,21.0,0.0,0.0,0.0,0.0,949,21,0.0,0.0,0.0,0.0,948.5,0.0
1,360400,VOLCANIC_ROCK_VOUCHER_9500,947.0,13.0,946.0,15.0,0.0,0.0,948,15,0.0,0.0,0.0,0.0,947.5,0.0
1,360500,VOLCANIC_ROCK_VOUCHER_9500,946.0,12.0,0.0,0.0,0.0,0.0,947,1,948.0,11.0,0.0,0.0,946.5,0.0
1,360600,VOLCANIC_ROCK_VOUCHER_9500,947.0,12.0,0.0,0.0,0.0,0.0,949,12,0.0,0.0,0.0,0.0,948.0,0.0
1,360700,VOLCANIC_ROCK_VOUCHER_9500,951.0,21.0,0.0,0.0,0.0,0.0,952,21,0.0,0.0,0.0,0.0,951.5,0.0
1,360800,VOLCANIC_ROCK_VOUCHER_9500,951.0,11.0,0.0,0.0,0.0,0.0,952,11,0.0,0.0,0.0,0.0,951.5,0.0
1,360900,VOLCANIC_ROCK_VOUCHER_9500,951.0,17.0,0.0,0.0,0.0,0.0,952,17,0.0,0.0,0.0,0.0,951.5,0.0
1,361000,VOLCANIC_ROCK_VOUCHER_9500,953.0,8.0,952.0,13.0,0.0,0.0,954,13,0.0,0.0,0.0,0.0,953.5,0.0
1,361100,VOLCANIC_ROCK_VOUCHER_9500,951.0,17.0,0.0,0.0,0.0,0.0,952,17,0.0,0.0,0.0,0.0,951.5,0.0
1,361200,VOLCANIC_ROCK_VOUCHER_9500,953.0,15.0,0.0,0.0,0.0,0.0,954,15,0.0,0.0,0.0,0.0,953.5,0.0
1,361300,VOLCANIC_ROCK_VOUCHER_9500,951.0,19.0,0.0,0.0,0.0,0.0,952,19,0.0,0.0,0.0,0.0,951.5,0.0
1,361400,VOLCANIC_ROCK_VOUCHER_9500,955.0,14.0,0.0,0.0,0.0,0.0,956,14,0.0,0.0,0.0,0.0,955.5,0.0
1,361500,VOLCANIC_ROCK_VOUCHER_9500,951.0,19.0,0.0,0.0,0.0,0.0,952,19,0.0,0.0,0.0,0.0,951.5,0.0
1,361600,VOLCANIC_ROCK_VOUCHER_9500,949.0,14.0,0.0,0.0,0.0,0.0,950,14,0.0,0.0,0.0,0.0,949.5,0.0
1,361700,VOLCANIC_ROCK_VOUCHER_9500,949.0,21.0,0.0,0.0,0.0,0.0,950,21,0.0,0.0,0.0,0.0,949.5,0.0
1,361800,VOLCANIC_ROCK_VOUCHER_9500,949.0,22.0,0.0,0.0,0.0,0.0,950,22,0.0,0.0,0.0,0.0,949.5,0.0
1,361900,VOLCANIC_ROCK_VOUCHER_9500,948.0,20.0,0.0,0.0,0.0,0.0,949,20,0.0,0.0,0.0,0.0,948.5,0.0
1,362000,VOLCANIC_ROCK_VOUCHER_9500,944.0,21.0,0.0,0.0,0.0,0.0,945,21,0.0,0.0,0.0,0.0,944.5,0.0
1,362100,VOLCANIC_ROCK_VOUCHER_9500,945.0,15.0,0.0,0.0,0.0,0.0,946,15,0.0,0.0,0.0,0.0,945.5,0.0
1,362200,VOLCANIC_ROCK_VOUCHER_9500,944.0,2.0,943.0,15.0,0.0,0.0,945,17,0.0,0.0,0.0,0.0,944.5,0.0
1,362300,VOLCANIC_ROCK_VOUCHER_9500,943.0,21.0,0.0,0.0,0.0,0.0,944,21,0.0,0.0,0.0,0.0,943.5,0.0
1,362400,VOLCANIC_ROCK_VOUCHER_9500,947.0,22.0,0.0,0.0,0.0,0.0,948,22,0.0,0.0,0.0,0.0,947.5,0.0
1,362500,VOLCANIC_ROCK_VOUCHER_9500,945.0,16.0,0.0,0.0,0.0,0.0,947,16,0.0,0.0,0.0,0.0,946.0,0.0
1,362600,VOLCANIC_ROCK_VOUCHER_9500,948.0,19.0,0.0,0.0,0.0,0.0,949,19,0.0,0.0,0.0,0.0,948.5,0.0
1,362700,VOLCANIC_ROCK_VOUCHER_9500,0.0,0.0,0.0,0.0,0.0,0.0,950,2,951.0,17.0,0.0,0.0,950.0,0.0
1,362800,VOLCANIC_ROCK_VOUCHER_9500,949.0,22.0,0.0,0.0,0.0,0.0,951,22,0.0,0.0,0.0,0.0,950.0,0.0
1,362900,VOLCANIC_ROCK_VOUCHER_9500,947.0,15.0,0.0,0.0,0.0,0.0,948,15,0.0,0.0,0.0,0.0,947.5,0.0
1,363000,VOLCANIC_ROCK_VOUCHER_9500,947.0,18.0,0.0,0.0,0.0,0.0,948,18,0.0,0.0,0.0,0.0,947.5,0.0
1,363100,VOLCANIC_ROCK_VOUCHER_9500,948.0,17.0,0.0,0.0,0.0,0.0,949,17,0.0,0.0,0.0,0.0,948.5,0.0
1,363200,VOLCANIC_ROCK_VOUCHER_9500,950.0,14.0,0.0,0.0,0.0,0.0,951,14,0.0,0.0,0.0,0.0,950.5,0.0
1,363300,VOLCANIC_ROCK_VOUCHER_9500,951.0,20.0,0.0,0.0,0.0,0.0,952,20,0.0,0.0,0.0,0.0,951.5,0.0
1,363400,VOLCANIC_ROCK_VOUCHER_9500,953.0,16.0,0.0,0.0,0.0,0.0,954,16,0.0,0.0,0.0,0.0,953.5,0.0
1,363500,VOLCANIC_ROCK_VOUCHER_9500,953.0,37.0,0.0,0.0,0.0,0.0,954,19,0.0,0.0,0.0,0.0,953.5,0.0
1,363600,VOLCANIC_ROCK_VOUCHER_9500,951.0,21.0,0.0,0.0,0.0,0.0,952,21,0.0,0.0,0.0,0.0,951.5,0.0
1,363700,VOLCANIC_ROCK_VOUCHER_9500,953.0,14.0,0.0,0.0,0.0,0.0,954,14,0.0,0.0,0.0,0.0,953.5,0.0
1,363800,VOLCANIC_ROCK_VOUCHER_9500,953.0,13.0,0.0,0.0,0.0,0.0,954,13,0.0,0.0,0.0,0.0,953.5,0.0
1,363900,VOLCANIC_ROCK_VOUCHER_9500,953.0,20.0,0.0,0.0,0.0,0.0,954,20,0.0,0.0,0.0,0.0,953.5,0.0
1,364000,VOLCANIC_ROCK_VOUCHER_9500,0.0,0.0,0.0,0.0,0.0,0.0,951,5,952.0,15.0,0.0,0.0,951.0,0.0
1,364100,VOLCANIC_ROCK_VOUCHER_9500,0.0,0.0,0.0,0.0,0.0,0.0,950,3,951.0,17.0,0.0,0.0,950.0,0.0
1,364200,VOLCANIC_ROCK_VOUCHER_9500,951.0,16.0,0.0,0.0,0.0,0.0,952,16,0.0,0.0,0.0,0.0,951.5,0.0
1,364300,VOLCANIC_ROCK_VOUCHER_9500,950.0,12.0,0.0,0.0,0.0,0.0,951,12,0.0,0.0,0.0,0.0,950.5,0.0
1,364400,VOLCANIC_ROCK_VOUCHER_9500,950.0,20.0,0.0,0.0,0.0,0.0,951,20,0.0,0.0,0.0,0.0,950.5,0.0
1,364500,VOLCANIC_ROCK_VOUCHER_9500,949.0,11.0,0.0,0.0,0.0,0.0,950,11,0.0,0.0,0.0,0.0,949.5,0.0
1,364600,VOLCANIC_ROCK_VOUCHER_9500,948.0,15.0,0.0,0.0,0.0,0.0,949,15,0.0,0.0,0.0,0.0,948.5,0.0
1,364700,VOLCANIC_ROCK_VOUCHER_9500,949.0,12.0,0.0,0.0,0.0,0.0,950,12,0.0,0.0,0.0,0.0,949.5,0.0
1,364800,VOLCANIC_ROCK_VOUCHER_9500,949.0,13.0,0.0,0.0,0.0,0.0,950,13,0.0,0.0,0.0,0.0,949.5,0.0
1,364900,VOLCANIC_ROCK_VOUCHER_9500,949.0,15.0,0.0,0.0,0.0,0.0,950,15,0.0,0.0,0.0,0.0,949.5,0.0
1,365000,VOLCANIC_ROCK_VOUCHER_9500,947.0,16.0,0.0,0.0,0.0,0.0,948,16,0.0,0.0,0.0,0.0,947.5,0.0
1,365100,VOLCANIC_ROCK_VOUCHER_9500,946.0,11.0,0.0,0.0,0.0,0.0,947,11,0.0,0.0,0.0,0.0,946.5,0.0
1,365200,VOLCANIC_ROCK_VOUCHER_9500,947.0,16.0,0.0,0.0,0.0,0.0,948,1,949.0,15.0,0.0,0.0,947.5,0.0
1,365300,VOLCANIC_ROCK_VOUCHER_9500,951.0,14.0,0.0,0.0,0.0,0.0,952,14,0.0,0.0,0.0,0.0,951.5,0.0
1,365400,VOLCANIC_ROCK_VOUCHER_9500,950.0,22.0,0.0,0.0,0.0,0.0,951,22,0.0,0.0,0.0,0.0,950.5,0.0
1,365500,VOLCANIC_ROCK_VOUCHER_9500,949.0,18.0,0.0,0.0,0.0,0.0,950,18,0.0,0.0,0.0,0.0,949.5,0.0
1,365600,VOLCANIC_ROCK_VOUCHER_9500,950.0,21.0,0.0,0.0,0.0,0.0,951,21,0.0,0.0,0.0,0.0,950.5,0.0
1,365700,VOLCANIC_ROCK_VOUCHER_9500,952.0,12.0,0.0,0.0,0.0,0.0,953,12,0.0,0.0,0.0,0.0,952.5,0.0
1,365800,VOLCANIC_ROCK_VOUCHER_9500,952.0,11.0,0.0,0.0,0.0,0.0,953,11,0.0,0.0,0.0,0.0,952.5,0.0
1,365900,VOLCANIC_ROCK_VOUCHER_9500,951.0,17.0,0.0,0.0,0.0,0.0,953,17,0.0,0.0,0.0,0.0,952.0,0.0
1,366000,VOLCANIC_ROCK_VOUCHER_9500,952.0,11.0,0.0,0.0,0.0,0.0,953,11,0.0,0.0,0.0,0.0,952.5,0.0
1,366100,VOLCANIC_ROCK_VOUCHER_9500,951.0,15.0,0.0,0.0,0.0,0.0,953,15,0.0,0.0,0.0,0.0,952.0,0.0
1,366200,VOLCANIC_ROCK_VOUCHER_9500,951.0,12.0,0.0,0.0,0.0,0.0,952,12,0.0,0.0,0.0,0.0,951.5,0.0
1,366300,VOLCANIC_ROCK_VOUCHER_9500,950.0,12.0,0.0,0.0,0.0,0.0,951,12,0.0,0.0,0.0,0.0,950.5,0.0
1,366400,VOLCANIC_ROCK_VOUCHER_9500,950.0,21.0,0.0,0.0,0.0,0.0,951,21,0.0,0.0,0.0,0.0,950.5,0.0
1,366500,VOLCANIC_ROCK_VOUCHER_9500,949.0,18.0,0.0,0.0,0.0,0.0,950,18,0.0,0.0,0.0,0.0,949.5,0.0
1,366600,VOLCANIC_ROCK_VOUCHER_9500,946.0,21.0,0.0,0.0,0.0,0.0,947,21,0.0,0.0,0.0,0.0,946.5,0.0
1,366700,VOLCANIC_ROCK_VOUCHER_9500,947.0,33.0,0.0,0.0,0.0,0.0,948,19,0.0,0.0,0.0,0.0,947.5,0.0
1,366800,VOLCANIC_ROCK_VOUCHER_9500,946.0,15.0,0.0,0.0,0.0,0.0,947,15,0.0,0.0,0.0,0.0,946.5,0.0
1,366900,VOLCANIC_ROCK_VOUCHER_9500,946.0,13.0,0.0,0.0,0.0,0.0,947,13,0.0,0.0,0.0,0.0,946.5,0.0
1,367000,VOLCANIC_ROCK_VOUCHER_9500,946.0,22.0,0.0,0.0,0.0,0.0,947,22,0.0,0.0,0.0,0.0,946.5,0.0
1,367100,VOLCANIC_ROCK_VOUCHER_9500,945.0,10.0,0.0,0.0,0.0,0.0,946,10,0.0,0.0,0.0,0.0,945.5,0.0
1,367200,VOLCANIC_ROCK_VOUCHER_9500,945.0,17.0,0.0,0.0,0.0,0.0,946,17,0.0,0.0,0.0,0.0,945.5,0.0
1,367300,VOLCANIC_ROCK_VOUCHER_9500,945.0,0.0,0.0,0.0,0.0,0.0,946,18,0.0,0.0,0.0,0.0,945.5,0.0
1,367400,VOLCANIC_ROCK_VOUCHER_9500,948.0,18.0,0.0,0.0,0.0,0.0,949,18,0.0,0.0,0.0,0.0,948.5,0.0
1,367500,VOLCANIC_ROCK_VOUCHER_9500,945.0,17.0,0.0,0.0,0.0,0.0,946,17,0.0,0.0,0.0,0.0,945.5,0.0
1,367600,VOLCANIC_ROCK_VOUCHER_9500,948.0,17.0,0.0,0.0,0.0,0.0,949,17,0.0,0.0,0.0,0.0,948.5,0.0
1,367700,VOLCANIC_ROCK_VOUCHER_9500,949.0,14.0,0.0,0.0,0.0,0.0,951,14,0.0,0.0,0.0,0.0,950.0,0.0
1,367800,VOLCANIC_ROCK_VOUCHER_9500,951.0,17.0,0.0,0.0,0.0,0.0,952,17,0.0,0.0,0.0,0.0,951.5,0.0
1,367900,VOLCANIC_ROCK_VOUCHER_9500,949.0,15.0,0.0,0.0,0.0,0.0,951,15,0.0,0.0,0.0,0.0,950.0,0.0
1,368000,VOLCANIC_ROCK_VOUCHER_9500,947.0,14.0,0.0,0.0,0.0,0.0,949,14,0.0,0.0,0.0,0.0,948.0,0.0
1,368100,VOLCANIC_ROCK_VOUCHER_9500,945.0,19.0,0.0,0.0,0.0,0.0,947,19,0.0,0.0,0.0,0.0,946.0,0.0
1,368200,VOLCANIC_ROCK_VOUCHER_9500,945.0,38.0,0.0,0.0,0.0,0.0,946,20,0.0,0.0,0.0,0.0,945.5,0.0
1,368300,VOLCANIC_ROCK_VOUCHER_9500,947.0,14.0,0.0,0.0,0.0,0.0,948,14,0.0,0.0,0.0,0.0,947.5,0.0
1,368400,VOLCANIC_ROCK_VOUCHER_9500,948.0,32.0,0.0,0.0,0.0,0.0,949,16,0.0,0.0,0.0,0.0,948.5,0.0
1,368500,VOLCANIC_ROCK_VOUCHER_9500,948.0,15.0,0.0,0.0,0.0,0.0,950,15,0.0,0.0,0.0,0.0,949.0,0.0
1,368600,VOLCANIC_ROCK_VOUCHER_9500,948.0,21.0,0.0,0.0,0.0,0.0,949,21,0.0,0.0,0.0,0.0,948.5,0.0
1,368700,VOLCANIC_ROCK_VOUCHER_9500,946.0,16.0,0.0,0.0,0.0,0.0,948,16,0.0,0.0,0.0,0.0,947.0,0.0
1,368800,VOLCANIC_ROCK_VOUCHER_9500,945.0,11.0,0.0,0.0,0.0,0.0,946,11,0.0,0.0,0.0,0.0,945.5,0.0
1,368900,VOLCANIC_ROCK_VOUCHER_9500,946.0,28.0,0.0,0.0,0.0,0.0,947,17,0.0,0.0,0.0,0.0,946.5,0.0
1,369000,VOLCANIC_ROCK_VOUCHER_9500,946.0,19.0,0.0,0.0,0.0,0.0,947,19,0.0,0.0,0.0,0.0,946.5,0.0
1,369100,VOLCANIC_ROCK_VOUCHER_9500,941.0,19.0,0.0,0.0,0.0,0.0,942,19,0.0,0.0,0.0,0.0,941.5,0.0
1,369200,VOLCANIC_ROCK_VOUCHER_9500,941.0,12.0,0.0,0.0,0.0,0.0,943,12,0.0,0.0,0.0,0.0,942.0,0.0
1,369300,VOLCANIC_ROCK_VOUCHER_9500,940.0,14.0,0.0,0.0,0.0,0.0,942,14,0.0,0.0,0.0,0.0,941.0,0.0
1,369400,VOLCANIC_ROCK_VOUCHER_9500,938.0,12.0,0.0,0.0,0.0,0.0,939,12,0.0,0.0,0.0,0.0,938.5,0.0
1,369500,VOLCANIC_ROCK_VOUCHER_9500,939.0,10.0,0.0,0.0,0.0,0.0,940,10,0.0,0.0,0.0,0.0,939.5,0.0
1,369600,VOLCANIC_ROCK_VOUCHER_9500,935.0,12.0,0.0,0.0,0.0,0.0,936,12,0.0,0.0,0.0,0.0,935.5,0.0
1,369700,VOLCANIC_ROCK_VOUCHER_9500,935.0,11.0,0.0,0.0,0.0,0.0,936,11,0.0,0.0,0.0,0.0,935.5,0.0
1,369800,VOLCANIC_ROCK_VOUCHER_9500,935.0,19.0,0.0,0.0,0.0,0.0,937,19,0.0,0.0,0.0,0.0,936.0,0.0
1,369900,VOLCANIC_ROCK_VOUCHER_9500,937.0,18.0,0.0,0.0,0.0,0.0,938,18,0.0,0.0,0.0,0.0,937.5,0.0
1,370000,VOLCANIC_ROCK_VOUCHER_9500,936.0,15.0,0.0,0.0,0.0,0.0,937,15,0.0,0.0,0.0,0.0,936.5,0.0
1,370100,VOLCANIC_ROCK_VOUCHER_9500,935.0,9.0,0.0,0.0,0.0,0.0,937,18,0.0,0.0,0.0,0.0,936.0,0.0
1,370200,VOLCANIC_ROCK_VOUCHER_9500,939.0,15.0,0.0,0.0,0.0,0.0,940,15,0.0,0.0,0.0,0.0,939.5,0.0
1,370300,VOLCANIC_ROCK_VOUCHER_9500,940.0,16.0,0.0,0.0,0.0,0.0,941,16,0.0,0.0,0.0,0.0,940.5,0.0
1,370400,VOLCANIC_ROCK_VOUCHER_9500,939.0,16.0,0.0,0.0,0.0,0.0,940,16,0.0,0.0,0.0,0.0,939.5,0.0
1,370500,VOLCANIC_ROCK_VOUCHER_9500,938.0,20.0,0.0,0.0,0.0,0.0,939,12,0.0,0.0,0.0,0.0,938.5,0.0
1,370600,VOLCANIC_ROCK_VOUCHER_9500,938.0,10.0,0.0,0.0,0.0,0.0,939,10,0.0,0.0,0.0,0.0,938.5,0.0
1,370700,VOLCANIC_ROCK_VOUCHER_9500,937.0,16.0,0.0,0.0,0.0,0.0,939,16,0.0,0.0,0.0,0.0,938.0,0.0
1,370800,VOLCANIC_ROCK_VOUCHER_9500,937.0,22.0,0.0,0.0,0.0,0.0,939,22,0.0,0.0,0.0,0.0,938.0,0.0
1,370900,VOLCANIC_ROCK_VOUCHER_9500,939.0,14.0,0.0,0.0,0.0,0.0,940,14,0.0,0.0,0.0,0.0,939.5,0.0
1,371000,VOLCANIC_ROCK_VOUCHER_9500,939.0,11.0,0.0,0.0,0.0,0.0,941,11,0.0,0.0,0.0,0.0,940.0,0.0
1,371100,VOLCANIC_ROCK_VOUCHER_9500,940.0,20.0,0.0,0.0,0.0,0.0,941,20,0.0,0.0,0.0,0.0,940.5,0.0
1,371200,VOLCANIC_ROCK_VOUCHER_9500,940.0,16.0,0.0,0.0,0.0,0.0,941,16,0.0,0.0,0.0,0.0,940.5,0.0
1,371300,VOLCANIC_ROCK_VOUCHER_9500,939.0,19.0,0.0,0.0,0.0,0.0,940,19,0.0,0.0,0.0,0.0,939.5,0.0
1,371400,VOLCANIC_ROCK_VOUCHER_9500,938.0,11.0,0.0,0.0,0.0,0.0,940,11,0.0,0.0,0.0,0.0,939.0,0.0
1,371500,VOLCANIC_ROCK_VOUCHER_9500,934.0,18.0,0.0,0.0,0.0,0.0,935,18,0.0,0.0,0.0,0.0,934.5,0.0
1,371600,VOLCANIC_ROCK_VOUCHER_9500,933.0,17.0,0.0,0.0,0.0,0.0,934,17,0.0,0.0,0.0,0.0,933.5,0.0
1,371700,VOLCANIC_ROCK_VOUCHER_9500,932.0,20.0,0.0,0.0,0.0,0.0,933,20,0.0,0.0,0.0,0.0,932.5,0.0
1,371800,VOLCANIC_ROCK_VOUCHER_9500,0.0,0.0,0.0,0.0,0.0,0.0,932,5,933.0,13.0,0.0,0.0,932.0,0.0
1,371900,VOLCANIC_ROCK_VOUCHER_9500,931.0,13.0,0.0,0.0,0.0,0.0,932,13,0.0,0.0,0.0,0.0,931.5,0.0
1,372000,VOLCANIC_ROCK_VOUCHER_9500,933.0,6.0,0.0,0.0,0.0,0.0,934,19,0.0,0.0,0.0,0.0,933.5,0.0
1,372100,VOLCANIC_ROCK_VOUCHER_9500,933.0,19.0,0.0,0.0,0.0,0.0,934,19,0.0,0.0,0.0,0.0,933.5,0.0
1,372200,VOLCANIC_ROCK_VOUCHER_9500,933.0,20.0,0.0,0.0,0.0,0.0,934,20,0.0,0.0,0.0,0.0,933.5,0.0
1,372300,VOLCANIC_ROCK_VOUCHER_9500,933.0,20.0,0.0,0.0,0.0,0.0,934,20,0.0,0.0,0.0,0.0,933.5,0.0
1,372400,VOLCANIC_ROCK_VOUCHER_9500,932.0,12.0,0.0,0.0,0.0,0.0,933,12,0.0,0.0,0.0,0.0,932.5,0.0
1,372500,VOLCANIC_ROCK_VOUCHER_9500,928.0,21.0,0.0,0.0,0.0,0.0,929,21,0.0,0.0,0.0,0.0,928.5,0.0
1,372600,VOLCANIC_ROCK_VOUCHER_9500,927.0,13.0,0.0,0.0,0.0,0.0,928,13,0.0,0.0,0.0,0.0,927.5,0.0
1,372700,VOLCANIC_ROCK_VOUCHER_9500,927.0,37.0,0.0,0.0,0.0,0.0,928,20,0.0,0.0,0.0,0.0,927.5,0.0
1,372800,VOLCANIC_ROCK_VOUCHER_9500,928.0,12.0,0.0,0.0,0.0,0.0,929,12,0.0,0.0,0.0,0.0,928.5,0.0
1,372900,VOLCANIC_ROCK_VOUCHER_9500,930.0,10.0,0.0,0.0,0.0,0.0,931,10,0.0,0.0,0.0,0.0,930.5,0.0
1,373000,VOLCANIC_ROCK_VOUCHER_9500,929.0,20.0,0.0,0.0,0.0,0.0,930,20,0.0,0.0,0.0,0.0,929.5,0.0
1,373100,VOLCANIC_ROCK_VOUCHER_9500,931.0,17.0,0.0,0.0,0.0,0.0,932,17,0.0,0.0,0.0,0.0,931.5,0.0
1,373200,VOLCANIC_ROCK_VOUCHER_9500,932.0,14.0,0.0,0.0,0.0,0.0,933,14,0.0,0.0,0.0,0.0,932.5,0.0
1,373300,VOLCANIC_ROCK_VOUCHER_9500,931.0,10.0,0.0,0.0,0.0,0.0,932,10,0.0,0.0,0.0,0.0,931.5,0.0
1,373400,VOLCANIC_ROCK_VOUCHER_9500,933.0,21.0,0.0,0.0,0.0,0.0,934,11,0.0,0.0,0.0,0.0,933.5,0.0
1,373500,VOLCANIC_ROCK_VOUCHER_9500,933.0,20.0,0.0,0.0,0.0,0.0,934,20,0.0,0.0,0.0,0.0,933.5,0.0
1,373600,VOLCANIC_ROCK_VOUCHER_9500,934.0,21.0,0.0,0.0,0.0,0.0,935,21,0.0,0.0,0.0,0.0,934.5,0.0
1,373700,VOLCANIC_ROCK_VOUCHER_9500,934.0,17.0,0.0,0.0,0.0,0.0,936,17,0.0,0.0,0.0,0.0,935.0,0.0
1,373800,VOLCANIC_ROCK_VOUCHER_9500,937.0,12.0,0.0,0.0,0.0,0.0,938,14,939.0,12.0,0.0,0.0,937.5,0.0
1,373900,VOLCANIC_ROCK_VOUCHER_9500,938.0,14.0,0.0,0.0,0.0,0.0,939,14,0.0,0.0,0.0,0.0,938.5,0.0
1,374000,VOLCANIC_ROCK_VOUCHER_9500,939.0,11.0,0.0,0.0,0.0,0.0,940,11,0.0,0.0,0.0,0.0,939.5,0.0
1,374100,VOLCANIC_ROCK_VOUCHER_9500,939.0,14.0,0.0,0.0,0.0,0.0,940,14,0.0,0.0,0.0,0.0,939.5,0.0
1,374200,VOLCANIC_ROCK_VOUCHER_9500,936.0,19.0,0.0,0.0,0.0,0.0,937,19,0.0,0.0,0.0,0.0,936.5,0.0
1,374300,VOLCANIC_ROCK_VOUCHER_9500,939.0,14.0,0.0,0.0,0.0,0.0,941,14,0.0,0.0,0.0,0.0,940.0,0.0
1,374400,VOLCANIC_ROCK_VOUCHER_9500,937.0,27.0,0.0,0.0,0.0,0.0,938,20,0.0,0.0,0.0,0.0,937.5,0.0
1,374500,VOLCANIC_ROCK_VOUCHER_9500,936.0,15.0,0.0,0.0,0.0,0.0,937,15,0.0,0.0,0.0,0.0,936.5,0.0
1,374600,VOLCANIC_ROCK_VOUCHER_9500,937.0,17.0,0.0,0.0,0.0,0.0,938,17,0.0,0.0,0.0,0.0,937.5,0.0
1,374700,VOLCANIC_ROCK_VOUCHER_9500,938.0,22.0,0.0,0.0,0.0,0.0,939,22,0.0,0.0,0.0,0.0,938.5,0.0
1,374800,VOLCANIC_ROCK_VOUCHER_9500,938.0,20.0,0.0,0.0,0.0,0.0,939,20,0.0,0.0,0.0,0.0,938.5,0.0
1,374900,VOLCANIC_ROCK_VOUCHER_9500,938.0,14.0,0.0,0.0,0.0,0.0,940,14,0.0,0.0,0.0,0.0,939.0,0.0
1,375000,VOLCANIC_ROCK_VOUCHER_9500,939.0,19.0,0.0,0.0,0.0,0.0,940,19,0.0,0.0,0.0,0.0,939.5,0.0
1,375100,VOLCANIC_ROCK_VOUCHER_9500,944.0,16.0,0.0,0.0,0.0,0.0,945,16,0.0,0.0,0.0,0.0,944.5,0.0
1,375200,VOLCANIC_ROCK_VOUCHER_9500,946.0,12.0,0.0,0.0,0.0,0.0,947,12,0.0,0.0,0.0,0.0,946.5,0.0
1,375300,VOLCANIC_ROCK_VOUCHER_9500,944.0,13.0,0.0,0.0,0.0,0.0,945,13,0.0,0.0,0.0,0.0,944.5,0.0
1,375400,VOLCANIC_ROCK_VOUCHER_9500,944.0,15.0,0.0,0.0,0.0,0.0,945,15,0.0,0.0,0.0,0.0,944.5,0.0
1,375500,VOLCANIC_ROCK_VOUCHER_9500,945.0,22.0,0.0,0.0,0.0,0.0,946,22,0.0,0.0,0.0,0.0,945.5,0.0
1,375600,VOLCANIC_ROCK_VOUCHER_9500,943.0,14.0,0.0,0.0,0.0,0.0,945,14,0.0,0.0,0.0,0.0,944.0,0.0
1,375700,VOLCANIC_ROCK_VOUCHER_9500,942.0,18.0,0.0,0.0,0.0,0.0,943,18,0.0,0.0,0.0,0.0,942.5,0.0
1,375800,VOLCANIC_ROCK_VOUCHER_9500,942.0,20.0,0.0,0.0,0.0,0.0,943,20,0.0,0.0,0.0,0.0,942.5,0.0
1,375900,VOLCANIC_ROCK_VOUCHER_9500,940.0,14.0,0.0,0.0,0.0,0.0,942,14,0.0,0.0,0.0,0.0,941.0,0.0
1,376000,VOLCANIC_ROCK_VOUCHER_9500,945.0,19.0,0.0,0.0,0.0,0.0,947,19,0.0,0.0,0.0,0.0,946.0,0.0
1,376100,VOLCANIC_ROCK_VOUCHER_9500,946.0,11.0,0.0,0.0,0.0,0.0,947,11,0.0,0.0,0.0,0.0,946.5,0.0
1,376200,VOLCANIC_ROCK_VOUCHER_9500,948.0,14.0,0.0,0.0,0.0,0.0,949,14,0.0,0.0,0.0,0.0,948.5,0.0
1,376300,VOLCANIC_ROCK_VOUCHER_9500,949.0,17.0,0.0,0.0,0.0,0.0,950,17,0.0,0.0,0.0,0.0,949.5,0.0
1,376400,VOLCANIC_ROCK_VOUCHER_9500,949.0,12.0,0.0,0.0,0.0,0.0,950,12,0.0,0.0,0.0,0.0,949.5,0.0
1,376500,VOLCANIC_ROCK_VOUCHER_9500,949.0,22.0,0.0,0.0,0.0,0.0,950,22,0.0,0.0,0.0,0.0,949.5,0.0
1,376600,VOLCANIC_ROCK_VOUCHER_9500,945.0,16.0,0.0,0.0,0.0,0.0,946,16,0.0,0.0,0.0,0.0,945.5,0.0
1,376700,VOLCANIC_ROCK_VOUCHER_9500,945.0,29.0,0.0,0.0,0.0,0.0,946,15,0.0,0.0,0.0,0.0,945.5,0.0
1,376800,VOLCANIC_ROCK_VOUCHER_9500,946.0,16.0,0.0,0.0,0.0,0.0,947,16,0.0,0.0,0.0,0.0,946.5,0.0
1,376900,VOLCANIC_ROCK_VOUCHER_9500,946.0,10.0,0.0,0.0,0.0,0.0,947,10,0.0,0.0,0.0,0.0,946.5,0.0
1,377000,VOLCANIC_ROCK_VOUCHER_9500,944.0,13.0,0.0,0.0,0.0,0.0,946,13,0.0,0.0,0.0,0.0,945.0,0.0
1,377100,VOLCANIC_ROCK_VOUCHER_9500,948.0,12.0,0.0,0.0,0.0,0.0,949,12,0.0,0.0,0.0,0.0,948.5,0.0
1,377200,VOLCANIC_ROCK_VOUCHER_9500,948.0,17.0,0.0,0.0,0.0,0.0,949,17,0.0,0.0,0.0,0.0,948.5,0.0
1,377300,VOLCANIC_ROCK_VOUCHER_9500,948.0,11.0,0.0,0.0,0.0,0.0,949,11,0.0,0.0,0.0,0.0,948.5,0.0
1,377400,VOLCANIC_ROCK_VOUCHER_9500,948.0,7.0,0.0,0.0,0.0,0.0,949,20,0.0,0.0,0.0,0.0,948.5,0.0
1,377500,VOLCANIC_ROCK_VOUCHER_9500,948.0,10.0,0.0,0.0,0.0,0.0,949,10,0.0,0.0,0.0,0.0,948.5,0.0
1,377600,VOLCANIC_ROCK_VOUCHER_9500,948.0,20.0,0.0,0.0,0.0,0.0,949,20,0.0,0.0,0.0,0.0,948.5,0.0
1,377700,VOLCANIC_ROCK_VOUCHER_9500,950.0,20.0,0.0,0.0,0.0,0.0,951,20,0.0,0.0,0.0,0.0,950.5,0.0
1,377800,VOLCANIC_ROCK_VOUCHER_9500,952.0,16.0,0.0,0.0,0.0,0.0,953,16,0.0,0.0,0.0,0.0,952.5,0.0
1,377900,VOLCANIC_ROCK_VOUCHER_9500,947.0,14.0,0.0,0.0,0.0,0.0,949,14,0.0,0.0,0.0,0.0,948.0,0.0
1,378000,VOLCANIC_ROCK_VOUCHER_9500,946.0,22.0,0.0,0.0,0.0,0.0,947,22,0.0,0.0,0.0,0.0,946.5,0.0
1,378100,VOLCANIC_ROCK_VOUCHER_9500,948.0,12.0,0.0,0.0,0.0,0.0,949,12,0.0,0.0,0.0,0.0,948.5,0.0
1,378200,VOLCANIC_ROCK_VOUCHER_9500,950.0,19.0,0.0,0.0,0.0,0.0,951,19,0.0,0.0,0.0,0.0,950.5,0.0
1,378300,VOLCANIC_ROCK_VOUCHER_9500,949.0,22.0,0.0,0.0,0.0,0.0,950,22,0.0,0.0,0.0,0.0,949.5,0.0
1,378400,VOLCANIC_ROCK_VOUCHER_9500,950.0,15.0,0.0,0.0,0.0,0.0,951,15,0.0,0.0,0.0,0.0,950.5,0.0
1,378500,VOLCANIC_ROCK_VOUCHER_9500,947.0,20.0,0.0,0.0,0.0,0.0,948,20,0.0,0.0,0.0,0.0,947.5,0.0
1,378600,VOLCANIC_ROCK_VOUCHER_9500,944.0,16.0,0.0,0.0,0.0,0.0,945,16,0.0,0.0,0.0,0.0,944.5,0.0
1,378700,VOLCANIC_ROCK_VOUCHER_9500,944.0,38.0,0.0,0.0,0.0,0.0,946,19,0.0,0.0,0.0,0.0,945.0,0.0
1,378800,VOLCANIC_ROCK_VOUCHER_9500,946.0,18.0,0.0,0.0,0.0,0.0,947,18,0.0,0.0,0.0,0.0,946.5,0.0
1,378900,VOLCANIC_ROCK_VOUCHER_9500,947.0,3.0,0.0,0.0,0.0,0.0,948,17,0.0,0.0,0.0,0.0,947.5,0.0
1,379000,VOLCANIC_ROCK_VOUCHER_9500,950.0,12.0,0.0,0.0,0.0,0.0,951,12,0.0,0.0,0.0,0.0,950.5,0.0
1,379100,VOLCANIC_ROCK_VOUCHER_9500,947.0,17.0,0.0,0.0,0.0,0.0,948,17,0.0,0.0,0.0,0.0,947.5,0.0
1,379200,VOLCANIC_ROCK_VOUCHER_9500,948.0,21.0,0.0,0.0,0.0,0.0,949,21,0.0,0.0,0.0,0.0,948.5,0.0
1,379300,VOLCANIC_ROCK_VOUCHER_9500,948.0,12.0,0.0,0.0,0.0,0.0,949,12,0.0,0.0,0.0,0.0,948.5,0.0
1,379400,VOLCANIC_ROCK_VOUCHER_9500,948.0,15.0,0.0,0.0,0.0,0.0,949,15,0.0,0.0,0.0,0.0,948.5,0.0
1,379500,VOLCANIC_ROCK_VOUCHER_9500,948.0,20.0,0.0,0.0,0.0,0.0,949,20,0.0,0.0,0.0,0.0,948.5,0.0
1,379600,VOLCANIC_ROCK_VOUCHER_9500,946.0,11.0,0.0,0.0,0.0,0.0,947,11,0.0,0.0,0.0,0.0,946.5,0.0
1,379700,VOLCANIC_ROCK_VOUCHER_9500,945.0,27.0,0.0,0.0,0.0,0.0,947,11,0.0,0.0,0.0,0.0,946.0,0.0
1,379800,VOLCANIC_ROCK_VOUCHER_9500,946.0,15.0,0.0,0.0,0.0,0.0,947,15,0.0,0.0,0.0,0.0,946.5,0.0
1,379900,VOLCANIC_ROCK_VOUCHER_9500,943.0,10.0,0.0,0.0,0.0,0.0,944,10,0.0,0.0,0.0,0.0,943.5,0.0
1,380000,VOLCANIC_ROCK_VOUCHER_9500,942.0,15.0,0.0,0.0,0.0,0.0,943,15,0.0,0.0,0.0,0.0,942.5,0.0
1,380100,VOLCANIC_ROCK_VOUCHER_9500,945.0,17.0,0.0,0.0,0.0,0.0,946,17,0.0,0.0,0.0,0.0,945.5,0.0
1,380200,VOLCANIC_ROCK_VOUCHER_9500,943.0,18.0,0.0,0.0,0.0,0.0,945,18,0.0,0.0,0.0,0.0,944.0,0.0
1,380300,VOLCANIC_ROCK_VOUCHER_9500,943.0,21.0,0.0,0.0,0.0,0.0,944,21,0.0,0.0,0.0,0.0,943.5,0.0
1,380400,VOLCANIC_ROCK_VOUCHER_9500,943.0,16.0,0.0,0.0,0.0,0.0,944,16,0.0,0.0,0.0,0.0,943.5,0.0
1,380500,VOLCANIC_ROCK_VOUCHER_9500,937.0,18.0,0.0,0.0,0.0,0.0,938,18,0.0,0.0,0.0,0.0,937.5,0.0
1,380600,VOLCANIC_ROCK_VOUCHER_9500,933.0,13.0,0.0,0.0,0.0,0.0,935,13,0.0,0.0,0.0,0.0,934.0,0.0
1,380700,VOLCANIC_ROCK_VOUCHER_9500,936.0,17.0,0.0,0.0,0.0,0.0,937,17,0.0,0.0,0.0,0.0,936.5,0.0
1,380800,VOLCANIC_ROCK_VOUCHER_9500,938.0,14.0,0.0,0.0,0.0,0.0,939,14,0.0,0.0,0.0,0.0,938.5,0.0
1,380900,VOLCANIC_ROCK_VOUCHER_9500,939.0,19.0,0.0,0.0,0.0,0.0,940,19,0.0,0.0,0.0,0.0,939.5,0.0
1,381000,VOLCANIC_ROCK_VOUCHER_9500,940.0,13.0,0.0,0.0,0.0,0.0,941,13,0.0,0.0,0.0,0.0,940.5,0.0
1,381100,VOLCANIC_ROCK_VOUCHER_9500,937.0,19.0,0.0,0.0,0.0,0.0,938,19,0.0,0.0,0.0,0.0,937.5,0.0
1,381200,VOLCANIC_ROCK_VOUCHER_9500,937.0,13.0,0.0,0.0,0.0,0.0,938,13,0.0,0.0,0.0,0.0,937.5,0.0
1,381300,VOLCANIC_ROCK_VOUCHER_9500,937.0,14.0,0.0,0.0,0.0,0.0,938,14,0.0,0.0,0.0,0.0,937.5,0.0
1,381400,VOLCANIC_ROCK_VOUCHER_9500,937.0,19.0,0.0,0.0,0.0,0.0,938,19,0.0,0.0,0.0,0.0,937.5,0.0
1,381500,VOLCANIC_ROCK_VOUCHER_9500,936.0,18.0,0.0,0.0,0.0,0.0,938,18,0.0,0.0,0.0,0.0,937.0,0.0
1,381600,VOLCANIC_ROCK_VOUCHER_9500,932.0,28.0,0.0,0.0,0.0,0.0,933,13,0.0,0.0,0.0,0.0,932.5,0.0
1,381700,VOLCANIC_ROCK_VOUCHER_9500,933.0,21.0,0.0,0.0,0.0,0.0,934,21,0.0,0.0,0.0,0.0,933.5,0.0
1,381800,VOLCANIC_ROCK_VOUCHER_9500,934.0,28.0,0.0,0.0,0.0,0.0,935,20,0.0,0.0,0.0,0.0,934.5,0.0
1,381900,VOLCANIC_ROCK_VOUCHER_9500,933.0,19.0,0.0,0.0,0.0,0.0,934,19,0.0,0.0,0.0,0.0,933.5,0.0
1,382000,VOLCANIC_ROCK_VOUCHER_9500,932.0,18.0,0.0,0.0,0.0,0.0,933,18,0.0,0.0,0.0,0.0,932.5,0.0
1,382100,VOLCANIC_ROCK_VOUCHER_9500,931.0,1.0,0.0,0.0,0.0,0.0,932,13,0.0,0.0,0.0,0.0,931.5,0.0
1,382200,VOLCANIC_ROCK_VOUCHER_9500,930.0,18.0,0.0,0.0,0.0,0.0,931,18,0.0,0.0,0.0,0.0,930.5,0.0
1,382300,VOLCANIC_ROCK_VOUCHER_9500,930.0,12.0,0.0,0.0,0.0,0.0,932,12,0.0,0.0,0.0,0.0,931.0,0.0
1,382400,VOLCANIC_ROCK_VOUCHER_9500,930.0,15.0,0.0,0.0,0.0,0.0,932,15,0.0,0.0,0.0,0.0,931.0,0.0
1,382500,VOLCANIC_ROCK_VOUCHER_9500,930.0,14.0,0.0,0.0,0.0,0.0,931,14,0.0,0.0,0.0,0.0,930.5,0.0
1,382600,VOLCANIC_ROCK_VOUCHER_9500,930.0,35.0,0.0,0.0,0.0,0.0,931,15,0.0,0.0,0.0,0.0,930.5,0.0
1,382700,VOLCANIC_ROCK_VOUCHER_9500,936.0,13.0,0.0,0.0,0.0,0.0,937,13,0.0,0.0,0.0,0.0,936.5,0.0
1,382800,VOLCANIC_ROCK_VOUCHER_9500,937.0,14.0,0.0,0.0,0.0,0.0,938,14,0.0,0.0,0.0,0.0,937.5,0.0
1,382900,VOLCANIC_ROCK_VOUCHER_9500,939.0,16.0,0.0,0.0,0.0,0.0,940,16,0.0,0.0,0.0,0.0,939.5,0.0
1,383000,VOLCANIC_ROCK_VOUCHER_9500,933.0,0.0,0.0,0.0,0.0,0.0,934,17,0.0,0.0,0.0,0.0,933.5,0.0
1,383100,VOLCANIC_ROCK_VOUCHER_9500,935.0,21.0,0.0,0.0,0.0,0.0,936,21,0.0,0.0,0.0,0.0,935.5,0.0
1,383200,VOLCANIC_ROCK_VOUCHER_9500,942.0,18.0,0.0,0.0,0.0,0.0,943,18,0.0,0.0,0.0,0.0,942.5,0.0
1,383300,VOLCANIC_ROCK_VOUCHER_9500,945.0,19.0,0.0,0.0,0.0,0.0,947,19,0.0,0.0,0.0,0.0,946.0,0.0
1,383400,VOLCANIC_ROCK_VOUCHER_9500,940.0,16.0,0.0,0.0,0.0,0.0,942,16,0.0,0.0,0.0,0.0,941.0,0.0
1,383500,VOLCANIC_ROCK_VOUCHER_9500,939.0,13.0,0.0,0.0,0.0,0.0,941,13,0.0,0.0,0.0,0.0,940.0,0.0
1,383600,VOLCANIC_ROCK_VOUCHER_9500,938.0,11.0,0.0,0.0,0.0,0.0,939,11,0.0,0.0,0.0,0.0,938.5,0.0
1,383700,VOLCANIC_ROCK_VOUCHER_9500,941.0,13.0,0.0,0.0,0.0,0.0,942,13,0.0,0.0,0.0,0.0,941.5,0.0
1,383800,VOLCANIC_ROCK_VOUCHER_9500,943.0,14.0,0.0,0.0,0.0,0.0,944,14,0.0,0.0,0.0,0.0,943.5,0.0
1,383900,VOLCANIC_ROCK_VOUCHER_9500,945.0,17.0,0.0,0.0,0.0,0.0,946,17,0.0,0.0,0.0,0.0,945.5,0.0
1,384000,VOLCANIC_ROCK_VOUCHER_9500,941.0,17.0,0.0,0.0,0.0,0.0,943,17,0.0,0.0,0.0,0.0,942.0,0.0
1,384100,VOLCANIC_ROCK_VOUCHER_9500,940.0,12.0,0.0,0.0,0.0,0.0,942,12,0.0,0.0,0.0,0.0,941.0,0.0
1,384200,VOLCANIC_ROCK_VOUCHER_9500,943.0,11.0,0.0,0.0,0.0,0.0,944,11,0.0,0.0,0.0,0.0,943.5,0.0
1,384300,VOLCANIC_ROCK_VOUCHER_9500,942.0,18.0,941.0,21.0,0.0,0.0,943,21,0.0,0.0,0.0,0.0,942.5,0.0
1,384400,VOLCANIC_ROCK_VOUCHER_9500,941.0,20.0,0.0,0.0,0.0,0.0,942,20,0.0,0.0,0.0,0.0,941.5,0.0
1,384500,VOLCANIC_ROCK_VOUCHER_9500,942.0,17.0,0.0,0.0,0.0,0.0,943,17,0.0,0.0,0.0,0.0,942.5,0.0
1,384600,VOLCANIC_ROCK_VOUCHER_9500,941.0,17.0,0.0,0.0,0.0,0.0,942,17,0.0,0.0,0.0,0.0,941.5,0.0
1,384700,VOLCANIC_ROCK_VOUCHER_9500,939.0,13.0,0.0,0.0,0.0,0.0,940,13,0.0,0.0,0.0,0.0,939.5,0.0
1,384800,VOLCANIC_ROCK_VOUCHER_9500,941.0,12.0,0.0,0.0,0.0,0.0,942,12,0.0,0.0,0.0,0.0,941.5,0.0
1,384900,VOLCANIC_ROCK_VOUCHER_9500,942.0,19.0,0.0,0.0,0.0,0.0,943,19,0.0,0.0,0.0,0.0,942.5,0.0
1,385000,VOLCANIC_ROCK_VOUCHER_9500,943.0,2.0,0.0,0.0,0.0,0.0,944,16,0.0,0.0,0.0,0.0,943.5,0.0
1,385100,VOLCANIC_ROCK_VOUCHER_9500,0.0,0.0,0.0,0.0,0.0,0.0,943,8,944.0,11.0,0.0,0.0,943.0,0.0
1,385200,VOLCANIC_ROCK_VOUCHER_9500,943.0,14.0,0.0,0.0,0.0,0.0,945,14,0.0,0.0,0.0,0.0,944.0,0.0
1,385300,VOLCANIC_ROCK_VOUCHER_9500,944.0,18.0,0.0,0.0,0.0,0.0,945,18,0.0,0.0,0.0,0.0,944.5,0.0
1,385400,VOLCANIC_ROCK_VOUCHER_9500,946.0,17.0,0.0,0.0,0.0,0.0,947,17,0.0,0.0,0.0,0.0,946.5,0.0
1,385500,VOLCANIC_ROCK_VOUCHER_9500,947.0,21.0,0.0,0.0,0.0,0.0,948,21,0.0,0.0,0.0,0.0,947.5,0.0
1,385600,VOLCANIC_ROCK_VOUCHER_9500,946.0,15.0,0.0,0.0,0.0,0.0,947,15,0.0,0.0,0.0,0.0,946.5,0.0
1,385700,VOLCANIC_ROCK_VOUCHER_9500,946.0,15.0,0.0,0.0,0.0,0.0,947,15,0.0,0.0,0.0,0.0,946.5,0.0
1,385800,VOLCANIC_ROCK_VOUCHER_9500,944.0,13.0,0.0,0.0,0.0,0.0,945,13,0.0,0.0,0.0,0.0,944.5,0.0
1,385900,VOLCANIC_ROCK_VOUCHER_9500,943.0,15.0,0.0,0.0,0.0,0.0,944,15,0.0,0.0,0.0,0.0,943.5,0.0
1,386000,VOLCANIC_ROCK_VOUCHER_9500,943.0,16.0,0.0,0.0,0.0,0.0,944,16,0.0,0.0,0.0,0.0,943.5,0.0
1,386100,VOLCANIC_ROCK_VOUCHER_9500,944.0,16.0,0.0,0.0,0.0,0.0,945,16,0.0,0.0,0.0,0.0,944.5,0.0
1,386200,VOLCANIC_ROCK_VOUCHER_9500,944.0,19.0,0.0,0.0,0.0,0.0,945,19,0.0,0.0,0.0,0.0,944.5,0.0
1,386300,VOLCANIC_ROCK_VOUCHER_9500,950.0,19.0,0.0,0.0,0.0,0.0,951,19,0.0,0.0,0.0,0.0,950.5,0.0
1,386400,VOLCANIC_ROCK_VOUCHER_9500,950.0,18.0,0.0,0.0,0.0,0.0,951,18,0.0,0.0,0.0,0.0,950.5,0.0
1,386500,VOLCANIC_ROCK_VOUCHER_9500,951.0,1.0,950.0,16.0,0.0,0.0,952,17,0.0,0.0,0.0,0.0,951.5,0.0
1,386600,VOLCANIC_ROCK_VOUCHER_9500,948.0,19.0,0.0,0.0,0.0,0.0,949,19,0.0,0.0,0.0,0.0,948.5,0.0
1,386700,VOLCANIC_ROCK_VOUCHER_9500,950.0,12.0,0.0,0.0,0.0,0.0,952,12,0.0,0.0,0.0,0.0,951.0,0.0
1,386800,VOLCANIC_ROCK_VOUCHER_9500,949.0,16.0,0.0,0.0,0.0,0.0,951,16,0.0,0.0,0.0,0.0,950.0,0.0
1,386900,VOLCANIC_ROCK_VOUCHER_9500,950.0,12.0,0.0,0.0,0.0,0.0,951,12,0.0,0.0,0.0,0.0,950.5,0.0
1,387000,VOLCANIC_ROCK_VOUCHER_9500,953.0,22.0,0.0,0.0,0.0,0.0,954,22,0.0,0.0,0.0,0.0,953.5,0.0
1,387100,VOLCANIC_ROCK_VOUCHER_9500,952.0,14.0,0.0,0.0,0.0,0.0,953,14,0.0,0.0,0.0,0.0,952.5,0.0
1,387200,VOLCANIC_ROCK_VOUCHER_9500,955.0,20.0,0.0,0.0,0.0,0.0,956,20,0.0,0.0,0.0,0.0,955.5,0.0
1,387300,VOLCANIC_ROCK_VOUCHER_9500,954.0,14.0,0.0,0.0,0.0,0.0,955,14,0.0,0.0,0.0,0.0,954.5,0.0
1,387400,VOLCANIC_ROCK_VOUCHER_9500,956.0,18.0,0.0,0.0,0.0,0.0,957,18,0.0,0.0,0.0,0.0,956.5,0.0
1,387500,VOLCANIC_ROCK_VOUCHER_9500,958.0,13.0,0.0,0.0,0.0,0.0,960,13,0.0,0.0,0.0,0.0,959.0,0.0
1,387600,VOLCANIC_ROCK_VOUCHER_9500,959.0,20.0,0.0,0.0,0.0,0.0,960,20,0.0,0.0,0.0,0.0,959.5,0.0
1,387700,VOLCANIC_ROCK_VOUCHER_9500,962.0,11.0,0.0,0.0,0.0,0.0,963,11,0.0,0.0,0.0,0.0,962.5,0.0
1,387800,VOLCANIC_ROCK_VOUCHER_9500,961.0,14.0,0.0,0.0,0.0,0.0,962,14,0.0,0.0,0.0,0.0,961.5,0.0
1,387900,VOLCANIC_ROCK_VOUCHER_9500,961.0,12.0,0.0,0.0,0.0,0.0,963,12,0.0,0.0,0.0,0.0,962.0,0.0
1,388000,VOLCANIC_ROCK_VOUCHER_9500,955.0,19.0,0.0,0.0,0.0,0.0,957,19,0.0,0.0,0.0,0.0,956.0,0.0
1,388100,VOLCANIC_ROCK_VOUCHER_9500,955.0,18.0,0.0,0.0,0.0,0.0,956,18,0.0,0.0,0.0,0.0,955.5,0.0
1,388200,VOLCANIC_ROCK_VOUCHER_9500,955.0,15.0,0.0,0.0,0.0,0.0,956,1,957.0,14.0,0.0,0.0,955.5,0.0
1,388300,VOLCANIC_ROCK_VOUCHER_9500,956.0,16.0,0.0,0.0,0.0,0.0,957,16,0.0,0.0,0.0,0.0,956.5,0.0
1,388400,VOLCANIC_ROCK_VOUCHER_9500,956.0,15.0,0.0,0.0,0.0,0.0,957,15,0.0,0.0,0.0,0.0,956.5,0.0
1,388500,VOLCANIC_ROCK_VOUCHER_9500,953.0,13.0,0.0,0.0,0.0,0.0,955,13,0.0,0.0,0.0,0.0,954.0,0.0
1,388600,VOLCANIC_ROCK_VOUCHER_9500,954.0,1.0,953.0,16.0,0.0,0.0,955,17,0.0,0.0,0.0,0.0,954.5,0.0
1,388700,VOLCANIC_ROCK_VOUCHER_9500,951.0,18.0,0.0,0.0,0.0,0.0,952,18,0.0,0.0,0.0,0.0,951.5,0.0
1,388800,VOLCANIC_ROCK_VOUCHER_9500,954.0,15.0,0.0,0.0,0.0,0.0,955,15,0.0,0.0,0.0,0.0,954.5,0.0
1,388900,VOLCANIC_ROCK_VOUCHER_9500,952.0,13.0,0.0,0.0,0.0,0.0,953,13,0.0,0.0,0.0,0.0,952.5,0.0
1,389000,VOLCANIC_ROCK_VOUCHER_9500,951.0,16.0,0.0,0.0,0.0,0.0,952,16,0.0,0.0,0.0,0.0,951.5,0.0
1,389100,VOLCANIC_ROCK_VOUCHER_9500,951.0,35.0,0.0,0.0,0.0,0.0,952,21,0.0,0.0,0.0,0.0,951.5,0.0
1,389200,VOLCANIC_ROCK_VOUCHER_9500,951.0,13.0,0.0,0.0,0.0,0.0,952,13,0.0,0.0,0.0,0.0,951.5,0.0
1,389300,VOLCANIC_ROCK_VOUCHER_9500,950.0,16.0,0.0,0.0,0.0,0.0,951,16,0.0,0.0,0.0,0.0,950.5,0.0
1,389400,VOLCANIC_ROCK_VOUCHER_9500,949.0,17.0,0.0,0.0,0.0,0.0,950,17,0.0,0.0,0.0,0.0,949.5,0.0
1,389500,VOLCANIC_ROCK_VOUCHER_9500,947.0,36.0,0.0,0.0,0.0,0.0,948,20,0.0,0.0,0.0,0.0,947.5,0.0
1,389600,VOLCANIC_ROCK_VOUCHER_9500,946.0,11.0,0.0,0.0,0.0,0.0,947,11,0.0,0.0,0.0,0.0,946.5,0.0
1,389700,VOLCANIC_ROCK_VOUCHER_9500,948.0,11.0,0.0,0.0,0.0,0.0,950,11,0.0,0.0,0.0,0.0,949.0,0.0
1,389800,VOLCANIC_ROCK_VOUCHER_9500,947.0,15.0,0.0,0.0,0.0,0.0,948,15,0.0,0.0,0.0,0.0,947.5,0.0
1,389900,VOLCANIC_ROCK_VOUCHER_9500,945.0,0.0,0.0,0.0,0.0,0.0,946,13,0.0,0.0,0.0,0.0,945.5,0.0
1,390000,VOLCANIC_ROCK_VOUCHER_9500,946.0,10.0,0.0,0.0,0.0,0.0,947,10,0.0,0.0,0.0,0.0,946.5,0.0
1,390100,VOLCANIC_ROCK_VOUCHER_9500,949.0,30.0,0.0,0.0,0.0,0.0,950,20,0.0,0.0,0.0,0.0,949.5,0.0
1,390200,VOLCANIC_ROCK_VOUCHER_9500,950.0,14.0,0.0,0.0,0.0,0.0,951,14,0.0,0.0,0.0,0.0,950.5,0.0
1,390300,VOLCANIC_ROCK_VOUCHER_9500,950.0,18.0,0.0,0.0,0.0,0.0,951,18,0.0,0.0,0.0,0.0,950.5,0.0
1,390400,VOLCANIC_ROCK_VOUCHER_9500,950.0,14.0,0.0,0.0,0.0,0.0,951,14,0.0,0.0,0.0,0.0,950.5,0.0
1,390500,VOLCANIC_ROCK_VOUCHER_9500,949.0,12.0,0.0,0.0,0.0,0.0,950,12,0.0,0.0,0.0,0.0,949.5,0.0
1,390600,VOLCANIC_ROCK_VOUCHER_9500,951.0,19.0,0.0,0.0,0.0,0.0,952,19,0.0,0.0,0.0,0.0,951.5,0.0
1,390700,VOLCANIC_ROCK_VOUCHER_9500,951.0,13.0,0.0,0.0,0.0,0.0,952,13,0.0,0.0,0.0,0.0,951.5,0.0
1,390800,VOLCANIC_ROCK_VOUCHER_9500,949.0,18.0,0.0,0.0,0.0,0.0,950,18,0.0,0.0,0.0,0.0,949.5,0.0
1,390900,VOLCANIC_ROCK_VOUCHER_9500,956.0,21.0,0.0,0.0,0.0,0.0,957,21,0.0,0.0,0.0,0.0,956.5,0.0
1,391000,VOLCANIC_ROCK_VOUCHER_9500,957.0,17.0,0.0,0.0,0.0,0.0,958,17,0.0,0.0,0.0,0.0,957.5,0.0
1,391100,VOLCANIC_ROCK_VOUCHER_9500,954.0,14.0,0.0,0.0,0.0,0.0,955,14,0.0,0.0,0.0,0.0,954.5,0.0
1,391200,VOLCANIC_ROCK_VOUCHER_9500,952.0,15.0,0.0,0.0,0.0,0.0,953,15,0.0,0.0,0.0,0.0,952.5,0.0
1,391300,VOLCANIC_ROCK_VOUCHER_9500,953.0,14.0,0.0,0.0,0.0,0.0,954,14,0.0,0.0,0.0,0.0,953.5,0.0
1,391400,VOLCANIC_ROCK_VOUCHER_9500,953.0,28.0,0.0,0.0,0.0,0.0,955,14,0.0,0.0,0.0,0.0,954.0,0.0
1,391500,VOLCANIC_ROCK_VOUCHER_9500,953.0,17.0,0.0,0.0,0.0,0.0,954,17,0.0,0.0,0.0,0.0,953.5,0.0
1,391600,VOLCANIC_ROCK_VOUCHER_9500,950.0,10.0,0.0,0.0,0.0,0.0,951,20,0.0,0.0,0.0,0.0,950.5,0.0
1,391700,VOLCANIC_ROCK_VOUCHER_9500,951.0,20.0,0.0,0.0,0.0,0.0,952,20,0.0,0.0,0.0,0.0,951.5,0.0
1,391800,VOLCANIC_ROCK_VOUCHER_9500,951.0,22.0,0.0,0.0,0.0,0.0,952,22,0.0,0.0,0.0,0.0,951.5,0.0
1,391900,VOLCANIC_ROCK_VOUCHER_9500,953.0,2.0,952.0,10.0,0.0,0.0,954,12,0.0,0.0,0.0,0.0,953.5,0.0
1,392000,VOLCANIC_ROCK_VOUCHER_9500,952.0,3.0,0.0,0.0,0.0,0.0,953,16,0.0,0.0,0.0,0.0,952.5,0.0
1,392100,VOLCANIC_ROCK_VOUCHER_9500,949.0,11.0,0.0,0.0,0.0,0.0,950,11,0.0,0.0,0.0,0.0,949.5,0.0
1,392200,VOLCANIC_ROCK_VOUCHER_9500,949.0,15.0,0.0,0.0,0.0,0.0,951,15,0.0,0.0,0.0,0.0,950.0,0.0
1,392300,VOLCANIC_ROCK_VOUCHER_9500,0.0,0.0,0.0,0.0,0.0,0.0,946,3,947.0,16.0,0.0,0.0,946.0,0.0
1,392400,VOLCANIC_ROCK_VOUCHER_9500,946.0,19.0,0.0,0.0,0.0,0.0,947,19,0.0,0.0,0.0,0.0,946.5,0.0
1,392500,VOLCANIC_ROCK_VOUCHER_9500,946.0,15.0,0.0,0.0,0.0,0.0,947,15,0.0,0.0,0.0,0.0,946.5,0.0
1,392600,VOLCANIC_ROCK_VOUCHER_9500,943.0,19.0,0.0,0.0,0.0,0.0,944,19,0.0,0.0,0.0,0.0,943.5,0.0
1,392700,VOLCANIC_ROCK_VOUCHER_9500,946.0,12.0,0.0,0.0,0.0,0.0,947,12,0.0,0.0,0.0,0.0,946.5,0.0
1,392800,VOLCANIC_ROCK_VOUCHER_9500,946.0,13.0,0.0,0.0,0.0,0.0,947,13,0.0,0.0,0.0,0.0,946.5,0.0
1,392900,VOLCANIC_ROCK_VOUCHER_9500,951.0,14.0,0.0,0.0,0.0,0.0,952,14,0.0,0.0,0.0,0.0,951.5,0.0
1,393000,VOLCANIC_ROCK_VOUCHER_9500,951.0,16.0,0.0,0.0,0.0,0.0,952,16,0.0,0.0,0.0,0.0,951.5,0.0
1,393100,VOLCANIC_ROCK_VOUCHER_9500,951.0,3.0,0.0,0.0,0.0,0.0,952,18,0.0,0.0,0.0,0.0,951.5,0.0
1,393200,VOLCANIC_ROCK_VOUCHER_9500,951.0,13.0,0.0,0.0,0.0,0.0,952,13,0.0,0.0,0.0,0.0,951.5,0.0
1,393300,VOLCANIC_ROCK_VOUCHER_9500,951.0,12.0,0.0,0.0,0.0,0.0,952,12,0.0,0.0,0.0,0.0,951.5,0.0
1,393400,VOLCANIC_ROCK_VOUCHER_9500,952.0,17.0,0.0,0.0,0.0,0.0,953,17,0.0,0.0,0.0,0.0,952.5,0.0
1,393500,VOLCANIC_ROCK_VOUCHER_9500,957.0,10.0,0.0,0.0,0.0,0.0,958,10,0.0,0.0,0.0,0.0,957.5,0.0
1,393600,VOLCANIC_ROCK_VOUCHER_9500,957.0,15.0,0.0,0.0,0.0,0.0,958,15,0.0,0.0,0.0,0.0,957.5,0.0
1,393700,VOLCANIC_ROCK_VOUCHER_9500,960.0,10.0,0.0,0.0,0.0,0.0,961,10,0.0,0.0,0.0,0.0,960.5,0.0
1,393800,VOLCANIC_ROCK_VOUCHER_9500,957.0,16.0,0.0,0.0,0.0,0.0,958,16,0.0,0.0,0.0,0.0,957.5,0.0
1,393900,VOLCANIC_ROCK_VOUCHER_9500,956.0,35.0,0.0,0.0,0.0,0.0,957,22,0.0,0.0,0.0,0.0,956.5,0.0
1,394000,VOLCANIC_ROCK_VOUCHER_9500,956.0,6.0,0.0,0.0,0.0,0.0,957,19,0.0,0.0,0.0,0.0,956.5,0.0
1,394100,VOLCANIC_ROCK_VOUCHER_9500,952.0,13.0,0.0,0.0,0.0,0.0,954,13,0.0,0.0,0.0,0.0,953.0,0.0
1,394200,VOLCANIC_ROCK_VOUCHER_9500,952.0,14.0,0.0,0.0,0.0,0.0,954,14,0.0,0.0,0.0,0.0,953.0,0.0
1,394300,VOLCANIC_ROCK_VOUCHER_9500,954.0,20.0,0.0,0.0,0.0,0.0,955,20,0.0,0.0,0.0,0.0,954.5,0.0
1,394400,VOLCANIC_ROCK_VOUCHER_9500,954.0,13.0,0.0,0.0,0.0,0.0,955,13,0.0,0.0,0.0,0.0,954.5,0.0
1,394500,VOLCANIC_ROCK_VOUCHER_9500,952.0,16.0,0.0,0.0,0.0,0.0,953,16,0.0,0.0,0.0,0.0,952.5,0.0
1,394600,VOLCANIC_ROCK_VOUCHER_9500,949.0,15.0,0.0,0.0,0.0,0.0,950,15,0.0,0.0,0.0,0.0,949.5,0.0
1,394700,VOLCANIC_ROCK_VOUCHER_9500,949.0,19.0,0.0,0.0,0.0,0.0,950,19,0.0,0.0,0.0,0.0,949.5,0.0
1,394800,VOLCANIC_ROCK_VOUCHER_9500,949.0,40.0,0.0,0.0,0.0,0.0,950,20,0.0,0.0,0.0,0.0,949.5,0.0
1,394900,VOLCANIC_ROCK_VOUCHER_9500,949.0,15.0,0.0,0.0,0.0,0.0,950,15,0.0,0.0,0.0,0.0,949.5,0.0
1,395000,VOLCANIC_ROCK_VOUCHER_9500,949.0,10.0,0.0,0.0,0.0,0.0,950,10,0.0,0.0,0.0,0.0,949.5,0.0
1,395100,VOLCANIC_ROCK_VOUCHER_9500,946.0,15.0,0.0,0.0,0.0,0.0,947,15,0.0,0.0,0.0,0.0,946.5,0.0
1,395200,VOLCANIC_ROCK_VOUCHER_9500,947.0,18.0,0.0,0.0,0.0,0.0,948,18,0.0,0.0,0.0,0.0,947.5,0.0
1,395300,VOLCANIC_ROCK_VOUCHER_9500,947.0,12.0,0.0,0.0,0.0,0.0,949,12,0.0,0.0,0.0,0.0,948.0,0.0
1,395400,VOLCANIC_ROCK_VOUCHER_9500,948.0,21.0,0.0,0.0,0.0,0.0,949,21,0.0,0.0,0.0,0.0,948.5,0.0
1,395500,VOLCANIC_ROCK_VOUCHER_9500,949.0,11.0,0.0,0.0,0.0,0.0,950,11,0.0,0.0,0.0,0.0,949.5,0.0
1,395600,VOLCANIC_ROCK_VOUCHER_9500,951.0,15.0,0.0,0.0,0.0,0.0,952,15,0.0,0.0,0.0,0.0,951.5,0.0
1,395700,VOLCANIC_ROCK_VOUCHER_9500,953.0,18.0,0.0,0.0,0.0,0.0,954,18,0.0,0.0,0.0,0.0,953.5,0.0
1,395800,VOLCANIC_ROCK_VOUCHER_9500,954.0,18.0,0.0,0.0,0.0,0.0,955,18,0.0,0.0,0.0,0.0,954.5,0.0
1,395900,VOLCANIC_ROCK_VOUCHER_9500,955.0,36.0,0.0,0.0,0.0,0.0,956,17,0.0,0.0,0.0,0.0,955.5,0.0
1,396000,VOLCANIC_ROCK_VOUCHER_9500,956.0,11.0,0.0,0.0,0.0,0.0,958,11,0.0,0.0,0.0,0.0,957.0,0.0
1,396100,VOLCANIC_ROCK_VOUCHER_9500,0.0,0.0,0.0,0.0,0.0,0.0,957,6,958.0,14.0,0.0,0.0,957.0,0.0
1,396200,VOLCANIC_ROCK_VOUCHER_9500,957.0,14.0,0.0,0.0,0.0,0.0,958,14,0.0,0.0,0.0,0.0,957.5,0.0
1,396300,VOLCANIC_ROCK_VOUCHER_9500,957.0,15.0,0.0,0.0,0.0,0.0,958,15,0.0,0.0,0.0,0.0,957.5,0.0
1,396400,VOLCANIC_ROCK_VOUCHER_9500,955.0,21.0,0.0,0.0,0.0,0.0,956,21,0.0,0.0,0.0,0.0,955.5,0.0
1,396500,VOLCANIC_ROCK_VOUCHER_9500,957.0,26.0,0.0,0.0,0.0,0.0,958,11,0.0,0.0,0.0,0.0,957.5,0.0
1,396600,VOLCANIC_ROCK_VOUCHER_9500,956.0,15.0,0.0,0.0,0.0,0.0,957,15,0.0,0.0,0.0,0.0,956.5,0.0
1,396700,VOLCANIC_ROCK_VOUCHER_9500,955.0,19.0,0.0,0.0,0.0,0.0,956,19,0.0,0.0,0.0,0.0,955.5,0.0
1,396800,VOLCANIC_ROCK_VOUCHER_9500,955.0,1.0,0.0,0.0,0.0,0.0,956,18,0.0,0.0,0.0,0.0,955.5,0.0
1,396900,VOLCANIC_ROCK_VOUCHER_9500,957.0,21.0,0.0,0.0,0.0,0.0,958,21,0.0,0.0,0.0,0.0,957.5,0.0
1,397000,VOLCANIC_ROCK_VOUCHER_9500,958.0,19.0,0.0,0.0,0.0,0.0,959,19,0.0,0.0,0.0,0.0,958.5,0.0
1,397100,VOLCANIC_ROCK_VOUCHER_9500,954.0,16.0,0.0,0.0,0.0,0.0,955,16,0.0,0.0,0.0,0.0,954.5,0.0
1,397200,VOLCANIC_ROCK_VOUCHER_9500,954.0,17.0,0.0,0.0,0.0,0.0,955,17,0.0,0.0,0.0,0.0,954.5,0.0
1,397300,VOLCANIC_ROCK_VOUCHER_9500,953.0,20.0,0.0,0.0,0.0,0.0,954,20,0.0,0.0,0.0,0.0,953.5,0.0
1,397400,VOLCANIC_ROCK_VOUCHER_9500,955.0,18.0,0.0,0.0,0.0,0.0,956,18,0.0,0.0,0.0,0.0,955.5,0.0
1,397500,VOLCANIC_ROCK_VOUCHER_9500,954.0,16.0,0.0,0.0,0.0,0.0,955,16,0.0,0.0,0.0,0.0,954.5,0.0
1,397600,VOLCANIC_ROCK_VOUCHER_9500,952.0,15.0,0.0,0.0,0.0,0.0,953,15,0.0,0.0,0.0,0.0,952.5,0.0
1,397700,VOLCANIC_ROCK_VOUCHER_9500,953.0,16.0,0.0,0.0,0.0,0.0,954,16,0.0,0.0,0.0,0.0,953.5,0.0
1,397800,VOLCANIC_ROCK_VOUCHER_9500,952.0,13.0,0.0,0.0,0.0,0.0,954,13,0.0,0.0,0.0,0.0,953.0,0.0
1,397900,VOLCANIC_ROCK_VOUCHER_9500,953.0,14.0,0.0,0.0,0.0,0.0,954,14,0.0,0.0,0.0,0.0,953.5,0.0
1,398000,VOLCANIC_ROCK_VOUCHER_9500,950.0,16.0,0.0,0.0,0.0,0.0,951,16,0.0,0.0,0.0,0.0,950.5,0.0
1,398100,VOLCANIC_ROCK_VOUCHER_9500,949.0,13.0,0.0,0.0,0.0,0.0,950,13,0.0,0.0,0.0,0.0,949.5,0.0
1,398200,VOLCANIC_ROCK_VOUCHER_9500,951.0,12.0,0.0,0.0,0.0,0.0,952,12,0.0,0.0,0.0,0.0,951.5,0.0
1,398300,VOLCANIC_ROCK_VOUCHER_9500,952.0,29.0,0.0,0.0,0.0,0.0,953,19,0.0,0.0,0.0,0.0,952.5,0.0
1,398400,VOLCANIC_ROCK_VOUCHER_9500,953.0,6.0,0.0,0.0,0.0,0.0,955,16,0.0,0.0,0.0,0.0,954.0,0.0
1,398500,VOLCANIC_ROCK_VOUCHER_9500,956.0,16.0,0.0,0.0,0.0,0.0,957,16,0.0,0.0,0.0,0.0,956.5,0.0
1,398600,VOLCANIC_ROCK_VOUCHER_9500,953.0,19.0,0.0,0.0,0.0,0.0,955,19,0.0,0.0,0.0,0.0,954.0,0.0
1,398700,VOLCANIC_ROCK_VOUCHER_9500,956.0,1.0,955.0,14.0,0.0,0.0,957,15,0.0,0.0,0.0,0.0,956.5,0.0
1,398800,VOLCANIC_ROCK_VOUCHER_9500,952.0,3.0,0.0,0.0,0.0,0.0,954,17,0.0,0.0,0.0,0.0,953.0,0.0
1,398900,VOLCANIC_ROCK_VOUCHER_9500,955.0,17.0,0.0,0.0,0.0,0.0,956,17,0.0,0.0,0.0,0.0,955.5,0.0
1,399000,VOLCANIC_ROCK_VOUCHER_9500,953.0,19.0,0.0,0.0,0.0,0.0,954,19,0.0,0.0,0.0,0.0,953.5,0.0
1,399100,VOLCANIC_ROCK_VOUCHER_9500,948.0,5.0,0.0,0.0,0.0,0.0,949,15,0.0,0.0,0.0,0.0,948.5,0.0
1,399200,VOLCANIC_ROCK_VOUCHER_9500,945.0,16.0,0.0,0.0,0.0,0.0,946,16,0.0,0.0,0.0,0.0,945.5,0.0
1,399300,VOLCANIC_ROCK_VOUCHER_9500,945.0,20.0,0.0,0.0,0.0,0.0,947,20,0.0,0.0,0.0,0.0,946.0,0.0
1,399400,VOLCANIC_ROCK_VOUCHER_9500,949.0,21.0,0.0,0.0,0.0,0.0,950,21,0.0,0.0,0.0,0.0,949.5,0.0
1,399500,VOLCANIC_ROCK_VOUCHER_9500,949.0,16.0,0.0,0.0,0.0,0.0,950,16,0.0,0.0,0.0,0.0,949.5,0.0
1,399600,VOLCANIC_ROCK_VOUCHER_9500,949.0,32.0,0.0,0.0,0.0,0.0,950,15,0.0,0.0,0.0,0.0,949.5,0.0
1,399700,VOLCANIC_ROCK_VOUCHER_9500,949.0,20.0,0.0,0.0,0.0,0.0,951,20,0.0,0.0,0.0,0.0,950.0,0.0
1,399800,VOLCANIC_ROCK_VOUCHER_9500,951.0,13.0,0.0,0.0,0.0,0.0,952,13,0.0,0.0,0.0,0.0,951.5,0.0
1,399900,VOLCANIC_ROCK_VOUCHER_9500,953.0,16.0,0.0,0.0,0.0,0.0,954,1,955.0,15.0,0.0,0.0,953.5,0.0
1,400000,VOLCANIC_ROCK_VOUCHER_9500,951.0,18.0,0.0,0.0,0.0,0.0,952,18,0.0,0.0,0.0,0.0,951.5,0.0
1,400100,VOLCANIC_ROCK_VOUCHER_9500,952.0,13.0,0.0,0.0,0.0,0.0,953,13,0.0,0.0,0.0,0.0,952.5,0.0
1,400200,VOLCANIC_ROCK_VOUCHER_9500,953.0,15.0,0.0,0.0,0.0,0.0,954,15,0.0,0.0,0.0,0.0,953.5,0.0
1,400300,VOLCANIC_ROCK_VOUCHER_9500,954.0,15.0,0.0,0.0,0.0,0.0,955,15,0.0,0.0,0.0,0.0,954.5,0.0
1,400400,VOLCANIC_ROCK_VOUCHER_9500,957.0,14.0,0.0,0.0,0.0,0.0,958,14,0.0,0.0,0.0,0.0,957.5,0.0
1,400500,VOLCANIC_ROCK_VOUCHER_9500,957.0,19.0,0.0,0.0,0.0,0.0,958,19,0.0,0.0,0.0,0.0,957.5,0.0
1,400600,VOLCANIC_ROCK_VOUCHER_9500,958.0,21.0,0.0,0.0,0.0,0.0,959,21,0.0,0.0,0.0,0.0,958.5,0.0
1,400700,VOLCANIC_ROCK_VOUCHER_9500,958.0,19.0,0.0,0.0,0.0,0.0,959,19,0.0,0.0,0.0,0.0,958.5,0.0
1,400800,VOLCANIC_ROCK_VOUCHER_9500,958.0,12.0,0.0,0.0,0.0,0.0,959,12,0.0,0.0,0.0,0.0,958.5,0.0
1,400900,VOLCANIC_ROCK_VOUCHER_9500,959.0,16.0,0.0,0.0,0.0,0.0,961,16,0.0,0.0,0.0,0.0,960.0,0.0
1,401000,VOLCANIC_ROCK_VOUCHER_9500,962.0,16.0,0.0,0.0,0.0,0.0,964,16,0.0,0.0,0.0,0.0,963.0,0.0
1,401100,VOLCANIC_ROCK_VOUCHER_9500,962.0,18.0,0.0,0.0,0.0,0.0,964,18,0.0,0.0,0.0,0.0,963.0,0.0
1,401200,VOLCANIC_ROCK_VOUCHER_9500,963.0,10.0,0.0,0.0,0.0,0.0,964,10,0.0,0.0,0.0,0.0,963.5,0.0
1,401300,VOLCANIC_ROCK_VOUCHER_9500,963.0,15.0,0.0,0.0,0.0,0.0,964,15,0.0,0.0,0.0,0.0,963.5,0.0
1,401400,VOLCANIC_ROCK_VOUCHER_9500,962.0,13.0,0.0,0.0,0.0,0.0,963,13,0.0,0.0,0.0,0.0,962.5,0.0
1,401500,VOLCANIC_ROCK_VOUCHER_9500,966.0,20.0,0.0,0.0,0.0,0.0,968,20,0.0,0.0,0.0,0.0,967.0,0.0
1,401600,VOLCANIC_ROCK_VOUCHER_9500,965.0,14.0,0.0,0.0,0.0,0.0,966,14,0.0,0.0,0.0,0.0,965.5,0.0
1,401700,VOLCANIC_ROCK_VOUCHER_9500,963.0,13.0,0.0,0.0,0.0,0.0,965,13,0.0,0.0,0.0,0.0,964.0,0.0
1,401800,VOLCANIC_ROCK_VOUCHER_9500,964.0,18.0,0.0,0.0,0.0,0.0,965,18,0.0,0.0,0.0,0.0,964.5,0.0
1,401900,VOLCANIC_ROCK_VOUCHER_9500,968.0,17.0,0.0,0.0,0.0,0.0,969,17,0.0,0.0,0.0,0.0,968.5,0.0
1,402000,VOLCANIC_ROCK_VOUCHER_9500,965.0,31.0,0.0,0.0,0.0,0.0,967,20,0.0,0.0,0.0,0.0,966.0,0.0
1,402100,VOLCANIC_ROCK_VOUCHER_9500,965.0,3.0,0.0,0.0,0.0,0.0,966,13,0.0,0.0,0.0,0.0,965.5,0.0
1,402200,VOLCANIC_ROCK_VOUCHER_9500,966.0,12.0,0.0,0.0,0.0,0.0,967,12,0.0,0.0,0.0,0.0,966.5,0.0
1,402300,VOLCANIC_ROCK_VOUCHER_9500,965.0,20.0,0.0,0.0,0.0,0.0,967,20,0.0,0.0,0.0,0.0,966.0,0.0
1,402400,VOLCANIC_ROCK_VOUCHER_9500,963.0,16.0,0.0,0.0,0.0,0.0,964,16,0.0,0.0,0.0,0.0,963.5,0.0
1,402500,VOLCANIC_ROCK_VOUCHER_9500,963.0,12.0,0.0,0.0,0.0,0.0,964,12,0.0,0.0,0.0,0.0,963.5,0.0
1,402600,VOLCANIC_ROCK_VOUCHER_9500,963.0,18.0,0.0,0.0,0.0,0.0,964,18,0.0,0.0,0.0,0.0,963.5,0.0
1,402700,VOLCANIC_ROCK_VOUCHER_9500,963.0,14.0,0.0,0.0,0.0,0.0,964,14,0.0,0.0,0.0,0.0,963.5,0.0
1,402800,VOLCANIC_ROCK_VOUCHER_9500,963.0,15.0,0.0,0.0,0.0,0.0,964,15,0.0,0.0,0.0,0.0,963.5,0.0
1,402900,VOLCANIC_ROCK_VOUCHER_9500,964.0,18.0,0.0,0.0,0.0,0.0,966,18,0.0,0.0,0.0,0.0,965.0,0.0
1,403000,VOLCANIC_ROCK_VOUCHER_9500,964.0,19.0,0.0,0.0,0.0,0.0,965,19,0.0,0.0,0.0,0.0,964.5,0.0
1,403100,VOLCANIC_ROCK_VOUCHER_9500,965.0,19.0,0.0,0.0,0.0,0.0,966,19,0.0,0.0,0.0,0.0,965.5,0.0
1,403200,VOLCANIC_ROCK_VOUCHER_9500,968.0,36.0,0.0,0.0,0.0,0.0,969,19,0.0,0.0,0.0,0.0,968.5,0.0
1,403300,VOLCANIC_ROCK_VOUCHER_9500,966.0,20.0,0.0,0.0,0.0,0.0,967,20,0.0,0.0,0.0,0.0,966.5,0.0
1,403400,VOLCANIC_ROCK_VOUCHER_9500,965.0,20.0,0.0,0.0,0.0,0.0,966,20,0.0,0.0,0.0,0.0,965.5,0.0
1,403500,VOLCANIC_ROCK_VOUCHER_9500,964.0,13.0,0.0,0.0,0.0,0.0,966,13,0.0,0.0,0.0,0.0,965.0,0.0
1,403600,VOLCANIC_ROCK_VOUCHER_9500,964.0,15.0,0.0,0.0,0.0,0.0,965,15,0.0,0.0,0.0,0.0,964.5,0.0
1,403700,VOLCANIC_ROCK_VOUCHER_9500,964.0,15.0,0.0,0.0,0.0,0.0,965,15,0.0,0.0,0.0,0.0,964.5,0.0
1,403800,VOLCANIC_ROCK_VOUCHER_9500,963.0,18.0,0.0,0.0,0.0,0.0,964,18,0.0,0.0,0.0,0.0,963.5,0.0
1,403900,VOLCANIC_ROCK_VOUCHER_9500,957.0,17.0,0.0,0.0,0.0,0.0,958,17,0.0,0.0,0.0,0.0,957.5,0.0
1,404000,VOLCANIC_ROCK_VOUCHER_9500,958.0,15.0,0.0,0.0,0.0,0.0,959,15,0.0,0.0,0.0,0.0,958.5,0.0
1,404100,VOLCANIC_ROCK_VOUCHER_9500,0.0,0.0,0.0,0.0,0.0,0.0,957,5,958.0,14.0,0.0,0.0,957.0,0.0
1,404200,VOLCANIC_ROCK_VOUCHER_9500,957.0,11.0,0.0,0.0,0.0,0.0,958,11,0.0,0.0,0.0,0.0,957.5,0.0
1,404300,VOLCANIC_ROCK_VOUCHER_9500,958.0,19.0,0.0,0.0,0.0,0.0,960,19,0.0,0.0,0.0,0.0,959.0,0.0
1,404400,VOLCANIC_ROCK_VOUCHER_9500,959.0,14.0,0.0,0.0,0.0,0.0,960,14,0.0,0.0,0.0,0.0,959.5,0.0
1,404500,VOLCANIC_ROCK_VOUCHER_9500,957.0,41.0,0.0,0.0,0.0,0.0,958,22,0.0,0.0,0.0,0.0,957.5,0.0
1,404600,VOLCANIC_ROCK_VOUCHER_9500,953.0,17.0,0.0,0.0,0.0,0.0,954,17,0.0,0.0,0.0,0.0,953.5,0.0
1,404700,VOLCANIC_ROCK_VOUCHER_9500,955.0,15.0,0.0,0.0,0.0,0.0,956,15,0.0,0.0,0.0,0.0,955.5,0.0
1,404800,VOLCANIC_ROCK_VOUCHER_9500,955.0,20.0,0.0,0.0,0.0,0.0,956,20,0.0,0.0,0.0,0.0,955.5,0.0
1,404900,VOLCANIC_ROCK_VOUCHER_9500,958.0,14.0,0.0,0.0,0.0,0.0,959,14,0.0,0.0,0.0,0.0,958.5,0.0
1,405000,VOLCANIC_ROCK_VOUCHER_9500,956.0,13.0,0.0,0.0,0.0,0.0,957,13,0.0,0.0,0.0,0.0,956.5,0.0
1,405100,VOLCANIC_ROCK_VOUCHER_9500,958.0,17.0,0.0,0.0,0.0,0.0,959,17,0.0,0.0,0.0,0.0,958.5,0.0
1,405200,VOLCANIC_ROCK_VOUCHER_9500,957.0,14.0,0.0,0.0,0.0,0.0,959,14,0.0,0.0,0.0,0.0,958.0,0.0
1,405300,VOLCANIC_ROCK_VOUCHER_9500,957.0,12.0,0.0,0.0,0.0,0.0,959,12,0.0,0.0,0.0,0.0,958.0,0.0
1,405400,VOLCANIC_ROCK_VOUCHER_9500,958.0,17.0,0.0,0.0,0.0,0.0,959,17,0.0,0.0,0.0,0.0,958.5,0.0
1,405500,VOLCANIC_ROCK_VOUCHER_9500,956.0,30.0,0.0,0.0,0.0,0.0,958,19,0.0,0.0,0.0,0.0,957.0,0.0
1,405600,VOLCANIC_ROCK_VOUCHER_9500,0.0,0.0,0.0,0.0,0.0,0.0,958,8,959.0,11.0,0.0,0.0,958.0,0.0
1,405700,VOLCANIC_ROCK_VOUCHER_9500,958.0,36.0,0.0,0.0,0.0,0.0,959,19,0.0,0.0,0.0,0.0,958.5,0.0
1,405800,VOLCANIC_ROCK_VOUCHER_9500,957.0,18.0,0.0,0.0,0.0,0.0,958,18,0.0,0.0,0.0,0.0,957.5,0.0
1,405900,VOLCANIC_ROCK_VOUCHER_9500,958.0,20.0,0.0,0.0,0.0,0.0,959,20,0.0,0.0,0.0,0.0,958.5,0.0
1,406000,VOLCANIC_ROCK_VOUCHER_9500,960.0,12.0,0.0,0.0,0.0,0.0,962,12,0.0,0.0,0.0,0.0,961.0,0.0
1,406100,VOLCANIC_ROCK_VOUCHER_9500,961.0,11.0,0.0,0.0,0.0,0.0,962,11,0.0,0.0,0.0,0.0,961.5,0.0
1,406200,VOLCANIC_ROCK_VOUCHER_9500,964.0,20.0,0.0,0.0,0.0,0.0,965,22,0.0,0.0,0.0,0.0,964.5,0.0
1,406300,VOLCANIC_ROCK_VOUCHER_9500,964.0,11.0,0.0,0.0,0.0,0.0,965,11,0.0,0.0,0.0,0.0,964.5,0.0
1,406400,VOLCANIC_ROCK_VOUCHER_9500,960.0,11.0,0.0,0.0,0.0,0.0,961,11,0.0,0.0,0.0,0.0,960.5,0.0
1,406500,VOLCANIC_ROCK_VOUCHER_9500,959.0,14.0,0.0,0.0,0.0,0.0,960,14,0.0,0.0,0.0,0.0,959.5,0.0
1,406600,VOLCANIC_ROCK_VOUCHER_9500,954.0,17.0,0.0,0.0,0.0,0.0,956,17,0.0,0.0,0.0,0.0,955.0,0.0
1,406700,VOLCANIC_ROCK_VOUCHER_9500,954.0,17.0,0.0,0.0,0.0,0.0,955,17,0.0,0.0,0.0,0.0,954.5,0.0
1,406800,VOLCANIC_ROCK_VOUCHER_9500,954.0,21.0,0.0,0.0,0.0,0.0,955,21,0.0,0.0,0.0,0.0,954.5,0.0
1,406900,VOLCANIC_ROCK_VOUCHER_9500,954.0,27.0,0.0,0.0,0.0,0.0,956,13,0.0,0.0,0.0,0.0,955.0,0.0
1,407000,VOLCANIC_ROCK_VOUCHER_9500,957.0,18.0,0.0,0.0,0.0,0.0,958,18,0.0,0.0,0.0,0.0,957.5,0.0
1,407100,VOLCANIC_ROCK_VOUCHER_9500,957.0,21.0,0.0,0.0,0.0,0.0,958,21,0.0,0.0,0.0,0.0,957.5,0.0
1,407200,VOLCANIC_ROCK_VOUCHER_9500,957.0,12.0,0.0,0.0,0.0,0.0,958,12,0.0,0.0,0.0,0.0,957.5,0.0
1,407300,VOLCANIC_ROCK_VOUCHER_9500,957.0,18.0,0.0,0.0,0.0,0.0,958,18,0.0,0.0,0.0,0.0,957.5,0.0
1,407400,VOLCANIC_ROCK_VOUCHER_9500,960.0,30.0,0.0,0.0,0.0,0.0,961,14,0.0,0.0,0.0,0.0,960.5,0.0
1,407500,VOLCANIC_ROCK_VOUCHER_9500,959.0,16.0,0.0,0.0,0.0,0.0,960,16,0.0,0.0,0.0,0.0,959.5,0.0
1,407600,VOLCANIC_ROCK_VOUCHER_9500,957.0,18.0,0.0,0.0,0.0,0.0,958,18,0.0,0.0,0.0,0.0,957.5,0.0
1,407700,VOLCANIC_ROCK_VOUCHER_9500,956.0,20.0,0.0,0.0,0.0,0.0,957,20,0.0,0.0,0.0,0.0,956.5,0.0
1,407800,VOLCANIC_ROCK_VOUCHER_9500,955.0,16.0,0.0,0.0,0.0,0.0,957,16,0.0,0.0,0.0,0.0,956.0,0.0
1,407900,VOLCANIC_ROCK_VOUCHER_9500,955.0,20.0,0.0,0.0,0.0,0.0,956,20,0.0,0.0,0.0,0.0,955.5,0.0
1,408000,VOLCANIC_ROCK_VOUCHER_9500,0.0,0.0,0.0,0.0,0.0,0.0,955,3,956.0,17.0,0.0,0.0,955.0,0.0
1,408100,VOLCANIC_ROCK_VOUCHER_9500,955.0,20.0,0.0,0.0,0.0,0.0,956,20,0.0,0.0,0.0,0.0,955.5,0.0
1,408200,VOLCANIC_ROCK_VOUCHER_9500,954.0,13.0,0.0,0.0,0.0,0.0,955,13,0.0,0.0,0.0,0.0,954.5,0.0
1,408300,VOLCANIC_ROCK_VOUCHER_9500,954.0,13.0,0.0,0.0,0.0,0.0,955,13,0.0,0.0,0.0,0.0,954.5,0.0
1,408400,VOLCANIC_ROCK_VOUCHER_9500,956.0,12.0,0.0,0.0,0.0,0.0,957,12,0.0,0.0,0.0,0.0,956.5,0.0
1,408500,VOLCANIC_ROCK_VOUCHER_9500,956.0,10.0,0.0,0.0,0.0,0.0,957,10,0.0,0.0,0.0,0.0,956.5,0.0
1,408600,VOLCANIC_ROCK_VOUCHER_9500,956.0,15.0,0.0,0.0,0.0,0.0,957,15,0.0,0.0,0.0,0.0,956.5,0.0
1,408700,VOLCANIC_ROCK_VOUCHER_9500,956.0,17.0,0.0,0.0,0.0,0.0,957,17,0.0,0.0,0.0,0.0,956.5,0.0
1,408800,VOLCANIC_ROCK_VOUCHER_9500,956.0,1.0,0.0,0.0,0.0,0.0,957,13,0.0,0.0,0.0,0.0,956.5,0.0
1,408900,VOLCANIC_ROCK_VOUCHER_9500,956.0,20.0,0.0,0.0,0.0,0.0,957,20,0.0,0.0,0.0,0.0,956.5,0.0
1,409000,VOLCANIC_ROCK_VOUCHER_9500,955.0,13.0,0.0,0.0,0.0,0.0,957,13,0.0,0.0,0.0,0.0,956.0,0.0
1,409100,VOLCANIC_ROCK_VOUCHER_9500,954.0,21.0,0.0,0.0,0.0,0.0,956,21,0.0,0.0,0.0,0.0,955.0,0.0
1,409200,VOLCANIC_ROCK_VOUCHER_9500,954.0,27.0,0.0,0.0,0.0,0.0,955,17,0.0,0.0,0.0,0.0,954.5,0.0
1,409300,VOLCANIC_ROCK_VOUCHER_9500,956.0,11.0,0.0,0.0,0.0,0.0,957,11,0.0,0.0,0.0,0.0,956.5,0.0
1,409400,VOLCANIC_ROCK_VOUCHER_9500,956.0,15.0,0.0,0.0,0.0,0.0,957,15,0.0,0.0,0.0,0.0,956.5,0.0
1,409500,VOLCANIC_ROCK_VOUCHER_9500,955.0,16.0,0.0,0.0,0.0,0.0,956,16,0.0,0.0,0.0,0.0,955.5,0.0
1,409600,VOLCANIC_ROCK_VOUCHER_9500,0.0,0.0,0.0,0.0,0.0,0.0,947,5,948.0,13.0,0.0,0.0,947.0,0.0
1,409700,VOLCANIC_ROCK_VOUCHER_9500,944.0,10.0,0.0,0.0,0.0,0.0,946,10,0.0,0.0,0.0,0.0,945.0,0.0
1,409800,VOLCANIC_ROCK_VOUCHER_9500,943.0,22.0,0.0,0.0,0.0,0.0,944,22,0.0,0.0,0.0,0.0,943.5,0.0
1,409900,VOLCANIC_ROCK_VOUCHER_9500,943.0,20.0,0.0,0.0,0.0,0.0,944,20,0.0,0.0,0.0,0.0,943.5,0.0
1,410000,VOLCANIC_ROCK_VOUCHER_9500,945.0,16.0,0.0,0.0,0.0,0.0,946,16,0.0,0.0,0.0,0.0,945.5,0.0
1,410100,VOLCANIC_ROCK_VOUCHER_9500,943.0,18.0,0.0,0.0,0.0,0.0,944,18,0.0,0.0,0.0,0.0,943.5,0.0
1,410200,VOLCANIC_ROCK_VOUCHER_9500,946.0,12.0,0.0,0.0,0.0,0.0,947,12,0.0,0.0,0.0,0.0,946.5,0.0
1,410300,VOLCANIC_ROCK_VOUCHER_9500,948.0,17.0,0.0,0.0,0.0,0.0,949,17,0.0,0.0,0.0,0.0,948.5,0.0
1,410400,VOLCANIC_ROCK_VOUCHER_9500,948.0,17.0,0.0,0.0,0.0,0.0,950,17,0.0,0.0,0.0,0.0,949.0,0.0
1,410500,VOLCANIC_ROCK_VOUCHER_9500,951.0,29.0,0.0,0.0,0.0,0.0,952,12,0.0,0.0,0.0,0.0,951.5,0.0
1,410600,VOLCANIC_ROCK_VOUCHER_9500,951.0,19.0,0.0,0.0,0.0,0.0,953,19,0.0,0.0,0.0,0.0,952.0,0.0
1,410700,VOLCANIC_ROCK_VOUCHER_9500,954.0,18.0,0.0,0.0,0.0,0.0,955,18,0.0,0.0,0.0,0.0,954.5,0.0
1,410800,VOLCANIC_ROCK_VOUCHER_9500,955.0,16.0,0.0,0.0,0.0,0.0,956,16,0.0,0.0,0.0,0.0,955.5,0.0
1,410900,VOLCANIC_ROCK_VOUCHER_9500,951.0,16.0,0.0,0.0,0.0,0.0,952,16,0.0,0.0,0.0,0.0,951.5,0.0
1,411000,VOLCANIC_ROCK_VOUCHER_9500,949.0,17.0,0.0,0.0,0.0,0.0,950,17,0.0,0.0,0.0,0.0,949.5,0.0
1,411100,VOLCANIC_ROCK_VOUCHER_9500,953.0,19.0,0.0,0.0,0.0,0.0,954,19,0.0,0.0,0.0,0.0,953.5,0.0
1,411200,VOLCANIC_ROCK_VOUCHER_9500,953.0,14.0,0.0,0.0,0.0,0.0,954,14,0.0,0.0,0.0,0.0,953.5,0.0
1,411300,VOLCANIC_ROCK_VOUCHER_9500,954.0,36.0,0.0,0.0,0.0,0.0,955,16,0.0,0.0,0.0,0.0,954.5,0.0
1,411400,VOLCANIC_ROCK_VOUCHER_9500,954.0,11.0,0.0,0.0,0.0,0.0,955,11,0.0,0.0,0.0,0.0,954.5,0.0
1,411500,VOLCANIC_ROCK_VOUCHER_9500,953.0,4.0,0.0,0.0,0.0,0.0,954,20,0.0,0.0,0.0,0.0,953.5,0.0
1,411600,VOLCANIC_ROCK_VOUCHER_9500,950.0,16.0,0.0,0.0,0.0,0.0,951,16,0.0,0.0,0.0,0.0,950.5,0.0
1,411700,VOLCANIC_ROCK_VOUCHER_9500,948.0,13.0,0.0,0.0,0.0,0.0,949,13,0.0,0.0,0.0,0.0,948.5,0.0
1,411800,VOLCANIC_ROCK_VOUCHER_9500,951.0,12.0,0.0,0.0,0.0,0.0,952,12,0.0,0.0,0.0,0.0,951.5,0.0
1,411900,VOLCANIC_ROCK_VOUCHER_9500,950.0,21.0,0.0,0.0,0.0,0.0,951,21,0.0,0.0,0.0,0.0,950.5,0.0
1,412000,VOLCANIC_ROCK_VOUCHER_9500,950.0,20.0,0.0,0.0,0.0,0.0,951,20,0.0,0.0,0.0,0.0,950.5,0.0
1,412100,VOLCANIC_ROCK_VOUCHER_9500,952.0,15.0,0.0,0.0,0.0,0.0,954,15,0.0,0.0,0.0,0.0,953.0,0.0
1,412200,VOLCANIC_ROCK_VOUCHER_9500,952.0,13.0,0.0,0.0,0.0,0.0,953,13,0.0,0.0,0.0,0.0,952.5,0.0
1,412300,VOLCANIC_ROCK_VOUCHER_9500,952.0,19.0,0.0,0.0,0.0,0.0,953,19,0.0,0.0,0.0,0.0,952.5,0.0
1,412400,VOLCANIC_ROCK_VOUCHER_9500,953.0,13.0,0.0,0.0,0.0,0.0,955,13,0.0,0.0,0.0,0.0,954.0,0.0
1,412500,VOLCANIC_ROCK_VOUCHER_9500,950.0,15.0,0.0,0.0,0.0,0.0,951,15,0.0,0.0,0.0,0.0,950.5,0.0
1,412600,VOLCANIC_ROCK_VOUCHER_9500,949.0,21.0,0.0,0.0,0.0,0.0,950,21,0.0,0.0,0.0,0.0,949.5,0.0
1,412700,VOLCANIC_ROCK_VOUCHER_9500,951.0,18.0,0.0,0.0,0.0,0.0,952,18,0.0,0.0,0.0,0.0,951.5,0.0
1,412800,VOLCANIC_ROCK_VOUCHER_9500,950.0,12.0,0.0,0.0,0.0,0.0,951,12,0.0,0.0,0.0,0.0,950.5,0.0
1,412900,VOLCANIC_ROCK_VOUCHER_9500,949.0,20.0,0.0,0.0,0.0,0.0,950,20,0.0,0.0,0.0,0.0,949.5,0.0
1,413000,VOLCANIC_ROCK_VOUCHER_9500,949.0,12.0,0.0,0.0,0.0,0.0,950,12,0.0,0.0,0.0,0.0,949.5,0.0
1,413100,VOLCANIC_ROCK_VOUCHER_9500,949.0,17.0,0.0,0.0,0.0,0.0,950,17,0.0,0.0,0.0,0.0,949.5,0.0
1,413200,VOLCANIC_ROCK_VOUCHER_9500,950.0,11.0,0.0,0.0,0.0,0.0,951,11,0.0,0.0,0.0,0.0,950.5,0.0
1,413300,VOLCANIC_ROCK_VOUCHER_9500,950.0,15.0,0.0,0.0,0.0,0.0,951,15,0.0,0.0,0.0,0.0,950.5,0.0
1,413400,VOLCANIC_ROCK_VOUCHER_9500,0.0,0.0,0.0,0.0,0.0,0.0,949,2,950.0,18.0,0.0,0.0,949.0,0.0
1,413500,VOLCANIC_ROCK_VOUCHER_9500,949.0,17.0,0.0,0.0,0.0,0.0,950,17,0.0,0.0,0.0,0.0,949.5,0.0
1,413600,VOLCANIC_ROCK_VOUCHER_9500,947.0,28.0,0.0,0.0,0.0,0.0,948,15,0.0,0.0,0.0,0.0,947.5,0.0
1,413700,VOLCANIC_ROCK_VOUCHER_9500,946.0,18.0,0.0,0.0,0.0,0.0,948,18,0.0,0.0,0.0,0.0,947.0,0.0
1,413800,VOLCANIC_ROCK_VOUCHER_9500,947.0,13.0,0.0,0.0,0.0,0.0,948,13,0.0,0.0,0.0,0.0,947.5,0.0
1,413900,VOLCANIC_ROCK_VOUCHER_9500,947.0,14.0,0.0,0.0,0.0,0.0,948,14,0.0,0.0,0.0,0.0,947.5,0.0
1,414000,VOLCANIC_ROCK_VOUCHER_9500,949.0,21.0,0.0,0.0,0.0,0.0,950,21,0.0,0.0,0.0,0.0,949.5,0.0
1,414100,VOLCANIC_ROCK_VOUCHER_9500,947.0,16.0,0.0,0.0,0.0,0.0,948,16,0.0,0.0,0.0,0.0,947.5,0.0
1,414200,VOLCANIC_ROCK_VOUCHER_9500,939.0,13.0,0.0,0.0,0.0,0.0,940,13,0.0,0.0,0.0,0.0,939.5,0.0
1,414300,VOLCANIC_ROCK_VOUCHER_9500,938.0,18.0,0.0,0.0,0.0,0.0,939,18,0.0,0.0,0.0,0.0,938.5,0.0
1,414400,VOLCANIC_ROCK_VOUCHER_9500,936.0,1.0,0.0,0.0,0.0,0.0,938,15,0.0,0.0,0.0,0.0,937.0,0.0
1,414500,VOLCANIC_ROCK_VOUCHER_9500,937.0,29.0,0.0,0.0,0.0,0.0,938,13,0.0,0.0,0.0,0.0,937.5,0.0
1,414600,VOLCANIC_ROCK_VOUCHER_9500,937.0,5.0,0.0,0.0,0.0,0.0,938,15,0.0,0.0,0.0,0.0,937.5,0.0
1,414700,VOLCANIC_ROCK_VOUCHER_9500,937.0,1.0,936.0,13.0,0.0,0.0,938,14,0.0,0.0,0.0,0.0,937.5,0.0
1,414800,VOLCANIC_ROCK_VOUCHER_9500,938.0,14.0,0.0,0.0,0.0,0.0,939,14,0.0,0.0,0.0,0.0,938.5,0.0
1,414900,VOLCANIC_ROCK_VOUCHER_9500,937.0,14.0,0.0,0.0,0.0,0.0,938,19,0.0,0.0,0.0,0.0,937.5,0.0
1,415000,VOLCANIC_ROCK_VOUCHER_9500,939.0,39.0,0.0,0.0,0.0,0.0,940,22,0.0,0.0,0.0,0.0,939.5,0.0
1,415100,VOLCANIC_ROCK_VOUCHER_9500,936.0,12.0,0.0,0.0,0.0,0.0,938,12,0.0,0.0,0.0,0.0,937.0,0.0
1,415200,VOLCANIC_ROCK_VOUCHER_9500,938.0,17.0,0.0,0.0,0.0,0.0,940,17,0.0,0.0,0.0,0.0,939.0,0.0
1,415300,VOLCANIC_ROCK_VOUCHER_9500,937.0,14.0,0.0,0.0,0.0,0.0,939,14,0.0,0.0,0.0,0.0,938.0,0.0
1,415400,VOLCANIC_ROCK_VOUCHER_9500,938.0,13.0,0.0,0.0,0.0,0.0,939,13,0.0,0.0,0.0,0.0,938.5,0.0
1,415500,VOLCANIC_ROCK_VOUCHER_9500,936.0,12.0,0.0,0.0,0.0,0.0,937,12,0.0,0.0,0.0,0.0,936.5,0.0
1,415600,VOLCANIC_ROCK_VOUCHER_9500,936.0,17.0,0.0,0.0,0.0,0.0,937,17,0.0,0.0,0.0,0.0,936.5,0.0
1,415700,VOLCANIC_ROCK_VOUCHER_9500,936.0,14.0,0.0,0.0,0.0,0.0,937,14,0.0,0.0,0.0,0.0,936.5,0.0
1,415800,VOLCANIC_ROCK_VOUCHER_9500,937.0,11.0,0.0,0.0,0.0,0.0,938,11,0.0,0.0,0.0,0.0,937.5,0.0
1,415900,VOLCANIC_ROCK_VOUCHER_9500,939.0,18.0,0.0,0.0,0.0,0.0,940,18,0.0,0.0,0.0,0.0,939.5,0.0
1,416000,VOLCANIC_ROCK_VOUCHER_9500,940.0,11.0,0.0,0.0,0.0,0.0,941,11,0.0,0.0,0.0,0.0,940.5,0.0
1,416100,VOLCANIC_ROCK_VOUCHER_9500,936.0,15.0,0.0,0.0,0.0,0.0,937,15,0.0,0.0,0.0,0.0,936.5,0.0
1,416200,VOLCANIC_ROCK_VOUCHER_9500,935.0,17.0,0.0,0.0,0.0,0.0,936,17,0.0,0.0,0.0,0.0,935.5,0.0
1,416300,VOLCANIC_ROCK_VOUCHER_9500,936.0,14.0,0.0,0.0,0.0,0.0,937,14,0.0,0.0,0.0,0.0,936.5,0.0
1,416400,VOLCANIC_ROCK_VOUCHER_9500,936.0,19.0,0.0,0.0,0.0,0.0,937,19,0.0,0.0,0.0,0.0,936.5,0.0
1,416500,VOLCANIC_ROCK_VOUCHER_9500,934.0,13.0,0.0,0.0,0.0,0.0,936,13,0.0,0.0,0.0,0.0,935.0,0.0
1,416600,VOLCANIC_ROCK_VOUCHER_9500,934.0,12.0,0.0,0.0,0.0,0.0,935,12,0.0,0.0,0.0,0.0,934.5,0.0
1,416700,VOLCANIC_ROCK_VOUCHER_9500,934.0,20.0,0.0,0.0,0.0,0.0,935,20,0.0,0.0,0.0,0.0,934.5,0.0
1,416800,VOLCANIC_ROCK_VOUCHER_9500,934.0,20.0,0.0,0.0,0.0,0.0,935,20,0.0,0.0,0.0,0.0,934.5,0.0
1,416900,VOLCANIC_ROCK_VOUCHER_9500,934.0,17.0,0.0,0.0,0.0,0.0,935,17,0.0,0.0,0.0,0.0,934.5,0.0
1,417000,VOLCANIC_ROCK_VOUCHER_9500,936.0,18.0,0.0,0.0,0.0,0.0,937,18,0.0,0.0,0.0,0.0,936.5,0.0
1,417100,VOLCANIC_ROCK_VOUCHER_9500,934.0,13.0,0.0,0.0,0.0,0.0,936,13,0.0,0.0,0.0,0.0,935.0,0.0
1,417200,VOLCANIC_ROCK_VOUCHER_9500,936.0,38.0,0.0,0.0,0.0,0.0,937,18,0.0,0.0,0.0,0.0,936.5,0.0
1,417300,VOLCANIC_ROCK_VOUCHER_9500,936.0,10.0,0.0,0.0,0.0,0.0,938,10,0.0,0.0,0.0,0.0,937.0,0.0
1,417400,VOLCANIC_ROCK_VOUCHER_9500,936.0,16.0,0.0,0.0,0.0,0.0,937,16,0.0,0.0,0.0,0.0,936.5,0.0
1,417500,VOLCANIC_ROCK_VOUCHER_9500,937.0,21.0,0.0,0.0,0.0,0.0,938,21,0.0,0.0,0.0,0.0,937.5,0.0
1,417600,VOLCANIC_ROCK_VOUCHER_9500,941.0,17.0,0.0,0.0,0.0,0.0,942,17,0.0,0.0,0.0,0.0,941.5,0.0
1,417700,VOLCANIC_ROCK_VOUCHER_9500,944.0,15.0,0.0,0.0,0.0,0.0,945,15,0.0,0.0,0.0,0.0,944.5,0.0
1,417800,VOLCANIC_ROCK_VOUCHER_9500,945.0,16.0,0.0,0.0,0.0,0.0,946,16,0.0,0.0,0.0,0.0,945.5,0.0
1,417900,VOLCANIC_ROCK_VOUCHER_9500,944.0,19.0,0.0,0.0,0.0,0.0,945,19,0.0,0.0,0.0,0.0,944.5,0.0
1,418000,VOLCANIC_ROCK_VOUCHER_9500,946.0,18.0,0.0,0.0,0.0,0.0,947,18,0.0,0.0,0.0,0.0,946.5,0.0
1,418100,VOLCANIC_ROCK_VOUCHER_9500,945.0,18.0,0.0,0.0,0.0,0.0,946,18,0.0,0.0,0.0,0.0,945.5,0.0
1,418200,VOLCANIC_ROCK_VOUCHER_9500,945.0,13.0,0.0,0.0,0.0,0.0,946,13,0.0,0.0,0.0,0.0,945.5,0.0
1,418300,VOLCANIC_ROCK_VOUCHER_9500,948.0,23.0,0.0,0.0,0.0,0.0,949,13,0.0,0.0,0.0,0.0,948.5,0.0
1,418400,VOLCANIC_ROCK_VOUCHER_9500,952.0,16.0,0.0,0.0,0.0,0.0,954,16,0.0,0.0,0.0,0.0,953.0,0.0
1,418500,VOLCANIC_ROCK_VOUCHER_9500,953.0,14.0,0.0,0.0,0.0,0.0,954,14,0.0,0.0,0.0,0.0,953.5,0.0
1,418600,VOLCANIC_ROCK_VOUCHER_9500,951.0,13.0,0.0,0.0,0.0,0.0,952,13,0.0,0.0,0.0,0.0,951.5,0.0
1,418700,VOLCANIC_ROCK_VOUCHER_9500,951.0,12.0,0.0,0.0,0.0,0.0,952,12,0.0,0.0,0.0,0.0,951.5,0.0
1,418800,VOLCANIC_ROCK_VOUCHER_9500,953.0,30.0,0.0,0.0,0.0,0.0,954,11,0.0,0.0,0.0,0.0,953.5,0.0
1,418900,VOLCANIC_ROCK_VOUCHER_9500,952.0,16.0,0.0,0.0,0.0,0.0,953,16,0.0,0.0,0.0,0.0,952.5,0.0
1,419000,VOLCANIC_ROCK_VOUCHER_9500,950.0,2.0,0.0,0.0,0.0,0.0,951,20,0.0,0.0,0.0,0.0,950.5,0.0
1,419100,VOLCANIC_ROCK_VOUCHER_9500,949.0,25.0,0.0,0.0,0.0,0.0,950,12,0.0,0.0,0.0,0.0,949.5,0.0
1,419200,VOLCANIC_ROCK_VOUCHER_9500,950.0,18.0,0.0,0.0,0.0,0.0,951,18,0.0,0.0,0.0,0.0,950.5,0.0
1,419300,VOLCANIC_ROCK_VOUCHER_9500,953.0,18.0,0.0,0.0,0.0,0.0,954,18,0.0,0.0,0.0,0.0,953.5,0.0
1,419400,VOLCANIC_ROCK_VOUCHER_9500,955.0,20.0,0.0,0.0,0.0,0.0,956,20,0.0,0.0,0.0,0.0,955.5,0.0
1,419500,VOLCANIC_ROCK_VOUCHER_9500,954.0,19.0,0.0,0.0,0.0,0.0,955,19,0.0,0.0,0.0,0.0,954.5,0.0
1,419600,VOLCANIC_ROCK_VOUCHER_9500,954.0,2.0,953.0,18.0,0.0,0.0,955,20,0.0,0.0,0.0,0.0,954.5,0.0
1,419700,VOLCANIC_ROCK_VOUCHER_9500,954.0,19.0,0.0,0.0,0.0,0.0,955,19,0.0,0.0,0.0,0.0,954.5,0.0
1,419800,VOLCANIC_ROCK_VOUCHER_9500,952.0,13.0,0.0,0.0,0.0,0.0,953,2,954.0,11.0,0.0,0.0,952.5,0.0
1,419900,VOLCANIC_ROCK_VOUCHER_9500,951.0,13.0,0.0,0.0,0.0,0.0,952,13,0.0,0.0,0.0,0.0,951.5,0.0
1,420000,VOLCANIC_ROCK_VOUCHER_9500,949.0,19.0,0.0,0.0,0.0,0.0,950,19,0.0,0.0,0.0,0.0,949.5,0.0
1,420100,VOLCANIC_ROCK_VOUCHER_9500,953.0,17.0,0.0,0.0,0.0,0.0,955,17,0.0,0.0,0.0,0.0,954.0,0.0
1,420200,VOLCANIC_ROCK_VOUCHER_9500,954.0,19.0,0.0,0.0,0.0,0.0,956,19,0.0,0.0,0.0,0.0,955.0,0.0
1,420300,VOLCANIC_ROCK_VOUCHER_9500,953.0,20.0,0.0,0.0,0.0,0.0,954,20,0.0,0.0,0.0,0.0,953.5,0.0
1,420400,VOLCANIC_ROCK_VOUCHER_9500,952.0,20.0,0.0,0.0,0.0,0.0,953,20,0.0,0.0,0.0,0.0,952.5,0.0
1,420500,VOLCANIC_ROCK_VOUCHER_9500,949.0,16.0,0.0,0.0,0.0,0.0,950,16,0.0,0.0,0.0,0.0,949.5,0.0
1,420600,VOLCANIC_ROCK_VOUCHER_9500,948.0,20.0,0.0,0.0,0.0,0.0,949,20,0.0,0.0,0.0,0.0,948.5,0.0
1,420700,VOLCANIC_ROCK_VOUCHER_9500,948.0,16.0,0.0,0.0,0.0,0.0,949,16,0.0,0.0,0.0,0.0,948.5,0.0
1,420800,VOLCANIC_ROCK_VOUCHER_9500,947.0,21.0,0.0,0.0,0.0,0.0,948,21,0.0,0.0,0.0,0.0,947.5,0.0
1,420900,VOLCANIC_ROCK_VOUCHER_9500,944.0,16.0,0.0,0.0,0.0,0.0,945,16,0.0,0.0,0.0,0.0,944.5,0.0
1,421000,VOLCANIC_ROCK_VOUCHER_9500,946.0,19.0,0.0,0.0,0.0,0.0,947,19,0.0,0.0,0.0,0.0,946.5,0.0
1,421100,VOLCANIC_ROCK_VOUCHER_9500,947.0,17.0,0.0,0.0,0.0,0.0,948,17,0.0,0.0,0.0,0.0,947.5,0.0
1,421200,VOLCANIC_ROCK_VOUCHER_9500,945.0,22.0,0.0,0.0,0.0,0.0,947,22,0.0,0.0,0.0,0.0,946.0,0.0
1,421300,VOLCANIC_ROCK_VOUCHER_9500,944.0,11.0,0.0,0.0,0.0,0.0,945,11,0.0,0.0,0.0,0.0,944.5,0.0
1,421400,VOLCANIC_ROCK_VOUCHER_9500,944.0,16.0,0.0,0.0,0.0,0.0,945,16,0.0,0.0,0.0,0.0,944.5,0.0
1,421500,VOLCANIC_ROCK_VOUCHER_9500,943.0,20.0,0.0,0.0,0.0,0.0,944,20,0.0,0.0,0.0,0.0,943.5,0.0
1,421600,VOLCANIC_ROCK_VOUCHER_9500,942.0,20.0,0.0,0.0,0.0,0.0,943,20,0.0,0.0,0.0,0.0,942.5,0.0
1,421700,VOLCANIC_ROCK_VOUCHER_9500,942.0,21.0,0.0,0.0,0.0,0.0,943,21,0.0,0.0,0.0,0.0,942.5,0.0
1,421800,VOLCANIC_ROCK_VOUCHER_9500,942.0,13.0,0.0,0.0,0.0,0.0,943,13,0.0,0.0,0.0,0.0,942.5,0.0
1,421900,VOLCANIC_ROCK_VOUCHER_9500,943.0,33.0,0.0,0.0,0.0,0.0,944,19,0.0,0.0,0.0,0.0,943.5,0.0
1,422000,VOLCANIC_ROCK_VOUCHER_9500,944.0,19.0,0.0,0.0,0.0,0.0,945,19,0.0,0.0,0.0,0.0,944.5,0.0
1,422100,VOLCANIC_ROCK_VOUCHER_9500,943.0,17.0,0.0,0.0,0.0,0.0,944,17,0.0,0.0,0.0,0.0,943.5,0.0
1,422200,VOLCANIC_ROCK_VOUCHER_9500,943.0,20.0,0.0,0.0,0.0,0.0,944,20,0.0,0.0,0.0,0.0,943.5,0.0
1,422300,VOLCANIC_ROCK_VOUCHER_9500,941.0,12.0,0.0,0.0,0.0,0.0,942,12,0.0,0.0,0.0,0.0,941.5,0.0
1,422400,VOLCANIC_ROCK_VOUCHER_9500,940.0,10.0,0.0,0.0,0.0,0.0,941,10,0.0,0.0,0.0,0.0,940.5,0.0
1,422500,VOLCANIC_ROCK_VOUCHER_9500,938.0,21.0,0.0,0.0,0.0,0.0,940,21,0.0,0.0,0.0,0.0,939.0,0.0
1,422600,VOLCANIC_ROCK_VOUCHER_9500,941.0,15.0,0.0,0.0,0.0,0.0,942,15,0.0,0.0,0.0,0.0,941.5,0.0
1,422700,VOLCANIC_ROCK_VOUCHER_9500,942.0,17.0,0.0,0.0,0.0,0.0,943,17,0.0,0.0,0.0,0.0,942.5,0.0
1,422800,VOLCANIC_ROCK_VOUCHER_9500,941.0,14.0,0.0,0.0,0.0,0.0,942,14,0.0,0.0,0.0,0.0,941.5,0.0
1,422900,VOLCANIC_ROCK_VOUCHER_9500,942.0,2.0,941.0,12.0,0.0,0.0,943,14,0.0,0.0,0.0,0.0,942.5,0.0
1,423000,VOLCANIC_ROCK_VOUCHER_9500,940.0,20.0,0.0,0.0,0.0,0.0,941,20,0.0,0.0,0.0,0.0,940.5,0.0
1,423100,VOLCANIC_ROCK_VOUCHER_9500,941.0,17.0,0.0,0.0,0.0,0.0,942,17,0.0,0.0,0.0,0.0,941.5,0.0
1,423200,VOLCANIC_ROCK_VOUCHER_9500,942.0,19.0,0.0,0.0,0.0,0.0,943,19,0.0,0.0,0.0,0.0,942.5,0.0
1,423300,VOLCANIC_ROCK_VOUCHER_9500,941.0,2.0,0.0,0.0,0.0,0.0,942,15,0.0,0.0,0.0,0.0,941.5,0.0
1,423400,VOLCANIC_ROCK_VOUCHER_9500,941.0,3.0,0.0,0.0,0.0,0.0,942,15,0.0,0.0,0.0,0.0,941.5,0.0
1,423500,VOLCANIC_ROCK_VOUCHER_9500,941.0,15.0,0.0,0.0,0.0,0.0,942,15,0.0,0.0,0.0,0.0,941.5,0.0
1,423600,VOLCANIC_ROCK_VOUCHER_9500,939.0,28.0,0.0,0.0,0.0,0.0,941,16,0.0,0.0,0.0,0.0,940.0,0.0
1,423700,VOLCANIC_ROCK_VOUCHER_9500,941.0,16.0,0.0,0.0,0.0,0.0,942,16,0.0,0.0,0.0,0.0,941.5,0.0
1,423800,VOLCANIC_ROCK_VOUCHER_9500,944.0,19.0,0.0,0.0,0.0,0.0,945,19,0.0,0.0,0.0,0.0,944.5,0.0
1,423900,VOLCANIC_ROCK_VOUCHER_9500,944.0,19.0,0.0,0.0,0.0,0.0,945,19,0.0,0.0,0.0,0.0,944.5,0.0
1,424000,VOLCANIC_ROCK_VOUCHER_9500,944.0,20.0,0.0,0.0,0.0,0.0,945,20,0.0,0.0,0.0,0.0,944.5,0.0
1,424100,VOLCANIC_ROCK_VOUCHER_9500,941.0,13.0,0.0,0.0,0.0,0.0,942,13,0.0,0.0,0.0,0.0,941.5,0.0
1,424200,VOLCANIC_ROCK_VOUCHER_9500,942.0,7.0,0.0,0.0,0.0,0.0,943,18,0.0,0.0,0.0,0.0,942.5,0.0
1,424300,VOLCANIC_ROCK_VOUCHER_9500,942.0,12.0,0.0,0.0,0.0,0.0,943,12,0.0,0.0,0.0,0.0,942.5,0.0
1,424400,VOLCANIC_ROCK_VOUCHER_9500,942.0,32.0,0.0,0.0,0.0,0.0,943,12,0.0,0.0,0.0,0.0,942.5,0.0
1,424500,VOLCANIC_ROCK_VOUCHER_9500,940.0,15.0,0.0,0.0,0.0,0.0,941,15,0.0,0.0,0.0,0.0,940.5,0.0
1,424600,VOLCANIC_ROCK_VOUCHER_9500,940.0,14.0,0.0,0.0,0.0,0.0,941,14,0.0,0.0,0.0,0.0,940.5,0.0
1,424700,VOLCANIC_ROCK_VOUCHER_9500,940.0,19.0,0.0,0.0,0.0,0.0,941,19,0.0,0.0,0.0,0.0,940.5,0.0
1,424800,VOLCANIC_ROCK_VOUCHER_9500,940.0,12.0,0.0,0.0,0.0,0.0,942,12,0.0,0.0,0.0,0.0,941.0,0.0
1,424900,VOLCANIC_ROCK_VOUCHER_9500,939.0,19.0,0.0,0.0,0.0,0.0,940,19,0.0,0.0,0.0,0.0,939.5,0.0
1,425000,VOLCANIC_ROCK_VOUCHER_9500,935.0,13.0,0.0,0.0,0.0,0.0,937,13,0.0,0.0,0.0,0.0,936.0,0.0
1,425100,VOLCANIC_ROCK_VOUCHER_9500,935.0,17.0,0.0,0.0,0.0,0.0,936,17,0.0,0.0,0.0,0.0,935.5,0.0
1,425200,VOLCANIC_ROCK_VOUCHER_9500,936.0,15.0,0.0,0.0,0.0,0.0,937,15,0.0,0.0,0.0,0.0,936.5,0.0
1,425300,VOLCANIC_ROCK_VOUCHER_9500,936.0,17.0,0.0,0.0,0.0,0.0,938,17,0.0,0.0,0.0,0.0,937.0,0.0
1,425400,VOLCANIC_ROCK_VOUCHER_9500,938.0,15.0,0.0,0.0,0.0,0.0,939,15,0.0,0.0,0.0,0.0,938.5,0.0
1,425500,VOLCANIC_ROCK_VOUCHER_9500,940.0,7.0,0.0,0.0,0.0,0.0,941,17,0.0,0.0,0.0,0.0,940.5,0.0
1,425600,VOLCANIC_ROCK_VOUCHER_9500,940.0,12.0,0.0,0.0,0.0,0.0,941,12,0.0,0.0,0.0,0.0,940.5,0.0
1,425700,VOLCANIC_ROCK_VOUCHER_9500,940.0,14.0,0.0,0.0,0.0,0.0,941,14,0.0,0.0,0.0,0.0,940.5,0.0
1,425800,VOLCANIC_ROCK_VOUCHER_9500,941.0,19.0,0.0,0.0,0.0,0.0,943,19,0.0,0.0,0.0,0.0,942.0,0.0
1,425900,VOLCANIC_ROCK_VOUCHER_9500,943.0,18.0,0.0,0.0,0.0,0.0,944,18,0.0,0.0,0.0,0.0,943.5,0.0
1,426000,VOLCANIC_ROCK_VOUCHER_9500,946.0,10.0,0.0,0.0,0.0,0.0,947,10,0.0,0.0,0.0,0.0,946.5,0.0
1,426100,VOLCANIC_ROCK_VOUCHER_9500,946.0,16.0,0.0,0.0,0.0,0.0,947,16,0.0,0.0,0.0,0.0,946.5,0.0
1,426200,VOLCANIC_ROCK_VOUCHER_9500,945.0,17.0,0.0,0.0,0.0,0.0,946,17,0.0,0.0,0.0,0.0,945.5,0.0
1,426300,VOLCANIC_ROCK_VOUCHER_9500,947.0,19.0,0.0,0.0,0.0,0.0,948,19,0.0,0.0,0.0,0.0,947.5,0.0
1,426400,VOLCANIC_ROCK_VOUCHER_9500,946.0,6.0,0.0,0.0,0.0,0.0,947,19,0.0,0.0,0.0,0.0,946.5,0.0
1,426500,VOLCANIC_ROCK_VOUCHER_9500,946.0,21.0,0.0,0.0,0.0,0.0,947,21,0.0,0.0,0.0,0.0,946.5,0.0
1,426600,VOLCANIC_ROCK_VOUCHER_9500,944.0,13.0,0.0,0.0,0.0,0.0,945,13,0.0,0.0,0.0,0.0,944.5,0.0
1,426700,VOLCANIC_ROCK_VOUCHER_9500,944.0,13.0,0.0,0.0,0.0,0.0,945,13,0.0,0.0,0.0,0.0,944.5,0.0
1,426800,VOLCANIC_ROCK_VOUCHER_9500,945.0,15.0,0.0,0.0,0.0,0.0,946,15,0.0,0.0,0.0,0.0,945.5,0.0
1,426900,VOLCANIC_ROCK_VOUCHER_9500,945.0,16.0,0.0,0.0,0.0,0.0,947,16,0.0,0.0,0.0,0.0,946.0,0.0
1,427000,VOLCANIC_ROCK_VOUCHER_9500,945.0,13.0,0.0,0.0,0.0,0.0,946,13,0.0,0.0,0.0,0.0,945.5,0.0
1,427100,VOLCANIC_ROCK_VOUCHER_9500,945.0,12.0,0.0,0.0,0.0,0.0,946,12,0.0,0.0,0.0,0.0,945.5,0.0
1,427200,VOLCANIC_ROCK_VOUCHER_9500,0.0,0.0,0.0,0.0,0.0,0.0,948,6,949.0,12.0,0.0,0.0,948.0,0.0
1,427300,VOLCANIC_ROCK_VOUCHER_9500,950.0,34.0,0.0,0.0,0.0,0.0,951,22,0.0,0.0,0.0,0.0,950.5,0.0
1,427400,VOLCANIC_ROCK_VOUCHER_9500,948.0,13.0,0.0,0.0,0.0,0.0,949,13,0.0,0.0,0.0,0.0,948.5,0.0
1,427500,VOLCANIC_ROCK_VOUCHER_9500,946.0,15.0,0.0,0.0,0.0,0.0,947,15,0.0,0.0,0.0,0.0,946.5,0.0
1,427600,VOLCANIC_ROCK_VOUCHER_9500,948.0,16.0,0.0,0.0,0.0,0.0,949,16,0.0,0.0,0.0,0.0,948.5,0.0
1,427700,VOLCANIC_ROCK_VOUCHER_9500,948.0,12.0,0.0,0.0,0.0,0.0,949,12,0.0,0.0,0.0,0.0,948.5,0.0
1,427800,VOLCANIC_ROCK_VOUCHER_9500,945.0,14.0,0.0,0.0,0.0,0.0,946,14,0.0,0.0,0.0,0.0,945.5,0.0
1,427900,VOLCANIC_ROCK_VOUCHER_9500,943.0,19.0,0.0,0.0,0.0,0.0,944,19,0.0,0.0,0.0,0.0,943.5,0.0
1,428000,VOLCANIC_ROCK_VOUCHER_9500,943.0,14.0,0.0,0.0,0.0,0.0,944,14,0.0,0.0,0.0,0.0,943.5,0.0
1,428100,VOLCANIC_ROCK_VOUCHER_9500,942.0,20.0,0.0,0.0,0.0,0.0,944,20,0.0,0.0,0.0,0.0,943.0,0.0
1,428200,VOLCANIC_ROCK_VOUCHER_9500,940.0,14.0,0.0,0.0,0.0,0.0,941,14,0.0,0.0,0.0,0.0,940.5,0.0
1,428300,VOLCANIC_ROCK_VOUCHER_9500,940.0,20.0,0.0,0.0,0.0,0.0,941,20,0.0,0.0,0.0,0.0,940.5,0.0
1,428400,VOLCANIC_ROCK_VOUCHER_9500,941.0,14.0,0.0,0.0,0.0,0.0,942,14,0.0,0.0,0.0,0.0,941.5,0.0
1,428500,VOLCANIC_ROCK_VOUCHER_9500,943.0,19.0,0.0,0.0,0.0,0.0,944,19,0.0,0.0,0.0,0.0,943.5,0.0
1,428600,VOLCANIC_ROCK_VOUCHER_9500,941.0,4.0,0.0,0.0,0.0,0.0,942,19,0.0,0.0,0.0,0.0,941.5,0.0
1,428700,VOLCANIC_ROCK_VOUCHER_9500,942.0,13.0,0.0,0.0,0.0,0.0,943,13,0.0,0.0,0.0,0.0,942.5,0.0
1,428800,VOLCANIC_ROCK_VOUCHER_9500,944.0,14.0,0.0,0.0,0.0,0.0,945,14,0.0,0.0,0.0,0.0,944.5,0.0
1,428900,VOLCANIC_ROCK_VOUCHER_9500,944.0,16.0,0.0,0.0,0.0,0.0,945,16,0.0,0.0,0.0,0.0,944.5,0.0
1,429000,VOLCANIC_ROCK_VOUCHER_9500,944.0,12.0,0.0,0.0,0.0,0.0,945,12,0.0,0.0,0.0,0.0,944.5,0.0
1,429100,VOLCANIC_ROCK_VOUCHER_9500,942.0,15.0,0.0,0.0,0.0,0.0,943,15,0.0,0.0,0.0,0.0,942.5,0.0
1,429200,VOLCANIC_ROCK_VOUCHER_9500,943.0,20.0,0.0,0.0,0.0,0.0,945,20,0.0,0.0,0.0,0.0,944.0,0.0
1,429300,VOLCANIC_ROCK_VOUCHER_9500,944.0,36.0,0.0,0.0,0.0,0.0,945,22,0.0,0.0,0.0,0.0,944.5,0.0
1,429400,VOLCANIC_ROCK_VOUCHER_9500,943.0,17.0,0.0,0.0,0.0,0.0,944,17,0.0,0.0,0.0,0.0,943.5,0.0
1,429500,VOLCANIC_ROCK_VOUCHER_9500,946.0,11.0,0.0,0.0,0.0,0.0,947,11,0.0,0.0,0.0,0.0,946.5,0.0
1,429600,VOLCANIC_ROCK_VOUCHER_9500,943.0,18.0,0.0,0.0,0.0,0.0,945,18,0.0,0.0,0.0,0.0,944.0,0.0
1,429700,VOLCANIC_ROCK_VOUCHER_9500,942.0,18.0,0.0,0.0,0.0,0.0,943,18,0.0,0.0,0.0,0.0,942.5,0.0
1,429800,VOLCANIC_ROCK_VOUCHER_9500,943.0,18.0,0.0,0.0,0.0,0.0,945,18,0.0,0.0,0.0,0.0,944.0,0.0
1,429900,VOLCANIC_ROCK_VOUCHER_9500,945.0,17.0,0.0,0.0,0.0,0.0,946,17,0.0,0.0,0.0,0.0,945.5,0.0
1,430000,VOLCANIC_ROCK_VOUCHER_9500,945.0,11.0,0.0,0.0,0.0,0.0,946,11,0.0,0.0,0.0,0.0,945.5,0.0
1,430100,VOLCANIC_ROCK_VOUCHER_9500,947.0,25.0,0.0,0.0,0.0,0.0,948,14,0.0,0.0,0.0,0.0,947.5,0.0
1,430200,VOLCANIC_ROCK_VOUCHER_9500,948.0,20.0,0.0,0.0,0.0,0.0,949,20,0.0,0.0,0.0,0.0,948.5,0.0
1,430300,VOLCANIC_ROCK_VOUCHER_9500,945.0,21.0,0.0,0.0,0.0,0.0,946,21,0.0,0.0,0.0,0.0,945.5,0.0
1,430400,VOLCANIC_ROCK_VOUCHER_9500,945.0,12.0,0.0,0.0,0.0,0.0,946,12,0.0,0.0,0.0,0.0,945.5,0.0
1,430500,VOLCANIC_ROCK_VOUCHER_9500,948.0,11.0,0.0,0.0,0.0,0.0,949,11,0.0,0.0,0.0,0.0,948.5,0.0
1,430600,VOLCANIC_ROCK_VOUCHER_9500,948.0,17.0,0.0,0.0,0.0,0.0,949,17,0.0,0.0,0.0,0.0,948.5,0.0
1,430700,VOLCANIC_ROCK_VOUCHER_9500,952.0,11.0,0.0,0.0,0.0,0.0,953,11,0.0,0.0,0.0,0.0,952.5,0.0
1,430800,VOLCANIC_ROCK_VOUCHER_9500,952.0,11.0,0.0,0.0,0.0,0.0,953,11,0.0,0.0,0.0,0.0,952.5,0.0
1,430900,VOLCANIC_ROCK_VOUCHER_9500,951.0,10.0,0.0,0.0,0.0,0.0,952,10,0.0,0.0,0.0,0.0,951.5,0.0
1,431000,VOLCANIC_ROCK_VOUCHER_9500,948.0,11.0,0.0,0.0,0.0,0.0,949,11,0.0,0.0,0.0,0.0,948.5,0.0
1,431100,VOLCANIC_ROCK_VOUCHER_9500,948.0,21.0,0.0,0.0,0.0,0.0,949,21,0.0,0.0,0.0,0.0,948.5,0.0
1,431200,VOLCANIC_ROCK_VOUCHER_9500,947.0,11.0,0.0,0.0,0.0,0.0,948,11,0.0,0.0,0.0,0.0,947.5,0.0
1,431300,VOLCANIC_ROCK_VOUCHER_9500,946.0,19.0,0.0,0.0,0.0,0.0,947,19,0.0,0.0,0.0,0.0,946.5,0.0
1,431400,VOLCANIC_ROCK_VOUCHER_9500,946.0,22.0,0.0,0.0,0.0,0.0,947,22,0.0,0.0,0.0,0.0,946.5,0.0
1,431500,VOLCANIC_ROCK_VOUCHER_9500,945.0,24.0,0.0,0.0,0.0,0.0,946,12,0.0,0.0,0.0,0.0,945.5,0.0
1,431600,VOLCANIC_ROCK_VOUCHER_9500,942.0,15.0,0.0,0.0,0.0,0.0,943,15,0.0,0.0,0.0,0.0,942.5,0.0
1,431700,VOLCANIC_ROCK_VOUCHER_9500,942.0,1.0,0.0,0.0,0.0,0.0,944,16,0.0,0.0,0.0,0.0,943.0,0.0
1,431800,VOLCANIC_ROCK_VOUCHER_9500,936.0,13.0,0.0,0.0,0.0,0.0,937,13,0.0,0.0,0.0,0.0,936.5,0.0
1,431900,VOLCANIC_ROCK_VOUCHER_9500,937.0,16.0,0.0,0.0,0.0,0.0,938,16,0.0,0.0,0.0,0.0,937.5,0.0
1,432000,VOLCANIC_ROCK_VOUCHER_9500,936.0,19.0,0.0,0.0,0.0,0.0,937,19,0.0,0.0,0.0,0.0,936.5,0.0
1,432100,VOLCANIC_ROCK_VOUCHER_9500,932.0,11.0,0.0,0.0,0.0,0.0,933,11,0.0,0.0,0.0,0.0,932.5,0.0
1,432200,VOLCANIC_ROCK_VOUCHER_9500,932.0,18.0,0.0,0.0,0.0,0.0,933,18,0.0,0.0,0.0,0.0,932.5,0.0
1,432300,VOLCANIC_ROCK_VOUCHER_9500,932.0,12.0,0.0,0.0,0.0,0.0,933,12,0.0,0.0,0.0,0.0,932.5,0.0
1,432400,VOLCANIC_ROCK_VOUCHER_9500,934.0,20.0,0.0,0.0,0.0,0.0,935,20,0.0,0.0,0.0,0.0,934.5,0.0
1,432500,VOLCANIC_ROCK_VOUCHER_9500,935.0,20.0,0.0,0.0,0.0,0.0,936,20,0.0,0.0,0.0,0.0,935.5,0.0
1,432600,VOLCANIC_ROCK_VOUCHER_9500,933.0,17.0,0.0,0.0,0.0,0.0,934,17,0.0,0.0,0.0,0.0,933.5,0.0
1,432700,VOLCANIC_ROCK_VOUCHER_9500,933.0,12.0,0.0,0.0,0.0,0.0,934,12,0.0,0.0,0.0,0.0,933.5,0.0
1,432800,VOLCANIC_ROCK_VOUCHER_9500,933.0,16.0,0.0,0.0,0.0,0.0,934,16,0.0,0.0,0.0,0.0,933.5,0.0
1,432900,VOLCANIC_ROCK_VOUCHER_9500,932.0,16.0,0.0,0.0,0.0,0.0,933,16,0.0,0.0,0.0,0.0,932.5,0.0
1,433000,VOLCANIC_ROCK_VOUCHER_9500,933.0,14.0,0.0,0.0,0.0,0.0,934,14,0.0,0.0,0.0,0.0,933.5,0.0
1,433100,VOLCANIC_ROCK_VOUCHER_9500,933.0,14.0,0.0,0.0,0.0,0.0,934,14,0.0,0.0,0.0,0.0,933.5,0.0
1,433200,VOLCANIC_ROCK_VOUCHER_9500,934.0,1.0,0.0,0.0,0.0,0.0,935,12,0.0,0.0,0.0,0.0,934.5,0.0
1,433300,VOLCANIC_ROCK_VOUCHER_9500,933.0,16.0,0.0,0.0,0.0,0.0,934,16,0.0,0.0,0.0,0.0,933.5,0.0
1,433400,VOLCANIC_ROCK_VOUCHER_9500,934.0,30.0,0.0,0.0,0.0,0.0,935,12,0.0,0.0,0.0,0.0,934.5,0.0
1,433500,VOLCANIC_ROCK_VOUCHER_9500,933.0,18.0,0.0,0.0,0.0,0.0,934,18,0.0,0.0,0.0,0.0,933.5,0.0
1,433600,VOLCANIC_ROCK_VOUCHER_9500,931.0,18.0,0.0,0.0,0.0,0.0,933,18,0.0,0.0,0.0,0.0,932.0,0.0
1,433700,VOLCANIC_ROCK_VOUCHER_9500,930.0,12.0,0.0,0.0,0.0,0.0,931,12,0.0,0.0,0.0,0.0,930.5,0.0
1,433800,VOLCANIC_ROCK_VOUCHER_9500,932.0,11.0,0.0,0.0,0.0,0.0,933,11,0.0,0.0,0.0,0.0,932.5,0.0
1,433900,VOLCANIC_ROCK_VOUCHER_9500,932.0,17.0,0.0,0.0,0.0,0.0,934,17,0.0,0.0,0.0,0.0,933.0,0.0
1,434000,VOLCANIC_ROCK_VOUCHER_9500,931.0,16.0,0.0,0.0,0.0,0.0,932,16,0.0,0.0,0.0,0.0,931.5,0.0
1,434100,VOLCANIC_ROCK_VOUCHER_9500,928.0,19.0,0.0,0.0,0.0,0.0,929,19,0.0,0.0,0.0,0.0,928.5,0.0
1,434200,VOLCANIC_ROCK_VOUCHER_9500,928.0,11.0,0.0,0.0,0.0,0.0,930,11,0.0,0.0,0.0,0.0,929.0,0.0
1,434300,VOLCANIC_ROCK_VOUCHER_9500,925.0,16.0,0.0,0.0,0.0,0.0,926,16,0.0,0.0,0.0,0.0,925.5,0.0
1,434400,VOLCANIC_ROCK_VOUCHER_9500,923.0,13.0,922.0,19.0,0.0,0.0,924,19,0.0,0.0,0.0,0.0,923.5,0.0
1,434500,VOLCANIC_ROCK_VOUCHER_9500,921.0,17.0,0.0,0.0,0.0,0.0,923,17,0.0,0.0,0.0,0.0,922.0,0.0
1,434600,VOLCANIC_ROCK_VOUCHER_9500,917.0,2.0,916.0,17.0,0.0,0.0,918,19,0.0,0.0,0.0,0.0,917.5,0.0
1,434700,VOLCANIC_ROCK_VOUCHER_9500,918.0,14.0,0.0,0.0,0.0,0.0,919,14,0.0,0.0,0.0,0.0,918.5,0.0
1,434800,VOLCANIC_ROCK_VOUCHER_9500,919.0,16.0,0.0,0.0,0.0,0.0,920,16,0.0,0.0,0.0,0.0,919.5,0.0
1,434900,VOLCANIC_ROCK_VOUCHER_9500,919.0,17.0,0.0,0.0,0.0,0.0,920,17,0.0,0.0,0.0,0.0,919.5,0.0
1,435000,VOLCANIC_ROCK_VOUCHER_9500,919.0,17.0,0.0,0.0,0.0,0.0,920,17,0.0,0.0,0.0,0.0,919.5,0.0
1,435100,VOLCANIC_ROCK_VOUCHER_9500,917.0,15.0,0.0,0.0,0.0,0.0,918,15,0.0,0.0,0.0,0.0,917.5,0.0
1,435200,VOLCANIC_ROCK_VOUCHER_9500,918.0,14.0,0.0,0.0,0.0,0.0,919,14,0.0,0.0,0.0,0.0,918.5,0.0
1,435300,VOLCANIC_ROCK_VOUCHER_9500,920.0,13.0,0.0,0.0,0.0,0.0,921,13,0.0,0.0,0.0,0.0,920.5,0.0
1,435400,VOLCANIC_ROCK_VOUCHER_9500,918.0,20.0,0.0,0.0,0.0,0.0,919,20,0.0,0.0,0.0,0.0,918.5,0.0
1,435500,VOLCANIC_ROCK_VOUCHER_9500,917.0,16.0,0.0,0.0,0.0,0.0,918,16,0.0,0.0,0.0,0.0,917.5,0.0
1,435600,VOLCANIC_ROCK_VOUCHER_9500,915.0,28.0,0.0,0.0,0.0,0.0,916,15,0.0,0.0,0.0,0.0,915.5,0.0
1,435700,VOLCANIC_ROCK_VOUCHER_9500,913.0,20.0,0.0,0.0,0.0,0.0,914,20,0.0,0.0,0.0,0.0,913.5,0.0
1,435800,VOLCANIC_ROCK_VOUCHER_9500,916.0,22.0,0.0,0.0,0.0,0.0,917,22,0.0,0.0,0.0,0.0,916.5,0.0
1,435900,VOLCANIC_ROCK_VOUCHER_9500,918.0,20.0,0.0,0.0,0.0,0.0,919,20,0.0,0.0,0.0,0.0,918.5,0.0
1,436000,VOLCANIC_ROCK_VOUCHER_9500,919.0,10.0,0.0,0.0,0.0,0.0,920,10,0.0,0.0,0.0,0.0,919.5,0.0
1,436100,VOLCANIC_ROCK_VOUCHER_9500,917.0,12.0,0.0,0.0,0.0,0.0,919,12,0.0,0.0,0.0,0.0,918.0,0.0
1,436200,VOLCANIC_ROCK_VOUCHER_9500,917.0,12.0,0.0,0.0,0.0,0.0,918,12,0.0,0.0,0.0,0.0,917.5,0.0
1,436300,VOLCANIC_ROCK_VOUCHER_9500,915.0,14.0,0.0,0.0,0.0,0.0,916,14,0.0,0.0,0.0,0.0,915.5,0.0
1,436400,VOLCANIC_ROCK_VOUCHER_9500,918.0,19.0,0.0,0.0,0.0,0.0,919,19,0.0,0.0,0.0,0.0,918.5,0.0
1,436500,VOLCANIC_ROCK_VOUCHER_9500,919.0,20.0,0.0,0.0,0.0,0.0,920,20,0.0,0.0,0.0,0.0,919.5,0.0
1,436600,VOLCANIC_ROCK_VOUCHER_9500,915.0,19.0,0.0,0.0,0.0,0.0,916,19,0.0,0.0,0.0,0.0,915.5,0.0
1,436700,VOLCANIC_ROCK_VOUCHER_9500,917.0,10.0,0.0,0.0,0.0,0.0,918,10,0.0,0.0,0.0,0.0,917.5,0.0
1,436800,VOLCANIC_ROCK_VOUCHER_9500,915.0,14.0,0.0,0.0,0.0,0.0,917,14,0.0,0.0,0.0,0.0,916.0,0.0
1,436900,VOLCANIC_ROCK_VOUCHER_9500,916.0,35.0,0.0,0.0,0.0,0.0,917,16,0.0,0.0,0.0,0.0,916.5,0.0
1,437000,VOLCANIC_ROCK_VOUCHER_9500,912.0,12.0,0.0,0.0,0.0,0.0,913,12,0.0,0.0,0.0,0.0,912.5,0.0
1,437100,VOLCANIC_ROCK_VOUCHER_9500,0.0,0.0,0.0,0.0,0.0,0.0,910,3,911.0,13.0,0.0,0.0,910.0,0.0
1,437200,VOLCANIC_ROCK_VOUCHER_9500,909.0,12.0,0.0,0.0,0.0,0.0,910,12,0.0,0.0,0.0,0.0,909.5,0.0
1,437300,VOLCANIC_ROCK_VOUCHER_9500,906.0,14.0,0.0,0.0,0.0,0.0,907,14,0.0,0.0,0.0,0.0,906.5,0.0
1,437400,VOLCANIC_ROCK_VOUCHER_9500,905.0,16.0,0.0,0.0,0.0,0.0,906,16,0.0,0.0,0.0,0.0,905.5,0.0
1,437500,VOLCANIC_ROCK_VOUCHER_9500,909.0,16.0,0.0,0.0,0.0,0.0,910,16,0.0,0.0,0.0,0.0,909.5,0.0
1,437600,VOLCANIC_ROCK_VOUCHER_9500,905.0,16.0,0.0,0.0,0.0,0.0,906,16,0.0,0.0,0.0,0.0,905.5,0.0
1,437700,VOLCANIC_ROCK_VOUCHER_9500,903.0,16.0,0.0,0.0,0.0,0.0,904,16,0.0,0.0,0.0,0.0,903.5,0.0
1,437800,VOLCANIC_ROCK_VOUCHER_9500,902.0,21.0,0.0,0.0,0.0,0.0,903,21,0.0,0.0,0.0,0.0,902.5,0.0
1,437900,VOLCANIC_ROCK_VOUCHER_9500,895.0,17.0,0.0,0.0,0.0,0.0,896,17,0.0,0.0,0.0,0.0,895.5,0.0
1,438000,VOLCANIC_ROCK_VOUCHER_9500,898.0,10.0,0.0,0.0,0.0,0.0,899,10,0.0,0.0,0.0,0.0,898.5,0.0
1,438100,VOLCANIC_ROCK_VOUCHER_9500,897.0,14.0,0.0,0.0,0.0,0.0,898,14,0.0,0.0,0.0,0.0,897.5,0.0
1,438200,VOLCANIC_ROCK_VOUCHER_9500,898.0,11.0,0.0,0.0,0.0,0.0,899,11,0.0,0.0,0.0,0.0,898.5,0.0
1,438300,VOLCANIC_ROCK_VOUCHER_9500,898.0,16.0,0.0,0.0,0.0,0.0,899,16,0.0,0.0,0.0,0.0,898.5,0.0
1,438400,VOLCANIC_ROCK_VOUCHER_9500,898.0,32.0,0.0,0.0,0.0,0.0,899,20,0.0,0.0,0.0,0.0,898.5,0.0
1,438500,VOLCANIC_ROCK_VOUCHER_9500,0.0,0.0,0.0,0.0,0.0,0.0,900,8,901.0,11.0,0.0,0.0,900.0,0.0
1,438600,VOLCANIC_ROCK_VOUCHER_9500,902.0,19.0,0.0,0.0,0.0,0.0,903,19,0.0,0.0,0.0,0.0,902.5,0.0
1,438700,VOLCANIC_ROCK_VOUCHER_9500,901.0,19.0,0.0,0.0,0.0,0.0,902,19,0.0,0.0,0.0,0.0,901.5,0.0
1,438800,VOLCANIC_ROCK_VOUCHER_9500,903.0,19.0,0.0,0.0,0.0,0.0,904,19,0.0,0.0,0.0,0.0,903.5,0.0
1,438900,VOLCANIC_ROCK_VOUCHER_9500,907.0,15.0,0.0,0.0,0.0,0.0,908,15,0.0,0.0,0.0,0.0,907.5,0.0
1,439000,VOLCANIC_ROCK_VOUCHER_9500,908.0,15.0,0.0,0.0,0.0,0.0,909,15,0.0,0.0,0.0,0.0,908.5,0.0
1,439100,VOLCANIC_ROCK_VOUCHER_9500,906.0,13.0,0.0,0.0,0.0,0.0,908,13,0.0,0.0,0.0,0.0,907.0,0.0
1,439200,VOLCANIC_ROCK_VOUCHER_9500,905.0,13.0,0.0,0.0,0.0,0.0,906,13,0.0,0.0,0.0,0.0,905.5,0.0
1,439300,VOLCANIC_ROCK_VOUCHER_9500,904.0,14.0,0.0,0.0,0.0,0.0,906,14,0.0,0.0,0.0,0.0,905.0,0.0
1,439400,VOLCANIC_ROCK_VOUCHER_9500,905.0,13.0,0.0,0.0,0.0,0.0,906,13,0.0,0.0,0.0,0.0,905.5,0.0
1,439500,VOLCANIC_ROCK_VOUCHER_9500,900.0,36.0,0.0,0.0,0.0,0.0,901,21,0.0,0.0,0.0,0.0,900.5,0.0
1,439600,VOLCANIC_ROCK_VOUCHER_9500,901.0,15.0,0.0,0.0,0.0,0.0,902,15,0.0,0.0,0.0,0.0,901.5,0.0
1,439700,VOLCANIC_ROCK_VOUCHER_9500,900.0,15.0,0.0,0.0,0.0,0.0,902,15,0.0,0.0,0.0,0.0,901.0,0.0
1,439800,VOLCANIC_ROCK_VOUCHER_9500,900.0,20.0,0.0,0.0,0.0,0.0,902,20,0.0,0.0,0.0,0.0,901.0,0.0
1,439900,VOLCANIC_ROCK_VOUCHER_9500,901.0,1.0,0.0,0.0,0.0,0.0,902,18,0.0,0.0,0.0,0.0,901.5,0.0
1,440000,VOLCANIC_ROCK_VOUCHER_9500,900.0,11.0,0.0,0.0,0.0,0.0,901,11,0.0,0.0,0.0,0.0,900.5,0.0
1,440100,VOLCANIC_ROCK_VOUCHER_9500,902.0,29.0,0.0,0.0,0.0,0.0,903,19,0.0,0.0,0.0,0.0,902.5,0.0
1,440200,VOLCANIC_ROCK_VOUCHER_9500,0.0,0.0,0.0,0.0,0.0,0.0,905,6,906.0,10.0,0.0,0.0,905.0,0.0
1,440300,VOLCANIC_ROCK_VOUCHER_9500,908.0,10.0,0.0,0.0,0.0,0.0,909,10,0.0,0.0,0.0,0.0,908.5,0.0
1,440400,VOLCANIC_ROCK_VOUCHER_9500,906.0,21.0,0.0,0.0,0.0,0.0,907,21,0.0,0.0,0.0,0.0,906.5,0.0
1,440500,VOLCANIC_ROCK_VOUCHER_9500,908.0,12.0,0.0,0.0,0.0,0.0,909,12,0.0,0.0,0.0,0.0,908.5,0.0
1,440600,VOLCANIC_ROCK_VOUCHER_9500,911.0,18.0,0.0,0.0,0.0,0.0,912,18,0.0,0.0,0.0,0.0,911.5,0.0
1,440700,VOLCANIC_ROCK_VOUCHER_9500,909.0,20.0,0.0,0.0,0.0,0.0,910,20,0.0,0.0,0.0,0.0,909.5,0.0
1,440800,VOLCANIC_ROCK_VOUCHER_9500,912.0,16.0,0.0,0.0,0.0,0.0,913,16,0.0,0.0,0.0,0.0,912.5,0.0
1,440900,VOLCANIC_ROCK_VOUCHER_9500,915.0,20.0,0.0,0.0,0.0,0.0,917,20,0.0,0.0,0.0,0.0,916.0,0.0
1,441000,VOLCANIC_ROCK_VOUCHER_9500,915.0,3.0,0.0,0.0,0.0,0.0,916,13,0.0,0.0,0.0,0.0,915.5,0.0
1,441100,VOLCANIC_ROCK_VOUCHER_9500,913.0,19.0,0.0,0.0,0.0,0.0,914,19,0.0,0.0,0.0,0.0,913.5,0.0
1,441200,VOLCANIC_ROCK_VOUCHER_9500,914.0,12.0,0.0,0.0,0.0,0.0,916,12,0.0,0.0,0.0,0.0,915.0,0.0
1,441300,VOLCANIC_ROCK_VOUCHER_9500,914.0,21.0,0.0,0.0,0.0,0.0,915,21,0.0,0.0,0.0,0.0,914.5,0.0
1,441400,VOLCANIC_ROCK_VOUCHER_9500,915.0,15.0,0.0,0.0,0.0,0.0,916,15,0.0,0.0,0.0,0.0,915.5,0.0
1,441500,VOLCANIC_ROCK_VOUCHER_9500,915.0,19.0,0.0,0.0,0.0,0.0,916,19,0.0,0.0,0.0,0.0,915.5,0.0
1,441600,VOLCANIC_ROCK_VOUCHER_9500,915.0,22.0,0.0,0.0,0.0,0.0,916,22,0.0,0.0,0.0,0.0,915.5,0.0
1,441700,VOLCANIC_ROCK_VOUCHER_9500,915.0,17.0,0.0,0.0,0.0,0.0,917,17,0.0,0.0,0.0,0.0,916.0,0.0
1,441800,VOLCANIC_ROCK_VOUCHER_9500,919.0,14.0,0.0,0.0,0.0,0.0,920,14,0.0,0.0,0.0,0.0,919.5,0.0
1,441900,VOLCANIC_ROCK_VOUCHER_9500,922.0,17.0,0.0,0.0,0.0,0.0,923,17,0.0,0.0,0.0,0.0,922.5,0.0
1,442000,VOLCANIC_ROCK_VOUCHER_9500,921.0,16.0,0.0,0.0,0.0,0.0,922,16,0.0,0.0,0.0,0.0,921.5,0.0
1,442100,VOLCANIC_ROCK_VOUCHER_9500,917.0,7.0,0.0,0.0,0.0,0.0,918,18,0.0,0.0,0.0,0.0,917.5,0.0
1,442200,VOLCANIC_ROCK_VOUCHER_9500,913.0,17.0,0.0,0.0,0.0,0.0,914,17,0.0,0.0,0.0,0.0,913.5,0.0
1,442300,VOLCANIC_ROCK_VOUCHER_9500,916.0,10.0,0.0,0.0,0.0,0.0,918,10,0.0,0.0,0.0,0.0,917.0,0.0
1,442400,VOLCANIC_ROCK_VOUCHER_9500,916.0,19.0,0.0,0.0,0.0,0.0,917,19,0.0,0.0,0.0,0.0,916.5,0.0
1,442500,VOLCANIC_ROCK_VOUCHER_9500,915.0,21.0,0.0,0.0,0.0,0.0,916,21,0.0,0.0,0.0,0.0,915.5,0.0
1,442600,VOLCANIC_ROCK_VOUCHER_9500,914.0,19.0,0.0,0.0,0.0,0.0,915,19,0.0,0.0,0.0,0.0,914.5,0.0
1,442700,VOLCANIC_ROCK_VOUCHER_9500,911.0,15.0,0.0,0.0,0.0,0.0,913,15,0.0,0.0,0.0,0.0,912.0,0.0
1,442800,VOLCANIC_ROCK_VOUCHER_9500,911.0,20.0,0.0,0.0,0.0,0.0,913,20,0.0,0.0,0.0,0.0,912.0,0.0
1,442900,VOLCANIC_ROCK_VOUCHER_9500,910.0,19.0,0.0,0.0,0.0,0.0,911,19,0.0,0.0,0.0,0.0,910.5,0.0
1,443000,VOLCANIC_ROCK_VOUCHER_9500,909.0,15.0,0.0,0.0,0.0,0.0,910,15,0.0,0.0,0.0,0.0,909.5,0.0
1,443100,VOLCANIC_ROCK_VOUCHER_9500,915.0,14.0,0.0,0.0,0.0,0.0,916,14,0.0,0.0,0.0,0.0,915.5,0.0
1,443200,VOLCANIC_ROCK_VOUCHER_9500,916.0,19.0,0.0,0.0,0.0,0.0,917,19,0.0,0.0,0.0,0.0,916.5,0.0
1,443300,VOLCANIC_ROCK_VOUCHER_9500,917.0,22.0,0.0,0.0,0.0,0.0,918,22,0.0,0.0,0.0,0.0,917.5,0.0
1,443400,VOLCANIC_ROCK_VOUCHER_9500,922.0,21.0,0.0,0.0,0.0,0.0,923,21,0.0,0.0,0.0,0.0,922.5,0.0
1,443500,VOLCANIC_ROCK_VOUCHER_9500,923.0,17.0,0.0,0.0,0.0,0.0,924,17,0.0,0.0,0.0,0.0,923.5,0.0
1,443600,VOLCANIC_ROCK_VOUCHER_9500,923.0,15.0,0.0,0.0,0.0,0.0,924,15,0.0,0.0,0.0,0.0,923.5,0.0
1,443700,VOLCANIC_ROCK_VOUCHER_9500,926.0,19.0,0.0,0.0,0.0,0.0,927,19,0.0,0.0,0.0,0.0,926.5,0.0
1,443800,VOLCANIC_ROCK_VOUCHER_9500,926.0,12.0,0.0,0.0,0.0,0.0,927,12,0.0,0.0,0.0,0.0,926.5,0.0
1,443900,VOLCANIC_ROCK_VOUCHER_9500,924.0,12.0,0.0,0.0,0.0,0.0,925,12,0.0,0.0,0.0,0.0,924.5,0.0
1,444000,VOLCANIC_ROCK_VOUCHER_9500,0.0,0.0,0.0,0.0,0.0,0.0,924,1,925.0,16.0,0.0,0.0,924.0,0.0
1,444100,VOLCANIC_ROCK_VOUCHER_9500,921.0,21.0,0.0,0.0,0.0,0.0,922,21,0.0,0.0,0.0,0.0,921.5,0.0
1,444200,VOLCANIC_ROCK_VOUCHER_9500,920.0,19.0,0.0,0.0,0.0,0.0,921,19,0.0,0.0,0.0,0.0,920.5,0.0
1,444300,VOLCANIC_ROCK_VOUCHER_9500,917.0,18.0,0.0,0.0,0.0,0.0,918,18,0.0,0.0,0.0,0.0,917.5,0.0
1,444400,VOLCANIC_ROCK_VOUCHER_9500,917.0,4.0,0.0,0.0,0.0,0.0,919,14,0.0,0.0,0.0,0.0,918.0,0.0
1,444500,VOLCANIC_ROCK_VOUCHER_9500,921.0,16.0,0.0,0.0,0.0,0.0,922,16,0.0,0.0,0.0,0.0,921.5,0.0
1,444600,VOLCANIC_ROCK_VOUCHER_9500,922.0,18.0,0.0,0.0,0.0,0.0,923,18,0.0,0.0,0.0,0.0,922.5,0.0
1,444700,VOLCANIC_ROCK_VOUCHER_9500,922.0,18.0,0.0,0.0,0.0,0.0,923,18,0.0,0.0,0.0,0.0,922.5,0.0
1,444800,VOLCANIC_ROCK_VOUCHER_9500,918.0,13.0,0.0,0.0,0.0,0.0,919,13,0.0,0.0,0.0,0.0,918.5,0.0
1,444900,VOLCANIC_ROCK_VOUCHER_9500,916.0,18.0,0.0,0.0,0.0,0.0,917,18,0.0,0.0,0.0,0.0,916.5,0.0
1,445000,VOLCANIC_ROCK_VOUCHER_9500,915.0,22.0,0.0,0.0,0.0,0.0,916,22,0.0,0.0,0.0,0.0,915.5,0.0
1,445100,VOLCANIC_ROCK_VOUCHER_9500,915.0,18.0,0.0,0.0,0.0,0.0,916,18,0.0,0.0,0.0,0.0,915.5,0.0
1,445200,VOLCANIC_ROCK_VOUCHER_9500,915.0,10.0,0.0,0.0,0.0,0.0,916,10,0.0,0.0,0.0,0.0,915.5,0.0
1,445300,VOLCANIC_ROCK_VOUCHER_9500,915.0,13.0,0.0,0.0,0.0,0.0,916,13,0.0,0.0,0.0,0.0,915.5,0.0
1,445400,VOLCANIC_ROCK_VOUCHER_9500,0.0,0.0,0.0,0.0,0.0,0.0,917,5,918.0,13.0,0.0,0.0,917.0,0.0
1,445500,VOLCANIC_ROCK_VOUCHER_9500,911.0,13.0,0.0,0.0,0.0,0.0,912,13,0.0,0.0,0.0,0.0,911.5,0.0
1,445600,VOLCANIC_ROCK_VOUCHER_9500,911.0,13.0,0.0,0.0,0.0,0.0,912,13,0.0,0.0,0.0,0.0,911.5,0.0
1,445700,VOLCANIC_ROCK_VOUCHER_9500,909.0,19.0,0.0,0.0,0.0,0.0,911,19,0.0,0.0,0.0,0.0,910.0,0.0
1,445800,VOLCANIC_ROCK_VOUCHER_9500,910.0,14.0,0.0,0.0,0.0,0.0,911,14,0.0,0.0,0.0,0.0,910.5,0.0
1,445900,VOLCANIC_ROCK_VOUCHER_9500,907.0,13.0,0.0,0.0,0.0,0.0,908,2,909.0,11.0,0.0,0.0,907.5,0.0
1,446000,VOLCANIC_ROCK_VOUCHER_9500,908.0,15.0,0.0,0.0,0.0,0.0,909,15,0.0,0.0,0.0,0.0,908.5,0.0
1,446100,VOLCANIC_ROCK_VOUCHER_9500,902.0,19.0,0.0,0.0,0.0,0.0,903,19,0.0,0.0,0.0,0.0,902.5,0.0
1,446200,VOLCANIC_ROCK_VOUCHER_9500,901.0,18.0,0.0,0.0,0.0,0.0,902,18,0.0,0.0,0.0,0.0,901.5,0.0
1,446300,VOLCANIC_ROCK_VOUCHER_9500,903.0,12.0,0.0,0.0,0.0,0.0,904,12,0.0,0.0,0.0,0.0,903.5,0.0
1,446400,VOLCANIC_ROCK_VOUCHER_9500,905.0,13.0,0.0,0.0,0.0,0.0,906,13,0.0,0.0,0.0,0.0,905.5,0.0
1,446500,VOLCANIC_ROCK_VOUCHER_9500,903.0,19.0,0.0,0.0,0.0,0.0,904,19,0.0,0.0,0.0,0.0,903.5,0.0
1,446600,VOLCANIC_ROCK_VOUCHER_9500,902.0,11.0,0.0,0.0,0.0,0.0,903,11,0.0,0.0,0.0,0.0,902.5,0.0
1,446700,VOLCANIC_ROCK_VOUCHER_9500,904.0,10.0,0.0,0.0,0.0,0.0,905,10,0.0,0.0,0.0,0.0,904.5,0.0
1,446800,VOLCANIC_ROCK_VOUCHER_9500,906.0,13.0,0.0,0.0,0.0,0.0,907,13,0.0,0.0,0.0,0.0,906.5,0.0
1,446900,VOLCANIC_ROCK_VOUCHER_9500,903.0,20.0,0.0,0.0,0.0,0.0,904,20,0.0,0.0,0.0,0.0,903.5,0.0
1,447000,VOLCANIC_ROCK_VOUCHER_9500,903.0,21.0,0.0,0.0,0.0,0.0,904,21,0.0,0.0,0.0,0.0,903.5,0.0
1,447100,VOLCANIC_ROCK_VOUCHER_9500,903.0,16.0,0.0,0.0,0.0,0.0,904,16,0.0,0.0,0.0,0.0,903.5,0.0
1,447200,VOLCANIC_ROCK_VOUCHER_9500,904.0,13.0,0.0,0.0,0.0,0.0,906,13,0.0,0.0,0.0,0.0,905.0,0.0
1,447300,VOLCANIC_ROCK_VOUCHER_9500,903.0,14.0,0.0,0.0,0.0,0.0,905,14,0.0,0.0,0.0,0.0,904.0,0.0
1,447400,VOLCANIC_ROCK_VOUCHER_9500,903.0,21.0,0.0,0.0,0.0,0.0,904,21,0.0,0.0,0.0,0.0,903.5,0.0
1,447500,VOLCANIC_ROCK_VOUCHER_9500,905.0,19.0,0.0,0.0,0.0,0.0,906,19,0.0,0.0,0.0,0.0,905.5,0.0
1,447600,VOLCANIC_ROCK_VOUCHER_9500,905.0,22.0,0.0,0.0,0.0,0.0,907,22,0.0,0.0,0.0,0.0,906.0,0.0
1,447700,VOLCANIC_ROCK_VOUCHER_9500,905.0,17.0,0.0,0.0,0.0,0.0,906,17,0.0,0.0,0.0,0.0,905.5,0.0
1,447800,VOLCANIC_ROCK_VOUCHER_9500,903.0,12.0,0.0,0.0,0.0,0.0,905,12,0.0,0.0,0.0,0.0,904.0,0.0
1,447900,VOLCANIC_ROCK_VOUCHER_9500,902.0,14.0,0.0,0.0,0.0,0.0,903,14,0.0,0.0,0.0,0.0,902.5,0.0
1,448000,VOLCANIC_ROCK_VOUCHER_9500,904.0,31.0,0.0,0.0,0.0,0.0,905,14,0.0,0.0,0.0,0.0,904.5,0.0
1,448100,VOLCANIC_ROCK_VOUCHER_9500,904.0,30.0,0.0,0.0,0.0,0.0,905,14,0.0,0.0,0.0,0.0,904.5,0.0
1,448200,VOLCANIC_ROCK_VOUCHER_9500,905.0,18.0,0.0,0.0,0.0,0.0,906,18,0.0,0.0,0.0,0.0,905.5,0.0
1,448300,VOLCANIC_ROCK_VOUCHER_9500,904.0,15.0,0.0,0.0,0.0,0.0,905,15,0.0,0.0,0.0,0.0,904.5,0.0
1,448400,VOLCANIC_ROCK_VOUCHER_9500,906.0,7.0,0.0,0.0,0.0,0.0,907,13,0.0,0.0,0.0,0.0,906.5,0.0
1,448500,VOLCANIC_ROCK_VOUCHER_9500,904.0,18.0,0.0,0.0,0.0,0.0,905,18,0.0,0.0,0.0,0.0,904.5,0.0
1,448600,VOLCANIC_ROCK_VOUCHER_9500,902.0,10.0,0.0,0.0,0.0,0.0,904,10,0.0,0.0,0.0,0.0,903.0,0.0
1,448700,VOLCANIC_ROCK_VOUCHER_9500,904.0,11.0,0.0,0.0,0.0,0.0,905,11,0.0,0.0,0.0,0.0,904.5,0.0
1,448800,VOLCANIC_ROCK_VOUCHER_9500,905.0,14.0,904.0,20.0,0.0,0.0,906,19,0.0,0.0,0.0,0.0,905.5,0.0
1,448900,VOLCANIC_ROCK_VOUCHER_9500,905.0,13.0,0.0,0.0,0.0,0.0,907,13,0.0,0.0,0.0,0.0,906.0,0.0
1,449000,VOLCANIC_ROCK_VOUCHER_9500,904.0,19.0,0.0,0.0,0.0,0.0,905,19,0.0,0.0,0.0,0.0,904.5,0.0
1,449100,VOLCANIC_ROCK_VOUCHER_9500,903.0,21.0,0.0,0.0,0.0,0.0,904,21,0.0,0.0,0.0,0.0,903.5,0.0
1,449200,VOLCANIC_ROCK_VOUCHER_9500,904.0,13.0,0.0,0.0,0.0,0.0,905,13,0.0,0.0,0.0,0.0,904.5,0.0
1,449300,VOLCANIC_ROCK_VOUCHER_9500,903.0,13.0,0.0,0.0,0.0,0.0,904,13,0.0,0.0,0.0,0.0,903.5,0.0
1,449400,VOLCANIC_ROCK_VOUCHER_9500,902.0,15.0,0.0,0.0,0.0,0.0,903,15,0.0,0.0,0.0,0.0,902.5,0.0
1,449500,VOLCANIC_ROCK_VOUCHER_9500,896.0,15.0,0.0,0.0,0.0,0.0,897,15,0.0,0.0,0.0,0.0,896.5,0.0
1,449600,VOLCANIC_ROCK_VOUCHER_9500,898.0,18.0,0.0,0.0,0.0,0.0,899,18,0.0,0.0,0.0,0.0,898.5,0.0
1,449700,VOLCANIC_ROCK_VOUCHER_9500,897.0,11.0,0.0,0.0,0.0,0.0,899,11,0.0,0.0,0.0,0.0,898.0,0.0
1,449800,VOLCANIC_ROCK_VOUCHER_9500,896.0,19.0,0.0,0.0,0.0,0.0,897,19,0.0,0.0,0.0,0.0,896.5,0.0
1,449900,VOLCANIC_ROCK_VOUCHER_9500,895.0,13.0,0.0,0.0,0.0,0.0,896,13,0.0,0.0,0.0,0.0,895.5,0.0
1,450000,VOLCANIC_ROCK_VOUCHER_9500,0.0,0.0,0.0,0.0,0.0,0.0,896,6,897.0,13.0,0.0,0.0,896.0,0.0
1,450100,VOLCANIC_ROCK_VOUCHER_9500,895.0,18.0,0.0,0.0,0.0,0.0,896,18,0.0,0.0,0.0,0.0,895.5,0.0
1,450200,VOLCANIC_ROCK_VOUCHER_9500,895.0,12.0,0.0,0.0,0.0,0.0,896,12,0.0,0.0,0.0,0.0,895.5,0.0
1,450300,VOLCANIC_ROCK_VOUCHER_9500,898.0,14.0,0.0,0.0,0.0,0.0,899,14,0.0,0.0,0.0,0.0,898.5,0.0
1,450400,VOLCANIC_ROCK_VOUCHER_9500,896.0,16.0,0.0,0.0,0.0,0.0,897,16,0.0,0.0,0.0,0.0,896.5,0.0
1,450500,VOLCANIC_ROCK_VOUCHER_9500,896.0,13.0,0.0,0.0,0.0,0.0,897,13,0.0,0.0,0.0,0.0,896.5,0.0
1,450600,VOLCANIC_ROCK_VOUCHER_9500,895.0,8.0,0.0,0.0,0.0,0.0,896,18,0.0,0.0,0.0,0.0,895.5,0.0
1,450700,VOLCANIC_ROCK_VOUCHER_9500,894.0,11.0,0.0,0.0,0.0,0.0,895,11,0.0,0.0,0.0,0.0,894.5,0.0
1,450800,VOLCANIC_ROCK_VOUCHER_9500,890.0,21.0,0.0,0.0,0.0,0.0,892,21,0.0,0.0,0.0,0.0,891.0,0.0
1,450900,VOLCANIC_ROCK_VOUCHER_9500,893.0,20.0,0.0,0.0,0.0,0.0,894,20,0.0,0.0,0.0,0.0,893.5,0.0
1,451000,VOLCANIC_ROCK_VOUCHER_9500,893.0,16.0,0.0,0.0,0.0,0.0,894,16,0.0,0.0,0.0,0.0,893.5,0.0
1,451100,VOLCANIC_ROCK_VOUCHER_9500,896.0,12.0,0.0,0.0,0.0,0.0,897,12,0.0,0.0,0.0,0.0,896.5,0.0
1,451200,VOLCANIC_ROCK_VOUCHER_9500,896.0,22.0,0.0,0.0,0.0,0.0,897,22,0.0,0.0,0.0,0.0,896.5,0.0
1,451300,VOLCANIC_ROCK_VOUCHER_9500,896.0,14.0,0.0,0.0,0.0,0.0,897,14,0.0,0.0,0.0,0.0,896.5,0.0
1,451400,VOLCANIC_ROCK_VOUCHER_9500,899.0,15.0,0.0,0.0,0.0,0.0,900,15,0.0,0.0,0.0,0.0,899.5,0.0
1,451500,VOLCANIC_ROCK_VOUCHER_9500,896.0,13.0,0.0,0.0,0.0,0.0,897,19,0.0,0.0,0.0,0.0,896.5,0.0
1,451600,VOLCANIC_ROCK_VOUCHER_9500,895.0,18.0,0.0,0.0,0.0,0.0,896,18,0.0,0.0,0.0,0.0,895.5,0.0
1,451700,VOLCANIC_ROCK_VOUCHER_9500,895.0,21.0,0.0,0.0,0.0,0.0,896,21,0.0,0.0,0.0,0.0,895.5,0.0
1,451800,VOLCANIC_ROCK_VOUCHER_9500,896.0,16.0,0.0,0.0,0.0,0.0,897,16,0.0,0.0,0.0,0.0,896.5,0.0
1,451900,VOLCANIC_ROCK_VOUCHER_9500,897.0,31.0,0.0,0.0,0.0,0.0,898,15,0.0,0.0,0.0,0.0,897.5,0.0
1,452000,VOLCANIC_ROCK_VOUCHER_9500,897.0,10.0,0.0,0.0,0.0,0.0,898,10,0.0,0.0,0.0,0.0,897.5,0.0
1,452100,VOLCANIC_ROCK_VOUCHER_9500,894.0,2.0,0.0,0.0,0.0,0.0,895,13,0.0,0.0,0.0,0.0,894.5,0.0
1,452200,VOLCANIC_ROCK_VOUCHER_9500,890.0,14.0,0.0,0.0,0.0,0.0,891,20,892.0,14.0,0.0,0.0,890.5,0.0
1,452300,VOLCANIC_ROCK_VOUCHER_9500,0.0,0.0,0.0,0.0,0.0,0.0,890,4,891.0,11.0,0.0,0.0,890.0,0.0
1,452400,VOLCANIC_ROCK_VOUCHER_9500,894.0,14.0,0.0,0.0,0.0,0.0,896,14,0.0,0.0,0.0,0.0,895.0,0.0
1,452500,VOLCANIC_ROCK_VOUCHER_9500,895.0,21.0,0.0,0.0,0.0,0.0,896,21,0.0,0.0,0.0,0.0,895.5,0.0
1,452600,VOLCANIC_ROCK_VOUCHER_9500,891.0,12.0,0.0,0.0,0.0,0.0,892,12,0.0,0.0,0.0,0.0,891.5,0.0
1,452700,VOLCANIC_ROCK_VOUCHER_9500,890.0,17.0,0.0,0.0,0.0,0.0,892,17,0.0,0.0,0.0,0.0,891.0,0.0
1,452800,VOLCANIC_ROCK_VOUCHER_9500,893.0,17.0,0.0,0.0,0.0,0.0,894,17,0.0,0.0,0.0,0.0,893.5,0.0
1,452900,VOLCANIC_ROCK_VOUCHER_9500,891.0,20.0,0.0,0.0,0.0,0.0,892,20,0.0,0.0,0.0,0.0,891.5,0.0
1,453000,VOLCANIC_ROCK_VOUCHER_9500,891.0,22.0,0.0,0.0,0.0,0.0,892,22,0.0,0.0,0.0,0.0,891.5,0.0
1,453100,VOLCANIC_ROCK_VOUCHER_9500,891.0,5.0,0.0,0.0,0.0,0.0,892,17,0.0,0.0,0.0,0.0,891.5,0.0
1,453200,VOLCANIC_ROCK_VOUCHER_9500,891.0,19.0,0.0,0.0,0.0,0.0,892,19,0.0,0.0,0.0,0.0,891.5,0.0
1,453300,VOLCANIC_ROCK_VOUCHER_9500,896.0,15.0,0.0,0.0,0.0,0.0,897,15,0.0,0.0,0.0,0.0,896.5,0.0
1,453400,VOLCANIC_ROCK_VOUCHER_9500,897.0,16.0,0.0,0.0,0.0,0.0,898,16,0.0,0.0,0.0,0.0,897.5,0.0
1,453500,VOLCANIC_ROCK_VOUCHER_9500,898.0,14.0,0.0,0.0,0.0,0.0,899,14,0.0,0.0,0.0,0.0,898.5,0.0
1,453600,VOLCANIC_ROCK_VOUCHER_9500,901.0,14.0,0.0,0.0,0.0,0.0,903,14,0.0,0.0,0.0,0.0,902.0,0.0
1,453700,VOLCANIC_ROCK_VOUCHER_9500,904.0,14.0,0.0,0.0,0.0,0.0,905,14,0.0,0.0,0.0,0.0,904.5,0.0
1,453800,VOLCANIC_ROCK_VOUCHER_9500,903.0,16.0,0.0,0.0,0.0,0.0,904,16,0.0,0.0,0.0,0.0,903.5,0.0
1,453900,VOLCANIC_ROCK_VOUCHER_9500,905.0,14.0,0.0,0.0,0.0,0.0,906,14,0.0,0.0,0.0,0.0,905.5,0.0
1,454000,VOLCANIC_ROCK_VOUCHER_9500,906.0,21.0,0.0,0.0,0.0,0.0,907,21,0.0,0.0,0.0,0.0,906.5,0.0
1,454100,VOLCANIC_ROCK_VOUCHER_9500,899.0,11.0,0.0,0.0,0.0,0.0,900,11,0.0,0.0,0.0,0.0,899.5,0.0
1,454200,VOLCANIC_ROCK_VOUCHER_9500,898.0,16.0,897.0,11.0,0.0,0.0,899,13,0.0,0.0,0.0,0.0,898.5,0.0
1,454300,VOLCANIC_ROCK_VOUCHER_9500,897.0,13.0,0.0,0.0,0.0,0.0,898,13,0.0,0.0,0.0,0.0,897.5,0.0
1,454400,VOLCANIC_ROCK_VOUCHER_9500,896.0,14.0,0.0,0.0,0.0,0.0,897,14,0.0,0.0,0.0,0.0,896.5,0.0
1,454500,VOLCANIC_ROCK_VOUCHER_9500,896.0,13.0,0.0,0.0,0.0,0.0,897,13,0.0,0.0,0.0,0.0,896.5,0.0
1,454600,VOLCANIC_ROCK_VOUCHER_9500,895.0,12.0,0.0,0.0,0.0,0.0,897,12,0.0,0.0,0.0,0.0,896.0,0.0
1,454700,VOLCANIC_ROCK_VOUCHER_9500,892.0,25.0,0.0,0.0,0.0,0.0,893,12,0.0,0.0,0.0,0.0,892.5,0.0
1,454800,VOLCANIC_ROCK_VOUCHER_9500,894.0,11.0,0.0,0.0,0.0,0.0,895,11,0.0,0.0,0.0,0.0,894.5,0.0
1,454900,VOLCANIC_ROCK_VOUCHER_9500,894.0,19.0,0.0,0.0,0.0,0.0,895,19,0.0,0.0,0.0,0.0,894.5,0.0
1,455000,VOLCANIC_ROCK_VOUCHER_9500,893.0,14.0,0.0,0.0,0.0,0.0,895,14,0.0,0.0,0.0,0.0,894.0,0.0
1,455100,VOLCANIC_ROCK_VOUCHER_9500,891.0,16.0,0.0,0.0,0.0,0.0,892,10,0.0,0.0,0.0,0.0,891.5,0.0
1,455200,VOLCANIC_ROCK_VOUCHER_9500,894.0,19.0,0.0,0.0,0.0,0.0,895,19,0.0,0.0,0.0,0.0,894.5,0.0
1,455300,VOLCANIC_ROCK_VOUCHER_9500,895.0,33.0,0.0,0.0,0.0,0.0,896,15,0.0,0.0,0.0,0.0,895.5,0.0
1,455400,VOLCANIC_ROCK_VOUCHER_9500,896.0,15.0,0.0,0.0,0.0,0.0,897,15,0.0,0.0,0.0,0.0,896.5,0.0
1,455500,VOLCANIC_ROCK_VOUCHER_9500,893.0,12.0,0.0,0.0,0.0,0.0,894,12,0.0,0.0,0.0,0.0,893.5,0.0
1,455600,VOLCANIC_ROCK_VOUCHER_9500,895.0,14.0,0.0,0.0,0.0,0.0,896,14,0.0,0.0,0.0,0.0,895.5,0.0
1,455700,VOLCANIC_ROCK_VOUCHER_9500,898.0,28.0,0.0,0.0,0.0,0.0,899,16,0.0,0.0,0.0,0.0,898.5,0.0
1,455800,VOLCANIC_ROCK_VOUCHER_9500,900.0,20.0,0.0,0.0,0.0,0.0,901,20,0.0,0.0,0.0,0.0,900.5,0.0
1,455900,VOLCANIC_ROCK_VOUCHER_9500,901.0,16.0,0.0,0.0,0.0,0.0,902,16,0.0,0.0,0.0,0.0,901.5,0.0
1,456000,VOLCANIC_ROCK_VOUCHER_9500,899.0,15.0,0.0,0.0,0.0,0.0,900,15,0.0,0.0,0.0,0.0,899.5,0.0
1,456100,VOLCANIC_ROCK_VOUCHER_9500,900.0,13.0,0.0,0.0,0.0,0.0,901,13,0.0,0.0,0.0,0.0,900.5,0.0
1,456200,VOLCANIC_ROCK_VOUCHER_9500,898.0,18.0,0.0,0.0,0.0,0.0,899,18,0.0,0.0,0.0,0.0,898.5,0.0
1,456300,VOLCANIC_ROCK_VOUCHER_9500,898.0,21.0,0.0,0.0,0.0,0.0,899,21,0.0,0.0,0.0,0.0,898.5,0.0
1,456400,VOLCANIC_ROCK_VOUCHER_9500,897.0,12.0,0.0,0.0,0.0,0.0,898,12,0.0,0.0,0.0,0.0,897.5,0.0
1,456500,VOLCANIC_ROCK_VOUCHER_9500,895.0,16.0,0.0,0.0,0.0,0.0,896,16,0.0,0.0,0.0,0.0,895.5,0.0
1,456600,VOLCANIC_ROCK_VOUCHER_9500,891.0,15.0,0.0,0.0,0.0,0.0,892,15,0.0,0.0,0.0,0.0,891.5,0.0
1,456700,VOLCANIC_ROCK_VOUCHER_9500,893.0,19.0,0.0,0.0,0.0,0.0,894,19,0.0,0.0,0.0,0.0,893.5,0.0
1,456800,VOLCANIC_ROCK_VOUCHER_9500,892.0,19.0,0.0,0.0,0.0,0.0,894,19,0.0,0.0,0.0,0.0,893.0,0.0
1,456900,VOLCANIC_ROCK_VOUCHER_9500,894.0,18.0,0.0,0.0,0.0,0.0,895,18,0.0,0.0,0.0,0.0,894.5,0.0
1,457000,VOLCANIC_ROCK_VOUCHER_9500,894.0,15.0,0.0,0.0,0.0,0.0,895,15,0.0,0.0,0.0,0.0,894.5,0.0
1,457100,VOLCANIC_ROCK_VOUCHER_9500,895.0,11.0,0.0,0.0,0.0,0.0,896,11,0.0,0.0,0.0,0.0,895.5,0.0
1,457200,VOLCANIC_ROCK_VOUCHER_9500,893.0,15.0,0.0,0.0,0.0,0.0,894,15,0.0,0.0,0.0,0.0,893.5,0.0
1,457300,VOLCANIC_ROCK_VOUCHER_9500,891.0,15.0,0.0,0.0,0.0,0.0,893,15,0.0,0.0,0.0,0.0,892.0,0.0
1,457400,VOLCANIC_ROCK_VOUCHER_9500,892.0,19.0,0.0,0.0,0.0,0.0,893,19,0.0,0.0,0.0,0.0,892.5,0.0
1,457500,VOLCANIC_ROCK_VOUCHER_9500,890.0,14.0,0.0,0.0,0.0,0.0,891,14,0.0,0.0,0.0,0.0,890.5,0.0
1,457600,VOLCANIC_ROCK_VOUCHER_9500,889.0,13.0,0.0,0.0,0.0,0.0,890,13,0.0,0.0,0.0,0.0,889.5,0.0
1,457700,VOLCANIC_ROCK_VOUCHER_9500,0.0,0.0,0.0,0.0,0.0,0.0,889,1,890.0,17.0,0.0,0.0,889.0,0.0
1,457800,VOLCANIC_ROCK_VOUCHER_9500,884.0,20.0,0.0,0.0,0.0,0.0,885,20,0.0,0.0,0.0,0.0,884.5,0.0
1,457900,VOLCANIC_ROCK_VOUCHER_9500,886.0,16.0,0.0,0.0,0.0,0.0,887,16,0.0,0.0,0.0,0.0,886.5,0.0
1,458000,VOLCANIC_ROCK_VOUCHER_9500,880.0,18.0,0.0,0.0,0.0,0.0,881,18,0.0,0.0,0.0,0.0,880.5,0.0
1,458100,VOLCANIC_ROCK_VOUCHER_9500,874.0,19.0,0.0,0.0,0.0,0.0,876,19,0.0,0.0,0.0,0.0,875.0,0.0
1,458200,VOLCANIC_ROCK_VOUCHER_9500,874.0,18.0,0.0,0.0,0.0,0.0,876,18,0.0,0.0,0.0,0.0,875.0,0.0
1,458300,VOLCANIC_ROCK_VOUCHER_9500,870.0,16.0,0.0,0.0,0.0,0.0,871,16,0.0,0.0,0.0,0.0,870.5,0.0
1,458400,VOLCANIC_ROCK_VOUCHER_9500,860.0,16.0,0.0,0.0,0.0,0.0,861,16,0.0,0.0,0.0,0.0,860.5,0.0
1,458500,VOLCANIC_ROCK_VOUCHER_9500,862.0,17.0,0.0,0.0,0.0,0.0,863,17,0.0,0.0,0.0,0.0,862.5,0.0
1,458600,VOLCANIC_ROCK_VOUCHER_9500,855.0,13.0,0.0,0.0,0.0,0.0,856,13,0.0,0.0,0.0,0.0,855.5,0.0
1,458700,VOLCANIC_ROCK_VOUCHER_9500,857.0,20.0,0.0,0.0,0.0,0.0,858,20,0.0,0.0,0.0,0.0,857.5,0.0
1,458800,VOLCANIC_ROCK_VOUCHER_9500,857.0,15.0,0.0,0.0,0.0,0.0,859,15,0.0,0.0,0.0,0.0,858.0,0.0
1,458900,VOLCANIC_ROCK_VOUCHER_9500,863.0,10.0,0.0,0.0,0.0,0.0,864,10,0.0,0.0,0.0,0.0,863.5,0.0
1,459000,VOLCANIC_ROCK_VOUCHER_9500,859.0,16.0,0.0,0.0,0.0,0.0,860,16,0.0,0.0,0.0,0.0,859.5,0.0
1,459100,VOLCANIC_ROCK_VOUCHER_9500,862.0,17.0,0.0,0.0,0.0,0.0,863,17,0.0,0.0,0.0,0.0,862.5,0.0
1,459200,VOLCANIC_ROCK_VOUCHER_9500,852.0,27.0,0.0,0.0,0.0,0.0,853,13,0.0,0.0,0.0,0.0,852.5,0.0
1,459300,VOLCANIC_ROCK_VOUCHER_9500,853.0,13.0,0.0,0.0,0.0,0.0,854,13,0.0,0.0,0.0,0.0,853.5,0.0
1,459400,VOLCANIC_ROCK_VOUCHER_9500,857.0,10.0,0.0,0.0,0.0,0.0,858,10,0.0,0.0,0.0,0.0,857.5,0.0
1,459500,VOLCANIC_ROCK_VOUCHER_9500,855.0,13.0,0.0,0.0,0.0,0.0,856,13,0.0,0.0,0.0,0.0,855.5,0.0
1,459600,VOLCANIC_ROCK_VOUCHER_9500,857.0,21.0,0.0,0.0,0.0,0.0,858,21,0.0,0.0,0.0,0.0,857.5,0.0
1,459700,VOLCANIC_ROCK_VOUCHER_9500,858.0,12.0,0.0,0.0,0.0,0.0,859,12,0.0,0.0,0.0,0.0,858.5,0.0
1,459800,VOLCANIC_ROCK_VOUCHER_9500,860.0,20.0,0.0,0.0,0.0,0.0,861,20,0.0,0.0,0.0,0.0,860.5,0.0
1,459900,VOLCANIC_ROCK_VOUCHER_9500,860.0,15.0,0.0,0.0,0.0,0.0,861,15,0.0,0.0,0.0,0.0,860.5,0.0
1,460000,VOLCANIC_ROCK_VOUCHER_9500,860.0,19.0,0.0,0.0,0.0,0.0,861,19,0.0,0.0,0.0,0.0,860.5,0.0
1,460100,VOLCANIC_ROCK_VOUCHER_9500,860.0,14.0,0.0,0.0,0.0,0.0,861,14,0.0,0.0,0.0,0.0,860.5,0.0
1,460200,VOLCANIC_ROCK_VOUCHER_9500,867.0,14.0,0.0,0.0,0.0,0.0,868,14,0.0,0.0,0.0,0.0,867.5,0.0
1,460300,VOLCANIC_ROCK_VOUCHER_9500,864.0,14.0,0.0,0.0,0.0,0.0,865,14,0.0,0.0,0.0,0.0,864.5,0.0
1,460400,VOLCANIC_ROCK_VOUCHER_9500,869.0,18.0,0.0,0.0,0.0,0.0,870,18,0.0,0.0,0.0,0.0,869.5,0.0
1,460500,VOLCANIC_ROCK_VOUCHER_9500,0.0,0.0,0.0,0.0,0.0,0.0,872,2,873.0,16.0,0.0,0.0,872.0,0.0
1,460600,VOLCANIC_ROCK_VOUCHER_9500,875.0,15.0,0.0,0.0,0.0,0.0,876,15,0.0,0.0,0.0,0.0,875.5,0.0
1,460700,VOLCANIC_ROCK_VOUCHER_9500,874.0,13.0,0.0,0.0,0.0,0.0,875,13,0.0,0.0,0.0,0.0,874.5,0.0
1,460800,VOLCANIC_ROCK_VOUCHER_9500,871.0,14.0,0.0,0.0,0.0,0.0,872,14,0.0,0.0,0.0,0.0,871.5,0.0
1,460900,VOLCANIC_ROCK_VOUCHER_9500,868.0,11.0,0.0,0.0,0.0,0.0,869,11,0.0,0.0,0.0,0.0,868.5,0.0
1,461000,VOLCANIC_ROCK_VOUCHER_9500,871.0,12.0,0.0,0.0,0.0,0.0,872,12,0.0,0.0,0.0,0.0,871.5,0.0
1,461100,VOLCANIC_ROCK_VOUCHER_9500,874.0,14.0,0.0,0.0,0.0,0.0,875,14,0.0,0.0,0.0,0.0,874.5,0.0
1,461200,VOLCANIC_ROCK_VOUCHER_9500,875.0,13.0,0.0,0.0,0.0,0.0,876,13,0.0,0.0,0.0,0.0,875.5,0.0
1,461300,VOLCANIC_ROCK_VOUCHER_9500,877.0,2.0,0.0,0.0,0.0,0.0,878,20,0.0,0.0,0.0,0.0,877.5,0.0
1,461400,VOLCANIC_ROCK_VOUCHER_9500,875.0,21.0,0.0,0.0,0.0,0.0,876,21,0.0,0.0,0.0,0.0,875.5,0.0
1,461500,VOLCANIC_ROCK_VOUCHER_9500,872.0,21.0,0.0,0.0,0.0,0.0,874,21,0.0,0.0,0.0,0.0,873.0,0.0
1,461600,VOLCANIC_ROCK_VOUCHER_9500,870.0,18.0,0.0,0.0,0.0,0.0,871,18,0.0,0.0,0.0,0.0,870.5,0.0
1,461700,VOLCANIC_ROCK_VOUCHER_9500,871.0,20.0,0.0,0.0,0.0,0.0,872,20,0.0,0.0,0.0,0.0,871.5,0.0
1,461800,VOLCANIC_ROCK_VOUCHER_9500,869.0,13.0,0.0,0.0,0.0,0.0,871,13,0.0,0.0,0.0,0.0,870.0,0.0
1,461900,VOLCANIC_ROCK_VOUCHER_9500,871.0,16.0,0.0,0.0,0.0,0.0,872,16,0.0,0.0,0.0,0.0,871.5,0.0
1,462000,VOLCANIC_ROCK_VOUCHER_9500,868.0,12.0,0.0,0.0,0.0,0.0,869,12,0.0,0.0,0.0,0.0,868.5,0.0
1,462100,VOLCANIC_ROCK_VOUCHER_9500,865.0,17.0,0.0,0.0,0.0,0.0,866,17,0.0,0.0,0.0,0.0,865.5,0.0
1,462200,VOLCANIC_ROCK_VOUCHER_9500,0.0,0.0,0.0,0.0,0.0,0.0,869,2,870.0,11.0,0.0,0.0,869.0,0.0
1,462300,VOLCANIC_ROCK_VOUCHER_9500,866.0,20.0,0.0,0.0,0.0,0.0,867,20,0.0,0.0,0.0,0.0,866.5,0.0
1,462400,VOLCANIC_ROCK_VOUCHER_9500,865.0,16.0,0.0,0.0,0.0,0.0,866,16,0.0,0.0,0.0,0.0,865.5,0.0
1,462500,VOLCANIC_ROCK_VOUCHER_9500,864.0,12.0,0.0,0.0,0.0,0.0,865,12,0.0,0.0,0.0,0.0,864.5,0.0
1,462600,VOLCANIC_ROCK_VOUCHER_9500,861.0,14.0,0.0,0.0,0.0,0.0,862,14,0.0,0.0,0.0,0.0,861.5,0.0
1,462700,VOLCANIC_ROCK_VOUCHER_9500,859.0,21.0,0.0,0.0,0.0,0.0,860,21,0.0,0.0,0.0,0.0,859.5,0.0
1,462800,VOLCANIC_ROCK_VOUCHER_9500,856.0,34.0,0.0,0.0,0.0,0.0,857,21,0.0,0.0,0.0,0.0,856.5,0.0
1,462900,VOLCANIC_ROCK_VOUCHER_9500,855.0,21.0,0.0,0.0,0.0,0.0,856,21,0.0,0.0,0.0,0.0,855.5,0.0
1,463000,VOLCANIC_ROCK_VOUCHER_9500,854.0,34.0,0.0,0.0,0.0,0.0,856,17,0.0,0.0,0.0,0.0,855.0,0.0
1,463100,VOLCANIC_ROCK_VOUCHER_9500,855.0,18.0,0.0,0.0,0.0,0.0,856,18,0.0,0.0,0.0,0.0,855.5,0.0
1,463200,VOLCANIC_ROCK_VOUCHER_9500,855.0,22.0,0.0,0.0,0.0,0.0,856,22,0.0,0.0,0.0,0.0,855.5,0.0
1,463300,VOLCANIC_ROCK_VOUCHER_9500,856.0,18.0,0.0,0.0,0.0,0.0,857,18,0.0,0.0,0.0,0.0,856.5,0.0
1,463400,VOLCANIC_ROCK_VOUCHER_9500,861.0,13.0,0.0,0.0,0.0,0.0,863,13,0.0,0.0,0.0,0.0,862.0,0.0
1,463500,VOLCANIC_ROCK_VOUCHER_9500,860.0,8.0,0.0,0.0,0.0,0.0,861,18,0.0,0.0,0.0,0.0,860.5,0.0
1,463600,VOLCANIC_ROCK_VOUCHER_9500,863.0,18.0,0.0,0.0,0.0,0.0,864,18,0.0,0.0,0.0,0.0,863.5,0.0
1,463700,VOLCANIC_ROCK_VOUCHER_9500,866.0,12.0,0.0,0.0,0.0,0.0,867,12,0.0,0.0,0.0,0.0,866.5,0.0
1,463800,VOLCANIC_ROCK_VOUCHER_9500,861.0,10.0,0.0,0.0,0.0,0.0,862,10,0.0,0.0,0.0,0.0,861.5,0.0
1,463900,VOLCANIC_ROCK_VOUCHER_9500,860.0,12.0,0.0,0.0,0.0,0.0,862,12,0.0,0.0,0.0,0.0,861.0,0.0
1,464000,VOLCANIC_ROCK_VOUCHER_9500,859.0,21.0,0.0,0.0,0.0,0.0,860,21,0.0,0.0,0.0,0.0,859.5,0.0
1,464100,VOLCANIC_ROCK_VOUCHER_9500,860.0,18.0,0.0,0.0,0.0,0.0,861,18,0.0,0.0,0.0,0.0,860.5,0.0
1,464200,VOLCANIC_ROCK_VOUCHER_9500,858.0,18.0,0.0,0.0,0.0,0.0,859,18,0.0,0.0,0.0,0.0,858.5,0.0
1,464300,VOLCANIC_ROCK_VOUCHER_9500,858.0,12.0,0.0,0.0,0.0,0.0,859,12,0.0,0.0,0.0,0.0,858.5,0.0
1,464400,VOLCANIC_ROCK_VOUCHER_9500,858.0,20.0,0.0,0.0,0.0,0.0,860,20,0.0,0.0,0.0,0.0,859.0,0.0
1,464500,VOLCANIC_ROCK_VOUCHER_9500,859.0,15.0,0.0,0.0,0.0,0.0,860,15,0.0,0.0,0.0,0.0,859.5,0.0
1,464600,VOLCANIC_ROCK_VOUCHER_9500,864.0,21.0,0.0,0.0,0.0,0.0,865,21,0.0,0.0,0.0,0.0,864.5,0.0
1,464700,VOLCANIC_ROCK_VOUCHER_9500,865.0,21.0,0.0,0.0,0.0,0.0,867,21,0.0,0.0,0.0,0.0,866.0,0.0
1,464800,VOLCANIC_ROCK_VOUCHER_9500,870.0,19.0,0.0,0.0,0.0,0.0,871,19,0.0,0.0,0.0,0.0,870.5,0.0
1,464900,VOLCANIC_ROCK_VOUCHER_9500,869.0,14.0,0.0,0.0,0.0,0.0,871,14,0.0,0.0,0.0,0.0,870.0,0.0
1,465000,VOLCANIC_ROCK_VOUCHER_9500,870.0,11.0,0.0,0.0,0.0,0.0,871,11,0.0,0.0,0.0,0.0,870.5,0.0
1,465100,VOLCANIC_ROCK_VOUCHER_9500,870.0,13.0,0.0,0.0,0.0,0.0,872,13,0.0,0.0,0.0,0.0,871.0,0.0
1,465200,VOLCANIC_ROCK_VOUCHER_9500,868.0,1.0,0.0,0.0,0.0,0.0,869,16,0.0,0.0,0.0,0.0,868.5,0.0
1,465300,VOLCANIC_ROCK_VOUCHER_9500,867.0,15.0,0.0,0.0,0.0,0.0,868,15,0.0,0.0,0.0,0.0,867.5,0.0
1,465400,VOLCANIC_ROCK_VOUCHER_9500,866.0,18.0,0.0,0.0,0.0,0.0,867,18,0.0,0.0,0.0,0.0,866.5,0.0
1,465500,VOLCANIC_ROCK_VOUCHER_9500,865.0,20.0,0.0,0.0,0.0,0.0,866,20,0.0,0.0,0.0,0.0,865.5,0.0
1,465600,VOLCANIC_ROCK_VOUCHER_9500,867.0,15.0,0.0,0.0,0.0,0.0,869,15,0.0,0.0,0.0,0.0,868.0,0.0
1,465700,VOLCANIC_ROCK_VOUCHER_9500,873.0,10.0,0.0,0.0,0.0,0.0,874,10,0.0,0.0,0.0,0.0,873.5,0.0
1,465800,VOLCANIC_ROCK_VOUCHER_9500,877.0,16.0,0.0,0.0,0.0,0.0,878,16,0.0,0.0,0.0,0.0,877.5,0.0
1,465900,VOLCANIC_ROCK_VOUCHER_9500,880.0,21.0,0.0,0.0,0.0,0.0,881,21,0.0,0.0,0.0,0.0,880.5,0.0
1,466000,VOLCANIC_ROCK_VOUCHER_9500,881.0,11.0,0.0,0.0,0.0,0.0,882,11,0.0,0.0,0.0,0.0,881.5,0.0
1,466100,VOLCANIC_ROCK_VOUCHER_9500,880.0,18.0,0.0,0.0,0.0,0.0,881,18,0.0,0.0,0.0,0.0,880.5,0.0
1,466200,VOLCANIC_ROCK_VOUCHER_9500,874.0,32.0,0.0,0.0,0.0,0.0,875,17,0.0,0.0,0.0,0.0,874.5,0.0
1,466300,VOLCANIC_ROCK_VOUCHER_9500,873.0,21.0,0.0,0.0,0.0,0.0,874,21,0.0,0.0,0.0,0.0,873.5,0.0
1,466400,VOLCANIC_ROCK_VOUCHER_9500,878.0,9.0,0.0,0.0,0.0,0.0,879,2,880.0,19.0,0.0,0.0,878.5,0.0
1,466500,VOLCANIC_ROCK_VOUCHER_9500,882.0,21.0,0.0,0.0,0.0,0.0,883,21,0.0,0.0,0.0,0.0,882.5,0.0
1,466600,VOLCANIC_ROCK_VOUCHER_9500,881.0,13.0,0.0,0.0,0.0,0.0,882,13,0.0,0.0,0.0,0.0,881.5,0.0
1,466700,VOLCANIC_ROCK_VOUCHER_9500,880.0,14.0,0.0,0.0,0.0,0.0,881,14,0.0,0.0,0.0,0.0,880.5,0.0
1,466800,VOLCANIC_ROCK_VOUCHER_9500,879.0,13.0,0.0,0.0,0.0,0.0,881,13,0.0,0.0,0.0,0.0,880.0,0.0
1,466900,VOLCANIC_ROCK_VOUCHER_9500,878.0,14.0,0.0,0.0,0.0,0.0,879,14,0.0,0.0,0.0,0.0,878.5,0.0
1,467000,VOLCANIC_ROCK_VOUCHER_9500,874.0,16.0,0.0,0.0,0.0,0.0,875,16,0.0,0.0,0.0,0.0,874.5,0.0
1,467100,VOLCANIC_ROCK_VOUCHER_9500,873.0,12.0,0.0,0.0,0.0,0.0,875,12,0.0,0.0,0.0,0.0,874.0,0.0
1,467200,VOLCANIC_ROCK_VOUCHER_9500,875.0,13.0,0.0,0.0,0.0,0.0,876,13,0.0,0.0,0.0,0.0,875.5,0.0
1,467300,VOLCANIC_ROCK_VOUCHER_9500,876.0,4.0,0.0,0.0,0.0,0.0,877,12,0.0,0.0,0.0,0.0,876.5,0.0
1,467400,VOLCANIC_ROCK_VOUCHER_9500,0.0,0.0,0.0,0.0,0.0,0.0,877,2,878.0,12.0,0.0,0.0,877.0,0.0
1,467500,VOLCANIC_ROCK_VOUCHER_9500,880.0,17.0,0.0,0.0,0.0,0.0,881,17,0.0,0.0,0.0,0.0,880.5,0.0
1,467600,VOLCANIC_ROCK_VOUCHER_9500,877.0,10.0,0.0,0.0,0.0,0.0,878,17,0.0,0.0,0.0,0.0,877.5,0.0
1,467700,VOLCANIC_ROCK_VOUCHER_9500,875.0,13.0,0.0,0.0,0.0,0.0,876,13,0.0,0.0,0.0,0.0,875.5,0.0
1,467800,VOLCANIC_ROCK_VOUCHER_9500,874.0,16.0,0.0,0.0,0.0,0.0,876,16,0.0,0.0,0.0,0.0,875.0,0.0
1,467900,VOLCANIC_ROCK_VOUCHER_9500,874.0,18.0,0.0,0.0,0.0,0.0,875,18,0.0,0.0,0.0,0.0,874.5,0.0
1,468000,VOLCANIC_ROCK_VOUCHER_9500,877.0,13.0,0.0,0.0,0.0,0.0,878,13,0.0,0.0,0.0,0.0,877.5,0.0
1,468100,VOLCANIC_ROCK_VOUCHER_9500,877.0,13.0,0.0,0.0,0.0,0.0,879,13,0.0,0.0,0.0,0.0,878.0,0.0
1,468200,VOLCANIC_ROCK_VOUCHER_9500,879.0,21.0,0.0,0.0,0.0,0.0,880,21,0.0,0.0,0.0,0.0,879.5,0.0
1,468300,VOLCANIC_ROCK_VOUCHER_9500,0.0,0.0,0.0,0.0,0.0,0.0,881,3,882.0,14.0,0.0,0.0,881.0,0.0
1,468400,VOLCANIC_ROCK_VOUCHER_9500,883.0,16.0,0.0,0.0,0.0,0.0,884,16,0.0,0.0,0.0,0.0,883.5,0.0
1,468500,VOLCANIC_ROCK_VOUCHER_9500,883.0,12.0,0.0,0.0,0.0,0.0,884,12,0.0,0.0,0.0,0.0,883.5,0.0
1,468600,VOLCANIC_ROCK_VOUCHER_9500,880.0,15.0,0.0,0.0,0.0,0.0,881,15,0.0,0.0,0.0,0.0,880.5,0.0
1,468700,VOLCANIC_ROCK_VOUCHER_9500,880.0,19.0,0.0,0.0,0.0,0.0,881,19,0.0,0.0,0.0,0.0,880.5,0.0
1,468800,VOLCANIC_ROCK_VOUCHER_9500,877.0,12.0,876.0,12.0,0.0,0.0,878,12,0.0,0.0,0.0,0.0,877.5,0.0
1,468900,VOLCANIC_ROCK_VOUCHER_9500,877.0,16.0,0.0,0.0,0.0,0.0,878,16,0.0,0.0,0.0,0.0,877.5,0.0
1,469000,VOLCANIC_ROCK_VOUCHER_9500,876.0,15.0,0.0,0.0,0.0,0.0,877,15,0.0,0.0,0.0,0.0,876.5,0.0
1,469100,VOLCANIC_ROCK_VOUCHER_9500,874.0,21.0,0.0,0.0,0.0,0.0,875,21,0.0,0.0,0.0,0.0,874.5,0.0
1,469200,VOLCANIC_ROCK_VOUCHER_9500,873.0,22.0,0.0,0.0,0.0,0.0,874,22,0.0,0.0,0.0,0.0,873.5,0.0
1,469300,VOLCANIC_ROCK_VOUCHER_9500,874.0,13.0,0.0,0.0,0.0,0.0,875,13,0.0,0.0,0.0,0.0,874.5,0.0
1,469400,VOLCANIC_ROCK_VOUCHER_9500,871.0,16.0,0.0,0.0,0.0,0.0,872,16,0.0,0.0,0.0,0.0,871.5,0.0
1,469500,VOLCANIC_ROCK_VOUCHER_9500,868.0,20.0,0.0,0.0,0.0,0.0,869,20,0.0,0.0,0.0,0.0,868.5,0.0
1,469600,VOLCANIC_ROCK_VOUCHER_9500,870.0,17.0,0.0,0.0,0.0,0.0,871,17,0.0,0.0,0.0,0.0,870.5,0.0
1,469700,VOLCANIC_ROCK_VOUCHER_9500,868.0,21.0,0.0,0.0,0.0,0.0,869,21,0.0,0.0,0.0,0.0,868.5,0.0
1,469800,VOLCANIC_ROCK_VOUCHER_9500,870.0,2.0,869.0,20.0,0.0,0.0,871,22,0.0,0.0,0.0,0.0,870.5,0.0
1,469900,VOLCANIC_ROCK_VOUCHER_9500,870.0,18.0,0.0,0.0,0.0,0.0,871,18,0.0,0.0,0.0,0.0,870.5,0.0
1,470000,VOLCANIC_ROCK_VOUCHER_9500,871.0,11.0,0.0,0.0,0.0,0.0,872,11,0.0,0.0,0.0,0.0,871.5,0.0
1,470100,VOLCANIC_ROCK_VOUCHER_9500,870.0,14.0,0.0,0.0,0.0,0.0,871,14,0.0,0.0,0.0,0.0,870.5,0.0
1,470200,VOLCANIC_ROCK_VOUCHER_9500,869.0,13.0,0.0,0.0,0.0,0.0,871,13,0.0,0.0,0.0,0.0,870.0,0.0
1,470300,VOLCANIC_ROCK_VOUCHER_9500,874.0,15.0,0.0,0.0,0.0,0.0,875,15,0.0,0.0,0.0,0.0,874.5,0.0
1,470400,VOLCANIC_ROCK_VOUCHER_9500,873.0,13.0,0.0,0.0,0.0,0.0,874,13,0.0,0.0,0.0,0.0,873.5,0.0
1,470500,VOLCANIC_ROCK_VOUCHER_9500,872.0,17.0,0.0,0.0,0.0,0.0,873,17,0.0,0.0,0.0,0.0,872.5,0.0
1,470600,VOLCANIC_ROCK_VOUCHER_9500,874.0,10.0,0.0,0.0,0.0,0.0,875,10,0.0,0.0,0.0,0.0,874.5,0.0
1,470700,VOLCANIC_ROCK_VOUCHER_9500,872.0,21.0,0.0,0.0,0.0,0.0,873,21,0.0,0.0,0.0,0.0,872.5,0.0
1,470800,VOLCANIC_ROCK_VOUCHER_9500,876.0,19.0,0.0,0.0,0.0,0.0,877,19,0.0,0.0,0.0,0.0,876.5,0.0
1,470900,VOLCANIC_ROCK_VOUCHER_9500,877.0,21.0,0.0,0.0,0.0,0.0,878,21,0.0,0.0,0.0,0.0,877.5,0.0
1,471000,VOLCANIC_ROCK_VOUCHER_9500,881.0,12.0,0.0,0.0,0.0,0.0,882,12,0.0,0.0,0.0,0.0,881.5,0.0
1,471100,VOLCANIC_ROCK_VOUCHER_9500,880.0,20.0,0.0,0.0,0.0,0.0,881,20,0.0,0.0,0.0,0.0,880.5,0.0
1,471200,VOLCANIC_ROCK_VOUCHER_9500,882.0,13.0,0.0,0.0,0.0,0.0,883,13,0.0,0.0,0.0,0.0,882.5,0.0
1,471300,VOLCANIC_ROCK_VOUCHER_9500,885.0,19.0,0.0,0.0,0.0,0.0,886,19,0.0,0.0,0.0,0.0,885.5,0.0
1,471400,VOLCANIC_ROCK_VOUCHER_9500,888.0,12.0,0.0,0.0,0.0,0.0,889,12,0.0,0.0,0.0,0.0,888.5,0.0
1,471500,VOLCANIC_ROCK_VOUCHER_9500,892.0,13.0,0.0,0.0,0.0,0.0,893,13,0.0,0.0,0.0,0.0,892.5,0.0
1,471600,VOLCANIC_ROCK_VOUCHER_9500,894.0,20.0,0.0,0.0,0.0,0.0,895,10,0.0,0.0,0.0,0.0,894.5,0.0
1,471700,VOLCANIC_ROCK_VOUCHER_9500,894.0,15.0,0.0,0.0,0.0,0.0,895,15,0.0,0.0,0.0,0.0,894.5,0.0
1,471800,VOLCANIC_ROCK_VOUCHER_9500,894.0,14.0,0.0,0.0,0.0,0.0,895,14,0.0,0.0,0.0,0.0,894.5,0.0
1,471900,VOLCANIC_ROCK_VOUCHER_9500,0.0,0.0,0.0,0.0,0.0,0.0,895,15,0.0,0.0,0.0,0.0,895.0,0.0
1,472000,VOLCANIC_ROCK_VOUCHER_9500,888.0,13.0,0.0,0.0,0.0,0.0,889,13,0.0,0.0,0.0,0.0,888.5,0.0
1,472100,VOLCANIC_ROCK_VOUCHER_9500,887.0,16.0,0.0,0.0,0.0,0.0,888,16,0.0,0.0,0.0,0.0,887.5,0.0
1,472200,VOLCANIC_ROCK_VOUCHER_9500,884.0,14.0,0.0,0.0,0.0,0.0,885,14,0.0,0.0,0.0,0.0,884.5,0.0
1,472300,VOLCANIC_ROCK_VOUCHER_9500,885.0,20.0,0.0,0.0,0.0,0.0,887,20,0.0,0.0,0.0,0.0,886.0,0.0
1,472400,VOLCANIC_ROCK_VOUCHER_9500,882.0,17.0,0.0,0.0,0.0,0.0,883,17,0.0,0.0,0.0,0.0,882.5,0.0
1,472500,VOLCANIC_ROCK_VOUCHER_9500,0.0,0.0,0.0,0.0,0.0,0.0,882,4,883.0,2.0,884.0,10.0,882.0,0.0
1,472600,VOLCANIC_ROCK_VOUCHER_9500,882.0,11.0,0.0,0.0,0.0,0.0,884,11,0.0,0.0,0.0,0.0,883.0,0.0
1,472700,VOLCANIC_ROCK_VOUCHER_9500,882.0,18.0,0.0,0.0,0.0,0.0,883,18,0.0,0.0,0.0,0.0,882.5,0.0
1,472800,VOLCANIC_ROCK_VOUCHER_9500,881.0,13.0,0.0,0.0,0.0,0.0,882,13,0.0,0.0,0.0,0.0,881.5,0.0
1,472900,VOLCANIC_ROCK_VOUCHER_9500,882.0,14.0,0.0,0.0,0.0,0.0,883,14,0.0,0.0,0.0,0.0,882.5,0.0
1,473000,VOLCANIC_ROCK_VOUCHER_9500,883.0,2.0,882.0,13.0,0.0,0.0,884,15,0.0,0.0,0.0,0.0,883.5,0.0
1,473100,VOLCANIC_ROCK_VOUCHER_9500,881.0,13.0,0.0,0.0,0.0,0.0,882,13,0.0,0.0,0.0,0.0,881.5,0.0
1,473200,VOLCANIC_ROCK_VOUCHER_9500,882.0,20.0,0.0,0.0,0.0,0.0,883,20,0.0,0.0,0.0,0.0,882.5,0.0
1,473300,VOLCANIC_ROCK_VOUCHER_9500,882.0,16.0,0.0,0.0,0.0,0.0,883,16,0.0,0.0,0.0,0.0,882.5,0.0
1,473400,VOLCANIC_ROCK_VOUCHER_9500,884.0,16.0,0.0,0.0,0.0,0.0,885,16,0.0,0.0,0.0,0.0,884.5,0.0
1,473500,VOLCANIC_ROCK_VOUCHER_9500,888.0,22.0,0.0,0.0,0.0,0.0,889,22,0.0,0.0,0.0,0.0,888.5,0.0
1,473600,VOLCANIC_ROCK_VOUCHER_9500,883.0,20.0,0.0,0.0,0.0,0.0,885,20,0.0,0.0,0.0,0.0,884.0,0.0
1,473700,VOLCANIC_ROCK_VOUCHER_9500,884.0,19.0,0.0,0.0,0.0,0.0,885,19,0.0,0.0,0.0,0.0,884.5,0.0
1,473800,VOLCANIC_ROCK_VOUCHER_9500,882.0,22.0,0.0,0.0,0.0,0.0,883,22,0.0,0.0,0.0,0.0,882.5,0.0
1,473900,VOLCANIC_ROCK_VOUCHER_9500,881.0,15.0,0.0,0.0,0.0,0.0,882,15,0.0,0.0,0.0,0.0,881.5,0.0
1,474000,VOLCANIC_ROCK_VOUCHER_9500,880.0,18.0,0.0,0.0,0.0,0.0,882,18,0.0,0.0,0.0,0.0,881.0,0.0
1,474100,VOLCANIC_ROCK_VOUCHER_9500,875.0,16.0,0.0,0.0,0.0,0.0,877,16,0.0,0.0,0.0,0.0,876.0,0.0
1,474200,VOLCANIC_ROCK_VOUCHER_9500,875.0,18.0,0.0,0.0,0.0,0.0,877,18,0.0,0.0,0.0,0.0,876.0,0.0
1,474300,VOLCANIC_ROCK_VOUCHER_9500,876.0,6.0,0.0,0.0,0.0,0.0,877,19,0.0,0.0,0.0,0.0,876.5,0.0
1,474400,VOLCANIC_ROCK_VOUCHER_9500,877.0,18.0,0.0,0.0,0.0,0.0,878,18,0.0,0.0,0.0,0.0,877.5,0.0
1,474500,VOLCANIC_ROCK_VOUCHER_9500,881.0,17.0,0.0,0.0,0.0,0.0,882,17,0.0,0.0,0.0,0.0,881.5,0.0
1,474600,VOLCANIC_ROCK_VOUCHER_9500,879.0,17.0,0.0,0.0,0.0,0.0,880,17,0.0,0.0,0.0,0.0,879.5,0.0
1,474700,VOLCANIC_ROCK_VOUCHER_9500,878.0,12.0,0.0,0.0,0.0,0.0,879,12,0.0,0.0,0.0,0.0,878.5,0.0
1,474800,VOLCANIC_ROCK_VOUCHER_9500,879.0,21.0,0.0,0.0,0.0,0.0,880,21,0.0,0.0,0.0,0.0,879.5,0.0
1,474900,VOLCANIC_ROCK_VOUCHER_9500,879.0,11.0,0.0,0.0,0.0,0.0,880,11,0.0,0.0,0.0,0.0,879.5,0.0
1,475000,VOLCANIC_ROCK_VOUCHER_9500,879.0,2.0,0.0,0.0,0.0,0.0,880,17,0.0,0.0,0.0,0.0,879.5,0.0
1,475100,VOLCANIC_ROCK_VOUCHER_9500,880.0,20.0,0.0,0.0,0.0,0.0,881,20,0.0,0.0,0.0,0.0,880.5,0.0
1,475200,VOLCANIC_ROCK_VOUCHER_9500,879.0,16.0,0.0,0.0,0.0,0.0,880,16,0.0,0.0,0.0,0.0,879.5,0.0
1,475300,VOLCANIC_ROCK_VOUCHER_9500,880.0,17.0,0.0,0.0,0.0,0.0,882,17,0.0,0.0,0.0,0.0,881.0,0.0
1,475400,VOLCANIC_ROCK_VOUCHER_9500,881.0,20.0,0.0,0.0,0.0,0.0,883,20,0.0,0.0,0.0,0.0,882.0,0.0
1,475500,VOLCANIC_ROCK_VOUCHER_9500,883.0,21.0,0.0,0.0,0.0,0.0,884,21,0.0,0.0,0.0,0.0,883.5,0.0
1,475600,VOLCANIC_ROCK_VOUCHER_9500,883.0,15.0,0.0,0.0,0.0,0.0,884,15,0.0,0.0,0.0,0.0,883.5,0.0
1,475700,VOLCANIC_ROCK_VOUCHER_9500,882.0,13.0,0.0,0.0,0.0,0.0,883,13,0.0,0.0,0.0,0.0,882.5,0.0
1,475800,VOLCANIC_ROCK_VOUCHER_9500,884.0,12.0,0.0,0.0,0.0,0.0,885,12,0.0,0.0,0.0,0.0,884.5,0.0
1,475900,VOLCANIC_ROCK_VOUCHER_9500,884.0,14.0,0.0,0.0,0.0,0.0,885,14,0.0,0.0,0.0,0.0,884.5,0.0
1,476000,VOLCANIC_ROCK_VOUCHER_9500,888.0,11.0,0.0,0.0,0.0,0.0,889,11,0.0,0.0,0.0,0.0,888.5,0.0
1,476100,VOLCANIC_ROCK_VOUCHER_9500,885.0,18.0,0.0,0.0,0.0,0.0,886,18,0.0,0.0,0.0,0.0,885.5,0.0
1,476200,VOLCANIC_ROCK_VOUCHER_9500,882.0,16.0,0.0,0.0,0.0,0.0,883,16,0.0,0.0,0.0,0.0,882.5,0.0
1,476300,VOLCANIC_ROCK_VOUCHER_9500,882.0,18.0,0.0,0.0,0.0,0.0,884,18,0.0,0.0,0.0,0.0,883.0,0.0
1,476400,VOLCANIC_ROCK_VOUCHER_9500,877.0,20.0,0.0,0.0,0.0,0.0,879,20,0.0,0.0,0.0,0.0,878.0,0.0
1,476500,VOLCANIC_ROCK_VOUCHER_9500,878.0,11.0,0.0,0.0,0.0,0.0,879,11,0.0,0.0,0.0,0.0,878.5,0.0
1,476600,VOLCANIC_ROCK_VOUCHER_9500,0.0,0.0,0.0,0.0,0.0,0.0,876,1,877.0,12.0,0.0,0.0,876.0,0.0
1,476700,VOLCANIC_ROCK_VOUCHER_9500,876.0,17.0,0.0,0.0,0.0,0.0,877,17,0.0,0.0,0.0,0.0,876.5,0.0
1,476800,VOLCANIC_ROCK_VOUCHER_9500,878.0,14.0,0.0,0.0,0.0,0.0,879,14,0.0,0.0,0.0,0.0,878.5,0.0
1,476900,VOLCANIC_ROCK_VOUCHER_9500,880.0,21.0,0.0,0.0,0.0,0.0,881,21,0.0,0.0,0.0,0.0,880.5,0.0
1,477000,VOLCANIC_ROCK_VOUCHER_9500,875.0,17.0,0.0,0.0,0.0,0.0,876,17,0.0,0.0,0.0,0.0,875.5,0.0
1,477100,VOLCANIC_ROCK_VOUCHER_9500,876.0,21.0,0.0,0.0,0.0,0.0,877,21,0.0,0.0,0.0,0.0,876.5,0.0
1,477200,VOLCANIC_ROCK_VOUCHER_9500,871.0,14.0,0.0,0.0,0.0,0.0,873,14,0.0,0.0,0.0,0.0,872.0,0.0
1,477300,VOLCANIC_ROCK_VOUCHER_9500,872.0,12.0,0.0,0.0,0.0,0.0,873,12,0.0,0.0,0.0,0.0,872.5,0.0
1,477400,VOLCANIC_ROCK_VOUCHER_9500,875.0,18.0,0.0,0.0,0.0,0.0,876,18,0.0,0.0,0.0,0.0,875.5,0.0
1,477500,VOLCANIC_ROCK_VOUCHER_9500,873.0,20.0,0.0,0.0,0.0,0.0,874,20,0.0,0.0,0.0,0.0,873.5,0.0
1,477600,VOLCANIC_ROCK_VOUCHER_9500,868.0,17.0,0.0,0.0,0.0,0.0,869,17,0.0,0.0,0.0,0.0,868.5,0.0
1,477700,VOLCANIC_ROCK_VOUCHER_9500,868.0,20.0,0.0,0.0,0.0,0.0,869,20,0.0,0.0,0.0,0.0,868.5,0.0
1,477800,VOLCANIC_ROCK_VOUCHER_9500,869.0,13.0,0.0,0.0,0.0,0.0,870,13,0.0,0.0,0.0,0.0,869.5,0.0
1,477900,VOLCANIC_ROCK_VOUCHER_9500,871.0,11.0,0.0,0.0,0.0,0.0,872,11,0.0,0.0,0.0,0.0,871.5,0.0
1,478000,VOLCANIC_ROCK_VOUCHER_9500,875.0,16.0,0.0,0.0,0.0,0.0,876,16,0.0,0.0,0.0,0.0,875.5,0.0
1,478100,VOLCANIC_ROCK_VOUCHER_9500,871.0,11.0,0.0,0.0,0.0,0.0,872,11,0.0,0.0,0.0,0.0,871.5,0.0
1,478200,VOLCANIC_ROCK_VOUCHER_9500,871.0,20.0,0.0,0.0,0.0,0.0,872,20,0.0,0.0,0.0,0.0,871.5,0.0
1,478300,VOLCANIC_ROCK_VOUCHER_9500,872.0,13.0,0.0,0.0,0.0,0.0,873,13,0.0,0.0,0.0,0.0,872.5,0.0
1,478400,VOLCANIC_ROCK_VOUCHER_9500,875.0,16.0,0.0,0.0,0.0,0.0,876,16,0.0,0.0,0.0,0.0,875.5,0.0
1,478500,VOLCANIC_ROCK_VOUCHER_9500,872.0,19.0,0.0,0.0,0.0,0.0,873,19,0.0,0.0,0.0,0.0,872.5,0.0
1,478600,VOLCANIC_ROCK_VOUCHER_9500,872.0,20.0,0.0,0.0,0.0,0.0,873,20,0.0,0.0,0.0,0.0,872.5,0.0
1,478700,VOLCANIC_ROCK_VOUCHER_9500,871.0,14.0,0.0,0.0,0.0,0.0,872,14,0.0,0.0,0.0,0.0,871.5,0.0
1,478800,VOLCANIC_ROCK_VOUCHER_9500,872.0,19.0,0.0,0.0,0.0,0.0,873,19,0.0,0.0,0.0,0.0,872.5,0.0
1,478900,VOLCANIC_ROCK_VOUCHER_9500,871.0,21.0,0.0,0.0,0.0,0.0,872,16,873.0,21.0,0.0,0.0,871.5,0.0
1,479000,VOLCANIC_ROCK_VOUCHER_9500,873.0,16.0,0.0,0.0,0.0,0.0,875,16,0.0,0.0,0.0,0.0,874.0,0.0
1,479100,VOLCANIC_ROCK_VOUCHER_9500,871.0,19.0,0.0,0.0,0.0,0.0,872,19,0.0,0.0,0.0,0.0,871.5,0.0
1,479200,VOLCANIC_ROCK_VOUCHER_9500,874.0,16.0,0.0,0.0,0.0,0.0,875,16,0.0,0.0,0.0,0.0,874.5,0.0
1,479300,VOLCANIC_ROCK_VOUCHER_9500,881.0,19.0,0.0,0.0,0.0,0.0,882,19,0.0,0.0,0.0,0.0,881.5,0.0
1,479400,VOLCANIC_ROCK_VOUCHER_9500,885.0,11.0,0.0,0.0,0.0,0.0,887,11,0.0,0.0,0.0,0.0,886.0,0.0
1,479500,VOLCANIC_ROCK_VOUCHER_9500,885.0,12.0,0.0,0.0,0.0,0.0,886,12,0.0,0.0,0.0,0.0,885.5,0.0
1,479600,VOLCANIC_ROCK_VOUCHER_9500,881.0,19.0,0.0,0.0,0.0,0.0,882,19,0.0,0.0,0.0,0.0,881.5,0.0
1,479700,VOLCANIC_ROCK_VOUCHER_9500,880.0,19.0,0.0,0.0,0.0,0.0,881,19,0.0,0.0,0.0,0.0,880.5,0.0
1,479800,VOLCANIC_ROCK_VOUCHER_9500,883.0,13.0,0.0,0.0,0.0,0.0,884,13,0.0,0.0,0.0,0.0,883.5,0.0
1,479900,VOLCANIC_ROCK_VOUCHER_9500,883.0,20.0,0.0,0.0,0.0,0.0,885,20,0.0,0.0,0.0,0.0,884.0,0.0
1,480000,VOLCANIC_ROCK_VOUCHER_9500,881.0,17.0,0.0,0.0,0.0,0.0,882,17,0.0,0.0,0.0,0.0,881.5,0.0
1,480100,VOLCANIC_ROCK_VOUCHER_9500,884.0,17.0,0.0,0.0,0.0,0.0,885,17,0.0,0.0,0.0,0.0,884.5,0.0
1,480200,VOLCANIC_ROCK_VOUCHER_9500,887.0,13.0,0.0,0.0,0.0,0.0,888,13,0.0,0.0,0.0,0.0,887.5,0.0
1,480300,VOLCANIC_ROCK_VOUCHER_9500,886.0,23.0,0.0,0.0,0.0,0.0,887,13,0.0,0.0,0.0,0.0,886.5,0.0
1,480400,VOLCANIC_ROCK_VOUCHER_9500,0.0,0.0,0.0,0.0,0.0,0.0,887,1,888.0,15.0,0.0,0.0,887.0,0.0
1,480500,VOLCANIC_ROCK_VOUCHER_9500,888.0,11.0,0.0,0.0,0.0,0.0,890,11,0.0,0.0,0.0,0.0,889.0,0.0
1,480600,VOLCANIC_ROCK_VOUCHER_9500,886.0,14.0,0.0,0.0,0.0,0.0,887,14,0.0,0.0,0.0,0.0,886.5,0.0
1,480700,VOLCANIC_ROCK_VOUCHER_9500,889.0,13.0,0.0,0.0,0.0,0.0,890,13,0.0,0.0,0.0,0.0,889.5,0.0
1,480800,VOLCANIC_ROCK_VOUCHER_9500,889.0,15.0,0.0,0.0,0.0,0.0,890,15,0.0,0.0,0.0,0.0,889.5,0.0
1,480900,VOLCANIC_ROCK_VOUCHER_9500,888.0,18.0,0.0,0.0,0.0,0.0,889,18,0.0,0.0,0.0,0.0,888.5,0.0
1,481000,VOLCANIC_ROCK_VOUCHER_9500,887.0,6.0,0.0,0.0,0.0,0.0,888,16,0.0,0.0,0.0,0.0,887.5,0.0
1,481100,VOLCANIC_ROCK_VOUCHER_9500,881.0,25.0,0.0,0.0,0.0,0.0,882,15,0.0,0.0,0.0,0.0,881.5,0.0
1,481200,VOLCANIC_ROCK_VOUCHER_9500,882.0,13.0,0.0,0.0,0.0,0.0,883,13,0.0,0.0,0.0,0.0,882.5,0.0
1,481300,VOLCANIC_ROCK_VOUCHER_9500,886.0,19.0,0.0,0.0,0.0,0.0,887,19,0.0,0.0,0.0,0.0,886.5,0.0
1,481400,VOLCANIC_ROCK_VOUCHER_9500,888.0,12.0,0.0,0.0,0.0,0.0,889,12,0.0,0.0,0.0,0.0,888.5,0.0
1,481500,VOLCANIC_ROCK_VOUCHER_9500,886.0,19.0,0.0,0.0,0.0,0.0,887,19,0.0,0.0,0.0,0.0,886.5,0.0
1,481600,VOLCANIC_ROCK_VOUCHER_9500,887.0,11.0,0.0,0.0,0.0,0.0,889,11,0.0,0.0,0.0,0.0,888.0,0.0
1,481700,VOLCANIC_ROCK_VOUCHER_9500,888.0,12.0,0.0,0.0,0.0,0.0,889,12,0.0,0.0,0.0,0.0,888.5,0.0
1,481800,VOLCANIC_ROCK_VOUCHER_9500,887.0,21.0,0.0,0.0,0.0,0.0,888,21,0.0,0.0,0.0,0.0,887.5,0.0
1,481900,VOLCANIC_ROCK_VOUCHER_9500,888.0,14.0,0.0,0.0,0.0,0.0,889,14,0.0,0.0,0.0,0.0,888.5,0.0
1,482000,VOLCANIC_ROCK_VOUCHER_9500,888.0,14.0,0.0,0.0,0.0,0.0,890,14,0.0,0.0,0.0,0.0,889.0,0.0
1,482100,VOLCANIC_ROCK_VOUCHER_9500,887.0,21.0,0.0,0.0,0.0,0.0,888,21,0.0,0.0,0.0,0.0,887.5,0.0
1,482200,VOLCANIC_ROCK_VOUCHER_9500,883.0,13.0,0.0,0.0,0.0,0.0,884,13,0.0,0.0,0.0,0.0,883.5,0.0
1,482300,VOLCANIC_ROCK_VOUCHER_9500,883.0,14.0,0.0,0.0,0.0,0.0,885,14,0.0,0.0,0.0,0.0,884.0,0.0
1,482400,VOLCANIC_ROCK_VOUCHER_9500,882.0,18.0,0.0,0.0,0.0,0.0,883,18,0.0,0.0,0.0,0.0,882.5,0.0
1,482500,VOLCANIC_ROCK_VOUCHER_9500,880.0,13.0,0.0,0.0,0.0,0.0,881,13,0.0,0.0,0.0,0.0,880.5,0.0
1,482600,VOLCANIC_ROCK_VOUCHER_9500,881.0,12.0,0.0,0.0,0.0,0.0,882,12,0.0,0.0,0.0,0.0,881.5,0.0
1,482700,VOLCANIC_ROCK_VOUCHER_9500,878.0,14.0,0.0,0.0,0.0,0.0,879,14,0.0,0.0,0.0,0.0,878.5,0.0
1,482800,VOLCANIC_ROCK_VOUCHER_9500,880.0,2.0,879.0,19.0,0.0,0.0,881,21,0.0,0.0,0.0,0.0,880.5,0.0
1,482900,VOLCANIC_ROCK_VOUCHER_9500,0.0,0.0,0.0,0.0,0.0,0.0,877,2,878.0,15.0,0.0,0.0,877.0,0.0
1,483000,VOLCANIC_ROCK_VOUCHER_9500,880.0,14.0,0.0,0.0,0.0,0.0,881,14,0.0,0.0,0.0,0.0,880.5,0.0
1,483100,VOLCANIC_ROCK_VOUCHER_9500,878.0,12.0,0.0,0.0,0.0,0.0,880,12,0.0,0.0,0.0,0.0,879.0,0.0
1,483200,VOLCANIC_ROCK_VOUCHER_9500,880.0,20.0,0.0,0.0,0.0,0.0,881,20,0.0,0.0,0.0,0.0,880.5,0.0
1,483300,VOLCANIC_ROCK_VOUCHER_9500,881.0,18.0,0.0,0.0,0.0,0.0,882,18,0.0,0.0,0.0,0.0,881.5,0.0
1,483400,VOLCANIC_ROCK_VOUCHER_9500,881.0,14.0,0.0,0.0,0.0,0.0,882,14,0.0,0.0,0.0,0.0,881.5,0.0
1,483500,VOLCANIC_ROCK_VOUCHER_9500,880.0,4.0,0.0,0.0,0.0,0.0,881,17,0.0,0.0,0.0,0.0,880.5,0.0
1,483600,VOLCANIC_ROCK_VOUCHER_9500,881.0,12.0,0.0,0.0,0.0,0.0,882,12,0.0,0.0,0.0,0.0,881.5,0.0
1,483700,VOLCANIC_ROCK_VOUCHER_9500,883.0,21.0,0.0,0.0,0.0,0.0,884,21,0.0,0.0,0.0,0.0,883.5,0.0
1,483800,VOLCANIC_ROCK_VOUCHER_9500,0.0,0.0,0.0,0.0,0.0,0.0,882,1,883.0,12.0,0.0,0.0,882.0,0.0
1,483900,VOLCANIC_ROCK_VOUCHER_9500,884.0,19.0,0.0,0.0,0.0,0.0,885,19,0.0,0.0,0.0,0.0,884.5,0.0
1,484000,VOLCANIC_ROCK_VOUCHER_9500,883.0,17.0,0.0,0.0,0.0,0.0,884,17,0.0,0.0,0.0,0.0,883.5,0.0
1,484100,VOLCANIC_ROCK_VOUCHER_9500,884.0,11.0,0.0,0.0,0.0,0.0,885,11,0.0,0.0,0.0,0.0,884.5,0.0
1,484200,VOLCANIC_ROCK_VOUCHER_9500,884.0,0.0,0.0,0.0,0.0,0.0,885,14,0.0,0.0,0.0,0.0,884.5,0.0
1,484300,VOLCANIC_ROCK_VOUCHER_9500,885.0,19.0,0.0,0.0,0.0,0.0,887,19,0.0,0.0,0.0,0.0,886.0,0.0
1,484400,VOLCANIC_ROCK_VOUCHER_9500,881.0,14.0,0.0,0.0,0.0,0.0,882,14,0.0,0.0,0.0,0.0,881.5,0.0
1,484500,VOLCANIC_ROCK_VOUCHER_9500,878.0,21.0,0.0,0.0,0.0,0.0,880,21,0.0,0.0,0.0,0.0,879.0,0.0
1,484600,VOLCANIC_ROCK_VOUCHER_9500,879.0,13.0,0.0,0.0,0.0,0.0,880,13,0.0,0.0,0.0,0.0,879.5,0.0
1,484700,VOLCANIC_ROCK_VOUCHER_9500,875.0,19.0,0.0,0.0,0.0,0.0,876,19,0.0,0.0,0.0,0.0,875.5,0.0
1,484800,VOLCANIC_ROCK_VOUCHER_9500,878.0,19.0,0.0,0.0,0.0,0.0,880,19,0.0,0.0,0.0,0.0,879.0,0.0
1,484900,VOLCANIC_ROCK_VOUCHER_9500,878.0,21.0,0.0,0.0,0.0,0.0,879,21,0.0,0.0,0.0,0.0,878.5,0.0
1,485000,VOLCANIC_ROCK_VOUCHER_9500,879.0,19.0,0.0,0.0,0.0,0.0,880,19,0.0,0.0,0.0,0.0,879.5,0.0
1,485100,VOLCANIC_ROCK_VOUCHER_9500,877.0,17.0,0.0,0.0,0.0,0.0,878,17,0.0,0.0,0.0,0.0,877.5,0.0
1,485200,VOLCANIC_ROCK_VOUCHER_9500,879.0,10.0,0.0,0.0,0.0,0.0,880,10,0.0,0.0,0.0,0.0,879.5,0.0
1,485300,VOLCANIC_ROCK_VOUCHER_9500,879.0,22.0,0.0,0.0,0.0,0.0,880,11,0.0,0.0,0.0,0.0,879.5,0.0
1,485400,VOLCANIC_ROCK_VOUCHER_9500,879.0,18.0,0.0,0.0,0.0,0.0,880,18,0.0,0.0,0.0,0.0,879.5,0.0
1,485500,VOLCANIC_ROCK_VOUCHER_9500,875.0,15.0,0.0,0.0,0.0,0.0,876,15,0.0,0.0,0.0,0.0,875.5,0.0
1,485600,VOLCANIC_ROCK_VOUCHER_9500,875.0,20.0,0.0,0.0,0.0,0.0,876,20,0.0,0.0,0.0,0.0,875.5,0.0
1,485700,VOLCANIC_ROCK_VOUCHER_9500,876.0,16.0,0.0,0.0,0.0,0.0,878,16,0.0,0.0,0.0,0.0,877.0,0.0
1,485800,VOLCANIC_ROCK_VOUCHER_9500,877.0,16.0,0.0,0.0,0.0,0.0,878,16,0.0,0.0,0.0,0.0,877.5,0.0
1,485900,VOLCANIC_ROCK_VOUCHER_9500,874.0,12.0,0.0,0.0,0.0,0.0,875,12,0.0,0.0,0.0,0.0,874.5,0.0
1,486000,VOLCANIC_ROCK_VOUCHER_9500,875.0,17.0,0.0,0.0,0.0,0.0,876,17,0.0,0.0,0.0,0.0,875.5,0.0
1,486100,VOLCANIC_ROCK_VOUCHER_9500,877.0,17.0,0.0,0.0,0.0,0.0,878,17,0.0,0.0,0.0,0.0,877.5,0.0
1,486200,VOLCANIC_ROCK_VOUCHER_9500,878.0,12.0,0.0,0.0,0.0,0.0,879,12,0.0,0.0,0.0,0.0,878.5,0.0
1,486300,VOLCANIC_ROCK_VOUCHER_9500,877.0,17.0,0.0,0.0,0.0,0.0,878,17,0.0,0.0,0.0,0.0,877.5,0.0
1,486400,VOLCANIC_ROCK_VOUCHER_9500,879.0,14.0,0.0,0.0,0.0,0.0,880,14,0.0,0.0,0.0,0.0,879.5,0.0
1,486500,VOLCANIC_ROCK_VOUCHER_9500,877.0,20.0,0.0,0.0,0.0,0.0,878,20,0.0,0.0,0.0,0.0,877.5,0.0
1,486600,VOLCANIC_ROCK_VOUCHER_9500,877.0,17.0,0.0,0.0,0.0,0.0,878,1,879.0,16.0,0.0,0.0,877.5,0.0
1,486700,VOLCANIC_ROCK_VOUCHER_9500,877.0,20.0,0.0,0.0,0.0,0.0,878,20,0.0,0.0,0.0,0.0,877.5,0.0
1,486800,VOLCANIC_ROCK_VOUCHER_9500,877.0,16.0,0.0,0.0,0.0,0.0,878,16,0.0,0.0,0.0,0.0,877.5,0.0
1,486900,VOLCANIC_ROCK_VOUCHER_9500,876.0,14.0,0.0,0.0,0.0,0.0,877,14,0.0,0.0,0.0,0.0,876.5,0.0
1,487000,VOLCANIC_ROCK_VOUCHER_9500,876.0,12.0,0.0,0.0,0.0,0.0,877,12,0.0,0.0,0.0,0.0,876.5,0.0
1,487100,VOLCANIC_ROCK_VOUCHER_9500,876.0,16.0,0.0,0.0,0.0,0.0,877,16,0.0,0.0,0.0,0.0,876.5,0.0
1,487200,VOLCANIC_ROCK_VOUCHER_9500,877.0,27.0,0.0,0.0,0.0,0.0,878,15,0.0,0.0,0.0,0.0,877.5,0.0
1,487300,VOLCANIC_ROCK_VOUCHER_9500,877.0,21.0,0.0,0.0,0.0,0.0,879,21,0.0,0.0,0.0,0.0,878.0,0.0
1,487400,VOLCANIC_ROCK_VOUCHER_9500,879.0,31.0,0.0,0.0,0.0,0.0,880,15,0.0,0.0,0.0,0.0,879.5,0.0
1,487500,VOLCANIC_ROCK_VOUCHER_9500,883.0,17.0,0.0,0.0,0.0,0.0,884,17,0.0,0.0,0.0,0.0,883.5,0.0
1,487600,VOLCANIC_ROCK_VOUCHER_9500,880.0,17.0,0.0,0.0,0.0,0.0,881,17,0.0,0.0,0.0,0.0,880.5,0.0
1,487700,VOLCANIC_ROCK_VOUCHER_9500,880.0,16.0,0.0,0.0,0.0,0.0,881,16,0.0,0.0,0.0,0.0,880.5,0.0
1,487800,VOLCANIC_ROCK_VOUCHER_9500,880.0,17.0,0.0,0.0,0.0,0.0,881,17,0.0,0.0,0.0,0.0,880.5,0.0
1,487900,VOLCANIC_ROCK_VOUCHER_9500,881.0,33.0,0.0,0.0,0.0,0.0,882,18,0.0,0.0,0.0,0.0,881.5,0.0
1,488000,VOLCANIC_ROCK_VOUCHER_9500,881.0,14.0,0.0,0.0,0.0,0.0,882,14,0.0,0.0,0.0,0.0,881.5,0.0
1,488100,VOLCANIC_ROCK_VOUCHER_9500,886.0,13.0,0.0,0.0,0.0,0.0,887,13,0.0,0.0,0.0,0.0,886.5,0.0
1,488200,VOLCANIC_ROCK_VOUCHER_9500,883.0,19.0,0.0,0.0,0.0,0.0,884,19,0.0,0.0,0.0,0.0,883.5,0.0
1,488300,VOLCANIC_ROCK_VOUCHER_9500,884.0,14.0,0.0,0.0,0.0,0.0,885,14,0.0,0.0,0.0,0.0,884.5,0.0
1,488400,VOLCANIC_ROCK_VOUCHER_9500,886.0,13.0,0.0,0.0,0.0,0.0,887,13,0.0,0.0,0.0,0.0,886.5,0.0
1,488500,VOLCANIC_ROCK_VOUCHER_9500,887.0,25.0,0.0,0.0,0.0,0.0,888,13,0.0,0.0,0.0,0.0,887.5,0.0
1,488600,VOLCANIC_ROCK_VOUCHER_9500,890.0,19.0,0.0,0.0,0.0,0.0,891,19,0.0,0.0,0.0,0.0,890.5,0.0
1,488700,VOLCANIC_ROCK_VOUCHER_9500,894.0,15.0,0.0,0.0,0.0,0.0,895,15,0.0,0.0,0.0,0.0,894.5,0.0
1,488800,VOLCANIC_ROCK_VOUCHER_9500,895.0,18.0,0.0,0.0,0.0,0.0,896,18,0.0,0.0,0.0,0.0,895.5,0.0
1,488900,VOLCANIC_ROCK_VOUCHER_9500,895.0,12.0,0.0,0.0,0.0,0.0,897,12,0.0,0.0,0.0,0.0,896.0,0.0
1,489000,VOLCANIC_ROCK_VOUCHER_9500,896.0,15.0,0.0,0.0,0.0,0.0,897,15,0.0,0.0,0.0,0.0,896.5,0.0
1,489100,VOLCANIC_ROCK_VOUCHER_9500,892.0,13.0,0.0,0.0,0.0,0.0,893,13,0.0,0.0,0.0,0.0,892.5,0.0
1,489200,VOLCANIC_ROCK_VOUCHER_9500,898.0,31.0,0.0,0.0,0.0,0.0,899,21,0.0,0.0,0.0,0.0,898.5,0.0
1,489300,VOLCANIC_ROCK_VOUCHER_9500,899.0,11.0,898.0,11.0,0.0,0.0,900,11,0.0,0.0,0.0,0.0,899.5,0.0
1,489400,VOLCANIC_ROCK_VOUCHER_9500,899.0,12.0,0.0,0.0,0.0,0.0,900,12,0.0,0.0,0.0,0.0,899.5,0.0
1,489500,VOLCANIC_ROCK_VOUCHER_9500,904.0,18.0,0.0,0.0,0.0,0.0,905,18,0.0,0.0,0.0,0.0,904.5,0.0
1,489600,VOLCANIC_ROCK_VOUCHER_9500,902.0,21.0,0.0,0.0,0.0,0.0,904,21,0.0,0.0,0.0,0.0,903.0,0.0
1,489700,VOLCANIC_ROCK_VOUCHER_9500,902.0,12.0,0.0,0.0,0.0,0.0,904,12,0.0,0.0,0.0,0.0,903.0,0.0
1,489800,VOLCANIC_ROCK_VOUCHER_9500,903.0,17.0,0.0,0.0,0.0,0.0,904,17,0.0,0.0,0.0,0.0,903.5,0.0
1,489900,VOLCANIC_ROCK_VOUCHER_9500,899.0,21.0,0.0,0.0,0.0,0.0,901,21,0.0,0.0,0.0,0.0,900.0,0.0
1,490000,VOLCANIC_ROCK_VOUCHER_9500,901.0,16.0,0.0,0.0,0.0,0.0,903,16,0.0,0.0,0.0,0.0,902.0,0.0
1,490100,VOLCANIC_ROCK_VOUCHER_9500,903.0,13.0,0.0,0.0,0.0,0.0,904,13,0.0,0.0,0.0,0.0,903.5,0.0
1,490200,VOLCANIC_ROCK_VOUCHER_9500,904.0,16.0,0.0,0.0,0.0,0.0,905,16,0.0,0.0,0.0,0.0,904.5,0.0
1,490300,VOLCANIC_ROCK_VOUCHER_9500,907.0,19.0,0.0,0.0,0.0,0.0,908,19,0.0,0.0,0.0,0.0,907.5,0.0
1,490400,VOLCANIC_ROCK_VOUCHER_9500,908.0,12.0,0.0,0.0,0.0,0.0,909,12,0.0,0.0,0.0,0.0,908.5,0.0
1,490500,VOLCANIC_ROCK_VOUCHER_9500,908.0,13.0,0.0,0.0,0.0,0.0,909,13,0.0,0.0,0.0,0.0,908.5,0.0
1,490600,VOLCANIC_ROCK_VOUCHER_9500,905.0,11.0,0.0,0.0,0.0,0.0,907,11,0.0,0.0,0.0,0.0,906.0,0.0
1,490700,VOLCANIC_ROCK_VOUCHER_9500,908.0,20.0,0.0,0.0,0.0,0.0,909,20,0.0,0.0,0.0,0.0,908.5,0.0
1,490800,VOLCANIC_ROCK_VOUCHER_9500,908.0,15.0,0.0,0.0,0.0,0.0,909,15,0.0,0.0,0.0,0.0,908.5,0.0
1,490900,VOLCANIC_ROCK_VOUCHER_9500,907.0,10.0,0.0,0.0,0.0,0.0,908,10,0.0,0.0,0.0,0.0,907.5,0.0
1,491000,VOLCANIC_ROCK_VOUCHER_9500,907.0,18.0,0.0,0.0,0.0,0.0,908,18,0.0,0.0,0.0,0.0,907.5,0.0
1,491100,VOLCANIC_ROCK_VOUCHER_9500,905.0,20.0,0.0,0.0,0.0,0.0,906,20,0.0,0.0,0.0,0.0,905.5,0.0
1,491200,VOLCANIC_ROCK_VOUCHER_9500,906.0,17.0,0.0,0.0,0.0,0.0,907,17,0.0,0.0,0.0,0.0,906.5,0.0
1,491300,VOLCANIC_ROCK_VOUCHER_9500,907.0,13.0,0.0,0.0,0.0,0.0,908,13,0.0,0.0,0.0,0.0,907.5,0.0
1,491400,VOLCANIC_ROCK_VOUCHER_9500,908.0,20.0,0.0,0.0,0.0,0.0,909,20,0.0,0.0,0.0,0.0,908.5,0.0
1,491500,VOLCANIC_ROCK_VOUCHER_9500,908.0,20.0,0.0,0.0,0.0,0.0,909,20,0.0,0.0,0.0,0.0,908.5,0.0
1,491600,VOLCANIC_ROCK_VOUCHER_9500,905.0,12.0,0.0,0.0,0.0,0.0,907,12,0.0,0.0,0.0,0.0,906.0,0.0
1,491700,VOLCANIC_ROCK_VOUCHER_9500,905.0,16.0,0.0,0.0,0.0,0.0,906,16,0.0,0.0,0.0,0.0,905.5,0.0
1,491800,VOLCANIC_ROCK_VOUCHER_9500,905.0,17.0,0.0,0.0,0.0,0.0,906,17,0.0,0.0,0.0,0.0,905.5,0.0
1,491900,VOLCANIC_ROCK_VOUCHER_9500,903.0,12.0,0.0,0.0,0.0,0.0,904,12,0.0,0.0,0.0,0.0,903.5,0.0
1,492000,VOLCANIC_ROCK_VOUCHER_9500,904.0,14.0,0.0,0.0,0.0,0.0,906,14,0.0,0.0,0.0,0.0,905.0,0.0
1,492100,VOLCANIC_ROCK_VOUCHER_9500,905.0,15.0,0.0,0.0,0.0,0.0,907,15,0.0,0.0,0.0,0.0,906.0,0.0
1,492200,VOLCANIC_ROCK_VOUCHER_9500,908.0,18.0,0.0,0.0,0.0,0.0,909,18,0.0,0.0,0.0,0.0,908.5,0.0
1,492300,VOLCANIC_ROCK_VOUCHER_9500,909.0,21.0,0.0,0.0,0.0,0.0,910,21,0.0,0.0,0.0,0.0,909.5,0.0
1,492400,VOLCANIC_ROCK_VOUCHER_9500,913.0,18.0,0.0,0.0,0.0,0.0,914,18,0.0,0.0,0.0,0.0,913.5,0.0
1,492500,VOLCANIC_ROCK_VOUCHER_9500,917.0,12.0,0.0,0.0,0.0,0.0,918,12,0.0,0.0,0.0,0.0,917.5,0.0
1,492600,VOLCANIC_ROCK_VOUCHER_9500,916.0,14.0,0.0,0.0,0.0,0.0,917,14,0.0,0.0,0.0,0.0,916.5,0.0
1,492700,VOLCANIC_ROCK_VOUCHER_9500,913.0,21.0,0.0,0.0,0.0,0.0,914,21,0.0,0.0,0.0,0.0,913.5,0.0
1,492800,VOLCANIC_ROCK_VOUCHER_9500,912.0,17.0,0.0,0.0,0.0,0.0,913,17,0.0,0.0,0.0,0.0,912.5,0.0
1,492900,VOLCANIC_ROCK_VOUCHER_9500,911.0,16.0,0.0,0.0,0.0,0.0,913,16,0.0,0.0,0.0,0.0,912.0,0.0
1,493000,VOLCANIC_ROCK_VOUCHER_9500,912.0,20.0,0.0,0.0,0.0,0.0,913,20,0.0,0.0,0.0,0.0,912.5,0.0
1,493100,VOLCANIC_ROCK_VOUCHER_9500,914.0,30.0,0.0,0.0,0.0,0.0,915,14,0.0,0.0,0.0,0.0,914.5,0.0
1,493200,VOLCANIC_ROCK_VOUCHER_9500,914.0,17.0,0.0,0.0,0.0,0.0,916,17,0.0,0.0,0.0,0.0,915.0,0.0
1,493300,VOLCANIC_ROCK_VOUCHER_9500,917.0,18.0,0.0,0.0,0.0,0.0,918,18,0.0,0.0,0.0,0.0,917.5,0.0
1,493400,VOLCANIC_ROCK_VOUCHER_9500,917.0,15.0,0.0,0.0,0.0,0.0,918,15,0.0,0.0,0.0,0.0,917.5,0.0
1,493500,VOLCANIC_ROCK_VOUCHER_9500,916.0,14.0,0.0,0.0,0.0,0.0,917,14,0.0,0.0,0.0,0.0,916.5,0.0
1,493600,VOLCANIC_ROCK_VOUCHER_9500,915.0,14.0,0.0,0.0,0.0,0.0,916,14,0.0,0.0,0.0,0.0,915.5,0.0
1,493700,VOLCANIC_ROCK_VOUCHER_9500,914.0,28.0,0.0,0.0,0.0,0.0,915,21,0.0,0.0,0.0,0.0,914.5,0.0
1,493800,VOLCANIC_ROCK_VOUCHER_9500,914.0,13.0,0.0,0.0,0.0,0.0,915,13,0.0,0.0,0.0,0.0,914.5,0.0
1,493900,VOLCANIC_ROCK_VOUCHER_9500,916.0,13.0,0.0,0.0,0.0,0.0,917,13,0.0,0.0,0.0,0.0,916.5,0.0
1,494000,VOLCANIC_ROCK_VOUCHER_9500,914.0,18.0,0.0,0.0,0.0,0.0,915,18,0.0,0.0,0.0,0.0,914.5,0.0
1,494100,VOLCANIC_ROCK_VOUCHER_9500,908.0,21.0,0.0,0.0,0.0,0.0,909,21,0.0,0.0,0.0,0.0,908.5,0.0
1,494200,VOLCANIC_ROCK_VOUCHER_9500,904.0,13.0,0.0,0.0,0.0,0.0,905,13,0.0,0.0,0.0,0.0,904.5,0.0
1,494300,VOLCANIC_ROCK_VOUCHER_9500,903.0,22.0,0.0,0.0,0.0,0.0,904,22,0.0,0.0,0.0,0.0,903.5,0.0
1,494400,VOLCANIC_ROCK_VOUCHER_9500,901.0,17.0,0.0,0.0,0.0,0.0,902,17,0.0,0.0,0.0,0.0,901.5,0.0
1,494500,VOLCANIC_ROCK_VOUCHER_9500,901.0,11.0,0.0,0.0,0.0,0.0,902,11,0.0,0.0,0.0,0.0,901.5,0.0
1,494600,VOLCANIC_ROCK_VOUCHER_9500,902.0,9.0,0.0,0.0,0.0,0.0,903,19,0.0,0.0,0.0,0.0,902.5,0.0
1,494700,VOLCANIC_ROCK_VOUCHER_9500,904.0,15.0,0.0,0.0,0.0,0.0,905,15,0.0,0.0,0.0,0.0,904.5,0.0
1,494800,VOLCANIC_ROCK_VOUCHER_9500,902.0,17.0,0.0,0.0,0.0,0.0,903,17,0.0,0.0,0.0,0.0,902.5,0.0
1,494900,VOLCANIC_ROCK_VOUCHER_9500,905.0,21.0,0.0,0.0,0.0,0.0,906,21,0.0,0.0,0.0,0.0,905.5,0.0
1,495000,VOLCANIC_ROCK_VOUCHER_9500,907.0,18.0,0.0,0.0,0.0,0.0,909,18,0.0,0.0,0.0,0.0,908.0,0.0
1,495100,VOLCANIC_ROCK_VOUCHER_9500,906.0,14.0,0.0,0.0,0.0,0.0,907,14,0.0,0.0,0.0,0.0,906.5,0.0
1,495200,VOLCANIC_ROCK_VOUCHER_9500,901.0,19.0,0.0,0.0,0.0,0.0,903,19,0.0,0.0,0.0,0.0,902.0,0.0
1,495300,VOLCANIC_ROCK_VOUCHER_9500,901.0,13.0,0.0,0.0,0.0,0.0,902,13,0.0,0.0,0.0,0.0,901.5,0.0
1,495400,VOLCANIC_ROCK_VOUCHER_9500,904.0,14.0,0.0,0.0,0.0,0.0,905,14,0.0,0.0,0.0,0.0,904.5,0.0
1,495500,VOLCANIC_ROCK_VOUCHER_9500,903.0,21.0,0.0,0.0,0.0,0.0,904,21,0.0,0.0,0.0,0.0,903.5,0.0
1,495600,VOLCANIC_ROCK_VOUCHER_9500,903.0,36.0,0.0,0.0,0.0,0.0,904,21,0.0,0.0,0.0,0.0,903.5,0.0
1,495700,VOLCANIC_ROCK_VOUCHER_9500,905.0,17.0,0.0,0.0,0.0,0.0,906,17,0.0,0.0,0.0,0.0,905.5,0.0
1,495800,VOLCANIC_ROCK_VOUCHER_9500,909.0,13.0,0.0,0.0,0.0,0.0,910,13,0.0,0.0,0.0,0.0,909.5,0.0
1,495900,VOLCANIC_ROCK_VOUCHER_9500,909.0,1.0,908.0,18.0,0.0,0.0,910,19,0.0,0.0,0.0,0.0,909.5,0.0
1,496000,VOLCANIC_ROCK_VOUCHER_9500,912.0,15.0,0.0,0.0,0.0,0.0,913,15,0.0,0.0,0.0,0.0,912.5,0.0
1,496100,VOLCANIC_ROCK_VOUCHER_9500,911.0,20.0,0.0,0.0,0.0,0.0,912,20,0.0,0.0,0.0,0.0,911.5,0.0
1,496200,VOLCANIC_ROCK_VOUCHER_9500,911.0,11.0,0.0,0.0,0.0,0.0,912,11,0.0,0.0,0.0,0.0,911.5,0.0
1,496300,VOLCANIC_ROCK_VOUCHER_9500,912.0,11.0,0.0,0.0,0.0,0.0,913,11,0.0,0.0,0.0,0.0,912.5,0.0
1,496400,VOLCANIC_ROCK_VOUCHER_9500,915.0,20.0,0.0,0.0,0.0,0.0,916,20,0.0,0.0,0.0,0.0,915.5,0.0
1,496500,VOLCANIC_ROCK_VOUCHER_9500,915.0,19.0,0.0,0.0,0.0,0.0,917,19,0.0,0.0,0.0,0.0,916.0,0.0
1,496600,VOLCANIC_ROCK_VOUCHER_9500,915.0,21.0,0.0,0.0,0.0,0.0,916,21,0.0,0.0,0.0,0.0,915.5,0.0
1,496700,VOLCANIC_ROCK_VOUCHER_9500,918.0,12.0,0.0,0.0,0.0,0.0,919,12,0.0,0.0,0.0,0.0,918.5,0.0
1,496800,VOLCANIC_ROCK_VOUCHER_9500,919.0,18.0,0.0,0.0,0.0,0.0,920,18,0.0,0.0,0.0,0.0,919.5,0.0
1,496900,VOLCANIC_ROCK_VOUCHER_9500,919.0,20.0,0.0,0.0,0.0,0.0,920,20,0.0,0.0,0.0,0.0,919.5,0.0
1,497000,VOLCANIC_ROCK_VOUCHER_9500,920.0,17.0,0.0,0.0,0.0,0.0,921,17,0.0,0.0,0.0,0.0,920.5,0.0
1,497100,VOLCANIC_ROCK_VOUCHER_9500,922.0,22.0,0.0,0.0,0.0,0.0,924,22,0.0,0.0,0.0,0.0,923.0,0.0
1,497200,VOLCANIC_ROCK_VOUCHER_9500,924.0,18.0,0.0,0.0,0.0,0.0,925,18,0.0,0.0,0.0,0.0,924.5,0.0
1,497300,VOLCANIC_ROCK_VOUCHER_9500,931.0,19.0,0.0,0.0,0.0,0.0,932,19,0.0,0.0,0.0,0.0,931.5,0.0
1,497400,VOLCANIC_ROCK_VOUCHER_9500,926.0,36.0,0.0,0.0,0.0,0.0,927,17,0.0,0.0,0.0,0.0,926.5,0.0
1,497500,VOLCANIC_ROCK_VOUCHER_9500,924.0,18.0,0.0,0.0,0.0,0.0,925,2,926.0,16.0,0.0,0.0,924.5,0.0
1,497600,VOLCANIC_ROCK_VOUCHER_9500,930.0,11.0,0.0,0.0,0.0,0.0,931,11,0.0,0.0,0.0,0.0,930.5,0.0
1,497700,VOLCANIC_ROCK_VOUCHER_9500,930.0,15.0,0.0,0.0,0.0,0.0,931,15,0.0,0.0,0.0,0.0,930.5,0.0
1,497800,VOLCANIC_ROCK_VOUCHER_9500,929.0,17.0,0.0,0.0,0.0,0.0,930,17,0.0,0.0,0.0,0.0,929.5,0.0
1,497900,VOLCANIC_ROCK_VOUCHER_9500,928.0,18.0,0.0,0.0,0.0,0.0,929,1,930.0,17.0,0.0,0.0,928.5,0.0
1,498000,VOLCANIC_ROCK_VOUCHER_9500,927.0,11.0,0.0,0.0,0.0,0.0,928,11,0.0,0.0,0.0,0.0,927.5,0.0
1,498100,VOLCANIC_ROCK_VOUCHER_9500,927.0,16.0,0.0,0.0,0.0,0.0,928,16,0.0,0.0,0.0,0.0,927.5,0.0
1,498200,VOLCANIC_ROCK_VOUCHER_9500,925.0,21.0,0.0,0.0,0.0,0.0,926,21,0.0,0.0,0.0,0.0,925.5,0.0
1,498300,VOLCANIC_ROCK_VOUCHER_9500,925.0,19.0,0.0,0.0,0.0,0.0,926,19,0.0,0.0,0.0,0.0,925.5,0.0
1,498400,VOLCANIC_ROCK_VOUCHER_9500,926.0,12.0,0.0,0.0,0.0,0.0,927,12,0.0,0.0,0.0,0.0,926.5,0.0
1,498500,VOLCANIC_ROCK_VOUCHER_9500,927.0,1.0,0.0,0.0,0.0,0.0,928,15,0.0,0.0,0.0,0.0,927.5,0.0
1,498600,VOLCANIC_ROCK_VOUCHER_9500,926.0,18.0,0.0,0.0,0.0,0.0,927,18,0.0,0.0,0.0,0.0,926.5,0.0
1,498700,VOLCANIC_ROCK_VOUCHER_9500,926.0,17.0,0.0,0.0,0.0,0.0,927,17,0.0,0.0,0.0,0.0,926.5,0.0
1,498800,VOLCANIC_ROCK_VOUCHER_9500,925.0,19.0,0.0,0.0,0.0,0.0,926,19,0.0,0.0,0.0,0.0,925.5,0.0
1,498900,VOLCANIC_ROCK_VOUCHER_9500,925.0,14.0,0.0,0.0,0.0,0.0,926,14,0.0,0.0,0.0,0.0,925.5,0.0
1,499000,VOLCANIC_ROCK_VOUCHER_9500,925.0,20.0,0.0,0.0,0.0,0.0,926,20,0.0,0.0,0.0,0.0,925.5,0.0
1,499100,VOLCANIC_ROCK_VOUCHER_9500,921.0,17.0,0.0,0.0,0.0,0.0,922,17,0.0,0.0,0.0,0.0,921.5,0.0
1,499200,VOLCANIC_ROCK_VOUCHER_9500,921.0,12.0,0.0,0.0,0.0,0.0,922,12,0.0,0.0,0.0,0.0,921.5,0.0
1,499300,VOLCANIC_ROCK_VOUCHER_9500,921.0,12.0,0.0,0.0,0.0,0.0,922,12,0.0,0.0,0.0,0.0,921.5,0.0
1,499400,VOLCANIC_ROCK_VOUCHER_9500,923.0,15.0,0.0,0.0,0.0,0.0,924,15,0.0,0.0,0.0,0.0,923.5,0.0
1,499500,VOLCANIC_ROCK_VOUCHER_9500,921.0,19.0,0.0,0.0,0.0,0.0,922,19,0.0,0.0,0.0,0.0,921.5,0.0
1,499600,VOLCANIC_ROCK_VOUCHER_9500,919.0,19.0,0.0,0.0,0.0,0.0,920,19,0.0,0.0,0.0,0.0,919.5,0.0
1,499700,VOLCANIC_ROCK_VOUCHER_9500,918.0,14.0,0.0,0.0,0.0,0.0,919,14,0.0,0.0,0.0,0.0,918.5,0.0
1,499800,VOLCANIC_ROCK_VOUCHER_9500,922.0,13.0,0.0,0.0,0.0,0.0,924,13,0.0,0.0,0.0,0.0,923.0,0.0
1,499900,VOLCANIC_ROCK_VOUCHER_9500,0.0,0.0,0.0,0.0,0.0,0.0,924,6,925.0,13.0,0.0,0.0,924.0,0.0
1,500000,VOLCANIC_ROCK_VOUCHER_9500,923.0,21.0,0.0,0.0,0.0,0.0,925,21,0.0,0.0,0.0,0.0,924.0,0.0
1,500100,VOLCANIC_ROCK_VOUCHER_9500,926.0,21.0,0.0,0.0,0.0,0.0,927,21,0.0,0.0,0.0,0.0,926.5,0.0
1,500200,VOLCANIC_ROCK_VOUCHER_9500,927.0,19.0,0.0,0.0,0.0,0.0,928,19,0.0,0.0,0.0,0.0,927.5,0.0
1,500300,VOLCANIC_ROCK_VOUCHER_9500,927.0,14.0,0.0,0.0,0.0,0.0,928,14,0.0,0.0,0.0,0.0,927.5,0.0
1,500400,VOLCANIC_ROCK_VOUCHER_9500,926.0,21.0,0.0,0.0,0.0,0.0,927,21,0.0,0.0,0.0,0.0,926.5,0.0
1,500500,VOLCANIC_ROCK_VOUCHER_9500,928.0,18.0,0.0,0.0,0.0,0.0,929,18,0.0,0.0,0.0,0.0,928.5,0.0
1,500600,VOLCANIC_ROCK_VOUCHER_9500,925.0,11.0,0.0,0.0,0.0,0.0,926,11,0.0,0.0,0.0,0.0,925.5,0.0
1,500700,VOLCANIC_ROCK_VOUCHER_9500,931.0,20.0,0.0,0.0,0.0,0.0,932,20,0.0,0.0,0.0,0.0,931.5,0.0
1,500800,VOLCANIC_ROCK_VOUCHER_9500,933.0,10.0,0.0,0.0,0.0,0.0,934,10,0.0,0.0,0.0,0.0,933.5,0.0
1,500900,VOLCANIC_ROCK_VOUCHER_9500,934.0,19.0,0.0,0.0,0.0,0.0,936,19,0.0,0.0,0.0,0.0,935.0,0.0
1,501000,VOLCANIC_ROCK_VOUCHER_9500,934.0,20.0,0.0,0.0,0.0,0.0,935,20,0.0,0.0,0.0,0.0,934.5,0.0
1,501100,VOLCANIC_ROCK_VOUCHER_9500,934.0,14.0,0.0,0.0,0.0,0.0,935,14,0.0,0.0,0.0,0.0,934.5,0.0
1,501200,VOLCANIC_ROCK_VOUCHER_9500,934.0,23.0,0.0,0.0,0.0,0.0,935,14,0.0,0.0,0.0,0.0,934.5,0.0
1,501300,VOLCANIC_ROCK_VOUCHER_9500,932.0,15.0,0.0,0.0,0.0,0.0,933,15,0.0,0.0,0.0,0.0,932.5,0.0
1,501400,VOLCANIC_ROCK_VOUCHER_9500,929.0,17.0,0.0,0.0,0.0,0.0,931,17,0.0,0.0,0.0,0.0,930.0,0.0
1,501500,VOLCANIC_ROCK_VOUCHER_9500,929.0,20.0,0.0,0.0,0.0,0.0,930,20,0.0,0.0,0.0,0.0,929.5,0.0
1,501600,VOLCANIC_ROCK_VOUCHER_9500,926.0,14.0,0.0,0.0,0.0,0.0,927,14,0.0,0.0,0.0,0.0,926.5,0.0
1,501700,VOLCANIC_ROCK_VOUCHER_9500,926.0,12.0,0.0,0.0,0.0,0.0,927,12,0.0,0.0,0.0,0.0,926.5,0.0
1,501800,VOLCANIC_ROCK_VOUCHER_9500,920.0,20.0,0.0,0.0,0.0,0.0,921,20,0.0,0.0,0.0,0.0,920.5,0.0
1,501900,VOLCANIC_ROCK_VOUCHER_9500,918.0,10.0,0.0,0.0,0.0,0.0,919,10,0.0,0.0,0.0,0.0,918.5,0.0
1,502000,VOLCANIC_ROCK_VOUCHER_9500,918.0,13.0,0.0,0.0,0.0,0.0,919,13,0.0,0.0,0.0,0.0,918.5,0.0
1,502100,VOLCANIC_ROCK_VOUCHER_9500,918.0,14.0,0.0,0.0,0.0,0.0,920,14,0.0,0.0,0.0,0.0,919.0,0.0
1,502200,VOLCANIC_ROCK_VOUCHER_9500,919.0,17.0,0.0,0.0,0.0,0.0,920,17,0.0,0.0,0.0,0.0,919.5,0.0
1,502300,VOLCANIC_ROCK_VOUCHER_9500,918.0,21.0,0.0,0.0,0.0,0.0,920,21,0.0,0.0,0.0,0.0,919.0,0.0
1,502400,VOLCANIC_ROCK_VOUCHER_9500,919.0,5.0,0.0,0.0,0.0,0.0,920,16,0.0,0.0,0.0,0.0,919.5,0.0
1,502500,VOLCANIC_ROCK_VOUCHER_9500,915.0,2.0,0.0,0.0,0.0,0.0,916,18,0.0,0.0,0.0,0.0,915.5,0.0
1,502600,VOLCANIC_ROCK_VOUCHER_9500,915.0,15.0,0.0,0.0,0.0,0.0,917,15,0.0,0.0,0.0,0.0,916.0,0.0
1,502700,VOLCANIC_ROCK_VOUCHER_9500,911.0,16.0,0.0,0.0,0.0,0.0,912,16,0.0,0.0,0.0,0.0,911.5,0.0
1,502800,VOLCANIC_ROCK_VOUCHER_9500,912.0,8.0,911.0,18.0,0.0,0.0,913,18,0.0,0.0,0.0,0.0,912.5,0.0
1,502900,VOLCANIC_ROCK_VOUCHER_9500,911.0,19.0,0.0,0.0,0.0,0.0,912,19,0.0,0.0,0.0,0.0,911.5,0.0
1,503000,VOLCANIC_ROCK_VOUCHER_9500,907.0,14.0,0.0,0.0,0.0,0.0,908,14,0.0,0.0,0.0,0.0,907.5,0.0
1,503100,VOLCANIC_ROCK_VOUCHER_9500,900.0,30.0,0.0,0.0,0.0,0.0,901,18,0.0,0.0,0.0,0.0,900.5,0.0
1,503200,VOLCANIC_ROCK_VOUCHER_9500,902.0,17.0,0.0,0.0,0.0,0.0,903,17,0.0,0.0,0.0,0.0,902.5,0.0
1,503300,VOLCANIC_ROCK_VOUCHER_9500,905.0,16.0,0.0,0.0,0.0,0.0,906,16,0.0,0.0,0.0,0.0,905.5,0.0
1,503400,VOLCANIC_ROCK_VOUCHER_9500,903.0,17.0,0.0,0.0,0.0,0.0,904,17,0.0,0.0,0.0,0.0,903.5,0.0
1,503500,VOLCANIC_ROCK_VOUCHER_9500,904.0,18.0,0.0,0.0,0.0,0.0,905,18,0.0,0.0,0.0,0.0,904.5,0.0
1,503600,VOLCANIC_ROCK_VOUCHER_9500,903.0,17.0,0.0,0.0,0.0,0.0,904,17,0.0,0.0,0.0,0.0,903.5,0.0
1,503700,VOLCANIC_ROCK_VOUCHER_9500,903.0,17.0,0.0,0.0,0.0,0.0,904,17,0.0,0.0,0.0,0.0,903.5,0.0
1,503800,VOLCANIC_ROCK_VOUCHER_9500,902.0,22.0,0.0,0.0,0.0,0.0,903,22,0.0,0.0,0.0,0.0,902.5,0.0
1,503900,VOLCANIC_ROCK_VOUCHER_9500,903.0,11.0,0.0,0.0,0.0,0.0,904,11,0.0,0.0,0.0,0.0,903.5,0.0
1,504000,VOLCANIC_ROCK_VOUCHER_9500,904.0,15.0,0.0,0.0,0.0,0.0,905,15,0.0,0.0,0.0,0.0,904.5,0.0
1,504100,VOLCANIC_ROCK_VOUCHER_9500,904.0,18.0,0.0,0.0,0.0,0.0,905,18,0.0,0.0,0.0,0.0,904.5,0.0
1,504200,VOLCANIC_ROCK_VOUCHER_9500,903.0,21.0,0.0,0.0,0.0,0.0,904,21,0.0,0.0,0.0,0.0,903.5,0.0
1,504300,VOLCANIC_ROCK_VOUCHER_9500,901.0,12.0,0.0,0.0,0.0,0.0,902,12,0.0,0.0,0.0,0.0,901.5,0.0
1,504400,VOLCANIC_ROCK_VOUCHER_9500,900.0,15.0,0.0,0.0,0.0,0.0,901,15,0.0,0.0,0.0,0.0,900.5,0.0
1,504500,VOLCANIC_ROCK_VOUCHER_9500,899.0,12.0,0.0,0.0,0.0,0.0,900,12,0.0,0.0,0.0,0.0,899.5,0.0
1,504600,VOLCANIC_ROCK_VOUCHER_9500,900.0,16.0,0.0,0.0,0.0,0.0,901,16,0.0,0.0,0.0,0.0,900.5,0.0
1,504700,VOLCANIC_ROCK_VOUCHER_9500,901.0,17.0,0.0,0.0,0.0,0.0,902,17,0.0,0.0,0.0,0.0,901.5,0.0
1,504800,VOLCANIC_ROCK_VOUCHER_9500,902.0,11.0,0.0,0.0,0.0,0.0,903,11,0.0,0.0,0.0,0.0,902.5,0.0
1,504900,VOLCANIC_ROCK_VOUCHER_9500,906.0,16.0,0.0,0.0,0.0,0.0,907,16,0.0,0.0,0.0,0.0,906.5,0.0
1,505000,VOLCANIC_ROCK_VOUCHER_9500,907.0,15.0,0.0,0.0,0.0,0.0,908,15,0.0,0.0,0.0,0.0,907.5,0.0
1,505100,VOLCANIC_ROCK_VOUCHER_9500,906.0,13.0,0.0,0.0,0.0,0.0,907,13,0.0,0.0,0.0,0.0,906.5,0.0
1,505200,VOLCANIC_ROCK_VOUCHER_9500,905.0,12.0,0.0,0.0,0.0,0.0,907,12,0.0,0.0,0.0,0.0,906.0,0.0
1,505300,VOLCANIC_ROCK_VOUCHER_9500,906.0,18.0,0.0,0.0,0.0,0.0,907,18,0.0,0.0,0.0,0.0,906.5,0.0
1,505400,VOLCANIC_ROCK_VOUCHER_9500,904.0,19.0,0.0,0.0,0.0,0.0,905,19,0.0,0.0,0.0,0.0,904.5,0.0
1,505500,VOLCANIC_ROCK_VOUCHER_9500,903.0,20.0,0.0,0.0,0.0,0.0,904,20,0.0,0.0,0.0,0.0,903.5,0.0
1,505600,VOLCANIC_ROCK_VOUCHER_9500,903.0,21.0,0.0,0.0,0.0,0.0,904,21,0.0,0.0,0.0,0.0,903.5,0.0
1,505700,VOLCANIC_ROCK_VOUCHER_9500,903.0,26.0,0.0,0.0,0.0,0.0,904,12,0.0,0.0,0.0,0.0,903.5,0.0
1,505800,VOLCANIC_ROCK_VOUCHER_9500,902.0,14.0,0.0,0.0,0.0,0.0,903,14,0.0,0.0,0.0,0.0,902.5,0.0
1,505900,VOLCANIC_ROCK_VOUCHER_9500,903.0,15.0,0.0,0.0,0.0,0.0,904,15,0.0,0.0,0.0,0.0,903.5,0.0
1,506000,VOLCANIC_ROCK_VOUCHER_9500,903.0,11.0,0.0,0.0,0.0,0.0,904,11,0.0,0.0,0.0,0.0,903.5,0.0
1,506100,VOLCANIC_ROCK_VOUCHER_9500,904.0,19.0,0.0,0.0,0.0,0.0,906,19,0.0,0.0,0.0,0.0,905.0,0.0
1,506200,VOLCANIC_ROCK_VOUCHER_9500,903.0,17.0,0.0,0.0,0.0,0.0,904,17,0.0,0.0,0.0,0.0,903.5,0.0
1,506300,VOLCANIC_ROCK_VOUCHER_9500,903.0,20.0,0.0,0.0,0.0,0.0,904,20,0.0,0.0,0.0,0.0,903.5,0.0
1,506400,VOLCANIC_ROCK_VOUCHER_9500,903.0,12.0,0.0,0.0,0.0,0.0,904,12,0.0,0.0,0.0,0.0,903.5,0.0
1,506500,VOLCANIC_ROCK_VOUCHER_9500,903.0,18.0,0.0,0.0,0.0,0.0,904,18,0.0,0.0,0.0,0.0,903.5,0.0
1,506600,VOLCANIC_ROCK_VOUCHER_9500,896.0,12.0,0.0,0.0,0.0,0.0,898,12,0.0,0.0,0.0,0.0,897.0,0.0
1,506700,VOLCANIC_ROCK_VOUCHER_9500,897.0,13.0,0.0,0.0,0.0,0.0,898,13,0.0,0.0,0.0,0.0,897.5,0.0
1,506800,VOLCANIC_ROCK_VOUCHER_9500,898.0,12.0,0.0,0.0,0.0,0.0,900,12,0.0,0.0,0.0,0.0,899.0,0.0
1,506900,VOLCANIC_ROCK_VOUCHER_9500,897.0,20.0,0.0,0.0,0.0,0.0,899,20,0.0,0.0,0.0,0.0,898.0,0.0
1,507000,VOLCANIC_ROCK_VOUCHER_9500,897.0,16.0,0.0,0.0,0.0,0.0,898,16,0.0,0.0,0.0,0.0,897.5,0.0
1,507100,VOLCANIC_ROCK_VOUCHER_9500,898.0,21.0,0.0,0.0,0.0,0.0,899,21,0.0,0.0,0.0,0.0,898.5,0.0
1,507200,VOLCANIC_ROCK_VOUCHER_9500,897.0,14.0,0.0,0.0,0.0,0.0,898,14,0.0,0.0,0.0,0.0,897.5,0.0
1,507300,VOLCANIC_ROCK_VOUCHER_9500,898.0,14.0,0.0,0.0,0.0,0.0,899,14,0.0,0.0,0.0,0.0,898.5,0.0
1,507400,VOLCANIC_ROCK_VOUCHER_9500,898.0,18.0,0.0,0.0,0.0,0.0,899,18,0.0,0.0,0.0,0.0,898.5,0.0
1,507500,VOLCANIC_ROCK_VOUCHER_9500,898.0,1.0,897.0,19.0,0.0,0.0,899,20,0.0,0.0,0.0,0.0,898.5,0.0
1,507600,VOLCANIC_ROCK_VOUCHER_9500,897.0,13.0,0.0,0.0,0.0,0.0,898,1,899.0,12.0,0.0,0.0,897.5,0.0
1,507700,VOLCANIC_ROCK_VOUCHER_9500,893.0,16.0,0.0,0.0,0.0,0.0,894,16,0.0,0.0,0.0,0.0,893.5,0.0
1,507800,VOLCANIC_ROCK_VOUCHER_9500,893.0,12.0,0.0,0.0,0.0,0.0,894,12,0.0,0.0,0.0,0.0,893.5,0.0
1,507900,VOLCANIC_ROCK_VOUCHER_9500,897.0,9.0,0.0,0.0,0.0,0.0,898,20,0.0,0.0,0.0,0.0,897.5,0.0
1,508000,VOLCANIC_ROCK_VOUCHER_9500,898.0,12.0,0.0,0.0,0.0,0.0,899,12,0.0,0.0,0.0,0.0,898.5,0.0
1,508100,VOLCANIC_ROCK_VOUCHER_9500,900.0,20.0,0.0,0.0,0.0,0.0,901,20,0.0,0.0,0.0,0.0,900.5,0.0
1,508200,VOLCANIC_ROCK_VOUCHER_9500,904.0,21.0,0.0,0.0,0.0,0.0,905,21,0.0,0.0,0.0,0.0,904.5,0.0
1,508300,VOLCANIC_ROCK_VOUCHER_9500,903.0,20.0,0.0,0.0,0.0,0.0,904,20,0.0,0.0,0.0,0.0,903.5,0.0
1,508400,VOLCANIC_ROCK_VOUCHER_9500,905.0,19.0,0.0,0.0,0.0,0.0,906,19,0.0,0.0,0.0,0.0,905.5,0.0
1,508500,VOLCANIC_ROCK_VOUCHER_9500,906.0,18.0,0.0,0.0,0.0,0.0,907,18,0.0,0.0,0.0,0.0,906.5,0.0
1,508600,VOLCANIC_ROCK_VOUCHER_9500,906.0,13.0,0.0,0.0,0.0,0.0,907,13,0.0,0.0,0.0,0.0,906.5,0.0
1,508700,VOLCANIC_ROCK_VOUCHER_9500,905.0,18.0,0.0,0.0,0.0,0.0,906,18,0.0,0.0,0.0,0.0,905.5,0.0
1,508800,VOLCANIC_ROCK_VOUCHER_9500,0.0,0.0,0.0,0.0,0.0,0.0,904,2,905.0,16.0,0.0,0.0,904.0,0.0
1,508900,VOLCANIC_ROCK_VOUCHER_9500,909.0,18.0,0.0,0.0,0.0,0.0,911,18,0.0,0.0,0.0,0.0,910.0,0.0
1,509000,VOLCANIC_ROCK_VOUCHER_9500,907.0,15.0,0.0,0.0,0.0,0.0,908,15,0.0,0.0,0.0,0.0,907.5,0.0
1,509100,VOLCANIC_ROCK_VOUCHER_9500,904.0,21.0,0.0,0.0,0.0,0.0,905,21,0.0,0.0,0.0,0.0,904.5,0.0
1,509200,VOLCANIC_ROCK_VOUCHER_9500,905.0,14.0,0.0,0.0,0.0,0.0,906,14,0.0,0.0,0.0,0.0,905.5,0.0
1,509300,VOLCANIC_ROCK_VOUCHER_9500,904.0,31.0,0.0,0.0,0.0,0.0,906,17,0.0,0.0,0.0,0.0,905.0,0.0
1,509400,VOLCANIC_ROCK_VOUCHER_9500,905.0,12.0,0.0,0.0,0.0,0.0,906,12,0.0,0.0,0.0,0.0,905.5,0.0
1,509500,VOLCANIC_ROCK_VOUCHER_9500,904.0,21.0,0.0,0.0,0.0,0.0,905,21,0.0,0.0,0.0,0.0,904.5,0.0
1,509600,VOLCANIC_ROCK_VOUCHER_9500,904.0,13.0,0.0,0.0,0.0,0.0,905,13,0.0,0.0,0.0,0.0,904.5,0.0
1,509700,VOLCANIC_ROCK_VOUCHER_9500,904.0,14.0,0.0,0.0,0.0,0.0,905,14,0.0,0.0,0.0,0.0,904.5,0.0
1,509800,VOLCANIC_ROCK_VOUCHER_9500,909.0,14.0,0.0,0.0,0.0,0.0,910,14,0.0,0.0,0.0,0.0,909.5,0.0
1,509900,VOLCANIC_ROCK_VOUCHER_9500,909.0,16.0,0.0,0.0,0.0,0.0,910,16,0.0,0.0,0.0,0.0,909.5,0.0
1,510000,VOLCANIC_ROCK_VOUCHER_9500,910.0,19.0,909.0,15.0,0.0,0.0,911,15,0.0,0.0,0.0,0.0,910.5,0.0
1,510100,VOLCANIC_ROCK_VOUCHER_9500,907.0,19.0,0.0,0.0,0.0,0.0,908,19,0.0,0.0,0.0,0.0,907.5,0.0
1,510200,VOLCANIC_ROCK_VOUCHER_9500,909.0,17.0,0.0,0.0,0.0,0.0,910,17,0.0,0.0,0.0,0.0,909.5,0.0
1,510300,VOLCANIC_ROCK_VOUCHER_9500,910.0,13.0,0.0,0.0,0.0,0.0,911,13,0.0,0.0,0.0,0.0,910.5,0.0
1,510400,VOLCANIC_ROCK_VOUCHER_9500,908.0,18.0,0.0,0.0,0.0,0.0,909,18,0.0,0.0,0.0,0.0,908.5,0.0
1,510500,VOLCANIC_ROCK_VOUCHER_9500,906.0,22.0,0.0,0.0,0.0,0.0,907,22,0.0,0.0,0.0,0.0,906.5,0.0
1,510600,VOLCANIC_ROCK_VOUCHER_9500,905.0,17.0,0.0,0.0,0.0,0.0,907,17,0.0,0.0,0.0,0.0,906.0,0.0
1,510700,VOLCANIC_ROCK_VOUCHER_9500,908.0,14.0,0.0,0.0,0.0,0.0,909,14,0.0,0.0,0.0,0.0,908.5,0.0
1,510800,VOLCANIC_ROCK_VOUCHER_9500,906.0,5.0,0.0,0.0,0.0,0.0,907,20,0.0,0.0,0.0,0.0,906.5,0.0
1,510900,VOLCANIC_ROCK_VOUCHER_9500,906.0,11.0,0.0,0.0,0.0,0.0,907,11,0.0,0.0,0.0,0.0,906.5,0.0
1,511000,VOLCANIC_ROCK_VOUCHER_9500,906.0,17.0,0.0,0.0,0.0,0.0,907,17,0.0,0.0,0.0,0.0,906.5,0.0
1,511100,VOLCANIC_ROCK_VOUCHER_9500,906.0,5.0,905.0,15.0,0.0,0.0,907,15,0.0,0.0,0.0,0.0,906.5,0.0
1,511200,VOLCANIC_ROCK_VOUCHER_9500,905.0,20.0,0.0,0.0,0.0,0.0,906,20,0.0,0.0,0.0,0.0,905.5,0.0
1,511300,VOLCANIC_ROCK_VOUCHER_9500,908.0,12.0,0.0,0.0,0.0,0.0,909,12,0.0,0.0,0.0,0.0,908.5,0.0
1,511400,VOLCANIC_ROCK_VOUCHER_9500,908.0,13.0,0.0,0.0,0.0,0.0,909,13,0.0,0.0,0.0,0.0,908.5,0.0
1,511500,VOLCANIC_ROCK_VOUCHER_9500,907.0,15.0,0.0,0.0,0.0,0.0,909,15,0.0,0.0,0.0,0.0,908.0,0.0
1,511600,VOLCANIC_ROCK_VOUCHER_9500,907.0,11.0,0.0,0.0,0.0,0.0,908,11,0.0,0.0,0.0,0.0,907.5,0.0
1,511700,VOLCANIC_ROCK_VOUCHER_9500,907.0,19.0,0.0,0.0,0.0,0.0,908,19,0.0,0.0,0.0,0.0,907.5,0.0
1,511800,VOLCANIC_ROCK_VOUCHER_9500,906.0,17.0,0.0,0.0,0.0,0.0,907,17,0.0,0.0,0.0,0.0,906.5,0.0
1,511900,VOLCANIC_ROCK_VOUCHER_9500,905.0,19.0,0.0,0.0,0.0,0.0,906,19,0.0,0.0,0.0,0.0,905.5,0.0
1,512000,VOLCANIC_ROCK_VOUCHER_9500,905.0,6.0,904.0,16.0,0.0,0.0,906,16,0.0,0.0,0.0,0.0,905.5,0.0
1,512100,VOLCANIC_ROCK_VOUCHER_9500,900.0,11.0,0.0,0.0,0.0,0.0,901,11,0.0,0.0,0.0,0.0,900.5,0.0
1,512200,VOLCANIC_ROCK_VOUCHER_9500,897.0,21.0,0.0,0.0,0.0,0.0,898,21,0.0,0.0,0.0,0.0,897.5,0.0
1,512300,VOLCANIC_ROCK_VOUCHER_9500,896.0,11.0,0.0,0.0,0.0,0.0,898,11,0.0,0.0,0.0,0.0,897.0,0.0
1,512400,VOLCANIC_ROCK_VOUCHER_9500,895.0,14.0,0.0,0.0,0.0,0.0,896,14,0.0,0.0,0.0,0.0,895.5,0.0
1,512500,VOLCANIC_ROCK_VOUCHER_9500,893.0,20.0,0.0,0.0,0.0,0.0,894,20,0.0,0.0,0.0,0.0,893.5,0.0
1,512600,VOLCANIC_ROCK_VOUCHER_9500,896.0,21.0,0.0,0.0,0.0,0.0,897,21,0.0,0.0,0.0,0.0,896.5,0.0
1,512700,VOLCANIC_ROCK_VOUCHER_9500,899.0,12.0,0.0,0.0,0.0,0.0,900,12,0.0,0.0,0.0,0.0,899.5,0.0
1,512800,VOLCANIC_ROCK_VOUCHER_9500,902.0,38.0,0.0,0.0,0.0,0.0,903,19,0.0,0.0,0.0,0.0,902.5,0.0
1,512900,VOLCANIC_ROCK_VOUCHER_9500,905.0,20.0,0.0,0.0,0.0,0.0,906,20,0.0,0.0,0.0,0.0,905.5,0.0
1,513000,VOLCANIC_ROCK_VOUCHER_9500,904.0,20.0,0.0,0.0,0.0,0.0,905,20,0.0,0.0,0.0,0.0,904.5,0.0
1,513100,VOLCANIC_ROCK_VOUCHER_9500,903.0,12.0,0.0,0.0,0.0,0.0,904,12,0.0,0.0,0.0,0.0,903.5,0.0
1,513200,VOLCANIC_ROCK_VOUCHER_9500,909.0,15.0,0.0,0.0,0.0,0.0,910,15,0.0,0.0,0.0,0.0,909.5,0.0
1,513300,VOLCANIC_ROCK_VOUCHER_9500,909.0,12.0,0.0,0.0,0.0,0.0,910,12,0.0,0.0,0.0,0.0,909.5,0.0
1,513400,VOLCANIC_ROCK_VOUCHER_9500,908.0,15.0,0.0,0.0,0.0,0.0,909,15,0.0,0.0,0.0,0.0,908.5,0.0
1,513500,VOLCANIC_ROCK_VOUCHER_9500,907.0,14.0,0.0,0.0,0.0,0.0,908,14,0.0,0.0,0.0,0.0,907.5,0.0
1,513600,VOLCANIC_ROCK_VOUCHER_9500,908.0,25.0,0.0,0.0,0.0,0.0,909,12,0.0,0.0,0.0,0.0,908.5,0.0
1,513700,VOLCANIC_ROCK_VOUCHER_9500,907.0,19.0,0.0,0.0,0.0,0.0,908,19,0.0,0.0,0.0,0.0,907.5,0.0
1,513800,VOLCANIC_ROCK_VOUCHER_9500,904.0,11.0,0.0,0.0,0.0,0.0,905,11,0.0,0.0,0.0,0.0,904.5,0.0
1,513900,VOLCANIC_ROCK_VOUCHER_9500,901.0,19.0,0.0,0.0,0.0,0.0,902,19,0.0,0.0,0.0,0.0,901.5,0.0
1,514000,VOLCANIC_ROCK_VOUCHER_9500,899.0,19.0,0.0,0.0,0.0,0.0,900,19,0.0,0.0,0.0,0.0,899.5,0.0
1,514100,VOLCANIC_ROCK_VOUCHER_9500,895.0,22.0,0.0,0.0,0.0,0.0,896,22,0.0,0.0,0.0,0.0,895.5,0.0
1,514200,VOLCANIC_ROCK_VOUCHER_9500,899.0,4.0,0.0,0.0,0.0,0.0,900,17,0.0,0.0,0.0,0.0,899.5,0.0
1,514300,VOLCANIC_ROCK_VOUCHER_9500,897.0,13.0,0.0,0.0,0.0,0.0,898,13,0.0,0.0,0.0,0.0,897.5,0.0
1,514400,VOLCANIC_ROCK_VOUCHER_9500,901.0,14.0,0.0,0.0,0.0,0.0,902,14,0.0,0.0,0.0,0.0,901.5,0.0
1,514500,VOLCANIC_ROCK_VOUCHER_9500,899.0,20.0,0.0,0.0,0.0,0.0,900,20,0.0,0.0,0.0,0.0,899.5,0.0
1,514600,VOLCANIC_ROCK_VOUCHER_9500,898.0,18.0,0.0,0.0,0.0,0.0,899,18,0.0,0.0,0.0,0.0,898.5,0.0
1,514700,VOLCANIC_ROCK_VOUCHER_9500,899.0,16.0,0.0,0.0,0.0,0.0,900,16,0.0,0.0,0.0,0.0,899.5,0.0
1,514800,VOLCANIC_ROCK_VOUCHER_9500,899.0,21.0,0.0,0.0,0.0,0.0,900,21,0.0,0.0,0.0,0.0,899.5,0.0
1,514900,VOLCANIC_ROCK_VOUCHER_9500,898.0,20.0,0.0,0.0,0.0,0.0,899,2,900.0,18.0,0.0,0.0,898.5,0.0
1,515000,VOLCANIC_ROCK_VOUCHER_9500,898.0,15.0,0.0,0.0,0.0,0.0,900,15,0.0,0.0,0.0,0.0,899.0,0.0
1,515100,VOLCANIC_ROCK_VOUCHER_9500,898.0,13.0,0.0,0.0,0.0,0.0,899,13,0.0,0.0,0.0,0.0,898.5,0.0
1,515200,VOLCANIC_ROCK_VOUCHER_9500,898.0,14.0,0.0,0.0,0.0,0.0,899,14,0.0,0.0,0.0,0.0,898.5,0.0
1,515300,VOLCANIC_ROCK_VOUCHER_9500,895.0,18.0,0.0,0.0,0.0,0.0,896,18,0.0,0.0,0.0,0.0,895.5,0.0
1,515400,VOLCANIC_ROCK_VOUCHER_9500,895.0,10.0,0.0,0.0,0.0,0.0,896,10,0.0,0.0,0.0,0.0,895.5,0.0
1,515500,VOLCANIC_ROCK_VOUCHER_9500,0.0,0.0,0.0,0.0,0.0,0.0,896,5,897.0,14.0,0.0,0.0,896.0,0.0
1,515600,VOLCANIC_ROCK_VOUCHER_9500,895.0,16.0,0.0,0.0,0.0,0.0,896,16,0.0,0.0,0.0,0.0,895.5,0.0
1,515700,VOLCANIC_ROCK_VOUCHER_9500,894.0,15.0,0.0,0.0,0.0,0.0,895,15,0.0,0.0,0.0,0.0,894.5,0.0
1,515800,VOLCANIC_ROCK_VOUCHER_9500,894.0,11.0,0.0,0.0,0.0,0.0,895,11,0.0,0.0,0.0,0.0,894.5,0.0
1,515900,VOLCANIC_ROCK_VOUCHER_9500,896.0,20.0,0.0,0.0,0.0,0.0,897,20,0.0,0.0,0.0,0.0,896.5,0.0
1,516000,VOLCANIC_ROCK_VOUCHER_9500,898.0,16.0,0.0,0.0,0.0,0.0,899,16,0.0,0.0,0.0,0.0,898.5,0.0
1,516100,VOLCANIC_ROCK_VOUCHER_9500,898.0,17.0,0.0,0.0,0.0,0.0,899,17,0.0,0.0,0.0,0.0,898.5,0.0
1,516200,VOLCANIC_ROCK_VOUCHER_9500,899.0,20.0,0.0,0.0,0.0,0.0,900,20,0.0,0.0,0.0,0.0,899.5,0.0
1,516300,VOLCANIC_ROCK_VOUCHER_9500,898.0,11.0,0.0,0.0,0.0,0.0,899,11,0.0,0.0,0.0,0.0,898.5,0.0
1,516400,VOLCANIC_ROCK_VOUCHER_9500,901.0,16.0,0.0,0.0,0.0,0.0,902,16,0.0,0.0,0.0,0.0,901.5,0.0
1,516500,VOLCANIC_ROCK_VOUCHER_9500,902.0,15.0,0.0,0.0,0.0,0.0,903,15,0.0,0.0,0.0,0.0,902.5,0.0
1,516600,VOLCANIC_ROCK_VOUCHER_9500,901.0,21.0,0.0,0.0,0.0,0.0,902,21,0.0,0.0,0.0,0.0,901.5,0.0
1,516700,VOLCANIC_ROCK_VOUCHER_9500,901.0,17.0,0.0,0.0,0.0,0.0,902,17,0.0,0.0,0.0,0.0,901.5,0.0
1,516800,VOLCANIC_ROCK_VOUCHER_9500,903.0,13.0,0.0,0.0,0.0,0.0,904,13,0.0,0.0,0.0,0.0,903.5,0.0
1,516900,VOLCANIC_ROCK_VOUCHER_9500,904.0,12.0,0.0,0.0,0.0,0.0,905,12,0.0,0.0,0.0,0.0,904.5,0.0
1,517000,VOLCANIC_ROCK_VOUCHER_9500,904.0,16.0,0.0,0.0,0.0,0.0,905,16,0.0,0.0,0.0,0.0,904.5,0.0
1,517100,VOLCANIC_ROCK_VOUCHER_9500,907.0,15.0,0.0,0.0,0.0,0.0,908,15,0.0,0.0,0.0,0.0,907.5,0.0
1,517200,VOLCANIC_ROCK_VOUCHER_9500,907.0,20.0,0.0,0.0,0.0,0.0,908,20,0.0,0.0,0.0,0.0,907.5,0.0
1,517300,VOLCANIC_ROCK_VOUCHER_9500,908.0,18.0,0.0,0.0,0.0,0.0,909,18,0.0,0.0,0.0,0.0,908.5,0.0
1,517400,VOLCANIC_ROCK_VOUCHER_9500,908.0,14.0,0.0,0.0,0.0,0.0,909,14,0.0,0.0,0.0,0.0,908.5,0.0
1,517500,VOLCANIC_ROCK_VOUCHER_9500,906.0,10.0,0.0,0.0,0.0,0.0,908,10,0.0,0.0,0.0,0.0,907.0,0.0
1,517600,VOLCANIC_ROCK_VOUCHER_9500,909.0,14.0,0.0,0.0,0.0,0.0,910,14,0.0,0.0,0.0,0.0,909.5,0.0
1,517700,VOLCANIC_ROCK_VOUCHER_9500,909.0,22.0,0.0,0.0,0.0,0.0,910,22,0.0,0.0,0.0,0.0,909.5,0.0
1,517800,VOLCANIC_ROCK_VOUCHER_9500,908.0,14.0,0.0,0.0,0.0,0.0,909,14,0.0,0.0,0.0,0.0,908.5,0.0
1,517900,VOLCANIC_ROCK_VOUCHER_9500,909.0,20.0,0.0,0.0,0.0,0.0,910,20,0.0,0.0,0.0,0.0,909.5,0.0
1,518000,VOLCANIC_ROCK_VOUCHER_9500,909.0,22.0,0.0,0.0,0.0,0.0,910,22,0.0,0.0,0.0,0.0,909.5,0.0
1,518100,VOLCANIC_ROCK_VOUCHER_9500,908.0,12.0,0.0,0.0,0.0,0.0,910,12,0.0,0.0,0.0,0.0,909.0,0.0
1,518200,VOLCANIC_ROCK_VOUCHER_9500,910.0,12.0,0.0,0.0,0.0,0.0,911,12,0.0,0.0,0.0,0.0,910.5,0.0
1,518300,VOLCANIC_ROCK_VOUCHER_9500,911.0,27.0,0.0,0.0,0.0,0.0,912,15,0.0,0.0,0.0,0.0,911.5,0.0
1,518400,VOLCANIC_ROCK_VOUCHER_9500,911.0,14.0,0.0,0.0,0.0,0.0,912,14,0.0,0.0,0.0,0.0,911.5,0.0
1,518500,VOLCANIC_ROCK_VOUCHER_9500,912.0,20.0,0.0,0.0,0.0,0.0,913,20,0.0,0.0,0.0,0.0,912.5,0.0
1,518600,VOLCANIC_ROCK_VOUCHER_9500,915.0,20.0,0.0,0.0,0.0,0.0,916,20,0.0,0.0,0.0,0.0,915.5,0.0
1,518700,VOLCANIC_ROCK_VOUCHER_9500,915.0,17.0,0.0,0.0,0.0,0.0,916,17,0.0,0.0,0.0,0.0,915.5,0.0
1,518800,VOLCANIC_ROCK_VOUCHER_9500,916.0,9.0,0.0,0.0,0.0,0.0,918,17,0.0,0.0,0.0,0.0,917.0,0.0
1,518900,VOLCANIC_ROCK_VOUCHER_9500,917.0,2.0,0.0,0.0,0.0,0.0,918,17,0.0,0.0,0.0,0.0,917.5,0.0
1,519000,VOLCANIC_ROCK_VOUCHER_9500,917.0,11.0,0.0,0.0,0.0,0.0,918,11,0.0,0.0,0.0,0.0,917.5,0.0
1,519100,VOLCANIC_ROCK_VOUCHER_9500,915.0,13.0,0.0,0.0,0.0,0.0,916,13,0.0,0.0,0.0,0.0,915.5,0.0
1,519200,VOLCANIC_ROCK_VOUCHER_9500,0.0,0.0,0.0,0.0,0.0,0.0,912,5,913.0,12.0,0.0,0.0,912.0,0.0
1,519300,VOLCANIC_ROCK_VOUCHER_9500,0.0,0.0,0.0,0.0,0.0,0.0,914,2,915.0,2.0,916.0,10.0,914.0,0.0
1,519400,VOLCANIC_ROCK_VOUCHER_9500,916.0,19.0,0.0,0.0,0.0,0.0,917,19,0.0,0.0,0.0,0.0,916.5,0.0
1,519500,VOLCANIC_ROCK_VOUCHER_9500,916.0,18.0,0.0,0.0,0.0,0.0,917,18,0.0,0.0,0.0,0.0,916.5,0.0
1,519600,VOLCANIC_ROCK_VOUCHER_9500,916.0,21.0,0.0,0.0,0.0,0.0,917,21,0.0,0.0,0.0,0.0,916.5,0.0
1,519700,VOLCANIC_ROCK_VOUCHER_9500,921.0,18.0,0.0,0.0,0.0,0.0,922,18,0.0,0.0,0.0,0.0,921.5,0.0
1,519800,VOLCANIC_ROCK_VOUCHER_9500,921.0,12.0,0.0,0.0,0.0,0.0,922,12,0.0,0.0,0.0,0.0,921.5,0.0
1,519900,VOLCANIC_ROCK_VOUCHER_9500,922.0,21.0,0.0,0.0,0.0,0.0,923,21,0.0,0.0,0.0,0.0,922.5,0.0
1,520000,VOLCANIC_ROCK_VOUCHER_9500,922.0,13.0,0.0,0.0,0.0,0.0,924,13,0.0,0.0,0.0,0.0,923.0,0.0
1,520100,VOLCANIC_ROCK_VOUCHER_9500,924.0,18.0,0.0,0.0,0.0,0.0,925,18,0.0,0.0,0.0,0.0,924.5,0.0
1,520200,VOLCANIC_ROCK_VOUCHER_9500,921.0,15.0,0.0,0.0,0.0,0.0,923,15,0.0,0.0,0.0,0.0,922.0,0.0
1,520300,VOLCANIC_ROCK_VOUCHER_9500,921.0,21.0,0.0,0.0,0.0,0.0,922,21,0.0,0.0,0.0,0.0,921.5,0.0
1,520400,VOLCANIC_ROCK_VOUCHER_9500,921.0,15.0,0.0,0.0,0.0,0.0,922,15,0.0,0.0,0.0,0.0,921.5,0.0
1,520500,VOLCANIC_ROCK_VOUCHER_9500,920.0,13.0,0.0,0.0,0.0,0.0,921,13,0.0,0.0,0.0,0.0,920.5,0.0
1,520600,VOLCANIC_ROCK_VOUCHER_9500,918.0,13.0,0.0,0.0,0.0,0.0,920,13,0.0,0.0,0.0,0.0,919.0,0.0
1,520700,VOLCANIC_ROCK_VOUCHER_9500,917.0,19.0,0.0,0.0,0.0,0.0,919,19,0.0,0.0,0.0,0.0,918.0,0.0
1,520800,VOLCANIC_ROCK_VOUCHER_9500,917.0,11.0,0.0,0.0,0.0,0.0,918,11,0.0,0.0,0.0,0.0,917.5,0.0
1,520900,VOLCANIC_ROCK_VOUCHER_9500,916.0,29.0,0.0,0.0,0.0,0.0,917,13,0.0,0.0,0.0,0.0,916.5,0.0
1,521000,VOLCANIC_ROCK_VOUCHER_9500,915.0,18.0,0.0,0.0,0.0,0.0,916,18,0.0,0.0,0.0,0.0,915.5,0.0
1,521100,VOLCANIC_ROCK_VOUCHER_9500,916.0,18.0,0.0,0.0,0.0,0.0,917,18,0.0,0.0,0.0,0.0,916.5,0.0
1,521200,VOLCANIC_ROCK_VOUCHER_9500,916.0,38.0,0.0,0.0,0.0,0.0,917,21,0.0,0.0,0.0,0.0,916.5,0.0
1,521300,VOLCANIC_ROCK_VOUCHER_9500,917.0,18.0,0.0,0.0,0.0,0.0,918,18,0.0,0.0,0.0,0.0,917.5,0.0
1,521400,VOLCANIC_ROCK_VOUCHER_9500,915.0,17.0,0.0,0.0,0.0,0.0,916,17,0.0,0.0,0.0,0.0,915.5,0.0
1,521500,VOLCANIC_ROCK_VOUCHER_9500,915.0,17.0,0.0,0.0,0.0,0.0,916,17,0.0,0.0,0.0,0.0,915.5,0.0
1,521600,VOLCANIC_ROCK_VOUCHER_9500,908.0,20.0,0.0,0.0,0.0,0.0,909,20,0.0,0.0,0.0,0.0,908.5,0.0
1,521700,VOLCANIC_ROCK_VOUCHER_9500,904.0,21.0,0.0,0.0,0.0,0.0,905,21,0.0,0.0,0.0,0.0,904.5,0.0
1,521800,VOLCANIC_ROCK_VOUCHER_9500,904.0,13.0,0.0,0.0,0.0,0.0,906,13,0.0,0.0,0.0,0.0,905.0,0.0
1,521900,VOLCANIC_ROCK_VOUCHER_9500,907.0,13.0,0.0,0.0,0.0,0.0,908,13,0.0,0.0,0.0,0.0,907.5,0.0
1,522000,VOLCANIC_ROCK_VOUCHER_9500,910.0,17.0,0.0,0.0,0.0,0.0,911,17,0.0,0.0,0.0,0.0,910.5,0.0
1,522100,VOLCANIC_ROCK_VOUCHER_9500,911.0,18.0,0.0,0.0,0.0,0.0,912,18,0.0,0.0,0.0,0.0,911.5,0.0
1,522200,VOLCANIC_ROCK_VOUCHER_9500,908.0,12.0,0.0,0.0,0.0,0.0,909,12,0.0,0.0,0.0,0.0,908.5,0.0
1,522300,VOLCANIC_ROCK_VOUCHER_9500,906.0,12.0,0.0,0.0,0.0,0.0,907,12,0.0,0.0,0.0,0.0,906.5,0.0
1,522400,VOLCANIC_ROCK_VOUCHER_9500,906.0,16.0,0.0,0.0,0.0,0.0,907,16,0.0,0.0,0.0,0.0,906.5,0.0
1,522500,VOLCANIC_ROCK_VOUCHER_9500,903.0,18.0,0.0,0.0,0.0,0.0,904,18,0.0,0.0,0.0,0.0,903.5,0.0
1,522600,VOLCANIC_ROCK_VOUCHER_9500,903.0,19.0,0.0,0.0,0.0,0.0,904,19,0.0,0.0,0.0,0.0,903.5,0.0
1,522700,VOLCANIC_ROCK_VOUCHER_9500,905.0,13.0,0.0,0.0,0.0,0.0,906,13,0.0,0.0,0.0,0.0,905.5,0.0
1,522800,VOLCANIC_ROCK_VOUCHER_9500,903.0,11.0,0.0,0.0,0.0,0.0,904,11,0.0,0.0,0.0,0.0,903.5,0.0
1,522900,VOLCANIC_ROCK_VOUCHER_9500,906.0,17.0,0.0,0.0,0.0,0.0,908,17,0.0,0.0,0.0,0.0,907.0,0.0
1,523000,VOLCANIC_ROCK_VOUCHER_9500,906.0,14.0,0.0,0.0,0.0,0.0,907,14,0.0,0.0,0.0,0.0,906.5,0.0
1,523100,VOLCANIC_ROCK_VOUCHER_9500,909.0,18.0,0.0,0.0,0.0,0.0,910,18,0.0,0.0,0.0,0.0,909.5,0.0
1,523200,VOLCANIC_ROCK_VOUCHER_9500,908.0,20.0,0.0,0.0,0.0,0.0,909,20,0.0,0.0,0.0,0.0,908.5,0.0
1,523300,VOLCANIC_ROCK_VOUCHER_9500,908.0,15.0,0.0,0.0,0.0,0.0,909,15,0.0,0.0,0.0,0.0,908.5,0.0
1,523400,VOLCANIC_ROCK_VOUCHER_9500,908.0,17.0,0.0,0.0,0.0,0.0,910,17,0.0,0.0,0.0,0.0,909.0,0.0
1,523500,VOLCANIC_ROCK_VOUCHER_9500,910.0,12.0,0.0,0.0,0.0,0.0,911,12,0.0,0.0,0.0,0.0,910.5,0.0
1,523600,VOLCANIC_ROCK_VOUCHER_9500,911.0,16.0,0.0,0.0,0.0,0.0,912,16,0.0,0.0,0.0,0.0,911.5,0.0
1,523700,VOLCANIC_ROCK_VOUCHER_9500,911.0,16.0,0.0,0.0,0.0,0.0,912,16,0.0,0.0,0.0,0.0,911.5,0.0
1,523800,VOLCANIC_ROCK_VOUCHER_9500,911.0,20.0,0.0,0.0,0.0,0.0,912,20,0.0,0.0,0.0,0.0,911.5,0.0
1,523900,VOLCANIC_ROCK_VOUCHER_9500,910.0,16.0,0.0,0.0,0.0,0.0,911,16,0.0,0.0,0.0,0.0,910.5,0.0
1,524000,VOLCANIC_ROCK_VOUCHER_9500,909.0,12.0,0.0,0.0,0.0,0.0,910,12,0.0,0.0,0.0,0.0,909.5,0.0
1,524100,VOLCANIC_ROCK_VOUCHER_9500,907.0,12.0,0.0,0.0,0.0,0.0,908,12,0.0,0.0,0.0,0.0,907.5,0.0
1,524200,VOLCANIC_ROCK_VOUCHER_9500,907.0,17.0,0.0,0.0,0.0,0.0,908,17,0.0,0.0,0.0,0.0,907.5,0.0
1,524300,VOLCANIC_ROCK_VOUCHER_9500,906.0,16.0,0.0,0.0,0.0,0.0,907,16,0.0,0.0,0.0,0.0,906.5,0.0
1,524400,VOLCANIC_ROCK_VOUCHER_9500,906.0,11.0,0.0,0.0,0.0,0.0,907,11,0.0,0.0,0.0,0.0,906.5,0.0
1,524500,VOLCANIC_ROCK_VOUCHER_9500,906.0,18.0,0.0,0.0,0.0,0.0,907,18,0.0,0.0,0.0,0.0,906.5,0.0
1,524600,VOLCANIC_ROCK_VOUCHER_9500,906.0,12.0,0.0,0.0,0.0,0.0,907,12,0.0,0.0,0.0,0.0,906.5,0.0
1,524700,VOLCANIC_ROCK_VOUCHER_9500,908.0,18.0,0.0,0.0,0.0,0.0,909,18,0.0,0.0,0.0,0.0,908.5,0.0
1,524800,VOLCANIC_ROCK_VOUCHER_9500,910.0,13.0,0.0,0.0,0.0,0.0,912,13,0.0,0.0,0.0,0.0,911.0,0.0
1,524900,VOLCANIC_ROCK_VOUCHER_9500,910.0,19.0,0.0,0.0,0.0,0.0,911,19,0.0,0.0,0.0,0.0,910.5,0.0
1,525000,VOLCANIC_ROCK_VOUCHER_9500,906.0,17.0,0.0,0.0,0.0,0.0,907,17,0.0,0.0,0.0,0.0,906.5,0.0
1,525100,VOLCANIC_ROCK_VOUCHER_9500,902.0,20.0,0.0,0.0,0.0,0.0,903,20,0.0,0.0,0.0,0.0,902.5,0.0
1,525200,VOLCANIC_ROCK_VOUCHER_9500,907.0,20.0,0.0,0.0,0.0,0.0,908,20,0.0,0.0,0.0,0.0,907.5,0.0
1,525300,VOLCANIC_ROCK_VOUCHER_9500,906.0,32.0,0.0,0.0,0.0,0.0,907,20,0.0,0.0,0.0,0.0,906.5,0.0
1,525400,VOLCANIC_ROCK_VOUCHER_9500,907.0,15.0,0.0,0.0,0.0,0.0,908,15,0.0,0.0,0.0,0.0,907.5,0.0
1,525500,VOLCANIC_ROCK_VOUCHER_9500,907.0,19.0,0.0,0.0,0.0,0.0,908,19,0.0,0.0,0.0,0.0,907.5,0.0
1,525600,VOLCANIC_ROCK_VOUCHER_9500,905.0,19.0,0.0,0.0,0.0,0.0,906,19,0.0,0.0,0.0,0.0,905.5,0.0
1,525700,VOLCANIC_ROCK_VOUCHER_9500,907.0,11.0,0.0,0.0,0.0,0.0,908,11,0.0,0.0,0.0,0.0,907.5,0.0
1,525800,VOLCANIC_ROCK_VOUCHER_9500,909.0,14.0,0.0,0.0,0.0,0.0,910,14,0.0,0.0,0.0,0.0,909.5,0.0
1,525900,VOLCANIC_ROCK_VOUCHER_9500,908.0,14.0,0.0,0.0,0.0,0.0,909,14,0.0,0.0,0.0,0.0,908.5,0.0
1,526000,VOLCANIC_ROCK_VOUCHER_9500,904.0,15.0,0.0,0.0,0.0,0.0,905,15,0.0,0.0,0.0,0.0,904.5,0.0
1,526100,VOLCANIC_ROCK_VOUCHER_9500,904.0,14.0,0.0,0.0,0.0,0.0,905,14,0.0,0.0,0.0,0.0,904.5,0.0
1,526200,VOLCANIC_ROCK_VOUCHER_9500,904.0,12.0,0.0,0.0,0.0,0.0,905,12,0.0,0.0,0.0,0.0,904.5,0.0
1,526300,VOLCANIC_ROCK_VOUCHER_9500,904.0,14.0,0.0,0.0,0.0,0.0,905,14,0.0,0.0,0.0,0.0,904.5,0.0
1,526400,VOLCANIC_ROCK_VOUCHER_9500,906.0,17.0,0.0,0.0,0.0,0.0,908,17,0.0,0.0,0.0,0.0,907.0,0.0
1,526500,VOLCANIC_ROCK_VOUCHER_9500,905.0,20.0,0.0,0.0,0.0,0.0,906,20,0.0,0.0,0.0,0.0,905.5,0.0
1,526600,VOLCANIC_ROCK_VOUCHER_9500,903.0,27.0,0.0,0.0,0.0,0.0,904,17,0.0,0.0,0.0,0.0,903.5,0.0
1,526700,VOLCANIC_ROCK_VOUCHER_9500,903.0,21.0,0.0,0.0,0.0,0.0,904,21,0.0,0.0,0.0,0.0,903.5,0.0
1,526800,VOLCANIC_ROCK_VOUCHER_9500,901.0,17.0,0.0,0.0,0.0,0.0,902,17,0.0,0.0,0.0,0.0,901.5,0.0
1,526900,VOLCANIC_ROCK_VOUCHER_9500,903.0,13.0,0.0,0.0,0.0,0.0,904,13,0.0,0.0,0.0,0.0,903.5,0.0
1,527000,VOLCANIC_ROCK_VOUCHER_9500,902.0,19.0,0.0,0.0,0.0,0.0,903,19,0.0,0.0,0.0,0.0,902.5,0.0
1,527100,VOLCANIC_ROCK_VOUCHER_9500,900.0,14.0,0.0,0.0,0.0,0.0,901,14,0.0,0.0,0.0,0.0,900.5,0.0
1,527200,VOLCANIC_ROCK_VOUCHER_9500,901.0,15.0,0.0,0.0,0.0,0.0,902,15,0.0,0.0,0.0,0.0,901.5,0.0
1,527300,VOLCANIC_ROCK_VOUCHER_9500,907.0,17.0,0.0,0.0,0.0,0.0,908,17,0.0,0.0,0.0,0.0,907.5,0.0
1,527400,VOLCANIC_ROCK_VOUCHER_9500,908.0,15.0,0.0,0.0,0.0,0.0,910,15,0.0,0.0,0.0,0.0,909.0,0.0
1,527500,VOLCANIC_ROCK_VOUCHER_9500,909.0,28.0,0.0,0.0,0.0,0.0,910,18,0.0,0.0,0.0,0.0,909.5,0.0
1,527600,VOLCANIC_ROCK_VOUCHER_9500,914.0,12.0,0.0,0.0,0.0,0.0,915,12,0.0,0.0,0.0,0.0,914.5,0.0
1,527700,VOLCANIC_ROCK_VOUCHER_9500,918.0,18.0,0.0,0.0,0.0,0.0,920,18,0.0,0.0,0.0,0.0,919.0,0.0
1,527800,VOLCANIC_ROCK_VOUCHER_9500,918.0,14.0,0.0,0.0,0.0,0.0,919,14,0.0,0.0,0.0,0.0,918.5,0.0
1,527900,VOLCANIC_ROCK_VOUCHER_9500,917.0,25.0,0.0,0.0,0.0,0.0,918,14,0.0,0.0,0.0,0.0,917.5,0.0
1,528000,VOLCANIC_ROCK_VOUCHER_9500,915.0,5.0,0.0,0.0,0.0,0.0,916,16,0.0,0.0,0.0,0.0,915.5,0.0
1,528100,VOLCANIC_ROCK_VOUCHER_9500,913.0,13.0,0.0,0.0,0.0,0.0,914,13,0.0,0.0,0.0,0.0,913.5,0.0
1,528200,VOLCANIC_ROCK_VOUCHER_9500,912.0,20.0,0.0,0.0,0.0,0.0,913,20,0.0,0.0,0.0,0.0,912.5,0.0
1,528300,VOLCANIC_ROCK_VOUCHER_9500,910.0,18.0,0.0,0.0,0.0,0.0,911,18,0.0,0.0,0.0,0.0,910.5,0.0
1,528400,VOLCANIC_ROCK_VOUCHER_9500,908.0,15.0,0.0,0.0,0.0,0.0,909,15,0.0,0.0,0.0,0.0,908.5,0.0
1,528500,VOLCANIC_ROCK_VOUCHER_9500,912.0,21.0,0.0,0.0,0.0,0.0,913,21,0.0,0.0,0.0,0.0,912.5,0.0
1,528600,VOLCANIC_ROCK_VOUCHER_9500,911.0,17.0,0.0,0.0,0.0,0.0,912,17,0.0,0.0,0.0,0.0,911.5,0.0
1,528700,VOLCANIC_ROCK_VOUCHER_9500,909.0,12.0,0.0,0.0,0.0,0.0,910,12,0.0,0.0,0.0,0.0,909.5,0.0
1,528800,VOLCANIC_ROCK_VOUCHER_9500,911.0,20.0,0.0,0.0,0.0,0.0,912,20,0.0,0.0,0.0,0.0,911.5,0.0
1,528900,VOLCANIC_ROCK_VOUCHER_9500,917.0,12.0,0.0,0.0,0.0,0.0,918,12,0.0,0.0,0.0,0.0,917.5,0.0
1,529000,VOLCANIC_ROCK_VOUCHER_9500,918.0,21.0,0.0,0.0,0.0,0.0,920,21,0.0,0.0,0.0,0.0,919.0,0.0
1,529100,VOLCANIC_ROCK_VOUCHER_9500,923.0,12.0,0.0,0.0,0.0,0.0,924,12,0.0,0.0,0.0,0.0,923.5,0.0
1,529200,VOLCANIC_ROCK_VOUCHER_9500,925.0,21.0,0.0,0.0,0.0,0.0,926,21,0.0,0.0,0.0,0.0,925.5,0.0
1,529300,VOLCANIC_ROCK_VOUCHER_9500,926.0,13.0,0.0,0.0,0.0,0.0,927,13,0.0,0.0,0.0,0.0,926.5,0.0
1,529400,VOLCANIC_ROCK_VOUCHER_9500,0.0,0.0,0.0,0.0,0.0,0.0,926,1,927.0,12.0,0.0,0.0,926.0,0.0
1,529500,VOLCANIC_ROCK_VOUCHER_9500,922.0,13.0,0.0,0.0,0.0,0.0,923,13,0.0,0.0,0.0,0.0,922.5,0.0
1,529600,VOLCANIC_ROCK_VOUCHER_9500,923.0,13.0,0.0,0.0,0.0,0.0,924,13,0.0,0.0,0.0,0.0,923.5,0.0
1,529700,VOLCANIC_ROCK_VOUCHER_9500,0.0,0.0,0.0,0.0,0.0,0.0,923,5,924.0,14.0,0.0,0.0,923.0,0.0
1,529800,VOLCANIC_ROCK_VOUCHER_9500,0.0,0.0,0.0,0.0,0.0,0.0,920,2,921.0,15.0,0.0,0.0,920.0,0.0
1,529900,VOLCANIC_ROCK_VOUCHER_9500,918.0,30.0,0.0,0.0,0.0,0.0,919,14,0.0,0.0,0.0,0.0,918.5,0.0
1,530000,VOLCANIC_ROCK_VOUCHER_9500,922.0,18.0,0.0,0.0,0.0,0.0,923,18,0.0,0.0,0.0,0.0,922.5,0.0
1,530100,VOLCANIC_ROCK_VOUCHER_9500,921.0,13.0,0.0,0.0,0.0,0.0,922,13,0.0,0.0,0.0,0.0,921.5,0.0
1,530200,VOLCANIC_ROCK_VOUCHER_9500,915.0,19.0,0.0,0.0,0.0,0.0,917,19,0.0,0.0,0.0,0.0,916.0,0.0
1,530300,VOLCANIC_ROCK_VOUCHER_9500,915.0,20.0,0.0,0.0,0.0,0.0,917,20,0.0,0.0,0.0,0.0,916.0,0.0
1,530400,VOLCANIC_ROCK_VOUCHER_9500,915.0,16.0,0.0,0.0,0.0,0.0,916,16,0.0,0.0,0.0,0.0,915.5,0.0
1,530500,VOLCANIC_ROCK_VOUCHER_9500,914.0,2.0,913.0,11.0,0.0,0.0,915,13,0.0,0.0,0.0,0.0,914.5,0.0
1,530600,VOLCANIC_ROCK_VOUCHER_9500,917.0,14.0,0.0,0.0,0.0,0.0,918,14,0.0,0.0,0.0,0.0,917.5,0.0
1,530700,VOLCANIC_ROCK_VOUCHER_9500,920.0,12.0,0.0,0.0,0.0,0.0,921,12,0.0,0.0,0.0,0.0,920.5,0.0
1,530800,VOLCANIC_ROCK_VOUCHER_9500,918.0,21.0,0.0,0.0,0.0,0.0,919,12,0.0,0.0,0.0,0.0,918.5,0.0
1,530900,VOLCANIC_ROCK_VOUCHER_9500,921.0,14.0,0.0,0.0,0.0,0.0,923,14,0.0,0.0,0.0,0.0,922.0,0.0
1,531000,VOLCANIC_ROCK_VOUCHER_9500,0.0,0.0,0.0,0.0,0.0,0.0,921,6,922.0,12.0,0.0,0.0,921.0,0.0
1,531100,VOLCANIC_ROCK_VOUCHER_9500,925.0,19.0,0.0,0.0,0.0,0.0,926,19,0.0,0.0,0.0,0.0,925.5,0.0
1,531200,VOLCANIC_ROCK_VOUCHER_9500,925.0,17.0,0.0,0.0,0.0,0.0,926,17,0.0,0.0,0.0,0.0,925.5,0.0
1,531300,VOLCANIC_ROCK_VOUCHER_9500,925.0,17.0,0.0,0.0,0.0,0.0,926,17,0.0,0.0,0.0,0.0,925.5,0.0
1,531400,VOLCANIC_ROCK_VOUCHER_9500,922.0,15.0,0.0,0.0,0.0,0.0,923,15,0.0,0.0,0.0,0.0,922.5,0.0
1,531500,VOLCANIC_ROCK_VOUCHER_9500,921.0,15.0,0.0,0.0,0.0,0.0,922,15,0.0,0.0,0.0,0.0,921.5,0.0
1,531600,VOLCANIC_ROCK_VOUCHER_9500,919.0,21.0,0.0,0.0,0.0,0.0,920,21,0.0,0.0,0.0,0.0,919.5,0.0
1,531700,VOLCANIC_ROCK_VOUCHER_9500,914.0,16.0,0.0,0.0,0.0,0.0,915,16,0.0,0.0,0.0,0.0,914.5,0.0
1,531800,VOLCANIC_ROCK_VOUCHER_9500,912.0,19.0,0.0,0.0,0.0,0.0,914,19,0.0,0.0,0.0,0.0,913.0,0.0
1,531900,VOLCANIC_ROCK_VOUCHER_9500,912.0,14.0,0.0,0.0,0.0,0.0,913,2,914.0,12.0,0.0,0.0,912.5,0.0
1,532000,VOLCANIC_ROCK_VOUCHER_9500,912.0,18.0,0.0,0.0,0.0,0.0,913,18,0.0,0.0,0.0,0.0,912.5,0.0
1,532100,VOLCANIC_ROCK_VOUCHER_9500,915.0,4.0,0.0,0.0,0.0,0.0,916,16,0.0,0.0,0.0,0.0,915.5,0.0
1,532200,VOLCANIC_ROCK_VOUCHER_9500,915.0,12.0,0.0,0.0,0.0,0.0,916,12,0.0,0.0,0.0,0.0,915.5,0.0
1,532300,VOLCANIC_ROCK_VOUCHER_9500,916.0,18.0,0.0,0.0,0.0,0.0,917,18,0.0,0.0,0.0,0.0,916.5,0.0
1,532400,VOLCANIC_ROCK_VOUCHER_9500,920.0,12.0,0.0,0.0,0.0,0.0,921,12,0.0,0.0,0.0,0.0,920.5,0.0
1,532500,VOLCANIC_ROCK_VOUCHER_9500,919.0,19.0,0.0,0.0,0.0,0.0,920,19,0.0,0.0,0.0,0.0,919.5,0.0
1,532600,VOLCANIC_ROCK_VOUCHER_9500,919.0,19.0,0.0,0.0,0.0,0.0,920,19,0.0,0.0,0.0,0.0,919.5,0.0
1,532700,VOLCANIC_ROCK_VOUCHER_9500,920.0,16.0,0.0,0.0,0.0,0.0,921,16,0.0,0.0,0.0,0.0,920.5,0.0
1,532800,VOLCANIC_ROCK_VOUCHER_9500,919.0,18.0,0.0,0.0,0.0,0.0,920,18,0.0,0.0,0.0,0.0,919.5,0.0
1,532900,VOLCANIC_ROCK_VOUCHER_9500,920.0,3.0,0.0,0.0,0.0,0.0,921,19,0.0,0.0,0.0,0.0,920.5,0.0
1,533000,VOLCANIC_ROCK_VOUCHER_9500,914.0,15.0,0.0,0.0,0.0,0.0,916,15,0.0,0.0,0.0,0.0,915.0,0.0
1,533100,VOLCANIC_ROCK_VOUCHER_9500,918.0,14.0,0.0,0.0,0.0,0.0,919,14,0.0,0.0,0.0,0.0,918.5,0.0
1,533200,VOLCANIC_ROCK_VOUCHER_9500,917.0,19.0,0.0,0.0,0.0,0.0,918,19,0.0,0.0,0.0,0.0,917.5,0.0
1,533300,VOLCANIC_ROCK_VOUCHER_9500,915.0,21.0,0.0,0.0,0.0,0.0,917,21,0.0,0.0,0.0,0.0,916.0,0.0
1,533400,VOLCANIC_ROCK_VOUCHER_9500,915.0,18.0,0.0,0.0,0.0,0.0,916,18,0.0,0.0,0.0,0.0,915.5,0.0
1,533500,VOLCANIC_ROCK_VOUCHER_9500,918.0,13.0,0.0,0.0,0.0,0.0,919,13,0.0,0.0,0.0,0.0,918.5,0.0
1,533600,VOLCANIC_ROCK_VOUCHER_9500,920.0,20.0,0.0,0.0,0.0,0.0,921,20,0.0,0.0,0.0,0.0,920.5,0.0
1,533700,VOLCANIC_ROCK_VOUCHER_9500,920.0,10.0,0.0,0.0,0.0,0.0,921,10,0.0,0.0,0.0,0.0,920.5,0.0
1,533800,VOLCANIC_ROCK_VOUCHER_9500,919.0,19.0,0.0,0.0,0.0,0.0,920,19,0.0,0.0,0.0,0.0,919.5,0.0
1,533900,VOLCANIC_ROCK_VOUCHER_9500,917.0,13.0,0.0,0.0,0.0,0.0,918,13,0.0,0.0,0.0,0.0,917.5,0.0
1,534000,VOLCANIC_ROCK_VOUCHER_9500,917.0,22.0,0.0,0.0,0.0,0.0,918,22,0.0,0.0,0.0,0.0,917.5,0.0
1,534100,VOLCANIC_ROCK_VOUCHER_9500,914.0,16.0,0.0,0.0,0.0,0.0,915,16,0.0,0.0,0.0,0.0,914.5,0.0
1,534200,VOLCANIC_ROCK_VOUCHER_9500,917.0,15.0,0.0,0.0,0.0,0.0,918,15,0.0,0.0,0.0,0.0,917.5,0.0
1,534300,VOLCANIC_ROCK_VOUCHER_9500,918.0,12.0,0.0,0.0,0.0,0.0,919,12,0.0,0.0,0.0,0.0,918.5,0.0
1,534400,VOLCANIC_ROCK_VOUCHER_9500,917.0,15.0,0.0,0.0,0.0,0.0,919,15,0.0,0.0,0.0,0.0,918.0,0.0
1,534500,VOLCANIC_ROCK_VOUCHER_9500,917.0,11.0,0.0,0.0,0.0,0.0,919,11,0.0,0.0,0.0,0.0,918.0,0.0
1,534600,VOLCANIC_ROCK_VOUCHER_9500,918.0,13.0,0.0,0.0,0.0,0.0,919,13,0.0,0.0,0.0,0.0,918.5,0.0
1,534700,VOLCANIC_ROCK_VOUCHER_9500,920.0,19.0,0.0,0.0,0.0,0.0,922,19,0.0,0.0,0.0,0.0,921.0,0.0
1,534800,VOLCANIC_ROCK_VOUCHER_9500,923.0,12.0,0.0,0.0,0.0,0.0,924,12,0.0,0.0,0.0,0.0,923.5,0.0
1,534900,VOLCANIC_ROCK_VOUCHER_9500,926.0,20.0,0.0,0.0,0.0,0.0,927,20,0.0,0.0,0.0,0.0,926.5,0.0
1,535000,VOLCANIC_ROCK_VOUCHER_9500,927.0,11.0,0.0,0.0,0.0,0.0,928,11,0.0,0.0,0.0,0.0,927.5,0.0
1,535100,VOLCANIC_ROCK_VOUCHER_9500,928.0,11.0,0.0,0.0,0.0,0.0,929,11,0.0,0.0,0.0,0.0,928.5,0.0
1,535200,VOLCANIC_ROCK_VOUCHER_9500,934.0,21.0,0.0,0.0,0.0,0.0,935,21,0.0,0.0,0.0,0.0,934.5,0.0
1,535300,VOLCANIC_ROCK_VOUCHER_9500,934.0,12.0,0.0,0.0,0.0,0.0,935,12,0.0,0.0,0.0,0.0,934.5,0.0
1,535400,VOLCANIC_ROCK_VOUCHER_9500,934.0,16.0,0.0,0.0,0.0,0.0,935,16,0.0,0.0,0.0,0.0,934.5,0.0
1,535500,VOLCANIC_ROCK_VOUCHER_9500,933.0,17.0,0.0,0.0,0.0,0.0,934,17,0.0,0.0,0.0,0.0,933.5,0.0
1,535600,VOLCANIC_ROCK_VOUCHER_9500,931.0,14.0,0.0,0.0,0.0,0.0,932,14,0.0,0.0,0.0,0.0,931.5,0.0
1,535700,VOLCANIC_ROCK_VOUCHER_9500,932.0,34.0,0.0,0.0,0.0,0.0,933,17,0.0,0.0,0.0,0.0,932.5,0.0
1,535800,VOLCANIC_ROCK_VOUCHER_9500,931.0,15.0,0.0,0.0,0.0,0.0,932,15,0.0,0.0,0.0,0.0,931.5,0.0
1,535900,VOLCANIC_ROCK_VOUCHER_9500,932.0,12.0,0.0,0.0,0.0,0.0,933,12,0.0,0.0,0.0,0.0,932.5,0.0
1,536000,VOLCANIC_ROCK_VOUCHER_9500,931.0,18.0,0.0,0.0,0.0,0.0,932,18,0.0,0.0,0.0,0.0,931.5,0.0
1,536100,VOLCANIC_ROCK_VOUCHER_9500,0.0,0.0,0.0,0.0,0.0,0.0,931,3,932.0,16.0,0.0,0.0,931.0,0.0
1,536200,VOLCANIC_ROCK_VOUCHER_9500,931.0,13.0,0.0,0.0,0.0,0.0,933,13,0.0,0.0,0.0,0.0,932.0,0.0
1,536300,VOLCANIC_ROCK_VOUCHER_9500,933.0,17.0,0.0,0.0,0.0,0.0,934,17,0.0,0.0,0.0,0.0,933.5,0.0
1,536400,VOLCANIC_ROCK_VOUCHER_9500,937.0,11.0,0.0,0.0,0.0,0.0,938,11,0.0,0.0,0.0,0.0,937.5,0.0
1,536500,VOLCANIC_ROCK_VOUCHER_9500,936.0,13.0,0.0,0.0,0.0,0.0,937,13,0.0,0.0,0.0,0.0,936.5,0.0
1,536600,VOLCANIC_ROCK_VOUCHER_9500,932.0,13.0,0.0,0.0,0.0,0.0,933,13,0.0,0.0,0.0,0.0,932.5,0.0
1,536700,VOLCANIC_ROCK_VOUCHER_9500,932.0,17.0,0.0,0.0,0.0,0.0,933,17,0.0,0.0,0.0,0.0,932.5,0.0
1,536800,VOLCANIC_ROCK_VOUCHER_9500,930.0,18.0,0.0,0.0,0.0,0.0,932,18,0.0,0.0,0.0,0.0,931.0,0.0
1,536900,VOLCANIC_ROCK_VOUCHER_9500,933.0,12.0,0.0,0.0,0.0,0.0,934,12,0.0,0.0,0.0,0.0,933.5,0.0
1,537000,VOLCANIC_ROCK_VOUCHER_9500,934.0,11.0,0.0,0.0,0.0,0.0,935,11,0.0,0.0,0.0,0.0,934.5,0.0
1,537100,VOLCANIC_ROCK_VOUCHER_9500,935.0,18.0,0.0,0.0,0.0,0.0,936,18,0.0,0.0,0.0,0.0,935.5,0.0
1,537200,VOLCANIC_ROCK_VOUCHER_9500,934.0,21.0,0.0,0.0,0.0,0.0,936,21,0.0,0.0,0.0,0.0,935.0,0.0
1,537300,VOLCANIC_ROCK_VOUCHER_9500,934.0,14.0,0.0,0.0,0.0,0.0,935,14,0.0,0.0,0.0,0.0,934.5,0.0
1,537400,VOLCANIC_ROCK_VOUCHER_9500,931.0,17.0,0.0,0.0,0.0,0.0,932,17,0.0,0.0,0.0,0.0,931.5,0.0
1,537500,VOLCANIC_ROCK_VOUCHER_9500,0.0,0.0,0.0,0.0,0.0,0.0,930,2,931.0,11.0,0.0,0.0,930.0,0.0
1,537600,VOLCANIC_ROCK_VOUCHER_9500,928.0,12.0,0.0,0.0,0.0,0.0,929,12,0.0,0.0,0.0,0.0,928.5,0.0
1,537700,VOLCANIC_ROCK_VOUCHER_9500,931.0,19.0,0.0,0.0,0.0,0.0,932,19,0.0,0.0,0.0,0.0,931.5,0.0
1,537800,VOLCANIC_ROCK_VOUCHER_9500,929.0,0.0,0.0,0.0,0.0,0.0,930,15,0.0,0.0,0.0,0.0,929.5,0.0
1,537900,VOLCANIC_ROCK_VOUCHER_9500,930.0,17.0,0.0,0.0,0.0,0.0,931,17,0.0,0.0,0.0,0.0,930.5,0.0
1,538000,VOLCANIC_ROCK_VOUCHER_9500,932.0,14.0,0.0,0.0,0.0,0.0,933,14,0.0,0.0,0.0,0.0,932.5,0.0
1,538100,VOLCANIC_ROCK_VOUCHER_9500,932.0,14.0,0.0,0.0,0.0,0.0,933,14,0.0,0.0,0.0,0.0,932.5,0.0
1,538200,VOLCANIC_ROCK_VOUCHER_9500,932.0,17.0,0.0,0.0,0.0,0.0,933,17,0.0,0.0,0.0,0.0,932.5,0.0
1,538300,VOLCANIC_ROCK_VOUCHER_9500,934.0,37.0,0.0,0.0,0.0,0.0,935,20,0.0,0.0,0.0,0.0,934.5,0.0
1,538400,VOLCANIC_ROCK_VOUCHER_9500,932.0,20.0,0.0,0.0,0.0,0.0,933,20,0.0,0.0,0.0,0.0,932.5,0.0
1,538500,VOLCANIC_ROCK_VOUCHER_9500,932.0,21.0,0.0,0.0,0.0,0.0,933,21,0.0,0.0,0.0,0.0,932.5,0.0
1,538600,VOLCANIC_ROCK_VOUCHER_9500,932.0,32.0,0.0,0.0,0.0,0.0,933,13,0.0,0.0,0.0,0.0,932.5,0.0
1,538700,VOLCANIC_ROCK_VOUCHER_9500,929.0,20.0,0.0,0.0,0.0,0.0,930,20,0.0,0.0,0.0,0.0,929.5,0.0
1,538800,VOLCANIC_ROCK_VOUCHER_9500,931.0,16.0,0.0,0.0,0.0,0.0,932,16,0.0,0.0,0.0,0.0,931.5,0.0
1,538900,VOLCANIC_ROCK_VOUCHER_9500,930.0,17.0,0.0,0.0,0.0,0.0,931,17,0.0,0.0,0.0,0.0,930.5,0.0
1,539000,VOLCANIC_ROCK_VOUCHER_9500,931.0,20.0,0.0,0.0,0.0,0.0,932,20,0.0,0.0,0.0,0.0,931.5,0.0
1,539100,VOLCANIC_ROCK_VOUCHER_9500,925.0,12.0,0.0,0.0,0.0,0.0,926,12,0.0,0.0,0.0,0.0,925.5,0.0
1,539200,VOLCANIC_ROCK_VOUCHER_9500,927.0,21.0,0.0,0.0,0.0,0.0,928,21,0.0,0.0,0.0,0.0,927.5,0.0
1,539300,VOLCANIC_ROCK_VOUCHER_9500,928.0,15.0,0.0,0.0,0.0,0.0,929,15,0.0,0.0,0.0,0.0,928.5,0.0
1,539400,VOLCANIC_ROCK_VOUCHER_9500,927.0,22.0,0.0,0.0,0.0,0.0,928,22,0.0,0.0,0.0,0.0,927.5,0.0
1,539500,VOLCANIC_ROCK_VOUCHER_9500,0.0,0.0,0.0,0.0,0.0,0.0,930,4,931.0,16.0,0.0,0.0,930.0,0.0
1,539600,VOLCANIC_ROCK_VOUCHER_9500,929.0,14.0,0.0,0.0,0.0,0.0,930,14,0.0,0.0,0.0,0.0,929.5,0.0
1,539700,VOLCANIC_ROCK_VOUCHER_9500,929.0,20.0,0.0,0.0,0.0,0.0,930,20,0.0,0.0,0.0,0.0,929.5,0.0
1,539800,VOLCANIC_ROCK_VOUCHER_9500,928.0,21.0,0.0,0.0,0.0,0.0,929,21,0.0,0.0,0.0,0.0,928.5,0.0
1,539900,VOLCANIC_ROCK_VOUCHER_9500,0.0,0.0,0.0,0.0,0.0,0.0,926,1,927.0,18.0,0.0,0.0,926.0,0.0
1,540000,VOLCANIC_ROCK_VOUCHER_9500,927.0,15.0,0.0,0.0,0.0,0.0,928,15,0.0,0.0,0.0,0.0,927.5,0.0
1,540100,VOLCANIC_ROCK_VOUCHER_9500,927.0,13.0,0.0,0.0,0.0,0.0,928,13,0.0,0.0,0.0,0.0,927.5,0.0
1,540200,VOLCANIC_ROCK_VOUCHER_9500,928.0,2.0,927.0,19.0,0.0,0.0,929,21,0.0,0.0,0.0,0.0,928.5,0.0
1,540300,VOLCANIC_ROCK_VOUCHER_9500,927.0,18.0,0.0,0.0,0.0,0.0,928,18,0.0,0.0,0.0,0.0,927.5,0.0
1,540400,VOLCANIC_ROCK_VOUCHER_9500,922.0,19.0,0.0,0.0,0.0,0.0,923,19,0.0,0.0,0.0,0.0,922.5,0.0
1,540500,VOLCANIC_ROCK_VOUCHER_9500,921.0,21.0,0.0,0.0,0.0,0.0,922,21,0.0,0.0,0.0,0.0,921.5,0.0
1,540600,VOLCANIC_ROCK_VOUCHER_9500,924.0,32.0,0.0,0.0,0.0,0.0,925,19,0.0,0.0,0.0,0.0,924.5,0.0
1,540700,VOLCANIC_ROCK_VOUCHER_9500,923.0,12.0,0.0,0.0,0.0,0.0,925,12,0.0,0.0,0.0,0.0,924.0,0.0
1,540800,VOLCANIC_ROCK_VOUCHER_9500,921.0,15.0,0.0,0.0,0.0,0.0,922,15,0.0,0.0,0.0,0.0,921.5,0.0
1,540900,VOLCANIC_ROCK_VOUCHER_9500,921.0,13.0,0.0,0.0,0.0,0.0,922,13,0.0,0.0,0.0,0.0,921.5,0.0
1,541000,VOLCANIC_ROCK_VOUCHER_9500,919.0,18.0,0.0,0.0,0.0,0.0,920,18,0.0,0.0,0.0,0.0,919.5,0.0
1,541100,VOLCANIC_ROCK_VOUCHER_9500,920.0,18.0,0.0,0.0,0.0,0.0,921,18,0.0,0.0,0.0,0.0,920.5,0.0
1,541200,VOLCANIC_ROCK_VOUCHER_9500,915.0,12.0,0.0,0.0,0.0,0.0,916,12,0.0,0.0,0.0,0.0,915.5,0.0
1,541300,VOLCANIC_ROCK_VOUCHER_9500,918.0,13.0,0.0,0.0,0.0,0.0,919,13,0.0,0.0,0.0,0.0,918.5,0.0
1,541400,VOLCANIC_ROCK_VOUCHER_9500,918.0,19.0,0.0,0.0,0.0,0.0,919,19,0.0,0.0,0.0,0.0,918.5,0.0
1,541500,VOLCANIC_ROCK_VOUCHER_9500,916.0,18.0,0.0,0.0,0.0,0.0,917,18,0.0,0.0,0.0,0.0,916.5,0.0
1,541600,VOLCANIC_ROCK_VOUCHER_9500,912.0,11.0,0.0,0.0,0.0,0.0,913,11,0.0,0.0,0.0,0.0,912.5,0.0
1,541700,VOLCANIC_ROCK_VOUCHER_9500,911.0,35.0,0.0,0.0,0.0,0.0,912,15,0.0,0.0,0.0,0.0,911.5,0.0
1,541800,VOLCANIC_ROCK_VOUCHER_9500,912.0,30.0,0.0,0.0,0.0,0.0,913,16,0.0,0.0,0.0,0.0,912.5,0.0
1,541900,VOLCANIC_ROCK_VOUCHER_9500,912.0,10.0,0.0,0.0,0.0,0.0,913,10,0.0,0.0,0.0,0.0,912.5,0.0
1,542000,VOLCANIC_ROCK_VOUCHER_9500,910.0,19.0,0.0,0.0,0.0,0.0,911,19,0.0,0.0,0.0,0.0,910.5,0.0
1,542100,VOLCANIC_ROCK_VOUCHER_9500,908.0,17.0,0.0,0.0,0.0,0.0,909,17,0.0,0.0,0.0,0.0,908.5,0.0
1,542200,VOLCANIC_ROCK_VOUCHER_9500,908.0,14.0,0.0,0.0,0.0,0.0,909,14,0.0,0.0,0.0,0.0,908.5,0.0
1,542300,VOLCANIC_ROCK_VOUCHER_9500,910.0,21.0,0.0,0.0,0.0,0.0,911,21,0.0,0.0,0.0,0.0,910.5,0.0
1,542400,VOLCANIC_ROCK_VOUCHER_9500,910.0,17.0,0.0,0.0,0.0,0.0,911,17,0.0,0.0,0.0,0.0,910.5,0.0
1,542500,VOLCANIC_ROCK_VOUCHER_9500,910.0,19.0,0.0,0.0,0.0,0.0,911,19,0.0,0.0,0.0,0.0,910.5,0.0
1,542600,VOLCANIC_ROCK_VOUCHER_9500,912.0,14.0,0.0,0.0,0.0,0.0,913,14,0.0,0.0,0.0,0.0,912.5,0.0
1,542700,VOLCANIC_ROCK_VOUCHER_9500,911.0,23.0,0.0,0.0,0.0,0.0,913,10,0.0,0.0,0.0,0.0,912.0,0.0
1,542800,VOLCANIC_ROCK_VOUCHER_9500,913.0,10.0,0.0,0.0,0.0,0.0,914,21,0.0,0.0,0.0,0.0,913.5,0.0
1,542900,VOLCANIC_ROCK_VOUCHER_9500,912.0,18.0,0.0,0.0,0.0,0.0,913,18,0.0,0.0,0.0,0.0,912.5,0.0
1,543000,VOLCANIC_ROCK_VOUCHER_9500,911.0,18.0,0.0,0.0,0.0,0.0,912,18,0.0,0.0,0.0,0.0,911.5,0.0
1,543100,VOLCANIC_ROCK_VOUCHER_9500,913.0,19.0,0.0,0.0,0.0,0.0,915,19,0.0,0.0,0.0,0.0,914.0,0.0
1,543200,VOLCANIC_ROCK_VOUCHER_9500,917.0,15.0,0.0,0.0,0.0,0.0,918,15,0.0,0.0,0.0,0.0,917.5,0.0
1,543300,VOLCANIC_ROCK_VOUCHER_9500,918.0,19.0,0.0,0.0,0.0,0.0,919,19,0.0,0.0,0.0,0.0,918.5,0.0
1,543400,VOLCANIC_ROCK_VOUCHER_9500,918.0,19.0,0.0,0.0,0.0,0.0,919,19,0.0,0.0,0.0,0.0,918.5,0.0
1,543500,VOLCANIC_ROCK_VOUCHER_9500,919.0,16.0,0.0,0.0,0.0,0.0,920,16,0.0,0.0,0.0,0.0,919.5,0.0
1,543600,VOLCANIC_ROCK_VOUCHER_9500,912.0,20.0,0.0,0.0,0.0,0.0,913,20,0.0,0.0,0.0,0.0,912.5,0.0
1,543700,VOLCANIC_ROCK_VOUCHER_9500,913.0,11.0,0.0,0.0,0.0,0.0,914,11,0.0,0.0,0.0,0.0,913.5,0.0
1,543800,VOLCANIC_ROCK_VOUCHER_9500,915.0,16.0,0.0,0.0,0.0,0.0,916,16,0.0,0.0,0.0,0.0,915.5,0.0
1,543900,VOLCANIC_ROCK_VOUCHER_9500,914.0,19.0,0.0,0.0,0.0,0.0,915,19,0.0,0.0,0.0,0.0,914.5,0.0
1,544000,VOLCANIC_ROCK_VOUCHER_9500,912.0,2.0,0.0,0.0,0.0,0.0,913,18,0.0,0.0,0.0,0.0,912.5,0.0
1,544100,VOLCANIC_ROCK_VOUCHER_9500,911.0,18.0,0.0,0.0,0.0,0.0,913,18,0.0,0.0,0.0,0.0,912.0,0.0
1,544200,VOLCANIC_ROCK_VOUCHER_9500,909.0,13.0,0.0,0.0,0.0,0.0,910,13,0.0,0.0,0.0,0.0,909.5,0.0
1,544300,VOLCANIC_ROCK_VOUCHER_9500,909.0,14.0,0.0,0.0,0.0,0.0,910,14,0.0,0.0,0.0,0.0,909.5,0.0
1,544400,VOLCANIC_ROCK_VOUCHER_9500,910.0,18.0,0.0,0.0,0.0,0.0,911,18,0.0,0.0,0.0,0.0,910.5,0.0
1,544500,VOLCANIC_ROCK_VOUCHER_9500,909.0,16.0,0.0,0.0,0.0,0.0,910,16,0.0,0.0,0.0,0.0,909.5,0.0
1,544600,VOLCANIC_ROCK_VOUCHER_9500,910.0,20.0,0.0,0.0,0.0,0.0,911,20,0.0,0.0,0.0,0.0,910.5,0.0
1,544700,VOLCANIC_ROCK_VOUCHER_9500,910.0,10.0,0.0,0.0,0.0,0.0,911,10,0.0,0.0,0.0,0.0,910.5,0.0
1,544800,VOLCANIC_ROCK_VOUCHER_9500,910.0,20.0,0.0,0.0,0.0,0.0,911,20,0.0,0.0,0.0,0.0,910.5,0.0
1,544900,VOLCANIC_ROCK_VOUCHER_9500,915.0,8.0,0.0,0.0,0.0,0.0,916,20,0.0,0.0,0.0,0.0,915.5,0.0
1,545000,VOLCANIC_ROCK_VOUCHER_9500,917.0,3.0,0.0,0.0,0.0,0.0,918,12,0.0,0.0,0.0,0.0,917.5,0.0
1,545100,VOLCANIC_ROCK_VOUCHER_9500,915.0,12.0,0.0,0.0,0.0,0.0,916,12,0.0,0.0,0.0,0.0,915.5,0.0
1,545200,VOLCANIC_ROCK_VOUCHER_9500,916.0,11.0,0.0,0.0,0.0,0.0,917,11,0.0,0.0,0.0,0.0,916.5,0.0
1,545300,VOLCANIC_ROCK_VOUCHER_9500,920.0,12.0,0.0,0.0,0.0,0.0,921,12,0.0,0.0,0.0,0.0,920.5,0.0
1,545400,VOLCANIC_ROCK_VOUCHER_9500,920.0,20.0,0.0,0.0,0.0,0.0,921,20,0.0,0.0,0.0,0.0,920.5,0.0
1,545500,VOLCANIC_ROCK_VOUCHER_9500,920.0,15.0,0.0,0.0,0.0,0.0,921,15,0.0,0.0,0.0,0.0,920.5,0.0
1,545600,VOLCANIC_ROCK_VOUCHER_9500,920.0,12.0,0.0,0.0,0.0,0.0,921,12,0.0,0.0,0.0,0.0,920.5,0.0
1,545700,VOLCANIC_ROCK_VOUCHER_9500,920.0,15.0,0.0,0.0,0.0,0.0,921,15,0.0,0.0,0.0,0.0,920.5,0.0
1,545800,VOLCANIC_ROCK_VOUCHER_9500,918.0,14.0,0.0,0.0,0.0,0.0,919,14,0.0,0.0,0.0,0.0,918.5,0.0
1,545900,VOLCANIC_ROCK_VOUCHER_9500,921.0,21.0,0.0,0.0,0.0,0.0,922,19,0.0,0.0,0.0,0.0,921.5,0.0
1,546000,VOLCANIC_ROCK_VOUCHER_9500,919.0,20.0,0.0,0.0,0.0,0.0,921,20,0.0,0.0,0.0,0.0,920.0,0.0
1,546100,VOLCANIC_ROCK_VOUCHER_9500,922.0,14.0,0.0,0.0,0.0,0.0,923,14,0.0,0.0,0.0,0.0,922.5,0.0
1,546200,VOLCANIC_ROCK_VOUCHER_9500,920.0,18.0,0.0,0.0,0.0,0.0,921,18,0.0,0.0,0.0,0.0,920.5,0.0
1,546300,VOLCANIC_ROCK_VOUCHER_9500,919.0,1.0,918.0,10.0,0.0,0.0,920,11,0.0,0.0,0.0,0.0,919.5,0.0
1,546400,VOLCANIC_ROCK_VOUCHER_9500,919.0,16.0,0.0,0.0,0.0,0.0,920,16,0.0,0.0,0.0,0.0,919.5,0.0
1,546500,VOLCANIC_ROCK_VOUCHER_9500,917.0,21.0,0.0,0.0,0.0,0.0,919,21,0.0,0.0,0.0,0.0,918.0,0.0
1,546600,VOLCANIC_ROCK_VOUCHER_9500,914.0,12.0,0.0,0.0,0.0,0.0,915,12,0.0,0.0,0.0,0.0,914.5,0.0
1,546700,VOLCANIC_ROCK_VOUCHER_9500,916.0,28.0,0.0,0.0,0.0,0.0,917,11,0.0,0.0,0.0,0.0,916.5,0.0
1,546800,VOLCANIC_ROCK_VOUCHER_9500,915.0,18.0,0.0,0.0,0.0,0.0,916,18,0.0,0.0,0.0,0.0,915.5,0.0
1,546900,VOLCANIC_ROCK_VOUCHER_9500,916.0,20.0,0.0,0.0,0.0,0.0,917,20,0.0,0.0,0.0,0.0,916.5,0.0
1,547000,VOLCANIC_ROCK_VOUCHER_9500,916.0,19.0,0.0,0.0,0.0,0.0,917,19,0.0,0.0,0.0,0.0,916.5,0.0
1,547100,VOLCANIC_ROCK_VOUCHER_9500,913.0,16.0,0.0,0.0,0.0,0.0,914,16,0.0,0.0,0.0,0.0,913.5,0.0
1,547200,VOLCANIC_ROCK_VOUCHER_9500,917.0,16.0,0.0,0.0,0.0,0.0,918,16,0.0,0.0,0.0,0.0,917.5,0.0
1,547300,VOLCANIC_ROCK_VOUCHER_9500,916.0,17.0,0.0,0.0,0.0,0.0,917,17,0.0,0.0,0.0,0.0,916.5,0.0
1,547400,VOLCANIC_ROCK_VOUCHER_9500,915.0,19.0,0.0,0.0,0.0,0.0,916,19,0.0,0.0,0.0,0.0,915.5,0.0
1,547500,VOLCANIC_ROCK_VOUCHER_9500,914.0,13.0,0.0,0.0,0.0,0.0,915,13,0.0,0.0,0.0,0.0,914.5,0.0
1,547600,VOLCANIC_ROCK_VOUCHER_9500,915.0,16.0,0.0,0.0,0.0,0.0,916,16,0.0,0.0,0.0,0.0,915.5,0.0
1,547700,VOLCANIC_ROCK_VOUCHER_9500,914.0,18.0,0.0,0.0,0.0,0.0,916,18,0.0,0.0,0.0,0.0,915.0,0.0
1,547800,VOLCANIC_ROCK_VOUCHER_9500,915.0,15.0,0.0,0.0,0.0,0.0,916,15,0.0,0.0,0.0,0.0,915.5,0.0
1,547900,VOLCANIC_ROCK_VOUCHER_9500,914.0,16.0,0.0,0.0,0.0,0.0,915,16,0.0,0.0,0.0,0.0,914.5,0.0
1,548000,VOLCANIC_ROCK_VOUCHER_9500,0.0,0.0,0.0,0.0,0.0,0.0,912,1,913.0,17.0,0.0,0.0,912.0,0.0
1,548100,VOLCANIC_ROCK_VOUCHER_9500,911.0,18.0,0.0,0.0,0.0,0.0,912,18,0.0,0.0,0.0,0.0,911.5,0.0
1,548200,VOLCANIC_ROCK_VOUCHER_9500,911.0,13.0,0.0,0.0,0.0,0.0,912,13,0.0,0.0,0.0,0.0,911.5,0.0
1,548300,VOLCANIC_ROCK_VOUCHER_9500,914.0,33.0,0.0,0.0,0.0,0.0,915,20,0.0,0.0,0.0,0.0,914.5,0.0
1,548400,VOLCANIC_ROCK_VOUCHER_9500,915.0,18.0,0.0,0.0,0.0,0.0,917,18,0.0,0.0,0.0,0.0,916.0,0.0
1,548500,VOLCANIC_ROCK_VOUCHER_9500,918.0,17.0,0.0,0.0,0.0,0.0,920,17,0.0,0.0,0.0,0.0,919.0,0.0
1,548600,VOLCANIC_ROCK_VOUCHER_9500,920.0,29.0,0.0,0.0,0.0,0.0,921,18,0.0,0.0,0.0,0.0,920.5,0.0
1,548700,VOLCANIC_ROCK_VOUCHER_9500,920.0,14.0,0.0,0.0,0.0,0.0,922,14,0.0,0.0,0.0,0.0,921.0,0.0
1,548800,VOLCANIC_ROCK_VOUCHER_9500,920.0,14.0,0.0,0.0,0.0,0.0,921,14,0.0,0.0,0.0,0.0,920.5,0.0
1,548900,VOLCANIC_ROCK_VOUCHER_9500,919.0,17.0,0.0,0.0,0.0,0.0,920,17,0.0,0.0,0.0,0.0,919.5,0.0
1,549000,VOLCANIC_ROCK_VOUCHER_9500,920.0,15.0,0.0,0.0,0.0,0.0,922,15,0.0,0.0,0.0,0.0,921.0,0.0
1,549100,VOLCANIC_ROCK_VOUCHER_9500,916.0,19.0,0.0,0.0,0.0,0.0,917,19,0.0,0.0,0.0,0.0,916.5,0.0
1,549200,VOLCANIC_ROCK_VOUCHER_9500,915.0,18.0,0.0,0.0,0.0,0.0,916,18,0.0,0.0,0.0,0.0,915.5,0.0
1,549300,VOLCANIC_ROCK_VOUCHER_9500,916.0,14.0,0.0,0.0,0.0,0.0,917,14,0.0,0.0,0.0,0.0,916.5,0.0
1,549400,VOLCANIC_ROCK_VOUCHER_9500,918.0,17.0,0.0,0.0,0.0,0.0,919,17,0.0,0.0,0.0,0.0,918.5,0.0
1,549500,VOLCANIC_ROCK_VOUCHER_9500,918.0,16.0,0.0,0.0,0.0,0.0,920,16,0.0,0.0,0.0,0.0,919.0,0.0
1,549600,VOLCANIC_ROCK_VOUCHER_9500,918.0,14.0,0.0,0.0,0.0,0.0,919,14,0.0,0.0,0.0,0.0,918.5,0.0
1,549700,VOLCANIC_ROCK_VOUCHER_9500,920.0,20.0,0.0,0.0,0.0,0.0,921,20,0.0,0.0,0.0,0.0,920.5,0.0
1,549800,VOLCANIC_ROCK_VOUCHER_9500,918.0,16.0,0.0,0.0,0.0,0.0,920,16,0.0,0.0,0.0,0.0,919.0,0.0
1,549900,VOLCANIC_ROCK_VOUCHER_9500,915.0,0.0,0.0,0.0,0.0,0.0,916,11,0.0,0.0,0.0,0.0,915.5,0.0
1,550000,VOLCANIC_ROCK_VOUCHER_9500,917.0,14.0,0.0,0.0,0.0,0.0,918,14,0.0,0.0,0.0,0.0,917.5,0.0
1,550100,VOLCANIC_ROCK_VOUCHER_9500,0.0,0.0,0.0,0.0,0.0,0.0,917,3,918.0,15.0,0.0,0.0,917.0,0.0
1,550200,VOLCANIC_ROCK_VOUCHER_9500,917.0,13.0,0.0,0.0,0.0,0.0,918,13,0.0,0.0,0.0,0.0,917.5,0.0
1,550300,VOLCANIC_ROCK_VOUCHER_9500,919.0,17.0,0.0,0.0,0.0,0.0,921,17,0.0,0.0,0.0,0.0,920.0,0.0
1,550400,VOLCANIC_ROCK_VOUCHER_9500,922.0,22.0,0.0,0.0,0.0,0.0,923,11,0.0,0.0,0.0,0.0,922.5,0.0
1,550500,VOLCANIC_ROCK_VOUCHER_9500,921.0,15.0,0.0,0.0,0.0,0.0,922,15,0.0,0.0,0.0,0.0,921.5,0.0
1,550600,VOLCANIC_ROCK_VOUCHER_9500,920.0,20.0,0.0,0.0,0.0,0.0,921,20,0.0,0.0,0.0,0.0,920.5,0.0
1,550700,VOLCANIC_ROCK_VOUCHER_9500,920.0,15.0,0.0,0.0,0.0,0.0,921,15,0.0,0.0,0.0,0.0,920.5,0.0
1,550800,VOLCANIC_ROCK_VOUCHER_9500,920.0,19.0,0.0,0.0,0.0,0.0,921,19,0.0,0.0,0.0,0.0,920.5,0.0
1,550900,VOLCANIC_ROCK_VOUCHER_9500,920.0,16.0,0.0,0.0,0.0,0.0,921,16,0.0,0.0,0.0,0.0,920.5,0.0
1,551000,VOLCANIC_ROCK_VOUCHER_9500,920.0,17.0,0.0,0.0,0.0,0.0,921,17,0.0,0.0,0.0,0.0,920.5,0.0
1,551100,VOLCANIC_ROCK_VOUCHER_9500,920.0,18.0,0.0,0.0,0.0,0.0,921,18,0.0,0.0,0.0,0.0,920.5,0.0
1,551200,VOLCANIC_ROCK_VOUCHER_9500,918.0,15.0,0.0,0.0,0.0,0.0,919,15,0.0,0.0,0.0,0.0,918.5,0.0
1,551300,VOLCANIC_ROCK_VOUCHER_9500,919.0,10.0,0.0,0.0,0.0,0.0,921,10,0.0,0.0,0.0,0.0,920.0,0.0
1,551400,VOLCANIC_ROCK_VOUCHER_9500,916.0,13.0,0.0,0.0,0.0,0.0,917,13,0.0,0.0,0.0,0.0,916.5,0.0
1,551500,VOLCANIC_ROCK_VOUCHER_9500,916.0,14.0,0.0,0.0,0.0,0.0,917,14,0.0,0.0,0.0,0.0,916.5,0.0
1,551600,VOLCANIC_ROCK_VOUCHER_9500,917.0,13.0,0.0,0.0,0.0,0.0,918,13,0.0,0.0,0.0,0.0,917.5,0.0
1,551700,VOLCANIC_ROCK_VOUCHER_9500,917.0,14.0,0.0,0.0,0.0,0.0,918,14,0.0,0.0,0.0,0.0,917.5,0.0
1,551800,VOLCANIC_ROCK_VOUCHER_9500,918.0,18.0,917.0,13.0,0.0,0.0,919,13,0.0,0.0,0.0,0.0,918.5,0.0
1,551900,VOLCANIC_ROCK_VOUCHER_9500,917.0,39.0,0.0,0.0,0.0,0.0,918,19,0.0,0.0,0.0,0.0,917.5,0.0
1,552000,VOLCANIC_ROCK_VOUCHER_9500,919.0,20.0,0.0,0.0,0.0,0.0,921,20,0.0,0.0,0.0,0.0,920.0,0.0
1,552100,VOLCANIC_ROCK_VOUCHER_9500,917.0,14.0,0.0,0.0,0.0,0.0,918,14,0.0,0.0,0.0,0.0,917.5,0.0
1,552200,VOLCANIC_ROCK_VOUCHER_9500,920.0,13.0,0.0,0.0,0.0,0.0,921,13,0.0,0.0,0.0,0.0,920.5,0.0
1,552300,VOLCANIC_ROCK_VOUCHER_9500,922.0,18.0,0.0,0.0,0.0,0.0,923,18,0.0,0.0,0.0,0.0,922.5,0.0
1,552400,VOLCANIC_ROCK_VOUCHER_9500,922.0,11.0,0.0,0.0,0.0,0.0,923,11,0.0,0.0,0.0,0.0,922.5,0.0
1,552500,VOLCANIC_ROCK_VOUCHER_9500,922.0,14.0,0.0,0.0,0.0,0.0,924,14,0.0,0.0,0.0,0.0,923.0,0.0
1,552600,VOLCANIC_ROCK_VOUCHER_9500,920.0,21.0,0.0,0.0,0.0,0.0,921,21,0.0,0.0,0.0,0.0,920.5,0.0
1,552700,VOLCANIC_ROCK_VOUCHER_9500,920.0,22.0,0.0,0.0,0.0,0.0,921,22,0.0,0.0,0.0,0.0,920.5,0.0
1,552800,VOLCANIC_ROCK_VOUCHER_9500,920.0,16.0,0.0,0.0,0.0,0.0,921,16,0.0,0.0,0.0,0.0,920.5,0.0
1,552900,VOLCANIC_ROCK_VOUCHER_9500,918.0,16.0,0.0,0.0,0.0,0.0,919,16,0.0,0.0,0.0,0.0,918.5,0.0
1,553000,VOLCANIC_ROCK_VOUCHER_9500,919.0,20.0,0.0,0.0,0.0,0.0,920,20,0.0,0.0,0.0,0.0,919.5,0.0
1,553100,VOLCANIC_ROCK_VOUCHER_9500,919.0,16.0,0.0,0.0,0.0,0.0,920,16,0.0,0.0,0.0,0.0,919.5,0.0
1,553200,VOLCANIC_ROCK_VOUCHER_9500,920.0,20.0,0.0,0.0,0.0,0.0,921,20,0.0,0.0,0.0,0.0,920.5,0.0
1,553300,VOLCANIC_ROCK_VOUCHER_9500,921.0,10.0,0.0,0.0,0.0,0.0,922,10,0.0,0.0,0.0,0.0,921.5,0.0
1,553400,VOLCANIC_ROCK_VOUCHER_9500,920.0,17.0,0.0,0.0,0.0,0.0,921,17,0.0,0.0,0.0,0.0,920.5,0.0
1,553500,VOLCANIC_ROCK_VOUCHER_9500,920.0,21.0,0.0,0.0,0.0,0.0,921,21,0.0,0.0,0.0,0.0,920.5,0.0
1,553600,VOLCANIC_ROCK_VOUCHER_9500,919.0,19.0,0.0,0.0,0.0,0.0,920,19,0.0,0.0,0.0,0.0,919.5,0.0
1,553700,VOLCANIC_ROCK_VOUCHER_9500,916.0,11.0,0.0,0.0,0.0,0.0,917,11,0.0,0.0,0.0,0.0,916.5,0.0
1,553800,VOLCANIC_ROCK_VOUCHER_9500,916.0,20.0,0.0,0.0,0.0,0.0,917,20,0.0,0.0,0.0,0.0,916.5,0.0
1,553900,VOLCANIC_ROCK_VOUCHER_9500,916.0,20.0,0.0,0.0,0.0,0.0,918,20,0.0,0.0,0.0,0.0,917.0,0.0
1,554000,VOLCANIC_ROCK_VOUCHER_9500,912.0,15.0,0.0,0.0,0.0,0.0,913,15,0.0,0.0,0.0,0.0,912.5,0.0
1,554100,VOLCANIC_ROCK_VOUCHER_9500,910.0,13.0,0.0,0.0,0.0,0.0,911,13,0.0,0.0,0.0,0.0,910.5,0.0
1,554200,VOLCANIC_ROCK_VOUCHER_9500,908.0,15.0,0.0,0.0,0.0,0.0,910,15,0.0,0.0,0.0,0.0,909.0,0.0
1,554300,VOLCANIC_ROCK_VOUCHER_9500,911.0,16.0,0.0,0.0,0.0,0.0,912,16,0.0,0.0,0.0,0.0,911.5,0.0
1,554400,VOLCANIC_ROCK_VOUCHER_9500,910.0,12.0,0.0,0.0,0.0,0.0,911,12,0.0,0.0,0.0,0.0,910.5,0.0
1,554500,VOLCANIC_ROCK_VOUCHER_9500,906.0,17.0,0.0,0.0,0.0,0.0,908,17,0.0,0.0,0.0,0.0,907.0,0.0
1,554600,VOLCANIC_ROCK_VOUCHER_9500,905.0,17.0,0.0,0.0,0.0,0.0,906,17,0.0,0.0,0.0,0.0,905.5,0.0
1,554700,VOLCANIC_ROCK_VOUCHER_9500,905.0,14.0,0.0,0.0,0.0,0.0,906,14,0.0,0.0,0.0,0.0,905.5,0.0
1,554800,VOLCANIC_ROCK_VOUCHER_9500,906.0,6.0,0.0,0.0,0.0,0.0,907,12,0.0,0.0,0.0,0.0,906.5,0.0
1,554900,VOLCANIC_ROCK_VOUCHER_9500,902.0,20.0,0.0,0.0,0.0,0.0,903,20,0.0,0.0,0.0,0.0,902.5,0.0
1,555000,VOLCANIC_ROCK_VOUCHER_9500,906.0,17.0,0.0,0.0,0.0,0.0,907,17,0.0,0.0,0.0,0.0,906.5,0.0
1,555100,VOLCANIC_ROCK_VOUCHER_9500,904.0,13.0,0.0,0.0,0.0,0.0,905,13,0.0,0.0,0.0,0.0,904.5,0.0
1,555200,VOLCANIC_ROCK_VOUCHER_9500,905.0,13.0,0.0,0.0,0.0,0.0,907,13,0.0,0.0,0.0,0.0,906.0,0.0
1,555300,VOLCANIC_ROCK_VOUCHER_9500,908.0,16.0,0.0,0.0,0.0,0.0,909,16,0.0,0.0,0.0,0.0,908.5,0.0
1,555400,VOLCANIC_ROCK_VOUCHER_9500,906.0,19.0,0.0,0.0,0.0,0.0,907,19,0.0,0.0,0.0,0.0,906.5,0.0
1,555500,VOLCANIC_ROCK_VOUCHER_9500,906.0,14.0,0.0,0.0,0.0,0.0,907,14,0.0,0.0,0.0,0.0,906.5,0.0
1,555600,VOLCANIC_ROCK_VOUCHER_9500,906.0,13.0,0.0,0.0,0.0,0.0,907,13,0.0,0.0,0.0,0.0,906.5,0.0
1,555700,VOLCANIC_ROCK_VOUCHER_9500,905.0,19.0,0.0,0.0,0.0,0.0,906,19,0.0,0.0,0.0,0.0,905.5,0.0
1,555800,VOLCANIC_ROCK_VOUCHER_9500,904.0,15.0,0.0,0.0,0.0,0.0,905,15,0.0,0.0,0.0,0.0,904.5,0.0
1,555900,VOLCANIC_ROCK_VOUCHER_9500,904.0,18.0,0.0,0.0,0.0,0.0,905,18,0.0,0.0,0.0,0.0,904.5,0.0
1,556000,VOLCANIC_ROCK_VOUCHER_9500,906.0,16.0,0.0,0.0,0.0,0.0,907,16,0.0,0.0,0.0,0.0,906.5,0.0
1,556100,VOLCANIC_ROCK_VOUCHER_9500,905.0,12.0,0.0,0.0,0.0,0.0,906,12,0.0,0.0,0.0,0.0,905.5,0.0
1,556200,VOLCANIC_ROCK_VOUCHER_9500,903.0,17.0,0.0,0.0,0.0,0.0,905,17,0.0,0.0,0.0,0.0,904.0,0.0
1,556300,VOLCANIC_ROCK_VOUCHER_9500,903.0,18.0,0.0,0.0,0.0,0.0,904,18,0.0,0.0,0.0,0.0,903.5,0.0
1,556400,VOLCANIC_ROCK_VOUCHER_9500,0.0,0.0,0.0,0.0,0.0,0.0,904,5,906.0,13.0,0.0,0.0,904.0,0.0
1,556500,VOLCANIC_ROCK_VOUCHER_9500,903.0,21.0,0.0,0.0,0.0,0.0,904,21,0.0,0.0,0.0,0.0,903.5,0.0
1,556600,VOLCANIC_ROCK_VOUCHER_9500,899.0,20.0,0.0,0.0,0.0,0.0,900,20,0.0,0.0,0.0,0.0,899.5,0.0
1,556700,VOLCANIC_ROCK_VOUCHER_9500,905.0,13.0,0.0,0.0,0.0,0.0,906,13,0.0,0.0,0.0,0.0,905.5,0.0
1,556800,VOLCANIC_ROCK_VOUCHER_9500,905.0,19.0,0.0,0.0,0.0,0.0,906,19,0.0,0.0,0.0,0.0,905.5,0.0
1,556900,VOLCANIC_ROCK_VOUCHER_9500,909.0,16.0,0.0,0.0,0.0,0.0,910,16,0.0,0.0,0.0,0.0,909.5,0.0
1,557000,VOLCANIC_ROCK_VOUCHER_9500,909.0,12.0,0.0,0.0,0.0,0.0,910,12,0.0,0.0,0.0,0.0,909.5,0.0
1,557100,VOLCANIC_ROCK_VOUCHER_9500,909.0,12.0,0.0,0.0,0.0,0.0,910,12,0.0,0.0,0.0,0.0,909.5,0.0
1,557200,VOLCANIC_ROCK_VOUCHER_9500,910.0,41.0,0.0,0.0,0.0,0.0,911,21,0.0,0.0,0.0,0.0,910.5,0.0
1,557300,VOLCANIC_ROCK_VOUCHER_9500,911.0,20.0,0.0,0.0,0.0,0.0,913,20,0.0,0.0,0.0,0.0,912.0,0.0
1,557400,VOLCANIC_ROCK_VOUCHER_9500,911.0,17.0,0.0,0.0,0.0,0.0,912,17,0.0,0.0,0.0,0.0,911.5,0.0
1,557500,VOLCANIC_ROCK_VOUCHER_9500,910.0,13.0,0.0,0.0,0.0,0.0,911,13,0.0,0.0,0.0,0.0,910.5,0.0
1,557600,VOLCANIC_ROCK_VOUCHER_9500,911.0,22.0,0.0,0.0,0.0,0.0,912,22,0.0,0.0,0.0,0.0,911.5,0.0
1,557700,VOLCANIC_ROCK_VOUCHER_9500,913.0,19.0,0.0,0.0,0.0,0.0,914,19,0.0,0.0,0.0,0.0,913.5,0.0
1,557800,VOLCANIC_ROCK_VOUCHER_9500,911.0,20.0,0.0,0.0,0.0,0.0,912,20,0.0,0.0,0.0,0.0,911.5,0.0
1,557900,VOLCANIC_ROCK_VOUCHER_9500,909.0,4.0,0.0,0.0,0.0,0.0,910,20,0.0,0.0,0.0,0.0,909.5,0.0
1,558000,VOLCANIC_ROCK_VOUCHER_9500,910.0,16.0,0.0,0.0,0.0,0.0,911,16,0.0,0.0,0.0,0.0,910.5,0.0
1,558100,VOLCANIC_ROCK_VOUCHER_9500,909.0,21.0,0.0,0.0,0.0,0.0,910,21,0.0,0.0,0.0,0.0,909.5,0.0
1,558200,VOLCANIC_ROCK_VOUCHER_9500,908.0,21.0,0.0,0.0,0.0,0.0,909,21,0.0,0.0,0.0,0.0,908.5,0.0
1,558300,VOLCANIC_ROCK_VOUCHER_9500,909.0,16.0,0.0,0.0,0.0,0.0,910,16,0.0,0.0,0.0,0.0,909.5,0.0
1,558400,VOLCANIC_ROCK_VOUCHER_9500,912.0,14.0,0.0,0.0,0.0,0.0,913,14,0.0,0.0,0.0,0.0,912.5,0.0
1,558500,VOLCANIC_ROCK_VOUCHER_9500,915.0,12.0,0.0,0.0,0.0,0.0,916,12,0.0,0.0,0.0,0.0,915.5,0.0
1,558600,VOLCANIC_ROCK_VOUCHER_9500,915.0,17.0,0.0,0.0,0.0,0.0,917,17,0.0,0.0,0.0,0.0,916.0,0.0
1,558700,VOLCANIC_ROCK_VOUCHER_9500,913.0,16.0,0.0,0.0,0.0,0.0,915,16,0.0,0.0,0.0,0.0,914.0,0.0
1,558800,VOLCANIC_ROCK_VOUCHER_9500,914.0,13.0,0.0,0.0,0.0,0.0,915,13,0.0,0.0,0.0,0.0,914.5,0.0
1,558900,VOLCANIC_ROCK_VOUCHER_9500,914.0,13.0,0.0,0.0,0.0,0.0,915,13,0.0,0.0,0.0,0.0,914.5,0.0
1,559000,VOLCANIC_ROCK_VOUCHER_9500,916.0,11.0,0.0,0.0,0.0,0.0,917,11,0.0,0.0,0.0,0.0,916.5,0.0
1,559100,VOLCANIC_ROCK_VOUCHER_9500,913.0,14.0,0.0,0.0,0.0,0.0,914,14,0.0,0.0,0.0,0.0,913.5,0.0
1,559200,VOLCANIC_ROCK_VOUCHER_9500,913.0,15.0,0.0,0.0,0.0,0.0,914,15,0.0,0.0,0.0,0.0,913.5,0.0
1,559300,VOLCANIC_ROCK_VOUCHER_9500,912.0,14.0,0.0,0.0,0.0,0.0,913,14,0.0,0.0,0.0,0.0,912.5,0.0
1,559400,VOLCANIC_ROCK_VOUCHER_9500,913.0,13.0,0.0,0.0,0.0,0.0,914,13,0.0,0.0,0.0,0.0,913.5,0.0
1,559500,VOLCANIC_ROCK_VOUCHER_9500,907.0,7.0,0.0,0.0,0.0,0.0,908,21,0.0,0.0,0.0,0.0,907.5,0.0
1,559600,VOLCANIC_ROCK_VOUCHER_9500,904.0,18.0,0.0,0.0,0.0,0.0,905,18,0.0,0.0,0.0,0.0,904.5,0.0
1,559700,VOLCANIC_ROCK_VOUCHER_9500,906.0,14.0,0.0,0.0,0.0,0.0,907,14,0.0,0.0,0.0,0.0,906.5,0.0
1,559800,VOLCANIC_ROCK_VOUCHER_9500,907.0,12.0,0.0,0.0,0.0,0.0,909,12,0.0,0.0,0.0,0.0,908.0,0.0
1,559900,VOLCANIC_ROCK_VOUCHER_9500,907.0,30.0,0.0,0.0,0.0,0.0,908,14,0.0,0.0,0.0,0.0,907.5,0.0
1,560000,VOLCANIC_ROCK_VOUCHER_9500,905.0,12.0,0.0,0.0,0.0,0.0,906,12,0.0,0.0,0.0,0.0,905.5,0.0
1,560100,VOLCANIC_ROCK_VOUCHER_9500,906.0,17.0,0.0,0.0,0.0,0.0,907,17,0.0,0.0,0.0,0.0,906.5,0.0
1,560200,VOLCANIC_ROCK_VOUCHER_9500,906.0,20.0,0.0,0.0,0.0,0.0,907,20,0.0,0.0,0.0,0.0,906.5,0.0
1,560300,VOLCANIC_ROCK_VOUCHER_9500,905.0,18.0,0.0,0.0,0.0,0.0,906,18,0.0,0.0,0.0,0.0,905.5,0.0
1,560400,VOLCANIC_ROCK_VOUCHER_9500,900.0,21.0,0.0,0.0,0.0,0.0,901,21,0.0,0.0,0.0,0.0,900.5,0.0
1,560500,VOLCANIC_ROCK_VOUCHER_9500,899.0,12.0,0.0,0.0,0.0,0.0,900,12,0.0,0.0,0.0,0.0,899.5,0.0
1,560600,VOLCANIC_ROCK_VOUCHER_9500,900.0,3.0,0.0,0.0,0.0,0.0,901,21,0.0,0.0,0.0,0.0,900.5,0.0
1,560700,VOLCANIC_ROCK_VOUCHER_9500,900.0,12.0,0.0,0.0,0.0,0.0,901,12,0.0,0.0,0.0,0.0,900.5,0.0
1,560800,VOLCANIC_ROCK_VOUCHER_9500,902.0,10.0,0.0,0.0,0.0,0.0,903,10,0.0,0.0,0.0,0.0,902.5,0.0
1,560900,VOLCANIC_ROCK_VOUCHER_9500,904.0,5.0,0.0,0.0,0.0,0.0,906,15,0.0,0.0,0.0,0.0,905.0,0.0
1,561000,VOLCANIC_ROCK_VOUCHER_9500,907.0,2.0,906.0,19.0,0.0,0.0,908,21,0.0,0.0,0.0,0.0,907.5,0.0
1,561100,VOLCANIC_ROCK_VOUCHER_9500,909.0,21.0,0.0,0.0,0.0,0.0,910,21,0.0,0.0,0.0,0.0,909.5,0.0
1,561200,VOLCANIC_ROCK_VOUCHER_9500,911.0,31.0,0.0,0.0,0.0,0.0,912,18,0.0,0.0,0.0,0.0,911.5,0.0
1,561300,VOLCANIC_ROCK_VOUCHER_9500,911.0,17.0,0.0,0.0,0.0,0.0,912,17,0.0,0.0,0.0,0.0,911.5,0.0
1,561400,VOLCANIC_ROCK_VOUCHER_9500,910.0,20.0,0.0,0.0,0.0,0.0,911,20,0.0,0.0,0.0,0.0,910.5,0.0
1,561500,VOLCANIC_ROCK_VOUCHER_9500,907.0,17.0,0.0,0.0,0.0,0.0,909,17,0.0,0.0,0.0,0.0,908.0,0.0
1,561600,VOLCANIC_ROCK_VOUCHER_9500,906.0,21.0,0.0,0.0,0.0,0.0,907,21,0.0,0.0,0.0,0.0,906.5,0.0
1,561700,VOLCANIC_ROCK_VOUCHER_9500,0.0,0.0,0.0,0.0,0.0,0.0,908,16,0.0,0.0,0.0,0.0,908.0,0.0
1,561800,VOLCANIC_ROCK_VOUCHER_9500,911.0,13.0,0.0,0.0,0.0,0.0,912,13,0.0,0.0,0.0,0.0,911.5,0.0
1,561900,VOLCANIC_ROCK_VOUCHER_9500,913.0,14.0,0.0,0.0,0.0,0.0,914,14,0.0,0.0,0.0,0.0,913.5,0.0
1,562000,VOLCANIC_ROCK_VOUCHER_9500,913.0,19.0,0.0,0.0,0.0,0.0,914,19,0.0,0.0,0.0,0.0,913.5,0.0
1,562100,VOLCANIC_ROCK_VOUCHER_9500,911.0,17.0,0.0,0.0,0.0,0.0,913,17,0.0,0.0,0.0,0.0,912.0,0.0
1,562200,VOLCANIC_ROCK_VOUCHER_9500,916.0,16.0,0.0,0.0,0.0,0.0,917,16,0.0,0.0,0.0,0.0,916.5,0.0
1,562300,VOLCANIC_ROCK_VOUCHER_9500,914.0,12.0,0.0,0.0,0.0,0.0,915,12,0.0,0.0,0.0,0.0,914.5,0.0
1,562400,VOLCANIC_ROCK_VOUCHER_9500,915.0,20.0,0.0,0.0,0.0,0.0,917,20,0.0,0.0,0.0,0.0,916.0,0.0
1,562500,VOLCANIC_ROCK_VOUCHER_9500,912.0,17.0,0.0,0.0,0.0,0.0,913,17,0.0,0.0,0.0,0.0,912.5,0.0
1,562600,VOLCANIC_ROCK_VOUCHER_9500,910.0,11.0,0.0,0.0,0.0,0.0,911,11,0.0,0.0,0.0,0.0,910.5,0.0
1,562700,VOLCANIC_ROCK_VOUCHER_9500,912.0,16.0,0.0,0.0,0.0,0.0,913,16,0.0,0.0,0.0,0.0,912.5,0.0
1,562800,VOLCANIC_ROCK_VOUCHER_9500,910.0,15.0,0.0,0.0,0.0,0.0,912,15,0.0,0.0,0.0,0.0,911.0,0.0
1,562900,VOLCANIC_ROCK_VOUCHER_9500,915.0,37.0,0.0,0.0,0.0,0.0,916,22,0.0,0.0,0.0,0.0,915.5,0.0
1,563000,VOLCANIC_ROCK_VOUCHER_9500,913.0,19.0,0.0,0.0,0.0,0.0,914,19,0.0,0.0,0.0,0.0,913.5,0.0
1,563100,VOLCANIC_ROCK_VOUCHER_9500,911.0,30.0,0.0,0.0,0.0,0.0,912,19,0.0,0.0,0.0,0.0,911.5,0.0
1,563200,VOLCANIC_ROCK_VOUCHER_9500,912.0,18.0,0.0,0.0,0.0,0.0,914,18,0.0,0.0,0.0,0.0,913.0,0.0
1,563300,VOLCANIC_ROCK_VOUCHER_9500,914.0,10.0,0.0,0.0,0.0,0.0,915,10,0.0,0.0,0.0,0.0,914.5,0.0
1,563400,VOLCANIC_ROCK_VOUCHER_9500,916.0,10.0,0.0,0.0,0.0,0.0,917,10,0.0,0.0,0.0,0.0,916.5,0.0
1,563500,VOLCANIC_ROCK_VOUCHER_9500,916.0,2.0,915.0,14.0,0.0,0.0,917,16,0.0,0.0,0.0,0.0,916.5,0.0
1,563600,VOLCANIC_ROCK_VOUCHER_9500,919.0,21.0,0.0,0.0,0.0,0.0,920,21,0.0,0.0,0.0,0.0,919.5,0.0
1,563700,VOLCANIC_ROCK_VOUCHER_9500,920.0,16.0,0.0,0.0,0.0,0.0,921,16,0.0,0.0,0.0,0.0,920.5,0.0
1,563800,VOLCANIC_ROCK_VOUCHER_9500,918.0,16.0,0.0,0.0,0.0,0.0,919,16,0.0,0.0,0.0,0.0,918.5,0.0
1,563900,VOLCANIC_ROCK_VOUCHER_9500,918.0,12.0,0.0,0.0,0.0,0.0,919,12,0.0,0.0,0.0,0.0,918.5,0.0
1,564000,VOLCANIC_ROCK_VOUCHER_9500,920.0,14.0,0.0,0.0,0.0,0.0,921,14,0.0,0.0,0.0,0.0,920.5,0.0
1,564100,VOLCANIC_ROCK_VOUCHER_9500,917.0,13.0,0.0,0.0,0.0,0.0,918,13,0.0,0.0,0.0,0.0,917.5,0.0
1,564200,VOLCANIC_ROCK_VOUCHER_9500,917.0,18.0,0.0,0.0,0.0,0.0,918,18,0.0,0.0,0.0,0.0,917.5,0.0
1,564300,VOLCANIC_ROCK_VOUCHER_9500,919.0,12.0,0.0,0.0,0.0,0.0,921,12,0.0,0.0,0.0,0.0,920.0,0.0
1,564400,VOLCANIC_ROCK_VOUCHER_9500,921.0,1.0,920.0,16.0,0.0,0.0,922,17,0.0,0.0,0.0,0.0,921.5,0.0
1,564500,VOLCANIC_ROCK_VOUCHER_9500,919.0,33.0,0.0,0.0,0.0,0.0,920,14,0.0,0.0,0.0,0.0,919.5,0.0
1,564600,VOLCANIC_ROCK_VOUCHER_9500,919.0,15.0,0.0,0.0,0.0,0.0,920,15,0.0,0.0,0.0,0.0,919.5,0.0
1,564700,VOLCANIC_ROCK_VOUCHER_9500,918.0,18.0,0.0,0.0,0.0,0.0,920,18,0.0,0.0,0.0,0.0,919.0,0.0
1,564800,VOLCANIC_ROCK_VOUCHER_9500,920.0,21.0,0.0,0.0,0.0,0.0,921,21,0.0,0.0,0.0,0.0,920.5,0.0
1,564900,VOLCANIC_ROCK_VOUCHER_9500,918.0,5.0,0.0,0.0,0.0,0.0,919,15,0.0,0.0,0.0,0.0,918.5,0.0
1,565000,VOLCANIC_ROCK_VOUCHER_9500,918.0,15.0,0.0,0.0,0.0,0.0,919,15,0.0,0.0,0.0,0.0,918.5,0.0
1,565100,VOLCANIC_ROCK_VOUCHER_9500,920.0,21.0,0.0,0.0,0.0,0.0,921,21,0.0,0.0,0.0,0.0,920.5,0.0
1,565200,VOLCANIC_ROCK_VOUCHER_9500,921.0,14.0,0.0,0.0,0.0,0.0,923,14,0.0,0.0,0.0,0.0,922.0,0.0
1,565300,VOLCANIC_ROCK_VOUCHER_9500,920.0,15.0,0.0,0.0,0.0,0.0,922,15,0.0,0.0,0.0,0.0,921.0,0.0
1,565400,VOLCANIC_ROCK_VOUCHER_9500,920.0,11.0,0.0,0.0,0.0,0.0,921,11,0.0,0.0,0.0,0.0,920.5,0.0
1,565500,VOLCANIC_ROCK_VOUCHER_9500,919.0,19.0,0.0,0.0,0.0,0.0,920,19,0.0,0.0,0.0,0.0,919.5,0.0
1,565600,VOLCANIC_ROCK_VOUCHER_9500,918.0,19.0,0.0,0.0,0.0,0.0,919,19,0.0,0.0,0.0,0.0,918.5,0.0
1,565700,VOLCANIC_ROCK_VOUCHER_9500,918.0,20.0,0.0,0.0,0.0,0.0,919,20,0.0,0.0,0.0,0.0,918.5,0.0
1,565800,VOLCANIC_ROCK_VOUCHER_9500,919.0,19.0,0.0,0.0,0.0,0.0,920,19,0.0,0.0,0.0,0.0,919.5,0.0
1,565900,VOLCANIC_ROCK_VOUCHER_9500,919.0,11.0,0.0,0.0,0.0,0.0,920,11,0.0,0.0,0.0,0.0,919.5,0.0
1,566000,VOLCANIC_ROCK_VOUCHER_9500,919.0,11.0,0.0,0.0,0.0,0.0,920,11,0.0,0.0,0.0,0.0,919.5,0.0
1,566100,VOLCANIC_ROCK_VOUCHER_9500,918.0,13.0,0.0,0.0,0.0,0.0,919,13,0.0,0.0,0.0,0.0,918.5,0.0
1,566200,VOLCANIC_ROCK_VOUCHER_9500,919.0,20.0,0.0,0.0,0.0,0.0,920,20,0.0,0.0,0.0,0.0,919.5,0.0
1,566300,VOLCANIC_ROCK_VOUCHER_9500,920.0,14.0,0.0,0.0,0.0,0.0,921,14,0.0,0.0,0.0,0.0,920.5,0.0
1,566400,VOLCANIC_ROCK_VOUCHER_9500,919.0,18.0,0.0,0.0,0.0,0.0,921,18,0.0,0.0,0.0,0.0,920.0,0.0
1,566500,VOLCANIC_ROCK_VOUCHER_9500,919.0,12.0,0.0,0.0,0.0,0.0,920,12,0.0,0.0,0.0,0.0,919.5,0.0
1,566600,VOLCANIC_ROCK_VOUCHER_9500,915.0,17.0,0.0,0.0,0.0,0.0,916,17,0.0,0.0,0.0,0.0,915.5,0.0
1,566700,VOLCANIC_ROCK_VOUCHER_9500,914.0,15.0,0.0,0.0,0.0,0.0,915,15,0.0,0.0,0.0,0.0,914.5,0.0
1,566800,VOLCANIC_ROCK_VOUCHER_9500,911.0,16.0,0.0,0.0,0.0,0.0,912,12,913.0,16.0,0.0,0.0,911.5,0.0
1,566900,VOLCANIC_ROCK_VOUCHER_9500,908.0,20.0,0.0,0.0,0.0,0.0,909,20,0.0,0.0,0.0,0.0,908.5,0.0
1,567000,VOLCANIC_ROCK_VOUCHER_9500,912.0,35.0,0.0,0.0,0.0,0.0,913,17,0.0,0.0,0.0,0.0,912.5,0.0
1,567100,VOLCANIC_ROCK_VOUCHER_9500,911.0,13.0,0.0,0.0,0.0,0.0,912,13,0.0,0.0,0.0,0.0,911.5,0.0
1,567200,VOLCANIC_ROCK_VOUCHER_9500,913.0,18.0,0.0,0.0,0.0,0.0,914,18,0.0,0.0,0.0,0.0,913.5,0.0
1,567300,VOLCANIC_ROCK_VOUCHER_9500,915.0,21.0,0.0,0.0,0.0,0.0,916,21,0.0,0.0,0.0,0.0,915.5,0.0
1,567400,VOLCANIC_ROCK_VOUCHER_9500,915.0,14.0,0.0,0.0,0.0,0.0,916,14,0.0,0.0,0.0,0.0,915.5,0.0
1,567500,VOLCANIC_ROCK_VOUCHER_9500,916.0,14.0,0.0,0.0,0.0,0.0,917,14,0.0,0.0,0.0,0.0,916.5,0.0
1,567600,VOLCANIC_ROCK_VOUCHER_9500,917.0,12.0,0.0,0.0,0.0,0.0,918,12,0.0,0.0,0.0,0.0,917.5,0.0
1,567700,VOLCANIC_ROCK_VOUCHER_9500,917.0,19.0,0.0,0.0,0.0,0.0,918,19,0.0,0.0,0.0,0.0,917.5,0.0
1,567800,VOLCANIC_ROCK_VOUCHER_9500,917.0,16.0,0.0,0.0,0.0,0.0,918,16,0.0,0.0,0.0,0.0,917.5,0.0
1,567900,VOLCANIC_ROCK_VOUCHER_9500,919.0,15.0,0.0,0.0,0.0,0.0,920,15,0.0,0.0,0.0,0.0,919.5,0.0
1,568000,VOLCANIC_ROCK_VOUCHER_9500,918.0,18.0,0.0,0.0,0.0,0.0,919,18,0.0,0.0,0.0,0.0,918.5,0.0
1,568100,VOLCANIC_ROCK_VOUCHER_9500,919.0,21.0,0.0,0.0,0.0,0.0,920,21,0.0,0.0,0.0,0.0,919.5,0.0
1,568200,VOLCANIC_ROCK_VOUCHER_9500,919.0,31.0,0.0,0.0,0.0,0.0,920,16,0.0,0.0,0.0,0.0,919.5,0.0
1,568300,VOLCANIC_ROCK_VOUCHER_9500,919.0,20.0,0.0,0.0,0.0,0.0,920,20,0.0,0.0,0.0,0.0,919.5,0.0
1,568400,VOLCANIC_ROCK_VOUCHER_9500,924.0,19.0,0.0,0.0,0.0,0.0,925,14,0.0,0.0,0.0,0.0,924.5,0.0
1,568500,VOLCANIC_ROCK_VOUCHER_9500,919.0,21.0,0.0,0.0,0.0,0.0,920,21,0.0,0.0,0.0,0.0,919.5,0.0
1,568600,VOLCANIC_ROCK_VOUCHER_9500,917.0,15.0,0.0,0.0,0.0,0.0,918,15,0.0,0.0,0.0,0.0,917.5,0.0
1,568700,VOLCANIC_ROCK_VOUCHER_9500,917.0,11.0,0.0,0.0,0.0,0.0,918,11,0.0,0.0,0.0,0.0,917.5,0.0
1,568800,VOLCANIC_ROCK_VOUCHER_9500,918.0,17.0,0.0,0.0,0.0,0.0,919,17,0.0,0.0,0.0,0.0,918.5,0.0
1,568900,VOLCANIC_ROCK_VOUCHER_9500,919.0,19.0,0.0,0.0,0.0,0.0,920,19,0.0,0.0,0.0,0.0,919.5,0.0
1,569000,VOLCANIC_ROCK_VOUCHER_9500,918.0,16.0,0.0,0.0,0.0,0.0,920,16,0.0,0.0,0.0,0.0,919.0,0.0
1,569100,VOLCANIC_ROCK_VOUCHER_9500,915.0,9.0,0.0,0.0,0.0,0.0,916,16,0.0,0.0,0.0,0.0,915.5,0.0
1,569200,VOLCANIC_ROCK_VOUCHER_9500,916.0,19.0,0.0,0.0,0.0,0.0,917,19,0.0,0.0,0.0,0.0,916.5,0.0
1,569300,VOLCANIC_ROCK_VOUCHER_9500,916.0,11.0,0.0,0.0,0.0,0.0,917,11,0.0,0.0,0.0,0.0,916.5,0.0
1,569400,VOLCANIC_ROCK_VOUCHER_9500,918.0,16.0,0.0,0.0,0.0,0.0,919,16,0.0,0.0,0.0,0.0,918.5,0.0
1,569500,VOLCANIC_ROCK_VOUCHER_9500,918.0,20.0,0.0,0.0,0.0,0.0,919,20,0.0,0.0,0.0,0.0,918.5,0.0
1,569600,VOLCANIC_ROCK_VOUCHER_9500,917.0,12.0,0.0,0.0,0.0,0.0,919,12,0.0,0.0,0.0,0.0,918.0,0.0
1,569700,VOLCANIC_ROCK_VOUCHER_9500,918.0,11.0,0.0,0.0,0.0,0.0,919,11,0.0,0.0,0.0,0.0,918.5,0.0
1,569800,VOLCANIC_ROCK_VOUCHER_9500,918.0,15.0,0.0,0.0,0.0,0.0,919,15,0.0,0.0,0.0,0.0,918.5,0.0
1,569900,VOLCANIC_ROCK_VOUCHER_9500,918.0,14.0,0.0,0.0,0.0,0.0,919,14,0.0,0.0,0.0,0.0,918.5,0.0
1,570000,VOLCANIC_ROCK_VOUCHER_9500,917.0,18.0,0.0,0.0,0.0,0.0,918,18,0.0,0.0,0.0,0.0,917.5,0.0
1,570100,VOLCANIC_ROCK_VOUCHER_9500,919.0,10.0,0.0,0.0,0.0,0.0,920,10,0.0,0.0,0.0,0.0,919.5,0.0
1,570200,VOLCANIC_ROCK_VOUCHER_9500,916.0,14.0,0.0,0.0,0.0,0.0,917,14,0.0,0.0,0.0,0.0,916.5,0.0
1,570300,VOLCANIC_ROCK_VOUCHER_9500,916.0,18.0,0.0,0.0,0.0,0.0,917,18,0.0,0.0,0.0,0.0,916.5,0.0
1,570400,VOLCANIC_ROCK_VOUCHER_9500,916.0,15.0,0.0,0.0,0.0,0.0,917,15,0.0,0.0,0.0,0.0,916.5,0.0
1,570500,VOLCANIC_ROCK_VOUCHER_9500,912.0,11.0,0.0,0.0,0.0,0.0,914,11,0.0,0.0,0.0,0.0,913.0,0.0
1,570600,VOLCANIC_ROCK_VOUCHER_9500,913.0,33.0,0.0,0.0,0.0,0.0,914,15,0.0,0.0,0.0,0.0,913.5,0.0
1,570700,VOLCANIC_ROCK_VOUCHER_9500,914.0,15.0,0.0,0.0,0.0,0.0,915,15,0.0,0.0,0.0,0.0,914.5,0.0
1,570800,VOLCANIC_ROCK_VOUCHER_9500,918.0,11.0,0.0,0.0,0.0,0.0,919,11,0.0,0.0,0.0,0.0,918.5,0.0
1,570900,VOLCANIC_ROCK_VOUCHER_9500,921.0,30.0,0.0,0.0,0.0,0.0,923,18,0.0,0.0,0.0,0.0,922.0,0.0
1,571000,VOLCANIC_ROCK_VOUCHER_9500,920.0,22.0,0.0,0.0,0.0,0.0,921,22,0.0,0.0,0.0,0.0,920.5,0.0
1,571100,VOLCANIC_ROCK_VOUCHER_9500,921.0,19.0,0.0,0.0,0.0,0.0,922,19,0.0,0.0,0.0,0.0,921.5,0.0
1,571200,VOLCANIC_ROCK_VOUCHER_9500,921.0,20.0,0.0,0.0,0.0,0.0,922,20,0.0,0.0,0.0,0.0,921.5,0.0
1,571300,VOLCANIC_ROCK_VOUCHER_9500,920.0,13.0,0.0,0.0,0.0,0.0,921,13,0.0,0.0,0.0,0.0,920.5,0.0
1,571400,VOLCANIC_ROCK_VOUCHER_9500,920.0,17.0,0.0,0.0,0.0,0.0,921,17,0.0,0.0,0.0,0.0,920.5,0.0
1,571500,VOLCANIC_ROCK_VOUCHER_9500,916.0,15.0,0.0,0.0,0.0,0.0,917,15,0.0,0.0,0.0,0.0,916.5,0.0
1,571600,VOLCANIC_ROCK_VOUCHER_9500,914.0,18.0,0.0,0.0,0.0,0.0,915,18,0.0,0.0,0.0,0.0,914.5,0.0
1,571700,VOLCANIC_ROCK_VOUCHER_9500,914.0,10.0,0.0,0.0,0.0,0.0,916,10,0.0,0.0,0.0,0.0,915.0,0.0
1,571800,VOLCANIC_ROCK_VOUCHER_9500,914.0,20.0,0.0,0.0,0.0,0.0,915,20,0.0,0.0,0.0,0.0,914.5,0.0
1,571900,VOLCANIC_ROCK_VOUCHER_9500,914.0,13.0,0.0,0.0,0.0,0.0,915,13,0.0,0.0,0.0,0.0,914.5,0.0
1,572000,VOLCANIC_ROCK_VOUCHER_9500,915.0,11.0,0.0,0.0,0.0,0.0,916,11,0.0,0.0,0.0,0.0,915.5,0.0
1,572100,VOLCANIC_ROCK_VOUCHER_9500,913.0,12.0,0.0,0.0,0.0,0.0,914,12,0.0,0.0,0.0,0.0,913.5,0.0
1,572200,VOLCANIC_ROCK_VOUCHER_9500,915.0,13.0,0.0,0.0,0.0,0.0,916,13,0.0,0.0,0.0,0.0,915.5,0.0
1,572300,VOLCANIC_ROCK_VOUCHER_9500,917.0,15.0,0.0,0.0,0.0,0.0,918,15,0.0,0.0,0.0,0.0,917.5,0.0
1,572400,VOLCANIC_ROCK_VOUCHER_9500,917.0,21.0,0.0,0.0,0.0,0.0,918,21,0.0,0.0,0.0,0.0,917.5,0.0
1,572500,VOLCANIC_ROCK_VOUCHER_9500,919.0,20.0,0.0,0.0,0.0,0.0,920,20,0.0,0.0,0.0,0.0,919.5,0.0
1,572600,VOLCANIC_ROCK_VOUCHER_9500,918.0,21.0,0.0,0.0,0.0,0.0,919,21,0.0,0.0,0.0,0.0,918.5,0.0
1,572700,VOLCANIC_ROCK_VOUCHER_9500,920.0,19.0,0.0,0.0,0.0,0.0,921,19,0.0,0.0,0.0,0.0,920.5,0.0
1,572800,VOLCANIC_ROCK_VOUCHER_9500,919.0,20.0,0.0,0.0,0.0,0.0,920,20,0.0,0.0,0.0,0.0,919.5,0.0
1,572900,VOLCANIC_ROCK_VOUCHER_9500,917.0,12.0,0.0,0.0,0.0,0.0,918,12,0.0,0.0,0.0,0.0,917.5,0.0
1,573000,VOLCANIC_ROCK_VOUCHER_9500,920.0,14.0,0.0,0.0,0.0,0.0,921,14,0.0,0.0,0.0,0.0,920.5,0.0
1,573100,VOLCANIC_ROCK_VOUCHER_9500,919.0,10.0,0.0,0.0,0.0,0.0,921,10,0.0,0.0,0.0,0.0,920.0,0.0
1,573200,VOLCANIC_ROCK_VOUCHER_9500,919.0,10.0,0.0,0.0,0.0,0.0,920,19,0.0,0.0,0.0,0.0,919.5,0.0
1,573300,VOLCANIC_ROCK_VOUCHER_9500,920.0,21.0,0.0,0.0,0.0,0.0,921,21,0.0,0.0,0.0,0.0,920.5,0.0
1,573400,VOLCANIC_ROCK_VOUCHER_9500,919.0,21.0,0.0,0.0,0.0,0.0,920,2,921.0,19.0,0.0,0.0,919.5,0.0
1,573500,VOLCANIC_ROCK_VOUCHER_9500,919.0,11.0,0.0,0.0,0.0,0.0,920,11,0.0,0.0,0.0,0.0,919.5,0.0
1,573600,VOLCANIC_ROCK_VOUCHER_9500,921.0,14.0,0.0,0.0,0.0,0.0,922,14,0.0,0.0,0.0,0.0,921.5,0.0
1,573700,VOLCANIC_ROCK_VOUCHER_9500,921.0,12.0,0.0,0.0,0.0,0.0,923,12,0.0,0.0,0.0,0.0,922.0,0.0
1,573800,VOLCANIC_ROCK_VOUCHER_9500,926.0,16.0,0.0,0.0,0.0,0.0,928,16,0.0,0.0,0.0,0.0,927.0,0.0
1,573900,VOLCANIC_ROCK_VOUCHER_9500,934.0,16.0,0.0,0.0,0.0,0.0,935,16,0.0,0.0,0.0,0.0,934.5,0.0
1,574000,VOLCANIC_ROCK_VOUCHER_9500,931.0,15.0,0.0,0.0,0.0,0.0,932,15,0.0,0.0,0.0,0.0,931.5,0.0
1,574100,VOLCANIC_ROCK_VOUCHER_9500,928.0,16.0,0.0,0.0,0.0,0.0,929,16,0.0,0.0,0.0,0.0,928.5,0.0
1,574200,VOLCANIC_ROCK_VOUCHER_9500,933.0,13.0,0.0,0.0,0.0,0.0,934,13,0.0,0.0,0.0,0.0,933.5,0.0
1,574300,VOLCANIC_ROCK_VOUCHER_9500,933.0,15.0,0.0,0.0,0.0,0.0,934,15,0.0,0.0,0.0,0.0,933.5,0.0
1,574400,VOLCANIC_ROCK_VOUCHER_9500,937.0,21.0,0.0,0.0,0.0,0.0,938,21,0.0,0.0,0.0,0.0,937.5,0.0
1,574500,VOLCANIC_ROCK_VOUCHER_9500,932.0,12.0,0.0,0.0,0.0,0.0,933,12,0.0,0.0,0.0,0.0,932.5,0.0
1,574600,VOLCANIC_ROCK_VOUCHER_9500,931.0,17.0,0.0,0.0,0.0,0.0,932,17,0.0,0.0,0.0,0.0,931.5,0.0
1,574700,VOLCANIC_ROCK_VOUCHER_9500,932.0,20.0,0.0,0.0,0.0,0.0,933,20,0.0,0.0,0.0,0.0,932.5,0.0
1,574800,VOLCANIC_ROCK_VOUCHER_9500,934.0,14.0,0.0,0.0,0.0,0.0,935,14,0.0,0.0,0.0,0.0,934.5,0.0
1,574900,VOLCANIC_ROCK_VOUCHER_9500,932.0,13.0,0.0,0.0,0.0,0.0,934,13,0.0,0.0,0.0,0.0,933.0,0.0
1,575000,VOLCANIC_ROCK_VOUCHER_9500,930.0,13.0,0.0,0.0,0.0,0.0,931,13,0.0,0.0,0.0,0.0,930.5,0.0
1,575100,VOLCANIC_ROCK_VOUCHER_9500,933.0,10.0,0.0,0.0,0.0,0.0,935,10,0.0,0.0,0.0,0.0,934.0,0.0
1,575200,VOLCANIC_ROCK_VOUCHER_9500,934.0,12.0,0.0,0.0,0.0,0.0,935,12,0.0,0.0,0.0,0.0,934.5,0.0
1,575300,VOLCANIC_ROCK_VOUCHER_9500,937.0,14.0,0.0,0.0,0.0,0.0,938,14,0.0,0.0,0.0,0.0,937.5,0.0
1,575400,VOLCANIC_ROCK_VOUCHER_9500,938.0,14.0,0.0,0.0,0.0,0.0,939,14,0.0,0.0,0.0,0.0,938.5,0.0
1,575500,VOLCANIC_ROCK_VOUCHER_9500,939.0,12.0,0.0,0.0,0.0,0.0,940,12,0.0,0.0,0.0,0.0,939.5,0.0
1,575600,VOLCANIC_ROCK_VOUCHER_9500,939.0,17.0,0.0,0.0,0.0,0.0,940,17,0.0,0.0,0.0,0.0,939.5,0.0
1,575700,VOLCANIC_ROCK_VOUCHER_9500,941.0,15.0,0.0,0.0,0.0,0.0,942,15,0.0,0.0,0.0,0.0,941.5,0.0
1,575800,VOLCANIC_ROCK_VOUCHER_9500,945.0,13.0,0.0,0.0,0.0,0.0,947,13,0.0,0.0,0.0,0.0,946.0,0.0
1,575900,VOLCANIC_ROCK_VOUCHER_9500,945.0,15.0,0.0,0.0,0.0,0.0,946,15,0.0,0.0,0.0,0.0,945.5,0.0
1,576000,VOLCANIC_ROCK_VOUCHER_9500,945.0,12.0,0.0,0.0,0.0,0.0,947,12,0.0,0.0,0.0,0.0,946.0,0.0
1,576100,VOLCANIC_ROCK_VOUCHER_9500,944.0,21.0,0.0,0.0,0.0,0.0,945,21,0.0,0.0,0.0,0.0,944.5,0.0
1,576200,VOLCANIC_ROCK_VOUCHER_9500,946.0,21.0,0.0,0.0,0.0,0.0,947,21,0.0,0.0,0.0,0.0,946.5,0.0
1,576300,VOLCANIC_ROCK_VOUCHER_9500,950.0,12.0,0.0,0.0,0.0,0.0,951,12,0.0,0.0,0.0,0.0,950.5,0.0
1,576400,VOLCANIC_ROCK_VOUCHER_9500,946.0,17.0,0.0,0.0,0.0,0.0,948,17,0.0,0.0,0.0,0.0,947.0,0.0
1,576500,VOLCANIC_ROCK_VOUCHER_9500,946.0,16.0,0.0,0.0,0.0,0.0,947,16,0.0,0.0,0.0,0.0,946.5,0.0
1,576600,VOLCANIC_ROCK_VOUCHER_9500,945.0,14.0,0.0,0.0,0.0,0.0,946,14,0.0,0.0,0.0,0.0,945.5,0.0
1,576700,VOLCANIC_ROCK_VOUCHER_9500,944.0,18.0,0.0,0.0,0.0,0.0,945,18,0.0,0.0,0.0,0.0,944.5,0.0
1,576800,VOLCANIC_ROCK_VOUCHER_9500,945.0,13.0,0.0,0.0,0.0,0.0,946,13,0.0,0.0,0.0,0.0,945.5,0.0
1,576900,VOLCANIC_ROCK_VOUCHER_9500,945.0,13.0,0.0,0.0,0.0,0.0,946,13,0.0,0.0,0.0,0.0,945.5,0.0
1,577000,VOLCANIC_ROCK_VOUCHER_9500,943.0,16.0,0.0,0.0,0.0,0.0,944,16,0.0,0.0,0.0,0.0,943.5,0.0
1,577100,VOLCANIC_ROCK_VOUCHER_9500,943.0,19.0,0.0,0.0,0.0,0.0,944,19,0.0,0.0,0.0,0.0,943.5,0.0
1,577200,VOLCANIC_ROCK_VOUCHER_9500,0.0,0.0,0.0,0.0,0.0,0.0,944,1,945.0,14.0,0.0,0.0,944.0,0.0
1,577300,VOLCANIC_ROCK_VOUCHER_9500,943.0,19.0,0.0,0.0,0.0,0.0,944,19,0.0,0.0,0.0,0.0,943.5,0.0
1,577400,VOLCANIC_ROCK_VOUCHER_9500,943.0,20.0,0.0,0.0,0.0,0.0,944,20,0.0,0.0,0.0,0.0,943.5,0.0
1,577500,VOLCANIC_ROCK_VOUCHER_9500,943.0,15.0,0.0,0.0,0.0,0.0,944,15,0.0,0.0,0.0,0.0,943.5,0.0
1,577600,VOLCANIC_ROCK_VOUCHER_9500,943.0,17.0,0.0,0.0,0.0,0.0,944,17,0.0,0.0,0.0,0.0,943.5,0.0
1,577700,VOLCANIC_ROCK_VOUCHER_9500,944.0,16.0,0.0,0.0,0.0,0.0,945,16,0.0,0.0,0.0,0.0,944.5,0.0
1,577800,VOLCANIC_ROCK_VOUCHER_9500,944.0,12.0,0.0,0.0,0.0,0.0,945,12,0.0,0.0,0.0,0.0,944.5,0.0
1,577900,VOLCANIC_ROCK_VOUCHER_9500,942.0,12.0,0.0,0.0,0.0,0.0,943,12,0.0,0.0,0.0,0.0,942.5,0.0
1,578000,VOLCANIC_ROCK_VOUCHER_9500,942.0,28.0,0.0,0.0,0.0,0.0,943,15,0.0,0.0,0.0,0.0,942.5,0.0
1,578100,VOLCANIC_ROCK_VOUCHER_9500,945.0,17.0,0.0,0.0,0.0,0.0,946,11,0.0,0.0,0.0,0.0,945.5,0.0
1,578200,VOLCANIC_ROCK_VOUCHER_9500,945.0,14.0,0.0,0.0,0.0,0.0,946,14,0.0,0.0,0.0,0.0,945.5,0.0
1,578300,VOLCANIC_ROCK_VOUCHER_9500,946.0,2.0,0.0,0.0,0.0,0.0,947,19,0.0,0.0,0.0,0.0,946.5,0.0
1,578400,VOLCANIC_ROCK_VOUCHER_9500,947.0,16.0,0.0,0.0,0.0,0.0,948,16,0.0,0.0,0.0,0.0,947.5,0.0
1,578500,VOLCANIC_ROCK_VOUCHER_9500,947.0,19.0,0.0,0.0,0.0,0.0,948,19,0.0,0.0,0.0,0.0,947.5,0.0
1,578600,VOLCANIC_ROCK_VOUCHER_9500,946.0,17.0,0.0,0.0,0.0,0.0,947,17,0.0,0.0,0.0,0.0,946.5,0.0
1,578700,VOLCANIC_ROCK_VOUCHER_9500,945.0,13.0,0.0,0.0,0.0,0.0,946,13,0.0,0.0,0.0,0.0,945.5,0.0
1,578800,VOLCANIC_ROCK_VOUCHER_9500,950.0,10.0,0.0,0.0,0.0,0.0,951,10,0.0,0.0,0.0,0.0,950.5,0.0
1,578900,VOLCANIC_ROCK_VOUCHER_9500,949.0,12.0,0.0,0.0,0.0,0.0,950,12,0.0,0.0,0.0,0.0,949.5,0.0
1,579000,VOLCANIC_ROCK_VOUCHER_9500,949.0,11.0,0.0,0.0,0.0,0.0,950,11,0.0,0.0,0.0,0.0,949.5,0.0
1,579100,VOLCANIC_ROCK_VOUCHER_9500,953.0,19.0,0.0,0.0,0.0,0.0,954,19,0.0,0.0,0.0,0.0,953.5,0.0
1,579200,VOLCANIC_ROCK_VOUCHER_9500,953.0,14.0,0.0,0.0,0.0,0.0,954,14,0.0,0.0,0.0,0.0,953.5,0.0
1,579300,VOLCANIC_ROCK_VOUCHER_9500,953.0,16.0,0.0,0.0,0.0,0.0,954,16,0.0,0.0,0.0,0.0,953.5,0.0
1,579400,VOLCANIC_ROCK_VOUCHER_9500,953.0,18.0,0.0,0.0,0.0,0.0,954,18,0.0,0.0,0.0,0.0,953.5,0.0
1,579500,VOLCANIC_ROCK_VOUCHER_9500,953.0,21.0,0.0,0.0,0.0,0.0,954,21,0.0,0.0,0.0,0.0,953.5,0.0
1,579600,VOLCANIC_ROCK_VOUCHER_9500,953.0,20.0,0.0,0.0,0.0,0.0,954,20,0.0,0.0,0.0,0.0,953.5,0.0
1,579700,VOLCANIC_ROCK_VOUCHER_9500,951.0,30.0,0.0,0.0,0.0,0.0,952,16,0.0,0.0,0.0,0.0,951.5,0.0
1,579800,VOLCANIC_ROCK_VOUCHER_9500,949.0,12.0,0.0,0.0,0.0,0.0,950,12,0.0,0.0,0.0,0.0,949.5,0.0
1,579900,VOLCANIC_ROCK_VOUCHER_9500,950.0,7.0,0.0,0.0,0.0,0.0,951,16,0.0,0.0,0.0,0.0,950.5,0.0
1,580000,VOLCANIC_ROCK_VOUCHER_9500,949.0,10.0,0.0,0.0,0.0,0.0,951,10,0.0,0.0,0.0,0.0,950.0,0.0
1,580100,VOLCANIC_ROCK_VOUCHER_9500,951.0,12.0,0.0,0.0,0.0,0.0,952,12,0.0,0.0,0.0,0.0,951.5,0.0
1,580200,VOLCANIC_ROCK_VOUCHER_9500,951.0,16.0,0.0,0.0,0.0,0.0,952,16,0.0,0.0,0.0,0.0,951.5,0.0
1,580300,VOLCANIC_ROCK_VOUCHER_9500,949.0,18.0,0.0,0.0,0.0,0.0,950,18,0.0,0.0,0.0,0.0,949.5,0.0
1,580400,VOLCANIC_ROCK_VOUCHER_9500,944.0,12.0,0.0,0.0,0.0,0.0,945,12,0.0,0.0,0.0,0.0,944.5,0.0
1,580500,VOLCANIC_ROCK_VOUCHER_9500,946.0,19.0,0.0,0.0,0.0,0.0,948,19,0.0,0.0,0.0,0.0,947.0,0.0
1,580600,VOLCANIC_ROCK_VOUCHER_9500,945.0,20.0,0.0,0.0,0.0,0.0,946,20,0.0,0.0,0.0,0.0,945.5,0.0
1,580700,VOLCANIC_ROCK_VOUCHER_9500,943.0,15.0,0.0,0.0,0.0,0.0,944,15,0.0,0.0,0.0,0.0,943.5,0.0
1,580800,VOLCANIC_ROCK_VOUCHER_9500,939.0,16.0,0.0,0.0,0.0,0.0,940,16,0.0,0.0,0.0,0.0,939.5,0.0
1,580900,VOLCANIC_ROCK_VOUCHER_9500,0.0,0.0,0.0,0.0,0.0,0.0,938,4,939.0,12.0,0.0,0.0,938.0,0.0
1,581000,VOLCANIC_ROCK_VOUCHER_9500,939.0,16.0,0.0,0.0,0.0,0.0,940,16,0.0,0.0,0.0,0.0,939.5,0.0
1,581100,VOLCANIC_ROCK_VOUCHER_9500,939.0,10.0,0.0,0.0,0.0,0.0,940,10,0.0,0.0,0.0,0.0,939.5,0.0
1,581200,VOLCANIC_ROCK_VOUCHER_9500,937.0,17.0,0.0,0.0,0.0,0.0,938,17,0.0,0.0,0.0,0.0,937.5,0.0
1,581300,VOLCANIC_ROCK_VOUCHER_9500,941.0,13.0,0.0,0.0,0.0,0.0,942,13,0.0,0.0,0.0,0.0,941.5,0.0
1,581400,VOLCANIC_ROCK_VOUCHER_9500,939.0,23.0,0.0,0.0,0.0,0.0,940,10,0.0,0.0,0.0,0.0,939.5,0.0
1,581500,VOLCANIC_ROCK_VOUCHER_9500,939.0,14.0,0.0,0.0,0.0,0.0,941,14,0.0,0.0,0.0,0.0,940.0,0.0
1,581600,VOLCANIC_ROCK_VOUCHER_9500,938.0,17.0,0.0,0.0,0.0,0.0,939,17,0.0,0.0,0.0,0.0,938.5,0.0
1,581700,VOLCANIC_ROCK_VOUCHER_9500,937.0,13.0,0.0,0.0,0.0,0.0,938,13,0.0,0.0,0.0,0.0,937.5,0.0
1,581800,VOLCANIC_ROCK_VOUCHER_9500,937.0,16.0,0.0,0.0,0.0,0.0,939,16,0.0,0.0,0.0,0.0,938.0,0.0
1,581900,VOLCANIC_ROCK_VOUCHER_9500,934.0,13.0,0.0,0.0,0.0,0.0,935,13,0.0,0.0,0.0,0.0,934.5,0.0
1,582000,VOLCANIC_ROCK_VOUCHER_9500,936.0,12.0,0.0,0.0,0.0,0.0,937,12,0.0,0.0,0.0,0.0,936.5,0.0
1,582100,VOLCANIC_ROCK_VOUCHER_9500,938.0,19.0,0.0,0.0,0.0,0.0,939,19,0.0,0.0,0.0,0.0,938.5,0.0
1,582200,VOLCANIC_ROCK_VOUCHER_9500,938.0,18.0,0.0,0.0,0.0,0.0,939,18,0.0,0.0,0.0,0.0,938.5,0.0
1,582300,VOLCANIC_ROCK_VOUCHER_9500,940.0,22.0,0.0,0.0,0.0,0.0,941,22,0.0,0.0,0.0,0.0,940.5,0.0
1,582400,VOLCANIC_ROCK_VOUCHER_9500,944.0,5.0,0.0,0.0,0.0,0.0,945,15,0.0,0.0,0.0,0.0,944.5,0.0
1,582500,VOLCANIC_ROCK_VOUCHER_9500,944.0,19.0,0.0,0.0,0.0,0.0,946,19,0.0,0.0,0.0,0.0,945.0,0.0
1,582600,VOLCANIC_ROCK_VOUCHER_9500,945.0,21.0,0.0,0.0,0.0,0.0,946,21,0.0,0.0,0.0,0.0,945.5,0.0
1,582700,VOLCANIC_ROCK_VOUCHER_9500,945.0,10.0,0.0,0.0,0.0,0.0,946,10,0.0,0.0,0.0,0.0,945.5,0.0
1,582800,VOLCANIC_ROCK_VOUCHER_9500,947.0,11.0,0.0,0.0,0.0,0.0,948,11,0.0,0.0,0.0,0.0,947.5,0.0
1,582900,VOLCANIC_ROCK_VOUCHER_9500,950.0,11.0,0.0,0.0,0.0,0.0,951,11,0.0,0.0,0.0,0.0,950.5,0.0
1,583000,VOLCANIC_ROCK_VOUCHER_9500,951.0,12.0,0.0,0.0,0.0,0.0,952,12,0.0,0.0,0.0,0.0,951.5,0.0
1,583100,VOLCANIC_ROCK_VOUCHER_9500,950.0,21.0,0.0,0.0,0.0,0.0,951,21,0.0,0.0,0.0,0.0,950.5,0.0
1,583200,VOLCANIC_ROCK_VOUCHER_9500,951.0,19.0,0.0,0.0,0.0,0.0,952,19,0.0,0.0,0.0,0.0,951.5,0.0
1,583300,VOLCANIC_ROCK_VOUCHER_9500,950.0,16.0,0.0,0.0,0.0,0.0,951,16,0.0,0.0,0.0,0.0,950.5,0.0
1,583400,VOLCANIC_ROCK_VOUCHER_9500,949.0,17.0,0.0,0.0,0.0,0.0,950,17,0.0,0.0,0.0,0.0,949.5,0.0
1,583500,VOLCANIC_ROCK_VOUCHER_9500,947.0,27.0,0.0,0.0,0.0,0.0,948,14,0.0,0.0,0.0,0.0,947.5,0.0
1,583600,VOLCANIC_ROCK_VOUCHER_9500,946.0,14.0,0.0,0.0,0.0,0.0,948,14,0.0,0.0,0.0,0.0,947.0,0.0
1,583700,VOLCANIC_ROCK_VOUCHER_9500,944.0,21.0,0.0,0.0,0.0,0.0,945,21,0.0,0.0,0.0,0.0,944.5,0.0
1,583800,VOLCANIC_ROCK_VOUCHER_9500,943.0,15.0,0.0,0.0,0.0,0.0,945,15,0.0,0.0,0.0,0.0,944.0,0.0
1,583900,VOLCANIC_ROCK_VOUCHER_9500,945.0,20.0,0.0,0.0,0.0,0.0,946,20,0.0,0.0,0.0,0.0,945.5,0.0
1,584000,VOLCANIC_ROCK_VOUCHER_9500,943.0,12.0,0.0,0.0,0.0,0.0,944,12,0.0,0.0,0.0,0.0,943.5,0.0
1,584100,VOLCANIC_ROCK_VOUCHER_9500,942.0,19.0,0.0,0.0,0.0,0.0,943,19,0.0,0.0,0.0,0.0,942.5,0.0
1,584200,VOLCANIC_ROCK_VOUCHER_9500,943.0,14.0,0.0,0.0,0.0,0.0,944,1,945.0,13.0,0.0,0.0,943.5,0.0
1,584300,VOLCANIC_ROCK_VOUCHER_9500,946.0,11.0,0.0,0.0,0.0,0.0,947,11,0.0,0.0,0.0,0.0,946.5,0.0
1,584400,VOLCANIC_ROCK_VOUCHER_9500,946.0,18.0,0.0,0.0,0.0,0.0,947,18,0.0,0.0,0.0,0.0,946.5,0.0
1,584500,VOLCANIC_ROCK_VOUCHER_9500,946.0,19.0,0.0,0.0,0.0,0.0,947,19,0.0,0.0,0.0,0.0,946.5,0.0
1,584600,VOLCANIC_ROCK_VOUCHER_9500,0.0,0.0,0.0,0.0,0.0,0.0,945,12,0.0,0.0,0.0,0.0,945.0,0.0
1,584700,VOLCANIC_ROCK_VOUCHER_9500,945.0,15.0,0.0,0.0,0.0,0.0,946,15,0.0,0.0,0.0,0.0,945.5,0.0
1,584800,VOLCANIC_ROCK_VOUCHER_9500,947.0,12.0,0.0,0.0,0.0,0.0,948,12,0.0,0.0,0.0,0.0,947.5,0.0
1,584900,VOLCANIC_ROCK_VOUCHER_9500,947.0,20.0,0.0,0.0,0.0,0.0,948,20,0.0,0.0,0.0,0.0,947.5,0.0
1,585000,VOLCANIC_ROCK_VOUCHER_9500,949.0,20.0,0.0,0.0,0.0,0.0,950,20,0.0,0.0,0.0,0.0,949.5,0.0
1,585100,VOLCANIC_ROCK_VOUCHER_9500,950.0,0.0,0.0,0.0,0.0,0.0,951,13,0.0,0.0,0.0,0.0,950.5,0.0
1,585200,VOLCANIC_ROCK_VOUCHER_9500,949.0,10.0,0.0,0.0,0.0,0.0,950,10,0.0,0.0,0.0,0.0,949.5,0.0
1,585300,VOLCANIC_ROCK_VOUCHER_9500,950.0,16.0,0.0,0.0,0.0,0.0,951,16,0.0,0.0,0.0,0.0,950.5,0.0
1,585400,VOLCANIC_ROCK_VOUCHER_9500,953.0,20.0,0.0,0.0,0.0,0.0,954,20,0.0,0.0,0.0,0.0,953.5,0.0
1,585500,VOLCANIC_ROCK_VOUCHER_9500,955.0,9.0,0.0,0.0,0.0,0.0,956,19,0.0,0.0,0.0,0.0,955.5,0.0
1,585600,VOLCANIC_ROCK_VOUCHER_9500,953.0,13.0,0.0,0.0,0.0,0.0,954,13,0.0,0.0,0.0,0.0,953.5,0.0
1,585700,VOLCANIC_ROCK_VOUCHER_9500,954.0,18.0,0.0,0.0,0.0,0.0,955,18,0.0,0.0,0.0,0.0,954.5,0.0
1,585800,VOLCANIC_ROCK_VOUCHER_9500,951.0,27.0,0.0,0.0,0.0,0.0,952,18,0.0,0.0,0.0,0.0,951.5,0.0
1,585900,VOLCANIC_ROCK_VOUCHER_9500,950.0,21.0,0.0,0.0,0.0,0.0,951,21,0.0,0.0,0.0,0.0,950.5,0.0
1,586000,VOLCANIC_ROCK_VOUCHER_9500,951.0,14.0,0.0,0.0,0.0,0.0,952,14,0.0,0.0,0.0,0.0,951.5,0.0
1,586100,VOLCANIC_ROCK_VOUCHER_9500,951.0,14.0,0.0,0.0,0.0,0.0,952,14,0.0,0.0,0.0,0.0,951.5,0.0
1,586200,VOLCANIC_ROCK_VOUCHER_9500,951.0,20.0,0.0,0.0,0.0,0.0,953,20,0.0,0.0,0.0,0.0,952.0,0.0
1,586300,VOLCANIC_ROCK_VOUCHER_9500,951.0,19.0,0.0,0.0,0.0,0.0,952,19,0.0,0.0,0.0,0.0,951.5,0.0
1,586400,VOLCANIC_ROCK_VOUCHER_9500,950.0,18.0,0.0,0.0,0.0,0.0,951,18,0.0,0.0,0.0,0.0,950.5,0.0
1,586500,VOLCANIC_ROCK_VOUCHER_9500,948.0,15.0,0.0,0.0,0.0,0.0,949,15,0.0,0.0,0.0,0.0,948.5,0.0
1,586600,VOLCANIC_ROCK_VOUCHER_9500,944.0,11.0,0.0,0.0,0.0,0.0,945,11,0.0,0.0,0.0,0.0,944.5,0.0
1,586700,VOLCANIC_ROCK_VOUCHER_9500,946.0,10.0,0.0,0.0,0.0,0.0,947,10,0.0,0.0,0.0,0.0,946.5,0.0
1,586800,VOLCANIC_ROCK_VOUCHER_9500,945.0,27.0,0.0,0.0,0.0,0.0,946,15,0.0,0.0,0.0,0.0,945.5,0.0
1,586900,VOLCANIC_ROCK_VOUCHER_9500,943.0,22.0,0.0,0.0,0.0,0.0,944,22,0.0,0.0,0.0,0.0,943.5,0.0
1,587000,VOLCANIC_ROCK_VOUCHER_9500,944.0,14.0,0.0,0.0,0.0,0.0,945,14,0.0,0.0,0.0,0.0,944.5,0.0
1,587100,VOLCANIC_ROCK_VOUCHER_9500,947.0,12.0,0.0,0.0,0.0,0.0,948,12,0.0,0.0,0.0,0.0,947.5,0.0
1,587200,VOLCANIC_ROCK_VOUCHER_9500,946.0,17.0,0.0,0.0,0.0,0.0,947,17,0.0,0.0,0.0,0.0,946.5,0.0
1,587300,VOLCANIC_ROCK_VOUCHER_9500,945.0,16.0,0.0,0.0,0.0,0.0,947,16,0.0,0.0,0.0,0.0,946.0,0.0
1,587400,VOLCANIC_ROCK_VOUCHER_9500,945.0,15.0,0.0,0.0,0.0,0.0,946,15,0.0,0.0,0.0,0.0,945.5,0.0
1,587500,VOLCANIC_ROCK_VOUCHER_9500,945.0,14.0,0.0,0.0,0.0,0.0,946,14,0.0,0.0,0.0,0.0,945.5,0.0
1,587600,VOLCANIC_ROCK_VOUCHER_9500,946.0,21.0,0.0,0.0,0.0,0.0,947,21,0.0,0.0,0.0,0.0,946.5,0.0
1,587700,VOLCANIC_ROCK_VOUCHER_9500,944.0,17.0,0.0,0.0,0.0,0.0,945,17,0.0,0.0,0.0,0.0,944.5,0.0
1,587800,VOLCANIC_ROCK_VOUCHER_9500,943.0,11.0,0.0,0.0,0.0,0.0,944,11,0.0,0.0,0.0,0.0,943.5,0.0
1,587900,VOLCANIC_ROCK_VOUCHER_9500,941.0,14.0,0.0,0.0,0.0,0.0,942,14,0.0,0.0,0.0,0.0,941.5,0.0
1,588000,VOLCANIC_ROCK_VOUCHER_9500,942.0,11.0,0.0,0.0,0.0,0.0,944,11,0.0,0.0,0.0,0.0,943.0,0.0
1,588100,VOLCANIC_ROCK_VOUCHER_9500,941.0,17.0,0.0,0.0,0.0,0.0,942,17,0.0,0.0,0.0,0.0,941.5,0.0
1,588200,VOLCANIC_ROCK_VOUCHER_9500,943.0,22.0,0.0,0.0,0.0,0.0,944,17,0.0,0.0,0.0,0.0,943.5,0.0
1,588300,VOLCANIC_ROCK_VOUCHER_9500,942.0,13.0,0.0,0.0,0.0,0.0,943,13,0.0,0.0,0.0,0.0,942.5,0.0
1,588400,VOLCANIC_ROCK_VOUCHER_9500,944.0,15.0,0.0,0.0,0.0,0.0,945,15,0.0,0.0,0.0,0.0,944.5,0.0
1,588500,VOLCANIC_ROCK_VOUCHER_9500,946.0,20.0,0.0,0.0,0.0,0.0,947,20,0.0,0.0,0.0,0.0,946.5,0.0
1,588600,VOLCANIC_ROCK_VOUCHER_9500,947.0,19.0,0.0,0.0,0.0,0.0,948,19,0.0,0.0,0.0,0.0,947.5,0.0
1,588700,VOLCANIC_ROCK_VOUCHER_9500,950.0,14.0,0.0,0.0,0.0,0.0,951,14,0.0,0.0,0.0,0.0,950.5,0.0
1,588800,VOLCANIC_ROCK_VOUCHER_9500,947.0,15.0,0.0,0.0,0.0,0.0,948,15,0.0,0.0,0.0,0.0,947.5,0.0
1,588900,VOLCANIC_ROCK_VOUCHER_9500,945.0,12.0,0.0,0.0,0.0,0.0,947,12,0.0,0.0,0.0,0.0,946.0,0.0
1,589000,VOLCANIC_ROCK_VOUCHER_9500,947.0,21.0,0.0,0.0,0.0,0.0,949,21,0.0,0.0,0.0,0.0,948.0,0.0
1,589100,VOLCANIC_ROCK_VOUCHER_9500,945.0,17.0,0.0,0.0,0.0,0.0,946,17,0.0,0.0,0.0,0.0,945.5,0.0
1,589200,VOLCANIC_ROCK_VOUCHER_9500,946.0,12.0,0.0,0.0,0.0,0.0,947,12,0.0,0.0,0.0,0.0,946.5,0.0
1,589300,VOLCANIC_ROCK_VOUCHER_9500,945.0,12.0,0.0,0.0,0.0,0.0,946,12,0.0,0.0,0.0,0.0,945.5,0.0
1,589400,VOLCANIC_ROCK_VOUCHER_9500,947.0,16.0,0.0,0.0,0.0,0.0,949,16,0.0,0.0,0.0,0.0,948.0,0.0
1,589500,VOLCANIC_ROCK_VOUCHER_9500,945.0,13.0,0.0,0.0,0.0,0.0,946,13,947.0,13.0,0.0,0.0,945.5,0.0
1,589600,VOLCANIC_ROCK_VOUCHER_9500,946.0,16.0,0.0,0.0,0.0,0.0,947,16,0.0,0.0,0.0,0.0,946.5,0.0
1,589700,VOLCANIC_ROCK_VOUCHER_9500,946.0,31.0,0.0,0.0,0.0,0.0,947,13,0.0,0.0,0.0,0.0,946.5,0.0
1,589800,VOLCANIC_ROCK_VOUCHER_9500,945.0,12.0,0.0,0.0,0.0,0.0,946,12,0.0,0.0,0.0,0.0,945.5,0.0
1,589900,VOLCANIC_ROCK_VOUCHER_9500,946.0,18.0,0.0,0.0,0.0,0.0,947,18,0.0,0.0,0.0,0.0,946.5,0.0
1,590000,VOLCANIC_ROCK_VOUCHER_9500,947.0,12.0,0.0,0.0,0.0,0.0,948,12,0.0,0.0,0.0,0.0,947.5,0.0
1,590100,VOLCANIC_ROCK_VOUCHER_9500,945.0,10.0,0.0,0.0,0.0,0.0,946,10,0.0,0.0,0.0,0.0,945.5,0.0
1,590200,VOLCANIC_ROCK_VOUCHER_9500,945.0,16.0,0.0,0.0,0.0,0.0,946,16,0.0,0.0,0.0,0.0,945.5,0.0
1,590300,VOLCANIC_ROCK_VOUCHER_9500,947.0,13.0,0.0,0.0,0.0,0.0,948,13,0.0,0.0,0.0,0.0,947.5,0.0
1,590400,VOLCANIC_ROCK_VOUCHER_9500,945.0,14.0,0.0,0.0,0.0,0.0,946,14,0.0,0.0,0.0,0.0,945.5,0.0
1,590500,VOLCANIC_ROCK_VOUCHER_9500,946.0,1.0,945.0,11.0,0.0,0.0,947,12,0.0,0.0,0.0,0.0,946.5,0.0
1,590600,VOLCANIC_ROCK_VOUCHER_9500,947.0,13.0,0.0,0.0,0.0,0.0,948,13,0.0,0.0,0.0,0.0,947.5,0.0
1,590700,VOLCANIC_ROCK_VOUCHER_9500,947.0,14.0,0.0,0.0,0.0,0.0,949,14,0.0,0.0,0.0,0.0,948.0,0.0
1,590800,VOLCANIC_ROCK_VOUCHER_9500,945.0,17.0,0.0,0.0,0.0,0.0,946,17,0.0,0.0,0.0,0.0,945.5,0.0
1,590900,VOLCANIC_ROCK_VOUCHER_9500,945.0,38.0,0.0,0.0,0.0,0.0,946,20,0.0,0.0,0.0,0.0,945.5,0.0
1,591000,VOLCANIC_ROCK_VOUCHER_9500,944.0,18.0,0.0,0.0,0.0,0.0,945,18,0.0,0.0,0.0,0.0,944.5,0.0
1,591100,VOLCANIC_ROCK_VOUCHER_9500,944.0,31.0,0.0,0.0,0.0,0.0,945,19,0.0,0.0,0.0,0.0,944.5,0.0
1,591200,VOLCANIC_ROCK_VOUCHER_9500,943.0,15.0,0.0,0.0,0.0,0.0,944,15,0.0,0.0,0.0,0.0,943.5,0.0
1,591300,VOLCANIC_ROCK_VOUCHER_9500,943.0,15.0,0.0,0.0,0.0,0.0,944,15,0.0,0.0,0.0,0.0,943.5,0.0
1,591400,VOLCANIC_ROCK_VOUCHER_9500,945.0,12.0,0.0,0.0,0.0,0.0,946,12,0.0,0.0,0.0,0.0,945.5,0.0
1,591500,VOLCANIC_ROCK_VOUCHER_9500,944.0,1.0,0.0,0.0,0.0,0.0,945,16,0.0,0.0,0.0,0.0,944.5,0.0
1,591600,VOLCANIC_ROCK_VOUCHER_9500,946.0,34.0,0.0,0.0,0.0,0.0,947,17,0.0,0.0,0.0,0.0,946.5,0.0
1,591700,VOLCANIC_ROCK_VOUCHER_9500,944.0,10.0,0.0,0.0,0.0,0.0,945,10,0.0,0.0,0.0,0.0,944.5,0.0
1,591800,VOLCANIC_ROCK_VOUCHER_9500,942.0,19.0,0.0,0.0,0.0,0.0,943,19,0.0,0.0,0.0,0.0,942.5,0.0
1,591900,VOLCANIC_ROCK_VOUCHER_9500,942.0,15.0,0.0,0.0,0.0,0.0,944,15,0.0,0.0,0.0,0.0,943.0,0.0
1,592000,VOLCANIC_ROCK_VOUCHER_9500,942.0,11.0,0.0,0.0,0.0,0.0,943,11,0.0,0.0,0.0,0.0,942.5,0.0
1,592100,VOLCANIC_ROCK_VOUCHER_9500,940.0,15.0,0.0,0.0,0.0,0.0,941,15,0.0,0.0,0.0,0.0,940.5,0.0
1,592200,VOLCANIC_ROCK_VOUCHER_9500,937.0,16.0,0.0,0.0,0.0,0.0,938,16,0.0,0.0,0.0,0.0,937.5,0.0
1,592300,VOLCANIC_ROCK_VOUCHER_9500,939.0,17.0,0.0,0.0,0.0,0.0,941,17,0.0,0.0,0.0,0.0,940.0,0.0
1,592400,VOLCANIC_ROCK_VOUCHER_9500,940.0,18.0,0.0,0.0,0.0,0.0,941,18,0.0,0.0,0.0,0.0,940.5,0.0
1,592500,VOLCANIC_ROCK_VOUCHER_9500,937.0,18.0,0.0,0.0,0.0,0.0,939,18,0.0,0.0,0.0,0.0,938.0,0.0
1,592600,VOLCANIC_ROCK_VOUCHER_9500,940.0,15.0,0.0,0.0,0.0,0.0,941,15,0.0,0.0,0.0,0.0,940.5,0.0
1,592700,VOLCANIC_ROCK_VOUCHER_9500,938.0,19.0,0.0,0.0,0.0,0.0,939,19,0.0,0.0,0.0,0.0,938.5,0.0
1,592800,VOLCANIC_ROCK_VOUCHER_9500,937.0,19.0,0.0,0.0,0.0,0.0,939,19,0.0,0.0,0.0,0.0,938.0,0.0
1,592900,VOLCANIC_ROCK_VOUCHER_9500,940.0,14.0,0.0,0.0,0.0,0.0,941,14,0.0,0.0,0.0,0.0,940.5,0.0
1,593000,VOLCANIC_ROCK_VOUCHER_9500,938.0,14.0,0.0,0.0,0.0,0.0,939,1,940.0,13.0,0.0,0.0,938.5,0.0
1,593100,VOLCANIC_ROCK_VOUCHER_9500,937.0,16.0,0.0,0.0,0.0,0.0,938,16,0.0,0.0,0.0,0.0,937.5,0.0
1,593200,VOLCANIC_ROCK_VOUCHER_9500,941.0,21.0,0.0,0.0,0.0,0.0,942,21,0.0,0.0,0.0,0.0,941.5,0.0
1,593300,VOLCANIC_ROCK_VOUCHER_9500,940.0,19.0,0.0,0.0,0.0,0.0,941,19,0.0,0.0,0.0,0.0,940.5,0.0
1,593400,VOLCANIC_ROCK_VOUCHER_9500,942.0,16.0,0.0,0.0,0.0,0.0,943,16,0.0,0.0,0.0,0.0,942.5,0.0
1,593500,VOLCANIC_ROCK_VOUCHER_9500,944.0,0.0,0.0,0.0,0.0,0.0,945,17,0.0,0.0,0.0,0.0,944.5,0.0
1,593600,VOLCANIC_ROCK_VOUCHER_9500,945.0,2.0,944.0,16.0,0.0,0.0,946,18,0.0,0.0,0.0,0.0,945.5,0.0
1,593700,VOLCANIC_ROCK_VOUCHER_9500,945.0,18.0,0.0,0.0,0.0,0.0,946,18,0.0,0.0,0.0,0.0,945.5,0.0
1,593800,VOLCANIC_ROCK_VOUCHER_9500,945.0,16.0,0.0,0.0,0.0,0.0,946,16,0.0,0.0,0.0,0.0,945.5,0.0
1,593900,VOLCANIC_ROCK_VOUCHER_9500,944.0,15.0,0.0,0.0,0.0,0.0,945,15,0.0,0.0,0.0,0.0,944.5,0.0
1,594000,VOLCANIC_ROCK_VOUCHER_9500,943.0,11.0,0.0,0.0,0.0,0.0,944,11,0.0,0.0,0.0,0.0,943.5,0.0
1,594100,VOLCANIC_ROCK_VOUCHER_9500,942.0,11.0,0.0,0.0,0.0,0.0,943,11,0.0,0.0,0.0,0.0,942.5,0.0
1,594200,VOLCANIC_ROCK_VOUCHER_9500,942.0,21.0,0.0,0.0,0.0,0.0,943,21,0.0,0.0,0.0,0.0,942.5,0.0
1,594300,VOLCANIC_ROCK_VOUCHER_9500,945.0,12.0,0.0,0.0,0.0,0.0,946,12,0.0,0.0,0.0,0.0,945.5,0.0
1,594400,VOLCANIC_ROCK_VOUCHER_9500,944.0,19.0,0.0,0.0,0.0,0.0,945,19,0.0,0.0,0.0,0.0,944.5,0.0
1,594500,VOLCANIC_ROCK_VOUCHER_9500,942.0,12.0,0.0,0.0,0.0,0.0,943,12,0.0,0.0,0.0,0.0,942.5,0.0
1,594600,VOLCANIC_ROCK_VOUCHER_9500,940.0,11.0,0.0,0.0,0.0,0.0,942,11,0.0,0.0,0.0,0.0,941.0,0.0
1,594700,VOLCANIC_ROCK_VOUCHER_9500,941.0,22.0,0.0,0.0,0.0,0.0,943,22,0.0,0.0,0.0,0.0,942.0,0.0
1,594800,VOLCANIC_ROCK_VOUCHER_9500,940.0,16.0,0.0,0.0,0.0,0.0,941,16,0.0,0.0,0.0,0.0,940.5,0.0
1,594900,VOLCANIC_ROCK_VOUCHER_9500,940.0,12.0,0.0,0.0,0.0,0.0,941,12,0.0,0.0,0.0,0.0,940.5,0.0
1,595000,VOLCANIC_ROCK_VOUCHER_9500,942.0,13.0,0.0,0.0,0.0,0.0,943,13,0.0,0.0,0.0,0.0,942.5,0.0
1,595100,VOLCANIC_ROCK_VOUCHER_9500,944.0,10.0,0.0,0.0,0.0,0.0,945,10,0.0,0.0,0.0,0.0,944.5,0.0
1,595200,VOLCANIC_ROCK_VOUCHER_9500,943.0,13.0,0.0,0.0,0.0,0.0,944,1,945.0,12.0,0.0,0.0,943.5,0.0
1,595300,VOLCANIC_ROCK_VOUCHER_9500,948.0,15.0,0.0,0.0,0.0,0.0,949,15,0.0,0.0,0.0,0.0,948.5,0.0
1,595400,VOLCANIC_ROCK_VOUCHER_9500,946.0,16.0,0.0,0.0,0.0,0.0,947,16,0.0,0.0,0.0,0.0,946.5,0.0
1,595500,VOLCANIC_ROCK_VOUCHER_9500,946.0,20.0,0.0,0.0,0.0,0.0,947,20,0.0,0.0,0.0,0.0,946.5,0.0
1,595600,VOLCANIC_ROCK_VOUCHER_9500,946.0,19.0,0.0,0.0,0.0,0.0,947,19,0.0,0.0,0.0,0.0,946.5,0.0
1,595700,VOLCANIC_ROCK_VOUCHER_9500,942.0,21.0,0.0,0.0,0.0,0.0,943,21,0.0,0.0,0.0,0.0,942.5,0.0
1,595800,VOLCANIC_ROCK_VOUCHER_9500,940.0,22.0,0.0,0.0,0.0,0.0,942,22,0.0,0.0,0.0,0.0,941.0,0.0
1,595900,VOLCANIC_ROCK_VOUCHER_9500,940.0,18.0,0.0,0.0,0.0,0.0,941,18,0.0,0.0,0.0,0.0,940.5,0.0
1,596000,VOLCANIC_ROCK_VOUCHER_9500,941.0,12.0,0.0,0.0,0.0,0.0,942,12,0.0,0.0,0.0,0.0,941.5,0.0
1,596100,VOLCANIC_ROCK_VOUCHER_9500,939.0,16.0,0.0,0.0,0.0,0.0,940,16,0.0,0.0,0.0,0.0,939.5,0.0
1,596200,VOLCANIC_ROCK_VOUCHER_9500,942.0,14.0,0.0,0.0,0.0,0.0,943,14,0.0,0.0,0.0,0.0,942.5,0.0
1,596300,VOLCANIC_ROCK_VOUCHER_9500,939.0,18.0,0.0,0.0,0.0,0.0,941,18,0.0,0.0,0.0,0.0,940.0,0.0
1,596400,VOLCANIC_ROCK_VOUCHER_9500,940.0,15.0,0.0,0.0,0.0,0.0,941,15,0.0,0.0,0.0,0.0,940.5,0.0
1,596500,VOLCANIC_ROCK_VOUCHER_9500,941.0,20.0,0.0,0.0,0.0,0.0,942,20,0.0,0.0,0.0,0.0,941.5,0.0
1,596600,VOLCANIC_ROCK_VOUCHER_9500,939.0,15.0,0.0,0.0,0.0,0.0,940,15,0.0,0.0,0.0,0.0,939.5,0.0
1,596700,VOLCANIC_ROCK_VOUCHER_9500,939.0,34.0,0.0,0.0,0.0,0.0,940,14,0.0,0.0,0.0,0.0,939.5,0.0
1,596800,VOLCANIC_ROCK_VOUCHER_9500,941.0,12.0,0.0,0.0,0.0,0.0,942,12,0.0,0.0,0.0,0.0,941.5,0.0
1,596900,VOLCANIC_ROCK_VOUCHER_9500,938.0,13.0,0.0,0.0,0.0,0.0,940,13,0.0,0.0,0.0,0.0,939.0,0.0
1,597000,VOLCANIC_ROCK_VOUCHER_9500,938.0,12.0,0.0,0.0,0.0,0.0,939,12,0.0,0.0,0.0,0.0,938.5,0.0
1,597100,VOLCANIC_ROCK_VOUCHER_9500,934.0,28.0,0.0,0.0,0.0,0.0,935,10,0.0,0.0,0.0,0.0,934.5,0.0
1,597200,VOLCANIC_ROCK_VOUCHER_9500,934.0,33.0,0.0,0.0,0.0,0.0,935,14,0.0,0.0,0.0,0.0,934.5,0.0
1,597300,VOLCANIC_ROCK_VOUCHER_9500,937.0,19.0,0.0,0.0,0.0,0.0,939,19,0.0,0.0,0.0,0.0,938.0,0.0
1,597400,VOLCANIC_ROCK_VOUCHER_9500,937.0,1.0,0.0,0.0,0.0,0.0,938,14,0.0,0.0,0.0,0.0,937.5,0.0
1,597500,VOLCANIC_ROCK_VOUCHER_9500,936.0,19.0,0.0,0.0,0.0,0.0,937,19,0.0,0.0,0.0,0.0,936.5,0.0
1,597600,VOLCANIC_ROCK_VOUCHER_9500,938.0,12.0,0.0,0.0,0.0,0.0,939,12,0.0,0.0,0.0,0.0,938.5,0.0
1,597700,VOLCANIC_ROCK_VOUCHER_9500,939.0,14.0,0.0,0.0,0.0,0.0,940,14,0.0,0.0,0.0,0.0,939.5,0.0
1,597800,VOLCANIC_ROCK_VOUCHER_9500,939.0,16.0,0.0,0.0,0.0,0.0,940,16,0.0,0.0,0.0,0.0,939.5,0.0
1,597900,VOLCANIC_ROCK_VOUCHER_9500,933.0,20.0,0.0,0.0,0.0,0.0,934,20,0.0,0.0,0.0,0.0,933.5,0.0
1,598000,VOLCANIC_ROCK_VOUCHER_9500,925.0,15.0,0.0,0.0,0.0,0.0,926,15,0.0,0.0,0.0,0.0,925.5,0.0
1,598100,VOLCANIC_ROCK_VOUCHER_9500,923.0,18.0,0.0,0.0,0.0,0.0,924,18,0.0,0.0,0.0,0.0,923.5,0.0
1,598200,VOLCANIC_ROCK_VOUCHER_9500,923.0,10.0,0.0,0.0,0.0,0.0,924,10,0.0,0.0,0.0,0.0,923.5,0.0
1,598300,VOLCANIC_ROCK_VOUCHER_9500,925.0,15.0,0.0,0.0,0.0,0.0,926,15,0.0,0.0,0.0,0.0,925.5,0.0
1,598400,VOLCANIC_ROCK_VOUCHER_9500,926.0,17.0,0.0,0.0,0.0,0.0,928,17,0.0,0.0,0.0,0.0,927.0,0.0
1,598500,VOLCANIC_ROCK_VOUCHER_9500,926.0,18.0,0.0,0.0,0.0,0.0,927,18,0.0,0.0,0.0,0.0,926.5,0.0
1,598600,VOLCANIC_ROCK_VOUCHER_9500,925.0,15.0,0.0,0.0,0.0,0.0,926,15,0.0,0.0,0.0,0.0,925.5,0.0
1,598700,VOLCANIC_ROCK_VOUCHER_9500,924.0,16.0,0.0,0.0,0.0,0.0,925,16,0.0,0.0,0.0,0.0,924.5,0.0
1,598800,VOLCANIC_ROCK_VOUCHER_9500,922.0,1.0,921.0,17.0,0.0,0.0,923,18,0.0,0.0,0.0,0.0,922.5,0.0
1,598900,VOLCANIC_ROCK_VOUCHER_9500,924.0,17.0,0.0,0.0,0.0,0.0,925,17,0.0,0.0,0.0,0.0,924.5,0.0
1,599000,VOLCANIC_ROCK_VOUCHER_9500,926.0,14.0,0.0,0.0,0.0,0.0,927,14,0.0,0.0,0.0,0.0,926.5,0.0
1,599100,VOLCANIC_ROCK_VOUCHER_9500,922.0,17.0,0.0,0.0,0.0,0.0,923,17,0.0,0.0,0.0,0.0,922.5,0.0
1,599200,VOLCANIC_ROCK_VOUCHER_9500,924.0,11.0,0.0,0.0,0.0,0.0,925,11,0.0,0.0,0.0,0.0,924.5,0.0
1,599300,VOLCANIC_ROCK_VOUCHER_9500,926.0,13.0,0.0,0.0,0.0,0.0,927,13,0.0,0.0,0.0,0.0,926.5,0.0
1,599400,VOLCANIC_ROCK_VOUCHER_9500,927.0,14.0,0.0,0.0,0.0,0.0,928,14,0.0,0.0,0.0,0.0,927.5,0.0
1,599500,VOLCANIC_ROCK_VOUCHER_9500,926.0,22.0,0.0,0.0,0.0,0.0,928,22,0.0,0.0,0.0,0.0,927.0,0.0
1,599600,VOLCANIC_ROCK_VOUCHER_9500,929.0,25.0,0.0,0.0,0.0,0.0,930,13,0.0,0.0,0.0,0.0,929.5,0.0
1,599700,VOLCANIC_ROCK_VOUCHER_9500,933.0,17.0,0.0,0.0,0.0,0.0,934,17,0.0,0.0,0.0,0.0,933.5,0.0
1,599800,VOLCANIC_ROCK_VOUCHER_9500,934.0,20.0,0.0,0.0,0.0,0.0,935,20,0.0,0.0,0.0,0.0,934.5,0.0
1,599900,VOLCANIC_ROCK_VOUCHER_9500,932.0,19.0,0.0,0.0,0.0,0.0,933,19,0.0,0.0,0.0,0.0,932.5,0.0
1,600000,VOLCANIC_ROCK_VOUCHER_9500,932.0,13.0,0.0,0.0,0.0,0.0,933,13,0.0,0.0,0.0,0.0,932.5,0.0
1,600100,VOLCANIC_ROCK_VOUCHER_9500,930.0,13.0,0.0,0.0,0.0,0.0,931,13,0.0,0.0,0.0,0.0,930.5,0.0
1,600200,VOLCANIC_ROCK_VOUCHER_9500,933.0,17.0,0.0,0.0,0.0,0.0,934,17,0.0,0.0,0.0,0.0,933.5,0.0
1,600300,VOLCANIC_ROCK_VOUCHER_9500,935.0,21.0,0.0,0.0,0.0,0.0,936,21,0.0,0.0,0.0,0.0,935.5,0.0
1,600400,VOLCANIC_ROCK_VOUCHER_9500,937.0,19.0,0.0,0.0,0.0,0.0,938,19,0.0,0.0,0.0,0.0,937.5,0.0
1,600500,VOLCANIC_ROCK_VOUCHER_9500,937.0,13.0,0.0,0.0,0.0,0.0,938,13,0.0,0.0,0.0,0.0,937.5,0.0
1,600600,VOLCANIC_ROCK_VOUCHER_9500,934.0,16.0,0.0,0.0,0.0,0.0,935,16,0.0,0.0,0.0,0.0,934.5,0.0
1,600700,VOLCANIC_ROCK_VOUCHER_9500,936.0,17.0,0.0,0.0,0.0,0.0,937,17,0.0,0.0,0.0,0.0,936.5,0.0
1,600800,VOLCANIC_ROCK_VOUCHER_9500,936.0,38.0,0.0,0.0,0.0,0.0,937,20,0.0,0.0,0.0,0.0,936.5,0.0
1,600900,VOLCANIC_ROCK_VOUCHER_9500,936.0,17.0,0.0,0.0,0.0,0.0,937,17,0.0,0.0,0.0,0.0,936.5,0.0
1,601000,VOLCANIC_ROCK_VOUCHER_9500,936.0,22.0,0.0,0.0,0.0,0.0,937,22,0.0,0.0,0.0,0.0,936.5,0.0
1,601100,VOLCANIC_ROCK_VOUCHER_9500,934.0,12.0,0.0,0.0,0.0,0.0,935,12,0.0,0.0,0.0,0.0,934.5,0.0
1,601200,VOLCANIC_ROCK_VOUCHER_9500,933.0,17.0,0.0,0.0,0.0,0.0,934,17,0.0,0.0,0.0,0.0,933.5,0.0
1,601300,VOLCANIC_ROCK_VOUCHER_9500,933.0,37.0,0.0,0.0,0.0,0.0,934,17,0.0,0.0,0.0,0.0,933.5,0.0
1,601400,VOLCANIC_ROCK_VOUCHER_9500,937.0,15.0,0.0,0.0,0.0,0.0,938,15,0.0,0.0,0.0,0.0,937.5,0.0
1,601500,VOLCANIC_ROCK_VOUCHER_9500,937.0,10.0,0.0,0.0,0.0,0.0,939,19,0.0,0.0,0.0,0.0,938.0,0.0
1,601600,VOLCANIC_ROCK_VOUCHER_9500,934.0,14.0,0.0,0.0,0.0,0.0,935,14,0.0,0.0,0.0,0.0,934.5,0.0
1,601700,VOLCANIC_ROCK_VOUCHER_9500,932.0,14.0,0.0,0.0,0.0,0.0,933,14,0.0,0.0,0.0,0.0,932.5,0.0
1,601800,VOLCANIC_ROCK_VOUCHER_9500,932.0,19.0,0.0,0.0,0.0,0.0,933,19,0.0,0.0,0.0,0.0,932.5,0.0
1,601900,VOLCANIC_ROCK_VOUCHER_9500,931.0,16.0,0.0,0.0,0.0,0.0,932,16,0.0,0.0,0.0,0.0,931.5,0.0
1,602000,VOLCANIC_ROCK_VOUCHER_9500,928.0,37.0,0.0,0.0,0.0,0.0,929,18,0.0,0.0,0.0,0.0,928.5,0.0
1,602100,VOLCANIC_ROCK_VOUCHER_9500,926.0,19.0,0.0,0.0,0.0,0.0,927,19,0.0,0.0,0.0,0.0,926.5,0.0
1,602200,VOLCANIC_ROCK_VOUCHER_9500,925.0,17.0,0.0,0.0,0.0,0.0,926,17,0.0,0.0,0.0,0.0,925.5,0.0
1,602300,VOLCANIC_ROCK_VOUCHER_9500,926.0,27.0,0.0,0.0,0.0,0.0,927,11,0.0,0.0,0.0,0.0,926.5,0.0
1,602400,VOLCANIC_ROCK_VOUCHER_9500,930.0,21.0,0.0,0.0,0.0,0.0,931,21,0.0,0.0,0.0,0.0,930.5,0.0
1,602500,VOLCANIC_ROCK_VOUCHER_9500,930.0,18.0,0.0,0.0,0.0,0.0,931,18,0.0,0.0,0.0,0.0,930.5,0.0
1,602600,VOLCANIC_ROCK_VOUCHER_9500,930.0,19.0,0.0,0.0,0.0,0.0,932,19,0.0,0.0,0.0,0.0,931.0,0.0
1,602700,VOLCANIC_ROCK_VOUCHER_9500,931.0,17.0,0.0,0.0,0.0,0.0,932,17,0.0,0.0,0.0,0.0,931.5,0.0
1,602800,VOLCANIC_ROCK_VOUCHER_9500,931.0,13.0,0.0,0.0,0.0,0.0,932,13,0.0,0.0,0.0,0.0,931.5,0.0
1,602900,VOLCANIC_ROCK_VOUCHER_9500,930.0,19.0,0.0,0.0,0.0,0.0,931,19,0.0,0.0,0.0,0.0,930.5,0.0
1,603000,VOLCANIC_ROCK_VOUCHER_9500,932.0,20.0,0.0,0.0,0.0,0.0,933,20,0.0,0.0,0.0,0.0,932.5,0.0
1,603100,VOLCANIC_ROCK_VOUCHER_9500,931.0,19.0,0.0,0.0,0.0,0.0,932,19,0.0,0.0,0.0,0.0,931.5,0.0
1,603200,VOLCANIC_ROCK_VOUCHER_9500,930.0,21.0,0.0,0.0,0.0,0.0,931,21,0.0,0.0,0.0,0.0,930.5,0.0
1,603300,VOLCANIC_ROCK_VOUCHER_9500,932.0,9.0,931.0,14.0,0.0,0.0,933,14,0.0,0.0,0.0,0.0,932.5,0.0
1,603400,VOLCANIC_ROCK_VOUCHER_9500,936.0,19.0,0.0,0.0,0.0,0.0,937,19,0.0,0.0,0.0,0.0,936.5,0.0
1,603500,VOLCANIC_ROCK_VOUCHER_9500,934.0,17.0,0.0,0.0,0.0,0.0,935,17,0.0,0.0,0.0,0.0,934.5,0.0
1,603600,VOLCANIC_ROCK_VOUCHER_9500,930.0,12.0,0.0,0.0,0.0,0.0,931,12,0.0,0.0,0.0,0.0,930.5,0.0
1,603700,VOLCANIC_ROCK_VOUCHER_9500,930.0,17.0,0.0,0.0,0.0,0.0,931,17,0.0,0.0,0.0,0.0,930.5,0.0
1,603800,VOLCANIC_ROCK_VOUCHER_9500,931.0,14.0,0.0,0.0,0.0,0.0,932,14,0.0,0.0,0.0,0.0,931.5,0.0
1,603900,VOLCANIC_ROCK_VOUCHER_9500,934.0,18.0,0.0,0.0,0.0,0.0,935,18,0.0,0.0,0.0,0.0,934.5,0.0
1,604000,VOLCANIC_ROCK_VOUCHER_9500,937.0,16.0,0.0,0.0,0.0,0.0,938,16,0.0,0.0,0.0,0.0,937.5,0.0
1,604100,VOLCANIC_ROCK_VOUCHER_9500,931.0,29.0,0.0,0.0,0.0,0.0,932,13,0.0,0.0,0.0,0.0,931.5,0.0
1,604200,VOLCANIC_ROCK_VOUCHER_9500,932.0,14.0,0.0,0.0,0.0,0.0,933,14,0.0,0.0,0.0,0.0,932.5,0.0
1,604300,VOLCANIC_ROCK_VOUCHER_9500,932.0,18.0,0.0,0.0,0.0,0.0,933,18,0.0,0.0,0.0,0.0,932.5,0.0
1,604400,VOLCANIC_ROCK_VOUCHER_9500,931.0,24.0,0.0,0.0,0.0,0.0,932,12,0.0,0.0,0.0,0.0,931.5,0.0
1,604500,VOLCANIC_ROCK_VOUCHER_9500,929.0,13.0,0.0,0.0,0.0,0.0,931,13,0.0,0.0,0.0,0.0,930.0,0.0
1,604600,VOLCANIC_ROCK_VOUCHER_9500,929.0,15.0,0.0,0.0,0.0,0.0,930,15,0.0,0.0,0.0,0.0,929.5,0.0
1,604700,VOLCANIC_ROCK_VOUCHER_9500,926.0,19.0,0.0,0.0,0.0,0.0,927,19,0.0,0.0,0.0,0.0,926.5,0.0
1,604800,VOLCANIC_ROCK_VOUCHER_9500,927.0,16.0,0.0,0.0,0.0,0.0,928,16,0.0,0.0,0.0,0.0,927.5,0.0
1,604900,VOLCANIC_ROCK_VOUCHER_9500,927.0,18.0,0.0,0.0,0.0,0.0,928,18,0.0,0.0,0.0,0.0,927.5,0.0
1,605000,VOLCANIC_ROCK_VOUCHER_9500,926.0,15.0,0.0,0.0,0.0,0.0,927,15,0.0,0.0,0.0,0.0,926.5,0.0
1,605100,VOLCANIC_ROCK_VOUCHER_9500,922.0,19.0,0.0,0.0,0.0,0.0,923,19,0.0,0.0,0.0,0.0,922.5,0.0
1,605200,VOLCANIC_ROCK_VOUCHER_9500,918.0,18.0,0.0,0.0,0.0,0.0,919,18,0.0,0.0,0.0,0.0,918.5,0.0
1,605300,VOLCANIC_ROCK_VOUCHER_9500,915.0,19.0,0.0,0.0,0.0,0.0,917,19,0.0,0.0,0.0,0.0,916.0,0.0
1,605400,VOLCANIC_ROCK_VOUCHER_9500,911.0,17.0,0.0,0.0,0.0,0.0,912,2,913.0,15.0,0.0,0.0,911.5,0.0
1,605500,VOLCANIC_ROCK_VOUCHER_9500,909.0,13.0,0.0,0.0,0.0,0.0,910,13,0.0,0.0,0.0,0.0,909.5,0.0
1,605600,VOLCANIC_ROCK_VOUCHER_9500,911.0,31.0,0.0,0.0,0.0,0.0,912,16,0.0,0.0,0.0,0.0,911.5,0.0
1,605700,VOLCANIC_ROCK_VOUCHER_9500,909.0,21.0,0.0,0.0,0.0,0.0,910,21,0.0,0.0,0.0,0.0,909.5,0.0
1,605800,VOLCANIC_ROCK_VOUCHER_9500,912.0,17.0,0.0,0.0,0.0,0.0,913,17,0.0,0.0,0.0,0.0,912.5,0.0
1,605900,VOLCANIC_ROCK_VOUCHER_9500,908.0,13.0,0.0,0.0,0.0,0.0,909,13,0.0,0.0,0.0,0.0,908.5,0.0
1,606000,VOLCANIC_ROCK_VOUCHER_9500,910.0,18.0,0.0,0.0,0.0,0.0,912,18,0.0,0.0,0.0,0.0,911.0,0.0
1,606100,VOLCANIC_ROCK_VOUCHER_9500,909.0,12.0,0.0,0.0,0.0,0.0,910,12,0.0,0.0,0.0,0.0,909.5,0.0
1,606200,VOLCANIC_ROCK_VOUCHER_9500,907.0,8.0,0.0,0.0,0.0,0.0,908,17,0.0,0.0,0.0,0.0,907.5,0.0
1,606300,VOLCANIC_ROCK_VOUCHER_9500,907.0,15.0,0.0,0.0,0.0,0.0,908,15,0.0,0.0,0.0,0.0,907.5,0.0
1,606400,VOLCANIC_ROCK_VOUCHER_9500,909.0,15.0,0.0,0.0,0.0,0.0,910,15,0.0,0.0,0.0,0.0,909.5,0.0
1,606500,VOLCANIC_ROCK_VOUCHER_9500,906.0,35.0,0.0,0.0,0.0,0.0,907,18,0.0,0.0,0.0,0.0,906.5,0.0
1,606600,VOLCANIC_ROCK_VOUCHER_9500,904.0,11.0,0.0,0.0,0.0,0.0,905,11,0.0,0.0,0.0,0.0,904.5,0.0
1,606700,VOLCANIC_ROCK_VOUCHER_9500,906.0,11.0,0.0,0.0,0.0,0.0,908,11,0.0,0.0,0.0,0.0,907.0,0.0
1,606800,VOLCANIC_ROCK_VOUCHER_9500,906.0,15.0,0.0,0.0,0.0,0.0,907,15,0.0,0.0,0.0,0.0,906.5,0.0
1,606900,VOLCANIC_ROCK_VOUCHER_9500,899.0,31.0,0.0,0.0,0.0,0.0,900,18,0.0,0.0,0.0,0.0,899.5,0.0
1,607000,VOLCANIC_ROCK_VOUCHER_9500,899.0,14.0,0.0,0.0,0.0,0.0,901,14,0.0,0.0,0.0,0.0,900.0,0.0
1,607100,VOLCANIC_ROCK_VOUCHER_9500,900.0,18.0,0.0,0.0,0.0,0.0,901,18,0.0,0.0,0.0,0.0,900.5,0.0
1,607200,VOLCANIC_ROCK_VOUCHER_9500,901.0,14.0,0.0,0.0,0.0,0.0,902,14,0.0,0.0,0.0,0.0,901.5,0.0
1,607300,VOLCANIC_ROCK_VOUCHER_9500,899.0,19.0,0.0,0.0,0.0,0.0,900,19,0.0,0.0,0.0,0.0,899.5,0.0
1,607400,VOLCANIC_ROCK_VOUCHER_9500,901.0,16.0,0.0,0.0,0.0,0.0,903,16,0.0,0.0,0.0,0.0,902.0,0.0
1,607500,VOLCANIC_ROCK_VOUCHER_9500,899.0,15.0,0.0,0.0,0.0,0.0,900,15,0.0,0.0,0.0,0.0,899.5,0.0
1,607600,VOLCANIC_ROCK_VOUCHER_9500,900.0,16.0,0.0,0.0,0.0,0.0,901,16,0.0,0.0,0.0,0.0,900.5,0.0
1,607700,VOLCANIC_ROCK_VOUCHER_9500,899.0,21.0,0.0,0.0,0.0,0.0,900,21,0.0,0.0,0.0,0.0,899.5,0.0
1,607800,VOLCANIC_ROCK_VOUCHER_9500,901.0,8.0,0.0,0.0,0.0,0.0,902,19,0.0,0.0,0.0,0.0,901.5,0.0
1,607900,VOLCANIC_ROCK_VOUCHER_9500,900.0,13.0,0.0,0.0,0.0,0.0,902,13,0.0,0.0,0.0,0.0,901.0,0.0
1,608000,VOLCANIC_ROCK_VOUCHER_9500,901.0,2.0,0.0,0.0,0.0,0.0,902,16,0.0,0.0,0.0,0.0,901.5,0.0
1,608100,VOLCANIC_ROCK_VOUCHER_9500,898.0,11.0,0.0,0.0,0.0,0.0,899,11,0.0,0.0,0.0,0.0,898.5,0.0
1,608200,VOLCANIC_ROCK_VOUCHER_9500,900.0,15.0,0.0,0.0,0.0,0.0,902,15,0.0,0.0,0.0,0.0,901.0,0.0
1,608300,VOLCANIC_ROCK_VOUCHER_9500,899.0,19.0,0.0,0.0,0.0,0.0,900,19,0.0,0.0,0.0,0.0,899.5,0.0
1,608400,VOLCANIC_ROCK_VOUCHER_9500,898.0,21.0,0.0,0.0,0.0,0.0,899,21,0.0,0.0,0.0,0.0,898.5,0.0
1,608500,VOLCANIC_ROCK_VOUCHER_9500,898.0,14.0,0.0,0.0,0.0,0.0,899,14,0.0,0.0,0.0,0.0,898.5,0.0
1,608600,VOLCANIC_ROCK_VOUCHER_9500,898.0,17.0,0.0,0.0,0.0,0.0,899,17,0.0,0.0,0.0,0.0,898.5,0.0
1,608700,VOLCANIC_ROCK_VOUCHER_9500,899.0,20.0,0.0,0.0,0.0,0.0,900,20,0.0,0.0,0.0,0.0,899.5,0.0
1,608800,VOLCANIC_ROCK_VOUCHER_9500,898.0,13.0,0.0,0.0,0.0,0.0,899,13,0.0,0.0,0.0,0.0,898.5,0.0
1,608900,VOLCANIC_ROCK_VOUCHER_9500,898.0,22.0,0.0,0.0,0.0,0.0,899,22,0.0,0.0,0.0,0.0,898.5,0.0
1,609000,VOLCANIC_ROCK_VOUCHER_9500,900.0,34.0,0.0,0.0,0.0,0.0,901,16,0.0,0.0,0.0,0.0,900.5,0.0
1,609100,VOLCANIC_ROCK_VOUCHER_9500,901.0,20.0,0.0,0.0,0.0,0.0,902,20,0.0,0.0,0.0,0.0,901.5,0.0
1,609200,VOLCANIC_ROCK_VOUCHER_9500,900.0,20.0,0.0,0.0,0.0,0.0,902,20,0.0,0.0,0.0,0.0,901.0,0.0
1,609300,VOLCANIC_ROCK_VOUCHER_9500,900.0,13.0,0.0,0.0,0.0,0.0,902,13,0.0,0.0,0.0,0.0,901.0,0.0
1,609400,VOLCANIC_ROCK_VOUCHER_9500,901.0,20.0,0.0,0.0,0.0,0.0,902,20,0.0,0.0,0.0,0.0,901.5,0.0
1,609500,VOLCANIC_ROCK_VOUCHER_9500,902.0,12.0,0.0,0.0,0.0,0.0,903,12,0.0,0.0,0.0,0.0,902.5,0.0
1,609600,VOLCANIC_ROCK_VOUCHER_9500,904.0,15.0,0.0,0.0,0.0,0.0,905,15,0.0,0.0,0.0,0.0,904.5,0.0
1,609700,VOLCANIC_ROCK_VOUCHER_9500,906.0,12.0,0.0,0.0,0.0,0.0,907,12,0.0,0.0,0.0,0.0,906.5,0.0
1,609800,VOLCANIC_ROCK_VOUCHER_9500,907.0,16.0,0.0,0.0,0.0,0.0,908,16,0.0,0.0,0.0,0.0,907.5,0.0
1,609900,VOLCANIC_ROCK_VOUCHER_9500,908.0,5.0,0.0,0.0,0.0,0.0,909,15,0.0,0.0,0.0,0.0,908.5,0.0
1,610000,VOLCANIC_ROCK_VOUCHER_9500,910.0,6.0,0.0,0.0,0.0,0.0,911,17,0.0,0.0,0.0,0.0,910.5,0.0
1,610100,VOLCANIC_ROCK_VOUCHER_9500,908.0,17.0,0.0,0.0,0.0,0.0,909,17,0.0,0.0,0.0,0.0,908.5,0.0
1,610200,VOLCANIC_ROCK_VOUCHER_9500,908.0,17.0,0.0,0.0,0.0,0.0,909,17,0.0,0.0,0.0,0.0,908.5,0.0
1,610300,VOLCANIC_ROCK_VOUCHER_9500,909.0,10.0,0.0,0.0,0.0,0.0,911,10,0.0,0.0,0.0,0.0,910.0,0.0
1,610400,VOLCANIC_ROCK_VOUCHER_9500,911.0,22.0,0.0,0.0,0.0,0.0,912,22,0.0,0.0,0.0,0.0,911.5,0.0
1,610500,VOLCANIC_ROCK_VOUCHER_9500,0.0,0.0,0.0,0.0,0.0,0.0,911,1,912.0,15.0,0.0,0.0,911.0,0.0
1,610600,VOLCANIC_ROCK_VOUCHER_9500,910.0,21.0,0.0,0.0,0.0,0.0,911,21,0.0,0.0,0.0,0.0,910.5,0.0
1,610700,VOLCANIC_ROCK_VOUCHER_9500,911.0,17.0,0.0,0.0,0.0,0.0,912,17,0.0,0.0,0.0,0.0,911.5,0.0
1,610800,VOLCANIC_ROCK_VOUCHER_9500,914.0,21.0,0.0,0.0,0.0,0.0,915,21,0.0,0.0,0.0,0.0,914.5,0.0
1,610900,VOLCANIC_ROCK_VOUCHER_9500,917.0,14.0,0.0,0.0,0.0,0.0,918,14,0.0,0.0,0.0,0.0,917.5,0.0
1,611000,VOLCANIC_ROCK_VOUCHER_9500,915.0,13.0,0.0,0.0,0.0,0.0,916,13,0.0,0.0,0.0,0.0,915.5,0.0
1,611100,VOLCANIC_ROCK_VOUCHER_9500,0.0,0.0,0.0,0.0,0.0,0.0,914,4,916.0,10.0,0.0,0.0,914.0,0.0
1,611200,VOLCANIC_ROCK_VOUCHER_9500,914.0,19.0,0.0,0.0,0.0,0.0,915,19,0.0,0.0,0.0,0.0,914.5,0.0
1,611300,VOLCANIC_ROCK_VOUCHER_9500,911.0,22.0,0.0,0.0,0.0,0.0,912,22,0.0,0.0,0.0,0.0,911.5,0.0
1,611400,VOLCANIC_ROCK_VOUCHER_9500,911.0,15.0,0.0,0.0,0.0,0.0,912,15,0.0,0.0,0.0,0.0,911.5,0.0
1,611500,VOLCANIC_ROCK_VOUCHER_9500,912.0,16.0,0.0,0.0,0.0,0.0,913,16,0.0,0.0,0.0,0.0,912.5,0.0
1,611600,VOLCANIC_ROCK_VOUCHER_9500,912.0,18.0,0.0,0.0,0.0,0.0,913,18,0.0,0.0,0.0,0.0,912.5,0.0
1,611700,VOLCANIC_ROCK_VOUCHER_9500,914.0,12.0,0.0,0.0,0.0,0.0,915,12,0.0,0.0,0.0,0.0,914.5,0.0
1,611800,VOLCANIC_ROCK_VOUCHER_9500,912.0,11.0,0.0,0.0,0.0,0.0,913,21,0.0,0.0,0.0,0.0,912.5,0.0
1,611900,VOLCANIC_ROCK_VOUCHER_9500,912.0,21.0,0.0,0.0,0.0,0.0,913,21,0.0,0.0,0.0,0.0,912.5,0.0
1,612000,VOLCANIC_ROCK_VOUCHER_9500,912.0,2.0,0.0,0.0,0.0,0.0,913,19,0.0,0.0,0.0,0.0,912.5,0.0
1,612100,VOLCANIC_ROCK_VOUCHER_9500,910.0,21.0,0.0,0.0,0.0,0.0,912,21,0.0,0.0,0.0,0.0,911.0,0.0
1,612200,VOLCANIC_ROCK_VOUCHER_9500,910.0,11.0,0.0,0.0,0.0,0.0,911,11,0.0,0.0,0.0,0.0,910.5,0.0
1,612300,VOLCANIC_ROCK_VOUCHER_9500,909.0,19.0,0.0,0.0,0.0,0.0,910,19,0.0,0.0,0.0,0.0,909.5,0.0
1,612400,VOLCANIC_ROCK_VOUCHER_9500,907.0,22.0,0.0,0.0,0.0,0.0,908,22,0.0,0.0,0.0,0.0,907.5,0.0
1,612500,VOLCANIC_ROCK_VOUCHER_9500,906.0,12.0,0.0,0.0,0.0,0.0,907,12,0.0,0.0,0.0,0.0,906.5,0.0
1,612600,VOLCANIC_ROCK_VOUCHER_9500,903.0,19.0,0.0,0.0,0.0,0.0,904,19,0.0,0.0,0.0,0.0,903.5,0.0
1,612700,VOLCANIC_ROCK_VOUCHER_9500,903.0,19.0,0.0,0.0,0.0,0.0,904,19,0.0,0.0,0.0,0.0,903.5,0.0
1,612800,VOLCANIC_ROCK_VOUCHER_9500,903.0,12.0,0.0,0.0,0.0,0.0,904,12,0.0,0.0,0.0,0.0,903.5,0.0
1,612900,VOLCANIC_ROCK_VOUCHER_9500,905.0,18.0,0.0,0.0,0.0,0.0,906,18,0.0,0.0,0.0,0.0,905.5,0.0
1,613000,VOLCANIC_ROCK_VOUCHER_9500,911.0,10.0,0.0,0.0,0.0,0.0,912,10,0.0,0.0,0.0,0.0,911.5,0.0
1,613100,VOLCANIC_ROCK_VOUCHER_9500,910.0,21.0,0.0,0.0,0.0,0.0,911,21,0.0,0.0,0.0,0.0,910.5,0.0
1,613200,VOLCANIC_ROCK_VOUCHER_9500,908.0,16.0,0.0,0.0,0.0,0.0,910,16,0.0,0.0,0.0,0.0,909.0,0.0
1,613300,VOLCANIC_ROCK_VOUCHER_9500,906.0,18.0,0.0,0.0,0.0,0.0,907,18,0.0,0.0,0.0,0.0,906.5,0.0
1,613400,VOLCANIC_ROCK_VOUCHER_9500,907.0,14.0,0.0,0.0,0.0,0.0,909,14,0.0,0.0,0.0,0.0,908.0,0.0
1,613500,VOLCANIC_ROCK_VOUCHER_9500,907.0,27.0,0.0,0.0,0.0,0.0,908,21,0.0,0.0,0.0,0.0,907.5,0.0
1,613600,VOLCANIC_ROCK_VOUCHER_9500,902.0,1.0,0.0,0.0,0.0,0.0,903,12,0.0,0.0,0.0,0.0,902.5,0.0
1,613700,VOLCANIC_ROCK_VOUCHER_9500,894.0,16.0,0.0,0.0,0.0,0.0,895,16,0.0,0.0,0.0,0.0,894.5,0.0
1,613800,VOLCANIC_ROCK_VOUCHER_9500,894.0,19.0,0.0,0.0,0.0,0.0,895,19,0.0,0.0,0.0,0.0,894.5,0.0
1,613900,VOLCANIC_ROCK_VOUCHER_9500,896.0,14.0,0.0,0.0,0.0,0.0,897,14,0.0,0.0,0.0,0.0,896.5,0.0
1,614000,VOLCANIC_ROCK_VOUCHER_9500,895.0,16.0,0.0,0.0,0.0,0.0,896,16,0.0,0.0,0.0,0.0,895.5,0.0
1,614100,VOLCANIC_ROCK_VOUCHER_9500,891.0,10.0,0.0,0.0,0.0,0.0,892,10,0.0,0.0,0.0,0.0,891.5,0.0
1,614200,VOLCANIC_ROCK_VOUCHER_9500,891.0,12.0,0.0,0.0,0.0,0.0,892,12,0.0,0.0,0.0,0.0,891.5,0.0
1,614300,VOLCANIC_ROCK_VOUCHER_9500,896.0,19.0,0.0,0.0,0.0,0.0,897,19,0.0,0.0,0.0,0.0,896.5,0.0
1,614400,VOLCANIC_ROCK_VOUCHER_9500,892.0,15.0,0.0,0.0,0.0,0.0,893,15,0.0,0.0,0.0,0.0,892.5,0.0
1,614500,VOLCANIC_ROCK_VOUCHER_9500,891.0,14.0,0.0,0.0,0.0,0.0,893,14,0.0,0.0,0.0,0.0,892.0,0.0
1,614600,VOLCANIC_ROCK_VOUCHER_9500,897.0,7.0,0.0,0.0,0.0,0.0,898,20,0.0,0.0,0.0,0.0,897.5,0.0
1,614700,VOLCANIC_ROCK_VOUCHER_9500,898.0,14.0,0.0,0.0,0.0,0.0,899,14,0.0,0.0,0.0,0.0,898.5,0.0
1,614800,VOLCANIC_ROCK_VOUCHER_9500,895.0,16.0,0.0,0.0,0.0,0.0,897,16,0.0,0.0,0.0,0.0,896.0,0.0
1,614900,VOLCANIC_ROCK_VOUCHER_9500,898.0,21.0,0.0,0.0,0.0,0.0,899,21,0.0,0.0,0.0,0.0,898.5,0.0
1,615000,VOLCANIC_ROCK_VOUCHER_9500,899.0,14.0,0.0,0.0,0.0,0.0,900,14,0.0,0.0,0.0,0.0,899.5,0.0
1,615100,VOLCANIC_ROCK_VOUCHER_9500,901.0,25.0,0.0,0.0,0.0,0.0,902,12,0.0,0.0,0.0,0.0,901.5,0.0
1,615200,VOLCANIC_ROCK_VOUCHER_9500,904.0,16.0,0.0,0.0,0.0,0.0,905,16,0.0,0.0,0.0,0.0,904.5,0.0
1,615300,VOLCANIC_ROCK_VOUCHER_9500,902.0,19.0,0.0,0.0,0.0,0.0,903,19,0.0,0.0,0.0,0.0,902.5,0.0
1,615400,VOLCANIC_ROCK_VOUCHER_9500,908.0,21.0,0.0,0.0,0.0,0.0,909,21,0.0,0.0,0.0,0.0,908.5,0.0
1,615500,VOLCANIC_ROCK_VOUCHER_9500,912.0,16.0,0.0,0.0,0.0,0.0,913,16,0.0,0.0,0.0,0.0,912.5,0.0
1,615600,VOLCANIC_ROCK_VOUCHER_9500,909.0,21.0,0.0,0.0,0.0,0.0,910,21,0.0,0.0,0.0,0.0,909.5,0.0
1,615700,VOLCANIC_ROCK_VOUCHER_9500,905.0,19.0,0.0,0.0,0.0,0.0,906,19,0.0,0.0,0.0,0.0,905.5,0.0
1,615800,VOLCANIC_ROCK_VOUCHER_9500,903.0,21.0,0.0,0.0,0.0,0.0,904,21,0.0,0.0,0.0,0.0,903.5,0.0
1,615900,VOLCANIC_ROCK_VOUCHER_9500,903.0,17.0,0.0,0.0,0.0,0.0,904,17,0.0,0.0,0.0,0.0,903.5,0.0
1,616000,VOLCANIC_ROCK_VOUCHER_9500,905.0,18.0,0.0,0.0,0.0,0.0,906,18,0.0,0.0,0.0,0.0,905.5,0.0
1,616100,VOLCANIC_ROCK_VOUCHER_9500,906.0,12.0,0.0,0.0,0.0,0.0,907,12,0.0,0.0,0.0,0.0,906.5,0.0
1,616200,VOLCANIC_ROCK_VOUCHER_9500,906.0,20.0,0.0,0.0,0.0,0.0,907,20,0.0,0.0,0.0,0.0,906.5,0.0
1,616300,VOLCANIC_ROCK_VOUCHER_9500,907.0,12.0,0.0,0.0,0.0,0.0,908,12,0.0,0.0,0.0,0.0,907.5,0.0
1,616400,VOLCANIC_ROCK_VOUCHER_9500,907.0,15.0,0.0,0.0,0.0,0.0,909,15,0.0,0.0,0.0,0.0,908.0,0.0
1,616500,VOLCANIC_ROCK_VOUCHER_9500,902.0,21.0,0.0,0.0,0.0,0.0,903,21,0.0,0.0,0.0,0.0,902.5,0.0
1,616600,VOLCANIC_ROCK_VOUCHER_9500,897.0,15.0,0.0,0.0,0.0,0.0,899,15,0.0,0.0,0.0,0.0,898.0,0.0
1,616700,VOLCANIC_ROCK_VOUCHER_9500,900.0,13.0,0.0,0.0,0.0,0.0,901,13,0.0,0.0,0.0,0.0,900.5,0.0
1,616800,VOLCANIC_ROCK_VOUCHER_9500,901.0,32.0,0.0,0.0,0.0,0.0,902,18,0.0,0.0,0.0,0.0,901.5,0.0
1,616900,VOLCANIC_ROCK_VOUCHER_9500,898.0,13.0,0.0,0.0,0.0,0.0,899,13,0.0,0.0,0.0,0.0,898.5,0.0
1,617000,VOLCANIC_ROCK_VOUCHER_9500,901.0,20.0,0.0,0.0,0.0,0.0,902,20,0.0,0.0,0.0,0.0,901.5,0.0
1,617100,VOLCANIC_ROCK_VOUCHER_9500,903.0,10.0,0.0,0.0,0.0,0.0,904,20,0.0,0.0,0.0,0.0,903.5,0.0
1,617200,VOLCANIC_ROCK_VOUCHER_9500,907.0,1.0,906.0,16.0,0.0,0.0,908,17,0.0,0.0,0.0,0.0,907.5,0.0
1,617300,VOLCANIC_ROCK_VOUCHER_9500,907.0,12.0,0.0,0.0,0.0,0.0,908,12,0.0,0.0,0.0,0.0,907.5,0.0
1,617400,VOLCANIC_ROCK_VOUCHER_9500,907.0,21.0,0.0,0.0,0.0,0.0,908,21,0.0,0.0,0.0,0.0,907.5,0.0
1,617500,VOLCANIC_ROCK_VOUCHER_9500,906.0,21.0,0.0,0.0,0.0,0.0,907,21,0.0,0.0,0.0,0.0,906.5,0.0
1,617600,VOLCANIC_ROCK_VOUCHER_9500,0.0,0.0,0.0,0.0,0.0,0.0,906,19,0.0,0.0,0.0,0.0,906.0,0.0
1,617700,VOLCANIC_ROCK_VOUCHER_9500,905.0,14.0,0.0,0.0,0.0,0.0,906,14,0.0,0.0,0.0,0.0,905.5,0.0
1,617800,VOLCANIC_ROCK_VOUCHER_9500,906.0,13.0,0.0,0.0,0.0,0.0,907,13,0.0,0.0,0.0,0.0,906.5,0.0
1,617900,VOLCANIC_ROCK_VOUCHER_9500,907.0,10.0,0.0,0.0,0.0,0.0,908,10,0.0,0.0,0.0,0.0,907.5,0.0
1,618000,VOLCANIC_ROCK_VOUCHER_9500,912.0,2.0,911.0,13.0,0.0,0.0,913,15,0.0,0.0,0.0,0.0,912.5,0.0
1,618100,VOLCANIC_ROCK_VOUCHER_9500,915.0,21.0,0.0,0.0,0.0,0.0,916,21,0.0,0.0,0.0,0.0,915.5,0.0
1,618200,VOLCANIC_ROCK_VOUCHER_9500,914.0,12.0,0.0,0.0,0.0,0.0,915,12,0.0,0.0,0.0,0.0,914.5,0.0
1,618300,VOLCANIC_ROCK_VOUCHER_9500,914.0,12.0,0.0,0.0,0.0,0.0,915,12,0.0,0.0,0.0,0.0,914.5,0.0
1,618400,VOLCANIC_ROCK_VOUCHER_9500,916.0,26.0,0.0,0.0,0.0,0.0,917,13,0.0,0.0,0.0,0.0,916.5,0.0
1,618500,VOLCANIC_ROCK_VOUCHER_9500,917.0,5.0,0.0,0.0,0.0,0.0,918,21,0.0,0.0,0.0,0.0,917.5,0.0
1,618600,VOLCANIC_ROCK_VOUCHER_9500,917.0,11.0,0.0,0.0,0.0,0.0,918,11,0.0,0.0,0.0,0.0,917.5,0.0
1,618700,VOLCANIC_ROCK_VOUCHER_9500,917.0,15.0,0.0,0.0,0.0,0.0,918,15,0.0,0.0,0.0,0.0,917.5,0.0
1,618800,VOLCANIC_ROCK_VOUCHER_9500,917.0,13.0,0.0,0.0,0.0,0.0,919,13,0.0,0.0,0.0,0.0,918.0,0.0
1,618900,VOLCANIC_ROCK_VOUCHER_9500,913.0,1.0,912.0,13.0,0.0,0.0,914,14,0.0,0.0,0.0,0.0,913.5,0.0
1,619000,VOLCANIC_ROCK_VOUCHER_9500,910.0,15.0,0.0,0.0,0.0,0.0,911,15,0.0,0.0,0.0,0.0,910.5,0.0
1,619100,VOLCANIC_ROCK_VOUCHER_9500,912.0,15.0,0.0,0.0,0.0,0.0,913,15,0.0,0.0,0.0,0.0,912.5,0.0
1,619200,VOLCANIC_ROCK_VOUCHER_9500,913.0,32.0,0.0,0.0,0.0,0.0,914,22,0.0,0.0,0.0,0.0,913.5,0.0
1,619300,VOLCANIC_ROCK_VOUCHER_9500,914.0,21.0,0.0,0.0,0.0,0.0,915,2,916.0,19.0,0.0,0.0,914.5,0.0
1,619400,VOLCANIC_ROCK_VOUCHER_9500,914.0,21.0,0.0,0.0,0.0,0.0,915,21,0.0,0.0,0.0,0.0,914.5,0.0
1,619500,VOLCANIC_ROCK_VOUCHER_9500,912.0,15.0,0.0,0.0,0.0,0.0,914,15,0.0,0.0,0.0,0.0,913.0,0.0
1,619600,VOLCANIC_ROCK_VOUCHER_9500,910.0,15.0,0.0,0.0,0.0,0.0,912,15,0.0,0.0,0.0,0.0,911.0,0.0
1,619700,VOLCANIC_ROCK_VOUCHER_9500,912.0,20.0,0.0,0.0,0.0,0.0,913,20,0.0,0.0,0.0,0.0,912.5,0.0
1,619800,VOLCANIC_ROCK_VOUCHER_9500,911.0,11.0,0.0,0.0,0.0,0.0,912,11,0.0,0.0,0.0,0.0,911.5,0.0
1,619900,VOLCANIC_ROCK_VOUCHER_9500,911.0,9.0,910.0,13.0,0.0,0.0,912,13,0.0,0.0,0.0,0.0,911.5,0.0
1,620000,VOLCANIC_ROCK_VOUCHER_9500,908.0,14.0,0.0,0.0,0.0,0.0,910,14,0.0,0.0,0.0,0.0,909.0,0.0
1,620100,VOLCANIC_ROCK_VOUCHER_9500,905.0,8.0,0.0,0.0,0.0,0.0,906,20,0.0,0.0,0.0,0.0,905.5,0.0
1,620200,VOLCANIC_ROCK_VOUCHER_9500,909.0,13.0,0.0,0.0,0.0,0.0,910,13,0.0,0.0,0.0,0.0,909.5,0.0
1,620300,VOLCANIC_ROCK_VOUCHER_9500,902.0,14.0,0.0,0.0,0.0,0.0,903,14,0.0,0.0,0.0,0.0,902.5,0.0
1,620400,VOLCANIC_ROCK_VOUCHER_9500,904.0,11.0,0.0,0.0,0.0,0.0,905,11,0.0,0.0,0.0,0.0,904.5,0.0
1,620500,VOLCANIC_ROCK_VOUCHER_9500,904.0,13.0,0.0,0.0,0.0,0.0,905,13,0.0,0.0,0.0,0.0,904.5,0.0
1,620600,VOLCANIC_ROCK_VOUCHER_9500,908.0,17.0,0.0,0.0,0.0,0.0,909,17,0.0,0.0,0.0,0.0,908.5,0.0
1,620700,VOLCANIC_ROCK_VOUCHER_9500,909.0,15.0,0.0,0.0,0.0,0.0,910,15,0.0,0.0,0.0,0.0,909.5,0.0
1,620800,VOLCANIC_ROCK_VOUCHER_9500,911.0,21.0,0.0,0.0,0.0,0.0,912,21,0.0,0.0,0.0,0.0,911.5,0.0
1,620900,VOLCANIC_ROCK_VOUCHER_9500,916.0,11.0,0.0,0.0,0.0,0.0,917,11,0.0,0.0,0.0,0.0,916.5,0.0
1,621000,VOLCANIC_ROCK_VOUCHER_9500,919.0,13.0,0.0,0.0,0.0,0.0,920,13,0.0,0.0,0.0,0.0,919.5,0.0
1,621100,VOLCANIC_ROCK_VOUCHER_9500,924.0,20.0,0.0,0.0,0.0,0.0,925,20,0.0,0.0,0.0,0.0,924.5,0.0
1,621200,VOLCANIC_ROCK_VOUCHER_9500,919.0,12.0,0.0,0.0,0.0,0.0,920,12,0.0,0.0,0.0,0.0,919.5,0.0
1,621300,VOLCANIC_ROCK_VOUCHER_9500,917.0,21.0,0.0,0.0,0.0,0.0,918,21,0.0,0.0,0.0,0.0,917.5,0.0
1,621400,VOLCANIC_ROCK_VOUCHER_9500,922.0,21.0,0.0,0.0,0.0,0.0,923,21,0.0,0.0,0.0,0.0,922.5,0.0
1,621500,VOLCANIC_ROCK_VOUCHER_9500,926.0,18.0,0.0,0.0,0.0,0.0,927,18,0.0,0.0,0.0,0.0,926.5,0.0
1,621600,VOLCANIC_ROCK_VOUCHER_9500,929.0,21.0,0.0,0.0,0.0,0.0,930,21,0.0,0.0,0.0,0.0,929.5,0.0
1,621700,VOLCANIC_ROCK_VOUCHER_9500,932.0,19.0,0.0,0.0,0.0,0.0,933,19,0.0,0.0,0.0,0.0,932.5,0.0
1,621800,VOLCANIC_ROCK_VOUCHER_9500,932.0,15.0,0.0,0.0,0.0,0.0,933,15,0.0,0.0,0.0,0.0,932.5,0.0
1,621900,VOLCANIC_ROCK_VOUCHER_9500,933.0,16.0,0.0,0.0,0.0,0.0,934,16,0.0,0.0,0.0,0.0,933.5,0.0
1,622000,VOLCANIC_ROCK_VOUCHER_9500,933.0,19.0,0.0,0.0,0.0,0.0,934,19,0.0,0.0,0.0,0.0,933.5,0.0
1,622100,VOLCANIC_ROCK_VOUCHER_9500,934.0,12.0,0.0,0.0,0.0,0.0,935,12,0.0,0.0,0.0,0.0,934.5,0.0
1,622200,VOLCANIC_ROCK_VOUCHER_9500,936.0,21.0,0.0,0.0,0.0,0.0,937,21,0.0,0.0,0.0,0.0,936.5,0.0
1,622300,VOLCANIC_ROCK_VOUCHER_9500,938.0,29.0,0.0,0.0,0.0,0.0,939,14,0.0,0.0,0.0,0.0,938.5,0.0
1,622400,VOLCANIC_ROCK_VOUCHER_9500,939.0,12.0,0.0,0.0,0.0,0.0,940,12,0.0,0.0,0.0,0.0,939.5,0.0
1,622500,VOLCANIC_ROCK_VOUCHER_9500,940.0,16.0,0.0,0.0,0.0,0.0,942,16,0.0,0.0,0.0,0.0,941.0,0.0
1,622600,VOLCANIC_ROCK_VOUCHER_9500,940.0,14.0,0.0,0.0,0.0,0.0,941,14,0.0,0.0,0.0,0.0,940.5,0.0
1,622700,VOLCANIC_ROCK_VOUCHER_9500,935.0,14.0,0.0,0.0,0.0,0.0,936,14,0.0,0.0,0.0,0.0,935.5,0.0
1,622800,VOLCANIC_ROCK_VOUCHER_9500,934.0,22.0,0.0,0.0,0.0,0.0,935,22,0.0,0.0,0.0,0.0,934.5,0.0
1,622900,VOLCANIC_ROCK_VOUCHER_9500,936.0,1.0,0.0,0.0,0.0,0.0,937,17,0.0,0.0,0.0,0.0,936.5,0.0
1,623000,VOLCANIC_ROCK_VOUCHER_9500,937.0,17.0,0.0,0.0,0.0,0.0,938,17,0.0,0.0,0.0,0.0,937.5,0.0
1,623100,VOLCANIC_ROCK_VOUCHER_9500,937.0,18.0,0.0,0.0,0.0,0.0,938,18,0.0,0.0,0.0,0.0,937.5,0.0
1,623200,VOLCANIC_ROCK_VOUCHER_9500,943.0,16.0,0.0,0.0,0.0,0.0,944,16,0.0,0.0,0.0,0.0,943.5,0.0
1,623300,VOLCANIC_ROCK_VOUCHER_9500,940.0,14.0,0.0,0.0,0.0,0.0,941,14,0.0,0.0,0.0,0.0,940.5,0.0
1,623400,VOLCANIC_ROCK_VOUCHER_9500,933.0,12.0,0.0,0.0,0.0,0.0,934,12,0.0,0.0,0.0,0.0,933.5,0.0
1,623500,VOLCANIC_ROCK_VOUCHER_9500,934.0,14.0,0.0,0.0,0.0,0.0,936,14,0.0,0.0,0.0,0.0,935.0,0.0
1,623600,VOLCANIC_ROCK_VOUCHER_9500,923.0,15.0,0.0,0.0,0.0,0.0,925,15,0.0,0.0,0.0,0.0,924.0,0.0
1,623700,VOLCANIC_ROCK_VOUCHER_9500,930.0,13.0,0.0,0.0,0.0,0.0,931,13,0.0,0.0,0.0,0.0,930.5,0.0
1,623800,VOLCANIC_ROCK_VOUCHER_9500,927.0,16.0,0.0,0.0,0.0,0.0,928,16,0.0,0.0,0.0,0.0,927.5,0.0
1,623900,VOLCANIC_ROCK_VOUCHER_9500,923.0,20.0,0.0,0.0,0.0,0.0,924,20,0.0,0.0,0.0,0.0,923.5,0.0
1,624000,VOLCANIC_ROCK_VOUCHER_9500,926.0,13.0,0.0,0.0,0.0,0.0,928,13,0.0,0.0,0.0,0.0,927.0,0.0
1,624100,VOLCANIC_ROCK_VOUCHER_9500,926.0,16.0,0.0,0.0,0.0,0.0,927,16,0.0,0.0,0.0,0.0,926.5,0.0
1,624200,VOLCANIC_ROCK_VOUCHER_9500,925.0,21.0,0.0,0.0,0.0,0.0,926,21,0.0,0.0,0.0,0.0,925.5,0.0
1,624300,VOLCANIC_ROCK_VOUCHER_9500,921.0,12.0,0.0,0.0,0.0,0.0,922,12,0.0,0.0,0.0,0.0,921.5,0.0
1,624400,VOLCANIC_ROCK_VOUCHER_9500,918.0,12.0,0.0,0.0,0.0,0.0,920,12,0.0,0.0,0.0,0.0,919.0,0.0
1,624500,VOLCANIC_ROCK_VOUCHER_9500,920.0,17.0,0.0,0.0,0.0,0.0,921,17,0.0,0.0,0.0,0.0,920.5,0.0
1,624600,VOLCANIC_ROCK_VOUCHER_9500,920.0,21.0,0.0,0.0,0.0,0.0,921,21,0.0,0.0,0.0,0.0,920.5,0.0
1,624700,VOLCANIC_ROCK_VOUCHER_9500,920.0,20.0,0.0,0.0,0.0,0.0,921,20,0.0,0.0,0.0,0.0,920.5,0.0
1,624800,VOLCANIC_ROCK_VOUCHER_9500,919.0,20.0,0.0,0.0,0.0,0.0,920,20,0.0,0.0,0.0,0.0,919.5,0.0
1,624900,VOLCANIC_ROCK_VOUCHER_9500,920.0,20.0,0.0,0.0,0.0,0.0,921,20,0.0,0.0,0.0,0.0,920.5,0.0
1,625000,VOLCANIC_ROCK_VOUCHER_9500,921.0,18.0,0.0,0.0,0.0,0.0,922,18,0.0,0.0,0.0,0.0,921.5,0.0
1,625100,VOLCANIC_ROCK_VOUCHER_9500,921.0,37.0,0.0,0.0,0.0,0.0,922,22,0.0,0.0,0.0,0.0,921.5,0.0
1,625200,VOLCANIC_ROCK_VOUCHER_9500,921.0,16.0,0.0,0.0,0.0,0.0,922,16,0.0,0.0,0.0,0.0,921.5,0.0
1,625300,VOLCANIC_ROCK_VOUCHER_9500,922.0,35.0,0.0,0.0,0.0,0.0,923,17,0.0,0.0,0.0,0.0,922.5,0.0
1,625400,VOLCANIC_ROCK_VOUCHER_9500,925.0,12.0,0.0,0.0,0.0,0.0,926,12,0.0,0.0,0.0,0.0,925.5,0.0
1,625500,VOLCANIC_ROCK_VOUCHER_9500,924.0,15.0,0.0,0.0,0.0,0.0,925,15,0.0,0.0,0.0,0.0,924.5,0.0
1,625600,VOLCANIC_ROCK_VOUCHER_9500,921.0,17.0,0.0,0.0,0.0,0.0,923,17,0.0,0.0,0.0,0.0,922.0,0.0
1,625700,VOLCANIC_ROCK_VOUCHER_9500,925.0,18.0,0.0,0.0,0.0,0.0,926,18,0.0,0.0,0.0,0.0,925.5,0.0
1,625800,VOLCANIC_ROCK_VOUCHER_9500,923.0,13.0,0.0,0.0,0.0,0.0,924,13,0.0,0.0,0.0,0.0,923.5,0.0
1,625900,VOLCANIC_ROCK_VOUCHER_9500,923.0,13.0,0.0,0.0,0.0,0.0,924,13,0.0,0.0,0.0,0.0,923.5,0.0
1,626000,VOLCANIC_ROCK_VOUCHER_9500,922.0,21.0,0.0,0.0,0.0,0.0,923,21,0.0,0.0,0.0,0.0,922.5,0.0
1,626100,VOLCANIC_ROCK_VOUCHER_9500,920.0,20.0,0.0,0.0,0.0,0.0,921,20,0.0,0.0,0.0,0.0,920.5,0.0
1,626200,VOLCANIC_ROCK_VOUCHER_9500,915.0,16.0,0.0,0.0,0.0,0.0,916,16,0.0,0.0,0.0,0.0,915.5,0.0
1,626300,VOLCANIC_ROCK_VOUCHER_9500,917.0,19.0,0.0,0.0,0.0,0.0,918,19,0.0,0.0,0.0,0.0,917.5,0.0
1,626400,VOLCANIC_ROCK_VOUCHER_9500,918.0,19.0,0.0,0.0,0.0,0.0,919,19,0.0,0.0,0.0,0.0,918.5,0.0
1,626500,VOLCANIC_ROCK_VOUCHER_9500,915.0,17.0,0.0,0.0,0.0,0.0,916,17,0.0,0.0,0.0,0.0,915.5,0.0
1,626600,VOLCANIC_ROCK_VOUCHER_9500,916.0,28.0,0.0,0.0,0.0,0.0,917,15,0.0,0.0,0.0,0.0,916.5,0.0
1,626700,VOLCANIC_ROCK_VOUCHER_9500,915.0,14.0,0.0,0.0,0.0,0.0,916,14,0.0,0.0,0.0,0.0,915.5,0.0
1,626800,VOLCANIC_ROCK_VOUCHER_9500,918.0,21.0,0.0,0.0,0.0,0.0,919,21,0.0,0.0,0.0,0.0,918.5,0.0
1,626900,VOLCANIC_ROCK_VOUCHER_9500,915.0,16.0,0.0,0.0,0.0,0.0,916,16,0.0,0.0,0.0,0.0,915.5,0.0
1,627000,VOLCANIC_ROCK_VOUCHER_9500,914.0,25.0,0.0,0.0,0.0,0.0,915,13,0.0,0.0,0.0,0.0,914.5,0.0
1,627100,VOLCANIC_ROCK_VOUCHER_9500,907.0,11.0,0.0,0.0,0.0,0.0,908,11,0.0,0.0,0.0,0.0,907.5,0.0
1,627200,VOLCANIC_ROCK_VOUCHER_9500,912.0,20.0,0.0,0.0,0.0,0.0,913,20,0.0,0.0,0.0,0.0,912.5,0.0
1,627300,VOLCANIC_ROCK_VOUCHER_9500,912.0,13.0,0.0,0.0,0.0,0.0,913,13,0.0,0.0,0.0,0.0,912.5,0.0
1,627400,VOLCANIC_ROCK_VOUCHER_9500,910.0,18.0,0.0,0.0,0.0,0.0,912,18,0.0,0.0,0.0,0.0,911.0,0.0
1,627500,VOLCANIC_ROCK_VOUCHER_9500,0.0,0.0,0.0,0.0,0.0,0.0,914,2,915.0,18.0,0.0,0.0,914.0,0.0
1,627600,VOLCANIC_ROCK_VOUCHER_9500,919.0,17.0,0.0,0.0,0.0,0.0,920,17,0.0,0.0,0.0,0.0,919.5,0.0
1,627700,VOLCANIC_ROCK_VOUCHER_9500,921.0,19.0,0.0,0.0,0.0,0.0,922,19,0.0,0.0,0.0,0.0,921.5,0.0
1,627800,VOLCANIC_ROCK_VOUCHER_9500,919.0,20.0,0.0,0.0,0.0,0.0,920,20,0.0,0.0,0.0,0.0,919.5,0.0
1,627900,VOLCANIC_ROCK_VOUCHER_9500,919.0,12.0,0.0,0.0,0.0,0.0,920,12,0.0,0.0,0.0,0.0,919.5,0.0
1,628000,VOLCANIC_ROCK_VOUCHER_9500,925.0,12.0,0.0,0.0,0.0,0.0,926,12,0.0,0.0,0.0,0.0,925.5,0.0
1,628100,VOLCANIC_ROCK_VOUCHER_9500,930.0,18.0,0.0,0.0,0.0,0.0,932,18,0.0,0.0,0.0,0.0,931.0,0.0
1,628200,VOLCANIC_ROCK_VOUCHER_9500,940.0,18.0,0.0,0.0,0.0,0.0,941,18,0.0,0.0,0.0,0.0,940.5,0.0
1,628300,VOLCANIC_ROCK_VOUCHER_9500,936.0,21.0,0.0,0.0,0.0,0.0,937,21,0.0,0.0,0.0,0.0,936.5,0.0
1,628400,VOLCANIC_ROCK_VOUCHER_9500,941.0,10.0,0.0,0.0,0.0,0.0,943,10,0.0,0.0,0.0,0.0,942.0,0.0
1,628500,VOLCANIC_ROCK_VOUCHER_9500,939.0,15.0,0.0,0.0,0.0,0.0,940,15,0.0,0.0,0.0,0.0,939.5,0.0
1,628600,VOLCANIC_ROCK_VOUCHER_9500,934.0,12.0,0.0,0.0,0.0,0.0,936,12,0.0,0.0,0.0,0.0,935.0,0.0
1,628700,VOLCANIC_ROCK_VOUCHER_9500,929.0,16.0,0.0,0.0,0.0,0.0,930,16,0.0,0.0,0.0,0.0,929.5,0.0
1,628800,VOLCANIC_ROCK_VOUCHER_9500,936.0,16.0,0.0,0.0,0.0,0.0,937,16,0.0,0.0,0.0,0.0,936.5,0.0
1,628900,VOLCANIC_ROCK_VOUCHER_9500,937.0,21.0,0.0,0.0,0.0,0.0,938,21,0.0,0.0,0.0,0.0,937.5,0.0
1,629000,VOLCANIC_ROCK_VOUCHER_9500,0.0,0.0,0.0,0.0,0.0,0.0,941,1,942.0,14.0,0.0,0.0,941.0,0.0
1,629100,VOLCANIC_ROCK_VOUCHER_9500,938.0,18.0,0.0,0.0,0.0,0.0,939,18,0.0,0.0,0.0,0.0,938.5,0.0
1,629200,VOLCANIC_ROCK_VOUCHER_9500,941.0,21.0,0.0,0.0,0.0,0.0,942,21,0.0,0.0,0.0,0.0,941.5,0.0
1,629300,VOLCANIC_ROCK_VOUCHER_9500,947.0,18.0,0.0,0.0,0.0,0.0,948,18,0.0,0.0,0.0,0.0,947.5,0.0
1,629400,VOLCANIC_ROCK_VOUCHER_9500,950.0,20.0,0.0,0.0,0.0,0.0,952,20,0.0,0.0,0.0,0.0,951.0,0.0
1,629500,VOLCANIC_ROCK_VOUCHER_9500,944.0,16.0,0.0,0.0,0.0,0.0,945,16,0.0,0.0,0.0,0.0,944.5,0.0
1,629600,VOLCANIC_ROCK_VOUCHER_9500,948.0,16.0,0.0,0.0,0.0,0.0,949,16,0.0,0.0,0.0,0.0,948.5,0.0
1,629700,VOLCANIC_ROCK_VOUCHER_9500,945.0,16.0,0.0,0.0,0.0,0.0,946,16,0.0,0.0,0.0,0.0,945.5,0.0
1,629800,VOLCANIC_ROCK_VOUCHER_9500,945.0,19.0,0.0,0.0,0.0,0.0,946,19,0.0,0.0,0.0,0.0,945.5,0.0
1,629900,VOLCANIC_ROCK_VOUCHER_9500,946.0,20.0,0.0,0.0,0.0,0.0,947,20,0.0,0.0,0.0,0.0,946.5,0.0
1,630000,VOLCANIC_ROCK_VOUCHER_9500,946.0,12.0,0.0,0.0,0.0,0.0,948,12,0.0,0.0,0.0,0.0,947.0,0.0
1,630100,VOLCANIC_ROCK_VOUCHER_9500,954.0,5.0,0.0,0.0,0.0,0.0,955,20,0.0,0.0,0.0,0.0,954.5,0.0
1,630200,VOLCANIC_ROCK_VOUCHER_9500,952.0,15.0,0.0,0.0,0.0,0.0,954,15,0.0,0.0,0.0,0.0,953.0,0.0
1,630300,VOLCANIC_ROCK_VOUCHER_9500,956.0,20.0,0.0,0.0,0.0,0.0,957,20,0.0,0.0,0.0,0.0,956.5,0.0
1,630400,VOLCANIC_ROCK_VOUCHER_9500,958.0,2.0,957.0,12.0,0.0,0.0,959,14,0.0,0.0,0.0,0.0,958.5,0.0
1,630500,VOLCANIC_ROCK_VOUCHER_9500,957.0,13.0,0.0,0.0,0.0,0.0,958,13,0.0,0.0,0.0,0.0,957.5,0.0
1,630600,VOLCANIC_ROCK_VOUCHER_9500,956.0,11.0,0.0,0.0,0.0,0.0,957,11,0.0,0.0,0.0,0.0,956.5,0.0
1,630700,VOLCANIC_ROCK_VOUCHER_9500,954.0,20.0,0.0,0.0,0.0,0.0,955,20,0.0,0.0,0.0,0.0,954.5,0.0
1,630800,VOLCANIC_ROCK_VOUCHER_9500,950.0,13.0,0.0,0.0,0.0,0.0,951,13,0.0,0.0,0.0,0.0,950.5,0.0
1,630900,VOLCANIC_ROCK_VOUCHER_9500,949.0,15.0,0.0,0.0,0.0,0.0,951,15,0.0,0.0,0.0,0.0,950.0,0.0
1,631000,VOLCANIC_ROCK_VOUCHER_9500,952.0,18.0,0.0,0.0,0.0,0.0,953,18,0.0,0.0,0.0,0.0,952.5,0.0
1,631100,VOLCANIC_ROCK_VOUCHER_9500,955.0,17.0,0.0,0.0,0.0,0.0,956,17,0.0,0.0,0.0,0.0,955.5,0.0
1,631200,VOLCANIC_ROCK_VOUCHER_9500,948.0,17.0,0.0,0.0,0.0,0.0,949,17,0.0,0.0,0.0,0.0,948.5,0.0
1,631300,VOLCANIC_ROCK_VOUCHER_9500,949.0,18.0,0.0,0.0,0.0,0.0,950,18,0.0,0.0,0.0,0.0,949.5,0.0
1,631400,VOLCANIC_ROCK_VOUCHER_9500,948.0,17.0,0.0,0.0,0.0,0.0,949,17,0.0,0.0,0.0,0.0,948.5,0.0
1,631500,VOLCANIC_ROCK_VOUCHER_9500,943.0,22.0,0.0,0.0,0.0,0.0,944,22,0.0,0.0,0.0,0.0,943.5,0.0
1,631600,VOLCANIC_ROCK_VOUCHER_9500,946.0,14.0,0.0,0.0,0.0,0.0,947,14,0.0,0.0,0.0,0.0,946.5,0.0
1,631700,VOLCANIC_ROCK_VOUCHER_9500,942.0,19.0,0.0,0.0,0.0,0.0,943,19,0.0,0.0,0.0,0.0,942.5,0.0
1,631800,VOLCANIC_ROCK_VOUCHER_9500,938.0,17.0,0.0,0.0,0.0,0.0,939,17,0.0,0.0,0.0,0.0,938.5,0.0
1,631900,VOLCANIC_ROCK_VOUCHER_9500,943.0,18.0,0.0,0.0,0.0,0.0,944,18,0.0,0.0,0.0,0.0,943.5,0.0
1,632000,VOLCANIC_ROCK_VOUCHER_9500,944.0,12.0,0.0,0.0,0.0,0.0,945,12,0.0,0.0,0.0,0.0,944.5,0.0
1,632100,VOLCANIC_ROCK_VOUCHER_9500,937.0,23.0,0.0,0.0,0.0,0.0,938,15,0.0,0.0,0.0,0.0,937.5,0.0
1,632200,VOLCANIC_ROCK_VOUCHER_9500,936.0,5.0,0.0,0.0,0.0,0.0,937,20,0.0,0.0,0.0,0.0,936.5,0.0
1,632300,VOLCANIC_ROCK_VOUCHER_9500,934.0,6.0,0.0,0.0,0.0,0.0,935,15,0.0,0.0,0.0,0.0,934.5,0.0
1,632400,VOLCANIC_ROCK_VOUCHER_9500,938.0,14.0,0.0,0.0,0.0,0.0,939,14,0.0,0.0,0.0,0.0,938.5,0.0
1,632500,VOLCANIC_ROCK_VOUCHER_9500,936.0,18.0,0.0,0.0,0.0,0.0,937,18,0.0,0.0,0.0,0.0,936.5,0.0
1,632600,VOLCANIC_ROCK_VOUCHER_9500,941.0,15.0,0.0,0.0,0.0,0.0,943,15,0.0,0.0,0.0,0.0,942.0,0.0
1,632700,VOLCANIC_ROCK_VOUCHER_9500,938.0,16.0,0.0,0.0,0.0,0.0,939,16,0.0,0.0,0.0,0.0,938.5,0.0
1,632800,VOLCANIC_ROCK_VOUCHER_9500,936.0,16.0,0.0,0.0,0.0,0.0,938,16,0.0,0.0,0.0,0.0,937.0,0.0
1,632900,VOLCANIC_ROCK_VOUCHER_9500,937.0,2.0,0.0,0.0,0.0,0.0,938,18,0.0,0.0,0.0,0.0,937.5,0.0
1,633000,VOLCANIC_ROCK_VOUCHER_9500,935.0,28.0,0.0,0.0,0.0,0.0,936,13,0.0,0.0,0.0,0.0,935.5,0.0
1,633100,VOLCANIC_ROCK_VOUCHER_9500,931.0,20.0,0.0,0.0,0.0,0.0,932,20,0.0,0.0,0.0,0.0,931.5,0.0
1,633200,VOLCANIC_ROCK_VOUCHER_9500,930.0,12.0,0.0,0.0,0.0,0.0,931,12,0.0,0.0,0.0,0.0,930.5,0.0
1,633300,VOLCANIC_ROCK_VOUCHER_9500,929.0,20.0,0.0,0.0,0.0,0.0,930,20,0.0,0.0,0.0,0.0,929.5,0.0
1,633400,VOLCANIC_ROCK_VOUCHER_9500,929.0,16.0,0.0,0.0,0.0,0.0,931,16,0.0,0.0,0.0,0.0,930.0,0.0
1,633500,VOLCANIC_ROCK_VOUCHER_9500,932.0,18.0,0.0,0.0,0.0,0.0,933,18,0.0,0.0,0.0,0.0,932.5,0.0
1,633600,VOLCANIC_ROCK_VOUCHER_9500,927.0,12.0,0.0,0.0,0.0,0.0,928,12,0.0,0.0,0.0,0.0,927.5,0.0
1,633700,VOLCANIC_ROCK_VOUCHER_9500,930.0,19.0,0.0,0.0,0.0,0.0,931,19,0.0,0.0,0.0,0.0,930.5,0.0
1,633800,VOLCANIC_ROCK_VOUCHER_9500,928.0,10.0,0.0,0.0,0.0,0.0,930,10,0.0,0.0,0.0,0.0,929.0,0.0
1,633900,VOLCANIC_ROCK_VOUCHER_9500,926.0,12.0,0.0,0.0,0.0,0.0,927,12,0.0,0.0,0.0,0.0,926.5,0.0
1,634000,VOLCANIC_ROCK_VOUCHER_9500,924.0,11.0,0.0,0.0,0.0,0.0,926,11,0.0,0.0,0.0,0.0,925.0,0.0
1,634100,VOLCANIC_ROCK_VOUCHER_9500,924.0,20.0,0.0,0.0,0.0,0.0,926,20,0.0,0.0,0.0,0.0,925.0,0.0
1,634200,VOLCANIC_ROCK_VOUCHER_9500,924.0,1.0,923.0,15.0,0.0,0.0,925,16,0.0,0.0,0.0,0.0,924.5,0.0
1,634300,VOLCANIC_ROCK_VOUCHER_9500,923.0,16.0,0.0,0.0,0.0,0.0,924,16,0.0,0.0,0.0,0.0,923.5,0.0
1,634400,VOLCANIC_ROCK_VOUCHER_9500,925.0,20.0,0.0,0.0,0.0,0.0,926,20,0.0,0.0,0.0,0.0,925.5,0.0
1,634500,VOLCANIC_ROCK_VOUCHER_9500,923.0,12.0,0.0,0.0,0.0,0.0,924,12,0.0,0.0,0.0,0.0,923.5,0.0
1,634600,VOLCANIC_ROCK_VOUCHER_9500,918.0,18.0,0.0,0.0,0.0,0.0,919,18,0.0,0.0,0.0,0.0,918.5,0.0
1,634700,VOLCANIC_ROCK_VOUCHER_9500,915.0,15.0,0.0,0.0,0.0,0.0,916,15,0.0,0.0,0.0,0.0,915.5,0.0
1,634800,VOLCANIC_ROCK_VOUCHER_9500,0.0,0.0,0.0,0.0,0.0,0.0,911,1,912.0,16.0,0.0,0.0,911.0,0.0
1,634900,VOLCANIC_ROCK_VOUCHER_9500,907.0,15.0,0.0,0.0,0.0,0.0,908,15,0.0,0.0,0.0,0.0,907.5,0.0
1,635000,VOLCANIC_ROCK_VOUCHER_9500,906.0,12.0,0.0,0.0,0.0,0.0,907,12,0.0,0.0,0.0,0.0,906.5,0.0
1,635100,VOLCANIC_ROCK_VOUCHER_9500,908.0,18.0,0.0,0.0,0.0,0.0,909,18,0.0,0.0,0.0,0.0,908.5,0.0
1,635200,VOLCANIC_ROCK_VOUCHER_9500,904.0,12.0,0.0,0.0,0.0,0.0,905,12,0.0,0.0,0.0,0.0,904.5,0.0
1,635300,VOLCANIC_ROCK_VOUCHER_9500,909.0,16.0,0.0,0.0,0.0,0.0,910,16,0.0,0.0,0.0,0.0,909.5,0.0
1,635400,VOLCANIC_ROCK_VOUCHER_9500,907.0,21.0,0.0,0.0,0.0,0.0,908,21,0.0,0.0,0.0,0.0,907.5,0.0
1,635500,VOLCANIC_ROCK_VOUCHER_9500,909.0,18.0,0.0,0.0,0.0,0.0,910,18,0.0,0.0,0.0,0.0,909.5,0.0
1,635600,VOLCANIC_ROCK_VOUCHER_9500,910.0,12.0,0.0,0.0,0.0,0.0,911,1,912.0,11.0,0.0,0.0,910.5,0.0
1,635700,VOLCANIC_ROCK_VOUCHER_9500,908.0,17.0,0.0,0.0,0.0,0.0,909,17,0.0,0.0,0.0,0.0,908.5,0.0
1,635800,VOLCANIC_ROCK_VOUCHER_9500,907.0,17.0,906.0,15.0,0.0,0.0,908,15,0.0,0.0,0.0,0.0,907.5,0.0
1,635900,VOLCANIC_ROCK_VOUCHER_9500,906.0,13.0,0.0,0.0,0.0,0.0,907,13,0.0,0.0,0.0,0.0,906.5,0.0
1,636000,VOLCANIC_ROCK_VOUCHER_9500,907.0,25.0,0.0,0.0,0.0,0.0,908,13,0.0,0.0,0.0,0.0,907.5,0.0
1,636100,VOLCANIC_ROCK_VOUCHER_9500,905.0,15.0,0.0,0.0,0.0,0.0,906,15,0.0,0.0,0.0,0.0,905.5,0.0
1,636200,VOLCANIC_ROCK_VOUCHER_9500,905.0,17.0,0.0,0.0,0.0,0.0,906,17,0.0,0.0,0.0,0.0,905.5,0.0
1,636300,VOLCANIC_ROCK_VOUCHER_9500,905.0,19.0,0.0,0.0,0.0,0.0,906,19,0.0,0.0,0.0,0.0,905.5,0.0
1,636400,VOLCANIC_ROCK_VOUCHER_9500,903.0,12.0,0.0,0.0,0.0,0.0,904,12,0.0,0.0,0.0,0.0,903.5,0.0
1,636500,VOLCANIC_ROCK_VOUCHER_9500,901.0,3.0,0.0,0.0,0.0,0.0,902,14,0.0,0.0,0.0,0.0,901.5,0.0
1,636600,VOLCANIC_ROCK_VOUCHER_9500,0.0,0.0,0.0,0.0,0.0,0.0,900,6,901.0,13.0,0.0,0.0,900.0,0.0
1,636700,VOLCANIC_ROCK_VOUCHER_9500,902.0,13.0,0.0,0.0,0.0,0.0,903,13,0.0,0.0,0.0,0.0,902.5,0.0
1,636800,VOLCANIC_ROCK_VOUCHER_9500,900.0,22.0,0.0,0.0,0.0,0.0,901,22,0.0,0.0,0.0,0.0,900.5,0.0
1,636900,VOLCANIC_ROCK_VOUCHER_9500,899.0,22.0,0.0,0.0,0.0,0.0,900,22,0.0,0.0,0.0,0.0,899.5,0.0
1,637000,VOLCANIC_ROCK_VOUCHER_9500,900.0,18.0,0.0,0.0,0.0,0.0,901,18,0.0,0.0,0.0,0.0,900.5,0.0
1,637100,VOLCANIC_ROCK_VOUCHER_9500,897.0,16.0,0.0,0.0,0.0,0.0,898,16,0.0,0.0,0.0,0.0,897.5,0.0
1,637200,VOLCANIC_ROCK_VOUCHER_9500,896.0,17.0,0.0,0.0,0.0,0.0,897,17,0.0,0.0,0.0,0.0,896.5,0.0
1,637300,VOLCANIC_ROCK_VOUCHER_9500,888.0,16.0,0.0,0.0,0.0,0.0,889,16,0.0,0.0,0.0,0.0,888.5,0.0
1,637400,VOLCANIC_ROCK_VOUCHER_9500,892.0,15.0,0.0,0.0,0.0,0.0,894,15,0.0,0.0,0.0,0.0,893.0,0.0
1,637500,VOLCANIC_ROCK_VOUCHER_9500,891.0,15.0,0.0,0.0,0.0,0.0,892,15,0.0,0.0,0.0,0.0,891.5,0.0
1,637600,VOLCANIC_ROCK_VOUCHER_9500,886.0,18.0,0.0,0.0,0.0,0.0,887,18,0.0,0.0,0.0,0.0,886.5,0.0
1,637700,VOLCANIC_ROCK_VOUCHER_9500,885.0,18.0,0.0,0.0,0.0,0.0,886,18,0.0,0.0,0.0,0.0,885.5,0.0
1,637800,VOLCANIC_ROCK_VOUCHER_9500,879.0,6.0,0.0,0.0,0.0,0.0,880,20,0.0,0.0,0.0,0.0,879.5,0.0
1,637900,VOLCANIC_ROCK_VOUCHER_9500,878.0,24.0,0.0,0.0,0.0,0.0,879,14,0.0,0.0,0.0,0.0,878.5,0.0
1,638000,VOLCANIC_ROCK_VOUCHER_9500,880.0,11.0,0.0,0.0,0.0,0.0,881,11,0.0,0.0,0.0,0.0,880.5,0.0
1,638100,VOLCANIC_ROCK_VOUCHER_9500,874.0,18.0,0.0,0.0,0.0,0.0,875,18,0.0,0.0,0.0,0.0,874.5,0.0
1,638200,VOLCANIC_ROCK_VOUCHER_9500,868.0,14.0,0.0,0.0,0.0,0.0,869,14,0.0,0.0,0.0,0.0,868.5,0.0
1,638300,VOLCANIC_ROCK_VOUCHER_9500,863.0,11.0,0.0,0.0,0.0,0.0,864,11,0.0,0.0,0.0,0.0,863.5,0.0
1,638400,VOLCANIC_ROCK_VOUCHER_9500,850.0,17.0,0.0,0.0,0.0,0.0,851,17,0.0,0.0,0.0,0.0,850.5,0.0
1,638500,VOLCANIC_ROCK_VOUCHER_9500,853.0,19.0,0.0,0.0,0.0,0.0,854,19,0.0,0.0,0.0,0.0,853.5,0.0
1,638600,VOLCANIC_ROCK_VOUCHER_9500,858.0,19.0,0.0,0.0,0.0,0.0,859,19,0.0,0.0,0.0,0.0,858.5,0.0
1,638700,VOLCANIC_ROCK_VOUCHER_9500,865.0,21.0,0.0,0.0,0.0,0.0,866,21,0.0,0.0,0.0,0.0,865.5,0.0
1,638800,VOLCANIC_ROCK_VOUCHER_9500,0.0,0.0,0.0,0.0,0.0,0.0,869,3,870.0,14.0,0.0,0.0,869.0,0.0
1,638900,VOLCANIC_ROCK_VOUCHER_9500,861.0,16.0,0.0,0.0,0.0,0.0,863,16,0.0,0.0,0.0,0.0,862.0,0.0
1,639000,VOLCANIC_ROCK_VOUCHER_9500,858.0,32.0,0.0,0.0,0.0,0.0,859,20,0.0,0.0,0.0,0.0,858.5,0.0
1,639100,VOLCANIC_ROCK_VOUCHER_9500,862.0,17.0,0.0,0.0,0.0,0.0,863,17,0.0,0.0,0.0,0.0,862.5,0.0
1,639200,VOLCANIC_ROCK_VOUCHER_9500,859.0,15.0,0.0,0.0,0.0,0.0,861,15,0.0,0.0,0.0,0.0,860.0,0.0
1,639300,VOLCANIC_ROCK_VOUCHER_9500,864.0,18.0,0.0,0.0,0.0,0.0,865,18,0.0,0.0,0.0,0.0,864.5,0.0
1,639400,VOLCANIC_ROCK_VOUCHER_9500,864.0,21.0,0.0,0.0,0.0,0.0,866,21,0.0,0.0,0.0,0.0,865.0,0.0
1,639500,VOLCANIC_ROCK_VOUCHER_9500,867.0,19.0,0.0,0.0,0.0,0.0,868,1,869.0,18.0,0.0,0.0,867.5,0.0
1,639600,VOLCANIC_ROCK_VOUCHER_9500,866.0,15.0,0.0,0.0,0.0,0.0,867,15,0.0,0.0,0.0,0.0,866.5,0.0
1,639700,VOLCANIC_ROCK_VOUCHER_9500,868.0,18.0,0.0,0.0,0.0,0.0,869,18,0.0,0.0,0.0,0.0,868.5,0.0
1,639800,VOLCANIC_ROCK_VOUCHER_9500,866.0,18.0,0.0,0.0,0.0,0.0,868,18,0.0,0.0,0.0,0.0,867.0,0.0
1,639900,VOLCANIC_ROCK_VOUCHER_9500,861.0,14.0,0.0,0.0,0.0,0.0,862,14,0.0,0.0,0.0,0.0,861.5,0.0
1,640000,VOLCANIC_ROCK_VOUCHER_9500,863.0,14.0,0.0,0.0,0.0,0.0,864,14,0.0,0.0,0.0,0.0,863.5,0.0
1,640100,VOLCANIC_ROCK_VOUCHER_9500,861.0,11.0,0.0,0.0,0.0,0.0,862,11,0.0,0.0,0.0,0.0,861.5,0.0
1,640200,VOLCANIC_ROCK_VOUCHER_9500,859.0,18.0,0.0,0.0,0.0,0.0,861,18,0.0,0.0,0.0,0.0,860.0,0.0
1,640300,VOLCANIC_ROCK_VOUCHER_9500,857.0,17.0,0.0,0.0,0.0,0.0,858,17,0.0,0.0,0.0,0.0,857.5,0.0
1,640400,VOLCANIC_ROCK_VOUCHER_9500,856.0,14.0,0.0,0.0,0.0,0.0,857,14,0.0,0.0,0.0,0.0,856.5,0.0
1,640500,VOLCANIC_ROCK_VOUCHER_9500,858.0,21.0,0.0,0.0,0.0,0.0,859,21,0.0,0.0,0.0,0.0,858.5,0.0
1,640600,VOLCANIC_ROCK_VOUCHER_9500,858.0,13.0,0.0,0.0,0.0,0.0,859,13,0.0,0.0,0.0,0.0,858.5,0.0
1,640700,VOLCANIC_ROCK_VOUCHER_9500,854.0,13.0,0.0,0.0,0.0,0.0,855,13,0.0,0.0,0.0,0.0,854.5,0.0
1,640800,VOLCANIC_ROCK_VOUCHER_9500,855.0,31.0,0.0,0.0,0.0,0.0,856,21,0.0,0.0,0.0,0.0,855.5,0.0
1,640900,VOLCANIC_ROCK_VOUCHER_9500,857.0,11.0,0.0,0.0,0.0,0.0,858,11,0.0,0.0,0.0,0.0,857.5,0.0
1,641000,VOLCANIC_ROCK_VOUCHER_9500,851.0,14.0,0.0,0.0,0.0,0.0,852,14,0.0,0.0,0.0,0.0,851.5,0.0
1,641100,VOLCANIC_ROCK_VOUCHER_9500,850.0,16.0,0.0,0.0,0.0,0.0,851,16,0.0,0.0,0.0,0.0,850.5,0.0
1,641200,VOLCANIC_ROCK_VOUCHER_9500,842.0,17.0,0.0,0.0,0.0,0.0,843,17,0.0,0.0,0.0,0.0,842.5,0.0
1,641300,VOLCANIC_ROCK_VOUCHER_9500,835.0,13.0,0.0,0.0,0.0,0.0,837,13,0.0,0.0,0.0,0.0,836.0,0.0
1,641400,VOLCANIC_ROCK_VOUCHER_9500,832.0,17.0,0.0,0.0,0.0,0.0,833,17,0.0,0.0,0.0,0.0,832.5,0.0
1,641500,VOLCANIC_ROCK_VOUCHER_9500,840.0,31.0,0.0,0.0,0.0,0.0,841,14,0.0,0.0,0.0,0.0,840.5,0.0
1,641600,VOLCANIC_ROCK_VOUCHER_9500,843.0,16.0,0.0,0.0,0.0,0.0,844,16,0.0,0.0,0.0,0.0,843.5,0.0
1,641700,VOLCANIC_ROCK_VOUCHER_9500,850.0,2.0,849.0,19.0,0.0,0.0,851,21,0.0,0.0,0.0,0.0,850.5,0.0
1,641800,VOLCANIC_ROCK_VOUCHER_9500,852.0,13.0,0.0,0.0,0.0,0.0,853,13,0.0,0.0,0.0,0.0,852.5,0.0
1,641900,VOLCANIC_ROCK_VOUCHER_9500,848.0,20.0,0.0,0.0,0.0,0.0,849,20,0.0,0.0,0.0,0.0,848.5,0.0
1,642000,VOLCANIC_ROCK_VOUCHER_9500,849.0,16.0,0.0,0.0,0.0,0.0,850,16,0.0,0.0,0.0,0.0,849.5,0.0
1,642100,VOLCANIC_ROCK_VOUCHER_9500,855.0,12.0,0.0,0.0,0.0,0.0,856,12,0.0,0.0,0.0,0.0,855.5,0.0
1,642200,VOLCANIC_ROCK_VOUCHER_9500,852.0,17.0,0.0,0.0,0.0,0.0,853,17,0.0,0.0,0.0,0.0,852.5,0.0
1,642300,VOLCANIC_ROCK_VOUCHER_9500,854.0,4.0,0.0,0.0,0.0,0.0,855,19,0.0,0.0,0.0,0.0,854.5,0.0
1,642400,VOLCANIC_ROCK_VOUCHER_9500,856.0,16.0,0.0,0.0,0.0,0.0,857,16,0.0,0.0,0.0,0.0,856.5,0.0
1,642500,VOLCANIC_ROCK_VOUCHER_9500,858.0,16.0,0.0,0.0,0.0,0.0,859,16,0.0,0.0,0.0,0.0,858.5,0.0
1,642600,VOLCANIC_ROCK_VOUCHER_9500,860.0,20.0,0.0,0.0,0.0,0.0,861,20,0.0,0.0,0.0,0.0,860.5,0.0
1,642700,VOLCANIC_ROCK_VOUCHER_9500,855.0,12.0,0.0,0.0,0.0,0.0,857,12,0.0,0.0,0.0,0.0,856.0,0.0
1,642800,VOLCANIC_ROCK_VOUCHER_9500,853.0,14.0,0.0,0.0,0.0,0.0,854,14,0.0,0.0,0.0,0.0,853.5,0.0
1,642900,VOLCANIC_ROCK_VOUCHER_9500,851.0,19.0,0.0,0.0,0.0,0.0,853,19,0.0,0.0,0.0,0.0,852.0,0.0
1,643000,VOLCANIC_ROCK_VOUCHER_9500,848.0,13.0,0.0,0.0,0.0,0.0,849,13,0.0,0.0,0.0,0.0,848.5,0.0
1,643100,VOLCANIC_ROCK_VOUCHER_9500,849.0,17.0,0.0,0.0,0.0,0.0,850,17,0.0,0.0,0.0,0.0,849.5,0.0
1,643200,VOLCANIC_ROCK_VOUCHER_9500,849.0,7.0,0.0,0.0,0.0,0.0,850,20,0.0,0.0,0.0,0.0,849.5,0.0
1,643300,VOLCANIC_ROCK_VOUCHER_9500,847.0,16.0,0.0,0.0,0.0,0.0,848,16,0.0,0.0,0.0,0.0,847.5,0.0
1,643400,VOLCANIC_ROCK_VOUCHER_9500,844.0,13.0,0.0,0.0,0.0,0.0,845,13,0.0,0.0,0.0,0.0,844.5,0.0
1,643500,VOLCANIC_ROCK_VOUCHER_9500,850.0,19.0,0.0,0.0,0.0,0.0,851,19,0.0,0.0,0.0,0.0,850.5,0.0
1,643600,VOLCANIC_ROCK_VOUCHER_9500,857.0,19.0,0.0,0.0,0.0,0.0,858,19,0.0,0.0,0.0,0.0,857.5,0.0
1,643700,VOLCANIC_ROCK_VOUCHER_9500,854.0,22.0,0.0,0.0,0.0,0.0,855,22,0.0,0.0,0.0,0.0,854.5,0.0
1,643800,VOLCANIC_ROCK_VOUCHER_9500,855.0,13.0,0.0,0.0,0.0,0.0,856,13,0.0,0.0,0.0,0.0,855.5,0.0
1,643900,VOLCANIC_ROCK_VOUCHER_9500,853.0,15.0,0.0,0.0,0.0,0.0,854,15,0.0,0.0,0.0,0.0,853.5,0.0
1,644000,VOLCANIC_ROCK_VOUCHER_9500,858.0,16.0,0.0,0.0,0.0,0.0,859,16,0.0,0.0,0.0,0.0,858.5,0.0
1,644100,VOLCANIC_ROCK_VOUCHER_9500,860.0,17.0,0.0,0.0,0.0,0.0,861,17,0.0,0.0,0.0,0.0,860.5,0.0
1,644200,VOLCANIC_ROCK_VOUCHER_9500,860.0,14.0,0.0,0.0,0.0,0.0,861,14,0.0,0.0,0.0,0.0,860.5,0.0
1,644300,VOLCANIC_ROCK_VOUCHER_9500,0.0,0.0,0.0,0.0,0.0,0.0,863,16,864.0,14.0,0.0,0.0,863.0,0.0
1,644400,VOLCANIC_ROCK_VOUCHER_9500,867.0,11.0,0.0,0.0,0.0,0.0,868,11,0.0,0.0,0.0,0.0,867.5,0.0
1,644500,VOLCANIC_ROCK_VOUCHER_9500,868.0,14.0,0.0,0.0,0.0,0.0,869,14,0.0,0.0,0.0,0.0,868.5,0.0
1,644600,VOLCANIC_ROCK_VOUCHER_9500,878.0,20.0,0.0,0.0,0.0,0.0,879,20,0.0,0.0,0.0,0.0,878.5,0.0
1,644700,VOLCANIC_ROCK_VOUCHER_9500,876.0,21.0,0.0,0.0,0.0,0.0,877,21,0.0,0.0,0.0,0.0,876.5,0.0
1,644800,VOLCANIC_ROCK_VOUCHER_9500,870.0,17.0,0.0,0.0,0.0,0.0,871,17,0.0,0.0,0.0,0.0,870.5,0.0
1,644900,VOLCANIC_ROCK_VOUCHER_9500,876.0,21.0,0.0,0.0,0.0,0.0,877,21,0.0,0.0,0.0,0.0,876.5,0.0
1,645000,VOLCANIC_ROCK_VOUCHER_9500,875.0,18.0,0.0,0.0,0.0,0.0,876,18,0.0,0.0,0.0,0.0,875.5,0.0
1,645100,VOLCANIC_ROCK_VOUCHER_9500,869.0,12.0,0.0,0.0,0.0,0.0,870,12,0.0,0.0,0.0,0.0,869.5,0.0
1,645200,VOLCANIC_ROCK_VOUCHER_9500,864.0,18.0,0.0,0.0,0.0,0.0,866,18,0.0,0.0,0.0,0.0,865.0,0.0
1,645300,VOLCANIC_ROCK_VOUCHER_9500,868.0,15.0,0.0,0.0,0.0,0.0,869,15,0.0,0.0,0.0,0.0,868.5,0.0
1,645400,VOLCANIC_ROCK_VOUCHER_9500,869.0,16.0,0.0,0.0,0.0,0.0,871,16,0.0,0.0,0.0,0.0,870.0,0.0
1,645500,VOLCANIC_ROCK_VOUCHER_9500,868.0,15.0,0.0,0.0,0.0,0.0,869,15,0.0,0.0,0.0,0.0,868.5,0.0
1,645600,VOLCANIC_ROCK_VOUCHER_9500,858.0,21.0,0.0,0.0,0.0,0.0,859,21,0.0,0.0,0.0,0.0,858.5,0.0
1,645700,VOLCANIC_ROCK_VOUCHER_9500,865.0,16.0,0.0,0.0,0.0,0.0,866,16,0.0,0.0,0.0,0.0,865.5,0.0
1,645800,VOLCANIC_ROCK_VOUCHER_9500,865.0,12.0,0.0,0.0,0.0,0.0,866,12,0.0,0.0,0.0,0.0,865.5,0.0
1,645900,VOLCANIC_ROCK_VOUCHER_9500,866.0,11.0,0.0,0.0,0.0,0.0,867,11,0.0,0.0,0.0,0.0,866.5,0.0
1,646000,VOLCANIC_ROCK_VOUCHER_9500,865.0,17.0,0.0,0.0,0.0,0.0,866,17,0.0,0.0,0.0,0.0,865.5,0.0
1,646100,VOLCANIC_ROCK_VOUCHER_9500,860.0,19.0,0.0,0.0,0.0,0.0,862,19,0.0,0.0,0.0,0.0,861.0,0.0
1,646200,VOLCANIC_ROCK_VOUCHER_9500,865.0,12.0,0.0,0.0,0.0,0.0,866,12,0.0,0.0,0.0,0.0,865.5,0.0
1,646300,VOLCANIC_ROCK_VOUCHER_9500,869.0,12.0,0.0,0.0,0.0,0.0,870,12,0.0,0.0,0.0,0.0,869.5,0.0
1,646400,VOLCANIC_ROCK_VOUCHER_9500,866.0,21.0,0.0,0.0,0.0,0.0,867,21,0.0,0.0,0.0,0.0,866.5,0.0
1,646500,VOLCANIC_ROCK_VOUCHER_9500,864.0,16.0,0.0,0.0,0.0,0.0,866,16,0.0,0.0,0.0,0.0,865.0,0.0
1,646600,VOLCANIC_ROCK_VOUCHER_9500,868.0,15.0,0.0,0.0,0.0,0.0,869,15,0.0,0.0,0.0,0.0,868.5,0.0
1,646700,VOLCANIC_ROCK_VOUCHER_9500,871.0,20.0,0.0,0.0,0.0,0.0,872,20,0.0,0.0,0.0,0.0,871.5,0.0
1,646800,VOLCANIC_ROCK_VOUCHER_9500,874.0,18.0,0.0,0.0,0.0,0.0,875,18,0.0,0.0,0.0,0.0,874.5,0.0
1,646900,VOLCANIC_ROCK_VOUCHER_9500,874.0,15.0,0.0,0.0,0.0,0.0,875,15,0.0,0.0,0.0,0.0,874.5,0.0
1,647000,VOLCANIC_ROCK_VOUCHER_9500,875.0,17.0,0.0,0.0,0.0,0.0,876,17,0.0,0.0,0.0,0.0,875.5,0.0
1,647100,VOLCANIC_ROCK_VOUCHER_9500,876.0,18.0,0.0,0.0,0.0,0.0,877,18,0.0,0.0,0.0,0.0,876.5,0.0
1,647200,VOLCANIC_ROCK_VOUCHER_9500,879.0,13.0,0.0,0.0,0.0,0.0,881,13,0.0,0.0,0.0,0.0,880.0,0.0
1,647300,VOLCANIC_ROCK_VOUCHER_9500,883.0,18.0,0.0,0.0,0.0,0.0,884,18,0.0,0.0,0.0,0.0,883.5,0.0
1,647400,VOLCANIC_ROCK_VOUCHER_9500,880.0,17.0,0.0,0.0,0.0,0.0,881,17,0.0,0.0,0.0,0.0,880.5,0.0
1,647500,VOLCANIC_ROCK_VOUCHER_9500,888.0,19.0,0.0,0.0,0.0,0.0,889,19,0.0,0.0,0.0,0.0,888.5,0.0
1,647600,VOLCANIC_ROCK_VOUCHER_9500,887.0,16.0,0.0,0.0,0.0,0.0,888,16,0.0,0.0,0.0,0.0,887.5,0.0
1,647700,VOLCANIC_ROCK_VOUCHER_9500,883.0,17.0,0.0,0.0,0.0,0.0,884,17,0.0,0.0,0.0,0.0,883.5,0.0
1,647800,VOLCANIC_ROCK_VOUCHER_9500,886.0,16.0,0.0,0.0,0.0,0.0,887,16,0.0,0.0,0.0,0.0,886.5,0.0
1,647900,VOLCANIC_ROCK_VOUCHER_9500,882.0,15.0,0.0,0.0,0.0,0.0,883,15,0.0,0.0,0.0,0.0,882.5,0.0
1,648000,VOLCANIC_ROCK_VOUCHER_9500,879.0,20.0,0.0,0.0,0.0,0.0,880,20,0.0,0.0,0.0,0.0,879.5,0.0
1,648100,VOLCANIC_ROCK_VOUCHER_9500,880.0,14.0,0.0,0.0,0.0,0.0,881,14,0.0,0.0,0.0,0.0,880.5,0.0
1,648200,VOLCANIC_ROCK_VOUCHER_9500,0.0,0.0,0.0,0.0,0.0,0.0,882,5,883.0,12.0,0.0,0.0,882.0,0.0
1,648300,VOLCANIC_ROCK_VOUCHER_9500,885.0,18.0,0.0,0.0,0.0,0.0,886,18,0.0,0.0,0.0,0.0,885.5,0.0
1,648400,VOLCANIC_ROCK_VOUCHER_9500,881.0,18.0,0.0,0.0,0.0,0.0,882,18,0.0,0.0,0.0,0.0,881.5,0.0
1,648500,VOLCANIC_ROCK_VOUCHER_9500,881.0,16.0,0.0,0.0,0.0,0.0,882,16,0.0,0.0,0.0,0.0,881.5,0.0
1,648600,VOLCANIC_ROCK_VOUCHER_9500,879.0,20.0,0.0,0.0,0.0,0.0,880,20,0.0,0.0,0.0,0.0,879.5,0.0
1,648700,VOLCANIC_ROCK_VOUCHER_9500,877.0,18.0,0.0,0.0,0.0,0.0,878,18,0.0,0.0,0.0,0.0,877.5,0.0
1,648800,VOLCANIC_ROCK_VOUCHER_9500,870.0,13.0,0.0,0.0,0.0,0.0,872,13,0.0,0.0,0.0,0.0,871.0,0.0
1,648900,VOLCANIC_ROCK_VOUCHER_9500,868.0,20.0,0.0,0.0,0.0,0.0,869,20,0.0,0.0,0.0,0.0,868.5,0.0
1,649000,VOLCANIC_ROCK_VOUCHER_9500,0.0,0.0,0.0,0.0,0.0,0.0,872,1,873.0,15.0,0.0,0.0,872.0,0.0
1,649100,VOLCANIC_ROCK_VOUCHER_9500,872.0,2.0,0.0,0.0,0.0,0.0,873,18,0.0,0.0,0.0,0.0,872.5,0.0
1,649200,VOLCANIC_ROCK_VOUCHER_9500,0.0,0.0,0.0,0.0,0.0,0.0,866,1,867.0,19.0,0.0,0.0,866.0,0.0
1,649300,VOLCANIC_ROCK_VOUCHER_9500,865.0,19.0,0.0,0.0,0.0,0.0,866,19,0.0,0.0,0.0,0.0,865.5,0.0
1,649400,VOLCANIC_ROCK_VOUCHER_9500,861.0,21.0,0.0,0.0,0.0,0.0,862,21,0.0,0.0,0.0,0.0,861.5,0.0
1,649500,VOLCANIC_ROCK_VOUCHER_9500,861.0,10.0,0.0,0.0,0.0,0.0,862,10,0.0,0.0,0.0,0.0,861.5,0.0
1,649600,VOLCANIC_ROCK_VOUCHER_9500,866.0,17.0,0.0,0.0,0.0,0.0,867,17,0.0,0.0,0.0,0.0,866.5,0.0
1,649700,VOLCANIC_ROCK_VOUCHER_9500,865.0,14.0,0.0,0.0,0.0,0.0,866,14,0.0,0.0,0.0,0.0,865.5,0.0
1,649800,VOLCANIC_ROCK_VOUCHER_9500,860.0,16.0,0.0,0.0,0.0,0.0,861,16,0.0,0.0,0.0,0.0,860.5,0.0
1,649900,VOLCANIC_ROCK_VOUCHER_9500,863.0,14.0,0.0,0.0,0.0,0.0,864,14,0.0,0.0,0.0,0.0,863.5,0.0
1,650000,VOLCANIC_ROCK_VOUCHER_9500,858.0,1.0,857.0,20.0,0.0,0.0,859,21,0.0,0.0,0.0,0.0,858.5,0.0
1,650100,VOLCANIC_ROCK_VOUCHER_9500,856.0,15.0,0.0,0.0,0.0,0.0,857,15,0.0,0.0,0.0,0.0,856.5,0.0
1,650200,VOLCANIC_ROCK_VOUCHER_9500,852.0,14.0,0.0,0.0,0.0,0.0,853,14,0.0,0.0,0.0,0.0,852.5,0.0
1,650300,VOLCANIC_ROCK_VOUCHER_9500,853.0,20.0,0.0,0.0,0.0,0.0,854,20,0.0,0.0,0.0,0.0,853.5,0.0
1,650400,VOLCANIC_ROCK_VOUCHER_9500,849.0,19.0,0.0,0.0,0.0,0.0,851,19,0.0,0.0,0.0,0.0,850.0,0.0
1,650500,VOLCANIC_ROCK_VOUCHER_9500,854.0,14.0,0.0,0.0,0.0,0.0,855,14,0.0,0.0,0.0,0.0,854.5,0.0
1,650600,VOLCANIC_ROCK_VOUCHER_9500,857.0,19.0,0.0,0.0,0.0,0.0,858,19,0.0,0.0,0.0,0.0,857.5,0.0
1,650700,VOLCANIC_ROCK_VOUCHER_9500,857.0,13.0,0.0,0.0,0.0,0.0,858,13,0.0,0.0,0.0,0.0,857.5,0.0
1,650800,VOLCANIC_ROCK_VOUCHER_9500,856.0,15.0,0.0,0.0,0.0,0.0,857,15,0.0,0.0,0.0,0.0,856.5,0.0
1,650900,VOLCANIC_ROCK_VOUCHER_9500,853.0,12.0,0.0,0.0,0.0,0.0,854,12,0.0,0.0,0.0,0.0,853.5,0.0
1,651000,VOLCANIC_ROCK_VOUCHER_9500,846.0,22.0,0.0,0.0,0.0,0.0,847,22,0.0,0.0,0.0,0.0,846.5,0.0
1,651100,VOLCANIC_ROCK_VOUCHER_9500,849.0,21.0,0.0,0.0,0.0,0.0,850,21,0.0,0.0,0.0,0.0,849.5,0.0
1,651200,VOLCANIC_ROCK_VOUCHER_9500,847.0,19.0,0.0,0.0,0.0,0.0,848,19,0.0,0.0,0.0,0.0,847.5,0.0
1,651300,VOLCANIC_ROCK_VOUCHER_9500,843.0,19.0,0.0,0.0,0.0,0.0,844,19,0.0,0.0,0.0,0.0,843.5,0.0
1,651400,VOLCANIC_ROCK_VOUCHER_9500,838.0,21.0,0.0,0.0,0.0,0.0,839,21,0.0,0.0,0.0,0.0,838.5,0.0
1,651500,VOLCANIC_ROCK_VOUCHER_9500,839.0,15.0,0.0,0.0,0.0,0.0,840,15,0.0,0.0,0.0,0.0,839.5,0.0
1,651600,VOLCANIC_ROCK_VOUCHER_9500,842.0,15.0,0.0,0.0,0.0,0.0,843,15,0.0,0.0,0.0,0.0,842.5,0.0
1,651700,VOLCANIC_ROCK_VOUCHER_9500,845.0,12.0,0.0,0.0,0.0,0.0,846,12,0.0,0.0,0.0,0.0,845.5,0.0
1,651800,VOLCANIC_ROCK_VOUCHER_9500,842.0,22.0,0.0,0.0,0.0,0.0,843,22,0.0,0.0,0.0,0.0,842.5,0.0
1,651900,VOLCANIC_ROCK_VOUCHER_9500,845.0,22.0,0.0,0.0,0.0,0.0,847,22,0.0,0.0,0.0,0.0,846.0,0.0
1,652000,VOLCANIC_ROCK_VOUCHER_9500,843.0,19.0,0.0,0.0,0.0,0.0,844,19,0.0,0.0,0.0,0.0,843.5,0.0
1,652100,VOLCANIC_ROCK_VOUCHER_9500,843.0,20.0,0.0,0.0,0.0,0.0,844,20,0.0,0.0,0.0,0.0,843.5,0.0
1,652200,VOLCANIC_ROCK_VOUCHER_9500,845.0,19.0,0.0,0.0,0.0,0.0,846,19,0.0,0.0,0.0,0.0,845.5,0.0
1,652300,VOLCANIC_ROCK_VOUCHER_9500,846.0,24.0,0.0,0.0,0.0,0.0,847,12,0.0,0.0,0.0,0.0,846.5,0.0
1,652400,VOLCANIC_ROCK_VOUCHER_9500,848.0,21.0,0.0,0.0,0.0,0.0,849,21,0.0,0.0,0.0,0.0,848.5,0.0
1,652500,VOLCANIC_ROCK_VOUCHER_9500,848.0,19.0,0.0,0.0,0.0,0.0,849,19,0.0,0.0,0.0,0.0,848.5,0.0
1,652600,VOLCANIC_ROCK_VOUCHER_9500,846.0,14.0,0.0,0.0,0.0,0.0,847,14,0.0,0.0,0.0,0.0,846.5,0.0
1,652700,VOLCANIC_ROCK_VOUCHER_9500,844.0,15.0,0.0,0.0,0.0,0.0,845,15,0.0,0.0,0.0,0.0,844.5,0.0
1,652800,VOLCANIC_ROCK_VOUCHER_9500,845.0,21.0,0.0,0.0,0.0,0.0,846,21,0.0,0.0,0.0,0.0,845.5,0.0
1,652900,VOLCANIC_ROCK_VOUCHER_9500,850.0,21.0,0.0,0.0,0.0,0.0,851,21,0.0,0.0,0.0,0.0,850.5,0.0
1,653000,VOLCANIC_ROCK_VOUCHER_9500,850.0,12.0,0.0,0.0,0.0,0.0,851,12,0.0,0.0,0.0,0.0,850.5,0.0
1,653100,VOLCANIC_ROCK_VOUCHER_9500,850.0,1.0,849.0,14.0,0.0,0.0,851,15,0.0,0.0,0.0,0.0,850.5,0.0
1,653200,VOLCANIC_ROCK_VOUCHER_9500,856.0,18.0,0.0,0.0,0.0,0.0,857,18,0.0,0.0,0.0,0.0,856.5,0.0
1,653300,VOLCANIC_ROCK_VOUCHER_9500,856.0,21.0,0.0,0.0,0.0,0.0,857,21,0.0,0.0,0.0,0.0,856.5,0.0
1,653400,VOLCANIC_ROCK_VOUCHER_9500,850.0,12.0,0.0,0.0,0.0,0.0,851,12,0.0,0.0,0.0,0.0,850.5,0.0
1,653500,VOLCANIC_ROCK_VOUCHER_9500,849.0,21.0,0.0,0.0,0.0,0.0,850,21,0.0,0.0,0.0,0.0,849.5,0.0
1,653600,VOLCANIC_ROCK_VOUCHER_9500,849.0,14.0,0.0,0.0,0.0,0.0,850,14,0.0,0.0,0.0,0.0,849.5,0.0
1,653700,VOLCANIC_ROCK_VOUCHER_9500,850.0,15.0,0.0,0.0,0.0,0.0,851,15,0.0,0.0,0.0,0.0,850.5,0.0
1,653800,VOLCANIC_ROCK_VOUCHER_9500,856.0,16.0,0.0,0.0,0.0,0.0,857,16,0.0,0.0,0.0,0.0,856.5,0.0
1,653900,VOLCANIC_ROCK_VOUCHER_9500,857.0,16.0,0.0,0.0,0.0,0.0,859,16,0.0,0.0,0.0,0.0,858.0,0.0
1,654000,VOLCANIC_ROCK_VOUCHER_9500,859.0,22.0,0.0,0.0,0.0,0.0,860,22,0.0,0.0,0.0,0.0,859.5,0.0
1,654100,VOLCANIC_ROCK_VOUCHER_9500,858.0,22.0,0.0,0.0,0.0,0.0,859,22,0.0,0.0,0.0,0.0,858.5,0.0
1,654200,VOLCANIC_ROCK_VOUCHER_9500,863.0,13.0,0.0,0.0,0.0,0.0,864,13,0.0,0.0,0.0,0.0,863.5,0.0
1,654300,VOLCANIC_ROCK_VOUCHER_9500,862.0,16.0,0.0,0.0,0.0,0.0,863,16,0.0,0.0,0.0,0.0,862.5,0.0
1,654400,VOLCANIC_ROCK_VOUCHER_9500,865.0,12.0,0.0,0.0,0.0,0.0,866,12,0.0,0.0,0.0,0.0,865.5,0.0
1,654500,VOLCANIC_ROCK_VOUCHER_9500,866.0,12.0,0.0,0.0,0.0,0.0,867,12,0.0,0.0,0.0,0.0,866.5,0.0
1,654600,VOLCANIC_ROCK_VOUCHER_9500,870.0,11.0,0.0,0.0,0.0,0.0,871,11,0.0,0.0,0.0,0.0,870.5,0.0
1,654700,VOLCANIC_ROCK_VOUCHER_9500,872.0,11.0,0.0,0.0,0.0,0.0,873,11,0.0,0.0,0.0,0.0,872.5,0.0
1,654800,VOLCANIC_ROCK_VOUCHER_9500,0.0,0.0,0.0,0.0,0.0,0.0,868,6,869.0,13.0,0.0,0.0,868.0,0.0
1,654900,VOLCANIC_ROCK_VOUCHER_9500,865.0,20.0,0.0,0.0,0.0,0.0,866,20,0.0,0.0,0.0,0.0,865.5,0.0
1,655000,VOLCANIC_ROCK_VOUCHER_9500,862.0,10.0,0.0,0.0,0.0,0.0,864,10,0.0,0.0,0.0,0.0,863.0,0.0
1,655100,VOLCANIC_ROCK_VOUCHER_9500,867.0,20.0,0.0,0.0,0.0,0.0,868,20,0.0,0.0,0.0,0.0,867.5,0.0
1,655200,VOLCANIC_ROCK_VOUCHER_9500,867.0,40.0,0.0,0.0,0.0,0.0,868,21,0.0,0.0,0.0,0.0,867.5,0.0
1,655300,VOLCANIC_ROCK_VOUCHER_9500,865.0,1.0,0.0,0.0,0.0,0.0,866,21,0.0,0.0,0.0,0.0,865.5,0.0
1,655400,VOLCANIC_ROCK_VOUCHER_9500,864.0,16.0,0.0,0.0,0.0,0.0,866,16,0.0,0.0,0.0,0.0,865.0,0.0
1,655500,VOLCANIC_ROCK_VOUCHER_9500,864.0,11.0,0.0,0.0,0.0,0.0,865,11,0.0,0.0,0.0,0.0,864.5,0.0
1,655600,VOLCANIC_ROCK_VOUCHER_9500,863.0,11.0,0.0,0.0,0.0,0.0,864,11,0.0,0.0,0.0,0.0,863.5,0.0
1,655700,VOLCANIC_ROCK_VOUCHER_9500,867.0,14.0,0.0,0.0,0.0,0.0,868,14,0.0,0.0,0.0,0.0,867.5,0.0
1,655800,VOLCANIC_ROCK_VOUCHER_9500,865.0,13.0,0.0,0.0,0.0,0.0,866,13,0.0,0.0,0.0,0.0,865.5,0.0
1,655900,VOLCANIC_ROCK_VOUCHER_9500,861.0,16.0,0.0,0.0,0.0,0.0,862,16,0.0,0.0,0.0,0.0,861.5,0.0
1,656000,VOLCANIC_ROCK_VOUCHER_9500,865.0,19.0,0.0,0.0,0.0,0.0,867,19,0.0,0.0,0.0,0.0,866.0,0.0
1,656100,VOLCANIC_ROCK_VOUCHER_9500,868.0,15.0,0.0,0.0,0.0,0.0,869,15,0.0,0.0,0.0,0.0,868.5,0.0
1,656200,VOLCANIC_ROCK_VOUCHER_9500,872.0,17.0,0.0,0.0,0.0,0.0,873,17,0.0,0.0,0.0,0.0,872.5,0.0
1,656300,VOLCANIC_ROCK_VOUCHER_9500,872.0,22.0,0.0,0.0,0.0,0.0,874,22,0.0,0.0,0.0,0.0,873.0,0.0
1,656400,VOLCANIC_ROCK_VOUCHER_9500,875.0,15.0,0.0,0.0,0.0,0.0,876,15,0.0,0.0,0.0,0.0,875.5,0.0
1,656500,VOLCANIC_ROCK_VOUCHER_9500,873.0,15.0,0.0,0.0,0.0,0.0,874,15,0.0,0.0,0.0,0.0,873.5,0.0
1,656600,VOLCANIC_ROCK_VOUCHER_9500,878.0,11.0,0.0,0.0,0.0,0.0,880,11,0.0,0.0,0.0,0.0,879.0,0.0
1,656700,VOLCANIC_ROCK_VOUCHER_9500,878.0,13.0,0.0,0.0,0.0,0.0,879,13,0.0,0.0,0.0,0.0,878.5,0.0
1,656800,VOLCANIC_ROCK_VOUCHER_9500,877.0,15.0,0.0,0.0,0.0,0.0,878,15,0.0,0.0,0.0,0.0,877.5,0.0
1,656900,VOLCANIC_ROCK_VOUCHER_9500,874.0,16.0,0.0,0.0,0.0,0.0,875,16,0.0,0.0,0.0,0.0,874.5,0.0
1,657000,VOLCANIC_ROCK_VOUCHER_9500,873.0,14.0,0.0,0.0,0.0,0.0,874,14,0.0,0.0,0.0,0.0,873.5,0.0
1,657100,VOLCANIC_ROCK_VOUCHER_9500,878.0,11.0,0.0,0.0,0.0,0.0,879,11,0.0,0.0,0.0,0.0,878.5,0.0
1,657200,VOLCANIC_ROCK_VOUCHER_9500,874.0,14.0,0.0,0.0,0.0,0.0,875,14,0.0,0.0,0.0,0.0,874.5,0.0
1,657300,VOLCANIC_ROCK_VOUCHER_9500,871.0,20.0,0.0,0.0,0.0,0.0,873,20,0.0,0.0,0.0,0.0,872.0,0.0
1,657400,VOLCANIC_ROCK_VOUCHER_9500,876.0,10.0,0.0,0.0,0.0,0.0,877,10,0.0,0.0,0.0,0.0,876.5,0.0
1,657500,VOLCANIC_ROCK_VOUCHER_9500,877.0,18.0,0.0,0.0,0.0,0.0,878,18,0.0,0.0,0.0,0.0,877.5,0.0
1,657600,VOLCANIC_ROCK_VOUCHER_9500,873.0,17.0,0.0,0.0,0.0,0.0,874,17,0.0,0.0,0.0,0.0,873.5,0.0
1,657700,VOLCANIC_ROCK_VOUCHER_9500,0.0,0.0,0.0,0.0,0.0,0.0,872,6,873.0,14.0,0.0,0.0,872.0,0.0
1,657800,VOLCANIC_ROCK_VOUCHER_9500,871.0,2.0,0.0,0.0,0.0,0.0,872,13,0.0,0.0,0.0,0.0,871.5,0.0
1,657900,VOLCANIC_ROCK_VOUCHER_9500,870.0,12.0,0.0,0.0,0.0,0.0,872,12,0.0,0.0,0.0,0.0,871.0,0.0
1,658000,VOLCANIC_ROCK_VOUCHER_9500,866.0,17.0,0.0,0.0,0.0,0.0,867,17,0.0,0.0,0.0,0.0,866.5,0.0
1,658100,VOLCANIC_ROCK_VOUCHER_9500,866.0,10.0,0.0,0.0,0.0,0.0,868,10,0.0,0.0,0.0,0.0,867.0,0.0
1,658200,VOLCANIC_ROCK_VOUCHER_9500,862.0,14.0,0.0,0.0,0.0,0.0,863,14,0.0,0.0,0.0,0.0,862.5,0.0
1,658300,VOLCANIC_ROCK_VOUCHER_9500,861.0,21.0,0.0,0.0,0.0,0.0,862,21,0.0,0.0,0.0,0.0,861.5,0.0
1,658400,VOLCANIC_ROCK_VOUCHER_9500,856.0,16.0,0.0,0.0,0.0,0.0,857,16,0.0,0.0,0.0,0.0,856.5,0.0
1,658500,VOLCANIC_ROCK_VOUCHER_9500,848.0,13.0,0.0,0.0,0.0,0.0,849,13,0.0,0.0,0.0,0.0,848.5,0.0
1,658600,VOLCANIC_ROCK_VOUCHER_9500,848.0,13.0,0.0,0.0,0.0,0.0,850,13,0.0,0.0,0.0,0.0,849.0,0.0
1,658700,VOLCANIC_ROCK_VOUCHER_9500,851.0,12.0,0.0,0.0,0.0,0.0,852,2,853.0,15.0,0.0,0.0,851.5,0.0
1,658800,VOLCANIC_ROCK_VOUCHER_9500,851.0,14.0,0.0,0.0,0.0,0.0,852,14,0.0,0.0,0.0,0.0,851.5,0.0
1,658900,VOLCANIC_ROCK_VOUCHER_9500,848.0,12.0,0.0,0.0,0.0,0.0,849,12,0.0,0.0,0.0,0.0,848.5,0.0
1,659000,VOLCANIC_ROCK_VOUCHER_9500,850.0,17.0,0.0,0.0,0.0,0.0,851,17,0.0,0.0,0.0,0.0,850.5,0.0
1,659100,VOLCANIC_ROCK_VOUCHER_9500,853.0,30.0,0.0,0.0,0.0,0.0,854,15,0.0,0.0,0.0,0.0,853.5,0.0
1,659200,VOLCANIC_ROCK_VOUCHER_9500,852.0,11.0,0.0,0.0,0.0,0.0,853,11,0.0,0.0,0.0,0.0,852.5,0.0
1,659300,VOLCANIC_ROCK_VOUCHER_9500,852.0,12.0,0.0,0.0,0.0,0.0,853,12,0.0,0.0,0.0,0.0,852.5,0.0
1,659400,VOLCANIC_ROCK_VOUCHER_9500,853.0,19.0,0.0,0.0,0.0,0.0,854,19,0.0,0.0,0.0,0.0,853.5,0.0
1,659500,VOLCANIC_ROCK_VOUCHER_9500,852.0,23.0,0.0,0.0,0.0,0.0,853,12,0.0,0.0,0.0,0.0,852.5,0.0
1,659600,VOLCANIC_ROCK_VOUCHER_9500,852.0,15.0,0.0,0.0,0.0,0.0,854,15,0.0,0.0,0.0,0.0,853.0,0.0
1,659700,VOLCANIC_ROCK_VOUCHER_9500,853.0,18.0,0.0,0.0,0.0,0.0,854,18,0.0,0.0,0.0,0.0,853.5,0.0
1,659800,VOLCANIC_ROCK_VOUCHER_9500,862.0,19.0,0.0,0.0,0.0,0.0,863,19,0.0,0.0,0.0,0.0,862.5,0.0
1,659900,VOLCANIC_ROCK_VOUCHER_9500,861.0,13.0,0.0,0.0,0.0,0.0,862,13,0.0,0.0,0.0,0.0,861.5,0.0
1,660000,VOLCANIC_ROCK_VOUCHER_9500,865.0,15.0,0.0,0.0,0.0,0.0,866,15,0.0,0.0,0.0,0.0,865.5,0.0
1,660100,VOLCANIC_ROCK_VOUCHER_9500,862.0,12.0,0.0,0.0,0.0,0.0,863,12,0.0,0.0,0.0,0.0,862.5,0.0
1,660200,VOLCANIC_ROCK_VOUCHER_9500,861.0,13.0,0.0,0.0,0.0,0.0,863,13,0.0,0.0,0.0,0.0,862.0,0.0
1,660300,VOLCANIC_ROCK_VOUCHER_9500,861.0,19.0,0.0,0.0,0.0,0.0,862,19,0.0,0.0,0.0,0.0,861.5,0.0
1,660400,VOLCANIC_ROCK_VOUCHER_9500,857.0,12.0,0.0,0.0,0.0,0.0,858,12,0.0,0.0,0.0,0.0,857.5,0.0
1,660500,VOLCANIC_ROCK_VOUCHER_9500,856.0,22.0,0.0,0.0,0.0,0.0,857,22,0.0,0.0,0.0,0.0,856.5,0.0
1,660600,VOLCANIC_ROCK_VOUCHER_9500,855.0,16.0,0.0,0.0,0.0,0.0,856,16,0.0,0.0,0.0,0.0,855.5,0.0
1,660700,VOLCANIC_ROCK_VOUCHER_9500,857.0,14.0,0.0,0.0,0.0,0.0,858,14,0.0,0.0,0.0,0.0,857.5,0.0
1,660800,VOLCANIC_ROCK_VOUCHER_9500,859.0,3.0,0.0,0.0,0.0,0.0,860,19,0.0,0.0,0.0,0.0,859.5,0.0
1,660900,VOLCANIC_ROCK_VOUCHER_9500,859.0,20.0,0.0,0.0,0.0,0.0,860,20,0.0,0.0,0.0,0.0,859.5,0.0
1,661000,VOLCANIC_ROCK_VOUCHER_9500,861.0,19.0,0.0,0.0,0.0,0.0,862,19,0.0,0.0,0.0,0.0,861.5,0.0
1,661100,VOLCANIC_ROCK_VOUCHER_9500,857.0,12.0,0.0,0.0,0.0,0.0,858,12,0.0,0.0,0.0,0.0,857.5,0.0
1,661200,VOLCANIC_ROCK_VOUCHER_9500,856.0,22.0,0.0,0.0,0.0,0.0,857,22,0.0,0.0,0.0,0.0,856.5,0.0
1,661300,VOLCANIC_ROCK_VOUCHER_9500,855.0,15.0,0.0,0.0,0.0,0.0,856,15,0.0,0.0,0.0,0.0,855.5,0.0
1,661400,VOLCANIC_ROCK_VOUCHER_9500,859.0,14.0,0.0,0.0,0.0,0.0,860,14,0.0,0.0,0.0,0.0,859.5,0.0
1,661500,VOLCANIC_ROCK_VOUCHER_9500,857.0,17.0,0.0,0.0,0.0,0.0,858,17,0.0,0.0,0.0,0.0,857.5,0.0
1,661600,VOLCANIC_ROCK_VOUCHER_9500,855.0,13.0,0.0,0.0,0.0,0.0,856,13,0.0,0.0,0.0,0.0,855.5,0.0
1,661700,VOLCANIC_ROCK_VOUCHER_9500,855.0,16.0,0.0,0.0,0.0,0.0,856,16,0.0,0.0,0.0,0.0,855.5,0.0
1,661800,VOLCANIC_ROCK_VOUCHER_9500,853.0,15.0,0.0,0.0,0.0,0.0,854,15,0.0,0.0,0.0,0.0,853.5,0.0
1,661900,VOLCANIC_ROCK_VOUCHER_9500,859.0,13.0,0.0,0.0,0.0,0.0,860,13,0.0,0.0,0.0,0.0,859.5,0.0
1,662000,VOLCANIC_ROCK_VOUCHER_9500,860.0,18.0,0.0,0.0,0.0,0.0,861,18,0.0,0.0,0.0,0.0,860.5,0.0
1,662100,VOLCANIC_ROCK_VOUCHER_9500,861.0,19.0,0.0,0.0,0.0,0.0,862,19,0.0,0.0,0.0,0.0,861.5,0.0
1,662200,VOLCANIC_ROCK_VOUCHER_9500,865.0,15.0,0.0,0.0,0.0,0.0,867,15,0.0,0.0,0.0,0.0,866.0,0.0
1,662300,VOLCANIC_ROCK_VOUCHER_9500,865.0,12.0,0.0,0.0,0.0,0.0,866,12,0.0,0.0,0.0,0.0,865.5,0.0
1,662400,VOLCANIC_ROCK_VOUCHER_9500,862.0,12.0,0.0,0.0,0.0,0.0,863,12,0.0,0.0,0.0,0.0,862.5,0.0
1,662500,VOLCANIC_ROCK_VOUCHER_9500,860.0,5.0,0.0,0.0,0.0,0.0,861,20,0.0,0.0,0.0,0.0,860.5,0.0
1,662600,VOLCANIC_ROCK_VOUCHER_9500,861.0,18.0,0.0,0.0,0.0,0.0,862,18,0.0,0.0,0.0,0.0,861.5,0.0
1,662700,VOLCANIC_ROCK_VOUCHER_9500,864.0,16.0,0.0,0.0,0.0,0.0,865,16,0.0,0.0,0.0,0.0,864.5,0.0
1,662800,VOLCANIC_ROCK_VOUCHER_9500,864.0,15.0,0.0,0.0,0.0,0.0,865,15,0.0,0.0,0.0,0.0,864.5,0.0
1,662900,VOLCANIC_ROCK_VOUCHER_9500,865.0,15.0,0.0,0.0,0.0,0.0,866,15,0.0,0.0,0.0,0.0,865.5,0.0
1,663000,VOLCANIC_ROCK_VOUCHER_9500,865.0,15.0,0.0,0.0,0.0,0.0,866,15,0.0,0.0,0.0,0.0,865.5,0.0
1,663100,VOLCANIC_ROCK_VOUCHER_9500,865.0,20.0,0.0,0.0,0.0,0.0,866,20,0.0,0.0,0.0,0.0,865.5,0.0
1,663200,VOLCANIC_ROCK_VOUCHER_9500,853.0,10.0,0.0,0.0,0.0,0.0,854,10,0.0,0.0,0.0,0.0,853.5,0.0
1,663300,VOLCANIC_ROCK_VOUCHER_9500,853.0,14.0,0.0,0.0,0.0,0.0,854,14,0.0,0.0,0.0,0.0,853.5,0.0
1,663400,VOLCANIC_ROCK_VOUCHER_9500,855.0,14.0,0.0,0.0,0.0,0.0,856,14,0.0,0.0,0.0,0.0,855.5,0.0
1,663500,VOLCANIC_ROCK_VOUCHER_9500,854.0,10.0,0.0,0.0,0.0,0.0,855,10,0.0,0.0,0.0,0.0,854.5,0.0
1,663600,VOLCANIC_ROCK_VOUCHER_9500,852.0,20.0,0.0,0.0,0.0,0.0,853,20,0.0,0.0,0.0,0.0,852.5,0.0
1,663700,VOLCANIC_ROCK_VOUCHER_9500,852.0,20.0,0.0,0.0,0.0,0.0,853,20,0.0,0.0,0.0,0.0,852.5,0.0
1,663800,VOLCANIC_ROCK_VOUCHER_9500,849.0,16.0,0.0,0.0,0.0,0.0,851,16,0.0,0.0,0.0,0.0,850.0,0.0
1,663900,VOLCANIC_ROCK_VOUCHER_9500,850.0,15.0,0.0,0.0,0.0,0.0,851,15,0.0,0.0,0.0,0.0,850.5,0.0
1,664000,VOLCANIC_ROCK_VOUCHER_9500,844.0,13.0,0.0,0.0,0.0,0.0,845,13,0.0,0.0,0.0,0.0,844.5,0.0
1,664100,VOLCANIC_ROCK_VOUCHER_9500,834.0,10.0,0.0,0.0,0.0,0.0,835,21,0.0,0.0,0.0,0.0,834.5,0.0
1,664200,VOLCANIC_ROCK_VOUCHER_9500,839.0,17.0,0.0,0.0,0.0,0.0,840,17,0.0,0.0,0.0,0.0,839.5,0.0
1,664300,VOLCANIC_ROCK_VOUCHER_9500,840.0,22.0,0.0,0.0,0.0,0.0,841,22,0.0,0.0,0.0,0.0,840.5,0.0
1,664400,VOLCANIC_ROCK_VOUCHER_9500,838.0,31.0,0.0,0.0,0.0,0.0,839,11,0.0,0.0,0.0,0.0,838.5,0.0
1,664500,VOLCANIC_ROCK_VOUCHER_9500,843.0,14.0,0.0,0.0,0.0,0.0,844,14,0.0,0.0,0.0,0.0,843.5,0.0
1,664600,VOLCANIC_ROCK_VOUCHER_9500,843.0,17.0,0.0,0.0,0.0,0.0,844,17,0.0,0.0,0.0,0.0,843.5,0.0
1,664700,VOLCANIC_ROCK_VOUCHER_9500,839.0,13.0,0.0,0.0,0.0,0.0,840,13,0.0,0.0,0.0,0.0,839.5,0.0
1,664800,VOLCANIC_ROCK_VOUCHER_9500,831.0,19.0,830.0,14.0,0.0,0.0,832,14,0.0,0.0,0.0,0.0,831.5,0.0
1,664900,VOLCANIC_ROCK_VOUCHER_9500,838.0,16.0,0.0,0.0,0.0,0.0,839,16,0.0,0.0,0.0,0.0,838.5,0.0
1,665000,VOLCANIC_ROCK_VOUCHER_9500,837.0,10.0,0.0,0.0,0.0,0.0,838,10,0.0,0.0,0.0,0.0,837.5,0.0
1,665100,VOLCANIC_ROCK_VOUCHER_9500,840.0,17.0,0.0,0.0,0.0,0.0,841,17,0.0,0.0,0.0,0.0,840.5,0.0
1,665200,VOLCANIC_ROCK_VOUCHER_9500,839.0,1.0,838.0,10.0,0.0,0.0,840,11,0.0,0.0,0.0,0.0,839.5,0.0
1,665300,VOLCANIC_ROCK_VOUCHER_9500,845.0,26.0,0.0,0.0,0.0,0.0,846,11,0.0,0.0,0.0,0.0,845.5,0.0
1,665400,VOLCANIC_ROCK_VOUCHER_9500,843.0,12.0,0.0,0.0,0.0,0.0,844,12,0.0,0.0,0.0,0.0,843.5,0.0
1,665500,VOLCANIC_ROCK_VOUCHER_9500,843.0,19.0,0.0,0.0,0.0,0.0,844,19,0.0,0.0,0.0,0.0,843.5,0.0
1,665600,VOLCANIC_ROCK_VOUCHER_9500,845.0,17.0,0.0,0.0,0.0,0.0,846,17,0.0,0.0,0.0,0.0,845.5,0.0
1,665700,VOLCANIC_ROCK_VOUCHER_9500,845.0,21.0,0.0,0.0,0.0,0.0,846,21,0.0,0.0,0.0,0.0,845.5,0.0
1,665800,VOLCANIC_ROCK_VOUCHER_9500,845.0,4.0,0.0,0.0,0.0,0.0,846,1,847.0,20.0,0.0,0.0,845.5,0.0
1,665900,VOLCANIC_ROCK_VOUCHER_9500,847.0,21.0,0.0,0.0,0.0,0.0,849,21,0.0,0.0,0.0,0.0,848.0,0.0
1,666000,VOLCANIC_ROCK_VOUCHER_9500,846.0,11.0,0.0,0.0,0.0,0.0,847,11,0.0,0.0,0.0,0.0,846.5,0.0
1,666100,VOLCANIC_ROCK_VOUCHER_9500,839.0,30.0,0.0,0.0,0.0,0.0,840,21,0.0,0.0,0.0,0.0,839.5,0.0
1,666200,VOLCANIC_ROCK_VOUCHER_9500,837.0,13.0,0.0,0.0,0.0,0.0,838,13,0.0,0.0,0.0,0.0,837.5,0.0
1,666300,VOLCANIC_ROCK_VOUCHER_9500,838.0,21.0,0.0,0.0,0.0,0.0,839,21,0.0,0.0,0.0,0.0,838.5,0.0
1,666400,VOLCANIC_ROCK_VOUCHER_9500,838.0,13.0,0.0,0.0,0.0,0.0,839,13,0.0,0.0,0.0,0.0,838.5,0.0
1,666500,VOLCANIC_ROCK_VOUCHER_9500,836.0,11.0,0.0,0.0,0.0,0.0,837,11,0.0,0.0,0.0,0.0,836.5,0.0
1,666600,VOLCANIC_ROCK_VOUCHER_9500,827.0,18.0,0.0,0.0,0.0,0.0,828,18,0.0,0.0,0.0,0.0,827.5,0.0
1,666700,VOLCANIC_ROCK_VOUCHER_9500,832.0,25.0,0.0,0.0,0.0,0.0,833,14,0.0,0.0,0.0,0.0,832.5,0.0
1,666800,VOLCANIC_ROCK_VOUCHER_9500,830.0,4.0,0.0,0.0,0.0,0.0,831,16,0.0,0.0,0.0,0.0,830.5,0.0
1,666900,VOLCANIC_ROCK_VOUCHER_9500,835.0,13.0,0.0,0.0,0.0,0.0,836,13,0.0,0.0,0.0,0.0,835.5,0.0
1,667000,VOLCANIC_ROCK_VOUCHER_9500,837.0,13.0,0.0,0.0,0.0,0.0,838,13,0.0,0.0,0.0,0.0,837.5,0.0
1,667100,VOLCANIC_ROCK_VOUCHER_9500,838.0,20.0,0.0,0.0,0.0,0.0,840,20,0.0,0.0,0.0,0.0,839.0,0.0
1,667200,VOLCANIC_ROCK_VOUCHER_9500,834.0,1.0,833.0,11.0,0.0,0.0,835,12,0.0,0.0,0.0,0.0,834.5,0.0
1,667300,VOLCANIC_ROCK_VOUCHER_9500,838.0,11.0,0.0,0.0,0.0,0.0,839,11,0.0,0.0,0.0,0.0,838.5,0.0
1,667400,VOLCANIC_ROCK_VOUCHER_9500,838.0,16.0,0.0,0.0,0.0,0.0,839,16,0.0,0.0,0.0,0.0,838.5,0.0
1,667500,VOLCANIC_ROCK_VOUCHER_9500,835.0,19.0,0.0,0.0,0.0,0.0,836,19,0.0,0.0,0.0,0.0,835.5,0.0
1,667600,VOLCANIC_ROCK_VOUCHER_9500,835.0,16.0,0.0,0.0,0.0,0.0,836,16,0.0,0.0,0.0,0.0,835.5,0.0
1,667700,VOLCANIC_ROCK_VOUCHER_9500,840.0,21.0,0.0,0.0,0.0,0.0,842,21,0.0,0.0,0.0,0.0,841.0,0.0
1,667800,VOLCANIC_ROCK_VOUCHER_9500,840.0,14.0,0.0,0.0,0.0,0.0,841,14,0.0,0.0,0.0,0.0,840.5,0.0
1,667900,VOLCANIC_ROCK_VOUCHER_9500,834.0,16.0,0.0,0.0,0.0,0.0,835,16,0.0,0.0,0.0,0.0,834.5,0.0
1,668000,VOLCANIC_ROCK_VOUCHER_9500,834.0,13.0,0.0,0.0,0.0,0.0,835,13,0.0,0.0,0.0,0.0,834.5,0.0
1,668100,VOLCANIC_ROCK_VOUCHER_9500,837.0,18.0,0.0,0.0,0.0,0.0,838,18,0.0,0.0,0.0,0.0,837.5,0.0
1,668200,VOLCANIC_ROCK_VOUCHER_9500,837.0,21.0,0.0,0.0,0.0,0.0,838,21,0.0,0.0,0.0,0.0,837.5,0.0
1,668300,VOLCANIC_ROCK_VOUCHER_9500,835.0,15.0,0.0,0.0,0.0,0.0,836,15,0.0,0.0,0.0,0.0,835.5,0.0
1,668400,VOLCANIC_ROCK_VOUCHER_9500,831.0,18.0,0.0,0.0,0.0,0.0,832,18,0.0,0.0,0.0,0.0,831.5,0.0
1,668500,VOLCANIC_ROCK_VOUCHER_9500,829.0,10.0,0.0,0.0,0.0,0.0,831,10,0.0,0.0,0.0,0.0,830.0,0.0
1,668600,VOLCANIC_ROCK_VOUCHER_9500,824.0,14.0,0.0,0.0,0.0,0.0,825,14,0.0,0.0,0.0,0.0,824.5,0.0
1,668700,VOLCANIC_ROCK_VOUCHER_9500,832.0,17.0,0.0,0.0,0.0,0.0,833,17,0.0,0.0,0.0,0.0,832.5,0.0
1,668800,VOLCANIC_ROCK_VOUCHER_9500,828.0,15.0,0.0,0.0,0.0,0.0,829,15,0.0,0.0,0.0,0.0,828.5,0.0
1,668900,VOLCANIC_ROCK_VOUCHER_9500,827.0,28.0,0.0,0.0,0.0,0.0,828,15,0.0,0.0,0.0,0.0,827.5,0.0
1,669000,VOLCANIC_ROCK_VOUCHER_9500,832.0,12.0,0.0,0.0,0.0,0.0,834,12,0.0,0.0,0.0,0.0,833.0,0.0
1,669100,VOLCANIC_ROCK_VOUCHER_9500,831.0,19.0,0.0,0.0,0.0,0.0,832,19,0.0,0.0,0.0,0.0,831.5,0.0
1,669200,VOLCANIC_ROCK_VOUCHER_9500,828.0,21.0,0.0,0.0,0.0,0.0,829,21,0.0,0.0,0.0,0.0,828.5,0.0
1,669300,VOLCANIC_ROCK_VOUCHER_9500,825.0,4.0,0.0,0.0,0.0,0.0,826,18,0.0,0.0,0.0,0.0,825.5,0.0
1,669400,VOLCANIC_ROCK_VOUCHER_9500,829.0,13.0,0.0,0.0,0.0,0.0,831,13,0.0,0.0,0.0,0.0,830.0,0.0
1,669500,VOLCANIC_ROCK_VOUCHER_9500,831.0,11.0,0.0,0.0,0.0,0.0,832,11,0.0,0.0,0.0,0.0,831.5,0.0
1,669600,VOLCANIC_ROCK_VOUCHER_9500,830.0,21.0,0.0,0.0,0.0,0.0,831,21,0.0,0.0,0.0,0.0,830.5,0.0
1,669700,VOLCANIC_ROCK_VOUCHER_9500,830.0,19.0,0.0,0.0,0.0,0.0,832,19,0.0,0.0,0.0,0.0,831.0,0.0
1,669800,VOLCANIC_ROCK_VOUCHER_9500,830.0,20.0,0.0,0.0,0.0,0.0,831,20,0.0,0.0,0.0,0.0,830.5,0.0
1,669900,VOLCANIC_ROCK_VOUCHER_9500,819.0,20.0,0.0,0.0,0.0,0.0,820,20,0.0,0.0,0.0,0.0,819.5,0.0
1,670000,VOLCANIC_ROCK_VOUCHER_9500,814.0,19.0,0.0,0.0,0.0,0.0,815,19,0.0,0.0,0.0,0.0,814.5,0.0
1,670100,VOLCANIC_ROCK_VOUCHER_9500,785.0,17.0,0.0,0.0,0.0,0.0,786,17,0.0,0.0,0.0,0.0,785.5,0.0
1,670200,VOLCANIC_ROCK_VOUCHER_9500,783.0,22.0,0.0,0.0,0.0,0.0,784,22,0.0,0.0,0.0,0.0,783.5,0.0
1,670300,VOLCANIC_ROCK_VOUCHER_9500,790.0,16.0,0.0,0.0,0.0,0.0,792,16,0.0,0.0,0.0,0.0,791.0,0.0
1,670400,VOLCANIC_ROCK_VOUCHER_9500,795.0,13.0,0.0,0.0,0.0,0.0,796,13,0.0,0.0,0.0,0.0,795.5,0.0
1,670500,VOLCANIC_ROCK_VOUCHER_9500,803.0,20.0,0.0,0.0,0.0,0.0,804,20,0.0,0.0,0.0,0.0,803.5,0.0
1,670600,VOLCANIC_ROCK_VOUCHER_9500,794.0,12.0,0.0,0.0,0.0,0.0,795,12,0.0,0.0,0.0,0.0,794.5,0.0
1,670700,VOLCANIC_ROCK_VOUCHER_9500,798.0,13.0,0.0,0.0,0.0,0.0,799,13,0.0,0.0,0.0,0.0,798.5,0.0
1,670800,VOLCANIC_ROCK_VOUCHER_9500,794.0,17.0,0.0,0.0,0.0,0.0,795,17,0.0,0.0,0.0,0.0,794.5,0.0
1,670900,VOLCANIC_ROCK_VOUCHER_9500,797.0,13.0,0.0,0.0,0.0,0.0,799,13,0.0,0.0,0.0,0.0,798.0,0.0
1,671000,VOLCANIC_ROCK_VOUCHER_9500,797.0,22.0,0.0,0.0,0.0,0.0,798,22,0.0,0.0,0.0,0.0,797.5,0.0
1,671100,VOLCANIC_ROCK_VOUCHER_9500,799.0,19.0,0.0,0.0,0.0,0.0,800,19,0.0,0.0,0.0,0.0,799.5,0.0
1,671200,VOLCANIC_ROCK_VOUCHER_9500,806.0,21.0,0.0,0.0,0.0,0.0,807,21,0.0,0.0,0.0,0.0,806.5,0.0
1,671300,VOLCANIC_ROCK_VOUCHER_9500,814.0,20.0,0.0,0.0,0.0,0.0,815,20,0.0,0.0,0.0,0.0,814.5,0.0
1,671400,VOLCANIC_ROCK_VOUCHER_9500,813.0,18.0,0.0,0.0,0.0,0.0,814,18,0.0,0.0,0.0,0.0,813.5,0.0
1,671500,VOLCANIC_ROCK_VOUCHER_9500,813.0,1.0,0.0,0.0,0.0,0.0,814,20,0.0,0.0,0.0,0.0,813.5,0.0
1,671600,VOLCANIC_ROCK_VOUCHER_9500,820.0,18.0,0.0,0.0,0.0,0.0,821,18,0.0,0.0,0.0,0.0,820.5,0.0
1,671700,VOLCANIC_ROCK_VOUCHER_9500,821.0,17.0,0.0,0.0,0.0,0.0,822,17,0.0,0.0,0.0,0.0,821.5,0.0
1,671800,VOLCANIC_ROCK_VOUCHER_9500,817.0,16.0,0.0,0.0,0.0,0.0,818,16,0.0,0.0,0.0,0.0,817.5,0.0
1,671900,VOLCANIC_ROCK_VOUCHER_9500,812.0,15.0,0.0,0.0,0.0,0.0,813,15,0.0,0.0,0.0,0.0,812.5,0.0
1,672000,VOLCANIC_ROCK_VOUCHER_9500,812.0,17.0,0.0,0.0,0.0,0.0,813,17,0.0,0.0,0.0,0.0,812.5,0.0
1,672100,VOLCANIC_ROCK_VOUCHER_9500,813.0,17.0,0.0,0.0,0.0,0.0,814,17,0.0,0.0,0.0,0.0,813.5,0.0
1,672200,VOLCANIC_ROCK_VOUCHER_9500,813.0,16.0,0.0,0.0,0.0,0.0,815,16,0.0,0.0,0.0,0.0,814.0,0.0
1,672300,VOLCANIC_ROCK_VOUCHER_9500,815.0,10.0,0.0,0.0,0.0,0.0,816,10,0.0,0.0,0.0,0.0,815.5,0.0
1,672400,VOLCANIC_ROCK_VOUCHER_9500,811.0,16.0,0.0,0.0,0.0,0.0,812,16,0.0,0.0,0.0,0.0,811.5,0.0
1,672500,VOLCANIC_ROCK_VOUCHER_9500,809.0,19.0,0.0,0.0,0.0,0.0,811,19,0.0,0.0,0.0,0.0,810.0,0.0
1,672600,VOLCANIC_ROCK_VOUCHER_9500,809.0,12.0,0.0,0.0,0.0,0.0,810,12,0.0,0.0,0.0,0.0,809.5,0.0
1,672700,VOLCANIC_ROCK_VOUCHER_9500,811.0,10.0,0.0,0.0,0.0,0.0,812,10,0.0,0.0,0.0,0.0,811.5,0.0
1,672800,VOLCANIC_ROCK_VOUCHER_9500,816.0,21.0,0.0,0.0,0.0,0.0,817,21,0.0,0.0,0.0,0.0,816.5,0.0
1,672900,VOLCANIC_ROCK_VOUCHER_9500,816.0,17.0,0.0,0.0,0.0,0.0,817,17,0.0,0.0,0.0,0.0,816.5,0.0
1,673000,VOLCANIC_ROCK_VOUCHER_9500,816.0,13.0,0.0,0.0,0.0,0.0,817,13,0.0,0.0,0.0,0.0,816.5,0.0
1,673100,VOLCANIC_ROCK_VOUCHER_9500,819.0,16.0,0.0,0.0,0.0,0.0,820,16,0.0,0.0,0.0,0.0,819.5,0.0
1,673200,VOLCANIC_ROCK_VOUCHER_9500,818.0,18.0,0.0,0.0,0.0,0.0,819,18,0.0,0.0,0.0,0.0,818.5,0.0
1,673300,VOLCANIC_ROCK_VOUCHER_9500,821.0,12.0,0.0,0.0,0.0,0.0,822,12,0.0,0.0,0.0,0.0,821.5,0.0
1,673400,VOLCANIC_ROCK_VOUCHER_9500,823.0,8.0,0.0,0.0,0.0,0.0,824,16,0.0,0.0,0.0,0.0,823.5,0.0
1,673500,VOLCANIC_ROCK_VOUCHER_9500,823.0,28.0,0.0,0.0,0.0,0.0,824,15,0.0,0.0,0.0,0.0,823.5,0.0
1,673600,VOLCANIC_ROCK_VOUCHER_9500,825.0,21.0,0.0,0.0,0.0,0.0,826,21,0.0,0.0,0.0,0.0,825.5,0.0
1,673700,VOLCANIC_ROCK_VOUCHER_9500,823.0,17.0,0.0,0.0,0.0,0.0,824,17,0.0,0.0,0.0,0.0,823.5,0.0
1,673800,VOLCANIC_ROCK_VOUCHER_9500,825.0,34.0,0.0,0.0,0.0,0.0,826,15,0.0,0.0,0.0,0.0,825.5,0.0
1,673900,VOLCANIC_ROCK_VOUCHER_9500,824.0,18.0,0.0,0.0,0.0,0.0,825,18,0.0,0.0,0.0,0.0,824.5,0.0
1,674000,VOLCANIC_ROCK_VOUCHER_9500,822.0,20.0,0.0,0.0,0.0,0.0,823,20,0.0,0.0,0.0,0.0,822.5,0.0
1,674100,VOLCANIC_ROCK_VOUCHER_9500,823.0,22.0,0.0,0.0,0.0,0.0,824,22,0.0,0.0,0.0,0.0,823.5,0.0
1,674200,VOLCANIC_ROCK_VOUCHER_9500,825.0,16.0,0.0,0.0,0.0,0.0,827,16,0.0,0.0,0.0,0.0,826.0,0.0
1,674300,VOLCANIC_ROCK_VOUCHER_9500,821.0,20.0,0.0,0.0,0.0,0.0,822,20,0.0,0.0,0.0,0.0,821.5,0.0
1,674400,VOLCANIC_ROCK_VOUCHER_9500,820.0,13.0,0.0,0.0,0.0,0.0,821,13,0.0,0.0,0.0,0.0,820.5,0.0
1,674500,VOLCANIC_ROCK_VOUCHER_9500,821.0,12.0,0.0,0.0,0.0,0.0,822,12,0.0,0.0,0.0,0.0,821.5,0.0
1,674600,VOLCANIC_ROCK_VOUCHER_9500,819.0,17.0,0.0,0.0,0.0,0.0,820,17,0.0,0.0,0.0,0.0,819.5,0.0
1,674700,VOLCANIC_ROCK_VOUCHER_9500,818.0,15.0,0.0,0.0,0.0,0.0,819,15,0.0,0.0,0.0,0.0,818.5,0.0
1,674800,VOLCANIC_ROCK_VOUCHER_9500,817.0,18.0,0.0,0.0,0.0,0.0,819,18,0.0,0.0,0.0,0.0,818.0,0.0
1,674900,VOLCANIC_ROCK_VOUCHER_9500,818.0,17.0,0.0,0.0,0.0,0.0,819,17,0.0,0.0,0.0,0.0,818.5,0.0
1,675000,VOLCANIC_ROCK_VOUCHER_9500,817.0,16.0,0.0,0.0,0.0,0.0,819,16,0.0,0.0,0.0,0.0,818.0,0.0
1,675100,VOLCANIC_ROCK_VOUCHER_9500,810.0,12.0,0.0,0.0,0.0,0.0,812,12,0.0,0.0,0.0,0.0,811.0,0.0
1,675200,VOLCANIC_ROCK_VOUCHER_9500,813.0,16.0,0.0,0.0,0.0,0.0,814,16,0.0,0.0,0.0,0.0,813.5,0.0
1,675300,VOLCANIC_ROCK_VOUCHER_9500,814.0,13.0,0.0,0.0,0.0,0.0,815,13,0.0,0.0,0.0,0.0,814.5,0.0
1,675400,VOLCANIC_ROCK_VOUCHER_9500,812.0,25.0,0.0,0.0,0.0,0.0,813,15,0.0,0.0,0.0,0.0,812.5,0.0
1,675500,VOLCANIC_ROCK_VOUCHER_9500,813.0,20.0,0.0,0.0,0.0,0.0,814,20,0.0,0.0,0.0,0.0,813.5,0.0
1,675600,VOLCANIC_ROCK_VOUCHER_9500,817.0,15.0,0.0,0.0,0.0,0.0,818,15,0.0,0.0,0.0,0.0,817.5,0.0
1,675700,VOLCANIC_ROCK_VOUCHER_9500,816.0,12.0,0.0,0.0,0.0,0.0,817,12,0.0,0.0,0.0,0.0,816.5,0.0
1,675800,VOLCANIC_ROCK_VOUCHER_9500,819.0,15.0,818.0,20.0,0.0,0.0,820,20,0.0,0.0,0.0,0.0,819.5,0.0
1,675900,VOLCANIC_ROCK_VOUCHER_9500,819.0,19.0,0.0,0.0,0.0,0.0,820,19,0.0,0.0,0.0,0.0,819.5,0.0
1,676000,VOLCANIC_ROCK_VOUCHER_9500,815.0,12.0,0.0,0.0,0.0,0.0,816,12,0.0,0.0,0.0,0.0,815.5,0.0
1,676100,VOLCANIC_ROCK_VOUCHER_9500,0.0,0.0,0.0,0.0,0.0,0.0,815,2,816.0,13.0,0.0,0.0,815.0,0.0
1,676200,VOLCANIC_ROCK_VOUCHER_9500,821.0,11.0,0.0,0.0,0.0,0.0,822,11,0.0,0.0,0.0,0.0,821.5,0.0
1,676300,VOLCANIC_ROCK_VOUCHER_9500,825.0,12.0,0.0,0.0,0.0,0.0,826,12,0.0,0.0,0.0,0.0,825.5,0.0
1,676400,VOLCANIC_ROCK_VOUCHER_9500,823.0,11.0,0.0,0.0,0.0,0.0,824,11,0.0,0.0,0.0,0.0,823.5,0.0
1,676500,VOLCANIC_ROCK_VOUCHER_9500,823.0,14.0,0.0,0.0,0.0,0.0,825,14,0.0,0.0,0.0,0.0,824.0,0.0
1,676600,VOLCANIC_ROCK_VOUCHER_9500,827.0,30.0,0.0,0.0,0.0,0.0,828,16,0.0,0.0,0.0,0.0,827.5,0.0
1,676700,VOLCANIC_ROCK_VOUCHER_9500,830.0,14.0,0.0,0.0,0.0,0.0,832,14,0.0,0.0,0.0,0.0,831.0,0.0
1,676800,VOLCANIC_ROCK_VOUCHER_9500,829.0,16.0,0.0,0.0,0.0,0.0,830,16,0.0,0.0,0.0,0.0,829.5,0.0
1,676900,VOLCANIC_ROCK_VOUCHER_9500,831.0,29.0,0.0,0.0,0.0,0.0,832,19,0.0,0.0,0.0,0.0,831.5,0.0
1,677000,VOLCANIC_ROCK_VOUCHER_9500,835.0,15.0,0.0,0.0,0.0,0.0,836,15,0.0,0.0,0.0,0.0,835.5,0.0
1,677100,VOLCANIC_ROCK_VOUCHER_9500,834.0,15.0,833.0,15.0,0.0,0.0,835,15,0.0,0.0,0.0,0.0,834.5,0.0
1,677200,VOLCANIC_ROCK_VOUCHER_9500,835.0,17.0,0.0,0.0,0.0,0.0,836,17,0.0,0.0,0.0,0.0,835.5,0.0
1,677300,VOLCANIC_ROCK_VOUCHER_9500,833.0,18.0,0.0,0.0,0.0,0.0,834,18,0.0,0.0,0.0,0.0,833.5,0.0
1,677400,VOLCANIC_ROCK_VOUCHER_9500,830.0,13.0,0.0,0.0,0.0,0.0,831,13,0.0,0.0,0.0,0.0,830.5,0.0
1,677500,VOLCANIC_ROCK_VOUCHER_9500,827.0,21.0,0.0,0.0,0.0,0.0,828,21,0.0,0.0,0.0,0.0,827.5,0.0
1,677600,VOLCANIC_ROCK_VOUCHER_9500,828.0,15.0,0.0,0.0,0.0,0.0,829,15,0.0,0.0,0.0,0.0,828.5,0.0
1,677700,VOLCANIC_ROCK_VOUCHER_9500,826.0,20.0,0.0,0.0,0.0,0.0,827,20,0.0,0.0,0.0,0.0,826.5,0.0
1,677800,VOLCANIC_ROCK_VOUCHER_9500,824.0,15.0,0.0,0.0,0.0,0.0,826,15,0.0,0.0,0.0,0.0,825.0,0.0
1,677900,VOLCANIC_ROCK_VOUCHER_9500,821.0,16.0,0.0,0.0,0.0,0.0,822,16,0.0,0.0,0.0,0.0,821.5,0.0
1,678000,VOLCANIC_ROCK_VOUCHER_9500,815.0,10.0,0.0,0.0,0.0,0.0,816,10,0.0,0.0,0.0,0.0,815.5,0.0
1,678100,VOLCANIC_ROCK_VOUCHER_9500,816.0,20.0,0.0,0.0,0.0,0.0,817,20,0.0,0.0,0.0,0.0,816.5,0.0
1,678200,VOLCANIC_ROCK_VOUCHER_9500,818.0,14.0,0.0,0.0,0.0,0.0,819,14,0.0,0.0,0.0,0.0,818.5,0.0
1,678300,VOLCANIC_ROCK_VOUCHER_9500,824.0,17.0,0.0,0.0,0.0,0.0,825,17,0.0,0.0,0.0,0.0,824.5,0.0
1,678400,VOLCANIC_ROCK_VOUCHER_9500,825.0,10.0,0.0,0.0,0.0,0.0,826,10,0.0,0.0,0.0,0.0,825.5,0.0
1,678500,VOLCANIC_ROCK_VOUCHER_9500,827.0,18.0,0.0,0.0,0.0,0.0,828,18,0.0,0.0,0.0,0.0,827.5,0.0
1,678600,VOLCANIC_ROCK_VOUCHER_9500,824.0,15.0,0.0,0.0,0.0,0.0,826,15,0.0,0.0,0.0,0.0,825.0,0.0
1,678700,VOLCANIC_ROCK_VOUCHER_9500,823.0,4.0,0.0,0.0,0.0,0.0,824,13,0.0,0.0,0.0,0.0,823.5,0.0
1,678800,VOLCANIC_ROCK_VOUCHER_9500,826.0,15.0,0.0,0.0,0.0,0.0,827,15,0.0,0.0,0.0,0.0,826.5,0.0
1,678900,VOLCANIC_ROCK_VOUCHER_9500,824.0,12.0,0.0,0.0,0.0,0.0,825,12,0.0,0.0,0.0,0.0,824.5,0.0
1,679000,VOLCANIC_ROCK_VOUCHER_9500,822.0,13.0,0.0,0.0,0.0,0.0,823,13,0.0,0.0,0.0,0.0,822.5,0.0
1,679100,VOLCANIC_ROCK_VOUCHER_9500,821.0,18.0,0.0,0.0,0.0,0.0,822,18,0.0,0.0,0.0,0.0,821.5,0.0
1,679200,VOLCANIC_ROCK_VOUCHER_9500,819.0,12.0,0.0,0.0,0.0,0.0,820,12,0.0,0.0,0.0,0.0,819.5,0.0
1,679300,VOLCANIC_ROCK_VOUCHER_9500,822.0,10.0,0.0,0.0,0.0,0.0,823,10,0.0,0.0,0.0,0.0,822.5,0.0
1,679400,VOLCANIC_ROCK_VOUCHER_9500,822.0,29.0,0.0,0.0,0.0,0.0,823,14,0.0,0.0,0.0,0.0,822.5,0.0
1,679500,VOLCANIC_ROCK_VOUCHER_9500,822.0,20.0,0.0,0.0,0.0,0.0,823,20,0.0,0.0,0.0,0.0,822.5,0.0
1,679600,VOLCANIC_ROCK_VOUCHER_9500,820.0,18.0,0.0,0.0,0.0,0.0,821,18,0.0,0.0,0.0,0.0,820.5,0.0
1,679700,VOLCANIC_ROCK_VOUCHER_9500,823.0,14.0,0.0,0.0,0.0,0.0,824,14,0.0,0.0,0.0,0.0,823.5,0.0
1,679800,VOLCANIC_ROCK_VOUCHER_9500,823.0,20.0,0.0,0.0,0.0,0.0,824,20,0.0,0.0,0.0,0.0,823.5,0.0
1,679900,VOLCANIC_ROCK_VOUCHER_9500,827.0,16.0,0.0,0.0,0.0,0.0,828,16,0.0,0.0,0.0,0.0,827.5,0.0
1,680000,VOLCANIC_ROCK_VOUCHER_9500,824.0,17.0,0.0,0.0,0.0,0.0,825,17,0.0,0.0,0.0,0.0,824.5,0.0
1,680100,VOLCANIC_ROCK_VOUCHER_9500,822.0,17.0,0.0,0.0,0.0,0.0,823,17,0.0,0.0,0.0,0.0,822.5,0.0
1,680200,VOLCANIC_ROCK_VOUCHER_9500,823.0,17.0,0.0,0.0,0.0,0.0,825,17,0.0,0.0,0.0,0.0,824.0,0.0
1,680300,VOLCANIC_ROCK_VOUCHER_9500,0.0,0.0,0.0,0.0,0.0,0.0,823,4,824.0,16.0,0.0,0.0,823.0,0.0
1,680400,VOLCANIC_ROCK_VOUCHER_9500,823.0,11.0,0.0,0.0,0.0,0.0,824,11,0.0,0.0,0.0,0.0,823.5,0.0
1,680500,VOLCANIC_ROCK_VOUCHER_9500,817.0,15.0,0.0,0.0,0.0,0.0,818,15,0.0,0.0,0.0,0.0,817.5,0.0
1,680600,VOLCANIC_ROCK_VOUCHER_9500,820.0,2.0,819.0,19.0,0.0,0.0,821,21,0.0,0.0,0.0,0.0,820.5,0.0
1,680700,VOLCANIC_ROCK_VOUCHER_9500,822.0,13.0,0.0,0.0,0.0,0.0,823,13,0.0,0.0,0.0,0.0,822.5,0.0
1,680800,VOLCANIC_ROCK_VOUCHER_9500,822.0,15.0,0.0,0.0,0.0,0.0,823,15,0.0,0.0,0.0,0.0,822.5,0.0
1,680900,VOLCANIC_ROCK_VOUCHER_9500,819.0,19.0,0.0,0.0,0.0,0.0,820,19,0.0,0.0,0.0,0.0,819.5,0.0
1,681000,VOLCANIC_ROCK_VOUCHER_9500,819.0,20.0,0.0,0.0,0.0,0.0,820,20,0.0,0.0,0.0,0.0,819.5,0.0
1,681100,VOLCANIC_ROCK_VOUCHER_9500,825.0,16.0,0.0,0.0,0.0,0.0,826,16,0.0,0.0,0.0,0.0,825.5,0.0
1,681200,VOLCANIC_ROCK_VOUCHER_9500,821.0,10.0,0.0,0.0,0.0,0.0,822,10,0.0,0.0,0.0,0.0,821.5,0.0
1,681300,VOLCANIC_ROCK_VOUCHER_9500,0.0,0.0,0.0,0.0,0.0,0.0,822,5,823.0,10.0,0.0,0.0,822.0,0.0
1,681400,VOLCANIC_ROCK_VOUCHER_9500,820.0,12.0,0.0,0.0,0.0,0.0,822,12,0.0,0.0,0.0,0.0,821.0,0.0
1,681500,VOLCANIC_ROCK_VOUCHER_9500,819.0,19.0,0.0,0.0,0.0,0.0,820,19,0.0,0.0,0.0,0.0,819.5,0.0
1,681600,VOLCANIC_ROCK_VOUCHER_9500,821.0,30.0,0.0,0.0,0.0,0.0,822,18,0.0,0.0,0.0,0.0,821.5,0.0
1,681700,VOLCANIC_ROCK_VOUCHER_9500,820.0,31.0,0.0,0.0,0.0,0.0,821,17,0.0,0.0,0.0,0.0,820.5,0.0
1,681800,VOLCANIC_ROCK_VOUCHER_9500,820.0,12.0,0.0,0.0,0.0,0.0,821,12,0.0,0.0,0.0,0.0,820.5,0.0
1,681900,VOLCANIC_ROCK_VOUCHER_9500,822.0,17.0,0.0,0.0,0.0,0.0,823,17,0.0,0.0,0.0,0.0,822.5,0.0
1,682000,VOLCANIC_ROCK_VOUCHER_9500,822.0,13.0,0.0,0.0,0.0,0.0,823,13,0.0,0.0,0.0,0.0,822.5,0.0
1,682100,VOLCANIC_ROCK_VOUCHER_9500,816.0,15.0,0.0,0.0,0.0,0.0,817,15,0.0,0.0,0.0,0.0,816.5,0.0
1,682200,VOLCANIC_ROCK_VOUCHER_9500,816.0,19.0,0.0,0.0,0.0,0.0,818,19,0.0,0.0,0.0,0.0,817.0,0.0
1,682300,VOLCANIC_ROCK_VOUCHER_9500,819.0,16.0,0.0,0.0,0.0,0.0,821,16,0.0,0.0,0.0,0.0,820.0,0.0
1,682400,VOLCANIC_ROCK_VOUCHER_9500,819.0,15.0,0.0,0.0,0.0,0.0,820,15,0.0,0.0,0.0,0.0,819.5,0.0
1,682500,VOLCANIC_ROCK_VOUCHER_9500,816.0,17.0,0.0,0.0,0.0,0.0,817,17,0.0,0.0,0.0,0.0,816.5,0.0
1,682600,VOLCANIC_ROCK_VOUCHER_9500,816.0,19.0,0.0,0.0,0.0,0.0,818,19,0.0,0.0,0.0,0.0,817.0,0.0
1,682700,VOLCANIC_ROCK_VOUCHER_9500,814.0,22.0,0.0,0.0,0.0,0.0,815,22,0.0,0.0,0.0,0.0,814.5,0.0
1,682800,VOLCANIC_ROCK_VOUCHER_9500,810.0,12.0,0.0,0.0,0.0,0.0,811,12,0.0,0.0,0.0,0.0,810.5,0.0
1,682900,VOLCANIC_ROCK_VOUCHER_9500,811.0,21.0,0.0,0.0,0.0,0.0,812,21,0.0,0.0,0.0,0.0,811.5,0.0
1,683000,VOLCANIC_ROCK_VOUCHER_9500,808.0,15.0,0.0,0.0,0.0,0.0,809,15,0.0,0.0,0.0,0.0,808.5,0.0
1,683100,VOLCANIC_ROCK_VOUCHER_9500,811.0,1.0,0.0,0.0,0.0,0.0,812,13,0.0,0.0,0.0,0.0,811.5,0.0
1,683200,VOLCANIC_ROCK_VOUCHER_9500,811.0,15.0,0.0,0.0,0.0,0.0,812,15,0.0,0.0,0.0,0.0,811.5,0.0
1,683300,VOLCANIC_ROCK_VOUCHER_9500,810.0,14.0,0.0,0.0,0.0,0.0,812,14,0.0,0.0,0.0,0.0,811.0,0.0
1,683400,VOLCANIC_ROCK_VOUCHER_9500,804.0,14.0,0.0,0.0,0.0,0.0,805,14,0.0,0.0,0.0,0.0,804.5,0.0
1,683500,VOLCANIC_ROCK_VOUCHER_9500,803.0,7.0,0.0,0.0,0.0,0.0,804,17,0.0,0.0,0.0,0.0,803.5,0.0
1,683600,VOLCANIC_ROCK_VOUCHER_9500,799.0,15.0,0.0,0.0,0.0,0.0,800,15,0.0,0.0,0.0,0.0,799.5,0.0
1,683700,VOLCANIC_ROCK_VOUCHER_9500,801.0,28.0,0.0,0.0,0.0,0.0,802,18,0.0,0.0,0.0,0.0,801.5,0.0
1,683800,VOLCANIC_ROCK_VOUCHER_9500,805.0,12.0,0.0,0.0,0.0,0.0,806,12,0.0,0.0,0.0,0.0,805.5,0.0
1,683900,VOLCANIC_ROCK_VOUCHER_9500,811.0,15.0,0.0,0.0,0.0,0.0,812,15,0.0,0.0,0.0,0.0,811.5,0.0
1,684000,VOLCANIC_ROCK_VOUCHER_9500,810.0,15.0,0.0,0.0,0.0,0.0,811,15,0.0,0.0,0.0,0.0,810.5,0.0
1,684100,VOLCANIC_ROCK_VOUCHER_9500,805.0,13.0,0.0,0.0,0.0,0.0,806,13,0.0,0.0,0.0,0.0,805.5,0.0
1,684200,VOLCANIC_ROCK_VOUCHER_9500,805.0,18.0,0.0,0.0,0.0,0.0,806,18,0.0,0.0,0.0,0.0,805.5,0.0
1,684300,VOLCANIC_ROCK_VOUCHER_9500,807.0,17.0,0.0,0.0,0.0,0.0,808,17,0.0,0.0,0.0,0.0,807.5,0.0
1,684400,VOLCANIC_ROCK_VOUCHER_9500,809.0,19.0,0.0,0.0,0.0,0.0,810,19,0.0,0.0,0.0,0.0,809.5,0.0
1,684500,VOLCANIC_ROCK_VOUCHER_9500,811.0,14.0,0.0,0.0,0.0,0.0,812,14,0.0,0.0,0.0,0.0,811.5,0.0
1,684600,VOLCANIC_ROCK_VOUCHER_9500,813.0,1.0,0.0,0.0,0.0,0.0,814,13,0.0,0.0,0.0,0.0,813.5,0.0
1,684700,VOLCANIC_ROCK_VOUCHER_9500,813.0,14.0,0.0,0.0,0.0,0.0,814,14,0.0,0.0,0.0,0.0,813.5,0.0
1,684800,VOLCANIC_ROCK_VOUCHER_9500,810.0,18.0,0.0,0.0,0.0,0.0,811,18,0.0,0.0,0.0,0.0,810.5,0.0
1,684900,VOLCANIC_ROCK_VOUCHER_9500,817.0,12.0,0.0,0.0,0.0,0.0,818,12,0.0,0.0,0.0,0.0,817.5,0.0
1,685000,VOLCANIC_ROCK_VOUCHER_9500,817.0,19.0,0.0,0.0,0.0,0.0,818,19,0.0,0.0,0.0,0.0,817.5,0.0
1,685100,VOLCANIC_ROCK_VOUCHER_9500,818.0,17.0,0.0,0.0,0.0,0.0,819,17,0.0,0.0,0.0,0.0,818.5,0.0
1,685200,VOLCANIC_ROCK_VOUCHER_9500,827.0,14.0,0.0,0.0,0.0,0.0,828,14,0.0,0.0,0.0,0.0,827.5,0.0
1,685300,VOLCANIC_ROCK_VOUCHER_9500,824.0,14.0,0.0,0.0,0.0,0.0,825,14,0.0,0.0,0.0,0.0,824.5,0.0
1,685400,VOLCANIC_ROCK_VOUCHER_9500,827.0,12.0,826.0,20.0,0.0,0.0,828,20,0.0,0.0,0.0,0.0,827.5,0.0
1,685500,VOLCANIC_ROCK_VOUCHER_9500,830.0,18.0,0.0,0.0,0.0,0.0,831,18,0.0,0.0,0.0,0.0,830.5,0.0
1,685600,VOLCANIC_ROCK_VOUCHER_9500,831.0,20.0,0.0,0.0,0.0,0.0,833,20,0.0,0.0,0.0,0.0,832.0,0.0
1,685700,VOLCANIC_ROCK_VOUCHER_9500,835.0,32.0,0.0,0.0,0.0,0.0,836,16,0.0,0.0,0.0,0.0,835.5,0.0
1,685800,VOLCANIC_ROCK_VOUCHER_9500,836.0,10.0,0.0,0.0,0.0,0.0,837,10,0.0,0.0,0.0,0.0,836.5,0.0
1,685900,VOLCANIC_ROCK_VOUCHER_9500,838.0,10.0,0.0,0.0,0.0,0.0,839,10,0.0,0.0,0.0,0.0,838.5,0.0
1,686000,VOLCANIC_ROCK_VOUCHER_9500,836.0,17.0,0.0,0.0,0.0,0.0,837,17,0.0,0.0,0.0,0.0,836.5,0.0
1,686100,VOLCANIC_ROCK_VOUCHER_9500,842.0,21.0,0.0,0.0,0.0,0.0,843,21,0.0,0.0,0.0,0.0,842.5,0.0
1,686200,VOLCANIC_ROCK_VOUCHER_9500,839.0,12.0,0.0,0.0,0.0,0.0,840,12,0.0,0.0,0.0,0.0,839.5,0.0
1,686300,VOLCANIC_ROCK_VOUCHER_9500,843.0,21.0,0.0,0.0,0.0,0.0,844,21,0.0,0.0,0.0,0.0,843.5,0.0
1,686400,VOLCANIC_ROCK_VOUCHER_9500,845.0,20.0,0.0,0.0,0.0,0.0,847,20,0.0,0.0,0.0,0.0,846.0,0.0
1,686500,VOLCANIC_ROCK_VOUCHER_9500,854.0,12.0,0.0,0.0,0.0,0.0,855,12,0.0,0.0,0.0,0.0,854.5,0.0
1,686600,VOLCANIC_ROCK_VOUCHER_9500,853.0,15.0,0.0,0.0,0.0,0.0,854,15,0.0,0.0,0.0,0.0,853.5,0.0
1,686700,VOLCANIC_ROCK_VOUCHER_9500,852.0,17.0,0.0,0.0,0.0,0.0,853,17,0.0,0.0,0.0,0.0,852.5,0.0
1,686800,VOLCANIC_ROCK_VOUCHER_9500,851.0,21.0,0.0,0.0,0.0,0.0,852,21,0.0,0.0,0.0,0.0,851.5,0.0
1,686900,VOLCANIC_ROCK_VOUCHER_9500,851.0,18.0,0.0,0.0,0.0,0.0,853,18,0.0,0.0,0.0,0.0,852.0,0.0
1,687000,VOLCANIC_ROCK_VOUCHER_9500,849.0,18.0,848.0,14.0,0.0,0.0,850,15,0.0,0.0,0.0,0.0,849.5,0.0
1,687100,VOLCANIC_ROCK_VOUCHER_9500,851.0,17.0,0.0,0.0,0.0,0.0,852,17,0.0,0.0,0.0,0.0,851.5,0.0
1,687200,VOLCANIC_ROCK_VOUCHER_9500,849.0,16.0,0.0,0.0,0.0,0.0,850,16,0.0,0.0,0.0,0.0,849.5,0.0
1,687300,VOLCANIC_ROCK_VOUCHER_9500,845.0,21.0,0.0,0.0,0.0,0.0,846,21,0.0,0.0,0.0,0.0,845.5,0.0
1,687400,VOLCANIC_ROCK_VOUCHER_9500,846.0,12.0,0.0,0.0,0.0,0.0,847,12,0.0,0.0,0.0,0.0,846.5,0.0
1,687500,VOLCANIC_ROCK_VOUCHER_9500,848.0,13.0,0.0,0.0,0.0,0.0,849,13,0.0,0.0,0.0,0.0,848.5,0.0
1,687600,VOLCANIC_ROCK_VOUCHER_9500,849.0,21.0,0.0,0.0,0.0,0.0,850,21,0.0,0.0,0.0,0.0,849.5,0.0
1,687700,VOLCANIC_ROCK_VOUCHER_9500,851.0,7.0,0.0,0.0,0.0,0.0,852,18,0.0,0.0,0.0,0.0,851.5,0.0
1,687800,VOLCANIC_ROCK_VOUCHER_9500,852.0,17.0,0.0,0.0,0.0,0.0,853,17,0.0,0.0,0.0,0.0,852.5,0.0
1,687900,VOLCANIC_ROCK_VOUCHER_9500,851.0,16.0,0.0,0.0,0.0,0.0,852,16,0.0,0.0,0.0,0.0,851.5,0.0
1,688000,VOLCANIC_ROCK_VOUCHER_9500,853.0,18.0,0.0,0.0,0.0,0.0,854,18,0.0,0.0,0.0,0.0,853.5,0.0
1,688100,VOLCANIC_ROCK_VOUCHER_9500,856.0,16.0,0.0,0.0,0.0,0.0,857,16,0.0,0.0,0.0,0.0,856.5,0.0
1,688200,VOLCANIC_ROCK_VOUCHER_9500,856.0,30.0,0.0,0.0,0.0,0.0,858,13,0.0,0.0,0.0,0.0,857.0,0.0
1,688300,VOLCANIC_ROCK_VOUCHER_9500,853.0,12.0,0.0,0.0,0.0,0.0,854,12,0.0,0.0,0.0,0.0,853.5,0.0
1,688400,VOLCANIC_ROCK_VOUCHER_9500,856.0,22.0,0.0,0.0,0.0,0.0,857,22,0.0,0.0,0.0,0.0,856.5,0.0
1,688500,VOLCANIC_ROCK_VOUCHER_9500,850.0,20.0,0.0,0.0,0.0,0.0,851,20,0.0,0.0,0.0,0.0,850.5,0.0
1,688600,VOLCANIC_ROCK_VOUCHER_9500,845.0,19.0,0.0,0.0,0.0,0.0,846,19,0.0,0.0,0.0,0.0,845.5,0.0
1,688700,VOLCANIC_ROCK_VOUCHER_9500,846.0,19.0,0.0,0.0,0.0,0.0,847,19,0.0,0.0,0.0,0.0,846.5,0.0
1,688800,VOLCANIC_ROCK_VOUCHER_9500,848.0,20.0,0.0,0.0,0.0,0.0,849,20,0.0,0.0,0.0,0.0,848.5,0.0
1,688900,VOLCANIC_ROCK_VOUCHER_9500,848.0,2.0,847.0,15.0,0.0,0.0,849,17,0.0,0.0,0.0,0.0,848.5,0.0
1,689000,VOLCANIC_ROCK_VOUCHER_9500,850.0,21.0,0.0,0.0,0.0,0.0,851,21,0.0,0.0,0.0,0.0,850.5,0.0
1,689100,VOLCANIC_ROCK_VOUCHER_9500,850.0,20.0,0.0,0.0,0.0,0.0,851,20,0.0,0.0,0.0,0.0,850.5,0.0
1,689200,VOLCANIC_ROCK_VOUCHER_9500,855.0,15.0,0.0,0.0,0.0,0.0,856,15,0.0,0.0,0.0,0.0,855.5,0.0
1,689300,VOLCANIC_ROCK_VOUCHER_9500,855.0,11.0,0.0,0.0,0.0,0.0,856,11,0.0,0.0,0.0,0.0,855.5,0.0
1,689400,VOLCANIC_ROCK_VOUCHER_9500,855.0,33.0,0.0,0.0,0.0,0.0,856,14,0.0,0.0,0.0,0.0,855.5,0.0
1,689500,VOLCANIC_ROCK_VOUCHER_9500,858.0,14.0,0.0,0.0,0.0,0.0,859,14,0.0,0.0,0.0,0.0,858.5,0.0
1,689600,VOLCANIC_ROCK_VOUCHER_9500,860.0,46.0,0.0,0.0,0.0,0.0,861,13,0.0,0.0,0.0,0.0,860.5,0.0
1,689700,VOLCANIC_ROCK_VOUCHER_9500,861.0,20.0,0.0,0.0,0.0,0.0,862,20,0.0,0.0,0.0,0.0,861.5,0.0
1,689800,VOLCANIC_ROCK_VOUCHER_9500,866.0,20.0,0.0,0.0,0.0,0.0,867,20,0.0,0.0,0.0,0.0,866.5,0.0
1,689900,VOLCANIC_ROCK_VOUCHER_9500,874.0,15.0,0.0,0.0,0.0,0.0,875,15,0.0,0.0,0.0,0.0,874.5,0.0
1,690000,VOLCANIC_ROCK_VOUCHER_9500,866.0,15.0,0.0,0.0,0.0,0.0,867,15,0.0,0.0,0.0,0.0,866.5,0.0
1,690100,VOLCANIC_ROCK_VOUCHER_9500,866.0,13.0,0.0,0.0,0.0,0.0,867,13,0.0,0.0,0.0,0.0,866.5,0.0
1,690200,VOLCANIC_ROCK_VOUCHER_9500,864.0,15.0,0.0,0.0,0.0,0.0,865,15,0.0,0.0,0.0,0.0,864.5,0.0
1,690300,VOLCANIC_ROCK_VOUCHER_9500,865.0,12.0,0.0,0.0,0.0,0.0,866,12,0.0,0.0,0.0,0.0,865.5,0.0
1,690400,VOLCANIC_ROCK_VOUCHER_9500,865.0,21.0,0.0,0.0,0.0,0.0,866,21,0.0,0.0,0.0,0.0,865.5,0.0
1,690500,VOLCANIC_ROCK_VOUCHER_9500,863.0,10.0,0.0,0.0,0.0,0.0,864,10,0.0,0.0,0.0,0.0,863.5,0.0
1,690600,VOLCANIC_ROCK_VOUCHER_9500,862.0,41.0,0.0,0.0,0.0,0.0,863,21,0.0,0.0,0.0,0.0,862.5,0.0
1,690700,VOLCANIC_ROCK_VOUCHER_9500,862.0,21.0,0.0,0.0,0.0,0.0,863,21,0.0,0.0,0.0,0.0,862.5,0.0
1,690800,VOLCANIC_ROCK_VOUCHER_9500,864.0,15.0,0.0,0.0,0.0,0.0,865,15,0.0,0.0,0.0,0.0,864.5,0.0
1,690900,VOLCANIC_ROCK_VOUCHER_9500,866.0,16.0,0.0,0.0,0.0,0.0,867,16,0.0,0.0,0.0,0.0,866.5,0.0
1,691000,VOLCANIC_ROCK_VOUCHER_9500,866.0,13.0,0.0,0.0,0.0,0.0,867,13,0.0,0.0,0.0,0.0,866.5,0.0
1,691100,VOLCANIC_ROCK_VOUCHER_9500,865.0,15.0,0.0,0.0,0.0,0.0,866,15,0.0,0.0,0.0,0.0,865.5,0.0
1,691200,VOLCANIC_ROCK_VOUCHER_9500,866.0,14.0,0.0,0.0,0.0,0.0,867,14,0.0,0.0,0.0,0.0,866.5,0.0
1,691300,VOLCANIC_ROCK_VOUCHER_9500,861.0,13.0,0.0,0.0,0.0,0.0,863,13,0.0,0.0,0.0,0.0,862.0,0.0
1,691400,VOLCANIC_ROCK_VOUCHER_9500,859.0,16.0,0.0,0.0,0.0,0.0,860,16,0.0,0.0,0.0,0.0,859.5,0.0
1,691500,VOLCANIC_ROCK_VOUCHER_9500,857.0,17.0,0.0,0.0,0.0,0.0,858,17,0.0,0.0,0.0,0.0,857.5,0.0
1,691600,VOLCANIC_ROCK_VOUCHER_9500,856.0,11.0,0.0,0.0,0.0,0.0,858,11,0.0,0.0,0.0,0.0,857.0,0.0
1,691700,VOLCANIC_ROCK_VOUCHER_9500,856.0,21.0,0.0,0.0,0.0,0.0,858,21,0.0,0.0,0.0,0.0,857.0,0.0
1,691800,VOLCANIC_ROCK_VOUCHER_9500,855.0,13.0,0.0,0.0,0.0,0.0,856,13,0.0,0.0,0.0,0.0,855.5,0.0
1,691900,VOLCANIC_ROCK_VOUCHER_9500,856.0,14.0,0.0,0.0,0.0,0.0,857,14,0.0,0.0,0.0,0.0,856.5,0.0
1,692000,VOLCANIC_ROCK_VOUCHER_9500,858.0,20.0,0.0,0.0,0.0,0.0,859,20,0.0,0.0,0.0,0.0,858.5,0.0
1,692100,VOLCANIC_ROCK_VOUCHER_9500,853.0,19.0,0.0,0.0,0.0,0.0,854,19,0.0,0.0,0.0,0.0,853.5,0.0
1,692200,VOLCANIC_ROCK_VOUCHER_9500,840.0,18.0,0.0,0.0,0.0,0.0,841,18,0.0,0.0,0.0,0.0,840.5,0.0
1,692300,VOLCANIC_ROCK_VOUCHER_9500,841.0,1.0,840.0,15.0,0.0,0.0,842,16,0.0,0.0,0.0,0.0,841.5,0.0
1,692400,VOLCANIC_ROCK_VOUCHER_9500,839.0,15.0,0.0,0.0,0.0,0.0,840,15,0.0,0.0,0.0,0.0,839.5,0.0
1,692500,VOLCANIC_ROCK_VOUCHER_9500,836.0,20.0,0.0,0.0,0.0,0.0,837,20,0.0,0.0,0.0,0.0,836.5,0.0
1,692600,VOLCANIC_ROCK_VOUCHER_9500,833.0,12.0,0.0,0.0,0.0,0.0,834,12,0.0,0.0,0.0,0.0,833.5,0.0
1,692700,VOLCANIC_ROCK_VOUCHER_9500,829.0,19.0,0.0,0.0,0.0,0.0,830,19,0.0,0.0,0.0,0.0,829.5,0.0
1,692800,VOLCANIC_ROCK_VOUCHER_9500,832.0,15.0,0.0,0.0,0.0,0.0,833,15,0.0,0.0,0.0,0.0,832.5,0.0
1,692900,VOLCANIC_ROCK_VOUCHER_9500,829.0,18.0,0.0,0.0,0.0,0.0,830,18,0.0,0.0,0.0,0.0,829.5,0.0
1,693000,VOLCANIC_ROCK_VOUCHER_9500,828.0,19.0,0.0,0.0,0.0,0.0,829,19,0.0,0.0,0.0,0.0,828.5,0.0
1,693100,VOLCANIC_ROCK_VOUCHER_9500,831.0,16.0,0.0,0.0,0.0,0.0,832,16,0.0,0.0,0.0,0.0,831.5,0.0
1,693200,VOLCANIC_ROCK_VOUCHER_9500,0.0,0.0,0.0,0.0,0.0,0.0,830,2,831.0,14.0,0.0,0.0,830.0,0.0
1,693300,VOLCANIC_ROCK_VOUCHER_9500,828.0,22.0,0.0,0.0,0.0,0.0,829,22,0.0,0.0,0.0,0.0,828.5,0.0
1,693400,VOLCANIC_ROCK_VOUCHER_9500,828.0,15.0,0.0,0.0,0.0,0.0,829,15,0.0,0.0,0.0,0.0,828.5,0.0
1,693500,VOLCANIC_ROCK_VOUCHER_9500,826.0,11.0,0.0,0.0,0.0,0.0,827,11,0.0,0.0,0.0,0.0,826.5,0.0
1,693600,VOLCANIC_ROCK_VOUCHER_9500,827.0,10.0,0.0,0.0,0.0,0.0,828,10,0.0,0.0,0.0,0.0,827.5,0.0
1,693700,VOLCANIC_ROCK_VOUCHER_9500,829.0,1.0,0.0,0.0,0.0,0.0,830,20,0.0,0.0,0.0,0.0,829.5,0.0
1,693800,VOLCANIC_ROCK_VOUCHER_9500,826.0,16.0,0.0,0.0,0.0,0.0,827,16,0.0,0.0,0.0,0.0,826.5,0.0
1,693900,VOLCANIC_ROCK_VOUCHER_9500,826.0,18.0,0.0,0.0,0.0,0.0,827,18,0.0,0.0,0.0,0.0,826.5,0.0
1,694000,VOLCANIC_ROCK_VOUCHER_9500,828.0,12.0,0.0,0.0,0.0,0.0,829,12,0.0,0.0,0.0,0.0,828.5,0.0
1,694100,VOLCANIC_ROCK_VOUCHER_9500,822.0,20.0,0.0,0.0,0.0,0.0,823,20,0.0,0.0,0.0,0.0,822.5,0.0
1,694200,VOLCANIC_ROCK_VOUCHER_9500,827.0,17.0,0.0,0.0,0.0,0.0,828,17,0.0,0.0,0.0,0.0,827.5,0.0
1,694300,VOLCANIC_ROCK_VOUCHER_9500,826.0,14.0,0.0,0.0,0.0,0.0,827,13,828.0,14.0,0.0,0.0,826.5,0.0
1,694400,VOLCANIC_ROCK_VOUCHER_9500,823.0,12.0,0.0,0.0,0.0,0.0,824,12,0.0,0.0,0.0,0.0,823.5,0.0
1,694500,VOLCANIC_ROCK_VOUCHER_9500,825.0,16.0,0.0,0.0,0.0,0.0,826,16,0.0,0.0,0.0,0.0,825.5,0.0
1,694600,VOLCANIC_ROCK_VOUCHER_9500,826.0,19.0,0.0,0.0,0.0,0.0,827,19,0.0,0.0,0.0,0.0,826.5,0.0
1,694700,VOLCANIC_ROCK_VOUCHER_9500,825.0,11.0,0.0,0.0,0.0,0.0,826,11,0.0,0.0,0.0,0.0,825.5,0.0
1,694800,VOLCANIC_ROCK_VOUCHER_9500,824.0,21.0,0.0,0.0,0.0,0.0,825,21,0.0,0.0,0.0,0.0,824.5,0.0
1,694900,VOLCANIC_ROCK_VOUCHER_9500,826.0,17.0,0.0,0.0,0.0,0.0,827,17,0.0,0.0,0.0,0.0,826.5,0.0
1,695000,VOLCANIC_ROCK_VOUCHER_9500,826.0,16.0,0.0,0.0,0.0,0.0,828,16,0.0,0.0,0.0,0.0,827.0,0.0
1,695100,VOLCANIC_ROCK_VOUCHER_9500,825.0,15.0,0.0,0.0,0.0,0.0,827,15,0.0,0.0,0.0,0.0,826.0,0.0
1,695200,VOLCANIC_ROCK_VOUCHER_9500,835.0,16.0,0.0,0.0,0.0,0.0,836,16,0.0,0.0,0.0,0.0,835.5,0.0
1,695300,VOLCANIC_ROCK_VOUCHER_9500,833.0,15.0,0.0,0.0,0.0,0.0,834,15,0.0,0.0,0.0,0.0,833.5,0.0
1,695400,VOLCANIC_ROCK_VOUCHER_9500,832.0,19.0,0.0,0.0,0.0,0.0,833,19,0.0,0.0,0.0,0.0,832.5,0.0
1,695500,VOLCANIC_ROCK_VOUCHER_9500,833.0,11.0,0.0,0.0,0.0,0.0,834,11,0.0,0.0,0.0,0.0,833.5,0.0
1,695600,VOLCANIC_ROCK_VOUCHER_9500,831.0,14.0,0.0,0.0,0.0,0.0,833,14,0.0,0.0,0.0,0.0,832.0,0.0
1,695700,VOLCANIC_ROCK_VOUCHER_9500,831.0,17.0,0.0,0.0,0.0,0.0,832,17,0.0,0.0,0.0,0.0,831.5,0.0
1,695800,VOLCANIC_ROCK_VOUCHER_9500,833.0,13.0,0.0,0.0,0.0,0.0,834,13,0.0,0.0,0.0,0.0,833.5,0.0
1,695900,VOLCANIC_ROCK_VOUCHER_9500,831.0,14.0,0.0,0.0,0.0,0.0,833,14,0.0,0.0,0.0,0.0,832.0,0.0
1,696000,VOLCANIC_ROCK_VOUCHER_9500,832.0,14.0,0.0,0.0,0.0,0.0,833,14,0.0,0.0,0.0,0.0,832.5,0.0
1,696100,VOLCANIC_ROCK_VOUCHER_9500,835.0,12.0,0.0,0.0,0.0,0.0,836,12,0.0,0.0,0.0,0.0,835.5,0.0
1,696200,VOLCANIC_ROCK_VOUCHER_9500,833.0,27.0,0.0,0.0,0.0,0.0,834,15,0.0,0.0,0.0,0.0,833.5,0.0
1,696300,VOLCANIC_ROCK_VOUCHER_9500,832.0,14.0,0.0,0.0,0.0,0.0,834,14,0.0,0.0,0.0,0.0,833.0,0.0
1,696400,VOLCANIC_ROCK_VOUCHER_9500,837.0,19.0,0.0,0.0,0.0,0.0,838,19,0.0,0.0,0.0,0.0,837.5,0.0
1,696500,VOLCANIC_ROCK_VOUCHER_9500,835.0,12.0,0.0,0.0,0.0,0.0,836,12,0.0,0.0,0.0,0.0,835.5,0.0
1,696600,VOLCANIC_ROCK_VOUCHER_9500,834.0,18.0,0.0,0.0,0.0,0.0,835,18,0.0,0.0,0.0,0.0,834.5,0.0
1,696700,VOLCANIC_ROCK_VOUCHER_9500,835.0,17.0,0.0,0.0,0.0,0.0,836,17,0.0,0.0,0.0,0.0,835.5,0.0
1,696800,VOLCANIC_ROCK_VOUCHER_9500,835.0,19.0,0.0,0.0,0.0,0.0,836,19,0.0,0.0,0.0,0.0,835.5,0.0
1,696900,VOLCANIC_ROCK_VOUCHER_9500,835.0,17.0,0.0,0.0,0.0,0.0,836,17,0.0,0.0,0.0,0.0,835.5,0.0
1,697000,VOLCANIC_ROCK_VOUCHER_9500,833.0,18.0,0.0,0.0,0.0,0.0,834,18,0.0,0.0,0.0,0.0,833.5,0.0
1,697100,VOLCANIC_ROCK_VOUCHER_9500,834.0,14.0,0.0,0.0,0.0,0.0,835,14,0.0,0.0,0.0,0.0,834.5,0.0
1,697200,VOLCANIC_ROCK_VOUCHER_9500,833.0,14.0,0.0,0.0,0.0,0.0,834,14,0.0,0.0,0.0,0.0,833.5,0.0
1,697300,VOLCANIC_ROCK_VOUCHER_9500,830.0,16.0,0.0,0.0,0.0,0.0,831,16,0.0,0.0,0.0,0.0,830.5,0.0
1,697400,VOLCANIC_ROCK_VOUCHER_9500,828.0,11.0,0.0,0.0,0.0,0.0,829,11,0.0,0.0,0.0,0.0,828.5,0.0
1,697500,VOLCANIC_ROCK_VOUCHER_9500,824.0,18.0,0.0,0.0,0.0,0.0,825,18,0.0,0.0,0.0,0.0,824.5,0.0
1,697600,VOLCANIC_ROCK_VOUCHER_9500,824.0,12.0,0.0,0.0,0.0,0.0,826,12,0.0,0.0,0.0,0.0,825.0,0.0
1,697700,VOLCANIC_ROCK_VOUCHER_9500,820.0,13.0,0.0,0.0,0.0,0.0,821,13,0.0,0.0,0.0,0.0,820.5,0.0
1,697800,VOLCANIC_ROCK_VOUCHER_9500,822.0,18.0,0.0,0.0,0.0,0.0,823,2,824.0,16.0,0.0,0.0,822.5,0.0
1,697900,VOLCANIC_ROCK_VOUCHER_9500,821.0,19.0,0.0,0.0,0.0,0.0,822,19,0.0,0.0,0.0,0.0,821.5,0.0
1,698000,VOLCANIC_ROCK_VOUCHER_9500,824.0,16.0,0.0,0.0,0.0,0.0,825,16,0.0,0.0,0.0,0.0,824.5,0.0
1,698100,VOLCANIC_ROCK_VOUCHER_9500,823.0,17.0,0.0,0.0,0.0,0.0,824,17,0.0,0.0,0.0,0.0,823.5,0.0
1,698200,VOLCANIC_ROCK_VOUCHER_9500,817.0,22.0,0.0,0.0,0.0,0.0,818,22,0.0,0.0,0.0,0.0,817.5,0.0
1,698300,VOLCANIC_ROCK_VOUCHER_9500,815.0,19.0,0.0,0.0,0.0,0.0,816,19,0.0,0.0,0.0,0.0,815.5,0.0
1,698400,VOLCANIC_ROCK_VOUCHER_9500,819.0,22.0,0.0,0.0,0.0,0.0,820,22,0.0,0.0,0.0,0.0,819.5,0.0
1,698500,VOLCANIC_ROCK_VOUCHER_9500,817.0,16.0,0.0,0.0,0.0,0.0,818,16,0.0,0.0,0.0,0.0,817.5,0.0
1,698600,VOLCANIC_ROCK_VOUCHER_9500,821.0,10.0,0.0,0.0,0.0,0.0,822,10,0.0,0.0,0.0,0.0,821.5,0.0
1,698700,VOLCANIC_ROCK_VOUCHER_9500,818.0,13.0,0.0,0.0,0.0,0.0,819,13,0.0,0.0,0.0,0.0,818.5,0.0
1,698800,VOLCANIC_ROCK_VOUCHER_9500,820.0,21.0,0.0,0.0,0.0,0.0,821,21,0.0,0.0,0.0,0.0,820.5,0.0
1,698900,VOLCANIC_ROCK_VOUCHER_9500,819.0,14.0,0.0,0.0,0.0,0.0,821,14,0.0,0.0,0.0,0.0,820.0,0.0
1,699000,VOLCANIC_ROCK_VOUCHER_9500,819.0,13.0,0.0,0.0,0.0,0.0,820,13,0.0,0.0,0.0,0.0,819.5,0.0
1,699100,VOLCANIC_ROCK_VOUCHER_9500,817.0,14.0,0.0,0.0,0.0,0.0,818,14,0.0,0.0,0.0,0.0,817.5,0.0
1,699200,VOLCANIC_ROCK_VOUCHER_9500,821.0,16.0,0.0,0.0,0.0,0.0,822,16,0.0,0.0,0.0,0.0,821.5,0.0
1,699300,VOLCANIC_ROCK_VOUCHER_9500,824.0,20.0,0.0,0.0,0.0,0.0,825,20,0.0,0.0,0.0,0.0,824.5,0.0
1,699400,VOLCANIC_ROCK_VOUCHER_9500,825.0,16.0,0.0,0.0,0.0,0.0,826,16,0.0,0.0,0.0,0.0,825.5,0.0
1,699500,VOLCANIC_ROCK_VOUCHER_9500,827.0,17.0,0.0,0.0,0.0,0.0,828,17,0.0,0.0,0.0,0.0,827.5,0.0
1,699600,VOLCANIC_ROCK_VOUCHER_9500,826.0,12.0,0.0,0.0,0.0,0.0,827,12,0.0,0.0,0.0,0.0,826.5,0.0
1,699700,VOLCANIC_ROCK_VOUCHER_9500,828.0,14.0,0.0,0.0,0.0,0.0,829,14,0.0,0.0,0.0,0.0,828.5,0.0
1,699800,VOLCANIC_ROCK_VOUCHER_9500,825.0,14.0,0.0,0.0,0.0,0.0,827,14,0.0,0.0,0.0,0.0,826.0,0.0
1,699900,VOLCANIC_ROCK_VOUCHER_9500,830.0,19.0,0.0,0.0,0.0,0.0,831,19,0.0,0.0,0.0,0.0,830.5,0.0
1,700000,VOLCANIC_ROCK_VOUCHER_9500,828.0,16.0,0.0,0.0,0.0,0.0,829,16,0.0,0.0,0.0,0.0,828.5,0.0
1,700100,VOLCANIC_ROCK_VOUCHER_9500,827.0,13.0,0.0,0.0,0.0,0.0,828,13,0.0,0.0,0.0,0.0,827.5,0.0
1,700200,VOLCANIC_ROCK_VOUCHER_9500,824.0,14.0,0.0,0.0,0.0,0.0,825,14,0.0,0.0,0.0,0.0,824.5,0.0
1,700300,VOLCANIC_ROCK_VOUCHER_9500,826.0,15.0,0.0,0.0,0.0,0.0,827,15,0.0,0.0,0.0,0.0,826.5,0.0
1,700400,VOLCANIC_ROCK_VOUCHER_9500,827.0,19.0,0.0,0.0,0.0,0.0,828,19,0.0,0.0,0.0,0.0,827.5,0.0
1,700500,VOLCANIC_ROCK_VOUCHER_9500,822.0,16.0,0.0,0.0,0.0,0.0,823,16,0.0,0.0,0.0,0.0,822.5,0.0
1,700600,VOLCANIC_ROCK_VOUCHER_9500,826.0,18.0,0.0,0.0,0.0,0.0,827,18,0.0,0.0,0.0,0.0,826.5,0.0
1,700700,VOLCANIC_ROCK_VOUCHER_9500,824.0,19.0,0.0,0.0,0.0,0.0,825,19,0.0,0.0,0.0,0.0,824.5,0.0
1,700800,VOLCANIC_ROCK_VOUCHER_9500,824.0,4.0,0.0,0.0,0.0,0.0,825,18,0.0,0.0,0.0,0.0,824.5,0.0
1,700900,VOLCANIC_ROCK_VOUCHER_9500,820.0,17.0,0.0,0.0,0.0,0.0,821,17,0.0,0.0,0.0,0.0,820.5,0.0
1,701000,VOLCANIC_ROCK_VOUCHER_9500,820.0,14.0,0.0,0.0,0.0,0.0,822,14,0.0,0.0,0.0,0.0,821.0,0.0
1,701100,VOLCANIC_ROCK_VOUCHER_9500,820.0,11.0,0.0,0.0,0.0,0.0,821,11,0.0,0.0,0.0,0.0,820.5,0.0
1,701200,VOLCANIC_ROCK_VOUCHER_9500,821.0,13.0,0.0,0.0,0.0,0.0,822,13,0.0,0.0,0.0,0.0,821.5,0.0
1,701300,VOLCANIC_ROCK_VOUCHER_9500,819.0,10.0,0.0,0.0,0.0,0.0,820,10,0.0,0.0,0.0,0.0,819.5,0.0
1,701400,VOLCANIC_ROCK_VOUCHER_9500,819.0,13.0,0.0,0.0,0.0,0.0,820,13,0.0,0.0,0.0,0.0,819.5,0.0
1,701500,VOLCANIC_ROCK_VOUCHER_9500,821.0,12.0,0.0,0.0,0.0,0.0,822,12,0.0,0.0,0.0,0.0,821.5,0.0
1,701600,VOLCANIC_ROCK_VOUCHER_9500,824.0,14.0,0.0,0.0,0.0,0.0,825,14,0.0,0.0,0.0,0.0,824.5,0.0
1,701700,VOLCANIC_ROCK_VOUCHER_9500,822.0,14.0,0.0,0.0,0.0,0.0,823,14,0.0,0.0,0.0,0.0,822.5,0.0
1,701800,VOLCANIC_ROCK_VOUCHER_9500,823.0,13.0,0.0,0.0,0.0,0.0,824,13,0.0,0.0,0.0,0.0,823.5,0.0
1,701900,VOLCANIC_ROCK_VOUCHER_9500,822.0,11.0,0.0,0.0,0.0,0.0,823,11,0.0,0.0,0.0,0.0,822.5,0.0
1,702000,VOLCANIC_ROCK_VOUCHER_9500,821.0,18.0,0.0,0.0,0.0,0.0,822,18,0.0,0.0,0.0,0.0,821.5,0.0
1,702100,VOLCANIC_ROCK_VOUCHER_9500,816.0,22.0,0.0,0.0,0.0,0.0,817,22,0.0,0.0,0.0,0.0,816.5,0.0
1,702200,VOLCANIC_ROCK_VOUCHER_9500,818.0,2.0,0.0,0.0,0.0,0.0,819,13,0.0,0.0,0.0,0.0,818.5,0.0
1,702300,VOLCANIC_ROCK_VOUCHER_9500,819.0,17.0,0.0,0.0,0.0,0.0,820,17,0.0,0.0,0.0,0.0,819.5,0.0
1,702400,VOLCANIC_ROCK_VOUCHER_9500,817.0,12.0,0.0,0.0,0.0,0.0,818,12,0.0,0.0,0.0,0.0,817.5,0.0
1,702500,VOLCANIC_ROCK_VOUCHER_9500,817.0,14.0,0.0,0.0,0.0,0.0,818,14,0.0,0.0,0.0,0.0,817.5,0.0
1,702600,VOLCANIC_ROCK_VOUCHER_9500,816.0,11.0,0.0,0.0,0.0,0.0,817,11,0.0,0.0,0.0,0.0,816.5,0.0
1,702700,VOLCANIC_ROCK_VOUCHER_9500,814.0,19.0,0.0,0.0,0.0,0.0,815,19,0.0,0.0,0.0,0.0,814.5,0.0
1,702800,VOLCANIC_ROCK_VOUCHER_9500,810.0,19.0,0.0,0.0,0.0,0.0,811,19,0.0,0.0,0.0,0.0,810.5,0.0
1,702900,VOLCANIC_ROCK_VOUCHER_9500,810.0,27.0,0.0,0.0,0.0,0.0,811,18,0.0,0.0,0.0,0.0,810.5,0.0
1,703000,VOLCANIC_ROCK_VOUCHER_9500,810.0,21.0,0.0,0.0,0.0,0.0,811,21,0.0,0.0,0.0,0.0,810.5,0.0
1,703100,VOLCANIC_ROCK_VOUCHER_9500,804.0,15.0,0.0,0.0,0.0,0.0,805,15,0.0,0.0,0.0,0.0,804.5,0.0
1,703200,VOLCANIC_ROCK_VOUCHER_9500,805.0,15.0,0.0,0.0,0.0,0.0,806,15,0.0,0.0,0.0,0.0,805.5,0.0
1,703300,VOLCANIC_ROCK_VOUCHER_9500,806.0,15.0,0.0,0.0,0.0,0.0,807,15,0.0,0.0,0.0,0.0,806.5,0.0
1,703400,VOLCANIC_ROCK_VOUCHER_9500,810.0,20.0,0.0,0.0,0.0,0.0,811,20,0.0,0.0,0.0,0.0,810.5,0.0
1,703500,VOLCANIC_ROCK_VOUCHER_9500,811.0,17.0,0.0,0.0,0.0,0.0,812,17,0.0,0.0,0.0,0.0,811.5,0.0
1,703600,VOLCANIC_ROCK_VOUCHER_9500,814.0,19.0,0.0,0.0,0.0,0.0,815,19,0.0,0.0,0.0,0.0,814.5,0.0
1,703700,VOLCANIC_ROCK_VOUCHER_9500,815.0,12.0,0.0,0.0,0.0,0.0,816,12,0.0,0.0,0.0,0.0,815.5,0.0
1,703800,VOLCANIC_ROCK_VOUCHER_9500,814.0,15.0,0.0,0.0,0.0,0.0,815,15,0.0,0.0,0.0,0.0,814.5,0.0
1,703900,VOLCANIC_ROCK_VOUCHER_9500,810.0,14.0,0.0,0.0,0.0,0.0,811,14,0.0,0.0,0.0,0.0,810.5,0.0
1,704000,VOLCANIC_ROCK_VOUCHER_9500,806.0,18.0,0.0,0.0,0.0,0.0,808,18,0.0,0.0,0.0,0.0,807.0,0.0
1,704100,VOLCANIC_ROCK_VOUCHER_9500,803.0,21.0,0.0,0.0,0.0,0.0,804,21,0.0,0.0,0.0,0.0,803.5,0.0
1,704200,VOLCANIC_ROCK_VOUCHER_9500,805.0,20.0,0.0,0.0,0.0,0.0,806,20,0.0,0.0,0.0,0.0,805.5,0.0
1,704300,VOLCANIC_ROCK_VOUCHER_9500,799.0,11.0,0.0,0.0,0.0,0.0,800,11,0.0,0.0,0.0,0.0,799.5,0.0
1,704400,VOLCANIC_ROCK_VOUCHER_9500,798.0,13.0,0.0,0.0,0.0,0.0,799,13,0.0,0.0,0.0,0.0,798.5,0.0
1,704500,VOLCANIC_ROCK_VOUCHER_9500,800.0,13.0,0.0,0.0,0.0,0.0,801,13,0.0,0.0,0.0,0.0,800.5,0.0
1,704600,VOLCANIC_ROCK_VOUCHER_9500,801.0,20.0,0.0,0.0,0.0,0.0,802,20,0.0,0.0,0.0,0.0,801.5,0.0
1,704700,VOLCANIC_ROCK_VOUCHER_9500,801.0,18.0,0.0,0.0,0.0,0.0,802,18,0.0,0.0,0.0,0.0,801.5,0.0
1,704800,VOLCANIC_ROCK_VOUCHER_9500,800.0,13.0,0.0,0.0,0.0,0.0,801,13,0.0,0.0,0.0,0.0,800.5,0.0
1,704900,VOLCANIC_ROCK_VOUCHER_9500,799.0,15.0,0.0,0.0,0.0,0.0,800,15,0.0,0.0,0.0,0.0,799.5,0.0
1,705000,VOLCANIC_ROCK_VOUCHER_9500,799.0,10.0,0.0,0.0,0.0,0.0,800,10,0.0,0.0,0.0,0.0,799.5,0.0
1,705100,VOLCANIC_ROCK_VOUCHER_9500,799.0,12.0,0.0,0.0,0.0,0.0,800,12,0.0,0.0,0.0,0.0,799.5,0.0
1,705200,VOLCANIC_ROCK_VOUCHER_9500,795.0,22.0,0.0,0.0,0.0,0.0,796,22,0.0,0.0,0.0,0.0,795.5,0.0
1,705300,VOLCANIC_ROCK_VOUCHER_9500,792.0,22.0,0.0,0.0,0.0,0.0,794,22,0.0,0.0,0.0,0.0,793.0,0.0
1,705400,VOLCANIC_ROCK_VOUCHER_9500,799.0,15.0,0.0,0.0,0.0,0.0,800,15,0.0,0.0,0.0,0.0,799.5,0.0
1,705500,VOLCANIC_ROCK_VOUCHER_9500,801.0,20.0,0.0,0.0,0.0,0.0,802,20,0.0,0.0,0.0,0.0,801.5,0.0
1,705600,VOLCANIC_ROCK_VOUCHER_9500,800.0,14.0,0.0,0.0,0.0,0.0,802,14,0.0,0.0,0.0,0.0,801.0,0.0
1,705700,VOLCANIC_ROCK_VOUCHER_9500,798.0,20.0,0.0,0.0,0.0,0.0,800,20,0.0,0.0,0.0,0.0,799.0,0.0
1,705800,VOLCANIC_ROCK_VOUCHER_9500,800.0,20.0,0.0,0.0,0.0,0.0,801,20,0.0,0.0,0.0,0.0,800.5,0.0
1,705900,VOLCANIC_ROCK_VOUCHER_9500,802.0,15.0,0.0,0.0,0.0,0.0,803,15,0.0,0.0,0.0,0.0,802.5,0.0
1,706000,VOLCANIC_ROCK_VOUCHER_9500,0.0,0.0,0.0,0.0,0.0,0.0,804,4,805.0,12.0,0.0,0.0,804.0,0.0
1,706100,VOLCANIC_ROCK_VOUCHER_9500,805.0,16.0,0.0,0.0,0.0,0.0,806,16,0.0,0.0,0.0,0.0,805.5,0.0
1,706200,VOLCANIC_ROCK_VOUCHER_9500,812.0,21.0,0.0,0.0,0.0,0.0,813,21,0.0,0.0,0.0,0.0,812.5,0.0
1,706300,VOLCANIC_ROCK_VOUCHER_9500,811.0,27.0,0.0,0.0,0.0,0.0,812,14,0.0,0.0,0.0,0.0,811.5,0.0
1,706400,VOLCANIC_ROCK_VOUCHER_9500,812.0,15.0,0.0,0.0,0.0,0.0,813,15,0.0,0.0,0.0,0.0,812.5,0.0
1,706500,VOLCANIC_ROCK_VOUCHER_9500,814.0,14.0,0.0,0.0,0.0,0.0,815,14,0.0,0.0,0.0,0.0,814.5,0.0
1,706600,VOLCANIC_ROCK_VOUCHER_9500,813.0,14.0,0.0,0.0,0.0,0.0,814,14,0.0,0.0,0.0,0.0,813.5,0.0
1,706700,VOLCANIC_ROCK_VOUCHER_9500,816.0,2.0,0.0,0.0,0.0,0.0,817,21,0.0,0.0,0.0,0.0,816.5,0.0
1,706800,VOLCANIC_ROCK_VOUCHER_9500,813.0,14.0,0.0,0.0,0.0,0.0,814,14,0.0,0.0,0.0,0.0,813.5,0.0
1,706900,VOLCANIC_ROCK_VOUCHER_9500,811.0,14.0,0.0,0.0,0.0,0.0,812,14,0.0,0.0,0.0,0.0,811.5,0.0
1,707000,VOLCANIC_ROCK_VOUCHER_9500,809.0,20.0,0.0,0.0,0.0,0.0,810,20,0.0,0.0,0.0,0.0,809.5,0.0
1,707100,VOLCANIC_ROCK_VOUCHER_9500,808.0,16.0,0.0,0.0,0.0,0.0,809,16,0.0,0.0,0.0,0.0,808.5,0.0
1,707200,VOLCANIC_ROCK_VOUCHER_9500,806.0,22.0,0.0,0.0,0.0,0.0,807,22,0.0,0.0,0.0,0.0,806.5,0.0
1,707300,VOLCANIC_ROCK_VOUCHER_9500,809.0,13.0,0.0,0.0,0.0,0.0,810,13,0.0,0.0,0.0,0.0,809.5,0.0
1,707400,VOLCANIC_ROCK_VOUCHER_9500,810.0,11.0,0.0,0.0,0.0,0.0,811,11,0.0,0.0,0.0,0.0,810.5,0.0
1,707500,VOLCANIC_ROCK_VOUCHER_9500,810.0,12.0,0.0,0.0,0.0,0.0,811,12,0.0,0.0,0.0,0.0,810.5,0.0
1,707600,VOLCANIC_ROCK_VOUCHER_9500,813.0,15.0,0.0,0.0,0.0,0.0,814,15,0.0,0.0,0.0,0.0,813.5,0.0
1,707700,VOLCANIC_ROCK_VOUCHER_9500,813.0,21.0,0.0,0.0,0.0,0.0,814,21,0.0,0.0,0.0,0.0,813.5,0.0
1,707800,VOLCANIC_ROCK_VOUCHER_9500,807.0,21.0,0.0,0.0,0.0,0.0,808,21,0.0,0.0,0.0,0.0,807.5,0.0
1,707900,VOLCANIC_ROCK_VOUCHER_9500,810.0,11.0,0.0,0.0,0.0,0.0,812,11,0.0,0.0,0.0,0.0,811.0,0.0
1,708000,VOLCANIC_ROCK_VOUCHER_9500,811.0,21.0,0.0,0.0,0.0,0.0,812,21,0.0,0.0,0.0,0.0,811.5,0.0
1,708100,VOLCANIC_ROCK_VOUCHER_9500,814.0,2.0,813.0,11.0,0.0,0.0,815,13,0.0,0.0,0.0,0.0,814.5,0.0
1,708200,VOLCANIC_ROCK_VOUCHER_9500,815.0,18.0,0.0,0.0,0.0,0.0,816,18,0.0,0.0,0.0,0.0,815.5,0.0
1,708300,VOLCANIC_ROCK_VOUCHER_9500,819.0,12.0,0.0,0.0,0.0,0.0,820,12,0.0,0.0,0.0,0.0,819.5,0.0
1,708400,VOLCANIC_ROCK_VOUCHER_9500,822.0,20.0,0.0,0.0,0.0,0.0,823,20,0.0,0.0,0.0,0.0,822.5,0.0
1,708500,VOLCANIC_ROCK_VOUCHER_9500,825.0,20.0,0.0,0.0,0.0,0.0,826,20,0.0,0.0,0.0,0.0,825.5,0.0
1,708600,VOLCANIC_ROCK_VOUCHER_9500,830.0,20.0,0.0,0.0,0.0,0.0,831,20,0.0,0.0,0.0,0.0,830.5,0.0
1,708700,VOLCANIC_ROCK_VOUCHER_9500,830.0,1.0,0.0,0.0,0.0,0.0,831,11,0.0,0.0,0.0,0.0,830.5,0.0
1,708800,VOLCANIC_ROCK_VOUCHER_9500,831.0,12.0,0.0,0.0,0.0,0.0,832,12,0.0,0.0,0.0,0.0,831.5,0.0
1,708900,VOLCANIC_ROCK_VOUCHER_9500,831.0,14.0,0.0,0.0,0.0,0.0,832,14,0.0,0.0,0.0,0.0,831.5,0.0
1,709000,VOLCANIC_ROCK_VOUCHER_9500,830.0,14.0,0.0,0.0,0.0,0.0,831,14,0.0,0.0,0.0,0.0,830.5,0.0
1,709100,VOLCANIC_ROCK_VOUCHER_9500,826.0,20.0,0.0,0.0,0.0,0.0,828,20,0.0,0.0,0.0,0.0,827.0,0.0
1,709200,VOLCANIC_ROCK_VOUCHER_9500,826.0,28.0,0.0,0.0,0.0,0.0,827,16,0.0,0.0,0.0,0.0,826.5,0.0
1,709300,VOLCANIC_ROCK_VOUCHER_9500,827.0,15.0,0.0,0.0,0.0,0.0,828,15,0.0,0.0,0.0,0.0,827.5,0.0
1,709400,VOLCANIC_ROCK_VOUCHER_9500,826.0,13.0,0.0,0.0,0.0,0.0,827,13,0.0,0.0,0.0,0.0,826.5,0.0
1,709500,VOLCANIC_ROCK_VOUCHER_9500,828.0,25.0,0.0,0.0,0.0,0.0,829,16,0.0,0.0,0.0,0.0,828.5,0.0
1,709600,VOLCANIC_ROCK_VOUCHER_9500,828.0,17.0,0.0,0.0,0.0,0.0,829,17,0.0,0.0,0.0,0.0,828.5,0.0
1,709700,VOLCANIC_ROCK_VOUCHER_9500,823.0,16.0,0.0,0.0,0.0,0.0,824,16,0.0,0.0,0.0,0.0,823.5,0.0
1,709800,VOLCANIC_ROCK_VOUCHER_9500,823.0,20.0,0.0,0.0,0.0,0.0,825,20,0.0,0.0,0.0,0.0,824.0,0.0
1,709900,VOLCANIC_ROCK_VOUCHER_9500,0.0,0.0,0.0,0.0,0.0,0.0,823,15,0.0,0.0,0.0,0.0,823.0,0.0
1,710000,VOLCANIC_ROCK_VOUCHER_9500,818.0,19.0,0.0,0.0,0.0,0.0,819,19,0.0,0.0,0.0,0.0,818.5,0.0
1,710100,VOLCANIC_ROCK_VOUCHER_9500,817.0,20.0,0.0,0.0,0.0,0.0,819,20,0.0,0.0,0.0,0.0,818.0,0.0
1,710200,VOLCANIC_ROCK_VOUCHER_9500,812.0,20.0,0.0,0.0,0.0,0.0,813,20,0.0,0.0,0.0,0.0,812.5,0.0
1,710300,VOLCANIC_ROCK_VOUCHER_9500,0.0,0.0,0.0,0.0,0.0,0.0,812,2,813.0,12.0,0.0,0.0,812.0,0.0
1,710400,VOLCANIC_ROCK_VOUCHER_9500,816.0,14.0,0.0,0.0,0.0,0.0,817,14,0.0,0.0,0.0,0.0,816.5,0.0
1,710500,VOLCANIC_ROCK_VOUCHER_9500,819.0,15.0,0.0,0.0,0.0,0.0,820,15,0.0,0.0,0.0,0.0,819.5,0.0
1,710600,VOLCANIC_ROCK_VOUCHER_9500,819.0,12.0,0.0,0.0,0.0,0.0,821,12,0.0,0.0,0.0,0.0,820.0,0.0
1,710700,VOLCANIC_ROCK_VOUCHER_9500,825.0,13.0,0.0,0.0,0.0,0.0,826,13,0.0,0.0,0.0,0.0,825.5,0.0
1,710800,VOLCANIC_ROCK_VOUCHER_9500,823.0,12.0,0.0,0.0,0.0,0.0,824,12,0.0,0.0,0.0,0.0,823.5,0.0
1,710900,VOLCANIC_ROCK_VOUCHER_9500,0.0,0.0,0.0,0.0,0.0,0.0,820,2,821.0,17.0,0.0,0.0,820.0,0.0
1,711000,VOLCANIC_ROCK_VOUCHER_9500,826.0,16.0,0.0,0.0,0.0,0.0,827,16,0.0,0.0,0.0,0.0,826.5,0.0
1,711100,VOLCANIC_ROCK_VOUCHER_9500,828.0,11.0,0.0,0.0,0.0,0.0,829,11,0.0,0.0,0.0,0.0,828.5,0.0
1,711200,VOLCANIC_ROCK_VOUCHER_9500,833.0,20.0,0.0,0.0,0.0,0.0,834,20,0.0,0.0,0.0,0.0,833.5,0.0
1,711300,VOLCANIC_ROCK_VOUCHER_9500,831.0,19.0,0.0,0.0,0.0,0.0,832,19,0.0,0.0,0.0,0.0,831.5,0.0
1,711400,VOLCANIC_ROCK_VOUCHER_9500,832.0,12.0,0.0,0.0,0.0,0.0,833,12,0.0,0.0,0.0,0.0,832.5,0.0
1,711500,VOLCANIC_ROCK_VOUCHER_9500,832.0,11.0,0.0,0.0,0.0,0.0,833,11,0.0,0.0,0.0,0.0,832.5,0.0
1,711600,VOLCANIC_ROCK_VOUCHER_9500,832.0,12.0,0.0,0.0,0.0,0.0,833,12,0.0,0.0,0.0,0.0,832.5,0.0
1,711700,VOLCANIC_ROCK_VOUCHER_9500,831.0,12.0,0.0,0.0,0.0,0.0,832,12,0.0,0.0,0.0,0.0,831.5,0.0
1,711800,VOLCANIC_ROCK_VOUCHER_9500,828.0,13.0,0.0,0.0,0.0,0.0,829,13,0.0,0.0,0.0,0.0,828.5,0.0
1,711900,VOLCANIC_ROCK_VOUCHER_9500,832.0,13.0,0.0,0.0,0.0,0.0,833,13,0.0,0.0,0.0,0.0,832.5,0.0
1,712000,VOLCANIC_ROCK_VOUCHER_9500,835.0,21.0,0.0,0.0,0.0,0.0,836,21,0.0,0.0,0.0,0.0,835.5,0.0
1,712100,VOLCANIC_ROCK_VOUCHER_9500,835.0,19.0,0.0,0.0,0.0,0.0,836,19,0.0,0.0,0.0,0.0,835.5,0.0
1,712200,VOLCANIC_ROCK_VOUCHER_9500,837.0,16.0,0.0,0.0,0.0,0.0,838,16,0.0,0.0,0.0,0.0,837.5,0.0
1,712300,VOLCANIC_ROCK_VOUCHER_9500,838.0,18.0,0.0,0.0,0.0,0.0,839,18,0.0,0.0,0.0,0.0,838.5,0.0
1,712400,VOLCANIC_ROCK_VOUCHER_9500,845.0,20.0,0.0,0.0,0.0,0.0,846,20,0.0,0.0,0.0,0.0,845.5,0.0
1,712500,VOLCANIC_ROCK_VOUCHER_9500,847.0,18.0,0.0,0.0,0.0,0.0,848,18,0.0,0.0,0.0,0.0,847.5,0.0
1,712600,VOLCANIC_ROCK_VOUCHER_9500,843.0,11.0,0.0,0.0,0.0,0.0,844,11,0.0,0.0,0.0,0.0,843.5,0.0
1,712700,VOLCANIC_ROCK_VOUCHER_9500,845.0,10.0,0.0,0.0,0.0,0.0,846,10,0.0,0.0,0.0,0.0,845.5,0.0
1,712800,VOLCANIC_ROCK_VOUCHER_9500,844.0,21.0,0.0,0.0,0.0,0.0,845,21,0.0,0.0,0.0,0.0,844.5,0.0
1,712900,VOLCANIC_ROCK_VOUCHER_9500,843.0,20.0,0.0,0.0,0.0,0.0,844,20,0.0,0.0,0.0,0.0,843.5,0.0
1,713000,VOLCANIC_ROCK_VOUCHER_9500,844.0,16.0,0.0,0.0,0.0,0.0,845,16,0.0,0.0,0.0,0.0,844.5,0.0
1,713100,VOLCANIC_ROCK_VOUCHER_9500,846.0,17.0,0.0,0.0,0.0,0.0,847,17,0.0,0.0,0.0,0.0,846.5,0.0
1,713200,VOLCANIC_ROCK_VOUCHER_9500,850.0,18.0,0.0,0.0,0.0,0.0,851,18,0.0,0.0,0.0,0.0,850.5,0.0
1,713300,VOLCANIC_ROCK_VOUCHER_9500,850.0,12.0,0.0,0.0,0.0,0.0,851,12,0.0,0.0,0.0,0.0,850.5,0.0
1,713400,VOLCANIC_ROCK_VOUCHER_9500,851.0,11.0,0.0,0.0,0.0,0.0,853,11,0.0,0.0,0.0,0.0,852.0,0.0
1,713500,VOLCANIC_ROCK_VOUCHER_9500,850.0,15.0,0.0,0.0,0.0,0.0,851,15,0.0,0.0,0.0,0.0,850.5,0.0
1,713600,VOLCANIC_ROCK_VOUCHER_9500,850.0,13.0,0.0,0.0,0.0,0.0,851,13,0.0,0.0,0.0,0.0,850.5,0.0
1,713700,VOLCANIC_ROCK_VOUCHER_9500,852.0,23.0,0.0,0.0,0.0,0.0,853,12,0.0,0.0,0.0,0.0,852.5,0.0
1,713800,VOLCANIC_ROCK_VOUCHER_9500,860.0,16.0,0.0,0.0,0.0,0.0,861,16,0.0,0.0,0.0,0.0,860.5,0.0
1,713900,VOLCANIC_ROCK_VOUCHER_9500,859.0,16.0,0.0,0.0,0.0,0.0,860,16,0.0,0.0,0.0,0.0,859.5,0.0
1,714000,VOLCANIC_ROCK_VOUCHER_9500,859.0,18.0,0.0,0.0,0.0,0.0,860,18,0.0,0.0,0.0,0.0,859.5,0.0
1,714100,VOLCANIC_ROCK_VOUCHER_9500,857.0,21.0,0.0,0.0,0.0,0.0,858,21,0.0,0.0,0.0,0.0,857.5,0.0
1,714200,VOLCANIC_ROCK_VOUCHER_9500,856.0,19.0,0.0,0.0,0.0,0.0,857,19,0.0,0.0,0.0,0.0,856.5,0.0
1,714300,VOLCANIC_ROCK_VOUCHER_9500,854.0,14.0,0.0,0.0,0.0,0.0,855,14,0.0,0.0,0.0,0.0,854.5,0.0
1,714400,VOLCANIC_ROCK_VOUCHER_9500,854.0,21.0,0.0,0.0,0.0,0.0,855,21,0.0,0.0,0.0,0.0,854.5,0.0
1,714500,VOLCANIC_ROCK_VOUCHER_9500,850.0,12.0,0.0,0.0,0.0,0.0,852,12,0.0,0.0,0.0,0.0,851.0,0.0
1,714600,VOLCANIC_ROCK_VOUCHER_9500,845.0,19.0,0.0,0.0,0.0,0.0,846,19,0.0,0.0,0.0,0.0,845.5,0.0
1,714700,VOLCANIC_ROCK_VOUCHER_9500,847.0,19.0,0.0,0.0,0.0,0.0,848,19,0.0,0.0,0.0,0.0,847.5,0.0
1,714800,VOLCANIC_ROCK_VOUCHER_9500,0.0,0.0,0.0,0.0,0.0,0.0,848,4,849.0,14.0,0.0,0.0,848.0,0.0
1,714900,VOLCANIC_ROCK_VOUCHER_9500,849.0,19.0,0.0,0.0,0.0,0.0,850,19,0.0,0.0,0.0,0.0,849.5,0.0
1,715000,VOLCANIC_ROCK_VOUCHER_9500,850.0,20.0,0.0,0.0,0.0,0.0,852,20,0.0,0.0,0.0,0.0,851.0,0.0
1,715100,VOLCANIC_ROCK_VOUCHER_9500,851.0,12.0,0.0,0.0,0.0,0.0,852,12,0.0,0.0,0.0,0.0,851.5,0.0
1,715200,VOLCANIC_ROCK_VOUCHER_9500,853.0,0.0,0.0,0.0,0.0,0.0,854,11,0.0,0.0,0.0,0.0,853.5,0.0
1,715300,VOLCANIC_ROCK_VOUCHER_9500,853.0,23.0,0.0,0.0,0.0,0.0,854,15,0.0,0.0,0.0,0.0,853.5,0.0
1,715400,VOLCANIC_ROCK_VOUCHER_9500,853.0,16.0,0.0,0.0,0.0,0.0,854,16,0.0,0.0,0.0,0.0,853.5,0.0
1,715500,VOLCANIC_ROCK_VOUCHER_9500,854.0,11.0,0.0,0.0,0.0,0.0,856,11,0.0,0.0,0.0,0.0,855.0,0.0
1,715600,VOLCANIC_ROCK_VOUCHER_9500,852.0,11.0,0.0,0.0,0.0,0.0,853,11,0.0,0.0,0.0,0.0,852.5,0.0
1,715700,VOLCANIC_ROCK_VOUCHER_9500,853.0,17.0,0.0,0.0,0.0,0.0,854,17,0.0,0.0,0.0,0.0,853.5,0.0
1,715800,VOLCANIC_ROCK_VOUCHER_9500,853.0,0.0,0.0,0.0,0.0,0.0,854,11,0.0,0.0,0.0,0.0,853.5,0.0
1,715900,VOLCANIC_ROCK_VOUCHER_9500,853.0,20.0,0.0,0.0,0.0,0.0,854,20,0.0,0.0,0.0,0.0,853.5,0.0
1,716000,VOLCANIC_ROCK_VOUCHER_9500,854.0,16.0,0.0,0.0,0.0,0.0,855,16,0.0,0.0,0.0,0.0,854.5,0.0
1,716100,VOLCANIC_ROCK_VOUCHER_9500,858.0,19.0,0.0,0.0,0.0,0.0,859,19,0.0,0.0,0.0,0.0,858.5,0.0
1,716200,VOLCANIC_ROCK_VOUCHER_9500,858.0,19.0,0.0,0.0,0.0,0.0,859,19,0.0,0.0,0.0,0.0,858.5,0.0
1,716300,VOLCANIC_ROCK_VOUCHER_9500,854.0,21.0,0.0,0.0,0.0,0.0,855,21,0.0,0.0,0.0,0.0,854.5,0.0
1,716400,VOLCANIC_ROCK_VOUCHER_9500,849.0,16.0,0.0,0.0,0.0,0.0,850,16,0.0,0.0,0.0,0.0,849.5,0.0
1,716500,VOLCANIC_ROCK_VOUCHER_9500,842.0,9.0,0.0,0.0,0.0,0.0,844,11,0.0,0.0,0.0,0.0,843.0,0.0
1,716600,VOLCANIC_ROCK_VOUCHER_9500,841.0,18.0,0.0,0.0,0.0,0.0,842,18,0.0,0.0,0.0,0.0,841.5,0.0
1,716700,VOLCANIC_ROCK_VOUCHER_9500,841.0,12.0,0.0,0.0,0.0,0.0,842,12,0.0,0.0,0.0,0.0,841.5,0.0
1,716800,VOLCANIC_ROCK_VOUCHER_9500,840.0,15.0,0.0,0.0,0.0,0.0,841,15,0.0,0.0,0.0,0.0,840.5,0.0
1,716900,VOLCANIC_ROCK_VOUCHER_9500,844.0,11.0,0.0,0.0,0.0,0.0,845,11,0.0,0.0,0.0,0.0,844.5,0.0
1,717000,VOLCANIC_ROCK_VOUCHER_9500,846.0,14.0,0.0,0.0,0.0,0.0,847,14,0.0,0.0,0.0,0.0,846.5,0.0
1,717100,VOLCANIC_ROCK_VOUCHER_9500,849.0,20.0,0.0,0.0,0.0,0.0,850,20,0.0,0.0,0.0,0.0,849.5,0.0
1,717200,VOLCANIC_ROCK_VOUCHER_9500,848.0,13.0,0.0,0.0,0.0,0.0,849,13,0.0,0.0,0.0,0.0,848.5,0.0
1,717300,VOLCANIC_ROCK_VOUCHER_9500,848.0,17.0,0.0,0.0,0.0,0.0,849,17,0.0,0.0,0.0,0.0,848.5,0.0
1,717400,VOLCANIC_ROCK_VOUCHER_9500,848.0,12.0,0.0,0.0,0.0,0.0,849,12,0.0,0.0,0.0,0.0,848.5,0.0
1,717500,VOLCANIC_ROCK_VOUCHER_9500,847.0,25.0,0.0,0.0,0.0,0.0,848,14,0.0,0.0,0.0,0.0,847.5,0.0
1,717600,VOLCANIC_ROCK_VOUCHER_9500,845.0,14.0,0.0,0.0,0.0,0.0,846,14,0.0,0.0,0.0,0.0,845.5,0.0
1,717700,VOLCANIC_ROCK_VOUCHER_9500,847.0,13.0,0.0,0.0,0.0,0.0,848,13,0.0,0.0,0.0,0.0,847.5,0.0
1,717800,VOLCANIC_ROCK_VOUCHER_9500,848.0,13.0,0.0,0.0,0.0,0.0,849,13,0.0,0.0,0.0,0.0,848.5,0.0
1,717900,VOLCANIC_ROCK_VOUCHER_9500,848.0,12.0,0.0,0.0,0.0,0.0,849,12,0.0,0.0,0.0,0.0,848.5,0.0
1,718000,VOLCANIC_ROCK_VOUCHER_9500,852.0,21.0,0.0,0.0,0.0,0.0,853,21,0.0,0.0,0.0,0.0,852.5,0.0
1,718100,VOLCANIC_ROCK_VOUCHER_9500,854.0,1.0,853.0,19.0,0.0,0.0,855,20,0.0,0.0,0.0,0.0,854.5,0.0
1,718200,VOLCANIC_ROCK_VOUCHER_9500,852.0,15.0,0.0,0.0,0.0,0.0,853,15,0.0,0.0,0.0,0.0,852.5,0.0
1,718300,VOLCANIC_ROCK_VOUCHER_9500,853.0,1.0,0.0,0.0,0.0,0.0,854,17,0.0,0.0,0.0,0.0,853.5,0.0
1,718400,VOLCANIC_ROCK_VOUCHER_9500,853.0,13.0,0.0,0.0,0.0,0.0,854,13,0.0,0.0,0.0,0.0,853.5,0.0
1,718500,VOLCANIC_ROCK_VOUCHER_9500,853.0,10.0,0.0,0.0,0.0,0.0,854,10,0.0,0.0,0.0,0.0,853.5,0.0
1,718600,VOLCANIC_ROCK_VOUCHER_9500,855.0,20.0,0.0,0.0,0.0,0.0,856,20,0.0,0.0,0.0,0.0,855.5,0.0
1,718700,VOLCANIC_ROCK_VOUCHER_9500,854.0,21.0,0.0,0.0,0.0,0.0,855,21,0.0,0.0,0.0,0.0,854.5,0.0
1,718800,VOLCANIC_ROCK_VOUCHER_9500,854.0,16.0,0.0,0.0,0.0,0.0,855,16,0.0,0.0,0.0,0.0,854.5,0.0
1,718900,VOLCANIC_ROCK_VOUCHER_9500,851.0,21.0,0.0,0.0,0.0,0.0,852,21,0.0,0.0,0.0,0.0,851.5,0.0
1,719000,VOLCANIC_ROCK_VOUCHER_9500,852.0,28.0,0.0,0.0,0.0,0.0,853,17,0.0,0.0,0.0,0.0,852.5,0.0
1,719100,VOLCANIC_ROCK_VOUCHER_9500,854.0,15.0,0.0,0.0,0.0,0.0,855,15,0.0,0.0,0.0,0.0,854.5,0.0
1,719200,VOLCANIC_ROCK_VOUCHER_9500,852.0,12.0,0.0,0.0,0.0,0.0,853,12,0.0,0.0,0.0,0.0,852.5,0.0
1,719300,VOLCANIC_ROCK_VOUCHER_9500,849.0,13.0,0.0,0.0,0.0,0.0,850,13,0.0,0.0,0.0,0.0,849.5,0.0
1,719400,VOLCANIC_ROCK_VOUCHER_9500,848.0,13.0,0.0,0.0,0.0,0.0,849,13,0.0,0.0,0.0,0.0,848.5,0.0
1,719500,VOLCANIC_ROCK_VOUCHER_9500,848.0,21.0,0.0,0.0,0.0,0.0,849,21,0.0,0.0,0.0,0.0,848.5,0.0
1,719600,VOLCANIC_ROCK_VOUCHER_9500,845.0,13.0,0.0,0.0,0.0,0.0,846,13,0.0,0.0,0.0,0.0,845.5,0.0
1,719700,VOLCANIC_ROCK_VOUCHER_9500,842.0,33.0,0.0,0.0,0.0,0.0,843,20,0.0,0.0,0.0,0.0,842.5,0.0
1,719800,VOLCANIC_ROCK_VOUCHER_9500,842.0,13.0,0.0,0.0,0.0,0.0,843,13,0.0,0.0,0.0,0.0,842.5,0.0
1,719900,VOLCANIC_ROCK_VOUCHER_9500,846.0,12.0,0.0,0.0,0.0,0.0,847,12,0.0,0.0,0.0,0.0,846.5,0.0
1,720000,VOLCANIC_ROCK_VOUCHER_9500,848.0,17.0,0.0,0.0,0.0,0.0,849,17,0.0,0.0,0.0,0.0,848.5,0.0
1,720100,VOLCANIC_ROCK_VOUCHER_9500,849.0,12.0,0.0,0.0,0.0,0.0,850,12,0.0,0.0,0.0,0.0,849.5,0.0
1,720200,VOLCANIC_ROCK_VOUCHER_9500,847.0,12.0,0.0,0.0,0.0,0.0,848,12,0.0,0.0,0.0,0.0,847.5,0.0
1,720300,VOLCANIC_ROCK_VOUCHER_9500,852.0,18.0,0.0,0.0,0.0,0.0,853,18,0.0,0.0,0.0,0.0,852.5,0.0
1,720400,VOLCANIC_ROCK_VOUCHER_9500,853.0,19.0,0.0,0.0,0.0,0.0,854,19,0.0,0.0,0.0,0.0,853.5,0.0
1,720500,VOLCANIC_ROCK_VOUCHER_9500,852.0,29.0,0.0,0.0,0.0,0.0,853,16,0.0,0.0,0.0,0.0,852.5,0.0
1,720600,VOLCANIC_ROCK_VOUCHER_9500,853.0,12.0,0.0,0.0,0.0,0.0,854,12,0.0,0.0,0.0,0.0,853.5,0.0
1,720700,VOLCANIC_ROCK_VOUCHER_9500,852.0,20.0,0.0,0.0,0.0,0.0,853,20,0.0,0.0,0.0,0.0,852.5,0.0
1,720800,VOLCANIC_ROCK_VOUCHER_9500,856.0,12.0,0.0,0.0,0.0,0.0,857,12,0.0,0.0,0.0,0.0,856.5,0.0
1,720900,VOLCANIC_ROCK_VOUCHER_9500,853.0,16.0,0.0,0.0,0.0,0.0,854,16,0.0,0.0,0.0,0.0,853.5,0.0
1,721000,VOLCANIC_ROCK_VOUCHER_9500,857.0,15.0,0.0,0.0,0.0,0.0,858,15,0.0,0.0,0.0,0.0,857.5,0.0
1,721100,VOLCANIC_ROCK_VOUCHER_9500,859.0,13.0,0.0,0.0,0.0,0.0,860,13,0.0,0.0,0.0,0.0,859.5,0.0
1,721200,VOLCANIC_ROCK_VOUCHER_9500,866.0,20.0,0.0,0.0,0.0,0.0,867,20,0.0,0.0,0.0,0.0,866.5,0.0
1,721300,VOLCANIC_ROCK_VOUCHER_9500,874.0,17.0,0.0,0.0,0.0,0.0,875,17,0.0,0.0,0.0,0.0,874.5,0.0
1,721400,VOLCANIC_ROCK_VOUCHER_9500,900.0,14.0,0.0,0.0,0.0,0.0,901,14,0.0,0.0,0.0,0.0,900.5,0.0
1,721500,VOLCANIC_ROCK_VOUCHER_9500,905.0,14.0,0.0,0.0,0.0,0.0,906,14,0.0,0.0,0.0,0.0,905.5,0.0
1,721600,VOLCANIC_ROCK_VOUCHER_9500,897.0,1.0,0.0,0.0,0.0,0.0,898,12,0.0,0.0,0.0,0.0,897.5,0.0
1,721700,VOLCANIC_ROCK_VOUCHER_9500,894.0,10.0,0.0,0.0,0.0,0.0,895,10,0.0,0.0,0.0,0.0,894.5,0.0
1,721800,VOLCANIC_ROCK_VOUCHER_9500,886.0,22.0,0.0,0.0,0.0,0.0,887,22,0.0,0.0,0.0,0.0,886.5,0.0
1,721900,VOLCANIC_ROCK_VOUCHER_9500,885.0,16.0,0.0,0.0,0.0,0.0,886,16,0.0,0.0,0.0,0.0,885.5,0.0
1,722000,VOLCANIC_ROCK_VOUCHER_9500,886.0,20.0,0.0,0.0,0.0,0.0,887,20,0.0,0.0,0.0,0.0,886.5,0.0
1,722100,VOLCANIC_ROCK_VOUCHER_9500,891.0,11.0,0.0,0.0,0.0,0.0,892,11,0.0,0.0,0.0,0.0,891.5,0.0
1,722200,VOLCANIC_ROCK_VOUCHER_9500,897.0,19.0,0.0,0.0,0.0,0.0,898,21,0.0,0.0,0.0,0.0,897.5,0.0
1,722300,VOLCANIC_ROCK_VOUCHER_9500,901.0,7.0,0.0,0.0,0.0,0.0,902,19,0.0,0.0,0.0,0.0,901.5,0.0
1,722400,VOLCANIC_ROCK_VOUCHER_9500,893.0,21.0,0.0,0.0,0.0,0.0,895,21,0.0,0.0,0.0,0.0,894.0,0.0
1,722500,VOLCANIC_ROCK_VOUCHER_9500,894.0,22.0,0.0,0.0,0.0,0.0,896,22,0.0,0.0,0.0,0.0,895.0,0.0
1,722600,VOLCANIC_ROCK_VOUCHER_9500,889.0,13.0,0.0,0.0,0.0,0.0,890,13,0.0,0.0,0.0,0.0,889.5,0.0
1,722700,VOLCANIC_ROCK_VOUCHER_9500,895.0,16.0,0.0,0.0,0.0,0.0,896,16,0.0,0.0,0.0,0.0,895.5,0.0
1,722800,VOLCANIC_ROCK_VOUCHER_9500,888.0,13.0,0.0,0.0,0.0,0.0,889,13,0.0,0.0,0.0,0.0,888.5,0.0
1,722900,VOLCANIC_ROCK_VOUCHER_9500,890.0,20.0,0.0,0.0,0.0,0.0,891,20,0.0,0.0,0.0,0.0,890.5,0.0
1,723000,VOLCANIC_ROCK_VOUCHER_9500,888.0,13.0,0.0,0.0,0.0,0.0,889,13,0.0,0.0,0.0,0.0,888.5,0.0
1,723100,VOLCANIC_ROCK_VOUCHER_9500,882.0,14.0,0.0,0.0,0.0,0.0,883,14,0.0,0.0,0.0,0.0,882.5,0.0
1,723200,VOLCANIC_ROCK_VOUCHER_9500,881.0,3.0,0.0,0.0,0.0,0.0,882,13,0.0,0.0,0.0,0.0,881.5,0.0
1,723300,VOLCANIC_ROCK_VOUCHER_9500,886.0,21.0,0.0,0.0,0.0,0.0,887,21,0.0,0.0,0.0,0.0,886.5,0.0
1,723400,VOLCANIC_ROCK_VOUCHER_9500,879.0,18.0,0.0,0.0,0.0,0.0,880,18,0.0,0.0,0.0,0.0,879.5,0.0
1,723500,VOLCANIC_ROCK_VOUCHER_9500,880.0,13.0,0.0,0.0,0.0,0.0,881,13,0.0,0.0,0.0,0.0,880.5,0.0
1,723600,VOLCANIC_ROCK_VOUCHER_9500,884.0,22.0,0.0,0.0,0.0,0.0,885,22,0.0,0.0,0.0,0.0,884.5,0.0
1,723700,VOLCANIC_ROCK_VOUCHER_9500,885.0,20.0,0.0,0.0,0.0,0.0,886,20,0.0,0.0,0.0,0.0,885.5,0.0
1,723800,VOLCANIC_ROCK_VOUCHER_9500,882.0,12.0,0.0,0.0,0.0,0.0,883,12,0.0,0.0,0.0,0.0,882.5,0.0
1,723900,VOLCANIC_ROCK_VOUCHER_9500,879.0,12.0,0.0,0.0,0.0,0.0,881,18,0.0,0.0,0.0,0.0,880.0,0.0
1,724000,VOLCANIC_ROCK_VOUCHER_9500,878.0,22.0,0.0,0.0,0.0,0.0,879,22,0.0,0.0,0.0,0.0,878.5,0.0
1,724100,VOLCANIC_ROCK_VOUCHER_9500,875.0,12.0,0.0,0.0,0.0,0.0,876,12,0.0,0.0,0.0,0.0,875.5,0.0
1,724200,VOLCANIC_ROCK_VOUCHER_9500,871.0,14.0,0.0,0.0,0.0,0.0,872,14,0.0,0.0,0.0,0.0,871.5,0.0
1,724300,VOLCANIC_ROCK_VOUCHER_9500,871.0,3.0,0.0,0.0,0.0,0.0,872,18,0.0,0.0,0.0,0.0,871.5,0.0
1,724400,VOLCANIC_ROCK_VOUCHER_9500,0.0,0.0,0.0,0.0,0.0,0.0,871,5,872.0,12.0,0.0,0.0,871.0,0.0
1,724500,VOLCANIC_ROCK_VOUCHER_9500,876.0,20.0,0.0,0.0,0.0,0.0,877,20,0.0,0.0,0.0,0.0,876.5,0.0
1,724600,VOLCANIC_ROCK_VOUCHER_9500,877.0,21.0,0.0,0.0,0.0,0.0,878,10,0.0,0.0,0.0,0.0,877.5,0.0
1,724700,VOLCANIC_ROCK_VOUCHER_9500,878.0,18.0,0.0,0.0,0.0,0.0,879,18,0.0,0.0,0.0,0.0,878.5,0.0
1,724800,VOLCANIC_ROCK_VOUCHER_9500,877.0,22.0,0.0,0.0,0.0,0.0,878,22,0.0,0.0,0.0,0.0,877.5,0.0
1,724900,VOLCANIC_ROCK_VOUCHER_9500,876.0,13.0,0.0,0.0,0.0,0.0,877,13,0.0,0.0,0.0,0.0,876.5,0.0
1,725000,VOLCANIC_ROCK_VOUCHER_9500,874.0,17.0,0.0,0.0,0.0,0.0,875,17,0.0,0.0,0.0,0.0,874.5,0.0
1,725100,VOLCANIC_ROCK_VOUCHER_9500,872.0,11.0,0.0,0.0,0.0,0.0,873,11,0.0,0.0,0.0,0.0,872.5,0.0
1,725200,VOLCANIC_ROCK_VOUCHER_9500,872.0,14.0,0.0,0.0,0.0,0.0,873,14,0.0,0.0,0.0,0.0,872.5,0.0
1,725300,VOLCANIC_ROCK_VOUCHER_9500,868.0,20.0,0.0,0.0,0.0,0.0,869,20,0.0,0.0,0.0,0.0,868.5,0.0
1,725400,VOLCANIC_ROCK_VOUCHER_9500,863.0,19.0,0.0,0.0,0.0,0.0,864,19,0.0,0.0,0.0,0.0,863.5,0.0
1,725500,VOLCANIC_ROCK_VOUCHER_9500,862.0,12.0,0.0,0.0,0.0,0.0,863,12,0.0,0.0,0.0,0.0,862.5,0.0
1,725600,VOLCANIC_ROCK_VOUCHER_9500,862.0,15.0,0.0,0.0,0.0,0.0,863,15,0.0,0.0,0.0,0.0,862.5,0.0
1,725700,VOLCANIC_ROCK_VOUCHER_9500,866.0,16.0,0.0,0.0,0.0,0.0,867,16,0.0,0.0,0.0,0.0,866.5,0.0
1,725800,VOLCANIC_ROCK_VOUCHER_9500,864.0,3.0,0.0,0.0,0.0,0.0,865,18,0.0,0.0,0.0,0.0,864.5,0.0
1,725900,VOLCANIC_ROCK_VOUCHER_9500,865.0,12.0,0.0,0.0,0.0,0.0,866,12,0.0,0.0,0.0,0.0,865.5,0.0
1,726000,VOLCANIC_ROCK_VOUCHER_9500,866.0,17.0,0.0,0.0,0.0,0.0,867,17,0.0,0.0,0.0,0.0,866.5,0.0
1,726100,VOLCANIC_ROCK_VOUCHER_9500,867.0,19.0,0.0,0.0,0.0,0.0,868,19,0.0,0.0,0.0,0.0,867.5,0.0
1,726200,VOLCANIC_ROCK_VOUCHER_9500,869.0,12.0,0.0,0.0,0.0,0.0,870,12,0.0,0.0,0.0,0.0,869.5,0.0
1,726300,VOLCANIC_ROCK_VOUCHER_9500,866.0,15.0,0.0,0.0,0.0,0.0,867,15,0.0,0.0,0.0,0.0,866.5,0.0
1,726400,VOLCANIC_ROCK_VOUCHER_9500,866.0,14.0,0.0,0.0,0.0,0.0,867,14,0.0,0.0,0.0,0.0,866.5,0.0
1,726500,VOLCANIC_ROCK_VOUCHER_9500,868.0,20.0,0.0,0.0,0.0,0.0,869,20,0.0,0.0,0.0,0.0,868.5,0.0
1,726600,VOLCANIC_ROCK_VOUCHER_9500,869.0,21.0,0.0,0.0,0.0,0.0,870,21,0.0,0.0,0.0,0.0,869.5,0.0
1,726700,VOLCANIC_ROCK_VOUCHER_9500,862.0,25.0,0.0,0.0,0.0,0.0,863,11,0.0,0.0,0.0,0.0,862.5,0.0
1,726800,VOLCANIC_ROCK_VOUCHER_9500,861.0,16.0,0.0,0.0,0.0,0.0,863,16,0.0,0.0,0.0,0.0,862.0,0.0
1,726900,VOLCANIC_ROCK_VOUCHER_9500,865.0,10.0,0.0,0.0,0.0,0.0,866,10,0.0,0.0,0.0,0.0,865.5,0.0
1,727000,VOLCANIC_ROCK_VOUCHER_9500,864.0,17.0,0.0,0.0,0.0,0.0,866,17,0.0,0.0,0.0,0.0,865.0,0.0
1,727100,VOLCANIC_ROCK_VOUCHER_9500,864.0,15.0,0.0,0.0,0.0,0.0,865,15,0.0,0.0,0.0,0.0,864.5,0.0
1,727200,VOLCANIC_ROCK_VOUCHER_9500,861.0,18.0,0.0,0.0,0.0,0.0,862,18,0.0,0.0,0.0,0.0,861.5,0.0
1,727300,VOLCANIC_ROCK_VOUCHER_9500,860.0,18.0,0.0,0.0,0.0,0.0,861,18,0.0,0.0,0.0,0.0,860.5,0.0
1,727400,VOLCANIC_ROCK_VOUCHER_9500,851.0,15.0,0.0,0.0,0.0,0.0,852,15,0.0,0.0,0.0,0.0,851.5,0.0
1,727500,VOLCANIC_ROCK_VOUCHER_9500,845.0,13.0,0.0,0.0,0.0,0.0,846,13,0.0,0.0,0.0,0.0,845.5,0.0
1,727600,VOLCANIC_ROCK_VOUCHER_9500,843.0,16.0,0.0,0.0,0.0,0.0,844,16,0.0,0.0,0.0,0.0,843.5,0.0
1,727700,VOLCANIC_ROCK_VOUCHER_9500,846.0,11.0,0.0,0.0,0.0,0.0,847,11,0.0,0.0,0.0,0.0,846.5,0.0
1,727800,VOLCANIC_ROCK_VOUCHER_9500,852.0,18.0,0.0,0.0,0.0,0.0,853,18,0.0,0.0,0.0,0.0,852.5,0.0
1,727900,VOLCANIC_ROCK_VOUCHER_9500,849.0,21.0,0.0,0.0,0.0,0.0,851,21,0.0,0.0,0.0,0.0,850.0,0.0
1,728000,VOLCANIC_ROCK_VOUCHER_9500,853.0,17.0,0.0,0.0,0.0,0.0,854,17,0.0,0.0,0.0,0.0,853.5,0.0
1,728100,VOLCANIC_ROCK_VOUCHER_9500,848.0,11.0,0.0,0.0,0.0,0.0,849,11,0.0,0.0,0.0,0.0,848.5,0.0
1,728200,VOLCANIC_ROCK_VOUCHER_9500,851.0,14.0,0.0,0.0,0.0,0.0,852,14,0.0,0.0,0.0,0.0,851.5,0.0
1,728300,VOLCANIC_ROCK_VOUCHER_9500,849.0,17.0,0.0,0.0,0.0,0.0,850,17,0.0,0.0,0.0,0.0,849.5,0.0
1,728400,VOLCANIC_ROCK_VOUCHER_9500,851.0,20.0,0.0,0.0,0.0,0.0,852,20,0.0,0.0,0.0,0.0,851.5,0.0
1,728500,VOLCANIC_ROCK_VOUCHER_9500,850.0,13.0,0.0,0.0,0.0,0.0,851,13,0.0,0.0,0.0,0.0,850.5,0.0
1,728600,VOLCANIC_ROCK_VOUCHER_9500,852.0,18.0,0.0,0.0,0.0,0.0,853,18,0.0,0.0,0.0,0.0,852.5,0.0
1,728700,VOLCANIC_ROCK_VOUCHER_9500,850.0,11.0,0.0,0.0,0.0,0.0,851,11,0.0,0.0,0.0,0.0,850.5,0.0
1,728800,VOLCANIC_ROCK_VOUCHER_9500,851.0,29.0,0.0,0.0,0.0,0.0,852,19,0.0,0.0,0.0,0.0,851.5,0.0
1,728900,VOLCANIC_ROCK_VOUCHER_9500,852.0,20.0,0.0,0.0,0.0,0.0,853,20,0.0,0.0,0.0,0.0,852.5,0.0
1,729000,VOLCANIC_ROCK_VOUCHER_9500,852.0,12.0,0.0,0.0,0.0,0.0,853,12,0.0,0.0,0.0,0.0,852.5,0.0
1,729100,VOLCANIC_ROCK_VOUCHER_9500,854.0,13.0,0.0,0.0,0.0,0.0,855,13,0.0,0.0,0.0,0.0,854.5,0.0
1,729200,VOLCANIC_ROCK_VOUCHER_9500,851.0,19.0,0.0,0.0,0.0,0.0,852,19,0.0,0.0,0.0,0.0,851.5,0.0
1,729300,VOLCANIC_ROCK_VOUCHER_9500,851.0,14.0,0.0,0.0,0.0,0.0,852,14,0.0,0.0,0.0,0.0,851.5,0.0
1,729400,VOLCANIC_ROCK_VOUCHER_9500,851.0,21.0,0.0,0.0,0.0,0.0,852,21,0.0,0.0,0.0,0.0,851.5,0.0
1,729500,VOLCANIC_ROCK_VOUCHER_9500,855.0,21.0,0.0,0.0,0.0,0.0,856,21,0.0,0.0,0.0,0.0,855.5,0.0
1,729600,VOLCANIC_ROCK_VOUCHER_9500,852.0,12.0,0.0,0.0,0.0,0.0,853,12,0.0,0.0,0.0,0.0,852.5,0.0
1,729700,VOLCANIC_ROCK_VOUCHER_9500,853.0,17.0,0.0,0.0,0.0,0.0,854,17,0.0,0.0,0.0,0.0,853.5,0.0
1,729800,VOLCANIC_ROCK_VOUCHER_9500,850.0,33.0,0.0,0.0,0.0,0.0,851,17,0.0,0.0,0.0,0.0,850.5,0.0
1,729900,VOLCANIC_ROCK_VOUCHER_9500,849.0,34.0,0.0,0.0,0.0,0.0,850,18,0.0,0.0,0.0,0.0,849.5,0.0
1,730000,VOLCANIC_ROCK_VOUCHER_9500,847.0,18.0,0.0,0.0,0.0,0.0,848,18,0.0,0.0,0.0,0.0,847.5,0.0
1,730100,VOLCANIC_ROCK_VOUCHER_9500,849.0,17.0,0.0,0.0,0.0,0.0,850,17,0.0,0.0,0.0,0.0,849.5,0.0
1,730200,VOLCANIC_ROCK_VOUCHER_9500,844.0,16.0,0.0,0.0,0.0,0.0,845,16,0.0,0.0,0.0,0.0,844.5,0.0
1,730300,VOLCANIC_ROCK_VOUCHER_9500,843.0,14.0,0.0,0.0,0.0,0.0,844,14,0.0,0.0,0.0,0.0,843.5,0.0
1,730400,VOLCANIC_ROCK_VOUCHER_9500,841.0,14.0,0.0,0.0,0.0,0.0,842,14,0.0,0.0,0.0,0.0,841.5,0.0
1,730500,VOLCANIC_ROCK_VOUCHER_9500,836.0,15.0,0.0,0.0,0.0,0.0,837,15,0.0,0.0,0.0,0.0,836.5,0.0
1,730600,VOLCANIC_ROCK_VOUCHER_9500,839.0,17.0,0.0,0.0,0.0,0.0,840,17,0.0,0.0,0.0,0.0,839.5,0.0
1,730700,VOLCANIC_ROCK_VOUCHER_9500,837.0,18.0,0.0,0.0,0.0,0.0,838,18,0.0,0.0,0.0,0.0,837.5,0.0
1,730800,VOLCANIC_ROCK_VOUCHER_9500,841.0,22.0,0.0,0.0,0.0,0.0,842,22,0.0,0.0,0.0,0.0,841.5,0.0
1,730900,VOLCANIC_ROCK_VOUCHER_9500,842.0,19.0,0.0,0.0,0.0,0.0,843,19,0.0,0.0,0.0,0.0,842.5,0.0
1,731000,VOLCANIC_ROCK_VOUCHER_9500,840.0,1.0,839.0,15.0,0.0,0.0,841,16,0.0,0.0,0.0,0.0,840.5,0.0
1,731100,VOLCANIC_ROCK_VOUCHER_9500,838.0,17.0,0.0,0.0,0.0,0.0,839,17,0.0,0.0,0.0,0.0,838.5,0.0
1,731200,VOLCANIC_ROCK_VOUCHER_9500,838.0,16.0,0.0,0.0,0.0,0.0,839,16,0.0,0.0,0.0,0.0,838.5,0.0
1,731300,VOLCANIC_ROCK_VOUCHER_9500,840.0,14.0,0.0,0.0,0.0,0.0,842,14,0.0,0.0,0.0,0.0,841.0,0.0
1,731400,VOLCANIC_ROCK_VOUCHER_9500,841.0,11.0,0.0,0.0,0.0,0.0,842,11,0.0,0.0,0.0,0.0,841.5,0.0
1,731500,VOLCANIC_ROCK_VOUCHER_9500,843.0,12.0,0.0,0.0,0.0,0.0,844,12,0.0,0.0,0.0,0.0,843.5,0.0
1,731600,VOLCANIC_ROCK_VOUCHER_9500,844.0,20.0,0.0,0.0,0.0,0.0,845,20,0.0,0.0,0.0,0.0,844.5,0.0
1,731700,VOLCANIC_ROCK_VOUCHER_9500,843.0,17.0,0.0,0.0,0.0,0.0,844,17,0.0,0.0,0.0,0.0,843.5,0.0
1,731800,VOLCANIC_ROCK_VOUCHER_9500,842.0,1.0,841.0,15.0,0.0,0.0,843,16,0.0,0.0,0.0,0.0,842.5,0.0
1,731900,VOLCANIC_ROCK_VOUCHER_9500,840.0,15.0,0.0,0.0,0.0,0.0,841,15,0.0,0.0,0.0,0.0,840.5,0.0
1,732000,VOLCANIC_ROCK_VOUCHER_9500,838.0,13.0,0.0,0.0,0.0,0.0,839,13,0.0,0.0,0.0,0.0,838.5,0.0
1,732100,VOLCANIC_ROCK_VOUCHER_9500,839.0,11.0,0.0,0.0,0.0,0.0,840,11,0.0,0.0,0.0,0.0,839.5,0.0
1,732200,VOLCANIC_ROCK_VOUCHER_9500,841.0,21.0,0.0,0.0,0.0,0.0,842,21,0.0,0.0,0.0,0.0,841.5,0.0
1,732300,VOLCANIC_ROCK_VOUCHER_9500,0.0,0.0,0.0,0.0,0.0,0.0,841,5,842.0,11.0,0.0,0.0,841.0,0.0
1,732400,VOLCANIC_ROCK_VOUCHER_9500,840.0,13.0,0.0,0.0,0.0,0.0,841,13,0.0,0.0,0.0,0.0,840.5,0.0
1,732500,VOLCANIC_ROCK_VOUCHER_9500,847.0,13.0,0.0,0.0,0.0,0.0,848,13,0.0,0.0,0.0,0.0,847.5,0.0
1,732600,VOLCANIC_ROCK_VOUCHER_9500,845.0,14.0,0.0,0.0,0.0,0.0,846,14,0.0,0.0,0.0,0.0,845.5,0.0
1,732700,VOLCANIC_ROCK_VOUCHER_9500,852.0,21.0,0.0,0.0,0.0,0.0,854,21,0.0,0.0,0.0,0.0,853.0,0.0
1,732800,VOLCANIC_ROCK_VOUCHER_9500,0.0,0.0,0.0,0.0,0.0,0.0,852,1,853.0,13.0,0.0,0.0,852.0,0.0
1,732900,VOLCANIC_ROCK_VOUCHER_9500,852.0,15.0,0.0,0.0,0.0,0.0,853,15,0.0,0.0,0.0,0.0,852.5,0.0
1,733000,VOLCANIC_ROCK_VOUCHER_9500,849.0,12.0,0.0,0.0,0.0,0.0,850,12,0.0,0.0,0.0,0.0,849.5,0.0
1,733100,VOLCANIC_ROCK_VOUCHER_9500,0.0,0.0,0.0,0.0,0.0,0.0,847,1,848.0,19.0,0.0,0.0,847.0,0.0
1,733200,VOLCANIC_ROCK_VOUCHER_9500,845.0,17.0,0.0,0.0,0.0,0.0,846,17,0.0,0.0,0.0,0.0,845.5,0.0
1,733300,VOLCANIC_ROCK_VOUCHER_9500,848.0,11.0,0.0,0.0,0.0,0.0,850,11,0.0,0.0,0.0,0.0,849.0,0.0
1,733400,VOLCANIC_ROCK_VOUCHER_9500,849.0,6.0,0.0,0.0,0.0,0.0,850,17,0.0,0.0,0.0,0.0,849.5,0.0
1,733500,VOLCANIC_ROCK_VOUCHER_9500,849.0,17.0,0.0,0.0,0.0,0.0,850,17,0.0,0.0,0.0,0.0,849.5,0.0
1,733600,VOLCANIC_ROCK_VOUCHER_9500,850.0,38.0,0.0,0.0,0.0,0.0,851,21,0.0,0.0,0.0,0.0,850.5,0.0
1,733700,VOLCANIC_ROCK_VOUCHER_9500,852.0,4.0,0.0,0.0,0.0,0.0,853,16,0.0,0.0,0.0,0.0,852.5,0.0
1,733800,VOLCANIC_ROCK_VOUCHER_9500,848.0,22.0,0.0,0.0,0.0,0.0,849,11,0.0,0.0,0.0,0.0,848.5,0.0
1,733900,VOLCANIC_ROCK_VOUCHER_9500,848.0,20.0,0.0,0.0,0.0,0.0,849,20,0.0,0.0,0.0,0.0,848.5,0.0
1,734000,VOLCANIC_ROCK_VOUCHER_9500,847.0,2.0,846.0,10.0,0.0,0.0,848,12,0.0,0.0,0.0,0.0,847.5,0.0
1,734100,VOLCANIC_ROCK_VOUCHER_9500,853.0,19.0,0.0,0.0,0.0,0.0,854,19,0.0,0.0,0.0,0.0,853.5,0.0
1,734200,VOLCANIC_ROCK_VOUCHER_9500,0.0,0.0,0.0,0.0,0.0,0.0,851,5,852.0,10.0,0.0,0.0,851.0,0.0
1,734300,VOLCANIC_ROCK_VOUCHER_9500,854.0,11.0,0.0,0.0,0.0,0.0,855,11,0.0,0.0,0.0,0.0,854.5,0.0
1,734400,VOLCANIC_ROCK_VOUCHER_9500,858.0,16.0,0.0,0.0,0.0,0.0,859,16,0.0,0.0,0.0,0.0,858.5,0.0
1,734500,VOLCANIC_ROCK_VOUCHER_9500,0.0,0.0,0.0,0.0,0.0,0.0,856,5,857.0,12.0,0.0,0.0,856.0,0.0
1,734600,VOLCANIC_ROCK_VOUCHER_9500,858.0,1.0,857.0,10.0,0.0,0.0,859,11,0.0,0.0,0.0,0.0,858.5,0.0
1,734700,VOLCANIC_ROCK_VOUCHER_9500,852.0,5.0,0.0,0.0,0.0,0.0,853,20,0.0,0.0,0.0,0.0,852.5,0.0
1,734800,VOLCANIC_ROCK_VOUCHER_9500,848.0,13.0,0.0,0.0,0.0,0.0,849,13,0.0,0.0,0.0,0.0,848.5,0.0
1,734900,VOLCANIC_ROCK_VOUCHER_9500,846.0,17.0,0.0,0.0,0.0,0.0,847,17,0.0,0.0,0.0,0.0,846.5,0.0
1,735000,VOLCANIC_ROCK_VOUCHER_9500,847.0,20.0,0.0,0.0,0.0,0.0,848,20,0.0,0.0,0.0,0.0,847.5,0.0
1,735100,VOLCANIC_ROCK_VOUCHER_9500,846.0,11.0,0.0,0.0,0.0,0.0,848,11,0.0,0.0,0.0,0.0,847.0,0.0
1,735200,VOLCANIC_ROCK_VOUCHER_9500,848.0,6.0,0.0,0.0,0.0,0.0,850,17,0.0,0.0,0.0,0.0,849.0,0.0
1,735300,VOLCANIC_ROCK_VOUCHER_9500,846.0,17.0,0.0,0.0,0.0,0.0,847,17,0.0,0.0,0.0,0.0,846.5,0.0
1,735400,VOLCANIC_ROCK_VOUCHER_9500,842.0,11.0,0.0,0.0,0.0,0.0,843,11,0.0,0.0,0.0,0.0,842.5,0.0
1,735500,VOLCANIC_ROCK_VOUCHER_9500,845.0,19.0,0.0,0.0,0.0,0.0,846,19,0.0,0.0,0.0,0.0,845.5,0.0
1,735600,VOLCANIC_ROCK_VOUCHER_9500,842.0,19.0,0.0,0.0,0.0,0.0,843,19,0.0,0.0,0.0,0.0,842.5,0.0
1,735700,VOLCANIC_ROCK_VOUCHER_9500,843.0,17.0,0.0,0.0,0.0,0.0,845,17,0.0,0.0,0.0,0.0,844.0,0.0
1,735800,VOLCANIC_ROCK_VOUCHER_9500,844.0,17.0,0.0,0.0,0.0,0.0,845,17,0.0,0.0,0.0,0.0,844.5,0.0
1,735900,VOLCANIC_ROCK_VOUCHER_9500,840.0,15.0,0.0,0.0,0.0,0.0,841,15,0.0,0.0,0.0,0.0,840.5,0.0
1,736000,VOLCANIC_ROCK_VOUCHER_9500,837.0,14.0,0.0,0.0,0.0,0.0,838,14,0.0,0.0,0.0,0.0,837.5,0.0
1,736100,VOLCANIC_ROCK_VOUCHER_9500,835.0,15.0,0.0,0.0,0.0,0.0,836,15,0.0,0.0,0.0,0.0,835.5,0.0
1,736200,VOLCANIC_ROCK_VOUCHER_9500,835.0,12.0,0.0,0.0,0.0,0.0,837,12,0.0,0.0,0.0,0.0,836.0,0.0
1,736300,VOLCANIC_ROCK_VOUCHER_9500,833.0,26.0,0.0,0.0,0.0,0.0,835,12,0.0,0.0,0.0,0.0,834.0,0.0
1,736400,VOLCANIC_ROCK_VOUCHER_9500,831.0,14.0,0.0,0.0,0.0,0.0,832,14,0.0,0.0,0.0,0.0,831.5,0.0
1,736500,VOLCANIC_ROCK_VOUCHER_9500,832.0,11.0,0.0,0.0,0.0,0.0,833,19,0.0,0.0,0.0,0.0,832.5,0.0
1,736600,VOLCANIC_ROCK_VOUCHER_9500,835.0,30.0,0.0,0.0,0.0,0.0,836,17,0.0,0.0,0.0,0.0,835.5,0.0
1,736700,VOLCANIC_ROCK_VOUCHER_9500,832.0,19.0,0.0,0.0,0.0,0.0,833,19,0.0,0.0,0.0,0.0,832.5,0.0
1,736800,VOLCANIC_ROCK_VOUCHER_9500,838.0,15.0,0.0,0.0,0.0,0.0,839,15,0.0,0.0,0.0,0.0,838.5,0.0
1,736900,VOLCANIC_ROCK_VOUCHER_9500,838.0,10.0,0.0,0.0,0.0,0.0,840,10,0.0,0.0,0.0,0.0,839.0,0.0
1,737000,VOLCANIC_ROCK_VOUCHER_9500,838.0,16.0,0.0,0.0,0.0,0.0,839,16,0.0,0.0,0.0,0.0,838.5,0.0
1,737100,VOLCANIC_ROCK_VOUCHER_9500,837.0,19.0,0.0,0.0,0.0,0.0,838,19,0.0,0.0,0.0,0.0,837.5,0.0
1,737200,VOLCANIC_ROCK_VOUCHER_9500,835.0,21.0,0.0,0.0,0.0,0.0,837,21,0.0,0.0,0.0,0.0,836.0,0.0
1,737300,VOLCANIC_ROCK_VOUCHER_9500,837.0,17.0,0.0,0.0,0.0,0.0,838,17,0.0,0.0,0.0,0.0,837.5,0.0
1,737400,VOLCANIC_ROCK_VOUCHER_9500,840.0,13.0,0.0,0.0,0.0,0.0,841,13,0.0,0.0,0.0,0.0,840.5,0.0
1,737500,VOLCANIC_ROCK_VOUCHER_9500,841.0,11.0,0.0,0.0,0.0,0.0,842,11,0.0,0.0,0.0,0.0,841.5,0.0
1,737600,VOLCANIC_ROCK_VOUCHER_9500,839.0,13.0,0.0,0.0,0.0,0.0,840,13,0.0,0.0,0.0,0.0,839.5,0.0
1,737700,VOLCANIC_ROCK_VOUCHER_9500,839.0,13.0,0.0,0.0,0.0,0.0,840,13,0.0,0.0,0.0,0.0,839.5,0.0
1,737800,VOLCANIC_ROCK_VOUCHER_9500,839.0,20.0,0.0,0.0,0.0,0.0,840,20,0.0,0.0,0.0,0.0,839.5,0.0
1,737900,VOLCANIC_ROCK_VOUCHER_9500,838.0,21.0,0.0,0.0,0.0,0.0,839,21,0.0,0.0,0.0,0.0,838.5,0.0
1,738000,VOLCANIC_ROCK_VOUCHER_9500,836.0,13.0,0.0,0.0,0.0,0.0,837,13,0.0,0.0,0.0,0.0,836.5,0.0
1,738100,VOLCANIC_ROCK_VOUCHER_9500,835.0,12.0,0.0,0.0,0.0,0.0,836,12,0.0,0.0,0.0,0.0,835.5,0.0
1,738200,VOLCANIC_ROCK_VOUCHER_9500,834.0,12.0,0.0,0.0,0.0,0.0,835,12,0.0,0.0,0.0,0.0,834.5,0.0
1,738300,VOLCANIC_ROCK_VOUCHER_9500,831.0,12.0,0.0,0.0,0.0,0.0,832,12,0.0,0.0,0.0,0.0,831.5,0.0
1,738400,VOLCANIC_ROCK_VOUCHER_9500,832.0,18.0,0.0,0.0,0.0,0.0,833,18,0.0,0.0,0.0,0.0,832.5,0.0
1,738500,VOLCANIC_ROCK_VOUCHER_9500,829.0,21.0,0.0,0.0,0.0,0.0,830,21,0.0,0.0,0.0,0.0,829.5,0.0
1,738600,VOLCANIC_ROCK_VOUCHER_9500,824.0,13.0,0.0,0.0,0.0,0.0,825,13,0.0,0.0,0.0,0.0,824.5,0.0
1,738700,VOLCANIC_ROCK_VOUCHER_9500,816.0,20.0,0.0,0.0,0.0,0.0,817,20,0.0,0.0,0.0,0.0,816.5,0.0
1,738800,VOLCANIC_ROCK_VOUCHER_9500,819.0,30.0,0.0,0.0,0.0,0.0,820,19,0.0,0.0,0.0,0.0,819.5,0.0
1,738900,VOLCANIC_ROCK_VOUCHER_9500,820.0,18.0,0.0,0.0,0.0,0.0,821,18,0.0,0.0,0.0,0.0,820.5,0.0
1,739000,VOLCANIC_ROCK_VOUCHER_9500,822.0,19.0,0.0,0.0,0.0,0.0,823,19,0.0,0.0,0.0,0.0,822.5,0.0
1,739100,VOLCANIC_ROCK_VOUCHER_9500,819.0,17.0,0.0,0.0,0.0,0.0,820,17,0.0,0.0,0.0,0.0,819.5,0.0
1,739200,VOLCANIC_ROCK_VOUCHER_9500,821.0,13.0,0.0,0.0,0.0,0.0,822,13,0.0,0.0,0.0,0.0,821.5,0.0
1,739300,VOLCANIC_ROCK_VOUCHER_9500,818.0,2.0,0.0,0.0,0.0,0.0,819,13,0.0,0.0,0.0,0.0,818.5,0.0
1,739400,VOLCANIC_ROCK_VOUCHER_9500,818.0,10.0,0.0,0.0,0.0,0.0,819,10,0.0,0.0,0.0,0.0,818.5,0.0
1,739500,VOLCANIC_ROCK_VOUCHER_9500,818.0,19.0,0.0,0.0,0.0,0.0,819,19,0.0,0.0,0.0,0.0,818.5,0.0
1,739600,VOLCANIC_ROCK_VOUCHER_9500,823.0,20.0,0.0,0.0,0.0,0.0,824,20,0.0,0.0,0.0,0.0,823.5,0.0
1,739700,VOLCANIC_ROCK_VOUCHER_9500,822.0,16.0,0.0,0.0,0.0,0.0,823,16,0.0,0.0,0.0,0.0,822.5,0.0
1,739800,VOLCANIC_ROCK_VOUCHER_9500,822.0,10.0,0.0,0.0,0.0,0.0,823,10,0.0,0.0,0.0,0.0,822.5,0.0
1,739900,VOLCANIC_ROCK_VOUCHER_9500,817.0,12.0,0.0,0.0,0.0,0.0,818,12,0.0,0.0,0.0,0.0,817.5,0.0
1,740000,VOLCANIC_ROCK_VOUCHER_9500,815.0,17.0,0.0,0.0,0.0,0.0,816,17,0.0,0.0,0.0,0.0,815.5,0.0
1,740100,VOLCANIC_ROCK_VOUCHER_9500,815.0,15.0,0.0,0.0,0.0,0.0,816,15,0.0,0.0,0.0,0.0,815.5,0.0
1,740200,VOLCANIC_ROCK_VOUCHER_9500,816.0,19.0,0.0,0.0,0.0,0.0,817,19,0.0,0.0,0.0,0.0,816.5,0.0
1,740300,VOLCANIC_ROCK_VOUCHER_9500,813.0,34.0,0.0,0.0,0.0,0.0,814,14,0.0,0.0,0.0,0.0,813.5,0.0
1,740400,VOLCANIC_ROCK_VOUCHER_9500,815.0,8.0,0.0,0.0,0.0,0.0,816,14,0.0,0.0,0.0,0.0,815.5,0.0
1,740500,VOLCANIC_ROCK_VOUCHER_9500,816.0,20.0,0.0,0.0,0.0,0.0,817,20,0.0,0.0,0.0,0.0,816.5,0.0
1,740600,VOLCANIC_ROCK_VOUCHER_9500,823.0,14.0,0.0,0.0,0.0,0.0,824,14,0.0,0.0,0.0,0.0,823.5,0.0
1,740700,VOLCANIC_ROCK_VOUCHER_9500,822.0,17.0,0.0,0.0,0.0,0.0,823,17,0.0,0.0,0.0,0.0,822.5,0.0
1,740800,VOLCANIC_ROCK_VOUCHER_9500,824.0,15.0,0.0,0.0,0.0,0.0,825,15,0.0,0.0,0.0,0.0,824.5,0.0
1,740900,VOLCANIC_ROCK_VOUCHER_9500,824.0,20.0,0.0,0.0,0.0,0.0,825,20,0.0,0.0,0.0,0.0,824.5,0.0
1,741000,VOLCANIC_ROCK_VOUCHER_9500,824.0,16.0,0.0,0.0,0.0,0.0,825,16,0.0,0.0,0.0,0.0,824.5,0.0
1,741100,VOLCANIC_ROCK_VOUCHER_9500,828.0,1.0,827.0,20.0,0.0,0.0,829,21,0.0,0.0,0.0,0.0,828.5,0.0
1,741200,VOLCANIC_ROCK_VOUCHER_9500,830.0,22.0,0.0,0.0,0.0,0.0,832,22,0.0,0.0,0.0,0.0,831.0,0.0
1,741300,VOLCANIC_ROCK_VOUCHER_9500,828.0,18.0,0.0,0.0,0.0,0.0,830,18,0.0,0.0,0.0,0.0,829.0,0.0
1,741400,VOLCANIC_ROCK_VOUCHER_9500,826.0,20.0,0.0,0.0,0.0,0.0,828,20,0.0,0.0,0.0,0.0,827.0,0.0
1,741500,VOLCANIC_ROCK_VOUCHER_9500,830.0,17.0,0.0,0.0,0.0,0.0,831,17,0.0,0.0,0.0,0.0,830.5,0.0
1,741600,VOLCANIC_ROCK_VOUCHER_9500,828.0,17.0,0.0,0.0,0.0,0.0,829,17,0.0,0.0,0.0,0.0,828.5,0.0
1,741700,VOLCANIC_ROCK_VOUCHER_9500,823.0,21.0,0.0,0.0,0.0,0.0,824,21,0.0,0.0,0.0,0.0,823.5,0.0
1,741800,VOLCANIC_ROCK_VOUCHER_9500,819.0,11.0,0.0,0.0,0.0,0.0,820,11,0.0,0.0,0.0,0.0,819.5,0.0
1,741900,VOLCANIC_ROCK_VOUCHER_9500,814.0,11.0,0.0,0.0,0.0,0.0,815,11,0.0,0.0,0.0,0.0,814.5,0.0
1,742000,VOLCANIC_ROCK_VOUCHER_9500,811.0,21.0,0.0,0.0,0.0,0.0,812,21,0.0,0.0,0.0,0.0,811.5,0.0
1,742100,VOLCANIC_ROCK_VOUCHER_9500,803.0,18.0,0.0,0.0,0.0,0.0,804,18,0.0,0.0,0.0,0.0,803.5,0.0
1,742200,VOLCANIC_ROCK_VOUCHER_9500,800.0,13.0,0.0,0.0,0.0,0.0,801,13,0.0,0.0,0.0,0.0,800.5,0.0
1,742300,VOLCANIC_ROCK_VOUCHER_9500,798.0,18.0,0.0,0.0,0.0,0.0,799,18,0.0,0.0,0.0,0.0,798.5,0.0
1,742400,VOLCANIC_ROCK_VOUCHER_9500,796.0,15.0,0.0,0.0,0.0,0.0,797,15,0.0,0.0,0.0,0.0,796.5,0.0
1,742500,VOLCANIC_ROCK_VOUCHER_9500,801.0,16.0,0.0,0.0,0.0,0.0,802,16,0.0,0.0,0.0,0.0,801.5,0.0
1,742600,VOLCANIC_ROCK_VOUCHER_9500,806.0,18.0,0.0,0.0,0.0,0.0,807,18,0.0,0.0,0.0,0.0,806.5,0.0
1,742700,VOLCANIC_ROCK_VOUCHER_9500,809.0,18.0,0.0,0.0,0.0,0.0,810,18,0.0,0.0,0.0,0.0,809.5,0.0
1,742800,VOLCANIC_ROCK_VOUCHER_9500,806.0,13.0,0.0,0.0,0.0,0.0,807,13,0.0,0.0,0.0,0.0,806.5,0.0
1,742900,VOLCANIC_ROCK_VOUCHER_9500,805.0,11.0,0.0,0.0,0.0,0.0,807,11,0.0,0.0,0.0,0.0,806.0,0.0
1,743000,VOLCANIC_ROCK_VOUCHER_9500,803.0,11.0,0.0,0.0,0.0,0.0,805,11,0.0,0.0,0.0,0.0,804.0,0.0
1,743100,VOLCANIC_ROCK_VOUCHER_9500,800.0,21.0,0.0,0.0,0.0,0.0,801,21,0.0,0.0,0.0,0.0,800.5,0.0
1,743200,VOLCANIC_ROCK_VOUCHER_9500,798.0,20.0,0.0,0.0,0.0,0.0,800,20,0.0,0.0,0.0,0.0,799.0,0.0
1,743300,VOLCANIC_ROCK_VOUCHER_9500,800.0,18.0,0.0,0.0,0.0,0.0,801,18,0.0,0.0,0.0,0.0,800.5,0.0
1,743400,VOLCANIC_ROCK_VOUCHER_9500,802.0,12.0,0.0,0.0,0.0,0.0,803,12,0.0,0.0,0.0,0.0,802.5,0.0
1,743500,VOLCANIC_ROCK_VOUCHER_9500,801.0,16.0,0.0,0.0,0.0,0.0,802,16,0.0,0.0,0.0,0.0,801.5,0.0
1,743600,VOLCANIC_ROCK_VOUCHER_9500,0.0,0.0,0.0,0.0,0.0,0.0,800,6,801.0,13.0,0.0,0.0,800.0,0.0
1,743700,VOLCANIC_ROCK_VOUCHER_9500,801.0,21.0,0.0,0.0,0.0,0.0,802,21,0.0,0.0,0.0,0.0,801.5,0.0
1,743800,VOLCANIC_ROCK_VOUCHER_9500,804.0,16.0,0.0,0.0,0.0,0.0,805,16,0.0,0.0,0.0,0.0,804.5,0.0
1,743900,VOLCANIC_ROCK_VOUCHER_9500,801.0,20.0,0.0,0.0,0.0,0.0,802,20,0.0,0.0,0.0,0.0,801.5,0.0
1,744000,VOLCANIC_ROCK_VOUCHER_9500,799.0,20.0,0.0,0.0,0.0,0.0,801,20,0.0,0.0,0.0,0.0,800.0,0.0
1,744100,VOLCANIC_ROCK_VOUCHER_9500,801.0,16.0,0.0,0.0,0.0,0.0,802,16,0.0,0.0,0.0,0.0,801.5,0.0
1,744200,VOLCANIC_ROCK_VOUCHER_9500,803.0,6.0,0.0,0.0,0.0,0.0,804,17,0.0,0.0,0.0,0.0,803.5,0.0
1,744300,VOLCANIC_ROCK_VOUCHER_9500,804.0,5.0,803.0,13.0,0.0,0.0,805,11,0.0,0.0,0.0,0.0,804.5,0.0
1,744400,VOLCANIC_ROCK_VOUCHER_9500,804.0,12.0,0.0,0.0,0.0,0.0,805,12,0.0,0.0,0.0,0.0,804.5,0.0
1,744500,VOLCANIC_ROCK_VOUCHER_9500,805.0,10.0,0.0,0.0,0.0,0.0,806,10,0.0,0.0,0.0,0.0,805.5,0.0
1,744600,VOLCANIC_ROCK_VOUCHER_9500,803.0,18.0,0.0,0.0,0.0,0.0,805,18,0.0,0.0,0.0,0.0,804.0,0.0
1,744700,VOLCANIC_ROCK_VOUCHER_9500,803.0,14.0,0.0,0.0,0.0,0.0,805,14,0.0,0.0,0.0,0.0,804.0,0.0
1,744800,VOLCANIC_ROCK_VOUCHER_9500,799.0,16.0,0.0,0.0,0.0,0.0,800,16,0.0,0.0,0.0,0.0,799.5,0.0
1,744900,VOLCANIC_ROCK_VOUCHER_9500,802.0,12.0,0.0,0.0,0.0,0.0,803,12,0.0,0.0,0.0,0.0,802.5,0.0
1,745000,VOLCANIC_ROCK_VOUCHER_9500,802.0,18.0,0.0,0.0,0.0,0.0,803,18,0.0,0.0,0.0,0.0,802.5,0.0
1,745100,VOLCANIC_ROCK_VOUCHER_9500,0.0,0.0,0.0,0.0,0.0,0.0,803,2,804.0,13.0,0.0,0.0,803.0,0.0
1,745200,VOLCANIC_ROCK_VOUCHER_9500,803.0,11.0,0.0,0.0,0.0,0.0,804,11,0.0,0.0,0.0,0.0,803.5,0.0
1,745300,VOLCANIC_ROCK_VOUCHER_9500,802.0,18.0,0.0,0.0,0.0,0.0,803,13,0.0,0.0,0.0,0.0,802.5,0.0
1,745400,VOLCANIC_ROCK_VOUCHER_9500,797.0,20.0,0.0,0.0,0.0,0.0,798,20,0.0,0.0,0.0,0.0,797.5,0.0
1,745500,VOLCANIC_ROCK_VOUCHER_9500,797.0,17.0,0.0,0.0,0.0,0.0,798,17,0.0,0.0,0.0,0.0,797.5,0.0
1,745600,VOLCANIC_ROCK_VOUCHER_9500,797.0,21.0,0.0,0.0,0.0,0.0,798,21,0.0,0.0,0.0,0.0,797.5,0.0
1,745700,VOLCANIC_ROCK_VOUCHER_9500,799.0,20.0,0.0,0.0,0.0,0.0,800,20,0.0,0.0,0.0,0.0,799.5,0.0
1,745800,VOLCANIC_ROCK_VOUCHER_9500,802.0,19.0,0.0,0.0,0.0,0.0,803,19,0.0,0.0,0.0,0.0,802.5,0.0
1,745900,VOLCANIC_ROCK_VOUCHER_9500,804.0,20.0,0.0,0.0,0.0,0.0,805,20,0.0,0.0,0.0,0.0,804.5,0.0
1,746000,VOLCANIC_ROCK_VOUCHER_9500,802.0,13.0,0.0,0.0,0.0,0.0,803,13,0.0,0.0,0.0,0.0,802.5,0.0
1,746100,VOLCANIC_ROCK_VOUCHER_9500,804.0,18.0,0.0,0.0,0.0,0.0,805,18,0.0,0.0,0.0,0.0,804.5,0.0
1,746200,VOLCANIC_ROCK_VOUCHER_9500,801.0,15.0,0.0,0.0,0.0,0.0,803,15,0.0,0.0,0.0,0.0,802.0,0.0
1,746300,VOLCANIC_ROCK_VOUCHER_9500,805.0,22.0,0.0,0.0,0.0,0.0,806,22,0.0,0.0,0.0,0.0,805.5,0.0
1,746400,VOLCANIC_ROCK_VOUCHER_9500,810.0,15.0,0.0,0.0,0.0,0.0,811,15,0.0,0.0,0.0,0.0,810.5,0.0
1,746500,VOLCANIC_ROCK_VOUCHER_9500,809.0,15.0,0.0,0.0,0.0,0.0,810,15,0.0,0.0,0.0,0.0,809.5,0.0
1,746600,VOLCANIC_ROCK_VOUCHER_9500,812.0,20.0,0.0,0.0,0.0,0.0,813,20,0.0,0.0,0.0,0.0,812.5,0.0
1,746700,VOLCANIC_ROCK_VOUCHER_9500,812.0,18.0,0.0,0.0,0.0,0.0,813,18,0.0,0.0,0.0,0.0,812.5,0.0
1,746800,VOLCANIC_ROCK_VOUCHER_9500,812.0,14.0,0.0,0.0,0.0,0.0,813,14,0.0,0.0,0.0,0.0,812.5,0.0
1,746900,VOLCANIC_ROCK_VOUCHER_9500,816.0,18.0,0.0,0.0,0.0,0.0,817,18,0.0,0.0,0.0,0.0,816.5,0.0
1,747000,VOLCANIC_ROCK_VOUCHER_9500,821.0,12.0,0.0,0.0,0.0,0.0,822,12,0.0,0.0,0.0,0.0,821.5,0.0
1,747100,VOLCANIC_ROCK_VOUCHER_9500,819.0,20.0,0.0,0.0,0.0,0.0,820,20,0.0,0.0,0.0,0.0,819.5,0.0
1,747200,VOLCANIC_ROCK_VOUCHER_9500,817.0,20.0,0.0,0.0,0.0,0.0,818,20,0.0,0.0,0.0,0.0,817.5,0.0
1,747300,VOLCANIC_ROCK_VOUCHER_9500,816.0,19.0,0.0,0.0,0.0,0.0,817,19,0.0,0.0,0.0,0.0,816.5,0.0
1,747400,VOLCANIC_ROCK_VOUCHER_9500,817.0,16.0,0.0,0.0,0.0,0.0,819,16,0.0,0.0,0.0,0.0,818.0,0.0
1,747500,VOLCANIC_ROCK_VOUCHER_9500,815.0,19.0,0.0,0.0,0.0,0.0,816,19,0.0,0.0,0.0,0.0,815.5,0.0
1,747600,VOLCANIC_ROCK_VOUCHER_9500,811.0,11.0,0.0,0.0,0.0,0.0,813,11,0.0,0.0,0.0,0.0,812.0,0.0
1,747700,VOLCANIC_ROCK_VOUCHER_9500,811.0,16.0,0.0,0.0,0.0,0.0,812,16,0.0,0.0,0.0,0.0,811.5,0.0
1,747800,VOLCANIC_ROCK_VOUCHER_9500,809.0,17.0,0.0,0.0,0.0,0.0,810,17,0.0,0.0,0.0,0.0,809.5,0.0
1,747900,VOLCANIC_ROCK_VOUCHER_9500,810.0,12.0,0.0,0.0,0.0,0.0,811,12,0.0,0.0,0.0,0.0,810.5,0.0
1,748000,VOLCANIC_ROCK_VOUCHER_9500,808.0,1.0,0.0,0.0,0.0,0.0,809,12,0.0,0.0,0.0,0.0,808.5,0.0
1,748100,VOLCANIC_ROCK_VOUCHER_9500,805.0,18.0,0.0,0.0,0.0,0.0,806,18,0.0,0.0,0.0,0.0,805.5,0.0
1,748200,VOLCANIC_ROCK_VOUCHER_9500,804.0,18.0,0.0,0.0,0.0,0.0,805,18,0.0,0.0,0.0,0.0,804.5,0.0
1,748300,VOLCANIC_ROCK_VOUCHER_9500,800.0,12.0,0.0,0.0,0.0,0.0,802,12,0.0,0.0,0.0,0.0,801.0,0.0
1,748400,VOLCANIC_ROCK_VOUCHER_9500,801.0,40.0,0.0,0.0,0.0,0.0,802,20,0.0,0.0,0.0,0.0,801.5,0.0
1,748500,VOLCANIC_ROCK_VOUCHER_9500,796.0,19.0,0.0,0.0,0.0,0.0,797,19,0.0,0.0,0.0,0.0,796.5,0.0
1,748600,VOLCANIC_ROCK_VOUCHER_9500,797.0,20.0,796.0,11.0,0.0,0.0,798,11,0.0,0.0,0.0,0.0,797.5,0.0
1,748700,VOLCANIC_ROCK_VOUCHER_9500,804.0,30.0,0.0,0.0,0.0,0.0,805,17,0.0,0.0,0.0,0.0,804.5,0.0
1,748800,VOLCANIC_ROCK_VOUCHER_9500,806.0,36.0,0.0,0.0,0.0,0.0,807,19,0.0,0.0,0.0,0.0,806.5,0.0
1,748900,VOLCANIC_ROCK_VOUCHER_9500,806.0,19.0,0.0,0.0,0.0,0.0,807,19,0.0,0.0,0.0,0.0,806.5,0.0
1,749000,VOLCANIC_ROCK_VOUCHER_9500,801.0,12.0,0.0,0.0,0.0,0.0,802,12,0.0,0.0,0.0,0.0,801.5,0.0
1,749100,VOLCANIC_ROCK_VOUCHER_9500,802.0,10.0,0.0,0.0,0.0,0.0,803,10,0.0,0.0,0.0,0.0,802.5,0.0
1,749200,VOLCANIC_ROCK_VOUCHER_9500,802.0,17.0,0.0,0.0,0.0,0.0,803,17,0.0,0.0,0.0,0.0,802.5,0.0
1,749300,VOLCANIC_ROCK_VOUCHER_9500,802.0,16.0,0.0,0.0,0.0,0.0,803,16,0.0,0.0,0.0,0.0,802.5,0.0
1,749400,VOLCANIC_ROCK_VOUCHER_9500,800.0,11.0,0.0,0.0,0.0,0.0,801,11,0.0,0.0,0.0,0.0,800.5,0.0
1,749500,VOLCANIC_ROCK_VOUCHER_9500,800.0,20.0,0.0,0.0,0.0,0.0,801,20,0.0,0.0,0.0,0.0,800.5,0.0
1,749600,VOLCANIC_ROCK_VOUCHER_9500,0.0,0.0,0.0,0.0,0.0,0.0,800,8,801.0,12.0,0.0,0.0,800.0,0.0
1,749700,VOLCANIC_ROCK_VOUCHER_9500,802.0,14.0,0.0,0.0,0.0,0.0,803,14,0.0,0.0,0.0,0.0,802.5,0.0
1,749800,VOLCANIC_ROCK_VOUCHER_9500,802.0,21.0,0.0,0.0,0.0,0.0,803,21,0.0,0.0,0.0,0.0,802.5,0.0
1,749900,VOLCANIC_ROCK_VOUCHER_9500,802.0,17.0,0.0,0.0,0.0,0.0,803,17,0.0,0.0,0.0,0.0,802.5,0.0
1,750000,VOLCANIC_ROCK_VOUCHER_9500,804.0,18.0,0.0,0.0,0.0,0.0,806,18,0.0,0.0,0.0,0.0,805.0,0.0
1,750100,VOLCANIC_ROCK_VOUCHER_9500,814.0,20.0,0.0,0.0,0.0,0.0,815,20,0.0,0.0,0.0,0.0,814.5,0.0
1,750200,VOLCANIC_ROCK_VOUCHER_9500,811.0,15.0,0.0,0.0,0.0,0.0,812,15,0.0,0.0,0.0,0.0,811.5,0.0
1,750300,VOLCANIC_ROCK_VOUCHER_9500,809.0,22.0,0.0,0.0,0.0,0.0,811,22,0.0,0.0,0.0,0.0,810.0,0.0
1,750400,VOLCANIC_ROCK_VOUCHER_9500,811.0,10.0,0.0,0.0,0.0,0.0,812,10,0.0,0.0,0.0,0.0,811.5,0.0
1,750500,VOLCANIC_ROCK_VOUCHER_9500,811.0,21.0,0.0,0.0,0.0,0.0,812,21,0.0,0.0,0.0,0.0,811.5,0.0
1,750600,VOLCANIC_ROCK_VOUCHER_9500,813.0,14.0,0.0,0.0,0.0,0.0,814,14,0.0,0.0,0.0,0.0,813.5,0.0
1,750700,VOLCANIC_ROCK_VOUCHER_9500,811.0,15.0,0.0,0.0,0.0,0.0,812,15,0.0,0.0,0.0,0.0,811.5,0.0
1,750800,VOLCANIC_ROCK_VOUCHER_9500,812.0,21.0,0.0,0.0,0.0,0.0,813,21,0.0,0.0,0.0,0.0,812.5,0.0
1,750900,VOLCANIC_ROCK_VOUCHER_9500,810.0,20.0,0.0,0.0,0.0,0.0,812,20,0.0,0.0,0.0,0.0,811.0,0.0
1,751000,VOLCANIC_ROCK_VOUCHER_9500,810.0,11.0,0.0,0.0,0.0,0.0,811,11,0.0,0.0,0.0,0.0,810.5,0.0
1,751100,VOLCANIC_ROCK_VOUCHER_9500,808.0,12.0,0.0,0.0,0.0,0.0,809,12,0.0,0.0,0.0,0.0,808.5,0.0
1,751200,VOLCANIC_ROCK_VOUCHER_9500,806.0,16.0,0.0,0.0,0.0,0.0,807,16,0.0,0.0,0.0,0.0,806.5,0.0
1,751300,VOLCANIC_ROCK_VOUCHER_9500,806.0,16.0,0.0,0.0,0.0,0.0,808,16,0.0,0.0,0.0,0.0,807.0,0.0
1,751400,VOLCANIC_ROCK_VOUCHER_9500,803.0,16.0,0.0,0.0,0.0,0.0,804,16,0.0,0.0,0.0,0.0,803.5,0.0
1,751500,VOLCANIC_ROCK_VOUCHER_9500,803.0,18.0,0.0,0.0,0.0,0.0,804,18,0.0,0.0,0.0,0.0,803.5,0.0
1,751600,VOLCANIC_ROCK_VOUCHER_9500,803.0,16.0,0.0,0.0,0.0,0.0,804,16,0.0,0.0,0.0,0.0,803.5,0.0
1,751700,VOLCANIC_ROCK_VOUCHER_9500,804.0,17.0,0.0,0.0,0.0,0.0,806,17,0.0,0.0,0.0,0.0,805.0,0.0
1,751800,VOLCANIC_ROCK_VOUCHER_9500,805.0,17.0,0.0,0.0,0.0,0.0,807,17,0.0,0.0,0.0,0.0,806.0,0.0
1,751900,VOLCANIC_ROCK_VOUCHER_9500,807.0,14.0,0.0,0.0,0.0,0.0,809,14,0.0,0.0,0.0,0.0,808.0,0.0
1,752000,VOLCANIC_ROCK_VOUCHER_9500,806.0,15.0,0.0,0.0,0.0,0.0,807,15,0.0,0.0,0.0,0.0,806.5,0.0
1,752100,VOLCANIC_ROCK_VOUCHER_9500,807.0,18.0,0.0,0.0,0.0,0.0,808,18,0.0,0.0,0.0,0.0,807.5,0.0
1,752200,VOLCANIC_ROCK_VOUCHER_9500,806.0,13.0,0.0,0.0,0.0,0.0,807,13,0.0,0.0,0.0,0.0,806.5,0.0
1,752300,VOLCANIC_ROCK_VOUCHER_9500,798.0,15.0,0.0,0.0,0.0,0.0,800,15,0.0,0.0,0.0,0.0,799.0,0.0
1,752400,VOLCANIC_ROCK_VOUCHER_9500,794.0,16.0,0.0,0.0,0.0,0.0,795,1,796.0,15.0,0.0,0.0,794.5,0.0
1,752500,VOLCANIC_ROCK_VOUCHER_9500,763.0,20.0,0.0,0.0,0.0,0.0,764,20,0.0,0.0,0.0,0.0,763.5,0.0
1,752600,VOLCANIC_ROCK_VOUCHER_9500,761.0,16.0,0.0,0.0,0.0,0.0,762,16,0.0,0.0,0.0,0.0,761.5,0.0
1,752700,VOLCANIC_ROCK_VOUCHER_9500,762.0,13.0,0.0,0.0,0.0,0.0,763,13,0.0,0.0,0.0,0.0,762.5,0.0
1,752800,VOLCANIC_ROCK_VOUCHER_9500,745.0,20.0,0.0,0.0,0.0,0.0,746,20,0.0,0.0,0.0,0.0,745.5,0.0
1,752900,VOLCANIC_ROCK_VOUCHER_9500,739.0,16.0,0.0,0.0,0.0,0.0,740,16,0.0,0.0,0.0,0.0,739.5,0.0
1,753000,VOLCANIC_ROCK_VOUCHER_9500,747.0,23.0,0.0,0.0,0.0,0.0,748,11,0.0,0.0,0.0,0.0,747.5,0.0
1,753100,VOLCANIC_ROCK_VOUCHER_9500,756.0,20.0,0.0,0.0,0.0,0.0,757,20,0.0,0.0,0.0,0.0,756.5,0.0
1,753200,VOLCANIC_ROCK_VOUCHER_9500,745.0,21.0,0.0,0.0,0.0,0.0,746,21,0.0,0.0,0.0,0.0,745.5,0.0
1,753300,VOLCANIC_ROCK_VOUCHER_9500,745.0,21.0,0.0,0.0,0.0,0.0,746,21,0.0,0.0,0.0,0.0,745.5,0.0
1,753400,VOLCANIC_ROCK_VOUCHER_9500,754.0,12.0,0.0,0.0,0.0,0.0,755,12,0.0,0.0,0.0,0.0,754.5,0.0
1,753500,VOLCANIC_ROCK_VOUCHER_9500,755.0,15.0,0.0,0.0,0.0,0.0,757,15,0.0,0.0,0.0,0.0,756.0,0.0
1,753600,VOLCANIC_ROCK_VOUCHER_9500,756.0,17.0,0.0,0.0,0.0,0.0,757,17,0.0,0.0,0.0,0.0,756.5,0.0
1,753700,VOLCANIC_ROCK_VOUCHER_9500,747.0,20.0,0.0,0.0,0.0,0.0,748,20,0.0,0.0,0.0,0.0,747.5,0.0
1,753800,VOLCANIC_ROCK_VOUCHER_9500,751.0,16.0,0.0,0.0,0.0,0.0,752,16,0.0,0.0,0.0,0.0,751.5,0.0
1,753900,VOLCANIC_ROCK_VOUCHER_9500,759.0,13.0,0.0,0.0,0.0,0.0,760,13,0.0,0.0,0.0,0.0,759.5,0.0
1,754000,VOLCANIC_ROCK_VOUCHER_9500,768.0,18.0,0.0,0.0,0.0,0.0,769,18,0.0,0.0,0.0,0.0,768.5,0.0
1,754100,VOLCANIC_ROCK_VOUCHER_9500,773.0,18.0,0.0,0.0,0.0,0.0,774,18,0.0,0.0,0.0,0.0,773.5,0.0
1,754200,VOLCANIC_ROCK_VOUCHER_9500,775.0,15.0,0.0,0.0,0.0,0.0,776,15,0.0,0.0,0.0,0.0,775.5,0.0
1,754300,VOLCANIC_ROCK_VOUCHER_9500,772.0,13.0,0.0,0.0,0.0,0.0,773,1,774.0,12.0,0.0,0.0,772.5,0.0
1,754400,VOLCANIC_ROCK_VOUCHER_9500,770.0,18.0,0.0,0.0,0.0,0.0,771,18,0.0,0.0,0.0,0.0,770.5,0.0
1,754500,VOLCANIC_ROCK_VOUCHER_9500,769.0,17.0,0.0,0.0,0.0,0.0,770,17,0.0,0.0,0.0,0.0,769.5,0.0
1,754600,VOLCANIC_ROCK_VOUCHER_9500,768.0,15.0,0.0,0.0,0.0,0.0,769,15,0.0,0.0,0.0,0.0,768.5,0.0
1,754700,VOLCANIC_ROCK_VOUCHER_9500,771.0,19.0,0.0,0.0,0.0,0.0,772,19,0.0,0.0,0.0,0.0,771.5,0.0
1,754800,VOLCANIC_ROCK_VOUCHER_9500,771.0,35.0,0.0,0.0,0.0,0.0,772,17,0.0,0.0,0.0,0.0,771.5,0.0
1,754900,VOLCANIC_ROCK_VOUCHER_9500,773.0,14.0,0.0,0.0,0.0,0.0,774,14,0.0,0.0,0.0,0.0,773.5,0.0
1,755000,VOLCANIC_ROCK_VOUCHER_9500,770.0,14.0,0.0,0.0,0.0,0.0,771,14,0.0,0.0,0.0,0.0,770.5,0.0
1,755100,VOLCANIC_ROCK_VOUCHER_9500,776.0,11.0,0.0,0.0,0.0,0.0,778,11,0.0,0.0,0.0,0.0,777.0,0.0
1,755200,VOLCANIC_ROCK_VOUCHER_9500,777.0,22.0,0.0,0.0,0.0,0.0,778,22,0.0,0.0,0.0,0.0,777.5,0.0
1,755300,VOLCANIC_ROCK_VOUCHER_9500,779.0,8.0,0.0,0.0,0.0,0.0,780,19,0.0,0.0,0.0,0.0,779.5,0.0
1,755400,VOLCANIC_ROCK_VOUCHER_9500,777.0,16.0,0.0,0.0,0.0,0.0,778,16,0.0,0.0,0.0,0.0,777.5,0.0
1,755500,VOLCANIC_ROCK_VOUCHER_9500,773.0,11.0,0.0,0.0,0.0,0.0,774,11,0.0,0.0,0.0,0.0,773.5,0.0
1,755600,VOLCANIC_ROCK_VOUCHER_9500,773.0,11.0,0.0,0.0,0.0,0.0,774,22,0.0,0.0,0.0,0.0,773.5,0.0
1,755700,VOLCANIC_ROCK_VOUCHER_9500,774.0,17.0,0.0,0.0,0.0,0.0,775,17,0.0,0.0,0.0,0.0,774.5,0.0
1,755800,VOLCANIC_ROCK_VOUCHER_9500,767.0,3.0,0.0,0.0,0.0,0.0,768,13,0.0,0.0,0.0,0.0,767.5,0.0
1,755900,VOLCANIC_ROCK_VOUCHER_9500,761.0,17.0,0.0,0.0,0.0,0.0,762,17,0.0,0.0,0.0,0.0,761.5,0.0
1,756000,VOLCANIC_ROCK_VOUCHER_9500,765.0,22.0,0.0,0.0,0.0,0.0,766,22,0.0,0.0,0.0,0.0,765.5,0.0
1,756100,VOLCANIC_ROCK_VOUCHER_9500,0.0,0.0,0.0,0.0,0.0,0.0,758,6,759.0,10.0,0.0,0.0,758.0,0.0
1,756200,VOLCANIC_ROCK_VOUCHER_9500,757.0,16.0,0.0,0.0,0.0,0.0,758,16,0.0,0.0,0.0,0.0,757.5,0.0
1,756300,VOLCANIC_ROCK_VOUCHER_9500,756.0,11.0,0.0,0.0,0.0,0.0,757,11,0.0,0.0,0.0,0.0,756.5,0.0
1,756400,VOLCANIC_ROCK_VOUCHER_9500,759.0,12.0,0.0,0.0,0.0,0.0,760,12,0.0,0.0,0.0,0.0,759.5,0.0
1,756500,VOLCANIC_ROCK_VOUCHER_9500,751.0,20.0,0.0,0.0,0.0,0.0,752,20,0.0,0.0,0.0,0.0,751.5,0.0
1,756600,VOLCANIC_ROCK_VOUCHER_9500,751.0,4.0,0.0,0.0,0.0,0.0,752,18,0.0,0.0,0.0,0.0,751.5,0.0
1,756700,VOLCANIC_ROCK_VOUCHER_9500,743.0,21.0,0.0,0.0,0.0,0.0,744,21,0.0,0.0,0.0,0.0,743.5,0.0
1,756800,VOLCANIC_ROCK_VOUCHER_9500,721.0,18.0,0.0,0.0,0.0,0.0,722,18,0.0,0.0,0.0,0.0,721.5,0.0
1,756900,VOLCANIC_ROCK_VOUCHER_9500,715.0,17.0,0.0,0.0,0.0,0.0,716,17,0.0,0.0,0.0,0.0,715.5,0.0
1,757000,VOLCANIC_ROCK_VOUCHER_9500,725.0,19.0,0.0,0.0,0.0,0.0,726,19,0.0,0.0,0.0,0.0,725.5,0.0
1,757100,VOLCANIC_ROCK_VOUCHER_9500,726.0,12.0,0.0,0.0,0.0,0.0,727,12,0.0,0.0,0.0,0.0,726.5,0.0
1,757200,VOLCANIC_ROCK_VOUCHER_9500,733.0,12.0,0.0,0.0,0.0,0.0,734,12,0.0,0.0,0.0,0.0,733.5,0.0
1,757300,VOLCANIC_ROCK_VOUCHER_9500,725.0,11.0,0.0,0.0,0.0,0.0,726,11,0.0,0.0,0.0,0.0,725.5,0.0
1,757400,VOLCANIC_ROCK_VOUCHER_9500,719.0,15.0,0.0,0.0,0.0,0.0,721,15,0.0,0.0,0.0,0.0,720.0,0.0
1,757500,VOLCANIC_ROCK_VOUCHER_9500,720.0,12.0,0.0,0.0,0.0,0.0,721,12,0.0,0.0,0.0,0.0,720.5,0.0
1,757600,VOLCANIC_ROCK_VOUCHER_9500,727.0,14.0,0.0,0.0,0.0,0.0,728,14,0.0,0.0,0.0,0.0,727.5,0.0
1,757700,VOLCANIC_ROCK_VOUCHER_9500,722.0,12.0,0.0,0.0,0.0,0.0,723,12,0.0,0.0,0.0,0.0,722.5,0.0
1,757800,VOLCANIC_ROCK_VOUCHER_9500,729.0,11.0,0.0,0.0,0.0,0.0,731,11,0.0,0.0,0.0,0.0,730.0,0.0
1,757900,VOLCANIC_ROCK_VOUCHER_9500,728.0,16.0,0.0,0.0,0.0,0.0,729,16,0.0,0.0,0.0,0.0,728.5,0.0
1,758000,VOLCANIC_ROCK_VOUCHER_9500,736.0,21.0,0.0,0.0,0.0,0.0,737,21,0.0,0.0,0.0,0.0,736.5,0.0
1,758100,VOLCANIC_ROCK_VOUCHER_9500,736.0,12.0,0.0,0.0,0.0,0.0,737,12,0.0,0.0,0.0,0.0,736.5,0.0
1,758200,VOLCANIC_ROCK_VOUCHER_9500,746.0,20.0,0.0,0.0,0.0,0.0,747,20,0.0,0.0,0.0,0.0,746.5,0.0
1,758300,VOLCANIC_ROCK_VOUCHER_9500,749.0,19.0,0.0,0.0,0.0,0.0,750,19,0.0,0.0,0.0,0.0,749.5,0.0
1,758400,VOLCANIC_ROCK_VOUCHER_9500,752.0,12.0,0.0,0.0,0.0,0.0,753,12,0.0,0.0,0.0,0.0,752.5,0.0
1,758500,VOLCANIC_ROCK_VOUCHER_9500,751.0,17.0,0.0,0.0,0.0,0.0,752,17,0.0,0.0,0.0,0.0,751.5,0.0
1,758600,VOLCANIC_ROCK_VOUCHER_9500,750.0,4.0,0.0,0.0,0.0,0.0,751,17,0.0,0.0,0.0,0.0,750.5,0.0
1,758700,VOLCANIC_ROCK_VOUCHER_9500,743.0,14.0,0.0,0.0,0.0,0.0,744,14,0.0,0.0,0.0,0.0,743.5,0.0
1,758800,VOLCANIC_ROCK_VOUCHER_9500,743.0,16.0,0.0,0.0,0.0,0.0,744,16,0.0,0.0,0.0,0.0,743.5,0.0
1,758900,VOLCANIC_ROCK_VOUCHER_9500,742.0,11.0,0.0,0.0,0.0,0.0,743,11,0.0,0.0,0.0,0.0,742.5,0.0
1,759000,VOLCANIC_ROCK_VOUCHER_9500,748.0,0.0,0.0,0.0,0.0,0.0,749,13,0.0,0.0,0.0,0.0,748.5,0.0
1,759100,VOLCANIC_ROCK_VOUCHER_9500,739.0,14.0,0.0,0.0,0.0,0.0,740,14,0.0,0.0,0.0,0.0,739.5,0.0
1,759200,VOLCANIC_ROCK_VOUCHER_9500,745.0,17.0,0.0,0.0,0.0,0.0,746,17,0.0,0.0,0.0,0.0,745.5,0.0
1,759300,VOLCANIC_ROCK_VOUCHER_9500,746.0,19.0,0.0,0.0,0.0,0.0,747,19,0.0,0.0,0.0,0.0,746.5,0.0
1,759400,VOLCANIC_ROCK_VOUCHER_9500,740.0,5.0,0.0,0.0,0.0,0.0,741,19,0.0,0.0,0.0,0.0,740.5,0.0
1,759500,VOLCANIC_ROCK_VOUCHER_9500,738.0,29.0,0.0,0.0,0.0,0.0,739,17,0.0,0.0,0.0,0.0,738.5,0.0
1,759600,VOLCANIC_ROCK_VOUCHER_9500,735.0,13.0,0.0,0.0,0.0,0.0,736,13,0.0,0.0,0.0,0.0,735.5,0.0
1,759700,VOLCANIC_ROCK_VOUCHER_9500,729.0,15.0,0.0,0.0,0.0,0.0,730,13,731.0,15.0,0.0,0.0,729.5,0.0
1,759800,VOLCANIC_ROCK_VOUCHER_9500,731.0,12.0,0.0,0.0,0.0,0.0,732,12,0.0,0.0,0.0,0.0,731.5,0.0
1,759900,VOLCANIC_ROCK_VOUCHER_9500,729.0,20.0,0.0,0.0,0.0,0.0,730,20,0.0,0.0,0.0,0.0,729.5,0.0
1,760000,VOLCANIC_ROCK_VOUCHER_9500,734.0,20.0,0.0,0.0,0.0,0.0,735,20,0.0,0.0,0.0,0.0,734.5,0.0
1,760100,VOLCANIC_ROCK_VOUCHER_9500,736.0,18.0,0.0,0.0,0.0,0.0,737,18,0.0,0.0,0.0,0.0,736.5,0.0
1,760200,VOLCANIC_ROCK_VOUCHER_9500,735.0,26.0,0.0,0.0,0.0,0.0,736,17,0.0,0.0,0.0,0.0,735.5,0.0
1,760300,VOLCANIC_ROCK_VOUCHER_9500,741.0,15.0,0.0,0.0,0.0,0.0,742,15,0.0,0.0,0.0,0.0,741.5,0.0
1,760400,VOLCANIC_ROCK_VOUCHER_9500,738.0,19.0,0.0,0.0,0.0,0.0,739,19,0.0,0.0,0.0,0.0,738.5,0.0
1,760500,VOLCANIC_ROCK_VOUCHER_9500,737.0,21.0,0.0,0.0,0.0,0.0,738,21,0.0,0.0,0.0,0.0,737.5,0.0
1,760600,VOLCANIC_ROCK_VOUCHER_9500,741.0,12.0,0.0,0.0,0.0,0.0,742,12,0.0,0.0,0.0,0.0,741.5,0.0
1,760700,VOLCANIC_ROCK_VOUCHER_9500,739.0,11.0,0.0,0.0,0.0,0.0,740,11,0.0,0.0,0.0,0.0,739.5,0.0
1,760800,VOLCANIC_ROCK_VOUCHER_9500,741.0,16.0,0.0,0.0,0.0,0.0,742,16,0.0,0.0,0.0,0.0,741.5,0.0
1,760900,VOLCANIC_ROCK_VOUCHER_9500,743.0,20.0,0.0,0.0,0.0,0.0,744,20,0.0,0.0,0.0,0.0,743.5,0.0
1,761000,VOLCANIC_ROCK_VOUCHER_9500,743.0,18.0,0.0,0.0,0.0,0.0,744,18,0.0,0.0,0.0,0.0,743.5,0.0
1,761100,VOLCANIC_ROCK_VOUCHER_9500,745.0,14.0,0.0,0.0,0.0,0.0,746,14,0.0,0.0,0.0,0.0,745.5,0.0
1,761200,VOLCANIC_ROCK_VOUCHER_9500,753.0,16.0,0.0,0.0,0.0,0.0,754,16,0.0,0.0,0.0,0.0,753.5,0.0
1,761300,VOLCANIC_ROCK_VOUCHER_9500,753.0,14.0,0.0,0.0,0.0,0.0,754,14,0.0,0.0,0.0,0.0,753.5,0.0
1,761400,VOLCANIC_ROCK_VOUCHER_9500,757.0,6.0,0.0,0.0,0.0,0.0,758,15,0.0,0.0,0.0,0.0,757.5,0.0
1,761500,VOLCANIC_ROCK_VOUCHER_9500,749.0,15.0,0.0,0.0,0.0,0.0,750,15,0.0,0.0,0.0,0.0,749.5,0.0
1,761600,VOLCANIC_ROCK_VOUCHER_9500,753.0,11.0,0.0,0.0,0.0,0.0,754,11,0.0,0.0,0.0,0.0,753.5,0.0
1,761700,VOLCANIC_ROCK_VOUCHER_9500,753.0,12.0,0.0,0.0,0.0,0.0,755,12,0.0,0.0,0.0,0.0,754.0,0.0
1,761800,VOLCANIC_ROCK_VOUCHER_9500,748.0,30.0,0.0,0.0,0.0,0.0,749,20,0.0,0.0,0.0,0.0,748.5,0.0
1,761900,VOLCANIC_ROCK_VOUCHER_9500,751.0,14.0,0.0,0.0,0.0,0.0,752,14,0.0,0.0,0.0,0.0,751.5,0.0
1,762000,VOLCANIC_ROCK_VOUCHER_9500,754.0,19.0,0.0,0.0,0.0,0.0,755,19,0.0,0.0,0.0,0.0,754.5,0.0
1,762100,VOLCANIC_ROCK_VOUCHER_9500,759.0,20.0,0.0,0.0,0.0,0.0,760,20,0.0,0.0,0.0,0.0,759.5,0.0
1,762200,VOLCANIC_ROCK_VOUCHER_9500,759.0,16.0,0.0,0.0,0.0,0.0,760,16,0.0,0.0,0.0,0.0,759.5,0.0
1,762300,VOLCANIC_ROCK_VOUCHER_9500,761.0,12.0,0.0,0.0,0.0,0.0,762,12,0.0,0.0,0.0,0.0,761.5,0.0
1,762400,VOLCANIC_ROCK_VOUCHER_9500,764.0,24.0,0.0,0.0,0.0,0.0,765,14,0.0,0.0,0.0,0.0,764.5,0.0
1,762500,VOLCANIC_ROCK_VOUCHER_9500,764.0,14.0,0.0,0.0,0.0,0.0,765,14,0.0,0.0,0.0,0.0,764.5,0.0
1,762600,VOLCANIC_ROCK_VOUCHER_9500,766.0,16.0,0.0,0.0,0.0,0.0,768,16,0.0,0.0,0.0,0.0,767.0,0.0
1,762700,VOLCANIC_ROCK_VOUCHER_9500,763.0,13.0,0.0,0.0,0.0,0.0,764,13,0.0,0.0,0.0,0.0,763.5,0.0
1,762800,VOLCANIC_ROCK_VOUCHER_9500,765.0,21.0,0.0,0.0,0.0,0.0,766,21,0.0,0.0,0.0,0.0,765.5,0.0
1,762900,VOLCANIC_ROCK_VOUCHER_9500,766.0,11.0,0.0,0.0,0.0,0.0,767,11,0.0,0.0,0.0,0.0,766.5,0.0
1,763000,VOLCANIC_ROCK_VOUCHER_9500,766.0,18.0,0.0,0.0,0.0,0.0,767,18,0.0,0.0,0.0,0.0,766.5,0.0
1,763100,VOLCANIC_ROCK_VOUCHER_9500,772.0,11.0,0.0,0.0,0.0,0.0,773,11,0.0,0.0,0.0,0.0,772.5,0.0
1,763200,VOLCANIC_ROCK_VOUCHER_9500,773.0,18.0,0.0,0.0,0.0,0.0,774,18,0.0,0.0,0.0,0.0,773.5,0.0
1,763300,VOLCANIC_ROCK_VOUCHER_9500,771.0,15.0,0.0,0.0,0.0,0.0,772,15,0.0,0.0,0.0,0.0,771.5,0.0
1,763400,VOLCANIC_ROCK_VOUCHER_9500,771.0,17.0,0.0,0.0,0.0,0.0,772,17,0.0,0.0,0.0,0.0,771.5,0.0
1,763500,VOLCANIC_ROCK_VOUCHER_9500,767.0,18.0,0.0,0.0,0.0,0.0,768,18,0.0,0.0,0.0,0.0,767.5,0.0
1,763600,VOLCANIC_ROCK_VOUCHER_9500,771.0,16.0,0.0,0.0,0.0,0.0,772,16,0.0,0.0,0.0,0.0,771.5,0.0
1,763700,VOLCANIC_ROCK_VOUCHER_9500,773.0,21.0,0.0,0.0,0.0,0.0,774,21,0.0,0.0,0.0,0.0,773.5,0.0
1,763800,VOLCANIC_ROCK_VOUCHER_9500,773.0,13.0,0.0,0.0,0.0,0.0,774,13,0.0,0.0,0.0,0.0,773.5,0.0
1,763900,VOLCANIC_ROCK_VOUCHER_9500,772.0,33.0,0.0,0.0,0.0,0.0,773,14,0.0,0.0,0.0,0.0,772.5,0.0
1,764000,VOLCANIC_ROCK_VOUCHER_9500,769.0,14.0,0.0,0.0,0.0,0.0,770,14,0.0,0.0,0.0,0.0,769.5,0.0
1,764100,VOLCANIC_ROCK_VOUCHER_9500,766.0,16.0,0.0,0.0,0.0,0.0,767,16,0.0,0.0,0.0,0.0,766.5,0.0
1,764200,VOLCANIC_ROCK_VOUCHER_9500,765.0,21.0,0.0,0.0,0.0,0.0,766,21,0.0,0.0,0.0,0.0,765.5,0.0
1,764300,VOLCANIC_ROCK_VOUCHER_9500,764.0,17.0,0.0,0.0,0.0,0.0,765,17,0.0,0.0,0.0,0.0,764.5,0.0
1,764400,VOLCANIC_ROCK_VOUCHER_9500,760.0,15.0,0.0,0.0,0.0,0.0,761,15,0.0,0.0,0.0,0.0,760.5,0.0
1,764500,VOLCANIC_ROCK_VOUCHER_9500,0.0,0.0,0.0,0.0,0.0,0.0,762,5,763.0,13.0,0.0,0.0,762.0,0.0
1,764600,VOLCANIC_ROCK_VOUCHER_9500,753.0,20.0,0.0,0.0,0.0,0.0,754,20,0.0,0.0,0.0,0.0,753.5,0.0
1,764700,VOLCANIC_ROCK_VOUCHER_9500,752.0,1.0,0.0,0.0,0.0,0.0,753,19,0.0,0.0,0.0,0.0,752.5,0.0
1,764800,VOLCANIC_ROCK_VOUCHER_9500,736.0,16.0,0.0,0.0,0.0,0.0,737,16,0.0,0.0,0.0,0.0,736.5,0.0
1,764900,VOLCANIC_ROCK_VOUCHER_9500,747.0,13.0,0.0,0.0,0.0,0.0,749,13,0.0,0.0,0.0,0.0,748.0,0.0
1,765000,VOLCANIC_ROCK_VOUCHER_9500,746.0,12.0,0.0,0.0,0.0,0.0,747,12,0.0,0.0,0.0,0.0,746.5,0.0
1,765100,VOLCANIC_ROCK_VOUCHER_9500,746.0,12.0,0.0,0.0,0.0,0.0,747,12,0.0,0.0,0.0,0.0,746.5,0.0
1,765200,VOLCANIC_ROCK_VOUCHER_9500,747.0,20.0,0.0,0.0,0.0,0.0,748,20,0.0,0.0,0.0,0.0,747.5,0.0
1,765300,VOLCANIC_ROCK_VOUCHER_9500,741.0,18.0,0.0,0.0,0.0,0.0,742,18,0.0,0.0,0.0,0.0,741.5,0.0
1,765400,VOLCANIC_ROCK_VOUCHER_9500,739.0,18.0,0.0,0.0,0.0,0.0,740,18,0.0,0.0,0.0,0.0,739.5,0.0
1,765500,VOLCANIC_ROCK_VOUCHER_9500,739.0,12.0,0.0,0.0,0.0,0.0,740,12,0.0,0.0,0.0,0.0,739.5,0.0
1,765600,VOLCANIC_ROCK_VOUCHER_9500,740.0,19.0,0.0,0.0,0.0,0.0,741,19,0.0,0.0,0.0,0.0,740.5,0.0
1,765700,VOLCANIC_ROCK_VOUCHER_9500,740.0,14.0,0.0,0.0,0.0,0.0,741,14,0.0,0.0,0.0,0.0,740.5,0.0
1,765800,VOLCANIC_ROCK_VOUCHER_9500,740.0,29.0,0.0,0.0,0.0,0.0,741,11,0.0,0.0,0.0,0.0,740.5,0.0
1,765900,VOLCANIC_ROCK_VOUCHER_9500,739.0,16.0,0.0,0.0,0.0,0.0,740,16,0.0,0.0,0.0,0.0,739.5,0.0
1,766000,VOLCANIC_ROCK_VOUCHER_9500,739.0,18.0,0.0,0.0,0.0,0.0,740,18,0.0,0.0,0.0,0.0,739.5,0.0
1,766100,VOLCANIC_ROCK_VOUCHER_9500,740.0,21.0,0.0,0.0,0.0,0.0,741,21,0.0,0.0,0.0,0.0,740.5,0.0
1,766200,VOLCANIC_ROCK_VOUCHER_9500,736.0,32.0,0.0,0.0,0.0,0.0,737,18,0.0,0.0,0.0,0.0,736.5,0.0
1,766300,VOLCANIC_ROCK_VOUCHER_9500,735.0,16.0,0.0,0.0,0.0,0.0,736,16,0.0,0.0,0.0,0.0,735.5,0.0
1,766400,VOLCANIC_ROCK_VOUCHER_9500,739.0,13.0,0.0,0.0,0.0,0.0,740,13,0.0,0.0,0.0,0.0,739.5,0.0
1,766500,VOLCANIC_ROCK_VOUCHER_9500,738.0,8.0,0.0,0.0,0.0,0.0,739,19,0.0,0.0,0.0,0.0,738.5,0.0
1,766600,VOLCANIC_ROCK_VOUCHER_9500,745.0,19.0,0.0,0.0,0.0,0.0,746,19,0.0,0.0,0.0,0.0,745.5,0.0
1,766700,VOLCANIC_ROCK_VOUCHER_9500,751.0,13.0,0.0,0.0,0.0,0.0,752,13,0.0,0.0,0.0,0.0,751.5,0.0
1,766800,VOLCANIC_ROCK_VOUCHER_9500,746.0,15.0,0.0,0.0,0.0,0.0,747,15,0.0,0.0,0.0,0.0,746.5,0.0
1,766900,VOLCANIC_ROCK_VOUCHER_9500,743.0,15.0,0.0,0.0,0.0,0.0,744,15,0.0,0.0,0.0,0.0,743.5,0.0
1,767000,VOLCANIC_ROCK_VOUCHER_9500,744.0,3.0,0.0,0.0,0.0,0.0,745,15,0.0,0.0,0.0,0.0,744.5,0.0
1,767100,VOLCANIC_ROCK_VOUCHER_9500,745.0,21.0,0.0,0.0,0.0,0.0,746,21,0.0,0.0,0.0,0.0,745.5,0.0
1,767200,VOLCANIC_ROCK_VOUCHER_9500,745.0,15.0,0.0,0.0,0.0,0.0,746,15,0.0,0.0,0.0,0.0,745.5,0.0
1,767300,VOLCANIC_ROCK_VOUCHER_9500,742.0,13.0,0.0,0.0,0.0,0.0,743,13,0.0,0.0,0.0,0.0,742.5,0.0
1,767400,VOLCANIC_ROCK_VOUCHER_9500,746.0,25.0,0.0,0.0,0.0,0.0,747,11,0.0,0.0,0.0,0.0,746.5,0.0
1,767500,VOLCANIC_ROCK_VOUCHER_9500,747.0,15.0,0.0,0.0,0.0,0.0,748,15,0.0,0.0,0.0,0.0,747.5,0.0
1,767600,VOLCANIC_ROCK_VOUCHER_9500,747.0,12.0,0.0,0.0,0.0,0.0,748,12,0.0,0.0,0.0,0.0,747.5,0.0
1,767700,VOLCANIC_ROCK_VOUCHER_9500,741.0,14.0,0.0,0.0,0.0,0.0,742,14,0.0,0.0,0.0,0.0,741.5,0.0
1,767800,VOLCANIC_ROCK_VOUCHER_9500,741.0,16.0,0.0,0.0,0.0,0.0,742,16,0.0,0.0,0.0,0.0,741.5,0.0
1,767900,VOLCANIC_ROCK_VOUCHER_9500,738.0,16.0,0.0,0.0,0.0,0.0,739,16,0.0,0.0,0.0,0.0,738.5,0.0
1,768000,VOLCANIC_ROCK_VOUCHER_9500,738.0,27.0,0.0,0.0,0.0,0.0,739,20,0.0,0.0,0.0,0.0,738.5,0.0
1,768100,VOLCANIC_ROCK_VOUCHER_9500,738.0,18.0,0.0,0.0,0.0,0.0,739,18,0.0,0.0,0.0,0.0,738.5,0.0
1,768200,VOLCANIC_ROCK_VOUCHER_9500,731.0,12.0,0.0,0.0,0.0,0.0,732,12,0.0,0.0,0.0,0.0,731.5,0.0
1,768300,VOLCANIC_ROCK_VOUCHER_9500,733.0,15.0,0.0,0.0,0.0,0.0,734,15,0.0,0.0,0.0,0.0,733.5,0.0
1,768400,VOLCANIC_ROCK_VOUCHER_9500,735.0,14.0,0.0,0.0,0.0,0.0,736,14,0.0,0.0,0.0,0.0,735.5,0.0
1,768500,VOLCANIC_ROCK_VOUCHER_9500,737.0,15.0,0.0,0.0,0.0,0.0,738,15,0.0,0.0,0.0,0.0,737.5,0.0
1,768600,VOLCANIC_ROCK_VOUCHER_9500,740.0,21.0,0.0,0.0,0.0,0.0,741,21,0.0,0.0,0.0,0.0,740.5,0.0
1,768700,VOLCANIC_ROCK_VOUCHER_9500,740.0,19.0,0.0,0.0,0.0,0.0,741,19,0.0,0.0,0.0,0.0,740.5,0.0
1,768800,VOLCANIC_ROCK_VOUCHER_9500,740.0,20.0,0.0,0.0,0.0,0.0,741,20,0.0,0.0,0.0,0.0,740.5,0.0
1,768900,VOLCANIC_ROCK_VOUCHER_9500,735.0,13.0,0.0,0.0,0.0,0.0,736,13,0.0,0.0,0.0,0.0,735.5,0.0
1,769000,VOLCANIC_ROCK_VOUCHER_9500,736.0,16.0,0.0,0.0,0.0,0.0,737,16,0.0,0.0,0.0,0.0,736.5,0.0
1,769100,VOLCANIC_ROCK_VOUCHER_9500,737.0,12.0,0.0,0.0,0.0,0.0,738,12,0.0,0.0,0.0,0.0,737.5,0.0
1,769200,VOLCANIC_ROCK_VOUCHER_9500,737.0,11.0,0.0,0.0,0.0,0.0,738,11,0.0,0.0,0.0,0.0,737.5,0.0
1,769300,VOLCANIC_ROCK_VOUCHER_9500,738.0,15.0,0.0,0.0,0.0,0.0,739,15,0.0,0.0,0.0,0.0,738.5,0.0
1,769400,VOLCANIC_ROCK_VOUCHER_9500,739.0,21.0,0.0,0.0,0.0,0.0,740,21,0.0,0.0,0.0,0.0,739.5,0.0
1,769500,VOLCANIC_ROCK_VOUCHER_9500,734.0,2.0,0.0,0.0,0.0,0.0,735,15,0.0,0.0,0.0,0.0,734.5,0.0
1,769600,VOLCANIC_ROCK_VOUCHER_9500,735.0,20.0,0.0,0.0,0.0,0.0,736,20,0.0,0.0,0.0,0.0,735.5,0.0
1,769700,VOLCANIC_ROCK_VOUCHER_9500,739.0,32.0,0.0,0.0,0.0,0.0,740,13,0.0,0.0,0.0,0.0,739.5,0.0
1,769800,VOLCANIC_ROCK_VOUCHER_9500,739.0,24.0,0.0,0.0,0.0,0.0,740,12,0.0,0.0,0.0,0.0,739.5,0.0
1,769900,VOLCANIC_ROCK_VOUCHER_9500,739.0,13.0,0.0,0.0,0.0,0.0,740,13,0.0,0.0,0.0,0.0,739.5,0.0
1,770000,VOLCANIC_ROCK_VOUCHER_9500,737.0,15.0,0.0,0.0,0.0,0.0,738,15,0.0,0.0,0.0,0.0,737.5,0.0
1,770100,VOLCANIC_ROCK_VOUCHER_9500,739.0,29.0,0.0,0.0,0.0,0.0,740,13,0.0,0.0,0.0,0.0,739.5,0.0
1,770200,VOLCANIC_ROCK_VOUCHER_9500,738.0,20.0,0.0,0.0,0.0,0.0,740,20,0.0,0.0,0.0,0.0,739.0,0.0
1,770300,VOLCANIC_ROCK_VOUCHER_9500,743.0,16.0,0.0,0.0,0.0,0.0,744,16,0.0,0.0,0.0,0.0,743.5,0.0
1,770400,VOLCANIC_ROCK_VOUCHER_9500,745.0,20.0,0.0,0.0,0.0,0.0,746,20,0.0,0.0,0.0,0.0,745.5,0.0
1,770500,VOLCANIC_ROCK_VOUCHER_9500,745.0,20.0,0.0,0.0,0.0,0.0,746,20,0.0,0.0,0.0,0.0,745.5,0.0
1,770600,VOLCANIC_ROCK_VOUCHER_9500,743.0,18.0,0.0,0.0,0.0,0.0,744,18,0.0,0.0,0.0,0.0,743.5,0.0
1,770700,VOLCANIC_ROCK_VOUCHER_9500,744.0,19.0,0.0,0.0,0.0,0.0,745,19,0.0,0.0,0.0,0.0,744.5,0.0
1,770800,VOLCANIC_ROCK_VOUCHER_9500,741.0,19.0,0.0,0.0,0.0,0.0,742,19,0.0,0.0,0.0,0.0,741.5,0.0
1,770900,VOLCANIC_ROCK_VOUCHER_9500,746.0,16.0,0.0,0.0,0.0,0.0,747,16,0.0,0.0,0.0,0.0,746.5,0.0
1,771000,VOLCANIC_ROCK_VOUCHER_9500,744.0,21.0,0.0,0.0,0.0,0.0,745,21,0.0,0.0,0.0,0.0,744.5,0.0
1,771100,VOLCANIC_ROCK_VOUCHER_9500,747.0,10.0,0.0,0.0,0.0,0.0,748,10,0.0,0.0,0.0,0.0,747.5,0.0
1,771200,VOLCANIC_ROCK_VOUCHER_9500,750.0,14.0,0.0,0.0,0.0,0.0,751,14,0.0,0.0,0.0,0.0,750.5,0.0
1,771300,VOLCANIC_ROCK_VOUCHER_9500,749.0,13.0,0.0,0.0,0.0,0.0,750,13,0.0,0.0,0.0,0.0,749.5,0.0
1,771400,VOLCANIC_ROCK_VOUCHER_9500,747.0,14.0,0.0,0.0,0.0,0.0,748,14,0.0,0.0,0.0,0.0,747.5,0.0
1,771500,VOLCANIC_ROCK_VOUCHER_9500,743.0,15.0,0.0,0.0,0.0,0.0,744,15,0.0,0.0,0.0,0.0,743.5,0.0
1,771600,VOLCANIC_ROCK_VOUCHER_9500,740.0,31.0,0.0,0.0,0.0,0.0,741,13,0.0,0.0,0.0,0.0,740.5,0.0
1,771700,VOLCANIC_ROCK_VOUCHER_9500,732.0,17.0,0.0,0.0,0.0,0.0,733,17,0.0,0.0,0.0,0.0,732.5,0.0
1,771800,VOLCANIC_ROCK_VOUCHER_9500,735.0,11.0,0.0,0.0,0.0,0.0,736,11,0.0,0.0,0.0,0.0,735.5,0.0
1,771900,VOLCANIC_ROCK_VOUCHER_9500,732.0,10.0,0.0,0.0,0.0,0.0,733,10,0.0,0.0,0.0,0.0,732.5,0.0
1,772000,VOLCANIC_ROCK_VOUCHER_9500,735.0,10.0,0.0,0.0,0.0,0.0,736,17,0.0,0.0,0.0,0.0,735.5,0.0
1,772100,VOLCANIC_ROCK_VOUCHER_9500,733.0,13.0,0.0,0.0,0.0,0.0,734,13,0.0,0.0,0.0,0.0,733.5,0.0
1,772200,VOLCANIC_ROCK_VOUCHER_9500,733.0,12.0,0.0,0.0,0.0,0.0,734,12,0.0,0.0,0.0,0.0,733.5,0.0
1,772300,VOLCANIC_ROCK_VOUCHER_9500,730.0,11.0,0.0,0.0,0.0,0.0,731,11,0.0,0.0,0.0,0.0,730.5,0.0
1,772400,VOLCANIC_ROCK_VOUCHER_9500,730.0,17.0,0.0,0.0,0.0,0.0,731,17,0.0,0.0,0.0,0.0,730.5,0.0
1,772500,VOLCANIC_ROCK_VOUCHER_9500,732.0,13.0,0.0,0.0,0.0,0.0,733,13,0.0,0.0,0.0,0.0,732.5,0.0
1,772600,VOLCANIC_ROCK_VOUCHER_9500,730.0,14.0,0.0,0.0,0.0,0.0,731,14,0.0,0.0,0.0,0.0,730.5,0.0
1,772700,VOLCANIC_ROCK_VOUCHER_9500,729.0,34.0,0.0,0.0,0.0,0.0,730,16,0.0,0.0,0.0,0.0,729.5,0.0
1,772800,VOLCANIC_ROCK_VOUCHER_9500,729.0,15.0,0.0,0.0,0.0,0.0,730,15,0.0,0.0,0.0,0.0,729.5,0.0
1,772900,VOLCANIC_ROCK_VOUCHER_9500,730.0,14.0,0.0,0.0,0.0,0.0,731,14,0.0,0.0,0.0,0.0,730.5,0.0
1,773000,VOLCANIC_ROCK_VOUCHER_9500,729.0,29.0,0.0,0.0,0.0,0.0,730,16,0.0,0.0,0.0,0.0,729.5,0.0
1,773100,VOLCANIC_ROCK_VOUCHER_9500,720.0,14.0,0.0,0.0,0.0,0.0,721,14,0.0,0.0,0.0,0.0,720.5,0.0
1,773200,VOLCANIC_ROCK_VOUCHER_9500,709.0,4.0,0.0,0.0,0.0,0.0,710,16,0.0,0.0,0.0,0.0,709.5,0.0
1,773300,VOLCANIC_ROCK_VOUCHER_9500,706.0,13.0,0.0,0.0,0.0,0.0,707,13,0.0,0.0,0.0,0.0,706.5,0.0
1,773400,VOLCANIC_ROCK_VOUCHER_9500,710.0,15.0,0.0,0.0,0.0,0.0,711,15,0.0,0.0,0.0,0.0,710.5,0.0
1,773500,VOLCANIC_ROCK_VOUCHER_9500,720.0,19.0,0.0,0.0,0.0,0.0,721,19,0.0,0.0,0.0,0.0,720.5,0.0
1,773600,VOLCANIC_ROCK_VOUCHER_9500,718.0,11.0,0.0,0.0,0.0,0.0,719,11,0.0,0.0,0.0,0.0,718.5,0.0
1,773700,VOLCANIC_ROCK_VOUCHER_9500,720.0,20.0,0.0,0.0,0.0,0.0,721,20,0.0,0.0,0.0,0.0,720.5,0.0
1,773800,VOLCANIC_ROCK_VOUCHER_9500,722.0,12.0,0.0,0.0,0.0,0.0,723,12,0.0,0.0,0.0,0.0,722.5,0.0
1,773900,VOLCANIC_ROCK_VOUCHER_9500,716.0,1.0,0.0,0.0,0.0,0.0,717,12,0.0,0.0,0.0,0.0,716.5,0.0
1,774000,VOLCANIC_ROCK_VOUCHER_9500,713.0,21.0,0.0,0.0,0.0,0.0,714,21,0.0,0.0,0.0,0.0,713.5,0.0
1,774100,VOLCANIC_ROCK_VOUCHER_9500,722.0,13.0,0.0,0.0,0.0,0.0,723,13,0.0,0.0,0.0,0.0,722.5,0.0
1,774200,VOLCANIC_ROCK_VOUCHER_9500,730.0,16.0,0.0,0.0,0.0,0.0,731,16,0.0,0.0,0.0,0.0,730.5,0.0
1,774300,VOLCANIC_ROCK_VOUCHER_9500,0.0,0.0,0.0,0.0,0.0,0.0,731,2,732.0,16.0,0.0,0.0,731.0,0.0
1,774400,VOLCANIC_ROCK_VOUCHER_9500,736.0,20.0,0.0,0.0,0.0,0.0,737,20,0.0,0.0,0.0,0.0,736.5,0.0
1,774500,VOLCANIC_ROCK_VOUCHER_9500,735.0,10.0,0.0,0.0,0.0,0.0,736,10,0.0,0.0,0.0,0.0,735.5,0.0
1,774600,VOLCANIC_ROCK_VOUCHER_9500,739.0,13.0,0.0,0.0,0.0,0.0,740,13,0.0,0.0,0.0,0.0,739.5,0.0
1,774700,VOLCANIC_ROCK_VOUCHER_9500,736.0,21.0,0.0,0.0,0.0,0.0,737,21,0.0,0.0,0.0,0.0,736.5,0.0
1,774800,VOLCANIC_ROCK_VOUCHER_9500,733.0,6.0,0.0,0.0,0.0,0.0,734,20,0.0,0.0,0.0,0.0,733.5,0.0
1,774900,VOLCANIC_ROCK_VOUCHER_9500,0.0,0.0,0.0,0.0,0.0,0.0,734,2,735.0,13.0,0.0,0.0,734.0,0.0
1,775000,VOLCANIC_ROCK_VOUCHER_9500,733.0,19.0,0.0,0.0,0.0,0.0,734,19,0.0,0.0,0.0,0.0,733.5,0.0
1,775100,VOLCANIC_ROCK_VOUCHER_9500,734.0,16.0,0.0,0.0,0.0,0.0,735,16,0.0,0.0,0.0,0.0,734.5,0.0
1,775200,VOLCANIC_ROCK_VOUCHER_9500,739.0,19.0,0.0,0.0,0.0,0.0,741,19,0.0,0.0,0.0,0.0,740.0,0.0
1,775300,VOLCANIC_ROCK_VOUCHER_9500,738.0,15.0,0.0,0.0,0.0,0.0,740,15,0.0,0.0,0.0,0.0,739.0,0.0
1,775400,VOLCANIC_ROCK_VOUCHER_9500,741.0,16.0,0.0,0.0,0.0,0.0,742,16,0.0,0.0,0.0,0.0,741.5,0.0
1,775500,VOLCANIC_ROCK_VOUCHER_9500,740.0,15.0,0.0,0.0,0.0,0.0,741,15,742.0,15.0,0.0,0.0,740.5,0.0
1,775600,VOLCANIC_ROCK_VOUCHER_9500,747.0,16.0,0.0,0.0,0.0,0.0,748,16,0.0,0.0,0.0,0.0,747.5,0.0
1,775700,VOLCANIC_ROCK_VOUCHER_9500,746.0,18.0,0.0,0.0,0.0,0.0,747,18,0.0,0.0,0.0,0.0,746.5,0.0
1,775800,VOLCANIC_ROCK_VOUCHER_9500,748.0,19.0,0.0,0.0,0.0,0.0,749,19,0.0,0.0,0.0,0.0,748.5,0.0
1,775900,VOLCANIC_ROCK_VOUCHER_9500,753.0,20.0,0.0,0.0,0.0,0.0,754,20,0.0,0.0,0.0,0.0,753.5,0.0
1,776000,VOLCANIC_ROCK_VOUCHER_9500,755.0,34.0,0.0,0.0,0.0,0.0,756,15,0.0,0.0,0.0,0.0,755.5,0.0
1,776100,VOLCANIC_ROCK_VOUCHER_9500,765.0,10.0,0.0,0.0,0.0,0.0,766,10,0.0,0.0,0.0,0.0,765.5,0.0
1,776200,VOLCANIC_ROCK_VOUCHER_9500,762.0,17.0,0.0,0.0,0.0,0.0,763,17,0.0,0.0,0.0,0.0,762.5,0.0
1,776300,VOLCANIC_ROCK_VOUCHER_9500,763.0,15.0,0.0,0.0,0.0,0.0,764,15,0.0,0.0,0.0,0.0,763.5,0.0
1,776400,VOLCANIC_ROCK_VOUCHER_9500,768.0,11.0,0.0,0.0,0.0,0.0,769,11,0.0,0.0,0.0,0.0,768.5,0.0
1,776500,VOLCANIC_ROCK_VOUCHER_9500,762.0,17.0,0.0,0.0,0.0,0.0,763,17,0.0,0.0,0.0,0.0,762.5,0.0
1,776600,VOLCANIC_ROCK_VOUCHER_9500,761.0,11.0,0.0,0.0,0.0,0.0,763,11,0.0,0.0,0.0,0.0,762.0,0.0
1,776700,VOLCANIC_ROCK_VOUCHER_9500,757.0,12.0,0.0,0.0,0.0,0.0,758,12,0.0,0.0,0.0,0.0,757.5,0.0
1,776800,VOLCANIC_ROCK_VOUCHER_9500,762.0,14.0,0.0,0.0,0.0,0.0,763,14,0.0,0.0,0.0,0.0,762.5,0.0
1,776900,VOLCANIC_ROCK_VOUCHER_9500,762.0,11.0,0.0,0.0,0.0,0.0,763,11,0.0,0.0,0.0,0.0,762.5,0.0
1,777000,VOLCANIC_ROCK_VOUCHER_9500,758.0,19.0,0.0,0.0,0.0,0.0,759,19,0.0,0.0,0.0,0.0,758.5,0.0
1,777100,VOLCANIC_ROCK_VOUCHER_9500,757.0,10.0,0.0,0.0,0.0,0.0,758,10,0.0,0.0,0.0,0.0,757.5,0.0
1,777200,VOLCANIC_ROCK_VOUCHER_9500,753.0,11.0,0.0,0.0,0.0,0.0,754,11,0.0,0.0,0.0,0.0,753.5,0.0
1,777300,VOLCANIC_ROCK_VOUCHER_9500,758.0,15.0,0.0,0.0,0.0,0.0,759,15,0.0,0.0,0.0,0.0,758.5,0.0
1,777400,VOLCANIC_ROCK_VOUCHER_9500,0.0,0.0,0.0,0.0,0.0,0.0,758,4,759.0,10.0,0.0,0.0,758.0,0.0
1,777500,VOLCANIC_ROCK_VOUCHER_9500,755.0,14.0,0.0,0.0,0.0,0.0,756,14,0.0,0.0,0.0,0.0,755.5,0.0
1,777600,VOLCANIC_ROCK_VOUCHER_9500,755.0,19.0,0.0,0.0,0.0,0.0,756,19,0.0,0.0,0.0,0.0,755.5,0.0
1,777700,VOLCANIC_ROCK_VOUCHER_9500,755.0,12.0,0.0,0.0,0.0,0.0,756,12,0.0,0.0,0.0,0.0,755.5,0.0
1,777800,VOLCANIC_ROCK_VOUCHER_9500,754.0,20.0,0.0,0.0,0.0,0.0,755,20,0.0,0.0,0.0,0.0,754.5,0.0
1,777900,VOLCANIC_ROCK_VOUCHER_9500,756.0,16.0,0.0,0.0,0.0,0.0,758,16,0.0,0.0,0.0,0.0,757.0,0.0
1,778000,VOLCANIC_ROCK_VOUCHER_9500,760.0,17.0,0.0,0.0,0.0,0.0,761,17,0.0,0.0,0.0,0.0,760.5,0.0
1,778100,VOLCANIC_ROCK_VOUCHER_9500,763.0,16.0,0.0,0.0,0.0,0.0,764,16,0.0,0.0,0.0,0.0,763.5,0.0
1,778200,VOLCANIC_ROCK_VOUCHER_9500,761.0,14.0,0.0,0.0,0.0,0.0,762,14,0.0,0.0,0.0,0.0,761.5,0.0
1,778300,VOLCANIC_ROCK_VOUCHER_9500,755.0,14.0,0.0,0.0,0.0,0.0,756,14,0.0,0.0,0.0,0.0,755.5,0.0
1,778400,VOLCANIC_ROCK_VOUCHER_9500,760.0,22.0,0.0,0.0,0.0,0.0,761,22,0.0,0.0,0.0,0.0,760.5,0.0
1,778500,VOLCANIC_ROCK_VOUCHER_9500,758.0,14.0,0.0,0.0,0.0,0.0,759,14,0.0,0.0,0.0,0.0,758.5,0.0
1,778600,VOLCANIC_ROCK_VOUCHER_9500,755.0,12.0,0.0,0.0,0.0,0.0,756,12,0.0,0.0,0.0,0.0,755.5,0.0
1,778700,VOLCANIC_ROCK_VOUCHER_9500,755.0,17.0,0.0,0.0,0.0,0.0,756,17,0.0,0.0,0.0,0.0,755.5,0.0
1,778800,VOLCANIC_ROCK_VOUCHER_9500,755.0,33.0,0.0,0.0,0.0,0.0,756,14,0.0,0.0,0.0,0.0,755.5,0.0
1,778900,VOLCANIC_ROCK_VOUCHER_9500,752.0,14.0,0.0,0.0,0.0,0.0,753,14,0.0,0.0,0.0,0.0,752.5,0.0
1,779000,VOLCANIC_ROCK_VOUCHER_9500,749.0,17.0,0.0,0.0,0.0,0.0,750,17,0.0,0.0,0.0,0.0,749.5,0.0
1,779100,VOLCANIC_ROCK_VOUCHER_9500,746.0,14.0,0.0,0.0,0.0,0.0,747,14,0.0,0.0,0.0,0.0,746.5,0.0
1,779200,VOLCANIC_ROCK_VOUCHER_9500,748.0,15.0,0.0,0.0,0.0,0.0,749,15,0.0,0.0,0.0,0.0,748.5,0.0
1,779300,VOLCANIC_ROCK_VOUCHER_9500,751.0,25.0,0.0,0.0,0.0,0.0,752,13,0.0,0.0,0.0,0.0,751.5,0.0
1,779400,VOLCANIC_ROCK_VOUCHER_9500,751.0,19.0,0.0,0.0,0.0,0.0,752,19,0.0,0.0,0.0,0.0,751.5,0.0
1,779500,VOLCANIC_ROCK_VOUCHER_9500,757.0,19.0,0.0,0.0,0.0,0.0,758,19,0.0,0.0,0.0,0.0,757.5,0.0
1,779600,VOLCANIC_ROCK_VOUCHER_9500,757.0,11.0,0.0,0.0,0.0,0.0,758,11,0.0,0.0,0.0,0.0,757.5,0.0
1,779700,VOLCANIC_ROCK_VOUCHER_9500,758.0,20.0,0.0,0.0,0.0,0.0,759,20,0.0,0.0,0.0,0.0,758.5,0.0
1,779800,VOLCANIC_ROCK_VOUCHER_9500,761.0,14.0,0.0,0.0,0.0,0.0,762,14,0.0,0.0,0.0,0.0,761.5,0.0
1,779900,VOLCANIC_ROCK_VOUCHER_9500,762.0,13.0,0.0,0.0,0.0,0.0,763,13,0.0,0.0,0.0,0.0,762.5,0.0
1,780000,VOLCANIC_ROCK_VOUCHER_9500,766.0,11.0,0.0,0.0,0.0,0.0,767,11,0.0,0.0,0.0,0.0,766.5,0.0
1,780100,VOLCANIC_ROCK_VOUCHER_9500,774.0,17.0,0.0,0.0,0.0,0.0,775,17,0.0,0.0,0.0,0.0,774.5,0.0
1,780200,VOLCANIC_ROCK_VOUCHER_9500,773.0,19.0,0.0,0.0,0.0,0.0,774,19,0.0,0.0,0.0,0.0,773.5,0.0
1,780300,VOLCANIC_ROCK_VOUCHER_9500,0.0,0.0,0.0,0.0,0.0,0.0,770,3,771.0,16.0,0.0,0.0,770.0,0.0
1,780400,VOLCANIC_ROCK_VOUCHER_9500,0.0,0.0,0.0,0.0,0.0,0.0,769,3,770.0,17.0,0.0,0.0,769.0,0.0
1,780500,VOLCANIC_ROCK_VOUCHER_9500,768.0,1.0,0.0,0.0,0.0,0.0,769,16,0.0,0.0,0.0,0.0,768.5,0.0
1,780600,VOLCANIC_ROCK_VOUCHER_9500,767.0,15.0,0.0,0.0,0.0,0.0,768,15,0.0,0.0,0.0,0.0,767.5,0.0
1,780700,VOLCANIC_ROCK_VOUCHER_9500,766.0,15.0,0.0,0.0,0.0,0.0,767,15,0.0,0.0,0.0,0.0,766.5,0.0
1,780800,VOLCANIC_ROCK_VOUCHER_9500,768.0,17.0,0.0,0.0,0.0,0.0,769,17,0.0,0.0,0.0,0.0,768.5,0.0
1,780900,VOLCANIC_ROCK_VOUCHER_9500,770.0,17.0,0.0,0.0,0.0,0.0,771,17,0.0,0.0,0.0,0.0,770.5,0.0
1,781000,VOLCANIC_ROCK_VOUCHER_9500,772.0,15.0,0.0,0.0,0.0,0.0,773,15,0.0,0.0,0.0,0.0,772.5,0.0
1,781100,VOLCANIC_ROCK_VOUCHER_9500,773.0,22.0,0.0,0.0,0.0,0.0,774,22,0.0,0.0,0.0,0.0,773.5,0.0
1,781200,VOLCANIC_ROCK_VOUCHER_9500,771.0,13.0,0.0,0.0,0.0,0.0,772,13,0.0,0.0,0.0,0.0,771.5,0.0
1,781300,VOLCANIC_ROCK_VOUCHER_9500,0.0,0.0,0.0,0.0,0.0,0.0,768,7,769.0,12.0,0.0,0.0,768.0,0.0
1,781400,VOLCANIC_ROCK_VOUCHER_9500,764.0,22.0,0.0,0.0,0.0,0.0,765,22,0.0,0.0,0.0,0.0,764.5,0.0
1,781500,VOLCANIC_ROCK_VOUCHER_9500,766.0,16.0,0.0,0.0,0.0,0.0,767,16,0.0,0.0,0.0,0.0,766.5,0.0
1,781600,VOLCANIC_ROCK_VOUCHER_9500,767.0,14.0,0.0,0.0,0.0,0.0,768,14,0.0,0.0,0.0,0.0,767.5,0.0
1,781700,VOLCANIC_ROCK_VOUCHER_9500,763.0,16.0,0.0,0.0,0.0,0.0,765,16,0.0,0.0,0.0,0.0,764.0,0.0
1,781800,VOLCANIC_ROCK_VOUCHER_9500,767.0,15.0,0.0,0.0,0.0,0.0,768,15,0.0,0.0,0.0,0.0,767.5,0.0
1,781900,VOLCANIC_ROCK_VOUCHER_9500,0.0,0.0,0.0,0.0,0.0,0.0,768,3,769.0,12.0,0.0,0.0,768.0,0.0
1,782000,VOLCANIC_ROCK_VOUCHER_9500,770.0,33.0,0.0,0.0,0.0,0.0,771,18,0.0,0.0,0.0,0.0,770.5,0.0
1,782100,VOLCANIC_ROCK_VOUCHER_9500,771.0,30.0,0.0,0.0,0.0,0.0,772,19,0.0,0.0,0.0,0.0,771.5,0.0
1,782200,VOLCANIC_ROCK_VOUCHER_9500,771.0,18.0,0.0,0.0,0.0,0.0,772,18,0.0,0.0,0.0,0.0,771.5,0.0
1,782300,VOLCANIC_ROCK_VOUCHER_9500,768.0,18.0,0.0,0.0,0.0,0.0,769,18,0.0,0.0,0.0,0.0,768.5,0.0
1,782400,VOLCANIC_ROCK_VOUCHER_9500,765.0,21.0,0.0,0.0,0.0,0.0,766,21,0.0,0.0,0.0,0.0,765.5,0.0
1,782500,VOLCANIC_ROCK_VOUCHER_9500,760.0,15.0,0.0,0.0,0.0,0.0,761,15,0.0,0.0,0.0,0.0,760.5,0.0
1,782600,VOLCANIC_ROCK_VOUCHER_9500,758.0,17.0,0.0,0.0,0.0,0.0,759,17,0.0,0.0,0.0,0.0,758.5,0.0
1,782700,VOLCANIC_ROCK_VOUCHER_9500,757.0,17.0,0.0,0.0,0.0,0.0,758,17,0.0,0.0,0.0,0.0,757.5,0.0
1,782800,VOLCANIC_ROCK_VOUCHER_9500,762.0,16.0,0.0,0.0,0.0,0.0,763,16,0.0,0.0,0.0,0.0,762.5,0.0
1,782900,VOLCANIC_ROCK_VOUCHER_9500,760.0,11.0,0.0,0.0,0.0,0.0,761,11,0.0,0.0,0.0,0.0,760.5,0.0
1,783000,VOLCANIC_ROCK_VOUCHER_9500,758.0,19.0,0.0,0.0,0.0,0.0,760,19,0.0,0.0,0.0,0.0,759.0,0.0
1,783100,VOLCANIC_ROCK_VOUCHER_9500,756.0,17.0,0.0,0.0,0.0,0.0,757,17,0.0,0.0,0.0,0.0,756.5,0.0
1,783200,VOLCANIC_ROCK_VOUCHER_9500,756.0,18.0,0.0,0.0,0.0,0.0,757,18,0.0,0.0,0.0,0.0,756.5,0.0
1,783300,VOLCANIC_ROCK_VOUCHER_9500,750.0,16.0,0.0,0.0,0.0,0.0,751,16,0.0,0.0,0.0,0.0,750.5,0.0
1,783400,VOLCANIC_ROCK_VOUCHER_9500,749.0,19.0,0.0,0.0,0.0,0.0,751,19,0.0,0.0,0.0,0.0,750.0,0.0
1,783500,VOLCANIC_ROCK_VOUCHER_9500,751.0,14.0,0.0,0.0,0.0,0.0,752,14,0.0,0.0,0.0,0.0,751.5,0.0
1,783600,VOLCANIC_ROCK_VOUCHER_9500,748.0,13.0,0.0,0.0,0.0,0.0,749,13,0.0,0.0,0.0,0.0,748.5,0.0
1,783700,VOLCANIC_ROCK_VOUCHER_9500,745.0,11.0,0.0,0.0,0.0,0.0,746,11,0.0,0.0,0.0,0.0,745.5,0.0
1,783800,VOLCANIC_ROCK_VOUCHER_9500,743.0,16.0,0.0,0.0,0.0,0.0,744,16,0.0,0.0,0.0,0.0,743.5,0.0
1,783900,VOLCANIC_ROCK_VOUCHER_9500,740.0,12.0,0.0,0.0,0.0,0.0,741,12,0.0,0.0,0.0,0.0,740.5,0.0
1,784000,VOLCANIC_ROCK_VOUCHER_9500,745.0,19.0,0.0,0.0,0.0,0.0,747,19,0.0,0.0,0.0,0.0,746.0,0.0
1,784100,VOLCANIC_ROCK_VOUCHER_9500,746.0,20.0,0.0,0.0,0.0,0.0,747,20,0.0,0.0,0.0,0.0,746.5,0.0
1,784200,VOLCANIC_ROCK_VOUCHER_9500,747.0,11.0,0.0,0.0,0.0,0.0,748,11,0.0,0.0,0.0,0.0,747.5,0.0
1,784300,VOLCANIC_ROCK_VOUCHER_9500,747.0,14.0,0.0,0.0,0.0,0.0,748,14,0.0,0.0,0.0,0.0,747.5,0.0
1,784400,VOLCANIC_ROCK_VOUCHER_9500,746.0,14.0,0.0,0.0,0.0,0.0,747,14,0.0,0.0,0.0,0.0,746.5,0.0
1,784500,VOLCANIC_ROCK_VOUCHER_9500,747.0,2.0,746.0,16.0,0.0,0.0,748,18,0.0,0.0,0.0,0.0,747.5,0.0
1,784600,VOLCANIC_ROCK_VOUCHER_9500,742.0,21.0,0.0,0.0,0.0,0.0,743,21,0.0,0.0,0.0,0.0,742.5,0.0
1,784700,VOLCANIC_ROCK_VOUCHER_9500,744.0,18.0,0.0,0.0,0.0,0.0,745,18,0.0,0.0,0.0,0.0,744.5,0.0
1,784800,VOLCANIC_ROCK_VOUCHER_9500,745.0,16.0,0.0,0.0,0.0,0.0,747,16,0.0,0.0,0.0,0.0,746.0,0.0
1,784900,VOLCANIC_ROCK_VOUCHER_9500,747.0,21.0,0.0,0.0,0.0,0.0,749,21,0.0,0.0,0.0,0.0,748.0,0.0
1,785000,VOLCANIC_ROCK_VOUCHER_9500,749.0,14.0,0.0,0.0,0.0,0.0,750,14,0.0,0.0,0.0,0.0,749.5,0.0
1,785100,VOLCANIC_ROCK_VOUCHER_9500,752.0,17.0,0.0,0.0,0.0,0.0,753,17,0.0,0.0,0.0,0.0,752.5,0.0
1,785200,VOLCANIC_ROCK_VOUCHER_9500,752.0,20.0,0.0,0.0,0.0,0.0,753,15,754.0,20.0,0.0,0.0,752.5,0.0
1,785300,VOLCANIC_ROCK_VOUCHER_9500,753.0,19.0,0.0,0.0,0.0,0.0,754,19,0.0,0.0,0.0,0.0,753.5,0.0
1,785400,VOLCANIC_ROCK_VOUCHER_9500,751.0,14.0,0.0,0.0,0.0,0.0,753,14,0.0,0.0,0.0,0.0,752.0,0.0
1,785500,VOLCANIC_ROCK_VOUCHER_9500,752.0,17.0,0.0,0.0,0.0,0.0,753,11,0.0,0.0,0.0,0.0,752.5,0.0
1,785600,VOLCANIC_ROCK_VOUCHER_9500,751.0,15.0,0.0,0.0,0.0,0.0,752,15,0.0,0.0,0.0,0.0,751.5,0.0
1,785700,VOLCANIC_ROCK_VOUCHER_9500,753.0,26.0,0.0,0.0,0.0,0.0,754,14,0.0,0.0,0.0,0.0,753.5,0.0
1,785800,VOLCANIC_ROCK_VOUCHER_9500,753.0,14.0,0.0,0.0,0.0,0.0,754,14,0.0,0.0,0.0,0.0,753.5,0.0
1,785900,VOLCANIC_ROCK_VOUCHER_9500,756.0,19.0,0.0,0.0,0.0,0.0,757,19,0.0,0.0,0.0,0.0,756.5,0.0
1,786000,VOLCANIC_ROCK_VOUCHER_9500,757.0,16.0,0.0,0.0,0.0,0.0,759,16,0.0,0.0,0.0,0.0,758.0,0.0
1,786100,VOLCANIC_ROCK_VOUCHER_9500,755.0,19.0,0.0,0.0,0.0,0.0,756,19,0.0,0.0,0.0,0.0,755.5,0.0
1,786200,VOLCANIC_ROCK_VOUCHER_9500,755.0,21.0,0.0,0.0,0.0,0.0,756,21,0.0,0.0,0.0,0.0,755.5,0.0
1,786300,VOLCANIC_ROCK_VOUCHER_9500,757.0,18.0,0.0,0.0,0.0,0.0,758,18,0.0,0.0,0.0,0.0,757.5,0.0
1,786400,VOLCANIC_ROCK_VOUCHER_9500,760.0,14.0,0.0,0.0,0.0,0.0,762,14,0.0,0.0,0.0,0.0,761.0,0.0
1,786500,VOLCANIC_ROCK_VOUCHER_9500,760.0,13.0,0.0,0.0,0.0,0.0,761,13,0.0,0.0,0.0,0.0,760.5,0.0
1,786600,VOLCANIC_ROCK_VOUCHER_9500,760.0,19.0,0.0,0.0,0.0,0.0,761,19,0.0,0.0,0.0,0.0,760.5,0.0
1,786700,VOLCANIC_ROCK_VOUCHER_9500,760.0,21.0,0.0,0.0,0.0,0.0,761,21,0.0,0.0,0.0,0.0,760.5,0.0
1,786800,VOLCANIC_ROCK_VOUCHER_9500,758.0,16.0,0.0,0.0,0.0,0.0,759,16,0.0,0.0,0.0,0.0,758.5,0.0
1,786900,VOLCANIC_ROCK_VOUCHER_9500,758.0,16.0,0.0,0.0,0.0,0.0,759,16,0.0,0.0,0.0,0.0,758.5,0.0
1,787000,VOLCANIC_ROCK_VOUCHER_9500,758.0,19.0,0.0,0.0,0.0,0.0,759,19,0.0,0.0,0.0,0.0,758.5,0.0
1,787100,VOLCANIC_ROCK_VOUCHER_9500,758.0,19.0,0.0,0.0,0.0,0.0,759,19,0.0,0.0,0.0,0.0,758.5,0.0
1,787200,VOLCANIC_ROCK_VOUCHER_9500,758.0,21.0,0.0,0.0,0.0,0.0,759,21,0.0,0.0,0.0,0.0,758.5,0.0
1,787300,VOLCANIC_ROCK_VOUCHER_9500,761.0,11.0,0.0,0.0,0.0,0.0,763,11,0.0,0.0,0.0,0.0,762.0,0.0
1,787400,VOLCANIC_ROCK_VOUCHER_9500,766.0,10.0,0.0,0.0,0.0,0.0,767,20,0.0,0.0,0.0,0.0,766.5,0.0
1,787500,VOLCANIC_ROCK_VOUCHER_9500,766.0,10.0,0.0,0.0,0.0,0.0,767,10,0.0,0.0,0.0,0.0,766.5,0.0
1,787600,VOLCANIC_ROCK_VOUCHER_9500,765.0,20.0,0.0,0.0,0.0,0.0,766,20,0.0,0.0,0.0,0.0,765.5,0.0
1,787700,VOLCANIC_ROCK_VOUCHER_9500,762.0,19.0,0.0,0.0,0.0,0.0,764,19,0.0,0.0,0.0,0.0,763.0,0.0
1,787800,VOLCANIC_ROCK_VOUCHER_9500,764.0,14.0,0.0,0.0,0.0,0.0,765,14,0.0,0.0,0.0,0.0,764.5,0.0
1,787900,VOLCANIC_ROCK_VOUCHER_9500,768.0,38.0,0.0,0.0,0.0,0.0,769,19,0.0,0.0,0.0,0.0,768.5,0.0
1,788000,VOLCANIC_ROCK_VOUCHER_9500,765.0,21.0,0.0,0.0,0.0,0.0,766,21,0.0,0.0,0.0,0.0,765.5,0.0
1,788100,VOLCANIC_ROCK_VOUCHER_9500,763.0,10.0,0.0,0.0,0.0,0.0,764,10,0.0,0.0,0.0,0.0,763.5,0.0
1,788200,VOLCANIC_ROCK_VOUCHER_9500,761.0,10.0,0.0,0.0,0.0,0.0,762,10,0.0,0.0,0.0,0.0,761.5,0.0
1,788300,VOLCANIC_ROCK_VOUCHER_9500,760.0,16.0,0.0,0.0,0.0,0.0,761,16,0.0,0.0,0.0,0.0,760.5,0.0
1,788400,VOLCANIC_ROCK_VOUCHER_9500,0.0,0.0,0.0,0.0,0.0,0.0,763,19,0.0,0.0,0.0,0.0,763.0,0.0
1,788500,VOLCANIC_ROCK_VOUCHER_9500,767.0,20.0,0.0,0.0,0.0,0.0,768,20,0.0,0.0,0.0,0.0,767.5,0.0
1,788600,VOLCANIC_ROCK_VOUCHER_9500,768.0,4.0,0.0,0.0,0.0,0.0,769,14,0.0,0.0,0.0,0.0,768.5,0.0
1,788700,VOLCANIC_ROCK_VOUCHER_9500,769.0,17.0,0.0,0.0,0.0,0.0,770,17,0.0,0.0,0.0,0.0,769.5,0.0
1,788800,VOLCANIC_ROCK_VOUCHER_9500,771.0,19.0,0.0,0.0,0.0,0.0,772,19,0.0,0.0,0.0,0.0,771.5,0.0
1,788900,VOLCANIC_ROCK_VOUCHER_9500,769.0,21.0,0.0,0.0,0.0,0.0,770,21,0.0,0.0,0.0,0.0,769.5,0.0
1,789000,VOLCANIC_ROCK_VOUCHER_9500,768.0,18.0,0.0,0.0,0.0,0.0,769,18,0.0,0.0,0.0,0.0,768.5,0.0
1,789100,VOLCANIC_ROCK_VOUCHER_9500,773.0,11.0,0.0,0.0,0.0,0.0,774,11,0.0,0.0,0.0,0.0,773.5,0.0
1,789200,VOLCANIC_ROCK_VOUCHER_9500,773.0,16.0,0.0,0.0,0.0,0.0,774,16,0.0,0.0,0.0,0.0,773.5,0.0
1,789300,VOLCANIC_ROCK_VOUCHER_9500,775.0,21.0,0.0,0.0,0.0,0.0,776,21,0.0,0.0,0.0,0.0,775.5,0.0
1,789400,VOLCANIC_ROCK_VOUCHER_9500,773.0,19.0,0.0,0.0,0.0,0.0,774,19,0.0,0.0,0.0,0.0,773.5,0.0
1,789500,VOLCANIC_ROCK_VOUCHER_9500,773.0,40.0,0.0,0.0,0.0,0.0,774,21,0.0,0.0,0.0,0.0,773.5,0.0
1,789600,VOLCANIC_ROCK_VOUCHER_9500,770.0,22.0,0.0,0.0,0.0,0.0,771,22,0.0,0.0,0.0,0.0,770.5,0.0
1,789700,VOLCANIC_ROCK_VOUCHER_9500,771.0,17.0,0.0,0.0,0.0,0.0,772,17,0.0,0.0,0.0,0.0,771.5,0.0
1,789800,VOLCANIC_ROCK_VOUCHER_9500,770.0,20.0,0.0,0.0,0.0,0.0,771,20,0.0,0.0,0.0,0.0,770.5,0.0
1,789900,VOLCANIC_ROCK_VOUCHER_9500,774.0,15.0,0.0,0.0,0.0,0.0,776,15,0.0,0.0,0.0,0.0,775.0,0.0
1,790000,VOLCANIC_ROCK_VOUCHER_9500,774.0,20.0,0.0,0.0,0.0,0.0,775,20,0.0,0.0,0.0,0.0,774.5,0.0
1,790100,VOLCANIC_ROCK_VOUCHER_9500,774.0,11.0,0.0,0.0,0.0,0.0,775,11,0.0,0.0,0.0,0.0,774.5,0.0
1,790200,VOLCANIC_ROCK_VOUCHER_9500,768.0,16.0,0.0,0.0,0.0,0.0,769,16,0.0,0.0,0.0,0.0,768.5,0.0
1,790300,VOLCANIC_ROCK_VOUCHER_9500,765.0,15.0,0.0,0.0,0.0,0.0,766,20,767.0,15.0,0.0,0.0,765.5,0.0
1,790400,VOLCANIC_ROCK_VOUCHER_9500,765.0,19.0,0.0,0.0,0.0,0.0,766,19,0.0,0.0,0.0,0.0,765.5,0.0
1,790500,VOLCANIC_ROCK_VOUCHER_9500,768.0,19.0,0.0,0.0,0.0,0.0,769,19,0.0,0.0,0.0,0.0,768.5,0.0
1,790600,VOLCANIC_ROCK_VOUCHER_9500,767.0,22.0,0.0,0.0,0.0,0.0,768,22,0.0,0.0,0.0,0.0,767.5,0.0
1,790700,VOLCANIC_ROCK_VOUCHER_9500,766.0,10.0,0.0,0.0,0.0,0.0,767,10,0.0,0.0,0.0,0.0,766.5,0.0
1,790800,VOLCANIC_ROCK_VOUCHER_9500,762.0,20.0,0.0,0.0,0.0,0.0,764,20,0.0,0.0,0.0,0.0,763.0,0.0
1,790900,VOLCANIC_ROCK_VOUCHER_9500,763.0,13.0,0.0,0.0,0.0,0.0,764,13,0.0,0.0,0.0,0.0,763.5,0.0
1,791000,VOLCANIC_ROCK_VOUCHER_9500,763.0,18.0,0.0,0.0,0.0,0.0,764,18,0.0,0.0,0.0,0.0,763.5,0.0
1,791100,VOLCANIC_ROCK_VOUCHER_9500,764.0,14.0,0.0,0.0,0.0,0.0,765,14,0.0,0.0,0.0,0.0,764.5,0.0
1,791200,VOLCANIC_ROCK_VOUCHER_9500,760.0,19.0,0.0,0.0,0.0,0.0,761,19,0.0,0.0,0.0,0.0,760.5,0.0
1,791300,VOLCANIC_ROCK_VOUCHER_9500,757.0,13.0,0.0,0.0,0.0,0.0,759,13,0.0,0.0,0.0,0.0,758.0,0.0
1,791400,VOLCANIC_ROCK_VOUCHER_9500,754.0,17.0,0.0,0.0,0.0,0.0,755,17,0.0,0.0,0.0,0.0,754.5,0.0
1,791500,VOLCANIC_ROCK_VOUCHER_9500,749.0,15.0,0.0,0.0,0.0,0.0,750,15,0.0,0.0,0.0,0.0,749.5,0.0
1,791600,VOLCANIC_ROCK_VOUCHER_9500,748.0,19.0,0.0,0.0,0.0,0.0,749,19,0.0,0.0,0.0,0.0,748.5,0.0
1,791700,VOLCANIC_ROCK_VOUCHER_9500,752.0,20.0,0.0,0.0,0.0,0.0,753,20,0.0,0.0,0.0,0.0,752.5,0.0
1,791800,VOLCANIC_ROCK_VOUCHER_9500,0.0,0.0,0.0,0.0,0.0,0.0,757,2,758.0,12.0,0.0,0.0,757.0,0.0
1,791900,VOLCANIC_ROCK_VOUCHER_9500,756.0,11.0,0.0,0.0,0.0,0.0,757,11,0.0,0.0,0.0,0.0,756.5,0.0
1,792000,VOLCANIC_ROCK_VOUCHER_9500,757.0,12.0,0.0,0.0,0.0,0.0,758,12,0.0,0.0,0.0,0.0,757.5,0.0
1,792100,VOLCANIC_ROCK_VOUCHER_9500,758.0,14.0,0.0,0.0,0.0,0.0,759,14,0.0,0.0,0.0,0.0,758.5,0.0
1,792200,VOLCANIC_ROCK_VOUCHER_9500,756.0,17.0,0.0,0.0,0.0,0.0,757,17,0.0,0.0,0.0,0.0,756.5,0.0
1,792300,VOLCANIC_ROCK_VOUCHER_9500,755.0,12.0,0.0,0.0,0.0,0.0,756,12,0.0,0.0,0.0,0.0,755.5,0.0
1,792400,VOLCANIC_ROCK_VOUCHER_9500,754.0,14.0,0.0,0.0,0.0,0.0,755,14,0.0,0.0,0.0,0.0,754.5,0.0
1,792500,VOLCANIC_ROCK_VOUCHER_9500,751.0,23.0,0.0,0.0,0.0,0.0,752,14,0.0,0.0,0.0,0.0,751.5,0.0
1,792600,VOLCANIC_ROCK_VOUCHER_9500,752.0,15.0,0.0,0.0,0.0,0.0,753,15,0.0,0.0,0.0,0.0,752.5,0.0
1,792700,VOLCANIC_ROCK_VOUCHER_9500,753.0,12.0,0.0,0.0,0.0,0.0,754,12,0.0,0.0,0.0,0.0,753.5,0.0
1,792800,VOLCANIC_ROCK_VOUCHER_9500,755.0,13.0,0.0,0.0,0.0,0.0,756,13,0.0,0.0,0.0,0.0,755.5,0.0
1,792900,VOLCANIC_ROCK_VOUCHER_9500,755.0,21.0,0.0,0.0,0.0,0.0,756,21,0.0,0.0,0.0,0.0,755.5,0.0
1,793000,VOLCANIC_ROCK_VOUCHER_9500,758.0,13.0,0.0,0.0,0.0,0.0,759,13,0.0,0.0,0.0,0.0,758.5,0.0
1,793100,VOLCANIC_ROCK_VOUCHER_9500,763.0,17.0,0.0,0.0,0.0,0.0,764,17,0.0,0.0,0.0,0.0,763.5,0.0
1,793200,VOLCANIC_ROCK_VOUCHER_9500,763.0,19.0,0.0,0.0,0.0,0.0,764,2,765.0,17.0,0.0,0.0,763.5,0.0
1,793300,VOLCANIC_ROCK_VOUCHER_9500,768.0,14.0,0.0,0.0,0.0,0.0,769,14,0.0,0.0,0.0,0.0,768.5,0.0
1,793400,VOLCANIC_ROCK_VOUCHER_9500,762.0,14.0,0.0,0.0,0.0,0.0,764,14,0.0,0.0,0.0,0.0,763.0,0.0
1,793500,VOLCANIC_ROCK_VOUCHER_9500,761.0,21.0,0.0,0.0,0.0,0.0,762,21,0.0,0.0,0.0,0.0,761.5,0.0
1,793600,VOLCANIC_ROCK_VOUCHER_9500,761.0,19.0,0.0,0.0,0.0,0.0,762,19,0.0,0.0,0.0,0.0,761.5,0.0
1,793700,VOLCANIC_ROCK_VOUCHER_9500,760.0,11.0,0.0,0.0,0.0,0.0,761,1,762.0,10.0,0.0,0.0,760.5,0.0
1,793800,VOLCANIC_ROCK_VOUCHER_9500,758.0,15.0,0.0,0.0,0.0,0.0,759,15,0.0,0.0,0.0,0.0,758.5,0.0
1,793900,VOLCANIC_ROCK_VOUCHER_9500,756.0,17.0,0.0,0.0,0.0,0.0,757,17,0.0,0.0,0.0,0.0,756.5,0.0
1,794000,VOLCANIC_ROCK_VOUCHER_9500,759.0,24.0,0.0,0.0,0.0,0.0,760,10,0.0,0.0,0.0,0.0,759.5,0.0
1,794100,VOLCANIC_ROCK_VOUCHER_9500,761.0,34.0,0.0,0.0,0.0,0.0,762,18,0.0,0.0,0.0,0.0,761.5,0.0
1,794200,VOLCANIC_ROCK_VOUCHER_9500,756.0,33.0,0.0,0.0,0.0,0.0,757,21,0.0,0.0,0.0,0.0,756.5,0.0
1,794300,VOLCANIC_ROCK_VOUCHER_9500,753.0,11.0,0.0,0.0,0.0,0.0,754,11,0.0,0.0,0.0,0.0,753.5,0.0
1,794400,VOLCANIC_ROCK_VOUCHER_9500,749.0,13.0,0.0,0.0,0.0,0.0,750,13,0.0,0.0,0.0,0.0,749.5,0.0
1,794500,VOLCANIC_ROCK_VOUCHER_9500,748.0,17.0,0.0,0.0,0.0,0.0,749,17,0.0,0.0,0.0,0.0,748.5,0.0
1,794600,VOLCANIC_ROCK_VOUCHER_9500,745.0,12.0,0.0,0.0,0.0,0.0,746,12,0.0,0.0,0.0,0.0,745.5,0.0
1,794700,VOLCANIC_ROCK_VOUCHER_9500,751.0,14.0,0.0,0.0,0.0,0.0,752,14,0.0,0.0,0.0,0.0,751.5,0.0
1,794800,VOLCANIC_ROCK_VOUCHER_9500,751.0,22.0,0.0,0.0,0.0,0.0,752,22,0.0,0.0,0.0,0.0,751.5,0.0
1,794900,VOLCANIC_ROCK_VOUCHER_9500,753.0,12.0,0.0,0.0,0.0,0.0,754,18,0.0,0.0,0.0,0.0,753.5,0.0
1,795000,VOLCANIC_ROCK_VOUCHER_9500,754.0,14.0,0.0,0.0,0.0,0.0,755,14,0.0,0.0,0.0,0.0,754.5,0.0
1,795100,VOLCANIC_ROCK_VOUCHER_9500,749.0,16.0,0.0,0.0,0.0,0.0,750,16,0.0,0.0,0.0,0.0,749.5,0.0
1,795200,VOLCANIC_ROCK_VOUCHER_9500,749.0,12.0,0.0,0.0,0.0,0.0,750,12,0.0,0.0,0.0,0.0,749.5,0.0
1,795300,VOLCANIC_ROCK_VOUCHER_9500,750.0,18.0,0.0,0.0,0.0,0.0,752,18,0.0,0.0,0.0,0.0,751.0,0.0
1,795400,VOLCANIC_ROCK_VOUCHER_9500,749.0,18.0,0.0,0.0,0.0,0.0,750,18,0.0,0.0,0.0,0.0,749.5,0.0
1,795500,VOLCANIC_ROCK_VOUCHER_9500,750.0,20.0,0.0,0.0,0.0,0.0,751,20,0.0,0.0,0.0,0.0,750.5,0.0
1,795600,VOLCANIC_ROCK_VOUCHER_9500,753.0,19.0,0.0,0.0,0.0,0.0,754,19,0.0,0.0,0.0,0.0,753.5,0.0
1,795700,VOLCANIC_ROCK_VOUCHER_9500,754.0,14.0,0.0,0.0,0.0,0.0,755,14,0.0,0.0,0.0,0.0,754.5,0.0
1,795800,VOLCANIC_ROCK_VOUCHER_9500,750.0,8.0,0.0,0.0,0.0,0.0,751,22,0.0,0.0,0.0,0.0,750.5,0.0
1,795900,VOLCANIC_ROCK_VOUCHER_9500,750.0,14.0,0.0,0.0,0.0,0.0,751,14,0.0,0.0,0.0,0.0,750.5,0.0
1,796000,VOLCANIC_ROCK_VOUCHER_9500,753.0,16.0,0.0,0.0,0.0,0.0,754,16,0.0,0.0,0.0,0.0,753.5,0.0
1,796100,VOLCANIC_ROCK_VOUCHER_9500,753.0,16.0,0.0,0.0,0.0,0.0,754,16,0.0,0.0,0.0,0.0,753.5,0.0
1,796200,VOLCANIC_ROCK_VOUCHER_9500,752.0,34.0,0.0,0.0,0.0,0.0,753,15,0.0,0.0,0.0,0.0,752.5,0.0
1,796300,VOLCANIC_ROCK_VOUCHER_9500,755.0,18.0,0.0,0.0,0.0,0.0,756,18,0.0,0.0,0.0,0.0,755.5,0.0
1,796400,VOLCANIC_ROCK_VOUCHER_9500,754.0,41.0,0.0,0.0,0.0,0.0,756,21,0.0,0.0,0.0,0.0,755.0,0.0
1,796500,VOLCANIC_ROCK_VOUCHER_9500,753.0,14.0,0.0,0.0,0.0,0.0,754,14,0.0,0.0,0.0,0.0,753.5,0.0
1,796600,VOLCANIC_ROCK_VOUCHER_9500,751.0,16.0,0.0,0.0,0.0,0.0,753,16,0.0,0.0,0.0,0.0,752.0,0.0
1,796700,VOLCANIC_ROCK_VOUCHER_9500,752.0,13.0,0.0,0.0,0.0,0.0,753,13,0.0,0.0,0.0,0.0,752.5,0.0
1,796800,VOLCANIC_ROCK_VOUCHER_9500,753.0,16.0,0.0,0.0,0.0,0.0,754,16,0.0,0.0,0.0,0.0,753.5,0.0
1,796900,VOLCANIC_ROCK_VOUCHER_9500,759.0,18.0,0.0,0.0,0.0,0.0,760,18,0.0,0.0,0.0,0.0,759.5,0.0
1,797000,VOLCANIC_ROCK_VOUCHER_9500,761.0,15.0,0.0,0.0,0.0,0.0,762,15,0.0,0.0,0.0,0.0,761.5,0.0
1,797100,VOLCANIC_ROCK_VOUCHER_9500,761.0,20.0,0.0,0.0,0.0,0.0,762,20,0.0,0.0,0.0,0.0,761.5,0.0
1,797200,VOLCANIC_ROCK_VOUCHER_9500,761.0,18.0,0.0,0.0,0.0,0.0,763,18,0.0,0.0,0.0,0.0,762.0,0.0
1,797300,VOLCANIC_ROCK_VOUCHER_9500,755.0,13.0,0.0,0.0,0.0,0.0,757,13,0.0,0.0,0.0,0.0,756.0,0.0
1,797400,VOLCANIC_ROCK_VOUCHER_9500,759.0,18.0,0.0,0.0,0.0,0.0,760,18,0.0,0.0,0.0,0.0,759.5,0.0
1,797500,VOLCANIC_ROCK_VOUCHER_9500,759.0,21.0,0.0,0.0,0.0,0.0,761,21,0.0,0.0,0.0,0.0,760.0,0.0
1,797600,VOLCANIC_ROCK_VOUCHER_9500,760.0,13.0,0.0,0.0,0.0,0.0,761,13,0.0,0.0,0.0,0.0,760.5,0.0
1,797700,VOLCANIC_ROCK_VOUCHER_9500,758.0,36.0,0.0,0.0,0.0,0.0,759,20,0.0,0.0,0.0,0.0,758.5,0.0
1,797800,VOLCANIC_ROCK_VOUCHER_9500,763.0,11.0,0.0,0.0,0.0,0.0,764,11,0.0,0.0,0.0,0.0,763.5,0.0
1,797900,VOLCANIC_ROCK_VOUCHER_9500,767.0,13.0,0.0,0.0,0.0,0.0,768,13,0.0,0.0,0.0,0.0,767.5,0.0
1,798000,VOLCANIC_ROCK_VOUCHER_9500,771.0,12.0,0.0,0.0,0.0,0.0,772,12,0.0,0.0,0.0,0.0,771.5,0.0
1,798100,VOLCANIC_ROCK_VOUCHER_9500,769.0,16.0,0.0,0.0,0.0,0.0,770,16,0.0,0.0,0.0,0.0,769.5,0.0
1,798200,VOLCANIC_ROCK_VOUCHER_9500,766.0,17.0,765.0,12.0,0.0,0.0,767,12,0.0,0.0,0.0,0.0,766.5,0.0
1,798300,VOLCANIC_ROCK_VOUCHER_9500,766.0,22.0,0.0,0.0,0.0,0.0,767,22,0.0,0.0,0.0,0.0,766.5,0.0
1,798400,VOLCANIC_ROCK_VOUCHER_9500,764.0,12.0,0.0,0.0,0.0,0.0,765,12,0.0,0.0,0.0,0.0,764.5,0.0
1,798500,VOLCANIC_ROCK_VOUCHER_9500,767.0,13.0,0.0,0.0,0.0,0.0,768,13,0.0,0.0,0.0,0.0,767.5,0.0
1,798600,VOLCANIC_ROCK_VOUCHER_9500,769.0,16.0,0.0,0.0,0.0,0.0,770,16,0.0,0.0,0.0,0.0,769.5,0.0
1,798700,VOLCANIC_ROCK_VOUCHER_9500,768.0,21.0,0.0,0.0,0.0,0.0,769,21,0.0,0.0,0.0,0.0,768.5,0.0
1,798800,VOLCANIC_ROCK_VOUCHER_9500,766.0,15.0,0.0,0.0,0.0,0.0,768,15,0.0,0.0,0.0,0.0,767.0,0.0
1,798900,VOLCANIC_ROCK_VOUCHER_9500,767.0,19.0,0.0,0.0,0.0,0.0,768,19,0.0,0.0,0.0,0.0,767.5,0.0
1,799000,VOLCANIC_ROCK_VOUCHER_9500,767.0,15.0,0.0,0.0,0.0,0.0,768,15,0.0,0.0,0.0,0.0,767.5,0.0
1,799100,VOLCANIC_ROCK_VOUCHER_9500,763.0,19.0,0.0,0.0,0.0,0.0,764,19,0.0,0.0,0.0,0.0,763.5,0.0
1,799200,VOLCANIC_ROCK_VOUCHER_9500,765.0,22.0,0.0,0.0,0.0,0.0,766,22,0.0,0.0,0.0,0.0,765.5,0.0
1,799300,VOLCANIC_ROCK_VOUCHER_9500,766.0,2.0,765.0,18.0,0.0,0.0,767,20,0.0,0.0,0.0,0.0,766.5,0.0
1,799400,VOLCANIC_ROCK_VOUCHER_9500,766.0,12.0,0.0,0.0,0.0,0.0,767,12,0.0,0.0,0.0,0.0,766.5,0.0
1,799500,VOLCANIC_ROCK_VOUCHER_9500,760.0,19.0,0.0,0.0,0.0,0.0,761,19,0.0,0.0,0.0,0.0,760.5,0.0
1,799600,VOLCANIC_ROCK_VOUCHER_9500,760.0,16.0,0.0,0.0,0.0,0.0,761,16,0.0,0.0,0.0,0.0,760.5,0.0
1,799700,VOLCANIC_ROCK_VOUCHER_9500,757.0,19.0,0.0,0.0,0.0,0.0,759,19,0.0,0.0,0.0,0.0,758.0,0.0
1,799800,VOLCANIC_ROCK_VOUCHER_9500,757.0,15.0,0.0,0.0,0.0,0.0,758,15,0.0,0.0,0.0,0.0,757.5,0.0
1,799900,VOLCANIC_ROCK_VOUCHER_9500,754.0,11.0,0.0,0.0,0.0,0.0,755,11,0.0,0.0,0.0,0.0,754.5,0.0
1,800000,VOLCANIC_ROCK_VOUCHER_9500,754.0,12.0,0.0,0.0,0.0,0.0,755,12,0.0,0.0,0.0,0.0,754.5,0.0
1,800100,VOLCANIC_ROCK_VOUCHER_9500,750.0,16.0,0.0,0.0,0.0,0.0,752,16,0.0,0.0,0.0,0.0,751.0,0.0
1,800200,VOLCANIC_ROCK_VOUCHER_9500,747.0,11.0,0.0,0.0,0.0,0.0,748,11,0.0,0.0,0.0,0.0,747.5,0.0
1,800300,VOLCANIC_ROCK_VOUCHER_9500,747.0,18.0,0.0,0.0,0.0,0.0,748,18,0.0,0.0,0.0,0.0,747.5,0.0
1,800400,VOLCANIC_ROCK_VOUCHER_9500,750.0,33.0,0.0,0.0,0.0,0.0,751,19,0.0,0.0,0.0,0.0,750.5,0.0
1,800500,VOLCANIC_ROCK_VOUCHER_9500,752.0,16.0,0.0,0.0,0.0,0.0,753,16,0.0,0.0,0.0,0.0,752.5,0.0
1,800600,VOLCANIC_ROCK_VOUCHER_9500,750.0,16.0,0.0,0.0,0.0,0.0,751,16,0.0,0.0,0.0,0.0,750.5,0.0
1,800700,VOLCANIC_ROCK_VOUCHER_9500,751.0,14.0,0.0,0.0,0.0,0.0,752,14,0.0,0.0,0.0,0.0,751.5,0.0
1,800800,VOLCANIC_ROCK_VOUCHER_9500,0.0,0.0,0.0,0.0,0.0,0.0,749,1,750.0,14.0,0.0,0.0,749.0,0.0
1,800900,VOLCANIC_ROCK_VOUCHER_9500,744.0,17.0,0.0,0.0,0.0,0.0,745,17,0.0,0.0,0.0,0.0,744.5,0.0
1,801000,VOLCANIC_ROCK_VOUCHER_9500,743.0,19.0,0.0,0.0,0.0,0.0,744,19,0.0,0.0,0.0,0.0,743.5,0.0
1,801100,VOLCANIC_ROCK_VOUCHER_9500,744.0,11.0,0.0,0.0,0.0,0.0,745,11,0.0,0.0,0.0,0.0,744.5,0.0
1,801200,VOLCANIC_ROCK_VOUCHER_9500,744.0,21.0,0.0,0.0,0.0,0.0,746,21,0.0,0.0,0.0,0.0,745.0,0.0
1,801300,VOLCANIC_ROCK_VOUCHER_9500,740.0,15.0,0.0,0.0,0.0,0.0,741,15,0.0,0.0,0.0,0.0,740.5,0.0
1,801400,VOLCANIC_ROCK_VOUCHER_9500,737.0,13.0,0.0,0.0,0.0,0.0,738,13,0.0,0.0,0.0,0.0,737.5,0.0
1,801500,VOLCANIC_ROCK_VOUCHER_9500,738.0,20.0,0.0,0.0,0.0,0.0,739,20,0.0,0.0,0.0,0.0,738.5,0.0
1,801600,VOLCANIC_ROCK_VOUCHER_9500,736.0,15.0,0.0,0.0,0.0,0.0,737,15,0.0,0.0,0.0,0.0,736.5,0.0
1,801700,VOLCANIC_ROCK_VOUCHER_9500,736.0,12.0,0.0,0.0,0.0,0.0,737,12,0.0,0.0,0.0,0.0,736.5,0.0
1,801800,VOLCANIC_ROCK_VOUCHER_9500,739.0,15.0,0.0,0.0,0.0,0.0,740,15,0.0,0.0,0.0,0.0,739.5,0.0
1,801900,VOLCANIC_ROCK_VOUCHER_9500,739.0,13.0,0.0,0.0,0.0,0.0,740,13,0.0,0.0,0.0,0.0,739.5,0.0
1,802000,VOLCANIC_ROCK_VOUCHER_9500,739.0,15.0,0.0,0.0,0.0,0.0,740,15,0.0,0.0,0.0,0.0,739.5,0.0
1,802100,VOLCANIC_ROCK_VOUCHER_9500,737.0,16.0,0.0,0.0,0.0,0.0,738,16,0.0,0.0,0.0,0.0,737.5,0.0
1,802200,VOLCANIC_ROCK_VOUCHER_9500,735.0,12.0,0.0,0.0,0.0,0.0,736,12,0.0,0.0,0.0,0.0,735.5,0.0
1,802300,VOLCANIC_ROCK_VOUCHER_9500,730.0,15.0,0.0,0.0,0.0,0.0,731,15,0.0,0.0,0.0,0.0,730.5,0.0
1,802400,VOLCANIC_ROCK_VOUCHER_9500,728.0,8.0,0.0,0.0,0.0,0.0,729,22,0.0,0.0,0.0,0.0,728.5,0.0
1,802500,VOLCANIC_ROCK_VOUCHER_9500,734.0,11.0,733.0,12.0,0.0,0.0,735,12,0.0,0.0,0.0,0.0,734.5,0.0
1,802600,VOLCANIC_ROCK_VOUCHER_9500,733.0,17.0,0.0,0.0,0.0,0.0,734,17,0.0,0.0,0.0,0.0,733.5,0.0
1,802700,VOLCANIC_ROCK_VOUCHER_9500,732.0,28.0,0.0,0.0,0.0,0.0,733,13,0.0,0.0,0.0,0.0,732.5,0.0
1,802800,VOLCANIC_ROCK_VOUCHER_9500,734.0,11.0,0.0,0.0,0.0,0.0,735,11,0.0,0.0,0.0,0.0,734.5,0.0
1,802900,VOLCANIC_ROCK_VOUCHER_9500,734.0,15.0,0.0,0.0,0.0,0.0,735,15,0.0,0.0,0.0,0.0,734.5,0.0
1,803000,VOLCANIC_ROCK_VOUCHER_9500,0.0,0.0,0.0,0.0,0.0,0.0,736,15,0.0,0.0,0.0,0.0,736.0,0.0
1,803100,VOLCANIC_ROCK_VOUCHER_9500,734.0,13.0,0.0,0.0,0.0,0.0,735,13,0.0,0.0,0.0,0.0,734.5,0.0
1,803200,VOLCANIC_ROCK_VOUCHER_9500,734.0,12.0,0.0,0.0,0.0,0.0,735,12,0.0,0.0,0.0,0.0,734.5,0.0
1,803300,VOLCANIC_ROCK_VOUCHER_9500,735.0,19.0,0.0,0.0,0.0,0.0,736,19,0.0,0.0,0.0,0.0,735.5,0.0
1,803400,VOLCANIC_ROCK_VOUCHER_9500,734.0,1.0,0.0,0.0,0.0,0.0,735,17,0.0,0.0,0.0,0.0,734.5,0.0
1,803500,VOLCANIC_ROCK_VOUCHER_9500,0.0,0.0,0.0,0.0,0.0,0.0,734,5,735.0,12.0,0.0,0.0,734.0,0.0
1,803600,VOLCANIC_ROCK_VOUCHER_9500,732.0,15.0,0.0,0.0,0.0,0.0,733,15,0.0,0.0,0.0,0.0,732.5,0.0
1,803700,VOLCANIC_ROCK_VOUCHER_9500,730.0,14.0,0.0,0.0,0.0,0.0,731,14,0.0,0.0,0.0,0.0,730.5,0.0
1,803800,VOLCANIC_ROCK_VOUCHER_9500,731.0,17.0,0.0,0.0,0.0,0.0,732,17,0.0,0.0,0.0,0.0,731.5,0.0
1,803900,VOLCANIC_ROCK_VOUCHER_9500,733.0,16.0,0.0,0.0,0.0,0.0,734,16,0.0,0.0,0.0,0.0,733.5,0.0
1,804000,VOLCANIC_ROCK_VOUCHER_9500,740.0,16.0,0.0,0.0,0.0,0.0,742,16,0.0,0.0,0.0,0.0,741.0,0.0
1,804100,VOLCANIC_ROCK_VOUCHER_9500,741.0,19.0,0.0,0.0,0.0,0.0,742,19,0.0,0.0,0.0,0.0,741.5,0.0
1,804200,VOLCANIC_ROCK_VOUCHER_9500,737.0,22.0,0.0,0.0,0.0,0.0,738,22,0.0,0.0,0.0,0.0,737.5,0.0
1,804300,VOLCANIC_ROCK_VOUCHER_9500,737.0,16.0,0.0,0.0,0.0,0.0,738,16,0.0,0.0,0.0,0.0,737.5,0.0
1,804400,VOLCANIC_ROCK_VOUCHER_9500,737.0,21.0,0.0,0.0,0.0,0.0,738,21,0.0,0.0,0.0,0.0,737.5,0.0
1,804500,VOLCANIC_ROCK_VOUCHER_9500,735.0,20.0,0.0,0.0,0.0,0.0,736,20,0.0,0.0,0.0,0.0,735.5,0.0
1,804600,VOLCANIC_ROCK_VOUCHER_9500,733.0,12.0,0.0,0.0,0.0,0.0,735,12,0.0,0.0,0.0,0.0,734.0,0.0
1,804700,VOLCANIC_ROCK_VOUCHER_9500,737.0,10.0,0.0,0.0,0.0,0.0,738,20,0.0,0.0,0.0,0.0,737.5,0.0
1,804800,VOLCANIC_ROCK_VOUCHER_9500,738.0,13.0,0.0,0.0,0.0,0.0,740,13,0.0,0.0,0.0,0.0,739.0,0.0
1,804900,VOLCANIC_ROCK_VOUCHER_9500,746.0,12.0,0.0,0.0,0.0,0.0,747,12,0.0,0.0,0.0,0.0,746.5,0.0
1,805000,VOLCANIC_ROCK_VOUCHER_9500,744.0,11.0,0.0,0.0,0.0,0.0,745,11,0.0,0.0,0.0,0.0,744.5,0.0
1,805100,VOLCANIC_ROCK_VOUCHER_9500,738.0,14.0,0.0,0.0,0.0,0.0,739,14,0.0,0.0,0.0,0.0,738.5,0.0
1,805200,VOLCANIC_ROCK_VOUCHER_9500,741.0,21.0,0.0,0.0,0.0,0.0,742,21,0.0,0.0,0.0,0.0,741.5,0.0
1,805300,VOLCANIC_ROCK_VOUCHER_9500,745.0,14.0,0.0,0.0,0.0,0.0,746,14,0.0,0.0,0.0,0.0,745.5,0.0
1,805400,VOLCANIC_ROCK_VOUCHER_9500,743.0,20.0,0.0,0.0,0.0,0.0,745,20,0.0,0.0,0.0,0.0,744.0,0.0
1,805500,VOLCANIC_ROCK_VOUCHER_9500,743.0,15.0,0.0,0.0,0.0,0.0,744,15,0.0,0.0,0.0,0.0,743.5,0.0
1,805600,VOLCANIC_ROCK_VOUCHER_9500,744.0,17.0,0.0,0.0,0.0,0.0,745,17,0.0,0.0,0.0,0.0,744.5,0.0
1,805700,VOLCANIC_ROCK_VOUCHER_9500,749.0,12.0,0.0,0.0,0.0,0.0,750,12,0.0,0.0,0.0,0.0,749.5,0.0
1,805800,VOLCANIC_ROCK_VOUCHER_9500,754.0,14.0,0.0,0.0,0.0,0.0,755,14,0.0,0.0,0.0,0.0,754.5,0.0
1,805900,VOLCANIC_ROCK_VOUCHER_9500,748.0,15.0,0.0,0.0,0.0,0.0,749,15,0.0,0.0,0.0,0.0,748.5,0.0
1,806000,VOLCANIC_ROCK_VOUCHER_9500,748.0,20.0,0.0,0.0,0.0,0.0,750,20,0.0,0.0,0.0,0.0,749.0,0.0
1,806100,VOLCANIC_ROCK_VOUCHER_9500,752.0,11.0,0.0,0.0,0.0,0.0,753,11,0.0,0.0,0.0,0.0,752.5,0.0
1,806200,VOLCANIC_ROCK_VOUCHER_9500,753.0,11.0,0.0,0.0,0.0,0.0,754,11,0.0,0.0,0.0,0.0,753.5,0.0
1,806300,VOLCANIC_ROCK_VOUCHER_9500,749.0,20.0,0.0,0.0,0.0,0.0,750,20,0.0,0.0,0.0,0.0,749.5,0.0
1,806400,VOLCANIC_ROCK_VOUCHER_9500,748.0,13.0,0.0,0.0,0.0,0.0,749,1,750.0,12.0,0.0,0.0,748.5,0.0
1,806500,VOLCANIC_ROCK_VOUCHER_9500,745.0,18.0,0.0,0.0,0.0,0.0,746,18,0.0,0.0,0.0,0.0,745.5,0.0
1,806600,VOLCANIC_ROCK_VOUCHER_9500,740.0,19.0,0.0,0.0,0.0,0.0,741,19,0.0,0.0,0.0,0.0,740.5,0.0
1,806700,VOLCANIC_ROCK_VOUCHER_9500,738.0,21.0,0.0,0.0,0.0,0.0,740,21,0.0,0.0,0.0,0.0,739.0,0.0
1,806800,VOLCANIC_ROCK_VOUCHER_9500,739.0,14.0,0.0,0.0,0.0,0.0,740,14,0.0,0.0,0.0,0.0,739.5,0.0
1,806900,VOLCANIC_ROCK_VOUCHER_9500,740.0,11.0,0.0,0.0,0.0,0.0,741,11,0.0,0.0,0.0,0.0,740.5,0.0
1,807000,VOLCANIC_ROCK_VOUCHER_9500,740.0,11.0,0.0,0.0,0.0,0.0,742,11,0.0,0.0,0.0,0.0,741.0,0.0
1,807100,VOLCANIC_ROCK_VOUCHER_9500,741.0,19.0,0.0,0.0,0.0,0.0,742,19,0.0,0.0,0.0,0.0,741.5,0.0
1,807200,VOLCANIC_ROCK_VOUCHER_9500,741.0,19.0,0.0,0.0,0.0,0.0,742,19,0.0,0.0,0.0,0.0,741.5,0.0
1,807300,VOLCANIC_ROCK_VOUCHER_9500,742.0,20.0,0.0,0.0,0.0,0.0,743,20,0.0,0.0,0.0,0.0,742.5,0.0
1,807400,VOLCANIC_ROCK_VOUCHER_9500,738.0,20.0,0.0,0.0,0.0,0.0,740,20,0.0,0.0,0.0,0.0,739.0,0.0
1,807500,VOLCANIC_ROCK_VOUCHER_9500,737.0,10.0,0.0,0.0,0.0,0.0,738,10,0.0,0.0,0.0,0.0,737.5,0.0
1,807600,VOLCANIC_ROCK_VOUCHER_9500,736.0,14.0,0.0,0.0,0.0,0.0,737,14,0.0,0.0,0.0,0.0,736.5,0.0
1,807700,VOLCANIC_ROCK_VOUCHER_9500,738.0,18.0,0.0,0.0,0.0,0.0,739,18,0.0,0.0,0.0,0.0,738.5,0.0
1,807800,VOLCANIC_ROCK_VOUCHER_9500,738.0,16.0,0.0,0.0,0.0,0.0,740,16,0.0,0.0,0.0,0.0,739.0,0.0
1,807900,VOLCANIC_ROCK_VOUCHER_9500,740.0,16.0,0.0,0.0,0.0,0.0,742,16,0.0,0.0,0.0,0.0,741.0,0.0
1,808000,VOLCANIC_ROCK_VOUCHER_9500,740.0,14.0,0.0,0.0,0.0,0.0,741,14,0.0,0.0,0.0,0.0,740.5,0.0
1,808100,VOLCANIC_ROCK_VOUCHER_9500,742.0,21.0,0.0,0.0,0.0,0.0,743,21,0.0,0.0,0.0,0.0,742.5,0.0
1,808200,VOLCANIC_ROCK_VOUCHER_9500,738.0,17.0,0.0,0.0,0.0,0.0,739,17,0.0,0.0,0.0,0.0,738.5,0.0
1,808300,VOLCANIC_ROCK_VOUCHER_9500,725.0,19.0,0.0,0.0,0.0,0.0,726,19,0.0,0.0,0.0,0.0,725.5,0.0
1,808400,VOLCANIC_ROCK_VOUCHER_9500,729.0,19.0,0.0,0.0,0.0,0.0,730,19,0.0,0.0,0.0,0.0,729.5,0.0
1,808500,VOLCANIC_ROCK_VOUCHER_9500,729.0,15.0,0.0,0.0,0.0,0.0,731,15,0.0,0.0,0.0,0.0,730.0,0.0
1,808600,VOLCANIC_ROCK_VOUCHER_9500,728.0,12.0,0.0,0.0,0.0,0.0,729,12,0.0,0.0,0.0,0.0,728.5,0.0
1,808700,VOLCANIC_ROCK_VOUCHER_9500,725.0,15.0,0.0,0.0,0.0,0.0,726,15,0.0,0.0,0.0,0.0,725.5,0.0
1,808800,VOLCANIC_ROCK_VOUCHER_9500,724.0,15.0,0.0,0.0,0.0,0.0,725,15,0.0,0.0,0.0,0.0,724.5,0.0
1,808900,VOLCANIC_ROCK_VOUCHER_9500,722.0,19.0,0.0,0.0,0.0,0.0,723,19,0.0,0.0,0.0,0.0,722.5,0.0
1,809000,VOLCANIC_ROCK_VOUCHER_9500,722.0,27.0,0.0,0.0,0.0,0.0,723,15,0.0,0.0,0.0,0.0,722.5,0.0
1,809100,VOLCANIC_ROCK_VOUCHER_9500,716.0,15.0,0.0,0.0,0.0,0.0,718,15,0.0,0.0,0.0,0.0,717.0,0.0
1,809200,VOLCANIC_ROCK_VOUCHER_9500,714.0,18.0,0.0,0.0,0.0,0.0,715,18,0.0,0.0,0.0,0.0,714.5,0.0
1,809300,VOLCANIC_ROCK_VOUCHER_9500,715.0,17.0,0.0,0.0,0.0,0.0,716,17,0.0,0.0,0.0,0.0,715.5,0.0
1,809400,VOLCANIC_ROCK_VOUCHER_9500,719.0,13.0,0.0,0.0,0.0,0.0,720,13,0.0,0.0,0.0,0.0,719.5,0.0
1,809500,VOLCANIC_ROCK_VOUCHER_9500,718.0,19.0,0.0,0.0,0.0,0.0,719,19,0.0,0.0,0.0,0.0,718.5,0.0
1,809600,VOLCANIC_ROCK_VOUCHER_9500,719.0,20.0,0.0,0.0,0.0,0.0,720,20,0.0,0.0,0.0,0.0,719.5,0.0
1,809700,VOLCANIC_ROCK_VOUCHER_9500,716.0,20.0,0.0,0.0,0.0,0.0,717,20,0.0,0.0,0.0,0.0,716.5,0.0
1,809800,VOLCANIC_ROCK_VOUCHER_9500,721.0,18.0,0.0,0.0,0.0,0.0,722,18,0.0,0.0,0.0,0.0,721.5,0.0
1,809900,VOLCANIC_ROCK_VOUCHER_9500,725.0,17.0,0.0,0.0,0.0,0.0,726,17,0.0,0.0,0.0,0.0,725.5,0.0
1,810000,VOLCANIC_ROCK_VOUCHER_9500,724.0,20.0,0.0,0.0,0.0,0.0,725,20,0.0,0.0,0.0,0.0,724.5,0.0
1,810100,VOLCANIC_ROCK_VOUCHER_9500,720.0,16.0,0.0,0.0,0.0,0.0,721,16,0.0,0.0,0.0,0.0,720.5,0.0
1,810200,VOLCANIC_ROCK_VOUCHER_9500,719.0,21.0,0.0,0.0,0.0,0.0,720,21,0.0,0.0,0.0,0.0,719.5,0.0
1,810300,VOLCANIC_ROCK_VOUCHER_9500,724.0,14.0,0.0,0.0,0.0,0.0,725,14,0.0,0.0,0.0,0.0,724.5,0.0
1,810400,VOLCANIC_ROCK_VOUCHER_9500,726.0,11.0,0.0,0.0,0.0,0.0,727,11,0.0,0.0,0.0,0.0,726.5,0.0
1,810500,VOLCANIC_ROCK_VOUCHER_9500,726.0,14.0,0.0,0.0,0.0,0.0,727,14,0.0,0.0,0.0,0.0,726.5,0.0
1,810600,VOLCANIC_ROCK_VOUCHER_9500,726.0,19.0,0.0,0.0,0.0,0.0,728,19,0.0,0.0,0.0,0.0,727.0,0.0
1,810700,VOLCANIC_ROCK_VOUCHER_9500,726.0,18.0,0.0,0.0,0.0,0.0,728,18,0.0,0.0,0.0,0.0,727.0,0.0
1,810800,VOLCANIC_ROCK_VOUCHER_9500,730.0,15.0,0.0,0.0,0.0,0.0,731,15,0.0,0.0,0.0,0.0,730.5,0.0
1,810900,VOLCANIC_ROCK_VOUCHER_9500,731.0,12.0,0.0,0.0,0.0,0.0,732,12,0.0,0.0,0.0,0.0,731.5,0.0
1,811000,VOLCANIC_ROCK_VOUCHER_9500,732.0,16.0,0.0,0.0,0.0,0.0,733,16,0.0,0.0,0.0,0.0,732.5,0.0
1,811100,VOLCANIC_ROCK_VOUCHER_9500,730.0,11.0,0.0,0.0,0.0,0.0,731,11,0.0,0.0,0.0,0.0,730.5,0.0
1,811200,VOLCANIC_ROCK_VOUCHER_9500,726.0,17.0,0.0,0.0,0.0,0.0,727,17,0.0,0.0,0.0,0.0,726.5,0.0
1,811300,VOLCANIC_ROCK_VOUCHER_9500,725.0,24.0,0.0,0.0,0.0,0.0,726,10,0.0,0.0,0.0,0.0,725.5,0.0
1,811400,VOLCANIC_ROCK_VOUCHER_9500,724.0,20.0,0.0,0.0,0.0,0.0,726,20,0.0,0.0,0.0,0.0,725.0,0.0
1,811500,VOLCANIC_ROCK_VOUCHER_9500,725.0,4.0,0.0,0.0,0.0,0.0,726,21,0.0,0.0,0.0,0.0,725.5,0.0
1,811600,VOLCANIC_ROCK_VOUCHER_9500,719.0,12.0,0.0,0.0,0.0,0.0,720,12,0.0,0.0,0.0,0.0,719.5,0.0
1,811700,VOLCANIC_ROCK_VOUCHER_9500,718.0,11.0,0.0,0.0,0.0,0.0,719,11,0.0,0.0,0.0,0.0,718.5,0.0
1,811800,VOLCANIC_ROCK_VOUCHER_9500,718.0,18.0,0.0,0.0,0.0,0.0,719,18,0.0,0.0,0.0,0.0,718.5,0.0
1,811900,VOLCANIC_ROCK_VOUCHER_9500,720.0,13.0,0.0,0.0,0.0,0.0,721,13,0.0,0.0,0.0,0.0,720.5,0.0
1,812000,VOLCANIC_ROCK_VOUCHER_9500,715.0,20.0,0.0,0.0,0.0,0.0,716,20,0.0,0.0,0.0,0.0,715.5,0.0
1,812100,VOLCANIC_ROCK_VOUCHER_9500,701.0,13.0,0.0,0.0,0.0,0.0,702,13,0.0,0.0,0.0,0.0,701.5,0.0
1,812200,VOLCANIC_ROCK_VOUCHER_9500,703.0,14.0,0.0,0.0,0.0,0.0,705,14,0.0,0.0,0.0,0.0,704.0,0.0
1,812300,VOLCANIC_ROCK_VOUCHER_9500,711.0,19.0,0.0,0.0,0.0,0.0,713,19,0.0,0.0,0.0,0.0,712.0,0.0
1,812400,VOLCANIC_ROCK_VOUCHER_9500,711.0,10.0,0.0,0.0,0.0,0.0,712,10,0.0,0.0,0.0,0.0,711.5,0.0
1,812500,VOLCANIC_ROCK_VOUCHER_9500,708.0,20.0,0.0,0.0,0.0,0.0,709,20,0.0,0.0,0.0,0.0,708.5,0.0
1,812600,VOLCANIC_ROCK_VOUCHER_9500,713.0,14.0,0.0,0.0,0.0,0.0,714,14,0.0,0.0,0.0,0.0,713.5,0.0
1,812700,VOLCANIC_ROCK_VOUCHER_9500,709.0,14.0,0.0,0.0,0.0,0.0,710,14,0.0,0.0,0.0,0.0,709.5,0.0
1,812800,VOLCANIC_ROCK_VOUCHER_9500,714.0,12.0,0.0,0.0,0.0,0.0,715,12,0.0,0.0,0.0,0.0,714.5,0.0
1,812900,VOLCANIC_ROCK_VOUCHER_9500,712.0,18.0,0.0,0.0,0.0,0.0,713,18,0.0,0.0,0.0,0.0,712.5,0.0
1,813000,VOLCANIC_ROCK_VOUCHER_9500,713.0,12.0,0.0,0.0,0.0,0.0,714,12,0.0,0.0,0.0,0.0,713.5,0.0
1,813100,VOLCANIC_ROCK_VOUCHER_9500,714.0,14.0,0.0,0.0,0.0,0.0,715,14,0.0,0.0,0.0,0.0,714.5,0.0
1,813200,VOLCANIC_ROCK_VOUCHER_9500,714.0,11.0,0.0,0.0,0.0,0.0,715,11,0.0,0.0,0.0,0.0,714.5,0.0
1,813300,VOLCANIC_ROCK_VOUCHER_9500,715.0,14.0,0.0,0.0,0.0,0.0,716,2,717.0,12.0,0.0,0.0,715.5,0.0
1,813400,VOLCANIC_ROCK_VOUCHER_9500,714.0,20.0,0.0,0.0,0.0,0.0,716,20,0.0,0.0,0.0,0.0,715.0,0.0
1,813500,VOLCANIC_ROCK_VOUCHER_9500,714.0,12.0,0.0,0.0,0.0,0.0,715,12,0.0,0.0,0.0,0.0,714.5,0.0
1,813600,VOLCANIC_ROCK_VOUCHER_9500,718.0,16.0,0.0,0.0,0.0,0.0,720,16,0.0,0.0,0.0,0.0,719.0,0.0
1,813700,VOLCANIC_ROCK_VOUCHER_9500,718.0,18.0,0.0,0.0,0.0,0.0,719,18,0.0,0.0,0.0,0.0,718.5,0.0
1,813800,VOLCANIC_ROCK_VOUCHER_9500,721.0,11.0,0.0,0.0,0.0,0.0,722,11,0.0,0.0,0.0,0.0,721.5,0.0
1,813900,VOLCANIC_ROCK_VOUCHER_9500,717.0,22.0,0.0,0.0,0.0,0.0,718,22,0.0,0.0,0.0,0.0,717.5,0.0
1,814000,VOLCANIC_ROCK_VOUCHER_9500,718.0,20.0,0.0,0.0,0.0,0.0,719,20,0.0,0.0,0.0,0.0,718.5,0.0
1,814100,VOLCANIC_ROCK_VOUCHER_9500,719.0,17.0,0.0,0.0,0.0,0.0,720,17,0.0,0.0,0.0,0.0,719.5,0.0
1,814200,VOLCANIC_ROCK_VOUCHER_9500,722.0,14.0,0.0,0.0,0.0,0.0,723,14,0.0,0.0,0.0,0.0,722.5,0.0
1,814300,VOLCANIC_ROCK_VOUCHER_9500,724.0,18.0,0.0,0.0,0.0,0.0,726,18,0.0,0.0,0.0,0.0,725.0,0.0
1,814400,VOLCANIC_ROCK_VOUCHER_9500,723.0,13.0,0.0,0.0,0.0,0.0,724,13,0.0,0.0,0.0,0.0,723.5,0.0
1,814500,VOLCANIC_ROCK_VOUCHER_9500,725.0,14.0,0.0,0.0,0.0,0.0,726,14,0.0,0.0,0.0,0.0,725.5,0.0
1,814600,VOLCANIC_ROCK_VOUCHER_9500,724.0,14.0,0.0,0.0,0.0,0.0,726,14,0.0,0.0,0.0,0.0,725.0,0.0
1,814700,VOLCANIC_ROCK_VOUCHER_9500,721.0,11.0,0.0,0.0,0.0,0.0,722,11,0.0,0.0,0.0,0.0,721.5,0.0
1,814800,VOLCANIC_ROCK_VOUCHER_9500,719.0,13.0,0.0,0.0,0.0,0.0,720,13,0.0,0.0,0.0,0.0,719.5,0.0
1,814900,VOLCANIC_ROCK_VOUCHER_9500,721.0,13.0,0.0,0.0,0.0,0.0,722,13,0.0,0.0,0.0,0.0,721.5,0.0
1,815000,VOLCANIC_ROCK_VOUCHER_9500,721.0,21.0,0.0,0.0,0.0,0.0,722,21,0.0,0.0,0.0,0.0,721.5,0.0
1,815100,VOLCANIC_ROCK_VOUCHER_9500,720.0,38.0,0.0,0.0,0.0,0.0,721,20,0.0,0.0,0.0,0.0,720.5,0.0
1,815200,VOLCANIC_ROCK_VOUCHER_9500,721.0,16.0,0.0,0.0,0.0,0.0,722,16,0.0,0.0,0.0,0.0,721.5,0.0
1,815300,VOLCANIC_ROCK_VOUCHER_9500,0.0,0.0,0.0,0.0,0.0,0.0,720,16,0.0,0.0,0.0,0.0,720.0,0.0
1,815400,VOLCANIC_ROCK_VOUCHER_9500,715.0,16.0,0.0,0.0,0.0,0.0,716,16,0.0,0.0,0.0,0.0,715.5,0.0
1,815500,VOLCANIC_ROCK_VOUCHER_9500,716.0,20.0,0.0,0.0,0.0,0.0,717,20,0.0,0.0,0.0,0.0,716.5,0.0
1,815600,VOLCANIC_ROCK_VOUCHER_9500,711.0,16.0,0.0,0.0,0.0,0.0,712,16,0.0,0.0,0.0,0.0,711.5,0.0
1,815700,VOLCANIC_ROCK_VOUCHER_9500,709.0,14.0,0.0,0.0,0.0,0.0,710,14,0.0,0.0,0.0,0.0,709.5,0.0
1,815800,VOLCANIC_ROCK_VOUCHER_9500,710.0,15.0,0.0,0.0,0.0,0.0,711,15,0.0,0.0,0.0,0.0,710.5,0.0
1,815900,VOLCANIC_ROCK_VOUCHER_9500,708.0,21.0,0.0,0.0,0.0,0.0,709,21,0.0,0.0,0.0,0.0,708.5,0.0
1,816000,VOLCANIC_ROCK_VOUCHER_9500,708.0,16.0,0.0,0.0,0.0,0.0,709,16,0.0,0.0,0.0,0.0,708.5,0.0
1,816100,VOLCANIC_ROCK_VOUCHER_9500,709.0,20.0,0.0,0.0,0.0,0.0,710,20,0.0,0.0,0.0,0.0,709.5,0.0
1,816200,VOLCANIC_ROCK_VOUCHER_9500,712.0,20.0,0.0,0.0,0.0,0.0,713,20,0.0,0.0,0.0,0.0,712.5,0.0
1,816300,VOLCANIC_ROCK_VOUCHER_9500,713.0,2.0,712.0,15.0,0.0,0.0,714,17,0.0,0.0,0.0,0.0,713.5,0.0
1,816400,VOLCANIC_ROCK_VOUCHER_9500,717.0,15.0,0.0,0.0,0.0,0.0,718,15,0.0,0.0,0.0,0.0,717.5,0.0
1,816500,VOLCANIC_ROCK_VOUCHER_9500,717.0,16.0,0.0,0.0,0.0,0.0,718,16,0.0,0.0,0.0,0.0,717.5,0.0
1,816600,VOLCANIC_ROCK_VOUCHER_9500,714.0,3.0,0.0,0.0,0.0,0.0,715,17,0.0,0.0,0.0,0.0,714.5,0.0
1,816700,VOLCANIC_ROCK_VOUCHER_9500,715.0,14.0,0.0,0.0,0.0,0.0,716,14,0.0,0.0,0.0,0.0,715.5,0.0
1,816800,VOLCANIC_ROCK_VOUCHER_9500,713.0,14.0,0.0,0.0,0.0,0.0,714,14,0.0,0.0,0.0,0.0,713.5,0.0
1,816900,VOLCANIC_ROCK_VOUCHER_9500,711.0,18.0,0.0,0.0,0.0,0.0,712,18,0.0,0.0,0.0,0.0,711.5,0.0
1,817000,VOLCANIC_ROCK_VOUCHER_9500,710.0,16.0,0.0,0.0,0.0,0.0,711,16,0.0,0.0,0.0,0.0,710.5,0.0
1,817100,VOLCANIC_ROCK_VOUCHER_9500,707.0,20.0,0.0,0.0,0.0,0.0,708,20,0.0,0.0,0.0,0.0,707.5,0.0
1,817200,VOLCANIC_ROCK_VOUCHER_9500,705.0,18.0,0.0,0.0,0.0,0.0,706,18,0.0,0.0,0.0,0.0,705.5,0.0
1,817300,VOLCANIC_ROCK_VOUCHER_9500,706.0,35.0,0.0,0.0,0.0,0.0,708,22,0.0,0.0,0.0,0.0,707.0,0.0
1,817400,VOLCANIC_ROCK_VOUCHER_9500,702.0,21.0,0.0,0.0,0.0,0.0,703,21,0.0,0.0,0.0,0.0,702.5,0.0
1,817500,VOLCANIC_ROCK_VOUCHER_9500,705.0,18.0,0.0,0.0,0.0,0.0,706,18,0.0,0.0,0.0,0.0,705.5,0.0
1,817600,VOLCANIC_ROCK_VOUCHER_9500,707.0,18.0,0.0,0.0,0.0,0.0,709,18,0.0,0.0,0.0,0.0,708.0,0.0
1,817700,VOLCANIC_ROCK_VOUCHER_9500,709.0,13.0,0.0,0.0,0.0,0.0,710,13,0.0,0.0,0.0,0.0,709.5,0.0
1,817800,VOLCANIC_ROCK_VOUCHER_9500,709.0,20.0,0.0,0.0,0.0,0.0,710,20,0.0,0.0,0.0,0.0,709.5,0.0
1,817900,VOLCANIC_ROCK_VOUCHER_9500,708.0,14.0,0.0,0.0,0.0,0.0,709,14,0.0,0.0,0.0,0.0,708.5,0.0
1,818000,VOLCANIC_ROCK_VOUCHER_9500,710.0,19.0,0.0,0.0,0.0,0.0,711,19,0.0,0.0,0.0,0.0,710.5,0.0
1,818100,VOLCANIC_ROCK_VOUCHER_9500,708.0,11.0,0.0,0.0,0.0,0.0,709,11,0.0,0.0,0.0,0.0,708.5,0.0
1,818200,VOLCANIC_ROCK_VOUCHER_9500,694.0,20.0,0.0,0.0,0.0,0.0,695,20,0.0,0.0,0.0,0.0,694.5,0.0
1,818300,VOLCANIC_ROCK_VOUCHER_9500,688.0,18.0,0.0,0.0,0.0,0.0,689,18,0.0,0.0,0.0,0.0,688.5,0.0
1,818400,VOLCANIC_ROCK_VOUCHER_9500,687.0,11.0,0.0,0.0,0.0,0.0,688,11,0.0,0.0,0.0,0.0,687.5,0.0
1,818500,VOLCANIC_ROCK_VOUCHER_9500,693.0,20.0,0.0,0.0,0.0,0.0,694,20,0.0,0.0,0.0,0.0,693.5,0.0
1,818600,VOLCANIC_ROCK_VOUCHER_9500,688.0,15.0,0.0,0.0,0.0,0.0,689,15,0.0,0.0,0.0,0.0,688.5,0.0
1,818700,VOLCANIC_ROCK_VOUCHER_9500,692.0,17.0,0.0,0.0,0.0,0.0,693,17,0.0,0.0,0.0,0.0,692.5,0.0
1,818800,VOLCANIC_ROCK_VOUCHER_9500,697.0,11.0,0.0,0.0,0.0,0.0,698,11,0.0,0.0,0.0,0.0,697.5,0.0
1,818900,VOLCANIC_ROCK_VOUCHER_9500,696.0,11.0,0.0,0.0,0.0,0.0,697,11,0.0,0.0,0.0,0.0,696.5,0.0
1,819000,VOLCANIC_ROCK_VOUCHER_9500,694.0,21.0,0.0,0.0,0.0,0.0,695,21,0.0,0.0,0.0,0.0,694.5,0.0
1,819100,VOLCANIC_ROCK_VOUCHER_9500,701.0,13.0,0.0,0.0,0.0,0.0,702,13,0.0,0.0,0.0,0.0,701.5,0.0
1,819200,VOLCANIC_ROCK_VOUCHER_9500,698.0,20.0,0.0,0.0,0.0,0.0,699,20,0.0,0.0,0.0,0.0,698.5,0.0
1,819300,VOLCANIC_ROCK_VOUCHER_9500,693.0,19.0,0.0,0.0,0.0,0.0,695,19,0.0,0.0,0.0,0.0,694.0,0.0
1,819400,VOLCANIC_ROCK_VOUCHER_9500,692.0,14.0,0.0,0.0,0.0,0.0,693,14,0.0,0.0,0.0,0.0,692.5,0.0
1,819500,VOLCANIC_ROCK_VOUCHER_9500,698.0,36.0,0.0,0.0,0.0,0.0,700,18,0.0,0.0,0.0,0.0,699.0,0.0
1,819600,VOLCANIC_ROCK_VOUCHER_9500,700.0,11.0,0.0,0.0,0.0,0.0,702,11,0.0,0.0,0.0,0.0,701.0,0.0
1,819700,VOLCANIC_ROCK_VOUCHER_9500,707.0,16.0,0.0,0.0,0.0,0.0,708,16,0.0,0.0,0.0,0.0,707.5,0.0
1,819800,VOLCANIC_ROCK_VOUCHER_9500,715.0,12.0,0.0,0.0,0.0,0.0,716,12,0.0,0.0,0.0,0.0,715.5,0.0
1,819900,VOLCANIC_ROCK_VOUCHER_9500,717.0,13.0,0.0,0.0,0.0,0.0,718,13,0.0,0.0,0.0,0.0,717.5,0.0
1,820000,VOLCANIC_ROCK_VOUCHER_9500,717.0,14.0,0.0,0.0,0.0,0.0,718,14,0.0,0.0,0.0,0.0,717.5,0.0
1,820100,VOLCANIC_ROCK_VOUCHER_9500,708.0,11.0,0.0,0.0,0.0,0.0,709,11,0.0,0.0,0.0,0.0,708.5,0.0
1,820200,VOLCANIC_ROCK_VOUCHER_9500,707.0,19.0,0.0,0.0,0.0,0.0,708,19,0.0,0.0,0.0,0.0,707.5,0.0
1,820300,VOLCANIC_ROCK_VOUCHER_9500,713.0,13.0,0.0,0.0,0.0,0.0,714,13,0.0,0.0,0.0,0.0,713.5,0.0
1,820400,VOLCANIC_ROCK_VOUCHER_9500,714.0,12.0,0.0,0.0,0.0,0.0,715,12,0.0,0.0,0.0,0.0,714.5,0.0
1,820500,VOLCANIC_ROCK_VOUCHER_9500,712.0,18.0,0.0,0.0,0.0,0.0,713,18,0.0,0.0,0.0,0.0,712.5,0.0
1,820600,VOLCANIC_ROCK_VOUCHER_9500,713.0,19.0,0.0,0.0,0.0,0.0,714,19,0.0,0.0,0.0,0.0,713.5,0.0
1,820700,VOLCANIC_ROCK_VOUCHER_9500,709.0,8.0,0.0,0.0,0.0,0.0,711,20,0.0,0.0,0.0,0.0,710.0,0.0
1,820800,VOLCANIC_ROCK_VOUCHER_9500,710.0,13.0,0.0,0.0,0.0,0.0,711,13,0.0,0.0,0.0,0.0,710.5,0.0
1,820900,VOLCANIC_ROCK_VOUCHER_9500,714.0,11.0,0.0,0.0,0.0,0.0,715,11,0.0,0.0,0.0,0.0,714.5,0.0
1,821000,VOLCANIC_ROCK_VOUCHER_9500,710.0,27.0,0.0,0.0,0.0,0.0,711,13,0.0,0.0,0.0,0.0,710.5,0.0
1,821100,VOLCANIC_ROCK_VOUCHER_9500,711.0,16.0,0.0,0.0,0.0,0.0,712,16,0.0,0.0,0.0,0.0,711.5,0.0
1,821200,VOLCANIC_ROCK_VOUCHER_9500,714.0,10.0,0.0,0.0,0.0,0.0,715,10,0.0,0.0,0.0,0.0,714.5,0.0
1,821300,VOLCANIC_ROCK_VOUCHER_9500,712.0,13.0,0.0,0.0,0.0,0.0,714,13,0.0,0.0,0.0,0.0,713.0,0.0
1,821400,VOLCANIC_ROCK_VOUCHER_9500,710.0,16.0,0.0,0.0,0.0,0.0,712,16,0.0,0.0,0.0,0.0,711.0,0.0
1,821500,VOLCANIC_ROCK_VOUCHER_9500,710.0,14.0,0.0,0.0,0.0,0.0,711,14,0.0,0.0,0.0,0.0,710.5,0.0
1,821600,VOLCANIC_ROCK_VOUCHER_9500,711.0,10.0,0.0,0.0,0.0,0.0,712,10,0.0,0.0,0.0,0.0,711.5,0.0
1,821700,VOLCANIC_ROCK_VOUCHER_9500,710.0,10.0,0.0,0.0,0.0,0.0,711,10,0.0,0.0,0.0,0.0,710.5,0.0
1,821800,VOLCANIC_ROCK_VOUCHER_9500,710.0,11.0,0.0,0.0,0.0,0.0,711,11,0.0,0.0,0.0,0.0,710.5,0.0
1,821900,VOLCANIC_ROCK_VOUCHER_9500,708.0,15.0,0.0,0.0,0.0,0.0,709,15,0.0,0.0,0.0,0.0,708.5,0.0
1,822000,VOLCANIC_ROCK_VOUCHER_9500,705.0,10.0,0.0,0.0,0.0,0.0,706,10,0.0,0.0,0.0,0.0,705.5,0.0
1,822100,VOLCANIC_ROCK_VOUCHER_9500,704.0,16.0,0.0,0.0,0.0,0.0,705,16,0.0,0.0,0.0,0.0,704.5,0.0
1,822200,VOLCANIC_ROCK_VOUCHER_9500,702.0,19.0,0.0,0.0,0.0,0.0,703,19,0.0,0.0,0.0,0.0,702.5,0.0
1,822300,VOLCANIC_ROCK_VOUCHER_9500,708.0,12.0,0.0,0.0,0.0,0.0,709,12,0.0,0.0,0.0,0.0,708.5,0.0
1,822400,VOLCANIC_ROCK_VOUCHER_9500,709.0,14.0,0.0,0.0,0.0,0.0,710,14,0.0,0.0,0.0,0.0,709.5,0.0
1,822500,VOLCANIC_ROCK_VOUCHER_9500,707.0,3.0,0.0,0.0,0.0,0.0,708,16,0.0,0.0,0.0,0.0,707.5,0.0
1,822600,VOLCANIC_ROCK_VOUCHER_9500,705.0,17.0,0.0,0.0,0.0,0.0,706,17,0.0,0.0,0.0,0.0,705.5,0.0
1,822700,VOLCANIC_ROCK_VOUCHER_9500,699.0,13.0,0.0,0.0,0.0,0.0,700,13,0.0,0.0,0.0,0.0,699.5,0.0
1,822800,VOLCANIC_ROCK_VOUCHER_9500,704.0,14.0,0.0,0.0,0.0,0.0,705,14,0.0,0.0,0.0,0.0,704.5,0.0
1,822900,VOLCANIC_ROCK_VOUCHER_9500,706.0,19.0,0.0,0.0,0.0,0.0,708,19,0.0,0.0,0.0,0.0,707.0,0.0
1,823000,VOLCANIC_ROCK_VOUCHER_9500,707.0,20.0,0.0,0.0,0.0,0.0,708,20,0.0,0.0,0.0,0.0,707.5,0.0
1,823100,VOLCANIC_ROCK_VOUCHER_9500,708.0,12.0,0.0,0.0,0.0,0.0,710,12,0.0,0.0,0.0,0.0,709.0,0.0
1,823200,VOLCANIC_ROCK_VOUCHER_9500,708.0,22.0,0.0,0.0,0.0,0.0,710,22,0.0,0.0,0.0,0.0,709.0,0.0
1,823300,VOLCANIC_ROCK_VOUCHER_9500,709.0,19.0,0.0,0.0,0.0,0.0,710,19,0.0,0.0,0.0,0.0,709.5,0.0
1,823400,VOLCANIC_ROCK_VOUCHER_9500,709.0,15.0,0.0,0.0,0.0,0.0,710,15,0.0,0.0,0.0,0.0,709.5,0.0
1,823500,VOLCANIC_ROCK_VOUCHER_9500,710.0,8.0,0.0,0.0,0.0,0.0,711,19,0.0,0.0,0.0,0.0,710.5,0.0
1,823600,VOLCANIC_ROCK_VOUCHER_9500,714.0,16.0,0.0,0.0,0.0,0.0,715,16,0.0,0.0,0.0,0.0,714.5,0.0
1,823700,VOLCANIC_ROCK_VOUCHER_9500,716.0,22.0,0.0,0.0,0.0,0.0,717,22,0.0,0.0,0.0,0.0,716.5,0.0
1,823800,VOLCANIC_ROCK_VOUCHER_9500,715.0,18.0,0.0,0.0,0.0,0.0,716,18,0.0,0.0,0.0,0.0,715.5,0.0
1,823900,VOLCANIC_ROCK_VOUCHER_9500,718.0,11.0,0.0,0.0,0.0,0.0,719,11,0.0,0.0,0.0,0.0,718.5,0.0
1,824000,VOLCANIC_ROCK_VOUCHER_9500,714.0,20.0,0.0,0.0,0.0,0.0,715,20,0.0,0.0,0.0,0.0,714.5,0.0
1,824100,VOLCANIC_ROCK_VOUCHER_9500,716.0,19.0,0.0,0.0,0.0,0.0,717,19,0.0,0.0,0.0,0.0,716.5,0.0
1,824200,VOLCANIC_ROCK_VOUCHER_9500,719.0,17.0,0.0,0.0,0.0,0.0,721,17,0.0,0.0,0.0,0.0,720.0,0.0
1,824300,VOLCANIC_ROCK_VOUCHER_9500,725.0,19.0,0.0,0.0,0.0,0.0,726,19,0.0,0.0,0.0,0.0,725.5,0.0
1,824400,VOLCANIC_ROCK_VOUCHER_9500,731.0,16.0,0.0,0.0,0.0,0.0,732,16,0.0,0.0,0.0,0.0,731.5,0.0
1,824500,VOLCANIC_ROCK_VOUCHER_9500,739.0,1.0,0.0,0.0,0.0,0.0,740,20,0.0,0.0,0.0,0.0,739.5,0.0
1,824600,VOLCANIC_ROCK_VOUCHER_9500,733.0,9.0,0.0,0.0,0.0,0.0,734,22,0.0,0.0,0.0,0.0,733.5,0.0
1,824700,VOLCANIC_ROCK_VOUCHER_9500,0.0,0.0,0.0,0.0,0.0,0.0,730,9,731.0,10.0,0.0,0.0,730.0,0.0
1,824800,VOLCANIC_ROCK_VOUCHER_9500,732.0,10.0,0.0,0.0,0.0,0.0,733,10,0.0,0.0,0.0,0.0,732.5,0.0
1,824900,VOLCANIC_ROCK_VOUCHER_9500,734.0,21.0,0.0,0.0,0.0,0.0,735,21,0.0,0.0,0.0,0.0,734.5,0.0
1,825000,VOLCANIC_ROCK_VOUCHER_9500,734.0,15.0,0.0,0.0,0.0,0.0,735,15,0.0,0.0,0.0,0.0,734.5,0.0
1,825100,VOLCANIC_ROCK_VOUCHER_9500,728.0,14.0,0.0,0.0,0.0,0.0,730,14,0.0,0.0,0.0,0.0,729.0,0.0
1,825200,VOLCANIC_ROCK_VOUCHER_9500,728.0,25.0,0.0,0.0,0.0,0.0,730,10,0.0,0.0,0.0,0.0,729.0,0.0
1,825300,VOLCANIC_ROCK_VOUCHER_9500,731.0,18.0,0.0,0.0,0.0,0.0,732,2,733.0,16.0,0.0,0.0,731.5,0.0
1,825400,VOLCANIC_ROCK_VOUCHER_9500,732.0,13.0,0.0,0.0,0.0,0.0,733,13,0.0,0.0,0.0,0.0,732.5,0.0
1,825500,VOLCANIC_ROCK_VOUCHER_9500,731.0,14.0,0.0,0.0,0.0,0.0,732,14,0.0,0.0,0.0,0.0,731.5,0.0
1,825600,VOLCANIC_ROCK_VOUCHER_9500,735.0,15.0,0.0,0.0,0.0,0.0,737,15,0.0,0.0,0.0,0.0,736.0,0.0
1,825700,VOLCANIC_ROCK_VOUCHER_9500,739.0,20.0,0.0,0.0,0.0,0.0,740,20,0.0,0.0,0.0,0.0,739.5,0.0
1,825800,VOLCANIC_ROCK_VOUCHER_9500,736.0,16.0,0.0,0.0,0.0,0.0,737,16,0.0,0.0,0.0,0.0,736.5,0.0
1,825900,VOLCANIC_ROCK_VOUCHER_9500,744.0,18.0,0.0,0.0,0.0,0.0,745,18,0.0,0.0,0.0,0.0,744.5,0.0
1,826000,VOLCANIC_ROCK_VOUCHER_9500,741.0,16.0,0.0,0.0,0.0,0.0,742,16,0.0,0.0,0.0,0.0,741.5,0.0
1,826100,VOLCANIC_ROCK_VOUCHER_9500,744.0,15.0,0.0,0.0,0.0,0.0,745,15,0.0,0.0,0.0,0.0,744.5,0.0
1,826200,VOLCANIC_ROCK_VOUCHER_9500,739.0,1.0,738.0,13.0,0.0,0.0,740,14,0.0,0.0,0.0,0.0,739.5,0.0
1,826300,VOLCANIC_ROCK_VOUCHER_9500,734.0,13.0,0.0,0.0,0.0,0.0,735,13,0.0,0.0,0.0,0.0,734.5,0.0
1,826400,VOLCANIC_ROCK_VOUCHER_9500,731.0,10.0,0.0,0.0,0.0,0.0,732,10,0.0,0.0,0.0,0.0,731.5,0.0
1,826500,VOLCANIC_ROCK_VOUCHER_9500,0.0,0.0,0.0,0.0,0.0,0.0,730,12,0.0,0.0,0.0,0.0,730.0,0.0
1,826600,VOLCANIC_ROCK_VOUCHER_9500,729.0,12.0,0.0,0.0,0.0,0.0,730,12,0.0,0.0,0.0,0.0,729.5,0.0
1,826700,VOLCANIC_ROCK_VOUCHER_9500,729.0,12.0,0.0,0.0,0.0,0.0,730,12,0.0,0.0,0.0,0.0,729.5,0.0
1,826800,VOLCANIC_ROCK_VOUCHER_9500,732.0,14.0,0.0,0.0,0.0,0.0,733,14,0.0,0.0,0.0,0.0,732.5,0.0
1,826900,VOLCANIC_ROCK_VOUCHER_9500,737.0,14.0,0.0,0.0,0.0,0.0,738,14,0.0,0.0,0.0,0.0,737.5,0.0
1,827000,VOLCANIC_ROCK_VOUCHER_9500,733.0,21.0,0.0,0.0,0.0,0.0,734,21,0.0,0.0,0.0,0.0,733.5,0.0
1,827100,VOLCANIC_ROCK_VOUCHER_9500,734.0,33.0,0.0,0.0,0.0,0.0,735,21,0.0,0.0,0.0,0.0,734.5,0.0
1,827200,VOLCANIC_ROCK_VOUCHER_9500,733.0,14.0,0.0,0.0,0.0,0.0,735,14,0.0,0.0,0.0,0.0,734.0,0.0
1,827300,VOLCANIC_ROCK_VOUCHER_9500,732.0,19.0,0.0,0.0,0.0,0.0,733,19,0.0,0.0,0.0,0.0,732.5,0.0
1,827400,VOLCANIC_ROCK_VOUCHER_9500,730.0,16.0,0.0,0.0,0.0,0.0,731,16,0.0,0.0,0.0,0.0,730.5,0.0
1,827500,VOLCANIC_ROCK_VOUCHER_9500,730.0,20.0,0.0,0.0,0.0,0.0,731,20,0.0,0.0,0.0,0.0,730.5,0.0
1,827600,VOLCANIC_ROCK_VOUCHER_9500,732.0,18.0,0.0,0.0,0.0,0.0,733,18,0.0,0.0,0.0,0.0,732.5,0.0
1,827700,VOLCANIC_ROCK_VOUCHER_9500,733.0,21.0,0.0,0.0,0.0,0.0,734,21,0.0,0.0,0.0,0.0,733.5,0.0
1,827800,VOLCANIC_ROCK_VOUCHER_9500,728.0,21.0,0.0,0.0,0.0,0.0,729,21,0.0,0.0,0.0,0.0,728.5,0.0
1,827900,VOLCANIC_ROCK_VOUCHER_9500,728.0,11.0,0.0,0.0,0.0,0.0,729,11,0.0,0.0,0.0,0.0,728.5,0.0
1,828000,VOLCANIC_ROCK_VOUCHER_9500,725.0,16.0,0.0,0.0,0.0,0.0,726,16,0.0,0.0,0.0,0.0,725.5,0.0
1,828100,VOLCANIC_ROCK_VOUCHER_9500,728.0,16.0,0.0,0.0,0.0,0.0,729,16,0.0,0.0,0.0,0.0,728.5,0.0
1,828200,VOLCANIC_ROCK_VOUCHER_9500,731.0,19.0,0.0,0.0,0.0,0.0,732,19,0.0,0.0,0.0,0.0,731.5,0.0
1,828300,VOLCANIC_ROCK_VOUCHER_9500,727.0,14.0,0.0,0.0,0.0,0.0,729,14,0.0,0.0,0.0,0.0,728.0,0.0
1,828400,VOLCANIC_ROCK_VOUCHER_9500,717.0,14.0,0.0,0.0,0.0,0.0,718,14,0.0,0.0,0.0,0.0,717.5,0.0
1,828500,VOLCANIC_ROCK_VOUCHER_9500,707.0,20.0,0.0,0.0,0.0,0.0,708,20,0.0,0.0,0.0,0.0,707.5,0.0
1,828600,VOLCANIC_ROCK_VOUCHER_9500,705.0,19.0,0.0,0.0,0.0,0.0,706,19,0.0,0.0,0.0,0.0,705.5,0.0
1,828700,VOLCANIC_ROCK_VOUCHER_9500,703.0,19.0,0.0,0.0,0.0,0.0,704,19,0.0,0.0,0.0,0.0,703.5,0.0
1,828800,VOLCANIC_ROCK_VOUCHER_9500,703.0,20.0,0.0,0.0,0.0,0.0,704,20,0.0,0.0,0.0,0.0,703.5,0.0
1,828900,VOLCANIC_ROCK_VOUCHER_9500,701.0,18.0,0.0,0.0,0.0,0.0,702,18,0.0,0.0,0.0,0.0,701.5,0.0
1,829000,VOLCANIC_ROCK_VOUCHER_9500,695.0,11.0,0.0,0.0,0.0,0.0,696,11,0.0,0.0,0.0,0.0,695.5,0.0
1,829100,VOLCANIC_ROCK_VOUCHER_9500,688.0,20.0,0.0,0.0,0.0,0.0,689,20,0.0,0.0,0.0,0.0,688.5,0.0
1,829200,VOLCANIC_ROCK_VOUCHER_9500,687.0,17.0,0.0,0.0,0.0,0.0,689,17,0.0,0.0,0.0,0.0,688.0,0.0
1,829300,VOLCANIC_ROCK_VOUCHER_9500,689.0,19.0,0.0,0.0,0.0,0.0,690,19,0.0,0.0,0.0,0.0,689.5,0.0
1,829400,VOLCANIC_ROCK_VOUCHER_9500,694.0,16.0,0.0,0.0,0.0,0.0,695,16,0.0,0.0,0.0,0.0,694.5,0.0
1,829500,VOLCANIC_ROCK_VOUCHER_9500,689.0,21.0,0.0,0.0,0.0,0.0,690,21,0.0,0.0,0.0,0.0,689.5,0.0
1,829600,VOLCANIC_ROCK_VOUCHER_9500,687.0,16.0,0.0,0.0,0.0,0.0,688,16,0.0,0.0,0.0,0.0,687.5,0.0
1,829700,VOLCANIC_ROCK_VOUCHER_9500,683.0,11.0,0.0,0.0,0.0,0.0,685,11,0.0,0.0,0.0,0.0,684.0,0.0
1,829800,VOLCANIC_ROCK_VOUCHER_9500,687.0,18.0,0.0,0.0,0.0,0.0,688,18,0.0,0.0,0.0,0.0,687.5,0.0
1,829900,VOLCANIC_ROCK_VOUCHER_9500,686.0,20.0,0.0,0.0,0.0,0.0,687,20,0.0,0.0,0.0,0.0,686.5,0.0
1,830000,VOLCANIC_ROCK_VOUCHER_9500,689.0,16.0,0.0,0.0,0.0,0.0,690,16,0.0,0.0,0.0,0.0,689.5,0.0
1,830100,VOLCANIC_ROCK_VOUCHER_9500,687.0,11.0,0.0,0.0,0.0,0.0,688,11,0.0,0.0,0.0,0.0,687.5,0.0
1,830200,VOLCANIC_ROCK_VOUCHER_9500,693.0,21.0,0.0,0.0,0.0,0.0,694,21,0.0,0.0,0.0,0.0,693.5,0.0
1,830300,VOLCANIC_ROCK_VOUCHER_9500,701.0,21.0,0.0,0.0,0.0,0.0,702,21,0.0,0.0,0.0,0.0,701.5,0.0
1,830400,VOLCANIC_ROCK_VOUCHER_9500,696.0,16.0,0.0,0.0,0.0,0.0,697,16,0.0,0.0,0.0,0.0,696.5,0.0
1,830500,VOLCANIC_ROCK_VOUCHER_9500,697.0,16.0,0.0,0.0,0.0,0.0,698,16,0.0,0.0,0.0,0.0,697.5,0.0
1,830600,VOLCANIC_ROCK_VOUCHER_9500,699.0,10.0,0.0,0.0,0.0,0.0,700,10,0.0,0.0,0.0,0.0,699.5,0.0
1,830700,VOLCANIC_ROCK_VOUCHER_9500,700.0,16.0,0.0,0.0,0.0,0.0,701,16,0.0,0.0,0.0,0.0,700.5,0.0
1,830800,VOLCANIC_ROCK_VOUCHER_9500,701.0,6.0,0.0,0.0,0.0,0.0,702,15,0.0,0.0,0.0,0.0,701.5,0.0
1,830900,VOLCANIC_ROCK_VOUCHER_9500,696.0,13.0,0.0,0.0,0.0,0.0,697,13,0.0,0.0,0.0,0.0,696.5,0.0
1,831000,VOLCANIC_ROCK_VOUCHER_9500,696.0,11.0,0.0,0.0,0.0,0.0,698,11,0.0,0.0,0.0,0.0,697.0,0.0
1,831100,VOLCANIC_ROCK_VOUCHER_9500,691.0,30.0,0.0,0.0,0.0,0.0,692,13,0.0,0.0,0.0,0.0,691.5,0.0
1,831200,VOLCANIC_ROCK_VOUCHER_9500,693.0,21.0,0.0,0.0,0.0,0.0,694,21,0.0,0.0,0.0,0.0,693.5,0.0
1,831300,VOLCANIC_ROCK_VOUCHER_9500,693.0,18.0,0.0,0.0,0.0,0.0,694,18,0.0,0.0,0.0,0.0,693.5,0.0
1,831400,VOLCANIC_ROCK_VOUCHER_9500,691.0,19.0,0.0,0.0,0.0,0.0,692,19,0.0,0.0,0.0,0.0,691.5,0.0
1,831500,VOLCANIC_ROCK_VOUCHER_9500,692.0,21.0,0.0,0.0,0.0,0.0,693,21,0.0,0.0,0.0,0.0,692.5,0.0
1,831600,VOLCANIC_ROCK_VOUCHER_9500,693.0,15.0,0.0,0.0,0.0,0.0,694,15,0.0,0.0,0.0,0.0,693.5,0.0
1,831700,VOLCANIC_ROCK_VOUCHER_9500,692.0,16.0,691.0,17.0,0.0,0.0,693,17,0.0,0.0,0.0,0.0,692.5,0.0
1,831800,VOLCANIC_ROCK_VOUCHER_9500,691.0,14.0,0.0,0.0,0.0,0.0,692,14,0.0,0.0,0.0,0.0,691.5,0.0
1,831900,VOLCANIC_ROCK_VOUCHER_9500,694.0,20.0,0.0,0.0,0.0,0.0,696,20,0.0,0.0,0.0,0.0,695.0,0.0
1,832000,VOLCANIC_ROCK_VOUCHER_9500,692.0,13.0,0.0,0.0,0.0,0.0,693,13,0.0,0.0,0.0,0.0,692.5,0.0
1,832100,VOLCANIC_ROCK_VOUCHER_9500,689.0,22.0,0.0,0.0,0.0,0.0,690,22,0.0,0.0,0.0,0.0,689.5,0.0
1,832200,VOLCANIC_ROCK_VOUCHER_9500,690.0,18.0,0.0,0.0,0.0,0.0,691,18,0.0,0.0,0.0,0.0,690.5,0.0
1,832300,VOLCANIC_ROCK_VOUCHER_9500,687.0,17.0,0.0,0.0,0.0,0.0,688,17,0.0,0.0,0.0,0.0,687.5,0.0
1,832400,VOLCANIC_ROCK_VOUCHER_9500,682.0,12.0,0.0,0.0,0.0,0.0,683,12,0.0,0.0,0.0,0.0,682.5,0.0
1,832500,VOLCANIC_ROCK_VOUCHER_9500,682.0,18.0,0.0,0.0,0.0,0.0,683,18,0.0,0.0,0.0,0.0,682.5,0.0
1,832600,VOLCANIC_ROCK_VOUCHER_9500,689.0,14.0,0.0,0.0,0.0,0.0,690,14,0.0,0.0,0.0,0.0,689.5,0.0
1,832700,VOLCANIC_ROCK_VOUCHER_9500,693.0,16.0,0.0,0.0,0.0,0.0,694,16,0.0,0.0,0.0,0.0,693.5,0.0
1,832800,VOLCANIC_ROCK_VOUCHER_9500,689.0,13.0,0.0,0.0,0.0,0.0,690,13,0.0,0.0,0.0,0.0,689.5,0.0
1,832900,VOLCANIC_ROCK_VOUCHER_9500,684.0,14.0,0.0,0.0,0.0,0.0,685,14,0.0,0.0,0.0,0.0,684.5,0.0
1,833000,VOLCANIC_ROCK_VOUCHER_9500,686.0,27.0,0.0,0.0,0.0,0.0,687,11,0.0,0.0,0.0,0.0,686.5,0.0
1,833100,VOLCANIC_ROCK_VOUCHER_9500,686.0,18.0,0.0,0.0,0.0,0.0,687,18,0.0,0.0,0.0,0.0,686.5,0.0
1,833200,VOLCANIC_ROCK_VOUCHER_9500,685.0,13.0,0.0,0.0,0.0,0.0,686,13,0.0,0.0,0.0,0.0,685.5,0.0
1,833300,VOLCANIC_ROCK_VOUCHER_9500,683.0,14.0,0.0,0.0,0.0,0.0,684,14,0.0,0.0,0.0,0.0,683.5,0.0
1,833400,VOLCANIC_ROCK_VOUCHER_9500,686.0,18.0,0.0,0.0,0.0,0.0,687,18,0.0,0.0,0.0,0.0,686.5,0.0
1,833500,VOLCANIC_ROCK_VOUCHER_9500,684.0,19.0,0.0,0.0,0.0,0.0,685,19,0.0,0.0,0.0,0.0,684.5,0.0
1,833600,VOLCANIC_ROCK_VOUCHER_9500,677.0,22.0,0.0,0.0,0.0,0.0,679,22,0.0,0.0,0.0,0.0,678.0,0.0
1,833700,VOLCANIC_ROCK_VOUCHER_9500,676.0,12.0,0.0,0.0,0.0,0.0,677,12,0.0,0.0,0.0,0.0,676.5,0.0
1,833800,VOLCANIC_ROCK_VOUCHER_9500,670.0,19.0,0.0,0.0,0.0,0.0,671,19,0.0,0.0,0.0,0.0,670.5,0.0
1,833900,VOLCANIC_ROCK_VOUCHER_9500,0.0,0.0,0.0,0.0,0.0,0.0,670,20,0.0,0.0,0.0,0.0,670.0,0.0
1,834000,VOLCANIC_ROCK_VOUCHER_9500,678.0,16.0,0.0,0.0,0.0,0.0,679,16,0.0,0.0,0.0,0.0,678.5,0.0
1,834100,VOLCANIC_ROCK_VOUCHER_9500,678.0,21.0,0.0,0.0,0.0,0.0,679,21,0.0,0.0,0.0,0.0,678.5,0.0
1,834200,VOLCANIC_ROCK_VOUCHER_9500,682.0,20.0,0.0,0.0,0.0,0.0,683,20,0.0,0.0,0.0,0.0,682.5,0.0
1,834300,VOLCANIC_ROCK_VOUCHER_9500,688.0,18.0,0.0,0.0,0.0,0.0,689,18,0.0,0.0,0.0,0.0,688.5,0.0
1,834400,VOLCANIC_ROCK_VOUCHER_9500,682.0,14.0,0.0,0.0,0.0,0.0,683,14,0.0,0.0,0.0,0.0,682.5,0.0
1,834500,VOLCANIC_ROCK_VOUCHER_9500,678.0,3.0,0.0,0.0,0.0,0.0,679,21,0.0,0.0,0.0,0.0,678.5,0.0
1,834600,VOLCANIC_ROCK_VOUCHER_9500,676.0,14.0,0.0,0.0,0.0,0.0,677,14,0.0,0.0,0.0,0.0,676.5,0.0
1,834700,VOLCANIC_ROCK_VOUCHER_9500,674.0,7.0,0.0,0.0,0.0,0.0,675,20,0.0,0.0,0.0,0.0,674.5,0.0
1,834800,VOLCANIC_ROCK_VOUCHER_9500,684.0,18.0,0.0,0.0,0.0,0.0,685,18,0.0,0.0,0.0,0.0,684.5,0.0
1,834900,VOLCANIC_ROCK_VOUCHER_9500,690.0,18.0,0.0,0.0,0.0,0.0,691,18,0.0,0.0,0.0,0.0,690.5,0.0
1,835000,VOLCANIC_ROCK_VOUCHER_9500,0.0,0.0,0.0,0.0,0.0,0.0,687,7,688.0,12.0,0.0,0.0,687.0,0.0
1,835100,VOLCANIC_ROCK_VOUCHER_9500,689.0,12.0,0.0,0.0,0.0,0.0,690,12,0.0,0.0,0.0,0.0,689.5,0.0
1,835200,VOLCANIC_ROCK_VOUCHER_9500,689.0,18.0,0.0,0.0,0.0,0.0,690,18,0.0,0.0,0.0,0.0,689.5,0.0
1,835300,VOLCANIC_ROCK_VOUCHER_9500,687.0,4.0,0.0,0.0,0.0,0.0,688,17,0.0,0.0,0.0,0.0,687.5,0.0
1,835400,VOLCANIC_ROCK_VOUCHER_9500,685.0,13.0,0.0,0.0,0.0,0.0,686,13,0.0,0.0,0.0,0.0,685.5,0.0
1,835500,VOLCANIC_ROCK_VOUCHER_9500,686.0,12.0,0.0,0.0,0.0,0.0,687,12,0.0,0.0,0.0,0.0,686.5,0.0
1,835600,VOLCANIC_ROCK_VOUCHER_9500,690.0,21.0,0.0,0.0,0.0,0.0,691,21,0.0,0.0,0.0,0.0,690.5,0.0
1,835700,VOLCANIC_ROCK_VOUCHER_9500,689.0,12.0,0.0,0.0,0.0,0.0,690,12,0.0,0.0,0.0,0.0,689.5,0.0
1,835800,VOLCANIC_ROCK_VOUCHER_9500,685.0,14.0,0.0,0.0,0.0,0.0,686,14,0.0,0.0,0.0,0.0,685.5,0.0
1,835900,VOLCANIC_ROCK_VOUCHER_9500,683.0,34.0,0.0,0.0,0.0,0.0,684,19,0.0,0.0,0.0,0.0,683.5,0.0
1,836000,VOLCANIC_ROCK_VOUCHER_9500,681.0,20.0,0.0,0.0,0.0,0.0,682,20,0.0,0.0,0.0,0.0,681.5,0.0
1,836100,VOLCANIC_ROCK_VOUCHER_9500,678.0,17.0,0.0,0.0,0.0,0.0,679,17,0.0,0.0,0.0,0.0,678.5,0.0
1,836200,VOLCANIC_ROCK_VOUCHER_9500,681.0,12.0,0.0,0.0,0.0,0.0,683,12,0.0,0.0,0.0,0.0,682.0,0.0
1,836300,VOLCANIC_ROCK_VOUCHER_9500,680.0,16.0,0.0,0.0,0.0,0.0,681,16,0.0,0.0,0.0,0.0,680.5,0.0
1,836400,VOLCANIC_ROCK_VOUCHER_9500,680.0,15.0,0.0,0.0,0.0,0.0,681,15,0.0,0.0,0.0,0.0,680.5,0.0
1,836500,VOLCANIC_ROCK_VOUCHER_9500,675.0,20.0,0.0,0.0,0.0,0.0,676,20,0.0,0.0,0.0,0.0,675.5,0.0
1,836600,VOLCANIC_ROCK_VOUCHER_9500,677.0,18.0,0.0,0.0,0.0,0.0,678,18,0.0,0.0,0.0,0.0,677.5,0.0
1,836700,VOLCANIC_ROCK_VOUCHER_9500,676.0,4.0,0.0,0.0,0.0,0.0,678,18,0.0,0.0,0.0,0.0,677.0,0.0
1,836800,VOLCANIC_ROCK_VOUCHER_9500,681.0,19.0,0.0,0.0,0.0,0.0,682,19,0.0,0.0,0.0,0.0,681.5,0.0
1,836900,VOLCANIC_ROCK_VOUCHER_9500,678.0,13.0,0.0,0.0,0.0,0.0,679,13,0.0,0.0,0.0,0.0,678.5,0.0
1,837000,VOLCANIC_ROCK_VOUCHER_9500,675.0,11.0,0.0,0.0,0.0,0.0,677,11,0.0,0.0,0.0,0.0,676.0,0.0
1,837100,VOLCANIC_ROCK_VOUCHER_9500,678.0,12.0,0.0,0.0,0.0,0.0,679,12,0.0,0.0,0.0,0.0,678.5,0.0
1,837200,VOLCANIC_ROCK_VOUCHER_9500,678.0,2.0,677.0,19.0,0.0,0.0,679,21,0.0,0.0,0.0,0.0,678.5,0.0
1,837300,VOLCANIC_ROCK_VOUCHER_9500,678.0,5.0,0.0,0.0,0.0,0.0,679,17,0.0,0.0,0.0,0.0,678.5,0.0
1,837400,VOLCANIC_ROCK_VOUCHER_9500,684.0,31.0,0.0,0.0,0.0,0.0,685,21,0.0,0.0,0.0,0.0,684.5,0.0
1,837500,VOLCANIC_ROCK_VOUCHER_9500,690.0,14.0,0.0,0.0,0.0,0.0,691,14,0.0,0.0,0.0,0.0,690.5,0.0
1,837600,VOLCANIC_ROCK_VOUCHER_9500,687.0,21.0,0.0,0.0,0.0,0.0,688,21,0.0,0.0,0.0,0.0,687.5,0.0
1,837700,VOLCANIC_ROCK_VOUCHER_9500,690.0,13.0,0.0,0.0,0.0,0.0,691,13,0.0,0.0,0.0,0.0,690.5,0.0
1,837800,VOLCANIC_ROCK_VOUCHER_9500,687.0,12.0,0.0,0.0,0.0,0.0,688,12,0.0,0.0,0.0,0.0,687.5,0.0
1,837900,VOLCANIC_ROCK_VOUCHER_9500,689.0,15.0,0.0,0.0,0.0,0.0,690,15,0.0,0.0,0.0,0.0,689.5,0.0
1,838000,VOLCANIC_ROCK_VOUCHER_9500,693.0,13.0,0.0,0.0,0.0,0.0,694,13,0.0,0.0,0.0,0.0,693.5,0.0
1,838100,VOLCANIC_ROCK_VOUCHER_9500,691.0,15.0,0.0,0.0,0.0,0.0,692,15,0.0,0.0,0.0,0.0,691.5,0.0
1,838200,VOLCANIC_ROCK_VOUCHER_9500,694.0,17.0,0.0,0.0,0.0,0.0,695,17,0.0,0.0,0.0,0.0,694.5,0.0
1,838300,VOLCANIC_ROCK_VOUCHER_9500,700.0,20.0,0.0,0.0,0.0,0.0,701,20,0.0,0.0,0.0,0.0,700.5,0.0
1,838400,VOLCANIC_ROCK_VOUCHER_9500,699.0,14.0,0.0,0.0,0.0,0.0,701,14,0.0,0.0,0.0,0.0,700.0,0.0
1,838500,VOLCANIC_ROCK_VOUCHER_9500,700.0,21.0,0.0,0.0,0.0,0.0,702,21,0.0,0.0,0.0,0.0,701.0,0.0
1,838600,VOLCANIC_ROCK_VOUCHER_9500,705.0,12.0,0.0,0.0,0.0,0.0,706,12,0.0,0.0,0.0,0.0,705.5,0.0
1,838700,VOLCANIC_ROCK_VOUCHER_9500,707.0,18.0,0.0,0.0,0.0,0.0,708,18,0.0,0.0,0.0,0.0,707.5,0.0
1,838800,VOLCANIC_ROCK_VOUCHER_9500,704.0,35.0,0.0,0.0,0.0,0.0,705,15,0.0,0.0,0.0,0.0,704.5,0.0
1,838900,VOLCANIC_ROCK_VOUCHER_9500,701.0,17.0,0.0,0.0,0.0,0.0,702,17,0.0,0.0,0.0,0.0,701.5,0.0
1,839000,VOLCANIC_ROCK_VOUCHER_9500,703.0,14.0,0.0,0.0,0.0,0.0,704,14,0.0,0.0,0.0,0.0,703.5,0.0
1,839100,VOLCANIC_ROCK_VOUCHER_9500,704.0,16.0,0.0,0.0,0.0,0.0,705,16,0.0,0.0,0.0,0.0,704.5,0.0
1,839200,VOLCANIC_ROCK_VOUCHER_9500,706.0,17.0,0.0,0.0,0.0,0.0,707,17,0.0,0.0,0.0,0.0,706.5,0.0
1,839300,VOLCANIC_ROCK_VOUCHER_9500,707.0,20.0,0.0,0.0,0.0,0.0,708,20,0.0,0.0,0.0,0.0,707.5,0.0
1,839400,VOLCANIC_ROCK_VOUCHER_9500,702.0,11.0,0.0,0.0,0.0,0.0,703,11,0.0,0.0,0.0,0.0,702.5,0.0
1,839500,VOLCANIC_ROCK_VOUCHER_9500,705.0,13.0,0.0,0.0,0.0,0.0,707,13,0.0,0.0,0.0,0.0,706.0,0.0
1,839600,VOLCANIC_ROCK_VOUCHER_9500,700.0,10.0,0.0,0.0,0.0,0.0,701,10,0.0,0.0,0.0,0.0,700.5,0.0
1,839700,VOLCANIC_ROCK_VOUCHER_9500,703.0,13.0,0.0,0.0,0.0,0.0,704,13,0.0,0.0,0.0,0.0,703.5,0.0
1,839800,VOLCANIC_ROCK_VOUCHER_9500,0.0,0.0,0.0,0.0,0.0,0.0,703,1,704.0,16.0,0.0,0.0,703.0,0.0
1,839900,VOLCANIC_ROCK_VOUCHER_9500,705.0,12.0,0.0,0.0,0.0,0.0,706,12,0.0,0.0,0.0,0.0,705.5,0.0
1,840000,VOLCANIC_ROCK_VOUCHER_9500,706.0,18.0,0.0,0.0,0.0,0.0,707,18,0.0,0.0,0.0,0.0,706.5,0.0
1,840100,VOLCANIC_ROCK_VOUCHER_9500,703.0,14.0,0.0,0.0,0.0,0.0,704,14,0.0,0.0,0.0,0.0,703.5,0.0
1,840200,VOLCANIC_ROCK_VOUCHER_9500,702.0,17.0,0.0,0.0,0.0,0.0,703,17,0.0,0.0,0.0,0.0,702.5,0.0
1,840300,VOLCANIC_ROCK_VOUCHER_9500,705.0,13.0,0.0,0.0,0.0,0.0,706,13,0.0,0.0,0.0,0.0,705.5,0.0
1,840400,VOLCANIC_ROCK_VOUCHER_9500,712.0,13.0,0.0,0.0,0.0,0.0,714,13,0.0,0.0,0.0,0.0,713.0,0.0
1,840500,VOLCANIC_ROCK_VOUCHER_9500,712.0,22.0,0.0,0.0,0.0,0.0,714,22,0.0,0.0,0.0,0.0,713.0,0.0
1,840600,VOLCANIC_ROCK_VOUCHER_9500,713.0,12.0,0.0,0.0,0.0,0.0,714,12,0.0,0.0,0.0,0.0,713.5,0.0
1,840700,VOLCANIC_ROCK_VOUCHER_9500,717.0,16.0,0.0,0.0,0.0,0.0,718,16,0.0,0.0,0.0,0.0,717.5,0.0
1,840800,VOLCANIC_ROCK_VOUCHER_9500,716.0,19.0,0.0,0.0,0.0,0.0,717,19,0.0,0.0,0.0,0.0,716.5,0.0
1,840900,VOLCANIC_ROCK_VOUCHER_9500,717.0,11.0,0.0,0.0,0.0,0.0,718,11,0.0,0.0,0.0,0.0,717.5,0.0
1,841000,VOLCANIC_ROCK_VOUCHER_9500,712.0,16.0,0.0,0.0,0.0,0.0,713,16,0.0,0.0,0.0,0.0,712.5,0.0
1,841100,VOLCANIC_ROCK_VOUCHER_9500,715.0,11.0,0.0,0.0,0.0,0.0,716,11,0.0,0.0,0.0,0.0,715.5,0.0
1,841200,VOLCANIC_ROCK_VOUCHER_9500,714.0,18.0,0.0,0.0,0.0,0.0,715,18,0.0,0.0,0.0,0.0,714.5,0.0
1,841300,VOLCANIC_ROCK_VOUCHER_9500,711.0,16.0,0.0,0.0,0.0,0.0,712,16,0.0,0.0,0.0,0.0,711.5,0.0
1,841400,VOLCANIC_ROCK_VOUCHER_9500,709.0,15.0,0.0,0.0,0.0,0.0,710,15,0.0,0.0,0.0,0.0,709.5,0.0
1,841500,VOLCANIC_ROCK_VOUCHER_9500,709.0,15.0,0.0,0.0,0.0,0.0,710,15,0.0,0.0,0.0,0.0,709.5,0.0
1,841600,VOLCANIC_ROCK_VOUCHER_9500,709.0,28.0,0.0,0.0,0.0,0.0,710,17,0.0,0.0,0.0,0.0,709.5,0.0
1,841700,VOLCANIC_ROCK_VOUCHER_9500,708.0,15.0,0.0,0.0,0.0,0.0,709,15,0.0,0.0,0.0,0.0,708.5,0.0
1,841800,VOLCANIC_ROCK_VOUCHER_9500,708.0,14.0,0.0,0.0,0.0,0.0,710,14,0.0,0.0,0.0,0.0,709.0,0.0
1,841900,VOLCANIC_ROCK_VOUCHER_9500,711.0,21.0,0.0,0.0,0.0,0.0,712,21,0.0,0.0,0.0,0.0,711.5,0.0
1,842000,VOLCANIC_ROCK_VOUCHER_9500,709.0,16.0,0.0,0.0,0.0,0.0,710,16,0.0,0.0,0.0,0.0,709.5,0.0
1,842100,VOLCANIC_ROCK_VOUCHER_9500,0.0,0.0,0.0,0.0,0.0,0.0,710,3,711.0,13.0,0.0,0.0,710.0,0.0
1,842200,VOLCANIC_ROCK_VOUCHER_9500,704.0,15.0,0.0,0.0,0.0,0.0,705,15,0.0,0.0,0.0,0.0,704.5,0.0
1,842300,VOLCANIC_ROCK_VOUCHER_9500,698.0,12.0,0.0,0.0,0.0,0.0,699,12,0.0,0.0,0.0,0.0,698.5,0.0
1,842400,VOLCANIC_ROCK_VOUCHER_9500,697.0,15.0,0.0,0.0,0.0,0.0,698,15,0.0,0.0,0.0,0.0,697.5,0.0
1,842500,VOLCANIC_ROCK_VOUCHER_9500,695.0,16.0,0.0,0.0,0.0,0.0,696,16,0.0,0.0,0.0,0.0,695.5,0.0
1,842600,VOLCANIC_ROCK_VOUCHER_9500,696.0,19.0,0.0,0.0,0.0,0.0,697,19,0.0,0.0,0.0,0.0,696.5,0.0
1,842700,VOLCANIC_ROCK_VOUCHER_9500,698.0,20.0,0.0,0.0,0.0,0.0,699,20,0.0,0.0,0.0,0.0,698.5,0.0
1,842800,VOLCANIC_ROCK_VOUCHER_9500,700.0,19.0,0.0,0.0,0.0,0.0,701,19,0.0,0.0,0.0,0.0,700.5,0.0
1,842900,VOLCANIC_ROCK_VOUCHER_9500,694.0,11.0,0.0,0.0,0.0,0.0,695,11,0.0,0.0,0.0,0.0,694.5,0.0
1,843000,VOLCANIC_ROCK_VOUCHER_9500,0.0,0.0,0.0,0.0,0.0,0.0,694,4,695.0,13.0,0.0,0.0,694.0,0.0
1,843100,VOLCANIC_ROCK_VOUCHER_9500,695.0,18.0,0.0,0.0,0.0,0.0,696,18,0.0,0.0,0.0,0.0,695.5,0.0
1,843200,VOLCANIC_ROCK_VOUCHER_9500,696.0,33.0,0.0,0.0,0.0,0.0,697,13,0.0,0.0,0.0,0.0,696.5,0.0
1,843300,VOLCANIC_ROCK_VOUCHER_9500,697.0,20.0,0.0,0.0,0.0,0.0,698,20,0.0,0.0,0.0,0.0,697.5,0.0
1,843400,VOLCANIC_ROCK_VOUCHER_9500,694.0,14.0,0.0,0.0,0.0,0.0,695,14,0.0,0.0,0.0,0.0,694.5,0.0
1,843500,VOLCANIC_ROCK_VOUCHER_9500,700.0,12.0,0.0,0.0,0.0,0.0,701,12,0.0,0.0,0.0,0.0,700.5,0.0
1,843600,VOLCANIC_ROCK_VOUCHER_9500,703.0,16.0,0.0,0.0,0.0,0.0,704,16,0.0,0.0,0.0,0.0,703.5,0.0
1,843700,VOLCANIC_ROCK_VOUCHER_9500,700.0,12.0,0.0,0.0,0.0,0.0,702,12,0.0,0.0,0.0,0.0,701.0,0.0
1,843800,VOLCANIC_ROCK_VOUCHER_9500,701.0,11.0,0.0,0.0,0.0,0.0,702,11,0.0,0.0,0.0,0.0,701.5,0.0
1,843900,VOLCANIC_ROCK_VOUCHER_9500,702.0,17.0,0.0,0.0,0.0,0.0,704,17,0.0,0.0,0.0,0.0,703.0,0.0
1,844000,VOLCANIC_ROCK_VOUCHER_9500,706.0,14.0,0.0,0.0,0.0,0.0,707,14,0.0,0.0,0.0,0.0,706.5,0.0
1,844100,VOLCANIC_ROCK_VOUCHER_9500,706.0,6.0,0.0,0.0,0.0,0.0,707,20,0.0,0.0,0.0,0.0,706.5,0.0
1,844200,VOLCANIC_ROCK_VOUCHER_9500,708.0,13.0,0.0,0.0,0.0,0.0,709,13,0.0,0.0,0.0,0.0,708.5,0.0
1,844300,VOLCANIC_ROCK_VOUCHER_9500,708.0,18.0,0.0,0.0,0.0,0.0,709,18,0.0,0.0,0.0,0.0,708.5,0.0
1,844400,VOLCANIC_ROCK_VOUCHER_9500,709.0,17.0,0.0,0.0,0.0,0.0,710,17,0.0,0.0,0.0,0.0,709.5,0.0
1,844500,VOLCANIC_ROCK_VOUCHER_9500,710.0,15.0,0.0,0.0,0.0,0.0,711,15,0.0,0.0,0.0,0.0,710.5,0.0
1,844600,VOLCANIC_ROCK_VOUCHER_9500,706.0,0.0,0.0,0.0,0.0,0.0,707,19,0.0,0.0,0.0,0.0,706.5,0.0
1,844700,VOLCANIC_ROCK_VOUCHER_9500,710.0,17.0,0.0,0.0,0.0,0.0,711,17,0.0,0.0,0.0,0.0,710.5,0.0
1,844800,VOLCANIC_ROCK_VOUCHER_9500,710.0,14.0,0.0,0.0,0.0,0.0,711,14,0.0,0.0,0.0,0.0,710.5,0.0
1,844900,VOLCANIC_ROCK_VOUCHER_9500,713.0,22.0,0.0,0.0,0.0,0.0,714,22,0.0,0.0,0.0,0.0,713.5,0.0
1,845000,VOLCANIC_ROCK_VOUCHER_9500,714.0,7.0,0.0,0.0,0.0,0.0,715,19,0.0,0.0,0.0,0.0,714.5,0.0
1,845100,VOLCANIC_ROCK_VOUCHER_9500,714.0,20.0,0.0,0.0,0.0,0.0,715,20,0.0,0.0,0.0,0.0,714.5,0.0
1,845200,VOLCANIC_ROCK_VOUCHER_9500,706.0,15.0,0.0,0.0,0.0,0.0,708,15,0.0,0.0,0.0,0.0,707.0,0.0
1,845300,VOLCANIC_ROCK_VOUCHER_9500,708.0,20.0,0.0,0.0,0.0,0.0,709,20,0.0,0.0,0.0,0.0,708.5,0.0
1,845400,VOLCANIC_ROCK_VOUCHER_9500,708.0,14.0,0.0,0.0,0.0,0.0,709,14,0.0,0.0,0.0,0.0,708.5,0.0
1,845500,VOLCANIC_ROCK_VOUCHER_9500,708.0,5.0,0.0,0.0,0.0,0.0,710,16,0.0,0.0,0.0,0.0,709.0,0.0
1,845600,VOLCANIC_ROCK_VOUCHER_9500,709.0,18.0,0.0,0.0,0.0,0.0,710,18,0.0,0.0,0.0,0.0,709.5,0.0
1,845700,VOLCANIC_ROCK_VOUCHER_9500,708.0,10.0,0.0,0.0,0.0,0.0,709,10,0.0,0.0,0.0,0.0,708.5,0.0
1,845800,VOLCANIC_ROCK_VOUCHER_9500,704.0,18.0,0.0,0.0,0.0,0.0,705,18,0.0,0.0,0.0,0.0,704.5,0.0
1,845900,VOLCANIC_ROCK_VOUCHER_9500,710.0,12.0,0.0,0.0,0.0,0.0,711,12,0.0,0.0,0.0,0.0,710.5,0.0
1,846000,VOLCANIC_ROCK_VOUCHER_9500,709.0,20.0,0.0,0.0,0.0,0.0,710,20,0.0,0.0,0.0,0.0,709.5,0.0
1,846100,VOLCANIC_ROCK_VOUCHER_9500,710.0,18.0,0.0,0.0,0.0,0.0,711,18,0.0,0.0,0.0,0.0,710.5,0.0
1,846200,VOLCANIC_ROCK_VOUCHER_9500,715.0,16.0,0.0,0.0,0.0,0.0,717,16,0.0,0.0,0.0,0.0,716.0,0.0
1,846300,VOLCANIC_ROCK_VOUCHER_9500,724.0,11.0,0.0,0.0,0.0,0.0,725,11,0.0,0.0,0.0,0.0,724.5,0.0
1,846400,VOLCANIC_ROCK_VOUCHER_9500,728.0,13.0,0.0,0.0,0.0,0.0,729,13,0.0,0.0,0.0,0.0,728.5,0.0
1,846500,VOLCANIC_ROCK_VOUCHER_9500,725.0,11.0,0.0,0.0,0.0,0.0,726,11,0.0,0.0,0.0,0.0,725.5,0.0
1,846600,VOLCANIC_ROCK_VOUCHER_9500,721.0,17.0,0.0,0.0,0.0,0.0,722,17,0.0,0.0,0.0,0.0,721.5,0.0
1,846700,VOLCANIC_ROCK_VOUCHER_9500,720.0,20.0,0.0,0.0,0.0,0.0,721,20,0.0,0.0,0.0,0.0,720.5,0.0
1,846800,VOLCANIC_ROCK_VOUCHER_9500,722.0,12.0,0.0,0.0,0.0,0.0,724,12,0.0,0.0,0.0,0.0,723.0,0.0
1,846900,VOLCANIC_ROCK_VOUCHER_9500,718.0,17.0,0.0,0.0,0.0,0.0,719,17,0.0,0.0,0.0,0.0,718.5,0.0
1,847000,VOLCANIC_ROCK_VOUCHER_9500,721.0,13.0,0.0,0.0,0.0,0.0,722,13,0.0,0.0,0.0,0.0,721.5,0.0
1,847100,VOLCANIC_ROCK_VOUCHER_9500,722.0,22.0,0.0,0.0,0.0,0.0,723,15,0.0,0.0,0.0,0.0,722.5,0.0
1,847200,VOLCANIC_ROCK_VOUCHER_9500,724.0,17.0,0.0,0.0,0.0,0.0,725,17,0.0,0.0,0.0,0.0,724.5,0.0
1,847300,VOLCANIC_ROCK_VOUCHER_9500,724.0,22.0,0.0,0.0,0.0,0.0,725,22,0.0,0.0,0.0,0.0,724.5,0.0
1,847400,VOLCANIC_ROCK_VOUCHER_9500,725.0,2.0,724.0,10.0,0.0,0.0,726,12,0.0,0.0,0.0,0.0,725.5,0.0
1,847500,VOLCANIC_ROCK_VOUCHER_9500,722.0,14.0,0.0,0.0,0.0,0.0,723,14,0.0,0.0,0.0,0.0,722.5,0.0
1,847600,VOLCANIC_ROCK_VOUCHER_9500,711.0,12.0,0.0,0.0,0.0,0.0,712,12,0.0,0.0,0.0,0.0,711.5,0.0
1,847700,VOLCANIC_ROCK_VOUCHER_9500,711.0,16.0,0.0,0.0,0.0,0.0,712,16,0.0,0.0,0.0,0.0,711.5,0.0
1,847800,VOLCANIC_ROCK_VOUCHER_9500,711.0,33.0,0.0,0.0,0.0,0.0,712,20,0.0,0.0,0.0,0.0,711.5,0.0
1,847900,VOLCANIC_ROCK_VOUCHER_9500,714.0,28.0,0.0,0.0,0.0,0.0,715,15,0.0,0.0,0.0,0.0,714.5,0.0
1,848000,VOLCANIC_ROCK_VOUCHER_9500,714.0,15.0,0.0,0.0,0.0,0.0,715,15,0.0,0.0,0.0,0.0,714.5,0.0
1,848100,VOLCANIC_ROCK_VOUCHER_9500,706.0,33.0,0.0,0.0,0.0,0.0,707,13,0.0,0.0,0.0,0.0,706.5,0.0
1,848200,VOLCANIC_ROCK_VOUCHER_9500,702.0,20.0,0.0,0.0,0.0,0.0,703,20,0.0,0.0,0.0,0.0,702.5,0.0
1,848300,VOLCANIC_ROCK_VOUCHER_9500,700.0,17.0,0.0,0.0,0.0,0.0,702,17,0.0,0.0,0.0,0.0,701.0,0.0
1,848400,VOLCANIC_ROCK_VOUCHER_9500,697.0,27.0,0.0,0.0,0.0,0.0,698,14,0.0,0.0,0.0,0.0,697.5,0.0
1,848500,VOLCANIC_ROCK_VOUCHER_9500,695.0,18.0,0.0,0.0,0.0,0.0,697,18,0.0,0.0,0.0,0.0,696.0,0.0
1,848600,VOLCANIC_ROCK_VOUCHER_9500,697.0,21.0,0.0,0.0,0.0,0.0,698,21,0.0,0.0,0.0,0.0,697.5,0.0
1,848700,VOLCANIC_ROCK_VOUCHER_9500,691.0,21.0,0.0,0.0,0.0,0.0,693,21,0.0,0.0,0.0,0.0,692.0,0.0
1,848800,VOLCANIC_ROCK_VOUCHER_9500,694.0,12.0,0.0,0.0,0.0,0.0,695,12,0.0,0.0,0.0,0.0,694.5,0.0
1,848900,VOLCANIC_ROCK_VOUCHER_9500,697.0,21.0,0.0,0.0,0.0,0.0,698,21,0.0,0.0,0.0,0.0,697.5,0.0
1,849000,VOLCANIC_ROCK_VOUCHER_9500,696.0,19.0,0.0,0.0,0.0,0.0,697,19,0.0,0.0,0.0,0.0,696.5,0.0
1,849100,VOLCANIC_ROCK_VOUCHER_9500,693.0,15.0,0.0,0.0,0.0,0.0,694,15,0.0,0.0,0.0,0.0,693.5,0.0
1,849200,VOLCANIC_ROCK_VOUCHER_9500,694.0,13.0,0.0,0.0,0.0,0.0,695,13,0.0,0.0,0.0,0.0,694.5,0.0
1,849300,VOLCANIC_ROCK_VOUCHER_9500,693.0,14.0,0.0,0.0,0.0,0.0,694,14,0.0,0.0,0.0,0.0,693.5,0.0
1,849400,VOLCANIC_ROCK_VOUCHER_9500,691.0,20.0,0.0,0.0,0.0,0.0,692,20,0.0,0.0,0.0,0.0,691.5,0.0
1,849500,VOLCANIC_ROCK_VOUCHER_9500,0.0,0.0,0.0,0.0,0.0,0.0,690,4,691.0,12.0,0.0,0.0,690.0,0.0
1,849600,VOLCANIC_ROCK_VOUCHER_9500,691.0,11.0,0.0,0.0,0.0,0.0,692,11,0.0,0.0,0.0,0.0,691.5,0.0
1,849700,VOLCANIC_ROCK_VOUCHER_9500,685.0,13.0,0.0,0.0,0.0,0.0,686,13,0.0,0.0,0.0,0.0,685.5,0.0
1,849800,VOLCANIC_ROCK_VOUCHER_9500,683.0,11.0,0.0,0.0,0.0,0.0,684,11,0.0,0.0,0.0,0.0,683.5,0.0
1,849900,VOLCANIC_ROCK_VOUCHER_9500,678.0,11.0,0.0,0.0,0.0,0.0,679,11,0.0,0.0,0.0,0.0,678.5,0.0
1,850000,VOLCANIC_ROCK_VOUCHER_9500,681.0,10.0,0.0,0.0,0.0,0.0,682,10,0.0,0.0,0.0,0.0,681.5,0.0
1,850100,VOLCANIC_ROCK_VOUCHER_9500,683.0,13.0,0.0,0.0,0.0,0.0,685,13,0.0,0.0,0.0,0.0,684.0,0.0
1,850200,VOLCANIC_ROCK_VOUCHER_9500,682.0,12.0,0.0,0.0,0.0,0.0,684,12,0.0,0.0,0.0,0.0,683.0,0.0
1,850300,VOLCANIC_ROCK_VOUCHER_9500,685.0,10.0,0.0,0.0,0.0,0.0,686,10,0.0,0.0,0.0,0.0,685.5,0.0
1,850400,VOLCANIC_ROCK_VOUCHER_9500,687.0,15.0,0.0,0.0,0.0,0.0,688,15,0.0,0.0,0.0,0.0,687.5,0.0
1,850500,VOLCANIC_ROCK_VOUCHER_9500,685.0,12.0,0.0,0.0,0.0,0.0,686,12,0.0,0.0,0.0,0.0,685.5,0.0
1,850600,VOLCANIC_ROCK_VOUCHER_9500,684.0,34.0,0.0,0.0,0.0,0.0,685,18,0.0,0.0,0.0,0.0,684.5,0.0
1,850700,VOLCANIC_ROCK_VOUCHER_9500,682.0,13.0,0.0,0.0,0.0,0.0,683,13,0.0,0.0,0.0,0.0,682.5,0.0
1,850800,VOLCANIC_ROCK_VOUCHER_9500,686.0,13.0,0.0,0.0,0.0,0.0,688,13,0.0,0.0,0.0,0.0,687.0,0.0
1,850900,VOLCANIC_ROCK_VOUCHER_9500,683.0,18.0,0.0,0.0,0.0,0.0,684,18,0.0,0.0,0.0,0.0,683.5,0.0
1,851000,VOLCANIC_ROCK_VOUCHER_9500,684.0,20.0,0.0,0.0,0.0,0.0,685,20,0.0,0.0,0.0,0.0,684.5,0.0
1,851100,VOLCANIC_ROCK_VOUCHER_9500,684.0,17.0,0.0,0.0,0.0,0.0,685,17,0.0,0.0,0.0,0.0,684.5,0.0
1,851200,VOLCANIC_ROCK_VOUCHER_9500,682.0,17.0,0.0,0.0,0.0,0.0,683,17,0.0,0.0,0.0,0.0,682.5,0.0
1,851300,VOLCANIC_ROCK_VOUCHER_9500,683.0,20.0,0.0,0.0,0.0,0.0,684,20,0.0,0.0,0.0,0.0,683.5,0.0
1,851400,VOLCANIC_ROCK_VOUCHER_9500,685.0,12.0,0.0,0.0,0.0,0.0,686,12,0.0,0.0,0.0,0.0,685.5,0.0
1,851500,VOLCANIC_ROCK_VOUCHER_9500,687.0,17.0,0.0,0.0,0.0,0.0,688,17,0.0,0.0,0.0,0.0,687.5,0.0
1,851600,VOLCANIC_ROCK_VOUCHER_9500,684.0,10.0,0.0,0.0,0.0,0.0,686,10,0.0,0.0,0.0,0.0,685.0,0.0
1,851700,VOLCANIC_ROCK_VOUCHER_9500,683.0,21.0,0.0,0.0,0.0,0.0,684,21,0.0,0.0,0.0,0.0,683.5,0.0
1,851800,VOLCANIC_ROCK_VOUCHER_9500,687.0,12.0,0.0,0.0,0.0,0.0,688,12,0.0,0.0,0.0,0.0,687.5,0.0
1,851900,VOLCANIC_ROCK_VOUCHER_9500,686.0,15.0,0.0,0.0,0.0,0.0,687,15,0.0,0.0,0.0,0.0,686.5,0.0
1,852000,VOLCANIC_ROCK_VOUCHER_9500,684.0,16.0,0.0,0.0,0.0,0.0,685,16,0.0,0.0,0.0,0.0,684.5,0.0
1,852100,VOLCANIC_ROCK_VOUCHER_9500,684.0,17.0,0.0,0.0,0.0,0.0,685,12,686.0,18.0,0.0,0.0,684.5,0.0
1,852200,VOLCANIC_ROCK_VOUCHER_9500,682.0,16.0,0.0,0.0,0.0,0.0,683,16,0.0,0.0,0.0,0.0,682.5,0.0
1,852300,VOLCANIC_ROCK_VOUCHER_9500,683.0,18.0,0.0,0.0,0.0,0.0,684,18,0.0,0.0,0.0,0.0,683.5,0.0
1,852400,VOLCANIC_ROCK_VOUCHER_9500,684.0,14.0,0.0,0.0,0.0,0.0,685,14,0.0,0.0,0.0,0.0,684.5,0.0
1,852500,VOLCANIC_ROCK_VOUCHER_9500,685.0,14.0,0.0,0.0,0.0,0.0,686,14,0.0,0.0,0.0,0.0,685.5,0.0
1,852600,VOLCANIC_ROCK_VOUCHER_9500,677.0,15.0,0.0,0.0,0.0,0.0,678,15,0.0,0.0,0.0,0.0,677.5,0.0
1,852700,VOLCANIC_ROCK_VOUCHER_9500,679.0,16.0,0.0,0.0,0.0,0.0,680,16,0.0,0.0,0.0,0.0,679.5,0.0
1,852800,VOLCANIC_ROCK_VOUCHER_9500,679.0,19.0,0.0,0.0,0.0,0.0,680,19,0.0,0.0,0.0,0.0,679.5,0.0
1,852900,VOLCANIC_ROCK_VOUCHER_9500,679.0,12.0,0.0,0.0,0.0,0.0,680,12,0.0,0.0,0.0,0.0,679.5,0.0
1,853000,VOLCANIC_ROCK_VOUCHER_9500,678.0,14.0,0.0,0.0,0.0,0.0,679,14,0.0,0.0,0.0,0.0,678.5,0.0
1,853100,VOLCANIC_ROCK_VOUCHER_9500,676.0,12.0,0.0,0.0,0.0,0.0,678,12,0.0,0.0,0.0,0.0,677.0,0.0
1,853200,VOLCANIC_ROCK_VOUCHER_9500,677.0,19.0,0.0,0.0,0.0,0.0,678,19,0.0,0.0,0.0,0.0,677.5,0.0
1,853300,VOLCANIC_ROCK_VOUCHER_9500,676.0,17.0,0.0,0.0,0.0,0.0,677,17,0.0,0.0,0.0,0.0,676.5,0.0
1,853400,VOLCANIC_ROCK_VOUCHER_9500,671.0,14.0,0.0,0.0,0.0,0.0,672,14,0.0,0.0,0.0,0.0,671.5,0.0
1,853500,VOLCANIC_ROCK_VOUCHER_9500,671.0,18.0,0.0,0.0,0.0,0.0,672,18,0.0,0.0,0.0,0.0,671.5,0.0
1,853600,VOLCANIC_ROCK_VOUCHER_9500,654.0,20.0,0.0,0.0,0.0,0.0,655,20,0.0,0.0,0.0,0.0,654.5,0.0
1,853700,VOLCANIC_ROCK_VOUCHER_9500,660.0,19.0,0.0,0.0,0.0,0.0,661,19,0.0,0.0,0.0,0.0,660.5,0.0
1,853800,VOLCANIC_ROCK_VOUCHER_9500,655.0,16.0,0.0,0.0,0.0,0.0,656,16,0.0,0.0,0.0,0.0,655.5,0.0
1,853900,VOLCANIC_ROCK_VOUCHER_9500,663.0,25.0,0.0,0.0,0.0,0.0,664,11,0.0,0.0,0.0,0.0,663.5,0.0
1,854000,VOLCANIC_ROCK_VOUCHER_9500,661.0,13.0,0.0,0.0,0.0,0.0,663,13,0.0,0.0,0.0,0.0,662.0,0.0
1,854100,VOLCANIC_ROCK_VOUCHER_9500,664.0,12.0,0.0,0.0,0.0,0.0,665,12,0.0,0.0,0.0,0.0,664.5,0.0
1,854200,VOLCANIC_ROCK_VOUCHER_9500,662.0,2.0,0.0,0.0,0.0,0.0,663,15,0.0,0.0,0.0,0.0,662.5,0.0
1,854300,VOLCANIC_ROCK_VOUCHER_9500,660.0,14.0,0.0,0.0,0.0,0.0,662,14,0.0,0.0,0.0,0.0,661.0,0.0
1,854400,VOLCANIC_ROCK_VOUCHER_9500,660.0,15.0,0.0,0.0,0.0,0.0,662,15,0.0,0.0,0.0,0.0,661.0,0.0
1,854500,VOLCANIC_ROCK_VOUCHER_9500,664.0,16.0,0.0,0.0,0.0,0.0,665,16,0.0,0.0,0.0,0.0,664.5,0.0
1,854600,VOLCANIC_ROCK_VOUCHER_9500,0.0,0.0,0.0,0.0,0.0,0.0,666,7,667.0,13.0,0.0,0.0,666.0,0.0
1,854700,VOLCANIC_ROCK_VOUCHER_9500,670.0,14.0,0.0,0.0,0.0,0.0,671,14,0.0,0.0,0.0,0.0,670.5,0.0
1,854800,VOLCANIC_ROCK_VOUCHER_9500,665.0,13.0,0.0,0.0,0.0,0.0,666,13,0.0,0.0,0.0,0.0,665.5,0.0
1,854900,VOLCANIC_ROCK_VOUCHER_9500,664.0,18.0,0.0,0.0,0.0,0.0,665,18,0.0,0.0,0.0,0.0,664.5,0.0
1,855000,VOLCANIC_ROCK_VOUCHER_9500,663.0,18.0,0.0,0.0,0.0,0.0,664,18,0.0,0.0,0.0,0.0,663.5,0.0
1,855100,VOLCANIC_ROCK_VOUCHER_9500,664.0,28.0,0.0,0.0,0.0,0.0,665,12,0.0,0.0,0.0,0.0,664.5,0.0
1,855200,VOLCANIC_ROCK_VOUCHER_9500,665.0,11.0,0.0,0.0,0.0,0.0,666,1,667.0,10.0,0.0,0.0,665.5,0.0
1,855300,VOLCANIC_ROCK_VOUCHER_9500,666.0,15.0,0.0,0.0,0.0,0.0,667,15,0.0,0.0,0.0,0.0,666.5,0.0
1,855400,VOLCANIC_ROCK_VOUCHER_9500,668.0,19.0,0.0,0.0,0.0,0.0,669,19,0.0,0.0,0.0,0.0,668.5,0.0
1,855500,VOLCANIC_ROCK_VOUCHER_9500,672.0,17.0,0.0,0.0,0.0,0.0,673,17,0.0,0.0,0.0,0.0,672.5,0.0
1,855600,VOLCANIC_ROCK_VOUCHER_9500,678.0,15.0,0.0,0.0,0.0,0.0,679,15,0.0,0.0,0.0,0.0,678.5,0.0
1,855700,VOLCANIC_ROCK_VOUCHER_9500,677.0,13.0,0.0,0.0,0.0,0.0,678,13,0.0,0.0,0.0,0.0,677.5,0.0
1,855800,VOLCANIC_ROCK_VOUCHER_9500,679.0,11.0,0.0,0.0,0.0,0.0,681,11,0.0,0.0,0.0,0.0,680.0,0.0
1,855900,VOLCANIC_ROCK_VOUCHER_9500,674.0,15.0,0.0,0.0,0.0,0.0,675,15,0.0,0.0,0.0,0.0,674.5,0.0
1,856000,VOLCANIC_ROCK_VOUCHER_9500,674.0,15.0,0.0,0.0,0.0,0.0,675,15,0.0,0.0,0.0,0.0,674.5,0.0
1,856100,VOLCANIC_ROCK_VOUCHER_9500,671.0,18.0,0.0,0.0,0.0,0.0,672,18,0.0,0.0,0.0,0.0,671.5,0.0
1,856200,VOLCANIC_ROCK_VOUCHER_9500,674.0,21.0,0.0,0.0,0.0,0.0,675,21,0.0,0.0,0.0,0.0,674.5,0.0
1,856300,VOLCANIC_ROCK_VOUCHER_9500,676.0,15.0,0.0,0.0,0.0,0.0,677,15,0.0,0.0,0.0,0.0,676.5,0.0
1,856400,VOLCANIC_ROCK_VOUCHER_9500,678.0,16.0,0.0,0.0,0.0,0.0,679,16,0.0,0.0,0.0,0.0,678.5,0.0
1,856500,VOLCANIC_ROCK_VOUCHER_9500,678.0,12.0,0.0,0.0,0.0,0.0,679,12,0.0,0.0,0.0,0.0,678.5,0.0
1,856600,VOLCANIC_ROCK_VOUCHER_9500,678.0,16.0,0.0,0.0,0.0,0.0,679,16,0.0,0.0,0.0,0.0,678.5,0.0
1,856700,VOLCANIC_ROCK_VOUCHER_9500,676.0,16.0,0.0,0.0,0.0,0.0,677,16,0.0,0.0,0.0,0.0,676.5,0.0
1,856800,VOLCANIC_ROCK_VOUCHER_9500,0.0,0.0,0.0,0.0,0.0,0.0,675,1,676.0,12.0,0.0,0.0,675.0,0.0
1,856900,VOLCANIC_ROCK_VOUCHER_9500,676.0,18.0,0.0,0.0,0.0,0.0,677,18,0.0,0.0,0.0,0.0,676.5,0.0
1,857000,VOLCANIC_ROCK_VOUCHER_9500,679.0,17.0,0.0,0.0,0.0,0.0,680,17,0.0,0.0,0.0,0.0,679.5,0.0
1,857100,VOLCANIC_ROCK_VOUCHER_9500,682.0,20.0,0.0,0.0,0.0,0.0,683,20,0.0,0.0,0.0,0.0,682.5,0.0
1,857200,VOLCANIC_ROCK_VOUCHER_9500,683.0,12.0,0.0,0.0,0.0,0.0,684,12,0.0,0.0,0.0,0.0,683.5,0.0
1,857300,VOLCANIC_ROCK_VOUCHER_9500,688.0,14.0,0.0,0.0,0.0,0.0,689,14,0.0,0.0,0.0,0.0,688.5,0.0
1,857400,VOLCANIC_ROCK_VOUCHER_9500,686.0,11.0,0.0,0.0,0.0,0.0,687,11,0.0,0.0,0.0,0.0,686.5,0.0
1,857500,VOLCANIC_ROCK_VOUCHER_9500,683.0,14.0,0.0,0.0,0.0,0.0,684,14,0.0,0.0,0.0,0.0,683.5,0.0
1,857600,VOLCANIC_ROCK_VOUCHER_9500,684.0,18.0,0.0,0.0,0.0,0.0,685,18,0.0,0.0,0.0,0.0,684.5,0.0
1,857700,VOLCANIC_ROCK_VOUCHER_9500,685.0,12.0,0.0,0.0,0.0,0.0,686,12,0.0,0.0,0.0,0.0,685.5,0.0
1,857800,VOLCANIC_ROCK_VOUCHER_9500,684.0,14.0,0.0,0.0,0.0,0.0,686,14,0.0,0.0,0.0,0.0,685.0,0.0
1,857900,VOLCANIC_ROCK_VOUCHER_9500,684.0,7.0,0.0,0.0,0.0,0.0,685,17,0.0,0.0,0.0,0.0,684.5,0.0
1,858000,VOLCANIC_ROCK_VOUCHER_9500,686.0,12.0,0.0,0.0,0.0,0.0,687,12,0.0,0.0,0.0,0.0,686.5,0.0
1,858100,VOLCANIC_ROCK_VOUCHER_9500,686.0,20.0,0.0,0.0,0.0,0.0,687,20,0.0,0.0,0.0,0.0,686.5,0.0
1,858200,VOLCANIC_ROCK_VOUCHER_9500,687.0,17.0,0.0,0.0,0.0,0.0,688,17,0.0,0.0,0.0,0.0,687.5,0.0
1,858300,VOLCANIC_ROCK_VOUCHER_9500,690.0,16.0,0.0,0.0,0.0,0.0,691,16,0.0,0.0,0.0,0.0,690.5,0.0
1,858400,VOLCANIC_ROCK_VOUCHER_9500,688.0,14.0,0.0,0.0,0.0,0.0,689,14,0.0,0.0,0.0,0.0,688.5,0.0
1,858500,VOLCANIC_ROCK_VOUCHER_9500,687.0,13.0,0.0,0.0,0.0,0.0,688,13,0.0,0.0,0.0,0.0,687.5,0.0
1,858600,VOLCANIC_ROCK_VOUCHER_9500,690.0,13.0,0.0,0.0,0.0,0.0,691,13,0.0,0.0,0.0,0.0,690.5,0.0
1,858700,VOLCANIC_ROCK_VOUCHER_9500,692.0,1.0,0.0,0.0,0.0,0.0,693,18,0.0,0.0,0.0,0.0,692.5,0.0
1,858800,VOLCANIC_ROCK_VOUCHER_9500,691.0,8.0,0.0,0.0,0.0,0.0,692,18,0.0,0.0,0.0,0.0,691.5,0.0
1,858900,VOLCANIC_ROCK_VOUCHER_9500,695.0,13.0,0.0,0.0,0.0,0.0,696,13,0.0,0.0,0.0,0.0,695.5,0.0
1,859000,VOLCANIC_ROCK_VOUCHER_9500,695.0,9.0,0.0,0.0,0.0,0.0,696,20,0.0,0.0,0.0,0.0,695.5,0.0
1,859100,VOLCANIC_ROCK_VOUCHER_9500,694.0,20.0,0.0,0.0,0.0,0.0,695,20,0.0,0.0,0.0,0.0,694.5,0.0
1,859200,VOLCANIC_ROCK_VOUCHER_9500,693.0,21.0,0.0,0.0,0.0,0.0,694,21,0.0,0.0,0.0,0.0,693.5,0.0
1,859300,VOLCANIC_ROCK_VOUCHER_9500,689.0,18.0,0.0,0.0,0.0,0.0,690,18,0.0,0.0,0.0,0.0,689.5,0.0
1,859400,VOLCANIC_ROCK_VOUCHER_9500,685.0,27.0,0.0,0.0,0.0,0.0,686,12,0.0,0.0,0.0,0.0,685.5,0.0
1,859500,VOLCANIC_ROCK_VOUCHER_9500,681.0,20.0,0.0,0.0,0.0,0.0,682,20,0.0,0.0,0.0,0.0,681.5,0.0
1,859600,VOLCANIC_ROCK_VOUCHER_9500,679.0,18.0,0.0,0.0,0.0,0.0,680,18,0.0,0.0,0.0,0.0,679.5,0.0
1,859700,VOLCANIC_ROCK_VOUCHER_9500,679.0,18.0,0.0,0.0,0.0,0.0,680,18,0.0,0.0,0.0,0.0,679.5,0.0
1,859800,VOLCANIC_ROCK_VOUCHER_9500,678.0,14.0,0.0,0.0,0.0,0.0,679,14,0.0,0.0,0.0,0.0,678.5,0.0
1,859900,VOLCANIC_ROCK_VOUCHER_9500,679.0,12.0,0.0,0.0,0.0,0.0,680,12,0.0,0.0,0.0,0.0,679.5,0.0
1,860000,VOLCANIC_ROCK_VOUCHER_9500,679.0,21.0,0.0,0.0,0.0,0.0,680,21,0.0,0.0,0.0,0.0,679.5,0.0
1,860100,VOLCANIC_ROCK_VOUCHER_9500,0.0,0.0,0.0,0.0,0.0,0.0,678,5,679.0,12.0,0.0,0.0,678.0,0.0
1,860200,VOLCANIC_ROCK_VOUCHER_9500,676.0,17.0,0.0,0.0,0.0,0.0,677,17,0.0,0.0,0.0,0.0,676.5,0.0
1,860300,VOLCANIC_ROCK_VOUCHER_9500,680.0,15.0,0.0,0.0,0.0,0.0,681,15,0.0,0.0,0.0,0.0,680.5,0.0
1,860400,VOLCANIC_ROCK_VOUCHER_9500,679.0,2.0,0.0,0.0,0.0,0.0,680,16,0.0,0.0,0.0,0.0,679.5,0.0
1,860500,VOLCANIC_ROCK_VOUCHER_9500,684.0,21.0,0.0,0.0,0.0,0.0,685,21,0.0,0.0,0.0,0.0,684.5,0.0
1,860600,VOLCANIC_ROCK_VOUCHER_9500,682.0,21.0,0.0,0.0,0.0,0.0,683,21,0.0,0.0,0.0,0.0,682.5,0.0
1,860700,VOLCANIC_ROCK_VOUCHER_9500,682.0,22.0,0.0,0.0,0.0,0.0,684,22,0.0,0.0,0.0,0.0,683.0,0.0
1,860800,VOLCANIC_ROCK_VOUCHER_9500,681.0,21.0,0.0,0.0,0.0,0.0,682,21,0.0,0.0,0.0,0.0,681.5,0.0
1,860900,VOLCANIC_ROCK_VOUCHER_9500,675.0,27.0,0.0,0.0,0.0,0.0,676,14,0.0,0.0,0.0,0.0,675.5,0.0
1,861000,VOLCANIC_ROCK_VOUCHER_9500,676.0,19.0,0.0,0.0,0.0,0.0,677,19,0.0,0.0,0.0,0.0,676.5,0.0
1,861100,VOLCANIC_ROCK_VOUCHER_9500,678.0,17.0,0.0,0.0,0.0,0.0,679,17,0.0,0.0,0.0,0.0,678.5,0.0
1,861200,VOLCANIC_ROCK_VOUCHER_9500,682.0,18.0,0.0,0.0,0.0,0.0,683,18,0.0,0.0,0.0,0.0,682.5,0.0
1,861300,VOLCANIC_ROCK_VOUCHER_9500,679.0,14.0,0.0,0.0,0.0,0.0,680,14,0.0,0.0,0.0,0.0,679.5,0.0
1,861400,VOLCANIC_ROCK_VOUCHER_9500,678.0,18.0,0.0,0.0,0.0,0.0,679,18,0.0,0.0,0.0,0.0,678.5,0.0
1,861500,VOLCANIC_ROCK_VOUCHER_9500,676.0,12.0,0.0,0.0,0.0,0.0,677,12,0.0,0.0,0.0,0.0,676.5,0.0
1,861600,VOLCANIC_ROCK_VOUCHER_9500,674.0,15.0,0.0,0.0,0.0,0.0,675,15,0.0,0.0,0.0,0.0,674.5,0.0
1,861700,VOLCANIC_ROCK_VOUCHER_9500,670.0,18.0,0.0,0.0,0.0,0.0,671,18,0.0,0.0,0.0,0.0,670.5,0.0
1,861800,VOLCANIC_ROCK_VOUCHER_9500,670.0,18.0,0.0,0.0,0.0,0.0,671,18,0.0,0.0,0.0,0.0,670.5,0.0
1,861900,VOLCANIC_ROCK_VOUCHER_9500,668.0,19.0,0.0,0.0,0.0,0.0,669,19,0.0,0.0,0.0,0.0,668.5,0.0
1,862000,VOLCANIC_ROCK_VOUCHER_9500,670.0,20.0,0.0,0.0,0.0,0.0,671,20,0.0,0.0,0.0,0.0,670.5,0.0
1,862100,VOLCANIC_ROCK_VOUCHER_9500,668.0,15.0,0.0,0.0,0.0,0.0,669,15,0.0,0.0,0.0,0.0,668.5,0.0
1,862200,VOLCANIC_ROCK_VOUCHER_9500,668.0,14.0,0.0,0.0,0.0,0.0,669,14,0.0,0.0,0.0,0.0,668.5,0.0
1,862300,VOLCANIC_ROCK_VOUCHER_9500,667.0,19.0,0.0,0.0,0.0,0.0,668,12,0.0,0.0,0.0,0.0,667.5,0.0
1,862400,VOLCANIC_ROCK_VOUCHER_9500,669.0,15.0,0.0,0.0,0.0,0.0,670,15,0.0,0.0,0.0,0.0,669.5,0.0
1,862500,VOLCANIC_ROCK_VOUCHER_9500,673.0,15.0,0.0,0.0,0.0,0.0,674,15,0.0,0.0,0.0,0.0,673.5,0.0
1,862600,VOLCANIC_ROCK_VOUCHER_9500,671.0,13.0,0.0,0.0,0.0,0.0,672,13,0.0,0.0,0.0,0.0,671.5,0.0
1,862700,VOLCANIC_ROCK_VOUCHER_9500,671.0,12.0,0.0,0.0,0.0,0.0,672,12,0.0,0.0,0.0,0.0,671.5,0.0
1,862800,VOLCANIC_ROCK_VOUCHER_9500,669.0,20.0,0.0,0.0,0.0,0.0,670,20,0.0,0.0,0.0,0.0,669.5,0.0
1,862900,VOLCANIC_ROCK_VOUCHER_9500,668.0,21.0,0.0,0.0,0.0,0.0,669,21,0.0,0.0,0.0,0.0,668.5,0.0
1,863000,VOLCANIC_ROCK_VOUCHER_9500,670.0,14.0,0.0,0.0,0.0,0.0,671,14,0.0,0.0,0.0,0.0,670.5,0.0
1,863100,VOLCANIC_ROCK_VOUCHER_9500,669.0,17.0,0.0,0.0,0.0,0.0,670,17,0.0,0.0,0.0,0.0,669.5,0.0
1,863200,VOLCANIC_ROCK_VOUCHER_9500,667.0,14.0,0.0,0.0,0.0,0.0,669,14,0.0,0.0,0.0,0.0,668.0,0.0
1,863300,VOLCANIC_ROCK_VOUCHER_9500,669.0,14.0,0.0,0.0,0.0,0.0,670,14,0.0,0.0,0.0,0.0,669.5,0.0
1,863400,VOLCANIC_ROCK_VOUCHER_9500,668.0,22.0,0.0,0.0,0.0,0.0,669,22,0.0,0.0,0.0,0.0,668.5,0.0
1,863500,VOLCANIC_ROCK_VOUCHER_9500,669.0,17.0,0.0,0.0,0.0,0.0,670,17,0.0,0.0,0.0,0.0,669.5,0.0
1,863600,VOLCANIC_ROCK_VOUCHER_9500,676.0,13.0,0.0,0.0,0.0,0.0,678,13,0.0,0.0,0.0,0.0,677.0,0.0
1,863700,VOLCANIC_ROCK_VOUCHER_9500,681.0,7.0,0.0,0.0,0.0,0.0,682,20,0.0,0.0,0.0,0.0,681.5,0.0
1,863800,VOLCANIC_ROCK_VOUCHER_9500,680.0,35.0,0.0,0.0,0.0,0.0,681,15,0.0,0.0,0.0,0.0,680.5,0.0
1,863900,VOLCANIC_ROCK_VOUCHER_9500,682.0,19.0,0.0,0.0,0.0,0.0,683,19,0.0,0.0,0.0,0.0,682.5,0.0
1,864000,VOLCANIC_ROCK_VOUCHER_9500,683.0,19.0,0.0,0.0,0.0,0.0,684,19,0.0,0.0,0.0,0.0,683.5,0.0
1,864100,VOLCANIC_ROCK_VOUCHER_9500,682.0,16.0,0.0,0.0,0.0,0.0,683,16,0.0,0.0,0.0,0.0,682.5,0.0
1,864200,VOLCANIC_ROCK_VOUCHER_9500,685.0,15.0,0.0,0.0,0.0,0.0,686,15,0.0,0.0,0.0,0.0,685.5,0.0
1,864300,VOLCANIC_ROCK_VOUCHER_9500,685.0,17.0,0.0,0.0,0.0,0.0,686,17,0.0,0.0,0.0,0.0,685.5,0.0
1,864400,VOLCANIC_ROCK_VOUCHER_9500,690.0,3.0,0.0,0.0,0.0,0.0,691,18,0.0,0.0,0.0,0.0,690.5,0.0
1,864500,VOLCANIC_ROCK_VOUCHER_9500,690.0,22.0,0.0,0.0,0.0,0.0,691,22,0.0,0.0,0.0,0.0,690.5,0.0
1,864600,VOLCANIC_ROCK_VOUCHER_9500,688.0,20.0,0.0,0.0,0.0,0.0,689,20,0.0,0.0,0.0,0.0,688.5,0.0
1,864700,VOLCANIC_ROCK_VOUCHER_9500,689.0,11.0,0.0,0.0,0.0,0.0,690,11,0.0,0.0,0.0,0.0,689.5,0.0
1,864800,VOLCANIC_ROCK_VOUCHER_9500,690.0,10.0,0.0,0.0,0.0,0.0,691,10,0.0,0.0,0.0,0.0,690.5,0.0
1,864900,VOLCANIC_ROCK_VOUCHER_9500,687.0,19.0,0.0,0.0,0.0,0.0,688,19,0.0,0.0,0.0,0.0,687.5,0.0
1,865000,VOLCANIC_ROCK_VOUCHER_9500,684.0,17.0,0.0,0.0,0.0,0.0,685,17,0.0,0.0,0.0,0.0,684.5,0.0
1,865100,VOLCANIC_ROCK_VOUCHER_9500,684.0,11.0,0.0,0.0,0.0,0.0,685,11,0.0,0.0,0.0,0.0,684.5,0.0
1,865200,VOLCANIC_ROCK_VOUCHER_9500,684.0,11.0,0.0,0.0,0.0,0.0,685,11,0.0,0.0,0.0,0.0,684.5,0.0
1,865300,VOLCANIC_ROCK_VOUCHER_9500,683.0,13.0,0.0,0.0,0.0,0.0,684,13,0.0,0.0,0.0,0.0,683.5,0.0
1,865400,VOLCANIC_ROCK_VOUCHER_9500,685.0,28.0,0.0,0.0,0.0,0.0,686,13,0.0,0.0,0.0,0.0,685.5,0.0
1,865500,VOLCANIC_ROCK_VOUCHER_9500,688.0,11.0,0.0,0.0,0.0,0.0,689,11,0.0,0.0,0.0,0.0,688.5,0.0
1,865600,VOLCANIC_ROCK_VOUCHER_9500,687.0,14.0,0.0,0.0,0.0,0.0,688,14,0.0,0.0,0.0,0.0,687.5,0.0
1,865700,VOLCANIC_ROCK_VOUCHER_9500,688.0,0.0,0.0,0.0,0.0,0.0,689,18,0.0,0.0,0.0,0.0,688.5,0.0
1,865800,VOLCANIC_ROCK_VOUCHER_9500,687.0,18.0,0.0,0.0,0.0,0.0,688,18,0.0,0.0,0.0,0.0,687.5,0.0
1,865900,VOLCANIC_ROCK_VOUCHER_9500,688.0,14.0,0.0,0.0,0.0,0.0,689,14,0.0,0.0,0.0,0.0,688.5,0.0
1,866000,VOLCANIC_ROCK_VOUCHER_9500,689.0,15.0,0.0,0.0,0.0,0.0,690,15,0.0,0.0,0.0,0.0,689.5,0.0
1,866100,VOLCANIC_ROCK_VOUCHER_9500,691.0,40.0,0.0,0.0,0.0,0.0,692,20,0.0,0.0,0.0,0.0,691.5,0.0
1,866200,VOLCANIC_ROCK_VOUCHER_9500,695.0,10.0,0.0,0.0,0.0,0.0,697,10,0.0,0.0,0.0,0.0,696.0,0.0
1,866300,VOLCANIC_ROCK_VOUCHER_9500,696.0,11.0,0.0,0.0,0.0,0.0,697,11,0.0,0.0,0.0,0.0,696.5,0.0
1,866400,VOLCANIC_ROCK_VOUCHER_9500,701.0,11.0,0.0,0.0,0.0,0.0,702,11,0.0,0.0,0.0,0.0,701.5,0.0
1,866500,VOLCANIC_ROCK_VOUCHER_9500,701.0,14.0,0.0,0.0,0.0,0.0,703,14,0.0,0.0,0.0,0.0,702.0,0.0
1,866600,VOLCANIC_ROCK_VOUCHER_9500,701.0,19.0,0.0,0.0,0.0,0.0,702,19,0.0,0.0,0.0,0.0,701.5,0.0
1,866700,VOLCANIC_ROCK_VOUCHER_9500,708.0,17.0,0.0,0.0,0.0,0.0,709,17,0.0,0.0,0.0,0.0,708.5,0.0
1,866800,VOLCANIC_ROCK_VOUCHER_9500,704.0,20.0,0.0,0.0,0.0,0.0,705,20,0.0,0.0,0.0,0.0,704.5,0.0
1,866900,VOLCANIC_ROCK_VOUCHER_9500,697.0,18.0,0.0,0.0,0.0,0.0,698,18,0.0,0.0,0.0,0.0,697.5,0.0
1,867000,VOLCANIC_ROCK_VOUCHER_9500,693.0,19.0,0.0,0.0,0.0,0.0,694,19,0.0,0.0,0.0,0.0,693.5,0.0
1,867100,VOLCANIC_ROCK_VOUCHER_9500,699.0,17.0,0.0,0.0,0.0,0.0,700,17,0.0,0.0,0.0,0.0,699.5,0.0
1,867200,VOLCANIC_ROCK_VOUCHER_9500,698.0,12.0,0.0,0.0,0.0,0.0,699,12,0.0,0.0,0.0,0.0,698.5,0.0
1,867300,VOLCANIC_ROCK_VOUCHER_9500,699.0,19.0,0.0,0.0,0.0,0.0,700,19,0.0,0.0,0.0,0.0,699.5,0.0
1,867400,VOLCANIC_ROCK_VOUCHER_9500,693.0,12.0,0.0,0.0,0.0,0.0,694,12,0.0,0.0,0.0,0.0,693.5,0.0
1,867500,VOLCANIC_ROCK_VOUCHER_9500,695.0,10.0,0.0,0.0,0.0,0.0,696,10,0.0,0.0,0.0,0.0,695.5,0.0
1,867600,VOLCANIC_ROCK_VOUCHER_9500,698.0,20.0,0.0,0.0,0.0,0.0,699,20,0.0,0.0,0.0,0.0,698.5,0.0
1,867700,VOLCANIC_ROCK_VOUCHER_9500,699.0,22.0,0.0,0.0,0.0,0.0,700,22,0.0,0.0,0.0,0.0,699.5,0.0
1,867800,VOLCANIC_ROCK_VOUCHER_9500,695.0,15.0,0.0,0.0,0.0,0.0,696,15,0.0,0.0,0.0,0.0,695.5,0.0
1,867900,VOLCANIC_ROCK_VOUCHER_9500,697.0,11.0,0.0,0.0,0.0,0.0,698,11,0.0,0.0,0.0,0.0,697.5,0.0
1,868000,VOLCANIC_ROCK_VOUCHER_9500,695.0,20.0,0.0,0.0,0.0,0.0,696,20,0.0,0.0,0.0,0.0,695.5,0.0
1,868100,VOLCANIC_ROCK_VOUCHER_9500,696.0,17.0,0.0,0.0,0.0,0.0,697,17,0.0,0.0,0.0,0.0,696.5,0.0
1,868200,VOLCANIC_ROCK_VOUCHER_9500,694.0,17.0,0.0,0.0,0.0,0.0,696,17,0.0,0.0,0.0,0.0,695.0,0.0
1,868300,VOLCANIC_ROCK_VOUCHER_9500,698.0,32.0,0.0,0.0,0.0,0.0,699,18,0.0,0.0,0.0,0.0,698.5,0.0
1,868400,VOLCANIC_ROCK_VOUCHER_9500,697.0,17.0,0.0,0.0,0.0,0.0,698,17,0.0,0.0,0.0,0.0,697.5,0.0
1,868500,VOLCANIC_ROCK_VOUCHER_9500,698.0,19.0,0.0,0.0,0.0,0.0,699,19,0.0,0.0,0.0,0.0,698.5,0.0
1,868600,VOLCANIC_ROCK_VOUCHER_9500,698.0,15.0,0.0,0.0,0.0,0.0,699,15,0.0,0.0,0.0,0.0,698.5,0.0
1,868700,VOLCANIC_ROCK_VOUCHER_9500,694.0,12.0,0.0,0.0,0.0,0.0,695,12,0.0,0.0,0.0,0.0,694.5,0.0
1,868800,VOLCANIC_ROCK_VOUCHER_9500,694.0,14.0,0.0,0.0,0.0,0.0,695,14,0.0,0.0,0.0,0.0,694.5,0.0
1,868900,VOLCANIC_ROCK_VOUCHER_9500,694.0,19.0,0.0,0.0,0.0,0.0,696,19,0.0,0.0,0.0,0.0,695.0,0.0
1,869000,VOLCANIC_ROCK_VOUCHER_9500,693.0,14.0,0.0,0.0,0.0,0.0,694,14,0.0,0.0,0.0,0.0,693.5,0.0
1,869100,VOLCANIC_ROCK_VOUCHER_9500,691.0,16.0,0.0,0.0,0.0,0.0,692,16,0.0,0.0,0.0,0.0,691.5,0.0
1,869200,VOLCANIC_ROCK_VOUCHER_9500,689.0,12.0,0.0,0.0,0.0,0.0,690,12,0.0,0.0,0.0,0.0,689.5,0.0
1,869300,VOLCANIC_ROCK_VOUCHER_9500,687.0,11.0,0.0,0.0,0.0,0.0,689,11,0.0,0.0,0.0,0.0,688.0,0.0
1,869400,VOLCANIC_ROCK_VOUCHER_9500,687.0,15.0,0.0,0.0,0.0,0.0,688,15,0.0,0.0,0.0,0.0,687.5,0.0
1,869500,VOLCANIC_ROCK_VOUCHER_9500,685.0,15.0,0.0,0.0,0.0,0.0,686,15,0.0,0.0,0.0,0.0,685.5,0.0
1,869600,VOLCANIC_ROCK_VOUCHER_9500,682.0,18.0,0.0,0.0,0.0,0.0,683,18,0.0,0.0,0.0,0.0,682.5,0.0
1,869700,VOLCANIC_ROCK_VOUCHER_9500,678.0,19.0,0.0,0.0,0.0,0.0,680,19,0.0,0.0,0.0,0.0,679.0,0.0
1,869800,VOLCANIC_ROCK_VOUCHER_9500,676.0,16.0,0.0,0.0,0.0,0.0,677,16,0.0,0.0,0.0,0.0,676.5,0.0
1,869900,VOLCANIC_ROCK_VOUCHER_9500,677.0,19.0,0.0,0.0,0.0,0.0,678,19,0.0,0.0,0.0,0.0,677.5,0.0
1,870000,VOLCANIC_ROCK_VOUCHER_9500,674.0,14.0,0.0,0.0,0.0,0.0,675,14,0.0,0.0,0.0,0.0,674.5,0.0
1,870100,VOLCANIC_ROCK_VOUCHER_9500,675.0,21.0,0.0,0.0,0.0,0.0,676,21,0.0,0.0,0.0,0.0,675.5,0.0
1,870200,VOLCANIC_ROCK_VOUCHER_9500,677.0,13.0,0.0,0.0,0.0,0.0,678,13,0.0,0.0,0.0,0.0,677.5,0.0
1,870300,VOLCANIC_ROCK_VOUCHER_9500,677.0,11.0,0.0,0.0,0.0,0.0,678,11,0.0,0.0,0.0,0.0,677.5,0.0
1,870400,VOLCANIC_ROCK_VOUCHER_9500,677.0,14.0,0.0,0.0,0.0,0.0,678,14,0.0,0.0,0.0,0.0,677.5,0.0
1,870500,VOLCANIC_ROCK_VOUCHER_9500,675.0,15.0,0.0,0.0,0.0,0.0,676,15,0.0,0.0,0.0,0.0,675.5,0.0
1,870600,VOLCANIC_ROCK_VOUCHER_9500,675.0,17.0,0.0,0.0,0.0,0.0,676,17,0.0,0.0,0.0,0.0,675.5,0.0
1,870700,VOLCANIC_ROCK_VOUCHER_9500,673.0,17.0,0.0,0.0,0.0,0.0,674,17,0.0,0.0,0.0,0.0,673.5,0.0
1,870800,VOLCANIC_ROCK_VOUCHER_9500,678.0,25.0,0.0,0.0,0.0,0.0,679,11,0.0,0.0,0.0,0.0,678.5,0.0
1,870900,VOLCANIC_ROCK_VOUCHER_9500,679.0,2.0,0.0,0.0,0.0,0.0,680,16,0.0,0.0,0.0,0.0,679.5,0.0
1,871000,VOLCANIC_ROCK_VOUCHER_9500,679.0,14.0,0.0,0.0,0.0,0.0,680,14,0.0,0.0,0.0,0.0,679.5,0.0
1,871100,VOLCANIC_ROCK_VOUCHER_9500,678.0,21.0,0.0,0.0,0.0,0.0,679,21,0.0,0.0,0.0,0.0,678.5,0.0
1,871200,VOLCANIC_ROCK_VOUCHER_9500,678.0,12.0,0.0,0.0,0.0,0.0,679,12,0.0,0.0,0.0,0.0,678.5,0.0
1,871300,VOLCANIC_ROCK_VOUCHER_9500,675.0,17.0,0.0,0.0,0.0,0.0,676,17,0.0,0.0,0.0,0.0,675.5,0.0
1,871400,VOLCANIC_ROCK_VOUCHER_9500,672.0,19.0,0.0,0.0,0.0,0.0,673,19,0.0,0.0,0.0,0.0,672.5,0.0
1,871500,VOLCANIC_ROCK_VOUCHER_9500,672.0,19.0,0.0,0.0,0.0,0.0,673,19,0.0,0.0,0.0,0.0,672.5,0.0
1,871600,VOLCANIC_ROCK_VOUCHER_9500,671.0,14.0,0.0,0.0,0.0,0.0,672,14,0.0,0.0,0.0,0.0,671.5,0.0
1,871700,VOLCANIC_ROCK_VOUCHER_9500,671.0,2.0,0.0,0.0,0.0,0.0,672,13,0.0,0.0,0.0,0.0,671.5,0.0
1,871800,VOLCANIC_ROCK_VOUCHER_9500,672.0,15.0,0.0,0.0,0.0,0.0,673,15,0.0,0.0,0.0,0.0,672.5,0.0
1,871900,VOLCANIC_ROCK_VOUCHER_9500,673.0,17.0,0.0,0.0,0.0,0.0,674,17,0.0,0.0,0.0,0.0,673.5,0.0
1,872000,VOLCANIC_ROCK_VOUCHER_9500,669.0,18.0,0.0,0.0,0.0,0.0,670,18,0.0,0.0,0.0,0.0,669.5,0.0
1,872100,VOLCANIC_ROCK_VOUCHER_9500,668.0,20.0,0.0,0.0,0.0,0.0,669,20,0.0,0.0,0.0,0.0,668.5,0.0
1,872200,VOLCANIC_ROCK_VOUCHER_9500,663.0,19.0,0.0,0.0,0.0,0.0,664,19,0.0,0.0,0.0,0.0,663.5,0.0
1,872300,VOLCANIC_ROCK_VOUCHER_9500,669.0,10.0,0.0,0.0,0.0,0.0,670,10,0.0,0.0,0.0,0.0,669.5,0.0
1,872400,VOLCANIC_ROCK_VOUCHER_9500,665.0,18.0,0.0,0.0,0.0,0.0,666,18,0.0,0.0,0.0,0.0,665.5,0.0
1,872500,VOLCANIC_ROCK_VOUCHER_9500,666.0,15.0,0.0,0.0,0.0,0.0,667,15,0.0,0.0,0.0,0.0,666.5,0.0
1,872600,VOLCANIC_ROCK_VOUCHER_9500,671.0,18.0,0.0,0.0,0.0,0.0,672,18,0.0,0.0,0.0,0.0,671.5,0.0
1,872700,VOLCANIC_ROCK_VOUCHER_9500,669.0,12.0,0.0,0.0,0.0,0.0,670,12,0.0,0.0,0.0,0.0,669.5,0.0
1,872800,VOLCANIC_ROCK_VOUCHER_9500,668.0,20.0,0.0,0.0,0.0,0.0,669,20,0.0,0.0,0.0,0.0,668.5,0.0
1,872900,VOLCANIC_ROCK_VOUCHER_9500,668.0,21.0,0.0,0.0,0.0,0.0,669,21,0.0,0.0,0.0,0.0,668.5,0.0
1,873000,VOLCANIC_ROCK_VOUCHER_9500,669.0,14.0,0.0,0.0,0.0,0.0,670,14,0.0,0.0,0.0,0.0,669.5,0.0
1,873100,VOLCANIC_ROCK_VOUCHER_9500,676.0,14.0,0.0,0.0,0.0,0.0,677,14,0.0,0.0,0.0,0.0,676.5,0.0
1,873200,VOLCANIC_ROCK_VOUCHER_9500,684.0,19.0,0.0,0.0,0.0,0.0,685,19,0.0,0.0,0.0,0.0,684.5,0.0
1,873300,VOLCANIC_ROCK_VOUCHER_9500,683.0,32.0,0.0,0.0,0.0,0.0,684,17,0.0,0.0,0.0,0.0,683.5,0.0
1,873400,VOLCANIC_ROCK_VOUCHER_9500,684.0,17.0,0.0,0.0,0.0,0.0,685,17,0.0,0.0,0.0,0.0,684.5,0.0
1,873500,VOLCANIC_ROCK_VOUCHER_9500,681.0,11.0,0.0,0.0,0.0,0.0,682,11,0.0,0.0,0.0,0.0,681.5,0.0
1,873600,VOLCANIC_ROCK_VOUCHER_9500,682.0,12.0,0.0,0.0,0.0,0.0,683,12,0.0,0.0,0.0,0.0,682.5,0.0
1,873700,VOLCANIC_ROCK_VOUCHER_9500,681.0,5.0,0.0,0.0,0.0,0.0,682,22,0.0,0.0,0.0,0.0,681.5,0.0
1,873800,VOLCANIC_ROCK_VOUCHER_9500,680.0,11.0,0.0,0.0,0.0,0.0,681,11,0.0,0.0,0.0,0.0,680.5,0.0
1,873900,VOLCANIC_ROCK_VOUCHER_9500,683.0,36.0,0.0,0.0,0.0,0.0,684,17,0.0,0.0,0.0,0.0,683.5,0.0
1,874000,VOLCANIC_ROCK_VOUCHER_9500,686.0,22.0,0.0,0.0,0.0,0.0,687,22,0.0,0.0,0.0,0.0,686.5,0.0
1,874100,VOLCANIC_ROCK_VOUCHER_9500,688.0,21.0,0.0,0.0,0.0,0.0,689,21,0.0,0.0,0.0,0.0,688.5,0.0
1,874200,VOLCANIC_ROCK_VOUCHER_9500,686.0,13.0,0.0,0.0,0.0,0.0,687,13,0.0,0.0,0.0,0.0,686.5,0.0
1,874300,VOLCANIC_ROCK_VOUCHER_9500,688.0,17.0,0.0,0.0,0.0,0.0,689,17,0.0,0.0,0.0,0.0,688.5,0.0
1,874400,VOLCANIC_ROCK_VOUCHER_9500,690.0,3.0,0.0,0.0,0.0,0.0,691,12,0.0,0.0,0.0,0.0,690.5,0.0
1,874500,VOLCANIC_ROCK_VOUCHER_9500,689.0,19.0,0.0,0.0,0.0,0.0,690,19,0.0,0.0,0.0,0.0,689.5,0.0
1,874600,VOLCANIC_ROCK_VOUCHER_9500,687.0,20.0,0.0,0.0,0.0,0.0,688,20,0.0,0.0,0.0,0.0,687.5,0.0
1,874700,VOLCANIC_ROCK_VOUCHER_9500,688.0,19.0,0.0,0.0,0.0,0.0,689,19,0.0,0.0,0.0,0.0,688.5,0.0
1,874800,VOLCANIC_ROCK_VOUCHER_9500,690.0,16.0,0.0,0.0,0.0,0.0,691,16,0.0,0.0,0.0,0.0,690.5,0.0
1,874900,VOLCANIC_ROCK_VOUCHER_9500,692.0,20.0,0.0,0.0,0.0,0.0,693,20,0.0,0.0,0.0,0.0,692.5,0.0
1,875000,VOLCANIC_ROCK_VOUCHER_9500,692.0,14.0,0.0,0.0,0.0,0.0,693,14,0.0,0.0,0.0,0.0,692.5,0.0
1,875100,VOLCANIC_ROCK_VOUCHER_9500,693.0,16.0,0.0,0.0,0.0,0.0,694,16,0.0,0.0,0.0,0.0,693.5,0.0
1,875200,VOLCANIC_ROCK_VOUCHER_9500,696.0,16.0,0.0,0.0,0.0,0.0,698,16,0.0,0.0,0.0,0.0,697.0,0.0
1,875300,VOLCANIC_ROCK_VOUCHER_9500,698.0,13.0,0.0,0.0,0.0,0.0,699,13,0.0,0.0,0.0,0.0,698.5,0.0
1,875400,VOLCANIC_ROCK_VOUCHER_9500,700.0,17.0,0.0,0.0,0.0,0.0,701,17,0.0,0.0,0.0,0.0,700.5,0.0
1,875500,VOLCANIC_ROCK_VOUCHER_9500,701.0,15.0,0.0,0.0,0.0,0.0,702,15,0.0,0.0,0.0,0.0,701.5,0.0
1,875600,VOLCANIC_ROCK_VOUCHER_9500,702.0,14.0,0.0,0.0,0.0,0.0,703,14,0.0,0.0,0.0,0.0,702.5,0.0
1,875700,VOLCANIC_ROCK_VOUCHER_9500,707.0,12.0,0.0,0.0,0.0,0.0,708,12,0.0,0.0,0.0,0.0,707.5,0.0
1,875800,VOLCANIC_ROCK_VOUCHER_9500,709.0,18.0,0.0,0.0,0.0,0.0,710,18,0.0,0.0,0.0,0.0,709.5,0.0
1,875900,VOLCANIC_ROCK_VOUCHER_9500,711.0,14.0,0.0,0.0,0.0,0.0,712,14,0.0,0.0,0.0,0.0,711.5,0.0
1,876000,VOLCANIC_ROCK_VOUCHER_9500,706.0,15.0,0.0,0.0,0.0,0.0,707,15,0.0,0.0,0.0,0.0,706.5,0.0
1,876100,VOLCANIC_ROCK_VOUCHER_9500,712.0,16.0,0.0,0.0,0.0,0.0,713,16,0.0,0.0,0.0,0.0,712.5,0.0
1,876200,VOLCANIC_ROCK_VOUCHER_9500,708.0,19.0,0.0,0.0,0.0,0.0,709,19,0.0,0.0,0.0,0.0,708.5,0.0
1,876300,VOLCANIC_ROCK_VOUCHER_9500,703.0,12.0,0.0,0.0,0.0,0.0,704,12,0.0,0.0,0.0,0.0,703.5,0.0
1,876400,VOLCANIC_ROCK_VOUCHER_9500,704.0,15.0,0.0,0.0,0.0,0.0,705,15,0.0,0.0,0.0,0.0,704.5,0.0
1,876500,VOLCANIC_ROCK_VOUCHER_9500,703.0,33.0,0.0,0.0,0.0,0.0,704,18,0.0,0.0,0.0,0.0,703.5,0.0
1,876600,VOLCANIC_ROCK_VOUCHER_9500,705.0,11.0,0.0,0.0,0.0,0.0,706,11,0.0,0.0,0.0,0.0,705.5,0.0
1,876700,VOLCANIC_ROCK_VOUCHER_9500,708.0,16.0,0.0,0.0,0.0,0.0,709,16,0.0,0.0,0.0,0.0,708.5,0.0
1,876800,VOLCANIC_ROCK_VOUCHER_9500,712.0,15.0,0.0,0.0,0.0,0.0,713,15,0.0,0.0,0.0,0.0,712.5,0.0
1,876900,VOLCANIC_ROCK_VOUCHER_9500,711.0,34.0,0.0,0.0,0.0,0.0,712,18,0.0,0.0,0.0,0.0,711.5,0.0
1,877000,VOLCANIC_ROCK_VOUCHER_9500,709.0,22.0,0.0,0.0,0.0,0.0,710,22,0.0,0.0,0.0,0.0,709.5,0.0
1,877100,VOLCANIC_ROCK_VOUCHER_9500,708.0,12.0,0.0,0.0,0.0,0.0,709,12,0.0,0.0,0.0,0.0,708.5,0.0
1,877200,VOLCANIC_ROCK_VOUCHER_9500,707.0,18.0,0.0,0.0,0.0,0.0,708,18,0.0,0.0,0.0,0.0,707.5,0.0
1,877300,VOLCANIC_ROCK_VOUCHER_9500,707.0,19.0,0.0,0.0,0.0,0.0,709,19,0.0,0.0,0.0,0.0,708.0,0.0
1,877400,VOLCANIC_ROCK_VOUCHER_9500,705.0,21.0,0.0,0.0,0.0,0.0,706,21,0.0,0.0,0.0,0.0,705.5,0.0
1,877500,VOLCANIC_ROCK_VOUCHER_9500,703.0,12.0,0.0,0.0,0.0,0.0,704,12,0.0,0.0,0.0,0.0,703.5,0.0
1,877600,VOLCANIC_ROCK_VOUCHER_9500,697.0,20.0,0.0,0.0,0.0,0.0,698,20,0.0,0.0,0.0,0.0,697.5,0.0
1,877700,VOLCANIC_ROCK_VOUCHER_9500,694.0,17.0,0.0,0.0,0.0,0.0,695,17,0.0,0.0,0.0,0.0,694.5,0.0
1,877800,VOLCANIC_ROCK_VOUCHER_9500,687.0,13.0,0.0,0.0,0.0,0.0,688,13,0.0,0.0,0.0,0.0,687.5,0.0
1,877900,VOLCANIC_ROCK_VOUCHER_9500,689.0,15.0,0.0,0.0,0.0,0.0,690,15,0.0,0.0,0.0,0.0,689.5,0.0
1,878000,VOLCANIC_ROCK_VOUCHER_9500,694.0,18.0,0.0,0.0,0.0,0.0,695,18,0.0,0.0,0.0,0.0,694.5,0.0
1,878100,VOLCANIC_ROCK_VOUCHER_9500,695.0,14.0,0.0,0.0,0.0,0.0,696,14,0.0,0.0,0.0,0.0,695.5,0.0
1,878200,VOLCANIC_ROCK_VOUCHER_9500,696.0,16.0,0.0,0.0,0.0,0.0,697,16,0.0,0.0,0.0,0.0,696.5,0.0
1,878300,VOLCANIC_ROCK_VOUCHER_9500,692.0,16.0,0.0,0.0,0.0,0.0,693,16,0.0,0.0,0.0,0.0,692.5,0.0
1,878400,VOLCANIC_ROCK_VOUCHER_9500,693.0,12.0,0.0,0.0,0.0,0.0,694,12,0.0,0.0,0.0,0.0,693.5,0.0
1,878500,VOLCANIC_ROCK_VOUCHER_9500,691.0,14.0,0.0,0.0,0.0,0.0,692,14,0.0,0.0,0.0,0.0,691.5,0.0
1,878600,VOLCANIC_ROCK_VOUCHER_9500,690.0,12.0,0.0,0.0,0.0,0.0,691,12,0.0,0.0,0.0,0.0,690.5,0.0
1,878700,VOLCANIC_ROCK_VOUCHER_9500,692.0,11.0,0.0,0.0,0.0,0.0,693,16,0.0,0.0,0.0,0.0,692.5,0.0
1,878800,VOLCANIC_ROCK_VOUCHER_9500,690.0,21.0,0.0,0.0,0.0,0.0,692,21,0.0,0.0,0.0,0.0,691.0,0.0
1,878900,VOLCANIC_ROCK_VOUCHER_9500,691.0,20.0,0.0,0.0,0.0,0.0,692,20,0.0,0.0,0.0,0.0,691.5,0.0
1,879000,VOLCANIC_ROCK_VOUCHER_9500,691.0,11.0,0.0,0.0,0.0,0.0,692,11,0.0,0.0,0.0,0.0,691.5,0.0
1,879100,VOLCANIC_ROCK_VOUCHER_9500,688.0,16.0,0.0,0.0,0.0,0.0,689,16,0.0,0.0,0.0,0.0,688.5,0.0
1,879200,VOLCANIC_ROCK_VOUCHER_9500,686.0,21.0,0.0,0.0,0.0,0.0,687,21,0.0,0.0,0.0,0.0,686.5,0.0
1,879300,VOLCANIC_ROCK_VOUCHER_9500,682.0,14.0,0.0,0.0,0.0,0.0,684,14,0.0,0.0,0.0,0.0,683.0,0.0
1,879400,VOLCANIC_ROCK_VOUCHER_9500,687.0,13.0,0.0,0.0,0.0,0.0,688,13,0.0,0.0,0.0,0.0,687.5,0.0
1,879500,VOLCANIC_ROCK_VOUCHER_9500,685.0,19.0,0.0,0.0,0.0,0.0,686,19,0.0,0.0,0.0,0.0,685.5,0.0
1,879600,VOLCANIC_ROCK_VOUCHER_9500,689.0,18.0,0.0,0.0,0.0,0.0,691,18,0.0,0.0,0.0,0.0,690.0,0.0
1,879700,VOLCANIC_ROCK_VOUCHER_9500,688.0,11.0,0.0,0.0,0.0,0.0,689,11,0.0,0.0,0.0,0.0,688.5,0.0
1,879800,VOLCANIC_ROCK_VOUCHER_9500,689.0,30.0,0.0,0.0,0.0,0.0,690,16,0.0,0.0,0.0,0.0,689.5,0.0
1,879900,VOLCANIC_ROCK_VOUCHER_9500,686.0,13.0,0.0,0.0,0.0,0.0,687,13,0.0,0.0,0.0,0.0,686.5,0.0
1,880000,VOLCANIC_ROCK_VOUCHER_9500,690.0,12.0,0.0,0.0,0.0,0.0,691,12,0.0,0.0,0.0,0.0,690.5,0.0
1,880100,VOLCANIC_ROCK_VOUCHER_9500,690.0,19.0,0.0,0.0,0.0,0.0,691,19,0.0,0.0,0.0,0.0,690.5,0.0
1,880200,VOLCANIC_ROCK_VOUCHER_9500,694.0,16.0,0.0,0.0,0.0,0.0,695,16,0.0,0.0,0.0,0.0,694.5,0.0
1,880300,VOLCANIC_ROCK_VOUCHER_9500,695.0,13.0,0.0,0.0,0.0,0.0,696,13,0.0,0.0,0.0,0.0,695.5,0.0
1,880400,VOLCANIC_ROCK_VOUCHER_9500,695.0,14.0,0.0,0.0,0.0,0.0,697,14,0.0,0.0,0.0,0.0,696.0,0.0
1,880500,VOLCANIC_ROCK_VOUCHER_9500,698.0,12.0,0.0,0.0,0.0,0.0,699,12,0.0,0.0,0.0,0.0,698.5,0.0
1,880600,VOLCANIC_ROCK_VOUCHER_9500,698.0,14.0,0.0,0.0,0.0,0.0,699,14,0.0,0.0,0.0,0.0,698.5,0.0
1,880700,VOLCANIC_ROCK_VOUCHER_9500,698.0,10.0,0.0,0.0,0.0,0.0,699,10,0.0,0.0,0.0,0.0,698.5,0.0
1,880800,VOLCANIC_ROCK_VOUCHER_9500,701.0,27.0,0.0,0.0,0.0,0.0,702,14,0.0,0.0,0.0,0.0,701.5,0.0
1,880900,VOLCANIC_ROCK_VOUCHER_9500,697.0,20.0,0.0,0.0,0.0,0.0,699,20,0.0,0.0,0.0,0.0,698.0,0.0
1,881000,VOLCANIC_ROCK_VOUCHER_9500,694.0,13.0,0.0,0.0,0.0,0.0,695,13,0.0,0.0,0.0,0.0,694.5,0.0
1,881100,VOLCANIC_ROCK_VOUCHER_9500,691.0,17.0,0.0,0.0,0.0,0.0,692,17,0.0,0.0,0.0,0.0,691.5,0.0
1,881200,VOLCANIC_ROCK_VOUCHER_9500,688.0,17.0,0.0,0.0,0.0,0.0,689,17,0.0,0.0,0.0,0.0,688.5,0.0
1,881300,VOLCANIC_ROCK_VOUCHER_9500,685.0,12.0,0.0,0.0,0.0,0.0,686,12,0.0,0.0,0.0,0.0,685.5,0.0
1,881400,VOLCANIC_ROCK_VOUCHER_9500,686.0,14.0,0.0,0.0,0.0,0.0,687,14,0.0,0.0,0.0,0.0,686.5,0.0
1,881500,VOLCANIC_ROCK_VOUCHER_9500,684.0,14.0,0.0,0.0,0.0,0.0,685,14,0.0,0.0,0.0,0.0,684.5,0.0
1,881600,VOLCANIC_ROCK_VOUCHER_9500,676.0,18.0,0.0,0.0,0.0,0.0,677,18,0.0,0.0,0.0,0.0,676.5,0.0
1,881700,VOLCANIC_ROCK_VOUCHER_9500,677.0,18.0,0.0,0.0,0.0,0.0,678,18,0.0,0.0,0.0,0.0,677.5,0.0
1,881800,VOLCANIC_ROCK_VOUCHER_9500,677.0,12.0,0.0,0.0,0.0,0.0,678,12,0.0,0.0,0.0,0.0,677.5,0.0
1,881900,VOLCANIC_ROCK_VOUCHER_9500,677.0,11.0,0.0,0.0,0.0,0.0,678,11,0.0,0.0,0.0,0.0,677.5,0.0
1,882000,VOLCANIC_ROCK_VOUCHER_9500,679.0,17.0,0.0,0.0,0.0,0.0,680,17,0.0,0.0,0.0,0.0,679.5,0.0
1,882100,VOLCANIC_ROCK_VOUCHER_9500,679.0,17.0,0.0,0.0,0.0,0.0,680,17,0.0,0.0,0.0,0.0,679.5,0.0
1,882200,VOLCANIC_ROCK_VOUCHER_9500,676.0,11.0,0.0,0.0,0.0,0.0,677,11,0.0,0.0,0.0,0.0,676.5,0.0
1,882300,VOLCANIC_ROCK_VOUCHER_9500,675.0,17.0,0.0,0.0,0.0,0.0,676,17,0.0,0.0,0.0,0.0,675.5,0.0
1,882400,VOLCANIC_ROCK_VOUCHER_9500,678.0,15.0,0.0,0.0,0.0,0.0,679,15,0.0,0.0,0.0,0.0,678.5,0.0
1,882500,VOLCANIC_ROCK_VOUCHER_9500,674.0,19.0,0.0,0.0,0.0,0.0,675,19,0.0,0.0,0.0,0.0,674.5,0.0
1,882600,VOLCANIC_ROCK_VOUCHER_9500,676.0,10.0,0.0,0.0,0.0,0.0,677,10,0.0,0.0,0.0,0.0,676.5,0.0
1,882700,VOLCANIC_ROCK_VOUCHER_9500,677.0,11.0,0.0,0.0,0.0,0.0,678,11,0.0,0.0,0.0,0.0,677.5,0.0
1,882800,VOLCANIC_ROCK_VOUCHER_9500,677.0,19.0,0.0,0.0,0.0,0.0,678,19,0.0,0.0,0.0,0.0,677.5,0.0
1,882900,VOLCANIC_ROCK_VOUCHER_9500,679.0,11.0,0.0,0.0,0.0,0.0,680,11,0.0,0.0,0.0,0.0,679.5,0.0
1,883000,VOLCANIC_ROCK_VOUCHER_9500,682.0,11.0,0.0,0.0,0.0,0.0,683,11,0.0,0.0,0.0,0.0,682.5,0.0
1,883100,VOLCANIC_ROCK_VOUCHER_9500,681.0,19.0,0.0,0.0,0.0,0.0,682,19,0.0,0.0,0.0,0.0,681.5,0.0
1,883200,VOLCANIC_ROCK_VOUCHER_9500,682.0,12.0,0.0,0.0,0.0,0.0,683,12,0.0,0.0,0.0,0.0,682.5,0.0
1,883300,VOLCANIC_ROCK_VOUCHER_9500,679.0,19.0,0.0,0.0,0.0,0.0,680,19,0.0,0.0,0.0,0.0,679.5,0.0
1,883400,VOLCANIC_ROCK_VOUCHER_9500,679.0,20.0,0.0,0.0,0.0,0.0,680,20,0.0,0.0,0.0,0.0,679.5,0.0
1,883500,VOLCANIC_ROCK_VOUCHER_9500,677.0,17.0,0.0,0.0,0.0,0.0,678,17,0.0,0.0,0.0,0.0,677.5,0.0
1,883600,VOLCANIC_ROCK_VOUCHER_9500,677.0,18.0,0.0,0.0,0.0,0.0,678,18,0.0,0.0,0.0,0.0,677.5,0.0
1,883700,VOLCANIC_ROCK_VOUCHER_9500,679.0,10.0,0.0,0.0,0.0,0.0,680,10,0.0,0.0,0.0,0.0,679.5,0.0
1,883800,VOLCANIC_ROCK_VOUCHER_9500,678.0,19.0,0.0,0.0,0.0,0.0,679,19,0.0,0.0,0.0,0.0,678.5,0.0
1,883900,VOLCANIC_ROCK_VOUCHER_9500,677.0,15.0,0.0,0.0,0.0,0.0,679,15,0.0,0.0,0.0,0.0,678.0,0.0
1,884000,VOLCANIC_ROCK_VOUCHER_9500,677.0,15.0,0.0,0.0,0.0,0.0,678,15,0.0,0.0,0.0,0.0,677.5,0.0
1,884100,VOLCANIC_ROCK_VOUCHER_9500,675.0,13.0,0.0,0.0,0.0,0.0,676,13,0.0,0.0,0.0,0.0,675.5,0.0
1,884200,VOLCANIC_ROCK_VOUCHER_9500,669.0,17.0,0.0,0.0,0.0,0.0,670,17,0.0,0.0,0.0,0.0,669.5,0.0
1,884300,VOLCANIC_ROCK_VOUCHER_9500,667.0,12.0,0.0,0.0,0.0,0.0,668,12,0.0,0.0,0.0,0.0,667.5,0.0
1,884400,VOLCANIC_ROCK_VOUCHER_9500,665.0,19.0,0.0,0.0,0.0,0.0,666,19,0.0,0.0,0.0,0.0,665.5,0.0
1,884500,VOLCANIC_ROCK_VOUCHER_9500,667.0,14.0,0.0,0.0,0.0,0.0,668,14,0.0,0.0,0.0,0.0,667.5,0.0
1,884600,VOLCANIC_ROCK_VOUCHER_9500,669.0,16.0,0.0,0.0,0.0,0.0,670,16,0.0,0.0,0.0,0.0,669.5,0.0
1,884700,VOLCANIC_ROCK_VOUCHER_9500,667.0,14.0,0.0,0.0,0.0,0.0,668,14,0.0,0.0,0.0,0.0,667.5,0.0
1,884800,VOLCANIC_ROCK_VOUCHER_9500,669.0,12.0,0.0,0.0,0.0,0.0,670,12,0.0,0.0,0.0,0.0,669.5,0.0
1,884900,VOLCANIC_ROCK_VOUCHER_9500,669.0,14.0,0.0,0.0,0.0,0.0,670,14,0.0,0.0,0.0,0.0,669.5,0.0
1,885000,VOLCANIC_ROCK_VOUCHER_9500,667.0,14.0,0.0,0.0,0.0,0.0,668,14,0.0,0.0,0.0,0.0,667.5,0.0
1,885100,VOLCANIC_ROCK_VOUCHER_9500,667.0,20.0,0.0,0.0,0.0,0.0,668,20,0.0,0.0,0.0,0.0,667.5,0.0
1,885200,VOLCANIC_ROCK_VOUCHER_9500,666.0,11.0,0.0,0.0,0.0,0.0,667,11,0.0,0.0,0.0,0.0,666.5,0.0
1,885300,VOLCANIC_ROCK_VOUCHER_9500,669.0,19.0,0.0,0.0,0.0,0.0,670,19,0.0,0.0,0.0,0.0,669.5,0.0
1,885400,VOLCANIC_ROCK_VOUCHER_9500,674.0,13.0,0.0,0.0,0.0,0.0,675,13,0.0,0.0,0.0,0.0,674.5,0.0
1,885500,VOLCANIC_ROCK_VOUCHER_9500,674.0,10.0,0.0,0.0,0.0,0.0,675,10,0.0,0.0,0.0,0.0,674.5,0.0
1,885600,VOLCANIC_ROCK_VOUCHER_9500,675.0,19.0,0.0,0.0,0.0,0.0,676,19,0.0,0.0,0.0,0.0,675.5,0.0
1,885700,VOLCANIC_ROCK_VOUCHER_9500,675.0,3.0,0.0,0.0,0.0,0.0,676,20,0.0,0.0,0.0,0.0,675.5,0.0
1,885800,VOLCANIC_ROCK_VOUCHER_9500,675.0,18.0,0.0,0.0,0.0,0.0,676,18,0.0,0.0,0.0,0.0,675.5,0.0
1,885900,VOLCANIC_ROCK_VOUCHER_9500,675.0,17.0,0.0,0.0,0.0,0.0,676,17,0.0,0.0,0.0,0.0,675.5,0.0
1,886000,VOLCANIC_ROCK_VOUCHER_9500,674.0,20.0,0.0,0.0,0.0,0.0,675,20,0.0,0.0,0.0,0.0,674.5,0.0
1,886100,VOLCANIC_ROCK_VOUCHER_9500,676.0,11.0,0.0,0.0,0.0,0.0,677,11,0.0,0.0,0.0,0.0,676.5,0.0
1,886200,VOLCANIC_ROCK_VOUCHER_9500,677.0,13.0,0.0,0.0,0.0,0.0,678,13,0.0,0.0,0.0,0.0,677.5,0.0
1,886300,VOLCANIC_ROCK_VOUCHER_9500,682.0,19.0,0.0,0.0,0.0,0.0,684,19,0.0,0.0,0.0,0.0,683.0,0.0
1,886400,VOLCANIC_ROCK_VOUCHER_9500,682.0,15.0,0.0,0.0,0.0,0.0,683,15,0.0,0.0,0.0,0.0,682.5,0.0
1,886500,VOLCANIC_ROCK_VOUCHER_9500,688.0,17.0,0.0,0.0,0.0,0.0,689,17,0.0,0.0,0.0,0.0,688.5,0.0
1,886600,VOLCANIC_ROCK_VOUCHER_9500,690.0,18.0,0.0,0.0,0.0,0.0,691,18,0.0,0.0,0.0,0.0,690.5,0.0
1,886700,VOLCANIC_ROCK_VOUCHER_9500,690.0,19.0,0.0,0.0,0.0,0.0,691,19,0.0,0.0,0.0,0.0,690.5,0.0
1,886800,VOLCANIC_ROCK_VOUCHER_9500,685.0,20.0,0.0,0.0,0.0,0.0,686,20,0.0,0.0,0.0,0.0,685.5,0.0
1,886900,VOLCANIC_ROCK_VOUCHER_9500,686.0,12.0,0.0,0.0,0.0,0.0,687,12,0.0,0.0,0.0,0.0,686.5,0.0
1,887000,VOLCANIC_ROCK_VOUCHER_9500,684.0,20.0,0.0,0.0,0.0,0.0,685,20,0.0,0.0,0.0,0.0,684.5,0.0
1,887100,VOLCANIC_ROCK_VOUCHER_9500,686.0,11.0,0.0,0.0,0.0,0.0,687,11,0.0,0.0,0.0,0.0,686.5,0.0
1,887200,VOLCANIC_ROCK_VOUCHER_9500,686.0,10.0,0.0,0.0,0.0,0.0,687,10,0.0,0.0,0.0,0.0,686.5,0.0
1,887300,VOLCANIC_ROCK_VOUCHER_9500,682.0,18.0,0.0,0.0,0.0,0.0,683,18,0.0,0.0,0.0,0.0,682.5,0.0
1,887400,VOLCANIC_ROCK_VOUCHER_9500,681.0,20.0,0.0,0.0,0.0,0.0,683,20,0.0,0.0,0.0,0.0,682.0,0.0
1,887500,VOLCANIC_ROCK_VOUCHER_9500,679.0,18.0,0.0,0.0,0.0,0.0,680,18,0.0,0.0,0.0,0.0,679.5,0.0
1,887600,VOLCANIC_ROCK_VOUCHER_9500,679.0,13.0,0.0,0.0,0.0,0.0,680,13,0.0,0.0,0.0,0.0,679.5,0.0
1,887700,VOLCANIC_ROCK_VOUCHER_9500,674.0,14.0,0.0,0.0,0.0,0.0,675,14,0.0,0.0,0.0,0.0,674.5,0.0
1,887800,VOLCANIC_ROCK_VOUCHER_9500,670.0,5.0,669.0,13.0,0.0,0.0,671,13,0.0,0.0,0.0,0.0,670.5,0.0
1,887900,VOLCANIC_ROCK_VOUCHER_9500,669.0,14.0,0.0,0.0,0.0,0.0,670,14,0.0,0.0,0.0,0.0,669.5,0.0
1,888000,VOLCANIC_ROCK_VOUCHER_9500,656.0,22.0,0.0,0.0,0.0,0.0,657,12,0.0,0.0,0.0,0.0,656.5,0.0
1,888100,VOLCANIC_ROCK_VOUCHER_9500,656.0,13.0,0.0,0.0,0.0,0.0,657,13,0.0,0.0,0.0,0.0,656.5,0.0
1,888200,VOLCANIC_ROCK_VOUCHER_9500,660.0,19.0,0.0,0.0,0.0,0.0,661,19,0.0,0.0,0.0,0.0,660.5,0.0
1,888300,VOLCANIC_ROCK_VOUCHER_9500,662.0,14.0,0.0,0.0,0.0,0.0,663,14,0.0,0.0,0.0,0.0,662.5,0.0
1,888400,VOLCANIC_ROCK_VOUCHER_9500,657.0,21.0,0.0,0.0,0.0,0.0,658,21,0.0,0.0,0.0,0.0,657.5,0.0
1,888500,VOLCANIC_ROCK_VOUCHER_9500,657.0,15.0,0.0,0.0,0.0,0.0,659,15,0.0,0.0,0.0,0.0,658.0,0.0
1,888600,VOLCANIC_ROCK_VOUCHER_9500,664.0,18.0,0.0,0.0,0.0,0.0,665,18,0.0,0.0,0.0,0.0,664.5,0.0
1,888700,VOLCANIC_ROCK_VOUCHER_9500,661.0,20.0,0.0,0.0,0.0,0.0,663,20,0.0,0.0,0.0,0.0,662.0,0.0
1,888800,VOLCANIC_ROCK_VOUCHER_9500,657.0,2.0,656.0,20.0,0.0,0.0,658,22,0.0,0.0,0.0,0.0,657.5,0.0
1,888900,VOLCANIC_ROCK_VOUCHER_9500,659.0,20.0,0.0,0.0,0.0,0.0,660,20,0.0,0.0,0.0,0.0,659.5,0.0
1,889000,VOLCANIC_ROCK_VOUCHER_9500,0.0,0.0,0.0,0.0,0.0,0.0,664,1,666.0,13.0,0.0,0.0,664.0,0.0
1,889100,VOLCANIC_ROCK_VOUCHER_9500,663.0,3.0,0.0,0.0,0.0,0.0,664,21,0.0,0.0,0.0,0.0,663.5,0.0
1,889200,VOLCANIC_ROCK_VOUCHER_9500,661.0,19.0,0.0,0.0,0.0,0.0,662,19,0.0,0.0,0.0,0.0,661.5,0.0
1,889300,VOLCANIC_ROCK_VOUCHER_9500,665.0,12.0,0.0,0.0,0.0,0.0,666,12,0.0,0.0,0.0,0.0,665.5,0.0
1,889400,VOLCANIC_ROCK_VOUCHER_9500,665.0,35.0,0.0,0.0,0.0,0.0,666,17,0.0,0.0,0.0,0.0,665.5,0.0
1,889500,VOLCANIC_ROCK_VOUCHER_9500,666.0,11.0,0.0,0.0,0.0,0.0,667,11,0.0,0.0,0.0,0.0,666.5,0.0
1,889600,VOLCANIC_ROCK_VOUCHER_9500,666.0,18.0,0.0,0.0,0.0,0.0,667,18,0.0,0.0,0.0,0.0,666.5,0.0
1,889700,VOLCANIC_ROCK_VOUCHER_9500,666.0,11.0,0.0,0.0,0.0,0.0,668,11,0.0,0.0,0.0,0.0,667.0,0.0
1,889800,VOLCANIC_ROCK_VOUCHER_9500,660.0,17.0,0.0,0.0,0.0,0.0,661,17,0.0,0.0,0.0,0.0,660.5,0.0
1,889900,VOLCANIC_ROCK_VOUCHER_9500,656.0,23.0,0.0,0.0,0.0,0.0,658,12,0.0,0.0,0.0,0.0,657.0,0.0
1,890000,VOLCANIC_ROCK_VOUCHER_9500,660.0,16.0,0.0,0.0,0.0,0.0,661,16,0.0,0.0,0.0,0.0,660.5,0.0
1,890100,VOLCANIC_ROCK_VOUCHER_9500,660.0,17.0,0.0,0.0,0.0,0.0,661,17,0.0,0.0,0.0,0.0,660.5,0.0
1,890200,VOLCANIC_ROCK_VOUCHER_9500,660.0,12.0,0.0,0.0,0.0,0.0,661,12,0.0,0.0,0.0,0.0,660.5,0.0
1,890300,VOLCANIC_ROCK_VOUCHER_9500,664.0,13.0,0.0,0.0,0.0,0.0,665,13,0.0,0.0,0.0,0.0,664.5,0.0
1,890400,VOLCANIC_ROCK_VOUCHER_9500,664.0,20.0,0.0,0.0,0.0,0.0,665,20,0.0,0.0,0.0,0.0,664.5,0.0
1,890500,VOLCANIC_ROCK_VOUCHER_9500,663.0,13.0,0.0,0.0,0.0,0.0,664,17,665.0,14.0,0.0,0.0,663.5,0.0
1,890600,VOLCANIC_ROCK_VOUCHER_9500,660.0,10.0,0.0,0.0,0.0,0.0,661,10,0.0,0.0,0.0,0.0,660.5,0.0
1,890700,VOLCANIC_ROCK_VOUCHER_9500,652.0,22.0,0.0,0.0,0.0,0.0,654,22,0.0,0.0,0.0,0.0,653.0,0.0
1,890800,VOLCANIC_ROCK_VOUCHER_9500,657.0,22.0,0.0,0.0,0.0,0.0,658,22,0.0,0.0,0.0,0.0,657.5,0.0
1,890900,VOLCANIC_ROCK_VOUCHER_9500,655.0,12.0,0.0,0.0,0.0,0.0,656,12,0.0,0.0,0.0,0.0,655.5,0.0
1,891000,VOLCANIC_ROCK_VOUCHER_9500,660.0,20.0,0.0,0.0,0.0,0.0,661,20,0.0,0.0,0.0,0.0,660.5,0.0
1,891100,VOLCANIC_ROCK_VOUCHER_9500,663.0,21.0,0.0,0.0,0.0,0.0,664,21,0.0,0.0,0.0,0.0,663.5,0.0
1,891200,VOLCANIC_ROCK_VOUCHER_9500,662.0,17.0,0.0,0.0,0.0,0.0,663,17,0.0,0.0,0.0,0.0,662.5,0.0
1,891300,VOLCANIC_ROCK_VOUCHER_9500,662.0,20.0,0.0,0.0,0.0,0.0,663,20,0.0,0.0,0.0,0.0,662.5,0.0
1,891400,VOLCANIC_ROCK_VOUCHER_9500,661.0,16.0,0.0,0.0,0.0,0.0,662,16,0.0,0.0,0.0,0.0,661.5,0.0
1,891500,VOLCANIC_ROCK_VOUCHER_9500,663.0,16.0,0.0,0.0,0.0,0.0,664,16,0.0,0.0,0.0,0.0,663.5,0.0
1,891600,VOLCANIC_ROCK_VOUCHER_9500,664.0,18.0,0.0,0.0,0.0,0.0,665,18,0.0,0.0,0.0,0.0,664.5,0.0
1,891700,VOLCANIC_ROCK_VOUCHER_9500,663.0,14.0,0.0,0.0,0.0,0.0,664,14,0.0,0.0,0.0,0.0,663.5,0.0
1,891800,VOLCANIC_ROCK_VOUCHER_9500,667.0,14.0,0.0,0.0,0.0,0.0,668,14,0.0,0.0,0.0,0.0,667.5,0.0
1,891900,VOLCANIC_ROCK_VOUCHER_9500,667.0,16.0,0.0,0.0,0.0,0.0,668,16,0.0,0.0,0.0,0.0,667.5,0.0
1,892000,VOLCANIC_ROCK_VOUCHER_9500,670.0,31.0,0.0,0.0,0.0,0.0,671,21,0.0,0.0,0.0,0.0,670.5,0.0
1,892100,VOLCANIC_ROCK_VOUCHER_9500,673.0,17.0,0.0,0.0,0.0,0.0,674,17,0.0,0.0,0.0,0.0,673.5,0.0
1,892200,VOLCANIC_ROCK_VOUCHER_9500,668.0,21.0,0.0,0.0,0.0,0.0,669,21,0.0,0.0,0.0,0.0,668.5,0.0
1,892300,VOLCANIC_ROCK_VOUCHER_9500,672.0,20.0,0.0,0.0,0.0,0.0,673,20,0.0,0.0,0.0,0.0,672.5,0.0
1,892400,VOLCANIC_ROCK_VOUCHER_9500,668.0,20.0,0.0,0.0,0.0,0.0,669,20,0.0,0.0,0.0,0.0,668.5,0.0
1,892500,VOLCANIC_ROCK_VOUCHER_9500,668.0,17.0,0.0,0.0,0.0,0.0,670,17,0.0,0.0,0.0,0.0,669.0,0.0
1,892600,VOLCANIC_ROCK_VOUCHER_9500,670.0,19.0,0.0,0.0,0.0,0.0,671,19,0.0,0.0,0.0,0.0,670.5,0.0
1,892700,VOLCANIC_ROCK_VOUCHER_9500,672.0,35.0,0.0,0.0,0.0,0.0,673,15,0.0,0.0,0.0,0.0,672.5,0.0
1,892800,VOLCANIC_ROCK_VOUCHER_9500,676.0,13.0,0.0,0.0,0.0,0.0,677,13,0.0,0.0,0.0,0.0,676.5,0.0
1,892900,VOLCANIC_ROCK_VOUCHER_9500,676.0,12.0,0.0,0.0,0.0,0.0,677,12,0.0,0.0,0.0,0.0,676.5,0.0
1,893000,VOLCANIC_ROCK_VOUCHER_9500,678.0,16.0,0.0,0.0,0.0,0.0,679,16,0.0,0.0,0.0,0.0,678.5,0.0
1,893100,VOLCANIC_ROCK_VOUCHER_9500,675.0,12.0,0.0,0.0,0.0,0.0,677,12,0.0,0.0,0.0,0.0,676.0,0.0
1,893200,VOLCANIC_ROCK_VOUCHER_9500,676.0,16.0,0.0,0.0,0.0,0.0,677,16,0.0,0.0,0.0,0.0,676.5,0.0
1,893300,VOLCANIC_ROCK_VOUCHER_9500,680.0,20.0,0.0,0.0,0.0,0.0,681,20,0.0,0.0,0.0,0.0,680.5,0.0
1,893400,VOLCANIC_ROCK_VOUCHER_9500,680.0,33.0,0.0,0.0,0.0,0.0,681,20,0.0,0.0,0.0,0.0,680.5,0.0
1,893500,VOLCANIC_ROCK_VOUCHER_9500,682.0,12.0,0.0,0.0,0.0,0.0,683,12,0.0,0.0,0.0,0.0,682.5,0.0
1,893600,VOLCANIC_ROCK_VOUCHER_9500,679.0,18.0,0.0,0.0,0.0,0.0,680,18,0.0,0.0,0.0,0.0,679.5,0.0
1,893700,VOLCANIC_ROCK_VOUCHER_9500,680.0,15.0,0.0,0.0,0.0,0.0,681,15,0.0,0.0,0.0,0.0,680.5,0.0
1,893800,VOLCANIC_ROCK_VOUCHER_9500,680.0,19.0,0.0,0.0,0.0,0.0,681,19,0.0,0.0,0.0,0.0,680.5,0.0
1,893900,VOLCANIC_ROCK_VOUCHER_9500,680.0,15.0,0.0,0.0,0.0,0.0,682,15,0.0,0.0,0.0,0.0,681.0,0.0
1,894000,VOLCANIC_ROCK_VOUCHER_9500,681.0,21.0,0.0,0.0,0.0,0.0,682,21,0.0,0.0,0.0,0.0,681.5,0.0
1,894100,VOLCANIC_ROCK_VOUCHER_9500,685.0,16.0,0.0,0.0,0.0,0.0,686,16,0.0,0.0,0.0,0.0,685.5,0.0
1,894200,VOLCANIC_ROCK_VOUCHER_9500,686.0,12.0,0.0,0.0,0.0,0.0,687,12,0.0,0.0,0.0,0.0,686.5,0.0
1,894300,VOLCANIC_ROCK_VOUCHER_9500,685.0,13.0,0.0,0.0,0.0,0.0,686,13,0.0,0.0,0.0,0.0,685.5,0.0
1,894400,VOLCANIC_ROCK_VOUCHER_9500,686.0,12.0,0.0,0.0,0.0,0.0,687,12,0.0,0.0,0.0,0.0,686.5,0.0
1,894500,VOLCANIC_ROCK_VOUCHER_9500,686.0,12.0,0.0,0.0,0.0,0.0,687,12,0.0,0.0,0.0,0.0,686.5,0.0
1,894600,VOLCANIC_ROCK_VOUCHER_9500,686.0,15.0,0.0,0.0,0.0,0.0,687,15,0.0,0.0,0.0,0.0,686.5,0.0
1,894700,VOLCANIC_ROCK_VOUCHER_9500,691.0,11.0,0.0,0.0,0.0,0.0,692,11,0.0,0.0,0.0,0.0,691.5,0.0
1,894800,VOLCANIC_ROCK_VOUCHER_9500,695.0,15.0,0.0,0.0,0.0,0.0,696,15,0.0,0.0,0.0,0.0,695.5,0.0
1,894900,VOLCANIC_ROCK_VOUCHER_9500,696.0,18.0,0.0,0.0,0.0,0.0,698,18,0.0,0.0,0.0,0.0,697.0,0.0
1,895000,VOLCANIC_ROCK_VOUCHER_9500,692.0,16.0,0.0,0.0,0.0,0.0,693,16,0.0,0.0,0.0,0.0,692.5,0.0
1,895100,VOLCANIC_ROCK_VOUCHER_9500,693.0,11.0,0.0,0.0,0.0,0.0,694,11,0.0,0.0,0.0,0.0,693.5,0.0
1,895200,VOLCANIC_ROCK_VOUCHER_9500,690.0,18.0,0.0,0.0,0.0,0.0,691,18,0.0,0.0,0.0,0.0,690.5,0.0
1,895300,VOLCANIC_ROCK_VOUCHER_9500,692.0,19.0,0.0,0.0,0.0,0.0,693,19,0.0,0.0,0.0,0.0,692.5,0.0
1,895400,VOLCANIC_ROCK_VOUCHER_9500,691.0,20.0,0.0,0.0,0.0,0.0,692,20,0.0,0.0,0.0,0.0,691.5,0.0
1,895500,VOLCANIC_ROCK_VOUCHER_9500,685.0,20.0,0.0,0.0,0.0,0.0,687,20,0.0,0.0,0.0,0.0,686.0,0.0
1,895600,VOLCANIC_ROCK_VOUCHER_9500,687.0,13.0,0.0,0.0,0.0,0.0,688,13,0.0,0.0,0.0,0.0,687.5,0.0
1,895700,VOLCANIC_ROCK_VOUCHER_9500,687.0,10.0,0.0,0.0,0.0,0.0,688,10,0.0,0.0,0.0,0.0,687.5,0.0
1,895800,VOLCANIC_ROCK_VOUCHER_9500,690.0,4.0,0.0,0.0,0.0,0.0,691,20,0.0,0.0,0.0,0.0,690.5,0.0
1,895900,VOLCANIC_ROCK_VOUCHER_9500,691.0,14.0,0.0,0.0,0.0,0.0,692,14,0.0,0.0,0.0,0.0,691.5,0.0
1,896000,VOLCANIC_ROCK_VOUCHER_9500,695.0,18.0,0.0,0.0,0.0,0.0,696,18,0.0,0.0,0.0,0.0,695.5,0.0
1,896100,VOLCANIC_ROCK_VOUCHER_9500,694.0,17.0,0.0,0.0,0.0,0.0,695,17,0.0,0.0,0.0,0.0,694.5,0.0
1,896200,VOLCANIC_ROCK_VOUCHER_9500,692.0,10.0,0.0,0.0,0.0,0.0,693,10,0.0,0.0,0.0,0.0,692.5,0.0
1,896300,VOLCANIC_ROCK_VOUCHER_9500,692.0,15.0,0.0,0.0,0.0,0.0,694,15,0.0,0.0,0.0,0.0,693.0,0.0
1,896400,VOLCANIC_ROCK_VOUCHER_9500,690.0,16.0,0.0,0.0,0.0,0.0,691,16,0.0,0.0,0.0,0.0,690.5,0.0
1,896500,VOLCANIC_ROCK_VOUCHER_9500,694.0,21.0,0.0,0.0,0.0,0.0,695,21,0.0,0.0,0.0,0.0,694.5,0.0
1,896600,VOLCANIC_ROCK_VOUCHER_9500,697.0,20.0,0.0,0.0,0.0,0.0,698,20,0.0,0.0,0.0,0.0,697.5,0.0
1,896700,VOLCANIC_ROCK_VOUCHER_9500,696.0,15.0,0.0,0.0,0.0,0.0,697,15,0.0,0.0,0.0,0.0,696.5,0.0
1,896800,VOLCANIC_ROCK_VOUCHER_9500,695.0,18.0,0.0,0.0,0.0,0.0,697,18,0.0,0.0,0.0,0.0,696.0,0.0
1,896900,VOLCANIC_ROCK_VOUCHER_9500,702.0,20.0,0.0,0.0,0.0,0.0,703,20,0.0,0.0,0.0,0.0,702.5,0.0
1,897000,VOLCANIC_ROCK_VOUCHER_9500,700.0,9.0,0.0,0.0,0.0,0.0,701,20,0.0,0.0,0.0,0.0,700.5,0.0
1,897100,VOLCANIC_ROCK_VOUCHER_9500,703.0,13.0,0.0,0.0,0.0,0.0,704,13,0.0,0.0,0.0,0.0,703.5,0.0
1,897200,VOLCANIC_ROCK_VOUCHER_9500,703.0,19.0,0.0,0.0,0.0,0.0,704,19,0.0,0.0,0.0,0.0,703.5,0.0
1,897300,VOLCANIC_ROCK_VOUCHER_9500,703.0,12.0,0.0,0.0,0.0,0.0,704,12,0.0,0.0,0.0,0.0,703.5,0.0
1,897400,VOLCANIC_ROCK_VOUCHER_9500,709.0,31.0,0.0,0.0,0.0,0.0,710,20,0.0,0.0,0.0,0.0,709.5,0.0
1,897500,VOLCANIC_ROCK_VOUCHER_9500,715.0,17.0,0.0,0.0,0.0,0.0,717,17,0.0,0.0,0.0,0.0,716.0,0.0
1,897600,VOLCANIC_ROCK_VOUCHER_9500,719.0,16.0,0.0,0.0,0.0,0.0,720,16,0.0,0.0,0.0,0.0,719.5,0.0
1,897700,VOLCANIC_ROCK_VOUCHER_9500,726.0,21.0,0.0,0.0,0.0,0.0,727,21,0.0,0.0,0.0,0.0,726.5,0.0
1,897800,VOLCANIC_ROCK_VOUCHER_9500,737.0,20.0,0.0,0.0,0.0,0.0,738,20,0.0,0.0,0.0,0.0,737.5,0.0
1,897900,VOLCANIC_ROCK_VOUCHER_9500,748.0,11.0,0.0,0.0,0.0,0.0,749,11,0.0,0.0,0.0,0.0,748.5,0.0
1,898000,VOLCANIC_ROCK_VOUCHER_9500,750.0,13.0,0.0,0.0,0.0,0.0,751,13,0.0,0.0,0.0,0.0,750.5,0.0
1,898100,VOLCANIC_ROCK_VOUCHER_9500,761.0,21.0,0.0,0.0,0.0,0.0,762,21,0.0,0.0,0.0,0.0,761.5,0.0
1,898200,VOLCANIC_ROCK_VOUCHER_9500,760.0,16.0,0.0,0.0,0.0,0.0,762,16,0.0,0.0,0.0,0.0,761.0,0.0
1,898300,VOLCANIC_ROCK_VOUCHER_9500,748.0,15.0,0.0,0.0,0.0,0.0,749,15,0.0,0.0,0.0,0.0,748.5,0.0
1,898400,VOLCANIC_ROCK_VOUCHER_9500,742.0,13.0,0.0,0.0,0.0,0.0,743,13,0.0,0.0,0.0,0.0,742.5,0.0
1,898500,VOLCANIC_ROCK_VOUCHER_9500,734.0,11.0,0.0,0.0,0.0,0.0,735,11,0.0,0.0,0.0,0.0,734.5,0.0
1,898600,VOLCANIC_ROCK_VOUCHER_9500,739.0,3.0,0.0,0.0,0.0,0.0,740,18,0.0,0.0,0.0,0.0,739.5,0.0
1,898700,VOLCANIC_ROCK_VOUCHER_9500,731.0,18.0,0.0,0.0,0.0,0.0,732,18,0.0,0.0,0.0,0.0,731.5,0.0
1,898800,VOLCANIC_ROCK_VOUCHER_9500,727.0,13.0,0.0,0.0,0.0,0.0,728,13,0.0,0.0,0.0,0.0,727.5,0.0
1,898900,VOLCANIC_ROCK_VOUCHER_9500,735.0,18.0,0.0,0.0,0.0,0.0,736,18,0.0,0.0,0.0,0.0,735.5,0.0
1,899000,VOLCANIC_ROCK_VOUCHER_9500,734.0,10.0,0.0,0.0,0.0,0.0,735,10,0.0,0.0,0.0,0.0,734.5,0.0
1,899100,VOLCANIC_ROCK_VOUCHER_9500,730.0,15.0,0.0,0.0,0.0,0.0,731,15,0.0,0.0,0.0,0.0,730.5,0.0
1,899200,VOLCANIC_ROCK_VOUCHER_9500,727.0,14.0,0.0,0.0,0.0,0.0,728,14,0.0,0.0,0.0,0.0,727.5,0.0
1,899300,VOLCANIC_ROCK_VOUCHER_9500,734.0,20.0,0.0,0.0,0.0,0.0,736,20,0.0,0.0,0.0,0.0,735.0,0.0
1,899400,VOLCANIC_ROCK_VOUCHER_9500,735.0,13.0,0.0,0.0,0.0,0.0,736,13,0.0,0.0,0.0,0.0,735.5,0.0
1,899500,VOLCANIC_ROCK_VOUCHER_9500,732.0,18.0,0.0,0.0,0.0,0.0,733,18,0.0,0.0,0.0,0.0,732.5,0.0
1,899600,VOLCANIC_ROCK_VOUCHER_9500,730.0,16.0,0.0,0.0,0.0,0.0,731,16,0.0,0.0,0.0,0.0,730.5,0.0
1,899700,VOLCANIC_ROCK_VOUCHER_9500,721.0,21.0,0.0,0.0,0.0,0.0,722,21,0.0,0.0,0.0,0.0,721.5,0.0
1,899800,VOLCANIC_ROCK_VOUCHER_9500,718.0,16.0,0.0,0.0,0.0,0.0,720,16,0.0,0.0,0.0,0.0,719.0,0.0
1,899900,VOLCANIC_ROCK_VOUCHER_9500,723.0,17.0,0.0,0.0,0.0,0.0,725,17,0.0,0.0,0.0,0.0,724.0,0.0
1,900000,VOLCANIC_ROCK_VOUCHER_9500,725.0,19.0,0.0,0.0,0.0,0.0,726,19,0.0,0.0,0.0,0.0,725.5,0.0
1,900100,VOLCANIC_ROCK_VOUCHER_9500,727.0,29.0,0.0,0.0,0.0,0.0,728,14,0.0,0.0,0.0,0.0,727.5,0.0
1,900200,VOLCANIC_ROCK_VOUCHER_9500,723.0,20.0,0.0,0.0,0.0,0.0,725,20,0.0,0.0,0.0,0.0,724.0,0.0
1,900300,VOLCANIC_ROCK_VOUCHER_9500,724.0,20.0,0.0,0.0,0.0,0.0,726,20,0.0,0.0,0.0,0.0,725.0,0.0
1,900400,VOLCANIC_ROCK_VOUCHER_9500,0.0,0.0,0.0,0.0,0.0,0.0,727,7,728.0,11.0,0.0,0.0,727.0,0.0
1,900500,VOLCANIC_ROCK_VOUCHER_9500,733.0,15.0,0.0,0.0,0.0,0.0,734,15,0.0,0.0,0.0,0.0,733.5,0.0
1,900600,VOLCANIC_ROCK_VOUCHER_9500,736.0,13.0,0.0,0.0,0.0,0.0,737,13,0.0,0.0,0.0,0.0,736.5,0.0
1,900700,VOLCANIC_ROCK_VOUCHER_9500,734.0,20.0,0.0,0.0,0.0,0.0,735,20,0.0,0.0,0.0,0.0,734.5,0.0
1,900800,VOLCANIC_ROCK_VOUCHER_9500,731.0,31.0,0.0,0.0,0.0,0.0,732,15,0.0,0.0,0.0,0.0,731.5,0.0
1,900900,VOLCANIC_ROCK_VOUCHER_9500,734.0,19.0,0.0,0.0,0.0,0.0,735,19,0.0,0.0,0.0,0.0,734.5,0.0
1,901000,VOLCANIC_ROCK_VOUCHER_9500,734.0,18.0,0.0,0.0,0.0,0.0,735,18,0.0,0.0,0.0,0.0,734.5,0.0
1,901100,VOLCANIC_ROCK_VOUCHER_9500,732.0,16.0,0.0,0.0,0.0,0.0,733,16,0.0,0.0,0.0,0.0,732.5,0.0
1,901200,VOLCANIC_ROCK_VOUCHER_9500,729.0,19.0,0.0,0.0,0.0,0.0,730,19,0.0,0.0,0.0,0.0,729.5,0.0
1,901300,VOLCANIC_ROCK_VOUCHER_9500,723.0,10.0,0.0,0.0,0.0,0.0,725,10,0.0,0.0,0.0,0.0,724.0,0.0
1,901400,VOLCANIC_ROCK_VOUCHER_9500,726.0,11.0,0.0,0.0,0.0,0.0,727,11,0.0,0.0,0.0,0.0,726.5,0.0
1,901500,VOLCANIC_ROCK_VOUCHER_9500,725.0,21.0,0.0,0.0,0.0,0.0,726,21,0.0,0.0,0.0,0.0,725.5,0.0
1,901600,VOLCANIC_ROCK_VOUCHER_9500,723.0,13.0,0.0,0.0,0.0,0.0,724,13,0.0,0.0,0.0,0.0,723.5,0.0
1,901700,VOLCANIC_ROCK_VOUCHER_9500,732.0,13.0,0.0,0.0,0.0,0.0,733,13,0.0,0.0,0.0,0.0,732.5,0.0
1,901800,VOLCANIC_ROCK_VOUCHER_9500,732.0,18.0,0.0,0.0,0.0,0.0,733,18,0.0,0.0,0.0,0.0,732.5,0.0
1,901900,VOLCANIC_ROCK_VOUCHER_9500,739.0,12.0,0.0,0.0,0.0,0.0,740,12,0.0,0.0,0.0,0.0,739.5,0.0
1,902000,VOLCANIC_ROCK_VOUCHER_9500,742.0,12.0,0.0,0.0,0.0,0.0,743,12,0.0,0.0,0.0,0.0,742.5,0.0
1,902100,VOLCANIC_ROCK_VOUCHER_9500,741.0,16.0,0.0,0.0,0.0,0.0,742,16,0.0,0.0,0.0,0.0,741.5,0.0
1,902200,VOLCANIC_ROCK_VOUCHER_9500,742.0,15.0,0.0,0.0,0.0,0.0,744,15,0.0,0.0,0.0,0.0,743.0,0.0
1,902300,VOLCANIC_ROCK_VOUCHER_9500,739.0,13.0,0.0,0.0,0.0,0.0,740,13,0.0,0.0,0.0,0.0,739.5,0.0
1,902400,VOLCANIC_ROCK_VOUCHER_9500,740.0,16.0,0.0,0.0,0.0,0.0,741,16,0.0,0.0,0.0,0.0,740.5,0.0
1,902500,VOLCANIC_ROCK_VOUCHER_9500,735.0,16.0,0.0,0.0,0.0,0.0,736,16,0.0,0.0,0.0,0.0,735.5,0.0
1,902600,VOLCANIC_ROCK_VOUCHER_9500,737.0,16.0,0.0,0.0,0.0,0.0,738,16,0.0,0.0,0.0,0.0,737.5,0.0
1,902700,VOLCANIC_ROCK_VOUCHER_9500,737.0,13.0,0.0,0.0,0.0,0.0,738,13,0.0,0.0,0.0,0.0,737.5,0.0
1,902800,VOLCANIC_ROCK_VOUCHER_9500,737.0,11.0,0.0,0.0,0.0,0.0,738,11,0.0,0.0,0.0,0.0,737.5,0.0
1,902900,VOLCANIC_ROCK_VOUCHER_9500,736.0,0.0,0.0,0.0,0.0,0.0,737,17,0.0,0.0,0.0,0.0,736.5,0.0
1,903000,VOLCANIC_ROCK_VOUCHER_9500,731.0,15.0,0.0,0.0,0.0,0.0,732,15,0.0,0.0,0.0,0.0,731.5,0.0
1,903100,VOLCANIC_ROCK_VOUCHER_9500,734.0,13.0,0.0,0.0,0.0,0.0,735,13,0.0,0.0,0.0,0.0,734.5,0.0
1,903200,VOLCANIC_ROCK_VOUCHER_9500,735.0,12.0,0.0,0.0,0.0,0.0,736,12,0.0,0.0,0.0,0.0,735.5,0.0
1,903300,VOLCANIC_ROCK_VOUCHER_9500,732.0,11.0,0.0,0.0,0.0,0.0,733,11,0.0,0.0,0.0,0.0,732.5,0.0
1,903400,VOLCANIC_ROCK_VOUCHER_9500,733.0,38.0,0.0,0.0,0.0,0.0,734,20,0.0,0.0,0.0,0.0,733.5,0.0
1,903500,VOLCANIC_ROCK_VOUCHER_9500,735.0,13.0,0.0,0.0,0.0,0.0,737,13,0.0,0.0,0.0,0.0,736.0,0.0
1,903600,VOLCANIC_ROCK_VOUCHER_9500,735.0,13.0,0.0,0.0,0.0,0.0,737,13,0.0,0.0,0.0,0.0,736.0,0.0
1,903700,VOLCANIC_ROCK_VOUCHER_9500,733.0,13.0,0.0,0.0,0.0,0.0,734,13,0.0,0.0,0.0,0.0,733.5,0.0
1,903800,VOLCANIC_ROCK_VOUCHER_9500,725.0,19.0,0.0,0.0,0.0,0.0,726,19,0.0,0.0,0.0,0.0,725.5,0.0
1,903900,VOLCANIC_ROCK_VOUCHER_9500,728.0,14.0,0.0,0.0,0.0,0.0,729,14,0.0,0.0,0.0,0.0,728.5,0.0
1,904000,VOLCANIC_ROCK_VOUCHER_9500,728.0,12.0,0.0,0.0,0.0,0.0,729,12,0.0,0.0,0.0,0.0,728.5,0.0
1,904100,VOLCANIC_ROCK_VOUCHER_9500,723.0,13.0,0.0,0.0,0.0,0.0,724,13,0.0,0.0,0.0,0.0,723.5,0.0
1,904200,VOLCANIC_ROCK_VOUCHER_9500,723.0,16.0,0.0,0.0,0.0,0.0,724,16,0.0,0.0,0.0,0.0,723.5,0.0
1,904300,VOLCANIC_ROCK_VOUCHER_9500,717.0,13.0,0.0,0.0,0.0,0.0,718,13,0.0,0.0,0.0,0.0,717.5,0.0
1,904400,VOLCANIC_ROCK_VOUCHER_9500,717.0,19.0,0.0,0.0,0.0,0.0,718,19,0.0,0.0,0.0,0.0,717.5,0.0
1,904500,VOLCANIC_ROCK_VOUCHER_9500,720.0,13.0,0.0,0.0,0.0,0.0,721,14,722.0,13.0,0.0,0.0,720.5,0.0
1,904600,VOLCANIC_ROCK_VOUCHER_9500,718.0,15.0,0.0,0.0,0.0,0.0,719,15,0.0,0.0,0.0,0.0,718.5,0.0
1,904700,VOLCANIC_ROCK_VOUCHER_9500,716.0,17.0,0.0,0.0,0.0,0.0,717,17,0.0,0.0,0.0,0.0,716.5,0.0
1,904800,VOLCANIC_ROCK_VOUCHER_9500,0.0,0.0,0.0,0.0,0.0,0.0,711,2,712.0,10.0,0.0,0.0,711.0,0.0
1,904900,VOLCANIC_ROCK_VOUCHER_9500,715.0,18.0,0.0,0.0,0.0,0.0,716,2,717.0,16.0,0.0,0.0,715.5,0.0
1,905000,VOLCANIC_ROCK_VOUCHER_9500,718.0,29.0,0.0,0.0,0.0,0.0,719,19,0.0,0.0,0.0,0.0,718.5,0.0
1,905100,VOLCANIC_ROCK_VOUCHER_9500,719.0,20.0,0.0,0.0,0.0,0.0,720,20,0.0,0.0,0.0,0.0,719.5,0.0
1,905200,VOLCANIC_ROCK_VOUCHER_9500,721.0,2.0,720.0,19.0,0.0,0.0,722,21,0.0,0.0,0.0,0.0,721.5,0.0
1,905300,VOLCANIC_ROCK_VOUCHER_9500,0.0,0.0,0.0,0.0,0.0,0.0,723,7,724.0,16.0,0.0,0.0,723.0,0.0
1,905400,VOLCANIC_ROCK_VOUCHER_9500,722.0,12.0,0.0,0.0,0.0,0.0,723,12,0.0,0.0,0.0,0.0,722.5,0.0
1,905500,VOLCANIC_ROCK_VOUCHER_9500,722.0,18.0,0.0,0.0,0.0,0.0,724,18,0.0,0.0,0.0,0.0,723.0,0.0
1,905600,VOLCANIC_ROCK_VOUCHER_9500,727.0,16.0,0.0,0.0,0.0,0.0,728,16,0.0,0.0,0.0,0.0,727.5,0.0
1,905700,VOLCANIC_ROCK_VOUCHER_9500,723.0,20.0,0.0,0.0,0.0,0.0,724,20,0.0,0.0,0.0,0.0,723.5,0.0
1,905800,VOLCANIC_ROCK_VOUCHER_9500,723.0,13.0,0.0,0.0,0.0,0.0,724,13,0.0,0.0,0.0,0.0,723.5,0.0
1,905900,VOLCANIC_ROCK_VOUCHER_9500,727.0,17.0,0.0,0.0,0.0,0.0,728,17,0.0,0.0,0.0,0.0,727.5,0.0
1,906000,VOLCANIC_ROCK_VOUCHER_9500,726.0,16.0,0.0,0.0,0.0,0.0,727,16,0.0,0.0,0.0,0.0,726.5,0.0
1,906100,VOLCANIC_ROCK_VOUCHER_9500,731.0,11.0,0.0,0.0,0.0,0.0,732,11,0.0,0.0,0.0,0.0,731.5,0.0
1,906200,VOLCANIC_ROCK_VOUCHER_9500,731.0,21.0,0.0,0.0,0.0,0.0,732,21,0.0,0.0,0.0,0.0,731.5,0.0
1,906300,VOLCANIC_ROCK_VOUCHER_9500,729.0,24.0,0.0,0.0,0.0,0.0,730,13,0.0,0.0,0.0,0.0,729.5,0.0
1,906400,VOLCANIC_ROCK_VOUCHER_9500,729.0,16.0,0.0,0.0,0.0,0.0,730,16,0.0,0.0,0.0,0.0,729.5,0.0
1,906500,VOLCANIC_ROCK_VOUCHER_9500,725.0,12.0,0.0,0.0,0.0,0.0,726,12,0.0,0.0,0.0,0.0,725.5,0.0
1,906600,VOLCANIC_ROCK_VOUCHER_9500,729.0,12.0,0.0,0.0,0.0,0.0,730,12,0.0,0.0,0.0,0.0,729.5,0.0
1,906700,VOLCANIC_ROCK_VOUCHER_9500,729.0,16.0,0.0,0.0,0.0,0.0,730,16,0.0,0.0,0.0,0.0,729.5,0.0
1,906800,VOLCANIC_ROCK_VOUCHER_9500,0.0,0.0,0.0,0.0,0.0,0.0,727,3,728.0,12.0,0.0,0.0,727.0,0.0
1,906900,VOLCANIC_ROCK_VOUCHER_9500,726.0,20.0,0.0,0.0,0.0,0.0,727,20,0.0,0.0,0.0,0.0,726.5,0.0
1,907000,VOLCANIC_ROCK_VOUCHER_9500,726.0,17.0,0.0,0.0,0.0,0.0,727,17,0.0,0.0,0.0,0.0,726.5,0.0
1,907100,VOLCANIC_ROCK_VOUCHER_9500,726.0,14.0,0.0,0.0,0.0,0.0,727,14,0.0,0.0,0.0,0.0,726.5,0.0
1,907200,VOLCANIC_ROCK_VOUCHER_9500,726.0,16.0,0.0,0.0,0.0,0.0,727,16,0.0,0.0,0.0,0.0,726.5,0.0
1,907300,VOLCANIC_ROCK_VOUCHER_9500,731.0,17.0,0.0,0.0,0.0,0.0,732,17,0.0,0.0,0.0,0.0,731.5,0.0
1,907400,VOLCANIC_ROCK_VOUCHER_9500,731.0,13.0,0.0,0.0,0.0,0.0,732,13,0.0,0.0,0.0,0.0,731.5,0.0
1,907500,VOLCANIC_ROCK_VOUCHER_9500,729.0,11.0,0.0,0.0,0.0,0.0,731,11,0.0,0.0,0.0,0.0,730.0,0.0
1,907600,VOLCANIC_ROCK_VOUCHER_9500,729.0,22.0,0.0,0.0,0.0,0.0,730,22,0.0,0.0,0.0,0.0,729.5,0.0
1,907700,VOLCANIC_ROCK_VOUCHER_9500,728.0,14.0,0.0,0.0,0.0,0.0,729,14,0.0,0.0,0.0,0.0,728.5,0.0
1,907800,VOLCANIC_ROCK_VOUCHER_9500,727.0,15.0,0.0,0.0,0.0,0.0,728,15,0.0,0.0,0.0,0.0,727.5,0.0
1,907900,VOLCANIC_ROCK_VOUCHER_9500,726.0,4.0,0.0,0.0,0.0,0.0,727,15,0.0,0.0,0.0,0.0,726.5,0.0
1,908000,VOLCANIC_ROCK_VOUCHER_9500,724.0,12.0,0.0,0.0,0.0,0.0,725,12,0.0,0.0,0.0,0.0,724.5,0.0
1,908100,VOLCANIC_ROCK_VOUCHER_9500,721.0,17.0,0.0,0.0,0.0,0.0,722,17,0.0,0.0,0.0,0.0,721.5,0.0
1,908200,VOLCANIC_ROCK_VOUCHER_9500,721.0,32.0,0.0,0.0,0.0,0.0,722,17,0.0,0.0,0.0,0.0,721.5,0.0
1,908300,VOLCANIC_ROCK_VOUCHER_9500,722.0,20.0,0.0,0.0,0.0,0.0,723,20,0.0,0.0,0.0,0.0,722.5,0.0
1,908400,VOLCANIC_ROCK_VOUCHER_9500,718.0,17.0,0.0,0.0,0.0,0.0,719,17,0.0,0.0,0.0,0.0,718.5,0.0
1,908500,VOLCANIC_ROCK_VOUCHER_9500,713.0,15.0,0.0,0.0,0.0,0.0,714,15,0.0,0.0,0.0,0.0,713.5,0.0
1,908600,VOLCANIC_ROCK_VOUCHER_9500,715.0,11.0,0.0,0.0,0.0,0.0,716,11,0.0,0.0,0.0,0.0,715.5,0.0
1,908700,VOLCANIC_ROCK_VOUCHER_9500,715.0,22.0,0.0,0.0,0.0,0.0,716,22,0.0,0.0,0.0,0.0,715.5,0.0
1,908800,VOLCANIC_ROCK_VOUCHER_9500,711.0,13.0,0.0,0.0,0.0,0.0,712,13,0.0,0.0,0.0,0.0,711.5,0.0
1,908900,VOLCANIC_ROCK_VOUCHER_9500,711.0,15.0,0.0,0.0,0.0,0.0,712,15,0.0,0.0,0.0,0.0,711.5,0.0
1,909000,VOLCANIC_ROCK_VOUCHER_9500,714.0,13.0,0.0,0.0,0.0,0.0,715,13,0.0,0.0,0.0,0.0,714.5,0.0
1,909100,VOLCANIC_ROCK_VOUCHER_9500,713.0,16.0,0.0,0.0,0.0,0.0,714,16,0.0,0.0,0.0,0.0,713.5,0.0
1,909200,VOLCANIC_ROCK_VOUCHER_9500,711.0,15.0,0.0,0.0,0.0,0.0,712,15,0.0,0.0,0.0,0.0,711.5,0.0
1,909300,VOLCANIC_ROCK_VOUCHER_9500,0.0,0.0,0.0,0.0,0.0,0.0,712,5,713.0,13.0,0.0,0.0,712.0,0.0
1,909400,VOLCANIC_ROCK_VOUCHER_9500,715.0,13.0,0.0,0.0,0.0,0.0,716,13,0.0,0.0,0.0,0.0,715.5,0.0
1,909500,VOLCANIC_ROCK_VOUCHER_9500,712.0,10.0,0.0,0.0,0.0,0.0,713,10,0.0,0.0,0.0,0.0,712.5,0.0
1,909600,VOLCANIC_ROCK_VOUCHER_9500,712.0,18.0,0.0,0.0,0.0,0.0,713,18,0.0,0.0,0.0,0.0,712.5,0.0
1,909700,VOLCANIC_ROCK_VOUCHER_9500,704.0,17.0,0.0,0.0,0.0,0.0,705,17,0.0,0.0,0.0,0.0,704.5,0.0
1,909800,VOLCANIC_ROCK_VOUCHER_9500,704.0,14.0,0.0,0.0,0.0,0.0,705,1,706.0,13.0,0.0,0.0,704.5,0.0
1,909900,VOLCANIC_ROCK_VOUCHER_9500,701.0,14.0,0.0,0.0,0.0,0.0,702,14,0.0,0.0,0.0,0.0,701.5,0.0
1,910000,VOLCANIC_ROCK_VOUCHER_9500,702.0,14.0,0.0,0.0,0.0,0.0,703,19,704.0,14.0,0.0,0.0,702.5,0.0
1,910100,VOLCANIC_ROCK_VOUCHER_9500,704.0,14.0,0.0,0.0,0.0,0.0,705,14,0.0,0.0,0.0,0.0,704.5,0.0
1,910200,VOLCANIC_ROCK_VOUCHER_9500,701.0,19.0,700.0,19.0,0.0,0.0,702,19,0.0,0.0,0.0,0.0,701.5,0.0
1,910300,VOLCANIC_ROCK_VOUCHER_9500,700.0,18.0,0.0,0.0,0.0,0.0,701,18,0.0,0.0,0.0,0.0,700.5,0.0
1,910400,VOLCANIC_ROCK_VOUCHER_9500,701.0,17.0,0.0,0.0,0.0,0.0,702,17,0.0,0.0,0.0,0.0,701.5,0.0
1,910500,VOLCANIC_ROCK_VOUCHER_9500,697.0,13.0,0.0,0.0,0.0,0.0,699,13,0.0,0.0,0.0,0.0,698.0,0.0
1,910600,VOLCANIC_ROCK_VOUCHER_9500,696.0,10.0,0.0,0.0,0.0,0.0,697,10,0.0,0.0,0.0,0.0,696.5,0.0
1,910700,VOLCANIC_ROCK_VOUCHER_9500,700.0,14.0,0.0,0.0,0.0,0.0,701,14,0.0,0.0,0.0,0.0,700.5,0.0
1,910800,VOLCANIC_ROCK_VOUCHER_9500,705.0,21.0,0.0,0.0,0.0,0.0,706,21,0.0,0.0,0.0,0.0,705.5,0.0
1,910900,VOLCANIC_ROCK_VOUCHER_9500,703.0,12.0,0.0,0.0,0.0,0.0,705,12,0.0,0.0,0.0,0.0,704.0,0.0
1,911000,VOLCANIC_ROCK_VOUCHER_9500,706.0,14.0,0.0,0.0,0.0,0.0,707,14,0.0,0.0,0.0,0.0,706.5,0.0
1,911100,VOLCANIC_ROCK_VOUCHER_9500,699.0,16.0,0.0,0.0,0.0,0.0,700,16,0.0,0.0,0.0,0.0,699.5,0.0
1,911200,VOLCANIC_ROCK_VOUCHER_9500,696.0,16.0,0.0,0.0,0.0,0.0,697,16,0.0,0.0,0.0,0.0,696.5,0.0
1,911300,VOLCANIC_ROCK_VOUCHER_9500,701.0,16.0,0.0,0.0,0.0,0.0,702,16,0.0,0.0,0.0,0.0,701.5,0.0
1,911400,VOLCANIC_ROCK_VOUCHER_9500,699.0,13.0,0.0,0.0,0.0,0.0,700,13,0.0,0.0,0.0,0.0,699.5,0.0
1,911500,VOLCANIC_ROCK_VOUCHER_9500,699.0,18.0,0.0,0.0,0.0,0.0,700,18,0.0,0.0,0.0,0.0,699.5,0.0
1,911600,VOLCANIC_ROCK_VOUCHER_9500,699.0,14.0,0.0,0.0,0.0,0.0,700,14,0.0,0.0,0.0,0.0,699.5,0.0
1,911700,VOLCANIC_ROCK_VOUCHER_9500,700.0,21.0,0.0,0.0,0.0,0.0,701,21,0.0,0.0,0.0,0.0,700.5,0.0
1,911800,VOLCANIC_ROCK_VOUCHER_9500,701.0,29.0,0.0,0.0,0.0,0.0,702,14,0.0,0.0,0.0,0.0,701.5,0.0
1,911900,VOLCANIC_ROCK_VOUCHER_9500,699.0,22.0,0.0,0.0,0.0,0.0,700,22,0.0,0.0,0.0,0.0,699.5,0.0
1,912000,VOLCANIC_ROCK_VOUCHER_9500,696.0,21.0,0.0,0.0,0.0,0.0,697,21,0.0,0.0,0.0,0.0,696.5,0.0
1,912100,VOLCANIC_ROCK_VOUCHER_9500,697.0,10.0,0.0,0.0,0.0,0.0,698,10,0.0,0.0,0.0,0.0,697.5,0.0
1,912200,VOLCANIC_ROCK_VOUCHER_9500,698.0,15.0,0.0,0.0,0.0,0.0,699,15,0.0,0.0,0.0,0.0,698.5,0.0
1,912300,VOLCANIC_ROCK_VOUCHER_9500,700.0,19.0,0.0,0.0,0.0,0.0,701,19,0.0,0.0,0.0,0.0,700.5,0.0
1,912400,VOLCANIC_ROCK_VOUCHER_9500,701.0,17.0,0.0,0.0,0.0,0.0,702,17,0.0,0.0,0.0,0.0,701.5,0.0
1,912500,VOLCANIC_ROCK_VOUCHER_9500,699.0,17.0,0.0,0.0,0.0,0.0,700,17,0.0,0.0,0.0,0.0,699.5,0.0
1,912600,VOLCANIC_ROCK_VOUCHER_9500,696.0,19.0,0.0,0.0,0.0,0.0,697,19,0.0,0.0,0.0,0.0,696.5,0.0
1,912700,VOLCANIC_ROCK_VOUCHER_9500,697.0,11.0,0.0,0.0,0.0,0.0,698,11,0.0,0.0,0.0,0.0,697.5,0.0
1,912800,VOLCANIC_ROCK_VOUCHER_9500,701.0,11.0,0.0,0.0,0.0,0.0,702,11,0.0,0.0,0.0,0.0,701.5,0.0
1,912900,VOLCANIC_ROCK_VOUCHER_9500,699.0,18.0,0.0,0.0,0.0,0.0,701,18,0.0,0.0,0.0,0.0,700.0,0.0
1,913000,VOLCANIC_ROCK_VOUCHER_9500,698.0,16.0,0.0,0.0,0.0,0.0,699,16,0.0,0.0,0.0,0.0,698.5,0.0
1,913100,VOLCANIC_ROCK_VOUCHER_9500,701.0,11.0,0.0,0.0,0.0,0.0,702,11,0.0,0.0,0.0,0.0,701.5,0.0
1,913200,VOLCANIC_ROCK_VOUCHER_9500,701.0,20.0,0.0,0.0,0.0,0.0,702,15,0.0,0.0,0.0,0.0,701.5,0.0
1,913300,VOLCANIC_ROCK_VOUCHER_9500,708.0,18.0,0.0,0.0,0.0,0.0,709,18,0.0,0.0,0.0,0.0,708.5,0.0
1,913400,VOLCANIC_ROCK_VOUCHER_9500,713.0,0.0,0.0,0.0,0.0,0.0,714,16,0.0,0.0,0.0,0.0,713.5,0.0
1,913500,VOLCANIC_ROCK_VOUCHER_9500,706.0,15.0,0.0,0.0,0.0,0.0,707,15,0.0,0.0,0.0,0.0,706.5,0.0
1,913600,VOLCANIC_ROCK_VOUCHER_9500,706.0,13.0,0.0,0.0,0.0,0.0,707,13,0.0,0.0,0.0,0.0,706.5,0.0
1,913700,VOLCANIC_ROCK_VOUCHER_9500,706.0,12.0,0.0,0.0,0.0,0.0,708,12,0.0,0.0,0.0,0.0,707.0,0.0
1,913800,VOLCANIC_ROCK_VOUCHER_9500,705.0,28.0,0.0,0.0,0.0,0.0,706,21,0.0,0.0,0.0,0.0,705.5,0.0
1,913900,VOLCANIC_ROCK_VOUCHER_9500,711.0,15.0,0.0,0.0,0.0,0.0,712,15,0.0,0.0,0.0,0.0,711.5,0.0
1,914000,VOLCANIC_ROCK_VOUCHER_9500,710.0,19.0,0.0,0.0,0.0,0.0,711,19,0.0,0.0,0.0,0.0,710.5,0.0
1,914100,VOLCANIC_ROCK_VOUCHER_9500,707.0,12.0,0.0,0.0,0.0,0.0,709,12,0.0,0.0,0.0,0.0,708.0,0.0
1,914200,VOLCANIC_ROCK_VOUCHER_9500,709.0,19.0,0.0,0.0,0.0,0.0,710,19,0.0,0.0,0.0,0.0,709.5,0.0
1,914300,VOLCANIC_ROCK_VOUCHER_9500,707.0,12.0,0.0,0.0,0.0,0.0,708,12,0.0,0.0,0.0,0.0,707.5,0.0
1,914400,VOLCANIC_ROCK_VOUCHER_9500,701.0,20.0,0.0,0.0,0.0,0.0,702,20,0.0,0.0,0.0,0.0,701.5,0.0
1,914500,VOLCANIC_ROCK_VOUCHER_9500,702.0,13.0,0.0,0.0,0.0,0.0,704,13,0.0,0.0,0.0,0.0,703.0,0.0
1,914600,VOLCANIC_ROCK_VOUCHER_9500,704.0,20.0,0.0,0.0,0.0,0.0,705,20,0.0,0.0,0.0,0.0,704.5,0.0
1,914700,VOLCANIC_ROCK_VOUCHER_9500,707.0,15.0,0.0,0.0,0.0,0.0,708,15,0.0,0.0,0.0,0.0,707.5,0.0
1,914800,VOLCANIC_ROCK_VOUCHER_9500,709.0,21.0,0.0,0.0,0.0,0.0,710,21,0.0,0.0,0.0,0.0,709.5,0.0
1,914900,VOLCANIC_ROCK_VOUCHER_9500,707.0,11.0,0.0,0.0,0.0,0.0,708,11,0.0,0.0,0.0,0.0,707.5,0.0
1,915000,VOLCANIC_ROCK_VOUCHER_9500,707.0,17.0,0.0,0.0,0.0,0.0,708,17,0.0,0.0,0.0,0.0,707.5,0.0
1,915100,VOLCANIC_ROCK_VOUCHER_9500,706.0,15.0,0.0,0.0,0.0,0.0,707,15,0.0,0.0,0.0,0.0,706.5,0.0
1,915200,VOLCANIC_ROCK_VOUCHER_9500,708.0,5.0,0.0,0.0,0.0,0.0,709,16,0.0,0.0,0.0,0.0,708.5,0.0
1,915300,VOLCANIC_ROCK_VOUCHER_9500,708.0,14.0,0.0,0.0,0.0,0.0,709,14,0.0,0.0,0.0,0.0,708.5,0.0
1,915400,VOLCANIC_ROCK_VOUCHER_9500,706.0,19.0,0.0,0.0,0.0,0.0,708,19,0.0,0.0,0.0,0.0,707.0,0.0
1,915500,VOLCANIC_ROCK_VOUCHER_9500,706.0,12.0,0.0,0.0,0.0,0.0,707,12,0.0,0.0,0.0,0.0,706.5,0.0
1,915600,VOLCANIC_ROCK_VOUCHER_9500,708.0,21.0,0.0,0.0,0.0,0.0,709,21,0.0,0.0,0.0,0.0,708.5,0.0
1,915700,VOLCANIC_ROCK_VOUCHER_9500,709.0,13.0,0.0,0.0,0.0,0.0,710,13,0.0,0.0,0.0,0.0,709.5,0.0
1,915800,VOLCANIC_ROCK_VOUCHER_9500,712.0,13.0,0.0,0.0,0.0,0.0,713,13,0.0,0.0,0.0,0.0,712.5,0.0
1,915900,VOLCANIC_ROCK_VOUCHER_9500,712.0,18.0,0.0,0.0,0.0,0.0,713,18,0.0,0.0,0.0,0.0,712.5,0.0
1,916000,VOLCANIC_ROCK_VOUCHER_9500,709.0,12.0,0.0,0.0,0.0,0.0,711,12,0.0,0.0,0.0,0.0,710.0,0.0
1,916100,VOLCANIC_ROCK_VOUCHER_9500,708.0,37.0,0.0,0.0,0.0,0.0,709,17,0.0,0.0,0.0,0.0,708.5,0.0
1,916200,VOLCANIC_ROCK_VOUCHER_9500,716.0,21.0,0.0,0.0,0.0,0.0,717,21,0.0,0.0,0.0,0.0,716.5,0.0
1,916300,VOLCANIC_ROCK_VOUCHER_9500,717.0,18.0,0.0,0.0,0.0,0.0,718,18,0.0,0.0,0.0,0.0,717.5,0.0
1,916400,VOLCANIC_ROCK_VOUCHER_9500,719.0,16.0,0.0,0.0,0.0,0.0,720,16,0.0,0.0,0.0,0.0,719.5,0.0
1,916500,VOLCANIC_ROCK_VOUCHER_9500,715.0,14.0,0.0,0.0,0.0,0.0,716,14,0.0,0.0,0.0,0.0,715.5,0.0
1,916600,VOLCANIC_ROCK_VOUCHER_9500,715.0,19.0,0.0,0.0,0.0,0.0,716,19,0.0,0.0,0.0,0.0,715.5,0.0
1,916700,VOLCANIC_ROCK_VOUCHER_9500,715.0,12.0,0.0,0.0,0.0,0.0,716,12,0.0,0.0,0.0,0.0,715.5,0.0
1,916800,VOLCANIC_ROCK_VOUCHER_9500,717.0,10.0,0.0,0.0,0.0,0.0,718,10,0.0,0.0,0.0,0.0,717.5,0.0
1,916900,VOLCANIC_ROCK_VOUCHER_9500,716.0,12.0,0.0,0.0,0.0,0.0,717,12,0.0,0.0,0.0,0.0,716.5,0.0
1,917000,VOLCANIC_ROCK_VOUCHER_9500,714.0,19.0,0.0,0.0,0.0,0.0,715,19,0.0,0.0,0.0,0.0,714.5,0.0
1,917100,VOLCANIC_ROCK_VOUCHER_9500,715.0,15.0,0.0,0.0,0.0,0.0,716,15,0.0,0.0,0.0,0.0,715.5,0.0
1,917200,VOLCANIC_ROCK_VOUCHER_9500,717.0,3.0,0.0,0.0,0.0,0.0,718,17,0.0,0.0,0.0,0.0,717.5,0.0
1,917300,VOLCANIC_ROCK_VOUCHER_9500,717.0,12.0,0.0,0.0,0.0,0.0,718,12,0.0,0.0,0.0,0.0,717.5,0.0
1,917400,VOLCANIC_ROCK_VOUCHER_9500,714.0,29.0,0.0,0.0,0.0,0.0,715,19,0.0,0.0,0.0,0.0,714.5,0.0
1,917500,VOLCANIC_ROCK_VOUCHER_9500,709.0,15.0,0.0,0.0,0.0,0.0,710,15,0.0,0.0,0.0,0.0,709.5,0.0
1,917600,VOLCANIC_ROCK_VOUCHER_9500,708.0,10.0,0.0,0.0,0.0,0.0,709,10,0.0,0.0,0.0,0.0,708.5,0.0
1,917700,VOLCANIC_ROCK_VOUCHER_9500,708.0,17.0,0.0,0.0,0.0,0.0,709,17,0.0,0.0,0.0,0.0,708.5,0.0
1,917800,VOLCANIC_ROCK_VOUCHER_9500,707.0,19.0,0.0,0.0,0.0,0.0,708,19,0.0,0.0,0.0,0.0,707.5,0.0
1,917900,VOLCANIC_ROCK_VOUCHER_9500,706.0,10.0,0.0,0.0,0.0,0.0,707,10,0.0,0.0,0.0,0.0,706.5,0.0
1,918000,VOLCANIC_ROCK_VOUCHER_9500,709.0,21.0,0.0,0.0,0.0,0.0,710,21,0.0,0.0,0.0,0.0,709.5,0.0
1,918100,VOLCANIC_ROCK_VOUCHER_9500,706.0,17.0,0.0,0.0,0.0,0.0,707,17,0.0,0.0,0.0,0.0,706.5,0.0
1,918200,VOLCANIC_ROCK_VOUCHER_9500,709.0,19.0,0.0,0.0,0.0,0.0,710,19,0.0,0.0,0.0,0.0,709.5,0.0
1,918300,VOLCANIC_ROCK_VOUCHER_9500,0.0,0.0,0.0,0.0,0.0,0.0,707,1,708.0,12.0,0.0,0.0,707.0,0.0
1,918400,VOLCANIC_ROCK_VOUCHER_9500,707.0,19.0,0.0,0.0,0.0,0.0,708,19,0.0,0.0,0.0,0.0,707.5,0.0
1,918500,VOLCANIC_ROCK_VOUCHER_9500,706.0,18.0,0.0,0.0,0.0,0.0,707,18,0.0,0.0,0.0,0.0,706.5,0.0
1,918600,VOLCANIC_ROCK_VOUCHER_9500,708.0,31.0,0.0,0.0,0.0,0.0,709,19,0.0,0.0,0.0,0.0,708.5,0.0
1,918700,VOLCANIC_ROCK_VOUCHER_9500,709.0,15.0,0.0,0.0,0.0,0.0,710,15,0.0,0.0,0.0,0.0,709.5,0.0
1,918800,VOLCANIC_ROCK_VOUCHER_9500,709.0,20.0,0.0,0.0,0.0,0.0,710,20,0.0,0.0,0.0,0.0,709.5,0.0
1,918900,VOLCANIC_ROCK_VOUCHER_9500,0.0,0.0,0.0,0.0,0.0,0.0,711,2,712.0,11.0,0.0,0.0,711.0,0.0
1,919000,VOLCANIC_ROCK_VOUCHER_9500,710.0,14.0,0.0,0.0,0.0,0.0,711,14,0.0,0.0,0.0,0.0,710.5,0.0
1,919100,VOLCANIC_ROCK_VOUCHER_9500,710.0,20.0,0.0,0.0,0.0,0.0,711,20,0.0,0.0,0.0,0.0,710.5,0.0
1,919200,VOLCANIC_ROCK_VOUCHER_9500,707.0,16.0,0.0,0.0,0.0,0.0,708,16,0.0,0.0,0.0,0.0,707.5,0.0
1,919300,VOLCANIC_ROCK_VOUCHER_9500,708.0,12.0,0.0,0.0,0.0,0.0,709,12,0.0,0.0,0.0,0.0,708.5,0.0
1,919400,VOLCANIC_ROCK_VOUCHER_9500,706.0,16.0,0.0,0.0,0.0,0.0,707,16,0.0,0.0,0.0,0.0,706.5,0.0
1,919500,VOLCANIC_ROCK_VOUCHER_9500,705.0,14.0,0.0,0.0,0.0,0.0,706,14,0.0,0.0,0.0,0.0,705.5,0.0
1,919600,VOLCANIC_ROCK_VOUCHER_9500,703.0,19.0,0.0,0.0,0.0,0.0,704,19,0.0,0.0,0.0,0.0,703.5,0.0
1,919700,VOLCANIC_ROCK_VOUCHER_9500,704.0,16.0,0.0,0.0,0.0,0.0,705,16,0.0,0.0,0.0,0.0,704.5,0.0
1,919800,VOLCANIC_ROCK_VOUCHER_9500,705.0,14.0,0.0,0.0,0.0,0.0,707,14,0.0,0.0,0.0,0.0,706.0,0.0
1,919900,VOLCANIC_ROCK_VOUCHER_9500,705.0,14.0,0.0,0.0,0.0,0.0,706,14,0.0,0.0,0.0,0.0,705.5,0.0
1,920000,VOLCANIC_ROCK_VOUCHER_9500,704.0,14.0,0.0,0.0,0.0,0.0,705,14,0.0,0.0,0.0,0.0,704.5,0.0
1,920100,VOLCANIC_ROCK_VOUCHER_9500,704.0,12.0,0.0,0.0,0.0,0.0,705,12,0.0,0.0,0.0,0.0,704.5,0.0
1,920200,VOLCANIC_ROCK_VOUCHER_9500,703.0,2.0,0.0,0.0,0.0,0.0,704,16,0.0,0.0,0.0,0.0,703.5,0.0
1,920300,VOLCANIC_ROCK_VOUCHER_9500,703.0,19.0,0.0,0.0,0.0,0.0,704,19,0.0,0.0,0.0,0.0,703.5,0.0
1,920400,VOLCANIC_ROCK_VOUCHER_9500,701.0,13.0,0.0,0.0,0.0,0.0,702,13,0.0,0.0,0.0,0.0,701.5,0.0
1,920500,VOLCANIC_ROCK_VOUCHER_9500,705.0,12.0,0.0,0.0,0.0,0.0,706,12,0.0,0.0,0.0,0.0,705.5,0.0
1,920600,VOLCANIC_ROCK_VOUCHER_9500,705.0,19.0,0.0,0.0,0.0,0.0,706,19,0.0,0.0,0.0,0.0,705.5,0.0
1,920700,VOLCANIC_ROCK_VOUCHER_9500,703.0,12.0,0.0,0.0,0.0,0.0,704,12,0.0,0.0,0.0,0.0,703.5,0.0
1,920800,VOLCANIC_ROCK_VOUCHER_9500,703.0,20.0,0.0,0.0,0.0,0.0,704,20,0.0,0.0,0.0,0.0,703.5,0.0
1,920900,VOLCANIC_ROCK_VOUCHER_9500,703.0,12.0,0.0,0.0,0.0,0.0,705,12,0.0,0.0,0.0,0.0,704.0,0.0
1,921000,VOLCANIC_ROCK_VOUCHER_9500,700.0,22.0,0.0,0.0,0.0,0.0,701,22,0.0,0.0,0.0,0.0,700.5,0.0
1,921100,VOLCANIC_ROCK_VOUCHER_9500,0.0,0.0,0.0,0.0,0.0,0.0,702,1,703.0,15.0,0.0,0.0,702.0,0.0
1,921200,VOLCANIC_ROCK_VOUCHER_9500,701.0,13.0,0.0,0.0,0.0,0.0,702,13,0.0,0.0,0.0,0.0,701.5,0.0
1,921300,VOLCANIC_ROCK_VOUCHER_9500,695.0,15.0,0.0,0.0,0.0,0.0,696,16,0.0,0.0,0.0,0.0,695.5,0.0
1,921400,VOLCANIC_ROCK_VOUCHER_9500,695.0,10.0,0.0,0.0,0.0,0.0,696,10,0.0,0.0,0.0,0.0,695.5,0.0
1,921500,VOLCANIC_ROCK_VOUCHER_9500,690.0,12.0,0.0,0.0,0.0,0.0,691,12,0.0,0.0,0.0,0.0,690.5,0.0
1,921600,VOLCANIC_ROCK_VOUCHER_9500,688.0,5.0,0.0,0.0,0.0,0.0,689,15,0.0,0.0,0.0,0.0,688.5,0.0
1,921700,VOLCANIC_ROCK_VOUCHER_9500,688.0,13.0,0.0,0.0,0.0,0.0,689,1,690.0,12.0,0.0,0.0,688.5,0.0
1,921800,VOLCANIC_ROCK_VOUCHER_9500,688.0,18.0,0.0,0.0,0.0,0.0,689,18,0.0,0.0,0.0,0.0,688.5,0.0
1,921900,VOLCANIC_ROCK_VOUCHER_9500,690.0,14.0,0.0,0.0,0.0,0.0,691,14,0.0,0.0,0.0,0.0,690.5,0.0
1,922000,VOLCANIC_ROCK_VOUCHER_9500,689.0,18.0,0.0,0.0,0.0,0.0,690,18,0.0,0.0,0.0,0.0,689.5,0.0
1,922100,VOLCANIC_ROCK_VOUCHER_9500,684.0,7.0,0.0,0.0,0.0,0.0,685,15,0.0,0.0,0.0,0.0,684.5,0.0
1,922200,VOLCANIC_ROCK_VOUCHER_9500,682.0,21.0,0.0,0.0,0.0,0.0,683,21,0.0,0.0,0.0,0.0,682.5,0.0
1,922300,VOLCANIC_ROCK_VOUCHER_9500,680.0,21.0,0.0,0.0,0.0,0.0,681,21,0.0,0.0,0.0,0.0,680.5,0.0
1,922400,VOLCANIC_ROCK_VOUCHER_9500,675.0,13.0,0.0,0.0,0.0,0.0,676,13,0.0,0.0,0.0,0.0,675.5,0.0
1,922500,VOLCANIC_ROCK_VOUCHER_9500,680.0,19.0,0.0,0.0,0.0,0.0,682,19,0.0,0.0,0.0,0.0,681.0,0.0
1,922600,VOLCANIC_ROCK_VOUCHER_9500,680.0,11.0,0.0,0.0,0.0,0.0,681,11,0.0,0.0,0.0,0.0,680.5,0.0
1,922700,VOLCANIC_ROCK_VOUCHER_9500,679.0,14.0,0.0,0.0,0.0,0.0,680,14,0.0,0.0,0.0,0.0,679.5,0.0
1,922800,VOLCANIC_ROCK_VOUCHER_9500,677.0,14.0,0.0,0.0,0.0,0.0,678,14,0.0,0.0,0.0,0.0,677.5,0.0
1,922900,VOLCANIC_ROCK_VOUCHER_9500,677.0,18.0,0.0,0.0,0.0,0.0,678,18,0.0,0.0,0.0,0.0,677.5,0.0
1,923000,VOLCANIC_ROCK_VOUCHER_9500,681.0,22.0,0.0,0.0,0.0,0.0,682,22,0.0,0.0,0.0,0.0,681.5,0.0
1,923100,VOLCANIC_ROCK_VOUCHER_9500,689.0,11.0,0.0,0.0,0.0,0.0,690,11,0.0,0.0,0.0,0.0,689.5,0.0
1,923200,VOLCANIC_ROCK_VOUCHER_9500,688.0,21.0,0.0,0.0,0.0,0.0,689,21,0.0,0.0,0.0,0.0,688.5,0.0
1,923300,VOLCANIC_ROCK_VOUCHER_9500,686.0,12.0,0.0,0.0,0.0,0.0,687,12,0.0,0.0,0.0,0.0,686.5,0.0
1,923400,VOLCANIC_ROCK_VOUCHER_9500,689.0,10.0,0.0,0.0,0.0,0.0,690,10,0.0,0.0,0.0,0.0,689.5,0.0
1,923500,VOLCANIC_ROCK_VOUCHER_9500,689.0,13.0,0.0,0.0,0.0,0.0,690,13,0.0,0.0,0.0,0.0,689.5,0.0
1,923600,VOLCANIC_ROCK_VOUCHER_9500,689.0,13.0,0.0,0.0,0.0,0.0,690,13,0.0,0.0,0.0,0.0,689.5,0.0
1,923700,VOLCANIC_ROCK_VOUCHER_9500,691.0,15.0,0.0,0.0,0.0,0.0,692,15,0.0,0.0,0.0,0.0,691.5,0.0
1,923800,VOLCANIC_ROCK_VOUCHER_9500,690.0,17.0,0.0,0.0,0.0,0.0,692,17,0.0,0.0,0.0,0.0,691.0,0.0
1,923900,VOLCANIC_ROCK_VOUCHER_9500,0.0,0.0,0.0,0.0,0.0,0.0,689,2,690.0,16.0,0.0,0.0,689.0,0.0
1,924000,VOLCANIC_ROCK_VOUCHER_9500,687.0,21.0,0.0,0.0,0.0,0.0,688,21,0.0,0.0,0.0,0.0,687.5,0.0
1,924100,VOLCANIC_ROCK_VOUCHER_9500,686.0,21.0,0.0,0.0,0.0,0.0,687,21,0.0,0.0,0.0,0.0,686.5,0.0
1,924200,VOLCANIC_ROCK_VOUCHER_9500,685.0,14.0,0.0,0.0,0.0,0.0,687,14,0.0,0.0,0.0,0.0,686.0,0.0
1,924300,VOLCANIC_ROCK_VOUCHER_9500,689.0,3.0,0.0,0.0,0.0,0.0,690,14,0.0,0.0,0.0,0.0,689.5,0.0
1,924400,VOLCANIC_ROCK_VOUCHER_9500,690.0,17.0,0.0,0.0,0.0,0.0,691,17,0.0,0.0,0.0,0.0,690.5,0.0
1,924500,VOLCANIC_ROCK_VOUCHER_9500,697.0,29.0,0.0,0.0,0.0,0.0,698,17,0.0,0.0,0.0,0.0,697.5,0.0
1,924600,VOLCANIC_ROCK_VOUCHER_9500,695.0,14.0,0.0,0.0,0.0,0.0,696,14,0.0,0.0,0.0,0.0,695.5,0.0
1,924700,VOLCANIC_ROCK_VOUCHER_9500,699.0,13.0,0.0,0.0,0.0,0.0,700,13,0.0,0.0,0.0,0.0,699.5,0.0
1,924800,VOLCANIC_ROCK_VOUCHER_9500,693.0,17.0,0.0,0.0,0.0,0.0,694,17,0.0,0.0,0.0,0.0,693.5,0.0
1,924900,VOLCANIC_ROCK_VOUCHER_9500,694.0,19.0,0.0,0.0,0.0,0.0,695,19,0.0,0.0,0.0,0.0,694.5,0.0
1,925000,VOLCANIC_ROCK_VOUCHER_9500,693.0,17.0,0.0,0.0,0.0,0.0,694,17,0.0,0.0,0.0,0.0,693.5,0.0
1,925100,VOLCANIC_ROCK_VOUCHER_9500,695.0,15.0,0.0,0.0,0.0,0.0,697,15,0.0,0.0,0.0,0.0,696.0,0.0
1,925200,VOLCANIC_ROCK_VOUCHER_9500,691.0,14.0,0.0,0.0,0.0,0.0,692,14,0.0,0.0,0.0,0.0,691.5,0.0
1,925300,VOLCANIC_ROCK_VOUCHER_9500,691.0,32.0,0.0,0.0,0.0,0.0,692,12,0.0,0.0,0.0,0.0,691.5,0.0
1,925400,VOLCANIC_ROCK_VOUCHER_9500,691.0,15.0,0.0,0.0,0.0,0.0,692,15,0.0,0.0,0.0,0.0,691.5,0.0
1,925500,VOLCANIC_ROCK_VOUCHER_9500,688.0,17.0,0.0,0.0,0.0,0.0,689,17,0.0,0.0,0.0,0.0,688.5,0.0
1,925600,VOLCANIC_ROCK_VOUCHER_9500,689.0,22.0,0.0,0.0,0.0,0.0,690,22,0.0,0.0,0.0,0.0,689.5,0.0
1,925700,VOLCANIC_ROCK_VOUCHER_9500,690.0,20.0,0.0,0.0,0.0,0.0,691,20,0.0,0.0,0.0,0.0,690.5,0.0
1,925800,VOLCANIC_ROCK_VOUCHER_9500,688.0,11.0,0.0,0.0,0.0,0.0,689,11,0.0,0.0,0.0,0.0,688.5,0.0
1,925900,VOLCANIC_ROCK_VOUCHER_9500,686.0,16.0,0.0,0.0,0.0,0.0,688,16,0.0,0.0,0.0,0.0,687.0,0.0
1,926000,VOLCANIC_ROCK_VOUCHER_9500,682.0,17.0,0.0,0.0,0.0,0.0,683,17,0.0,0.0,0.0,0.0,682.5,0.0
1,926100,VOLCANIC_ROCK_VOUCHER_9500,678.0,20.0,0.0,0.0,0.0,0.0,679,20,0.0,0.0,0.0,0.0,678.5,0.0
1,926200,VOLCANIC_ROCK_VOUCHER_9500,683.0,11.0,0.0,0.0,0.0,0.0,684,11,0.0,0.0,0.0,0.0,683.5,0.0
1,926300,VOLCANIC_ROCK_VOUCHER_9500,684.0,0.0,0.0,0.0,0.0,0.0,685,14,0.0,0.0,0.0,0.0,684.5,0.0
1,926400,VOLCANIC_ROCK_VOUCHER_9500,683.0,15.0,0.0,0.0,0.0,0.0,684,15,0.0,0.0,0.0,0.0,683.5,0.0
1,926500,VOLCANIC_ROCK_VOUCHER_9500,683.0,19.0,0.0,0.0,0.0,0.0,685,19,0.0,0.0,0.0,0.0,684.0,0.0
1,926600,VOLCANIC_ROCK_VOUCHER_9500,681.0,13.0,0.0,0.0,0.0,0.0,682,13,0.0,0.0,0.0,0.0,681.5,0.0
1,926700,VOLCANIC_ROCK_VOUCHER_9500,682.0,18.0,0.0,0.0,0.0,0.0,683,18,0.0,0.0,0.0,0.0,682.5,0.0
1,926800,VOLCANIC_ROCK_VOUCHER_9500,680.0,15.0,0.0,0.0,0.0,0.0,681,15,0.0,0.0,0.0,0.0,680.5,0.0
1,926900,VOLCANIC_ROCK_VOUCHER_9500,680.0,17.0,0.0,0.0,0.0,0.0,681,17,0.0,0.0,0.0,0.0,680.5,0.0
1,927000,VOLCANIC_ROCK_VOUCHER_9500,680.0,12.0,0.0,0.0,0.0,0.0,681,12,0.0,0.0,0.0,0.0,680.5,0.0
1,927100,VOLCANIC_ROCK_VOUCHER_9500,676.0,12.0,0.0,0.0,0.0,0.0,677,12,0.0,0.0,0.0,0.0,676.5,0.0
1,927200,VOLCANIC_ROCK_VOUCHER_9500,679.0,16.0,0.0,0.0,0.0,0.0,680,16,0.0,0.0,0.0,0.0,679.5,0.0
1,927300,VOLCANIC_ROCK_VOUCHER_9500,677.0,11.0,0.0,0.0,0.0,0.0,678,11,0.0,0.0,0.0,0.0,677.5,0.0
1,927400,VOLCANIC_ROCK_VOUCHER_9500,678.0,11.0,0.0,0.0,0.0,0.0,679,11,0.0,0.0,0.0,0.0,678.5,0.0
1,927500,VOLCANIC_ROCK_VOUCHER_9500,680.0,31.0,0.0,0.0,0.0,0.0,682,11,0.0,0.0,0.0,0.0,681.0,0.0
1,927600,VOLCANIC_ROCK_VOUCHER_9500,681.0,14.0,0.0,0.0,0.0,0.0,682,14,0.0,0.0,0.0,0.0,681.5,0.0
1,927700,VOLCANIC_ROCK_VOUCHER_9500,682.0,17.0,0.0,0.0,0.0,0.0,683,17,0.0,0.0,0.0,0.0,682.5,0.0
1,927800,VOLCANIC_ROCK_VOUCHER_9500,685.0,20.0,0.0,0.0,0.0,0.0,686,20,0.0,0.0,0.0,0.0,685.5,0.0
1,927900,VOLCANIC_ROCK_VOUCHER_9500,682.0,21.0,0.0,0.0,0.0,0.0,683,21,0.0,0.0,0.0,0.0,682.5,0.0
1,928000,VOLCANIC_ROCK_VOUCHER_9500,682.0,18.0,0.0,0.0,0.0,0.0,683,18,0.0,0.0,0.0,0.0,682.5,0.0
1,928100,VOLCANIC_ROCK_VOUCHER_9500,682.0,21.0,0.0,0.0,0.0,0.0,683,21,0.0,0.0,0.0,0.0,682.5,0.0
1,928200,VOLCANIC_ROCK_VOUCHER_9500,683.0,20.0,0.0,0.0,0.0,0.0,684,20,0.0,0.0,0.0,0.0,683.5,0.0
1,928300,VOLCANIC_ROCK_VOUCHER_9500,682.0,13.0,0.0,0.0,0.0,0.0,683,13,0.0,0.0,0.0,0.0,682.5,0.0
1,928400,VOLCANIC_ROCK_VOUCHER_9500,686.0,15.0,0.0,0.0,0.0,0.0,687,15,0.0,0.0,0.0,0.0,686.5,0.0
1,928500,VOLCANIC_ROCK_VOUCHER_9500,680.0,21.0,0.0,0.0,0.0,0.0,681,11,0.0,0.0,0.0,0.0,680.5,0.0
1,928600,VOLCANIC_ROCK_VOUCHER_9500,680.0,14.0,0.0,0.0,0.0,0.0,681,14,0.0,0.0,0.0,0.0,680.5,0.0
1,928700,VOLCANIC_ROCK_VOUCHER_9500,675.0,14.0,0.0,0.0,0.0,0.0,676,14,0.0,0.0,0.0,0.0,675.5,0.0
1,928800,VOLCANIC_ROCK_VOUCHER_9500,674.0,15.0,0.0,0.0,0.0,0.0,675,15,0.0,0.0,0.0,0.0,674.5,0.0
1,928900,VOLCANIC_ROCK_VOUCHER_9500,672.0,12.0,0.0,0.0,0.0,0.0,673,12,0.0,0.0,0.0,0.0,672.5,0.0
1,929000,VOLCANIC_ROCK_VOUCHER_9500,669.0,19.0,0.0,0.0,0.0,0.0,670,19,0.0,0.0,0.0,0.0,669.5,0.0
1,929100,VOLCANIC_ROCK_VOUCHER_9500,666.0,16.0,0.0,0.0,0.0,0.0,668,16,0.0,0.0,0.0,0.0,667.0,0.0
1,929200,VOLCANIC_ROCK_VOUCHER_9500,667.0,14.0,0.0,0.0,0.0,0.0,668,14,0.0,0.0,0.0,0.0,667.5,0.0
1,929300,VOLCANIC_ROCK_VOUCHER_9500,668.0,21.0,0.0,0.0,0.0,0.0,669,21,0.0,0.0,0.0,0.0,668.5,0.0
1,929400,VOLCANIC_ROCK_VOUCHER_9500,667.0,11.0,0.0,0.0,0.0,0.0,668,11,0.0,0.0,0.0,0.0,667.5,0.0
1,929500,VOLCANIC_ROCK_VOUCHER_9500,666.0,16.0,0.0,0.0,0.0,0.0,667,16,0.0,0.0,0.0,0.0,666.5,0.0
1,929600,VOLCANIC_ROCK_VOUCHER_9500,666.0,12.0,0.0,0.0,0.0,0.0,667,12,0.0,0.0,0.0,0.0,666.5,0.0
1,929700,VOLCANIC_ROCK_VOUCHER_9500,665.0,27.0,0.0,0.0,0.0,0.0,666,15,0.0,0.0,0.0,0.0,665.5,0.0
1,929800,VOLCANIC_ROCK_VOUCHER_9500,667.0,22.0,0.0,0.0,0.0,0.0,668,22,0.0,0.0,0.0,0.0,667.5,0.0
1,929900,VOLCANIC_ROCK_VOUCHER_9500,669.0,11.0,0.0,0.0,0.0,0.0,670,11,0.0,0.0,0.0,0.0,669.5,0.0
1,930000,VOLCANIC_ROCK_VOUCHER_9500,667.0,12.0,0.0,0.0,0.0,0.0,668,12,0.0,0.0,0.0,0.0,667.5,0.0
1,930100,VOLCANIC_ROCK_VOUCHER_9500,665.0,13.0,0.0,0.0,0.0,0.0,666,13,0.0,0.0,0.0,0.0,665.5,0.0
1,930200,VOLCANIC_ROCK_VOUCHER_9500,665.0,18.0,0.0,0.0,0.0,0.0,666,18,0.0,0.0,0.0,0.0,665.5,0.0
1,930300,VOLCANIC_ROCK_VOUCHER_9500,665.0,31.0,0.0,0.0,0.0,0.0,667,14,0.0,0.0,0.0,0.0,666.0,0.0
1,930400,VOLCANIC_ROCK_VOUCHER_9500,666.0,19.0,0.0,0.0,0.0,0.0,667,19,0.0,0.0,0.0,0.0,666.5,0.0
1,930500,VOLCANIC_ROCK_VOUCHER_9500,668.0,18.0,0.0,0.0,0.0,0.0,669,18,0.0,0.0,0.0,0.0,668.5,0.0
1,930600,VOLCANIC_ROCK_VOUCHER_9500,668.0,11.0,0.0,0.0,0.0,0.0,670,11,0.0,0.0,0.0,0.0,669.0,0.0
1,930700,VOLCANIC_ROCK_VOUCHER_9500,669.0,21.0,0.0,0.0,0.0,0.0,670,21,0.0,0.0,0.0,0.0,669.5,0.0
1,930800,VOLCANIC_ROCK_VOUCHER_9500,670.0,13.0,0.0,0.0,0.0,0.0,671,13,0.0,0.0,0.0,0.0,670.5,0.0
1,930900,VOLCANIC_ROCK_VOUCHER_9500,670.0,15.0,0.0,0.0,0.0,0.0,671,15,0.0,0.0,0.0,0.0,670.5,0.0
1,931000,VOLCANIC_ROCK_VOUCHER_9500,672.0,33.0,0.0,0.0,0.0,0.0,673,15,0.0,0.0,0.0,0.0,672.5,0.0
1,931100,VOLCANIC_ROCK_VOUCHER_9500,674.0,17.0,0.0,0.0,0.0,0.0,675,17,0.0,0.0,0.0,0.0,674.5,0.0
1,931200,VOLCANIC_ROCK_VOUCHER_9500,670.0,16.0,0.0,0.0,0.0,0.0,671,16,0.0,0.0,0.0,0.0,670.5,0.0
1,931300,VOLCANIC_ROCK_VOUCHER_9500,670.0,16.0,0.0,0.0,0.0,0.0,671,16,0.0,0.0,0.0,0.0,670.5,0.0
1,931400,VOLCANIC_ROCK_VOUCHER_9500,670.0,14.0,0.0,0.0,0.0,0.0,671,1,672.0,13.0,0.0,0.0,670.5,0.0
1,931500,VOLCANIC_ROCK_VOUCHER_9500,669.0,17.0,0.0,0.0,0.0,0.0,670,17,0.0,0.0,0.0,0.0,669.5,0.0
1,931600,VOLCANIC_ROCK_VOUCHER_9500,670.0,34.0,0.0,0.0,0.0,0.0,671,15,0.0,0.0,0.0,0.0,670.5,0.0
1,931700,VOLCANIC_ROCK_VOUCHER_9500,671.0,21.0,0.0,0.0,0.0,0.0,672,1,673.0,20.0,0.0,0.0,671.5,0.0
1,931800,VOLCANIC_ROCK_VOUCHER_9500,671.0,16.0,0.0,0.0,0.0,0.0,672,16,0.0,0.0,0.0,0.0,671.5,0.0
1,931900,VOLCANIC_ROCK_VOUCHER_9500,669.0,14.0,0.0,0.0,0.0,0.0,670,14,0.0,0.0,0.0,0.0,669.5,0.0
1,932000,VOLCANIC_ROCK_VOUCHER_9500,669.0,10.0,0.0,0.0,0.0,0.0,670,10,0.0,0.0,0.0,0.0,669.5,0.0
1,932100,VOLCANIC_ROCK_VOUCHER_9500,666.0,18.0,0.0,0.0,0.0,0.0,667,18,0.0,0.0,0.0,0.0,666.5,0.0
1,932200,VOLCANIC_ROCK_VOUCHER_9500,669.0,15.0,0.0,0.0,0.0,0.0,670,15,0.0,0.0,0.0,0.0,669.5,0.0
1,932300,VOLCANIC_ROCK_VOUCHER_9500,669.0,22.0,0.0,0.0,0.0,0.0,670,22,0.0,0.0,0.0,0.0,669.5,0.0
1,932400,VOLCANIC_ROCK_VOUCHER_9500,673.0,15.0,0.0,0.0,0.0,0.0,674,15,0.0,0.0,0.0,0.0,673.5,0.0
1,932500,VOLCANIC_ROCK_VOUCHER_9500,677.0,20.0,0.0,0.0,0.0,0.0,678,20,0.0,0.0,0.0,0.0,677.5,0.0
1,932600,VOLCANIC_ROCK_VOUCHER_9500,680.0,12.0,0.0,0.0,0.0,0.0,681,12,0.0,0.0,0.0,0.0,680.5,0.0
1,932700,VOLCANIC_ROCK_VOUCHER_9500,683.0,20.0,0.0,0.0,0.0,0.0,685,20,0.0,0.0,0.0,0.0,684.0,0.0
1,932800,VOLCANIC_ROCK_VOUCHER_9500,690.0,11.0,0.0,0.0,0.0,0.0,691,11,0.0,0.0,0.0,0.0,690.5,0.0
1,932900,VOLCANIC_ROCK_VOUCHER_9500,690.0,14.0,0.0,0.0,0.0,0.0,691,14,0.0,0.0,0.0,0.0,690.5,0.0
1,933000,VOLCANIC_ROCK_VOUCHER_9500,688.0,19.0,0.0,0.0,0.0,0.0,689,19,0.0,0.0,0.0,0.0,688.5,0.0
1,933100,VOLCANIC_ROCK_VOUCHER_9500,685.0,10.0,0.0,0.0,0.0,0.0,686,10,0.0,0.0,0.0,0.0,685.5,0.0
1,933200,VOLCANIC_ROCK_VOUCHER_9500,688.0,0.0,0.0,0.0,0.0,0.0,689,18,0.0,0.0,0.0,0.0,688.5,0.0
1,933300,VOLCANIC_ROCK_VOUCHER_9500,691.0,14.0,0.0,0.0,0.0,0.0,692,14,0.0,0.0,0.0,0.0,691.5,0.0
1,933400,VOLCANIC_ROCK_VOUCHER_9500,691.0,17.0,0.0,0.0,0.0,0.0,692,17,0.0,0.0,0.0,0.0,691.5,0.0
1,933500,VOLCANIC_ROCK_VOUCHER_9500,692.0,20.0,0.0,0.0,0.0,0.0,693,20,0.0,0.0,0.0,0.0,692.5,0.0
1,933600,VOLCANIC_ROCK_VOUCHER_9500,694.0,14.0,0.0,0.0,0.0,0.0,695,14,0.0,0.0,0.0,0.0,694.5,0.0
1,933700,VOLCANIC_ROCK_VOUCHER_9500,693.0,19.0,0.0,0.0,0.0,0.0,694,19,0.0,0.0,0.0,0.0,693.5,0.0
1,933800,VOLCANIC_ROCK_VOUCHER_9500,695.0,21.0,0.0,0.0,0.0,0.0,697,21,0.0,0.0,0.0,0.0,696.0,0.0
1,933900,VOLCANIC_ROCK_VOUCHER_9500,696.0,19.0,0.0,0.0,0.0,0.0,697,19,0.0,0.0,0.0,0.0,696.5,0.0
1,934000,VOLCANIC_ROCK_VOUCHER_9500,694.0,18.0,0.0,0.0,0.0,0.0,695,18,0.0,0.0,0.0,0.0,694.5,0.0
1,934100,VOLCANIC_ROCK_VOUCHER_9500,692.0,14.0,0.0,0.0,0.0,0.0,693,14,0.0,0.0,0.0,0.0,692.5,0.0
1,934200,VOLCANIC_ROCK_VOUCHER_9500,692.0,13.0,0.0,0.0,0.0,0.0,693,13,0.0,0.0,0.0,0.0,692.5,0.0
1,934300,VOLCANIC_ROCK_VOUCHER_9500,692.0,19.0,0.0,0.0,0.0,0.0,693,19,0.0,0.0,0.0,0.0,692.5,0.0
1,934400,VOLCANIC_ROCK_VOUCHER_9500,694.0,18.0,0.0,0.0,0.0,0.0,695,18,0.0,0.0,0.0,0.0,694.5,0.0
1,934500,VOLCANIC_ROCK_VOUCHER_9500,695.0,11.0,0.0,0.0,0.0,0.0,697,11,0.0,0.0,0.0,0.0,696.0,0.0
1,934600,VOLCANIC_ROCK_VOUCHER_9500,693.0,17.0,0.0,0.0,0.0,0.0,694,17,0.0,0.0,0.0,0.0,693.5,0.0
1,934700,VOLCANIC_ROCK_VOUCHER_9500,699.0,17.0,0.0,0.0,0.0,0.0,700,17,0.0,0.0,0.0,0.0,699.5,0.0
1,934800,VOLCANIC_ROCK_VOUCHER_9500,700.0,13.0,0.0,0.0,0.0,0.0,701,13,0.0,0.0,0.0,0.0,700.5,0.0
1,934900,VOLCANIC_ROCK_VOUCHER_9500,698.0,25.0,0.0,0.0,0.0,0.0,699,14,0.0,0.0,0.0,0.0,698.5,0.0
1,935000,VOLCANIC_ROCK_VOUCHER_9500,696.0,19.0,0.0,0.0,0.0,0.0,698,19,0.0,0.0,0.0,0.0,697.0,0.0
1,935100,VOLCANIC_ROCK_VOUCHER_9500,699.0,22.0,0.0,0.0,0.0,0.0,700,22,0.0,0.0,0.0,0.0,699.5,0.0
1,935200,VOLCANIC_ROCK_VOUCHER_9500,699.0,20.0,0.0,0.0,0.0,0.0,700,20,0.0,0.0,0.0,0.0,699.5,0.0
1,935300,VOLCANIC_ROCK_VOUCHER_9500,701.0,19.0,0.0,0.0,0.0,0.0,702,19,0.0,0.0,0.0,0.0,701.5,0.0
1,935400,VOLCANIC_ROCK_VOUCHER_9500,697.0,12.0,0.0,0.0,0.0,0.0,698,12,0.0,0.0,0.0,0.0,697.5,0.0
1,935500,VOLCANIC_ROCK_VOUCHER_9500,698.0,22.0,0.0,0.0,0.0,0.0,699,22,0.0,0.0,0.0,0.0,698.5,0.0
1,935600,VOLCANIC_ROCK_VOUCHER_9500,700.0,13.0,0.0,0.0,0.0,0.0,701,13,0.0,0.0,0.0,0.0,700.5,0.0
1,935700,VOLCANIC_ROCK_VOUCHER_9500,701.0,20.0,0.0,0.0,0.0,0.0,702,20,0.0,0.0,0.0,0.0,701.5,0.0
1,935800,VOLCANIC_ROCK_VOUCHER_9500,698.0,10.0,0.0,0.0,0.0,0.0,699,10,0.0,0.0,0.0,0.0,698.5,0.0
1,935900,VOLCANIC_ROCK_VOUCHER_9500,695.0,14.0,0.0,0.0,0.0,0.0,697,14,0.0,0.0,0.0,0.0,696.0,0.0
1,936000,VOLCANIC_ROCK_VOUCHER_9500,690.0,15.0,0.0,0.0,0.0,0.0,691,15,0.0,0.0,0.0,0.0,690.5,0.0
1,936100,VOLCANIC_ROCK_VOUCHER_9500,692.0,13.0,0.0,0.0,0.0,0.0,693,13,0.0,0.0,0.0,0.0,692.5,0.0
1,936200,VOLCANIC_ROCK_VOUCHER_9500,687.0,12.0,0.0,0.0,0.0,0.0,689,12,0.0,0.0,0.0,0.0,688.0,0.0
1,936300,VOLCANIC_ROCK_VOUCHER_9500,682.0,15.0,0.0,0.0,0.0,0.0,683,15,0.0,0.0,0.0,0.0,682.5,0.0
1,936400,VOLCANIC_ROCK_VOUCHER_9500,0.0,0.0,0.0,0.0,0.0,0.0,686,16,687.0,12.0,0.0,0.0,686.0,0.0
1,936500,VOLCANIC_ROCK_VOUCHER_9500,689.0,18.0,0.0,0.0,0.0,0.0,690,18,0.0,0.0,0.0,0.0,689.5,0.0
1,936600,VOLCANIC_ROCK_VOUCHER_9500,689.0,20.0,0.0,0.0,0.0,0.0,690,20,0.0,0.0,0.0,0.0,689.5,0.0
1,936700,VOLCANIC_ROCK_VOUCHER_9500,688.0,20.0,0.0,0.0,0.0,0.0,689,20,0.0,0.0,0.0,0.0,688.5,0.0
1,936800,VOLCANIC_ROCK_VOUCHER_9500,691.0,12.0,0.0,0.0,0.0,0.0,692,12,0.0,0.0,0.0,0.0,691.5,0.0
1,936900,VOLCANIC_ROCK_VOUCHER_9500,693.0,16.0,0.0,0.0,0.0,0.0,695,16,0.0,0.0,0.0,0.0,694.0,0.0
1,937000,VOLCANIC_ROCK_VOUCHER_9500,693.0,14.0,0.0,0.0,0.0,0.0,694,14,0.0,0.0,0.0,0.0,693.5,0.0
1,937100,VOLCANIC_ROCK_VOUCHER_9500,0.0,0.0,0.0,0.0,0.0,0.0,694,11,0.0,0.0,0.0,0.0,694.0,0.0
1,937200,VOLCANIC_ROCK_VOUCHER_9500,691.0,21.0,0.0,0.0,0.0,0.0,692,21,0.0,0.0,0.0,0.0,691.5,0.0
1,937300,VOLCANIC_ROCK_VOUCHER_9500,0.0,0.0,0.0,0.0,0.0,0.0,691,2,692.0,14.0,0.0,0.0,691.0,0.0
1,937400,VOLCANIC_ROCK_VOUCHER_9500,689.0,19.0,0.0,0.0,0.0,0.0,690,19,0.0,0.0,0.0,0.0,689.5,0.0
1,937500,VOLCANIC_ROCK_VOUCHER_9500,688.0,22.0,0.0,0.0,0.0,0.0,689,22,0.0,0.0,0.0,0.0,688.5,0.0
1,937600,VOLCANIC_ROCK_VOUCHER_9500,686.0,8.0,0.0,0.0,0.0,0.0,687,21,0.0,0.0,0.0,0.0,686.5,0.0
1,937700,VOLCANIC_ROCK_VOUCHER_9500,689.0,19.0,0.0,0.0,0.0,0.0,690,19,0.0,0.0,0.0,0.0,689.5,0.0
1,937800,VOLCANIC_ROCK_VOUCHER_9500,690.0,20.0,0.0,0.0,0.0,0.0,691,20,0.0,0.0,0.0,0.0,690.5,0.0
1,937900,VOLCANIC_ROCK_VOUCHER_9500,691.0,21.0,0.0,0.0,0.0,0.0,692,21,0.0,0.0,0.0,0.0,691.5,0.0
1,938000,VOLCANIC_ROCK_VOUCHER_9500,694.0,12.0,0.0,0.0,0.0,0.0,696,12,0.0,0.0,0.0,0.0,695.0,0.0
1,938100,VOLCANIC_ROCK_VOUCHER_9500,699.0,19.0,0.0,0.0,0.0,0.0,700,19,0.0,0.0,0.0,0.0,699.5,0.0
1,938200,VOLCANIC_ROCK_VOUCHER_9500,703.0,17.0,0.0,0.0,0.0,0.0,705,17,0.0,0.0,0.0,0.0,704.0,0.0
1,938300,VOLCANIC_ROCK_VOUCHER_9500,708.0,19.0,0.0,0.0,0.0,0.0,709,19,0.0,0.0,0.0,0.0,708.5,0.0
1,938400,VOLCANIC_ROCK_VOUCHER_9500,714.0,15.0,0.0,0.0,0.0,0.0,715,15,0.0,0.0,0.0,0.0,714.5,0.0
1,938500,VOLCANIC_ROCK_VOUCHER_9500,722.0,19.0,0.0,0.0,0.0,0.0,723,1,724.0,18.0,0.0,0.0,722.5,0.0
1,938600,VOLCANIC_ROCK_VOUCHER_9500,720.0,13.0,0.0,0.0,0.0,0.0,721,13,0.0,0.0,0.0,0.0,720.5,0.0
1,938700,VOLCANIC_ROCK_VOUCHER_9500,725.0,1.0,0.0,0.0,0.0,0.0,726,11,0.0,0.0,0.0,0.0,725.5,0.0
1,938800,VOLCANIC_ROCK_VOUCHER_9500,719.0,14.0,0.0,0.0,0.0,0.0,720,14,0.0,0.0,0.0,0.0,719.5,0.0
1,938900,VOLCANIC_ROCK_VOUCHER_9500,719.0,14.0,0.0,0.0,0.0,0.0,720,14,0.0,0.0,0.0,0.0,719.5,0.0
1,939000,VOLCANIC_ROCK_VOUCHER_9500,717.0,13.0,0.0,0.0,0.0,0.0,718,2,719.0,11.0,0.0,0.0,717.5,0.0
1,939100,VOLCANIC_ROCK_VOUCHER_9500,719.0,20.0,0.0,0.0,0.0,0.0,720,20,0.0,0.0,0.0,0.0,719.5,0.0
1,939200,VOLCANIC_ROCK_VOUCHER_9500,717.0,19.0,0.0,0.0,0.0,0.0,719,19,0.0,0.0,0.0,0.0,718.0,0.0
1,939300,VOLCANIC_ROCK_VOUCHER_9500,715.0,33.0,0.0,0.0,0.0,0.0,716,13,0.0,0.0,0.0,0.0,715.5,0.0
1,939400,VOLCANIC_ROCK_VOUCHER_9500,711.0,20.0,0.0,0.0,0.0,0.0,712,20,0.0,0.0,0.0,0.0,711.5,0.0
1,939500,VOLCANIC_ROCK_VOUCHER_9500,713.0,20.0,0.0,0.0,0.0,0.0,714,20,0.0,0.0,0.0,0.0,713.5,0.0
1,939600,VOLCANIC_ROCK_VOUCHER_9500,709.0,20.0,0.0,0.0,0.0,0.0,710,20,0.0,0.0,0.0,0.0,709.5,0.0
1,939700,VOLCANIC_ROCK_VOUCHER_9500,709.0,19.0,0.0,0.0,0.0,0.0,711,19,0.0,0.0,0.0,0.0,710.0,0.0
1,939800,VOLCANIC_ROCK_VOUCHER_9500,713.0,10.0,0.0,0.0,0.0,0.0,715,10,0.0,0.0,0.0,0.0,714.0,0.0
1,939900,VOLCANIC_ROCK_VOUCHER_9500,712.0,34.0,0.0,0.0,0.0,0.0,713,19,0.0,0.0,0.0,0.0,712.5,0.0
1,940000,VOLCANIC_ROCK_VOUCHER_9500,716.0,15.0,0.0,0.0,0.0,0.0,717,15,0.0,0.0,0.0,0.0,716.5,0.0
1,940100,VOLCANIC_ROCK_VOUCHER_9500,712.0,19.0,0.0,0.0,0.0,0.0,713,19,0.0,0.0,0.0,0.0,712.5,0.0
1,940200,VOLCANIC_ROCK_VOUCHER_9500,709.0,21.0,0.0,0.0,0.0,0.0,710,21,0.0,0.0,0.0,0.0,709.5,0.0
1,940300,VOLCANIC_ROCK_VOUCHER_9500,708.0,16.0,0.0,0.0,0.0,0.0,709,16,0.0,0.0,0.0,0.0,708.5,0.0
1,940400,VOLCANIC_ROCK_VOUCHER_9500,704.0,17.0,0.0,0.0,0.0,0.0,705,17,0.0,0.0,0.0,0.0,704.5,0.0
1,940500,VOLCANIC_ROCK_VOUCHER_9500,709.0,9.0,0.0,0.0,0.0,0.0,710,19,0.0,0.0,0.0,0.0,709.5,0.0
1,940600,VOLCANIC_ROCK_VOUCHER_9500,711.0,12.0,0.0,0.0,0.0,0.0,712,12,0.0,0.0,0.0,0.0,711.5,0.0
1,940700,VOLCANIC_ROCK_VOUCHER_9500,711.0,16.0,0.0,0.0,0.0,0.0,712,16,0.0,0.0,0.0,0.0,711.5,0.0
1,940800,VOLCANIC_ROCK_VOUCHER_9500,709.0,16.0,0.0,0.0,0.0,0.0,710,16,0.0,0.0,0.0,0.0,709.5,0.0
1,940900,VOLCANIC_ROCK_VOUCHER_9500,707.0,5.0,0.0,0.0,0.0,0.0,708,12,0.0,0.0,0.0,0.0,707.5,0.0
1,941000,VOLCANIC_ROCK_VOUCHER_9500,706.0,15.0,0.0,0.0,0.0,0.0,707,15,0.0,0.0,0.0,0.0,706.5,0.0
1,941100,VOLCANIC_ROCK_VOUCHER_9500,709.0,11.0,0.0,0.0,0.0,0.0,710,11,0.0,0.0,0.0,0.0,709.5,0.0
1,941200,VOLCANIC_ROCK_VOUCHER_9500,713.0,15.0,0.0,0.0,0.0,0.0,714,15,0.0,0.0,0.0,0.0,713.5,0.0
1,941300,VOLCANIC_ROCK_VOUCHER_9500,718.0,28.0,0.0,0.0,0.0,0.0,719,20,0.0,0.0,0.0,0.0,718.5,0.0
1,941400,VOLCANIC_ROCK_VOUCHER_9500,718.0,17.0,0.0,0.0,0.0,0.0,719,17,0.0,0.0,0.0,0.0,718.5,0.0
1,941500,VOLCANIC_ROCK_VOUCHER_9500,719.0,17.0,0.0,0.0,0.0,0.0,721,17,0.0,0.0,0.0,0.0,720.0,0.0
1,941600,VOLCANIC_ROCK_VOUCHER_9500,726.0,15.0,0.0,0.0,0.0,0.0,727,15,0.0,0.0,0.0,0.0,726.5,0.0
1,941700,VOLCANIC_ROCK_VOUCHER_9500,727.0,21.0,0.0,0.0,0.0,0.0,728,21,0.0,0.0,0.0,0.0,727.5,0.0
1,941800,VOLCANIC_ROCK_VOUCHER_9500,738.0,17.0,0.0,0.0,0.0,0.0,739,17,0.0,0.0,0.0,0.0,738.5,0.0
1,941900,VOLCANIC_ROCK_VOUCHER_9500,741.0,15.0,0.0,0.0,0.0,0.0,742,15,0.0,0.0,0.0,0.0,741.5,0.0
1,942000,VOLCANIC_ROCK_VOUCHER_9500,747.0,21.0,0.0,0.0,0.0,0.0,748,21,0.0,0.0,0.0,0.0,747.5,0.0
1,942100,VOLCANIC_ROCK_VOUCHER_9500,739.0,18.0,0.0,0.0,0.0,0.0,740,18,0.0,0.0,0.0,0.0,739.5,0.0
1,942200,VOLCANIC_ROCK_VOUCHER_9500,743.0,20.0,0.0,0.0,0.0,0.0,744,20,0.0,0.0,0.0,0.0,743.5,0.0
1,942300,VOLCANIC_ROCK_VOUCHER_9500,742.0,16.0,0.0,0.0,0.0,0.0,743,16,0.0,0.0,0.0,0.0,742.5,0.0
1,942400,VOLCANIC_ROCK_VOUCHER_9500,738.0,17.0,0.0,0.0,0.0,0.0,739,17,0.0,0.0,0.0,0.0,738.5,0.0
1,942500,VOLCANIC_ROCK_VOUCHER_9500,741.0,15.0,0.0,0.0,0.0,0.0,742,15,0.0,0.0,0.0,0.0,741.5,0.0
1,942600,VOLCANIC_ROCK_VOUCHER_9500,735.0,17.0,0.0,0.0,0.0,0.0,736,17,0.0,0.0,0.0,0.0,735.5,0.0
1,942700,VOLCANIC_ROCK_VOUCHER_9500,737.0,12.0,0.0,0.0,0.0,0.0,738,19,0.0,0.0,0.0,0.0,737.5,0.0
1,942800,VOLCANIC_ROCK_VOUCHER_9500,733.0,21.0,0.0,0.0,0.0,0.0,734,21,0.0,0.0,0.0,0.0,733.5,0.0
1,942900,VOLCANIC_ROCK_VOUCHER_9500,738.0,11.0,0.0,0.0,0.0,0.0,739,11,0.0,0.0,0.0,0.0,738.5,0.0
1,943000,VOLCANIC_ROCK_VOUCHER_9500,737.0,19.0,0.0,0.0,0.0,0.0,738,19,0.0,0.0,0.0,0.0,737.5,0.0
1,943100,VOLCANIC_ROCK_VOUCHER_9500,738.0,11.0,0.0,0.0,0.0,0.0,740,11,0.0,0.0,0.0,0.0,739.0,0.0
1,943200,VOLCANIC_ROCK_VOUCHER_9500,741.0,19.0,0.0,0.0,0.0,0.0,742,19,0.0,0.0,0.0,0.0,741.5,0.0
1,943300,VOLCANIC_ROCK_VOUCHER_9500,739.0,21.0,0.0,0.0,0.0,0.0,740,21,0.0,0.0,0.0,0.0,739.5,0.0
1,943400,VOLCANIC_ROCK_VOUCHER_9500,737.0,18.0,0.0,0.0,0.0,0.0,738,18,0.0,0.0,0.0,0.0,737.5,0.0
1,943500,VOLCANIC_ROCK_VOUCHER_9500,737.0,17.0,0.0,0.0,0.0,0.0,738,17,0.0,0.0,0.0,0.0,737.5,0.0
1,943600,VOLCANIC_ROCK_VOUCHER_9500,733.0,19.0,0.0,0.0,0.0,0.0,734,19,0.0,0.0,0.0,0.0,733.5,0.0
1,943700,VOLCANIC_ROCK_VOUCHER_9500,732.0,20.0,0.0,0.0,0.0,0.0,733,20,0.0,0.0,0.0,0.0,732.5,0.0
1,943800,VOLCANIC_ROCK_VOUCHER_9500,732.0,17.0,0.0,0.0,0.0,0.0,733,17,0.0,0.0,0.0,0.0,732.5,0.0
1,943900,VOLCANIC_ROCK_VOUCHER_9500,736.0,17.0,0.0,0.0,0.0,0.0,737,17,0.0,0.0,0.0,0.0,736.5,0.0
1,944000,VOLCANIC_ROCK_VOUCHER_9500,731.0,14.0,0.0,0.0,0.0,0.0,732,14,0.0,0.0,0.0,0.0,731.5,0.0
1,944100,VOLCANIC_ROCK_VOUCHER_9500,732.0,15.0,0.0,0.0,0.0,0.0,733,15,0.0,0.0,0.0,0.0,732.5,0.0
1,944200,VOLCANIC_ROCK_VOUCHER_9500,729.0,11.0,0.0,0.0,0.0,0.0,730,11,0.0,0.0,0.0,0.0,729.5,0.0
1,944300,VOLCANIC_ROCK_VOUCHER_9500,734.0,18.0,0.0,0.0,0.0,0.0,735,18,0.0,0.0,0.0,0.0,734.5,0.0
1,944400,VOLCANIC_ROCK_VOUCHER_9500,730.0,20.0,0.0,0.0,0.0,0.0,731,20,0.0,0.0,0.0,0.0,730.5,0.0
1,944500,VOLCANIC_ROCK_VOUCHER_9500,722.0,19.0,0.0,0.0,0.0,0.0,723,19,0.0,0.0,0.0,0.0,722.5,0.0
1,944600,VOLCANIC_ROCK_VOUCHER_9500,727.0,12.0,0.0,0.0,0.0,0.0,728,12,0.0,0.0,0.0,0.0,727.5,0.0
1,944700,VOLCANIC_ROCK_VOUCHER_9500,724.0,10.0,0.0,0.0,0.0,0.0,725,10,0.0,0.0,0.0,0.0,724.5,0.0
1,944800,VOLCANIC_ROCK_VOUCHER_9500,728.0,13.0,0.0,0.0,0.0,0.0,729,13,0.0,0.0,0.0,0.0,728.5,0.0
1,944900,VOLCANIC_ROCK_VOUCHER_9500,729.0,16.0,0.0,0.0,0.0,0.0,730,16,0.0,0.0,0.0,0.0,729.5,0.0
1,945000,VOLCANIC_ROCK_VOUCHER_9500,730.0,14.0,0.0,0.0,0.0,0.0,731,14,0.0,0.0,0.0,0.0,730.5,0.0
1,945100,VOLCANIC_ROCK_VOUCHER_9500,734.0,15.0,0.0,0.0,0.0,0.0,735,15,0.0,0.0,0.0,0.0,734.5,0.0
1,945200,VOLCANIC_ROCK_VOUCHER_9500,731.0,13.0,0.0,0.0,0.0,0.0,732,13,0.0,0.0,0.0,0.0,731.5,0.0
1,945300,VOLCANIC_ROCK_VOUCHER_9500,735.0,18.0,0.0,0.0,0.0,0.0,736,18,0.0,0.0,0.0,0.0,735.5,0.0
1,945400,VOLCANIC_ROCK_VOUCHER_9500,732.0,19.0,0.0,0.0,0.0,0.0,733,19,0.0,0.0,0.0,0.0,732.5,0.0
1,945500,VOLCANIC_ROCK_VOUCHER_9500,733.0,12.0,0.0,0.0,0.0,0.0,734,12,0.0,0.0,0.0,0.0,733.5,0.0
1,945600,VOLCANIC_ROCK_VOUCHER_9500,729.0,23.0,0.0,0.0,0.0,0.0,730,13,0.0,0.0,0.0,0.0,729.5,0.0
1,945700,VOLCANIC_ROCK_VOUCHER_9500,728.0,16.0,0.0,0.0,0.0,0.0,730,16,0.0,0.0,0.0,0.0,729.0,0.0
1,945800,VOLCANIC_ROCK_VOUCHER_9500,727.0,14.0,0.0,0.0,0.0,0.0,728,14,0.0,0.0,0.0,0.0,727.5,0.0
1,945900,VOLCANIC_ROCK_VOUCHER_9500,729.0,12.0,0.0,0.0,0.0,0.0,730,12,0.0,0.0,0.0,0.0,729.5,0.0
1,946000,VOLCANIC_ROCK_VOUCHER_9500,728.0,18.0,0.0,0.0,0.0,0.0,729,18,0.0,0.0,0.0,0.0,728.5,0.0
1,946100,VOLCANIC_ROCK_VOUCHER_9500,729.0,17.0,0.0,0.0,0.0,0.0,730,17,0.0,0.0,0.0,0.0,729.5,0.0
1,946200,VOLCANIC_ROCK_VOUCHER_9500,732.0,1.0,0.0,0.0,0.0,0.0,733,14,0.0,0.0,0.0,0.0,732.5,0.0
1,946300,VOLCANIC_ROCK_VOUCHER_9500,732.0,17.0,731.0,17.0,0.0,0.0,733,17,0.0,0.0,0.0,0.0,732.5,0.0
1,946400,VOLCANIC_ROCK_VOUCHER_9500,732.0,34.0,0.0,0.0,0.0,0.0,733,21,0.0,0.0,0.0,0.0,732.5,0.0
1,946500,VOLCANIC_ROCK_VOUCHER_9500,732.0,12.0,0.0,0.0,0.0,0.0,733,12,0.0,0.0,0.0,0.0,732.5,0.0
1,946600,VOLCANIC_ROCK_VOUCHER_9500,732.0,11.0,0.0,0.0,0.0,0.0,733,11,0.0,0.0,0.0,0.0,732.5,0.0
1,946700,VOLCANIC_ROCK_VOUCHER_9500,735.0,19.0,0.0,0.0,0.0,0.0,736,19,0.0,0.0,0.0,0.0,735.5,0.0
1,946800,VOLCANIC_ROCK_VOUCHER_9500,738.0,13.0,0.0,0.0,0.0,0.0,739,13,0.0,0.0,0.0,0.0,738.5,0.0
1,946900,VOLCANIC_ROCK_VOUCHER_9500,740.0,18.0,0.0,0.0,0.0,0.0,741,18,0.0,0.0,0.0,0.0,740.5,0.0
1,947000,VOLCANIC_ROCK_VOUCHER_9500,747.0,19.0,0.0,0.0,0.0,0.0,748,19,0.0,0.0,0.0,0.0,747.5,0.0
1,947100,VOLCANIC_ROCK_VOUCHER_9500,751.0,19.0,0.0,0.0,0.0,0.0,752,19,0.0,0.0,0.0,0.0,751.5,0.0
1,947200,VOLCANIC_ROCK_VOUCHER_9500,747.0,19.0,0.0,0.0,0.0,0.0,748,19,0.0,0.0,0.0,0.0,747.5,0.0
1,947300,VOLCANIC_ROCK_VOUCHER_9500,0.0,0.0,0.0,0.0,0.0,0.0,744,1,745.0,19.0,0.0,0.0,744.0,0.0
1,947400,VOLCANIC_ROCK_VOUCHER_9500,743.0,19.0,0.0,0.0,0.0,0.0,744,19,0.0,0.0,0.0,0.0,743.5,0.0
1,947500,VOLCANIC_ROCK_VOUCHER_9500,737.0,21.0,0.0,0.0,0.0,0.0,739,21,0.0,0.0,0.0,0.0,738.0,0.0
1,947600,VOLCANIC_ROCK_VOUCHER_9500,740.0,18.0,0.0,0.0,0.0,0.0,741,18,0.0,0.0,0.0,0.0,740.5,0.0
1,947700,VOLCANIC_ROCK_VOUCHER_9500,742.0,17.0,0.0,0.0,0.0,0.0,743,17,0.0,0.0,0.0,0.0,742.5,0.0
1,947800,VOLCANIC_ROCK_VOUCHER_9500,740.0,1.0,0.0,0.0,0.0,0.0,741,13,0.0,0.0,0.0,0.0,740.5,0.0
1,947900,VOLCANIC_ROCK_VOUCHER_9500,738.0,21.0,0.0,0.0,0.0,0.0,739,21,0.0,0.0,0.0,0.0,738.5,0.0
1,948000,VOLCANIC_ROCK_VOUCHER_9500,736.0,17.0,0.0,0.0,0.0,0.0,737,17,0.0,0.0,0.0,0.0,736.5,0.0
1,948100,VOLCANIC_ROCK_VOUCHER_9500,740.0,20.0,0.0,0.0,0.0,0.0,741,20,0.0,0.0,0.0,0.0,740.5,0.0
1,948200,VOLCANIC_ROCK_VOUCHER_9500,738.0,17.0,0.0,0.0,0.0,0.0,739,17,0.0,0.0,0.0,0.0,738.5,0.0
1,948300,VOLCANIC_ROCK_VOUCHER_9500,738.0,11.0,0.0,0.0,0.0,0.0,739,11,0.0,0.0,0.0,0.0,738.5,0.0
1,948400,VOLCANIC_ROCK_VOUCHER_9500,737.0,11.0,0.0,0.0,0.0,0.0,738,11,0.0,0.0,0.0,0.0,737.5,0.0
1,948500,VOLCANIC_ROCK_VOUCHER_9500,737.0,15.0,0.0,0.0,0.0,0.0,738,15,0.0,0.0,0.0,0.0,737.5,0.0
1,948600,VOLCANIC_ROCK_VOUCHER_9500,737.0,19.0,0.0,0.0,0.0,0.0,738,19,0.0,0.0,0.0,0.0,737.5,0.0
1,948700,VOLCANIC_ROCK_VOUCHER_9500,735.0,19.0,0.0,0.0,0.0,0.0,737,19,0.0,0.0,0.0,0.0,736.0,0.0
1,948800,VOLCANIC_ROCK_VOUCHER_9500,736.0,17.0,0.0,0.0,0.0,0.0,737,17,0.0,0.0,0.0,0.0,736.5,0.0
1,948900,VOLCANIC_ROCK_VOUCHER_9500,735.0,15.0,0.0,0.0,0.0,0.0,736,15,0.0,0.0,0.0,0.0,735.5,0.0
1,949000,VOLCANIC_ROCK_VOUCHER_9500,733.0,15.0,0.0,0.0,0.0,0.0,734,16,735.0,15.0,0.0,0.0,733.5,0.0
1,949100,VOLCANIC_ROCK_VOUCHER_9500,726.0,12.0,0.0,0.0,0.0,0.0,728,12,0.0,0.0,0.0,0.0,727.0,0.0
1,949200,VOLCANIC_ROCK_VOUCHER_9500,730.0,17.0,0.0,0.0,0.0,0.0,731,17,0.0,0.0,0.0,0.0,730.5,0.0
1,949300,VOLCANIC_ROCK_VOUCHER_9500,730.0,10.0,0.0,0.0,0.0,0.0,732,10,0.0,0.0,0.0,0.0,731.0,0.0
1,949400,VOLCANIC_ROCK_VOUCHER_9500,726.0,19.0,0.0,0.0,0.0,0.0,727,19,0.0,0.0,0.0,0.0,726.5,0.0
1,949500,VOLCANIC_ROCK_VOUCHER_9500,728.0,14.0,0.0,0.0,0.0,0.0,729,14,0.0,0.0,0.0,0.0,728.5,0.0
1,949600,VOLCANIC_ROCK_VOUCHER_9500,728.0,24.0,0.0,0.0,0.0,0.0,729,16,0.0,0.0,0.0,0.0,728.5,0.0
1,949700,VOLCANIC_ROCK_VOUCHER_9500,0.0,0.0,0.0,0.0,0.0,0.0,730,4,731.0,12.0,0.0,0.0,730.0,0.0
1,949800,VOLCANIC_ROCK_VOUCHER_9500,731.0,19.0,0.0,0.0,0.0,0.0,732,19,0.0,0.0,0.0,0.0,731.5,0.0
1,949900,VOLCANIC_ROCK_VOUCHER_9500,731.0,13.0,0.0,0.0,0.0,0.0,732,13,0.0,0.0,0.0,0.0,731.5,0.0
1,950000,VOLCANIC_ROCK_VOUCHER_9500,733.0,20.0,0.0,0.0,0.0,0.0,734,20,0.0,0.0,0.0,0.0,733.5,0.0
1,950100,VOLCANIC_ROCK_VOUCHER_9500,732.0,22.0,0.0,0.0,0.0,0.0,734,22,0.0,0.0,0.0,0.0,733.0,0.0
1,950200,VOLCANIC_ROCK_VOUCHER_9500,729.0,18.0,0.0,0.0,0.0,0.0,730,18,0.0,0.0,0.0,0.0,729.5,0.0
1,950300,VOLCANIC_ROCK_VOUCHER_9500,731.0,19.0,0.0,0.0,0.0,0.0,732,20,0.0,0.0,0.0,0.0,731.5,0.0
1,950400,VOLCANIC_ROCK_VOUCHER_9500,734.0,38.0,0.0,0.0,0.0,0.0,735,22,0.0,0.0,0.0,0.0,734.5,0.0
1,950500,VOLCANIC_ROCK_VOUCHER_9500,736.0,16.0,0.0,0.0,0.0,0.0,737,16,0.0,0.0,0.0,0.0,736.5,0.0
1,950600,VOLCANIC_ROCK_VOUCHER_9500,731.0,15.0,0.0,0.0,0.0,0.0,733,15,0.0,0.0,0.0,0.0,732.0,0.0
1,950700,VOLCANIC_ROCK_VOUCHER_9500,727.0,1.0,0.0,0.0,0.0,0.0,728,14,0.0,0.0,0.0,0.0,727.5,0.0
1,950800,VOLCANIC_ROCK_VOUCHER_9500,728.0,32.0,0.0,0.0,0.0,0.0,729,17,0.0,0.0,0.0,0.0,728.5,0.0
1,950900,VOLCANIC_ROCK_VOUCHER_9500,729.0,17.0,0.0,0.0,0.0,0.0,730,17,0.0,0.0,0.0,0.0,729.5,0.0
1,951000,VOLCANIC_ROCK_VOUCHER_9500,728.0,12.0,0.0,0.0,0.0,0.0,729,12,0.0,0.0,0.0,0.0,728.5,0.0
1,951100,VOLCANIC_ROCK_VOUCHER_9500,726.0,21.0,0.0,0.0,0.0,0.0,727,21,0.0,0.0,0.0,0.0,726.5,0.0
1,951200,VOLCANIC_ROCK_VOUCHER_9500,721.0,20.0,0.0,0.0,0.0,0.0,722,20,0.0,0.0,0.0,0.0,721.5,0.0
1,951300,VOLCANIC_ROCK_VOUCHER_9500,724.0,12.0,0.0,0.0,0.0,0.0,725,12,0.0,0.0,0.0,0.0,724.5,0.0
1,951400,VOLCANIC_ROCK_VOUCHER_9500,721.0,21.0,0.0,0.0,0.0,0.0,722,21,0.0,0.0,0.0,0.0,721.5,0.0
1,951500,VOLCANIC_ROCK_VOUCHER_9500,726.0,16.0,0.0,0.0,0.0,0.0,727,16,0.0,0.0,0.0,0.0,726.5,0.0
1,951600,VOLCANIC_ROCK_VOUCHER_9500,724.0,14.0,0.0,0.0,0.0,0.0,725,14,0.0,0.0,0.0,0.0,724.5,0.0
1,951700,VOLCANIC_ROCK_VOUCHER_9500,722.0,13.0,0.0,0.0,0.0,0.0,723,13,0.0,0.0,0.0,0.0,722.5,0.0
1,951800,VOLCANIC_ROCK_VOUCHER_9500,725.0,14.0,0.0,0.0,0.0,0.0,726,14,0.0,0.0,0.0,0.0,725.5,0.0
1,951900,VOLCANIC_ROCK_VOUCHER_9500,725.0,16.0,0.0,0.0,0.0,0.0,726,16,0.0,0.0,0.0,0.0,725.5,0.0
1,952000,VOLCANIC_ROCK_VOUCHER_9500,731.0,19.0,0.0,0.0,0.0,0.0,732,19,0.0,0.0,0.0,0.0,731.5,0.0
1,952100,VOLCANIC_ROCK_VOUCHER_9500,729.0,22.0,0.0,0.0,0.0,0.0,730,22,0.0,0.0,0.0,0.0,729.5,0.0
1,952200,VOLCANIC_ROCK_VOUCHER_9500,728.0,10.0,0.0,0.0,0.0,0.0,729,10,0.0,0.0,0.0,0.0,728.5,0.0
1,952300,VOLCANIC_ROCK_VOUCHER_9500,731.0,16.0,0.0,0.0,0.0,0.0,732,16,0.0,0.0,0.0,0.0,731.5,0.0
1,952400,VOLCANIC_ROCK_VOUCHER_9500,729.0,15.0,0.0,0.0,0.0,0.0,730,15,0.0,0.0,0.0,0.0,729.5,0.0
1,952500,VOLCANIC_ROCK_VOUCHER_9500,724.0,14.0,0.0,0.0,0.0,0.0,725,14,0.0,0.0,0.0,0.0,724.5,0.0
1,952600,VOLCANIC_ROCK_VOUCHER_9500,722.0,20.0,0.0,0.0,0.0,0.0,723,20,0.0,0.0,0.0,0.0,722.5,0.0
1,952700,VOLCANIC_ROCK_VOUCHER_9500,721.0,20.0,0.0,0.0,0.0,0.0,722,20,0.0,0.0,0.0,0.0,721.5,0.0
1,952800,VOLCANIC_ROCK_VOUCHER_9500,718.0,15.0,0.0,0.0,0.0,0.0,719,15,0.0,0.0,0.0,0.0,718.5,0.0
1,952900,VOLCANIC_ROCK_VOUCHER_9500,717.0,19.0,0.0,0.0,0.0,0.0,718,19,0.0,0.0,0.0,0.0,717.5,0.0
1,953000,VOLCANIC_ROCK_VOUCHER_9500,715.0,21.0,0.0,0.0,0.0,0.0,716,21,0.0,0.0,0.0,0.0,715.5,0.0
1,953100,VOLCANIC_ROCK_VOUCHER_9500,713.0,20.0,0.0,0.0,0.0,0.0,714,20,0.0,0.0,0.0,0.0,713.5,0.0
1,953200,VOLCANIC_ROCK_VOUCHER_9500,716.0,11.0,0.0,0.0,0.0,0.0,718,11,0.0,0.0,0.0,0.0,717.0,0.0
1,953300,VOLCANIC_ROCK_VOUCHER_9500,716.0,21.0,0.0,0.0,0.0,0.0,717,21,0.0,0.0,0.0,0.0,716.5,0.0
1,953400,VOLCANIC_ROCK_VOUCHER_9500,714.0,12.0,0.0,0.0,0.0,0.0,716,12,0.0,0.0,0.0,0.0,715.0,0.0
1,953500,VOLCANIC_ROCK_VOUCHER_9500,712.0,12.0,0.0,0.0,0.0,0.0,714,12,0.0,0.0,0.0,0.0,713.0,0.0
1,953600,VOLCANIC_ROCK_VOUCHER_9500,710.0,1.0,709.0,16.0,0.0,0.0,711,17,0.0,0.0,0.0,0.0,710.5,0.0
1,953700,VOLCANIC_ROCK_VOUCHER_9500,710.0,14.0,0.0,0.0,0.0,0.0,711,14,0.0,0.0,0.0,0.0,710.5,0.0
1,953800,VOLCANIC_ROCK_VOUCHER_9500,705.0,21.0,0.0,0.0,0.0,0.0,706,21,0.0,0.0,0.0,0.0,705.5,0.0
1,953900,VOLCANIC_ROCK_VOUCHER_9500,707.0,21.0,0.0,0.0,0.0,0.0,708,21,0.0,0.0,0.0,0.0,707.5,0.0
1,954000,VOLCANIC_ROCK_VOUCHER_9500,705.0,16.0,0.0,0.0,0.0,0.0,706,16,0.0,0.0,0.0,0.0,705.5,0.0
1,954100,VOLCANIC_ROCK_VOUCHER_9500,707.0,11.0,0.0,0.0,0.0,0.0,708,11,0.0,0.0,0.0,0.0,707.5,0.0
1,954200,VOLCANIC_ROCK_VOUCHER_9500,706.0,15.0,0.0,0.0,0.0,0.0,707,15,0.0,0.0,0.0,0.0,706.5,0.0
1,954300,VOLCANIC_ROCK_VOUCHER_9500,708.0,18.0,0.0,0.0,0.0,0.0,709,18,0.0,0.0,0.0,0.0,708.5,0.0
1,954400,VOLCANIC_ROCK_VOUCHER_9500,709.0,11.0,0.0,0.0,0.0,0.0,710,11,0.0,0.0,0.0,0.0,709.5,0.0
1,954500,VOLCANIC_ROCK_VOUCHER_9500,710.0,16.0,0.0,0.0,0.0,0.0,711,16,0.0,0.0,0.0,0.0,710.5,0.0
1,954600,VOLCANIC_ROCK_VOUCHER_9500,711.0,10.0,0.0,0.0,0.0,0.0,712,10,0.0,0.0,0.0,0.0,711.5,0.0
1,954700,VOLCANIC_ROCK_VOUCHER_9500,718.0,14.0,0.0,0.0,0.0,0.0,719,14,0.0,0.0,0.0,0.0,718.5,0.0
1,954800,VOLCANIC_ROCK_VOUCHER_9500,713.0,18.0,0.0,0.0,0.0,0.0,715,18,0.0,0.0,0.0,0.0,714.0,0.0
1,954900,VOLCANIC_ROCK_VOUCHER_9500,713.0,12.0,0.0,0.0,0.0,0.0,715,12,0.0,0.0,0.0,0.0,714.0,0.0
1,955000,VOLCANIC_ROCK_VOUCHER_9500,711.0,21.0,0.0,0.0,0.0,0.0,712,21,0.0,0.0,0.0,0.0,711.5,0.0
1,955100,VOLCANIC_ROCK_VOUCHER_9500,0.0,0.0,0.0,0.0,0.0,0.0,709,4,710.0,10.0,0.0,0.0,709.0,0.0
1,955200,VOLCANIC_ROCK_VOUCHER_9500,707.0,10.0,0.0,0.0,0.0,0.0,708,10,0.0,0.0,0.0,0.0,707.5,0.0
1,955300,VOLCANIC_ROCK_VOUCHER_9500,707.0,19.0,0.0,0.0,0.0,0.0,708,19,0.0,0.0,0.0,0.0,707.5,0.0
1,955400,VOLCANIC_ROCK_VOUCHER_9500,708.0,6.0,0.0,0.0,0.0,0.0,709,16,0.0,0.0,0.0,0.0,708.5,0.0
1,955500,VOLCANIC_ROCK_VOUCHER_9500,710.0,15.0,0.0,0.0,0.0,0.0,711,15,0.0,0.0,0.0,0.0,710.5,0.0
1,955600,VOLCANIC_ROCK_VOUCHER_9500,709.0,20.0,0.0,0.0,0.0,0.0,710,20,0.0,0.0,0.0,0.0,709.5,0.0
1,955700,VOLCANIC_ROCK_VOUCHER_9500,708.0,18.0,0.0,0.0,0.0,0.0,709,18,0.0,0.0,0.0,0.0,708.5,0.0
1,955800,VOLCANIC_ROCK_VOUCHER_9500,706.0,20.0,0.0,0.0,0.0,0.0,707,20,0.0,0.0,0.0,0.0,706.5,0.0
1,955900,VOLCANIC_ROCK_VOUCHER_9500,706.0,31.0,0.0,0.0,0.0,0.0,707,18,0.0,0.0,0.0,0.0,706.5,0.0
1,956000,VOLCANIC_ROCK_VOUCHER_9500,706.0,22.0,0.0,0.0,0.0,0.0,707,22,0.0,0.0,0.0,0.0,706.5,0.0
1,956100,VOLCANIC_ROCK_VOUCHER_9500,0.0,0.0,0.0,0.0,0.0,0.0,706,6,707.0,11.0,0.0,0.0,706.0,0.0
1,956200,VOLCANIC_ROCK_VOUCHER_9500,702.0,11.0,0.0,0.0,0.0,0.0,703,11,0.0,0.0,0.0,0.0,702.5,0.0
1,956300,VOLCANIC_ROCK_VOUCHER_9500,701.0,16.0,0.0,0.0,0.0,0.0,702,16,0.0,0.0,0.0,0.0,701.5,0.0
1,956400,VOLCANIC_ROCK_VOUCHER_9500,701.0,18.0,0.0,0.0,0.0,0.0,702,18,0.0,0.0,0.0,0.0,701.5,0.0
1,956500,VOLCANIC_ROCK_VOUCHER_9500,700.0,12.0,0.0,0.0,0.0,0.0,701,12,0.0,0.0,0.0,0.0,700.5,0.0
1,956600,VOLCANIC_ROCK_VOUCHER_9500,702.0,12.0,0.0,0.0,0.0,0.0,703,12,0.0,0.0,0.0,0.0,702.5,0.0
1,956700,VOLCANIC_ROCK_VOUCHER_9500,702.0,14.0,0.0,0.0,0.0,0.0,703,14,0.0,0.0,0.0,0.0,702.5,0.0
1,956800,VOLCANIC_ROCK_VOUCHER_9500,707.0,16.0,0.0,0.0,0.0,0.0,708,16,0.0,0.0,0.0,0.0,707.5,0.0
1,956900,VOLCANIC_ROCK_VOUCHER_9500,704.0,17.0,0.0,0.0,0.0,0.0,706,17,0.0,0.0,0.0,0.0,705.0,0.0
1,957000,VOLCANIC_ROCK_VOUCHER_9500,707.0,21.0,0.0,0.0,0.0,0.0,709,21,0.0,0.0,0.0,0.0,708.0,0.0
1,957100,VOLCANIC_ROCK_VOUCHER_9500,710.0,4.0,0.0,0.0,0.0,0.0,711,20,0.0,0.0,0.0,0.0,710.5,0.0
1,957200,VOLCANIC_ROCK_VOUCHER_9500,706.0,13.0,0.0,0.0,0.0,0.0,708,13,0.0,0.0,0.0,0.0,707.0,0.0
1,957300,VOLCANIC_ROCK_VOUCHER_9500,709.0,21.0,0.0,0.0,0.0,0.0,710,21,0.0,0.0,0.0,0.0,709.5,0.0
1,957400,VOLCANIC_ROCK_VOUCHER_9500,709.0,12.0,0.0,0.0,0.0,0.0,710,12,0.0,0.0,0.0,0.0,709.5,0.0
1,957500,VOLCANIC_ROCK_VOUCHER_9500,712.0,10.0,0.0,0.0,0.0,0.0,713,10,0.0,0.0,0.0,0.0,712.5,0.0
1,957600,VOLCANIC_ROCK_VOUCHER_9500,716.0,8.0,0.0,0.0,0.0,0.0,717,1,718.0,17.0,0.0,0.0,716.5,0.0
1,957700,VOLCANIC_ROCK_VOUCHER_9500,716.0,21.0,0.0,0.0,0.0,0.0,717,21,0.0,0.0,0.0,0.0,716.5,0.0
1,957800,VOLCANIC_ROCK_VOUCHER_9500,715.0,29.0,0.0,0.0,0.0,0.0,716,18,0.0,0.0,0.0,0.0,715.5,0.0
1,957900,VOLCANIC_ROCK_VOUCHER_9500,723.0,21.0,0.0,0.0,0.0,0.0,724,21,0.0,0.0,0.0,0.0,723.5,0.0
1,958000,VOLCANIC_ROCK_VOUCHER_9500,0.0,0.0,0.0,0.0,0.0,0.0,727,3,728.0,13.0,0.0,0.0,727.0,0.0
1,958100,VOLCANIC_ROCK_VOUCHER_9500,729.0,16.0,0.0,0.0,0.0,0.0,730,16,0.0,0.0,0.0,0.0,729.5,0.0
1,958200,VOLCANIC_ROCK_VOUCHER_9500,729.0,20.0,0.0,0.0,0.0,0.0,731,20,0.0,0.0,0.0,0.0,730.0,0.0
1,958300,VOLCANIC_ROCK_VOUCHER_9500,726.0,19.0,0.0,0.0,0.0,0.0,727,19,0.0,0.0,0.0,0.0,726.5,0.0
1,958400,VOLCANIC_ROCK_VOUCHER_9500,727.0,31.0,0.0,0.0,0.0,0.0,728,11,0.0,0.0,0.0,0.0,727.5,0.0
1,958500,VOLCANIC_ROCK_VOUCHER_9500,730.0,19.0,0.0,0.0,0.0,0.0,731,19,0.0,0.0,0.0,0.0,730.5,0.0
1,958600,VOLCANIC_ROCK_VOUCHER_9500,734.0,6.0,0.0,0.0,0.0,0.0,735,17,0.0,0.0,0.0,0.0,734.5,0.0
1,958700,VOLCANIC_ROCK_VOUCHER_9500,738.0,12.0,0.0,0.0,0.0,0.0,739,12,0.0,0.0,0.0,0.0,738.5,0.0
1,958800,VOLCANIC_ROCK_VOUCHER_9500,742.0,0.0,0.0,0.0,0.0,0.0,743,20,0.0,0.0,0.0,0.0,742.5,0.0
1,958900,VOLCANIC_ROCK_VOUCHER_9500,743.0,21.0,0.0,0.0,0.0,0.0,744,21,0.0,0.0,0.0,0.0,743.5,0.0
1,959000,VOLCANIC_ROCK_VOUCHER_9500,743.0,19.0,0.0,0.0,0.0,0.0,744,19,0.0,0.0,0.0,0.0,743.5,0.0
1,959100,VOLCANIC_ROCK_VOUCHER_9500,749.0,13.0,0.0,0.0,0.0,0.0,750,13,0.0,0.0,0.0,0.0,749.5,0.0
1,959200,VOLCANIC_ROCK_VOUCHER_9500,755.0,17.0,0.0,0.0,0.0,0.0,756,17,0.0,0.0,0.0,0.0,755.5,0.0
1,959300,VOLCANIC_ROCK_VOUCHER_9500,0.0,0.0,0.0,0.0,0.0,0.0,763,3,764.0,12.0,0.0,0.0,763.0,0.0
1,959400,VOLCANIC_ROCK_VOUCHER_9500,769.0,12.0,0.0,0.0,0.0,0.0,770,12,0.0,0.0,0.0,0.0,769.5,0.0
1,959500,VOLCANIC_ROCK_VOUCHER_9500,771.0,18.0,0.0,0.0,0.0,0.0,772,18,0.0,0.0,0.0,0.0,771.5,0.0
1,959600,VOLCANIC_ROCK_VOUCHER_9500,779.0,4.0,0.0,0.0,0.0,0.0,780,18,0.0,0.0,0.0,0.0,779.5,0.0
1,959700,VOLCANIC_ROCK_VOUCHER_9500,785.0,12.0,0.0,0.0,0.0,0.0,786,12,0.0,0.0,0.0,0.0,785.5,0.0
1,959800,VOLCANIC_ROCK_VOUCHER_9500,776.0,19.0,0.0,0.0,0.0,0.0,777,19,0.0,0.0,0.0,0.0,776.5,0.0
1,959900,VOLCANIC_ROCK_VOUCHER_9500,778.0,17.0,0.0,0.0,0.0,0.0,779,17,0.0,0.0,0.0,0.0,778.5,0.0
1,960000,VOLCANIC_ROCK_VOUCHER_9500,775.0,16.0,0.0,0.0,0.0,0.0,776,16,0.0,0.0,0.0,0.0,775.5,0.0
1,960100,VOLCANIC_ROCK_VOUCHER_9500,781.0,19.0,0.0,0.0,0.0,0.0,782,19,0.0,0.0,0.0,0.0,781.5,0.0
1,960200,VOLCANIC_ROCK_VOUCHER_9500,782.0,15.0,0.0,0.0,0.0,0.0,783,15,0.0,0.0,0.0,0.0,782.5,0.0
1,960300,VOLCANIC_ROCK_VOUCHER_9500,781.0,19.0,0.0,0.0,0.0,0.0,782,19,0.0,0.0,0.0,0.0,781.5,0.0
1,960400,VOLCANIC_ROCK_VOUCHER_9500,785.0,17.0,0.0,0.0,0.0,0.0,786,17,0.0,0.0,0.0,0.0,785.5,0.0
1,960500,VOLCANIC_ROCK_VOUCHER_9500,778.0,19.0,0.0,0.0,0.0,0.0,779,19,0.0,0.0,0.0,0.0,778.5,0.0
1,960600,VOLCANIC_ROCK_VOUCHER_9500,774.0,19.0,0.0,0.0,0.0,0.0,776,19,0.0,0.0,0.0,0.0,775.0,0.0
1,960700,VOLCANIC_ROCK_VOUCHER_9500,766.0,20.0,0.0,0.0,0.0,0.0,767,20,0.0,0.0,0.0,0.0,766.5,0.0
1,960800,VOLCANIC_ROCK_VOUCHER_9500,769.0,14.0,0.0,0.0,0.0,0.0,770,14,0.0,0.0,0.0,0.0,769.5,0.0
1,960900,VOLCANIC_ROCK_VOUCHER_9500,775.0,12.0,0.0,0.0,0.0,0.0,776,12,0.0,0.0,0.0,0.0,775.5,0.0
1,961000,VOLCANIC_ROCK_VOUCHER_9500,771.0,18.0,0.0,0.0,0.0,0.0,773,18,0.0,0.0,0.0,0.0,772.0,0.0
1,961100,VOLCANIC_ROCK_VOUCHER_9500,774.0,16.0,0.0,0.0,0.0,0.0,775,16,0.0,0.0,0.0,0.0,774.5,0.0
1,961200,VOLCANIC_ROCK_VOUCHER_9500,778.0,15.0,0.0,0.0,0.0,0.0,779,15,0.0,0.0,0.0,0.0,778.5,0.0
1,961300,VOLCANIC_ROCK_VOUCHER_9500,770.0,13.0,0.0,0.0,0.0,0.0,771,13,0.0,0.0,0.0,0.0,770.5,0.0
1,961400,VOLCANIC_ROCK_VOUCHER_9500,773.0,2.0,772.0,16.0,0.0,0.0,774,18,0.0,0.0,0.0,0.0,773.5,0.0
1,961500,VOLCANIC_ROCK_VOUCHER_9500,771.0,20.0,0.0,0.0,0.0,0.0,772,20,0.0,0.0,0.0,0.0,771.5,0.0
1,961600,VOLCANIC_ROCK_VOUCHER_9500,772.0,11.0,0.0,0.0,0.0,0.0,773,11,0.0,0.0,0.0,0.0,772.5,0.0
1,961700,VOLCANIC_ROCK_VOUCHER_9500,768.0,30.0,0.0,0.0,0.0,0.0,769,13,0.0,0.0,0.0,0.0,768.5,0.0
1,961800,VOLCANIC_ROCK_VOUCHER_9500,766.0,11.0,0.0,0.0,0.0,0.0,767,11,0.0,0.0,0.0,0.0,766.5,0.0
1,961900,VOLCANIC_ROCK_VOUCHER_9500,761.0,17.0,0.0,0.0,0.0,0.0,762,17,0.0,0.0,0.0,0.0,761.5,0.0
1,962000,VOLCANIC_ROCK_VOUCHER_9500,761.0,21.0,0.0,0.0,0.0,0.0,763,21,0.0,0.0,0.0,0.0,762.0,0.0
1,962100,VOLCANIC_ROCK_VOUCHER_9500,761.0,13.0,0.0,0.0,0.0,0.0,762,13,0.0,0.0,0.0,0.0,761.5,0.0
1,962200,VOLCANIC_ROCK_VOUCHER_9500,765.0,14.0,0.0,0.0,0.0,0.0,766,14,0.0,0.0,0.0,0.0,765.5,0.0
1,962300,VOLCANIC_ROCK_VOUCHER_9500,764.0,18.0,0.0,0.0,0.0,0.0,765,18,0.0,0.0,0.0,0.0,764.5,0.0
1,962400,VOLCANIC_ROCK_VOUCHER_9500,764.0,17.0,0.0,0.0,0.0,0.0,765,17,0.0,0.0,0.0,0.0,764.5,0.0
1,962500,VOLCANIC_ROCK_VOUCHER_9500,765.0,26.0,0.0,0.0,0.0,0.0,766,15,0.0,0.0,0.0,0.0,765.5,0.0
1,962600,VOLCANIC_ROCK_VOUCHER_9500,764.0,21.0,0.0,0.0,0.0,0.0,765,21,0.0,0.0,0.0,0.0,764.5,0.0
1,962700,VOLCANIC_ROCK_VOUCHER_9500,761.0,16.0,0.0,0.0,0.0,0.0,762,16,0.0,0.0,0.0,0.0,761.5,0.0
1,962800,VOLCANIC_ROCK_VOUCHER_9500,759.0,13.0,0.0,0.0,0.0,0.0,760,13,0.0,0.0,0.0,0.0,759.5,0.0
1,962900,VOLCANIC_ROCK_VOUCHER_9500,759.0,17.0,0.0,0.0,0.0,0.0,760,17,0.0,0.0,0.0,0.0,759.5,0.0
1,963000,VOLCANIC_ROCK_VOUCHER_9500,758.0,8.0,0.0,0.0,0.0,0.0,760,19,0.0,0.0,0.0,0.0,759.0,0.0
1,963100,VOLCANIC_ROCK_VOUCHER_9500,754.0,33.0,0.0,0.0,0.0,0.0,755,15,0.0,0.0,0.0,0.0,754.5,0.0
1,963200,VOLCANIC_ROCK_VOUCHER_9500,756.0,20.0,0.0,0.0,0.0,0.0,757,20,0.0,0.0,0.0,0.0,756.5,0.0
1,963300,VOLCANIC_ROCK_VOUCHER_9500,755.0,12.0,0.0,0.0,0.0,0.0,756,12,0.0,0.0,0.0,0.0,755.5,0.0
1,963400,VOLCANIC_ROCK_VOUCHER_9500,753.0,34.0,0.0,0.0,0.0,0.0,754,14,0.0,0.0,0.0,0.0,753.5,0.0
1,963500,VOLCANIC_ROCK_VOUCHER_9500,749.0,13.0,0.0,0.0,0.0,0.0,751,13,0.0,0.0,0.0,0.0,750.0,0.0
1,963600,VOLCANIC_ROCK_VOUCHER_9500,746.0,17.0,0.0,0.0,0.0,0.0,747,17,0.0,0.0,0.0,0.0,746.5,0.0
1,963700,VOLCANIC_ROCK_VOUCHER_9500,751.0,18.0,0.0,0.0,0.0,0.0,752,18,0.0,0.0,0.0,0.0,751.5,0.0
1,963800,VOLCANIC_ROCK_VOUCHER_9500,746.0,15.0,0.0,0.0,0.0,0.0,747,15,0.0,0.0,0.0,0.0,746.5,0.0
1,963900,VOLCANIC_ROCK_VOUCHER_9500,749.0,10.0,0.0,0.0,0.0,0.0,750,10,0.0,0.0,0.0,0.0,749.5,0.0
1,964000,VOLCANIC_ROCK_VOUCHER_9500,0.0,0.0,0.0,0.0,0.0,0.0,749,2,750.0,14.0,0.0,0.0,749.0,0.0
1,964100,VOLCANIC_ROCK_VOUCHER_9500,748.0,15.0,0.0,0.0,0.0,0.0,749,15,0.0,0.0,0.0,0.0,748.5,0.0
1,964200,VOLCANIC_ROCK_VOUCHER_9500,751.0,16.0,0.0,0.0,0.0,0.0,752,16,0.0,0.0,0.0,0.0,751.5,0.0
1,964300,VOLCANIC_ROCK_VOUCHER_9500,752.0,17.0,0.0,0.0,0.0,0.0,753,17,0.0,0.0,0.0,0.0,752.5,0.0
1,964400,VOLCANIC_ROCK_VOUCHER_9500,748.0,36.0,0.0,0.0,0.0,0.0,749,20,0.0,0.0,0.0,0.0,748.5,0.0
1,964500,VOLCANIC_ROCK_VOUCHER_9500,750.0,16.0,0.0,0.0,0.0,0.0,751,16,0.0,0.0,0.0,0.0,750.5,0.0
1,964600,VOLCANIC_ROCK_VOUCHER_9500,749.0,21.0,0.0,0.0,0.0,0.0,751,21,0.0,0.0,0.0,0.0,750.0,0.0
1,964700,VOLCANIC_ROCK_VOUCHER_9500,752.0,28.0,0.0,0.0,0.0,0.0,753,17,0.0,0.0,0.0,0.0,752.5,0.0
1,964800,VOLCANIC_ROCK_VOUCHER_9500,750.0,12.0,0.0,0.0,0.0,0.0,751,12,0.0,0.0,0.0,0.0,750.5,0.0
1,964900,VOLCANIC_ROCK_VOUCHER_9500,760.0,13.0,0.0,0.0,0.0,0.0,761,13,0.0,0.0,0.0,0.0,760.5,0.0
1,965000,VOLCANIC_ROCK_VOUCHER_9500,758.0,19.0,0.0,0.0,0.0,0.0,760,19,0.0,0.0,0.0,0.0,759.0,0.0
1,965100,VOLCANIC_ROCK_VOUCHER_9500,764.0,14.0,0.0,0.0,0.0,0.0,765,14,0.0,0.0,0.0,0.0,764.5,0.0
1,965200,VOLCANIC_ROCK_VOUCHER_9500,767.0,15.0,0.0,0.0,0.0,0.0,768,15,0.0,0.0,0.0,0.0,767.5,0.0
1,965300,VOLCANIC_ROCK_VOUCHER_9500,771.0,13.0,0.0,0.0,0.0,0.0,772,13,0.0,0.0,0.0,0.0,771.5,0.0
1,965400,VOLCANIC_ROCK_VOUCHER_9500,770.0,14.0,0.0,0.0,0.0,0.0,771,14,0.0,0.0,0.0,0.0,770.5,0.0
1,965500,VOLCANIC_ROCK_VOUCHER_9500,771.0,28.0,0.0,0.0,0.0,0.0,772,19,0.0,0.0,0.0,0.0,771.5,0.0
1,965600,VOLCANIC_ROCK_VOUCHER_9500,772.0,18.0,0.0,0.0,0.0,0.0,774,18,0.0,0.0,0.0,0.0,773.0,0.0
1,965700,VOLCANIC_ROCK_VOUCHER_9500,771.0,35.0,0.0,0.0,0.0,0.0,773,22,0.0,0.0,0.0,0.0,772.0,0.0
1,965800,VOLCANIC_ROCK_VOUCHER_9500,769.0,20.0,0.0,0.0,0.0,0.0,770,20,0.0,0.0,0.0,0.0,769.5,0.0
1,965900,VOLCANIC_ROCK_VOUCHER_9500,763.0,14.0,0.0,0.0,0.0,0.0,764,14,0.0,0.0,0.0,0.0,763.5,0.0
1,966000,VOLCANIC_ROCK_VOUCHER_9500,760.0,21.0,0.0,0.0,0.0,0.0,761,21,0.0,0.0,0.0,0.0,760.5,0.0
1,966100,VOLCANIC_ROCK_VOUCHER_9500,761.0,18.0,0.0,0.0,0.0,0.0,763,18,0.0,0.0,0.0,0.0,762.0,0.0
1,966200,VOLCANIC_ROCK_VOUCHER_9500,761.0,14.0,0.0,0.0,0.0,0.0,763,14,0.0,0.0,0.0,0.0,762.0,0.0
1,966300,VOLCANIC_ROCK_VOUCHER_9500,760.0,12.0,0.0,0.0,0.0,0.0,761,12,0.0,0.0,0.0,0.0,760.5,0.0
1,966400,VOLCANIC_ROCK_VOUCHER_9500,763.0,37.0,0.0,0.0,0.0,0.0,764,19,0.0,0.0,0.0,0.0,763.5,0.0
1,966500,VOLCANIC_ROCK_VOUCHER_9500,762.0,31.0,0.0,0.0,0.0,0.0,763,18,0.0,0.0,0.0,0.0,762.5,0.0
1,966600,VOLCANIC_ROCK_VOUCHER_9500,766.0,17.0,0.0,0.0,0.0,0.0,767,17,0.0,0.0,0.0,0.0,766.5,0.0
1,966700,VOLCANIC_ROCK_VOUCHER_9500,766.0,13.0,0.0,0.0,0.0,0.0,767,13,0.0,0.0,0.0,0.0,766.5,0.0
1,966800,VOLCANIC_ROCK_VOUCHER_9500,767.0,13.0,0.0,0.0,0.0,0.0,768,13,0.0,0.0,0.0,0.0,767.5,0.0
1,966900,VOLCANIC_ROCK_VOUCHER_9500,766.0,13.0,0.0,0.0,0.0,0.0,767,13,0.0,0.0,0.0,0.0,766.5,0.0
1,967000,VOLCANIC_ROCK_VOUCHER_9500,765.0,16.0,0.0,0.0,0.0,0.0,766,16,0.0,0.0,0.0,0.0,765.5,0.0
1,967100,VOLCANIC_ROCK_VOUCHER_9500,765.0,12.0,0.0,0.0,0.0,0.0,766,12,0.0,0.0,0.0,0.0,765.5,0.0
1,967200,VOLCANIC_ROCK_VOUCHER_9500,767.0,16.0,0.0,0.0,0.0,0.0,768,16,0.0,0.0,0.0,0.0,767.5,0.0
1,967300,VOLCANIC_ROCK_VOUCHER_9500,766.0,18.0,0.0,0.0,0.0,0.0,767,18,0.0,0.0,0.0,0.0,766.5,0.0
1,967400,VOLCANIC_ROCK_VOUCHER_9500,767.0,18.0,0.0,0.0,0.0,0.0,768,18,0.0,0.0,0.0,0.0,767.5,0.0
1,967500,VOLCANIC_ROCK_VOUCHER_9500,767.0,12.0,0.0,0.0,0.0,0.0,768,12,0.0,0.0,0.0,0.0,767.5,0.0
1,967600,VOLCANIC_ROCK_VOUCHER_9500,767.0,15.0,0.0,0.0,0.0,0.0,768,15,0.0,0.0,0.0,0.0,767.5,0.0
1,967700,VOLCANIC_ROCK_VOUCHER_9500,767.0,11.0,0.0,0.0,0.0,0.0,768,11,0.0,0.0,0.0,0.0,767.5,0.0
1,967800,VOLCANIC_ROCK_VOUCHER_9500,768.0,10.0,0.0,0.0,0.0,0.0,769,10,0.0,0.0,0.0,0.0,768.5,0.0
1,967900,VOLCANIC_ROCK_VOUCHER_9500,762.0,16.0,0.0,0.0,0.0,0.0,763,16,0.0,0.0,0.0,0.0,762.5,0.0
1,968000,VOLCANIC_ROCK_VOUCHER_9500,757.0,15.0,0.0,0.0,0.0,0.0,758,15,0.0,0.0,0.0,0.0,757.5,0.0
1,968100,VOLCANIC_ROCK_VOUCHER_9500,760.0,20.0,0.0,0.0,0.0,0.0,761,20,0.0,0.0,0.0,0.0,760.5,0.0
1,968200,VOLCANIC_ROCK_VOUCHER_9500,763.0,19.0,0.0,0.0,0.0,0.0,764,19,0.0,0.0,0.0,0.0,763.5,0.0
1,968300,VOLCANIC_ROCK_VOUCHER_9500,0.0,0.0,0.0,0.0,0.0,0.0,765,4,766.0,12.0,0.0,0.0,765.0,0.0
1,968400,VOLCANIC_ROCK_VOUCHER_9500,763.0,17.0,0.0,0.0,0.0,0.0,765,17,0.0,0.0,0.0,0.0,764.0,0.0
1,968500,VOLCANIC_ROCK_VOUCHER_9500,760.0,20.0,0.0,0.0,0.0,0.0,761,20,0.0,0.0,0.0,0.0,760.5,0.0
1,968600,VOLCANIC_ROCK_VOUCHER_9500,759.0,17.0,0.0,0.0,0.0,0.0,760,17,0.0,0.0,0.0,0.0,759.5,0.0
1,968700,VOLCANIC_ROCK_VOUCHER_9500,760.0,13.0,0.0,0.0,0.0,0.0,761,13,0.0,0.0,0.0,0.0,760.5,0.0
1,968800,VOLCANIC_ROCK_VOUCHER_9500,761.0,17.0,0.0,0.0,0.0,0.0,762,17,0.0,0.0,0.0,0.0,761.5,0.0
1,968900,VOLCANIC_ROCK_VOUCHER_9500,759.0,7.0,0.0,0.0,0.0,0.0,760,17,0.0,0.0,0.0,0.0,759.5,0.0
1,969000,VOLCANIC_ROCK_VOUCHER_9500,753.0,14.0,0.0,0.0,0.0,0.0,754,14,0.0,0.0,0.0,0.0,753.5,0.0
1,969100,VOLCANIC_ROCK_VOUCHER_9500,749.0,15.0,0.0,0.0,0.0,0.0,750,15,0.0,0.0,0.0,0.0,749.5,0.0
1,969200,VOLCANIC_ROCK_VOUCHER_9500,749.0,13.0,0.0,0.0,0.0,0.0,750,13,0.0,0.0,0.0,0.0,749.5,0.0
1,969300,VOLCANIC_ROCK_VOUCHER_9500,749.0,15.0,0.0,0.0,0.0,0.0,750,15,0.0,0.0,0.0,0.0,749.5,0.0
1,969400,VOLCANIC_ROCK_VOUCHER_9500,755.0,15.0,0.0,0.0,0.0,0.0,756,15,0.0,0.0,0.0,0.0,755.5,0.0
1,969500,VOLCANIC_ROCK_VOUCHER_9500,754.0,21.0,0.0,0.0,0.0,0.0,755,21,0.0,0.0,0.0,0.0,754.5,0.0
1,969600,VOLCANIC_ROCK_VOUCHER_9500,753.0,16.0,0.0,0.0,0.0,0.0,755,16,0.0,0.0,0.0,0.0,754.0,0.0
1,969700,VOLCANIC_ROCK_VOUCHER_9500,755.0,21.0,0.0,0.0,0.0,0.0,756,21,0.0,0.0,0.0,0.0,755.5,0.0
1,969800,VOLCANIC_ROCK_VOUCHER_9500,751.0,39.0,0.0,0.0,0.0,0.0,752,21,0.0,0.0,0.0,0.0,751.5,0.0
1,969900,VOLCANIC_ROCK_VOUCHER_9500,754.0,21.0,0.0,0.0,0.0,0.0,756,21,0.0,0.0,0.0,0.0,755.0,0.0
1,970000,VOLCANIC_ROCK_VOUCHER_9500,751.0,16.0,0.0,0.0,0.0,0.0,752,16,0.0,0.0,0.0,0.0,751.5,0.0
1,970100,VOLCANIC_ROCK_VOUCHER_9500,756.0,21.0,0.0,0.0,0.0,0.0,757,21,0.0,0.0,0.0,0.0,756.5,0.0
1,970200,VOLCANIC_ROCK_VOUCHER_9500,754.0,13.0,0.0,0.0,0.0,0.0,755,13,0.0,0.0,0.0,0.0,754.5,0.0
1,970300,VOLCANIC_ROCK_VOUCHER_9500,749.0,16.0,0.0,0.0,0.0,0.0,751,16,0.0,0.0,0.0,0.0,750.0,0.0
1,970400,VOLCANIC_ROCK_VOUCHER_9500,749.0,19.0,0.0,0.0,0.0,0.0,750,19,0.0,0.0,0.0,0.0,749.5,0.0
1,970500,VOLCANIC_ROCK_VOUCHER_9500,750.0,16.0,0.0,0.0,0.0,0.0,751,16,0.0,0.0,0.0,0.0,750.5,0.0
1,970600,VOLCANIC_ROCK_VOUCHER_9500,749.0,22.0,0.0,0.0,0.0,0.0,751,22,0.0,0.0,0.0,0.0,750.0,0.0
1,970700,VOLCANIC_ROCK_VOUCHER_9500,747.0,27.0,0.0,0.0,0.0,0.0,748,19,0.0,0.0,0.0,0.0,747.5,0.0
1,970800,VOLCANIC_ROCK_VOUCHER_9500,749.0,16.0,0.0,0.0,0.0,0.0,750,16,0.0,0.0,0.0,0.0,749.5,0.0
1,970900,VOLCANIC_ROCK_VOUCHER_9500,752.0,37.0,0.0,0.0,0.0,0.0,753,19,0.0,0.0,0.0,0.0,752.5,0.0
1,971000,VOLCANIC_ROCK_VOUCHER_9500,750.0,15.0,0.0,0.0,0.0,0.0,751,15,0.0,0.0,0.0,0.0,750.5,0.0
1,971100,VOLCANIC_ROCK_VOUCHER_9500,750.0,13.0,0.0,0.0,0.0,0.0,751,13,0.0,0.0,0.0,0.0,750.5,0.0
1,971200,VOLCANIC_ROCK_VOUCHER_9500,752.0,17.0,0.0,0.0,0.0,0.0,753,17,0.0,0.0,0.0,0.0,752.5,0.0
1,971300,VOLCANIC_ROCK_VOUCHER_9500,752.0,16.0,0.0,0.0,0.0,0.0,753,16,0.0,0.0,0.0,0.0,752.5,0.0
1,971400,VOLCANIC_ROCK_VOUCHER_9500,751.0,19.0,0.0,0.0,0.0,0.0,753,19,0.0,0.0,0.0,0.0,752.0,0.0
1,971500,VOLCANIC_ROCK_VOUCHER_9500,748.0,4.0,0.0,0.0,0.0,0.0,749,17,0.0,0.0,0.0,0.0,748.5,0.0
1,971600,VOLCANIC_ROCK_VOUCHER_9500,745.0,14.0,0.0,0.0,0.0,0.0,746,14,0.0,0.0,0.0,0.0,745.5,0.0
1,971700,VOLCANIC_ROCK_VOUCHER_9500,750.0,15.0,0.0,0.0,0.0,0.0,751,15,0.0,0.0,0.0,0.0,750.5,0.0
1,971800,VOLCANIC_ROCK_VOUCHER_9500,746.0,0.0,0.0,0.0,0.0,0.0,747,17,0.0,0.0,0.0,0.0,746.5,0.0
1,971900,VOLCANIC_ROCK_VOUCHER_9500,0.0,0.0,0.0,0.0,0.0,0.0,749,3,750.0,10.0,0.0,0.0,749.0,0.0
1,972000,VOLCANIC_ROCK_VOUCHER_9500,749.0,20.0,0.0,0.0,0.0,0.0,750,20,0.0,0.0,0.0,0.0,749.5,0.0
1,972100,VOLCANIC_ROCK_VOUCHER_9500,748.0,11.0,0.0,0.0,0.0,0.0,749,11,0.0,0.0,0.0,0.0,748.5,0.0
1,972200,VOLCANIC_ROCK_VOUCHER_9500,746.0,20.0,0.0,0.0,0.0,0.0,747,20,0.0,0.0,0.0,0.0,746.5,0.0
1,972300,VOLCANIC_ROCK_VOUCHER_9500,744.0,29.0,0.0,0.0,0.0,0.0,745,13,0.0,0.0,0.0,0.0,744.5,0.0
1,972400,VOLCANIC_ROCK_VOUCHER_9500,743.0,11.0,0.0,0.0,0.0,0.0,744,11,0.0,0.0,0.0,0.0,743.5,0.0
1,972500,VOLCANIC_ROCK_VOUCHER_9500,744.0,17.0,0.0,0.0,0.0,0.0,745,17,0.0,0.0,0.0,0.0,744.5,0.0
1,972600,VOLCANIC_ROCK_VOUCHER_9500,743.0,22.0,0.0,0.0,0.0,0.0,744,22,0.0,0.0,0.0,0.0,743.5,0.0
1,972700,VOLCANIC_ROCK_VOUCHER_9500,743.0,33.0,0.0,0.0,0.0,0.0,744,18,0.0,0.0,0.0,0.0,743.5,0.0
1,972800,VOLCANIC_ROCK_VOUCHER_9500,742.0,14.0,0.0,0.0,0.0,0.0,743,14,0.0,0.0,0.0,0.0,742.5,0.0
1,972900,VOLCANIC_ROCK_VOUCHER_9500,741.0,17.0,0.0,0.0,0.0,0.0,742,17,0.0,0.0,0.0,0.0,741.5,0.0
1,973000,VOLCANIC_ROCK_VOUCHER_9500,738.0,11.0,737.0,13.0,0.0,0.0,739,13,0.0,0.0,0.0,0.0,738.5,0.0
1,973100,VOLCANIC_ROCK_VOUCHER_9500,738.0,20.0,0.0,0.0,0.0,0.0,739,20,0.0,0.0,0.0,0.0,738.5,0.0
1,973200,VOLCANIC_ROCK_VOUCHER_9500,738.0,11.0,0.0,0.0,0.0,0.0,739,11,0.0,0.0,0.0,0.0,738.5,0.0
1,973300,VOLCANIC_ROCK_VOUCHER_9500,739.0,16.0,0.0,0.0,0.0,0.0,740,16,0.0,0.0,0.0,0.0,739.5,0.0
1,973400,VOLCANIC_ROCK_VOUCHER_9500,745.0,19.0,0.0,0.0,0.0,0.0,746,19,0.0,0.0,0.0,0.0,745.5,0.0
1,973500,VOLCANIC_ROCK_VOUCHER_9500,748.0,19.0,0.0,0.0,0.0,0.0,749,19,0.0,0.0,0.0,0.0,748.5,0.0
1,973600,VOLCANIC_ROCK_VOUCHER_9500,746.0,14.0,0.0,0.0,0.0,0.0,747,14,0.0,0.0,0.0,0.0,746.5,0.0
1,973700,VOLCANIC_ROCK_VOUCHER_9500,745.0,13.0,0.0,0.0,0.0,0.0,746,13,0.0,0.0,0.0,0.0,745.5,0.0
1,973800,VOLCANIC_ROCK_VOUCHER_9500,749.0,14.0,0.0,0.0,0.0,0.0,751,14,0.0,0.0,0.0,0.0,750.0,0.0
1,973900,VOLCANIC_ROCK_VOUCHER_9500,745.0,17.0,0.0,0.0,0.0,0.0,746,17,0.0,0.0,0.0,0.0,745.5,0.0
1,974000,VOLCANIC_ROCK_VOUCHER_9500,745.0,11.0,0.0,0.0,0.0,0.0,746,11,0.0,0.0,0.0,0.0,745.5,0.0
1,974100,VOLCANIC_ROCK_VOUCHER_9500,753.0,18.0,0.0,0.0,0.0,0.0,754,18,0.0,0.0,0.0,0.0,753.5,0.0
1,974200,VOLCANIC_ROCK_VOUCHER_9500,758.0,28.0,0.0,0.0,0.0,0.0,760,10,0.0,0.0,0.0,0.0,759.0,0.0
1,974300,VOLCANIC_ROCK_VOUCHER_9500,755.0,16.0,0.0,0.0,0.0,0.0,756,16,0.0,0.0,0.0,0.0,755.5,0.0
1,974400,VOLCANIC_ROCK_VOUCHER_9500,754.0,19.0,0.0,0.0,0.0,0.0,755,19,0.0,0.0,0.0,0.0,754.5,0.0
1,974500,VOLCANIC_ROCK_VOUCHER_9500,750.0,16.0,0.0,0.0,0.0,0.0,752,16,0.0,0.0,0.0,0.0,751.0,0.0
1,974600,VOLCANIC_ROCK_VOUCHER_9500,748.0,18.0,0.0,0.0,0.0,0.0,749,18,0.0,0.0,0.0,0.0,748.5,0.0
1,974700,VOLCANIC_ROCK_VOUCHER_9500,747.0,30.0,0.0,0.0,0.0,0.0,748,17,0.0,0.0,0.0,0.0,747.5,0.0
1,974800,VOLCANIC_ROCK_VOUCHER_9500,749.0,19.0,0.0,0.0,0.0,0.0,750,19,0.0,0.0,0.0,0.0,749.5,0.0
1,974900,VOLCANIC_ROCK_VOUCHER_9500,747.0,2.0,0.0,0.0,0.0,0.0,748,15,0.0,0.0,0.0,0.0,747.5,0.0
1,975000,VOLCANIC_ROCK_VOUCHER_9500,748.0,18.0,0.0,0.0,0.0,0.0,749,18,0.0,0.0,0.0,0.0,748.5,0.0
1,975100,VOLCANIC_ROCK_VOUCHER_9500,749.0,13.0,0.0,0.0,0.0,0.0,751,13,0.0,0.0,0.0,0.0,750.0,0.0
1,975200,VOLCANIC_ROCK_VOUCHER_9500,754.0,15.0,0.0,0.0,0.0,0.0,755,15,0.0,0.0,0.0,0.0,754.5,0.0
1,975300,VOLCANIC_ROCK_VOUCHER_9500,753.0,8.0,0.0,0.0,0.0,0.0,754,18,0.0,0.0,0.0,0.0,753.5,0.0
1,975400,VOLCANIC_ROCK_VOUCHER_9500,752.0,31.0,0.0,0.0,0.0,0.0,753,11,0.0,0.0,0.0,0.0,752.5,0.0
1,975500,VOLCANIC_ROCK_VOUCHER_9500,751.0,20.0,0.0,0.0,0.0,0.0,753,20,0.0,0.0,0.0,0.0,752.0,0.0
1,975600,VOLCANIC_ROCK_VOUCHER_9500,746.0,19.0,0.0,0.0,0.0,0.0,748,19,0.0,0.0,0.0,0.0,747.0,0.0
1,975700,VOLCANIC_ROCK_VOUCHER_9500,752.0,14.0,0.0,0.0,0.0,0.0,753,14,0.0,0.0,0.0,0.0,752.5,0.0
1,975800,VOLCANIC_ROCK_VOUCHER_9500,754.0,12.0,0.0,0.0,0.0,0.0,756,12,0.0,0.0,0.0,0.0,755.0,0.0
1,975900,VOLCANIC_ROCK_VOUCHER_9500,752.0,13.0,0.0,0.0,0.0,0.0,753,13,0.0,0.0,0.0,0.0,752.5,0.0
1,976000,VOLCANIC_ROCK_VOUCHER_9500,752.0,17.0,0.0,0.0,0.0,0.0,753,17,0.0,0.0,0.0,0.0,752.5,0.0
1,976100,VOLCANIC_ROCK_VOUCHER_9500,756.0,15.0,0.0,0.0,0.0,0.0,757,15,0.0,0.0,0.0,0.0,756.5,0.0
1,976200,VOLCANIC_ROCK_VOUCHER_9500,751.0,18.0,0.0,0.0,0.0,0.0,752,18,0.0,0.0,0.0,0.0,751.5,0.0
1,976300,VOLCANIC_ROCK_VOUCHER_9500,752.0,20.0,0.0,0.0,0.0,0.0,753,20,0.0,0.0,0.0,0.0,752.5,0.0
1,976400,VOLCANIC_ROCK_VOUCHER_9500,753.0,13.0,0.0,0.0,0.0,0.0,754,13,0.0,0.0,0.0,0.0,753.5,0.0
1,976500,VOLCANIC_ROCK_VOUCHER_9500,752.0,16.0,0.0,0.0,0.0,0.0,754,16,0.0,0.0,0.0,0.0,753.0,0.0
1,976600,VOLCANIC_ROCK_VOUCHER_9500,760.0,17.0,0.0,0.0,0.0,0.0,761,17,0.0,0.0,0.0,0.0,760.5,0.0
1,976700,VOLCANIC_ROCK_VOUCHER_9500,762.0,20.0,0.0,0.0,0.0,0.0,763,20,0.0,0.0,0.0,0.0,762.5,0.0
1,976800,VOLCANIC_ROCK_VOUCHER_9500,760.0,19.0,0.0,0.0,0.0,0.0,761,19,0.0,0.0,0.0,0.0,760.5,0.0
1,976900,VOLCANIC_ROCK_VOUCHER_9500,759.0,14.0,0.0,0.0,0.0,0.0,760,14,0.0,0.0,0.0,0.0,759.5,0.0
1,977000,VOLCANIC_ROCK_VOUCHER_9500,758.0,23.0,0.0,0.0,0.0,0.0,759,13,0.0,0.0,0.0,0.0,758.5,0.0
1,977100,VOLCANIC_ROCK_VOUCHER_9500,764.0,10.0,0.0,0.0,0.0,0.0,765,10,0.0,0.0,0.0,0.0,764.5,0.0
1,977200,VOLCANIC_ROCK_VOUCHER_9500,765.0,32.0,0.0,0.0,0.0,0.0,766,20,0.0,0.0,0.0,0.0,765.5,0.0
1,977300,VOLCANIC_ROCK_VOUCHER_9500,774.0,14.0,0.0,0.0,0.0,0.0,775,14,0.0,0.0,0.0,0.0,774.5,0.0
1,977400,VOLCANIC_ROCK_VOUCHER_9500,775.0,5.0,0.0,0.0,0.0,0.0,776,21,0.0,0.0,0.0,0.0,775.5,0.0
1,977500,VOLCANIC_ROCK_VOUCHER_9500,775.0,20.0,0.0,0.0,0.0,0.0,776,20,0.0,0.0,0.0,0.0,775.5,0.0
1,977600,VOLCANIC_ROCK_VOUCHER_9500,772.0,13.0,0.0,0.0,0.0,0.0,774,13,0.0,0.0,0.0,0.0,773.0,0.0
1,977700,VOLCANIC_ROCK_VOUCHER_9500,770.0,20.0,0.0,0.0,0.0,0.0,771,20,0.0,0.0,0.0,0.0,770.5,0.0
1,977800,VOLCANIC_ROCK_VOUCHER_9500,768.0,11.0,0.0,0.0,0.0,0.0,769,11,0.0,0.0,0.0,0.0,768.5,0.0
1,977900,VOLCANIC_ROCK_VOUCHER_9500,766.0,17.0,0.0,0.0,0.0,0.0,767,17,0.0,0.0,0.0,0.0,766.5,0.0
1,978000,VOLCANIC_ROCK_VOUCHER_9500,768.0,11.0,0.0,0.0,0.0,0.0,769,11,0.0,0.0,0.0,0.0,768.5,0.0
1,978100,VOLCANIC_ROCK_VOUCHER_9500,769.0,10.0,0.0,0.0,0.0,0.0,770,20,0.0,0.0,0.0,0.0,769.5,0.0
1,978200,VOLCANIC_ROCK_VOUCHER_9500,769.0,20.0,0.0,0.0,0.0,0.0,770,20,0.0,0.0,0.0,0.0,769.5,0.0
1,978300,VOLCANIC_ROCK_VOUCHER_9500,771.0,11.0,0.0,0.0,0.0,0.0,772,11,0.0,0.0,0.0,0.0,771.5,0.0
1,978400,VOLCANIC_ROCK_VOUCHER_9500,773.0,19.0,0.0,0.0,0.0,0.0,775,19,0.0,0.0,0.0,0.0,774.0,0.0
1,978500,VOLCANIC_ROCK_VOUCHER_9500,772.0,27.0,0.0,0.0,0.0,0.0,773,11,0.0,0.0,0.0,0.0,772.5,0.0
1,978600,VOLCANIC_ROCK_VOUCHER_9500,770.0,17.0,0.0,0.0,0.0,0.0,771,17,0.0,0.0,0.0,0.0,770.5,0.0
1,978700,VOLCANIC_ROCK_VOUCHER_9500,768.0,19.0,0.0,0.0,0.0,0.0,769,19,0.0,0.0,0.0,0.0,768.5,0.0
1,978800,VOLCANIC_ROCK_VOUCHER_9500,766.0,18.0,0.0,0.0,0.0,0.0,767,18,0.0,0.0,0.0,0.0,766.5,0.0
1,978900,VOLCANIC_ROCK_VOUCHER_9500,763.0,17.0,0.0,0.0,0.0,0.0,765,17,0.0,0.0,0.0,0.0,764.0,0.0
1,979000,VOLCANIC_ROCK_VOUCHER_9500,765.0,13.0,0.0,0.0,0.0,0.0,767,13,0.0,0.0,0.0,0.0,766.0,0.0
1,979100,VOLCANIC_ROCK_VOUCHER_9500,764.0,19.0,0.0,0.0,0.0,0.0,765,19,0.0,0.0,0.0,0.0,764.5,0.0
1,979200,VOLCANIC_ROCK_VOUCHER_9500,765.0,18.0,0.0,0.0,0.0,0.0,766,18,0.0,0.0,0.0,0.0,765.5,0.0
1,979300,VOLCANIC_ROCK_VOUCHER_9500,760.0,19.0,0.0,0.0,0.0,0.0,761,19,0.0,0.0,0.0,0.0,760.5,0.0
1,979400,VOLCANIC_ROCK_VOUCHER_9500,762.0,14.0,0.0,0.0,0.0,0.0,763,14,0.0,0.0,0.0,0.0,762.5,0.0
1,979500,VOLCANIC_ROCK_VOUCHER_9500,761.0,18.0,0.0,0.0,0.0,0.0,762,18,0.0,0.0,0.0,0.0,761.5,0.0
1,979600,VOLCANIC_ROCK_VOUCHER_9500,759.0,15.0,0.0,0.0,0.0,0.0,760,15,0.0,0.0,0.0,0.0,759.5,0.0
1,979700,VOLCANIC_ROCK_VOUCHER_9500,759.0,21.0,0.0,0.0,0.0,0.0,760,21,0.0,0.0,0.0,0.0,759.5,0.0
1,979800,VOLCANIC_ROCK_VOUCHER_9500,762.0,22.0,0.0,0.0,0.0,0.0,763,22,0.0,0.0,0.0,0.0,762.5,0.0
1,979900,VOLCANIC_ROCK_VOUCHER_9500,762.0,15.0,0.0,0.0,0.0,0.0,763,15,0.0,0.0,0.0,0.0,762.5,0.0
1,980000,VOLCANIC_ROCK_VOUCHER_9500,760.0,16.0,0.0,0.0,0.0,0.0,761,16,0.0,0.0,0.0,0.0,760.5,0.0
1,980100,VOLCANIC_ROCK_VOUCHER_9500,765.0,15.0,0.0,0.0,0.0,0.0,766,20,0.0,0.0,0.0,0.0,765.5,0.0
1,980200,VOLCANIC_ROCK_VOUCHER_9500,765.0,33.0,0.0,0.0,0.0,0.0,766,14,0.0,0.0,0.0,0.0,765.5,0.0
1,980300,VOLCANIC_ROCK_VOUCHER_9500,764.0,12.0,0.0,0.0,0.0,0.0,765,12,0.0,0.0,0.0,0.0,764.5,0.0
1,980400,VOLCANIC_ROCK_VOUCHER_9500,765.0,1.0,764.0,17.0,0.0,0.0,766,18,0.0,0.0,0.0,0.0,765.5,0.0
1,980500,VOLCANIC_ROCK_VOUCHER_9500,760.0,12.0,0.0,0.0,0.0,0.0,761,12,0.0,0.0,0.0,0.0,760.5,0.0
1,980600,VOLCANIC_ROCK_VOUCHER_9500,758.0,21.0,0.0,0.0,0.0,0.0,759,21,0.0,0.0,0.0,0.0,758.5,0.0
1,980700,VOLCANIC_ROCK_VOUCHER_9500,756.0,14.0,0.0,0.0,0.0,0.0,757,14,0.0,0.0,0.0,0.0,756.5,0.0
1,980800,VOLCANIC_ROCK_VOUCHER_9500,758.0,19.0,0.0,0.0,0.0,0.0,759,19,0.0,0.0,0.0,0.0,758.5,0.0
1,980900,VOLCANIC_ROCK_VOUCHER_9500,757.0,14.0,0.0,0.0,0.0,0.0,758,14,0.0,0.0,0.0,0.0,757.5,0.0
1,981000,VOLCANIC_ROCK_VOUCHER_9500,754.0,11.0,0.0,0.0,0.0,0.0,756,11,0.0,0.0,0.0,0.0,755.0,0.0
1,981100,VOLCANIC_ROCK_VOUCHER_9500,751.0,12.0,0.0,0.0,0.0,0.0,752,12,0.0,0.0,0.0,0.0,751.5,0.0
1,981200,VOLCANIC_ROCK_VOUCHER_9500,754.0,13.0,0.0,0.0,0.0,0.0,755,13,0.0,0.0,0.0,0.0,754.5,0.0
1,981300,VOLCANIC_ROCK_VOUCHER_9500,759.0,22.0,0.0,0.0,0.0,0.0,760,22,0.0,0.0,0.0,0.0,759.5,0.0
1,981400,VOLCANIC_ROCK_VOUCHER_9500,755.0,18.0,0.0,0.0,0.0,0.0,756,18,0.0,0.0,0.0,0.0,755.5,0.0
1,981500,VOLCANIC_ROCK_VOUCHER_9500,755.0,31.0,0.0,0.0,0.0,0.0,756,14,0.0,0.0,0.0,0.0,755.5,0.0
1,981600,VOLCANIC_ROCK_VOUCHER_9500,753.0,13.0,0.0,0.0,0.0,0.0,754,13,0.0,0.0,0.0,0.0,753.5,0.0
1,981700,VOLCANIC_ROCK_VOUCHER_9500,753.0,14.0,0.0,0.0,0.0,0.0,754,14,0.0,0.0,0.0,0.0,753.5,0.0
1,981800,VOLCANIC_ROCK_VOUCHER_9500,751.0,15.0,0.0,0.0,0.0,0.0,752,15,0.0,0.0,0.0,0.0,751.5,0.0
1,981900,VOLCANIC_ROCK_VOUCHER_9500,747.0,14.0,0.0,0.0,0.0,0.0,748,14,0.0,0.0,0.0,0.0,747.5,0.0
1,982000,VOLCANIC_ROCK_VOUCHER_9500,751.0,21.0,0.0,0.0,0.0,0.0,752,21,0.0,0.0,0.0,0.0,751.5,0.0
1,982100,VOLCANIC_ROCK_VOUCHER_9500,754.0,19.0,0.0,0.0,0.0,0.0,755,19,0.0,0.0,0.0,0.0,754.5,0.0
1,982200,VOLCANIC_ROCK_VOUCHER_9500,758.0,17.0,0.0,0.0,0.0,0.0,759,17,0.0,0.0,0.0,0.0,758.5,0.0
1,982300,VOLCANIC_ROCK_VOUCHER_9500,761.0,22.0,0.0,0.0,0.0,0.0,762,22,0.0,0.0,0.0,0.0,761.5,0.0
1,982400,VOLCANIC_ROCK_VOUCHER_9500,760.0,13.0,0.0,0.0,0.0,0.0,761,13,0.0,0.0,0.0,0.0,760.5,0.0
1,982500,VOLCANIC_ROCK_VOUCHER_9500,765.0,22.0,0.0,0.0,0.0,0.0,767,22,0.0,0.0,0.0,0.0,766.0,0.0
1,982600,VOLCANIC_ROCK_VOUCHER_9500,767.0,15.0,0.0,0.0,0.0,0.0,769,15,0.0,0.0,0.0,0.0,768.0,0.0
1,982700,VOLCANIC_ROCK_VOUCHER_9500,771.0,19.0,0.0,0.0,0.0,0.0,772,19,0.0,0.0,0.0,0.0,771.5,0.0
1,982800,VOLCANIC_ROCK_VOUCHER_9500,776.0,19.0,0.0,0.0,0.0,0.0,777,19,0.0,0.0,0.0,0.0,776.5,0.0
1,982900,VOLCANIC_ROCK_VOUCHER_9500,781.0,15.0,0.0,0.0,0.0,0.0,782,15,0.0,0.0,0.0,0.0,781.5,0.0
1,983000,VOLCANIC_ROCK_VOUCHER_9500,786.0,19.0,0.0,0.0,0.0,0.0,787,19,0.0,0.0,0.0,0.0,786.5,0.0
1,983100,VOLCANIC_ROCK_VOUCHER_9500,781.0,20.0,0.0,0.0,0.0,0.0,783,20,0.0,0.0,0.0,0.0,782.0,0.0
1,983200,VOLCANIC_ROCK_VOUCHER_9500,787.0,20.0,0.0,0.0,0.0,0.0,788,20,0.0,0.0,0.0,0.0,787.5,0.0
1,983300,VOLCANIC_ROCK_VOUCHER_9500,788.0,22.0,0.0,0.0,0.0,0.0,789,22,0.0,0.0,0.0,0.0,788.5,0.0
1,983400,VOLCANIC_ROCK_VOUCHER_9500,783.0,18.0,0.0,0.0,0.0,0.0,784,18,0.0,0.0,0.0,0.0,783.5,0.0
1,983500,VOLCANIC_ROCK_VOUCHER_9500,786.0,17.0,0.0,0.0,0.0,0.0,787,17,0.0,0.0,0.0,0.0,786.5,0.0
1,983600,VOLCANIC_ROCK_VOUCHER_9500,790.0,8.0,0.0,0.0,0.0,0.0,791,20,0.0,0.0,0.0,0.0,790.5,0.0
1,983700,VOLCANIC_ROCK_VOUCHER_9500,791.0,12.0,0.0,0.0,0.0,0.0,792,12,0.0,0.0,0.0,0.0,791.5,0.0
1,983800,VOLCANIC_ROCK_VOUCHER_9500,792.0,10.0,0.0,0.0,0.0,0.0,793,10,0.0,0.0,0.0,0.0,792.5,0.0
1,983900,VOLCANIC_ROCK_VOUCHER_9500,785.0,16.0,0.0,0.0,0.0,0.0,786,16,0.0,0.0,0.0,0.0,785.5,0.0
1,984000,VOLCANIC_ROCK_VOUCHER_9500,783.0,19.0,0.0,0.0,0.0,0.0,784,19,0.0,0.0,0.0,0.0,783.5,0.0
1,984100,VOLCANIC_ROCK_VOUCHER_9500,778.0,19.0,0.0,0.0,0.0,0.0,779,19,0.0,0.0,0.0,0.0,778.5,0.0
1,984200,VOLCANIC_ROCK_VOUCHER_9500,776.0,15.0,0.0,0.0,0.0,0.0,777,15,0.0,0.0,0.0,0.0,776.5,0.0
1,984300,VOLCANIC_ROCK_VOUCHER_9500,775.0,2.0,774.0,20.0,0.0,0.0,776,22,0.0,0.0,0.0,0.0,775.5,0.0
1,984400,VOLCANIC_ROCK_VOUCHER_9500,777.0,19.0,0.0,0.0,0.0,0.0,778,19,0.0,0.0,0.0,0.0,777.5,0.0
1,984500,VOLCANIC_ROCK_VOUCHER_9500,775.0,20.0,0.0,0.0,0.0,0.0,776,20,0.0,0.0,0.0,0.0,775.5,0.0
1,984600,VOLCANIC_ROCK_VOUCHER_9500,0.0,0.0,0.0,0.0,0.0,0.0,776,11,0.0,0.0,0.0,0.0,776.0,0.0
1,984700,VOLCANIC_ROCK_VOUCHER_9500,772.0,11.0,0.0,0.0,0.0,0.0,773,11,0.0,0.0,0.0,0.0,772.5,0.0
1,984800,VOLCANIC_ROCK_VOUCHER_9500,775.0,12.0,0.0,0.0,0.0,0.0,776,12,0.0,0.0,0.0,0.0,775.5,0.0
1,984900,VOLCANIC_ROCK_VOUCHER_9500,776.0,34.0,0.0,0.0,0.0,0.0,777,17,0.0,0.0,0.0,0.0,776.5,0.0
1,985000,VOLCANIC_ROCK_VOUCHER_9500,776.0,15.0,0.0,0.0,0.0,0.0,777,15,0.0,0.0,0.0,0.0,776.5,0.0
1,985100,VOLCANIC_ROCK_VOUCHER_9500,773.0,15.0,0.0,0.0,0.0,0.0,774,15,0.0,0.0,0.0,0.0,773.5,0.0
1,985200,VOLCANIC_ROCK_VOUCHER_9500,772.0,12.0,0.0,0.0,0.0,0.0,773,12,0.0,0.0,0.0,0.0,772.5,0.0
1,985300,VOLCANIC_ROCK_VOUCHER_9500,765.0,19.0,0.0,0.0,0.0,0.0,766,19,0.0,0.0,0.0,0.0,765.5,0.0
1,985400,VOLCANIC_ROCK_VOUCHER_9500,764.0,12.0,0.0,0.0,0.0,0.0,765,12,0.0,0.0,0.0,0.0,764.5,0.0
1,985500,VOLCANIC_ROCK_VOUCHER_9500,763.0,18.0,0.0,0.0,0.0,0.0,764,18,0.0,0.0,0.0,0.0,763.5,0.0
1,985600,VOLCANIC_ROCK_VOUCHER_9500,760.0,16.0,0.0,0.0,0.0,0.0,761,16,0.0,0.0,0.0,0.0,760.5,0.0
1,985700,VOLCANIC_ROCK_VOUCHER_9500,760.0,20.0,0.0,0.0,0.0,0.0,761,20,0.0,0.0,0.0,0.0,760.5,0.0
1,985800,VOLCANIC_ROCK_VOUCHER_9500,766.0,15.0,0.0,0.0,0.0,0.0,767,15,0.0,0.0,0.0,0.0,766.5,0.0
1,985900,VOLCANIC_ROCK_VOUCHER_9500,763.0,16.0,0.0,0.0,0.0,0.0,765,16,0.0,0.0,0.0,0.0,764.0,0.0
1,986000,VOLCANIC_ROCK_VOUCHER_9500,764.0,19.0,0.0,0.0,0.0,0.0,765,19,0.0,0.0,0.0,0.0,764.5,0.0
1,986100,VOLCANIC_ROCK_VOUCHER_9500,763.0,20.0,0.0,0.0,0.0,0.0,764,20,0.0,0.0,0.0,0.0,763.5,0.0
1,986200,VOLCANIC_ROCK_VOUCHER_9500,765.0,17.0,0.0,0.0,0.0,0.0,767,17,0.0,0.0,0.0,0.0,766.0,0.0
1,986300,VOLCANIC_ROCK_VOUCHER_9500,761.0,14.0,0.0,0.0,0.0,0.0,762,14,0.0,0.0,0.0,0.0,761.5,0.0
1,986400,VOLCANIC_ROCK_VOUCHER_9500,755.0,12.0,0.0,0.0,0.0,0.0,756,12,0.0,0.0,0.0,0.0,755.5,0.0
1,986500,VOLCANIC_ROCK_VOUCHER_9500,749.0,11.0,0.0,0.0,0.0,0.0,750,11,0.0,0.0,0.0,0.0,749.5,0.0
1,986600,VOLCANIC_ROCK_VOUCHER_9500,742.0,13.0,0.0,0.0,0.0,0.0,743,13,0.0,0.0,0.0,0.0,742.5,0.0
1,986700,VOLCANIC_ROCK_VOUCHER_9500,743.0,13.0,0.0,0.0,0.0,0.0,744,13,0.0,0.0,0.0,0.0,743.5,0.0
1,986800,VOLCANIC_ROCK_VOUCHER_9500,744.0,14.0,0.0,0.0,0.0,0.0,745,14,0.0,0.0,0.0,0.0,744.5,0.0
1,986900,VOLCANIC_ROCK_VOUCHER_9500,743.0,20.0,0.0,0.0,0.0,0.0,744,20,0.0,0.0,0.0,0.0,743.5,0.0
1,987000,VOLCANIC_ROCK_VOUCHER_9500,744.0,18.0,0.0,0.0,0.0,0.0,745,18,0.0,0.0,0.0,0.0,744.5,0.0
1,987100,VOLCANIC_ROCK_VOUCHER_9500,744.0,11.0,0.0,0.0,0.0,0.0,745,11,0.0,0.0,0.0,0.0,744.5,0.0
1,987200,VOLCANIC_ROCK_VOUCHER_9500,744.0,31.0,0.0,0.0,0.0,0.0,745,18,0.0,0.0,0.0,0.0,744.5,0.0
1,987300,VOLCANIC_ROCK_VOUCHER_9500,0.0,0.0,0.0,0.0,0.0,0.0,742,1,743.0,12.0,0.0,0.0,742.0,0.0
1,987400,VOLCANIC_ROCK_VOUCHER_9500,739.0,8.0,738.0,12.0,0.0,0.0,740,12,0.0,0.0,0.0,0.0,739.5,0.0
1,987500,VOLCANIC_ROCK_VOUCHER_9500,739.0,29.0,0.0,0.0,0.0,0.0,740,15,0.0,0.0,0.0,0.0,739.5,0.0
1,987600,VOLCANIC_ROCK_VOUCHER_9500,739.0,14.0,0.0,0.0,0.0,0.0,740,14,0.0,0.0,0.0,0.0,739.5,0.0
1,987700,VOLCANIC_ROCK_VOUCHER_9500,742.0,15.0,0.0,0.0,0.0,0.0,743,15,0.0,0.0,0.0,0.0,742.5,0.0
1,987800,VOLCANIC_ROCK_VOUCHER_9500,741.0,21.0,0.0,0.0,0.0,0.0,742,21,0.0,0.0,0.0,0.0,741.5,0.0
1,987900,VOLCANIC_ROCK_VOUCHER_9500,740.0,19.0,0.0,0.0,0.0,0.0,741,19,0.0,0.0,0.0,0.0,740.5,0.0
1,988000,VOLCANIC_ROCK_VOUCHER_9500,743.0,15.0,0.0,0.0,0.0,0.0,744,15,0.0,0.0,0.0,0.0,743.5,0.0
1,988100,VOLCANIC_ROCK_VOUCHER_9500,743.0,17.0,0.0,0.0,0.0,0.0,744,17,0.0,0.0,0.0,0.0,743.5,0.0
1,988200,VOLCANIC_ROCK_VOUCHER_9500,746.0,15.0,0.0,0.0,0.0,0.0,747,15,0.0,0.0,0.0,0.0,746.5,0.0
1,988300,VOLCANIC_ROCK_VOUCHER_9500,743.0,15.0,0.0,0.0,0.0,0.0,744,15,0.0,0.0,0.0,0.0,743.5,0.0
1,988400,VOLCANIC_ROCK_VOUCHER_9500,741.0,17.0,0.0,0.0,0.0,0.0,742,17,0.0,0.0,0.0,0.0,741.5,0.0
1,988500,VOLCANIC_ROCK_VOUCHER_9500,741.0,21.0,0.0,0.0,0.0,0.0,742,21,0.0,0.0,0.0,0.0,741.5,0.0
1,988600,VOLCANIC_ROCK_VOUCHER_9500,742.0,12.0,0.0,0.0,0.0,0.0,744,12,0.0,0.0,0.0,0.0,743.0,0.0
1,988700,VOLCANIC_ROCK_VOUCHER_9500,741.0,3.0,0.0,0.0,0.0,0.0,743,15,0.0,0.0,0.0,0.0,742.0,0.0
1,988800,VOLCANIC_ROCK_VOUCHER_9500,743.0,13.0,0.0,0.0,0.0,0.0,744,13,0.0,0.0,0.0,0.0,743.5,0.0
1,988900,VOLCANIC_ROCK_VOUCHER_9500,740.0,17.0,0.0,0.0,0.0,0.0,742,17,0.0,0.0,0.0,0.0,741.0,0.0
1,989000,VOLCANIC_ROCK_VOUCHER_9500,739.0,14.0,0.0,0.0,0.0,0.0,740,14,0.0,0.0,0.0,0.0,739.5,0.0
1,989100,VOLCANIC_ROCK_VOUCHER_9500,737.0,19.0,0.0,0.0,0.0,0.0,738,19,0.0,0.0,0.0,0.0,737.5,0.0
1,989200,VOLCANIC_ROCK_VOUCHER_9500,735.0,17.0,0.0,0.0,0.0,0.0,736,17,0.0,0.0,0.0,0.0,735.5,0.0
1,989300,VOLCANIC_ROCK_VOUCHER_9500,736.0,11.0,0.0,0.0,0.0,0.0,738,11,0.0,0.0,0.0,0.0,737.0,0.0
1,989400,VOLCANIC_ROCK_VOUCHER_9500,739.0,16.0,0.0,0.0,0.0,0.0,740,16,0.0,0.0,0.0,0.0,739.5,0.0
1,989500,VOLCANIC_ROCK_VOUCHER_9500,742.0,20.0,0.0,0.0,0.0,0.0,743,20,0.0,0.0,0.0,0.0,742.5,0.0
1,989600,VOLCANIC_ROCK_VOUCHER_9500,740.0,21.0,0.0,0.0,0.0,0.0,741,21,0.0,0.0,0.0,0.0,740.5,0.0
1,989700,VOLCANIC_ROCK_VOUCHER_9500,749.0,13.0,0.0,0.0,0.0,0.0,750,13,0.0,0.0,0.0,0.0,749.5,0.0
1,989800,VOLCANIC_ROCK_VOUCHER_9500,752.0,20.0,0.0,0.0,0.0,0.0,753,20,0.0,0.0,0.0,0.0,752.5,0.0
1,989900,VOLCANIC_ROCK_VOUCHER_9500,746.0,15.0,0.0,0.0,0.0,0.0,748,15,0.0,0.0,0.0,0.0,747.0,0.0
1,990000,VOLCANIC_ROCK_VOUCHER_9500,749.0,20.0,0.0,0.0,0.0,0.0,750,20,0.0,0.0,0.0,0.0,749.5,0.0
1,990100,VOLCANIC_ROCK_VOUCHER_9500,746.0,10.0,0.0,0.0,0.0,0.0,747,10,0.0,0.0,0.0,0.0,746.5,0.0
1,990200,VOLCANIC_ROCK_VOUCHER_9500,745.0,13.0,0.0,0.0,0.0,0.0,746,13,0.0,0.0,0.0,0.0,745.5,0.0
1,990300,VOLCANIC_ROCK_VOUCHER_9500,744.0,14.0,0.0,0.0,0.0,0.0,745,14,0.0,0.0,0.0,0.0,744.5,0.0
1,990400,VOLCANIC_ROCK_VOUCHER_9500,744.0,18.0,0.0,0.0,0.0,0.0,745,18,0.0,0.0,0.0,0.0,744.5,0.0
1,990500,VOLCANIC_ROCK_VOUCHER_9500,742.0,20.0,0.0,0.0,0.0,0.0,744,20,0.0,0.0,0.0,0.0,743.0,0.0
1,990600,VOLCANIC_ROCK_VOUCHER_9500,741.0,21.0,0.0,0.0,0.0,0.0,742,21,0.0,0.0,0.0,0.0,741.5,0.0
1,990700,VOLCANIC_ROCK_VOUCHER_9500,744.0,31.0,0.0,0.0,0.0,0.0,745,18,0.0,0.0,0.0,0.0,744.5,0.0
1,990800,VOLCANIC_ROCK_VOUCHER_9500,745.0,18.0,0.0,0.0,0.0,0.0,746,18,0.0,0.0,0.0,0.0,745.5,0.0
1,990900,VOLCANIC_ROCK_VOUCHER_9500,744.0,14.0,0.0,0.0,0.0,0.0,745,14,0.0,0.0,0.0,0.0,744.5,0.0
1,991000,VOLCANIC_ROCK_VOUCHER_9500,745.0,12.0,0.0,0.0,0.0,0.0,746,12,0.0,0.0,0.0,0.0,745.5,0.0
1,991100,VOLCANIC_ROCK_VOUCHER_9500,745.0,16.0,0.0,0.0,0.0,0.0,746,16,0.0,0.0,0.0,0.0,745.5,0.0
1,991200,VOLCANIC_ROCK_VOUCHER_9500,743.0,19.0,0.0,0.0,0.0,0.0,744,19,0.0,0.0,0.0,0.0,743.5,0.0
1,991300,VOLCANIC_ROCK_VOUCHER_9500,749.0,17.0,0.0,0.0,0.0,0.0,750,17,0.0,0.0,0.0,0.0,749.5,0.0
1,991400,VOLCANIC_ROCK_VOUCHER_9500,751.0,17.0,0.0,0.0,0.0,0.0,752,17,0.0,0.0,0.0,0.0,751.5,0.0
1,991500,VOLCANIC_ROCK_VOUCHER_9500,752.0,24.0,0.0,0.0,0.0,0.0,753,11,0.0,0.0,0.0,0.0,752.5,0.0
1,991600,VOLCANIC_ROCK_VOUCHER_9500,752.0,18.0,0.0,0.0,0.0,0.0,753,18,0.0,0.0,0.0,0.0,752.5,0.0
1,991700,VOLCANIC_ROCK_VOUCHER_9500,748.0,15.0,0.0,0.0,0.0,0.0,749,15,0.0,0.0,0.0,0.0,748.5,0.0
1,991800,VOLCANIC_ROCK_VOUCHER_9500,748.0,10.0,0.0,0.0,0.0,0.0,749,10,0.0,0.0,0.0,0.0,748.5,0.0
1,991900,VOLCANIC_ROCK_VOUCHER_9500,745.0,14.0,0.0,0.0,0.0,0.0,746,14,0.0,0.0,0.0,0.0,745.5,0.0
1,992000,VOLCANIC_ROCK_VOUCHER_9500,748.0,17.0,0.0,0.0,0.0,0.0,749,17,0.0,0.0,0.0,0.0,748.5,0.0
1,992100,VOLCANIC_ROCK_VOUCHER_9500,746.0,20.0,0.0,0.0,0.0,0.0,747,20,0.0,0.0,0.0,0.0,746.5,0.0
1,992200,VOLCANIC_ROCK_VOUCHER_9500,746.0,22.0,0.0,0.0,0.0,0.0,747,22,0.0,0.0,0.0,0.0,746.5,0.0
1,992300,VOLCANIC_ROCK_VOUCHER_9500,745.0,21.0,0.0,0.0,0.0,0.0,747,21,0.0,0.0,0.0,0.0,746.0,0.0
1,992400,VOLCANIC_ROCK_VOUCHER_9500,0.0,0.0,0.0,0.0,0.0,0.0,741,1,742.0,13.0,0.0,0.0,741.0,0.0
1,992500,VOLCANIC_ROCK_VOUCHER_9500,741.0,21.0,0.0,0.0,0.0,0.0,742,21,0.0,0.0,0.0,0.0,741.5,0.0
1,992600,VOLCANIC_ROCK_VOUCHER_9500,741.0,16.0,0.0,0.0,0.0,0.0,742,16,0.0,0.0,0.0,0.0,741.5,0.0
1,992700,VOLCANIC_ROCK_VOUCHER_9500,742.0,11.0,0.0,0.0,0.0,0.0,743,11,0.0,0.0,0.0,0.0,742.5,0.0
1,992800,VOLCANIC_ROCK_VOUCHER_9500,741.0,12.0,0.0,0.0,0.0,0.0,742,12,0.0,0.0,0.0,0.0,741.5,0.0
1,992900,VOLCANIC_ROCK_VOUCHER_9500,736.0,15.0,0.0,0.0,0.0,0.0,737,15,0.0,0.0,0.0,0.0,736.5,0.0
1,993000,VOLCANIC_ROCK_VOUCHER_9500,735.0,37.0,0.0,0.0,0.0,0.0,736,20,0.0,0.0,0.0,0.0,735.5,0.0
1,993100,VOLCANIC_ROCK_VOUCHER_9500,737.0,20.0,0.0,0.0,0.0,0.0,738,20,0.0,0.0,0.0,0.0,737.5,0.0
1,993200,VOLCANIC_ROCK_VOUCHER_9500,736.0,10.0,0.0,0.0,0.0,0.0,738,10,0.0,0.0,0.0,0.0,737.0,0.0
1,993300,VOLCANIC_ROCK_VOUCHER_9500,738.0,14.0,0.0,0.0,0.0,0.0,739,14,0.0,0.0,0.0,0.0,738.5,0.0
1,993400,VOLCANIC_ROCK_VOUCHER_9500,741.0,15.0,0.0,0.0,0.0,0.0,742,15,0.0,0.0,0.0,0.0,741.5,0.0
1,993500,VOLCANIC_ROCK_VOUCHER_9500,740.0,16.0,0.0,0.0,0.0,0.0,741,16,0.0,0.0,0.0,0.0,740.5,0.0
1,993600,VOLCANIC_ROCK_VOUCHER_9500,738.0,12.0,0.0,0.0,0.0,0.0,739,12,0.0,0.0,0.0,0.0,738.5,0.0
1,993700,VOLCANIC_ROCK_VOUCHER_9500,735.0,10.0,0.0,0.0,0.0,0.0,736,10,0.0,0.0,0.0,0.0,735.5,0.0
1,993800,VOLCANIC_ROCK_VOUCHER_9500,735.0,14.0,0.0,0.0,0.0,0.0,736,14,0.0,0.0,0.0,0.0,735.5,0.0
1,993900,VOLCANIC_ROCK_VOUCHER_9500,735.0,16.0,0.0,0.0,0.0,0.0,736,16,0.0,0.0,0.0,0.0,735.5,0.0
1,994000,VOLCANIC_ROCK_VOUCHER_9500,735.0,22.0,0.0,0.0,0.0,0.0,736,15,0.0,0.0,0.0,0.0,735.5,0.0
1,994100,VOLCANIC_ROCK_VOUCHER_9500,735.0,14.0,0.0,0.0,0.0,0.0,736,14,0.0,0.0,0.0,0.0,735.5,0.0
1,994200,VOLCANIC_ROCK_VOUCHER_9500,735.0,9.0,0.0,0.0,0.0,0.0,736,17,0.0,0.0,0.0,0.0,735.5,0.0
1,994300,VOLCANIC_ROCK_VOUCHER_9500,739.0,13.0,0.0,0.0,0.0,0.0,740,13,0.0,0.0,0.0,0.0,739.5,0.0
1,994400,VOLCANIC_ROCK_VOUCHER_9500,735.0,17.0,0.0,0.0,0.0,0.0,736,17,0.0,0.0,0.0,0.0,735.5,0.0
1,994500,VOLCANIC_ROCK_VOUCHER_9500,735.0,18.0,0.0,0.0,0.0,0.0,736,18,0.0,0.0,0.0,0.0,735.5,0.0
1,994600,VOLCANIC_ROCK_VOUCHER_9500,737.0,17.0,0.0,0.0,0.0,0.0,738,17,0.0,0.0,0.0,0.0,737.5,0.0
1,994700,VOLCANIC_ROCK_VOUCHER_9500,736.0,20.0,0.0,0.0,0.0,0.0,737,20,0.0,0.0,0.0,0.0,736.5,0.0
1,994800,VOLCANIC_ROCK_VOUCHER_9500,733.0,13.0,0.0,0.0,0.0,0.0,735,13,0.0,0.0,0.0,0.0,734.0,0.0
1,994900,VOLCANIC_ROCK_VOUCHER_9500,737.0,10.0,0.0,0.0,0.0,0.0,738,10,0.0,0.0,0.0,0.0,737.5,0.0
1,995000,VOLCANIC_ROCK_VOUCHER_9500,735.0,28.0,0.0,0.0,0.0,0.0,736,11,0.0,0.0,0.0,0.0,735.5,0.0
1,995100,VOLCANIC_ROCK_VOUCHER_9500,738.0,14.0,0.0,0.0,0.0,0.0,739,14,0.0,0.0,0.0,0.0,738.5,0.0
1,995200,VOLCANIC_ROCK_VOUCHER_9500,735.0,18.0,0.0,0.0,0.0,0.0,736,18,0.0,0.0,0.0,0.0,735.5,0.0
1,995300,VOLCANIC_ROCK_VOUCHER_9500,735.0,12.0,0.0,0.0,0.0,0.0,736,12,0.0,0.0,0.0,0.0,735.5,0.0
1,995400,VOLCANIC_ROCK_VOUCHER_9500,735.0,18.0,0.0,0.0,0.0,0.0,736,18,0.0,0.0,0.0,0.0,735.5,0.0
1,995500,VOLCANIC_ROCK_VOUCHER_9500,733.0,19.0,0.0,0.0,0.0,0.0,734,19,0.0,0.0,0.0,0.0,733.5,0.0
1,995600,VOLCANIC_ROCK_VOUCHER_9500,732.0,18.0,0.0,0.0,0.0,0.0,733,18,0.0,0.0,0.0,0.0,732.5,0.0
1,995700,VOLCANIC_ROCK_VOUCHER_9500,732.0,20.0,0.0,0.0,0.0,0.0,734,20,0.0,0.0,0.0,0.0,733.0,0.0
1,995800,VOLCANIC_ROCK_VOUCHER_9500,730.0,21.0,0.0,0.0,0.0,0.0,732,21,0.0,0.0,0.0,0.0,731.0,0.0
1,995900,VOLCANIC_ROCK_VOUCHER_9500,733.0,16.0,0.0,0.0,0.0,0.0,734,16,0.0,0.0,0.0,0.0,733.5,0.0
1,996000,VOLCANIC_ROCK_VOUCHER_9500,736.0,20.0,0.0,0.0,0.0,0.0,737,20,0.0,0.0,0.0,0.0,736.5,0.0
1,996100,VOLCANIC_ROCK_VOUCHER_9500,0.0,0.0,0.0,0.0,0.0,0.0,734,8,736.0,11.0,0.0,0.0,734.0,0.0
1,996200,VOLCANIC_ROCK_VOUCHER_9500,734.0,11.0,0.0,0.0,0.0,0.0,735,11,0.0,0.0,0.0,0.0,734.5,0.0
1,996300,VOLCANIC_ROCK_VOUCHER_9500,730.0,15.0,0.0,0.0,0.0,0.0,731,15,0.0,0.0,0.0,0.0,730.5,0.0
1,996400,VOLCANIC_ROCK_VOUCHER_9500,732.0,14.0,0.0,0.0,0.0,0.0,733,14,0.0,0.0,0.0,0.0,732.5,0.0
1,996500,VOLCANIC_ROCK_VOUCHER_9500,727.0,20.0,0.0,0.0,0.0,0.0,728,20,0.0,0.0,0.0,0.0,727.5,0.0
1,996600,VOLCANIC_ROCK_VOUCHER_9500,727.0,32.0,0.0,0.0,0.0,0.0,728,12,0.0,0.0,0.0,0.0,727.5,0.0
1,996700,VOLCANIC_ROCK_VOUCHER_9500,0.0,0.0,0.0,0.0,0.0,0.0,730,5,731.0,14.0,0.0,0.0,730.0,0.0
1,996800,VOLCANIC_ROCK_VOUCHER_9500,728.0,21.0,0.0,0.0,0.0,0.0,729,21,0.0,0.0,0.0,0.0,728.5,0.0
1,996900,VOLCANIC_ROCK_VOUCHER_9500,727.0,16.0,0.0,0.0,0.0,0.0,728,16,0.0,0.0,0.0,0.0,727.5,0.0
1,997000,VOLCANIC_ROCK_VOUCHER_9500,725.0,12.0,0.0,0.0,0.0,0.0,727,12,0.0,0.0,0.0,0.0,726.0,0.0
1,997100,VOLCANIC_ROCK_VOUCHER_9500,727.0,11.0,726.0,12.0,0.0,0.0,728,12,0.0,0.0,0.0,0.0,727.5,0.0
1,997200,VOLCANIC_ROCK_VOUCHER_9500,726.0,19.0,0.0,0.0,0.0,0.0,728,19,0.0,0.0,0.0,0.0,727.0,0.0
1,997300,VOLCANIC_ROCK_VOUCHER_9500,0.0,0.0,0.0,0.0,0.0,0.0,726,5,727.0,14.0,0.0,0.0,726.0,0.0
1,997400,VOLCANIC_ROCK_VOUCHER_9500,728.0,16.0,0.0,0.0,0.0,0.0,729,16,0.0,0.0,0.0,0.0,728.5,0.0
1,997500,VOLCANIC_ROCK_VOUCHER_9500,727.0,2.0,0.0,0.0,0.0,0.0,729,18,0.0,0.0,0.0,0.0,728.0,0.0
1,997600,VOLCANIC_ROCK_VOUCHER_9500,727.0,15.0,0.0,0.0,0.0,0.0,728,15,0.0,0.0,0.0,0.0,727.5,0.0
1,997700,VOLCANIC_ROCK_VOUCHER_9500,723.0,15.0,0.0,0.0,0.0,0.0,724,20,0.0,0.0,0.0,0.0,723.5,0.0
1,997800,VOLCANIC_ROCK_VOUCHER_9500,722.0,6.0,0.0,0.0,0.0,0.0,723,18,0.0,0.0,0.0,0.0,722.5,0.0
1,997900,VOLCANIC_ROCK_VOUCHER_9500,726.0,20.0,0.0,0.0,0.0,0.0,727,20,0.0,0.0,0.0,0.0,726.5,0.0
1,998000,VOLCANIC_ROCK_VOUCHER_9500,728.0,19.0,0.0,0.0,0.0,0.0,729,19,0.0,0.0,0.0,0.0,728.5,0.0
1,998100,VOLCANIC_ROCK_VOUCHER_9500,723.0,17.0,0.0,0.0,0.0,0.0,724,17,0.0,0.0,0.0,0.0,723.5,0.0
1,998200,VOLCANIC_ROCK_VOUCHER_9500,719.0,7.0,0.0,0.0,0.0,0.0,720,17,0.0,0.0,0.0,0.0,719.5,0.0
1,998300,VOLCANIC_ROCK_VOUCHER_9500,721.0,14.0,0.0,0.0,0.0,0.0,722,14,0.0,0.0,0.0,0.0,721.5,0.0
1,998400,VOLCANIC_ROCK_VOUCHER_9500,724.0,14.0,0.0,0.0,0.0,0.0,725,14,0.0,0.0,0.0,0.0,724.5,0.0
1,998500,VOLCANIC_ROCK_VOUCHER_9500,721.0,13.0,0.0,0.0,0.0,0.0,722,13,0.0,0.0,0.0,0.0,721.5,0.0
1,998600,VOLCANIC_ROCK_VOUCHER_9500,717.0,17.0,0.0,0.0,0.0,0.0,718,17,0.0,0.0,0.0,0.0,717.5,0.0
1,998700,VOLCANIC_ROCK_VOUCHER_9500,720.0,11.0,0.0,0.0,0.0,0.0,721,11,0.0,0.0,0.0,0.0,720.5,0.0
1,998800,VOLCANIC_ROCK_VOUCHER_9500,719.0,19.0,0.0,0.0,0.0,0.0,720,19,0.0,0.0,0.0,0.0,719.5,0.0
1,998900,VOLCANIC_ROCK_VOUCHER_9500,716.0,13.0,0.0,0.0,0.0,0.0,717,13,0.0,0.0,0.0,0.0,716.5,0.0
1,999000,VOLCANIC_ROCK_VOUCHER_9500,717.0,21.0,0.0,0.0,0.0,0.0,718,21,0.0,0.0,0.0,0.0,717.5,0.0
1,999100,VOLCANIC_ROCK_VOUCHER_9500,715.0,20.0,0.0,0.0,0.0,0.0,716,20,0.0,0.0,0.0,0.0,715.5,0.0
1,999200,VOLCANIC_ROCK_VOUCHER_9500,717.0,5.0,0.0,0.0,0.0,0.0,718,2,719.0,10.0,0.0,0.0,717.5,0.0
1,999300,VOLCANIC_ROCK_VOUCHER_9500,722.0,13.0,0.0,0.0,0.0,0.0,723,13,0.0,0.0,0.0,0.0,722.5,0.0
1,999400,VOLCANIC_ROCK_VOUCHER_9500,722.0,17.0,0.0,0.0,0.0,0.0,723,17,0.0,0.0,0.0,0.0,722.5,0.0
1,999500,VOLCANIC_ROCK_VOUCHER_9500,725.0,18.0,0.0,0.0,0.0,0.0,726,18,0.0,0.0,0.0,0.0,725.5,0.0
1,999600,VOLCANIC_ROCK_VOUCHER_9500,725.0,19.0,0.0,0.0,0.0,0.0,726,19,0.0,0.0,0.0,0.0,725.5,0.0
1,999700,VOLCANIC_ROCK_VOUCHER_9500,722.0,16.0,0.0,0.0,0.0,0.0,723,16,0.0,0.0,0.0,0.0,722.5,0.0
1,999800,VOLCANIC_ROCK_VOUCHER_9500,723.0,16.0,0.0,0.0,0.0,0.0,724,16,0.0,0.0,0.0,0.0,723.5,0.0
1,999900,VOLCANIC_ROCK_VOUCHER_9500,720.0,15.0,0.0,0.0,0.0,0.0,722,15,0.0,0.0,0.0,0.0,721.0,0.0
